DATAH	filename	date	time	DOY	daytime	file_records	used_records	Tau	qc_Tau	rand_err_Tau	H	qc_H	rand_err_H	LE	qc_LE	rand_err_LE	co2_flux	qc_co2_flux	rand_err_co2_flux	h2o_flux	qc_h2o_flux	rand_err_h2o_flux	ch4_flux	qc_ch4_flux	rand_err_ch4_flux	none_flux	qc_none_flux	rand_err_none_flux	H_strg	LE_strg	co2_strg	h2o_strg	ch4_strg	none_strg	co2_v-adv	h2o_v-adv	ch4_v-adv	none_v-adv	co2_molar_density	co2_mole_fraction	co2_mixing_ratio	co2_time_lag	co2_def_timelag	h2o_molar_density	h2o_mole_fraction	h2o_mixing_ratio	h2o_time_lag	h2o_def_timelag	ch4_molar_density	ch4_mole_fraction	ch4_mixing_ratio	ch4_time_lag	ch4_def_timelag	none_molar_density	none_mole_fraction	none_mixing_ratio	none_time_lag	none_def_timelag	sonic_temperature	air_temperature	air_pressure	air_density	air_heat_capacity	air_molar_volume	ET	water_vapor_density	e	es	specific_humidity	RH	VPD	Tdew	u_unrot	v_unrot	w_unrot	u_rot	v_rot	w_rot	wind_speed	max_wind_speed	wind_dir	yaw	pitch	roll	u*	TKE	L	(z-d)/L	bowen_ratio	T*	model	x_peak	x_offset	x_10%	x_30%	x_50%	x_70%	x_90%	un_Tau	Tau_scf	un_H	H_scf	un_LE	LE_scf	un_co2_flux	co2_scf	un_h2o_flux	h2o_scf	un_ch4_flux	ch4_scf	un_none_flux	un_none_scf	spikes_hf	amplitude_resolution_hf	drop_out_hf	absolute_limits_hf	skewness_kurtosis_hf	skewness_kurtosis_sf	discontinuities_hf	discontinuities_sf	timelag_hf	timelag_sf	attack_angle_hf	non_steady_wind_hf	u_spikes	v_spikes	w_spikes	ts_spikes	co2_spikes	h2o_spikes	ch4_spikes	none_spikes	head_detect_LI-7200	t_out_LI-7200	t_in_LI-7200	aux_in_LI-7200	delta_p_LI-7200	chopper_LI-7200	detector_LI-7200	pll_LI-7200	sync_LI-7200	chopper_LI-7500	detector_LI-7500	pll_LI-7500	sync_LI-7500	not_ready_LI-7700	no_signal_LI-7700	re_unlocked_LI-7700	bad_temp_LI-7700	laser_temp_unregulated_LI-7700	block_temp_unregulated_LI-7700	motor_spinning_LI-7700	pump_on_LI-7700	top_heater_on_LI-7700	bottom_heater_on_LI-7700	calibrating_LI-7700	motor_failure_LI-7700	bad_aux_tc1_LI-7700	bad_aux_tc2_LI-7700	bad_aux_tc3_LI-7700	box_connected_LI-7700	mean_value_RSSI_LI-7200	mean_value_LI-7500	u_var	v_var	w_var	ts_var	co2_var	h2o_var	ch4_var	none_var	w/ts_cov	w/co2_cov	w/h2o_cov	w/ch4_cov	w/none_cov	co2_mean	h2o_mean	air_p_mean	vin_sf_mean	dew_point_mean	avg_signal_strength_7200_mean	co2_signal_strength_7200_mean	h2o_signal_strength_7200_mean	delta_signal_strength_7200_mean	flowrate_mean	hit_power_mean	hit_vin_mean	ch4_mean	rssi_77_mean	ch4_aux-1_mean	ch4_aux-2_mean	ch4_aux-3_mean	ch4_aux-4_mean	CHK
DATAU		[yyyy-mm-dd]	[HH:MM]	[ddd.ddd]	[1=daytime]	[#]	[#]	[kg+1m-1s-2]	[#]	[kg+1m-1s-2]	[W+1m-2]	[#]	[W+1m-2]	[W+1m-2]	[#]	[W+1m-2]	[µmol+1s-1m-2]	[#]	[µmol+1s-1m-2]	[mmol+1s-1m-2]	[#]	[mmol+1s-1m-2]	[µmol+1s-1m-2]	[#]	[µmol+1s-1m-2]	[µmol+1s-1m-2]	[#]	[µmol+1s-1m-2]	[W+1m-2]	[W+1m-2]	[µmol+1s-1m-2]	[mmol+1s-1m-2]	[µmol+1s-1m-2]	[µmol+1s-1m-2]	[µmol+1s-1m-2]	[mmol+1s-1m-2]	[µmol+1s-1m-2]	[µmol+1s-1m-2]	[mmol+1m-3]	[µmol+1mol_a-1]	[µmol+1mol_d-1]	[s]	[1=default]	[mmol+1m-3]	[mmol+1mol_a-1]	[mmol+1mol_d-1]	[s]	[1=default]	[mmol+1m-3]	[µmol+1mol_a-1]	[µmol+1mol_d-1]	[s]	[1=default]	[mmol+1m-3]	[µmol+1mol_a-1]	[µmol+1mol_d-1]	[s]	[1=default]	[K]	[K]	[Pa]	[kg+1m-3]	[J+1kg-1K-1]	[m+3mol-1]	[mm]	[kg+1m-3]	[Pa]	[Pa]	[kg+1kg-1]	[%]	[Pa]	[K]	[m+1s-1]	[m+1s-1]	[m+1s-1]	[m+1s-1]	[m+1s-1]	[m+1s-1]	[m+1s-1]	[m+1s-1]	[deg_from_north]	[deg]	[deg]	[deg]	[m+1s-1]	[m+2s-2]	[m]	[#]	[#]	[K]	[0=KJ/1=KM/2=HS]	[m]	[m]	[m]	[m]	[m]	[m]	[m]	[kg+1m-1s-2]	[#]	[W+1m-2]	[#]	[W+1m-2]	[#]	[µmol+1s-1m-2]	[#]	[mmol+1s-1m-2]	[#]	[µmol+1s-1m-2]	[#]	[µmol+1s-1m-2]	[#]	8u/v/w/ts/co2/h2o/ch4/none	8u/v/w/ts/co2/h2o/ch4/none	8u/v/w/ts/co2/h2o/ch4/none	8u/v/w/ts/co2/h2o/ch4/none	8u/v/w/ts/co2/h2o/ch4/none	8u/v/w/ts/co2/h2o/ch4/none	8u/v/w/ts/co2/h2o/ch4/none	8u/v/w/ts/co2/h2o/ch4/none	8co2/h2o/ch4/none	8co2/h2o/ch4/none	8aa	8U	[#]	[#]	[#]	[#]	[#]	[#]	[#]	[#]	[#_flagged_recs]	[#_flagged_recs]	[#_flagged_recs]	[#_flagged_recs]	[#_flagged_recs]	[#_flagged_recs]	[#_flagged_recs]	[#_flagged_recs]	[#_flagged_recs]	[#_flagged_recs]	[#_flagged_recs]	[#_flagged_recs]	[#_flagged_recs]	[#_flagged_recs]	[#_flagged_recs]	[#_flagged_recs]	[#_flagged_recs]	[#_flagged_recs]	[#_flagged_recs]	[#_flagged_recs]	[#_flagged_recs]	[#_flagged_recs]	[#_flagged_recs]	[#_flagged_recs]	[#_flagged_recs]	[#_flagged_recs]	[#_flagged_recs]	[#_flagged_recs]	[#_flagged_recs]	[#]	[#]	[m+2s-2]	[m+2s-2]	[m+2s-2]	[K+2]	--	--	--	--	[m+1s-1K+1]	--	--	--	--	--	--	--	--	--	--	--	--	--	--	--	--	--	--	--	--	--	--	207
DATA	2025-02-22T233000_AIU-0547.ghg	2025-02-23	00:00:00	54	0	18000	18000	0.18939890681147883	0	NaN	-44.30569261776003	0	NaN	39.78930050161786	0	NaN	1.6123943549529598	1	NaN	0.8853672004168273	0	NaN	0.000775675101150204	1	NaN	NaN	NaN	NaN	NaN	NaN	NaN	NaN	NaN	NaN	1.416136618165005e-10	1.1757798491496238e-12	7.762815717367881e-13	NaN	17.271370714509242	417.1802349403153	418.6302589744162	0.1	0	143.3995095729298	3.4637344124461804	3.4757735689668814	0.5	0	0.09467622425921735	2.105706189614336	2.1130251475322077	-0.2	0	NaN	NaN	NaN	NaN	9	275.54346644337977	275.75867226833765	95826.63901671008	1.2090533635532557	1007.0542992677599	0.023925054919636382	0.0573717945870104	0.002608833935444271	332.00706068838946	735.0962853227107	0.002157749206186596	45.165112015582665	403.0892246343213	265.0350542661287	0.7097067241309463	-1.57107727730565	0.18719883858399158	1.7340734848068298	3.4794757325716393e-14	8.199329639629265e-15	1.7340734848068298	6.986097479791892	37.68975766327958	294.3102423367204	6.197341810506847	NaN	0.39579107724137425	1.410095432551136	118.25188460059084	0.024523922048220025	-1.1135077033072882	-0.09193802572687788	0	73.36729118077632	-11.133769489503727	25.184616900214518	62.713257019905264	95.64167392410893	134.13880757583726	200.96437703966518	0.18802791697300136	1.0072914164053326	-41.73065615210687	1.0133343496101848	35.914306025751415	1.1078955687766312	1.4553667334669549	1.1078955687766312	0.7991431912616765	1.1078955687766312	0.011628674658231591	1.1859155326999473	NaN	NaN	800000009	800000009	800000009	800000009	800011119	800111119	899999999	899999999	89999	89999	89	89	20	16	13	26	37	14	0	NaN	0	0	0	0	0	0	0	0	0	NaN	NaN	NaN	NaN	0	0	0	0	0	0	0	0	16401	0	0	18000	18000	18000	18000	18000	80	NaN	1.1442085100611514	1.4956544884820826	0.18032786655903793	0.37885163670937044	0.7750707432568033	0.030398890019285984	6.258688380577834e-8	NaN	-0.03427337367054895	0.034940787096912056	0.019186017835727258	0.000011628674658231592	NaN	417.1801170072046	3.463697191999168	96223.101375	11.449999809265137	-8.132173006468376	80.92920680745442	82.29093201001486	79.56747807396783	2.7234325005975033	0.00026849356782622643	-1	0	2.102548100517856	79.76654063860575	1.00001675243179	-273.1499938964844	9.000104815853966	-273.1499938964844	050
DATA	2025-02-23T000000_AIU-0547.ghg	2025-02-23	00:30:00	54.02	0	18000	18000	0.06660848354289331	1	NaN	-9.205376943572666	1	NaN	21.39183659046795	0	NaN	0.13249809839861482	2	NaN	0.4759630505454015	0	NaN	-0.005388469866804817	1	NaN	NaN	NaN	NaN	NaN	NaN	NaN	NaN	NaN	NaN	6.737010482624747e-11	5.526008415809724e-13	3.6894335128339774e-13	NaN	17.286787481342024	417.40863515755206	418.8426599414079	0.1	0	141.79424738996818	3.423779192063285	3.435541728346262	0.4	0	0.09466877515983022	2.1047806895491266	2.1120117514370897	0.1	0	NaN	NaN	NaN	NaN	9	275.4711597713894	275.68123552619085	95804.96883376737	1.2091377775397107	1007.0315001194797	0.02392374654535568	0.030842405675342015	0.002578881279364516	328.10304535651966	731.0584424547503	0.0021328266532304424	44.880549392852124	402.95539709823066	264.88308095097364	0.7270641108319643	-1.7583284090489417	0.17106979458859892	1.9103941713554804	-1.619471189798456e-14	3.897202120345458e-15	1.9103941713554804	6.56951804756983	39.53503598235136	292.46496401764864	5.1375386778954715	NaN	0.2347074516284782	1.078942186833626	118.66844945877078	0.02443783510466742	-0.4303219550430989	-0.032210380336658566	0	48.62596057221432	-7.379177116990056	16.69171873060825	41.56473973791857	63.38885067781903	88.90376438070761	133.1940394292607	0.06613488689794468	1.0071610713673624	-7.998559932451937	1.0133778259248993	19.286173377130016	1.1091799379878478	0.11945590959657844	1.1091799379878478	0.42911256708162365	1.1091799379878478	-0.0034248109496158663	1.1858850989795324	NaN	NaN	800000009	800000009	800000009	800000009	800000009	800110109	899999999	899999999	89999	89999	89	89	9	8	6	31	28	22	0	NaN	0	0	0	0	0	0	0	0	0	NaN	NaN	NaN	NaN	0	0	0	0	0	0	0	0	18000	17997	0	18000	18000	18000	18000	18000	80	NaN	0.9368020559081366	1.0437571702050588	0.17732514755405673	0.06869613482626333	0.10319170385738606	0.006749525070593132	1.0140319766960014e-8	NaN	-0.00656890464290171	0.0028676537514093496	0.010301258991072641	-0.0000034248109496158662	NaN	417.4085287258051	3.4237573905490897	96201.22011132812	11.435976823647815	-8.274160589549279	80.9407336945004	82.30272038714091	79.57874511612786	2.7239732210040093	0.0002689776783259327	-1	0	2.1016645175549717	79.52723563512167	1.0000324957503213	-273.1499938964844	9.000189413494533	-273.1499938964844	016
DATA	2025-02-23T003000_AIU-0547.ghg	2025-02-23	01:00:00	54.041	0	18000	18000	0.04086561739911295	1	NaN	-20.13199518282695	1	NaN	17.74173260589962	1	NaN	0.536469755192977	1	NaN	0.3946305379384081	1	NaN	-0.005091710305628343	2	NaN	NaN	NaN	NaN	NaN	NaN	NaN	NaN	NaN	NaN	2.4320149820931598e-11	1.9993714766791991e-13	1.3326965937334766e-13	NaN	17.306748704755947	417.57535787899087	419.01379349515327	0.1	1	142.2796321943803	3.4329075521927934	3.4447330021310965	0.7	0	0.09483759441143938	2.1055068244611594	2.1127597333055927	0	1	NaN	NaN	NaN	NaN	9	275.12482359822593	275.3649449564616	95786.37503710938	1.21028749967814	1007.0316533978636	0.02390093738781818	0.025572058858408842	0.0025882246435221697	328.9139742940299	714.7689161101604	0.002138520512035755	46.016826820619265	385.85494181613046	264.91478021363395	0.9440732912973349	-1.6623397943325449	0.13980046338514257	1.9168182336166848	-1.0061922151850246e-13	1.4052408245951098e-15	1.9168182336166848	5.324336983848212	32.40696167316719	299.5930383268328	4.182501343392564	NaN	0.18375313548958028	0.9180843385802404	26.034668119518408	0.11138993540024601	-1.134725431276791	-0.08989186480206728	1	21.622063467152177	9	20	42	78	172	756	0.04050376627401866	1.0089337648910541	-18.924594525293916	1.017756187768203	15.481492444242134	1.1459962706953435	0.4681252190004678	1.1459962706953435	0.3443558657472441	1.1459962706953435	0.00034998129483328216	1.2472575256291434	NaN	NaN	800000009	800000009	800000009	800000009	800011109	800111119	899999999	899999999	89999	89999	89	89	17	10	3	31	36	7	0	NaN	0	0	0	0	0	0	0	0	0	NaN	NaN	NaN	NaN	0	0	0	0	0	0	0	0	17901	18000	0	18000	18000	18000	18000	18000	80	NaN	0.5547937685897459	1.142138344468055	0.1392365641026799	0.09630051138036604	0.15942104901881904	0.007253035240804219	1.1630059238409301e-8	NaN	-0.015527263164930812	0.011227183771399921	0.008258787244487175	3.4998129483328216e-7	NaN	417.57503516176376	3.432896710632045	96182.71159939237	11.43034639120102	-8.242691579858462	80.94327614635891	82.3056929389106	79.58085754776	2.724834384275807	0.0002683790874272948	-1	0	2.102377183311515	79.58564137903849	1.0000351312292948	-273.1499938964844	9.000190116405488	-273.1499938964844	189
DATA	2025-02-23T010000_AIU-0547.ghg	2025-02-23	01:30:00	54.062	0	18000	18000	0.06260251781863906	0	NaN	-71.24361470770079	0	NaN	49.531380828511786	0	NaN	3.0023457049189086	1	NaN	1.1014601968410582	0	NaN	0.0014201778597900986	1	NaN	NaN	NaN	NaN	NaN	NaN	NaN	NaN	NaN	NaN	1.2006346984500685e-10	1.0008000712272557e-12	6.589556927885952e-13	NaN	17.31495027236379	417.500953987861	418.95898047446724	0.1	0	144.330357004077	3.480117516409386	3.492271029992913	0.8	0	0.09503127859835098	2.1073719459890503	2.1147314599854474	-0.1	0	NaN	NaN	NaN	NaN	9	274.8410373662312	275.107281141493	95772.9599468316	1.2112297347347625	1007.0533468146108	0.023881917575484104	0.07137462075530057	0.002625908012703598	333.3905600160258	701.7370843417749	0.0021679685838282567	47.509326135833916	368.3465243257491	265.0885290126544	0.6347532518657009	-1.4169843710115664	0.1272483303774672	1.5578666618260961	-1.0056968272568148e-14	6.934092674619971e-15	1.5578666618260961	4.394623378816685	37.8694977517892	294.1305022482108	4.685204469673417	NaN	0.22734355054353972	0.6940913547575845	13.931398596529071	0.20816287610366116	-1.4383530908286484	-0.25691195086174234	0	53.49854046351218	-8.118609914028038	18.364317730831104	45.729747742917006	69.74075068165598	97.81239445165065	146.54079064047684	0.06192663605589723	1.0109142334508814	-67.41972445444316	1.021744780311475	42.11489098970749	1.1761013661561377	2.5527950152217755	1.1761013661561377	0.936535088332539	1.1761013661561377	0.01798470432930641	1.3049159054171053	NaN	NaN	800000009	800000009	800000009	800000009	800011119	800011119	899999999	899999999	89999	89999	89	89	17	0	1	30	21	20	0	NaN	0	0	0	0	0	0	0	0	0	NaN	NaN	NaN	NaN	0	0	0	0	0	0	0	0	16602	604	0	18000	18000	18000	18000	18000	80	NaN	0.6224721807125746	0.634672455215189	0.13103807358740552	0.3922186723436994	0.6556247537245893	0.03705118269167477	5.462631308559068e-8	NaN	-0.05527235540458503	0.06117860598948187	0.02244438383136038	0.000017984704329306408	NaN	417.50010631897624	3.480066953015727	96168.59455512153	11.4399995803833	-8.081960917989438	80.93575946744284	82.29840376069811	79.57311700354683	2.725279111425082	0.00026802200643901927	-1	0	2.1041923351486522	79.48876614846122	1.0000300566438172	-273.1499938964844	9.000175372070736	-273.1499938964844	246
DATA	2025-02-23T013000_AIU-0547.ghg	2025-02-23	02:00:00	54.083	0	18000	18000	0.08118069437215131	0	NaN	2.7748800602243393	2	NaN	18.497165874321077	1	NaN	1.4377816882096548	1	NaN	0.4107738625565596	1	NaN	-0.007268042173237735	1	NaN	NaN	NaN	NaN	NaN	NaN	NaN	NaN	NaN	NaN	-3.7405188631703543e-11	-3.37931008704127e-13	-2.0511348195697748e-13	NaN	17.448713128836204	419.2675730631372	420.86171464537983	0.3	0	157.63752152873505	3.787803753035226	3.802205762291446	0.1	1	0.09568101208532855	2.108186779542568	2.116202539463732	0	1	NaN	NaN	NaN	NaN	9	273.2611255476211	273.6739979163276	95755.12440494791	1.2172046126920533	1007.1993826794858	0.023761920135511577	0.026618146293665063	0.002872504596006104	362.79891046336036	633.0123799342138	0.0023599192494457243	57.313082960725744	270.2134694708534	266.1809349528919	1.4951314310087243	-0.5402801746540095	0.2329680430464305	1.6067341946306894	-2.4738066366300116e-14	-2.1437219097772167e-15	1.6067341946306894	4.724223456902725	351.86781100580447	340.13218899419553	8.336975900520383	NaN	0.2582525307615157	1.02621066607075	-524.2481612443474	-0.005531731371487511	0.1500164986938135	0.008764367700431324	0	70.0371197985824	-10.62840313437238	24.0414768288991	59.86667660987941	91.30045919038785	128.05019218549944	191.84252169395117	0.08039850092089634	1.0097289556682725	3.696808716004893	1.0134764667164653	16.9904301929961	1.0886814320891116	1.3206633693114813	1.0886814320891116	0.37731318864170416	1.0886814320891116	-0.00886971288241332	1.1484606754433735	NaN	NaN	800000009	800000009	800000009	800000009	800000009	800110019	899999999	899999999	89999	89999	89	89	1	1	4	0	0	0	0	NaN	0	0	0	0	0	0	0	0	0	NaN	NaN	NaN	NaN	0	0	0	0	0	0	0	0	7452	0	0	18000	18000	18000	18000	18000	80	NaN	0.5268008967349865	1.439391001432675	0.0862294339738387	1.6174527675767645	3.4686398929471554	0.08488817587324587	1.6295111579312246e-7	NaN	0.003015420889130053	0.03150084854588829	0.008999784415891705	-0.000008869712882413319	NaN	419.2669578049497	3.7877194689898936	96139.60611935765	11.443679109043547	-7.008440583785365	80.86480987803142	82.2232215385437	79.50639848666721	2.7168254478507565	0.0002673331685348077	-1	0	2.1047094842526652	79.26369635009763	1.0000145611729887	-273.1499938964844	9.000098499165642	-273.1499938964844	202
DATA	2025-02-23T020000_AIU-0547.ghg	2025-02-23	02:30:00	54.104	0	18000	18000	0.04579472485037788	0	NaN	-24.390456306888876	1	NaN	15.519812651606914	0	NaN	2.6358286261751287	0	NaN	0.34445103699990687	0	NaN	-0.0069532926859244655	2	NaN	NaN	NaN	NaN	NaN	NaN	NaN	NaN	NaN	NaN	-3.0166203436710916e-10	-2.7234617569770164e-12	-1.6590943220567177e-12	NaN	17.49951222913085	418.75458872792206	420.34373834333263	0.1	0	157.98889781334006	3.780595428098331	3.794942570630753	0.1	1	0.09624459849256606	2.1145732112986586	2.122597895196931	0	1	NaN	NaN	NaN	NaN	9	272.7620578079225	273.05086566840293	95726.24572374133	1.2196178040345507	1007.1868950172263	0.02371496844991255	0.022320427197593962	0.0028727143755424124	361.99928336815367	605.0426505626853	0.0023554218100451992	59.83037444244584	243.04336719453158	266.15229106704345	1.6576190516343174	-0.26692767448388416	0.21375342218849766	1.6925252817147787	1.1603165010496985e-13	-1.723831101217453e-14	1.6925252817147787	4.8810133965469396	341.1478523229341	350.8521476770659	7.255408051681588	NaN	0.1937741538747473	0.8468555784751214	25.189367590815525	0.11512793997485628	-1.5715689908385266	-0.10246847061846982	1	16.61506266651939	7	15	32	60	131	569	0.045384295848679555	1.0090434145561447	-23.234119306063928	1.0177026159462519	13.562629140525525	1.144307087571485	2.3034276854555165	1.144307087571485	0.30101276199461535	1.144307087571485	0.00012824125644657426	1.2482152972231713	NaN	NaN	800000009	800000009	800000009	800000009	800000009	800101009	899999999	899999999	89999	89999	89	89	3	1	7	3	0	0	0	NaN	0	0	0	0	0	0	0	0	0	NaN	NaN	NaN	NaN	0	0	0	0	0	0	0	0	10309	0	0	18000	18000	18000	18000	18000	80	NaN	0.4715607255410027	1.1700963776422446	0.05205405376699546	1.5899215876904318	5.253603559169673	0.08186746672340864	6.765623129441306e-8	NaN	-0.018914392333719634	0.05483307215560909	0.007165605676457726	1.2824125644657426e-7	NaN	418.7540790229988	3.780512592237358	96118.86267057291	11.449999809265137	-7.03485923425363	80.78120825110541	82.1353097775777	79.4271076505449	2.7082017487552426	0.0002662133095614587	-1	0	2.1111010477476637	78.91653882874384	1.0000131553047233	-273.1499938964844	9.00014684275786	-273.1499938964844	074
DATA	2025-02-23T023000_AIU-0547.ghg	2025-02-23	03:00:00	54.124	0	18000	18000	0.08049782838870592	0	NaN	-43.99182541271896	0	NaN	33.5463597662444	0	NaN	2.616951340796145	0	NaN	0.7458008051681979	0	NaN	-0.0012927223690414032	1	NaN	NaN	NaN	NaN	NaN	NaN	NaN	NaN	NaN	NaN	2.0116435682772657e-10	1.6742961953539948e-12	1.120399405664855e-12	NaN	17.30239228353669	416.44345495684246	417.89189742175535	0.2	0	144.00826283384086	3.4660697511708087	3.4781251756328553	0.1	1	0.09636692273301746	2.1344242998050884	2.1418480946977234	0.8	0	NaN	NaN	NaN	NaN	9	274.5593294567532	274.8383084106446	95699.35605664062	1.211489787203994	1007.0417574624071	0.02387691819758636	0.048327892174899224	0.0026158559270252845	331.78961842065473	688.3580841782481	0.0021592059253445605	48.20014844697297	356.56846575759334	265.02663171072703	1.7028299611164266	-0.8247655386429293	0.16043766512322477	1.8988439416126437	-4.544820594796519e-14	1.1626389780743524e-14	1.8988439416126437	6.8394155481934575	357.8432231813198	334.1567768186802	4.846829965539224	NaN	0.2577699002730309	1.317294190653977	32.868227803389	0.08823110322063013	-1.3113740423479623	-0.13988544960268365	0	51.03970994261615	-7.7454728962532045	17.52028078064932	43.627976395718306	66.53541676337439	93.31686805567969	139.80567290714748	0.07982219378810204	1.0084642449491859	-41.65033964875765	1.0166422889323365	29.512395963830286	1.1366870994601064	2.302261846764269	1.1366870994601064	0.6561179461985904	1.1366870994601064	0.009845255814994805	1.2320144970693239	NaN	NaN	800000009	800000009	800000009	800000009	800000009	800111119	899999999	899999999	89999	89999	89	89	17	20	1	24	30	6	0	NaN	0	0	0	0	0	0	0	0	0	NaN	NaN	NaN	NaN	0	0	0	0	0	0	0	0	16362	0	0	18000	18000	18000	18000	18000	80	NaN	0.6249508371202587	1.8201498675696608	0.18948767661803465	0.3823546003282682	0.7720408861815419	0.024179002143162903	4.62577107664708e-8	NaN	-0.034139040495632295	0.05516216498234824	0.015720577764407506	0.000009845255814994804	NaN	416.4432791446974	3.4660454970266046	96102.86700564236	11.457011636416116	-8.13746561201414	80.9409592528873	82.29284297646417	79.58907446564568	2.703760699060228	0.00026797855848336544	-1	0	2.131220227069324	79.35346847555373	1.0000186292181412	-273.1499938964844	9.000148708952798	-273.1499938964844	178
DATA	2025-02-23T030000_AIU-0547.ghg	2025-02-23	03:30:00	54.145	0	18000	18000	0.043730269958866905	0	NaN	-45.39309711359468	1	NaN	29.35828428543461	1	NaN	3.6902147159014853	1	NaN	0.6521578232481235	1	NaN	-0.014077321941096455	2	NaN	NaN	NaN	NaN	NaN	NaN	NaN	NaN	NaN	NaN	-7.361608165910544e-11	-6.627159564421833e-13	-4.1130302425713113e-13	NaN	17.3433271012739	417.0249507146811	418.5964431805089	0.2	0	156.13028225319482	3.754194502675634	3.7683415899568535	0.1	1	0.09689951878269122	2.1380402989622485	2.146097165141832	-0.2	0	NaN	NaN	NaN	NaN	9	273.63083792622876	273.9760380655924	95675.98668836805	1.21487332674623	1007.1853852913305	0.02380782116098382	0.0422598269464784	0.0028415278172618237	359.28261117635975	646.9772981131192	0.002338949876257658	55.532491205517054	287.69468693675947	266.0545536183858	1.6459654161556114	-0.18082499986481818	0.19846693392813386	1.6677196873633175	-2.6309270823992257e-14	-4.244634332803318e-15	1.6677196873633175	5.912201607093302	338.26934669267797	353.730653307322	6.834680150710338	NaN	0.18972544524555643	0.8120632313405193	12.699230694653572	0.22836028966864202	-1.5461767681061438	-0.19553469221913045	1	16.81914621239744	7	16	34	65	147	694	0.04323965203777689	1.0113464817122344	-43.03843011884194	1.0228235825405783	24.760425429937367	1.1856938552411969	3.112282904722326	1.1856938552411969	0.5500220991829801	1.1856938552411969	-0.0006091651162768321	1.3189000741646733	NaN	NaN	800000009	800000009	800000009	800000009	800000009	800100009	899999999	899999999	89999	89999	89	89	2	1	5	0	0	3	0	NaN	0	0	0	0	0	0	0	0	0	NaN	NaN	NaN	NaN	0	0	0	0	0	0	0	0	9748	0	0	18000	18000	18000	18000	18000	80	NaN	0.46009865325946936	1.0896025929732527	0.07442521644831653	1.0625428425640688	4.40442669551011	0.08340609327709052	5.382121172912072e-8	NaN	-0.035173534299222965	0.07437597155988676	0.01314418684242085	-6.091651162768321e-7	NaN	417.0244741142025	3.7541116232129785	96068.7037578125	11.460000038146973	-7.133272275792261	80.8772212439643	82.22920545747544	79.52523716100058	2.703966529236899	0.0002669962542018362	-1	0	2.134579593605465	79.14671959114074	1.0000236067854695	-273.1499938964844	9.000166162927945	-273.1499938964844	009
DATA	2025-02-23T033000_AIU-0547.ghg	2025-02-23	04:00:00	54.166	0	18000	18000	0.07695828554674518	0	NaN	12.975989170315836	2	NaN	-0.8797075210375503	2	NaN	-1.620773116411813	1	NaN	-0.01954637339255633	2	NaN	0.005515889541618796	2	NaN	NaN	NaN	NaN	NaN	NaN	NaN	NaN	NaN	NaN	-1.2371912936937308e-10	-1.0889877450021169e-12	-6.966775900498595e-13	NaN	17.29600532793503	415.97685865418526	417.50554206611196	0.1	1	152.2411120707033	3.6614685504812887	3.6749241697542474	0.1	1	0.09739592713572914	2.151454375055595	2.1593608067386105	0	1	NaN	NaN	NaN	NaN	9	274.0450280999078	274.2329144982232	95661.17330381945	1.2135900333858118	1007.1387798008566	0.02383383323030176	-0.0012666049958376501	0.002768319463034332	350.35433119254316	659.0680914899347	0.002281099372010298	53.159049226690385	308.7137602973915	265.72864625990553	0.6541800907604497	-0.07280544083282683	0.11962332839962346	0.669000720522407	2.1986086034926e-14	-7.153046441859757e-15	0.669000720522407	4.057639572664875	338.35046653540155	353.6495334645984	10.30039324671081	NaN	0.2518208534400943	0.6113288810904687	-103.86571711277755	-0.02792066603508043	-14.750344699806147	0.04215872450878993	0	71.6525818471354	-10.87355573273277	24.596012673890243	61.247549271610616	93.4063771273576	131.00377203544895	196.2675225218915	0.07564148699990426	1.0174084169821065	12.718078845943115	1.0178140403580616	-0.8090435610602112	1.0873425899153533	-1.4905818381840317	1.0873425899153533	-0.017976278657564553	1.0873425899153533	0.0010883939017876608	1.1515049833216147	NaN	NaN	800000009	800000009	800000009	800000009	800000009	800111009	899999999	899999999	89999	89999	89	89	10	12	4	5	10	9	0	NaN	0	0	0	0	0	0	0	0	0	NaN	NaN	NaN	NaN	0	0	0	0	0	0	0	0	11962	0	0	18000	18000	18000	18000	18000	80	NaN	0.5169902705911162	0.628222946865623	0.07744454472419797	0.7672735627550079	2.060580790555733	0.05969057216059919	4.221543885857078e-8	NaN	0.010405433862362683	-0.0356568704776591	-0.0004300185493632386	0.0000010883939017876608	NaN	415.9765768813601	3.661409129446844	96058.50778450521	11.460000038146973	-7.449849518881938	80.92300493388706	82.2753221092224	79.57069653405082	2.704615088429716	0.0002672645239072153	-1	0	2.1480430340303323	79.16780602264404	1.0000274539838234	-273.1499938964844	9.000197756767273	-273.1499938964844	026
DATA	2025-02-23T040000_AIU-0547.ghg	2025-02-23	04:30:00	54.187	0	18000	18000	0.051844000413813394	0	NaN	-34.01626481717011	1	NaN	16.28308927519306	1	NaN	1.9351917330879294	1	NaN	0.36150602497137196	1	NaN	-0.0014918492176698276	1	NaN	NaN	NaN	NaN	NaN	NaN	NaN	NaN	NaN	NaN	1.289544159414701e-10	1.1868711031457034e-12	7.280407933643577e-13	NaN	17.36561717961106	417.12324301442015	418.7308009571866	0.2	0	159.82972795693772	3.839120358692807	3.853916006092488	0.1	1	0.09804144833973047	2.1574663086646697	2.1657810026042377	0.4	0	NaN	NaN	NaN	NaN	9	273.1166426790027	273.385352771335	95673.3628344184	1.2174256804853747	1007.2232016893528	0.023757143635419455	0.023425590418144904	0.0029120062205558682	367.40007979615297	619.9170291329275	0.00239193756730586	59.266008599575365	252.51694933677453	266.3446735424343	0.45261416945783983	-0.017339693735814458	0.06759868576380709	0.45796269901584374	-1.9966822962195165e-13	7.425846983018562e-15	0.45796269901584374	2.8741480689117545	334.193934098068	357.8060659019319	8.488297558616658	NaN	0.2063611899147419	0.5929005400864101	21.80628920171572	0.13298915616380194	-2.0890547390778704	-0.1344282114813547	0	67.37816125088443	-10.224895916431484	23.12874240324989	57.59383883539785	87.8342381768569	123.18876792897409	184.55922229019143	0.05117266625496943	1.0131189990277039	-32.58540464730512	1.0200419613980063	14.293345487936259	1.1392077025589402	1.6987172126215557	1.1392077025589402	0.31733109261756276	1.1392077025589402	0.007727153594254842	1.2557337277676273	NaN	NaN	800000009	800000009	800000009	800000009	800000019	800100119	899999999	899999999	89999	89999	89	89	1	0	3	10	4	5	0	NaN	0	0	0	0	0	0	0	0	0	NaN	NaN	NaN	NaN	0	0	0	0	0	0	0	0	9205	0	0	18000	18000	18000	18000	18000	80	NaN	0.3371711922549072	0.78797787519875	0.0606520127191629	1.2474071940685891	2.465716460550311	0.095722930976806	9.185422184406687e-8	NaN	-0.026573878106485753	0.04051224190854133	0.007567942382466739	0.000007727153594254842	NaN	417.12287119290943	3.839023739915822	96064.13063802084	11.456320509486726	-6.847883998341132	80.86062666087679	82.2150324812995	79.50622109900581	2.7088144572575885	0.00026730545332571216	-1	0	2.153861273686091	79.02255432934236	1.00001989103357	-273.1499938964844	9.00012154478497	-273.1499938964844	235
DATA	2025-02-23T043000_AIU-0547.ghg	2025-02-23	05:00:00	54.208	0	18000	18000	0.05349169538519244	1	NaN	37.986651663664475	1	NaN	-11.276218203547046	1	NaN	-1.623073924772299	1	NaN	-0.25004054485383115	1	NaN	-0.0008874491453642348	1	NaN	NaN	NaN	NaN	NaN	NaN	NaN	NaN	NaN	NaN	-1.0952999759173161e-10	-1.0696262018284583e-12	-6.19035237360645e-13	NaN	17.45804196645003	417.4820500534623	419.19107653163627	0.1	1	170.48826376807514	4.076962926583256	4.093652596453308	0.1	1	0.09866834100404767	2.15866268269804	2.1674994977939335	0.3	0	NaN	NaN	NaN	NaN	9	271.8926533194647	272.0931701354981	95661.41025694445	1.2229443171861591	1007.3350872646508	0.023647807516430693	-0.01620262730652826	0.0031067097084901247	390.112638645862	564.1889511234735	0.0025403525449451962	69.14574237390289	174.07631247761157	267.12716074897685	0.5428938349190592	-0.04971893149226946	0.10778831775666436	0.5557193622564065	1.074547607400868e-14	-6.273899318275254e-15	0.5557193622564065	2.9845554477393996	337.23262650789667	354.76737349210333	11.184080168774985	NaN	0.20914131759380933	0.3278318740213975	-20.325592175649884	-0.14267726986445237	-3.36874038600241	0.14743837302343682	0	90.97528878096236	-13.805851057421467	31.228872682371225	77.76430853529334	118.59547714936338	166.33184297177985	249.19541040190666	0.05244000372283046	1.0200551408791017	36.729234457305665	1.0195120820416683	-10.35563552564848	1.0888967823962612	-1.4905672888485448	1.0888967823962612	-0.22962740720344846	1.0888967823962612	-0.012254003275706664	1.1537709957568567	NaN	NaN	800000009	800000009	800000009	800000009	800000009	800111019	899999999	899999999	89999	89999	89	89	4	0	8	2	8	0	0	NaN	0	0	0	0	0	0	0	0	0	NaN	NaN	NaN	NaN	0	0	0	0	0	0	0	0	12705	0	0	18000	18000	18000	18000	18000	80	NaN	0.2635636376275276	0.3626926087529842	0.02940750166228326	0.6484160257194427	1.1978813979656482	0.04929604933394015	7.118170978737342e-8	NaN	0.029814754095330027	-0.03539298292205486	-0.0054524200030349555	-0.000012254003275706663	NaN	417.4819549674146	4.076913771837836	96050.54792773437	11.449999809265137	-6.045562256150764	80.62819542058308	81.98117346572879	79.27521662055123	2.705956856383218	0.00026572244057832797	-1	0	2.154828886548678	78.75102507654829	1.0000250690662198	-273.1499938964844	9.000194344758988	-273.1499938964844	147
DATA	2025-02-23T050000_AIU-0547.ghg	2025-02-23	05:30:00	54.229	0	18000	18000	0.05760798018442364	0	NaN	-20.21127169464014	2	NaN	18.242237311591015	1	NaN	1.299000252527204	1	NaN	0.4045400244603975	1	NaN	-0.010169183403626316	1	NaN	NaN	NaN	NaN	NaN	NaN	NaN	NaN	NaN	NaN	2.74365188414248e-10	2.6101624925570823e-12	1.5536956759866706e-12	NaN	17.447303124568432	416.8390551826278	418.49864590221637	0.1	1	165.98423610237268	3.9655820534633293	3.981370504885692	0.1	1	0.09880189093574879	2.162354721940079	2.1709638572511114	0	1	NaN	NaN	NaN	NaN	9	271.9016923353408	272.1817439277665	95664.62280078125	1.2226389713850252	1007.2757284192725	0.023654711143615885	0.026214193585033758	0.003020953813129819	379.467672219913	567.8618707517791	0.002470846982496913	66.8239393705981	188.39419853186604	266.7656102576628	0.9556654724203612	-0.15127422880619923	0.16307317150805578	0.9812100930704397	3.720036440653574e-14	1.5725363768564352e-14	0.9812100930704397	3.1476226572498955	340.994834844519	351.005165155481	9.566718332122724	NaN	0.21706620170873223	0.5649975523198025	42.71110650655274	0.06789803021270549	-1.1079382067789465	-0.07560575060607243	0	66.54947794563125	-10.09914002777866	22.844282240709866	56.88549280988635	86.75396579400321	121.67367055198667	182.2893303325746	0.05708686970648464	1.009128377166559	-19.01714185739223	1.015412786183966	16.32667118560409	1.1173274150137817	1.1625958828828893	1.1173274150137817	0.36206041221624163	1.1173274150137817	-0.004033554516960698	1.2115273280150725	NaN	NaN	800000009	800000009	800000009	800000009	800000009	800111009	899999999	899999999	89999	89999	89	89	4	1	1	0	0	0	0	NaN	0	0	0	0	0	0	0	0	0	NaN	NaN	NaN	NaN	0	0	0	0	0	0	0	0	9051	0	0	18000	18000	18000	18000	18000	80	NaN	0.46806823339163667	0.5927103386974781	0.06921653255049022	1.1810620520677992	2.69190476563126	0.06812320793463006	6.380654908074084e-8	NaN	-0.015441825562523086	0.027610390424984043	0.008598541837196645	-0.000004033554516960698	NaN	416.83854609754013	3.9655142283199867	96056.71373177084	11.442987982114158	-6.414655101988055	80.5451773838467	81.8987877362569	79.19156753455269	2.7072198503149876	0.0002651788712133161	-1	0	2.158619756378107	78.76891446240744	1.0000033607913388	-273.1499938964844	9.000073394934336	-273.1499938964844	138
DATA	2025-02-23T053000_AIU-0547.ghg	2025-02-23	06:00:00	54.249	0	18000	18000	0.0469689209954369	1	NaN	-33.423736255276985	0	NaN	12.077774628348234	0	NaN	2.0119942223060288	0	NaN	0.267870762551701	0	NaN	0.00011733829681391413	0	NaN	NaN	NaN	NaN	NaN	NaN	NaN	NaN	NaN	NaN	4.617260723516731e-11	4.118054469169802e-13	2.6087949191831375e-13	NaN	17.443330822563883	416.4836431143714	418.0364584000274	0.2	0	155.57403134115276	3.714545117904783	3.7283944071474764	0.1	1	0.09855642890548236	2.1580658970420474	2.166112017862835	0.7	0	NaN	NaN	NaN	NaN	9	272.0274031202529	272.31544759453675	95670.8076890191	1.2222338601873521	1007.1412424855052	0.02366480106094933	0.017358025413350225	0.0028285090586277024	355.4688568151742	573.4463748164134	0.0023142126484649423	61.9881600836654	217.97751800123916	265.91623197773094	1.4283191334981145	-0.6586986850664327	0.18096776194797876	1.583265244894089	4.8236119019147613e-14	2.647006337541943e-15	1.583265244894089	5.667610434293876	356.7577590048754	335.2422409951246	6.56327161174322	NaN	0.1960325260272172	0.8491671229805935	19.02350770788185	0.1524429692216261	-2.7673753885775265	-0.13851033120118372	1	14.65286497320075	6	14	28	54	120	536	0.046510622256369726	1.009853635940216	-32.242857457290555	1.0194038722151881	10.435174650431344	1.1574099172215573	1.7383592384761661	1.1574099172215573	0.23143983697214499	1.1574099172215573	0.009079963565542998	1.2724580171163167	NaN	NaN	800000009	800000009	800000009	800000009	800000009	800100009	899999999	899999999	89999	89999	89	89	1	0	6	5	2	0	0	NaN	0	0	0	0	0	0	0	0	0	NaN	NaN	NaN	NaN	0	0	0	0	0	0	0	0	14470	0	0	18000	18000	18000	18000	18000	80	NaN	0.5604625701457061	1.0751181608283042	0.06275351498717678	1.1415154452587035	2.713393717192468	0.04316794037226246	3.6035815251451497e-7	NaN	-0.026193216435576944	0.04129134525811851	0.005497403530513423	0.000009079963565542997	NaN	416.4833140554979	3.714502032077741	96067.61564279514	11.4399995803833	-7.255762287166403	80.69193593936498	82.04691466606991	79.33695662392512	2.7099580290052625	0.00026562636349343753	-1	0	2.1545552181866428	78.66656345600559	1.0000055248075062	-273.1499938964844	9.000084792666964	-273.1499938964844	099
DATA	2025-02-23T060000_AIU-0547.ghg	2025-02-23	06:30:00	54.27	0	18000	18000	0.053415583824628333	1	NaN	-46.139787891996264	1	NaN	27.826091019996984	1	NaN	2.6916753270869482	1	NaN	0.6173751751832949	1	NaN	0.006896974236803268	1	NaN	NaN	NaN	NaN	NaN	NaN	NaN	NaN	NaN	NaN	-1.8381281153511936e-10	-1.6131533175996575e-12	-1.0338180043444632e-12	NaN	17.421476412070867	416.8295275465365	418.3599398049634	0.3	0	152.8920222530127	3.658123335471218	3.671554334058087	0.1	1	0.09798357267181086	2.149255525575101	2.1571466340150245	0	1	NaN	NaN	NaN	NaN	9	272.458623135037	272.7008474646675	95683.56248632813	1.2206953107746161	1007.1157636944998	0.02369513411611532	0.040005911351877504	0.002781979764774236	350.1161625216309	589.8171587429334	0.002279012412203727	59.36011818778333	239.70099622130255	265.7198517326983	0.638666846289846	-0.2835617267845103	0.09300146238996569	0.7049481296190908	3.832979525305084e-14	-1.055093191801818e-14	0.7049481296190908	3.6287662863083763	355.9407449710151	336.0592550289849	7.580941676755412	NaN	0.2091849095519892	0.4654769120448462	16.746200105590724	0.17317361441488055	-1.658148385227314	-0.1794149267278427	0	79.21092132903199	-12.020562909370925	27.19054603050963	67.70830417946085	103.25943601096927	144.82282721709416	216.97098534554894	0.05279769148539292	1.0117030181027207	-43.910873187997105	1.0205579921681789	24.137845935434875	1.1527992636305497	2.334903752982947	1.1527992636305497	0.5355443871806218	1.1527992636305497	0.017455413231065798	1.278652875218492	NaN	NaN	800000009	800000009	800000009	800000009	800000009	800100009	899999999	899999999	89999	89999	89	89	3	1	3	8	9	0	0	NaN	0	0	0	0	0	0	0	0	0	NaN	NaN	NaN	NaN	0	0	0	0	0	0	0	0	12708	0	0	18000	18000	18000	18000	18000	80	NaN	0.24163591030585024	0.6477282797121677	0.041589634071674327	0.6040236941391611	1.5124833263552668	0.06339893438252169	1.6051586586138425e-7	NaN	-0.0357178577519274	0.05552904415540664	0.01273639989868573	0.0000174554132310658	NaN	416.82933750100676	3.658060220130483	96080.18485525173	11.4399995803833	-7.461268558210914	80.83741718122693	82.19047568003336	79.4843582657708	2.706117294973799	0.00026612669605270245	-1	0	2.1458258078760566	79.0288839081658	1.0000165503819785	-273.1499938964844	9.00015779929691	-273.1499938964844	191
DATA	2025-02-23T063000_AIU-0547.ghg	2025-02-23	07:00:00	54.291	1	18000	18000	0.01732528674134386	1	NaN	-0.9283549087917142	2	NaN	-0.8047437212107249	2	NaN	0.5289543667182461	2	NaN	-0.017844555499260655	2	NaN	-0.0008425682438377781	2	NaN	NaN	NaN	NaN	NaN	NaN	NaN	NaN	NaN	NaN	-7.044833460399462e-11	-6.261848488802789e-13	-3.956773626177882e-13	NaN	17.487631649994476	417.432747757806	418.9873498645025	0.1	1	155.44001208234167	3.7103795787612524	3.724197766099857	0.1	1	0.09822034840989442	2.1484991831671874	2.1565006190256057	0	1	NaN	NaN	NaN	NaN	9	271.75055309804276	272.09601990085173	95712.98106141493	1.2237606589960786	1007.1361231806417	0.023635313458726354	-0.0011563271963520904	0.0028288620445682923	355.2267506155478	564.3067944797423	0.0023116138141660567	62.94922444501948	209.08004386419447	265.9074065184949	1.6169373966284883	0.17395751162497985	0.20468957547369923	1.6390990155490694	-6.076238092171071e-14	-4.0284662905749664e-15	1.6390990155490694	4.322868710130615	325.85947665682136	6.1405233431786534	7.1737868957274875	NaN	0.11898493338160077	0.4814180986955391	153.19980126977592	0.018929528471732602	1.1536031711996686	-0.006330491144772907	1	33.67316892693079	15	30	58	104	208	757	0.017199644385973257	1.0073049391342688	-0.9580957363994418	1.0130946570712522	-0.7281291481892026	1.105221131734743	0.47859595833822427	1.105221131734743	-0.016145687941427646	1.105221131734743	-0.00043091713320436313	1.1825196548184445	NaN	NaN	800000009	800000009	800000009	800000009	800000009	800100009	899999999	899999999	89999	89999	89	89	0	6	1	12	19	0	0	NaN	0	0	0	0	0	0	0	0	0	NaN	NaN	NaN	NaN	0	0	0	0	0	0	0	0	12253	0	0	18000	18000	18000	18000	18000	80	NaN	0.3879350969707337	0.5307329710487023	0.04416812937164217	0.5253890912860536	2.612165353951112	0.05852435264352451	1.9859934755863875e-7	NaN	-0.00077736368203737	0.011353904089476907	-0.00038302996327445647	-4.3091713320436314e-7	NaN	417.43314466990927	3.7103213113880007	96103.38239735243	11.4399995803833	-7.2718683976067044	80.77898861270482	82.12909983189901	79.42887844636707	2.7002212143871516	0.000265825714041259	-1	0	2.1450280409653977	78.76641892729863	1.0000178277691205	-273.1499938964844	9.000157606124878	-273.1499938964844	044
DATA	2025-02-23T070000_AIU-0547.ghg	2025-02-23	07:30:00	54.312	1	18000	18000	0.018176326450661154	0	NaN	-3.9330220697561806	0	NaN	2.080454356797028	1	NaN	0.6055940869228865	0	NaN	0.046115844710538	1	NaN	-0.0019763235148581725	0	NaN	NaN	NaN	NaN	NaN	NaN	NaN	NaN	NaN	NaN	6.915963257334895e-11	6.196478808032993e-13	3.8714541882328324e-13	NaN	17.49676632854299	417.12797505306736	418.69276868039304	0.1	1	156.765352460391	3.7373313904071916	3.7513514338774705	0.1	1	0.09794431630522013	2.1387439972882323	2.1467671776491564	0	1	NaN	NaN	NaN	NaN	9	271.35128342692053	271.716253423055	95731.7383858507	1.2256987104743549	1007.1458508978891	0.02359770091977323	0.0029883067372428623	0.0028539522997604616	357.87720195545967	548.793717705149	0.002328428899673036	65.21160691342621	190.91651574968932	266.00373319142506	1.4026937827294461	-0.3524052724525705	0.16708064124743888	1.45590359050304	6.815776325703518e-14	3.952709390679054e-15	1.45590359050304	3.032271731088889	346.1028027959585	345.8971972040415	6.589827782855357	NaN	0.12177585639888061	0.2659027706212074	38.77162863552216	0.07479696113005298	-1.8904630408769365	-0.02616309353430421	1	26.41940285701596	12	24	49	92	197	823	0.018024836519533582	1.0084045106852093	-3.77402082336133	1.0156394397814923	1.8486630011991014	1.125383239372227	0.538122539714298	1.125383239372227	0.04097790254656967	1.125383239372227	-0.0006990438527413677	1.219549696983744	NaN	NaN	800000009	800000009	800000009	800000009	800010019	800110019	899999999	899999999	89999	89999	89	89	1	1	10	28	15	0	0	NaN	0	0	0	0	0	0	0	0	0	NaN	NaN	NaN	NaN	0	0	0	0	0	0	0	0	17559	0	0	18000	18000	18000	18000	18000	80	NaN	0.16362113206129908	0.34549934328821275	0.02268506589290301	0.161978554457283	1.2539444126768828	0.036767261615088496	4.441167567250761e-8	NaN	-0.003057230579947492	0.012746103942701127	0.000970612763200293	-6.990438527413677e-7	NaN	417.1279934710863	3.737294582123426	96124.44834309896	11.4399995803833	-7.166224542670783	80.75099149364897	82.10143054029678	79.40055170610215	2.7008779699140124	0.00026526489136126147	-1	0	2.1352640209197995	78.5788416029612	1.000004411475526	-273.1499938964844	9.000094214002292	-273.1499938964844	189
DATA	2025-02-23T073000_AIU-0547.ghg	2025-02-23	08:00:00	54.333	1	18000	18000	0.033621609866025526	1	NaN	-45.17365501850218	1	NaN	31.901988601023497	1	NaN	3.133071725765468	1	NaN	0.7072756618310447	1	NaN	0.0030135399555894955	1	NaN	NaN	NaN	NaN	NaN	NaN	NaN	NaN	NaN	NaN	-4.6829756608587534e-11	-4.083162783602374e-13	-2.611359119494457e-13	NaN	17.477789774844744	416.55918072108614	418.0776585819378	0.2	0	152.3916968963821	3.6320473712996644	3.645287227190815	0.1	1	0.09746107821704608	2.129949027752185	2.1377133037376175	0	1	NaN	NaN	NaN	NaN	9	271.5512477060954	271.9083463406034	95753.82145572916	1.2251641832281375	1007.0912254605263	0.023608937555781667	0.04583146288665169	0.002772233803303611	347.8757044615596	556.592579047355	0.002262744733525559	62.50095986852213	208.71687458579538	265.63685998191653	0.9308706839222614	-0.6491235599406211	0.10931535136990687	1.140101518418855	5.355948063726045e-14	-2.6793866508217297e-15	1.140101518418855	4.520494125992673	6.889199938668355	325.11080006133164	5.502093382918492	NaN	0.1656578826726448	0.25469540736986135	8.499105444382513	0.34121238040607627	-1.4160137658958631	-0.22100903108054687	1	11.18424925424496	5	11	22	43	96	449	0.03317001313014241	1.0136146082942832	-42.569337244949445	1.0269818457297637	26.320515296165187	1.2120579039602433	2.5849191821022406	1.2120579039602433	0.583532898486213	1.2120579039602433	0.012588380571406571	1.3769742016884032	NaN	NaN	800000009	800000009	800000009	800000009	800100009	800110009	899999999	899999999	89999	89999	89	89	7	7	7	6	9	0	0	NaN	0	0	0	0	0	0	0	0	0	NaN	NaN	NaN	NaN	0	0	0	0	0	0	0	0	17801	0	0	18000	18000	18000	18000	18000	80	NaN	0.19913930966035295	0.28555529636154786	0.024696208717821872	0.3392977305805593	1.4411791389920283	0.08944034681880413	8.370821249829009e-8	NaN	-0.03450116694746058	0.061249717104037336	0.013826824916093574	0.000012588380571406571	NaN	416.5588037130741	3.6319585561526857	96151.2585486111	11.447011963102552	-7.556353773196444	80.78519629245336	82.13737134085764	79.43302030181884	2.704351561400626	0.00026517871645531454	-1	0	2.1265707488258676	78.66914752663503	1.0000007655363943	-273.1499938964844	9.000064011997647	-273.1499938964844	152
DATA	2025-02-23T080000_AIU-0547.ghg	2025-02-23	08:30:00	54.354	1	18000	18000	0.07233131148368738	1	NaN	-10.003050871434183	0	NaN	7.078387274851213	0	NaN	1.4566260511242868	0	NaN	0.15713265785684613	0	NaN	-0.007522946616397901	1	NaN	NaN	NaN	NaN	NaN	NaN	NaN	NaN	NaN	NaN	-3.1693476235936423e-10	-2.5148342583577858e-12	-1.7660143503310685e-12	NaN	17.39572518044112	416.1336305070171	417.5122408093039	0.1	1	138.03271470469522	3.3019637930005277	3.3129028783545813	0.1	1	0.09693193663698103	2.1313357334497094	2.138396641735795	0	1	NaN	NaN	NaN	NaN	9	272.7812427978516	273.27218105400937	95786.41330859375	1.2196170335690342	1006.9306792788398	0.023719281626752346	0.010182196229123629	0.0025085662165353103	316.3681082450305	614.8484995031197	0.0020568474754688783	51.4546442742722	298.4803912580892	264.41638179434807	0.988429506255584	-0.4388722224961025	0.10025414845850332	1.0861181385092924	-4.3994702754645846e-14	-1.8219117574684944e-14	1.0861181385092924	4.946262111410647	355.9416821035857	336.0583178964143	5.2962267175151725	NaN	0.24352941706678755	0.861891936714192	121.96479910915843	0.023777352327735982	-1.413182195748741	-0.03344706343324233	0	64.65923359183383	-9.81228815448051	22.19542252227099	55.26974036649802	84.28984136998262	118.21770101072902	177.11165819966672	0.07173533493425589	1.008307991451879	-9.521190683943402	1.0133444133528142	6.426537452913268	1.1014309535599842	1.3224851239346966	1.1014309535599842	0.14266228613693	1.1014309535599842	-0.00423252043461564	1.1820742531967618	NaN	NaN	800000009	800000009	800000009	800000009	800000009	800100109	899999999	899999999	89999	89999	89	89	1	6	1	6	27	4	0	NaN	0	0	0	0	0	0	0	0	0	NaN	NaN	NaN	NaN	0	0	0	0	0	0	0	0	16706	0	0	18000	18000	18000	18000	18000	80	NaN	0.8832268488567744	0.7469273455151972	0.09362967905641245	0.2475994698777249	0.6509432527733782	0.035079348991027985	2.3467393235686872e-8	NaN	-0.007752971876161805	0.03147234552278079	0.003395060315697728	-0.00000423252043461564	NaN	416.13338102681314	3.3019287469844176	96190.38844704861	11.449653690232171	-8.754149895601795	80.98241401947868	82.33512151167128	79.62970788870918	2.7054097948074345	0.00026560027429271333	-1	0	2.1282761167221595	79.18228681394788	1.0000179048664868	-273.1499938964844	9.000180329508252	-273.1499938964844	197
DATA	2025-02-23T083000_AIU-0547.ghg	2025-02-23	09:00:00	54.374	1	18000	18000	0.07743387838852588	0	NaN	-3.3556635187015083	2	NaN	13.222861489485018	0	NaN	0.06826173843290727	2	NaN	0.2940973166490344	0	NaN	-0.000164316525108217	2	NaN	NaN	NaN	NaN	NaN	NaN	NaN	NaN	NaN	NaN	5.671478692344624e-11	4.413704005665818e-13	3.150108577684579e-13	NaN	17.34982369671959	416.42895231519003	417.7828893427835	0.1	1	135.0212008222314	3.2407670637812735	3.2513037819923016	0.1	1	0.09636610029430848	2.1385655794368077	2.145518705793269	0	1	NaN	NaN	NaN	NaN	9	273.41468377516003	275.2945358530679	95793.08884874132	1.210769969596859	1006.9266953519201	0.02389315135976514	0.019057506118857426	0.0024441574328396207	310.5263603507264	711.1867458987277	0.0020186802565423994	43.66312535230304	400.66038554800133	264.17828403314905	0.605539088193923	-0.4018992964865996	0.06086408913551997	0.7293182221728826	-2.0335575470798856e-14	3.268897016755828e-15	0.7293182221728826	5.700443191828466	5.572426923450962	326.427573076549	4.787095507510657	NaN	0.25289176393957613	0.760272443229839	407.16299362302055	0.007122454755023781	-0.25377740826900236	-0.010883892037954103	0	61.208609292528756	-9.28864260446722	21.010934862362134	52.32019861459877	79.79160409343432	111.90885927142449	167.65986365270555	0.07667073820899525	1.0099534737418387	-2.6333408386419452	1.0133211251469467	12.10001608207374	1.0927970177721318	0.0624651580511003	1.0927970177721318	0.26912346196607123	1.0927970177721318	0.00005615531532739804	1.1692513583615944	NaN	NaN	800000009	800000009	800000009	800000009	800000009	800111109	899999999	899999999	89999	89999	89	89	1	13	7	2	31	11	0	NaN	0	0	0	0	0	0	0	0	0	NaN	NaN	NaN	NaN	0	0	0	0	0	0	0	0	16306	0	0	18000	18000	18000	18000	18000	80	NaN	0.6102717163350135	0.7944687466210316	0.1158044235036328	0.23117446047899462	0.3250194874822673	0.028869847610810986	7.261078803864277e-8	NaN	-0.002159969301167919	0.0014973433185793469	0.0064511197957457436	5.615531532739804e-8	NaN	416.4289484630724	3.2407319083452997	96221.65878667534	11.4399995803833	-8.98645245235495	81.04429247262743	82.40189428287081	79.68669231584337	2.715200982676613	0.0002671482397482678	-1	0	2.1355737835963566	79.37134553031244	1.0000189603020748	-273.1499938964844	9.000158551216126	-273.1499938964844	219
DATA	2025-02-23T090000_AIU-0547.ghg	2025-02-23	09:30:00	54.395	1	18000	18000	0.08340019873427783	0	NaN	-5.89473553016612	2	NaN	22.172190884536924	0	NaN	-0.689656941218528	2	NaN	0.49377496053837466	0	NaN	-0.0017465686970899639	1	NaN	NaN	NaN	NaN	NaN	NaN	NaN	NaN	NaN	NaN	-1.9424109222799267e-10	-1.5138817317354692e-12	-1.0790570586189513e-12	NaN	17.25991652389145	416.8156199799184	418.1740959138233	0.1	1	134.5208267575466	3.2485893965677333	3.25917712481695	0.6	0	0.09588308293910489	2.14098827968385	2.1479661397094967	0	0	NaN	NaN	NaN	NaN	9	274.20761418490946	276.63865547519265	95806.71884635417	1.2050550037863486	1006.9516398688121	0.024006393385721036	0.03199661744288668	0.0024384996525125043	311.3201769118522	782.3876294100346	0.002023558795947575	39.79104029886126	471.06745249818243	264.21087123364714	1.414859124594877	-0.2366166828095731	0.14324869896015882	1.4416428083220922	-6.549565709532443e-14	-1.1253883641854296e-14	1.4416428083220922	5.0707202635059625	341.4941093403314	350.5058906596686	5.702599998117826	NaN	0.2630753201359879	0.9838577532501235	260.9589739242004	0.01111285791935383	-0.26586166251514454	-0.01846582577146457	0	61.29135812223297	-9.301200058621863	21.039339857851292	52.39093106964539	79.89947555033017	112.0601505235094	167.88652551720446	0.08278908783518292	1.0073815392230376	-4.686126379207762	1.012502112692845	20.184692963122544	1.0984656008910092	-0.627836630167681	1.0984656008910092	0.4495133576671442	1.0984656008910092	-0.0011719525487097206	1.1731486325769318	NaN	NaN	800000009	800000009	800000009	800000009	800000009	800100009	899999999	899999999	89999	89999	89	89	3	6	2	2	9	4	0	NaN	0	0	0	0	0	0	0	0	0	NaN	NaN	NaN	NaN	0	0	0	0	0	0	0	0	12310	0	0	18000	18000	18000	18000	18000	80	NaN	0.8756842154227067	0.9671351094834418	0.12489618159409822	0.055553232535585986	0.3540893790150129	0.017074499952867313	1.0892609651253439e-8	NaN	-0.0038618776708750397	-0.015121228966489044	0.010826374375392519	-0.0000011719525487097206	NaN	416.81555054636686	3.2485648441330626	96218.73971180557	11.447358637703791	-8.94970055982804	81.0579809712304	82.42421718597413	79.69174304792617	2.7324743018547695	0.0002683233565945153	-1	0	2.1379913021922103	79.29648788240223	1.0000313145352735	-273.1499938964844	9.000183244480027	-273.1499938964844	074
DATA	2025-02-23T093000_AIU-0547.ghg	2025-02-23	10:00:00	54.416	1	18000	18000	0.15847576579537945	0	NaN	11.944486073293568	0	NaN	17.67512216889037	1	NaN	0.18948507478987828	2	NaN	0.3939507983720097	1	NaN	-0.00032780908356505736	1	NaN	NaN	NaN	NaN	NaN	NaN	NaN	NaN	NaN	NaN	4.392592242356226e-11	3.280539617938053e-13	2.4399940369615e-13	NaN	17.13312332112683	414.94154507789625	416.23141576306114	0.1	0	127.9560831802262	3.0989267900411583	3.1085599898722234	0.7	0	0.09517095243889756	2.13342376206437	2.140055637812566	-0.1	0	NaN	NaN	NaN	NaN	9	274.9494541193644	277.50768771870924	95810.47438628472	1.2013964587712391	1006.8847879047752	0.024080863083834437	0.025528011734506226	0.002318964296210341	296.9892887116602	831.711143892405	0.0019302240149618262	35.70822525255	534.7218551807448	263.61083809611836	0.44769130961589554	-0.32199279443068163	0.06907322104530025	0.5557679176027397	5.6848375721176e-14	2.563801217107757e-15	0.5557679176027397	5.905336491081755	7.724802145772571	324.27519785422743	7.139426321318745	NaN	0.3631936575157043	1.3003097182607621	-338.8843127101266	-0.00855749260509615	0.6757795481785592	0.027187112579754688	0	71.39861261861294	-10.835014922484932	24.50883325617096	61.03046019489615	93.07530258787035	130.5394352863789	195.57186145855061	0.15536020476175327	1.0200537907271938	12.64882410471427	1.0195112079384607	16.232150333031388	1.0888959137424095	0.17401578277453533	1.0888959137424095	0.36178921547978476	1.0888959137424095	-0.005179985492513649	1.153769802136905	NaN	NaN	800000009	800000009	800000009	800000009	800000009	800100109	899999999	899999999	89999	89999	89	89	2	0	1	20	7	27	0	NaN	0	0	0	0	0	0	0	0	0	NaN	NaN	NaN	NaN	0	0	0	0	0	0	0	0	16049	0	0	18000	18000	18000	18000	18000	80	NaN	1.1195000884082589	1.3185872516629995	0.16253209645026584	0.07111774133004381	0.41321580512787076	0.01586787068518684	4.6151649163272105e-8	NaN	0.010456444248941342	0.004203480010396342	0.008739286235988434	-0.000005179985492513648	NaN	414.9414548722896	3.098889074641985	96223.74156336805	11.460000038146973	-9.549903980599488	81.04035877397325	82.40712567265828	79.6735913418664	2.7335339838531283	0.0002693273759715443	-1	0	2.1305761393838454	79.20157278060913	1.0000445237391524	-273.1499938964844	9.000270658493042	-273.1499938964844	206
DATA	2025-02-23T100000_AIU-0547.ghg	2025-02-23	10:30:00	54.437	1	18000	18000	0.08672145976010033	1	NaN	9.503253367136196	1	NaN	17.64197293251602	0	NaN	-0.07308150688379236	2	NaN	0.3932870818547868	0	NaN	-0.0029058468254820127	1	NaN	NaN	NaN	NaN	NaN	NaN	NaN	NaN	NaN	NaN	1.994628598016867e-10	1.5090155131003496e-12	1.1078431581029014e-12	NaN	17.06150049252876	414.40984482227776	415.7131782047245	0.1	1	129.0770068452485	3.1351745645283158	3.1450347976304034	0.4	0	0.0947618348920185	2.126253606280864	2.132940747861204	-0.4	0	NaN	NaN	NaN	NaN	9	275.54622659810383	277.7083703477648	95799.1763951823	1.200370245229182	1006.9076517658774	0.024101119424523868	0.02548500290419018	0.00234411711861421	300.42770607811116	843.4844473690249	0.0019528284110096857	35.61745649433105	543.0567412909138	263.7571171100085	0.930280796795888	-0.08312227776179021	0.12733858411435953	0.9426275982336011	-4.066144008979054e-14	1.1690815815937852e-14	0.9426275982336011	5.3804246124765	337.1059225756559	354.89407742434406	7.763764179041048	NaN	0.2687854025892745	1.1787299966443534	-172.6299837717141	-0.016798935715796392	0.5386729366090738	0.02925241771521234	0	60.4249188892053	-9.169714562265959	20.741919307086363	51.65031184494065	78.76998450239026	110.47602326891469	165.51321422404123	0.08556123212059179	1.0135602025678323	10.292477734088282	1.0154316633269858	16.24487486546325	1.0860023902075733	-0.06729405712433462	1.0860023902075733	0.36214200392286033	1.0860023902075733	-0.00682793689962267	1.1487377796679574	NaN	NaN	800000009	800000009	800000009	800000009	800000009	800000109	899999999	899999999	89999	89999	89	89	4	2	0	18	10	18	0	NaN	0	0	0	0	0	0	0	0	0	NaN	NaN	NaN	NaN	0	0	0	0	0	0	0	0	10910	0	0	18000	18000	18000	18000	18000	80	NaN	1.1887957480140343	1.0335633504381962	0.13510089483647628	0.07381613579592539	0.033732534310263275	0.008700351452788574	2.129285676912724e-8	NaN	0.008515596471884417	-0.0016269642926221265	0.008755485022288163	-0.0000068279368996226704	NaN	414.4099466995807	3.1351172153579876	96203.46328038194	11.467012420866224	-9.400563267495857	81.01356471591525	82.38224700207181	79.64488197814094	2.737383397274547	0.00026966437418660566	-1	0	2.1233861095309257	79.06685861100092	1.0000444276928901	-273.1499938964844	9.000244682656394	-273.1499938964844	238
DATA	2025-02-23T103000_AIU-0547.ghg	2025-02-23	11:00:00	54.458	1	18000	18000	0.08599986698919584	1	NaN	24.48891306508458	1	NaN	22.27174535971953	0	NaN	-0.061639738718462386	2	NaN	0.49665068148891234	0	NaN	-0.0003592950061825922	0	NaN	NaN	NaN	NaN	NaN	NaN	NaN	NaN	NaN	NaN	1.5845521409763841e-10	1.2175338177776685e-12	8.802069190286795e-13	NaN	17.00355223792563	413.9944427550472	415.31557785433483	0.1	1	130.65142721821078	3.1810391175622628	3.191190419117064	0.4	0	0.09445346695038662	2.12255321020057	2.1293266816690286	-0.2	0	NaN	NaN	NaN	NaN	9	276.2410721096463	278.0330141821967	95779.13600086805	1.1986970109790955	1006.9377958601406	0.024134342576339732	0.03218296416048152	0.0023751351709418718	304.7589046928739	862.8421201136415	0.0019814307945940916	35.32035555389152	558.0832154207676	263.9392709374261	0.8942100960786368	0.1915503076399821	0.11397986957023014	0.9215718240881321	-8.852952177393382e-14	9.31894770459854e-15	0.9215718240881321	6.652291300837451	319.9092948911459	12.090705108854124	7.1045254668150015	NaN	0.26785155906129343	1.5850931873697733	-66.28650381332136	-0.043749478900970445	1.0995506939197948	0.07574662132528374	0	53.473157196696555	-8.114757905359497	18.35560447673464	45.708050508220275	69.7076610297302	97.76598574433396	146.47126194014274	0.08483118306372996	1.0137765840727213	25.308298321007985	1.015560575719647	20.50757278069233	1.0860254208478612	-0.0567571785477546	1.0860254208478612	0.45731036489106913	1.0860254208478612	-0.009429616524207637	1.148862705187029	NaN	NaN	800000009	800000009	800000009	800000009	800000109	800010109	899999999	899999999	89999	89999	89	89	5	11	0	5	18	9	0	NaN	0	0	0	0	0	0	0	0	0	NaN	NaN	NaN	NaN	0	0	0	0	0	0	0	0	9068	0	0	18000	18000	18000	18000	18000	80	NaN	1.9229678747469232	1.0651076388180085	0.18211086117461475	0.17901248420629742	0.10030818432177087	0.007991477614761417	2.92664080590346e-8	NaN	0.02096770414453939	-0.0013741696507026165	0.011072115289457212	-0.000009429616524207638	NaN	413.9945334818067	3.181012551594797	96172.67563888889	11.470000267028809	-9.21940788708792	80.98519453175862	82.35272922346329	79.61765949757894	2.735071458703942	0.00027076545463933146	-1	0	2.1196532662974468	79.14373141076831	1.0000698572016424	-273.1499938964844	9.000428127235837	-273.1499938964844	237
DATA	2025-02-23T110000_AIU-0547.ghg	2025-02-23	11:30:00	54.479	1	18000	18000	0.01149855945704836	2	NaN	5.566436220990255	2	NaN	18.49692825192041	2	NaN	0.25066557014206897	2	NaN	0.41260927714160067	2	NaN	-0.0004507050041994098	2	NaN	NaN	NaN	NaN	NaN	NaN	NaN	NaN	NaN	NaN	5.5412459049958875e-11	4.3315315551664075e-13	3.08328886726502e-13	NaN	16.932681836623768	413.2267723939717	414.56588182206144	-0.1	0	132.3609291960909	3.230148661062505	3.2406163335734144	0.4	0	0.0942177089681809	2.120679864634245	2.1275521744418593	-0.4	0	NaN	NaN	NaN	NaN	9	276.80485075463196	278.3777159695095	95752.77670203993	1.1968609853435899	1006.9700962754151	0.024170916084997406	0.02673708115877572	0.002408153653133153	309.37866875539953	883.8244698767386	0.0020120579437567935	35.00453758635429	574.4458011213391	264.1310384765009	1.1770091565766863	0.059276145864758885	0.11610003267995565	1.1842058240535085	-2.429747576029153e-14	3.272515221428601e-15	1.1842058240535085	4.84569326966743	329.11692470132186	2.8830752986781643	5.626340103474795	NaN	0.09801665164463633	1.1369761575639543	-14.287457228221871	-0.20297523580834656	0.300938412323264	0.04712128129244566	1	28.79340662902252	13	23	39	61	101	245	0.011366314557375575	1.0116348090671985	6.467317414335926	1.014340358979918	17.02675366878095	1.086344972843242	0.2307421458268576	1.086344972843242	0.37981422794427533	1.086344972843242	-0.003345080067532425	1.1479590785321312	NaN	NaN	800000009	800000009	800000009	800000009	800000009	800010109	899999999	899999999	89999	89999	89	89	2	0	0	34	45	23	0	NaN	0	0	0	0	0	0	0	0	0	NaN	NaN	NaN	NaN	0	0	0	0	0	0	0	0	9909	0	0	18000	18000	18000	18000	18000	80	NaN	0.9351104323418462	1.2111543289467595	0.1276875538393027	0.10278748281607283	0.1192468117818764	0.008247557162496111	2.6898150453919304e-8	NaN	0.005366163397353772	0.005595327632202018	0.009210216179209665	-0.0000033450800675324248	NaN	413.2271937886321	3.230098199615165	96148.81724262153	11.470000267028809	-9.027367854489214	80.9444084440867	82.30899639193217	79.57981928931342	2.7291720729139115	0.0002712637167229938	-1	0	2.1177395735780395	79.1970246433682	1.0000639467040697	-273.1499938964844	9.000347760147518	-273.1499938964844	159
DATA	2025-02-23T113000_AIU-0547.ghg	2025-02-23	12:00:00	54.499	1	18000	18000	0.15109902955709406	0	NaN	32.56204894307115	1	NaN	18.27495858880311	1	NaN	-1.0457006257506223	1	NaN	0.4080490404476838	1	NaN	-0.0006314929046966267	1	NaN	NaN	NaN	NaN	NaN	NaN	NaN	NaN	NaN	NaN	1.5507168654475127e-11	1.2392102412251854e-13	8.651622299759387e-14	NaN	16.828254542190955	412.37380348759046	413.7372187231837	0.1	1	134.47809742244087	3.2953652074154256	3.3062605433767196	0.4	0	0.09388670846836437	2.1231040349712895	2.1301235700715995	-0.2	0	NaN	NaN	NaN	NaN	9	277.6187486173842	279.3841060638427	95715.27958029514	1.1920532444212375	1007.0226021139725	0.024267802047908155	0.02644157782100991	0.0024469658165929965	315.5014093651594	947.6865168062837	0.002052731979921787	33.29174824903106	632.1851074411243	264.3813053668178	0.415211030654189	-0.1956690579948282	0.09042293433583976	0.4678278393676799	1.5915823550726332e-14	9.214959647535835e-16	0.4678278393676799	4.322279943189093	357.2322547918907	334.7677452081093	11.144409455371537	NaN	0.3560270620536666	0.8810328654187614	-117.02007358038176	-0.024782072949287397	1.7817851014459536	0.07618927518080741	0	77.74960196258714	-11.798802057706721	26.688922380236157	66.45919036401126	101.35445862806264	142.15106935132536	212.9682052046006	0.14771227416122407	1.0229280566906271	32.87600335620448	1.0213784037401543	16.75311215893746	1.0908396252247243	-0.958619948862966	1.0908396252247243	0.37406877327510124	1.0908396252247243	-0.01187619402108087	1.156377002069832	NaN	NaN	800000009	800000009	800000009	800000009	800000109	800011119	899999999	899999999	89999	89999	89	89	1	3	1	12	47	10	0	NaN	0	0	0	0	0	0	0	0	0	NaN	NaN	NaN	NaN	0	0	0	0	0	0	0	0	11851	0	0	18000	18000	18000	18000	18000	80	NaN	1.0586120924775195	0.5772396057472721	0.12621403261273118	0.19371368132463765	0.17073637878761108	0.013552224684648187	3.018438595059335e-8	NaN	0.027386979948731727	-0.023340535378182325	0.00910784868065462	-0.00001187619402108087	NaN	412.3739448325674	3.295323163992993	96124.81510546876	11.470000267028809	-8.77755606534747	80.89414580896167	82.25882279777525	79.52946912193298	2.729352817071809	0.0002723491871713325	-1	0	2.1201103353434143	79.3089336684545	1.0000920794871118	-273.1499938964844	9.000506406174766	-273.1499938964844	062
DATA	2025-02-23T120000_AIU-0547.ghg	2025-02-23	12:30:00	54.52	1	18000	18000	0.2067306570257497	0	NaN	32.222531597830454	1	NaN	20.111212794074337	0	NaN	-0.8935075087734284	0	NaN	0.449116122027263	0	NaN	-0.0022232565686723773	1	NaN	NaN	NaN	NaN	NaN	NaN	NaN	NaN	NaN	NaN	-6.353418645664517e-10	-5.103446846009416e-12	-3.547057741907003e-12	NaN	16.784622228630237	412.42031649694434	413.7911267600873	0.1	1	134.82415082565873	3.3128072945307925	3.3238184645859694	0.2	0	0.09370706943996804	2.1206458306017018	2.127694472370303	-0.3	0	NaN	NaN	NaN	NaN	9	277.99392022789857	279.53965840148925	95655.65514887153	1.1906398942993304	1007.0347425659526	0.024296448718404907	0.02910272470736664	0.0024570170382579326	316.9737541935221	957.9124469775182	0.002063610542551022	33.09005485769216	640.9386927839962	264.44084235154526	0.44803900988310735	-0.37275265818814324	0.11632621634832448	0.5943191795434819	1.0300407185491895e-13	-3.78526162765059e-14	0.5943191795434819	5.790426312313571	11.759262437687426	320.2407375623125	11.287383433093462	NaN	0.41668918374138325	2.376591634922845	-189.50000593083686	-0.015303429600199765	1.6022172271641744	0.06449448018694447	0	78.40865099069957	-11.898815290350205	26.915152584791116	67.02253556080876	102.21359559812493	143.35602116762163	214.77344259638144	0.20286680079180688	1.0190462718338429	32.72221187796814	1.0188616833442268	18.480002557581813	1.0882689399749725	-0.8210355693823044	1.0882689399749725	0.41268854189442505	1.0882689399749725	-0.013399705304910824	1.152887347368602	NaN	NaN	800000009	800000009	800000009	800000009	800000109	800000109	899999999	899999999	89999	89999	89	89	4	4	3	5	31	35	0	NaN	0	0	0	0	0	0	0	0	0	NaN	NaN	NaN	NaN	0	0	0	0	0	0	0	0	9808	0	0	18000	18000	18000	18000	18000	80	NaN	1.7763694256959428	2.8075354394030905	0.16927840474665667	0.17911530184374264	0.24241015782851139	0.00855109216946918	3.749471670512384e-8	NaN	0.027290894357340802	-0.020014570809114618	0.010060202446613096	-0.000013399705304910824	NaN	412.42045395055993	3.312726824253656	96044.0869014757	11.470000267028809	-8.718494420488662	80.85453937466939	82.2184166730245	79.4906618156433	2.7277522705992068	0.0002729784238245985	-1	0	2.1176372146142852	79.28748432879976	1.0000983501142926	-273.1499938964844	9.000542305178113	-273.1499938964844	081
DATA	2025-02-23T123000_AIU-0547.ghg	2025-02-23	13:00:00	54.541	1	18000	18000	0.08102722652526725	0	NaN	13.070593759473715	1	NaN	20.24679483871332	0	NaN	-1.0873990744531126	0	NaN	0.45254823816669393	0	NaN	0.0014511211670516827	0	NaN	NaN	NaN	NaN	NaN	NaN	NaN	NaN	NaN	NaN	-5.343334658535904e-11	-4.348213468281796e-13	-2.992759819746842e-13	NaN	16.696747391153178	411.5879918986941	412.971178969646	0.1	1	135.87212204036678	3.3493549704920373	3.3606108491435056	0.4	0	0.09351717215181493	2.1255542010922506	2.1326973616008837	-0.7	0	NaN	NaN	NaN	NaN	9	278.5716912333171	280.4765024091934	95606.09409136284	1.1860316896032923	1007.07120303021	0.02439051258386989	0.029325125833201765	0.0024745432222814953	320.3046417431778	1021.585584715113	0.002086405653384513	31.353676729150436	701.2809429719352	264.5746300411688	0.5217574368998998	-0.27375557237304127	0.03135815530182562	0.5900476847421906	-1.6327614759402986e-13	-3.2002248901286522e-15	0.5900476847421906	4.558923249662993	359.68508754333504	332.314912456665	3.0464263115504497	NaN	0.26137698275488336	0.9658333197370149	-115.2624692401841	-0.025159967673059093	0.6455635997497147	0.04186696754516963	0	67.5393634284091	-10.249358968792833	23.184077894299108	57.731632032183086	88.0443814961827	123.48349692228675	185.0007800288281	0.07950458272737032	1.0191516481901206	13.91465107898069	1.0189295761465174	18.603498433310186	1.0883326548118903	-0.9991421920911313	1.0883326548118903	0.415817935964545	1.0883326548118903	-0.004022196931793162	1.1529786350635116	NaN	NaN	800000009	800000009	800000009	800000009	800000109	800010119	899999999	899999999	89999	89999	89	89	0	2	3	20	29	23	0	NaN	0	0	0	0	0	0	0	0	0	NaN	NaN	NaN	NaN	0	0	0	0	0	0	0	0	12665	0	0	18000	18000	18000	18000	18000	80	NaN	0.8542635608747835	0.9806801737871558	0.09672290481209049	0.1898316571100991	0.15969762315483108	0.011761502258281105	2.5061950406253665e-8	NaN	0.01164972972567183	-0.024451508960291378	0.010176105130549404	-0.000004022196931793162	NaN	411.5880926490274	3.349283936044113	96015.01219010417	11.470000267028809	-8.58342726009422	80.79680570432876	82.16054245503743	79.4330659268697	2.727485205511252	0.00027406511645757626	-1	0	2.1225131892164546	79.2217153165605	1.000104129994909	-273.1499938964844	9.000570859644148	-273.1499938964844	152
DATA	2025-02-23T130000_AIU-0547.ghg	2025-02-23	13:30:00	54.562	1	18000	18000	0.4119206013060164	1	NaN	-1.4245518959424406	2	NaN	27.448892443146185	1	NaN	-1.4805015944058035	1	NaN	0.6139632466705672	1	NaN	0.0034921386017265155	1	NaN	NaN	NaN	NaN	NaN	NaN	NaN	NaN	NaN	NaN	-6.082931258454022e-11	-4.899028599660293e-13	-3.4165172575509205e-13	NaN	16.62345647561647	411.5516932822898	412.920328538387	0.1	1	133.8808302100571	3.3145262209341104	3.3255488397625004	0.2	0	0.09336670679971576	2.129439890770083	2.1365214471281777	0	1	NaN	NaN	NaN	NaN	9	279.171379260593	281.22147594367135	95547.60250086806	1.1821817157154895	1007.0660635864754	0.024470267068966402	0.039784818384252754	0.0024408300635323753	316.77998392685083	1074.8538929973938	0.0020646826381129713	29.471911111887177	758.073909070543	264.43302097268054	-0.1835274262565347	-0.20313652149231787	0.037702484319160005	0.276348041201984	-1.684165461703063e-14	-3.6592457575694655e-15	0.276348041201984	4.691207332399532	104.09681570029636	227.90318429970364	7.841385184211738	NaN	0.5902889281483975	1.3265634771758599	12176.166954857696	0.00023817019023733422	-0.051898337934510805	-0.0020270825657022315	0	103.60400098792216	-15.722306856711134	35.56390091847817	88.55914178753972	135.05827897209087	189.42115660728	283.78740965170147	0.39807942019984127	1.0347698986780745	0.05811978609340405	1.0291821555870615	24.95510833713054	1.0999308066439113	-1.3459952075740862	1.0999308066439113	0.5581835175104156	1.0999308066439113	0.0019224266270674274	1.1677884514407153	NaN	NaN	800000009	800000009	800000009	800000009	800000009	800000109	899999999	899999999	89999	89999	89	89	0	5	3	15	14	17	0	NaN	0	0	0	0	0	0	0	0	0	NaN	NaN	NaN	NaN	0	0	0	0	0	0	0	0	12704	0	0	18000	18000	18000	18000	18000	80	NaN	1.508014282852411	0.9758446124905085	0.16926805900880024	0.1192184721198387	0.15166602030977336	0.00946450966407557	2.211973345357359e-8	NaN	0.000048818205136022405	-0.03304642482561193	0.013704335310041055	0.0000019224266270674274	NaN	411.5517041943751	3.3144661996653144	95942.33815711804	11.470346353054047	-8.726020525998527	80.73222756046718	82.09579783270094	79.3686576631334	2.727145993073781	0.00027520447387036653	-1	0	2.1264345959954793	79.49018001916673	1.000109218498071	-273.1499938964844	9.000591487858031	-273.1499938964844	019
DATA	2025-02-23T133000_AIU-0547.ghg	2025-02-23	14:00:00	54.583	1	18000	18000	0.141062330361752	0	NaN	27.658919082646282	0	NaN	13.892294774980062	0	NaN	-1.2587289550372442	0	NaN	0.3109987197425527	0	NaN	-0.002381048857422229	0	NaN	NaN	NaN	NaN	NaN	NaN	NaN	NaN	NaN	NaN	-5.4576240909528525e-11	-4.433544258634893e-13	-3.070479781801523e-13	NaN	16.544938875791207	410.93184326097366	412.3082260231877	0.2	0	134.40412446842345	3.338237452814122	3.34941860745468	0.3	0	0.09308244661531742	2.1317003209605394	2.1388402776810818	-0.4	0	NaN	NaN	NaN	NaN	9	279.7328464474148	282.10588232760955	95478.98280447049	1.1776186364627454	1007.0955369346406	0.024564864819254534	0.020152717039317414	0.0024488243828334525	318.81701270969063	1141.2601697253942	0.002079471491882187	27.935524358692305	822.4431570157036	264.5150319948549	0.1494951957523223	-0.2073495332618824	0.04568503753035346	0.25967241892640835	-2.6719734660780233e-14	-3.2986668200621317e-15	0.25967241892640835	4.023194639680781	26.209090436691213	305.7909095633088	10.132977645087115	NaN	0.34610126932990465	1.2389583309779357	-126.34421620314913	-0.02295316783901753	1.9909539446614555	0.06738398179530487	0	76.36949068337537	-11.589364846582944	26.21517483841986	65.27949200011753	99.55534418863051	139.62778576900965	209.18786659582176	0.13609096330090434	1.0365297367309811	27.60454971621878	1.0303505959118664	12.613870541624642	1.101350670211553	-1.1428957089529543	1.101350670211553	0.2823793802956642	1.101350670211553	-0.011602393187891826	1.1695359216630772	NaN	NaN	800000009	800000009	800000009	800000009	800000109	800010119	899999999	899999999	89999	89999	89	89	0	3	2	19	0	16	0	NaN	0	0	0	0	0	0	0	0	0	NaN	NaN	NaN	NaN	0	0	0	0	0	0	0	0	12603	0	0	18000	18000	18000	18000	18000	80	NaN	0.7805978168334606	1.5725823013567122	0.12473654376569883	0.13747172876585376	0.16345464918875652	0.009190825736115647	3.4544559005601804e-8	NaN	0.023275838009026842	-0.028169139092033064	0.006959851172735565	-0.000011602393187891827	NaN	410.9318173990632	3.3381973139715213	95877.41668619792	11.479999542236328	-8.643049206217121	80.6704242515564	82.03248379262288	79.30836662313672	2.7241115915046796	0.00027634443311156553	-1	0	2.1286764612197873	79.16195198313397	1.0001045783261457	-273.1499938964844	9.00066174893909	-273.1499938964844	020
DATA	2025-02-23T140000_AIU-0547.ghg	2025-02-23	14:30:00	54.604	1	18000	18000	0.5697548549521139	1	NaN	85.1842821573996	1	NaN	7.762201696387033	2	NaN	-0.2986809781845895	2	NaN	0.17384083656372984	2	NaN	-0.016970122357014106	1	NaN	NaN	NaN	NaN	NaN	NaN	NaN	NaN	NaN	NaN	-9.84104761351334e-10	-8.248430500276883e-12	-5.539833389071391e-12	NaN	16.49262440976817	410.39792845174463	411.8144943234762	-0.1	0	138.23555332090905	3.4398154782255914	3.451688650270809	0.3	0	0.09284213934011132	2.130638966048951	2.1379932683858867	-0.1	0	NaN	NaN	NaN	NaN	9	280.30609884897865	282.5447648535835	95434.47982248265	1.1751961815745848	1007.1588435480381	0.024614554187985346	0.011264886209329692	0.002518244917469645	328.36505768016394	1175.5364982420501	0.002142829390490002	27.933208213544688	847.1714405618861	264.89333064370953	0.15932160337044884	0.1854783721807181	0.1168938544045677	0.2710161859464027	-7.523203594045964e-14	-5.966938535073129e-14	0.2710161859464027	5.300682994118749	282.6618109800979	49.33818901990207	25.55116140478975	NaN	0.6962878732300144	1.4301455724727425	-333.9289334740219	-0.008684482562891203	10.974242294818128	0.10336233088617955	0	95.42668675166827	-14.481367873079371	32.756893558682314	81.56929656936036	124.39832398163468	174.47041816279693	261.3884790806224	0.5503220556878146	1.0353116853367097	83.24086827196815	1.0295416395905048	7.054195143651191	1.1003667375679351	-0.2714376652685299	1.1003667375679351	0.1579844524816865	1.1003667375679351	-0.04240223455490719	1.1683253257157895	NaN	NaN	800000009	800000009	800000009	800000009	800000009	800000119	899999999	899999999	89999	89999	89	89	2	3	1	12	17	12	0	NaN	0	0	0	0	0	0	0	0	0	NaN	NaN	NaN	NaN	0	0	0	0	0	0	0	0	14307	0	0	18000	18000	18000	18000	18000	80	NaN	1.280291129533296	1.2907388659928327	0.28926114941935677	0.21165440839862903	0.08398551802853976	0.013550732336689065	4.8218929064935356e-8	NaN	0.07032799876908966	-0.006704385154334873	0.003902143119253918	-0.000042402234554907186	NaN	410.39804176844723	3.4397236584504314	95820.37635590279	11.47632036447525	-8.268388603581306	80.64561909675598	82.00735605553521	79.28388496780396	2.723465654300319	0.000276527147023848	-1	0	2.1275209561718835	79.21642080773249	1.0000655276758803	-348.44937205844576	9.000630978160434	-273.1499938964844	215
DATA	2025-02-23T143000_AIU-0547.ghg	2025-02-23	15:00:00	54.624	1	18000	18000	0.047919781560919916	1	NaN	11.728953839550297	1	NaN	15.16325657837817	1	NaN	0.5245878221095399	1	NaN	0.33990385128972006	1	NaN	0.0031986706317992217	2	NaN	NaN	NaN	NaN	NaN	NaN	NaN	NaN	NaN	NaN	3.006478607681643e-10	2.5721691772533885e-12	1.6902075081089948e-12	NaN	16.456347975556678	410.3402413275859	411.78587069487304	0.3	0	140.79099357212277	3.510633730214444	3.523001698809889	0.3	0	0.09251568540442266	2.1325873419903014	2.1401004508189936	-0.2	0	NaN	NaN	NaN	NaN	9	280.7857356007894	283.4993912268745	95393.07400542535	1.170699395666357	1007.2158728118666	0.024708438880229215	0.02202576956357386	0.0025603244789778805	334.97997396810734	1253.2403301540626	0.0021870041860921566	26.729109007122986	918.2603561859553	265.1497196184056	-1.1618736924739375	-0.18682821867672905	0.004565524748334852	1.176807590293841	7.929754260977205e-14	1.8269415620934215e-14	1.176807590293841	5.895321593782726	142.86508765650547	189.13491234349453	0.2222843884578538	NaN	0.20231809065005077	1.1642788154480612	-59.479906995177	-0.048755960567240804	0.7735115328903047	0.049165063442701606	0	41.904306692937844	-6.359140208503217	14.384392466260982	35.81917109901045	54.62649597988618	76.6144373278384	114.78238809547143	0.04736645631162627	1.01168179535436	12.389914853987538	1.0143652659742974	13.958387968307374	1.08631860733535	0.4829042037642259	1.08631860733535	0.31289517549872053	1.08631860733535	-0.0016755028161267796	1.1479682039831516	NaN	NaN	800000009	800000009	800000009	800000009	800000109	800000109	899999999	899999999	89999	89999	89	89	14	7	0	7	52	26	0	NaN	0	0	0	0	0	0	0	0	0	NaN	NaN	NaN	NaN	0	0	0	0	0	0	0	0	17802	0	0	18000	18000	18000	18000	18000	80	NaN	1.246236358217387	0.8911996411221178	0.19112163155661774	0.09825479836568267	0.05090249976808139	0.00562472935671659	2.328878196359844e-8	NaN	0.010507523413974524	0.011973856102492839	0.007758395510707029	-0.0000016755028161267796	NaN	410.3405700293647	3.5105894393786286	95773.87214887151	11.470000267028809	-8.00866235139635	80.61796622594197	81.97833738390605	79.25760392867195	2.7207365503112477	0.0002769280385141933	-1	0	2.129412717388736	79.23197469562953	1.0000750511503882	-417.1272499423565	9.000693284511566	-273.1499938964844	174
DATA	2025-02-23T150000_AIU-0547.ghg	2025-02-23	15:30:00	54.645	1	18000	18000	0.1320093520536786	1	NaN	21.24816018632206	1	NaN	16.16980035874295	0	NaN	0.611518843233693	0	NaN	0.36247099033196367	0	NaN	-0.002899849003303655	1	NaN	NaN	NaN	NaN	NaN	NaN	NaN	NaN	NaN	NaN	8.079769686066908e-11	7.01521731924107e-13	4.5463217539782015e-13	NaN	16.430933671499773	410.2803504666934	411.7470913775809	0.1	1	142.6607130428197	3.562237454987784	3.5749723554127812	0.3	0	0.09245351549776062	2.131380686658835	2.139000313692501	0	1	NaN	NaN	NaN	NaN	9	280.95528737216523	283.51140467664925	95351.33068684896	1.1701146577157133	1007.2439902198339	0.024720303340315726	0.023488120173511245	0.002596712473751876	339.7551928498568	1254.2463305436174	0.0022191948939612066	27.088394406750993	914.4911376937606	265.33201899530184	0.547073448866933	-0.20224291920692372	0.09848709679302534	0.5915160733735443	-3.310701396132728e-14	4.917413609965238e-15	0.5915160733735443	5.9093448690327	352.28841947340015	339.71158052659985	9.584351250262346	NaN	0.3358830899865819	1.3773755249731032	-150.18840637291765	-0.0193090803080985	1.3140644729626028	0.053674757057869955	0	68.56413402427495	-10.404871860305738	23.535848478330813	58.60759052445758	89.38027346656114	125.35710440534784	187.8077854544381	0.12953328862397026	1.019115267249149	21.744702264400786	1.0189061333340839	14.857707026292005	1.0883106208871316	0.5618973402420865	1.0883106208871316	0.3330583965416941	1.0883106208871316	-0.010386142054118065	1.152947053872755	NaN	NaN	800000009	800000009	800000009	800000009	800000109	800101109	899999999	899999999	89999	89999	89	89	5	12	10	10	52	38	0	NaN	0	0	0	0	0	0	0	0	0	NaN	NaN	NaN	NaN	0	0	0	0	0	0	0	0	12751	0	0	18000	18000	18000	18000	18000	80	NaN	1.7710411723634947	0.8298870290025965	0.15382284858011525	0.07843429550118657	0.06176900138943693	0.007956095874031075	2.0306482266739326e-8	NaN	0.018449744704027958	0.01393994340548922	0.008262746352410038	-0.000010386142054118065	NaN	410.28028818509125	3.562163267220671	95744.39839474826	11.470000267028809	-7.825825927840337	80.60970773887634	81.97024034457736	79.24917966058518	2.7210495257576306	0.00027760497208186686	-1	0	2.128164401663674	79.21757777214052	1.0000824789636664	-341.7874967786942	9.000660692109003	-273.1499938964844	012
DATA	2025-02-23T153000_AIU-0547.ghg	2025-02-23	16:00:00	54.666	1	18000	18000	0.8164341007938867	1	NaN	-55.174969349036466	0	NaN	49.684373378077034	1	NaN	2.1711495425804923	0	NaN	1.1142620086642803	1	NaN	0.013805133475567609	0	NaN	NaN	NaN	NaN	NaN	NaN	NaN	NaN	NaN	NaN	6.375646289246689e-10	5.558669996101991e-12	3.586481240409388e-12	NaN	16.416737711508524	410.4941645854265	411.9685728327638	0.1	1	143.1309442381577	3.5789337939033743	3.591788567387754	0.5	0	0.0923487896910972	2.1337077491857523	2.141371576285424	0	1	NaN	NaN	NaN	NaN	9	281.0670379842122	283.9897053863959	95317.17609375	1.1677181206991736	1007.2626236854721	0.024770880835372475	0.07220417816144535	0.0026035565105560457	341.22536820882084	1294.8811825619632	0.0022296104380029325	26.351867090515267	953.6558143531424	265.3876858236367	-0.15311867504773868	0.005860278515478453	0.08474176974972994	0.17510236735395765	3.951317300737791e-14	3.883625602897468e-14	0.17510236735395765	5.701170024999262	154.19179942564335	177.80820057435668	28.944068238972935	NaN	0.8361641782317282	1.3306456535363556	892.1134597419217	0.0032507075959137943	-1.1105095143130481	-0.05610089680660345	0	84.81027497403574	-12.870286427444862	29.112622942014692	72.49454745807971	110.55875900466783	155.0602315024117	232.30848246426226	0.7943577376866936	1.0277914622843396	-51.43160646628063	1.0215990457258604	45.163484038002544	1.1001005444192573	1.9735919172066598	1.1001005444192573	1.0128728817714556	1.1001005444192573	0.02637635797463156	1.179085578732506	NaN	NaN	800000009	800000009	800000009	800000009	800000109	801001109	899999999	899999999	89999	89999	89	89	10	9	2	24	15	25	0	NaN	0	0	0	0	0	0	0	0	0	NaN	NaN	NaN	NaN	0	0	0	0	0	0	0	0	13505	0	0	18000	18000	18000	18000	18000	80	NaN	1.1598466327897095	0.9412370747936571	0.5602075994893445	0.08198073708506053	0.08281271537904702	0.01718652984813041	1.7917968681244484e-8	NaN	-0.043726966631871325	0.049063251428623326	0.025179894805164794	0.00002637635797463156	NaN	410.49398872333546	3.5788768159379343	95716.77961176215	11.470346353054047	-7.773063396463536	80.60306943321228	81.96444724896158	79.24168763393826	2.722757062114849	0.00027801647051172855	-1	0	2.130478575050831	79.33122014342413	1.0001264651086594	-273.1499938964844	9.00075228714943	-273.1499938964844	194
DATA	2025-02-23T160000_AIU-0547.ghg	2025-02-23	16:30:00	54.687	1	18000	18000	0.17343401914736767	0	NaN	-6.2499756828523205	2	NaN	21.222492754580976	0	NaN	0.8950371052517068	0	NaN	0.47557452328389044	0	NaN	-0.0032043263306684687	0	NaN	NaN	NaN	NaN	NaN	NaN	NaN	NaN	NaN	NaN	1.6448464204038358e-11	1.4286325498512636e-13	9.244763877975159e-14	NaN	16.4624769042424	410.9411309078189	412.4131291152014	0.3	0	142.98496239424657	3.5692321690645175	3.5820172201568443	0.2	0	0.09252639634828337	2.1296856598873295	2.137314230594567	-0.3	0	NaN	NaN	NaN	NaN	9	281.19114478302004	283.1592077382407	95307.46906705729	1.1710280370858008	1007.2407733512671	0.024700956558602494	0.0308172291087961	0.002603849151993703	340.265732750699	1225.046856328782	0.00222355833466942	27.775732086722513	884.781123578083	265.35137435496824	0.03208404263833289	-0.48670468161510283	0.08511034142204114	0.49513089493087054	5.037982329599611e-14	9.99148809727385e-16	0.49513089493087054	4.499014906185807	58.228463728653765	273.77153627134624	9.897995084735426	NaN	0.3848429168612402	1.3035430523833504	767.750798620284	0.0037772673180041703	-0.29449771782832784	-0.013768741264240675	0	80.56272622480573	-12.225704517601256	27.654576906884913	68.86380667253421	105.02165022073258	147.29435770262722	220.67378838469838	0.17126768382200686	1.0126488271284864	-5.032925586032685	1.0145053910309396	19.431187859008602	1.0921871019193456	0.8194906382604418	1.0921871019193456	0.4354331986233344	1.0921871019193456	-0.00234364450900124	1.168733207414477	NaN	NaN	800000009	800000009	800000009	800000009	800000109	800101109	899999999	899999999	89999	89999	89	89	6	1	3	12	67	40	0	NaN	0	0	0	0	0	0	0	0	0	NaN	NaN	NaN	NaN	0	0	0	0	0	0	0	0	14262	0	0	18000	18000	18000	18000	18000	80	NaN	0.9609200850370098	1.5112328670765431	0.13493315265314818	0.05839699413401939	0.09676663364426959	0.006419713149318273	3.186813772115325e-8	NaN	-0.004266973230084322	0.020314730093508482	0.01079415369840364	-0.00000234364450900124	NaN	410.94089227036164	3.569180173315676	95703.65137456598	11.479999542236328	-7.805320990867088	80.6315298300849	81.99387031322055	79.26917935774063	2.7246975028183726	0.00027744037116806585	-1	0	2.1264651225474136	79.199963438246	1.000124729929699	-284.1319943576358	9.000792934536934	-273.1499938964844	054
DATA	2025-02-23T163000_AIU-0547.ghg	2025-02-23	17:00:00	54.708	1	18000	18000	0.14436905441982528	1	NaN	-14.137874504501161	1	NaN	25.99735617335093	0	NaN	2.0815183371086055	1	NaN	0.5817972114899238	0	NaN	0.004778694439102123	1	NaN	NaN	NaN	NaN	NaN	NaN	NaN	NaN	NaN	NaN	-2.907375318216156e-10	-2.539942575338945e-12	-1.627976907562931e-12	NaN	16.56884254971209	411.21374517365774	412.69633506182737	0.1	1	144.74879920877277	3.5924474297731517	3.6053996384375617	0.2	0	0.09277678353728107	2.1218286494590193	2.1294786897046056	0.4	0	NaN	NaN	NaN	NaN	9	281.0961037521362	281.7634482065836	95314.71399652777	1.176908021430635	1007.2263596774966	0.024577331349647378	0.03770045930454706	0.002633967979384244	342.5049480055403	1115.1312337040965	0.0022380406381990875	30.714317530848124	772.6262856985562	265.4359625704251	0.838276209923583	-0.37165504262011584	0.1720151125909543	0.9329649906553176	-3.789173946079347e-14	-1.754724453137299e-14	0.9329649906553176	5.152444767203108	355.9104059789055	336.0895940210945	10.624676508010632	NaN	0.35024004058351116	0.999742533312786	255.84380838833854	0.011335040774557915	-0.5438197026739762	-0.03405247806951411	0	77.0986123430955	-11.700011871414839	26.465458709858627	65.90273422848522	100.50582791111296	140.9608527044044	211.18504378164343	0.14311436849195866	1.0087670157866582	-12.589005454313886	1.0129772925570026	23.735345892169736	1.0953013405179586	1.900407002263207	1.0953013405179586	0.531175476526667	1.0953013405179586	0.007104651895395955	1.1724574702250372	NaN	NaN	800000009	800000009	800000009	800000009	800110109	800110119	899999999	899999999	89999	89999	89	89	3	1	1	42	15	33	0	NaN	0	0	0	0	0	0	0	0	0	NaN	NaN	NaN	NaN	0	0	0	0	0	0	0	0	17944	0	0	18000	18000	18000	18000	18000	80	NaN	1.1427647042249662	0.731981366683299	0.1247389957173067	0.0966599210248908	0.1937312789320952	0.014547308474342989	2.6155227697577588e-8	NaN	-0.010619933954148257	0.046875375085356615	0.013101956406537186	0.000007104651895395955	NaN	411.21369970874713	3.5923831538235254	95708.78290530374	11.47632036447525	-7.724379728741109	80.73510418185481	82.09932871705514	79.37087705951267	2.7284554759727584	0.00027589317757519883	-1	0	2.118578044050269	79.15244114473131	1.0000970400505595	-318.0066207800953	9.000649151590135	-273.1499938964844	029
DATA	2025-02-23T170000_AIU-0547.ghg	2025-02-23	17:30:00	54.729	1	18000	18000	0.09793110227826798	1	NaN	-21.079084959224982	1	NaN	11.40952019479808	1	NaN	0.7639298547506224	1	NaN	0.2550131926293811	1	NaN	-0.007717153225336061	2	NaN	NaN	NaN	NaN	NaN	NaN	NaN	NaN	NaN	NaN	3.5045770278661245e-10	3.23473285961353e-12	1.958498534372032e-12	NaN	16.69598613897355	412.3227368901081	413.8979283444146	0.1	1	154.10434571122474	3.8057485830075075	3.8202876372697276	0.1	1	0.09330388267421061	2.1211917246624283	2.129295287184435	0	1	NaN	NaN	NaN	NaN	9	280.34703007931176	280.44434975687665	95317.30326388888	1.1823803464423306	1007.3173696904563	0.02446160606772022	0.016524854882383894	0.002803560422442021	362.85099667041266	1019.3399381123503	0.002371115547444328	35.59666241885439	656.4889414419376	266.1827988141135	0.35087397959334415	-0.20376237979069756	0.09804717863510604	0.41742652792070817	7.908973802441862e-14	2.0990536280366018e-14	0.41742652792070817	3.4101281430645938	2.1449393173053295	329.85506068269467	13.584836762193067	NaN	0.28779398996398525	0.5834539496836342	95.20672855777177	0.0304600320159123	-1.8474996844157852	-0.06149594915238745	0	88.25989046899248	-13.393778887506302	30.296764312035627	75.44322689919494	115.05568120286198	161.36722882562586	241.75751373982342	0.09660924031395612	1.0136825624548556	-20.166459446961877	1.0162484475235292	10.343286354684512	1.1030846293480667	0.6925396605354859	1.1030846293480667	0.2311818928889402	1.1030846293480667	-0.0012842573962366776	1.188898234040747	NaN	NaN	800000009	800000009	800000009	800000009	800000109	800111119	899999999	899999999	89999	89999	89	89	1	2	1	10	16	10	0	NaN	0	0	0	0	0	0	0	0	0	NaN	NaN	NaN	NaN	0	0	0	0	0	0	0	0	14462	0	0	18000	18000	18000	18000	18000	80	NaN	0.4722279578795507	0.6346120983481316	0.06006784313958601	0.8108434626153097	1.1575173214565073	0.11043326902474558	7.103206990833961e-8	NaN	-0.01693191705623139	0.01700536787695288	0.005676690244753575	-0.0000012842573962366777	NaN	412.322274186504	3.805639098224292	95708.87807378473	11.470000267028809	-7.011205528570573	80.80051841841804	82.1639205140008	79.43711543634203	2.72680141729688	0.00027452504722330347	-1	0	2.117737848215633	79.14097183333503	1.0000958878232373	-273.1499938964844	9.000518678320779	-273.1499938964844	061
DATA	2025-02-23T173000_AIU-0547.ghg	2025-02-23	18:00:00	54.749	0	18000	18000	0.05684203189802925	1	NaN	61.22195178449272	1	NaN	-16.412951594094256	1	NaN	-2.615951963332608	1	NaN	-0.366197368611945	1	NaN	0.00846669711356683	1	NaN	NaN	NaN	NaN	NaN	NaN	NaN	NaN	NaN	NaN	5.954341944057122e-11	6.252955373282533e-13	3.3072982429613876e-13	NaN	16.894019761240482	415.00382101860794	416.82039300136637	0.1	1	177.41263876829265	4.358164843322596	4.377241583703421	0.1	1	0.09383666977451907	2.1157103048786468	2.1249712800042317	0	1	NaN	NaN	NaN	NaN	9	278.4037729297213	278.5931776275634	95350.54413758681	1.19040294079982	1007.5845228255787	0.024291667129380502	-0.023729589486054036	0.003232965913948302	415.664857049783	897.1676036385912	0.0027158584737501604	46.330792079873916	481.50274658880824	267.96048979889787	0.645179352184852	-0.012882976960005092	0.11560289101926696	0.6555809606700169	3.8858397994533405e-14	3.5245264467595905e-15	0.6555809606700169	2.3483586780124988	333.1439332703178	358.8560667296821	10.15644698992782	NaN	0.21851829409440662	0.39156257039144043	-14.353668001443342	-0.20203894918764936	-3.7301000635694153	0.23358442995568066	0	92.73711800842925	-14.07321543987023	31.833651643448373	79.27029366012324	120.8921994866807	169.5530287062014	254.02133360896286	0.05585471011668706	1.017676607385117	59.35444525625033	1.0179847579797303	-15.092588345728087	1.0874842153062432	-2.4055079848638883	1.0874842153062432	-0.33673810015607564	1.0874842153062432	-0.010219625365901756	1.1517256286389588	NaN	NaN	800000009	800000009	800000009	800000009	800000009	800000009	899999999	899999999	89999	89999	89	89	1	0	1	2	0	0	0	NaN	0	0	0	0	0	0	0	0	0	NaN	NaN	NaN	NaN	0	0	0	0	0	0	0	0	7610	0	0	18000	18000	18000	18000	18000	80	NaN	0.3409370241618326	0.41158760605342526	0.030600510567623033	1.290022788835275	2.5964538323662816	0.13874663610639348	7.060420655881165e-8	NaN	0.04948547819791211	-0.05868964701170489	-0.008215745014319903	-0.000010219625365901756	NaN	415.0033089199943	4.358027405259072	95733.49388802084	11.477011425495146	-5.238606964588185	80.74968992402819	82.10648723898994	79.39289231067234	2.7135932111210295	0.0002727761826794855	-1	0	2.1117585585713385	79.07668835046555	1.0000733684483503	-273.1499938964844	9.000411123010847	-273.1499938964844	213
DATA	2025-02-23T180000_AIU-0547.ghg	2025-02-23	18:30:00	54.77	0	18000	18000	0.04047538560229014	1	NaN	18.502556638563092	1	NaN	1.7360947323028764	1	NaN	-0.9456544140655895	1	NaN	0.0386447752733253	1	NaN	0.00007086836040666313	1	NaN	NaN	NaN	NaN	NaN	NaN	NaN	NaN	NaN	NaN	8.228704100993949e-11	9.844005854831487e-13	4.5075506694370434e-13	NaN	17.233463087092602	419.51301488278636	421.62901822663673	0.3	0	206.16406841980168	5.018637836528028	5.043951602887898	0.1	1	0.09440211620388653	2.1052074647250096	2.1158260292911204	0.9	0	NaN	NaN	NaN	NaN	9	275.90563577440065	276.1468691779242	95417.37608203126	1.2014895083639192	1007.9046646835764	0.024061498697799725	0.0025041814377114793	0.0037585296119571985	478.9937044026512	755.6372494615081	0.003128225078781776	63.389371652072185	276.6435450588569	269.84467259029645	1.2554298285493883	0.4791821559614266	0.1723351368016527	1.3547763624968163	-1.955210372584223e-14	4.774840703466633e-15	1.3547763624968163	2.9571492126935137	311.10875833630826	20.891241663691794	7.30814416094505	NaN	0.1835420195570133	0.24749532116120532	-28.159699574119585	-0.10298405323419252	10.657573169420322	0.08324473944169283	1	15.338016161116343	7	13	22	35	61	162	0.04004666835005317	1.0107054411740197	18.36951321683847	1.0138745623356562	1.597022368189888	1.0870822894425811	-0.8699014078782288	1.0870822894425811	0.035549079999400074	1.0870822894425811	-0.00584257439183893	1.1479432923259247	NaN	NaN	800000009	800000009	800000009	800000009	800000009	800000009	899999999	899999999	89999	89999	89	89	0	1	3	12	16	1	0	NaN	0	0	0	0	0	0	0	0	0	NaN	NaN	NaN	NaN	0	0	0	0	0	0	0	0	12806	0	0	18000	18000	18000	18000	18000	80	NaN	0.22604590789128287	0.2473053572110408	0.021639377220086985	0.43744691528179536	1.257611902184255	0.0512280973899493	4.8627471881864647e-8	NaN	0.01516904395867999	-0.021036735670046245	0.0008596797205843715	-0.00000584257439183893	NaN	419.51302287750394	5.018586671009961	95794.88862499999	11.478961218145159	-3.324280075258673	80.55675143432616	81.90655279858909	79.20695004738704	2.6996011295848428	0.0002705950383856867	-1	0	2.100646890315745	78.79353432422212	1.000045598121153	-273.1499938964844	9.000268633100722	-273.1499938964844	026
DATA	2025-02-23T183000_AIU-0547.ghg	2025-02-23	19:00:00	54.791	0	18000	18000	0.02217017071657554	0	NaN	1.7796575776880696	0	NaN	7.765575096449105	1	NaN	0.29331968053617286	2	NaN	0.1726819091179783	1	NaN	-0.0026373084778410416	0	NaN	NaN	NaN	NaN	NaN	NaN	NaN	NaN	NaN	NaN	-5.900349670272806e-11	-6.959750868488073e-13	-3.228497771971567e-13	NaN	17.330877465537057	419.54918714008363	421.63577309082916	0.2	0	204.4261717235735	4.94878775453431	4.973400055828997	0.1	1	0.09482946335485845	2.1042409063250376	2.1147061381660324	0.9	0	NaN	NaN	NaN	NaN	9	274.84803754509824	275.07053732808424	95427.99448046875	1.2063570049844752	1007.8505676519966	0.02396504778075117	0.011189787710844992	0.003721134115004109	472.379567363387	699.8959369760477	0.0030846043912614385	67.49282892030178	227.51636961266064	269.6585934556431	1.6447371659345458	0.5660085392814205	0.2166842488964997	1.7528485602770933	2.4724171463581988e-14	-3.404530256477677e-15	1.7528485602770933	3.4069050739341975	313.00996286318605	18.990037136813932	7.100974306454156	NaN	0.13556469255247466	0.32184970496286497	-117.97208667654222	-0.02458208616713941	0.22917266983894571	0.01079736690902469	1	34.015791903154444	15	29	53	88	162	486	0.02196560221401453	1.0093131297092548	2.162974483915438	1.013358998236855	7.125613765610445	1.0898113975707235	0.2691471948173838	1.0898113975707235	0.15845118660247087	1.0898113975707235	-0.003530043187011427	1.14898326027236	NaN	NaN	800000009	800000009	800000009	800000009	800010019	800011019	899999999	899999999	89999	89999	89	89	7	3	7	13	29	1	2	NaN	0	0	0	0	0	0	0	0	0	NaN	NaN	NaN	NaN	0	0	0	0	0	0	0	0	18000	0	0	18000	18000	18000	18000	18000	80	NaN	0.2747078218553084	0.34016027833928886	0.028831309731132643	0.21122419327792558	1.921421001116561	0.05500678665219708	3.3617713023401523e-8	NaN	0.001779014144502794	0.006482213085471525	0.0038161807924467633	-0.0000035300431870114266	NaN	419.5495646994226	4.948732899045868	95814.62678515624	11.449999809265137	-3.5102951190206886	80.38907624265885	81.73810407384238	79.04004781977335	2.6980540447698695	0.000269145942608399	-1	0	2.0997373122506673	78.59241711595325	1.0000185905065802	-273.1499938964844	9.00011990873019	-273.1499938964844	230
DATA	2025-02-23T190000_AIU-0547.ghg	2025-02-23	19:30:00	54.812	0	18000	18000	0.023650402720413764	1	NaN	2.932000123071034	1	NaN	4.406190739356719	0	NaN	-0.005601112978020638	2	NaN	0.09802234754791705	0	NaN	0.0002527532088550058	1	NaN	NaN	NaN	NaN	NaN	NaN	NaN	NaN	NaN	NaN	8.359336073222929e-11	8.949001383058791e-13	4.597950113613602e-13	NaN	17.234164839400595	417.4122062432848	419.28581151915137	0.1	1	184.49858174465825	4.468563505829466	4.488621194691557	0.1	1	0.0947944065021972	2.107462314068891	2.1169219140788345	0	1	NaN	NaN	NaN	NaN	9	275.2360177035861	275.52768851894814	95413.81770876735	1.204395590319848	1007.5957966145398	0.024008442983998162	0.006351848121105025	0.00335396659451822	426.4770710471278	723.1099237267044	0.002784771566315281	58.9781798110563	296.6328526795766	268.2994683411287	1.7311885287399522	0.2839117919075999	0.22701145285682675	1.7689414426015735	-5.0569598221023095e-14	4.8504445391585725e-15	1.7689414426015735	4.759524156935366	322.68650186570085	9.313498134299152	7.373204479139956	NaN	0.1401311518346631	0.5372200186010136	-79.07499180122522	-0.036674047431960226	0.6654274171297204	0.017241450060882534	1	33.24847332522857	14	28	50	83	150	435	0.023433118524544265	1.0092725257904496	3.1270266411387446	1.0133501448993487	4.042589524069034	1.0899426501560079	-0.005138906140812939	1.0899426501560079	0.08993349102715331	1.0899426501560079	-0.0009624780041051039	1.1490489361900071	NaN	NaN	800000009	800000009	800000009	800000009	800000019	800110019	899999999	899999999	89999	89999	89	89	0	0	3	3	0	0	0	NaN	0	0	0	0	0	0	0	0	0	NaN	NaN	NaN	NaN	0	0	0	0	0	0	0	0	10655	0	0	18000	18000	18000	18000	18000	80	NaN	0.46188398841472555	0.5853443811385809	0.02721166764872078	0.9057992742700195	3.7854359805390487	0.15205916551480944	9.950951251198316e-8	NaN	0.002576772503112197	-0.0001239310775214245	0.002168857368252171	-9.624780041051038e-7	NaN	417.411631960307	4.468412933763421	95811.08648415798	11.449999809265137	-4.899549987395588	80.61434022310046	81.96505560514662	79.26362570444742	2.7014290509687537	0.0002693259628318224	-1	0	2.103397844294707	78.55772176212733	1.000021758839488	-273.1499938964844	9.000170973141989	-273.1499938964844	253
DATA	2025-02-23T193000_AIU-0547.ghg	2025-02-23	20:00:00	54.833	0	18000	18000	0.018661573924672575	0	NaN	7.098207600294368	1	NaN	7.176810199913781	1	NaN	0.1367497843078901	2	NaN	0.15945651315946366	1	NaN	-0.0016079998805517209	0	NaN	NaN	NaN	NaN	NaN	NaN	NaN	NaN	NaN	NaN	-5.573984493608977e-12	-6.404482286235425e-14	-3.0538251501252854e-14	NaN	17.332813421409067	418.44761036225674	420.4692025745476	0.1	1	199.15322092359116	4.807943601844218	4.8311716024395785	0.1	1	0.09496147972678826	2.098576588654733	2.108715172275386	-0.1	0	NaN	NaN	NaN	NaN	9	273.9020311431884	274.1914599219429	95406.50023372396	1.2100166397714944	1007.7611994396163	0.02389384153287743	0.010332782052733245	0.0036260031720090568	458.83211622591136	657.1034462899818	0.0029966556267307276	69.82646626136052	198.2713300640704	269.2701238101515	1.8816531376176706	0.8970365501416279	0.26913976418368063	2.101839507493653	-9.877846246714379e-16	-3.2158567441360257e-16	2.101839507493653	3.5357827869554437	306.51155972964847	25.488440270351536	7.35690219975777	NaN	0.12418766556354083	0.23018141167001016	-22.73408247067731	-0.12756177882878952	0.9890476970367201	0.046872838880931855	1	47.13716777105338	21	38	66	103	173	435	0.018502115581288742	1.0086183843508736	7.386349061302166	1.0133116376244122	6.5664544817348	1.0929505747548762	0.1251198246897486	1.0929505747548762	0.145895447463602	1.0929505747548762	-0.004182898121365022	1.1507157692732335	NaN	NaN	800000009	800000009	800000009	800000009	800000009	800010009	899999999	899999999	89999	89999	89	89	3	0	0	11	2	0	0	NaN	0	0	0	0	0	0	0	0	0	NaN	NaN	NaN	NaN	0	0	0	0	0	0	0	0	13561	0	0	18000	18000	18000	18000	18000	80	NaN	0.1980534556317424	0.2371288769176017	0.025180490790676184	0.31849460665307305	2.9944351841811314	0.09252148410302824	1.9949466999640576e-8	NaN	0.006057324660965705	0.0030040403948048827	0.0035028487187027126	-0.0000041828981213650226	NaN	418.4473325512238	4.807851768015519	95796.7629266493	11.449999809265137	-3.9091576113833493	80.27241761228771	81.6216203757392	78.92321452458697	2.6984046379725126	0.0002687385421029628	-1	0	2.094208666317993	77.56381797112356	1.0000119614594927	-273.1499938964844	9.000115889019437	-273.1499938964844	063
DATA	2025-02-23T200000_AIU-0547.ghg	2025-02-23	20:30:00	54.854	0	18000	18000	0.009578069727492526	1	NaN	1.9813445828625875	0	NaN	14.28979249677365	0	NaN	1.38688181812772	0	NaN	0.31733016327459806	0	NaN	-0.00418092710535348	0	NaN	NaN	NaN	NaN	NaN	NaN	NaN	NaN	NaN	NaN	-1.422566536758016e-11	-1.6277202183740274e-13	-7.800579791897372e-14	NaN	17.322370392869928	417.16273178111555	419.16349699142364	0.1	1	198.20494711548434	4.773233415287118	4.796126446304561	0.1	1	0.09498644101549517	2.0938436997684575	2.1038860389113454	-0.1	0	NaN	NaN	NaN	NaN	9	273.4010130360922	273.6444319915771	95396.04769184027	1.212318627662986	1007.7346777099816	0.023848784751829628	0.020562994580193953	0.003606626858025574	455.4697447031433	631.6598489562604	0.0029749826289299456	72.10680644903276	176.19010425311706	269.1721331271183	1.731997568216596	0.7555043225982924	0.24264618706824093	1.9051192954436276	1.5894847150240056e-14	-8.212308734280151e-16	1.9051192954436276	3.1720579194819836	308.4329761672175	23.5670238327825	7.317372397204679	NaN	0.08888543619898956	0.13517398344287482	-29.85952236549725	-0.09712144636817624	0.13865453842733794	0.018245947544270724	1	64.35820363859044	28	52	91	143	245	629	0.009492958925003321	1.008965676893959	2.6958206627187455	1.0133031790797584	13.096519044480717	1.0911137874300894	1.2710698316756275	1.0911137874300894	0.29083141183836453	1.0911137874300894	-0.005457245003316527	1.1496646239593005	NaN	NaN	800000009	800000009	800000009	800000009	800000009	800000009	899999999	899999999	89999	89999	89	89	3	3	1	8	2	0	0	NaN	0	0	0	0	0	0	0	0	0	NaN	NaN	NaN	NaN	0	0	0	0	0	0	0	0	18000	0	0	18000	18000	18000	18000	18000	80	NaN	0.16537819121930472	0.07899015244779498	0.02597962321864995	0.05444745208524465	2.0051589670901024	0.04376313272575413	1.3201701314463348e-8	NaN	0.002206622366383998	0.030458897244936695	0.006969250522692952	-0.000005457245003316527	NaN	417.1624740396276	4.773189639414645	95790.63069205728	11.442987982114158	-3.9936196540196742	80.12652482562596	81.46852123133343	78.78452701780532	2.6839946798483525	0.00026770419449571317	-1	0	2.0895079640282526	76.24741769790636	1.000022182362775	-273.1499938964844	9.000211858113607	-273.1499938964844	000
DATA	2025-02-23T203000_AIU-0547.ghg	2025-02-23	21:00:00	54.874	0	18000	18000	0.005751639719860123	1	NaN	7.461147078481181	0	NaN	7.648889400805316	0	NaN	-0.17006636293469254	2	NaN	0.16980777638779607	0	NaN	-0.001869844050730918	0	NaN	NaN	NaN	NaN	NaN	NaN	NaN	NaN	NaN	NaN	9.763751348830025e-11	1.0926217095543848e-12	5.369295799037397e-13	NaN	17.314467562876093	416.53604156224094	418.48672766044115	0.1	1	193.7591656391429	4.66128545845535	4.683114793341831	0.1	1	0.09521596221216747	2.0958590685036773	2.105674217112146	-0.1	0	NaN	NaN	NaN	NaN	9	273.08782399156354	273.3378942074246	95383.75378190105	1.213573248453648	1007.6694790484073	0.023825139631606092	0.011003543909929185	0.003525535073428006	444.7301666449933	617.7870507186215	0.002905086345566938	71.98761549431553	173.05688407362817	268.85478632892693	1.6672909919851338	0.6592845230971466	0.2196817158848269	1.8063154183708372	-3.3202086296362726e-14	5.639071090909235e-15	1.8063154183708372	3.3564558546774252	310.42503835859213	21.574961641407842	6.985531021639345	NaN	0.06884348385500078	0.15202860359180745	-3.6837005292830707	-0.7872518346556265	0.9754549565974417	0.0886254926273341	1	52.6503425834501	24	41	67	100	157	344	0.005699308324640819	1.0091820607411344	7.7683804551733155	1.0133323849121456	7.0156873271080675	1.0902551730392265	-0.15598766888728507	1.0902551730392265	0.1557504890478392	1.0902551730392265	-0.0045798418496042015	1.1492076410265244	NaN	NaN	800000009	800000009	800000009	800000009	800000009	800001009	899999999	899999999	89999	89999	89	89	0	0	1	11	12	0	0	NaN	0	0	0	0	0	0	0	0	0	NaN	NaN	NaN	NaN	0	0	0	0	0	0	0	0	18000	0	0	18000	18000	18000	18000	18000	80	NaN	0.1758317380735188	0.10557900955776982	0.022646459552326324	0.05723362578019541	2.1592848494622543	0.035580990439009044	1.7066595190168598e-8	NaN	0.006352525073547356	-0.0037338371413874194	0.0037281598279175245	-0.0000045798418496042016	NaN	416.5358400775615	4.661249786411705	95780.10037413194	11.440345699416266	-4.309142823404744	80.13740393786958	81.47883524364894	78.79597389051648	2.6828616479237883	0.00026726205425155864	-1	0	2.091619475291835	75.8286578600142	1.000008830718696	-273.1499938964844	9.00010787126753	-273.1499938964844	111
DATA	2025-02-23T210000_AIU-0547.ghg	2025-02-23	21:30:00	54.895	0	18000	18000	0.012037479495711961	0	NaN	7.045106511365558	0	NaN	11.735754998617614	0	NaN	0.37259810664554965	1	NaN	0.26048703932389106	0	NaN	-0.004012581897951778	0	NaN	NaN	NaN	NaN	NaN	NaN	NaN	NaN	NaN	NaN	-3.68577803697458e-11	-4.074215862000765e-13	-2.0373845842149728e-13	NaN	17.309625180550402	416.00230284468216	417.9241020532839	0.1	0	191.33856886773967	4.598440719642118	4.619684062949065	0.1	1	0.09568227697818887	2.104063725268013	2.1137838349270632	-0.1	0	NaN	NaN	NaN	NaN	9	272.8688522474501	273.133609825982	95410.01906228298	1.214844258206082	1007.6324880597618	0.023800779566041493	0.01687956014818814	0.0034815625663773505	438.85500335862616	608.6924610292656	0.0028658509457981486	72.09798567515463	169.83745767063942	268.6782893566564	1.6539574199203053	0.7686450635648931	0.227777671896657	1.838007902177447	-5.416437503623379e-14	-2.1293228469880604e-15	1.838007902177447	3.50025022071256	307.07425243829937	24.925747561700675	7.118760010675731	NaN	0.09954225559431477	0.2024125794112112	-11.795491376978774	-0.24585665041983087	0.6003113146274288	0.05781723505443922	1	47.91319965624904	21	38	64	98	160	378	0.011928816510228578	1.0091092846796836	7.5671326929222	1.013320297138309	10.761564893226646	1.090524948281836	0.3416685764343056	1.090524948281836	0.23886389736823388	1.090524948281836	-0.006736976814479325	1.149348483769951	NaN	NaN	800000009	800000009	800000009	800000009	800000009	800000009	899999999	899999999	89999	89999	89	89	2	2	5	14	4	0	0	NaN	0	0	0	0	0	0	0	0	0	NaN	NaN	NaN	NaN	0	0	0	0	0	0	0	0	18000	0	0	18000	18000	18000	18000	18000	80	NaN	0.197725427632899	0.1823183039791918	0.024781427210331625	0.04142698568166236	1.69873617260605	0.037961314315058885	2.4756117383174486e-8	NaN	0.006181709363603425	0.00816955576726621	0.005711417627870579	-0.000006736976814479325	NaN	416.00225552861383	4.598402701759947	95806.87623980035	11.449999809265137	-4.48629434855782	80.13639908472697	81.47734386910332	78.79545371415881	2.6818887333340107	0.00026708914150690865	-1	0	2.0998616972300734	75.58134633255003	1	-273.1499938964844	9.000052115387387	-273.1499938964844	026
DATA	2025-02-23T213000_AIU-0547.ghg	2025-02-23	22:00:00	54.916	0	18000	18000	0.005515723359686852	1	NaN	2.9089208435892164	1	NaN	4.806274123513997	1	NaN	0.5776534763680483	1	NaN	0.10669495694877963	1	NaN	-0.0013013063767925758	1	NaN	NaN	NaN	NaN	NaN	NaN	NaN	NaN	NaN	NaN	-1.0145211195376758e-10	-1.1026605278677788e-12	-5.629948891398163e-13	NaN	17.2777288522102	415.51216010166	417.39717147914473	0.1	0	187.7878069725777	4.516109610433424	4.536597381466533	0.1	1	0.09588043908017087	2.109783257140713	2.1193544943405196	-0.1	0	NaN	NaN	NaN	NaN	9	272.9774391437107	273.27999967787	95391.35507682292	1.213993833417168	1007.5896228749707	0.023818195217921247	0.00691383321028092	0.0034167280866493365	430.9133723683224	615.1974811062345	0.0028144525883067126	70.04472313401926	184.28410873791205	268.43634862477865	1.8043330257584798	0.5891762439121453	0.21648527823885574	1.9103958202234625	1.266063520184764e-13	-5.8718430426571744e-15	1.9103958202234625	3.6089531125894347	313.9163745180756	18.08362548192442	6.506711266980285	NaN	0.06740513730282895	0.1363704986262813	-8.86875507792858	-0.3269906513956111	0.6052340688097135	0.03528082557364088	1	74.90230866809856	33	59	98	148	239	546	0.005466768470392882	1.0089549959101252	3.1223819421969137	1.0133022868212107	4.404727975463765	1.0911625304189083	0.5293926983968935	1.0911625304189083	0.0977809940997684	1.0911625304189083	-0.002447234859517386	1.1496906429630227	NaN	NaN	800000009	800000009	800000009	800000009	800000009	800110009	899999999	899999999	89999	89999	89	89	15	19	8	9	14	0	0	NaN	0	0	0	0	0	0	0	0	0	NaN	NaN	NaN	NaN	0	0	0	0	0	0	0	0	18000	0	0	18000	18000	18000	18000	18000	80	NaN	0.1004089606814458	0.15291475443825675	0.019417282132860068	0.0553082896818038	1.5941515347062347	0.03528301778864111	1.2200823985289287e-8	NaN	0.0025526181907499982	0.012666396817813126	0.002339535237751549	-0.000002447234859517386	NaN	415.5120771420691	4.516074267604148	95791.79217751736	11.44632028060489	-4.72727934020095	80.22409401957196	81.56933338377209	78.87885630204944	2.690477273901304	0.00026766120422366335	-1	0	2.1056484702825546	76.00675853686863	1.0000000044438575	-273.1499938964844	9.000059613068899	-273.1499938964844	082
DATA	2025-02-23T220000_AIU-0547.ghg	2025-02-23	22:30:00	54.937	0	18000	18000	0.005219661254478228	0	NaN	4.007695875666929	0	NaN	7.820379192993481	0	NaN	-0.03194876006059452	2	NaN	0.17365326729394975	0	NaN	-0.001957836260235584	0	NaN	NaN	NaN	NaN	NaN	NaN	NaN	NaN	NaN	NaN	1.5355086734782683e-11	1.6406064907901265e-13	8.540499332412699e-14	NaN	17.23263922229341	414.77086947082404	416.6171493704063	0.1	1	184.12126385126024	4.431598416849508	4.4513249012347025	0.7	0	0.09584794037035356	2.111803364911571	2.1212036878163127	-0.1	0	NaN	NaN	NaN	NaN	9	273.2532499186198	273.57090029907226	95400.48901128472	1.2128578798601362	1007.5475994681407	0.023841266314866005	0.011252731720647943	0.003349545438788162	422.89006143161	628.307144479951	0.0027616965634707532	67.3062633692691	205.41708304834106	268.1878649778382	1.698687092843966	0.5237728741090555	0.20714798048090727	1.789632964846283	-3.4708525642057207e-15	8.910467245735763e-16	1.789632964846283	3.7834434268188533	314.86338605300966	17.13661394699035	6.646820180663399	NaN	0.06560186746724161	0.138335960611782	-5.93464711696896	-0.48865584471029766	0.5124682290671465	0.04999229430988852	1	64.300838810701	29	50	83	125	198	442	0.005171965813332855	1.009221917326371	4.364140966068646	1.0133397861936364	7.17389091054522	1.0901168264906231	-0.029307647844906772	1.0901168264906231	0.15929785053679607	1.0901168264906231	-0.0036054900158433386	1.1491364151233063	NaN	NaN	800000009	800000009	800000009	800000009	800100009	811100009	899999999	899999999	89999	89999	89	89	9	5	7	11	4	0	0	NaN	0	0	0	0	0	0	0	0	0	NaN	NaN	NaN	NaN	0	0	0	0	0	0	0	0	18000	0	0	18000	18000	18000	18000	18000	80	NaN	0.10250255599529443	0.16056662406931296	0.013602741158956594	0.03907555660643854	1.0680455195333478	0.044041156162214254	1.1788360834017174e-8	NaN	0.00357127491719766	-0.0007018425559936045	0.003814772552771124	-0.0000036054900158433385	NaN	414.7709720343894	4.431554411765843	95800.77147634549	11.4399995803833	-4.978688187069375	80.3367968796624	81.6879360177782	78.98565739144219	2.7022788509792743	0.00026761226018748454	-1	0	2.107744372440709	76.46104909812077	1.0000038950410155	-273.1499938964844	9.00008681925138	-273.1499938964844	192
DATA	2025-02-23T223000_AIU-0547.ghg	2025-02-23	23:00:00	54.958	0	18000	18000	0.008199717291890918	1	NaN	10.216940031878023	1	NaN	9.202255200229862	0	NaN	0.016902376217364616	2	NaN	0.20430386132891384	0	NaN	-0.0018730986798197009	0	NaN	NaN	NaN	NaN	NaN	NaN	NaN	NaN	NaN	NaN	-2.6909537438468246e-11	-2.9489193647010443e-13	-1.495859662643166e-13	NaN	17.252150367133705	415.1542872039796	417.05167481957415	0.1	1	189.06010709662627	4.549526425988844	4.57031921402827	0.1	1	0.09590204174657406	2.1113907941803864	2.1210405240953514	-0.1	0	NaN	NaN	NaN	NaN	9	273.1082116275364	273.3940125579834	95396.30060286459	1.2135351165971167	1007.6093696919633	0.023826896913640063	0.013238890214113617	0.0034407530236999747	434.1244085834166	620.306388596802	0.0028353139325281475	69.9854808146425	186.18198001338538	268.53464535941987	1.7654283660219763	0.80308591992677	0.2435245876547151	1.9547349014973985	8.797652407674555e-16	-1.559778744435963e-15	1.9547349014973985	3.701889986433699	307.53941209030154	24.4605879096985	7.156611671883248	NaN	0.08220027405089728	0.19975136175943653	-4.579663980161922	-0.6332342312803187	1.1102648002657887	0.10164898193276199	1	50.610829369021445	23	40	65	97	154	340	0.008127638774270892	1.0088683219840184	10.57149692813837	1.0132974591287705	8.430343740703432	1.0915634620922374	0.015484556605593273	1.0915634620922374	0.18716626968927447	1.0915634620922374	-0.005566865862000699	1.1499131472297215	NaN	NaN	800000009	800000009	800000009	800000009	800000009	800100009	899999999	899999999	89999	89999	89	89	5	6	5	4	3	0	0	NaN	0	0	0	0	0	0	0	0	0	NaN	NaN	NaN	NaN	0	0	0	0	0	0	0	0	18000	0	0	18000	18000	18000	18000	18000	80	NaN	0.19163355259162157	0.18118987793365438	0.026679292993597097	0.06299361823013662	1.63653126469545	0.04145618350573026	1.9557915097343622e-8	NaN	0.008645536375385343	0.00037063560277384496	0.0044799786621050885	-0.000005566865862000699	NaN	415.1541993608342	4.5494849484220765	95794.75999435764	11.4399995803833	-4.630921047184166	80.24444577111139	81.5919024916755	78.8969896689521	2.6949131936894526	0.0002672445762905732	-1	0	2.1072209735247824	76.27405420027839	1.000002436882092	-273.1499938964844	9.000073535786735	-273.1499938964844	159
DATA	2025-02-23T230000_AIU-0547.ghg	2025-02-23	23:30:00	54.979	0	18000	18000	0.005587547389908368	1	NaN	6.026444790753841	0	NaN	10.072303815094017	0	NaN	0.702367542945779	0	NaN	0.2235898923720161	0	NaN	-0.0030988353386360965	0	NaN	NaN	NaN	NaN	NaN	NaN	NaN	NaN	NaN	NaN	-4.2855980633753125e-11	-4.52132793933848e-13	-2.385406192009601e-13	NaN	17.263146901832137	415.1779734440471	417.00451531975307	0.1	0	182.12708530739948	4.380148915906646	4.399419026385688	0.1	1	0.0960883799746001	2.113965639694692	2.1232658603510903	-0.1	0	NaN	NaN	NaN	NaN	9	272.9435367728339	273.2508406304254	95375.73823611111	1.2139871280048218	1007.5152242369284	0.02381955338974463	0.014488625025706641	0.003313676101542724	417.8719961192953	613.8968697691882	0.0027295809198477454	68.06876149676508	196.02487364989292	268.0303177947183	1.810160274078451	0.7044242897403259	0.2368543711844582	1.9567814877949974	5.477190427542693e-14	-2.4825126541212962e-15	1.9567814877949974	3.685976459503408	310.73648888310663	21.263511116893323	6.952291135469258	NaN	0.06784276954699935	0.13511866215992735	-4.364199779846986	-0.6644975359266613	0.5983184087162673	0.07262596469478744	1	62.1549526291168	28	49	80	118	187	411	0.005538451994992006	1.0088644615789313	6.474034983302307	1.0132973376688255	9.22727365045641	1.091579614591338	0.6434414252126989	1.091579614591338	0.20483150233226274	1.091579614591338	-0.005461858124434168	1.1499237363692159	NaN	NaN	800000009	800000009	800000009	800000009	800000009	801100009	899999999	899999999	89999	89999	89	89	18	24	6	11	8	0	0	NaN	0	0	0	0	0	0	0	0	0	NaN	NaN	NaN	NaN	0	0	0	0	0	0	0	0	18000	0	0	18000	18000	18000	18000	18000	80	NaN	0.13438083577324975	0.12079016336893157	0.015066325177673378	0.055180589673923676	1.3659887589023345	0.08249189401956829	1.4652518991368745e-8	NaN	0.005293090781156044	0.015393933187562343	0.004900465431750139	-0.000005461858124434168	NaN	415.1779671760193	4.380067022649896	95774.71991493055	11.4399995803833	-5.148871241913887	80.32958694034153	81.68008971616958	78.97908298110961	2.7010069442987437	0.00026765378425221175	-1	0	2.1099455306662454	76.4182345941332	1.0000000000329823	-273.1499938964844	9.000049569209416	-273.1499938964844	187
