DATAH	filename	date	time	DOY	daytime	file_records	used_records	Tau	qc_Tau	rand_err_Tau	H	qc_H	rand_err_H	LE	qc_LE	rand_err_LE	co2_flux	qc_co2_flux	rand_err_co2_flux	h2o_flux	qc_h2o_flux	rand_err_h2o_flux	ch4_flux	qc_ch4_flux	rand_err_ch4_flux	none_flux	qc_none_flux	rand_err_none_flux	H_strg	LE_strg	co2_strg	h2o_strg	ch4_strg	none_strg	co2_v-adv	h2o_v-adv	ch4_v-adv	none_v-adv	co2_molar_density	co2_mole_fraction	co2_mixing_ratio	co2_time_lag	co2_def_timelag	h2o_molar_density	h2o_mole_fraction	h2o_mixing_ratio	h2o_time_lag	h2o_def_timelag	ch4_molar_density	ch4_mole_fraction	ch4_mixing_ratio	ch4_time_lag	ch4_def_timelag	none_molar_density	none_mole_fraction	none_mixing_ratio	none_time_lag	none_def_timelag	sonic_temperature	air_temperature	air_pressure	air_density	air_heat_capacity	air_molar_volume	ET	water_vapor_density	e	es	specific_humidity	RH	VPD	Tdew	u_unrot	v_unrot	w_unrot	u_rot	v_rot	w_rot	wind_speed	max_wind_speed	wind_dir	yaw	pitch	roll	u*	TKE	L	(z-d)/L	bowen_ratio	T*	model	x_peak	x_offset	x_10%	x_30%	x_50%	x_70%	x_90%	un_Tau	Tau_scf	un_H	H_scf	un_LE	LE_scf	un_co2_flux	co2_scf	un_h2o_flux	h2o_scf	un_ch4_flux	ch4_scf	un_none_flux	un_none_scf	spikes_hf	amplitude_resolution_hf	drop_out_hf	absolute_limits_hf	skewness_kurtosis_hf	skewness_kurtosis_sf	discontinuities_hf	discontinuities_sf	timelag_hf	timelag_sf	attack_angle_hf	non_steady_wind_hf	u_spikes	v_spikes	w_spikes	ts_spikes	co2_spikes	h2o_spikes	ch4_spikes	none_spikes	head_detect_LI-7200	t_out_LI-7200	t_in_LI-7200	aux_in_LI-7200	delta_p_LI-7200	chopper_LI-7200	detector_LI-7200	pll_LI-7200	sync_LI-7200	chopper_LI-7500	detector_LI-7500	pll_LI-7500	sync_LI-7500	not_ready_LI-7700	no_signal_LI-7700	re_unlocked_LI-7700	bad_temp_LI-7700	laser_temp_unregulated_LI-7700	block_temp_unregulated_LI-7700	motor_spinning_LI-7700	pump_on_LI-7700	top_heater_on_LI-7700	bottom_heater_on_LI-7700	calibrating_LI-7700	motor_failure_LI-7700	bad_aux_tc1_LI-7700	bad_aux_tc2_LI-7700	bad_aux_tc3_LI-7700	box_connected_LI-7700	mean_value_RSSI_LI-7200	mean_value_LI-7500	u_var	v_var	w_var	ts_var	co2_var	h2o_var	ch4_var	none_var	w/ts_cov	w/co2_cov	w/h2o_cov	w/ch4_cov	w/none_cov	co2_mean	h2o_mean	air_p_mean	vin_sf_mean	dew_point_mean	avg_signal_strength_7200_mean	co2_signal_strength_7200_mean	h2o_signal_strength_7200_mean	delta_signal_strength_7200_mean	flowrate_mean	hit_power_mean	hit_vin_mean	ch4_mean	rssi_77_mean	ch4_aux-1_mean	ch4_aux-2_mean	ch4_aux-3_mean	ch4_aux-4_mean	CHK
DATAU		[yyyy-mm-dd]	[HH:MM]	[ddd.ddd]	[1=daytime]	[#]	[#]	[kg+1m-1s-2]	[#]	[kg+1m-1s-2]	[W+1m-2]	[#]	[W+1m-2]	[W+1m-2]	[#]	[W+1m-2]	[µmol+1s-1m-2]	[#]	[µmol+1s-1m-2]	[mmol+1s-1m-2]	[#]	[mmol+1s-1m-2]	[µmol+1s-1m-2]	[#]	[µmol+1s-1m-2]	[µmol+1s-1m-2]	[#]	[µmol+1s-1m-2]	[W+1m-2]	[W+1m-2]	[µmol+1s-1m-2]	[mmol+1s-1m-2]	[µmol+1s-1m-2]	[µmol+1s-1m-2]	[µmol+1s-1m-2]	[mmol+1s-1m-2]	[µmol+1s-1m-2]	[µmol+1s-1m-2]	[mmol+1m-3]	[µmol+1mol_a-1]	[µmol+1mol_d-1]	[s]	[1=default]	[mmol+1m-3]	[mmol+1mol_a-1]	[mmol+1mol_d-1]	[s]	[1=default]	[mmol+1m-3]	[µmol+1mol_a-1]	[µmol+1mol_d-1]	[s]	[1=default]	[mmol+1m-3]	[µmol+1mol_a-1]	[µmol+1mol_d-1]	[s]	[1=default]	[K]	[K]	[Pa]	[kg+1m-3]	[J+1kg-1K-1]	[m+3mol-1]	[mm]	[kg+1m-3]	[Pa]	[Pa]	[kg+1kg-1]	[%]	[Pa]	[K]	[m+1s-1]	[m+1s-1]	[m+1s-1]	[m+1s-1]	[m+1s-1]	[m+1s-1]	[m+1s-1]	[m+1s-1]	[deg_from_north]	[deg]	[deg]	[deg]	[m+1s-1]	[m+2s-2]	[m]	[#]	[#]	[K]	[0=KJ/1=KM/2=HS]	[m]	[m]	[m]	[m]	[m]	[m]	[m]	[kg+1m-1s-2]	[#]	[W+1m-2]	[#]	[W+1m-2]	[#]	[µmol+1s-1m-2]	[#]	[mmol+1s-1m-2]	[#]	[µmol+1s-1m-2]	[#]	[µmol+1s-1m-2]	[#]	8u/v/w/ts/co2/h2o/ch4/none	8u/v/w/ts/co2/h2o/ch4/none	8u/v/w/ts/co2/h2o/ch4/none	8u/v/w/ts/co2/h2o/ch4/none	8u/v/w/ts/co2/h2o/ch4/none	8u/v/w/ts/co2/h2o/ch4/none	8u/v/w/ts/co2/h2o/ch4/none	8u/v/w/ts/co2/h2o/ch4/none	8co2/h2o/ch4/none	8co2/h2o/ch4/none	8aa	8U	[#]	[#]	[#]	[#]	[#]	[#]	[#]	[#]	[#_flagged_recs]	[#_flagged_recs]	[#_flagged_recs]	[#_flagged_recs]	[#_flagged_recs]	[#_flagged_recs]	[#_flagged_recs]	[#_flagged_recs]	[#_flagged_recs]	[#_flagged_recs]	[#_flagged_recs]	[#_flagged_recs]	[#_flagged_recs]	[#_flagged_recs]	[#_flagged_recs]	[#_flagged_recs]	[#_flagged_recs]	[#_flagged_recs]	[#_flagged_recs]	[#_flagged_recs]	[#_flagged_recs]	[#_flagged_recs]	[#_flagged_recs]	[#_flagged_recs]	[#_flagged_recs]	[#_flagged_recs]	[#_flagged_recs]	[#_flagged_recs]	[#_flagged_recs]	[#]	[#]	[m+2s-2]	[m+2s-2]	[m+2s-2]	[K+2]	--	--	--	--	[m+1s-1K+1]	--	--	--	--	--	--	--	--	--	--	--	--	--	--	--	--	--	--	--	--	--	--	207
DATA	2025-06-04T233000_AIU-0547.ghg	2025-06-05	00:00:00	156	0	18000	18000	0.015000099731987807	1	NaN	19.038375074353162	1	NaN	4.164068876980652	2	NaN	-3.3145129635648876	1	NaN	0.094178457571635	2	NaN	0.0021389031541833685	1	NaN	NaN	NaN	NaN	NaN	NaN	NaN	NaN	NaN	NaN	-1.1096111729946394e-10	-4.986317864211441e-12	-5.986389423316191e-13	NaN	16.19027190685308	415.1756711849077	423.0688526639544	0.1	1	727.5507312864104	18.656966660025528	19.011666691643033	0.1	1	0.08734705891814842	2.1132356842351046	2.153411816704668	-0.7	0	NaN	NaN	NaN	NaN	9	294.3717816357083	292.7662782431709	95822.95376757813	1.1322214621272224	1015.8062453996496	0.02540162603646738	0.006102764050641947	0.01323531590030416	1788.2452029184246	2276.399768222515	0.01168968823063784	78.55585068499384	488.1545653040903	288.9020296383626	-0.20857535767986768	-0.31545754072044085	0.22264684528640197	0.43884935632247696	2.607440816226606e-14	-6.853567249386089e-15	0.43884935632247696	0.9853397101658946	95.47202443289405	236.527975567106	30.486963798789475	NaN	0.11510160558931355	0.03321628536075427	-6.787727889263493	-0.4272416406949787	4.572060558267664	0.14381567869927878	1	4.372835602221289	2	4	6	9	16	39	0.014646994870994483	1.0241076660505002	18.976031511371744	1.022149303951734	3.814351183407325	1.0916847130108578	-3.0361448906099335	1.0916847130108578	0.08626891670204995	1.0916847130108578	-0.004092736020423908	1.1574741943562532	NaN	NaN	800000009	800000009	800000009	800000009	800000019	800000019	899999999	899999999	89999	89999	89	89	5	2	0	4	8	0	0	NaN	0	0	0	0	0	0	0	0	0	NaN	NaN	NaN	NaN	0	0	0	0	0	0	0	0	17504	0	0	0	18000	18000	18000	18000	93	NaN	0.023652270826700104	0.029060425573144956	0.013719874321663479	0.04116916845694918	17.863531590967735	0.039835598579624716	1.3592646867935356e-7	NaN	0.01649920927801253	-0.07858965498119698	0.002233043758940542	-0.000004092736020423908	NaN	415.1740792519952	18.65691996185017	96211.75114756945	11.470000267028809	15.74423509799108	94.8357310863071	95.01182239235771	94.6596449025472	0.35217057545069147	0.00028532153801319926	-1	0	2.0968601194090315	84.85202337166116	1.0000557719800207	-273.1499938964844	9.000726485146416	-273.1499938964844	227
DATA	2025-06-05T000000_AIU-0547.ghg	2025-06-05	00:30:00	156.02	0	18000	18000	0.025751572421888264	1	NaN	25.802556187387125	1	NaN	23.063848554022893	1	NaN	4.554623001670932	1	NaN	0.5216159983891427	1	NaN	0.004836160571841474	1	NaN	NaN	NaN	NaN	NaN	NaN	NaN	NaN	NaN	NaN	-3.79650083489173e-10	-1.7149316296800943e-11	-2.0358414329529473e-12	NaN	16.231465870932002	416.161579833319	424.1347147764991	0.1	1	733.1976319433123	18.798590790620743	19.158748259206078	0.1	1	0.08703986163761096	2.10563759141794	2.1459789719570375	-0.7	0	NaN	NaN	NaN	NaN	9	294.3636362287733	292.73160816023085	95798.31167230904	1.1320033033517127	1015.8857800597383	0.025405151173949682	0.03380071669561645	0.013333934111694744	1801.3563247481509	2271.503125561605	0.01177905936512263	79.30239252049388	470.1468008134541	289.0162370574833	-0.181254937133461	-0.3075393145018657	0.2169014257836559	0.41770804481901536	-5.85448483296588e-15	-2.3389759526837715e-14	0.41770804481901536	1.0808100402497514	92.51388969224945	239.48611030775058	31.283003447193416	NaN	0.15082663062084356	0.04191586485208597	-11.26710492636164	-0.2573864376832838	1.1187446070394238	0.14876204082216007	1	2.6430631151958104	1	2	4	6	10	28	0.025121943163997136	1.0250629202439032	26.700678587340782	1.0227749427691135	21.11330982316215	1.0923843181006572	4.169432795950526	1.0923843181006572	0.4775022762099727	1.0923843181006572	-0.004844095617447557	1.1583724091347982	NaN	NaN	800000009	800000009	800000009	800000009	800000019	800000019	899999999	899999999	89999	89999	89	89	4	2	0	9	6	0	4	NaN	0	0	0	0	0	0	0	0	0	NaN	NaN	NaN	NaN	0	0	0	0	0	0	0	0	17178	0	0	0	18000	18000	18000	18000	93	NaN	0.03361712113594007	0.02970027881231675	0.020514329755915113	0.04708026147935855	20.361551277977107	0.04843356002319355	2.810916828457873e-8	NaN	0.023218262849125735	0.1079550170456365	0.012363496161310834	-0.000004844095617447557	NaN	416.15873159843784	18.798535657635025	96187.95501844617	11.466364072693716	15.858538974603036	94.84148583136664	95.01637238735623	94.66659826066758	0.34977908780766376	0.0002852252779298902	-1	0	2.0892022671964434	83.45606984074917	1.0000582985927662	-273.1499938964844	9.000748718208737	-273.1499938964844	115
DATA	2025-06-05T003000_AIU-0547.ghg	2025-06-05	01:00:00	156.041	0	18000	18000	0.042934689149237225	1	NaN	26.030874200154997	1	NaN	25.609610409556762	1	NaN	9.323108345999085	1	NaN	0.5791964532917635	1	NaN	0.005503772566343775	1	NaN	NaN	NaN	NaN	NaN	NaN	NaN	NaN	NaN	NaN	-2.936655257132127e-11	-1.3137347735060553e-12	-1.5599456415266095e-13	NaN	16.416457714075502	421.0182388690125	429.10015445916514	0.2	0	734.4025589791036	18.834566956376484	19.196117517053906	0.1	1	0.08720390859016573	2.1097593305069497	2.1502585185480623	-0.3	0	NaN	NaN	NaN	NaN	9	294.3361943503486	292.7406589626736	95778.0539437934	1.131713430210971	1015.906309457929	0.025411310194754545	0.03753193017330627	0.013356214212015523	1804.4220572736513	2272.78052908533	0.011801763463676217	79.3927101267377	468.35847181167856	289.0428364823523	-0.08181279076464981	-0.31816156437182913	0.2057368063878313	0.3876180430254692	3.4688879940667794e-17	-1.7888483059376647e-15	0.3876180430254692	1.135356710897314	76.42074222775057	255.57925777224943	32.05763103659981	NaN	0.19477621699758418	0.06270376055988808	-24.04901300843284	-0.12058706937299707	1.0164494415909207	0.11624189984930744	1	1.4434798444519423	1	1	2	3	6	16	0.04182277291696458	1.0265863823635093	27.044663610840974	1.023775243785131	23.419379331915355	1.0935221658353946	8.525760736524907	1.0935221658353946	0.5296613743986498	1.0935221658353946	-0.004480785175269767	1.159817980436771	NaN	NaN	800000009	800000009	800000009	800000009	800000009	800000009	899999999	899999999	89999	89999	89	89	0	0	1	5	1	0	0	NaN	0	0	0	0	0	0	0	0	0	NaN	NaN	NaN	NaN	0	0	0	0	0	0	0	0	16434	0	0	0	18000	18000	18000	18000	93	NaN	0.05434160149370203	0.04398579053823079	0.02708012908784333	0.04625626994407632	46.24609684780066	0.054991931359253954	5.976754410133473e-8	NaN	0.02352293218774654	0.22081074098191347	0.013717828140475742	-0.000004480785175269767	NaN	421.0173972187366	18.83450567100413	96167.73360112848	11.460000038146973	15.885099801858267	94.84030964660644	95.01578937149048	94.66482619921366	0.3509709205975135	0.0002850712383402019	-1	0	2.0932644363509283	83.41044028833178	1.0000618884712458	-273.1499938964844	9.000767863167656	-273.1499938964844	034
DATA	2025-06-05T010000_AIU-0547.ghg	2025-06-05	01:30:00	156.062	0	18000	18000	0.07543576030634652	1	NaN	53.16487629786804	1	NaN	43.73098933194159	0	NaN	11.387248545819784	1	NaN	0.9888992670574706	0	NaN	0.06232518701328123	0	NaN	NaN	NaN	NaN	NaN	NaN	NaN	NaN	NaN	NaN	4.692657126529653e-10	2.0610951471661798e-11	2.440993615858212e-12	NaN	16.804357639526657	431.00562580161244	439.32221638959	0.2	0	738.0760845761409	18.930503119838626	19.295781980826387	0.1	1	0.08741173414265117	2.1135566377489834	2.1543393658351158	0	1	NaN	NaN	NaN	NaN	9	294.2315693333943	292.597210176256	95740.03707899306	1.1317774841483181	1015.9577965746678	0.02540894363136983	0.0640806725053241	0.013425496038456644	1812.893229628131	2252.6084054392313	0.011862310592403735	80.4797329731458	439.7151758111004	289.1161296916621	-0.1484153690114661	-0.12077364344866506	0.22534450722104205	0.2956239869249102	3.9797371494523956e-14	2.7925239555076712e-14	0.2956239869249102	1.176138024993464	112.86287921995654	219.13712078004346	49.66449047961414	NaN	0.25817138885190716	0.08532013623637605	-27.41326677491218	-0.10578819459248086	1.2157254411584015	0.1790935641273409	0	71.32969730450834	-10.824556757692577	24.485176858935226	60.971552420920965	92.98546451570098	130.4134361127836	195.38309173644927	0.07302888578723607	1.032957842546341	54.52075416405054	1.027980810840463	39.81042770574054	1.098480771298916	10.366361290379942	1.098480771298916	0.9002426741508919	1.098480771298916	0.0374262494322547	1.165999880698602	NaN	NaN	800000009	800000009	800000009	800000009	800000009	800000009	899999999	899999999	89999	89999	89	89	4	0	0	5	5	0	0	NaN	0	0	0	0	0	0	0	0	0	NaN	NaN	NaN	NaN	0	0	0	0	0	0	0	0	16006	17997	0	0	18000	18000	18000	18000	93	NaN	0.04947104334554981	0.038845065467887394	0.0823241636593149	0.06630104019272559	36.559470750362834	0.06599603300512574	1.7655321384641036e-7	NaN	0.04741602436562055	0.2684821552955552	0.023315711914205048	0.0000374262494322547	NaN	431.00272967783656	18.93043138376971	96131.6031124132	11.453031545321148	15.958482357766888	94.84707886123657	95.02277444712321	94.67137386512756	0.35140525049716237	0.0002850475008825823	-1	0	2.0969486330880063	82.98438412729894	1.0000672988841932	-273.1499938964844	9.000749277379777	-273.1499938964844	182
DATA	2025-06-05T013000_AIU-0547.ghg	2025-06-05	02:00:00	156.083	0	18000	18000	0.0712966310250661	1	NaN	-7.994271416995765	1	NaN	-25.34259639389205	1	NaN	-24.795432052639306	2	NaN	-0.5729850442168487	1	NaN	-0.04792602896628405	1	NaN	NaN	NaN	NaN	NaN	NaN	NaN	NaN	NaN	NaN	-3.219755576538333e-10	-1.4082854140050713e-11	-1.6837419179928882e-12	NaN	16.711282588383828	428.4819133706745	436.6656050102152	0.1	1	730.9329841689514	18.741324129133673	19.099269733845425	0.1	1	0.08739013359435843	2.111309826297933	2.1516343021621154	0.4	0	NaN	NaN	NaN	NaN	9	294.0615165286594	292.42893325212265	95704.6211890191	1.1320914167471512	1015.8470882926736	0.025403727854022406	-0.03712943086525179	0.013294059381128865	1794.112448975509	2229.144796991368	0.0117429203900572	80.4843387202566	435.0323480158588	288.95322822415903	0.09639383186464566	-0.038798142711235314	0.2643744750223181	0.2840614893693335	-7.800432938392292e-14	-1.926695667737924e-14	0.2840614893693335	1.3209780214240954	353.92459359656743	338.07540640343257	68.54333995057723	NaN	0.2509537879958372	0.12826396136199675	167.39129883943303	0.01732467589478334	0.31544800275170326	-0.027699714689670852	0	81.36278900006057	-12.34711713040812	27.929212567635535	69.54768829947047	106.06461285214824	148.7571276227278	222.86528427658766	0.07003273734136307	1.018047183812656	-9.336763118213137	1.0179657916613303	-23.00075943369776	1.1018156364334357	-22.504156986645995	1.1018156364334357	-0.5200371325928851	1.1018156364334357	-0.038591322854992754	1.1855126260318667	NaN	NaN	800000009	800000009	800000009	800000009	800000019	800000019	899999999	899999999	89999	89999	89	89	1	0	2	9	0	0	0	NaN	0	0	0	0	0	0	0	0	0	NaN	NaN	NaN	NaN	0	0	0	0	0	0	0	0	17307	18000	0	0	18000	18000	18000	18000	93	NaN	0.02409036391061971	0.17646050964797405	0.05597704916539971	0.05177146048774696	42.783604062123494	0.0399008857320007	1.2800924650941388e-7	NaN	-0.008118700167054098	-0.5826113160700772	-0.013463268959821004	-0.00003859132285499276	NaN	428.48094283809314	18.741277383151242	96095.31948003473	11.449697024557326	15.795969502449033	94.86447364934286	95.0399655303955	94.68898149257237	0.35098554316908126	0.00028476040442506516	-1	0	2.0948844256003696	83.26534986570151	1.000074639548858	-346.22874696520125	9.000560009585486	-306.1969327841844	149
DATA	2025-06-05T020000_AIU-0547.ghg	2025-06-05	02:30:00	156.104	0	18000	18000	0.03513892368309607	1	NaN	21.165616427311594	1	NaN	34.54531107975908	1	NaN	-21.696427971305948	1	NaN	0.7808537776647155	1	NaN	0.025795972967970468	1	NaN	NaN	NaN	NaN	NaN	NaN	NaN	NaN	NaN	NaN	2.6894044256874983e-11	1.1378961544099923e-12	1.3948242193981578e-13	NaN	16.960254744443507	434.7626847859678	442.9099950912802	0.1	1	717.5941434164423	18.39495697908846	18.739672447563603	0.1	1	0.0879621296773353	2.122307344012705	2.162078688472562	0	1	NaN	NaN	NaN	NaN	9	293.691486257765	292.16284282563595	95669.25015407985	1.1328531064168836	1015.6454109947014	0.025389995963595934	0.05059932479267357	0.013055422730981344	1760.303797041072	2192.479197562149	0.011524373863681688	80.28827817378522	432.1754005210769	288.6561650905472	0.09187505904433131	-0.25109987765937875	0.20645212305238622	0.337808605792993	6.861466350408503e-14	1.5857099237077183e-15	0.337808605792993	1.248881755901555	41.90290730267162	290.0970926973284	37.67278632803222	NaN	0.17611949335455043	0.09335122398267943	-21.846320018301842	-0.13274546914860322	0.6126914410596531	0.10444984106459326	1	1.328939082013742	1	1	2	3	5	14	0.03412717256904617	1.0296464968494803	22.72029111632427	1.0257911597396698	31.52314733945043	1.0958712563744069	-19.798336570197726	1.0958712563744069	0.7125415263177002	1.0958712563744069	0.014747681811696072	1.1627636429145254	NaN	NaN	800000009	800000009	800000009	800000009	800000019	800000019	899999999	899999999	89999	89999	89	89	0	0	0	26	4	0	0	NaN	0	0	0	0	0	0	0	0	0	NaN	NaN	NaN	NaN	0	0	0	0	0	0	0	0	16008	604	0	0	18000	18000	18000	18000	93	NaN	0.03555091691738954	0.1176069650398137	0.03354456600815562	0.032797176320747815	82.23006263787931	0.041019604833205034	2.2873720272348203e-7	NaN	0.01974686609758112	-0.5121023124517831	0.018430546528564906	0.000014747681811696072	NaN	434.7623320890603	18.394909273485936	96059.858640625	11.4399995803833	15.498875314553578	94.88077076890734	95.05673687701756	94.70480800247192	0.3519305977010066	0.00028475818712063813	-1	0	2.1060984374218537	84.09326268660202	1.0000743979199065	-350.3469971381343	9.000568776369095	-314.97849565294075	198
DATA	2025-06-05T023000_AIU-0547.ghg	2025-06-05	03:00:00	156.124	0	18000	18000	0.04283881206728925	1	NaN	-18.614121847111043	1	NaN	19.386084826352427	1	NaN	27.29806659244184	1	NaN	0.4381542107290214	1	NaN	-0.0014843429676297528	1	NaN	NaN	NaN	NaN	NaN	NaN	NaN	NaN	NaN	NaN	-3.182017133177959e-10	-1.3543134830083986e-11	-1.6644606403737023e-12	NaN	16.872395911466004	432.37911019392664	440.48522475661383	0.1	1	718.1140866684403	18.402693455078257	18.74770166174664	0.1	1	0.08825671807552374	2.128442098287971	2.168345495750976	0	1	NaN	NaN	NaN	NaN	9	293.5779415952895	292.05853850724964	95651.20803407118	1.1330406307052534	1015.6477043473637	0.025385718999851543	0.028392392855240586	0.013063114018725215	1760.7120257677211	2178.2514407664303	0.011529254701655464	80.8314408894964	417.53941499870916	288.65978181208953	0.09143114827019119	-0.04019349950442063	0.2315151830082201	0.25213974744127327	-1.6951070505224562e-14	-1.885930812597605e-14	0.25213974744127327	1.0584768408858178	355.73048325504124	336.26951674495876	66.66460465034362	NaN	0.19444463625623	0.11669536394541334	33.425160228332174	0.08676099022980516	-0.9601795315476997	-0.08318748790553059	1	0.4272372441269994	1	1	1	3	10	NaN	0.04207959238073612	1.018042467704623	-17.269573101217986	1.0207845191010316	17.22940976809787	1.1251740533937427	24.261194532619722	1.1251740533937427	0.389410162283305	1.1251740533937427	0.0029496292444214454	1.2290061199593312	NaN	NaN	800000009	800000009	800000009	800000009	800000019	800001019	899999999	899999999	89999	89999	89	89	0	0	0	20	1	0	0	NaN	0	0	0	0	0	0	0	0	0	NaN	NaN	NaN	NaN	0	0	0	0	0	0	0	0	16906	0	0	0	18000	18000	18000	18000	93	NaN	0.028824866304297828	0.13750755119702235	0.06705831038950652	0.03947732703061461	109.72448212853516	0.025848062879892296	2.0211058724044471e-7	NaN	-0.015006970435266517	0.6274375042967506	0.010070837198156983	0.0000029496292444214454	NaN	432.3786214220969	18.40265984172007	96041.24586783854	11.450908163388569	15.502749521149523	94.8802187945048	95.05456679195828	94.70587372207642	0.3486907497064933	0.00028500107218052214	-1	0	2.112184050599733	84.96380483607892	1.0000850306848685	-273.1499938964844	9.00085542509291	-273.1499938964844	030
DATA	2025-06-05T030000_AIU-0547.ghg	2025-06-05	03:30:00	156.145	0	18000	18000	0.03091440657794928	1	NaN	5.781345796049004	1	NaN	15.816245285338363	1	NaN	27.4238854387325	1	NaN	0.35738176034043784	1	NaN	-0.025127023589530242	1	NaN	NaN	NaN	NaN	NaN	NaN	NaN	NaN	NaN	NaN	1.8294271221861777e-10	7.808648161313834e-12	9.666431034864647e-13	NaN	16.707500605370573	427.868948272327	435.82847252381686	0.1	0	713.1357805954715	18.26297443440862	18.602715349242416	0.1	1	0.08828004155408942	2.1263954603267043	2.165952189795083	-0.1	0	NaN	NaN	NaN	NaN	9	293.30932498508025	291.8011398646037	95646.58771223959	1.1340456410752031	1015.5634873212581	0.025364571124410987	0.02315833807006037	0.012974743524444929	1747.2597443714274	2143.486079721698	0.011441112292573524	81.5148631428614	396.2263353502706	288.5402110280737	0.29459656023013614	-0.05095803616711931	0.2773514756986334	0.40780840577612026	-2.2034423013207444e-14	1.0949735483463721e-14	0.40780840577612026	1.470921486283172	341.81366766825573	350.18633233174427	42.85164549538362	NaN	0.1651068874816656	0.12459103996200277	-65.88201674135001	-0.04401808176858453	0.3655321279955302	0.030403679383354476	1	2.292304803729214	1	2	4	6	11	33	0.030144473893066546	1.0255414205473934	6.584605705398878	1.0230888215671232	14.473947512685154	1.0927388862973837	25.09646703583057	1.0927388862973837	0.3270513796313991	1.0927388862973837	-0.025597891913824132	1.158824706847372	NaN	NaN	800000009	800000009	800000009	800000009	800000009	800000009	899999999	899999999	89999	89999	89	89	6	0	0	23	9	0	4	NaN	0	0	0	0	0	0	0	0	0	NaN	NaN	NaN	NaN	0	0	0	0	0	0	0	0	16710	0	0	0	18000	18000	18000	18000	93	NaN	0.03900872738135971	0.17335860768889155	0.036814744853754265	0.04703469968838097	72.83065268144655	0.034164286760599086	1.337947541882124e-7	NaN	0.0057173155453708316	0.6484061240117581	0.008449879304394899	-0.00002559789191382413	NaN	427.8680986223952	18.262933216808133	96034.97977170139	11.470000267028809	15.382717320124284	94.88370423295763	95.05625953038533	94.7111476143731	0.34511398631251494	0.0002850012027791106	-1	0	2.110264768706427	84.53910631805701	1.0000904251469507	-273.1499938964844	9.000876696692572	-273.1499938964844	246
DATA	2025-06-05T033000_AIU-0547.ghg	2025-06-05	04:00:00	156.166	0	18000	18000	0.053685030725976225	1	NaN	-15.851749727540282	1	NaN	-2.9679957193506863	2	NaN	26.458811020130184	1	NaN	-0.06705004716369213	2	NaN	0.021116907880556687	2	NaN	NaN	NaN	NaN	NaN	NaN	NaN	NaN	NaN	NaN	1.6463066867605593e-10	6.997283753270376e-12	8.692795343305638e-13	NaN	16.71681369053796	427.7965581466895	435.7190644273597	0.1	1	710.513355645877	18.18260188151797	18.51933151354053	0.1	1	0.08826778228663737	2.123887029018418	2.163219997006119	0	1	NaN	NaN	NaN	NaN	9	293.05959442901604	291.5787945556641	95640.37113628472	1.1348713800762644	1015.5136148776417	0.025346891371650963	-0.00434484305620725	0.012926653873039746	1739.4572580429574	2113.84736574547	0.011390413134016177	82.28868773737217	374.39010770251275	288.4704874786254	0.1461203936615542	-0.027074504737449885	0.2331128168338214	0.2764521362239206	2.4938610051610464e-14	9.848208619399763e-15	0.2764521362239206	1.700750607839611	342.49722901768814	349.5027709823118	57.482819649807595	NaN	0.21749700506253133	0.1536745121757236	54.92305729473625	0.052801139318184524	5.3408937297956065	-0.0632399520109616	0	63.16941683075666	-9.586202713237201	21.684016638594617	53.99626740673205	82.34771475502387	115.49384081879447	173.03081927983519	0.05276418697036939	1.0174520599762857	-15.809088429037192	1.0192298775817212	-2.663601279087667	1.1142792814573508	23.745223895328166	1.1142792814573508	-0.060173466633964764	1.1142792814573508	0.023225432478769736	1.2088852465134288	NaN	NaN	800000009	800000009	800000009	800000009	800001019	800001019	899999999	899999999	89999	89999	89	89	0	2	0	26	2	0	2	NaN	0	0	0	0	0	0	0	0	0	NaN	NaN	NaN	NaN	0	0	0	0	0	0	0	0	17502	0	0	0	18000	18000	18000	18000	93	NaN	0.05146541125011139	0.17671984625532375	0.07916376684601206	0.03932412030705119	75.16474444054234	0.031198489914057617	6.459337826452085e-7	NaN	-0.013717483123725352	0.6130168417111163	-0.0015534639148220388	0.000023225432478769738	NaN	427.7967668040885	18.182563051607033	96029.98737152778	11.463031774202983	15.313185904608824	94.89783802159627	95.06970976935493	94.72596290122138	0.34374691020780146	0.00028463835929707986	-1	0	2.107841633975506	83.59814134230434	1.0000828745530712	-273.1499938964844	9.000868533876208	-273.1499938964844	249
DATA	2025-06-05T040000_AIU-0547.ghg	2025-06-05	04:30:00	156.187	0	18000	18000	0.12981443113983923	1	NaN	0.6935181997350085	1	NaN	37.33952138377045	1	NaN	19.28263190215869	1	NaN	0.8434899864801703	1	NaN	-0.02777627502573682	1	NaN	NaN	NaN	NaN	NaN	NaN	NaN	NaN	NaN	NaN	-9.3925872361479e-12	-3.9924132343382063e-13	-4.9181300893964357e-14	NaN	16.779794015943843	429.3550252136264	437.33648836373595	0.3	0	713.241942975001	18.25016517595327	18.589425257427358	0.1	1	0.08786206374116468	2.1136356254777935	2.1529268969590487	0.2	0	NaN	NaN	NaN	NaN	9	293.0367110392253	291.520003912184	95629.73364105902	1.134944801856918	1015.55074992396	0.025344599637003206	0.05465815112391503	0.012975860215416685	1745.7265817817668	2106.0708159607275	0.011433031980221843	82.89021283386512	360.34423417896073	288.526532204075	0.26264373348137043	0.016938059519275298	0.26260132297419186	0.3717903756488818	3.653414087289044e-15	-5.597558126889545e-16	0.3717903756488818	1.7621992855256547	328.31006901614865	3.6899309838513146	44.93592341562847	NaN	0.3382004002483428	0.1952780926218667	-4719.617196191199	-0.0006144566136296696	0.018573301800179066	0.0017791287348483385	0	77.95876792404714	-11.83054379932572	26.760722286204544	66.63798228190468	101.62712758394228	142.5334914389361	213.54114317826978	0.1263427914841923	1.02747794009349	2.801660626685699	1.024361597012499	34.12499106731676	1.0941987152498451	17.622605138734574	1.0941987152498451	0.770874590441802	1.0941987152498451	-0.02775729824493535	1.1606709708280658	NaN	NaN	800000009	800000009	800000009	800000009	800000019	800000119	899999999	899999999	89999	89999	89	89	0	0	0	19	3	0	0	NaN	0	0	0	0	0	0	0	0	0	NaN	NaN	NaN	NaN	0	0	0	0	0	0	0	0	16508	0	0	0	18000	18000	18000	18000	93	NaN	0.14811969147419043	0.1293077732703719	0.11312872049917105	0.036784833544717094	31.962575435732138	0.03657794895761203	1.1600287855853676e-7	NaN	0.002430743625385549	0.4549428816719369	0.01990079814092972	-0.00002775729824493535	NaN	429.3548856729823	18.250121158443235	96019.53762022569	11.460302822854784	15.369177345540788	94.89806213972304	95.06878492270576	94.72733916727702	0.34144768059419234	0.0002846507898971645	-1	0	2.097606923679511	82.90234688301081	1.0000879886911975	-273.1499938964844	9.000902529027726	-273.1499938964844	139
DATA	2025-06-05T043000_AIU-0547.ghg	2025-06-05	05:00:00	156.208	0	18000	18000	0.10280418797417819	1	NaN	7.935579422705937	1	NaN	4.218893502900636	1	NaN	37.16275414533953	1	NaN	0.09529796125279723	1	NaN	-0.017236473892839208	1	NaN	NaN	NaN	NaN	NaN	NaN	NaN	NaN	NaN	NaN	-1.9997459523826762e-10	-8.416292623496158e-12	-1.038313720211197e-12	NaN	16.921422607842125	432.9970389607246	441.0342098922555	0.1	1	712.168683745833	18.223463738775237	18.561722617830476	0.1	1	0.08785988659349576	2.1129979571778987	2.152218839151077	0	1	NaN	NaN	NaN	NaN	9	292.9525257085164	291.45761963992646	95606.16217621528	1.1349194576786772	1015.5343575952646	0.025345423292068747	0.00617530788918126	0.012956454442093404	1742.7427765622183	2097.8463347304773	0.01141618848318458	83.0729471320462	355.10355816825904	288.4998805148889	0.30392686709994443	0.11188472574002646	0.27864236772789697	0.4272368213205853	2.4460259058877727e-14	-1.1817835880157657e-14	0.4272368213205853	1.8376228312525151	311.7898037703982	20.210196229601813	40.707415450949284	NaN	0.30096977430099425	0.17287081973927276	-290.6385743245959	-0.009978028576348483	1.8809622516543614	0.022876843284603657	0	81.81190800434945	-12.415272672021166	28.083380588337718	69.93158846935805	106.65008483387206	149.5782604017276	224.09549080951248	0.10033381047212882	1.024621585589392	8.04650607619553	1.0224857248194288	3.8632448439304525	1.0920595699568314	34.02996976328732	1.0920595699568314	0.08726443490309262	1.0920595699568314	-0.018368601680693732	1.1579567119540897	NaN	NaN	800000009	800000009	800000009	800000009	800000019	800001019	899999999	899999999	89999	89999	89	89	5	6	0	12	11	0	2	NaN	0	0	0	0	0	0	0	0	0	NaN	NaN	NaN	NaN	0	0	0	0	0	0	0	0	17405	0	0	0	18000	18000	18000	18000	93	NaN	0.1382812649158007	0.12804738975319618	0.07941298480954863	0.027004022801722892	32.993221441596035	0.01944433643072448	2.401260752421107e-7	NaN	0.006981482932672629	0.8785179221818828	0.0022528192227237336	-0.000018368601680693733	NaN	432.99655224952517	18.22343633005214	95996.21967838542	11.470000267028809	15.342877163781065	94.90037750434875	95.06999820709228	94.73075123108758	0.3392495442587468	0.0002843197279758493	-1	0	2.0969896179636325	83.59156801732378	1.000092935535643	-273.1499938964844	9.00094696601232	-273.1499938964844	128
DATA	2025-06-05T050000_AIU-0547.ghg	2025-06-05	05:30:00	156.229	1	18000	18000	0.021435057314823345	1	NaN	8.062742934448847	1	NaN	-1.78885328123864	2	NaN	1.0862345068614252	1	NaN	-0.0404009218402721	2	NaN	-0.005385734255828235	0	NaN	NaN	NaN	NaN	NaN	NaN	NaN	NaN	NaN	NaN	3.2052696208887763e-10	1.3479252208825388e-11	1.6799487276470494e-12	NaN	16.786300166201233	429.40360826208155	437.3003279972462	0.1	1	705.9211871559602	18.0578866046823	18.38997060859576	0.1	1	0.08798050380015057	2.1141852927374485	2.153065098132016	-0.1	0	NaN	NaN	NaN	NaN	9	292.7777755330404	291.2941202358669	95600.28251649305	1.1355582227960532	1015.4373647681437	0.02533276316650197	-0.002617979735249632	0.012845149186965594	1726.802133236751	2076.424614432136	0.011311748644061018	83.16228391990045	349.62248119538503	288.3568140527638	0.5308694673277204	0.00679301891919129	0.2526679116314274	0.587970756088294	7.213471298935832e-14	1.9094556806165668e-14	0.587970756088294	1.7020687904637044	331.2668817904689	0.733118209531188	25.450344319062744	NaN	0.1373907901849113	0.14304761024061333	-27.209472803520192	-0.10658052880851171	-4.507213095120933	0.05089353829725653	1	6.332681790298615	3	5	9	15	26	72	0.021031179700472618	1.0192037546206527	7.856597512023991	1.0189629215462241	-1.6436164583738484	1.0883641813908855	0.9980432335371983	1.0883641813908855	-0.03712077494928338	1.0883641813908855	-0.007280051279580106	1.1530236665863276	NaN	NaN	800000009	800000009	800000009	800000009	800000009	800010009	899999999	899999999	89999	89999	89	89	4	0	0	19	9	0	1	NaN	0	0	0	0	0	0	0	0	0	NaN	NaN	NaN	NaN	0	0	0	0	0	0	0	0	17305	0	0	0	18000	18000	18000	18000	93	NaN	0.07845392485412298	0.18203756337907395	0.025603732248029733	0.04185660474161861	10.683386980539114	0.03877612798374134	4.8335649056101514e-8	NaN	0.0068135266462173395	0.025748277052869417	-0.0009576699342210807	-0.000007280051279580106	NaN	429.4034773977448	18.057840944535272	95989.14109288194	11.466364072693716	15.1993589801788	94.91494405640496	95.08533967060512	94.7445455839369	0.34079909733351704	0.00028448487752757496	-1	0	2.09831639132897	82.20283358959625	1.000092046217786	-273.1499938964844	9.000901458183924	-273.1499938964844	054
DATA	2025-06-05T053000_AIU-0547.ghg	2025-06-05	06:00:00	156.249	1	18000	18000	0.013391251489268681	1	NaN	16.864838068120267	0	NaN	25.060410016330305	1	NaN	1.7356639148395407	1	NaN	0.5659298371814113	1	NaN	0.0005340221013751519	1	NaN	NaN	NaN	NaN	NaN	NaN	NaN	NaN	NaN	NaN	1.3866955546269398e-10	5.772108125584055e-12	7.185882106861507e-13	NaN	16.8777696132697	431.44711023681566	439.33714325800634	0.1	1	702.5356849340915	17.958948252543152	18.28737018741402	0.1	1	0.08746091545692868	2.100611933369216	2.1390266014148382	0.2	0	NaN	NaN	NaN	NaN	9	292.66619547780357	291.19353282250296	95622.51400368924	1.1362574411385242	1015.3794318495505	0.025318127818652468	0.03667225344935545	0.012782155749181071	1717.7404228926289	2063.34106799605	0.011249348331108322	83.25043539994705	345.6006451034209	288.27496760668015	0.34627173018790985	-0.18806000998712571	0.23678072344130438	0.4597127249457857	1.934949828467325e-14	8.216106668126854e-15	0.4597127249457857	1.264728913677009	0.5063637007551733	331.49363629924477	31.001623656446153	NaN	0.10856059449739569	0.07876712305941323	-6.418421318372029	-0.4518244995383939	0.6729673639469788	0.1346495357748579	1	5.172362445012626	2	4	7	11	18	45	0.01308704862798201	1.0232445733132098	18.028503960278293	1.0215850889680587	22.96878228069142	1.0910639366979937	1.590799454056167	1.0910639366979937	0.5186953927687746	1.0910639366979937	-0.006188887904150217	1.156669692663444	NaN	NaN	800000009	800000009	800000009	800000009	800000009	800010019	899999999	899999999	89999	89999	89	89	5	1	0	42	10	0	1	NaN	0	0	0	0	0	0	0	0	0	NaN	NaN	NaN	NaN	0	0	0	0	0	0	0	0	17505	0	0	0	18000	18000	18000	18000	93	NaN	0.03253038477854019	0.09990597866360759	0.025097882676678673	0.030854723858497766	10.661653120892126	0.044507063253602076	9.667751879101527e-8	NaN	0.015626243497259485	0.04101280838604288	0.01337261884275069	-0.000006188887904150217	NaN	431.4471089246371	17.958897177726303	96011.95572070313	11.460000038146973	15.117473864979212	94.92490560044183	95.09478133689032	94.75502996232774	0.33975450478163016	0.00028419437679177566	-1	0	2.084927459200223	84.05798193001219	1.0000994145820539	-273.1499938964844	9.000910853544871	-273.1499938964844	159
DATA	2025-06-05T060000_AIU-0547.ghg	2025-06-05	06:30:00	156.27	1	18000	18000	0.09271729358223306	1	NaN	29.05769077922726	1	NaN	21.783430382934004	1	NaN	3.9532502895644446	1	NaN	0.49184388997149164	1	NaN	-0.029733261843988293	1	NaN	NaN	NaN	NaN	NaN	NaN	NaN	NaN	NaN	NaN	-4.740027008787038e-11	-1.9696782595711093e-12	-2.4591731988770337e-13	NaN	16.90024562761138	431.76911175217106	439.6573567339843	0.1	0	702.2754581863904	17.94180140737652	18.26959077688951	0.1	1	0.08768015672656672	2.104142078978503	2.1425838936978736	0.1	0	NaN	NaN	NaN	NaN	9	292.4902813585069	291.01825196075436	95646.87256705729	1.1372388559319644	1015.3664313125599	0.025296443907304973	0.03187148407015266	0.012780897903484724	1716.537512375599	2040.7145769068525	0.011238534312135168	84.11453183116795	324.17706453125356	288.2640742718247	0.593829956085575	0.10237796380137808	0.2757548741510656	0.6626884749522871	7.520944922898044e-14	-2.8047089452018675e-15	0.6626884749522871	2.595920605494954	322.2182030848173	9.781796915182683	24.589577652216715	NaN	0.2855318295945904	0.18238416989481324	-67.79107172907014	-0.04277849466062392	1.3339354852940057	0.0881316860474182	0	94.48606307823516	-14.33862460168654	32.434007890131255	80.76526560076881	123.17212602322677	172.7506580912273	258.81196511209555	0.09111967970034913	1.0175331375959369	29.953075985581986	1.0178935137462684	20.03244375400488	1.0874075400101428	3.635481771192768	1.0874075400101428	0.45230869924527456	1.0874075400101428	-0.03744489608646605	1.1516071348703103	NaN	NaN	800000009	800000009	800000009	800000009	800000019	800010019	899999999	899999999	89999	89999	89	89	1	3	0	36	0	0	0	NaN	0	0	0	0	0	0	0	0	0	NaN	NaN	NaN	NaN	0	0	0	0	0	0	0	0	16710	0	0	0	18000	18000	18000	18000	93	NaN	0.203419339001299	0.1114861930399745	0.049862807748353	0.038302556915552045	7.192509337681661	0.025201025156924187	1.370129538374323e-7	NaN	0.025939818750785527	0.09364537816572785	0.01165089576960673	-0.000037444896086466045	NaN	431.76809925685717	17.94176905793252	96034.42618337674	11.453035434299043	15.10657415628433	94.93384842766656	95.10298140970866	94.76470677163866	0.3382850984268717	0.0002838157749857702	-1	0	2.0884313774837393	83.07589098262783	1.0001039011544652	-273.1499938964844	9.00095039349132	-273.1499938964844	212
DATA	2025-06-05T063000_AIU-0547.ghg	2025-06-05	07:00:00	156.291	1	18000	18000	0.019517509716383528	1	NaN	16.404589430753532	0	NaN	12.870196992005857	1	NaN	1.5941859100615812	1	NaN	0.2905645332862941	1	NaN	0.012439611685600534	1	NaN	NaN	NaN	NaN	NaN	NaN	NaN	NaN	NaN	NaN	-1.6438823325563812e-10	-6.769661809844068e-12	-8.514684910805154e-13	NaN	16.963653937205304	433.0828043319356	440.9469864906366	0.1	1	698.5791983999624	17.83475655722166	18.15861096316704	0.1	1	0.08786527195448675	2.107478523643283	2.1457474062673514	0	1	NaN	NaN	NaN	NaN	9	292.3756309797499	290.91413476138644	95654.39721527777	1.1377817363016272	1015.3038191873204	0.025285404401877952	0.018828581756951856	0.012710190968659493	1706.430497130249	2027.3775806302722	0.011171027415129826	84.16934829671703	320.94708350002315	288.1722811537878	1.0193242018288997	0.38356687584683397	0.2809122290201923	1.1247475526064052	-1.9310242857061025e-14	-9.690614643764682e-15	1.1247475526064052	2.3787930895631537	311.378918604272	20.621081395728023	14.463062385647099	NaN	0.13097328579696813	0.1336660608909954	-11.589591481933867	-0.2502245229713739	1.2746183637238042	0.10842455900349639	1	17.366328545533964	8	14	24	37	61	148	0.019285506680008602	1.01202991657022	16.995904339439694	1.0145535484407553	11.84916281728177	1.086169309213553	1.4677140078795456	1.086169309213553	0.26751311312292464	1.086169309213553	0.005584572889697688	1.1480554378354348	NaN	NaN	800000009	800000009	800000009	800000009	800000009	800010019	899999999	899999999	89999	89999	89	89	5	2	1	42	44	0	3	NaN	0	0	0	0	0	0	0	0	0	NaN	NaN	NaN	NaN	0	0	0	0	0	0	0	0	17208	0	0	0	18000	18000	18000	18000	93	NaN	0.08940589582885741	0.14351498553491793	0.03441124041821543	0.03289998589691634	5.640461946307174	0.020586759430289103	6.58324918689582e-8	NaN	0.014712595673366526	0.03778582397423173	0.006887038857021759	0.000005584572889697688	NaN	433.08138911854843	17.834728709246896	96042.40460221354	11.449999809265137	15.014862675719787	94.95137207073635	95.11966637420655	94.78307342063056	0.33659406385984675	0.00028375549359285887	-1	0	2.091827262245947	81.15902945772801	1.0001014758514033	-335.93312153286234	9.000909731308619	-273.1499938964844	203
DATA	2025-06-05T070000_AIU-0547.ghg	2025-06-05	07:30:00	156.312	1	18000	18000	0.02162594973207751	1	NaN	13.889292920047996	0	NaN	6.959715929057829	1	NaN	0.8008196080974063	1	NaN	0.1571889910177702	1	NaN	0.004276805438738065	1	NaN	NaN	NaN	NaN	NaN	NaN	NaN	NaN	NaN	NaN	-1.0489333461545827e-10	-4.425416999362703e-12	-5.527770652466093e-13	NaN	16.673203492400933	426.0538580055142	433.85238901194765	0.1	0	703.4372435541844	17.975079091286723	18.304096676745786	0.1	1	0.08786606440320611	2.111576103216208	2.1502265963497833	0	1	NaN	NaN	NaN	NaN	9	292.742783279419	291.3276840760973	95666.41062999133	1.1362486086123305	1015.3912522245142	0.025318169140646603	0.010185846617951508	0.01279361588017881	1720.0725649805672	2080.8064540083046	0.01125952171312518	82.66374614838168	360.7338890277374	288.2960679748894	0.7695942201913546	0.022934957304215884	0.2641827984635161	0.8139986652461055	1.9493960412375887e-15	-6.2911326346652576e-15	0.8139986652461055	1.9247168380891833	330.2930128503465	1.7069871496537747	18.938279258946125	NaN	0.13795927784886167	0.11417537408572871	-15.999671395103634	-0.1812537225537947	1.9956695160585753	0.08726145351574092	1	10.33669697520635	5	8	15	23	39	99	0.021305199006545785	1.0150550448007165	14.142515257539701	1.016337790501422	6.406687639834368	1.0863204701576115	0.7371854163635685	1.0863204701576115	0.14469854461544304	1.0863204701576115	-0.0007747056517858021	1.1496954884274349	NaN	NaN	800000009	800000009	800000009	800000009	800000009	800011009	899999999	899999999	89999	89999	89	89	1	4	0	36	18	0	0	NaN	0	0	0	0	0	0	0	0	0	NaN	NaN	NaN	NaN	0	0	0	0	0	0	0	0	17802	0	0	0	18000	18000	18000	18000	93	NaN	0.11622501659432388	0.0894716544745303	0.022654077102603226	0.02944950090272748	15.990218112478994	0.02203981389446806	3.7476553217134956e-8	NaN	0.01225800725254456	0.019005909423970548	0.0037305776426064716	-7.74705651785802e-7	NaN	426.054405649421	17.975049362254683	96061.30037630208	11.449999809265137	15.139867677794564	94.92874731148615	95.09830683792961	94.75918455823262	0.3391270715081036	0.00028368113427616965	-1	0	2.0957887373169264	84.11511133956907	1.0000907386624152	-332.460871387065	9.000842534303665	-273.1499938964844	080
DATA	2025-06-05T073000_AIU-0547.ghg	2025-06-05	08:00:00	156.333	1	18000	18000	0.07700706932572758	1	NaN	-71.78926006369042	2	NaN	-15.493788632638369	2	NaN	38.53171172564018	1	NaN	-0.35028015778023824	2	NaN	0.05864934065822411	1	NaN	NaN	NaN	NaN	NaN	NaN	NaN	NaN	NaN	NaN	3.995262290005589e-10	1.7379313907904348e-11	2.109684379256033e-12	NaN	16.437467246014204	421.2102580110398	429.07195682440806	0	0	715.0266550308946	18.322564987824624	18.664547369979402	0.1	1	0.08679747502485084	2.095897184817498	2.1350161571061306	0	1	NaN	NaN	NaN	NaN	9	293.70913905758323	292.3472097422282	95673.86185026042	1.132224463283272	1015.608054165143	0.025404793480595444	-0.022698154224159436	0.012996469622550568	1753.4607725460312	2217.8271130182948	0.011478704129800251	79.06210372546596	464.3663404722636	288.59542904835087	-0.06789644163175847	-0.1888243559858554	0.18955409988354324	0.2760349995605463	-1.4709800132043192e-13	2.4305826622859854e-14	0.2760349995605463	2.1312353365471326	81.77729604006538	250.22270395993462	43.36969679547028	NaN	0.2607948618600122	0.16484464647751065	20.913922274374745	0.13866361182537673	4.633421932222768	-0.23938766894953942	0	90.5305133847802	-13.738354675096366	31.07619568177312	77.38412121628531	118.0156674994977	165.51865169372192	247.9771016845237	0.07573386235108169	1.0168115943795875	-71.46373446395488	1.0225410505641572	-13.531745662437796	1.1449955548342092	33.6522806249841	1.1449955548342092	-0.30592272284494365	1.1449955548342092	0.0693959829547652	1.2662886090769465	NaN	NaN	800000009	800000009	800000009	800000009	800000009	800010119	899999999	899999999	89999	89999	89	89	3	0	0	10	0	0	2	NaN	0	0	0	0	0	0	0	0	0	NaN	NaN	NaN	NaN	0	0	0	0	0	0	0	0	17305	0	0	0	18000	18000	18000	18000	93	NaN	0.04531642627954066	0.23808174957777545	0.04629111709770521	0.3541903149390335	228.40555432988438	0.08117938262486286	3.133970933235848e-7	NaN	-0.06214798278440694	0.8708904668877543	-0.007917002294703523	0.0000693959829547652	NaN	421.21135130743875	18.322479000395653	96074.53969943576	11.453636003600227	15.438975070953385	94.88161923599242	95.05441655773586	94.70882155524359	0.3455956694665882	0.0002848977999043806	-1	0	2.0799456832541345	83.47312307103466	1.0000920164717568	-273.1499938964844	9.000947937965392	-273.1499938964844	200
DATA	2025-06-05T080000_AIU-0547.ghg	2025-06-05	08:30:00	156.354	1	18000	18000	0.13554098287838087	1	NaN	7.29417753111981	1	NaN	57.61965950614091	1	NaN	37.54359420042046	1	NaN	1.3039501937768256	1	NaN	0.06609600891057638	1	NaN	NaN	NaN	NaN	NaN	NaN	NaN	NaN	NaN	NaN	-2.940447380428187e-10	-1.3588048516237256e-11	-1.6264047622946301e-12	NaN	15.675659826324821	403.47896349861253	411.14479681329607	0.3	0	724.3850975259272	18.645093830932314	18.999338275810423	0.1	1	0.0867043837048114	2.1037664618114564	2.1437366324727174	0	1	NaN	NaN	NaN	NaN	9	294.5806488215129	293.3779047224257	95682.2102157118	1.128206612134672	1015.8115713244584	0.02549213583552567	0.0844959725567383	0.013179931205367482	1784.4823275536808	2364.3153552872645	0.011682196384605319	75.47564767800893	579.8330277335838	288.8691164444151	-0.14481808090859066	-0.15505738518678847	0.1761681351959249	0.27577215435468627	9.57238102415346e-14	-1.875804535825768e-14	0.27577215435468627	2.0447305764870287	105.0443845927644	226.9556154072356	39.703715250870545	NaN	0.34660992548129627	0.23353403002697676	-483.2871718248526	-0.006000573094149879	0.12659181941785722	0.018362573111980463	0	92.34896971249755	-14.014312438476884	31.700412893915907	78.93851033470885	120.38620898115381	168.84336982768858	252.9581352921718	0.13097931208734667	1.034827414485061	10.409122729179739	1.0292203830973197	52.38260239936259	1.0999770318177635	34.1312528484144	1.0999770318177635	1.1854340191285513	1.0999770318177635	0.05372139774744599	1.1678454834478924	NaN	NaN	800000009	800000009	800000009	800000009	800000009	800001009	899999999	899999999	89999	89999	89	89	0	5	2	4	7	0	0	NaN	0	0	0	0	0	0	0	0	0	NaN	NaN	NaN	NaN	0	0	0	0	0	0	0	0	14485	0	0	0	18000	18000	18000	18000	93	NaN	0.07096156914073849	0.31830482233708046	0.07780166857613459	0.06265759149046532	149.66208968727648	0.07323705111718452	2.4782752073353473e-7	NaN	0.009082644851403322	0.8866139687536049	0.03079354763398109	0.00005372139774744599	NaN	403.47685375235926	18.645015198254953	96087.17081770833	11.460000038146973	15.713489111635404	94.79297209824458	94.9703489174313	94.61559343465167	0.35475966725663965	0.00028623403300136684	-1	0	2.087539788418348	82.02808264711877	1.0000828423897425	-273.1499938964844	9.000872506406573	-273.1499938964844	165
DATA	2025-06-05T083000_AIU-0547.ghg	2025-06-05	09:00:00	156.374	1	18000	18000	0.0728618578620896	1	NaN	26.61018534553077	1	NaN	-1.4848906169984237	2	NaN	16.303422586555	2	NaN	-0.03361951929121836	2	NaN	0.0028926159869134467	1	NaN	NaN	NaN	NaN	NaN	NaN	NaN	NaN	NaN	NaN	-1.7541976341848173e-10	-8.249860395726375e-12	-9.829782731963377e-13	NaN	15.483203611537094	399.6800009349913	407.33656450067593	0.1	1	728.1634964303555	18.796651793512055	19.156734256838693	0.1	1	0.08676133437318574	2.109996152453138	2.1504167880286347	-0.4	0	NaN	NaN	NaN	NaN	9	295.24963953993057	293.87028765530056	95687.31890733507	1.1263114166860517	1015.9075984124231	0.025533556582688185	-0.00217854485007095	0.013265510820072839	1799.0836702919653	2437.234952771728	0.011777835706490464	73.81658745070804	638.1512824797626	288.99649299862074	-0.011370430774535131	-0.3441589494150861	0.19807615756117505	0.3972515995596449	1.1186683385897731e-13	-1.1329681364376695e-14	0.3972515995596449	1.696788395777988	63.892267555504134	268.10773244449587	29.908503084290025	NaN	0.2543436370432285	0.15931112293789332	-52.34869827548659	-0.05539774809181812	-17.92063673977611	0.09143539119768263	0	87.25230135434522	-13.2408733520549	29.950891574514326	74.58195487864788	113.74218702852855	159.52503456998474	238.99757105312804	0.0710102193233829	1.0260756628602183	26.07256937032702	1.0234396275828248	-1.358374336821759	1.0931380082405562	14.91433146011996	1.0931380082405562	-0.030755054748604113	1.0931380082405562	-0.005333371756483931	1.1593315784343927	NaN	NaN	800000009	800000009	800000009	800000009	800000009	800000009	899999999	899999999	89999	89999	89	89	0	0	1	6	19	2	0	NaN	0	0	0	0	0	0	0	0	0	NaN	NaN	NaN	NaN	0	0	0	0	0	0	0	0	7840	0	0	0	18000	18000	18000	18000	93	NaN	0.11833175875801451	0.15200833881265624	0.048282148305115916	0.07858408285102715	173.65391992324825	0.17005006243976947	2.2386033450726107e-8	NaN	0.022786159692956196	0.38811311008410015	-0.0008003335571027672	-0.000005333371756483931	NaN	399.6772631726727	18.79647783208102	96080.61523307292	11.45303210088942	15.837074874877931	94.7031707297431	94.88084809494019	94.52549288855658	0.3553567987713549	0.00028704648151081836	-1	0	2.0935964908732303	84.58534375042389	1.0000780685312218	-273.1499938964844	9.00086411245664	-273.1499938964844	246
DATA	2025-06-05T090000_AIU-0547.ghg	2025-06-05	09:30:00	156.395	1	18000	18000	0.08599299126899088	1	NaN	19.86922218954128	2	NaN	3.598337161338779	2	NaN	-2.3692853684450603	2	NaN	0.08153783497288976	2	NaN	0.009468641459413951	2	NaN	NaN	NaN	NaN	NaN	NaN	NaN	NaN	NaN	NaN	-2.0064907615433697e-10	-9.617583620492192e-12	-1.1507523007630495e-12	NaN	15.088714373911287	390.70672689072063	398.16332873103835	0.1	1	723.2376794259046	18.727495231874208	19.084907750777656	0.1	1	0.08653602156622542	2.112684762510472	2.153005156309458	0	1	NaN	NaN	NaN	NaN	9	295.9438922509087	294.7278820410835	95688.40265407987	1.1230763915425883	1015.8867036862082	0.0256077804971603	0.005283651706243256	0.013178395913614954	1792.4847905810361	2568.9454374818715	0.01173419369586598	69.77512112277726	776.4606469008354	288.93903975616644	-0.8280476591791763	0.0062028844103175435	0.15747900575365786	0.8429122367721752	-2.722354303654243e-14	-1.3297957081172108e-14	0.8429122367721752	2.958579150995649	152.42919323072448	179.5708067692759	10.76768584870395	NaN	0.27671129007288914	0.171854693178596	-90.28112100503202	-0.0321218873637863	5.521778893601187	0.06293603999354538	0	95.2176211155857	-14.449641356223458	32.685128091169474	81.39059040809063	124.12578581001709	174.0881795019733	260.815815913705	0.08474889747784105	1.0146797637276062	19.88063798165264	1.0161073254666435	3.3127505728770346	1.0862082979624152	-2.1812440329258487	1.0862082979624152	0.07506648137916463	1.0862082979624152	0.002355211607082923	1.1494364065608966	NaN	NaN	800000009	800000009	800000009	800000009	800000009	800001019	899999999	899999999	89999	89999	89	89	4	1	0	0	2	0	0	NaN	0	0	0	0	0	0	0	0	0	NaN	NaN	NaN	NaN	0	0	0	0	0	0	0	0	10494	0	0	0	18000	18000	18000	18000	93	NaN	0.20398662569416764	0.09378736108569376	0.045935399577330595	0.28487648597571374	7.4348053479961855	0.05039699890141214	2.345240773565452e-7	NaN	0.017425118610849097	-0.056923132040417455	0.0019589826570775943	0.000002355211607082923	NaN	390.7062471640811	18.727438695100002	96090.78813693576	11.449697024557326	15.783364740742583	94.62270985391403	94.80040886221991	94.44500744162664	0.3554030976924633	0.0002879521530105396	-1	0	2.096331538588095	83.84674262284233	1.0000760607893269	-316.59349572075087	9.000747632053164	-293.01449473063633	093
DATA	2025-06-05T093000_AIU-0547.ghg	2025-06-05	10:00:00	156.416	1	18000	18000	0.07977871633049319	1	NaN	63.05167253960628	1	NaN	9.884565205104538	1	NaN	-0.6490965230011317	1	NaN	0.22412880107980826	1	NaN	0.0024550131976557982	1	NaN	NaN	NaN	NaN	NaN	NaN	NaN	NaN	NaN	NaN	-7.25456254266312e-11	-3.42975467834059e-12	-4.1460234671595177e-13	NaN	15.024346610988752	390.8253384282634	398.1826107348583	0.2	0	710.3091712975003	18.477131115838624	18.824962414624373	0.1	1	0.08586498946224684	2.1025458471787197	2.1421261937268836	-0.2	0	NaN	NaN	NaN	NaN	9	296.74157368130153	295.4004803763495	95668.4987938368	1.120392993267241	1015.7599980556492	0.025671559863623454	0.014523546309971574	0.012969913405381532	1768.1535571546895	2676.5562084165717	0.01157621788365459	66.06076687628071	908.4026512618823	288.72558165534065	-0.9368728045673741	0.1315702440106014	0.15718374297954965	0.9590349889884071	-1.7139243196837875e-15	-4.8285377930226655e-15	0.9590349889884071	2.5238210671732824	159.9940841723269	172.00591582767308	9.433212521537603	NaN	0.26684454551459563	0.1459934138050074	-25.509284604246716	-0.11368409757430892	6.378800810282019	0.20762363560242494	0	90.08835694142834	-13.671255728967246	30.924417682932468	77.00617253876622	117.43927191915245	164.71024869670993	246.76596668468653	0.07872394416030429	1.0133983654076208	63.04323026405318	1.0153357424238911	9.101900866723035	1.0859891081919997	-0.5977007670747039	1.0859891081919997	0.20638218135810524	1.0859891081919997	-0.017511940902207878	1.1486480809860828	NaN	NaN	800000009	800000009	800000009	800000009	800000009	800000009	899999999	899999999	89999	89999	89	89	1	9	2	0	6	0	0	NaN	0	0	0	0	0	0	0	0	0	NaN	NaN	NaN	NaN	0	0	0	0	0	0	0	0	3722	0	0	0	18000	18000	18000	18000	93	NaN	0.18879280365531206	0.054133514666324614	0.04906050928837816	0.1792321468394354	1.2023644600433474	0.027379787082744574	6.12782314935872e-8	NaN	0.05539581648903746	-0.01563283851031638	0.005397917302948419	-0.000017511940902207877	NaN	390.82517659485995	18.47709581900838	96067.51953298612	11.4399995803833	15.569763674947957	94.52797381634181	94.70972553295559	94.34622088156806	0.36350440012994717	0.00028940149799099236	-1	0	2.0865315554274453	83.53056233708418	1.0000701165397963	-348.9742470804696	9.00056110370159	-307.8321203528576	209
DATA	2025-06-05T100000_AIU-0547.ghg	2025-06-05	10:30:00	156.437	1	18000	18000	0.07617725371228333	1	NaN	36.861113995168004	1	NaN	-4.308604672272876	2	NaN	-1.1540908495667088	1	NaN	-0.0976987650904761	2	NaN	-0.014363458708529417	1	NaN	NaN	NaN	NaN	NaN	NaN	NaN	NaN	NaN	NaN	-1.7509467171895067e-10	-8.378607222056931e-12	-1.0093344247551156e-12	NaN	14.938683498958042	389.0625881244924	396.4433208423192	0	0	714.8439197127539	18.617371840557393	18.970553692675185	0.1	1	0.08611414252640352	2.1090875629267734	2.1490981217818295	-0.2	0	NaN	NaN	NaN	NaN	9	296.87482873365616	295.42979538302944	95648.40153797742	1.119986665864895	1015.8398103228114	0.02567950200233368	-0.006330879977862852	0.013064312784745914	1781.1995171752214	2681.334643379993	0.01166470386025281	66.42958653344016	900.1351262047715	288.8403524688839	-0.6300254329700201	-0.07391489384177513	0.17869880610764213	0.6590362061564236	-8.542429036602127e-15	-1.172089038041159e-14	0.6590362061564236	2.1928909438194912	145.30861934623454	186.6913806537654	15.73281286780157	NaN	0.2607991849408031	0.14308092204139874	-40.73014129946572	-0.07120034223986453	-8.555232331334548	0.12422933072192066	0	86.94553099287226	-13.194319766173749	29.845587236495355	74.31973218764325	113.34228087948885	158.96416050982353	238.1572795063713	0.07485925878990728	1.01760630473346	36.17769204504936	1.0179401647709985	-3.962131709878257	1.0874460991619244	-1.061285566665002	1.0874460991619244	-0.08984239785840496	1.0874460991619244	-0.024000827466884193	1.1516675556779201	NaN	NaN	800000009	800000009	800000009	800000009	800000009	800000109	899999999	899999999	89999	89999	89	89	5	2	0	3	2	1	0	NaN	0	0	0	0	0	0	0	0	0	NaN	NaN	NaN	NaN	0	0	0	0	0	0	0	0	3016	0	0	0	18000	18000	18000	18000	93	NaN	0.13187676280475438	0.10307194684946873	0.05121313442857438	0.1736486414506808	1.1853414496630041	0.1506416755452291	1.2279345619171796e-7	NaN	0.03179821758879514	-0.027770436051506326	-0.002350887115407616	-0.000024000827466884194	NaN	389.0620913316664	18.617220054951517	96038.44317469618	11.44727196905348	15.680795323000973	94.5008073079851	94.68169376881917	94.31991978348626	0.3617730044308633	0.00028976092219656696	-1	0	2.0929024592174432	83.0759332934603	1.0000630005515283	-273.1499938964844	9.000657549169329	-273.1499938964844	101
DATA	2025-06-05T103000_AIU-0547.ghg	2025-06-05	11:00:00	156.458	1	18000	18000	0.0986930331453125	1	NaN	43.14529868296064	1	NaN	-9.316868894432634	2	NaN	-3.6795805054994277	1	NaN	-0.21129176811898795	2	NaN	-0.013132115602500055	1	NaN	NaN	NaN	NaN	NaN	NaN	NaN	NaN	NaN	NaN	1.810203004471561e-10	9.008886932180887e-12	1.044588532225326e-12	NaN	14.990033513358366	390.2308271839915	397.9594888128145	0.1	1	746.0131084627714	19.420724586512694	19.80535900916673	0.1	1	0.08650089004961355	2.120699237932599	2.1627004476903204	-0.2	0	NaN	NaN	NaN	NaN	9	297.0412241041396	295.5728454081217	95618.53624283854	1.1187527246403712	1016.2971922694211	0.025699960836904914	-0.013691706574110419	0.013617198301041999	1857.4793733022755	2704.7593236654234	0.01217176772053835	68.67447898414359	847.2799503631479	289.49700614664926	-0.6613549251968741	0.10141325089415833	0.18086830126065104	0.6931005171978567	-2.3014299954797154e-15	1.2076043745055e-14	0.6931005171978567	2.648694362843761	160.71792214107347	171.2820778589265	15.126757907801199	NaN	0.29701350387546993	0.14647821799145044	-51.395674245315256	-0.05642498211343801	-4.630879662666762	0.12776222098939627	0	90.63401410240573	-13.754061308304363	31.111724128855535	77.4725920730081	118.1505911381756	165.70788401540221	248.26060618504448	0.09704791396559818	1.0169516181491287	42.124488741263676	1.0175244269793133	-8.570316489374507	1.087109082375628	-3.384738997358524	1.087109082375628	-0.19436114695800183	1.087109082375628	-0.024554420325570998	1.1511338089431191	NaN	NaN	800000009	800000009	800000009	800000009	800000009	800001119	899999999	899999999	89999	89999	89	89	4	6	0	1	0	1	0	NaN	0	0	0	0	0	0	0	0	0	NaN	NaN	NaN	NaN	0	0	0	0	0	0	0	0	6521	0	0	0	18000	18000	18000	18000	93	NaN	0.19272063278611856	0.04036550643575883	0.05987029676102353	0.1391747121451231	3.3890821057401803	0.11169500197243606	5.3536529992083386e-8	NaN	0.03704928329894985	-0.08871095278834162	-0.005094030158642952	-0.000024554420325571	NaN	390.23052344223396	19.420608360599527	96010.91347829861	11.460000038146973	16.3387017534574	94.51108899006314	94.69013797632854	94.3320441854265	0.3580894534074596	0.0002896055953735615	-1	0	2.1037448763632107	82.49911469167068	1.0000577085978455	-273.1499938964844	9.000641016960143	-273.1499938964844	253
DATA	2025-06-05T110000_AIU-0547.ghg	2025-06-05	11:30:00	156.479	1	18000	18000	0.1329306774840153	1	NaN	53.007226747138624	1	NaN	14.484999693631242	1	NaN	0.10296146816824454	2	NaN	0.3286249819069906	1	NaN	-0.0006841891347640614	1	NaN	NaN	NaN	NaN	NaN	NaN	NaN	NaN	NaN	NaN	3.3697837658133384e-11	1.6996367246930947e-12	1.951793667054788e-13	NaN	14.923244713301086	389.374542510557	397.174696908685	0.1	1	752.6920576812342	19.639102034542056	20.032522793696756	0.1	1	0.08643609367113123	2.1232389025185934	2.165772734229761	-0.2	0	NaN	NaN	NaN	NaN	9	297.53556939358185	295.97571419948997	95591.97749435765	1.116826698196434	1016.4296428311752	0.025742140212548753	0.02129489882757299	0.013747754530275765	1877.8441764379224	2771.6932475734366	0.01230965784796965	67.75079378217407	893.8490711355141	289.6683078315748	-0.9073412237667623	0.17340894115169556	0.17141124184920944	0.9395321021924405	2.6087787777925627e-14	2.2580771343981582e-15	0.9395321021924405	3.51647358230759	162.8197609911863	169.1802390088137	10.512101665300278	NaN	0.3450004927663873	0.267267910742362	-65.55258948872948	-0.04423928974611445	3.6594565321561463	0.13534812951242486	0	87.73072873762135	-13.313476553251709	30.11512021330505	74.99090741008084	114.36586544231807	160.39975241320127	240.3080577767267	0.13114816225725887	1.0135916142176653	53.37683981088144	1.0154501903827529	13.337895423879969	1.0860033935861813	0.09480768547899929	1.0860033935861813	0.30260032689383315	1.0860033935861813	-0.01778549347577451	1.1487555032762555	NaN	NaN	800000009	800000009	800000009	800000009	800000009	800000009	899999999	899999999	89999	89999	89	89	7	21	2	0	2	0	0	NaN	0	0	0	0	0	0	0	0	0	NaN	NaN	NaN	NaN	0	0	0	0	0	0	0	0	3319	0	0	0	18000	18000	18000	18000	93	NaN	0.337935212640188	0.10897175194618605	0.08762885689834993	0.1634258924882039	2.946915812523581	0.038869709495322674	3.2693081945236534e-8	NaN	0.0470207712320171	0.002489456538202234	0.00794566767917619	-0.00001778549347577451	NaN	389.374531887478	19.639055059952113	95985.8180750868	11.45303210088942	16.511519405470956	94.43597908910117	94.6138073425293	94.2581522924635	0.35565583576924265	0.0002901332411549649	-1	0	2.1060934591094655	82.75527367809967	1.0000421458532414	-273.1499938964844	9.000561089250777	-273.1499938964844	191
DATA	2025-06-05T113000_AIU-0547.ghg	2025-06-05	12:00:00	156.499	1	18000	18000	0.14371423464233782	1	NaN	51.92443440519399	1	NaN	31.000422249260158	1	NaN	-1.993086342514819	1	NaN	0.7036684545740423	1	NaN	-0.0026340270939638945	1	NaN	NaN	NaN	NaN	NaN	NaN	NaN	NaN	NaN	NaN	-4.0110457182710255e-11	-1.9790695274457623e-12	-2.3295752513806963e-13	NaN	14.746626938178707	385.4044634557062	392.8753994430356	0.1	1	727.6057680673956	19.016044267267905	19.384663893981976	0.1	1	0.08564693491285646	2.108304497411701	2.1491732714801977	-0.1	0	NaN	NaN	NaN	NaN	9	297.94441768985325	296.49457382795543	95582.00035069445	1.1150205095507428	1016.0889830096262	0.025789959173915862	0.045597715856397936	0.013286919969768248	1818.079099515274	2860.0268832186302	0.011916300961245754	63.568601756261664	1041.9477837033562	289.1608499444515	-0.7917319330467817	0.24370955546762493	0.15808714354042094	0.8433417730582163	1.276442669596267e-14	-2.7199750390962373e-15	0.8433417730582163	3.485241528904002	169.1093217632119	162.8906782367881	10.804195069151376	NaN	0.3590115867826771	0.3745258357558262	-75.39534558830888	-0.03846391282341553	1.6749589404845349	0.12765819837431752	0	83.05234312895705	-12.603513487809707	28.509181826192297	70.99189375709665	108.26711729891713	151.84617142600217	227.4932347913729	0.14163581541950146	1.0146743902075928	53.227358616559194	1.0161040313173204	28.540074974912486	1.0862067558165278	-1.8349051245005081	1.0862067558165278	0.6478218357655838	1.0862067558165278	-0.020127322646027464	1.1494327684547199	NaN	NaN	800000009	800000009	800000009	800000009	800001009	801001009	899999999	899999999	89999	89999	89	89	15	26	3	9	1	0	0	NaN	0	0	0	0	0	0	0	0	0	NaN	NaN	NaN	NaN	0	0	0	0	0	0	0	0	4124	0	0	0	18000	18000	18000	18000	93	NaN	0.3988021136854227	0.24142566322126943	0.10882389460496035	0.17669286284925398	1.8702652723624869	0.36534256716658864	3.220921307687243e-7	NaN	0.04698079014719439	-0.048239702633201216	0.017031252624101344	-0.000020127322646027465	NaN	385.40440467755195	19.015689408807564	95978.825765625	11.449697024557326	15.9983940418031	94.38186273362902	94.558491678026	94.20523613188	0.3532529694454539	0.0002907975504478802	-1	0	2.091827102581659	82.31583985418214	1.0000328153189686	-273.1499938964844	9.000467225816514	-273.1499938964844	055
DATA	2025-06-05T120000_AIU-0547.ghg	2025-06-05	12:30:00	156.52	1	18000	18000	0.1298266838188307	1	NaN	63.0351890290068	0	NaN	-3.519078738724982	2	NaN	0.5479826559040345	2	NaN	-0.07993963933392023	2	NaN	0.002347953629916491	0	NaN	NaN	NaN	NaN	NaN	NaN	NaN	NaN	NaN	NaN	-4.525373702075768e-11	-2.1609242854367006e-12	-2.608640097453211e-13	NaN	14.670664463263051	384.47952652943064	391.67035656184123	0.3	0	700.5431420529238	18.359393076190646	18.702764480907035	0.1	1	0.08456867011357624	2.0887017485046537	2.127766245377795	-0.1	0	NaN	NaN	NaN	NaN	9	298.724655128479	297.28458725653746	95576.77962282985	1.1122747855517925	1015.7371683359979	0.02586008932509032	-0.0051800886288380305	0.012793315009181641	1755.2023542460388	2999.244002973379	0.011501937448698847	58.52149249964235	1244.04164872734	288.6109063795248	-0.6797317676853584	0.13767740580204166	0.16553597918534677	0.7130164826102584	-4.456697213313565e-14	-3.084641267208993e-15	0.7130164826102584	3.4067407739123126	163.45016488406955	168.5498351159304	13.424444629550107	NaN	0.34164568182339244	0.28556470771268827	-53.515172566064415	-0.054190239159183376	-17.91241222748129	0.1633103414299562	0	80.91999547213524	-12.279921504237088	27.77721587827683	69.16919505164005	105.4873867677179	147.94755983192778	221.65240420340288	0.12770717359135403	1.016596641894674	62.1225459248211	1.0173000647904071	-3.237608430729332	1.0869377239458953	0.5041527622343445	1.0869377239458953	-0.07354574008501283	1.0869377239458953	-0.016581711403367966	1.1508513785933847	NaN	NaN	800000009	800000009	800000009	800000009	800000019	800000019	899999999	899999999	89999	89999	89	89	10	9	0	16	0	1	1	NaN	0	0	0	0	0	0	0	0	0	NaN	NaN	NaN	NaN	0	0	0	0	0	0	0	0	3246	0	0	0	18000	18000	18000	18000	93	NaN	0.2883506779535877	0.17760693789716736	0.10517179957462149	0.3243724558881837	1.8525012121638114	0.27194745683880767	1.37032035990436e-7	NaN	0.05498646608127387	0.01328133817986992	-0.0019374799047591706	-0.000016581711403367966	NaN	384.48001546587926	18.359133119708673	95976.86228949652	11.4399995803833	15.450668186187722	94.34253280321755	94.52053239483304	94.16452780681186	0.3560005737269919	0.00029097040695584537	-1	0	2.072980352063974	82.19790745457898	1.0000245505306455	-273.1499938964844	9.000354340049956	-273.1499938964844	117
DATA	2025-06-05T123000_AIU-0547.ghg	2025-06-05	13:00:00	156.541	1	18000	18000	0.3868542480899273	1	NaN	-6.277260985134786	2	NaN	-641.8324381323795	1	NaN	-0.40238219107248957	2	NaN	-14.58791591551746	1	NaN	-0.03694764783492974	2	NaN	NaN	NaN	NaN	NaN	NaN	NaN	NaN	NaN	NaN	-4.0270838211750355e-10	-1.8793583980355586e-11	-2.352037154553186e-12	NaN	14.535973181558495	382.3706531975964	389.31782079883476	0.1	1	678.3644067386358	17.844463392360336	18.168673623726672	0.1	1	0.08489803172420296	2.101844718127622	2.1400324488190368	0	1	NaN	NaN	NaN	NaN	9	299.19823731825085	297.8502343911065	95551.50039539931	1.1100864505409094	1015.4611762148784	0.025916148239226302	-0.9452969513255314	0.012407601348457475	1705.5226165947593	3102.5219357740375	0.01117714871883325	54.9721372451555	1396.9993191792782	288.16401231144334	-0.1794913296179804	-0.03031880889197314	0.19585870416413337	0.2673892286116597	2.5647804029759482e-14	-2.7704260119880504e-14	0.2673892286116597	3.3896595750365734	142.41237567830876	189.58762432169127	47.095159987358095	NaN	0.590330584529023	0.6590971460970245	2771.6152797723807	0.0010463212629705817	0.009780217720688163	-0.009433107322475496	0	66.37418412353611	-10.07253851398783	22.784109544084576	56.735654287267785	86.52545259276721	121.35317753809967	181.80917339629832	0.3794559616954229	1.019497088308874	-43.53612788754619	1.0179865890881836	-584.9353402493788	1.0972707476671584	-0.3667118547796615	1.0972707476671584	-13.294727802169113	1.0972707476671584	0.008137421609407957	1.1766181035922278	NaN	NaN	800000009	800000009	800000009	800000009	800000009	800010019	899999999	899999999	89999	89999	89	89	5	6	3	15	3	0	1	NaN	0	0	0	0	0	0	0	0	0	NaN	NaN	NaN	NaN	0	0	0	0	0	0	0	0	678	0	0	0	18000	18000	18000	18000	93	NaN	0.32988014883983174	0.4729910122195387	0.5153231311346785	0.18936998792787807	1.0610489407644654	0.9541232808803559	6.623228806374736e-8	NaN	-0.03862154779630127	-0.009676476640032315	-0.35080982885206835	0.000008137421609407957	NaN	382.3710954938374	17.84354996915663	95953.9664813368	11.443635774718391	14.989025065369209	94.28208371988933	94.46120312457614	94.10296511205038	0.35823861104746635	0.0002925379684004131	-1	0	2.086487160424392	81.8325874713968	1.0000234628650877	-273.1499938964844	9.000331376870474	-273.1499938964844	078
DATA	2025-06-05T130000_AIU-0547.ghg	2025-06-05	13:30:00	156.562	1	18000	18000	0.2138886930545523	1	NaN	-140.40994230364035	1	NaN	367.16777908333074	1	NaN	-9.021218486354003	1	NaN	8.350818357144819	1	NaN	0.06828318977561851	1	NaN	NaN	NaN	NaN	NaN	NaN	NaN	NaN	NaN	NaN	-1.2419029230642019e-9	-5.607014943336721e-11	-7.251800436451681e-12	NaN	14.461064456162374	381.27681477308715	387.9551150660376	0.1	1	652.8964784316416	17.21410553335181	17.515621286662643	0.1	1	0.08444198945599297	2.096700385158524	2.1334253950565607	0	1	NaN	NaN	NaN	NaN	9	299.6659494484795	298.5447672932943	95515.01922287326	1.1073467841603304	1015.1247237621632	0.02598650155202034	0.5411330295429843	0.011936896792549345	1644.6466616751325	3233.5652155355792	0.010779727690816166	50.8617130643746	1588.9185538604468	287.60053707390244	-0.09935237061546905	0.02832371996126249	0.18392087716006614	0.21095026834466635	1.4479167868790227e-14	-8.587908081240748e-14	0.21095026834466635	4.071427276909156	167.91197578038023	164.0880242196198	60.67649324813817	NaN	0.4394931282590194	0.45985604526706436	51.11137479324422	0.05673883771921774	-0.3824135730378823	-0.2842122009388616	0	53.42150830648854	-8.106919987007737	18.337875084081926	45.66390181369608	69.64033148496557	97.67155510046506	146.32978762811086	0.20943506607464688	1.0212649536841079	-117.23795544260085	1.020871213402048	329.42227238667505	1.114580918962122	-8.093821034325979	1.114580918962122	7.492339241659505	1.114580918962122	0.07768730551958127	1.208228560824962	NaN	NaN	800000009	800000009	800000009	800000009	800000009	800010119	899999999	899999999	89999	89999	89	89	12	12	1	28	15	4	3	NaN	0	0	0	0	0	0	0	0	0	NaN	NaN	NaN	NaN	0	0	0	0	0	0	0	0	605	0	0	0	18000	18000	18000	18000	93	NaN	0.16498459390119533	0.2632531302712051	0.49147436636172825	0.2284470987975411	1.7212788165865054	0.9048515087050264	1.248884146234749e-7	NaN	-0.10429540668898324	-0.21401516064674023	0.19811090208484772	0.00007768730551958126	NaN	381.2782215241545	17.2132384403924	95906.23173546008	11.449999809265137	14.423792787366448	94.26718303786383	94.44644190957811	94.08792249192132	0.35851742834101114	0.0002933019252700939	-1	0	2.0819463011026373	81.73983807211987	1.000028681077891	-273.1499938964844	9.00036180445883	-273.1499938964844	200
DATA	2025-06-05T133000_AIU-0547.ghg	2025-06-05	14:00:00	156.583	1	18000	18000	0.2276831441857781	1	NaN	52.67597836920882	1	NaN	80.89162977043145	1	NaN	-1.7645258297219146	2	NaN	1.8400204581222204	1	NaN	0.004256920209895898	1	NaN	NaN	NaN	NaN	NaN	NaN	NaN	NaN	NaN	NaN	-9.843140304822542e-11	-4.610758899151054e-12	-5.778158163586329e-13	NaN	14.372380568224424	379.0931014710812	385.94659219918987	-0.1	0	673.2361782393708	17.757614308902948	18.07864796672244	0.1	1	0.08436930241639248	2.096639075420676	2.134543475178481	-0.2	0	NaN	NaN	NaN	NaN	9	300.0324082344903	298.67417084854685	95494.04827391994	1.1063950754064142	1015.4330135201	0.026003474575838993	0.11923332568631988	0.012305748387427056	1696.201344085813	3258.5070382374297	0.011122381743164178	52.054555174547396	1562.3056941516168	288.07889109779325	-0.8247676671223101	0.17875169251539144	0.1720055276743607	0.8612663779911832	-1.2875718436146634e-14	-6.8486499213529885e-15	0.8612663779911832	4.678254590318649	164.22857511797372	167.77142488202628	11.5201382369762	NaN	0.45363893590981946	0.5389623269110473	-149.81367272486128	-0.01935737871753511	0.6511919529709318	0.10335720928735015	0	84.40189417301859	-12.808313065347297	28.97243902820932	72.14546969162548	110.02639338534152	154.3135811517762	231.18986418150257	0.22443894893060243	1.014454689217863	56.91408077576596	1.0159697677482489	74.47553970137105	1.086150299746566	-1.6245687453510216	1.086150299746566	1.6940753582184311	1.086150299746566	-0.017051766622974793	1.1492862618880522	NaN	NaN	800000009	800000009	800000009	800000019	800000019	800000019	899999999	899999999	89999	89999	89	89	8	34	1	6	2	3	1	NaN	0	0	0	0	0	0	0	0	0	NaN	NaN	NaN	NaN	0	9	0	0	0	0	0	0	2010	0	0	0	18000	18000	18000	18000	93	NaN	0.63294101603486	0.27809482673810004	0.16688881104913464	0.21126440248709843	1.629348023119155	0.22567986204221832	6.942724142333861e-8	NaN	0.05065918666379771	-0.04300836284733141	0.04484846080258576	-0.00001705176662297479	NaN	379.09315746186377	17.75738547172692	95879.67277951389	11.449999809265137	14.916926856808185	94.26667457050749	94.443954641766	94.08939813656278	0.35455541243486893	0.0002933078627360778	-1	0	2.081765319572555	81.98224973404628	1.000022823560569	-273.1499938964844	9.000319224701988	-273.1499938964844	130
DATA	2025-06-05T140000_AIU-0547.ghg	2025-06-05	14:30:00	156.604	1	18000	18000	0.3172067656210912	1	NaN	20.332175065546686	1	NaN	65.73948165537111	1	NaN	0.07069169988791824	2	NaN	1.4952202344000476	1	NaN	0.008943885804028903	2	NaN	NaN	NaN	NaN	NaN	NaN	NaN	NaN	NaN	NaN	1.3744359051511702e-11	6.922673047175789e-13	8.123009524086402e-14	NaN	14.197795300627547	375.11101504749706	382.33459937905616	0.1	1	715.1056989169905	18.89335765920964	19.257190649665354	0.1	1	0.0839099342616068	2.08534912257794	2.1255070882025358	0	1	NaN	NaN	NaN	NaN	9	300.0905972001818	298.57893932596846	95465.06895507811	1.1059337276854007	1016.0693895287869	0.02600307451434628	0.09689027118912308	0.013093002162666765	1804.139503275443	3240.135456136023	0.011838866864173677	55.68099012215198	1435.99595286058	289.0403866008206	-0.861487593281313	0.15593284553125422	0.18082339326980398	0.8939647785269598	2.603004228366827e-14	9.680629112115877e-16	0.8939647785269598	4.563159710991196	162.2596929487542	169.7403070512458	11.669808379505316	NaN	0.5355581952373397	0.9448437518965737	-638.6448596934991	-0.004540864857804976	0.30928407942330477	0.033785060445393804	0	86.30444503509152	-13.097032498755068	29.625523172701143	73.77174155319157	112.50656058581859	157.792050915121	236.40124574717427	0.3128037861317167	1.0140758510113443	24.020006167678602	1.0157401249136264	60.52969079229198	1.0860700062215178	0.06508945048013762	1.0860700062215178	1.3767254650572482	1.0860700062215178	-0.002035883584219929	1.149044436200025	NaN	NaN	800000009	800000009	800000009	800000009	800000019	800000019	899999999	899999999	89999	89999	89	89	6	18	1	6	0	0	2	NaN	0	0	0	0	0	0	0	0	0	NaN	NaN	NaN	NaN	0	0	0	0	0	0	0	0	704	0	0	0	18000	18000	18000	18000	93	NaN	0.8561886871086986	0.8135014482346895	0.2199973684497592	0.27131920323927355	1.2121737874579275	0.14408869779981284	5.938593891545327e-8	NaN	0.021375714672477203	0.0017251280347522486	0.03648867333197625	-0.000002035883584219929	NaN	375.1110635087538	18.893211871069333	95853.33653428819	11.449697580125598	15.88099745755727	94.20139134173922	94.37331985558404	94.02946328862508	0.34385685995883414	0.0002935659335166241	-1	0	2.069259628507826	81.91586664052184	1.0000175576988193	-273.1499938964844	9.000282315545611	-273.1499938964844	198
DATA	2025-06-05T143000_AIU-0547.ghg	2025-06-05	15:00:00	156.624	1	18000	18000	0.177046499418319	0	NaN	45.15326874288605	0	NaN	15.121542660539934	1	NaN	0.23731233678772265	2	NaN	0.3439967975594433	1	NaN	-0.0006290799463699979	0	NaN	NaN	NaN	NaN	NaN	NaN	NaN	NaN	NaN	NaN	-5.903117750389906e-11	-2.928401203319649e-12	-3.487132577127997e-13	NaN	14.18759899083856	375.2265148648847	382.3435050540052	0.1	1	703.8142167203772	18.614126028151627	18.967183573589512	0.1	1	0.0838100148500572	2.084472587330708	2.124009161548725	-0.1	0	NaN	NaN	NaN	NaN	9	300.2256669175889	298.7671615626017	95434.20183723958	1.1049971315012652	1015.9167932662639	0.026027882388200613	0.022290992481851925	0.012887201185698579	1776.9007673972915	3276.5339123953427	0.011662655782816231	54.231111745102325	1499.6331449980512	288.80261634868924	-0.8365103049670692	0.07117007238287269	0.15735578634276876	0.8541519261903842	-1.5956757328013157e-14	-4.16075881070628e-15	0.8541519261903842	4.031158485449788	156.86299841416863	175.13700158583134	10.615927530873714	NaN	0.4002792679181268	0.5213216790541981	-120.0339298913011	-0.024159835495065	2.986022640448894	0.10048628915597593	0	81.00533099033349	-12.292871498350207	27.80650880022087	69.24213856910626	105.59863023431326	148.1035803755618	221.88615140843203	0.17450899159443917	1.014540842856837	45.600189596113815	1.0160222646567514	13.921868676950853	1.0861719077680474	0.21848506216237074	1.0861719077680474	0.31670566610981066	1.0861719077680474	-0.015059573629247975	1.1493436232260035	NaN	NaN	800000009	800000009	800000009	800000009	800000009	800000009	899999999	899999999	89999	89999	89	89	22	9	4	8	0	0	0	NaN	0	0	0	0	0	0	0	0	0	NaN	NaN	NaN	NaN	0	0	0	0	0	0	0	0	403	0	0	0	18000	18000	18000	18000	93	NaN	0.5156464557527488	0.3830079243517518	0.14398897800389557	0.3066437041690326	1.477316124036499	0.1766325401980614	4.898791133871911e-8	NaN	0.04062069581510294	0.005794593732205482	0.008399570431181362	-0.000015059573629247975	NaN	375.22686139898406	18.613950154060625	95826.55383311633	11.4399995803833	15.643236963325073	94.20684892908733	94.37881665865581	94.03487698279487	0.3439413001404865	0.00029404219357659003	-1	0	2.068639869875378	81.77824188310245	1.0000162940588262	-273.1499938964844	9.000263504743575	-273.1499938964844	083
DATA	2025-06-05T150000_AIU-0547.ghg	2025-06-05	15:30:00	156.645	1	18000	18000	0.21264118594666234	0	NaN	76.64818255142109	0	NaN	41.57343503111824	0	NaN	-1.4421011282409182	0	NaN	0.9459884464325611	0	NaN	0.0036505501804839076	0	NaN	NaN	NaN	NaN	NaN	NaN	NaN	NaN	NaN	NaN	-5.7851947488602345e-11	-2.9126289691292032e-12	-3.409808773953422e-13	NaN	14.127873879577013	374.18193860785624	381.3663698869634	0.1	1	711.2855577068824	18.838659741383534	19.200368959113295	0.1	1	0.08327005468809828	2.0737705697826603	2.113587729859038	-0.2	0	NaN	NaN	NaN	NaN	9	300.5556311187744	299.03167519717744	95412.08365212675	1.103669438538234	1016.049815001449	0.026056965244086423	0.06130005132882996	0.01302809637178485	1797.9179222591706	3328.287934469668	0.0118043464074171	54.01930234577654	1530.3700122104974	288.9863568703968	-1.0232094151545605	0.2081850939184837	0.14831900816454652	1.0546549524719828	6.405881772219165e-15	-4.0948799502119014e-15	1.0546549524719828	5.113141861721637	163.50057994588258	168.49942005411742	8.084461413075832	NaN	0.43893901476247343	0.6197861600746013	-93.2314573137813	-0.03110538099002049	1.8436817283452513	0.1557197361341557	0	83.09993118823185	-12.610735159400566	28.525517266993944	71.0325713144161	108.32915314042896	151.93317757578959	227.62358585835074	0.2100045853483484	1.0125549668067506	78.44368692081312	1.0148469494612802	38.280091191909406	1.0860328107030446	-1.3278614734552747	1.0860328107030446	0.8710496009970218	1.0860328107030446	-0.022140698324308684	1.1482422194141357	NaN	NaN	800000009	800000009	800000009	800000009	800000009	801000009	899999999	899999999	89999	89999	89	89	2	20	1	1	1	2	0	NaN	0	0	0	0	0	0	0	0	0	NaN	NaN	NaN	NaN	0	0	0	0	0	0	0	0	1210	0	0	0	18000	18000	18000	18000	93	NaN	0.6197893217057311	0.4573427046093746	0.16244029383409703	0.3216651495904056	1.4285669268639292	0.14115125726728858	5.23324344753281e-8	NaN	0.06995261913855598	-0.03526455542472003	0.02313281735037429	-0.000022140698324308686	NaN	374.18220505692415	18.838522183271905	95799.57924305556	11.436363732814787	15.826755661010708	94.21733991008335	94.39053146659003	94.0441532389323	0.3463756836578248	0.00029431742790459093	-1	0	2.057844217333529	81.97342945842391	1.0000125719822115	-273.1499938964844	9.000232937362458	-273.1499938964844	083
DATA	2025-06-05T153000_AIU-0547.ghg	2025-06-05	16:00:00	156.666	1	18000	18000	0.23069198539659033	0	NaN	76.30257631972093	0	NaN	34.70222478254231	0	NaN	-0.7395247420676643	1	NaN	0.7897188370181175	0	NaN	0.002375132372737739	0	NaN	NaN	NaN	NaN	NaN	NaN	NaN	NaN	NaN	NaN	1.6913451655989735e-11	8.732839193803227e-13	1.001717551986067e-13	NaN	14.06902489700203	372.5839707264088	379.8921244475198	0.1	0	726.419033430247	19.237444660742238	19.614782962516113	0.1	1	0.08332532865144021	2.076503733221783	2.117233903269783	-0.2	0	NaN	NaN	NaN	NaN	9	300.7712580786811	299.1389007856581	95409.2929828559	1.103074007815507	1016.2771514586241	0.0260670710721948	0.051173780638774015	0.01329872304280282	1835.923328812707	3349.469513052067	0.012056056935961344	54.81236123089226	1513.5461842393602	289.3138782663917	-1.336761428183503	0.126983521087013	0.13821426315926452	1.3498737396688447	-5.5570637460643246e-15	1.202176538872557e-15	1.3498737396688447	5.098258428066285	157.4264380698066	174.5735619301934	5.876843484846316	NaN	0.4573134006866132	0.5885176100949342	-105.91963845751258	-0.02737924753362214	2.198780533463277	0.1488361616195082	0	84.24944615731178	-12.785178490815579	28.920108557627902	72.01515942069508	109.82766200008862	154.03485755826327	230.77228544833162	0.2282432652346966	1.0107285538496646	77.776588220366	1.013885379767237	31.923219138603475	1.087052801030905	-0.6803025035824727	1.087052801030905	0.7264769809425895	1.087052801030905	-0.02281202520717069	1.1479389991217495	NaN	NaN	800000009	800000009	800000009	800000009	800000009	800000009	899999999	899999999	89999	89999	89	89	11	21	3	0	0	0	1	NaN	0	0	0	0	0	0	0	0	0	NaN	NaN	NaN	NaN	0	0	0	0	0	0	0	0	1812	0	0	0	18000	18000	18000	18000	93	NaN	0.7111152954497987	0.2955482953709265	0.17037162936914335	0.21648443277960458	1.0033059106022	0.10536331949214504	7.146809994179208e-8	NaN	0.06937964533397042	-0.018081427476463387	0.019308676324224443	-0.00002281202520717069	NaN	372.58406234081616	19.237333122614547	95797.36634700521	11.430000305175781	16.15504436100853	94.20944619560241	94.3805972220103	94.0382984729343	0.34230376044081295	0.0002946703886102316	-1	0	2.060223432843331	82.18589326987443	1.0000243822071286	-273.1499938964844	9.00033414504263	-273.1499938964844	190
DATA	2025-06-05T160000_AIU-0547.ghg	2025-06-05	16:30:00	156.687	1	18000	18000	0.2887147136675032	1	NaN	63.49998144844686	1	NaN	22.602957634689556	1	NaN	-0.5903248463633002	1	NaN	0.5142721020802297	1	NaN	-0.005160172694216473	1	NaN	NaN	NaN	NaN	NaN	NaN	NaN	NaN	NaN	NaN	-1.351247633746961e-10	-7.018015704081343e-12	-8.070135628615511e-13	NaN	14.075124921542319	372.8344241945627	380.1965557187192	0.1	1	731.0240200930367	19.364014253730428	19.746383505388394	0.1	1	0.08406169548032945	2.093061937749622	2.1343923414729575	-0.2	0	NaN	NaN	NaN	NaN	9	300.55923205481633	298.93161465962726	95373.18020616319	1.1033679014026305	1016.3432423589746	0.026058871465833067	0.03332483221479888	0.013390431864572937	1847.303007529995	3308.6271738339055	0.012135962852961977	55.832915299109196	1461.3241663039105	289.4107873665804	-1.2484135208198741	0.06135610470200908	0.1455290016937618	1.258363850753851	-1.3510394991199397e-14	-9.600253221758933e-15	1.258363850753851	5.384950214130911	154.81366664029957	177.18633335970048	6.641081815562991	NaN	0.5115337417019035	0.760330025835035	-178.0791527808873	-0.016284893288818745	2.809366034071187	0.11069769123630119	0	86.77269524140623	-13.168091274084182	29.78625831597398	74.17199478682781	113.11697202157544	158.64816163300793	237.68385560636702	0.2855176503599305	1.0111974279122233	64.3431215994926	1.014113756681211	20.80113746852998	1.0866212325593034	-0.5432664379039571	1.0866212325593034	0.47327632358974975	1.0866212325593034	-0.02528230740318998	1.1479085626537802	NaN	NaN	800000009	800000009	800000009	800000009	800000009	800000009	899999999	899999999	89999	89999	89	89	15	9	1	4	1	0	0	NaN	0	0	0	0	0	0	0	0	0	NaN	NaN	NaN	NaN	0	0	0	0	0	0	0	0	805	0	0	0	18000	18000	18000	18000	93	NaN	0.9010695349921309	0.4215847168851905	0.19800579979274857	0.17863463129835264	0.586655985641491	0.06000416863332399	3.392065289786308e-8	NaN	0.057377467730087575	-0.014436534523456687	0.012576646573271249	-0.00002528230740318998	NaN	372.83442551584085	19.363947486803266	95759.26953971354	11.436967577934265	16.252483868334032	94.22043033854166	94.39072661251492	94.05013039694892	0.3405997486379412	0.0002949806748931426	-1	0	2.0765434451831712	82.14102098376661	1.0000148555967543	-273.1499938964844	9.000269548151229	-273.1499938964844	078
DATA	2025-06-05T163000_AIU-0547.ghg	2025-06-05	17:00:00	156.708	1	18000	18000	0.23823285813557282	0	NaN	58.45659929467871	0	NaN	27.663940379050747	0	NaN	-0.6640563764811309	0	NaN	0.6293041297968825	0	NaN	0.0023744325192298185	0	NaN	NaN	NaN	NaN	NaN	NaN	NaN	NaN	NaN	NaN	6.733795308885085e-11	3.417815886864841e-12	4.0160875529318107e-13	NaN	14.107862408881564	373.344105586418	380.5554459446425	0.1	1	716.0609145210587	18.94951296866603	19.31553291004156	0.1	1	0.08414038149336733	2.0928845255054616	2.1333097054347787	-0.2	0	NaN	NaN	NaN	NaN	9	300.2887086978488	298.73929282887775	95347.3491030816	1.1039534714550163	1016.1047710155611	0.026049161344738597	0.04077890761083799	0.013108684192438816	1807.2704795288291	3271.1222693082454	0.0118743085930619	55.24924875128615	1463.8517897794163	289.0675148993666	-1.2312214446622955	0.24069729261522532	0.1617327116611673	1.2649106302382809	-4.126968123996651e-14	4.773079800272112e-15	1.2649106302382809	5.328553529522492	163.06151352855764	168.93848647144236	7.346003907661425	NaN	0.464542492501577	0.6840161925470404	-144.84025109835497	-0.020022058633623406	2.1130973568373697	0.11218087958212945	0	82.11149753602291	-12.460736539276423	28.18621997985784	70.1876730950534	107.04063004602644	150.1260056148071	224.91611295095166	0.2356032174590837	1.0111613105493595	59.62913080884269	1.014095643740042	25.458023651289764	1.0866491742633457	-0.6111046621199558	1.0866491742633457	0.5791235522021138	1.0866491742633457	-0.017215122229264898	1.1479074913104872	NaN	NaN	800000009	800000009	800000009	800000009	800000009	801000009	899999999	899999999	89999	89999	89	89	10	31	2	4	4	2	0	NaN	0	0	0	0	0	0	0	0	0	NaN	NaN	NaN	NaN	0	0	0	0	0	0	0	0	2113	0	0	0	18000	18000	18000	18000	93	NaN	0.6945561213150071	0.4860078876704825	0.18746837610859118	0.17577866054114483	1.1548292838709906	0.23103215429627597	2.1025295109907802e-8	NaN	0.05315807172577399	-0.01622632742253567	0.015377150525303711	-0.000017215122229264897	NaN	373.34456412790473	18.949277395115672	95734.36889279514	11.4399995803833	15.90622125567333	94.23804518975152	94.40813396178352	94.06795725568136	0.3401769478412138	0.00029400940825224903	-1	0	2.07671950047546	82.11028598037655	1.000018740584453	-273.1499938964844	9.000307870838377	-273.1499938964844	216
DATA	2025-06-05T170000_AIU-0547.ghg	2025-06-05	17:30:00	156.729	1	18000	18000	0.2174478703415748	1	NaN	38.126398445044934	0	NaN	3.2126118593069104	2	NaN	1.06607818516594	1	NaN	0.07307979806714632	2	NaN	0.004835485476644198	1	NaN	NaN	NaN	NaN	NaN	NaN	NaN	NaN	NaN	NaN	-3.080411577685103e-10	-1.528274973005952e-11	-1.827861738478031e-12	NaN	14.151451936570504	374.36151565607105	381.4461457914654	0.1	1	702.0915640957955	18.57308092783163	18.9245684695407	0.1	1	0.08397221243469925	2.0882346307225306	2.127753569972105	-0.2	0	NaN	NaN	NaN	NaN	9	300.13050726657445	298.72160836452906	95335.3899125434	1.1040386120082493	1015.8923464778325	0.02605088681360633	0.004735570914751081	0.012847429204567292	1771.146876128378	3267.6922843693806	0.011636757143120006	54.20176448683523	1496.5454082410026	288.7519807344666	-0.8154696732873962	0.4164817613505883	0.20143182385127095	0.9375620647450408	-3.563876745867587e-14	-2.1767459561690865e-14	0.9375620647450408	4.441094501124618	179.0545935307606	152.9454064692394	12.406515430399772	NaN	0.4437981097062588	0.5603553436241796	-193.60189399203654	-0.014979192301286505	11.867726359346234	0.07659640437499718	0	78.23569997655824	-11.872569306704976	26.85578409832321	66.87469963519209	101.98813648367309	143.03981155387447	214.29970297405237	0.2145278100779806	1.0136115698124768	37.95970314879066	1.0154620516183632	2.9581942206038283	1.0860043728471451	0.9816518347629068	1.0860043728471451	0.0672923607807906	1.0860043728471451	-0.007274775684887882	1.148766939729663	NaN	NaN	800000009	800000009	800000009	800000009	800001009	801001009	899999999	899999999	89999	89999	89	89	19	29	4	2	11	3	0	NaN	0	0	0	0	0	0	0	0	0	NaN	NaN	NaN	NaN	0	0	0	0	0	0	0	0	1916	0	0	0	18000	18000	18000	18000	93	NaN	0.4497077431618418	0.47791928404824385	0.19308366003827346	0.12215402247786364	0.6887713228131492	0.09352331956087834	2.2266892597617285e-8	NaN	0.033844714633879946	0.02605698922413616	0.0017862099958843773	-0.0000072747756848878825	NaN	374.359438524003	18.572981352673356	95726.55420355903	11.4399995803833	15.594126616080604	94.21799265861512	94.38705965063308	94.04892755932278	0.33812762569222193	0.00029385176276587626	-1	0	2.0724290497965274	81.58143952786479	1.0000145223620864	-273.1499938964844	9.000245884948306	-273.1499938964844	046
DATA	2025-06-05T173000_AIU-0547.ghg	2025-06-05	18:00:00	156.749	1	18000	18000	0.21214721047847412	1	NaN	47.642893517189684	0	NaN	25.818525174350878	0	NaN	0.9751709461248044	1	NaN	0.587165002710574	0	NaN	0.014837455316542358	2	NaN	NaN	NaN	NaN	NaN	NaN	NaN	NaN	NaN	NaN	-8.54946018317685e-12	-4.383721092856728e-13	-5.105607420962869e-14	NaN	14.175152539293649	374.5876278056364	381.92319474579784	0.1	1	726.8285230831139	19.206916576627165	19.583046517403137	0.1	1	0.08465185221905518	2.103176257429703	2.1443628559132466	0	1	NaN	NaN	NaN	NaN	9	300.0087224477131	298.4600331013997	95335.82272677952	1.1047445127781215	1016.2429107862562	0.026027957217261425	0.0380482921756452	0.01329757228936359	1831.5983689982652	3217.323507484487	0.012036785098777217	56.92925702800487	1385.7251384862218	289.27690863849807	-1.0424767815679212	0.28601392345788773	0.16810165490055684	1.0939926740615815	3.142449201608569e-14	-6.031300304866329e-16	1.0939926740615815	5.155115494661545	167.34215419476732	164.65784580523268	8.839022167149096	NaN	0.4382155014509158	0.550039676778543	-149.17310508516601	-0.019440501679872723	1.845298799813708	0.09683915950876923	0	77.87369482708327	-11.817633628647345	26.73151944497833	66.56526307816267	101.51622620992966	142.3779506850135	213.30811478565744	0.20957948526554546	1.0122517965423727	48.76793397777007	1.014676215959496	23.77176961496161	1.0861002606259935	0.8978645724315976	1.0861002606259935	0.5406176795981532	1.0861002606259935	-0.0025464409605374084	1.148127537347726	NaN	NaN	800000009	800000009	800000009	800000009	800000009	801101009	899999999	899999999	89999	89999	89	89	27	33	9	0	22	0	1	NaN	0	0	0	0	0	0	0	0	0	NaN	NaN	NaN	NaN	0	0	0	0	0	0	0	0	2015	0	0	0	18000	18000	18000	18000	93	NaN	0.5463999159423055	0.36322741991284097	0.19045201770193945	0.12512808770993084	0.8089767459489005	0.05628927085710671	1.8089442755557602e-7	NaN	0.04343851553090742	0.023827353427431905	0.014346805650230393	-0.0000025464409605374083	NaN	374.58749441955075	19.206853290207942	95723.66048502605	11.44363521915012	16.119063270727793	94.24142421870762	94.41042635726929	94.0724248468611	0.3380030909089579	0.0002940936743786248	-1	0	2.0866998362408755	81.78635225244803	1.0000171483175622	-273.1499938964844	9.00029860077964	-273.1499938964844	113
DATA	2025-06-05T180000_AIU-0547.ghg	2025-06-05	18:30:00	156.77	1	18000	18000	0.31977157600413236	1	NaN	39.90752121670246	0	NaN	58.85589346323409	0	NaN	5.233065254413322	0	NaN	1.3377888521977073	0	NaN	0.002322924814702943	0	NaN	NaN	NaN	NaN	NaN	NaN	NaN	NaN	NaN	NaN	1.2249529859976111e-11	6.370790777867636e-13	7.300989606354757e-14	NaN	14.23960303751548	375.4917512169142	382.9706879230107	0.1	1	740.579701824381	19.5287444756084	19.91771239143948	0.1	1	0.08487117053790413	2.1036202936487167	2.1455195976384074	-0.2	0	NaN	NaN	NaN	NaN	9	299.4404071943495	297.9119720060561	95349.83168381076	1.1068038247457443	1016.4112676301038	0.02597634512320684	0.08668871762241143	0.013547247690577328	1862.5619772991467	3113.979811032827	0.012239971879108216	59.812911140274316	1251.4178337336803	289.539913082997	-0.925340194512087	0.32322495719291655	0.19630952370468951	0.9996330714963564	1.926630249953566e-14	8.602437741911522e-16	0.9996330714963564	5.6968952951012515	171.25450848710813	160.74549151289187	11.325443058961774	NaN	0.5375075923182405	0.708581867165297	-328.69172460051124	-0.008822856746772776	0.6780548024749937	0.0659978865016415	0	82.99817747946717	-12.595293641527206	28.49058851152034	70.94559377459166	108.19650690424368	151.74713934348685	227.34486668575678	0.31566154348152947	1.0130203777035114	43.027547577384915	1.0151142908638644	54.19578792094224	1.0859864893760702	4.8187204036211035	1.0859864893760702	1.2318650971121239	1.0859864893760702	-0.013694272070385951	1.1484527879721735	NaN	NaN	800000009	800000009	800000009	800000009	800001009	801101009	899999999	899999999	89999	89999	89	89	15	36	6	3	38	2	0	NaN	0	0	0	0	0	0	0	0	0	NaN	NaN	NaN	NaN	0	0	0	0	0	0	0	0	2417	0	0	0	18000	18000	18000	18000	93	NaN	0.747528842349583	0.4253003468001524	0.2443345451808588	0.08617080696954077	3.2671634645952894	0.0884228284720201	2.3780330600722563e-8	NaN	0.038247801024948666	0.12766658106227433	0.032636881185318385	-0.000013694272070385951	NaN	375.49163149817724	19.528650710553478	95739.08253645833	11.449999809265137	16.381628972053548	94.29119824282328	94.46218403900994	94.12021093347337	0.3419761642879908	0.00029285750382728614	-1	0	2.0868474882774883	81.73133229902055	1.0000170448886023	-273.1499938964844	9.00030518804656	-273.1499938964844	194
DATA	2025-06-05T183000_AIU-0547.ghg	2025-06-05	19:00:00	156.791	1	18000	18000	0.21030282047913937	1	NaN	36.44354879522525	0	NaN	38.27596318412771	0	NaN	2.8741125814709627	0	NaN	0.8697570846333472	0	NaN	-0.002291265717417846	0	NaN	NaN	NaN	NaN	NaN	NaN	NaN	NaN	NaN	NaN	-1.2522657708079887e-10	-6.2943353656993954e-12	-7.411738322567059e-13	NaN	14.312551073781338	376.6806474081135	383.95009579294475	0.2	0	719.3999748068977	18.933315721195854	19.298704180454358	0.1	1	0.08471115777507661	2.0963166874237755	2.1367728830429167	-0.2	0	NaN	NaN	NaN	NaN	9	299.10659988403324	297.61360471767847	95336.72026996527	1.108012350933118	1016.0680518106825	0.025953897958899023	0.056360259084240895	0.013145553538121505	1805.524407626938	3058.9457955025755	0.011864085745119098	59.02440018000697	1253.4213878756375	289.05239117978317	-0.9434948855261173	0.40011855401416807	0.19711765553076568	1.0436152674248478	-9.654967029060623e-15	-8.749423945127228e-15	1.0436152674248478	4.615493282945943	174.9808935644182	157.0191064355818	10.887407349096273	NaN	0.4356625688199974	0.4643092648228677	-191.6147676496188	-0.01513453287328488	0.9521262370305986	0.07430242971788341	0	79.11873668146129	-12.006573533451425	27.158902024089535	67.62950612922147	103.13926401249599	144.65428428054955	216.71847731406092	0.20767686076873368	1.0126444501360694	38.37763783076154	1.0148977643302413	35.24426828799792	1.086019515892807	2.646464947831237	1.086019515892807	0.8008669014739829	1.086019515892807	-0.015527759741806799	1.1482799899187985	NaN	NaN	800000009	800000009	800000009	800000009	800001009	800001009	899999999	899999999	89999	89999	89	89	8	29	6	0	52	1	2	NaN	0	0	0	0	0	0	0	0	0	NaN	NaN	NaN	NaN	0	0	0	0	0	0	0	0	6464	0	0	0	18000	18000	18000	18000	93	NaN	0.4450916477067386	0.3026057928655165	0.18092108907348042	0.0714153551813181	1.3266395074157316	0.08653047502150768	4.34194430995423e-8	NaN	0.034088731647182874	0.0700119959995758	0.02118686300687203	-0.000015527759741806798	NaN	376.67958397268944	18.93322418840658	95723.34326345487	11.449999809265137	15.893824641280698	94.34561081441244	94.51867303021749	94.17254530588785	0.3461193203412825	0.0002924106705144773	-1	0	2.0801008946432	81.74023831826669	1.0000359900361961	-273.1499938964844	9.000429036802716	-273.1499938964844	038
DATA	2025-06-05T190000_AIU-0547.ghg	2025-06-05	19:30:00	156.812	0	18000	18000	0.15831070572017855	1	NaN	26.604596265994395	0	NaN	31.320880021309776	0	NaN	5.066360788452378	0	NaN	0.7115371359023744	0	NaN	-0.00018584233412059762	1	NaN	NaN	NaN	NaN	NaN	NaN	NaN	NaN	NaN	NaN	-6.423816181441203e-12	-3.22218979045312e-13	-3.77307727769653e-14	NaN	14.431376013224071	378.79060470716547	386.12708020979863	0.1	1	723.8786281952436	19.000157923777348	19.368155945432918	0.1	1	0.08476378430426118	2.0952128530364713	2.1357932623129567	0	0	NaN	NaN	NaN	NaN	9	298.6522417093912	297.35677332390685	95342.24080533854	1.1090053400380695	1016.09963401245	0.025929999049031507	0.046107606406473864	0.013204121257597725	1812.0035525365638	3012.2547009434415	0.011906273830155282	60.15439371607727	1200.2511484068777	289.10844629102854	-0.584991901071488	0.43875098290450365	0.2294276209553954	0.7663908810627473	5.989443331389229e-15	-4.451284600688661e-16	0.7663908810627473	3.5978922190772042	188.8703400065721	143.1296599934279	17.419233655231107	NaN	0.37782294056518645	0.3723254112967567	-171.2093942852212	-0.016938322877124552	0.8494204584256073	0.06248825782297137	0	70.82907100636258	-10.748584785520338	24.313328051025618	60.54362459094044	92.33284757435702	129.49813157320457	194.01179874583522	0.1558586031915841	1.015732866061813	28.163401145085068	1.0167582218124964	28.82562252598345	1.086563871884366	4.662736282282307	1.086563871884366	0.654850721907766	1.086563871884366	-0.010169563839723969	1.150187356055762	NaN	NaN	800000009	800000009	800000009	800000009	800001019	800001119	899999999	899999999	89999	89999	89	89	33	29	8	7	26	6	3	NaN	0	0	0	0	0	0	0	0	0	NaN	NaN	NaN	NaN	0	0	0	0	0	0	0	0	10934	0	0	0	18000	18000	18000	18000	93	NaN	0.2650330423805355	0.30017134252270766	0.17944643769027038	0.055902922335061535	7.038282130499244	0.06663722118694394	8.13035551223564e-8	NaN	0.024992814671962623	0.12324708967293294	0.01730924520694666	-0.000010169563839723968	NaN	378.78991880893193	19.00008576053656	95727.17301974827	11.450302038404677	15.950013773441293	94.36551836776734	94.53932364379035	94.19171308496263	0.34760873204469694	0.000292142361556115	-1	0	2.078948041425811	80.92220648398224	1.0000241530206468	-273.1499938964844	9.000390557607014	-273.1499938964844	153
DATA	2025-06-05T193000_AIU-0547.ghg	2025-06-05	20:00:00	156.833	0	18000	18000	0.09871985992323105	1	NaN	-17.51105509727438	1	NaN	25.376076759184752	1	NaN	18.719063581769973	1	NaN	0.5759580798214294	1	NaN	0.0023495029818647443	1	NaN	NaN	NaN	NaN	NaN	NaN	NaN	NaN	NaN	NaN	1.8394009499787148e-10	9.552468350818958e-12	1.0561080503528264e-12	NaN	14.673259760318846	383.4028997041575	391.191949912396	0.2	0	762.019012034397	19.911069770180127	20.315574593329202	0.1	1	0.08424779686000619	2.0742683780272895	2.1164083319876865	0	1	NaN	NaN	NaN	NaN	9	298.10540682135684	296.4136288960774	95364.92038064236	1.1124126067713724	1016.5928272219833	0.025841608222453044	0.037322083572428624	0.013884487386295125	1899.3269210427338	2846.0866062136324	0.012481418586753504	66.73468463314103	946.7596851708986	289.8472546050876	-0.4449572367136831	0.22252142623915422	0.23375191526934908	0.5496750726851821	-4.805696131504336e-15	1.2535734935689199e-14	0.5496750726851821	3.02709853970545	178.56946079920954	153.43053920079046	25.166786977046765	NaN	0.29789918442662333	0.2305867825886108	127.54067803909427	0.022737843679261925	-0.6900615592966448	-0.05197925578194098	0	70.88853981944581	-10.757609407337867	24.33374177014905	60.594457637922744	92.41037117837757	129.60685953012586	194.17469303813112	0.0975845291549621	1.0116343315697724	-15.89671496238484	1.014830116819924	23.09064237881525	1.0989766478937935	17.033176835600067	1.0989766478937935	0.5240858219556006	1.0989766478937935	0.005672661504152695	1.1812811789243953	NaN	NaN	800000009	800000009	800000009	800000009	800000009	800001019	899999999	899999999	89999	89999	89	89	7	17	0	4	18	0	0	NaN	0	0	0	0	0	0	0	0	0	NaN	NaN	NaN	NaN	0	0	0	0	0	0	0	0	15116	0	0	0	18000	18000	18000	18000	93	NaN	0.14327024138242514	0.20658014231714705	0.11132318147764934	0.11657676060177988	25.51610783378375	0.127225407289437	2.658347167349704e-7	NaN	-0.014057058235153267	0.44910932840478845	0.013818434094631961	0.0000056726615041526955	NaN	383.3976218998777	19.910939047962998	95743.69526475694	11.460000038146973	16.68673771725765	94.427017642551	94.59943217828538	94.2546014535692	0.34483158522430407	0.0002908531329626888	-1	0	2.057367357691126	80.8154994631273	1.000036235857341	-273.1499938964844	9.000481195635265	-273.1499938964844	032
DATA	2025-06-05T200000_AIU-0547.ghg	2025-06-05	20:30:00	156.854	0	18000	18000	0.07200269449101572	1	NaN	-22.04135540406137	1	NaN	30.581806950608758	1	NaN	14.44994165411828	1	NaN	0.6934739431954157	1	NaN	0.013286808290860626	2	NaN	NaN	NaN	NaN	NaN	NaN	NaN	NaN	NaN	NaN	1.6418286052230215e-10	8.653582635074181e-12	9.21298074986537e-13	NaN	15.009363166863945	390.25384121564633	398.4495911555023	0.1	1	791.0981941178486	20.569101140468792	21.001074363101942	0.1	1	0.08422375726927485	2.065275032094715	2.1086480266239938	0	1	NaN	NaN	NaN	NaN	9	297.31224622260197	295.46445883602564	95374.26878971355	1.1158157792009267	1016.9454434560379	0.0257563338826631	0.04493711151906293	0.0143908372437854	1962.2892030865414	2686.9945079610106	0.012897144414009958	73.02914826482463	724.7053048744692	290.3616698424388	-0.3072980718384853	0.1343963541122246	0.23338549245839652	0.4086113961263953	-4.453956004561807e-14	1.0938695979105055e-14	0.4086113961263953	2.656820447395268	175.62209207932707	156.37790792067293	34.83166950662292	NaN	0.2540259739474119	0.17592423016081288	62.837845413157524	0.04615053207080161	-0.720734240447575	-0.07646628987127602	0	71.69278832652206	-10.879657221097288	24.609814257183874	61.281917165464414	93.45879033396845	131.0772823029667	196.37765429795763	0.07102806893111412	1.0137216958671202	-20.069134276929756	1.016853438357101	27.597828466558763	1.1081236695005112	13.040008125294912	1.1081236695005112	0.6258091603692576	1.1081236695005112	0.016163222896421588	1.198256606235482	NaN	NaN	800000009	800000009	800000009	800000009	800000009	801101019	899999999	899999999	89999	89999	89	89	9	7	2	17	8	0	1	NaN	0	0	0	0	0	0	0	0	0	NaN	NaN	NaN	NaN	0	0	0	0	0	0	0	0	16880	0	0	0	18000	18000	18000	18000	93	NaN	0.08534255350402367	0.18780954971447286	0.07869635710312922	0.1271792135196498	25.032020702525262	0.06439786057881336	3.3729237167467894e-7	NaN	-0.017686361002709657	0.3429182145782258	0.01645714925010225	0.000016163222896421587	NaN	390.2467089863415	20.569028856595523	95755.20577083333	11.456364399380153	17.20259962749482	94.52313021469116	94.69217155159845	94.35409021165636	0.3380819739591751	0.00028919422192039856	-1	0	2.0478118287020273	80.14514307128067	1.0000623043676218	-383.1314985148239	9.000536585503154	-333.4298714277457	038
DATA	2025-06-05T210000_AIU-0547.ghg	2025-06-05	21:30:00	156.895	0	18000	18000	0.021375970132816256	1	NaN	21.537012297731465	1	NaN	9.381179591777563	1	NaN	-1.275769501057913	1	NaN	0.2123754857558604	1	NaN	0.00028580673390626415	1	NaN	NaN	NaN	NaN	NaN	NaN	NaN	NaN	NaN	NaN	7.192303306354851e-11	3.589954731594441e-12	3.9111238614484107e-13	NaN	15.736798864361864	406.4680804409865	414.88543485587155	0.1	1	785.4840533956565	20.288382545434825	20.70852502305426	0.1	1	0.08557560341877953	2.081832127359039	2.1249438000622525	-0.8	0	NaN	NaN	NaN	NaN	9	295.5726393856473	293.75097412309486	95392.70805100787	1.1226615417261099	1016.7509808098174	0.02560201559173167	0.013761931476979754	0.01427999519892829	1935.882893823057	2419.386961437151	0.012719768753254496	80.01543054828709	483.5040676140941	290.14771435012733	-0.14006703727827038	-0.36012688757518246	0.22416052844388276	0.4467192547884433	1.124877131771003e-15	4.57037251879911e-15	0.4467192547884433	1.1699043502486077	83.2529504892683	248.7470495107317	30.118685121038435	NaN	0.13798710216094223	0.043987567590825276	-10.30809904181495	-0.2813321824165745	2.2957680414314074	0.13673620310956286	1	3.5017666965781293	2	3	5	8	13	35	0.020879593266129367	1.0237733015370614	21.75335706940438	1.0219305609009863	8.595209271903308	1.091442836935163	-1.1688834796335743	1.091442836935163	0.19458232586163057	1.091442836935163	-0.006784468726796217	1.1571621422384277	NaN	NaN	800000009	800000009	800000009	800000019	800000019	800000019	899999999	899999999	89999	89999	89	89	2	1	1	2	5	0	17	NaN	0	0	0	0	0	0	0	0	0	NaN	NaN	NaN	NaN	0	4	0	0	0	0	0	0	16934	0	0	0	18000	18000	18000	18000	93	NaN	0.03529418763199974	0.03546618841289819	0.01721475913675262	0.05470632548627074	19.14253761480875	0.03497635214212547	7.812064889081793e-8	NaN	0.01905736460790508	-0.030545661367302565	0.0050848916400929225	-0.000006784468726796217	NaN	406.46778410822435	20.28833859385011	95780.1120060764	11.463936794916787	16.990214047008095	94.61624169286092	94.77832144376967	94.45415830145942	0.3241634489761461	0.0002873766058619366	-1	0	2.0644797846086598	74.04920168722981	1.0000587564673689	-273.1499938964844	9.000750187979804	-273.1499938964844	231
DATA	2025-06-05T203000_AIU-0547.ghg	2025-06-05	21:00:00	156.874	0	18000	18000	0.02974458822569999	1	NaN	29.75706516952968	1	NaN	-13.13103810499078	1	NaN	-2.4940626490218443	1	NaN	-0.29744367744724737	1	NaN	-0.0035552707720468276	1	NaN	NaN	NaN	NaN	NaN	NaN	NaN	NaN	NaN	NaN	4.189113590151449e-11	2.1483557883305523e-12	2.328628623410807e-13	NaN	15.309975036424333	396.5396665241719	404.77119153154865	0.1	1	785.1606976240852	20.336242251408432	20.75838989710515	0.1	1	0.08510451036070789	2.0762515364935825	2.11935117541258	0	1	NaN	NaN	NaN	NaN	9	296.18883336724167	294.36701345655655	95381.48852929687	1.1201598879901398	1016.7904720979067	0.025658724639489046	-0.019274350298581627	0.01428204623565944	1940.221361306841	2512.78336627798	0.01275000684168862	77.21403234934505	572.562004971139	290.18304166251954	-0.2611430268940105	-0.3423727062870748	0.20626371155341486	0.4774510123661814	8.442081996596892e-16	2.7361988378067414e-15	0.4774510123661814	1.2672504608948145	99.33439146088244	232.66560853911753	25.595200843603063	NaN	0.16295360475681073	0.06825261588388848	-12.28634910509469	-0.23603431541738287	-2.2661624261237776	0.1603299433630397	1	2.973518720425935	1	2	4	7	12	31	0.029088193495632315	1.0225656753199965	28.571885626506553	1.0211420934530928	-12.04037010206548	1.0905842589289012	-2.286905049841216	1.0905842589289012	-0.27273791549070825	1.0905842589289012	-0.011335385051810292	1.1560424589940723	NaN	NaN	800000009	800000009	800000009	800000009	800000009	801100009	899999999	899999999	89999	89999	89	89	11	1	2	0	2	0	0	NaN	0	0	0	0	0	0	0	0	0	NaN	NaN	NaN	NaN	0	0	0	0	0	0	0	0	13915	0	0	0	18000	18000	18000	18000	93	NaN	0.06843299190390395	0.044843832229898996	0.023228407633974026	0.1467688956506977	16.698456836646802	0.05278921483097179	2.856456709300326e-7	NaN	0.025085768960675953	-0.059897483423356206	-0.0071434162835749045	-0.000011335385051810292	NaN	396.5389347013893	20.33618168608601	95764.34068572617	11.449999809265137	17.02456959067451	94.58283964114719	94.74892150921292	94.41675310346815	0.33216513252341096	0.00028771807669545523	-1	0	2.0588544661601365	79.11687967756068	1.0000654671738545	-273.1499938964844	9.00067393289672	-273.1499938964844	050
DATA	2025-06-05T213000_AIU-0547.ghg	2025-06-05	22:00:00	156.916	0	18000	18000	0.017124603929424245	1	NaN	11.085848205888446	1	NaN	10.836641824999766	1	NaN	4.01542641655674	1	NaN	0.24526844875032539	1	NaN	-0.00261535555645761	1	NaN	NaN	NaN	NaN	NaN	NaN	NaN	NaN	NaN	NaN	8.581700989137223e-11	4.2485661872676606e-12	4.623220528659026e-13	NaN	15.870825695194851	409.33000142612184	417.7965705363353	0.1	1	785.7213097726751	20.264812368719976	20.68396912201807	0.1	1	0.08550091322649406	2.0777047946562006	2.1206799764735385	0	0	NaN	NaN	NaN	NaN	9	295.3268220240275	293.51285988023545	95412.34541623264	1.123813698230553	1016.7329571302375	0.025575997596523938	0.015893395479021084	0.014277915211829998	1934.0319219882283	2384.1091470296096	0.012704877360287211	81.12178607249848	450.0772250413813	290.1326210892909	-0.09931309543464548	-0.4184139291793547	0.2156358010188424	0.48107390880939094	4.301751736768278e-14	5.407217717560512e-15	0.48107390880939094	1.2376118227885637	75.35241317326029	256.6475868267397	26.630717824403494	NaN	0.12344204478300239	0.0521990700180843	-14.339333935442784	-0.20224091391246693	1.0229966427711736	0.07859675174404937	1	5.100834484934192	2	4	7	11	20	51	0.01674887933477646	1.022432819959939	11.552760036733687	1.0210555172664821	9.937394873574705	1.0904912165477414	3.6822180276414413	1.0904912165477414	0.22491556559876943	1.0904912165477414	-0.0063750921763168905	1.1559197670148176	NaN	NaN	800000009	800000009	800000009	800000009	800000019	800001019	899999999	899999999	89999	89999	89	89	0	7	0	26	8	0	22	NaN	0	0	0	0	0	0	0	0	0	NaN	NaN	NaN	NaN	0	0	0	0	0	0	0	0	17603	0	0	0	18000	18000	18000	18000	93	NaN	0.02971910646970068	0.06093764789611099	0.013741385670356925	0.021780444004312793	12.6098915305567	0.02443218947717791	4.5137431668421853e-8	NaN	0.010110776955234697	0.09612487448794921	0.005871455832129525	-0.000006375092176316891	NaN	409.3294973890015	20.26477813328615	95801.40493619791	11.469697482320997	16.97547605726454	94.64125964270697	94.8002768359714	94.48223822085063	0.31803412646965834	0.000286963353431525	-1	0	2.0604338836731735	72.47829568809948	1.0000668218748436	-273.1499938964844	9.000806588755713	-273.1499938964844	254
DATA	2025-06-05T220000_AIU-0547.ghg	2025-06-05	22:30:00	156.937	0	18000	18000	0.0057653113120439865	1	NaN	7.907586447383398	0	NaN	6.283135797397362	0	NaN	1.8927761088689457	0	NaN	0.14220162704464948	0	NaN	0.000026343699433259606	0	NaN	NaN	NaN	NaN	NaN	NaN	NaN	NaN	NaN	NaN	-5.452087850152833e-11	-2.710477636435571e-12	-2.9460319195343717e-13	NaN	15.816444033810514	407.8040290207399	416.24284024452885	0.1	1	786.3064392914446	20.27376907872189	20.693300269869887	0.1	1	0.08546404654104864	2.0763549397505616	2.119321575985648	-0.6	0	NaN	NaN	NaN	NaN	9	295.2692184287177	293.46796579996743	95433.53949717882	1.1242314523410488	1016.7372391812693	0.025566406532926057	0.009214665432493286	0.01428958444307129	1935.3165310900488	2377.508528121285	0.012710536085176504	81.40103424231845	442.19199703123627	290.14309744017123	0.37248955518776977	-0.3983214601434348	0.2243920241593032	0.589711993129767	-1.2679806261546217e-14	-3.4471009023886832e-15	0.589711993129767	1.38382455089449	18.919413956666233	313.08058604333377	22.365351782846357	NaN	0.07161162287414032	0.06550380772808385	-3.925404387210565	-0.7387773879930805	1.258541387989565	0.09660419165539817	1	12.628547367179323	6	10	17	25	40	92	0.005656924700075434	1.0191599884592961	8.174116466017002	1.0189349508106793	5.773149742040468	1.088337576218254	1.7391443153565895	1.088337576218254	0.13065948484363687	1.088337576218254	-0.0027400517278734077	1.1529858845835312	NaN	NaN	800000009	800000009	800000009	800000009	800001019	800001119	899999999	899999999	89999	89999	89	89	4	3	0	32	15	0	17	NaN	0	0	0	0	0	0	0	0	0	NaN	NaN	NaN	NaN	0	0	0	0	0	0	0	0	18000	0	0	0	18000	18000	18000	18000	93	NaN	0.028151472154488013	0.08602310873453606	0.016833034567143645	0.018656769076137024	21.31841681763741	0.014630934180608995	3.295328191890312e-8	NaN	0.007151157770452875	0.045384022588127244	0.0034096382681622624	-0.0000027400517278734076	NaN	407.8030591924778	20.273743980374235	95823.41941796875	11.460000038146973	16.986249218940742	94.6429705819024	94.8014384858873	94.48449600262111	0.3169420305076569	0.0002865882198303654	-1	0	2.059017083853483	69.25148633124023	1.000068906105227	-296.446369874734	9.000736100037892	-273.1499938964844	001
DATA	2025-06-05T223000_AIU-0547.ghg	2025-06-05	23:00:00	156.958	0	18000	18000	0.014416629785022169	1	NaN	5.783084487448314	1	NaN	12.929328141796468	1	NaN	6.91861954202894	1	NaN	0.2925960187430812	1	NaN	0.0004650738024024025	2	NaN	NaN	NaN	NaN	NaN	NaN	NaN	NaN	NaN	NaN	-7.260161287064153e-11	-3.590876224556095e-12	-3.8592255477597025e-13	NaN	16.17932238712694	417.2547883626136	426.0473074742149	0.1	0	800.2293859900708	20.637424429993313	21.07230247999007	0.1	1	0.08600312284121443	2.0890118151270594	2.13303210397969	0.1	0	NaN	NaN	NaN	NaN	9	295.2212278137207	293.383000831604	95402.50466514757	1.1240355499650843	1016.9425654287451	0.025567318986804744	0.01896022201455166	0.01454538095262381	1969.3901068432085	2365.060178025072	0.01294032110734899	83.2701901263136	395.6700711818637	290.41877327373186	0.4320040001324254	-0.1341737811599534	0.26578237277347694	0.5246621097032576	4.769453199323552e-15	-4.487308623530916e-15	0.5246621097032576	1.1799385523282873	349.25398856423465	342.7460114357654	30.4361711238007	NaN	0.11325094890555785	0.058316657239667544	-21.226112920143716	-0.13662416717136566	0.44728422266222895	0.04467259848945036	1	7.143909587274323	3	6	10	16	28	76	0.014120553676194367	1.020967740757004	6.452695749218364	1.0201028960032517	11.867304356744976	1.0894915772888114	6.350319439133116	1.0894915772888114	0.268561983261223	1.0894915772888114	-0.0021259761204209474	1.1545860349513222	NaN	NaN	800000009	800000009	800000009	800000009	800000019	800011019	899999999	899999999	89999	89999	89	89	7	0	0	20	5	0	2	NaN	0	0	0	0	0	0	0	0	0	NaN	NaN	NaN	NaN	0	0	0	0	0	0	0	0	17208	0	0	0	18000	18000	18000	18000	93	NaN	0.03387563646657507	0.06028231401755924	0.022475363995200788	0.031803171423220034	10.403178121185618	0.02109885594424717	7.464549401523674e-8	NaN	0.005645010000042841	0.1657828924185654	0.0070111405899275095	-0.0000021259761204209473	NaN	417.25453405180536	20.63739314541047	95795.80278754342	11.463636232482063	17.262544888920253	94.61795363044739	94.77239368608262	94.46351052983601	0.30888138711783636	0.00028707501475259457	-1	0	2.071221168941922	74.87992090066263	1.0000736756953927	-273.1499938964844	9.000821042378744	-273.1499938964844	135
DATA	2025-06-05T230000_AIU-0547.ghg	2025-06-05	23:30:00	156.979	0	18000	18000	0.031419461498140205	1	NaN	13.150098933971522	1	NaN	-1.040361318085724	2	NaN	1.5530500860164036	2	NaN	-0.023537009073088127	2	NaN	-0.021386388804941585	1	NaN	NaN	NaN	NaN	NaN	NaN	NaN	NaN	NaN	NaN	1.2191306952941883e-10	5.997628147832003e-12	6.466578210613769e-13	NaN	16.311605954682438	420.457585276436	429.3383662899214	-0.1	0	802.4648004333933	20.684806462156253	21.12170483889968	0.1	1	0.0865208923488009	2.0988114420785986	2.1431419178706883	-0.1	0	NaN	NaN	NaN	NaN	9	294.9159950341119	293.0842578226725	95378.1133671875	1.1248733031829123	1016.9638319376335	0.02554781630201533	-0.0015251981879361106	0.014589905236054511	1973.4070193153116	2321.742457658556	0.012970265357681877	84.99680973683293	348.3354383432443	290.45099616558235	0.4189593800791861	-0.07318572379886201	0.2778080878085058	0.5079965019329442	2.903412150790093e-14	7.474007762823762e-15	0.5079965019329442	1.763178058036858	341.90870675520785	350.09129324479215	33.15255124417822	NaN	0.16712736417305854	0.13647158114970767	-29.994393211130184	-0.09668473636345745	-12.639934516373451	0.06878161027823355	1	3.410416232641212	2	3	5	8	15	42	0.03075815783213447	1.021500106398272	12.912473076862414	1.0204486111468243	-0.9545919235263441	1.0898492774195496	1.4250136401370845	1.0898492774195496	-0.021596572627746297	1.0898492774195496	-0.02342649752411849	1.155067641804204	NaN	NaN	800000009	800000009	800000009	800000009	800000009	800000109	899999999	899999999	89999	89999	89	89	3	11	0	25	0	0	0	NaN	0	0	0	0	0	0	0	0	0	NaN	NaN	NaN	NaN	0	0	0	0	0	0	0	0	17604	0	0	0	18000	18000	18000	18000	93	NaN	0.07585202930875248	0.16792260545302407	0.029168527537638808	0.04052296862694792	13.966922431208097	0.03275887450481061	5.6148711542219233e-8	NaN	0.011287566232802736	0.037175153833955865	-0.0005634022630446086	-0.00002342649752411849	NaN	420.457653966955	20.684764054253527	95768.35406922744	11.470000267028809	17.294027409235643	94.6257533730401	94.77860860231188	94.47289854770237	0.3057120319745611	0.0002867090297901693	-1	0	2.080889283816019	74.43308589871752	1.0000796263085472	-273.1499938964844	9.000867469204797	-273.1499938964844	235
