DATAH	filename	date	time	DOY	daytime	file_records	used_records	Tau	qc_Tau	rand_err_Tau	H	qc_H	rand_err_H	LE	qc_LE	rand_err_LE	co2_flux	qc_co2_flux	rand_err_co2_flux	h2o_flux	qc_h2o_flux	rand_err_h2o_flux	ch4_flux	qc_ch4_flux	rand_err_ch4_flux	none_flux	qc_none_flux	rand_err_none_flux	H_strg	LE_strg	co2_strg	h2o_strg	ch4_strg	none_strg	co2_v-adv	h2o_v-adv	ch4_v-adv	none_v-adv	co2_molar_density	co2_mole_fraction	co2_mixing_ratio	co2_time_lag	co2_def_timelag	h2o_molar_density	h2o_mole_fraction	h2o_mixing_ratio	h2o_time_lag	h2o_def_timelag	ch4_molar_density	ch4_mole_fraction	ch4_mixing_ratio	ch4_time_lag	ch4_def_timelag	none_molar_density	none_mole_fraction	none_mixing_ratio	none_time_lag	none_def_timelag	sonic_temperature	air_temperature	air_pressure	air_density	air_heat_capacity	air_molar_volume	ET	water_vapor_density	e	es	specific_humidity	RH	VPD	Tdew	u_unrot	v_unrot	w_unrot	u_rot	v_rot	w_rot	wind_speed	max_wind_speed	wind_dir	yaw	pitch	roll	u*	TKE	L	(z-d)/L	bowen_ratio	T*	model	x_peak	x_offset	x_10%	x_30%	x_50%	x_70%	x_90%	un_Tau	Tau_scf	un_H	H_scf	un_LE	LE_scf	un_co2_flux	co2_scf	un_h2o_flux	h2o_scf	un_ch4_flux	ch4_scf	un_none_flux	un_none_scf	spikes_hf	amplitude_resolution_hf	drop_out_hf	absolute_limits_hf	skewness_kurtosis_hf	skewness_kurtosis_sf	discontinuities_hf	discontinuities_sf	timelag_hf	timelag_sf	attack_angle_hf	non_steady_wind_hf	u_spikes	v_spikes	w_spikes	ts_spikes	co2_spikes	h2o_spikes	ch4_spikes	none_spikes	head_detect_LI-7200	t_out_LI-7200	t_in_LI-7200	aux_in_LI-7200	delta_p_LI-7200	chopper_LI-7200	detector_LI-7200	pll_LI-7200	sync_LI-7200	chopper_LI-7500	detector_LI-7500	pll_LI-7500	sync_LI-7500	not_ready_LI-7700	no_signal_LI-7700	re_unlocked_LI-7700	bad_temp_LI-7700	laser_temp_unregulated_LI-7700	block_temp_unregulated_LI-7700	motor_spinning_LI-7700	pump_on_LI-7700	top_heater_on_LI-7700	bottom_heater_on_LI-7700	calibrating_LI-7700	motor_failure_LI-7700	bad_aux_tc1_LI-7700	bad_aux_tc2_LI-7700	bad_aux_tc3_LI-7700	box_connected_LI-7700	mean_value_RSSI_LI-7200	mean_value_LI-7500	u_var	v_var	w_var	ts_var	co2_var	h2o_var	ch4_var	none_var	w/ts_cov	w/co2_cov	w/h2o_cov	w/ch4_cov	w/none_cov	co2_mean	h2o_mean	air_p_mean	vin_sf_mean	dew_point_mean	avg_signal_strength_7200_mean	co2_signal_strength_7200_mean	h2o_signal_strength_7200_mean	delta_signal_strength_7200_mean	flowrate_mean	hit_power_mean	hit_vin_mean	ch4_mean	rssi_77_mean	ch4_aux-1_mean	ch4_aux-2_mean	ch4_aux-3_mean	ch4_aux-4_mean	CHK
DATAU		[yyyy-mm-dd]	[HH:MM]	[ddd.ddd]	[1=daytime]	[#]	[#]	[kg+1m-1s-2]	[#]	[kg+1m-1s-2]	[W+1m-2]	[#]	[W+1m-2]	[W+1m-2]	[#]	[W+1m-2]	[µmol+1s-1m-2]	[#]	[µmol+1s-1m-2]	[mmol+1s-1m-2]	[#]	[mmol+1s-1m-2]	[µmol+1s-1m-2]	[#]	[µmol+1s-1m-2]	[µmol+1s-1m-2]	[#]	[µmol+1s-1m-2]	[W+1m-2]	[W+1m-2]	[µmol+1s-1m-2]	[mmol+1s-1m-2]	[µmol+1s-1m-2]	[µmol+1s-1m-2]	[µmol+1s-1m-2]	[mmol+1s-1m-2]	[µmol+1s-1m-2]	[µmol+1s-1m-2]	[mmol+1m-3]	[µmol+1mol_a-1]	[µmol+1mol_d-1]	[s]	[1=default]	[mmol+1m-3]	[mmol+1mol_a-1]	[mmol+1mol_d-1]	[s]	[1=default]	[mmol+1m-3]	[µmol+1mol_a-1]	[µmol+1mol_d-1]	[s]	[1=default]	[mmol+1m-3]	[µmol+1mol_a-1]	[µmol+1mol_d-1]	[s]	[1=default]	[K]	[K]	[Pa]	[kg+1m-3]	[J+1kg-1K-1]	[m+3mol-1]	[mm]	[kg+1m-3]	[Pa]	[Pa]	[kg+1kg-1]	[%]	[Pa]	[K]	[m+1s-1]	[m+1s-1]	[m+1s-1]	[m+1s-1]	[m+1s-1]	[m+1s-1]	[m+1s-1]	[m+1s-1]	[deg_from_north]	[deg]	[deg]	[deg]	[m+1s-1]	[m+2s-2]	[m]	[#]	[#]	[K]	[0=KJ/1=KM/2=HS]	[m]	[m]	[m]	[m]	[m]	[m]	[m]	[kg+1m-1s-2]	[#]	[W+1m-2]	[#]	[W+1m-2]	[#]	[µmol+1s-1m-2]	[#]	[mmol+1s-1m-2]	[#]	[µmol+1s-1m-2]	[#]	[µmol+1s-1m-2]	[#]	8u/v/w/ts/co2/h2o/ch4/none	8u/v/w/ts/co2/h2o/ch4/none	8u/v/w/ts/co2/h2o/ch4/none	8u/v/w/ts/co2/h2o/ch4/none	8u/v/w/ts/co2/h2o/ch4/none	8u/v/w/ts/co2/h2o/ch4/none	8u/v/w/ts/co2/h2o/ch4/none	8u/v/w/ts/co2/h2o/ch4/none	8co2/h2o/ch4/none	8co2/h2o/ch4/none	8aa	8U	[#]	[#]	[#]	[#]	[#]	[#]	[#]	[#]	[#_flagged_recs]	[#_flagged_recs]	[#_flagged_recs]	[#_flagged_recs]	[#_flagged_recs]	[#_flagged_recs]	[#_flagged_recs]	[#_flagged_recs]	[#_flagged_recs]	[#_flagged_recs]	[#_flagged_recs]	[#_flagged_recs]	[#_flagged_recs]	[#_flagged_recs]	[#_flagged_recs]	[#_flagged_recs]	[#_flagged_recs]	[#_flagged_recs]	[#_flagged_recs]	[#_flagged_recs]	[#_flagged_recs]	[#_flagged_recs]	[#_flagged_recs]	[#_flagged_recs]	[#_flagged_recs]	[#_flagged_recs]	[#_flagged_recs]	[#_flagged_recs]	[#_flagged_recs]	[#]	[#]	[m+2s-2]	[m+2s-2]	[m+2s-2]	[K+2]	--	--	--	--	[m+1s-1K+1]	--	--	--	--	--	--	--	--	--	--	--	--	--	--	--	--	--	--	--	--	--	--	207
DATA	2025-06-17T233000_AIU-0547.ghg	2025-06-18	00:00:00	169	0	18000	18000	0.02734279774786494	1	NaN	13.604485825612928	0	NaN	3.3431951302069387	1	NaN	14.7326545497219	1	NaN	0.07573773475896221	1	NaN	NaN	NaN	NaN	NaN	NaN	NaN	NaN	NaN	NaN	NaN	NaN	NaN	2.0524513223843173e-10	1.0571330231512093e-11	NaN	NaN	17.470155809481998	452.9544200005396	463.7741854723256	0.3	0	899.8156703831546	23.329813971354806	23.88709546486613	0.1	1	NaN	NaN	NaN	NaN	0	NaN	NaN	NaN	NaN	9	296.65663953145344	294.4738912843461	95043.0848659234	1.1146430800850278	1018.4013430179403	0.02595037087173508	0.004907805212380751	0.0162002792578522	2201.491056213801	2526.774354053761	0.014534050896917066	87.12653952189675	325.2832978399597	292.1925259125219	0.47439117124726493	-0.2027001222843406	0.293738890680831	0.5936470827266264	-3.87990856486893e-15	1.1748328662703403e-14	0.5936470827266264	1.5952800175437336	355.1362807099074	336.8637192900926	29.65681999452495	NaN	0.15662228760430918	0.10623865751457459	-23.814529474823875	-0.12177439840101847	4.0693065453139825	0.07651979220686668	1	5.07298920242523	2	4	7	12	21	57	0.02683131873996611	1.0190627606811202	13.646877204729552	1.018872305175623	3.072002807204824	1.0882786703078793	13.537575394686327	1.0882786703078793	0.06959406338225452	1.0882786703078793	NaN	1	NaN	NaN	800000009	800000019	800000009	800000019	800000009	800000019	899999999	899999999	89999	89999	89	89	1	3	0	26	15	0	3	NaN	0	0	0	0	0	0	0	0	0	NaN	NaN	NaN	NaN	0	3053	0	0	0	0	0	0	17406	0	0	0	18000	18000	18000	18000	93	NaN	0.05796717443226254	0.12280738927861279	0.03170275131827385	0.04371112308958854	32.28301744170164	0.014108592811311901	NaN	NaN	0.012022049067865461	0.35963536677643765	0.0018488160383404962	NaN	NaN	452.9543161809249	23.32978647211816	95664.68763780381	11.460000038146973	19.194349111345076	92.75547498406304	93.04729121632046	92.46365687497457	0.5836375482910209	0.0002884572148678773	-1	0	2.1273005228194894	49.34785725050459	1.0000834226459265	-273.1499938964844	9.000722072601318	-273.1499938964844	251
DATA	2025-06-17T233000_AIU-0547.ghg	2025-06-18	00:00:00	169	0	18000	18000	0.02734279774786494	1	NaN	13.604485825612928	0	NaN	3.3431951302069387	1	NaN	14.7326545497219	1	NaN	0.07573773475896221	1	NaN	NaN	NaN	NaN	NaN	NaN	NaN	NaN	NaN	NaN	NaN	NaN	NaN	2.0524513223843173e-10	1.0571330231512093e-11	NaN	NaN	17.470155809481998	452.9544200005396	463.7741854723256	0.3	0	899.8156703831546	23.329813971354806	23.88709546486613	0.1	1	NaN	NaN	NaN	NaN	0	NaN	NaN	NaN	NaN	9	296.65663953145344	294.4738912843461	95043.0848659234	1.1146430800850278	1018.4013430179403	0.02595037087173508	0.004907805212380751	0.0162002792578522	2201.491056213801	2526.774354053761	0.014534050896917066	87.12653952189675	325.2832978399597	292.1925259125219	0.47439117124726493	-0.2027001222843406	0.293738890680831	0.5936470827266264	-3.87990856486893e-15	1.1748328662703403e-14	0.5936470827266264	1.5952800175437336	355.1362807099074	336.8637192900926	29.65681999452495	NaN	0.15662228760430918	0.10623865751457459	-23.814529474823875	-0.12177439840101847	4.0693065453139825	0.07651979220686668	1	5.07298920242523	2	4	7	12	21	57	0.02683131873996611	1.0190627606811202	13.646877204729552	1.018872305175623	3.072002807204824	1.0882786703078793	13.537575394686327	1.0882786703078793	0.06959406338225452	1.0882786703078793	NaN	1	NaN	NaN	800000009	800000019	800000009	800000019	800000009	800000019	899999999	899999999	89999	89999	89	89	1	3	0	26	15	0	3	NaN	0	0	0	0	0	0	0	0	0	NaN	NaN	NaN	NaN	0	3053	0	0	0	0	0	0	17406	0	0	0	18000	18000	18000	18000	93	NaN	0.05796717443226254	0.12280738927861279	0.03170275131827385	0.04371112308958854	32.28301744170164	0.014108592811311901	NaN	NaN	0.012022049067865461	0.35963536677643765	0.0018488160383404962	NaN	NaN	452.9543161809249	23.32978647211816	95664.68763780381	11.460000038146973	19.194349111345076	92.75547498406304	93.04729121632046	92.46365687497457	0.5836375482910209	0.0002884572148678773	-1	0	2.1273005228194894	49.34785725050459	1.0000834226459265	-273.1499938964844	9.000722072601318	-273.1499938964844	251
DATA	2025-06-18T000000_AIU-0547.ghg	2025-06-18	00:30:00	169.02	0	18000	18000	0.02652707272584421	1	NaN	8.496886888619303	1	NaN	-3.300464877282617	2	NaN	5.391933736810576	0	NaN	-0.07476992116143703	2	NaN	0.00011042954853544766	1	NaN	NaN	NaN	NaN	NaN	NaN	NaN	NaN	NaN	NaN	-2.8828533693014236e-11	-1.459267153843972e-12	-1.3599548268164135e-13	NaN	17.75398546947601	460.2560800232361	471.23473360994296	0.1	1	898.6862849603586	23.297632376552087	23.85335916942726	0.1	1	0.0837525019189343	2.046978876448819	2.0958061988009837	-0.2	0	NaN	NaN	NaN	NaN	9	296.62077312554254	294.47679747408085	95277.42493030895	1.1172584004068826	1018.4830240854053	0.02569632938747361	-0.004845090891261119	0.016337872086248834	2220.3338411441287	2529.7543362982533	0.014623181244642167	87.76875324554658	309.42049515412464	292.3292176652399	0.45798759248689247	-0.07726564320194344	0.2791874903032795	0.5419116802885885	3.2769609547505456e-14	-1.6237781506906393e-15	0.5419116802885885	2.142693494761075	341.5760189379116	350.4239810620884	31.010157143138432	NaN	0.15408765635239613	0.1644410668593507	-36.37124853644263	-0.07973330904751066	-2.5744515407826647	0.048460128778844626	1	4.506477196606707	2	4	7	11	20	56	0.02599549928104817	1.020448672250876	8.202763502357156	1.0197666665566967	-3.030313124011896	1.0891497816281974	4.950589742349338	1.0891497816281974	-0.06864980595199825	1.0891497816281974	-0.0022138673400978895	1.1541208260004658	NaN	NaN	800000009	800000009	800000009	800000019	800000019	800000019	899999999	899999999	89999	89999	89	89	4	0	1	16	0	0	1	NaN	0	0	0	0	0	0	0	0	0	NaN	NaN	NaN	NaN	0	400	0	0	0	0	0	0	17109	0	0	0	18000	18000	18000	18000	93	NaN	0.07417813022947163	0.2229697628568479	0.031734240632381894	0.04828196357891539	42.93114013104604	0.012658835237619919	1.5095377775762584e-7	NaN	0.007208630533406287	0.13024725121838038	-0.0018061380537018105	-0.0000022138673400978897	NaN	460.25582458302824	23.297605967970714	95662.95291731771	11.460000038146973	19.171893410470748	92.75992838435702	93.05198995802138	92.4678652651045	0.584123247779078	0.0002882995151982565	-1	0	2.0440700126814644	75.08234069970057	1.000080531163348	-273.1499938964844	9.000764988660812	-273.1499938964844	222
DATA	2025-06-18T003000_AIU-0547.ghg	2025-06-18	01:00:00	169.041	0	18000	18000	0.027989441370961283	1	NaN	19.092036869030856	0	NaN	-1.642980921349626	0	NaN	-6.869415688067713	0	NaN	-0.03722229987395661	0	NaN	-0.005907849465046545	1	NaN	NaN	NaN	NaN	NaN	NaN	NaN	NaN	NaN	NaN	1.0433930529078076e-11	5.32209778451162e-13	4.93339576591636e-14	NaN	17.68860436487447	458.5989088488747	469.5834186120965	0.1	0	902.2532960042536	23.392030740113615	23.95232424515341	0.1	1	0.08363567845831914	2.0446357376943087	2.0936095158467913	0.5	0	NaN	NaN	NaN	NaN	9	296.7083253970676	294.52171970911905	95269.56217077163	1.1169555765028814	1018.5379401850838	0.025702370430467397	-0.002412005031832388	0.016400215003496844	2229.14631144707	2536.727482969962	0.014682960852252423	87.87488314815825	307.58117152289196	292.3927975117171	0.8172533763313344	0.19674729275745806	0.32644772141115125	0.901765320439244	-1.7859184606823698e-14	5.898673696268248e-16	0.901765320439244	2.094011667961763	318.46407010307894	13.535929896921058	21.22366509408993	NaN	0.15829936216623408	0.1748633926095548	-17.550193669099983	-0.16524034176932925	-11.620364315215365	0.10601321070916792	1	9.874509184620415	4	8	14	22	38	97	0.0276032899483973	1.0139893260291026	18.843058566747168	1.0156881663996533	-1.5127971849164819	1.0860549832662012	-6.325108575450422	1.0860549832662012	-0.034272942390093625	1.0860549832662012	-0.010976834055390098	1.1489906565258343	NaN	NaN	800000009	800000009	800000009	800000019	800000019	801010119	899999999	899999999	89999	89999	89	89	4	0	1	46	0	0	1	NaN	0	0	0	0	0	0	0	0	0	NaN	NaN	NaN	NaN	0	1	0	0	0	0	0	0	17109	0	0	0	18000	18000	18000	18000	93	NaN	0.08412865150123414	0.23454949121520752	0.03104864250266793	0.0423072688634894	65.83177400590591	0.006496979901702084	7.851618450011433e-8	NaN	0.01656297270992079	-0.16646528929742124	-0.0009020011596614381	-0.000010976834055390098	NaN	458.5987021217706	23.392009582934936	95655.1716312934	11.465522386762832	19.23554150136312	92.75628690719604	93.04795994440714	92.46461439768473	0.5833447161565224	0.00028812019810074056	-1	0	2.0249874854750103	79.64780473528968	1.0000815796057383	-332.09749637181136	9.000582145399518	-273.1499938964844	216
DATA	2025-06-18T010000_AIU-0547.ghg	2025-06-18	01:30:00	169.062	0	18000	18000	0.020327049357838686	1	NaN	17.014549186616236	0	NaN	9.3499768908909	1	NaN	1.8381397316419166	0	NaN	0.21183731169572628	1	NaN	0.015341357060695015	1	NaN	NaN	NaN	NaN	NaN	NaN	NaN	NaN	NaN	NaN	3.349339839364283e-10	1.7166103136848773e-11	1.5894183603997827e-12	NaN	17.646506332165377	457.7299650354822	468.7261238981935	0.1	1	904.4222510442579	23.45966717464132	24.02324449494783	0.1	1	0.08374092360415188	2.0478083679188748	2.09700336902019	0	1	NaN	NaN	NaN	NaN	9	296.762351820204	294.57225527530244	95229.26987543402	1.1162628397595558	1018.5774944470888	0.025717657329121704	0.013727057797883063	0.016437858406782597	2234.646236013911	2544.5920510996166	0.014725795593377748	87.81943003587683	309.94581508570536	292.43236656209393	0.7138475527215984	0.0012044684560104245	0.2959977553321946	0.7727835728278487	6.714538311846659e-15	1.8980186651786336e-14	0.7727835728278487	1.9188019126525153	331.9033254462626	0.09667455373781625	22.52137125402419	NaN	0.13494411118662564	0.14696453291098382	-12.195862913878637	-0.23778555240235283	1.8197423785284914	0.11089346810515273	1	9.508520995642062	4	8	13	21	35	87	0.02001408968156339	1.0156369678189054	17.407443247600785	1.0166985819232923	8.605378570294285	1.0865270847196618	1.691756935922293	1.0865270847196618	0.19496735486385328	1.0865270847196618	0.008396105118140127	1.1501160546403302	NaN	NaN	800000009	800000009	800000009	800000009	800000009	800010019	899999999	899999999	89999	89999	89	89	9	2	0	39	26	0	2	NaN	0	0	0	0	0	0	0	0	0	NaN	NaN	NaN	NaN	0	0	0	0	0	0	0	0	17406	17997	0	0	18000	18000	18000	18000	93	NaN	0.10115717690209321	0.1650289433404881	0.027742945579386353	0.03954309826702745	68.14927936249978	0.01433006633824301	1.447119184727886e-7	NaN	0.01530997369094225	0.04455351619019175	0.005134591747218077	0.000008396105118140126	NaN	457.72947898537114	23.459639048601534	95617.63490993922	11.470000267028809	19.275586281352584	92.75068952496846	93.04226039589776	92.45911955685085	0.5831443121135236	0.00028860882590783554	-1	0	2.0280625976853894	77.96566954444961	1.0000748177750243	-296.60786988152836	9.000704847309324	-273.1499938964844	107
DATA	2025-06-18T013000_AIU-0547.ghg	2025-06-18	02:00:00	169.083	0	18000	18000	0.016789411877106315	1	NaN	19.815062993796523	0	NaN	4.537173038676363	1	NaN	3.680428707027796	0	NaN	0.10279213831923725	1	NaN	0.0004926026288947108	1	NaN	NaN	NaN	NaN	NaN	NaN	NaN	NaN	NaN	NaN	9.963395688054827e-11	5.194861418872068e-12	4.836901854802114e-13	NaN	17.332268218168213	449.9408407330453	460.74988356727545	0.1	1	903.6952288872009	23.459675671631285	24.02325340509216	0.1	1	0.08414247804380108	2.05735294034291	2.1067772513724794	-0.7	0	NaN	NaN	NaN	NaN	9	296.71374733395044	294.53094032332115	95165.7970473569	1.1156752954043372	1018.5765224830993	0.025731200849708036	0.006660930563086574	0.01642921235255197	2233.1575940100342	2538.1608486573978	0.014725800974734122	87.98329685020947	305.0032546473635	292.4216650032534	0.8423158948937949	-0.09738807491316248	0.29971578678005023	0.8993386774576163	-5.757991313472592e-15	5.748466134173305e-15	0.8993386774576163	1.8587989203463844	338.59522083369313	353.4047791663068	19.46691137722393	NaN	0.12267295684378395	0.10517109880709008	-7.8634847095418205	-0.36879323952662374	4.367270726702812	0.14213961855851856	1	12.799608357375314	6	10	17	26	44	104	0.016557340214266053	1.0140162405215487	19.921188321252053	1.0157042346654843	4.177648496059603	1.0860590695832517	3.3887923871765735	1.0860590695832517	0.09464691304376399	1.0860590695832517	-0.005759787800949362	1.1490070874514846	NaN	NaN	800000009	800000009	800000009	800000019	800000019	800011019	899999999	899999999	89999	89999	89	89	5	2	0	31	23	0	13	NaN	0	0	0	0	0	0	0	0	0	NaN	NaN	NaN	NaN	0	5	0	0	0	0	0	0	17604	18000	0	0	18000	18000	18000	18000	93	NaN	0.05743441474849067	0.12044772443719678	0.03246005842849269	0.03618657759804388	26.532493582474377	0.011598141024465658	2.0129092679790736e-7	NaN	0.017530074538536004	0.08929304533994749	0.0024939005203397043	-0.000005759787800949362	NaN	449.9400231114319	23.459649772311288	95555.39153862846	11.443427992184956	19.26514356856876	92.74011327997843	93.0316840839386	92.44853696484036	0.5831500298132499	0.0002890617997893262	-1	0	2.037540412565514	75.8753473142146	1.0000559968849023	-273.1499938964844	9.000625463591682	-273.1499938964844	166
DATA	2025-06-18T020000_AIU-0547.ghg	2025-06-18	02:30:00	169.104	0	18000	18000	0.004580379237910189	1	NaN	17.761689617676257	0	NaN	1.757231024435592	2	NaN	4.921613009966294	0	NaN	0.03981141350767578	2	NaN	0.01882635539739219	0	NaN	NaN	NaN	NaN	NaN	NaN	NaN	NaN	NaN	NaN	-2.5450397244681494e-10	-1.3218882972915845e-11	-1.2371455780855447e-12	NaN	17.361440904894856	450.87542935556866	461.68739810462296	0.1	1	901.7496008277783	23.418375276087115	23.979946666217142	0.1	1	0.08439408484742875	2.0636377015465497	2.113123623568031	0	0	NaN	NaN	NaN	NaN	9	296.7155417310927	294.54088173760306	95123.90380642361	1.1151640914409644	1018.5528564302558	0.025743401950257913	0.0025797795952973903	0.016392516052111502	2228.2448198657275	2539.707057616765	0.014699644812746649	87.73629278160489	311.46223775103726	292.3863035946168	0.8209362637628389	-0.021674370982071013	0.30055615139659625	0.8744942124797909	1.3748830683857076e-14	-1.465915034592898e-14	0.8744942124797909	2.288480464885258	333.51237264777524	358.4876273522248	20.10193519725773	NaN	0.06408868054114264	0.08653538210479948	-1.2505006925531656	-2.3190710867013014	10.107771471529285	0.24399481558351127	1	16.127549781986584	7	13	20	30	47	102	0.004515811968722734	1.0142980419987941	17.71877948522542	1.0158745214587734	1.6179051440798369	1.0861149869419537	4.531392227468936	1.0861149869419537	0.03665487907479123	1.0861149869419537	0.01180330871595083	1.1491849704629349	NaN	NaN	800000009	800000009	800000009	800000009	800000019	801010019	899999999	899999999	89999	89999	89	89	10	3	0	39	23	0	7	NaN	0	0	0	0	0	0	0	0	0	NaN	NaN	NaN	NaN	0	0	0	0	0	0	0	0	17307	604	0	0	18000	18000	18000	18000	93	NaN	0.0400977572680963	0.10906040530433425	0.023912601637168407	0.04302431008087135	38.43950390486931	0.014451398366512835	5.553604832639973e-7	NaN	0.015599527916178222	0.11945156340782756	0.0009662554888686673	0.00001180330871595083	NaN	450.8731338752757	23.418346826364836	95511.77579774306	11.444379680633546	19.229420947604723	92.73864576763577	93.03030404769049	92.44698888206482	0.5833210876484711	0.00028889734558146723	-1	0	2.0437743147611616	76.22790629206756	1.0000509546498457	-273.1499938964844	9.000604387336308	-273.1499938964844	089
DATA	2025-06-18T023000_AIU-0547.ghg	2025-06-18	03:00:00	169.124	0	18000	18000	0.07518487598020439	1	NaN	12.239259315064482	1	NaN	-0.316626137138796	2	NaN	44.13014855199675	1	NaN	-0.0071728908362257955	2	NaN	0.006055748939264669	1	NaN	NaN	NaN	NaN	NaN	NaN	NaN	NaN	NaN	NaN	5.801715503339424e-10	2.9519906917956365e-11	2.765096776657665e-12	NaN	17.660885625357228	458.69077841148396	469.6518910211609	0.1	0	898.6095568614751	23.338802247435506	23.89651836393356	0.1	1	0.08417175555658742	2.0574723553749807	2.106638781298485	-0.3	0	NaN	NaN	NaN	NaN	9	296.6457270643446	294.46644858720566	95102.79027517361	1.1152322472598226	1018.5058052140469	0.025742610142881622	-0.0004648033261874315	0.016337318607957334	2220.180595649403	2528.15028617101	0.014649252340128151	87.8183788279438	307.96969052160694	292.3281100804905	0.8027814978641584	0.09320386772510418	0.2987110285504039	0.8616109173226073	3.732807201062968e-14	3.285064875234462e-14	0.8616109173226073	2.2162690568390966	325.3775427595813	6.62245724041873	20.284932837597328	NaN	0.25964656681581366	0.26429120254714167	-120.6538339762972	-0.024035705326775722	-38.655239980075585	0.041499582201231504	0	93.16765530900886	-14.138551136256723	31.98144116657024	79.63831046915844	121.45344834092477	170.3401882044902	255.20064197664036	0.07411390696228454	1.0144503111739185	12.11910960538406	1.0159672477960788	-0.29151250134466544	1.0861494298813545	40.62990536837763	1.0861494298813545	-0.006603963173841858	1.0861494298813545	0.0019018631833205297	1.1492835398937633	NaN	NaN	800000009	800000009	800000009	800000009	800001019	800011019	899999999	899999999	89999	89999	89	89	0	0	0	40	16	0	3	NaN	0	0	0	0	0	0	0	0	0	NaN	NaN	NaN	NaN	0	0	0	0	0	0	0	0	17307	0	0	0	18000	18000	18000	18000	93	NaN	0.21838478010812326	0.2674915840741605	0.04270604091199955	0.03644509802262449	124.25967330633932	0.0045664608254746535	3.5031160373856393e-7	NaN	0.010669446396729478	1.070920520671513	-0.00017406685091938775	0.0000019018631833205297	NaN	458.6894621434454	23.33878327941979	95488.17849674479	11.460000038146973	19.17109487215678	92.74056564882066	93.0318698234558	92.44926162423027	0.5826099546468921	0.00028858709870837625	-1	0	2.0377458291848503	75.76739047315371	1.000052852107419	-273.1499938964844	9.000642337269253	-273.1499938964844	014
DATA	2025-06-18T030000_AIU-0547.ghg	2025-06-18	03:30:00	169.145	0	18000	18000	0.05994554258982251	1	NaN	14.799277481940559	1	NaN	0.5337090148083902	2	NaN	11.930794578789282	2	NaN	0.012091094818940966	2	NaN	0.002810971703027673	2	NaN	NaN	NaN	NaN	NaN	NaN	NaN	NaN	NaN	NaN	-1.476007404280671e-10	-7.468921798923708e-12	-6.990607142995263e-13	NaN	17.78186800904713	461.83622455493844	472.8875729870125	0.1	1	899.801594579951	23.369927786995557	23.92915030154687	0.1	1	0.08421777096736457	2.058932047760195	2.10820054219172	0.6	0	NaN	NaN	NaN	NaN	9	296.6809992828369	294.4988856769138	95100.64367773438	1.1150710015249006	1018.5242301574664	0.025746026954506437	0.0007835029442673745	0.016356935642198644	2223.0913360491622	2533.180926031862	0.014668963339401648	87.75888501306363	310.08958998269964	292.34913606940745	0.7779838318248135	0.22942651645491585	0.3247635109802794	0.8737085939245319	-4.210036236638894e-15	-8.300631876975479e-15	0.8737085939245319	2.2504665849373304	315.5692738304207	16.430726169579348	21.820924662003193	NaN	0.23186072360080717	0.18245068322160468	-71.05346433641725	-0.040814336458942425	27.729112814880462	0.05620040424567261	0	88.38695988065449	-13.41306216096294	30.340383129098917	75.55184392109497	115.2213290145818	161.59955223685427	242.1055765447119	0.05909998696855846	1.014307204868148	14.708892435980706	1.0158800932140526	0.49139177348394053	1.0861171138955434	10.984814092466936	1.0861171138955434	0.01113240429070692	1.0861171138955434	-0.001894115742666953	1.1491908053372404	NaN	NaN	800000009	800000009	800000009	800000009	800000019	800011019	899999999	899999999	89999	89999	89	89	1	8	0	32	19	0	4	NaN	0	0	0	0	0	0	0	0	0	NaN	NaN	NaN	NaN	0	0	0	0	0	0	0	0	16911	0	0	0	18000	18000	18000	18000	93	NaN	0.1919569689330568	0.13409619394952466	0.03884820356062791	0.035026933194551226	43.266170256154815	0.0029934256176967987	2.4472750790571645e-7	NaN	0.012951082957121952	0.28958470877725145	0.00029347552242379397	-0.0000018941157426669528	NaN	461.835647552489	23.36991019232802	95486.99195659722	11.460000038146973	19.192110897276137	92.73984250577291	93.03068480894301	92.44900079218546	0.5816901981714696	0.00028858113872896256	-1	0	2.039175012427567	76.18366011608971	1.0000809569507838	-317.44137075635774	9.000603111320071	-273.1499938964844	232
DATA	2025-06-18T033000_AIU-0547.ghg	2025-06-18	04:00:00	169.166	0	18000	18000	0.10624189047702269	1	NaN	11.034052907275171	1	NaN	-0.3504259601636551	2	NaN	43.15375107062629	1	NaN	-0.007938844655373225	2	NaN	0.014392350573475201	1	NaN	NaN	NaN	NaN	NaN	NaN	NaN	NaN	NaN	NaN	4.146208708315549e-10	2.057534636409128e-11	1.9289615562123756e-12	NaN	18.118988896105552	470.52727905966367	481.77660523647717	0	0	899.1454568044459	23.349672969885663	23.90791496572723	0.1	1	0.08429588444964158	2.060809152543435	2.110078802523036	-0.1	0	NaN	NaN	NaN	NaN	9	296.68228107876246	294.49875111728244	95108.57376605902	1.1151731098034992	1018.5126414196689	0.025743868505605307	-0.000514437133668185	0.016344129245182613	2221.349787846845	2533.1600392321257	0.014656136434335791	87.69085858942418	311.8102513852805	292.33655874517785	0.6849356715778869	0.19512652702373115	0.26979807898696984	0.7615787806742947	2.1337647639012253e-14	2.2883223407718543e-14	0.7615787806742947	2.2684322846775715	316.0986484182175	15.901351581782508	20.748193255465285	NaN	0.3086574405580473	0.28991333741898323	-224.83487136364195	-0.012898355056807967	-31.487544193706636	0.03147383030976394	0	101.33823048764977	-15.378467441896262	34.78613522596314	86.62239524224906	132.1046182891584	185.27860550234453	277.5811132248627	0.10458877222597113	1.0158058863859678	10.912983865579113	1.016803810011979	-0.32249978431315324	1.0865928512478789	39.714738617198805	1.0865928512478789	-0.007306181562170224	1.0865928512478789	0.009889768522176438	1.1502421660057907	NaN	NaN	800000009	800000009	800000009	800000009	800001019	800011019	899999999	899999999	89999	89999	89	89	3	1	1	38	15	0	4	NaN	0	0	0	0	0	0	0	0	0	NaN	NaN	NaN	NaN	0	0	0	0	0	0	0	0	17208	0	0	0	18000	18000	18000	18000	93	NaN	0.339379382270065	0.1915362108793848	0.04891108168851669	0.03398135976358619	187.9770672872494	0.006680057894980131	3.454114430434577e-7	NaN	0.009608039961618893	1.0468614377211873	-0.0001925874373276947	0.000009889768522176437	NaN	470.52691271464073	23.349652265176438	95493.30250607639	11.460000038146973	19.179032900598315	92.73516617075602	93.02534083429973	92.44499180560642	0.5803514671358795	0.0002884707437187898	-1	0	2.0410528124129326	78.47258793967222	1.0000750377492773	-421.52812512715866	9.000486258294847	-273.1499938964844	153
DATA	2025-06-18T040000_AIU-0547.ghg	2025-06-18	04:30:00	169.187	0	18000	18000	0.16331237185777447	1	NaN	25.36409647716767	2	NaN	-16.48534895673868	2	NaN	-102.48422502958168	1	NaN	-0.3735432246243233	2	NaN	-0.021737481132967904	2	NaN	NaN	NaN	NaN	NaN	NaN	NaN	NaN	NaN	NaN	-4.24443859700437e-10	-2.1664025997488793e-11	-2.03825282780736e-12	NaN	17.516964201919365	454.7120326261223	465.51617084568613	0.1	1	894.0828314380511	23.2089428814822	23.7603965682767	0.1	1	0.08411949190256049	2.05815702555905	2.1070596526861176	0	1	NaN	NaN	NaN	NaN	9	296.85930479431147	294.6931365476699	95133.12480458914	1.1147850446736591	1018.4355858098448	0.02575421276542719	-0.02420560095565615	0.01623909694694879	2208.531516060091	2563.4906645426986	0.01456702081225229	86.15328881855207	354.9591484826078	292.2437193109379	0.7403207774335581	0.08417805390312881	0.28891319499186074	0.7991443126864621	-4.486951052339467e-14	-2.423044625814386e-14	0.7991443126864621	3.443624998225655	325.5130530737465	6.486946926253517	21.194076951529567	NaN	0.3827489220363106	0.6135450435126665	-186.53550407954322	-0.01554663823549307	-1.5385841418176134	0.05836879404976334	0	96.1297832796946	-14.588065483771134	32.99824384458266	82.17029290658743	125.3148813164963	175.75590285716544	263.31436939876716	0.16085798129055584	1.0152581211546183	24.177549090689155	1.0164632013390977	-15.174459275191978	1.0863879007332946	-94.33483653528032	1.0863879007332946	-0.34383963994093414	1.0863879007332946	-0.026476186526896414	1.1498400340134984	NaN	NaN	800000009	800000009	800000009	800000019	800000019	800110019	899999999	899999999	89999	89999	89	89	2	3	11	21	15	0	4	NaN	0	0	0	0	0	0	0	0	0	NaN	NaN	NaN	NaN	0	28	0	0	0	0	101	0	15916	0	0	21	18000	18000	18000	18000	93	NaN	0.44108828811535444	0.700185436388057	0.08581636252192147	0.17444802718451816	756.159798738572	0.056724547111475364	4.83886734572498e-7	NaN	0.02129548689163581	-2.4872616494547226	-0.009065782921747706	-0.000026476186526896415	NaN	454.7139080155034	23.208875104449696	95518.62355381945	11.468857463094924	19.085750817828693	92.72313778919644	93.01319422509934	92.43308119244045	0.5801163379268515	0.0002888711088146213	-1	0	2.038561547890857	78.03165626936112	1.0000632956342566	-518.6703792063428	9.000477832913399	-393.3463739437555	080
DATA	2025-06-18T043000_AIU-0547.ghg	2025-06-18	05:00:00	169.208	0	18000	18000	0.28827082801669157	1	NaN	-72.5973150360103	1	NaN	103.92433963125045	1	NaN	63.60532354554733	1	NaN	2.3550892882164622	1	NaN	0.010935168838291025	1	NaN	NaN	NaN	NaN	NaN	NaN	NaN	NaN	NaN	NaN	-9.121669313370543e-10	-4.6986433334446046e-11	-4.640692534974442e-12	NaN	16.599334417355116	430.90845842298216	440.6902088165708	0.2	0	855.0447217528384	22.196432318876695	22.700297945850092	0.1	1	0.08444990129520495	2.066420390505712	2.1133287490515715	0	1	NaN	NaN	NaN	NaN	9	296.8102663048637	294.8058780534533	95143.18646354167	1.1149070471156828	1017.8584376777548	0.0257613409981347	0.15260978587642673	0.01552635467494932	2112.4057774765524	2581.22717327947	0.013926142735501343	81.83726714734387	468.8213958029178	291.5320435594356	0.2421797356530295	-0.5874495954853877	0.26350635693282287	0.6878834579642268	3.750771290966518e-14	-5.495201846065319e-14	0.6878834579642268	3.9584882221308337	39.595791211091694	292.4042087889083	22.52387111588439	NaN	0.5084883620178517	0.577468211432605	152.79733855735816	0.01897938817115834	-0.6985593104907256	-0.12580951835330517	0	88.51456117316073	-13.4324261493897	30.38418452364439	75.66091558674088	115.38767018670039	161.8328480959006	242.4550962536349	0.28534479731255036	1.0102543685103051	-66.1071607217664	1.0139924092484784	94.69129430825642	1.0975068023987182	57.95437750957999	1.0975068023987182	2.145853932813139	1.0975068023987182	0.024792858265095353	1.1780796835518808	NaN	NaN	800000009	800000009	800000009	800000009	800100009	800100009	899999999	899999999	89999	89999	89	89	5	2	3	0	9	0	0	NaN	0	0	0	0	0	0	0	0	0	NaN	NaN	NaN	NaN	0	0	0	0	0	0	0	0	10130	0	0	0	18000	18000	18000	18000	93	NaN	0.5184684719057554	0.4502968396067489	0.18617111135270556	0.24325011945855107	50.79037792645714	0.1571159598705865	6.958466047060909e-8	NaN	-0.05825355891374905	1.52688292587885	0.05653529331586308	0.000024792858265095352	NaN	430.90683353804286	22.19627173889133	95528.93231922743	11.467810216903686	18.37291447342766	92.72508078342014	93.01830944781832	92.43185042148166	0.5864602116346356	0.0002887579470342543	-1	0	2.0475953009062344	78.4436189096945	1.0000602508179015	-538.8175050523577	9.00048959198263	-417.2079999457538	069
DATA	2025-06-18T050000_AIU-0547.ghg	2025-06-18	05:30:00	169.229	1	18000	18000	0.12205341386309797	1	NaN	34.75901823488493	1	NaN	0.5713169605834532	2	NaN	5.849300336365099	1	NaN	0.012942130456855303	2	NaN	-0.014262735835015939	1	NaN	NaN	NaN	NaN	NaN	NaN	NaN	NaN	NaN	NaN	5.761789905167991e-10	2.928234852136194e-11	2.921305639564686e-12	NaN	16.63311723838338	431.3135147117738	440.9798145863249	0.1	1	845.3219294479201	21.920050657236686	22.411307656358993	0.1	1	0.08433216065106293	2.059669238702359	2.1058291196812564	0	0	NaN	NaN	NaN	NaN	9	296.44613545311825	294.4216983693441	95156.11044574653	1.116631162712024	1017.6932569097344	0.025724275496089744	0.0008386500536042236	0.015355119317988502	2086.386262264805	2521.224352582019	0.013751290337173353	82.75289980156305	434.8380903172142	291.3345248661916	0.8607226829427184	-0.0024296111429951855	0.3414294109325417	0.9259716424341546	-1.7799345222004715e-14	3.4640469507855135e-14	0.9259716424341546	2.908771026410732	332.1617316440959	359.83826835590384	21.63704062456959	NaN	0.3306131273286662	0.4223049990752425	-87.72098084414469	-0.03305936586769906	60.84016514998529	0.09251683493264137	0	91.72386816755457	-13.919450867374593	31.485835761794036	78.40418293593717	119.57132598399393	167.70048483762048	251.2458853161373	0.12040024240579245	1.013730632300006	34.5023738690437	1.0155330756372265	0.526065673034295	1.0860183240775876	5.386005195937386	1.0860183240775876	0.011917046121526297	1.0860183240775876	-0.023533364398830876	1.1488357078985272	NaN	NaN	800000009	800000009	800000009	800000009	800000019	800000019	899999999	899999999	89999	89999	89	89	1	9	2	14	21	0	4	NaN	0	0	0	0	0	0	0	0	0	NaN	NaN	NaN	NaN	0	0	0	0	0	0	0	0	15715	0	0	0	18000	18000	18000	18000	93	NaN	0.3764940850097731	0.39611776244477703	0.07199815069593488	0.11352912568458859	73.0277093473184	0.07419181684177475	1.205399860438348e-7	NaN	0.030361437928690508	0.14165704398183981	0.00031342961344411766	-0.000023533364398830876	NaN	431.30833277121343	21.919967988668738	95538.45829947917	11.460000038146973	18.175815387407933	92.76620369127062	93.06039516872829	92.47201501634386	0.5883811000784238	0.0002887019742888192	-1	0	2.0411320011880663	78.7553737424637	1.0000641377816597	-504.41800360785993	9.00048500957754	-384.4234985690686	031
DATA	2025-06-18T053000_AIU-0547.ghg	2025-06-18	06:00:00	169.249	1	18000	18000	0.20951631381121621	1	NaN	-70.60896791505328	1	NaN	162.18140828791383	1	NaN	72.98220153483535	1	NaN	3.674768331970526	1	NaN	0.044771027546419255	1	NaN	NaN	NaN	NaN	NaN	NaN	NaN	NaN	NaN	NaN	1.2563440594727086e-10	6.218175770339302e-12	6.468674421881429e-13	NaN	16.25391661003061	421.22192529859456	430.1905581709638	0.3	0	804.4747748481186	20.84804675979199	21.291942165668637	0.1	1	0.08368829687850543	2.045228251981487	2.0887751336382685	0	0	NaN	NaN	NaN	NaN	9	296.5672050967746	294.66024993399697	95175.21939890757	1.1164073540310575	1017.0868940119158	0.025739949258045732	0.23812498791169007	0.01459528164885171	1984.7496697213148	2558.3370512081033	0.01307343739375411	77.57967890837809	573.5873814867884	290.5416749774	0.7045623775861473	-1.006190979678943	0.2823499069981022	1.2603768886642193	2.94714520013935e-14	7.729485081136654e-15	1.2603768886642193	5.354887466480889	26.99924083274243	305.00075916725757	12.945270232067964	NaN	0.43320910711824834	0.7764681378026456	97.14589961764266	0.029852006223774073	-0.43537029712865827	-0.14354284140962775	0	89.35828681507743	-13.560464770664922	30.67380823359169	76.38211957538796	116.48755177462458	163.37544766181617	244.76619150182108	0.20786958775022285	1.007921919116769	-60.85677711285368	1.0133725947614818	146.88827550241413	1.1041140467691606	66.1002382393328	1.1041140467691606	3.328250684540759	1.1041140467691606	0.05054295607230876	1.1850045062605332	NaN	NaN	800000009	800000009	800000009	800000019	800000019	800100019	899999999	899999999	89999	89999	89	89	3	13	13	13	31	0	9	NaN	0	0	0	0	0	0	0	0	0	NaN	NaN	NaN	NaN	0	1	0	0	0	0	0	0	14020	0	0	0	18000	18000	18000	18000	93	NaN	0.5227428982424719	0.8982325198153492	0.13196085754746995	0.20086017749263277	205.23848600613437	0.49947261771208873	1.4126787536170926e-7	NaN	-0.05359548462512493	1.7376531701915707	0.08749356291643665	0.00005054295607230876	NaN	421.2047137233806	20.847566370315185	95561.6141577691	11.465522942331102	17.377055676778188	92.79903047413296	93.09577666812473	92.50228368737963	0.5934945368071403	0.000288186258435922	-1	0	2.0276979168388585	79.04539442168347	1.0000883878933058	-297.17311990525724	9.000732321315342	-273.1499938964844	044
DATA	2025-06-18T060000_AIU-0547.ghg	2025-06-18	06:30:00	169.27	1	18000	18000	0.04092212221510334	0	NaN	-18.007094500837987	0	NaN	21.587253485955063	1	NaN	13.239122363919812	0	NaN	0.4892869631330392	1	NaN	0.004975561951090199	0	NaN	NaN	NaN	NaN	NaN	NaN	NaN	NaN	NaN	NaN	1.6125721759197507e-10	7.936098328287996e-12	8.50279408510013e-13	NaN	15.80063674395283	409.93103079958587	418.3713844698186	0.1	0	777.6111278743173	20.174309198820414	20.589692011774435	0.1	1	0.08331382784195067	2.03848759450685	2.080459426247569	-0.4	0	NaN	NaN	NaN	NaN	9	296.8133235905965	294.9870335116916	95206.78396961806	1.115826905841879	1016.7107707353367	0.025759952120626626	0.03170579521102094	0.014112644941622666	1921.2463134127029	2609.951270541919	0.0126477008824006	73.61234422640327	688.7049571292159	290.02801659384676	0.2076821897740939	-1.181429379195	0.2315833371905241	1.221694770406541	1.9636909029568182e-14	1.0205741718205815e-14	1.221694770406541	4.019889895841297	52.02990198830952	279.9700980116905	10.92705375941724	NaN	0.19150523897366492	0.4684016273891395	32.91119353795048	0.08811591705587822	-0.8341540304121424	-0.08288362377019734	1	10.275272797413463	4	9	19	35	75	309	0.040562628088494215	1.0088626931624063	-16.62487442029381	1.016071798628828	19.163756910138677	1.1264624983076377	11.752830106470352	1.1264624983076377	0.43435708145466784	1.1264624983076377	0.00804806320335939	1.2247315911821748	NaN	NaN	800000009	800000009	800000009	800000009	800000019	800101019	899999999	899999999	89999	89999	89	89	14	7	6	1	39	2	19	NaN	0	0	0	0	0	0	0	0	0	NaN	NaN	NaN	NaN	0	0	0	0	0	0	0	0	14622	0	0	0	18000	18000	18000	18000	93	NaN	0.33966424027639786	0.49804077554450094	0.09909823895738018	0.1208874061671311	24.599259129801624	0.09763864974771937	6.358213611683541e-8	NaN	-0.01465426766376785	0.3089876248063876	0.011419459117563906	0.000008048063203359389	NaN	409.9278402633155	20.174206439372757	95595.31064605035	11.470000267028809	16.869853506512126	92.77705779605442	93.07544968265957	92.4786611266666	0.5967922140392992	0.00028865927816109944	-1	0	2.0215457520462854	79.28554150443432	1.000078657888704	-411.35362469990446	9.000518495268292	-281.10386923048105	096
DATA	2025-06-18T063000_AIU-0547.ghg	2025-06-18	07:00:00	169.291	1	18000	18000	0.09737325489555249	0	NaN	-33.466190432331175	1	NaN	70.68104612378849	1	NaN	22.291298480886645	0	NaN	1.6019203954034138	1	NaN	0.009630446392421697	1	NaN	NaN	NaN	NaN	NaN	NaN	NaN	NaN	NaN	NaN	1.8471603128590167e-10	9.130480754091734e-12	9.755069043132872e-13	NaN	15.762458277481315	408.94353084146775	417.3804621734096	0.2	0	779.1355246094529	20.214006396007516	20.63104241943018	0.1	1	0.0832433805100204	2.036101953434233	2.0781088592058197	-0.1	0	NaN	NaN	NaN	NaN	9	296.7202968597412	294.91973445739393	95246.88313702524	1.1165347132527224	1016.7320110521232	0.025743232655196707	0.10380444162214121	0.014149598318750395	1925.8375519368078	2599.247851461756	0.012672779583833414	74.092109025069	673.4102995249482	290.0656495831975	0.4591971731393589	-1.2376079499186534	0.21655376184987374	1.3376961588089953	5.879457594273302e-14	1.1718732448592242e-14	1.3376961588089953	5.916154009560557	41.64333028751719	290.3566697124828	9.316360880742309	NaN	0.2953137909913484	0.727455122164566	64.95659996710468	0.04464519389051486	-0.47348182104887887	-0.09982603510277782	0	71.4079291361	-10.836428739956947	24.512031315142192	61.03842381391892	93.08744760935424	130.55646885169608	195.59738084331775	0.09660254216444517	1.0079781827045022	-29.19295625002211	1.014002495343713	63.65296209960323	1.1104125211516132	20.07479027503063	1.1104125211516132	1.442635385398983	1.1104125211516132	0.013862793051755857	1.1951337372518118	NaN	NaN	800000009	800000009	800000009	800000019	800000019	800101019	899999999	899999999	89999	89999	89	89	20	2	6	0	49	0	14	NaN	0	0	0	0	0	0	0	0	0	NaN	NaN	NaN	NaN	0	17	0	0	0	0	0	0	13029	0	0	0	18000	18000	18000	18000	93	NaN	0.6647995464414359	0.6826898888233468	0.10742080906434909	0.11301456848641586	28.894991639644452	0.12913584271559295	3.6998390856001845e-8	NaN	-0.025715759134251212	0.5274548318612624	0.03790450581140964	0.000013862793051755856	NaN	408.93670578248805	20.21387354992078	95634.05144509548	11.461143397649128	16.906850086318098	92.77220595275031	93.07056533368429	92.47384788428413	0.5967128937095405	0.00028865351557194824	-1	0	2.01927196186505	77.46906607808891	1.0000710411402913	-466.14250200059564	9.000460744222005	-281.1442442321777	022
DATA	2025-06-18T070000_AIU-0547.ghg	2025-06-18	07:30:00	169.312	1	18000	18000	0.10291014789152056	0	NaN	-8.07815402633378	1	NaN	27.99984645112064	0	NaN	8.442628124989689	0	NaN	0.6347412225095554	0	NaN	0.00674100705545621	1	NaN	NaN	NaN	NaN	NaN	NaN	NaN	NaN	NaN	NaN	-1.2034702760047114e-10	-5.925402546435287e-12	-6.405607766730683e-13	NaN	15.62309643883206	405.6042535107937	413.86935639214494	0.2	0	769.2182953548673	19.970318540617054	20.37725889166829	0.1	1	0.08315571218027604	2.035962470539245	2.0774498048951435	-0.3	0	NaN	NaN	NaN	NaN	9	296.9502696787516	295.164950425528	95282.28669947595	1.116125426168494	1016.5989688731428	0.025755064061149746	0.04113123121861919	0.013972597599189639	1903.328027349625	2638.4333978335385	0.012518841764187431	72.13856635200567	735.1053704839135	289.8803865530005	0.5275268336080438	-1.748553044563489	0.23945481643859726	1.8420263078860997	7.138546371716543e-14	-7.703148224915388e-15	1.8420263078860997	6.635057745606239	45.21178623080044	286.78821376919956	7.469322413638121	NaN	0.3036495209247651	0.9574174511637031	292.60569754140334	0.009910948502941073	-0.2885070830811812	-0.02344643740402418	0	57.360814821845146	-8.704724948654906	19.690111535027384	49.03116177384678	74.7756153855326	104.87386378791074	157.12015847438198	0.10219975350806264	1.0069510381294793	-6.420849279471299	1.012606625331163	25.40409288520898	1.1021785575120058	7.6599459020937495	1.1021785575120058	0.5758969072510207	1.1021785575120058	0.006704458240817496	1.1749714732722312	NaN	NaN	800000009	800000009	800000009	800000019	800001019	800001019	899999999	899999999	89999	89999	89	89	5	24	4	15	106	1	9	NaN	0	0	0	0	0	0	0	0	0	NaN	NaN	NaN	NaN	0	3	0	0	0	0	0	0	15024	0	0	0	18000	18000	18000	18000	93	NaN	0.8406523738627678	0.8778040103544136	0.19637851811022491	0.06400458245643963	8.944856347065807	0.03354699353916636	2.3239295789008747e-8	NaN	-0.005658871196344863	0.20130357222232936	0.015134585301670856	0.000006704458240817496	NaN	405.5952717468615	19.970276227122685	95670.13465559896	11.462190088272095	16.72313122855293	92.7553156405555	93.05307317882114	92.45756071684096	0.5955115736772616	0.0002888548339396947	-1	0	2.0192555523139455	79.17071954416339	1.0000664449383816	-500.8246284569648	9.00046525478363	-361.61162261115334	057
DATA	2025-06-18T073000_AIU-0547.ghg	2025-06-18	08:00:00	169.333	1	18000	18000	0.08838597067561961	0	NaN	-0.6992463763449889	2	NaN	34.931171359095984	1	NaN	5.285116012312151	0	NaN	0.7920512360418117	1	NaN	-0.003789768549265221	2	NaN	NaN	NaN	NaN	NaN	NaN	NaN	NaN	NaN	NaN	3.8928867064067447e-10	1.9336891788441906e-11	2.0694789735838753e-12	NaN	15.596321939205346	405.257908476256	413.5833925070965	0.1	0	774.7063102036379	20.13012171589479	20.54366825842791	0.1	1	0.08291086474546377	2.0322576952668756	2.0740077231740757	0	1	NaN	NaN	NaN	NaN	9	297.0480241622925	295.4005504696957	95297.44313507869	1.115344733723392	1016.694675870785	0.02577152225505008	0.051324920095509395	0.014075412230046238	1918.8637063692963	2676.5676249641265	0.012619786335528592	71.69120961010707	757.7039185948302	290.008455965962	0.39884043582482587	-1.2520936153093711	0.24595316675410678	1.3369012959017188	1.3211473386960576e-13	2.4960286929067408e-14	1.3369012959017188	5.485542299106741	44.33130290640287	287.66869709359713	10.601236869568652	NaN	0.2815056445191513	1.0554913185911377	2693.8410533327283	0.0010765297367534802	-0.020017833617907203	-0.0021905009543480023	0	62.87888290999525	-9.542113069874617	21.584285745261447	53.74792338104332	81.96897444628209	114.96265215060114	172.235001859633	0.08744239308683587	1.0107908481855787	1.34140158696891	1.0139146091667028	32.135768245390125	1.086987281348311	4.862169137578532	1.086987281348311	0.728666516740971	1.086987281348311	-0.005386248688371444	1.1479294891317675	NaN	NaN	800000009	800000009	800000009	800000019	800000019	800101019	899999999	899999999	89999	89999	89	89	1	1	3	17	45	0	9	NaN	0	0	0	0	0	0	0	0	0	NaN	NaN	NaN	NaN	0	1	0	0	0	0	0	0	13722	0	0	0	18000	18000	18000	18000	93	NaN	0.7248263891826893	1.2520036064099058	0.13415264158968043	0.12790504885809117	11.119671965913145	0.09426102870381013	5.5634487966613896e-8	NaN	0.0011829302710588024	0.1278804394633961	0.019164737331516246	-0.000005386248688371444	NaN	405.2522236696855	20.130022370780207	95688.42810134549	11.470000267028809	16.85052845721777	92.7183313575321	93.01450493770176	92.42215943336487	0.5923413408266169	0.0002888860657710917	-1	0	2.0154486611971154	76.7867829177826	1.0000607631868785	-518.6703792063344	9.000468124787012	-380.1033733876524	146
DATA	2025-06-18T080000_AIU-0547.ghg	2025-06-18	08:30:00	169.354	1	18000	18000	0.07682324590220647	0	NaN	-9.195452861648699	0	NaN	45.09002287145138	0	NaN	14.563666140461999	0	NaN	1.023304944964116	0	NaN	0.0017041852675866763	2	NaN	NaN	NaN	NaN	NaN	NaN	NaN	NaN	NaN	NaN	-1.869812041185286e-11	-9.402922943155223e-13	-9.920162344270527e-14	NaN	15.561210553046369	406.2543644049478	414.7271343681714	0.1	0	782.5431674926809	20.429745876482418	20.855825082971904	0.1	1	0.08255895863294353	2.032310655817669	2.0746961713696623	-0.2	0	NaN	NaN	NaN	NaN	9	297.27940297698973	296.31438100643817	95305.74947805074	1.1118749855456123	1016.8844372313254	0.025848994181142167	0.06631016043367471	0.014242102590998085	1947.5945239218445	2829.075208146393	0.01280908625173296	68.84209081164393	881.4806842245484	290.2429211971808	0.3463389026893115	-1.1771859664357	0.21943386007695811	1.2465426803914321	1.7433893425265351e-15	-1.201585207533381e-15	1.2465426803914321	5.71492576066524	45.60563356722821	286.3943664327718	10.13883453295228	NaN	0.26285627343519063	0.5665669773229455	166.79432891092034	0.017386682262733284	-0.20393542242957638	-0.030940491998614563	0	65.83795462714924	-9.991163619124483	22.60003931033664	56.27729337892099	85.8264232867028	120.37277899707826	180.34035772984345	0.07622964042236227	1.0077870691315771	-6.534105774594561	1.0127261719752176	41.05430873372753	1.0983018412001266	13.260167282017955	1.0983018412001266	0.9317155872614575	1.0983018412001266	0.0014962990470243536	1.1749264316871797	NaN	NaN	800000009	800000009	800000009	800000019	800000019	800111019	899999999	899999999	89999	89999	89	89	14	14	3	1	36	0	1	NaN	0	0	0	0	0	0	0	0	0	NaN	NaN	NaN	NaN	0	31	0	0	0	0	0	0	7403	0	0	0	18000	18000	18000	18000	93	NaN	0.4029774333767362	0.6258928710830921	0.10426365018606246	0.19874766867028276	53.966846330685804	0.13275554485441507	1.5555527056948939e-7	NaN	-0.0057790785836213205	0.34991252849268	0.024586338169112806	0.0000014962990470243535	NaN	406.249156562289	20.4296098032278	95711.89672005209	11.458954458660552	17.08714206356472	92.57292988120184	92.86718199920654	92.27867759619821	0.5885040753285091	0.00029013431560209345	-1	0	2.0152427956141805	76.60121100392074	1.0000680164164968	-273.1499938964844	9.000719417757459	-273.1499938964844	249
DATA	2025-06-18T083000_AIU-0547.ghg	2025-06-18	09:00:00	169.374	1	18000	18000	0.14529599845818694	0	NaN	4.1027487302987735	1	NaN	54.015349643299196	0	NaN	8.557346765021432	1	NaN	1.2265809569446022	0	NaN	-0.004932154268329847	0	NaN	NaN	NaN	NaN	NaN	NaN	NaN	NaN	NaN	NaN	1.1878422773598873e-10	6.007568790629536e-12	6.40256770421906e-13	NaN	15.321573853724727	401.6101329861485	409.9366110521816	0.2	0	774.8958818972451	20.311623410901497	20.732738997699276	0.1	1	0.08258454493781582	2.038386267969638	2.0806475984399473	-0.5	0	NaN	NaN	NaN	NaN	9	297.96378925238713	296.91859839697406	95337.05880841252	1.1100268523459473	1016.8309985311097	0.025893196810625914	0.07948244601001023	0.014135584061427944	1936.9698679497867	2934.030611272463	0.012734452352709837	66.01737079729172	997.0607433226762	290.1565718915787	-0.03433782896051056	-1.2890791498565568	0.23263463161783848	1.310352247649672	-5.0425834324316797e-14	7.752743214895764e-15	1.310352247649672	5.444653152216577	63.52585475117843	268.47414524882157	10.226268659542948	NaN	0.36179293720134476	0.9424053379899813	-974.9969859443022	-0.002974368169139823	0.07595523786094265	0.010046911415881115	0	77.59726892786148	-11.775684931982491	26.636631378904788	66.32897837709419	101.1558771321314	141.87255597971728	212.55094142215054	0.14372617173320085	1.0109223442470878	7.235586491118705	1.013977636470668	49.698750714327495	1.0868552804029998	7.873492376876906	1.0868552804029998	1.128559596719991	1.0868552804029998	-0.009003339173724777	1.1479143453562282	NaN	NaN	800000009	800000009	800000009	800000019	800000019	800101019	899999999	899999999	89999	89999	89	89	9	0	3	7	33	0	13	NaN	0	0	0	0	0	0	0	0	0	NaN	NaN	NaN	NaN	0	3	0	0	0	0	0	0	4247	0	0	0	18000	18000	18000	18000	93	NaN	0.8873270769010022	0.8665077761268474	0.13097582295211302	0.15176018475743958	15.2887914891495	0.1475124490342654	8.427457188414397e-8	NaN	0.006410493690197952	0.2080978261749396	0.029828034059703048	-0.000009003339173724776	NaN	401.606836286437	20.311473570702393	95730.8158704427	11.449999809265137	16.998456043773235	92.4690051352183	92.7636562678019	92.17435181236269	0.5893012561533184	0.000291578542436279	-1	0	2.0214357350060235	72.749612625793	1.0000444603910048	-273.1499938964844	9.000528529034721	-273.1499938964844	033
DATA	2025-06-18T090000_AIU-0547.ghg	2025-06-18	09:30:00	169.395	1	18000	18000	0.13744373396013163	0	NaN	-5.243463830009959	1	NaN	60.240973265555326	0	NaN	10.315914034677155	0	NaN	1.368634242052287	0	NaN	0.004237072255973347	2	NaN	NaN	NaN	NaN	NaN	NaN	NaN	NaN	NaN	NaN	1.5885018357738593e-10	8.090632308186125e-12	8.583487805692834e-13	NaN	15.21547894588125	399.41412525685683	407.7081934588394	0.2	0	774.961934394627	20.343148200233287	20.765585585258837	0.1	1	0.08221701420075687	2.034068832861926	2.076307463297028	-0.2	0	NaN	NaN	NaN	NaN	9	298.75298154110385	297.4322557203505	95350.12836610244	1.1082484617328168	1016.8605885420127	0.025934435710084563	0.0886874988849882	0.014135011108286709	1940.2421021000214	3025.9121759550253	0.012754370158281765	64.12089939416866	1085.670073855004	290.1832103842561	0.5489388411135673	-1.6976796829951117	0.25110994859815344	1.8018064168002226	8.488337844617076e-14	1.0440038341375106e-14	1.8018064168002226	7.697809774157838	44.08156603980012	287.9184339601999	8.011141659475227	NaN	0.3521631452596074	1.51251104690733	703.6574692312222	0.004121323409198486	-0.08704148598156987	-0.013212220713149623	0	62.19197556995779	-9.437872230918455	21.348492683716312	53.16076531821551	81.073521353022	113.70676645515302	170.35345623551473	0.13650599027351962	1.0068696156464125	-1.713400496824493	1.012231592171357	54.82977906291394	1.0986907898430953	9.389278703383303	1.0986907898430953	1.245695563032564	1.0986907898430953	0.001724857685451369	1.1695494405336404	NaN	NaN	800000009	800000009	800000009	800000009	800001019	800101019	899999999	899999999	89999	89999	89	89	3	6	6	12	53	1	13	NaN	0	0	0	0	0	0	0	0	0	NaN	NaN	NaN	NaN	0	0	0	0	0	0	0	0	3891	0	0	0	18000	18000	18000	18000	93	NaN	1.1150558512707625	1.6941724319199827	0.2157938106239148	0.13938004675579596	14.258468147303685	0.1185271344739199	7.244092690589707e-8	NaN	-0.001520408665029275	0.2485635667425432	0.03297745673596438	0.0000017248576854513692	NaN	399.404713619337	20.343016221606867	95740.89892361111	11.432285804059768	17.024949329376216	92.40732571580676	92.69983484395345	92.11481213421291	0.5850166366779143	0.0002921930743387849	-1	0	2.0171537970249287	72.45396547225317	1.000039246181647	-273.1499938964844	9.000504095978208	-273.1499938964844	160
DATA	2025-06-18T093000_AIU-0547.ghg	2025-06-18	10:00:00	169.416	1	18000	18000	0.05641735516312689	1	NaN	20.409856330280864	1	NaN	95.10260431808804	1	NaN	3.876478289845986	1	NaN	2.161734882564189	1	NaN	0.029111313531591777	1	NaN	NaN	NaN	NaN	NaN	NaN	NaN	NaN	NaN	NaN	-1.4751499609023859e-10	-7.47368676593514e-12	-8.008639842987578e-13	NaN	15.132084323489542	397.87840335904053	406.06386986079787	0.2	0	766.6505870379234	20.15807637493905	20.572784128649502	0.1	1	0.08215260592652746	2.0370383724324044	2.0789459231302314	0	1	NaN	NaN	NaN	NaN	9	299.42810708194304	297.94139591810443	95349.12871354166	1.1064210443028477	1016.7676814193389	0.025979102264322214	0.14008042039015944	0.013982336217949613	1922.5705898036595	3119.453567182994	0.012637446015643924	61.63164632515517	1196.8829773793345	290.0388793788998	-1.1593659722459781	-1.6280174180854694	0.1666223327825626	2.005575521632968	2.926059070486303e-14	-9.748491545295645e-15	2.005575521632968	6.650637474051428	97.45594695429077	234.54405304570926	4.765601136122197	NaN	0.22581154778308438	1.5292507847011958	-47.65780716244212	-0.06085047073431894	0.21460880568545074	0.08034366504322062	0	40.3061347248882	-6.116611446564771	13.835791746400439	34.453077738041905	52.543117409097334	73.69246925943739	110.40474747671153	0.055926560723752274	1.0087756950011442	25.847319122568788	1.0132973391758133	87.08819816318365	1.0920263172730613	3.5498029933253634	1.0920263172730613	1.9795629907183334	1.0920263172730613	0.01475896976202121	1.1501793938742926	NaN	NaN	800000009	800000009	800000009	800000009	800001009	800101109	899999999	899999999	89999	89999	89	89	7	2	10	32	77	7	7	NaN	0	0	0	0	0	0	0	0	0	NaN	NaN	NaN	NaN	0	0	0	0	0	0	0	0	3944	0	0	0	18000	18000	18000	18000	93	NaN	1.568791166666182	1.2273178694911027	0.2623925332451068	0.06533335295244734	2.037906770592707	0.1243459254904735	9.53449429053095e-8	NaN	0.022975942932816826	0.09411845081808078	0.052485561123684445	0.00001475896976202121	NaN	397.8767416204994	20.157931531175677	95745.74634960937	11.434380196571349	16.88155811903213	92.3752795976003	92.6681821047465	92.08237550841437	0.5858085288819339	0.0002921924675530236	-1	0	2.020297823780664	73.15782577949105	1.0000390444778733	-273.1499938964844	9.00050473970837	-273.1499938964844	076
DATA	2025-06-18T100000_AIU-0547.ghg	2025-06-18	10:30:00	169.437	1	18000	18000	0.20183341053604614	0	NaN	11.15577672894505	0	NaN	122.59563361760986	0	NaN	4.549335451482924	0	NaN	2.7877448387052386	0	NaN	0.0025224502966461684	0	NaN	NaN	NaN	NaN	NaN	NaN	NaN	NaN	NaN	NaN	1.1414887150507761e-10	5.9098572671362505e-12	6.180887377044341e-13	NaN	15.074250753328451	397.08786431467223	405.42275884912095	0.2	0	780.4428478929768	20.558526507266354	20.99005102770837	0.1	1	0.08162344924759457	2.027939717134318	2.0705062752780834	-0.4	0	NaN	NaN	NaN	NaN	9	299.99466914791526	298.33979719289147	95341.07541905381	1.1046816274617761	1017.0036844507068	0.02601603834401468	0.18064586554809944	0.014239856549629401	1960.5977948058676	3194.3989990458635	0.012890462007907454	61.376108475850366	1233.801204239996	290.3480412844967	-1.0361524339424273	-1.2823338103208533	0.20548887638087254	1.6613902448772	4.3459886851148227e-14	7.572440804719473e-15	1.6613902448772	7.099834214360962	100.93893337966483	231.06106662033517	7.104816416259942	NaN	0.4274427584938429	1.3469943188665783	-591.3954353975465	-0.004903656380185905	0.09099652573060818	0.023230694439634728	0	75.12858617462311	-11.401052799939553	25.78921247617766	64.21878548987183	97.9376998339465	137.35901656081617	205.7888368980693	0.19992163467692245	1.0095626261870716	18.305512726926107	1.013424306556449	112.5677673082279	1.0890829279923808	4.177216752326826	1.0890829279923808	2.5597176918787783	1.0890829279923808	-0.008370492830454159	1.1486396121764577	NaN	NaN	800000009	800000009	800000009	800000009	800011019	800111119	899999999	899999999	89999	89999	89	89	6	17	5	32	53	3	0	NaN	0	0	0	0	0	0	0	0	0	NaN	NaN	NaN	NaN	0	0	0	0	0	0	0	0	4086	0	0	0	18000	18000	18000	18000	93	NaN	1.567701874470502	0.928074762427706	0.1982120008349485	0.06456622576818193	3.2519812221044124	0.23181988563481026	3.210983736923352e-8	NaN	0.016293794714331244	0.11095634197813387	0.06799190188763268	-0.000008370492830454158	NaN	397.08626274559475	20.558289124095506	95740.13421158853	11.449999809265137	17.189566822846743	92.36221173350017	92.65692783546447	92.06749433559841	0.589434211677975	0.0002924419170158217	-1	0	2.011017495942668	75.72551480886668	1.0000377709567547	-273.1499938964844	9.000460819906658	-273.1499938964844	069
DATA	2025-06-18T103000_AIU-0547.ghg	2025-06-18	11:00:00	169.458	1	18000	18000	0.27806755461845245	0	NaN	8.271305717423798	1	NaN	77.35134534872783	0	NaN	1.9539245514229127	1	NaN	1.7595830605301124	0	NaN	0.009372459368065104	2	NaN	NaN	NaN	NaN	NaN	NaN	NaN	NaN	NaN	NaN	1.6793191421273218e-10	8.829907276394721e-12	9.200402206214643e-13	NaN	14.93424642478201	394.03404161487504	402.37052340464555	0.2	0	785.2468769373238	20.718420721358125	21.156755278313028	0.1	1	0.08181951262739799	2.036527264798024	2.079613573756968	0	1	NaN	NaN	NaN	NaN	9	300.5468279274835	298.72829283311637	95349.15996506077	1.1032713103857472	1017.1034590384462	0.026047707473507015	0.11402098232235128	0.01433315957557711	1976.0139142580963	3268.9883996432386	0.012991509378201515	60.447259906879715	1292.9744853851423	290.47187738678	-0.7025149942771616	-1.4060545063826437	0.23583349110548413	1.5893816494568367	5.252589033132455e-15	1.1244753128893372e-14	1.5893816494568367	7.469723424602137	88.5483493774492	243.45165062255077	8.53309482850102	NaN	0.5020350009123338	1.651750917259448	-1292.4514551236596	-0.0022437980076571097	0.10693163357578025	0.014682250200752785	0	78.22906478284106	-11.871562390459655	26.853506451034665	66.86902797139933	101.97948683852866	143.027680303573	214.28152815049748	0.27537313492833326	1.0097846134875155	12.78701953094361	1.0134952493977505	71.05908593929774	1.0885496812442148	1.7949796734950787	1.0885496812442148	1.6164471781562646	1.0885496812442148	0.0014196695525798373	1.1484084130512058	NaN	NaN	800000009	800000009	800000009	800000009	800001009	800111119	899999999	899999999	89999	89999	89	89	11	8	3	31	53	2	7	NaN	0	0	0	0	0	0	0	0	0	NaN	NaN	NaN	NaN	0	0	0	0	0	0	0	0	2312	0	0	0	18000	18000	18000	18000	93	NaN	1.0932320589255167	1.9631345201786672	0.24713525541471204	0.12701785393965234	2.8871127346776064	0.15652036362344104	4.296781138322485e-8	NaN	0.01139519791031328	0.04774456273424214	0.04299578699618185	0.0000014196695525798373	NaN	394.0326976836949	20.71826207804026	95741.12923307292	11.449999809265137	17.313281812243996	92.34282825342814	92.63819731860691	92.04745517539979	0.5907409741448032	0.00029305044460892937	-1	0	2.0194333585974245	72.23065164544859	1.0000368974043263	-273.1499938964844	9.00043226591746	-273.1499938964844	150
DATA	2025-06-18T110000_AIU-0547.ghg	2025-06-18	11:30:00	169.479	1	18000	18000	0.25411880594779346	0	NaN	13.88443044621215	1	NaN	113.51912097478096	0	NaN	3.084186164936863	1	NaN	2.5835592799138984	0	NaN	0.016274604768566184	1	NaN	NaN	NaN	NaN	NaN	NaN	NaN	NaN	NaN	NaN	-1.018431521923168e-10	-5.394421023312741e-12	-5.619079158299699e-13	NaN	14.811243466606735	391.5339212381205	399.82580529530856	0	0	784.5209168976851	20.738741590387775	21.177945530152922	0.5	0	0.08171933770721519	2.038629543228356	2.081803528651007	0.9	0	NaN	NaN	NaN	NaN	9	301.0989953316583	299.2200008230606	95336.53756680801	1.1013039643643059	1017.1267847354371	0.026094036455851306	0.1674146413384206	0.014321744759351556	1977.690168911206	3365.568143662305	0.013004352315773553	58.762446175258425	1387.877974751099	290.4852914161073	-1.4495882868596912	-1.449474297436223	0.14522115352861695	2.055084213301509	2.952556997795448e-14	-6.876070359786552e-15	2.055084213301509	7.611521573565565	107.00225283610843	224.99774716389157	4.052145142747094	NaN	0.4803577497866615	1.711675795627383	-674.4009974496121	-0.0043001122640194105	0.12230917863869532	0.025803639982674324	0	72.55588694072394	-11.010635765658186	24.90608808160818	62.019680879441474	94.58392654787674	132.6553018409121	198.74181511860854	0.25192904705842517	1.0086919667062466	20.494018225784412	1.01330240937705	103.90837014786446	1.092492556790566	2.8230729314965126	1.092492556790566	2.3648300977936767	1.092492556790566	0.003846389485793266	1.1504502240875125	NaN	NaN	800000009	800000009	800000009	800000019	800001019	800111119	899999999	899999999	89999	89999	89	89	2	10	8	33	34	5	3	NaN	0	0	0	0	0	0	0	0	0	NaN	NaN	NaN	NaN	0	3	0	0	0	0	0	0	805	0	0	0	18000	18000	18000	18000	93	NaN	1.8334746929495167	1.316768520426855	0.27310837787839387	0.06563507341153046	1.110471819084182	0.19926436652400142	3.924393394995888e-8	NaN	0.018295522816617792	0.07522587648291784	0.06301516863236355	0.000003846389485793266	NaN	391.5325864481907	20.73854358399632	95728.42981597222	11.449999809265137	17.325907124413394	92.27118210241528	92.5625392220815	91.97982430118984	0.5827124086138273	0.00029386021792500574	-1	0	2.0214799707829956	74.5875819473796	1.0000273439470264	-273.1499938964844	9.000378096236123	-273.1499938964844	241
DATA	2025-06-18T113000_AIU-0547.ghg	2025-06-18	12:00:00	169.499	1	18000	18000	0.14341827222547232	1	NaN	-2.772218490125919	2	NaN	134.83165071179104	0	NaN	2.6834658054663905	1	NaN	3.0687274780667546	0	NaN	0.009722102499885083	1	NaN	NaN	NaN	NaN	NaN	NaN	NaN	NaN	NaN	NaN	-1.6940367037681294e-10	-9.14686535402998e-12	-9.414381620698354e-13	NaN	14.73479035692713	389.5931377317221	397.96467653744315	0.1	1	795.597539975848	21.035884085389213	21.487901081783928	0.6	0	0.08188661981912124	2.043395891334315	2.0873041801182306	0	1	NaN	NaN	NaN	NaN	9	301.07319120025636	299.26041317155625	95352.53663302951	1.1012153129010662	1017.2960008305591	0.02609318181732015	0.1988535405787257	0.01452742100857815	2006.3629491583686	3373.6152763450314	0.013192171266041323	59.4721918419832	1367.2523271866628	290.71321074923185	-1.2319478316837449	-1.8105738878593483	0.1579411009252735	2.1956362756043872	-4.5667118265936406e-14	-1.1496849719152792e-14	2.1956362756043872	6.698733447569352	96.23209250224363	235.76790749775637	4.125082629629119	NaN	0.3608827488998405	1.4081560028251956	1432.5106951409214	0.002024417695335054	-0.020560591489394917	-0.006857120077547614	0	62.13783014504242	-9.429655453793162	21.329906311486308	53.114482623372616	81.00293732312402	113.60777134961015	170.20514352814143	0.14221152342441298	1.0084855908438441	5.195794741867916	1.0133422355463557	123.2613207590681	1.0938682944614782	2.453189126198677	1.0938682944614782	2.805390277425966	1.0938682944614782	0.001463600561498673	1.1512752152047028	NaN	NaN	800000009	800000009	800000009	800000009	800001009	800001119	899999999	899999999	89999	89999	89	89	7	3	2	34	29	12	1	NaN	0	0	0	0	0	0	0	0	0	NaN	NaN	NaN	NaN	0	0	0	0	0	0	0	0	2315	0	0	0	18000	18000	18000	18000	93	NaN	1.639023101922099	0.9501826500989228	0.22710625362936926	0.05104886969102907	3.147826422443876	0.2553549840572582	4.341846434503422e-8	NaN	0.004638017757088104	0.065387359781382	0.07477493742257305	0.0000014636005614986732	NaN	389.59116662105623	21.03565855228704	95735.24449392362	11.441142384317185	17.551445329348258	92.27572467358907	92.56697934786479	91.98446563763089	0.5825145750194787	0.0002935813810601961	-1	0	2.025877579367823	69.30403049204088	1.0000424505770207	-273.1499938964844	9.000451683998108	-273.1499938964844	088
DATA	2025-06-18T120000_AIU-0547.ghg	2025-06-18	12:30:00	169.52	1	18000	18000	0.15251143147191223	0	NaN	16.79768313541519	0	NaN	68.71207533368468	0	NaN	-0.1038757491305869	2	NaN	1.5641466709900698	0	NaN	0.0038530142025818602	0	NaN	NaN	NaN	NaN	NaN	NaN	NaN	NaN	NaN	NaN	-6.620909065261437e-11	-3.638734938427852e-12	-3.6864036015760297e-13	NaN	14.679864109162947	388.21318586449405	396.67648191317977	0.1	1	806.7794603258918	21.335512526144942	21.800640361659102	0.6	0	0.08173485451809046	2.041553378658704	2.0860605496459725	-0.3	0	NaN	NaN	NaN	NaN	9	301.2982501034206	299.44502416653097	95363.00952712673	1.1005315752320524	1017.4702085608699	0.026106411104951096	0.10135670428015651	0.01472687841936271	2035.1644492207452	3410.5897107470764	0.013381604627070765	59.671922506766435	1375.4252615263313	290.9392940933157	-1.4465645536205316	-1.3549135324677413	0.16994157081092318	1.9892762064995626	2.488150404367366e-14	-4.510197789316569e-15	1.9892762064995626	6.432293828259242	108.87377673679339	223.12622326320658	4.900685639162206	NaN	0.37226306178853047	1.0344496073021636	-259.5292019361516	-0.011174079750429961	0.24446479099693955	0.040297233358205946	0	72.6001057732736	-11.017346144094946	24.921266975903105	62.057478472431164	94.64157026207083	132.73614796968621	198.86293735160564	0.15118034959924725	1.0088045958101926	20.754886382703592	1.0132967771415335	62.93056893795185	1.0918711922250897	-0.09513553418228922	1.0918711922250897	1.432537722515185	1.0918711922250897	-0.005600504308846166	1.1500926591153557	NaN	NaN	800000009	800000009	800000009	800000009	800001009	800101019	899999999	899999999	89999	89999	89	89	3	14	6	30	40	1	12	NaN	0	0	0	0	0	0	0	0	0	NaN	NaN	NaN	NaN	0	0	0	0	0	0	0	0	4950	0	0	0	18000	18000	18000	18000	93	NaN	1.1540411616744934	0.751084483612537	0.16377356931729697	0.047280074712756734	0.9579346198440184	0.2028889922669386	4.20785799507603e-8	NaN	0.018535151960492022	-0.0025378073096311913	0.03821395165086753	-0.0000056005043088461655	NaN	388.2129337572112	21.33529357288999	95745.09466493056	11.442190186076694	17.77828084458244	92.26469818835787	92.55551629024083	91.9738820959727	0.5816340625368885	0.0002939553396071359	-1	0	2.023853809001269	71.82760140588559	1.0000604370716546	-273.1499938964844	9.00050856033961	-273.1499938964844	102
DATA	2025-06-18T123000_AIU-0547.ghg	2025-06-18	13:00:00	169.541	1	18000	18000	0.05603345413461876	1	NaN	25.56120341463582	1	NaN	98.91979189325467	1	NaN	0.22363912921610643	1	NaN	2.252526526887112	1	NaN	-0.0013609532409469623	1	NaN	NaN	NaN	NaN	NaN	NaN	NaN	NaN	NaN	NaN	-4.851749303827285e-10	-2.6900902160732314e-11	-2.70718809903621e-12	NaN	14.6150985030737	386.873689546976	395.35424092910216	0.1	1	810.3455275203698	21.450513246541828	21.920724027671174	0.6	0	0.08154959841505349	2.0401362308471693	2.0848574941424234	-0.3	0	NaN	NaN	NaN	NaN	9	301.61402750396735	299.7820292222765	95368.45025325521	1.099308917253106	1017.5435589590405	0.02613430106429704	0.14596371894228485	0.014790456969734576	2046.2509434206927	3478.997553555793	0.01345432274550467	58.817257325440565	1432.7466101351001	291.02557218699474	-1.1444516850124695	-1.7398713191826838	0.140369542620491	2.0872530932155744	2.7338968900796566e-14	-3.3196829311871656e-14	2.0872530932155744	8.922704102958953	95.33609898369707	236.66390101630293	3.8561001994460464	NaN	0.22576874668461727	1.4362567322775295	-38.047481072707164	-0.07622055174843821	0.2584033278418051	0.10121496143164017	0	42.519712826904545	-6.452530463584725	14.595641477537749	36.34521100630353	55.4287400296319	77.73959601444913	116.46808083877136	0.05555343033574339	1.0086407589229736	31.25374089275075	1.0133082871075612	90.51972582711696	1.0927981828201838	0.20464815254264151	1.0927981828201838	2.06124658907651	1.0927981828201838	-0.014721912567463556	1.1506322910791027	NaN	NaN	800000009	800000009	800000009	800000009	800001009	800001119	899999999	899999999	89999	89999	89	89	23	4	3	20	48	2	6	NaN	0	0	0	0	0	0	0	0	0	NaN	NaN	NaN	NaN	0	0	0	0	0	0	0	0	4191	0	0	0	18000	18000	18000	18000	93	NaN	1.6376737559176564	1.005362850442229	0.22947685819517358	0.06267150010815517	1.1307087720557523	0.2231854299206561	8.44651184358627e-8	NaN	0.027940183041840733	0.005465607975495079	0.055050415343335025	-0.000014721912567463555	NaN	386.8737937867479	21.450280986256725	95761.0362016059	11.449999809265137	17.866063454522017	92.23958895068698	92.53089223310683	91.94828406270345	0.5826019758813913	0.0002942130864814518	-1	0	2.0223442656028054	70.13736960442883	1.0000327406343485	-273.1499938964844	9.000385336981878	-273.1499938964844	213
DATA	2025-06-18T130000_AIU-0547.ghg	2025-06-18	13:30:00	169.562	1	18000	18000	0.247570419832691	0	NaN	24.924794930213828	0	NaN	132.47890175147322	0	NaN	2.7149531301545373	0	NaN	3.017401572039525	0	NaN	0.0035098744486638024	0	NaN	NaN	NaN	NaN	NaN	NaN	NaN	NaN	NaN	NaN	1.1062641958807823e-11	6.125362422008642e-13	6.172743214671609e-14	NaN	14.594271546334536	386.92328190299554	395.39415231676423	0.1	1	808.0818563899476	21.423863666507703	21.892894043766656	0.4	0	0.08143325165557444	2.0394009035971346	2.0840492914923487	-0.2	0	NaN	NaN	NaN	NaN	9	301.8101815007528	300.0179974017673	95362.68944509549	1.098389102488094	1017.5342277946853	0.026156452223743132	0.19552762186816122	0.014759571618611656	2043.5852806602475	3527.604883765459	0.013437470915523437	57.93124082759717	1484.0196031052114	291.00486479409443	-0.9812620321202661	-1.4895090088652538	0.19967086383287275	1.7948205250206626	-3.922966422564056e-14	7.580126163670218e-16	1.7948205250206626	6.888852533244536	95.37618101266304	236.62381898733696	6.387283816319369	NaN	0.47475688191922677	1.4466651321997153	-362.8103355502674	-0.007993157073658406	0.18814161802889987	0.04697373383006049	0	76.05337769850334	-11.541393481556913	26.106663480114847	65.00928337514918	99.143258986414	139.04983041359802	208.32198415616037	0.24531123554146195	1.0092094611412417	32.63222305290792	1.013337426179487	121.5233658910138	1.090151682189948	2.490436124173667	1.090151682189948	2.767873151356357	1.090151682189948	-0.012153459348113904	1.1491580791788876	NaN	NaN	800000009	800000009	800000009	800000009	800001009	800101119	899999999	899999999	89999	89999	89	89	10	9	6	20	37	4	2	NaN	0	0	0	0	0	0	0	0	0	NaN	NaN	NaN	NaN	0	0	0	0	0	0	0	0	1510	0	0	0	18000	18000	18000	18000	93	NaN	1.4982376988526438	1.1579369959470494	0.23715556959973735	0.05515959029537046	1.6512465860448875	0.3411049864685681	1.2330615142336146e-7	NaN	0.0291972143676237	0.06656748884898321	0.07398317240497346	-0.000012153459348113905	NaN	386.92172851257305	21.423519153334272	95757.58424652778	11.449999809265137	17.84414357667498	92.22274375597635	92.51418903075324	91.93130104488796	0.5828869004100561	0.0002947006434341245	-1	0	2.0216383624200454	70.25481070009874	1.000014600748817	-273.1499938964844	9.000270642466015	-273.1499938964844	008
DATA	2025-06-18T140000_AIU-0547.ghg	2025-06-18	14:30:00	169.604	1	18000	18000	0.1283479149753454	0	NaN	-7.283733070170367	2	NaN	144.16493282902013	0	NaN	9.098737925795046	1	NaN	3.28075259361566	0	NaN	NaN	NaN	NaN	NaN	NaN	NaN	NaN	NaN	NaN	NaN	NaN	NaN	3.786449179160184e-11	2.1258254282744884e-12	NaN	NaN	14.756368369126223	389.8321268589019	398.55503692427726	0.1	0	828.4665031482466	21.886337537449393	22.376067708069016	0.7	0	NaN	NaN	NaN	NaN	0	NaN	NaN	NaN	NaN	9	301.2156923505995	299.13574547776346	95137.01527359843	1.0989452139339946	1017.688038091119	0.02632316411231641	0.21259276806629473	0.01498269005578083	2068.2767006198296	3345.9572018370573	0.013633700630212424	61.81420071614387	1277.6805012172276	291.1957728712305	-0.6645016551393488	-1.5733552994930602	0.1768503849251396	1.7170571937981374	6.376260435422866e-14	2.5659763191344032e-15	1.7170571937981374	6.5906979135335	84.89661167141605	247.10338832858392	5.911731939011701	NaN	0.34174831975235176	1.3376528615554315	462.34199127969606	0.0062724131804970116	-0.05052361158319192	-0.0190571047825312	0	59.478915840842255	-9.026154949973748	20.41718707319818	50.841682667567525	77.5367739854609	108.7464279843095	162.92196531417665	0.1271518263034296	1.0094067754014127	1.3046684038297995	1.0133814617405195	132.32017330352494	1.0895159009376816	8.351174974100243	1.0895159009376816	3.01120212269698	1.0895159009376816	NaN	1	NaN	NaN	800000009	800000009	800000009	800000019	800101009	800101119	899999999	899999999	89999	89999	89	89	6	17	8	1	41	3	3	NaN	0	0	0	0	0	0	0	0	0	NaN	NaN	NaN	NaN	0	5893	0	0	0	0	0	0	10419	0	0	0	18000	18000	18000	18000	93	NaN	1.2914310714784523	1.1566830755483704	0.22719157608404056	0.2645071386276944	10.117046509157902	0.3776271582330222	NaN	NaN	0.0011665663182249268	0.22471464091641857	0.08102586831519631	NaN	NaN	389.829121616418	21.885943304231578	95737.7928407118	11.449999809265137	18.18010967244042	92.31887486479016	92.60972111087375	92.02802766376071	0.5816889698257043	0.00029380860819300226	-1	0	1.2787661914783512	44.39233462899887	1.000038775553306	-273.1499938964844	9.000429956171248	-273.1499938964844	254
DATA	2025-06-18T143000_AIU-0547.ghg	2025-06-18	15:00:00	169.624	1	18000	18000	0.2228723111424292	0	NaN	24.60505366636059	0	NaN	113.87283278762345	0	NaN	0.04667654063631527	2	NaN	2.5945558534774285	0	NaN	0.02827797586044994	2	NaN	NaN	NaN	NaN	NaN	NaN	NaN	NaN	NaN	NaN	-1.3092013024485503e-10	-7.399524873085062e-12	-7.276372763408343e-13	NaN	14.597493852341003	387.80508319958113	396.4956751213623	0.1	0	825.0413335450248	21.918503698990115	22.409690584970004	0.4	0	0.08113099680128753	2.035802597913266	2.08142430422458	0.7	0	NaN	NaN	NaN	NaN	9	302.15760794321693	300.38840541858673	95295.79284479374	1.0960583983148526	1017.8234531723101	0.026207129696875924	0.16812721930533736	0.01507114468435162	2089.3014706793365	3605.0990012165935	0.013750311760324926	57.95406644794695	1515.797530537257	291.3567618489717	-0.6774328454012981	-0.9115235615009448	0.149778659433975	1.1455235091527478	4.5389559063462806e-14	-8.968671716471341e-15	1.1455235091527478	5.947124644031648	98.61926719472518	233.38073280527482	7.5130077729647615	NaN	0.4509321614944006	1.464422253413613	-314.79706924967553	-0.009212283986354135	0.21607483597294727	0.0489110467581757	0	80.83452316116173	-12.26695075129257	27.74787599979965	69.09613460576698	105.37596497792431	147.79128918747276	221.4182823017695	0.22025415059818768	1.0118869975304932	31.22403801023572	1.014475530317465	104.83379675570478	1.086222538071214	0.042971434490024454	1.086222538071214	2.388604326038507	1.086222538071214	0.01161103380742447	1.1480163130929883	NaN	NaN	800000009	800000009	800000009	800000019	800001019	800001019	899999999	899999999	89999	89999	89	89	7	6	1	19	47	3	0	NaN	0	0	0	0	0	0	0	0	0	NaN	NaN	NaN	NaN	0	6	0	0	0	0	0	0	6619	0	0	0	18000	18000	18000	18000	93	NaN	1.2797090347416313	1.4654320365272873	0.18370343555830757	0.09165016058975725	0.7155315668146769	0.23241368635039933	2.5572536832119114e-7	NaN	0.027988712364681565	0.0011514017295683634	0.06400166028652507	0.00001161103380742447	NaN	387.80262700621716	21.918244808932148	95700.39110677084	11.447810314708287	18.19934178198709	92.2111830107371	92.49804820929634	91.92431866094802	0.5737318339910772	0.0002951454627893528	-1	0	2.0176741512726846	74.95748288605996	1.0000281833443376	-273.1499938964844	9.0003501610491	-273.1499938964844	161
DATA	2025-06-18T150000_AIU-0547.ghg	2025-06-18	15:30:00	169.645	1	18000	18000	0.2264974592099911	0	NaN	6.55781698931668	0	NaN	160.85819384653257	1	NaN	4.087504010675208	0	NaN	3.6658968842123056	1	NaN	0.01855283411020555	1	NaN	NaN	NaN	NaN	NaN	NaN	NaN	NaN	NaN	NaN	3.312137835139809e-11	1.8931842643724597e-12	1.8547994362199645e-13	NaN	14.527622395826475	386.80482191573054	395.5501872805055	0.1	0	830.3841049949136	22.10936979932001	22.609245979566023	0.4	0	0.08135478404164317	2.04371977451018	2.0899267376053836	0	1	NaN	NaN	NaN	NaN	9	302.41800662824846	300.611185172187	95260.02998893228	1.094755417310626	1017.9370678500852	0.026236411995796557	0.2375501180969574	0.015185416766358567	2106.7041796727813	3652.4179022586545	0.013871058801118365	57.67971344051281	1545.7137225858733	291.48894502422587	-0.7855934712203414	-1.5627568776430127	0.1931609509403244	1.7597378536625397	3.2054190354825334e-14	2.2798898160316495e-15	1.7597378536625397	6.590406919635498	88.68854725068826	243.31145274931174	6.301877963113398	NaN	0.45485514951283057	1.4441323036485025	-1211.9421632164415	-0.002392853461177988	0.04076769005359585	0.0129374339156171	0	75.22530183309432	-11.415729774243959	25.8224118320166	64.30145658008027	98.06377846274673	137.53584363037874	206.05375607038488	0.22441140225995404	1.0092956816321685	16.101477885677365	1.0133551216035903	147.5951575073005	1.089860917954412	3.7504822343268804	1.089860917954412	3.3636373447475494	1.089860917954412	0.005156470775923139	1.149011117467202	NaN	NaN	800000009	800000009	800000009	800000009	800001019	800111119	899999999	899999999	89999	89999	89	89	5	0	4	43	33	6	2	NaN	0	0	0	0	0	0	0	0	0	NaN	NaN	NaN	NaN	0	0	0	0	0	0	0	0	903	0	0	0	18000	18000	18000	18000	93	NaN	1.5660558703833811	1.098479139057027	0.22372959785659657	0.07313124185018141	3.6683690696812232	0.38809298151840327	6.176957256387743e-8	NaN	0.014448664526409864	0.10062453899047605	0.09024558336752585	0.000005156470775923139	NaN	386.80366062308644	22.108979356953956	95648.27197048612	11.4399995803833	18.3267840213246	92.19476357417636	92.482906733195	91.90662206225925	0.5762829344686535	0.0002959292333317636	-1	0	2.025347465518889	73.38720003159827	1.0000231894867289	-273.1499938964844	9.000318274948333	-273.1499938964844	242
DATA	2025-06-18T153000_AIU-0547.ghg	2025-06-18	16:00:00	169.666	1	18000	18000	0.14632548336907322	1	NaN	20.704242979205073	0	NaN	177.62935864469728	0	NaN	0.5674285410134519	1	NaN	4.049087872719784	0	NaN	0.0032403384535139735	0	NaN	NaN	NaN	NaN	NaN	NaN	NaN	NaN	NaN	NaN	4.786489116911338e-11	2.6927070693915657e-12	2.6851895646212483e-13	NaN	14.480908122728653	385.86490910829144	394.4268815558621	-0.1	0	814.6439430001835	21.707375556648035	22.18904141181635	0.3	0	0.08123696184747914	2.0428026430976045	2.0881304755414654	0.5	0	NaN	NaN	NaN	NaN	9	302.6574869978163	300.8605025931464	95229.30273307292	1.0936629994930518	1017.7154253375022	0.026266644265690968	0.262380894152242	0.014892154105270687	2067.73273710412	3706.013936522375	0.013616766876244038	55.79398168816455	1638.2811994182548	291.19158866579755	-0.9844683242414733	-1.9183226034681373	0.18002930156104208	2.1636889891645774	4.1746296412535375e-14	3.305379107680862e-15	2.1636889891645774	7.904122891865195	89.16654388410132	242.83345611589868	4.772801550888004	NaN	0.36577854159953577	1.820529599543688	-199.5671762812459	-0.014531447776327153	0.11655867665783047	0.05085471856805605	0	56.85185307243149	-8.627488039594388	19.515401436432324	48.5961089254919	74.11213234160607	103.9433193849582	155.7260333913677	0.1450880834069349	1.0085286119513188	31.129540325212822	1.0133300822227853	162.43410301658253	1.0935472006550466	0.5188880193498333	1.0935472006550466	3.7027097415587873	1.0935472006550466	-0.013907882740596558	1.151080731663489	NaN	NaN	800000009	800000009	800000009	800000009	800001009	800101119	899999999	899999999	89999	89999	89	89	12	9	7	39	47	4	0	NaN	0	0	0	0	0	0	0	0	0	NaN	NaN	NaN	NaN	0	0	0	0	0	0	0	0	2412	0	0	0	18000	18000	18000	18000	93	NaN	1.775844537731032	1.5738331823600118	0.2913814789963325	0.10741923799323178	1.1230457676548333	0.46506570270313313	5.245718781674843e-8	NaN	0.027968091461433947	0.013931954304943654	0.0994164077800524	-0.000013907882740596558	NaN	385.8646763898484	21.706934849090004	95615.93628993057	11.4399995803833	18.02806187301212	92.1924042638143	92.48099021826849	91.90381640667385	0.5771777289095852	0.00029627098996004656	-1	0	2.0248208411435287	73.45099540922352	1.0000138872547282	-273.1499938964844	9.000215525839064	-273.1499938964844	093
DATA	2025-06-18T160000_AIU-0547.ghg	2025-06-18	16:30:00	169.687	1	18000	18000	0.121902616095605	0	NaN	13.956001679519346	0	NaN	120.51125547136003	0	NaN	1.1915664799360648	1	NaN	2.7452889301794743	0	NaN	0.009755576697254971	2	NaN	NaN	NaN	NaN	NaN	NaN	NaN	NaN	NaN	NaN	-6.518993041442955e-11	-3.588464016269951e-12	-3.649210788398263e-13	NaN	14.532164711272655	386.3301713168727	394.72439766258674	0.1	1	799.9417979646611	21.266043840769978	21.72811488448063	0.5	0	0.08134834920980143	2.0390894696454342	2.083395039901625	-0.3	0	NaN	NaN	NaN	NaN	9	301.9876441421509	300.1932815704346	95201.62053689235	1.095959570132478	1017.44879636063	0.026216013224369672	0.17789472267562992	0.014617558867432398	2025.104903330672	3564.0937903256636	0.01333768075556423	56.81962996674201	1538.9888869949916	290.86065044358236	-1.0647218270432164	-1.7281761149137291	0.1758027704065292	2.0374326656905843	-7.418649469085969e-14	-4.485906381439613e-15	2.0374326656905843	6.460804309471249	93.63704292826242	238.3629570717376	4.950003108511303	NaN	0.3335102963453157	1.1170446573358856	-224.35184439161475	-0.012926125068702082	0.11580662424379144	0.037527071185414665	0	59.94189046364656	-9.096413135151828	20.576111279369535	51.23742641176654	78.14030816529429	109.59289325297837	164.19012453280976	0.1208486855784941	1.0087210755505185	21.01257720099047	1.0133000194776602	110.32572025583718	1.0923223994541196	1.0908560334673552	1.0923223994541196	2.513258843315319	1.0923223994541196	-0.0025318494639691375	1.1503526163741065	NaN	NaN	800000009	800000009	800000009	800000009	800001019	800101119	899999999	899999999	89999	89999	89	89	4	8	6	18	43	1	0	NaN	0	0	0	0	0	0	0	0	0	NaN	NaN	NaN	NaN	0	0	0	0	0	0	0	0	4944	0	0	0	18000	18000	18000	18000	93	NaN	1.107942422048538	0.9139302394576504	0.21221665316558253	0.08764679621157596	2.086237379123376	0.3568256150856427	1.2438007235213336e-7	NaN	0.018843962285269023	0.029219444874101712	0.06731963336461505	-0.0000025318494639691374	NaN	386.32963833721305	21.26569132522658	95583.15218315972	11.4399995803833	17.697653453932887	92.21920605172052	92.50698841518825	91.93142106077407	0.5755692402571434	0.00029559988073661874	-1	0	2.021536274809639	69.39807719453134	1.0000260480774774	-273.3518689049614	9.000309589147568	-273.1499938964844	155
DATA	2025-06-18T163000_AIU-0547.ghg	2025-06-18	17:00:00	169.708	1	18000	18000	0.16261467696302853	0	NaN	35.104753910097756	1	NaN	149.6777958574452	0	NaN	-1.4821296121818806	1	NaN	3.411409124067813	0	NaN	0.0023263297580813007	0	NaN	NaN	NaN	NaN	NaN	NaN	NaN	NaN	NaN	NaN	4.6523807318415375e-11	2.6088611863833536e-12	2.6051202425487953e-13	NaN	14.465264016598782	385.27636650188145	393.7839476665919	0	0	811.1517096055609	21.604692662367462	22.08176235141318	0.3	0	0.08099885687674133	2.035295076489174	2.080237978683209	-0.2	0	NaN	NaN	NaN	NaN	9	302.42365096198193	300.7043237539634	95223.71879408417	1.094209695766407	1017.6533386497152	0.026254548544745234	0.22105931123959427	0.014828537911548876	2057.831022075493	3672.360493654394	0.013551824635553666	56.0356486143257	1614.529471578901	291.1152547269412	-0.7832464519477995	-1.3620433907678084	0.16830445021529744	1.580178341449287	2.0040402780325183e-14	3.2162432199667876e-15	1.580178341449287	6.007926752720105	91.90116224176984	240.0988377582302	6.114158519938505	NaN	0.3855046234405234	1.1149299721825237	-137.78088174851652	-0.021047912912135387	0.2345354814252604	0.08177789387065618	0	68.31575072076288	-10.367178735728862	23.450586527907323	58.395276212426836	89.05648074448611	124.90298050873618	187.12742510510523	0.1610341730068094	1.0098147115404648	43.804179018950585	1.0135056813579268	137.51048890707023	1.0884827553671028	-1.361647306651189	1.0884827553671028	3.1340957008705916	1.0884827553671028	-0.017241792442357292	1.1483813996968435	NaN	NaN	800000009	800000009	800000009	800000019	800001019	800111019	899999999	899999999	89999	89999	89	89	7	7	4	26	42	4	0	NaN	0	0	0	0	0	0	0	0	0	NaN	NaN	NaN	NaN	0	0	0	0	0	0	101	0	4588	0	0	16	18000	18000	18000	18000	93	NaN	1.063512333965576	0.9618707694427138	0.20447684095675778	0.09917463567271219	1.4782398254392959	0.3657645653092092	4.225098769026887e-8	NaN	0.0393382580335633	-0.036539062276217636	0.08410174751887652	-0.00001724179244235729	NaN	385.2775397973362	21.60432578285722	95613.98900021701	11.4399995803833	17.953591603279072	92.20019272592333	92.48609626854791	91.9142879079183	0.5718140625456972	0.0002961248634431589	-1	0	2.017549067077261	76.6324191091323	1.0000249066203832	-273.1499938964844	9.000330541239844	-273.1499938964844	222
DATA	2025-06-18T170000_AIU-0547.ghg	2025-06-18	17:30:00	169.729	1	18000	18000	0.08486128932216165	0	NaN	-11.67829575225441	2	NaN	71.1158647000961	0	NaN	3.4433217977455888	1	NaN	1.6194836047330923	0	NaN	-0.0075967487547788475	1	NaN	NaN	NaN	NaN	NaN	NaN	NaN	NaN	NaN	NaN	-2.5537935143733188e-11	-1.474411224736809e-12	-1.4209825861948777e-13	NaN	14.572006242254043	386.45558009164927	395.2748288091023	0	0	841.3025348208896	22.31168815890449	22.820860072356915	0.1	1	0.08108160272012942	2.0298910332563906	2.0762148924884665	-0.3	0	NaN	NaN	NaN	NaN	9	301.8080346510145	299.8372910257974	95247.62061111111	1.0973533876939197	1018.033016055625	0.02617227833718375	0.10494253758670437	0.015361926934004237	2125.7052539761517	3490.3283487433255	0.013999070040953004	60.90273010393136	1364.6230947671738	291.6321794991589	-0.776062612107815	-0.9109626185915595	0.2082070382464626	1.2146918297073377	1.7972503271546366e-14	-1.7525339146288273e-15	1.2146918297073377	5.119126723826714	102.4281714413745	229.57182855862553	9.869652119889107	NaN	0.2780875581066779	0.4489501410914402	155.5084800060979	0.01864850071125564	-0.16421505667551323	-0.03759148993998595	0	79.06224818971135	-11.998001186894376	27.139511352836763	67.58122061608931	103.06562555833662	144.55100530155025	216.56374658362597	0.08419989932082146	1.0078549975317683	-7.419162374827467	1.012719846056467	64.77856860395907	1.0978301347608	3.1364795779593306	1.0978301347608	1.4751677454053058	1.0978301347608	-0.007624110351120685	1.1744219030187153	NaN	NaN	800000009	800000009	800000009	800000009	800101009	800101019	899999999	899999999	89999	89999	89	89	1	11	9	12	32	0	1	NaN	0	0	0	0	0	0	0	0	0	NaN	NaN	NaN	NaN	0	0	0	0	0	0	0	0	6134	0	0	0	18000	18000	18000	18000	93	NaN	0.49793794166520344	0.32611628952812793	0.07384605098954895	0.14760793582270892	10.335237048622595	0.3856417744671892	3.9836897343805914e-8	NaN	-0.0066411991623316095	0.08396266788201891	0.0394898217568877	-0.000007624110351120686	NaN	386.4528909666274	22.311314483054236	95621.71728385417	11.442189630508423	18.467806618796473	92.2396869790819	92.5266165377299	91.95275709491305	0.5738611993077732	0.00029469825744551285	-1	0	2.0115191105626256	80.15484229324495	1.000030972747339	-273.1499938964844	9.000360327773624	-273.1499938964844	204
DATA	2025-06-18T173000_AIU-0547.ghg	2025-06-18	18:00:00	169.749	1	18000	18000	0.047041342265595795	1	NaN	36.99427747173539	1	NaN	-41.809593801972845	1	NaN	-28.07917582549629	1	NaN	-0.9512805317532104	1	NaN	-0.019328993102535746	1	NaN	NaN	NaN	NaN	NaN	NaN	NaN	NaN	NaN	NaN	1.3462326624214204e-10	7.95925856679706e-12	7.197387757853637e-13	NaN	15.266934170468344	403.5065911419497	413.36802353820076	0.1	1	902.6186927188721	23.85630197479407	24.439334109370087	0.1	1	0.08162188317496719	2.036502471526312	2.0862732358425014	-0.4	0	NaN	NaN	NaN	NaN	9	300.97531412421324	298.94338243103016	95199.35280685763	1.0994289820939345	1018.8916720721269	0.026107480862543733	-0.06164297845760803	0.01646618343664989	2271.7137081081073	3310.9341415199183	0.014977032354822013	68.6124704088875	1039.220433411811	292.6968428366612	0.15366363158605298	-0.41738842883203237	0.2184647368921069	0.49553249485824497	2.7693310836733684e-14	8.817963367036134e-15	0.49553249485824497	2.358957341918182	41.78856426926677	290.2114357307332	26.159316900048456	NaN	0.20685035092898527	0.19110815753696384	-20.201154371023332	-0.14355615262065316	-0.8848274787589484	0.15965520943004727	0	81.26643728549128	-12.332495385994937	27.896138141960915	69.46532830303549	105.93900866098137	148.58096595869188	222.60136200300377	0.046032310627917	1.021920073616006	34.0439896974615	1.0207217532943869	-38.35264324613286	1.0901359140660678	-25.757500017373566	1.0901359140660678	-0.8726256235381288	1.0901359140660678	-0.02579977732957437	1.155450090538432	NaN	NaN	800000009	800000009	800000009	800000009	800000019	800000019	899999999	899999999	89999	89999	89	89	0	0	1	10	3	0	0	NaN	0	0	0	0	0	0	0	0	0	NaN	NaN	NaN	NaN	0	0	0	0	0	0	0	0	5617	0	0	0	18000	18000	18000	18000	93	NaN	0.09667179464012304	0.2474009335553706	0.03814358687843405	0.16979873284023447	218.2817032336998	0.47196655244070784	2.0553325929926649e-7	NaN	0.030391018620354437	-0.6889025135912634	-0.02333898806460561	-0.00002579977732957437	NaN	403.4990556217705	23.855847549078224	95581.87463975693	11.449999809265137	19.53341484133406	92.2633639793396	92.55181353547837	91.97491243192884	0.5769012998392183	0.00029383423002339734	-1	0	2.01673247310188	81.72093263006211	1.000029886002342	-273.1499938964844	9.000350400474336	-273.1499938964844	211
DATA	2025-06-18T180000_AIU-0547.ghg	2025-06-18	18:30:00	169.77	1	18000	18000	0.03639299570997407	1	NaN	20.47211185496343	1	NaN	-30.998320171671608	1	NaN	-50.3027065204496	1	NaN	-0.7050758508582942	1	NaN	-0.011049255315104572	1	NaN	NaN	NaN	NaN	NaN	NaN	NaN	NaN	NaN	NaN	-1.5846986200659657e-10	-9.319010862652475e-12	-8.048254926053773e-13	NaN	16.09311651715624	424.75877897722074	435.64040137511154	0.1	1	946.3750756031335	24.978450950698434	25.618357845581738	0.1	1	0.08173257845038605	2.0373004806064126	2.089492773357563	-0.2	0	NaN	NaN	NaN	NaN	9	300.71863664839003	298.62348023139106	95165.10566970486	1.0997397298030898	1019.5263069909817	0.026088928259700894	-0.04568891513561746	0.017252977560562103	2377.714549910243	3248.7167879761473	0.015688237037368175	73.18934536585098	871.0022380659043	293.4328145945686	0.3688125507028652	-0.2857645133268651	0.241942571195882	0.5255666108018497	-3.4117822397850953e-15	-9.847058637626718e-15	0.5255666108018497	1.5372343009394172	9.769354333478645	322.2306456665213	27.409446840406186	NaN	0.1819130878094983	0.10250547161296485	-24.828129334443876	-0.11680300037654677	-0.6604264921965756	0.10037148480819501	1	3.0689028762051254	1	3	5	7	13	37	0.0356465653607293	1.020939755112202	18.392701497023626	1.0200847435815503	-28.452584913038223	1.0894728990850606	-46.171599644831744	1.0894728990850606	-0.6471715372180592	1.0894728990850606	-0.014141321746827501	1.1545607859066949	NaN	NaN	800000009	800000009	800000009	800000009	800000019	800000019	899999999	899999999	89999	89999	89	89	0	0	0	12	0	0	1	NaN	0	0	0	0	0	0	0	0	0	NaN	NaN	NaN	NaN	0	0	0	0	0	0	0	0	12309	0	0	0	18000	18000	18000	18000	93	NaN	0.0970271435269731	0.08597092842991023	0.022012871269046348	0.02861572039414817	445.04149213086373	0.22346257785606935	1.0978750422482785e-7	NaN	0.01640427991320903	-1.2354350830630914	-0.017316671460148522	-0.000014141321746827502	NaN	424.75132560973947	24.97822700783214	95547.88546440972	11.449999809265137	20.272559702449378	92.285569978714	92.57337141418456	91.99777283117506	0.5755996438496642	0.00029367843735639737	-1	0	2.016582973584864	81.15901439507806	1.0000513985670274	-286.2314944458029	9.0004353615178	-273.1499938964844	167
DATA	2025-06-18T183000_AIU-0547.ghg	2025-06-18	19:00:00	169.791	1	18000	18000	0.11984450629799195	1	NaN	161.76336931694777	1	NaN	-181.94926153675627	1	NaN	-287.9629178681369	1	NaN	-4.140965211986601	1	NaN	0.03525729307298843	2	NaN	NaN	NaN	NaN	NaN	NaN	NaN	NaN	NaN	NaN	6.090428581501931e-10	3.6487056469420275e-11	3.109903040278322e-12	NaN	15.98191818350688	422.17149853016855	433.12603935251724	0.1	1	957.4583191442115	25.291808450779644	25.948082379999644	0.1	1	0.08160709100066424	2.03992485414592	2.0928569923103066	0.4	0	NaN	NaN	NaN	NaN	9	301.3005978580051	299.2244388309055	95204.39410980903	1.0978527962083167	1019.7185532757826	0.026130642474030852	-0.26833454573673177	0.017441530438636894	2408.53719084929	3366.4510460465945	0.015886948139928386	71.54529080937522	957.9138551973047	293.6414212920388	0.12619072190303213	-0.14055553069884105	0.21732757992811752	0.2879431063628437	2.2555686177869903e-14	3.8108245278011555e-14	0.2879431063628437	1.705562116932582	20.082512588726445	311.91748741127356	49.004294615068424	NaN	0.3303976952458128	0.17889067008987974	-18.832309100761435	-0.15399067551852927	-0.8890575754508866	0.43733953763387823	0	75.2078529587814	-11.413081840248784	25.816422198109738	64.28654154475754	98.04103209279738	137.50394152310167	206.0059609003588	0.11594260445603652	1.0336537363487894	147.84879554490786	1.028442039297671	-165.5534801874336	1.0990361623975524	-262.0140516941176	1.0990361623975524	-3.767815249093412	1.0990361623975524	-0.004417791685643908	1.1666855462003036	NaN	NaN	800000009	800000009	800000009	800000009	800000019	800000019	899999999	899999999	89999	89999	89	89	1	0	0	4	2	0	2	NaN	0	0	0	0	0	0	0	0	0	NaN	NaN	NaN	NaN	0	0	0	0	0	0	0	0	11218	0	0	0	18000	18000	18000	18000	93	NaN	0.1174834022015854	0.12218346957060584	0.11811446840756823	0.2541948227284167	739.9944982373764	0.4478736939938677	7.181643781971502e-8	NaN	0.13206670951261304	-7.024300423482224	-0.10101086593900345	-0.000004417791685643908	NaN	422.16122369974335	25.291376447272278	95592.98052452257	11.449999809265137	20.479740157551245	92.2689546898736	92.55595690366957	91.98195640691122	0.5739994000362025	0.0002932870854177357	-1	0	2.018961414443122	79.85549265462026	1.000023411737548	-273.1499938964844	9.000313284847472	-273.1499938964844	045
DATA	2025-06-18T190000_AIU-0547.ghg	2025-06-18	19:30:00	169.812	0	18000	18000	0.08571604350578647	1	NaN	40.56152166899729	1	NaN	17.83555804063344	1	NaN	-2.952851064435366	2	NaN	0.4059168759955283	1	NaN	-0.0024320242031535297	1	NaN	NaN	NaN	NaN	NaN	NaN	NaN	NaN	NaN	NaN	-1.7696502878828976e-11	-1.141339343554543e-12	-9.788361062760403e-14	NaN	14.829078398921462	391.6330940839964	401.78147187850993	0.1	1	956.4042523673946	25.258451433972883	25.91297300410697	0.1	1	0.08202319666801272	2.050238173814644	2.1033659402646925	-0.3	0	NaN	NaN	NaN	NaN	9	301.47779991828077	299.2223555664388	95225.01903333286	1.0981122627846505	1019.6994798020883	0.02612480091296761	0.02630341356451023	0.017422421864767706	2405.8816977871616	3366.036573881191	0.01586579301153328	71.47520964138165	960.1548760940295	293.6235413455553	-0.5780861335461833	0.18930372122211772	0.1914872321165419	0.6377200300528753	1.5717994537096165e-14	-1.1933649821499402e-15	0.6377200300528753	2.5907234307571474	170.1318770443245	161.8681229556755	17.473730119170963	NaN	0.2793879606368355	0.14131688586417998	-45.419895496305884	-0.06384867178384117	2.2741941450101506	0.12965450530733652	0	82.13834341172874	-12.464810504486834	28.195435300256356	70.2106205458311	107.07562635635959	150.17508843765026	224.9896479636321	0.08419629043899382	1.0180501190595068	41.223507861468256	1.0182230627920483	16.39766810567761	1.087688683884141	-2.714794323216384	1.087688683884141	0.3731921477255765	1.087688683884141	-0.01526243556553112	1.1520375557454001	NaN	NaN	800000009	800000009	800000009	800000019	800000019	800000019	899999999	899999999	89999	89999	89	89	13	13	0	0	0	0	13	NaN	0	0	0	0	0	0	0	0	0	NaN	NaN	NaN	NaN	0	11	0	0	0	0	0	0	15118	0	0	0	18000	18000	18000	18000	93	NaN	0.15234911230908066	0.06253024690972699	0.06775441250955233	0.080609807705666	31.873113928392364	0.15280135740106857	9.982987555472892e-8	NaN	0.0368151017900883	-0.07276180470809447	0.010002280445036281	-0.00001526243556553112	NaN	391.63176333214767	25.25829281328228	95601.57614908855	11.44114460659027	20.463132810910533	92.28726153013442	92.57438791190253	92.00013449902005	0.5742535794079305	0.0002936638400197909	-1	0	2.0290387469781215	80.59147434499344	1.0000235373808277	-273.1903688981798	9.000312776486078	-273.1499938964844	010
DATA	2025-06-18T193000_AIU-0547.ghg	2025-06-18	20:00:00	169.833	0	18000	18000	0.09795837959543395	1	NaN	121.1966322386483	1	NaN	-145.96649408228646	2	NaN	-136.20931534124998	2	NaN	-3.3200935747995737	2	NaN	0.03221365348304908	2	NaN	NaN	NaN	NaN	NaN	NaN	NaN	NaN	NaN	NaN	-4.182424526322673e-11	-2.588348304938585e-12	-2.2049812060076908e-13	NaN	15.56746136632272	410.1833478373288	420.86694357470464	0.1	1	963.412776157043	25.38473477302085	26.045903115532436	0.1	1	0.08207191671232124	2.0459114276782198	2.099199038506488	-0.1	0	NaN	NaN	NaN	NaN	9	300.76072612592907	298.62221610599096	95255.79348350695	1.100621664274855	1019.7594552731761	0.026063980088886492	-0.21514206364701235	0.01755038665957511	2418.6916676243954	3248.4729663204826	0.015945885156765646	74.45626584247141	829.7812986960871	293.70963445143286	0.11850563070429705	0.06379982146310433	0.24482641289260765	0.2793814134426359	-3.936624435449159e-14	-2.6866451940395134e-15	0.2793814134426359	1.5546460477427506	303.7033308805575	28.296669119442527	61.20111279573607	NaN	0.2983333244900391	0.17962627228884134	-18.512149926729744	-0.1566538738870455	-0.8303044681632586	0.36195367159915176	0	68.82001148614452	-10.44370225232601	23.623682930807817	58.82631073033635	89.71383558094203	125.82493001357624	188.50867346455155	0.09469424010793984	1.0344703065759162	110.1689716414192	1.0289830480656077	-132.73425046092567	1.0996897453024463	-123.86158543634369	1.0996897453024463	-3.0191184277038543	1.0996897453024463	0.0023831494942091135	1.1674920123381731	NaN	NaN	800000009	800000009	800000009	800000009	800000019	800101019	899999999	899999999	89999	89999	89	89	8	6	0	5	6	0	0	NaN	0	0	0	0	0	0	0	0	0	NaN	NaN	NaN	NaN	0	0	0	0	0	0	0	0	9513	0	0	0	18000	18000	18000	18000	93	NaN	0.06809864984967845	0.17092641554165333	0.12022747918635089	0.15519882792825937	1013.6583727109958	0.29563734283927007	1.7487552106979156e-7	NaN	0.09815750203528983	-3.31243370256199	-0.08074036511579973	0.0000023831494942091137	NaN	410.16796449255924	25.384443965419987	95632.29188802083	11.442190186076694	20.547667014333957	92.30638070466783	92.59255648507012	92.02020549477471	0.5723501618338954	0.00029310984500140576	-1	0	2.0247776582638415	79.0347673038588	1.000028735737006	-273.1499938964844	9.000368516498142	-273.1499938964844	143
DATA	2025-06-18T200000_AIU-0547.ghg	2025-06-18	20:30:00	169.854	0	18000	18000	0.030741499191847793	1	NaN	27.966943959040467	1	NaN	26.5316232570359	1	NaN	27.081924425838057	1	NaN	0.6028236405866364	1	NaN	-0.005432777232260702	1	NaN	NaN	NaN	NaN	NaN	NaN	NaN	NaN	NaN	NaN	-2.5993349410682114e-10	-1.581098008108521e-11	-1.3389448137229612e-12	NaN	16.030179710987763	420.4166998499453	431.4500403077869	0	0	975.0680764614578	25.57269539242742	26.243820623156918	0.1	1	0.08257314456848545	2.0480628062368083	2.1018117991486465	-0.1	0	NaN	NaN	NaN	NaN	9	299.9022285427517	297.50589529842796	95294.9695907118	1.1051265298847464	1019.8453664485547	0.02595587179611434	0.03906297191001404	0.017753978078137618	2437.602915607565	3039.288259933653	0.016065108924666918	80.20308398324735	601.6853443260879	293.8360057110484	0.37742208023704427	-0.14092337630286342	0.23753230814496715	0.46768410498085283	-1.9025731263763893e-14	-1.6215257644844226e-14	0.46768410498085283	1.6513397777128034	352.4748287189043	339.5251712810957	30.523418065460728	NaN	0.1667848194741805	0.13786807449830535	-14.021664653222967	-0.20682280397666028	1.0540984879854245	0.1487791801145769	1	2.774415448936438	1	2	4	6	11	30	0.030052292842075203	1.022933569607962	29.17384205847986	1.021382008062151	24.322127194379572	1.0908430436613663	24.826600474930636	1.0908430436613663	0.5526217947572784	1.0908430436613663	-0.014754923968402993	1.1563820824728361	NaN	NaN	800000009	800000009	800000009	800000009	800000009	800011019	899999999	899999999	89999	89999	89	89	5	3	1	10	3	6	1	NaN	0	0	0	0	0	0	0	0	0	NaN	NaN	NaN	NaN	0	0	0	0	0	0	0	0	17703	0	0	0	18000	18000	18000	18000	93	NaN	0.07333534266629703	0.17596748657669806	0.026433319753615608	0.11325089354544565	463.9163917148688	0.08318616902195383	4.944985192534956e-8	NaN	0.025884947923030647	0.6613121290356722	0.01472031968337667	-0.000014754923968402993	NaN	420.41489970482723	25.572598903044977	95665.17398328993	11.449999809265137	20.67502999575931	92.3985087360806	92.68816963534886	92.10884870020547	0.5793218291434974	0.00029144036782640287	-1	0	2.0266881865329216	81.12426103157463	1.0000368543167908	-273.1499938964844	9.000419892443551	-273.1499938964844	063
DATA	2025-06-18T203000_AIU-0547.ghg	2025-06-18	21:00:00	169.874	0	18000	18000	0.0911757861917988	1	NaN	2.2775119397956365	0	NaN	78.9744588546386	0	NaN	-61.888756640598864	1	NaN	1.793653032682883	0	NaN	0.049861527537711114	1	NaN	NaN	NaN	NaN	NaN	NaN	NaN	NaN	NaN	NaN	3.3110863281864374e-10	1.9125482182835685e-11	1.685279865666537e-12	NaN	16.31397570943181	426.45405999123597	437.22412335048057	0.1	1	942.327142321442	24.6328205239748	25.254920446685258	0.1	1	0.08303502858875114	2.0547703745085637	2.106663436852983	0	1	NaN	NaN	NaN	NaN	9	299.4494725748698	297.09131633928087	95333.5876844618	1.1075144698579937	1019.2979450876884	0.02590920224485964	0.11622871651785081	0.01713226942506599	2348.96507138421	2964.650311227362	0.01546911565612565	79.23244986056184	615.685239843152	293.2360924227079	0.05199461971457539	-0.09543811579613325	0.24981768345965305	0.27243485348818325	2.4879885746956177e-14	2.029601114504637e-14	0.27243485348818325	2.179187988449778	33.41848208359778	298.5815179164022	66.48869271522959	NaN	0.2869227957369582	0.30920650861499877	-876.7137398956004	-0.003307807175858033	0.02883858873902073	0.0070314525568670565	0	61.456007062256056	-9.326186170490042	21.09585851092914	52.53167050717322	80.11411207268502	112.36118129795769	168.33752447231714	0.08807843030722862	1.03516588424392	6.839283327245279	1.02944468698204	71.77871491701626	1.100248993673701	-56.24977345714629	1.100248993673701	1.630224651870778	1.100248993673701	0.03926080208186041	1.168180756807195	NaN	NaN	800000009	800000009	800000009	800000009	800000009	800101009	899999999	899999999	89999	89999	89	89	2	0	0	4	12	0	6	NaN	0	0	0	0	0	0	0	0	0	NaN	NaN	NaN	NaN	0	0	0	0	0	0	0	0	16904	0	0	0	18000	18000	18000	18000	93	NaN	0.049438165304080725	0.4214020523506531	0.14757279957526367	0.06652013584539515	318.5255935954853	0.3790748561931211	1.1890704176795824e-7	NaN	0.006058429209046022	-1.4942030656070249	0.04330482636182052	0.00003926080208186041	NaN	426.4500948769608	24.632452213192582	95707.78709440104	11.461045617633394	20.072511167314307	92.46214992353651	92.75150357352362	92.17279916042752	0.5787019705987636	0.00029079912413241507	-1	0	2.0340751973258127	78.4151616191863	1.0000366994705465	-273.1499938964844	9.00049207830429	-273.1499938964844	134
DATA	2025-06-18T210000_AIU-0547.ghg	2025-06-18	21:30:00	169.895	0	18000	18000	0.07562541413205506	1	NaN	38.525675015962875	1	NaN	45.06777078447048	1	NaN	7.413547278593791	1	NaN	1.022930174537772	1	NaN	-0.0340838953364875	1	NaN	NaN	NaN	NaN	NaN	NaN	NaN	NaN	NaN	NaN	4.695907361549569e-10	2.69659045965708e-11	2.392734153687726e-12	NaN	16.188725363781185	422.32407358702187	432.8206899335525	0.1	1	929.6257146686074	24.25165106626979	24.85441158344905	0.1	1	0.08248739402262824	2.0349077050423836	2.085484138677839	0.3	0	NaN	NaN	NaN	NaN	9	298.7321545579698	296.4457374362186	95337.11023792515	1.1101288346699851	1019.0668891559811	0.02585194637108145	0.06628587531004762	0.016904520589242092	2312.702522766587	2851.609199469373	0.015227530410258556	81.10166439345667	538.9066767027857	292.9849299501171	0.4872932652712649	0.09538327872735322	0.27874809295435155	0.569432345028945	3.465461042374538e-14	2.900727052949863e-14	0.569432345028945	1.9333035255410114	320.9248949102606	11.075105089739402	29.308987996461827	NaN	0.2610040169435675	0.20660258054313937	-39.0113347762248	-0.07433736929625351	0.8548387094672565	0.13047490557697583	0	92.30214498373213	-14.007206605235774	31.6843394797768	78.89848526082795	120.32516821805503	168.75775928952416	252.82987510571888	0.07416568252361413	1.019682035663545	40.74252210089046	1.0192711341217766	41.39747519518125	1.0886598898117452	6.809791880801052	1.0886598898117452	0.9396232782257281	1.0886598898117452	-0.04499510492562409	1.153441905418565	NaN	NaN	800000009	800000009	800000009	800000019	800010119	800011119	899999999	899999999	89999	89999	89	89	5	0	1	29	13	4	13	NaN	0	0	0	0	0	0	0	0	0	NaN	NaN	NaN	NaN	0	65	0	0	0	0	0	0	17305	0	0	0	18000	18000	18000	18000	93	NaN	0.12061241089473158	0.24842025252169384	0.04417249766985333	0.14196023879741068	72.277617023711	0.17981905936498774	4.396177020246244e-7	NaN	0.036014039416238784	0.18042310641903533	0.024894997334511962	-0.00004499510492562409	NaN	422.32191318588474	24.251470396933165	95713.43658572048	11.470000267028809	19.824055006980917	92.48765752241347	92.77572377904256	92.19959128952027	0.5761270187927616	0.0002901714479942004	-1	0	2.0148655096564565	73.24518167333429	1.000046762994594	-273.1499938964844	9.000530261516571	-273.1499938964844	191
DATA	2025-06-18T213000_AIU-0547.ghg	2025-06-18	22:00:00	169.916	0	18000	18000	0.10341120120758476	1	NaN	3.7241416947461823	1	NaN	33.24459128733038	1	NaN	42.25355600555478	1	NaN	0.7541750582144953	1	NaN	0.01229369215266954	1	NaN	NaN	NaN	NaN	NaN	NaN	NaN	NaN	NaN	NaN	-1.9791847361652523e-10	-1.1060352295709705e-11	-1.0228489769886475e-12	NaN	16.12491061055011	419.7723107561934	429.855998937174	0.3	0	901.1144277267737	23.458293488779095	24.021804017552782	0.1	1	0.08333405174693835	2.0500523491317297	2.099298304888296	0	1	NaN	NaN	NaN	NaN	9	298.0792289267646	295.90223758616764	95332.97071479051	1.112456293649232	1018.6018540672718	0.025805670219292965	0.04887054377229929	0.016380836161913007	2236.9486830782994	2759.3788299055022	0.014724925604203593	81.06711042480913	522.4301468272029	292.4489061068321	0.35315167057991476	0.18022938954688886	0.2859798922883075	0.4888591147590859	-5.332314323973438e-15	-1.2274081909454575e-14	0.4888591147590859	2.2403377865255063	304.96270794190633	27.03729205809365	35.80260130086687	NaN	0.3048893909474856	0.18661359113736772	-643.1614600553165	-0.004508976641340697	0.11202248397517417	0.010779446565835632	0	82.46167434652462	-12.513877221260838	28.3064243471977	70.4869989658327	107.49712088529249	150.76624050756973	225.87530148638245	0.10116995393439335	1.0221532894503917	5.620341425894574	1.0208733817617066	30.49131679791593	1.0902970018534142	38.75417059179953	1.0902970018534142	0.6917152454170381	1.0902970018534142	0.00803582577820111	1.1556637080331524	NaN	NaN	800000009	800000019	800000009	800000019	800000019	801001019	899999999	899999999	89999	89999	89	89	6	1	1	31	16	0	7	NaN	0	0	0	0	0	0	0	0	0	NaN	NaN	NaN	NaN	0	755	0	0	0	0	0	0	17703	0	0	0	18000	18000	18000	18000	93	NaN	0.1460742367277756	0.14725395148285886	0.07989899406410102	0.0461419398690256	67.96385941111258	0.06418692887168152	7.624933876736285e-8	NaN	0.004959926939266088	1.0241076068544277	0.018279086709667918	0.000008035825778201109	NaN	419.77082779855596	23.45821885348918	95712.34333463541	11.461142842080857	19.289766033702413	92.54945341661241	92.83948765648736	92.25942027727763	0.5800615154869027	0.00028937810511302415	-1	0	2.0307554853290326	59.40483968320607	1.0000427231374713	-273.1499938964844	9.000533613204956	-273.1499938964844	170
DATA	2025-06-18T220000_AIU-0547.ghg	2025-06-18	22:30:00	169.937	0	18000	18000	0.125967430589126	1	NaN	11.598495233918635	1	NaN	88.88628482415942	1	NaN	64.87564735741516	1	NaN	2.015633829387667	1	NaN	-0.00033717830124461757	1	NaN	NaN	NaN	NaN	NaN	NaN	NaN	NaN	NaN	NaN	-4.319961094950417e-10	-2.3721777846613772e-11	-2.221947516741964e-12	NaN	16.264187832230874	422.896481400693	432.95050075278203	0.1	0	893.0993639335261	23.222098911094513	23.774185395888537	0.1	1	0.08365392875387698	2.0538791708140574	2.1027084750017444	0	1	NaN	NaN	NaN	NaN	9	297.64396032884383	295.48794820609317	95313.45905066447	1.113888375878913	1018.4586189678442	0.025774815286890292	0.13061307214432083	0.01623531439081289	2213.972289004926	2690.835794132858	0.014575351303044546	82.27823837605798	476.86350512793206	292.28318297275354	0.2492676400486998	-0.06639077642566027	0.27032069607450426	0.37365140210638764	2.2017875820664654e-14	-2.6561185467801317e-14	0.37365140210638764	1.501474214243915	346.91412055859973	345.0858794414003	46.340633473653206	NaN	0.33628562219448305	0.1938941633260445	-277.04933258387604	-0.010467449868777547	0.13048689409016842	0.03040242943304381	0	84.64810815748615	-12.84567698738988	29.05695632160389	72.35592970236463	110.3473581809475	154.76373884130567	231.8642824298887	0.12261159388668148	1.0273696523800677	16.579004623257944	1.0242902002807994	81.24026886074746	1.0941160839400699	59.29503122172247	1.0941160839400699	1.842248605037483	1.0941160839400699	-0.009124405190417509	1.1605672861224798	NaN	NaN	800000009	800000009	800000009	800000019	800000019	810000019	899999999	899999999	89999	89999	89	89	3	0	0	17	0	0	2	NaN	0	0	0	0	0	0	0	0	0	NaN	NaN	NaN	NaN	0	204	0	0	0	0	0	0	17404	0	0	0	18000	18000	18000	18000	93	NaN	0.10430334889334199	0.19243905199606837	0.09104592576267867	0.0647586025244524	69.5278675511251	0.08570053552224025	1.855265147589319e-7	NaN	0.014614144357526934	1.5646629821179012	0.048612811845598645	-0.000009124405190417508	NaN	422.89493777859315	23.22200439074177	95694.3591453993	11.462190643840366	19.123972551557767	92.58420426686605	92.87447176106771	92.29393147320218	0.5805392814377944	0.0002891801103348067	-1	0	2.0347642151376713	71.68130992371617	1.000038977401124	-273.1499938964844	9.000514336744944	-273.1499938964844	017
DATA	2025-06-18T223000_AIU-0547.ghg	2025-06-18	23:00:00	169.958	0	18000	18000	0.10539874208129196	1	NaN	9.50867746920298	1	NaN	3.816820635068398	1	NaN	17.430047910236247	1	NaN	0.08652451880959693	1	NaN	-0.03736826464390666	1	NaN	NaN	NaN	NaN	NaN	NaN	NaN	NaN	NaN	NaN	-9.510476822526886e-11	-5.105584135495652e-12	-4.849911151511051e-13	NaN	16.468050299523075	427.65856991753924	437.7076063068701	0.1	0	884.0673072525302	22.958331645453878	23.497801976161803	0.1	1	0.08397957566346413	2.058528205924931	2.1068990940700982	-0.1	0	NaN	NaN	NaN	NaN	9	297.2776724141439	295.1563574133124	95318.16209231858	1.115307000979982	1018.301354862731	0.025744620979552376	0.005606788818861881	0.016069731369053708	2188.932977793404	2637.0515542020526	0.014408347974982482	83.00683292692604	448.11857640864855	292.10085477015616	0.6620716545625102	0.19921951455616152	0.2968078173738653	0.7524109058282564	-4.5790148786549895e-14	-5.775107951183702e-15	0.7524109058282564	2.6637492590037257	315.2532881435185	16.74671185648154	23.23327871248187	NaN	0.3074117757790646	0.2612981856416403	-258.1470530355555	-0.011233907053746505	2.49125604222494	0.027235093271378675	0	92.20911881055143	-13.993089524558329	31.65240660484652	78.8189678871541	120.2038992059576	168.5876777757736	252.5750620052109	0.10374425909750132	1.015947706390536	9.643101084403593	1.0168924177031937	3.512462922531453	1.0866507972467345	16.040155636382043	1.0866507972467345	0.0796249531393393	1.0866507972467345	-0.03718776992974641	1.1503488381682307	NaN	NaN	800000009	800000009	800000009	800000019	800000019	800000019	899999999	899999999	89999	89999	89	89	8	3	1	22	13	0	5	NaN	0	0	0	0	0	0	0	0	0	NaN	NaN	NaN	NaN	0	150	0	0	0	0	101	0	16908	0	0	21	18000	18000	18000	18000	93	NaN	0.23917869211185375	0.22198585977813562	0.06143181939329122	0.07663574835808273	39.68253605183645	0.031131759509455185	6.280641543318627e-7	NaN	0.00849074834919805	0.4226537552366658	0.002098095942320677	-0.000037187769929746404	NaN	427.6584053999629	22.958288172402845	95698.41191905382	11.470000267028809	18.942234976662533	92.60955977927314	92.89969258181254	92.31942600377401	0.5802654441429509	0.0002888633985130582	-1	0	2.0387464890723432	71.24751984200137	1.0000610192070405	-273.1499938964844	9.000678792423672	-273.1499938964844	010
DATA	2025-06-18T230000_AIU-0547.ghg	2025-06-18	23:30:00	169.979	0	18000	18000	0.09389268189665559	1	NaN	25.184202050852292	1	NaN	6.461625719689726	2	NaN	21.494874426899568	1	NaN	0.1464197651777839	2	NaN	0.0014152654186997975	1	NaN	NaN	NaN	NaN	NaN	NaN	NaN	NaN	NaN	NaN	7.464038151908341e-10	3.861558582310761e-11	3.720256461552174e-12	NaN	16.981723819295574	440.458462891486	450.7293891832559	0.1	1	878.558228431161	22.787345441088927	23.318717102957038	0.1	1	0.08464100327632493	2.0705648671964374	2.1188477835779134	0	1	NaN	NaN	NaN	NaN	9	296.7992708070543	294.72927573140464	95318.83722482639	1.117003911190178	1018.195460790601	0.02570718726510736	0.009488000783520396	0.015973275008635896	2172.6459038642806	2569.164447546508	0.014300106605370991	84.56624510506155	396.5185436822276	291.9812735182765	0.33990116048496943	0.03837163509331146	0.2771537307929528	0.44024921552596846	-5.776425975645564e-14	4.395335969030004e-14	0.44024921552596846	2.3852842942359764	325.5591160084906	6.4408839915093195	39.016065358794606	NaN	0.2899269088444713	0.22645851321561716	-81.76143877824194	-0.03546904314961416	3.8975024464991117	0.07637545656608968	0	80.95139644395921	-12.2846867228571	27.787994815770002	69.19603613006856	105.52832110589168	148.0049708232483	221.73841633005335	0.09168782626823499	1.0240474195774938	25.195691584535425	1.0221098808789313	5.919186024783719	1.0916409270860563	19.690425572698487	1.0916409270860563	0.13412813824104758	1.0916409270860563	-0.006625439027901747	1.1574177434020503	NaN	NaN	800000009	800000009	800000009	800000009	800000019	800000019	899999999	899999999	89999	89999	89	89	10	0	0	32	4	0	3	NaN	0	0	0	0	0	0	0	0	0	NaN	NaN	NaN	NaN	0	0	0	0	0	0	0	0	17505	0	0	0	18000	18000	18000	18000	93	NaN	0.14603444065402085	0.23121615546118449	0.07566643031602899	0.05361501347157976	52.60111891777512	0.03193927326799119	2.700863148662158e-7	NaN	0.022153402247515875	0.5179922930540045	0.0035284835075823696	-0.000006625439027901747	NaN	440.4579026812322	22.787301662531334	95701.0879750434	11.458954458660552	18.8231107152303	92.63494072405497	92.92309245321486	92.3467921333313	0.5762910457468694	0.0002886246992776351	-1	0	2.0511677300996247	78.7722310533524	1.0000753354099061	-273.1499938964844	9.000733361005784	-273.1499938964844	149
