DATAH	filename	date	time	DOY	daytime	file_records	used_records	Tau	qc_Tau	rand_err_Tau	H	qc_H	rand_err_H	LE	qc_LE	rand_err_LE	co2_flux	qc_co2_flux	rand_err_co2_flux	h2o_flux	qc_h2o_flux	rand_err_h2o_flux	ch4_flux	qc_ch4_flux	rand_err_ch4_flux	none_flux	qc_none_flux	rand_err_none_flux	H_strg	LE_strg	co2_strg	h2o_strg	ch4_strg	none_strg	co2_v-adv	h2o_v-adv	ch4_v-adv	none_v-adv	co2_molar_density	co2_mole_fraction	co2_mixing_ratio	co2_time_lag	co2_def_timelag	h2o_molar_density	h2o_mole_fraction	h2o_mixing_ratio	h2o_time_lag	h2o_def_timelag	ch4_molar_density	ch4_mole_fraction	ch4_mixing_ratio	ch4_time_lag	ch4_def_timelag	none_molar_density	none_mole_fraction	none_mixing_ratio	none_time_lag	none_def_timelag	sonic_temperature	air_temperature	air_pressure	air_density	air_heat_capacity	air_molar_volume	ET	water_vapor_density	e	es	specific_humidity	RH	VPD	Tdew	u_unrot	v_unrot	w_unrot	u_rot	v_rot	w_rot	wind_speed	max_wind_speed	wind_dir	yaw	pitch	roll	u*	TKE	L	(z-d)/L	bowen_ratio	T*	model	x_peak	x_offset	x_10%	x_30%	x_50%	x_70%	x_90%	un_Tau	Tau_scf	un_H	H_scf	un_LE	LE_scf	un_co2_flux	co2_scf	un_h2o_flux	h2o_scf	un_ch4_flux	ch4_scf	un_none_flux	un_none_scf	spikes_hf	amplitude_resolution_hf	drop_out_hf	absolute_limits_hf	skewness_kurtosis_hf	skewness_kurtosis_sf	discontinuities_hf	discontinuities_sf	timelag_hf	timelag_sf	attack_angle_hf	non_steady_wind_hf	u_spikes	v_spikes	w_spikes	ts_spikes	co2_spikes	h2o_spikes	ch4_spikes	none_spikes	head_detect_LI-7200	t_out_LI-7200	t_in_LI-7200	aux_in_LI-7200	delta_p_LI-7200	chopper_LI-7200	detector_LI-7200	pll_LI-7200	sync_LI-7200	chopper_LI-7500	detector_LI-7500	pll_LI-7500	sync_LI-7500	not_ready_LI-7700	no_signal_LI-7700	re_unlocked_LI-7700	bad_temp_LI-7700	laser_temp_unregulated_LI-7700	block_temp_unregulated_LI-7700	motor_spinning_LI-7700	pump_on_LI-7700	top_heater_on_LI-7700	bottom_heater_on_LI-7700	calibrating_LI-7700	motor_failure_LI-7700	bad_aux_tc1_LI-7700	bad_aux_tc2_LI-7700	bad_aux_tc3_LI-7700	box_connected_LI-7700	mean_value_RSSI_LI-7200	mean_value_LI-7500	u_var	v_var	w_var	ts_var	co2_var	h2o_var	ch4_var	none_var	w/ts_cov	w/co2_cov	w/h2o_cov	w/ch4_cov	w/none_cov	co2_mean	h2o_mean	air_p_mean	vin_sf_mean	dew_point_mean	avg_signal_strength_7200_mean	co2_signal_strength_7200_mean	h2o_signal_strength_7200_mean	delta_signal_strength_7200_mean	flowrate_mean	hit_power_mean	hit_vin_mean	ch4_mean	rssi_77_mean	ch4_aux-1_mean	ch4_aux-2_mean	ch4_aux-3_mean	ch4_aux-4_mean	CHK
DATAU		[yyyy-mm-dd]	[HH:MM]	[ddd.ddd]	[1=daytime]	[#]	[#]	[kg+1m-1s-2]	[#]	[kg+1m-1s-2]	[W+1m-2]	[#]	[W+1m-2]	[W+1m-2]	[#]	[W+1m-2]	[µmol+1s-1m-2]	[#]	[µmol+1s-1m-2]	[mmol+1s-1m-2]	[#]	[mmol+1s-1m-2]	[µmol+1s-1m-2]	[#]	[µmol+1s-1m-2]	[µmol+1s-1m-2]	[#]	[µmol+1s-1m-2]	[W+1m-2]	[W+1m-2]	[µmol+1s-1m-2]	[mmol+1s-1m-2]	[µmol+1s-1m-2]	[µmol+1s-1m-2]	[µmol+1s-1m-2]	[mmol+1s-1m-2]	[µmol+1s-1m-2]	[µmol+1s-1m-2]	[mmol+1m-3]	[µmol+1mol_a-1]	[µmol+1mol_d-1]	[s]	[1=default]	[mmol+1m-3]	[mmol+1mol_a-1]	[mmol+1mol_d-1]	[s]	[1=default]	[mmol+1m-3]	[µmol+1mol_a-1]	[µmol+1mol_d-1]	[s]	[1=default]	[mmol+1m-3]	[µmol+1mol_a-1]	[µmol+1mol_d-1]	[s]	[1=default]	[K]	[K]	[Pa]	[kg+1m-3]	[J+1kg-1K-1]	[m+3mol-1]	[mm]	[kg+1m-3]	[Pa]	[Pa]	[kg+1kg-1]	[%]	[Pa]	[K]	[m+1s-1]	[m+1s-1]	[m+1s-1]	[m+1s-1]	[m+1s-1]	[m+1s-1]	[m+1s-1]	[m+1s-1]	[deg_from_north]	[deg]	[deg]	[deg]	[m+1s-1]	[m+2s-2]	[m]	[#]	[#]	[K]	[0=KJ/1=KM/2=HS]	[m]	[m]	[m]	[m]	[m]	[m]	[m]	[kg+1m-1s-2]	[#]	[W+1m-2]	[#]	[W+1m-2]	[#]	[µmol+1s-1m-2]	[#]	[mmol+1s-1m-2]	[#]	[µmol+1s-1m-2]	[#]	[µmol+1s-1m-2]	[#]	8u/v/w/ts/co2/h2o/ch4/none	8u/v/w/ts/co2/h2o/ch4/none	8u/v/w/ts/co2/h2o/ch4/none	8u/v/w/ts/co2/h2o/ch4/none	8u/v/w/ts/co2/h2o/ch4/none	8u/v/w/ts/co2/h2o/ch4/none	8u/v/w/ts/co2/h2o/ch4/none	8u/v/w/ts/co2/h2o/ch4/none	8co2/h2o/ch4/none	8co2/h2o/ch4/none	8aa	8U	[#]	[#]	[#]	[#]	[#]	[#]	[#]	[#]	[#_flagged_recs]	[#_flagged_recs]	[#_flagged_recs]	[#_flagged_recs]	[#_flagged_recs]	[#_flagged_recs]	[#_flagged_recs]	[#_flagged_recs]	[#_flagged_recs]	[#_flagged_recs]	[#_flagged_recs]	[#_flagged_recs]	[#_flagged_recs]	[#_flagged_recs]	[#_flagged_recs]	[#_flagged_recs]	[#_flagged_recs]	[#_flagged_recs]	[#_flagged_recs]	[#_flagged_recs]	[#_flagged_recs]	[#_flagged_recs]	[#_flagged_recs]	[#_flagged_recs]	[#_flagged_recs]	[#_flagged_recs]	[#_flagged_recs]	[#_flagged_recs]	[#_flagged_recs]	[#]	[#]	[m+2s-2]	[m+2s-2]	[m+2s-2]	[K+2]	--	--	--	--	[m+1s-1K+1]	--	--	--	--	--	--	--	--	--	--	--	--	--	--	--	--	--	--	--	--	--	--	207
DATA	2025-05-22T233000_AIU-0547.ghg	2025-05-23	00:00:00	143	0	18000	18000	0.4301243487207792	0	NaN	32.29507270453817	0	NaN	96.18519419050034	1	NaN	-1.2073627905017192	1	NaN	2.164127359594666	1	NaN	-0.048917925013822715	1	NaN	NaN	NaN	NaN	NaN	NaN	NaN	NaN	NaN	NaN	-2.351184309060541e-10	-5.516373202358815e-12	-1.3049799294828998e-12	NaN	15.86670064546087	403.0991054336806	406.94783630489775	0.1	0	372.26618905704817	9.457553346796809	9.547852672797145	0.4	0	0.08806509047226996	2.072220345430515	2.0920055999942586	-0.6	0	NaN	NaN	NaN	NaN	9	287.72583342742917	287.3669413474893	94930.89106256809	1.1467597235361626	1010.5443340794241	0.025167453119009982	0.14023545290173436	0.006771647231184815	898.054795575561	1616.2929247767704	0.005905027088241013	55.562626168124396	718.2381292012094	278.5718903876775	-0.41413494621382635	-0.6998495334726444	0.15225098091426445	0.8273315444045604	-7.734331646329721e-14	-1.4818356768665485e-14	0.8273315444045604	7.63646740656974	92.61486331352296	239.38513668647704	10.604384221701608	NaN	0.6124361227744104	2.031848697686741	-597.7496234890298	-0.004851529613808653	0.3357592920234263	0.04550379996189779	0	80.25141579273415	-12.178461958491061	27.547714109545907	68.59770319746686	104.61582563113447	146.7251829454305	219.8210608811974	0.4238184447752798	1.0148787860066897	37.214996320678004	1.0162293536752731	88.54664690374396	1.0862657994837455	-1.1114800733628232	1.0862657994837455	1.992263183304842	1.0862657994837455	-0.06137255275451524	1.1495724079359102	NaN	NaN	800000009	800000009	800000009	800000019	800001019	800111119	899999999	899999999	89999	89999	89	89	3	7	5	57	22	10	0	NaN	0	0	0	0	0	0	0	0	0	NaN	NaN	NaN	NaN	0	0	0	0	0	0	101	0	18000	0	0	16	18000	18000	18000	18000	73	NaN	2.096814360765235	1.6218371140103538	0.3450459205978931	0.02341088838491647	0.20499105911340212	0.05853505002460612	2.8818411815701957e-7	NaN	0.032113687559241974	-0.028240278219299027	0.05061905105718374	-0.00006137255275451524	NaN	403.09924927029124	9.457504164459817	95325.12134787327	11.466364628261989	5.413208568308076	76.27099972343444	75.89061121580337	76.65138797865974	-0.7607768529554215	0.00028289510349633116	-1	0	2.064102927446365	39.40140722511433	1.0001256651679675	-273.1499938964844	9.000867502397961	-273.1499938964844	228
DATA	2025-05-23T000000_AIU-0547.ghg	2025-05-23	00:30:00	143.02	0	18000	18000	0.2149071319456438	1	NaN	-45.22712705650654	2	NaN	98.86702677980523	1	NaN	-1.8825783063296533	1	NaN	2.2221021722396257	1	NaN	0.15350693014716604	1	NaN	NaN	NaN	NaN	NaN	NaN	NaN	NaN	NaN	NaN	-7.456777697206296e-10	-1.9137904800674967e-11	-4.17770592656014e-12	NaN	15.91886216751476	403.3098884526912	407.52821058638585	0.1	1	408.5594087257063	10.350994174427655	10.459257891935922	0.1	1	0.08918641204261253	2.0887079321659643	2.11055426708942	-0.9	0	NaN	NaN	NaN	NaN	9	286.6304887432521	286.2591755091012	94959.25739918776	1.151151015543066	1011.0158866070988	0.02506294647164148	0.14399222076112775	0.007442258173041567	983.1863787615557	1503.9013145726553	0.006465058078874746	65.37572440655359	520.7149358110996	279.8825174136842	0.4938784879167873	0.09341460320645888	0.10657675553318523	0.5138101339394283	1.8530979208938355e-13	-4.6842403802095627e-14	0.5138101339394283	5.651547355750234	321.28932622091014	10.710673779089841	11.971457693517861	NaN	0.4320751244109088	2.071733185686472	149.93393950209975	0.019341851548957577	-0.4574541030472732	-0.08993929035565033	0	69.30729814179196	-10.51764988228446	23.790952671117967	59.242836034544325	90.34906295102671	126.71584543220753	189.8434271077062	0.21232686351810096	1.012152340899261	-39.30040141560381	1.0149132769935814	90.07628092836923	1.0975922380546173	-1.7151891577389	1.0975922380546173	2.0245243134901356	1.0975922380546173	0.14691832422629567	1.1787687910796232	NaN	NaN	800000009	800000009	800000009	800000019	800000019	800011119	899999999	899999999	89999	89999	89	89	7	5	0	45	48	2	0	NaN	0	0	0	0	0	0	0	0	0	NaN	NaN	NaN	NaN	0	509	0	0	0	0	101	0	14912	0	0	16	18000	18000	18000	18000	73	NaN	2.6776541205704976	1.218036863722786	0.24777538707966051	0.46553363748884635	0.6996839608735873	0.16730472241987235	0.000003380493992569309	NaN	-0.03376810623102346	-0.04343743529481557	0.051271396786310396	0.00014691832422629566	NaN	403.30966834295015	10.350829142915986	95343.56266015625	11.460000038146973	6.716158120910412	75.67193327713022	75.25857858361144	76.08528838009303	-0.826708061340765	0.00028166243603401306	-1	0	2.074531867067024	33.890495149744254	1.0001356452074315	-273.1499938964844	9.000919249110751	-273.1499938964867	105
DATA	2025-05-23T003000_AIU-0547.ghg	2025-05-23	01:00:00	143.041	0	18000	18000	0.1879192022440403	1	NaN	40.81490368007966	1	NaN	23.42447289369434	1	NaN	1.849518522650431	1	NaN	0.5261090151591289	1	NaN	-0.011700696561460475	1	NaN	NaN	NaN	NaN	NaN	NaN	NaN	NaN	NaN	NaN	1.4636074839634932e-10	3.862914150951031e-12	8.214141548095406e-13	NaN	15.994475283441966	403.74715591048755	408.09588270464485	0.1	0	422.1438164700283	10.656139839824409	10.770916229367584	0.1	1	0.08976510806703605	2.095467180871608	2.118037282338165	-0.3	0	NaN	NaN	NaN	NaN	9	285.8527561789618	285.52335359448114	94948.1524685824	1.1538490031809876	1011.1707714894616	0.02500144657970045	0.03409186418231155	0.007680501309858274	1012.0521897245845	1433.0987861384785	0.006656418031028575	70.61984836729819	421.046596413894	280.30421210960674	-0.591739243486168	-0.2652703933349034	0.07159486453849444	0.6524182236033101	1.1630529469378276e-13	9.15070646599248e-15	0.6524182236033101	4.517923034984913	127.85381515608503	204.14618484391497	6.3001943994442575	NaN	0.40356276641187977	0.7817471996112544	-135.36787447593738	-0.021423103607314864	1.7424043591207838	0.0866830529655111	0	88.46797073627812	-13.425355870845708	30.36819153432697	75.62109078203753	115.3269348467336	161.74766591802148	242.32747782894685	0.18464339020534473	1.0177412905766758	41.5182297173988	1.0180259733902495	21.539373966896775	1.0875187426382362	1.700677376983538	1.0875187426382362	0.48377006715565124	1.0875187426382362	-0.024977108091143594	1.1517795727451947	NaN	NaN	800000009	800000009	800000009	800000019	800001019	800111119	899999999	899999999	89999	89999	89	89	9	2	3	59	34	3	1	NaN	0	0	0	0	0	0	0	0	0	NaN	NaN	NaN	NaN	0	0	0	0	0	0	101	0	17901	0	0	16	18000	18000	18000	18000	73	NaN	0.9950171987601348	0.45105666008849843	0.11742054037387556	0.06610987445442441	2.005772139368714	0.058693256033689856	2.935549497510451e-7	NaN	0.035584866487337996	0.04297749159710309	0.012225260521186583	-0.000024977108091143595	NaN	403.74654956382926	10.656078088296132	95343.270421875	11.460000038146973	7.146053200880661	74.95871846262612	74.47068314022488	75.44675500700208	-0.9760709287275868	0.000280266789134152	-1	0	2.0862714987960147	38.2408865640729	1.0001675701306927	-273.1499938964844	9.001063617441389	-273.1499938964844	126
DATA	2025-05-23T010000_AIU-0547.ghg	2025-05-23	01:30:00	143.062	0	18000	18000	0.07986358171102445	0	NaN	25.51413565089939	0	NaN	64.55745095115837	0	NaN	3.293360481066328	1	NaN	1.4506768166049808	0	NaN	0.003018820899074246	1	NaN	NaN	NaN	NaN	NaN	NaN	NaN	NaN	NaN	NaN	1.1579017948789444e-11	2.9219470947841336e-13	6.434082048883985e-14	NaN	16.000599208688108	404.47052559440704	408.6414266976251	0	0	403.7726219909644	10.206750541482213	10.312002579393202	0.1	1	0.08891010325342014	2.0801196578752994	2.101569857152756	-0.7	0	NaN	NaN	NaN	NaN	9	286.3605496665107	286.0474488011811	94940.70672136235	1.1518410944674908	1010.9317311675702	0.02504930257484493	0.09400385771600275	0.00734254566007626	969.2960434153157	1483.2200882983982	0.006374616859342739	65.3507898836056	513.9240448830825	279.6756889422108	-0.6709450176012061	-0.8655212515891316	0.06531781974725258	1.0970691278004463	3.8481907463395596e-14	7.236615202824526e-16	1.0970691278004463	4.342454340359197	99.78255099867283	232.21744900132717	3.413321811204637	NaN	0.26331652029636055	0.5674207937186962	-60.14529647382432	-0.04821657170252875	0.39521597081338267	0.08321245893141407	0	69.89685154360063	-10.607116885520508	23.993327276038098	59.746777415226994	91.1176053533583	127.79373707912738	191.45830521236684	0.07889872641392846	1.0122290351308594	28.79253074427581	1.0146635768524646	59.439253510652286	1.0861080369993013	3.032258641750983	1.0861080369993013	1.3356652995708511	1.0861080369993013	-0.00908101745648155	1.1481192263887177	NaN	NaN	800000009	800000009	800000009	800000019	800000019	801111119	899999999	899999999	89999	89999	89	89	8	5	2	44	23	0	5	NaN	0	0	0	0	0	0	0	0	0	NaN	NaN	NaN	NaN	0	75	0	0	0	0	101	0	17901	17997	0	16	18000	18000	18000	18000	73	NaN	0.6661311291185934	0.3786157594182688	0.09009469890053023	0.039590153508946624	1.5794271695425095	0.09375953423493963	5.41052697977116e-8	NaN	0.0247266591327809	0.07673943456902381	0.03380259139218584	-0.00000908101745648155	NaN	404.4695821999444	10.206652783348765	95339.72924761285	11.45939446873135	6.515901908291701	75.38035867097642	74.91035869216917	75.85035895495943	-0.9399992069833816	0.00028088668009796595	-1	0	2.07038921650516	36.083305932165416	1.0001549585908651	-273.1499938964844	9.00101653848754	-273.1499938964844	054
DATA	2025-05-23T013000_AIU-0547.ghg	2025-05-23	02:00:00	143.083	0	18000	18000	0.08269860402804002	0	NaN	20.51205548687906	0	NaN	40.92048886161216	0	NaN	0.08258793402468857	2	NaN	0.9196201967601166	0	NaN	-0.008302319383645727	0	NaN	NaN	NaN	NaN	NaN	NaN	NaN	NaN	NaN	NaN	-2.1433537382931888e-11	-5.314739265478253e-13	-1.2068687030710207e-13	NaN	16.001266319540196	404.7795467930521	408.88353680419925	0	0	396.7733225107148	10.03706347099132	10.138827526395183	0.1	1	0.09009911516488966	2.108810617624685	2.130191484762612	-0.3	0	NaN	NaN	NaN	NaN	9	286.4385725055271	286.15155161774436	94929.58371386843	1.1513613105488492	1010.8398050292273	0.025061355028383685	0.059591388750055554	0.007217003495676211	953.0698393489567	1493.357277071316	0.006268235200847504	63.820617743803474	540.2874377223593	279.43073988376386	-0.5438956877307709	-0.5240720689670493	0.08696209862692915	0.7602870899871249	3.4123766607995636e-14	-1.3394900725299465e-15	0.7602870899871249	4.396368422725879	108.06340220735353	223.93659779264647	6.5679006923281555	NaN	0.2680052326566861	0.5794566711137431	-78.87166245367709	-0.03676859229007919	0.50126613971422	0.06576153504163634	0	68.65801316350236	-10.419118381871534	23.568074148902987	58.68783700067911	89.50265440604738	125.52874541307133	188.06493496109454	0.08141023543924712	1.0158256339862124	22.49678946496398	1.0168161651110552	37.65916858811575	1.0866009632120661	0.07600576183970337	1.0866009632120661	0.846327426437813	1.0866009632120661	-0.016710478291687713	1.1502569311589537	NaN	NaN	800000009	800000009	800000009	800000019	800001019	800111119	899999999	899999999	89999	89999	89	89	3	10	6	55	23	6	0	NaN	0	0	0	0	0	0	0	0	0	NaN	NaN	NaN	NaN	0	0	0	0	0	0	101	0	17601	18000	0	11	18000	18000	18000	18000	73	NaN	0.6121619519637388	0.4491523547816957	0.0975990354820518	0.03244544777593343	1.5601250664324413	0.05852061408318058	8.675707851161451e-8	NaN	0.019329765127955787	0.0019241251280958088	0.021425216041384375	-0.000016710478291687713	NaN	404.77896286359163	10.03700227375541	95328.61462152778	11.4399995803833	6.273248457034432	75.57541043641831	75.11183149761624	76.03898895539177	-0.9271520737128124	0.0002810321669838029	-1	0	2.0998819622291136	38.159934131632816	1.0001584779222805	-273.1499938964844	9.00107795908716	-273.1499938964844	230
DATA	2025-05-23T020000_AIU-0547.ghg	2025-05-23	02:30:00	143.104	0	18000	18000	0.07876721648076383	0	NaN	27.504286674924845	0	NaN	83.15036587115311	0	NaN	1.9571187901343539	0	NaN	1.8688862062303815	0	NaN	0.0027884462936462826	1	NaN	NaN	NaN	NaN	NaN	NaN	NaN	NaN	NaN	NaN	5.6799653030225955e-11	1.3630291075986247e-12	3.199679553522535e-13	NaN	15.996058522143333	404.9623820743887	408.93640071780504	0.1	1	383.8596225390651	9.717938135222997	9.813303208707401	0.1	1	0.0901101655726933	2.109999191664878	2.130705253502813	-0.1	0	NaN	NaN	NaN	NaN	9	286.56414281103343	286.27391394522414	94912.70990021265	1.1508039956624936	1010.6656697006669	0.02507652898166024	0.12110382616372871	0.006983312894907589	922.6032552475947	1505.3503384308524	0.006068203552671403	61.2882750077499	582.7470831832577	278.96070190800964	0.6424909824773732	-0.744737201226843	0.14833028828884895	0.9947009781234543	2.3490351473304318e-14	3.5508530399284447e-15	0.9947009781234543	5.726024653191042	21.215386466800396	310.7846135331996	8.575960595252258	NaN	0.26162067909947523	1.302708071011513	-54.70648806911365	-0.05301016574736572	0.33077769877218005	0.09038980352396969	0	48.65344018093958	-7.383347253631125	16.701151591044766	41.588228894149616	63.424673123148075	88.9540058696291	133.26931033486304	0.07775142598880815	1.01306458986491	31.77291584484693	1.0151400706027758	76.56677429666718	1.085984967173581	1.8021601120575483	1.085984967173581	1.7209135142030592	1.085984967173581	-0.011265362035923	1.1484743306258507	NaN	NaN	800000009	800000009	800000009	800000019	800011019	800011119	899999999	899999999	89999	89999	89	89	10	5	6	85	28	7	0	NaN	0	0	0	0	0	0	0	0	0	NaN	NaN	NaN	NaN	0	0	0	0	0	0	101	0	17901	604	0	16	18000	18000	18000	18000	73	NaN	0.8601357631098816	1.52526790179153	0.2200124771216148	0.029083287193691527	2.0914298394242077	0.1112950232599981	5.8056517610378007e-8	NaN	0.027317955768848302	0.04563552242294733	0.04357814088766101	-0.000011265362035923	NaN	404.96167872619077	9.717807001283147	95310.18167447917	11.450908163388569	5.799000157912587	75.74983754518293	75.29476997905309	76.2049042693244	-0.910128433984189	0.00028171577004185464	-1	0	2.101471836571892	39.03126917632418	1.0001595474564366	-273.1499938964844	9.0010065246688	-273.1499938964844	176
DATA	2025-05-23T023000_AIU-0547.ghg	2025-05-23	03:00:00	143.124	0	18000	18000	0.24350650128315113	0	NaN	37.0331396195032	0	NaN	75.1037344215692	0	NaN	2.4429057716202642	1	NaN	1.6878090758531834	0	NaN	-0.006103063420435663	1	NaN	NaN	NaN	NaN	NaN	NaN	NaN	NaN	NaN	NaN	1.3179487339947326e-10	3.140373052005466e-12	7.435317200057619e-13	NaN	15.97641898719905	404.48384627154996	408.4201725654002	0.1	0	380.6818456653935	9.637933085246802	9.731726817114048	0.1	1	0.09013229409219417	2.1091557486338055	2.1296814761942557	-0.3	0	NaN	NaN	NaN	NaN	9	286.41770015886095	286.13739314090736	94893.0414231853	1.1511494237835513	1010.6186706386287	0.025069765400018613	0.10937002811528627	0.006927689764968847	914.8181079598361	1491.9750029130057	0.006018063008883066	61.31591388419377	577.1568949531696	278.83839609254824	-0.11254547273256482	-1.1657659613547633	0.1518201184325754	1.1809852278698814	-1.2896516498750043e-15	8.249337570895744e-15	1.1809852278698814	7.959776270118379	67.51436422479424	264.48563577520576	7.386028945732891	NaN	0.45992755555473624	1.8157672474844866	-220.71380559536487	-0.013139187157674117	0.4930931851088829	0.06921210923996823	0	81.70279470832618	-12.398714308387843	28.045925524714136	69.8383200650369	106.5078446323996	149.37876649669616	223.79661258722632	0.24070110592978242	1.0116550995581512	40.76738920501622	1.0143511501260187	69.13521662543764	1.0863310782472548	2.248767268595298	1.0863310782472548	1.5536783487556902	1.0863310782472548	-0.0220322303244631	1.1479629258008242	NaN	NaN	800000009	800000009	800000009	800000019	800011019	810011119	899999999	899999999	89999	89999	89	89	7	11	2	52	32	2	1	NaN	0	0	0	0	0	0	0	0	0	NaN	NaN	NaN	NaN	0	0	0	0	0	0	101	0	17901	0	0	16	18000	18000	18000	18000	73	NaN	1.3111514078658593	2.1343142524298306	0.18606883467328356	0.051271819023408084	1.960001777729678	0.07651948887977338	8.173689198172596e-8	NaN	0.03504240315684714	0.056924852952887406	0.039329508559704726	-0.0000220322303244631	NaN	404.4801748951738	9.637855025077975	95287.73608506944	11.470000267028809	5.678479947328559	75.8023557940589	75.34905770047506	76.25565541182624	-0.9065914195527636	0.0002811905169283919	-1	0	2.1006157260371583	37.20715870454576	1.0001497736689118	-273.1499938964844	9.000952699661255	-273.1499938964844	105
DATA	2025-05-23T030000_AIU-0547.ghg	2025-05-23	03:30:00	143.145	0	18000	18000	0.1824886020825436	0	NaN	31.048843706817305	0	NaN	82.03406007693982	0	NaN	2.562409062046624	0	NaN	1.8428168874105841	0	NaN	0.0042638616863739645	0	NaN	NaN	NaN	NaN	NaN	NaN	NaN	NaN	NaN	NaN	-2.1312132754561165e-10	-5.188018826952074e-12	-1.2153952360255531e-12	NaN	15.973293334196233	403.95893664567	407.97075147600697	0.1	0	388.8383556005326	9.833584431782175	9.931244159739618	0.1	1	0.09109301657228991	2.1277484764944967	2.1488796661250777	-0.3	0	NaN	NaN	NaN	NaN	9	285.9923033667671	285.7203229254894	94888.0280532432	1.1526832721094917	1010.7185770523997	0.025034546649758595	0.11941453430420584	0.0070782665640387364	933.3397267903722	1451.7582510114682	0.006140686462019189	64.290299444835	518.418524221096	279.12788703538877	-0.43205064291124673	-0.831590433560534	0.13412542669478345	0.9466784233915944	-2.7042685540810428e-14	-1.3342353582736341e-14	0.9466784233915944	6.607369727636359	89.45401506585279	242.54598493414719	8.145073973902324	NaN	0.39788986486943895	1.7008298789610254	-170.4469521721763	-0.01701409126442212	0.3784872244247885	0.06697956390258179	0	68.62468359239247	-10.4140604908693	23.55663318568434	58.659347384588095	89.45920594392183	125.46780832716097	187.97364010220988	0.18005431412462244	1.0135197424719093	35.19572047741565	1.0154076204235225	75.53798586818273	1.0859974506084007	2.3594982295870985	1.0859974506084007	1.6968887784940896	1.0859974506084007	-0.011059574804446486	1.1487150352289477	NaN	NaN	800000009	800000009	800000009	800000019	800001019	800111119	899999999	899999999	89999	89999	89	89	5	5	7	58	61	1	0	NaN	0	0	0	0	0	0	0	0	0	NaN	NaN	NaN	NaN	0	0	0	0	0	0	101	0	17802	0	0	21	18000	18000	18000	18000	73	NaN	1.3143051150980631	1.8719713938409792	0.2153832489830085	0.0658139744849699	1.414090555600029	0.07890997629194565	7.081983025870713e-8	NaN	0.030209923192896983	0.0596557557670619	0.042902843182648226	-0.000011059574804446486	NaN	403.9582753453004	9.83350532379035	95282.31588953992	11.470000267028809	5.968046170261192	75.63072333611385	75.16894467947219	76.09250146314832	-0.9235535109986853	0.0002809831603274991	-1	0	2.118886027177174	38.773785343805905	1.0001586301691003	-273.1903688981798	9.001008984724681	-273.1499938964844	137
DATA	2025-05-23T033000_AIU-0547.ghg	2025-05-23	04:00:00	143.166	0	18000	18000	0.22911879325495008	0	NaN	27.204751423464447	0	NaN	53.48885745757342	0	NaN	-0.13166414989191533	2	NaN	1.2009891662996321	0	NaN	0.01333565858724419	2	NaN	NaN	NaN	NaN	NaN	NaN	NaN	NaN	NaN	NaN	-2.4853203527480396e-10	-6.2157428963099105e-12	-1.4066926849028072e-12	NaN	16.02651853485012	404.65403252529126	408.79113239597973	0.1	1	400.82043598696123	10.120326843785483	10.22379499067497	0.1	1	0.09071018294484814	2.114064751593494	2.135678516210798	0	1	NaN	NaN	NaN	NaN	9	285.46506248219805	285.2108824527611	94918.05707633807	1.1549819100569076	1010.8674776280643	0.024982003948997588	0.07782409797621616	0.007299986551199139	960.8594322432067	1403.9300344347105	0.006320433668817772	68.44069210543634	443.0706021915038	279.5487863826529	0.3938239603774932	-0.3668167522371283	0.12247159713565281	0.551952111685622	-6.886052357096896e-15	-1.5507549860836212e-14	0.551952111685622	5.5970037432782185	14.96651788788472	317.0334821121153	12.819953559103197	NaN	0.4453923624937538	1.0841433273541747	-272.92568009879056	-0.010625603273939962	0.5086059548952389	0.052315766169491566	0	77.10939027451978	-11.70164746409	26.46915842494322	65.9119470421611	100.51987803326232	140.9805582004929	211.21456620559553	0.22459091669768783	1.0201605506751505	29.702859099275766	1.019580335571937	49.11904621177695	1.0889636827831715	-0.12090775107890497	1.0889636827831715	1.1028734798851567	1.0889636827831715	0.0005177601303738764	1.1538644290902864	NaN	NaN	800000009	800000009	800000009	800000019	800001019	800111119	899999999	899999999	89999	89999	89	89	3	1	1	55	38	7	0	NaN	0	0	0	0	0	0	0	0	0	NaN	NaN	NaN	NaN	0	0	0	0	0	0	101	0	14786	0	0	16	18000	18000	18000	18000	73	NaN	0.8189301104343035	1.1477036701527925	0.20165287412125324	0.08852465504957226	0.570405329913038	0.066834520670852	2.575944874719132e-7	NaN	0.025440687808945643	-0.0030514074391007704	0.027833751855266084	5.177601303738765e-7	NaN	404.6535125550154	10.120255441505075	95311.96912521702	11.46969803788927	6.38961114096637	75.36578223821847	74.89438477177087	75.83718093130324	-0.9427909361769747	0.0002804505361919938	-1	0	2.1050713039305475	38.97575892713332	1.0001663290328449	-273.1499938964844	9.00103579849667	-273.1499938964844	087
DATA	2025-05-23T040000_AIU-0547.ghg	2025-05-23	04:30:00	143.187	0	18000	18000	0.2320332881912923	1	NaN	62.71429305652464	1	NaN	105.67075341695127	1	NaN	-1.65331483701579	0	NaN	2.371434794512181	1	NaN	-0.04256570083787023	2	NaN	NaN	NaN	NaN	NaN	NaN	NaN	NaN	NaN	NaN	3.9032723215003235e-10	9.855632464930391e-12	2.2203083603662805e-12	NaN	16.011860283101218	403.47722881908146	407.63002718222856	0.1	1	404.29413331172515	10.187665496218845	10.29252227022023	0.1	1	0.09108067365876585	2.1176223731826416	2.1394180486185403	0	0	NaN	NaN	NaN	NaN	9	284.9142614195082	284.6839525911274	94926.55706411671	1.1571937416123166	1010.8947756579245	0.02493361663000136	0.15366897468438934	0.0073628201681111794	967.339419052271	1355.9233735944415	0.006362651216772545	71.3417467307119	388.58395454217055	279.6463447036325	-0.09629316024088715	0.15854661958598826	0.11566745884492195	0.2186054993063329	5.5134361158521364e-14	2.4377381843756184e-14	0.2186054993063329	5.365562518798795	210.7276314081719	121.2723685918281	31.945681539558887	NaN	0.44778764754477085	0.9903521039924937	-120.32034180842768	-0.024102325146460588	0.5934877061874366	0.11972432400822064	0	69.21890808008001	-10.50423634940863	23.760611223230562	59.167281539224504	90.23383757846177	126.5542402088338	189.60131303476504	0.22271087422711447	1.0418588180596475	66.55093657849888	1.033899405948508	95.56840262858653	1.1057080636539058	-1.4952543907044245	1.1057080636539058	2.1447205392312814	1.1057080636539058	-0.06469059964982171	1.1748847536484694	NaN	NaN	800000009	800000009	800000009	800000019	800000019	800011119	899999999	899999999	89999	89999	89	89	5	7	1	38	12	6	0	NaN	0	0	0	0	0	0	0	0	0	NaN	NaN	NaN	NaN	0	0	0	0	0	0	101	0	17132	0	0	16	18000	18000	18000	18000	73	NaN	0.4928535329816288	1.2208763998978391	0.26697427510551947	0.06093646337772914	0.502001828455591	0.07111469667115669	8.40402321175844e-7	NaN	0.05689081343282743	-0.03766593057439354	0.05402618807499635	-0.0000646905996498217	NaN	403.4769783937717	10.187594232655112	95319.570125	11.460000038146973	6.486995290690011	75.088027982076	74.60143440310159	75.57462284406024	-0.9731836886819879	0.0002798967332669741	-1	0	2.108561403254667	39.17500122804294	1.0001636226127546	-273.1499938964844	9.001026420248879	-273.1499938964844	212
DATA	2025-05-23T043000_AIU-0547.ghg	2025-05-23	05:00:00	143.208	0	18000	18000	0.08193358134651406	0	NaN	40.317929346573536	0	NaN	61.37123295040343	1	NaN	-0.18060306158334757	2	NaN	1.376830829354784	1	NaN	-0.022800514657454116	1	NaN	NaN	NaN	NaN	NaN	NaN	NaN	NaN	NaN	NaN	7.505424341560125e-11	1.83827756738659e-12	4.2237154029357157e-13	NaN	16.01786257130435	402.82619596309814	406.84019622387336	0.1	1	392.3199555721508	9.866282383185167	9.964595900170579	0.1	1	0.09014132950471192	2.0922254299312555	2.1130736108725814	-0.1	0	NaN	NaN	NaN	NaN	9	284.5947322023179	284.34599133615177	94942.74915847254	1.1589081176302363	1010.7102622641432	0.02489976952345077	0.08921863774219	0.0071402432630465725	936.9832418691565	1325.8987435254194	0.006161181507337369	70.66778262251164	388.9155016562629	279.1842369898425	0.7671119012804559	-0.09697136054012152	0.1578619184769692	0.789166965322569	1.0394643225725073e-14	4.685659093495988e-15	0.789166965322569	4.420420149707341	339.20460144402585	352.79539855597415	11.539072773402369	NaN	0.2658927322575942	0.6227106558793387	-39.186550149847065	-0.07400498356988738	0.6569515945549942	0.12945417830911862	0	65.07681378327639	-9.875657559566609	22.33876428911756	55.626681633524385	84.83419932383852	118.98117078105729	178.2554750380257	0.08069106008569576	1.0153984996540968	43.14716639393625	1.016550360328348	56.48848725410253	1.0864378908632624	-0.16623413367868078	1.0864378908632624	1.267289037812167	1.0864378908632624	-0.037628514118452236	1.1499410715528322	NaN	NaN	800000009	800000009	800000009	800000019	800011019	800011019	899999999	899999999	89999	89999	89	89	6	5	1	64	24	0	0	NaN	0	0	0	0	0	0	0	0	0	NaN	NaN	NaN	NaN	0	0	0	0	0	0	101	0	17304	0	0	16	18000	18000	18000	18000	73	NaN	0.6033875251484048	0.5322004219809342	0.10983336462933839	0.07349222027347131	0.43584098310498326	0.06716758234502773	5.655542090054822e-7	NaN	0.03683635072367868	-0.004180448161240664	0.0318697250116073	-0.00003762851411845224	NaN	402.82601801801616	9.866214692165459	95330.54586480034	11.460000038146973	6.024071900049823	75.13277722888523	74.6441542248196	75.62140213055082	-0.9772466547091817	0.0002794968865459345	-1	0	2.0834666727648834	38.662980600499516	1.0001485649993023	-273.1499938964844	9.00095330929756	-273.1499938964844	007
DATA	2025-05-23T050000_AIU-0547.ghg	2025-05-23	05:30:00	143.229	1	18000	18000	0.063186924288442	0	NaN	18.752921567260504	0	NaN	52.565358822125745	0	NaN	0.15558230186265917	1	NaN	1.178880015088429	0	NaN	-0.006594738673178958	1	NaN	NaN	NaN	NaN	NaN	NaN	NaN	NaN	NaN	NaN	-2.5195641430145867e-12	-6.053471190176279e-14	-1.4078905831076087e-14	NaN	16.050577320255968	402.68098855781716	406.6148899078369	0	0	385.6290289860018	9.674759699310174	9.76927508822521	0.1	1	0.08968795942456824	2.078160338559893	2.098462458584724	-0.4	0	NaN	NaN	NaN	NaN	9	284.21714777035186	283.995632880946	94962.39429112343	1.1606622903912662	1010.5976290518696	0.02486394440028237	0.0763914249777302	0.00701172629579607	918.9847870732289	1295.3919475921937	0.00604114250445095	70.9426045747304	376.4071605189648	278.90396904426547	-0.15647629889472459	-0.565864918967892	0.06746880517046612	0.5909652936556167	-8.848055991587481e-15	-1.5697654313249375e-16	0.5909652936556167	3.951545902466688	77.45749960115182	254.54250039884818	6.5555881072693465	NaN	0.23332467561653217	0.5885827413766284	-56.93459668911502	-0.0509356378835021	0.3567543718424509	0.06852106697152456	0	66.76890226196666	-10.132438514326989	22.919603507947095	57.073053415236394	87.04000755152514	122.07484818404416	182.89036752953265	0.06200091534319957	1.019128894124827	21.32986019870619	1.0189149137277738	48.29957889604542	1.0883191949822486	0.14295649895727222	1.0883191949822486	1.0832116354500736	1.0883191949822486	-0.015175354149065852	1.1529588749962887	NaN	NaN	800000009	800000009	800000009	800000019	800001019	800101019	899999999	899999999	89999	89999	89	89	0	0	4	12	13	0	0	NaN	0	0	0	0	0	0	0	0	0	NaN	NaN	NaN	NaN	0	0	0	0	0	0	301	151	16703	0	0	16	18000	18000	18000	18000	73	NaN	0.4834491730565381	0.6143981171985782	0.07931819249814048	0.07556254673969734	1.6039428381519805	0.09201671842250354	6.645767971215534e-7	NaN	0.01818460447752055	0.0035891963686223802	0.027196100189673382	-0.000015175354149065852	NaN	402.67945959901965	9.674667995647217	95355.56821484375	11.460000038146973	5.742937805652588	74.975839685652	74.47718375820584	75.4744961535136	-0.9973129143350641	0.00027893484824906213	-1	0	2.0703282527989786	39.30767173124244	1.0001511220782995	-273.1499938964844	9.000900454998016	-273.1499938964844	089
DATA	2025-05-23T053000_AIU-0547.ghg	2025-05-23	06:00:00	143.249	1	18000	18000	0.034112574031898116	1	NaN	17.16561178809248	0	NaN	41.252852713538786	0	NaN	1.6247049978293966	0	NaN	0.9249462503382314	0	NaN	0.006065668995791739	2	NaN	NaN	NaN	NaN	NaN	NaN	NaN	NaN	NaN	NaN	1.969854747409832e-10	4.716492579894807e-12	1.115627809516905e-12	NaN	16.081681498550754	402.9179191949785	406.8428154852222	0.2	0	385.04936244604073	9.647205605837485	9.741180779662521	0.1	1	0.091078649972378	2.107844628124441	2.1283775237024414	-0.1	0	NaN	NaN	NaN	NaN	9	283.98397037732155	283.73725710128815	94972.64972205152	1.1618568176177608	1010.5775853107023	0.024838641045016353	0.05993651702191739	0.0069988791931379045	916.4664452979102	1273.2919041781654	0.006023874101361485	71.97614641942101	356.82545888025516	278.86436820372677	0.34490891836302945	-0.5549259250735763	0.10226675697799495	0.6613345854164117	1.0505847779109763e-13	1.224905957494153e-14	0.6613345854164117	5.08867243297452	30.137376293717068	301.86262370628293	8.895740610201752	NaN	0.17134874986941862	0.5599491339293483	-24.636336173406455	-0.1177123083395163	0.4161072667456739	0.08532102695957167	1	5.250615691861644	2	4	8	12	22	59	0.033523888719058495	1.0175601738143507	19.16585380981902	1.0179107495257205	37.936374134944714	1.0874221286092582	1.4940885927227616	1.0874221286092582	0.8505861946373826	1.0874221286092582	-0.0023141780538710886	1.1516294185580644	NaN	NaN	800000009	800000009	800000009	800000019	800000019	801101019	899999999	899999999	89999	89999	89	89	2	8	5	43	45	2	0	NaN	0	0	0	0	0	0	0	0	0	NaN	NaN	NaN	NaN	0	0	0	0	0	0	101	0	17703	0	0	16	18000	18000	18000	18000	73	NaN	0.444747613310925	0.6011178741621004	0.0740327803856713	0.07027051308699996	2.9513951480298224	0.061031077249361215	4.201459752518247e-7	NaN	0.016323222449707887	0.03747273438781889	0.02133326678273265	-0.000002314178053871089	NaN	402.91752634854345	9.64714374287379	95362.78009244792	11.460000038146973	5.704833981619948	74.82710667398243	74.320340394126	75.33387108718026	-1.013529692901504	0.000278900193703723	-1	0	2.099046068641876	37.825008021372355	1.000139582787951	-291.1976196543372	9.000892353428736	-273.1499938964844	207
DATA	2025-05-23T060000_AIU-0547.ghg	2025-05-23	06:30:00	143.27	1	18000	18000	0.1617858663234793	1	NaN	36.86669066742451	1	NaN	89.8013714719633	1	NaN	0.063080307541435	2	NaN	2.0138334648919147	1	NaN	-0.0616023431581966	1	NaN	NaN	NaN	NaN	NaN	NaN	NaN	NaN	NaN	NaN	-6.797138705573997e-10	-1.6383188657036286e-11	-3.862715245924086e-12	NaN	16.0335156021667	401.6898074101878	405.6169731622934	0.1	1	386.4568935902703	9.681956160484058	9.776612897960131	0.1	1	0.09111614143089783	2.1105287032633036	2.1311625254051427	-0.1	0	NaN	NaN	NaN	NaN	9	284.1471862843831	283.9249804853907	94993.3049066114	1.161325833788495	1010.6003281863129	0.024849670090710225	0.13049640852499605	0.007020972607055652	919.9677190711698	1289.3154419500288	0.0060456526521516585	71.35319171232153	369.34772287885903	278.9193996219923	0.3376961436312932	-0.1545337583208212	0.1679461114443993	0.4075846712444531	-4.756973803377577e-14	-4.239331456823768e-14	0.4075846712444531	3.2712468997684807	356.58939399956296	335.41060600043704	24.333808586410107	NaN	0.3732443530676347	0.528892699203097	-118.5795090325243	-0.024456164675168122	0.4105359424152512	0.0841603217436994	0	75.53870554425079	-11.463289996531207	25.929993184327028	64.5693493586254	98.47233185304671	138.10884556935977	206.91221738960257	0.15775484028229955	1.0255524713787945	41.02445621874701	1.0230960860548934	82.17945353635415	1.0927472452982108	0.057726347801700814	1.0927472452982108	1.8429087545696257	1.0927472452982108	-0.07412358674002013	1.158835153667997	NaN	NaN	800000009	800000009	800000009	800000019	800001019	800001019	899999999	899999999	89999	89999	89	89	4	0	0	28	11	3	0	NaN	0	0	0	0	0	0	0	0	0	NaN	NaN	NaN	NaN	0	0	0	0	0	0	101	0	17603	0	0	16	18000	18000	18000	18000	73	NaN	0.401479332304498	0.5072156579456667	0.14909040815602928	0.07742374954908615	1.344782504655398	0.08170694036829483	2.1285329259165943e-7	NaN	0.034955000378579584	0.0014485088595871012	0.04624352241327974	-0.00007412358674002013	NaN	401.6898348058182	9.681873302405677	95391.33800043403	11.460000038146973	5.759737995518584	74.7500968483819	74.24060627026029	75.259586804284	-1.0189747050801918	0.0002782248248663059	-1	0	2.101949964894189	37.335124261308614	1.0001470002730688	-273.1499938964844	9.00088879330953	-273.1499938964844	104
DATA	2025-05-23T063000_AIU-0547.ghg	2025-05-23	07:00:00	143.291	1	18000	18000	0.06232245640289071	0	NaN	21.252397016180538	0	NaN	33.82678204296267	0	NaN	-1.0127584687441145	2	NaN	0.7585420764675552	0	NaN	0.0003876738461449257	0	NaN	NaN	NaN	NaN	NaN	NaN	NaN	NaN	NaN	NaN	-2.0024038273521247e-10	-4.778124104319202e-12	-1.1314128015097701e-12	NaN	16.074640506612432	403.23578886526906	407.1534142999941	0.1	1	383.5721157928259	9.621988413042004	9.715470558180064	0.1	1	0.0908261051063732	2.103246795146751	2.123680827461586	-0.4	0	NaN	NaN	NaN	NaN	9	284.0520119739109	283.87306508256563	94999.79928356782	1.161644067559015	1010.566157544931	0.024843427890322737	0.049153526555097575	0.006979239537284852	914.3321621005516	1284.8664303000467	0.0060080705718667015	71.16165077851971	370.53426819949505	278.83073137492084	-0.9441822565175452	-0.7034590057612085	0.05230033869954018	1.1785881518737207	4.05424607836164e-14	-1.245691203189533e-14	1.1785881518737207	3.9640994075067675	115.31220255565808	216.68779744434192	2.5433591975993513	NaN	0.23162516505650022	0.46602379717931847	-49.16202557193793	-0.05898861908682913	0.6282713203162017	0.07815996378583544	0	70.04648108333218	-10.629823745449228	24.04469025502296	59.87467849528504	91.31266257052006	128.0673075996507	191.86816370318653	0.06160352630839743	1.011670275024423	22.86368311580394	1.0143592332700953	31.13875678962272	1.0863241031586641	-0.9322802152684952	1.0863241031586641	0.6982649784368871	1.0863241031586641	-0.008413036983201764	1.147965914389042	NaN	NaN	800000009	800000009	800000009	800000019	800001019	800011119	899999999	899999999	89999	89999	89	89	10	2	4	57	30	3	0	NaN	0	0	0	0	0	0	0	0	0	NaN	NaN	NaN	NaN	0	0	0	0	0	0	101	0	18000	0	0	16	18000	18000	18000	18000	73	NaN	0.47007352078375375	0.39263265294554334	0.06934142062933975	0.03826265564371988	0.6630867017448328	0.04041127943777166	9.941471398843237e-9	NaN	0.019476385552680164	-0.023386117613791883	0.017515878427832948	-0.000008413036983201763	NaN	403.23499688021803	9.621946635527893	95395.10502278646	11.460000038146973	5.673299153221991	75.02604717720882	74.52873658921983	75.523357266744	-0.9946171463297482	0.00027918632863050644	-1	0	2.094701386302889	35.143875842527095	1.000137550228172	-290.0671196068629	9.000874002456666	-273.1499938964844	022
DATA	2025-05-23T070000_AIU-0547.ghg	2025-05-23	07:30:00	143.312	1	18000	18000	0.08998617803075837	0	NaN	18.26630105132296	0	NaN	39.16051368578254	0	NaN	-0.20427622858133393	1	NaN	0.8781604579888548	0	NaN	-0.0000029488842143344115	0	NaN	NaN	NaN	NaN	NaN	NaN	NaN	NaN	NaN	NaN	1.4604541480827285e-10	3.519453094552575e-12	8.236916246773189e-13	NaN	16.092136062165018	403.6204109048926	407.58481919073364	0.1	1	387.79387998108933	9.726584747961152	9.822120434774668	0.1	1	0.09075914991904518	2.1019348199055883	2.122580276852747	-0.4	0	NaN	NaN	NaN	NaN	9	284.05521712218393	283.88870904032586	95003.22282145651	1.1615758032459567	1010.6243861257658	0.024843901678967103	0.05690479767767779	0.007054973185220322	924.3047665833034	1286.2056509477313	0.006073622716232213	71.86290667454587	361.90088436442795	278.9873115025382	-0.5527610799065239	-0.8664055000300438	0.08188510700680812	1.0309745257237246	5.355237719134256e-14	9.075576681932681e-15	1.0309745257237246	4.265675769870699	94.53761100150166	237.46238899849834	4.555513000801569	NaN	0.2783326310135183	0.6737177223607782	-99.25243832138669	-0.02921842575403122	0.46644692145482886	0.05590480745757717	0	72.31302605476954	-10.973780689251312	24.82272179842706	61.81208704687906	94.26733285483526	132.2112746848806	198.0765815265318	0.08885338598707683	1.012749002540503	20.192986039006424	1.014957709661756	36.0591414220979	1.0860079342261888	-0.1880982837633562	1.0860079342261888	0.8086132985893596	1.0860079342261888	-0.00817653355058355	1.1483253050410738	NaN	NaN	800000009	800000009	800000009	800000019	800011019	800111119	899999999	899999999	89999	89999	89	89	6	4	3	69	45	1	0	NaN	0	0	0	0	0	0	0	0	0	NaN	NaN	NaN	NaN	0	0	0	0	0	0	101	0	17901	0	0	16	18000	18000	18000	18000	73	NaN	0.546564889162412	0.7084062806243137	0.09246427493483077	0.034644651398826186	0.5925314307891395	0.035456117570749644	1.773722538886173e-8	NaN	0.017201377022412707	-0.004719007405396409	0.020286480385678984	-0.000008176533550583551	NaN	403.6202449657644	9.726547920264776	95400.04969422743	11.460000038146973	5.8304796050919405	74.92961141565111	74.4281200650533	75.43110205035741	-1.0029706313179596	0.00027883734923185946	-1	0	2.093316366831462	40.28591945009191	1.000146261162228	-273.1499938964844	9.000866578737895	-273.1499938964844	186
DATA	2025-05-23T073000_AIU-0547.ghg	2025-05-23	08:00:00	143.333	1	18000	18000	0.08536610854743902	0	NaN	21.11050220466136	0	NaN	38.98477404840965	0	NaN	1.497153663741795	1	NaN	0.8745360990126041	0	NaN	0.01903974329595207	2	NaN	NaN	NaN	NaN	NaN	NaN	NaN	NaN	NaN	NaN	-8.782199058519306e-11	-2.119785951261596e-12	-5.000520639006239e-13	NaN	16.050950505628936	403.1128617899621	407.07371224551724	0	0	387.4266474661761	9.730057079112616	9.825661324641406	0.1	1	0.09139295151959084	2.1202573208757087	2.141090251231725	0	1	NaN	NaN	NaN	NaN	9	284.3907868075901	284.2666476346826	95023.77566200451	1.1602808935749187	1010.6333794412272	0.02487159547144536	0.05666993921601674	0.0070496334572136415	924.8347716751962	1318.9352111608368	0.006075798969241969	70.11980299329637	394.10043948564066	278.99559131155524	-0.6033593916412514	-1.0103673983268904	0.06932624346678888	1.1788515441381624	-3.792374420909633e-14	-5.471451086612884e-15	1.1788515441381624	4.432144546325608	92.8443105050066	239.1556894949934	3.371412014890874	NaN	0.2712446442819273	0.6808377308865495	-79.4977322651835	-0.036479027984425566	0.5415063372804785	0.06637134434590615	0	75.2951224893681	-11.426325328203319	25.84637900392218	64.36113822692487	98.15479673987038	137.6634980582034	206.24500566494856	0.08438149426495076	1.0116686044856786	23.009414779530413	1.0143583429535565	35.886852530568454	1.086324692732593	1.3781824842587196	1.086324692732593	0.8050411675838411	1.086324692732593	0.008656967495155304	1.1479655807597096	NaN	NaN	800000009	800000009	800000009	800000019	800001019	800111019	899999999	899999999	89999	89999	89	89	13	10	3	46	35	0	0	NaN	0	0	0	0	0	0	0	0	0	NaN	NaN	NaN	NaN	0	0	0	0	0	0	101	0	17901	0	0	16	18000	18000	18000	18000	73	NaN	0.485663212794968	0.7966356857883572	0.07937656318977375	0.051709846773531666	1.0040923166836067	0.07167866053082678	6.340937636709864e-7	NaN	0.019622249526191526	0.03461448852673317	0.020219447407842383	0.000008656967495155303	NaN	403.1122386813693	9.729985002716607	95424.64142925348	11.460000038146973	5.836998113287844	75.08638276841904	74.59359241358436	75.5791729104784	-0.9855810215671863	0.00027909059306289736	-1	0	2.111486265745429	37.07417409096737	1.0001297147671382	-305.69224526299246	9.00083983066347	-273.1499938964844	246
DATA	2025-05-23T080000_AIU-0547.ghg	2025-05-23	08:30:00	143.354	1	18000	18000	0.04122948734806339	0	NaN	24.209377746942533	0	NaN	40.50909852597066	0	NaN	-1.423023975743826	0	NaN	0.9091578947631496	0	NaN	0.0023275677859772824	0	NaN	NaN	NaN	NaN	NaN	NaN	NaN	NaN	NaN	NaN	8.613136104465802e-11	2.075579741891267e-12	4.865751375624064e-13	NaN	15.98876613021826	402.4943097693729	406.4364356878061	0.1	1	385.29472511773906	9.699243405089927	9.794240124020702	0.1	1	0.09032408155294797	2.1001125692667624	2.1206815760576347	-0.4	0	NaN	NaN	NaN	NaN	9	284.7522199749417	284.75686914384397	95049.56424154283	1.158611315643839	1010.6256347167889	0.02490772713113798	0.05891343158065209	0.007017114337015644	922.1561514187089	1362.4792147166033	0.006056486970452418	67.68221793464336	440.32306329789446	278.95370255214164	-0.9295726364456748	-0.7296750123840364	0.054484013724501644	1.18300440315234	4.412800346496487e-14	5.386992363461523e-15	1.18300440315234	4.720018937317531	113.86959301118912	218.13040698881088	2.639727011261036	NaN	0.18864056326156312	0.45387353060825214	-23.322618605664772	-0.12434281283044375	0.5976281533745249	0.10960250158302778	1	11.793632160992887	5	10	17	27	46	122	0.04075500272600126	1.011642365116551	26.16121070274442	1.0143443753166366	37.28958335179907	1.086338191118895	-1.3099272283506438	1.086338191118895	0.8369013463723897	1.086338191118895	-0.007916376710770152	1.1479604913012516	NaN	NaN	800000009	800000009	800000009	800000019	800000019	800110119	899999999	899999999	89999	89999	89	89	4	5	2	49	23	4	0	NaN	0	0	0	0	0	0	0	0	0	NaN	NaN	NaN	NaN	0	0	0	0	0	0	101	0	15808	0	0	16	18000	18000	18000	18000	73	NaN	0.5181553228378536	0.32374982150529663	0.06584191687335407	0.04337041852702529	0.5408695245167228	0.06464462486790212	4.523809581141355e-8	NaN	0.02234239691758087	-0.03294695623209177	0.021049529647710254	-0.000007916376710770153	NaN	402.494652800298	9.699177836052499	95452.04032465277	11.466968530972798	5.7955972050163655	75.43948832787407	74.96472536765206	75.91425335523816	-0.9495257855719983	0.00027996645680751606	-1	0	2.091507386883099	39.679523284101556	1.000136688162883	-273.1499938964844	9.000879304064645	-273.1499938964844	011
DATA	2025-05-23T083000_AIU-0547.ghg	2025-05-23	09:00:00	143.374	1	18000	18000	0.04011849138578242	1	NaN	33.65694316891725	0	NaN	47.31548859501863	0	NaN	-1.4936150156613694	1	NaN	1.0624663482589627	0	NaN	-0.005227329975262948	0	NaN	NaN	NaN	NaN	NaN	NaN	NaN	NaN	NaN	NaN	-4.9875033781891416e-11	-1.2111282624301326e-12	-2.8303783135206743e-13	NaN	15.907465785330725	401.2287134096619	405.176403819445	0.1	0	386.28507963536384	9.743139957237602	9.839002737953123	0.1	1	0.09027391616167593	2.104132901222234	2.124835470598377	-0.7	0	NaN	NaN	NaN	NaN	9	285.0863346845838	285.29752978695683	95088.70464306665	1.1568725848093029	1010.6604046929068	0.024944746818797995	0.06884781936718078	0.007038411185850486	926.7110714635154	1411.9656461095003	0.006083998599561149	65.63269255289285	485.2545746459849	279.02486948255876	-0.8365330439915327	-0.8804162720888556	0.06293708506798527	1.2160926866507324	-4.5668224592900606e-15	-3.135322398611369e-15	1.2160926866507324	4.870763667474133	105.53590525075475	226.46409474924525	2.966583945615719	NaN	0.1862213762865253	0.5131729620394764	-16.14377070131904	-0.17963585172595725	0.7113303522445429	0.1545803750189431	1	12.126941439719095	5	10	17	27	45	115	0.039664736212544495	1.0114397627859282	35.88527709920903	1.0142379178499707	43.55034824707681	1.0864548849662652	-1.374760274291322	1.0864548849662652	0.9779203563449878	1.0864548849662652	-0.018338945345591093	1.1479285713668315	NaN	NaN	800000009	800000009	800000009	800000019	800000019	800110119	899999999	899999999	89999	89999	89	89	4	0	1	26	6	1	0	NaN	0	0	0	0	0	0	0	0	0	NaN	NaN	NaN	NaN	0	0	0	0	0	0	101	0	11882	0	0	16	18000	18000	18000	18000	73	NaN	0.692188725450896	0.2625108540258022	0.07164634460225444	0.10996020118598884	0.9166097992337773	0.06397734025246589	2.1725687593166059e-7	NaN	0.030692023587955496	-0.034630547759085	0.02463405310605453	-0.000018338945345591094	NaN	401.2286294198907	9.743075190057247	95491.57561762152	11.470303022861481	5.867184719827429	75.61915587488812	75.15336752170984	76.08494583935209	-0.9315747212088784	0.000280545769885066	-1	0	2.0954799470106757	38.43973894768107	1.000146609230174	-273.1499938964844	9.000971769226922	-273.1499938964844	252
DATA	2025-05-23T090000_AIU-0547.ghg	2025-05-23	09:30:00	143.395	1	18000	18000	0.07827686039338698	0	NaN	40.80202469793306	0	NaN	49.555222358165146	0	NaN	0.2119643335492615	1	NaN	1.1127661040073153	0	NaN	0.0007339195406746078	1	NaN	NaN	NaN	NaN	NaN	NaN	NaN	NaN	NaN	NaN	5.889774031957261e-11	1.4338847134124063e-12	3.3406427220624306e-13	NaN	15.89386999739129	401.197566793927	405.1548297780355	0	0	386.9414531451896	9.767285722044814	9.863626581118151	0.1	1	0.0901490292226833	2.1012575813044503	2.121983601437181	-0.1	0	NaN	NaN	NaN	NaN	9	285.41250638834634	285.3037835955587	95118.17447771174	1.1571951511476999	1010.6739158980703	0.02493756497996384	0.07210724353967403	0.00705788603932782	929.2955943417993	1412.5471818609965	0.006099132054198332	65.78864099374543	483.2515875191972	279.06511332844826	0.5045152297223873	-0.9613800849475981	0.14039954412882855	1.0947599356695636	8.956482296901613e-14	3.70568906938585e-15	1.0947599356695636	4.561489119721622	34.31030729644107	297.68969270355893	7.368297838711049	NaN	0.26008385667312045	0.8564321562879607	-36.28669729041654	-0.07991909477983551	0.8233647788528218	0.13413763821742483	0	61.15624811288389	-9.280696593445386	20.9929609637954	52.275441065777144	79.72334600744969	111.81312633529194	167.51643826955402	0.0773298704524769	1.012246107944692	43.062016766847826	1.0146730376837023	45.62665562766898	1.0861024477129066	0.19516053388482077	1.0861024477129066	1.0245498537919295	1.0861024477129066	-0.015115421664271777	1.1481256160626154	NaN	NaN	800000009	800000009	800000009	800000019	800000019	800011019	899999999	899999999	89999	89999	89	89	8	0	0	67	47	1	2	NaN	0	0	0	0	0	0	0	0	0	NaN	NaN	NaN	NaN	0	0	0	0	0	0	101	0	6537	0	0	16	18000	18000	18000	18000	73	NaN	0.7146426483454942	0.8754744156702734	0.12274724856015362	0.06216233387925066	1.1243297525459937	0.09496652687073914	1.4964104085048677e-7	NaN	0.036819399672313305	0.0049148460779546	0.025801860295945195	-0.000015115421664271777	NaN	401.19693386523585	9.767190928564865	95511.00291927083	11.479999542236328	5.903716795444493	75.71870425033569	75.26003193749321	76.1773759786818	-0.9173375058836399	0.00028035362798739993	-1	0	2.0925856494572437	38.20556356196938	1.00017198995418	-273.1499938964844	9.001064669768015	-273.1499938964844	211
DATA	2025-05-23T093000_AIU-0547.ghg	2025-05-23	10:00:00	143.416	1	18000	18000	0.2641007770401821	1	NaN	72.6394144869651	0	NaN	103.06521414645744	0	NaN	-2.377443464579221	0	NaN	2.315878447626257	0	NaN	-0.05098521562895473	1	NaN	NaN	NaN	NaN	NaN	NaN	NaN	NaN	NaN	NaN	-1.1049496478897718e-10	-2.497869867748374e-12	-6.204385542828878e-13	NaN	15.871504760591558	401.209042430421	404.8812370077756	0.1	1	358.7942090666329	9.069806752453053	9.152821070805034	0.4	0	0.08911983896064149	2.0832447649369423	2.1023123315171013	-0.2	0	NaN	NaN	NaN	NaN	9	285.9708093401591	285.9979122900765	95138.09856434018	1.1549340440012164	1010.3022804277994	0.02499300152789623	0.15006892340618144	0.006539347436805554	863.1156283182904	1478.4176639035102	0.005662096005197217	58.38104139255077	615.3020355852198	278.00199565988345	1.2273520691168147	-1.3395613909840862	0.22808811195882453	1.8310767347649402	1.1258317387200471e-13	-6.961845549977887e-15	1.8310767347649402	7.960263025529431	19.503017823592756	312.49698217640724	7.1556369961829	NaN	0.47819634007913336	2.979392545417881	-126.69385368477872	-0.022889823899550483	0.704790797637535	0.13018398772863682	0	61.360114459805935	-9.311634098112208	21.062941683588193	52.449702952872435	79.98910638053441	112.18585903730194	168.07485977795605	0.26171266928314624	1.009124922242309	77.54732480089629	1.0133226679200904	94.51504460025401	1.0904635826218554	-2.1802135371297924	1.0904635826218554	2.123755881932413	1.0904635826218554	-0.07618370380328147	1.1493178262478165	NaN	NaN	800000009	800000009	800000009	800000019	800000019	800011119	899999999	899999999	89999	89999	89	89	5	15	1	77	24	6	1	NaN	0	0	0	0	0	0	0	0	0	NaN	NaN	NaN	NaN	0	0	0	0	0	0	101	0	11185	0	0	16	18000	18000	18000	18000	73	NaN	2.6359100592116222	2.91136147119004	0.4115135604340995	0.10558616488955537	0.5171759319969601	0.10346287460937324	6.737207681073476e-7	NaN	0.06645968886481661	-0.054988953225404286	0.05356498841278701	-0.00007618370380328147	NaN	401.2090302539458	9.069653924186103	95542.27921354167	11.476364250183106	4.841049036423385	76.06023006078934	75.61368680360584	76.50677438820735	-0.8930799158927459	0.00028120966074089254	-1	0	2.0753876000271925	37.27445096953705	1.000157227065828	-273.1499938964844	9.000995224979189	-273.1499938964844	089
DATA	2025-05-23T100000_AIU-0547.ghg	2025-05-23	10:30:00	143.437	1	18000	18000	0.42896300551673433	0	NaN	83.7953752779042	0	NaN	97.4148808317864	0	NaN	-1.633206476868934	0	NaN	2.1909051151931953	0	NaN	-0.021596900170646707	1	NaN	NaN	NaN	NaN	NaN	NaN	NaN	NaN	NaN	NaN	-3.0015836586315514e-10	-6.730186251603077e-12	-1.6675579711697548e-12	NaN	15.79397513725832	400.90955399153245	404.54611663674245	0.1	1	354.13437177159415	8.989241264860379	9.07078070104269	0.4	0	0.08774491112667994	2.059935790935478	2.0786210167532824	-0.1	0	NaN	NaN	NaN	NaN	9	286.76120664469397	286.9443342529719	95146.95727458587	1.1512671294797512	1010.2773148574908	0.025073373477350558	0.14197065146451904	0.006460484087414769	855.5283794490914	1572.5746772747525	0.005611629066778109	54.40303674046875	717.0462978256611	277.87555155253614	0.8515856786412457	-0.32733528734188627	0.22399056254240782	0.9394244677003252	5.101106592001155e-15	-1.9004611774718782e-14	0.9394244677003252	8.377952052652244	353.0259247202749	338.9740752797251	13.794121455320644	NaN	0.6104103196686217	2.2351503429134247	-228.4473396794731	-0.012694391644345231	0.86019070764558	0.1180270294377671	0	79.39298223618505	-12.048191354426876	27.253041648452747	67.86392710460653	103.49677079103299	145.15569262071813	217.46967837619582	0.423210432042453	1.0135927024447835	88.1439119419407	1.0154508370303625	89.70029033230034	1.0860040750248063	-1.5038677242823684	1.0860040750248063	2.017400455097879	1.0860040750248063	-0.05152212708918968	1.148756124961721	NaN	NaN	800000009	800000009	800000009	800000019	800000019	800010119	899999999	899999999	89999	89999	89	89	20	3	1	30	2	6	0	NaN	0	0	0	0	0	0	0	0	0	NaN	NaN	NaN	NaN	0	0	0	0	0	0	101	0	3411	0	0	16	18000	18000	18000	18000	73	NaN	2.3671213480924362	1.7510716533532373	0.3521076843811763	0.15787535721995632	0.32046257177350185	0.09604837565514049	2.321151244997617e-7	NaN	0.075783666800934	-0.03804916195496146	0.051041986874651155	-0.000051522127089189676	NaN	400.90947269626423	8.989125445461937	95553.24374609375	11.470000267028809	4.715177397886905	76.31192870267233	75.88049649047849	76.74336225552028	-0.862865959564846	0.0002817405549204624	-1	0	2.052168161902165	39.098503868120694	1.000146042742663	-273.1499938964844	9.000949536244075	-273.1499938964844	007
DATA	2025-05-23T103000_AIU-0547.ghg	2025-05-23	11:00:00	143.458	1	18000	18000	0.3256478656742626	1	NaN	73.15938996791033	0	NaN	137.3727931725361	0	NaN	-1.9266090096806656	0	NaN	3.0895917719995976	0	NaN	0.009978973452800492	0	NaN	NaN	NaN	NaN	NaN	NaN	NaN	NaN	NaN	NaN	-1.4951640863225223e-10	-3.097228921675375e-12	-8.238296987031975e-13	NaN	15.827352980698928	401.8812817044127	405.25501404876763	0.1	1	327.86324828037203	8.32496138826048	8.394848175179156	0.3	0	0.08720811017758553	2.046788561282355	2.063971040501014	-0.3	0	NaN	NaN	NaN	NaN	9	286.9204367506239	286.9493813171847	95160.63990372192	1.1517026381609172	1009.9117199367354	0.025070209265982083	0.2002055468255739	0.005983827466105765	792.4211544655618	1573.0905980104528	0.00519563580722622	50.37352301690487	780.669443544891	276.78364077857015	0.38773313607571813	-1.7166880513637426	0.16116189764512986	1.7672939788723674	4.493581171906685e-14	-9.446709681308292e-15	1.7672939788723674	11.818964235841433	49.272662452146335	282.72733754785367	5.232147429148617	NaN	0.5317456395050271	4.393368274400871	-172.97332567074486	-0.016765590814390406	0.5325609844448917	0.11828845637566099	0	59.18108923803858	-8.980958613975902	20.314952838110756	50.587104966954726	77.14852692913865	108.20190596746129	162.1061721080352	0.3226547205416445	1.009276619686808	79.9561133906701	1.013351018863703	126.03881392623947	1.0899245152602715	-1.7676536151869158	1.0899245152602715	2.83468417192342	1.0899245152602715	-0.021200314345569484	1.1490421163528937	NaN	NaN	800000009	800000009	800000009	800000019	800000019	800000119	899999999	899999999	89999	89999	89	89	0	11	9	31	25	18	0	NaN	0	0	0	0	0	0	0	0	0	NaN	NaN	NaN	NaN	0	0	0	0	0	0	101	0	1908	0	0	16	18000	18000	18000	18000	73	NaN	3.1352335519372225	5.094525631068138	0.556977365796381	0.0981073553325023	0.485801706651111	0.12341929690808628	3.285020327991263e-8	NaN	0.06874290822561575	-0.04468756811261671	0.0716628760987143	-0.000021200314345569486	NaN	401.8813576767449	8.324785767776927	95555.87374913195	11.470000267028809	3.618073332164081	76.56269468561807	76.14268253114489	76.98270782661437	-0.8400181665834437	0.0002826501033931789	-1	0	2.0396333999368883	37.596800750891376	1.0001204995562634	-273.1903688981798	9.000848785453373	-273.1499938964844	106
DATA	2025-05-23T110000_AIU-0547.ghg	2025-05-23	11:30:00	143.479	1	18000	18000	0.4875599716660461	0	NaN	59.20113899178857	0	NaN	87.44287241182703	1	NaN	-0.22400262602587	2	NaN	1.9678040985421608	1	NaN	-0.09035089984454546	1	NaN	NaN	NaN	NaN	NaN	NaN	NaN	NaN	NaN	NaN	-1.6158759894739922e-10	-3.3858567710295525e-12	-9.046404933733486e-13	NaN	15.744528774758269	400.5273181256981	403.9172037767763	0.1	1	329.9060058194084	8.392526040934962	8.463556660608043	0.3	0	0.08814499609815171	2.0746601071432678	2.092219110511578	-0.3	0	NaN	NaN	NaN	NaN	9	287.6002450756497	287.5654688561866	95175.65862006956	1.1493871209345683	1009.962008303347	0.025120071063697232	0.12751370558553202	0.006020417755402594	798.9784534713442	1637.1963520674256	0.005237937371794617	48.801626784863466	838.2178985960813	276.9006071441389	-0.36328648930757956	-1.1250295051652754	0.17123100636722882	1.1945662469481162	1.394064665625633e-14	-1.0263095279577849e-14	1.1945662469481162	9.433100899739712	79.89593514730848	252.1040648526915	8.241255200323351	NaN	0.6512996702976914	3.131370861512792	-392.83424662145234	-0.007382248429054437	0.67702646721131	0.0783028988360389	0	77.96219668577356	-11.831064127145954	26.761899269150657	66.64091313585811	101.63159732114704	142.53976030891948	213.55053508784255	0.4819832838504034	1.011570293000812	63.370697382647535	1.0143061748827842	80.49037960276551	1.0863766930081993	-0.20619240772333045	1.0863766930081993	1.811346019485443	1.0863766930081993	-0.10752174496291515	1.1479479863474669	NaN	NaN	800000009	800000009	800000009	800000019	800000019	800000119	899999999	899999999	89999	89999	89	89	2	10	7	26	32	23	0	NaN	0	0	0	0	0	0	0	0	0	NaN	NaN	NaN	NaN	0	0	0	0	0	0	101	0	3310	0	0	16	18000	18000	18000	18000	74	NaN	2.641800025310344	3.201435283155518	0.4195064145597216	0.16151909711128357	0.4241472529004775	0.2370160817399188	0.0000016891488782418558	NaN	0.05459050636909769	-0.005223417360011365	0.04588634638702654	-0.00010752174496291516	NaN	400.52736609943366	8.392223024365626	95579.64032291666	11.46969803788927	3.726333730657941	76.58374348809986	76.17240940327116	76.99507442771065	-0.8226671377403866	0.0002829897885821993	-1	0	2.0672006129158897	39.56687692726986	1.0001471167637241	-273.1499938964844	9.00099871026145	-273.1499938964925	006
DATA	2025-05-23T113000_AIU-0547.ghg	2025-05-23	12:00:00	143.499	1	18000	18000	0.09848331907264755	2	NaN	44.59956177253834	1	NaN	134.18872329073156	1	NaN	-0.8580408262456878	1	NaN	3.020002844045172	1	NaN	0.0041014588303023135	1	NaN	NaN	NaN	NaN	NaN	NaN	NaN	NaN	NaN	NaN	1.6335129160060396e-10	3.3469956892467907e-12	9.306827651932252e-13	NaN	15.735540465163043	400.56614003806953	403.880961924846	0.1	1	322.414261857446	8.207422976756481	8.275342210555921	0.2	0	0.08965216110892191	2.1107452368842874	2.128212376038806	-0.3	0	NaN	NaN	NaN	NaN	9	287.6942032911512	287.64664959173587	95181.67390549053	1.1492160469207655	1009.8620302006877	0.025125574562602216	0.19569618429412713	0.005886343582182066	781.4058050044653	1645.8122190226418	0.005122051330517062	47.47843016188685	864.4064140181765	276.58521362045644	0.5858186963573836	-1.2675477872674419	0.09723564879502414	1.3997555891672797	1.6328522528598873e-14	1.0381041055580382e-14	1.3997555891672797	11.359478024809663	37.19518039847708	294.8048196015229	3.9833259254809517	NaN	0.292738941103904	4.148305231680935	-47.34943786080305	-0.06124676724833277	0.3323644541718271	0.13127631242899565	0	39.744370419522426	-6.031361545924953	13.64295623903528	33.972890059036466	51.810800900592035	72.6653849436929	108.8659880124595	0.09745984429346373	1.0105015023018302	51.5438410803955	1.0137814576604067	123.4115770408119	1.0873268659905033	-0.7891286908137354	1.0873268659905033	2.777456290748497	1.0873268659905033	-0.018537313574188526	1.1479943085706057	NaN	NaN	800000009	800000009	800000009	800000019	800000019	800001119	899999999	899999999	89999	89999	89	89	3	20	4	20	22	23	0	NaN	0	0	0	0	0	0	0	0	0	NaN	NaN	NaN	NaN	0	0	0	0	0	0	101	0	603	0	0	11	18000	18000	18000	18000	74	NaN	3.45044164852421	4.389439383256649	0.45672943158100954	0.09564235837529289	0.16450574568444326	0.16360299586114752	3.8063855769102375e-8	NaN	0.04441330111800363	-0.019991433926907123	0.07036283760525092	-0.000018537313574188526	NaN	400.56594751564563	8.207199969150196	95576.0577530382	11.460000038146973	3.4156867186626276	76.59138105265299	76.19206004036796	76.99070066685147	-0.798632158435052	0.0002828957279173968	-1	0	2.10346980577045	39.01486760150067	1.000165878439943	-273.1499938964844	9.001104174137115	-273.1499938964844	024
DATA	2025-05-23T120000_AIU-0547.ghg	2025-05-23	12:30:00	143.52	1	18000	18000	0.5244928311130819	0	NaN	70.52800078692151	0	NaN	134.04293958380234	0	NaN	-2.286419548575991	0	NaN	3.017690070790915	0	NaN	0.0177234013608697	2	NaN	NaN	NaN	NaN	NaN	NaN	NaN	NaN	NaN	NaN	2.3751614071158304e-10	4.611115222440014e-12	1.3372971403051784e-12	NaN	15.717825637530234	400.34265217690387	403.4785736963957	0.1	1	305.144336059596	7.772213257231085	7.833093732181481	0.2	0	0.08849673632247401	2.086340835588088	2.1026833389105275	-0.2	0	NaN	NaN	NaN	NaN	9	288.0666924540202	287.98045082887234	95186.45177769077	1.1481310989096436	1009.6304154832046	0.025153469043925417	0.19554631658725127	0.005568030598499672	740.0078484560274	1681.6590930278844	0.004849647051445184	44.0046292095753	941.651244571857	275.8166651487424	-0.50492744025266	-0.9689935760763646	0.13441395889611096	1.1008939016743042	2.0084839876988717e-14	1.5111259419016198e-14	1.1008939016743042	8.436591304809346	89.52331717583189	242.4766828241681	7.013043121735631	NaN	0.6758869138371182	3.6797566165581586	-368.51239510788236	-0.007869477495189877	0.5261597589989295	0.09001888500872422	0	75.17567626698985	-11.408198903130945	25.805376981053954	64.25903739256796	97.99908652530054	137.44511226827723	205.91782395653797	0.518170675108914	1.0122009143084738	77.1270072935771	1.0146479450134849	123.41516841781387	1.086113978550909	-2.105137760611945	1.086113978550909	2.7784285354812486	1.086113978550909	-0.013554100736199035	1.1481095788711009	NaN	NaN	800000009	800000009	800000009	800000019	800000019	800100119	899999999	899999999	89999	89999	89	89	10	5	11	27	7	26	0	NaN	0	0	0	0	0	0	0	0	0	NaN	NaN	NaN	NaN	0	0	0	0	0	0	101	0	4116	0	0	16	18000	18000	18000	18000	74	NaN	2.981618667885925	3.8830807978666457	0.4948137673637461	0.130752611615405	0.30687101130957484	0.1008194441849885	1.2554965413356018e-7	NaN	0.0665353696516741	-0.05336640382507314	0.07043469648299724	-0.000013554100736199035	NaN	400.34263763944864	7.771983723095183	95578.65136024305	11.463636232482063	2.6513159377310216	76.6446343383789	76.25382226456536	77.03545311313205	-0.7816257017503181	0.00028334815894454047	-1	0	2.07962934633096	36.05125492074753	1.0001312597824468	-306.7419953070773	9.000922735452653	-273.1499938964844	095
DATA	2025-05-23T123000_AIU-0547.ghg	2025-05-23	13:00:00	143.541	1	18000	18000	0.16640957135625542	0	NaN	68.23672575588142	1	NaN	104.82442075828314	1	NaN	-1.8274385707650955	2	NaN	2.3618797949411725	1	NaN	0.02099939561654527	0	NaN	NaN	NaN	NaN	NaN	NaN	NaN	NaN	NaN	NaN	2.2042020752707075e-11	4.3091875757977456e-13	1.2382032775535531e-13	NaN	15.608954923553965	398.6880411780287	401.8199469927014	0.1	1	305.15312267594646	7.79430149775403	7.855529865953886	0.3	0	0.08768279171117535	2.075475880389416	2.091779843153882	-0.2	0	NaN	NaN	NaN	NaN	9	288.82787962086996	288.8533237456636	95172.83082984734	1.1444882274444363	1009.6619359394898	0.025233320399126968	0.15304981071218798	0.005566184440827444	742.004719419098	1778.6564604819687	0.0048634702457851856	41.71714639138546	1036.6517410628708	275.8545993220092	-0.7229714260213261	-0.24967993584572137	0.05430053344252272	0.766796127493727	6.8736076832046864e-15	1.4121394328229875e-15	0.766796127493727	6.9703226342463855	132.94752286395146	199.05247713604857	4.060789390780546	NaN	0.3813146456329444	1.3966871110489292	-68.38949280253289	-0.04240417469352244	0.650962106561313	0.15486289727188457	0	65.06330184672672	-9.873607071065813	22.334126078545697	55.61513183338813	84.81658514988213	118.95646665163335	178.21846375046687	0.16383300960944555	1.0157267558775367	73.11929856972044	1.0167544115009484	96.47349958903686	1.0865618144342226	-1.6818542180378855	1.0865618144342226	2.173718755403726	1.0865618144342226	-0.007812046797623164	1.150182774433087	NaN	NaN	800000009	800000009	800000009	800000019	800000119	800110119	899999999	899999999	89999	89999	89	89	14	11	3	21	0	21	0	NaN	0	0	0	0	0	0	0	0	0	NaN	NaN	NaN	NaN	0	0	0	0	0	0	101	0	7713	0	0	16	18000	18000	18000	18000	73	NaN	1.6945064312340439	0.8728650104831512	0.22600278038066346	0.22603466505253708	0.8410273044088293	0.10359750970144117	0.0000011758241799424162	NaN	0.06327682840275609	-0.042772235472957415	0.055281135226202906	-0.000007812046797623164	NaN	398.6880468816466	7.794028304395126	95586.11270399306	11.470000267028809	2.692190852993095	76.58233201874627	76.19721015188429	76.96745620324876	-0.7702421075569262	0.0002842246525283877	-1	0	2.0687275539305454	38.85229942540952	1.0001411338034603	-273.3518689049614	9.001022880739637	-273.1499938964844	019
DATA	2025-05-23T130000_AIU-0547.ghg	2025-05-23	13:30:00	143.562	1	18000	18000	0.8487765425666668	0	NaN	61.898195094164485	0	NaN	134.66878902075752	0	NaN	0.7898756149859746	2	NaN	3.0336264210300046	0	NaN	0.04821189078851433	0	NaN	NaN	NaN	NaN	NaN	NaN	NaN	NaN	NaN	NaN	-1.8684582937138592e-10	-3.591889773786635e-12	-1.0383580756258473e-12	NaN	15.601882162646495	399.1795288806158	402.2664223126327	0.1	1	299.92770606854236	7.673753663729506	7.733095533914854	0.2	0	0.08670431870516138	2.0499431653740996	2.0657955717110332	0	1	NaN	NaN	NaN	NaN	9	288.5776465454102	288.6135879773202	95182.93607795826	1.14561288454842	1009.5904782871843	0.02520970112203868	0.1965789920827443	0.005485231368681546	730.6063293117282	1751.538953802159	0.004788032190161449	41.7122512591434	1020.9326244904308	275.63684052130554	-0.31072674090516034	-0.5830524198105267	0.1504048601777312	0.6775860489454665	-2.052915498364347e-14	-1.1975851850664912e-14	0.6775860489454665	7.657020857795154	90.05453930828139	241.9454606917186	12.824861053561596	NaN	0.8607514035912021	2.6637595413549464	-867.2301670228895	-0.0033439796149566576	0.4596328187418664	0.062175188485729824	0	87.94410662184887	-13.345857470400382	30.188365936061903	75.17329961620648	114.64402506491638	160.78987523895492	240.8925328593922	0.834389956252616	1.017242041573299	68.45904888541641	1.0177085148681957	123.86121701995071	1.0872554966020234	0.7264857408903024	1.0872554966020234	2.790168852225565	1.0872554966020234	0.01780726141410748	1.151368684820002	NaN	NaN	800000009	800000009	800000009	800000019	800000019	800100119	899999999	899999999	89999	89999	89	89	1	7	2	8	5	21	1	NaN	0	0	0	0	0	0	0	0	0	NaN	NaN	NaN	NaN	0	0	0	0	0	0	101	0	1104	0	0	16	18000	18000	18000	18000	73	NaN	2.702886448702766	2.0824748678642706	0.5421577661428563	0.1937472448970408	0.4447346951014381	0.16629997175371153	1.4861885413738267e-7	NaN	0.05918991627999972	0.01845615436968707	0.07088341058292481	0.000017807261414107477	NaN	399.1797169536424	7.67347073096645	95571.16574175347	11.470000267028809	2.4638747740221763	76.56640477392409	76.18611712222629	76.94669115426805	-0.760574693626827	0.00028453190908314554	-1	0	2.0434125777681675	37.94362584497302	1.000158557626936	-273.1499938964844	9.00117485610644	-273.1499938964844	163
DATA	2025-05-23T133000_AIU-0547.ghg	2025-05-23	14:00:00	143.583	1	18000	18000	0.406335130445874	0	NaN	41.00535478085729	0	NaN	172.22862932819586	0	NaN	-1.3565773267882686	0	NaN	3.880019324069012	0	NaN	0.03356419081464581	2	NaN	NaN	NaN	NaN	NaN	NaN	NaN	NaN	NaN	NaN	-1.7320310391264297e-10	-3.1473884933841835e-12	-9.552129219367801e-13	NaN	15.601710429133602	398.96321300430765	401.8767491841927	0.1	1	283.50902941400875	7.249825190931128	7.302768989514864	0.2	0	0.08604323519364138	2.0346815322474363	2.0495403414446716	0	1	NaN	NaN	NaN	NaN	9	288.6318091167874	288.69352484748407	95192.50815578908	1.1455949940226111	1009.3601231270379	0.02521414775261404	0.25142525219967193	0.00518129160901079	690.31416342609	1760.5403403576713	0.0045227952601445505	39.210357615880916	1070.2261769315814	274.84219995866755	0.923396550586388	-0.3848261983845918	0.2352317998711925	1.0276606406147608	-1.406751078840161e-13	-1.1101545865715784e-14	1.0276606406147608	8.384052440429388	354.6239694299605	337.3760305700395	13.23233479942371	NaN	0.5955615235317859	3.171751646991728	-433.6310378623826	-0.006687713163466739	0.2380867509705265	0.05954381975364693	0	72.1362791854729	-10.94695866994176	24.762050317718032	61.66100648136722	94.03692545981882	131.88812503728363	197.59244446885592	0.40120885403057893	1.0127770769857047	50.08164738589747	1.0149737124179417	158.58922835493138	1.086004586280846	-1.249145117732911	1.086004586280846	3.5727467204872565	1.086004586280846	0.008414022595662452	1.1483378447772616	NaN	NaN	800000009	800000009	800000009	800000019	800000019	800000119	899999999	899999999	89999	89999	89	89	1	8	3	11	14	34	0	NaN	0	0	0	0	0	0	0	0	0	NaN	NaN	NaN	NaN	0	0	0	0	0	0	101	0	301	0	0	16	18000	18000	18000	18000	73	NaN	2.50770839840312	3.409847488815534	0.42594740676480203	0.12978146337675783	0.47320366274572556	0.21306206720079285	1.1566936860162148e-7	NaN	0.043311313612897646	-0.03172620066938861	0.09074180236224155	0.000008414022595662452	NaN	398.9630690610199	7.2494381373558605	95582.02723003473	11.470000267028809	1.6630559878677398	76.60992031521268	76.23355471293131	76.98628281487359	-0.7527205708920952	0.00028431611712181226	-1	0	2.028500528699821	40.21394009152167	1.0001542824208736	-273.1499938964844	9.001106184694502	-273.1499938964844	161
DATA	2025-05-23T140000_AIU-0547.ghg	2025-05-23	14:30:00	143.604	1	18000	18000	0.39277543821606076	0	NaN	82.59641343784055	0	NaN	159.59758144424956	0	NaN	-0.23517410989010834	2	NaN	3.5973132470746423	0	NaN	0.016277403165729076	1	NaN	NaN	NaN	NaN	NaN	NaN	NaN	NaN	NaN	NaN	-6.056361058621803e-12	-1.139986109412513e-13	-3.361311651039464e-14	NaN	15.506153044348995	397.46728629508385	400.4633564186318	0.1	1	291.87161911058473	7.4815087960656035	7.537903688817386	0.2	0	0.08605994983831447	2.0402295709997404	2.0556086250090133	-0.3	0	NaN	NaN	NaN	NaN	9	289.1247711791992	289.2280535238389	95210.491743603	1.1435933482211027	1009.4990829634335	0.025256061521799253	0.2331058984104368	0.005337997403065758	712.5092032557535	1821.7818817827285	0.0046677408638037205	39.11056589049608	1109.2726785269751	275.2848538423507	0.20686371139511642	-0.8409523779004185	0.2309556231206862	0.8962890141241073	-3.199555240504834e-14	-3.905779235700863e-16	0.8962890141241073	6.477301707946685	48.1803397655363	283.8196602344637	14.932437363979457	NaN	0.5860522675038715	2.147696965078856	-205.1677554771222	-0.01413477470305207	0.5175292300196481	0.1220807783359449	0	80.35436985464706	-12.194085634585658	27.58305490741193	68.68570678110848	104.75003664888044	146.9134158061212	220.1030680070302	0.38733340952495476	1.014049985251157	90.41758483355026	1.015724560916842	146.95027095603655	1.0860652410229086	-0.2165377373357516	1.0860652410229086	3.312244155504433	1.0860652410229086	-0.019360480407533104	1.1490280278648157	NaN	NaN	800000009	800000009	800000009	800000019	800000019	800000119	899999999	899999999	89999	89999	89	89	1	12	3	21	21	23	0	NaN	0	0	0	0	0	0	0	0	0	NaN	NaN	NaN	NaN	0	0	0	0	0	0	101	0	803	0	0	16	18000	18000	18000	18000	73	NaN	1.5983079510221199	2.3821400422618093	0.31494593687378325	0.17710771299743405	0.6920257683991413	0.15405389798314326	2.2241158578155126e-7	NaN	0.07832048225429263	-0.005510125526452243	0.08428499020837375	-0.000019360480407533105	NaN	397.4675860923955	7.480965276786596	95609.58509461806	11.470000267028809	2.1138977422863228	76.53726395098369	76.16210847112868	76.91242429945206	-0.7503264538480175	0.00028527786810364985	-1	0	2.0338809167212903	37.51585753238643	1.0001451168722577	-273.1499938964844	9.001143736653857	-273.1499938964844	117
DATA	2025-05-23T143000_AIU-0547.ghg	2025-05-23	15:00:00	143.624	1	18000	18000	0.38638248820665144	0	NaN	67.03576997210905	0	NaN	189.71024156236115	0	NaN	-0.9093793497903258	0	NaN	4.276406528703558	0	NaN	-0.013403941237589685	0	NaN	NaN	NaN	NaN	NaN	NaN	NaN	NaN	NaN	NaN	1.7611595151428407e-10	3.245107688188479e-12	9.852454856902113e-13	NaN	15.523950330567088	398.19542137286646	401.13863082572914	0.1	1	286.0438826558733	7.337137903682369	7.391369400269202	0.2	0	0.08684563693272145	2.0595225354601188	2.0747452273078837	-0.2	0	NaN	NaN	NaN	NaN	9	289.2079890891181	289.3147732040804	95226.64611391524	1.143507139851647	1009.4220497459603	0.025259348329261744	0.2771111430599905	0.005234308722705555	698.8784511167453	1831.8916582787174	0.004577416738634993	38.150643241283476	1133.013207161972	275.0144764820279	0.11096205508002548	-1.09772945921841	0.1923336673776834	1.1199619560104244	-2.6811123533175844e-13	1.1344789680723655e-14	1.1199619560104244	9.545589352745507	56.22796265878674	275.77203734121326	9.888555217166193	NaN	0.5812852154571503	3.461606343504344	-246.69804951623874	-0.011755261161110676	0.3533587297134572	0.09990924040048005	0	67.97798386166353	-10.315921311747655	23.33464209529844	58.10655818145429	88.61616753023985	124.28543496508809	186.20222934918877	0.38177688628160866	1.0120635954939545	76.81544743963222	1.0145719966102025	174.66180260956804	1.0861575841309263	-0.8372443953590333	1.0861575841309263	3.9371879285133975	1.0861575841309263	-0.044387534851511166	1.1480661637501222	NaN	NaN	800000009	800000009	800000009	800000019	800000019	800100119	899999999	899999999	89999	89999	89	89	6	11	4	17	16	39	0	NaN	0	0	0	0	0	0	0	0	0	NaN	NaN	NaN	NaN	0	0	0	0	0	0	101	0	1007	0	0	11	18000	18000	18000	18000	73	NaN	2.9548312363891887	3.497680676514605	0.47070077410489364	0.1807463538794069	0.47444189025602307	0.28040003430873284	6.091455619024899e-8	NaN	0.06654828943479646	-0.021304604570610144	0.10018607756841116	-0.000044387534851511164	NaN	398.1954866717991	7.336631518534125	95616.95428862848	11.470000267028809	1.8289528921395422	76.53314505089654	76.16004033258227	76.90625924364726	-0.7462287961741284	0.00028510777590983903	-1	0	2.0532282798753845	40.767156608267825	1.0001499022626215	-273.1499938964844	9.001140882227157	-273.1499938964844	160
DATA	2025-05-23T150000_AIU-0547.ghg	2025-05-23	15:30:00	143.645	1	18000	18000	0.4094493477002348	0	NaN	44.18519199398513	0	NaN	105.51471426384552	0	NaN	0.14555842893225773	2	NaN	2.3787172627524327	0	NaN	-0.032568953288368674	0	NaN	NaN	NaN	NaN	NaN	NaN	NaN	NaN	NaN	NaN	-3.5470846378816473e-10	-6.3407038327285795e-12	-2.016325616461605e-12	NaN	15.531931169603913	398.33439092001	401.1910933443649	0.1	1	277.64597000312693	7.120552952811681	7.171618844551693	0.2	0	0.08829062141887287	2.0945263835872963	2.109547528470242	-0.2	0	NaN	NaN	NaN	NaN	9	289.28182628462054	289.4142439166783	95243.05812737443	1.1434050268332596	1009.3058698154156	0.025263678752369716	0.15414087862635764	0.005078926456667214	678.3651542583347	1843.548523789846	0.00444193119452488	36.79670730140567	1165.1833695315113	274.5986496296465	0.04046437585796973	-0.8792674233573744	0.20323502974384605	0.903356543567417	-5.455738507467003e-14	-2.283737031247804e-14	0.903356543567417	8.121692647707466	59.3650754718729	272.6349245281271	13.00156374112987	NaN	0.598411654562515	3.0986564810302735	-408.38236895847973	-0.007101188054215051	0.41875858075583233	0.0639814100560061	0	73.50959668777317	-11.155364899208658	25.23346577576692	62.834897626938876	95.82718352489631	134.3989874286411	201.354173870142	0.4038073821627998	1.0139719227202248	49.49235298473465	1.0156776803931946	97.1543342203771	1.08605256894154	0.1340252148881873	1.08605256894154	2.19024136655808	1.08605256894154	-0.0503575083563614	1.1489799925395021	NaN	NaN	800000009	800000009	800000009	800000019	800000019	800100119	899999999	899999999	89999	89999	89	89	4	18	6	23	8	26	0	NaN	0	0	0	0	0	0	0	0	0	NaN	NaN	NaN	NaN	0	0	0	0	0	0	101	0	2707	0	0	21	18000	18000	18000	18000	73	NaN	2.187669684714024	3.599413629501937	0.4102296478445865	0.22426410686476023	1.0836195526287826	0.1694916994124943	5.559856635879845e-7	NaN	0.04288596684625642	0.0034102594200756194	0.05573049264480096	-0.0000503575083563614	NaN	398.33433328913924	7.120137668090437	95634.85848567709	11.470000267028809	1.4234951738230235	76.558578830719	76.18969647873772	76.92746343845792	-0.7377669818301993	0.0002851896276293297	-1	0	2.088099144591225	40.846486883177576	1.0001474083695148	-273.1499938964844	9.001185308270983	-273.1499938964844	060
DATA	2025-05-23T153000_AIU-0547.ghg	2025-05-23	16:00:00	143.666	1	18000	18000	0.4833875101225202	0	NaN	75.97316325857243	0	NaN	188.47034707023158	0	NaN	-2.4221070108128377	0	NaN	4.249082670420352	0	NaN	0.016308332845921536	0	NaN	NaN	NaN	NaN	NaN	NaN	NaN	NaN	NaN	NaN	-1.2163668772315377e-10	-2.159237805098407e-12	-6.802251316091231e-13	NaN	15.513571291631015	398.1555755133799	400.989719629301	0.1	1	275.3896891801231	7.0678722600200805	7.118182665825625	0.2	0	0.08675607064864602	2.058546687608496	2.0731997989570234	-0.3	0	NaN	NaN	NaN	NaN	9	289.31586835055884	289.46770218264635	95262.91539091743	1.1434550490368982	1009.2783089378177	0.025263078146104852	0.2753405570432388	0.005041470385010041	673.4867243384864	1849.8400805657182	0.004408979950070042	36.40783500228412	1176.3533562272319	274.4981223088285	-0.20036400845664398	-1.3643649866215772	0.139996519724887	1.3860867859332295	-4.594008630711112e-14	-7.840663212652534e-15	1.3860867859332295	13.34501504044419	70.35446251390238	261.6455374860976	5.7968307116240005	NaN	0.6501868237943914	4.042841084991532	-304.690801016725	-0.009517845600598929	0.40310406618109423	0.10124929525427169	0	74.06543044119934	-11.239714815711427	25.424265516563597	63.31001595934486	96.55176895998089	135.41522880398747	202.87668863383522	0.4783353985938913	1.0105618600326884	85.61844573882976	1.0138086374566362	173.34611593761332	1.087248745383262	-2.227739531636829	1.087248745383262	3.908105379254793	1.087248745383262	-0.0194144693192748	1.1479762790262489	NaN	NaN	800000009	800000009	800000009	800000019	800000019	800100119	899999999	899999999	89999	89999	89	89	4	4	6	23	6	27	0	NaN	0	0	0	0	0	0	0	0	0	NaN	NaN	NaN	NaN	0	0	0	0	0	0	101	0	2209	0	0	16	18000	18000	18000	18000	73	NaN	3.1106734658449025	4.499756096687548	0.4752526074506144	0.17330554786165875	0.5214750180375104	0.16659775743417374	6.660385569863729e-7	NaN	0.07418862184232969	-0.056680274274248404	0.09943374512282915	-0.000019414469319274802	NaN	398.1554544718969	7.06750585949676	95654.45195442709	11.470000267028809	1.3233634380042671	76.54404566213819	76.17644794167413	76.91163910590278	-0.7351881658550766	0.00028535594463755844	-1	0	2.0525682883421545	38.154841926786645	1.000152163071765	-273.1499938964844	9.001184206459257	-273.1499938964844	129
DATA	2025-05-23T160000_AIU-0547.ghg	2025-05-23	16:30:00	143.687	1	18000	18000	0.1577642424334998	1	NaN	60.77321589424944	1	NaN	114.68972590669763	0	NaN	-1.4885718399668268	1	NaN	2.5850687730750415	0	NaN	-0.0389546791082618	1	NaN	NaN	NaN	NaN	NaN	NaN	NaN	NaN	NaN	NaN	-2.093903708127639e-10	-3.924004698494253e-12	-1.1876873659082778e-12	NaN	15.476467069167025	397.2991073737118	400.2793635909799	0.1	1	290.0311473721363	7.445440580627622	7.501290997023961	0.2	0	0.08778438251767362	2.0808956320968917	2.096505035767686	-0.1	0	NaN	NaN	NaN	NaN	9	289.0539909625583	289.21761346871676	95259.20650769596	1.1442354232907166	1009.4791188321924	0.025242234598969165	0.16751245649526267	0.005315172911323149	709.4370097466478	1820.5680879054241	0.004645174238739435	38.96789219033603	1111.1310781587763	275.2243163381663	0.986021307788208	-0.1604141199627454	0.1530110251175448	1.01063499004498	-2.842792597003276e-14	-1.3529597541671615e-14	1.01063499004498	7.031646785287871	341.2403965765328	350.7596034234672	8.708118230709086	NaN	0.37131850557533114	2.046425632848919	-70.94875445625294	-0.04087457238996552	0.5298924155045035	0.14169446827833496	0	54.91924997348107	-8.334208063298187	18.852001331509456	46.94414886384388	71.59278901517604	100.40990454793199	150.43233409301794	0.15575145054919276	1.012923102014201	66.41232355663237	1.0150580058959198	105.60826318168124	1.0859919711906754	-1.3707024356126365	1.0859919711906754	2.380375584398462	1.0859919711906754	-0.06180384215672652	1.1484054416848044	NaN	NaN	800000009	800000009	800000009	800000019	800000019	800000119	899999999	899999999	89999	89999	89	89	19	3	3	28	8	19	0	NaN	0	0	0	0	0	0	0	0	0	NaN	NaN	NaN	NaN	0	0	0	0	0	0	101	0	201	0	0	16	18000	18000	18000	18000	73	NaN	2.021264782819557	1.744193963544134	0.32739251933414715	0.18144293612702908	0.5730900321297013	0.1669405136314105	3.781332552401671e-7	NaN	0.05749577689059509	-0.03485920419808726	0.06053684330662198	-0.00006180384215672652	NaN	397.2990544761389	7.444870250452105	95648.76202821182	11.470000267028809	2.0503835532897092	76.53021224615308	76.16371229849922	76.89671389770508	-0.7330077720367246	0.0002856077570403514	-1	0	2.0743402391340986	40.10947259205101	1.0001301947600312	-273.1499938964844	9.00105426979065	-273.1499938964844	005
DATA	2025-05-23T163000_AIU-0547.ghg	2025-05-23	17:00:00	143.708	1	18000	18000	0.6004751675170281	0	NaN	38.15012953510925	0	NaN	226.37557126641076	0	NaN	-5.961109816932544	1	NaN	5.102710485554626	0	NaN	0.08463107507939509	2	NaN	NaN	NaN	NaN	NaN	NaN	NaN	NaN	NaN	NaN	4.2684345658322843e-10	7.717368106734922e-12	2.3713951868933198e-12	NaN	15.511390659168399	397.7835716548231	400.6651404288761	0.1	1	280.4473389902628	7.191962772125714	7.244061794873422	0.2	0	0.08617594245351082	2.043058030280925	2.0578580689027923	0	1	NaN	NaN	NaN	NaN	9	289.02576499854194	289.2744997006314	95274.78945860278	1.1443075284809912	1009.3417210981139	0.02524307011516454	0.3306556394639397	0.005134049494890211	685.3965399720257	1827.1904706165983	0.004486599421141094	37.51095197758632	1141.7939306445726	274.74242191274806	-0.3748300433112533	-0.42411966699967774	0.11956881126573478	0.578508214230594	2.0147303396256528e-14	2.751806501185191e-14	0.578508214230594	8.073640556207028	103.46972433764228	228.53027566235772	11.928139063772266	NaN	0.724396174882253	2.5111075014779276	-839.2338418672733	-0.0034555327196381593	0.1685258233549068	0.04559727491103201	0	81.76095682294537	-12.407540633672182	28.065890696539572	69.88803616582557	106.58366482299978	149.4851053920751	223.95592762998777	0.5890221567646952	1.0194441085463415	50.11717821797869	1.0191178433724795	207.96793427697827	1.0885118999399044	-5.476384610275415	1.0885118999399044	4.687785669441318	1.0885118999399044	0.05298063442629352	1.1532332967952241	NaN	NaN	800000009	800000009	800000009	800000019	800000019	800110119	899999999	899999999	89999	89999	89	89	10	2	4	12	7	22	0	NaN	0	0	0	0	0	0	0	0	0	NaN	NaN	NaN	NaN	0	0	0	0	0	0	101	0	2009	0	0	11	18000	18000	18000	18000	73	NaN	2.5309037606662868	2.030551590377667	0.46075965191190155	0.14569973089629112	1.0573229515140834	0.24658764536908975	4.1161363779423625e-7	NaN	0.04339159659060596	-0.1392424558758221	0.11919155349457217	0.00005298063442629352	NaN	397.7837139218439	7.19138615040502	95669.83965972222	11.470000267028809	1.5589702459590609	76.5305483404834	76.16434103459163	76.89675833692284	-0.7324255051579739	0.0002850007818859822	-1	0	2.037169911318353	40.34220650736489	1.0001250387297735	-273.1499938964844	9.001036641836166	-273.1499938964844	183
DATA	2025-05-23T170000_AIU-0547.ghg	2025-05-23	17:30:00	143.729	1	18000	18000	0.45107945181991266	0	NaN	52.821279508719094	0	NaN	25.856576905389094	2	NaN	-1.8351690663991957	1	NaN	0.5827391047695178	2	NaN	-0.03056706868613083	1	NaN	NaN	NaN	NaN	NaN	NaN	NaN	NaN	NaN	NaN	6.364061753308422e-10	1.1844732744459428e-11	3.555459558704389e-12	NaN	15.505375865723929	397.13798414798725	400.0952865979533	0.1	1	288.5846183632885	7.391495348801188	7.446536387876859	0.2	0	0.08662508154392633	2.052279006311278	2.067561376609851	-0.1	0	NaN	NaN	NaN	NaN	9	288.8933148727417	289.1112747333044	95312.1089952651	1.1453154036344624	1009.4471840910003	0.025218948184769493	0.037761493989064754	0.0052815346417967295	704.6879847247179	1808.2451685039837	0.004611423739728535	38.970820826676274	1103.5571837792659	275.1302789621881	0.8049872934965465	0.2905064612488134	0.2382321303857381	0.8883428925059942	3.217705457910684e-14	4.104422755321121e-14	0.8883428925059942	6.8831695353470295	312.15633396778594	19.84366603221403	15.555749433543943	NaN	0.6275725960060277	2.5466053401966224	-394.2461970009189	-0.007355809699778133	2.0428566280059273	0.07280081535386336	0	79.96203491204857	-12.134547293408438	27.448379017558445	68.35034477309263	104.23858842658501	146.19610240223903	219.02840181639868	0.444790579852242	1.014138950446657	53.56476675010254	1.0157782950177199	23.80721079256344	1.0860817392966422	-1.68971542380196	1.0860817392966422	0.5365517931890703	1.0860817392966422	-0.04577641947296125	1.1490835444896037	NaN	NaN	800000009	800000009	800000009	800000019	800000019	800000119	899999999	899999999	89999	89999	89	89	4	5	0	32	3	41	0	NaN	0	0	0	0	0	0	0	0	0	NaN	NaN	NaN	NaN	0	0	0	0	0	0	101	0	2307	0	0	16	18000	18000	18000	18000	73	NaN	2.530741087825297	2.1968702502534634	0.36559934231448354	0.08356997639862808	0.40495659489504043	0.1410147544283479	1.829284376010093e-7	NaN	0.046330876408360054	-0.04293024957733413	0.013632060208661884	-0.00004577641947296125	NaN	397.1375548268462	7.391023179427394	95703.95750824653	11.470000267028809	1.9596162670387018	76.53463632308112	76.16567910787793	76.90359176678128	-0.7379137561288138	0.0002846863601767432	-1	0	2.045865375796954	41.172523042149024	1.0001379954268534	-273.1499938964844	9.001110294977824	-273.1499938964844	227
DATA	2025-05-23T173000_AIU-0547.ghg	2025-05-23	18:00:00	143.749	1	18000	18000	0.15273795587206515	0	NaN	30.70222699271873	1	NaN	138.86100197322347	0	NaN	0.17129686241574313	1	NaN	3.1280605216504407	0	NaN	0.05083479314919968	2	NaN	NaN	NaN	NaN	NaN	NaN	NaN	NaN	NaN	NaN	-1.1981430600469801e-10	-2.278712451468329e-12	-6.735677323879341e-13	NaN	15.548319333670616	397.15321468211175	400.1758784347011	0.2	0	295.70883516741094	7.553338208221284	7.61082534610411	0.2	0	0.08740897932182941	2.0662356682899405	2.081961427085186	0	1	NaN	NaN	NaN	NaN	9	288.55901105329735	288.6128921325503	95335.19535942127	1.1475006278514694	1009.5245530682155	0.025169378172915192	0.20269832180294856	0.005407807690327673	720.2921326233769	1751.4607750408748	0.004712683861840684	41.1252220368205	1031.1686424174977	275.4371889610334	0.9039406631510137	-0.051331817719239246	0.18707528404286045	0.9245219520962978	1.2450971179661309e-14	-7.705932932907708e-15	0.9245219520962978	6.624108308984405	335.25014828731025	356.7498517126897	11.674304715770438	NaN	0.36483544182213135	1.4156309526899002	-133.28688951741114	-0.02175757878738085	0.2211004281723319	0.07264455023571237	0	62.22696909193035	-9.443182632883662	21.36050482742074	53.19067725447726	81.11913894315094	113.77074577393026	170.44930891360136	0.15066692948166055	1.0137457264014709	38.03482082998104	1.0155421050540019	127.86224439617716	1.086020370039548	0.1577289589968789	1.086020370039548	2.8802963627068343	1.086020370039548	0.029235017781873405	1.148844533862543	NaN	NaN	800000009	800000009	800000009	800000019	800001019	801011119	899999999	899999999	89999	89999	89	89	8	10	3	44	39	25	0	NaN	0	0	0	0	0	0	0	0	0	NaN	NaN	NaN	NaN	0	0	0	0	0	0	101	0	1932	0	0	16	18000	18000	18000	18000	73	NaN	1.225305391724989	1.374678430320181	0.2312780833346303	0.1095202104418225	0.2730521095124431	0.21646661407354267	6.706896098763354e-7	NaN	0.03283307485993376	0.004000162502825676	0.07304716635676933	0.000029235017781873403	NaN	397.1535163731445	7.552622276352145	95720.36405208333	11.470000267028809	2.258578385425936	76.5561424776713	76.18622642813787	76.92606285413108	-0.7398399001922873	0.00028406062613066765	-1	0	2.059599798129664	40.637226973383505	1.0001406353910764	-273.1499938964844	9.001099711153243	-273.1499938964844	154
DATA	2025-05-23T180000_AIU-0547.ghg	2025-05-23	18:30:00	143.77	1	18000	18000	0.2675830939701566	0	NaN	38.23242080933216	0	NaN	95.79553701949943	0	NaN	-1.4970780317715404	2	NaN	2.1580202964235813	0	NaN	-0.061719429503646804	1	NaN	NaN	NaN	NaN	NaN	NaN	NaN	NaN	NaN	NaN	3.7015296629334536e-11	6.801051432546112e-13	2.0646325730942803e-13	NaN	15.556997019339038	397.320919166925	400.242781600897	0.1	1	285.8384141129427	7.3002251840372026	7.353910385837043	0.3	0	0.0867735388082866	2.0513533090981846	2.0664387775029827	-0.2	0	NaN	NaN	NaN	NaN	9	288.4197576743232	288.6497405676797	95329.35481076107	1.147393970074403	1009.3867774879891	0.025174133904961545	0.13983971520824806	0.005225604208150449	696.1124314848092	1755.6049440082027	0.004554324272604983	39.650858461102445	1059.4925125233935	274.9590413182804	0.4477932892676678	-0.14384679605858866	0.1064211585582122	0.4822200676438407	3.576388609300766e-14	2.3793343010428362e-15	0.4822200676438407	5.945472292132736	349.8088266646596	342.1911733353404	12.749564676534147	NaN	0.48291762257649673	1.7121719125908506	-248.2087132311748	-0.011683715540231737	0.3991044050575117	0.06835787744872876	0	73.64108642854534	-11.175318974661502	25.27860194877208	62.94729307967827	95.99859368205082	134.63939261127456	201.7143446412868	0.26172290730388037	1.0223908053240143	42.83935193247183	1.021028367321011	87.84855616033376	1.090462281982888	-1.3728838278104085	1.090462281982888	1.9789958186352432	1.090462281982888	-0.07412485203921064	1.1558814461361433	NaN	NaN	800000009	800000009	800000009	800000019	800000019	800010119	899999999	899999999	89999	89999	89	89	1	7	1	32	20	31	0	NaN	0	0	0	0	0	0	0	0	0	NaN	NaN	NaN	NaN	0	0	0	0	0	0	101	0	4483	0	0	11	18000	18000	18000	18000	73	NaN	1.5429743959290303	1.615399401835195	0.2659700274174755	0.07863520714215683	0.2498685569178768	0.2235018401870097	2.975457822429875e-7	NaN	0.03698901085094661	-0.034815389677550504	0.05018597291361195	-0.00007412485203921064	NaN	397.3210927898926	7.299842723788247	95726.12455425347	11.470000267028809	1.7802604369148463	76.5507974541982	76.18204876666599	76.91954891967774	-0.7374988527711897	0.00028357105618084067	-1	0	2.04518704197142	41.061854714502545	1.000147579020924	-273.1499938964844	9.001169781287512	-273.1499938964844	119
DATA	2025-05-23T183000_AIU-0547.ghg	2025-05-23	19:00:00	143.791	1	18000	18000	0.301857667838572	0	NaN	33.68857175454751	0	NaN	110.10669768623866	0	NaN	-0.42836949494615645	1	NaN	2.479877972153117	0	NaN	0.01176910871695095	2	NaN	NaN	NaN	NaN	NaN	NaN	NaN	NaN	NaN	NaN	3.8913307131160557e-11	7.21436990335252e-13	2.1837041044108068e-13	NaN	15.604201265126807	397.9453803503349	400.9031421248731	0.1	1	289.2955861950886	7.37774655210089	7.432582260244615	0.3	0	0.0875663387690417	2.06801530605259	2.083385999930271	-0.1	0	NaN	NaN	NaN	NaN	9	288.35500561438664	288.42552101258445	95343.0650564452	1.1484173327656622	1009.4241910665078	0.025150961743037905	0.16069609259552195	0.0052859606922806375	703.6056536427035	1730.5205763672566	0.00460282211132323	40.6586123997281	1026.914922724553	275.1087688493635	0.3643636098608755	-0.12323104392933538	0.12638383460541933	0.4048698606074407	-6.567879259762924e-14	2.4937711626500434e-15	0.4048698606074407	6.114452646243663	350.6859984551936	341.3140015448064	18.189399630241326	NaN	0.5126857386823706	1.5198896283368017	-337.0921933812704	-0.00860298771950478	0.3059629655822288	0.0566836640319457	0	74.23398185191434	-11.26529314256293	25.482123761546205	63.454091170124975	96.77149274702015	135.72339453948976	203.33837706076693	0.2942979129452063	1.0256874227129609	39.08707553340257	1.0231848042324456	100.75209396733514	1.0928477349754773	-0.39197546120710836	1.0928477349754773	2.269188920640224	1.0928477349754773	-0.006058659564904134	1.1589629462077242	NaN	NaN	800000009	800000009	800000009	800000019	800001119	800011119	899999999	899999999	89999	89999	89	89	3	12	3	54	21	40	1	NaN	0	0	0	0	0	0	0	0	0	NaN	NaN	NaN	NaN	0	0	0	0	0	0	101	0	7836	0	0	11	18000	18000	18000	18000	73	NaN	1.1998559971594749	1.546102389325663	0.29382087018846537	0.05604853961385903	0.215776304497978	0.153342063010913	3.389423349766837e-7	NaN	0.033717838875267844	-0.009931854187178445	0.05749659280597547	-0.000006058659564904134	NaN	397.945042507007	7.377328712516166	95729.75268706598	11.470000267028809	1.9356433722178248	76.55516154691908	76.18651398976644	76.92381288846335	-0.737290997284982	0.0002835164470307062	-1	0	2.0616021372742117	38.18534842525859	1.000149983406067	-273.1499938964844	9.001171128087574	-273.1499938964844	213
DATA	2025-05-23T190000_AIU-0547.ghg	2025-05-23	19:30:00	143.812	0	18000	18000	0.26528252245130224	0	NaN	37.65529577848262	1	NaN	118.20214584099398	0	NaN	0.28881454056309375	2	NaN	2.661697941050918	0	NaN	-0.05276188205466383	1	NaN	NaN	NaN	NaN	NaN	NaN	NaN	NaN	NaN	NaN	3.6693824993485993e-10	7.025602007769811e-12	2.064287978768499e-12	NaN	15.669969950188957	397.81906026725295	400.8724508157828	0.1	1	300.0258827289983	7.6168630254242355	7.67532492404632	0.3	0	0.08815469796779454	2.080212255310326	2.096178560280816	-0.4	0	NaN	NaN	NaN	NaN	9	287.9710532506307	288.2264164575579	95347.9499129665	1.149165325523543	1009.5507509279547	0.02513231200687051	0.17247802658009947	0.005461330976328193	726.4470837266298	1708.5102059691558	0.004752432791896232	42.51932948299547	982.063122242526	275.5566320076891	-0.33132119764809215	-0.3060456038216043	0.13018621312340375	0.46945297710940764	8.699060298300861e-14	2.3416653069614545e-14	0.46945297710940764	5.258087640053697	109.27094730200866	222.72905269799134	16.100002989595286	NaN	0.4804664449114772	0.8797768419553235	-248.23994309433493	-0.01168224566865114	0.3185669389550396	0.06755419626734657	0	77.86863705102827	-11.816866091617973	26.729783274128046	66.5609397672624	101.5096328880222	142.36870345729002	213.29426075346214	0.2593521921498731	1.0228659347440647	43.49356049499948	1.0213379351973888	108.36326267522834	1.0907953758761713	0.2647742619289215	1.0907953758761713	2.4401441369449643	1.0907953758761713	-0.06731476236319359	1.156319077929963	NaN	NaN	800000009	800000009	800000009	800000019	800001119	800001119	899999999	899999999	89999	89999	89	89	10	16	4	25	23	12	0	NaN	0	0	0	0	0	0	0	0	0	NaN	NaN	NaN	NaN	0	0	0	0	0	0	101	0	16281	0	0	16	18000	18000	18000	18000	73	NaN	0.769932464960069	0.7606363688537915	0.22898485009678668	0.055211868517409175	0.4327204834134704	0.2470318994722165	0.000001065346074661501	NaN	0.03748990087631152	0.0067054777681154025	0.06179729155726649	-0.00006731476236319358	NaN	397.81888838337295	7.616522589199906	95732.84110720486	11.470000267028809	2.375816241939833	76.53656311861673	76.16315890672472	76.90997073957654	-0.7468103968832226	0.0002818286897252417	-1	0	2.0736853048668946	40.23331017986559	1.0001597066637542	-273.1499938964844	9.001158032125897	-273.1499938964844	185
DATA	2025-05-23T193000_AIU-0547.ghg	2025-05-23	20:00:00	143.833	0	18000	18000	0.2718721309132433	1	NaN	2.7847068032105033	2	NaN	44.85703327464213	2	NaN	6.932985993273912	0	NaN	1.009062062317521	2	NaN	0.13791543695071964	1	NaN	NaN	NaN	NaN	NaN	NaN	NaN	NaN	NaN	NaN	-1.5935243968138846e-12	-3.4243856823461387e-14	-8.877561349482169e-15	NaN	15.789081106341493	399.38017809347025	402.8375043044041	0.1	0	339.2976184491551	8.582433795244008	8.656729603953265	0.5	0	0.0879613368039745	2.066334458805143	2.0842221574863506	0	1	NaN	NaN	NaN	NaN	9	287.3415674379135	287.15782503408445	95362.01989225674	1.1531894727495207	1010.0578860589434	0.02503544031503085	0.06538722163817536	0.006177461138851576	818.6577596952883	1594.5284410370925	0.005356848362587641	51.341684389325	775.8706813418042	277.2466137411778	-0.02764286901112251	-0.17036231587451128	0.15423653637761947	0.23146566922778147	2.2405878461397965e-14	-1.0092572114116666e-16	0.23146566922778147	3.157763085922717	71.2164490764635	260.7835509235365	41.78577396635188	NaN	0.48554782272939867	0.3975469282994678	-3465.2127609932036	-0.0008368894495150128	0.06207960268261232	0.004923801450222615	0	76.40220941447461	-11.594330040256926	26.226406120029605	65.30745947935478	99.59799635910923	139.68760604456313	209.2774882692823	0.26141269595978855	1.040011197294961	5.148177312486801	1.0326676175015645	40.62442194847973	1.104188838219784	6.278804633138242	1.104188838219784	0.9138491781391034	1.104188838219784	0.12175406621320485	1.1730210840854796	NaN	NaN	800000009	800000009	800000009	800000019	800000019	810001019	899999999	899999999	89999	89999	89	89	4	0	1	19	7	2	0	NaN	0	0	0	0	0	0	0	0	0	NaN	NaN	NaN	NaN	0	2	0	0	0	0	101	0	14842	0	0	16	18000	18000	18000	18000	73	NaN	0.2755749839769415	0.2742817084772907	0.24523716414470337	0.2840785510746663	6.6361933029466735	0.5812098924742025	6.70964745066139e-7	NaN	0.0044198401574992024	0.15855378098507497	0.023076724139390496	0.00012175406621320485	NaN	399.3783700170366	8.581857476124608	95747.32323611111	11.466364072693716	4.040059161238436	76.30958623271516	75.92948774083452	76.68968547884619	-0.7601966183003452	0.00028118211917171714	-1	0	2.058809602770541	39.70476765090451	1.0001492700361543	-281.91136926439214	9.001068358315361	-273.1499938964844	245
DATA	2025-05-23T200000_AIU-0547.ghg	2025-05-23	20:30:00	143.854	0	18000	18000	0.2468365165299962	1	NaN	-44.87727897468232	1	NaN	288.05575995548037	1	NaN	4.010818255892302	1	NaN	6.478172899647539	1	NaN	-0.003481830094250769	1	NaN	NaN	NaN	NaN	NaN	NaN	NaN	NaN	NaN	NaN	1.1137055906924557e-10	2.279957235947845e-12	6.274517306267727e-13	NaN	15.857150185670783	399.69656348908	402.99406777699784	0	0	324.6246100358803	8.182513221863353	8.250019112330625	0.4	0	0.08933776044548307	2.095735782503959	2.1130256427640117	-0.4	0	NaN	NaN	NaN	NaN	9	287.1168220265706	286.89088711119723	95374.79288560116	1.1545922048778534	1009.8323017879187	0.025008817983001794	0.4197856038971605	0.005895876041985061	780.6148393340384	1567.1203223175587	0.005106457515542292	49.81205515729735	786.5054829835203	276.5708704326501	-0.3558180602616017	-0.7669530502333612	0.15700981264694558	0.8599276449434802	4.9284142809326694e-14	7.023365344037978e-15	0.8599276449434802	4.440817682539393	86.88833990476121	245.1116600952388	10.520359911834179	NaN	0.46237079414306687	0.7272541486600308	185.68140856490288	0.015618149508954942	-0.15579372195722868	-0.08324501640371285	0	91.89921753131844	-13.946060809827936	31.54602752407688	78.55406893473881	119.79991158940469	168.02107939939205	251.7261943896491	0.24460555083473226	1.0091206666719157	-28.605112790898062	1.0131278770124368	263.0809177757528	1.094932169124542	3.66307463511568	1.094932169124542	5.916506138300048	1.094932169124542	-0.007361712072066931	1.1723382625779715	NaN	NaN	800000009	800000009	800000009	800000019	800000019	801101019	899999999	899999999	89999	89999	89	89	4	3	3	10	29	0	1	NaN	0	0	0	0	0	0	0	0	0	NaN	NaN	NaN	NaN	0	0	0	0	0	0	101	0	15783	0	0	16	18000	18000	18000	18000	73	NaN	0.7411259844414848	0.5732338588387972	0.14014845403977944	0.19899932240816168	3.231568114349925	0.7269567993659674	3.300085283247802e-8	NaN	-0.024533854480853153	0.09236514858704105	0.14918586788853855	-0.000007361712072066931	NaN	399.6953792207507	8.181802562672054	95762.65908116319	11.460000038146973	3.3504194508262124	76.32343141047161	75.93798100386728	76.70888093651668	-0.7708985106464885	0.0002802254541699464	-1	0	2.0885504792146015	40.22676236645515	1.0001538719038168	-273.1499938964844	9.001076529873743	-273.1499938964844	162
DATA	2025-05-23T203000_AIU-0547.ghg	2025-05-23	21:00:00	143.874	0	18000	18000	0.12162463760295533	1	NaN	15.265722942867939	0	NaN	91.01680353453833	0	NaN	0.17808131510938902	2	NaN	2.047534965830581	0	NaN	0.0012866282630588552	0	NaN	NaN	NaN	NaN	NaN	NaN	NaN	NaN	NaN	NaN	-1.8154662144900503e-10	-3.3943741751686525e-12	-1.0222923517784135e-12	NaN	15.840315158793386	399.31872017607253	402.32248215642056	0.1	1	296.1661102387619	7.466055499180906	7.522216787190944	0.3	0	0.08919710489430807	2.094823751440733	2.1105814698300267	-0.3	0	NaN	NaN	NaN	NaN	9	287.407759496053	287.21155074502286	95407.9168365574	1.1540172050901625	1009.445949980547	0.025028078508251828	0.13268026578582165	0.005375495460270443	712.5118746776187	1600.095404653621	0.00465807219906263	44.52933697611981	887.5835299760023	275.284906382086	-0.30104806642595155	-0.9271117970213123	0.11200437532733164	0.9811784764084996	-9.750649474600715e-14	-1.1461048573154405e-14	0.9811784764084996	8.941654956788186	79.98944470579272	252.0105552942073	6.554768442644972	NaN	0.3246419495725428	1.4835940429301726	-188.96431015113507	-0.015346813362166423	0.1677242261872559	0.040366155112865426	0	65.37792374804066	-9.921352158409267	22.442125596116615	55.88406590255767	85.22672657408583	119.53169583074407	179.08026188125515	0.12004149350478187	1.0131883072423653	20.11181621244211	1.015212271001181	83.81040754209985	1.0859845000612667	0.163981451944611	1.0859845000612667	1.8854182225575669	1.0859845000612667	-0.009206802739998743	1.1485368055076053	NaN	NaN	800000009	800000009	800000009	800000019	800001019	801111119	899999999	899999999	89999	89999	89	89	4	11	4	36	43	18	1	NaN	0	0	0	0	0	0	0	0	0	NaN	NaN	NaN	NaN	0	3	0	0	0	0	101	0	17528	0	0	16	18000	18000	18000	18000	73	NaN	1.4923767281412756	1.31295918914608	0.16185216857298948	0.054926696607564184	0.9627815897859506	0.13081319794360613	2.5368151027149462e-8	NaN	0.017264576835447135	0.004135021232344958	0.04754345256534877	-0.000009206802739998744	NaN	399.3179825635601	7.465881963196658	95800.36550390624	11.466968530972798	2.1161484619767386	76.50146815158256	76.1237431354017	76.87919581310857	-0.7554452269725641	0.00028052305528156754	-1	0	2.0882363599212144	40.34441967054871	1.0001622307134999	-273.1499938964844	9.001119697438346	-273.1499938964844	157
DATA	2025-05-23T210000_AIU-0547.ghg	2025-05-23	21:30:00	143.895	0	18000	18000	0.06594920698515874	0	NaN	-32.000171355617184	1	NaN	146.82436123593257	0	NaN	7.744949104806189	0	NaN	3.3012279268484463	0	NaN	0.004246663546835723	0	NaN	NaN	NaN	NaN	NaN	NaN	NaN	NaN	NaN	NaN	-1.3539487754468497e-10	-2.694499840010006e-12	-7.574388078983015e-13	NaN	15.915346817619913	400.7532699963658	403.9751372309259	0.2	0	316.7320672056256	7.975409716163843	8.03952824786524	0.7	0	0.08903513588870834	2.086123920675448	2.1028953728642654	0	1	NaN	NaN	NaN	NaN	9	286.8412836617365	286.65452457954177	95420.47556907858	1.1561885307328588	1009.7135552924394	0.024976250675139283	0.21391956965977932	0.005754141701130055	761.2215228328969	1543.1979838345235	0.004976819565475839	49.32753482099691	781.9764610016266	276.21511352376024	0.4296763058930253	-0.4097670528932873	0.1671610907668575	0.6168254175608422	2.981570741329349e-14	-8.507189890124734e-15	0.6168254175608422	3.4168301577368925	15.641358772081048	316.35864122791895	15.723916686157294	NaN	0.23883086984769866	0.7603008460974814	35.898340029594884	0.08078367962443991	-0.21794865025291	-0.11477174901930463	0	60.7915661594033	-9.225354700052726	20.867777450256646	51.96371641694424	79.24794624933601	111.14637141498584	166.51751790028138	0.0652338418373848	1.0109661661435978	-23.66395293116239	1.0161683285495078	131.7881925992551	1.114093442971783	6.951794890872854	1.114093442971783	2.9631517424989076	1.114093442971783	0.004334534248383285	1.2088272919014895	NaN	NaN	800000009	800000009	800000009	800000019	800000019	800111119	899999999	899999999	89999	89999	89	89	3	5	9	9	19	4	0	NaN	0	0	0	0	0	0	0	0	0	NaN	NaN	NaN	NaN	0	0	0	0	0	0	101	0	13883	0	0	16	18000	18000	18000	18000	73	NaN	0.41937047300799535	0.9961658361431518	0.10506538304381559	0.4563776918791851	9.092975740532157	0.5820969502901425	1.0629982891847829e-7	NaN	-0.02027031274064391	0.17502605073883326	0.07460357438197633	0.000004334534248383285	NaN	400.7510639078132	7.974840184007552	95810.38157118055	11.470000267028809	3.0058367525274026	76.38006597455345	75.99815541055469	76.76197192637126	-0.7638134906788674	0.0002798021223117959	-1	0	2.0791492037508212	40.00762455348085	1.0001389544838004	-273.1499938964844	9.001001225127114	-273.1499938964844	155
DATA	2025-05-23T213000_AIU-0547.ghg	2025-05-23	22:00:00	143.916	0	18000	18000	0.07479091104790792	1	NaN	59.833041821083334	1	NaN	53.959002276998774	1	NaN	-0.8660621545865015	1	NaN	1.2105943895190852	1	NaN	0.03175706004041527	2	NaN	NaN	NaN	NaN	NaN	NaN	NaN	NaN	NaN	NaN	5.99398410174595e-11	1.4415046340511469e-12	3.32218983481541e-13	NaN	16.252396678164683	406.85919122892807	410.87949674453614	0.1	1	390.85697806885554	9.784634053199552	9.881319144996215	0.1	1	0.09007956330724834	2.0904156793204423	2.1110717437935116	0	1	NaN	NaN	NaN	NaN	9	284.64955126698817	284.39168182139457	95435.04589445466	1.1647662210672565	1010.6663298894982	0.024775305764278596	0.07844651644083671	0.007116727855439886	934.0474810877198	1329.923393147083	0.006110005361349631	70.23317928692293	395.87591205936326	279.13884821767994	1.124665497739952	0.5575453647631348	0.2526309191311915	1.2804498025602091	3.4044912715786913e-14	3.688061656653354e-15	1.2804498025602091	3.1565778550151706	305.63039443940943	26.36960556059057	11.379031224885383	NaN	0.25339907667310246	0.4270557557417016	-22.93972127097615	-0.1264182753462286	1.1088611593285242	0.20058086013163975	0	86.26178551335143	-13.09055875174952	29.610879539347916	73.73527683562907	112.45094959075035	157.71405570382348	236.28439470806225	0.07397148535882189	1.0110775886831411	62.14272635800589	1.0140537376548304	49.65310895866755	1.0867195107946928	-0.7969509574307453	1.0867195107946928	1.1139897438979498	1.0867195107946928	0.00772475219046507	1.1479076650319837	NaN	NaN	800000009	800000009	800000009	800000019	800000019	800000019	899999999	899999999	89999	89999	89	89	0	2	0	7	7	0	0	NaN	0	0	0	0	0	0	0	0	0	NaN	NaN	NaN	NaN	0	0	0	0	0	0	101	0	8513	0	0	16	18000	18000	18000	18000	73	NaN	0.5218057478894979	0.28299394654039195	0.04931181705351344	0.37905335969937287	2.443149824942006	0.1983647692324379	0.000002403895414468056	NaN	0.052789036826383036	-0.019939860219446298	0.027872229240846584	0.00000772475219046507	NaN	406.8591711117536	9.784439187850205	95814.43166493055	11.470000267028809	5.968354844927778	75.12978393088443	74.64997691514765	75.60959094874066	-0.9596142301029745	0.000278232850131139	-1	0	2.0816585442225155	37.42865586358528	1.0001613816055988	-273.1499938964844	9.001083898252912	-273.1499938964844	191
DATA	2025-05-23T220000_AIU-0547.ghg	2025-05-23	22:30:00	143.937	0	18000	18000	0.10026102373597777	1	NaN	62.389812559104286	1	NaN	11.111238135383621	1	NaN	-2.491765037320195	1	NaN	0.24915015727370102	1	NaN	-0.00155362353031965	1	NaN	NaN	NaN	NaN	NaN	NaN	NaN	NaN	NaN	NaN	-7.842952163624255e-12	-1.8514071694571925e-13	-4.408486549371041e-14	NaN	16.381835606841392	408.6538737224269	412.63442712301975	0.1	1	386.7095866278997	9.646682726757	9.740647664327897	0.1	1	0.09208152800130706	2.1311778958889467	2.1519369488828044	-0.1	0	NaN	NaN	NaN	NaN	9	284.0610381088256	283.82430207957765	95454.23096349656	1.1673903863490458	1010.5793326285939	0.024720907849459354	0.016144930191335824	0.007031830172790196	921.0636803584764	1280.6998853342034	0.0060235464117379695	71.91877589011585	359.63620497572697	278.9365874368573	1.1269307681839045	0.29141369825894314	0.21987856769819708	1.184584941802595	3.609844522477767e-14	-4.7875905679024615e-16	1.184584941802595	3.679741400088237	317.5014494245097	14.498550575490338	10.69708060319719	NaN	0.29306098915236534	0.6100729028977926	-34.03471900781006	-0.08520710863910841	5.615018938386766	0.18045509354032888	0	97.20575761443595	-14.751348740203683	33.3675910152197	83.0900195847224	126.71752253191853	177.72312710548584	266.2616297979438	0.09910815526381304	1.0116324279177222	62.30430869073586	1.0143390938504386	10.228105833902026	1.0863436804255946	-2.293717064146773	1.0863436804255946	0.22934745399917272	1.0863436804255946	-0.021750143528438334	1.1479586382292253	NaN	NaN	800000009	800000009	800000009	800000019	800000019	800011119	899999999	899999999	89999	89999	89	89	0	1	0	12	7	0	0	NaN	0	0	0	0	0	0	0	0	0	NaN	NaN	NaN	NaN	0	0	0	0	0	0	101	0	11244	0	0	16	18000	18000	18000	18000	73	NaN	0.7823964912114064	0.38881955223821774	0.04892976234596111	0.48416100856479877	4.888015494223076	0.1993757532499351	1.3407355609396331e-7	NaN	0.05281187137234398	-0.05725523945985118	0.0057249185627498015	-0.000021750143528438334	NaN	408.65361077968686	9.64648636974714	95838.96785828994	11.470000267028809	5.766150865621028	74.6731586019728	74.15847685411238	75.18784067196316	-1.0293628950450175	0.00027738055262468855	-1	0	2.122526366922589	40.01486668727158	1.0001546963072485	-285.26249440511174	9.001031154553095	-273.1499938964844	156
DATA	2025-05-23T223000_AIU-0547.ghg	2025-05-23	23:00:00	143.958	0	18000	18000	0.1180785288079348	1	NaN	-2.4867757487163074	2	NaN	126.44563354978575	0	NaN	8.128623720452241	0	NaN	2.836291859025348	0	NaN	-0.005273287599165633	0	NaN	NaN	NaN	NaN	NaN	NaN	NaN	NaN	NaN	NaN	3.875324853829944e-10	9.29454801822914e-12	2.1644145394508145e-12	NaN	16.34675340962677	407.5276258474767	411.55016234795454	0.1	1	392.05922145538443	9.774109861914832	9.870586054412142	0.1	1	0.09129854163747468	2.1166102230306185	2.137502406380691	-0.2	0	NaN	NaN	NaN	NaN	9	284.4604927868313	284.1809913110543	95461.17877046204	1.1659536137925965	1010.6565690743204	0.024750173758499354	0.18379171246484252	0.007116291968212868	933.2983291123666	1311.4538058546925	0.006103409161420324	71.16516990120924	378.15547674232596	279.1272456712011	0.38968562583227817	-0.253003499507189	0.1883854498303386	0.5013529050987267	-7.883344641003003e-15	2.3707000140760214e-14	0.5013529050987267	3.6600200966626013	4.993659591770324	327.0063404082296	22.070933442650233	NaN	0.3182327196216864	0.7740351154455989	1093.438701886286	0.0026521834237229975	-0.019666758581562114	-0.006631425838457417	0	80.54427965281208	-12.222905179133889	27.648244795649703	68.84803882023986	104.997603251092	147.2606314857904	220.6232603661555	0.11556819096730264	1.0217217023094392	4.452292530660734	1.0205925818312411	116.00513406767723	1.0900003225376005	7.4574507478385055	1.0900003225376005	2.6021018529813396	1.0900003225376005	-0.012092710203789788	1.1552690158688717	NaN	NaN	800000009	800000009	800000009	800000019	800000019	800101119	899999999	899999999	89999	89999	89	89	0	0	2	19	8	1	1	NaN	0	0	0	0	0	0	0	0	0	NaN	NaN	NaN	NaN	0	0	0	0	0	0	101	0	11686	0	0	16	18000	18000	18000	18000	73	NaN	0.2950490442061082	1.1607024263641175	0.09231876032097198	0.8287804641983098	12.461900630107529	0.5861586735785683	1.2292221049295162e-7	NaN	0.003778320679037363	0.18639554099199027	0.06503833535116503	-0.000012092710203789789	NaN	407.5263955314276	9.773537263399177	95854.02525499131	11.470000267028809	5.930375655465702	74.24000464630129	73.70830176968042	74.77170715628732	-1.063406204064691	0.00027736547389940817	-1	0	2.1079088456432027	39.37466492748259	1.000158543129762	-273.1499938964844	9.001077340602874	-273.1499938964844	077
DATA	2025-05-23T230000_AIU-0547.ghg	2025-05-23	23:30:00	143.979	0	18000	18000	0.09319054945005423	1	NaN	92.38866089829932	1	NaN	-27.717823160641004	1	NaN	-4.388002450833659	1	NaN	-0.6214293884972933	1	NaN	-0.0036771479523891267	1	NaN	NaN	NaN	NaN	NaN	NaN	NaN	NaN	NaN	NaN	5.2796632411535605e-11	1.3120031256790998e-12	2.9589829483852385e-13	NaN	16.451665329235322	410.1194049090792	414.3421815865518	0.1	1	408.82600553642817	10.191520113407819	10.296456658540164	0.1	1	0.0922032238766648	2.1329294093461106	2.1548910245651687	0	0	NaN	NaN	NaN	NaN	9	283.93205483669715	283.6654963283154	95457.98061104146	1.1678482852510201	1010.8785870740552	0.02470610546522312	-0.040268624374624605	0.0074334336445205165	973.1228892966897	1267.2130858124906	0.006365067910274627	76.79236429860246	294.0901965158009	279.73293079480663	0.5520485824579439	0.17053644807056628	0.1680297513179715	0.6017261128140724	1.315796700471388e-14	3.2091968414719513e-15	0.6017261128140724	3.20290624603425	314.83326262581295	17.166737374187083	16.215222800590155	NaN	0.28248326384034844	0.4255227908348473	-20.58601418318085	-0.14087234052181666	-3.3331860284573205	0.2770387540290417	0	92.16212580378351	-13.985958154481116	31.636275426314615	78.77879897176764	120.14263907548698	168.50175957175105	252.44634087923848	0.0914649013393778	1.0188667793372832	89.47264480275746	1.0187462655560156	-25.47216843839998	1.0881611130859061	-4.032493348700693	1.0881611130859061	-0.571082150450118	1.0881611130859061	-0.030558472132086074	1.1527321396322627	NaN	NaN	800000009	800000009	800000009	800000019	800001019	800001019	899999999	899999999	89999	89999	89	89	1	0	4	5	13	1	2	NaN	0	0	0	0	0	0	0	0	0	NaN	NaN	NaN	NaN	0	0	0	0	0	0	101	0	10541	0	0	16	18000	18000	18000	18000	73	NaN	0.41380244645056585	0.3853044090870363	0.05193872613209237	0.44765848036568506	5.232712712636062	0.1955488766760197	7.272164903553874e-7	NaN	0.07578876857101853	-0.10065329116488217	-0.014254530137500112	-0.00003055847213208607	NaN	410.1192748572431	10.19132763865632	95847.63367144097	11.470000267028809	6.564708175487044	73.8065418213739	73.25353234015567	74.3595518252055	-1.106018309844872	0.00027669597078541606	-1	0	2.1236008955240266	39.641226290914716	1.000160342047612	-273.1499938964844	9.001073535230425	-273.1499938964844	127
