DATAH	filename	date	time	DOY	daytime	file_records	used_records	Tau	qc_Tau	rand_err_Tau	H	qc_H	rand_err_H	LE	qc_LE	rand_err_LE	co2_flux	qc_co2_flux	rand_err_co2_flux	h2o_flux	qc_h2o_flux	rand_err_h2o_flux	ch4_flux	qc_ch4_flux	rand_err_ch4_flux	none_flux	qc_none_flux	rand_err_none_flux	H_strg	LE_strg	co2_strg	h2o_strg	ch4_strg	none_strg	co2_v-adv	h2o_v-adv	ch4_v-adv	none_v-adv	co2_molar_density	co2_mole_fraction	co2_mixing_ratio	co2_time_lag	co2_def_timelag	h2o_molar_density	h2o_mole_fraction	h2o_mixing_ratio	h2o_time_lag	h2o_def_timelag	ch4_molar_density	ch4_mole_fraction	ch4_mixing_ratio	ch4_time_lag	ch4_def_timelag	none_molar_density	none_mole_fraction	none_mixing_ratio	none_time_lag	none_def_timelag	sonic_temperature	air_temperature	air_pressure	air_density	air_heat_capacity	air_molar_volume	ET	water_vapor_density	e	es	specific_humidity	RH	VPD	Tdew	u_unrot	v_unrot	w_unrot	u_rot	v_rot	w_rot	wind_speed	max_wind_speed	wind_dir	yaw	pitch	roll	u*	TKE	L	(z-d)/L	bowen_ratio	T*	model	x_peak	x_offset	x_10%	x_30%	x_50%	x_70%	x_90%	un_Tau	Tau_scf	un_H	H_scf	un_LE	LE_scf	un_co2_flux	co2_scf	un_h2o_flux	h2o_scf	un_ch4_flux	ch4_scf	un_none_flux	un_none_scf	spikes_hf	amplitude_resolution_hf	drop_out_hf	absolute_limits_hf	skewness_kurtosis_hf	skewness_kurtosis_sf	discontinuities_hf	discontinuities_sf	timelag_hf	timelag_sf	attack_angle_hf	non_steady_wind_hf	u_spikes	v_spikes	w_spikes	ts_spikes	co2_spikes	h2o_spikes	ch4_spikes	none_spikes	head_detect_LI-7200	t_out_LI-7200	t_in_LI-7200	aux_in_LI-7200	delta_p_LI-7200	chopper_LI-7200	detector_LI-7200	pll_LI-7200	sync_LI-7200	chopper_LI-7500	detector_LI-7500	pll_LI-7500	sync_LI-7500	not_ready_LI-7700	no_signal_LI-7700	re_unlocked_LI-7700	bad_temp_LI-7700	laser_temp_unregulated_LI-7700	block_temp_unregulated_LI-7700	motor_spinning_LI-7700	pump_on_LI-7700	top_heater_on_LI-7700	bottom_heater_on_LI-7700	calibrating_LI-7700	motor_failure_LI-7700	bad_aux_tc1_LI-7700	bad_aux_tc2_LI-7700	bad_aux_tc3_LI-7700	box_connected_LI-7700	mean_value_RSSI_LI-7200	mean_value_LI-7500	u_var	v_var	w_var	ts_var	co2_var	h2o_var	ch4_var	none_var	w/ts_cov	w/co2_cov	w/h2o_cov	w/ch4_cov	w/none_cov	co2_mean	h2o_mean	air_p_mean	vin_sf_mean	dew_point_mean	avg_signal_strength_7200_mean	co2_signal_strength_7200_mean	h2o_signal_strength_7200_mean	delta_signal_strength_7200_mean	flowrate_mean	hit_power_mean	hit_vin_mean	ch4_mean	rssi_77_mean	ch4_aux-1_mean	ch4_aux-2_mean	ch4_aux-3_mean	ch4_aux-4_mean	CHK
DATAU		[yyyy-mm-dd]	[HH:MM]	[ddd.ddd]	[1=daytime]	[#]	[#]	[kg+1m-1s-2]	[#]	[kg+1m-1s-2]	[W+1m-2]	[#]	[W+1m-2]	[W+1m-2]	[#]	[W+1m-2]	[µmol+1s-1m-2]	[#]	[µmol+1s-1m-2]	[mmol+1s-1m-2]	[#]	[mmol+1s-1m-2]	[µmol+1s-1m-2]	[#]	[µmol+1s-1m-2]	[µmol+1s-1m-2]	[#]	[µmol+1s-1m-2]	[W+1m-2]	[W+1m-2]	[µmol+1s-1m-2]	[mmol+1s-1m-2]	[µmol+1s-1m-2]	[µmol+1s-1m-2]	[µmol+1s-1m-2]	[mmol+1s-1m-2]	[µmol+1s-1m-2]	[µmol+1s-1m-2]	[mmol+1m-3]	[µmol+1mol_a-1]	[µmol+1mol_d-1]	[s]	[1=default]	[mmol+1m-3]	[mmol+1mol_a-1]	[mmol+1mol_d-1]	[s]	[1=default]	[mmol+1m-3]	[µmol+1mol_a-1]	[µmol+1mol_d-1]	[s]	[1=default]	[mmol+1m-3]	[µmol+1mol_a-1]	[µmol+1mol_d-1]	[s]	[1=default]	[K]	[K]	[Pa]	[kg+1m-3]	[J+1kg-1K-1]	[m+3mol-1]	[mm]	[kg+1m-3]	[Pa]	[Pa]	[kg+1kg-1]	[%]	[Pa]	[K]	[m+1s-1]	[m+1s-1]	[m+1s-1]	[m+1s-1]	[m+1s-1]	[m+1s-1]	[m+1s-1]	[m+1s-1]	[deg_from_north]	[deg]	[deg]	[deg]	[m+1s-1]	[m+2s-2]	[m]	[#]	[#]	[K]	[0=KJ/1=KM/2=HS]	[m]	[m]	[m]	[m]	[m]	[m]	[m]	[kg+1m-1s-2]	[#]	[W+1m-2]	[#]	[W+1m-2]	[#]	[µmol+1s-1m-2]	[#]	[mmol+1s-1m-2]	[#]	[µmol+1s-1m-2]	[#]	[µmol+1s-1m-2]	[#]	8u/v/w/ts/co2/h2o/ch4/none	8u/v/w/ts/co2/h2o/ch4/none	8u/v/w/ts/co2/h2o/ch4/none	8u/v/w/ts/co2/h2o/ch4/none	8u/v/w/ts/co2/h2o/ch4/none	8u/v/w/ts/co2/h2o/ch4/none	8u/v/w/ts/co2/h2o/ch4/none	8u/v/w/ts/co2/h2o/ch4/none	8co2/h2o/ch4/none	8co2/h2o/ch4/none	8aa	8U	[#]	[#]	[#]	[#]	[#]	[#]	[#]	[#]	[#_flagged_recs]	[#_flagged_recs]	[#_flagged_recs]	[#_flagged_recs]	[#_flagged_recs]	[#_flagged_recs]	[#_flagged_recs]	[#_flagged_recs]	[#_flagged_recs]	[#_flagged_recs]	[#_flagged_recs]	[#_flagged_recs]	[#_flagged_recs]	[#_flagged_recs]	[#_flagged_recs]	[#_flagged_recs]	[#_flagged_recs]	[#_flagged_recs]	[#_flagged_recs]	[#_flagged_recs]	[#_flagged_recs]	[#_flagged_recs]	[#_flagged_recs]	[#_flagged_recs]	[#_flagged_recs]	[#_flagged_recs]	[#_flagged_recs]	[#_flagged_recs]	[#_flagged_recs]	[#]	[#]	[m+2s-2]	[m+2s-2]	[m+2s-2]	[K+2]	--	--	--	--	[m+1s-1K+1]	--	--	--	--	--	--	--	--	--	--	--	--	--	--	--	--	--	--	--	--	--	--	207
DATA	2025-02-21T233000_AIU-0547.ghg	2025-02-22	00:00:00	53	0	18000	18000	0.02306304517302292	1	NaN	29.742882093413694	1	NaN	7.357093575003163	1	NaN	-0.45469937346943845	2	NaN	0.16253674518117683	1	NaN	-0.0004948459898782376	0	NaN	NaN	NaN	NaN	NaN	NaN	NaN	NaN	NaN	NaN	9.572477872630177e-11	6.456414219801347e-13	5.288781419856046e-13	NaN	17.90077629656604	417.9219651391575	419.10332802048157	0.1	1	120.73658269515123	2.81878668657647	2.826754705105439	0.1	1	0.09890155332609311	2.12372777969658	2.1297310371902	-0.1	0	NaN	NaN	NaN	NaN	9	267.7597782702975	268.1915570407443	96524.75879340278	1.252529764855479	1006.607195818252	0.02310023493567275	0.010532381087740258	0.0021988753406128464	272.1556883172361	421.893623838409	0.001755547374849459	64.5081302346194	149.73793552117286	262.50717033034294	1.0623636583185332	-0.14495260203212898	0.1541460723677726	1.0832307284129699	-1.545958806330543e-13	5.347521087376806e-15	1.0832307284129699	5.370754675815989	339.7696575552195	352.23034244478043	8.18108429768076	NaN	0.1356951411931331	0.7495267911986031	-7.134170597415834	-0.4064943444232254	4.042748918468242	0.1738483873420332	1	14.173684661567599	6	11	19	29	47	112	0.022782086607518643	1.0123324333870083	29.708674018311463	1.0147213810848155	6.773970117812018	1.086082968635754	-0.4186598875043529	1.086082968635754	0.14965407788812102	1.086082968635754	-0.010253180740335743	1.1481558395052966	NaN	NaN	800000009	800000009	800000009	800000009	800000009	810100009	899999999	899999999	89999	89999	89	89	7	1	1	23	4	0	0	NaN	0	0	0	0	0	0	0	0	0	NaN	NaN	NaN	NaN	0	0	0	0	0	0	0	0	15805	0	0	18000	18000	18000	18000	18000	80	NaN	0.5056409075921637	0.9145896928654965	0.07882298193954614	0.18082270527531621	1.3142419034389368	0.019172362204470515	1.4358980820040431e-8	NaN	0.023563249545117494	-0.009698487058814232	0.0034668192034079887	-0.000010253180740335743	NaN	417.9218268516071	2.8187665311526695	96914.95225802952	11.410345966445075	-10.661017749521525	81.15928238466051	82.52570545578	79.79285654279921	2.732848590678639	0.0002597641325927624	-1	0	2.121079307172034	80.04837580935158	1.0000043287451068	-273.1499938964844	9.000240976783964	-273.1499938964844	090
DATA	2025-02-22T000000_AIU-0547.ghg	2025-02-22	00:30:00	53.02	0	18000	18000	0.030464227262614267	0	NaN	25.095693268463833	0	NaN	0.14353888396679246	2	NaN	-0.5644400027566379	1	NaN	0.0031701891233142016	2	NaN	-0.003473207113386514	0	NaN	NaN	NaN	NaN	NaN	NaN	NaN	NaN	NaN	NaN	-8.290272758067642e-11	-5.615469745217985e-13	-4.568415039714571e-13	NaN	17.92714778299989	417.96341017965693	419.1500668256798	0.1	1	121.430692247757	2.831102127717048	2.8391400230772685	0.1	1	0.09878885042876678	2.118256638285523	2.1242706654864287	-0.1	0	NaN	NaN	NaN	NaN	9	267.48425895690923	267.8750526292589	96525.36825260417	1.2540117475632808	1006.6104627809954	0.023072827670870585	0.00020542825519076025	0.002211105718956937	273.34647807509634	411.8905664480636	0.001763225682098611	66.36385980681675	138.54408837296728	262.5621007030001	0.6609032865500338	-0.2907687115410445	0.10076407748436024	0.7290356624302529	9.529001024972179e-15	-4.624423727866635e-15	0.7290356624302529	3.610893652447418	355.7474074222928	336.25259257770716	7.944601936950693	NaN	0.15586344848205658	0.38634463504048905	-12.813525443475204	-0.22632334971299517	174.8355050208534	0.1275533507154258	1	6.8839809733906225	3	6	10	15	26	66	0.02997489959119943	1.016324580835577	24.702505361291966	1.0171287725137763	0.1320729512841919	1.0868151470162002	-0.5193523519673804	1.0868151470162002	0.0029169533862477043	1.0868151470162002	-0.011085038001909636	1.150638412593084	NaN	NaN	800000009	800000009	800000009	800000009	800000009	800100009	899999999	899999999	89999	89999	89	89	1	4	3	6	0	0	0	NaN	0	0	0	0	0	0	0	0	0	NaN	NaN	NaN	NaN	0	0	0	0	0	0	0	0	17701	17997	0	18000	18000	18000	18000	18000	80	NaN	0.43224568828127513	0.28798103261452734	0.05246254918517564	0.1444831735405147	0.8979165716209715	0.023438320717515358	2.0407350871866154e-8	NaN	0.019569420129690287	-0.012016957677690685	0.00006749349503771344	-0.000011085038001909636	NaN	417.963288992231	2.831078657779951	96917.63915950521	11.420000076293945	-10.608910386774228	81.115704568651	82.47994259558784	79.75146441608004	2.728478404356374	0.00025912545551384227	-1	0	2.115593553642432	80.69374662378098	1.0000033764210012	-273.1499938964844	9.00018954398897	-273.1499938964844	179
DATA	2025-02-22T003000_AIU-0547.ghg	2025-02-22	01:00:00	53.041	0	18000	18000	0.06809033000656266	0	NaN	13.72883164325556	1	NaN	9.632932966642382	1	NaN	1.2759168365634974	1	NaN	0.21276891089828734	1	NaN	-0.005916666918606207	0	NaN	NaN	NaN	NaN	NaN	NaN	NaN	NaN	NaN	NaN	9.201878308742476e-11	6.245921884331415e-13	5.073661648317521e-13	NaN	17.90902226410964	417.69182428209956	418.8794102317699	0.3	0	121.56034923881478	2.835149975534076	2.8432109048614325	0.1	1	0.09874540433114593	2.1181348176338672	2.1241571216453305	-0.1	0	NaN	NaN	NaN	NaN	9	267.52979619852704	267.95811248440214	96518.87674587674	1.2535368082605562	1006.6135311763024	0.023081534123743214	0.013787425426209018	0.0022134318785131555	273.718893550846	414.49503245422966	0.001765749409133488	66.03671265495112	140.77613890338364	262.5792362380252	1.1934695058439715	-0.7192340004388236	0.1083293115497994	1.3976416738590087	-6.0918450613174686e-15	5.138124333668057e-15	1.3976416738590087	4.543224393567927	3.0749023674122213	328.9250976325878	4.445376801965958	NaN	0.23306345167035883	0.514319519648217	-78.30756822642259	-0.03703345750202316	1.425197464863168	0.04668308522945027	0	63.945095660162366	-9.703914968187593	21.950282079798583	54.65930600350343	83.35889045032191	116.91202910902216	175.1555237663383	0.06738209345537272	1.0105107531522304	14.039083447165911	1.0137856007515789	8.85933539317196	1.0873200459333152	1.173451038022846	1.0873200459333152	0.1956819537118479	1.0873200459333152	-0.01045255883083233	1.1479913638706827	NaN	NaN	800000009	800000009	800000009	800000009	800000009	801100009	899999999	899999999	89999	89999	89	89	13	21	2	7	5	0	0	NaN	0	0	0	0	0	0	0	0	0	NaN	NaN	NaN	NaN	0	0	0	0	0	0	0	0	17802	18000	0	18000	18000	18000	18000	18000	80	NaN	0.5178242319240635	0.42264552571804925	0.08816928165432135	0.11271141846852609	0.7031869293108706	0.02110566911771373	1.2909635132875174e-8	NaN	0.011125996027725337	0.02716207940215205	0.004529484905688902	-0.000010452558830832331	NaN	417.6915200927585	2.835128844807601	96912.02734440104	11.412641018973455	-10.589991932180185	81.10010451422798	82.4631872859531	79.73702119233874	2.726165823400021	0.0002593304569082749	-1	0	2.11547441122267	80.74947350629171	1.0000099742776818	-273.1499938964844	9.000170633898842	-273.1499938964844	065
DATA	2025-02-22T010000_AIU-0547.ghg	2025-02-22	01:30:00	53.062	0	18000	18000	0.06290608071767065	1	NaN	17.22811786157492	1	NaN	8.243408282132672	1	NaN	0.1870520956275768	1	NaN	0.1819981068917342	1	NaN	-0.004166561221541507	1	NaN	NaN	NaN	NaN	NaN	NaN	NaN	NaN	NaN	NaN	8.419536191027053e-11	5.676810667037142e-13	4.642829025080586e-13	NaN	17.96163313536477	418.45649399345507	419.6404727808634	0	0	121.10499707681448	2.821412290292959	2.8293951806296835	0.1	1	0.09904677617229667	2.1201047719387835	2.1261033861629373	0.1	0	NaN	NaN	NaN	NaN	9	267.1158697136773	267.49527114529076	96508.55445811633	1.2555780129281544	1006.601242800548	0.02304413009591932	0.011793477326584376	0.002206282039312003	272.3634606897177	400.16639603231806	0.0017571843538154157	68.06255182599621	127.80293534260034	262.5167701361129	-0.21743725465675837	-0.0312825267425544	0.0340065392146159	0.22229260199436593	6.12412930683617e-14	4.6875115016405586e-15	0.22229260199436593	2.500121574295262	143.81307810455706	188.18692189544294	8.799718210237032	NaN	0.22383317906493977	0.2437402657972021	-55.27314060664566	-0.0524667129128415	2.0899265536703213	0.060899286864852444	0	90.49369722137344	-13.73276768026172	31.06355788424492	77.35265131353904	117.96767391217809	165.45134000510126	247.8762565091743	0.060410528707381006	1.0413098852747622	17.091360432412802	1.0335333695802031	7.458369983069136	1.1052560144972174	0.1692387041319717	1.1052560144972174	0.1646660181030776	1.1052560144972174	-0.009607707373570713	1.174329992485967	NaN	NaN	800000009	800000009	800000009	800000009	800000009	800100009	899999999	899999999	89999	89999	89	89	5	4	1	3	26	0	0	NaN	0	0	0	0	0	0	0	0	0	NaN	NaN	NaN	NaN	0	0	0	0	0	0	0	0	18000	604	0	18000	18000	18000	18000	18000	80	NaN	0.22137422182344554	0.23197207640293982	0.03413423336801878	0.08174159640316508	0.27119002380063306	0.015332392199913622	2.668054707765325e-8	NaN	0.013523075375178864	0.00391099620794695	0.0038053244125331124	-0.000009607707373570712	NaN	418.45657357025146	2.821396873847555	96902.6240985243	11.399999618530273	-10.64847127315729	81.10162801488241	82.46451693428885	79.7387385058933	2.725777079582214	0.0002590503735344908	-1	0	2.117444183223777	81.09624809816145	1.0000040607386165	-273.1499938964844	9.000147223260667	-273.1499938964844	062
DATA	2025-02-22T013000_AIU-0547.ghg	2025-02-22	02:00:00	53.083	0	18000	18000	0.07432101649421086	0	NaN	23.306426555710306	0	NaN	6.749687546937604	1	NaN	0.14338113155326715	0	NaN	0.14899849675083396	1	NaN	-0.0026319796509995568	0	NaN	NaN	NaN	NaN	NaN	NaN	NaN	NaN	NaN	NaN	-3.0865269923675304e-11	-2.083339251110824e-13	-1.7062883843352448e-13	NaN	17.94716173828805	417.87485739734706	419.0568345626236	0.3	0	121.1394767901567	2.8205652975691433	2.828543388894528	0.1	1	0.09921518159909998	2.122253394097493	2.1282562799049267	-0.1	0	NaN	NaN	NaN	NaN	9	266.95651310560436	267.3442382795502	96484.88186955205	1.2559795843049995	1006.599221875781	0.023036769636732107	0.00965510258945404	0.002206324425452793	272.21490872769226	395.5870070666595	0.0017566562809009912	68.81290433328664	123.37209833896725	262.5099071841424	0.6500935133075276	-0.5350445198877765	0.10151475323475077	0.8480562831739696	-4.925442533256198e-14	-1.7197855780074721e-15	0.8480562831739696	3.227602113690114	11.455302990669168	320.54469700933083	6.8749534693493715	NaN	0.24325654292258073	0.5740829107634131	-52.43480829928013	-0.05530677223892537	3.452963769602142	0.07578303424784719	0	71.0936909709161	-10.78874188605169	24.40416352176704	60.769817756621755	92.67780642395222	129.98194126461746	194.73663382524035	0.07325040681375344	1.0146157506425806	23.297494242564007	1.0160681038123403	6.21407206507182	1.0861939604589368	0.13200324875005381	1.0861939604589368	0.1371748529036926	1.0861939604589368	-0.010196760569725497	1.1493933238897203	NaN	NaN	800000009	800000009	800000009	800000019	800100019	800100019	899999999	899999999	89999	89999	89	89	10	13	3	11	8	0	0	NaN	0	0	0	0	0	0	0	0	0	NaN	NaN	NaN	NaN	0	0	0	0	0	0	0	0	17954	0	0	17954	17954	17954	17954	17954	80	NaN	0.6773293540539392	0.3971413927686051	0.07369507470428183	0.11362353261963648	0.5120725726289694	0.01698170016200947	1.3645657812260349e-8	NaN	0.018427653718282512	0.0030495321445316373	0.003169006273044769	-0.000010196760569725496	NaN	417.87487099549287	2.820548190402422	96876.12126171876	11.399999618530273	-10.657000768767485	81.05018627421062	82.411488471561	79.68888352288141	2.7226046059661444	0.0002589216484710858	-1	0	2.119591960798622	80.29112052789996	1.000007306342934	-273.271429236328	9.000248373490978	-273.1499938964844	125
DATA	2025-02-22T020000_AIU-0547.ghg	2025-02-22	02:30:00	53.104	0	18000	18000	0.05443894361406717	1	NaN	17.750058440555684	0	NaN	11.008325683412616	0	NaN	0.4369486847830833	2	NaN	0.24301504721203934	0	NaN	-0.003057651254537558	0	NaN	NaN	NaN	NaN	NaN	NaN	NaN	NaN	NaN	NaN	3.0229260266279174e-10	2.022295171572737e-12	1.6748585770549824e-12	NaN	17.906100641690394	417.0748774379416	418.2418443357856	0.2	0	119.78930529696062	2.7901725129804436	2.7979793580772374	0.1	1	0.09920913041593353	2.122441734165713	2.1283802823266305	-0.1	0	NaN	NaN	NaN	NaN	9	266.9707718285455	267.37764473809136	96435.54376236981	1.2551949290346345	1006.58314296756	0.02305143572198036	0.01574737505934015	0.00218116173551118	269.1439791430112	396.5958723312396	0.001737707574383449	67.86353512984127	127.45189318822838	262.3672806795301	1.2777979555530279	-0.5050627798595775	0.12822644842155242	1.379963060697622	-3.274528154801399e-15	1.6882101173885413e-14	1.379963060697622	4.11047763854058	353.56691904991646	338.43308095008354	5.331626701755177	NaN	0.20825683148567195	0.6500718885458292	-43.18562612367702	-0.06715197301284562	1.612421266505726	0.06745896933723586	0	54.22108261853034	-8.228258473637519	18.612343071218152	46.34736590962456	70.68265735524975	99.13343195402483	148.51994554358396	0.053868512662888356	1.0105893206064291	18.07611564513273	1.0138211168834148	10.125200062681719	1.0872205601137521	0.4018951635143534	1.0872205601137521	0.2235195471161928	1.0872205601137521	-0.009145176048539571	1.1479689905515371	NaN	NaN	800000009	800000009	800000009	800000009	800000009	800100109	899999999	899999999	89999	89999	89	89	5	23	12	23	11	0	0	NaN	0	0	0	0	0	0	0	0	0	NaN	NaN	NaN	NaN	0	0	0	0	0	0	0	0	17901	0	0	18000	18000	18000	18000	18000	80	NaN	0.801263960501258	0.39254754081230814	0.10633227577809219	0.08446524764768132	0.4153657019140576	0.018319959734519456	1.2792162383291207e-8	NaN	0.014306858505678602	0.009290188711003075	0.005166866789709979	-0.000009145176048539571	NaN	417.0748247658893	2.7901541283610283	96827.2662172309	11.400345737563239	-10.800455130842016	81.05536756557889	82.41713932757906	79.69359389707776	2.7235459522671173	0.00025896470198090855	-1	0	2.1198108225663503	79.47211267026263	1.0000137213203641	-273.1499938964844	9.000313017368317	-273.1499938964844	092
DATA	2025-02-22T023000_AIU-0547.ghg	2025-02-22	03:00:00	53.124	0	18000	18000	0.0348830893151262	1	NaN	22.680910073359158	0	NaN	5.980829078854073	0	NaN	-0.36762794825995615	1	NaN	0.13201609855553717	0	NaN	-0.002461020723603515	0	NaN	NaN	NaN	NaN	NaN	NaN	NaN	NaN	NaN	NaN	1.1460325631415725e-10	7.5617741423326e-13	6.350913328738911e-13	NaN	17.911814990699142	417.16605758336493	418.31749871961466	0.1	1	118.18608283487518	2.7525531199963256	2.7601505810899645	0.1	1	0.09926104041450694	2.1224291442669942	2.1282873683028654	-0.1	0	NaN	NaN	NaN	NaN	9	266.8644900131226	267.2643327874078	96406.25163541667	1.2553635447797116	1006.5616586941104	0.023048667748204424	0.008554643186398809	0.0021520119346617917	265.4345096300462	393.18313906821857	0.001714253965403641	67.50912825485949	127.74862943817237	262.19305168164396	0.9660465120767927	-0.2382422784308341	0.08462126817716976	0.998581997512183	4.070802448079914e-14	6.398193392108278e-15	0.998581997512183	4.639355121822798	345.85360110709735	346.14639889290265	4.861156353427285	NaN	0.16669505380524235	0.6249674277114577	-17.328126690823954	-0.1673579638320445	3.7922685591451177	0.10767821977103141	1	10.682943838033879	5	9	15	24	40	104	0.034434416988809606	1.0130297639847483	22.662995884541203	1.0151197603172961	5.507268057467474	1.0859883732633069	-0.3385192303258865	1.0859883732633069	0.12156308649865147	1.0859883732633069	-0.009811702809808143	1.1484573244373695	NaN	NaN	800000009	800000009	800000009	800000009	800000009	800100019	899999999	899999999	89999	89999	89	89	11	27	10	27	17	0	0	NaN	0	0	0	0	0	0	0	0	0	NaN	NaN	NaN	NaN	0	0	0	0	0	0	0	0	18000	0	0	18000	18000	18000	18000	18000	80	NaN	0.7621055159638455	0.3927634627999688	0.09506587665910125	0.08172141830043171	0.28514516143910607	0.013426530589561675	1.0945591426207131e-8	NaN	0.017935249543332872	-0.007823958905422227	0.002809602846686509	-0.000009811702809808143	NaN	417.16601692376463	2.7525396211802016	96798.22279036458	11.40999984741211	-10.971372045093089	81.08431729846531	82.44652772013346	79.72210579511855	2.7244214960866513	0.00025865247823983527	-1	0	2.119836917923556	79.01033265474106	1.0000534618563122	-290.4304946221254	9.000482963959376	-273.1499938964844	110
DATA	2025-02-22T030000_AIU-0547.ghg	2025-02-22	03:30:00	53.145	0	18000	18000	0.10733237748794947	0	NaN	8.157277312552019	0	NaN	8.121276158622525	0	NaN	0.08172483041605176	1	NaN	0.17923336624595448	0	NaN	-0.0007067266011482249	1	NaN	NaN	NaN	NaN	NaN	NaN	NaN	NaN	NaN	NaN	-1.7062065251220462e-10	-1.116415835648024e-12	-9.445213919204929e-13	NaN	17.946831611828003	417.8297893368744	418.97525523347133	0.2	0	117.43084272708506	2.733970281750021	2.741465366590727	0.1	1	0.09935002665257042	2.122630149861051	2.1284492669029764	-0.1	0	NaN	NaN	NaN	NaN	9	266.7113184136284	267.09109187825527	96410.41951236979	1.2562409440359	1006.5498587146116	0.02303273182615811	0.01161432213273785	0.0021389623121171896	263.65392520686083	388.01595277198874	0.001702668840935393	67.94924881910532	124.3620275651279	262.1086481060319	0.26913267130981094	-0.12975210627909903	0.04603821669424432	0.3023036904283539	1.133850571232915e-14	-9.507006930390751e-15	0.3023036904283539	4.338304811456655	357.7392765622451	334.2607234377549	8.75973315009293	NaN	0.29230005876998755	0.5338368665234267	-259.77466941645054	-0.0111635210873888	1.0044329429545713	0.022070292440213544	0	79.35641525357251	-12.042642173739102	27.240489386627726	67.83267019785536	103.44910203604515	145.08883651406146	217.3695157456464	0.10396612894788668	1.0323783194981717	8.34818196227628	1.0275970461658406	7.396288978349333	1.0980203967686226	0.07442924617480763	1.0980203967686226	0.1632331847144393	1.0980203967686226	-0.0036895385716052844	1.165430355495803	NaN	NaN	800000009	800000009	800000009	800000009	800000009	800100009	899999999	899999999	89999	89999	89	89	15	7	6	4	1	0	0	NaN	0	0	0	0	0	0	0	0	0	NaN	NaN	NaN	NaN	0	0	0	0	0	0	0	0	17602	0	0	18000	18000	18000	18000	18000	80	NaN	0.5642281252970154	0.4226124099807664	0.08083319776907154	0.11348590679932753	0.2568062503695682	0.01438601089441164	1.984774929619465e-8	NaN	0.00660212390081948	0.0017190098496610913	0.003770016045260513	-0.0000036895385716052845	NaN	417.82977010583977	2.7339557932445664	96802.53863628472	11.413679376072356	-11.056520002047227	81.11143899578518	82.47503342692058	79.74784463967217	2.7271893888447023	0.0002586349407857698	-1	0	2.12005055085818	79.08942792934843	1.0000355063925186	-273.1499938964844	9.000392186774148	-273.1499938964844	145
DATA	2025-02-22T033000_AIU-0547.ghg	2025-02-22	04:00:00	53.166	0	18000	18000	0.10803906027726254	0	NaN	12.76849215439516	0	NaN	4.523919004268229	0	NaN	-0.17996987554834556	2	NaN	0.09983020472505384	0	NaN	-0.000609776564306335	0	NaN	NaN	NaN	NaN	NaN	NaN	NaN	NaN	NaN	NaN	1.0558642216942769e-10	6.888856681583249e-13	5.85327124330801e-13	NaN	17.956050802890868	417.80374944086566	418.9457575973255	0.1	1	117.15205232530278	2.72590934685503	2.7333602390790577	0.1	1	0.09954086297127204	2.1255724035824244	2.13138235867566	-0.2	0	NaN	NaN	NaN	NaN	9	266.61273399183483	266.97518646070694	96415.73834114583	1.256859502403979	1006.5443349371263	0.023021466603104154	0.006468997266183488	0.002133699304167461	262.8910611617185	384.59270598513234	0.001697643451862648	68.35570645790703	121.70164482341386	262.07233119709855	0.47030900306403994	-0.23406735750868596	0.0617112831850466	0.5289483610775023	2.7581594118381495e-14	5.880269739069161e-15	0.5289483610775023	5.127426230083151	358.45899947156795	333.54100052843205	6.699835094880654	NaN	0.2931885681672716	0.7190032124272862	-167.48381758343905	-0.017315105673151043	2.822440486301443	0.03442491999395577	0	76.66211236321053	-11.633771315439594	26.315622391883256	65.52962061086153	99.93680610218215	140.16279152664637	209.98940271157494	0.10583394363410743	1.0208356276581614	12.754961045124189	1.0200173810979851	4.15265207738022	1.089404775543399	-0.16520018967107605	1.089404775543399	0.0916373848969573	1.089404775543399	-0.004851104849310292	1.1544673442067355	NaN	NaN	800000009	800000009	800000009	800000009	800000009	800100019	899999999	899999999	89999	89999	89	89	1	3	1	10	25	0	0	NaN	0	0	0	0	0	0	0	0	0	NaN	NaN	NaN	NaN	0	0	0	0	0	0	0	0	18000	0	0	18000	18000	18000	18000	18000	80	NaN	0.8318354227814972	0.5175107077641715	0.08866029430890356	0.059386244543038286	0.18603791767705793	0.008005121102745497	9.912090294124128e-9	NaN	0.010082297190333791	-0.0038135488261820186	0.00211539491754813	-0.000004851104849310292	NaN	417.8037050167609	2.725901263840657	96807.5850390625	11.420000076293945	-11.08833256949319	81.1036212141249	82.46694999440511	79.74029329596625	2.726657743506961	0.0002586216997167665	-1	0	2.1229971668499488	79.07252550252277	1.0000230866322914	-273.1499938964844	9.000337604999542	-273.1499938964844	177
DATA	2025-02-22T040000_AIU-0547.ghg	2025-02-22	04:30:00	53.187	0	18000	18000	0.07742866908039887	0	NaN	5.803954975279079	0	NaN	17.76089384501179	0	NaN	0.36728155860785	1	NaN	0.3919557715505991	0	NaN	-0.008713672037311215	1	NaN	NaN	NaN	NaN	NaN	NaN	NaN	NaN	NaN	NaN	4.721572660565021e-10	3.0643989261222643e-12	2.620481969322264e-12	NaN	17.92731838765173	417.26199476766885	418.39505761548514	0.2	0	116.35202752296044	2.708117190183544	2.7154710038886196	0.1	1	0.09949696419056919	2.1252221541635654	2.1309931333000183	0	0	NaN	NaN	NaN	NaN	9	266.67220348442925	267.0365204128689	96395.11228081597	1.2563104668528076	1006.535346096146	0.02303168260487034	0.02539873399647882	0.002118832281620831	261.11928431807763	386.40083153593883	0.0016865514835108658	67.57730910674583	125.2815472178612	261.9876203424369	0.7634366012777257	-0.25626101097137627	0.03549240491846722	0.8060799344491253	5.3962484520611555e-14	2.633730577249759e-14	0.8060799344491253	3.858743007164568	350.55523902509094	341.44476097490906	2.52359918466399	NaN	0.24825751739888008	0.6824043034636108	-223.65945404799467	-0.012966140923234545	0.32678281993724884	0.018488242039812187	0	56.316543630542405	-8.546252766550674	19.33164702762056	48.13853446589172	73.41430241950222	102.96460299699507	154.25973789672256	0.07627221297859174	1.0151622203767934	6.605978292880327	1.0164040712679097	16.34904616547996	1.086356577945988	0.3380856397098289	1.086356577945988	0.3607984519150088	1.086356577945988	-0.011131628351257267	1.1497712070965012	NaN	NaN	800000009	800000009	800000009	800000009	800000009	800100019	899999999	899999999	89999	89999	89	89	9	23	7	9	15	0	0	NaN	0	0	0	0	0	0	0	0	0	NaN	NaN	NaN	NaN	0	0	0	0	0	0	0	0	18000	0	0	18000	18000	18000	18000	18000	80	NaN	0.7419882005222137	0.4853839678655994	0.13743643853940848	0.03743499082307066	0.09898888320543274	0.012234134970087962	1.3544625404846573e-8	NaN	0.0052240958154244465	0.007807831341128558	0.008332366506635663	-0.000011131628351257267	NaN	417.2618690923055	2.7081048887990224	96787.76220638021	11.412988249142966	-11.176320914321519	81.11085716332329	82.47569732115002	79.74601668760513	2.7296817808813523	0.00025864423458955973	-1	0	2.1226667977571494	78.84369018194411	1.000089368806945	-370.57487298753614	9.000635739856296	-273.1499938964844	137
DATA	2025-02-22T043000_AIU-0547.ghg	2025-02-22	05:00:00	53.208	0	18000	18000	0.0723490261001101	0	NaN	14.048142014432456	0	NaN	14.744623232382901	0	NaN	0.6299551870805523	0	NaN	0.3253884124079131	0	NaN	-0.004597958648596173	0	NaN	NaN	NaN	NaN	NaN	NaN	NaN	NaN	NaN	NaN	5.179003043776892e-11	3.461198867258662e-13	2.8704186401922284e-13	NaN	17.922553541554556	417.2040809051647	418.37059526005294	0.1	1	119.77888696348818	2.788232175263527	2.796028150916856	0.1	1	0.09933423736318944	2.121744412880856	2.127676869988321	0	0	NaN	NaN	NaN	NaN	9	266.66517486818896	267.02713435194227	96364.4909357639	1.2559174399267479	1006.578508822119	0.023038191489870803	0.021085169124032768	0.002180897952914921	268.75864650923	386.12364117604125	0.0017364978648931916	69.60429713411351	117.36499466681124	262.3492820173821	1.1667602355288786	-0.25124358075524966	0.10165001883775923	1.197825325501052	-4.0239589666969784e-14	2.88965689613874e-15	1.197825325501052	3.9080975412580545	344.1521904740654	347.8478095259346	4.868097351977685	NaN	0.24001357130246342	0.5205355776229879	-83.48328179793356	-0.03473749399333967	0.9527637154931977	0.046299291472510086	0	60.410929649852335	-9.167591641223314	20.737117253907627	51.63835405354701	78.75174811602366	110.45044647773841	165.4748955301576	0.0715229196534676	1.0115502338361608	14.601925694221688	1.0142955867788674	13.572122097590231	1.086390405742139	0.5798607791001386	1.086390405742139	0.29951333396177465	1.086390405742139	-0.009678022134430489	1.1479448947472175	NaN	NaN	800000009	800000009	800000009	800000009	800000009	800101019	899999999	899999999	89999	89999	89	89	5	4	3	12	10	0	0	NaN	0	0	0	0	0	0	0	0	0	NaN	NaN	NaN	NaN	0	0	0	0	0	0	0	0	18000	0	0	18000	18000	18000	18000	18000	80	NaN	0.45431746201811635	0.47896583103755125	0.10778786219030806	0.07618157814307926	0.2730862121007111	0.011489140392287395	1.674292269391944e-8	NaN	0.011550516085212657	0.013396305696227986	0.006919544012055768	-0.00000967802213443049	NaN	417.20406059800496	2.788220589687722	96757.23697938368	11.40999984741211	-10.813474640528359	81.00675910992092	82.36924131393434	79.64427880647447	2.7249629818201067	0.0002592404554824396	-1	0	2.119116790678766	78.48212682088216	1.0000704415614405	-526.3416295284694	9.000507903973261	-389.429998779301	069
DATA	2025-02-22T050000_AIU-0547.ghg	2025-02-22	05:30:00	53.229	0	18000	18000	0.11722036684935032	0	NaN	10.74108122502736	0	NaN	23.479274472531106	0	NaN	1.5675746970129782	0	NaN	0.5181563893251276	0	NaN	-0.0061248758904761955	0	NaN	NaN	NaN	NaN	NaN	NaN	NaN	NaN	NaN	NaN	9.455748716847402e-11	6.221412899967156e-13	5.237544056204252e-13	NaN	17.92655883154139	417.32926267109036	418.478328509415	0.2	0	117.9478513085487	2.745819221792254	2.7533795041596645	0.1	1	0.09929530116324756	2.121053422018405	2.1268934870378184	-0.1	0	NaN	NaN	NaN	NaN	9	266.65732794274226	267.04614551289876	96372.29820529514	1.2559499386473012	1006.5557967344896	0.023037965215529654	0.03357653402826827	0.0021477445061476187	264.69189061795373	386.6852650702625	0.0017100558231332127	68.45150682683965	121.99337445230879	262.1579114306547	0.8169737085971307	-0.5335504546184431	0.029706126940465535	0.9762195358321287	1.017756038722301e-14	5.274714910822828e-15	0.9762195358321287	3.9042676731741386	5.147812146910951	326.85218785308905	1.7437660473158145	NaN	0.3055029256187653	0.5639955256819567	-225.18083193420864	-0.012878538439929454	0.4574707467044425	0.027811373902611784	0	68.42039490243884	-10.383058894018028	23.48650748919581	58.48472448502167	89.19289500404012	125.09430344738983	187.41406173081248	0.11568927925535678	1.01323448122288	11.767049205681053	1.0152393131151234	21.620216890133406	1.0859869996607712	1.4434562269185913	1.0859869996607712	0.4771294587200248	1.0859869996607712	-0.0106246261532116	1.1485610502691044	NaN	NaN	800000009	800000009	800000009	800000009	800000009	801100009	899999999	899999999	89999	89999	89	89	9	30	5	14	3	0	0	NaN	0	0	0	0	0	0	0	0	0	NaN	NaN	NaN	NaN	0	0	0	0	0	0	0	0	18000	0	0	18000	18000	18000	18000	18000	80	NaN	0.4930988320879866	0.5069676793361186	0.1279245399398081	0.07992301135434503	0.3221962525096384	0.017243370649775946	1.3538900351727504e-8	NaN	0.009308021680727236	0.03334588066646464	0.011022365414500464	-0.0000106246261532116	NaN	417.3292521088769	2.745801932666422	96764.90922851562	11.40999984741211	-11.009403554121668	81.0564745534261	82.42017296515571	79.69277679740057	2.7273939825031492	0.0002586654572159103	-1	0	2.118468769815233	78.5241305349138	1.000070352502995	-522.4252543640173	9.000515864796109	-384.8272485860214	040
DATA	2025-02-22T053000_AIU-0547.ghg	2025-02-22	06:00:00	53.249	0	18000	18000	0.05798117149827981	0	NaN	26.255910575185805	0	NaN	11.644400821155639	0	NaN	0.3021346883987983	0	NaN	0.25697231835041556	0	NaN	-0.0022333319303881644	0	NaN	NaN	NaN	NaN	NaN	NaN	NaN	NaN	NaN	NaN	1.1777337969336977e-10	7.937444833451533e-13	6.520219773597068e-13	NaN	17.92160677454409	417.20006943928774	418.37644278848825	0.1	1	120.78431091144382	2.8117580936440776	2.8196863696153813	0.1	1	0.09921835916592275	2.119306485364485	2.1252822649743046	-0.2	0	NaN	NaN	NaN	NaN	9	266.66659187740754	267.02907178243004	96373.21248567708	1.2560108094900722	1006.5912374058477	0.023036273727298134	0.016651806229106926	0.0021994825341722095	271.05084724002165	386.1808431287925	0.0017511652905799254	70.18754349490747	115.12999588877085	262.456012909969	1.146718778524124	-0.49735849425171547	0.12558584229216013	1.2562249928290892	3.4657893641750112e-15	6.571585973008596e-15	1.2562249928290892	4.221522052370242	355.4474945965278	336.5525054034722	5.737490150383945	NaN	0.21485566274202478	0.4354818461416042	-32.04453849276174	-0.09049904091004636	2.2548099278310536	0.09665709927267913	0	62.79996661619442	-9.530137217829331	21.557196335327234	53.680466920043614	81.8660990870106	114.81836799647222	172.01883790473264	0.057338449496142606	1.0112092672157178	26.497396817465063	1.0141197339971861	10.71618866580507	1.0866177504239407	0.27805057324060956	1.0866177504239407	0.23648823907961986	1.0866177504239407	-0.01108189827178844	1.1479090634074718	NaN	NaN	800000009	800000009	800000009	800000009	800000009	800001019	899999999	899999999	89999	89999	89	89	2	1	6	17	16	0	0	NaN	0	0	0	0	0	0	0	0	0	NaN	NaN	NaN	NaN	0	0	0	0	0	0	0	0	18000	0	0	18000	18000	18000	18000	18000	80	NaN	0.46801241628854806	0.324557400555809	0.07839387543885122	0.0874996647436922	0.309201891003034	0.011803526291962432	1.8582496321564474e-8	NaN	0.020958330622144382	0.0064233147671076424	0.0054631730502239005	-0.00001108189827178844	NaN	417.2002113512261	2.811746181319229	96765.13924631076	11.40999984741211	-10.707062012831377	80.98390975994533	82.34692465082804	79.62089331393773	2.7260327925284704	0.00025857700285268945	-1	0	2.116658898055553	78.24253757540386	1.0000658323003186	-569.7043813493478	9.000514041900635	-469.69550214978847	109
DATA	2025-02-22T060000_AIU-0547.ghg	2025-02-22	06:30:00	53.27	0	18000	18000	0.026214697936021013	0	NaN	7.231591680991796	0	NaN	6.155521928644054	0	NaN	0.35200488660074014	1	NaN	0.13579952217882352	0	NaN	-0.0025550710440709955	0	NaN	NaN	NaN	NaN	NaN	NaN	NaN	NaN	NaN	NaN	-1.3688966562088039e-11	-8.958484926509967e-14	-7.572187735745389e-14	NaN	17.95198495652019	417.533181764276	418.677203337431	0.3	0	117.4833658220207	2.732466836110427	2.739953668642472	0.1	1	0.09930318676979294	2.117827326059088	2.1236300748106745	-0.2	0	NaN	NaN	NaN	NaN	9	266.34152881198463	266.69715396965876	96378.11728168403	1.2576757269085208	1006.5450921170346	0.023006468694788756	0.008799809037187764	0.0021402264677637343	263.42065005114154	376.4903579282348	0.0017017315528738094	69.96743595259717	113.06970787709326	262.09755275616124	0.20471022802830804	-0.31098750252548774	0.01679005080740919	0.3726947946947389	-3.8683178194615704e-14	-7.62532198820509e-16	0.3726947946947389	2.4199471522472513	28.644741080036113	303.3552589199639	2.582071879526147	NaN	0.14437370088555884	0.2228788882433849	-35.30042791903975	-0.08215197862901392	1.1748137306343378	0.03956798117816217	1	2.493255553050504	1	2	4	6	11	32	0.025514945554179377	1.027425195964293	7.372030193218591	1.0243268209282157	5.6258022349287	1.0941589610858526	0.32171274843959374	1.0941589610858526	0.12411315632241857	1.0941589610858526	-0.005007277859481336	1.1606204414776042	NaN	NaN	800000009	800000009	800000009	800000009	800000009	800100009	899999999	899999999	89999	89999	89	89	4	7	7	3	5	0	0	NaN	0	0	0	0	0	0	0	0	0	NaN	NaN	NaN	NaN	0	0	0	0	0	0	0	0	18000	0	0	18000	18000	18000	18000	18000	80	NaN	0.16928028471131332	0.2354957543172671	0.04098173745818938	0.1059429161289069	0.2018849809777422	0.010467673049532488	1.5661619395367904e-8	NaN	0.005823514894191536	0.007421759427007784	0.00286323122853976	-0.000005007277859481336	NaN	417.53316841818605	2.732456251358785	96771.57496788194	11.40999984741211	-11.064909178627849	81.07421289994981	82.43848796251085	79.70993794080945	2.728551400217745	0.00025841114219413917	-1	0	2.115245169884629	78.54170423931544	1.000082327057918	-450.9211263614089	9.00059543495708	-332.3801213836628	187
DATA	2025-02-22T063000_AIU-0547.ghg	2025-02-22	07:00:00	53.291	1	18000	18000	0.03938443506516627	1	NaN	4.421462470269531	2	NaN	-1.078321041754446	2	NaN	-0.02372990592527334	1	NaN	-0.023784733217829607	2	NaN	0.0008910418386083683	2	NaN	NaN	NaN	NaN	NaN	NaN	NaN	NaN	NaN	NaN	5.0477052043614805e-11	3.391210744419826e-13	2.7924420287333977e-13	NaN	17.958721547306336	417.41977316763786	418.5936606209161	0.1	1	120.65246879838931	2.8043603229369727	2.812246876495721	0.1	1	0.09934948021070487	2.116908578676576	2.1228618482147867	-0.1	0	NaN	NaN	NaN	NaN	9	266.1049453777738	266.49391541205506	96392.31040993924	1.2587859754547333	1006.5819223220741	0.022985551475145128	-0.0015412507125153584	0.002198536499758147	270.39128089855234	370.66409808660137	0.0017465530619404392	72.94779351286904	100.27281718804903	262.4253844170026	0.2500881954614472	-0.025988381908888712	0.06273991984543022	0.2591443594709457	1.0040974217559417e-13	2.810726359927662e-15	0.2591443594709457	1.7386664671629704	337.9327038932457	354.0672961067544	14.010761193452677	NaN	0.17688310870073176	0.24693489654867534	-106.19216522886464	-0.027308982670707763	-4.10032105380763	0.019727795559060783	1	0.7465325398537256	1	1	1	2	5	21	0.03799427537304517	1.036588661804229	4.241676726612823	1.0303898231877846	-0.9790470460683225	1.1013985957925003	-0.021545248029119488	1.1013985957925003	-0.021595027729916016	1.1013985957925003	-0.0004709167710749326	1.1695946223295475	NaN	NaN	800000009	800000009	800000009	800000009	800000009	800010009	899999999	899999999	89999	89999	89	89	0	9	0	10	5	0	0	NaN	0	0	0	0	0	0	0	0	0	NaN	NaN	NaN	NaN	0	0	0	0	0	0	0	0	17401	0	0	18000	18000	18000	18000	18000	80	NaN	0.21487789036679592	0.24869021364745192	0.030301689083102816	0.1400610892742939	0.18067090859561408	0.010807932958763899	2.6812243001666458e-8	NaN	0.0033476230091060784	-0.0004966224896027018	-0.0004977699221552458	-4.7091677107493263e-7	NaN	417.41968678164415	2.804349359177677	96784.34537304688	11.417011674563089	-10.737317663298686	80.98425347476535	82.34787385559082	79.62063467449613	2.7272372806072234	0.0002581314749436892	-1	0	2.114261938174566	78.61065556907654	1.0000212473589236	-273.1499938964844	9.000275012360678	-273.1499938964844	076
DATA	2025-02-22T070000_AIU-0547.ghg	2025-02-22	07:30:00	53.312	1	18000	18000	0.008471734086804681	0	NaN	21.731412050769908	0	NaN	0.8464009497639003	0	NaN	0.08260995183039356	1	NaN	0.018659062688032964	0	NaN	-0.0012788033714332312	0	NaN	NaN	NaN	NaN	NaN	NaN	NaN	NaN	NaN	NaN	3.9402725466965504e-12	2.64223602319735e-14	2.1737482233668346e-14	NaN	18.01947343495251	418.058902366881	419.2341773801149	0.2	0	120.83352424135218	2.803385498239712	2.8112665621517348	0.1	1	0.09940885535462035	2.1125754489911293	2.118514461710901	0	0	NaN	NaN	NaN	NaN	9	265.48126325819226	265.91561465623647	96403.85565559896	1.2616750865773516	1006.5758375899488	0.022932925298652714	0.001209107262184536	0.002202815684695859	270.3296645444924	354.522402887824	0.0017459452977482625	76.25178616145976	84.1927383433316	262.422519720573	0.856254112503796	0.017492581962285612	0.10514495019174207	0.8628629996437364	2.604972050940955e-14	2.1866746333738995e-16	0.8628629996437364	2.388427434320321	330.8296561628202	1.1703438371797628	6.999224152705601	NaN	0.08194310080806538	0.2992672793543138	-2.148242185210333	-1.349940905157331	25.675079945068333	0.2088245354425041	1	14.374509287351636	6	11	18	28	44	96	0.008351182076911759	1.014435322901917	21.451357687400794	1.0159581079820095	0.7792682557010826	1.086148375186181	0.07605770419371392	1.086148375186181	0.01717911025262505	1.086148375186181	-0.008047215980698843	1.149273686361386	NaN	NaN	800000009	800000009	800000009	800000009	800000009	800100009	899999999	899999999	89999	89999	89	89	1	2	2	15	0	0	0	NaN	0	0	0	0	0	0	0	0	0	NaN	NaN	NaN	NaN	0	0	0	0	0	0	0	0	17901	0	0	18000	18000	18000	18000	18000	80	NaN	0.14975825051663647	0.42820333694980267	0.020572971242188525	0.09845716950635688	0.860902419728005	0.0022532177690117324	1.6536553351837006e-8	NaN	0.01689120979080201	0.001749130450910543	0.00039507509700640496	-0.000008047215980698843	NaN	418.0588894863237	2.803383014355642	96792.58889778645	11.419307838228013	-10.73440202156703	80.83816282780967	82.19968649885388	79.47663874901664	2.723047300961283	0.00025814407118822494	-1	0	2.109934176213211	77.77638264804422	1.0000615446898673	-513.1390039740752	9.000523230989774	-445.5916261376366	186
DATA	2025-02-22T073000_AIU-0547.ghg	2025-02-22	08:00:00	53.333	1	18000	18000	0.012856257093366763	0	NaN	42.387229762368605	0	NaN	9.77103646939575	0	NaN	-0.8493748583224103	1	NaN	0.2153939980203651	0	NaN	0.0012132046175141892	0	NaN	NaN	NaN	NaN	NaN	NaN	NaN	NaN	NaN	NaN	2.0492923349623304e-10	1.3660262782866697e-12	1.1315745675489077e-12	NaN	17.984484807302223	416.82152223808157	417.9828739417409	0.1	1	119.88176810642196	2.7784671958143896	2.7862085849684206	0.1	1	0.09930640578317977	2.109881185293704	2.115759754365433	-0.1	0	NaN	NaN	NaN	NaN	9	265.4310278244019	265.8649426083035	96417.96183789063	1.262112106152951	1006.5618991795901	0.022925200768730468	0.013957531071719658	0.0021839712651382545	267.9660038221126	353.13830804928654	0.001730409885533248	75.88131837135985	85.17230422717392	262.3121857430125	1.6379391373511938	0.09026301702611844	0.21321161929750077	1.6542222415724328	3.047339849321716e-14	1.1394779205074911e-14	1.6542222415724328	3.2868837798343153	328.8457532414264	3.1542467585736573	7.405416468894466	NaN	0.10092721933286364	0.284258760816645	-2.0581041457125493	-1.4090637765058156	4.338048465496094	0.33058892946628726	1	24.498435015102412	11	19	31	46	72	158	0.01273421717533397	1.0095836215412741	42.34849681035431	1.0134305685032923	8.972204684983758	1.0890340571196448	-0.7799341561171169	1.0890340571196448	0.19778444632856987	1.0890340571196448	-0.012719520797448668	1.148614856453095	NaN	NaN	800000009	800000009	800000009	800000009	800010009	800011009	899999999	899999999	89999	89999	89	89	15	0	1	26	20	0	0	NaN	0	0	0	0	0	0	0	0	0	NaN	NaN	NaN	NaN	0	0	0	0	0	0	0	0	18000	0	0	18000	18000	18000	18000	18000	80	NaN	0.22984713078130622	0.3087047711414997	0.0299656197104841	0.1779065980624745	0.9745408054043598	0.007549687984503294	3.1439812573797584e-8	NaN	0.03333493246362287	-0.01792997833511373	0.004546884900321259	-0.000012719520797448667	NaN	416.82158757236334	2.778459491382157	96807.88281553819	11.399999618530273	-10.848219988663997	80.6176421907213	81.96657230419582	79.26871041573419	2.6978622290955654	0.0002576979000587017	-1	0	2.107267911606365	76.89323313183257	1.000046217461427	-314.37287062751136	9.00046150445938	-281.9921192677792	063
DATA	2025-02-22T080000_AIU-0547.ghg	2025-02-22	08:30:00	53.354	1	18000	18000	0.0201033269018997	2	NaN	-0.9490025252436661	2	NaN	15.895881413083622	0	NaN	-0.059885214657962565	2	NaN	0.35111922565304543	0	NaN	-0.008034515680451833	0	NaN	NaN	NaN	NaN	NaN	NaN	NaN	NaN	NaN	NaN	-2.230033525363294e-10	-1.4358480584358499e-12	-1.2440625129181013e-12	NaN	17.77349670124737	414.2998357335489	415.40795540259904	0.1	1	114.43792409329166	2.667545613025694	2.6746804451133013	0.1	1	0.09915250474045334	2.1272496034297976	2.1329393163459662	-0.1	0	NaN	NaN	NaN	NaN	9	267.4363679385715	268.0078179745144	96398.90285894097	1.251825870536008	1006.5235571049541	0.023114547287956463	0.022752525822317342	0.002079606932011125	257.2174477769084	416.0606164616727	0.0016612589505924469	61.822108990842956	158.8431686847643	261.7992479112855	1.2719152064640995	-0.7881159863862567	0.1428545574391842	1.5030976432065564	6.099939745508241e-14	-1.254696002057258e-14	1.5030976432065564	3.95366606885705	3.7835700855084724	328.2164299144916	5.4536280886667265	NaN	0.1267249142818173	0.5786951109467378	181.94348010118796	0.01593901577779629	-0.05970115783970046	-0.00594343470157719	1	27.76267216931246	12	24	48	85	169	607	0.019959479606946585	1.0072069662028187	-0.1453197728419413	1.0121811180930715	14.500965324373938	1.0961947054907468	-0.05463008930621775	1.0961947054907468	0.3203073540624844	1.0961947054907468	-0.00811601607078234	1.1685464233055785	NaN	NaN	800000009	800000009	800000009	800000009	800000009	800111109	899999999	899999999	89999	89999	89	89	10	2	7	15	18	0	0	NaN	0	0	0	0	0	0	0	0	0	NaN	NaN	NaN	NaN	0	0	0	0	0	0	0	0	17001	0	0	18000	18000	18000	18000	18000	80	NaN	0.8289847199825234	0.2950550489017193	0.03335045300923274	0.15192572400881182	1.0652104784687721	0.026528823857477308	2.4953641016972536e-8	NaN	-0.00011533386444968016	-0.0012661281431540902	0.007423567498938267	-0.00000811601607078234	NaN	414.29961162257496	2.667519065246137	96805.96553103297	11.40367914719052	-11.373919779671596	80.96783560138279	82.33148728815713	79.6041828189426	2.7273041833506695	0.0002586206707039512	-1	0	2.124733441624377	78.94615388064923	1.0000563915487792	-358.17974746703703	9.000492612074922	-305.97487027486125	132
DATA	2025-02-22T083000_AIU-0547.ghg	2025-02-22	09:00:00	53.374	1	18000	18000	0.03223893953039132	0	NaN	4.495002283834452	1	NaN	13.355252278838327	1	NaN	0.5885755049832677	1	NaN	0.2957264060295659	1	NaN	-0.003896276965485695	1	NaN	NaN	NaN	NaN	NaN	NaN	NaN	NaN	NaN	NaN	-7.213106672417731e-11	-4.764695480712833e-13	-4.033170424054893e-13	NaN	17.689643697487814	414.5566219258837	415.6949603898147	0.1	1	116.8508511084989	2.7383985191054516	2.745917936716942	0.1	1	0.09891070659691621	2.1475379176776626	2.153434880565593	-0.2	0	NaN	NaN	NaN	NaN	9	268.3704288109673	270.61148410203725	96400.76361067708	1.239772212078659	1006.5916556661417	0.023338652045440327	0.01916307111071587	0.002114344138799873	264.05451914737023	505.79378087147916	0.0017054295282637982	52.205963998293164	241.73926172410893	262.1276813088042	0.4503657673856584	-0.4736697023837666	0.04924480591898077	0.6554520289839898	-3.5954905623790544e-14	-4.077587313667656e-15	0.6554520289839898	2.885834783490838	18.444678468891937	313.55532153110806	4.308752753606117	NaN	0.16125731518706563	0.2032248858443454	-79.15346388989856	-0.03663768908501417	0.3365718737456481	0.0223365074741446	1	5.862251848736641	3	5	9	15	28	84	0.031678881207506226	1.0176792330264615	5.095130704044418	1.0179864306807167	12.280847209814949	1.0874862336993092	0.5412257063531798	1.0874862336993092	0.27193576972794536	1.0874862336993092	-0.005916149218770847	1.1517278130155635	NaN	NaN	800000009	800000009	800000009	800000009	800100009	810100009	899999999	899999999	89999	89999	89	89	8	11	9	1	30	1	0	NaN	0	0	0	0	0	0	0	0	0	NaN	NaN	NaN	NaN	0	0	0	0	0	0	0	0	16903	0	0	18000	18000	18000	18000	18000	80	NaN	0.16649046081441332	0.19270565838167472	0.04725365249260272	0.1797063299612623	0.16416738523012453	0.022165394399533137	5.434392439879331e-8	NaN	0.0040828187959640405	0.012666172771275913	0.006364046277980015	-0.000005916149218770847	NaN	414.5565166480807	2.7383753652208145	96837.69114496527	11.40999984741211	-11.037300977653866	81.17421980547205	82.54435658731582	79.80407938586994	2.7402771105964994	0.0002604491172080289	-1	0	2.1449557439353755	80.12005361662966	1.0000069647265806	-273.1499938964844	9.000169889662	-273.1499938964844	073
DATA	2025-02-22T090000_AIU-0547.ghg	2025-02-22	09:30:00	53.395	1	18000	18000	0.017783435884966788	0	NaN	13.685043047852721	1	NaN	6.939009651493593	1	NaN	0.9373902586174944	1	NaN	0.153966611920132	1	NaN	-0.0057858920263806875	1	NaN	NaN	NaN	NaN	NaN	NaN	NaN	NaN	NaN	NaN	2.0610198178341593e-10	1.4326044510539496e-12	1.1490631543903301e-12	NaN	17.600405384292376	416.08040502673776	417.2872639941178	0.1	1	122.3395276246686	2.8921538506312334	2.9005426662724134	0.1	1	0.09812606921303693	2.151875498373947	2.158117105069487	-0.3	0	NaN	NaN	NaN	NaN	9	269.5324095594617	272.7788505537244	96376.52069184028	1.2295407279979615	1006.7025651980101	0.02353149239279059	0.009977036452424553	0.002214760220533246	278.8104933370329	593.1804931069333	0.0018012906527622708	47.0026402717143	314.36999976990046	262.8114511349339	0.6913916277207184	-0.35958125692257986	0.08314425670159543	0.7837308406811553	-5.273441704573892e-15	1.1710070153688238e-14	0.7837308406811553	2.1966474546512336	359.4781895237037	332.5218104762963	6.089841219472944	NaN	0.12026420290578729	0.13272661592230195	-10.783236075715616	-0.2689359650143378	1.9721896546010818	0.09193178576340466	1	11.402249663849911	5	9	16	24	41	99	0.017512400959085864	1.0154767428243643	13.827683717468757	1.0165987953277746	6.386762033604649	1.0864675425486705	0.8627871721032128	1.0864675425486705	0.14171303411324387	1.0864675425486705	-0.01017538317403379	1.1499980921923838	NaN	NaN	800000009	800000009	800000009	800000009	800100009	800100009	899999999	899999999	89999	89999	89	89	15	2	8	0	2	0	0	NaN	0	0	0	0	0	0	0	0	0	NaN	NaN	NaN	NaN	0	0	0	0	0	0	0	0	11314	0	0	18000	18000	18000	18000	18000	80	NaN	0.13615470791922535	0.09235067692816956	0.03694784699720899	0.2965807598319015	0.3369570732459021	0.024771062235082447	8.515878189770372e-8	NaN	0.01117134188176784	0.02036157437898791	0.003344394281540943	-0.000010175383174033791	NaN	416.08030790800217	2.892129069547183	96805.9490342882	11.42402350171407	-10.354791684998396	81.29399311913384	82.67113919533624	79.91685144191318	2.754286080486244	0.0002628245474010731	-1	0	2.1491340723435086	80.40753647104901	1.0000174333453178	-273.1499938964844	9.000132041931153	-273.1499938964844	113
DATA	2025-02-22T093000_AIU-0547.ghg	2025-02-22	10:00:00	53.416	1	18000	18000	0.06201731921523439	0	NaN	8.798382554187418	2	NaN	17.384921764090215	1	NaN	-0.2108805588814799	2	NaN	0.38640096968838306	1	NaN	0.00453979760992367	2	NaN	NaN	NaN	NaN	NaN	NaN	NaN	NaN	NaN	NaN	-3.5340635586278815e-12	-2.302669119159552e-14	-1.9640120569150887e-14	NaN	17.471437917264506	416.01543664626905	417.146156122409	0.1	1	113.83762598491049	2.7106074442842454	2.717974807029557	0.4	0	0.09709535256483492	2.146579177090118	2.1524135252147434	0	1	NaN	NaN	NaN	NaN	9	271.05396267106806	274.56670575120705	96368.03466015625	1.2215108937167758	1006.6297908450496	0.023687808926120463	0.02503878283580722	0.0020620373600297986	261.2859805440958	675.077920198963	0.0016881039462165537	38.704566202830044	413.79193965486724	261.9956120858105	-0.18498268044822588	-0.014969821333662994	0.015500546295179746	0.18623360210238776	-6.509230208475275e-14	-2.022766285959598e-16	0.18623360210238776	2.8037319596378096	147.3733909332476	184.62660906675234	4.774350545385785	NaN	0.22532419202294282	0.3375390106956612	-110.3006114619698	-0.02629178534517809	0.5060927321721458	0.031756153700028954	0	73.80832886292607	-11.200698659304221	25.336010864537556	63.09024939717554	96.21661108623582	134.94516512056126	202.17244757924468	0.05920639167960952	1.0474767580979427	9.35975536775353	1.037656437212895	15.656789957675139	1.1103758695803367	-0.1899181751501693	1.1103758695803367	0.3479911445071498	1.1103758695803367	0.00033131178009590436	1.1806071500146411	NaN	NaN	800000009	800000009	800000009	800000009	800000009	800001109	899999999	899999999	89999	89999	89	89	11	16	2	7	22	8	0	NaN	0	0	0	0	0	0	0	0	0	NaN	NaN	NaN	NaN	0	0	0	0	0	0	0	0	13851	0	0	18000	18000	18000	18000	18000	80	NaN	0.331465966678788	0.28603634873639955	0.0575757059761349	0.304135500070694	0.2153334352805253	0.020024947600295148	1.0389822076552684e-7	NaN	0.00761197537039874	-0.004510976210144496	0.008265558433106654	3.3131178009590437e-7	NaN	416.0154372801866	2.7105852340388013	96786.9053094618	11.431384748299916	-11.169797415521481	81.27107648234897	82.65053022056156	79.89161917580499	2.758905763361189	0.0002647916657911588	-1	0	2.1440267488227946	80.2998044144487	1.000035957965586	-273.1499938964844	9.00021590701739	-273.1499938964844	075
DATA	2025-02-22T100000_AIU-0547.ghg	2025-02-22	10:30:00	53.437	1	18000	18000	0.029896425889686745	0	NaN	43.5760753673176	0	NaN	8.96028674997741	0	NaN	-0.315342386312505	0	NaN	0.19925484882182828	0	NaN	-0.004917735025048108	0	NaN	NaN	NaN	NaN	NaN	NaN	NaN	NaN	NaN	NaN	-7.400212359482836e-11	-4.693740945549201e-13	-4.1003258406897023e-13	NaN	17.425497018789	416.4769234913552	417.57999982356466	0.1	1	110.52489426040121	2.6415928269446978	2.6485893214978886	0.1	1	0.09655157479561195	2.1397680686728084	2.145435435529977	0.1	0	NaN	NaN	NaN	NaN	9	271.91489146338574	275.1039302079942	96332.51269184027	1.2187079776895948	1006.6005325837117	0.023742908929053605	0.012911714203654473	0.002004872431570165	254.5395337539167	701.5689993403726	0.0016450802557073326	36.28146825091177	447.0294655864559	261.6684847701615	-0.19294779446564994	0.4867803498835998	0.046551634652802446	0.525690988234355	5.7933970400484664e-15	-4.246772618022646e-15	0.525690988234355	2.52834477328734	220.37783960165177	111.62216039834821	5.080380898736927	NaN	0.15662454010647467	0.2789935202479519	-7.477785573967166	-0.3878153460425413	4.863245628542798	0.22679396549600006	1	3.5544247768270822	2	3	5	8	13	33	0.029283352158403886	1.0209359136196747	43.214507958388275	1.020082251945831	8.224440146550155	1.0894707226650457	-0.2894454892198659	1.0894707226650457	0.18289142119800547	1.0894707226650457	-0.018763201556913564	1.1545573224639247	NaN	NaN	800000009	800000009	800000009	800000009	800000009	800000009	899999999	899999999	89999	89999	89	89	22	7	1	18	3	4	0	NaN	0	0	0	0	0	0	0	0	0	NaN	NaN	NaN	NaN	0	0	0	0	0	0	0	0	14864	0	0	18000	18000	18000	18000	18000	80	NaN	0.2446722804852631	0.22306357525372858	0.09025118475691211	0.2514643000275025	0.13030055013462222	0.008857791670809604	9.161384603381132e-8	NaN	0.03522676503207139	-0.006890484627694192	0.004353878617001804	-0.000018763201556913564	NaN	416.4768934713495	2.641579344356192	96736.57972005209	11.470000267028809	-11.49161824488638	81.26018326886495	82.64265659035576	79.87770783636304	2.764951186656952	0.0002656430783810923	-1	0	2.1372987690369296	80.05748201518587	1.0000363434553146	-273.1499938964844	9.00019125588735	-273.1499938964844	079
DATA	2025-02-22T103000_AIU-0547.ghg	2025-02-22	11:00:00	53.458	1	18000	18000	0.04263479280089469	0	NaN	26.65117548878984	0	NaN	3.574761076864131	2	NaN	-0.5148779745207289	2	NaN	0.07950233063684689	2	NaN	-0.008098570380951586	1	NaN	NaN	NaN	NaN	NaN	NaN	NaN	NaN	NaN	NaN	-1.1257280668421847e-10	-7.092356877505953e-13	-6.232954300743703e-13	NaN	17.402467823561356	416.8599367626724	417.9576262342484	0.3	0	109.63972205137732	2.6263176041695955	2.633233311170609	0.7	0	0.09635434156731108	2.13648757926893	2.1421134495315632	-0.1	0	NaN	NaN	NaN	NaN	9	272.52175136396625	275.2150871632894	96310.30932096354	1.2179420114603825	1006.5939653036327	0.023757978255994832	0.005151751025267678	0.001992014788803643	253.00930970192854	707.1637619315744	0.0016355579904950505	35.77803661924773	454.15445222964587	261.5932121280988	-0.34186491776730143	0.19433793815698816	0.03863965321822528	0.395135266722614	-3.823514363625958e-14	-6.46878407278565e-15	0.395135266722614	2.8422011041594857	181.6166764184919	150.38332358150814	5.611832001993697	NaN	0.18709783959238693	0.3924083391120202	-20.838182748170944	-0.13916760569030642	7.455372517418398	0.11618944109120011	1	1.623028922195525	1	1	2	4	7	18	0.04154685621004929	1.0261857740895026	26.24417498621666	1.0235120746553261	3.2699348268245267	1.093220894660957	-0.47097341171878093	1.093220894660957	0.07272302516821463	1.093220894660957	-0.01599987746188271	1.1594363216840815	NaN	NaN	800000009	800000009	800000009	800000009	800000009	800000009	899999999	899999999	89999	89999	89	89	12	14	1	3	9	3	0	NaN	0	0	0	0	0	0	0	0	0	NaN	NaN	NaN	NaN	0	0	0	0	0	0	0	0	13053	0	0	18000	18000	18000	18000	18000	80	NaN	0.28960346752554783	0.4144533548667794	0.08075985583171323	0.15571256848362744	0.2377315388971158	0.010500357350792692	6.290612133530326e-8	NaN	0.02140681181299085	-0.011218848236864955	0.0017323028484993693	-0.00001599987746188271	NaN	416.85993253887307	2.626306434314503	96705.97210807292	11.466320738368562	-11.569830272197748	81.24265994962056	82.62589889950223	79.85942504247029	2.766465560760763	0.00026631191572070947	-1	0	2.1340384311411125	79.9418092710707	1.0000397600697146	-273.1499938964844	9.00020563366678	-273.1499938964844	159
DATA	2025-02-22T110000_AIU-0547.ghg	2025-02-22	11:30:00	53.479	1	18000	18000	0.24286575158036056	1	NaN	-10.184781530576194	2	NaN	20.95602346300587	0	NaN	1.4144354151334428	1	NaN	0.46613708730142134	0	NaN	0.006837449327634467	2	NaN	NaN	NaN	NaN	NaN	NaN	NaN	NaN	NaN	NaN	3.851934889978505e-10	2.568274261726924e-12	2.1370534328810336e-12	NaN	17.37354350925794	417.20041623556705	418.36417155655516	0.1	1	115.83795132650599	2.7816801727028815	2.7894395012564805	0.7	0	0.09638841740124757	2.139111933571206	2.1450788568963186	0	1	NaN	NaN	NaN	NaN	9	272.9407332738241	275.389479792277	96290.54829340278	1.2168494379432202	1006.6803354550425	0.023777911493623294	0.0302056832571321	0.0021080857998987024	267.92135680181866	716.0209097985095	0.0017324130119679346	37.4180911668086	448.0995529966908	262.31009332195885	-0.07066683314141085	0.0002963913037538967	0.02724376359697049	0.07573712305712153	1.6215988576020577e-14	2.2171267985289834e-14	0.07573712305712153	2.976883774390747	152.24030893216676	179.75969106783296	21.082681567024938	NaN	0.4467501582247292	0.4520345094963383	742.2674450107082	0.003906947582697991	-0.4860073548092563	-0.01861052272408148	0	82.25614402118087	-12.482687201448856	28.235872437459005	70.31131473500963	107.2291913482784	150.39046552230616	225.31232208328998	0.2295632858278825	1.057946834592931	-8.791241966741172	1.0353745303401924	18.753251353657213	1.1174608108112984	1.2657584064236982	1.1174608108112984	0.41713953884700145	1.1174608108112984	0.007878517984284607	1.2005554040255961	NaN	NaN	800000009	800000009	800000009	800000009	800000009	800010019	899999999	899999999	89999	89999	89	89	4	10	2	16	0	0	0	NaN	0	0	0	0	0	0	0	0	0	NaN	NaN	NaN	NaN	0	0	0	0	0	0	0	0	8965	0	0	18000	18000	18000	18000	18000	80	NaN	0.4233987685375754	0.3080484585567808	0.17262179189832044	0.2256930284728582	0.13406249245147436	0.007502876422758907	4.7752518004752394e-8	NaN	-0.007176650595605677	0.030181067958375954	0.009946382110657452	0.000007878517984284607	NaN	417.2003671608179	2.7816702454018447	96689.58793576389	11.460000038146973	-10.84921315264702	81.16919855054218	82.54811462826197	79.79027995936076	2.7578359146714204	0.00026696012988072147	-1	0	2.1365157039695317	79.99391506852044	1.0000549502646683	-273.1499938964844	9.000307620894146	-273.1499938964844	112
DATA	2025-02-22T113000_AIU-0547.ghg	2025-02-22	12:00:00	53.499	1	18000	18000	0.05150594990267287	1	NaN	53.56344305447429	0	NaN	10.979860102272353	0	NaN	-0.46614839811938613	1	NaN	0.2444749645998862	0	NaN	-0.0016468285792036398	0	NaN	NaN	NaN	NaN	NaN	NaN	NaN	NaN	NaN	NaN	-1.869905618204631e-10	-1.2250083467183824e-12	-1.0373210688328127e-12	NaN	17.27670076231651	416.7285373213215	417.8693467903232	0.1	1	113.18273196009774	2.7300625847870794	2.737536230023165	0.1	1	0.09584165920565522	2.13719771113702	2.1430483673019802	0	0	NaN	NaN	NaN	NaN	9	273.9977691523233	276.43801206292056	96239.74346354167	1.2116179892689092	1006.6686798012688	0.023881044873750985	0.015841977706072624	0.00206003250196349	262.8110001632259	771.3742826463798	0.0017002326807697156	34.070490302268226	508.5632824831539	262.0685143705706	-0.24274068342992353	0.2682850285029265	0.05090138239985943	0.3653639919875255	1.958672695022577e-14	-1.0823279536583864e-14	0.3653639919875255	2.477210827109969	199.8616290003877	132.13837099961228	8.00832071347885	NaN	0.20617967187930178	0.27602847568789307	-13.86841531083462	-0.20910824596768396	4.8783356577912125	0.21299547246554681	0	63.93674997573931	-9.702648478378538	21.94741727640211	54.652172237981944	83.34801100778809	116.89677053617729	175.13266364374064	0.05010988634700511	1.027860042347735	52.88882883098119	1.0246130294309914	10.031932257936845	1.094491053165311	-0.42590425638589435	1.094491053165311	0.22336862772231444	1.094491053165311	-0.018851855964584805	1.1610380834205003	NaN	NaN	800000009	800000009	800000009	800000009	800000009	800000109	899999999	899999999	89999	89999	89	89	20	24	2	15	5	11	0	NaN	0	0	0	0	0	0	0	0	0	NaN	NaN	NaN	NaN	0	0	0	0	0	0	0	0	12750	0	0	18000	18000	18000	18000	18000	80	NaN	0.1659050764777468	0.31712752024871854	0.06902435464932079	0.4261846764351709	0.0732315987410784	0.005451129661101965	9.584960133431425e-8	NaN	0.04336223717802798	-0.010198889734697054	0.0053488829242090905	-0.000018851855964584805	NaN	416.7285285728018	2.7300502007468217	96647.54373697916	11.460000038146973	-11.088191946109115	81.10550677108765	82.48246308135987	79.72855100758872	2.753908582243654	0.0002686698261046937	-1	0	2.134651481906573	80.14664224667021	1.000066533850299	-273.1499938964844	9.000366508404413	-273.1499938964844	082
DATA	2025-02-22T120000_AIU-0547.ghg	2025-02-22	12:30:00	53.52	1	18000	18000	0.08527132504624763	0	NaN	59.63097929044743	0	NaN	11.218613691927235	0	NaN	-0.5144070521528646	1	NaN	0.2499974007861487	0	NaN	-0.0003324729831928409	0	NaN	NaN	NaN	NaN	NaN	NaN	NaN	NaN	NaN	NaN	5.894630673814596e-11	3.6602348617785245e-13	3.2790976581375665e-13	NaN	17.167472893991835	415.98729348095077	417.0645911950417	-0.1	0	106.6003728687603	2.5830476545709384	2.589737068832542	0.1	1	0.0955001649431572	2.137982574673011	2.14351938739916	-0.2	0	NaN	NaN	NaN	NaN	9	274.9270154842801	277.3062617509629	96171.8687565104	1.2070397240076591	1006.6033706405636	0.02397295893287331	0.016199831570942437	0.0019416259654565181	248.4831551290006	820.0405239247598	0.0016085849759855937	30.301326322234218	571.5573687957592	261.3681685001978	-0.6987571113613105	0.04211595452094964	0.010746357568447771	0.7001076620807721	6.769327750059351e-14	3.4336041828716454e-15	0.7001076620807721	3.773872190873824	155.44919672320168	176.55080327679832	0.879500608283963	NaN	0.2657912773241005	0.5667072615590252	-26.673821653080843	-0.10872082889798614	5.315360785919306	0.1846508341744816	0	68.34511138871959	-10.371634330365474	23.460665095107004	58.420373269796826	89.09475534050452	124.95666117386581	187.20784852336735	0.08386040601452967	1.0168246148423548	59.24212341688412	1.0174439340198684	10.320256124426036	1.0870479915101101	-0.47321466593048794	1.0870479915101101	0.22997825554956056	1.0870479915101101	-0.019716972222417105	1.151032532887484	NaN	NaN	800000009	800000009	800000009	800000009	800000009	800000009	899999999	899999999	89999	89999	89	89	8	6	2	8	3	11	0	NaN	0	0	0	0	0	0	0	0	0	NaN	NaN	NaN	NaN	0	0	0	0	0	0	0	0	14463	0	0	18000	18000	18000	18000	18000	80	NaN	0.5271063029599274	0.5092125491955093	0.09709567096261364	0.23472792240494134	0.29474412731514643	0.0071615919167329145	4.5155100520839046e-8	NaN	0.04875853778891151	-0.011373742552392627	0.005527541007474383	-0.000019716972222417104	NaN	415.9872230891353	2.5830301519989836	96566.14402256945	11.460000038146973	-11.791943422979774	81.05122092988756	82.42773454496594	79.67470722283258	2.75302814760473	0.00026942927283622953	-1	0	2.1355858417352045	80.12446580399407	1.0000805274496476	-273.1499938964844	9.000435404247709	-273.1499938964844	145
DATA	2025-02-22T123000_AIU-0547.ghg	2025-02-22	13:00:00	53.541	1	18000	18000	0.10583664327661713	0	NaN	45.14270366554665	0	NaN	11.385538166223832	0	NaN	-0.312974745051504	1	NaN	0.2538659380261096	0	NaN	-0.004671962541948946	0	NaN	NaN	NaN	NaN	NaN	NaN	NaN	NaN	NaN	NaN	9.613220540367548e-11	5.985151855860031e-13	5.352122987743111e-13	NaN	17.06074406019324	415.1448613685397	416.2206564753939	0.2	0	106.21949589675648	2.58467495574139	2.5913728121499435	0.1	1	0.09498502618256881	2.132528159460399	2.138054334953969	-0.1	0	NaN	NaN	NaN	NaN	9	275.75028891499846	277.9220022142198	96093.52866493055	1.203383710562431	1006.6143792819806	0.024045776635657	0.016450512784091903	0.0019369656553915244	248.43715971638173	856.1790547151412	0.0016095993641847086	29.016963022885335	607.7418949987594	261.36586288340635	-0.7341083501512897	0.257276622135923	0.02464813362915327	0.7782762109629742	-8.597819904591857e-16	5.634701808110157e-15	0.7782762109629742	4.507410201138067	171.3135928233847	160.6864071766153	1.8148700869985672	NaN	0.2965623158451506	0.6018948292853781	-48.91557092830815	-0.059285825453214286	3.9649161073006036	0.12566210872911268	0	74.34938606717296	-11.282806177460738	25.521738294169428	63.55273695758988	96.92193379707932	135.9343902512692	203.6544870854652	0.10421546242827769	1.0155560490791389	45.03648598126501	1.0166481253405248	10.479130595913098	1.0864964475835652	-0.2880586915379052	1.0864964475835652	0.23365556195855314	1.0864964475835652	-0.01920961616337051	1.1500564194697027	NaN	NaN	800000009	800000009	800000009	800000009	800000009	800000009	899999999	899999999	89999	89999	89	89	9	9	1	1	0	4	0	NaN	0	0	0	0	0	0	0	0	0	NaN	NaN	NaN	NaN	0	0	0	0	0	0	0	0	10650	0	0	18000	18000	18000	18000	18000	80	NaN	0.5908226287629994	0.5150348277757856	0.09793220203197121	0.24818390594281364	0.14518867756828346	0.009150965510705489	8.258735361595567e-8	NaN	0.03717896011773466	-0.006944549171740363	0.005632992813404763	-0.00001920961616337051	NaN	415.1448242428276	2.584647821852867	96484.28659505208	11.460000038146973	-11.796016174157465	80.98328020498488	82.35805439058939	79.6085015833113	2.7495448094010353	0.0002705074258151904	-1	0	2.130134767128362	80.14541805383894	1.0000850958559249	-273.1499938964844	9.000447588682174	-273.1499938964844	082
DATA	2025-02-22T130000_AIU-0547.ghg	2025-02-22	13:30:00	53.562	1	18000	18000	0.11704623364679612	0	NaN	28.1794282532009	0	NaN	15.693637955194456	0	NaN	-0.2880177652588817	1	NaN	0.34985102750995034	0	NaN	-0.004087956831946174	0	NaN	NaN	NaN	NaN	NaN	NaN	NaN	NaN	NaN	NaN	5.817812535728605e-11	3.821966928106916e-13	3.230239710384125e-13	NaN	17.019601373698904	414.68691875067657	415.8197171223799	0.1	1	111.80895427682219	2.7242536249668885	2.73169545621579	0.1	1	0.09449839071747473	2.119666511736306	2.1254567951151087	-0.2	0	NaN	NaN	NaN	NaN	9	276.3128347244263	277.7011007859972	96015.25708181424	1.2032964074174801	1006.6858995949829	0.02404625079499037	0.02267034658264478	0.0020415262063743236	261.64007551725126	843.0554118496838	0.0016966112370898337	31.03474241903111	581.4153363324325	262.01257302869146	-0.7997448377349055	0.3281658108499735	0.0499814543566252	0.865899965743169	-2.111857554298605e-14	3.418301291544414e-15	0.865899965743169	4.237993618800607	174.310213197048	157.689786802952	3.309064708033166	NaN	0.3118835088829613	0.47706442911507085	-91.09343716719098	-0.031835443805654194	1.7955956632651742	0.07458872095006149	0	76.54202214130707	-11.615547160954705	26.274399304817823	65.42696929539655	99.78025636918923	139.94322830019502	209.66045698869257	0.11538479191907507	1.014399139610065	28.585550974202818	1.0159360546092528	14.449016975143538	1.086138799766934	-0.265175836937862	1.086138799766934	0.3221052664585982	1.086138799766934	-0.013597816442041603	1.1492500344860839	NaN	NaN	800000009	800000009	800000009	800000009	800000009	800000009	899999999	899999999	89999	89999	89	89	16	20	1	3	25	14	0	NaN	0	0	0	0	0	0	0	0	0	NaN	NaN	NaN	NaN	0	0	0	0	0	0	0	0	12863	0	0	18000	18000	18000	18000	18000	80	NaN	0.432528079580977	0.4208793094057209	0.10072146924344384	0.11296924557648666	0.27605378872092884	0.009545342380748138	2.8251110949457542e-8	NaN	0.02359825891515274	-0.006393907979131454	0.007766587850206331	-0.000013597816442041603	NaN	414.6871400288411	2.724227333037062	96394.56558940973	11.463679566807219	-11.15060152861806	80.96426367378236	82.33819545279609	79.59033083788555	2.747857623881764	0.0002709730164691185	-1	0	2.1171600534651014	80.11623465275235	1.0000841208166547	-273.1499938964844	9.000444735950893	-273.1499938964844	244
DATA	2025-02-22T133000_AIU-0547.ghg	2025-02-22	14:00:00	53.583	1	18000	18000	0.14463075551766483	1	NaN	20.274830050684905	1	NaN	14.501997078746752	0	NaN	-0.6500588758222099	1	NaN	0.32358889997998325	0	NaN	0.0018729639310869908	1	NaN	NaN	NaN	NaN	NaN	NaN	NaN	NaN	NaN	NaN	5.5830489127174994e-11	3.66518432933214e-13	3.107853942173563e-13	NaN	16.929965948420513	413.2204387384512	414.344442334809	0.1	1	111.14257972723836	2.7127275800396666	2.7201064879301193	0.1	1	0.09424216451661457	2.1234648359293757	2.129240886406479	0	0	NaN	NaN	NaN	NaN	9	276.7310347637601	278.6832403564454	95984.13913368055	1.1986723556107413	1006.6961910369745	0.02413911799632392	0.020968560718702914	0.002025067851995227	260.448665336824	902.7975409484314	0.0016894256737600536	28.84906676453841	642.3488756116075	261.95542355619796	-0.2922611944635146	0.4107161961822464	0.063019343102443	0.5080116506545387	6.369892241179327e-14	3.297731920859753e-15	0.5080116506545387	3.472542817647804	206.5647574482381	125.43524255176187	7.125954385534416	NaN	0.3473602211989846	0.5221841873221267	-174.87626872740898	-0.016583153455317707	1.3980715856299866	0.04837023807045406	0	78.1502045954083	-11.85959505277218	26.826436300601006	66.80161946927917	101.8766846195745	142.8834987297791	214.06551787963156	0.14158669700910204	1.0214996081755272	20.646507320057232	1.020448286807836	13.306423611965595	1.0898493465746917	-0.596466729888211	1.0898493465746917	0.2969115878235803	1.0898493465746917	-0.005478478642968994	1.1550671900048883	NaN	NaN	800000009	800000009	800000009	800000009	800000009	800000009	899999999	899999999	89999	89999	89	89	5	12	3	10	7	17	0	NaN	0	0	0	0	0	0	0	0	0	NaN	NaN	NaN	NaN	0	0	0	0	0	0	0	0	16347	0	0	18000	18000	18000	18000	18000	80	NaN	0.3515998747587656	0.5741583308518224	0.11861016903366545	0.17712254360090718	0.14950301963825105	0.011288073215898474	4.315539668381588e-8	NaN	0.017109908205627158	-0.01443735589265884	0.007186684599938796	-0.000005478478642968994	NaN	413.22040029411636	2.7126890267655064	96392.00327213542	11.470000267028809	-11.205325889852325	80.94021455785963	82.31461937692431	79.56580823220148	2.748811649607288	0.0002715666432470445	-1	0	2.1209731431934573	80.0028172873285	1.0000863121880426	-273.1499938964844	9.000477475457721	-273.1499938964844	059
DATA	2025-02-22T140000_AIU-0547.ghg	2025-02-22	14:30:00	53.604	1	18000	18000	0.11717156231686766	1	NaN	13.503290929789891	1	NaN	8.922794742817866	1	NaN	-0.14678923480728326	2	NaN	0.1991808221062245	1	NaN	-0.004670912103165388	1	NaN	NaN	NaN	NaN	NaN	NaN	NaN	NaN	NaN	NaN	8.857337701141017e-11	5.916462379792376e-13	4.936394694808302e-13	NaN	16.88338326609342	413.41167419249723	414.5564628838433	0	0	112.77644062796644	2.76147833610522	2.769125215397503	0.1	1	0.09409491474444115	2.124462536131681	2.1303454389096506	-0.2	0	NaN	NaN	NaN	NaN	9	277.40095248074005	279.1200497402615	95955.42867881944	1.1964164316410215	1006.7299832619335	0.02418418765349926	0.012906917272483347	0.0020576188533679377	265.04991529638477	930.5481075723563	0.001719818283125449	28.483203946097472	665.4981922759716	262.1748638771945	-0.6655259277975042	0.23868519910440056	0.02787884710705714	0.7075822319407493	-2.2855802914030823e-14	5.246186479062547e-15	0.7075822319407493	4.191901787411209	171.72993908679325	160.27006091320675	2.258046869287013	NaN	0.3129463753836161	0.5878676026667669	-191.9693098534461	-0.015106581370813534	1.5133477031575737	0.035824020645126305	0	84.22413194296689	-12.781336961125879	28.911419007010107	71.99352121101175	109.79466236503255	153.98857510088627	230.70294589341287	0.11524790117195872	1.016691506963226	13.755233425588921	1.0173600296963337	8.208767730061393	1.086983459178852	-0.1350427493332542	1.086983459178852	0.18324181515760427	1.086983459178852	-0.00912519021284719	1.1509262024202243	NaN	NaN	800000009	800000009	800000009	800000009	800000009	800000109	899999999	899999999	89999	89999	89	89	2	12	0	0	0	5	0	NaN	0	0	0	0	0	0	0	0	0	NaN	NaN	NaN	NaN	0	0	0	0	0	0	0	0	12161	0	0	18000	18000	18000	18000	18000	80	NaN	0.732719593992425	0.36317284964757	0.07984276169353871	0.11991951721891486	0.13684278172885025	0.008921442289402339	2.9424894816434845e-8	NaN	0.011420170619536315	-0.0032749453075127536	0.004443829273718286	-0.000009125190212847189	NaN	413.4116446207189	2.7614668071902586	96344.21749696179	11.477011425495146	-10.98634601073794	80.90683982510036	82.28454583613077	79.52913112301297	2.7554166517919962	0.00027222430288060824	-1	0	2.1219364960723452	80.0515162203047	1.0001152152485318	-273.1499938964844	9.000618379116059	-273.1499938964844	164
DATA	2025-02-22T143000_AIU-0547.ghg	2025-02-22	15:00:00	53.624	1	18000	18000	0.09674104563037594	0	NaN	19.81574752926776	0	NaN	7.551281510104521	0	NaN	0.023738648424086156	2	NaN	0.16851157116503837	0	NaN	-0.004086019761338734	0	NaN	NaN	NaN	NaN	NaN	NaN	NaN	NaN	NaN	NaN	7.574052145670036e-11	5.050606569674829e-13	4.2323486430873935e-13	NaN	16.884005906617723	413.1661188158024	414.30758442862555	0.3	0	112.58764729147282	2.7551163814618023	2.7627280186836005	0.1	1	0.09434711844386366	2.1269673826402835	2.1328436150231296	-0.1	0	NaN	NaN	NaN	NaN	9	277.6281581149631	278.7877743123373	95906.78427452256	1.1972380295198968	1006.7208153748013	0.02416764958981637	0.010919549811494485	0.0020542832624282008	264.305230515954	909.3712016810579	0.0017158519958240775	29.064614101190035	645.0659711651039	262.13958013757025	-0.9158805668697934	0.19158824961796725	0.026903949513679585	0.9360913911904236	-1.7955181551442143e-14	4.485933129590632e-15	0.9360913911904236	3.978025279255821	163.8150344633166	168.1849655366834	1.646949294887439	NaN	0.2842595975571145	0.4136206086103333	-98.00234203044276	-0.029591129557895304	2.624156906712048	0.05783700180684735	0	79.58174611828969	-12.076837001791974	27.317838180788787	68.02527963192466	103.74284357592587	145.5008132003578	217.98673189369964	0.09544052343677255	1.0136265199180825	19.92985135918793	1.015470896046032	6.953243212653172	1.0860085400670394	0.021858620395950816	1.0860085400670394	0.15516597240997398	1.0860085400670394	-0.010499880869149518	1.148775956394996	NaN	NaN	800000009	800000009	800000009	800000009	800000009	800000109	899999999	899999999	89999	89999	89	89	13	32	0	0	22	10	0	NaN	0	0	0	0	0	0	0	0	0	NaN	NaN	NaN	NaN	0	0	0	0	0	0	0	0	16504	0	0	18000	18000	18000	18000	18000	80	NaN	0.4559934092589833	0.29534048560763715	0.07590732235404618	0.06148351601076705	0.04393047690742721	0.007183786601568327	2.6000343935109043e-8	NaN	0.016535392485401493	0.0005297313412299278	0.0037603598575328143	-0.000010499880869149517	NaN	413.16628030708523	2.755102818837073	96294.14221006943	11.47965345621109	-11.020677186595048	80.91439443927341	82.2909876959059	79.53780515903897	2.75318368393845	0.000272253201574333	-1	0	2.1244479240775105	80.06784503620995	1.0001144171688292	-273.1499938964844	9.000615261872609	-273.1499938964844	169
DATA	2025-02-22T150000_AIU-0547.ghg	2025-02-22	15:30:00	53.645	1	18000	18000	0.1160496393138841	1	NaN	17.807715034203365	1	NaN	10.073233775564615	1	NaN	0.11390977973932287	1	NaN	0.22482936051645291	1	NaN	0.0000215226954765482	1	NaN	NaN	NaN	NaN	NaN	NaN	NaN	NaN	NaN	NaN	7.429290633718884e-11	4.923634841714174e-13	4.138345685362096e-13	NaN	16.873142734336724	412.7145443993038	413.84649518068795	0.1	0	111.82385715123205	2.735194799438633	2.7426966089398435	0.4	0	0.09398864693248365	2.120659204403654	2.1264755292122888	-0.2	0	NaN	NaN	NaN	NaN	9	277.74960427856445	278.96907083977595	95876.48459483507	1.1960909916982656	1006.7131996883355	0.024191008512287927	0.014568942561466148	0.002037459955641991	262.31120538744887	920.8723931034639	0.0017034322386703295	28.485076472259614	658.561187716015	262.04466371690984	-1.0926735565114223	0.2616774142231361	0.007832547178954827	1.123597756765836	9.12698803383161e-15	4.4030271957578656e-15	1.123597756765836	3.871262413130709	165.46775474517756	166.53224525482239	0.39940942226510256	NaN	0.3114869008546382	0.4205785922498195	-143.45466615015937	-0.0202154456026161	1.7678250531026938	0.04747865713526634	0	84.0896607386681	-12.76093043708031	28.865259394056274	71.87857724809254	109.61936556905248	153.74271885203714	230.33460843176263	0.11466925290635051	1.012037982044419	18.09982785981589	1.0145579739796255	9.274110183514647	1.0861671444739207	0.10487315908869115	1.0861671444739207	0.20699333584183105	1.0861671444739207	-0.0061857444631674054	1.1480578600769107	NaN	NaN	800000009	800000009	800000009	800000009	800000109	801000119	899999999	899999999	89999	89999	89	89	5	16	1	0	3	2	0	NaN	0	0	0	0	0	0	0	0	0	NaN	NaN	NaN	NaN	0	0	0	0	0	0	0	0	14001	0	0	18000	18000	18000	18000	18000	80	NaN	0.466572168987197	0.29516862718135556	0.0794163883310866	0.04283828145660835	0.026307099550360574	0.005455202750345525	4.623162062722088e-8	NaN	0.015031574096138844	0.002543947542775467	0.005021114960791775	-0.000006185744463167405	NaN	412.7144979700207	2.73518917474595	96266.63862934028	11.470000267028809	-11.11387977295451	80.93010190592872	82.3054002951516	79.5548098311954	2.7506228890485236	0.00027165062831126203	-1	0	2.1181768819623508	80.15546732203165	1.0000982253419028	-273.1903688981798	9.000599749220742	-273.1499938964844	123
DATA	2025-02-22T153000_AIU-0547.ghg	2025-02-22	16:00:00	53.666	1	18000	18000	0.12927545986885808	1	NaN	-4.310327163911514	2	NaN	6.634994002652375	1	NaN	-0.000813639737996666	2	NaN	0.148039449614399	1	NaN	-0.000012517099076852517	2	NaN	NaN	NaN	NaN	NaN	NaN	NaN	NaN	NaN	NaN	2.0037865612523616e-10	1.359292743767512e-12	1.1111644491032702e-12	NaN	16.8755400186269	412.54385174440284	413.7016126267201	0.1	1	114.47725789787272	2.7985408975474346	2.8063947079121876	0.1	1	0.0935803268208272	2.108076475279311	2.113992569943409	0	1	NaN	NaN	NaN	NaN	9	277.8701528184679	278.61346754625106	95870.5104609375	1.1975142620322627	1006.7412331048525	0.024161677642504542	0.009592956335013053	0.0020871774130926044	268.36951236980343	898.4332392070565	0.001742924889721583	29.870835211602618	630.0637268372532	262.3310824438071	-0.6398541508012693	0.2675208228122878	0.06450902865010405	0.6965214567500526	8.359688323608295e-15	1.1873910755096548e-14	0.6965214567500526	3.662631614648361	174.68963725339384	157.31036274660616	5.314121424882734	NaN	0.32856227613717026	0.35200424998197466	695.550601861661	0.004169358767339238	-0.6496354272797288	-0.010881630783778002	0	83.69410396649542	-12.700903170835312	28.72947755436823	71.54046126861462	109.10371736651224	153.01951491614352	229.25111715078248	0.12796693981784502	1.0102254539561208	-3.9084179800879433	1.0133682508236996	6.075870065194575	1.092023682445206	-0.0007450751765518524	1.092023682445206	0.13556432153826212	1.092023682445206	0.0008923138656822241	1.1679917048557835	NaN	NaN	800000009	800000009	800000009	800000009	800000009	801100109	899999999	899999999	89999	89999	89	89	12	24	1	2	65	11	0	NaN	0	0	0	0	0	0	0	0	0	NaN	NaN	NaN	NaN	0	0	0	0	0	0	0	0	18000	0	0	18000	18000	18000	18000	18000	80	NaN	0.4195672447849934	0.19503141998342804	0.08940983519552792	0.03261010430792292	0.0348475828966513	0.01007742975724851	1.0489396036549908e-8	NaN	-0.0032419211797269907	-0.000018052801289861282	0.0032846561471167072	8.923138656822241e-7	NaN	412.54423162101193	2.798522468990565	96264.85927061632	11.473679444789887	-10.830026304218501	80.93345089700487	82.30815549553765	79.55874820836385	2.74940372055769	0.0002719698992991147	-1	0	2.1055445176429215	80.11400144502852	1.0000917924212085	-273.1499938964844	9.000569297340181	-273.1499938964844	020
DATA	2025-02-22T160000_AIU-0547.ghg	2025-02-22	16:30:00	53.687	1	18000	18000	0.10414121381412086	1	NaN	0.5848436286024121	1	NaN	14.993392891160031	0	NaN	0.7294711420612341	0	NaN	0.3344141757505955	0	NaN	-0.0019049710721476497	0	NaN	NaN	NaN	NaN	NaN	NaN	NaN	NaN	NaN	NaN	1.349746184050534e-10	9.547997260675216e-13	7.470757934696599e-13	NaN	16.91207174749373	412.9277589727058	414.1374620189335	0.1	1	119.63465177788362	2.9210181574260634	2.9295755006570334	0.1	1	0.09360722459728518	2.105243782562264	2.1114112531705693	0	0	NaN	NaN	NaN	NaN	9	277.76942850833467	278.2456941307916	95868.99607921008	1.1990225539049917	1006.801038962384	0.024130165075391518	0.02167003858863859	0.002181367095261531	280.11019472691476	875.7355021797265	0.0018192877925083454	31.985707331690197	595.6253074528117	262.8701218051821	-0.6442822301015327	0.3555664982632274	0.06643694803937085	0.7388782002309545	3.953396701227036e-15	7.980962972502517e-15	0.7388782002309545	3.8900152342704115	180.89342899992653	151.10657100007347	5.15877276734933	NaN	0.294711879050666	0.28273411871204	-3699.472451606499	-0.0007838955521187007	0.03900675669929457	0.0016438837942712847	0	76.3677341336158	-11.589098283380116	26.214571871729266	65.27799052780243	99.55305434861279	139.62457423582632	209.18305513389518	0.10248476063946199	1.0161629218268482	1.3672011801331756	1.0170273773439995	13.796633143463401	1.0867428839523527	0.6712453818038684	1.0867428839523527	0.3077215233601268	1.0867428839523527	-0.0029039623479613285	1.1505132963439006	NaN	NaN	800000009	800000009	800000009	800000009	800000009	810000109	899999999	899999999	89999	89999	89	89	47	39	1	12	25	8	0	NaN	0	0	0	0	0	0	0	0	0	NaN	NaN	NaN	NaN	0	0	0	0	0	0	0	0	18000	0	0	18000	18000	18000	18000	18000	80	NaN	0.2836410278338649	0.19137741643280945	0.09044979315740562	0.006633486631775103	0.04745576951861462	0.009400751748345723	3.0911042816472026e-9	NaN	0.0011325605166757633	0.01624472573612486	0.007447130193513074	-0.0000029039623479613286	NaN	412.9277060760035	2.9210075099929584	96260.0340703125	11.479999542236328	-10.29038964939118	80.94000536155701	82.31490306324429	79.5651129061381	2.749758847587638	0.00027151098705265514	-1	0	2.1026044515040194	80.12773795175552	1.0000874413483674	-273.1499938964844	9.000498391151428	-273.1499938964844	139
DATA	2025-02-22T163000_AIU-0547.ghg	2025-02-22	17:00:00	53.708	1	18000	18000	0.11126802779436844	1	NaN	-2.0738670944208883	0	NaN	16.744810909495797	0	NaN	0.5705070961718229	0	NaN	0.37342459855383564	0	NaN	-0.0015250781816096449	0	NaN	NaN	NaN	NaN	NaN	NaN	NaN	NaN	NaN	NaN	-2.7783785572009734e-11	-1.9713056322742806e-13	-1.5357279650052982e-13	NaN	16.92448224717298	412.9623577362899	414.1759082101783	0.1	1	120.08200643036001	2.9300363682008097	2.9386467099342104	0.1	1	0.09354880965682305	2.102535459161818	2.108714068071404	0.2	0	NaN	NaN	NaN	NaN	9	277.67623883395726	278.09561317274307	95832.59577322048	1.199210041091273	1006.8033816439508	0.024126310148057963	0.02419791398628855	0.0021884513601796423	280.86831062198723	866.6195502920119	0.0018249108039390385	32.40964394668308	585.7512396700247	262.9042325492351	-0.6831563924023609	0.35956635080335214	0.08263421507008967	0.7764142132975597	-2.0578994550958914e-15	-1.641632823163655e-15	0.7764142132975597	3.609610425681044	179.75922066204936	152.24077933795064	6.1095946566901	NaN	0.30460537816232836	0.3097358665318325	1151.5961019166152	0.002518244022512316	-0.12385132956292873	-0.005639017364535901	0	77.76707968815428	-11.801454369991033	26.69492191784497	66.47413006095216	101.37724260853575	142.18302420789675	213.0160794026818	0.11020724211634708	1.0096253717782129	-1.1691133601786419	1.0129764142008715	15.345950821250401	1.09115499616409	0.5228469815722028	1.09115499616409	0.34222873914942814	1.09115499616409	-0.0018121563372035837	1.1660017310873945	NaN	NaN	800000009	800000009	800000009	800000009	800000009	811000109	899999999	899999999	89999	89999	89	89	28	40	2	30	3	10	0	NaN	0	0	0	0	0	0	0	0	0	NaN	NaN	NaN	NaN	0	0	0	0	0	0	0	0	18000	0	0	18000	18000	18000	18000	18000	80	NaN	0.2773057385774053	0.2498296418948607	0.09233635259139895	0.006673314128759666	0.06375885641169023	0.010939420830771823	5.322519088742608e-9	NaN	-0.0009683150940456709	0.012651447582334437	0.008280986803247873	-0.0000018121563372035836	NaN	412.9622919657103	2.9300145571268517	96223.28133940972	11.47298838376999	-10.257224624183449	80.95533585866292	82.33145112313164	79.57921894836426	2.7522297961645656	0.0002713732214744797	-1	0	2.0998899943298763	80.1678402379354	1.0000789578192764	-273.1499938964844	9.000416407903035	-273.1499938964844	193
DATA	2025-02-22T170000_AIU-0547.ghg	2025-02-22	17:30:00	53.729	1	18000	18000	0.051775039319192424	1	NaN	-20.591192972116655	2	NaN	25.71092214980285	2	NaN	1.551206262291922	2	NaN	0.5731274688300201	2	NaN	-0.0031892914222201555	2	NaN	NaN	NaN	NaN	NaN	NaN	NaN	NaN	NaN	NaN	9.631309409872203e-11	7.552952648482277e-13	5.306752516079462e-13	NaN	16.976007565066954	413.6993371811248	415.04585570966924	0.1	1	133.12725803181206	3.244264483118709	3.2548239929979945	0.1	1	0.0935360572743747	2.098140612035063	2.1049696904397983	0	1	NaN	NaN	NaN	NaN	9	277.30098323482935	277.6383283911811	95828.3755017361	1.2009894291576693	1006.9654210403842	0.02408769897390634	0.0371386599801853	0.0024270332774750576	310.9759887628165	839.3587216156193	0.002020861481834433	37.04923541680033	528.3827328528027	264.19675095451214	-0.18134734083228543	0.18478330442206145	0.08113914792919753	0.2713213757645396	5.441791989589541e-16	5.673483222104241e-15	0.2713213757645396	2.3088275092312727	197.53767810975845	134.46232189024155	17.40066141394307	NaN	0.2076302497048574	0.16211758434658669	36.73358786028774	0.0789468213948999	-0.8008733740526124	-0.08200439715406385	0	73.15221433920213	-11.101130749023078	25.110787980378735	62.529412570592875	95.36129953901978	133.74557851419925	200.37524824961466	0.05089323340786102	1.0173265845434611	-18.894546601838485	1.0200604037713383	22.921146119625245	1.121711890654062	1.3828918773317318	1.121711890654062	0.5109399959162719	1.121711890654062	0.0016669180720258329	1.2227644225335437	NaN	NaN	800000009	800000009	800000009	800000009	800100009	810100109	899999999	899999999	89999	89999	89	89	21	6	13	10	5	1	0	NaN	0	0	0	0	0	0	0	0	0	NaN	NaN	NaN	NaN	0	0	0	0	0	0	0	0	16402	0	0	18000	18000	18000	18000	18000	80	NaN	0.12610992322005418	0.1481333483279957	0.04999189714512346	0.10833751462973615	0.596564191371622	0.1494992064400348	1.1561004331167029e-8	NaN	-0.015623658328018033	0.03341913284301914	0.012347437914874314	0.0000016669180720258328	NaN	413.6992095467434	3.2441101740767824	96221.73836371527	11.470000267028809	-9.031657564997687	80.94636442799039	82.32273887994555	79.56998995251126	2.752748671227031	0.0002707899563861752	-1	0	2.0952123588456053	80.14318186717564	1.0000836295551725	-273.1499938964844	9.000434492005242	-273.1499938964844	158
DATA	2025-02-22T173000_AIU-0547.ghg	2025-02-22	18:00:00	53.749	0	18000	18000	0.025389531391194216	0	NaN	12.710959237563499	2	NaN	-28.478703966617086	2	NaN	-2.3578734081791626	2	NaN	-0.6341503109957396	2	NaN	-0.0008558282292070974	2	NaN	NaN	NaN	NaN	NaN	NaN	NaN	NaN	NaN	NaN	-4.22926678325472e-11	-4.00480139590931e-13	-2.315053800538905e-13	NaN	17.131773090153864	415.9724606264454	417.61743487227693	0.1	1	162.22516171715702	3.9389501215021507	3.954526805342538	0.1	1	0.0937774286535051	2.0934484030269758	2.1017270008523474	0	1	NaN	NaN	NaN	NaN	9	276.21026722039124	276.52131468200673	95824.26621180556	1.2054720156625112	1007.3234881783369	0.023991816490246884	-0.041092940152523925	0.00295850388962763	377.54825120134245	775.930016977397	0.002454228593603375	48.65751329895264	398.3817657760546	266.69946088097316	0.2989144257213706	-0.33369381462663295	0.07966756988794106	0.45502562292277315	2.530077245412986e-14	-2.4686684565565514e-15	0.45502562292277315	2.990098664236919	20.146826124745132	311.85317387525487	10.083528995387553	NaN	0.1451271865840102	0.2273527088084578	-20.322065715060912	-0.14270202845819838	-0.446332082122254	0.07212792794894726	1	3.54296509275516	2	3	5	8	15	40	0.02480822571267092	1.023431973138909	10.968614628182705	1.0217075541017797	-26.098563526082273	1.0911981396277295	-2.160811426038143	1.0911981396277295	-0.5811504693474686	1.0911981396277295	-0.002919487388919788	1.1568440704854914	NaN	NaN	800000009	800000009	800000009	800000009	800000009	810110019	899999999	899999999	89999	89999	89	89	4	2	5	5	2	0	0	NaN	0	0	0	0	0	0	0	0	0	NaN	NaN	NaN	NaN	0	0	0	0	0	0	0	0	12848	0	0	18000	18000	18000	18000	18000	80	NaN	0.17404128751159806	0.25004338428632616	0.030620745818991376	0.4243049598378731	1.6660295251688344	0.23817300761204666	4.1652348176710316e-8	NaN	0.009032868432556605	-0.052046856165707873	-0.013998007657808172	-0.000002919487388919788	NaN	415.971902032277	3.9387142783807856	96205.96126540979	11.470000267028809	-6.549407434278062	80.87885500293308	82.24782016881306	79.50988964631821	2.7379300303194256	0.00026972125275157553	-1	0	2.0898907000356255	80.16779959297179	1.000085672651728	-273.1499938964844	9.00045193531778	-273.1499938964844	037
DATA	2025-02-22T180000_AIU-0547.ghg	2025-02-22	18:30:00	53.77	0	18000	18000	0.01808736662418869	1	NaN	-0.6007278146922281	2	NaN	10.842798883450975	1	NaN	0.022454089442282388	2	NaN	0.24101853634116707	1	NaN	-0.0006049777880790414	1	NaN	NaN	NaN	NaN	NaN	NaN	NaN	NaN	NaN	NaN	1.2787752327546824e-11	1.3583564125578155e-13	6.968286588960599e-14	NaN	17.316713504553675	417.65902341898914	419.5202287874976	0.1	0	183.9437317116813	4.4365092331488265	4.456279558555852	0.7	0	0.09436202656092803	2.0891562340223477	2.098466098242651	0.7	0	NaN	NaN	NaN	NaN	9	274.34379655965165	274.6724035746257	95856.1597328559	1.213761626990971	1007.5659108051509	0.023823470183697504	0.015618001154907626	0.0033557620755783313	425.38081100957606	680.2188624143274	0.002764762043019584	62.53587404203337	254.83805140475135	268.26544891119477	0.8263519272372717	-0.25187331625615433	0.11726052189159272	0.871807149021463	-3.047837491646869e-14	7.384630070933553e-16	0.871807149021463	2.0992836327974778	348.95130063800747	343.04869936199253	7.72987149275435	NaN	0.12207337989986565	0.17968341479065286	255.98285107237416	0.011328883899258086	-0.055403389950273836	-0.004023925236590757	1	13.596639670301162	6	12	23	41	80	283	0.01792525361030054	1.0090438337672942	-0.032095714580278774	1.0126740157203773	9.937641323248622	1.0910837421838504	0.02057962058653681	1.0910837421838504	0.2208982931582852	1.0910837421838504	-0.0010480935470120693	1.165282987787136	NaN	NaN	800000009	800000009	800000009	800000009	800000009	801110009	899999999	899999999	89999	89999	89	89	4	0	2	4	10	0	0	NaN	0	0	0	0	0	0	0	0	0	NaN	NaN	NaN	NaN	0	0	0	0	0	0	0	0	10662	0	0	18000	18000	18000	18000	18000	80	NaN	0.0659194784668738	0.28205642806514486	0.011390923049287046	0.25933628060893565	1.0910928112601843	0.0590593179102101	3.595692373043372e-8	NaN	-0.00002624461345393763	0.0004924633818300353	0.005286021675267347	-0.0000010480935470120693	NaN	417.65827444176057	4.436450417692524	96231.39665755209	11.466320738368562	-4.909496900478952	80.73802231131657	82.09492689853246	79.38111536958485	2.7138142020768576	0.00026834965260059116	-1	0	2.0851278461151654	80.14579891268411	1.0000557474510536	-273.1499938964844	9.000319808827506	-273.1499938964844	250
DATA	2025-02-22T183000_AIU-0547.ghg	2025-02-22	19:00:00	53.791	0	18000	18000	0.0029136551040966456	1	NaN	1.044903792216231	1	NaN	6.160954707097697	1	NaN	0.07458943847400641	1	NaN	0.13676463143619544	1	NaN	-0.0011003955818510334	1	NaN	NaN	NaN	NaN	NaN	NaN	NaN	NaN	NaN	NaN	-4.4258663288134105e-11	-4.943665794454642e-13	-2.4039566159125444e-13	NaN	17.461392199013922	418.4393795607319	420.40432517908295	0.1	0	195.04268977993698	4.673942442228748	4.695890765381133	0.1	1	0.09484341862425211	2.0864364931312043	2.096234170991853	0	0	NaN	NaN	NaN	NaN	9	272.98946479712595	273.2567513241238	95879.99205902778	1.2202433098189007	1007.6754209654435	0.02369479368657138	0.008862348117065464	0.003554554868303587	448.25777240292797	614.1603134970119	0.002912988614402752	72.98709515282103	165.90254109408392	268.9597677944653	1.0499925076464747	0.313184307817606	0.14977423347215885	1.1058937551994175	3.210430858315137e-14	-2.5346583355841164e-15	1.1058937551994175	2.0123339694115883	315.39158388582064	16.608416114179327	7.783644512869208	NaN	0.04886476937711503	0.101497446082323	-9.44109107925091	-0.3071678872342895	0.16960095340620746	0.017390551355546877	1	58.452724444875315	26	46	77	117	189	436	0.0028786384999480194	1.0121642936927504	1.3501807104189154	1.0146277132226527	5.67240763428558	1.0861269330961345	0.06867469740519215	1.0861269330961345	0.12591956544741187	1.0861269330961345	-0.001743352102391785	1.1480974484423436	NaN	NaN	800000009	800000009	800000009	800000009	800000109	800000109	899999999	899999999	89999	89999	89	89	4	0	0	12	14	0	0	NaN	0	0	0	0	0	0	0	0	0	NaN	NaN	NaN	NaN	0	0	0	0	0	0	0	0	18000	0	0	18000	18000	18000	18000	18000	80	NaN	0.10305323479605735	0.08780192809429443	0.01213972927429421	0.0980812858295439	0.9968466984801935	0.02099540703017075	1.810686031322669e-8	NaN	0.0010980567813001125	0.0016348761532465996	0.0029976527390069563	-0.000001743352102391785	NaN	418.43954653856224	4.673921149574035	96262.84696923828	11.460000038146973	-4.202272038473034	80.33837055587772	81.68749132283529	78.98924898868141	2.698242439746857	0.0002666766660355885	-1	0	2.0821841753058963	79.76942773034835	1.000018450276719	-273.1499938964844	9.000104111591975	-273.1499938964844	138
DATA	2025-02-22T190000_AIU-0547.ghg	2025-02-22	19:30:00	53.812	0	18000	18000	0.022889414798636924	1	NaN	6.73320985389529	1	NaN	11.972164641822843	1	NaN	-0.9044887270229516	1	NaN	0.26570285800869153	1	NaN	-0.0014392736290251007	1	NaN	NaN	NaN	NaN	NaN	NaN	NaN	NaN	NaN	NaN	-9.056678355022474e-11	-9.775730123514912e-13	-4.927072830655933e-13	NaN	17.459043548291827	417.8219916723318	419.714884060874	0.1	1	188.45198123674732	4.509948206334501	4.530379985423776	0.1	1	0.09498181976212397	2.086960480492357	2.09641520448355	0	0	NaN	NaN	NaN	NaN	9	272.7206626620822	273.0084088897705	95873.56506684028	1.2213473027721926	1007.5827374196865	0.023674846240745492	0.01721754519896321	0.003432726330899475	432.5007954569567	603.1774405132838	0.0028106062240510405	71.70374195177342	170.67664505632712	268.48502405431236	1.0354137378074602	0.4633553263167833	0.14679972037675587	1.143822505797655	-7.60455907983717e-15	-5.1873851680200255e-15	1.143822505797655	2.485699701193848	307.8911300877759	24.108869912224137	7.373755566591801	NaN	0.13689820568293434	0.22569281150545353	-32.21426999289731	-0.09002221688212708	0.5624053841002067	0.03996727129926849	1	18.560074997709968	8	15	27	43	75	200	0.022620267893161565	1.011898484436461	7.2652413649012395	1.014481781312425	11.02184990332684	1.086220983485645	-0.8326931082849081	1.086220983485645	0.24461215723899968	1.086220983485645	-0.004189220822035998	1.1480191932691628	NaN	NaN	800000009	800000009	800000009	800000009	800000009	800100009	899999999	899999999	89999	89999	89	89	0	0	2	9	5	0	0	NaN	0	0	0	0	0	0	0	0	0	NaN	NaN	NaN	NaN	0	0	0	0	0	0	0	0	18000	0	0	18000	18000	18000	18000	18000	80	NaN	0.2660769141341436	0.16820396858243877	0.017104740294324707	0.01844574728535925	1.1985490966512262	0.047784797160986534	1.4439996659742421e-8	NaN	0.005903779803991331	-0.019803216743063227	0.005817398414368465	-0.000004189220822035998	NaN	417.8219665768107	4.509900499247264	96265.39875108507	11.452987655427723	-4.684323200053579	80.29174822447037	81.6426892369588	78.9408059556749	2.701883898125753	0.0002663472778771797	-1	0	2.082856044895119	79.573387939877	1.0000182131313615	-273.1499938964844	9.000125033590528	-273.1499938964844	065
DATA	2025-02-22T193000_AIU-0547.ghg	2025-02-22	20:00:00	53.833	0	18000	18000	0.01563728781270035	1	NaN	4.386940228774823	0	NaN	7.167358056344922	1	NaN	0.15469543337026237	0	NaN	0.15899278721853313	1	NaN	-0.0018913585410399634	0	NaN	NaN	NaN	NaN	NaN	NaN	NaN	NaN	NaN	NaN	3.880592606291948e-12	4.02446901157606e-14	2.109562619611496e-14	NaN	17.52885248086533	418.66663804065956	420.49236996880273	0.1	1	181.78750199995463	4.341890741747719	4.36082496729962	0.1	1	0.0952901159950717	2.088807391706342	2.097916315131975	-0.1	0	NaN	NaN	NaN	NaN	9	272.2369670147366	272.50973310852044	95868.67209592013	1.2235977301193888	1007.4846362106747	0.023632808002152953	0.010302732611760946	0.003310688789065347	416.3629548017118	581.6480486410715	0.0027057003356342584	71.58331499168233	165.28509383935966	267.9826112856591	1.0474775871760256	0.21158244121657455	0.13752505839392312	1.0774458532815288	3.2887077788058534e-14	2.213831516083578e-16	1.0774458532815288	2.400192335650609	320.580347918052	11.419652081947932	7.33323115205766	NaN	0.11304760957704509	0.21787560464806324	-27.839994338297107	-0.10416668785060482	0.6120721462898415	0.03147916754495892	1	22.2707794544552	10	18	32	51	87	228	0.015446119830650317	1.0123764404359141	4.69867658823722	1.0147461165213314	6.599346622770996	1.086070859138389	0.14243585680310644	1.086070859138389	0.14639264637361382	1.086070859138389	-0.0035877371593582247	1.1481721189128353	NaN	NaN	800000009	800000009	800000009	800000009	800000009	800000009	899999999	899999999	89999	89999	89	89	0	2	3	13	3	0	0	NaN	0	0	0	0	0	0	0	0	0	NaN	NaN	NaN	NaN	0	0	0	0	0	0	0	0	18000	0	0	18000	18000	18000	18000	18000	80	NaN	0.20619216461306752	0.21303985077612456	0.01651919390693439	0.046278125709670756	1.1345408809714312	0.03269191831136624	2.37597380589633e-8	NaN	0.0038115222444972973	0.003380842442503397	0.0034747603815411627	-0.000003587737159358225	NaN	418.666549078166	4.3418579745725845	96258.52438042534	11.449653690232171	-5.182804241047969	80.3298995751275	81.68111473380195	78.97868326441446	2.702431160012881	0.0002658093747821922	-1	0	2.0848486039506064	79.43671347257825	1.0000226049704684	-273.1499938964844	9.00016107720799	-273.1499938964844	170
DATA	2025-02-22T200000_AIU-0547.ghg	2025-02-22	20:30:00	53.854	0	18000	18000	0.020717021569897295	1	NaN	3.4266299375316835	1	NaN	4.783487612282939	1	NaN	-0.329862445237751	1	NaN	0.10606734307486157	1	NaN	-0.00013564116517529638	1	NaN	NaN	NaN	NaN	NaN	NaN	NaN	NaN	NaN	NaN	3.4408152368985496e-12	3.60972248275091e-14	1.86844265540606e-14	NaN	17.58501075761871	419.2333692344206	421.0853584179766	0.1	1	184.48246802234345	4.398132460634419	4.417561481181652	0.1	1	0.09549069605064062	2.0890360577032867	2.0982645029245965	0	0	NaN	NaN	NaN	NaN	9	271.8410607079401	272.06902841186525	95861.57937912326	1.225462968673532	1007.5095217737386	0.023596334598977642	0.00687316383125103	0.0033587567580092947	421.72501693048764	563.1915190371694	0.0027408064085729872	74.88127975568018	141.4665021066818	268.1514358134763	1.056114850169983	0.42496895430738274	0.16174981276646816	1.149843550577486	1.1936518401272983e-14	1.956675082162128e-16	1.149843550577486	2.3634149465225396	310.0806901981666	21.91930980183338	8.086684564221164	NaN	0.13002101829805873	0.1581208460063834	-54.224895952840136	-0.05348096937838581	0.7163455234488023	0.021345399645255572	1	20.363675844795793	9	17	30	50	88	249	0.020474238490991108	1.0118579784548771	3.6286394657113816	1.014459862416384	4.403721252327845	1.086237601836026	-0.3036743017183322	1.086237601836026	0.09764653966644128	1.086237601836026	-0.001492310063646261	1.1480082697860068	NaN	NaN	800000009	800000009	800000009	800000009	800000009	800000109	899999999	899999999	89999	89999	89	89	4	0	1	17	7	0	0	NaN	0	0	0	0	0	0	0	0	0	NaN	NaN	NaN	NaN	0	0	0	0	0	0	0	0	18000	0	0	18000	18000	18000	18000	18000	80	NaN	0.1869713218688631	0.11134782724598495	0.01792254289791876	0.028027930129075035	0.8442245772589999	0.018307935788568732	1.9667253230406704e-8	NaN	0.002938965366600741	-0.0071972634414154395	0.002314281670017172	-0.000001492310063646261	NaN	419.23364865400373	4.3981138457258	96252.77192209201	11.4399995803833	-5.009295271582082	80.15969028642445	81.50128041924371	78.81810089196101	2.6831807196935036	0.00026500248204037124	-1	0	2.085023156252172	78.75339837837217	1.0000103876988093	-273.1499938964844	9.000077977558247	-273.1499938964844	234
DATA	2025-02-22T203000_AIU-0547.ghg	2025-02-22	21:00:00	53.874	0	18000	18000	0.01700639425737866	0	NaN	9.149668135325514	0	NaN	5.648296797812954	0	NaN	-0.1372614354248883	1	NaN	0.12521187619850074	0	NaN	-0.0018924552863297537	0	NaN	NaN	NaN	NaN	NaN	NaN	NaN	NaN	NaN	NaN	-4.6298632139161683e-11	-4.843732058118784e-13	-2.517750272402709e-13	NaN	17.609344124719307	419.33869514004465	421.18647960673644	0.1	1	184.22778539757735	4.387093499337908	4.406424897360439	0.1	1	0.0957607793543074	2.0923987338685777	2.1016187317447015	0	0	NaN	NaN	NaN	NaN	9	271.56979443528917	271.8039057600233	95853.52530360244	1.2265603756230903	1007.5001231322578	0.023575321463986942	0.008113729577662848	0.0033533127568740177	420.63117735133386	552.3402448369716	0.002733915772528149	76.15435979601433	131.70906748563772	268.11715167743466	1.1307814420983584	0.3685454701432525	0.16943468238805257	1.2013328202264015	-3.339785392258096e-15	-2.62920820964419e-15	1.2013328202264015	2.365384640112101	313.94812082325814	18.051879176741863	8.107968464860523	NaN	0.11775020075573536	0.20115874621493804	-15.08261274105364	-0.19227437910054115	1.619898610651676	0.06287958221378256	1	23.06675756881548	10	18	32	49	82	202	0.016812566047473724	1.0115287701685527	9.32361659174812	1.014284364828393	5.19908013924911	1.0864031033437238	-0.12634484842911994	1.0864031033437238	0.11525360689151617	1.0864031033437238	-0.004980305672903266	1.1479409092364448	NaN	NaN	800000009	800000009	800000009	800000009	800000009	800000109	899999999	899999999	89999	89999	89	89	1	0	0	29	19	1	0	NaN	0	0	0	0	0	0	0	0	0	NaN	NaN	NaN	NaN	0	0	0	0	0	0	0	0	18000	0	0	18000	18000	18000	18000	18000	80	NaN	0.20937371141809463	0.1746564464630582	0.018287334548723267	0.022221476743615298	1.2910582628161087	0.00888559368833843	1.856564627782177e-8	NaN	0.007544845789521985	-0.0029917490203786503	0.002729116935117774	-0.0000049803056729032664	NaN	419.3393232522657	4.387084075878564	96245.72337196181	11.4399995803833	-5.040359492328429	80.0453429866367	81.37722303178575	78.71346253882514	2.663761293225819	0.0002650901718863882	-1	0	2.0883888641529618	77.62161269187925	1.0000459211601151	-273.1499938964844	9.000398815605376	-273.1499938964844	166
DATA	2025-02-22T210000_AIU-0547.ghg	2025-02-22	21:30:00	53.895	0	18000	18000	0.020659346308807853	1	NaN	11.896463701706454	1	NaN	-3.016523453976683	1	NaN	-0.11211365941205353	2	NaN	-0.06686372847925251	1	NaN	-0.00035137332008053883	1	NaN	NaN	NaN	NaN	NaN	NaN	NaN	NaN	NaN	NaN	-5.347854949778491e-11	-5.451332301383955e-13	-2.9127546355791463e-13	NaN	17.618485171614363	419.3499675280706	421.15023359994603	0.1	1	179.59390862209864	4.274641038393853	4.292992038338433	0.1	1	0.09596057641321741	2.0956291973454992	2.104625716805013	-0.1	0	NaN	NaN	NaN	NaN	9	271.45010438622364	271.69657086520726	95854.5962157118	1.2271109057667642	1007.437554556886	0.02356574832457614	-0.004332769605455563	0.0032686860510739556	409.85390019036316	548.0001188424308	0.002663725043688294	74.79084147939948	138.1462186520676	267.77505925962294	1.1614797165588522	0.2851878998104128	0.17216131241468272	1.2083074061132901	1.1695131746095695e-14	-3.035365922601888e-15	1.2083074061132901	2.673754002474182	318.20460036305855	13.795399636941463	8.19145883487718	NaN	0.12975269287653726	0.2293941962261906	-15.521125108172562	-0.18684212515451093	-3.943766353291019	0.07416509406636188	1	20.38114223802789	9	16	28	44	73	182	0.02042474130087603	1.0114863147824429	11.590248886200929	1.0142622220546642	-2.7765528050158244	1.0864275473267981	-0.10319478706878708	1.0864275473267981	-0.06154458126892456	1.0864275473267981	-0.003844065928365911	1.147934599751778	NaN	NaN	800000009	800000009	800000009	800000009	800010009	800010009	899999999	899999999	89999	89999	89	89	5	0	3	35	22	10	0	NaN	0	0	0	0	0	0	0	0	0	NaN	NaN	NaN	NaN	0	0	0	0	0	0	0	0	18000	0	0	18000	18000	18000	18000	18000	80	NaN	0.18481584754813343	0.2568372650753762	0.017135279828871586	0.04447935826077438	2.075298959207613	0.022336347789295594	1.6501961194960407e-8	NaN	0.009375421676008305	-0.0024423051587446564	-0.0014565721059696635	-0.000003844065928365911	NaN	419.35016054121326	4.274618951073817	96247.95751215277	11.4399995803833	-5.386905059695257	80.11675975460476	81.45154214562312	78.7819801911248	2.6695620886683478	0.00026456383853251783	-1	0	2.0917153806620172	77.3165136383904	1.0000000259225015	-273.1499938964844	9.00005771697892	-273.1499938964844	127
DATA	2025-02-22T213000_AIU-0547.ghg	2025-02-22	22:00:00	53.916	0	18000	18000	0.027576227782031896	1	NaN	7.37124445507431	1	NaN	4.283919597843628	1	NaN	-0.2182152782181601	2	NaN	0.094957109048595	1	NaN	-0.0016228232403655493	1	NaN	NaN	NaN	NaN	NaN	NaN	NaN	NaN	NaN	NaN	7.611749987024225e-11	7.68675660172581e-13	4.15324439832384e-13	NaN	17.591480905870647	418.54952829261845	420.32613733396414	0.1	1	177.64828353249533	4.226739390070654	4.24468054854345	0.1	1	0.09598544310451158	2.0961775850085473	2.1050751892299258	0.1	0	NaN	NaN	NaN	NaN	9	271.4547033335367	271.70213866678864	95860.42226128472	1.2271826053341617	1007.4115645943092	0.023564798981570923	0.006153220666348956	0.0032321873474776474	405.2857071677714	548.2245087477471	0.0026338275440251397	73.92695888287152	142.9388015799757	267.62763910786526	1.0860809141434868	0.2588148713910448	0.15689241857442773	1.1274626915006678	-3.147386094889582e-14	4.3269523627678354e-15	1.1274626915006678	2.726778543817774	318.59631083040586	13.40368916959422	7.998970545590318	NaN	0.1499038660339144	0.3896645155924761	-38.62826048841249	-0.07507456880875926	1.7206775913312498	0.03977515290164007	1	15.974348382506406	7	13	23	38	66	182	0.027248947579458904	1.0120107465295176	7.495361265208803	1.0145431434288665	3.9440313244140537	1.0861778838635543	-0.2009019714542193	1.0861778838635543	0.08742316563363531	1.0861778838635543	-0.0040921215083498195	1.1480498271432076	NaN	NaN	800000009	800000009	800000009	800000009	800010009	800011009	899999999	899999999	89999	89999	89	89	3	0	6	39	38	0	0	NaN	0	0	0	0	0	0	0	0	0	NaN	NaN	NaN	NaN	0	0	0	0	0	0	0	0	18000	0	0	18000	18000	18000	18000	18000	80	NaN	0.2404402906015003	0.5137297313229298	0.025159009260522197	0.15049754705410048	1.8465638020300383	0.014804964464242516	1.4972176042240944e-8	NaN	0.006062844746530109	-0.00475431521404646	0.0020688561860469825	-0.000004092121508349819	NaN	418.5500844364874	4.226724355483988	96255.85185069444	11.4399995803833	-5.531791049718844	80.13858277342052	81.47386892191568	78.80329602686567	2.6705724337895695	0.00026456591784598354	-1	0	2.092307167900933	77.14419837358261	1.0000016108983092	-273.1499938964844	9.000055550018946	-273.1499938964844	149
DATA	2025-02-22T220000_AIU-0547.ghg	2025-02-22	22:30:00	53.937	0	18000	18000	0.013138877158636682	0	NaN	17.84153812083295	1	NaN	3.031219273977561	1	NaN	-0.3604295417712038	1	NaN	0.06725932115083952	1	NaN	0.0039457124887912086	1	NaN	NaN	NaN	NaN	NaN	NaN	NaN	NaN	NaN	NaN	5.4795033703602843e-11	5.386488980026209e-13	3.0006040666103406e-13	NaN	17.498313950120114	417.4065298480027	419.12629332967083	0.1	1	172.0128064364408	4.1032106766811145	4.120116382209766	0.1	1	0.09582166201697684	2.1029882232749473	2.111652779505256	-0.5	0	NaN	NaN	NaN	NaN	9	272.5886006834241	272.79358611551913	95847.1763530816	1.2221609294572562	1007.3585995344093	0.023662730205108513	0.0043584040105744005	0.003124739073630044	393.3866508489357	593.8177663647355	0.0025567329132487444	66.24703286619236	200.43111551579977	267.2365982584508	1.1041941793829233	0.29448523009972283	0.16239219335812075	1.1542692757730733	6.192817802117035e-15	3.1314464844898222e-15	1.1542692757730733	2.6634739171699757	317.0669624241518	14.933037575848216	8.087677710191764	NaN	0.10368476034019747	0.2391540530389434	-5.280494455270497	-0.5491909942459063	5.885927908284019	0.13976707288624354	1	20.730782880158927	9	16	27	41	66	151	0.012985283271046894	1.0118283047341952	17.7669294069121	1.0144439189394077	2.7905338645167883	1.0862506678457566	-0.3318106514825024	1.0862506678457566	0.06191878462475669	1.0862506678457566	-0.002056254788981418	1.1480009157501723	NaN	NaN	800000009	800000009	800000009	800000009	800000009	800110009	899999999	899999999	89999	89999	89	89	3	1	1	7	13	0	1	NaN	0	0	0	0	0	0	0	0	0	NaN	NaN	NaN	NaN	0	0	0	0	0	0	0	0	17504	0	0	18000	18000	18000	18000	18000	80	NaN	0.18778829950521245	0.26406413146032615	0.026455675112348188	0.6035916557893208	0.596881345401649	0.044898589734416086	4.349757505958092e-8	NaN	0.014431114836738465	-0.00788390392131793	0.0014712057817471908	-0.000002056254788981418	NaN	417.40659852501847	4.103165869819083	96249.24319227431	11.4399995803833	-5.932693493472246	80.36542591179742	81.71357887437611	79.0172721968757	2.696306041889718	0.00026537082928795527	-1	0	2.099234651996031	78.39869843716085	1.0000108760065503	-273.1499938964844	9.000119600481456	-273.1499938964844	090
DATA	2025-02-22T223000_AIU-0547.ghg	2025-02-22	23:00:00	53.958	0	18000	18000	0.14995333480637907	0	NaN	-159.46206376157656	1	NaN	63.87959973148086	1	NaN	2.643044631592324	0	NaN	1.4209281241301224	1	NaN	-0.0007452572186363786	1	NaN	NaN	NaN	NaN	NaN	NaN	NaN	NaN	NaN	NaN	-1.6118374759746328e-10	-1.3790262930212776e-12	-8.823922278560805e-13	NaN	17.349617881203272	417.0196887905059	418.5128843514243	0.1	1	148.43667298146357	3.5678604333350847	3.5806356415668206	0.1	1	0.0949796006287149	2.1090767644026185	2.116628599836039	-0.1	0	NaN	NaN	NaN	NaN	9	275.32911535644547	275.4019431169297	95846.58713997396	1.210823729792389	1007.1052565032352	0.02388913182407108	0.09207614244363192	0.0026913010729632276	342.05897502061543	716.6576467097366	0.0022227026170231114	47.72976003131346	374.59867168912115	265.41915487547493	0.5751310509459686	-1.1170819348992673	0.12239533889900193	1.2623899532334428	8.745740055137188e-14	-9.2903341561252e-15	1.2623899532334428	5.759799116556028	34.758268305121874	297.2417316948781	5.563867224354484	NaN	0.3519148572353387	1.1254376100127792	23.099066348864874	0.12554619984207763	-2.496290904011272	-0.37158997742146005	0	73.22015483208943	-11.111440980934828	25.134109753035744	62.587487082053336	95.44986683327849	133.8697954037061	200.56134778537677	0.14853754006080208	1.0095315618193048	-153.65431648129274	1.0179529979882518	55.91672963331438	1.1424058622595537	2.3135776162463584	1.1424058622595537	1.2438032498534997	1.1424058622595537	0.04128549751459672	1.2520758126581386	NaN	NaN	800000009	800000009	800000009	800000009	800100009	800101009	899999999	899999999	89999	89999	89	89	5	9	5	8	11	1	0	NaN	0	0	0	0	0	0	0	0	0	NaN	NaN	NaN	NaN	0	0	0	0	0	0	0	0	15706	0	0	18000	18000	18000	18000	18000	80	NaN	1.0375118186187555	1.0700833742011597	0.14328002720564315	1.4041786018226798	1.0268403268631063	0.07458409333418864	1.5360733843909147e-7	NaN	-0.12600534814058487	0.05546731337695195	0.029819801226650948	0.000041285497514596715	NaN	417.01931972091427	3.5677863429854737	96259.81985329861	11.4399995803833	-7.764232974767631	80.83195514488222	82.19218026648628	79.47173129971826	2.7204406714042024	0.00026729665408007936	-1	0	2.1058097044163278	79.95660839335127	1.0000142021675904	-273.1499938964844	9.000114426374436	-273.1499938964844	200
DATA	2025-02-22T230000_AIU-0547.ghg	2025-02-22	23:30:00	53.979	0	18000	18000	0.030490815609081796	2	NaN	-26.60641660247058	1	NaN	19.28511303838651	1	NaN	0.34285336024971746	1	NaN	0.4292807413876118	1	NaN	0.0005167251875869492	1	NaN	NaN	NaN	NaN	NaN	NaN	NaN	NaN	NaN	NaN	4.784174179490643e-12	3.886055767932849e-14	2.6214203519894255e-14	NaN	17.264138634731264	417.1143346743371	418.53236726059026	0.1	0	140.23194600124816	3.388107341696443	3.3996256382805203	0.5	0	0.09459639778723483	2.1076311924529003	2.114796349490803	-0.3	0	NaN	NaN	NaN	NaN	9	275.9918322838677	276.1513495534261	95841.50130078125	1.2075559618719522	1007.0194326507095	0.0239554085550251	0.027817392041917244	0.0025486392854964625	324.80839724609683	755.8772571801875	0.0021105765413518096	42.97105041337001	431.06885993409065	264.7535718534989	0.38510461067858764	-2.0287059263731457	0.11699655339693615	2.068245993680269	-1.7995086783167488e-14	2.7711629758730297e-16	2.068245993680269	6.663395827979637	51.25156047418483	280.7484395258152	3.242839096109556	NaN	0.15890255766583194	1.1698199327958467	12.744457914571898	0.2275498902691001	-1.3796349831868349	-0.1376925305686639	1	30.54678840029015	13	29	62	122	283	1401	0.030143274691612945	1.0115296337582576	-25.102559009992067	1.023567612499619	16.150657196378756	1.1940760554753493	0.2871285783494177	1.1940760554753493	0.35950870919752226	1.1940760554753493	0.006551046655391831	1.323948770188926	NaN	NaN	800000009	800000009	800000009	800000009	800000109	800111119	899999999	899999999	89999	89999	89	89	13	15	8	22	50	9	0	NaN	0	0	0	0	0	0	0	0	0	NaN	NaN	NaN	NaN	0	0	0	0	0	0	0	0	17901	0	0	18000	18000	18000	18000	18000	80	NaN	1.0723217448736797	1.0534615915311674	0.21385652918684628	0.09846971709565143	0.10172924563124375	0.007277461831864248	1.2635547798635924e-8	NaN	-0.020643003154613534	0.006901672281114377	0.008641464069342021	0.000006551046655391831	NaN	417.11417310135454	3.38808685519623	96245.07233984375	11.443679109043547	-8.40297539177206	80.93561356396145	82.29619508552551	79.57503374502394	2.7211378587660966	0.00026894838823904543	-1	0	2.1045463873677788	79.92723105261061	1.00002239757114	-273.1499938964844	9.00014286767112	-273.1499938964844	168
