DATAH	filename	date	time	DOY	daytime	file_records	used_records	Tau	qc_Tau	rand_err_Tau	H	qc_H	rand_err_H	LE	qc_LE	rand_err_LE	co2_flux	qc_co2_flux	rand_err_co2_flux	h2o_flux	qc_h2o_flux	rand_err_h2o_flux	ch4_flux	qc_ch4_flux	rand_err_ch4_flux	none_flux	qc_none_flux	rand_err_none_flux	H_strg	LE_strg	co2_strg	h2o_strg	ch4_strg	none_strg	co2_v-adv	h2o_v-adv	ch4_v-adv	none_v-adv	co2_molar_density	co2_mole_fraction	co2_mixing_ratio	co2_time_lag	co2_def_timelag	h2o_molar_density	h2o_mole_fraction	h2o_mixing_ratio	h2o_time_lag	h2o_def_timelag	ch4_molar_density	ch4_mole_fraction	ch4_mixing_ratio	ch4_time_lag	ch4_def_timelag	none_molar_density	none_mole_fraction	none_mixing_ratio	none_time_lag	none_def_timelag	sonic_temperature	air_temperature	air_pressure	air_density	air_heat_capacity	air_molar_volume	ET	water_vapor_density	e	es	specific_humidity	RH	VPD	Tdew	u_unrot	v_unrot	w_unrot	u_rot	v_rot	w_rot	wind_speed	max_wind_speed	wind_dir	yaw	pitch	roll	u*	TKE	L	(z-d)/L	bowen_ratio	T*	model	x_peak	x_offset	x_10%	x_30%	x_50%	x_70%	x_90%	un_Tau	Tau_scf	un_H	H_scf	un_LE	LE_scf	un_co2_flux	co2_scf	un_h2o_flux	h2o_scf	un_ch4_flux	ch4_scf	un_none_flux	un_none_scf	spikes_hf	amplitude_resolution_hf	drop_out_hf	absolute_limits_hf	skewness_kurtosis_hf	skewness_kurtosis_sf	discontinuities_hf	discontinuities_sf	timelag_hf	timelag_sf	attack_angle_hf	non_steady_wind_hf	u_spikes	v_spikes	w_spikes	ts_spikes	co2_spikes	h2o_spikes	ch4_spikes	none_spikes	head_detect_LI-7200	t_out_LI-7200	t_in_LI-7200	aux_in_LI-7200	delta_p_LI-7200	chopper_LI-7200	detector_LI-7200	pll_LI-7200	sync_LI-7200	chopper_LI-7500	detector_LI-7500	pll_LI-7500	sync_LI-7500	not_ready_LI-7700	no_signal_LI-7700	re_unlocked_LI-7700	bad_temp_LI-7700	laser_temp_unregulated_LI-7700	block_temp_unregulated_LI-7700	motor_spinning_LI-7700	pump_on_LI-7700	top_heater_on_LI-7700	bottom_heater_on_LI-7700	calibrating_LI-7700	motor_failure_LI-7700	bad_aux_tc1_LI-7700	bad_aux_tc2_LI-7700	bad_aux_tc3_LI-7700	box_connected_LI-7700	mean_value_RSSI_LI-7200	mean_value_LI-7500	u_var	v_var	w_var	ts_var	co2_var	h2o_var	ch4_var	none_var	w/ts_cov	w/co2_cov	w/h2o_cov	w/ch4_cov	w/none_cov	co2_mean	h2o_mean	air_p_mean	vin_sf_mean	dew_point_mean	avg_signal_strength_7200_mean	co2_signal_strength_7200_mean	h2o_signal_strength_7200_mean	delta_signal_strength_7200_mean	flowrate_mean	hit_power_mean	hit_vin_mean	ch4_mean	rssi_77_mean	ch4_aux-1_mean	ch4_aux-2_mean	ch4_aux-3_mean	ch4_aux-4_mean	CHK
DATAU		[yyyy-mm-dd]	[HH:MM]	[ddd.ddd]	[1=daytime]	[#]	[#]	[kg+1m-1s-2]	[#]	[kg+1m-1s-2]	[W+1m-2]	[#]	[W+1m-2]	[W+1m-2]	[#]	[W+1m-2]	[µmol+1s-1m-2]	[#]	[µmol+1s-1m-2]	[mmol+1s-1m-2]	[#]	[mmol+1s-1m-2]	[µmol+1s-1m-2]	[#]	[µmol+1s-1m-2]	[µmol+1s-1m-2]	[#]	[µmol+1s-1m-2]	[W+1m-2]	[W+1m-2]	[µmol+1s-1m-2]	[mmol+1s-1m-2]	[µmol+1s-1m-2]	[µmol+1s-1m-2]	[µmol+1s-1m-2]	[mmol+1s-1m-2]	[µmol+1s-1m-2]	[µmol+1s-1m-2]	[mmol+1m-3]	[µmol+1mol_a-1]	[µmol+1mol_d-1]	[s]	[1=default]	[mmol+1m-3]	[mmol+1mol_a-1]	[mmol+1mol_d-1]	[s]	[1=default]	[mmol+1m-3]	[µmol+1mol_a-1]	[µmol+1mol_d-1]	[s]	[1=default]	[mmol+1m-3]	[µmol+1mol_a-1]	[µmol+1mol_d-1]	[s]	[1=default]	[K]	[K]	[Pa]	[kg+1m-3]	[J+1kg-1K-1]	[m+3mol-1]	[mm]	[kg+1m-3]	[Pa]	[Pa]	[kg+1kg-1]	[%]	[Pa]	[K]	[m+1s-1]	[m+1s-1]	[m+1s-1]	[m+1s-1]	[m+1s-1]	[m+1s-1]	[m+1s-1]	[m+1s-1]	[deg_from_north]	[deg]	[deg]	[deg]	[m+1s-1]	[m+2s-2]	[m]	[#]	[#]	[K]	[0=KJ/1=KM/2=HS]	[m]	[m]	[m]	[m]	[m]	[m]	[m]	[kg+1m-1s-2]	[#]	[W+1m-2]	[#]	[W+1m-2]	[#]	[µmol+1s-1m-2]	[#]	[mmol+1s-1m-2]	[#]	[µmol+1s-1m-2]	[#]	[µmol+1s-1m-2]	[#]	8u/v/w/ts/co2/h2o/ch4/none	8u/v/w/ts/co2/h2o/ch4/none	8u/v/w/ts/co2/h2o/ch4/none	8u/v/w/ts/co2/h2o/ch4/none	8u/v/w/ts/co2/h2o/ch4/none	8u/v/w/ts/co2/h2o/ch4/none	8u/v/w/ts/co2/h2o/ch4/none	8u/v/w/ts/co2/h2o/ch4/none	8co2/h2o/ch4/none	8co2/h2o/ch4/none	8aa	8U	[#]	[#]	[#]	[#]	[#]	[#]	[#]	[#]	[#_flagged_recs]	[#_flagged_recs]	[#_flagged_recs]	[#_flagged_recs]	[#_flagged_recs]	[#_flagged_recs]	[#_flagged_recs]	[#_flagged_recs]	[#_flagged_recs]	[#_flagged_recs]	[#_flagged_recs]	[#_flagged_recs]	[#_flagged_recs]	[#_flagged_recs]	[#_flagged_recs]	[#_flagged_recs]	[#_flagged_recs]	[#_flagged_recs]	[#_flagged_recs]	[#_flagged_recs]	[#_flagged_recs]	[#_flagged_recs]	[#_flagged_recs]	[#_flagged_recs]	[#_flagged_recs]	[#_flagged_recs]	[#_flagged_recs]	[#_flagged_recs]	[#_flagged_recs]	[#]	[#]	[m+2s-2]	[m+2s-2]	[m+2s-2]	[K+2]	--	--	--	--	[m+1s-1K+1]	--	--	--	--	--	--	--	--	--	--	--	--	--	--	--	--	--	--	--	--	--	--	207
DATA	2025-03-17T233000_AIU-0547.ghg	2025-03-18	00:00:00	77	0	18000	18000	0.20144064492243763	1	NaN	34.849114101207356	1	NaN	114.86953236294121	1	NaN	1.5639765245324277	2	NaN	2.5638054919835107	1	NaN	0.004658763672813707	1	NaN	NaN	NaN	NaN	NaN	NaN	NaN	NaN	NaN	NaN	6.124549958000834e-10	5.3420751937453686e-12	3.3074173691521398e-12	NaN	17.282125649947123	423.4715442693151	425.04151443005	0.2	0	150.74154895114745	3.693686633975276	3.7073805359078187	0.4	0	0.09332800441252771	2.106981789840238	2.1147931731174037	-0.2	0	NaN	NaN	NaN	NaN	9	278.70692480983257	278.95966982014977	95511.73785481771	1.1911484935655907	1007.2305896504582	0.02428257245627888	0.16613459588053148	0.00274107014009782	352.88506180021074	920.272863404634	0.0023011993507985598	38.345698958750134	567.3878016044232	265.8217681493106	3.994129970934212	0.5152627187987959	0.39665410366708953	4.046715257100751	7.676989384766514e-14	3.543863805908374e-14	4.046715257100751	10.448267807915814	324.6491570962776	7.350842903722421	5.62509455952433	NaN	0.4112355004725175	3.12210256063202	-168.25469545854222	-0.017235774562467155	0.3033799597189816	0.0706327850844136	0	49.03896952911178	-7.441852819598	16.833491340560425	41.91777358240948	63.9272495657648	89.65887647636697	134.32533494799793	0.19983210004876345	1.0080494819064687	40.28324255372283	1.0158102941530798	102.97171963779466	1.1155444695591896	1.401984920556719	1.1155444695591896	2.298254853969744	1.1155444695591896	-0.013580473400781282	1.166659799218613	NaN	NaN	800000009	800000009	800000009	800000009	800000009	800001109	899999999	899999999	89999	89999	89	89	9	11	0	68	44	19	0	NaN	0	0	0	0	0	0	0	0	0	NaN	NaN	NaN	NaN	0	0	0	0	0	0	0	0	17901	0	0	0	18000	18000	18000	18000	93	NaN	3.085945682596113	2.6252745253418714	0.5329849133260552	0.12395739360366188	0.6578710995318163	0.05138861655435004	3.9337968343108616e-8	NaN	0.03357605044180857	0.03417004771999606	0.05601449550660958	-0.000013580473400781282	NaN	423.47111771477597	3.693604869997805	95894.28086284723	11.463600120544434	-7.354253231724052	91.05981462097168	92.83136983701918	89.28826370896233	3.5431118416190146	0.00027270597355608415	-1	0	2.10365147793293	91.3250050532023	1.0000773269004293	-273.1499938964844	9.000495767672856	-273.1499938964844	056
DATA	2025-03-18T000000_AIU-0547.ghg	2025-03-18	00:30:00	77.02	0	18000	18000	0.0831994522902887	1	NaN	13.394638562419678	1	NaN	91.36597954881042	0	NaN	2.7008699726388357	1	NaN	2.038401687229154	0	NaN	-0.006841201296008034	0	NaN	NaN	NaN	NaN	NaN	NaN	NaN	NaN	NaN	NaN	-1.57973694587305e-10	-1.4199730650330466e-12	-8.534203226400671e-13	NaN	17.314998867310845	423.55762886991323	425.17636834502827	0.1	0	155.63877313175746	3.807218828778806	3.821769140208654	0.4	0	0.0935407123221154	2.107785419441828	2.1158408887120324	-0.2	0	NaN	NaN	NaN	NaN	9	278.2559341761272	278.5369319669936	95520.66079405382	1.1930164686830709	1007.2848538533932	0.024243509551995703	0.13208842933244916	0.00282987429369248	363.76560841941466	893.6673664671575	0.0023720328830131566	40.7048105446047	529.9017580477429	266.21548872941656	2.9697422218346796	0.808041911117226	0.3818289013514681	3.101305193652636	-9.76842537722986e-15	-9.123517465862796e-15	3.101305193652636	8.69577032838722	316.77878667831476	15.221213321685244	7.0721304512849406	NaN	0.2640809138767569	1.4120991267702312	-115.93134555718478	-0.02501480497843039	0.14660422433564416	0.04220804554210752	0	48.74327748441911	-7.396980411028678	16.73198983019831	41.66502046996512	63.541785121524015	89.11825711252806	133.5153886272209	0.0825470087047178	1.0079039034340393	17.984824778568605	1.0142275919203725	82.76466463472367	1.103924965467426	2.446606478815549	1.103924965467426	1.846503839476128	1.103924965467426	-0.01625407485037132	1.1580322894867878	NaN	NaN	800000009	800000009	800000009	800000009	800001009	800111109	899999999	899999999	89999	89999	89	89	8	0	6	60	78	5	0	NaN	0	0	0	0	0	0	0	0	0	NaN	NaN	NaN	NaN	0	0	0	0	0	0	0	0	16842	0	0	0	18000	18000	18000	18000	93	NaN	1.3402484939709167	1.2608113840015167	0.2231383755680289	0.2487986804564733	1.7651006138541274	0.0830990852355995	2.6109447112308045e-8	NaN	0.014966059533037705	0.059541074244180224	0.044936863835837414	-0.000016254074850371317	NaN	423.5566625179715	3.807136311203042	95904.7091187066	11.460000038146973	-6.971714774568859	91.08411355845134	92.85567502805922	89.31254550912645	3.5431298345062467	0.00027218330036137353	-1	0	2.1043426802158347	91.29492331038583	1.0000778025504615	-273.1499938964844	9.00050783305698	-273.1499938964844	200
DATA	2025-03-18T003000_AIU-0547.ghg	2025-03-18	01:00:00	77.041	0	18000	18000	0.06640203374583922	0	NaN	14.666436973810438	1	NaN	46.197296535169734	1	NaN	0.6426028617503007	2	NaN	1.0299993542331696	1	NaN	-0.003639130876313491	0	NaN	NaN	NaN	NaN	NaN	NaN	NaN	NaN	NaN	NaN	-6.456166197753712e-10	-5.674275867341874e-12	-3.457672311352244e-12	NaN	17.400351343616848	424.51837178026693	426.1082070718701	0.2	0	152.93037801088116	3.7310600106207583	3.745032953311315	0.1	1	0.09318953571789687	2.0931456009760083	2.1009845002277423	-0.1	0	NaN	NaN	NaN	NaN	9	277.63142250230584	277.8482988755968	95549.85232465278	1.1963732966160212	1007.2321210545432	0.024176183433573993	0.06674395815430939	0.002780989097310935	356.5978609793546	851.7804491784663	0.0023245161900362107	41.86499717424715	495.18258819911165	265.95731694709974	0.9218397918589405	-0.2658661991691753	0.13818404922707328	0.9693132977402198	-1.0117160408206082e-13	-3.710365423237327e-14	0.9693132977402198	4.103919805784414	348.08799753232915	343.91200246767085	8.195934694435149	NaN	0.23559026195771327	0.7192103053281138	-75.18873103663444	-0.03856960956804849	0.3174739232336889	0.05166197526654916	0	65.91460847244264	-10.002796135880185	22.626352094910978	56.34281593296492	85.92634931584455	120.51292667376464	180.55032448777	0.06553050736828211	1.0132995518050718	16.90322719147072	1.0152776055687869	42.5394393497179	1.0859874328709527	0.5917221896863891	1.0859874328709527	0.9484450031896121	1.0859874328709527	-0.01087143738561966	1.1485949979975647	NaN	NaN	800000009	800000009	800000009	800000009	800000009	800100009	899999999	899999999	89999	89999	89	89	5	8	2	0	6	2	0	NaN	0	0	0	0	0	0	0	0	0	NaN	NaN	NaN	NaN	0	0	0	0	0	0	0	0	15568	0	0	0	18000	18000	18000	18000	93	NaN	0.5458039521808962	0.809104917779688	0.0835117406956437	0.3535028083978083	2.5957873118892754	0.10699371944244303	3.345956026801068e-8	NaN	0.014027276273120472	0.014359173508547513	0.023015676277633776	-0.00001087143738561966	NaN	424.5177378191896	3.7309538478672257	95934.93257313369	11.430803631358675	-7.241137802912234	91.13098699612088	92.90363699383205	89.35833587582906	3.545297549214628	0.00027109273387274395	-1	0	2.0897886987924577	91.11652856678428	1.0000665050595998	-273.1499938964844	9.000394632180532	-273.1499938964844	053
DATA	2025-03-18T010000_AIU-0547.ghg	2025-03-18	01:30:00	77.062	0	18000	18000	0.13101792442715918	0	NaN	-6.844514078862204	2	NaN	69.928597841227	0	NaN	3.1115703607783254	0	NaN	1.5589569793360523	0	NaN	-0.007827915978039572	0	NaN	NaN	NaN	NaN	NaN	NaN	NaN	NaN	NaN	NaN	-1.8515202099548127e-10	-1.5980815889896926e-12	-9.918628072302347e-13	NaN	17.406810495586665	424.432090316749	425.99265153947107	0.3	0	150.2414244601116	3.6633524477065285	3.6768219423688864	0.1	1	0.09324860636276104	2.093456374759284	2.101153641093391	-0.2	0	NaN	NaN	NaN	NaN	9	277.4376969214545	277.74895323859323	95550.91314973959	1.1968451887860059	1007.1938299124151	0.024167270841324844	0.10102041226097618	0.0027315294586701625	350.1305651993977	845.8831186547297	0.00228227467032794	41.39231029414988	495.752553455332	265.720383711693	1.1821980560975451	-0.45466955523338864	0.1227687529626956	1.2725520873430844	-5.819834195993675e-14	-1.063675743712065e-14	1.2725520873430844	5.379862664294536	353.03658197864326	338.96341802135674	5.536188977409782	NaN	0.3308616021303629	0.9887733202996662	446.27228955371044	0.006498274860175863	-0.09787861175770583	-0.017161103786631673	0	67.22843057108318	-10.202173708106983	23.077344706151987	57.46585130232941	87.63904911339944	122.91501249214637	184.1490867610516	0.13002573284060526	1.0076307325086966	-3.1072560601967045	1.0122530235377505	63.894537861147434	1.0944378061422482	2.8430764574427565	1.0944378061422482	1.424436336708044	1.0944378061422482	-0.009462217592023784	1.167864027402828	NaN	NaN	800000009	800000009	800000009	800000009	800000009	800110009	899999999	899999999	89999	89999	89	89	1	9	4	0	1	0	0	NaN	0	0	0	0	0	0	0	0	0	NaN	NaN	NaN	NaN	0	0	0	0	0	0	0	0	14412	17995	0	0	18000	18000	18000	18000	93	NaN	0.5725107146030217	1.2482535064618823	0.15678241953442862	0.4696495134217728	3.622597508181635	0.11259300391486267	3.893778219292408e-8	NaN	-0.0025776622349912987	0.0689620990098069	0.03455134645713431	-0.000009462217592023784	NaN	424.43167531909626	3.6632407369782762	95938.55364518228	11.433066749572754	-7.480620694584305	91.14009968524509	92.91306292173597	89.36713314437866	3.545929594311449	0.0002713437058814129	-1	0	2.0901594482660295	91.76800827556184	1.0000674366139704	-273.1499938964844	9.000383540444904	-273.1499938964844	015
DATA	2025-03-18T013000_AIU-0547.ghg	2025-03-18	02:00:00	77.083	0	18000	18000	0.06819997462725871	0	NaN	10.931391110075806	1	NaN	50.435195761544804	0	NaN	2.2471323324094388	0	NaN	1.1237387585066259	0	NaN	-0.0025476965150602253	0	NaN	NaN	NaN	NaN	NaN	NaN	NaN	NaN	NaN	NaN	-1.603674152296887e-10	-1.4849493203076177e-12	-8.542691982239339e-13	NaN	17.508630867977995	426.15764178666046	427.84595575723694	0.2	0	162.12414142662846	3.9460790685478653	3.961712298524682	0.8	0	0.0932676007290126	2.0883957520385064	2.0966693751735437	-0.1	0	NaN	NaN	NaN	NaN	9	276.8061192152235	277.1498317447239	95542.91994249131	1.1992037055573002	1007.337257768719	0.02411715805328726	0.07281827155122936	0.0029484546179312466	377.1210481345355	811.0770818121068	0.0024586770406626	46.496326501048756	433.9560336775713	266.6846974432097	1.5045759078593965	-0.10211634129678926	0.21791950809945654	1.523701191730568	-9.577099758781464e-14	-9.159334983924355e-15	1.523701191730568	4.5333461884287365	335.8827395265117	356.1172604734884	8.22262955836955	NaN	0.23847652003360809	0.6103632523620045	-104.62953236217679	-0.02771683992585959	0.216741324089608	0.03794564578556018	0	65.83903617511523	-9.991327748200963	22.60041057075452	56.27821786985528	85.82783319370948	120.37475641170211	180.3433202572821	0.06752409846869585	1.0100094066250467	13.448338512911894	1.0135768252736004	46.351767601051456	1.0880964927948233	2.065195823430679	1.0880964927948233	1.0327565302781685	1.0880964927948233	-0.008951804581551105	1.148231011475493	NaN	NaN	800000009	800000009	800000009	800000009	800000009	800100009	899999999	899999999	89999	89999	89	89	6	7	4	1	0	0	0	NaN	0	0	0	0	0	0	0	0	0	NaN	NaN	NaN	NaN	0	0	0	0	0	0	0	0	13747	18000	0	0	18000	18000	18000	18000	93	NaN	0.4016660795177349	0.7332441525099608	0.08581627269631315	0.44427492380454353	4.455993653059448	0.11966959763733635	4.771443584928621e-8	NaN	0.011132706851548949	0.050004026857350586	0.025005854016955487	-0.000008951804581551104	NaN	426.157057766279	3.9459603854474374	95930.26296744791	11.4399995803833	-6.513696695420433	91.16410986540053	92.93710365125868	89.39111700736152	3.545985328170988	0.00027046286451513885	-1	0	2.084854152752294	91.18009827253549	1.000061023162471	-273.1499938964844	9.000315509372287	-273.1499938964844	228
DATA	2025-03-18T020000_AIU-0547.ghg	2025-03-18	02:30:00	77.104	0	18000	18000	0.09980184181893835	0	NaN	-6.87010640666514	2	NaN	70.81011936191827	0	NaN	3.3619239116346393	0	NaN	1.5782036304338498	0	NaN	-0.00992664713779844	0	NaN	NaN	NaN	NaN	NaN	NaN	NaN	NaN	NaN	NaN	-7.206701974209266e-11	-6.172399045164528e-13	-3.8543434340203094e-13	NaN	17.441301482644175	424.5936395068563	426.14333588521407	0.2	0	149.38133004967457	3.6365613347881043	3.6498341806478365	0.1	1	0.09328090170923753	2.0915796958450903	2.0992136149105347	-0.1	0	NaN	NaN	NaN	NaN	9	277.2471094326444	277.4790246802436	95538.76225868055	1.1978692715559307	1007.1749105894031	0.024146854707466518	0.10226759525211346	0.0027138456403356945	347.52576391213626	830.0414998044037	0.002265560779274886	41.868480551156715	482.5157358922674	265.62385447972935	0.9325097086201521	-0.46665502065258674	0.09846026880429926	1.0473947152359182	-2.4400972929117112e-14	-4.13197488810147e-15	1.0473947152359182	4.7934463239270135	358.5847175947013	333.4152824052987	5.394050301084438	NaN	0.2886453502779986	0.7233475236283345	295.1824164930979	0.009824433428160546	-0.09702153404870388	-0.019728068841543368	0	57.22261813856615	-8.683753068801101	19.64267308569598	48.91303332752839	74.59546205143994	104.62119617530522	156.7416163486317	0.09898200891682796	1.0082826456149145	-3.085001669075296	1.0125265910508539	64.7542466377645	1.093520858300311	3.074403095392408	1.093520858300311	1.44323139193421	1.093520858300311	-0.011440878592943066	1.1683207546113459	NaN	NaN	800000009	800000009	800000009	800000009	800000009	800100009	899999999	899999999	89999	89999	89	89	10	10	5	3	35	2	0	NaN	0	0	0	0	0	0	0	0	0	NaN	NaN	NaN	NaN	0	0	0	0	0	0	0	0	15572	606	0	0	18000	18000	18000	18000	93	NaN	0.47622585720239524	0.791945079260024	0.17852411079424987	0.4858580235226452	5.266015998035729	0.1317825135716924	3.5248968992733126e-8	NaN	-0.0025570609524451482	0.07450819114410226	0.03497672786517857	-0.000011440878592943066	NaN	424.59313417446685	3.6364249045255823	95930.55128385416	11.459200019836423	-7.585374213192235	91.1688829752604	92.94273131773207	89.39503325610691	3.5476978756917847	0.0002708166642437897	-1	0	2.088310112959808	91.17413515006172	1.0000573151111602	-273.1499938964844	9.00030571659406	-273.1499938964844	035
DATA	2025-03-18T023000_AIU-0547.ghg	2025-03-18	03:00:00	77.124	0	18000	18000	0.1090580386425269	1	NaN	-9.266666530738867	2	NaN	61.188755301748316	0	NaN	3.253966846889373	0	NaN	1.3641704127228125	0	NaN	-0.004476297126000502	0	NaN	NaN	NaN	NaN	NaN	NaN	NaN	NaN	NaN	NaN	-2.7649034865692633e-10	-2.3751867707618115e-12	-1.4841234633151854e-12	NaN	17.389539291869855	423.914454494756	425.46383706923774	0.2	0	149.3846127950814	3.6416316487777385	3.6549415997819388	0.1	1	0.09334222118302091	2.095968053218198	2.1036286940477193	-0.1	0	NaN	NaN	NaN	NaN	9	277.48655846489805	277.791750257704	95535.47848003473	1.1964773407865337	1007.1827749740854	0.02417489971670796	0.08839824274443825	0.002714476759131404	347.9983438532969	848.4191857187774	0.0022687239169502165	41.01726478031895	500.4208418654805	265.6414151084356	2.153460042024374	-0.2609170199577245	0.26582694744999535	2.1854362973764014	5.170927930047087e-14	-1.5899808730769198e-14	2.1854362973764014	7.912237804542	338.90838369085117	353.09161630914883	6.986509543087834	NaN	0.3019093772220549	1.8222075112333835	250.41389346242553	0.011580827085519291	-0.15144394562433752	-0.025470306111716304	0	52.431186714032236	-7.956634864667337	17.99792972815256	44.81738981140551	68.34934726977448	95.86093138258272	143.61714335988336	0.10832059078757093	1.00680801175099	-5.987789914869842	1.0129106773209953	55.31852122765748	1.1061169739142613	2.9417927069452947	1.1061169739142613	1.2332966990781877	1.1061169739142613	-0.005051715899746404	1.1774680383370517	NaN	NaN	800000009	800000009	800000009	800000009	800000009	800100009	899999999	899999999	89999	89999	89	89	9	3	7	4	3	0	0	NaN	0	0	0	0	0	0	0	0	0	NaN	NaN	NaN	NaN	0	0	0	0	0	0	0	0	16305	0	0	0	18000	18000	18000	18000	93	NaN	1.486419663496776	1.914961913682161	0.24303344528783025	0.47011048206850137	2.85732288234441	0.09317509665908721	4.4996878157267995e-8	NaN	-0.00496882597366948	0.07137754412510841	0.02992382479906695	-0.000005051715899746404	NaN	423.91379341187394	3.6415391399487014	95925.52195703125	11.470000267028809	-7.552432585636771	91.12140670225355	92.89360955556234	89.34920347595215	3.5444080310596364	0.00027101395943706546	-1	0	2.0926876713302405	90.43359443706936	1.000057478401396	-273.1499938964844	9.000340374496249	-273.1499938964844	026
DATA	2025-03-18T030000_AIU-0547.ghg	2025-03-18	03:30:00	77.145	0	18000	18000	0.0750755059196527	1	NaN	9.903527621738878	1	NaN	82.93307203728786	1	NaN	2.1892310058633893	1	NaN	1.8504249591592237	1	NaN	-0.0036232118234925735	1	NaN	NaN	NaN	NaN	NaN	NaN	NaN	NaN	NaN	NaN	8.196359905610222e-11	6.968171420466562e-13	4.4400521976946573e-13	NaN	17.26905709769613	422.24610204169267	423.7673181473832	0.2	0	146.8136483906785	3.5897438064382747	3.602676492062256	0.6	0	0.0935482528851101	2.1086469001361885	2.116243672753369	-0.1	0	NaN	NaN	NaN	NaN	9	278.3543406355116	278.6298933664958	95529.59286349827	1.1928281785251498	1007.1687165580666	0.024249333259057454	0.11990753735351768	0.002667586106772522	343.01875078766176	899.4589965929786	0.0022363540322050484	38.136118721027586	556.4402458053169	265.4553025011309	2.7315143583210197	0.10494519002840194	0.31574041933149066	2.75170423465597	4.941627354160809e-14	4.746269503448281e-15	2.75170423465597	7.887873142715671	329.79976975156046	2.2002302484395457	6.5888358723013996	NaN	0.25087661933004607	2.056666107295095	-134.43927581943476	-0.021571077219241994	0.11941590222638943	0.032858641995158144	0	40.36437643855564	-6.125449851311774	13.855784242003311	34.50286187889979	52.61904136509616	73.79895368726332	110.56428055359805	0.07447891513890642	1.008010196974991	14.119690101035047	1.0137841003086208	75.40349557314846	1.0998571274037952	1.9904685357006806	1.0998571274037952	1.6824230284592858	1.0998571274037952	-0.011682520362678646	1.155184366292787	NaN	NaN	800000009	800000009	800000009	800000009	800000009	800101109	899999999	899999999	89999	89999	89	89	1	2	0	21	34	13	0	NaN	0	0	0	0	0	0	0	0	0	NaN	NaN	NaN	NaN	0	0	0	0	0	0	0	0	16408	0	0	0	18000	18000	18000	18000	93	NaN	1.5838718774971006	2.2067507884611994	0.32270954863188994	0.2780267059504073	0.8496302171342188	0.0713235271844244	3.59435249677978e-8	NaN	0.011752900166489397	0.048441473989921255	0.04094465695458276	-0.000011682520362678646	NaN	422.24511912982064	3.5896238405545295	95921.04528211805	11.45055537753635	-7.729568458212758	91.05373947461445	92.82484779188368	89.28263232888116	3.5422170599367884	0.0002719674720525897	-1	0	2.1054035769965913	90.3174566315545	1.0000711165352	-273.1499938964844	9.000438951863183	-273.1499938964844	249
DATA	2025-03-18T033000_AIU-0547.ghg	2025-03-18	04:00:00	77.166	0	18000	18000	0.1208225930141266	0	NaN	4.011544384605714	0	NaN	80.64080583070705	0	NaN	2.2527871696759707	0	NaN	1.7985500604650158	0	NaN	-0.00663704718874719	0	NaN	NaN	NaN	NaN	NaN	NaN	NaN	NaN	NaN	NaN	2.1169089046313548e-10	1.8998698283809157e-12	1.1441062076232237e-12	NaN	17.324446608470442	423.3551674039581	424.96984065666584	0.2	0	155.48233243678882	3.799500807428455	3.8139920733908292	0.5	0	0.09363183680234852	2.106596635958832	2.1146311788302103	-0.1	0	NaN	NaN	NaN	NaN	9	277.92396970621735	278.2043919084337	95534.31553559027	1.1946167290837637	1007.275090027835	0.02421110468379331	0.11654604391813302	0.0028279174625516212	363.08007528380534	873.2183854963087	0.002367217362442724	41.579527105060045	510.1383102125033	266.1909933776104	2.0914320891862426	0.5505187919426551	0.3331719228828972	2.188187070192525	8.468288377455134e-14	1.2219200719498506e-14	2.188187070192525	5.6893234306185425	317.2528009063182	14.747199093681779	8.757881489593903	NaN	0.3180239152240674	0.9917344196070176	-676.1296083179816	-0.004289118483088436	0.049745837027315096	0.010482747756808103	0	68.19980746087246	-10.349583898728534	23.41078695870547	58.29616965771819	88.90533699530756	124.69099925145038	186.80983855364852	0.11980479845873505	1.0084954406541746	8.199060454604723	1.0133392105955112	73.7254023361068	1.0937994676932872	2.059597975876576	1.0937994676932872	1.644314258314622	1.0937994676932872	-0.012555947168614912	1.1512300710996248	NaN	NaN	800000009	800000009	800000009	800000009	800000009	800101009	899999999	899999999	89999	89999	89	89	4	0	11	41	29	5	0	NaN	0	0	0	0	0	0	0	0	0	NaN	NaN	NaN	NaN	0	0	0	0	0	0	0	0	15309	0	0	0	18000	18000	18000	18000	93	NaN	0.9322349991073616	0.9114848280970548	0.1397490120096188	0.325333867160011	1.973953293063216	0.10481581087937022	2.9557925081122795e-8	NaN	0.006813768943955839	0.05005537866737354	0.03996254308468607	-0.000012555947168614912	NaN	423.3544833974607	3.799383557535078	95921.43353190104	11.453066546122233	-7.004526351147173	91.0647075413598	92.83686702240838	89.29254661666022	3.544319695485963	0.00027184057417778396	-1	0	2.1031709578699544	90.0471289727953	1.0000795459697644	-273.1499938964844	9.000532426807615	-273.1499938964844	243
DATA	2025-03-18T040000_AIU-0547.ghg	2025-03-18	04:30:00	77.187	0	18000	18000	0.050029904939380095	0	NaN	13.75568409646056	0	NaN	43.023945992438826	0	NaN	1.443431703010731	1	NaN	0.958770952858885	0	NaN	-0.0016433275857985973	0	NaN	NaN	NaN	NaN	NaN	NaN	NaN	NaN	NaN	NaN	1.0442195047618993e-10	9.529144743867683e-13	5.605298515746656e-13	NaN	17.454032564996545	425.328626726427	426.9859235364869	0.2	0	159.2787741634424	3.8813851199904112	3.896508971933985	0.8	0	0.09369204691563109	2.099547113953245	2.1077280181197615	-0.2	0	NaN	NaN	NaN	NaN	9	276.9843640780979	277.3264120500353	95539.73798350694	1.1984295911983238	1007.3050323723267	0.024133327539395448	0.06212835774525575	0.002898173115432923	370.92598766473157	821.2014792133185	0.002418309041030108	45.16869453523943	450.27549154858696	266.4689184287204	1.0955748622623875	-0.5113259716164772	0.13208751005607877	1.2162177594426133	-9.702918543047844e-15	5.982683376310671e-15	1.2162177594426133	3.797840923221989	357.01937146410705	334.98062853589295	6.234914723978971	NaN	0.2043189165050197	0.47835243924316606	-52.29050021782676	-0.05545940444094927	0.3197215824619627	0.055769928680218864	0	59.883425534305374	-9.08754085656516	20.556042161049113	51.187451469508005	78.06409322512063	109.48600071570984	164.0299800336109	0.049464084293706856	1.0114390199222838	15.844915177459868	1.0142375309157654	39.600234750330436	1.0864568420791956	1.3285679164653965	1.0864568420791956	0.8824749550327715	1.0864568420791956	-0.00855045258707131	1.1479284831191985	NaN	NaN	800000009	800000009	800000009	800000009	800000009	800110009	899999999	899999999	89999	89999	89	89	10	4	7	0	7	1	0	NaN	0	0	0	0	0	0	0	0	0	NaN	NaN	NaN	NaN	0	0	0	0	0	0	0	0	14606	0	0	0	18000	18000	18000	18000	93	NaN	0.2342115959405392	0.6426501398476613	0.0798431426981316	0.4153828846137806	3.587155030013889	0.0901008166281298	2.6817948936552937e-8	NaN	0.013125516161210488	0.032187731179186316	0.021380063655706386	-0.00000855045258707131	NaN	425.3280369088522	3.8812928918389824	95924.6236032986	11.460000038146973	-6.719829776737471	91.11280610720317	92.88535341368781	89.34025452868144	3.5450977575116687	0.0002708659993853264	-1	0	2.096043321000205	90.54160017437405	1.0000550713439782	-273.1499938964844	9.000286309586631	-273.1499938964844	207
DATA	2025-03-18T043000_AIU-0547.ghg	2025-03-18	05:00:00	77.208	0	18000	18000	0.11484312929987503	0	NaN	-6.98063901674397	1	NaN	74.75141497245663	0	NaN	4.052308727989959	0	NaN	1.6661072332799112	0	NaN	-0.006853935960346006	0	NaN	NaN	NaN	NaN	NaN	NaN	NaN	NaN	NaN	NaN	-8.311314143172307e-11	-7.655142476579929e-13	-4.464043172459732e-13	NaN	17.43431468501456	424.57661204916275	426.2434653587269	0.2	0	160.57889353749732	3.9105662491772826	3.9259188147914155	0.1	1	0.0936404665922639	2.100228681560697	2.1084740088570006	-0.7	0	NaN	NaN	NaN	NaN	9	277.2491226331923	277.5172942606608	95564.00161675348	1.197896197122043	1007.3239451603445	0.024143806720611845	0.10796374871653824	0.0029186948782774316	373.80960293840866	832.2713961704744	0.0024365173587574816	44.91438786174998	458.46179323206576	266.569752449432	1.3059471422985964	-0.4196920801197637	0.14055642852060915	1.3789109797922483	5.838609111395189e-14	-4.767215857538805e-15	1.3789109797922483	5.29956186750129	349.81584113424094	342.184158865759	5.850487749978622	NaN	0.3096299166255537	0.8524789467919064	358.6698920066515	0.008085429149838482	-0.09338470742414842	-0.018683744538912944	0	68.19684738279358	-10.349134695460009	23.409770859688976	58.29363942749744	88.90147823457299	124.68558728465369	186.8017304411976	0.11399721194823999	1.0074205091263033	-2.996574748259144	1.0122407013595127	68.23265058689324	1.09553731724465	3.6989235000974565	1.09553731724465	1.5208128532492922	1.09553731724465	-0.00882406347890372	1.1687173887694828	NaN	NaN	800000009	800000009	800000009	800000009	800000019	800111019	899999999	899999999	89999	89999	89	89	11	8	3	0	0	0	0	NaN	0	0	0	0	0	0	0	0	0	NaN	NaN	NaN	NaN	0	0	0	0	0	0	0	0	14213	0	0	0	18000	18000	18000	18000	93	NaN	0.4420232492920668	1.1304510374180643	0.13248360687368174	0.5029458359755606	3.140112800537774	0.11808533549647608	2.594537124279493e-7	NaN	-0.0024833433601340956	0.08965679695196269	0.036862403124074974	-0.00000882406347890372	NaN	424.5762195267112	3.910445174638959	95952.45328428819	11.453599891662599	-6.628786424597207	91.11810786819458	92.8911313802931	89.34508957968816	3.54603071523375	0.0002708552651262532	-1	0	2.096689489059979	90.53975621477763	1.0000491703715588	-273.1499938964844	9.000250565581851	-273.1499938964844	219
DATA	2025-03-18T050000_AIU-0547.ghg	2025-03-18	05:30:00	77.229	0	18000	18000	0.0641221090991515	0	NaN	3.7475599872679646	2	NaN	36.988213564347674	0	NaN	1.798364588642593	1	NaN	0.8243534165621175	0	NaN	-0.003916268155298486	0	NaN	NaN	NaN	NaN	NaN	NaN	NaN	NaN	NaN	NaN	5.525962092897351e-11	5.190034957565328e-13	2.968154619675529e-13	NaN	17.44457938332357	424.8130272459529	426.5147714675273	0.2	0	163.841110918664	3.989883435265548	4.005866375159685	0.1	1	0.09369989879492677	2.100822595959872	2.109238210557203	-0.1	0	NaN	NaN	NaN	NaN	9	277.1291206097073	277.43638586595324	95590.17543988716	1.1985377218365627	1007.3656341782104	0.024130158789593053	0.05341810139322521	0.0029795784338716505	381.4959623729907	827.5632375271867	0.002486011395040562	46.09870824046337	446.06727515419607	266.83518924081994	1.2693400743567325	0.24655583181282076	0.200596355133984	1.3085308174673855	3.4957102346544887e-14	3.167724466994019e-15	1.3085308174673855	4.961637317428728	321.0077807478075	10.992219252192507	8.818152235530846	NaN	0.23130128511840312	0.7799254131373955	-278.571539540599	-0.010410252263323382	0.10131768004281709	0.013419357080964232	0	65.3167775644187	-9.912072989141148	22.421136089966865	55.83179906446736	85.14701634815879	119.4199011055081	178.9127730111855	0.06342873333820705	1.0109315719304581	5.649024207703996	1.0139820764008534	34.03248079933087	1.0868503469507553	1.6546570497843123	1.0868503469507553	0.7584792320993468	1.0868503469507553	-0.007180451326852774	1.147914029661677	NaN	NaN	800000009	800000009	800000009	800000009	800000009	800100009	899999999	899999999	89999	89999	89	89	1	1	10	1	4	0	0	NaN	0	0	0	0	0	0	0	0	0	NaN	NaN	NaN	NaN	0	0	0	0	0	0	0	0	12908	0	0	0	18000	18000	18000	18000	93	NaN	0.6421106961078415	0.8353867796218503	0.0823533505450993	0.5263157943486145	3.29049964861015	0.11832443566078056	1.0291541814310862e-7	NaN	0.004678801253352566	0.04008712320546285	0.01837556031923035	-0.000007180451326852774	NaN	424.8123394376584	3.989766101968563	95977.49019162326	11.449999809265137	-6.3627929920222925	91.10708186488681	92.88016725413004	89.3339967780643	3.546157447622882	0.0002709020011890162	-1	0	2.0972112797366247	90.43203652360704	1.0000431735681163	-273.1499938964844	9.000218884627024	-273.1499938964844	065
DATA	2025-03-18T053000_AIU-0547.ghg	2025-03-18	06:00:00	77.249	0	18000	18000	0.08044783123638224	0	NaN	25.03445705158233	1	NaN	46.44083679460072	0	NaN	-0.08631805350854115	2	NaN	1.035457975179281	0	NaN	0.0008686241380333586	0	NaN	NaN	NaN	NaN	NaN	NaN	NaN	NaN	NaN	NaN	2.5331165440913434e-11	2.2959969823484845e-13	1.3573056788296153e-13	NaN	17.401678417532644	423.96716476689227	425.6026729115567	0.1	1	157.7274493258095	3.842805153162846	3.8576292708036823	0.1	1	0.09324244078851235	2.0946463796250607	2.1027267488110852	-0.1	0	NaN	NaN	NaN	NaN	9	277.5817043863932	277.8774376000298	95607.06893663194	1.1969135248645417	1007.2931331400251	0.024164248960899422	0.0670976767916174	0.0028656942807748255	367.49788817144383	853.5170518114925	0.00239423669399938	43.05688883326602	486.01916364004865	266.34813435048653	1.727598693348945	-0.2950138482437995	0.24825368364547312	1.7701017788138853	-1.6831746908460737e-15	1.4556736903833154e-15	1.7701017788138853	6.032132236237515	341.6906547910395	350.3093452089605	8.062211878281568	NaN	0.25925418940829004	0.9499391293993077	-58.72703845314892	-0.04938100194365417	0.5390612826875866	0.08009284967879637	0	57.85198607017344	-8.779262080539528	19.85871473029963	49.4510075694521	75.41590671450865	105.77188148088992	158.46555261871362	0.07970895725122999	1.009269648112739	27.17900953188938	1.0133495337221659	42.60811242951577	1.0899529255473404	-0.07919429498773528	1.0899529255473404	0.9500024734181122	1.0899529255473404	-0.009874819345250169	1.1490537525395343	NaN	NaN	800000009	800000009	800000009	800000009	800000009	800110009	899999999	899999999	89999	89999	89	89	12	10	8	0	0	1	0	NaN	0	0	0	0	0	0	0	0	0	NaN	NaN	NaN	NaN	0	0	0	0	0	0	0	0	13513	0	0	0	18000	18000	18000	18000	93	NaN	0.6623586355500113	1.097385809478331	0.1401338137702731	0.619708035482535	3.4921914909701903	0.10714065745185623	6.097632717117225e-8	NaN	0.022543169590049376	-0.0019210548801671832	0.02304467623600154	-0.00000987481934525017	NaN	423.96679330254955	3.842699120710864	95997.20838628472	11.440267919858297	-6.847572609172924	91.08939976607428	92.8624490008884	89.31634955893622	3.5460926916996636	0.0002707278763151003	-1	0	2.0911861087481176	90.17278725645275	1.0000523232916991	-273.1499938964844	9.000267500374052	-273.1499938964844	117
DATA	2025-03-18T060000_AIU-0547.ghg	2025-03-18	06:30:00	77.27	1	18000	18000	0.028658086178644356	1	NaN	12.455379900191614	1	NaN	45.403027115261054	1	NaN	1.1187436061206006	1	NaN	1.0122419011513153	1	NaN	-0.0011184595882460541	1	NaN	NaN	NaN	NaN	NaN	NaN	NaN	NaN	NaN	NaN	1.454323411354519e-10	1.336065778226375e-12	7.798501469150439e-13	NaN	17.389507779946495	423.8611455394044	425.5180920254847	0.1	0	159.75488026661628	3.8939507323724087	3.9091728588892503	0.6	0	0.09324755478109929	2.0940358307633966	2.1022217787985586	-0.1	0	NaN	NaN	NaN	NaN	9	277.52347642178006	277.79778275892465	95612.87348567709	1.1973062228665976	1007.3195348151472	0.02415585560456649	0.06559327519460523	0.0029048440489249806	372.4116874379135	848.7771996388246	0.002426149629432465	43.87625958807373	476.36551220091116	266.5209569294105	1.7816065163608803	0.3160719482537315	0.2821991344765946	1.8312999773690322	4.535862000710479e-14	8.363223558470347e-15	1.8312999773690322	5.156465063059947	321.9399191302556	10.060080869744418	8.86447020373237	NaN	0.15471092128590086	0.9392238492614936	-25.085725372979933	-0.11560359355299396	0.27432928356455466	0.06675188130660885	1	29.842441526145713	13	24	42	66	113	291	0.028398962229319202	1.0091244161400248	14.694668001449736	1.0133225872715623	41.6362697816444	1.0904681748237988	1.0259296254119206	1.0904681748237988	0.9282635885406527	1.0904681748237988	-0.007766173523456022	1.1493188403695551	NaN	NaN	800000009	800000009	800000009	800000009	800000009	800100009	899999999	899999999	89999	89999	89	89	6	2	1	3	0	1	0	NaN	0	0	0	0	0	0	0	0	0	NaN	NaN	NaN	NaN	0	0	0	0	0	0	0	0	15840	0	0	0	18000	18000	18000	18000	93	NaN	0.501827178179744	1.266349686695748	0.11027083364749515	0.31470720736896907	1.9494866579318533	0.10966868272319821	3.6555108478463197e-8	NaN	0.012183926838180273	0.02487911191446508	0.0225106802000705	-0.000007766173523456022	NaN	423.86082383639103	3.8938308459885422	96000.37379817708	11.446133054097494	-6.674667621903977	91.07862555376688	92.85176569875081	89.30548092778524	3.5462825581365163	0.00027057069986929287	-1	0	2.0905348818103473	90.00313783815173	1.000053590701686	-273.1499938964844	9.00027458633317	-273.1499938964844	013
DATA	2025-03-18T063000_AIU-0547.ghg	2025-03-18	07:00:00	77.291	1	18000	18000	0.055895838525512526	0	NaN	7.65968154064605	1	NaN	90.82238700754002	0	NaN	3.893134258802601	0	NaN	2.0239524631102257	0	NaN	-0.002694177021259991	0	NaN	NaN	NaN	NaN	NaN	NaN	NaN	NaN	NaN	NaN	-1.6596146825388226e-10	-1.6060215752786233e-12	-8.880214895185626e-13	NaN	17.452574354668933	424.69344313655625	426.44604696423664	0.2	0	168.88987096013489	4.109790300922571	4.1267503796070075	0.7	0	0.09338469487783665	2.0928238916964577	2.101460453485967	-0.1	0	NaN	NaN	NaN	NaN	9	277.0829949332343	277.33310814242896	95631.04379600694	1.1994421949532528	1007.4290079202124	0.024110867868540723	0.13115211960954262	0.0030715784639241705	393.12896066303654	821.5875946810514	0.0025608390940789626	47.84991438626251	428.4586340180149	267.22801407641975	2.348998368029869	0.5950256432900368	0.38097560738723946	2.452955617740139	5.164067390441538e-15	-9.509282979188917e-15	2.452955617740139	5.6994765007874815	317.7853829446594	14.21461705534065	8.934942850891709	NaN	0.21587386960287192	0.6586996549294865	-110.83600425948272	-0.026164782999671215	0.08433693269931507	0.029364111385294624	0	59.60361593028805	-9.045078669643171	20.459992578615797	50.94827442847294	77.69933314637765	108.9744195188701	163.26353817844551	0.055440789451975225	1.0082078389942748	12.308750006585875	1.0134978258894258	82.8254398316198	1.0965518226305544	3.55034224416611	1.0965518226305544	1.845742646485142	1.0965518226305544	-0.010580313321351396	1.1529712199262323	NaN	NaN	800000009	800000009	800000009	800000009	800000009	800100009	899999999	899999999	89999	89999	89	89	8	2	6	5	3	0	0	NaN	0	0	0	0	0	0	0	0	0	NaN	NaN	NaN	NaN	0	0	0	0	0	0	0	0	15472	0	0	0	18000	18000	18000	18000	93	NaN	0.561562328766052	0.6656579236378781	0.09017905745504283	0.27507221577701035	2.4055157088422674	0.14097554622568703	4.388302379953118e-8	NaN	0.010186387113193982	0.08595518528163365	0.04468615706599479	-0.000010580313321351396	NaN	424.6930178512878	4.109650601541957	96015.97128363715	11.460000038146973	-5.975584503610945	91.09919293043349	92.87294805441962	89.32543877283732	3.5475064292483856	0.0002706168687630755	-1	0	2.089128974530432	89.77234370337587	1.0000524498489167	-273.1499938964844	9.000288557476468	-273.1499938964844	186
DATA	2025-03-18T070000_AIU-0547.ghg	2025-03-18	07:30:00	77.312	1	18000	18000	0.05413393814527216	1	NaN	4.018272103866033	0	NaN	77.95470813683578	0	NaN	2.9081769857950595	0	NaN	1.7382130968991099	0	NaN	-0.004296758521956373	0	NaN	NaN	NaN	NaN	NaN	NaN	NaN	NaN	NaN	NaN	3.1574158458588507e-10	3.0008954360255417e-12	1.6929186490418125e-12	NaN	17.37626639291529	423.4526286630438	425.16374736590467	0.2	0	165.14884658621733	4.024611019782516	4.040873965674321	0.6	0	0.09316671247427394	2.0937351239608604	2.1021956437142917	-0.1	0	NaN	NaN	NaN	NaN	9	277.6954969262017	277.9456921166314	95630.83237261284	1.1968346217635855	1007.3928000046424	0.024164178298206065	0.11263620867906231	0.003001281108096773	384.9801409524427	857.5971212026251	0.0025076823928056667	44.89055891565699	472.6169802501824	266.95394759827633	2.7256652525705607	0.5516299118101331	0.39518495897433153	2.808864144182444	1.7058084706518727e-13	1.8170853130717443e-14	2.808864144182444	6.666521706356354	320.5588110973354	11.441188902664559	8.087896316089683	NaN	0.21267563552248409	0.8750641985253244	-202.02398586382427	-0.014354731135513612	0.051546240116923575	0.01567070794295005	0	50.75954299967958	-7.702956481771597	17.4241085353285	43.38849390674962	66.17019085726004	92.80463352932817	139.0382522453212	0.05370512194086239	1.0079846425985581	8.034364631502468	1.013849447238874	70.83508669597268	1.1005098147394219	2.6425725121621526	1.1005098147394219	1.5794616945880515	1.1005098147394219	-0.01011735296200001	1.1556328890149632	NaN	NaN	800000009	800000009	800000009	800000009	800000009	800001009	899999999	899999999	89999	89999	89	89	4	8	5	3	11	2	0	NaN	0	0	0	0	0	0	0	0	0	NaN	NaN	NaN	NaN	0	0	0	0	0	0	0	0	16110	0	0	0	18000	18000	18000	18000	93	NaN	0.7541136786524272	0.865238649670918	0.13077606872730368	0.2705900694374661	1.4317668327928703	0.09445486918568073	3.4590969865365263e-8	NaN	0.0066637477887686826	0.06411369524877787	0.038320661127698434	-0.00001011735296200001	NaN	423.45232286362636	4.02451160173489	96020.39855251736	11.460000038146973	-6.234340075479606	91.06751415252685	92.84106455103556	89.29396189710829	3.547099740465482	0.00027128907140771245	-1	0	2.090117983142535	89.4919716139899	1.0000409059425195	-273.14999394829863	9.000233782556322	-273.1499938964844	226
DATA	2025-03-18T073000_AIU-0547.ghg	2025-03-18	08:00:00	77.333	1	18000	18000	0.083906544077854	0	NaN	52.728603487094055	0	NaN	32.28947161688816	0	NaN	-2.419045269082243	0	NaN	0.7199759427670336	0	NaN	0.0003757186414509056	0	NaN	NaN	NaN	NaN	NaN	NaN	NaN	NaN	NaN	NaN	-2.558153949577802e-10	-2.4770477639228457e-12	-1.3700253178546813e-12	NaN	17.40336493579824	424.2350860780382	425.9849672621108	0.1	1	168.51591830924406	4.107847268225014	4.124791280819929	0.8	0	0.09320412706922138	2.0945557847597964	2.1031953901979645	-0.1	0	NaN	NaN	NaN	NaN	9	277.6360502624512	277.9369363098144	95640.11994726563	1.196950833018903	1007.4377988571533	0.02416107058161278	0.046654441091303775	0.0030637470633463923	392.98039001937815	857.0727611033235	0.0025596264932780306	45.85146184245644	464.09237108394535	267.22306261488177	1.9611707396494662	-0.028487895584015738	0.32339792776818743	1.9878602692183447	-2.123326277971684e-14	-1.469919155872983e-14	1.9878602692183447	5.225701780159662	332.83221790082916	359.1677820991711	9.362861852988154	NaN	0.2647645045188406	0.8087580728391122	-29.70693850221534	-0.09762029162930194	1.6329967895639317	0.16515508703403164	0	64.8977886310355	-9.848489802030597	22.2773107475989	55.47365362601833	84.60082195690468	118.65385570561713	177.76509741040044	0.0831740189833839	1.0088071383759445	53.80190701603125	1.013296757672362	29.572689039931262	1.0918679587537168	-2.21551081308714	1.0918679587537168	0.6593983613081116	1.0918679587537168	-0.018003564710058508	1.1500851421333775	NaN	NaN	800000009	800000009	800000009	800000009	800000009	800010009	899999999	899999999	89999	89999	89	89	4	4	6	0	0	0	0	NaN	0	0	0	0	0	0	0	0	0	NaN	NaN	NaN	NaN	0	0	0	0	0	0	0	0	13115	0	0	0	18000	18000	18000	18000	93	NaN	0.5416100198622006	0.9662502687229984	0.10965585709302557	0.5465661539947374	3.320658212575178	0.09378611912946472	4.828698750638061e-8	NaN	0.044617282659776644	-0.0537499690190946	0.015997503276531617	-0.000018003564710058507	NaN	424.23480720547576	4.107754185431378	96027.96924544271	11.460000038146973	-5.964901621182787	91.06232567384508	92.83633777194552	89.2883142712911	3.548030098385281	0.0002710443409709519	-1	0	2.0908588455385635	89.76510252804229	1.000039224654436	-273.1499938964844	9.000199089447657	-273.1499938964844	083
DATA	2025-03-18T080000_AIU-0547.ghg	2025-03-18	08:30:00	77.354	1	18000	18000	0.04605279119922851	0	NaN	5.5834653240842	0	NaN	34.99700389488217	0	NaN	1.9904760056169473	0	NaN	0.780246806147672	0	NaN	-0.003937150560242475	0	NaN	NaN	NaN	NaN	NaN	NaN	NaN	NaN	NaN	NaN	4.846213355155196e-11	4.5205170793690006e-13	2.5884806156331337e-13	NaN	17.45708650508435	425.21597969336347	426.90926735537744	0.3	0	162.83859566007226	3.966387688193137	3.9821825681033998	0.1	1	0.09324255189007156	2.0939416399240858	2.1022800978212173	-0.2	0	NaN	NaN	NaN	NaN	9	277.4124215070936	277.80172992791074	95684.80419487847	1.1981570783639877	1007.3588732129659	0.02413803949388521	0.05055999303836914	0.002961065143007036	379.6248323407667	849.011526536316	0.0024713497057081988	44.71374303827293	469.38669419554924	266.7710133169791	1.5835227981615405	-0.8221754297809074	0.17866760955346747	1.7931645223839328	-1.2119660333962143e-14	2.7760722579588198e-15	1.7931645223839328	5.2957974481818075	359.4386355438707	332.5613644561293	5.718334379662163	NaN	0.19605191997288735	0.5451846979448768	-113.9379606012648	-0.025452447847024284	0.1595412378972448	0.023595802343084036	1	21.13936720309254	9	18	33	55	101	305	0.04563236075081859	1.009213427521441	7.357405827435538	1.0133381806631456	32.10311419530782	1.0901435817711829	1.825884258643226	1.0901435817711829	0.7157284776010752	1.0901435817711829	-0.007614630600975197	1.1491510243881302	NaN	NaN	800000009	800000009	800000009	800000009	800000009	800100009	899999999	899999999	89999	89999	89	89	7	8	8	0	0	2	0	NaN	0	0	0	0	0	0	0	0	0	NaN	NaN	NaN	NaN	0	0	0	0	0	0	0	0	14212	0	0	0	18000	18000	18000	18000	93	NaN	0.3964027055155692	0.6178443704693423	0.07612231990484228	0.4362445645950023	3.6423872585426644	0.08749311849809255	2.7489833892156966e-8	NaN	0.006095744254092091	0.04424882140498916	0.017345098096945167	-0.0000076146306009751974	NaN	425.21553233115344	3.966297372671437	96071.5783296441	11.421071186383566	-6.415334547983258	91.06395391061571	92.83804383807713	89.28986460834079	3.5481794400215145	0.0002708442307032076	-1	0	2.0903756570551133	90.41861026119155	1.0000333477076557	-273.1499938964844	9.000174862835143	-273.1499938964844	040
DATA	2025-03-18T083000_AIU-0547.ghg	2025-03-18	09:00:00	77.374	1	18000	18000	0.08613603382869721	0	NaN	-15.410229565693392	0	NaN	32.54784781394123	0	NaN	2.4272540562739464	0	NaN	0.7260394907728246	0	NaN	-0.0002030343094337608	1	NaN	NaN	NaN	NaN	NaN	NaN	NaN	NaN	NaN	NaN	-2.901382127780414e-10	-2.631470669382926e-12	-1.556747197008523e-12	NaN	17.406115559699487	424.52805170757944	426.1689505166144	0.3	0	157.86849351787814	3.8503481003151814	3.8652305835498324	0.1	1	0.09339314993677868	2.102697161004472	2.1108245703791297	0	1	NaN	NaN	NaN	NaN	9	277.9600586454603	278.3743088616265	95711.5796108941	1.1960797765838567	1007.305506189048	0.02418102400236776	0.04704735900207903	0.002869327368009254	368.6217510994209	883.6148898051721	0.002398943134215	41.717467117456366	514.9931387057511	266.387841969415	1.0962553345150887	-0.9517717535313526	0.12694193955991465	1.4573124185610582	-7.299184064833039e-14	-1.6668751381255943e-14	1.4573124185610582	6.047082158106908	12.964600917977464	319.03539908202254	4.997189745585703	NaN	0.26835664990977187	0.652907942802976	105.89361561368081	0.027385975851270655	-0.4734638570815955	-0.04766234341894592	0	64.71221260909392	-9.820327924744088	22.213608504497838	55.315026033620555	84.35890486969839	118.3145635510714	177.25677593576543	0.08548825800786192	1.0075773660141223	-13.534736515043708	1.0132673388469848	29.447689818750014	1.1052767811082171	2.1960599351777166	1.1052767811082171	0.6568847759968808	1.1052767811082171	0.002462356513795085	1.1847753756302604	NaN	NaN	800000009	800000009	800000009	800000009	800000009	800101109	899999999	899999999	89999	89999	89	89	10	13	0	8	47	5	0	NaN	0	0	0	0	0	0	0	0	0	NaN	NaN	NaN	NaN	0	0	0	0	0	0	0	0	17702	0	0	0	18000	18000	18000	18000	93	NaN	0.6423099396160783	0.5500450633041107	0.11346088268576314	0.28297757724628114	2.0066915807613186	0.0820428834308489	2.4936932777326412e-8	NaN	-0.011233845594924134	0.05330828852824266	0.015945558956622002	0.0000024623565137950853	NaN	424.52670854419483	3.850252416996342	96102.9179654948	11.432266731262208	-6.797499911864584	91.03255345874362	92.8065045636495	89.2586046623654	3.547894385152393	0.00027131885309225053	-1	0	2.0992240384552208	90.5862333848035	1.0000619230899546	-273.1499938964844	9.000390892611609	-273.1499938964844	086
DATA	2025-03-18T090000_AIU-0547.ghg	2025-03-18	09:30:00	77.395	1	18000	18000	0.0770502945013755	1	NaN	-7.041681786544617	2	NaN	60.806750233780896	0	NaN	4.426528832653348	0	NaN	1.3583774866978169	0	NaN	-0.0090803516608849	0	NaN	NaN	NaN	NaN	NaN	NaN	NaN	NaN	NaN	NaN	1.0117610739464694e-10	9.276083722543436e-13	5.458467455960896e-13	NaN	17.3097068010933	423.54436014465426	425.19546334226055	0.2	0	158.6998093070699	3.8831627803075275	3.898300515776846	0.1	1	0.09338614983223971	2.1172738711404837	2.1255276409643917	-0.2	0	NaN	NaN	NaN	NaN	9	278.95297319115537	279.8976327226426	95729.33081944444	1.189776033311913	1007.3495680478545	0.024308839292370557	0.08802286113801853	0.002878565844237491	371.83228774978875	981.8163377342239	0.0024194182464951732	37.8718782178631	609.9840499844352	266.5006847153935	2.260444605308778	-0.5452460602119911	0.22657653601902022	2.336287654917582	1.1540395300559645e-14	5.84505032680603e-15	2.336287654917582	6.956151262654336	345.5613683611558	346.43863163884424	5.56537453679364	NaN	0.25448051989822207	1.588271200151887	197.65151163728981	0.014672288493911386	-0.11580427764140969	-0.023087474629650277	0	54.97628983827493	-8.342864082841862	18.871581271285805	46.992905682361055	71.66714623978513	100.51419161270698	150.5885751196422	0.07652985429745786	1.0068004860154938	-3.789879829230963	1.013119495119	54.86669947418334	1.1082633148435064	3.9941129272860585	1.1082633148435064	1.225681179286917	1.1082633148435064	-0.009880815746631666	1.1791803946288275	NaN	NaN	800000009	800000009	800000009	800000009	800000009	800101009	899999999	899999999	89999	89999	89	89	3	2	8	24	3	9	0	NaN	0	0	0	0	0	0	0	0	0	NaN	NaN	NaN	NaN	0	0	0	0	0	0	0	0	17802	0	0	0	18000	18000	18000	18000	93	NaN	1.56363313107628	1.4595332096872713	0.1533760595402229	0.3376200835245966	2.9493009775091226	0.11786363372515955	4.325177131706689e-8	NaN	-0.0031621321705327943	0.0974708459534684	0.029911067510932265	-0.000009880815746631665	NaN	423.54399988484073	3.882951407414276	96133.51398480903	11.460000038146973	-6.6951721606188705	90.94810812589859	92.72102846166825	89.17518380101521	3.5458418630626456	0.00027203978646624224	-1	0	2.113785662187472	90.51307686060441	1.000071406054828	-273.1499938964844	9.000385020256042	-273.1499938964844	012
DATA	2025-03-18T093000_AIU-0547.ghg	2025-03-18	10:00:00	77.416	1	18000	18000	0.08707179595942914	1	NaN	24.153115650327777	1	NaN	88.78128154696667	1	NaN	1.9214492508843073	1	NaN	1.9861396849467716	1	NaN	-0.003476923482895623	1	NaN	NaN	NaN	NaN	NaN	NaN	NaN	NaN	NaN	NaN	-6.096164967839305e-11	-5.542633087151829e-13	-3.3077409960826324e-13	NaN	17.193499148536763	423.3003547197267	424.935782439709	0.1	1	156.32329139277437	3.848646754558282	3.8635160631157763	0.3	0	0.0932908513791158	2.1296291750587426	2.137857031585062	-0.2	0	NaN	NaN	NaN	NaN	9	279.8982667253282	281.3921949886746	95716.3629173177	1.1833119098282658	1007.3580428362579	0.02444195159355101	0.1287018515845508	0.002837441823741951	368.4772831246943	1087.400397726766	0.0023978815730450556	33.886072130836446	718.9231146020717	266.3827437502936	3.4788040496723425	0.008834742643324177	0.38699262949026003	3.5002741269755333	-7.805462649337868e-14	-3.545622048876603e-15	3.5002741269755333	7.978039350072149	331.85449241432195	0.14550758567945854	6.347636355109078	NaN	0.2712621086303976	1.47440190541605	-69.78698991576307	-0.04155502341482943	0.27205189235244825	0.07469661708545795	0	46.68597816507214	-7.084777302206204	16.025785547977225	39.9064719546168	60.85988767787369	85.35685781479725	127.88012706252759	0.08638906867172963	1.0079029360797234	28.47655943892439	1.0148398994439003	80.07367008930372	1.1087450025451762	1.7329947341124698	1.1087450025451762	1.791340371670217	1.1087450025451762	-0.016299446329252627	1.1615397831431689	NaN	NaN	800000009	800000009	800000009	800000009	800001009	800001109	899999999	899999999	89999	89999	89	89	4	0	3	23	32	12	0	NaN	0	0	0	0	0	0	0	0	0	NaN	NaN	NaN	NaN	0	0	0	0	0	0	0	0	16906	0	0	0	18000	18000	18000	18000	93	NaN	1.093530654507755	1.5930330163006077	0.2622401400237372	0.07400314246373707	0.5599330098808424	0.07922522281415116	2.7793134244527168e-8	NaN	0.023889354904778944	0.04252146740800363	0.04395305982832424	-0.000016299446329252628	NaN	423.3000117633149	3.848444834493115	96114.56592708333	11.466400184631347	-6.800403993606581	90.84187189674377	92.61693837547304	89.0668049867418	3.5501299539672004	0.00027375291231631607	-1	0	2.126139724228117	90.2016310734219	1.0000956497689089	-273.1499938964844	9.000527364465926	-273.1499938964844	074
DATA	2025-03-18T100000_AIU-0547.ghg	2025-03-18	10:30:00	77.437	1	18000	18000	0.13492432606271873	0	NaN	45.91141377482271	0	NaN	86.65726995320776	0	NaN	1.3019415390466345	1	NaN	1.9404767206863494	0	NaN	-0.0038564251515515783	0	NaN	NaN	NaN	NaN	NaN	NaN	NaN	NaN	NaN	NaN	-1.8408789444682564e-10	-1.7015717298433456e-12	-9.928822654618133e-13	NaN	17.151591333223376	423.53933492825206	425.20395865515326	0.1	1	158.53656766588261	3.914882947388685	3.9302694924031356	0.3	0	0.09250749980262854	2.121477753252782	2.1298157325452034	-0.1	0	NaN	NaN	NaN	NaN	9	280.971897444831	282.3920153952705	95730.89156141493	1.1792717434804132	1007.4128315482716	0.02452507417096469	0.12574289150047543	0.002876492500242553	374.8757644015419	1163.5053876205193	0.00243921090804151	32.21951255148023	788.6296232189774	266.6068588865584	2.75402075783652	-0.3160632364946172	0.31439421046227345	2.789869176794771	-6.453089132556502e-14	-1.0732992109614892e-14	2.789869176794771	8.363504978012031	338.54686712220405	353.4531328777959	6.470485279429837	NaN	0.3382502937803549	1.712108271070188	-71.19244344587794	-0.040734660304286976	0.5298045253400373	0.11425129022669901	0	52.455710162397395	-7.960356392568819	18.006347834398664	44.8383520862229	68.38131606151106	95.90576806754693	143.68431688427347	0.13385446521678843	1.0079927168973972	49.935040014202706	1.0138273750021063	78.75799427522425	1.1002980808574054	1.183262573749196	1.1002980808574054	1.7635918433796014	1.1002980808574054	-0.023275231066228055	1.1554833653369636	NaN	NaN	800000009	800000009	800000009	800000009	800000009	800100109	899999999	899999999	89999	89999	89	89	26	11	4	6	13	25	0	NaN	0	0	0	0	0	0	0	0	0	NaN	NaN	NaN	NaN	0	0	0	0	0	0	0	0	16707	0	0	0	18000	18000	18000	18000	93	NaN	1.0178143636932342	2.1016958352607022	0.3047063431864398	0.28909568600646074	0.600585573269509	0.0654856664989515	1.7750987119818074e-7	NaN	0.04203238481005459	0.0291336879571441	0.04342225942800447	-0.000023275231066228054	NaN	423.539086604292	3.9147960196443834	96130.68985894097	11.470000267028809	-6.57038578710958	90.76322563192578	92.5377952425215	88.98865378761292	3.5491373156044217	0.000274635286600743	-1	0	2.1179322479897085	90.41129738616944	1.0001114278237024	-273.1499938964844	9.000628393941456	-273.1499938964844	105
DATA	2025-03-18T103000_AIU-0547.ghg	2025-03-18	11:00:00	77.458	1	18000	18000	0.07135198572830095	1	NaN	21.895146105310896	1	NaN	68.63432743334477	1	NaN	0.5259609987219371	1	NaN	1.5389981434449231	1	NaN	-0.0015825771749314577	1	NaN	NaN	NaN	NaN	NaN	NaN	NaN	NaN	NaN	NaN	-2.1363644486332997e-11	-1.8950794960756358e-13	-1.1464776565305429e-13	NaN	17.0048516779725	422.09809890049274	423.68448188951277	0	0	150.84292274826404	3.744255588369097	3.7583277279674614	0.2	0	0.0912563514801203	2.106349520423644	2.1142658722310435	-0.1	0	NaN	NaN	NaN	NaN	9	282.4673641967772	283.81950153944234	95734.74409809028	1.1734635674754692	1007.3486098352388	0.02464805602218134	0.09972707969523101	0.0027373958740494033	358.55150244359396	1280.2903479964505	0.002332748923716907	28.00548352213212	921.7388455528564	266.0281383969819	2.1244586119351774	0.10158492918013529	0.2762537395934965	2.1447517386171517	-2.0406969996275596e-13	-1.2563264232411229e-15	2.1447517386171517	7.842166247188002	329.26238123182026	2.737618768179747	7.400516144831115	NaN	0.2465858926736826	1.4200552973702507	-57.83752542666589	-0.050140457749649155	0.31901159265492457	0.07511561352542476	0	44.24934093077315	-6.715008201294718	15.189366834910475	37.82367109500291	57.68348495012477	80.90190782491138	121.20580017950297	0.07074672884113269	1.0085552632196948	25.318201705045823	1.0133236981590579	62.77333304284791	1.093367583118396	0.48104681979123864	1.093367583118396	1.4075761593878093	1.093367583118396	-0.012537737839548682	1.1509674954840692	NaN	NaN	800000009	800000009	800000009	800000009	800000009	800000109	899999999	899999999	89999	89999	89	89	3	8	0	2	7	18	0	NaN	0	0	0	0	0	0	0	0	0	NaN	NaN	NaN	NaN	0	0	0	0	0	0	0	0	16409	0	0	0	18000	18000	18000	18000	93	NaN	1.1499446478170043	1.442391511637432	0.24777443528606521	0.23502257096472468	0.12270300601328657	0.060620848676871134	1.0807103159933588e-7	NaN	0.02141822386040132	0.011901442961120112	0.03482444262214751	-0.000012537737839548683	NaN	422.09798480524034	3.7440388845673978	96136.44356510417	11.440804598808288	-7.149375099129218	90.61922564866808	92.39158848402235	88.84687071736656	3.5447075060076183	0.0002762698097342056	-1	0	2.102996836384138	90.51765204789905	1.0000950346721542	-320.7117458936842	9.000685776842966	-273.1499938964844	105
DATA	2025-03-18T110000_AIU-0547.ghg	2025-03-18	11:30:00	77.479	1	18000	18000	0.09442957744333295	1	NaN	6.888651098379337	1	NaN	75.6586302509798	1	NaN	-0.9835157506081922	1	NaN	1.6978755017529272	1	NaN	0.00007487892805177665	1	NaN	NaN	NaN	NaN	NaN	NaN	NaN	NaN	NaN	NaN	8.898000002397288e-11	7.95555363960613e-13	4.761786546144076e-13	NaN	16.93679806605082	422.39697591123814	423.9982396186249	0.1	1	151.42909132540206	3.7765810273813423	3.7908976595591777	0.2	0	0.09063769065402487	2.100221364991332	2.108183089248434	-0.1	0	NaN	NaN	NaN	NaN	9	283.5326015506321	284.662291354716	95710.6422172321	1.169680463857877	1007.3832654824752	0.024727472676983064	0.11002233251358969	0.0027521612163294504	361.5559530652717	1353.981192308478	0.0023529171439285097	26.703173952426532	992.4252392432063	266.1363860385539	2.2120355574646697	0.06909074640082413	0.27420179588480326	2.2300362023053806	5.3737508951573136e-14	5.253649460598457e-15	2.2300362023053806	6.705583922855629	330.21100451096777	1.788995489032116	7.06287410796901	NaN	0.28413216790964496	1.6548032512052768	-281.19749364749305	-0.01031303644418473	0.09104911198534588	0.020575567165736896	0	47.25296958071577	-7.170820436997005	16.22041535315172	40.39112768886933	61.599018252548156	86.39349895523095	129.43320439164552	0.09363912597412136	1.008441465690635	10.884001321859273	1.0133572250207847	69.1439094494967	1.0942197346570561	-0.8988283792162092	1.0942197346570561	1.5516769145870553	1.0942197346570561	-0.00678743946141764	1.151489057221274	NaN	NaN	800000009	800000009	800000009	800000019	800000119	800010119	899999999	899999999	89999	89999	89	89	8	5	5	10	1	30	0	NaN	0	0	0	0	0	0	0	0	0	NaN	NaN	NaN	NaN	0	0	0	0	0	0	0	0	15984	0	0	0	17973	17973	17973	17973	93	NaN	1.2299563334708263	1.8004889402353912	0.2791612287043363	0.15683406936783859	0.07898335445206785	0.05596428166221126	3.598060696016403e-8	NaN	0.009236907985763574	-0.02231003243426219	0.038514540809359434	-0.00000678743946141764	NaN	422.39691127012213	3.7763996803968354	96093.30257096354	11.452266235351564	-7.040912554005839	90.51707151985167	92.2910688258277	88.74307899241975	3.5479851430919433	0.000277438409814042	-1	0	2.0968651261292774	90.57675722929044	1.0001468257584225	-278.16401513857943	9.000902108462155	-273.1499938964844	147
DATA	2025-03-18T113000_AIU-0547.ghg	2025-03-18	12:00:00	77.499	1	18000	18000	0.06321035986191871	1	NaN	10.862033192143665	1	NaN	67.66718180586652	1	NaN	-0.021864877767226832	2	NaN	1.5201384451397504	1	NaN	-0.004162174289479452	1	NaN	NaN	NaN	NaN	NaN	NaN	NaN	NaN	NaN	NaN	-1.4178622618824422e-11	-1.3055288736827082e-13	-7.561749594762878e-14	NaN	16.847010165489937	421.81633745388035	423.46104733547486	0.1	1	155.12267162730086	3.883969710894165	3.8991137506008293	0.2	0	0.08984855279434895	2.0925634109555493	2.1007225537252103	-0.1	0	NaN	NaN	NaN	NaN	9	284.84197254435213	285.76130644395624	95687.6764453125	1.1648550104080535	1007.4643858478512	0.02482889740909199	0.09850497124505582	0.0028188579716740656	371.7477276711474	1455.6674742455166	0.002419921746901881	25.53795659024579	1083.9197465743691	266.4977237537808	1.7904004969769027	0.41236731937423937	0.22949308648443345	1.8515528138314732	1.0063405523506207e-14	-8.416106169312141e-16	1.8515528138314732	5.725839635238321	319.02975403346625	12.970245966533732	7.119908954980717	NaN	0.23294757585969725	1.2539273481506834	-98.26317109740194	-0.02951258307271009	0.16052143597920554	0.03973299983794287	0	44.30656499862956	-6.723692174363794	15.209010005637394	37.87258536752744	57.758082302029834	81.00653167163327	121.36254576685337	0.06264163241493143	1.0090790649135721	14.412952815299422	1.013315938683211	62.04350732068633	1.0906408217077883	-0.020047734627234606	1.0906408217077883	1.3938029962599694	1.0906408217077883	-0.011415352539139712	1.149410297639585	NaN	NaN	800000009	800000009	800000009	800000009	800000109	800000109	899999999	899999999	89999	89999	89	89	16	0	1	6	10	28	0	NaN	0	0	0	0	0	0	0	0	0	NaN	NaN	NaN	NaN	0	0	0	0	0	0	0	0	17703	0	0	0	18000	18000	18000	18000	93	NaN	1.241983826285003	1.0454598800269355	0.2204109899894283	0.3247323768123777	0.21834481008757248	0.05885139765544616	1.0462326851568723e-7	NaN	0.012281499365938284	-0.0004997045041116986	0.03474156297586436	-0.000011415352539139713	NaN	421.8162491622121	3.883796306156638	96084.11163042535	11.479999542236328	-6.67724512645933	90.42702698262534	92.19893462626138	88.65511760097078	3.543815782447657	0.0002784965678001754	-1	0	2.089125399682257	90.59285540178087	1.0001647922048966	-273.1499938964844	9.00106226462788	-273.1499938964844	050
DATA	2025-03-18T120000_AIU-0547.ghg	2025-03-18	12:30:00	77.52	1	18000	18000	0.023266474118535902	2	NaN	-1.5928166471635228	2	NaN	71.63650979170423	2	NaN	0.06022910454918724	2	NaN	1.6107170889924747	2	NaN	0.0006704620532791927	2	NaN	NaN	NaN	NaN	NaN	NaN	NaN	NaN	NaN	NaN	9.498873384881484e-11	8.133396855151884e-13	5.060166069076502e-13	NaN	16.706936943376498	420.26972871211217	421.78755382718214	0.1	1	143.0529104754191	3.5985535876950494	3.611549943702099	0.2	0	0.08899989716004542	2.0812568140454677	2.088773376975063	-0.1	0	NaN	NaN	NaN	NaN	9	286.1072541317411	286.67240743509933	95656.42917122396	1.160899153133372	1007.3297687944398	0.024916196601371832	0.10437446736671235	0.0026025616107779206	344.317121035233	1544.996625958827	0.0022418498659021076	22.285946470695322	1200.679504923594	265.50405958077533	2.71385364026208	0.6817203254675742	0.32771949157324265	2.8172937809317036	-1.9580151672523487e-14	5.685586422619099e-15	2.8172937809317036	6.554326551515092	317.89905851847084	14.100941481529102	6.6800097150134485	NaN	0.14156895936929853	1.2333039753069106	150.36725594095245	0.01928611373435449	-0.02223470478663628	-0.009621251858303485	1	53.575388582466864	23	47	93	166	333	1219	0.023082250609488562	1.007981176193088	2.3078671503096215	1.013859346461666	65.08843512865872	1.1006027361097572	0.05472374597402502	1.1006027361097572	1.463486357198958	1.1006027361097572	-0.0033269641291581785	1.1556995455598047	NaN	NaN	800000009	800000009	800000009	800000009	800000009	800010109	899999999	899999999	89999	89999	89	89	6	10	0	30	15	39	0	NaN	0	0	0	0	0	0	0	0	0	NaN	NaN	NaN	NaN	0	0	0	0	0	0	0	0	16705	0	0	0	18000	18000	18000	18000	93	NaN	0.9423048469092006	1.310893771941638	0.21340933176298285	0.1510545540248899	0.30209961496649224	0.055529220569936345	5.490099931811913e-8	NaN	0.001973534135701553	0.0013684333149804532	0.0365962426651316	-0.0000033269641291581786	NaN	420.26927729064636	3.598342427777927	96042.393249783	11.479999542236328	-7.674644979430627	90.313431992001	92.08167789883083	88.54518866051566	3.536487340900633	0.0002796770438920551	-1	0	2.0780981871287034	90.3924876013862	1.0001607040580776	-273.1499938964844	9.001034298102061	-273.1499938964844	032
DATA	2025-03-18T123000_AIU-0547.ghg	2025-03-18	13:00:00	77.541	1	18000	18000	0.1255330386578061	1	NaN	14.753676604636818	2	NaN	59.02130576841815	0	NaN	-0.4904740733190913	2	NaN	1.3286749757193452	0	NaN	-0.005237854481944853	1	NaN	NaN	NaN	NaN	NaN	NaN	NaN	NaN	NaN	NaN	2.9940862480776093e-10	2.482283420427325e-12	1.5926164317430997e-12	NaN	16.588427524322224	419.1333434293436	420.59485827435986	0.1	1	137.52836492610618	3.4748756820580518	3.4869925476654524	0.2	0	0.08823727863209596	2.0752962118568927	2.082532754281836	-0.4	0	NaN	NaN	NaN	NaN	9	287.2084770363701	287.9307600097657	95614.90490776909	1.1553780024164235	1007.2909887837749	0.02503643486368914	0.08609813842661357	0.0025010454245774517	332.3390304269414	1676.2797545044803	0.0021646988425836587	19.825988444582933	1343.9407240775388	265.04790354602227	1.564437201605685	-0.03723573418187127	0.2510369367875332	1.5848879459758312	-3.377968139842524e-14	1.8049246944519794e-14	1.5848879459758312	5.637451387260733	333.36346008675616	358.63653991324384	9.113697677868117	NaN	0.3296225944958909	1.5813086960495466	-204.84934643439956	-0.014156745190928343	0.24997204674742043	0.038459553930613045	0	61.254487565250315	-9.295604809352225	21.026683388768664	52.35941467208857	79.85141105549081	111.9927393860841	167.78553134942376	0.12431484531609609	1.009799258798195	17.82216187256936	1.0135003053871945	54.22162194535345	1.0885197390056314	-0.45058812968071854	1.0885197390056314	1.2206255229997913	1.0885197390056314	-0.012986665826105559	1.148395117999705	NaN	NaN	800000009	800000009	800000009	800000009	800000009	800000109	899999999	899999999	89999	89999	89	89	6	8	1	3	5	17	0	NaN	0	0	0	0	0	0	0	0	0	NaN	NaN	NaN	NaN	0	0	0	0	0	0	0	0	17404	0	0	0	18000	18000	18000	18000	93	NaN	1.4661402440783828	1.5001066565507224	0.19637049146998772	0.205760833378387	0.1776023105609328	0.057643742979376404	8.322045800636723e-8	NaN	0.015313742511515181	-0.011320468130311047	0.030666702964311777	-0.000012986665826105558	NaN	419.1331859880887	3.4743799479262787	96015.58733615451	11.479999542236328	-8.133065655390396	90.21129950269065	91.97785627598233	88.44474384986032	3.533105149388314	0.0002809578804590274	-1	0	2.072261559347312	90.25383432261148	1.000158708645238	-273.1499938964844	9.001050695975621	-273.1499938964844	111
DATA	2025-03-18T130000_AIU-0547.ghg	2025-03-18	13:30:00	77.562	1	18000	18000	0.11080856693376458	0	NaN	3.9741289352066316	2	NaN	54.47074634629413	0	NaN	0.47523418926667854	1	NaN	1.2278188099154046	0	NaN	-0.004161145045020579	1	NaN	NaN	NaN	NaN	NaN	NaN	NaN	NaN	NaN	NaN	9.288878644352022e-11	7.407727837370962e-13	4.94960160194515e-13	NaN	16.461659437685565	418.4061754281348	419.8069538489914	0.2	0	131.27902466462933	3.3367203854380043	3.3478913627964793	0.2	0	0.08771635311759182	2.075717369955838	2.08266664621032	0	0	NaN	NaN	NaN	NaN	9	288.44297078026665	289.2735129292806	95566.75007096355	1.149495896867687	1007.2473868259541	0.02516586558304201	0.07956265888251822	0.00238925627959839	318.9650591883058	1827.0754162517726	0.0020785252788713573	17.45768435999536	1508.1103570634668	264.52097417242555	1.1169626681574671	0.08129392309612361	0.23070614279921842	1.143433263603531	1.0592290001591267e-13	5.642735278004267e-15	1.143433263603531	4.982993819571914	327.8372821415402	4.162717858459818	11.640258498356452	NaN	0.3104795186570546	1.000018874280838	-635.3141771382457	-0.004564670684767284	0.07295895873982289	0.01105516991427608	0	68.8421394157953	-10.447060251020616	23.631278732998155	58.84522535178652	89.74268157209443	125.86538692631908	188.56928529205504	0.10950533108526124	1.0119011178322326	6.942886337972566	1.014483215102153	50.14717691159746	1.0862176038806437	0.4375128773174426	1.0862176038806437	1.1303617300335342	1.0862176038806437	-0.00843325981897424	1.148019860266198	NaN	NaN	800000009	800000009	800000009	800000009	800000009	800010109	899999999	899999999	89999	89999	89	89	0	1	2	40	6	23	0	NaN	0	0	0	0	0	0	0	0	0	NaN	NaN	NaN	NaN	0	0	0	0	0	0	0	0	16206	0	0	0	18000	18000	18000	18000	93	NaN	0.8950323849516149	0.9748934469445748	0.1301119166654865	0.1559335114830794	0.11582589418417111	0.10226294579340728	2.2484152405588995e-8	NaN	0.005996481259574066	0.011047261772721327	0.028541792886443953	-0.00000843325981897424	NaN	418.40642105883325	3.3364024970488435	95964.62729622397	11.4605255806711	-8.682791135059425	90.09935110388861	91.86544565751817	88.33325934939913	3.532180958112081	0.0002824131655927178	-1	0	2.0728219764696227	89.85982164213391	1.0001396894074148	-284.65686937968127	9.001080846097734	-273.1499938964844	144
DATA	2025-03-18T133000_AIU-0547.ghg	2025-03-18	14:00:00	77.583	1	18000	18000	0.6181231811809852	1	NaN	246.41384517918894	1	NaN	-62.15602414553879	1	NaN	0.3122332625266067	2	NaN	-1.4030307608272734	1	NaN	0.022933113283314346	0	NaN	NaN	NaN	NaN	NaN	NaN	NaN	NaN	NaN	NaN	1.6475079304872478e-9	1.2858142113629062e-11	8.796144490182258e-12	NaN	16.3687539644349	418.2235204621244	419.5931007596357	0.2	0	127.75159427334981	3.26406772425905	3.274756752078308	0.1	1	0.08739376747815146	2.0820219661417596	2.0888400816333577	0	1	NaN	NaN	NaN	NaN	9	289.5272612550524	290.7387315741646	95514.87091840277	1.143113425536458	1007.2432354874214	0.025307073035491942	-0.0909163933016073	0.0023241921859728943	311.85063555092484	2005.0818185933485	0.0020332122202852804	15.553012982268301	1693.2311830424237	264.2326060556026	0.13191595122738559	-0.009197857890656625	0.18041199096630534	0.22368483467254313	-1.682538996386039e-13	1.0064956282358812e-13	0.22368483467254313	4.502124149117066	335.98850099388085	356.01149900611927	53.75977503389933	NaN	0.7353478937235451	1.2166292300121848	-136.07766884555124	-0.021311358613083774	-3.9644402705393302	0.2910372432957446	0	70.96399465408132	-10.769059969600422	24.359642973164465	60.65895529569004	92.50873417603039	129.7448150329248	194.38137552010792	0.593717252907821	1.041106988475798	235.29145955084206	1.0333977827514675	-56.2452825830207	1.1050886632811123	0.2825413678569073	1.1050886632811123	-1.2696092245318515	1.1050886632811123	-0.04862044786735326	1.1741252969055054	NaN	NaN	800000009	800000009	800000009	800000009	800000109	800000109	899999999	899999999	89999	89999	89	89	17	3	5	4	3	17	0	NaN	0	0	0	0	0	0	0	0	0	NaN	NaN	NaN	NaN	0	0	0	0	0	0	0	0	14006	0	0	0	18000	18000	18000	18000	88	NaN	0.5520894034224867	1.204653750147226	0.676515306454657	0.18948781124958855	0.0776263979028115	0.07988292455405362	3.54988102799661e-8	NaN	0.20435368752690397	0.007173716810365571	-0.03223533992810561	-0.00004862044786735326	NaN	418.2234202389188	3.2639372618942026	95911.86835742186	11.466144330236649	-8.960303652379356	89.95987585216099	91.72400177934435	88.19574940978156	3.528251575973298	0.00028355938356253315	-1	0	2.0791916929748333	90.37730144373572	1.0001282867027654	-273.1499938964844	9.00114156373342	-273.1499938964844	042
DATA	2025-03-18T140000_AIU-0547.ghg	2025-03-18	14:30:00	77.604	1	18000	18000	0.13694491238843257	0	NaN	9.195060465294393	1	NaN	52.76857302939428	0	NaN	0.7008438721729883	0	NaN	1.1916662118648071	0	NaN	0.0005692228686345309	0	NaN	NaN	NaN	NaN	NaN	NaN	NaN	NaN	NaN	NaN	-1.4373790765283146e-10	-1.0057831520661106e-12	-7.691158382405112e-13	NaN	16.285914307942566	417.5283517225727	418.7517719780689	0.3	0	113.95809563670363	2.921588247178193	2.9301489358717174	0.2	0	0.08714301494300095	2.0802853926124403	2.086380938641913	0.2	0	NaN	NaN	NaN	NaN	9	290.0478212678697	291.2051268395319	95458.25129448785	1.1407539701750309	1007.0700551650214	0.025362704551069763	0.0772199705288395	0.0020757652643151126	278.9645142892553	2064.845425789676	0.001819643252257644	13.510188743671629	1785.8809115004208	262.8184166026265	1.3673201026661774	0.17034020605174927	0.2687486570361022	1.4038539416945504	-6.303663286896971e-14	-8.825903473084783e-15	1.4038539416945504	6.503102260680723	324.8987008491573	7.1012991508426335	11.036619089269674	NaN	0.34647903152740084	1.3486663293675036	-381.28300817720094	-0.0076058988672587985	0.17425258894479415	0.02310074367044167	0	76.92277735447765	-11.67332823351635	26.405100248278206	65.75243312486243	100.27660924465842	140.63937026551764	210.7034045064207	0.1355241244361087	1.0104836534324462	12.023270317325796	1.0137735578837423	48.52954117246224	1.0873495144301397	0.6445433256484121	1.0873495144301397	1.0959366754206332	1.0873495144301397	-0.005535316850660073	1.1479993897111596	NaN	NaN	800000009	800000009	800000009	800000009	800000009	800000109	899999999	899999999	89999	89999	89	89	5	1	1	2	6	41	0	NaN	0	0	0	0	0	0	0	0	0	NaN	NaN	NaN	NaN	0	0	0	0	0	0	0	0	15305	0	0	0	18000	18000	18000	18000	87	NaN	1.3453583132095301	1.2292011441482953	0.12277320137718223	0.11297196915555667	0.12467974285204127	0.06857454377666618	1.964943291533695e-8	NaN	0.010465764062357542	0.01639527503035564	0.027877386196341176	-0.0000055353168506600726	NaN	417.52812006622037	2.9216895338389195	95843.78016579861	11.479999542236328	-10.377771063407298	89.87861666170755	91.63992259470623	88.11731057548522	3.522614331059986	0.00028492717209155675	-1	0	2.0777584538128644	90.0663828667535	1.00011247099936	-273.1499938964844	9.001062726285722	-273.1499938964844	052
DATA	2025-03-18T143000_AIU-0547.ghg	2025-03-18	15:00:00	77.624	1	18000	18000	0.4187271161026425	1	NaN	13.528675845507646	0	NaN	100.45249763401762	1	NaN	-1.534274045356738	0	NaN	2.2712545833438407	1	NaN	-0.01893733782004702	0	NaN	NaN	NaN	NaN	NaN	NaN	NaN	NaN	NaN	NaN	6.805769770334281e-10	5.27103622131321e-12	3.654695587378202e-12	NaN	16.251732551972093	418.24528677245064	419.6045073708386	0.1	1	125.86889335272403	3.239289794345827	3.249816893040948	0.2	0	0.08727173743643367	2.0957312751471466	2.1025420180483936	-0.3	0	NaN	NaN	NaN	NaN	9	290.60130938551157	292.459689634535	95403.226	1.1350692105357814	1007.272689573122	0.025486662889382002	0.14717729700068086	0.0022902960402308124	309.1215926883153	2233.417248124817	0.0020177589339682067	13.840745295034083	1924.2956554365016	264.1204343741582	0.10508751368697905	-0.35054095039532857	0.18846652716639292	0.41163330198026615	-2.2870724808169523e-14	4.187719523792203e-14	0.41163330198026615	3.602834766063978	45.311968681835765	286.68803131816424	27.248493140043408	NaN	0.6073714467278724	0.8945048710059513	-1395.5176729371753	-0.0020780818876312106	0.13467734664793685	0.019481909309210378	0	87.36902681416807	-13.258586890912722	29.990959647641034	74.68173004609409	113.89435045431881	159.7384459382169	239.31730017138275	0.4083731642445192	1.0253541436232174	18.836428327467093	1.0229659483580258	91.93897492740159	1.0925997131612424	-1.404241669547569	1.0925997131612424	2.0787618338031324	1.0925997131612424	-0.027653608616539628	1.1586470488218115	NaN	NaN	800000009	800000009	800000009	800000009	800000109	800010119	899999999	899999999	89999	89999	89	89	10	0	2	44	5	20	0	NaN	0	0	0	0	0	0	0	0	0	NaN	NaN	NaN	NaN	0	0	0	0	0	0	0	0	14506	0	0	0	18000	18000	18000	18000	87	NaN	0.6902842617060935	0.82431414004547	0.27441134026033925	0.14355877766545674	0.2238917228811563	0.09990879702889283	7.090043803533518e-8	NaN	0.016475141569500737	-0.03590577445444423	0.05315292600104239	-0.000027653608616539627	NaN	418.2451136423747	3.239073479999554	95800.79763997396	11.479999542236328	-9.08333112535219	89.79753350787693	91.55784856266447	88.03721442243787	3.520633170750406	0.00028625514692652776	-1	0	2.092910179800458	90.81857314982234	1.0001055455042256	-290.10749460856243	9.00096738656362	-273.1499938964844	157
DATA	2025-03-18T150000_AIU-0547.ghg	2025-03-18	15:30:00	77.645	1	18000	18000	0.5229996622089323	1	NaN	-16.301006962526703	2	NaN	97.14663492733747	1	NaN	0.024855731110423534	2	NaN	2.1988770073646005	1	NaN	0.014500392014459679	2	NaN	NaN	NaN	NaN	NaN	NaN	NaN	NaN	NaN	NaN	-4.98769762836817e-10	-3.4032845245684543e-12	-2.671027792695145e-12	NaN	16.185288831742696	417.93432970022633	419.12956796295674	0.1	1	110.43801591629794	2.851715445749709	2.8598709840076553	0.4	0	0.08667597661995223	2.0918060513857712	2.097788346816301	0	1	NaN	NaN	NaN	NaN	9	291.4685914289686	293.5752968970404	95367.57012543402	1.1304991158802304	1007.0925382530396	0.025593448749839223	0.1424872300772261	0.0020078541862477836	272.0341234559634	2393.3156931470157	0.0017760776262831714	11.366412054828448	2121.2815696910525	262.501550583583	-0.35722828279976465	0.20888188370264027	0.12348849204217677	0.4318484630493746	6.274500060947597e-14	-3.081624109534743e-14	0.4318484630493746	4.278046779419488	182.31608211660753	149.68391788339244	16.615840181761353	NaN	0.6801670523704444	1.1696570666567585	1626.0353533658374	0.0017834790578182076	-0.16779795795005484	-0.021050345921138764	0	87.10848290157034	-13.21904834699117	29.901523353635188	74.45902102831869	113.55470515011666	159.26208856976933	238.6036300297707	0.5158170637236145	1.0139247011982653	-10.636849224385701	1.0150273319554846	88.96867746319258	1.091919512544493	0.022763336330992368	1.091919512544493	2.0137720611298273	1.091919512544493	0.012095478169325524	1.1681038664281127	NaN	NaN	800000009	800000009	800000009	800000009	800000109	800000109	899999999	899999999	89999	89999	89	89	7	12	0	1	15	41	0	NaN	0	0	0	0	0	0	0	0	0	NaN	NaN	NaN	NaN	0	0	0	0	0	0	0	0	15905	0	0	0	18000	18000	18000	18000	87	NaN	1.2092742693620726	0.7833292683727807	0.3467105955786636	0.2317999677643178	0.04994469339151384	0.03344463402917425	4.718392423312997e-8	NaN	-0.009342721391633592	0.0005842588687273005	0.05168680764552342	0.000012095478169325524	NaN	417.93443504005836	2.8515015559928756	95754.41476605902	11.479999542236328	-10.67549661276075	89.72120772319371	91.47913925192091	87.96327842352125	3.5158593177994097	0.00028713175833238185	-1	0	2.0893322153091427	90.68330157738437	1.0000906348129113	-314.89774564953984	9.000893019225863	-273.1499938964844	080
DATA	2025-03-18T153000_AIU-0547.ghg	2025-03-18	16:00:00	77.666	1	18000	18000	0.08739249760546904	0	NaN	5.960430188910316	0	NaN	55.09891270680909	0	NaN	-0.014623194761015108	2	NaN	1.2481876269815466	0	NaN	-0.0028410954253806696	0	NaN	NaN	NaN	NaN	NaN	NaN	NaN	NaN	NaN	NaN	-2.912599920758881e-11	-1.9118388997545927e-13	-1.561028285621742e-13	NaN	16.131264651782878	417.76149526357216	418.91023021685066	0.1	1	105.88608151674754	2.7421983766875924	2.7497387057026854	0.2	0	0.08645664042221837	2.094745848277188	2.100505852014806	-0.2	0	NaN	NaN	NaN	NaN	9	291.8675726216634	294.4411865861681	95342.78073806423	1.1269282794760822	1007.0563731757671	0.025675609693016632	0.08088255822840422	0.0019245663953214624	261.5189494467187	2524.2384769431037	0.001707798473400817	10.36031071689481	2262.719527496385	262.00677346326523	-0.5944043136471736	-0.21877740548888688	0.14239632119564605	0.6491970067127985	-9.403245919157887e-14	-1.805562045897605e-15	0.6491970067127985	4.607305332953905	131.79327619941148	200.2067238005885	12.670402130127412	NaN	0.27847674690024854	0.7494853010143139	-305.14667712550613	-0.009503626345592604	0.10817691123283692	0.01885986627784372	0	61.08145312317236	-9.269346165195746	20.967286264189838	52.211507433526464	79.62584318429761	111.67637723946079	167.3115632050511	0.08586346127254364	1.017807764912621	8.962677197546041	1.0180684360020922	50.66310152730985	1.0875550656350585	-0.013445935036380113	1.0875550656350585	1.1477006235566467	1.0875550656350585	-0.007845064468769387	1.151834688433006	NaN	NaN	800000009	800000009	800000009	800000009	800000109	800100109	899999999	899999999	89999	89999	89	89	19	4	2	19	10	30	0	NaN	0	0	0	0	0	0	0	0	0	NaN	NaN	NaN	NaN	0	0	0	0	0	0	0	0	17702	0	0	0	18000	18000	18000	18000	87	NaN	0.5816646515365234	0.7761524896013907	0.1411534608907138	0.19729552853165622	0.028378005464125024	0.04897649496953788	3.0134314009274486e-8	NaN	0.007897464737461618	-0.0003461821346792081	0.02954896411149567	-0.000007845064468769387	NaN	417.76196212425214	2.742074557669569	95724.37909960936	11.4605255806711	-11.181496269570445	89.67036499065821	91.42735256322224	87.91338053830466	3.513969266050392	0.0002880042801100192	-1	0	2.0923719542953703	90.30734571390856	1.0000734652926524	-273.1499938964844	9.00084402982394	-273.1499938964844	025
DATA	2025-03-18T160000_AIU-0547.ghg	2025-03-18	16:30:00	77.687	1	18000	18000	0.7032462502400323	1	NaN	0.4733790552846251	2	NaN	56.89380865311407	0	NaN	-0.9887254041007687	2	NaN	1.2890608225143467	0	NaN	-0.0018387420146778544	2	NaN	NaN	NaN	NaN	NaN	NaN	NaN	NaN	NaN	NaN	1.8572770795872103e-10	1.1832612910994913e-12	9.95382669127201e-13	NaN	16.107302602888165	417.5768233610625	418.6906911613769	0.1	1	102.61876315331283	2.660359601558492	2.667455993723128	0.1	0	0.08632492175516289	2.0931793826794367	2.098762846569703	0.3	0	NaN	NaN	NaN	NaN	9	292.02384081098774	294.6114782189264	95309.78109092882	1.1259219464271142	1007.0168540633218	0.02569935427273033	0.08353114129892966	0.0018654041005358836	253.62630557518256	2550.7107835765546	0.0016567792345245304	9.943358032130673	2297.084478001372	261.62361121166384	-0.1605188913923986	-0.18474660924588146	0.13764952002477188	0.2807935442362051	-2.860040704232443e-14	1.153065243372398e-14	0.2807935442362051	5.103408828986937	102.98606211153822	229.0139378884618	29.354787093861635	NaN	0.7903138089905288	1.2457403518352683	-87800.74039858549	-0.000033029334226966495	0.008320396656354185	0.0005282803349840267	0	84.52564159103501	-12.827092213451884	29.01491751235364	72.25124712332173	110.18771064283322	154.53983089912495	231.52882753113286	0.679903310416954	1.0343327344718518	3.6314587749611293	1.028891851917618	51.74143044186999	1.099579353860977	-0.8991851298671947	1.099579353860977	1.1723217774033672	1.099579353860977	-0.005295417870717061	1.1673555213652504	NaN	NaN	800000009	800000009	800000009	800000009	800000109	800000109	899999999	899999999	89999	89999	89	89	3	7	2	34	20	46	1	NaN	0	0	0	0	0	0	0	0	0	NaN	NaN	NaN	NaN	0	0	0	0	0	0	0	0	16706	0	0	0	18000	18000	18000	18000	87	NaN	1.1592013797832246	0.827600585639051	0.504678738248261	0.10660456259661653	0.03783843279960614	0.045831968364646085	1.816327286097121e-8	NaN	0.0032028462751399487	-0.023170134633886987	0.030208299174926893	-0.000005295417870717061	NaN	417.57702579322375	2.6601881247850563	95687.76263368057	11.466144330236649	-11.564612125224524	89.65752992990282	91.41359895875719	87.90146050198874	3.5121374348700045	0.0002881179967144918	-1	0	2.090877463546064	90.7222575249142	1.0000761796103583	-273.1499938964844	9.000879784584045	-273.1499938964844	170
DATA	2025-03-18T163000_AIU-0547.ghg	2025-03-18	17:00:00	77.708	1	18000	18000	0.4309498677068417	1	NaN	4.778970500371152	1	NaN	52.51323544729184	1	NaN	0.23141311032442097	2	NaN	1.1905841386396694	1	NaN	0.0023826726176354087	1	NaN	NaN	NaN	NaN	NaN	NaN	NaN	NaN	NaN	NaN	3.450169262381374e-10	2.151787836978194e-12	1.8464176105843583e-12	NaN	16.08228240702791	417.53801057042415	418.62815363566085	0	0	100.3013389853388	2.6040844500521154	2.6108834109434524	0.2	0	0.0860671091662081	2.093355480356248	2.098820987453118	-0.2	0	NaN	NaN	NaN	NaN	9	292.5594597880046	295.2844813130697	95288.0007421875	1.123122992277364	1007.0046722806013	0.025763948855209266	0.07714985218385058	0.0018213668586936186	248.20456140129897	2657.72090691355	0.0016216984882487543	9.339000222169396	2409.516345512251	261.3541975735569	-0.8337428976109613	-0.3749707198059505	0.1885846318262149	0.9334315311739223	1.813456163219024e-14	2.1453231419898832e-14	0.9334315311739223	5.782591569918599	127.78446187999788	204.21553812000212	11.655909895313199	NaN	0.619440671165428	1.2781964005387056	-4187.033484331857	-0.0006926144753444133	0.09100506681154433	0.006821436319787268	0	98.3368554090503	-14.922997194339633	33.755860285838544	84.05686496727189	128.19202274458456	179.79113461917996	269.35988189376565	0.42514507546608543	1.013653673947399	7.68066697425733	1.01548709612491	48.35432142707775	1.0860091486649455	0.2130857834935388	1.0860091486649455	1.0962929180691343	1.0860091486649455	-0.002522271155702562	1.1487913502175569	NaN	NaN	800000009	800000009	800000009	800000009	800000009	800010109	899999999	899999999	89999	89999	89	89	3	12	2	12	19	47	0	NaN	0	0	0	0	0	0	0	0	0	NaN	NaN	NaN	NaN	0	0	0	0	0	0	0	0	17802	0	0	0	18000	18000	18000	18000	87	NaN	1.6330643867488965	0.7109571755164863	0.2123712388120284	0.12312949422490364	0.026353201542652884	0.03308075528852526	2.6030754851904185e-8	NaN	0.006791100089235496	0.005504268652938967	0.028318598474449123	-0.000002522271155702562	NaN	417.53870082693936	2.6039650754234955	95675.66408854167	11.479999542236328	-11.825524382485254	89.61999154069689	91.37346674071418	87.8665199584961	3.5069348622361813	0.00028875474710690066	-1	0	2.09110624396801	90.14335155348247	1.0000772719333568	-273.1499938964844	9.000866938935387	-273.1499938964844	152
DATA	2025-03-18T170000_AIU-0547.ghg	2025-03-18	17:30:00	77.729	1	18000	18000	0.2651672178418687	1	NaN	-1.2792749401192969	2	NaN	42.00004123601317	1	NaN	0.047847225772142996	2	NaN	0.9524639125499266	1	NaN	0.0044036041821810075	2	NaN	NaN	NaN	NaN	NaN	NaN	NaN	NaN	NaN	NaN	-1.9686949958165207e-10	-1.233929706559989e-12	-1.0514467288100087e-12	NaN	16.066252806593035	417.6743398544744	418.77063122099787	0.1	1	100.69932952176592	2.6178802542265482	2.6247515394539356	0.1	0	0.08580714124648106	2.089497324402653	2.094981735721564	0	1	NaN	NaN	NaN	NaN	9	292.6983569853041	295.54008433024086	95282.89380815972	1.1220856390100615	1007.0190454579698	0.025787632626573343	0.061719661533235236	0.001829334381816297	249.50611569249614	2699.3789165326525	0.00163029836424089	9.243093445102042	2449.8728008401563	261.4193484922777	-0.07672077560068793	-0.3554903911039296	0.1985371646046811	0.41433863120069425	-2.4204169904965505e-14	-1.225360399537991e-14	0.41433863120069425	3.505107882318966	74.17860058664559	257.8213994133544	28.630974684245757	NaN	0.4861238334097649	0.738136402860188	7559.7214604940855	0.0003836120173415044	-0.0304588972408526	-0.0023289131342762322	0	90.6418506960373	-13.755250541621725	31.11441417785744	77.47929067537801	118.16080692944611	165.72221180791405	248.28207182909287	0.25864338699387024	1.0252232656083842	1.11187913899548	1.0228802677461861	38.4438784692052	1.0925027054608074	0.043795979207174124	1.0925027054608074	0.8718183559538063	1.0925027054608074	0.0018244817323535942	1.158523617864825	NaN	NaN	800000009	800000009	800000009	800000009	800000109	800110109	899999999	899999999	89999	89999	89	89	6	2	4	46	39	48	0	NaN	0	0	0	0	0	0	0	0	0	NaN	NaN	NaN	NaN	0	0	0	0	0	0	0	0	16402	0	0	0	18000	18000	18000	18000	87	NaN	0.41445277128064906	0.9014737225811243	0.16034631185860257	0.061772209093203904	0.03698470546543587	0.0526653427219062	2.2914032935807883e-8	NaN	0.0009839972703704133	0.0011323597998405214	0.022541157360021567	0.0000018244817323535942	NaN	417.67463958092515	2.617656468954321	95675.62749587673	11.479999542236328	-11.771832024057696	89.61568487654792	91.36962828975254	87.861737001631	3.5078902114960884	0.0002889207703992725	-1	0	2.087244367824661	89.4316064926783	1.0000634920150042	-273.1499938964844	9.000745122644636	-273.1499938964844	131
DATA	2025-03-18T173000_AIU-0547.ghg	2025-03-18	18:00:00	77.749	1	18000	18000	0.2939736779767563	1	NaN	-49.84326770200947	1	NaN	73.37277171690492	0	NaN	-0.9087000936212228	2	NaN	1.6627090256452988	0	NaN	-0.020505931764222333	2	NaN	NaN	NaN	NaN	NaN	NaN	NaN	NaN	NaN	NaN	-3.653951933399263e-10	-2.4679191086459742e-12	-1.944927931826041e-12	NaN	16.116457004241138	418.18291862388	419.3674022166541	0.1	1	108.85231368502484	2.8244531799878168	2.83245331175136	0.1	1	0.0857847830539509	2.0819620615415237	2.0878591218776776	-0.3	0	NaN	NaN	NaN	NaN	9	293.0261765196059	294.785001853095	95265.87806163194	1.124670985652662	1007.1098432142379	0.025726341427526313	0.10774354486181535	0.001978386523354561	269.14618849090755	2577.9348574128435	0.0017590802542189494	10.440379737175226	2308.788668921936	262.3673838106749	-0.5538931476316835	0.11540409182246873	0.18645400460606387	0.5957187417199445	-1.182862368262911e-14	-2.267217870799832e-14	0.5957187417199445	3.655267668345361	163.76924919581157	168.23075080418843	18.23951405022376	NaN	0.5112596016776831	0.5768780548197121	225.68187824348195	0.012849946227721794	-0.6793155899073893	-0.08607215912727088	0	85.4983000035592	-12.974696880092601	29.348799670191994	73.08266090506955	111.45566911905613	156.31816069070905	234.1930896130418	0.29073076086307864	1.0111543653105386	-45.0695712932339	1.0141800226388247	66.99091246516639	1.0952645518159936	-0.8296626528399561	1.0952645518159936	1.518088961145012	1.0952645518159936	-0.0081985450883289	1.174318614311348	NaN	NaN	800000009	800000009	800000009	800000009	800000109	800111109	899999999	899999999	89999	89999	89	89	16	22	2	37	37	30	2	NaN	0	0	0	0	0	0	0	0	0	NaN	NaN	NaN	NaN	0	0	0	0	0	0	0	0	14304	0	0	0	18000	18000	18000	18000	87	NaN	0.6831355018810898	0.26537384613446674	0.20524676162386757	0.08620133689982391	0.17936066045343133	0.07543587842192329	1.864887186654075e-8	NaN	-0.039790655627969546	-0.021404657345938632	0.03916552579862737	-0.0000081985450883289	NaN	418.1826463014034	2.824260939577625	95650.47680685764	11.479999542236328	-10.834532606111601	89.63429407946269	91.3885946199629	87.8799994814131	3.508591223888927	0.00028873933234717695	-1	0	2.0795407347612924	90.55963648875556	1.000063414171338	-273.1499938964844	9.000756326940325	-273.1499938964844	193
DATA	2025-03-18T180000_AIU-0547.ghg	2025-03-18	18:30:00	77.77	0	18000	18000	0.2782577139465423	1	NaN	-81.29182893318247	1	NaN	67.04182853035796	1	NaN	1.3802932790973605	1	NaN	1.5161890276631371	1	NaN	-0.00236461436321657	1	NaN	NaN	NaN	NaN	NaN	NaN	NaN	NaN	NaN	NaN	4.4438488065446504e-10	3.143287533150897e-12	2.3570890277620904e-12	NaN	16.220389276109525	417.9327028860198	419.17185123301795	0.3	0	114.7324079058703	2.9561821562042483	2.964947079855808	0.1	1	0.08603555893359911	2.068359624099133	2.0744922009266973	0	1	NaN	NaN	NaN	NaN	9	292.82785285780164	292.70388992309574	95271.62264344619	1.1326791652954094	1007.1263057800576	0.025543179315084576	0.09824904899257128	0.002085504028704404	281.7158178724287	2267.594963932712	0.0018412133749811602	12.423551046516979	1985.8791460602831	262.94226844277296	-0.43038622275302146	0.15511312688396173	0.18926145599256927	0.4950881553740937	-5.6214199395439364e-14	2.73966840801401e-14	0.4950881553740937	4.612047539819267	171.8193902984292	160.1806097015708	22.474877087482877	NaN	0.4956443391295264	0.6402081091830286	126.08007531155305	0.023001255296159116	-1.212553874427393	-0.14377583297422175	0	88.52226188580359	-13.433594762242793	30.38682792909998	75.66749804008536	115.39770884337857	161.8469274546281	242.47618969860372	0.2748541599716116	1.0123831270200976	-76.40530169237802	1.0152500395979414	60.97004642214663	1.0995863126980634	1.2552841583763663	1.0995863126980634	1.3788722269040004	1.0995863126980634	0.017678145041718173	1.1824749883705674	NaN	NaN	800000009	800000009	800000009	800000009	800011109	800111119	899999999	899999999	89999	89999	89	89	10	5	7	10	16	33	0	NaN	0	0	0	0	0	0	0	0	0	NaN	NaN	NaN	NaN	0	0	0	0	0	0	0	0	17802	0	0	0	18000	18000	18000	18000	87	NaN	0.4817793549797738	0.6217905125417311	0.17684635084455236	0.24464861533776744	0.7050603502327857	0.08692575204509649	2.3218427119480572e-8	NaN	-0.0669780721697261	0.032159041835407784	0.035325236389538196	0.000017678145041718174	NaN	417.93209225040016	2.956007970413269	95654.37200390625	11.45079146888521	-10.257730979141208	89.75725154537626	91.51381892755296	88.00068214352925	3.513136560175154	0.00028644766693145766	-1	0	2.0658189410169916	90.33406503559046	1.000093807540006	-301.7354950968481	9.000897814326816	-273.1499938964844	178
DATA	2025-03-18T183000_AIU-0547.ghg	2025-03-18	19:00:00	77.791	0	18000	18000	0.09175887584182459	1	NaN	196.24127290075546	1	NaN	-91.83522346656932	1	NaN	-16.088383398035678	1	NaN	-2.0712857402437628	1	NaN	0.02758928100751138	1	NaN	NaN	NaN	NaN	NaN	NaN	NaN	NaN	NaN	NaN	-3.4497759978452125e-10	-3.2483196871187455e-12	-1.8021231585765687e-12	NaN	16.590560209578914	423.97222888064204	425.67156747508267	0.1	1	156.21722506842642	3.99213554365508	4.008136568112465	0.1	1	0.08666717139349345	2.0577736683420027	2.066021506230983	-0.5	0	NaN	NaN	NaN	NaN	9	289.87151627688934	289.8946730261911	95288.0724453125	1.1434042529544097	1007.6160669026219	0.02529366215192358	-0.13421931596779582	0.002844122899133992	380.50493994658166	1900.770368371455	0.0024874167572712306	20.01845916151309	1520.2654284248733	266.8012341373716	0.5129924029722404	0.22696404926524782	0.2388196685779062	0.6096791937287841	-4.671955916219967e-14	-2.0793607655595685e-14	0.6096791937287841	1.8989881729062612	308.1338873656998	23.866112634300183	23.061170448636137	NaN	0.2832853661731389	0.20411728585927832	-9.753473412868955	-0.2973299743836564	-2.136884579718946	0.601272476842028	0	93.73032940556122	-14.2239391012191	32.17458897580895	80.11927582398643	122.18695085412786	171.36893590868678	256.7418934999027	0.09007639154796762	1.0186784157862385	187.78130369889746	1.0186253539478405	-84.40354400939282	1.0880493768881254	-14.786446037999895	1.0880493768881254	-1.9036688814323315	1.0880493768881254	-0.02778486374456748	1.1525706979558934	NaN	NaN	800000009	800000009	800000009	800000009	800000009	810000109	899999999	899999999	89999	89999	89	89	17	0	1	4	6	18	0	NaN	0	0	0	0	0	0	0	0	0	NaN	NaN	NaN	NaN	0	0	0	0	0	0	0	0	11109	0	0	0	18000	18000	18000	18000	88	NaN	0.1965957689196094	0.16156218594051514	0.0500766168584321	1.8101644067306026	10.51821365518843	0.48077306353901544	9.5899984945417e-8	NaN	0.16298868757301524	-0.3755028308169584	-0.04834380432451001	-0.00002778486374456748	NaN	423.9706121945194	3.9914529550749593	95658.77771375868	11.462288686434428	-6.5209011473843566	89.92116762542726	91.6793541386922	88.16298077095877	3.51637505550517	0.0002841373719533702	-1	0	2.054346577207247	89.5841836750243	1.000124729717771	-284.6568693796815	9.001054925229814	-273.1499938964844	234
DATA	2025-03-18T190000_AIU-0547.ghg	2025-03-18	19:30:00	77.812	0	18000	18000	0.010207485990693547	1	NaN	27.19417538813163	2	NaN	-33.55367582070619	2	NaN	-4.959025378405953	1	NaN	-0.7549865939646682	2	NaN	-0.005133087226568396	1	NaN	NaN	NaN	NaN	NaN	NaN	NaN	NaN	NaN	NaN	3.285719301278214e-11	3.980708850499239e-13	1.6815859351775113e-13	NaN	17.02788552826152	431.2280672375739	433.4928099660193	0.1	0	206.29593830875785	5.224406671526993	5.251844442671105	-0.6	0	0.08714637552574284	2.046928965823443	2.0576791183371452	0	1	NaN	NaN	NaN	NaN	9	287.59585450575076	287.42575974358465	95294.15639019097	1.1527612304861916	1008.2272511439003	0.025076645379213832	-0.048923131288910494	0.0037542425795118136	497.9889708503499	1622.4614739306207	0.003256739106266104	30.693423471184673	1124.4725030802708	270.36667763133585	1.0399580915934432	0.38208037043496634	0.23465264934303395	1.13250170312725	-2.811662310451707e-14	1.929610870254466e-15	1.13250170312725	1.7134030277374936	311.82667920700845	20.17332079299152	11.958227261527592	NaN	0.09410001990955683	0.04737248687669212	-2.5801854159083057	-1.1239502332351217	-0.8104678466062406	0.24864995516250518	1	18.215116815007633	8	14	23	35	55	122	0.010086689606802248	1.0119758204723417	24.994123471165388	1.0145240010775554	-30.891205210729076	1.086188628504931	-4.565528719658697	1.086188628504931	-0.6950787129891599	1.086188628504931	-0.010896211576998096	1.1480398167497416	NaN	NaN	800000009	800000009	800000009	800000009	800000009	800000009	899999999	899999999	89999	89999	89	89	3	2	1	4	5	0	0	NaN	0	0	0	0	0	0	0	0	0	NaN	NaN	NaN	NaN	0	0	0	0	0	0	0	0	15704	0	0	0	18000	18000	18000	18000	93	NaN	0.03920405566535961	0.04629278597896849	0.009248132109056126	0.6386742909795877	13.800653572144524	0.6869474536385332	1.266698763511863e-7	NaN	0.021505033196097288	-0.11508958073048181	-0.017521808001809167	-0.000010896211576998096	NaN	431.22551241826466	5.223730126526396	95664.99239778645	11.489999771118164	-2.932152030606374	90.13977577124703	91.90142115317451	88.37812904124789	3.523293340987629	0.0002815633405504437	-1	0	2.0424224321312376	88.11257787598501	1.000150966162483	-273.1499938964844	9.00105070265134	-273.1499938964844	012
DATA	2025-03-18T193000_AIU-0547.ghg	2025-03-18	20:00:00	77.833	0	18000	18000	0.03734703683545993	1	NaN	9.371309862431023	1	NaN	-29.863816999029194	2	NaN	-4.561380302147117	1	NaN	-0.6705709278458113	2	NaN	-0.024226312709725226	1	NaN	NaN	NaN	NaN	NaN	NaN	NaN	NaN	NaN	NaN	-2.927631640774326e-10	-4.2933372575745765e-12	-1.4789841886874043e-12	NaN	17.53609759770041	440.6250499803982	443.4907606001849	0.1	0	257.16480215645663	6.461714367867524	6.503739675976652	0.1	1	0.08858905169988669	2.061405962004066	2.074812809747447	0	0	NaN	NaN	NaN	NaN	9	285.50385741339795	285.2676387295194	95297.93920442708	1.160983752483851	1008.8553454527002	0.024887370788885286	-0.04345299612440857	0.004678682046881489	615.9532416146554	1409.189012397549	0.004029928960566197	43.70976754684542	793.2357707828936	273.2612165837107	1.0305782668548777	0.4917501188624898	0.21962271367530956	1.1628172168818776	-2.0622607285096328e-14	-1.6694886786888318e-14	1.1628172168818776	2.7545325691628713	306.4914177982406	25.508582201759356	10.886917586743689	NaN	0.17935562595637414	0.1830079014435068	-51.853910645966	-0.05592635085519064	-0.3138014763061153	0.044609797579701134	1	12.771473584529689	6	11	19	31	56	159	0.03691250062704752	1.0117720609828857	7.619745216578511	1.0144135734185953	-27.491947729011898	1.086275053822916	-4.199102507320131	1.086275053822916	-0.6173122778488545	1.086275053822916	-0.023569749455929066	1.1479877921756363	NaN	NaN	800000009	800000009	800000009	800000009	800110009	801110019	899999999	899999999	89999	89999	89	89	3	3	4	36	14	0	0	NaN	0	0	0	0	0	0	0	0	0	NaN	NaN	NaN	NaN	0	0	0	0	0	0	0	0	17401	0	0	0	18000	18000	18000	18000	93	NaN	0.22865674197414138	0.11009696546364052	0.027262095449231697	0.434703007996672	26.54156425093637	0.8963976509424939	9.65003862985717e-7	NaN	0.0065055708127926565	-0.10518447543121325	-0.015463225298640908	-0.000023569749455929067	NaN	440.62126593041626	6.460834259946901	95670.52896788194	11.483594068951078	-0.02696301773831389	90.30902178870306	92.07070065710279	88.54734384769864	3.523358617676629	0.00027932105280342517	-1	0	2.0557608782185453	88.26331205664735	1.0001681758877303	-273.1499938964844	9.00108507598771	-273.1499938964844	089
DATA	2025-03-18T200000_AIU-0547.ghg	2025-03-18	20:30:00	77.854	0	18000	18000	0.02802733344640573	1	NaN	62.12186951532328	0	NaN	-42.99413935707469	1	NaN	-12.534031635134712	1	NaN	-0.9656970367232318	1	NaN	0.00912068122116945	0	NaN	NaN	NaN	NaN	NaN	NaN	NaN	NaN	NaN	NaN	5.949428766459031e-11	8.306901013143084e-13	3.0184626153840626e-13	NaN	17.360255381699954	435.3136714571453	437.97572084964446	0.1	1	242.3928896025704	6.078075257995945	6.115244172296182	0.1	1	0.08807783725154068	2.0521318180385766	2.0646811051796203	0	1	NaN	NaN	NaN	NaN	9	285.890561609904	285.58509869723855	95318.91529448784	1.160117129637706	1008.6524628753691	0.024909583824294177	-0.06257716797966542	0.004396979042214435	579.5109466612403	1438.9252492746853	0.0037901164717631325	40.273874334566905	859.414302613445	272.42369032924825	0.686758204553482	0.03462099060977987	0.23085944047833706	0.7253492439992488	7.41015298720714e-14	3.427039888324759e-15	0.7253492439992488	2.2994147887308545	329.1140369476078	2.885963052392284	18.558545393138743	NaN	0.15543183367042798	0.1769547302566986	-5.091623074051257	-0.5695629778212459	-1.4448915699739697	0.34155539835363935	1	5.768706543006082	3	5	8	12	20	48	0.02757547903819237	1.01638609460193	58.83238116598524	1.0171675295433689	-39.55879784315635	1.0868414032079252	-11.532530503658782	1.0868414032079252	-0.8885353777219719	1.0868414032079252	-0.0076163982852981696	1.1506861049840957	NaN	NaN	800000009	800000009	800000009	800000009	800000009	801110019	899999999	899999999	89999	89999	89	89	12	1	3	2	0	0	0	NaN	0	0	0	0	0	0	0	0	0	NaN	NaN	NaN	NaN	0	0	0	0	0	0	0	0	16840	0	0	0	18000	18000	18000	18000	93	NaN	0.1251772377494538	0.19058504428697554	0.03814717847696794	0.8577501036851353	37.68096264218054	0.6454851310618346	3.467314101003691e-8	NaN	0.05027742578062504	-0.2890277388604159	-0.02226843198368231	-0.000007616398285298169	NaN	435.30978820824515	6.077440331727843	95703.43174804687	11.479999542236328	-0.8408753095995536	90.3451690097385	92.10608336088393	88.58425455602011	3.521826533185111	0.00027897133470590517	-1	0	2.046875403669145	89.58874278313793	1.0001744212839339	-273.1499938964844	9.001159978071849	-273.1499938964844	231
DATA	2025-03-18T203000_AIU-0547.ghg	2025-03-18	21:00:00	77.874	0	18000	18000	0.20751639883584927	1	NaN	456.2668089963155	1	NaN	-330.56820751918247	1	NaN	-78.82952795067315	1	NaN	-7.432682271314372	1	NaN	0.038731692639696794	1	NaN	NaN	NaN	NaN	NaN	NaN	NaN	NaN	NaN	NaN	-4.4566851585771105e-10	-5.538201665272636e-12	-2.3055245078332064e-12	NaN	16.97552935045053	426.49319888831906	428.7656203195309	0.1	1	210.95029505643947	5.299915206630529	5.328153970884086	0.1	1	0.08781750910894738	2.05558871363134	2.0665412067983793	0	1	NaN	NaN	NaN	NaN	9	287.260227952745	286.6715378299291	95328.270109375	1.1561747790584902	1008.2517714481479	0.02500189254230092	-0.48163781118117127	0.003819889774274368	505.36727144264285	1544.9091192306719	0.0033039033919984185	32.71177994562578	1039.541847788029	270.56468628652857	0.2745349312443361	0.10418507796878822	0.19216889321790093	0.3509313928181492	4.562045035463149e-14	-2.6253585773799922e-14	0.3509313928181492	3.304065163244385	311.21841562465306	20.78158437534697	33.20229628404591	NaN	0.4236570769198033	0.4345950841442977	-14.037549686542803	-0.20658876119812458	-1.3802501227219164	0.9238722589466034	0	80.10559681396165	-12.156333365889115	27.497659172828712	68.47305932760382	104.42573586503772	146.4585793456564	219.42164010719924	0.20171424541370248	1.0287642224288471	427.7037954276517	1.0252088719507377	-301.8373518941762	1.0951865481349676	-71.97817402424708	1.0951865481349676	-6.78668148725142	1.0951865481349676	-0.08053354139431253	1.1619090945524306	NaN	NaN	800000009	800000009	800000009	800000009	800000009	800100009	899999999	899999999	89999	89999	89	89	14	8	0	0	9	2	0	NaN	0	0	0	0	0	0	0	0	0	NaN	NaN	NaN	NaN	0	0	0	0	0	0	0	0	16867	0	0	0	18000	18000	18000	18000	93	NaN	0.39838265214520774	0.30494095616514066	0.16586655997824698	2.4521482983390523	54.77660162046142	0.7031374509645449	1.2979635042972647e-7	NaN	0.36690245617332895	-1.8091816537194982	-0.1705842055987258	-0.00008053354139431253	NaN	426.48766179351986	5.299212501806591	95722.01589670138	11.46054558017519	-2.737688067773484	90.29182217703925	92.0509355829027	88.53270650270252	3.5182293429705833	0.000279471086613032	-1	0	2.050997650146484	89.73965647270457	1.000171886647741	-273.1499938964844	9.001117938333088	-273.1499938964844	212
DATA	2025-03-18T210000_AIU-0547.ghg	2025-03-18	21:30:00	77.895	0	18000	18000	0.1982053755652172	1	NaN	-455.9255274218021	1	NaN	565.17639201251	1	NaN	60.006685503287756	1	NaN	12.717310573048024	1	NaN	0.010650578048907186	1	NaN	NaN	NaN	NaN	NaN	NaN	NaN	NaN	NaN	NaN	-2.470766286130793e-10	-2.811993805339163e-12	-1.2948715134558056e-12	NaN	16.718712597309683	421.914472210309	423.9502106196108	0.1	0	190.27666242970565	4.801833701949446	4.825002561862993	0.4	0	0.08761890918388965	2.0578493454675844	2.067778473831394	0	0	NaN	NaN	NaN	NaN	9	287.7009371405705	287.45482220289455	95348.10915104167	1.1534819239474103	1007.9984484529837	0.025064989888881877	0.824081725133512	0.0034521875003862227	457.9685762181071	1625.517009759578	0.0029928405714172383	28.173717867513606	1167.548433541471	269.24501836452424	-0.02744453210311748	-0.10329268203953432	0.1824885139639872	0.21148200451589186	1.0503398797385901e-13	-1.477844823128535e-14	0.21148200451589186	4.722801801302644	76.87952309849328	255.12047690150672	59.64414200486468	NaN	0.41452651752974334	0.4810835788919158	13.160342117176391	0.22035901302406322	-0.806695987067539	-0.9459559963861952	0	61.16120814777439	-9.281449297875957	20.99466358326681	52.27968082900009	79.72981191387767	111.82219486099376	167.53002457355709	0.19442245802449032	1.0194572045799892	-415.79379970288187	1.0264646593764202	483.7639741296452	1.1682895424971165	51.36285425873857	1.1682895424971165	10.885409918046419	1.1682895424971165	0.09896144790896412	1.3090656605308038	NaN	NaN	800000009	800000009	800000009	800000009	800100009	800101109	899999999	899999999	89999	89999	89	89	6	1	3	0	0	2	0	NaN	0	0	0	0	0	0	0	0	0	NaN	NaN	NaN	NaN	0	0	0	0	0	0	0	0	14540	0	0	0	18000	18000	18000	18000	93	NaN	0.1443493604030309	0.5060713202872615	0.31174647709353914	1.9586845742186634	19.1173708489822	0.6703763804760758	1.6742490843895973e-7	NaN	-0.35760810401358295	1.2936228507008496	0.27415951104070013	0.00009896144790896413	NaN	421.91142188088725	4.801145331850074	95737.46973936632	11.466144330236649	-4.0575127592717894	90.18195248625014	91.94104992167155	88.42285504319933	3.518194060279263	0.0002804522799496125	-1	0	2.053683350721995	90.00761794579124	1.0001682239174843	-273.1499938964844	9.001153750975927	-273.1499938964844	255
DATA	2025-03-18T213000_AIU-0547.ghg	2025-03-18	22:00:00	77.916	0	18000	18000	0.0238452444284425	1	NaN	23.74307979039079	1	NaN	-1.0266780601691037	2	NaN	-2.250571982867993	2	NaN	-0.023015987851117276	2	NaN	-0.015333868205439532	2	NaN	NaN	NaN	NaN	NaN	NaN	NaN	NaN	NaN	NaN	-1.5286675486895123e-10	-2.2667090538887413e-12	-7.895522281886289e-13	NaN	17.425091778246294	435.6232424225885	438.4554117243983	0.1	1	258.3793535255814	6.459423754564234	6.50141917602825	0.1	1	0.09000007916502263	2.0779511992112236	2.0914608309846265	0.2	0	NaN	NaN	NaN	NaN	9	283.6427367833454	283.57572100490984	95371.87497960069	1.1688177357563152	1008.8202460161723	0.024720585025083164	-0.0014914360127523995	0.004708578617112089	616.2126029420803	1259.6442512275817	0.0040284968931150545	48.91957410527238	643.4316482855014	273.2670182480568	1.2473871110516301	0.7029804846121837	0.23808917982597158	1.4514966841551822	-2.7323986557584135e-16	-8.772794818779206e-15	1.4514966841551822	2.70393215170674	302.5960267679912	29.403973232008802	9.440896992568312	NaN	0.14283264966269302	0.13861364652909358	-10.342082027002832	-0.2804077546888718	-23.12611977554101	0.14097723118061137	1	21.539535726961258	10	17	29	45	73	175	0.023602509449527995	1.0102842869074398	23.414945500885263	1.0136873587283661	-0.9439571061872691	1.0876321110775384	-2.069240104209784	1.0876321110775384	-0.021161556023125215	1.0876321110775384	-0.021517500009998042	1.1480761152314536	NaN	NaN	800000009	800000009	800000009	800000009	800000009	800000009	899999999	899999999	89999	89999	89	89	1	0	1	30	13	0	0	NaN	0	0	0	0	0	0	0	0	0	NaN	NaN	NaN	NaN	0	0	0	0	0	0	0	0	10566	0	0	0	18000	18000	18000	18000	93	NaN	0.16218180748479866	0.09276393631158204	0.022281549261806498	0.27995829659460736	7.037560031335574	0.32738950678195594	3.384251382376237e-7	NaN	0.019857865679951233	-0.05148548168429137	-0.0005265280248643691	-0.000021517500009998043	NaN	435.62173347127697	6.459101563553339	95741.34603038194	11.479999542236328	0.06132318407596078	90.34340312364367	92.10165884568957	88.58514874818589	3.5165071037213007	0.0002783328400239244	-1	0	2.0722469018962655	87.7932787501017	1.0001616518596808	-273.1499938964844	9.001055642419391	-273.1499938964844	046
DATA	2025-03-18T220000_AIU-0547.ghg	2025-03-18	22:30:00	77.937	0	18000	18000	0.009009489122588756	0	NaN	3.764418294060644	0	NaN	13.900930682368534	0	NaN	-0.16872231205465232	1	NaN	0.3113351996253838	0	NaN	0.0026811530889887737	2	NaN	NaN	NaN	NaN	NaN	NaN	NaN	NaN	NaN	NaN	6.104374338633988e-12	9.126196005556649e-14	3.143859677228833e-14	NaN	17.606812052813307	437.7784223970712	440.6625142911584	0.1	1	263.2263503403176	6.544899555902863	6.588017468506773	0.5	0	0.09067816517584851	2.0842127429975403	2.097943572956493	0	1	NaN	NaN	NaN	NaN	9	282.73732909732394	282.5868147091335	95372.48458355034	1.1728774820497179	1008.8480641099867	0.024634220108143857	0.02017452093572487	0.0047876121712142694	624.3707679323039	1178.8676807329743	0.004081937154124103	52.96360042240655	554.4969128006704	273.4484137117817	1.3952219649785047	0.7804511436448355	0.23901924527632473	1.6164400758418218	2.2012996831905008e-14	3.4670525932368315e-16	1.6164400758418218	2.6110392912478573	302.77847753608194	29.22152246391806	8.50337570395947	NaN	0.08764431648799238	0.09381101683795501	-15.070783733739688	-0.1924252946120931	0.27080332821422554	0.036299087148159534	1	49.902457754664155	22	40	68	104	172	415	0.008922951587150405	1.0096983083000215	4.47332023289754	1.013466442522812	12.767817222185613	1.088747625413528	-0.15496916651420317	1.088747625413528	0.28595717901761897	1.088747625413528	0.00047211633865378613	1.1484908450704232	NaN	NaN	800000009	800000009	800000009	800000009	800010009	800011009	899999999	899999999	89999	89999	89	89	2	1	0	31	31	2	0	NaN	0	0	0	0	0	0	0	0	0	NaN	NaN	NaN	NaN	0	0	0	0	0	0	0	0	18000	0	0	0	18000	18000	18000	18000	93	NaN	0.08491432301195218	0.08301790759953187	0.019689803064425956	0.06735953395051857	4.180001475423062	0.15439476365837654	1.0996965756425093e-7	NaN	0.0037805203130128464	-0.0038427013988116894	0.007090752802819894	4.721163386537861e-7	NaN	437.7800549144143	6.544747042808315	95751.01082682292	11.473594450950625	0.2691947740391038	90.44046087519328	92.19790692477756	88.6830159517924	3.5148935699131756	0.00027662195744212824	-1	0	2.0784206642177363	88.15037988217674	1.0000885975658893	-330.68437131246344	9.000677021079593	-273.1499938964844	063
DATA	2025-03-18T223000_AIU-0547.ghg	2025-03-18	23:00:00	77.958	0	18000	18000	0.015902797966627604	1	NaN	10.120558045897537	0	NaN	12.127459503218368	0	NaN	-0.9314968955577966	0	NaN	0.27144283348808473	0	NaN	-0.0038664723973069965	1	NaN	NaN	NaN	NaN	NaN	NaN	NaN	NaN	NaN	NaN	-4.493459119241285e-11	-6.846947624198397e-13	-2.2893479770393823e-13	NaN	17.755455113904045	440.3602194742168	443.33500951316284	0.1	1	270.5502998528084	6.710027349774962	6.7553559731120085	0.7	0	0.09046129978655111	2.073060249303763	2.0870645092415177	0	0	NaN	NaN	NaN	NaN	9	282.10109195793996	281.92267321438266	95366.0020423177	1.1754870042038696	1008.9261374164647	0.024577994829481194	0.01758949561002789	0.004919632205701457	640.0801306189395	1127.2143316768388	0.00418518638496851	56.78424347805792	487.1342010578993	273.7918743916675	1.2337732791370832	0.6940989255661626	0.23168869499055858	1.43445093125251	1.6019985009291387e-14	-2.5307484885152398e-15	1.43445093125251	2.243899206805037	302.638667470935	29.361332529065013	9.294978883116334	NaN	0.11631289216433709	0.09843969676273652	-13.101676961950641	-0.22134571081412419	0.8345159217568822	0.07336677011079433	1	29.186610595787958	13	23	40	61	101	244	0.015739828835642285	1.0103539328595672	10.659234933766768	1.0137169198020848	11.151387265113158	1.0875292207955893	-0.8565258548881599	1.0875292207955893	0.2495958989400845	1.0875292207955893	-0.007471942284370672	1.1480462668543931	NaN	NaN	800000009	800000009	800000009	800000009	800000009	800000019	899999999	899999999	89999	89999	89	89	2	0	0	21	11	0	0	NaN	0	0	0	0	0	0	0	0	0	NaN	NaN	NaN	NaN	0	0	0	0	0	0	0	0	18000	0	0	0	18000	18000	18000	18000	93	NaN	0.07348611855521033	0.10165404954131325	0.02173922542894947	0.05452763736334628	3.23346646322373	0.08805448351322427	5.9278126380896095e-8	NaN	0.008987705411371873	-0.021193938083787667	0.0061760190867725774	-0.000007471942284370672	NaN	440.36035861075675	6.709939836190321	95748.03160134549	11.470000267028809	0.6229713602508808	90.48882751634386	92.24617043855456	88.7314853875902	3.514685015334023	0.00027621227461754134	-1	0	2.0671482227908244	87.9136137084961	1.0001384535696771	-273.1499938964844	9.000844926887089	-273.1499938964844	202
DATA	2025-03-18T230000_AIU-0547.ghg	2025-03-18	23:30:00	77.979	0	18000	18000	0.015526755096872881	0	NaN	6.310173252552825	0	NaN	18.792817206170152	0	NaN	-0.5937612514638799	1	NaN	0.4203885417183421	0	NaN	-0.0010714421426489076	1	NaN	NaN	NaN	NaN	NaN	NaN	NaN	NaN	NaN	NaN	3.26257432581234e-11	4.738557712857133e-13	1.6669479242702925e-13	NaN	17.822990657996538	441.1020765872447	443.9462446086348	0.1	1	258.8608301746561	6.406559478608523	6.447868129289037	0.8	0	0.09106305118194886	2.080841877742602	2.0942588717681887	0	0	NaN	NaN	NaN	NaN	9	281.4570564719306	281.32134064907495	95360.9410093316	1.1780726383219688	1008.7489918032621	0.024526872337884482	0.027241177503348566	0.0047069272507381426	611.0994175038197	1082.1775731720504	0.003995447392312436	56.46942171538274	471.0781556682307	273.15224009094004	1.3894184005161165	0.7506733909864668	0.23426599147068017	1.5965195227079796	4.891028082645957e-14	1.8305425775154856e-15	1.5965195227079796	2.7678118981714523	303.61858478460664	28.381415215393364	8.437787503149766	NaN	0.11480328542890109	0.11536274767121696	-20.2035037842547	-0.14353945884674083	0.33577580111198213	0.046252134900125204	1	36.241036216572496	16	29	50	78	132	330	0.015376655140826957	1.0097615479225641	7.248599314845018	1.013487364931076	17.263236080877466	1.0886033834054445	-0.5454339574128778	1.0886033834054445	0.38617236371547325	1.0886033834054445	-0.004121469945456415	1.1484299386680548	NaN	NaN	800000009	800000009	800000009	800000009	800000009	800000009	899999999	899999999	89999	89999	89	89	0	2	0	15	3	0	0	NaN	0	0	0	0	0	0	0	0	0	NaN	NaN	NaN	NaN	0	0	0	0	0	0	0	0	18000	0	0	0	18000	18000	18000	18000	93	NaN	0.09221658139277267	0.11597003412171686	0.022538879827944395	0.04723186897844836	7.811404993055716	0.2324823428206165	5.6199596705334894e-8	NaN	0.006099565659955299	-0.013464070548902812	0.009532688382226729	-0.000004121469945456415	NaN	441.1010659370061	6.406330304047259	95744.29217296006	11.450524265713161	-0.03846678445889841	90.52757674047682	92.28471304599566	88.77044134987725	3.5142721818817986	0.0002751623876231154	-1	0	2.075167990128199	88.17379400995041	1.000128497120407	-273.1499938964844	9.000730494976043	-273.1499938964844	114
