DATAH	filename	date	time	DOY	daytime	file_records	used_records	Tau	qc_Tau	rand_err_Tau	H	qc_H	rand_err_H	LE	qc_LE	rand_err_LE	co2_flux	qc_co2_flux	rand_err_co2_flux	h2o_flux	qc_h2o_flux	rand_err_h2o_flux	ch4_flux	qc_ch4_flux	rand_err_ch4_flux	none_flux	qc_none_flux	rand_err_none_flux	H_strg	LE_strg	co2_strg	h2o_strg	ch4_strg	none_strg	co2_v-adv	h2o_v-adv	ch4_v-adv	none_v-adv	co2_molar_density	co2_mole_fraction	co2_mixing_ratio	co2_time_lag	co2_def_timelag	h2o_molar_density	h2o_mole_fraction	h2o_mixing_ratio	h2o_time_lag	h2o_def_timelag	ch4_molar_density	ch4_mole_fraction	ch4_mixing_ratio	ch4_time_lag	ch4_def_timelag	none_molar_density	none_mole_fraction	none_mixing_ratio	none_time_lag	none_def_timelag	sonic_temperature	air_temperature	air_pressure	air_density	air_heat_capacity	air_molar_volume	ET	water_vapor_density	e	es	specific_humidity	RH	VPD	Tdew	u_unrot	v_unrot	w_unrot	u_rot	v_rot	w_rot	wind_speed	max_wind_speed	wind_dir	yaw	pitch	roll	u*	TKE	L	(z-d)/L	bowen_ratio	T*	model	x_peak	x_offset	x_10%	x_30%	x_50%	x_70%	x_90%	un_Tau	Tau_scf	un_H	H_scf	un_LE	LE_scf	un_co2_flux	co2_scf	un_h2o_flux	h2o_scf	un_ch4_flux	ch4_scf	un_none_flux	un_none_scf	spikes_hf	amplitude_resolution_hf	drop_out_hf	absolute_limits_hf	skewness_kurtosis_hf	skewness_kurtosis_sf	discontinuities_hf	discontinuities_sf	timelag_hf	timelag_sf	attack_angle_hf	non_steady_wind_hf	u_spikes	v_spikes	w_spikes	ts_spikes	co2_spikes	h2o_spikes	ch4_spikes	none_spikes	head_detect_LI-7200	t_out_LI-7200	t_in_LI-7200	aux_in_LI-7200	delta_p_LI-7200	chopper_LI-7200	detector_LI-7200	pll_LI-7200	sync_LI-7200	chopper_LI-7500	detector_LI-7500	pll_LI-7500	sync_LI-7500	not_ready_LI-7700	no_signal_LI-7700	re_unlocked_LI-7700	bad_temp_LI-7700	laser_temp_unregulated_LI-7700	block_temp_unregulated_LI-7700	motor_spinning_LI-7700	pump_on_LI-7700	top_heater_on_LI-7700	bottom_heater_on_LI-7700	calibrating_LI-7700	motor_failure_LI-7700	bad_aux_tc1_LI-7700	bad_aux_tc2_LI-7700	bad_aux_tc3_LI-7700	box_connected_LI-7700	mean_value_RSSI_LI-7200	mean_value_LI-7500	u_var	v_var	w_var	ts_var	co2_var	h2o_var	ch4_var	none_var	w/ts_cov	w/co2_cov	w/h2o_cov	w/ch4_cov	w/none_cov	co2_mean	h2o_mean	air_p_mean	vin_sf_mean	dew_point_mean	avg_signal_strength_7200_mean	co2_signal_strength_7200_mean	h2o_signal_strength_7200_mean	delta_signal_strength_7200_mean	flowrate_mean	hit_power_mean	hit_vin_mean	ch4_mean	rssi_77_mean	ch4_aux-1_mean	ch4_aux-2_mean	ch4_aux-3_mean	ch4_aux-4_mean	CHK
DATAU		[yyyy-mm-dd]	[HH:MM]	[ddd.ddd]	[1=daytime]	[#]	[#]	[kg+1m-1s-2]	[#]	[kg+1m-1s-2]	[W+1m-2]	[#]	[W+1m-2]	[W+1m-2]	[#]	[W+1m-2]	[µmol+1s-1m-2]	[#]	[µmol+1s-1m-2]	[mmol+1s-1m-2]	[#]	[mmol+1s-1m-2]	[µmol+1s-1m-2]	[#]	[µmol+1s-1m-2]	[µmol+1s-1m-2]	[#]	[µmol+1s-1m-2]	[W+1m-2]	[W+1m-2]	[µmol+1s-1m-2]	[mmol+1s-1m-2]	[µmol+1s-1m-2]	[µmol+1s-1m-2]	[µmol+1s-1m-2]	[mmol+1s-1m-2]	[µmol+1s-1m-2]	[µmol+1s-1m-2]	[mmol+1m-3]	[µmol+1mol_a-1]	[µmol+1mol_d-1]	[s]	[1=default]	[mmol+1m-3]	[mmol+1mol_a-1]	[mmol+1mol_d-1]	[s]	[1=default]	[mmol+1m-3]	[µmol+1mol_a-1]	[µmol+1mol_d-1]	[s]	[1=default]	[mmol+1m-3]	[µmol+1mol_a-1]	[µmol+1mol_d-1]	[s]	[1=default]	[K]	[K]	[Pa]	[kg+1m-3]	[J+1kg-1K-1]	[m+3mol-1]	[mm]	[kg+1m-3]	[Pa]	[Pa]	[kg+1kg-1]	[%]	[Pa]	[K]	[m+1s-1]	[m+1s-1]	[m+1s-1]	[m+1s-1]	[m+1s-1]	[m+1s-1]	[m+1s-1]	[m+1s-1]	[deg_from_north]	[deg]	[deg]	[deg]	[m+1s-1]	[m+2s-2]	[m]	[#]	[#]	[K]	[0=KJ/1=KM/2=HS]	[m]	[m]	[m]	[m]	[m]	[m]	[m]	[kg+1m-1s-2]	[#]	[W+1m-2]	[#]	[W+1m-2]	[#]	[µmol+1s-1m-2]	[#]	[mmol+1s-1m-2]	[#]	[µmol+1s-1m-2]	[#]	[µmol+1s-1m-2]	[#]	8u/v/w/ts/co2/h2o/ch4/none	8u/v/w/ts/co2/h2o/ch4/none	8u/v/w/ts/co2/h2o/ch4/none	8u/v/w/ts/co2/h2o/ch4/none	8u/v/w/ts/co2/h2o/ch4/none	8u/v/w/ts/co2/h2o/ch4/none	8u/v/w/ts/co2/h2o/ch4/none	8u/v/w/ts/co2/h2o/ch4/none	8co2/h2o/ch4/none	8co2/h2o/ch4/none	8aa	8U	[#]	[#]	[#]	[#]	[#]	[#]	[#]	[#]	[#_flagged_recs]	[#_flagged_recs]	[#_flagged_recs]	[#_flagged_recs]	[#_flagged_recs]	[#_flagged_recs]	[#_flagged_recs]	[#_flagged_recs]	[#_flagged_recs]	[#_flagged_recs]	[#_flagged_recs]	[#_flagged_recs]	[#_flagged_recs]	[#_flagged_recs]	[#_flagged_recs]	[#_flagged_recs]	[#_flagged_recs]	[#_flagged_recs]	[#_flagged_recs]	[#_flagged_recs]	[#_flagged_recs]	[#_flagged_recs]	[#_flagged_recs]	[#_flagged_recs]	[#_flagged_recs]	[#_flagged_recs]	[#_flagged_recs]	[#_flagged_recs]	[#_flagged_recs]	[#]	[#]	[m+2s-2]	[m+2s-2]	[m+2s-2]	[K+2]	--	--	--	--	[m+1s-1K+1]	--	--	--	--	--	--	--	--	--	--	--	--	--	--	--	--	--	--	--	--	--	--	207
DATA	2025-05-01T233000_AIU-0547.ghg	2025-05-02	00:00:00	122	0	18000	18000	0.14331827325804294	1	NaN	-32.66633077234515	1	NaN	-21.618809934922858	1	NaN	25.802383834965877	1	NaN	-0.48885909005971023	1	NaN	-0.008503147636752844	2	NaN	NaN	NaN	NaN	NaN	NaN	NaN	NaN	NaN	NaN	2.949172995296044e-10	1.1117836176309506e-11	1.5232067939206352e-12	NaN	16.36711593415555	422.64453207936066	429.48752082923505	0.1	1	617.0099683024533	15.932916366608854	16.190884373228947	0.1	1	0.08453387518316756	2.0423055533926	2.0753722864623834	0.1	0	NaN	NaN	NaN	NaN	9	293.78086704423697	292.5713628726536	95088.17125672744	1.12545425751921	1014.2634437285569	0.025580871719111418	-0.03167806903586922	0.011223665909364305	1515.4382713511209	2248.9904062752507	0.00997256515258483	67.38304739418477	733.5521349241299	286.34109447614173	0.3034006916986002	-0.03487865695643741	0.2555838251023038	0.3982355987203875	-7.481852789920839e-15	1.8018892315301512e-14	0.3982355987203875	1.9690512521747434	338.55788106310024	353.4421189368998	39.92546271549757	NaN	0.35685095167304226	0.28194922571476294	117.18542971391425	0.02474710385992349	1.5110142912897444	-0.08019270716917867	0	96.57700136148597	-14.655932553061376	33.151759340105215	82.552568196515	125.8978752537573	176.57356014357163	264.53936901046916	0.14131715921630852	1.0141604462814837	-33.52747797970848	1.0163136397472452	-19.62083781562147	1.1018290930324424	23.417773226474562	1.1018290930324424	-0.4436795989061038	1.1018290930324424	0.0031326447727977828	1.1864970306219098	NaN	NaN	800000009	800000009	800000009	800000009	800000019	800001019	899999999	899999999	89999	89999	89	89	2	2	4	17	15	0	8	NaN	0	0	0	0	0	0	0	0	0	NaN	NaN	NaN	NaN	0	0	0	0	0	0	0	0	18000	0	0	0	18000	18000	18000	18000	93	NaN	0.1378731346451506	0.3522898414158434	0.07373547536853191	0.050046609636436305	17.40894300481481	0.08186899699992214	2.0988157459214249e-7	NaN	-0.02937123882707941	0.6087487982368908	-0.011533522851394404	0.0000031326447727977827	NaN	422.6430183815049	15.932832011607452	95471.57600217014	11.476404802799227	13.182182297441694	93.92605657153659	94.02446599536472	93.82764553197225	0.19682695327368072	0.00028672027078896966	-1	0	2.028880237559478	54.57267883822657	1.000086157672935	-273.3518689049614	9.00093556661076	-273.1499938964844	064
DATA	2025-05-02T000000_AIU-0547.ghg	2025-05-02	00:30:00	122.02	0	18000	18000	0.1347984849722868	1	NaN	-76.1549817909176	1	NaN	68.72555606696565	1	NaN	3.999399641250031	2	NaN	1.5541590588575926	1	NaN	0.020919329445159583	1	NaN	NaN	NaN	NaN	NaN	NaN	NaN	NaN	NaN	NaN	9.192132530369508e-10	3.492628528087612e-11	4.745642508940787e-12	NaN	16.432299971952258	424.0699605551863	431.0148585550694	0.1	1	624.3591405424033	16.112896950154113	16.37677422562759	0.1	1	0.08483539701905105	2.0502892364647316	2.0838663603875487	0	1	NaN	NaN	NaN	NaN	9	293.8667540376452	292.63166010877814	95097.92397417534	1.1252607140645305	1014.3659086088194	0.025583519812746564	0.100709507013972	0.011349275242103433	1532.7140732416563	2257.438485517632	0.010085907292638837	67.89616120548258	724.724412275976	286.51483473085773	-0.10138679271300204	-0.05374767271163672	0.2310140824613088	0.25794495605456436	4.251484669279374e-14	5.593941533479336e-14	0.25794495605456436	1.8859545903488366	124.07081955655292	207.92918044344708	63.584893092266334	NaN	0.3461114184416335	0.18503881009391165	45.86789345837518	0.06322505311109898	-1.1081028099170676	-0.1927678439493019	0	66.91372242858141	-10.154415533330555	22.96931558477205	57.196843515489626	87.22879526509732	122.33962563663908	183.28705240228888	0.13239620659233198	1.018144616388835	-71.22617144987122	1.0198763333429972	61.516552033226056	1.1171880379421446	3.579880472598782	1.1171880379421446	1.3911347115033086	1.1171880379421446	0.035836201192798546	1.2140962760649023	NaN	NaN	800000009	800000009	800000009	800000009	800010019	800011019	899999999	899999999	89999	89999	89	89	7	0	0	19	13	3	6	NaN	0	0	0	0	0	0	0	0	0	NaN	NaN	NaN	NaN	0	0	0	0	0	0	0	0	18000	0	0	0	18000	18000	18000	18000	93	NaN	0.046161817234578746	0.15032331162708473	0.17359249132615984	0.12758429217900813	28.7692079959895	0.10143554394099161	6.04695233288538e-8	NaN	-0.06240103589298198	0.09308623422689095	0.03617313275885697	0.000035836201192798546	NaN	424.0688600945496	16.112792333037778	95488.84254947917	11.479999542236328	13.356572936375938	93.92821122656929	94.02379910575019	93.83262389331392	0.19117712130852862	0.00028691235405211847	-1	0	2.0367012090607926	53.90237498706536	1.0000948019358846	-273.3518689049614	9.00097872651948	-273.1499938964844	121
DATA	2025-05-02T003000_AIU-0547.ghg	2025-05-02	01:00:00	122.041	0	18000	18000	0.40153402743181515	1	NaN	126.83099966983738	1	NaN	-23.066622791618137	1	NaN	-49.56875167552466	1	NaN	-0.5216413856992278	1	NaN	-0.012833171973214383	1	NaN	NaN	NaN	NaN	NaN	NaN	NaN	NaN	NaN	NaN	-5.193340235152477e-10	-1.9739643410267336e-11	-2.649634406479459e-12	NaN	16.63883888728864	429.5962278613337	436.7274418442015	0.1	1	632.4344863307882	16.328751755910535	16.599805865077695	0.1	1	0.0848911066931743	2.052041323240854	2.0861048108337696	0.8	0	NaN	NaN	NaN	NaN	9	293.8903394334581	292.65746719190804	95108.1520234375	1.1251900909424355	1014.4878583741911	0.025583024488099834	-0.03380236179330996	0.011501537350281386	1553.4139794680004	2261.062725196364	0.010221861570650645	68.70282554116639	707.6487457283638	286.7207570713426	0.3634639984975684	0.13891519612960468	0.2786571737153938	0.47859516335062546	5.900407558567526e-14	-3.121215530922633e-14	0.47859516335062546	4.525036963127767	311.08324619539496	20.916753804605033	35.60823609909644	NaN	0.5973766292338483	0.5593934739487259	-141.621272383585	-0.020477149733164893	-5.498464201526924	0.18599635570696144	0	95.1047464249654	-14.432512186448482	32.64638186249929	81.29410682024123	123.97864225079815	173.88180856798323	260.5066346488801	0.3926892811270466	1.0225235236352352	123.54180043776083	1.0211145632424847	-21.15127918684178	1.0905545044276985	-45.45279623739426	1.0905545044276985	-0.4783267444051088	1.0905545044276985	-0.04812632728708269	1.156003783205337	NaN	NaN	800000009	800000009	800000009	800000009	800100019	801111019	899999999	899999999	89999	89999	89	89	4	0	7	8	20	1	6	NaN	0	0	0	0	0	0	0	0	0	NaN	NaN	NaN	NaN	0	0	0	0	0	0	0	0	18000	0	0	0	18000	18000	18000	18000	93	NaN	0.4968635344135558	0.4072006767040758	0.21472273677982004	0.14560927621444256	51.03762480463599	0.05668955729851837	3.4273398342810236e-7	NaN	0.10822838395903042	-1.1821278491234342	-0.012440232776628	-0.00004812632728708269	NaN	429.59425358073145	16.328690562832918	95495.33144140625	11.4605255806711	13.56306838930978	93.90571612209745	93.99990826310052	93.81152763345507	0.18837959864114717	0.0002870723450776292	-1	0	2.038241043671635	54.087408918146735	1.0000873824473884	-273.1499938964844	9.000928844001558	-273.1499938964844	170
DATA	2025-05-02T010000_AIU-0547.ghg	2025-05-02	01:30:00	122.062	0	18000	18000	0.15828917015912752	1	NaN	-148.26041741632412	0	NaN	108.20349537439071	1	NaN	107.16849586006373	0	NaN	2.447219492334692	1	NaN	0.05449547616369796	1	NaN	NaN	NaN	NaN	NaN	NaN	NaN	NaN	NaN	NaN	1.735684161840617e-10	6.7223919829168656e-12	9.004432616926759e-13	NaN	16.430323922309615	424.1689624381849	431.2537180071203	0.1	1	636.3547023148084	16.428277074746152	16.702673218264746	0.1	1	0.08523771080322974	2.061698758996767	2.096134639642792	0	1	NaN	NaN	NaN	NaN	9	294.1163658481175	292.76142453681103	94993.04431163195	1.1233866892635938	1014.5458588606606	0.025623123263784065	0.15857982310328805	0.011553531351800973	1560.990659058098	2275.7136974120463	0.010284554252084455	68.5934553557095	714.7230383539484	286.7955268844577	-0.05964963590490711	-0.07797182431764603	0.2215192002850414	0.24229824709627945	1.0732100837133834e-14	1.0563907139309955e-14	0.24229824709627945	2.6500261329325996	99.41654037570822	232.58345962429175	66.09828963795894	NaN	0.375371213441629	0.2841868311341633	30.033072304071343	0.09656021770396331	-1.3701998895999987	-0.3465479211650791	0	53.875736721890576	-8.175850901469438	18.49379700027895	46.052169431355054	70.23246410011014	98.50202951254279	147.57398962965487	0.15543506494950343	1.01836204212062	-139.94337480100864	1.0214156405396668	95.81307509423112	1.1293186787708644	94.89659373800893	1.1293186787708644	2.166987528266347	1.1293186787708644	0.08202031299776151	1.2366349789475695	NaN	NaN	800000009	800000009	800000009	800000009	800000019	800000019	899999999	899999999	89999	89999	89	89	1	0	3	11	0	0	6	NaN	0	0	0	0	0	0	0	0	0	NaN	NaN	NaN	NaN	0	0	0	0	0	0	0	0	17201	17995	0	0	18000	18000	18000	18000	93	NaN	0.07194255080378871	0.14541590469204674	0.35101520677249115	0.19076142701884757	126.81426553192978	0.15387468054310374	1.2840130387588734e-7	NaN	-0.122786716738665	2.472171531707955	0.05645265721271663	0.00008202031299776152	NaN	424.1657877172374	16.428123197275276	95470.89686501736	11.463071775118511	13.650293986214518	93.92202275127835	94.01497845395406	93.82906314023336	0.18591279995648435	0.0002871332857466768	-1	0	2.0476901656885946	56.56911759267054	1.0000737913466162	-273.1499938964844	9.000846242374845	-273.1499938964844	144
DATA	2025-05-02T013000_AIU-0547.ghg	2025-05-02	02:00:00	122.083	0	18000	18000	0.1051729970895938	1	NaN	4.571172209654131	1	NaN	48.12820729093665	1	NaN	5.9332309106740935	1	NaN	1.087543725296285	1	NaN	-0.06982309652386823	1	NaN	NaN	NaN	NaN	NaN	NaN	NaN	NaN	NaN	NaN	-7.926208714142992e-10	-3.0490957234176375e-11	-4.031898936208656e-12	NaN	16.740266795189157	431.0433820040635	438.3112861323447	0.1	1	643.9734018485337	16.581603892551183	16.861189457289214	0.1	1	0.08515428538102791	2.051037658975939	2.0856205935279672	0.7	0	NaN	NaN	NaN	NaN	9	293.1151159964667	291.8442071346706	95078.0646234809	1.1278601114799223	1014.6130018897871	0.025520005563075158	0.07047283339919926	0.01170848127461659	1576.969698448656	2149.268851234343	0.010381146700235102	73.37237952073744	572.299152785687	286.9521742821383	0.314257737224934	0.07558364584843219	0.22759752650738577	0.3953118351349709	-3.3060264384638035e-14	-4.734816243442928e-14	0.3953118351349709	1.8889333225797775	318.476378986804	13.523621013196008	35.151593743131464	NaN	0.30536869022123275	0.1858259814582774	-524.7698014446221	-0.005526232630034507	0.09497906668372748	0.013081194878761472	0	89.2828426658394	-13.549015829952658	30.647910698527447	76.31763105133771	116.38920270646658	163.23751169533176	244.55953828880342	0.10249015857322118	1.0261765476190179	7.223408574287566	1.023506003924152	44.02451552212967	1.0932137860039413	5.4273290244189285	1.0932137860039413	0.994813401751562	1.0932137860039413	-0.06809750513239646	1.159427535069882	NaN	NaN	800000009	800000009	800000009	800000009	800000019	800000019	899999999	899999999	89999	89999	89	89	0	0	0	19	9	0	8	NaN	0	0	0	0	0	0	0	0	0	NaN	NaN	NaN	NaN	0	0	0	0	0	0	0	0	18000	18000	0	0	18000	18000	18000	18000	93	NaN	0.14937609248946146	0.15656820345886277	0.06570766696823054	0.029637582721439314	14.554735650630077	0.057031711967756644	4.6833780668906565e-7	NaN	0.006312283844751373	0.14084147081682644	0.025815826175377546	-0.00006809750513239645	NaN	431.042711514911	16.581542527386194	95465.23696918403	11.470000267028809	13.794704514238576	93.9710921567281	94.06073444747925	93.88144828245375	0.1792863552193672	0.00028643160614430795	-1	0	2.0370635980642504	57.40084058464091	1.0000642175260517	-273.1903688981798	9.000773980458577	-273.1499938964844	122
DATA	2025-05-02T020000_AIU-0547.ghg	2025-05-02	02:30:00	122.104	0	18000	18000	0.13046346245234136	1	NaN	30.73988485180391	1	NaN	29.399149947109752	1	NaN	1.7230822237979024	1	NaN	0.6639918860552679	1	NaN	-0.0240849064320213	1	NaN	NaN	NaN	NaN	NaN	NaN	NaN	NaN	NaN	NaN	3.866424683744737e-10	1.5064373544931878e-11	1.966506660154464e-12	NaN	16.678442187712598	428.67765002644313	435.9591040918066	0.2	0	649.8258826030221	16.702149346169087	16.985849541990977	0.1	1	0.08482841468767989	2.0384612775563324	2.073086274114079	0	0	NaN	NaN	NaN	NaN	9	292.61839576721184	291.32144492085786	95051.6222094184	1.1295179540458142	1014.6702272653916	0.025481379873094036	0.04302667421638136	0.011811477159939408	1587.992237615624	2079.991304915886	0.010457095540298356	76.34609980640481	491.9990673002619	287.05942026109864	0.2697387254932735	0.05378820813490523	0.23267923945604232	0.36026626242118226	4.253673941439708e-14	2.318216917520764e-14	0.36026626242118226	2.1762650522076292	320.7226554479103	11.277344552089714	40.22970086217851	NaN	0.3398583001525994	0.20957242696025316	-107.55550086124651	-0.026962823628530034	1.045604546631661	0.07891985879232973	0	84.91133191038868	-12.885622207416578	29.147312518066876	72.58092940732642	110.69049692764257	155.24499581252167	232.5852930692724	0.1268888164466883	1.0281714819773333	31.820178431928788	1.0248185220971677	26.85516095564984	1.0947299848867487	1.5739791981455205	1.0947299848867487	0.60653484897827	1.0947299848867487	-0.03284990829612903	1.161337716702546	NaN	NaN	800000009	800000009	800000009	800000009	800011019	800111019	899999999	899999999	89999	89999	89	89	0	0	2	21	40	0	3	NaN	0	0	0	0	0	0	0	0	0	NaN	NaN	NaN	NaN	0	0	0	0	0	0	0	0	18000	606	0	0	18000	18000	18000	18000	93	NaN	0.1298178148608222	0.1970553041166226	0.09227173494306157	0.0828636374942487	12.854076770483607	0.038241135485825035	2.927321685707252e-7	NaN	0.02776416103530379	0.04078860192126906	0.015717938671299024	-0.00003284990829612903	NaN	428.6762184332126	16.70210544548668	95437.98608637153	11.476404802799227	13.902073217444956	94.00043378024631	94.0877750752767	93.91309246529474	0.17468076491480078	0.0002857591531905604	-1	0	2.0244050181789532	54.09511959488817	1.0000724577773579	-273.3518689049614	9.000842725780275	-273.1499938964844	233
DATA	2025-05-02T023000_AIU-0547.ghg	2025-05-02	03:00:00	122.124	0	18000	18000	0.05604016761547384	1	NaN	9.766337883219432	1	NaN	2.3706020076084235	1	NaN	4.04470563881497	1	NaN	0.053516206599173284	1	NaN	0.00004007303157698071	1	NaN	NaN	NaN	NaN	NaN	NaN	NaN	NaN	NaN	NaN	1.7734724693779246e-11	6.972217178792633e-13	9.053241794638725e-14	NaN	16.631856241744234	426.68937119423634	433.96913216997416	0.1	1	653.8636252107926	16.774835895209595	17.061031905629463	0.1	1	0.08490248292548774	2.0358359886131088	2.070569451369466	-0.2	0	NaN	NaN	NaN	NaN	9	292.1433693474663	290.8407346360949	95045.35343489583	1.131278947308544	1014.7016385684601	0.025441010847740274	0.0034678501876264285	0.011881703514850373	1594.7978794026635	2018.0212836200437	0.010502894571775114	79.02780274655093	423.2234042173802	287.1253107735095	0.3830571016240672	0.11388955876200788	0.22623683410724985	0.45922399742011266	1.2702239330323286e-14	1.0663106051426135e-15	0.45922399742011266	1.3841589232139662	315.4418679942079	16.5581320057921	29.514926597867564	NaN	0.22256909516785026	0.1329024262886744	-95.0790943775682	-0.030500921564143448	4.119771202367359	0.03822599673080526	0	94.64230892113962	-14.362335511147611	32.48764203189211	80.8988221972665	123.37580825980062	173.0363253241124	259.23994668234275	0.05476609176319624	1.0232639542326043	9.74569428634029	1.0215977471425002	2.1727160578990095	1.0910776854573292	3.7070739258310623	1.0910776854573292	0.04904894244697321	1.0910776854573292	-0.0030023671791071147	1.1566877091569132	NaN	NaN	800000009	800000009	800000009	800000009	800000019	800011019	899999999	899999999	89999	89999	89	89	1	0	0	8	1	0	4	NaN	0	0	0	0	0	0	0	0	0	NaN	NaN	NaN	NaN	0	0	0	0	0	0	0	0	18000	0	0	0	18000	18000	18000	18000	93	NaN	0.08332790793033606	0.1523049889773622	0.030171955669650554	0.03060911192371849	5.102389239184	0.026740096609153774	2.915086388795131e-8	NaN	0.008489941876574402	0.09592120199677175	0.0012691501735103397	-0.000003002367179107115	NaN	426.6891059428295	16.77480308405127	95430.81402994791	11.479999542236328	13.968229623847538	94.00462261856927	94.09099045668708	93.9182552441491	0.17274036251381056	0.0002851330183394667	-1	0	2.021703714966774	50.603828832352676	1.0000905052638716	-293.9027447679335	9.000936115052966	-273.1499938964844	176
DATA	2025-05-02T030000_AIU-0547.ghg	2025-05-02	03:30:00	122.145	0	18000	18000	0.0988301314465405	1	NaN	13.767772170091382	1	NaN	22.828046697107297	1	NaN	10.268109644487163	1	NaN	0.5152176739006071	1	NaN	0.03902505041592553	1	NaN	NaN	NaN	NaN	NaN	NaN	NaN	NaN	NaN	NaN	2.8552804722158868e-11	1.1359220605240655e-12	1.4510828652934878e-13	NaN	16.57267297114491	420.0678611196017	427.20719633707483	0.2	0	659.3140328230089	16.711645493537233	16.995671124291135	0.1	1	0.08422402637691774	2.0171871750574177	2.0514706248808317	0	1	NaN	NaN	NaN	NaN	9	291.8974004618327	290.5907144327524	95057.34276378044	1.1324223402837355	1014.6610856323153	0.025415934524886146	0.03338610526875934	0.011848624202994752	1588.9907294672755	1986.4346255827022	0.01046307881918508	79.99209785225928	397.4438961154267	287.06910292887403	0.311997908510042	0.12600667558470033	0.22704799645740115	0.40592015212582117	2.180290312991014e-14	1.7228847013316957e-15	0.40592015212582117	1.5123219183130685	310.00768271799564	21.992317282004326	34.01027195453385	NaN	0.29542039347729193	0.1485003712160073	-157.7292165658644	-0.018385940557747088	0.6031077626907078	0.04055960952560387	0	88.63461680301936	-13.450645054398331	30.42539573638023	75.76353733344622	115.54417482546918	162.05234807706145	242.7839472235473	0.0963599419947193	1.0256350242713572	14.818613825123572	1.0231503559074127	20.889334883011077	1.0928086904132568	9.396072464068869	1.0928086904132568	0.47146191133031007	1.0928086904132568	0.03032774739429688	1.1589132794938477	NaN	NaN	800000009	800000009	800000009	800000019	800000019	800001019	899999999	899999999	89999	89999	89	89	0	3	0	14	26	0	0	NaN	0	0	11498	0	0	0	0	0	0	NaN	NaN	NaN	NaN	0	0	0	0	0	0	101	0	18000	0	0	21	18000	18000	18000	18000	93	NaN	0.13366606495791208	0.10070797087365838	0.06262670660044414	0.03784718132847558	12.4625519607146	0.01895578506814361	1.4772511925159088e-7	NaN	0.012896686632077622	0.2428698053436664	0.012186353720622609	0.00003032774739429688	NaN	420.06573531516074	16.711619758680143	95444.48775173612	11.441050690491995	13.912455897967035	93.9952735379537	94.07685146289401	93.91369820552401	0.16315714220744165	0.00028207507754106917	-1	0	2.0033305716945073	46.680438289629386	1.0001087869207064	-293.37786974588954	9.001035585191515	-273.1499938964844	218
DATA	2025-05-02T033000_AIU-0547.ghg	2025-05-02	04:00:00	122.166	0	18000	18000	0.04953783937262094	1	NaN	7.267214378089611	1	NaN	14.386475626841282	1	NaN	7.412510690327279	1	NaN	0.32465888732309	1	NaN	0.006930128192091874	2	NaN	NaN	NaN	NaN	NaN	NaN	NaN	NaN	NaN	NaN	1.7013529709450292e-10	6.831269955025883e-12	8.85154184695592e-13	NaN	16.468823184187194	416.06721341256656	423.136093102347	0.1	1	661.255947084755	16.705924654058414	16.989754207743957	0.1	1	0.08568150176619686	2.050960147013898	2.085805455801542	-0.2	0	NaN	NaN	NaN	NaN	9	291.72579656643336	290.47337026312084	95073.31305083385	1.1330726096008175	1014.6556012282548	0.025401403641801518	0.021037895898536232	0.011851343794589254	1588.7136457754232	1971.7598081601252	0.010459474259786841	80.57338623094628	383.04616238470203	287.06641650354527	0.46471289271082983	0.11455192987245691	0.22564941557338894	0.5291482552534508	-1.8211414375152648e-14	1.0330750120498048e-14	0.5291482552534508	1.6646444429228104	318.152626988825	13.847373011174986	25.24177700475334	NaN	0.2090930798760362	0.14600372453507068	-105.96345191359727	-0.027367926842970947	0.5051420908489186	0.030230958264206898	0	91.16386582498976	-13.834468351387518	31.29360507924142	77.9255013562332	118.84130637195251	166.6766219518254	249.71195214097088	0.04852704364900106	1.020829534371206	7.9778794703352265	1.020013424122972	13.205869739694691	1.0894000857511024	6.8042134265269665	1.0894000857511024	0.29801621238100906	1.0894000857511024	0.003314266356809726	1.1544618677837384	NaN	NaN	800000009	800000009	800000009	800000019	800000019	800010019	899999999	899999999	89999	89999	89	89	0	0	0	23	4	0	3	NaN	0	0	18000	0	0	0	0	0	0	NaN	NaN	NaN	NaN	0	0	0	0	0	0	101	0	18000	0	0	21	18000	18000	18000	18000	93	NaN	0.11155502941443571	0.15121025325912824	0.029242166396577476	0.01890862108292871	5.001762007930122	0.016062884818777004	1.9156695329582218e-7	NaN	0.0069392266437958644	0.17577382364153926	0.007698678138630458	0.000003314266356809726	NaN	416.0669953660822	16.70590148509108	95462.54293532987	11.44921479129791	13.910201469580336	93.98300491163465	94.06121977445814	93.90479603555467	0.1564128310436177	0.0002812406315254823	-1	0	2.0368654633366994	49.29720875992916	1.0001276386843787	-273.1499938964844	9.001088935375213	-273.1499938964844	047
DATA	2025-05-02T040000_AIU-0547.ghg	2025-05-02	04:30:00	122.187	0	18000	18000	0.47281315292390663	1	NaN	-236.09920576077093	1	NaN	31.40319798543624	1	NaN	60.16497261591172	1	NaN	0.709273252421578	1	NaN	0.026776575907530367	2	NaN	NaN	NaN	NaN	NaN	NaN	NaN	NaN	NaN	NaN	8.371803987905055e-10	3.4172393649913095e-11	4.411275934350836e-12	NaN	16.21450779998357	412.3178541904751	419.3760237588621	0.1	1	661.850831888957	16.830169510227883	17.1182729456251	0.1	1	0.08543758089504688	2.053386146950734	2.088536571477002	0	1	NaN	NaN	NaN	NaN	9	292.72183056386297	291.34938901081426	95098.72046120523	1.129914196070572	1014.743105583984	0.02547120306654451	0.04596090675691825	0.011906766200965304	1600.9569101497123	2083.6443965824797	0.010537761400266214	76.83445950640836	482.6874864327674	287.18472823061893	0.513560322110676	-0.6233932056197328	0.26477473546444563	0.8499817373327822	5.003511612235425e-14	5.163156409788485e-14	0.8499817373327822	7.411750512730574	22.517810443288226	309.4821895567118	18.15003551214829	NaN	0.6468774949474472	1.3028501797511862	96.59985303930792	0.03002074960528094	-7.518317270434237	-0.31832511859867507	0	96.60916749510685	-14.660813887936081	33.16280093288266	82.58006332373908	125.93980705761233	176.63237009469273	264.62747703382473	0.4684709699026068	1.0092688411881798	-232.32149548609354	1.0140476267392313	28.47371976503872	1.102883579826281	54.55242395157294	1.102883579826281	0.6431079992443972	1.102883579826281	0.09074113375305436	1.1868037152846262	NaN	NaN	800000009	800000009	800000009	800000019	800100019	811101019	899999999	899999999	89999	89999	89	89	8	2	9	21	34	0	3	NaN	0	0	11740	0	0	0	0	0	0	NaN	NaN	NaN	NaN	0	420	0	0	0	0	101	0	18000	0	0	21	18000	18000	18000	18000	93	NaN	1.0540966579858477	1.3095089953594083	0.24209470615711678	0.6762438609091059	55.54072189172234	0.03373997306028093	5.392939049664902e-7	NaN	-0.2026225703522126	1.4133084697610772	0.016661220830628185	0.00009074113375305436	NaN	412.3172660347377	16.830130127934837	95493.05857378473	11.470000267028809	14.028884576638529	93.93105914454989	94.01148696030512	93.85062105178832	0.16087910458114532	0.0002824107408458885	-1	0	1.876477115315755	46.682607956298135	1.0001188328961532	-302.66412013584187	9.001000593211916	-273.1499938964844	203
DATA	2025-05-02T043000_AIU-0547.ghg	2025-05-02	05:00:00	122.208	0	18000	18000	0.11930679441363459	0	NaN	-33.488593429649285	2	NaN	-5.892996061311364	2	NaN	3.6697746016016164	2	NaN	-0.13296833208598063	2	NaN	NaN	NaN	NaN	NaN	NaN	NaN	NaN	NaN	NaN	NaN	NaN	NaN	-3.6077803261644614e-10	-1.4666214480197857e-11	NaN	NaN	15.879203995775365	403.17902582718693	409.89719323345213	0.1	0	645.5154985127554	16.389883895689287	16.662988339936064	0.1	1	NaN	NaN	NaN	NaN	0	NaN	NaN	NaN	NaN	9	291.83934188079843	290.32807399899883	95080.18208827294	1.133925638649284	1014.4262255969068	0.025519011797267278	-0.008616347919171544	0.01157355602979731	1550.6568977016236	1952.7424899792045	0.010206626991504984	79.40918506454669	402.0855922775809	286.69346945676585	0.27528155777107827	-1.2117704285223052	0.173790275926717	1.2547392428296438	8.497531430907139e-14	-2.2720158561627556e-14	1.2547392428296438	8.505130428793754	49.20116581939641	282.7988341806036	7.961466939908188	NaN	0.324369716329058	1.6876161547311044	85.84825405218453	0.033780535574284114	5.682778858365144	-0.08975353499579242	0	71.95437901211798	-10.919354616859792	24.699609874486477	61.50552094905468	93.79980021249459	131.55555350630607	197.09419171298404	0.11835500092055226	1.0080418527791761	-33.535266862750625	1.013760949952153	-5.3214897266043835	1.1073959293484636	3.3138776334140294	1.1073959293484636	-0.12007298253679922	1.1073959293484636	NaN	1	NaN	NaN	800000009	800000019	800000009	800000019	800000019	811100019	899999999	899999999	89999	89999	89	89	7	5	2	6	2	0	0	NaN	0	0	9499	0	0	0	0	0	0	NaN	NaN	NaN	NaN	0	17996	0	0	0	0	101	0	18000	0	0	16	18000	18000	18000	18000	93	NaN	1.0568817510188206	2.1911981513208723	0.12715240712251585	0.7758079767035319	18.968661178436513	0.23727817297388257	NaN	NaN	-0.029153904263039584	0.08596894470402167	-0.003114945311217945	NaN	NaN	403.17744813812277	16.389651312140114	95501.69304470487	11.470000267028809	13.617179543601104	93.97518093617757	94.05007989586724	93.90028154712255	0.14979703961105742	0.00028216292987215467	-1	0	-13.22503203175753	0.146803955407581	1.0001530110024743	-273.1499938997295	9.001146596564187	-273.1499938964844	034
DATA	2025-05-02T050000_AIU-0547.ghg	2025-05-02	05:30:00	122.229	1	18000	18000	0.08722273774380201	0	NaN	1.7750874165354733	1	NaN	26.28588926072777	0	NaN	8.181871626669485	0	NaN	0.592659362690265	0	NaN	-0.007592428912979199	0	NaN	NaN	NaN	NaN	NaN	NaN	NaN	NaN	NaN	NaN	1.406850880075191e-10	5.5634570898015425e-12	7.573316128974856e-13	NaN	15.922074015172203	400.3786743358177	406.819919402632	0.2	0	629.6458055264559	15.83316047127821	16.087882496488174	0.1	1	0.08571121620181264	2.0420901640774876	2.0749430706844008	0	1	NaN	NaN	NaN	NaN	9	290.6971052237617	289.54022074160747	95135.11153321748	1.1378410019184868	1014.1453667256761	0.025303353897947668	0.03840432670232917	0.01127572090765785	1506.6935335679816	1858.4049625006442	0.009909750913041561	81.07455393040898	351.71142893266256	286.25248490233287	1.3628548031926189	-0.7316613868148557	0.24995216640115017	1.5669006621447477	-3.660158354350874e-14	8.835851904309688e-15	1.5669006621447477	4.959996197528796	0.22954458138474365	331.7704554186152	9.179042812036997	NaN	0.27686883121437467	0.6018671420930595	-1007.4762251525736	-0.0028784798366441053	0.06753005001765448	0.005556021116377053	0	66.35881994268853	-10.070206940268818	22.77883551798378	56.72252121656437	86.50542383129752	121.32508691535612	181.76708852464682	0.0863711977871191	1.0098590731459083	3.2431140665949605	1.0135212237710058	24.15110690959916	1.0883927332655763	7.517389060583746	1.0883927332655763	0.5445271220362434	1.0883927332655763	-0.00916520936375511	1.1483444677559507	NaN	NaN	800000009	800000009	800000009	800000019	800000019	800100119	899999999	899999999	89999	89999	89	89	5	6	3	9	1	0	0	NaN	0	0	17486	0	0	0	0	0	0	NaN	NaN	NaN	NaN	0	99	0	0	0	0	301	151	18000	0	0	16	18000	18000	18000	18000	93	NaN	0.5077974114952581	0.5825171563993633	0.11341971629149755	0.12851063750168362	14.49866783411047	0.1078264108464921	1.360752623696655e-7	NaN	0.002810479576199823	0.19327614892858774	0.01400008756845688	-0.00000916520936375511	NaN	400.37784901718686	15.833050575035923	95515.11046614584	11.470000267028809	13.092320297241203	94.02880816989475	94.09893714692858	93.95867837142944	0.1402544948740135	0.000279338646890311	-1	0	2.0175164183234733	75.30233770770742	1.0001409439957805	-304.68287022060713	9.000994261847602	-273.1499938964844	138
DATA	2025-05-02T053000_AIU-0547.ghg	2025-05-02	06:00:00	122.249	1	18000	18000	0.10474932460844587	1	NaN	5.334314758810593	2	NaN	13.913260466150533	1	NaN	6.3373368197403925	1	NaN	0.31366675031839897	1	NaN	-0.003626156687071688	2	NaN	NaN	NaN	NaN	NaN	NaN	NaN	NaN	NaN	NaN	-1.9658168113031835e-12	-7.691320491173437e-14	-1.0600063948969416e-14	NaN	15.956934506460483	401.054338260994	407.447754965099	0.1	1	624.3201128414995	15.691377915808502	15.941522367835521	0.1	1	0.08604287298055417	2.0489149733883707	2.0815777972664344	-0.3	0	NaN	NaN	NaN	NaN	9	290.6044348746406	289.43761378987637	95131.75515407986	1.1382656034653855	1014.0634965726148	0.025295279343385803	0.02032560542063225	0.011178316358919756	1493.148735852145	1846.296634508418	0.009820481550956122	80.87263487049036	353.1478986562731	286.1143398093436	0.3904112567127312	-0.695272689984073	0.2661117070656582	0.8406191191277446	5.2856468933282764e-14	-1.231951419307564e-16	0.8406191191277446	2.828556484091465	32.68480946602165	299.31519053397835	18.455397457169685	NaN	0.303356852435733	0.5432882390244563	-440.9532639523896	-0.0065766606964340725	0.3833978938142075	0.015234074206160162	0	83.51925953995159	-12.674369854553172	28.669459120693283	71.39100688255418	108.87578999776493	152.69984354065167	228.77219117854426	0.10323091961795197	1.0147088197616894	6.062093285173239	1.016124970852775	12.80891475585219	1.0862169614950232	5.834319518467056	1.0862169614950232	0.2887698880034807	1.0862169614950232	-0.00580898205471045	1.1494559556450068	NaN	NaN	800000009	800000009	800000009	800000009	800000009	800101019	899999999	899999999	89999	89999	89	89	0	0	3	33	10	0	0	NaN	0	0	18000	0	0	0	0	0	0	NaN	NaN	NaN	NaN	0	0	0	0	0	0	0	0	17501	0	0	0	18000	18000	18000	18000	93	NaN	0.26704325057062706	0.7429157078004834	0.07661751967780209	0.234361586695229	17.53071458329884	0.08137540219588883	6.70518673951397e-8	NaN	0.0052518686179042475	0.1499340448374775	0.007420991805228247	-0.00000580898205471045	NaN	401.05351402884224	15.691293724378387	95520.3440904948	11.440787931760152	12.956226481119806	94.05441093063355	94.123856396993	93.98496631368002	0.13888961320867144	0.0002793659299236929	-1	0	2.0355362272792394	78.72772828418945	1.0001604021357164	-286.63524446275454	9.001077430857553	-273.1499938964844	120
DATA	2025-05-02T060000_AIU-0547.ghg	2025-05-02	06:30:00	122.27	1	18000	18000	0.13933652410360844	1	NaN	52.57022471219141	1	NaN	-11.401019909354316	1	NaN	-6.346709666098011	1	NaN	-0.25688281286375775	1	NaN	0.0015007427125405318	1	NaN	NaN	NaN	NaN	NaN	NaN	NaN	NaN	NaN	NaN	-3.548180779417561e-10	-1.3913736292459651e-11	-1.878794486666254e-12	NaN	16.24384378041305	407.86233891357006	414.4916348163003	0.1	1	636.9815203544345	15.993799020017123	16.25375836462079	0.1	1	0.08601265277672146	2.04289317400837	2.076097866023435	0	0	NaN	NaN	NaN	NaN	9	290.005670817905	288.8438104994033	95135.00822265625	1.1405134299616466	1014.2227649188104	0.025242520974735543	-0.0166460062735715	0.011417570517908478	1521.9783463801896	1777.5733991942257	0.010010904052477865	85.62112524130382	255.59505281403608	286.40707097138215	0.8468843345972894	0.32758800952910205	0.2847876921307029	0.9516464730994435	-3.443984098779925e-14	-2.1843233826811265e-14	0.9516464730994435	2.6291981392451467	310.8527558662166	21.1472441337834	17.41303426045653	NaN	0.349528251457025	0.44919336955247874	-68.44561598484971	-0.042369404647361324	-4.611010692916917	0.13002408044813502	0	101.7234303051707	-15.43692300031547	34.91836185826982	86.95165825266452	132.6067651552896	185.98287362195347	278.6362352024909	0.13748452839136888	1.01347057544517	51.397032242867034	1.0153784426394306	-10.49822867707969	1.0859946244308483	-5.8441446424508925	1.0859946244308483	-0.23654151418878874	1.0859946244308483	-0.013685713368282582	1.1486878241850516	NaN	NaN	800000009	800000009	800000009	800000009	800000009	800001009	899999999	899999999	89999	89999	89	89	1	3	3	16	17	0	0	NaN	0	0	18000	0	0	0	0	0	0	NaN	NaN	NaN	NaN	0	0	0	0	0	0	0	0	18000	0	0	0	18000	18000	18000	18000	93	NaN	0.48122050130881044	0.3550365553102634	0.062129682485883624	0.1304884553503427	11.694900354154592	0.014201995634970956	1.009703508098178e-7	NaN	0.04443286169047697	-0.14991936712258508	-0.006067980222085882	-0.000013685713368282582	NaN	407.86241297157795	15.993779431833774	95524.45337304687	11.452286235332489	13.250846439997352	93.95745369169447	94.01186848492094	93.90304123560587	0.10882651583394821	0.0002789901911132297	-1	0	2.029288267566098	80.40852718671167	1.0001347838275962	-307.4687453376011	9.000977388487922	-273.1499938964844	184
DATA	2025-05-02T063000_AIU-0547.ghg	2025-05-02	07:00:00	122.291	1	18000	18000	0.2705108015155072	1	NaN	-111.65311064544757	1	NaN	128.21671268843048	1	NaN	25.52679091867262	1	NaN	2.8909402562784243	1	NaN	-0.03292191476679859	2	NaN	NaN	NaN	NaN	NaN	NaN	NaN	NaN	NaN	NaN	-1.5022168587398483e-10	-5.757571012979256e-12	-8.003544123844648e-13	NaN	16.15291288316535	406.26661530987724	412.6926721860494	0.2	0	619.0953220249932	15.571046711668062	15.817339239825689	0.1	1	0.08605984564537573	2.0503793026701542	2.0828108476708054	-0.1	0	NaN	NaN	NaN	NaN	9	290.8151570553249	289.56892291937925	95171.6435514323	1.1382785943144622	1013.9983508181128	0.02529614846727618	0.1873329286068419	0.01109221298708105	1482.3196172834407	1861.8044595665049	0.009744725977001639	79.61736312676885	379.48484228306415	286.00309708831355	0.4614725905918139	-0.8976643533521468	0.24986181436540736	1.039802466540934	1.46750498173118e-14	-9.299974992779578e-15	1.039802466540934	4.066624066838783	34.793144799076344	297.20685520092366	13.904092966191653	NaN	0.48749259274934337	0.8611330444303542	87.45103943340527	0.03316141258913652	-0.8708155770361011	-0.1984344118498827	0	102.27762547205032	-15.52102425498809	35.10859912532965	87.42537594593568	133.32921452731856	186.99611913849236	280.15426162377355	0.2682217200645315	1.0085342881643775	-103.55632180623817	1.0137815058619928	116.0897357994871	1.1044620939605667	23.11241921135957	1.1044620939605667	2.6175097109142085	1.1044620939605667	-0.004588506592317043	1.1879344593807293	NaN	NaN	800000009	800000009	800000009	800000009	800000009	800100009	899999999	899999999	89999	89999	89	89	6	10	2	4	1	0	0	NaN	0	0	14624	0	0	0	0	0	0	NaN	NaN	NaN	NaN	0	0	0	0	0	0	0	0	17801	0	0	0	18000	18000	18000	18000	93	NaN	0.7212945372260605	0.8817454048437114	0.11922614679093665	0.29168270206393887	22.160011496136978	0.15601814844836084	5.6433684940295794e-8	NaN	-0.08972031690221391	0.5939053970942678	0.06726051176393316	-0.000004588506592317042	NaN	406.2653673546938	15.570891528084843	95565.29372374131	11.479999542236328	12.843813068230888	94.0240628214942	94.09183800019156	93.95628428098888	0.13555457937510024	0.00027939409362281596	-1	0	2.0371071346931973	80.1492236464112	1.0001429425179957	-273.1499938964844	9.001035725328657	-273.1499938964844	014
DATA	2025-05-02T070000_AIU-0547.ghg	2025-05-02	07:30:00	122.312	1	18000	18000	0.1200497485407618	0	NaN	2.3662886424943292	2	NaN	15.656949249347468	1	NaN	3.3171270198600067	0	NaN	0.3532951674838245	1	NaN	-0.010868159040282077	1	NaN	NaN	NaN	NaN	NaN	NaN	NaN	NaN	NaN	NaN	1.0854052130518374e-10	4.01639563438211e-12	5.787233538720204e-13	NaN	16.045130111475167	409.44382402430443	415.74270711187285	0.2	0	593.7284044511408	15.15091661216662	15.383998287380436	0.1	1	0.08555045986297823	2.0453286715719075	2.0767940043524997	-0.2	0	NaN	NaN	NaN	NaN	9	291.488589006212	290.3722371910943	95203.16724956597	1.1356869964487788	1013.7781442004728	0.025357925053882745	0.022893526852951828	0.010766634945445391	1442.8021608334384	1959.188651283182	0.009480283721757823	73.64283985048947	516.3864904497436	285.5909925636571	0.08964398922241848	-1.5615687896668862	0.20856955027576776	1.5779842796959465	-1.1913850760531867e-14	6.764701847294941e-15	1.5779842796959465	5.30514383569748	58.71446350579532	273.2855364942047	7.595276262376691	NaN	0.325125700393244	0.7385970525328114	-1224.322095723721	-0.0023686577332297123	0.15113344271668688	0.006321422838655836	0	69.24263925350853	-10.507837646531861	23.7687573671289	59.18756658934227	90.26477355980111	126.5976283625307	189.66631639535976	0.11888209489251357	1.0098219471090575	3.231852379261202	1.0135082130140765	14.38436160931696	1.0884702202707581	3.0475128837561285	1.0884702202707581	0.32457954375264575	1.0884702202707581	-0.011706725667391067	1.1483750848061733	NaN	NaN	800000009	800000009	800000009	800000009	800001009	800101119	899999999	899999999	89999	89999	89	89	12	4	9	5	55	8	7	NaN	0	0	0	0	0	0	0	0	0	NaN	NaN	NaN	NaN	0	0	0	0	0	0	0	0	18000	0	0	0	18000	18000	18000	18000	93	NaN	0.7916082998094771	0.5449630423254752	0.14062276293067053	0.06987963677066049	2.0514416038428447	0.024245091863973268	4.2400245045110623e-8	NaN	0.0028070486399366986	0.07846778101268476	0.008357318748719636	-0.000011706725667391067	NaN	409.4421449379996	15.150887457289501	95598.6514279514	11.47359500646591	12.435372745619885	94.08254070663452	94.17000078731112	93.99507494502598	0.174928491797712	0.0002836708003823232	-1	0	2.032482072985834	80.09434802741302	1.0001686712801456	-273.1499938964844	9.001217281977336	-273.1499938964844	241
DATA	2025-05-02T073000_AIU-0547.ghg	2025-05-02	08:00:00	122.333	1	18000	18000	0.02812802952135462	1	NaN	-2.1404585295632903	2	NaN	30.38709036273562	1	NaN	3.518251334983928	1	NaN	0.6859663053590578	1	NaN	-0.0010221299251486505	1	NaN	NaN	NaN	NaN	NaN	NaN	NaN	NaN	NaN	NaN	-7.738761230003767e-11	-2.877644922896621e-12	-4.123067769856744e-13	NaN	16.005038679904327	409.2633519764956	415.58792978461895	0.1	0	595.1445835985342	15.218386663445902	15.45356499080466	0.1	1	0.0852718635129565	2.0427642687024425	2.074332259089729	-0.4	0	NaN	NaN	NaN	NaN	9	291.80055488247336	290.80966874864373	95226.42469835069	1.1342266315328766	1013.8250560472834	0.025389922950851893	0.04445061658726694	0.010800951736043065	1449.5812821980282	2014.0727334586618	0.009522745662783346	71.97263823281784	564.4914512606335	285.6623880762303	0.48162298119872216	-1.3069317637605755	0.192573004915407	1.4060994606951447	-7.458667222771513e-14	-4.835203078715725e-15	1.4060994606951447	5.712386893360781	41.77043897268118	290.2295610273188	7.871710171019286	NaN	0.15747794341058513	0.8792109440252192	153.83196395150776	0.018851738777216437	-0.07043973292645957	-0.011820183614569	1	18.59043506663438	8	16	32	57	114	412	0.02792211733124677	1.0073745191908288	-0.41471348787476875	1.012245019929048	27.72921998804535	1.0958508885513596	3.2105201280028317	1.0958508885513596	0.6259668286310911	1.0958508885513596	-0.0021253556886806184	1.1689863209808655	NaN	NaN	800000009	800000009	800000009	800000009	800001009	800101009	899999999	899999999	89999	89999	89	89	6	2	2	12	72	1	4	NaN	0	0	0	0	0	0	0	0	0	NaN	NaN	NaN	NaN	0	0	0	0	0	0	0	0	18000	0	0	0	18000	18000	18000	18000	93	NaN	0.6467771067912689	0.9630499753213537	0.1485948059378157	0.06254545507542067	2.6825664680608274	0.04026240099560241	1.048295159690971e-8	NaN	-0.00036064947117183706	0.08277489697158563	0.0161389238135071	-0.0000021253556886806183	NaN	409.2584858331702	15.218341914287718	95623.13828233507	11.470000267028809	12.506509218215943	94.00592298062641	94.09152317195469	93.92031663386028	0.17120471408714855	0.0002842343218960903	-1	0	2.029878615697225	80.29618721057042	1.000157390375932	-273.1499938964844	9.001202467997869	-273.1499938964844	018
DATA	2025-05-02T080000_AIU-0547.ghg	2025-05-02	08:30:00	122.354	1	18000	18000	0.0847129301106676	0	NaN	-25.28928330000743	1	NaN	36.60684918696835	0	NaN	6.943943297793191	1	NaN	0.8268309305697672	0	NaN	0.006562749975320668	1	NaN	NaN	NaN	NaN	NaN	NaN	NaN	NaN	NaN	NaN	-1.0816580256638258e-10	-3.982008296447386e-12	-5.791812908211927e-13	NaN	15.909231192295836	407.4170050671517	413.6207459360385	0.1	0	585.6813252870982	14.998621151962494	15.227005234757574	0.1	1	0.08518708167742524	2.045876931219933	2.0770295099612888	0	0	NaN	NaN	NaN	NaN	9	292.11058182949483	291.38438219875763	95245.95979296874	1.1323163863892431	1013.7138000208226	0.025434882055535863	0.053578644300920915	0.01062616123790495	1428.9412627687839	2088.22693275883	0.009384445341985997	68.42844713629658	659.2856699900462	285.44409062991923	0.45477187478615355	-1.5201419819955966	0.234531780090024	1.6039495813130893	4.9686590885648455e-14	-6.798933352528228e-15	1.6039495813130893	5.733718787662004	45.344706044076474	286.6552939559235	8.40801512151992	NaN	0.27352117642044244	0.7611786655155971	68.23116490517448	0.042502572014274244	-0.6908347443628158	-0.08054941949254314	0	64.76205147809296	-9.827891165394279	22.23071657544171	55.357627549238956	84.42387486901058	118.40568489889363	177.3932923192867	0.0840682059951527	1.0076690599957858	-23.027675603351163	1.0140582817648478	32.88308767715477	1.1132424529707599	6.237583986545633	1.1132424529707599	0.7427231402856719	1.1132424529707599	0.010912135886129812	1.1966725521469694	NaN	NaN	800000009	800000009	800000009	800000009	800001009	801101009	899999999	899999999	89999	89999	89	89	8	39	4	6	65	3	1	NaN	0	0	0	0	0	0	0	0	0	NaN	NaN	NaN	NaN	0	0	0	0	0	0	0	0	17601	0	0	0	18000	18000	18000	18000	93	NaN	0.5807255480006653	0.8239884079762514	0.11764337505427738	0.12994538930309477	3.7428478904109017	0.04183529840843853	2.4007649911829326e-8	NaN	-0.020061663971625347	0.16106866896951996	0.019178808313717932	0.000010912135886129812	NaN	407.4134999526408	14.998575540004595	95639.97336024305	11.440787931760152	12.287619575182603	93.98896606402927	94.07691695849101	93.9010174914466	0.17589914141346977	0.00028432742654695175	-1	0	2.033169373512268	80.38523086778851	1.0001402192794615	-273.1499938964844	9.001183332178329	-273.1499938964844	012
DATA	2025-05-02T083000_AIU-0547.ghg	2025-05-02	09:00:00	122.374	1	18000	18000	0.10101573310077468	0	NaN	10.593756368264907	0	NaN	51.25427662579123	1	NaN	5.739142840137679	1	NaN	1.160033856392494	1	NaN	-0.000022478005297057047	1	NaN	NaN	NaN	NaN	NaN	NaN	NaN	NaN	NaN	NaN	3.3459650081852796e-11	1.2619166096951604e-12	1.8173975519890929e-13	NaN	15.701105954162264	404.50763634155055	410.77434197705713	0.2	0	592.1605977848226	15.255835126763118	15.492181290281577	0.1	1	0.08528227717507487	2.068238853107641	2.1002803843715885	-0.6	0	NaN	NaN	NaN	NaN	9	292.7966287104288	293.4975926801893	95249.15435069444	1.124091341938796	1013.9044649992119	0.02561848451230164	0.0751701938942336	0.010730929597437114	1453.49517487756	2381.862667540713	0.009546314607253142	61.02346683061715	928.3674926631531	285.7034742793212	-0.3383763952041513	-1.2268058283129732	0.21964505279084431	1.2914314052358826	-5.293961856817966e-14	2.1310377867351986e-15	1.2914314052358826	5.266967944627063	77.4198698012791	254.5801301987209	9.792398393831917	NaN	0.29977382446405443	0.6980483195750982	-214.45055760002958	-0.013522930564763428	0.20669019378831918	0.031006848977482772	0	77.02994330926529	-11.689591080604277	26.44188685267147	65.84403697118438	100.41631089015479	140.83530380969773	210.99694865936883	0.09991471900750604	1.0110195385044913	13.424794976994669	1.014025174048981	47.16208051829488	1.0867687782753546	5.28092355509642	1.0867687782753546	1.0674155161444803	1.0867687782753546	-0.006383424852130879	1.1479084599177372	NaN	NaN	800000009	800000009	800000009	800000009	800001009	800101109	899999999	899999999	89999	89999	89	89	2	3	8	5	31	1	2	NaN	0	0	0	0	0	0	0	0	0	NaN	NaN	NaN	NaN	0	0	0	0	0	0	0	0	12646	0	0	0	18000	18000	18000	18000	93	NaN	0.4974881876703046	0.8070232027058309	0.09158524877406068	0.1189391616997333	5.169170519163728	0.18185990994875348	5.498854866199007e-8	NaN	0.01177901632071539	0.1373857549453208	0.02776932576203163	-0.000006383424852130879	NaN	404.5047753363716	15.255655842573447	95655.29459830729	11.452286235332489	12.545338567892706	93.86405036926269	93.95790955140858	93.7701899204254	0.1877232494714362	0.0002865535217731828	-1	0	2.055232847061422	80.05489136653475	1.0000989768207074	-312.39449554443524	9.000947091208564	-273.1499938964844	028
DATA	2025-05-02T090000_AIU-0547.ghg	2025-05-02	09:30:00	122.395	1	18000	18000	0.12560674414721812	0	NaN	20.573223102100055	0	NaN	77.04380759772063	0	NaN	1.558675485326357	1	NaN	1.7445115388319063	0	NaN	0.005197217797568073	0	NaN	NaN	NaN	NaN	NaN	NaN	NaN	NaN	NaN	NaN	-7.013302688627448e-11	-2.6792183556086515e-12	-3.830161775091762e-13	NaN	15.568174864534106	402.1256917077782	408.39951915491224	0.1	0	594.7346309182051	15.361985391452658	15.601657831137029	0.1	1	0.08502217987935244	2.066409722860184	2.098649140295183	-0.4	0	NaN	NaN	NaN	NaN	9	293.4420268096924	293.96332578531883	95248.67591579861	1.1222594708164415	1013.9745884038496	0.02565926578065701	0.11304434771630753	0.010788421767925327	1463.6012582363778	2451.2322408036184	0.00961312606261792	59.70879600361927	987.6309825672406	285.8091147797039	0.24081467090762415	-0.8975634572507019	0.2350994241013463	0.9585841667422902	1.0850904831725156e-14	-4.50489716980535e-15	0.9585841667422902	5.930587286397766	46.98134383839903	285.018656161601	14.197018872735159	NaN	0.3345490797846701	0.8070325999051334	-153.49144075392002	-0.018893561658915738	0.26703279268752966	0.054040846825929224	0	76.99962809452543	-11.684990629810658	26.431480620450227	65.81812398158102	100.37679194599828	140.77987792861143	210.91391058958368	0.12394553430853116	1.01340274055015	24.776509747630488	1.0153383243299268	70.94337737429025	1.0859901297233863	1.4352575061831998	1.0859901297233863	1.6063788160544819	1.0859901297233863	-0.0061657615335370605	1.1486504810880642	NaN	NaN	800000009	800000009	800000009	800000009	800001009	810111109	899999999	899999999	89999	89999	89	89	3	14	5	16	45	0	0	NaN	0	0	0	0	0	0	0	0	0	NaN	NaN	NaN	NaN	0	0	0	0	0	0	0	0	15007	0	0	0	18000	18000	18000	18000	93	NaN	0.5528296002656157	0.9470568800239673	0.11417871952068408	0.08290037847584497	4.693091213354766	0.24548850393581576	1.1632052248281638e-7	NaN	0.021773075438209347	0.03740238279658771	0.04186175312482917	-0.000006165761533537061	NaN	402.12269638869407	15.36174545524399	95655.02345464409	11.479999542236328	12.64922534592946	93.78392724227905	93.87979463195799	93.68806154505413	0.19172905669030205	0.0002871136660719962	-1	0	2.0533305894864933	80.46601228714697	1.000098509190811	-273.1499938969171	9.000994715425703	-273.1499938964844	109
DATA	2025-05-02T093000_AIU-0547.ghg	2025-05-02	10:00:00	122.416	1	18000	18000	0.24375558171259654	1	NaN	24.155133010541984	1	NaN	37.87733340147827	1	NaN	-1.3606099489431644	1	NaN	0.858850970498757	1	NaN	0.0000670140429725465	1	NaN	NaN	NaN	NaN	NaN	NaN	NaN	NaN	NaN	NaN	-1.6820765051635282e-10	-6.523934270141892e-12	-9.190386774376426e-13	NaN	15.405380022458289	399.8628939900626	406.16193088218034	0.1	1	597.4977140727859	15.508683638656928	15.752991804921814	0.8	0	0.08417060720961629	2.059252672196857	2.0916920626662376	-0.3	0	NaN	NaN	NaN	NaN	9	294.49264924791123	295.39647788662376	95252.51030533854	1.1167973358298953	1014.0905132293934	0.025783323812430217	0.05565354288831945	0.010839040225768109	1477.6373023866788	2675.904368126752	0.009705467481003245	55.220108759756926	1198.2670657400733	285.95477624326986	-0.6997091671699367	-0.9193064089559582	0.2034595899021669	1.1730784274260395	-5.6720961557593994e-14	-1.0918760216959022e-14	1.1730784274260395	5.905502908458634	99.27575190331504	232.72424809668496	9.987931540066569	NaN	0.467186301294054	1.0313862800536986	-356.0457004614748	-0.0081450218223146	0.6377199987789864	0.04565288672529999	0	86.3970920683305	-13.111092043483623	29.657325901158377	73.85093484374568	112.62733535071001	157.9614392401376	236.65502032464323	0.24093527958121758	1.0117056420142416	26.111913104788037	1.014377979945417	34.86802487987802	1.0863056778228033	-1.252511127135161	1.0863056778228033	0.7906162952402902	1.0863056778228033	-0.009493873537578674	1.1479731933782777	NaN	NaN	800000009	800000009	800000009	800000009	800011019	800111119	899999999	899999999	89999	89999	89	89	1	14	1	19	43	5	0	NaN	0	0	0	0	0	0	0	0	0	NaN	NaN	NaN	NaN	0	0	0	0	0	0	0	0	15567	0	0	0	18000	18000	18000	18000	93	NaN	0.8874287538696433	1.008381111893802	0.1669626943439519	0.13328159532315137	0.44495451911680417	0.0542690813907023	1.5308941400820232e-8	NaN	0.02305619319905667	-0.03280276412165184	0.02070592370929321	-0.000009493873537578674	NaN	399.86297212366827	15.50862065626812	95655.26850781249	11.460784713268279	12.799359358866992	93.66702859030829	93.76683165613811	93.56722417026097	0.19960498660885567	0.0002887307568388577	-1	0	2.0461503248214723	79.73092322254179	1.0000757218731775	-273.1499938964844	9.00079188574685	-273.1499938964844	115
DATA	2025-05-02T100000_AIU-0547.ghg	2025-05-02	10:30:00	122.437	1	18000	18000	0.08946566430092104	1	NaN	6.101977361764136	1	NaN	78.02926805108375	1	NaN	3.2879127577870753	1	NaN	1.7681888366595482	1	NaN	-0.0037213261500485604	1	NaN	NaN	NaN	NaN	NaN	NaN	NaN	NaN	NaN	NaN	-1.3782227346282966e-10	-5.364927001777331e-12	-7.539493501566754e-13	NaN	15.41260723933903	399.8876400097941	406.210795321725	0.1	0	599.9575443690483	15.566192195662467	15.812329962926617	0.1	1	0.08431384071932106	2.0567923053410073	2.089314983938268	-0.3	0	NaN	NaN	NaN	NaN	9	294.7434506725735	294.7606914723714	95272.29025086806	1.1194141462772897	1014.1075830962778	0.025722488484829588	0.11457863661553871	0.010904963115732927	1483.4245872008169	2574.1055751302297	0.00974166991903608	57.628739144693675	1090.6809879294128	286.01448064246125	-0.8956180984124508	-1.1543996941987764	0.1732095835569804	1.4713164146457614	4.7163044781655335e-14	-8.942177745959365e-15	1.4713164146457614	5.307903030376636	99.80538863856259	232.19461136143738	6.760779223225641	NaN	0.2827045511376652	0.7373528607567892	-312.3452333396835	-0.009284598228032426	0.07820113547354217	0.01901353948515749	0	65.16811855347551	-9.889513410700385	22.37010626210878	55.70472757782036	84.95322431329306	119.14810502114418	178.50557294907716	0.08856182080893636	1.010205791657498	10.53743218307953	1.0136547078199527	71.73422627888101	1.0877550661483337	3.022659107835139	1.0877550661483337	1.6255395094785299	1.0877550661483337	-0.010034676858961684	1.148114054830771	NaN	NaN	800000009	800000009	800000009	800000009	800001009	800111109	899999999	899999999	89999	89999	89	89	15	2	4	7	8	0	0	NaN	0	0	0	0	0	0	0	0	0	NaN	NaN	NaN	NaN	0	0	0	0	0	0	0	0	11108	0	0	0	18000	18000	18000	18000	93	NaN	0.6763490267261163	0.6746296326313794	0.12372706215608262	0.06103616194791976	3.1017149552920236	0.15572701171573858	2.3961830133675684e-8	NaN	0.009282393422934597	0.07898006270919974	0.042474261176890356	-0.000010034676858961683	NaN	399.88716713832076	15.566036610200904	95661.1897547743	11.449999809265137	12.854429083082408	93.66575591595968	93.76418695492215	93.56732722960578	0.19685772072234037	0.00028845169135214145	-1	0	2.0436434803207724	79.38158430041207	1.0000863450533815	-273.1499938964844	9.000853633271323	-273.1499938964844	074
DATA	2025-05-02T103000_AIU-0547.ghg	2025-05-02	11:00:00	122.458	1	18000	18000	0.18021527602045445	0	NaN	41.928265603426	1	NaN	64.6072168797789	0	NaN	0.22284252350549688	1	NaN	1.4650458336087329	0	NaN	0.06526659754408591	2	NaN	NaN	NaN	NaN	NaN	NaN	NaN	NaN	NaN	NaN	-9.722522911155457e-11	-3.7466865127213505e-12	-5.381349123469795e-13	NaN	15.30418823777216	397.71981615108416	403.9103860601305	0.1	1	589.7645722471761	15.326592538090402	15.56515330052039	0.5	0	0.0847076224055556	2.072922784786527	2.105188145711871	0	1	NaN	NaN	NaN	NaN	9	295.48790768856475	295.4720046437581	95266.40687478299	1.11675209802819	1013.9904959503945	0.025786154083013442	0.09493497001784588	0.010710600789066188	1460.5010596279524	2688.2279735231878	0.009590849041589015	54.32950903021152	1227.7269138952354	285.7767763231825	-0.9217129304893421	-1.3479690760202727	0.19147661112892175	1.6441528665994927	1.189095308636874e-13	-6.352851102000541e-15	1.6441528665994927	6.024437648146656	96.36350012043613	235.6364998795639	6.687792543547264	NaN	0.40171441134283464	1.2325805089678852	-130.41354368666208	-0.02223695421518244	0.6489718583830365	0.09217196032617032	0	70.77396092441371	-10.74022161796854	24.29441054325227	60.49651732177424	92.26100601658848	129.3973727669429	193.86084369339682	0.17849924472103382	1.0096136614028957	45.29840525554374	1.013439642481114	59.32972826501853	1.0889518420038344	0.2046394660533686	1.0889518420038344	1.34537247387619	1.0889518420038344	0.043264174078016276	1.1485808763608572	NaN	NaN	800000009	800000009	800000009	800000009	800000009	800110109	899999999	899999999	89999	89999	89	89	9	2	7	14	5	6	0	NaN	0	0	0	0	0	0	0	0	0	NaN	NaN	NaN	NaN	0	0	0	0	0	0	0	0	13609	0	0	0	18000	18000	18000	18000	93	NaN	1.1642115140317075	1.0976959597090605	0.2032535441950022	0.09266445169687686	0.3481652153258031	0.0585611842948112	3.419627726970322e-7	NaN	0.040002971368320255	0.005359022387648242	0.03523211502784079	0.000043264174078016275	NaN	397.7196210811083	15.326525154044862	95667.07504427084	11.430526958783467	12.620990808645889	93.62823812060887	93.72812010913427	93.5283557557	0.19975957258459623	0.000288579212087724	-1	0	2.059901050170261	78.33177012016156	1.000082432448864	-273.1499938964844	9.000808264043597	-273.1499938964844	136
DATA	2025-05-02T110000_AIU-0547.ghg	2025-05-02	11:30:00	122.479	1	18000	18000	0.1683315677198132	0	NaN	25.950611235193946	0	NaN	46.593663356126186	0	NaN	0.6233310634968288	1	NaN	1.0570290338860922	0	NaN	0.010148396998560355	1	NaN	NaN	NaN	NaN	NaN	NaN	NaN	NaN	NaN	NaN	1.2431577416131518e-11	4.77014350469723e-13	6.983007338901186e-14	NaN	15.231259780025995	396.99749005230814	403.13860685114423	0.1	1	584.4414789531686	15.23326393074433	15.468905856374318	0.6	0	0.08555631780615118	2.097948117534291	2.1304010794559867	-0.3	0	NaN	NaN	NaN	NaN	9	296.08051019371885	295.92336907789445	95255.69678342014	1.1149629630167914	1013.9493368763134	0.025828448833958316	0.06849548139581876	0.01062794837196755	1451.444400197466	2762.915486918193	0.009532108890156463	52.533072657116776	1311.471086720727	285.6819583677466	-0.7582459394399884	-1.231892544443883	0.17092434845250526	1.4566095148074192	6.891425392481138e-14	8.161883912211956e-16	1.4566095148074192	5.291415895582179	93.61283948307408	238.38716051692592	6.7388404037915635	NaN	0.38855505508695665	1.3128556694659825	-190.65595741859426	-0.015210644551918782	0.5569558039866366	0.05907698615026563	0	68.54176425751726	-10.401477161897146	23.528169661287517	58.58846918428579	89.35111221631509	125.31620533724362	187.74651119763195	0.16662139717411492	1.0102638110993103	28.419878779713073	1.0136787460806145	42.838338784377854	1.0876627030438868	0.5730922479481928	1.0876627030438868	0.9718353225939764	1.0876627030438868	-0.0015080277190411384	1.148085748224145	NaN	NaN	800000009	800000009	800000009	800000009	800000019	800100119	899999999	899999999	89999	89999	89	89	2	18	2	8	59	3	2	NaN	0	0	0	0	0	0	0	0	0	NaN	NaN	NaN	NaN	0	0	0	0	0	0	0	0	14908	0	0	0	18000	18000	18000	18000	93	NaN	1.09950185886321	1.3201920395011721	0.20601744056758287	0.10432810909450459	0.32967137901696275	0.10209068990118687	3.137704529023583e-8	NaN	0.025138856823673283	0.015031118213773618	0.025489389658523896	-0.0000015080277190411383	NaN	396.99714379104233	15.233140861615727	95649.77839800346	11.442286960124969	12.523912283791441	93.57635865868463	93.6775137125651	93.47519250000848	0.20232132188851637	0.0002901453058422906	-1	0	2.0848517567449147	79.47386495185421	1.0000642589794264	-273.1499938964844	9.000783957004547	-273.1499938964844	114
DATA	2025-05-02T113000_AIU-0547.ghg	2025-05-02	12:00:00	122.499	1	18000	18000	0.3628240994678888	0	NaN	42.040202431918146	0	NaN	74.39470416771917	0	NaN	-0.6673324047984078	2	NaN	1.6885180293214452	0	NaN	-0.006540671540349424	1	NaN	NaN	NaN	NaN	NaN	NaN	NaN	NaN	NaN	NaN	-1.0378706805306923e-10	-3.848426564667142e-12	-5.833247436570774e-13	NaN	15.10124054078407	394.3683685826416	400.2208732597776	0.1	1	559.9543020799612	14.623187015378827	14.840198006168277	0.6	0	0.08487499871229123	2.085381382770372	2.116328855409061	0	0	NaN	NaN	NaN	NaN	9	296.7713919041952	296.40718014356827	95225.11381054687	1.113043868912794	1013.6207966575191	0.025878985039770926	0.10941596830002964	0.010182386756169247	1392.8681697608683	2844.9785629025223	0.009148234890431824	48.95882829921318	1452.110393141654	285.05581546565617	-0.6909282599001312	-1.3554524488029267	0.20290330128967224	1.5348625185887492	5.1167145999599354e-14	-6.8727511341052054e-15	1.5348625185887492	6.643826479435391	89.00975595275247	242.99024404724753	7.596532433215629	NaN	0.5709419081275151	1.997252854010124	-373.2602035785186	-0.00776937903424242	0.5650967081896124	0.06526571230574059	0	81.60080186548677	-12.383236500996057	28.01091468225104	69.75113811700207	106.3748866607961	149.19229105103688	223.51723838935357	0.3592425816097895	1.0099696362331276	45.981980068882116	1.013561760996153	68.36695822774261	1.0881675314542596	-0.613262558851177	1.0881675314542596	1.5517077844299023	1.0881675314542596	-0.02334496925134186	1.1482586237669623	NaN	NaN	800000009	800000009	800000009	800000009	800000009	800100019	899999999	899999999	89999	89999	89	89	10	0	4	4	25	5	1	NaN	0	0	0	0	0	0	0	0	0	NaN	NaN	NaN	NaN	0	0	0	0	0	0	0	0	17701	0	0	0	18000	18000	18000	18000	93	NaN	2.1000330489672985	1.6068422254477055	0.2876304336052443	0.1757755581797891	1.4514371978676293	0.17472158148668718	6.661522848924839e-7	NaN	0.040756780893661984	-0.01610619973358444	0.040752716994501434	-0.00002334496925134186	NaN	394.36847467325526	14.622996078248246	95624.88052322049	11.470000267028809	11.89626479827036	93.51981301752726	93.61950897068448	93.42011666234336	0.1993926457170817	0.00029045395249462064	-1	0	2.0728732203046505	79.07463090520434	1.000063645147615	-273.1499938964844	9.000785301632352	-273.1499938964844	220
DATA	2025-05-02T120000_AIU-0547.ghg	2025-05-02	12:30:00	122.52	1	18000	18000	0.2660733940580512	0	NaN	8.80268479179601	2	NaN	143.55759459417783	1	NaN	-2.7640484950516173	1	NaN	3.2596888676129496	1	NaN	0.004510198432081207	1	NaN	NaN	NaN	NaN	NaN	NaN	NaN	NaN	NaN	NaN	2.1592504969865228e-10	7.498150486461097e-12	1.1968986802565067e-12	NaN	15.048315272540888	394.07795193051135	399.5455880132516	0.1	1	522.5634202177827	13.684636363845655	13.874503904507598	0.2	0	0.08341463260017694	2.0528637054076313	2.0813461709037315	-0.3	0	NaN	NaN	NaN	NaN	9	297.3914107869466	296.8496236368815	95219.71454709201	1.1117184964216593	1013.1095724643748	0.02591908390668879	0.21122783862131914	0.00951411525150472	1303.3966968551324	2921.8800150115303	0.008558025509270782	44.6081526331939	1618.483318156398	284.05316386955053	-0.8392954321185351	-1.0377616825438412	0.15783224768368925	1.343978106421412	8.813825297862119e-15	1.434878561407184e-14	1.343978106421412	7.558881978998374	100.9643893923751	231.03561060762488	6.744185673848818	NaN	0.4892189927051793	2.0084128114227053	-1121.2792333845027	-0.0025863316769423736	0.06131814075514619	0.01597572556552598	0	68.92350212355417	-10.45940735582236	23.65920791767832	58.91477297064224	89.84874607904048	126.014143905407	188.79215035379943	0.2632417575096302	1.0107567909256092	17.05969947733591	1.0138985593766345	132.0647596357311	1.0870242371253844	-2.5427662058033706	1.0870242371253844	2.9987269430469525	1.0870242371253844	-0.007266958436068327	1.1479342811785458	NaN	NaN	800000009	800000009	800000009	800000009	800000009	800100019	899999999	899999999	89999	89999	89	89	22	4	6	16	22	11	2	NaN	0	0	0	0	0	0	0	0	0	NaN	NaN	NaN	NaN	0	0	0	0	0	0	0	0	14208	0	0	0	18000	18000	18000	18000	93	NaN	2.0437410050268796	1.6509960320429526	0.3220885857755781	0.12855264517180193	0.7401898071258884	0.15549979632618516	4.6053074928280274e-8	NaN	0.015146773325821702	-0.06682083475158422	0.07880293401302137	-0.000007266958436068327	NaN	394.07777104106714	13.684453115236472	95613.59051215278	11.470000267028809	10.892597268846359	93.39246657138399	93.48608263757492	93.29885053465101	0.18723468687633635	0.0002911888530102765	-1	0	2.0413597632751417	78.67603481197351	1.0000725625521607	-273.1499938964844	9.000756301111645	-273.1499938964844	099
DATA	2025-05-02T123000_AIU-0547.ghg	2025-05-02	13:00:00	122.541	1	18000	18000	0.15248061974711669	0	NaN	26.93507546095446	1	NaN	42.031421685174394	0	NaN	-0.3016320840355928	2	NaN	0.9547111308067321	0	NaN	-0.012925452095998846	1	NaN	NaN	NaN	NaN	NaN	NaN	NaN	NaN	NaN	NaN	3.2981052457237104e-11	1.1220889410979575e-12	1.8115911966250735e-13	NaN	15.03776385507948	394.42978635336476	399.794784802769	0.1	1	511.61825543637667	13.419380775692112	13.601909985058299	0.1	0	0.08259979165950139	2.035864063337449	2.0635557030687806	-0.3	0	NaN	NaN	NaN	NaN	9	297.82583019595677	297.200814666748	95211.43062595947	1.1104201617784364	1012.9713735399118	0.02595200551965703	0.06186528127627624	0.009317863528430271	1278.0211654848101	2984.2064753862796	0.008391295339510845	42.82616420900908	1706.1853099014695	283.7577680672251	-0.8969934600145264	-1.3636110994483557	0.17996728788848096	1.6420781718778428	3.642549362993913e-14	2.1932152130515544e-15	1.6420781718778428	5.689688534657417	95.33721443386275	236.66278556613722	6.292100587697456	NaN	0.3705643662623893	1.0896287086094807	-159.2389593246459	-0.018211623664832366	0.6408318915002388	0.06462045783149095	0	73.56479609589942	-11.163741622352498	25.25241394632637	62.882081250777986	95.89914152835874	134.49990955164418	201.5053736008192	0.15102775071867666	1.0096198812570965	29.133335042857187	1.0134415527786167	38.59863950010704	1.088935315584318	-0.27699724650195434	1.088935315584318	0.8767381470169677	1.088935315584318	-0.022343032683885527	1.1485739923991454	NaN	NaN	800000009	800000009	800000009	800000009	800000009	800110019	899999999	899999999	89999	89999	89	89	14	5	2	44	15	10	2	NaN	0	0	0	0	0	0	0	0	0	NaN	NaN	NaN	NaN	0	0	0	0	0	0	0	0	13804	0	0	0	18000	18000	18000	18000	93	NaN	0.8495205859053586	1.172722505494311	0.1570143258192917	0.18914642195293974	0.6912033013981099	0.10261577215971404	2.8634248598513693e-7	NaN	0.025900353546868086	-0.007286439808759985	0.023062683174498	-0.00002234303268388553	NaN	394.42980730171314	13.419283538058332	95601.34306119793	11.470000267028809	10.598367748313484	93.32332852490742	93.41354538620843	93.23311242887709	0.18043356876323613	0.0002917111625914306	-1	0	2.024713870161111	78.12186911884933	1.0000719531608953	-391.5294988674597	9.000617872635523	-348.14655954572345	212
DATA	2025-05-02T130000_AIU-0547.ghg	2025-05-02	13:30:00	122.562	1	18000	18000	0.23592212137655721	0	NaN	13.2278316412493	1	NaN	59.016774165818525	0	NaN	1.8532532718884358	1	NaN	1.3413993322597653	0	NaN	0.0015093640002728772	0	NaN	NaN	NaN	NaN	NaN	NaN	NaN	NaN	NaN	NaN	7.660736083973756e-11	2.548078763321494e-12	4.1876395723340323e-13	NaN	14.958202917738411	393.2022986383717	398.4129478801342	0.2	0	497.5328581267626	13.078513812081654	13.251828027980935	0.1	0	0.08176702836737268	2.02134479460631	2.0481313082096873	-0.2	0	NaN	NaN	NaN	NaN	9	298.4819048487346	297.87639759826664	95179.91307877604	1.1076784666214659	1012.8001960975723	0.026019611591599868	0.08692267673043279	0.009057584203440392	1245.1457154235388	3107.3730632778706	0.008177087915292749	40.0706863986931	1862.2273478543318	283.3672873756877	-0.3969488327404898	-0.7073769259610609	0.18983790200425332	0.8330599739715685	-4.4341406163769155e-14	5.1214281061056844e-15	0.8330599739715685	5.69779839046237	91.2992247999374	240.7007752000626	13.172304328347975	NaN	0.46150613195975687	1.235870167134215	-626.1819295177421	-0.004631241917558133	0.22413681242697653	0.025548987457848775	0	79.73780461740175	-12.100519481109773	27.37140801348815	68.15867608976636	103.9462815909452	145.78613790904015	218.41420030027504	0.23248027817782876	1.0148048824859703	16.516862011334204	1.016183879435254	54.33107705087207	1.0862434056030046	1.7061123338738635	1.0862434056030046	1.2348975610260358	1.0862434056030046	-0.006034464126664221	1.1495217170532606	NaN	NaN	800000009	800000009	800000009	800000009	800000019	800100019	899999999	899999999	89999	89999	89	89	3	6	1	10	4	11	1	NaN	0	0	0	0	0	0	0	0	0	NaN	NaN	NaN	NaN	0	0	0	0	0	0	0	0	15201	0	0	0	18000	18000	18000	18000	93	NaN	0.6859428875707337	1.5866928329864165	0.19910461371127972	0.24116286141568496	0.5873377835800307	0.11924535458924856	4.6163062013866705e-8	NaN	0.014722787734454294	0.04498082033962053	0.03255747246385852	-0.0000060344641266642205	NaN	393.20169756262413	13.078313652055328	95581.32381857639	11.440787931760152	10.20880149783026	93.2604717165629	93.34878066126507	93.17216693200007	0.17661471689864977	0.0002919743043021299	-1	0	2.010543275350774	77.79915597165076	1.000066989723179	-345.30012192620325	9.000556621260113	-300.20124503241493	123
DATA	2025-05-02T133000_AIU-0547.ghg	2025-05-02	14:00:00	122.583	1	18000	18000	0.19859700562495988	0	NaN	33.738367703175	1	NaN	51.167384968878544	0	NaN	-0.16518803913252916	2	NaN	1.1631324839551316	0	NaN	-0.0010110429035432645	1	NaN	NaN	NaN	NaN	NaN	NaN	NaN	NaN	NaN	NaN	-2.3203320828604546e-10	-7.38571675131425e-12	-1.267731192708237e-12	NaN	14.95338289809476	393.9411305743	398.9436103748318	0.1	1	475.9726048485469	12.539315508353734	12.698546590550174	0.1	0	0.0816989519580103	2.0204138189351912	2.0460701379471313	-0.3	0	NaN	NaN	NaN	NaN	9	298.52562714725065	298.0029276885986	95164.69895876737	1.107258001737676	1012.5048270622274	0.02603482560141858	0.07537098496029253	0.008679085191174156	1193.6202756441262	3130.927512110926	0.00783835851947209	38.12353594987469	1937.3072364667996	282.7366218538533	0.06452080416852359	-0.5579164768271048	0.21718178662392332	0.602164145168827	9.87145639051192e-14	-1.5517104715857256e-14	0.602164145168827	4.199845556052599	55.40327679516679	276.5967232048332	21.14127162831003	NaN	0.4235083079670736	1.0625878613560173	-189.68423226419435	-0.01528856650541647	0.6593725226273658	0.07105852739829585	0	81.6748512468377	-12.394473780300402	28.03633343863426	69.81443441444044	106.47141750814599	149.32767693698526	223.72007111704272	0.19492150900187058	1.0188562906264698	36.23181511374016	1.0187395278951574	47.02216924038708	1.0881544980900446	-0.1518056851508414	1.0881544980900446	1.0689038054767865	1.0881544980900446	-0.013824507836411398	1.1527230962749329	NaN	NaN	800000009	800000009	800000009	800000009	800000009	800010109	899999999	899999999	89999	89999	89	89	3	6	1	29	22	23	0	NaN	0	0	0	0	0	0	0	0	0	NaN	NaN	NaN	NaN	0	0	0	0	0	0	0	0	10709	0	0	0	18000	18000	18000	18000	93	NaN	0.5700921991378386	1.397180645466884	0.1579028781073121	0.12939905580022323	0.44056482006771847	0.14879848202728455	2.31257149427733e-8	NaN	0.032317976566829984	-0.004002435805925961	0.02818220450623944	-0.000013824507836411398	NaN	393.9410895489542	12.539052646327963	95560.69574175347	11.446143054326376	9.575823903401712	93.18163151868184	93.26633235465155	93.09693210940891	0.16940202190023362	0.0002929420748938961	-1	0	2.0100672159559196	78.52694533595681	1.00003624442882	-273.1499938964844	9.000487653361427	-273.1499938964844	247
DATA	2025-05-02T140000_AIU-0547.ghg	2025-05-02	14:30:00	122.604	1	18000	18000	0.25118865970823295	0	NaN	40.86851505247089	0	NaN	135.27197578392037	0	NaN	-0.6770232418680037	0	NaN	3.078055598392947	0	NaN	-0.0027885013272266274	0	NaN	NaN	NaN	NaN	NaN	NaN	NaN	NaN	NaN	NaN	9.445361270883845e-11	2.8059286513632643e-12	5.192680772187293e-13	NaN	14.881107576469107	393.3881901120759	398.03982798385624	0.1	1	442.07230316904946	11.686362883186185	11.824548852000627	0.1	0	0.08181036062578367	2.0320541543271857	2.056082277944938	-0.2	0	NaN	NaN	NaN	NaN	9	299.5466751793755	299.0286051652696	95116.5752845052	1.1032594752069058	1012.0616977530333	0.02613765072919997	0.19945800277586295	0.008056893289493022	1111.8649810118425	3327.6831970341455	0.007302809058568954	33.41258512838034	2215.818216022303	281.6849022096252	-0.8409908206590602	-1.8321533333315552	0.22311522600417344	2.028258317213453	-1.899581967032857e-15	6.3472165780317404e-15	2.028258317213453	7.6560957215134176	86.65596087466588	245.34403912533412	6.315509149539338	NaN	0.477156870240505	1.9912962533468723	-223.85043219340173	-0.012955078851464826	0.30212107730098586	0.07670841722002045	0	68.82268628295535	-10.444108163061486	23.624601101996674	58.82859710641995	89.71732244873117	125.82982039522912	188.5160001474118	0.24901315653148587	1.0087364989346337	48.36382509464538	1.0132990466232639	123.8485511650781	1.0922370468719973	-0.6198500992132582	1.0922370468719973	2.81812048694744	1.0922370468719973	-0.022708880553160095	1.1503020932689076	NaN	NaN	800000009	800000009	800000009	800000009	800000009	800100109	899999999	899999999	89999	89999	89	89	19	0	6	12	24	29	2	NaN	0	0	0	0	0	0	0	0	0	NaN	NaN	NaN	NaN	0	0	0	0	0	0	0	0	17402	0	0	0	18000	18000	18000	18000	93	NaN	1.9797866942561935	1.6952808525722596	0.3075249598652915	0.14832777431026073	0.2297566498979518	0.19688992009558695	1.0945486638446994e-7	NaN	0.043314767432872096	-0.01639305193943019	0.07453027041979628	-0.000022708880553160095	NaN	393.3878866140892	11.686076107710784	95508.35324869791	11.460000038146973	8.52052854890293	93.11589673487346	93.19644809722901	93.03534336535135	0.16110283067656883	0.00029410713344501957	-1	0	2.0223710168268942	77.14687268190033	1.0000305904234468	-273.1499938964849	9.000450110488467	-273.1499938964844	035
DATA	2025-05-02T143000_AIU-0547.ghg	2025-05-02	15:00:00	122.624	1	18000	18000	0.179275000820819	0	NaN	24.738445222573198	1	NaN	101.61791637781836	0	NaN	-0.5557967771797973	0	NaN	2.3128955416633046	0	NaN	-0.002718164817044495	1	NaN	NaN	NaN	NaN	NaN	NaN	NaN	NaN	NaN	NaN	3.7522343092909604e-11	1.1188722084346924e-12	2.0725756375972433e-13	NaN	14.866323270731042	393.28383774336123	397.95071006582884	0.1	1	443.29630236684363	11.727262207160427	11.866422859494763	0.1	0	0.08211528623164374	2.042305524846254	2.066540385812362	-0.3	0	NaN	NaN	NaN	NaN	9	299.8294163996378	299.30604348924425	95088.95215321181	1.1018995999859662	1012.0921164292159	0.02616950117990679	0.14987563109978214	0.008075250160140804	1115.4321975475364	3382.7215931143264	0.007328480889042569	32.974401435165284	2267.28939556679	281.7321924463595	-0.795472034192872	-0.8938201785284343	0.17885189795870313	1.2098257189079504	2.4458633342940685e-14	2.5239827232052692e-15	1.2098257189079504	7.941112698264834	103.66808375764026	228.33191624235977	8.501353744225788	NaN	0.4033563086599163	1.3041573166733245	-223.34367195265904	-0.012984473545391952	0.24344570430469112	0.05499478139580846	0	69.34687961679096	-10.523656523821865	23.804539710630422	59.27666968404793	90.40066140129471	126.78821299236967	189.95184689992513	0.1772407751696535	1.0114771877363906	30.441561404874534	1.0142574482073448	93.533801643281	1.0864298744679335	-0.5115809038774751	1.0864298744679335	2.1288953811179194	1.0864298744679335	-0.01597865983019452	1.1479333408277383	NaN	NaN	800000009	800000009	800000009	800000009	800000009	800110109	899999999	899999999	89999	89999	89	89	8	23	5	20	12	13	0	NaN	0	0	0	0	0	0	0	0	0	NaN	NaN	NaN	NaN	0	0	0	0	0	0	0	0	18000	0	0	0	18000	18000	18000	18000	93	NaN	1.5074772330947466	0.8852132228854509	0.21562417736645137	0.1364752231525275	0.35993935813416517	0.16412198293541547	6.600174462710411e-8	NaN	0.02729636753019127	-0.013546725685930633	0.05637341332223837	-0.00001597865983019452	NaN	393.28399801982806	11.72708706622906	95478.76520312499	11.460000038146973	8.5691322572761	93.09427416653105	93.17209974119399	93.01644905047945	0.15565234363741337	0.00029428740765757134	-1	0	2.032548945897156	76.51374987259614	1.000027286340793	-273.1499938964844	9.000418271780013	-273.1499938964844	181
DATA	2025-05-02T150000_AIU-0547.ghg	2025-05-02	15:30:00	122.645	1	18000	18000	0.5600457412615254	0	NaN	129.3392679394312	1	NaN	-45.90771259331963	2	NaN	-2.256686233460261	2	NaN	-1.0431576324072627	2	NaN	-0.0010047595286538733	1	NaN	NaN	NaN	NaN	NaN	NaN	NaN	NaN	NaN	NaN	1.5121815682815246e-10	5.364410902470365e-12	8.387416833973428e-13	NaN	14.909257480550208	392.95504043755665	398.510250125251	0.1	1	528.9006628171752	13.939941785558574	14.137010894449	0.1	1	0.08269519996631142	2.0425717952497373	2.071447654971877	-0.2	0	NaN	NaN	NaN	NaN	9	297.94510155487075	297.5956649203831	95093.26126757813	1.107351387055214	1013.2709454880572	0.026018776989738625	-0.06759661457999061	0.009654479738952353	1325.9501029680512	3055.6640089696066	0.008718533115876222	43.39319045143225	1729.7139060015554	284.31148696802256	-2.024468324014052	-0.019755017859614747	0.15389986432071273	2.0304057288888107	-2.206384147641476e-14	1.0142567933072676e-14	2.0304057288888107	8.903932212636915	151.44091828459113	180.55908171540884	4.347051395557033	NaN	0.7111627858788938	1.666827311026721	-234.2127984740232	-0.012381902350744689	-2.8173755700965226	0.16208780165335987	0	85.51162366851159	-12.976718797652154	29.35337325321697	73.09404977347614	111.47303786197061	156.342520599607	234.2295851955275	0.5551972752787218	1.0087328706366032	125.55018903962706	1.0132992599360766	-42.03011401999452	1.0922576267930286	-2.0660750523538156	1.0922576267930286	-0.9550472405215167	1.0922576267930286	-0.0363915537110057	1.1503138735447742	NaN	NaN	800000009	800000009	800000009	800000009	800000009	800110009	899999999	899999999	89999	89999	89	89	10	28	2	2	9	5	0	NaN	0	0	0	0	0	0	0	0	0	NaN	NaN	NaN	NaN	0	0	0	0	0	0	0	0	12301	0	0	0	18000	18000	18000	18000	93	NaN	2.088643745834231	0.8480367321238675	0.39697414409534343	1.2774789560798965	1.039949037126693	1.1805774050416948	9.03956110544771e-8	NaN	0.11189387833126405	-0.054516912469326155	-0.025200549591006174	-0.0000363915537110057	NaN	392.9548001825839	13.93876341619967	95469.59307899306	11.460000038146973	11.111088125043457	93.09889658080206	93.17189391326903	93.02589734988743	0.14600038160466464	0.00029302178053896763	-1	0	2.0309396993517863	76.15213551959285	1.0000557481182946	-356.8069974093833	9.000489160617192	-318.8141208139976	245
DATA	2025-05-02T153000_AIU-0547.ghg	2025-05-02	16:00:00	122.666	1	18000	18000	0.4171323243894803	0	NaN	81.73547221891134	0	NaN	45.756328651972744	0	NaN	-0.08448068316544306	2	NaN	1.0395849146185805	0	NaN	0.008372296076195967	0	NaN	NaN	NaN	NaN	NaN	NaN	NaN	NaN	NaN	NaN	-2.1576387714904716e-11	-8.168530323764074e-13	-1.1898072604889983e-13	NaN	14.872555906977581	391.69431702027003	397.59019000413673	0	0	563.0549725156317	14.829020262812163	15.05223008778443	0.7	0	0.08201314897547303	2.0252529750141934	2.055737548780077	-0.2	0	NaN	NaN	NaN	NaN	9	297.9664908362495	297.46399896748864	95088.55207226562	1.1074122728156186	1013.7624810928392	0.02600855343276419	0.06736510246728401	0.010274271900786974	1410.4483018093324	3031.671789192748	0.009277729850929343	46.523779613521306	1621.2234873834154	285.24613192926006	-1.9785388649845703	-0.04563044373301738	0.15799169735363916	1.9853613157514738	-2.540265229408516e-14	-1.4507518310811645e-15	1.9853613157514738	6.797629715456647	150.67883896090547	181.32116103909453	4.564327374921398	NaN	0.6137369300280583	1.2189844418498974	-238.24215736833392	-0.012172488832513631	1.7863205949192207	0.118626788462394	0	85.64544825171507	-12.997027194451826	29.399310902073402	73.20844101440859	111.6474917220462	156.58719461886466	234.5961514618193	0.41348881057659337	1.0088116382346748	83.70217655177649	1.013296733180591	41.90772425376523	1.0918352038135721	-0.07737493979894415	1.0918352038135721	0.9521445278440451	1.0918352038135721	-0.019076639699132883	1.1500719064080043	NaN	NaN	800000009	800000009	800000009	800000009	800000019	800000019	899999999	899999999	89999	89999	89	89	11	21	3	1	3	3	0	NaN	0	0	0	0	0	0	0	0	0	NaN	NaN	NaN	NaN	0	0	0	0	0	0	0	0	17203	0	0	0	18000	18000	18000	18000	93	NaN	1.3380427845140885	0.8054223321747462	0.29450376701096037	0.24771538225492007	0.6588116781717737	0.06170043702827729	1.037905296615369e-7	NaN	0.07455747729840614	-0.002042709765971623	0.025136755268532197	-0.000019076639699132883	NaN	391.69409377808444	14.828948810593104	95476.75625694444	11.430788631492192	12.088113450288747	93.07887025366888	93.14717270957098	93.0105751982795	0.13658718803276626	0.000292830259445408	-1	0	2.0129626586172304	77.2392739003323	1.0000751687379348	-450.477001342767	9.00053003719118	-372.99737308924904	002
DATA	2025-05-02T160000_AIU-0547.ghg	2025-05-02	16:30:00	122.687	1	18000	18000	0.2494468506587788	1	NaN	66.99267679186659	1	NaN	38.440448430355	1	NaN	-0.17857055082168014	2	NaN	0.8735456803409037	1	NaN	-0.0020199515961749747	1	NaN	NaN	NaN	NaN	NaN	NaN	NaN	NaN	NaN	NaN	-4.487301133583205e-11	-1.7144268278569926e-12	-2.480119989671184e-13	NaN	14.806429045318549	390.31871533801484	396.22749400503136	-0.1	0	565.6972515188662	14.912591267433408	15.138343191920654	0.6	0	0.08183475892918174	2.0229181188198475	2.0535417475516966	-0.3	0	NaN	NaN	NaN	NaN	9	298.0443579966227	297.6736992373996	95056.34254231773	1.1062221339863831	1013.8144942008083	0.026035707552686117	0.056605760086090556	0.010321397976208211	1417.9166228398005	3069.961500825986	0.00933031229362046	46.18678841602099	1652.0448779861856	285.32635025260385	-1.7549946662000115	-0.07627778538039538	0.12113308166058226	1.760823046874866	8.314091551708266e-15	-3.0306437290509195e-15	1.760823046874866	5.8448632409340435	149.51130507684894	182.488694923151	3.9446895801500235	NaN	0.4748624629069981	0.8826203035241473	-134.6052616628216	-0.021544477267644503	1.7427652258854751	0.12579363026869667	0	87.04333707157569	-13.209162215955262	29.879160898314066	74.40333535266572	113.46978098119087	159.1429812153423	238.42518550863733	0.2471500974435781	1.009292948855604	68.6622838909766	1.0133545228413354	35.27068872006149	1.0898695156040596	-0.16384580747054614	1.0898695156040596	0.8015140049648433	1.0898695156040596	-0.023825447890504222	1.1490155409850467	NaN	NaN	800000009	800000009	800000009	800000009	800000009	801000009	899999999	899999999	89999	89999	89	89	5	18	4	2	13	2	0	NaN	0	0	0	0	0	0	0	0	0	NaN	NaN	NaN	NaN	0	0	0	0	0	0	0	0	18000	0	0	0	18000	18000	18000	18000	93	NaN	0.9914338641396953	0.6044962369725289	0.16931050593607067	0.17476618752291212	0.667387167312643	0.06441618177116705	4.951795387438688e-8	NaN	0.06122339452720716	-0.004330436884681878	0.02118397696146605	-0.000023825447890504222	NaN	390.3186684095592	14.912524100607122	95448.76242968751	11.439215223153429	12.169284054623699	93.06521994569566	93.13247622023688	92.99796353997125	0.13450536149864425	0.00029349534131082087	-1	0	2.010598159763548	77.66822744895794	1.000070313817925	-273.15000625513915	9.000596429083082	-273.1499938964844	079
DATA	2025-05-02T163000_AIU-0547.ghg	2025-05-02	17:00:00	122.708	1	18000	18000	0.37820772734229824	1	NaN	44.517258446067956	1	NaN	87.96418567096156	1	NaN	-1.7695194593809382	1	NaN	2.001071254643168	1	NaN	0.003483178632962401	1	NaN	NaN	NaN	NaN	NaN	NaN	NaN	NaN	NaN	NaN	-4.139605115978843e-11	-1.52762453716555e-12	-2.275173416733717e-13	NaN	14.780005560291373	390.91135301398594	396.6330505252413	0	0	545.4215685016019	14.425670033494113	14.636815910155006	0.4	0	0.08123256882679755	2.0177719152892273	2.0473056713619964	-0.2	0	NaN	NaN	NaN	NaN	9	298.8085258509318	298.76328965759274	94993.62194032119	1.1016644378538019	1013.5722659827874	0.02614826068821466	0.12966941730087728	0.009941409929979862	1370.7142263788764	3275.7815864629433	0.009023990961664457	41.84388336644014	1905.0673600840669	284.8129506756143	-1.6511894771217086	-0.30737352651646177	0.2064565864491662	1.692196648220562	-2.2896149117603685e-14	-2.8008143157269794e-15	1.692196648220562	8.336101779177184	141.4549308504089	190.5450691495911	7.007835570875361	NaN	0.5859229830476329	1.1863756821327773	-380.32160413909395	-0.007625125600120763	0.5060839034262082	0.06804305872088845	0	88.03023503842404	-13.358927789901221	30.217931034360586	75.24692089127969	114.75630215462635	160.9473454537039	241.12845193591625	0.3746579513177276	1.0094747115658043	49.2684342997476	1.0133993766144833	80.75147673826929	1.0893198393890682	-1.6244259907846275	1.0893198393890682	1.8369914714538245	1.0893198393890682	-0.015115449163543638	1.1487492640667563	NaN	NaN	800000009	800000009	800000009	800000009	800000009	800000009	899999999	899999999	89999	89999	89	89	12	23	1	5	12	3	0	NaN	0	0	0	0	0	0	0	0	0	NaN	NaN	NaN	NaN	0	0	0	0	0	0	0	0	18000	0	0	0	18000	18000	18000	18000	93	NaN	1.4016642505914925	0.7204828407274285	0.25060427294663384	0.17954546225628615	0.9030776595219692	0.21046957447581718	4.8075170085134785e-8	NaN	0.04412296736576364	-0.04309779562292955	0.04873738997462165	-0.000015115449163543637	NaN	390.9117734391552	14.425400766035331	95386.38536349828	11.460000038146973	11.651404144499105	93.05815657107036	93.12744128227234	92.98886911307441	0.13857179639115902	0.00029440155439725555	-1	0	2.0059131076633934	75.18162283392252	1.0000418735394876	-273.1499938964844	9.000553679731157	-273.1499938964844	206
DATA	2025-05-02T170000_AIU-0547.ghg	2025-05-02	17:30:00	122.729	1	18000	18000	0.2721198673169704	0	NaN	81.15444171947193	0	NaN	-14.62567998511944	2	NaN	-0.6092059663833921	0	NaN	-0.3328866300594997	2	NaN	-0.006464595429988035	1	NaN	NaN	NaN	NaN	NaN	NaN	NaN	NaN	NaN	NaN	-5.082240523345287e-11	-1.9501619801203415e-12	-2.7997556964924605e-13	NaN	14.774215324123343	391.0561136916373	397.0135565728081	0	0	566.9175411684698	15.005640947372305	15.234240490275296	0.1	1	0.08138968103716065	2.0271306886232554	2.0580124850389594	-0.2	0	NaN	NaN	NaN	NaN	9	298.87535576460095	299.2931398535835	94953.77571310764	1.0990104374452307	1013.9094746245788	0.026205626327707992	-0.02157105362785558	0.010318457995364442	1425.224463802591	3380.144280188998	0.0093888626020248	42.16460439738687	1954.919816386407	285.4044857424264	-1.6924488013743733	0.021947404919198273	0.14963680966098097	1.6991926932110297	-2.3409016431036526e-14	-3.4399393888939757e-15	1.6991926932110297	5.789225943747912	152.74296084494378	179.25703915505648	5.052209860385641	NaN	0.49759867673955316	0.7874087725788276	-127.76201489506875	-0.022698452293365732	-5.548763667880102	0.1463632617535248	0	84.66577108606484	-12.848357404945709	29.063019433413405	72.37102770805426	110.37038359225109	154.79603230804963	231.9126639277113	0.2695709799034425	1.009455347954891	79.61201605206304	1.0133941311149983	-13.425753145934856	1.0893750113041447	-0.5592252071709277	1.0893750113041447	-0.3055757903432948	1.0893750113041447	-0.028876581949058355	1.148775179445226	NaN	NaN	800000009	800000009	800000009	800000009	800000009	800000109	899999999	899999999	89999	89999	89	89	7	16	1	2	5	2	0	NaN	0	0	0	0	0	0	0	0	0	NaN	NaN	NaN	NaN	0	0	0	0	0	0	0	0	18000	0	0	0	18000	18000	18000	18000	93	NaN	1.021400471404878	0.35417740029492567	0.19923967345785146	0.14517844154049914	0.1836739441754847	0.33283719199469114	6.222629071975445e-8	NaN	0.07144595134669067	-0.014878163071319794	-0.008129831025276646	-0.000028876581949058356	NaN	391.0561713025643	15.00529885084085	95343.7435811632	11.453594891548157	12.239250150468596	93.06274091275533	93.13205918396844	92.99342495854695	0.13863823893293714	0.00029440543358860943	-1	0	2.0147685775193898	76.39456989648609	1.0000275447583862	-273.1499938964844	9.000417291349835	-273.1499938964844	065
DATA	2025-05-02T173000_AIU-0547.ghg	2025-05-02	18:00:00	122.749	1	18000	18000	0.3387741911726872	1	NaN	59.91868496478553	1	NaN	41.855694889298654	1	NaN	-0.5758161349400275	1	NaN	0.9521608012997765	1	NaN	0.005831641183081428	1	NaN	NaN	NaN	NaN	NaN	NaN	NaN	NaN	NaN	NaN	-9.85249378798669e-11	-4.079596018733643e-12	-5.43662832470114e-13	NaN	14.769275592603108	390.1466494188684	396.55284121534726	0.1	1	611.5474843600582	16.15469902282202	16.419958510526808	0.1	1	0.08149719629356009	2.025873091588926	2.059137843700409	-0.2	0	NaN	NaN	NaN	NaN	9	298.4663786010742	298.7610976070828	94935.5173046875	1.1002748845414623	1014.5362802852273	0.02616407258342966	0.06170001992422552	0.011126237341330988	1534.0660952736594	3275.3557294482207	0.010112234222239681	46.836625453568494	1741.2896341745613	286.52835904581775	-1.4351358329338786	0.1696518017489075	0.15790021162963339	1.4537293660238317	-1.2090068634500954e-14	-6.6709390898773065e-15	1.4537293660238317	6.141051171183128	158.7418215937993	173.2581784062007	6.235617211626506	NaN	0.5548870108849686	0.856487408127423	-239.96436465232625	-0.012085127740536316	1.431553940825985	0.0967361798130951	0	87.66383099080355	-13.30332456207895	30.09215638163049	74.93372422227716	114.27865747287511	160.2774419960763	240.1248144839974	0.3353285807269979	1.0102753258854917	61.8650963685183	1.0136835834712903	38.4829144686292	1.0876435807225282	-0.5294162031991301	1.0876435807225282	0.8754345800186218	1.0876435807225282	-0.014802770193112767	1.1480802838439739	NaN	NaN	800000009	800000009	800000009	800000009	800000009	800000009	899999999	899999999	89999	89999	89	89	7	33	4	2	9	4	1	NaN	0	0	0	0	0	0	0	0	0	NaN	NaN	NaN	NaN	0	0	0	0	0	0	0	0	17901	0	0	0	18000	18000	18000	18000	93	NaN	1.0206777203241322	0.465182492208468	0.22711460372224587	0.0812695544478048	0.2337132499484932	0.0709734656958579	1.5166393032217664e-8	NaN	0.05542132593630787	-0.014079190054902263	0.023281134499164066	-0.000014802770193112768	NaN	390.14649033558374	16.1546253045073	95322.93458702257	11.449999809265137	13.37049704729187	93.08068356831869	93.14888527764215	93.01248677274916	0.1363981990185051	0.000293777846200909	-1	0	2.0125635248422618	76.3377706288938	1.0000312753948901	-273.1499938964844	9.000458507802751	-273.1499938964844	062
DATA	2025-05-02T180000_AIU-0547.ghg	2025-05-02	18:30:00	122.77	1	18000	18000	0.2713997391776175	1	NaN	14.91907062782217	1	NaN	35.76452314645802	0	NaN	2.818292854469905	1	NaN	0.8127086173761945	0	NaN	0.02074926484808862	2	NaN	NaN	NaN	NaN	NaN	NaN	NaN	NaN	NaN	NaN	2.728402429446284e-10	1.152498942572833e-11	1.5059186455288042e-12	NaN	14.804355969135784	390.1593035903892	396.69712615446264	0.1	1	625.3478011806144	16.480640098027344	16.756802936415983	0.1	1	0.08171139069646598	2.021083366549366	2.054950262240702	0	1	NaN	NaN	NaN	NaN	9	298.07761295149055	297.63870509168845	94937.33505490451	1.1043081993011987	1014.6895651799008	0.02606527972057775	0.0526635184059774	0.011393744584311008	1565.0477458174223	3063.5426514249602	0.01031754051226	51.08620717552159	1498.494905607538	286.8354328109387	-0.8439708414195539	0.19739736858050327	0.20680757955007917	0.8910790521880672	-2.2277292024460755e-14	1.842972727171972e-14	0.8910790521880672	4.997383622684564	165.16433260302014	166.8356673969798	13.41995456071414	NaN	0.49574639482687305	0.6008343700731111	-687.3057301494238	-0.004219374104984582	0.41714719826481733	0.026857075148762247	0	80.8262486601503	-12.265695063840857	27.745035631364896	69.08906168675512	105.36517833015685	147.77616076060713	221.39561716156447	0.267624060128095	1.0141081450139997	16.856289178947847	1.0157596534000142	32.93001692003313	1.086076670817029	2.5949299254810176	1.086076670817029	0.7482976471309465	1.086076670817029	0.012491722103400025	1.1490643729936567	NaN	NaN	800000009	800000009	800000009	800000009	800001009	800001109	899999999	899999999	89999	89999	89	89	30	12	4	10	28	7	1	NaN	0	0	0	0	0	0	0	0	0	NaN	NaN	NaN	NaN	0	0	0	0	0	0	0	0	16601	0	0	0	18000	18000	18000	18000	93	NaN	0.5976034373001208	0.38197728373403894	0.22208801911206252	0.059118585126751305	1.7072422348377254	0.07691423616302559	7.423258063110201e-8	NaN	0.01504313947869426	0.06877127298318299	0.01983151115495982	0.000012491722103400025	NaN	390.15903629354074	16.480542300495767	95323.29124110243	11.430525847699908	13.677274557775904	93.09775264634027	93.16454707421197	93.03095948367648	0.13358675544212278	0.0002929253493202852	-1	0	2.0074968493315906	76.03027042060779	1.0000485773219003	-273.1499938964844	9.000596001678042	-273.1499938964844	094
DATA	2025-05-02T183000_AIU-0547.ghg	2025-05-02	19:00:00	122.791	1	18000	18000	0.25681785285795133	1	NaN	-17.155002562694293	1	NaN	126.26028157361945	1	NaN	5.084911318502888	1	NaN	2.8664340359094562	1	NaN	-0.00801458556698657	2	NaN	NaN	NaN	NaN	NaN	NaN	NaN	NaN	NaN	NaN	-1.1309578979412644e-10	-4.534034861587137e-12	-6.227404387985773e-13	NaN	14.930194670057631	391.4170553291311	397.6570883941184	0.1	1	598.5547582942775	15.691995055807372	15.94215934137106	0.1	1	0.08221027499878458	2.0237381669169032	2.0560009232391065	-0.2	0	NaN	NaN	NaN	NaN	9	297.8310765279134	296.6720519036187	94975.74885416667	1.1086872706179351	1014.2239461216144	0.02597011836478378	0.18574492552693275	0.010888273660470814	1490.7587544612106	2890.8008641425827	0.009820870094776278	51.56905731392787	1400.042109681372	286.08984976454167	-0.9750470717051425	0.13276274375600441	0.1925692971332087	1.0027091663931043	-2.1081358911460522e-14	-7.574970875693873e-15	1.0027091663931043	6.183858701528112	159.75373049569507	172.24626950430493	11.072385962715218	NaN	0.4812913703362186	0.6312207236049207	547.0196027945965	0.005301455350383371	-0.1358701433965329	-0.031698578801421025	0	86.46083395150123	-13.12076512017254	29.679206426966502	73.90542044676964	112.71042933315653	158.07797973200462	236.82961921791812	0.25466776040181843	1.008442735164987	-9.708896320066756	1.012525869768216	115.5519143229794	1.092671482886117	4.65365061516194	1.092671482886117	2.623326480835968	1.092671482886117	-0.009781743067169486	1.167175452627269	NaN	NaN	800000009	800000009	800000009	800000009	800001009	810001009	899999999	899999999	89999	89999	89	89	11	26	3	25	37	0	0	NaN	0	0	0	0	0	0	0	0	0	NaN	NaN	NaN	NaN	0	0	0	0	0	0	0	0	18000	0	0	0	18000	18000	18000	18000	93	NaN	0.7416646928517219	0.3439065584426182	0.1768701959155013	0.03882080408081853	3.1425787517770125	0.3871158914817287	6.910542364898865e-8	NaN	-0.00863429617833389	0.12278308569779472	0.06921450421317638	-0.000009781743067169487	NaN	391.41405816711097	15.691619141750017	95357.75969921875	11.442286960124969	12.922682234711221	93.16530891587999	93.23255768140157	93.09806040043301	0.134505408398807	0.0002917650210179596	-1	0	2.010748636212614	76.25570395327436	1.0000726455135478	-377.27712326897563	9.000565487901369	-325.7182461039232	046
DATA	2025-05-02T190000_AIU-0547.ghg	2025-05-02	19:30:00	122.812	0	18000	18000	0.11763701544854328	1	NaN	-37.78555218186238	2	NaN	50.0647374960509	1	NaN	4.4916962146395365	2	NaN	1.1358814431394775	1	NaN	-0.016523420594728163	2	NaN	NaN	NaN	NaN	NaN	NaN	NaN	NaN	NaN	NaN	-4.0277182976974785e-10	-1.5857225006461594e-11	-2.218909219699094e-12	NaN	15.003023268975353	392.36261474081317	398.5186971158634	0.1	1	590.6726790930855	15.447411676296923	15.68977813830915	0.1	1	0.08265311572043285	2.028412373356247	2.060237713467208	-0.4	0	NaN	NaN	NaN	NaN	9	297.2209879057143	296.0208096788196	94965.76178472223	1.1111128941924042	1014.0710068651965	0.025915834985337238	0.07360511751543813	0.010741014647368442	1467.36871801462	2779.2748360973	0.00966689766945364	52.79681947810248	1311.90611808268	285.8483324862386	-0.45102689110104105	0.27763917542219835	0.21686457512779345	0.5723102411898511	8.60444691896122e-14	-2.684604446376064e-14	0.5723102411898511	3.677867175146286	183.61525666025736	148.38474333974264	22.26731795185029	NaN	0.3253815360485421	0.33135356954027323	76.72991116565234	0.0377949088685791	-0.7547338520419267	-0.10306383882339501	0	79.40039771772081	-12.049316682359038	27.255587143299334	67.87026574669068	103.5064376201556	145.16925048601203	217.48999052897258	0.1163203456734375	1.0113193420074786	-34.537927027702764	1.0152880805188136	45.33233352868205	1.104393566335486	4.067115520731924	1.104393566335486	1.0285114634527184	1.104393566335486	-0.006808593567398552	1.1912113683604177	NaN	NaN	800000009	800000009	800000009	800000009	800001009	800001109	899999999	899999999	89999	89999	89	89	11	8	0	8	35	8	1	NaN	0	0	0	0	0	0	0	0	0	NaN	NaN	NaN	NaN	0	0	0	0	0	0	0	0	18000	0	0	0	18000	18000	18000	18000	93	NaN	0.1856119972328427	0.37706838837567297	0.10002675347203079	0.18551565121048405	7.424762942360618	0.13192771625816418	1.8743759466267596e-7	NaN	-0.03065276911734057	0.10705689015807708	0.02707305416035131	-0.0000068085935673985514	NaN	392.35961453645336	15.447272147593964	95351.60689192708	11.470000267028809	12.688459867238999	93.21756947771708	93.28470819939507	93.15042983457778	0.13428003547920167	0.0002907094970222614	-1	0	2.015589074419604	75.51730423510519	1.000063258646263	-273.1499938964844	9.000714161952336	-273.1499938964844	070
DATA	2025-05-02T193000_AIU-0547.ghg	2025-05-02	20:00:00	122.833	0	18000	18000	0.0064057326589246994	1	NaN	5.231935485850958	1	NaN	-5.130332984630522	0	NaN	-1.6042827503147727	0	NaN	-0.1162401511782697	0	NaN	-0.0014029795466114843	2	NaN	NaN	NaN	NaN	NaN	NaN	NaN	NaN	NaN	NaN	-2.5281542001219888e-11	-1.00852952115144e-12	-1.37702590056827e-13	NaN	15.369566498501491	400.2430041008693	406.73715919618763	0.1	1	613.1216814342648	15.966466177204946	16.225530562132437	0.1	1	0.08371439980963861	2.0417437716241196	2.074872147590651	0	0	NaN	NaN	NaN	NaN	9	295.9360497656929	294.6167384796141	94973.15538259549	1.1162746826087635	1014.3280108291974	0.025790904322932393	-0.007532361796351876	0.011155705199025744	1516.7924275632038	2551.532355378193	0.009993691850965002	59.44633327365279	1034.7399278149894	286.3547757776676	-0.19529240992480593	0.06957818874128535	0.23636103593724292	0.3143990919708349	-5.5756325067223564e-14	-1.6449092434509977e-15	0.3143990919708349	1.3016653272385272	171.60981267225	160.39018732775	48.745379783158626	NaN	0.07575283092725421	0.07917642954193367	-6.9934974488192045	-0.4146709169801215	-1.0198042703124373	0.060997778575997176	1	5.086919049336914	2	4	7	11	18	45	0.006210801967835735	1.0313857521296708	4.8270345310106135	1.026940022942213	-4.675695137787635	1.0972342792772425	-1.462115047455068	1.0972342792772425	-0.10593922681201508	1.0972342792772425	-0.0025029702677074345	1.164457516335263	NaN	NaN	800000009	800000009	800000009	800000009	800001009	800101009	899999999	899999999	89999	89999	89	89	27	3	4	3	18	0	0	NaN	0	0	0	0	0	0	0	0	0	NaN	NaN	NaN	NaN	0	0	0	0	0	0	0	0	18000	0	0	0	18000	18000	18000	18000	93	NaN	0.012046767022207368	0.12849008627229247	0.01781600578936751	0.16753276046382595	22.426453204124737	0.365948550596901	2.186447320502327e-7	NaN	0.004263152927666226	-0.03832128898627786	-0.0027766130529279193	-0.0000025029702677074345	NaN	400.240658795517	15.966110843427685	95355.34652148437	11.470000267028809	13.18845208136244	93.29628739208644	93.36202482350669	93.23055135048762	0.13147361765677754	0.0002894069997451474	-1	0	2.0283377642565315	76.02854206784119	1.0000612649189102	-273.1499938964844	9.00076038090388	-273.1499938964844	232
DATA	2025-05-02T200000_AIU-0547.ghg	2025-05-02	20:30:00	122.854	0	18000	18000	0.03916595502404597	1	NaN	3.9647260106513746	2	NaN	31.060562986296585	1	NaN	2.0612312011154983	2	NaN	0.7030212932881155	1	NaN	0.013400863912154143	1	NaN	NaN	NaN	NaN	NaN	NaN	NaN	NaN	NaN	NaN	-2.7744809074819994e-10	-1.0980077868931969e-11	-1.4737528215183098e-12	NaN	15.696561850189786	406.96799031379743	413.62985502500453	0.3	0	621.1953772138506	16.10586042152189	16.369505390510806	0.1	1	0.08337722653802022	2.0236013889534563	2.056726742798175	0	1	NaN	NaN	NaN	NaN	9	294.9084737353854	293.5418998021752	95011.18356075839	1.1207512236567383	1014.381788834768	0.025686527243338805	0.045555779805069876	0.011298826307624195	1530.6473307522213	2388.3873189331266	0.010081475771901348	64.08706488342725	857.7399881809054	286.4941407571811	-0.1370491015659066	-0.3550299154635286	0.2336092806588063	0.4465445029602035	2.6239852915756457e-14	-1.7675723728304572e-14	0.4465445029602035	1.2563966596709777	83.10764931003172	248.89235068996828	31.54371378114705	NaN	0.18693892872032414	0.057859594304276646	-138.73000389288623	-0.020903913491122632	0.12764501443198398	0.018655322662147648	1	2.123524046428511	1	2	3	6	11	33	0.03825619960574863	1.0237806009920711	5.679666529824145	1.0219353427387974	28.458125243011953	1.0914479685875889	1.8885290553821616	1.0914479685875889	0.6441180097644735	1.0914479685875889	0.00922494705100813	1.1571689335718238	NaN	NaN	800000009	800000009	800000009	800000019	800000019	800101019	899999999	899999999	89999	89999	89	89	17	2	1	15	15	0	0	NaN	0	0	0	0	0	0	0	0	0	NaN	NaN	NaN	NaN	0	3	0	0	0	0	0	0	18000	0	0	0	18000	18000	18000	18000	93	NaN	0.06327162811163176	0.025960809259036408	0.026486751237885124	0.07806011464333412	7.774706836283826	0.11606267764680632	6.432321018906285e-7	NaN	0.004995882003084429	0.04930405018609099	0.016816064644960518	0.00000922494705100813	NaN	406.9662469905332	16.10574307010682	95392.71616941692	11.470000267028809	13.334094871520993	93.40615035883584	93.4709421304067	93.34136044247944	0.12957515733751176	0.0002881009844649169	-1	0	2.010187960432637	73.27943864440375	1.0000712641808722	-273.3518689049614	9.000805114560658	-273.1499938964844	121
DATA	2025-05-02T203000_AIU-0547.ghg	2025-05-02	21:00:00	122.874	0	18000	18000	0.08001621933853344	1	NaN	-9.973189790866488	1	NaN	-7.90242276551601	1	NaN	2.814551870662272	1	NaN	-0.17879826886073258	1	NaN	-0.032110932957984735	1	NaN	NaN	NaN	NaN	NaN	NaN	NaN	NaN	NaN	NaN	4.430263853518106e-10	1.7708571140950473e-11	2.3125381560830364e-12	NaN	16.01160973258031	414.33348594374183	421.31109868028454	0	0	640.0131897457304	16.56166371690523	16.840571600554068	0.1	1	0.08357844966163513	2.0254036153793558	2.059512569984173	0	0	NaN	NaN	NaN	NaN	9	294.4874539193048	293.16997769785286	95019.13462129472	1.1220723328531015	1014.6297900227153	0.025651835330793463	-0.01158612782217547	0.011634301462001808	1574.0970759169948	2334.1002249666276	0.010368584200288751	67.43913817751766	760.0031490496328	286.9241162912065	0.1960777873744278	0.007814870095394869	0.24411138759655124	0.3132059074324128	2.594420973032635e-14	2.7669072176443547e-14	0.3132059074324128	1.370954194135244	329.71762922536686	2.282370774633183	51.20529415334153	NaN	0.2670413942468848	0.13947918954917585	160.7839906476123	0.01803662160840306	1.2620420454327923	-0.032804017406688354	0	87.16758931787865	-13.228017973699968	29.92181267367293	74.50954430398842	113.63175633334015	159.37015394980554	238.76553166115542	0.07868857368441212	1.0168721529944864	-10.304034098283395	1.0173181600649839	-7.180633689089276	1.1005188549756366	2.5574771917238808	1.1005188549756366	-0.1624672472010403	1.1005188549756366	-0.025390233630359544	1.183439072713083	NaN	NaN	800000009	800000009	800000009	800000019	800000019	801000019	899999999	899999999	89999	89999	89	89	0	0	1	3	25	0	0	NaN	0	0	0	0	0	0	0	0	0	NaN	NaN	NaN	NaN	0	2	0	0	0	0	0	0	18000	0	0	0	18000	18000	18000	18000	93	NaN	0.049580125966117744	0.176025523597413	0.05335272953482094	0.04901528721748103	7.238158219629862	0.09902201317578038	4.343851118681567e-8	NaN	-0.009050630272995961	0.06670909371588979	-0.004237786696346407	-0.000025390233630359544	NaN	414.33120149570016	16.56156291550507	95405.53584331597	11.450525376849704	13.765442746003462	93.43557560242547	93.49597982936436	93.3751689780977	0.1208171188626444	0.00028820802105474283	-1	0	2.0115784364077784	75.85977898459396	1.0000722933477826	-273.1499938964844	9.000834142711428	-273.1499938964844	000
DATA	2025-05-02T210000_AIU-0547.ghg	2025-05-02	21:30:00	122.895	0	18000	18000	0.03480690891202888	1	NaN	-3.4044031620009916	1	NaN	-8.056286828361268	1	NaN	11.720636405260933	1	NaN	-0.1822096578773253	1	NaN	-0.021057906903296408	1	NaN	NaN	NaN	NaN	NaN	NaN	NaN	NaN	NaN	NaN	-9.312961726252376e-11	-3.678917585739254e-12	-4.835490784232266e-13	NaN	16.231976201649655	419.4733839803858	426.5414052187874	0.1	1	641.2149480998704	16.5705395816761	16.849749014664912	0.1	1	0.08427992473296604	2.0387085841248775	2.0730603120814246	0.2	0	NaN	NaN	NaN	NaN	9	294.04232234446215	292.7729618459533	95020.35762220107	1.123604590209088	1014.6262105360456	0.025616767455930264	-0.011807185830450678	0.011656471835944532	1574.9609503544973	2277.3447909540096	0.010374176055809292	69.1577734127262	702.3838405995123	286.9325588098102	0.32644371480184403	0.08570091873860043	0.26790648393055067	0.43091069902974244	1.9235963832600314e-15	-5.737417065277548e-15	0.43091069902974244	1.2728319043549978	317.2901454661611	14.709854533838886	38.441963203368175	NaN	0.17600539328820064	0.09201278010194576	134.85872887917213	0.02150398438500989	0.4225772039317377	-0.01696662368278636	1	2.025237073048546	1	2	3	6	12	40	0.03434407987339701	1.0134762392918373	-3.8250584974423982	1.0159145204955562	-7.31707757588696	1.1010252036838224	10.6452026402719	1.1010252036838224	-0.16549090544674744	1.1010252036838224	-0.017356320063174453	1.185094826082567	NaN	NaN	800000009	800000009	800000009	800000019	800000019	800000019	899999999	899999999	89999	89999	89	89	2	1	0	11	0	0	0	NaN	0	0	0	0	0	0	0	0	0	NaN	NaN	NaN	NaN	0	2	0	0	0	0	0	0	18000	0	0	0	18000	18000	18000	18000	93	NaN	0.05257995133309017	0.10155036433073754	0.029895244540063818	0.02864291280452036	14.391065768071247	0.08955182722244824	1.3291348225052015e-7	NaN	-0.0033552006668461968	0.27729178762608725	-0.004310793374057957	-0.000017356320063174455	NaN	419.47361064702955	16.570447241215508	95408.01663628472	11.456143283208212	13.774298586050655	93.45355491277907	93.51187239413791	93.39523369280498	0.11663980443030592	0.00028707252830564454	-1	0	2.024769717461534	73.64950455015021	1.0000900043745835	-273.1499938964844	9.000923673417834	-273.1499938964844	097
DATA	2025-05-02T213000_AIU-0547.ghg	2025-05-02	22:00:00	122.916	0	18000	18000	0.028351558546603692	1	NaN	6.965015969454582	1	NaN	17.519736393547582	0	NaN	6.10946513064529	1	NaN	0.39615833426636615	0	NaN	-0.01378396881444354	0	NaN	NaN	NaN	NaN	NaN	NaN	NaN	NaN	NaN	NaN	7.21791954705197e-12	2.8476732335299e-13	3.732622763517288e-14	NaN	16.31255470156847	421.25962530180163	428.37923797161517	0.1	1	643.5763808578564	16.619882661739204	16.90077150097833	0.1	1	0.08435756676598631	2.0384976461238185	2.072949829046239	0.2	0	NaN	NaN	NaN	NaN	9	293.82850176069473	292.54589316474073	95028.05103927951	1.1245466409888363	1014.6491594918153	0.025594827308057726	0.025671060060460524	0.011701203805414168	1579.7787031220096	2245.4302384412945	0.010405263222452976	70.35527873796877	665.6515353192849	286.97956747313157	0.3281097270731939	0.2007979881341247	0.27141226717507605	0.4707870472006177	6.5163615290779e-15	4.4247634285989305e-16	0.4707870472006177	1.391682375100942	300.5340238887553	31.46597611124469	35.2052723689462	NaN	0.15878143867967787	0.08220707858520442	-48.40006830751588	-0.059917270809918856	0.3975525551868324	0.03844403918430235	1	3.2835976635600477	2	3	5	8	15	45	0.027719140110463603	1.022815225639029	7.856532956050881	1.0213048499189654	16.061961084494815	1.0907594845600772	5.601111168067768	1.0907594845600772	0.3631949479918058	1.0907594845600772	-0.01575302170514295	1.1562721609584603	NaN	NaN	800000009	800000009	800000009	800000009	800000009	800001019	899999999	899999999	89999	89999	89	89	1	2	0	16	2	0	0	NaN	0	0	0	0	0	0	0	0	0	NaN	NaN	NaN	NaN	0	0	0	0	0	0	0	0	18000	0	0	0	18000	18000	18000	18000	93	NaN	0.04842420900240889	0.08423702241443479	0.03175292575356516	0.038902271400240475	8.013303407152986	0.07815330708101245	1.2964285551821086e-7	NaN	0.006885532998754036	0.14578301967742713	0.009453062912175167	-0.00001575302170514295	NaN	421.2595804009848	16.61980080139611	95414.53679427083	11.470000267028809	13.821442555533519	93.46022597503662	93.51703885438707	93.40341547075907	0.11361826256165945	0.00028677248537618046	-1	0	2.0245088723103204	75.15662184319812	1.0000874970489078	-273.1499938964844	9.000958215845955	-273.1499938964844	201
DATA	2025-05-02T220000_AIU-0547.ghg	2025-05-02	22:30:00	122.937	0	18000	18000	0.029902202456135837	1	NaN	17.581562686201387	1	NaN	11.132084418834326	1	NaN	-8.030109755283778	2	NaN	0.2515697581315634	1	NaN	0.03974836125674735	1	NaN	NaN	NaN	NaN	NaN	NaN	NaN	NaN	NaN	NaN	1.572614882149694e-10	6.086502434141223e-12	7.922788678597119e-13	NaN	16.59658747566082	427.6747883352005	434.87294774331247	0.1	1	642.3388918395844	16.552327399221777	16.830918268837113	0.1	1	0.08361313176419241	2.0147421823736686	2.0486521433779785	0	1	NaN	NaN	NaN	NaN	9	293.19616811286085	291.9274723511929	95031.63870823492	1.127000402952013	1014.5981394227342	0.025539757475712136	0.01630172032692531	0.011678769664441566	1573.4167363860875	2160.4878777159042	0.010362702297045088	72.82691805933779	587.0711413298168	286.91746456460044	0.2253812431392681	-0.21255134022773192	0.26116527314448595	0.4051938756795837	1.3735018724222077e-14	9.475531548012269e-15	0.4051938756795837	1.1322356827319657	15.321912741886763	316.6780872581133	40.13149323389336	NaN	0.16288817336713704	0.07194099484971846	-20.700513144120325	-0.1400931455085065	1.5793594465071803	0.09439517314822958	1	2.2647217155213832	1	2	3	5	10	26	0.029153788775190606	1.025671232192713	17.907326361004706	1.0231741599398039	10.186422057165846	1.0928355762564572	-7.347957853633548	1.0928355762564572	0.23019909270644676	1.0928355762564572	0.030544641511907156	1.1589475932439324	NaN	NaN	800000009	800000009	800000009	800000019	800000019	800000019	899999999	899999999	89999	89999	89	89	12	7	6	10	4	2	3	NaN	0	0	0	0	0	0	0	0	0	NaN	NaN	NaN	NaN	0	5	0	0	0	0	0	0	18000	0	0	0	18000	18000	18000	18000	93	NaN	0.031419350118176675	0.0877260532372062	0.02473658634405405	0.05148226616959077	20.667596195710058	0.03855682247164447	3.815645776001969e-7	NaN	0.015660752128875355	-0.19082449835432458	0.005978208811527988	0.00003054464151190716	NaN	427.6748004597332	16.55228120145867	95416.44282009549	11.470000267028809	13.75994326032533	93.48946521801419	93.54037461450365	93.43856136512757	0.10181464551678977	0.00028666553360785145	-1	0	2.0009673073324903	74.11765921854642	1.0000995013780063	-273.1499938964844	9.001042073170344	-273.1499938964844	063
DATA	2025-05-02T223000_AIU-0547.ghg	2025-05-02	23:00:00	122.958	0	18000	18000	0.022699055962275533	1	NaN	9.148282589571979	1	NaN	8.414906311823145	0	NaN	8.610251243614945	1	NaN	0.1900836837315727	0	NaN	-0.02335965429632599	1	NaN	NaN	NaN	NaN	NaN	NaN	NaN	NaN	NaN	NaN	6.389389744050632e-11	2.5045810030977336e-12	3.308856263829863e-13	NaN	16.491842004443086	424.2580028392738	431.4329558564885	0.1	1	646.4647774676442	16.630516792512775	16.91176823818906	0.1	1	0.0854058633209925	2.053842375015979	2.088576481260021	-0.3	0	NaN	NaN	NaN	NaN	9	292.73252980211043	291.48269975450296	95023.24101953124	1.1285867689808913	1014.6330434097465	0.025503099449752827	0.01231742270580591	0.011750803792544166	1580.7095003392683	2101.149403813635	0.010411963098907396	75.23070455962073	520.4399034743669	286.98863508832704	0.4952584355841168	0.0022466145992925896	0.28824314442947685	0.5730358414662894	-1.9609187694395685e-15	3.874272954063748e-15	0.5730358414662894	1.589639591873803	331.74009397403404	0.25990602596581397	30.1993852393067	NaN	0.1418196536898026	0.09594309317557698	-26.255133551680256	-0.11045458954880875	1.0871520431211958	0.056332521951259644	1	5.715745850077184	3	5	8	13	24	65	0.022262994139774908	1.0195868453166217	9.502950645882192	1.0192097071662378	7.730025139908186	1.08860012218836	7.90947113464049	1.08860012218836	0.17461295461684928	1.08860012218836	-0.024737563711379508	1.1533581685924836	NaN	NaN	800000009	800000009	800000009	800000009	800001009	800001019	899999999	899999999	89999	89999	89	89	0	1	0	18	5	0	0	NaN	0	0	0	0	0	0	0	0	0	NaN	NaN	NaN	NaN	0	0	0	0	0	0	0	0	18000	0	0	0	18000	18000	18000	18000	93	NaN	0.05113413285764634	0.11346883985401772	0.02728321363948989	0.04291432202695139	9.784183975977973	0.04958010758153772	6.416963822091475e-7	NaN	0.008298785078913587	0.20512833421782595	0.00452850309504735	-0.000024737563711379507	NaN	424.25726313357603	16.630461978875264	95409.11024392361	11.470000267028809	13.831081333054433	93.49740414068432	93.54191735034519	93.45288615777757	0.08902502448794751	0.0002861458357559362	-1	0	2.039706417447992	74.3101155618562	1.000099016941256	-283.8089943440736	9.000990841388703	-273.1499938964844	250
DATA	2025-05-02T230000_AIU-0547.ghg	2025-05-02	23:30:00	122.979	0	18000	18000	0.05838374562454683	1	NaN	12.157362964061274	1	NaN	6.952107275161638	1	NaN	11.401665355340517	1	NaN	0.15697988820434208	1	NaN	-0.016682703801887737	1	NaN	NaN	NaN	NaN	NaN	NaN	NaN	NaN	NaN	NaN	1.5884730368687354e-10	6.230826667518216e-12	8.191803166542973e-13	NaN	16.54071334207696	424.9268876170103	432.1295658893418	0.1	1	648.8137689434642	16.66786732703209	16.950394249524045	0.1	1	0.08530095556397073	2.0475987805281517	2.082306387122949	-0.1	0	NaN	NaN	NaN	NaN	9	292.2968497984145	291.0816289113362	95019.16561588542	1.1300772760723865	1014.6460083132479	0.02546910033447255	0.010172296755641366	0.011792916531599067	1584.1916747017594	2048.8704986937496	0.010435495679185463	77.32024428638879	464.67882399199016	287.02251606332453	0.4686330968605307	0.1395839416533306	0.24770501793422398	0.5481408871361091	-1.1854820756567405e-14	9.603413129879418e-15	0.5481408871361091	1.7659789947199522	315.41366041469666	16.586339585303335	26.86566917189969	NaN	0.22729605907507783	0.14335018931043234	-81.33303031964152	-0.03565587054365125	1.7487306341628068	0.04664711445136622	0	87.60213883224075	-13.293962539007174	30.070979459951275	74.88099069301916	114.19823551347089	160.1646490545187	239.95583010397908	0.05722387599904287	1.0202689804780676	12.381854829770749	1.0196502694499483	6.383741113604602	1.089033397727513	10.46952772902317	1.089033397727513	0.1441460735106124	1.089033397727513	-0.019397819898784096	1.1539606381688536	NaN	NaN	800000009	800000009	800000009	800000009	800000009	800001009	899999999	899999999	89999	89999	89	89	12	21	0	22	10	0	0	NaN	0	0	0	0	0	0	0	0	0	NaN	NaN	NaN	NaN	0	0	0	0	0	0	0	0	18000	0	0	0	18000	18000	18000	18000	93	NaN	0.10639351594307249	0.14213141881791974	0.03817544385987242	0.042159403187515376	10.932703814211676	0.03358054510307173	2.0116540185540938e-7	NaN	0.01079848960608438	0.27117049847420177	0.0037335172720936774	-0.000019397819898784097	NaN	424.9263886445838	16.667828258338712	95405.25049240452	11.450525376849704	13.86548244190217	93.48899665260315	93.52612584283617	93.45186505020989	0.07426795688416411	0.00028599620146754507	-1	0	2.033461980521679	73.54676106537714	1.0000981295059124	-367.7082478671478	9.000858797444238	-273.1499938964844	131
