DATAH	filename	date	time	DOY	daytime	file_records	used_records	Tau	qc_Tau	rand_err_Tau	H	qc_H	rand_err_H	LE	qc_LE	rand_err_LE	co2_flux	qc_co2_flux	rand_err_co2_flux	h2o_flux	qc_h2o_flux	rand_err_h2o_flux	ch4_flux	qc_ch4_flux	rand_err_ch4_flux	none_flux	qc_none_flux	rand_err_none_flux	H_strg	LE_strg	co2_strg	h2o_strg	ch4_strg	none_strg	co2_v-adv	h2o_v-adv	ch4_v-adv	none_v-adv	co2_molar_density	co2_mole_fraction	co2_mixing_ratio	co2_time_lag	co2_def_timelag	h2o_molar_density	h2o_mole_fraction	h2o_mixing_ratio	h2o_time_lag	h2o_def_timelag	ch4_molar_density	ch4_mole_fraction	ch4_mixing_ratio	ch4_time_lag	ch4_def_timelag	none_molar_density	none_mole_fraction	none_mixing_ratio	none_time_lag	none_def_timelag	sonic_temperature	air_temperature	air_pressure	air_density	air_heat_capacity	air_molar_volume	ET	water_vapor_density	e	es	specific_humidity	RH	VPD	Tdew	u_unrot	v_unrot	w_unrot	u_rot	v_rot	w_rot	wind_speed	max_wind_speed	wind_dir	yaw	pitch	roll	u*	TKE	L	(z-d)/L	bowen_ratio	T*	model	x_peak	x_offset	x_10%	x_30%	x_50%	x_70%	x_90%	un_Tau	Tau_scf	un_H	H_scf	un_LE	LE_scf	un_co2_flux	co2_scf	un_h2o_flux	h2o_scf	un_ch4_flux	ch4_scf	un_none_flux	un_none_scf	spikes_hf	amplitude_resolution_hf	drop_out_hf	absolute_limits_hf	skewness_kurtosis_hf	skewness_kurtosis_sf	discontinuities_hf	discontinuities_sf	timelag_hf	timelag_sf	attack_angle_hf	non_steady_wind_hf	u_spikes	v_spikes	w_spikes	ts_spikes	co2_spikes	h2o_spikes	ch4_spikes	none_spikes	head_detect_LI-7200	t_out_LI-7200	t_in_LI-7200	aux_in_LI-7200	delta_p_LI-7200	chopper_LI-7200	detector_LI-7200	pll_LI-7200	sync_LI-7200	chopper_LI-7500	detector_LI-7500	pll_LI-7500	sync_LI-7500	not_ready_LI-7700	no_signal_LI-7700	re_unlocked_LI-7700	bad_temp_LI-7700	laser_temp_unregulated_LI-7700	block_temp_unregulated_LI-7700	motor_spinning_LI-7700	pump_on_LI-7700	top_heater_on_LI-7700	bottom_heater_on_LI-7700	calibrating_LI-7700	motor_failure_LI-7700	bad_aux_tc1_LI-7700	bad_aux_tc2_LI-7700	bad_aux_tc3_LI-7700	box_connected_LI-7700	mean_value_RSSI_LI-7200	mean_value_LI-7500	u_var	v_var	w_var	ts_var	co2_var	h2o_var	ch4_var	none_var	w/ts_cov	w/co2_cov	w/h2o_cov	w/ch4_cov	w/none_cov	co2_mean	h2o_mean	air_p_mean	vin_sf_mean	dew_point_mean	avg_signal_strength_7200_mean	co2_signal_strength_7200_mean	h2o_signal_strength_7200_mean	delta_signal_strength_7200_mean	flowrate_mean	hit_power_mean	hit_vin_mean	ch4_mean	rssi_77_mean	ch4_aux-1_mean	ch4_aux-2_mean	ch4_aux-3_mean	ch4_aux-4_mean	CHK
DATAU		[yyyy-mm-dd]	[HH:MM]	[ddd.ddd]	[1=daytime]	[#]	[#]	[kg+1m-1s-2]	[#]	[kg+1m-1s-2]	[W+1m-2]	[#]	[W+1m-2]	[W+1m-2]	[#]	[W+1m-2]	[µmol+1s-1m-2]	[#]	[µmol+1s-1m-2]	[mmol+1s-1m-2]	[#]	[mmol+1s-1m-2]	[µmol+1s-1m-2]	[#]	[µmol+1s-1m-2]	[µmol+1s-1m-2]	[#]	[µmol+1s-1m-2]	[W+1m-2]	[W+1m-2]	[µmol+1s-1m-2]	[mmol+1s-1m-2]	[µmol+1s-1m-2]	[µmol+1s-1m-2]	[µmol+1s-1m-2]	[mmol+1s-1m-2]	[µmol+1s-1m-2]	[µmol+1s-1m-2]	[mmol+1m-3]	[µmol+1mol_a-1]	[µmol+1mol_d-1]	[s]	[1=default]	[mmol+1m-3]	[mmol+1mol_a-1]	[mmol+1mol_d-1]	[s]	[1=default]	[mmol+1m-3]	[µmol+1mol_a-1]	[µmol+1mol_d-1]	[s]	[1=default]	[mmol+1m-3]	[µmol+1mol_a-1]	[µmol+1mol_d-1]	[s]	[1=default]	[K]	[K]	[Pa]	[kg+1m-3]	[J+1kg-1K-1]	[m+3mol-1]	[mm]	[kg+1m-3]	[Pa]	[Pa]	[kg+1kg-1]	[%]	[Pa]	[K]	[m+1s-1]	[m+1s-1]	[m+1s-1]	[m+1s-1]	[m+1s-1]	[m+1s-1]	[m+1s-1]	[m+1s-1]	[deg_from_north]	[deg]	[deg]	[deg]	[m+1s-1]	[m+2s-2]	[m]	[#]	[#]	[K]	[0=KJ/1=KM/2=HS]	[m]	[m]	[m]	[m]	[m]	[m]	[m]	[kg+1m-1s-2]	[#]	[W+1m-2]	[#]	[W+1m-2]	[#]	[µmol+1s-1m-2]	[#]	[mmol+1s-1m-2]	[#]	[µmol+1s-1m-2]	[#]	[µmol+1s-1m-2]	[#]	8u/v/w/ts/co2/h2o/ch4/none	8u/v/w/ts/co2/h2o/ch4/none	8u/v/w/ts/co2/h2o/ch4/none	8u/v/w/ts/co2/h2o/ch4/none	8u/v/w/ts/co2/h2o/ch4/none	8u/v/w/ts/co2/h2o/ch4/none	8u/v/w/ts/co2/h2o/ch4/none	8u/v/w/ts/co2/h2o/ch4/none	8co2/h2o/ch4/none	8co2/h2o/ch4/none	8aa	8U	[#]	[#]	[#]	[#]	[#]	[#]	[#]	[#]	[#_flagged_recs]	[#_flagged_recs]	[#_flagged_recs]	[#_flagged_recs]	[#_flagged_recs]	[#_flagged_recs]	[#_flagged_recs]	[#_flagged_recs]	[#_flagged_recs]	[#_flagged_recs]	[#_flagged_recs]	[#_flagged_recs]	[#_flagged_recs]	[#_flagged_recs]	[#_flagged_recs]	[#_flagged_recs]	[#_flagged_recs]	[#_flagged_recs]	[#_flagged_recs]	[#_flagged_recs]	[#_flagged_recs]	[#_flagged_recs]	[#_flagged_recs]	[#_flagged_recs]	[#_flagged_recs]	[#_flagged_recs]	[#_flagged_recs]	[#_flagged_recs]	[#_flagged_recs]	[#]	[#]	[m+2s-2]	[m+2s-2]	[m+2s-2]	[K+2]	--	--	--	--	[m+1s-1K+1]	--	--	--	--	--	--	--	--	--	--	--	--	--	--	--	--	--	--	--	--	--	--	207
DATA	2025-09-15T233000_AIU-0547.ghg	2025-09-16	00:00:00	259	0	18000	18000	0.18080627731661933	1	NaN	-110.43119146194618	1	NaN	390.76149177554515	1	NaN	54.039857609899244	1	NaN	8.830166474005845	1	NaN	0.07022773429585386	1	NaN	NaN	NaN	NaN	NaN	NaN	NaN	NaN	NaN	NaN	-3.264690542934251e-10	-1.2510035204850324e-11	-1.8252531842782304e-12	NaN	15.840948189218416	404.3816861359355	410.74644274043726	0.1	1	607.0125695503734	15.495585456655544	15.739477881206927	0.1	1	0.08856502858114748	2.1311036212648866	2.164646079574345	0	1	NaN	NaN	NaN	NaN	9	293.01700083245174	291.8682825978597	95851.15799652778	1.1374069485308609	1014.0040506961378	0.025316260671639557	0.5721947875155787	0.011029687928045142	1485.6682177582086	2152.5074861699927	0.009697222214346159	69.02035079105315	666.8392684117841	286.0375719078488	-0.23505007064790773	-0.0411643522662967	0.22141855997829624	0.32552913588792926	4.718157379160036e-14	-2.060918641951148e-14	0.32552913588792926	2.5135211584566464	142.06651963432995	189.93348036567005	42.857747055271346	NaN	0.3987023667354611	0.2543365182223635	48.619159035757974	0.05964726781611205	-0.28260510256568033	-0.2401526466427404	0	73.8183371839278	-11.20221746062858	25.339446397268638	63.09880435943755	96.22965794347107	134.96346352334263	202.19986192101675	0.17800009329690636	1.0157650704993295	-87.1969442698377	1.0181235550459748	351.6732053802981	1.1111494586372515	48.634193348008665	1.1111494586372515	7.946875557888888	1.1111494586372515	0.07021359878904047	1.203508987325951	NaN	NaN	800000009	800000009	800000009	800000009	800000019	800100119	899999999	899999999	89999	89999	89	89	8	10	9	0	5	0	1	NaN	0	0	0	0	0	0	0	0	0	NaN	NaN	NaN	NaN	0	0	0	0	0	0	0	0	11316	0	0	0	18000	18000	18000	18000	93	NaN	0.1505796621681764	0.17788538545977214	0.18020798881677844	0.24267712178309805	48.18804149329154	0.559286783865072	4.1751224529830677e-7	NaN	-0.07560416109318403	1.2506202068789816	0.20435258549745142	0.00007021359878904047	NaN	404.3770838848275	15.495045708605904	96241.7085642361	11.396111302905615	12.866697240246697	91.14939600880942	91.08463878673976	91.21415198559231	-0.12951385127132148	0.00028375862174693286	-1	0	2.1173420130014393	85.36621671468187	1.0001190499464672	-273.1499938964844	9.001081485138998	-273.1499938964844	243
DATA	2025-09-16T000000_AIU-0547.ghg	2025-09-16	00:30:00	259.02	0	18000	18000	0.02014169367105519	1	NaN	18.49053214906755	0	NaN	2.3416916687989673	2	NaN	-3.3417041117128385	0	NaN	0.05286253898834703	2	NaN	-0.00881885596782981	0	NaN	NaN	NaN	NaN	NaN	NaN	NaN	NaN	NaN	NaN	4.508548732202607e-11	1.810591338433167e-12	2.508654741279523e-13	NaN	16.114744792113466	410.74337725119324	417.6322516981735	0.1	1	647.1531988389397	16.495072923532	16.771723729503492	0.1	1	0.08966595090454987	2.1482116605981405	2.1842408730821905	0.3	0	NaN	NaN	NaN	NaN	9	292.04253983561205	290.820753680759	95858.65415169271	1.141159140172601	1014.5450857477116	0.025223426799583695	0.0034254925264448873	0.011784331349451704	1581.6196295358238	2015.4808777335434	0.010326632749635006	78.47356167002651	433.86124819771953	286.9974968224358	0.4976065150788734	0.4637454118501553	0.24043417358204858	0.7214434438589667	1.2768804681462516e-14	2.7977785502436773e-15	0.7214434438589667	1.8079561256623542	289.0172597997738	42.982740200226175	19.46726376001042	NaN	0.13285407708044158	0.10507777273072796	-10.74530597765804	-0.2698852881462628	7.896228352962958	0.12021452885757755	1	8.564769983296221	4	7	12	18	31	77	0.01981568783339882	1.0164519062067023	18.40709196224383	1.0172090182909233	2.1545252055340494	1.0868713268167705	-3.0746087685467094	1.0868713268167705	0.04863734803196149	1.0868713268167705	-0.013964611795224346	1.1507374942135231	NaN	NaN	800000009	800000009	800000009	800000009	800000019	800000019	899999999	899999999	89999	89999	89	89	2	0	0	17	5	0	2	NaN	0	0	0	0	0	0	0	0	0	NaN	NaN	NaN	NaN	0	0	0	0	0	0	0	0	13052	0	0	0	18000	18000	18000	18000	93	NaN	0.09464397308601041	0.08657589249315789	0.028935679882287627	0.0976259235560946	10.155356606424709	0.07785421157253862	1.290630805707788e-7	NaN	0.01589891975514218	-0.07885320751517819	0.0012473817601076481	-0.000013964611795224347	NaN	410.74277835991984	16.49499127615679	96243.39294227431	11.40999984741211	13.83882790348264	91.17153115463258	91.1087876256307	91.2342731268141	-0.1254928084284893	0.0002836491591070727	-1	0	2.13340354192257	89.82202699627528	1.0001227233111858	-273.1499938964844	9.00105698691474	-273.1499938964844	255
DATA	2025-09-16T003000_AIU-0547.ghg	2025-09-16	01:00:00	259.041	0	18000	18000	0.05011008133565479	1	NaN	1.3623325651024443	2	NaN	-31.868710667251946	2	NaN	-6.671778408273155	1	NaN	-0.719014637962701	2	NaN	NaN	NaN	NaN	NaN	NaN	NaN	NaN	NaN	NaN	NaN	NaN	NaN	-4.222615028238943e-10	-1.687737696773036e-11	NaN	NaN	16.145554666578153	410.8074622785311	417.66534779018787	0	0	645.3219406425086	16.41957023234254	16.693673171416386	0.1	1	NaN	NaN	NaN	NaN	0	NaN	NaN	NaN	NaN	9	291.74880697547064	290.2352831241286	95131.21441293907	1.1348843985348	1014.4410844161159	0.025497410036890586	-0.046592148539983023	0.011604341783275154	1554.2845843635394	1941.300037735208	0.01022513112195129	80.06410931598317	387.0154533716686	286.7293648465513	0.5118673284645305	0.04703611969682736	0.26170883770802267	0.5768119921083622	7.654161918186277e-14	-2.6153421888811905e-14	0.5768119921083622	1.8207722445965058	326.7497647334319	5.25023526656803	26.982350681064652	NaN	0.21012936154707545	0.13997313613993834	-573.9214990908499	-0.005052955856495871	-0.04274827994539381	0.005631420296468559	0	86.10936596989974	-13.067428497992365	29.558558842370324	73.60499090235412	112.25225532195762	157.4353841666737	235.86689396480918	0.049541281216955446	1.011481336467832	-0.45076304904094894	1.0138744285329335	-29.203076576648048	1.0912792213384614	-6.113722572386353	1.0912792213384614	-0.658873204862111	1.0912792213384614	NaN	1	NaN	NaN	800000009	800000009	800000009	800000019	800000009	800001009	899999999	899999999	89999	89999	89	89	2	0	1	33	7	0	0	NaN	0	0	0	0	0	0	0	0	0	NaN	NaN	NaN	NaN	0	9097	0	0	0	0	0	0	17802	0	0	0	18000	18000	18000	18000	93	NaN	0.11790412973907026	0.1279829332717921	0.03405920926901427	0.04132954253461991	10.331562314613105	0.10628434023782402	NaN	NaN	-0.000391534334700303	-0.1584732790259653	-0.017078595896458836	NaN	NaN	410.8065687001548	16.41946159777979	96250.31917834925	11.422780139923098	13.768599199506964	91.19747976896498	91.13483891042074	91.26012475840251	-0.1252888910631756	0.00028280863184611206	-1	0	2.717272698409022	41.227447091345155	1.000117570651902	-323.49762101067597	9.000952351093293	-273.1499938964844	229
DATA	2025-09-16T010000_AIU-0547.ghg	2025-09-16	01:30:00	259.062	0	18000	18000	0.03373417005271146	1	NaN	43.81206639728216	1	NaN	63.56097133190273	1	NaN	11.049548007673103	1	NaN	1.4332077387443998	1	NaN	NaN	NaN	NaN	NaN	NaN	NaN	NaN	NaN	NaN	NaN	NaN	NaN	-1.3772796072015064e-10	-5.3097616733481255e-12	NaN	NaN	16.09862104350324	408.6088332015482	415.1486302580364	0.1	1	620.6426099943172	15.752905296648642	16.005031034809925	0.1	1	NaN	NaN	NaN	NaN	0	NaN	NaN	NaN	NaN	9	291.0756178088718	289.62664594987774	95190.39979105805	1.1382600643442864	1014.0574516412736	0.025422759981834738	0.0928718614706371	0.011165874929086437	1492.4233788482884	1867.7906582987648	0.009809599123130728	79.90313969166269	375.3672794504764	286.10691075125453	-0.05044184323959555	-0.48463602299453323	0.1364521544544263	0.5059996490004945	7.694643851184093e-15	-8.55526447563235e-15	0.5059996490004945	1.41581540479171	67.94205897668928	264.0579410233107	15.64454023004555	NaN	0.1721528692553497	0.0938944383953315	-9.816600757666947	-0.2954179426860205	0.6892919582443805	0.22048315358501194	1	2.9062337138004533	1	2	4	7	11	29	0.03302201669025229	1.0215660166712166	46.73324300550648	1.0204915208533607	58.318477204314874	1.0898942218470682	10.138183858748407	1.0898942218470682	1.3149970978977303	1.0898942218470682	NaN	1	NaN	NaN	800000009	800000019	800000009	800000019	800000009	800000019	899999999	899999999	89999	89999	89	89	0	0	0	12	0	0	0	NaN	0	0	0	0	0	0	0	0	0	NaN	NaN	NaN	NaN	0	10088	0	0	0	0	101	0	17703	17998	0	16	18000	18000	18000	18000	93	NaN	0.10525713298073212	0.05839608645649908	0.024135657353431792	0.1859437297098846	28.211500706747596	0.28100240766952034	NaN	NaN	0.04048758378782012	0.26184591293723486	0.03396334298196027	NaN	NaN	408.6063963426298	15.752630035071485	96269.38338933015	11.430000305175781	13.1308136500253	91.21952548260158	91.15506373850505	91.28398746787177	-0.12892340505702612	0.0002819732896977156	-1	0	2.4132076304422627	23.80004205875405	1.00011707206236	-309.2048704104944	9.000968474202686	-273.1499938964844	165
DATA	2025-09-16T013000_AIU-0547.ghg	2025-09-16	02:00:00	259.083	0	18000	18000	0.02494214804527561	1	NaN	42.44025347566475	1	NaN	52.946866507151015	1	NaN	5.187847456160519	1	NaN	1.1922727400819548	1	NaN	NaN	NaN	NaN	NaN	NaN	NaN	NaN	NaN	NaN	NaN	NaN	NaN	1.3429145723783065e-10	5.096052171162157e-12	NaN	NaN	15.860781134697895	401.1008386690532	407.3002974421187	0	0	601.8801925327197	15.220855010415184	15.456110223146696	0.1	1	NaN	NaN	NaN	NaN	0	NaN	NaN	NaN	NaN	9	289.6243150448271	288.2310702995059	95190.39979105805	1.143998646930714	1013.7341989194146	0.025296002123828543	0.07725927355731067	0.010842812656502093	1442.2622860265112	1708.2771788768746	0.009477994301472968	84.42788464660883	266.01489285036337	285.5852940968855	0.2108184758084458	-0.5934356109553169	0.10972994613574825	0.6392580974622597	5.634000530442534e-14	8.466887985992534e-15	0.6392580974622597	1.6247688183556053	42.44237714760618	289.5576228523938	9.883885112850386	NaN	0.14765704436207752	0.08801741539314545	-6.393584975533076	-0.4535796444557628	0.8015630815457749	0.2478415916134949	1	5.363417884932016	2	4	7	11	19	46	0.02450071384114016	1.0180171976619807	44.85614618674601	1.018201990067289	48.6791334410496	1.0876706868923547	4.76968582373311	1.0876706868923547	1.0961707017116225	1.0876706868923547	NaN	1	NaN	NaN	800000009	800000019	800000009	800000019	800000009	800000019	899999999	899999999	89999	89999	89	89	2	0	0	14	9	0	0	NaN	0	0	0	0	0	0	0	0	0	NaN	NaN	NaN	NaN	0	8561	0	0	0	0	101	0	15912	18000	0	21	18000	18000	18000	18000	93	NaN	0.04611982011616932	0.09662926634960498	0.033285744320516585	0.29301654948319533	7.494983332197101	0.149268906754629	NaN	NaN	0.03867874282321838	0.12251017628552015	0.028155327388126847	NaN	NaN	401.0998245154492	15.220705661702734	96264.61268749999	11.38138345305125	12.608122734122778	91.29985816489327	91.23477083100212	91.36494347593518	-0.13017124866404461	0.0002813998070163911	-1	0	3.6386815236412295	34.11271046290907	1.0001201680633758	-273.14999994026704	9.001025092548794	-273.1499938964844	213
DATA	2025-09-16T020000_AIU-0547.ghg	2025-09-16	02:30:00	259.104	0	18000	18000	0.01402969680755632	1	NaN	21.13221424168855	1	NaN	25.612181670147084	1	NaN	2.0182286369296745	1	NaN	0.5764814231804224	1	NaN	-0.03007956358797829	1	NaN	NaN	NaN	NaN	NaN	NaN	NaN	NaN	NaN	NaN	3.388500373017823e-11	1.261802902260888e-12	1.8499670591678915e-13	NaN	15.895571648952536	400.25345914196754	406.3093196382074	0.1	1	591.9160758976461	14.904557201966638	15.130064107932744	0.7	0	0.08678259023184284	2.0489425979804854	2.0799432308414043	0.3	0	NaN	NaN	NaN	NaN	9	289.08758686489534	287.76022595866436	95878.93146738359	1.1542382301063994	1013.5901674731248	0.02495270318520605	0.03735599622209137	0.010763568315134978	1429.4163414987174	1657.9331122577978	0.009325257156092271	86.21676778939032	228.51677075908037	285.449146364562	0.7155246152194155	-0.7693387263752471	0.09086473556740697	1.0545681348568074	1.6324938829417845e-14	2.13172602272603e-15	1.0545681348568074	2.1374322782026534	19.07559340740852	312.9244065925915	4.942904221227053	NaN	0.11024944591610832	0.12008873138614203	-5.372137944759596	-0.5398223258263289	0.825084505250083	0.163836531757568	1	16.99112821404283	8	13	22	34	55	126	0.013855728975841971	1.0125556606958515	22.358799067615525	1.0148473441363175	23.583219211102527	1.0860341601747638	1.858347288638603	1.0860341601747638	0.5308133430053944	1.0860341601747638	-0.03555824848001493	1.1482425049251646	NaN	NaN	800000009	800000009	800000009	800000019	800000019	800011019	899999999	899999999	89999	89999	89	89	3	6	0	44	33	0	4	NaN	0	0	0	0	0	0	0	0	0	NaN	NaN	NaN	NaN	0	390	0	0	0	0	0	0	16910	603	0	0	18000	18000	18000	18000	93	NaN	0.07045881296615775	0.13334748745923083	0.03637116234689546	0.07549983617152999	9.839618091436096	0.09081032470155662	5.840607984183792e-7	NaN	0.019111317582537552	0.047072572351344856	0.013445683509450796	-0.00003555824848001493	NaN	400.25164788309377	14.904464202255024	96261.89583463542	11.39222232500712	12.289274527284878	91.3678220378028	91.30322490183514	91.43243029467264	-0.12919847968013734	0.00027970918909219714	-1	0	1.9851369606716986	59.81269110316193	1.0001298905428913	-305.20774524264635	9.000999516010284	-273.1499938964844	134
DATA	2025-09-16T023000_AIU-0547.ghg	2025-09-16	03:00:00	259.124	0	18000	18000	0.039311724190238755	1	NaN	35.781113652628015	0	NaN	10.935582647967781	1	NaN	0.20902005945444643	2	NaN	0.24623728874204517	1	NaN	0.0048451625155667135	1	NaN	NaN	NaN	NaN	NaN	NaN	NaN	NaN	NaN	NaN	7.688473462005078e-11	2.952955552335321e-12	4.1682492114212706e-13	NaN	16.03092053007583	401.8764232406004	408.17666907686436	0.1	1	615.7086451851817	15.43509542206971	15.677072532548301	0.1	1	0.08691045392568657	2.0563277868451526	2.0885649867102183	-0.1	0	NaN	NaN	NaN	NaN	9	289.4296837793986	288.17490304882017	95860.1259642366	1.1521187575233158	1013.8967004650606	0.024993563484798108	0.015956176310484526	0.011128482116625253	1480.0070812005038	1702.8557376564054	0.00965914498306399	86.91323924112314	222.84865645590162	285.9792488411992	0.6862837471432803	-0.248739937332319	0.2243755660656966	0.7636761962143661	-5.438212839924282e-14	4.796027431849986e-15	0.7636761962143661	2.6354748971821294	351.92278239926725	340.07721760073275	17.086182716168068	NaN	0.18471936305307515	0.262867659568944	-14.922074220305715	-0.19434295508688243	3.271989687653032	0.1658251786841475	1	5.68216451373113	3	5	8	13	22	57	0.03870125242482362	1.0157739537396357	35.97887833547322	1.0167838371133118	10.064216400074326	1.0865806351189964	0.19236497752562626	1.0865806351189964	0.22661667324402354	1.0865806351189964	-0.00691057240486626	1.1502183717590804	NaN	NaN	800000009	800000009	800000009	800000019	800000019	800000019	899999999	899999999	89999	89999	89	89	3	1	1	19	1	0	6	NaN	0	0	983	0	0	0	0	0	0	NaN	NaN	NaN	NaN	0	1362	0	0	0	0	0	0	13992	0	0	0	18000	18000	18000	18000	93	NaN	0.10528004996634283	0.37434615867595017	0.046109110495594983	0.09231307392270406	17.030369106865933	0.020029571466672145	1.5482693282306282e-7	NaN	0.030800421705103102	0.0048832803951610075	0.005752776684735796	-0.0000069105724048662595	NaN	401.87617274208674	15.435069932084026	96249.54635308159	11.420000076293945	12.822725882795131	91.33059792264302	91.26650926971436	91.39468430985343	-0.12817463263765796	0.0002788046957996105	-1	0	1.9882094383834097	57.79064457936644	1.0001739992019203	-273.1499938964844	9.001195288976033	-273.1499938964844	214
DATA	2025-09-16T030000_AIU-0547.ghg	2025-09-16	03:30:00	259.145	0	18000	18000	0.0184720602941028	0	NaN	31.719911910136666	0	NaN	1.1330944817159707	2	NaN	-2.7286453081404383	1	NaN	0.025517575211529135	2	NaN	-0.007556529576502455	0	NaN	NaN	NaN	NaN	NaN	NaN	NaN	NaN	NaN	NaN	2.981081112504829e-11	1.1532494463681095e-12	1.615379896244688e-13	NaN	16.1364345165492	406.55145315884596	413.0477405630543	0.1	1	624.2478305774539	15.72769141734751	15.979004265593238	0.1	1	0.08743966008090373	2.0705186469536945	2.103603473245358	-0.1	0	NaN	NaN	NaN	NaN	9	289.58203264024525	288.32187569851345	95841.90711588542	1.1511844784363061	1014.0644131638511	0.02501106401878067	0.0016535388737070878	0.011331505288369417	1507.7762765347811	1719.0320588816471	0.009843344399293321	87.71077122992675	211.255782346866	286.2634807282388	0.9873990527018804	-0.09671574628357127	0.2529790705496461	1.023869735362815	2.3923263777388586e-14	1.8474224336531666e-15	1.023869735362815	2.6172920314373846	337.59427679591533	354.4057232040846	14.304865825682027	NaN	0.1266733354272435	0.2758357911579363	-5.427926845784551	-0.5342739654371363	27.994057355305166	0.2145044464066351	1	13.479908786250919	6	11	18	27	44	102	0.018238440851661545	1.0128091783909243	31.472796025000736	1.0149921214368975	1.0433636178443815	1.0860015265406469	-2.5125612086681635	1.0860015265406469	0.02349681339105748	1.0860015265406469	-0.016577748519029507	1.1483529591082593	NaN	NaN	800000009	800000009	800000009	800000009	800000009	800010019	899999999	899999999	89999	89999	89	89	4	2	0	29	8	0	6	NaN	0	0	0	0	0	0	0	0	0	NaN	NaN	NaN	NaN	0	0	0	0	0	0	0	0	13967	0	0	0	18000	18000	18000	18000	93	NaN	0.13205227141140316	0.37143288978168826	0.04818642112278127	0.08762807824876488	5.5507119552660455	0.015813382502668644	3.3982399485361205e-8	NaN	0.026960308636110094	-0.06384625275633395	0.0005970734092201767	-0.000016577748519029508	NaN	406.5511720501464	15.727669777502747	96232.45174153645	11.420000076293945	13.107253047625202	91.3016415716807	91.23697685432435	91.36630171457927	-0.12932720651187823	0.0002799270945413607	-1	0	2.0568441560419064	66.62642811934145	1.0001686963223748	-273.1903688981798	9.001192974434959	-273.1499938964844	134
DATA	2025-09-16T033000_AIU-0547.ghg	2025-09-16	04:00:00	259.166	0	18000	18000	0.04720234738811324	0	NaN	32.73482832791701	0	NaN	0.17333860423866054	2	NaN	0.9604648590535264	1	NaN	0.003903924921924797	2	NaN	0.009884431012487462	2	NaN	NaN	NaN	NaN	NaN	NaN	NaN	NaN	NaN	NaN	3.0261742774799133e-10	1.1779199216575824e-11	1.6334322855541753e-12	NaN	16.14946264567101	407.8874717992405	414.4678837326529	0.2	0	628.6080056910112	15.876771618949158	16.13291014893279	0.1	1	0.08716964477590393	2.0650211494603328	2.098335950120222	0	1	NaN	NaN	NaN	NaN	9	289.6695026482476	288.4005967788696	95824.67024782985	1.1505980208425681	1014.1499670204297	0.025022393037390327	0.00025297433494072684	0.011433735736143967	1521.7945007838455	1727.7517241261319	0.0099372113709801	88.07946648431468	205.9572233422864	286.4052197397715	1.182847017282887	0.364945059247179	0.3370441285165319	1.282930515316953	2.564167292213514e-14	1.873854470502214e-14	1.282930515316953	2.658649223882459	314.8533800262667	17.14661997373336	15.231177306919397	NaN	0.202544281942509	0.24261601786309514	-21.49891141810746	-0.134890550670276	188.8490360914998	0.1385046254228034	0	71.9216137016451	-10.914382354586154	24.688362603685064	61.477513654469405	93.75708732109796	131.49564806880184	197.00444245140272	0.04668579616063929	1.0110644193727911	32.4555464703857	1.0140472523310942	0.1595047922169171	1.0867297579556747	0.8838120535691649	1.0867297579556747	0.0035923603760227843	1.0867297579556747	-0.000757446517179226	1.1479073443780838	NaN	NaN	800000009	800000009	800000009	800000009	800000009	800000009	899999999	899999999	89999	89999	89	89	10	1	2	26	12	1	0	NaN	0	0	0	0	0	0	0	0	0	NaN	NaN	NaN	NaN	0	0	0	0	0	0	0	0	13633	0	0	0	18000	18000	18000	18000	93	NaN	0.20177792393075916	0.23382020346725738	0.04963390832817378	0.08953684931275839	1.1169448025473463	0.003657775085757045	5.664066249528714e-8	NaN	0.027813979001403723	0.02247197062410467	0.00009134002700593865	-7.57446517179226e-7	NaN	407.8872062444872	15.876761630439937	96216.40029427083	11.420000076293945	13.249437783029343	91.28212947273255	91.21845440446006	91.34579626634385	-0.12734840413058784	0.00028082914582207904	-1	0	2.0512403657952945	70.36800842219199	1.0001646768516965	-273.1499938964844	9.001103559361564	-273.1499938964844	004
DATA	2025-09-16T040000_AIU-0547.ghg	2025-09-16	04:30:00	259.187	0	18000	18000	0.03875063184696748	0	NaN	29.785384683631495	0	NaN	5.169337468651307	1	NaN	1.0282559905841397	1	NaN	0.11640352534108922	1	NaN	NaN	NaN	NaN	NaN	NaN	NaN	NaN	NaN	NaN	NaN	NaN	NaN	-2.6486463862622566e-11	-1.0294145828276513e-12	NaN	NaN	16.23390168346471	410.1772262820351	416.82212930812136	0.1	1	630.9417223766103	15.941819205031313	16.20007791831247	0.1	1	NaN	NaN	NaN	NaN	0	NaN	NaN	NaN	NaN	9	289.6804945661757	288.2212458309274	95123.09380222748	1.1429209899427355	1014.1363223447399	0.025318810980123816	0.007542948442102581	0.011346172109829817	1509.1620060058	1707.1252092314758	0.009927345993005432	88.40370922090736	197.96320322567567	286.2775434146757	1.0051444558088873	0.3567952405875362	0.3228638781427219	1.1143874122398723	7.671495308653392e-14	-1.6315525607501223e-15	1.1143874122398723	2.507874866969847	312.45670908221433	19.543290917785647	16.841384657060132	NaN	0.18413285618728722	0.21223224409512276	-17.65983098242231	-0.16421448217066806	5.761934651057436	0.13955949114747948	1	10.87884739521216	5	9	15	24	41	106	0.03828723407866057	1.0121031926034372	29.79716180328347	1.0145938630295266	4.759345526411725	1.0861446053799528	0.9467026632466101	1.0861446053799528	0.10717129631221542	1.0861446053799528	NaN	1	NaN	NaN	800000009	800000019	800000009	800000019	800000019	800001019	899999999	899999999	89999	89999	89	89	3	0	0	20	13	0	1	NaN	0	0	0	0	0	0	0	0	0	NaN	NaN	NaN	NaN	0	16745	0	0	0	0	0	0	14427	0	0	0	18000	18000	18000	18000	93	NaN	0.15038952736612549	0.2355540524809124	0.03852090834320765	0.0866478860131411	2.495401303720253	0.01375109624824037	NaN	NaN	0.025707648481163792	0.024355799277643857	0.0027571936603132383	NaN	NaN	410.17680743768653	15.941799774415776	96199.6269594184	11.390830335934957	13.309235800054328	91.26993266063266	91.20632917107476	91.33354008759393	-0.1272097896424433	0.00028133680444766975	-1	0	-0.9347196382666675	5.239269167059432	1.0001731610695521	-273.1499938964844	9.001209388494491	-273.1499938964844	208
DATA	2025-09-16T043000_AIU-0547.ghg	2025-09-16	05:00:00	259.208	0	18000	18000	0.026200365019568846	1	NaN	29.936030420017552	0	NaN	7.153681459202931	1	NaN	-0.6881411837997182	1	NaN	0.16108638627352292	1	NaN	NaN	NaN	NaN	NaN	NaN	NaN	NaN	NaN	NaN	NaN	NaN	NaN	-8.135176115783168e-11	-3.1485617278381838e-12	NaN	NaN	16.30551660273905	412.1210784592679	418.8011004883844	0.1	0	631.0733141770697	15.950344975996012	16.20888223938957	0.1	1	NaN	NaN	NaN	NaN	0	NaN	NaN	NaN	NaN	9	289.6764452387492	288.2164397255621	95168.34603401845	1.1434801318610581	1014.1410933736173	0.0253064182165578	0.010438397830524285	0.011357799390357418	1510.6833254325163	1706.5964743267702	0.009932660020836707	88.52024178876034	195.91314889425394	286.2929690259545	1.7065648540043075	1.00872355511043	0.3150882116912803	2.0072786036582437	1.763588295633363e-14	-4.989217032483716e-15	2.0072786036582437	3.528655146835286	301.41333644793406	30.58666355206596	9.031232140328385	NaN	0.1513698426257085	0.20733604093622998	-9.764902122006033	-0.2969819834102182	4.184702742321021	0.17054062416912963	1	30.375884449754793	13	24	41	62	101	238	0.02597251557188755	1.008772713873273	30.093876617229718	1.0132974324385329	6.550725113412554	1.0920442142436766	-0.6301404053281012	1.0920442142436766	0.14750903321720124	1.0920442142436766	NaN	1	NaN	NaN	800000009	800000019	800000009	800000019	800000009	800010019	899999999	899999999	89999	89999	89	89	3	7	1	52	19	0	0	NaN	0	0	0	0	0	0	0	0	0	NaN	NaN	NaN	NaN	0	15897	0	0	0	0	101	0	16415	0	0	16	18000	18000	18000	18000	93	NaN	0.13263273546104828	0.23121761660034548	0.050821729811066176	0.05444493553115327	0.6956104798242501	0.008999618035472704	NaN	NaN	0.02595082279656804	-0.016203812720563714	0.003793136781315282	NaN	NaN	412.1209773020159	15.950329460921015	96174.63243511284	11.399166928397287	13.313612319045593	91.26665686819288	91.20288652398851	91.33042651303609	-0.12753707726713676	0.0002809783993579912	-1	0	-4.4613076311711355	7.102235837568245	1.000174758311775	-273.1499938964844	9.001183184491264	-273.1499938964844	043
DATA	2025-09-16T050000_AIU-0547.ghg	2025-09-16	05:30:00	259.229	0	18000	18000	0.03854208287628933	0	NaN	26.90444020423277	0	NaN	17.931659229788572	1	NaN	4.396850256538452	0	NaN	0.40387240475281583	1	NaN	NaN	NaN	NaN	NaN	NaN	NaN	NaN	NaN	NaN	NaN	NaN	NaN	6.40595019050803e-11	2.4919163644813307e-12	NaN	NaN	16.29710379385158	411.98593160694566	418.6960652561892	0.1	0	633.9577803418549	16.02626393237716	16.287288313634182	0.1	1	NaN	NaN	NaN	NaN	0	NaN	NaN	NaN	NaN	9	289.9107007251315	288.44258861390006	95150.93878240696	1.1423422395337361	1014.1876022779616	0.02533151639565748	0.026170931827982465	0.011400552438269566	1517.5592856883172	1731.582461126022	0.009979979767642025	87.64002406801183	214.02317543770482	286.36251872990823	1.982673749518054	1.1574108310618851	0.3683852707238668	2.325145745232681	-8.155840930596165e-16	3.930729209029648e-15	2.325145745232681	4.339991950813397	301.72521442929065	30.27478557070937	9.116089770247292	NaN	0.18368321517071698	0.30542338654061196	-19.41240622753644	-0.14938900237345942	1.5003876584682339	0.12642703550001225	1	31.889693337325866	14	26	44	69	116	290	0.03822363131748382	1.0083312743407467	27.68584295712549	1.0134084510226287	16.37303853231956	1.095194346143654	4.014675817146456	1.095194346143654	0.36876779557428513	1.095194346143654	NaN	1	NaN	NaN	800000009	800000009	800000009	800000019	800000009	800010009	899999999	899999999	89999	89999	89	89	2	4	0	53	25	0	0	NaN	0	0	0	0	0	0	0	0	0	NaN	NaN	NaN	NaN	0	9447	0	0	0	0	301	151	16812	0	0	21	18000	18000	18000	18000	93	NaN	0.2756133903147588	0.2649682261659633	0.07026515660050184	0.0786351922542285	4.313679771243611	0.01931138213949658	NaN	NaN	0.02389699089670202	0.10334608977255896	0.009492848599102332	NaN	NaN	411.98599442980526	16.026238975289658	96156.87236957464	11.420000076293945	13.383291986094571	91.25875218221876	91.19497203932868	91.32253404808044	-0.12756442836754844	0.0002810648496282132	-1	0	-0.6587148634551372	27.738091127173483	1.0001760489874416	-273.1499938964844	9.001157804568608	-273.1499938964844	116
DATA	2025-09-16T053000_AIU-0547.ghg	2025-09-16	06:00:00	259.249	0	18000	18000	0.045957161655260724	0	NaN	28.885209388127677	0	NaN	8.042533679917787	1	NaN	1.576876408934556	0	NaN	0.18115042398868988	1	NaN	0.00211946190177111	0	NaN	NaN	NaN	NaN	NaN	NaN	NaN	NaN	NaN	NaN	1.0042708372827858e-10	3.856453441216516e-12	5.409716599312546e-13	NaN	16.245629594124434	410.5525609619182	417.1287783334077	0.1	1	623.8408189020101	15.765436750166415	16.017966995703432	0.1	1	0.08751050893741263	2.074006047703354	2.107227408124355	0	0	NaN	NaN	NaN	NaN	9	289.7176733974881	288.4970780597394	95761.14287351373	1.1494993737518915	1014.0887675080417	0.025047369267060877	0.011738547474467105	0.011342236067849775	1510.121206496044	1738.4915581833336	0.009867109392873745	86.86387917086412	228.3703516872897	286.287270941817	1.4774909019022988	1.0067836853026901	0.3557785885325534	1.8229567077289601	-7.348127519694691e-15	6.181790810040388e-15	1.8229567077289601	3.481711707419783	297.7289162489205	34.271083751079516	11.254402414708574	NaN	0.1999503781259408	0.25109582816296316	-23.428489517872055	-0.12378092056629517	3.591555912318287	0.12392775404515582	1	20.659193541581768	9	17	29	46	79	203	0.045540762479047946	1.0091434388347	29.100366833290938	1.0133256846601304	7.37579779637927	1.0903950870054782	1.446151425044557	1.0903950870054782	0.1661328321701983	1.0903950870054782	-0.007268436280094737	1.149281187824699	NaN	NaN	800000009	800000009	800000009	800000019	800001019	800011019	899999999	899999999	89999	89999	89	89	4	0	0	48	51	0	14	NaN	0	0	0	0	0	0	0	0	0	NaN	NaN	NaN	NaN	0	2	0	0	0	0	0	0	17109	0	0	0	18000	18000	18000	18000	93	NaN	0.21322569576855804	0.22430856455176143	0.06465739600560685	0.08843821718682815	2.2812717990708054	0.03965491243710652	3.971040833714938e-8	NaN	0.02496397576751028	0.036802654313158364	0.004227862370800749	-0.000007268436280094737	NaN	410.55258019363805	15.76539220883584	96147.0625499132	11.41360993003845	13.129746781773015	91.26595241612455	91.20374354420784	91.32816096226344	-0.12441726956971817	0.0002813031908299308	-1	0	2.0602951440970103	57.94584311003143	1.000176499000854	-273.1499938964844	9.00120643234253	-273.1499938964844	214
DATA	2025-09-16T060000_AIU-0547.ghg	2025-09-16	06:30:00	259.27	1	18000	18000	0.05987082324803393	0	NaN	34.728334716477924	0	NaN	0.17517599085000662	2	NaN	0.36348371620291314	1	NaN	0.003943441822304263	2	NaN	0.0067950092233903525	1	NaN	NaN	NaN	NaN	NaN	NaN	NaN	NaN	NaN	NaN	3.038217349956681e-10	1.1237147885401646e-11	1.6404929959285511e-12	NaN	16.31674570228623	411.5049572483591	417.86482586265373	0.1	1	603.4910058942831	15.21991854941393	15.455144591262357	0.1	1	0.08810267323807329	2.0819464978729822	2.1141232820288813	0	0	NaN	NaN	NaN	NaN	9	289.0892569622464	287.90899719155044	95777.02793704542	1.152277467564833	1013.7703565715992	0.02499216622407538	0.0002555350300853162	0.010973956178933306	1458.1095816803763	1673.9285563939388	0.009523709772894483	87.10703787869593	215.8189747135625	285.75178931158416	1.2195948148042224	1.1318732787173487	0.3408856925837705	1.698455677013665	3.793334735282237e-14	1.8620240858022198e-14	1.698455677013665	3.796350721093689	289.1364288183326	42.863571181667396	11.578090253590814	NaN	0.22794448032209919	0.26284564878697236	-28.870982554636598	-0.10044687583846253	198.2482562134548	0.13042421185301806	0	65.55634418605094	-9.94842814822778	22.503371558808425	56.0365770094346	85.45931563494578	119.85790529570694	179.56898310291683	0.05930990699681643	1.009457378701464	34.446367375993574	1.0133946768003756	0.16080446907114665	1.0893726515306077	0.33366333888794203	1.0893726515306077	0.003619919975743457	1.0893726515306077	-0.004288912625402069	1.1487724293664465	NaN	NaN	800000009	800000009	800000009	800000019	800000019	800010019	899999999	899999999	89999	89999	89	89	9	3	2	73	34	0	9	NaN	0	0	0	0	0	0	0	0	0	NaN	NaN	NaN	NaN	0	401	0	0	0	0	0	0	16812	0	0	0	18000	18000	18000	18000	93	NaN	0.2543429623150206	0.19209666909511164	0.07925166616381252	0.07177047634628518	0.3262681857990887	0.01700500622586552	1.211104209822756e-7	NaN	0.029488098709999164	0.008467884714847253	0.00009186824400226609	-0.00000428891262540207	NaN	411.5048301786216	15.219896196146765	96161.93808181424	11.40999984741211	12.594658918274805	91.30873475604588	91.24691180144416	91.3705607126024	-0.12364868416388827	0.0002803497835120652	-1	0	2.022079401432498	69.14944405287174	1.0001535817417833	-290.9553696441684	9.001012623495527	-273.1499938964844	242
DATA	2025-09-16T063000_AIU-0547.ghg	2025-09-16	07:00:00	259.291	1	18000	18000	0.027661441792195738	0	NaN	28.637634628797176	0	NaN	3.017638753336827	1	NaN	0.2288081325789324	0	NaN	0.06790877124769264	1	NaN	-0.00242782530412508	0	NaN	NaN	NaN	NaN	NaN	NaN	NaN	NaN	NaN	NaN	-1.1280350605168153e-11	-4.0913036679403497e-13	-6.123053661996687e-14	NaN	16.34053586490635	411.5261838958409	417.7615951545715	0.1	0	592.6597200761883	14.925764673087043	15.151918645130015	0.1	1	0.08869757817701407	2.0924884270037096	2.124193641415546	0.1	0	NaN	NaN	NaN	NaN	9	288.72989079793297	287.5682922325208	95779.29951062224	1.1537990868593702	1013.5984032479986	0.024961999031492453	0.004400488376850482	0.01077486957987868	1429.962754558542	1637.4953362040162	0.009338601237073058	87.32621845955488	207.53258164547424	285.4549594033094	1.15912855166918	1.0429150002074574	0.2957164959756892	1.587040939278066	9.960705590243514e-16	-6.903292950994543e-16	1.587040939278066	3.015780285680918	290.0210004044993	41.978999595500675	10.738800210176139	NaN	0.15483613110403255	0.18727520953597407	-10.972872637723201	-0.2642881308974831	9.490080480021149	0.15814982809637512	1	22.041086813046704	10	18	30	46	76	181	0.027393201265215064	1.0097922299910707	28.560048080127206	1.0134978740532286	2.7722016440945314	1.0885350853770457	0.21019821561348945	1.0885350853770457	0.062385468470380505	1.0885350853770457	-0.011162934946233554	1.1484014629081598	NaN	NaN	800000009	800000009	800000009	800000019	800000019	800010019	899999999	899999999	89999	89999	89	89	8	3	1	70	44	0	2	NaN	0	0	0	0	0	0	0	0	0	NaN	NaN	NaN	NaN	0	366	0	0	0	0	0	0	16416	0	0	0	18000	18000	18000	18000	93	NaN	0.14388830674831932	0.1788335763513118	0.05182853597231701	0.05335827431938586	0.3339997814516528	0.013049270358778831	1.1646065771735322e-7	NaN	0.024420965247637413	0.005326490930280599	0.0015808679965191054	-0.000011162934946233554	NaN	411.525928456834	14.925746175565823	96164.2839405382	11.400276847097608	12.297911925209897	91.32645063633389	91.26352060720656	91.3893792652554	-0.12585468070291803	0.00027997955562831416	-1	0	2.051564363903526	59.01886849629868	1.0001256204015678	-316.5127457173673	9.000867024183274	-273.1499938964844	040
DATA	2025-09-16T070000_AIU-0547.ghg	2025-09-16	07:30:00	259.312	1	18000	18000	0.0419597786097445	0	NaN	35.336313784591525	0	NaN	3.8227983260949974	1	NaN	-1.0026114324448179	1	NaN	0.08601624474616333	1	NaN	0.0073871038736685	2	NaN	NaN	NaN	NaN	NaN	NaN	NaN	NaN	NaN	NaN	-8.191354747061865e-11	-2.928379479282744e-12	-4.4947435917429404e-13	NaN	16.333169698062893	410.9281331118822	417.05489093639153	0.1	0	583.9048661957415	14.690531049170238	14.909560409292427	0.1	1	0.08962303806894777	2.1126993668764937	2.1441987857136127	0	0	NaN	NaN	NaN	NaN	9	288.5543733113607	287.42565298006156	95804.19699241355	1.154775041147359	1013.4634015643622	0.024943133535845635	0.005573852659551384	0.010613076086103896	1407.7920546069877	1622.4502584551715	0.009190600513463624	86.76950478268763	214.6582038481838	285.21751066187574	1.4000910740620995	1.0994480754166793	0.31915475493853485	1.80856319873142	1.5359869463432776e-15	-5.0151653956263964e-15	1.80856319873142	3.694760188605838	293.8585524886051	38.141447511394915	10.164137369630911	NaN	0.19061975179590945	0.2525270962155907	-16.595280618676057	-0.17474847618643985	9.243572579641599	0.15839734012326895	1	21.107874575247006	9	17	29	46	77	191	0.04157822395889231	1.0091767905052758	35.24867972301394	1.0133314388348662	3.5062796502262037	1.0902719427551577	-0.9195975729790694	1.0902719427551577	0.0788943027633978	1.0902719427551577	-0.004315400220232677	1.1492174523115692	NaN	NaN	800000009	800000009	800000009	800000019	800000019	800010019	899999999	899999999	89999	89999	89	89	3	4	2	80	30	0	2	NaN	0	0	0	0	0	0	0	0	0	NaN	NaN	NaN	NaN	0	28	0	0	0	0	0	0	17109	0	0	0	18000	18000	18000	18000	93	NaN	0.22116030786908233	0.21765131999147294	0.06624256457062612	0.05510334239375943	0.2604702544380188	0.007245732836618335	2.408612495636483e-7	NaN	0.030118781375616216	-0.023279728370112905	0.001997219210063261	-0.000004315400220232677	NaN	410.928078421315	14.690518163933985	96190.32808246528	11.406110869513618	12.06072262239456	91.34623663859897	91.28465200975207	91.40782120407953	-0.12317283765557754	0.00027966952517292356	-1	0	2.0996247054735804	60.179821513783594	1.0001649144424332	-273.1499938964844	9.00110604320632	-273.1499938964844	170
DATA	2025-09-16T073000_AIU-0547.ghg	2025-09-16	08:00:00	259.333	1	18000	18000	0.044491883210374956	0	NaN	33.85345531858183	0	NaN	2.253918195434265	1	NaN	-0.282146976380407	1	NaN	0.05071371416302801	1	NaN	0.0013059412557872977	0	NaN	NaN	NaN	NaN	NaN	NaN	NaN	NaN	NaN	NaN	-8.814006557762866e-12	-3.13995316876845e-13	-4.8684499449298226e-14	NaN	16.34762906574548	411.1861865149206	417.29892168087434	0	0	582.3774846369901	14.648336835694876	14.866100483003194	0.1	1	0.09029674904741883	2.1282366065781915	2.1598751858231884	-0.1	0	NaN	NaN	NaN	NaN	9	288.5071920606825	287.397324637519	95825.32708940972	1.1551621153377574	1013.4391750096288	0.02493517559096757	0.003286248677764215	0.010585970543457605	1404.0581913447193	1619.4767797338218	0.009164056198607568	86.69826013655418	215.41858838910252	285.1771975398549	1.3496231904979208	1.143027524104102	0.33318520670800544	1.7997241619643995	1.5125566008879605e-15	-5.391611543371493e-16	1.7997241619643995	3.4315113868336566	291.7379547822093	40.26204521779073	10.668785395991206	NaN	0.19625418455594884	0.24609033722062496	-18.90692441649013	-0.15338295833407442	15.019824316232226	0.147347730569611	1	20.42108130976421	9	16	28	45	76	191	0.044086386725471265	1.009197770899864	33.690407606846726	1.01333523390106	2.067446221771374	1.090194352674926	-0.2588042908937518	1.090194352674926	0.04651804885853212	1.090194352674926	-0.009434339985530888	1.1491790959214334	NaN	NaN	800000009	800000009	800000009	800000009	800001019	800011019	899999999	899999999	89999	89999	89	89	4	3	0	65	40	0	4	NaN	0	0	0	0	0	0	0	0	0	NaN	NaN	NaN	NaN	0	0	0	0	0	0	0	0	16416	0	0	0	18000	18000	18000	18000	93	NaN	0.21756573109627644	0.197884555150312	0.0767303881946615	0.054490127687127334	0.20186194342836244	0.002691086253522583	4.953706985751701e-8	NaN	0.028778333415508624	-0.006549292412303591	0.0011771841315777328	-0.000009434339985530888	NaN	411.1868318854805	14.64832892031913	96213.6147061632	11.420000076293945	12.020822522746194	91.33632900799645	91.27542609469097	91.39721729236179	-0.12180785178807046	0.00027973526035202675	-1	0	2.11510498421722	60.95264110162524	1.0001681522776684	-273.1499938964844	9.00110680270195	-273.1499938964844	220
DATA	2025-09-16T080000_AIU-0547.ghg	2025-09-16	08:30:00	259.354	1	18000	18000	0.02523188819704847	0	NaN	26.80798178786394	0	NaN	5.059910928861336	1	NaN	-1.000160208641386	1	NaN	0.11386717584828603	1	NaN	-0.002518730876122185	1	NaN	NaN	NaN	NaN	NaN	NaN	NaN	NaN	NaN	NaN	-6.587680178247529e-11	-2.3671086491247682e-12	-3.662150643398658e-13	NaN	16.300759054462834	410.21246113246104	416.34940976029975	0.1	1	585.7246663632433	14.7398999109231	14.960414929611453	0.4	0	0.09061738524633113	2.1374674626870043	2.1694448628273455	0	0	NaN	NaN	NaN	NaN	9	288.6429148977565	287.56123300200943	95829.73679039205	1.1545166106667506	1013.4937212836122	0.024948248542183287	0.007378592994968934	0.01064655903586586	1412.8996225132184	1636.7478821594837	0.009221659469860128	86.32359558327789	223.8482596462652	285.2725030440295	1.2738322321803313	1.2238977538492783	0.3012139641843481	1.792011194116382	4.1328400937794906e-14	-4.041333385909995e-15	1.792011194116382	3.094797924946662	288.14530145526874	43.85469854473125	9.676617575181895	NaN	0.14783415488717738	0.21244782168067633	-10.205866093679276	-0.28415030859517504	5.298113378825171	0.1549772993556597	1	27.249105697561003	12	22	37	56	92	217	0.02500146976677475	1.0092161953846381	26.862258937504684	1.0133386680956853	4.641552048535658	1.0901334027823006	-0.9174658863664944	1.0901334027823006	0.10445251522214412	1.0901334027823006	-0.010984761174694433	1.1491466824695207	NaN	NaN	800000009	800000009	800000009	800000019	800010019	800010019	899999999	899999999	89999	89999	89	89	2	6	1	100	27	0	3	NaN	0	0	0	0	0	0	0	0	0	NaN	NaN	NaN	NaN	0	225	0	0	0	0	0	0	17406	0	0	0	18000	18000	18000	18000	93	NaN	0.17239295415696626	0.19056781734390388	0.06193487186048251	0.04818798477602671	0.7963849240745084	0.009018950037925588	3.4888507583277693e-7	NaN	0.02295732502334576	-0.023231691625340896	0.00264490337917887	-0.000010984761174694433	NaN	410.21263237175435	14.739885690027291	96220.85358043981	11.41360993003845	12.116601770453999	91.30887453948127	91.24812973997328	91.36961970774334	-0.12149328075473506	0.00028014170966020574	-1	0	2.1580166342059757	59.952860349196655	1.0001631356378395	-273.1499938964844	9.001092507441838	-273.1499938964844	187
DATA	2025-09-16T083000_AIU-0547.ghg	2025-09-16	09:00:00	259.374	1	18000	18000	0.03645470572259982	0	NaN	30.757919303429848	0	NaN	10.858346048375555	1	NaN	-0.7423922912066668	1	NaN	0.2445270366642912	1	NaN	-0.008869433277872114	1	NaN	NaN	NaN	NaN	NaN	NaN	NaN	NaN	NaN	NaN	-3.276725347374762e-11	-1.2388134723539058e-12	-1.8234629787274452e-13	NaN	16.08744852114574	405.8563537415145	412.180851462709	0.1	1	608.2092897948313	15.34398722975781	15.583094025484964	0.4	0	0.08952494850993621	2.1193632437774523	2.152389480479393	0	0	NaN	NaN	NaN	NaN	9	289.3986973944769	288.2977612568536	95814.35162856766	1.1511177541061735	1013.8475220119673	0.025016164555194124	0.015845351975846068	0.011052799641115	1470.5685464790754	1716.3687251040872	0.00960179755866709	85.67905747582849	245.80017862501177	285.88157188058204	1.422160936668369	1.0979271271669988	0.32860360775050046	1.8264627117412933	2.434311091866663e-15	-2.0368210304249014e-15	1.8264627117412933	3.4291971203878164	294.3313827276244	37.66861727237563	10.364667530203429	NaN	0.17795775661171062	0.23485809853042675	-15.516203758289743	-0.1869013867809409	2.8326523364054452	0.14809746838442867	1	23.349619743844634	10	19	32	50	84	206	0.036124691574845505	1.0091354177258667	31.11050276245989	1.0133243619977572	9.957888159011018	1.0904265919626441	-0.6808273905632152	1.0904265919626441	0.22424896684165624	1.0904265919626441	-0.018325065393841062	1.1492969476724118	NaN	NaN	800000009	800000009	800000009	800000019	800000019	800011119	899999999	899999999	89999	89999	89	89	8	3	0	54	37	0	9	NaN	0	0	0	0	0	0	0	0	0	NaN	NaN	NaN	NaN	0	26	0	0	0	0	0	0	16713	0	0	0	18000	18000	18000	18000	93	NaN	0.2355813833561087	0.17532717568867726	0.058807638016067545	0.15509480313579188	3.640392772702091	0.06139040956159357	3.9874400883692786e-7	NaN	0.02665720632007554	-0.017297168765422557	0.005697291675828397	-0.000018325065393841063	NaN	405.8573072005244	15.34392240721	96210.71372829861	11.40999984741211	12.724958567884268	91.23744558419122	91.17663858413695	91.29825256178113	-0.12161236133364343	0.00028046930439369237	-1	0	2.108677469299896	65.06749647453476	1.0001449141667949	-293.4586197492778	9.000992133776347	-273.1499938964844	068
DATA	2025-09-16T090000_AIU-0547.ghg	2025-09-16	09:30:00	259.395	1	18000	18000	0.04779629904500738	0	NaN	3.9688275957270336	1	NaN	54.12946289465474	0	NaN	0.5797910892795561	1	NaN	1.2210081586566548	0	NaN	-0.010079744165655083	0	NaN	NaN	NaN	NaN	NaN	NaN	NaN	NaN	NaN	NaN	-5.0204513145495356e-11	-1.9330126313499303e-12	-2.8085010343018635e-13	NaN	15.737913613567946	399.11624738557964	405.3452196231423	0	0	605.9532081898192	15.367079555924988	15.60691221759511	0.1	1	0.08803978744573251	2.1006687811656177	2.1334537344315123	-0.1	0	NaN	NaN	NaN	NaN	9	290.98726243082683	290.0240365685356	95826.41342947049	1.1444000911449146	1013.8937612461317	0.02516278919074358	0.07912132868095123	0.011004931776174162	1472.9671206120236	1916.441980830889	0.00961633248837326	76.8594685018018	443.4748602188654	285.90644625530746	1.3231594935101718	0.645113528274721	0.337705845662487	1.5102873063837112	4.818123861954013e-14	-3.1900361368239513e-15	1.5102873063837112	3.5558323792107664	306.0082027712815	25.99179722871853	12.920784901363314	NaN	0.20436578744291675	0.35747014636949426	-182.14155145186447	-0.015921682762026976	0.07332102303418483	0.016737234706646748	0	66.02223601535361	-10.019129030746644	22.66329714757001	56.43481433787216	86.06665268807865	120.70970414825014	180.8451330020999	0.04732034690586973	1.0100580864312854	6.992725778031713	1.013595657076829	49.75109796184136	1.088005393090451	0.5328935802723134	1.088005393090451	1.122244582987234	1.088005393090451	-0.013864480679374867	1.1481986640467663	NaN	NaN	800000009	800000009	800000009	800000009	800000009	800000009	899999999	899999999	89999	89999	89	89	0	0	0	27	10	0	0	NaN	0	0	0	0	0	0	0	0	0	NaN	NaN	NaN	NaN	0	0	0	0	0	0	0	0	16712	0	0	0	18000	18000	18000	18000	93	NaN	0.41757764172404943	0.23477655358200233	0.0625860974329368	0.2008507992519483	7.203423001272985	0.22799230136220158	1.3508616809296237e-7	NaN	0.00602665267459949	0.01361842030565261	0.028679644459316145	-0.000013864480679374867	NaN	399.11604138852334	15.366855771496954	96229.0669982639	11.380831773704951	12.74623543241286	91.08624383587309	91.02557531695896	91.14691320970321	-0.12134130148817292	0.0002816655233263091	-1	0	2.087169083330367	70.30302027511587	1.000156905664338	-273.1499938964844	9.001130740112728	-273.1499938964844	008
DATA	2025-09-16T093000_AIU-0547.ghg	2025-09-16	10:00:00	259.416	1	18000	18000	0.097891570827469	1	NaN	-2.7475378306298652	2	NaN	173.5646042309281	1	NaN	-0.35767230526485877	1	NaN	3.9191315597888052	1	NaN	0.011191170325000712	2	NaN	NaN	NaN	NaN	NaN	NaN	NaN	NaN	NaN	NaN	4.574648880950941e-11	1.6457815314191457e-12	2.5703498508603385e-13	NaN	15.552000441294641	396.3468743250951	402.0801455076701	0.2	0	559.5007566478982	14.25902583510085	14.465286732329274	0.1	1	0.0873817489716328	2.094067153529137	2.1243584353416884	0	1	NaN	NaN	NaN	NaN	9	291.99927066718203	291.0843258344862	95841.85231966146	1.140895875505017	1013.2939506441953	0.025250712777505995	0.2539597250743146	0.01017585730015181	1366.9780273642114	2049.2181959258096	0.008919181424551536	66.70729501045783	682.2401685615982	284.7716522048304	1.8330650527361068	1.0606411389016328	0.38044074640030473	2.151702180743161	1.911121712049749e-14	2.9415179727001858e-15	2.151702180743161	6.083870717681918	301.94563036286775	30.05436963713228	10.183959731370042	NaN	0.2929204169887387	0.8214212728660781	774.689874707568	0.0037434334624480534	-0.01583005845462742	-0.008113581018218985	0	58.51729533304193	-8.880225327959385	20.087093870865438	50.019703920761955	76.28320453283985	106.98827900291975	160.287937763364	0.0970621329582871	1.0085454321258152	7.0670442197482295	1.0133259722273742	158.73367228288015	1.0934328031019005	-0.3271095436776705	1.0934328031019005	3.584245459502251	1.0934328031019005	0.0002629808818681365	1.151008827849474	NaN	NaN	800000009	800000009	800000009	800000009	800000009	800000019	899999999	899999999	89999	89999	89	89	10	2	1	25	17	0	1	NaN	0	0	0	0	0	0	0	0	0	NaN	NaN	NaN	NaN	0	0	0	0	0	0	0	0	16175	0	0	0	18000	18000	18000	18000	93	NaN	0.9811514078167038	0.48784072235905496	0.17385041555639755	0.06681232643505929	0.5036996918294985	0.5082645180659328	2.3596729654599796e-8	NaN	0.006113027489430467	-0.008379261286623812	0.09181428607341045	2.629808818681365e-7	NaN	396.3473244325884	14.258534024480861	96235.54832356771	11.389166699515451	11.6005177135997	90.99133982933893	90.9346737552219	91.04800346967909	-0.11332970778478524	0.0002831487185192398	-1	0	2.0815998031265206	71.8495745624966	1.0001220249434313	-284.33386936611356	9.001069518884023	-273.1499938964844	158
DATA	2025-09-16T100000_AIU-0547.ghg	2025-09-16	10:30:00	259.437	1	18000	18000	0.061061710479874076	1	NaN	7.610446340293692	1	NaN	87.78471367844153	0	NaN	0.06331052641414547	0	NaN	1.9827172213967155	0	NaN	-0.0016815760571402192	0	NaN	NaN	NaN	NaN	NaN	NaN	NaN	NaN	NaN	NaN	-9.537101678161342e-11	-3.382782911083835e-12	-5.373899393400524e-13	NaN	15.51960981390124	396.321152652744	401.9718310113841	0.1	0	550.4761576084555	14.057398859075786	14.257826817513198	0.1	1	0.08744881262586637	2.0980241621996885	2.12793742736329	-0.1	0	NaN	NaN	NaN	NaN	9	292.3335497589111	291.3545850593299	95876.22648546007	1.1403337989898725	1013.1870153700808	0.02526509551927997	0.12848007594650715	0.01002625664278572	1348.1318819400904	2084.3242881250876	0.00879238750238496	64.67956496120743	736.1924061849973	284.5618072770285	1.9312417975808864	0.963645668790672	0.3651042257474374	2.1889744062827874	-4.346152213427798e-14	-6.145194236532133e-15	2.1889744062827874	5.407214805986208	305.4818486513718	26.51815134862815	9.601372652202546	NaN	0.23140273328964522	0.6483778322190755	-137.91661950432342	-0.02102719752284162	0.08669443712228786	0.02846557962760636	0	53.0207106925722	-8.046097402808842	18.200294233016677	45.321306041520614	69.11785131590364	96.93876923438329	145.23194086965256	0.06054739700810847	1.0084943944278353	12.50049180665661	1.013339519970638	80.25635458503486	1.0938039004180045	0.05788105746372904	1.0938039004180045	1.8126807013935562	1.0938039004180045	-0.009320683901310365	1.151234922663733	NaN	NaN	800000009	800000009	800000009	800000009	800000019	800110019	899999999	899999999	89999	89999	89	89	6	5	3	56	6	0	3	NaN	0	0	0	0	0	0	0	0	0	NaN	NaN	NaN	NaN	0	0	0	0	0	0	0	0	15655	0	0	0	18000	18000	18000	18000	93	NaN	0.7914710921339875	0.36644599176544645	0.1388385805387172	0.042367196877610494	0.2756662592732222	0.24566462584543383	2.1656315938458312e-8	NaN	0.010819457556927696	0.0014832263427497785	0.04645070226966532	-0.000009320683901310365	NaN	396.32108487669075	14.057158073880093	96266.40498741319	11.40999984741211	11.398165428797395	90.93792913309733	90.88219836468167	90.99366296513875	-0.11146696146101594	0.0002838339719455689	-1	0	2.08570708610324	72.03845753436616	1.0000866709417766	-394.9209990098829	9.000744146082136	-273.1499938964844	229
DATA	2025-09-16T103000_AIU-0547.ghg	2025-09-16	11:00:00	259.458	1	18000	18000	0.032237616189377476	1	NaN	18.27376560464321	0	NaN	63.37324929072085	0	NaN	-0.8770616559617037	0	NaN	1.4318298050183857	0	NaN	0.008512762018976397	2	NaN	NaN	NaN	NaN	NaN	NaN	NaN	NaN	NaN	NaN	3.048022158378953e-10	1.1055222426652402e-11	1.7305642380443194e-12	NaN	15.489770513614843	396.15869008609815	401.9339730544333	0.2	0	561.8163171651186	14.368735552376398	14.57820593833238	0.1	1	0.08794569564622734	2.1134935697639756	2.1443045142733363	-0.1	0	NaN	NaN	NaN	NaN	9	292.6735227500068	291.6971768374973	95889.80424435764	1.139020979740065	1013.3686709752398	0.025291222016126443	0.09278257136519139	0.010237726707120014	1378.1848237088986	2129.5827702177185	0.008988180981053006	64.71618962093686	751.3979465088198	284.89523144754787	1.3584267145246585	0.7936779075614816	0.30138066221923	1.6018982686940186	-1.194076573140119e-13	1.9677645680417748e-14	1.6018982686940186	4.537646850032896	301.70385403394164	30.296145966058365	10.844239175514085	NaN	0.1682347079114106	0.6471224426454587	-22.075491858173113	-0.13136740139841185	0.28835140708682055	0.09410512033808352	1	21.86717796083182	10	18	31	48	83	211	0.03192651385522841	1.0097443252200902	21.715170210789434	1.0134815413165796	58.21315101202529	1.0886414528158699	-0.8056478592589913	1.0886414528158699	1.315244611818545	1.0886414528158699	-0.0017789392548631328	1.1484464852490406	NaN	NaN	800000009	800000009	800000009	800000009	800010019	800010019	899999999	899999999	89999	89999	89	89	6	0	1	63	5	0	9	NaN	0	0	0	0	0	0	0	0	0	NaN	NaN	NaN	NaN	0	0	0	0	0	0	0	0	14719	0	0	0	18000	18000	18000	18000	93	NaN	0.7017051462499966	0.4828327818298695	0.10970695721105132	0.025668935610631615	0.26474930984757616	0.16056880354854144	5.4135185938919794e-8	NaN	0.018813259274566844	-0.020672942599559346	0.033749206991641426	-0.0000017789392548631328	NaN	396.1586949990467	14.368576892740622	96279.2911127568	11.416389438099332	11.734262093332077	90.86577135425145	90.80998762257894	90.92155443996853	-0.11156532527547743	0.0002841853168275622	-1	0	2.1008145098355078	72.38190719901189	1.0001102946135734	-273.1499938964844	9.00101019334793	-273.1499938964844	206
DATA	2025-09-16T110000_AIU-0547.ghg	2025-09-16	11:30:00	259.479	1	18000	18000	0.05052585450557208	0	NaN	15.213993052620422	0	NaN	40.580504357247115	0	NaN	-0.9740884461786278	1	NaN	0.9168883676022442	0	NaN	0.0024824535034067624	0	NaN	NaN	NaN	NaN	NaN	NaN	NaN	NaN	NaN	NaN	1.325711824148758e-10	4.8261229775184165e-12	7.576079112122692e-13	NaN	15.432603389543775	394.95168741260625	400.7130702741611	0.1	1	561.8086862054604	14.377826152795695	14.587563606320217	0.1	1	0.08819309148145382	2.1197669772463663	2.150689212857525	-0.1	0	NaN	NaN	NaN	NaN	9	292.7500850168864	291.7296279229058	95885.74854796007	1.1388421725739817	1013.3744604368546	0.025295105511304258	0.059414366220625424	0.010242630994236276	1378.998425687429	2133.91405348906	0.008993898576030203	64.62296002187601	754.9156278016308	284.9041686976312	1.4797864287629185	0.5257801573467072	0.31068944624001466	1.6008562023540467	7.751576108360891e-15	8.590331719708306e-15	1.6008562023540467	4.272944895735485	312.4394602559297	19.560539744070322	11.190812362996784	NaN	0.21063234506854106	0.482496172917118	-52.036908018104334	-0.055729675540888236	0.37490891977796265	0.06258707490352933	0	57.45641141770633	-8.719232100890867	19.72292675288511	49.112876306167436	74.90023520319878	105.04864485411545	157.38201236083688	0.05003810055015831	1.0097476512907368	17.387643804895113	1.0134826616796295	37.276584050384116	1.0886325931152199	-0.8947816300366189	1.0886325931152199	0.8422385783788504	1.0886325931152199	-0.0049552925649185954	1.1484432578494257	NaN	NaN	800000009	800000009	800000009	800000009	800000019	800010019	899999999	899999999	89999	89999	89	89	7	2	1	44	15	0	2	NaN	0	0	0	0	0	0	0	0	0	NaN	NaN	NaN	NaN	0	0	0	0	0	0	0	0	13388	0	0	0	18000	18000	18000	18000	93	NaN	0.5539777830583453	0.3169142775382291	0.09410028523766156	0.01892409746448414	1.0127129697296318	0.19028690549792993	1.0279537975075275e-8	NaN	0.015066321787811834	-0.02296385461550324	0.02161537923467262	-0.000004955292564918596	NaN	394.9516130099066	14.377637996681033	96272.35147005209	11.420000076293945	11.741798099199903	90.83068582810296	90.77474076165093	90.88663191244338	-0.11188869446702304	0.0002843902836320921	-1	0	2.107049632350604	72.49102427800497	1.0001045555803512	-273.1499938964844	9.001015046490563	-273.1499938964844	002
DATA	2025-09-16T113000_AIU-0547.ghg	2025-09-16	12:00:00	259.499	1	18000	18000	0.04282548641460534	1	NaN	14.492091476384314	0	NaN	62.73895953936877	0	NaN	-0.0036556176239502707	2	NaN	1.4176740926139422	0	NaN	0.005667433973878055	2	NaN	NaN	NaN	NaN	NaN	NaN	NaN	NaN	NaN	NaN	-8.112862159471533e-11	-2.8560409778645283e-12	-4.656645663957143e-13	NaN	15.383643114068908	393.8118063792347	399.348249651497	0.1	1	541.5636831858396	13.863697354611665	14.05860155175426	0.1	1	0.08829950958720525	2.1227898642468923	2.152633321126442	-0.1	0	NaN	NaN	NaN	NaN	9	292.7416520584954	291.8252357872857	95887.49226757813	1.138712308895794	1013.0890894152067	0.02530293527298619	0.09186528120138344	0.00987331421889472	1329.711758343116	2146.7198299463307	0.008670595849156002	61.941560318859096	817.0080716032148	284.35419539602253	1.384846765575538	0.6536743991126822	0.2887336270136695	1.5583510167959882	2.281864484111593e-14	-5.273693688364378e-15	1.5583510167959882	4.312995300723418	306.7317852298972	25.26821477010282	10.677545388735268	NaN	0.19392961917271542	0.5344179557690735	-42.633312814495255	-0.06802192484122427	0.23099030622735317	0.06477766194317508	1	17.666841818998805	8	15	26	42	74	205	0.04240617353335045	1.009888015029819	17.92824433376352	1.0135316653733304	57.64689717317671	1.0883319418024362	-0.0033589178848284426	1.0883319418024362	1.3026118577996226	1.0883319418024362	-0.0032249748408381615	1.1483205234684355	NaN	NaN	800000009	800000009	800000009	800000009	800000009	800010019	899999999	899999999	89999	89999	89	89	0	1	2	82	13	1	0	NaN	0	0	0	0	0	0	0	0	0	NaN	NaN	NaN	NaN	0	0	0	0	0	0	0	0	14554	0	0	0	18000	18000	18000	18000	93	NaN	0.6685183783843938	0.28937319338858875	0.1109443397651644	0.016589179174029675	0.49594068949613573	0.19657785873372616	4.140286852302205e-8	NaN	0.015540897961077686	-0.00008618565415901323	0.033423399716567354	-0.0000032249748408381614	NaN	393.8120491675941	13.86350363128361	96274.86204557291	11.38111122449239	11.191434387524945	90.81791331121657	90.7625186314053	90.87331069077386	-0.11079118632328583	0.0002844929201075704	-1	0	2.11050616053078	72.7079119575854	1.0001136302351952	-273.1499938964844	9.001048678477606	-273.1499938964844	138
DATA	2025-09-16T120000_AIU-0547.ghg	2025-09-16	12:30:00	259.52	1	18000	18000	0.10258922707471776	0	NaN	3.6074837925729137	0	NaN	140.69410698074228	1	NaN	-3.159862601398649	1	NaN	3.179579310400911	1	NaN	0.00041517443097841944	1	NaN	NaN	NaN	NaN	NaN	NaN	NaN	NaN	NaN	NaN	-9.288476960860957e-11	-3.293133819864885e-12	-5.379673325801542e-13	NaN	15.321191510132694	392.50909424618504	398.0483371297763	0.3	0	543.1970616415033	13.916005587495528	14.112393737600918	0.1	1	0.08873683558011221	2.1346244849921696	2.1647491462063027	0	0	NaN	NaN	NaN	NaN	9	292.8942323337131	291.9556575512356	95883.04141861979	1.1381281630235758	1013.1212028441107	0.025315418670163348	0.20603673931397903	0.00990567954852025	1334.666854375946	2164.29710913197	0.00870348337765811	61.6674507739484	829.630254756024	284.41029165016846	1.3264273240888644	0.45917055471893065	0.3382736099918572	1.4438407390108638	8.639322326461402e-15	-6.062503007496517e-15	1.4438407390108638	4.497057683979534	312.9056348971468	19.09436510285322	13.549617798060323	NaN	0.30023083480825447	0.4720871073874876	-635.4771565857258	-0.0045634999935812645	0.025640617578010526	0.010420691048981271	0	78.94437205557831	-11.980113028770653	27.099048290455134	67.48046186954947	102.91196211236847	144.3354901336903	216.24086559016635	0.101541798333642	1.0103152471028154	11.582813408314538	1.0137004733843449	129.36386034636075	1.0875843269058743	-2.905395492769106	1.0875843269058743	2.9235243941466713	1.0875843269058743	-0.009682543824699219	1.1480622726832723	NaN	NaN	800000009	800000009	800000009	800000009	800000019	800011019	899999999	899999999	89999	89999	89	89	8	0	1	34	9	0	4	NaN	0	0	0	0	0	0	0	0	0	NaN	NaN	NaN	NaN	0	0	0	0	0	0	0	0	13517	0	0	0	18000	18000	18000	18000	93	NaN	0.5093713552277247	0.348406646048544	0.08639621349870648	0.023123940151113593	0.9388513465838303	0.5074635242150303	3.406605210311354e-8	NaN	0.010045267022445356	-0.07458957061280153	0.07505498985531078	-0.00000968254382469922	NaN	392.5098616810227	13.915513567053145	96270.14206575521	11.392220102787018	11.236965646690782	90.77606109979418	90.71972371228536	90.83239901987712	-0.11268126831596922	0.00028489582541321094	-1	0	2.122232089493009	72.8368066866133	1.000112005268534	-273.1499938964844	9.001054980357488	-273.1499938964844	076
DATA	2025-09-16T123000_AIU-0547.ghg	2025-09-16	13:00:00	259.541	1	18000	18000	0.0330685458996077	1	NaN	10.577289329335732	0	NaN	80.53337644352138	0	NaN	-1.1486867005593924	1	NaN	1.8202875663585492	0	NaN	0.022039513907369638	1	NaN	NaN	NaN	NaN	NaN	NaN	NaN	NaN	NaN	NaN	-1.4285869402569365e-10	-4.950166684028997e-12	-8.349112663508026e-13	NaN	15.274985514337345	391.56826307715266	396.95419711410693	-0.1	0	529.2903236151582	13.568149867441791	13.754776739638407	0.1	1	0.08927183316523836	2.148864498139022	2.1784216495546596	0	1	NaN	NaN	NaN	NaN	9	293.0202203411526	292.12345474497477	95858.4086671007	1.1373325645192929	1012.930711392691	0.025336477378674373	0.11795463430003397	0.009650041761775792	1300.9701327331093	2187.096885196413	0.008484802126328368	59.48388210594864	886.1267524633038	284.02513635758936	1.2514887453120673	0.32639057378087544	0.2869864303730566	1.3248079474076062	-4.234598597186302e-14	-9.352460196548416e-15	1.3248079474076062	4.062593051172637	317.3827589273037	14.617241072696224	12.510875919398742	NaN	0.17051548007396786	0.4330161704478058	-39.696442467962775	-0.07305440537500206	0.13134044288772195	0.05384474926751532	1	16.780969719753	7	14	25	40	70	192	0.03271360510901887	1.0108499442175811	15.06519688683912	1.013942824747131	74.09271072975486	1.0869271167208088	-1.0568203542707706	1.0869271167208088	1.674709866334224	1.0869271167208088	0.01176191358275956	1.147921326281628	NaN	NaN	800000009	800000009	800000009	800000009	800000009	800010019	899999999	899999999	89999	89999	89	89	2	2	0	44	20	2	0	NaN	0	0	0	0	0	0	0	0	0	NaN	NaN	NaN	NaN	0	0	0	0	0	0	0	0	13421	0	0	0	18000	18000	18000	18000	93	NaN	0.4813537920393023	0.30350969724645077	0.08116885160985848	0.019116685989968366	1.5903104062032485	0.4272442150106385	7.783106315310649e-7	NaN	0.013076984192988386	-0.027144504497164348	0.04301503970324519	0.00001176191358275956	NaN	391.5687019411299	13.567735899090113	96245.97509092881	11.420000076293945	10.854235771099706	90.76076464716593	90.70367630280387	90.81785790273878	-0.11418552241081167	0.00028478231055649103	-1	0	2.1367128730416285	60.721313569176694	1.000113099684318	-273.1499938964844	9.001072117037243	-273.1499938964844	156
DATA	2025-09-16T130000_AIU-0547.ghg	2025-09-16	13:30:00	259.562	1	18000	18000	0.09816868643577001	1	NaN	-8.184813964887491	2	NaN	105.63470858962737	1	NaN	-2.970532742739255	1	NaN	2.387488747381727	1	NaN	-0.01911276756522297	1	NaN	NaN	NaN	NaN	NaN	NaN	NaN	NaN	NaN	NaN	4.351729547339327e-11	1.553969426720885e-12	2.549112634464967e-13	NaN	15.186014274552097	389.30530182090246	394.793642248483	0.1	1	542.2809859778446	13.901795369151792	14.097779819359893	0.1	1	0.08895511642743087	2.140893115925556	2.171074955690658	-0.1	0	NaN	NaN	NaN	NaN	9	292.88969686974417	292.0533233920491	95836.63086821366	1.1372029959902787	1013.1153755387363	0.025336150787901288	0.1547092708303359	0.009887467079803964	1332.6586069005436	2177.5421939325934	0.008694548919292933	61.20012786038334	844.8835870320497	284.3875785710236	0.8146511784548942	0.10339391877897522	0.2995132690594721	0.8741024215394315	1.2018959252657885e-14	2.8656166579743843e-15	0.8741024215394315	3.6063914330003652	324.7668052574558	7.233194742544228	20.03855360272456	NaN	0.2938106218388503	0.40934585743111684	262.41087825612664	0.011051371114155753	-0.07748224115128752	-0.02417933869041583	0	85.75138370328355	-13.013103307928933	29.435675114530557	73.29899304508619	111.78558928231936	156.78087841071124	234.8863250758133	0.0972899013270295	1.0090326446707616	-2.1290595164115675	1.0127716389441497	96.7314820959539	1.092040629387254	-2.7201668718187038	1.092040629387254	2.186263663762539	1.092040629387254	-0.021375706661149747	1.1670034600157895	NaN	NaN	800000009	800000009	800000009	800000019	800000019	800000019	899999999	899999999	89999	89999	89	89	1	11	0	22	2	0	1	NaN	0	0	0	0	0	0	0	0	0	NaN	NaN	NaN	NaN	0	0	0	0	0	0	101	0	11016	0	0	21	18000	18000	18000	18000	93	NaN	0.41356425730721674	0.3378423112771827	0.06728514627783416	0.044916121563402286	1.8876396259141253	0.6182529767027828	1.2441717388204838e-7	NaN	-0.0018479529105905625	-0.06989042098549667	0.05617261552174438	-0.000021375706661149747	NaN	389.30639810528754	13.901197512578035	96224.41379014756	11.42639022254944	11.210574249638478	90.74201090155708	90.6847283138699	90.79929504097832	-0.11456733842276862	0.0002857093966126236	-1	0	2.1284892625136416	71.73363160260547	1.000109160532554	-273.1499938964844	9.00093046649297	-273.1499938964844	128
DATA	2025-09-16T133000_AIU-0547.ghg	2025-09-16	14:00:00	259.583	1	18000	18000	0.017702505628776715	1	NaN	11.765753444063037	0	NaN	-7.419938903489083	1	NaN	2.31322240796396	0	NaN	-0.16764075094342343	1	NaN	0.0007349498965742141	0	NaN	NaN	NaN	NaN	NaN	NaN	NaN	NaN	NaN	NaN	5.529419347177656e-11	2.114478796950956e-12	3.2524971207344687e-13	NaN	15.089051613391835	386.81517997755816	392.62286295144514	0.1	0	577.0132033646705	14.792014225124673	15.014103051033043	0.1	1	0.08875633017817831	2.1333681983812256	2.165398808357518	-0.6	0	NaN	NaN	NaN	NaN	9	292.58499203830297	291.6824885270861	95795.38146354168	1.1377735564045517	1013.6052558316736	0.025314876067768794	-0.010863120661133837	0.010529464975070086	1417.3867423423092	2127.624837545699	0.009254446911513722	66.61826452342613	710.2380952033898	285.32067099794637	0.455289930606141	-0.3387931081278248	0.19803889280464357	0.6010732851238313	-5.015224022906382e-14	3.664524112483111e-15	0.6010732851238313	1.9018904404597041	8.653896869651646	323.34610313034835	19.236940715415294	NaN	0.12473532203946779	0.10364680373960543	-13.96581386098936	-0.20764991062214824	-1.585694113806034	0.08179101562558473	1	7.316934728456634	3	6	10	16	28	71	0.017374433970196147	1.0188824372145497	11.182027432684885	1.0187563242600923	-6.818729217846836	1.0881703417799147	2.125790714145208	1.0881703417799147	-0.15405745268632695	1.0881703417799147	-0.0024821323218406155	1.1527456509345768	NaN	NaN	800000009	800000009	800000009	800000009	800000019	801000019	899999999	899999999	89999	89999	89	89	4	9	1	7	4	0	2	NaN	0	0	0	0	0	0	0	0	0	NaN	NaN	NaN	NaN	0	0	0	0	0	0	0	0	4015	0	0	0	18000	18000	18000	18000	93	NaN	0.05803423638324268	0.12693009290606866	0.022329278189899528	0.04149369257493449	4.152652939517007	0.4054573140774903	4.274629793083028e-8	NaN	0.009696072712170692	0.05462231932963878	-0.0039585154454524814	-0.0000024821323218406156	NaN	386.81566647043695	14.791620636855283	96183.55112543402	11.430000305175781	12.152131454732727	90.71617660776774	90.6584023361206	90.77395158513387	-0.11554733560482658	0.00028485759647446684	-1	0	2.1202131484614473	78.84062055206297	1.0001154323418935	-273.1499938964844	9.00099180926217	-273.1499938964844	225
DATA	2025-09-16T140000_AIU-0547.ghg	2025-09-16	14:30:00	259.604	1	18000	18000	0.025169681376552042	1	NaN	7.641262236415701	0	NaN	18.050998892420882	0	NaN	2.0120315495829706	0	NaN	0.40765530098450925	0	NaN	NaN	NaN	NaN	NaN	NaN	NaN	NaN	NaN	NaN	NaN	NaN	NaN	4.250310264063738e-11	1.6210778020019392e-12	NaN	NaN	15.13330735739433	387.854579645166	393.67820625892233	0.1	1	577.1877134562213	14.792860059736642	15.014974475960036	0.1	1	NaN	NaN	NaN	NaN	0	NaN	NaN	NaN	NaN	9	292.6033053749932	291.2351580100009	95155.58040482523	1.131965152451662	1013.5560665683089	0.025565540880924876	0.0264160635037962	0.01042682195089693	1401.3861670278998	2067.9063593414967	0.009211257014682865	67.76835714525083	666.5201923135969	285.1482907401523	0.5656579054240704	-0.45699959949999547	0.21761446508260257	0.7590609694386208	1.9793233098484048e-15	2.808579885207302e-15	0.7590609694386208	2.3966018044108774	10.935025143835958	321.06497485616404	16.659837460819976	NaN	0.14911534246336472	0.16132075003380464	-36.56296949043546	-0.0793152208482031	0.4233152016658788	0.04466444473695886	1	8.603847970673604	4	7	13	21	37	101	0.024777102136323524	1.0158444372577773	8.577619353385193	1.0168279319116265	16.612236408311286	1.0866085967443713	1.8516617258608974	1.0866085967443713	0.3751629631919907	1.0866085967443713	NaN	1	NaN	NaN	800000009	800000009	800000009	800000019	800000009	811000009	899999999	899999999	89999	89999	89	89	2	8	1	2	4	0	2	NaN	0	0	0	0	0	0	0	0	0	NaN	NaN	NaN	NaN	0	2391	0	0	0	0	0	0	7385	0	0	0	18000	18000	18000	18000	93	NaN	0.09089978548274062	0.19371195976295502	0.03802975482191363	0.06159420045450924	6.2162581296126955	0.43473297644717307	NaN	NaN	0.007476286488652642	0.04804632692130788	0.009734608717425685	NaN	NaN	387.85534897711074	14.792438211954439	96149.99193489584	11.391109231154122	12.146846130900892	90.73166532092624	90.6742170346578	90.78911485671998	-0.11489655087060385	0.0002849562890704773	-1	0	2.21455527758598	65.95607482497549	1.0001118553744421	-273.1499938964844	9.001014332824283	-273.1499938964844	123
DATA	2025-09-16T143000_AIU-0547.ghg	2025-09-16	15:00:00	259.624	1	18000	18000	0.04118872053083846	1	NaN	5.841754571660405	0	NaN	16.95898721578996	0	NaN	0.2823010519804489	1	NaN	0.38324100398450184	0	NaN	-0.009129248861373273	0	NaN	NaN	NaN	NaN	NaN	NaN	NaN	NaN	NaN	NaN	-6.797610353152801e-11	-2.564760581749962e-12	-3.991418665855583e-13	NaN	15.155703611027139	388.5583938613513	394.3395837249408	0.1	1	571.8296458728222	14.660435072178794	14.878561253401726	0.1	1	0.08899121182956807	2.1411695302293046	2.1730270522387385	0	1	NaN	NaN	NaN	NaN	9	292.8336932584974	291.90388936805164	95727.59688556392	1.1361629559308728	1013.5362360835917	0.025352030293909585	0.02483401705819572	0.010420508395754268	1403.7846681548988	2157.305149128304	0.009171667093490663	65.07121483125009	753.5204809734053	285.1742407052056	0.6844922145404632	-0.2507393698348068	0.1993686074188532	0.7557431210244548	1.173376854681609e-14	-4.485182956604487e-15	0.7557431210244548	2.856202592668674	352.11851107322076	339.88148892677924	15.29594155548124	NaN	0.19040083038221947	0.3220746202033855	-99.98929433883676	-0.02900310497414535	0.34446364616758113	0.026643701751001277	1	5.600888768872296	2	5	9	15	27	84	0.040544245259667724	1.0158956040997473	6.738416593384957	1.0168599636748388	15.60696247151657	1.0866295889889463	0.25979510850897747	1.0866295889889463	0.3526878044440959	1.0866295889889463	-0.011254490890394112	1.150309557412398	NaN	NaN	800000009	800000009	800000009	800000019	800000019	801100019	899999999	899999999	89999	89999	89	89	1	5	3	1	7	0	1	NaN	0	0	0	0	0	0	0	0	0	NaN	NaN	NaN	NaN	0	5	0	0	0	0	101	0	11862	0	0	16	18000	18000	18000	18000	93	NaN	0.13729544213555514	0.449703643081211	0.05715015519000493	0.08136847162958472	4.487077529879127	0.5356027563660446	2.0180063403407988e-7	NaN	0.005851644739095878	0.006684355304338533	0.00907442257070032	-0.000011254490890394112	NaN	388.55912874947575	14.6599172658076	96117.61926289063	11.399166928397287	12.002157714366923	90.73896287663779	90.68149539777968	90.79642859098647	-0.1149291706244562	0.0002850043293696623	-1	0	2.127990915008792	74.35231387001568	1.0001003396246169	-273.1499938964844	9.000906702836355	-273.1499938964844	007
DATA	2025-09-16T150000_AIU-0547.ghg	2025-09-16	15:30:00	259.645	1	18000	18000	0.04191700600743886	0	NaN	5.291711177385433	1	NaN	78.89908970675965	1	NaN	-3.106031478912969	1	NaN	1.7840379638639055	1	NaN	-0.001481785421171442	1	NaN	NaN	NaN	NaN	NaN	NaN	NaN	NaN	NaN	NaN	1.5723159056953255e-10	5.799470389615284e-12	9.248244623238918e-13	NaN	15.069608944162784	387.3076119608421	392.92079985007297	0.1	1	555.8409130009067	14.285799813531634	14.492841648044815	0.1	1	0.08863831332325937	2.1384500494328953	2.1694422673715796	0	1	NaN	NaN	NaN	NaN	9	293.29005659908717	292.52412297058106	95687.92073524305	1.1334455006763395	1013.3402993638718	0.025416432290409862	0.11560566005838106	0.010128491446368097	1367.3451577034211	2242.3911021303866	0.008936019808913894	60.97710414585453	875.0459444269654	284.7757147176441	0.5257186005258431	-0.040058111495478034	0.20290592859202783	0.564938505585522	1.655947967843724e-14	1.0433687506565074e-14	0.564938505585522	2.996343969552148	336.3573391900641	355.6426608099359	21.048901878897944	NaN	0.19230687296663126	0.2655043001152778	-113.69148239741232	-0.02550762765026631	0.0670693565293703	0.02395771360946153	1	3.203921624459765	1	3	5	9	16	51	0.041103071136152775	1.0198022884613647	9.71120629928513	1.019348871475411	72.4685491814171	1.088735604589577	-2.8528794923390572	1.088735604589577	1.6386328841853555	1.088735604589577	-0.007994543698934178	1.1535476093583614	NaN	NaN	800000009	800000009	800000009	800000009	800000019	800110019	899999999	899999999	89999	89999	89	89	4	0	3	27	16	0	1	NaN	0	0	0	0	0	0	0	0	0	NaN	NaN	NaN	NaN	0	0	0	0	0	0	0	0	10420	0	0	0	18000	18000	18000	18000	93	NaN	0.19173043438348614	0.2771856046367411	0.06209256121032838	0.026843886077505225	2.362295723309844	0.4159332917278041	7.27458262188329e-8	NaN	0.008455070300000627	-0.07356118063789062	0.04225196679931155	-0.000007994543698934178	NaN	387.30819253769425	14.28539587679266	96079.42832617188	11.420000076293945	11.607080211957308	90.67845569356284	90.61990865665013	90.73700056457521	-0.11709592946639509	0.00028601205456329305	-1	0	2.1257614398664892	78.08484655626413	1.0000948731319772	-299.3129949951185	9.000906163427565	-273.1499938964844	183
DATA	2025-09-16T153000_AIU-0547.ghg	2025-09-16	16:00:00	259.666	1	18000	18000	0.05565411402271025	1	NaN	31.139102135129505	1	NaN	-50.1340646576714	1	NaN	2.449987361754555	1	NaN	-1.1334647267413758	1	NaN	-0.008312359750239235	1	NaN	NaN	NaN	NaN	NaN	NaN	NaN	NaN	NaN	NaN	1.6548695829923448e-10	6.3848674972504955e-12	9.783240695953353e-13	NaN	14.975849542914832	385.20185543976277	391.01308153788244	0	0	577.8027221780951	14.861973607797603	15.086184077398274	0.1	1	0.08853407072706862	2.1351568294328085	2.1673681983957462	-0.8	0	NaN	NaN	NaN	NaN	9	293.2361381632487	292.3881872713224	95669.2094159311	1.1335023637734094	1013.659652963347	0.025409590021854743	-0.07344851429284115	0.010539830385725724	1422.2146571405362	2223.495683842496	0.009298463525597612	63.96300507688688	801.2810267019597	285.3723476625816	0.28909654108487065	-0.17299482536705485	0.19115176601855818	0.38735386576492425	-2.081030966471299e-14	1.1050255134108729e-14	0.38735386576492425	1.8097480975307536	2.8962226419101285	329.10377735808987	29.569634355170496	NaN	0.22158350189799073	0.13702394653583763	-29.554722323826326	-0.09812306704238895	-0.6211166468898043	0.12230777727092397	0	78.7215895936735	-11.946304930676357	27.02257428051336	67.29003077187491	102.62154267293448	143.92817274050634	215.63062991222986	0.05421203607213562	1.0266006970971495	27.715647355850464	1.0237846691211887	-45.84594845496615	1.0935331549944354	2.240432629376493	1.0935331549944354	-1.0365161052178098	1.0935331549944354	-0.013937343195704424	1.1598316393660286	NaN	NaN	800000009	800000009	800000009	800000019	800000019	800100019	899999999	899999999	89999	89999	89	89	6	0	1	4	2	0	0	NaN	0	0	0	0	0	0	0	0	0	NaN	NaN	NaN	NaN	0	1	0	0	0	0	0	0	7580	0	0	0	18000	18000	18000	18000	93	NaN	0.08330941341481911	0.14334405412780077	0.04739442552905538	0.04898930263547464	6.403955026223144	0.4943035455552343	1.371104635383281e-7	NaN	0.02412184021245098	0.0577875418802392	-0.02673488908099236	-0.000013937343195704425	NaN	385.20222959163976	14.861495142678747	96058.84995887587	11.413610485606721	12.201841825273322	90.64299852667915	90.5850321990119	90.7009586575826	-0.11592688887587027	0.0002862164177964183	-1	0	2.1219811858137447	78.90988344701131	1.000092653968268	-291.15724465263634	9.000909151554108	-273.1499938964844	108
DATA	2025-09-16T160000_AIU-0547.ghg	2025-09-16	16:30:00	259.687	1	18000	18000	0.022447996141666756	1	NaN	18.65965253353485	0	NaN	-38.58273153306974	1	NaN	-1.5565109296080335	0	NaN	-0.8720526885628098	1	NaN	-0.00718447168018548	1	NaN	NaN	NaN	NaN	NaN	NaN	NaN	NaN	NaN	NaN	-8.250703284017329e-12	-3.253007015554082e-13	-4.892246348771838e-14	NaN	14.958721560029941	384.47759541537744	390.3955264614718	0.1	1	589.7779195715324	15.158808554324931	15.392134981755692	0.1	1	0.08869759148424777	2.136470118419782	2.169354954866987	0.6	0	NaN	NaN	NaN	NaN	9	292.90641393195256	292.08924717542857	95657.955953125	1.1344009213889745	1013.8194617910448	0.025386597244525168	-0.05650901421887007	0.010760076752238161	1450.449604408261	2182.431871714685	0.009485250363745642	66.46024662701967	731.9822673064239	285.6715117311169	0.11408839653663061	-0.27596314694556173	0.18344807298977509	0.35046400126127136	-9.960673703456064e-15	-5.515647343863532e-16	0.35046400126127136	1.0297073339728002	39.53887106788204	292.46112893211796	31.5635135802176	NaN	0.14067130105603054	0.07239136851743537	-12.61875843150581	-0.22981658740367372	-0.4836270474406777	0.1153375849933463	1	2.1790582600453092	1	2	3	5	9	23	0.021819706135540254	1.0287946135582062	16.10538327625941	1.0252289115112572	-35.228617683066794	1.0952099193950253	-1.4211987145512914	1.0952099193950253	-0.7962425039434599	1.0952099193950253	-0.00980352485515102	1.1619385109142664	NaN	NaN	800000009	800000009	800000009	800000009	800000019	800000019	899999999	899999999	89999	89999	89	89	0	0	0	7	5	0	6	NaN	0	0	0	0	0	0	0	0	0	NaN	NaN	NaN	NaN	0	0	0	0	0	0	0	0	5619	0	0	0	18000	18000	18000	18000	93	NaN	0.03931209584063382	0.08492941328743463	0.0205412279068023	0.03689032788689694	4.737723207345423	0.29518963008359517	0.0000012236717078206407	NaN	0.014003734559892591	-0.03663488961322531	-0.02052510738903712	-0.00000980352485515102	NaN	384.4771074012847	15.15852034021085	96046.14938715278	11.40999984741211	12.507006227917138	90.65057801416185	90.59297971555922	90.70817626168993	-0.11519992025817444	0.00028548603291791454	-1	0	2.123024471090899	79.60889670990245	1.0000839504169092	-273.1499938964844	9.000908172898823	-273.1499938964844	127
DATA	2025-09-16T163000_AIU-0547.ghg	2025-09-16	17:00:00	259.708	1	18000	18000	0.007403877234442897	1	NaN	18.183513694289903	1	NaN	-5.267299693001507	2	NaN	3.067117161612763	1	NaN	-0.11901827468177162	2	NaN	0.006861755502205223	2	NaN	NaN	NaN	NaN	NaN	NaN	NaN	NaN	NaN	NaN	1.0778132625613048e-10	4.378649859030715e-12	6.378897959344741e-13	NaN	14.961813631804807	384.15869995095915	390.2491492565964	-0.1	0	607.8283263472058	15.60656651587653	15.853992910780866	0.1	1	0.08854955283924937	2.130441734389056	2.164217742542892	0	1	NaN	NaN	NaN	NaN	9	292.6495292332967	291.7930967831082	95649.46439040799	1.1352581068995775	1014.064434792322	0.025363109162355586	-0.007712384199378801	0.01108816476853958	1493.1601452117995	2142.4076224881815	0.009767087062537413	69.69542721649071	649.2474772763819	286.11445663788453	0.06654463149322262	-0.36724156034511446	0.18159263387833713	0.41505473892505906	1.0422147077972902e-14	7.203760781180717e-15	0.41505473892505906	1.0052964671586406	51.729373451545484	280.2706265484545	25.94542936110132	NaN	0.08075739446797367	0.029414281798305998	-2.4500570265932637	-1.1836459186553585	-3.4521509604721667	0.19558491069724857	1	5.500862100218669	2	4	7	11	18	41	0.007221963243604168	1.025188994280722	17.567550057742366	1.022857754946173	-4.821426589668385	1.0924774224061742	2.8074879157296064	1.0924774224061742	-0.10894346394787241	1.0924774224061742	0.00100026588290581	1.15849124952088	NaN	NaN	800000009	800000009	800000009	800000009	800000019	800000019	899999999	899999999	89999	89999	89	89	1	4	0	26	0	0	0	NaN	0	0	0	0	0	0	0	0	0	NaN	NaN	NaN	NaN	0	0	0	0	0	0	0	0	8959	0	0	0	18000	18000	18000	18000	93	NaN	0.02131902269582715	0.026159386604292446	0.011350154296492401	0.05820216108793835	11.285284422478894	0.19328043190942398	7.74017645226226e-8	NaN	0.015259877116675136	0.07233583938676935	-0.0028069637864580506	0.0000010002658829058101	NaN	384.1584853723294	15.606375424688027	96033.34099414063	11.400276291529337	12.952561279720694	90.6748319513533	90.61753809865317	90.73212341923184	-0.11458640046334932	0.0002856517269715872	-1	0	2.116633300738203	77.32346367019078	1.0000915603207217	-273.1499938964844	9.000912354522281	-273.1499938964844	193
DATA	2025-09-16T170000_AIU-0547.ghg	2025-09-16	17:30:00	259.729	1	18000	18000	0.012897791776625455	1	NaN	7.5180909021106945	0	NaN	15.086518161460614	1	NaN	-0.45748276606908256	2	NaN	0.3406583292596037	1	NaN	-0.00048776608950581486	0	NaN	NaN	NaN	NaN	NaN	NaN	NaN	NaN	NaN	NaN	-2.5284587814645282e-11	-1.085507164762279e-12	-1.5061400577641882e-13	NaN	14.871381838227018	380.8075994718305	387.1367707099111	0.1	1	638.4518368917508	16.34866981628885	16.620391102643556	0.1	1	0.08858512571000662	2.1251172762159047	2.1604375564855975	0	1	NaN	NaN	NaN	NaN	9	292.1524974246555	291.08745891524796	95644.987109746	1.1376356473674236	1014.4674291722276	0.02530295843570425	0.02207465973602232	0.0116430272723171	1564.0877513128385	2049.622189118348	0.010234407913693597	76.3110274477286	485.5344378055097	286.82599842731673	0.07483732347083129	-0.4568170327949512	0.1698171228261457	0.493072288453545	1.9175637184773615e-14	-1.7002177800082456e-15	0.493072288453545	1.1798925903892898	52.69625429946882	279.3037457005312	20.145548471234726	NaN	0.10647706823337347	0.07402372765333691	-13.58323515638944	-0.21349847562904514	0.4983317437230874	0.061180100747946	1	6.821209695826633	3	6	10	15	26	66	0.01262008448157201	1.0220051851046605	8.25928868551163	1.0207772347273425	13.838369319356932	1.0901947919801351	-0.41963396764916716	1.0901947919801351	0.31247473549278426	1.0901947919801351	-0.003705190420036771	1.1555279335635027	NaN	NaN	800000009	800000009	800000009	800000019	800000019	800010019	899999999	899999999	89999	89999	89	89	0	1	1	44	10	0	2	NaN	0	0	0	0	0	0	0	0	0	NaN	NaN	NaN	NaN	0	0	0	0	0	0	101	0	15412	0	0	11	18000	18000	18000	18000	93	NaN	0.028968705527156215	0.1051275484621252	0.013951201317392426	0.019015750008869972	3.7158152904097075	0.05139180914409736	1.4213643461524318e-7	NaN	0.0071565110495984754	-0.010794503960477125	0.00803798078768945	-0.000003705190420036771	NaN	380.8077920612425	16.34861370383176	96027.20474674478	11.406110869513618	13.667754122734047	90.71539025412666	90.65490907584297	90.77587510342069	-0.12096959876600218	0.00028448065698547805	-1	0	2.1106607564555278	75.00949692015485	1.0000926408949826	-283.7686193423787	9.000919022162755	-273.1499938964844	003
DATA	2025-09-16T173000_AIU-0547.ghg	2025-09-16	18:00:00	259.749	1	18000	18000	0.07386479638383235	0	NaN	-23.36598895704316	1	NaN	213.3694276802696	1	NaN	-5.332088677225455	1	NaN	4.820455840424653	1	NaN	0.010111676278550573	0	NaN	NaN	NaN	NaN	NaN	NaN	NaN	NaN	NaN	NaN	-1.8077154908085488e-10	-7.03185298705339e-12	-1.0684006923999271e-12	NaN	15.00788174187795	384.45293492136244	390.2896694342521	0.1	1	583.7932937597717	14.954878312178705	15.181922109876888	0.1	1	0.08869997146125469	2.1318818314393067	2.16424789535168	0	1	NaN	NaN	NaN	NaN	9	292.6726263444689	291.6267612847222	95638.41331575521	1.1360559279243423	1013.6950972554132	0.02535158007396345	0.31236553845951753	0.010629984837890948	1430.644485434896	2120.2108001856473	0.009356920356300338	67.47652098129242	689.5663147507512	285.4622092866369	0.6017004279614232	0.14670830690294281	0.24308806080197226	0.6653258882891688	-4.905789234377619e-14	-1.2045107510171169e-14	0.6653258882891688	3.715962622935415	318.297343712802	13.702656287198032	21.430164420951243	NaN	0.2549875031924595	0.37935976017977097	60.00580071335601	0.0483286609881788	-0.1095095450696746	-0.07957162229652766	0	70.02522224498567	-10.62659763471302	24.037392783753624	59.85650676001019	91.28494952765833	128.02843966299451	191.80993245141022	0.07310180870947415	1.0104373296342162	-11.13829062305782	1.0143373591173417	194.007544100557	1.0997996426864567	-4.848236415317319	1.0997996426864567	4.383030920659176	1.0997996426864567	0.0028586608436780587	1.182389090069374	NaN	NaN	800000009	800000009	800000009	800000009	800001019	800101019	899999999	899999999	89999	89999	89	89	3	11	2	18	35	0	6	NaN	0	0	0	0	0	0	0	0	0	NaN	NaN	NaN	NaN	0	0	0	0	0	0	0	0	15572	0	0	0	18000	18000	18000	18000	93	NaN	0.34044648915032677	0.33417446124694944	0.0840985699622657	0.06497303134801181	4.204238621408106	1.5089798715115723	1.7304044157401822e-7	NaN	-0.009671893087465992	-0.1247769787754991	0.11280418471995067	0.0000028586608436780585	NaN	384.45566073750985	14.953429656794768	96022.30249135561	11.420000076293945	12.26113362704384	90.73625760014852	90.6779856300354	90.79453161493937	-0.11654499199055146	0.0002850511397668419	-1	0	2.1186346807665295	77.20538917562668	1.000088729782237	-273.1499938964844	9.000889642079672	-273.1499938964844	047
DATA	2025-09-16T180000_AIU-0547.ghg	2025-09-16	18:30:00	259.77	0	18000	18000	0.11309449881450938	0	NaN	-5.132236760004317	1	NaN	170.17859884123266	1	NaN	-0.5404402763814585	2	NaN	3.8449150302875097	1	NaN	0.0012891274893881489	1	NaN	NaN	NaN	NaN	NaN	NaN	NaN	NaN	NaN	NaN	-4.56123772335349e-11	-1.5449609669532842e-12	-2.6662359099482373e-13	NaN	15.206921440245722	389.48552007776254	394.69248896192465	0.1	1	515.0816834740955	13.192470162928378	13.36883816148681	0.1	1	0.08889087235281272	2.1354785489132673	2.1640274160310153	0.5	0	NaN	NaN	NaN	NaN	9	292.6641617117988	291.688537334866	95650.39871940104	1.1367189941620557	1012.711141760983	0.02535377303043261	0.24915049396263061	0.009376447289475296	1262.2035131145751	2128.4309447118217	0.008248694125488105	59.30206550748448	866.2274315972466	283.57101108312696	1.1755281438157739	0.5685492124929238	0.3065906204670058	1.3413099688316517	7.03879190064076e-14	-2.9994484690911815e-15	1.3413099688316517	6.865320653274079	306.1890690452405	25.810930954759474	13.213221018656755	NaN	0.31542359822177873	0.7586548619531129	517.0167880028681	0.005609102194151406	-0.030157944623767963	-0.014134283445172242	0	66.38125981860665	-10.07361227801299	22.786538401233127	56.741702484992025	86.534676475915	121.36611416536581	181.82855482130515	0.11188949522903752	1.010769586394194	4.592051341094015	1.0139045858782305	156.55653580804105	1.0870105036681066	-0.49718036261632065	1.0870105036681066	3.5371461612494826	1.0870105036681066	-0.008069514210646332	1.1479323077351093	NaN	NaN	800000009	800000009	800000009	800000009	810001019	810111019	899999999	899999999	89999	89999	89	89	14	3	2	53	38	3	8	NaN	0	0	0	0	0	0	0	0	0	NaN	NaN	NaN	NaN	0	0	0	0	0	0	0	0	17142	0	0	0	18000	18000	18000	18000	93	NaN	0.7115215679422416	0.6587054215878679	0.14708273437611627	0.026420811025550914	0.7877106780221467	0.38148356776481684	1.1587528750187604e-7	NaN	0.00398903668207611	-0.01277396340377018	0.09087924426423004	-0.000008069514210646331	NaN	389.48557891074256	13.192095080603082	96032.55152387153	11.420000076293945	10.400166850937756	90.75938227081299	90.70196033477784	90.81679857232835	-0.11483635450402918	0.00028460450292590805	-1	0	2.123759426550733	77.78822037951153	1.0000977659026782	-273.1903688981798	9.000971426116095	-273.1499938964844	061
DATA	2025-09-16T183000_AIU-0547.ghg	2025-09-16	19:00:00	259.791	0	18000	18000	0.34903302754269855	1	NaN	119.60271630136928	1	NaN	-190.76732067136788	2	NaN	-2.1117214561083695	2	NaN	-4.308589224883094	2	NaN	-0.04510498127464319	1	NaN	NaN	NaN	NaN	NaN	NaN	NaN	NaN	NaN	NaN	8.322048343999945e-10	2.79719579157975e-11	4.8764667454451876e-12	NaN	15.28549486955308	391.03155030594877	396.2394443225634	0.1	1	513.7740151696481	13.14330032316275	13.318347362354375	0.1	1	0.08956834223726916	2.1481301046012304	2.1767396475138407	0.7	0	NaN	NaN	NaN	NaN	9	292.21177974700936	291.3288735565032	95680.91842172765	1.138506765593496	1012.675749977223	0.02531443358510598	-0.27919658177242446	0.009356017194110262	1257.9003739874956	2080.9618920443536	0.008217796746454144	60.44802544422014	823.061518056858	283.51984787169266	-0.2974981621326466	-0.09056385204964831	0.15549455679498833	0.3476859573858851	-4.037726551805632e-14	5.444408843168365e-14	0.3476859573858851	4.678938185057688	135.06879722750853	196.93120277249156	26.565911536555216	NaN	0.5536884374216985	0.5037947964806996	-120.02617481480674	-0.02416139649934298	-0.6269560000132683	0.18735684422927018	0	81.0370392297351	-12.297683346010572	27.817393212730284	69.26924229523868	105.63996512680758	148.1615531500122	221.9730051885814	0.33920400711661713	1.028976722620798	106.39443981107533	1.025349084879402	-174.1609163781282	1.0953509239534824	-1.9278948964469496	1.0953509239534824	-3.9335240703791765	1.0953509239534824	-0.06575968894042514	1.162114772153717	NaN	NaN	800000009	800000009	800000009	800000019	800001019	801111119	899999999	899999999	89999	89999	89	89	11	9	2	15	12	2	3	NaN	0	0	0	0	0	0	0	0	0	NaN	NaN	NaN	NaN	0	822	0	0	0	0	0	0	14406	0	0	0	18000	18000	18000	18000	93	NaN	0.5378052944653079	0.19454588028408962	0.2752384182120016	0.1893817545982137	2.684361849995914	0.605060697720787	0.0000011822862373496686	NaN	0.09228113049301849	-0.049453726850917305	-0.1009014678634962	-0.00006575968894042514	NaN	391.030589788422	13.14271286388411	96065.91785481772	11.420000076293945	10.341076194445414	90.77026210488214	90.71242589908175	90.82810028839111	-0.1156800592251951	0.0002845480893576881	-1	0	2.143445363064607	62.4227989018757	1.0001086299270392	-273.1499938964844	9.00095182742013	-273.1499938964844	183
DATA	2025-09-16T190000_AIU-0547.ghg	2025-09-16	19:30:00	259.812	0	18000	18000	0.09242581963822817	1	NaN	13.521013422017052	1	NaN	42.38203932469599	1	NaN	2.5099155143193284	1	NaN	0.9559153799773777	1	NaN	NaN	NaN	NaN	NaN	NaN	NaN	NaN	NaN	NaN	NaN	NaN	NaN	1.4809425016169958e-10	5.316733448249418e-12	NaN	NaN	15.365327762115824	391.8758160706768	397.4676849385584	0.2	0	551.6308159631998	14.068738364846004	14.269492116025601	0.1	1	NaN	NaN	NaN	NaN	0	NaN	NaN	NaN	NaN	9	291.2063034939236	289.91109742588577	95179.9526375816	1.137734127755201	1013.1264615408327	0.025436965875233256	0.06194331662253407	0.009966545181597928	1333.4369034476608	1902.0510816926949	0.008759994921891246	70.10520991165986	568.614178245034	284.39638460140634	-0.6834188686997188	-0.07481131097830647	0.13951460094827217	0.7015143663695623	-1.6656272021781995e-15	9.638209640202744e-15	0.7015143663695623	3.4169570340144126	145.75291842062836	186.24708157937172	11.471257425149213	NaN	0.28502060825584913	0.20548051927797023	-144.30186871666157	-0.020096759839570644	0.31902696607943465	0.041155562054131734	0	85.05703450919249	-12.907733138909279	29.197327505306873	72.70547379734263	110.88043498069612	155.5113866325955	232.98439506050607	0.0908987746117201	1.0167994016754454	15.744068254922848	1.0174280586047988	38.98867620658175	1.0870345815316858	2.308956455444805	1.0870345815316858	0.8793789969684731	1.0870345815316858	NaN	1	NaN	NaN	800000009	800000009	800000009	800000019	800001009	801101019	899999999	899999999	89999	89999	89	89	5	5	2	1	0	0	0	NaN	0	0	0	0	0	0	0	0	0	NaN	NaN	NaN	NaN	0	4563	0	0	0	0	0	0	15106	0	0	0	18000	18000	18000	18000	93	NaN	0.2119677487485531	0.13437373074551578	0.06461955906187157	0.12397577905671425	4.115694213586804	0.23132455995351697	NaN	NaN	0.013658799175961729	0.059567363908544724	0.02268656414131508	NaN	NaN	391.87492612725055	14.06851137322234	96058.97061631945	11.390832002586787	11.378176629596167	90.8319392475552	90.77391593805949	90.88996245829264	-0.11604734069895416	0.00028344897086693286	-1	0	1.7868989020095076	52.90993638394427	1.0001084780908294	-319.9849958631773	9.000945362991757	-273.1499938964844	206
DATA	2025-09-16T193000_AIU-0547.ghg	2025-09-16	20:00:00	259.833	0	18000	18000	0.049035290538176464	1	NaN	6.710377530511127	1	NaN	8.408075440956472	1	NaN	0.29488785420300473	2	NaN	0.18943846134094847	1	NaN	NaN	NaN	NaN	NaN	NaN	NaN	NaN	NaN	NaN	NaN	NaN	NaN	-2.633641377336049e-10	-9.878910503809316e-12	NaN	NaN	15.53660687762084	394.75102390318534	400.68407046169705	0	0	582.7853032599895	14.807293316340777	15.029844634340487	0.1	1	NaN	NaN	NaN	NaN	0	NaN	NaN	NaN	NaN	9	290.1544794125027	288.7964635684445	95131.21441293907	1.1412253879953032	1013.5144526998879	0.025358073653556114	0.01227561229489346	0.010522385642445056	1402.3878265187013	1771.4628061037463	0.00922025197925965	79.16552476781554	369.07497958504496	285.1591326864008	-0.3647549133145327	-0.1428617990916154	0.17770598356405037	0.43015701438109594	6.683846440562828e-15	-1.695120046533188e-14	0.43015701438109594	1.6624008271363548	130.61145098048053	201.38854901951947	24.40090907338732	NaN	0.20728537624506846	0.11219003555781429	-111.81473159326255	-0.02593575961483362	0.7980872171798424	0.02798832573939351	0	79.51352545611566	-12.066484253110067	27.294420235081912	67.9669656359718	103.65391105270571	145.37608407203945	217.7998649308557	0.04786312224325388	1.0244900090087163	7.065446297521799	1.0223995843446196	7.699962508241777	1.0919631663085052	0.2700529315470445	1.0919631663085052	0.17348429616116523	1.0919631663085052	NaN	1	NaN	NaN	800000009	800000019	800000009	800000019	800000009	800000009	899999999	899999999	89999	89999	89	89	1	4	0	16	3	0	2	NaN	0	0	0	0	0	0	0	0	0	NaN	NaN	NaN	NaN	0	9928	0	0	0	0	101	0	17504	0	0	16	18000	18000	18000	18000	93	NaN	0.0794860673775834	0.10444369299198845	0.040450310746056706	0.06344461720896714	7.587996042959674	0.044970691387709975	NaN	NaN	0.006108551352106932	0.0069504834866672745	0.004465049606225873	NaN	NaN	394.7506422450512	14.807244312339993	96047.5654046224	11.399166928397287	12.157543579472451	90.9213970843421	90.8631505440606	90.97964451641506	-0.11649810114978927	0.00028244593400935037	-1	0	1.5571756552815152	12.306459715598232	1.0001340206878053	-273.1499938964844	9.001096898820665	-273.1499938964844	017
DATA	2025-09-16T200000_AIU-0547.ghg	2025-09-16	20:30:00	259.854	0	18000	18000	0.06250733025839939	1	NaN	7.732369426201551	1	NaN	102.19634548017507	1	NaN	4.084856391791811	0	NaN	2.3025112575535243	1	NaN	NaN	NaN	NaN	NaN	NaN	NaN	NaN	NaN	NaN	NaN	NaN	NaN	1.6014873088331884e-10	5.897588806713682e-12	NaN	NaN	15.660530639034922	397.22359581391265	403.1204564429388	0	0	576.7099726270088	14.628036198060832	14.845192207032474	0.1	1	NaN	NaN	NaN	NaN	0	NaN	NaN	NaN	NaN	9	290.1256167195638	288.7841121806438	95190.39979105805	1.142060735098089	1013.4145672438074	0.025339786183281067	0.14920272948946836	0.010402503592528783	1386.3518039288451	1770.0793516530262	0.00910853799000045	78.32144941039908	383.727547724181	284.98473419728344	0.4181855643862403	-0.008813291989241556	0.23028094344263877	0.477478955860393	8.989567316879059e-14	1.022626465058198e-14	0.477478955860393	4.034479562529074	333.20733410249886	358.7926658975011	28.834746322890062	NaN	0.23394882854970522	0.42198732430325414	-139.56263610153235	-0.020779200515317287	0.07566189759399511	0.028557183810203435	0	71.58544448556627	-10.863367379097056	24.572966590225473	61.19016126472144	93.31885679588595	130.88102352613734	196.08362288723578	0.06112799874583244	1.0225646437126488	13.339052577736483	1.0211414196669775	93.7079403227748	1.0905836274723588	3.7455691511335685	1.0905836274723588	2.111265197415484	1.0905836274723588	NaN	1	NaN	NaN	800000009	800000019	800000009	800000019	800100009	800100119	899999999	899999999	89999	89999	89	89	11	13	12	15	7	0	0	NaN	0	0	0	0	0	0	0	0	0	NaN	NaN	NaN	NaN	0	13614	0	0	0	0	101	0	16211	0	0	16	18000	18000	18000	18000	93	NaN	0.1635993898020021	0.613376463647231	0.0669987951572752	0.09781336755661423	5.43969696306268	0.23968702878631837	NaN	NaN	0.011525204529368185	0.09631464674709456	0.05428968294897616	NaN	NaN	397.2227698304917	14.627801139100768	96046.33554427083	11.420000076293945	11.966492065747596	90.94461398357815	90.88383207533094	91.00539145321316	-0.12155669388464738	0.0002820867707260833	-1	0	3.688048180791445	12.988030850529933	1.0001333485825195	-285.6258694203682	9.001026212135951	-273.1499938964844	004
DATA	2025-09-16T203000_AIU-0547.ghg	2025-09-16	21:00:00	259.874	0	18000	18000	0.0928030925193358	1	NaN	4.7559611932495836	1	NaN	66.74058653232893	1	NaN	8.004626927701807	1	NaN	1.5031107776875847	1	NaN	NaN	NaN	NaN	NaN	NaN	NaN	NaN	NaN	NaN	NaN	NaN	NaN	-5.955951695777092e-10	-2.2111203298688875e-11	NaN	NaN	15.788192657770074	399.9825740407102	406.01150938778267	0.1	1	586.1295648558371	14.84917350289743	15.07299502117517	0.1	1	NaN	NaN	NaN	NaN	0	NaN	NaN	NaN	NaN	9	289.7481023152669	288.38816763740545	95190.39979105805	1.1435342366797405	1013.5300330505496	0.025306813795685112	0.09740157839415549	0.01057352036756789	1407.2104020767645	1725.6570875086898	0.00924635225462788	81.54635195271253	318.4466854319253	285.2112369693058	0.2262511397681753	-0.34233120333560785	0.15609266968677102	0.43902750774128824	-5.304890139205357e-14	-3.772408802502104e-14	0.43902750774128824	1.8799192351059566	28.538765983832263	303.46123401616774	20.826659190252066	NaN	0.2848765088961774	0.22390771499660375	-409.6984675814895	-0.007078376487759712	0.07126040450582212	0.014404423115736392	0	95.87476044693277	-14.54936478501514	32.910702758622584	81.95230322481589	124.98243329747224	175.28963978351595	262.61582235018403	0.09061917229080602	1.0240999798753554	8.40859849689738	1.022144274270147	61.135715881935276	1.0916791530047303	7.332398814862339	1.0916791530047303	1.3768796203082498	1.0916791530047303	NaN	1	NaN	NaN	800000009	800000019	800000009	800000019	800000009	800000019	899999999	899999999	89999	89999	89	89	0	1	0	9	3	0	0	NaN	0	0	0	0	0	0	0	0	0	NaN	NaN	NaN	NaN	0	16002	0	0	0	0	101	0	16706	0	0	16	18000	18000	18000	18000	93	NaN	0.25011934012300413	0.14983973619815413	0.04785635367204926	0.05381681879130651	3.7151812659568852	0.08172565726216188	NaN	NaN	0.0072550067673356625	0.18834396148049726	0.03536727457390592	NaN	NaN	399.98199431777937	14.849090109269396	96043.8711610243	11.41360993003845	12.198694562965027	90.96163653098212	90.89910740068224	91.02417009056938	-0.12506687808119607	0.0002816690240094128	-1	0	8.69624577788514	3.0151490933601055	1.0001623957422046	-273.1499938964844	9.001184695508744	-273.1499938964844	050
DATA	2025-09-16T210000_AIU-0547.ghg	2025-09-16	21:30:00	259.895	0	18000	18000	0.03156981930300161	1	NaN	28.87295303220989	1	NaN	24.347221809750014	1	NaN	-1.7815672832633878	1	NaN	0.5482357583024843	1	NaN	NaN	NaN	NaN	NaN	NaN	NaN	NaN	NaN	NaN	NaN	NaN	NaN	2.2713311378649873e-10	8.657110902047981e-12	NaN	NaN	15.930338171329309	403.52201256814243	409.8251733979657	0.1	1	607.1800890554416	15.38012118084941	15.620364276308036	0.1	1	NaN	NaN	NaN	NaN	0	NaN	NaN	NaN	NaN	9	289.59702882724343	288.18939634330286	95236.84545971043	1.1446542473547372	1013.8223465871278	0.025281283583550383	0.03552567713800098	0.010962647031414252	1457.990558752671	1703.6864575778266	0.009577256238509238	85.57857299784683	245.6958988251556	285.75054477613185	-0.12915446906358302	-0.09709080176554306	0.14957956558068747	0.2201852563317079	2.5464552920941963e-14	1.4257896558359476e-14	0.2201852563317079	1.2653284330561905	115.06628835007785	216.93371164992215	42.791704560017735	NaN	0.16607294456145277	0.10313914580486314	-13.376070223415097	-0.21680508187849432	1.185882859975733	0.14981528838209504	1	0.5705020595123349	1	1	1	2	4	NaN	0.030308352319373864	1.041621100689838	29.412287761204745	1.0337413627606882	22.02346871569388	1.1055125840554003	-1.6115305324956015	1.1055125840554003	0.4959109160850679	1.1055125840554003	NaN	1	NaN	NaN	800000009	800000019	800000009	800000019	800000009	801000019	899999999	899999999	89999	89999	89	89	4	0	0	13	0	0	4	NaN	0	0	0	0	0	0	0	0	0	NaN	NaN	NaN	NaN	0	8907	0	0	0	0	101	0	17406	0	0	16	18000	18000	18000	18000	93	NaN	0.03165055357899016	0.12568604293614677	0.04894169509458934	0.06226952770016684	5.9865651506345925	0.030778191474194888	NaN	NaN	0.025345019082770454	-0.041374974084278905	0.012732182783627586	NaN	NaN	403.52171680639685	15.380085365263191	96042.96880533855	11.40999984741211	12.735232699447216	90.9699522151947	90.90837936316596	91.03152364052667	-0.12314791947768786	0.00028179598135627906	-1	0	2.2360853750744316	16.728601869351852	1.0001504423783885	-273.1499938964844	9.00110138265292	-273.1499938964844	189
DATA	2025-09-16T213000_AIU-0547.ghg	2025-09-16	22:00:00	259.916	0	18000	18000	0.06472128999863155	1	NaN	22.66131470245991	1	NaN	22.001160797436956	1	NaN	-1.239556735858082	2	NaN	0.49550263717284937	1	NaN	0.04893405775361138	1	NaN	NaN	NaN	NaN	NaN	NaN	NaN	NaN	NaN	NaN	-1.6846636368045262e-10	-6.3688823114422205e-12	-9.315938382987132e-13	NaN	15.975763652647855	404.4853111184322	410.7665872608825	0.2	0	603.9648290392606	15.29159463610656	15.529058706933283	0.1	1	0.08834358773929049	2.0924663856157815	2.1249604189602933	0	1	NaN	NaN	NaN	NaN	9	289.4242148471409	288.38674401304263	95636.60183079	1.148650626282149	1013.8193133622771	0.025070395056137586	0.03210857088880064	0.010991232465500855	1462.828430586594	1726.2144916424388	0.009568821201165673	84.74198529029604	263.3860610558447	285.801058986231	0.49379774339485166	0.408016204398001	0.17868179085487218	0.6650117418634662	-4.4520145130811915e-14	-1.0545121181267017e-14	0.6650117418634662	2.3158532409656165	292.433689148952	39.566310851048016	15.586309938227696	NaN	0.2373720637218598	0.21690004386448963	-49.91328521974341	-0.05810076389948568	1.0300054124916838	0.08197982414222088	0	88.84888662411677	-13.483161326408126	30.49894763220149	75.94669195379308	115.82349717786029	162.44410164788195	243.37086545948358	0.06360896137641034	1.0174869797926573	23.60761096177109	1.0178640943577186	20.233134841189056	1.087382700215524	-1.1399452424729548	1.087382700215524	0.45568375979739106	1.087382700215524	0.036702335655489166	1.1515692060915605	NaN	NaN	800000009	800000009	800000009	800000019	800000019	800010019	899999999	899999999	89999	89999	89	89	4	6	0	45	3	0	3	NaN	0	0	0	0	0	0	0	0	0	NaN	NaN	NaN	NaN	0	16	0	0	0	0	101	0	17406	0	0	21	18000	18000	18000	18000	93	NaN	0.26000927937994556	0.13360096679399988	0.04018984155503379	0.04589465113325356	2.8613967984402917	0.022462177922981812	7.599798928902252e-7	NaN	0.0202723233918999	-0.029022801533384948	0.011601626841212163	0.000036702335655489164	NaN	404.48527819008956	15.291566754971711	96021.7038624132	11.390553662935893	12.644048599614024	90.97314026874966	90.91107006200154	91.03520147154066	-0.12411998948579026	0.00028145294495819455	-1	0	2.0795878632250577	52.44688416629717	1.0001570563548141	-273.1499938964844	9.001086658583747	-273.1499938964844	236
DATA	2025-09-16T220000_AIU-0547.ghg	2025-09-16	22:30:00	259.937	0	18000	18000	0.026938468966743612	1	NaN	24.25155433895102	0	NaN	8.775715173922986	0	NaN	0.5590198661160124	0	NaN	0.1976415933857818	0	NaN	0.009660581321840913	0	NaN	NaN	NaN	NaN	NaN	NaN	NaN	NaN	NaN	NaN	-5.345205384054668e-11	-2.005365526959281e-12	-2.956907529901215e-13	NaN	16.07487249552848	406.8950064894456	413.20276011325984	0.1	1	603.0824418639221	15.265516672941036	15.502165234799556	0.1	1	0.08892438757549521	2.1060929024853268	2.1387419026594925	0	1	NaN	NaN	NaN	NaN	9	289.44352438926694	288.3758566717723	95638.07724908329	1.1487231068767436	1013.8044220212341	0.025069061835327686	0.01280717525139866	0.010973071787313713	1460.356282879707	1725.0071730980035	0.00955240799251295	84.65798320461472	264.6508902182966	285.77526466820285	0.4791302632516699	0.5630151266771419	0.18937110240618962	0.763160046423685	-1.0977837910956131e-14	-3.3251930213079662e-15	0.763160046423685	1.763995693290401	282.3980424478051	49.60195755219493	14.36751828165374	NaN	0.15313652086026452	0.10414934567625814	-12.52310154339516	-0.2315720263028208	2.763484668578858	0.13598508104306542	1	7.624369333413756	3	6	11	17	28	72	0.026519936714892212	1.0157817967799438	24.460812208318753	1.0167887420312904	8.076431368742739	1.0865832659566208	0.5144749451150943	1.0865832659566208	0.18189272702610548	1.0865832659566208	0.0008954542431898087	1.1502242065659793	NaN	NaN	800000009	800000009	800000009	800000019	800000019	800011019	899999999	899999999	89999	89999	89	89	4	0	0	48	10	0	7	NaN	0	0	0	0	0	0	0	0	0	NaN	NaN	NaN	NaN	0	1	0	0	0	0	0	0	17307	0	0	0	18000	18000	18000	18000	93	NaN	0.07908108710150089	0.09403774109078779	0.03517986316022759	0.03639331117356834	0.44484689926749854	0.009850018325889873	2.665842537194327e-7	NaN	0.021003967380560887	0.01309739636580357	0.004630587290086324	8.954542431898087e-7	NaN	406.8946909387083	15.265500813313636	96027.7616857639	11.402222553888956	12.619336285167273	90.97134065373739	90.90971335877313	91.03297042338053	-0.1232574520380133	0.0002813037910932003	-1	0	2.092616156196594	78.09074785571629	1.000183592668838	-273.1499938964844	9.001220319827398	-273.1499938964844	007
DATA	2025-09-16T223000_AIU-0547.ghg	2025-09-16	23:00:00	259.958	0	18000	18000	0.03157206880183039	1	NaN	23.704692252552267	0	NaN	22.729754676263266	1	NaN	4.56756069981956	0	NaN	0.5119335190416552	1	NaN	0.0010455439297693595	0	NaN	NaN	NaN	NaN	NaN	NaN	NaN	NaN	NaN	NaN	-3.957766820705299e-10	-1.49258402704759e-11	-2.187765607955494e-12	NaN	16.09548860795686	407.45260050466584	413.811295909533	0.1	1	607.0056749700492	15.366171652929507	15.605975755195296	0.1	1	0.08897228668325703	2.107824505757736	2.1407191638907976	0.5	0	NaN	NaN	NaN	NaN	9	289.47053824022083	288.43089339996146	95652.3681579807	1.1486315584578422	1013.8621866184253	0.025070100133503102	0.03317329203389925	0.011044966571955821	1470.2049692879696	1731.1179089856735	0.009615761025045178	84.9280665202879	260.9129396977039	285.8777982946122	0.14156474304939648	0.32190785129011434	0.19634161422284463	0.40275956931211554	8.324479591930525e-15	-2.4589292795676695e-14	0.40275956931211554	1.2150050435081927	265.7383526515814	66.26164734841862	29.175796955536235	NaN	0.1657910752238232	0.07862718855856378	-16.259932044789963	-0.17835252890427813	1.0428925692412832	0.1227760065502102	1	2.1226566454266766	1	2	3	5	9	23	0.030778193517109604	1.0257934334021088	24.549742307046483	1.0232545032467573	20.797141871761433	1.0929268462185158	4.179200754033211	1.0929268462185158	0.468406024440634	1.0929268462185158	-0.007689047534020095	1.159063617511649	NaN	NaN	800000009	800000009	800000009	800000019	800000019	800011119	899999999	899999999	89999	89999	89	89	13	1	0	31	12	0	3	NaN	0	0	0	0	0	0	0	0	0	NaN	NaN	NaN	NaN	0	16	0	0	0	0	0	0	17604	0	0	0	18000	18000	18000	18000	93	NaN	0.0574334975491386	0.0630115083847848	0.036809371183204154	0.04125198904844241	1.956365853581328	0.02213839338085506	5.5981973662869415e-8	NaN	0.021080808726489018	0.10640851142955665	0.011926296614792465	-0.000007689047534020094	NaN	407.45224974792444	15.366144210022382	96045.78050021702	11.430000305175781	12.722100392924425	90.96918973986308	90.90860808351304	91.02976562584772	-0.12115289702576859	0.000281806355180581	-1	0	2.0942528158989213	78.42637665356308	1.000163024890754	-273.1499938964844	9.001159960640802	-273.1499938964844	000
DATA	2025-09-16T230000_AIU-0547.ghg	2025-09-16	23:30:00	259.979	0	18000	18000	0.0280024354607558	0	NaN	19.09979982294925	0	NaN	14.313725388561366	1	NaN	1.9721350474037542	1	NaN	0.3223429504188476	1	NaN	-0.0022364077299255433	1	NaN	NaN	NaN	NaN	NaN	NaN	NaN	NaN	NaN	NaN	2.5113531647239895e-10	9.426992326802362e-12	1.397636677302934e-12	NaN	16.036972858721594	406.07781245866005	412.36353016318276	0.3	0	601.9878932516515	15.243146507246438	15.47909664520919	0.1	1	0.08925013723716704	2.1130958959747352	2.145804711569123	-0.1	0	NaN	NaN	NaN	NaN	9	289.3964281302558	288.3032418162028	95632.3839765625	1.1489538106139432	1013.7904543076313	0.025064241345769997	0.020887823187141323	0.010959099099693705	1458.1294626970334	1716.97371044713	0.009538328693855598	84.92439073614649	258.84424775009666	285.75199718408163	0.6958319500181163	0.12659628702651765	0.22841437715183094	0.7432239569904754	2.4297911563091412e-14	1.565977062409386e-14	0.7432239569904754	2.1585770583393002	321.6886665917585	10.311333408241536	17.898345368688478	NaN	0.15611571324348028	0.1697914064956768	-16.84633533725854	-0.17214426413477332	1.334369586146498	0.10503436895518976	1	7.32603970703463	3	6	10	16	28	73	0.027558929242513987	1.0160930134236723	19.676331526260057	1.01698346032685	13.171586208468055	1.0867123489924873	1.814771912026361	1.0867123489924873	0.2966221472661999	1.0867123489924873	-0.008842429366006281	1.1504597376854868	NaN	NaN	800000009	800000009	800000009	800000009	800000019	800010019	899999999	899999999	89999	89999	89	89	6	0	0	49	1	0	3	NaN	0	0	0	0	0	0	0	0	0	NaN	NaN	NaN	NaN	0	0	0	0	0	0	0	0	16115	0	0	0	18000	18000	18000	18000	93	NaN	0.13437423007793547	0.17456147863527188	0.030647104278146292	0.03652661613707145	2.422224588240394	0.014530548896121534	4.344494432084541e-8	NaN	0.01689247807257726	0.046190153327806134	0.007549721467393885	-0.000008842429366006282	NaN	406.0775250668406	15.243126504136033	96020.76181076388	11.423610158920287	12.595697226153472	90.96021833928427	90.89907629352146	91.02135733371311	-0.12228205557747027	0.00028183879539655105	-1	0	2.0995905663503542	75.85116149690406	1.0001492491546604	-273.1499938964844	9.001094369358487	-273.1499938964844	093
