DATAH	filename	date	time	DOY	daytime	file_records	used_records	Tau	qc_Tau	rand_err_Tau	H	qc_H	rand_err_H	LE	qc_LE	rand_err_LE	co2_flux	qc_co2_flux	rand_err_co2_flux	h2o_flux	qc_h2o_flux	rand_err_h2o_flux	ch4_flux	qc_ch4_flux	rand_err_ch4_flux	none_flux	qc_none_flux	rand_err_none_flux	H_strg	LE_strg	co2_strg	h2o_strg	ch4_strg	none_strg	co2_v-adv	h2o_v-adv	ch4_v-adv	none_v-adv	co2_molar_density	co2_mole_fraction	co2_mixing_ratio	co2_time_lag	co2_def_timelag	h2o_molar_density	h2o_mole_fraction	h2o_mixing_ratio	h2o_time_lag	h2o_def_timelag	ch4_molar_density	ch4_mole_fraction	ch4_mixing_ratio	ch4_time_lag	ch4_def_timelag	none_molar_density	none_mole_fraction	none_mixing_ratio	none_time_lag	none_def_timelag	sonic_temperature	air_temperature	air_pressure	air_density	air_heat_capacity	air_molar_volume	ET	water_vapor_density	e	es	specific_humidity	RH	VPD	Tdew	u_unrot	v_unrot	w_unrot	u_rot	v_rot	w_rot	wind_speed	max_wind_speed	wind_dir	yaw	pitch	roll	u*	TKE	L	(z-d)/L	bowen_ratio	T*	model	x_peak	x_offset	x_10%	x_30%	x_50%	x_70%	x_90%	un_Tau	Tau_scf	un_H	H_scf	un_LE	LE_scf	un_co2_flux	co2_scf	un_h2o_flux	h2o_scf	un_ch4_flux	ch4_scf	un_none_flux	un_none_scf	spikes_hf	amplitude_resolution_hf	drop_out_hf	absolute_limits_hf	skewness_kurtosis_hf	skewness_kurtosis_sf	discontinuities_hf	discontinuities_sf	timelag_hf	timelag_sf	attack_angle_hf	non_steady_wind_hf	u_spikes	v_spikes	w_spikes	ts_spikes	co2_spikes	h2o_spikes	ch4_spikes	none_spikes	head_detect_LI-7200	t_out_LI-7200	t_in_LI-7200	aux_in_LI-7200	delta_p_LI-7200	chopper_LI-7200	detector_LI-7200	pll_LI-7200	sync_LI-7200	chopper_LI-7500	detector_LI-7500	pll_LI-7500	sync_LI-7500	not_ready_LI-7700	no_signal_LI-7700	re_unlocked_LI-7700	bad_temp_LI-7700	laser_temp_unregulated_LI-7700	block_temp_unregulated_LI-7700	motor_spinning_LI-7700	pump_on_LI-7700	top_heater_on_LI-7700	bottom_heater_on_LI-7700	calibrating_LI-7700	motor_failure_LI-7700	bad_aux_tc1_LI-7700	bad_aux_tc2_LI-7700	bad_aux_tc3_LI-7700	box_connected_LI-7700	mean_value_RSSI_LI-7200	mean_value_LI-7500	u_var	v_var	w_var	ts_var	co2_var	h2o_var	ch4_var	none_var	w/ts_cov	w/co2_cov	w/h2o_cov	w/ch4_cov	w/none_cov	co2_mean	h2o_mean	air_p_mean	vin_sf_mean	dew_point_mean	avg_signal_strength_7200_mean	co2_signal_strength_7200_mean	h2o_signal_strength_7200_mean	delta_signal_strength_7200_mean	flowrate_mean	hit_power_mean	hit_vin_mean	ch4_mean	rssi_77_mean	ch4_aux-1_mean	ch4_aux-2_mean	ch4_aux-3_mean	ch4_aux-4_mean	CHK
DATAU		[yyyy-mm-dd]	[HH:MM]	[ddd.ddd]	[1=daytime]	[#]	[#]	[kg+1m-1s-2]	[#]	[kg+1m-1s-2]	[W+1m-2]	[#]	[W+1m-2]	[W+1m-2]	[#]	[W+1m-2]	[µmol+1s-1m-2]	[#]	[µmol+1s-1m-2]	[mmol+1s-1m-2]	[#]	[mmol+1s-1m-2]	[µmol+1s-1m-2]	[#]	[µmol+1s-1m-2]	[µmol+1s-1m-2]	[#]	[µmol+1s-1m-2]	[W+1m-2]	[W+1m-2]	[µmol+1s-1m-2]	[mmol+1s-1m-2]	[µmol+1s-1m-2]	[µmol+1s-1m-2]	[µmol+1s-1m-2]	[mmol+1s-1m-2]	[µmol+1s-1m-2]	[µmol+1s-1m-2]	[mmol+1m-3]	[µmol+1mol_a-1]	[µmol+1mol_d-1]	[s]	[1=default]	[mmol+1m-3]	[mmol+1mol_a-1]	[mmol+1mol_d-1]	[s]	[1=default]	[mmol+1m-3]	[µmol+1mol_a-1]	[µmol+1mol_d-1]	[s]	[1=default]	[mmol+1m-3]	[µmol+1mol_a-1]	[µmol+1mol_d-1]	[s]	[1=default]	[K]	[K]	[Pa]	[kg+1m-3]	[J+1kg-1K-1]	[m+3mol-1]	[mm]	[kg+1m-3]	[Pa]	[Pa]	[kg+1kg-1]	[%]	[Pa]	[K]	[m+1s-1]	[m+1s-1]	[m+1s-1]	[m+1s-1]	[m+1s-1]	[m+1s-1]	[m+1s-1]	[m+1s-1]	[deg_from_north]	[deg]	[deg]	[deg]	[m+1s-1]	[m+2s-2]	[m]	[#]	[#]	[K]	[0=KJ/1=KM/2=HS]	[m]	[m]	[m]	[m]	[m]	[m]	[m]	[kg+1m-1s-2]	[#]	[W+1m-2]	[#]	[W+1m-2]	[#]	[µmol+1s-1m-2]	[#]	[mmol+1s-1m-2]	[#]	[µmol+1s-1m-2]	[#]	[µmol+1s-1m-2]	[#]	8u/v/w/ts/co2/h2o/ch4/none	8u/v/w/ts/co2/h2o/ch4/none	8u/v/w/ts/co2/h2o/ch4/none	8u/v/w/ts/co2/h2o/ch4/none	8u/v/w/ts/co2/h2o/ch4/none	8u/v/w/ts/co2/h2o/ch4/none	8u/v/w/ts/co2/h2o/ch4/none	8u/v/w/ts/co2/h2o/ch4/none	8co2/h2o/ch4/none	8co2/h2o/ch4/none	8aa	8U	[#]	[#]	[#]	[#]	[#]	[#]	[#]	[#]	[#_flagged_recs]	[#_flagged_recs]	[#_flagged_recs]	[#_flagged_recs]	[#_flagged_recs]	[#_flagged_recs]	[#_flagged_recs]	[#_flagged_recs]	[#_flagged_recs]	[#_flagged_recs]	[#_flagged_recs]	[#_flagged_recs]	[#_flagged_recs]	[#_flagged_recs]	[#_flagged_recs]	[#_flagged_recs]	[#_flagged_recs]	[#_flagged_recs]	[#_flagged_recs]	[#_flagged_recs]	[#_flagged_recs]	[#_flagged_recs]	[#_flagged_recs]	[#_flagged_recs]	[#_flagged_recs]	[#_flagged_recs]	[#_flagged_recs]	[#_flagged_recs]	[#_flagged_recs]	[#]	[#]	[m+2s-2]	[m+2s-2]	[m+2s-2]	[K+2]	--	--	--	--	[m+1s-1K+1]	--	--	--	--	--	--	--	--	--	--	--	--	--	--	--	--	--	--	--	--	--	--	207
DATA	2025-05-08T233000_AIU-0547.ghg	2025-05-09	00:00:00	129	0	18000	18000	0.24307827030745852	0	NaN	82.8805725647747	0	NaN	11.401688143004437	2	NaN	9.79017621060406	1	NaN	0.2568025976940727	2	NaN	0.03117504746203344	2	NaN	NaN	NaN	NaN	NaN	NaN	NaN	NaN	NaN	NaN	-3.1864153807423723e-10	-1.2752167932771095e-11	-1.7769541120408725e-12	NaN	15.705601761062027	393.7584511241348	400.0627919364629	0.2	0	628.544766488125	15.758378283100516	16.010680645278732	0.1	1	0.08758473173354282	2.07637728352286	2.1096214971084564	0	1	NaN	NaN	NaN	NaN	9	290.66619464789494	288.45827072090685	95126.88450170099	1.14204253985686	1014.0827764634934	0.025210980842442453	0.01664080833057591	0.011263583249757937	1499.4475339387468	1734.1646872686288	0.009862665230639901	86.4651174681933	234.71715332988197	286.1787185529633	1.1626760961753198	-0.30614366181948066	0.22134943601505308	1.2225118482508661	1.3697492389987252e-14	-2.0288400465127443e-14	1.2225118482508661	7.18135335568264	346.75168630075274	345.24831369924726	10.431576547984722	NaN	0.4613514905293676	1.1567547825352642	-99.82380608930777	-0.029051186421458458	7.269149228189203	0.1551190466031549	0	81.1495546245838	-12.314757991266035	27.856016106788875	69.36541876246652	105.78664030770048	148.36726717674028	222.28120228662374	0.24033797566576212	1.0114018379080771	82.77531825683694	1.0142182007960332	10.494167942330442	1.0864785284227558	9.010924702595354	1.0864785284227558	0.23636233112390523	1.0864785284227558	0.0028591635583369514	1.1479243877081713	NaN	NaN	800000009	800000009	800000009	800000019	800000019	801101019	899999999	899999999	89999	89999	89	89	12	51	3	33	33	0	4	NaN	0	0	18000	0	0	0	0	0	0	NaN	NaN	NaN	NaN	0	52	0	0	0	0	101	0	18000	0	0	21	18000	18000	18000	18000	93	NaN	0.8428446820617501	1.2802347975115136	0.19043008549726503	0.13301184075568387	4.405434326082317	0.0181979084720768	9.938197237061223e-8	NaN	0.07147352003804489	0.2308124556874383	0.006054358667873763	0.0000028591635583369512	NaN	393.7583640783492	15.758353658328877	95510.29627202691	11.479999542236328	13.021450402365788	95.00438230514527	95.20125026257833	94.80751627413431	0.3937328576884332	0.0002786978280184687	-1	0	2.0556768021136635	78.02150140035047	1.0001657510201136	-273.1499938964844	9.001083303372065	-273.1499938964844	101
DATA	2025-05-09T000000_AIU-0547.ghg	2025-05-09	00:30:00	129.02	0	18000	18000	0.037708709789900256	0	NaN	20.003191363450348	1	NaN	-1.6244594172338758	1	NaN	1.1252592213896317	1	NaN	-0.03658437533716303	1	NaN	-0.000834100073913688	0	NaN	NaN	NaN	NaN	NaN	NaN	NaN	NaN	NaN	NaN	-4.0579394714285176e-13	-1.6015196483659025e-14	-2.2662697164568657e-15	NaN	15.694902784670411	393.5127288555229	399.7205902460753	0.1	1	619.4201605474873	15.530501910674083	15.775503396312356	0.1	1	0.08765257129651507	2.076868181208502	2.1096318222548502	-0.1	0	NaN	NaN	NaN	NaN	9	290.29780758370293	288.3541926812066	95085.61178168403	1.1420580583550564	1013.9522651064058	0.02521282361263988	-0.002370667521848164	0.011099893194236292	1477.123391912255	1722.607015458552	0.009719202200826666	85.74929619214687	245.48362354629694	285.9494645582212	1.3929836898043397	0.3607090746049711	0.2669612077899921	1.4634831338378662	1.4911000368932762e-13	-2.5855142444029692e-17	1.4634831338378662	4.946539674091002	317.482305610122	14.517694389878004	10.510455722866338	NaN	0.18170912844909162	0.6351405492853698	-25.262086080250388	-0.11479653702340865	-12.313752594393351	0.09506416810800802	1	17.35203691993171	8	14	25	39	68	176	0.03732661465853688	1.0102365332312822	19.740350735579305	1.0136673490615105	-1.4934711165429226	1.087707287566541	1.0345239332790566	1.087707287566541	-0.03363439388092264	1.087707287566541	-0.0067852909999509175	1.148099180626098	NaN	NaN	800000009	800000009	800000009	800000009	800000019	800000019	899999999	899999999	89999	89999	89	89	49	84	2	86	29	0	4	NaN	0	0	18000	0	0	0	0	0	0	NaN	NaN	NaN	NaN	0	0	0	0	0	0	0	0	18000	0	0	0	18000	18000	18000	18000	93	NaN	0.40594368603955683	0.7717476081200727	0.09258980441111003	0.15093902126730577	3.6550502280218407	0.013329573153450498	2.8833784917891875e-8	NaN	0.01704704754547873	0.026494858274613776	-0.0008613995968203501	-0.0000067852909999509174	NaN	393.5122765185494	15.530482841257298	95476.96882031248	11.450788135581547	12.793741856839928	95.03583130264282	95.23538185416328	94.83628451750013	0.3990969689372517	0.00027889355066387594	-1	0	2.0634251550692833	83.21178939415172	1.0001577522820897	-273.1499938964844	9.001094463772244	-273.1499938964844	163
DATA	2025-05-09T003000_AIU-0547.ghg	2025-05-09	01:00:00	129.041	0	18000	18000	0.25289033810015515	1	NaN	-44.96747272125119	1	NaN	7.584669888934165	2	NaN	8.252806006478316	2	NaN	0.17079385669543115	2	NaN	0.03984954336342667	1	NaN	NaN	NaN	NaN	NaN	NaN	NaN	NaN	NaN	NaN	-1.1284198113090901e-9	-4.387382091655315e-11	-6.2944353375045415e-12	NaN	15.78716809144783	395.92945093194857	402.1196969595338	0.2	0	613.8171083864279	15.39403832836411	15.634719804284499	0.1	1	0.08806235739396652	2.0853321664705056	2.1179357505921335	0	1	NaN	NaN	NaN	NaN	9	290.71330300988086	288.23157389662003	95059.30032986111	1.1422870410478774	1013.8730277389	0.025209077881501382	0.011067441913863938	0.011003995335887355	1463.739039956605	1709.0772288669987	0.00963330138613219	85.64499106497159	245.33818891039368	285.81055059442116	0.07702673111859236	0.14399823389904196	0.08694511627241586	0.18500827526494065	-2.1647317369319935e-13	-7.147702518733387e-14	0.18500827526494065	3.3159967225717955	270.142968657672	61.85703134232801	28.03121844111346	NaN	0.4705204390508735	0.6737135852248415	195.0644151968921	0.014866883829492058	-5.92873168901623	-0.082520370048593	0	101.00488748578358	-15.327881355317537	34.67170936038659	86.33745865790235	131.67007201961147	184.66914818063555	276.66803509927803	0.24659934337596667	1.0255109954392587	-43.83009033195331	1.0212008598531828	6.871838245977815	1.1037323082180495	7.477180784716072	1.1037323082180495	0.15474210134445907	1.1037323082180495	0.0486502707997744	1.186603925720912	NaN	NaN	800000009	800000009	800000009	800000009	800001019	800101019	899999999	899999999	89999	89999	89	89	52	106	33	32	15	0	3	NaN	0	0	18000	0	0	0	0	0	0	NaN	NaN	NaN	NaN	0	0	0	0	0	0	0	0	18000	0	0	0	18000	18000	18000	18000	93	NaN	0.4466178323909575	0.7862084265252155	0.11460091153350994	0.09759415012502211	3.6207157691364857	0.008699956808745524	2.4803862778170636e-7	NaN	-0.03784543890665498	0.1914406682339949	0.0039619118673537195	0.0000486502707997744	NaN	395.9284154309312	15.394023667746708	95452.99374587674	11.459214727242784	12.655255710813726	95.05856423653498	95.26000968763563	94.85712063005235	0.40289080350597767	0.0002786892233869164	-1	0	2.0719305345749195	75.2900671334009	1.0001376164837017	-273.59411891513395	9.000939727809694	-273.1499938964844	199
DATA	2025-05-09T010000_AIU-0547.ghg	2025-05-09	01:30:00	129.062	0	18000	18000	0.4091491088967592	1	NaN	69.55227148785576	0	NaN	61.65984699851356	1	NaN	3.417552200946397	1	NaN	1.3885128362249737	1	NaN	0.030748232633328022	0	NaN	NaN	NaN	NaN	NaN	NaN	NaN	NaN	NaN	NaN	1.0566826710560921e-10	4.153581348427341e-12	5.949498486688713e-13	NaN	15.803672917749935	396.4481130174145	402.723954317788	0.1	1	621.2067526593132	15.58348152149205	15.830170693983813	0.1	1	0.08898028772848642	2.1074692253114833	2.140830822880482	-0.3	0	NaN	NaN	NaN	NaN	9	290.79777115631106	288.2600519900852	95083.37315494791	1.1423811168184586	1013.9803922323897	0.025205185646286203	0.08997563178737829	0.01114113364485751	1482.1274469452947	1712.2111635581798	0.009752554100233787	86.56218803440437	230.08371661288515	286.00111656078616	-0.06576753776699229	-0.10886460300158252	0.053329166302639494	0.13791617305146245	2.070580894773405e-14	6.686310685848707e-15	0.13791617305146245	3.3655959164179188	93.1371114523854	238.86288854761457	22.747959489702012	NaN	0.5984602324770385	0.4370004558842511	-259.55466090501346	-0.011172983717141888	1.1279994173441992	0.10033107104720114	0	85.79015284689113	-13.018986675043697	29.44898330696335	73.3321323259343	111.83612877657569	156.85176077001006	234.99251976649992	0.38602283664409426	1.0599090780579568	70.19811236125443	1.046021966164765	55.008662515239884	1.1209115833607297	3.0489043486372527	1.1209115833607297	1.2387353800572913	1.1209115833607297	0.002904896545232756	1.1935520931796753	NaN	NaN	800000009	800000009	800000009	800000009	800000009	800000019	899999999	899999999	89999	89999	89	89	17	30	9	40	0	0	3	NaN	0	0	18000	0	0	0	0	0	0	NaN	NaN	NaN	NaN	0	0	0	0	0	0	0	0	18000	17995	0	0	18000	18000	18000	18000	93	NaN	0.4864038768682002	0.10875127325676581	0.27884576164353625	0.10798032948785086	1.7245003207002545	0.02352707738869918	5.822567891313438e-8	NaN	0.060601707559351944	0.07806505173641133	0.031716948278524316	0.000002904896545232756	NaN	396.4479116552889	15.583452108058795	95484.90607400173	11.479999542236328	12.846865320364643	95.0294502497779	95.23118511644999	94.82772094599406	0.40346422457943343	0.0002788850262392467	-1	0	2.093775459183587	69.29862849500626	1.0001533757663434	-273.3518689049614	9.001112837062943	-273.1499938964844	208
DATA	2025-05-09T013000_AIU-0547.ghg	2025-05-09	02:00:00	129.083	0	18000	18000	0.17353430782216153	1	NaN	-51.146471631586074	2	NaN	3.241973754388929	1	NaN	7.798881576698169	2	NaN	0.07299995160929532	1	NaN	-0.030024449148162508	1	NaN	NaN	NaN	NaN	NaN	NaN	NaN	NaN	NaN	NaN	-2.851356877980806e-10	-1.1051048654504445e-11	-1.5911365057130275e-12	NaN	15.905568466028756	399.03093988114375	405.2990126614834	0.1	0	616.4546162320781	15.465304835506608	15.70823751713768	0.1	1	0.08875749937110004	2.1013446335506876	2.134353054159864	0.1	0	NaN	NaN	NaN	NaN	9	289.2223485260009	288.17773843722875	95055.04403862849	1.142418313019039	1013.9121916290931	0.025205497946994476	0.004730396864282336	0.011056508325954513	1470.4495589641213	1703.1665417199326	0.00967816096779451	86.33621686104735	232.7169827558114	285.88033699352957	0.22454943552068862	-0.29965512736114225	-0.012401403032181058	0.3746590972385665	5.0027017205755154e-14	-1.7926783843474425e-14	0.3746590972385665	3.8624635666465488	25.153593921917718	306.8464060780823	-1.8968653749691757	NaN	0.38974459026387254	0.4584793072482557	97.46681547519928	0.029753716543020874	-15.776337350771225	-0.11329482731138238	0	113.33765998460058	-17.19942716215383	38.90515107128337	96.87932709871215	147.7470865437777	207.21738964452172	310.44940963973636	0.17102560503641742	1.0146685800948338	-50.374268210614105	1.016749833961741	2.937573074377442	1.1036231856380283	7.066616285511859	1.1036231856380283	0.06614572125638378	1.1036231856380283	-0.011791639643831144	1.1897432182769905	NaN	NaN	800000009	800000009	800000009	800000009	800000009	800001009	899999999	899999999	89999	89999	89	89	5	8	2	11	5	0	0	NaN	0	0	18000	0	0	0	0	0	0	NaN	NaN	NaN	NaN	0	0	0	0	0	0	0	0	18000	18000	0	0	18000	18000	18000	18000	93	NaN	0.22264677789509799	0.6353580581556393	0.05895377844577407	0.21552989628492905	7.061129555823332	0.0052621166930093225	1.8721076196636505e-8	NaN	-0.04348938325285422	0.18091625786807947	0.001693432313315882	-0.000011791639643831145	NaN	399.03044234636127	15.46529263150355	95445.95376779514	11.467189859867096	12.724617202758786	95.04347004233466	95.24580657725863	94.84113304985894	0.4046758181817001	0.00027912687204661773	-1	0	2.0877931951019497	82.19945253994413	1.0001243903769388	-297.6979949273045	9.001038344992532	-273.1499938964844	024
DATA	2025-05-09T020000_AIU-0547.ghg	2025-05-09	02:30:00	129.104	0	18000	18000	0.021415943258247024	1	NaN	25.37639753589726	0	NaN	16.06652183119269	1	NaN	1.6313995551806548	2	NaN	0.36170079689700624	1	NaN	0.0021778589966511106	0	NaN	NaN	NaN	NaN	NaN	NaN	NaN	NaN	NaN	NaN	1.8563375090306946e-10	7.0174989335130764e-12	1.0250563811037068e-12	NaN	16.114086391565728	404.11410686035873	410.383409301853	0.1	1	609.159614117781	15.27669564459178	15.513693620353362	0.1	1	0.08898083996565805	2.104557825605205	2.1372072909179614	0	0	NaN	NaN	NaN	NaN	9	289.27578975931806	287.9730425906711	95018.34694010418	1.1428709865996534	1013.8020545084538	0.025197321919397882	0.023438211638926003	0.010925211064606399	1451.955734168016	1680.8561452829313	0.009559443885360869	86.38191544485888	228.9004111149152	285.68732558195853	0.9285956481343507	-0.29733967797807404	0.142979594642713	0.9854663496631819	1.6794917678465812e-14	1.151996746152683e-14	0.9854663496631819	1.9916803846264568	349.75525331560414	342.2447466843959	8.342389966990996	NaN	0.1368894567293719	0.10361544968227358	-8.508959166838022	-0.3408172425250522	1.5794580683063408	0.15999617293279414	1	12.669143013338102	6	10	17	26	44	104	0.021138009484232285	1.0131485310488701	26.021249692878214	1.0151891327736595	14.794432701960545	1.0859843128059632	1.5022312347822495	1.0859843128059632	0.3330626350968595	1.0859843128059632	-0.006865206112860079	1.1485164438340991	NaN	NaN	800000009	800000009	800000009	800000009	800000009	800010009	899999999	899999999	89999	89999	89	89	12	0	0	40	6	0	0	NaN	0	0	18000	0	0	0	0	0	0	NaN	NaN	NaN	NaN	0	0	0	0	0	0	0	0	18000	606	0	0	18000	18000	18000	18000	93	NaN	0.0690679406264534	0.10333861660858419	0.034824342129509585	0.04719188813551775	5.542317194859846	0.012180788614712704	1.5249095551182855e-8	NaN	0.02245834636172767	0.03843959147811146	0.008522517261866393	-0.000006865206112860079	NaN	404.1138343702942	15.276678016552816	95403.15996809896	11.460000038146973	12.530339572164754	95.06781593661839	95.26954363801744	94.86608710945977	0.4034540608748798	0.0002786745705945779	-1	0	2.0911428203847673	83.2783173564807	1.0001440541413096	-283.04186931186564	9.001079356736607	-273.1499938964844	008
DATA	2025-05-09T023000_AIU-0547.ghg	2025-05-09	03:00:00	129.124	0	18000	18000	0.02466371113628915	1	NaN	26.032337766662874	0	NaN	6.093269511208672	1	NaN	1.800376905163645	0	NaN	0.13716846510600184	1	NaN	-0.0025136371085148594	0	NaN	NaN	NaN	NaN	NaN	NaN	NaN	NaN	NaN	NaN	-5.451577399777346e-11	-2.0442138187876462e-12	-2.9641793828013096e-13	NaN	16.23149478258083	407.12482373428645	413.436438325538	0.2	0	608.6430311983918	15.266227178267778	15.502897940143509	0.1	1	0.08825530421440618	2.0869160287185315	2.119269274921405	-0.1	0	NaN	NaN	NaN	NaN	9	289.1004551976522	287.9162679782444	94976.87445833333	1.1426019749640188	1013.7950318873876	0.025203354665258686	0.008888516538868919	0.010915111187363867	1450.3274728278088	1674.7137509116653	0.00955285517313025	86.60151455962506	224.3862780838565	285.6702287578541	0.8087956639334903	-0.3093704590710965	0.16981817968772991	0.8824390750051437	-1.8879898358255863e-14	-3.3586416240775445e-15	0.8824390750051437	1.7520971971905972	352.93223060401147	339.0677693959886	11.095320308233447	NaN	0.14692027326030094	0.11490245457583577	-10.25160275463717	-0.28288259596171195	4.272310246375275	0.15296297233304337	1	9.965438928036107	4	8	14	21	35	87	0.024318245150187715	1.0142060409362543	26.094257637289537	1.0158189383547553	5.610248611635404	1.0860961666781583	1.6576588339042988	1.0860961666781583	0.1262949537199212	1.0860961666781583	-0.01071926493424805	1.1491258149490853	NaN	NaN	800000009	800000009	800000009	800000009	800000019	800010119	899999999	899999999	89999	89999	89	89	7	7	0	37	14	0	1	NaN	0	0	18000	0	0	0	0	0	0	NaN	NaN	NaN	NaN	0	0	0	0	0	0	0	0	18000	0	0	0	18000	18000	18000	18000	93	NaN	0.06971892155064917	0.12918986275888503	0.03089612484213736	0.048739185420073425	3.6338757453673667	0.005614856870524929	4.478327653699411e-8	NaN	0.02252681627260694	0.04242642874079715	0.0032324165532301905	-0.00001071926493424805	NaN	407.12467265073457	15.26621545257221	95367.60482096355	11.45026259305742	12.514576987955303	95.066129292806	95.26728078142801	94.86496988190545	0.4023121369183064	0.0002787041808316847	-1	0	2.0736220849818654	82.15451225174797	1.0001762417124378	-273.1499938964844	9.001150942431556	-273.1499938964844	231
DATA	2025-05-09T030000_AIU-0547.ghg	2025-05-09	03:30:00	129.145	0	18000	18000	0.06691318429808812	1	NaN	29.367096283879405	1	NaN	17.813534074159843	1	NaN	6.111112562867045	1	NaN	0.4009792240549445	1	NaN	-0.0023100481159490363	1	NaN	NaN	NaN	NaN	NaN	NaN	NaN	NaN	NaN	NaN	1.427604245252452e-10	5.289896326244546e-12	7.667699424248715e-13	NaN	16.333949898477304	409.6582792692602	415.97258749983047	0	0	605.2440783106389	15.17962582227338	15.413598479771064	0.1	1	0.08773006850376391	2.073727221537549	2.1056908202869007	-0.1	0	NaN	NaN	NaN	NaN	9	288.9691311993069	287.8393637407091	94955.28438020834	1.1426850827462987	1013.74478735996	0.025202351672794863	0.025983453718760402	0.010853624517087485	1441.7723231912687	1666.4249835086587	0.00949835145393005	86.51888548595906	224.65266031738997	285.58012083438877	0.33472097620941643	-0.5024827570448266	0.14695770919039816	0.6213884625035071	-1.551096507784801e-14	8.740104225405621e-15	0.6213884625035071	2.2869281529424357	28.331056533036076	303.6689434669639	13.679996303356745	NaN	0.2419872978021049	0.31449407162431475	-40.597448816293735	-0.07143306007041725	1.6485833839383426	0.10476428303037222	0	81.70853025783408	-12.399584700153559	28.04789435325808	69.84322272649067	106.51532150045594	149.38925291045626	223.81232314591378	0.06570361559347573	1.018409469458976	29.972490332303607	1.0184530024819445	16.374344901707303	1.0878929313564465	5.617384199056578	1.0878929313564465	0.36858335273396886	1.0878929313564465	-0.012197840514751831	1.152341080153188	NaN	NaN	800000009	800000009	800000009	800000009	800000009	801101109	899999999	899999999	89999	89999	89	89	12	2	3	25	12	0	0	NaN	0	0	18000	0	0	0	0	0	0	NaN	NaN	NaN	NaN	0	0	0	0	0	0	0	0	18000	0	0	0	18000	18000	18000	18000	93	NaN	0.12912128900560785	0.44836727259508646	0.05149958164793519	0.06008463032199668	11.249150436195853	0.011476871326609097	5.1611525634536644e-8	NaN	0.02587424206178051	0.14375400947391978	0.00943238576947377	-0.00001219784051475183	NaN	409.6577332399156	15.179608673219889	95343.92397873264	11.459213060590958	12.424011441071828	95.07798284869723	95.28007210795084	94.87589288457235	0.40417897474103515	0.00027854567017897747	-1	0	2.060593572027155	82.4421986245226	1.0001761415816015	-273.1499938964844	9.001138579368591	-273.1499938964844	193
DATA	2025-05-09T033000_AIU-0547.ghg	2025-05-09	04:00:00	129.166	0	18000	18000	0.060205979423987144	0	NaN	27.434736675138737	0	NaN	-7.032413258196948	1	NaN	7.1988570276351425	0	NaN	-0.158305011993866	1	NaN	-0.0020866993156539665	0	NaN	NaN	NaN	NaN	NaN	NaN	NaN	NaN	NaN	NaN	-1.8174473466910479e-10	-6.685010172875876e-12	-9.856865169320689e-13	NaN	16.173747816138466	405.65277731554863	411.79715682599425	0.1	0	594.9094970001048	14.92088861857289	15.14689373287853	0.1	1	0.0877177827443121	2.073688177825835	2.1050981122904893	-0.1	0	NaN	NaN	NaN	NaN	9	288.9780525224474	287.8836708153618	94922.34383767363	1.1422252583829413	1013.5998605077407	0.02521497829059061	-0.010258164777202518	0.010663281737342345	1416.7056341971077	1671.1960068958942	0.009335533126310348	84.77196141872783	254.4903726987866	285.3133681418368	0.6651855809465536	-0.8184308272792536	0.15241001362454895	1.0656123537165705	1.1679722531724816e-14	-1.123702043182326e-14	1.0656123537165705	3.915942073967272	22.897264265338038	309.10273573466196	8.222971819525762	NaN	0.22958522372357998	0.5319754584327278	-37.101040958820676	-0.07816492273677116	-3.9011837996239676	0.10321398860218654	0	57.326747872441345	-8.699555157651748	19.678417453701964	49.002041857880684	74.731205676328	104.81157853930434	157.02684382211132	0.05946455807086938	1.0124682899725606	26.769763109875388	1.0147977568732651	-6.4752220211437415	1.0860497501450597	6.628478139858342	1.0860497501450597	-0.14576221022353883	1.0860497501450597	-0.009896549463748261	1.1482076169655289	NaN	NaN	800000009	800000009	800000009	800000009	800000009	800100009	899999999	899999999	89999	89999	89	89	1	17	1	18	10	0	0	NaN	0	0	18000	0	0	0	0	0	0	NaN	NaN	NaN	NaN	0	0	0	0	0	0	0	0	18000	0	0	0	18000	18000	18000	18000	93	NaN	0.3353579154772308	0.6161631436061483	0.11242985778207627	0.07564090273126765	13.753610512580906	0.026304110788073685	1.9365393204739197e-8	NaN	0.023122044161714962	0.16966922711506172	-0.003731076882112116	-0.000009896549463748262	NaN	405.6511987406076	14.92085765887583	95310.69635394964	11.479999542236328	12.156720118522651	95.11951795005798	95.32446294148762	94.91457865651448	0.4098828306794164	0.000278614363730109	-1	0	2.0607889703512194	81.58909589393018	1.0001572758323616	-273.1499938964844	9.001034882360035	-273.1499938964844	232
DATA	2025-05-09T040000_AIU-0547.ghg	2025-05-09	04:30:00	129.187	0	18000	18000	0.07153934616253387	0	NaN	5.2948191899334835	0	NaN	1.7153830169070574	1	NaN	11.475628774460166	0	NaN	0.03860784264714794	1	NaN	-0.004780400308952855	0	NaN	NaN	NaN	NaN	NaN	NaN	NaN	NaN	NaN	NaN	-2.5898814407345693e-11	-9.320702023202731e-13	-1.4094216754080656e-13	NaN	16.21189808364206	406.62977160849397	412.66883495395894	0.1	0	583.4486046021499	14.63416384748011	14.851503178373804	0.1	1	0.08822566237669477	2.0837430815916536	2.114689798590826	-0.2	0	NaN	NaN	NaN	NaN	9	288.7343696051704	287.7019812435574	94903.07486263021	1.142839176597012	1013.4351540463832	0.02520418095537188	0.0025017882035351865	0.01046285287019869	1389.199685349686	1651.7074680720302	0.009155140184600183	84.1068840701702	262.50778272234425	285.0158353105952	0.767452769441932	-1.047791896986901	0.18556964891075176	1.3119785468186669	-4.859338889401171e-14	-1.5975189502010141e-15	1.3119785468186669	5.342955177683206	25.77917369341833	306.22082630658167	8.13133154312881	NaN	0.2501957472885797	0.4559642815247543	-248.7468262241408	-0.011658440206135004	3.086668771782743	0.01827216995459614	0	62.38715328237626	-9.46749120177839	21.415490876447834	53.32760029121862	81.32795521350603	114.06361356219263	170.88807822791674	0.0707669862166934	1.010914128001374	5.342320190275081	1.013973660161667	1.5782839536145898	1.086865904565831	10.558458707971266	1.086865904565831	0.03552217664107383	1.086865904565831	-0.006181464298089147	1.1479149760532172	NaN	NaN	800000009	800000009	800000009	800000009	800000009	801100019	899999999	899999999	89999	89999	89	89	9	21	7	31	9	0	0	NaN	0	0	18000	0	0	0	0	0	0	NaN	NaN	NaN	NaN	0	0	0	0	0	0	0	0	18000	0	0	0	18000	18000	18000	18000	93	NaN	0.4027461085496743	0.4011115014102012	0.10807095308963308	0.15129244675875947	17.572667267254552	0.012745277890830771	1.7843937331391833e-7	NaN	0.004612632228937697	0.2700706217661441	0.0009086076478850892	-0.0000061814642980891476	NaN	406.62876708465524	14.634146124490455	95290.50428233507	11.479999542236328	11.859654055807335	95.13970997492473	95.34664471562704	94.93278060828315	0.413857084622814	0.00027919961973869547	-1	0	2.0710156968368416	82.6111582162645	1.000130935351054	-289.0173695627836	9.000883991877238	-273.1499938964844	024
DATA	2025-05-09T043000_AIU-0547.ghg	2025-05-09	05:00:00	129.208	0	18000	18000	0.03539402284230266	0	NaN	13.431203700675006	0	NaN	1.8465032258785197	1	NaN	1.9091458669934749	1	NaN	0.04154484656137408	1	NaN	-0.003543276188058244	1	NaN	NaN	NaN	NaN	NaN	NaN	NaN	NaN	NaN	NaN	1.779062925653706e-11	6.356796234869673e-13	9.599307784680203e-14	NaN	16.378274575699297	410.5039299563704	416.61474211223765	0.3	0	585.2145680468899	14.66777705677284	14.886123395984754	0.1	1	0.08837242143999517	2.083879670140394	2.1149005600524875	-0.1	0	NaN	NaN	NaN	NaN	9	288.4152376115587	287.34896711561413	94894.11238172743	1.1441204947018595	1013.4475265648449	0.025175632635552628	0.0026921060571770405	0.010498776770300257	1392.2590430160485	1614.4120003686369	0.009176285906001605	86.23938887335687	222.15295735258837	285.0491834555461	1.3011882184918588	-0.6655939183580678	0.19884808552095115	1.475007323782719	-1.1218128983138381e-13	1.0862334230818976e-15	1.475007323782719	3.1577058075831927	359.0910055291723	332.9089944708277	7.747725311408624	NaN	0.17588511246886185	0.264787556861197	-34.06525816747287	-0.0851307213273686	7.27385877936107	0.06585864978089633	1	18.701742476272337	8	15	27	44	76	204	0.03503695153116679	1.0101912779374724	13.415730059004385	1.0136488285216085	1.6974990170373834	1.0877786716490658	1.7550866888199061	1.0877786716490658	0.03819237097045886	1.0877786716490658	-0.007547164227000948	1.148121484191933	NaN	NaN	800000009	800000009	800000009	800000009	800000019	800111119	899999999	899999999	89999	89999	89	89	16	3	6	70	28	3	4	NaN	0	0	18000	0	0	0	0	0	0	NaN	NaN	NaN	NaN	0	0	0	0	0	0	0	0	18000	0	0	0	18000	18000	18000	18000	93	NaN	0.1447787592847133	0.33975945122562506	0.04503690321205565	0.03656091822653287	7.610087595543655	0.0059879754755232046	2.7370038290106176e-8	NaN	0.011570210995334161	0.044843346363281314	0.0009758342597964738	-0.000007547164227000948	NaN	410.5040422793449	14.667765908840277	95280.56235546875	11.479999542236328	11.893039276308496	95.14122337532044	95.34579307280646	94.93665569347806	0.4091357354331347	0.0002787173237916755	-1	0	2.07112122943004	81.97982125356465	1.0001552778763902	-273.3518689049614	9.001020306348801	-273.1499938964844	081
DATA	2025-05-09T050000_AIU-0547.ghg	2025-05-09	05:30:00	129.229	1	18000	18000	0.03273358397785534	1	NaN	19.48415993491531	0	NaN	-1.6430316506369516	1	NaN	11.039689825590386	0	NaN	-0.03696124948607146	1	NaN	-0.009821040593146903	0	NaN	NaN	NaN	NaN	NaN	NaN	NaN	NaN	NaN	NaN	6.749074458811548e-11	2.3880405368220604e-12	3.636092629776128e-13	NaN	16.370670204219476	410.0348594324949	416.07137173412565	0.1	0	579.2471886508904	14.508357728318176	14.721949031322671	0.1	1	0.08819768345619937	2.0781263035364512	2.108720373057766	-0.2	0	NaN	NaN	NaN	NaN	9	288.2942705985175	287.18990154690215	94880.56744791666	1.144660170419947	1013.3549192276255	0.025165288379747904	-0.0023950889666974305	0.010388937603201743	1376.930461973753	1597.850102454407	0.00907600165679767	86.1739445933441	220.91964048065415	284.88144343943713	1.357333433361601	-0.9033242045296036	0.21295690032000816	1.644292951150758	1.1113890738747688e-13	4.1226622823737545e-15	1.644292951150758	2.9168338712940285	5.644315372941378	326.3556846270586	7.441436863326597	NaN	0.16910579620811336	0.18338539031543574	-20.867746236696533	-0.13897044592675112	-11.858663786155256	0.09933105331216265	1	22.408024291537114	10	18	31	49	84	213	0.032421904359165546	1.0096132421845754	19.223626800484347	1.0134395140488284	-1.5088162402068488	1.088954113067939	10.137883399409713	1.088954113067939	-0.033941971514244586	1.088954113067939	-0.015013631385472853	1.148581342656883	NaN	NaN	800000009	800000009	800000009	800000009	800000009	800010019	899999999	899999999	89999	89999	89	89	12	6	0	66	11	0	0	NaN	0	0	18000	0	0	0	0	0	0	NaN	NaN	NaN	NaN	0	0	0	0	0	0	0	0	18000	0	0	0	18000	18000	18000	18000	93	NaN	0.10381321329496629	0.21137427832278935	0.05158328901311588	0.05146224259757986	13.076284761047116	0.008461308881363696	1.5106923810726916e-7	NaN	0.016572849069424668	0.25887968588333105	-0.000866737816730091	-0.000015013631385472852	NaN	410.0330960481284	14.508343741737322	95263.72353385416	11.461297783745659	11.7245966164271	95.15158824560378	95.35477140723334	94.94840526813931	0.4063660196943416	0.00027839777620586884	-1	0	2.0655368028812924	80.77837202103572	1.000169832156764	-273.1499938964844	9.001038705507915	-273.1499938964844	225
DATA	2025-05-09T053000_AIU-0547.ghg	2025-05-09	06:00:00	129.249	1	18000	18000	0.019095541038652023	1	NaN	31.84321582586034	0	NaN	0.4115745925518197	2	NaN	8.189812757695712	0	NaN	0.009257500975211828	2	NaN	-0.0023801978614626743	0	NaN	NaN	NaN	NaN	NaN	NaN	NaN	NaN	NaN	NaN	2.5479843927597106e-11	8.91995690128741e-13	1.3686017167588127e-13	NaN	16.46483610319601	412.05222106413584	418.08310357943753	0.1	0	576.3992465754463	14.425080716412626	14.636209215731862	0.1	1	0.08843775896358719	2.0824151458033304	2.1128938095513163	-0.1	0	NaN	NaN	NaN	NaN	9	288.164338599311	287.0568644765218	94896.48225911458	1.1454190207137858	1013.305688056087	0.02514941243808409	0.0005998860631937264	0.010335826318148826	1369.2566063863815	1584.1130984654387	0.009023620291994012	86.43679594044181	214.85649207905726	284.7968505202492	1.3991138622001378	-0.6842900722043279	0.2711491829026999	1.580915678240552	-5.980302201115378e-14	1.547530978620017e-15	1.580915678240552	2.7342309397566678	358.062711077735	333.937288922265	9.875858301767709	NaN	0.12911710756670655	0.14127070284652707	-5.684088833506911	-0.5101961079328853	77.36924582352854	0.21248499187480888	1	23.975406361924964	11	19	31	47	76	174	0.018909990816012114	1.0098122851801068	31.58709704057093	1.0135048344462763	0.378114690224855	1.088491410653913	7.524003108830844	1.088491410653913	0.00850489115908629	1.088491410653913	-0.012040879042499335	1.1483835327631335	NaN	NaN	800000009	800000009	800000009	800000009	800000009	800010009	899999999	899999999	89999	89999	89	89	11	8	0	70	1	0	0	NaN	0	0	18000	0	0	0	0	0	0	NaN	NaN	NaN	NaN	0	0	0	0	0	0	0	0	17901	0	0	0	18000	18000	18000	18000	93	NaN	0.10710328233591299	0.13318129291160957	0.0422568304455316	0.0668372614276713	11.977674982961496	0.0032829154614576667	8.125144435341527e-8	NaN	0.02721478097320129	0.19199453696108762	0.00021702445046529963	-0.000012040879042499335	NaN	412.0520154935095	14.425071982345527	95281.12609049478	11.46614321915309	11.640308957788681	95.15414571634929	95.3561439420912	94.95215077675714	0.4039897522338561	0.00027846021295408727	-1	0	2.069866619401507	79.35728977058909	1.0001138557311562	-273.1499938964844	9.000758425182767	-273.1499938964844	241
DATA	2025-05-09T060000_AIU-0547.ghg	2025-05-09	06:30:00	129.27	1	18000	18000	0.0204015478155146	0	NaN	30.967403942012204	0	NaN	2.258251259150107	2	NaN	7.819086038699259	0	NaN	0.05078321670432559	2	NaN	0.0004885870296152852	0	NaN	NaN	NaN	NaN	NaN	NaN	NaN	NaN	NaN	NaN	9.47438919793402e-11	3.2566107988626192e-12	5.061009084305902e-13	NaN	16.504211472334205	412.47164513989605	418.4036874474933	0.1	0	567.2956027522715	14.177796433358745	14.381697208750616	0.1	1	0.0881618460523061	2.07343920666725	2.1032587815182904	-0.1	0	NaN	NaN	NaN	NaN	9	287.8806281661988	286.8236965179443	94927.09232465278	1.1468277501756192	1013.1624883827224	0.025120881241096328	0.003290752442440298	0.010170180482705016	1346.2180028803439	1560.2870161660514	0.00886809765559615	86.28015159597243	214.06901328570757	284.540352743221	0.8336297075710847	-0.6581183772772463	0.20482913467531527	1.0816715131068768	7.91337082799245e-14	5.740588827170456e-15	1.0816715131068768	3.0293141222497484	10.289725418516241	321.71027458148376	10.91564280315757	NaN	0.1333774660174882	0.16642581452757388	-6.443895012549325	-0.4500383687742153	13.713001959607801	0.19982280074017209	1	14.149794213601712	6	11	19	29	47	110	0.02015277692524377	1.012344248695534	30.782492238484384	1.0147280162872239	2.0792731357637253	1.0860772547425053	7.199382921017955	1.0860772547425053	0.04675838342307024	1.0860772547425053	-0.009177956703492949	1.1481601528680914	NaN	NaN	800000009	800000009	800000009	800000009	800000009	800010009	899999999	899999999	89999	89999	89	89	9	12	1	46	9	43	0	NaN	0	0	17317	0	0	0	0	0	0	NaN	NaN	NaN	NaN	0	0	0	0	0	0	0	0	18000	0	0	0	18000	18000	18000	18000	93	NaN	0.13111439246256965	0.15162970548797816	0.0501075311046	0.08199281936487551	9.000642882756255	0.01214294035916438	1.386889649427341e-7	NaN	0.026492715975081765	0.1834565506914379	0.001191509304729588	-0.000009177956703492949	NaN	412.47153662162293	14.177899945914124	95313.16105099827	11.479999542236328	11.384080215500438	95.18001834381951	95.38235571903652	94.97767778057522	0.4046780117559765	0.0002776403716092722	-1	0	2.061150876336629	79.6213215742111	1.000111138443152	-273.1499938964844	9.000770103030735	-273.1499938964844	241
DATA	2025-05-09T063000_AIU-0547.ghg	2025-05-09	07:00:00	129.291	1	18000	18000	0.01598679861980628	0	NaN	40.66298042103991	0	NaN	4.460159066604797	1	NaN	2.619069237997178	1	NaN	0.10029019567767247	1	NaN	0.002207100376121925	0	NaN	NaN	NaN	NaN	NaN	NaN	NaN	NaN	NaN	NaN	9.987417027676877e-11	3.4100781618290827e-12	5.302559395767522e-13	NaN	16.556167507527583	413.5071842986563	419.4289692458502	0.1	0	565.2895548924166	14.118683689973802	14.320875602772814	0.1	1	0.08790066674061947	2.0663076654244583	2.0958990004580578	0	0	NaN	NaN	NaN	NaN	9	287.7826469819811	286.7282359805637	94948.35033528646	1.1474922572568511	1013.1275716793338	0.025106898071682166	0.006498804679913176	0.010133417665779151	1340.905312468688	1550.6236710034805	0.008830924654780409	86.47522526216345	209.71835853479251	284.4806565932778	1.172523410854089	-0.7174053120048239	0.2842219866104662	1.403660809585576	2.1149760517684636e-14	6.032445022760192e-15	1.403660809585576	2.4586636442263603	3.4602677897689773	328.539732210231	11.682384824756614	NaN	0.11803365899058688	0.15080642268143463	-3.4016411564920075	-0.852529666295156	9.116935027161206	0.2963326049249017	1	19.727878140614816	9	15	25	38	61	136	0.01582092426525503	1.0104844920416902	40.540225066801185	1.0137739299613926	4.101862941881714	1.0873496091409423	2.4086726256023274	1.0873496091409423	0.09223362461766688	1.0873496091409423	-0.010644047232215705	1.1479991270835228	NaN	NaN	800000009	800000009	800000009	800000009	800000019	800011019	899999999	899999999	89999	89999	89	89	4	2	0	33	39	18	0	NaN	0	0	17717	0	0	0	0	0	0	NaN	NaN	NaN	NaN	0	0	0	0	0	0	0	0	18000	0	0	0	18000	18000	18000	18000	93	NaN	0.11004822029796264	0.1413673955804493	0.05019722948445732	0.09044855442362587	5.018968507490925	0.006019605043198751	5.0912242417226166e-8	NaN	0.034871630724388994	0.06134057863441705	0.0023488720897396793	-0.000010644047232215706	NaN	413.5094608088375	14.118778037060586	95333.99401019965	11.479999542236328	11.32443775833977	95.16882212003073	95.36839813317192	94.96924162080553	0.3991582865350779	0.000277727164761422	-1	0	2.0540999327699345	79.31252612935177	1.000136701045765	-273.1499938964844	9.000905276510451	-273.1499938964844	152
DATA	2025-05-09T070000_AIU-0547.ghg	2025-05-09	07:30:00	129.312	1	18000	18000	0.06817581308297806	1	NaN	36.54762507914066	0	NaN	12.687057614532533	1	NaN	7.824629042655359	0	NaN	0.2853517351745301	1	NaN	0.017155112751629766	2	NaN	NaN	NaN	NaN	NaN	NaN	NaN	NaN	NaN	NaN	3.0263856004035716e-10	1.0368737440806794e-11	1.6116389096929329e-12	NaN	16.594761611108364	414.5767849111589	420.5502243309034	0.1	0	568.5551967185454	14.203866920409649	14.408523673183112	0.1	1	0.08837196260111198	2.079988079434783	2.1099576369172577	0	1	NaN	NaN	NaN	NaN	9	288.05022513410785	286.9954902615017	94958.27875759549	1.1465064450042088	1013.1803316817294	0.025127672249885512	0.01849079243930955	0.010186128016391221	1349.1365490139792	1577.810833559825	0.008884492591189775	85.50686307369841	228.6742845458457	284.57305883886886	1.3961411005301223	-0.5450238543843492	0.28412000686993155	1.5254458865332556	-3.934703038696894e-15	1.823699352437663e-14	1.5254458865332556	4.597722887910921	353.32461835524475	338.67538164475525	10.734237152418155	NaN	0.24385233182432328	0.4887105132011199	-33.37587392820059	-0.08688911056647046	2.8807014352387563	0.1290235530485645	0	64.89041617183378	-9.847371002903605	22.274780020927388	55.467351758778236	84.5912112117396	118.64037649887112	177.74490310246185	0.0675005947592354	1.0100031462856152	36.9288613918105	1.0135744282733428	11.659735455616785	1.0881085306631773	7.191037311219706	1.0881085306631773	0.2622456557716855	1.0881085306631773	0.003927189956574536	1.1482353613311644	NaN	NaN	800000009	800000009	800000009	800000009	800000009	800000019	899999999	899999999	89999	89999	89	89	8	5	4	28	1	20	0	NaN	0	0	16475	0	0	0	0	0	0	NaN	NaN	NaN	NaN	0	0	0	0	0	0	0	0	18000	0	0	0	18000	18000	18000	18000	93	NaN	0.19580386908329195	0.68857291904317	0.09304423827577789	0.14471342999132697	21.111144846861027	0.02356300129629	5.53185891250235e-8	NaN	0.031790888552575454	0.18329827131876453	0.006684595460074522	0.0000039271899565745355	NaN	414.5767148518747	14.203863782269154	95348.93301996528	11.479999542236328	11.417000743071275	95.16275482050578	95.3637233827379	94.96178756417169	0.4019338335610097	0.0002776681536245936	-1	0	2.0676349711881743	81.39894850882779	1.0001565228799978	-273.1499938964844	9.000973481787575	-273.1499938964844	237
DATA	2025-05-09T073000_AIU-0547.ghg	2025-05-09	08:00:00	129.333	1	18000	18000	0.038432234454589084	0	NaN	18.1140299648009	1	NaN	6.866202388459745	0	NaN	5.321379190501845	1	NaN	0.15450252455978405	0	NaN	0.007265345022020466	2	NaN	NaN	NaN	NaN	NaN	NaN	NaN	NaN	NaN	NaN	1.0524661106023114e-10	3.649154678922952e-12	5.686368263652811e-13	NaN	16.40942688027268	414.85390315760327	420.9082425525107	0.1	1	568.9545371140009	14.383988676943266	14.593907273923747	0.1	1	0.0886584786880348	2.09148019733416	2.1220030653993023	0	1	NaN	NaN	NaN	NaN	9	288.4151168178982	287.4733072899713	94947.54017534721	1.1443929961230146	1013.2903486581283	0.025172353832389117	0.010011763591474007	0.010296990187151009	1366.090683883382	1627.4631024416326	0.008997774559994032	83.93988667600995	261.3724185582505	284.7618292609187	1.322077454610621	-0.21859243209815682	0.2756365121756396	1.368081479373516	1.6203109315176897e-14	6.413789575232395e-15	1.368081479373516	3.8366061945264764	341.3883544716354	350.6116455283646	11.62332445627083	NaN	0.183256852009351	0.42438549992045405	-28.579787767455795	-0.10147031264179893	2.638143902551686	0.08524045564901804	1	15.614440545765062	7	13	22	36	62	165	0.03802748473525956	1.010643610066438	18.332476256693578	1.0138458466064721	6.315768738755298	1.0871522806601253	4.894787312841465	1.0871522806601253	0.14211672762712618	1.0871522806601253	0.0007266595169455414	1.1479565977702673	NaN	NaN	800000009	800000009	800000009	800000009	800000009	800000009	899999999	899999999	89999	89999	89	89	3	3	1	40	4	0	0	NaN	0	0	2703	0	0	0	0	0	0	NaN	NaN	NaN	NaN	0	0	0	0	0	0	0	0	18000	0	0	0	18000	18000	18000	18000	93	NaN	0.3199338514194869	0.4554456774634326	0.07339147095798855	0.10680057664612623	16.174022120267608	0.014727373987079092	7.775865359288586e-8	NaN	0.015809277907506417	0.12501197129297134	0.003629635189206994	7.266595169455415e-7	NaN	414.85263373922095	14.383969374554471	95345.360570421	11.46061668952306	11.607162787278495	95.16822850121392	95.37495906278822	94.9614997007582	0.4134597070780068	0.0002810741774220434	-1	0	2.078909755210082	81.60564048258463	1.0001393290642235	-273.3518689049614	9.000940030839708	-273.1499938964844	170
DATA	2025-05-09T080000_AIU-0547.ghg	2025-05-09	08:30:00	129.354	1	18000	18000	0.03780834246228146	1	NaN	34.72131007756268	1	NaN	21.649556980703945	1	NaN	3.7892632046305192	1	NaN	0.4876208025672966	1	NaN	0.005861155455105138	1	NaN	NaN	NaN	NaN	NaN	NaN	NaN	NaN	NaN	NaN	4.7329750046775924e-11	1.6102999160056606e-12	2.5643094526654083e-13	NaN	16.295009996151713	410.85150264164776	416.67596562625744	0.1	1	554.4050666268403	13.978399200097027	14.176564883322179	0.1	1	0.08828579936110514	2.0917999345073524	2.1214544720018247	-0.1	0	NaN	NaN	NaN	NaN	9	288.9080441453722	288.46534849209246	94958.29164778646	1.14076241728419	1013.0816809014437	0.02525636114283615	0.031597828006360816	0.009973359047134768	1327.72095959726	1734.9531263901274	0.008742713553693606	76.52777123493907	407.2321667928675	284.33160588226514	1.7234361072500222	-0.0701045397982915	0.29072926615490896	1.7491912898458348	-3.6619047964793056e-14	2.9045548335320744e-15	1.7491912898458348	5.936110236790051	334.3293471971108	357.6706528028893	9.567406208362916	NaN	0.1820523195243037	1.085892952870611	-14.61835801417205	-0.1983806934532961	1.6037884797600925	0.16502898157408696	1	21.122464686211885	9	17	29	45	75	185	0.037459131128099135	1.0093224622052264	35.62593613842793	1.013361087355779	19.86602865162827	1.0897777990937054	3.477097081425033	1.0897777990937054	0.44744974890552724	1.0897777990937054	-0.006621988025216182	1.1489689202242586	NaN	NaN	800000009	800000009	800000009	800000009	800000019	800011019	899999999	899999999	89999	89999	89	89	3	6	0	56	30	0	0	NaN	0	0	11040	0	0	0	0	0	0	NaN	NaN	NaN	NaN	0	0	0	0	0	0	0	0	17802	0	0	0	18000	18000	18000	18000	93	NaN	0.8005050939263211	1.1332736295614287	0.23800718225347176	0.051211767942970214	8.868914104093777	0.05757021923054111	2.8247681623698013e-8	NaN	0.030826670332129796	0.0890641274968081	0.011461204720980656	-0.000006621988025216182	NaN	410.8507779766383	13.978339172944887	95356.68277126735	11.46614321915309	11.175618589719175	95.13694996198018	95.35056698735556	94.92333611848619	0.4272302947756314	0.00028041580061350627	-1	0	2.0796163201663225	82.03795223389731	1.0001641157186694	-273.1499938964844	9.001075274070104	-273.1499938964844	172
DATA	2025-05-09T083000_AIU-0547.ghg	2025-05-09	09:00:00	129.374	1	18000	18000	0.09953104914896724	0	NaN	27.771404205469363	0	NaN	34.18911201471432	0	NaN	-0.10235876044424104	2	NaN	0.7712553034259485	0	NaN	0.007942171564211089	0	NaN	NaN	NaN	NaN	NaN	NaN	NaN	NaN	NaN	NaN	1.063470360913308e-10	3.528584447015358e-12	5.825008937512975e-13	NaN	16.077207007197917	409.7647862203066	415.4127193849161	0.1	1	533.4401849086361	13.595956264825448	13.783354144962965	0.1	1	0.08806063426793354	2.1016035375883937	2.1305706834192817	-0.1	0	NaN	NaN	NaN	NaN	9	289.2441447584364	290.0849701131186	94988.4657953559	1.1349186762856378	1012.9005975086997	0.025390097853737328	0.04997734366200146	0.009649397079967186	1291.8054468291996	1923.8628814459134	0.008502280631725733	67.14644059551273	632.0574346167139	283.91886465409135	1.0651193642085464	-0.4325354129045593	0.16627286669496275	1.1615562016653778	-4.344342249040926e-14	6.614770590670272e-15	1.1615562016653778	4.44592692903243	354.1016295675567	337.8983704324433	8.229969873346187	NaN	0.29613989601627194	0.950215648298522	-78.68337556923284	-0.03685657839435618	0.8122879644700073	0.08157730425073358	0	54.99598337802612	-8.345852653477268	18.878341426200354	47.00973942393951	71.69281875783753	100.55019768430452	150.6425187760606	0.09837219464447233	1.0117803054885899	29.415924732839674	1.0144180132720877	31.47384330964009	1.086270643161097	-0.09422951921665894	1.086270643161097	0.7100028968669913	1.086270643161097	-0.003377954494728251	1.147989639879078	NaN	NaN	800000009	800000009	800000009	800000009	800000019	800111019	899999999	899999999	89999	89999	89	89	10	10	1	33	43	0	1	NaN	0	0	1487	0	0	0	0	0	0	NaN	NaN	NaN	NaN	0	0	0	0	0	0	0	0	12253	0	0	0	18000	18000	18000	18000	93	NaN	0.6399142373290868	1.0530001612818858	0.2075168979860714	0.06553349404156132	7.287137461279133	0.0883631375194095	3.870065117664534e-8	NaN	0.02558885983692311	-0.002425482310703505	0.01827558371532772	-0.000003377954494728251	NaN	409.7639967586024	13.595865909136212	95394.08868641494	11.479999542236328	10.762657362408067	95.00524092356363	95.22142075983682	94.78906145138211	0.43235844680749735	0.0002838651774444671	-1	0	2.0897479642364702	82.57209467965585	1.0001684810535776	-273.1499938964844	9.001142971277236	-273.1499938964844	225
DATA	2025-05-09T090000_AIU-0547.ghg	2025-05-09	09:30:00	129.395	1	18000	18000	0.08524272225247266	0	NaN	14.931144435980125	0	NaN	63.45989370139682	0	NaN	4.115991077937981	0	NaN	1.4321356924662207	0	NaN	0.0043439355868073	2	NaN	NaN	NaN	NaN	NaN	NaN	NaN	NaN	NaN	NaN	-2.536848468691793e-10	-8.298422457598286e-12	-1.4222431848336043e-12	NaN	15.734600332372105	403.6003629142379	409.0001423520653	0.1	1	514.7030355613788	13.202390118434923	13.379025228911395	0.1	1	0.08821349940675387	2.1088801104354835	2.137094870637749	-0.1	0	NaN	NaN	NaN	NaN	9	289.8577662353515	290.50191203647194	95016.0408185764	1.1337883562504008	1012.6897492677791	0.025419212123170578	0.09280239287181109	0.00935934099206801	1254.7753283350557	1975.3204086776025	0.008254927774192955	63.522622599493985	720.5450803425467	283.48259516698954	1.369318791950191	-0.3424487047232654	0.23952796467526724	1.4316699044179568	5.6337553404973694e-14	-1.6122738519595716e-14	1.4316699044179568	4.833995693509004	346.04093000208127	345.95906999791873	9.631261561352849	NaN	0.27419697484834316	0.955497951405782	-116.1848485025206	-0.024960225342438566	0.23528473757357513	0.04742660434327294	0	55.18138170051868	-8.37398756418682	18.941982670830914	47.16821512152096	71.93450419586493	100.88916494758313	151.1503535043745	0.0843682074689918	1.0103654541173257	18.35884207207802	1.0137218320776042	58.3532287472787	1.0875129802368693	3.7847742075147313	1.0875129802368693	1.3168906656675397	1.0875129802368693	-0.004616898145225455	1.1480421497100997	NaN	NaN	800000009	800000009	800000009	800000009	800001009	800001109	899999999	899999999	89999	89999	89	89	7	3	3	17	25	0	0	NaN	0	0	0	0	0	0	0	0	0	NaN	NaN	NaN	NaN	0	0	0	0	0	0	0	0	8480	0	0	0	18000	18000	18000	18000	93	NaN	0.7361379515720454	0.9984448035159399	0.17641314772357872	0.12694979340279977	4.767788238590902	0.17625992201695637	2.3567836265668e-7	NaN	0.01598957348964918	0.09749347051436459	0.03392229872761849	-0.000004616898145225455	NaN	403.5957316460523	13.202216206394898	95415.27595724826	11.479999542236328	10.322090886698854	94.90176001146105	95.1175735681322	94.6859474750095	0.43162406869729364	0.00028491116944092526	-1	0	2.0973193975422113	80.20978413074731	1.000138683002856	-289.8248695966956	9.001059052202436	-273.1499938964844	132
DATA	2025-05-09T093000_AIU-0547.ghg	2025-05-09	10:00:00	129.416	1	18000	18000	0.057720000172985675	1	NaN	29.749386587372097	1	NaN	78.09056512970595	1	NaN	-0.6436786285818604	1	NaN	1.7626843409377875	1	NaN	0.001198096245767982	2	NaN	NaN	NaN	NaN	NaN	NaN	NaN	NaN	NaN	NaN	-4.3512263843368514e-10	-1.394693428496519e-11	-2.4764249839954786e-12	NaN	15.65675149114058	402.4769936083819	407.73702437984025	0.1	1	501.8439972441198	12.900547306094614	13.069146448098587	0.1	1	0.08910768398638069	2.1321052638089952	2.159970059744477	-0.1	0	NaN	NaN	NaN	NaN	9	290.4366474397447	290.71965794203015	95020.60953125	1.1331236005397725	1012.5261791616249	0.02543704200650419	0.11422194529276862	0.00913895044791191	1226.1466809786614	2002.6703446595354	0.008065272352952934	61.22558733884446	776.523663680874	283.1374645997488	2.067985203631359	0.32051043757180186	0.32110515988910776	2.1171675103162038	-5.02741455355579e-14	-2.7791374135298792e-14	2.1171675103162038	7.2314062841121185	323.19000480710315	8.809995192896814	8.723563596974792	NaN	0.22569634151801898	1.4556373741837825	-32.51956512446904	-0.08917708428449808	0.38096006269079125	0.11488675160867906	0	43.706955714941735	-6.632699152256746	15.003183541876023	37.360048370260074	56.97643104205575	79.91025466547931	119.72012304380895	0.05722810843013158	1.0085952822196567	33.85584854531795	1.0133155650442922	71.43997819585854	1.0930933505552631	-0.5888597055822253	1.0930933505552631	1.6125652397779104	1.0930933505552631	-0.013165202081542881	1.1508047614510073	NaN	NaN	800000009	800000009	800000009	800000009	800001009	800001009	899999999	899999999	89999	89999	89	89	2	1	4	51	31	0	0	NaN	0	0	0	0	0	0	0	0	0	NaN	NaN	NaN	NaN	0	0	0	0	0	0	0	0	9251	0	0	0	18000	18000	18000	18000	93	NaN	1.5158186083792482	1.1813842213344723	0.21407191865384403	0.058245487992766215	1.8244301373303782	0.20359116282532574	6.193870686621869e-7	NaN	0.029508705444385	-0.015174663036123207	0.041555117297762074	-0.00001316520208154288	NaN	402.4764926769884	12.90034685967278	95418.43936436632	11.479999542236328	9.975466931607967	94.83781260723538	95.05412583372328	94.62150016996597	0.4326212242237397	0.00028598100622831326	-1	0	2.120677726017103	82.44515062173981	1.0001343613051705	-296.1233698611789	9.001029520538118	-273.1499938964844	054
DATA	2025-05-09T100000_AIU-0547.ghg	2025-05-09	10:30:00	129.437	1	18000	18000	0.20709025008909637	0	NaN	33.336786362403004	0	NaN	62.309398212968304	0	NaN	0.07058945340466763	2	NaN	1.4068227380495606	0	NaN	-0.004260100966610047	0	NaN	NaN	NaN	NaN	NaN	NaN	NaN	NaN	NaN	NaN	1.4299553888978512e-11	4.572915859091757e-13	8.170276190421772e-14	NaN	15.655489182995709	402.77610265367605	408.0317764634046	0.1	1	500.6536240402577	12.880550273024902	13.048623726933453	0.1	1	0.08945011257996151	2.142856033047797	2.1708173551240275	-0.1	0	NaN	NaN	NaN	NaN	9	290.73560864427355	290.98198823716905	95017.53115581597	1.1320739759605574	1012.5207977705162	0.025460819922132276	0.09116211342561152	0.00911626257939327	1224.206379212186	2036.0606397109807	0.008052709251317415	60.126223911777124	811.8542604987947	283.1138174198383	1.5794369856102737	0.10504700039385406	0.288884851717015	1.609071322644494	-2.8530571220014225e-14	9.13389145610988e-16	1.609071322644494	7.153557461209127	328.1949107631644	3.805089236835651	10.342684440173404	NaN	0.4277031243812408	2.0935243233158856	-197.4893447425287	-0.01468433653360284	0.5350201946817181	0.06799900367948827	0	64.16343861615343	-9.737049354131752	22.02523215102237	54.84594227829534	83.64352254542092	117.31122966948797	175.75359894978243	0.2050963918556457	1.0097215666029562	36.53956195690485	1.013474023548405	57.23327665714395	1.0886917865323853	0.0648387856672489	1.0886917865323853	1.292213972267083	1.0886917865323853	-0.018425311430105822	1.148467856346456	NaN	NaN	800000009	800000009	800000009	800000009	800000009	800001109	899999999	899999999	89999	89999	89	89	1	0	1	41	41	6	0	NaN	0	0	0	0	0	0	0	0	0	NaN	NaN	NaN	NaN	0	0	0	0	0	0	0	0	6779	0	0	0	18000	18000	18000	18000	93	NaN	2.011038649715248	1.8815998137838397	0.29441018313268347	0.045927630058768515	0.5546615732034944	0.1201464813710728	3.084370560255197e-8	NaN	0.031877523679558095	0.0016723958022981224	0.033330254424892077	-0.000018425311430105822	NaN	402.77607446358235	12.880425336778341	95410.3484485677	11.470301356315613	9.954195470386072	94.78163804796007	94.99673329967922	94.5665423435635	0.4301909371299877	0.00028611934109358116	-1	0	2.1314087640047075	81.0399279888562	1.0001384853886233	-283.86282767967197	9.001095832453833	-273.1499938964844	167
DATA	2025-05-09T103000_AIU-0547.ghg	2025-05-09	11:00:00	129.458	1	18000	18000	0.14387076123552708	0	NaN	24.10655688785781	0	NaN	51.527991766531564	0	NaN	-0.31127142621663745	1	NaN	1.1638484719748992	0	NaN	0.0037286793996254195	0	NaN	NaN	NaN	NaN	NaN	NaN	NaN	NaN	NaN	NaN	-1.8185853670602315e-10	-5.669814735614967e-12	-1.038483498909751e-12	NaN	15.61936643991378	402.31886319436916	407.4292976997834	0.1	1	486.96594400267145	12.543119835186419	12.702448164716703	0.1	1	0.08919270222379382	2.1402960223367944	2.1674830216176773	-0.1	0	NaN	NaN	NaN	NaN	9	291.33383423275416	291.3816595899794	95020.49113020833	1.1307013499322018	1012.3418723853629	0.025494996805598778	0.07541738098397346	0.008865544288012507	1192.1731091041058	2087.870076790164	0.007840747946877481	57.09996624583657	895.6969676860583	282.71856485607066	2.0386109954209335	0.13821913646215495	0.2889652984820465	2.063623091570248	-2.753522897346193e-15	-1.1643144259763395e-14	2.063623091570248	6.96651353747537	328.1212454861693	3.878754513830681	8.049474458962788	NaN	0.3567075613305675	1.8558167149896065	-158.42746800797175	-0.01830490656995211	0.46783420159439415	0.05904019163455157	0	54.17264970502865	-8.220908592158262	18.59571761929986	46.305966183619	70.61952016092552	99.04488114125824	148.38728028998887	0.14263298872203745	1.0086780240993323	26.78444311657868	1.0133037850046225	47.162022554266166	1.0925738332625954	-0.28489738335315296	1.0925738332625954	1.0652355351578087	1.0925738332625954	-0.007406791517663769	1.150497959038076	NaN	NaN	800000009	800000009	800000009	800000009	800000009	800000119	899999999	899999999	89999	89999	89	89	9	1	5	20	39	2	0	NaN	0	0	0	0	0	0	0	0	0	NaN	NaN	NaN	NaN	0	0	0	0	0	0	0	0	9320	0	0	0	18000	18000	18000	18000	93	NaN	1.3327564272406502	2.066224800120079	0.3126522026184837	0.0550244872426356	0.2013924505965515	0.11176020281754781	8.79421407251051e-8	NaN	0.023399550248254703	-0.00735574663892581	0.02750324560787045	-0.0000074067915176637685	NaN	402.31925202475713	12.543004066204064	95411.95985091146	11.473071711063387	9.558752549198005	94.75512855381436	94.97177217547099	94.53847996372647	0.4332838082230752	0.0002860943094516794	-1	0	2.1291677011715047	81.83903164621285	1.0001367763264313	-273.3518689049614	9.001113152636423	-273.1499938964844	195
DATA	2025-05-09T110000_AIU-0547.ghg	2025-05-09	11:30:00	129.479	1	18000	18000	0.14159433372205638	1	NaN	26.411325650829543	1	NaN	76.24782695218094	1	NaN	0.7585622789872942	1	NaN	1.7226065738038916	1	NaN	0.003679725268993345	1	NaN	NaN	NaN	NaN	NaN	NaN	NaN	NaN	NaN	NaN	1.0514721611361406e-10	3.05425424045282e-12	6.045526690360354e-13	NaN	15.631067311382816	403.02394001872	407.7979496302516	0.1	1	454.04201255322704	11.70680140952207	11.845474021493345	0.6	0	0.0898721222706236	2.158319718322608	2.1838860384760754	-0.2	0	NaN	NaN	NaN	NaN	9	291.7607842737834	291.6332356652154	95029.10758116319	1.1301873949811339	1011.8830783106735	0.02551469526586627	0.11162490598249217	0.008268041723245892	1112.7853034085413	2121.070998170901	0.007315637884444739	52.46336894748682	1008.2856947623598	281.69711562223245	2.15423017115965	-0.15288467670090936	0.24622736207524373	2.1736396363102672	9.858634693721212e-14	6.726809757708869e-15	2.1736396363102672	8.281360618281118	336.0594476103574	355.94055238964256	6.504360731806102	NaN	0.35395471954273405	2.6666197792570707	-141.27029922316115	-0.020528023342110593	0.34638791302725896	0.06524717308148927	0	47.92707758112314	-7.273118926784134	16.451814815587884	40.96734506868994	62.477786113906625	87.62598337569528	131.27969064156747	0.1403988385769242	1.0085149931242285	30.450976645899594	1.013333672964894	69.71873475351354	1.0936490345349872	0.6936066827963966	1.0936490345349872	1.575099981262575	1.0936490345349872	-0.0098553883356439	1.1511410090235383	NaN	NaN	800000009	800000009	800000009	800000009	800000009	800000009	899999999	899999999	89999	89999	89	89	11	9	0	22	21	8	1	NaN	0	0	0	0	0	0	0	0	0	NaN	NaN	NaN	NaN	0	0	0	0	0	0	0	0	11647	0	0	0	18000	18000	18000	18000	93	NaN	1.4797107449011708	3.4353807379197185	0.4181480756932517	0.04844805280337381	0.2812268142613432	0.10816697468002252	3.1977233631450864e-7	NaN	0.026626889355814712	0.017906851329859017	0.040664373475207787	-0.0000098553883356439	NaN	403.0237182634142	11.706683356085918	95417.00662413194	11.479999542236328	8.536613171868856	94.7260634167989	94.94308147345649	94.50904891056484	0.43403093785709806	0.0002867863977444359	-1	0	2.1478484208186464	82.19663812775082	1.0001308873179886	-273.3518689049614	9.00112341480785	-273.1499938964844	187
DATA	2025-05-09T113000_AIU-0547.ghg	2025-05-09	12:00:00	129.499	1	18000	18000	0.1184721008078607	1	NaN	6.498236202142539	0	NaN	97.85880777095734	1	NaN	3.2509310374008047	1	NaN	2.2120780955425725	1	NaN	0.01981975434987719	2	NaN	NaN	NaN	NaN	NaN	NaN	NaN	NaN	NaN	NaN	-1.9030330717551375e-10	-5.562041452897094e-12	-1.0968116548563808e-12	NaN	15.514220877868597	400.9600741106717	405.71462697414273	0.1	1	453.43794026933057	11.71895846824884	11.85792095139805	0.5	0	0.089416093327105	2.153036326386869	2.1785668609506526	0	1	NaN	NaN	NaN	NaN	9	292.4542847705417	292.2103725772434	95038.39256315104	1.1280601920926043	1011.9032596480656	0.025562690740932842	0.1433426605911587	0.008261087901749986	1114.0497272458074	2198.989494310328	0.007323268704682577	50.661894025792435	1084.9397670645208	281.7138810206235	1.5297134987690688	0.018863798757008658	0.22830978972093813	1.5467723139823515	9.342337653655354e-14	-1.2266378613120426e-14	1.5467723139823515	6.883453985303934	331.2934877842496	0.7065122157500192	8.488100624028004	NaN	0.32407229742161814	1.829892310218493	-440.7224012279525	-0.006580105735310805	0.0664042036701687	0.01756638175653339	0	52.28907869202139	-7.935069424070933	17.94914864280525	44.695918011567656	68.16409511061173	95.60111259531789	143.22788747137875	0.11730749575421466	1.0099277974195797	11.984471951395673	1.0135462400011201	89.92306850821326	1.088250316569427	2.9873007964279377	1.088250316569427	2.032692351991104	1.088250316569427	0.009967709461141732	1.1482892865179506	NaN	NaN	800000009	800000009	800000009	800000009	800001009	800001109	899999999	899999999	89999	89999	89	89	11	0	0	24	23	8	0	NaN	0	0	0	0	0	0	0	0	0	NaN	NaN	NaN	NaN	0	0	0	0	0	0	0	0	6875	0	0	0	18000	18000	18000	18000	93	NaN	1.3086068098917996	2.069246442246719	0.2819313682984675	0.056540552067766425	1.3082036967064201	0.26542244029837736	1.1272223031039718e-7	NaN	0.010498992721669794	0.07726920389525636	0.05257740365153004	0.000009967709461141732	NaN	400.95967387660323	11.718672156539222	95432.77125889757	11.47359500646591	8.546936041328724	94.67150722461278	94.88961037529839	94.45339955732558	0.43621195910539895	0.0002870806387767919	-1	0	2.142593473977513	82.11512905989753	1.000116397968597	-291.5609946695996	9.00103341179424	-273.1499938964844	075
DATA	2025-05-09T120000_AIU-0547.ghg	2025-05-09	12:30:00	129.52	1	18000	18000	0.1469701300241384	1	NaN	37.64956589771718	0	NaN	67.91295442760648	0	NaN	-1.9817441305496537	2	NaN	1.5355054959324619	0	NaN	0.015417847339824216	2	NaN	NaN	NaN	NaN	NaN	NaN	NaN	NaN	NaN	NaN	1.1476342065702624e-10	3.155746356221474e-12	6.644030182453482e-13	NaN	15.427855665982177	399.293151261664	403.725940895303	0.1	1	424.2327304597758	10.97969980281378	11.101591949755429	0.4	0	0.08931690786880178	2.152291500140357	2.1761853621318425	-0.1	0	NaN	NaN	NaN	NaN	9	292.61366682603625	292.4446045769585	95041.36252690972	1.1275083945953652	1011.4994721129137	0.025582382005144528	0.09950075613642352	0.007734002009543968	1043.8055440993223	2231.3208475890915	0.0068593742154084	46.77971548677719	1187.5153034897692	280.75600435974314	1.2104791352643405	0.2837650017585975	0.2430279983267583	1.2668247396953134	3.036114954491213e-14	7.438714954410361e-15	1.2668247396953134	7.332097496534199	318.8067441228472	13.193255877152815	11.060199686047813	NaN	0.36103944025791235	1.5173190028805799	-105.17127602085444	-0.027574068792556614	0.5543797382258002	0.09143656056300206	0	57.199794028045304	-8.680289421973582	19.63483830714133	48.89352362114142	74.56570851821131	104.57946642189641	156.67909757386863	0.14534935651350347	1.0111508819131534	41.11391837470147	1.0140903996948005	62.497110444642885	1.0866575101541807	-1.8237062846678098	1.0866575101541807	1.4130537741506026	1.0866575101541807	-0.001980922284573548	1.147907308058035	NaN	NaN	800000009	800000009	800000009	800000009	800000009	800100009	899999999	899999999	89999	89999	89	89	3	13	6	21	14	19	0	NaN	0	0	0	0	0	0	0	0	0	NaN	NaN	NaN	NaN	0	0	0	0	0	0	0	0	5840	0	0	0	18000	18000	18000	18000	93	NaN	1.582851975709271	1.172203397510234	0.2795826325416552	0.12147405708146772	1.2139236103059614	0.1382108464232456	1.4036051400340622e-7	NaN	0.036049846917797106	-0.047172833321143144	0.03655070485977977	-0.000001980922284573548	NaN	399.291846130734	10.9794959776612	95434.5683296441	11.470000267028809	7.5942552946806074	94.63184080674912	94.84977468999227	94.4139041633606	0.43587014129478185	0.00028808900295795566	-1	0	2.142508161511687	81.95511505921681	1.0001139654931095	-273.1499938964844	9.001052480432723	-273.1499938964844	058
DATA	2025-05-09T123000_AIU-0547.ghg	2025-05-09	13:00:00	129.541	1	18000	18000	0.1545133035713567	0	NaN	32.14694364793444	0	NaN	89.22433799490805	0	NaN	-0.9578879303137334	1	NaN	2.018523941148044	0	NaN	-0.0019126876245846227	0	NaN	NaN	NaN	NaN	NaN	NaN	NaN	NaN	NaN	NaN	-1.6180104586348942e-10	-4.281767132077502e-12	-9.228508051503105e-13	NaN	15.308741488977514	397.3930972790459	401.6166089986905	0.1	1	405.1176912433432	10.516277526904735	10.628044997668649	0.5	0	0.08731516124352068	2.1094834841741186	2.1319031695657604	-0.1	0	NaN	NaN	NaN	NaN	9	293.2448769632976	293.04491638692224	95016.71901085069	1.1251048456284145	1011.2579485640662	0.02564154456399029	0.13080035138639323	0.007390480078484613	999.4902175880076	2316.090012601989	0.0065687034476833535	43.1542043767608	1316.5997950139817	280.1220186028295	1.461996372414474	-0.2242802305439212	0.2850799140477091	1.5063218687117583	1.0403559747258538e-13	-1.0569193161958362e-14	1.5063218687117583	6.798934572575202	340.721571296453	351.2784287035469	10.909347579407891	NaN	0.3705838095327516	1.9250559512389724	-133.16960084407503	-0.021776741700949735	0.36029343977614087	0.07624270639810345	0	63.248112451021534	-9.598145077222043	21.711030298444918	54.06353523931226	82.45030244405389	115.63772151131944	173.24637877573252	0.15297243796210072	1.0100728316145273	36.89544693793035	1.0136013620655533	82.00926875580441	1.0879787047069964	-0.8804289331855096	1.0879787047069964	1.8552972888303476	1.0879787047069964	-0.017319251802004994	1.1481894789181761	NaN	NaN	800000009	800000009	800000009	800000009	800000009	800010019	899999999	899999999	89999	89999	89	89	5	3	1	7	6	1	1	NaN	0	0	0	0	0	0	0	0	0	NaN	NaN	NaN	NaN	0	0	0	0	0	0	0	0	4805	0	0	0	18000	18000	18000	18000	93	NaN	1.5522192735851166	2.068784225997537	0.2291084028952914	0.1446331001435959	0.9150067755984197	0.20001335003798695	1.631777078793335e-7	NaN	0.03242782586751429	-0.022815556813030064	0.04807842984579703	-0.000017319251802004996	NaN	397.392791631904	10.515965768819878	95406.96464496528	11.431051415284475	6.955421440945745	94.53560105684069	94.75251523378161	94.31868691296049	0.43382954845825816	0.00028857919781714576	-1	0	2.100314052906301	81.81879263969704	1.0001089941958587	-273.1499938964844	9.000995773024028	-273.1499938964844	007
DATA	2025-05-09T130000_AIU-0547.ghg	2025-05-09	13:30:00	129.562	1	18000	18000	0.18837388559740068	0	NaN	15.86733155084648	1	NaN	105.99989987531237	0	NaN	1.2882159206858044	2	NaN	2.397981707536092	0	NaN	-0.0016830733999079156	1	NaN	NaN	NaN	NaN	NaN	NaN	NaN	NaN	NaN	NaN	-1.3372449331615862e-11	-3.5500893927672e-13	-7.702200191392663e-14	NaN	15.289624620494845	396.99602825911666	401.22468206363254	0	0	405.905700882189	10.539366079789781	10.651627481159267	0.3	0	0.0880644575708909	2.127391093262267	2.150051270694433	-0.1	0	NaN	NaN	NaN	NaN	9	293.1947215423584	293.02070356750494	95006.37898784722	1.1250655057657486	1011.2700925315478	0.025642216400773053	0.15538921464833877	0.007406511864790955	1001.5755980733777	2312.617186154944	0.0065831827807660784	43.30918251708749	1311.0415880815665	280.1524034399055	0.9593800177251447	-0.2935471972601877	0.23103666821906488	1.0295425768229682	4.1493604738023165e-14	-8.74609394509979e-16	1.0295425768229682	7.05754586010484	349.0128498927363	342.9871501072637	12.968016211219998	NaN	0.40918663790974497	1.39072051079496	-363.17300374790153	-0.007985175026977088	0.14969194847835907	0.03408297375647098	0	70.67872900411719	-10.725769806656443	24.261720506715008	60.41511450864136	92.13686159035194	129.2232584439777	193.5999887098112	0.1860002936278215	1.012761227002838	21.723073947621593	1.0149646097122313	97.6053744793902	1.0860047455449773	1.186197321853648	1.0860047455449773	2.2080766381299193	1.0860047455449773	-0.013239805536552825	1.1483306892894465	NaN	NaN	800000009	800000009	800000009	800000009	800001009	800001009	899999999	899999999	89999	89999	89	89	12	18	1	21	49	8	1	NaN	0	0	0	0	0	0	0	0	0	NaN	NaN	NaN	NaN	0	0	0	0	0	0	0	0	4008	0	0	0	18000	18000	18000	18000	93	NaN	1.186468152993502	1.3833765455512457	0.21159632304517242	0.06010373094997157	0.8042015645145704	0.330733571169037	1.269873951297941e-7	NaN	0.01909309386040932	0.030740803913528902	0.057223237406002755	-0.000013239805536552826	NaN	396.9963666092614	10.538996712528341	95391.5890093316	11.445358404159544	6.977981312645781	94.51188745117187	94.72694204033746	94.29683535342747	0.4300994508960183	0.000288564815871521	-1	0	2.118120684921741	82.21931110796632	1.0000962395336892	-273.1499938964844	9.000866094986598	-273.1499938964844	194
DATA	2025-05-09T133000_AIU-0547.ghg	2025-05-09	14:00:00	129.583	1	18000	18000	0.16845723288202333	0	NaN	17.56280201455104	0	NaN	146.9216602106983	0	NaN	0.5584922370060246	1	NaN	3.3242550980457617	0	NaN	0.033789417074494586	1	NaN	NaN	NaN	NaN	NaN	NaN	NaN	NaN	NaN	NaN	3.6970953827036485e-10	9.16874477790235e-12	2.1071184114072543e-12	NaN	15.279703704241113	396.66186418298474	400.60265608102486	0.1	0	378.93451221619637	9.83715868634455	9.934889773578583	0.2	0	0.08708497256164745	2.104701492361283	2.125611469694179	0	1	NaN	NaN	NaN	NaN	9	293.39360265265566	293.1830040452745	94995.5567328559	1.1246143334798586	1010.8869000768527	0.025659342178362663	0.21541173035336533	0.006908423502557742	934.7370321540991	2335.9831914950387	0.006142926776667718	40.01471566907396	1401.2461593409396	279.1495204314459	1.1785019008948119	-0.0873614658603385	0.2205621046098847	1.202142420065052	2.559486378669222e-15	2.419611959934448e-14	1.202142420065052	8.178086051754777	336.2395390672753	355.7604609327247	10.572187232544376	NaN	0.3870285689132084	2.1405954667888176	-277.59026692922896	-0.010447052168220828	0.11953854856638886	0.03991577799023001	0	55.16820598988855	-8.37198809926648	18.937459875736977	47.15695272224372	71.91732832635246	100.86507554637387	151.1142631916994	0.16653807571142654	1.0115238341886588	25.736428985309715	1.014281776460969	135.2367261230163	1.0864035563612575	0.5140743821537265	1.0864035563612575	3.0598713328773015	1.0864035563612575	0.01659079652883004	1.1479401321223524	NaN	NaN	800000009	800000009	800000009	800000009	800001009	800001009	899999999	899999999	89999	89999	89	89	7	7	3	22	26	17	1	NaN	0	0	0	0	0	0	0	0	0	NaN	NaN	NaN	NaN	0	0	0	0	0	0	0	0	11575	0	0	0	18000	18000	18000	18000	93	NaN	1.5324379778073263	2.3970702982804215	0.35168265748988786	0.06420418105301294	0.5496602583476158	0.46866821050870067	2.257729436027689e-7	NaN	0.022638211024634536	0.013321895226829228	0.07929452763895954	0.00001659079652883004	NaN	396.66082180923297	9.836639227132132	95373.89695182291	11.479999542236328	5.962601274848142	94.53995861646864	94.75671008237202	94.32320881313748	0.43350283568435344	0.00028856579197842323	-1	0	2.0961385396321606	82.31046515358818	1.0001065807441871	-273.1499938964844	9.000994293716218	-273.1499938964844	166
DATA	2025-05-09T140000_AIU-0547.ghg	2025-05-09	14:30:00	129.604	1	18000	18000	0.38080854060513786	0	NaN	51.825454481980515	0	NaN	266.24535448582077	0	NaN	-2.6002208923928674	0	NaN	6.028392820694162	0	NaN	0.009001106266190367	0	NaN	NaN	NaN	NaN	NaN	NaN	NaN	NaN	NaN	NaN	-8.196047886865492e-11	-1.828688928565065e-12	-4.62916482764084e-13	NaN	15.190213499625742	395.7091620403285	399.23399850470315	0.1	1	338.92158309397956	8.828998726502729	8.907644306743101	0.2	0	0.08579501123890466	2.0797180681020433	2.0982434569110033	-0.2	0	NaN	NaN	NaN	NaN	9	294.01507805464	293.92379113939074	94987.31818315972	1.1221118378057384	1010.3513187874123	0.02572640691698289	0.3906398547809817	0.006184251080648353	838.8678683562106	2445.2758132891063	0.005511260885315586	34.30565434775479	1606.4079449328956	277.59438478840707	1.0886688835230662	-0.6774518335677364	0.3290259650666984	1.3237820857088447	-3.85500442555574e-14	-5.395610724673111e-15	1.3237820857088447	8.241956043948404	3.8929870326045375	328.10701296739546	14.391722005257535	NaN	0.5825527650958294	2.2623188467962883	-320.73086003260397	-0.009041848981121429	0.1946529905923318	0.07846921258953021	0	78.94024194674316	-11.979486268820855	27.097630557742153	67.47693151463612	102.9065780983736	144.32793897750898	216.2295525822059	0.3767192493704008	1.0108550100414868	66.44096199797193	1.0139452559555662	244.95342189719278	1.0869223725217614	-2.3922783798810876	1.0869223725217614	5.546295644561743	1.0869223725217614	-0.023986245754868858	1.147920729935909	NaN	NaN	800000009	800000009	800000009	800000009	800010019	800111019	899999999	899999999	89999	89999	89	89	4	7	7	17	20	20	1	NaN	0	0	0	0	0	0	0	0	0	NaN	NaN	NaN	NaN	0	0	0	0	0	0	0	0	9105	0	0	0	18000	18000	18000	18000	93	NaN	2.407587829510012	1.7917293417579974	0.3253205223245675	0.12738476639148658	0.4097676783227473	0.5153577057526013	5.540667085394018e-8	NaN	0.058604012900147	-0.0620930939612002	0.1439576010428544	-0.000023986245754868858	NaN	395.7083345605988	8.82832456443126	95381.04443294273	11.479999542236328	4.399470340642782	94.40764136632285	94.61860563617282	94.1966777083079	0.4219289672192608	0.0002894957481023285	-1	0	2.072141236762205	82.56858265910435	1.000116459985574	-273.3518689049614	9.001047572082943	-273.1499938964844	163
DATA	2025-05-09T143000_AIU-0547.ghg	2025-05-09	15:00:00	129.624	1	18000	18000	0.5987623341428643	0	NaN	71.42895954991111	1	NaN	79.62960514932973	0	NaN	-1.0208730555666823	2	NaN	1.8031806798419991	0	NaN	-0.032955939943804885	1	NaN	NaN	NaN	NaN	NaN	NaN	NaN	NaN	NaN	NaN	3.137852647842927e-10	6.667907937590204e-12	1.7880660623375907e-12	NaN	15.178296684967178	395.83178315006955	399.1895214542626	0.1	1	322.5374047260167	8.411388886062674	8.482740515356902	0.3	0	0.08649162415302658	2.0972755980807025	2.1150662427684113	-0.1	0	NaN	NaN	NaN	NaN	9	294.02995388285325	294.0313629811604	94986.70084505208	1.1218717420161366	1010.1250549047392	0.025735989670944624	0.11684610805376154	0.005889543486062475	799.1843950779471	2461.512676435229	0.005249747600807082	32.46720615046065	1662.3282813572819	276.904266882045	0.6676654465516334	-0.270966855754799	0.2912403350958194	0.7771879555315637	-2.394895041127846e-14	2.067328576434209e-14	0.7771879555315637	8.600613788753117	354.0893932820062	337.9106067179938	22.0079993057411	NaN	0.7305595660458355	2.062599588594218	-458.92334978444796	-0.00631913804639076	0.8970151166260348	0.08627805377027195	0	82.24056835693939	-12.480323534308912	28.230525815952678	70.29800089148193	107.20888689684563	150.3619882404694	225.26965792585835	0.5895813751277198	1.0155719963391918	74.9893865314239	1.0166580652572266	73.28991129841064	1.0865015898996806	-0.939596467282613	1.0865015898996806	1.6596208386666893	1.0865015898996806	-0.057253610459862644	1.1500681176488656	NaN	NaN	800000009	800000009	800000009	800000009	800000009	810111109	899999999	899999999	89999	89999	89	89	30	20	7	49	65	17	1	NaN	0	0	0	0	0	0	0	0	0	NaN	NaN	NaN	NaN	0	0	0	0	0	0	0	0	5711	0	0	0	18000	18000	18000	18000	93	NaN	1.7126017915920895	1.9507664039730173	0.4618309816233289	0.1414922818316796	0.4021243101848846	0.2950963672542598	2.2892278179855833e-7	NaN	0.0661730951093148	-0.024386625389324096	0.04307439745695324	-0.00005725361045986264	NaN	395.8331954733943	8.41086350824264	95372.48402408854	11.479999542236328	3.723329062501559	94.35985260433621	94.56723797077603	94.15246633932325	0.41477086482859293	0.0002894046405142742	-1	0	2.0899894208974312	81.59054916569498	1.0001080157823032	-273.1499938964844	9.001001748085022	-273.1499938964844	103
DATA	2025-05-09T150000_AIU-0547.ghg	2025-05-09	15:30:00	129.645	1	18000	18000	0.33521554585754987	0	NaN	47.815070110866934	0	NaN	148.26189710405993	0	NaN	-1.409072069401999	1	NaN	3.356516759050265	0	NaN	-0.013705175209087152	1	NaN	NaN	NaN	NaN	NaN	NaN	NaN	NaN	NaN	NaN	4.4754435441376495e-10	8.795219344522333e-12	2.5452990453965783e-12	NaN	15.195654179495248	396.1908659111207	399.2998189628903	0.1	1	298.62763382913016	7.786011673745668	7.847109358818589	0.2	0	0.08642156625550362	2.092608930309656	2.109029861431036	-0.1	0	NaN	NaN	NaN	NaN	9	293.7162428410848	293.7803432583279	94998.29805533854	1.1232338111071998	1009.7761813107026	0.02571087928782614	0.21750228598645716	0.0054569869507059875	739.8562630352276	2423.7696197250143	0.004858282306625812	30.525024202554658	1683.9133566897867	275.81378181384383	1.0553388546028166	-0.30623712037338363	0.23477107895424948	1.123671985697986	-1.4464323973267321e-13	2.945212816291078e-14	1.123671985697986	9.574871905889685	348.1816162336515	343.8183837663485	12.05977434112559	NaN	0.5462947056275289	2.839310198920398	-286.65175964547376	-0.010116805156147211	0.3225041028397686	0.07716893649899782	0	64.80663613224783	-9.834657058670977	22.246021044455734	55.39573784103464	84.48199546861392	118.48719986623486	177.51541659433573	0.33122839700187195	1.0120374608329714	55.690045340849224	1.0145576879162346	136.50029334583138	1.0861654101242832	-1.2972905013065803	1.0861654101242832	3.090244568427381	1.0861654101242832	-0.03657413053185894	1.1480577028593095	NaN	NaN	800000009	800000009	800000009	800000009	800000009	800110109	899999999	899999999	89999	89999	89	89	27	29	9	24	22	19	0	NaN	0	0	0	0	0	0	0	0	0	NaN	NaN	NaN	NaN	0	0	0	0	0	0	0	0	4542	0	0	0	18000	18000	18000	18000	93	NaN	1.9241005376245965	3.2860384715301474	0.4684813886860517	0.07817019735732064	0.349691996949473	0.28342482731031005	5.183738469956168e-8	NaN	0.049100089215515494	-0.033616286487482085	0.08007654925709687	-0.00003657413053185894	NaN	396.1915701257831	7.785592315461652	95384.65331901042	11.450788135581547	2.630293318243509	94.32577949990167	94.52715785810682	94.12440471818712	0.4027470292117856	0.00029009098105274865	-1	0	2.0858763900730337	82.17582597416717	1.0000997191700671	-273.1499938964844	9.001002338171006	-273.1499938964844	024
DATA	2025-05-09T153000_AIU-0547.ghg	2025-05-09	16:00:00	129.666	1	18000	18000	0.3622242721238327	0	NaN	64.3461980353295	0	NaN	75.15195636946828	1	NaN	-0.8046834524742484	1	NaN	1.7015652957987173	1	NaN	-0.01398353910566555	0	NaN	NaN	NaN	NaN	NaN	NaN	NaN	NaN	NaN	NaN	-4.596970562797094e-11	-8.162678211049677e-13	-2.6109994453285353e-13	NaN	15.2069790862929	396.7277290219469	399.54232656259626	0.1	1	270.0249547998904	7.044554114865246	7.094531928958433	0.1	0	0.08637300025535527	2.0918856436481126	2.106726593138704	-0.2	0	NaN	NaN	NaN	NaN	9	293.7536797341241	293.8971775495741	95010.92431944444	1.1232522809820593	1009.3740848625043	0.025717686167664122	0.11026143116775687	0.0049360143248229965	669.4891330860975	2441.2732499767326	0.0043943951046397514	27.42376885063883	1771.7841168906352	274.41526438166017	0.7251864605835746	0.10844273759551393	0.290961451648579	0.7888686812749357	-6.924992488257619e-14	-3.022934756937136e-15	0.7888686812749357	6.123054151064051	323.49513940585183	8.50486059414819	21.643714102744163	NaN	0.5678715607903453	1.3859837778105062	-239.2523680073893	-0.012121092151156613	0.8562145437569899	0.09994091290965856	0	77.33541712662417	-11.735947910914016	26.546746129052185	66.10515139578096	100.81452686299482	141.39380737370684	211.83368877092877	0.35672965521995925	1.0154027477768437	67.71798050515386	1.0165530004809822	69.1727198882352	1.086439227644857	-0.7406612647985951	1.086439227644857	1.5661854363334322	1.086439227644857	-0.037240786753447344	1.1499441636595833	NaN	NaN	800000009	800000009	800000009	800000009	800000009	800111119	899999999	899999999	89999	89999	89	89	7	16	4	22	36	15	1	NaN	0	0	0	0	0	0	0	0	0	NaN	NaN	NaN	NaN	0	0	0	0	0	0	0	0	4406	0	0	0	18000	18000	18000	18000	93	NaN	1.2015341481689568	1.2450156737739846	0.32541773367807086	0.10568618794894682	0.3323532416447327	0.44532680064198793	4.544004782267239e-8	NaN	0.05972752772933418	-0.019183267781846678	0.04056450100624946	-0.000037240786753447346	NaN	396.728522224793	7.044027000250098	95400.93497265625	11.456143283208212	1.208341321498974	94.26443798531426	94.4594534840054	94.06942332606846	0.3900308774014315	0.00028979985911994146	-1	0	2.0857991446190405	81.75613022458045	1.0000864091267188	-273.1499938964844	9.000906743235058	-273.1499938964844	129
DATA	2025-05-09T160000_AIU-0547.ghg	2025-05-09	16:30:00	129.687	1	18000	18000	0.17226483598331166	0	NaN	31.619668406759878	0	NaN	48.22341246644684	1	NaN	0.3667189092426947	1	NaN	1.0918170561273828	1	NaN	-0.02183067071313979	0	NaN	NaN	NaN	NaN	NaN	NaN	NaN	NaN	NaN	NaN	-2.737562757625549e-10	-3.803632646585246e-12	-1.5534047844951608e-12	NaN	15.209270886328808	397.0102029463939	399.21231839709674	0.1	0	211.32110711564445	5.51615105351638	5.546747751972009	0.2	0	0.08630360746139933	2.0885084316717792	2.100092861120129	-0.1	0	NaN	NaN	NaN	NaN	9	293.4247251900567	293.8581396738688	95012.83010807291	1.1240750339263126	1008.5409616251865	0.025713754347382187	0.0707497452370544	0.003865676024769513	524.2457085493279	2435.4124980197535	0.003438983971796782	21.52595131114728	1911.1667894704256	271.0598832508712	0.6533988967485558	0.15229409676595296	0.1693975017218037	0.6919675742197758	8.982957584604517e-14	-1.799930304408128e-14	0.6919675742197758	8.642639218770347	318.8797537635726	13.120246236427432	14.170342559210853	NaN	0.39147196557657904	1.5366804244157577	-159.4676770310536	-0.018185503507618505	0.6556912252686471	0.07124719994547639	0	73.67172374597014	-11.179968305780244	25.289118748421842	62.97348139781213	96.03853251958856	134.69540739879832	201.79826500022813	0.16938988715082548	1.0169723758651914	33.86550569918051	1.0175375901951567	44.35889961251617	1.0871192226968647	0.3373309031671419	1.0871192226968647	1.0043213599138316	1.0871192226968647	-0.03277596742177508	1.1511504797030867	NaN	NaN	800000009	800000009	800000009	800000009	800001009	810001109	899999999	899999999	89999	89999	89	89	1	8	1	24	19	33	0	NaN	0	0	0	0	0	0	0	0	0	NaN	NaN	NaN	NaN	0	0	0	0	0	0	0	0	4672	0	0	0	18000	18000	18000	18000	93	NaN	1.3614619914470534	1.5373020443761165	0.1745968130083453	0.07609916564298298	0.2818902579624923	0.4717444701432557	6.226313419400682e-8	NaN	0.029872304073847885	0.008722169689090646	0.02596815542632438	-0.000032775967421775085	NaN	397.0092907857945	5.515148716431856	95400.79397222222	11.470000267028809	-2.1835339511621448	94.23515169949002	94.42789689254761	94.04240876049465	0.3854884961653089	0.0002900974043328057	-1	0	2.083745800071293	80.73316183199894	1.0000686501661937	-273.1499938964844	9.000820399231381	-273.1499938964844	201
DATA	2025-05-09T163000_AIU-0547.ghg	2025-05-09	17:00:00	129.708	1	18000	18000	0.1640897564450446	1	NaN	27.245342862557365	0	NaN	138.5584086582308	0	NaN	1.625783018599878	0	NaN	3.136429525620824	0	NaN	0.012201088891469114	2	NaN	NaN	NaN	NaN	NaN	NaN	NaN	NaN	NaN	NaN	1.9337918474367976e-10	2.537811266129441e-12	1.0981576547606953e-12	NaN	15.23141376209912	397.15117981648496	399.2319819180526	0.1	1	199.8894218928985	5.21201255363042	5.239319955008411	0.2	0	0.08649583272288164	2.090843473703093	2.1017980716376647	-0.1	0	NaN	NaN	NaN	NaN	9	292.98617515479197	293.6454922781591	95021.53408988303	1.1251217463536807	1008.3703106136851	0.025692793177715577	0.20324063326022937	0.0036555179958830206	495.38627503120915	2403.703361622874	0.0032489977264504076	20.609293265569438	1908.317086591665	270.29620883731695	1.0981878701650474	0.21155603967465994	0.2409234896316828	1.1440352634236464	-1.737027814247074e-14	1.2696075870834276e-14	1.1440352634236464	6.672424093720996	321.0960565092274	10.90394349077257	12.156986517351779	NaN	0.3818923649876066	1.729946359166443	-171.8159945981668	-0.016878521739389574	0.19663435172498936	0.06288277990929629	0	59.24695811131744	-8.990954469619709	20.337563490793695	50.64340868913209	77.23439365801053	108.32233527561468	162.28659715674215	0.16216052524587848	1.011897045820744	34.75391749051723	1.0144809981552914	127.5602885021087	1.086218997191593	1.4967359462533079	1.086218997191593	2.8874743801480425	1.086218997191593	-0.005681442348461914	1.1480188299502674	NaN	NaN	800000009	800000009	800000009	800000019	800001019	800011119	899999999	899999999	89999	89999	89	89	2	6	0	24	38	41	0	NaN	0	0	0	0	0	0	0	0	0	NaN	NaN	NaN	NaN	0	3	0	0	0	0	0	0	8150	0	0	0	18000	18000	18000	18000	93	NaN	1.8314208197200281	1.341985593855092	0.28648630475776626	0.07896162007395004	0.510840657159539	0.324574699821209	6.343578580923913e-8	NaN	0.030632623747829723	0.03865686119948378	0.07457607777100693	-0.0000056814423484619136	NaN	397.1490320360793	5.21153353027323	95403.40569401042	11.470000267028809	-2.924966146145208	94.26243291070725	94.45369289228651	94.07116701507569	0.3825264529983203	0.00028999871541357915	-1	0	2.086341550396549	80.6606147115496	1.0000826897819837	-273.1499938964844	9.000890428649054	-273.1499938964844	185
DATA	2025-05-09T170000_AIU-0547.ghg	2025-05-09	17:30:00	129.729	1	18000	18000	0.2635768294237491	0	NaN	48.928309147320086	0	NaN	134.52468893432436	0	NaN	-0.9755596688107381	0	NaN	3.045080476002729	0	NaN	-0.016492873306396195	0	NaN	NaN	NaN	NaN	NaN	NaN	NaN	NaN	NaN	NaN	-1.712560961281037e-10	-1.946566641738992e-12	-9.75826026698945e-13	NaN	15.303657045781444	397.9819362594268	399.79043828850956	0.1	1	173.94760814615742	4.523625019209833	4.544181190936978	0.2	0	0.08720102341803614	2.1070954403132127	2.116670463780593	-0.2	0	NaN	NaN	NaN	NaN	9	292.3598203006321	293.6315145365397	95051.69097591146	1.1258259555188164	1007.9968236949678	0.0256834190616921	0.1973212148449768	0.003173865755452469	430.09354451928067	2401.6317652293997	0.0028191442379651398	17.908388402674166	1971.538220710119	268.4111477193899	0.9844441576301115	-0.42049542908871335	0.228168930163249	1.0945354110620222	-9.951587781472141e-14	-1.1190534106703051e-14	1.0945354110620222	9.322204162752836	355.12926385712194	336.870736142878	12.032230805785249	NaN	0.48385806720557467	2.79495943818777	-194.61551346024933	-0.014901175905446672	0.36371248679271906	0.08910699560493292	0	59.67732162512225	-9.05626379319265	20.485293358539504	51.01127694784602	77.79541596364172	109.1091770362527	163.46542949551937	0.2603876607840577	1.0122477717649465	55.894382871537104	1.0146739671656786	123.86025354008152	1.0861005454892907	-0.8982222436609184	1.0861005454892907	2.803681932256938	1.0861005454892907	-0.03879274327075121	1.1481261769723399	NaN	NaN	800000009	800000009	800000009	800000009	800001019	800101119	899999999	899999999	89999	89999	89	89	19	4	10	34	47	50	1	NaN	0	0	0	0	0	0	0	0	0	NaN	NaN	NaN	NaN	0	0	0	0	0	0	0	0	12581	0	0	0	18000	18000	18000	18000	93	NaN	2.273199501194545	2.86507175933887	0.45164761584212565	0.061216285973155156	0.31461039545973124	0.3172086994470361	1.7900439282575177e-7	NaN	0.049253573447774195	-0.023174278158964414	0.07233544417979558	-0.00003879274327075121	NaN	397.981565786485	4.52296045002956	95433.11094509548	11.470000267028809	-4.827621725142412	94.28918519994947	94.4811191221873	94.09724995125664	0.3838665037229658	0.0002887906762415595	-1	0	2.1031572817365314	81.2683355886672	1.0000841835571659	-273.1499938964844	9.000900470548206	-273.1499938964844	022
DATA	2025-05-09T173000_AIU-0547.ghg	2025-05-09	18:00:00	129.749	1	18000	18000	0.20988892746014215	0	NaN	33.92862380503284	0	NaN	118.63167735493587	0	NaN	-0.649751421646308	0	NaN	2.684710438374246	0	NaN	0.0011617918561544042	0	NaN	NaN	NaN	NaN	NaN	NaN	NaN	NaN	NaN	NaN	-1.8133952986406713e-10	-2.19050300030804e-12	-1.0314935907074614e-12	NaN	15.3285050412813	397.9299433826563	399.85196034706115	0.1	1	185.16170361935517	4.8068214114458225	4.830038544137894	0.2	0	0.08719143982043437	2.104776028668335	2.114942178013581	-0.1	0	NaN	NaN	NaN	NaN	9	292.0721224280463	293.3933063846164	95070.47814626736	1.126841836846223	1008.1440425437769	0.025657512161965188	0.17396923640665113	0.0033759673491171147	457.10939182403627	2366.567015319913	0.002995954923510551	19.315294638391812	1909.4576234958768	269.21999781434994	1.155286383138078	-0.25100352886499444	0.27597288384082885	1.2140224179076875	4.874999110223614e-14	-1.1830216278475978e-14	1.2140224179076875	8.193403392533897	344.25787443353363	347.74212556646637	13.139403495209333	NaN	0.4315819596949267	1.4472284871712104	-199.19820840951152	-0.014558363868605597	0.285999697226916	0.06920180314299097	0	70.25747776489625	-10.661843305906984	24.11711858796106	60.05503528518847	91.58771805495245	128.45307682748992	192.4461163028468	0.2075124775316276	1.011452082095412	40.200479535274454	1.0142443387779454	109.19246589240413	1.0864456296081173	-0.598052404960821	1.0864456296081173	2.47109506928812	1.0864456296081173	-0.016816081235544313	1.1479300714121308	NaN	NaN	800000009	800000009	800000009	800000009	800001109	800111109	899999999	899999999	89999	89999	89	89	15	10	5	68	67	47	1	NaN	0	0	0	0	0	0	0	0	0	NaN	NaN	NaN	NaN	0	0	0	0	0	0	0	0	11115	0	0	0	18000	18000	18000	18000	93	NaN	1.0833230668058804	1.5721975511731943	0.23893635636334618	0.05687893159527447	0.8362242234334826	0.3698124231972228	4.594606009796177e-8	NaN	0.035387157798606676	-0.015418671534754761	0.06370846917169677	-0.000016816081235544312	NaN	397.9292355202884	4.806010126444973	95458.32979188368	11.440787931760152	-4.017867020850007	94.31394947136774	94.50697037569682	94.12092606777614	0.3860381131759948	0.00028870414120481453	-1	0	2.1005905628999066	77.6241207679595	1.0000933793154028	-273.1499938964844	9.000822744475471	-273.1499938964844	064
DATA	2025-05-09T180000_AIU-0547.ghg	2025-05-09	18:30:00	129.77	1	18000	18000	0.6207257399060425	1	NaN	33.344177637257914	0	NaN	148.89708391783154	0	NaN	-2.1469174199170435	1	NaN	3.367307283617812	0	NaN	-0.06470663358662443	1	NaN	NaN	NaN	NaN	NaN	NaN	NaN	NaN	NaN	NaN	5.329085467656606e-10	6.320399982603424e-12	3.0096444624538304e-12	NaN	15.366111750429155	398.1701482109655	400.0593790711015	0.1	1	182.24510195893316	4.722376124570636	4.74478277345628	0.3	0	0.08678136881047649	2.0879130650573297	2.097819759000888	0	0	NaN	NaN	NaN	NaN	9	291.9155023863051	292.67780604044606	95090.78671788194	1.1298740347971563	1008.0799077785375	0.025589474684224893	0.2182015119784342	0.0033254773797785687	449.1749149686585	2263.9226164937636	0.002943228428446525	19.84055955341422	1814.7477015251052	268.9869417884793	0.3253982465319632	-0.21122723378240618	0.2512391769512413	0.4621926948498732	2.526817054633093e-14	3.468076735487604e-14	0.4621926948498732	7.283815223762622	4.988993669802426	327.0110063301976	32.92774881254284	NaN	0.7411990657169575	1.521298734103732	-1026.83082778299	-0.0028242237392320335	0.2239411058960618	0.0394966408147119	0	78.88855744310403	-11.971642945993528	27.07988894015099	67.43275237828666	102.83920212790466	144.2334432209297	216.0879807194688	0.6066831585095439	1.0231464829697885	41.05044053476095	1.021521229998913	136.47833547202356	1.0909942842053029	-1.9678539576226024	1.0909942842053029	3.0864573099671286	1.0909942842053029	-0.07882763775706718	1.1565789629664487	NaN	NaN	800000009	800000009	800000009	800000009	800001009	800101109	899999999	899999999	89999	89999	89	89	9	15	4	26	54	31	1	NaN	0	0	0	0	0	0	0	0	0	NaN	NaN	NaN	NaN	0	0	0	0	0	0	0	0	13110	0	0	0	18000	18000	18000	18000	93	NaN	1.0821113783446292	1.4329869598534102	0.5274991300094247	0.07672119344862727	0.9474523747277618	0.5998287394899567	1.5349447157815623e-7	NaN	0.03604066825219197	-0.050595343362854546	0.07935566903615106	-0.00007882763775706718	NaN	398.16812203813845	4.721374552934607	95473.6374251302	11.452286235332489	-4.309567767903151	94.35669150246514	94.55011299345229	94.16326909976536	0.38684191407014906	0.00028775600064545874	-1	0	2.08383673311737	79.07893830256829	1.0001119130618041	-273.1499938964844	9.001031395991644	-273.1499938964844	182
DATA	2025-05-09T183000_AIU-0547.ghg	2025-05-09	19:00:00	129.791	1	18000	18000	0.25568185389923376	1	NaN	13.779318286400043	1	NaN	84.92236867801414	1	NaN	1.4393217940708705	2	NaN	1.918921191754099	1	NaN	-0.07983057350429731	1	NaN	NaN	NaN	NaN	NaN	NaN	NaN	NaN	NaN	NaN	-1.4689579793877025e-10	-1.8786672880081645e-12	-8.270504030008301e-13	NaN	15.445310027124096	398.5657578329871	400.6077772208321	0	0	197.53184984363787	5.0973034073658345	5.123419028637873	0.2	0	0.086959940731118	2.0841955489052957	2.0948737560399593	-0.1	0	NaN	NaN	NaN	NaN	9	291.38854158952506	291.8155703043883	95140.15397218615	1.1336397955747166	1008.2614994371444	0.025500848487379588	0.1243460932256656	0.0036019746174325794	485.0883159315008	2145.4221782489176	0.003177353716315597	22.610389733522165	1660.3338623174168	270.0141282094875	-0.41747293636409316	-0.1407981551266046	0.15603400656092323	0.46739104001569975	2.5150513497104083e-14	-9.51070568870427e-15	0.46739104001569975	3.867453075854478	133.36265508537474	198.63734491462526	19.502038017328882	NaN	0.47491119994111425	0.5272316793087715	-653.8848961544808	-0.004435031328992301	0.16225781853359234	0.025384408798756048	0	91.54647266986946	-13.892530416204666	31.42494162794883	78.25254793263457	119.34007303636363	167.37614929045995	250.75997156481606	0.24994686814191575	1.0229448194328314	18.27002284306863	1.0213893632325004	77.84964619630168	1.0908510549152435	1.3194485054448633	1.0908510549152435	1.7591046762137428	1.0908510549152435	-0.0828740514637137	1.1563924524175209	NaN	NaN	800000009	800000009	800000009	800000019	800001019	800101119	899999999	899999999	89999	89999	89	89	3	11	9	15	18	7	0	NaN	0	0	0	0	0	0	0	0	0	NaN	NaN	NaN	NaN	0	2	0	0	0	0	0	0	16003	0	0	0	18000	18000	18000	18000	93	NaN	0.5573733839616601	0.34780783784499547	0.14928213681088742	0.10239819199659368	2.117989359614613	0.5068886110773441	7.428080623426807e-7	NaN	0.01598419699566923	0.03381949087161556	0.045088553508474113	-0.0000828740514637137	NaN	398.56145910583825	5.096737769447756	95523.75643229167	11.479999542236328	-3.2509029309672695	94.46626309924655	94.65858910306295	94.27393770514593	0.38464900122582946	0.0002866863023631998	-1	0	2.07975147768524	75.82829098155767	1.0001131932818228	-273.1499938964844	9.00107270609008	-273.1499938964844	045
DATA	2025-05-09T190000_AIU-0547.ghg	2025-05-09	19:30:00	129.812	0	18000	18000	0.25909276584514257	1	NaN	-3.3407429680748417	2	NaN	244.18981879223065	0	NaN	10.756908162421619	1	NaN	5.511590161488782	0	NaN	0.028673616828622458	2	NaN	NaN	NaN	NaN	NaN	NaN	NaN	NaN	NaN	NaN	-6.095389853713733e-11	-8.913591329915785e-13	-3.421992959564255e-13	NaN	15.628894106243497	400.44020509822866	402.79892957500635	0.2	0	228.54908110054183	5.855836010453982	5.890328810013071	0.4	0	0.08774166522713166	2.0923389855247048	2.104663550131454	0	1	NaN	NaN	NaN	NaN	9	290.6728155602349	290.6560796118842	95203.86674913195	1.1385970277685185	1008.6452826699581	0.02538252623983089	0.3571510424644731	0.004157275982671661	557.6477742429566	1994.6505022946842	0.0036512268004241207	27.957167112806378	1437.0027280517274	271.8985461241999	-0.033952986265451054	0.18935104680186537	0.1836047696677473	0.2659273127116739	-4.0858625314728936e-14	-3.900077518139124e-15	0.2659273127116739	4.411692959145082	231.83419231966076	100.16580768033926	43.664328040538095	NaN	0.477026626157806	0.4428725842369732	2734.794147930033	0.0010604088802058508	-0.01368092652100831	-0.006098063392171903	0	71.47648420187014	-10.846832235674702	24.535564050782327	61.09702365303613	93.17681606143567	130.6818093764407	195.7851637894192	0.2501265356368435	1.0358467772540418	10.266132051399325	1.0298968264734396	221.8297780473593	1.1007981928381934	9.771916625959413	1.1007981928381934	5.006903351901608	1.1007981928381934	0.0121117668051173	1.1688565577476764	NaN	NaN	800000009	800000009	800000009	800000009	800000009	800100019	899999999	899999999	89999	89999	89	89	18	2	3	5	16	2	0	NaN	0	0	0	0	0	0	0	0	0	NaN	NaN	NaN	NaN	0	0	0	0	0	0	0	0	17401	0	0	0	18000	18000	18000	18000	93	NaN	0.2667630131291816	0.33936465841005575	0.27961749693470894	0.25134711700062906	10.410624922857169	1.0986556029140813	3.997441610553325e-7	NaN	0.008939193510142388	0.24949733756763562	0.12783664695207872	0.0000121117668051173	NaN	400.43623591542274	5.854760082278333	95581.66920594618	11.473594450950625	-1.453762806865826	94.61393174743651	94.80533203760783	94.42253207524618	0.382798817238046	0.0002846571371547826	-1	0	2.087240877588592	80.1998203001047	1.0001166467732854	-296.4059948730455	9.001031713909573	-273.1499938964844	105
DATA	2025-05-09T193000_AIU-0547.ghg	2025-05-09	20:00:00	129.833	0	18000	17966	0.3493274580468873	1	NaN	-2.6920174472254668	2	NaN	-35.67031486510755	2	NaN	-6.746159580594968	1	NaN	-0.8045944270666568	2	NaN	-0.022467134106480824	0	NaN	NaN	NaN	NaN	NaN	NaN	NaN	NaN	NaN	NaN	2.7073247609135725e-10	3.4461000869114296e-12	1.5242809175875164e-12	NaN	15.684558663101768	400.1226795959809	402.17096947026164	0.1	1	199.64564189869614	5.093082369865572	5.119154646142455	0.1	1	0.08830737197143824	2.0986360126723866	2.1093792549672203	-0.1	0	NaN	NaN	NaN	NaN	9	290.09659723737866	289.9887312215169	95259.04752408854	1.1422087986790401	1008.2147772282642	0.025309578187478945	-0.05213771887391936	0.0036261902587883116	485.29231513284014	1912.1537505900549	0.0031747174973454817	25.379356392397213	1426.8614354572146	270.01976749831675	0.2115696116330549	-0.184819236959186	0.17133749216387417	0.3312076840755414	-4.3623523463598254e-14	1.726108345836091e-14	0.3312076840755414	18.202748458004983	13.13923759332124	316.5172934240305	31.152073948443654	NaN	0.5530235314658626	0.7530120906952347	5289.475351109955	0.0005482585336920906	0.07546940522969084	-0.004227033592986685	0	82.115735776527	-12.461379708624156	28.18767483067363	70.191295879291	107.04615502057274	150.13375447016605	224.92772214830572	0.3435322115295418	1.016869586964037	-4.634310454406136	1.0164154968165695	-32.62827350616752	1.0932332922354906	-6.170832546455048	1.0932332922354906	-0.735976879574704	1.0932332922354906	-0.017443842947304406	1.1698895919366101	NaN	NaN	800000009	800000009	800000009	811110009	811111009	811111109	899999999	899999999	89999	89999	89	89	5	9	8	0	38	9	0	NaN	0	0	0	0	0	0	0	0	0	NaN	NaN	NaN	NaN	0	0	0	0	0	0	0	0	17702	0	0	0	18000	18000	18000	18000	93	NaN	0.6064530175985654	0.6339220884256698	0.2656490753662342	2.8429120955701253	11.099317411205602	1.3690447859865282	1.533090218615239e-7	NaN	-0.004024264931920589	-0.15698089993207232	-0.018722645933927723	-0.000017443842947304405	NaN	400.1178535839949	5.091685734839542	95639.30168532986	11.470000267028809	-3.415572964592125	94.70628405570984	94.89849325455559	94.51407817035252	0.3844198335102862	0.00028397028807861113	-1	0	2.0941739550166667	79.85001109091436	1.0001458835932944	-285.74699442545614	9.00110630106926	-273.1499938964844	142
DATA	2025-05-09T200000_AIU-0547.ghg	2025-05-09	20:30:00	129.854	0	18000	18000	0.3211867941100421	1	NaN	-576.8708456630814	1	NaN	1009.5913090440259	1	NaN	89.54380605095068	1	NaN	22.740866192902516	1	NaN	-0.26040088432357533	1	NaN	NaN	NaN	NaN	NaN	NaN	NaN	NaN	NaN	NaN	1.6286484894521538e-9	2.3693870882855176e-11	9.00701172414641e-12	NaN	15.973479638260848	405.647615448332	408.0557295687302	0.1	1	232.38505211531557	5.901434401970891	5.93646807891802	0	0	0.08833908563389614	2.086028133436671	2.0984117728625424	-0.7	0	NaN	NaN	NaN	NaN	9	288.6896651263765	288.5328220452203	95327.27197960069	1.148442632344835	1008.6204331588185	0.025164486853219717	1.473608129300083	0.004225949464651576	562.7185451212318	1742.4852570519602	0.0036797218647510806	32.294020442575935	1179.7667119307284	272.02194835921114	-0.056842139536519856	-0.049580368762198755	0.1875008211049137	0.20210343814174278	6.019135855171874e-14	1.0195953081826302e-13	0.20210343814174278	3.488922389405819	110.90354329536711	221.09645670463289	68.08626516767116	NaN	0.5288398669619339	0.502378576424739	21.598186618130228	0.1342705316549883	-0.5713904631462366	-0.9417103323453182	0	55.426727671336714	-8.411219761809269	19.02620200322849	47.37793316724787	72.25433744801205	101.3377356313225	151.82239412889678	0.3148193741912662	1.0202256291727059	-511.1923208126998	1.0235813983210595	885.057373558429	1.140707189393723	78.4985024058124	1.140707189393723	19.93576125788171	1.140707189393723	-0.11712517183333764	1.2572859703677766	NaN	NaN	800000009	800000009	800000009	800000009	800000009	800100009	899999999	899999999	89999	89999	89	89	1	0	5	8	13	2	2	NaN	0	0	0	0	0	0	0	0	0	NaN	NaN	NaN	NaN	0	0	0	0	0	0	0	0	18000	0	0	0	18000	18000	18000	18000	93	NaN	0.09800630953187021	0.25776184508206523	0.6489889982355426	0.6795942219922283	16.73254599474342	1.1497408183674427	2.4122923967088047e-7	NaN	-0.4413135408687928	1.987104443894996	0.5046521726385598	-0.00011712517183333764	NaN	405.6427996271061	5.900303503765075	95703.69561501736	11.440789598464965	-1.3480012883547061	94.78136104859247	94.97589968427023	94.58682776578266	0.38906262447685025	0.00028220479515989115	-1	0	2.0809089680446506	80.74908488078759	1.0001654935992426	-273.1499938964844	9.001172319571177	-273.1499938964844	200
DATA	2025-05-09T203000_AIU-0547.ghg	2025-05-09	21:00:00	129.874	0	18000	18000	0.03908361904313103	0	NaN	36.82975634503147	0	NaN	105.62178974672149	0	NaN	2.6257702566280954	0	NaN	2.3754796900759896	0	NaN	0.011088113541934034	1	NaN	NaN	NaN	NaN	NaN	NaN	NaN	NaN	NaN	NaN	-7.233655975676597e-11	-1.1249663007228669e-12	-3.9720741310930884e-13	NaN	16.135944769829024	407.12757971678377	409.72176638088774	0.1	0	250.94356377219293	6.331581275309475	6.3719256403817806	0.4	0	0.08860411528623982	2.077413536373208	2.090650660951301	0	0	NaN	NaN	NaN	NaN	9	287.1697057079739	286.94321621417396	95371.38983654474	1.1551508768310392	1008.8196713960193	0.025014272138566468	0.15393108391692412	0.004561199938336648	604.0136829171698	1572.4604092863892	0.0039485750561429065	38.412012114904826	968.4467263692194	272.9917688682974	1.213113443639162	0.27959433337010264	0.2718248407608827	1.2742472140229708	3.039974696355468e-14	-4.482945423314835e-15	1.2742472140229708	3.1697496592844194	319.02129978652243	12.978700213477582	12.317095650185573	NaN	0.18394078250110954	0.3764352666019524	-14.24023037841186	-0.20364839071679555	0.348694681593148	0.1718179613601949	1	13.062207553588117	6	11	18	28	48	119	0.038654142483131385	1.0111107512005233	42.22376356601758	1.0140702835096924	97.19580848066454	1.0866907883968389	2.416299360098389	1.0866907883968389	2.185975730576	1.0866907883968389	-0.007509807085312093	1.1479071447088385	NaN	NaN	800000009	800000009	800000009	800000019	800000019	800111019	899999999	899999999	89999	89999	89	89	2	4	1	31	35	1	1	NaN	0	0	0	0	0	0	0	0	0	NaN	NaN	NaN	NaN	0	1	0	0	0	0	0	0	17437	0	0	0	18000	18000	18000	18000	93	NaN	0.2775835251737359	0.41955560091289495	0.055731407117273944	0.3493066400676952	6.024921275487739	0.5505159960277911	2.909843130446262e-7	NaN	0.036233032770387606	0.06082720546458209	0.05502910653377074	-0.0000075098070853120925	NaN	407.1226609401704	6.331039866465243	95747.28002083334	11.452286235332489	-0.2534062273925479	94.92260833655465	95.1157403717041	94.72947704209221	0.3862650760743353	0.0002804725266372164	-1	0	2.0719020630584817	77.52499373476084	1.0001488061712849	-273.1499938964844	9.001014940765169	-273.1499938964844	005
DATA	2025-05-09T210000_AIU-0547.ghg	2025-05-09	21:30:00	129.895	0	18000	18000	0.05323567008392963	1	NaN	28.649502763094112	1	NaN	142.5673045875748	0	NaN	6.267227324613523	0	NaN	3.206887547375719	0	NaN	-0.012969739277179298	1	NaN	NaN	NaN	NaN	NaN	NaN	NaN	NaN	NaN	NaN	-2.7135009032696887e-10	-4.222185164790986e-12	-1.4821520163235106e-12	NaN	16.197211060822475	408.1064270689017	410.71450630497856	0.3	0	252.02727653264478	6.350102555521119	6.390684054668195	0.6	0	0.08847142451173722	2.0757464117641455	2.0890118512593414	0	0	NaN	NaN	NaN	NaN	9	287.4365695080227	287.1014066212971	95416.88149609375	1.155056987175583	1008.833228571405	0.02501612982129565	0.20780631306994657	0.004574202757521956	606.0695111623453	1588.700786229878	0.0039601533156446945	38.14875125734656	982.6312750675328	273.03849835791965	0.8089135150959007	0.18500866833458945	0.21330115661431698	0.8567769054291693	5.129195910468811e-14	-1.6752889698604078e-14	0.8567769054291693	3.5755740341293447	319.11731477241955	12.882685227580437	14.415839287960681	NaN	0.21468398922416757	0.40926058798219694	-29.114833776562353	-0.09960558326575508	0.20095422892347373	0.11452350788547773	0	68.39389017295544	-10.37903669906302	23.477409273255976	58.46206864090389	89.15834341226262	125.04584434864427	187.34146117048766	0.05247432550204772	1.014508896962424	36.139424150789964	1.0160027980941162	131.2575374842574	1.086164705814886	5.770052452506812	1.086164705814886	2.952487343961134	1.086164705814886	-0.029603556156888367	1.1493221506729083	NaN	NaN	800000009	800000009	800000009	800000009	800000009	800000009	899999999	899999999	89999	89999	89	89	3	0	0	7	0	2	0	NaN	0	0	0	0	0	0	0	0	0	NaN	NaN	NaN	NaN	0	0	0	0	0	0	0	0	16665	0	0	0	18000	18000	18000	18000	93	NaN	0.42843654234785133	0.326851732950075	0.06323290066646751	0.5408008554026946	19.815897103774986	0.9460366996418742	1.8987619745632905e-7	NaN	0.03101404681905916	0.14526708958477708	0.07433194880347861	-0.000029603556156888366	NaN	408.1029983540009	6.349173341510816	95801.35729296875	11.479999542236328	-0.26269857657899953	94.93116609446207	95.1201037864685	94.7422284673055	0.3778729694179364	0.00028019108698289425	-1	0	2.0702033080193734	78.66186261622212	1.000170437802871	-273.1499938964844	9.001086473782857	-273.1499938964844	185
DATA	2025-05-09T213000_AIU-0547.ghg	2025-05-09	22:00:00	129.916	0	18000	18000	0.13360076953240854	0	NaN	36.133420295404235	0	NaN	84.62530613732213	0	NaN	-2.0914537093339027	2	NaN	1.9044245891992213	0	NaN	-0.006806627868034778	0	NaN	NaN	NaN	NaN	NaN	NaN	NaN	NaN	NaN	NaN	-7.795696305013747e-11	-1.1698421476814606e-12	-4.2812826275462796e-13	NaN	16.053911863770672	404.83032052917343	407.30469141494416	0.1	1	240.90911188169028	6.07498744287714	6.112118485928534	0.5	0	0.08816574078484359	2.072782307422738	2.085451398481242	-0.1	0	NaN	NaN	NaN	NaN	9	287.86582389662	287.5800402459038	95473.30284375	1.1539367531371814	1008.6936759550018	0.025043026515144413	0.12340671338010953	0.004371327703946237	580.154694528834	1638.739918254832	0.003788186564005357	35.402487488476325	1058.5852237259978	272.4388850892314	0.9128687155482125	-0.15710787130381762	0.21461748556426788	0.9508274502569498	6.544637502273153e-14	-4.8559481148059125e-15	0.9508274502569498	5.433765737090977	341.7651390763391	350.2348609236609	13.045017066805054	NaN	0.3402620207402992	0.7554905865102425	-91.94588578330416	-0.031540291066798246	0.42698126535306424	0.09123349071885166	0	71.54883528276923	-10.857811791333397	24.560399835577357	61.15886826879157	93.2711330026235	130.81409022751797	195.98334460906003	0.1318239609211285	1.0134786468170467	40.343554573791586	1.015383229554892	77.92424357576215	1.0859945795308856	-1.9258417571820134	1.0859945795308856	1.753622554931969	1.0859945795308856	-0.022527295994153564	1.1486922588956265	NaN	NaN	800000009	800000009	800000009	800000009	800000009	800100019	899999999	899999999	89999	89999	89	89	8	2	2	19	13	4	0	NaN	0	0	0	0	0	0	0	0	0	NaN	NaN	NaN	NaN	0	0	0	0	0	0	0	0	16002	0	0	0	18000	18000	18000	18000	93	NaN	0.6248078104746566	0.7442651301776563	0.1419082323681719	0.2955188919001825	20.01684949755151	0.5012841435615519	4.0201890797370125e-8	NaN	0.03466034300462939	-0.04852376653340883	0.044184508475789884	-0.000022527295994153564	NaN	404.8262168281947	6.0743356816137	95858.46183832466	11.479999542236328	-0.7961894632846377	94.88812851312426	95.07610010147094	94.7001586312188	0.3759405037123297	0.0002805938642607848	-1	0	2.067490132835177	76.12959060457328	1.000117431319422	-273.1499938964844	9.000832328557967	-273.1499938964844	002
DATA	2025-05-09T220000_AIU-0547.ghg	2025-05-09	22:30:00	129.937	0	18000	18000	0.07298569843249446	0	NaN	27.887739884538945	0	NaN	162.50837454861022	0	NaN	5.725463988997506	0	NaN	3.6572282282029653	0	NaN	-0.0010898559268352735	0	NaN	NaN	NaN	NaN	NaN	NaN	NaN	NaN	NaN	NaN	1.8623423133134635e-10	2.9252248008170354e-12	1.0329299851854656e-12	NaN	15.975761656315946	403.00602568982185	405.5733497179619	0.2	0	250.93503957309994	6.33011027456663	6.370435835904959	0.4	0	0.08860800258371954	2.0836407753983655	2.096914475263116	-0.1	0	NaN	NaN	NaN	NaN	9	287.89343915049244	287.61068028428815	95506.20582942708	1.1540998573153258	1008.8335073413333	0.02503706617928281	0.23698838918755213	0.004555988640414768	604.7269829174587	1641.9898271059649	0.003947655492318435	36.82891166160879	1037.2628441885063	273.0079982944252	1.08930616839237	-0.37879658759368795	0.23537408984303929	1.1770623371086604	-1.195137190539924e-13	1.165729905952368e-14	1.1770623371086604	4.482949721915248	351.1746669767816	340.8253330232184	11.53505241499412	NaN	0.25147637446570276	0.7534864481484587	-48.106553973211504	-0.06028284631684254	0.1716080168914436	0.09524742485244282	0	57.128574738551904	-8.669481620027181	19.610391029711156	48.83264644365684	74.47286698142823	104.4492548464751	156.48401690623186	0.07214305514207926	1.011680171968815	36.55251261433963	1.0143644013856838	149.5955454468976	1.0863182728010863	5.27052166234332	1.0863182728010863	3.3666268162577744	1.0863182728010863	-0.01965387805438432	1.1479678727595377	NaN	NaN	800000009	800000009	800000009	800000009	800000009	800011109	899999999	899999999	89999	89999	89	89	1	3	4	38	24	3	1	NaN	0	0	0	0	0	0	0	0	0	NaN	NaN	NaN	NaN	0	0	0	0	0	0	0	0	18000	0	0	0	18000	18000	18000	18000	93	NaN	0.593821177305595	0.7770862366283466	0.1360654823629756	0.07789114677957627	5.904772304240017	0.4238641137384478	2.6260318736294752e-8	NaN	0.03139455632485277	0.1327992591051089	0.08482757030992752	-0.00001965387805438432	NaN	403.00325616149553	6.329660966214008	95890.04262695313	11.479999542236328	-0.20922531639007502	94.86017680803934	95.04750797886318	94.6728435804579	0.37466803084562217	0.0002804571432255519	-1	0	2.0781132945683263	79.50768860816886	1.0000868764983284	-273.1499938964844	9.000668574783537	-273.1499938964844	252
DATA	2025-05-09T223000_AIU-0547.ghg	2025-05-09	23:00:00	129.958	0	18000	18000	0.11840887647571499	1	NaN	35.098724564318836	1	NaN	189.84871376518646	1	NaN	8.060306514215455	1	NaN	4.272203536025335	1	NaN	0.010538370911032213	1	NaN	NaN	NaN	NaN	NaN	NaN	NaN	NaN	NaN	NaN	3.0458030515869223e-10	4.8565655151412766e-12	1.7007795654021326e-12	NaN	15.913126925083963	401.3968496700489	403.9824649684895	0.2	0	253.7365093982781	6.400315663805729	6.441543576054637	0.3	0	0.08885906487529466	2.088868541622673	2.102324079358185	-0.1	0	NaN	NaN	NaN	NaN	9	287.78284086693657	287.5339167005751	95508.40874435764	1.1544038771767942	1008.8701296195813	0.025029806431465736	0.2768387891344417	0.004607853862301562	611.4479349641798	1633.8583666038628	0.00399154399374551	37.42355809182746	1022.410431639683	273.1600903932111	2.8374387906853116	0.292057415533282	0.4030153883277542	2.880759939335876	-2.460421682901856e-14	1.9140192030931417e-14	2.880759939335876	9.123498905340778	326.1232442247861	5.876755775213847	8.042000924311191	NaN	0.32026777440389054	1.9280189071585783	-78.9561105725235	-0.03672926615776324	0.18487733663410824	0.09409900968937623	0	42.71541514672869	-6.482229045642421	14.662819751015366	36.51249440582666	55.68385776885296	78.09740227114128	117.00413981213279	0.1174740925440702	1.0079573624396725	45.058480837552324	1.0139358779933694	172.38100509400044	1.101331980641723	7.318689238025108	1.101331980641723	3.879124197897179	1.101331980641723	-0.012740676825900596	1.156206971276049	NaN	NaN	800000009	800000009	800000009	800000009	800001009	800011019	899999999	899999999	89999	89999	89	89	4	6	3	82	48	21	3	NaN	0	0	0	0	0	0	0	0	0	NaN	NaN	NaN	NaN	0	0	0	0	0	0	0	0	18000	0	0	0	18000	18000	18000	18000	93	NaN	1.7232013137590008	1.6763247481378132	0.4565117524203428	0.05953878902060736	7.760587441475609	0.29260804019337777	1.6346037605057496e-8	NaN	0.038688643680661286	0.1843656900961476	0.09771933012242005	-0.000012740676825900596	NaN	401.39350632259016	6.399944844203281	95890.8875390625	11.441050690491995	-0.03685464934171688	94.85738593928019	95.04250373861525	94.6722704832289	0.3702327962608801	0.0002805309131605705	-1	0	2.0832720278225567	80.18229906060955	1.0001544374442763	-273.1499938964844	9.000987301137712	-273.1499938964844	243
DATA	2025-05-09T230000_AIU-0547.ghg	2025-05-09	23:30:00	129.979	0	18000	18000	0.09867657158561804	1	NaN	48.22399209325572	1	NaN	186.05394350418086	1	NaN	1.7260108263647198	1	NaN	4.185764214842161	1	NaN	0.009157536394855859	1	NaN	NaN	NaN	NaN	NaN	NaN	NaN	NaN	NaN	NaN	5.1757652333980744e-11	8.266363788499214e-13	2.900153849027426e-13	NaN	15.905920593940602	401.100509520609	403.68656270393654	0.1	0	254.0380409297863	6.4060918104527484	6.4473944109877355	0.3	0	0.08912617700504878	2.092665647931465	2.1061578887340042	-0.1	0	NaN	NaN	NaN	NaN	9	287.4977798805237	287.27418146430125	95506.65442578125	1.1554238632829383	1008.8675866407131	0.025007655844025374	0.271237521121772	0.004616097451206409	611.9885121784755	1606.6066360563675	0.003995155023101705	38.091994545764095	994.618123877892	273.1722589743964	2.8648308884525924	0.1657703589292972	0.37635752206118084	2.894197784489485	-3.176296491531397e-14	3.2539865912381046e-15	2.894197784489485	8.925020222749007	328.68833410909014	3.3116658909098775	7.4718247453152475	NaN	0.29223777963724423	1.9027516223610033	-43.65917593120473	-0.06642360828270397	0.2591936036667348	0.1415635020860421	0	40.518623605619545	-6.1488574540031005	13.908732303025166	34.634710037350075	52.820118125851764	74.0809667032669	110.98678744107127	0.09789801294259742	1.0079527522532774	57.80772955110577	1.0139525330062868	168.91189536973184	1.1014851446484968	1.566985115278627	1.1014851446484968	3.800109547712431	1.1014851446484968	-0.01781602902742162	1.1563154890014105	NaN	NaN	800000009	800000009	800000009	800000009	800001009	800011119	899999999	899999999	89999	89999	89	89	12	3	0	98	59	13	0	NaN	0	0	0	0	0	0	0	0	0	NaN	NaN	NaN	NaN	0	0	0	0	0	0	0	0	18000	0	0	0	18000	18000	18000	18000	93	NaN	1.4061649955787368	1.9656046496702797	0.4337335994729902	0.07183615590182432	2.8936241519671757	0.22735907395499347	3.607870496900041e-8	NaN	0.049591861502371715	0.039439344307416406	0.09564470485189121	-0.00001781602902742162	NaN	401.0960608843594	6.405822284554048	95886.53596484374	11.44921479129791	-0.01664194705493095	94.87511938561333	95.05839500172932	94.69184542973836	0.3665507375680738	0.00028043595442431974	-1	0	2.087049768754178	80.46176027753617	1.0001541252070003	-273.1499938964844	9.000962132586373	-273.1499938964844	242
