DATAH	filename	date	time	DOY	daytime	file_records	used_records	Tau	qc_Tau	rand_err_Tau	H	qc_H	rand_err_H	LE	qc_LE	rand_err_LE	co2_flux	qc_co2_flux	rand_err_co2_flux	h2o_flux	qc_h2o_flux	rand_err_h2o_flux	ch4_flux	qc_ch4_flux	rand_err_ch4_flux	none_flux	qc_none_flux	rand_err_none_flux	H_strg	LE_strg	co2_strg	h2o_strg	ch4_strg	none_strg	co2_v-adv	h2o_v-adv	ch4_v-adv	none_v-adv	co2_molar_density	co2_mole_fraction	co2_mixing_ratio	co2_time_lag	co2_def_timelag	h2o_molar_density	h2o_mole_fraction	h2o_mixing_ratio	h2o_time_lag	h2o_def_timelag	ch4_molar_density	ch4_mole_fraction	ch4_mixing_ratio	ch4_time_lag	ch4_def_timelag	none_molar_density	none_mole_fraction	none_mixing_ratio	none_time_lag	none_def_timelag	sonic_temperature	air_temperature	air_pressure	air_density	air_heat_capacity	air_molar_volume	ET	water_vapor_density	e	es	specific_humidity	RH	VPD	Tdew	u_unrot	v_unrot	w_unrot	u_rot	v_rot	w_rot	wind_speed	max_wind_speed	wind_dir	yaw	pitch	roll	u*	TKE	L	(z-d)/L	bowen_ratio	T*	model	x_peak	x_offset	x_10%	x_30%	x_50%	x_70%	x_90%	un_Tau	Tau_scf	un_H	H_scf	un_LE	LE_scf	un_co2_flux	co2_scf	un_h2o_flux	h2o_scf	un_ch4_flux	ch4_scf	un_none_flux	un_none_scf	spikes_hf	amplitude_resolution_hf	drop_out_hf	absolute_limits_hf	skewness_kurtosis_hf	skewness_kurtosis_sf	discontinuities_hf	discontinuities_sf	timelag_hf	timelag_sf	attack_angle_hf	non_steady_wind_hf	u_spikes	v_spikes	w_spikes	ts_spikes	co2_spikes	h2o_spikes	ch4_spikes	none_spikes	head_detect_LI-7200	t_out_LI-7200	t_in_LI-7200	aux_in_LI-7200	delta_p_LI-7200	chopper_LI-7200	detector_LI-7200	pll_LI-7200	sync_LI-7200	chopper_LI-7500	detector_LI-7500	pll_LI-7500	sync_LI-7500	not_ready_LI-7700	no_signal_LI-7700	re_unlocked_LI-7700	bad_temp_LI-7700	laser_temp_unregulated_LI-7700	block_temp_unregulated_LI-7700	motor_spinning_LI-7700	pump_on_LI-7700	top_heater_on_LI-7700	bottom_heater_on_LI-7700	calibrating_LI-7700	motor_failure_LI-7700	bad_aux_tc1_LI-7700	bad_aux_tc2_LI-7700	bad_aux_tc3_LI-7700	box_connected_LI-7700	mean_value_RSSI_LI-7200	mean_value_LI-7500	u_var	v_var	w_var	ts_var	co2_var	h2o_var	ch4_var	none_var	w/ts_cov	w/co2_cov	w/h2o_cov	w/ch4_cov	w/none_cov	co2_mean	h2o_mean	air_p_mean	vin_sf_mean	dew_point_mean	avg_signal_strength_7200_mean	co2_signal_strength_7200_mean	h2o_signal_strength_7200_mean	delta_signal_strength_7200_mean	flowrate_mean	hit_power_mean	hit_vin_mean	ch4_mean	rssi_77_mean	ch4_aux-1_mean	ch4_aux-2_mean	ch4_aux-3_mean	ch4_aux-4_mean	CHK
DATAU		[yyyy-mm-dd]	[HH:MM]	[ddd.ddd]	[1=daytime]	[#]	[#]	[kg+1m-1s-2]	[#]	[kg+1m-1s-2]	[W+1m-2]	[#]	[W+1m-2]	[W+1m-2]	[#]	[W+1m-2]	[µmol+1s-1m-2]	[#]	[µmol+1s-1m-2]	[mmol+1s-1m-2]	[#]	[mmol+1s-1m-2]	[µmol+1s-1m-2]	[#]	[µmol+1s-1m-2]	[µmol+1s-1m-2]	[#]	[µmol+1s-1m-2]	[W+1m-2]	[W+1m-2]	[µmol+1s-1m-2]	[mmol+1s-1m-2]	[µmol+1s-1m-2]	[µmol+1s-1m-2]	[µmol+1s-1m-2]	[mmol+1s-1m-2]	[µmol+1s-1m-2]	[µmol+1s-1m-2]	[mmol+1m-3]	[µmol+1mol_a-1]	[µmol+1mol_d-1]	[s]	[1=default]	[mmol+1m-3]	[mmol+1mol_a-1]	[mmol+1mol_d-1]	[s]	[1=default]	[mmol+1m-3]	[µmol+1mol_a-1]	[µmol+1mol_d-1]	[s]	[1=default]	[mmol+1m-3]	[µmol+1mol_a-1]	[µmol+1mol_d-1]	[s]	[1=default]	[K]	[K]	[Pa]	[kg+1m-3]	[J+1kg-1K-1]	[m+3mol-1]	[mm]	[kg+1m-3]	[Pa]	[Pa]	[kg+1kg-1]	[%]	[Pa]	[K]	[m+1s-1]	[m+1s-1]	[m+1s-1]	[m+1s-1]	[m+1s-1]	[m+1s-1]	[m+1s-1]	[m+1s-1]	[deg_from_north]	[deg]	[deg]	[deg]	[m+1s-1]	[m+2s-2]	[m]	[#]	[#]	[K]	[0=KJ/1=KM/2=HS]	[m]	[m]	[m]	[m]	[m]	[m]	[m]	[kg+1m-1s-2]	[#]	[W+1m-2]	[#]	[W+1m-2]	[#]	[µmol+1s-1m-2]	[#]	[mmol+1s-1m-2]	[#]	[µmol+1s-1m-2]	[#]	[µmol+1s-1m-2]	[#]	8u/v/w/ts/co2/h2o/ch4/none	8u/v/w/ts/co2/h2o/ch4/none	8u/v/w/ts/co2/h2o/ch4/none	8u/v/w/ts/co2/h2o/ch4/none	8u/v/w/ts/co2/h2o/ch4/none	8u/v/w/ts/co2/h2o/ch4/none	8u/v/w/ts/co2/h2o/ch4/none	8u/v/w/ts/co2/h2o/ch4/none	8co2/h2o/ch4/none	8co2/h2o/ch4/none	8aa	8U	[#]	[#]	[#]	[#]	[#]	[#]	[#]	[#]	[#_flagged_recs]	[#_flagged_recs]	[#_flagged_recs]	[#_flagged_recs]	[#_flagged_recs]	[#_flagged_recs]	[#_flagged_recs]	[#_flagged_recs]	[#_flagged_recs]	[#_flagged_recs]	[#_flagged_recs]	[#_flagged_recs]	[#_flagged_recs]	[#_flagged_recs]	[#_flagged_recs]	[#_flagged_recs]	[#_flagged_recs]	[#_flagged_recs]	[#_flagged_recs]	[#_flagged_recs]	[#_flagged_recs]	[#_flagged_recs]	[#_flagged_recs]	[#_flagged_recs]	[#_flagged_recs]	[#_flagged_recs]	[#_flagged_recs]	[#_flagged_recs]	[#_flagged_recs]	[#]	[#]	[m+2s-2]	[m+2s-2]	[m+2s-2]	[K+2]	--	--	--	--	[m+1s-1K+1]	--	--	--	--	--	--	--	--	--	--	--	--	--	--	--	--	--	--	--	--	--	--	207
DATA	2025-04-12T233000_AIU-0547.ghg	2025-04-13	00:00:00	103	0	18000	18000	0.04306903511328307	1	NaN	27.68513978154269	1	NaN	108.49365363393821	1	NaN	5.343985467929463	1	NaN	2.4218429028562465	1	NaN	-0.0002140927314236446	1	NaN	NaN	NaN	NaN	NaN	NaN	NaN	NaN	NaN	NaN	1.0581979984726455e-11	1.2679583807600992e-13	5.786618525303931e-14	NaN	17.124979846988023	420.564578848745	422.694666739298	0.1	0	205.19564154040086	5.039306284568563	5.064829511757431	0.1	1	0.09364573148982289	2.117038019876677	2.1277604565172608	-0.1	0	NaN	NaN	NaN	NaN	9	278.97464668290814	279.10801159530473	95332.74751974827	1.1876789063890696	1007.9636177745451	0.024341100710673098	0.15693542010508477	0.0037306571252960657	480.5397788434885	929.7733445815836	0.003141132763432229	51.68354004165831	449.23356573809514	269.88784021160956	2.83786482477582	0.5440873955557018	0.37639176579571176	2.9139627003551722	-4.302922191876285e-14	6.179265657114123e-16	2.9139627003551722	6.6897826564539065	321.14671516402734	10.853284835972698	7.4215373333062935	NaN	0.19042898363101934	0.9938369533313518	-21.00644314949294	-0.138052881173746	0.25517750443683485	0.12144224055955408	1	41.167949442819264	18	33	57	89	150	375	0.0427294871437147	1.007946455533771	33.037219721158586	1.013977291359849	98.47638396477325	1.1017225578951833	4.85057279587615	1.1017225578951833	2.1982330174695925	1.1017225578951833	-0.01571585002568689	1.1564760873303288	NaN	NaN	800000009	800000009	800000009	800000009	800000009	800001009	899999999	899999999	89999	89999	89	89	2	3	0	10	8	0	0	NaN	0	0	0	0	0	0	0	0	0	NaN	NaN	NaN	NaN	0	0	0	0	0	0	0	0	17267	0	0	0	18000	18000	18000	18000	93	NaN	0.7698508252286386	0.996773605591083	0.22104947584298212	0.1496051191846344	2.131702216635625	0.1371864970387356	2.1107293985551546e-8	NaN	0.02759685500471354	0.11866643786119163	0.05377849024217296	-0.00001571585002568689	NaN	420.56390615518677	5.0391704827535495	95718.31465581598	11.449213124593097	-3.2990484133694187	96.37183532269796	96.03694303152297	96.70672645187378	-0.6697785140987899	0.0002731756697596413	-1	0	2.1124746288524734	77.70454729610019	1.0000307584504287	-273.1499938964844	9.000163713826074	-273.1499938964844	080
DATA	2025-04-13T000000_AIU-0547.ghg	2025-04-13	00:30:00	103.02	0	18000	18000	0.04424254943401566	0	NaN	49.02031914346453	0	NaN	50.409934135064915	0	NaN	1.198895425019111	1	NaN	1.1245543049339353	0	NaN	-0.00539322311140198	0	NaN	NaN	NaN	NaN	NaN	NaN	NaN	NaN	NaN	NaN	-9.658955244464317e-11	-1.220659902754914e-12	-5.250778897743009e-13	NaN	17.260266839241847	423.12965133689227	425.40443446182	0.1	1	218.1283079615439	5.347342295116478	5.376090089031915	0.1	1	0.09382986316335379	2.114962027957081	2.1263322543542595	-0.1	0	NaN	NaN	NaN	NaN	9	278.29535873497866	278.43795978630914	95337.71246050348	1.190460077210285	1008.1202641785138	0.02428140069568383	0.072871118959719	0.003968432917715917	509.9401315202555	887.5374836876489	0.0033335287706711784	57.455616342139606	377.5973521673934	270.68612314437155	2.1794870430855	0.3084858482175411	0.314408702081783	2.2235512410270237	-2.624248956137366e-14	-5.596063684545322e-15	2.2235512410270237	5.178179146934717	323.94383636664327	8.056163633356757	8.128828740360577	NaN	0.19278030124457998	0.7882779433802823	-12.309626518436065	-0.23558797626042388	0.9724337074538296	0.21187821210637156	1	26.41261388092868	12	21	36	55	91	219	0.0438718506909991	1.0084495807032963	51.11120484670874	1.0133542595413996	46.0720386464605	1.0941546242807225	1.0957276041375261	1.0941546242807225	1.027783715371305	1.0941546242807225	-0.02361665355415504	1.1514482816198215	NaN	NaN	800000009	800000009	800000009	800000009	800000009	800000009	899999999	899999999	89999	89999	89	89	10	2	6	7	1	0	0	NaN	0	0	0	0	0	0	0	0	0	NaN	NaN	NaN	NaN	0	0	0	0	0	0	0	0	16008	0	0	0	18000	18000	18000	18000	93	NaN	0.5771545487658237	0.8840823425193166	0.11531899547542442	0.29493818587229326	5.624467921706098	0.12276538664042683	6.418873851932267e-8	NaN	0.042588166029946625	0.02674887476649963	0.025090230259512725	-0.000023616653554155038	NaN	423.12908755567935	5.347220675985963	95720.84820290799	11.470000267028809	-2.4956061067697486	96.39975652016534	96.06192230987548	96.73759351730347	-0.6756712680955722	0.0002727494421835419	-1	0	2.11011392656962	77.60156509844464	1.0000318740821548	-273.1499938964844	9.000178492493099	-273.1499938964844	081
DATA	2025-04-13T003000_AIU-0547.ghg	2025-04-13	01:00:00	103.041	0	18000	18000	0.02561674931917794	0	NaN	48.6121910465316	0	NaN	34.39793884600281	0	NaN	-0.011364265857797026	2	NaN	0.7671506082460718	0	NaN	-0.0010303663385900922	0	NaN	NaN	NaN	NaN	NaN	NaN	NaN	NaN	NaN	NaN	-7.7132653178541e-11	-1.0029776147732473e-12	-4.1659050433127807e-13	NaN	17.32836118390176	424.17602705464486	426.5286225991233	0.1	1	225.32556125003583	5.515680354913828	5.546271817420185	0.1	1	0.09358981478475215	2.106984560036638	2.1186704691217084	-0.1	0	NaN	NaN	NaN	NaN	9	278.04063474273687	278.15735404629174	95338.29277560764	1.1915922618206631	1008.2075265453403	0.024256782602389435	0.04971135941434545	0.004097516283496481	525.9966037176976	870.3595037414959	0.0034386899065925332	60.434406869408186	344.3629000237984	271.10500558497444	2.136852150127394	0.50147899790161	0.3434181364725705	2.221610747475518	-2.112435067815723e-14	-4.451237619065679e-15	2.221610747475518	4.599220167228546	318.79276072347045	13.20723927652957	8.8924788365997	NaN	0.14662167348038915	0.48411145975584263	-5.461276235292363	-0.531011411079951	1.4132297654276615	0.275974791856299	1	31.090332008972148	14	24	40	61	98	220	0.02540205056962582	1.008452024334163	49.86536336136304	1.013353384649987	31.438349255965814	1.0941394716987367	-0.010386487419335233	1.0941394716987367	0.7011451721552562	1.0941394716987367	-0.018328628003821977	1.1514361215034201	NaN	NaN	800000009	800000009	800000009	800000009	800000009	800000009	899999999	899999999	89999	89999	89	89	13	0	5	7	0	0	0	NaN	0	0	0	0	0	0	0	0	0	NaN	NaN	NaN	NaN	0	0	0	0	0	0	0	0	17604	0	0	0	18000	18000	18000	18000	93	NaN	0.3605826046140182	0.5162912797608115	0.09134903513685562	0.22140890084945172	5.57508377302301	0.1102805434135585	2.8041887424901754e-8	NaN	0.041507003202431246	-0.00025334048730524554	0.017101879818856185	-0.000018328628003821978	NaN	424.1755002319194	5.515571101267227	95723.94489561633	11.463595120429993	-2.072556016059371	96.41805180570815	96.07687177488539	96.75923164494833	-0.6823623895727926	0.00027226401811801927	-1	0	2.1020045074754288	77.49469976107278	1.000025559493237	-273.1499938964844	9.000149693595038	-273.1499938964844	103
DATA	2025-04-13T010000_AIU-0547.ghg	2025-04-13	01:30:00	103.062	0	18000	18000	0.02183311061822188	1	NaN	5.762000504496863	1	NaN	44.85061453476449	1	NaN	7.655821217643347	1	NaN	0.9997590731117725	1	NaN	-0.0026061433260329827	1	NaN	NaN	NaN	NaN	NaN	NaN	NaN	NaN	NaN	NaN	-7.267143528324028e-11	-9.593458384793495e-13	-3.9174512743232155e-13	NaN	17.453076397155836	426.51802112541145	428.9331396284972	0.2	0	230.4005163103619	5.630524387034871	5.6624067060827805	0.1	1	0.09408315124975472	2.1130117760303673	2.1249765080809935	-0.1	0	NaN	NaN	NaN	NaN	9	277.4999805179172	277.62233034261067	95331.06666145833	1.1937462150048235	1008.261620496192	0.024211960857054318	0.06478438793764285	0.0041905755503170135	536.9078769122913	838.4188843268021	0.0035104409108430816	64.03814214459096	301.5110074145108	271.38323589636263	2.2616257945829616	0.4352481676166096	0.30044289139277525	2.3226403365835586	1.9892458089533476e-14	-4.163818093129006e-15	2.3226403365835586	5.60045816902757	321.1066522422149	10.89334775778512	7.43226587649463	NaN	0.13523895422020651	0.4523862001891171	-36.15412380616707	-0.08021214994858555	0.1284709376731201	0.03539861290554039	1	49.400980243833914	22	40	71	113	195	515	0.0216526582520809	1.0083339590012528	8.047507985581259	1.0134069300737858	40.95300418002173	1.095172757964461	6.990514658046108	1.095172757964461	0.9128779599758957	1.095172757964461	-0.007095096690780605	1.1520847610917149	NaN	NaN	800000009	800000009	800000009	800000009	800100009	800100009	899999999	899999999	89999	89999	89	89	23	15	6	9	7	0	0	NaN	0	0	0	0	0	0	0	0	0	NaN	NaN	NaN	NaN	0	0	0	0	0	0	0	0	17404	17995	0	0	18000	18000	18000	18000	93	NaN	0.4287743360572481	0.3895884306798078	0.08640963364117843	0.28183333637300784	10.044836144003336	0.12447663496314708	6.997006616670094e-8	NaN	0.0066861508796539635	0.1702127111696201	0.022227752910244206	-0.000007095096690780605	NaN	426.5171644480205	5.6304011767728825	95717.21529296876	11.460000038146973	-1.7962972760932978	96.4384204527537	96.09303044870164	96.78381413120694	-0.6907885376960037	0.00027185657320660534	-1	0	2.107900160590807	78.13259736082286	1.000027833821045	-273.1499938964844	9.000158697313733	-273.1499938964844	082
DATA	2025-04-13T013000_AIU-0547.ghg	2025-04-13	02:00:00	103.083	0	18000	18000	0.02471552381816412	0	NaN	45.74476477007239	0	NaN	40.74993660668523	0	NaN	2.4375508166021804	1	NaN	0.9082434236265453	0	NaN	-0.0038373113269875208	0	NaN	NaN	NaN	NaN	NaN	NaN	NaN	NaN	NaN	NaN	-2.4092299612373563e-11	-3.1964188789754537e-13	-1.302426277445552e-13	NaN	17.44046498777267	426.14773312160696	428.5708156593962	0.1	0	231.38941670971028	5.653867340595886	5.686015316894202	0.1	1	0.09428290473059736	2.1163398918150635	2.1283734328556783	-0.1	0	NaN	NaN	NaN	NaN	9	277.3234271825155	277.4974403720432	95301.8692953559	1.193907132154723	1008.2723789407082	0.024208483383500574	0.058854173851000134	0.004208553241820169	538.9686601747101	831.1138874329134	0.003525025630950638	64.84895371432656	292.14522725820336	271.4352209175731	2.47933343990312	0.7039626455828917	0.36316812030874907	2.6027963416692166	5.201026086421719e-14	-1.381402366809854e-15	2.6027963416692166	6.145826209858506	316.14904733502794	15.850952664972073	8.020649110643413	NaN	0.1438797373489604	0.462991986672599	-5.482631268367965	-0.5289431037851381	1.122572660949066	0.2641151694754629	1	38.705413407326276	17	30	50	75	120	270	0.0245170760708107	1.0080942664932906	47.3400803749828	1.0136290473302514	37.106693523415736	1.0981829081852976	2.219621884873562	1.0981829081852976	0.827042031757151	1.0981829081852976	-0.02051523731948965	1.1540523701109555	NaN	NaN	800000009	800000009	800000009	800000009	800000009	800000009	899999999	899999999	89999	89999	89	89	2	3	8	6	2	0	0	NaN	0	0	0	0	0	0	0	0	0	NaN	NaN	NaN	NaN	0	0	0	0	0	0	0	0	15703	18000	0	0	18000	18000	18000	18000	93	NaN	0.4695249014905724	0.36409746230670326	0.09236160954792232	0.35745621875043	8.796358504999512	0.10782891328627969	7.297527663117516e-8	NaN	0.039326072385081304	0.05403929246384004	0.020135306170203413	-0.000020515237319489648	NaN	426.1470993578622	5.653760406333678	95689.82470703125	11.41144985294342	-1.7403677631599563	96.44074970732795	96.09390223164029	96.78759223132663	-0.6936919937315921	0.00027147386426157826	-1	0	2.1111975813772945	78.35963185246787	1.0000351256347364	-273.1499938964844	9.000187019480599	-273.1499938964844	211
DATA	2025-04-13T020000_AIU-0547.ghg	2025-04-13	02:30:00	103.104	0	18000	18000	0.02750734723626144	0	NaN	56.80894586366039	0	NaN	23.110331340958467	0	NaN	0.7976392718066856	1	NaN	0.5148760727305615	0	NaN	-0.0026128981365612187	0	NaN	NaN	NaN	NaN	NaN	NaN	NaN	NaN	NaN	NaN	1.449330210626596e-10	1.955348879994309e-12	7.806618627804161e-13	NaN	17.489826176053075	426.7566925818529	429.22799155537007	0.2	0	235.96218290278537	5.757543827843321	5.790885102623681	0.1	1	0.09420655266959715	2.1105533495747304	2.1227753215250753	-0.1	0	NaN	NaN	NaN	NaN	9	276.9229930352105	277.0648646833632	95275.09259396701	1.1953882171399044	1008.3222513038124	0.024177539189537817	0.03336396951294038	0.00429121180373417	548.6976641820529	806.2448609213728	0.0035898060079606257	68.05595803178252	257.54719673931993	271.6782887340287	2.701206592387565	0.6094554230323391	0.388851950246461	2.7962758817099296	-1.2821980499292492e-14	8.286704487726738e-15	2.7962758817099296	4.848520730939906	319.28562381144206	12.714376188558	7.993493944823411	NaN	0.1516945121215172	0.4733520014184963	-5.172990589886103	-0.560604151430295	2.458162326862784	0.31069805839054304	1	38.90980873038772	17	31	50	76	120	270	0.02728930696682988	1.007989952610251	57.339447306947406	1.0138347655975422	21.002371377227206	1.1003677120964022	0.7248842937121779	1.1003677120964022	0.4679127414140752	1.1003677120964022	-0.02165555343043406	1.1555340214966152	NaN	NaN	800000009	800000009	800000009	800000009	800000009	800000009	899999999	899999999	89999	89999	89	89	1	0	2	16	2	0	0	NaN	0	0	0	0	0	0	0	0	0	NaN	NaN	NaN	NaN	0	0	0	0	0	0	0	0	17303	606	0	0	18000	18000	18000	18000	93	NaN	0.4604474988169474	0.41462589017685997	0.0716306138431853	0.22938053850908086	5.608551691219673	0.06627595713901889	6.047006524137462e-8	NaN	0.047571317624174	0.01762743638045559	0.01137850847704553	-0.00002165555343043406	NaN	426.75630217744566	5.757477765216026	95663.37322873264	11.425361017121208	-1.4888129290219292	96.45440774345398	96.10417228041754	96.80464280573527	-0.7004741335527764	0.00027123541361328944	-1	0	2.1053300891849727	78.13040047581993	1.0000529416932	-273.1499938964844	9.000317543586096	-273.1499938964844	201
DATA	2025-04-13T023000_AIU-0547.ghg	2025-04-13	03:00:00	103.124	0	18000	18000	0.02649786519705303	1	NaN	42.39896734514029	1	NaN	35.3667678268981	1	NaN	2.4753262502010758	1	NaN	0.7882283300157453	1	NaN	-0.0005763548726840864	1	NaN	NaN	NaN	NaN	NaN	NaN	NaN	NaN	NaN	NaN	8.490057424966764e-12	1.1411612288139154e-13	4.5984431454801985e-14	NaN	17.39925086241678	425.0173191819052	427.4592747209811	0.2	0	233.86591516104895	5.712720915155856	5.745543602261435	0.1	1	0.09423901613372665	2.115028500590735	2.127180489060905	-0.1	0	NaN	NaN	NaN	NaN	9	277.3341033350627	277.4523106045193	95252.17952625868	1.1934521168919685	1008.303816091585	0.024217173001590608	0.0510771957850203	0.004250836076042462	544.295080434502	828.4880523163299	0.0035617985974273057	65.69739646971777	284.19297188182793	271.56877256917005	2.552808887469699	0.47544287064357543	0.3924099843632028	2.626188252014283	-2.139650437622597e-14	4.879553431409911e-16	2.626188252014283	5.0223631937424305	321.44993349570404	10.55006650429592	8.59342512208642	NaN	0.1490057211250732	0.5206826927882304	-6.567910345165776	-0.44154074090467854	1.1988363639182735	0.23645904191941222	1	39.48005204523267	18	31	52	78	125	283	0.02628549654443121	1.0080793091453626	43.751548057616894	1.0136518722571193	32.19707114832944	1.0984467395796997	2.253478626690825	1.0984467395796997	0.7175844778030351	1.0984467395796997	-0.016076609425589323	1.1542264596487928	NaN	NaN	800000009	800000009	800000009	800000009	800000009	800000009	899999999	899999999	89999	89999	89	89	8	3	3	9	1	0	1	NaN	0	0	0	0	0	0	0	0	0	NaN	NaN	NaN	NaN	0	0	0	0	0	0	0	0	18000	0	0	0	18000	18000	18000	18000	93	NaN	0.495760891633465	0.4436791904208734	0.10192530352212242	0.23971169451501545	5.192129847471418	0.07185879038985578	3.069461658698232e-8	NaN	0.036357751271463956	0.054886517219671145	0.01747773967368038	-0.00001607660942558932	NaN	425.01693642501095	5.7126493151965825	95642.5094624566	11.460000038146973	-1.599334999686246	96.44004310332404	96.0907488146888	96.78934046045939	-0.6985916730215157	0.0002714913803663674	-1	0	2.1098366960883146	77.35424002278583	1.000034609011478	-273.1499938964844	9.000190953334172	-273.1499938964844	186
DATA	2025-04-13T030000_AIU-0547.ghg	2025-04-13	03:30:00	103.145	0	18000	18000	0.016140421215856987	0	NaN	41.9781279277126	0	NaN	32.44047232321446	1	NaN	2.013659618437896	0	NaN	0.7227159177621918	1	NaN	-0.008922914731296028	1	NaN	NaN	NaN	NaN	NaN	NaN	NaN	NaN	NaN	NaN	-1.1956304866715143e-10	-1.6386575030934838e-12	-6.441065419432693e-13	NaN	17.496710269594104	427.0893270730165	429.6039810087406	0.2	0	239.79913428387047	5.853423261627	5.887887559630386	0.1	1	0.09425776335383605	2.111425060516	2.123856893862904	-0.1	0	NaN	NaN	NaN	NaN	9	276.87607967885333	277.0259350535075	95262.67397786459	1.1953569332934733	1008.374094556367	0.024177293454622488	0.04683199147099003	0.0043627169922780765	557.7623255446831	804.0393823495683	0.0036497190678083276	69.3700256217285	246.2770568048852	271.9013448035062	2.5012742928299545	0.19987890986544504	0.35268130547161786	2.5339117525695762	9.15822007050728e-15	-6.833458794532872e-15	2.5339117525695762	4.891525439326685	327.43115523530366	4.568844764696274	8.00066102350175	NaN	0.11620066934595236	0.3971427325287391	-3.1464277307124964	-0.9216801554642116	1.2940048316643336	0.2997058031157293	1	40.21437985498339	18	31	51	76	120	262	0.016010058436559848	1.0081425548703462	43.18644018112053	1.0135654267990661	29.560489679622613	1.097426756958534	1.8348920378236973	1.097426756958534	0.6585550362970596	1.097426756958534	-0.02355677291932622	1.1535474737908125	NaN	NaN	800000009	800000009	800000009	800000009	800000009	800000009	899999999	899999999	89999	89999	89	89	3	5	3	8	2	0	0	NaN	0	0	0	0	0	0	0	0	0	NaN	NaN	NaN	NaN	0	0	0	0	0	0	0	0	17002	0	0	0	18000	18000	18000	18000	93	NaN	0.35428029637467834	0.37512393563480256	0.06488123304799737	0.21119684682949694	4.208205646357171	0.0686852354419415	5.7317863675975296e-8	NaN	0.03582845840729962	0.04462399645989586	0.01601585107057411	-0.000023556772919326218	NaN	427.08911689481073	5.853354841916111	95648.0535093316	11.453594335979886	-1.2664553069292568	96.44831958050197	96.09720434697469	96.79942934883965	-0.7022274004817015	0.00027144095258619115	-1	0	2.106111796299617	77.24458357895747	1.0000210487859116	-273.1499938964844	9.000110146575503	-273.1499938964844	150
DATA	2025-04-13T033000_AIU-0547.ghg	2025-04-13	04:00:00	103.166	0	18000	18000	0.02524482482280624	0	NaN	42.356109163641946	0	NaN	18.08333169755808	0	NaN	2.292576821980744	0	NaN	0.4027349233392832	0	NaN	-0.0015303727771713161	0	NaN	NaN	NaN	NaN	NaN	NaN	NaN	NaN	NaN	NaN	1.2044621041074379e-11	1.649597922766301e-13	6.466235975932354e-14	NaN	17.559829455525843	428.00686620353855	430.5305776569575	0.2	0	240.4945584853545	5.861863441044323	5.8964274938030155	0.1	1	0.09427112780829305	2.1084588297259126	2.12089120433906	-0.2	0	NaN	NaN	NaN	NaN	9	276.5564578179253	276.68801495700416	95263.2003485243	1.1968196119971848	1008.3735042262483	0.024147668227988178	0.02609722303238555	0.004374367745165993	558.5696616190382	785.1181988288699	0.0036549933685213394	71.14465853068171	226.5485372098317	271.92105493497485	2.8707067752414495	0.5716801174024726	0.39107137992723845	2.9530852290864367	2.6358354708240135e-14	6.859190216841256e-16	2.9530852290864367	5.263890436738604	320.73730922636275	11.262690773637253	7.609923862564859	NaN	0.1452351815946677	0.3633297015661835	-6.088557977639987	-0.47630325779111354	2.342273529681568	0.24165406433648617	1	45.934794519718594	20	36	60	90	143	323	0.025046085813742836	1.0079349328490423	42.78641915946933	1.0140273035642986	16.406886120377077	1.102179387659605	2.0800396447704017	1.102179387659605	0.36539870718727596	1.102179387659605	-0.015787755330547628	1.1567953028897928	NaN	NaN	800000009	800000009	800000009	800000009	800000009	800000019	899999999	899999999	89999	89999	89	89	0	7	1	10	13	0	1	NaN	0	0	0	0	0	0	0	0	0	NaN	NaN	NaN	NaN	0	0	0	0	0	0	0	0	17604	0	0	0	18000	18000	18000	18000	93	NaN	0.3786430186405774	0.2653795897070653	0.08263679478472413	0.25444857327683995	5.200956482659665	0.0443751228137813	4.322982087347418e-8	NaN	0.035453230841894924	0.05052435354754607	0.008875568075907518	-0.000015787755330547627	NaN	428.0072106035939	5.8618188857290425	95649.22462565104	11.449999809265137	-1.2422133414921377	96.46082843017578	96.10678792635599	96.81487095620898	-0.7080864384654494	0.0002709058586398089	-1	0	2.103139653162824	77.15113849279615	1.0000430592132938	-273.1499938964844	9.000308965947893	-273.1499938964844	026
DATA	2025-04-13T040000_AIU-0547.ghg	2025-04-13	04:30:00	103.187	0	18000	18000	0.030011502084065757	1	NaN	37.74979570285893	1	NaN	37.29688756438266	1	NaN	4.116077080869416	1	NaN	0.8310079036796436	1	NaN	0.00032412322495122063	1	NaN	NaN	NaN	NaN	NaN	NaN	NaN	NaN	NaN	NaN	-7.48428084432042e-11	-9.989118653331704e-13	-4.040926261228201e-13	NaN	17.433590043101177	425.2540743425655	427.6815005947931	0.2	0	232.6826092131935	5.675780338526758	5.708178707000751	0.1	1	0.0941277502782577	2.1095634941893726	2.1216052596079704	-0.1	0	NaN	NaN	NaN	NaN	9	277.03720663452145	277.1520426262749	95269.56636697048	1.1949799195492752	1008.278900197723	0.02418654949597545	0.0538493121584409	0.004228695931582952	540.8741765110968	811.203159445182	0.003538717146960879	66.67555102731907	270.32898293408516	271.4831326330923	2.836907150132059	0.453736923530574	0.381384388907724	2.8981672529976716	3.025267618995673e-14	-4.293023310641689e-15	2.8981672529976716	5.145486521991754	322.91303578148745	9.086964218512502	7.561772373462578	NaN	0.1584760224925655	0.5234577193413527	-8.875681107231028	-0.3267354882362061	1.0121433226216117	0.1977014054180128	1	44.58115110330903	20	35	59	89	145	334	0.02977474939173977	1.0079514587750542	39.23761507842188	1.0139574804828628	33.858960935927854	1.1015366843347756	3.7366681830983586	1.1015366843347756	0.7544078336179009	1.1015366843347756	-0.013839399166363151	1.1563476491530633	NaN	NaN	800000009	800000009	800000009	800000009	800000009	800000009	899999999	899999999	89999	89999	89	89	1	1	4	6	0	0	0	NaN	0	0	0	0	0	0	0	0	0	NaN	NaN	NaN	NaN	0	0	0	0	0	0	0	0	17303	0	0	0	18000	18000	18000	18000	93	NaN	0.4854269330963989	0.4582868258810354	0.10320167970527112	0.3079418318668004	8.79782094635473	0.08338924954582758	3.882031305984716e-8	NaN	0.03256576735224813	0.09089313782702382	0.018350704916474884	-0.000013839399166363152	NaN	425.25349599730384	5.675697465798355	95661.16542578125	11.430525847699908	-1.6871331834709637	96.45358028242325	96.10165621736314	96.8055090760125	-0.703852939522929	0.0002709520089847502	-1	0	2.104419280469417	77.24540542199875	1.0000395809759697	-273.1500015392318	9.00028685310152	-273.1499938964844	234
DATA	2025-04-13T043000_AIU-0547.ghg	2025-04-13	05:00:00	103.208	0	18000	18000	0.04235601237200324	0	NaN	45.21301976486389	0	NaN	27.487706983532824	0	NaN	1.6680841237583837	0	NaN	0.6126676540571161	0	NaN	-0.0005205637817517561	0	NaN	NaN	NaN	NaN	NaN	NaN	NaN	NaN	NaN	NaN	-4.891841825398797e-11	-6.41672997074868e-13	-2.6636411730666297e-13	NaN	17.304463360881748	422.7869011209113	425.14466120445815	0.1	1	226.9862204026603	5.54578311501588	5.57671034106268	0.1	1	0.09422398092789917	2.1152081359078214	2.127004038992838	-0.1	0	NaN	NaN	NaN	NaN	9	277.3866301074558	277.5243276604546	95278.35711501737	1.1935458223208046	1008.2137400919256	0.02421680358513809	0.03970086398290112	0.004126680595707869	528.5348399715945	832.681794619755	0.003457496577453302	63.47380756810595	304.14695464816054	271.1701825827811	2.447367222193218	0.13737483342664883	0.3643966282372597	2.4781571919060013	-5.554532752816692e-15	-2.8269248941040454e-15	2.4781571919060013	5.501019308727392	328.7872630100575	3.2127369899425253	8.45562519522496	NaN	0.1883813846514183	0.6643765246953048	-12.447954302998772	-0.23297000691120595	1.6448450862761976	0.1994498990793313	1	31.499590063475058	14	25	43	65	108	259	0.042012082562927267	1.0081864498995217	46.12697949028182	1.0135180078711434	25.06122911274394	1.0968219818697953	1.520833965156985	1.0968219818697953	0.5585844049302127	1.0968219818697953	-0.016415034057418034	1.1531485183360703	NaN	NaN	800000009	800000009	800000009	800000009	800000009	800000009	899999999	899999999	89999	89999	89	89	0	2	2	8	3	0	0	NaN	0	0	0	0	0	0	0	0	0	NaN	NaN	NaN	NaN	0	0	0	0	0	0	0	0	17504	0	0	0	18000	18000	18000	18000	93	NaN	0.5941532697092329	0.6187567260281083	0.1158430536532683	0.18756350720324538	2.5796521147990985	0.0553264255175901	2.48367214889424e-8	NaN	0.03833216139850228	0.03703518159802911	0.013602586047111363	-0.000016415034057418033	NaN	422.7863047733473	5.545727928887936	95668.5826859809	11.442286960124969	-1.9954772128462934	96.44082202741835	96.09253298823039	96.78911383861966	-0.6965780697001352	0.0002715899745946647	-1	0	2.1101731065180567	77.33907779015435	1.0000160427623326	-273.1499938964844	9.000087350156573	-273.1499938964844	197
DATA	2025-04-13T050000_AIU-0547.ghg	2025-04-13	05:30:00	103.229	0	18000	18000	0.05452992766983615	0	NaN	44.840330564093264	0	NaN	33.23314819211145	0	NaN	4.214256438347073	0	NaN	0.7405157021734337	0	NaN	-0.0015699247916107005	0	NaN	NaN	NaN	NaN	NaN	NaN	NaN	NaN	NaN	NaN	1.1041777434929419e-10	1.474160828159241e-12	5.992001020702757e-13	NaN	17.376807943139625	424.26144514168755	426.67824084775856	0.3	0	231.99353309901713	5.664211283118517	5.696477334309542	0.1	1	0.09429808882261172	2.1140654068332596	2.126108132506533	-0.1	0	NaN	NaN	NaN	NaN	9	277.07396131642656	277.2251779259576	95283.23766167535	1.1948413435896814	1008.273727422356	0.024189460663168297	0.0479854175008385	0.0042195686167590535	539.8491598446628	815.3835482926618	0.0035314886276717997	66.208002476265	275.53438844799894	271.45737856188293	2.41741187762481	0.06127138764859302	0.3502034669296997	2.4434149948945274	1.3599035088005145e-14	6.354318624606034e-15	2.4434149948945274	5.31073037537518	330.54809993710285	1.4519000628968532	8.240319655395716	NaN	0.21363004897121188	0.547880919633983	-18.30576965152185	-0.15841999845982485	1.3492652066811115	0.17422792849477936	0	54.219160163059044	-8.22796673360287	18.611683154465428	46.345722623602406	70.68015124038084	99.12991709228757	148.5146796402099	0.05408555297290112	1.0082161440996578	46.06040869230686	1.0134903772400492	30.30976622755494	1.0964501653562353	3.8435458094694765	1.0964501653562353	0.6753756126552647	1.0964501653562353	-0.01764496963043529	1.1529049131049323	NaN	NaN	800000009	800000009	800000009	800000009	800000009	800000009	899999999	899999999	89999	89999	89	89	3	0	0	11	0	0	0	NaN	0	0	0	0	0	0	0	0	0	NaN	NaN	NaN	NaN	0	0	0	0	0	0	0	0	17504	0	0	0	18000	18000	18000	18000	93	NaN	0.4599882040704504	0.5238737161465237	0.11189991905099193	0.2088982104529603	4.99425667253194	0.05664552881041606	2.898236347633861e-8	NaN	0.0382330631952138	0.09350306333686133	0.016430060110300407	-0.00001764496963043529	NaN	424.2611355992193	5.664154672021297	95670.00100412326	11.470000267028809	-1.708662264706363	96.44705545171102	96.097603834788	96.79650929260254	-0.6989007624056605	0.0002714729344912081	-1	0	2.1089200229114953	77.25296267869737	1.0000138590799437	-273.1499938964844	9.000081521034241	-273.1499938964844	028
DATA	2025-04-13T053000_AIU-0547.ghg	2025-04-13	06:00:00	103.249	1	18000	18000	0.09262275068334436	0	NaN	51.142073458306044	0	NaN	47.23491602565495	0	NaN	3.88479950335423	0	NaN	1.0524157012651056	0	NaN	-0.0006667281920404256	0	NaN	NaN	NaN	NaN	NaN	NaN	NaN	NaN	NaN	NaN	-1.7513548953185235e-11	-2.319076744931555e-13	-9.506847841200099e-14	NaN	17.374987412752873	423.983207415481	426.3769826422242	0.1	1	230.072895905346	5.614222446786881	5.64591989700541	0.1	1	0.09431632732882879	2.113507810846849	2.1254405066485855	-0.2	0	NaN	NaN	NaN	NaN	9	276.97858744642474	277.1317358754476	95294.60407573785	1.1954094405502111	1008.2449426048021	0.024178423053599653	0.06819653744197884	0.004184238566767924	535.1486147156673	810.0457985761547	0.0035002555817545194	66.06399485761379	274.8971838604873	271.3387168458744	2.476848250791581	-0.33927687551642277	0.3629865138205264	2.5261918503797682	-2.4948039299716376e-15	-1.0079747706942601e-15	2.5261918503797682	5.647201481311339	339.7997926687645	352.2002073312355	8.261381667374831	NaN	0.278355942021565	0.813192261899935	-35.50796252243519	-0.0816718221488399	1.082717569150096	0.15243865267090118	0	58.852076855816634	-8.931029715635828	20.202013534119416	50.305870131145184	76.71962605967721	107.60036639964225	161.20495622058132	0.09187412854243815	1.008148345489453	53.01396968317423	1.013558640347762	43.044817039693065	1.0973427063727101	3.540188020381999	1.0973427063727101	0.9590583644957082	1.0973427063727101	-0.01965041105456145	1.153491664334245	NaN	NaN	800000009	800000009	800000009	800000009	800000019	800100019	899999999	899999999	89999	89999	89	89	8	4	8	2	0	0	6	NaN	0	0	0	0	0	0	0	0	0	NaN	NaN	NaN	NaN	0	0	0	0	0	0	0	0	16409	0	0	0	18000	18000	18000	18000	93	NaN	0.5079898991892282	0.9636257704423703	0.1547688541682714	0.27279235589501355	4.911122820123811	0.07419410457159209	4.037917236726279e-8	NaN	0.04398530338861469	0.08607956309342227	0.023319474706310846	-0.00001965041105456145	NaN	423.98283935323064	5.614148666729008	95681.33970030383	11.463595120429993	-1.8308725975122409	96.45761932415432	96.10759069103665	96.80764799245199	-0.7000585457020337	0.00027134220082209343	-1	0	2.1084057322012053	77.19762916331821	1.0000144314269226	-273.1499938964844	9.000084522273806	-273.1499938964844	178
DATA	2025-04-13T060000_AIU-0547.ghg	2025-04-13	06:30:00	103.27	1	18000	18000	0.1010270908707844	0	NaN	44.750122059387486	0	NaN	42.96146321275254	0	NaN	4.582005242331545	0	NaN	0.9573703034144666	0	NaN	-0.002076376667832034	0	NaN	NaN	NaN	NaN	NaN	NaN	NaN	NaN	NaN	NaN	-2.1198586648129366e-10	-2.721421181747931e-12	-1.1556472144168197e-12	NaN	17.29972408894059	422.1470497470311	424.4473069269027	0.1	0	222.08950226496503	5.419417539778981	5.44894766231346	0.1	1	0.09430995700521355	2.114957636046335	2.1264819295131616	-0.2	0	NaN	NaN	NaN	NaN	9	277.18501506551104	277.31736148579915	95323.6102719184	1.1950611105481517	1008.1414598667454	0.024187255778667784	0.06203759566125743	0.0040375769220667036	516.7370175270416	820.6798532251416	0.0033785526835650643	62.96450625616641	303.9428356981	270.8648484951277	2.893888188266964	-0.17364981223557105	0.37688546502833314	2.9234886278605554	-2.3230770780972253e-15	-1.2253713723492996e-14	2.9234886278605554	6.307877942004046	335.43395628531346	356.5660437146865	7.406976466491368	NaN	0.29075277389805426	1.0122174565823103	-46.25533417337251	-0.06269547181586298	1.041634029962555	0.1277493702926845	0	53.948083925583155	-8.186829868747086	18.518631454154452	46.114010732932684	70.32677598696769	98.63430327484998	147.77215982902638	0.100230901853072	1.0079435483767225	46.44416988693268	1.0139893337133976	38.990799282637894	1.101835920349618	4.158518666624747	1.101835920349618	0.8688864519053693	1.101835920349618	-0.018645518060863855	1.1565539007338315	NaN	NaN	800000009	800000009	800000009	800000009	800000009	800000009	899999999	899999999	89999	89999	89	89	8	7	7	12	6	0	0	NaN	0	0	0	0	0	0	0	0	0	NaN	NaN	NaN	NaN	0	0	0	0	0	0	0	0	17603	0	0	0	18000	18000	18000	18000	93	NaN	0.6816085830328316	1.1329348886378086	0.2098914414939803	0.19871816220160982	2.8666448535987636	0.0622319759524401	2.474557120785279e-8	NaN	0.03854957687961005	0.10113137481131136	0.021130524708557634	-0.000018645518060863856	NaN	422.1463051649774	5.4193555612922815	95711.26618663194	11.460000038146973	-2.3028364144894793	96.45971674516466	96.11145288615756	96.8079817138248	-0.6965287941379679	0.00027139002733100724	-1	0	2.110030661655797	77.24833834542169	1.0000150944540898	-273.1499938964844	9.00009091480573	-273.1499938964844	134
DATA	2025-04-13T063000_AIU-0547.ghg	2025-04-13	07:00:00	103.291	1	18000	18000	0.11460562610137864	0	NaN	58.610029810967596	0	NaN	54.40424030281296	0	NaN	3.7646989239384308	0	NaN	1.2126040115311107	0	NaN	-0.0006709004878618474	0	NaN	NaN	NaN	NaN	NaN	NaN	NaN	NaN	NaN	NaN	-8.229164104137802e-11	-1.0552708839464873e-12	-4.4986070571464306e-13	NaN	17.252214472827497	421.2218461741696	423.5094574734243	0.2	0	221.23461613337864	5.401558947235983	5.43089424262372	0.1	1	0.09431205016295773	2.1169649460288076	2.1284619587660316	-0.1	0	NaN	NaN	NaN	NaN	9	277.4200530090332	277.5238699917264	95349.6489233941	1.1945061361870999	1008.1350009139506	0.024198657060237033	0.07857673994721598	0.004022375855595576	515.1749024138455	832.6550842375124	0.003367396561423387	61.87134531047834	317.48018182366684	270.8239577175353	3.009968775846778	0.2057026512439326	0.39101389770378814	3.04222245743124	2.3225305693913088e-14	-4.76991757614587e-15	3.04222245743124	6.344423923647815	328.09045889808453	3.9095411019153703	7.38459878085255	NaN	0.3097481894569112	0.9775181749631103	-42.7094208320887	-0.06790071004243528	1.0773062813623588	0.15712890631934057	0	55.96416013243614	-8.492777211208812	19.210685175834364	47.837322351737754	72.95493494007499	102.32033357550439	153.29450490206978	0.11370575324269472	1.0079140486125027	60.7219075290989	1.0141457545199015	49.313775709821556	1.1032260158489051	3.412445745345833	1.1032260158489051	1.0991437784378586	1.1032260158489051	-0.022380319221411392	1.1575345871402791	NaN	NaN	800000009	800000009	800000009	800000009	800001009	800101009	899999999	899999999	89999	89999	89	89	5	5	9	18	39	0	0	NaN	0	0	0	0	0	0	0	0	0	NaN	NaN	NaN	NaN	0	0	0	0	0	0	0	0	17003	0	0	0	18000	18000	18000	18000	93	NaN	0.7915623828465559	0.946138985644975	0.2173349814346896	0.19457331285115517	2.3973336062833632	0.058473275195171176	2.443046366007639e-8	NaN	0.050424120038945475	0.08302519008273794	0.0267422921690477	-0.000022380319221411392	NaN	421.2197577097144	5.401500616890106	95737.99565256077	11.430788631492192	-2.343076448914079	96.44503562249078	96.09768481953938	96.79239290364583	-0.6947080696357619	0.00027166613133481905	-1	0	2.112055599066946	77.25817167621189	1.000016434173893	-273.1499938964844	9.00009507536888	-273.1499938964844	195
DATA	2025-04-13T070000_AIU-0547.ghg	2025-04-13	07:30:00	103.312	1	18000	18000	0.060660728795393776	1	NaN	55.885101898327825	1	NaN	55.1685125387525	1	NaN	3.6952665988885793	1	NaN	1.2298172880338643	1	NaN	0.004000253714349444	1	NaN	NaN	NaN	NaN	NaN	NaN	NaN	NaN	NaN	NaN	5.940835377362871e-11	7.670587833365536e-13	3.256456975868336e-13	NaN	17.239076385144244	421.071447570658	423.37320892895207	0.1	0	222.5846049904264	5.436719446932119	5.466438941832648	0.1	1	0.09449565084035336	2.122575871930546	2.134178803333861	-0.2	0	NaN	NaN	NaN	NaN	9	277.5582068447537	277.67641894022626	95373.32198394097	1.1941303981051867	1008.1566445172507	0.024205948781544646	0.0796921602645944	0.004047339230388283	518.6570813116302	841.6001755758529	0.0033893611927227458	61.62749205188159	322.9430942642226	270.9149592191975	3.3870581070441275	0.9218370393578782	0.4536566309515566	3.5394562416325734	-3.040333378266801e-14	3.446144819267916e-15	3.5394562416325734	6.966505713457743	316.77489677759206	15.225103222407924	7.363930237952743	NaN	0.22538651835459278	0.9368075567820714	-17.25987188428741	-0.16801978713642862	1.0129891006046603	0.2059625885707596	0	43.651786224995085	-6.6243269693120865	14.984245641259479	37.312890320030895	56.90451203996208	79.80938724245048	119.56900526366076	0.06018476883460928	1.0079083125182795	58.01583967026596	1.0149050004814493	49.73583354263717	1.1092306815659987	3.331377918316906	1.1092306815659987	1.1087119284309939	1.1092306815659987	-0.017208942894914234	1.161895317219645	NaN	NaN	800000009	800000009	800000009	800000009	800000009	800000009	899999999	899999999	89999	89999	89	89	11	5	4	42	3	0	0	NaN	0	0	0	0	0	0	0	0	0	NaN	NaN	NaN	NaN	0	0	0	0	0	0	0	0	18000	0	0	0	18000	18000	18000	18000	93	NaN	0.9882993394955368	0.6711560106722224	0.2141597633963836	0.11323514001369843	0.929596670766159	0.058332762779492106	3.832255443758675e-8	NaN	0.048191096881450915	0.08108009121394774	0.026984168860851962	-0.000017208942894914234	NaN	421.0710520828835	5.436661254194652	95761.98431662326	11.439216889805262	-2.251877116435117	96.43430722872417	96.08707403670417	96.78154142422146	-0.6944683072848452	0.00027133892557079274	-1	0	2.117626915627055	77.25042965677048	1.0000163369129103	-273.1499938964844	9.00009173825052	-273.1499938964844	023
DATA	2025-04-13T073000_AIU-0547.ghg	2025-04-13	08:00:00	103.333	1	18000	18000	0.03255183283644506	1	NaN	34.96623549648044	1	NaN	57.36729513648798	1	NaN	4.475675484474454	1	NaN	1.2789800455037033	1	NaN	-0.0017373001482034408	1	NaN	NaN	NaN	NaN	NaN	NaN	NaN	NaN	NaN	NaN	-1.2037106003451461e-10	-1.5322641283134706e-12	-6.599830021473878e-13	NaN	17.271780477483677	421.8029170302402	424.07994762411766	0.2	0	219.86123284255137	5.36934275396511	5.398328228522453	0.1	1	0.09469951937527014	2.1282327274889736	2.1397216262986425	-0.1	0	NaN	NaN	NaN	NaN	9	277.6384004923503	277.79752580769855	95409.23925868055	1.194089805836876	1008.1218282834229	0.024207389635538597	0.08287790694863997	0.003996943063295068	512.4223224783686	848.7619475018611	0.003347271741000935	60.372914217769534	336.33962502349243	270.75163634719877	2.5774250942474204	0.5351166449689995	0.3197767974050182	2.651740398368198	-4.127049874480948e-14	-6.969232858849503e-15	2.651740398368198	6.387157771002587	320.27106552153725	11.728934478462792	6.92622886629438	NaN	0.16510842247168617	0.8328261074029369	-10.847295222772741	-0.2673477526371513	0.609515149934975	0.17592584316774315	1	39.63861753723336	18	31	53	81	132	311	0.032291445958868736	1.008063648741775	37.55281225379783	1.0136774755363431	52.212391705438186	1.098729501995077	4.0735007809906865	1.098729501995077	1.1640536120868026	1.098729501995077	-0.016280228127230723	1.1544183232746543	NaN	NaN	800000009	800000009	800000009	800000009	800000009	800101009	899999999	899999999	89999	89999	89	89	11	1	16	10	17	0	0	NaN	0	0	0	0	0	0	0	0	0	NaN	NaN	NaN	NaN	0	0	0	0	0	0	0	0	17503	0	0	0	18000	18000	18000	18000	93	NaN	0.8088576336327581	0.6754613774861745	0.18133320368694122	0.2394652522733067	4.058251367550552	0.1075076711009717	3.14275403668462e-8	NaN	0.031195536348684206	0.0991412869268491	0.028330858236896128	-0.000016280228127230722	NaN	421.80233208095564	5.369236200794537	95798.20668337673	11.460000038146973	-2.4255618829031103	96.43527503267924	96.08921095148722	96.78134053929647	-0.6921289735519217	0.00027125426847487684	-1	0	2.1233294135729475	77.24457050153944	1.0000293703509702	-273.1499938964844	9.000160950952106	-273.1499938964844	126
DATA	2025-04-13T080000_AIU-0547.ghg	2025-04-13	08:30:00	103.354	1	18000	18000	0.1026785519635222	0	NaN	22.756764969497386	0	NaN	43.048656814964595	0	NaN	-0.5866094075601512	0	NaN	0.9602057038429505	0	NaN	-0.008748540907648482	0	NaN	NaN	NaN	NaN	NaN	NaN	NaN	NaN	NaN	NaN	-7.964657731150144e-11	-9.540098843836302e-13	-4.373717369777432e-13	NaN	17.25855961519939	422.06028379387004	424.20483220747496	0.1	1	206.72371643453832	5.055454937759982	5.081142424318465	0.1	1	0.09477376745408057	2.1344352747638653	2.1452806443904295	-0.1	0	NaN	NaN	NaN	NaN	9	278.0282582329644	278.29384247673886	95436.3112907986	1.1924402507911227	1007.9587868419866	0.024243759791821327	0.062221329609023185	0.003757639092351076	482.6033896920225	878.6779384162907	0.003151217924636539	54.923808666672116	396.07454872426814	269.94526625229037	1.5781198417240627	-0.29755737198334803	0.17107531075402121	1.6150137418655017	-2.2288832503938152e-14	-4.6149029285942116e-15	1.6150137418655017	9.139761643162403	342.6778624106901	349.3221375893099	6.080640054066133	NaN	0.2934415135619649	1.5490135339324156	-93.58067448871957	-0.030989304317843667	0.5286289202311806	0.06452225953354472	0	47.89533101094103	-7.268301262279946	16.440917245361906	40.940208577982844	62.436401253368636	87.56794052035313	131.19273186747188	0.10169186045729736	1.0097027579374376	24.765568673401056	1.0134678955719427	39.53986545539199	1.0887405993713144	-0.5387963008809304	1.0887405993713144	0.8819416713195178	1.0887405993713144	-0.018176529833539894	1.1484863543045762	NaN	NaN	800000009	800000009	800000009	800000009	800001009	800001109	899999999	899999999	89999	89999	89	89	20	5	1	29	56	0	4	NaN	0	0	0	0	0	0	0	0	0	NaN	NaN	NaN	NaN	0	0	0	0	0	0	0	0	17802	0	0	0	18000	18000	18000	18000	93	NaN	0.9764397184339612	1.8337168122066165	0.2878705372242536	0.1359729002692702	1.0803982363598408	0.05123256807445291	1.6583042582653927e-8	NaN	0.0206048236767933	-0.013128838148577805	0.02149025418383299	-0.000018176529833539893	NaN	422.05977076478473	5.05540379977728	95827.02717621528	11.453594335979886	-3.2210887375606383	96.43013080702886	96.08941385385725	96.77085021315682	-0.6814453806595667	0.0002717374660844345	-1	0	2.1298170112106534	77.3078878794776	1.000053735829062	-273.1499938964844	9.000329862038294	-273.1499938964844	231
DATA	2025-04-13T083000_AIU-0547.ghg	2025-04-13	09:00:00	103.374	1	18000	18000	0.08221644973364062	1	NaN	33.371970239708965	1	NaN	45.89237365413299	1	NaN	-0.45887027492393806	1	NaN	1.0250508859648566	1	NaN	-0.0034143021069161076	1	NaN	NaN	NaN	NaN	NaN	NaN	NaN	NaN	NaN	NaN	2.524590822642184e-10	3.0444928215028364e-12	1.3906335486851093e-12	NaN	17.17527221885448	421.4676013523802	423.62070695720337	0.1	1	207.12264541520418	5.082625965780933	5.108591023163821	0.1	1	0.0946074490215462	2.1449170032106473	2.1558745069586807	-0.1	0	NaN	NaN	NaN	NaN	9	278.75562372885804	279.7436964145237	95450.10934635416	1.186419373638233	1007.9981871962341	0.024366541933974084	0.0664232974105227	0.003758798508250443	485.2673371198362	971.4734155475576	0.0031681870608061976	49.95168466306636	486.20607842772137	270.019077127101	2.0324286444327218	-0.08914216135620204	0.209553609944162	2.0451467514783603	-9.325060467800534e-14	1.4698985788829398e-14	2.0451467514783603	7.680802090001444	334.51137885893627	357.48862114106385	5.88106766669592	NaN	0.26324506883819554	1.9245056977310564	-46.077430556727364	-0.0629375372055462	0.7271789969116915	0.10600433405194794	0	42.75208043208932	-6.487793144151473	14.675405756992737	36.54383534028836	55.7316546714012	78.16443810657351	117.10457170913885	0.08150666819584247	1.0087082634281246	35.41422888943676	1.0133009612552992	42.01034775019434	1.0924064215564768	-0.4200545381911367	1.0924064215564768	0.9383420545114968	1.0924064215564768	-0.016730492870070012	1.1503954872784616	NaN	NaN	800000009	800000009	800000009	800000009	800000009	800011109	899999999	899999999	89999	89999	89	89	2	7	5	56	41	4	0	NaN	0	0	0	0	0	0	0	0	0	NaN	NaN	NaN	NaN	0	0	0	0	0	0	0	0	17604	0	0	0	18000	18000	18000	18000	93	NaN	1.5198741849737323	2.0213756231369695	0.30776158735141124	0.08383958728999924	0.20925876561180773	0.034290734566147486	5.2010588223547456e-8	NaN	0.02961282287326824	-0.010287578458467722	0.02298098610774754	-0.00001673049287007001	NaN	421.4673614434133	5.082591507420136	95850.45662282986	11.449999809265137	-3.1422153616779482	96.36629584884642	96.03009776306152	96.70249757088555	-0.6724029748655034	0.00027289586610923923	-1	0	2.140273082713285	77.34314020114473	1.0000542160305712	-273.1499938964844	9.000307961569892	-273.1499938964844	157
DATA	2025-04-13T090000_AIU-0547.ghg	2025-04-13	09:30:00	103.395	1	18000	18000	0.10810688854571755	2	NaN	45.83024546348919	1	NaN	63.27836197031761	1	NaN	-0.5559673998243181	1	NaN	1.4153624477828344	1	NaN	0.004401598758040348	1	NaN	NaN	NaN	NaN	NaN	NaN	NaN	NaN	NaN	NaN	-2.0567332891350493e-10	-2.515377462691434e-12	-1.1361202375100614e-12	NaN	17.040237719927678	420.2734850140251	422.44482170091	0.1	1	208.4014983665493	5.139929702871895	5.166485072957835	0.7	0	0.09412867982378897	2.148444080263646	2.1595439845344124	-0.2	0	NaN	NaN	NaN	NaN	9	279.6398243136935	281.20916285705573	95492.4220501302	1.1807341421303104	1008.0555717555166	0.024483335219691114	0.09171548661632767	0.0037830440175578325	490.95599492710545	1073.9539337580286	0.003203976138720245	45.714809499242655	582.9979388309232	270.1754987673324	2.140582433613258	-0.06088746724396797	0.19431970242681454	2.150246633647453	3.017244454733082e-13	-1.2069862656492203e-14	2.150246633647453	8.465459799146823	333.62930165561033	358.37069834438984	5.184944484042938	NaN	0.30258724921122876	3.3098446515842848	-50.97318582400547	-0.05689265744567735	0.7242640933876746	0.12725210177755206	0	45.35379256821059	-6.882612998277536	15.568489342038891	38.767739743169344	59.12324920573105	82.92119766493013	124.23106432263668	0.10719067808365888	1.008547482658367	48.66049829569423	1.0133254893524195	57.871801567289666	1.0934230533110594	-0.5084650430048645	1.0934230533110594	1.2944326018158216	1.0934230533110594	-0.014489050232263918	1.1510001500482938	NaN	NaN	800000009	800000009	800000009	800000009	800000009	800000109	899999999	899999999	89999	89999	89	89	3	1	2	43	16	8	2	NaN	0	0	0	0	0	0	0	0	0	NaN	NaN	NaN	NaN	0	0	0	0	0	0	0	0	15547	0	0	0	18000	18000	18000	18000	93	NaN	2.9485231320801106	3.3203704553124433	0.35079571577601537	0.10629295869062884	0.2582343415550901	0.03212608056937313	3.829596305269717e-8	NaN	0.040882736335345324	-0.01251325459678556	0.03185580784310861	-0.000014489050232263918	NaN	420.27356414905137	5.139883990060664	95891.6035264757	11.430525847699908	-2.9852686547007803	96.24085866949295	95.90244442070855	96.57927183214824	-0.676831977226667	0.0002744446322515917	-1	0	2.1437434201240544	77.50647135077583	1.000075362233652	-273.1499938964844	9.00040538573265	-273.1499938964844	023
DATA	2025-04-13T093000_AIU-0547.ghg	2025-04-13	10:00:00	103.416	1	18000	18000	0.1686199427187168	1	NaN	65.29546437236915	1	NaN	80.67799114577663	1	NaN	-0.6105230860842593	1	NaN	1.8053481366859503	1	NaN	0.004963342729744385	1	NaN	NaN	NaN	NaN	NaN	NaN	NaN	NaN	NaN	NaN	-5.707359993873224e-11	-7.149666567378887e-13	-3.1621734994929997e-13	NaN	16.970466022594902	419.72673323532985	421.9453041283937	0.1	1	212.59071389370163	5.257958487407888	5.285750745401997	0.6	0	0.09402518500375498	2.1507944565990704	2.162163020001245	-0.1	0	NaN	NaN	NaN	NaN	9	280.3689351111518	281.6753526865641	95484.80366276042	1.1786332048719206	1008.1284305847885	0.02452588047944458	0.11698655925724957	0.0038632013087524166	502.18980481204824	1108.4951172954884	0.003277695972575473	45.303745318905264	606.3053124834402	270.4797302930294	2.3603461213753287	-0.3033777791100648	0.2548445061439782	2.3933695100967673	1.5028716629197605e-14	-3.3631132971094028e-15	2.3933695100967673	9.031044461934828	339.32413107757327	352.6758689224268	6.112406778510399	NaN	0.3782379775641372	3.0774074476365536	-69.8781988626593	-0.04150078346609572	0.8093342861547845	0.145285859680499	0	47.039586381086764	-7.138438713215652	16.147167805789543	40.208730939218455	61.32085170078718	86.00336641122814	128.84871474927192	0.16723820274084503	1.008262107312962	68.8228389625977	1.01345335916774	73.6167978259663	1.0959182350813919	-0.5570881718551903	1.0959182350813919	1.6473383496095129	1.0959182350813919	-0.021241111550797602	1.1525598238603258	NaN	NaN	800000009	800000009	800000009	800000009	800000009	800100109	899999999	899999999	89999	89999	89	89	4	4	7	20	2	9	0	NaN	0	0	0	0	0	0	0	0	0	NaN	NaN	NaN	NaN	0	0	0	0	0	0	0	0	13480	0	0	0	18000	18000	18000	18000	93	NaN	1.9931819900857979	3.661300551270053	0.5003323539172563	0.10469950005331631	0.10869075339704606	0.04013404523312101	2.152947392359659e-8	NaN	0.057921266402231504	-0.013735317018303484	0.040616038199025185	-0.000021241111550797603	NaN	419.7267180931913	5.25788168448984	95880.31423524306	11.439216889805262	-2.6829311122629362	96.1787636587355	95.84306579441494	96.51445984225805	-0.6713891653501325	0.00027498605150483654	-1	0	2.1459833143221005	77.6324392183092	1.000093654314677	-273.1499938964844	9.000512446138593	-273.1499938964844	059
DATA	2025-04-13T100000_AIU-0547.ghg	2025-04-13	10:30:00	103.437	1	18000	18000	0.16187604575637676	1	NaN	43.11970357360297	0	NaN	61.799412901352426	0	NaN	0.657297055874609	0	NaN	1.3835052156029644	0	NaN	0.008052283022509267	0	NaN	NaN	NaN	NaN	NaN	NaN	NaN	NaN	NaN	NaN	-2.4300650168788886e-10	-3.1018185216603134e-12	-1.347217909981187e-12	NaN	16.90427694922774	419.0822661942064	421.3361237792968	0	0	215.77200186904852	5.349310106320309	5.378079119305802	0.6	0	0.09371660635867163	2.148362778744441	2.1599168437455	-0.2	0	NaN	NaN	NaN	NaN	9	281.0940765635172	282.1343975050184	95462.94877452256	1.1764054685637662	1008.1867641301646	0.02457147417891978	0.08965113797107209	0.003923027534514016	510.79789604379505	1143.4601183625814	0.003334757988930049	44.671247194458374	632.6622223187863	270.70879429551445	2.488904375866932	0.0050024423889918155	0.257456194371494	2.5021897827023003	-1.9998672108423595e-14	-1.437544488993896e-14	2.5021897827023003	8.84781963932548	331.8848415178275	0.11515848217297514	5.9057495331758725	NaN	0.37094777990243205	2.845469679901757	-99.8001045909695	-0.029058085779425216	0.6977364597691725	0.09800877571555491	0	49.59908055460196	-7.526851828638301	17.025759330444348	42.396548062643426	64.65741085697609	90.6829380692123	135.85956582253476	0.1605647069623033	1.008167042551769	45.906257039522835	1.0135379481052516	56.33087571756168	1.0970788597572942	0.5991338270979191	1.0970788597572942	1.2610809180199096	1.0970788597572942	-0.010105608906274606	1.1533200229271339	NaN	NaN	800000009	800000009	800000009	800000009	800000009	800000109	899999999	899999999	89999	89999	89	89	9	9	5	14	14	12	0	NaN	0	0	0	0	0	0	0	0	0	NaN	NaN	NaN	NaN	0	0	0	0	0	0	0	0	15312	0	0	0	18000	18000	18000	18000	93	NaN	2.0159912435644722	3.253418060727209	0.4215300555118329	0.12342446523925157	0.16635381977894204	0.03187590280407194	4.2981225282651396e-8	NaN	0.03870560478801135	0.01480079665096157	0.031153310635839156	-0.000010105608906274607	NaN	419.08231411997474	5.349253614041306	95856.12190668403	11.460000038146973	-2.452527058141109	96.1274030702379	95.79241477419535	96.46239797316659	-0.6699809936285017	0.0002754054729496904	-1	0	2.1434790756106374	77.6401732313368	1.0001028244892756	-273.1499938964844	9.000577737755245	-273.1499938964844	115
DATA	2025-04-13T103000_AIU-0547.ghg	2025-04-13	11:00:00	103.458	1	18000	18000	0.1532875198546863	1	NaN	50.94148004721634	1	NaN	83.64270497770248	1	NaN	0.2576884642773109	1	NaN	1.873542428790233	1	NaN	0.0021030527442070473	1	NaN	NaN	NaN	NaN	NaN	NaN	NaN	NaN	NaN	NaN	-4.8483336461723975e-11	-6.23356922342249e-13	-2.6820534735899887e-13	NaN	16.829719261477088	418.44447612352	420.70788376278347	0	0	216.3820142823848	5.37999815696259	5.409099100152237	0.4	0	0.0931004553294803	2.139915226268257	2.1514902397930666	-0.1	0	NaN	NaN	NaN	NaN	9	281.8869403881497	282.70985895792643	95456.62513823785	1.1739194536228972	1008.2144201864942	0.02462322299759015	0.12140554938560709	0.003937241215702735	513.6942233995034	1188.6630485885244	0.0033539279066820125	43.216134632054775	674.968825189021	270.7850970207034	2.499956179308165	0.23579367269036725	0.24757752926963628	2.5232269393657827	9.822647399575173e-14	-2.880816709325712e-15	2.5232269393657827	9.409694317420772	326.61185246219503	5.388147537804974	5.630887789903065	NaN	0.3613551502831362	2.7559243272409617	-78.0882957500714	-0.03713744770767837	0.6090367362078539	0.11910941879136494	0	48.437119715683494	-7.350519788458817	16.626895775442595	41.40332141401868	63.142677548987436	88.55850306726715	132.67677506687824	0.1520482369258419	1.0081505905882278	54.81341404724788	1.0135560516357147	76.22515738789934	1.0973110170446256	0.23483630463434157	1.0973110170446256	1.7073941660006493	1.0973110170446256	-0.019410174262661346	1.1534702929252854	NaN	NaN	800000009	800000009	800000009	800000009	800000009	800000109	899999999	899999999	89999	89999	89	89	2	4	1	22	7	17	1	NaN	0	0	0	0	0	0	0	0	0	NaN	NaN	NaN	NaN	0	0	0	0	0	0	0	0	10749	0	0	0	18000	18000	18000	18000	93	NaN	2.5907955802452713	2.496619451685055	0.42443362255159656	0.10070379474805942	0.10719478774024974	0.03279815138930203	3.4224408964753534e-8	NaN	0.04631222521980983	0.0058137128512956915	0.04226901551939035	-0.000019410174262661347	NaN	418.44449853571234	5.379962433945155	95843.40951866319	11.472810831599768	-2.3772776543249687	96.02785538546246	95.68955354521009	96.36615434477065	-0.676602825244268	0.00027646613688557406	-1	0	2.1350317263868113	77.71445495478311	1.0000789569679787	-315.9071206919218	9.000649028645622	-273.1499938964844	201
DATA	2025-04-13T110000_AIU-0547.ghg	2025-04-13	11:30:00	103.479	1	18000	18000	0.08883938951293253	1	NaN	49.22705860407172	1	NaN	73.10758121803859	1	NaN	-0.8054813837990994	1	NaN	1.6382724599124838	1	NaN	-0.0016087173877365843	1	NaN	NaN	NaN	NaN	NaN	NaN	NaN	NaN	NaN	NaN	3.6107919607068814e-11	4.664882855001659e-13	1.9940584858369976e-13	NaN	16.798591694547046	418.15174791113907	420.42296487038993	0.1	1	217.02569197236343	5.402219072288441	5.431561557727907	0.5	0	0.09277015868857949	2.136739441720039	2.148345273530567	-0.2	0	NaN	NaN	NaN	NaN	9	282.38609620581724	283.16288398742677	95478.90009895833	1.1723049574774898	1008.2352861567326	0.02465692645214239	0.10616005540232895	0.003948099108764856	515.9362924516402	1225.3485227607189	0.003367808933658515	42.10526906167333	709.4122303090787	270.84390199397365	1.6299169274771232	-0.08917071553001582	0.16028323271701567	1.640204658472468	2.0793544779125532e-13	2.1494611133854587e-15	1.640204658472468	7.086816854472646	335.1314586894071	356.8685413105929	5.60797840406833	NaN	0.2752849582935226	2.178419764755179	-35.73353633160648	-0.0811562553755682	0.6733509409544713	0.1512930264164927	0	40.49679856429634	-6.145545419780755	13.901240472596236	34.616054320286736	52.79166698022515	74.04106356698816	110.92700527162228	0.08799241726114526	1.0096255140857606	52.60098296209377	1.0134432898788208	67.13738573691798	1.0889250514536744	-0.7397032355200313	1.0889250514536744	1.5044859678133506	1.0889250514536744	-0.021689109987678677	1.148567810790428	NaN	NaN	800000009	800000009	800000009	800000009	800000009	800000109	899999999	899999999	89999	89999	89	89	3	2	4	16	0	18	0	NaN	0	0	0	0	0	0	0	0	0	NaN	NaN	NaN	NaN	0	0	0	0	0	0	0	0	13474	0	0	0	18000	18000	18000	18000	93	NaN	1.5005181977814859	2.4709314642435722	0.38538986748530024	0.14730472608703638	0.1548007935873641	0.03513571971470822	5.202693334630848e-8	NaN	0.044503212870809036	-0.018337900202079142	0.03729754340440838	-0.000021689109987678675	NaN	418.1517053207057	5.402148939669543	95875.18628819444	11.479999542236328	-2.3175973956833142	95.97227065573799	95.63487474717036	96.30966586685182	-0.6747897823237713	0.00027660381422416926	-1	0	2.1318451155556573	77.73083956591287	1.0000936316864357	-331.4111213429693	9.000680422968335	-273.1499938964844	032
DATA	2025-04-13T113000_AIU-0547.ghg	2025-04-13	12:00:00	103.499	1	18000	18000	0.09145848588765036	2	NaN	31.14594689267517	1	NaN	71.0821411947846	1	NaN	0.8274113307330625	1	NaN	1.5933670443488925	1	NaN	0.011145170434739445	2	NaN	NaN	NaN	NaN	NaN	NaN	NaN	NaN	NaN	NaN	-1.9197766361400236e-10	-2.469400170097307e-12	-1.0579213830041086e-12	NaN	16.74812583262442	417.72839797503775	419.98507093523557	0.1	0	215.4303995648654	5.373221850892429	5.402249335063562	0.4	0	0.09229303091843934	2.1288249470180256	2.1403253901725203	-0.1	0	NaN	NaN	NaN	NaN	9	283.08645242648646	283.4794935336643	95470.76784179689	1.1709087732443586	1008.2256910241515	0.024686598448065086	0.10325018447380824	0.003922187158177072	513.1232188500845	1251.5756699492615	0.0033496949103126628	40.998177830581064	738.452451099177	270.7700843547278	3.0879404685727874	0.5393120145447944	0.2977895412450578	3.148795388296415	-1.1316966881446546e-14	-1.1462635612639146e-14	3.148795388296415	10.810045150948792	322.09315545352774	9.906844546472295	5.426716721132689	NaN	0.27947983206235727	3.329315668392637	-59.09579059339705	-0.04907286916513519	0.43816838335422	0.0943996198528499	0	35.5327035608414	-5.392224851405374	12.197227295794649	30.372820573850316	46.32046778494757	64.96511468377398	97.32957999014441	0.09074181792904851	1.007897879665164	34.55006542305162	1.0142951800840472	64.35770146978146	1.104485392912308	0.7491374137156704	1.104485392912308	1.4426329714940829	1.104485392912308	-0.003890397711724176	1.158436802598931	NaN	NaN	800000009	800000009	800000009	800000009	800000009	800000109	899999999	899999999	89999	89999	89	89	0	1	2	21	5	22	0	NaN	0	0	0	0	0	0	0	0	0	NaN	NaN	NaN	NaN	0	0	0	0	0	0	0	0	14109	0	0	0	18000	18000	18000	18000	93	NaN	2.918272829649164	3.1895287761039075	0.5508297310322028	0.18671925560900335	0.09775551561127971	0.033891305334313365	2.0457352675835825e-7	NaN	0.029266315785487173	0.01859358879152515	0.035806146853636846	-0.000003890397711724176	NaN	417.7283510574468	5.3731487599657095	95856.85064930556	11.441050690491995	-2.392364458731272	95.91953392367891	95.58237777964274	96.25669093873765	-0.6743144334240095	0.00027749846020014957	-1	0	2.1239693140122617	77.82170841958789	1.0001216802398363	-273.1499938964844	9.000751466380226	-273.1499938964844	195
DATA	2025-04-13T120000_AIU-0547.ghg	2025-04-13	12:30:00	103.52	1	18000	18000	0.04780438220231757	2	NaN	19.28337004335497	2	NaN	87.97055502242867	2	NaN	0.8822532789933141	2	NaN	1.9730708377415773	2	NaN	-0.005803595036655501	2	NaN	NaN	NaN	NaN	NaN	NaN	NaN	NaN	NaN	NaN	3.3056211595739544e-10	4.164519358993901e-12	1.811965196050523e-12	NaN	16.67959421326997	417.1751901144716	419.37932054091794	0.3	0	210.13446383637654	5.255696498347665	5.283464785721123	0.2	0	0.09142863849100652	2.114637763823789	2.1258103779835085	-0.1	0	NaN	NaN	NaN	NaN	9	283.86820765346954	284.0806691708035	95443.65358897569	1.1681510537219262	1008.1736656782051	0.024745979378128793	0.1278549902856542	0.0038271935442828896	501.7574309834478	1302.738968303376	0.0032762830903493223	38.515577041263484	800.9815373199281	270.46813307449406	2.622510271709885	0.7721018060447585	0.3197801750457528	2.7524463090990055	-3.617391617970903e-14	1.981835479513084e-14	2.7524463090990055	9.756091230721196	315.5948719047044	16.405128095295574	6.671710493157945	NaN	0.20229462910157897	2.4711101206741986	-36.18975445544009	-0.08013317701756521	0.21920255065389266	0.0809401917088654	0	30.862304560482674	-4.683473784586275	10.594030452866928	26.380633753523085	40.23213099209574	56.42613576375555	84.53663356227227	0.04742451924483471	1.0080098430839493	23.77915374345855	1.013784929327145	79.98326320017725	1.0998620399152923	0.8021490395843303	1.0998620399152923	1.7939257526276082	1.0998620399152923	-0.01689435460308401	1.1551901339867041	NaN	NaN	800000009	800000009	800000009	800000009	800000009	800000109	899999999	899999999	89999	89999	89	89	2	1	1	8	28	13	0	NaN	0	0	0	0	0	0	0	0	0	NaN	NaN	NaN	NaN	0	0	0	0	0	0	0	0	15110	0	0	0	18000	18000	18000	18000	93	NaN	2.836553748230728	1.6951932233256706	0.4104732697919991	0.10190666005518183	0.09134262083667526	0.06702621879768351	4.5854505360137565e-8	NaN	0.020191195815474922	0.019954868456082495	0.04462705887201813	-0.00001689435460308401	NaN	417.17545836005075	5.255493649417467	95836.7507795139	11.452288457552593	-2.7006761677173716	95.84271938874987	95.50306449762981	96.18237284448412	-0.6793190989069365	0.00027824144808174525	-1	0	2.1099373529950776	77.94871992047628	1.0001433983908758	-273.1499938964844	9.000821852737003	-273.1499938964844	232
DATA	2025-04-13T123000_AIU-0547.ghg	2025-04-13	13:00:00	103.541	1	18000	18000	0.05817506978327239	2	NaN	40.35166350593508	1	NaN	79.39103675944459	1	NaN	0.08444221763756284	2	NaN	1.7822773775154843	1	NaN	0.00658458656407315	1	NaN	NaN	NaN	NaN	NaN	NaN	NaN	NaN	NaN	NaN	1.7327669605544532e-10	2.1435674516907342e-12	9.496713119080873e-13	NaN	16.609434586082948	417.10408092896165	419.26745983992515	0.1	1	205.47161955535745	5.159901776754836	5.1866644558962465	0.3	0	0.09103072653445404	2.1146491030060384	2.125617078345293	-0.2	0	NaN	NaN	NaN	NaN	9	284.6596266682942	285.0381049940322	95416.05978993056	1.1639329162999956	1008.1410686378614	0.02483656116316044	0.11549157406300338	0.0037437321132915086	492.46956076260784	1388.0267605624626	0.0032164500727347653	35.47983185591084	895.5571997998547	270.21684657041374	1.149046886988536	0.11225830149312432	0.1469419547249453	1.1638310069809723	-6.908846767660362e-15	1.0432425929816656e-14	1.1638310069809723	6.793560987760827	326.42008868641653	5.579911313583439	7.253358843699817	NaN	0.22356534351713167	1.9967857179449795	-23.338856460001423	-0.12425630214445489	0.5082647255029672	0.1538181928674962	0	36.18010715934656	-5.490470845177602	12.419460001210997	30.92621143257271	47.16442376136434	66.14877494062891	99.102918746052	0.05749857342076512	1.0117654460321437	44.17811920140823	1.0144100132204559	73.085367747879	1.0862781320786141	0.07773535629957037	1.0862781320786141	1.640719190494116	1.0862781320786141	-0.011462823190206814	1.1479863286738847	NaN	NaN	800000009	800000009	800000009	800000009	800000009	800100109	899999999	899999999	89999	89999	89	89	3	0	3	14	3	7	0	NaN	0	0	0	0	0	0	0	0	0	NaN	NaN	NaN	NaN	0	0	0	0	0	0	0	0	11544	0	0	0	18000	18000	18000	18000	93	NaN	1.9183316383651081	1.7383239818517477	0.33691581567310325	0.15274417033749751	0.06058011603658849	0.05204287125467986	7.570710109589971e-8	NaN	0.03764939184694784	0.0019406954150900458	0.0409612351704083	-0.000011462823190206814	NaN	417.1040957980874	5.159794277592939	95816.1787469618	11.479999542236328	-2.9482646623869506	95.73433711179098	95.39494902038572	96.07372489971584	-0.6787769259926346	0.0002793764713763571	-1	0	2.1100432459976934	78.06272606510588	1.0001372568938467	-273.1499938964844	9.000854392899408	-273.1499938964844	022
DATA	2025-04-13T130000_AIU-0547.ghg	2025-04-13	13:30:00	103.562	1	18000	18000	0.024198608566306245	2	NaN	19.850153587671635	2	NaN	80.40948240367106	2	NaN	0.8955175875142655	2	NaN	1.8059970588171648	2	NaN	0.0007445445706653845	2	NaN	NaN	NaN	NaN	NaN	NaN	NaN	NaN	NaN	NaN	-9.519009277566898e-11	-1.2116597034087246e-12	-5.239449202213899e-13	NaN	16.566222051454293	417.21562059464145	419.4431455400137	0.1	1	210.868832166942	5.310671944595523	5.339025758904811	0.2	0	0.09118373181518365	2.123212442584676	2.134548328507263	-0.1	0	NaN	NaN	NaN	NaN	9	285.19620327250163	285.53260858323836	95373.06769357639	1.1613272708793945	1008.2333472462161	0.024890864529892153	0.11702860941135228	0.0038447161996468773	506.63093681242856	1433.9707921385602	0.003310622505863945	35.33063152959076	927.3398553261317	270.59834131172073	2.0307322303892903	0.5948712152570118	0.2547194522432092	2.131343978252761	9.733110843559406e-14	-5.7460350633965194e-15	2.131343978252761	8.979444575571156	315.6728799162395	16.32712008376055	6.863892736322922	NaN	0.14435036455338066	2.0594173783201675	-12.767108510217165	-0.22714618565975295	0.24686334241053867	0.11744385665758794	1	36.73324189864544	16	29	50	76	125	300	0.023992881284757614	1.0085745133778212	23.99524418978073	1.0133195589284032	73.55193646295652	1.09323406385321	0.8191453387007778	1.09323406385321	1.6519765698223416	1.09323406385321	-0.01060345966887545	1.150888241080049	NaN	NaN	800000009	800000009	800000009	800000009	800000009	800000109	899999999	899999999	89999	89999	89	89	26	3	0	10	6	34	0	NaN	0	0	0	0	0	0	0	0	0	NaN	NaN	NaN	NaN	0	0	0	0	0	0	0	0	9879	0	0	0	18000	18000	18000	18000	93	NaN	2.228988312711473	1.6217221756783058	0.26812426825055646	0.14654850723338528	0.0813592579104384	0.08404006065179913	4.172381057255114e-8	NaN	0.02049318647356783	0.020498123666389118	0.04133872027631121	-0.000010603459668875451	NaN	417.21560882919323	5.310533262144278	95761.39821050347	11.479999542236328	-2.574521776687279	95.65669355816311	95.31623848194548	95.99715091472203	-0.6809134481334023	0.0002796760613661414	-1	0	2.1184594738086067	77.76160872988444	1.0001684168610308	-273.1499938964844	9.00102944220437	-273.1499938964844	050
DATA	2025-04-13T133000_AIU-0547.ghg	2025-04-13	14:00:00	103.583	1	18000	18000	0.16872143483703825	0	NaN	34.708041465926684	0	NaN	68.46060410773555	0	NaN	0.4230129211544742	1	NaN	1.5388727053675468	0	NaN	-0.009539335548539333	0	NaN	NaN	NaN	NaN	NaN	NaN	NaN	NaN	NaN	NaN	-1.7749836887844539e-10	-2.1723237034849288e-12	-9.779915151512407e-13	NaN	16.51472198959136	417.25161153599663	419.393267226598	0.2	0	202.1163476663905	5.106557157590876	5.132767930404134	0.3	0	0.09099383888965588	2.126867298200347	2.137784014460775	-0.1	0	NaN	NaN	NaN	NaN	9	285.75390602111815	286.3777180311414	95347.93698914931	1.1576845780078675	1008.1403322549216	0.024971115504909807	0.09971895130781704	0.003685064110906646	487.03029578107487	1515.5907441519612	0.0031831331097524583	32.13468396137438	1028.5604483708862	270.0677265801289	1.1517195943103795	-0.22385875890663567	0.17629505298141596	1.1864445682641016	-7.996070200385455e-14	-1.0747887187584281e-14	1.1864445682641016	6.894689316770939	342.99938392094634	349.00061607905366	8.545285101749759	NaN	0.38175963439626615	1.828413363580676	-135.03752709620275	-0.021475511751144528	0.5069783113702458	0.0778984585410478	0	64.05299458009462	-9.72028904556401	21.98732028740727	54.75153637740681	83.49954758991149	117.1093027472538	175.4510756243728	0.16678328454504396	1.0116207706142808	38.02968639043527	1.0143329040128422	63.018947275770536	1.086349535611129	0.38938933307179724	1.086349535611129	1.4165539312371036	1.086349535611129	-0.024098915853265727	1.1479565167066412	NaN	NaN	800000009	800000009	800000009	800000009	800000009	800000109	899999999	899999999	89999	89999	89	89	6	5	0	14	7	8	1	NaN	0	0	0	0	0	0	0	0	0	NaN	NaN	NaN	NaN	0	0	0	0	0	0	0	0	11344	0	0	0	18000	18000	18000	18000	93	NaN	1.5635538550639008	1.8577036902114858	0.23556918188596568	0.1723137579773539	0.1387295366183247	0.0484049253000328	5.341777963471762e-7	NaN	0.03258453339837861	0.009773407865824578	0.035554541837859534	-0.00002409891585326573	NaN	417.25116815402237	5.106381831264778	95744.99247873263	11.479999542236328	-3.0972679518749033	95.5662726832496	95.22585231463114	95.90669480599297	-0.6808436462448703	0.00028091433739690626	-1	0	2.1222845314211325	78.1489100208702	1.0001719038304355	-273.1499938964844	9.001085617648231	-273.1499938964844	173
DATA	2025-04-13T140000_AIU-0547.ghg	2025-04-13	14:30:00	103.604	1	18000	18000	0.11792218966300688	1	NaN	32.18205229291142	0	NaN	81.06675868878825	0	NaN	-1.9318834340506008	0	NaN	1.8235246111579	0	NaN	-0.0019339507491111139	0	NaN	NaN	NaN	NaN	NaN	NaN	NaN	NaN	NaN	NaN	2.0411197363943553e-11	2.5035757499513296e-13	1.1128331204580074e-13	NaN	16.478220265397624	417.64175678246517	419.7922127087505	0.1	1	202.1168671451005	5.122667503547357	5.149044345691355	0.2	0	0.08984043880703481	2.1070588838182323	2.1179082234499953	-0.2	0	NaN	NaN	NaN	NaN	9	286.47377053917785	287.1134577331544	95318.37045247396	1.1543528516663368	1008.1650836465825	0.025043035002194482	0.11816439480303191	0.003686073592416753	488.41529590758273	1589.9440137020097	0.0031931948598695925	30.719024802034475	1101.528717794427	270.10583667537406	1.479198835012011	-0.02334292846051612	0.2354621142309807	1.4980041699034934	-6.5068780512459964e-15	1.2386772985918104e-15	1.4980041699034934	7.494511526962674	332.9040977073918	359.0959022926084	9.043476416149677	NaN	0.31961597451270685	1.9219500208361837	-85.44725261190447	-0.03393906663297414	0.3969821023245411	0.08651970430228575	0	54.920712086961856	-8.334429944659766	18.852503227753484	46.94539865645633	71.59469502776719	100.41257775769205	150.4363390483611	0.11674265092133235	1.0101037515626519	36.25778110254852	1.0136134938046253	74.51489934017633	1.0879268361982384	-1.775747568468455	1.0879268361982384	1.6761463643366026	1.0879268361982384	-0.01688065535648681	1.1481712808885614	NaN	NaN	800000009	800000009	800000009	800000009	800000009	800100109	899999999	899999999	89999	89999	89	89	5	0	5	21	2	40	2	NaN	0	0	0	0	0	0	0	0	0	NaN	NaN	NaN	NaN	0	0	0	0	0	0	0	0	10172	0	0	0	18000	18000	18000	18000	93	NaN	1.4566682479937019	2.144680489750779	0.24255130392788635	0.2312689663897458	0.11414727648986443	0.055305433387933714	5.7704504389403625e-8	NaN	0.03115523205320453	-0.04469914881042448	0.042191985560285854	-0.00001688065535648681	NaN	417.6415502969023	5.122497029961021	95708.77324001736	11.460526691754659	-3.0615143838703034	95.47567087109884	95.13539476182727	95.81594747331408	-0.6805564410636821	0.0002821686591228678	-1	0	2.1025210774872036	77.69104337035283	1.0001596107151773	-273.1499938964844	9.001045288695229	-273.1499938964844	020
DATA	2025-04-13T143000_AIU-0547.ghg	2025-04-13	15:00:00	103.624	1	18000	18000	0.20525728899458878	1	NaN	18.649780268863076	0	NaN	81.14931903944453	0	NaN	-0.026424507298637264	2	NaN	1.8270796390602781	0	NaN	0.004572736867702857	0	NaN	NaN	NaN	NaN	NaN	NaN	NaN	NaN	NaN	NaN	1.0110787804397493e-10	1.2146470217179733e-12	5.495136646880756e-13	NaN	16.40866107167424	417.1923032163259	419.2937566796516	0.1	1	197.12342585629452	5.011888276054755	5.037133828032389	0.2	0	0.08917983101374752	2.1008129094239663	2.111394985196393	-0.2	0	NaN	NaN	NaN	NaN	9	287.35737517717155	288.0808091532389	95285.2830327691	1.1501255401127926	1008.1264746742486	0.025136136148919654	0.11839476061110601	0.0035930036242192783	477.6872931106138	1692.5697398966665	0.0031240099440509018	28.22260624485566	1214.8824467860527	269.8081000764228	1.5716201318716216	0.5968577870101622	0.27645269715553544	1.703718037288876	1.327516676613229e-13	6.161860349380628e-15	1.703718037288876	8.645473379149621	311.20461009249215	20.79538990750786	9.338351607094966	NaN	0.4224513190001181	2.2817193519890426	-340.38987769538295	-0.0085196422985152	0.22982053934177699	0.038074725522723354	0	61.96548273263783	-9.403501069040193	21.2707450219621	52.967162647442024	80.77826506449792	113.29266531234664	169.73305726448282	0.20333719097099595	1.0094429258829818	22.90489629195001	1.0133908159764549	74.48901601276762	1.089413223360815	-0.024255724762655497	1.089413223360815	1.6771226930987484	1.089413223360815	-0.006603525943339771	1.148792167253578	NaN	NaN	800000009	800000009	800000009	800000009	800000009	800010119	899999999	899999999	89999	89999	89	89	4	5	2	29	35	26	2	NaN	0	0	0	0	0	0	0	0	0	NaN	NaN	NaN	NaN	0	0	0	0	0	0	0	0	15710	0	0	0	18000	18000	18000	18000	93	NaN	2.373582346534302	1.876480305153915	0.3133760522898681	0.19425763741812613	0.12516816969639874	0.09865345705964357	1.1331739553733075e-7	NaN	0.019754591891597013	-0.0006127671442867877	0.042368788948781606	-0.0000066035259433397705	NaN	417.19244701572643	5.011587693196058	95674.80623849828	11.463071775118511	-3.3693663793952666	95.419310467826	95.07931925921972	95.75930797131858	-0.6799964730276	0.0002829034160499254	-1	0	2.0963848455217153	76.49510342828366	1.0001614929023717	-273.1499938964844	9.001092678467433	-273.1499938964844	164
DATA	2025-04-13T150000_AIU-0547.ghg	2025-04-13	15:30:00	103.645	1	18000	18000	0.08065366065677237	1	NaN	4.699837866286579	0	NaN	82.32808747835925	0	NaN	0.1916294821021852	0	NaN	1.8546460073147806	0	NaN	-0.0012563316471897658	1	NaN	NaN	NaN	NaN	NaN	NaN	NaN	NaN	NaN	NaN	-1.7545611399137388e-10	-2.0530395801506288e-12	-9.513784201934352e-13	NaN	16.361715676132697	416.9832375923607	419.02775211568417	0.1	0	191.45100799350266	4.87918643335825	4.903109619293978	0.2	0	0.08871838579747973	2.095394186452267	2.105668133844074	0.1	0	NaN	NaN	NaN	NaN	9	287.70860308498806	288.656331008911	95256.91095638022	1.1475483352731735	1008.0675587639679	0.025193854303201545	0.12018106127399777	0.003489856691931477	464.9008989249841	1756.3470462280034	0.0030411413486131876	26.469762904969304	1291.4461473030192	269.44538613036923	1.656467474346024	0.3707736874844392	0.21237996493805958	1.7106907582622897	-7.772178015029869e-15	-1.0723576760798791e-14	1.7106907582622897	5.619995918459461	319.38322186483845	12.61677813516154	7.1315946266998	NaN	0.26511026766049195	1.606429861109696	-333.7499584666908	-0.008689139658093554	0.057086688276610065	0.015324831282389257	0	48.951377197580875	-7.428560345354807	16.803423727629657	41.84290097485014	63.81306411505912	89.49872975818717	134.0854059816117	0.07990068119807298	1.0094239429177427	9.189481893111282	1.0133858266948428	75.56722132897245	1.0894682380863816	0.17589267442874393	1.0894682380863816	1.7023405937674794	1.0894682380863816	-0.007771342991524709	1.1488186830186724	NaN	NaN	800000009	800000009	800000009	800000009	800000109	800000109	899999999	899999999	89999	89999	89	89	3	0	8	11	35	46	3	NaN	0	0	0	0	0	0	0	0	0	NaN	NaN	NaN	NaN	0	0	0	0	0	0	0	0	13609	0	0	0	18000	18000	18000	18000	93	NaN	1.4378321762308408	1.5525286464612702	0.22249889952728152	0.19721381522007075	0.06817022545033596	0.08831996719422144	3.7016068954613736e-8	NaN	0.00794383839284217	0.004453147980004047	0.04309886469709457	-0.00000777134299152471	NaN	416.983727798534	4.878900823904175	95646.34188671874	11.470000267028809	-3.7297687151820997	95.38507493146261	95.04609947861566	95.7240510058933	-0.6779522259914215	0.0002832198421626042	-1	0	2.091108764006032	76.42223843744065	1.0001640980210569	-282.5472755410949	9.001103543016646	-273.1499938964844	068
DATA	2025-04-13T153000_AIU-0547.ghg	2025-04-13	16:00:00	103.666	1	18000	18000	0.09174691595632682	1	NaN	29.806212780432627	1	NaN	57.7548627864896	0	NaN	-0.5386366608738247	1	NaN	1.3028962508576274	0	NaN	0.006376210742905332	0	NaN	NaN	NaN	NaN	NaN	NaN	NaN	NaN	NaN	NaN	-2.2778084430039044e-10	-2.7222817047692877e-12	-1.2364906679414702e-12	NaN	16.30564394973919	417.2327516876844	419.32370179080584	0.1	1	194.87396468826302	4.986482028541606	5.011471641820088	0.2	0	0.08851392504296834	2.104708396137229	2.115256082578771	0.2	0	NaN	NaN	NaN	NaN	9	288.44492662641744	290.11110634019633	95214.79171137154	1.141242651449088	1008.159829338496	0.025332027668809445	0.08442767705557425	0.0035471462793538553	474.91420426595545	1927.0536419688592	0.003108143806972059	24.64457625480204	1452.1394377029037	269.7301733851566	0.5825632594095751	0.2511194062289025	0.1250401817407776	0.6465879324953151	2.919815499633932e-14	-1.396944794100167e-14	0.6465879324953151	5.074092080955599	308.68108457473716	23.318915425262865	11.150374834724538	NaN	0.28353504157359816	1.115380321725024	-64.36100729899316	-0.04505833767529251	0.5160814404601978	0.09136769618509798	0	63.85729052236578	-9.690590199772572	21.92014141736321	54.58425149234889	83.24442758515615	116.75149331311762	174.91501189062114	0.09013688615697509	1.0178620525735473	32.52936239591225	1.0181031255684203	53.10377191276783	1.0875849437091212	-0.49525939467022	1.0875849437091212	1.19797194545026	1.0875849437091212	-0.006889810346308733	1.151879910497287	NaN	NaN	800000009	800000009	800000009	800000009	800000019	800010119	899999999	899999999	89999	89999	89	89	5	3	1	17	20	31	2	NaN	0	0	0	0	0	0	0	0	0	NaN	NaN	NaN	NaN	0	0	0	0	0	0	0	0	14839	0	0	0	18000	18000	18000	18000	93	NaN	1.1093942906790433	0.9904257548493076	0.13094059792169685	0.14318069844305534	0.09002013568973231	0.05194517676434941	2.5416351321514887e-8	NaN	0.02827275748545957	-0.012608815184528445	0.03049918289079673	-0.000006889810346308733	NaN	417.2330756635313	4.986377598100377	95612.45206684028	11.476405358314514	-3.4355898992651093	95.26045170169407	94.91916621483695	95.60173737250436	-0.682570809647441	0.000284318865386821	-1	0	2.100334771580167	77.57188917059264	1.0001535113967128	-273.1499938964844	9.001124794112311	-273.1499938964844	255
DATA	2025-04-13T160000_AIU-0547.ghg	2025-04-13	16:30:00	103.687	1	18000	18000	0.49792241703607343	1	NaN	101.02220159541271	1	NaN	75.74267680422064	1	NaN	-4.258027395786904	1	NaN	1.709565175143939	1	NaN	0.04113000186596365	2	NaN	NaN	NaN	NaN	NaN	NaN	NaN	NaN	NaN	NaN	-1.4495135462540108e-9	-1.701513158982056e-11	-7.891304468082435e-12	NaN	16.260816525935862	417.069943473885	419.1218721093162	0.1	1	190.8777835583211	4.895780373151198	4.919866961258643	0.2	0	0.0885255984239694	2.1100952997298283	2.1204766878800765	0	1	NaN	NaN	NaN	NaN	9	288.98794286261665	290.6456872846817	95200.22662955729	1.1390084595516206	1008.1234668284426	0.025382589197898014	0.11077982334932723	0.0034756881241679123	466.20442191800885	1993.342282605076	0.0030515033448795838	23.388076698434936	1527.1378606870671	269.4827659064262	0.7109269729230875	-0.009973126453573147	0.19527167922222022	0.7373246590119708	-1.75815945478599e-14	-8.914149814937332e-14	0.7373246590119708	4.8266567147718415	332.8037120500074	359.1962879499929	15.35733430427759	NaN	0.6611764323694076	1.7179202717714313	-240.7667415953245	-0.01204485295927731	1.3337553656379808	0.1330634533309468	0	100.35217730002132	-15.228830066456101	34.4476550752858	85.77953180820636	130.81919837075614	183.47578578982544	274.8801607787453	0.489990403776727	1.0161880991917565	103.70255466839858	1.0170432013947965	69.69631996524582	1.086752885116314	-3.918119246889482	1.086752885116314	1.5730946736441984	1.086752885116314	0.002143475150449179	1.1505326962870766	NaN	NaN	800000009	800000009	800000009	800000009	800000109	800000119	899999999	899999999	89999	89999	89	89	3	3	2	26	14	53	2	NaN	0	0	0	0	0	0	0	0	0	NaN	NaN	NaN	NaN	0	0	0	0	0	0	0	0	12911	0	0	0	18000	18000	18000	18000	93	NaN	2.0736928873464815	1.1321598618568856	0.2299877943394956	0.14850628950481684	0.21773804020198223	0.05112311054514462	5.455498903223437e-8	NaN	0.09031269066022438	-0.09994143382959518	0.040125715254458384	0.0000021434751504491788	NaN	417.0701457367545	4.895547753679092	95583.44261436631	11.479999542236328	-3.68607750397027	95.19193890296089	94.85023795806039	95.53364089881048	-0.6833977833456456	0.00028528984462092115	-1	0	2.1058068658378377	77.68376714028253	1.0001616171383196	-273.1499938964844	9.001195292896695	-273.1499938964844	234
DATA	2025-04-13T163000_AIU-0547.ghg	2025-04-13	17:00:00	103.708	1	18000	18000	0.29744270051798444	0	NaN	22.59023945383491	0	NaN	69.92104529077262	0	NaN	0.897462961692438	0	NaN	1.5796577547738218	0	NaN	0.006110907063415394	1	NaN	NaN	NaN	NaN	NaN	NaN	NaN	NaN	NaN	NaN	2.7002388549128904e-10	3.1922393016815796e-12	1.4684565093970072e-12	NaN	16.203306116912344	416.45496008418195	418.51546095996343	0.2	0	191.55650067576622	4.923356645069261	4.947716015592545	0.2	0	0.08811757633159406	2.1098551927840172	2.120294157111936	-0.3	0	NaN	NaN	NaN	NaN	9	289.4906008682251	291.6247930552164	95187.8268828125	1.135024620023108	1008.162407108452	0.02547141382317721	0.10236182250934364	0.0034830767102341444	468.76932870326533	2119.9493582031855	0.0030687234873929274	22.112288998289195	1651.1800294999202	269.5560470587392	-0.9743526100635527	-0.5046840841059811	0.1326054265930298	1.1052842316116473	3.0341478670414954e-14	1.666474011803364e-14	1.1052842316116473	5.989858509908746	124.61726061949685	207.38273938050318	6.890604982391599	NaN	0.5119163689913724	1.36068135822388	-499.69993463994876	-0.005803482848340877	0.3230821186938993	0.03856435184140687	0	83.14453611423696	-12.617504129008745	28.540828694678154	71.07069893428447	108.38730016643646	152.0147296065384	227.7457656611382	0.2938667202852242	1.0121687145427336	26.206497099669164	1.0146301674187286	64.376642308732	1.0861244510928552	0.8262984603554533	1.0861244510928552	1.4543984836952846	1.0861244510928552	-0.005716688571137534	1.1480988983365235	NaN	NaN	800000009	800000009	800000009	800000009	800000009	800000109	899999999	899999999	89999	89999	89	89	1	4	2	8	9	21	0	NaN	0	0	0	0	0	0	0	0	0	NaN	NaN	NaN	NaN	0	0	0	0	0	0	0	0	17270	0	0	0	18000	18000	18000	18000	93	NaN	1.5230585375195955	0.9776557676559425	0.2206484112722217	0.10292773288081106	0.045027092535302585	0.0467510759597515	2.397830982269279e-8	NaN	0.022901988566282807	0.021151152626022428	0.03722892608859686	-0.000005716688571137534	NaN	416.4549111354033	4.92304756963554	95577.07100086806	11.470263025760651	-3.6105032375057378	95.04226839404636	94.6968623691135	95.38767470910814	-0.6908133879635068	0.00028557866770683577	-1	0	2.1055376087493363	77.71725789091322	1.0001232796427277	-273.1499938964844	9.000937902026706	-273.1499938964844	208
DATA	2025-04-13T170000_AIU-0547.ghg	2025-04-13	17:30:00	103.729	1	18000	18000	0.2712954352135602	1	NaN	31.94586149672975	1	NaN	86.0515338183046	1	NaN	-0.20709659555870072	1	NaN	1.9450745457112892	1	NaN	0.006467583028062603	1	NaN	NaN	NaN	NaN	NaN	NaN	NaN	NaN	NaN	NaN	-5.10576063830933e-11	-6.076180193388631e-13	-2.7797650255745484e-13	NaN	16.151572082782025	415.96262007817893	418.03197029046373	0.1	1	192.21398991000476	4.950219981612749	4.974846566491653	0	0	0.08793513516260462	2.11067383361335	2.121174112087485	-0.3	0	NaN	NaN	NaN	NaN	9	289.8071287299262	292.1557511376275	95165.75074739582	1.132687562927157	1008.1902254396646	0.025523708854098468	0.12604083056209153	0.0034949060932705552	471.2177661963203	2191.509275547979	0.0030854987797683726	21.501974527508853	1720.2915093516588	269.6256693957845	-0.18187647729180026	-0.6234691821116478	0.16614671800954353	0.6703712448638768	1.0163366547463782e-13	-3.1611539806408053e-15	0.6703712448638768	6.240341275684847	78.26285550945579	253.73714449054418	14.349899631033312	NaN	0.48940249294718413	1.2980071429820217	-308.711383258048	-0.009393887486085753	0.3712410468380789	0.05716047283839144	0	85.45930185151592	-12.968778760064199	29.33541286657393	73.04932587125501	111.4048310891747	156.24685963095126	234.08626763277042	0.26666044380421156	1.017381623398001	36.24774071979599	1.017797060785688	79.14040586990818	1.0873274261412937	-0.19046387553530666	1.0873274261412937	1.7888581663151524	1.0873274261412937	-0.009265128714945219	1.1514825960661326	NaN	NaN	800000009	800000009	800000009	800000009	800000009	800110109	899999999	899999999	89999	89999	89	89	11	1	2	25	8	43	0	NaN	0	0	0	0	0	0	0	0	0	NaN	NaN	NaN	NaN	0	0	0	0	0	0	0	0	13607	0	0	0	18000	18000	18000	18000	93	NaN	0.6849994831036764	1.7227274885214046	0.1882873143389622	0.17585618436932463	0.04241038837179822	0.059324226132775076	4.9144637569279026e-8	NaN	0.031741564458397535	-0.004885535468915001	0.045885499262409285	-0.000009265128714945219	NaN	415.9626299006144	4.94990342977312	95557.53481857639	11.473071711063387	-3.5426381718166997	95.01863486798604	94.6733354203966	95.36393600824144	-0.6906033859997989	0.0002866428316564351	-1	0	2.1063353297710417	77.63381329179693	1.0001305127210087	-312.2329955376556	9.001051150931252	-273.1499938964844	021
DATA	2025-04-13T173000_AIU-0547.ghg	2025-04-13	18:00:00	103.749	1	18000	18000	0.2410507262213079	0	NaN	17.905125991112325	1	NaN	71.0230665219772	0	NaN	0.5635310860952776	1	NaN	1.60508088311698	0	NaN	0.0011843367238755442	0	NaN	NaN	NaN	NaN	NaN	NaN	NaN	NaN	NaN	NaN	4.432310752617495e-10	5.0304068775059275e-12	2.4058016616410108e-12	NaN	16.137680226253313	415.6149019835055	417.58464032742427	0.3	0	183.15299203512723	4.716979873527846	4.739335222385741	0.1	0	0.08759326696672612	2.100461878400625	2.1104166713642076	-0.2	0	NaN	NaN	NaN	NaN	9	289.96777868783954	291.9645979037815	95147.22186436632	1.1333085997838577	1008.0589858251227	0.025511976276431095	0.1040092412259803	0.0033317677100489916	448.92791842535803	2165.506626394507	0.002939859196942845	20.730849444354153	1716.5787079691488	268.97962838382193	0.20897476213819322	-0.6484237827013556	0.2050141498302014	0.7114454686159223	1.895529230025416e-13	2.746560032467904e-14	0.7114454686159223	5.2864982475005435	44.13684726763904	287.86315273236096	16.748168319103733	NaN	0.46119026342941144	1.1996603050060535	-460.84319654190864	-0.006292812873795516	0.25210296975239455	0.033983110039628964	0	83.33834113788544	-12.64691478905197	28.607355687775083	71.23636055357292	108.63994458847148	152.36906700070986	228.2766276463341	0.23710904238132738	1.016623928806736	21.59958614396723	1.017317308245103	65.34153611037176	1.0869512832084096	0.5184510978558985	1.0869512832084096	1.476681529257853	1.0869512832084096	-0.008839109779290902	1.150872825449584	NaN	NaN	800000009	800000009	800000009	800000009	800000119	800110119	899999999	899999999	89999	89999	89	89	18	9	2	24	10	29	3	NaN	0	0	0	0	0	0	0	0	0	NaN	NaN	NaN	NaN	0	0	0	0	0	0	0	0	13346	0	0	0	18000	18000	18000	18000	93	NaN	1.1135699374281474	1.1077034558997652	0.1780472166841943	0.09700332922529795	0.11624256006921059	0.07379767924968084	5.271674597039647e-8	NaN	0.018906507025739594	0.01328941482608464	0.037851657542017844	-0.000008839109779290902	NaN	415.6151039797079	4.716755601007197	95534.03050325521	11.479999542236328	-4.19471379309642	95.0269139404297	94.68124117830065	95.37258866628011	-0.6913494537538951	0.00028636971860477293	-1	0	2.0963538904852346	77.61925741068521	1.000148557489117	-273.1499938964844	9.001190171851052	-273.1499938964844	221
DATA	2025-04-13T180000_AIU-0547.ghg	2025-04-13	18:30:00	103.77	1	18000	18000	0.16767822894036086	1	NaN	2.4778615691173766	1	NaN	46.69547287185357	0	NaN	0.025780317703536348	2	NaN	1.0537774703965432	0	NaN	0.00035707090949695607	1	NaN	NaN	NaN	NaN	NaN	NaN	NaN	NaN	NaN	NaN	-2.474245941703355e-11	-2.5665302195257615e-13	-1.3296830686316277e-13	NaN	16.206612478578055	415.232672946563	417.02889980905803	0.2	0	168.11085745897446	4.307199964600697	4.325832188851385	0.2	0	0.08709586160947194	2.073964482378293	2.0829361046946993	0.1	0	NaN	NaN	NaN	NaN	9	290.16711724514437	290.4763562622071	95162.71489474826	1.139477386428593	1007.8004561814338	0.025377800839699115	0.068284780081696	0.003058410978249353	409.99478949590537	1972.1320493455023	0.0026840471032384223	20.7894187223402	1562.1372598495968	267.77958265301856	0.6574870997843743	-0.4066188227592461	0.1709509451633958	0.7917400956483543	5.903636015301301e-14	-1.5266891492431378e-15	0.7917400956483543	5.978232395055983	3.734462060572355	328.26553793942765	12.469390442762023	NaN	0.38360608155896936	1.468569615954355	-1916.355533518937	-0.0015132891309969142	0.053064278327737996	0.005624854525540943	0	71.3959903051876	-10.834616976305687	24.50793310082998	61.0282186808211	93.07188413747485	130.5346408610934	195.56467853581427	0.16514133138035664	1.0153619783660408	5.051225103067945	1.0165276689457006	42.98087848137537	1.0864243477966098	0.023729510256118354	1.0864243477966098	0.9699501603896507	1.0864243477966098	-0.0033122746837876233	1.1499145721060513	NaN	NaN	800000009	800000009	800000009	800000009	800000109	800010109	899999999	899999999	89999	89999	89	89	1	5	1	17	14	28	0	NaN	0	0	0	0	0	0	0	0	0	NaN	NaN	NaN	NaN	0	0	0	0	0	0	0	0	16965	0	0	0	18000	18000	18000	18000	93	NaN	1.2915514651532676	1.4642561764133142	0.18133159034212842	0.030869129057428262	0.0713796073378853	0.0543208878127718	7.92858902818514e-9	NaN	0.00439862017117195	0.000604808515291068	0.024721711913980263	-0.0000033122746837876235	NaN	415.2327912938523	4.306819079893455	95543.78366883681	11.486405244403414	-5.393335320711097	95.21208100912307	94.87158647198149	95.5525751270718	-0.6809926428662402	0.00028510158047882	-1	0	2.070246586064497	77.555179163403	1.0001376592053308	-310.9006204817066	9.001032563050588	-273.1499938964844	131
DATA	2025-04-13T183000_AIU-0547.ghg	2025-04-13	19:00:00	103.791	0	18000	18000	0.1737910076333614	1	NaN	3.502454505086645	2	NaN	62.403371302029456	1	NaN	-1.0835857988304765	1	NaN	1.407287832240467	1	NaN	0.0012697647157893187	2	NaN	NaN	NaN	NaN	NaN	NaN	NaN	NaN	NaN	NaN	8.182523069535032e-11	9.32235340129147e-13	4.365779023224387e-13	NaN	16.310317411323876	416.31101315626813	418.29500050282195	0.1	1	185.82354330500993	4.743033849720596	4.765637429363563	0.4	0	0.08702357574964414	2.0658338677209023	2.07567888292376	-0.8	0	NaN	NaN	NaN	NaN	9	289.88468145836725	289.7611612091065	95166.09408463542	1.142141867460309	1008.019460818802	0.02531441809674373	0.09119225152918226	0.003376315865122762	451.49708242441227	1884.7141723514192	0.002956126520981505	23.955732335854016	1433.2170899270068	269.055525628068	0.6076153836728986	-0.013836580804706644	0.22616572672251703	0.6484896617435436	-4.822363767465744e-14	5.016777333747102e-15	0.6484896617435436	4.795552869681075	333.30451057088135	358.6954894291189	20.411345902299566	NaN	0.39007994683866043	0.781560316741965	-1425.6690684699377	-0.0020341326498107657	0.056126046269758825	0.007798838187660033	0	88.05037276298134	-13.36198376729463	30.224843663545272	75.26413431534962	114.78255371243482	160.98416363679246	241.1836122833343	0.17074786353368163	1.017822443201929	6.925644970035617	1.0180778143418452	57.37906653560859	1.0875633758054057	-0.9963426710907918	1.0875633758054057	1.2939823678765259	1.0875633758054057	-0.0037274239591806443	1.151846896859623	NaN	NaN	800000009	800000009	800000009	800000009	800000009	801011109	899999999	899999999	89999	89999	89	89	0	1	2	3	12	10	0	NaN	0	0	0	0	0	0	0	0	0	NaN	NaN	NaN	NaN	0	0	0	0	0	0	0	0	17102	0	0	0	18000	18000	18000	18000	93	NaN	0.4383273299632046	1.0137822280597308	0.11101107546099462	0.22990479967298097	4.201939660407309	0.2973338268863477	2.03800126351842e-8	NaN	0.006015493420040162	-0.025342065459831215	0.03291255792015168	-0.0000037274239591806445	NaN	416.30922591860445	4.742670786833807	95550.56964279513	11.489999771118164	-4.171665040288546	95.332221968121	94.99347460725572	95.67096538437737	-0.6774916904121633	0.00028378251505394774	-1	0	2.061739892582099	77.50515881813897	1.0001560822857751	-273.1499938964844	9.001131510125266	-273.1499938964844	186
DATA	2025-04-13T190000_AIU-0547.ghg	2025-04-13	19:30:00	103.812	0	18000	18000	0.13558117749506648	1	NaN	5.079071103499562	1	NaN	-1.7353966037553399	2	NaN	-5.850633866437654	1	NaN	-0.039103728767326824	2	NaN	-0.012900903146086247	1	NaN	NaN	NaN	NaN	NaN	NaN	NaN	NaN	NaN	NaN	5.07534265601563e-10	6.497939194602965e-12	2.6906841339385977e-12	NaN	16.45901275513772	418.86437204914347	421.1227279095936	0.1	1	210.7240266020576	5.362702392388984	5.391616024542642	0.1	1	0.08725717154890297	2.0638210264969428	2.0749483570151916	0	1	NaN	NaN	NaN	NaN	9	289.2714539642334	288.91101157463925	95188.65331510417	1.1455053227391558	1008.3359681736846	0.025234164646495843	-0.002533921624122778	0.0038295659919938864	510.6053466108018	1785.2364985126403	0.0033431236991867917	28.601552065298335	1274.6311519018386	270.7037080570184	0.37402684791336444	-0.21164381970029855	0.2000335150689121	0.4740280545792372	-9.22868139453409e-14	3.0836252037239293e-14	0.4740280545792372	3.9211368511507296	1.503435970225894	330.4965640297741	24.96007725927531	NaN	0.3440338257246132	0.6651729627018991	-674.6171556908602	-0.004298734438542666	-2.9267494776171756	0.012781469179939775	0	85.82626858054614	-13.024467376961237	29.461380669623644	73.36300351186357	111.88320928297263	156.9177918496539	235.0914463562445	0.1325727223474429	1.0226928669363755	4.885729756488784	1.0212251753366535	-1.5911235737502643	1.0906736801498234	-5.364238610428342	1.0906736801498234	-0.03585282149831949	1.0906736801498234	-0.013327019884041983	1.1561594878865322	NaN	NaN	800000009	800000009	800000009	800000009	800000009	800110109	899999999	899999999	89999	89999	89	89	0	1	2	0	0	7	0	NaN	0	0	0	0	0	0	0	0	0	NaN	NaN	NaN	NaN	0	0	0	0	0	0	0	0	11506	0	0	0	18000	18000	18000	18000	93	NaN	0.3882809371183368	0.8500118139428715	0.09205317434258985	0.8267067709752918	11.904298849747056	0.4816515010056186	6.715194867644923e-8	NaN	0.004229870492304161	-0.13609209748226145	-0.0009095951975137431	-0.000013327019884041983	NaN	418.86250572982414	5.362133431933986	95570.03955099826	11.460788364463383	-2.542633820535005	95.40211233414544	95.06088636249966	95.74333282343545	-0.6824452979200419	0.0002827736745983	-1	0	2.059187859343158	77.29744245048809	1.00016199138595	-296.68861988491517	9.001132225063111	-273.1499938964844	122
DATA	2025-04-13T193000_AIU-0547.ghg	2025-04-13	20:00:00	103.833	0	18000	18000	0.48475525228081134	1	NaN	697.0972076681287	1	NaN	-734.9158926509768	1	NaN	-113.19937006380383	1	NaN	-16.536154292291748	1	NaN	-0.15456998123255605	1	NaN	NaN	NaN	NaN	NaN	NaN	NaN	NaN	NaN	NaN	1.4955398092189407e-9	2.2531504412521803e-11	7.850459415368165e-12	NaN	16.787397471115803	425.6787930425552	428.4263735375443	0.1	1	252.91558129284778	6.413191775058379	6.454586274666475	0.7	0	0.08812121330656966	2.0709716147323585	2.0843388796920332	0	1	NaN	NaN	NaN	NaN	9	287.68620874786365	287.42034660339334	95194.10064149306	1.1510538831019015	1008.874553028079	0.025102529942060626	-1.0715427981405052	0.00460374783073166	610.6617829001916	1621.892911001359	0.0039995936752546405	37.65117775397194	1011.2311281011673	273.14237682062935	0.23560133935787733	-0.0305655484514307	0.18125836596908954	0.2988257671172547	1.5873713052677356e-13	8.908705544097284e-14	0.2988257671172547	3.1653114014656967	339.39193482157964	352.60806517842036	37.341811169323904	NaN	0.6489532840202565	0.6531272858472513	-32.996050320299275	-0.08788930710946063	-0.9485401181808313	0.9250114027761748	0	101.7707280538352	-15.444100616151191	34.93459764483339	86.99208765684071	132.66842254760044	186.06934899135544	278.7657910637305	0.4694159245991627	1.0326774761524058	639.3880817882791	1.0277947970877581	-669.1653971512908	1.0982574648653278	-103.07179662801994	1.0982574648653278	-15.056719231423086	1.0982574648653278	-0.3059184139288741	1.1657242901799907	NaN	NaN	800000009	800000009	800000009	800000009	800000009	800100019	899999999	899999999	89999	89999	89	89	1	0	7	20	35	6	0	NaN	0	0	0	0	0	0	0	0	0	NaN	NaN	NaN	NaN	0	0	0	0	0	0	0	0	6704	0	0	0	18000	18000	18000	18000	93	NaN	0.4219638813259016	0.670368063285505	0.21392262708309598	2.114564424176649	52.58237764323588	1.2632134789703984	9.191242775305631e-7	NaN	0.550594304421204	-2.604067726463588	-0.3804019906480766	-0.0003059184139288741	NaN	425.6719413565314	6.411922053220918	95569.89610720487	11.469216622776454	-0.21337766667266334	95.49799052302042	95.15495696046618	95.84102737490336	-0.6860657904694473	0.00028178948430124555	-1	0	2.0652992146081375	76.97638339770278	1.0001498994926612	-273.3518689049912	9.000981275293562	-273.1499938964844	110
DATA	2025-04-13T200000_AIU-0547.ghg	2025-04-13	20:30:00	103.854	0	18000	18000	0.04188837360844651	1	NaN	0.08733782785934388	1	NaN	55.8230575618159	1	NaN	9.173799733979868	1	NaN	1.2534997241082662	1	NaN	0.007717567666279317	1	NaN	NaN	NaN	NaN	NaN	NaN	NaN	NaN	NaN	NaN	-9.385866277982288e-11	-1.6107765135749664e-12	-4.878207498384945e-13	NaN	17.360691497195305	436.76146633294144	440.0599710339539	0.1	1	297.93940479103406	7.495579962118367	7.552187991094566	0.8	0	0.09023040913914637	2.100921340320891	2.116787893237497	0	1	NaN	NaN	NaN	NaN	9	285.5288321397569	285.2945722791884	95203.38113671874	1.1592678004549093	1009.4219329737317	0.024914441541975293	0.08122678212221564	0.005421367884328663	713.7959728423217	1411.6907036016632	0.0046765448692711546	50.56319851233741	697.8947307593415	275.3101410117364	1.0895183897482121	0.1917055937495436	0.21620573352165443	1.1271851114533205	-4.158679009217499e-14	-5.406389647266422e-15	1.1271851114533205	2.688825602754394	322.02070292135056	9.979297078649468	11.05845111220448	NaN	0.19008807060943966	0.2409588636607407	-6620.103480750424	-0.00043805961771329737	0.0015645475485220415	0.00039263681108845245	1	10.541679526533477	5	9	17	30	59	199	0.041391154925816714	1.012012679605605	3.1504327859163426	1.0145442042566615	51.394119434413724	1.086175970639095	8.445960858977664	1.086175970639095	1.1540484764827927	1.086175970639095	0.00364180538915666	1.1480503937387116	NaN	NaN	800000009	800000009	800000009	800000009	800000009	800000009	899999999	899999999	89999	89999	89	89	1	0	2	0	5	0	0	NaN	0	0	0	0	0	0	0	0	0	NaN	NaN	NaN	NaN	0	0	0	0	0	0	0	0	18000	0	0	0	18000	18000	18000	18000	93	NaN	0.2054099988186295	0.25802269882368484	0.018485029679167098	0.15895236453758982	35.37933390767807	0.5592848937758886	2.2684115337473427e-7	NaN	0.00269223960200335	0.2120160073043086	0.02896967607414638	0.00000364180538915666	NaN	436.7580210746502	7.495031530059897	95576.96131987848	11.489999771118164	2.090231187155386	95.66333225462172	95.31482620917426	96.0118389591641	-0.697012660549747	0.00027954165258173215	-1	0	2.0942819654345506	76.70038245243498	1.0001463270766868	-273.1499938964844	9.000861272282071	-273.1499938964844	189
DATA	2025-04-13T203000_AIU-0547.ghg	2025-04-13	21:00:00	103.874	0	18000	18000	0.05370986686468543	1	NaN	6.33994685961185	1	NaN	43.36880382885791	1	NaN	5.888225134090444	1	NaN	0.9732018425831425	1	NaN	0.012292892447410074	1	NaN	NaN	NaN	NaN	NaN	NaN	NaN	NaN	NaN	NaN	1.1058791785935191e-10	1.8810196555721223e-12	5.728998951388524e-13	NaN	17.545713131667934	440.1044336358033	443.4238400953373	0.1	0	298.4397564449334	7.485854749758954	7.542315427526282	0.5	0	0.09089543783664698	2.109739536845713	2.1256518579025263	0	1	NaN	NaN	NaN	NaN	9	284.7787362891303	284.60970152960886	95219.26435894097	1.1622555629518103	1009.4028547031139	0.024850486657797634	0.06306347939938763	0.005428268136535739	712.9887827758197	1349.276085846048	0.004670460017200888	52.842319689431704	636.2873030702284	275.2942830995117	1.0553595344798825	0.09936267191337836	0.21748482112251796	1.0821073583550538	5.544671531966167e-15	6.302845431785489e-15	1.0821073583550538	2.879618391340335	326.6214263992225	5.378573600777542	11.594428505399417	NaN	0.2149691905490002	0.3857416154173407	-131.91395597695228	-0.021984027228375152	0.14618680479707408	0.025138724262897	0	110.4823675564142	-16.76612552038786	37.925021577817766	94.43866607615064	144.02492448791412	201.99700443698399	302.6283213201107	0.0530551167180044	1.0123409425364405	8.63573102536803	1.014726159181325	39.931585555359824	1.0860776807555723	5.4215506297800635	1.0860776807555723	0.8960701981336148	1.0860776807555723	0.006737317295208618	1.148158941642887	NaN	NaN	800000009	800000009	800000009	800000009	800000009	800010009	899999999	899999999	89999	89999	89	89	0	0	2	13	3	0	0	NaN	0	0	0	0	0	0	0	0	0	NaN	NaN	NaN	NaN	0	0	0	0	0	0	0	0	18000	0	0	0	18000	18000	18000	18000	93	NaN	0.3354351105885796	0.4169316779850884	0.019116442261013354	0.0962631688523081	30.155878618372093	0.38796401788285945	1.6674842203477176e-7	NaN	0.007360934357606049	0.13574460858822765	0.02243577651845291	0.000006737317295208618	NaN	440.1022875769032	7.485473812285572	95599.98692881945	11.477190088748932	2.0941400232047096	95.71178576405843	95.35908750279745	96.06448300891452	-0.7053935176200335	0.0002792162041813653	-1	0	2.1030742635462025	76.58742244762843	1.0001282248795031	-273.1499938964844	9.000768506553438	-273.1499938964844	251
DATA	2025-04-13T210000_AIU-0547.ghg	2025-04-13	21:30:00	103.895	0	18000	18000	0.03080528112416966	1	NaN	10.184658927173675	1	NaN	15.017047022730615	1	NaN	-1.0209100312736727	2	NaN	0.3368525502079024	1	NaN	0.016722089413391403	2	NaN	NaN	NaN	NaN	NaN	NaN	NaN	NaN	NaN	NaN	9.749678462239957e-11	1.6505529732286276e-12	5.029479908772964e-13	NaN	17.651808846812354	442.04994264576044	445.3830105310893	0.1	1	298.8328865183498	7.48359907432142	7.54002560294397	0.1	1	0.09105881623930687	2.109550816759447	2.125456883928524	0	1	NaN	NaN	NaN	NaN	9	284.3730242453682	284.20074239264596	95230.35661631945	1.1640646089561921	1009.3935562524312	0.024811888311752288	0.021828045253472074	0.0054350743456302785	712.8569736801619	1313.175585935461	0.004669048696965256	54.28497006151292	600.3186122552991	275.29169209306605	1.0748184668338336	0.1174729706457329	0.20156944407354893	1.0998476604802219	4.892413702676879e-14	5.523331091363251e-15	1.0998476604802219	2.6677870079246486	325.7625790147699	6.237420985230101	10.560305567930568	NaN	0.162676209885708	0.22696270221088236	-35.588184778659496	-0.0814877189729269	0.6782065017015412	0.053282529070156	1	13.549156990432158	6	11	20	32	56	153	0.03043372829889441	1.0122085871841324	10.881658860342524	1.0146522075956195	13.826417470965335	1.0861126574736755	-0.939966976950931	1.0861126574736755	0.310145128951383	1.0861126574736755	0.011471918857432208	1.1481121859655985	NaN	NaN	800000009	800000009	800000009	800000009	800000009	800000019	899999999	899999999	89999	89999	89	89	0	1	0	5	1	0	6	NaN	0	0	0	0	0	0	0	0	0	NaN	NaN	NaN	NaN	0	0	0	0	0	0	0	0	18000	0	0	0	18000	18000	18000	18000	93	NaN	0.29982355752803436	0.14078185048182285	0.013319996411907504	0.09441981346675339	46.51637485027583	0.43939090306951173	5.452355646807842e-7	NaN	0.00926099166038775	-0.023498254333527684	0.0077533246370471015	0.000011471918857432208	NaN	442.0464753958903	7.483167749410515	95613.85658875867	11.470000267028809	2.0853145148355945	95.74332518768311	95.389302125295	96.09734768676758	-0.7080434926069449	0.00027861762651203517	-1	0	2.1028970014607005	76.55501358074613	1.0001326773663362	-273.1499938964844	9.000779062085682	-273.1499938964844	012
DATA	2025-04-13T213000_AIU-0547.ghg	2025-04-13	22:00:00	103.916	0	18000	18000	0.014418111680008325	0	NaN	11.191446879908241	0	NaN	13.654908695269285	0	NaN	-2.6722646701122303	1	NaN	0.3061833352789654	0	NaN	-0.0004419367537119828	0	NaN	NaN	NaN	NaN	NaN	NaN	NaN	NaN	NaN	NaN	6.931721014329068e-11	1.189406289880763e-12	3.50421123768126e-13	NaN	17.832121429420674	445.92900557138324	449.3674059527218	-0.1	0	305.9793858729528	7.651646149209808	7.71064527846268	0.8	0	0.09014719457909545	2.0848230065129534	2.100898337184553	-0.1	0	NaN	NaN	NaN	NaN	9	283.9920846142239	283.8099686923557	95243.96193315972	1.1657596365380365	1009.4782594973071	0.02477423273681288	0.019840680126076957	0.005565567557066569	728.968580229266	1279.4774361130312	0.004774198198862562	56.97393011039138	550.5088558837652	275.60530585770834	1.3543717261825838	0.4472422638967498	0.24276406927038877	1.4468181670918383	-3.4774965407269322e-15	3.887210527230166e-15	1.4468181670918383	2.632528655659994	313.7256813465801	18.274318653419908	9.659448150424808	NaN	0.11121149667925151	0.14824500940380186	-10.348944870336128	-0.2802218038973677	0.8195914838878048	0.08551268987676715	1	29.985539314461732	13	24	40	61	101	238	0.014271074464952831	1.010303163606678	11.810722236424278	1.0136953418024535	12.5550353654533	1.0876041602274111	-2.4570195369181715	1.0876041602274111	0.281520930569946	1.0876041602274111	-0.004717377197319298	1.1480675724771647	NaN	NaN	800000009	800000009	800000009	800000009	800000009	800010019	899999999	899999999	89999	89999	89	89	6	1	0	18	6	0	2	NaN	0	0	0	0	0	0	0	0	0	NaN	NaN	NaN	NaN	0	0	0	0	0	0	0	0	18000	0	0	0	18000	18000	18000	18000	93	NaN	0.14568100248400834	0.13216446377381139	0.01864455254978405	0.03775390308309087	46.46627921994205	0.3606237387981752	2.8234898677162298e-8	NaN	0.010036226904498615	-0.06134025366144652	0.007028257216801314	-0.000004717377197319298	NaN	445.92638233015305	7.651292004045718	95628.51508311632	11.440787931760152	2.4090149635625946	95.7627116370731	95.40564072672527	96.11978446070353	-0.7141449224137602	0.00027809025111168417	-1	0	2.0780785233974455	76.50597325219049	1.0001243093328342	-273.1499938964844	9.000706045680577	-273.1499938964844	048
DATA	2025-04-13T220000_AIU-0547.ghg	2025-04-13	22:30:00	103.937	0	18000	18000	0.018433620135660654	0	NaN	8.235540119906517	0	NaN	51.12537020645551	0	NaN	6.619688090181845	1	NaN	1.14642454247258	0	NaN	-0.0008374370025770638	0	NaN	NaN	NaN	NaN	NaN	NaN	NaN	NaN	NaN	NaN	1.5635064942120591e-10	2.6874244091830885e-12	7.903528005066644e-13	NaN	17.838289449330688	446.17763255544014	449.6258579207098	0.2	0	306.61244236381435	7.6690993289752365	7.728368958166383	0.1	1	0.09017258370667695	2.085785791617574	2.1019055137828957	0	0	NaN	NaN	NaN	NaN	9	284.00737451087105	283.8490646091037	95253.0533470052	1.1657026163255857	1009.4886087520945	0.02477528058405579	0.07428831035222319	0.005578026525557139	730.7010777737812	1282.8142258264913	0.004785119675839496	56.96078692166086	552.1131480527101	275.6386629776629	0.8863308891579318	0.28490982085283506	0.1938109668460275	0.9509567508376807	-2.4203404433602937e-14	8.764890258413896e-15	0.9509567508376807	2.51201890713803	314.18007115016985	17.81992884983013	11.759629294695543	NaN	0.12575099533358608	0.13151336984568096	-20.333242328618248	-0.14262358915175877	0.1610851928631439	0.05565336931555062	1	15.528834031490172	7	13	22	35	59	151	0.01818848713367355	1.0134773717124208	10.918887400898214	1.015382473247242	47.076970105993794	1.0859953410626628	6.095503212476382	1.0859953410626628	1.055644070582095	1.0859953410626628	-0.006523429483551864	1.14869155745545	NaN	NaN	800000009	800000009	800000009	800000009	800000019	800000019	899999999	899999999	89999	89999	89	89	7	5	0	25	7	0	2	NaN	0	0	0	0	0	0	0	0	0	NaN	NaN	NaN	NaN	0	0	0	0	0	0	0	0	18000	0	0	0	18000	18000	18000	18000	93	NaN	0.12444158076084147	0.11862426634635269	0.019960892584167802	0.02024820662316388	25.520100682895453	0.32294472182844985	1.641801377426539e-8	NaN	0.0092787440178851	0.15218523917432927	0.026356059502301698	-0.000006523429483551864	NaN	446.17528884440924	7.6687821023126075	95643.13428559029	11.452286235332489	2.4487260619032107	95.75365238168504	95.3966347249349	96.11067269134523	-0.7140376740660926	0.00027753909801443423	-1	0	2.0790214003324508	76.5286222674052	1.0001247341136137	-273.1499938964844	9.000697558614943	-273.1499938964844	151
DATA	2025-04-13T223000_AIU-0547.ghg	2025-04-13	23:00:00	103.958	0	18000	18000	0.011050743078724966	1	NaN	6.627875261880828	0	NaN	20.530430811995384	0	NaN	-0.20512500844683199	2	NaN	0.4603465731872362	0	NaN	-0.0003805757754457463	0	NaN	NaN	NaN	NaN	NaN	NaN	NaN	NaN	NaN	NaN	-9.424511709502512e-11	-1.6196708522833137e-12	-4.770427984329909e-13	NaN	17.839175528921025	446.7324330207673	450.18872165007036	0.1	1	306.5792003189558	7.677421630277109	7.736820463049698	0.8	0	0.09029698809194894	2.0883068083642917	2.1044636632123708	0	0	NaN	NaN	NaN	NaN	9	283.9409149822659	283.79578913031685	95154.4134344618	1.164710394128943	1009.4920990534774	0.024796308501807536	0.029830457942532904	0.005579344205123451	730.7365116877123	1278.2691170340013	0.00479032747818491	57.16609295726849	547.532605346289	275.6393444839582	1.0069081369265938	0.46945142806064794	0.20224955542142725	1.1292269577836513	8.486506212274709e-15	-5.2830421978994555e-15	1.1292269577836513	2.1044895620555595	307.00362462764986	24.99637537235018	10.31759998798131	NaN	0.09740623686522083	0.07993301071891391	-11.73354525362664	-0.2471546269533208	0.32283176727145624	0.05787175934755058	1	26.36961130968293	12	21	36	55	90	217	0.01091972297372303	1.0119984824997135	7.6680923443016855	1.0145364164829809	18.901487320377466	1.0861807044074132	-0.18884979968295595	1.0861807044074132	0.4238213506456895	1.0861807044074132	-0.003694478863206892	1.1480462630863486	NaN	NaN	800000009	800000009	800000009	800000009	800000019	800000019	899999999	899999999	89999	89999	89	89	0	3	0	32	22	0	0	NaN	0	0	0	0	0	0	0	0	0	NaN	NaN	NaN	NaN	0	0	0	0	0	0	0	0	18000	0	0	0	18000	18000	18000	18000	93	NaN	0.08678771283575298	0.056326044899461795	0.016752263702613044	0.015222415162011723	16.218564166645276	0.20404144814662845	2.1561862993809202e-8	NaN	0.006521784719038913	-0.004719017498745322	0.010590534771000826	-0.000003694478863206892	NaN	446.7318924927661	7.677220635119388	95545.35013845484	11.479999542236328	2.462437850258351	95.74076699405246	95.38311323208279	96.09842062971327	-0.7153095787680808	0.00027839703733398996	-1	0	2.0815275669031674	76.56217223442926	1.0001335468656487	-273.1499938964844	9.000746409151288	-273.1499938964844	222
DATA	2025-04-13T230000_AIU-0547.ghg	2025-04-13	23:30:00	103.979	0	18000	18000	0.015463814980647889	1	NaN	3.573049192073333	1	NaN	11.029883459463294	1	NaN	-0.7539707544022881	2	NaN	0.24738999783104917	1	NaN	-0.0016260926879166516	1	NaN	NaN	NaN	NaN	NaN	NaN	NaN	NaN	NaN	NaN	4.0340310378537854e-11	6.511369105272889e-13	2.0598077747638056e-13	NaN	17.7122389510734	443.9910354508316	447.1958659187061	0.1	1	285.894987938887	7.166502895304318	7.218232378544134	0.6	0	0.09044007633442919	2.0940590779054475	2.109174482944169	-0.1	0	NaN	NaN	NaN	NaN	9	284.19790473768444	284.09477332051597	95136.3579952257	1.1634892606825582	1009.2174689523864	0.02482714279965712	0.016030871859451984	0.0052015806018499994	681.9778693088319	1303.9610874123186	0.004470673497062194	52.30047705351404	621.9832181034867	274.6726834739731	0.7012870229655987	0.02805505973687458	0.15079625526569845	0.7178649493873863	-7.330721213342999e-14	2.2775387397364098e-15	0.7178649493873863	1.9394370436234825	329.70909803183713	2.2909019681627703	12.125994465176134	NaN	0.1152861491633481	0.23939604139798074	-36.078030066022805	-0.08038132887779624	0.3239426060306892	0.026394578082527688	1	11.920731046626107	5	10	17	28	50	136	0.01521260725159467	1.01651312788785	4.121827512935125	1.0172474196962773	10.148024025926482	1.0868996201904735	-0.6936894082915943	1.0868996201904735	0.2276107132944764	1.0868996201904735	-0.0033131622978314224	1.1507853683076021	NaN	NaN	800000009	800000009	800000009	800000009	800000009	801000019	899999999	899999999	89999	89999	89	89	0	10	0	6	6	1	0	NaN	0	0	0	0	0	0	0	0	0	NaN	NaN	NaN	NaN	0	0	0	0	0	0	0	0	18000	0	0	0	18000	18000	18000	18000	93	NaN	0.10168900178317344	0.36701772638716823	0.010085354625619799	0.024284436415362865	32.757777118431925	0.2972884171806948	3.1181312539695526e-8	NaN	0.0035102874027130226	-0.017346674336300646	0.005691724382380513	-0.0000033131622978314224	NaN	443.99023715734023	7.166212799841391	95526.04241970486	11.479999542236328	1.4808600101783524	95.73099783918593	95.3766130027771	96.08538270060221	-0.7087672983474196	0.00027854181378885796	-1	0	2.0877168930570287	76.58739324710987	1.000130068699519	-273.1499938964844	9.000762947426901	-273.1499938964844	006
