DATAH	filename	date	time	DOY	daytime	file_records	used_records	Tau	qc_Tau	rand_err_Tau	H	qc_H	rand_err_H	LE	qc_LE	rand_err_LE	co2_flux	qc_co2_flux	rand_err_co2_flux	h2o_flux	qc_h2o_flux	rand_err_h2o_flux	ch4_flux	qc_ch4_flux	rand_err_ch4_flux	none_flux	qc_none_flux	rand_err_none_flux	H_strg	LE_strg	co2_strg	h2o_strg	ch4_strg	none_strg	co2_v-adv	h2o_v-adv	ch4_v-adv	none_v-adv	co2_molar_density	co2_mole_fraction	co2_mixing_ratio	co2_time_lag	co2_def_timelag	h2o_molar_density	h2o_mole_fraction	h2o_mixing_ratio	h2o_time_lag	h2o_def_timelag	ch4_molar_density	ch4_mole_fraction	ch4_mixing_ratio	ch4_time_lag	ch4_def_timelag	none_molar_density	none_mole_fraction	none_mixing_ratio	none_time_lag	none_def_timelag	sonic_temperature	air_temperature	air_pressure	air_density	air_heat_capacity	air_molar_volume	ET	water_vapor_density	e	es	specific_humidity	RH	VPD	Tdew	u_unrot	v_unrot	w_unrot	u_rot	v_rot	w_rot	wind_speed	max_wind_speed	wind_dir	yaw	pitch	roll	u*	TKE	L	(z-d)/L	bowen_ratio	T*	model	x_peak	x_offset	x_10%	x_30%	x_50%	x_70%	x_90%	un_Tau	Tau_scf	un_H	H_scf	un_LE	LE_scf	un_co2_flux	co2_scf	un_h2o_flux	h2o_scf	un_ch4_flux	ch4_scf	un_none_flux	un_none_scf	spikes_hf	amplitude_resolution_hf	drop_out_hf	absolute_limits_hf	skewness_kurtosis_hf	skewness_kurtosis_sf	discontinuities_hf	discontinuities_sf	timelag_hf	timelag_sf	attack_angle_hf	non_steady_wind_hf	u_spikes	v_spikes	w_spikes	ts_spikes	co2_spikes	h2o_spikes	ch4_spikes	none_spikes	head_detect_LI-7200	t_out_LI-7200	t_in_LI-7200	aux_in_LI-7200	delta_p_LI-7200	chopper_LI-7200	detector_LI-7200	pll_LI-7200	sync_LI-7200	chopper_LI-7500	detector_LI-7500	pll_LI-7500	sync_LI-7500	not_ready_LI-7700	no_signal_LI-7700	re_unlocked_LI-7700	bad_temp_LI-7700	laser_temp_unregulated_LI-7700	block_temp_unregulated_LI-7700	motor_spinning_LI-7700	pump_on_LI-7700	top_heater_on_LI-7700	bottom_heater_on_LI-7700	calibrating_LI-7700	motor_failure_LI-7700	bad_aux_tc1_LI-7700	bad_aux_tc2_LI-7700	bad_aux_tc3_LI-7700	box_connected_LI-7700	mean_value_RSSI_LI-7200	mean_value_LI-7500	u_var	v_var	w_var	ts_var	co2_var	h2o_var	ch4_var	none_var	w/ts_cov	w/co2_cov	w/h2o_cov	w/ch4_cov	w/none_cov	co2_mean	h2o_mean	air_p_mean	vin_sf_mean	dew_point_mean	avg_signal_strength_7200_mean	co2_signal_strength_7200_mean	h2o_signal_strength_7200_mean	delta_signal_strength_7200_mean	flowrate_mean	hit_power_mean	hit_vin_mean	ch4_mean	rssi_77_mean	ch4_aux-1_mean	ch4_aux-2_mean	ch4_aux-3_mean	ch4_aux-4_mean	CHK
DATAU		[yyyy-mm-dd]	[HH:MM]	[ddd.ddd]	[1=daytime]	[#]	[#]	[kg+1m-1s-2]	[#]	[kg+1m-1s-2]	[W+1m-2]	[#]	[W+1m-2]	[W+1m-2]	[#]	[W+1m-2]	[µmol+1s-1m-2]	[#]	[µmol+1s-1m-2]	[mmol+1s-1m-2]	[#]	[mmol+1s-1m-2]	[µmol+1s-1m-2]	[#]	[µmol+1s-1m-2]	[µmol+1s-1m-2]	[#]	[µmol+1s-1m-2]	[W+1m-2]	[W+1m-2]	[µmol+1s-1m-2]	[mmol+1s-1m-2]	[µmol+1s-1m-2]	[µmol+1s-1m-2]	[µmol+1s-1m-2]	[mmol+1s-1m-2]	[µmol+1s-1m-2]	[µmol+1s-1m-2]	[mmol+1m-3]	[µmol+1mol_a-1]	[µmol+1mol_d-1]	[s]	[1=default]	[mmol+1m-3]	[mmol+1mol_a-1]	[mmol+1mol_d-1]	[s]	[1=default]	[mmol+1m-3]	[µmol+1mol_a-1]	[µmol+1mol_d-1]	[s]	[1=default]	[mmol+1m-3]	[µmol+1mol_a-1]	[µmol+1mol_d-1]	[s]	[1=default]	[K]	[K]	[Pa]	[kg+1m-3]	[J+1kg-1K-1]	[m+3mol-1]	[mm]	[kg+1m-3]	[Pa]	[Pa]	[kg+1kg-1]	[%]	[Pa]	[K]	[m+1s-1]	[m+1s-1]	[m+1s-1]	[m+1s-1]	[m+1s-1]	[m+1s-1]	[m+1s-1]	[m+1s-1]	[deg_from_north]	[deg]	[deg]	[deg]	[m+1s-1]	[m+2s-2]	[m]	[#]	[#]	[K]	[0=KJ/1=KM/2=HS]	[m]	[m]	[m]	[m]	[m]	[m]	[m]	[kg+1m-1s-2]	[#]	[W+1m-2]	[#]	[W+1m-2]	[#]	[µmol+1s-1m-2]	[#]	[mmol+1s-1m-2]	[#]	[µmol+1s-1m-2]	[#]	[µmol+1s-1m-2]	[#]	8u/v/w/ts/co2/h2o/ch4/none	8u/v/w/ts/co2/h2o/ch4/none	8u/v/w/ts/co2/h2o/ch4/none	8u/v/w/ts/co2/h2o/ch4/none	8u/v/w/ts/co2/h2o/ch4/none	8u/v/w/ts/co2/h2o/ch4/none	8u/v/w/ts/co2/h2o/ch4/none	8u/v/w/ts/co2/h2o/ch4/none	8co2/h2o/ch4/none	8co2/h2o/ch4/none	8aa	8U	[#]	[#]	[#]	[#]	[#]	[#]	[#]	[#]	[#_flagged_recs]	[#_flagged_recs]	[#_flagged_recs]	[#_flagged_recs]	[#_flagged_recs]	[#_flagged_recs]	[#_flagged_recs]	[#_flagged_recs]	[#_flagged_recs]	[#_flagged_recs]	[#_flagged_recs]	[#_flagged_recs]	[#_flagged_recs]	[#_flagged_recs]	[#_flagged_recs]	[#_flagged_recs]	[#_flagged_recs]	[#_flagged_recs]	[#_flagged_recs]	[#_flagged_recs]	[#_flagged_recs]	[#_flagged_recs]	[#_flagged_recs]	[#_flagged_recs]	[#_flagged_recs]	[#_flagged_recs]	[#_flagged_recs]	[#_flagged_recs]	[#_flagged_recs]	[#]	[#]	[m+2s-2]	[m+2s-2]	[m+2s-2]	[K+2]	--	--	--	--	[m+1s-1K+1]	--	--	--	--	--	--	--	--	--	--	--	--	--	--	--	--	--	--	--	--	--	--	207
DATA	2026-07-29T233000_AIU-0547.ghg	2026-07-30	00:00:00	211	0	18000	18000	0.08774704810348345	1	NaN	20.426305619063143	1	NaN	25.68109711655386	1	NaN	5.655731902825162	1	NaN	0.5801570991939143	1	NaN	0.0369774549726249	1	NaN	NaN	NaN	NaN	NaN	NaN	NaN	NaN	NaN	NaN	-4.06250818987208e-10	-1.663003329492546e-11	-2.25328543252027e-12	NaN	16.20746638750064	417.57358112349846	424.8355219495696	0.1	1	663.4588610121864	17.093534911455027	17.39080524810177	0.1	1	0.08989532131913575	2.163228532993297	2.2008488191177205	0	1	NaN	NaN	NaN	NaN	9	292.92443341403543	291.5697739515248	94945.67291149554	1.1271301080926954	1014.8958454581131	0.025531559536079478	0.03759418002776565	0.012064500170731947	1623.3925156859127	2112.652531531221	0.010703733388106566	76.84143471095555	489.2600158453083	287.39948363480676	0.7603950175124471	0.388205736869917	0.28010969532687946	0.8985353182889058	-9.58758589101149e-14	-2.5065658584398647e-14	0.8985353182889058	2.649117778474933	304.9542490609376	27.045750939062355	18.164142109645475	NaN	0.2790160795791706	0.31014372893854525	-89.50043211274492	-0.03240207819719608	0.7953829046460981	0.0639978033754417	0	93.80451443533047	-14.23519696569426	32.20005429590461	80.18268807165256	122.28365853289112	171.5045698032067	256.9450977896251	0.08653340767366587	1.014025108480582	21.688237558273528	1.015709574752464	23.646079339386652	1.0860615304532761	5.207561214754286	1.0860615304532761	0.53418437438971	1.0860615304532761	0.025998443731482225	1.1490125721040587	NaN	NaN	800000009	800000009	800000009	800000019	800000019	800000019	899999999	899999999	89999	89999	89	89	0	5	3	36	6	0	4	NaN	0	0	0	0	0	0	0	0	0	NaN	NaN	NaN	NaN	0	123	0	0	0	0	100	0	16800	0	0	10	18000	18000	18000	18000	100	NaN	0.36465852640509844	0.20714630122127548	0.048482630250716606	0.08546686585139722	14.813619189468017	0.1092414308224388	3.6195466509747773e-7	NaN	0.018959581027349754	0.13527002227517843	0.013875810430806008	0.000025998443731482226	NaN	417.57295509778027	17.09342324211174	95344.11680230034	11.40511322424147	14.242450714270284	104.26919840452406	104.16132814195421	104.37706219863892	-0.21571974304318425	0.00028663119624252427	-1	0	2.14883910871391	47.69542060244689	1.0001408661703268	-273.1499938964844	9.001073145680957	-273.1499938964844	066
DATA	2026-07-30T000000_AIU-0547.ghg	2026-07-30	00:30:00	211.02	0	18000	18000	0.04177696477592128	0	NaN	38.501060138779835	0	NaN	20.1376940329523	1	NaN	3.500674166272986	1	NaN	0.4546731759793147	1	NaN	-0.0034482313937060924	0	NaN	NaN	NaN	NaN	NaN	NaN	NaN	NaN	NaN	NaN	1.962092366214543e-10	7.962916687202614e-12	1.0814181106454618e-12	NaN	16.39774954274063	421.64852305777674	428.9894330974049	0.1	0	665.4830104577295	17.112099910305542	17.410021945273677	0.1	1	0.09037710779926189	2.169092735039025	2.2068566871573885	0	0	NaN	NaN	NaN	NaN	9	292.3423979492187	290.99099787924797	94943.63107332539	1.1293396833363183	1014.8948242108004	0.025481426495049805	0.029462821803459594	0.012101365114979184	1625.1207052998634	2037.2160309631552	0.010715434243157988	79.7716432916316	412.09532566329176	287.4159175766934	1.3114628079862625	0.2278480897354507	0.33931772287497974	1.373676077459454	2.169419757347961e-14	1.196561980106088e-14	1.373676077459454	3.0568392425705047	322.1440484133689	9.8559515866311	14.300907700422632	NaN	0.19233403709390665	0.30311328880870353	-15.552952349024025	-0.18645977528388558	1.9118902132378541	0.17465093460065423	1	13.838908684000739	6	11	19	30	51	128	0.04133803769507013	1.0106179950797107	39.330981554980994	1.013834126975787	18.522867051529975	1.0871801852774698	3.2199576608173235	1.0871801852774698	0.41821326596683067	1.0871801852774698	-0.016770155405147345	1.147962028108394	NaN	NaN	800000009	800000009	800000009	800000019	800000019	800010019	899999999	899999999	89999	89999	89	89	3	2	0	33	20	0	0	NaN	0	0	0	0	0	0	0	0	0	NaN	NaN	NaN	NaN	0	7	0	0	0	0	0	0	15100	0	0	0	18000	18000	18000	18000	100	NaN	0.29001858717553697	0.2733933813224401	0.04281460911943004	0.1101801108909384	6.437990783170152	0.0930453266246421	3.452894166116681e-7	NaN	0.03431540732565475	0.08347798118116352	0.010842254098841285	-0.000016770155405147345	NaN	421.6479461566495	17.112003449234912	95340.8478669705	11.4082959195243	14.259135349856486	104.33312175157334	104.22509801016915	104.44112148115371	-0.21602123563198553	0.00028586601693597114	-1	0	2.1537159762183826	49.06497847161468	1.0001505674289333	-273.1499938964844	9.001093242857191	-273.1499938964844	117
DATA	2026-07-30T003000_AIU-0547.ghg	2026-07-30	01:00:00	211.041	0	18000	18000	0.06820274925841878	1	NaN	30.268276802399722	1	NaN	6.991549788456749	1	NaN	6.993547911630112	1	NaN	0.15783547395788444	1	NaN	0.012502807611317703	1	NaN	NaN	NaN	NaN	NaN	NaN	NaN	NaN	NaN	NaN	1.0195495897645845e-10	4.1395643954590655e-12	5.613389360424239e-13	NaN	16.400368885916237	421.24305430211047	428.57305308668947	0.1	0	665.8860323626781	17.10326566681356	17.40087749748879	0.1	1	0.09029639866020849	2.1657553640239184	2.2034414078028277	0	1	NaN	NaN	NaN	NaN	9	292.20184737170183	290.851458480974	94949.34842581594	1.1299533361039693	1014.887115188232	0.025467673721848792	0.01022773871247091	0.01210164917152376	1624.379536786212	2019.3858847401405	0.01070986631470086	80.43928350005481	395.0063479539285	287.4088714357933	1.5171973680050441	0.19885760469290784	0.3399736593496328	1.5674866154060945	-4.440314359683619e-15	6.2166259604082396e-15	1.5674866154060945	3.389442994672902	324.53286251013367	7.467137489866342	12.526488803100701	NaN	0.2456804994768647	0.34597336937697987	-41.23426738033385	-0.07032985388708804	4.329265716218387	0.10743326214454463	0	90.21786933860427	-13.69090973490072	30.968875097867784	77.1168777879398	117.60810440922366	164.94703866460804	247.12072120537945	0.06753702980358715	1.0098571029369767	30.425903720740706	1.0135205665135651	6.423726525288843	1.0883946819548602	6.42556236958916	1.0883946819548602	0.14501676328884383	1.0883946819548602	0.001477520322491109	1.1483455488808756	NaN	NaN	800000009	800000009	800000009	800000019	800000019	800000019	899999999	899999999	89999	89999	89	89	0	0	0	57	8	0	3	NaN	0	0	0	0	0	0	0	0	0	NaN	NaN	NaN	NaN	0	114	0	0	0	0	100	0	15700	0	0	15	18000	18000	18000	18000	100	NaN	0.4688208360224368	0.18168807171603912	0.04143783101548378	0.08227621904113185	12.168119485064585	0.0697291685478287	9.637996074466652e-8	NaN	0.026531709844034995	0.16649245441657415	0.003757522760307545	0.0000014775203224911091	NaN	421.24297397744283	17.10319147576781	95349.72214084202	11.399999618530273	14.253102049032853	104.3683596909841	104.26116095055474	104.47561412599352	-0.2144498612975909	0.00028519633685290406	-1	0	2.1533966894180687	51.006305490242134	1.0001546473536227	-291.8436196814665	9.00109299296803	-273.1499938964844	100
DATA	2026-07-30T010000_AIU-0547.ghg	2026-07-30	01:30:00	211.062	0	18000	18000	0.023422696078239137	0	NaN	33.25602301305373	0	NaN	11.23424761135862	1	NaN	2.8355192050213596	0	NaN	0.2537214632786243	1	NaN	0.0063276124179802214	0	NaN	NaN	NaN	NaN	NaN	NaN	NaN	NaN	NaN	NaN	4.210922921272407e-11	1.7247635975621482e-12	2.3122781651302354e-13	NaN	16.47976236180323	423.55178961040986	431.02945024197976	0.1	0	674.9991569431122	17.348375215132048	17.654654790735353	0.1	1	0.09049273849975464	2.175027162065357	2.2134265157720936	0	0	NaN	NaN	NaN	NaN	9	292.6769732131958	291.2861536576409	94936.71283374207	1.1280116877528426	1015.0341238804425	0.025509131391042807	0.016441150820454855	0.012255130209678472	1647.4395056333942	2075.3857465495225	0.010864364565310852	79.37991808859536	427.9462409161283	287.6267859780369	1.5627396033999867	-0.013827922638628235	0.3481618912144635	1.6011130447202684	-1.8042837813663445e-15	2.55520852110858e-15	1.6011130447202684	3.5018138208071794	332.50696925343794	359.49303074656234	12.559298087516913	NaN	0.14409922392536328	0.22658616908081308	-7.572332128163831	-0.38297316479476756	2.960235893272419	0.20156467740979428	1	22.72386149278381	10	18	30	46	75	174	0.02319660271006648	1.009746831076886	33.63630055415732	1.0134823852192003	10.319572202169336	1.0886350123115571	2.6046555300481744	1.0886350123115571	0.2330638463849182	1.0886350123115571	-0.005504335938985528	1.1484440523750268	NaN	NaN	800000009	800000009	800000009	800000019	800000019	800000019	899999999	899999999	89999	89999	89	89	6	3	1	34	4	0	3	NaN	0	0	0	0	0	0	0	0	0	NaN	NaN	NaN	NaN	0	8	0	0	0	0	0	0	15500	17995	0	0	18000	18000	18000	18000	100	NaN	0.24125879190314703	0.16755644419708926	0.044357102061389896	0.1951363619716436	27.805302862343208	0.0671690436936273	1.2877816454986187e-7	NaN	0.029377442307780832	0.06761583975447973	0.006050246379195425	-0.0000055043359389855284	NaN	423.5514441396442	17.34830371215149	95343.96917057292	11.379855193297074	14.472154353459663	104.33976453887092	104.23173071988424	104.44781155798171	-0.21609315768049822	0.00028562408947942057	-1	0	2.159395572364329	50.75038476573105	1.00013743639489	-307.10537032232196	9.001013305478626	-273.1499938964844	141
DATA	2026-07-30T013000_AIU-0547.ghg	2026-07-30	02:00:00	211.083	0	18000	18000	0.023695467360827758	0	NaN	17.098058137660686	1	NaN	41.27458017448661	0	NaN	19.489090663322713	0	NaN	0.9326252750052751	0	NaN	0.013867052089283606	1	NaN	NaN	NaN	NaN	NaN	NaN	NaN	NaN	NaN	NaN	-9.54545271602221e-11	-3.908182022341658e-12	-5.277952415695255e-13	NaN	16.28151054795497	419.3336938281521	426.65888229626154	0.2	0	666.6117230173668	17.1687237089394	17.46863792708095	0.1	1	0.09002510460662236	2.1686444857643794	2.206527751078758	0.9	0	NaN	NaN	NaN	NaN	9	293.17248392232267	291.79046080245587	94925.72659413134	1.126008804654239	1014.9427022240949	0.025556253063872773	0.060434117820341825	0.012105859406022157	1630.1907369084963	2142.0542802217665	0.010751123220337054	76.10408158002994	511.86354331327016	287.4640417485001	1.823620580535979	-0.3644139700391654	0.3589175298880233	1.8939934943328562	-9.883860206963241e-15	-5.862756215344627e-15	1.8939934943328562	3.7321550655580036	343.3005625668475	348.6994374331526	10.923783762635138	NaN	0.14506470069239236	0.3555309717587698	-15.024782116935043	-0.19301444622822797	0.4142515336407867	0.10313396903015741	1	32.14796214190292	14	26	44	68	113	275	0.02348437890907204	1.0089884621847152	19.317055367695126	1.013305265637991	37.8315082050921	1.0910106980332093	17.86333598603218	1.0910106980332093	0.8548268836286763	1.0910106980332093	0.0046787070604580976	1.149610386317618	NaN	NaN	800000009	800000019	800000009	800000019	800000019	800010019	899999999	899999999	89999	89999	89	89	9	20	1	18	0	0	3	NaN	0	0	0	0	0	0	0	0	0	NaN	NaN	NaN	NaN	0	217	0	0	0	0	0	0	12700	18000	0	0	18000	18000	18000	18000	100	NaN	0.22100456362382823	0.4251430892559164	0.06491429063779494	0.20446764545888096	79.977002997334	0.16850384262102522	2.7009039521242835e-7	NaN	0.016902759531765107	0.46449689300440505	0.022227899190421854	0.000004678707060458098	NaN	419.3317723524863	17.168555871944505	95333.14627256946	11.359999656677246	14.307262117650762	104.28311466683282	104.17595393456352	104.39027718946669	-0.21433810034352868	0.00028665177438071837	-1	0	2.1587206578017395	51.5322125043687	1.000153050472339	-273.1499938964844	9.00112328251203	-273.1499938964844	043
DATA	2026-07-30T020000_AIU-0547.ghg	2026-07-30	02:30:00	211.104	0	18000	18000	0.03921596592066124	0	NaN	4.851570321694068	1	NaN	48.88595491184419	0	NaN	12.556302591687395	0	NaN	1.1056321367553026	0	NaN	0.0022780882963107643	0	NaN	NaN	NaN	NaN	NaN	NaN	NaN	NaN	NaN	NaN	4.176804336244706e-11	1.724799712669009e-12	2.376255967941306e-13	NaN	15.73185169930998	406.0952263805484	413.0214260348647	0.1	0	649.6424324994186	16.76958922158114	17.055604706433698	0.1	1	0.08950121546958373	2.165157496904101	2.202085567298469	-0.5	0	NaN	NaN	NaN	NaN	9	294.1417337273491	292.74930932753716	94917.16751209347	1.1223900441434091	1014.7375650580576	0.025642545195409847	0.07164496246174361	0.01178463372678897	1592.14887180621	2274.0020036562055	0.010499588612961033	70.0152800765482	681.8531318499954	287.09969318469615	2.210983218859912	0.36693900299713644	0.4619397166245147	2.2883354928409205	-3.3469874765060075e-14	2.654998544403967e-15	2.2883354928409205	4.555598196752977	322.5769703923617	9.423029607638238	11.646164943652394	NaN	0.1869216282177067	0.6146198920144275	-113.27036242832833	-0.025602460677522518	0.09924262153501721	0.022788998066170258	1	31.65811583413557	14	27	49	82	150	450	0.03889037650483485	1.008371979010949	7.598340234144542	1.013386960736202	44.65240560697604	1.0948112256735107	11.46892020947534	1.0948112256735107	1.0098838145134428	1.0948112256735107	-0.002602748311243537	1.151861059773245	NaN	NaN	800000009	800000009	800000009	800000019	800000019	800000019	899999999	899999999	89999	89999	89	89	4	0	4	21	26	0	0	NaN	0	0	0	0	0	0	0	0	0	NaN	NaN	NaN	NaN	0	28	0	0	0	0	0	0	15600	605	0	0	18000	18000	18000	18000	100	NaN	0.36171755603679756	0.7551055932668421	0.11241663472521504	0.2182806379202775	46.93807511077374	0.18336759217359253	2.3383453965267668e-7	NaN	0.006671464700596006	0.29910959533416864	0.02633778364279516	-0.000002602748311243537	NaN	406.0920098732493	16.769406830498237	95327.87181163195	11.376742262098524	13.942927439848619	104.21385642178853	104.10737498728435	104.32033360142177	-0.21296360639192966	0.0002867924279546261	-1	0	2.1501483155290275	51.55051252696232	1.0001458378665977	-273.1499938964844	9.001117764366997	-273.1499938964844	115
DATA	2026-07-30T023000_AIU-0547.ghg	2026-07-30	03:00:00	211.124	0	18000	18000	0.05289855423702786	0	NaN	28.563442410166477	0	NaN	68.20337835457539	0	NaN	5.944522828357607	0	NaN	1.54277264492682	0	NaN	0.005273004446928554	0	NaN	NaN	NaN	NaN	NaN	NaN	NaN	NaN	NaN	NaN	4.7220958388233495e-11	1.9490389888093124e-12	2.731414102748843e-13	NaN	15.536059747263398	401.7972629047822	408.57309234156213	0.3	0	641.2488694306674	16.58413038887884	16.86380187807709	0.1	1	0.08986563200588896	2.175468557333842	2.2121552280767065	0	1	NaN	NaN	NaN	NaN	9	294.301478430854	292.91495653922163	94909.41659110323	1.1217428770410462	1014.6366946054192	0.02565914991511361	0.09997166739125793	0.011646762878607936	1574.4123460722442	2297.5033259413553	0.010382738430512685	68.527097580029	723.0909798691112	286.9271978522909	2.250605724435719	1.003364686822523	0.49673144162772725	2.513704228171406	-2.152747477193431e-15	3.0394423783386415e-15	2.513704228171406	4.490650399743168	307.9717388644454	24.02826113555458	11.39719463346777	NaN	0.217157703902893	0.4787027105757108	-30.164580117607553	-0.09613924638411336	0.4187980580913601	0.11556635625395215	0	52.448178442039065	-7.95921342494688	18.003762438525772	44.8319140849415	68.37149770334346	95.8919976806129	143.66368633535325	0.05247049852564199	1.0081580263846108	32.210932742426984	1.0135478040097523	62.16128378454822	1.0972002861293721	5.417901274277175	1.0972002861293721	1.406099382610724	1.0972002861293721	-0.008647924137967384	1.1534018903342111	NaN	NaN	800000009	800000009	800000009	800000019	800001019	800101019	899999999	899999999	89999	89999	89	89	3	9	7	55	54	0	0	NaN	0	0	0	0	0	0	0	0	0	NaN	NaN	NaN	NaN	0	48	0	0	0	0	100	0	17035	0	0	10	18000	18000	18000	18000	100	NaN	0.3391951143896686	0.49257505447379085	0.12563525228796216	0.07088428317670292	11.018981510905348	0.13169786560666782	1.7047565844103314e-7	NaN	0.02830084585370834	0.1413637649920247	0.036687915230668784	-0.000008647924137967384	NaN	401.7946077738829	16.583997588891766	95315.5920075955	11.385111735608842	13.770814328935417	104.17944381374782	104.07482624456618	104.28407842932808	-0.20924624992700083	0.0002876209075944239	-1	0	2.160987581534518	44.64551359073973	1.0001369925869836	-273.1499938964844	9.001027737458546	-273.1499938964844	073
DATA	2026-07-30T030000_AIU-0547.ghg	2026-07-30	03:30:00	211.145	0	18000	18000	0.05263458660444721	0	NaN	26.462329203441406	0	NaN	64.98447452916008	0	NaN	9.761644879958823	0	NaN	1.4697441386388748	0	NaN	-0.012959074544110062	0	NaN	NaN	NaN	NaN	NaN	NaN	NaN	NaN	NaN	NaN	-1.756050787812057e-11	-7.257735481417875e-13	-1.0023937592499007e-13	NaN	15.571792062352326	402.50970576282555	409.3190035707417	0.1	0	643.5801774332926	16.63567473905307	16.917102147913088	0.1	1	0.08888733339590453	2.150347713240753	2.186725365159178	-0.1	0	NaN	NaN	NaN	NaN	9	294.1458320337931	292.7625985525836	94902.36709637815	1.122221275608886	1014.6624195290121	0.025647708469634916	0.09523942018379908	0.011688173401103162	1579.1883979563295	2275.879627804273	0.01041521280619233	69.38804577638852	696.6912298479433	286.9738144199166	2.4995400025203587	0.6914569935230755	0.535574365523114	2.6481414046641922	2.2696930549521218e-14	-1.1277127133347953e-15	2.6481414046641922	5.36582210542735	316.53676227083963	15.46323772916039	11.668293562241908	NaN	0.21656903388527193	0.9621034464869324	-32.294054760567455	-0.08979981056888016	0.40721002047292276	0.10730788502649512	0	46.362203916839256	-7.035643310907819	15.914644325878557	39.62971459695691	60.43781524510235	84.76489522652736	126.9932592355925	0.052213444109147855	1.008065786551429	29.93362496746132	1.013673829774002	59.1475331938638	1.0986844424460602	8.884848554172613	1.0986844424460602	1.33773090967476	1.0986844424460602	-0.024366498822374922	1.1543911558936302	NaN	NaN	800000009	800000009	800000009	800000019	800001019	800101019	899999999	899999999	89999	89999	89	89	14	3	3	49	68	0	0	NaN	0	0	0	0	0	0	0	0	0	NaN	NaN	NaN	NaN	0	81	0	0	0	0	0	0	16065	0	0	0	18000	18000	18000	18000	100	NaN	0.606172521133974	1.147947969882043	0.17008640195784772	0.1057322862556009	22.774523851606858	0.13726149706152677	1.6577697809294232e-7	NaN	0.0262881025106828	0.23173205873813504	0.034890311955963114	-0.000024366498822374923	NaN	402.5028106580232	16.63553646269277	95305.91272786459	11.40999984741211	13.816951326688134	104.18838072861567	104.0829640835656	104.2937743780348	-0.21082481605518183	0.0002874667317729391	-1	0	2.1360465966880318	51.09539718782057	1.0001481622142925	-273.1499938964844	9.00110261882676	-273.1499938964844	231
DATA	2026-07-30T033000_AIU-0547.ghg	2026-07-30	04:00:00	211.166	0	18000	18000	0.08310123258136125	1	NaN	34.958791387467215	1	NaN	73.77393298203744	1	NaN	6.889737337470596	1	NaN	1.668951177620493	1	NaN	0.0022268937284368744	1	NaN	NaN	NaN	NaN	NaN	NaN	NaN	NaN	NaN	NaN	8.179791975163521e-11	3.3807977400387585e-12	4.763384646668774e-13	NaN	15.425191113738535	399.0415053629275	405.73319110516394	0.2	0	637.5400672209718	16.49282308900869	16.769397800237215	0.1	1	0.08982639014074056	2.175502835440786	2.2119847079038366	-0.1	0	NaN	NaN	NaN	NaN	9	294.3962568088108	293.02138190066194	94905.08203497002	1.121323205896793	1014.5876158807795	0.02566964504834878	0.10814803630980795	0.011577903652206806	1565.6725907254088	2312.7144168869863	0.010325215416323455	67.69848362137475	747.0418261615775	286.84157076543204	2.840393141569753	0.3417144768855131	0.4859154152346509	2.90184695894747	-1.3937047718921624e-14	5.3028788524235165e-15	2.90184695894747	6.180408923203138	325.1399805814296	6.860019418570377	9.63961250424461	NaN	0.27223146963698164	1.0642783219822927	-48.55350657443481	-0.059727920898033665	0.473863734443696	0.11287498740932177	0	47.32008737109899	-7.181005820629752	16.243454718661688	40.44849896660316	61.68651307100236	86.51621168217281	129.617050417791	0.08244576625015308	1.0079502727795553	38.840839287312676	1.0139620780280212	66.9715466290264	1.101571289531229	6.254463422337837	1.101571289531229	1.5150641574279873	1.101571289531229	-0.013801689902337775	1.156377503892355	NaN	NaN	800000009	800000009	800000009	800000019	800001019	800011019	899999999	899999999	89999	89999	89	89	6	6	4	80	83	0	20	NaN	0	0	0	0	0	0	0	0	0	NaN	NaN	NaN	NaN	0	52	0	0	0	0	100	0	17100	0	0	15	18000	18000	18000	18000	100	NaN	0.7750278029221718	1.0981706056102343	0.2553582354321791	0.04791454476798248	20.694717761595292	0.12214001628215808	6.752754178471494e-8	NaN	0.03414037119598866	0.16324291472312458	0.03954351834048031	-0.000013801689902337775	NaN	399.0368550446104	16.49269987049418	95307.33786892361	11.404963065465292	13.684818476623967	104.16806349690755	104.06392469321356	104.2722238799201	-0.20829305748848453	0.0002876656856711229	-1	0	2.160842073191316	53.11430545694561	1.0001562450958623	-273.1499938964844	9.001166001054976	-273.1499938964844	058
DATA	2026-07-30T040000_AIU-0547.ghg	2026-07-30	04:30:00	211.187	0	18000	18000	0.0581557685859873	1	NaN	35.65012329884935	1	NaN	44.808116084069255	1	NaN	5.109582327538467	1	NaN	1.0133705047369888	1	NaN	-0.013102682780179481	1	NaN	NaN	NaN	NaN	NaN	NaN	NaN	NaN	NaN	NaN	-1.2041073515138883e-10	-4.97590682476907e-12	-6.952115203612508e-13	NaN	15.470111823155998	399.8980219401278	406.6176071857913	0.1	0	639.2937880829369	16.52556388831733	16.80324702048554	0.1	1	0.08931927827874235	2.1602017959944257	2.196500200386616	-0.1	0	NaN	NaN	NaN	NaN	9	294.07732820129394	292.71360763460274	94909.20024644629	1.1225369472539473	1014.5994095385258	0.02564157033833198	0.06566640870695686	0.011613589278680343	1568.8487664835945	2268.964452209476	0.010345841450555877	69.14382307558316	700.1156857258813	286.87273760429355	3.3868018327918485	0.8632067235283879	0.5551065312769007	3.5388834062756445	-2.383225764437501e-14	-7.783443101630037e-15	3.5388834062756445	7.286568324211026	317.7012428478363	14.298757152163708	9.024641529991559	NaN	0.22761248364518913	0.7882045269991865	-27.829302205255335	-0.10420670912303215	0.7956175446421888	0.13752121762459807	0	45.26844520687505	-6.869661206922641	15.53919235472906	38.6947861023675	59.01199030041009	82.76515546826397	123.99728467741966	0.057699468184233806	1.0079082254327982	37.83137790507023	1.0149040436516514	40.396575062719364	1.109205817931361	4.606523194286612	1.109205817931361	0.9136000626348114	1.109205817931361	-0.025980099134033034	1.16189009048036	NaN	NaN	800000009	800000009	800000009	800000019	800001019	800011019	899999999	899999999	89999	89999	89	89	16	7	5	59	41	0	4	NaN	0	0	0	0	0	0	0	0	0	NaN	NaN	NaN	NaN	0	5	0	0	0	0	100	0	16635	0	0	10	18000	18000	18000	18000	100	NaN	0.5891298101879451	0.7878493458107086	0.19942989799971939	0.052073460868101704	6.381612445828036	0.0787663649454005	4.948217373700714e-8	NaN	0.033216732574312735	0.12010380398448559	0.023819882851995055	-0.000025980099134033033	NaN	399.8957376818323	16.52548120991311	95309.23064257813	11.399999618530273	13.716637983693015	104.17924208068848	104.07358156903585	104.28492961502076	-0.211332800925606	0.0002875709588697646	-1	0	2.1455272125667983	56.396200447912534	1.000143646058109	-273.3518689049614	9.00106877319018	-273.1499938964844	231
DATA	2026-07-30T043000_AIU-0547.ghg	2026-07-30	05:00:00	211.208	0	18000	18000	0.04362481203675324	0	NaN	38.207982777091864	0	NaN	34.339239761214586	0	NaN	0.46377620122096597	2	NaN	0.7763309931007546	0	NaN	-0.009878758662852089	0	NaN	NaN	NaN	NaN	NaN	NaN	NaN	NaN	NaN	NaN	3.0472180477098536e-11	1.2555092161805374e-12	1.76112623141441e-13	NaN	15.543312372029444	401.39185833816884	408.1417366043513	0.1	1	640.4127183390215	16.5380740581446	16.816181310024977	0.1	1	0.08983188834163673	2.168930111192039	2.205403233190617	-0.1	0	NaN	NaN	NaN	NaN	9	293.69174473741316	292.3432483800252	94910.74775542534	1.123972025306938	1014.5985768612878	0.0256087094929941	0.05030624835292889	0.011637294714732105	1570.0620148687126	2217.279794648939	0.010353722737497984	70.81027927363131	647.2177797802265	286.8846281971391	3.106835551105445	1.1951790654931702	0.5356811947357923	3.3716219364868505	4.1837384444371387e-14	1.9604688979894624e-15	3.3716219364868505	5.786869142199561	310.9585962075564	21.0414037924436	9.141857283582501	NaN	0.19701034580166682	0.6038867036836827	-16.838009211895294	-0.17222938671106564	1.1126624538801508	0.1700651494563774	1	46.20783941408464	20	37	63	98	162	396	0.04328323918408983	1.0078915732533476	39.7872761938128	1.0146320613676454	31.015534212152723	1.1071626084634565	0.4188871604547812	1.1071626084634565	0.7011896781613344	1.1071626084634565	-0.02326652586278851	1.1603829030470518	NaN	NaN	800000009	800000009	800000009	800000009	800001009	801011009	899999999	899999999	89999	89999	89	89	8	9	1	68	18	0	1	NaN	0	0	0	0	0	0	0	0	0	NaN	NaN	NaN	NaN	0	0	0	0	0	0	0	0	16065	0	0	0	18000	18000	18000	18000	100	NaN	0.45509084146785145	0.6069329949181926	0.14574957098132132	0.09657646528880197	12.490262651389063	0.07929990648184806	1.8684612367329844e-7	NaN	0.03488947687099376	0.010907598664836125	0.018258605942960325	-0.00002326652586278851	NaN	401.3902857534915	16.53799104433576	95310.24117773438	11.408370921240913	13.728453903622071	104.20000865681966	104.09358386569554	104.30644031100803	-0.2128331279357274	0.00028740568824448735	-1	0	2.1541217105358843	53.3161331642999	1.0001507713761595	-273.3518689049614	9.001073996782303	-273.1499938964844	230
DATA	2026-07-30T050000_AIU-0547.ghg	2026-07-30	05:30:00	211.229	1	18000	18000	0.029254118977897092	1	NaN	21.80714057782606	1	NaN	42.489443962276034	1	NaN	6.232250030940461	1	NaN	0.9601547366018166	1	NaN	-0.013229006524859106	1	NaN	NaN	NaN	NaN	NaN	NaN	NaN	NaN	NaN	NaN	-2.460311507564804e-10	-1.0095002343881804e-11	-1.4036803857039259e-12	NaN	15.811446500770808	407.5925982376578	414.5251561544354	0.2	0	648.7657721173294	16.724094578701035	17.008547129541785	0.1	1	0.0902089725406626	2.1735072228211623	2.210475422856916	-0.1	0	NaN	NaN	NaN	NaN	9	293.226233757019	291.8755560792481	94932.13068529118	1.1259469712826087	1014.6936509438449	0.025561981551719827	0.06221802693179771	0.011789703738813434	1588.079803499014	2153.486756272036	0.010470922733939536	73.7445818449418	565.4069527730221	287.0602696271836	2.8386678899443596	0.781953750123043	0.47234110434351473	2.9820451330562423	-1.9557618233519884e-13	-1.556031895908362e-14	2.9820451330562423	5.687429069330016	316.59898046939225	15.401019530607703	9.11374982370715	NaN	0.16118868162049144	0.5399561060307589	-16.160785431938383	-0.1794467238126163	0.5132366664338414	0.11841624900032291	1	50.61250119211187	22	40	69	106	176	427	0.029024033185624763	1.0079274231393274	24.014255275603766	1.0140650902750812	38.53882167614562	1.1025101991786048	5.652782201546643	1.1025101991786048	0.8708805935012245	1.1025101991786048	-0.021781343537694974	1.1570341740084065	NaN	NaN	800000009	800000009	800000009	800000019	800000019	800000019	899999999	899999999	89999	89999	89	89	9	4	0	53	11	1	3	NaN	0	0	0	0	0	0	0	0	0	NaN	NaN	NaN	NaN	0	4	0	0	0	0	0	0	16100	0	0	0	18000	18000	18000	18000	100	NaN	0.47767862569647707	0.49382427891615244	0.10840930744888821	0.09095431657816036	28.06212975417469	0.12493127576607459	8.700737763523507e-8	NaN	0.021019202922979784	0.14695465718497264	0.022640171601163352	-0.000021781343537694972	NaN	407.59171850647704	16.723966604445078	95331.35762282986	11.4082959195243	13.902958221726923	104.24967658127679	104.14333066622416	104.35601347096761	-0.21266772634246286	0.0002865551920129089	-1	0	2.158498336573441	51.81404237800151	1.0001686360802915	-273.1499938964844	9.001134492370817	-273.1499938964844	005
DATA	2026-07-30T053000_AIU-0547.ghg	2026-07-30	06:00:00	211.249	1	18000	18000	0.035264861992964414	0	NaN	36.454323859804916	0	NaN	42.81970457040564	0	NaN	0.7795098842326914	2	NaN	0.9673614253016174	0	NaN	-0.0033709511578845865	0	NaN	NaN	NaN	NaN	NaN	NaN	NaN	NaN	NaN	NaN	-9.730038438537826e-12	-4.0249692423426925e-13	-5.547380849458926e-14	NaN	15.808815495637045	406.8914534008956	413.85735369963265	0.2	0	653.9542112782405	16.831645581421032	17.11979998723092	0.1	1	0.09013070286113398	2.1689433936238944	2.2060752707063616	-0.1	0	NaN	NaN	NaN	NaN	9	292.96379876963294	291.600945022583	94957.96985221354	1.1272679335211506	1014.7487251942157	0.025530982398748507	0.0626850203595448	0.011879929014751893	1598.727620442568	2116.7838423030007	0.010538691522647657	75.52625773556537	518.0562218604327	287.16324504727106	2.220257117076059	0.31453588458324677	0.4565097560568349	2.2884220865024982	-5.342985434128075e-14	-6.154818140058086e-16	2.2884220865024982	4.857643729011198	323.9367675038279	8.063232496172082	11.506943896123332	NaN	0.1768713610226527	0.3126080660652631	-12.775304188608345	-0.22700046567861068	0.8513445906630546	0.18017970115101958	1	30.96026122464174	14	25	42	65	107	256	0.034972079913910416	1.0083718806480693	38.59424027977597	1.0133870086072745	39.11143693892663	1.0948128711627128	0.7120028497699672	1.0948128711627128	0.8835860910862882	1.0948128711627128	-0.01744721948587827	1.1518616243415574	NaN	NaN	800000009	800000009	800000009	800000009	800000009	800010009	899999999	899999999	89999	89999	89	89	9	3	1	27	5	0	2	NaN	0	0	0	0	0	0	0	0	0	NaN	NaN	NaN	NaN	0	0	0	0	0	0	0	0	15400	0	0	0	18000	18000	18000	18000	100	NaN	0.23324339036175473	0.32039269430203965	0.07158004746673179	0.10643034495620457	21.14697934062491	0.12960437734371144	1.1910824080350187e-7	NaN	0.03373935911232343	0.018489423120398488	0.022945128810469614	-0.00001744721948587827	NaN	406.890230655511	16.83151474552184	95359.5576998698	11.399999618530273	14.006167453977788	104.29536848937141	104.1892320414649	104.4015052242279	-0.21225981489113638	0.0002861621408309373	-1	0	2.153828672369321	47.29494942781678	1.000167138117883	-273.1499938964844	9.001142609622743	-273.1499938964844	049
DATA	2026-07-30T060000_AIU-0547.ghg	2026-07-30	06:30:00	211.27	1	18000	18000	0.047086642339267945	0	NaN	34.905218002495815	0	NaN	41.86547255148129	1	NaN	4.626595369210744	1	NaN	0.9457516668011745	1	NaN	-0.011899548399061363	1	NaN	NaN	NaN	NaN	NaN	NaN	NaN	NaN	NaN	NaN	-2.7134590751878146e-10	-1.1143520437314668e-11	-1.5454473135840999e-12	NaN	15.822985332069356	407.00401560016417	413.922595596695	0.2	0	649.8117551857334	16.714670979865954	16.998800334509717	0.1	1	0.0901196203691947	2.167967813792408	2.204820665790709	-0.1	0	NaN	NaN	NaN	NaN	9	292.8912113757663	291.54371192637467	94976.9557748246	1.1277648586505127	1014.6816350433008	0.025520868732648694	0.061284708008716104	0.011802042452910402	1587.9343988132623	2109.2037799382233	0.010464985109602339	75.28596401717863	521.269381124961	287.05885921731624	2.396941543632068	0.07614380642718188	0.4919286760319707	2.448085060848436	-3.607499006652307e-15	-1.7148844028113272e-14	2.448085060848436	5.596173647700711	330.18049292738647	1.8195070726133329	11.592183048996931	NaN	0.20433350399308967	0.4306552097567753	-20.574474296675042	-0.14095135351617014	0.8337471399510286	0.14928027086463916	0	56.55576533353058	-8.582555582902366	19.413764097053164	48.34301757958977	73.72615207000096	103.40197656590642	154.91500320285098	0.04670311346691762	1.0082120621919992	36.99368806131016	1.0134939869766093	38.18127670285898	1.0964922120675562	4.219451190161024	1.0964922120675562	0.8625247460881241	1.0964922120675562	-0.024716917599651094	1.1529376958389643	NaN	NaN	800000009	800000009	800000009	800000019	800000019	800000019	899999999	899999999	89999	89999	89	89	5	3	2	19	4	0	3	NaN	0	0	0	0	0	0	0	0	0	NaN	NaN	NaN	NaN	0	5	0	0	0	0	0	0	14735	0	0	0	18000	18000	18000	18000	100	NaN	0.36595662945686197	0.40322952984143196	0.09212426021525666	0.13778773363994332	18.950459535134417	0.11352932187824309	1.049721194390502e-7	NaN	0.03232803237454885	0.1095150591432803	0.022386666967648686	-0.000024716917599651094	NaN	407.0024473510565	16.714555709731165	95378.8959092882	11.389926534970604	13.902182863553355	104.30975467067296	104.2037493525611	104.41573106744553	-0.21199013884489737	0.00028636962551455435	-1	0	2.1529707577069597	47.29842255693015	1.0001282340668969	-321.55962092928934	9.000912877268261	-273.1499938964844	026
DATA	2026-07-30T063000_AIU-0547.ghg	2026-07-30	07:00:00	211.291	1	18000	18000	0.044606070958626585	0	NaN	32.77761694760827	0	NaN	61.77652987082746	0	NaN	3.7912932854536185	0	NaN	1.3960692159674524	0	NaN	0.0078020675499633485	1	NaN	NaN	NaN	NaN	NaN	NaN	NaN	NaN	NaN	NaN	1.0415523953629851e-10	4.136722726889166e-12	6.029171197551137e-13	NaN	15.613100357713611	401.9807595671194	408.5026795528958	0.2	0	620.1038697092758	15.96542767581031	16.224458087993384	0.1	1	0.09037860735599017	2.17735458656679	2.212680984799243	-0.1	0	NaN	NaN	NaN	NaN	9	293.20787609524194	291.93105179685455	94988.30550017458	1.1267242590879891	1014.2678353457859	0.02555172188680203	0.09046528519469091	0.011259398208934863	1516.9357143402294	2160.9713142925243	0.009993037886704083	70.19693895552037	644.0355999522949	286.3562228030973	2.845761290434338	0.963926073098518	0.5301847967903834	3.0510009366241353	1.4829752297767444e-13	6.671015823250049e-15	3.0510009366241353	5.139801260812445	313.2875543940369	18.712445605963115	10.007323434621105	NaN	0.19897025793063236	0.40817774597176604	-20.22884931278795	-0.14335961255921384	0.5305836539563668	0.14415141649978505	1	41.11642092260933	18	33	57	89	149	371	0.04425590163213953	1.0079123758317639	35.9615968664306	1.014157739760703	55.99170940435587	1.103315660979294	3.4362725188623693	1.103315660979294	1.2653397983386845	1.103315660979294	-0.007229645310317248	1.1576083799320933	NaN	NaN	800000009	800000009	800000009	800000019	800001019	800001019	899999999	899999999	89999	89999	89	89	7	12	5	65	37	3	1	NaN	0	0	0	0	0	0	0	0	0	NaN	NaN	NaN	NaN	0	0	0	0	0	0	100	0	16065	0	0	15	18000	18000	18000	18000	100	NaN	0.2730498333043193	0.43380184072809663	0.10950381791111605	0.07599931329508677	5.483411822566677	0.14034872991667213	1.236959117484731e-7	NaN	0.03146796582971489	0.0892276189486017	0.03285631647283988	-0.000007229645310317248	NaN	401.97910304598855	15.965288513785918	95393.66232139757	11.380000114440918	13.199229740142828	104.27893804083931	104.1740754078759	104.3837892390357	-0.20970021287144874	0.0002863968857272994	-1	0	2.162959617985619	48.48169548183023	1.000154532470637	-288.69436954922026	9.001072784688738	-273.1499938964844	160
DATA	2026-07-30T070000_AIU-0547.ghg	2026-07-30	07:30:00	211.312	1	18000	18000	0.018834882400507402	1	NaN	39.884599263856124	1	NaN	96.84952358360584	1	NaN	4.944250193762941	1	NaN	2.189321492443278	1	NaN	0.004577677093718158	1	NaN	NaN	NaN	NaN	NaN	NaN	NaN	NaN	NaN	NaN	4.214123695014821e-11	1.6535096727760665e-12	2.450651860543235e-13	NaN	15.547920606606013	400.66491280209715	407.0643808468826	0.1	1	610.058910823854	15.721021897007153	15.972119944394604	0.1	1	0.09041628419030903	2.1810688215617082	2.215905114386671	-0.1	0	NaN	NaN	NaN	NaN	9	293.47935153367786	292.2378415130104	95003.37459687432	1.1258246553072864	1014.1370661741548	0.025574516954254656	0.1418680327103244	0.011077152305347348	1493.9507613395033	2202.759712030969	0.009839145246223013	67.82177616468499	708.8089506914655	286.1225504064525	2.1528258232809976	0.6230592000941766	0.44810490808649306	2.285532717083339	2.723800324709197e-14	2.7104098365567423e-15	2.285532717083339	5.600560329437222	315.858785407617	16.14121459238301	11.306738480900936	NaN	0.1293439378381204	0.8105998200513712	-4.567206407635806	-0.6349614493340081	0.41182029387501884	0.2700795755888542	1	35.565511707231074	16	28	46	69	109	244	0.018678447232870717	1.0083751698246837	45.053787749084336	1.0133854170870538	88.4648158866536	1.0947801407024376	4.516203765434208	1.0947801407024376	1.9997818840946053	1.0947801407024376	-0.014801992987354625	1.151842805526205	NaN	NaN	800000009	800000009	800000009	800000019	800001019	800011119	899999999	899999999	89999	89999	89	89	16	5	1	67	55	0	1	NaN	0	0	0	0	0	0	0	0	0	NaN	NaN	NaN	NaN	0	0	0	0	0	0	100	0	16400	0	0	15	18000	18000	18000	18000	100	NaN	0.6605626718351538	0.7667106691241874	0.1939262991434012	0.07382449309316096	6.041859432133708	0.14589342004043732	8.156844234472303e-8	NaN	0.03946061932433877	0.11734500805269622	0.05196054772567504	-0.000014801992987354626	NaN	400.6613938972564	15.72087615762489	95409.85781944444	11.40511322424147	12.965463953177126	104.25230452664694	104.14786851713393	104.35673034222921	-0.20884583925331646	0.0002866697344385708	-1	0	2.1668632492621733	46.059805680116085	1.0001532434473435	-273.1499938964844	9.001078307734595	-273.1499938964844	066
DATA	2026-07-30T073000_AIU-0547.ghg	2026-07-30	08:00:00	211.333	1	18000	18000	0.2545360883304946	1	NaN	21.78552307636855	0	NaN	76.02947607103754	0	NaN	0.7434683299097731	2	NaN	1.718982536386471	0	NaN	0.024058689124145737	2	NaN	NaN	NaN	NaN	NaN	NaN	NaN	NaN	NaN	NaN	9.5071853259524e-10	3.66368444771643e-11	5.557214296028979e-12	NaN	15.463671632681574	398.72386370683165	404.94594068767805	0.2	0	595.907319809965	15.365203983228197	15.604977647942551	0.1	1	0.0903894624118176	2.1819307104060353	2.2159796903712805	0	1	NaN	NaN	NaN	NaN	9	293.5743880496555	292.4224651090834	95009.99516341145	1.1253445568470564	1013.941381990918	0.025588890629195397	0.11139006835784332	0.010820358902386563	1460.239544891813	2228.2472011655195	0.00961515194306586	65.53310351418874	768.0076562737065	285.7740456778355	0.6981811109840178	-0.12021868237506682	0.2436633269859415	0.7491870342210921	2.9951003618259953e-15	6.148077605230257e-14	0.7491870342210921	5.0472037305138135	341.76986481222707	350.23013518777293	18.979932844687955	NaN	0.4755891361537813	0.9911269642561455	-415.66360381621746	-0.006976795594743034	0.28654048669246934	0.040145576927725996	0	74.90592056993351	-11.367262435378507	25.712778579536383	64.02845427998727	97.64743272969478	136.95191281989136	205.17892131014955	0.25052806057656596	1.0159983186901482	25.87727437216406	1.0169240901435068	69.96544919021169	1.0866717351351505	0.6841701186028429	1.0866717351351505	1.5818783914285572	1.0866717351351505	0.010259723470874466	1.1503874069875728	NaN	NaN	800000009	800000009	800000009	800000009	800001009	800011109	899999999	899999999	89999	89999	89	89	8	0	5	60	70	2	0	NaN	0	0	0	0	0	0	0	0	0	NaN	NaN	NaN	NaN	0	0	0	0	0	0	0	0	16600	0	0	0	18000	18000	18000	18000	100	NaN	0.8899520090874092	0.8450950444925952	0.2472068749322867	0.059583849192850834	3.6691173197464093	0.11418305529686257	1.0346721268542153e-7	NaN	0.02267880504442371	0.017780427515354167	0.04111035152242271	0.000010259723470874466	NaN	398.7170994371446	15.365088869382335	95417.84275260416	11.4082959195243	12.617949733336756	104.24056772274442	104.13773439237806	104.34343391948276	-0.20569296555634975	0.0002866751002050782	-1	0	2.1680635066429783	44.201264606528945	1.0001555369479789	-273.1499938964844	9.001126662360297	-273.1499938964844	134
DATA	2026-07-30T080000_AIU-0547.ghg	2026-07-30	08:30:00	211.354	1	18000	18000	0.1259685921410638	1	NaN	-3.6687957481517284	0	NaN	2.945329852441499	2	NaN	-8.718568952463547	1	NaN	0.06659943643839156	2	NaN	-0.007187386443260163	1	NaN	NaN	NaN	NaN	NaN	NaN	NaN	NaN	NaN	NaN	-1.4951784006562964e-11	-5.908948073062746e-13	-8.644044678925179e-14	NaN	15.617636777779541	402.8877065733551	409.4063274808052	0.1	1	617.2093223346931	15.922130338241457	16.179746368764615	0.1	1	0.09028992796250566	2.181138399314913	2.216428665411001	-0.2	0	NaN	NaN	NaN	NaN	9	293.50361328718395	292.53489034891174	95016.13849435766	1.1247465124455287	1014.2564634384196	0.025597073475105283	0.0043156434812077725	0.011208968630345408	1513.265149846947	2243.893786285761	0.009965773182060217	67.43925042690196	730.628636438814	286.3191165220381	0.34348970609011636	-0.1554936264370965	0.23736675977666832	0.44554059826162273	1.0098902527247946e-14	-9.573653312155434e-16	0.44554059826162273	3.8949884686122935	356.35568636094354	335.6443136390564	32.192210958435226	NaN	0.3346600026788808	0.5179082362896142	860.1319762476888	0.0033715756187221416	-1.2456315360096324	-0.009609864955649397	0	74.28534421746673	-11.273087579692781	25.499754799556573	63.49799494768303	96.83844877795809	135.81730132490586	203.47906653737698	0.12428132079938897	1.0135762263453763	-3.465572134794711	1.0149601760084297	2.6956959372442033	1.0926046264151348	-7.979619289247756	1.0926046264151348	0.06095474504524671	1.0926046264151348	-0.005551311325938515	1.169427831476785	NaN	NaN	800000009	800000009	800000009	800000019	800000019	801101019	899999999	899999999	89999	89999	89	89	0	1	2	9	6	0	3	NaN	0	0	0	0	0	0	0	0	0	NaN	NaN	NaN	NaN	0	11	0	0	0	0	0	0	16000	0	0	0	18000	18000	18000	18000	100	NaN	0.2671050867050223	0.6437324484481288	0.12497893742607734	0.100760173020259	58.6599406301117	0.37714868002999774	3.0333773928300177e-7	NaN	-0.0030378932143393963	-0.20756059456951137	0.0015855146298110016	-0.000005551311325938515	NaN	402.8836628263067	15.921763900359736	95425.56024045139	11.399999618530273	13.156653808328802	104.21395517709519	104.11045612208048	104.31744971296521	-0.20695629408127725	0.0002869778412892225	-1	0	2.1674970738887764	44.6912007649907	1.0001380539801386	-273.1499938964844	9.001049898491965	-273.1499938964844	198
DATA	2026-07-30T083000_AIU-0547.ghg	2026-07-30	09:00:00	211.374	1	18000	18000	0.15475057349355228	0	NaN	13.1668539424401	1	NaN	101.49103533886934	0	NaN	10.684065020554227	1	NaN	2.2972372267800574	0	NaN	0.004845369136808819	2	NaN	NaN	NaN	NaN	NaN	NaN	NaN	NaN	NaN	NaN	4.029667328159531e-10	1.5463641379100893e-11	2.3770196140983235e-12	NaN	15.320420112477564	397.36090248748883	403.5138923550914	0.2	0	587.9132521461052	15.248520519803929	15.484638345354815	0.1	1	0.09037207327042134	2.1930199663315855	2.2269780873943725	-0.1	0	NaN	NaN	NaN	NaN	9	294.410922955831	293.5871735710333	95025.26190730801	1.1211099916972251	1013.9020487081538	0.02568668280494213	0.1488609722953477	0.01069730749437259	1449.3833335709567	2395.070464662837	0.009541710959312884	60.51526896412176	945.6871310918802	285.6603075129281	2.070413094187414	0.03403983168758012	0.36435392622874957	2.102503953452104	-2.027439375164291e-14	2.6302590259111815e-14	2.102503953452104	7.771987787857993	331.058080248082	0.9419197519179661	9.979466827831187	NaN	0.3715284040472289	1.9644877015139888	-327.91441611979593	-0.008843770988526933	0.12973415729258425	0.031177821930506423	0	58.88329804224856	-8.935767651128982	20.21273075710535	50.33255753172465	76.7603260294347	107.65744868592651	161.2904758871896	0.15342842302463283	1.008617376382127	18.851699464673278	1.0133117993612966	92.85977110714248	1.0929494454791198	9.775443013167566	1.0929494454791198	2.1018696118858546	1.0929494454791198	-0.006401977045981568	1.1507195991505115	NaN	NaN	800000009	800000009	800000009	800000019	800001019	800101119	899999999	899999999	89999	89999	89	89	15	0	2	52	54	1	1	NaN	0	0	0	0	0	0	0	0	0	NaN	NaN	NaN	NaN	0	1	0	0	0	0	100	0	13035	0	0	15	18000	18000	18000	18000	100	NaN	1.3723177980865513	2.2813039884293826	0.27535361651204376	0.11782371149007405	28.447132060696863	0.25817621995331863	1.3420958107997603e-7	NaN	0.016584648975052126	0.2549879356922056	0.05482630226650828	-0.000006401977045981568	NaN	397.3543040799831	15.248258046808754	95439.3719874132	11.399999618530273	12.501337253888405	104.07612757025827	103.97959469307791	104.17265593549942	-0.1930444109063188	0.0002890467786540588	-1	0	2.179191008050133	48.48210724565674	1.0001356769518719	-273.3518689049614	9.001083085775376	-273.1499938964844	063
DATA	2026-07-30T090000_AIU-0547.ghg	2026-07-30	09:30:00	211.395	1	18000	18000	0.20673242984352883	0	NaN	43.145060249329205	0	NaN	136.0776315610463	0	NaN	-0.3960011496225479	2	NaN	3.0814558723271106	0	NaN	-0.0020944952419870316	1	NaN	NaN	NaN	NaN	NaN	NaN	NaN	NaN	NaN	NaN	7.145164708011365e-11	2.7040185207219047e-12	4.2331684104622194e-13	NaN	15.174151566033354	394.59883212004934	400.5807897335782	0.1	1	574.2510991354773	14.933211394154327	15.159592798057012	0.1	1	0.08989959180769669	2.185744264377785	2.2188792573864413	0.1	0	NaN	NaN	NaN	NaN	9	294.8455077718099	294.042143450689	95056.89116663756	1.1198821685081026	1013.736147380401	0.02571792902803286	0.19967834052679675	0.010463380377168093	1419.8854173582608	2463.145063741523	0.009343286884465103	57.64522107364037	1043.259646383262	285.34743542788544	1.2975415123673073	-0.44997425694714643	0.2524974215177966	1.396368775110856	-2.4137717289949864e-14	4.7087737834420284e-15	1.396368775110856	7.038463634222345	351.12602797513193	340.87397202486807	10.417777255904825	NaN	0.4296532881356505	1.6461035213073736	-154.8010870861085	-0.01873371857128411	0.31706210458236656	0.08845363353693675	0	59.836369276871736	-9.080399887955403	20.53988927061046	51.14722848840381	78.00275064101912	109.39996686929759	163.90108565426596	0.2045809869930289	1.0105163382097342	50.58410688201875	1.0137881060905667	125.15097570315979	1.0873077960159334	-0.36420335720350605	1.0873077960159334	2.8340235245420375	1.0873077960159334	-0.0245979898063266	1.1479896180426794	NaN	NaN	800000009	800000009	800000009	800000019	800001019	800011119	899999999	899999999	89999	89999	89	89	2	4	0	44	49	2	0	NaN	0	0	0	0	0	0	0	0	0	NaN	NaN	NaN	NaN	0	0	0	0	0	0	100	0	4700	0	0	15	18000	18000	18000	18000	100	NaN	1.2230695704279808	1.7153762276772222	0.35376124450954416	0.06622946285777313	2.2093685719514466	0.20609085768468466	2.4894161530583696e-7	NaN	0.04455709047797419	-0.009508587934335708	0.07399042693619784	-0.0000245979898063266	NaN	394.5984745141143	14.932994639915215	95472.06703645833	11.399999618530273	12.18961725812492	103.98697908740573	103.89346754837035	104.08048485649958	-0.18701888372252393	0.00028921457377146	-1	0	2.1722860510912216	48.103204109986486	1.0001334985329045	-273.1499938964844	9.001071601629258	-273.1499938964844	055
DATA	2026-07-30T093000_AIU-0547.ghg	2026-07-30	10:00:00	211.416	1	18000	18000	0.2924929212289164	0	NaN	33.89297693326853	0	NaN	149.22437037118806	0	NaN	0.15555994600540415	2	NaN	3.3801555905662455	0	NaN	0.004934831232465778	0	NaN	NaN	NaN	NaN	NaN	NaN	NaN	NaN	NaN	NaN	4.5157061918434464e-10	1.6605731844991138e-11	2.6855518230636686e-12	NaN	15.09939612271906	393.13746599045925	398.9044083805573	0.1	0	555.25428888192	14.45695326735114	14.66902264216666	0.1	1	0.08979816015880973	2.185805124949485	2.217868749818733	0.7	0	NaN	NaN	NaN	NaN	9	295.1894664628771	294.3462015475179	95095.87628215089	1.1193868475816382	1013.4772570093595	0.025733968867432296	0.2190340822686927	0.010123362769392963	1375.1654139739426	2509.57740489773	0.009043667782289763	54.79669251445078	1134.4119909237875	284.86202320684276	1.322379033218849	-0.04263128644086901	0.2641400293268138	1.3491751884662941	-6.435731465306815e-14	2.9906535037179154e-14	1.3491751884662941	7.001716767759405	333.8464805103483	358.1535194896516	11.290228131565232	NaN	0.5111726158585632	2.111393023403251	-331.9239278805807	-0.008736941679731384	0.22712762566168962	0.05844507615214002	0	65.95318402581019	-10.008650124929149	22.639593834078937	56.37578973578753	85.97663644567098	120.58345508836224	180.65598890479706	0.2893872572229298	1.0107318616437702	42.17249208870309	1.0138869315489136	137.27456628636983	1.0870503867401746	0.14310279256869984	1.0870503867401746	3.109474622149383	1.0870503867401746	-0.016014581440564973	1.147938414589872	NaN	NaN	800000009	800000009	800000009	800000019	800001019	800011119	899999999	899999999	89999	89999	89	89	7	5	2	46	41	7	3	NaN	0	0	0	0	0	0	0	0	0	NaN	NaN	NaN	NaN	0	1	0	0	0	0	100	0	3200	0	0	10	18000	18000	18000	18000	100	NaN	2.0739197142471038	1.756282147087582	0.39258418547181617	0.041815518246204546	0.7999856771406694	0.21848781443321036	2.2682221918453644e-7	NaN	0.03717363739107897	0.0037366376957495375	0.0811932449293187	-0.000016014581440564972	NaN	393.1326747347695	14.456707960314517	95506.62575911458	11.399999618530273	11.702646539953003	103.92056482654148	103.82593630388048	104.0152332933214	-0.18932065937419726	0.00028981803314268793	-1	0	2.1725908607804114	46.43790193594837	1.0001261788871554	-273.1499938964844	9.001042466508018	-273.1499938964844	123
DATA	2026-07-30T100000_AIU-0547.ghg	2026-07-30	10:30:00	211.437	1	18000	18000	0.2622054868048978	0	NaN	28.882966843211218	0	NaN	171.86444665081598	0	NaN	0.40534645898290317	1	NaN	3.8934587383541706	0	NaN	0.03313274806458605	1	NaN	NaN	NaN	NaN	NaN	NaN	NaN	NaN	NaN	NaN	3.1058789334903217e-10	1.1022558656335116e-11	1.8474386614866756e-12	NaN	15.092790636557472	393.1744558966522	398.7382505018318	0.1	0	535.6331448898009	13.953501070382265	14.150956456444192	0.6	0	0.08977492532320322	2.1859972229663307	2.216931174482435	0	1	NaN	NaN	NaN	NaN	9	295.4841916585852	294.47138357204864	95115.32787152778	1.119354079664134	1013.1994426691776	0.02573964825443111	0.25229612624535025	0.009768668596828031	1327.547834423843	2528.915084831567	0.008727058554840086	52.49475723350598	1201.3672504077242	284.32964002872023	2.1517983804591885	0.18719318527404472	0.3657001731529121	2.1906652358137557	2.939398734564727e-14	2.0578559712922277e-14	2.1906652358137557	9.120528257297483	327.0281376416981	4.971862358301932	9.609700087912852	NaN	0.4839908424028095	2.296346261651709	-330.63029713306105	-0.008771126013394063	0.1680566714411499	0.05261895617852773	0	64.83812362332502	-9.839435406921458	22.25682968120878	55.42265287481952	84.52304259337245	118.54476904234417	177.60166571062487	0.25999754817735254	1.0084921517261354	38.467585183574194	1.0133401876773787	157.12322340235772	1.0938195063037197	0.37057892700475487	1.0938195063037197	3.559507501846541	1.0938195063037197	0.010046246659633795	1.1512453523108515	NaN	NaN	800000009	800000009	800000009	800000009	800001019	800011019	899999999	899999999	89999	89999	89	89	7	2	3	60	55	3	2	NaN	0	0	0	0	0	0	0	0	0	NaN	NaN	NaN	NaN	0	0	0	0	0	0	0	0	2000	0	0	0	18000	18000	18000	18000	100	NaN	2.418743391875358	1.8066793036433668	0.3672698277846928	0.04109902379248428	0.793916135439657	0.19977642756067235	2.676911272580957e-7	NaN	0.0339181764765766	0.009673587857195081	0.09291734105273527	0.000010046246659633795	NaN	393.1725870138063	13.953290848277783	95522.32629210068	11.396590814166597	11.169788415564435	103.89937226867676	103.80496430630154	103.99377308061388	-0.18880762741342189	0.0002892170396096643	-1	0	2.1732698078140067	48.08975229787869	1.0001095999644862	-273.1499938964844	9.000922709173626	-273.1499938964844	008
DATA	2026-07-30T103000_AIU-0547.ghg	2026-07-30	11:00:00	211.458	1	18000	18000	0.12299493520925814	1	NaN	32.03866903808798	1	NaN	126.88397455389662	1	NaN	0.3698146628575568	1	NaN	2.8752598219561434	1	NaN	0.010456104550948414	1	NaN	NaN	NaN	NaN	NaN	NaN	NaN	NaN	NaN	NaN	-2.2862219592342257e-11	-8.082803047270912e-13	-1.3542438842457977e-13	NaN	15.06299561278382	392.39740545634123	397.91770952183305	0.1	0	532.543335734638	13.87297909440985	14.068146192434597	0.5	0	0.089225674719118	2.1753959598320107	2.205999748221359	0.9	0	NaN	NaN	NaN	NaN	9	295.8956380945841	294.75881239736543	95120.01116794694	1.1183518533559775	1013.1615553825729	0.025763503769409727	0.18631683646275807	0.009703303161016594	1319.9518945676218	2573.8097972316054	0.008676431421737877	51.28397195423549	1253.8579026639836	284.24316437380884	3.4679009431863967	0.5237663382225078	0.502908757062721	3.5431039141886	1.2503527747469653e-13	-1.517773766921854e-15	3.5431039141886	9.32797107307733	323.41137752762484	8.58862247237516	8.160130869027121	NaN	0.33163043694261085	2.553360944773559	-95.89015479857105	-0.03024293793342813	0.2525036684162103	0.08526345348458587	0	44.805738257182014	-6.799443642171886	15.380360032074913	38.29927116111806	58.40880505951141	81.91917959141247	122.72985865690782	0.12202981713151866	1.007908870966342	38.88146262723265	1.0149110968239077	114.38636344996887	1.109257875912753	0.3333892604127375	1.109257875912753	2.592057162172714	1.109257875912753	-0.008673482540280972	1.1619286148390555	NaN	NaN	800000009	800000009	800000009	800000019	800001019	800001019	899999999	899999999	89999	89999	89	89	3	4	1	12	32	5	3	NaN	0	0	0	0	0	0	0	0	0	NaN	NaN	NaN	NaN	0	0	0	0	0	0	100	0	9165	0	0	15	18000	18000	18000	18000	100	NaN	2.044707425082107	2.627642556700142	0.43437190776486895	0.07133636523718033	0.524700887106899	0.16317881597653683	1.5560395706064952e-7	NaN	0.03431511272067792	0.00871014351915584	0.0677202074968746	-0.000008673482540280972	NaN	392.3968528384295	13.872808534405456	95523.59460720487	11.380000114440918	11.083928208695525	103.90844921451145	103.81479965103998	104.00211190795899	-0.18731243244682766	0.0002897299803250159	-1	0	2.162783185216248	56.12324478896461	1.0001177082426018	-273.1499938964844	9.000982639948527	-273.1499938964844	166
DATA	2026-07-30T110000_AIU-0547.ghg	2026-07-30	11:30:00	211.479	1	18000	18000	0.1618705938848889	0	NaN	45.313338602712726	0	NaN	154.3639725018315	0	NaN	-1.1164749275926675	0	NaN	3.499613538042431	0	NaN	0.005265373861849747	0	NaN	NaN	NaN	NaN	NaN	NaN	NaN	NaN	NaN	NaN	-3.642847168492591e-10	-1.2942444073936568e-11	-2.1591461202910776e-12	NaN	15.017444369045377	391.8249775167064	397.3565400772466	0.1	1	533.545397020459	13.920904786076644	14.11743221577636	0.6	0	0.08900965438945059	2.1749643734899418	2.205669285604414	0	0	NaN	NaN	NaN	NaN	9	296.32774286058213	295.24363958301	95127.83007410912	1.1165868150185925	1013.2001735734273	0.025803759189932655	0.2267749572651495	0.009721634227662465	1324.620685160227	2651.1168724777513	0.008706563696527787	49.96462807474149	1326.4961873175243	284.29636774106876	2.008459048499229	0.25695593396557254	0.3548958082460331	2.0556957790999375	7.406776021045017e-15	-2.4257437410598232e-14	2.0556957790999375	7.71990252867236	324.7093633436125	7.2906366563875755	9.941363685045856	NaN	0.38074808913431535	1.8908090095433057	-102.61399644220144	-0.0282612518813012	0.2935486685675642	0.10519632742812288	0	52.4650886325224	-7.961779611592658	18.00956715970572	44.846368661428784	68.39354184451554	95.92291490204508	143.71000596691403	0.16047590240723283	1.0086909713965453	53.79610557605649	1.013302503420509	141.294325206935	1.0924994494701405	-1.021945528791026	1.0924994494701405	3.203309200512398	1.0924994494701405	-0.019490462248037153	1.150453628413399	NaN	NaN	800000009	800000009	800000009	800000019	800000019	800001119	899999999	899999999	89999	89999	89	89	13	2	1	18	24	7	2	NaN	0	0	0	0	0	0	0	0	0	NaN	NaN	NaN	NaN	0	5	0	0	0	0	0	0	4835	0	0	0	18000	18000	18000	18000	100	NaN	1.423342997063279	1.9723646106513868	0.38591041137194526	0.06108927105213536	0.19723937739634492	0.15447976855753612	2.5633144845590027e-7	NaN	0.04755137575377393	-0.026742414800130704	0.08382464716541148	-0.000019490462248037155	NaN	391.82524383051526	13.920683449475614	95541.34009223091	11.385036896387735	11.139103103823144	103.82076589520773	103.72457161098058	103.91694775305854	-0.1924043407883084	0.0002902956277862865	-1	0	2.1623571803371116	53.754280486928536	1.0001162246366342	-273.4326189083524	9.000947833749983	-273.1499938964844	134
DATA	2026-07-30T113000_AIU-0547.ghg	2026-07-30	12:00:00	211.499	1	18000	18000	0.17027319046320433	0	NaN	24.650185011695783	0	NaN	108.09561119839583	0	NaN	-0.2703501172104004	0	NaN	2.451715430740211	0	NaN	0.041247469141717744	0	NaN	NaN	NaN	NaN	NaN	NaN	NaN	NaN	NaN	NaN	1.4228455685880545e-11	5.076866539598259e-13	8.432642943828318e-14	NaN	14.982326118438202	391.5847848388741	397.1336021327967	0.1	1	534.5855645565846	13.972167714146641	14.170155503375339	0.3	0	0.08879432133323882	2.1741617684998316	2.2049699788489674	0.7	0	NaN	NaN	NaN	NaN	9	296.7895576282078	295.69029549629806	95136.56585494283	1.1149808071851266	1013.2398523144708	0.025840423129257793	0.15887115991196568	0.009743589153452449	1329.620614884253	2724.1254351870584	0.008738795404067135	48.80908190605957	1394.5048203028055	284.35316184545036	2.041852148174821	0.050749001781405144	0.34504512740800036	2.0714226502903426	-1.1077799572032666e-14	9.496826843443292e-16	2.0714226502903426	7.390360086382716	330.57624113230554	1.423758867694655	9.588682728716869	NaN	0.3907863998291384	2.294705976729949	-203.96451869398854	-0.014218159210087513	0.22804057203075048	0.05583430153128362	0	58.98657128084958	-8.95143976351739	20.24818111799986	50.4208339427987	76.89495312622947	107.84626510339928	161.57335728741987	0.1688103503765426	1.008665582906491	30.664377142458672	1.01330515878657	98.92990492814924	1.0926484896240773	-0.2474264319931597	1.0926484896240773	2.2438281423733235	1.0926484896240773	0.02305501412402008	1.150541938940313	NaN	NaN	800000009	800000009	800000009	800000019	800001019	800011119	899999999	899999999	89999	89999	89	89	3	4	5	16	14	7	2	NaN	0	0	0	0	0	0	0	0	0	NaN	NaN	NaN	NaN	0	3	0	0	0	0	0	0	3365	0	0	0	18000	18000	18000	18000	100	NaN	1.6139496260166184	2.67215489113897	0.3033074363043098	0.08871669887580634	0.38845135740591524	0.16202689124923222	5.2042926426286e-7	NaN	0.027142790402029125	-0.006484226701174131	0.058803298566037145	0.00002305501412402008	NaN	391.5844603569828	13.97200686198881	95543.27247916667	11.390000343322754	11.194636012103818	103.75709979099697	103.65987219111125	103.85433951547411	-0.19452961413810652	0.00029108563339104877	-1	0	2.161488108352378	52.460279604593374	1.0000648096154134	-487.379752892391	9.00048096203804	-372.35137306214494	115
DATA	2026-07-30T120000_AIU-0547.ghg	2026-07-30	12:30:00	211.52	1	18000	18000	0.06313525519226532	1	NaN	24.193538525234207	1	NaN	142.63439090235516	1	NaN	0.14015603467943244	1	NaN	3.236339797781648	1	NaN	0.010431752553274496	1	NaN	NaN	NaN	NaN	NaN	NaN	NaN	NaN	NaN	NaN	8.864041489738807e-11	3.1069436637098294e-12	5.244942328183588e-13	NaN	14.964913603953475	391.78168400874307	397.2366880837252	0.1	0	524.5366185795947	13.732377291979471	13.923581161748094	0.5	0	0.08854889599721269	2.1719030374992703	2.2021437057173388	-0.1	0	NaN	NaN	NaN	NaN	9	297.2052014194065	296.08924838509637	95130.11283309142	1.113504437960461	1013.1164516059362	0.025877042902206913	0.20971481889625077	0.00956281766724843	1306.7130191913907	2790.815563443303	0.008588037318256284	46.821905263390846	1484.1025442519121	284.09139412974474	1.9315111755795489	0.4482278673662549	0.32717231273044056	2.009648069859461	4.6716443343382726e-14	5.923215946530476e-15	2.009648069859461	6.330419495489271	318.9351478401286	13.064852159871435	9.369502203068414	NaN	0.23811677611525545	1.6339093168159156	-47.01026847696341	-0.061688650032302964	0.16961925081445925	0.0900654199846485	0	45.7664447606303	-6.945234560499575	15.710139486290734	39.120468630750594	59.661183015147955	83.67565748133995	125.36138260819726	0.06258646089820097	1.0087685784782907	32.21778981396957	1.0132975717811556	130.61011931459095	1.0920623275659234	0.12834069186492636	1.0920623275659234	2.9635119865319988	1.0920623275659234	-0.007283779063900551	1.1502011874203009	NaN	NaN	800000009	800000009	800000009	800000019	800000019	800000119	899999999	899999999	89999	89999	89	89	4	0	5	6	23	11	1	NaN	0	0	0	0	0	0	0	0	0	NaN	NaN	NaN	NaN	0	1	0	0	0	0	0	0	2435	0	0	0	18000	18000	18000	18000	100	NaN	1.4691196335940782	1.5863260969414228	0.21237290309633008	0.07964691305561994	0.2844422359245077	0.301706673634851	3.438983441591855e-7	NaN	0.028559093865222374	0.003367331459338167	0.07775497386968735	-0.0000072837790639005515	NaN	391.7814801119322	13.732027692972363	95539.2242751736	11.390000343322754	10.928449250592106	103.73010177442762	103.63442134730022	103.82574826113384	-0.19131776571108242	0.00029150012574973504	-1	0	2.15950008244978	52.58363582139549	1.000097978942924	-273.1499938964844	9.000865040010876	-273.1499938964844	208
DATA	2026-07-30T123000_AIU-0547.ghg	2026-07-30	13:00:00	211.541	1	18000	18000	0.22867437806989785	0	NaN	52.18602354282328	1	NaN	158.09107395910306	0	NaN	-0.8015156499676528	2	NaN	3.5893103699452333	0	NaN	0.04810821338390627	1	NaN	NaN	NaN	NaN	NaN	NaN	NaN	NaN	NaN	NaN	-1.488552506413451e-10	-5.120673131588302e-12	-8.77539840849168e-13	NaN	14.938910515464933	391.89790186716033	397.2534448138422	0.1	1	513.9037915166147	13.48142606841714	13.66565863498086	0.3	0	0.08806870499843726	2.1663669224603304	2.195971753300787	0	1	NaN	NaN	NaN	NaN	9	297.8918082580566	296.7396510490054	95112.09317250879	1.1109593286526274	1012.9936464555858	0.025938798911162225	0.2325873119724511	0.009365711294008788	1282.590601408367	2902.598082397673	0.008430291777978527	44.18767480025657	1620.0074809893058	283.8113397938675	1.5394172012872414	-0.11479652205014515	0.3553686663991935	1.5840676911521743	-3.6190931513638245e-14	-9.964264160177438e-15	1.5840676911521743	9.050139771178415	336.26473390739955	355.73526609260045	12.964030770346573	NaN	0.45369048722556005	1.7798457669028924	-150.72211910018356	-0.019240706124045385	0.330101012257804	0.10220912046189022	0	69.93262015928873	-10.612544910947378	24.00560548433307	59.77735188993897	91.16423335642752	127.85913351642007	191.5562809922224	0.22645468229863427	1.0098019424846176	60.8973349373811	1.0135012360129667	145.23604760688377	1.0885112653782378	-0.7363411619714755	1.0885112653782378	3.297448987538051	1.0885112653782378	0.017543638849925866	1.1483927128018958	NaN	NaN	800000009	800000009	800000009	800000019	800001019	800001119	899999999	899999999	89999	89999	89	89	2	4	1	9	19	13	1	NaN	0	0	0	0	0	0	0	0	0	NaN	NaN	NaN	NaN	0	2	0	0	0	0	100	0	4765	0	0	10	18000	18000	18000	18000	100	NaN	1.4694754079019554	1.823095819742207	0.2671203061616225	0.12606553278517726	0.3884501501294701	0.3026890591651942	5.088416788018317e-7	NaN	0.05411197751098285	-0.019360887720621046	0.08670103331079686	0.000017543638849925866	NaN	391.89751149719814	13.481144725743158	95521.54848697917	11.388295859866671	10.648117409785597	103.67372098965114	103.5764812450409	103.77096119350855	-0.19449813081241352	0.00029163494556754205	-1	0	2.154242211886026	49.00595876434126	1.0000879171623125	-273.1499938964844	9.000868716504838	-273.1499938964844	192
DATA	2026-07-30T130000_AIU-0547.ghg	2026-07-30	13:30:00	211.562	1	18000	18000	0.10221497107182988	1	NaN	19.05753305615472	1	NaN	154.26496864100764	1	NaN	0.3442369528656414	1	NaN	3.504681844551381	1	NaN	-0.007754651046511792	1	NaN	NaN	NaN	NaN	NaN	NaN	NaN	NaN	NaN	NaN	-2.1532691792720582e-10	-7.2649484884954125e-12	-1.2618553563267287e-12	NaN	14.908198291382737	392.18197414209504	397.4408675178474	0.1	0	502.9900287700475	13.23188883064757	13.40931945497038	0.3	0	0.08736478489661911	2.155361209462866	2.1842631364614045	0.2	0	NaN	NaN	NaN	NaN	9	298.4455057076349	297.39870395511883	95086.7122371211	1.1083066749659078	1012.8723883387023	0.026003347539421868	0.22710338352692946	0.009169536362661072	1258.5142982025661	3019.8348006041165	0.008273464889980143	41.674938574481	1761.3205024015504	283.5271566910253	1.9471164286753153	0.29444485890594047	0.3552993643797018	2.0010491748285713	4.572020670150446e-14	-1.4443523873147666e-14	2.0010491748285713	7.690186475858572	323.4008289441215	8.599171055878536	10.227467301972004	NaN	0.30368775467028225	2.2789735382459835	-123.75814089545744	-0.023432801907146656	0.12353765877011129	0.055901662025018145	0	47.178282788457444	-7.159486428128315	16.194777794230575	40.327286542174306	61.50165647570392	86.25694767885207	129.22862569672952	0.10132496767647638	1.0087836533853651	27.841070637307418	1.0132970948404878	141.27041360856083	1.0919835562204323	0.31524005183476617	1.0919835562204323	3.2094639379751895	1.0919835562204323	-0.022952574648944277	1.1501556442324872	NaN	NaN	800000009	800000009	800000009	800000019	800000019	800000019	899999999	899999999	89999	89999	89	89	7	2	2	10	18	13	2	NaN	0	0	0	0	0	0	0	0	0	NaN	NaN	NaN	NaN	0	20	0	0	0	0	0	0	4800	0	0	0	18000	18000	18000	18000	100	NaN	2.0872781037999992	2.1504948000581363	0.320174172633831	0.06763681637172356	0.22824933719987167	0.2411626921820593	2.159290044201291e-7	NaN	0.024801117576066223	0.0083072466757347	0.08457620938220643	-0.000022952574648944277	NaN	392.1818052680037	13.23160956150598	95489.69063237848	11.380000114440918	10.364751538223693	103.61617643949721	103.51823185306125	103.71412670559353	-0.19587265586728858	0.00029231256442209194	-1	0	2.143612350165843	52.21038015219863	1.0000834643178516	-273.1499938964844	9.000741543398963	-273.1499938964844	018
DATA	2026-07-30T133000_AIU-0547.ghg	2026-07-30	14:00:00	211.583	1	18000	18000	0.06555788256682524	2	NaN	19.368073416817435	1	NaN	126.87612191603941	1	NaN	0.3760901055318357	2	NaN	2.883690952836115	1	NaN	-0.0064451178873632465	1	NaN	NaN	NaN	NaN	NaN	NaN	NaN	NaN	NaN	NaN	-5.702810081457964e-11	-1.892639687912198e-12	-3.335409944268242e-13	NaN	14.884603890387975	392.2136127843828	397.38628032475344	0.2	0	493.9879052503608	13.016724020123268	13.188393701200527	0.3	0	0.08705577622848244	2.151905767561028	2.1802859480315067	-0.1	0	NaN	NaN	NaN	NaN	9	298.843742869907	297.84366459818784	95091.22841085299	1.106793986106984	1012.7649575532166	0.02604101628354515	0.18686317374378025	0.009007381597844043	1238.1082973419334	3101.3048167549982	0.008138263950571718	39.922173746126916	1863.1965194130648	283.28252142497263	1.8762063799209179	0.707408878687285	0.3646380750248868	2.0380232156331872	-1.9308448297018622e-15	-3.831348233015905e-15	2.0380232156331872	7.2674195549940315	311.3414428389207	20.6585571610793	10.30671520691837	NaN	0.24337673672815177	1.801975738874146	-62.67777292351209	-0.046268395712447744	0.152653415980308	0.07099567658261029	0	43.15564778336763	-6.549036046680762	14.813937369265773	36.88879864230257	56.25774547284937	78.90228793591537	118.21000520733568	0.0649911538742209	1.0087200897171504	26.56711664322503	1.013300087608983	116.15193050105128	1.0923289984826474	0.34430112727416545	1.0923289984826474	2.6399472657430554	1.0923289984826474	-0.020055150651716796	1.1503558858556635	NaN	NaN	800000009	800000009	800000009	800000019	800000019	800000119	899999999	899999999	89999	89999	89	89	5	6	1	3	0	26	1	NaN	0	0	0	0	0	0	0	0	0	NaN	NaN	NaN	NaN	0	4	0	0	0	0	100	0	5435	0	0	15	18000	18000	18000	18000	100	NaN	1.9286259494988225	1.4183740708509143	0.2569514573985556	0.06907387337866287	0.3444756484211707	0.24890686750445096	2.3101503235050127e-7	NaN	0.023701125276971047	0.009084229893734377	0.06965381745685871	-0.000020055150651716796	NaN	392.21347904094034	13.016308786233536	95497.03854188368	11.385036896387735	10.11983407960998	103.59477477243212	103.49663401942783	103.69293444421558	-0.19631253444568972	0.00029266396793536844	-1	0	2.140352804382862	54.75340852043352	1.0000865972224209	-273.1499938964844	9.000812375783921	-273.1499938964844	082
DATA	2026-07-30T140000_AIU-0547.ghg	2026-07-30	14:30:00	211.604	1	18000	18000	0.20177598495012444	0	NaN	21.748892337283515	0	NaN	144.07972345116312	0	NaN	1.0758980422720912	0	NaN	3.276260258015074	0	NaN	0.027544526924576845	1	NaN	NaN	NaN	NaN	NaN	NaN	NaN	NaN	NaN	NaN	-2.9963397643269776e-10	-1.0147468518194866e-11	-1.7403097117186438e-12	NaN	14.816125117219645	391.52310558585765	396.78422855903017	0.1	1	501.7660713199945	13.259405476570722	13.437579795705759	0.3	0	0.08605381385153928	2.1321311045789866	2.1607817864316727	0.9	0	NaN	NaN	NaN	NaN	9	299.3351593356662	298.3338925401059	95083.27862211941	1.104781012176998	1012.9128328349193	0.026086058647975908	0.21230166471937678	0.009159470735155032	1261.0859275289927	3193.276880835409	0.008290756841580822	39.49190673372093	1932.1909533064163	283.5577380662362	1.2299681064353976	-0.07170775921477819	0.2862234019047325	1.2648665468648193	1.1540156893871566e-13	-2.022350473299231e-14	1.2648665468648193	6.64726817628998	335.33659587671195	356.663404123288	13.078595305851819	NaN	0.4273627224160171	1.596754067031049	-302.2128922949272	-0.0095958844706397	0.15095040312633207	0.04547704436584037	0	65.83668177246588	-9.990970458515578	22.599602380513357	56.27620536188203	85.82476399206864	120.37045181276088	180.3368711836675	0.1995487118035103	1.011161551114433	29.974575846748007	1.0140957647881979	132.59084148063485	1.0866491368652054	0.9901061950648309	1.0866491368652054	3.0150120649490577	1.0866491368652054	0.009388805057871041	1.1479074962187026	NaN	NaN	800000009	800000009	800000009	800000019	800001019	800001119	899999999	899999999	89999	89999	89	89	7	2	3	17	18	21	0	NaN	0	0	0	0	0	0	0	0	0	NaN	NaN	NaN	NaN	0	0	0	0	0	0	100	0	2500	0	0	15	18000	18000	18000	18000	100	NaN	1.3514622829420004	1.5664259976363424	0.27561985348375495	0.0876562133753648	0.37776093906745095	0.25711087930322724	5.232933741649648e-7	NaN	0.026785809238303388	0.02617512800475261	0.07970693156883803	0.000009388805057871042	NaN	391.5217074069836	13.259022081534837	95491.12818923611	11.390000343322754	10.395386759837454	103.55678891669379	103.45836685689291	103.65519737794664	-0.1968609057408242	0.00029368843584153285	-1	0	2.1207869715425693	48.443576128642	1.000059319547481	-273.1499938964844	9.000632724497054	-273.1499938964844	247
DATA	2026-07-30T143000_AIU-0547.ghg	2026-07-30	15:00:00	211.624	1	18000	18000	0.12804948490003565	1	NaN	17.72766254916281	0	NaN	141.98657672867145	0	NaN	1.1602688376368773	1	NaN	3.229624691590661	0	NaN	0.0023507086520084763	0	NaN	NaN	NaN	NaN	NaN	NaN	NaN	NaN	NaN	NaN	-1.1189397740475005e-10	-3.792319046153342e-12	-6.505018691419636e-13	NaN	14.747344916218658	390.30215701861374	395.53434461195934	0.1	0	499.81811624827014	13.228149880331154	13.405479573345081	0.2	0	0.08573451096639835	2.1272246662718644	2.1557411330834877	-0.1	0	NaN	NaN	NaN	NaN	9	299.63365725199384	298.64028045216827	95056.73165876938	1.1033525404560984	1012.9038579531897	0.026120141607564616	0.20927968001507483	0.009125956072870277	1257.7619843797222	3251.9586922227445	0.008271115294752333	38.677059071744544	1994.1967078430223	283.5181998978502	1.8595525341877894	0.42751787506777533	0.27222264428742304	1.9273848419476785	-6.400605453331186e-14	-7.587398141186258e-15	1.9273848419476785	7.912113708945665	319.0524798538355	12.94752014616448	8.11957029260944	NaN	0.3406683352464912	1.8549920564509526	-187.76678520735337	-0.015444691119345155	0.12485449651370496	0.04656259577407974	0	52.935153654368115	-8.033113792180206	18.17092527042301	45.24817317208518	69.00631907560782	96.78234368152843	144.9975868870082	0.12691723787682652	1.0089211445360005	25.858534143370452	1.0132999372790974	130.10707799242837	1.0913055532377294	1.0631933780548857	1.0913055532377294	2.959413779219651	1.0913055532377294	-0.01228789922420117	1.1497742695839042	NaN	NaN	800000009	800000009	800000009	800000019	800000019	800000119	899999999	899999999	89999	89999	89	89	3	10	4	10	5	27	0	NaN	0	0	0	0	0	0	0	0	0	NaN	NaN	NaN	NaN	0	2	0	0	0	0	0	0	2900	0	0	0	18000	18000	18000	18000	100	NaN	2.0698122709537587	1.3380444169906762	0.3021274249574699	0.04732595048245114	0.424100247939492	0.18923480034248932	5.921541805116525e-8	NaN	0.02313776349488044	0.028143143167572236	0.07833683636464962	-0.00001228789922420117	NaN	390.3017865786109	13.227824388656204	95457.47146809896	11.373257737901476	10.357212697188057	103.56706222830879	103.46954628393385	103.66462711313035	-0.19508529742269043	0.0002941729065464137	-1	0	2.1157469737728443	53.27614124388188	1.0000661565694544	-273.1499938964844	9.000659598933327	-273.1499938964844	213
DATA	2026-07-30T150000_AIU-0547.ghg	2026-07-30	15:30:00	211.645	1	18000	18000	0.19175838861755723	0	NaN	33.15387863486913	0	NaN	109.97630259256592	0	NaN	0.8521303396818056	0	NaN	2.5022289519957233	0	NaN	0.020206133063021384	2	NaN	NaN	NaN	NaN	NaN	NaN	NaN	NaN	NaN	NaN	2.426277820117071e-10	8.088501132617133e-12	1.3970806622128279e-12	NaN	14.68543178628876	389.1571720618074	394.2722084404475	0.3	0	489.56937516181404	12.973362740611991	13.1438831039396	0.2	0	0.08456052557031433	2.1006973259290445	2.128308646017814	0	1	NaN	NaN	NaN	NaN	9	299.87719012620715	298.9321729316086	95045.97689332106	1.1022571771098373	1012.7706925082442	0.026148630031367893	0.16214443608932286	0.008940430160621727	1233.3966921569408	3308.7365864559138	0.008111020137844685	37.276968411621695	2075.339894298973	283.22553245140443	1.4491548263692142	0.29277342195823575	0.2743288766254878	1.5036696179497187	4.9348309466739426e-14	1.652166484054215e-14	1.5036696179497187	6.476127072905129	320.57824881410437	11.421751185895644	10.51189169355253	NaN	0.4170957053488265	1.738984221047498	-184.24580876002886	-0.015739842439385462	0.301463841330398	0.0712040283794817	0	71.31028900539529	-10.821611473424474	24.47851461790138	60.954962498749836	92.96016383762883	130.3779515520454	195.3299293983299	0.1898442555815092	1.0100826492230954	39.29077852786421	1.0136052133332407	101.08474624061792	1.0879614054803375	0.7832358164447829	1.0879614054803375	2.2999243717574553	1.0879614054803375	0.0015545902518210857	1.1481834333179413	NaN	NaN	800000009	800000009	800000009	800000019	800001019	800011119	899999999	899999999	89999	89999	89	89	1	0	0	19	24	20	2	NaN	0	0	0	0	0	0	0	0	0	NaN	NaN	NaN	NaN	0	5	0	0	0	0	0	0	3700	0	0	0	18000	18000	18000	18000	100	NaN	1.7112423038573652	1.5517065614684098	0.21501957676922076	0.06729833322345176	0.2691707146989085	0.2276442534846664	4.6077074690880126e-7	NaN	0.03519626457103175	0.020749810620166214	0.0609305577613819	0.0000015545902518210858	NaN	389.1563102450461	12.97278594281867	95451.45465060763	11.371704369015164	10.063157563156622	103.5635350388421	103.46636137072245	103.66070414903429	-0.19431447150516834	0.0002943294648850698	-1	0	2.0897164073848034	53.38134954738631	1.0000379095392096	-273.1499938964844	9.00052397441864	-273.1499938964844	030
DATA	2026-07-30T153000_AIU-0547.ghg	2026-07-30	16:00:00	211.666	1	18000	18000	0.11325536269770561	1	NaN	16.502505629725615	0	NaN	126.71967348439853	0	NaN	-0.19256445011639534	2	NaN	2.884259931653912	0	NaN	0.001801369387249467	0	NaN	NaN	NaN	NaN	NaN	NaN	NaN	NaN	NaN	NaN	-2.2331722635965152e-11	-7.582676657189154e-13	-1.2856561619856228e-13	NaN	14.590839960857773	387.60205813922914	392.77129131431377	0.1	1	495.42806609015236	13.16092415458116	13.336444083657996	0.2	0	0.08400069985649868	2.0906983561641197	2.118580837886898	-0.1	0	NaN	NaN	NaN	NaN	9	300.30657575649684	299.3169831019606	95008.99015788242	1.100333268956987	1012.8853175715	0.026192483399459017	0.18690004357117349	0.0090545006256991	1250.7415216745405	3384.9079624894066	0.008228871089467212	36.95053264475444	2134.1664408148663	283.4343883902591	1.5331267554006802	0.30474283911885386	0.31467579743844565	1.5944800731314324	-3.6523824897964304e-14	-1.530530298178413e-15	1.5944800731314324	5.836919157736603	320.75773053948456	11.242269460515455	11.38222581334643	NaN	0.32082430750087126	1.3242829569667134	-168.41245908544417	-0.017219628617433126	0.13022844185088095	0.04615280532499104	0	61.84466180528058	-9.385166027183608	21.22927110735997	52.86388673594532	80.62076278314697	113.07176612327919	169.40211002615726	0.11215977327877164	1.009768113708744	23.789352361281622	1.013489599446189	116.40774781021524	1.088584530395651	-0.17689434742050478	1.088584530395651	2.6495507249268138	1.088584530395651	-0.011232204364788884	1.148423737678118	NaN	NaN	800000009	800000009	800000009	800000019	800000119	800101119	899999999	899999999	89999	89999	89	89	4	8	7	15	17	33	0	NaN	0	0	0	0	0	0	0	0	0	NaN	NaN	NaN	NaN	0	1	0	0	0	0	100	0	2000	0	0	15	18000	18000	18000	18000	100	NaN	1.2934588983355582	1.1734860244119096	0.1816209911859593	0.06787432736464465	0.3058831501863257	0.3396624700067247	1.261433213716358e-7	NaN	0.021345095342357977	-0.004695110830861243	0.07032409167913391	-0.000011232204364788884	NaN	387.60208813514544	13.160429843333905	95411.67555902779	11.380000114440918	10.26822671119378	103.55090456941392	103.45406678199768	103.64774342748854	-0.19365808229424328	0.0002949869063094311	-1	0	2.079583200697547	52.84511921813728	1.000042590904567	-273.1499938964844	9.000529054111905	-273.1499938964844	117
DATA	2026-07-30T160000_AIU-0547.ghg	2026-07-30	16:30:00	211.687	1	18000	18000	0.20876488260330137	0	NaN	30.659598656447695	0	NaN	132.80180379158594	0	NaN	1.8372384935635242	0	NaN	3.023582701695338	0	NaN	-0.006918447424075598	0	NaN	NaN	NaN	NaN	NaN	NaN	NaN	NaN	NaN	NaN	2.460455255732027e-10	8.578502189158705e-12	1.4188280668446278e-12	NaN	14.546949587200602	386.92078638412266	392.211797938029	0	0	507.1867841882549	13.490189692718822	13.674663497281244	0.3	0	0.08388537167343633	2.091001846323376	2.119595592944042	0	0	NaN	NaN	NaN	NaN	9	300.588896103753	299.6190193737124	95003.2228309753	1.0990197972446545	1013.0763212712262	0.026220505503323374	0.1959281590698579	0.009271111207108714	1281.9552761266998	3445.760753424042	0.008435800001376005	37.20383879968523	2163.805477297342	283.8039013578095	1.2692003183103449	0.6507049389028406	0.3015274332282552	1.4578083407982974	-6.979696308726277e-14	1.6913891403713276e-14	1.4578083407982974	6.168751924784203	304.85628843411143	27.143711565888548	11.93700542042722	NaN	0.4358388750781524	1.3785556112609412	-227.270181695627	-0.012760142920481504	0.2308673359931443	0.06318192013063417	0	75.94729064319948	-11.525294361628072	26.070247227001232	64.91860175587878	99.00496379536027	138.85586944177166	208.03139527604785	0.20664490567997512	1.0102590330806867	38.18997649490594	1.0136767433997034	122.09761151264271	1.0876691373920517	1.6891519952186427	1.0876691373920517	2.779873582645826	1.0876691373920517	-0.023889829019457274	1.148088051405035	NaN	NaN	800000009	800000009	800000009	800000019	800001119	800011119	899999999	899999999	89999	89999	89	89	0	0	1	18	60	22	0	NaN	0	0	0	0	0	0	0	0	0	NaN	NaN	NaN	NaN	0	3	0	0	0	0	0	0	2600	0	0	0	18000	18000	18000	18000	100	NaN	1.6678584196540511	0.8886863590207824	0.2005664438470486	0.08494337708441028	1.5954517224005142	0.49472339597761505	1.2736046775146097e-7	NaN	0.03430059950753471	0.04489624044827899	0.07388670358592032	-0.000023889829019457274	NaN	386.9198758748248	13.489644056877497	95406.63341970486	11.380000114440918	10.633749711513477	103.5114384651184	103.41147511291504	103.61137921693589	-0.19993523362899782	0.00029557303240613294	-1	0	2.0796298615292264	52.01419559971478	1.0000661366118324	-273.1499938964844	9.00059119934506	-273.1499938964844	030
DATA	2026-07-30T163000_AIU-0547.ghg	2026-07-30	17:00:00	211.708	1	18000	18000	0.05476988372126712	1	NaN	-1.857117656307392	1	NaN	143.59452391374737	1	NaN	0.6631380375934857	1	NaN	3.2697939861823926	1	NaN	0.010292140430612181	2	NaN	NaN	NaN	NaN	NaN	NaN	NaN	NaN	NaN	NaN	-7.33671910301291e-14	-2.581179820262056e-15	-4.25211716478161e-16	NaN	14.506905843079963	385.9871714443016	391.3009089508056	0	0	510.37707851214464	13.579670746872655	13.766616871283022	0.2	0	0.08407717738287031	2.097299815133195	2.1261725381523466	0	1	NaN	NaN	NaN	NaN	9	300.80242473602294	299.77206718963623	95013.74350318838	1.0985429776370983	1013.1302669509653	0.026230994324847347	0.21188265030461903	0.00932887514750437	1290.6014505411297	3476.9583668010578	0.008492043859376568	37.118691522571645	2186.356916259928	283.9048540709415	2.0020158904229315	0.8815839170769216	0.35945290463612767	2.216859088667081	-1.5068943233138484e-15	-5.057397616261945e-18	2.216859088667081	7.275149101201138	308.2337974178524	23.766202582147628	9.331429211665467	NaN	0.22328645738170208	1.1430132488520615	504.5700322281771	0.005747467774084053	-0.012933067401810553	-0.007472995031073391	0	46.25680673505437	-7.019648881947033	15.878464884019728	39.53962267119447	60.30041937385568	84.57219556351755	126.70456002592772	0.05431052323456026	1.0084580383201787	6.5661320112223125	1.013351266834882	131.2469433897194	1.094078994947437	0.606115317683569	1.094078994947437	2.988626965038739	1.094078994947437	0.0010239142994698156	1.1514064259524277	NaN	NaN	800000009	800000009	800000009	800000019	800001019	800001119	899999999	899999999	89999	89999	89	89	0	2	0	2	27	20	1	NaN	0	0	0	0	0	0	0	0	0	NaN	NaN	NaN	NaN	0	3	0	0	0	0	100	0	3400	0	0	15	18000	18000	18000	18000	100	NaN	1.3428604352656315	0.7613330629330347	0.18183299950545642	0.025812182449643818	0.40693632016299663	0.44085194069499267	9.939183533075553e-8	NaN	0.00589966385718984	0.016117942522193732	0.07947417964434417	0.0000010239142994698157	NaN	385.9865366044472	13.579035888447851	95413.47369943577	11.380000114440918	10.735496459960949	103.51228186819289	103.41151098102993	103.6130409719679	-0.20155781043941762	0.0002957171692687552	-1	0	2.0856685923205482	53.85686973661843	1.0000643302218781	-273.1499938964844	9.0006192600992	-273.1499938964844	166
DATA	2026-07-30T170000_AIU-0547.ghg	2026-07-30	17:30:00	211.729	1	18000	18000	0.19909347745252376	0	NaN	35.47054504051837	1	NaN	105.17074422572458	0	NaN	-0.7034479882865057	2	NaN	2.395898616952896	0	NaN	0.01753370002976387	2	NaN	NaN	NaN	NaN	NaN	NaN	NaN	NaN	NaN	NaN	1.243753036328915e-10	4.399903964708092e-12	7.221494046349425e-13	NaN	14.49355932472886	385.8833855799184	391.2239923782896	0.1	1	512.7245302960786	13.651020649078935	13.839950093588739	0.3	0	0.08415268089143589	2.103526887820752	2.132639594968713	0	1	NaN	NaN	NaN	NaN	9	300.8749357918634	300.22414754345425	95035.7085597067	1.0971126043181785	1013.1826715155726	0.026264481009347272	0.15525423037854766	0.009365934024115582	1297.6824161731415	3570.553087651025	0.008536894013660722	36.34401686005608	2272.8706714778837	283.9870887596866	0.8976149015647751	0.23024549661549082	0.2527709775522615	0.9605304093654032	6.252205634988605e-15	8.581418880363141e-15	0.9605304093654032	4.559404035775614	317.61334512483154	14.386654875168503	15.257511987594608	NaN	0.42599344247994114	0.9339593462559126	-183.48347819565083	-0.015805237771368667	0.3372662740161758	0.07490761851505003	0	82.31157451576264	-12.491098992853857	28.25489993252069	70.35869588807526	107.30145059627462	150.49181014505115	225.46415479557015	0.1964640262783321	1.013383881130821	41.295643521447325	1.0153271973636877	96.8433458521756	1.085988338179271	-0.647749118066849	1.085988338179271	2.206191846378179	1.085988338179271	-0.0013237435582295917	1.1486401633419447	NaN	NaN	800000009	800000009	800000009	800000019	800001019	800011119	899999999	899999999	89999	89999	89	89	0	3	4	17	53	16	1	NaN	0	0	0	0	0	0	0	0	0	NaN	NaN	NaN	NaN	0	0	0	0	0	0	100	0	5900	0	0	15	18000	18000	18000	18000	100	NaN	1.1163892795152393	0.5948396540817583	0.1566897589148274	0.07513909380629298	2.694471644039367	0.49997007782244657	1.7286687813948723e-7	NaN	0.03715055278465454	-0.01724831466886922	0.058746650709136525	-0.0000013237435582295918	NaN	385.8820951745686	13.650387668540729	95443.82005859374	11.388371417151557	10.817631486150947	103.50815518993801	103.40834744389852	103.60797680918375	-0.19961258378459362	0.0002958576397116607	-1	0	2.0918580177625	48.095103452682494	1.0000495791799493	-273.1499938964844	9.000558385080762	-273.1499938964844	226
DATA	2026-07-30T173000_AIU-0547.ghg	2026-07-30	18:00:00	211.749	1	18000	18000	0.09132437116602153	0	NaN	15.263882044647833	0	NaN	65.34942945047577	0	NaN	-0.9368414164175745	1	NaN	1.488210603205115	0	NaN	-0.01456010686902569	0	NaN	NaN	NaN	NaN	NaN	NaN	NaN	NaN	NaN	NaN	1.9656866193020068e-10	7.29820502224446e-12	1.1450189481387947e-12	NaN	14.690033950229813	390.30159673192554	396.04067165498327	0.1	1	545.4118601599793	14.49112511367881	14.70420559667752	0.4	0	0.08556993295191706	2.136151886625133	2.1675623031517994	0	1	NaN	NaN	NaN	NaN	9	300.5630261349148	299.86696472815976	95057.65828345022	1.0983222859620758	1013.6391324121995	0.02622717611363644	0.09643604708769145	0.009956469499089004	1377.8619169582978	3496.425856055858	0.009065162044278862	39.40772588018195	2118.5639390975603	284.8916830961292	1.2939837756742523	0.3232916227139157	0.33041764368786386	1.374076891693389	-3.6876304062818634e-14	1.3381089696332903e-14	1.374076891693389	4.902525011256056	317.97227172389205	14.027728276107933	13.913997133321802	NaN	0.28835563800609104	0.7111812753343771	-132.28327876182655	-0.02192264984013129	0.23357330236854434	0.04754702949700673	0	72.88658015305307	-11.060819736451712	25.019604360183735	62.30235246354611	95.01501854914156	133.25991450224038	199.64763506013017	0.09036504066607938	1.0106161685190527	18.976057399155398	1.0138332914877588	60.10904773676328	1.0871812466013735	-0.8617159460266861	1.0871812466013735	1.3688707452022333	1.0871812466013735	-0.02219717735010464	1.1479624560575874	NaN	NaN	800000009	800000009	800000009	800000019	800000019	800001119	899999999	899999999	89999	89999	89	89	3	0	0	25	50	7	3	NaN	0	0	0	0	0	0	0	0	0	NaN	NaN	NaN	NaN	0	4	0	0	0	0	100	0	5600	0	0	15	18000	18000	18000	18000	100	NaN	0.6287946068509708	0.6962652153587866	0.097302728458997	0.17056804943113654	38.04493620887949	1.6989042881615959	3.6953974721926517e-7	NaN	0.017044835763472023	-0.022932786902406355	0.03642966251397283	-0.00002219717735010464	NaN	390.2905658658554	14.489444452329439	95452.66443402777	11.384886892954507	11.686724086417058	103.52991417312622	103.43037381532457	103.62940977923076	-0.19905978433291077	0.000295280886131675	-1	0	2.1234205287428924	45.59829947619955	1.0000432008852562	-273.1499938964844	9.000521565967135	-273.1499938964844	128
DATA	2026-07-30T180000_AIU-0547.ghg	2026-07-30	18:30:00	211.77	1	18000	18000	0.22369037054884724	0	NaN	3.911973091400356	1	NaN	151.8867065644632	0	NaN	4.986021778064549	1	NaN	3.459049878864954	0	NaN	0.010040400595051041	2	NaN	NaN	NaN	NaN	NaN	NaN	NaN	NaN	NaN	NaN	-2.3019593716142356e-10	-8.321671945633314e-12	-1.3489546015067334e-12	NaN	14.646599619156323	389.36941714136213	394.9283715002352	0.2	0	529.480227377715	14.075854661330073	14.276813006232793	0.7	0	0.08582948159868169	2.142586308016203	2.173175612085465	0	1	NaN	NaN	NaN	NaN	9	300.67611276160346	299.90121019560513	95065.47273398848	1.0984605593424688	1013.4093441265333	0.026228015175848492	0.224146432150449	0.009670838744087747	1338.4867161253298	3503.47432703854	0.008803992698542264	38.204553285730576	2164.98761091321	284.45341098881414	0.5869510180106459	-0.21350887366970148	0.22351084846118038	0.663366140271926	9.683922729141081e-14	-1.571668121932887e-14	0.663366140271926	6.535583056181893	351.9893258526222	340.0106741473778	19.690208616720355	NaN	0.45126474999946625	1.0883889891529264	-1978.2381588524672	-0.0014659508952563258	0.0257558622468389	0.007787446498237466	0	74.08543580152335	-11.242750706321768	25.431132709390294	63.327116240459006	96.57784796764287	135.4518049830422	202.9314864151116	0.21983887193741977	1.0175196432618334	12.808671349425197	1.0178849120683926	139.67882873419822	1.087399629141335	4.5852708097774135	1.087399629141335	3.1810291140124742	1.087399629141335	-0.0017016810423839091	1.1515960312751548	NaN	NaN	800000009	800000009	800000009	800000019	800101019	800111119	899999999	899999999	89999	89999	89	89	4	4	6	39	60	9	4	NaN	0	0	0	0	0	0	0	0	0	NaN	NaN	NaN	NaN	0	11	0	0	0	0	0	0	5000	0	0	0	18000	18000	18000	18000	100	NaN	0.6782367040484386	1.2697614200436407	0.22877985421377314	0.1337986025505718	34.187619633760754	1.4392655716049416	2.5968121290498224e-7	NaN	0.011506273956640365	0.12197998549129391	0.08462354815493682	-0.0000017016810423839092	NaN	389.3535003560372	14.074501262646367	95473.63820963542	11.359999656677246	11.255958090040401	103.50954719712999	103.40784474563598	103.61128820419312	-0.20343468159188818	0.0002953898293360706	-1	0	2.129991840834419	46.70920923217125	1.0000404372629192	-273.1499938964844	9.000546790705787	-273.1499938964844	143
DATA	2026-07-30T183000_AIU-0547.ghg	2026-07-30	19:00:00	211.791	1	18000	18000	0.29205100756913466	0	NaN	-5.200698387675198	2	NaN	78.30910112833325	2	NaN	6.7395004941034875	2	NaN	1.7828835638138705	2	NaN	-0.025334770058712805	1	NaN	NaN	NaN	NaN	NaN	NaN	NaN	NaN	NaN	NaN	-1.267030912989186e-9	-4.4686319972164834e-11	-7.367869433930512e-12	NaN	14.693175928898162	389.9862595252241	395.42503140561786	0.3	0	518.2067416311393	13.754242772796989	13.946060271495192	0.4	0	0.0854417999624736	2.1297661369278904	2.1594679838376765	0	1	NaN	NaN	NaN	NaN	9	300.5313114920722	299.6021212415793	95046.28809133891	1.0994696494186453	1013.2223835545103	0.02620714691781291	0.1155308549351388	0.00945739953264385	1307.6403876903541	3442.3311988797286	0.00860178317577437	37.987059121908786	2134.6908111893745	284.1020694626714	0.9122240812043784	0.03996076460915445	0.2822930268724091	0.9557400222123558	-6.5600304597922e-14	-8.623261023487931e-14	0.9557400222123558	9.242434957641011	329.4917124481437	2.5082875518563466	17.179480572181575	NaN	0.5153920696959498	1.6330268061118745	2216.3692300040375	0.001308446246564575	-0.06641243881924112	-0.009058075062583337	0	80.62975668411381	-12.235876648406425	27.677586294462817	68.92110330097852	105.10903119431018	147.41691076051092	220.8573951974992	0.289552127522405	1.008630156055532	-0.5668984276761652	1.0124740301054758	71.76227383076584	1.0912293737097372	6.176062206969301	1.0912293737097372	1.6338302530775815	1.0912293737097372	-0.02617700774710222	1.1649502048612614	NaN	NaN	800000009	800000009	800000009	800000019	801001019	801111119	899999999	899999999	89999	89999	89	89	2	12	2	47	51	15	1	NaN	0	0	0	0	0	0	0	0	0	NaN	NaN	NaN	NaN	0	1	0	0	0	0	100	0	11665	0	0	20	18000	18000	18000	18000	100	NaN	1.3256264817818082	1.6989232305207598	0.24150389992118082	0.07714491020917122	26.6422837935089	1.1981754397973405	1.1878023413680392e-7	NaN	-0.0005088821667748002	0.16411485061990086	0.043415334712711855	-0.00002617700774710222	NaN	389.9727128780038	13.752962322467177	95444.09927560764	11.3751100025177	10.909088644875395	103.51337003262837	103.41237058152093	103.61439518653022	-0.20201159447431558	0.00029487261512743613	-1	0	2.1178593045009513	48.40919178999808	1.0000571355173986	-299.75712001377127	9.00054761648178	-273.1499938964844	024
DATA	2026-07-30T190000_AIU-0547.ghg	2026-07-30	19:30:00	211.812	0	18000	18000	0.2753230517207656	0	NaN	10.901916522602221	0	NaN	135.40819805549225	0	NaN	-0.9271757770917695	2	NaN	3.080814998325568	0	NaN	-0.0006350835713014504	1	NaN	NaN	NaN	NaN	NaN	NaN	NaN	NaN	NaN	NaN	-9.21333610844054e-11	-3.2218550837877747e-12	-5.293762109647286e-13	NaN	14.885476770268676	392.9117851690772	398.3855702635302	0.1	1	520.5372781631054	13.739918066892168	13.931333447016733	0.3	0	0.08552838188361826	2.125236554685521	2.154843933782634	0	1	NaN	NaN	NaN	NaN	9	300.0494109912449	298.91494767440736	95046.61770070442	1.1020070347140662	1013.1953616951297	0.02614694699384978	0.19963681189149682	0.009469301630735822	1306.2830423759028	3305.3621564155806	0.008592777843013304	39.52011853952094	1999.0791140396777	284.0864422200991	0.9143539143605794	0.24859549047335538	0.31366133367311955	0.9981113318822739	-1.897094445253077e-14	-6.189480021790557e-15	0.9981113318822739	5.935129729897841	316.79002001185665	15.209979988143305	18.31583604829682	NaN	0.49983780870581107	1.0425447357508268	-964.4215399911395	-0.0030069838548262237	0.08051149545712481	0.01953422512539049	0	81.29107781091213	-12.336234680791305	27.90459643697163	69.48639065355917	105.97113007448446	148.62601669785371	222.6688562195877	0.27178066971392406	1.0130339733527416	18.74764478216921	1.0151222137799998	124.68698205573644	1.0859850468989884	-0.8537647730411242	1.0859850468989884	2.836885284123186	1.0859850468989884	-0.012505653848850492	1.1484593653584143	NaN	NaN	800000009	800000009	800000009	800000019	800010019	800011119	899999999	899999999	89999	89999	89	89	0	3	3	46	41	8	1	NaN	0	0	0	0	0	0	0	0	0	NaN	NaN	NaN	NaN	0	13	0	0	0	0	100	0	13000	0	0	15	18000	18000	18000	18000	100	NaN	1.036273501208779	0.8262606087520827	0.2225553615407919	0.3434466573521274	39.24373226068093	1.6616118923768581	7.381342959010257e-7	NaN	0.016790713695325424	-0.02263442077398854	0.07520953925008954	-0.000012505653848850491	NaN	392.9018192828105	13.738320969870252	95433.94671484375	11.390000343322754	10.876339540852449	103.57806149588691	103.47822229830425	103.67789626863268	-0.19968234480751895	0.00029354296612695593	-1	0	2.1133499282068664	46.670744191540635	1.0000706779046191	-273.1499938964844	9.000723569287194	-273.1499938964844	100
DATA	2026-07-30T193000_AIU-0547.ghg	2026-07-30	20:00:00	211.833	0	18000	18000	0.2949278378269723	1	NaN	33.552869629794614	0	NaN	-11.506071037727397	2	NaN	-10.924993584424637	1	NaN	-0.2615926799058095	2	NaN	0.09313675584303276	1	NaN	NaN	NaN	NaN	NaN	NaN	NaN	NaN	NaN	NaN	3.3924224793717834e-10	1.1817214135846997e-11	1.9320948648579297e-12	NaN	15.045072154013653	395.4275293176068	400.9503722886819	0.1	1	524.0822462836995	13.774380453994649	13.966763974693219	0.1	1	0.08568657597024822	2.1216962601572114	2.1513294910488168	-0.4	0	NaN	NaN	NaN	NaN	9	299.292021616618	298.15132727937316	95088.6813905377	1.1053039502358368	1013.1937611465435	0.026068614042715894	-0.016951205657896453	0.00952157792612715	1310.1390110203472	3158.751441867873	0.008614443044463514	41.47648319696909	1848.6124308475257	284.1307990356409	0.31285956446420116	-0.10751757483690003	0.2633843966524372	0.42286224278776163	-3.458117826353006e-14	2.254839621002927e-14	0.42286224278776163	5.945897703178487	350.96583807635454	341.03416192364546	38.52536170956451	NaN	0.5165555384889822	0.7238103179970209	-345.96699216046056	-0.008382302548258624	-2.9161013798522277	0.05800139219216959	0	70.66597538329376	-10.723834395492704	24.257342601392903	60.40421290538244	92.12023595753226	129.19994075755372	193.56505456650933	0.28778453451319347	1.0248217067184038	32.28515370846973	1.0226170692730308	-10.534702848727617	1.0922065105155865	-10.00268125051497	1.0922065105155865	-0.23950844221055062	1.0922065105155865	0.07515431760047388	1.1581448312817124	NaN	NaN	800000009	800000009	800000009	800000019	800000019	800101019	899999999	899999999	89999	89999	89	89	7	25	3	11	22	5	0	NaN	0	0	0	0	0	0	0	0	0	NaN	NaN	NaN	NaN	0	0	0	0	0	0	100	0	13200	0	0	15	18000	18000	18000	18000	100	NaN	0.4960981353228881	0.6141612421467157	0.3373612585244379	0.7135607790061927	52.80730362607807	1.7684901675504099	4.7493931280078186e-7	NaN	0.02882893701767776	-0.26439894548839427	-0.006330880487946908	0.00007515431760047388	NaN	395.4180590975626	13.772662501645247	95480.62326649306	11.390000343322754	10.918316238058974	103.62657321760389	103.52530036057365	103.72787848981221	-0.20256198344876383	0.00029201497779124315	-1	0	2.109836029834219	47.94090264940256	1.0000813290344344	-273.1499938964844	9.000743634912702	-273.1499938964844	192
DATA	2026-07-30T200000_AIU-0547.ghg	2026-07-30	20:30:00	211.854	0	18000	18000	0.24338421154658757	0	NaN	24.316167128176	2	NaN	18.375368986886084	2	NaN	-10.529918182561708	2	NaN	0.41754368148068377	2	NaN	0.030167934251090208	1	NaN	NaN	NaN	NaN	NaN	NaN	NaN	NaN	NaN	NaN	3.400489246829004e-10	1.168020654403812e-11	1.9478925802719508e-12	NaN	15.16657271959235	397.14534845815996	402.6378885664752	0.1	1	520.9506311340517	13.641389109878757	13.830050206150007	0.6	0	0.08687824699401116	2.1456161373761105	2.1752901162791476	0	0	NaN	NaN	NaN	NaN	9	298.7447788433499	297.5993698090423	95116.92392445094	1.1077388499797205	1013.1051389336885	0.026012628021461325	0.027056830559948307	0.009449942380639662	1297.8750180624722	3056.3415047015346	0.008530839539312595	42.46498684999586	1758.4664866390624	283.98932001357986	0.5328207465003251	-0.011756987151218527	0.22381278641886032	0.5780383534096725	-3.87249650748132e-14	2.242094710320555e-14	0.5780383534096725	4.175699821248036	333.2640582277424	358.7359417722577	22.77999312563727	NaN	0.46873513406347517	0.8082085096281142	-356.7604648046197	-0.008128703390910168	1.323302250176836	0.04622487088616872	0	75.7073367783292	-11.488880436886074	25.987878830087226	64.713492801216	98.69215969790211	138.41715724742878	207.37412446509347	0.23873924595789894	1.0194562296201093	25.035709401516492	1.0191256671560014	16.88107113779711	1.0885191370198781	-9.673617876292251	1.0885191370198781	0.3835887374693521	1.0885191370198781	0.018848765178298976	1.1532438956528515	NaN	NaN	800000009	800000009	800000009	800000019	800001019	800111119	899999999	899999999	89999	89999	89	89	8	9	7	20	7	1	2	NaN	0	0	0	0	0	0	0	0	0	NaN	NaN	NaN	NaN	0	15	0	0	0	0	0	0	13700	0	0	0	18000	18000	18000	18000	100	NaN	0.8789541644274971	0.5036345128684391	0.23382834196029217	0.223341473473669	34.87427555884191	1.2104067097483189	3.2062785612757e-7	NaN	0.02230837808172103	-0.255117311466741	0.01011618700092906	0.000018848765178298978	NaN	397.1389868762916	13.640223708221152	95512.73852625868	11.388295859866671	10.794670260164496	103.69379564963447	103.59147794045343	103.79615449299283	-0.20471525125371087	0.00029120681562926624	-1	0	2.1336515133546445	48.4879014843834	1.0001038883030415	-273.14999456573395	9.000950405783124	-273.1499938964844	239
DATA	2026-07-30T203000_AIU-0547.ghg	2026-07-30	21:00:00	211.874	0	18000	18000	0.060095054987758564	0	NaN	34.66120115060273	0	NaN	95.14452220405988	0	NaN	0.5953696773799781	2	NaN	2.158975713850435	0	NaN	-0.016291869991057313	1	NaN	NaN	NaN	NaN	NaN	NaN	NaN	NaN	NaN	NaN	-2.574095596427253e-10	-9.392320179025741e-12	-1.4557578909605053e-12	NaN	15.612428587133092	407.34954283112455	413.4954527223286	0.1	1	569.663878319263	14.863307082922509	15.087558091974964	0.1	1	0.0882947631949717	2.1674223485256676	2.200123459118893	-0.2	0	NaN	NaN	NaN	NaN	9	297.3754931369357	296.1702866670302	95154.80804213064	1.1130100846825173	1013.7487006994029	0.02587740771080593	0.13990162625750818	0.010350217503103937	1414.6945074092275	2804.535044199484	0.009299302536019972	50.44310322793747	1389.8405367902567	285.2917867534639	1.2261032352767987	0.0830143383037324	0.34620577865850577	1.2767454582245101	5.200773262031353e-14	-1.6487477153610048e-14	1.2767454582245101	3.4398214320003193	328.1266530006976	3.8733469993023557	15.733467524957183	NaN	0.2323645215475064	0.3744457267622454	-30.50371174246675	-0.09507039748092916	0.3643005435064733	0.13220393439534273	0	69.43827546037721	-10.537526195693502	23.83591294616832	59.354793476505435	90.51980511410753	126.95531374365461	190.2021942750936	0.0594354784635658	1.0110973536554786	39.87385874367479	1.0140635905160966	87.55355347061015	1.0867008640145925	0.5478689647678272	1.0867008640145925	1.9867249445947288	1.0867008640145925	-0.03203451327329962	1.1479072830788861	NaN	NaN	800000009	800000009	800000009	800000019	800000019	800100019	899999999	899999999	89999	89999	89	89	1	3	3	0	10	0	0	NaN	0	0	0	0	0	0	0	0	0	NaN	NaN	NaN	NaN	0	84	0	0	0	0	0	0	8135	0	0	0	18000	18000	18000	18000	100	NaN	0.3336766809548271	0.34389180915831197	0.07132296341135172	0.4406743255518633	85.15732188213366	1.2818287641343538	7.792522637836159e-7	NaN	0.035339374315193225	0.014391389593662662	0.05218717345164286	-0.00003203451327329962	NaN	407.33552371036274	14.862076105346345	95544.97152235243	11.380000114440918	12.09795771662392	103.75649643452962	103.65242196104262	103.86056747817993	-0.2081546363441478	0.00028963860066465316	-1	0	2.1557273597938056	47.79312305059874	1.0000989491144816	-306.2978702884219	9.0008466577265	-273.1499938964844	199
DATA	2026-07-30T210000_AIU-0547.ghg	2026-07-30	21:30:00	211.895	0	18000	18000	0.09281021150968255	0	NaN	-4.6517293606229355	2	NaN	182.91761556166884	0	NaN	15.483222667203385	1	NaN	4.150720760042624	0	NaN	-0.010920664733409946	1	NaN	NaN	NaN	NaN	NaN	NaN	NaN	NaN	NaN	NaN	-8.326169310342943e-11	-2.9824024460537225e-12	-4.804731992171626e-13	NaN	15.42844986361369	401.8243064879272	407.69230132837095	0.1	0	552.6412555038885	14.393195116327444	14.603384478485026	0.5	0	0.08903201927113752	2.1851051818715903	2.2170151129683915	-0.1	0	NaN	NaN	NaN	NaN	9	297.36384918551977	296.1798339611141	95196.46170227655	1.1136604585433494	1013.4867955373784	0.025866918743827804	0.26896670525076205	0.010026914415619653	1370.5487842799848	2806.155237635016	0.009003565080091558	48.84080416859126	1435.6064533550311	284.811124041715	2.3607675751680173	0.8115963551437778	0.5137764193948618	2.548701315723955	-8.683814299530139e-14	-5.396633740878467e-15	2.548701315723955	6.048201050376347	313.0278015058198	18.97219849418019	11.62957969706452	NaN	0.28868318039511565	0.9224816435717266	435.9512924457687	0.006652119285460664	-0.02543073474000459	-0.014276510314805339	0	58.94495864426172	-8.945124885372602	20.23389684644224	50.38526408691864	76.84070685168933	107.77018393204692	161.45937382892947	0.09206159592106114	1.0081316816326247	5.911818056304089	1.0135786124842099	166.65441167419513	1.0975863988483416	14.1066094509274	1.0975863988483416	3.781680207041403	1.0975863988483416	-0.020373267541879993	1.1536550434440282	NaN	NaN	800000009	800000009	800000009	800000019	800000019	800000019	899999999	899999999	89999	89999	89	89	12	1	3	13	27	3	3	NaN	0	0	0	0	0	0	0	0	0	NaN	NaN	NaN	NaN	0	26	0	0	0	0	0	0	13765	0	0	0	18000	18000	18000	18000	100	NaN	0.6901130537055813	0.989039228313958	0.16581100512391386	0.16461982673139794	46.711884254167416	0.6869642177078732	8.170284991010985e-8	NaN	0.0052378151192352005	0.37022466563909046	0.09924931253511282	-0.000020373267541879994	NaN	401.8188810646813	14.392513020338628	95592.67574631076	11.385036896387735	11.635177782482618	103.77237994639077	103.66684298112656	103.8779332516988	-0.21106976652269543	0.00028924467801051733	-1	0	2.1724737747901024	58.946954531172736	1.0000846525016758	-372.31099806046046	9.00066622712877	-303.7138701799245	206
DATA	2026-07-30T213000_AIU-0547.ghg	2026-07-30	22:00:00	211.916	0	18000	18000	0.047120666856601295	0	NaN	14.427215900323896	0	NaN	147.5189418654382	0	NaN	1.1955437218943696	2	NaN	3.34590676057516	0	NaN	0.008047552213619389	2	NaN	NaN	NaN	NaN	NaN	NaN	NaN	NaN	NaN	NaN	8.573246433767813e-11	3.0913964948988878e-12	4.973015988234598e-13	NaN	15.455730075507756	402.0332641410368	407.94718255323255	0.1	0	557.3126837149541	14.49677474221569	14.710022626687676	0.5	0	0.08965284430947926	2.1955156926986854	2.227811778215531	-0.2	0	NaN	NaN	NaN	NaN	9	296.89873413170716	295.69991535167765	95247.30334970946	1.1160197078793395	1013.5326075336976	0.025811219948216488	0.21681475808527037	0.010120865493949135	1381.149080734148	2725.71698781539	0.009068715742646519	50.67103763553649	1344.567907081242	284.9277708713476	2.6511196096804373	1.2077032598224844	0.5429433095962318	2.9634050998898718	-1.7726074389530687e-14	5.5469695652576045e-15	2.9634050998898718	5.312539375975786	307.5086181265148	24.491381873485174	10.557140640783642	NaN	0.2054801064529165	0.440574929720125	-50.7087460979543	-0.05718934549077703	0.09779907392153013	0.06207306062160386	0	49.8076103908407	-7.558497035800787	17.097340875209262	42.57479623026537	64.92925055938314	91.06419711703684	136.43076135067065	0.046749839038627235	1.00793217314968	22.72695090614418	1.014040696699767	133.82948470043664	1.1022902927231917	1.0845997009923736	1.1022902927231917	3.0354134320725508	1.1022902927231917	-0.006822187295628342	1.1568801501893895	NaN	NaN	800000009	800000019	800000009	800000019	800000019	800001119	899999999	899999999	89999	89999	89	89	7	4	2	22	16	1	21	NaN	0	0	0	0	0	0	0	0	0	NaN	NaN	NaN	NaN	0	533	0	0	0	0	0	0	15500	0	0	0	18000	18000	18000	18000	100	NaN	0.3128231451019192	0.44033337896903996	0.12799333536929075	0.08014496025228508	32.7089964614116	0.5034322446965289	2.5743674047808005e-7	NaN	0.0200923893096779	0.028406758276678573	0.07950053421163035	-0.000006822187295628342	NaN	402.0313856384847	14.496274967702348	95643.19239626736	11.390000343322754	11.757431255976348	103.79046150461832	103.68471894624498	103.89621148045858	-0.2115131923639111	0.00028940258584851913	-1	0	2.188296893832846	54.951565989998585	1.000118819332785	-273.1499938964855	9.00104355568356	-273.1499938964844	116
DATA	2026-07-30T220000_AIU-0547.ghg	2026-07-30	22:30:00	211.937	0	18000	18000	0.07606561375007768	0	NaN	34.4059117103899	0	NaN	141.55720409490146	0	NaN	0.31432564243125927	1	NaN	3.2091917299995605	0	NaN	-0.015817369471335965	0	NaN	NaN	NaN	NaN	NaN	NaN	NaN	NaN	NaN	NaN	8.952163411015071e-11	3.2594409197005206e-12	5.190640957086714e-13	NaN	15.576053324067308	404.40258744716436	410.44603987432686	0.1	1	567.1168324455961	14.724109481024266	14.944148763519035	0.6	0	0.09031303007068657	2.206970504898662	2.2399518004405663	-0.2	0	NaN	NaN	NaN	NaN	9	296.4433744871352	295.21877968985285	95278.33904111382	1.1181061391946767	1013.6476901003463	0.025760828316731155	0.2079556241039715	0.010299686567990936	1403.2650052532015	2647.104097208407	0.009211725261976786	53.01132685839828	1243.8390919552055	285.1686216592603	2.9071087670396136	1.1480758765349133	0.5791815512901123	3.1788065167661888	-2.555902139213919e-14	5.747388779918115e-15	3.1788065167661888	5.582610317535226	310.44993698566714	21.550063014332846	10.49798494729549	NaN	0.26082707487374135	0.5559521266110273	-43.50045414175405	-0.06666597067124469	0.2430530606363475	0.11638857007557511	0	59.134036934148725	-8.973818245331667	20.29880130479574	50.54688536528029	77.08718949888075	108.11587934938798	161.97728855805912	0.07546978836662603	1.007894886104055	42.13893105718435	1.0143386866227975	128.12487413225296	1.1048378002602632	0.28449935579432073	1.1048378002602632	2.9046722779068395	1.1048378002602632	-0.03455765918090729	1.1586945613622075	NaN	NaN	800000009	800000009	800000009	800000019	800000019	800000019	899999999	899999999	89999	89999	89	89	6	0	5	16	19	3	0	NaN	0	0	0	0	0	0	0	0	0	NaN	NaN	NaN	NaN	0	0	0	0	0	0	100	0	14535	0	0	15	18000	18000	18000	18000	100	NaN	0.45428127806908386	0.5233469183851088	0.13427605676786197	0.14622741030740655	41.47078717834075	0.5314687432442541	1.1234581395031945e-7	NaN	0.03718034775607635	0.007438493634459843	0.07594529059328475	-0.00003455765918090729	NaN	404.398509648411	14.723574425414403	95673.48011740451	11.406741039329106	11.997603107055003	103.83823163032531	103.7335611122979	103.94291004604763	-0.20932823282852764	0.0002887713908567093	-1	0	2.1935857949852933	51.72121729130203	1.0001304632789558	-273.1499938964844	9.001089102347692	-273.1499938964844	069
DATA	2026-07-30T223000_AIU-0547.ghg	2026-07-30	23:00:00	211.958	0	18000	18000	0.009658996286870168	2	NaN	8.031606507237818	2	NaN	97.7551475084127	2	NaN	12.073071031898742	2	NaN	2.2139990843732362	2	NaN	-0.017328166668061914	2	NaN	NaN	NaN	NaN	NaN	NaN	NaN	NaN	NaN	NaN	8.450484595390851e-11	3.1129433401393586e-12	4.840102976670768e-13	NaN	15.891059078959437	411.2675569418364	417.59412867806077	0.1	0	585.3861511633213	15.150049537937296	15.383104330593037	0.1	1	0.09101769428995114	2.2142704361582393	2.2483327892938094	-0.3	0	NaN	NaN	NaN	NaN	9	295.4598037990993	294.20543840069183	95300.67281188337	1.1220385039202097	1013.8616412725142	0.02566638768323941	0.1434671406673857	0.01063663109591052	1444.1972008242597	2487.987355007292	0.009479738047088366	58.04680630380563	1043.7901541830324	285.60570875620795	3.032979823788004	1.015697350386558	0.5197239033562844	3.240481546746917	-5.223210634927212e-15	5.317760479903897e-15	3.240481546746917	5.671677020663131	313.485110536845	18.514889463154987	9.22923062855035	NaN	0.09278165592341552	0.3032417183976973	-8.389706606152592	-0.3456616704418823	0.08216044588901701	0.0760946021959955	1	93.66658055894334	42	74	122	184	296	670	0.009583374486583992	1.0078909365789723	13.495619900769265	1.0144299953473306	88.41973898898117	1.1055805934984146	10.920118445364205	1.1055805934984146	2.0025668842173023	1.1055805934984146	-0.02473498202433719	1.159228372045283	NaN	NaN	800000009	800000009	800000009	800000019	800000019	800000019	899999999	899999999	89999	89999	89	89	9	8	6	16	0	1	3	NaN	0	0	0	0	0	0	0	0	0	NaN	NaN	NaN	NaN	0	9	0	0	0	0	0	0	13200	0	0	0	18000	18000	18000	18000	100	NaN	0.24905192019180594	0.2581326173824902	0.0992988992210985	0.19879194844859263	25.655374728187347	0.39746757278918715	1.933775622229201e-7	NaN	0.011863323830910032	0.28459274427907194	0.052189544283169624	-0.00002473498202433719	NaN	411.26550421997445	15.149663444863238	95693.44590646701	11.40999984741211	12.438849333763121	103.93159229320949	103.8276967347463	104.03548300340441	-0.2077826964714462	0.000287727130486423	-1	0	2.200672693683042	49.31701214975796	1.0001367234090963	-282.39586928473466	9.001078723563088	-273.1499938964844	228
DATA	2026-07-30T230000_AIU-0547.ghg	2026-07-30	23:30:00	211.979	0	18000	18000	0.01427568902599232	1	NaN	1.211005270118939	1	NaN	72.96660994960604	1	NaN	13.054175720632697	1	NaN	1.6515731918843282	1	NaN	0.009931009435024894	1	NaN	NaN	NaN	NaN	NaN	NaN	NaN	NaN	NaN	NaN	-9.778843114959429e-12	-3.5973138015720875e-13	-5.5479254346584495e-14	NaN	15.994480507720539	412.87674741214545	419.24438778533727	0.1	0	588.3841759500151	15.18837355660006	15.422618040621785	0.1	1	0.090743029803991	2.2012692511826195	2.235218586048175	0	1	NaN	NaN	NaN	NaN	9	294.81176256985134	293.5764381495702	95314.7268969489	1.1245919516360492	1013.8685854297111	0.02560773750539549	0.10702194283410446	0.010687960860334026	1448.0640012317729	2393.484263669429	0.0095038567942668	60.50025158768996	945.420262437656	285.6464341193851	2.955906849957179	1.2664012575297927	0.5103399021893351	3.2560104831623726	-6.207281094066591e-14	-6.113886043525564e-16	3.2560104831623726	5.52053059087662	308.80822153471047	23.191778465289538	9.017596567100265	NaN	0.1126681216277925	0.3257811488628118	-99.64656610204925	-0.02910285937028753	0.016596704587965822	0.009426887872241366	1	92.22857427816608	40	77	141	233	422	1235	0.014163929765727426	1.0078904133325568	5.322405117202854	1.0144533602426216	65.98742475176908	1.1057653821783646	11.805556523135035	1.1057653821783646	1.4936018241326372	1.1057653821783646	0.003905428167254959	1.1593639991977474	NaN	NaN	800000009	800000009	800000009	800000019	800000019	800000019	899999999	899999999	89999	89999	89	89	8	4	1	10	0	0	1	NaN	0	0	0	0	0	0	0	0	0	NaN	NaN	NaN	NaN	0	25	0	0	0	0	0	0	12900	0	0	0	18000	18000	18000	18000	100	NaN	0.3003983284331188	0.2582455809283839	0.09291838836412081	0.13625294257925166	25.414749235538086	0.47078996189135813	1.4935227601114412e-7	NaN	0.004668004759777933	0.3069773295670313	0.03883780476677823	0.000003905428167254959	NaN	412.8742108631416	15.187917068127918	95710.71755555556	11.40999984741211	12.478075316270205	104.00598766051398	103.90227747302585	104.10969543626574	-0.2074296100205845	0.00028703651967872346	-1	0	2.1875664504276378	50.58610307664353	1.0001232114599812	-273.1499938964844	9.000982680161794	-273.1499938964844	157
