DATAH	filename	date	time	DOY	daytime	file_records	used_records	Tau	qc_Tau	rand_err_Tau	H	qc_H	rand_err_H	LE	qc_LE	rand_err_LE	co2_flux	qc_co2_flux	rand_err_co2_flux	h2o_flux	qc_h2o_flux	rand_err_h2o_flux	ch4_flux	qc_ch4_flux	rand_err_ch4_flux	none_flux	qc_none_flux	rand_err_none_flux	H_strg	LE_strg	co2_strg	h2o_strg	ch4_strg	none_strg	co2_v-adv	h2o_v-adv	ch4_v-adv	none_v-adv	co2_molar_density	co2_mole_fraction	co2_mixing_ratio	co2_time_lag	co2_def_timelag	h2o_molar_density	h2o_mole_fraction	h2o_mixing_ratio	h2o_time_lag	h2o_def_timelag	ch4_molar_density	ch4_mole_fraction	ch4_mixing_ratio	ch4_time_lag	ch4_def_timelag	none_molar_density	none_mole_fraction	none_mixing_ratio	none_time_lag	none_def_timelag	sonic_temperature	air_temperature	air_pressure	air_density	air_heat_capacity	air_molar_volume	ET	water_vapor_density	e	es	specific_humidity	RH	VPD	Tdew	u_unrot	v_unrot	w_unrot	u_rot	v_rot	w_rot	wind_speed	max_wind_speed	wind_dir	yaw	pitch	roll	u*	TKE	L	(z-d)/L	bowen_ratio	T*	model	x_peak	x_offset	x_10%	x_30%	x_50%	x_70%	x_90%	un_Tau	Tau_scf	un_H	H_scf	un_LE	LE_scf	un_co2_flux	co2_scf	un_h2o_flux	h2o_scf	un_ch4_flux	ch4_scf	un_none_flux	un_none_scf	spikes_hf	amplitude_resolution_hf	drop_out_hf	absolute_limits_hf	skewness_kurtosis_hf	skewness_kurtosis_sf	discontinuities_hf	discontinuities_sf	timelag_hf	timelag_sf	attack_angle_hf	non_steady_wind_hf	u_spikes	v_spikes	w_spikes	ts_spikes	co2_spikes	h2o_spikes	ch4_spikes	none_spikes	head_detect_LI-7200	t_out_LI-7200	t_in_LI-7200	aux_in_LI-7200	delta_p_LI-7200	chopper_LI-7200	detector_LI-7200	pll_LI-7200	sync_LI-7200	chopper_LI-7500	detector_LI-7500	pll_LI-7500	sync_LI-7500	not_ready_LI-7700	no_signal_LI-7700	re_unlocked_LI-7700	bad_temp_LI-7700	laser_temp_unregulated_LI-7700	block_temp_unregulated_LI-7700	motor_spinning_LI-7700	pump_on_LI-7700	top_heater_on_LI-7700	bottom_heater_on_LI-7700	calibrating_LI-7700	motor_failure_LI-7700	bad_aux_tc1_LI-7700	bad_aux_tc2_LI-7700	bad_aux_tc3_LI-7700	box_connected_LI-7700	mean_value_RSSI_LI-7200	mean_value_LI-7500	u_var	v_var	w_var	ts_var	co2_var	h2o_var	ch4_var	none_var	w/ts_cov	w/co2_cov	w/h2o_cov	w/ch4_cov	w/none_cov	co2_mean	h2o_mean	air_p_mean	vin_sf_mean	dew_point_mean	avg_signal_strength_7200_mean	co2_signal_strength_7200_mean	h2o_signal_strength_7200_mean	delta_signal_strength_7200_mean	flowrate_mean	hit_power_mean	hit_vin_mean	ch4_mean	rssi_77_mean	ch4_aux-1_mean	ch4_aux-2_mean	ch4_aux-3_mean	ch4_aux-4_mean	CHK
DATAU		[yyyy-mm-dd]	[HH:MM]	[ddd.ddd]	[1=daytime]	[#]	[#]	[kg+1m-1s-2]	[#]	[kg+1m-1s-2]	[W+1m-2]	[#]	[W+1m-2]	[W+1m-2]	[#]	[W+1m-2]	[µmol+1s-1m-2]	[#]	[µmol+1s-1m-2]	[mmol+1s-1m-2]	[#]	[mmol+1s-1m-2]	[µmol+1s-1m-2]	[#]	[µmol+1s-1m-2]	[µmol+1s-1m-2]	[#]	[µmol+1s-1m-2]	[W+1m-2]	[W+1m-2]	[µmol+1s-1m-2]	[mmol+1s-1m-2]	[µmol+1s-1m-2]	[µmol+1s-1m-2]	[µmol+1s-1m-2]	[mmol+1s-1m-2]	[µmol+1s-1m-2]	[µmol+1s-1m-2]	[mmol+1m-3]	[µmol+1mol_a-1]	[µmol+1mol_d-1]	[s]	[1=default]	[mmol+1m-3]	[mmol+1mol_a-1]	[mmol+1mol_d-1]	[s]	[1=default]	[mmol+1m-3]	[µmol+1mol_a-1]	[µmol+1mol_d-1]	[s]	[1=default]	[mmol+1m-3]	[µmol+1mol_a-1]	[µmol+1mol_d-1]	[s]	[1=default]	[K]	[K]	[Pa]	[kg+1m-3]	[J+1kg-1K-1]	[m+3mol-1]	[mm]	[kg+1m-3]	[Pa]	[Pa]	[kg+1kg-1]	[%]	[Pa]	[K]	[m+1s-1]	[m+1s-1]	[m+1s-1]	[m+1s-1]	[m+1s-1]	[m+1s-1]	[m+1s-1]	[m+1s-1]	[deg_from_north]	[deg]	[deg]	[deg]	[m+1s-1]	[m+2s-2]	[m]	[#]	[#]	[K]	[0=KJ/1=KM/2=HS]	[m]	[m]	[m]	[m]	[m]	[m]	[m]	[kg+1m-1s-2]	[#]	[W+1m-2]	[#]	[W+1m-2]	[#]	[µmol+1s-1m-2]	[#]	[mmol+1s-1m-2]	[#]	[µmol+1s-1m-2]	[#]	[µmol+1s-1m-2]	[#]	8u/v/w/ts/co2/h2o/ch4/none	8u/v/w/ts/co2/h2o/ch4/none	8u/v/w/ts/co2/h2o/ch4/none	8u/v/w/ts/co2/h2o/ch4/none	8u/v/w/ts/co2/h2o/ch4/none	8u/v/w/ts/co2/h2o/ch4/none	8u/v/w/ts/co2/h2o/ch4/none	8u/v/w/ts/co2/h2o/ch4/none	8co2/h2o/ch4/none	8co2/h2o/ch4/none	8aa	8U	[#]	[#]	[#]	[#]	[#]	[#]	[#]	[#]	[#_flagged_recs]	[#_flagged_recs]	[#_flagged_recs]	[#_flagged_recs]	[#_flagged_recs]	[#_flagged_recs]	[#_flagged_recs]	[#_flagged_recs]	[#_flagged_recs]	[#_flagged_recs]	[#_flagged_recs]	[#_flagged_recs]	[#_flagged_recs]	[#_flagged_recs]	[#_flagged_recs]	[#_flagged_recs]	[#_flagged_recs]	[#_flagged_recs]	[#_flagged_recs]	[#_flagged_recs]	[#_flagged_recs]	[#_flagged_recs]	[#_flagged_recs]	[#_flagged_recs]	[#_flagged_recs]	[#_flagged_recs]	[#_flagged_recs]	[#_flagged_recs]	[#_flagged_recs]	[#]	[#]	[m+2s-2]	[m+2s-2]	[m+2s-2]	[K+2]	--	--	--	--	[m+1s-1K+1]	--	--	--	--	--	--	--	--	--	--	--	--	--	--	--	--	--	--	--	--	--	--	207
DATA	2026-03-12T233000_AIU-0547.ghg	2026-03-13	00:00:00	72	0	18000	18000	0.06282475835164808	0	NaN	-9.864047882454708	2	NaN	70.61711508709615	1	NaN	5.2805517993773625	1	NaN	1.570762444481932	1	NaN	-0.012402153035848304	0	NaN	NaN	NaN	NaN	NaN	NaN	NaN	NaN	NaN	NaN	1.3169532882229773e-10	1.1647492684732568e-12	7.058497475949726e-13	NaN	17.724528438697384	427.21815544977267	428.83849315175985	0.1	1	156.76054509771507	3.7784334379091997	3.792764144775924	0.1	1	0.09499846377676695	2.1097930320072593	2.117794979371954	-0.2	0	NaN	NaN	NaN	NaN	9	274.9956185472277	275.37919199625657	95541.04323697917	1.2069672887731386	1007.218927319032	0.023963550372566218	0.10178540640242918	0.0028412889851109125	361.09230567336675	715.4956954254578	0.002354072899522433	50.46743229652124	354.4033897520911	266.1197335496198	0.1308759913162408	-0.33469815019989513	0.08699869964184959	0.3697568803816749	-6.153540554030718e-14	7.430117493832536e-15	0.3697568803816749	3.243472030521537	40.64316309513754	291.35683690486246	13.608495207585548	NaN	0.22814852396575544	0.4609263827653988	101.52222325947207	0.028565174273106047	-0.13968352955638033	-0.03556461650698095	0	74.37410948637209	-11.28655805170777	25.530225043931793	63.57387016446849	96.95416327099443	135.97959254669536	203.72220836095025	0.0618934303775008	1.0150472831844497	-6.074648057060644	1.0163790387329756	64.24741333463683	1.0991433183353598	4.804243187662459	1.0991433183353598	1.4290788273733346	1.0991433183353598	-0.012690615752555574	1.1813321710762479	NaN	NaN	800000009	800000009	800000009	800000009	800100009	800100009	899999999	899999999	89999	89999	89	89	0	0	0	6	0	0	0	NaN	0	0	1234	0	0	0	0	0	0	NaN	NaN	NaN	NaN	0	0	0	0	0	0	0	0	11518	0	0	0	18000	18000	18000	18000	93	NaN	0.22800067168925595	0.6359401773086566	0.05791191653288509	0.5167479010396026	9.711609096029417	0.3446685407638389	4.663537476819013e-8	NaN	-0.004996912483913721	0.11556348970978791	0.034375723690621245	-0.000012690615752555574	NaN	427.2179467782596	3.7780921331504325	95936.40770225694	11.390000343322754	-7.189609221405507	95.62169204160901	95.22832807032268	96.01505557420519	-0.7867286078035839	0.0002675102376023361	-1	0	2.1063558093375625	83.71148346498276	1.0000053921656475	-273.1499938964844	9.000043187512292	-273.1499938964844	142
DATA	2026-03-13T000000_AIU-0547.ghg	2026-03-13	00:30:00	72.02	0	18000	18000	0.034691535496102405	0	NaN	42.043611165530756	0	NaN	38.926417876759864	0	NaN	3.2953190189191557	0	NaN	0.8650366450193232	0	NaN	-0.0053567403386276646	0	NaN	NaN	NaN	NaN	NaN	NaN	NaN	NaN	NaN	NaN	5.324326582835511e-11	5.287735184401171e-13	2.8371943707722685e-13	NaN	17.863720953578273	425.61827447517027	427.42497082933914	0.1	0	177.40952652129693	4.226932157621183	4.244874956078111	0.1	1	0.09519109645514523	2.104816476905498	2.1137511596554543	-0.1	0	NaN	NaN	NaN	NaN	9	274.03394710630926	274.38378323435404	95568.88562912327	1.2114931428704774	1007.4477506241349	0.023869973567163246	0.05605437459725214	0.0031910097667720142	404.0715547847694	666.2621661224414	0.0026339478564536703	60.64753115675365	262.190611337672	267.58820894815057	0.9979623663078973	-0.05901857748378664	0.1554229872207438	1.01171556378847	7.453998066351988e-14	2.980524940280708e-15	1.01171556378847	3.679366697950756	335.3844777750527	356.61552222494737	8.836955374391682	NaN	0.16921984043660104	0.36305862338853345	-9.72147973243738	-0.29830849621829214	1.080079120011501	0.20356599758613483	1	9.80196973393339	4	8	13	21	35	85	0.03424925124663746	1.0129136910550232	43.49953210261898	1.0150525516083462	35.84405199977011	1.0859937899043761	3.034381089056978	1.0859937899043761	0.7965392187882505	1.0859937899043761	-0.020674451067218064	1.1484009869209	NaN	NaN	800000009	800000009	800000009	800000009	800000009	800000009	899999999	899999999	89999	89999	89	89	0	0	1	26	3	0	0	NaN	0	0	6204	0	0	0	0	0	0	NaN	NaN	NaN	NaN	0	0	0	0	0	0	0	0	9535	0	0	0	18000	18000	18000	18000	93	NaN	0.29992395794689297	0.3866820843691656	0.0395112044610083	0.30690778210311237	12.72132693405084	0.10060473387556745	9.115674125027572e-8	NaN	0.03564027887965527	0.07273813803590846	0.01909410121760303	-0.000020674451067218064	NaN	425.6184475161883	4.22683231104308	95952.40685698784	11.36086300977071	-5.600785984714718	95.55785393651327	95.15048256513808	95.96522519959345	-0.8147439567711627	0.0002651798844065828	-1	0	2.1009596901867127	83.3162954790327	1.000001086819848	-273.1499938964844	9.000056254280938	-273.1499938964844	183
DATA	2026-03-13T003000_AIU-0547.ghg	2026-03-13	01:00:00	72.041	0	18000	18000	0.014497050776693091	0	NaN	50.06709642819326	0	NaN	22.09042187990282	0	NaN	0.43330491371551744	1	NaN	0.4905842200661248	0	NaN	-0.009700624909208153	0	NaN	NaN	NaN	NaN	NaN	NaN	NaN	NaN	NaN	NaN	1.4196151291664683e-10	1.4149907775923286e-12	7.485453716938861e-13	NaN	17.99450738690834	426.6755060468317	428.49784578420235	0.2	0	179.35890845811474	4.252856240235308	4.271020275465994	0.1	1	0.09488279565103301	2.0914744816936057	2.100407211610539	-0.1	0	NaN	NaN	NaN	NaN	9	273.34373634931785	273.7030197991264	95575.26475911458	1.2145755515790873	1007.452252632511	0.023809161422102435	0.031789857460284884	0.003218780762726715	406.57689184387766	634.342517952358	0.00265012807028919	64.09422044675452	227.76562610848032	267.66945596022583	0.9051515762086547	-0.13941841175267347	0.11116039430038258	0.9225472902294685	2.869901834526118e-15	7.889158056081547e-15	0.9225472902294685	2.258096508730472	340.75632308123454	351.2436769187655	6.9205498267632395	NaN	0.1092515387732742	0.21578803822533682	-2.1969855386898924	-1.3199904819261257	2.266461758874001	0.3745207083235221	1	10.824663054762985	5	8	14	21	33	75	0.014300189225436305	1.0137663598819113	50.511755353252035	1.0155544540810824	20.340637559807448	1.0860240646317252	0.39898279221137956	1.0860240646317252	0.4517249995123116	1.0860240646317252	-0.02609743120490507	1.1488566654073606	NaN	NaN	800000009	800000009	800000009	800000009	800000009	800010009	899999999	899999999	89999	89999	89	89	6	11	0	41	0	0	0	NaN	0	0	16780	0	0	0	0	0	0	NaN	NaN	NaN	NaN	0	0	0	0	0	0	0	0	11431	0	0	0	18000	18000	18000	18000	93	NaN	0.17341396608804438	0.22051724958967775	0.037644860772951504	0.18178793299497034	3.727273016530733	0.04480185758034757	2.996301237278666e-7	NaN	0.04128035789952024	0.00954002895920227	0.010801141455393756	-0.00002609743120490507	NaN	426.6753321898912	4.2528114667223145	95959.27509179688	11.369139865875246	-5.501286688248311	95.52567688793606	95.10826715257431	95.9430886700948	-0.8348214334994547	0.0002638242843968329	-1	0	2.087612019432915	82.7200437823402	1.0000104475876799	-273.1499938964844	9.000119182798597	-273.1499938964844	191
DATA	2026-03-13T010000_AIU-0547.ghg	2026-03-13	01:30:00	72.062	0	18000	18000	0.05384279439847261	1	NaN	45.98524391476424	1	NaN	18.159025788389773	1	NaN	-1.6032235229902265	2	NaN	0.40314916872343143	1	NaN	-0.000001553814832416198	1	NaN	NaN	NaN	NaN	NaN	NaN	NaN	NaN	NaN	NaN	1.5500550924222788e-10	1.5128013923090384e-12	8.224801728446503e-13	NaN	18.015134236904263	426.10393186579523	427.88334052921283	0.1	1	175.8216226600959	4.158630390275965	4.1759968175511295	0.1	1	0.09559073605463826	2.1037670884473667	2.112552413113592	-0.2	0	NaN	NaN	NaN	NaN	9	272.98470005967886	273.37196560584175	95603.05474652778	1.2164433998150954	1007.396481492854	0.023773450838708843	0.026124066133278355	0.0031521936560737246	397.68441489992057	619.3155444632979	0.0025913196261765008	64.21353677543424	221.63112956337733	267.37903389489827	0.5307327148226784	-0.33856167810833326	0.09999442817825346	0.6374167476095788	-7.106516532921581e-14	8.604182861135547e-15	0.6374167476095788	2.2170217480837007	4.534361872125032	327.46563812787497	9.025526829139698	NaN	0.21038648729010193	0.27906515854629776	-17.08494379645956	-0.16974009599030432	2.532362938994533	0.17836445694137437	0	88.67691414965041	-13.457063839933802	30.4399150467385	75.79969246917283	115.59931368870424	162.12968111674985	242.89980620892538	0.05288781873927289	1.0180566278202468	46.159816486945175	1.018227229417033	16.694983398983357	1.0876935516746646	-1.4739661925197842	1.0876935516746646	0.37064591226336113	1.0876935516746646	-0.01550681861487613	1.1520430018656322	NaN	NaN	800000009	800000009	800000009	800000009	800000009	800010009	899999999	899999999	89999	89999	89	89	10	0	0	27	0	0	0	NaN	0	0	16946	0	0	0	0	0	0	NaN	NaN	NaN	NaN	0	0	0	0	0	0	0	0	12122	17997	0	0	18000	18000	18000	18000	93	NaN	0.26895608242405483	0.2574496230997814	0.031724611568759324	0.12786984061166765	4.583008157204109	0.042208060016908265	3.2486674737656675e-8	NaN	0.03766792851413759	-0.03518763443381443	0.008848339216529047	-0.00001550681861487613	NaN	426.1036384243841	4.1585882954004365	95989.62704079862	11.390000343322754	-5.7910503593285885	95.5384433072408	95.11293975342645	95.96394830724928	-0.8510132469733575	0.0002627155562675195	-1	0	2.0999708203474676	84.99275438329906	1.0000081689330163	-273.1499938964844	9.000081445190641	-273.1499938964844	086
DATA	2026-03-13T013000_AIU-0547.ghg	2026-03-13	02:00:00	72.083	0	18000	18000	0.030832265407783985	1	NaN	47.83307274990856	0	NaN	16.269470591725806	0	NaN	-1.6956461011833182	2	NaN	0.3611108651887038	0	NaN	-0.007120664436972776	0	NaN	NaN	NaN	NaN	NaN	NaN	NaN	NaN	NaN	NaN	-2.0759695132361846e-10	-2.0241891383130757e-12	-1.099738110880394e-12	NaN	18.057504316044202	426.7377913525371	428.5208399139105	0.1	1	176.0710061902515	4.160937801138328	4.178323545524287	0.1	1	0.09565904295378587	2.102747885546066	2.111533846546545	0.1	0	NaN	NaN	NaN	NaN	9	272.7377285758124	273.1142970021566	95640.11183072916	1.2180619394558525	1007.3942355132712	0.02374184034095162	0.023399984064228004	0.003158141887252091	398.0593031822176	607.8388391116015	0.0025927596823712715	65.48763875701145	209.77953592938388	267.3913934234796	0.6957135019171101	-0.04457706977576188	0.11493594428329584	0.7065512459743084	7.193093992834766e-14	-1.1496436478166437e-14	0.7065512459743084	1.7237750648590968	335.6661518201224	356.33384817987746	9.362009675074784	NaN	0.15909921299113575	0.21539731907874765	-7.105148474697433	-0.40815473600972063	2.9400509672536677	0.24501429002673675	1	5.717820020256583	3	5	8	12	20	50	0.03032553609086457	1.016709657346241	47.91853967451503	1.017371507984391	14.967411446653598	1.086992941278655	-1.5599421457039917	1.086992941278655	0.3322108649242199	1.086992941278655	-0.022647851526844048	1.1509406022528796	NaN	NaN	800000009	800000009	800000009	800000009	800000009	800010009	899999999	899999999	89999	89999	89	89	5	2	0	48	3	0	0	NaN	0	0	18000	0	0	0	0	0	0	NaN	NaN	NaN	NaN	0	0	0	0	0	0	0	0	11874	18000	0	0	18000	18000	18000	18000	93	NaN	0.09611768356776053	0.30400338280924755	0.030673571780487244	0.11042190157285448	2.893214675836272	0.043748810121880845	4.234990747507114e-8	NaN	0.0390512320173438	-0.037190687009402576	0.00792026187159895	-0.000022647851526844047	NaN	426.73747295890615	4.160894064977708	96029.86214257813	11.370859905242916	-5.779056605683408	95.5202744325002	95.08865263748169	95.95189596176148	-0.8632432565043369	0.0002627447819201432	-1	0	2.098950842400392	84.74642305628458	1.0000199459095795	-273.1499938964844	9.000124762720532	-273.1499938964844	178
DATA	2026-03-13T020000_AIU-0547.ghg	2026-03-13	02:30:00	72.104	0	18000	18000	0.005042660058391071	0	NaN	45.992907980826935	0	NaN	24.75030282382014	1	NaN	0.6433675740939867	2	NaN	0.5491052747657011	1	NaN	-0.0009511105264656029	0	NaN	NaN	NaN	NaN	NaN	NaN	NaN	NaN	NaN	NaN	-1.5505037723411646e-10	-1.4883813970765304e-12	-8.159782961465944e-13	NaN	18.133775338077438	427.9390008521945	429.70419658745664	0	0	174.07228768754584	4.1079322689437205	4.124876984212591	0.1	1	0.09543199679370892	2.0932128976274935	2.101847143331974	-0.1	0	NaN	NaN	NaN	NaN	9	272.2893618299697	272.64771943155915	95655.05426953125	1.2203615175071214	1007.3591802963656	0.023697578310569404	0.03558202180481743	0.003123734407987266	393.04988731957644	587.5360758660571	0.002559679540181041	66.89800055940421	194.48618854648066	267.2253789807281	0.8822493712021593	-0.2754405840632321	0.09387009862824823	0.9290011107378986	1.2732043605283516e-13	-8.550363856584267e-15	0.9290011107378986	2.4038988203040654	349.33850171203244	342.6614982879676	5.799298641853685	NaN	0.06428143952761811	0.15856873921308864	-0.4874221987542955	-5.949667469827036	1.858276575774359	0.5820126481243127	1	11.557464309034565	5	9	14	21	33	70	0.004974513030972737	1.0136992358838002	46.62568399716022	1.015514305837333	22.789975896280556	1.0860170689280773	0.592410186268071	1.0860170689280773	0.5056138531116091	1.0860170689280773	-0.01678424159595654	1.1488174815893388	NaN	NaN	800000009	800000009	800000009	800000009	800000009	800010009	899999999	899999999	89999	89999	89	89	10	14	0	44	0	0	0	NaN	0	0	18000	0	0	0	0	0	0	NaN	NaN	NaN	NaN	0	0	0	0	0	0	0	0	9608	604	0	0	18000	18000	18000	18000	93	NaN	0.0832515128993868	0.19856738621958409	0.035318579307206395	0.13150484850675628	1.9386447432295346	0.04001927030203681	8.078788630373568e-8	NaN	0.03792733809050407	0.014096610234317446	0.012031260740612174	-0.00001678424159595654	NaN	427.9388549957275	4.107892309747092	96042.5881312934	11.359999656677246	-5.94376387071614	95.43633421643575	95.00872511948481	95.86394360521105	-0.8552154037058355	0.00026215937671885417	-1	0	2.0894805282155673	83.52085384241747	1.0000174861097086	-273.1499938964844	9.000116788307826	-273.1499938964844	124
DATA	2026-03-13T023000_AIU-0547.ghg	2026-03-13	03:00:00	72.124	0	18000	18000	0.007661352522955194	1	NaN	32.81753557610312	0	NaN	22.22514133547564	1	NaN	1.1911702233928936	1	NaN	0.4929833330631685	1	NaN	-0.005265158071447648	0	NaN	NaN	NaN	NaN	NaN	NaN	NaN	NaN	NaN	NaN	5.3782771633478356e-11	4.994365666516763e-13	2.822462395813057e-13	NaN	18.16808295029409	428.36029571415673	430.07104580518956	0	0	168.7121116251572	3.9778313553517948	3.993717690806709	0.1	1	0.09534415831276674	2.089138240910277	2.0974816692615406	-0.2	0	NaN	NaN	NaN	NaN	9	272.05737183464896	272.4353170233832	95646.6534500868	1.221265874326488	1007.2856952734952	0.023681196822159727	0.031945319982493316	0.0030268960977735625	380.5683131741304	578.4943995490225	0.0024784906885594064	65.78599783693852	197.92608637489212	266.80340782612984	0.8559659913468659	-0.388097126488312	0.059261978359231686	0.9417054422748308	-7.340362539266496e-14	2.960288753668849e-15	0.9417054422748308	2.363211267220716	356.38965872232905	335.61034127767095	3.608035209227559	NaN	0.0792040906418232	0.10537785100281874	-1.2777289809545458	-2.2696518927147706	1.476595135245325	0.3368181330729406	1	13.745212025028051	6	11	17	26	41	88	0.007558782171331244	1.013569692749313	33.50422192593006	1.0154371685297967	20.46506498435787	1.0860039463575148	1.0968378405880652	1.0860039463575148	0.4539424877014925	1.0860039463575148	-0.01656208233383171	1.1487430282687123	NaN	NaN	800000009	800000009	800000009	800000009	801000009	801010009	899999999	899999999	89999	89999	89	89	12	11	1	72	2	2	0	NaN	0	0	18000	0	0	0	0	0	0	NaN	NaN	NaN	NaN	0	0	0	0	0	0	0	0	14523	0	0	0	18000	18000	18000	18000	93	NaN	0.03629897129612947	0.14146498389122625	0.03299174681828175	0.06213356737198919	3.836883971854638	0.04572838950726727	3.2450359332899686e-8	NaN	0.027235581260258237	0.02607819527353386	0.010792845030662296	-0.00001656208233383171	NaN	428.3602590866091	3.97778577634751	96036.57554839409	11.369712101194594	-6.368539894064265	95.475779077318	95.04978739293418	95.90176999749079	-0.8519767957975464	0.0002620640244179716	-1	0	2.085524795161353	82.08722452036534	1.0000025562925472	-273.1499938964844	9.000055885897742	-273.1499938964844	238
DATA	2026-03-13T030000_AIU-0547.ghg	2026-03-13	03:30:00	72.145	0	18000	18000	0.019592885041012042	1	NaN	42.34064599394976	0	NaN	18.993914162559868	1	NaN	3.584364573465146	1	NaN	0.4212525106614307	1	NaN	-0.008800158254939672	0	NaN	NaN	NaN	NaN	NaN	NaN	NaN	NaN	NaN	NaN	-1.975134595480327e-10	-1.8479094399051864e-12	-1.0389694123395431e-12	NaN	18.161844666979015	428.17767567186314	429.899842797256	0.1	0	169.9197831023788	4.005972912637275	4.022085277310498	0.1	1	0.09553577322696033	2.092000938514281	2.100415144689199	-0.1	0	NaN	NaN	NaN	NaN	9	271.94363045416935	272.2902595367432	95610.85395681424	1.2214461133747	1007.299069297321	0.023677450039417194	0.02729716269086071	0.0030487925432173325	383.1172306878135	572.3906178688335	0.002496051614421128	66.93282851390254	189.27338718101998	266.8905696177667	0.8688768199695911	-0.42072834678167537	0.12093222759638922	0.972925420439559	-5.334083814537458e-14	-1.0875187139285587e-14	0.972925420439559	2.4671111009633018	357.83723735990924	334.16276264009076	7.140190902634216	NaN	0.12665199619012305	0.17398827866901803	-4.0482336058843265	-0.716361821557109	2.2291690712918006	0.27171442548428876	1	11.557396725194517	5	9	15	23	37	85	0.019336380099344318	1.0132654064695605	42.73526061172078	1.015257501385232	17.48999169528439	1.0859876032806213	3.300557541022813	1.0859876032806213	0.38789808409311854	1.0859876032806213	-0.022682157164593958	1.1485770733343372	NaN	NaN	800000009	800000009	800000009	800000009	800000009	801010009	899999999	899999999	89999	89999	89	89	5	5	0	60	5	0	0	NaN	0	0	18000	0	0	0	0	0	0	NaN	NaN	NaN	NaN	0	0	0	0	0	0	0	0	12164	0	0	0	18000	18000	18000	18000	93	NaN	0.08601631577932864	0.22882879858814942	0.03313144297055799	0.10780390059055117	10.53360492834101	0.09168114736857028	1.0653983636432956e-7	NaN	0.0347339050015659	0.07846319201503466	0.009221388046163456	-0.00002268215716459396	NaN	428.1769168679337	4.005881846285547	96001.62562196181	11.369999885559082	-6.2981907494068405	95.11967151175608	94.68445637639363	95.5548856595357	-0.8704294761949091	0.0002617924718619583	-1	0	2.0883525243666443	81.47713370238415	1.0000060153346924	-273.1499938964844	9.000089701308145	-273.1499938964844	188
DATA	2026-03-13T033000_AIU-0547.ghg	2026-03-13	04:00:00	72.166	0	18000	18000	0.008417838859781706	1	NaN	39.9426908200133	0	NaN	11.574530790784266	0	NaN	-1.376323152954274	0	NaN	0.2566947332353439	0	NaN	-0.0012398845757261956	0	NaN	NaN	NaN	NaN	NaN	NaN	NaN	NaN	NaN	NaN	-1.1038110819575296e-10	-1.0374321798364756e-12	-5.827303305968778e-13	NaN	18.128145302450008	427.36834693494694	429.0918720100606	0.1	1	170.37989203877814	4.016680779899002	4.032879569754482	0.1	1	0.0957031531742801	2.095342422716628	2.1037926863648413	-0.1	0	NaN	NaN	NaN	NaN	9	271.89660585474087	272.2550878067017	95605.22979644097	1.2215270955422126	1007.3044252797744	0.02367578431477376	0.016633818713650286	0.003057156963909862	384.11869712462084	570.9192793953323	0.002502733647961242	67.28073669739192	186.80058227071146	266.9246744131466	1.0358280890683065	-0.26608942167813865	0.12522819209909636	1.076766228356184	-5.188029562040336e-14	-6.088935539414228e-15	1.076766228356184	2.5323318616372994	346.4069519696499	345.5930480303501	6.6786277199843225	NaN	0.0830135050972087	0.1530528356876731	-1.20830944780239	-2.4000474425441003	3.450912312732019	0.3910431839843916	1	14.955747830533582	7	12	19	28	44	95	0.008314885164493113	1.0123818541389165	40.00810923138091	1.0147490438295008	10.657256454739747	1.0860704009460678	-1.2672504026952298	1.0860704009460678	0.2363518359507257	1.0860704009460678	-0.014376098255665362	1.1481740814350299	NaN	NaN	800000009	800000009	800000009	800000009	800000009	801010009	899999999	899999999	89999	89999	89	89	3	11	0	46	2	0	0	NaN	0	0	18000	0	0	0	0	0	0	NaN	NaN	NaN	NaN	0	0	0	0	0	0	0	0	11297	0	0	0	18000	18000	18000	18000	93	NaN	0.04090124048075115	0.2287269861187475	0.03647744477584756	0.08756081048241524	4.310821186112498	0.028241032181729936	3.498190420779282e-8	NaN	0.03251503161131802	-0.03012417887407346	0.005618388416569038	-0.000014376098255665363	NaN	427.36807703848666	4.016652450819025	95996.31464084201	11.369999885559082	-6.240493792904732	95.13970152197945	94.70363747066922	95.57576749504938	-0.8721301754216347	0.00026194553747255764	-1	0	2.091682373132971	81.36944974899293	1.0000286618156566	-273.1499938964844	9.00025302026007	-273.1499938964844	148
DATA	2026-03-13T040000_AIU-0547.ghg	2026-03-13	04:30:00	72.187	0	18000	18000	0.014488510834085436	1	NaN	44.293381143552075	0	NaN	33.105715280330934	1	NaN	1.6063777246086373	2	NaN	0.7341322706742761	1	NaN	-0.005949399344614441	0	NaN	NaN	NaN	NaN	NaN	NaN	NaN	NaN	NaN	NaN	-2.8353636286638878e-11	-2.568797581814531e-13	-1.501668344227232e-13	NaN	18.109399544952296	426.7890972403207	428.44574535485805	0.1	1	164.06848592153247	3.8666462031622024	3.881655190466404	0.1	1	0.09591119726125821	2.098781193069038	2.106927937980768	-0.1	0	NaN	NaN	NaN	NaN	9	271.78868082767065	272.1524326426188	95592.70527213541	1.2218971916017616	1007.2216165906577	0.02366995806373822	0.04757177113969309	0.0029436877575867455	369.72231839331437	566.6440690393757	0.002409112466923606	65.24771696986078	196.92175064606135	266.4266223656084	1.0161986933035954	-0.3252344555388038	0.12605008267453538	1.0743955783061567	-9.669393494227129e-15	-1.5656861629375227e-15	1.0743955783061567	2.268523944578443	349.74727353135484	342.25272646864516	6.73756430946449	NaN	0.10889164073373622	0.09097211750017378	-2.459021767764776	-1.1793307558379478	1.3379375968314469	0.33050998724622266	1	13.856086305729594	6	11	18	27	42	94	0.014311052690271964	1.0124000761966379	45.4055276301909	1.0147592900627964	30.482234569042944	1.08606589209678	1.4790794336680007	1.08606589209678	0.6759555529885447	1.08606589209678	-0.02156671818362298	1.1481810101473349	NaN	NaN	800000009	800000009	800000009	800000009	800000009	800010009	899999999	899999999	89999	89999	89	89	16	1	0	73	12	0	0	NaN	0	0	18000	0	0	0	0	0	0	NaN	NaN	NaN	NaN	0	0	0	0	0	0	0	0	13930	0	0	0	18000	18000	18000	18000	93	NaN	0.04707050191643109	0.09620931736844049	0.03866441571547598	0.10153946005782484	6.919102877366389	0.06968257294367429	5.997946652072278e-8	NaN	0.03689342902817354	0.03514568053268839	0.01606196217651193	-0.00002156671818362298	NaN	426.78819881167476	3.8665768649818006	95983.20945876736	11.369999885559082	-6.755691906213807	95.20156878746882	94.76928868103028	95.63384878540037	-0.8645596149894922	0.0002618902272467191	-1	0	2.0952524296310218	81.3478953821394	1.0000139617257648	-273.1499938964844	9.00011805597941	-273.1499938964844	052
DATA	2026-03-13T043000_AIU-0547.ghg	2026-03-13	05:00:00	72.208	0	18000	18000	0.007088294813930212	1	NaN	35.93137764473006	0	NaN	45.412952659913046	1	NaN	6.827772155613363	1	NaN	1.0068923754323431	1	NaN	-0.012082433195885069	1	NaN	NaN	NaN	NaN	NaN	NaN	NaN	NaN	NaN	NaN	-1.6481198129520494e-10	-1.4649468706204512e-12	-8.728729565368922e-13	NaN	18.14421993938158	427.5272258648254	429.15807640134636	0.1	1	161.27661357602747	3.8001161488005275	3.8146121179112122	0.1	1	0.096094948790015	2.1011701533554734	2.1091853024842564	-0.1	0	NaN	NaN	NaN	NaN	9	271.6121925226847	271.9870248353746	95567.36867230902	1.2223470205876503	1007.1833609857874	0.02366184353401083	0.06524662592801583	0.0028940303859355176	363.26451672041594	559.8151523792375	0.002367601292588905	64.8900829455092	196.55063565882153	266.1975878475891	0.9632525336287022	-0.40785195535746066	0.07344724586706225	1.0486148763757375	-1.5598487379839573e-14	-9.083442652581864e-15	1.0486148763757375	2.399678209152924	354.9483456311739	337.0516543688261	4.016408473361388	NaN	0.07615065215603764	0.05362197840166171	-1.036517983773852	-2.7978289285839573	0.791214302091558	0.3832632526835801	1	15.096136855516841	7	12	19	28	44	95	0.007000067478673457	1.0126037835385944	37.7812727065501	1.0148745933265413	41.81563750187692	1.086027987923768	6.286920992401374	1.086027987923768	0.9271329897835194	1.086027987923768	-0.0255353213421396	1.148262516832438	NaN	NaN	800000009	800000009	800000009	800000009	800000009	800010009	899999999	899999999	89999	89999	89	89	13	4	0	64	14	0	0	NaN	0	0	18000	0	0	0	0	0	0	NaN	NaN	NaN	NaN	0	0	0	0	0	0	0	0	12962	0	0	0	18000	18000	18000	18000	93	NaN	0.02687656812771549	0.04733947462773545	0.033027914047872475	0.07388731146508495	6.7210081922528335	0.09418144341664755	7.825150278525955e-8	NaN	0.030688348880643444	0.14932775586531077	0.022021381996115634	-0.000025535321342139603	NaN	427.5257321170215	3.8000226060419124	95958.95153710937	11.369999885559082	-6.994986187722879	95.23204057184857	94.80098812442354	95.66309262169732	-0.8621019116772526	0.0002619554798713781	-1	0	2.097695783336958	81.30871081140305	1	-273.1499938964844	9.000049515035418	-273.1499938964844	173
DATA	2026-03-13T050000_AIU-0547.ghg	2026-03-13	05:30:00	72.229	0	18000	18000	0.024480502375039806	1	NaN	44.77720961812535	0	NaN	19.668973225937574	0	NaN	2.7027967527957046	1	NaN	0.43608574379555354	0	NaN	-0.004817095775031205	0	NaN	NaN	NaN	NaN	NaN	NaN	NaN	NaN	NaN	NaN	-1.2762991093770917e-10	-1.1733646759651734e-12	-6.742088971020552e-13	NaN	18.190027918870005	428.61790779960506	430.313556509433	0.1	0	167.22989194311393	3.940495678506043	3.9560846128266904	0.1	1	0.09608937725751783	2.1008823085426798	2.1091935767168652	-0.1	0	NaN	NaN	NaN	NaN	9	271.60907510206437	271.95513913302955	95553.17945442707	1.2222438532048998	1007.2591476333762	0.023662582863926373	0.02825835619795187	0.003000844571856372	376.6278900602499	558.507164750392	0.0024551930156880924	67.43474637940812	181.8792746901421	266.66763621349173	0.9008430334428813	-0.3496421478838363	0.1186954244674447	0.9735791730871088	-5.0006585329228406e-14	-7.016476912897326e-15	0.9735791730871088	2.42701010647057	353.21261290090206	338.78738709909794	7.002725683245159	NaN	0.1415243705720876	0.2133693734250619	-5.33863276158351	-0.5432102430547819	2.2765402699861026	0.2569962060712499	1	10.63219514590893	5	8	14	22	35	82	0.024160156748100355	1.0132592528384419	45.17062579633171	1.0152538806870242	18.11161561926659	1.0859866750382177	2.488793661027737	1.0859866750382177	0.4015571772832359	1.0859866750382177	-0.019821433365050288	1.1485738689731335	NaN	NaN	800000009	800000009	800000009	800000009	800000009	801010009	899999999	899999999	89999	89999	89	89	1	3	0	40	15	0	0	NaN	0	0	18000	0	0	0	0	0	0	NaN	NaN	NaN	NaN	0	0	0	0	0	0	0	0	10602	0	0	0	18000	18000	18000	18000	93	NaN	0.06451740581033057	0.3262030709803972	0.036018270059396056	0.09834108869637538	10.72306313111907	0.07198892643482044	6.746615964025902e-8	NaN	0.036690786833906565	0.0591243278880138	0.009539480346343878	-0.00001982143336505029	NaN	428.6179916237726	3.9404240980487035	95946.69751888022	11.350577033837636	-6.514892399099125	95.17175283983018	94.73150984276667	95.61199768786962	-0.8804856317672488	0.0002620736780518199	-1	0	2.097278765685028	81.21603170394897	1.0000000044438575	-273.1499938964844	9.00004418431388	-273.1499938964844	086
DATA	2026-03-13T053000_AIU-0547.ghg	2026-03-13	06:00:00	72.249	0	18000	18000	0.014992826010371	1	NaN	50.04499150446746	0	NaN	37.7396831237621	1	NaN	2.9882705094397326	2	NaN	0.8367477117332485	1	NaN	-0.002881236491293872	1	NaN	NaN	NaN	NaN	NaN	NaN	NaN	NaN	NaN	NaN	3.123510883221666e-11	2.8100815020996824e-13	1.6575854304084574e-13	NaN	18.1213351663215	427.0373744127172	428.6843204817257	0.1	0	163.02945835010465	3.8418621589839743	3.8566789880475025	0.1	1	0.09616634061560034	2.1026269753617424	2.1107361326373217	0	0	NaN	NaN	NaN	NaN	9	271.59633992173934	271.969933684455	95542.32893315972	1.2220842272688883	1007.2057894829799	0.023666557576113075	0.0542212517203145	0.002925239848187683	367.1589181917396	559.1137165564691	0.0023936483123794205	65.66802196394649	191.95479836472947	266.33613688689985	1.0234217892689628	-0.2307766873143883	0.11965861418515986	1.0559205567214696	2.7750331399730612e-14	1.723664870470864e-15	1.0559205567214696	2.180384320950265	344.7073856002105	347.29261439978944	6.506827356766919	NaN	0.11076209997256654	0.10059765574937858	-2.289624700121068	-1.2665831216123136	1.326057543735908	0.3670710096607023	1	12.914782167893243	6	10	17	25	40	88	0.014807073281801177	1.0125448645410653	51.31270858492325	1.0148412049762916	34.749887503866965	1.0860375625550567	2.7515351332871067	1.0860375625550567	0.7704592737701276	1.0860375625550567	-0.02082039609956073	1.1482380779069177	NaN	NaN	800000009	800000009	800000009	800000009	800000009	800010009	899999999	899999999	89999	89999	89	89	11	9	0	50	4	0	0	NaN	0	0	18000	0	0	0	0	0	0	NaN	NaN	NaN	NaN	0	0	0	0	0	0	0	0	11469	0	0	0	18000	18000	18000	18000	93	NaN	0.05607893418341589	0.10533770373264587	0.0397786735826954	0.1067369677818948	7.571250582086165	0.0732116496901377	4.652277117831624e-8	NaN	0.041687474677632216	0.0653705767667477	0.018304460841637192	-0.00002082039609956073	NaN	427.0368876804529	3.8417893761601185	95932.68538715277	11.359140300114952	-6.848135296265244	95.23165771887038	94.79676373354593	95.66655366749235	-0.8697857695404019	0.00026201112866854395	-1	0	2.0991143050061334	81.36336039225259	1	-273.1499938964844	9.000045690351062	-273.1499938964844	059
DATA	2026-03-13T060000_AIU-0547.ghg	2026-03-13	06:30:00	72.27	1	18000	18000	0.02339007093315117	1	NaN	41.260839925025785	0	NaN	21.578651059404724	0	NaN	3.0977453346618993	0	NaN	0.4783934660380847	0	NaN	-0.0010886808552263364	0	NaN	NaN	NaN	NaN	NaN	NaN	NaN	NaN	NaN	NaN	-2.3958990379026043e-11	-2.2060697224147989e-13	-1.264787219639584e-13	NaN	18.177153819308707	428.21773902911843	429.91284085671185	0.1	0	167.36960967920206	3.9428964815647727	3.958504454852067	0.1	1	0.09595659698670107	2.0972966900986854	2.1055988483895876	0	0	NaN	NaN	NaN	NaN	9	271.5352151828342	271.8840002076891	95553.54323676215	1.222567198375879	1007.2595367548171	0.023656303064825236	0.030999896599267888	0.003003469968256408	376.85879070188787	555.5987308227827	0.002456691110514311	67.8293109388137	178.73994012089486	266.6756268910954	0.8663901744693793	-0.25374698595297757	0.09763082323390192	0.908048041098425	-1.7178495647921604e-14	-1.318082611677939e-15	0.908048041098425	2.303562609506524	348.3241690499009	343.67583095009917	6.17221527409856	NaN	0.13831822264077442	0.24363650371989365	-5.408719577865268	-0.536171261654608	1.9121139598317423	0.24223926343900667	1	9.953498358344246	4	8	13	20	33	78	0.02306892948168529	1.0139209516298031	41.784739049554716	1.0156469942563762	19.868995797699025	1.0860463849865871	2.85231402404618	1.0860463849865871	0.44049082309131105	1.0860463849865871	-0.015299197374391577	1.1489490531165567	NaN	NaN	800000009	800000009	800000009	800000009	800000009	800010009	899999999	899999999	89999	89999	89	89	9	0	0	44	2	0	0	NaN	0	0	18000	0	0	0	0	0	0	NaN	NaN	NaN	NaN	0	0	0	0	0	0	0	0	11799	0	0	0	18000	18000	18000	18000	93	NaN	0.08051305393663202	0.3745778037017958	0.03218214980135945	0.08964800107039488	5.030691393732917	0.029496885677448032	4.502397250235848e-8	NaN	0.03393153969536593	0.06774237781910832	0.010461644654879865	-0.000015299197374391577	NaN	428.217464529042	3.942866894501936	95945.36563997396	11.380000114440918	-6.490725783665964	95.17299397108289	94.7336620441013	95.6123259701199	-0.8786657169096995	0.00026195379018705966	-1	0	2.093694634570016	81.23915723080104	1.0000000000013085	-273.1499938964844	9.000043956783083	-273.1499938964844	194
DATA	2026-03-13T063000_AIU-0547.ghg	2026-03-13	07:00:00	72.291	1	18000	18000	0.013544679501911457	1	NaN	44.233318491624864	0	NaN	28.134989837112567	1	NaN	4.426482753987716	1	NaN	0.6237957043193456	1	NaN	-0.005703392516232289	0	NaN	NaN	NaN	NaN	NaN	NaN	NaN	NaN	NaN	NaN	8.923530520503958e-11	8.252791809049221e-13	4.711053804326392e-13	NaN	18.154386327147197	427.7131459377106	429.4117442678428	0.1	1	167.89808746071753	3.9556401351536645	3.971349364088972	0.1	1	0.09584355718311335	2.095639214122109	2.1039617295824726	0	0	NaN	NaN	NaN	NaN	9	271.62391838497587	271.96831195407447	95563.24534895833	1.2223063926158506	1007.2675438241937	0.02366123646522666	0.040421961639893596	0.0030125490931776733	378.1152069504679	559.0471998296617	0.002464643162612064	67.63564991751632	180.93199287919384	266.7190310319392	0.8705511141755771	-0.13231935203983847	0.12020388912789276	0.8887162810920268	5.2738437119964415e-14	4.915357842286378e-15	0.8887162810920268	2.188594565657672	340.64251841718277	351.3574815828173	7.773402549591078	NaN	0.10526750387837634	0.17624442080549613	-2.2241323299422104	-1.303879252578173	1.5721817831715426	0.3412952735663169	1	10.867895683746829	5	9	14	21	34	75	0.01335589741870815	1.014134735936117	45.047130910324306	1.0157757438864685	25.90499705516112	1.0860834987629213	4.075637608921967	1.0860834987629213	0.5743533577573602	1.0860834987629213	-0.020972620469758098	1.1490809127769528	NaN	NaN	800000009	800000009	800000009	800000009	800000009	800010009	899999999	899999999	89999	89999	89	89	11	2	1	40	0	0	0	NaN	0	0	18000	0	0	0	0	0	0	NaN	NaN	NaN	NaN	0	0	0	0	0	0	0	0	11239	0	0	0	18000	18000	18000	18000	93	NaN	0.07083822150040908	0.24696480703813475	0.034685813072448474	0.10154495509542961	9.125957204998146	0.07939826535246725	5.338015438455138e-8	NaN	0.03658829838314836	0.09681770393601301	0.013643895429828372	-0.000020972620469758097	NaN	427.7124315846053	3.9555611727244284	95954.2513140191	11.380000114440918	-6.46639329841403	95.1493937403361	94.70791118240356	95.59087656444974	-0.8829661298427306	0.0002617618400707013	-1	0	2.092031741466787	81.37563476075064	1	-273.1499938964844	9.000048225694233	-273.1499938964844	223
DATA	2026-03-13T070000_AIU-0547.ghg	2026-03-13	07:30:00	72.312	1	18000	18000	0.013285004685024858	1	NaN	42.39964301378314	0	NaN	25.910933405307347	0	NaN	1.0292955077031496	1	NaN	0.5744434445947664	0	NaN	-0.004395840284553287	0	NaN	NaN	NaN	NaN	NaN	NaN	NaN	NaN	NaN	NaN	2.94503547709377e-12	2.6674463595184455e-14	1.5570815567958453e-14	NaN	18.133818782401516	427.0189052108217	428.6768968837433	0.1	1	164.24586145569205	3.867695425096202	3.882712574758559	0.1	1	0.09587604292026823	2.0955070632669366	2.1036433148919786	0	0	NaN	NaN	NaN	NaN	9	271.52848276689315	271.8919587012397	95595.13895182291	1.2230984275305614	1007.2188177336503	0.02364670180333475	0.037223935209740856	0.00294738240174212	369.8320585169422	555.9234359900003	0.0024097671417114747	66.52571821483608	186.09137747305806	266.4304836208312	0.8014438704263249	-0.06700253565791146	0.09639363775913128	0.8099958954395655	1.1366787014119478e-14	1.6240569691541553e-16	0.8099958954395655	2.3809767970659306	336.77894464286567	355.2210553571343	6.834687223375701	NaN	0.10421977999281165	0.16804095101366018	-2.2522279974860173	-1.2876138664633594	1.6363610816543723	0.3302378203237266	1	9.748956641350702	4	8	13	19	30	68	0.013087269480094478	1.0151089732836274	43.098725975905516	1.0163711284654369	23.851612118675938	1.0863388720387142	0.947490266799979	1.0863388720387142	0.5287884465707443	1.0863388720387142	-0.01900912603029739	1.1497334161774748	NaN	NaN	800000009	800000009	800000009	800000009	800000009	800011009	899999999	899999999	89999	89999	89	89	19	2	4	62	10	0	0	NaN	0	0	18000	0	0	0	0	0	0	NaN	NaN	NaN	NaN	0	0	0	0	0	0	0	0	11431	0	0	0	18000	18000	18000	18000	93	NaN	0.05507404645934901	0.24498397164103886	0.03602388392693249	0.08861157280458418	6.098540346560585	0.07022766702742675	3.898226155201958e-8	NaN	0.034984783726736864	0.02249203547807589	0.012552665623505146	-0.00001900912603029739	NaN	427.0185450601428	3.867625600808555	95987.6116015625	11.380000114440918	-6.752481949806244	95.21994650734796	94.7825178735521	95.65737711418998	-0.8748587234185783	0.0002620351659651431	-1	0	2.0919839758409395	81.51719405216642	1.0000000336066717	-273.1499938964844	9.000049720896614	-273.1499938964844	074
DATA	2026-03-13T073000_AIU-0547.ghg	2026-03-13	08:00:00	72.333	1	18000	18000	0.001324155785068099	1	NaN	42.96146478698729	0	NaN	19.897139466351398	0	NaN	1.4467587672323565	1	NaN	0.44116722254731583	0	NaN	-0.0019658725358440003	0	NaN	NaN	NaN	NaN	NaN	NaN	NaN	NaN	NaN	NaN	2.596302806534544e-11	2.4269854088454744e-13	1.3691347178765371e-13	NaN	18.13853151088121	427.4973068411366	429.21251796771384	0.1	1	169.55630600558317	3.996181506305246	4.0122150458708745	0.1	1	0.09565175972671972	2.0918686350670836	2.100261661878685	0	0	NaN	NaN	NaN	NaN	9	271.64466147698295	272.0095946443346	95574.22996354167	1.2222425968281678	1007.2900981125157	0.02366210819313615	0.028587636021066065	0.003043312598762381	382.03441946760984	560.7426329715374	0.002489941527696758	68.13008268037315	178.7082135039276	266.8536053804699	0.7604497019824148	-0.08601563557179862	0.1168195881706202	0.7741635841269461	-1.4500946988107554e-14	1.4313743121801428e-15	0.7741635841269461	2.0993916379354136	338.4533850231928	353.54661497680723	8.678959440813662	NaN	0.03291477066090187	0.13446432811925804	-0.07000987274144342	-41.4227292014959	2.159177949153978	1.0601718457600124	1	8.036801207098001	4	6	10	15	22	47	0.0013037950231086668	1.0156165360340812	43.3324562160906	1.0166858370838936	18.312718864869066	1.0865202274536019	1.331552538716209	1.0865202274536019	0.4060368241659405	1.0865202274536019	-0.01648929820361458	1.1501009318321653	NaN	NaN	800000009	800000009	800000009	800000009	800000009	800010009	899999999	899999999	89999	89999	89	89	0	6	0	52	9	0	0	NaN	0	0	18000	0	0	0	0	0	0	NaN	NaN	NaN	NaN	0	0	0	0	0	0	0	0	9173	0	0	0	18000	18000	18000	18000	93	NaN	0.11158005043305941	0.12334872500891614	0.033999880796540545	0.09643966882182485	2.852408162307193	0.01825890302844567	2.4299316204097515e-8	NaN	0.035196649772946204	0.03163378850586358	0.00964624575282748	-0.00001648929820361458	NaN	427.49711946124694	3.9961630298903352	95971.50665190972	11.360575225406222	-6.307525951570979	95.16938836797078	94.72863630040486	95.61014188936022	-0.881505245827966	0.000262129179955486	-1	0	2.088232458876239	81.90548583857226	1.0000215533607535	-273.1499938964844	9.00020973250601	-273.1499938964844	056
DATA	2026-03-13T080000_AIU-0547.ghg	2026-03-13	08:30:00	72.354	1	18000	18000	0.0449749657191296	0	NaN	-45.47922318491923	2	NaN	33.9842493194001	1	NaN	5.069208820081858	1	NaN	0.75457022510198	1	NaN	-0.024316447755262233	0	NaN	NaN	NaN	NaN	NaN	NaN	NaN	NaN	NaN	NaN	2.3709807431620075e-10	2.2821414641085697e-12	1.2520642379636657e-12	NaN	18.045916851874477	426.7663860984044	428.5266695080337	0.1	1	173.69746770104533	4.107756960961479	4.124700227030945	0.1	1	0.09529662860679763	2.0983998999387055	2.1070551704823846	0.2	0	NaN	NaN	NaN	NaN	9	273.0321740425956	273.49037234242746	95591.20252994791	1.215789427867372	1007.3704640978319	0.023786696845272765	0.0488961505866083	0.0031118983096433987	392.7707559433203	624.6535410397689	0.002559570134691835	62.87817648316418	231.88278509644863	267.2160732427422	-0.03307357127210152	0.3223276100845183	0.09840500727515893	0.3386332747919556	-1.0135475315050286e-13	1.313859951048e-14	0.3386332747919556	2.829751445945733	236.14146583261083	95.85853416738915	16.89355830844104	NaN	0.19233407768799088	0.2390563285836448	13.197537578626969	0.21973796117061006	-1.338244160036725	-0.19306752221524248	1	0.7074294509501005	1	1	1	3	6	41	0.04427793581685293	1.0157421498861148	-42.8122084841054	1.0245361263292034	29.109392744758736	1.1674667904406595	4.3420582594632	1.1674667904406595	0.6463312115432149	1.1674667904406595	-0.009499193911894398	1.308217388562051	NaN	NaN	800000009	800000009	800000009	800000009	800000009	800110009	899999999	899999999	89999	89999	89	89	16	12	0	19	10	0	0	NaN	0	0	18000	0	0	0	0	0	0	NaN	NaN	NaN	NaN	0	0	0	0	0	0	0	0	15783	0	0	0	18000	18000	18000	18000	93	NaN	0.15998074982230692	0.2582172048864312	0.059914702458551496	0.7097778311483923	6.034829005285182	0.13627394722572897	3.383596805131822e-8	NaN	-0.034955865191380164	0.10370935058256185	0.015437515160995119	-0.000009499193911894398	NaN	426.76562978050555	4.107621890795581	96000.09463454862	11.36609312947591	-5.985999678426387	95.20459720611571	94.77285140524974	95.63634269629587	-0.8634913904633859	0.00026301119286735144	-1	0	2.094677479690978	83.19455547375163	1.0000089604010185	-273.1499938964844	9.000100817812813	-273.1499938964844	088
DATA	2026-03-13T083000_AIU-0547.ghg	2026-03-13	09:00:00	72.374	1	18000	18000	0.1632796715337194	1	NaN	22.900374495331395	1	NaN	12.118516288320087	1	NaN	2.3214734786356224	2	NaN	0.2695192293269291	1	NaN	0.0012052954720604553	1	NaN	NaN	NaN	NaN	NaN	NaN	NaN	NaN	NaN	NaN	-1.1171903034266313e-10	-9.597527490602796e-13	-5.972340765818776e-13	NaN	17.780588414428873	424.5468941523543	426.1009634888912	0.1	0	152.7489860797755	3.647185690011536	3.6605363457896676	0.1	1	0.09505250153177011	2.109372234079942	2.1170936678095913	0.2	0	NaN	NaN	NaN	NaN	9	274.68221714952256	275.23318520948624	95621.90595247396	1.2086897123305809	1007.1456493390884	0.023930590789196307	0.017464846060385005	0.002746371280133833	348.84439576437956	708.0784032352428	0.002272188843932752	49.2663516032255	359.2340074708633	265.67280070524333	-0.8560251908628959	0.5309392276225009	0.06958005396706442	1.0097113323768585	2.8036100606382763e-14	-6.283202093132284e-15	1.0097113323768585	4.747232514608911	183.8087557864854	148.19124421351464	3.9514317563645176	NaN	0.36754341497256143	0.43587442595703785	-182.93591525133044	-0.01585254593673294	1.8897011771484715	0.05118312892735355	0	83.48752293297142	-12.669553702003316	28.65856497051212	71.36387890824226	108.83441812526692	152.64181890122026	228.68525969520235	0.16119522990049315	1.0129311620108918	23.218430673895806	1.0150626788607358	11.158926661863388	1.0859930041243286	2.137650491135071	1.0859930041243286	0.248177684665889	1.0859930041243286	-0.006812950885500233	1.1484092739252403	NaN	NaN	800000009	800000009	800000009	800000009	800000009	810000009	899999999	899999999	89999	89999	89	89	28	21	6	4	3	0	0	NaN	0	0	8911	0	0	0	0	0	0	NaN	NaN	NaN	NaN	0	0	0	0	0	0	0	0	15612	0	0	0	18000	18000	18000	18000	93	NaN	0.44587049129245776	0.31330116891196186	0.1125771917096561	0.14884610436227683	12.84006850917879	0.07993990510629405	1.775913247461268e-8	NaN	0.019073296317244633	0.051342545179129014	0.005960784534353006	-0.000006812950885500233	NaN	424.5466379627359	3.6471062262486575	96027.47244509548	11.380000114440918	-7.515277718729438	95.58079585562812	95.18937821918064	95.97221398247613	-0.7828359387119626	0.0002657335779157516	-1	0	2.106047299722831	84.30506933508978	1.0000129309693973	-273.1499938964844	9.000078129741881	-273.1499938964844	111
DATA	2026-03-13T090000_AIU-0547.ghg	2026-03-13	09:30:00	72.395	1	18000	18000	0.21673750472303663	1	NaN	-5.954726818941509	2	NaN	35.47271581485125	1	NaN	1.3504104767300145	1	NaN	0.7895429940206169	1	NaN	-0.013096290295357069	1	NaN	NaN	NaN	NaN	NaN	NaN	NaN	NaN	NaN	NaN	-3.2390802594356323e-10	-2.74860678479927e-12	-1.7404714769364744e-12	NaN	17.725661805530148	429.0269790969492	430.5946110189508	0.3	0	150.41576744451038	3.640621321971423	3.6539238751401184	0.1	1	0.09524620049928278	2.1216901469300256	2.1294426412135428	-0.1	0	NaN	NaN	NaN	NaN	9	275.33925482855904	276.05961550818535	95624.0429231771	1.2051012254666393	1007.1546276025231	0.02400190969941471	0.05116238601253597	0.002733282399923959	348.2243119958146	750.9766083192935	0.0022680936191609774	46.369528443122924	402.7522963234789	265.64980437996076	-1.2563261735042994	0.42177449028527414	0.04853788442411305	1.3261240896355193	-7.027204573212607e-15	-1.8273395346091317e-14	1.3261240896355193	5.183909278247333	170.55795926326263	161.44204073673737	2.0975693410332568	NaN	0.4240873034274867	0.546509956751269	1080.7655013974656	0.0026832832804620462	-0.1678678015526644	-0.01156876212619381	0	88.05156509761451	-13.362164708675271	30.225252953440947	75.26515350506075	114.78410804105128	160.98634360477755	241.18687827261815	0.2151231242456874	1.0075044488267355	-4.049132528847687	1.0121741852624757	32.413795623577904	1.0943709347339834	1.2339604734278404	1.0943709347339834	0.7214582998885445	1.0943709347339834	-0.012477127066105397	1.1672149280294322	NaN	NaN	800000009	800000009	800000009	800000009	800000009	800001009	899999999	899999999	89999	89999	89	89	19	31	2	16	5	0	0	NaN	0	0	0	0	0	0	0	0	0	NaN	NaN	NaN	NaN	0	0	0	0	0	0	0	0	17207	0	0	0	18000	18000	18000	18000	93	NaN	0.7271556083328354	0.2346579415672447	0.13120636360245783	0.13160051796652616	1.633286866021072	0.06870009818582784	5.517132637719105e-8	NaN	-0.0033361249710326443	0.029725656744447267	0.0173796667233146	-0.000012477127066105397	NaN	429.0268329396317	3.6405530595681586	96037.09905121528	11.380000114440918	-7.532170116477518	95.5741640671624	95.1919786529541	95.95634640460545	-0.7643656135665051	0.0002693296160788224	-1	0	2.118363763272763	84.47727576976351	1.0000374213374323	-273.1499938964844	9.000234759277767	-273.1499938964844	029
DATA	2026-03-13T093000_AIU-0547.ghg	2026-03-13	10:00:00	72.416	1	18000	18000	0.26946238652987575	1	NaN	37.321291984013016	1	NaN	10.23672377375662	1	NaN	0.15933850790236517	1	NaN	0.22816500287889405	1	NaN	0.0017188286130096133	1	NaN	NaN	NaN	NaN	NaN	NaN	NaN	NaN	NaN	NaN	4.097860448426095e-12	3.245632524995895e-14	2.2106140342304285e-14	NaN	17.567754368998923	428.0944960509487	429.5509491687391	0.1	1	139.14206129947954	3.390641134908195	3.402176695159027	0.1	1	0.09477024619747088	2.125192636112141	2.132422916971445	-0.2	0	NaN	NaN	NaN	NaN	9	276.50197416687007	277.52821429104273	95569.71991059028	1.1981565978843214	1007.0426895576088	0.0241433120843545	0.014785092186552334	0.002530694797981222	324.12954458400446	832.9086560001654	0.0021121569604923658	38.91537712437222	508.7791114161609	264.72674174203104	-2.0251074849817376	0.31351825063996863	-0.017623214027158877	2.0493083215773176	5.271782963356808e-15	2.3326034519570796e-16	2.0493083215773176	7.183926791669493	160.80041579402706	171.19958420597294	-0.4927263606397917	NaN	0.47423355972237713	0.8553457502185067	-241.02623399170335	-0.01203188529303339	3.645823879676402	0.06522332290133498	0	89.55710729211505	-13.590636545109689	30.74205686953727	76.55206832879848	116.74673434669765	163.73895490437977	245.3107915908736	0.26713790994460224	1.0087014103904441	37.406139774857124	1.0133015159009913	9.37047950366073	1.0924439640209958	0.14585508561545116	1.0924439640209958	0.2088573971694432	1.0924439640209958	-0.010782173075777191	1.150418760968073	NaN	NaN	800000009	800000009	800000009	800000009	800000009	800000009	899999999	899999999	89999	89999	89	89	12	21	2	5	28	2	0	NaN	0	0	0	0	0	0	0	0	0	NaN	NaN	NaN	NaN	0	0	0	0	0	0	0	0	12831	0	0	0	18000	18000	18000	18000	93	NaN	1.191887971800257	0.36154236579949495	0.15726116283726144	0.08010388632877613	0.6516679296734251	0.02034822522523473	4.1252529530261145e-8	NaN	0.03100140863081252	0.003533408585247459	0.005059669446128461	-0.000010782173075777191	NaN	428.0943019232609	3.390620675244077	95992.44613411458	11.380000114440918	-8.433732426351966	95.49272805086773	95.12101375389099	95.8644399286906	-0.7434381368714907	0.0002711931470815519	-1	0	2.1220907670656834	84.67119870482551	1.0000526386350392	-273.1499938964844	9.000339636484782	-273.1499938964844	192
DATA	2026-03-13T100000_AIU-0547.ghg	2026-03-13	10:30:00	72.437	1	18000	18000	0.35412609967614367	1	NaN	53.4214592840905	1	NaN	13.708738839296695	1	NaN	0.3983147510723206	1	NaN	0.30576222486813287	1	NaN	0.0007905613164470486	1	NaN	NaN	NaN	NaN	NaN	NaN	NaN	NaN	NaN	NaN	-4.630141924800768e-11	-3.7203513910490383e-13	-2.4920744334676065e-13	NaN	17.494802263582457	427.7739719786591	429.2493852858768	0.1	1	140.57195868838838	3.437193756806616	3.449048805828933	0.1	1	0.09416201522056165	2.1185845948740045	2.1258916965410024	-0.2	0	NaN	NaN	NaN	NaN	9	277.3646095547146	278.2494884151882	95575.05190646701	1.1950963637659409	1007.0797999329732	0.024204708242772533	0.01981339217145501	0.0025589332429731097	328.5980910417265	875.9670616732635	0.0021411940664847304	37.51260811268882	547.368970631537	264.9024405932665	-2.3802969626025234	0.3186841705353525	-0.03592587189471933	2.401804300728089	1.6983959958580985e-15	-2.6465814560470723e-15	2.401804300728089	6.954816815742712	159.62565253250895	172.3743474674911	-0.8570546730300075	NaN	0.5443490954379973	1.0785270428021205	-254.67513831996348	-0.011387055757113433	3.896890874524181	0.0815401360421614	0	88.86593236925145	-13.485748083995217	30.504798884906698	75.9612624003575	115.84571802821098	162.4752667064497	243.41755639623528	0.35122703755270546	1.008254097246153	53.48655654621806	1.0134593980668638	12.507902621172704	1.0960062013987284	0.3634238114382833	1.0960062013987284	0.2789785536595666	1.0960062013987284	-0.016833184675930767	1.1526168972164426	NaN	NaN	800000009	800000009	800000009	800000009	800000009	800000009	899999999	899999999	89999	89999	89	89	13	15	2	2	22	4	0	NaN	0	0	0	0	0	0	0	0	0	NaN	NaN	NaN	NaN	0	0	0	0	0	0	0	0	13627	0	0	0	18000	18000	18000	18000	93	NaN	1.5128068957352396	0.43299373779389966	0.2112534520751016	0.1047633272409868	0.17333444228804726	0.01178156940702829	3.974289661370679e-8	NaN	0.044440386672542985	0.00882691528076998	0.006775890794164217	-0.000016833184675930767	NaN	427.7738807941452	3.437180629637034	95986.28984548611	11.380000114440918	-8.255470821380593	95.42748948033652	95.06085472340052	95.79411451403298	-0.7332671713464786	0.00027191650530827865	-1	0	2.1154558189974892	84.71873121473524	1.00003707792196	-273.1499938964844	9.000197865115272	-273.1499938964844	149
DATA	2026-03-13T103000_AIU-0547.ghg	2026-03-13	11:00:00	72.458	1	18000	18000	0.4255379123304409	0	NaN	61.379723418517244	0	NaN	9.245627418520947	0	NaN	-0.5791502070006583	2	NaN	0.20639083199439248	0	NaN	0.003824145706710569	0	NaN	NaN	NaN	NaN	NaN	NaN	NaN	NaN	NaN	NaN	5.072900039185864e-11	4.2088692502753776e-13	2.7452571959710494e-13	NaN	17.35967527965723	426.39648158524426	427.9103059419507	0.1	1	144.0292592302703	3.5377141790827866	3.550274033872045	0.1	1	0.09394384496653327	2.1224824887390925	2.130017883206211	-0.2	0	NaN	NaN	NaN	NaN	9	278.36275455390086	279.13791227044	95506.6736985677	1.1903950752455745	1007.149279775749	0.02429937629218514	0.013374125913236633	0.002623508102956976	337.96594521666265	931.6987726628735	0.0022038969729572806	36.27416447600629	593.7328274462109	265.2639810209446	-2.797757911788319	0.10020518780029762	-0.01901130905543161	2.799616374167766	4.183135536864164e-15	2.9222321025385163e-15	2.799616374167766	9.559088192047367	154.05124296444822	177.94875703555192	-0.38908050179904036	NaN	0.5978931373079278	1.5361609914701853	-293.56688498420795	-0.009878498387704736	6.638784004594505	0.08562811636493912	0	86.46037284244251	-13.12069514509391	29.67904814314811	73.90502629768156	112.70982823092788	158.0771366775821	236.82835616876855	0.422165431997391	1.0079885279026606	61.09382062498044	1.0138386332733769	8.402027385067777	1.1004043422843908	-0.5263067263060487	1.1004043422843908	0.1875590853866809	1.1004043422843908	-0.01620095493976375	1.1555604855816575	NaN	NaN	800000009	800000009	800000009	800000009	800000009	800001009	899999999	899999999	89999	89999	89	89	6	21	4	0	0	7	0	NaN	0	0	0	0	0	0	0	0	0	NaN	NaN	NaN	NaN	0	0	0	0	0	0	0	0	10231	0	0	0	18000	18000	18000	18000	93	NaN	1.9921476472714248	0.8072190963449776	0.2729552393239684	0.1252086449406532	0.5579920016721499	0.01811405487007898	4.09394784105989e-8	NaN	0.05095799331138463	-0.012834341599077682	0.00457375376666467	-0.00001620095493976375	NaN	426.39639564360294	3.5376922348431994	95917.47463194444	11.380000114440918	-7.89649131902054	95.34124241171943	94.97857412656148	95.70391175100539	-0.7253312375313703	0.00027288549780496397	-1	0	2.1192669775485995	84.792101114485	1.0000463707976872	-273.1499938964844	9.000242699517145	-273.1499938964844	026
DATA	2026-03-13T110000_AIU-0547.ghg	2026-03-13	11:30:00	72.479	1	18000	18000	0.4933599792106113	0	NaN	59.36942495567212	0	NaN	13.73123696183254	0	NaN	0.4345574561454778	1	NaN	0.3067753533925734	0	NaN	0.0009416294240324506	0	NaN	NaN	NaN	NaN	NaN	NaN	NaN	NaN	NaN	NaN	2.2008973132933216e-11	1.8087056295398436e-13	1.1951488421109925e-13	NaN	17.248320550626097	424.8990206574249	426.38789727399325	0.2	0	141.74734228442145	3.4918360161886746	3.5040716598137185	0.1	1	0.0936632082284371	2.124523684581307	2.1319681678150513	-0.2	0	NaN	NaN	NaN	NaN	9	279.2876140933566	279.99928746710884	95473.09326019965	1.1863363546452688	1007.1395995629806	0.024382933416194155	0.019879042899838755	0.0025806118162977325	333.4658103092695	988.699645541858	0.002175278373787484	33.72771617881113	655.2338352325885	265.09143190834504	-3.0749070155754037	0.15616856218533218	-0.016921686383792458	3.0789167117217473	-4.408154609169416e-15	1.2760067316892663e-15	3.0789167117217473	10.754909158812994	154.90744336226285	177.0925566377372	-0.31489844768574865	NaN	0.6448787092594096	1.8719868132128081	-380.7385781617461	-0.007616774780222078	4.323676382593635	0.07705259896479891	0	86.4779024706934	-13.123355333810721	29.68506549726868	73.92001036025589	112.73267987179126	158.1091864288129	236.87637253634162	0.4894893581645398	1.007907467203343	59.32275295793829	1.0141962856386673	12.441593795186613	1.1036557846105586	0.3937436492473221	1.1036557846105586	0.27796289175508065	1.1036557846105586	-0.018512426658987148	1.157842865380762	NaN	NaN	800000009	800000009	800000009	800000009	800000009	800000009	899999999	899999999	89999	89999	89	89	14	20	4	2	8	2	0	NaN	0	0	0	0	0	0	0	0	0	NaN	NaN	NaN	NaN	0	0	0	0	0	0	0	0	10740	0	0	0	18000	18000	18000	18000	93	NaN	2.60622949087124	0.8203636154147095	0.3173805201396669	0.1650728108874211	0.5765882850552504	0.024973651149578602	1.0408006238166013e-7	NaN	0.04965051816944117	0.009634275516811596	0.00680130609785661	-0.000018512426658987147	NaN	424.8991482442222	3.491803006527407	95876.62935937502	11.380000114440918	-8.073259301794954	95.2862011803521	94.92597226397197	95.64643070390488	-0.7204607630620404	0.00027379617513442	-1	0	2.1213442593349345	84.82639288987053	1.0000577929334509	-273.1499938964844	9.00032588312361	-273.1499938964844	207
DATA	2026-03-13T113000_AIU-0547.ghg	2026-03-13	12:00:00	72.499	1	18000	18000	0.5106059305597892	0	NaN	67.24610793386144	0	NaN	25.58883134179427	0	NaN	0.40897978677435703	0	NaN	0.5720546098897985	0	NaN	0.0036237106292175292	0	NaN	NaN	NaN	NaN	NaN	NaN	NaN	NaN	NaN	NaN	-2.2467705116350373e-11	-1.8616928652665588e-13	-1.220405067545267e-13	NaN	17.18407293921125	424.67076081538977	426.17039369951283	0.2	0	142.38866774100862	3.5188574952498644	3.531283578939468	0.6	0	0.0933407732898334	2.123811987035197	2.131311769429769	-0.2	0	NaN	NaN	NaN	NaN	9	280.1331407063801	280.6656980031332	95403.45818923612	1.1826442046474142	1007.1662131516485	0.024458805346128647	0.03706913872085894	0.0025925147305239744	335.8012248905602	1034.888244330517	0.0021921341349631774	32.44806641975091	699.0870194399567	265.1812357021471	-3.2085157290919764	0.09573640179862711	-0.011327962141586696	3.209963701537162	2.8091444862995184e-14	-1.3074726344464435e-15	3.209963701537162	9.739316716282195	153.70909704473695	178.29090295526288	-0.20219722985539362	NaN	0.6570764065541155	1.7351268784320342	-355.39953834240134	-0.00815983052067463	2.627947600874929	0.08592034727367184	0	85.10139982120783	-12.914465746170077	29.2125566812623	72.74339659877647	110.9382696456677	155.5925005725501	233.10591852345314	0.5066074832420975	1.0078925942666759	67.71030635296242	1.0143845010148378	23.15272081394596	1.1052191898924002	0.3700440514556879	1.1052191898924002	0.5175938086502927	1.1052191898924002	-0.019208625906075555	1.1589635162229583	NaN	NaN	800000009	800000009	800000009	800000009	800000009	800000009	899999999	899999999	89999	89999	89	89	12	20	4	0	24	2	0	NaN	0	0	0	0	0	0	0	0	0	NaN	NaN	NaN	NaN	0	0	0	0	0	0	0	0	11267	0	0	0	18000	18000	18000	18000	93	NaN	2.271904534484421	0.8553627076715107	0.3429865147081366	0.17247612118724545	0.07185871077085773	0.019423533020571943	9.215184328749998e-8	NaN	0.056845949184048825	0.009082805094056474	0.012704443331455447	-0.000019208625906075554	NaN	424.6710310064426	3.5188305672902835	95810.78709006077	11.392759798049928	-7.980139958368365	95.24140845976936	94.8839710144467	95.59884627575346	-0.7148695863286653	0.00027460158997887974	-1	0	2.120625805391205	84.96802803103131	1.0000629039406776	-273.1499938964844	9.000349193546507	-273.1499938964844	166
DATA	2026-03-13T120000_AIU-0547.ghg	2026-03-13	12:30:00	72.52	1	18000	18000	0.5943104184187344	0	NaN	69.64185882221484	0	NaN	25.336873023382157	0	NaN	0.4581342647169177	0	NaN	0.5667481204121206	0	NaN	0.008430986152845458	1	NaN	NaN	NaN	NaN	NaN	NaN	NaN	NaN	NaN	NaN	1.607334157387382e-11	1.4120448517354772e-13	8.806674807149608e-14	NaN	17.111686814910286	424.232924619988	425.8199089975248	0.2	0	150.3263597084159	3.726890979035954	3.7408326545101307	0.7	0	0.09375590040695264	2.1394405718753053	2.1474438610289606	-0.2	0	NaN	NaN	NaN	NaN	9	280.8685353291829	281.2685385674371	95340.95250911458	1.1792433837756116	1007.2897992937311	0.024527409975541363	0.036725278202705415	0.0027381030716200133	355.4206480988253	1078.299815414909	0.0023219151443134357	32.96120828529181	722.8791673160838	265.9144750592269	-3.226443599099229	0.1949053800670702	-0.00023692465630507434	3.232325240671294	-1.2219058968347222e-14	9.393195275096021e-16	3.232325240671294	11.048813592814115	155.45696464158198	176.54303535841802	-0.0041996958444084345	NaN	0.7099127034374595	2.16419723308368	-432.61017737135364	-0.006703494627937597	2.7486366908002338	0.08258620740914607	0	86.35070923298002	-13.104053269273065	29.64140417472896	73.81128749370956	112.56687064030746	157.87663662407033	236.52797055271458	0.5896572691065353	1.0078912777913343	70.06798161634764	1.0144177812119046	22.919101759859767	1.1054915366603437	0.4144167996988266	1.1054915366603437	0.5126661775487215	1.1054915366603437	-0.015653402508549775	1.1591573653279215	NaN	NaN	800000009	800000009	800000009	800000009	800000009	800000109	899999999	899999999	89999	89999	89	89	19	19	5	1	3	3	0	NaN	0	0	0	0	0	0	0	0	0	NaN	NaN	NaN	NaN	0	0	0	0	0	0	0	0	11236	0	0	0	18000	18000	18000	18000	93	NaN	3.003654630957377	0.9386999473717955	0.3860398878381881	0.15602275658534331	0.18933706278276646	0.014876243126466872	1.613322361001061e-7	NaN	0.05898773535487387	0.010202604942823499	0.012621424809221665	-0.000015653402508549776	NaN	424.2329581231012	3.726866023825241	95745.36025781251	11.399999618530273	-7.244759017335	95.19477902412413	94.83836387697855	95.5511899946001	-0.7128211052649548	0.0002754725152303257	-1	0	2.136034504605666	85.08256774436103	1.0000847835722897	-273.1499938964844	9.00046057931582	-273.1499938964844	002
DATA	2026-03-13T123000_AIU-0547.ghg	2026-03-13	13:00:00	72.541	1	18000	18000	0.7457721335784094	0	NaN	69.36225433428662	0	NaN	19.613193507947322	0	NaN	0.9094294039385955	0	NaN	0.4388154292402544	0	NaN	0.005610635832962919	0	NaN	NaN	NaN	NaN	NaN	NaN	NaN	NaN	NaN	NaN	1.16204959189755e-10	1.0094260734064101e-12	6.320248789169247e-13	NaN	17.063321160616336	424.1843515901793	425.7531326996815	0.3	0	148.22225659326247	3.684720061963318	3.6983474369603964	0.6	0	0.0928053636062886	2.120123890345826	2.1279648451017246	-0.2	0	NaN	NaN	NaN	NaN	9	281.1592836829292	281.5011155590481	95233.85464930555	1.1769643172357638	1007.2713102004578	0.02457529712911807	0.028435239814768483	0.0027018455282712076	351.00422272263734	1095.4725113685122	0.002295605303155497	32.04135376104942	744.4682886458748	265.75261689399196	-3.4893004578415914	0.46411502511690467	-0.012182611273361402	3.5200523941627604	-1.077231804444172e-15	6.8102193058386765e-15	3.5200523941627604	11.299350557363205	159.57649172218646	172.42350827781357	-0.19829636741670487	NaN	0.7960153226534409	2.549982036923089	-611.8483174746161	-0.00473973682230533	3.5365099674451708	0.07350079076350198	0	87.57847525187725	-13.290371499392336	30.06285651856485	74.86076342043674	114.16738764651849	160.12138448250235	239.89101189126137	0.7399226116099474	1.0079055861743897	69.45694706631156	1.0148726778924708	17.685639248245987	1.108989798595632	0.8200520916335302	1.108989798595632	0.3956893289694349	1.108989798595632	-0.017593617885975608	1.1617186340085868	NaN	NaN	800000009	800000009	800000009	800000009	800000009	800000009	899999999	899999999	89999	89999	89	89	15	28	7	7	8	14	0	NaN	0	0	0	0	0	0	0	0	0	NaN	NaN	NaN	NaN	0	0	0	0	0	0	0	0	10694	0	0	0	18000	18000	18000	18000	93	NaN	3.526547420134305	1.1048876683257063	0.46852898538616644	0.1496796168830404	0.10325098193515028	0.008873187775173772	3.6588917999889176e-8	NaN	0.058587629941994214	0.02022757676383232	0.009760155919381943	-0.00001759361788597561	NaN	424.1843017249159	3.684691884629766	95633.07087456598	11.380576766808828	-7.4050805725124125	95.15650877104865	94.8002714896732	95.51274513308208	-0.7124701591531435	0.0002761091332132412	-1	0	2.1167937775784065	85.08529810290867	1.0000924660563468	-273.1499938964844	9.000490395439996	-273.1499938964844	152
DATA	2026-03-13T130000_AIU-0547.ghg	2026-03-13	13:30:00	72.562	1	18000	18000	0.5238866493041557	0	NaN	90.40096047685952	0	NaN	24.94690049230414	0	NaN	0.4104082831564159	0	NaN	0.5586601607350318	0	NaN	0.00556343351954134	0	NaN	NaN	NaN	NaN	NaN	NaN	NaN	NaN	NaN	NaN	1.9710643536898406e-11	1.8043466775161048e-13	1.0712527354715677e-13	NaN	16.998163744834883	424.17559439917255	425.82907906894764	0.1	1	155.60415477785938	3.882977351829275	3.8981136388036064	0.7	0	0.09238323130120057	2.12006786021114	2.1283321256522183	-0.2	0	NaN	NaN	NaN	NaN	9	282.1569363742404	282.45864296637643	95156.7439001736	1.1719366971688279	1007.3967585228529	0.024678872577713003	0.03620117841563006	0.0028352694337435186	369.5905936166996	1168.7398135129279	0.002419302544747494	31.623000204451532	799.1492198962283	266.42198622496835	-3.0113382446514634	0.26714270446049965	-0.0023565327629918205	3.0231653612552765	-2.292786868730428e-14	1.1595748713085403e-15	3.0231653612552765	9.52836647817688	157.06956851797108	174.93043148202892	-0.04466159774363436	NaN	0.6686003332195258	1.9853330541212866	-278.03515406678883	-0.01043033572403355	3.6237351611975717	0.11452538311263355	0	83.05732238740717	-12.604269109489616	28.510891044489654	70.99614995232923	108.27360826519661	151.85527509850206	227.50687375168403	0.519771155257764	1.0079178961832749	90.57713062837657	1.014119923093652	22.61743780510501	1.1029941015986058	0.37208565536442817	1.1029941015986058	0.5064942413793031	1.1029941015986058	-0.02460051265196222	1.1573751088276953	NaN	NaN	800000009	800000009	800000009	800000009	800000009	800000009	899999999	899999999	89999	89999	89	89	16	23	5	0	23	3	0	NaN	0	0	0	0	0	0	0	0	0	NaN	NaN	NaN	NaN	0	0	0	0	0	0	0	0	10768	0	0	0	18000	18000	18000	18000	93	NaN	2.7601659308987054	0.8331231841769386	0.3773769931669292	0.2507478807149776	0.07410637484641988	0.015734566654192945	1.2806088362550246e-7	NaN	0.07672092951373076	0.00921845914646614	0.012548445243078394	-0.000024600512651962217	NaN	424.175649399108	3.8829562386696277	95567.0095169271	11.38609218560325	-6.7362588777674315	95.07157268651326	94.71368537733288	95.42946299701268	-0.715774301452769	0.0002777377129370709	-1	0	2.116559977624152	85.1799811876085	1.0000804049869378	-324.9107460700147	9.00057694665591	-273.1499938964844	044
DATA	2026-03-13T133000_AIU-0547.ghg	2026-03-13	14:00:00	72.583	1	18000	18000	0.5949806447259886	0	NaN	95.77238656990292	0	NaN	25.223706080360742	0	NaN	0.31791860440057523	0	NaN	0.5652890650363577	0	NaN	0.0018918393938442456	0	NaN	NaN	NaN	NaN	NaN	NaN	NaN	NaN	NaN	NaN	-1.5923076434871876e-12	-1.477376365815078e-14	-8.683974267383271e-15	NaN	16.922348667446535	424.11576299544873	425.79126646169027	0	0	157.00909354812728	3.9350348356482456	3.950580507566553	0.6	0	0.09228947745924436	2.1258106775532615	2.13420886377878	-0.2	0	NaN	NaN	NaN	NaN	9	282.89651108974874	283.25423959350576	95090.89938519965	1.1678133181315231	1007.4404561582882	0.024765521865985688	0.03663073141435597	0.0028632277299483126	374.2863730677368	1232.866044392556	0.0024517854741795695	30.359046286504793	858.5796713248192	266.586357458737	-3.1562263225930693	0.3171967434174816	-0.010251564221831688	3.1721417793082547	4.417712753054837e-15	-9.409495542130652e-17	3.1721417793082547	9.987355687241566	157.7388840554151	174.2611159445849	-0.1851658679292368	NaN	0.7137805459135321	2.075719847852438	-319.17027355723116	-0.009086059198680338	3.796919701838407	0.11404671803962042	0	85.43138851267864	-12.96454280320529	29.325831120625445	73.02546596904774	111.36844323283925	156.1958251450539	234.00980867319524	0.5903197944503569	1.0078954666935596	95.87955071984122	1.0143289753395492	22.83173988315542	1.1047649548149434	0.287770356051735	1.1047649548149434	0.5116826548241186	1.1047649548149434	-0.029755216529580616	1.1586371248708305	NaN	NaN	800000009	800000009	800000009	800000009	800000009	800000009	899999999	899999999	89999	89999	89	89	16	28	7	2	11	4	0	NaN	0	0	0	0	0	0	0	0	0	NaN	NaN	NaN	NaN	0	0	0	0	0	0	0	0	9438	0	0	0	18000	18000	18000	18000	93	NaN	2.8863413427440268	0.8642567321770217	0.4008416207838276	0.28167404957102554	0.05885549637420649	0.014337546505463565	2.005814433137999e-7	NaN	0.08149541572781958	0.007154945557467511	0.012722163561936964	-0.000029755216529580618	NaN	424.1158241628011	3.935010833635297	95503.72509353298	11.399999618530273	-6.570654215799372	95.0009703608619	94.64678014797633	95.35515643861557	-0.7083730324175626	0.0002784976276226289	-1	0	2.1222783348560323	85.32341220559015	1.0000945173518525	-305.97487027487307	9.00067338540819	-273.1499938964844	221
DATA	2026-03-13T140000_AIU-0547.ghg	2026-03-13	14:30:00	72.604	1	18000	18000	0.6411812079250763	0	NaN	94.24165264758317	0	NaN	28.446156267845605	0	NaN	0.4986590909171899	0	NaN	0.6378804531123186	0	NaN	-0.0027285532567538117	0	NaN	NaN	NaN	NaN	NaN	NaN	NaN	NaN	NaN	NaN	-5.417937102562309e-11	-5.227857556949411e-13	-2.978391566645921e-13	NaN	16.87905248581137	424.66947717966593	426.4168080484999	0.3	0	162.86878275194945	4.097706365822359	4.114566651783974	0.6	0	0.09278887263740858	2.1435901038154417	2.152410048171695	-0.2	0	NaN	NaN	NaN	NaN	9	283.507866941664	283.86515842692063	95010.97373806423	1.1642488339373092	1007.5406917234329	0.024839814121554567	0.04133465336167824	0.0029726740150289406	389.4315047751207	1284.190038221232	0.0025532978246375544	30.325068189637516	894.7585334461114	267.10429058186236	-3.2803271693812976	0.23727076953904463	0.025416152203159556	3.2889952473440367	2.0601961806628232e-14	-3.2098585552220173e-15	3.2889952473440367	10.47845843977913	156.137081113065	175.8629188869351	0.4427652328785812	NaN	0.7421086382233253	2.2920310929580614	-364.320745841209	-0.007960018838081704	3.312983721252708	0.10825974500929561	0	84.92242429125824	-12.887305519008212	29.151120173470463	72.59041100765866	110.70495696640226	155.26527622248463	232.61567681897148	0.6361619904794288	1.0078898417710636	94.53125988377604	1.0145035246839356	25.715905625527224	1.1061697255416958	0.4507979918479459	1.1061697255416958	0.57665694367105	1.1061697255416958	-0.03401134723160788	1.1596525487665166	NaN	NaN	800000009	800000009	800000009	800000009	800000009	800000019	899999999	899999999	89999	89999	89	89	14	21	2	3	6	3	0	NaN	0	0	0	0	0	0	0	0	0	NaN	NaN	NaN	NaN	0	0	0	0	0	0	0	0	8099	0	0	0	18000	18000	18000	18000	93	NaN	3.0033460648048886	1.1409051357926292	0.4398109853186047	0.248804497166608	0.12328235923265565	0.013226590177634853	3.9972091364195384e-7	NaN	0.0805873805235398	0.011243824574240774	0.01438300443082303	-0.000034011347231607884	NaN	424.6694444216655	4.097687126782741	95415.30844444444	11.406379764556885	-6.052965611351817	94.93897900369433	94.58747113079495	95.29048803710938	-0.7030181731498902	0.0002795837000465125	-1	0	2.1398536769482837	85.24416526412966	1.0001330368121466	-273.1499938964844	9.000775125238631	-273.1499938964844	083
DATA	2026-03-13T143000_AIU-0547.ghg	2026-03-13	15:00:00	72.624	1	18000	18000	0.772460295088392	0	NaN	97.14120262068207	0	NaN	30.13648265584408	0	NaN	0.5953183251192601	1	NaN	0.6760885982564808	0	NaN	-0.01265577557220735	1	NaN	NaN	NaN	NaN	NaN	NaN	NaN	NaN	NaN	NaN	2.6229798865382436e-10	2.6192483138478387e-12	1.431528727234675e-12	NaN	16.861770844834258	424.9932491731586	426.80455921223324	0.1	1	168.37782508545683	4.243886340900007	4.261973672755087	0.7	0	0.0920255221182246	2.130809864268579	2.139891319811739	-0.2	0	NaN	NaN	NaN	NaN	9	283.9464117177328	284.3347335137262	94925.03838888889	1.1612105046521053	1007.6293654801178	0.024903429216941185	0.043810541167019955	0.0030708555238369677	402.9591343640396	1324.9087448346504	0.0026445295762778046	30.41410481552291	921.9496104706109	267.5519900779827	-3.1453230150430254	0.41593641681342125	0.03786886790916514	3.1729314557593464	1.470865714171118e-14	1.5555779465131415e-14	3.1729314557593464	11.862337045722144	159.5330657271774	172.4669342728226	0.6838401176740356	NaN	0.8156101182271316	2.4424157393835886	-468.92378086063985	-0.006184373918246332	3.2233755919702327	0.10179093398736888	0	86.71269546863509	-13.158986077085554	29.765662335571516	74.12070788349018	113.03875625797637	158.53846291243624	237.5195069332265	0.7664091908429033	1.0078953962423567	97.50947158027122	1.0143301245380165	27.278442077805764	1.104772866789327	0.5388603784679873	1.104772866789327	0.6119706761275904	1.104772866789327	-0.04410298877715233	1.1586439245462214	NaN	NaN	800000009	800000009	800000009	800000009	800000009	800000109	899999999	899999999	89999	89999	89	89	20	24	1	3	1	2	0	NaN	0	0	0	0	0	0	0	0	0	NaN	NaN	NaN	NaN	0	0	0	0	0	0	0	0	13129	0	0	0	18000	18000	18000	18000	93	NaN	3.3823179177720175	0.9982639738439818	0.5042495871511781	0.2311622256481349	0.07933073131088336	0.012199922689079327	2.1912517810756771e-7	NaN	0.08333645672047776	0.013476680133280561	0.015305139109627316	-0.00004410298877715233	NaN	424.9932302407253	4.243873836279552	95328.45182899306	11.40999984741211	-5.604983190774947	94.9013480656942	94.54817258961994	95.25451985825434	-0.7063450129297038	0.0002804590097997182	-1	0	2.1269823432432284	85.00395485962763	1.000146782884995	-273.1499938964844	9.000884734445147	-273.1499938964844	119
DATA	2026-03-13T150000_AIU-0547.ghg	2026-03-13	15:30:00	72.645	1	18000	18000	0.5096062844373392	0	NaN	65.27270297874821	0	NaN	23.914284586706888	0	NaN	0.564947196368373	0	NaN	0.5369343397505529	0	NaN	0.0011044545854999763	0	NaN	NaN	NaN	NaN	NaN	NaN	NaN	NaN	NaN	NaN	-1.8422681086678947e-11	-1.87584663625198e-13	-9.993468058645e-14	NaN	16.771206773458545	424.2455709443305	426.08617023362666	0.3	0	170.76891069143488	4.319781813821678	4.338523287819242	0.6	0	0.09097618224346211	2.1148529495105124	2.1240282882822767	-0.2	0	NaN	NaN	NaN	NaN	9	284.74574458228216	285.18211170450843	94889.29742534723	1.1572909484511613	1007.6879736085907	0.02498705482118925	0.03479334521583583	0.0031153119155442463	410.01101296487735	1401.2707658597635	0.0026919003554927703	29.2599419722648	991.2597528948861	267.7801034352152	-2.9102373877095227	0.18128370493867318	0.025143043460053263	2.9159865581194064	3.565906447008972e-16	-1.0984708098545395e-15	2.9159865581194064	9.614162921364708	155.56444733433804	176.43555266566187	0.49403798573928365	NaN	0.6635843107081117	1.8642315970131558	-375.76008961392006	-0.007717690303351922	2.7294441003278442	0.08434645926299582	0	86.49611713013945	-13.126119478654266	29.691318000430975	73.93557997719262	112.75642452000359	158.14248863554798	236.92626531048737	0.5055889599998088	1.0079458310116818	65.74818177369583	1.0139798439323047	21.70587066717814	1.1017427014742207	0.5127759826431598	1.1017427014742207	0.48735003103001406	1.1017427014742207	-0.020806341337912922	1.1564925972521338	NaN	NaN	800000009	800000009	800000009	800000009	800000009	800000009	899999999	899999999	89999	89999	89	89	17	25	9	2	29	13	0	NaN	0	0	0	0	0	0	0	0	0	NaN	NaN	NaN	NaN	0	0	0	0	0	0	0	0	10532	0	0	0	18000	18000	18000	18000	93	NaN	2.5022952085770847	0.8902851999390002	0.33588278551022704	0.16930505358455397	0.07338242220426047	0.010639319883309241	4.994543998124236e-8	NaN	0.05637870750574105	0.012868365029556633	0.012230288291064971	-0.00002080634133791292	NaN	424.245688790539	4.3197614321963576	95294.91724782987	11.400344070858425	-5.375649755411666	94.78865468512642	94.434687312656	95.14262320624456	-0.7079327519204881	0.00028080770961565166	-1	0	2.1110157886743544	84.87045277553135	1.0001341177788046	-298.02099494086525	9.000839277717802	-273.1499938964844	208
DATA	2026-03-13T153000_AIU-0547.ghg	2026-03-13	16:00:00	72.666	1	18000	18000	0.45880642397038357	0	NaN	61.54779045028149	0	NaN	23.49931325122418	0	NaN	0.4180932266955158	0	NaN	0.5278826048340286	0	NaN	-0.00003745711149162031	0	NaN	NaN	NaN	NaN	NaN	NaN	NaN	NaN	NaN	NaN	-6.681653486259719e-11	-6.872027891496794e-13	-3.620604704239155e-13	NaN	16.69668853292473	423.3688303438955	425.2203738025389	0.1	1	171.72412417053232	4.354315015731623	4.373357994114565	0.5	0	0.09047477420347838	2.1083886732916146	2.117609411750655	-0.2	0	NaN	NaN	NaN	NaN	9	285.3120329445733	285.7064108259413	94835.30394357638	1.1544947983809049	1007.7177171067054	0.02504724507468371	0.03420679279324505	0.00313267018763653	413.0535555145047	1450.4333420889325	0.0027134554369841013	28.47794128336982	1037.3797865744277	267.87744860992757	-3.1207252098491267	0.05748251266506676	0.01631776753718822	3.1212972213788666	1.597011456548288e-16	-4.001783630978056e-15	3.1212972213788666	9.766186945883552	153.05524605677138	178.94475394322876	0.29953682826709105	NaN	0.630403701860126	1.8110660214874903	-341.5296099995648	-0.008491211054888316	2.6191314525787344	0.08391949022943927	0	82.18201256473027	-12.471437466931489	28.210425507350013	70.24794828101051	107.13255350774676	150.2549295768991	225.10926453918728	0.4552097392783104	1.0079011593595852	62.03180718945409	1.0142558314846255	21.282622435849337	1.1041549659613823	0.3786544820105791	1.1041549659613823	0.47808742532295156	1.1041549659613823	-0.020589340365098744	1.158202541975932	NaN	NaN	800000009	800000009	800000009	800000009	800000009	800000009	899999999	899999999	89999	89999	89	89	10	20	5	2	2	4	0	NaN	0	0	0	0	0	0	0	0	0	NaN	NaN	NaN	NaN	0	0	0	0	0	0	0	0	11938	0	0	0	18000	18000	18000	18000	93	NaN	2.3821812834008673	0.8954559872100182	0.3444947723640949	0.1496676243385199	0.1295819554386878	0.012364394389453486	4.6357347951460434e-8	NaN	0.05331919195258151	0.009525740811854286	0.012027156987160505	-0.000020589340365098745	NaN	423.368736882138	4.354289267440083	95231.32083593748	11.396953172683716	-5.280023423631996	94.73159347555372	94.37808233261109	95.0851045773824	-0.707022834532791	0.00028196678328741765	-1	0	2.104543847163518	84.64565451918709	1.000161773024334	-273.1499938964844	9.001002205928167	-273.1499938964844	045
DATA	2026-03-13T160000_AIU-0547.ghg	2026-03-13	16:30:00	72.687	1	18000	18000	0.4771204480927007	1	NaN	47.416541948251954	1	NaN	26.414146393044604	1	NaN	0.5787039010460071	1	NaN	0.5935711576552782	1	NaN	-0.0006889429294674048	1	NaN	NaN	NaN	NaN	NaN	NaN	NaN	NaN	NaN	NaN	-1.533957709651176e-11	-1.5511675443764901e-13	-8.326842507715927e-14	NaN	16.63998474620968	422.49156404889953	424.30432619757903	0.1	1	168.26672674770072	4.272315969353176	4.290646968917338	0.5	0	0.09032747867866045	2.108503517203792	2.117550361428834	-0.2	0	NaN	NaN	NaN	NaN	9	285.68120158131916	286.0760309431288	94808.4673031684	1.1527126717472609	1007.681178595993	0.02508674793418676	0.03846341101606203	0.003068836793385922	405.1603797276744	1485.9972805750517	0.0026622738420444664	27.265216768827823	1080.8369008473774	267.6235739018196	-2.960276769894293	-0.04433134696092206	0.038555118111182514	2.960859726469963	2.90284167552156e-14	-9.218504301817864e-16	2.960859726469963	9.789666008915066	151.14203656340317	180.85796343659644	0.746103558962954	NaN	0.643359148756919	1.7786694090954238	-471.1130226428521	-0.006155635400888657	1.795119222960683	0.06345008125765847	0	88.62908383515948	-13.44980540517927	30.423496447560524	75.75880783573825	115.53696204305116	162.04223204716402	242.76879156737894	0.473365314372112	1.0079328451125948	48.25034329920706	1.0140373858067628	23.963547753764754	1.1022635990488867	0.5250140724463322	1.1022635990488867	0.53850200457264	1.1022635990488867	-0.017015807964856026	1.15685919426	NaN	NaN	800000009	800000009	800000009	800000009	800000009	800000009	899999999	899999999	89999	89999	89	89	3	12	2	6	1	7	0	NaN	0	0	0	0	0	0	0	0	0	NaN	NaN	NaN	NaN	0	0	0	0	0	0	0	0	12028	0	0	0	18000	18000	18000	18000	93	NaN	2.2018008099208677	1.0584717198789926	0.29706628839098714	0.10375599476605626	0.030019455469846332	0.015151552521702746	3.363222288403347e-8	NaN	0.041539014936806	0.013227422584777338	0.013567243148439857	-0.000017015807964856026	NaN	422.4916255002923	4.272290237985343	95206.46512738716	11.390000343322754	-5.534663456943299	94.70201135677762	94.34930587048001	95.05471436267429	-0.7054112098266682	0.0002820053517320452	-1	0	2.1047432791392016	84.734536474016	1.0001502048737474	-273.1499938964844	9.000971591631572	-273.1499938964844	143
DATA	2026-03-13T163000_AIU-0547.ghg	2026-03-13	17:00:00	72.708	1	18000	18000	0.5461204612416326	0	NaN	50.438521695892106	0	NaN	22.0583695783218	0	NaN	0.46839833989494556	0	NaN	0.4956908784210124	0	NaN	0.0018841388271004453	0	NaN	NaN	NaN	NaN	NaN	NaN	NaN	NaN	NaN	NaN	-1.237634463826083e-11	-1.2819985489125365e-13	-6.758140006652165e-14	NaN	16.649188824604334	423.0487277992832	424.9107430944815	0.2	0	172.45993496115946	4.382132778375735	4.401420386924689	0.8	0	0.09091339354434466	2.1224107909405316	2.131752413065206	-0.2	0	NaN	NaN	NaN	NaN	9	285.6040856611463	286.0791713731554	94751.9270017361	1.1519646750312262	1007.7407272822926	0.02510199323706456	0.0321207689216816	0.003145807317911524	415.32690229777074	1486.3026999307622	0.00273081925695877	27.943628328006017	1070.9757976329915	267.949768752243	-3.2036468512847636	0.23303260992642671	0.027973889011307918	3.212232850137481	-6.48727859976892e-15	-7.433602182450443e-16	3.212232850137481	9.829467805618728	156.1603558974261	175.83964410257386	0.4989694431520924	NaN	0.6885328151298854	2.0366120441763464	-542.6611683285171	-0.005344034490126615	2.2865933729508883	0.06310296032978145	0	87.27955721923864	-13.245009534706275	29.960247630933715	74.60525278201669	113.77771780117536	159.57486698382218	239.07222908971124	0.5418439823408302	1.0078924543598833	50.98040599762726	1.014387864258286	19.957954252774876	1.1052420152358498	0.42379708103567987	1.1052420152358498	0.4484908025462966	1.1052420152358498	-0.015385702640145762	1.1589831314085381	NaN	NaN	800000009	800000009	800000009	800000009	800000009	800000109	899999999	899999999	89999	89999	89	89	14	28	4	11	24	8	0	NaN	0	0	0	0	0	0	0	0	0	NaN	NaN	NaN	NaN	0	0	0	0	0	0	0	0	13027	0	0	0	18000	18000	18000	18000	93	NaN	2.7596067993609603	0.9600638966750469	0.3535533923166859	0.10169603026445792	0.1217917721190605	0.013881431450599798	5.93946865943683e-8	NaN	0.04391524575227271	0.010684987053833132	0.011307577690859456	-0.000015385702640145763	NaN	423.04906507284994	4.382077669320919	95151.07070008681	11.402760026931764	-5.207868238415936	94.70372213321262	94.35064812109205	95.05679378467136	-0.7061543337586852	0.0002825782767775107	-1	0	2.118527092734973	84.72906023195054	1.0001655259182056	-273.1499938964844	9.001020790100098	-273.1499938964844	125
DATA	2026-03-13T170000_AIU-0547.ghg	2026-03-13	17:30:00	72.729	1	18000	18000	0.452192645214689	0	NaN	36.430946279680526	0	NaN	25.31212076990517	0	NaN	0.270332131710166	0	NaN	0.5689251028885763	0	NaN	0.0010903890495916055	0	NaN	NaN	NaN	NaN	NaN	NaN	NaN	NaN	NaN	NaN	5.473188273904204e-12	5.961275672625107e-14	2.9910759561972024e-14	NaN	16.637281235593875	422.91701223162374	424.87411778444334	0.1	0	181.20958922836402	4.606318603319803	4.62763496434544	0.7	0	0.09092209036101344	2.1249684106071394	2.1348019887221943	-0.2	0	NaN	NaN	NaN	NaN	9	285.71222798834907	286.29278912014433	94713.50058420139	1.1505406041253616	1007.8668342813388	0.025130928896760822	0.03686634666717974	0.0033029365128135796	436.39758736828526	1507.2078619097701	0.002870769185346974	28.954041336762245	1070.810274541485	268.60384272887177	-2.5969732044240366	0.2655671744962889	0.05579965947789575	2.6111126652567993	1.799334122507984e-14	3.2897131426707146e-16	2.6111126652567993	9.630926741733326	157.83878580633538	174.1612141936646	1.2245080113335516	NaN	0.6269180472126727	1.5558988408869434	-566.9838832623236	-0.005114783833561405	1.4392688234561157	0.05011348154097763	0	86.76255490501337	-13.166552438914897	29.78277746663113	74.16332697979502	113.10375306894467	158.62962186398738	237.65607965398598	0.44856426617948425	1.008088872228072	37.36641261698796	1.0136370775344954	23.04718492632355	1.0982738608130271	0.24614273484579274	1.0982738608130271	0.5180175211193809	1.0982738608130271	-0.012026574569144532	1.1541143835284269	NaN	NaN	800000009	800000009	800000009	800000009	800000109	800000109	899999999	899999999	89999	89999	89	89	15	21	6	2	51	14	0	NaN	0	0	0	0	0	0	0	0	0	NaN	NaN	NaN	NaN	0	0	0	0	0	0	0	0	14825	0	0	0	18000	18000	18000	18000	93	NaN	2.075316187116966	0.7389877957883036	0.29749369886861754	0.05534932576542826	0.09264633019360359	0.014838386376892984	3.468376661869234e-8	NaN	0.03222376642466226	0.006214428885774157	0.013078521487129038	-0.000012026574569144532	NaN	422.9175007564371	4.606281829530912	95116.94106076387	11.40999984741211	-4.553136549360207	94.70557968584697	94.35252306365967	95.05863492626614	-0.706109757012791	0.0002830538475407391	-1	0	2.120885158830218	84.67295138782924	1.0001615055733257	-273.1499938964844	9.00098011551963	-273.1499938964844	151
DATA	2026-03-13T173000_AIU-0547.ghg	2026-03-13	18:00:00	72.749	1	18000	18000	0.4110465008766535	1	NaN	20.826178176874524	1	NaN	33.361787821974595	1	NaN	-0.04300025273835053	1	NaN	0.7498087720996117	1	NaN	-0.0029562616583658843	1	NaN	NaN	NaN	NaN	NaN	NaN	NaN	NaN	NaN	NaN	9.243136327678236e-11	1.0328082339035428e-12	5.036815342282537e-13	NaN	16.62122204872026	421.8883213323692	423.8865605762345	0.1	1	185.72197121071156	4.714089640277594	4.736417537121367	0.6	0	0.0905731812824056	2.116366384718878	2.1263903795784342	-0.2	0	NaN	NaN	NaN	NaN	9	285.80829137420653	286.2319506700304	94686.10091059029	1.1504052758667778	1007.9239735657662	0.02513285915234544	0.048587608432054834	0.0033799535603317803	446.4784983951466	1501.2279014083927	0.002938054641469842	29.740887308068157	1054.7494030132461	268.9069086755837	-2.4971633314629478	0.11327930817151818	0.07021574008764957	2.5007173282518393	5.302917800691995e-15	5.561044970450838e-15	2.5007173282518393	9.570711895509474	154.59733900045595	177.40266099954403	1.6089760833979043	NaN	0.5977506339535048	1.4365659347619941	-859.5607573702229	-0.003373816190576667	0.6242524617687554	0.03004767646833486	0	87.76088650237087	-13.31805311040185	30.12547239803969	75.01668581380058	114.40517913451023	160.45489042548914	240.39066456659526	0.40771619001692605	1.008168208526596	22.39103318777729	1.0135367071515848	30.410210668756122	1.0970587538958079	-0.03919594332176893	1.0970587538958079	0.683471846368243	1.0970587538958079	-0.011389761011687607	1.1533094484141548	NaN	NaN	800000009	800000009	800000009	800000009	800000009	800010109	899999999	899999999	89999	89999	89	89	17	26	5	12	9	9	0	NaN	0	0	0	0	0	0	0	0	0	NaN	NaN	NaN	NaN	0	0	0	0	0	0	0	0	16812	0	0	0	18000	18000	18000	18000	93	NaN	1.9180062613649917	0.6922957838628017	0.2628298242961948	0.04811714996071841	0.12235573585229732	0.021535995932441952	1.4450675746899343e-8	NaN	0.019310587811454748	-0.00098977325426637	0.017258983870497402	-0.000011389761011687607	NaN	421.8883294106007	4.714041639953717	95083.80919162327	11.400287958463034	-4.2520824752582405	94.73400403467814	94.37850146484375	95.08950579473708	-0.711004483110375	0.00028227871133842405	-1	0	2.112206977625688	84.3866619957818	1.0001542150063647	-273.1499938964844	9.000929902447595	-273.1499938964844	063
DATA	2026-03-13T180000_AIU-0547.ghg	2026-03-13	18:30:00	72.77	0	18000	18000	0.4410487419617408	0	NaN	-11.144659556893538	0	NaN	32.23154379735286	0	NaN	1.436511147339701	0	NaN	0.7241654036301883	0	NaN	0.001099330924263665	1	NaN	NaN	NaN	NaN	NaN	NaN	NaN	NaN	NaN	NaN	-7.163118204317919e-11	-8.014807194077007e-13	-3.904793970390527e-13	NaN	16.63967927328258	421.347560547352	423.34339369960236	0.3	0	186.18123747594694	4.714454464043397	4.736785825121861	0.7	0	0.09070703210841821	2.116147919862239	2.1261716593329036	0.9	0	NaN	NaN	NaN	NaN	9	285.7703117124769	285.8851673066881	94670.31672526042	1.151608571718474	1007.9167504265239	0.025106594793440695	0.0469259181552362	0.003383751225389379	446.4386176173326	1467.5382869752616	0.002938282423810042	30.42091791264171	1021.099669357929	268.90572174618444	-2.733349844113097	0.09522192630584762	0.09124379986285217	2.7365295570440966	1.3092604463202954e-14	-4.304841509667403e-15	2.7365295570440966	8.603826553211025	153.99521075316548	178.00478924683443	1.9107609461985908	NaN	0.6188577719691097	1.5700505419805848	1782.2839544091905	0.001627125684897568	-0.345768717346044	-0.0155148079982357	0	87.84367787408327	-13.330617020470363	30.1538919968236	75.08745463311594	114.51310604921035	160.6062594579331	240.61744296024546	0.43811841443906674	1.006688437249153	-9.285698665489393	1.0133053741113158	29.03039664124956	1.1102688053374636	1.2938408612705972	1.1102688053374636	0.6522433127445024	1.1102688053374636	0.0024185441959401273	1.1777762970931736	NaN	NaN	800000009	800000009	800000009	800000009	800011009	800011109	899999999	899999999	89999	89999	89	89	22	22	4	30	34	7	0	NaN	0	0	0	0	0	0	0	0	0	NaN	NaN	NaN	NaN	0	0	0	0	0	0	0	0	17406	0	0	0	18000	18000	18000	18000	93	NaN	2.1251877808395156	0.7338575497855743	0.2810557533360797	0.035030362969415425	0.1708454852017846	0.023023714414209532	1.4201849456528757e-8	NaN	-0.007999908773036522	0.032637849158685894	0.016453197215623005	0.0000024185441959401275	NaN	421.3473777459411	4.714423977499875	95068.47890104167	11.399999618530273	-4.2538557788663525	94.79584537527296	94.440567925983	95.15112113380431	-0.7105527034600575	0.0002816088184416811	-1	0	2.111983277387089	84.0631224829356	1.0001435999472936	-273.1499938964844	9.000885390440622	-273.1499938964844	208
DATA	2026-03-13T183000_AIU-0547.ghg	2026-03-13	19:00:00	72.791	0	18000	18000	0.3531676717440276	1	NaN	-18.804240705971715	1	NaN	30.529805888250248	1	NaN	1.3594617239536892	1	NaN	0.6857206630852942	1	NaN	0.0009732097227108564	1	NaN	NaN	NaN	NaN	NaN	NaN	NaN	NaN	NaN	NaN	5.1975981110579047e-11	5.859082992162045e-13	2.833603792207768e-13	NaN	16.668278526373925	421.50978786987054	423.5221714647328	0.1	1	187.8960726392516	4.751542493991561	4.774227438541773	0.8	0	0.09087139142486556	2.1168985093575103	2.1270050643054934	-0.2	0	NaN	NaN	NaN	NaN	9	285.4773930892945	285.56482593790696	94668.57864409722	1.1528630616347444	1007.9300889300175	0.025078922667397564	0.044434698967927067	0.003414133786539625	449.9424342024039	1437.0099549563904	0.002961439133715004	31.311017202804173	987.0675207539865	269.0096447663851	-2.3527117680651273	0.08840041851378927	0.08164893976928662	2.355787309361968	1.235418661575894e-15	3.1182572950372985e-15	2.355787309361968	8.133849722182559	154.1518102682058	177.84818973179415	1.9862050922329253	NaN	0.5534795879607888	1.1864470210700524	755.6385972689379	0.0038378134871369816	-0.6159305687956813	-0.029237892058306344	0	87.66838349356055	-13.304015421935993	30.09371910850819	74.93761563316188	114.2845921200076	160.2857654230624	240.13728449434953	0.35081593192454297	1.006703628899016	-16.95148625100157	1.0128879412917706	27.59644734848518	1.1062947886995347	1.2288422017713343	1.1062947886995347	0.619835391154078	1.1062947886995347	0.004769311655816992	1.175773678134408	NaN	NaN	800000009	800000009	800000009	800000009	800011009	800011109	899999999	899999999	89999	89999	89	89	18	38	5	51	59	13	0	NaN	0	0	0	0	0	0	0	0	0	NaN	NaN	NaN	NaN	0	0	0	0	0	0	0	0	17405	0	0	0	18000	18000	18000	18000	93	NaN	1.592315908260632	0.5546435160263413	0.22593461785313124	0.03716287478822928	0.16298707170643567	0.019157088715961713	2.3966238349055476e-8	NaN	-0.01458813075598016	0.030965210529061343	0.015619038272597226	0.000004769311655816992	NaN	421.50946540097095	4.7515118596499715	95065.95339453124	11.399999618530273	-4.1491908234026535	94.83428258281283	94.4781356355879	95.19043576784487	-0.7122924623025791	0.000281740730912942	-1	0	2.112694104399946	83.92330962986418	1.0001253057403696	-303.22937015957723	9.000795934332741	-273.1499938964844	176
DATA	2026-03-13T190000_AIU-0547.ghg	2026-03-13	19:30:00	72.812	0	18000	18000	0.3669389302891814	0	NaN	-26.09319463154093	0	NaN	29.607846608660104	0	NaN	1.830768424684677	0	NaN	0.6646604923004386	0	NaN	0.001352098226128828	0	NaN	NaN	NaN	NaN	NaN	NaN	NaN	NaN	NaN	NaN	8.152384972396694e-11	9.41743423513534e-13	4.4595706944981477e-13	NaN	16.71908432218833	422.0289888204031	424.09653359004153	0.1	1	193.13474229812087	4.875174885624154	4.899058653334088	0.8	0	0.09145782336644837	2.125265146552388	2.135676945159235	-0.1	0	NaN	NaN	NaN	NaN	9	284.93293103451197	285.0122186584473	94665.90738736979	1.1550116472844878	1007.9856515552901	0.02503109779775352	0.04306999990106842	0.0035096604093829203	461.63665015735654	1385.6577585192576	0.0030386363788056808	33.31534408977517	924.021108361901	269.3513709445312	-2.314751292037792	0.12121345775378906	0.09472811201910472	2.3198576813110305	1.1351808097092992e-14	4.876095374181141e-15	2.3198576813110305	8.302455799435215	154.99759281958893	177.00240718041113	2.3402428899862695	NaN	0.5636424752030937	1.218784532550893	575.1006320969207	0.005042595744376209	-0.8812932252867332	-0.03976333723767387	0	85.97378981593728	-13.046854293572412	29.512019935953077	73.48910244508141	112.07551811249445	157.1875077174338	235.4955298748448	0.3644851854875897	1.0067320837699048	-24.21247843326825	1.0129128770273066	26.759463952024973	1.1064439355639477	1.6546418357397796	1.1064439355639477	0.6007177326718005	1.1064439355639477	0.007440707426580004	1.176429884910017	NaN	NaN	800000009	800000009	800000009	800000009	800011009	800011119	899999999	899999999	89999	89999	89	89	10	33	9	25	48	6	0	NaN	0	0	0	0	0	0	0	0	0	NaN	NaN	NaN	NaN	0	0	0	0	0	0	0	0	16610	0	0	0	18000	18000	18000	18000	93	NaN	1.5629537042096324	0.6285903235843103	0.24602503730784323	0.09061842829363702	0.5577608614428661	0.023170410900254342	4.8492076704740034e-8	NaN	-0.02079689662540248	0.041620463074630874	0.01511030947659096	0.000007440707426580004	NaN	422.0283413411273	4.875084420517847	95061.31643381076	11.399999618530273	-3.8085493187507056	94.86003370920817	94.50201498921712	95.2180535299513	-0.7160502992756663	0.0002807462197152846	-1	0	2.120925798700915	83.80909461763171	1.000134921014309	-273.1499938964844	9.000788050678041	-273.1499938964844	116
DATA	2026-03-13T193000_AIU-0547.ghg	2026-03-13	20:00:00	72.833	0	18000	18000	0.3051529899716948	1	NaN	-50.54701872543297	1	NaN	29.343302962600486	1	NaN	3.141019923504893	1	NaN	0.6583922767707894	1	NaN	-0.000376003578492751	1	NaN	NaN	NaN	NaN	NaN	NaN	NaN	NaN	NaN	NaN	1.043444728519677e-11	1.236617817552956e-13	5.704940511458546e-14	NaN	16.79274025991221	422.88969644014327	425.01980788008734	0.1	1	199.01582942880995	5.01179333398281	5.037037927088813	0.1	1	0.09181280195174946	2.128511940355257	2.1392333357270874	0	0	NaN	NaN	NaN	NaN	9	284.4164666883681	284.4901673770481	94670.40327452257	1.1571262062741439	1008.0491372996186	0.024984062280944224	0.04266381953474715	0.00361480516699859	474.59576720812197	1338.635080636316	0.003123950652399431	35.45370759165555	864.039313428194	269.72119914424763	-1.709377805992287	0.2558202201515998	0.0932171486880152	1.7309263142800138	-3.95290007174053e-16	6.213665621986653e-16	1.7309263142800138	6.725221848192393	160.51154024286595	171.48845975713402	3.087095160985429	NaN	0.5135331101800966	0.8864691478699558	224.53774866316024	0.012915422984624416	-1.7226083508682606	-0.08438488522854162	0	88.76606694377864	-13.47059312039644	30.470518315982428	75.8758989366902	115.71553336000743	162.29268085824157	243.14400952412174	0.3029995818808416	1.0071069672026811	-48.413960133403364	1.012771289698419	26.6030536472282	1.1030050667005964	2.8476931052552477	1.1030050667005964	0.5969077537787102	1.1030050667005964	0.013440517848317264	1.1776602877862854	NaN	NaN	800000009	800000009	800000009	800000009	800000009	800010009	899999999	899999999	89999	89999	89	89	12	36	4	7	1	1	0	NaN	0	0	0	0	0	0	0	0	0	NaN	NaN	NaN	NaN	0	0	0	0	0	0	0	0	14423	0	0	0	18000	18000	18000	18000	93	NaN	1.1841710988951208	0.4002258895091583	0.18854130733563226	0.16381036365435103	0.7495160397639673	0.02930700022806552	4.203617817891895e-8	NaN	-0.041505741454982	0.0715054083567055	0.014988319003358603	0.000013440517848317264	NaN	422.88950864820583	5.01176376959782	95065.56771223959	11.399999618530273	-3.4396187814209194	94.9117894376119	94.55388381788465	95.26969927173191	-0.7158219141844246	0.0002804368382688457	-1	0	2.124043320741918	83.71136823950874	1.000141974510418	-273.1499938964844	9.000843035168119	-273.1499938964844	186
DATA	2026-03-13T200000_AIU-0547.ghg	2026-03-13	20:30:00	72.854	0	18000	18000	0.2444161499114651	1	NaN	-52.28202222979838	1	NaN	31.887802744146654	1	NaN	2.7423685053962057	1	NaN	0.7153104893723146	1	NaN	-0.0026036818708671783	1	NaN	NaN	NaN	NaN	NaN	NaN	NaN	NaN	NaN	NaN	8.52339054550099e-12	1.0146859058715828e-13	4.681429617165389e-14	NaN	16.828632869553253	423.03913050244006	425.1804083550703	0.1	1	200.34018735462334	5.036163027629569	5.061654344095946	0.1	1	0.0924304241502979	2.1402649236771385	2.151098204925585	-0.1	0	NaN	NaN	NaN	NaN	9	284.17710951911084	284.23607390679246	94717.57043315972	1.1587269484303988	1008.0572353285424	0.024949317298300973	0.04635211971132598	0.0036374405851574403	477.1410800039048	1316.2605372662822	0.00313916975011644	36.24974437012831	839.1194572623774	269.79278272122934	-1.4509345366817499	0.23728168603263536	0.08291127385469496	1.4725447047864328	1.1452568529326771e-14	5.064814599955831e-16	1.4725447047864328	6.59962607077024	161.28777173599124	170.71222826400876	3.2277319978094576	NaN	0.45927668125274324	0.6365554323959922	155.34751213641354	0.018667823900864636	-1.6395617675286611	-0.09745669588286257	0	90.91949420435552	-13.797384015164525	31.209720209732012	77.71661617038868	118.52274328367633	166.22983269097503	249.0425804125541	0.24260545679383166	1.007463530052303	-49.985514565363125	1.0129573639701335	28.917317189969772	1.1027234143009375	2.486905120387516	1.1027234143009375	0.6486762501780918	1.1027234143009375	0.011827584006546122	1.180185462308466	NaN	NaN	800000009	800000009	800000009	800000009	800000009	800000019	899999999	899999999	89999	89999	89	89	24	15	7	9	0	1	0	NaN	0	0	0	0	0	0	0	0	0	NaN	NaN	NaN	NaN	0	0	0	0	0	0	0	0	15118	0	0	0	18000	18000	18000	18000	93	NaN	0.8507236047633017	0.2803529318077701	0.14203432822091264	0.14930707659841014	0.4812747223246069	0.028880210434605605	7.701060822187476e-8	NaN	-0.042793505970922165	0.06236072797486714	0.016265969638121748	0.000011827584006546121	NaN	423.03897724440907	5.036127438458594	95113.93082400174	11.380576766808828	-3.3677320678234093	94.93439108996921	94.5757797457377	95.29300545756023	-0.7172254024810261	0.0002794359421208761	-1	0	2.1357474739816453	83.64060142877366	1.0001226768526765	-273.1499938964844	9.000772029744255	-273.1499938964844	024
DATA	2026-03-13T203000_AIU-0547.ghg	2026-03-13	21:00:00	72.874	0	18000	18000	0.1891173543000741	1	NaN	-49.78129567473458	1	NaN	25.719850935125184	1	NaN	2.258855124412565	1	NaN	0.5767586263785822	1	NaN	-0.008625991145695329	1	NaN	NaN	NaN	NaN	NaN	NaN	NaN	NaN	NaN	NaN	-2.5865065661757985e-11	-3.1242326241885013e-13	-1.4344936477576107e-13	NaN	16.872923806651844	423.56406558101116	425.74225499083036	0.1	1	203.8074819200193	5.116216171369157	5.142526448345877	0.1	1	0.09357835134177324	2.1634297194135854	2.1745552139648074	-0.2	0	NaN	NaN	NaN	NaN	9	283.81831726243763	283.88907912021216	94737.43057421876	1.160351312264376	1008.0937841561165	0.024913635397324663	0.03737395898933213	0.003700552549533366	484.82718922385556	1286.2373469738	0.0031891656521781287	37.69344673162652	801.4101577499443	270.00690663489723	-1.4068362051585241	0.19873466644074436	0.09305456832462575	1.42384786001743	5.130334892508067e-15	-1.532933234224714e-15	1.42384786001743	5.27695247872857	160.04060203113187	171.95939796886816	3.747195813922066	NaN	0.4037113346799153	0.5345508804387233	110.8275445528124	0.02616678021426406	-1.935520380747972	-0.10541558382685183	0	86.95187153777258	-13.19528196832435	29.847763740379893	74.32515199005903	113.35054642014188	158.97575304811437	238.17464724116806	0.1876835608151231	1.0076394196632028	-47.83284402661463	1.0133186112478894	23.267269987321168	1.1054090552583298	2.0434563238535075	1.1054090552583298	0.5217603597826471	1.1054090552583298	0.00606582576800287	1.1853985739506236	NaN	NaN	800000009	800000009	800000009	800000009	800000009	800000009	899999999	899999999	89999	89999	89	89	11	19	4	0	4	0	0	NaN	0	0	0	0	0	0	0	0	0	NaN	NaN	NaN	NaN	0	0	0	0	0	0	0	0	12823	0	0	0	18000	18000	18000	18000	93	NaN	0.6985857503061883	0.24781967048101877	0.1226963400902397	0.2621661240627498	0.835279271059091	0.040243477748519545	2.750377475015355e-7	NaN	-0.04089175678941577	0.05117180203059906	0.013065812822396201	0.00000606582576800287	NaN	423.5638679704889	5.1161757943179715	95133.97911154514	11.380000114440918	-3.155903715882035	94.95828715197246	94.59827566464742	95.31829420259264	-0.720018096195327	0.00027931614560333814	-1	0	2.1587858527633887	83.53634687444898	1.0001256130801306	-273.1499938964844	9.00079301407602	-273.1499938964844	076
DATA	2026-03-13T210000_AIU-0547.ghg	2026-03-13	21:30:00	72.895	0	18000	18000	0.12735589531987168	1	NaN	-44.95779587823616	1	NaN	25.036019610763557	1	NaN	2.3941192501510264	1	NaN	0.5612507893267824	1	NaN	-0.0005493512180742583	1	NaN	NaN	NaN	NaN	NaN	NaN	NaN	NaN	NaN	NaN	1.9134422448976352e-11	2.3444105782331607e-13	1.0713179441553797e-13	NaN	16.91308284682151	423.91680157462935	426.1301060499658	0.1	1	207.22449523812733	5.193964106063189	5.221082219707153	0.1	1	0.0946947272283924	2.185998732777705	2.1974120118937126	0.1	0	NaN	NaN	NaN	NaN	9	283.53530704413527	283.5669269222684	94778.47267838541	1.1621385791078094	1008.1296747069027	0.024874587697058276	0.0363690511483755	0.0037626848707918307	492.40803294086294	1258.904979110785	0.003237724776059408	39.11399518720391	766.496946169922	270.21516794445125	-1.0923377621367223	0.12278122878088367	0.07733761643502059	1.1019338109190562	-3.7541984944635097e-14	1.131338539654366e-15	1.1019338109190562	5.1451103835828755	158.41325634485318	173.58674365514682	4.024529251500943	NaN	0.3310400716963609	0.35584592451979935	67.6822433000147	0.04284727956112781	-1.7957245831085618	-0.11591779908854627	0	89.48749136095306	-13.580072058975874	30.718159973137666	76.49256167790027	116.6559829494338	163.6116747793532	245.1201027701083	0.12628472570391114	1.0084821787432316	-43.06984167391712	1.014207237297757	22.57256457847449	1.1091349201250376	2.158546455178895	1.1091349201250376	0.5060257135024747	1.1091349201250376	0.01197073405809493	1.1956066842496815	NaN	NaN	800000009	800000009	800000009	800000009	800000009	800000009	899999999	899999999	89999	89999	89	89	18	23	1	0	1	0	0	NaN	0	0	0	0	0	0	0	0	0	NaN	NaN	NaN	NaN	0	0	0	0	0	0	0	0	14025	0	0	0	18000	18000	18000	18000	93	NaN	0.4488368576904725	0.18607600771439595	0.07677898363473024	0.19982975065686778	0.6958503168859176	0.03550185543510193	1.1893905526754971e-7	NaN	-0.03676198539462676	0.05397336400996095	0.012652917414745073	0.00001197073405809493	NaN	423.91659575824286	5.193928388683231	95174.92339670139	11.380000114440918	-2.946387368990274	94.97773432858784	94.61496799680921	95.34051437717014	-0.7255626570681728	0.0002789008883571821	-1	0	2.1812289706998396	83.46484400346546	1.0001245612319973	-273.1903688981798	9.000751024537616	-273.1499938964844	217
DATA	2026-03-13T213000_AIU-0547.ghg	2026-03-13	22:00:00	72.916	0	18000	18000	0.31733048098375977	1	NaN	-750.5122954456564	1	NaN	526.6865624046657	1	NaN	82.24711776846499	1	NaN	11.793754337331018	1	NaN	-0.0484974809836524	1	NaN	NaN	NaN	NaN	NaN	NaN	NaN	NaN	NaN	NaN	1.9475502673010293e-9	2.619603655719491e-11	1.089885778147676e-11	NaN	17.096854831566787	427.2269682489012	429.6962299162531	0.2	0	229.96573782993994	5.74652858330454	5.779742036119226	0.8	0	0.09567721688541071	2.1971335995178856	2.209832464941989	-0.3	0	NaN	NaN	NaN	NaN	9	282.3677715894912	282.3833595309786	94825.23346267361	1.167340838358795	1008.407783876125	0.024758549654029623	0.7642352810590499	0.004182492443718184	545.0620824374389	1162.826880071581	0.00358292309005354	46.87388052156879	617.764797634142	271.58790842478186	-0.0557561072964937	0.033273016493411633	0.14403199110318188	0.15799066930858224	2.756508443998344e-15	1.1391278024453766e-13	0.15799066930858224	3.3281336950150604	182.82706407247304	149.17293592752696	65.7341957579817	NaN	0.5213832266205383	0.5169359683450994	15.84649502043117	0.1830057685476175	-1.4249695151117605	-1.2228322604550135	0	66.90504938713826	-10.15309936583075	22.966338410303837	57.18942993011098	87.21748907962575	122.32376855075631	183.2632955980971	0.310205288184773	1.0229692821830383	-705.3330218114982	1.0272286866395097	453.50946547271116	1.1613573751006039	70.81981785437944	1.1613573751006039	10.155146546780546	1.1613573751006039	0.14651611524091981	1.2949425439163607	NaN	NaN	800000009	800000009	800000009	800000009	800000009	800100109	899999999	899999999	89999	89999	89	89	4	3	5	1	0	0	2	NaN	0	0	0	0	0	0	0	0	0	NaN	NaN	NaN	NaN	0	0	0	0	0	0	0	0	7553	0	0	0	18000	18000	18000	18000	93	NaN	0.0798698364918277	0.5599497431824513	0.39405235701591984	1.467132915984033	12.786568539581697	0.31915300681507486	2.0483483864746935e-7	NaN	-0.5991841937455691	1.7635328873716294	0.2528802735436357	0.00014651611524091983	NaN	427.2253299318485	5.746214129809213	95217.17306835938	11.392759798049928	-1.6233335560442428	94.9982031841278	94.62578277291192	95.37062656911215	-0.7448402326570597	0.00027826736225526676	-1	0	2.191813910000855	83.12122879627017	1.000085116346677	-313.323120583426	9.000663019842571	-273.1499938964844	217
DATA	2026-03-13T220000_AIU-0547.ghg	2026-03-13	22:30:00	72.937	0	18000	18000	0.035773283823661996	1	NaN	0.47763537362445063	1	NaN	20.59982275741216	1	NaN	2.5677967136529745	1	NaN	0.4603524355765592	1	NaN	-0.0021759836324371177	1	NaN	NaN	NaN	NaN	NaN	NaN	NaN	NaN	NaN	NaN	-2.679201681649261e-11	-3.9882457127902447e-13	-1.45928734997923e-13	NaN	17.48584178354874	429.1550306756476	431.91426290057166	0.1	1	260.2933329186238	6.388379504751978	6.4294532923918535	0.1	1	0.09524056323659545	2.1666108567967908	2.180540980103355	0.1	0	NaN	NaN	NaN	NaN	9	280.291480205112	280.2795687476264	94845.63806032986	1.1760698985586637	1008.7203336693004	0.024568808668729004	0.029830837825361035	0.004685558921486415	606.0724592244544	1007.8993073164718	0.003984082006714752	60.132242856493285	401.82684809201737	273.0385652672291	0.7763084231659988	0.2434638747896166	0.1285714150023418	0.8236868549162227	1.2479228004696139e-14	-1.5322120117602478e-15	0.8236868549162227	1.922523517342108	314.5876645046498	17.41233549535018	8.980168412493168	NaN	0.1744065683484214	0.20677718252843916	-932.196672169178	-0.0031109315089613396	0.02318638268150096	0.0023084992428283858	1	7.319118931610116	3	6	12	21	40	134	0.035247164708834745	1.0149265655599067	1.5743619821429353	1.016258626506445	18.963628129176584	1.0862806746203906	2.3638427651769756	1.0862806746203906	0.423787743197616	1.0862806746203906	-0.0035463686225872143	1.1496053765361738	NaN	NaN	800000009	800000009	800000009	800000009	800000009	810010019	899999999	899999999	89999	89999	89	89	0	0	1	11	14	0	0	NaN	0	0	13577	0	0	0	0	0	0	NaN	NaN	NaN	NaN	0	0	0	0	0	0	0	0	14375	0	0	0	18000	18000	18000	18000	93	NaN	0.2090455825927926	0.1897420494777802	0.014766732986305521	0.06531608442214903	5.698683303877739	0.07261189052375665	9.057266886857003e-8	NaN	0.0013270909394077846	0.058450303502863746	0.010478921261431625	-0.0000035463686225872144	NaN	429.15490636184995	6.38830721005446	95232.14761371528	11.399999618530273	-0.12782929364865034	95.06765648990208	94.66963256666395	95.46568092981974	-0.7960466665228193	0.00027296361995265896	-1	0	2.160736610836453	82.43401253022091	1.000091252879964	-273.1499938964844	9.000531199879116	-273.1499938964844	226
DATA	2026-03-13T223000_AIU-0547.ghg	2026-03-13	23:00:00	72.958	0	18000	18000	0.02198956870457367	1	NaN	7.174783213900739	1	NaN	12.86301996133804	1	NaN	0.532571683656636	1	NaN	0.2872987126469768	1	NaN	0.002459655719611751	1	NaN	NaN	NaN	NaN	NaN	NaN	NaN	NaN	NaN	NaN	-2.676810869691034e-12	-4.1253886113981757e-14	-1.4452423614641012e-14	NaN	17.65915044412257	430.5917179187335	433.4682561405049	0.1	1	272.15541805371913	6.636098909256715	6.680430909528804	0.1	1	0.09534387572275264	2.163480070253139	2.177933049386608	0	0	NaN	NaN	NaN	NaN	9	279.7287610176934	279.7094965837267	94869.82591124132	1.1786566848002957	1008.8462766213239	0.02451258587501582	0.018616956579524096	0.0048784124613959375	629.7344225447822	969.1886415080481	0.004138959651531188	64.97542331541582	339.45421896326593	273.56653341087394	0.8168893712180194	0.26374910861121487	0.15678268178624757	0.8726125408279809	-4.658836273193675e-14	-1.5158208647471754e-16	0.8726125408279809	2.340568582200746	314.10628605667137	17.893713943328642	10.350564637060767	NaN	0.1365886755465155	0.16512046356292176	-29.815584468264525	-0.09726456991264877	0.5577837269525936	0.04417553017477262	1	12.321595547373693	5	10	18	29	50	134	0.02167912334031038	1.0143200146698759	7.764993849516053	1.0158878843604304	11.843081472030846	1.0861210396733254	0.4903428478071086	1.0861210396733254	0.2645181357810619	1.0861210396733254	-0.000846179655602361	1.1491989833671248	NaN	NaN	800000009	800000009	800000009	800000009	800000009	800000019	899999999	899999999	89999	89999	89	89	0	0	0	18	16	0	0	NaN	0	0	18000	0	0	0	0	0	0	NaN	NaN	NaN	NaN	0	0	0	0	0	0	0	0	17604	0	0	0	18000	18000	18000	18000	93	NaN	0.1476540390423058	0.16204250810203183	0.02054437998150586	0.024175280584409747	2.0939296517858885	0.04522605876895228	9.644001397306065e-8	NaN	0.0065302347994147915	0.01209988876225662	0.006527351286684643	-8.46179655602361e-7	NaN	430.5912336876611	6.6360523559906905	95260.05023611111	11.370864877859752	0.40481431745650753	94.96177646403844	94.53190189213223	95.39165049701266	-0.8597524298859947	0.000271071451596476	-1	0	2.157372156494195	82.05236502032808	1.000086478203535	-273.1499938964844	9.000476546472973	-273.1499938964844	196
DATA	2026-03-13T230000_AIU-0547.ghg	2026-03-13	23:30:00	72.979	0	18000	18000	0.054349136079940234	1	NaN	8.471052258386365	1	NaN	6.407029869471099	1	NaN	-0.3869039313781061	1	NaN	0.1430791205630237	1	NaN	-0.00033912081347136383	1	NaN	NaN	NaN	NaN	NaN	NaN	NaN	NaN	NaN	NaN	9.403451024087978e-11	1.4480017161635521e-12	5.03333334432014e-13	NaN	17.705087090660903	431.20622853052714	434.0885683656619	0.1	1	272.633913086059	6.6399809743590845	6.6843650309905325	0.1	1	0.09476904275806418	2.1487303555382815	2.1630932535878697	0	0	NaN	NaN	NaN	NaN	9	279.5580509593321	279.5375563820733	94877.18110915799	1.179471363391449	1008.8454988882078	0.024495618615467347	0.009271527012483934	0.0048846473765927255	630.1516636499456	957.7736146758896	0.004141387004553822	65.79338311206128	327.621951025944	273.5756846035945	0.7748083756268391	0.15050900328375066	0.1483520203393033	0.8031122592450863	2.351437839298998e-14	5.3111577344615935e-15	0.8031122592450863	2.8447518811248145	321.00701804950245	10.992981950497548	10.644889809205393	NaN	0.21466073991840984	0.34335975528275187	-98.02832907944179	-0.02958328502824781	1.3221496435891675	0.03316444067484868	0	97.4298440327263	-14.78535471871018	33.44451263119266	83.28156528470313	127.00964181019663	178.13282854681813	266.8754372144369	0.05353522900824843	1.0152032051934698	8.693856951084971	1.0164292552558807	5.897649232008574	1.0863701141631044	-0.35614375463205855	1.0863701141631044	0.13170384447960082	1.0863701141631044	-0.003450717152819614	1.1498003063935192	NaN	NaN	800000009	800000009	800000009	800000009	800011019	800011019	899999999	899999999	89999	89999	89	89	0	0	1	31	29	0	0	NaN	0	0	18000	0	0	0	0	0	0	NaN	NaN	NaN	NaN	0	0	0	0	0	0	0	0	17107	0	0	0	18000	18000	18000	18000	93	NaN	0.28473140754594667	0.3758867942937405	0.026101308725816615	0.04089686572651337	2.088701161843446	0.0685832546061225	7.360713238591885e-8	NaN	0.0073063492548264275	-0.008782291476240807	0.0032477378466353297	-0.000003450717152819614	NaN	431.20612501068854	6.639912535398622	95270.21793511284	11.376093358357746	0.4112350462187999	94.86973141818575	94.42741312026979	95.31204878192477	-0.8846369476417701	0.0002706732743342096	-1	0	2.142657468616963	81.9645420044793	1.0000812732560767	-273.1499938964844	9.00042787247234	-273.1499938964844	154
