DATAH	filename	date	time	DOY	daytime	file_records	used_records	Tau	qc_Tau	rand_err_Tau	H	qc_H	rand_err_H	LE	qc_LE	rand_err_LE	co2_flux	qc_co2_flux	rand_err_co2_flux	h2o_flux	qc_h2o_flux	rand_err_h2o_flux	ch4_flux	qc_ch4_flux	rand_err_ch4_flux	none_flux	qc_none_flux	rand_err_none_flux	H_strg	LE_strg	co2_strg	h2o_strg	ch4_strg	none_strg	co2_v-adv	h2o_v-adv	ch4_v-adv	none_v-adv	co2_molar_density	co2_mole_fraction	co2_mixing_ratio	co2_time_lag	co2_def_timelag	h2o_molar_density	h2o_mole_fraction	h2o_mixing_ratio	h2o_time_lag	h2o_def_timelag	ch4_molar_density	ch4_mole_fraction	ch4_mixing_ratio	ch4_time_lag	ch4_def_timelag	none_molar_density	none_mole_fraction	none_mixing_ratio	none_time_lag	none_def_timelag	sonic_temperature	air_temperature	air_pressure	air_density	air_heat_capacity	air_molar_volume	ET	water_vapor_density	e	es	specific_humidity	RH	VPD	Tdew	u_unrot	v_unrot	w_unrot	u_rot	v_rot	w_rot	wind_speed	max_wind_speed	wind_dir	yaw	pitch	roll	u*	TKE	L	(z-d)/L	bowen_ratio	T*	model	x_peak	x_offset	x_10%	x_30%	x_50%	x_70%	x_90%	un_Tau	Tau_scf	un_H	H_scf	un_LE	LE_scf	un_co2_flux	co2_scf	un_h2o_flux	h2o_scf	un_ch4_flux	ch4_scf	un_none_flux	un_none_scf	spikes_hf	amplitude_resolution_hf	drop_out_hf	absolute_limits_hf	skewness_kurtosis_hf	skewness_kurtosis_sf	discontinuities_hf	discontinuities_sf	timelag_hf	timelag_sf	attack_angle_hf	non_steady_wind_hf	u_spikes	v_spikes	w_spikes	ts_spikes	co2_spikes	h2o_spikes	ch4_spikes	none_spikes	head_detect_LI-7200	t_out_LI-7200	t_in_LI-7200	aux_in_LI-7200	delta_p_LI-7200	chopper_LI-7200	detector_LI-7200	pll_LI-7200	sync_LI-7200	chopper_LI-7500	detector_LI-7500	pll_LI-7500	sync_LI-7500	not_ready_LI-7700	no_signal_LI-7700	re_unlocked_LI-7700	bad_temp_LI-7700	laser_temp_unregulated_LI-7700	block_temp_unregulated_LI-7700	motor_spinning_LI-7700	pump_on_LI-7700	top_heater_on_LI-7700	bottom_heater_on_LI-7700	calibrating_LI-7700	motor_failure_LI-7700	bad_aux_tc1_LI-7700	bad_aux_tc2_LI-7700	bad_aux_tc3_LI-7700	box_connected_LI-7700	mean_value_RSSI_LI-7200	mean_value_LI-7500	u_var	v_var	w_var	ts_var	co2_var	h2o_var	ch4_var	none_var	w/ts_cov	w/co2_cov	w/h2o_cov	w/ch4_cov	w/none_cov	co2_mean	h2o_mean	air_p_mean	vin_sf_mean	dew_point_mean	avg_signal_strength_7200_mean	co2_signal_strength_7200_mean	h2o_signal_strength_7200_mean	delta_signal_strength_7200_mean	flowrate_mean	hit_power_mean	hit_vin_mean	ch4_mean	rssi_77_mean	ch4_aux-1_mean	ch4_aux-2_mean	ch4_aux-3_mean	ch4_aux-4_mean	CHK
DATAU		[yyyy-mm-dd]	[HH:MM]	[ddd.ddd]	[1=daytime]	[#]	[#]	[kg+1m-1s-2]	[#]	[kg+1m-1s-2]	[W+1m-2]	[#]	[W+1m-2]	[W+1m-2]	[#]	[W+1m-2]	[µmol+1s-1m-2]	[#]	[µmol+1s-1m-2]	[mmol+1s-1m-2]	[#]	[mmol+1s-1m-2]	[µmol+1s-1m-2]	[#]	[µmol+1s-1m-2]	[µmol+1s-1m-2]	[#]	[µmol+1s-1m-2]	[W+1m-2]	[W+1m-2]	[µmol+1s-1m-2]	[mmol+1s-1m-2]	[µmol+1s-1m-2]	[µmol+1s-1m-2]	[µmol+1s-1m-2]	[mmol+1s-1m-2]	[µmol+1s-1m-2]	[µmol+1s-1m-2]	[mmol+1m-3]	[µmol+1mol_a-1]	[µmol+1mol_d-1]	[s]	[1=default]	[mmol+1m-3]	[mmol+1mol_a-1]	[mmol+1mol_d-1]	[s]	[1=default]	[mmol+1m-3]	[µmol+1mol_a-1]	[µmol+1mol_d-1]	[s]	[1=default]	[mmol+1m-3]	[µmol+1mol_a-1]	[µmol+1mol_d-1]	[s]	[1=default]	[K]	[K]	[Pa]	[kg+1m-3]	[J+1kg-1K-1]	[m+3mol-1]	[mm]	[kg+1m-3]	[Pa]	[Pa]	[kg+1kg-1]	[%]	[Pa]	[K]	[m+1s-1]	[m+1s-1]	[m+1s-1]	[m+1s-1]	[m+1s-1]	[m+1s-1]	[m+1s-1]	[m+1s-1]	[deg_from_north]	[deg]	[deg]	[deg]	[m+1s-1]	[m+2s-2]	[m]	[#]	[#]	[K]	[0=KJ/1=KM/2=HS]	[m]	[m]	[m]	[m]	[m]	[m]	[m]	[kg+1m-1s-2]	[#]	[W+1m-2]	[#]	[W+1m-2]	[#]	[µmol+1s-1m-2]	[#]	[mmol+1s-1m-2]	[#]	[µmol+1s-1m-2]	[#]	[µmol+1s-1m-2]	[#]	8u/v/w/ts/co2/h2o/ch4/none	8u/v/w/ts/co2/h2o/ch4/none	8u/v/w/ts/co2/h2o/ch4/none	8u/v/w/ts/co2/h2o/ch4/none	8u/v/w/ts/co2/h2o/ch4/none	8u/v/w/ts/co2/h2o/ch4/none	8u/v/w/ts/co2/h2o/ch4/none	8u/v/w/ts/co2/h2o/ch4/none	8co2/h2o/ch4/none	8co2/h2o/ch4/none	8aa	8U	[#]	[#]	[#]	[#]	[#]	[#]	[#]	[#]	[#_flagged_recs]	[#_flagged_recs]	[#_flagged_recs]	[#_flagged_recs]	[#_flagged_recs]	[#_flagged_recs]	[#_flagged_recs]	[#_flagged_recs]	[#_flagged_recs]	[#_flagged_recs]	[#_flagged_recs]	[#_flagged_recs]	[#_flagged_recs]	[#_flagged_recs]	[#_flagged_recs]	[#_flagged_recs]	[#_flagged_recs]	[#_flagged_recs]	[#_flagged_recs]	[#_flagged_recs]	[#_flagged_recs]	[#_flagged_recs]	[#_flagged_recs]	[#_flagged_recs]	[#_flagged_recs]	[#_flagged_recs]	[#_flagged_recs]	[#_flagged_recs]	[#_flagged_recs]	[#]	[#]	[m+2s-2]	[m+2s-2]	[m+2s-2]	[K+2]	--	--	--	--	[m+1s-1K+1]	--	--	--	--	--	--	--	--	--	--	--	--	--	--	--	--	--	--	--	--	--	--	207
DATA	2026-03-28T233000_AIU-0547.ghg	2026-03-29	00:00:00	88	0	18000	18000	0.007989839555303916	0	NaN	37.83132710018014	0	NaN	30.895368921788172	0	NaN	-0.8938155518356058	2	NaN	0.6872551023573643	0	NaN	0.0009737253251380049	0	NaN	NaN	NaN	NaN	NaN	NaN	NaN	NaN	NaN	NaN	-3.049123363955976e-12	-2.842710547038608e-14	-1.5624074279221062e-14	NaN	18.384964820713247	433.7120248600628	435.4728661285018	0.1	1	171.40380091072595	4.043515464220399	4.059931861485999	0.1	1	0.09420676755007058	2.0918984378179513	2.100391402936641	-0.1	0	NaN	NaN	NaN	NaN	9	275.1073818588257	275.437483897739	96765.879484375	1.222059219384583	1007.363810009932	0.023665234619146634	0.044534130632757206	0.0030789532022954774	391.3792853010289	718.4761373004338	0.002519479541953792	54.47352597841006	327.0968519994049	267.16959627024494	1.1122892079488407	0.16606617114567954	0.1771216985587029	1.1384802815239037	5.765758406314256e-14	-1.6584874617332474e-16	1.1384802815239037	2.67615757125951	323.5083927460672	8.491607253932814	8.950279807537079	NaN	0.08085798292537907	0.19730584500860643	-1.1891847882446849	-2.4386453885611763	1.2244983122211743	0.3800581733881187	1	16.409281527312537	7	13	21	31	48	103	0.007895607175332444	1.0119347857459113	38.95206379545697	1.0145015701713385	28.443346796572463	1.0862072295061702	-0.8228775573901927	1.0862072295061702	0.6327108526701813	1.0862072295061702	-0.012581367105873589	1.1480286076230335	NaN	NaN	800000009	800000009	800000009	800000009	800000009	800010009	899999999	899999999	89999	89999	89	89	9	15	1	39	2	0	0	NaN	0	0	11286	0	0	0	0	0	0	NaN	NaN	NaN	NaN	0	0	0	0	0	0	0	0	12601	0	0	0	18000	18000	18000	18000	100	NaN	0.12992781102698234	0.2279148494589142	0.03676902953131636	0.11191847620883029	13.529703941475798	0.1380786890719817	1.047486350254776e-7	NaN	0.03164112208925966	-0.01955267320234998	0.015034057525005608	-0.000012581367105873588	NaN	433.7116699142454	4.043378627646641	97159.76355642361	11.359999656677246	-6.036040334582368	100.41685201856825	100.09725230026245	100.73642597431606	-0.6391878520051638	0.0002618533129215292	-1	0	2.088208075980344	68.97261833339267	1.0000375332732996	-273.1499938964844	9.000195275598102	-273.1499938964844	231
DATA	2026-03-29T000000_AIU-0547.ghg	2026-03-29	00:30:00	88.02	0	18000	18000	0.018161645904826558	0	NaN	49.731999367658446	0	NaN	40.570462000650934	0	NaN	1.1506582111118009	1	NaN	0.9024047678806565	0	NaN	-0.003076093916144401	0	NaN	NaN	NaN	NaN	NaN	NaN	NaN	NaN	NaN	NaN	5.952458675446869e-11	5.571125263516165e-13	3.0664248232365854e-13	NaN	18.35886574646904	431.48162246028915	433.2311812656786	0.1	1	171.82738486122594	4.038395390373705	4.054770155478614	0.1	1	0.0945761822482778	2.0993072829938817	2.1078194915121444	0	0	NaN	NaN	NaN	NaN	9	275.01682819366454	275.35711070081925	96788.7357608507	1.2227070304484744	1007.3598345232195	0.023652742236691136	0.058475828958666536	0.003076678613125468	390.9760313942048	714.3695484327689	0.002516284389071501	54.73022082925482	323.393517038564	267.15609961209253	0.9850839289535414	0.23799386534451836	0.16606122512608865	1.0269409708033639	-3.0711369174786217e-15	3.2422801918423013e-15	1.0269409708033639	2.4795280799644046	318.4177503400757	13.5822496599243	9.30585942980973	NaN	0.12187549632775233	0.20402088203318416	-3.098259904786129	-0.9360092726630646	1.225817920605896	0.33129316969857553	1	12.112438330019323	5	10	16	24	38	86	0.017932413119770417	1.0127831532502123	51.17944429135094	1.0149772037137699	37.357484703441706	1.0860062534379684	1.0595318465885109	1.0860062534379684	0.8309388320959618	1.0860062534379684	-0.02063277186623863	1.148340605014127	NaN	NaN	800000009	800000009	800000009	800000009	800000009	800000009	899999999	899999999	89999	89999	89	89	10	0	0	37	11	0	0	NaN	0	0	15652	0	0	0	0	0	0	NaN	NaN	NaN	NaN	0	0	0	0	0	0	0	0	13027	0	0	0	18000	18000	18000	18000	100	NaN	0.13974490178452204	0.22801041935184488	0.04028644293000144	0.13296975970204006	6.115574430314446	0.07159285574182651	5.535476565371011e-8	NaN	0.04155167409392002	0.02516247694726223	0.019733695853051448	-0.00002063277186623863	NaN	431.480707964606	4.0383241744735265	97184.1916312934	11.366379802703857	-6.024045667462865	100.40160092777676	100.07789018037585	100.72529853651258	-0.6474071552968691	0.000261109850540783	-1	0	2.0956080470548732	68.98800596258374	1.0000489278799958	-273.1499938964844	9.000282200919257	-273.1499938964844	031
DATA	2026-03-29T003000_AIU-0547.ghg	2026-03-29	01:00:00	88.041	0	18000	18000	0.004535601088173185	1	NaN	26.328297895976988	0	NaN	27.414688443754073	0	NaN	2.795499435111682	0	NaN	0.6097417151994193	0	NaN	-0.004663535436403091	0	NaN	NaN	NaN	NaN	NaN	NaN	NaN	NaN	NaN	NaN	-3.153253322465177e-11	-2.994758669485232e-13	-1.6302690946608554e-13	NaN	18.314749710177946	431.0808064452625	432.852962855677	0.1	0	173.94179872338268	4.094130253199447	4.110961063258258	0.1	1	0.09468941241171625	2.1011963607763793	2.109834297201791	0	0	NaN	NaN	NaN	NaN	9	274.9472882715861	275.2872153464424	96794.8017078993	1.2230683083179947	1007.3890535281091	0.023645256439463743	0.03951126314492237	0.0031201280737050184	396.39682676327817	710.8152174958166	0.0025510660790450247	55.76650822977226	314.4183907325384	267.3365049822458	1.1363431306636522	0.3613347389115457	0.15288591949222716	1.2021699582545287	-1.0218357141435191e-13	-1.7217015642385974e-15	1.2021699582545287	2.6756101725756736	314.36036063983863	17.63963936016136	7.306374533179628	NaN	0.0608964630416133	0.20820427963692592	-0.7300974989141965	-3.9720722291377384	0.9603719535238928	0.3508995197721421	1	19.764051781930768	9	15	25	36	56	120	0.004483929777299228	1.0115236663909308	27.42190360971571	1.014281688488776	25.23426194260476	1.0864073816031825	2.573159463429306	1.0864073816031825	0.56124592443365	1.0864073816031825	-0.014125701766039864	1.1479401058882328	NaN	NaN	800000009	800000009	800000009	800000009	800000009	801001009	899999999	899999999	89999	89999	89	89	5	0	0	43	11	0	0	NaN	0	0	14303	0	0	0	0	0	0	NaN	NaN	NaN	NaN	0	0	0	0	0	0	0	0	13760	0	0	0	18000	18000	18000	18000	100	NaN	0.16417447905108842	0.22346078245234458	0.028773297770418885	0.09439845484807545	7.810664044120704	0.09336416121641483	4.314931535000349e-8	NaN	0.022256130514959855	0.061093206008395406	0.01332537426075433	-0.000014125701766039864	NaN	431.0804947359746	4.094037536992198	97190.56759809027	11.369999885559082	-5.851502845432996	100.4035510412852	100.0764108880361	100.73073553890652	-0.6542977339956498	0.0002617502410980201	-1	0	2.0974455300370853	68.95392793273926	1.000046644118097	-273.1499938964844	9.000268388827642	-273.1499938964844	012
DATA	2026-03-29T010000_AIU-0547.ghg	2026-03-29	01:30:00	88.062	0	18000	18000	0.02241244235464276	0	NaN	32.470455773498074	0	NaN	24.51240560840714	0	NaN	0.18184580468433215	1	NaN	0.5450395958578993	0	NaN	-0.005387086995546656	0	NaN	NaN	NaN	NaN	NaN	NaN	NaN	NaN	NaN	NaN	-1.7831416208596432e-10	-1.7493119372052812e-12	-9.170096080425015e-13	NaN	18.356711387970766	431.2414634824841	433.07362462711507	0.2	0	180.08448674608664	4.230599695856487	4.248573710503969	0.1	1	0.09440237678214904	2.092160202933695	2.1010488997700416	0	0	NaN	NaN	NaN	NaN	9	274.66157708825006	274.99513462320965	96799.95295334201	1.2243692425970611	1007.4588743058852	0.023618911781489976	0.03531856581159187	0.0032277273623285887	409.63170142485694	696.1310684548082	0.0026362368883770066	58.8440481954225	286.49936702995126	267.76792253623194	0.9449885430284644	0.28582950552775455	0.13704944249173498	0.9967368772010418	2.015396846941384e-14	-9.713840258054849e-15	0.9967368772010418	3.135132650838408	315.1710742987739	16.82892570122615	7.903098737394491	NaN	0.13529706863228722	0.24648705729554243	-6.4927453372358475	-0.44665235572516926	1.324653985097306	0.19456300244986852	1	12.341234633345064	5	10	16	25	41	97	0.022123808775143982	1.0130462879349715	33.30760141989985	1.0151293936782688	22.571516277412563	1.085988433702916	0.16744727571755894	1.085988433702916	0.5018834261424564	1.085988433702916	-0.01644460910595813	1.1484653591815819	NaN	NaN	800000009	800000009	800000009	800000009	800000009	800001019	899999999	899999999	89999	89999	89	89	1	6	0	42	22	0	0	NaN	0	0	17959	0	0	0	0	0	0	NaN	NaN	NaN	NaN	0	0	0	0	0	0	0	0	15289	17997	0	0	18000	18000	18000	18000	100	NaN	0.2065403955977791	0.2536206642048366	0.03281305478846917	0.0884054850311976	2.0758094745899816	0.04260915330325965	3.770738481010246e-8	NaN	0.02700247801052804	0.003971729739022646	0.011904316272632812	-0.00001644460910595813	NaN	431.24225065115917	4.230557155288565	97196.60700347222	11.331153255939483	-5.400894028292738	100.48330723762513	100.15232513237	100.8143203315735	-0.6619725565761334	0.000260896290704194	-1	0	2.0882994907895727	71.16086246278552	1.0000393805023697	-273.1499938964844	9.000215084022946	-273.1499938964844	101
DATA	2026-03-29T013000_AIU-0547.ghg	2026-03-29	02:00:00	88.083	0	18000	18000	0.037365802839440666	0	NaN	44.935040409699646	0	NaN	36.85642170956737	1	NaN	2.280103394307703	1	NaN	0.8194251932844512	1	NaN	-0.00736137402756342	0	NaN	NaN	NaN	NaN	NaN	NaN	NaN	NaN	NaN	NaN	2.1837785735056044e-11	2.2271830514180458e-13	1.1264113931993479e-13	NaN	18.342119255629008	430.7523051234005	432.65300983823386	-0.1	0	187.06684656057996	4.393138777756352	4.412523606319038	0.1	1	0.09461019700268906	2.0958537355294715	2.1051017396128877	0	0	NaN	NaN	NaN	NaN	9	274.5733611424764	274.8836479899088	96795.87987348091	1.2247388815013736	1007.5456129126713	0.023610329823699722	0.053098752524832434	0.0033529545212916097	425.35179891970756	690.597373684137	0.0027376892919258964	61.5918645404889	265.2455747644294	268.2645475433631	1.056955548174802	0.5073196324898298	0.1960301554408975	1.1886782837123389	3.2717939624192935e-14	1.1905813843378133e-15	1.1886782837123389	2.7188900576306456	306.35983262323754	25.64016737676246	9.49226131457259	NaN	0.17466882799779643	0.21249303495229924	-10.095091975985824	-0.28726830888698307	1.2191916177808217	0.20847861275882512	1	12.038037769955883	5	10	16	25	42	103	0.03693708088432157	1.0116068174543016	46.282747629725286	1.0143255034477445	33.92650748021093	1.0863606202632392	2.098845771632632	1.0863606202632392	0.7542846988377523	1.0863606202632392	-0.022895704405439872	1.1479540518520999	NaN	NaN	800000009	800000009	800000009	800000009	800000009	800000009	899999999	899999999	89999	89999	89	89	4	1	0	32	0	0	0	NaN	0	0	18000	0	0	0	0	0	0	NaN	NaN	NaN	NaN	0	0	0	0	0	0	0	0	13331	18000	0	0	18000	18000	18000	18000	100	NaN	0.2454396081985973	0.14149934791430258	0.038047113791698624	0.12179111032230135	5.358868516951574	0.084826426389147	5.116660782761386e-8	NaN	0.037506877635367454	0.04977315996981622	0.017887513930493506	-0.00002289570440543987	NaN	430.75179383606076	4.3930544594512115	97193.79042013889	11.333046660105387	-4.915821210940749	100.49072000291612	100.15515159479777	100.82625660239326	-0.6711807921926177	0.0002612057547893427	-1	0	2.091834077669515	71.06558960893419	1.0000534132586585	-273.1499938964844	9.000301737096574	-273.1499938964844	184
DATA	2026-03-29T020000_AIU-0547.ghg	2026-03-29	02:30:00	88.104	0	18000	18000	0.03977187915480367	0	NaN	36.075908150021206	0	NaN	29.252310907232573	0	NaN	2.1704851212563754	0	NaN	0.6503472380774736	0	NaN	-0.0037663381767633303	0	NaN	NaN	NaN	NaN	NaN	NaN	NaN	NaN	NaN	NaN	7.366765572050666e-11	7.762916084238128e-13	3.8038198132847227e-13	NaN	18.342498385937176	430.6160472207486	432.57897199378624	0.3	0	193.28872943308082	4.537725826085245	4.55841064378947	0.1	1	0.0947112516384158	2.097969241760826	2.1075326470828113	0	0	NaN	NaN	NaN	NaN	9	274.5586452806261	274.8569135759142	96795.99923046875	1.2247924403792296	1007.6238980513679	0.023608004438584733	0.04214250102742029	0.003463648145264001	439.3515253616737	689.276201092065	0.002827947030920243	63.740997391986056	249.9246757303913	268.6932863696774	1.063326523641345	0.2243568093419158	0.15888454082822892	1.098291205050568	4.169074658236752e-14	4.0162280061578835e-15	1.098291205050568	3.066216870155321	320.0856186022026	11.914381397797412	8.317893413110347	NaN	0.1802008382997567	0.3660244896221396	-13.807424832854148	-0.21003192377332955	1.2332669464791417	0.1622181742541304	1	10.677587982434678	5	9	15	23	39	99	0.039291733044596815	1.0122200288203598	37.13068083111847	1.0146585675360418	26.933062158273245	1.086111587881473	1.9983997459138052	1.086111587881473	0.5987849179898869	1.086111587881473	-0.01638110688830332	1.1481161088560654	NaN	NaN	800000009	800000009	800000009	800000009	800010009	800010009	899999999	899999999	89999	89999	89	89	0	1	1	47	19	0	0	NaN	0	0	18000	0	0	0	0	0	0	NaN	NaN	NaN	NaN	0	0	0	0	0	0	0	0	14324	604	0	0	18000	18000	18000	18000	100	NaN	0.37787993705492456	0.31318733336299104	0.04098170882636365	0.12699367618458185	2.6461331393509164	0.05936317680394596	3.3619502411383745e-8	NaN	0.030086519918680766	0.047393345767708796	0.014200572591549897	-0.000016381106888303318	NaN	430.61619740069784	4.537666688528879	97193.65419227429	11.34000015258789	-4.478326783696816	100.4938775200314	100.1510356341468	100.83674985440572	-0.685699014968342	0.00026138178013691984	-1	0	2.0938107867240903	69.29773271539469	1.0000581322875288	-273.1499938964844	9.00032309042083	-273.1499938964844	000
DATA	2026-03-29T023000_AIU-0547.ghg	2026-03-29	03:00:00	88.124	0	18000	18000	0.04936883843287606	0	NaN	14.927999938460278	0	NaN	29.385995612467987	1	NaN	2.4943655818154946	0	NaN	0.6536504528615775	1	NaN	-0.0034649326551223947	1	NaN	NaN	NaN	NaN	NaN	NaN	NaN	NaN	NaN	NaN	9.913764147295324e-11	1.0746188495011389e-12	5.136123253654909e-13	NaN	18.260119704763344	429.2953294086286	431.30235943082624	-0.2	0	197.9335854407967	4.653417673963656	4.675173207596727	0.1	1	0.09460203413830862	2.1007810355730037	2.1106025507855417	0	0	NaN	NaN	NaN	NaN	9	275.1137742877537	275.3903884938557	96768.20707248265	1.2220152874507104	1007.6946989528071	0.023660619114529338	0.04235654934543022	0.0035440572165791116	450.4236740509375	716.0673173881283	0.0029001742064720774	62.90242036096103	265.64364333719084	269.0238621610868	0.7041310460671114	0.06770232723575029	0.15811631074826088	0.7248343968613351	1.4649762662225876e-14	5.429189023722125e-15	0.7248343968613351	2.874795629153298	326.507883540518	5.492116459482003	12.599885464945528	NaN	0.2009963334120814	0.351436696829723	-46.29613731446827	-0.06264021510696756	0.5079970791299845	0.06031257581855512	0	73.6133321002718	-11.17110714826911	25.269074786004555	62.92356909730928	95.96241311204479	134.58864884740154	201.6383212362806	0.04857250523071731	1.0163947319244953	16.232278247261963	1.0171729732620407	27.037851952879986	1.086846531436011	2.2950485737114876	1.086846531436011	0.6014192748979315	1.086846531436011	-0.009618518467658972	1.1506928279775899	NaN	NaN	800000009	800000009	800000009	800000009	800011009	800011109	899999999	899999999	89999	89999	89	89	0	0	1	20	4	0	0	NaN	0	0	18000	0	0	0	0	0	0	NaN	NaN	NaN	NaN	0	0	0	0	0	0	0	0	13131	0	0	0	18000	18000	18000	18000	100	NaN	0.28706263539128646	0.36969258074005756	0.04611817752810203	0.37676636400893576	5.941588959310159	0.08545613410061843	3.3880362157809014e-8	NaN	0.013181774128801935	0.05455621108753157	0.014296497812410327	-0.000009618518467658973	NaN	429.29561690360083	4.653332846370935	97169.11626388889	11.35913998222351	-4.15476306275526	100.42214933225844	100.09184315829808	100.75245202361212	-0.6606230204535862	0.00026138012052009187	-1	0	2.0965183792246718	68.84133003086512	1.0000241061962314	-273.1499938964844	9.000128674083285	-273.1499938964844	102
DATA	2026-03-29T030000_AIU-0547.ghg	2026-03-29	03:30:00	88.145	0	18000	18000	0.07784974780743383	1	NaN	24.127574527828035	1	NaN	12.403665764679392	2	NaN	0.2187122744482101	2	NaN	0.2761883262632249	2	NaN	0.005637461165649103	2	NaN	NaN	NaN	NaN	NaN	NaN	NaN	NaN	NaN	NaN	9.134372066561587e-11	9.118908180428169e-13	4.812629719130244e-13	NaN	17.99195858279704	424.75982662145117	426.5686514724247	0.1	0	179.6149939011098	4.240407364042954	4.258464990347543	0.1	1	0.09479429341170212	2.1151775781797264	2.124184987844773	-0.8	0	NaN	NaN	NaN	NaN	9	276.1697926652697	276.4808173395792	96748.85824045139	1.217142719498144	1007.4866434771269	0.023759055736330893	0.017897003541856974	0.0032161270572905716	410.36461739131255	773.7122953996245	0.0026423582097394914	53.038399393583134	363.34767800831196	267.79144978520594	0.3094696159915366	-0.144116018224673	0.10913539633011111	0.3584011783783855	1.6524506501219495e-14	5.0769192384065355e-15	0.3584011783783855	4.978850979085014	356.9707896583933	335.0292103416067	17.72846077965402	NaN	0.25290525427207344	0.500008699609807	-57.050324841913316	-0.050832313541349886	1.9451970881490195	0.07779917840591749	0	80.34287718419414	-12.192341577505418	27.579109845547727	68.67588301926094	104.73505479222081	146.892403539134	220.07158780214704	0.07570811561447287	1.0282880134524381	24.219211286775003	1.0248949921814503	11.329414861416184	1.0948196280570244	0.1997701437234539	1.0948196280570244	0.25226833643216295	1.0948196280570244	-0.002963784307433225	1.1614496570483774	NaN	NaN	800000009	800000009	800000009	800000009	800100009	801110019	899999999	899999999	89999	89999	89	89	0	5	4	3	2	0	0	NaN	0	0	14869	0	0	0	0	0	0	NaN	NaN	NaN	NaN	0	0	0	0	0	0	0	0	8156	0	0	0	18000	18000	18000	18000	100	NaN	0.3118422067040865	0.629502730650019	0.05867246186550845	0.7144098938118364	12.10916535249509	0.23939698857106811	2.172381034085874e-7	NaN	0.019750549953342175	0.004766567589192344	0.006019188121932781	-0.000002963784307433225	NaN	424.7586817126506	4.240170390627508	97151.32254036458	11.369999885559082	-5.444415142655389	100.3749180615743	100.05701140234206	100.69281457434761	-0.6357993379864432	0.0002625607599976421	-1	0	2.1112708621157554	68.92680030610828	1.000016886567076	-273.1499938964844	9.000091868268118	-273.1499938964844	071
DATA	2026-03-29T033000_AIU-0547.ghg	2026-03-29	04:00:00	88.166	0	18000	18000	0.10301111337205218	1	NaN	22.876747756004438	1	NaN	90.90709518086992	1	NaN	13.273650626314806	1	NaN	2.023531428112864	1	NaN	-0.00659429180180498	1	NaN	NaN	NaN	NaN	NaN	NaN	NaN	NaN	NaN	NaN	1.72881661715931e-11	1.7119307224404211e-13	9.175314062498207e-14	NaN	17.970546045584133	424.18829801600566	425.977596111057	0.3	0	177.95022079910268	4.2004511772135285	4.2181693918010055	0.1	1	0.09537472176415661	2.1247175985152076	2.1336800172554855	-0.8	0	NaN	NaN	NaN	NaN	9	275.825211227417	276.13428979492187	96762.17061393229	1.2188562712404425	1007.4595860828987	0.023726012663717808	0.13112483654171359	0.0031902592560795234	406.5537979729385	754.9637490732548	0.0026174203893891148	53.85077077833181	348.4099511003163	267.66870906914113	0.06913204328832148	-0.17677695643295785	0.08398993347098425	0.20756599109531268	-3.062575253583629e-15	9.620278720379389e-16	0.20756599109531268	1.89663157658183	40.64105688316812	291.3589431168319	23.868699706375846	NaN	0.29071389675640263	0.23488599529147464	-91.39846397993898	-0.0317291984320056	0.2516497497856308	0.06408381548858927	0	88.32371915356812	-13.403465136643298	30.31867463395717	75.49778669875428	115.13888833970647	161.48392801814498	241.93235039559417	0.09870719256433926	1.0436029097363655	26.80510538188517	1.0350643899227177	82.10909056509483	1.1071501895249978	11.98902439063811	1.1071501895249978	1.8276937015934784	1.1071501895249978	-0.01852280661731605	1.176652395282893	NaN	NaN	800000009	800000009	800000009	800000009	800100009	800100009	899999999	899999999	89999	89999	89	89	0	1	4	1	2	0	0	NaN	0	0	13332	0	0	0	0	0	0	NaN	NaN	NaN	NaN	0	0	0	0	0	0	0	0	12487	0	0	0	18000	18000	18000	18000	100	NaN	0.18555085529638538	0.22303890949309405	0.06118222579346986	0.17387841730971482	9.838353763447634	0.16855491874610354	5.28712116953679e-8	NaN	0.021829178350145622	0.285651933369317	0.04354684938957847	-0.000018522806617316048	NaN	424.1883409951365	4.200284338214656	97160.1371983507	11.369999885559082	-5.5410852621528175	100.36440017806159	100.04794003253512	100.68083810297648	-0.6329150954584282	0.00026272085269576776	-1	0	2.120834579527378	68.69437933667506	1.0000351788749298	-273.1499938964844	9.000224985135926	-273.1499938964844	197
DATA	2026-03-29T040000_AIU-0547.ghg	2026-03-29	04:30:00	88.187	0	18000	18000	0.02553148680430432	1	NaN	26.77618551123983	1	NaN	38.756187000866966	1	NaN	2.1141039912450905	1	NaN	0.8624233219257051	1	NaN	-0.004562728655066701	1	NaN	NaN	NaN	NaN	NaN	NaN	NaN	NaN	NaN	NaN	1.8750197755999766e-12	1.83641678583119e-14	9.96373947783935e-15	NaN	17.977037595654053	423.26626447370666	425.0282276619196	0.1	0	176.06925553419157	4.145520399681424	4.162777277805899	0.1	1	0.09552886935771406	2.124987861562212	2.1338337127479368	-0.6	0	NaN	NaN	NaN	NaN	9	275.48885600280767	275.8127644822863	96760.81297395834	1.220285402789136	1007.4248452061338	0.023698719072594836	0.05588503126078569	0.0031521652564160244	401.2315213196902	737.9285514716008	0.0025831377227092138	54.3726788344944	336.6970301519106	267.49556490587725	0.04565057405941019	-0.33546323769224135	0.10266554406252856	0.3537792711459605	-5.6148481544953464e-15	1.0430082073440523e-16	0.3537792711459605	1.4181568988521478	54.25066554569946	277.74933445430054	16.86972695264534	NaN	0.1446463053341984	0.08529461487382155	-9.618311499338798	-0.30150822212395156	0.6908880254561899	0.15057999893027074	1	2.0345548533060325	1	2	3	5	8	20	0.024822066867478877	1.0285802121399852	28.166747825606706	1.0250877760048842	35.39232552285747	1.095044940628075	1.9306093410490746	1.095044940628075	0.7875688840962571	1.095044940628075	-0.014823590165724982	1.1617316731723974	NaN	NaN	800000009	800000009	800000009	800000009	800000009	800001009	899999999	899999999	89999	89999	89	89	4	2	0	11	3	0	0	NaN	0	0	13749	0	0	0	0	0	0	NaN	NaN	NaN	NaN	0	0	0	0	0	0	0	0	14916	0	0	0	18000	18000	18000	18000	100	NaN	0.06401586934173678	0.0842448147490891	0.022328545656817217	0.09310186360864112	4.0707143699694965	0.07751675597418418	3.5397157253551924e-8	NaN	0.022911980558466924	0.04594347913119973	0.018742090293211156	-0.000014823590165724982	NaN	423.2662186177572	4.145443348866304	97158.1250390625	11.373046621958414	-5.68510997927191	100.3853208387163	100.06950113508437	100.70111641205682	-0.631617074403498	0.00026207205238299336	-1	0	2.1211470080879007	67.94331690979003	1.0000378429608212	-273.1499938964844	9.000221485800214	-273.1499938964844	043
DATA	2026-03-29T043000_AIU-0547.ghg	2026-03-29	05:00:00	88.208	0	18000	18000	0.011633355334232758	1	NaN	21.340823598151275	0	NaN	21.324224035117872	0	NaN	0.5098306081786385	1	NaN	0.47428724521525845	0	NaN	-0.002161270167008961	0	NaN	NaN	NaN	NaN	NaN	NaN	NaN	NaN	NaN	NaN	1.2517873520053055e-10	1.2638670246576325e-12	6.627766253772928e-13	NaN	18.11410700694064	426.27962131735745	428.1222302584874	0.2	0	182.88907050001097	4.3039319402251595	4.322535840290956	0.1	1	0.09590771702998008	2.128586633900948	2.137787525915149	-0.2	0	NaN	NaN	NaN	NaN	9	274.9661089206271	275.3008277223375	96761.65861111111	1.2224919271352923	1007.5032294932737	0.023654525093275796	0.030733813489948747	0.0032787322757856633	416.5673028898243	711.5062065108999	0.002682007302468516	58.5472479477862	294.9389036210756	267.98908048333845	0.28780166611303987	-0.3224206655405346	0.08265573952258937	0.4400191539706783	-8.672450360727826e-16	6.910566176547749e-15	0.4400191539706783	1.3258999292664224	20.247011080290804	311.7529889197092	10.827092779392446	NaN	0.0975504993500901	0.10494023455094495	-3.7018027136058445	-0.7834020946986594	1.0007784369084691	0.17761892297816076	1	5.041399824608512	2	4	7	10	17	40	0.01136006292160035	1.0240572974391506	22.015305773582124	1.02211634442523	19.533961156504628	1.0916487375125705	0.4670280747453049	1.0916487375125705	0.4344687342340255	1.0916487375125705	-0.009915598736643754	1.1574269923027158	NaN	NaN	800000009	800000009	800000009	800000009	800000009	800000009	899999999	899999999	89999	89999	89	89	1	1	0	19	11	0	0	NaN	0	0	16030	0	0	0	0	0	0	NaN	NaN	NaN	NaN	0	0	0	0	0	0	0	0	14720	0	0	0	18000	18000	18000	18000	100	NaN	0.05790357568628998	0.13537487275378415	0.016602020661815764	0.07361562616784051	7.289062938083132	0.09942909319058779	1.0467264700826548e-7	NaN	0.01787443302828596	0.011095092646055172	0.010321586899823298	-0.000009915598736643754	NaN	426.27888602799277	4.30383326521289	97157.60333224827	11.380000114440918	-5.197209544420302	100.40743129963344	100.08772626156276	100.72708002344767	-0.6394016829199272	0.0002618075999909908	-1	0	2.1245896857778233	67.68623108673096	1.0000290928863818	-273.1499938964844	9.000173791011175	-273.1499938964844	105
DATA	2026-03-29T050000_AIU-0547.ghg	2026-03-29	05:30:00	88.229	0	18000	18000	0.025081150534388065	1	NaN	29.07405136720195	0	NaN	52.36750916784479	1	NaN	4.292151430645627	1	NaN	1.1643933642590114	1	NaN	-0.014177778265015319	1	NaN	NaN	NaN	NaN	NaN	NaN	NaN	NaN	NaN	NaN	-1.733793954006134e-11	-1.8039447384070467e-13	-9.119588678648806e-14	NaN	18.194041612185153	427.64661262174326	429.5579287350273	0.1	1	189.30188077322217	4.449495598678624	4.469382094637527	0.1	1	0.09569890096915284	2.121017876296034	2.130497515614758	-0.3	0	NaN	NaN	NaN	NaN	9	274.66170284695096	274.98467114596895	96773.54446875	1.2239803113242602	1007.5777379402687	0.02362445819731084	0.07545269000398394	0.003393936546282639	430.70896231972057	695.6100445676149	0.0027728685787524144	61.9181631552554	264.9010822478943	268.4300691969685	0.2742046917982977	-0.289694675321653	0.1174161787019011	0.4158097845588014	-1.830894810144695e-14	-9.529460198909048e-16	0.4158097845588014	1.2516355318526824	18.573485632628774	313.4265143673712	16.402274992167058	NaN	0.14314840436894544	0.08465611689153305	-8.586895857285171	-0.3377239049125795	0.5551925579277749	0.16468955145235087	1	2.787470550119545	1	2	4	6	11	28	0.024465763845266258	1.025152972660646	31.17989729384802	1.0228340930960849	47.93578637000636	1.0924512380715083	3.9289180890329836	1.0924512380715083	1.0658538556965724	1.0924512380715083	-0.025263382172273807	1.15845725736383	NaN	NaN	800000009	800000009	800000009	800000009	800000009	800001009	899999999	899999999	89999	89999	89	89	0	0	0	5	0	0	0	NaN	0	0	18000	0	0	0	0	0	0	NaN	NaN	NaN	NaN	0	0	0	0	0	0	0	0	14920	0	0	0	18000	18000	18000	18000	100	NaN	0.05519671740824266	0.0874793863885085	0.026636129986314917	0.06817587701915488	4.091420142639136	0.1101470679857257	8.23464155628949e-8	NaN	0.025282597168552443	0.09323351454463907	0.025292790204746816	-0.000025263382172273806	NaN	427.646183587212	4.449386404066502	97169.73675868055	11.367239822387697	-4.75705908268023	100.40409706560771	100.08101849322848	100.72716222042507	-0.6461646821830009	0.0002614987112562328	-1	0	2.116896538933118	67.693652422799	1.000020906728175	-273.1499938964844	9.000119637860193	-273.1499938964844	213
DATA	2026-03-29T053000_AIU-0547.ghg	2026-03-29	06:00:00	88.249	0	18000	18000	0.013549511609812031	1	NaN	36.57422632520972	0	NaN	13.301502679539531	1	NaN	-2.016024453013468	1	NaN	0.29565075810009256	1	NaN	0.0035519491059352436	0	NaN	NaN	NaN	NaN	NaN	NaN	NaN	NaN	NaN	NaN	-2.961128317675946e-11	-3.1728089598807886e-13	-1.5505540522032477e-13	NaN	18.28432243680316	429.1159747701276	431.0981293326519	0.1	1	195.91404299010546	4.597919656002008	4.619158174165185	0.1	1	0.0957433356634378	2.118385361150109	2.128170518207097	0.1	0	NaN	NaN	NaN	NaN	9	274.2753492067125	274.59781233808724	96794.560046875	1.2259019341416337	1007.6529329470926	0.023586100403506755	0.019158169124885997	0.0035128534265229635	445.1729911532587	676.587300909343	0.0028655256417248693	65.79682925691036	231.41430975608426	268.8680052655014	0.4396354566975418	0.0469738185183726	0.08797440314871187	0.45080524622192863	5.686857790403811e-15	-1.619490319048252e-15	0.45080524622192863	1.6853828395089363	325.90124448568673	6.098755514313297	11.253455120126974	NaN	0.10513176499386458	0.12681166229634025	-2.7044830220638825	-1.072293660688952	2.7496311662191717	0.28162712966323283	1	4.263907343378394	2	3	6	9	14	33	0.013237068072266009	1.0236036814074143	36.53470830389725	1.021819953174991	12.188435005284378	1.0913216236352392	-1.8473238405173387	1.0913216236352392	0.2709107486712003	1.0913216236352392	-0.008790492772217101	1.157003881573568	NaN	NaN	800000009	800000009	800000009	800000009	800000009	800000009	899999999	899999999	89999	89999	89	89	1	0	0	15	0	0	0	NaN	0	0	18000	0	0	0	0	0	0	NaN	NaN	NaN	NaN	0	0	0	0	0	0	0	0	13016	0	0	0	18000	18000	18000	18000	100	NaN	0.1207138568805115	0.10629355831528028	0.026615909396888723	0.13768260988860923	3.5979814824088043	0.0719821056986564	1.0772058073443904e-7	NaN	0.02957596616217036	-0.04377248192174986	0.006419251237128465	-0.000008790492772217102	NaN	429.11558219807495	4.597848141588801	97189.01188368055	11.359999656677246	-4.3072555455763695	100.3780268205007	100.05181928359137	100.70420003594293	-0.6523943060023917	0.00026109657738642355	-1	0	2.1141309532589383	67.73873851712546	1.0000180754628447	-273.1499938964844	9.000098683357239	-273.1499938964844	224
DATA	2026-03-29T060000_AIU-0547.ghg	2026-03-29	06:30:00	88.27	1	18000	18000	0.034689216188394906	1	NaN	37.67044281069687	0	NaN	-2.3376012257970227	2	NaN	-2.405575825063353	0	NaN	-0.05194184900109451	2	NaN	0.007621326206513495	2	NaN	NaN	NaN	NaN	NaN	NaN	NaN	NaN	NaN	NaN	5.983284776943818e-11	6.528439546806385e-13	3.105990817022538e-13	NaN	18.343275184832972	429.87457930362507	431.900372253245	0.1	1	200.14585231857205	4.6904172345378825	4.7125209238974515	0.1	1	0.09522201667176904	2.10386335217617	2.1137778522443216	0.1	0	NaN	NaN	NaN	NaN	9	273.9748168487548	274.27924365573455	96816.98783420138	1.2275671552854932	1007.6987929917751	0.023553280088189466	-0.0033658318152709242	0.003588515896642817	454.23387908874173	661.2699110339024	0.002923274609614528	68.69114585578865	207.0360319451607	269.13595446634673	0.5113115281358116	0.20251883428573586	0.1380344963531135	0.5670157662962376	1.763026941035441e-14	3.261841038012155e-15	0.5670157662962376	1.7223397973025807	310.39261114049134	21.60738885950869	14.089679872363694	NaN	0.16810267079039987	0.15390926850477368	-10.736359485010196	-0.27011018064818887	-16.114999596585534	0.18115491161919456	1	3.7960340635388636	2	3	5	8	15	38	0.03401749025398135	1.0197464871569983	36.89065183912605	1.0193127952076646	-2.147146615959603	1.0887012598123402	-2.2095830269159444	1.0887012598123402	-0.0477099190737115	1.0887012598123402	-0.004327923637617539	1.1534984767299752	NaN	NaN	800000009	800000009	800000009	800000009	800000009	800000009	899999999	899999999	89999	89999	89	89	0	1	0	6	6	0	0	NaN	0	0	18000	0	0	0	0	0	0	NaN	NaN	NaN	NaN	0	0	0	0	0	0	0	0	12331	0	0	0	18000	18000	18000	18000	100	NaN	0.16551780177225114	0.11156443237371691	0.030736302863579295	0.10902638532284187	2.5320828951498173	0.04622264684662377	1.4854138565276038e-7	NaN	0.029822244791634863	-0.05228824739451165	-0.0011290220920914314	-0.0000043279236376175385	NaN	429.87437375806905	4.690370971146247	97211.32128689236	11.359999656677246	-4.031743747618448	100.41537705930074	100.0857579290602	100.74506939273411	-0.6592506787214018	0.0002602982882397353	-1	0	2.0995473903748727	67.80667045338949	1.0000225984785291	-273.1499938964844	9.000134167326822	-273.1499938964844	055
DATA	2026-03-29T063000_AIU-0547.ghg	2026-03-29	07:00:00	88.291	1	18000	18000	0.03520804531679878	1	NaN	35.677138652003684	0	NaN	23.117525680288452	0	NaN	3.06881840210201	1	NaN	0.5134285646149395	0	NaN	-0.003037568333169696	0	NaN	NaN	NaN	NaN	NaN	NaN	NaN	NaN	NaN	NaN	6.279312074667941e-11	6.626644269024618e-13	3.249996425348815e-13	NaN	18.379330144566097	429.89279340989583	431.85198394404085	0.1	1	193.95959513198895	4.5367176879727165	4.55739329474403	0.1	1	0.09512627587203377	2.09675840922307	2.1063141619379615	0.1	0	NaN	NaN	NaN	NaN	9	273.4605718629625	273.7736976886325	96837.30105381945	1.2301636104189415	1007.608000823056	0.023504935575582264	0.03327017098704808	0.003478063314622131	439.44134042372883	637.5922084748362	0.0028273176715393573	68.92200603813876	198.15086805110735	268.6959975478254	0.5104219398837881	0.14336320465252703	0.14020039502400572	0.5483974069303084	2.551194747107486e-14	3.416507579589041e-15	0.5483974069303084	1.8546443385209699	316.31143711823785	15.68856288176219	14.812384867538718	NaN	0.16917629878099022	0.14821259698996547	-11.55616348196875	-0.25094833631636587	1.5432939989085597	0.17013591990226615	1	3.564491574709709	2	3	5	8	14	36	0.034508838957629774	1.020261659919289	36.23585097689742	1.0196455342225001	21.22763402613019	1.0890297831511464	2.8179379935985542	1.0890297831511464	0.47145502589407207	1.0890297831511464	-0.015120843602791421	1.1539541085767113	NaN	NaN	800000009	800000009	800000009	800000009	800000009	800010109	899999999	899999999	89999	89999	89	89	4	2	2	23	5	0	0	NaN	0	0	18000	0	0	0	0	0	0	NaN	NaN	NaN	NaN	0	0	0	0	0	0	0	0	12229	0	0	0	18000	18000	18000	18000	100	NaN	0.1590691950121978	0.10461544298224228	0.03274055598549085	0.0871671458110554	2.5037128201382726	0.04245461375222182	4.351386593146761e-8	NaN	0.029233713177326037	0.06653739333589495	0.01113203646402424	-0.00001512084360279142	NaN	429.89248669773366	4.536675243736934	97231.49701822917	11.359999656677246	-4.471107525096988	100.44471917851766	100.11344255977207	100.77595508978102	-0.6625280413693855	0.0002601477965719015	-1	0	2.0925862485898863	67.95585857370163	1.000010118044085	-273.1499938964844	9.000058247884114	-273.1499938964844	168
DATA	2026-03-29T070000_AIU-0547.ghg	2026-03-29	07:30:00	88.312	1	18000	18000	0.010484172116357342	0	NaN	35.88070984340881	0	NaN	8.062077850375937	0	NaN	-0.42393641524110337	0	NaN	0.17903893616414246	0	NaN	-0.0013346639712745168	0	NaN	NaN	NaN	NaN	NaN	NaN	NaN	NaN	NaN	NaN	5.1202030023174464e-11	5.401662391926601e-13	2.648384458131305e-13	NaN	18.40735299468199	430.3038580892869	432.2661641229689	0.1	1	194.1921176978495	4.5395781501042025	4.560279897083362	0.1	1	0.09521057576113286	2.0977271127142676	2.107293335495945	0.1	0	NaN	NaN	NaN	NaN	9	273.3491329879761	273.6810154571533	96847.71756618924	1.2307112425717102	1007.6082805659477	0.023494451079404042	0.011601723063436431	0.0034818093595807838	439.7657134145506	633.3337828471426	0.002829103399027338	69.4366423085139	193.56806943259204	268.7057850504891	0.546879706827093	0.14571736752423148	0.13042921184898207	0.5807949244277489	-4.461635693785177e-15	2.7816074390471613e-15	0.5807949244277489	1.5630681804681041	317.0800491602714	14.919950839728552	12.977603598045947	NaN	0.09229729796091042	0.09784292517610979	-1.866053425977557	-1.554081978376796	4.450553630133413	0.31349032596039034	1	6.796013062675363	3	5	9	13	21	48	0.010284797486801172	1.0193853724209965	35.67675590220685	1.0190799354900126	7.406755209041007	1.088476346637596	-0.38947692023871916	1.088476346637596	0.16448583078282802	1.088476346637596	-0.012681674956913058	1.1531820379090563	NaN	NaN	800000009	800000009	800000009	800000009	800000009	800010009	899999999	899999999	89999	89999	89	89	1	7	0	26	0	0	0	NaN	0	0	18000	0	0	0	0	0	0	NaN	NaN	NaN	NaN	0	0	0	0	0	0	0	0	10935	0	0	0	18000	18000	18000	18000	100	NaN	0.08067988670625144	0.08691820442621757	0.02808775921975056	0.09643601608950939	3.052213056469781	0.034555160170705305	3.644791518348856e-8	NaN	0.028769840964559763	-0.009192286746560141	0.003882132274680576	-0.000012681674956913058	NaN	430.3036216754067	4.539543489951784	97243.63604014757	11.359999656677246	-4.459019043776716	100.44402627351549	100.1132627398173	100.77478990194533	-0.6614782978528078	0.00025991394056796305	-1	0	2.0935457788440917	67.82380986171297	1.00001331980692	-273.1499938964844	9.000079429917866	-273.1499938964844	021
DATA	2026-03-29T073000_AIU-0547.ghg	2026-03-29	08:00:00	88.333	1	18000	18000	0.027789654903876613	1	NaN	23.772902852485526	1	NaN	-0.9806762198088457	2	NaN	-1.8711916958193082	1	NaN	-0.021785139635585628	2	NaN	0.0005714707048773063	1	NaN	NaN	NaN	NaN	NaN	NaN	NaN	NaN	NaN	NaN	-1.2737781888460695e-10	-1.3867500523153158e-12	-6.573613865706658e-13	NaN	18.42305102555672	431.00332017640824	433.03524785699085	0.1	1	200.56998304110465	4.69229165671432	4.7144130577716075	0.1	1	0.0950762265602399	2.098001389957059	2.107892235105096	0.1	0	NaN	NaN	NaN	NaN	9	273.6774191072252	274.00678140682646	96877.21314322916	1.2295513010995458	1007.6960068236754	0.0235152551018193	-0.0014116770483859485	0.003595755042274877	454.6980741949006	648.413914379391	0.0029244449085282704	70.12466329167235	193.71584018449045	269.1495535216344	0.6136307062660111	0.2727062654292707	0.1278960966850375	0.6835705979810364	-5.5033859495802316e-14	-6.914045817270256e-15	0.6835705979810364	1.932000488026225	308.03895293814674	23.96104706185326	10.783594890356666	NaN	0.15033782055096254	0.14873054300154376	-12.174406108651228	-0.23820463800195044	-24.24133712258197	0.1276255933923852	1	6.518270457336564	3	5	9	14	24	62	0.02732167184495859	1.0171286391833438	23.344931900743216	1.0176364373265174	-0.9020210733684825	1.0871987903194276	-1.7211127463355045	1.0871987903194276	-0.020037862283846897	1.0871987903194276	-0.006667363342822839	1.1512769190786154	NaN	NaN	800000009	800000009	800000009	800000009	800000009	800010009	899999999	899999999	89999	89999	89	89	5	0	0	52	6	0	0	NaN	0	0	18000	0	0	0	0	0	0	NaN	NaN	NaN	NaN	0	0	0	0	0	0	0	0	13034	0	0	0	18000	18000	18000	18000	100	NaN	0.15143861662817512	0.11282093863405081	0.03320153074086156	0.08997271624976591	1.973002045795039	0.021683359492511933	3.3639766441348714e-8	NaN	0.018841541016401238	-0.04066326034745561	-0.00047341745193007486	-0.000006667363342822838	NaN	431.00317027856386	4.692269632303538	97275.45976757813	11.366379802703857	-4.011005310707646	100.41905962265864	100.0872515809801	100.75083912446763	-0.6635787490275173	0.00026036006579912885	-1	0	2.09368134911855	67.52353271230064	1.000010873882307	-273.1499938964844	9.000062928517659	-273.1499938964844	138
DATA	2026-03-29T080000_AIU-0547.ghg	2026-03-29	08:30:00	88.354	1	18000	18000	0.10705482029223116	1	NaN	-38.99594336342552	2	NaN	86.79238235806967	1	NaN	12.78008964268599	1	NaN	1.9307397720895396	1	NaN	-0.022387076979379916	1	NaN	NaN	NaN	NaN	NaN	NaN	NaN	NaN	NaN	NaN	-2.9623651956099174e-10	-3.0390205707107063e-12	-1.5464415064801574e-12	NaN	18.179083067972005	426.708553574863	428.58468405308565	0.1	0	186.49492467065988	4.3775023887466	4.396749168735459	0.1	1	0.09490014481578604	2.1079009739427295	2.117168885797689	0.1	0	NaN	NaN	NaN	NaN	9	275.0918903910318	275.4800103793675	96918.03436132813	1.2236370494568722	1007.5459299060642	0.023631729856955754	0.12511193723140215	0.0033379949277626978	424.3727298953378	720.6574263113799	0.0027279289469408527	58.886887777935115	296.28469641604215	268.2340970880378	-0.2711151710707631	-0.02708323769824069	0.07162185616980249	0.2817208335039213	2.3089519780364297e-14	-1.629545992244805e-14	0.2817208335039213	2.774933157051621	146.29532414424636	185.70467585575355	14.727957246176429	NaN	0.2957854483252005	0.22692020869771412	56.53976054253932	0.05129133855843095	-0.4493014513940209	-0.1069363005178798	0	84.94630234341764	-12.890929105545515	29.159316736084122	72.61082160750647	110.73608441900163	155.30893291734617	232.68108250316544	0.1052230620141636	1.0174083346654652	-33.896120285162446	1.0188324541340725	78.11203939163	1.1111268254426063	11.501918007960224	1.1111268254426063	1.7376412195974555	1.1111268254426063	-0.013595174043074665	1.2030279593427347	NaN	NaN	800000009	800000009	800000009	800000009	800000009	800000019	899999999	899999999	89999	89999	89	89	8	1	1	1	3	0	0	NaN	0	0	18000	0	0	0	0	0	0	NaN	NaN	NaN	NaN	0	0	0	0	0	0	0	0	13814	0	0	0	18000	18000	18000	18000	100	NaN	0.22683255098629238	0.15718792680616386	0.06981993960297203	0.34245162041824884	6.722466153424466	0.13790280608700842	3.33003201808584e-8	NaN	-0.027493657680693742	0.2730056225340554	0.04124406230062905	-0.000013595174043074665	NaN	426.70806133270236	4.377365724014826	97322.31494097222	11.369999885559082	-4.96184482985081	100.36128962114122	100.04468802346125	100.67789082124497	-0.633208347471223	0.00026100745256472783	-1	0	2.103855407887035	67.36013025008307	1.0000137633151478	-273.1499938964844	9.00009437652429	-273.1499938964844	061
DATA	2026-03-29T083000_AIU-0547.ghg	2026-03-29	09:00:00	88.374	1	18000	18000	0.15854832687343665	1	NaN	-4.639121380656323	2	NaN	7.980370635407854	1	NaN	-2.8830228305139434	1	NaN	0.177817400148805	1	NaN	0.0011103703283741925	1	NaN	NaN	NaN	NaN	NaN	NaN	NaN	NaN	NaN	NaN	8.394555009450972e-11	7.295510046810716e-13	4.435403290342371e-13	NaN	17.87063432258434	424.8873336457704	426.4620857291759	0.1	1	155.30947393460633	3.692595745558249	3.706281545023243	0.1	1	0.09442248003099328	2.1131147872344513	2.120946585572894	-0.8	0	NaN	NaN	NaN	NaN	9	276.7309251793756	277.1971255391438	96926.58496744791	1.2164799276985856	1007.2009038209902	0.02377693284568347	0.011522567529642563	0.002798534903846362	358.0067010375016	813.7778372968935	0.0023005187674085253	43.993174135423004	455.7711362593919	266.0084233694489	-1.3062777519147075	0.3219774661358406	0.004992770067607122	1.345383209944083	-1.895005704515778e-14	4.697401814574763e-15	1.345383209944083	4.909395649643554	165.84652257495776	166.15347742504227	0.2126273818846919	NaN	0.3610175860934187	0.49031448270125	864.1389444674709	0.0033559417945075217	-0.5813165318504321	-0.01048784652973751	0	86.15107557723306	-13.07375809182189	29.572876400846887	73.6406436473689	112.3066280076582	157.51164263147598	235.98114304119466	0.15737140596230928	1.0074786197907468	-4.172034385290192	1.0122267947045014	7.287631741303126	1.0950567919312642	-2.6327610145491964	1.0950567919312642	0.16238189786960971	1.0950567919312642	0.0019152355889519488	1.1682171104559393	NaN	NaN	800000009	800000009	800000009	800000009	800000019	800001019	899999999	899999999	89999	89999	89	89	18	25	9	16	13	0	1	NaN	0	0	4888	0	0	0	0	0	0	NaN	NaN	NaN	NaN	0	0	0	0	0	0	0	0	16007	0	0	0	18000	18000	18000	18000	100	NaN	0.6945609850274485	0.18565450139725742	0.1004134789777942	0.2482418607329392	11.698104041771796	0.035377579562339674	4.635470244297696e-8	NaN	-0.003405076120485366	-0.06283105375760512	0.0038752570772377423	0.000001915235588951949	NaN	424.8873286980295	3.692560402603499	97332.48579600695	11.340863478236729	-7.159561983439622	100.27597536320158	99.972821035809	100.57911514494157	-0.6063143839422203	0.0002640943792616274	-1	0	2.1097030804157257	67.18560097006339	1.0000365920513867	-273.1499938964844	9.000212773111132	-273.1499938964844	167
DATA	2026-03-29T090000_AIU-0547.ghg	2026-03-29	09:30:00	88.395	1	18000	18000	0.21060171362001165	1	NaN	37.532675240978755	1	NaN	6.336035939129866	1	NaN	0.3627913530307184	1	NaN	0.14143647395124123	1	NaN	0.000460818981117248	1	NaN	NaN	NaN	NaN	NaN	NaN	NaN	NaN	NaN	NaN	3.3029312983348265e-11	2.7598828087641757e-13	1.7576876720063544e-13	NaN	17.693204446038212	426.98940376848935	428.51829845142106	0.3	0	147.8419209239653	3.5678632358451727	3.580638464182382	0.1	1	0.09415614351036614	2.1255026040172407	2.1331132603969043	-0.1	0	NaN	NaN	NaN	NaN	9	277.8605631874932	279.11321669260667	96931.5760123698	1.2082481591710186	1007.1653591012748	0.023940055233252357	0.009165083512040432	0.002685578457739451	345.9313739922428	930.1082695241787	0.0022227043652870383	37.19259201611153	584.1768955319359	265.5644513420243	-1.7483488130030056	0.3249208789460636	-0.0154084028028122	1.7783516436242295	1.7886899593850592e-14	1.866779592361747e-15	1.7783516436242295	6.4049381151451295	162.52799195180722	169.47200804819278	-0.4964414654868821	NaN	0.4174965386725862	0.6338456906850225	-165.19789469506114	-0.01755470313561266	5.923684082848361	0.0738753786001587	0	86.87244124991973	-13.183228115698668	29.82049789292045	74.2572561746744	113.24700101771178	158.8305291489284	237.95707537692823	0.20867164180241318	1.0092493249246872	37.41451669131865	1.0133452926918491	5.812757477667138	1.0900224142282189	0.33282925955939147	1.0900224142282189	0.12975556475266073	1.0900224142282189	-0.011533233515070391	1.1490883046298035	NaN	NaN	800000009	800000009	800000009	800000009	800000009	800000109	899999999	899999999	89999	89999	89	89	19	26	1	3	10	5	0	NaN	0	0	0	0	0	0	0	0	0	NaN	NaN	NaN	NaN	0	0	0	0	0	0	0	0	13363	0	0	0	18000	18000	18000	18000	100	NaN	0.9200457627651645	0.2161268447753722	0.13151877382950838	0.07843745200782724	0.14327092797838004	0.009127640479384172	1.7686414337993086e-8	NaN	0.030745617318166493	0.007996488888788542	0.003117481116824652	-0.000011533233515070391	NaN	426.9894520990438	3.567851374570427	97352.07983875868	11.349140071233116	-7.5909878586795845	100.08861810429892	99.79434474521213	100.38288694847952	-0.5885478541519908	0.00026837216338673086	-1	0	2.1222094668613543	67.80610927768994	1.0000541178501314	-273.1499938964844	9.000303091155159	-273.1499938964844	148
DATA	2026-03-29T093000_AIU-0547.ghg	2026-03-29	10:00:00	88.416	1	18000	18000	0.218642320303105	1	NaN	57.31543367859108	1	NaN	7.526858651059291	1	NaN	0.4048103128414199	1	NaN	0.16810874636866022	1	NaN	0.0027082823404735753	1	NaN	NaN	NaN	NaN	NaN	NaN	NaN	NaN	NaN	NaN	-1.869781806420457e-12	-1.5703192436086882e-14	-9.978445970266087e-15	NaN	17.63915704228859	427.51639382200807	429.05690442342825	0.1	1	148.14085605832875	3.5904575489591988	3.6033953871288005	0.1	1	0.09413471395599601	2.1304820172914742	2.1381589863649433	-0.2	0	NaN	NaN	NaN	NaN	9	278.6005766788059	279.6752492557101	96938.54705338541	1.205896478289124	1007.1873877145628	0.023986536759535326	0.010893446764689181	0.0026973483829459384	348.14709978374515	966.9054484446359	0.002236799287093719	36.00632309433922	618.7583486608908	265.64693835143294	-2.047911279334084	0.2198418905482049	-0.028584755620350295	2.059875761573343	2.0149749475261176e-15	-1.0600176652080323e-16	2.059875761573343	6.151389028030717	158.12719870631003	173.87280129369	-0.7951151497081598	NaN	0.425806317288178	0.7238116378550701	-114.77523557953755	-0.02526677453857494	7.614788098953446	0.11082536667337714	0	87.57843473469208	-13.29036535075317	30.062842610326314	74.86072878695624	114.16733482827551	160.12131040416557	239.890900908414	0.21675993543162	1.0086841918813858	57.024815619863354	1.0133031647029114	6.889280301229634	1.0925464376468843	0.37052000619149544	1.0925464376468843	0.15386874239481405	1.0925464376468843	-0.01563769236226584	1.150476956674267	NaN	NaN	800000009	800000009	800000009	800000009	800000009	800000109	899999999	899999999	89999	89999	89	89	15	34	4	2	23	8	0	NaN	0	0	0	0	0	0	0	0	0	NaN	NaN	NaN	NaN	0	0	0	0	0	0	0	0	10499	0	0	0	18000	18000	18000	18000	100	NaN	0.9807405493076777	0.33281683155671565	0.13406589484574677	0.16016435457935554	0.1156055299724523	0.006183354466152578	2.9801744910367386e-8	NaN	0.04695086350875615	0.008919525516795385	0.003704081159165384	-0.00001563769236226584	NaN	427.5164103702715	3.590441182511559	97348.20575889757	11.369999885559082	-7.508583611342643	99.97689160431756	99.6800990348392	100.27367860900031	-0.593585580541026	0.000269394798482406	-1	0	2.1271586405171288	68.7918952370008	1.000074960950348	-273.1499938964844	9.000402166790433	-273.1499938964844	025
DATA	2026-03-29T100000_AIU-0547.ghg	2026-03-29	10:30:00	88.437	1	18000	18000	0.26920941608768273	1	NaN	69.30025687419895	1	NaN	14.499359421757118	1	NaN	0.8584406834079616	1	NaN	0.3240226705737483	1	NaN	-0.002956914844809816	1	NaN	NaN	NaN	NaN	NaN	NaN	NaN	NaN	NaN	NaN	-5.243523893973059e-11	-4.5223379156224673e-13	-2.8102021329489974e-13	NaN	17.62141553608186	428.00449757032374	429.5902761021378	0.1	1	151.97793929643	3.691374363038545	3.7050510936594274	0.1	1	0.09443980904138942	2.1433446501104463	2.151285851550427	-0.2	0	NaN	NaN	NaN	NaN	9	279.3098228496976	280.2786518707275	96954.34479882813	1.2034504541009272	1007.2527278705293	0.024034371192835847	0.020996669053178887	0.002767643331625911	357.9907842624455	1007.8359674632106	0.002299756772033926	35.52073907061799	649.8451832007652	266.0078469794291	-1.904281666351072	0.04761189265938007	0.0041898437322704105	1.9048813905106756	2.5106504463889433e-14	-2.9756541880737935e-15	1.9048813905106756	7.006438175632788	153.43224204926594	178.56775795073384	0.12602388654784158	NaN	0.47296719101434753	0.967480478230798	-130.10793505946086	-0.02228918627195694	4.7795392098639855	0.1208751877282413	0	90.45654377107724	-13.727129500840345	31.050804307042167	77.32089310303267	117.91924063733319	165.3834116484746	247.77448745278033	0.2668170912603685	1.0089661603610682	69.23946738969383	1.0133032207784145	13.288624473110447	1.0911106300803814	0.786758610668765	1.0911106300803814	0.2969659186162248	1.0911106300803814	-0.025119390083922482	1.1496634552873457	NaN	NaN	800000009	800000009	800000009	800000009	800000009	801000119	899999999	899999999	89999	89999	89	89	6	8	3	3	1	4	0	NaN	0	0	0	0	0	0	0	0	0	NaN	NaN	NaN	NaN	0	0	0	0	0	0	0	0	8058	0	0	0	18000	18000	18000	18000	100	NaN	1.179970532038051	0.6024274616881349	0.15256296273541012	0.24604511765948017	0.14434094241407178	0.010067228526235823	1.0383105067930027e-7	NaN	0.057119849059062956	0.01897932708219193	0.007163840630724073	-0.00002511939008392248	NaN	428.0044527365914	3.6913640088813597	97361.96750390626	11.363619739532473	-7.149886152240985	99.92645825449625	99.62376952404446	100.22912291208904	-0.605376062234243	0.000270205014223595	-1	0	2.139905300974846	69.45257565910907	1.0000790222336848	-273.1499938964844	9.000434092230266	-273.1499938964844	216
DATA	2026-03-29T103000_AIU-0547.ghg	2026-03-29	11:00:00	88.458	1	18000	18000	0.26137499276905074	1	NaN	70.64853792617085	1	NaN	9.674278528972835	1	NaN	0.4765984289772694	1	NaN	0.21640311145263746	1	NaN	0.004365400348222406	1	NaN	NaN	NaN	NaN	NaN	NaN	NaN	NaN	NaN	NaN	-2.3570149499037974e-11	-2.059303716520754e-13	-1.257646593709153e-13	NaN	17.54202051007318	427.3720120255483	428.9737625456935	0.1	1	153.26312645217385	3.733912560618613	3.747906917333273	0.1	1	0.09360001022551888	2.134102190091728	2.142100606452269	-0.2	0	NaN	NaN	NaN	NaN	9	280.2732496643067	281.28743625725645	96953.83567296006	1.1991088940529	1007.2941812695461	0.024121002834084474	0.014022921622130907	0.002789482094008238	362.11425208624985	1079.686241879606	0.0023262958917600832	33.538841011426776	717.5719897933562	266.1564128856155	-1.9072024899707374	0.3324075119017797	-0.0030241528856948326	1.935955897540036	-3.284605117042725e-15	-1.343639376404973e-15	1.935955897540036	6.83659976887188	161.88680424932528	170.1131957506747	-0.08950166046697275	NaN	0.4668772420890671	0.8419115801168167	-122.76081621085136	-0.02362317300838911	7.302719031149493	0.12528109029219378	0	87.61978664629335	-13.296640662875358	30.077037383433083	74.89607577903921	114.2212412214632	160.19691488708844	240.00417020077307	0.25906817878194527	1.008904273762804	70.3191952943692	1.0132989879489929	8.864162465403693	1.0913922851404152	0.4366884716579719	1.0913922851404152	0.1982816943082896	1.0913922851404152	-0.018363001464848212	1.1498172572053147	NaN	NaN	800000009	800000009	800000009	800000009	800000009	800000119	899999999	899999999	89999	89999	89	89	12	20	3	0	8	15	0	NaN	0	0	0	0	0	0	0	0	0	NaN	NaN	NaN	NaN	0	0	0	0	0	0	0	0	9135	0	0	0	18000	18000	18000	18000	100	NaN	1.2375279398370602	0.28530963579311697	0.1609855846034561	0.22970942241510597	0.1602262624630472	0.006474815310487714	1.1232297267937418e-7	NaN	0.05821822265638079	0.010572852559029974	0.004800683450874717	-0.00001836300146484821	NaN	427.3719408599142	3.7338937893662996	97361.03888585069	11.359999656677246	-6.999701416903078	99.86980302174888	99.57101230218674	100.16856964662341	-0.597576542331113	0.0002704923894877235	-1	0	2.13065109231737	70.02902736000647	1.0001195506552856	-273.1499938964844	9.000690282212364	-273.1499938964844	056
DATA	2026-03-29T110000_AIU-0547.ghg	2026-03-29	11:30:00	88.479	1	18000	18000	0.3014403397767283	0	NaN	67.53158719024255	0	NaN	15.429030860429657	0	NaN	0.82964293719533	1	NaN	0.34552520362906275	0	NaN	0.008685811418044694	1	NaN	NaN	NaN	NaN	NaN	NaN	NaN	NaN	NaN	NaN	-3.200145875028067e-11	-2.7834337694322935e-13	-1.714219643420474e-13	NaN	17.382411584045425	425.30187395403095	426.88099431061596	0.3	0	151.1893310075397	3.699205112504767	3.712940039280497	0.1	1	0.09311222847655007	2.1345538297469666	2.142479300127434	-0.2	0	NaN	NaN	NaN	NaN	9	281.753492529975	282.48266230434854	96930.5367751736	1.1937640375954146	1007.2980442858254	0.024229318567024385	0.022390033195163264	0.0027511990106149986	358.66211871347406	1170.6319137605942	0.002304642227417663	30.63833426181682	811.9697950471202	266.0321380754891	-2.0260247939424088	0.21281231522040883	0.008935904380038578	2.0371905648627378	9.504669821425035e-15	-1.8410252567977074e-15	2.0371905648627378	7.540191847297782	157.99632260134692	174.00367739865308	0.2513222168639283	NaN	0.5025062173945279	1.033639310855738	-160.1050537695666	-0.018113107186321954	4.376916982092418	0.11176067990931705	0	85.04302438282619	-12.90560704818178	29.192518282292365	72.69349815204417	110.86217136599814	155.4857716532973	232.946019153857	0.29883406447981586	1.0087214799338529	67.54964874483649	1.013299991732574	14.124891434866083	1.092329164551624	0.7595173360915245	1.092329164551624	0.3163196725328605	1.092329164551624	-0.013774631415818887	1.1503512766210666	NaN	NaN	800000009	800000009	800000009	800000009	800000009	800001109	899999999	899999999	89999	89999	89	89	14	33	2	2	8	8	0	NaN	0	0	0	0	0	0	0	0	0	NaN	NaN	NaN	NaN	0	0	0	0	0	0	0	0	9898	0	0	0	18000	18000	18000	18000	100	NaN	1.3667718282537278	0.49956364835055156	0.2009431451071967	0.3071195357368884	0.33267958952432697	0.010079159730048423	4.562535898144776e-7	NaN	0.05617545681601987	0.018470933593522698	0.007692674528992242	-0.000013774631415818887	NaN	425.30177308570245	3.6991657792968824	97337.21415451389	11.359999656677246	-7.125542871501718	99.78590182156032	99.49124742507937	100.08054509184095	-0.5893119759013257	0.0002717956767947828	-1	0	2.1311239886151405	70.62257000355187	1.000132863206996	-273.1499938964844	9.00078930899832	-273.1499938964844	141
DATA	2026-03-29T113000_AIU-0547.ghg	2026-03-29	12:00:00	88.499	1	18000	18000	0.3736113376639152	0	NaN	66.0204527403209	0	NaN	19.363747635388407	0	NaN	0.3648422371060704	0	NaN	0.434090163306425	0	NaN	0.008654313419701725	1	NaN	NaN	NaN	NaN	NaN	NaN	NaN	NaN	NaN	NaN	1.0584078917680502e-10	8.969055504987275e-13	5.649108683403753e-13	NaN	17.19283065149298	422.5624741794616	424.0810393142572	0.2	0	145.69378554376908	3.5808371372866876	3.5937056118019033	0.7	0	0.0917644035735553	2.1139687789573847	2.1215657604214977	-0.2	0	NaN	NaN	NaN	NaN	9	282.9675663019816	283.5641586914063	96891.70347981769	1.1887879410553797	1007.2552845698648	0.024331829565277737	0.02812904258225634	0.0026519455163198456	347.04647669496075	1258.6723476185898	0.0022307977938988066	27.572424018973106	911.625870923629	265.6060229111766	-2.1433101451551964	0.2591127374585861	0.02993191638570381	2.1591233657799505	3.377100172895922e-15	6.15610025610379e-15	2.1591233657799505	7.222736916662274	158.89324756644217	173.1067524335578	0.7943165475823378	NaN	0.5606061115115265	1.2844610202800375	-227.3314065467141	-0.012756706361221944	3.4094873566553088	0.09835053453626623	0	84.00555565668682	-12.748167166410168	28.836388841048663	71.80668548899821	109.50972610033618	153.58894793823526	230.10423158215823	0.37044957720147165	1.0085349279821798	66.26728664598664	1.0133284888881366	17.707872648301095	1.0935106672594113	0.3336430526283285	1.0935106672594113	0.39696929925188074	1.0935106672594113	-0.013361303265020026	1.1510532524440427	NaN	NaN	800000009	800000009	800000009	800000009	800000009	800001109	899999999	899999999	89999	89999	89	89	8	18	2	1	25	19	0	NaN	0	0	0	0	0	0	0	0	0	NaN	NaN	NaN	NaN	0	0	0	0	0	0	0	0	9541	0	0	0	18000	18000	18000	18000	100	NaN	1.6975124261586856	0.6135206894790465	0.25788892492234294	0.263042347527098	0.08008751139163059	0.008679337000952891	2.108829774780203e-7	NaN	0.055342050065910926	0.008147327972449837	0.00969371024069107	-0.000013361303265020026	NaN	422.5625767915791	3.5808097814722553	97295.86041406248	11.363046393076578	-7.551592918713894	99.70382047102187	99.40669375462002	100.0009410112169	-0.5942635619060863	0.000272940832238722	-1	0	2.1107040843301332	70.59116806281055	1.0000834799408913	-326.08162111918773	9.000662173430126	-273.1499938964844	147
DATA	2026-03-29T120000_AIU-0547.ghg	2026-03-29	12:30:00	88.52	1	18000	18000	0.46943387537265996	1	NaN	93.27461506700698	1	NaN	23.879482781740226	1	NaN	0.060684514103804925	2	NaN	0.5356251798514245	1	NaN	0.00016570947338053445	1	NaN	NaN	NaN	NaN	NaN	NaN	NaN	NaN	NaN	NaN	1.8642232601791967e-11	1.5711436915716537e-13	9.93973300003556e-14	NaN	17.132240525423892	422.46943417213225	423.97901941850444	0	0	144.38834767795242	3.5605187455797993	3.5732413383474664	0.6	0	0.09134629963727278	2.110022886063577	2.117562507064919	-0.2	0	NaN	NaN	NaN	NaN	9	283.7994092915852	284.1545211594465	96850.1290492701	1.1858181983717682	1007.2562016856525	0.02439295344374601	0.03470851165437231	0.002630290302592091	344.9291987861251	1309.149413769537	0.002218122732644607	26.34758073892752	964.2202149834119	265.52698795774046	-2.6864606945969993	0.17714831804762735	0.0005397969418484012	2.692295095561121	-1.116094540818498e-14	1.0881374548838067e-15	2.692295095561121	8.922682614155855	155.7726879605848	176.22731203941512	0.011487628833922299	NaN	0.6291847061359361	1.544688726168468	-227.4081976759874	-0.012752398680596105	3.9060567567372395	0.12411585028912281	0	89.74698974889978	-13.619451940497978	30.807237372363954	76.71437699692922	116.99426530665862	164.08612059528573	245.8309090577224	0.4656894537788006	1.0080405977921028	93.39807506698652	1.0137195163874329	21.72473024705126	1.0991843171438886	0.05520867897886959	1.0991843171438886	0.4872933242380936	1.0991843171438886	-0.029572700829464872	1.1547261874264851	NaN	NaN	800000009	800000009	800000009	800000019	800000019	800000119	899999999	899999999	89999	89999	89	89	12	7	3	2	3	15	0	NaN	0	0	0	0	0	0	0	0	0	NaN	NaN	NaN	NaN	0	1	0	0	0	0	0	0	9164	0	0	0	18000	18000	18000	18000	100	NaN	2.138614336947325	0.6754076846633854	0.2753554307262255	0.25107585998844517	0.03559877089165308	0.010944942887062995	5.9399273377838745e-8	NaN	0.0781951585301471	0.0013515161253159077	0.0119290082220341	-0.000029572700829464873	NaN	422.4693349307031	3.560493730320802	97244.73372005209	11.369999885559082	-7.632799789388979	99.6465935397678	99.3500991783142	99.94308471955192	-0.5929825867000557	0.00027441835373368434	-1	0	2.1068051146732443	70.15631845304702	1.0001392355296348	-273.1499938964844	9.000841299772263	-273.1499938964844	223
DATA	2026-03-29T123000_AIU-0547.ghg	2026-03-29	13:00:00	88.541	1	18000	18000	0.4360825940244575	0	NaN	64.85260957750396	0	NaN	19.574425226544655	0	NaN	0.24794711140438747	1	NaN	0.4392695796160781	0	NaN	0.0013984965530353581	0	NaN	NaN	NaN	NaN	NaN	NaN	NaN	NaN	NaN	NaN	1.4527377668668137e-11	1.204907680434741e-13	7.749076099183968e-14	NaN	17.05392035832349	421.72185663642756	423.2021251292059	0.3	0	141.44603444559746	3.4977813316187842	3.5100587495859714	0.6	0	0.090967640313427	2.106028080444954	2.113420362735594	-0.2	0	NaN	NaN	NaN	NaN	9	284.4469795710245	284.64965964508053	96800.23558246528	1.183173787675843	1007.2324463171869	0.024448052797072836	0.028464668759121858	0.002578120278080562	338.6768790421873	1352.849743162818	0.002178986979710622	25.034330734350217	1014.1728641206307	265.29105327953	-2.7084045499079257	0.1393948327846755	0.019501648603679724	2.7120594461897545	-2.4963338008518224e-15	8.518497426650508e-16	2.7120594461897545	8.778074071166863	154.946271360654	177.05372863934602	0.41200121533462586	NaN	0.6070998231944743	1.5211602357448437	-293.7164431379462	-0.009873468332305768	3.313129699949405	0.08963736939933298	0	85.77095594819187	-13.016073471603974	29.442393632850642	73.3157231056573	111.81110368029368	156.816662716651	234.93993648686535	0.4326087598265125	1.0080299673065753	65.09794833947511	1.013740611936251	17.80455240709321	1.099405633962825	0.22552832525576402	1.099405633962825	0.39955187243558493	1.099405633962825	-0.019531242961581846	1.1548777329240625	NaN	NaN	800000009	800000009	800000009	800000009	800000009	800000109	899999999	899999999	89999	89999	89	89	8	18	2	5	2	19	0	NaN	0	0	0	0	0	0	0	0	0	NaN	NaN	NaN	NaN	0	0	0	0	0	0	0	0	9325	0	0	0	18000	18000	18000	18000	100	NaN	2.007112596629788	0.748092371028339	0.2871155038315607	0.2562751117812921	0.08633581878444199	0.008827273331206809	7.239863179890222e-8	NaN	0.05462469867642091	0.00553308712331372	0.009802561686928142	-0.000019531242961581846	NaN	421.7218185995409	3.497769554310324	97198.20023328994	11.382760177612303	-7.867532051192402	99.55541215748256	99.25688663758172	99.85393832567004	-0.597048909768462	0.00027492455927292914	-1	0	2.1028685345180294	69.91779331740625	1.0001365084250768	-273.1499938964844	9.000855822139316	-273.1499938964844	038
DATA	2026-03-29T130000_AIU-0547.ghg	2026-03-29	13:30:00	88.562	1	18000	18000	0.5282096736139785	0	NaN	93.75169452043208	0	NaN	26.478482028594044	0	NaN	0.09653619905670684	2	NaN	0.5946860261819948	0	NaN	-0.0029457935105321226	0	NaN	NaN	NaN	NaN	NaN	NaN	NaN	NaN	NaN	NaN	1.7992858137337909e-10	1.4841407913551355e-12	9.571092103977993e-13	NaN	16.982120273598056	421.7473034268699	423.21959228295196	0.2	0	140.07700849618817	3.4787823695499744	3.4909265432620686	0.6	0	0.0903344182557351	2.099510282812022	2.106839518986142	-0.2	0	NaN	NaN	NaN	NaN	9	285.1599172007243	285.4963062625461	96737.81484157985	1.1789128398620816	1007.239879129568	0.02453659196410317	0.03853565449659326	0.0025548641581961866	336.6200752973385	1430.553055875396	0.002167135747283128	23.530764826569197	1093.9329805780576	265.21259147786367	-2.4648256520733587	0.3505502619052942	0.056513438968455405	2.4902700154852417	2.365811232515377e-14	1.0595177661832509e-14	2.4902700154852417	8.653878133775654	160.09438651472942	171.90561348527058	1.3003648246406343	NaN	0.6693639617378492	1.8479546991172637	-272.2009011430658	-0.010653895662438649	3.5406748173550837	0.11795115277461465	0	85.86477870140854	-13.030311436375102	29.474599947929978	73.39592138396492	111.93341111492012	156.98820063276347	235.19693154350273	0.5239257590669749	1.0081765679065533	94.03530171909756	1.0135279744323622	24.138157275629847	1.0969554024460273	0.08800375916965014	1.0969554024460273	0.5421241600669857	1.0969554024460273	-0.03260876009360286	1.1532346686729535	NaN	NaN	800000009	800000009	800000009	800000009	800000009	801000109	899999999	899999999	89999	89999	89	89	8	35	3	1	3	14	0	NaN	0	0	0	0	0	0	0	0	0	NaN	NaN	NaN	NaN	0	0	0	0	0	0	0	0	7100	0	0	0	18000	18000	18000	18000	100	NaN	2.26325945960077	1.084573943629784	0.34807599500397307	0.2762501044294037	0.06367142840386207	0.008472595015945054	7.455122138205234e-8	NaN	0.07919108848070437	0.002166852359830497	0.013348327692431052	-0.00003260876009360286	NaN	421.74722903815564	3.4787574374995054	97138.84108289931	11.390000343322754	-7.945521851831009	99.4375775879754	99.13820090357464	99.73695530976187	-0.5987547175006733	0.0002760344634815637	-1	0	2.096384202400843	70.28323300817274	1.0001507880008882	-273.1499938964844	9.00094272965855	-273.1499938964844	054
DATA	2026-03-29T133000_AIU-0547.ghg	2026-03-29	14:00:00	88.583	1	18000	18000	0.5459305710156761	0	NaN	90.15208492573873	0	NaN	26.342640171223486	0	NaN	0.43763753192542665	0	NaN	0.5919734221201192	0	NaN	0.0026377562938672793	0	NaN	NaN	NaN	NaN	NaN	NaN	NaN	NaN	NaN	NaN	-1.1991571595856127e-10	-9.547060965231531e-13	-6.376685813054542e-13	NaN	16.912854476717566	421.6681669261094	423.0885178113329	0.1	1	134.6512852753257	3.357100997614134	3.36840908712088	0.7	0	0.08993646774140049	2.095886589037415	2.1029463924695033	-0.2	0	NaN	NaN	NaN	NaN	9	285.72046921793617	286.09210472785105	96694.76922591144	1.1759883926963834	1007.1868925109001	0.024598742804279476	0.03835987775338372	0.002459270438934552	324.7011805300498	1487.5611019767823	0.0020912370004739374	21.827754174168888	1162.8599214467326	264.7493376755827	-2.728083321933189	0.323608257901122	0.02206678386365483	2.7472982835764133	-1.2440228692685895e-14	-7.0902115384270975e-15	2.7472982835764133	10.718460255230971	158.7648774048246	173.2351225951754	0.4602147446801751	NaN	0.6813451827588852	1.9736625848122598	-298.44661028650495	-0.009716980860382488	3.4222873766548365	0.11171088306022561	0	85.07854735987276	-12.910997796997119	29.204712170790557	72.7238626585399	110.90847915428937	155.55071898481086	233.04332209141765	0.5415911743904961	1.0080123104481227	90.44672671740797	1.0137791885677703	23.952069659055017	1.0998064278451494	0.39792232600684996	1.0998064278451494	0.5382523752656844	1.0998064278451494	-0.026306321358913583	1.1551501599540706	NaN	NaN	800000009	800000009	800000009	800000009	800000009	800000109	899999999	899999999	89999	89999	89	89	16	35	4	2	4	17	0	NaN	0	0	0	0	0	0	0	0	0	NaN	NaN	NaN	NaN	0	0	0	0	0	0	0	0	6566	0	0	0	18000	18000	18000	18000	100	NaN	2.7722564124638343	0.806030600769597	0.36903815639108845	0.26768388734146975	0.05052391169105625	0.01681052244062387	4.925829146368949e-8	NaN	0.07636243243473609	0.00982136912582312	0.013284942600190648	-0.000026306321358913582	NaN	421.6681070446975	3.3570511288092444	97082.23288498263	11.360864676475526	-8.414830893635735	99.35899537425571	99.06278401692708	99.6552093978458	-0.5924191812458968	0.00027698721424611805	-1	0	2.092883541067441	69.79785748089682	1.000159751911958	-273.1499938964844	9.001046713378694	-273.1499938964844	176
DATA	2026-03-29T140000_AIU-0547.ghg	2026-03-29	14:30:00	88.604	1	18000	18000	0.5773382357491221	1	NaN	68.22065093338347	1	NaN	24.709716098875646	1	NaN	0.4968229619305532	1	NaN	0.5553445668462937	1	NaN	0.004008626237929866	1	NaN	NaN	NaN	NaN	NaN	NaN	NaN	NaN	NaN	NaN	-6.579247181690099e-11	-5.135335543251283e-13	-3.505363906646039e-13	NaN	16.909437153569524	421.607362172203	422.99936630712745	0.1	1	131.98414838822447	3.290794846992134	3.3016599324844744	0.6	0	0.0900919649968155	2.100716241943692	2.1076520925892366	-0.2	0	NaN	NaN	NaN	NaN	9	285.8370089501275	286.21652735731334	96640.31779275174	1.1748447227238337	1007.1537838141347	0.024623306946815308	0.03598632793163983	0.002408292447757819	318.1087662306071	1499.7152238537717	0.0020498814874652395	21.211278059388693	1181.6064576231647	264.4865709193357	-2.8943869742494037	0.2989498742573667	0.022511235619858794	2.909871773764602	1.2487631191792918e-14	-3.890872961611997e-15	2.909871773764602	10.163076685132305	157.8969460187344	174.10305398126556	0.4432537783864113	NaN	0.7010111490812595	1.9376384753965428	-429.36014779821966	-0.006754236542146134	2.7608836402813903	0.08224597903049118	0	89.96211413316018	-13.65209789576468	30.881082612065438	76.89826208501472	117.2747016684409	164.4794365801171	246.42016807455607	0.5727858885007028	1.0079477294043249	68.68607768537419	1.0139721415839316	22.429292601674078	1.101671663823734	0.45097189865640785	1.101671663823734	0.504092630392959	1.101671663823734	-0.018405104344210447	1.1564427517459182	NaN	NaN	800000009	800000009	800000009	800000009	800000009	800000109	899999999	899999999	89999	89999	89	89	7	21	1	5	13	16	0	NaN	0	0	0	0	0	0	0	0	0	NaN	NaN	NaN	NaN	0	0	0	0	0	0	0	0	11000	0	0	0	18000	18000	18000	18000	100	NaN	2.6612799136713634	0.8742248890449272	0.3397721480767948	0.19840082658854322	0.05767965317974795	0.008645163073187169	3.136031448686366e-8	NaN	0.05804869457994891	0.01114109236883693	0.01245342021174767	-0.000018405104344210448	NaN	421.60723878733415	3.290769595582841	97037.78204275173	11.369139865875246	-8.672433723237793	99.37190989473132	99.07404388300579	99.66977258767022	-0.5957274635235469	0.0002774797445033781	-1	0	2.097768793523312	70.22576221914646	1.0001674514959256	-273.1499938964844	9.001066465086407	-273.1499938964844	082
DATA	2026-03-29T143000_AIU-0547.ghg	2026-03-29	15:00:00	88.624	1	18000	18000	0.5362383732797185	0	NaN	86.85664121806671	0	NaN	21.12380067078493	0	NaN	0.47288684991597846	0	NaN	0.4749314035853848	0	NaN	0.004993205581507294	0	NaN	NaN	NaN	NaN	NaN	NaN	NaN	NaN	NaN	NaN	-4.1521020992458805e-11	-3.2130354770858705e-13	-2.2121702600218989e-13	NaN	16.876371496302145	421.7957890603123	423.1770375953978	0.1	1	130.59500716985733	3.263996891074418	3.2746854542162263	0.5	0	0.08991447278712511	2.100399777055823	2.1072779256537864	-0.2	0	NaN	NaN	NaN	NaN	9	286.2152219314575	286.6100088416205	96580.89188888887	1.1725222547410694	1007.1478708528688	0.024672329763226905	0.030775554952332935	0.0023839347783277216	315.3242905832448	1538.728618350884	0.0020331680432403997	20.492521346694016	1223.4043277676392	264.37412658960966	-3.1712680635228865	0.15799708129596204	0.01682090075882024	3.175245998520481	-2.172475656751514e-14	-2.460304989230455e-15	3.175245998520481	9.884674597499803	154.85219882806098	177.147801171939	0.3035264446887082	NaN	0.6762673140443741	1.9210585455238023	-302.6398381286046	-0.009582347181826293	4.111790419334573	0.1087602758320548	0	86.28968776002374	-13.094793025329599	29.62045747771511	73.75912725642056	112.48732298732851	157.76506990970563	236.3608232844791	0.5320378322939684	1.0078951922791632	86.85817004966196	1.014333495061021	19.120071974632992	1.1047971314548568	0.4280304831107367	1.1047971314548568	0.42988109768167965	1.1047971314548568	-0.022854019024915816	1.158663863274401	NaN	NaN	800000009	800000009	800000009	800000009	800000009	800000009	899999999	899999999	89999	89999	89	89	5	19	3	5	28	19	0	NaN	0	0	0	0	0	0	0	0	0	NaN	NaN	NaN	NaN	0	0	0	0	0	0	0	0	10442	0	0	0	18000	18000	18000	18000	100	NaN	2.5689153591898246	0.9222667929362388	0.35093493892154115	0.20876320884680413	0.05293013058508015	0.006670766003360667	4.241563530997003e-8	NaN	0.07355231424062385	0.010595100880713056	0.010640909412684797	-0.000022854019024915817	NaN	421.79577583649126	3.263924822339616	96977.18056467015	11.390000343322754	-8.783964505195613	99.33306585735745	99.03566239229838	99.63046696811253	-0.5948081249627803	0.00027802514248307693	-1	0	2.0974756432837913	70.28114580595934	1.0001757515569527	-273.14999389648534	9.001132433546914	-273.1499938964844	167
DATA	2026-03-29T150000_AIU-0547.ghg	2026-03-29	15:30:00	88.645	1	18000	18000	0.5441366286220276	0	NaN	83.57051044264718	0	NaN	27.043816604853177	0	NaN	0.7548516620175517	0	NaN	0.6081332006162903	0	NaN	0.0034137739009475775	0	NaN	NaN	NaN	NaN	NaN	NaN	NaN	NaN	NaN	NaN	4.772333217897923e-11	3.6623249683710865e-13	2.5339274660944353e-13	NaN	16.87152606352345	422.10605458587924	423.4778153085531	0.1	1	129.4733798663409	3.23927410854893	3.2498011051267004	0.5	0	0.0895813878355311	2.0943173894078626	2.1011235043744465	-0.2	0	NaN	NaN	NaN	NaN	9	286.3771168518066	286.7824258711073	96526.62137282986	1.1711698173908018	1007.1383045161848	0.024701051945898906	0.03940703139993561	0.0023631269050416164	312.7600574754973	1556.1027688661904	0.0020177491512770743	20.09893329239308	1243.3427113906932	264.26979194214675	-2.7435816060224205	0.37249250789745936	0.025526501954621736	2.768870220802367	2.1418892376373142e-14	2.828631624625703e-15	2.768870220802367	9.185560110451497	159.73169829610026	172.26830170389977	0.5282232208528552	NaN	0.6816226995686284	1.7101996258117702	-321.9427603125036	-0.009007812435928133	3.0901892164011326	0.10394414338052746	0	88.90419514357542	-13.49155460761761	30.517933257150514	75.99396884435804	115.8955974189644	162.5452232611999	243.5223640630044	0.5398169734670452	1.0080020736051312	83.98442615971405	1.0138034040907233	24.5841993593443	1.1000487024025858	0.6861984022788274	1.1000487024025858	0.5528238879679449	1.1000487024025858	-0.023676448942014098	1.1553182586346569	NaN	NaN	800000009	800000009	800000009	800000009	800000009	800000109	899999999	899999999	89999	89999	89	89	11	33	5	2	23	23	0	NaN	0	0	0	0	0	0	0	0	0	NaN	NaN	NaN	NaN	0	0	0	0	0	0	0	0	10929	0	0	0	18000	18000	18000	18000	100	NaN	2.3691506159547444	0.7203694019878975	0.3308792336808986	0.15699028251796326	0.2255679138385254	0.008948579320106608	3.5873340481154514e-8	NaN	0.07120160342304924	0.017004920754994192	0.013699720627654321	-0.000023676448942014096	NaN	422.1059474363294	3.239209032224332	96913.14948307292	11.383620197296144	-8.890800355950985	99.319601547877	99.02116406801011	99.61803666729398	-0.5968780981500945	0.0002781250567447083	-1	0	2.0914288206564056	69.55086430161086	1.000126562565565	-273.1499938964844	9.000859023120668	-273.1499938964844	148
DATA	2026-03-29T153000_AIU-0547.ghg	2026-03-29	16:00:00	88.666	1	18000	18000	0.4916672827921405	0	NaN	57.270587487443656	0	NaN	23.278197705717275	0	NaN	0.4911274766402421	1	NaN	0.5234771638569158	0	NaN	0.0030273324595281037	0	NaN	NaN	NaN	NaN	NaN	NaN	NaN	NaN	NaN	NaN	-1.0400355624333262e-11	-7.726830845869153e-14	-5.523102881048198e-14	NaN	16.886634259181683	422.09627877197767	423.42410216010137	0.1	1	125.45740856348893	3.1359182940929338	3.1457832132205223	0.6	0	0.08967637424808982	2.0969221744888236	2.1035186370647603	-0.2	0	NaN	NaN	NaN	NaN	9	286.40170098707415	286.8247586263021	96475.82431944445	1.1704265238746825	1007.0834793913644	0.02471770580910656	0.03392132021792814	0.002286185015073552	302.62145565451385	1560.3948289615382	0.0019532922130858455	19.39390275062063	1257.7733733070245	263.8496679586618	-2.867663529213658	0.20734593730733458	0.038409647956258106	2.875406363552159	1.4665588849294553e-14	-6.158927507225622e-16	2.875406363552159	9.420166732638323	156.13556498743813	175.86443501256178	0.7653791830107238	NaN	0.6481321688072147	1.527401867990617	-403.72793734728066	-0.007183055052010097	2.460267251419453	0.0749649807891238	0	85.98912619039147	-13.049181647563946	29.517284417018832	73.50221174729798	112.09551062552198	157.2155475012218	235.53753858047685	0.487784899702162	1.0079592113088147	57.801385428126984	1.0139292831919373	21.137560966787312	1.1012717002824246	0.4459639492364063	1.1012717002824246	0.4753387957964128	1.1012717002824246	-0.015912181377537173	1.156163892125662	NaN	NaN	800000009	800000009	800000009	800000009	800000009	800000109	899999999	899999999	89999	89999	89	89	16	24	5	3	15	19	0	NaN	0	0	0	0	0	0	0	0	0	NaN	NaN	NaN	NaN	0	0	0	0	0	0	0	0	15721	0	0	0	18000	18000	18000	18000	100	NaN	2.0083806749322846	0.7212568778984358	0.32516618315051393	0.14054922213445975	0.2891582052285633	0.007920567678600157	3.424476315584387e-8	NaN	0.04903753389004419	0.01105789164503946	0.01178625516165641	-0.000015912181377537172	NaN	422.0959942432648	3.135863574727499	96869.9685030382	11.380000114440918	-9.309627688672785	99.35530325677658	99.05628112708197	99.65432779290941	-0.5980506543633005	0.00027749607714940797	-1	0	2.0941223082674876	69.67384942648147	1.0001474910759263	-273.1499938964844	9.0009543314245	-273.1499938964844	018
DATA	2026-03-29T160000_AIU-0547.ghg	2026-03-29	16:30:00	88.687	1	18000	18000	0.47383137517899465	0	NaN	74.71145075582172	0	NaN	34.99325118642786	0	NaN	0.5447699676789596	0	NaN	0.787805047006797	0	NaN	0.0029311292749640105	0	NaN	NaN	NaN	NaN	NaN	NaN	NaN	NaN	NaN	NaN	1.7489347543358437e-11	1.245919355380883e-13	9.27836654650614e-14	NaN	16.771378999602263	421.5457358467112	422.81546733940974	0	0	119.47721697581613	3.0030393653486698	3.0120847744982555	0.6	0	0.08897473245523008	2.0915245011413734	2.0978243502467513	-0.2	0	NaN	NaN	NaN	NaN	9	287.31524128892687	287.98948919423424	96437.55954600693	1.1652891817305036	1007.0378684775426	0.024827926219126342	0.051049767046040445	0.0021795928428806908	289.6834713016137	1682.6391794622093	0.001870430857037481	17.216018433268612	1392.9557081605956	263.29495676467604	-2.244243560594468	0.33239899094818304	0.03709312956048859	2.2690293406462656	2.9292477971352866e-14	1.0428091538431754e-15	2.2690293406462656	10.167954749181979	160.4249320802243	171.5750679197757	0.9366888330484646	NaN	0.6376686263454355	1.6064763196161354	-294.650277036209	-0.009842176390160409	2.135024561101615	0.09984184621237323	0	85.65801627165524	-12.99893443996548	29.403625096618324	73.21918396882403	111.66387540536944	156.6101729676797	234.63057721554756	0.46988703110825336	1.0083942390609044	75.71124312708906	1.013376556859267	31.96859765639786	1.094613269012902	0.4976825908297467	1.094613269012902	0.7197108506799137	1.094613269012902	-0.021973884600144135	1.1517360811866155	NaN	NaN	800000009	800000009	800000009	800000009	800000109	800100109	899999999	899999999	89999	89999	89	89	20	23	8	7	18	19	0	NaN	0	0	0	0	0	0	0	0	0	NaN	NaN	NaN	NaN	0	0	0	0	0	0	0	0	11466	0	0	0	18000	18000	18000	18000	100	NaN	2.161075368289606	0.7340749046363249	0.3178023663063399	0.1406969705193749	0.03422391266877373	0.019507810190122814	3.1484738733559546e-8	NaN	0.0645179946957451	0.012393655263807118	0.017922765106323804	-0.000021973884600144134	NaN	421.5457472857107	3.0030061501760628	96831.5986937934	11.360576336542767	-9.871339887301202	99.2224923809899	98.92125408426921	99.52373141818575	-0.6024754326906475	0.0002794224416817694	-1	0	2.088860156774521	69.44388201798333	1.0001685109304057	-273.1499938964844	9.001082927041583	-273.1499938964844	246
DATA	2026-03-29T163000_AIU-0547.ghg	2026-03-29	17:00:00	88.708	1	18000	18000	0.4638400438457269	0	NaN	59.55695274606405	0	NaN	37.36073725343276	0	NaN	0.17433420636522579	2	NaN	0.841269061340203	0	NaN	0.002434810461222508	0	NaN	NaN	NaN	NaN	NaN	NaN	NaN	NaN	NaN	NaN	-1.3615469904423652e-11	-9.435121846621734e-14	-7.218155096898129e-14	NaN	16.75415359116291	421.71735497103043	422.9533845308165	0.1	1	116.10137709479858	2.9223777489265674	2.930943071742799	0.8	0	0.08882108365497932	2.089812396137954	2.095937517301657	-0.1	0	NaN	NaN	NaN	NaN	9	287.4381461639404	288.19306788550483	96414.29829166667	1.1642206982806713	1006.9990336998067	0.024851471294763162	0.054514235174845146	0.002119039444921877	281.8345788750229	1704.8477578255633	0.0018201355190225431	16.53136343590509	1423.0131789505404	262.9475902612244	-2.132249374200746	0.39264670938363444	0.09481224749661488	2.1701723881859447	4.062113869930782e-14	-8.126623544626702e-16	2.1701723881859447	8.017522790282177	162.4339389657762	169.56606103422376	2.5039813761459073	NaN	0.6311992314984133	1.349261197185146	-358.4243434645981	-0.008090968297432163	1.594105393104679	0.08048253319202539	0	84.79064975261049	-12.867308224378993	29.105886238570662	72.47777211397874	110.53317554645325	155.02435033850304	232.25472594232292	0.45992164215059234	1.0085197158298795	60.876169115846885	1.0133324035115863	34.162589237476915	1.093615504191568	0.15941087676340016	1.093615504191568	0.7692548780771842	1.093615504191568	-0.01800666241288609	1.1511199458617618	NaN	NaN	800000009	800000009	800000009	800000009	800000009	800000109	899999999	899999999	89999	89999	89	89	22	38	1	0	19	25	0	NaN	0	0	0	0	0	0	0	0	0	NaN	NaN	NaN	NaN	0	0	0	0	0	0	0	0	11501	0	0	0	18000	18000	18000	18000	100	NaN	1.6870374922518259	0.6920737520743168	0.3194111500441496	0.13807783761729994	0.033848576914448245	0.017455286958326696	2.5053522263065934e-8	NaN	0.05192576994031583	0.003973209160587725	0.019173161772012764	-0.00001800666241288609	NaN	421.7174573807499	2.9222884747673774	96809.16271592882	11.369138199170429	-10.217930251028848	99.1837060332828	98.88164685206944	99.48576461198594	-0.604116677686572	0.000279908903657795	-1	0	2.087225381275018	69.55123872610375	1.0001634519315428	-273.1499938964844	9.00108382818434	-273.1499938964844	045
DATA	2026-03-29T170000_AIU-0547.ghg	2026-03-29	17:30:00	88.729	1	18000	18000	0.3562725608954114	1	NaN	47.79178317742323	1	NaN	28.065543898981186	1	NaN	0.5014666373793668	1	NaN	0.6320037148980256	1	NaN	0.0020858621833139963	1	NaN	NaN	NaN	NaN	NaN	NaN	NaN	NaN	NaN	NaN	4.4733829404254737e-11	3.028763271092102e-13	2.3752298314169354e-13	NaN	16.760803958078856	421.7770423953962	422.98495945511104	0.1	1	113.48124696289928	2.8556974254377834	2.8638757881527845	0.6	0	0.08899475428314987	2.094453863693196	2.10045211940283	-0.2	0	NaN	NaN	NaN	NaN	9	287.4111295149061	288.2569675869412	96411.71249479166	1.1639607808336037	1006.9645700810056	0.024857648168497122	0.04095384072539206	0.002070174464586226	275.396531547577	1711.8714901776736	0.0017785603249480721	16.087453592617155	1436.4749586300966	262.6561709558547	-2.3389504421715146	0.14060507175641346	0.06483084453813008	2.3440695372666824	-2.958241440903714e-15	2.6689548732948835e-15	2.3440695372666824	7.823613760101347	155.44017289751926	176.5598271024807	1.584853793280501	NaN	0.5532507535898156	1.2366640394896544	-300.76768461265993	-0.009641993300359811	1.7028632457451904	0.07370189990919306	0	87.0061347165914	-13.203516615058792	29.866390533714444	74.37153533916752	113.42128395414582	159.07496344534846	238.32328249472607	0.3533358684684993	1.0083113340279914	48.73769811534708	1.0134202555102843	25.621453782741604	1.0953923277330146	0.45779637549332164	1.0953923277330146	0.5769656212637515	1.0953923277330146	-0.014231258591827084	1.1522268804214686	NaN	NaN	800000009	800000009	800000009	800000009	800000109	800001109	899999999	899999999	89999	89999	89	89	16	23	3	0	37	27	0	NaN	0	0	0	0	0	0	0	0	0	NaN	NaN	NaN	NaN	0	0	0	0	0	0	0	0	12566	0	0	0	18000	18000	18000	18000	100	NaN	1.7043195725129925	0.5389404108206051	0.23006809564571126	0.07744119879193964	0.03168881533204512	0.0149135681091896	1.5238676716459203e-8	NaN	0.04158268000193198	0.011412340167233566	0.014383093198511433	-0.000014231258591827084	NaN	421.7770410106741	2.8556351124531427	96805.81379340278	11.390000343322754	-10.50819754793911	99.14137330070798	98.85551129934522	99.42724138821464	-0.571718578395556	0.00027999850854070645	-1	0	2.0919231884347065	69.74402479542626	1.0001440222958724	-273.1499938964844	9.000978887372547	-273.1499938964844	146
DATA	2026-03-29T173000_AIU-0547.ghg	2026-03-29	18:00:00	88.749	1	18000	18000	0.4017513730990133	0	NaN	29.02104787171273	0	NaN	33.16688672493321	0	NaN	0.49138176114443166	0	NaN	0.7466904624674244	0	NaN	0.0026069337479492243	0	NaN	NaN	NaN	NaN	NaN	NaN	NaN	NaN	NaN	NaN	1.1453125173281025e-11	7.841020911029906e-14	6.077530498483922e-14	NaN	16.799003760343354	421.92175337084154	423.14402783287903	0	0	115.00908073249275	2.8885542076472643	2.89692212423846	0.7	0	0.08914288122495462	2.0954943723904016	2.1015648563989964	-0.2	0	NaN	NaN	NaN	NaN	9	287.2385665096707	287.99291864183215	96379.08393033854	1.1646192039503043	1006.9762502393511	0.02484328578303164	0.0483855419678891	0.0020952038376985923	278.47088525200974	1683.0111871204645	0.0017990462724569647	16.545991338801343	1404.5403018684547	262.79608052858845	-2.0271585501410656	0.28269023679924343	0.08329580602934593	2.0484686350280734	8.09438631142488e-15	6.817740704551718e-16	2.0484686350280734	7.143888920496082	159.93878369625722	172.06121630374284	2.330430744840228	NaN	0.5873361219129908	1.2240926297000816	-592.4614337311604	-0.004894833376303655	0.8750006629321696	0.04213307955870139	0	85.68658304458475	-13.003269557968848	29.413431145345573	73.24360241666537	111.70111507903894	156.66240213949973	234.70882603233522	0.398285180860241	1.008702789873542	30.48497133274848	1.0133014013958452	30.360556527872998	1.0924334240870657	0.44980476641409417	1.0924334240870657	0.6835111833853172	1.0924334240870657	-0.008437701362296086	1.1504140568403238	NaN	NaN	800000009	800000009	800000009	800000009	800001009	800101109	899999999	899999999	89999	89999	89	89	19	22	3	0	52	28	0	NaN	0	0	0	0	0	0	0	0	0	NaN	NaN	NaN	NaN	0	0	0	0	0	0	0	0	15191	0	0	0	18000	18000	18000	18000	100	NaN	1.6629327160583673	0.5158644361360359	0.26938810720576023	0.033863972536328266	0.09867435519354796	0.01904325190480474	7.790106009626291e-9	NaN	0.025994568703293322	0.011207009095333205	0.01702986855837193	-0.000008437701362296086	NaN	421.92154451950216	2.88847446044794	96770.36348111978	11.390000343322754	-10.371191770500607	99.18773368114896	98.90387229410808	99.47159803899129	-0.567726827522119	0.0002790241901918004	-1	0	2.0929305841194257	69.17620378298227	1.0001656292527914	-273.1499938964844	9.001110598590639	-273.1499938964844	169
DATA	2026-03-29T180000_AIU-0547.ghg	2026-03-29	18:30:00	88.77	0	18000	18000	0.5370744456291946	1	NaN	-3.2699919466366034	2	NaN	44.93946724069984	1	NaN	1.1330402388884653	1	NaN	1.0109583430857287	1	NaN	0.0037467729045810826	2	NaN	NaN	NaN	NaN	NaN	NaN	NaN	NaN	NaN	NaN	3.205800287569893e-10	2.1591495083432957e-12	1.6999621616678096e-12	NaN	16.841379375942324	421.1780303249958	422.37618084443466	0.2	0	113.42894983315769	2.836690546904151	2.844760251417555	0.7	0	0.08930596144869923	2.091729134927175	2.097679602826948	0	1	NaN	NaN	NaN	NaN	9	286.88772866821284	287.20098973083503	96369.221671875	1.1677339523215038	1006.9305136465606	0.024777506627087657	0.06551010063195521	0.0020630471540329944	273.44298864659237	1598.9997447185408	0.0017667099170419517	17.10087756735223	1325.5567560719485	262.5665433308351	-2.160601400381697	0.3630570533858754	0.08800224236811309	2.1926589406488715	2.914115285807601e-14	1.9035259618635124e-14	2.1926589406488715	9.012608447572099	161.53859629472717	170.46140370527283	2.3001806740865214	NaN	0.6781804881419912	1.6033374714502595	8093.927271637857	0.0003582933108581252	-0.07276436832511235	-0.004100699856843487	0	90.90159427428199	-13.794667631717497	31.203575742978682	77.70131557938588	118.4994089169878	166.19710590991073	248.99354973091945	0.5335224554943859	1.0066576206834954	-0.7961208861698622	1.0125008741253774	40.75840747830696	1.102581529089874	1.0276249048210824	1.102581529089874	0.916901214480007	1.102581529089874	0.0016149911556059152	1.1715883882682863	NaN	NaN	800000009	800000009	800000009	800000009	800000009	800101109	899999999	899999999	89999	89999	89	89	22	18	4	7	9	19	0	NaN	0	0	0	0	0	0	0	0	0	NaN	NaN	NaN	NaN	0	0	0	0	0	0	0	0	17505	0	0	0	18000	18000	18000	18000	100	NaN	2.308350999926789	0.5884758064258232	0.3098481365479067	0.03316820423559396	0.35680673072619534	0.0297217085407154	6.138379388726862e-9	NaN	-0.0006770731758138028	0.025534435610946638	0.022783172062976448	0.0000016149911556059153	NaN	421.17786009894473	2.8365892218170656	96757.88732638888	11.390000343322754	-10.608457477172266	99.29561430337694	99.01184903907776	99.57937894630433	-0.5675310105979441	0.0002776136524723067	-1	0	2.0892111452884143	68.95713350755197	1.0001606229080093	-273.1499938964844	9.0010459203985	-273.1499938964844	061
DATA	2026-03-29T183000_AIU-0547.ghg	2026-03-29	19:00:00	88.791	0	18000	18000	0.333794971396136	0	NaN	-40.139989982141124	0	NaN	49.38183759536655	0	NaN	4.305685743264973	0	NaN	1.1103396646295722	0	NaN	0.003199590059759502	1	NaN	NaN	NaN	NaN	NaN	NaN	NaN	NaN	NaN	NaN	-1.7440113415433782e-10	-1.172179913519933e-12	-9.244712632920696e-13	NaN	16.884636646746923	421.13937772766155	422.33481751895556	0.1	1	113.48453678566301	2.8305499374091676	2.8385846931346506	0.8	0	0.08950263681904763	2.0913870763253453	2.097323655667622	0.8	0	NaN	NaN	NaN	NaN	9	286.41327828131784	286.6814223454793	96358.51107834201	1.169722996557527	1006.9157344433726	0.024735431449770858	0.07195001026799627	0.0020620829214007437	272.82073915203597	1545.9040360355837	0.001762881406511982	17.647973793488188	1273.0832968835477	262.53787503435507	-1.1771910700793708	0.48027044130344115	0.1529270083603865	1.2805565907645526	2.179727052668714e-14	-1.0328983548955364e-14	1.2805565907645526	6.765279329818021	174.1944783283449	157.80552167165507	6.85876282979646	NaN	0.5341932312812163	1.0037880668469283	322.2167860817711	0.009000151839588046	-0.8128492566649124	-0.0637973623361622	0	83.3903906463788	-12.654813502774129	28.625222599721177	71.28085169058195	108.70779637963231	152.46423010257507	228.41919931391578	0.3312548267802241	1.007668249367419	-36.99420445752979	1.0125111147236714	45.022516352364995	1.0968253575362976	3.925589168485725	1.0968253575362976	1.012321293449698	1.0968253575362976	0.011792496566867974	1.1719822423567803	NaN	NaN	800000009	800000009	800000009	800000009	800000009	800100109	899999999	899999999	89999	89999	89	89	20	24	13	3	2	10	0	NaN	0	0	0	0	0	0	0	0	0	NaN	NaN	NaN	NaN	0	0	0	0	0	0	0	0	16412	0	0	0	18000	18000	18000	18000	100	NaN	1.0008152045635283	0.7682579552266461	0.2385029739036822	0.09430264283873564	0.9295951437653822	0.053400381718927296	2.0757394807068178e-8	NaN	-0.03140924787787214	0.09737684573648246	0.02511130181919496	0.000011792496566867974	NaN	421.1391361401249	2.8304667723555195	96748.70683246528	11.370575454288058	-10.65224454523455	99.3343345389896	99.04873492919074	99.61993554284838	-0.5711959761646058	0.0002773149052938808	-1	0	2.08886929507388	68.78200853049313	1.000161921514405	-273.1499938964844	9.001003525680966	-273.1499938964844	107
DATA	2026-03-29T190000_AIU-0547.ghg	2026-03-29	19:30:00	88.812	0	18000	18000	0.2068260297439934	1	NaN	-50.270585734683216	0	NaN	42.11250446460469	0	NaN	4.19354239761665	0	NaN	0.9464001281723956	0	NaN	0.003211104338088805	0	NaN	NaN	NaN	NaN	NaN	NaN	NaN	NaN	NaN	NaN	-2.5696788403825894e-11	-1.7354908548687002e-13	-1.3613786885628167e-13	NaN	16.951329108309928	421.8255127161055	423.0306823822027	0.1	1	114.48464369563558	2.84889422041591	2.857033606946273	0.1	1	0.089805690221708	2.093302511130388	2.099283146754192	0.2	0	NaN	NaN	NaN	NaN	9	285.87549964057075	286.14203471467465	96375.27207079015	1.1721236755652722	1006.9138818244785	0.024684598294782284	0.06132672830557123	0.0020797208898614343	274.63660419983506	1492.4280299108252	0.0017743186433449194	18.401999875079067	1217.79142571099	262.6213733535695	-0.997222832844124	0.3788286680004346	0.16045391570040887	1.0787539094289276	-1.610997611169568e-14	-1.5159158458689085e-15	1.0787539094289276	4.652275008224464	172.80096650691124	159.19903349308876	8.553917959632619	NaN	0.42006440133102546	0.5809940038612706	125.11635596656639	0.023178424416188545	-1.1937211138068349	-0.10139867976602236	0	83.34698702912726	-12.64822683640398	28.610323542457767	71.24375093136784	108.65121538091354	152.38487444736552	228.3003100819182	0.20511907316541503	1.0083217837923917	-47.379065203537486	1.0133147504003304	38.24754820080176	1.101051085510415	3.808671961549038	1.101051085510415	0.8595424323419766	1.101051085510415	0.01514809925152184	1.181471192045079	NaN	NaN	800000009	800000009	800000009	800000019	800000019	810110019	899999999	899999999	89999	89999	89	89	7	24	4	0	0	7	1	NaN	0	0	0	0	0	0	0	0	0	NaN	NaN	NaN	NaN	0	8	0	0	0	0	0	0	14721	0	0	0	18000	18000	18000	18000	100	NaN	0.5439569558146389	0.4703604473932461	0.1476706045146564	0.17071173339027526	1.1000539771085964	0.06637667854768801	3.424017107107631e-8	NaN	-0.04014400713713602	0.09428421521388836	0.021278094961856314	0.00001514809925152184	NaN	421.8252377749827	2.848814165090833	96764.9260138889	11.376093358357746	-10.577771275652756	99.40998344463773	99.12655404451158	99.6934113023546	-0.5668519995742374	0.0002765584746957757	-1	0	2.0907561681833533	68.3697493630692	1.0001694367577632	-273.1903688981798	9.001073167880376	-273.1499938964844	185
DATA	2026-03-29T193000_AIU-0547.ghg	2026-03-29	20:00:00	88.833	0	18000	18000	0.12428830207535792	1	NaN	-37.83824225613135	1	NaN	27.395347816448076	1	NaN	2.708228722820969	1	NaN	0.615302173242771	1	NaN	0.0018530187233297534	1	NaN	NaN	NaN	NaN	NaN	NaN	NaN	NaN	NaN	NaN	4.864108395471119e-11	3.3655151536194953e-13	2.572851420163805e-13	NaN	17.020486167401316	422.8388303313731	424.0795409230498	0.1	1	117.76609290141435	2.9256553828939613	2.9342399578212635	0.1	1	0.09002920668554597	2.0928242791550224	2.0989651277796177	0.1	0	NaN	NaN	NaN	NaN	9	285.2950812233819	285.5370691782633	96358.55899131944	1.1743692253432514	1006.9422882588051	0.024636682179545063	0.03987158082613156	0.002139911150326202	281.98755669362276	1434.3912364739972	0.001822179178529424	19.65904068033775	1152.4036797803744	262.95444243259726	-0.7313676432571107	0.332933352549747	0.14435976009121243	0.8164453363067707	1.0472686886507945e-14	2.8577963917312533e-15	0.8164453363067707	4.22599048808384	176.47598862571937	155.52401137428063	10.18429565416144	NaN	0.3253215228429216	0.3020432202976543	77.20291293980408	0.03756334948476828	-1.3811922560593808	-0.09835782458624331	0	81.94960096551088	-12.436168110100258	28.13064612616659	70.0492863415866	106.82958151531008	149.83000704964826	224.47265316234316	0.12312087934541398	1.009481923262331	-35.86433785797188	1.0144058964805096	24.788294501436628	1.105172758652692	2.4505026038847997	1.105172758652692	0.5567475025288185	1.105172758652692	0.011075073503491312	1.191211983292211	NaN	NaN	800000009	800000009	800000009	800000009	800000009	810000009	899999999	899999999	89999	89999	89	89	48	25	2	5	1	2	0	NaN	0	0	0	0	0	0	0	0	0	NaN	NaN	NaN	NaN	0	0	0	0	0	0	0	0	16015	0	0	0	18000	18000	18000	18000	100	NaN	0.29577523547935625	0.21591682779588367	0.09239437732006855	0.1161292902508054	0.9195842765944977	0.05894469197663972	2.3845074235017838e-8	NaN	-0.03032868462119364	0.06054944816878261	0.013756669343679114	0.000011075073503491313	NaN	422.83844377666156	2.9255967233716027	96751.60462044271	11.390000343322754	-10.238744353003016	99.46406599807739	99.1803453947703	99.74778103489346	-0.5674454349461527	0.0002759544757621673	-1	0	2.090209195388688	68.33389014350044	1.0001445637113517	-273.1499938964844	9.000942453357908	-273.1499938964844	021
DATA	2026-03-29T200000_AIU-0547.ghg	2026-03-29	20:30:00	88.854	0	18000	18000	0.12575090696030458	1	NaN	-55.08452384757169	1	NaN	41.0280275469778	1	NaN	4.766336720327801	1	NaN	0.9212203411227319	1	NaN	0.006176922854133289	1	NaN	NaN	NaN	NaN	NaN	NaN	NaN	NaN	NaN	NaN	-3.8673976545377744e-11	-2.711519140190509e-13	-2.043442609485881e-13	NaN	17.0624708938696	423.6640041701722	424.926206354658	0.1	1	119.62880608717865	2.9704032502819344	2.979252832579239	0.1	1	0.09015411178815784	2.092827503622241	2.0990625658905078	0.3	0	NaN	NaN	NaN	NaN	9	284.9993066134983	285.2279598592123	96347.42111046007	1.1754861191835313	1006.9598729242268	0.024612856586485626	0.059695078104753024	0.0021747442154515656	286.267460446565	1405.510590627851	0.0018500807282710397	20.3675064674317	1119.2431301812858	263.14481826523416	-0.6433369454773591	0.318964948137911	0.15093720559961896	0.7337595679723546	-3.9365798546149355e-15	-2.2666105504843948e-15	0.7337595679723546	3.8579024752038538	178.37210621320892	153.62789378679108	11.870707845738789	NaN	0.3270745936190136	0.246486910233798	53.88916639164792	0.05381415587177203	-1.3426071673686715	-0.14228303479031212	0	84.62209222892952	-12.841728969861316	29.048025895204646	72.33369167792723	110.31344379054543	154.7161734265493	231.79302077103029	0.12449782514962542	1.0100650899658141	-52.1147167367385	1.0153336077767625	36.93201537661932	1.1109068142799368	4.2904919288097325	1.1109068142799368	0.8292507789862148	1.1109068142799368	0.018984452017925493	1.2022507661541244	NaN	NaN	800000009	800000009	800000009	800000009	800000009	810100009	899999999	899999999	89999	89999	89	89	37	15	3	2	0	4	0	NaN	0	0	0	0	0	0	0	0	0	NaN	NaN	NaN	NaN	0	0	0	0	0	0	0	0	15817	0	0	0	18000	18000	18000	18000	100	NaN	0.2632296153947783	0.1435513469940146	0.08619285807880311	0.16464678425640022	1.3708368032651141	0.07328782492197596	3.767485270354229e-8	NaN	-0.04402817784571805	0.10591596003284316	0.02047105409394722	0.000018984452017925494	NaN	423.66371733718825	2.970277144932882	96739.5413828125	11.383620197296144	-10.056725559367091	99.47481912061903	99.1914764635298	99.75816209008958	-0.5666883283472726	0.00027580075759841655	-1	0	2.0901725096106527	68.3057527111018	1.0001501243164141	-273.1499938964844	9.000994077099694	-273.1499938964844	034
DATA	2026-03-29T203000_AIU-0547.ghg	2026-03-29	21:00:00	88.874	0	18000	18000	0.05887144420039347	1	NaN	5.275444422547557	2	NaN	-3.8199225100930776	2	NaN	-2.0078507934233762	1	NaN	-0.08571637187378524	2	NaN	0.003052907205064885	2	NaN	NaN	NaN	NaN	NaN	NaN	NaN	NaN	NaN	NaN	1.0985045546169259e-10	8.136705565518433e-13	5.798968184727707e-13	NaN	17.155888942149975	425.1191870339209	426.4620690419148	0.1	1	127.07495517457092	3.148889679709917	3.158836507387922	0.1	1	0.09056535427014487	2.096241066519663	2.102862749328871	0.9	0	NaN	NaN	NaN	NaN	9	284.35871374342184	284.57065483856206	96346.34716037326	1.1781085329043808	1007.0424240590976	0.024556410222689746	-0.005554420897421283	0.002310720194280238	303.4653978023602	1345.7919688498755	0.00196138142602502	22.54920558499871	1042.3265710475152	263.8851135500545	-0.5606468954606856	0.33020399025276975	0.1286840553974776	0.6632640520049997	9.549856653924395e-16	6.403075692090959e-15	0.6632640520049997	3.071282558751412	182.49679287922925	149.5032071207708	11.187265905223025	NaN	0.22354228924595435	0.16083890519496127	-179.64430961965647	-0.01614301063106251	-1.3810344080563597	0.019891443005827184	0	70.61868241423812	-10.716657504981068	24.24110845551439	60.36378758674402	92.05858479592432	129.11347412680115	193.4355117973589	0.05785768074907992	1.0175216745328954	4.980276664884368	1.0178862068139278	-3.5128915072553606	1.087401219822357	-1.8464672991183404	1.087401219822357	-0.07882681232212363	1.087401219822357	0.0014486446659999531	1.1515977018739245	NaN	NaN	800000009	800000009	800000009	800000009	800000019	810010019	899999999	899999999	89999	89999	89	89	30	36	3	46	12	3	0	NaN	0	0	0	0	0	0	0	0	0	NaN	NaN	NaN	NaN	0	0	0	0	0	0	0	0	16910	0	0	0	18000	18000	18000	18000	100	NaN	0.1298352336625071	0.12855660976109262	0.06328596696632284	0.10217249987986264	1.6137743421886563	0.055763966648816915	2.8623226417694992e-8	NaN	0.004197787028720325	-0.04548587688817117	-0.0019418197562898153	0.0000014486446659999532	NaN	425.1189779208179	3.1488298639813292	96737.0567376302	11.380000114440918	-9.302502383669134	99.51987518692016	99.23487567965189	99.80486872058445	-0.5699914758122633	0.00027555101427909306	-1	0	2.093415944821305	68.18055357389098	1.000157071030802	-273.1499938964844	9.000985543145074	-273.1499938964844	227
DATA	2026-03-29T210000_AIU-0547.ghg	2026-03-29	21:30:00	88.895	0	18000	18000	0.059301919479609895	1	NaN	-17.514761158754812	0	NaN	6.455728327875599	1	NaN	0.06424752127645154	2	NaN	0.14483465480560373	1	NaN	0.001298447420736696	0	NaN	NaN	NaN	NaN	NaN	NaN	NaN	NaN	NaN	NaN	2.9347238591792245e-11	2.10194355708809e-13	1.5549648550688538e-13	NaN	17.149842958554856	424.2028828678853	425.4956567038284	0.1	1	122.83268764472011	3.038277396196723	3.0475366579386183	0.1	1	0.09086852579704423	2.101249287563358	2.107652921794675	0.5	0	NaN	NaN	NaN	NaN	9	284.17648538801404	284.3736499150594	96360.73319487847	1.179150096333438	1006.9787159964849	0.02453574653289857	0.009385285631403121	0.0022314283180309416	292.8491701712326	1328.3337690313124	0.0018924039653387282	22.046354387632025	1035.4845988600798	263.4326928705137	-0.493170401383876	0.3751032819387553	0.14959707875754116	0.6374157221901178	-9.775853796991886e-15	1.7112249169111466e-15	0.6374157221901178	2.6789454302828237	189.25646224862209	142.74353775137791	13.573533406695743	NaN	0.2242589735349675	0.16380897448553997	54.63559955111284	0.0530789452998861	-2.7130573452303923	-0.06577562863063804	0	70.50699414059173	-10.69970837855911	24.20276948539895	60.268318130279596	91.91298785105533	128.90927234142768	193.1295803124322	0.05867137181634891	1.0107471095994602	-16.917430773619408	1.0157024670780201	5.811489313950395	1.110856095420965	0.05783604333746271	1.110856095420965	0.1303811136317507	1.110856095420965	0.0058638140183224705	1.2027840269241745	NaN	NaN	800000009	800000009	800000009	800000009	800000009	810010009	899999999	899999999	89999	89999	89	89	88	21	12	39	2	4	0	NaN	0	0	0	0	0	0	0	0	0	NaN	NaN	NaN	NaN	0	0	0	0	0	0	0	0	17406	0	0	0	18000	18000	18000	18000	100	NaN	0.12447791812363963	0.1391950859728069	0.06394494487463344	0.08697336902018542	1.0669820877268597	0.06297011184295362	1.3293099012420266e-8	NaN	-0.014247708660519508	0.0014233762717779242	0.0032087496433423333	0.000005863814018322471	NaN	424.20270196810947	3.038210450851204	96752.12011631945	11.360593003590903	-9.759542229917315	99.58223195648193	99.29567517937554	99.86878842480978	-0.5731263640936877	0.0002750063679543221	-1	0	2.09852624768681	67.93199281022285	1.0001656442003117	-273.1499938964844	9.00102736737993	-273.1499938964844	231
DATA	2026-03-29T213000_AIU-0547.ghg	2026-03-29	22:00:00	88.916	0	18000	18000	0.03768211940048359	1	NaN	-68.63618325449443	1	NaN	141.7315525796576	1	NaN	13.718571243737825	1	NaN	3.1763167451783416	1	NaN	-0.0005402158109690109	1	NaN	NaN	NaN	NaN	NaN	NaN	NaN	NaN	NaN	NaN	-2.0535615265976552e-10	-1.998380884376156e-12	-1.0778834697248e-12	NaN	17.369013619814183	428.5615836994131	430.3563669932614	0.1	1	169.02296010489252	4.170458325939778	4.187923887986836	0.7	0	0.09116733257678862	2.0983281940580283	2.1071158328267603	0.4	0	NaN	NaN	NaN	NaN	9	283.09798188781747	283.24358731926816	96362.12482790799	1.183364260600462	1007.5679396171397	0.0244378918499147	0.20582532508755652	0.0030752104470637767	401.98202430067795	1231.9873972808132	0.0025987014729541985	32.62874483845488	830.0053729801352	267.52010337454334	-0.10595190788754284	0.18825274617055662	0.13651267186473529	0.255539845827205	4.817264037088386e-15	-1.1823132686446847e-14	0.255539845827205	1.5149663242840947	212.62843675308466	119.37156324691536	32.29054524838582	NaN	0.17844666519313068	0.08802443422226039	7.025463363547669	0.412784160977473	-0.48426890135080347	-0.322590742447672	1	0.34345445164424715	1	1	1	3	36	NaN	0.036962638377398875	1.0194650883884049	-59.74511453058752	1.032079967885008	116.37570990322874	1.2178791665160478	11.264312274083931	1.2178791665160478	2.6080721573263626	1.2178791665160478	0.00948811571311421	1.4017564033045942	NaN	NaN	800000009	800000009	800000009	800000009	800000009	800010009	899999999	899999999	89999	89999	89	89	23	2	2	10	5	0	0	NaN	0	0	0	0	0	0	0	0	0	NaN	NaN	NaN	NaN	0	0	0	0	0	0	0	0	13612	0	0	0	18000	18000	18000	18000	100	NaN	0.08097959969313834	0.0543359529639936	0.040733315787388834	0.42788842928630094	13.139673039008581	0.7456597979891599	3.542128960650172e-8	NaN	-0.050108293116802115	0.27642919077409234	0.06400277783392672	0.00000948811571311421	NaN	428.5592890358535	4.169721162412645	96752.34886024306	11.3721863117218	-5.909946443809733	99.61215514882406	99.32333490159776	99.90097761662801	-0.5776418946170145	0.0002744185845852674	-1	0	2.0945818128254685	67.95780348169362	1.0001510516636902	-273.1499938964844	9.000923394150204	-273.1499938964844	038
DATA	2026-03-29T220000_AIU-0547.ghg	2026-03-29	22:30:00	88.937	0	18000	18000	0.0369697293560542	1	NaN	1.066674231284601	2	NaN	34.23440224559978	2	NaN	1.3923953270366545	2	NaN	0.7667296609733252	2	NaN	-0.003984431456230624	0	NaN	NaN	NaN	NaN	NaN	NaN	NaN	NaN	NaN	NaN	-1.7026727907037985e-10	-1.7764064450994012e-12	-8.899251809639858e-13	NaN	17.48023435197575	429.9785140650914	431.91608350155997	0.1	1	182.37209835168832	4.485985844195989	4.506200596282017	0.1	1	0.09136283144892916	2.096704638749429	2.1061528104427887	0	1	NaN	NaN	NaN	NaN	9	282.4877549523247	282.5751823798285	96365.81561740451	1.1860670782220302	1007.7260102573902	0.02437928897559794	0.04968408203107147	0.0033158254278203955	432.41164346527876	1177.9453384700687	0.0027956474711286756	36.70897361221369	745.5336950047899	268.4822945791864	-0.18031243452464077	-0.00796877434965115	0.11311822533222105	0.21300659217769372	2.056117549094538e-14	-9.740560431967832e-15	0.21300659217769372	1.1870929870834117	149.46950211554974	182.5304978844501	32.076767698049935	NaN	0.17655032036580828	0.07012676298234059	-437.829096643325	-0.006623589026479135	0.03115796278936644	0.00505488842558803	1	0.47088511969639313	1	1	1	2	7	NaN	0.0354549630700305	1.0427236740602928	2.848145894667353	1.0344769082419087	30.941533607451955	1.1064222827453767	1.258466454220074	1.1064222827453767	0.6929810371053186	1.1064222827453767	-0.0060100969989018834	1.1757602257293764	NaN	NaN	800000009	800000009	800000009	800000009	800000009	800000009	899999999	899999999	89999	89999	89	89	20	10	1	1	0	0	0	NaN	0	0	0	0	0	0	0	0	0	NaN	NaN	NaN	NaN	0	0	0	0	0	0	0	0	13650	0	0	0	18000	18000	18000	18000	100	NaN	0.05776654683751747	0.04854399149022133	0.033942987636942396	0.18452933208645772	6.922528220727595	0.32016791725150157	1.913545389993676e-8	NaN	0.002382925762030412	0.03081880717106371	0.016970534958747324	-0.000006010096998901883	NaN	429.9773877343772	4.485669367776602	96756.94310568576	11.399999618530273	-4.771868464946751	99.68384540960524	99.39433272149827	99.97335724322001	-0.5790203083289993	0.00027329890482683867	-1	0	2.092671985639466	67.51552073916507	1.0001457103457716	-273.1499938964844	9.00090840350257	-273.1499938964844	181
DATA	2026-03-29T223000_AIU-0547.ghg	2026-03-29	23:00:00	88.958	0	18000	18000	0.031330788540276086	1	NaN	14.834741398293758	1	NaN	10.051219260458073	1	NaN	-3.9941821446505914	1	NaN	0.22492838683148336	1	NaN	-0.0015917334198009402	1	NaN	NaN	NaN	NaN	NaN	NaN	NaN	NaN	NaN	NaN	2.59034687617721e-10	3.348281649265708e-12	1.3329313093924573e-12	NaN	17.81085937391048	437.25098893121014	439.7363369603296	0.1	1	230.22311856289315	5.651905062700555	5.6840306643891605	0.7	0	0.09165047478779162	2.096186811541558	2.108101601656648	0.1	0	NaN	NaN	NaN	NaN	9	281.7435748477511	281.72266098870176	96366.59224956598	1.1891404479576557	1008.3443065217592	0.024305541461860872	0.014575359466680121	0.0041902926184432246	544.8009285031882	1112.0544468220594	0.0035237995861969345	48.99049053399111	567.2535183188712	271.5813956032629	0.25512040123149615	0.1196588118376896	0.11909366579256657	0.3059214794793509	6.7362939067716764e-15	1.4543637798699233e-14	0.3059214794793509	1.0559440242265308	306.8720707882244	25.12792921177563	22.910631922033296	NaN	0.16231889849710085	0.0725256066793093	-24.47007052587009	-0.11851212267386318	1.4759146143248776	0.0762199906263816	1	1.286858897743957	1	1	2	3	5	14	0.030357106721717278	1.0320742627907369	15.001088027732612	1.0273954320407732	9.155960319389221	1.097778814000864	-3.638421596144456	1.097778814000864	0.2048940860971164	1.097778814000864	-0.00653859263189877	1.1651322041223962	NaN	NaN	800000009	800000009	800000009	800000009	800000009	800000009	899999999	899999999	89999	89999	89	89	0	0	0	5	1	1	0	NaN	0	0	0	0	0	0	0	0	0	NaN	NaN	NaN	NaN	0	0	0	0	0	0	0	0	16370	0	0	0	18000	18000	18000	18000	100	NaN	0.07402930682181837	0.05360331652664423	0.017418590010155985	0.04372689376212226	2.2718654764731694	0.08435391049670264	1.7924052562497625e-8	NaN	0.012510675438503555	-0.08893660303130682	0.005008376164541145	-0.000006538592631898769	NaN	437.2508914756129	5.651821259122436	96756.62581293403	11.393620080947876	-1.5903720627766382	99.67107898973471	99.37418050247719	99.96798637999498	-0.5937934048490395	0.0002728303120174031	-1	0	2.091099057336648	67.81178081681875	1.0000788190116485	-386.2403736453498	9.000649182769987	-273.1499938964844	208
DATA	2026-03-29T230000_AIU-0547.ghg	2026-03-29	23:30:00	88.979	0	18000	18000	0.01616912068041899	1	NaN	12.61869689642571	1	NaN	21.522441070318205	1	NaN	-2.4198743797556244	1	NaN	0.481434452359384	1	NaN	-0.00009144066557762117	1	NaN	NaN	NaN	NaN	NaN	NaN	NaN	NaN	NaN	NaN	-2.2268636952576786e-10	-2.9059603895575747e-12	-1.1413129140318011e-12	NaN	17.90676755244504	438.34708639602405	440.8689622559528	0.1	1	233.67553803691072	5.720239063834662	5.753148448328833	0.1	1	0.09177582399719478	2.094974846923488	2.107027548213354	0.2	0	NaN	NaN	NaN	NaN	9	281.3106338178847	281.28918297661676	96358.6877907986	1.1908444350230367	1008.3736357004555	0.024270134026160024	0.03119695251288808	0.0042471421700980665	551.3425821922319	1079.8144690318666	0.003566496214945075	51.05901041375666	528.4718868396346	271.7437082394098	0.3588318152027563	0.11990831745299421	0.13982205850235477	0.40334660558873514	8.01761728219115e-15	-1.2435877601781995e-14	0.40334660558873514	1.1808878933353182	313.5222788441483	18.477721155851743	20.2828469568654	NaN	0.11652408074678128	0.05252643536940839	-10.641832974929127	-0.27250944520855097	0.5863041675987335	0.09018250806501434	1	3.9734640793422775	2	3	6	9	15	39	0.01576300505782165	1.025763845225427	13.505107692099287	1.0232350492754063	19.692872919485872	1.0929050910099563	-2.2141669936951365	1.0929050910099563	0.44050893011623654	1.0929050910099563	-0.005238399796295724	1.1590354942494376	NaN	NaN	800000009	800000009	800000009	800000009	800000009	800001009	899999999	899999999	89999	89999	89	89	1	0	0	2	4	0	0	NaN	0	0	0	0	0	0	0	0	0	NaN	NaN	NaN	NaN	0	0	0	0	0	0	0	0	17802	0	0	0	18000	18000	18000	18000	100	NaN	0.04589468130631084	0.04509805036422692	0.014060139068279015	0.04513106995499322	3.3162922420301784	0.09529963853271489	1.832071139258992e-8	NaN	0.011246607475206987	-0.054047376537797384	0.010752735490163588	-0.000005238399796295724	NaN	438.34693626812015	5.720144477590741	96750.4997358941	11.390000343322754	-1.429291641750113	99.71925025431315	99.4182643178304	100.02023606533474	-0.6019745882219748	0.00027234796415561704	-1	0	2.089824240035481	67.56403335465325	1.0000855641944542	-307.18612032573384	9.000667994313769	-273.1499938964844	101
