DATAH	filename	date	time	DOY	daytime	file_records	used_records	Tau	qc_Tau	rand_err_Tau	H	qc_H	rand_err_H	LE	qc_LE	rand_err_LE	co2_flux	qc_co2_flux	rand_err_co2_flux	h2o_flux	qc_h2o_flux	rand_err_h2o_flux	ch4_flux	qc_ch4_flux	rand_err_ch4_flux	none_flux	qc_none_flux	rand_err_none_flux	H_strg	LE_strg	co2_strg	h2o_strg	ch4_strg	none_strg	co2_v-adv	h2o_v-adv	ch4_v-adv	none_v-adv	co2_molar_density	co2_mole_fraction	co2_mixing_ratio	co2_time_lag	co2_def_timelag	h2o_molar_density	h2o_mole_fraction	h2o_mixing_ratio	h2o_time_lag	h2o_def_timelag	ch4_molar_density	ch4_mole_fraction	ch4_mixing_ratio	ch4_time_lag	ch4_def_timelag	none_molar_density	none_mole_fraction	none_mixing_ratio	none_time_lag	none_def_timelag	sonic_temperature	air_temperature	air_pressure	air_density	air_heat_capacity	air_molar_volume	ET	water_vapor_density	e	es	specific_humidity	RH	VPD	Tdew	u_unrot	v_unrot	w_unrot	u_rot	v_rot	w_rot	wind_speed	max_wind_speed	wind_dir	yaw	pitch	roll	u*	TKE	L	(z-d)/L	bowen_ratio	T*	model	x_peak	x_offset	x_10%	x_30%	x_50%	x_70%	x_90%	un_Tau	Tau_scf	un_H	H_scf	un_LE	LE_scf	un_co2_flux	co2_scf	un_h2o_flux	h2o_scf	un_ch4_flux	ch4_scf	un_none_flux	un_none_scf	spikes_hf	amplitude_resolution_hf	drop_out_hf	absolute_limits_hf	skewness_kurtosis_hf	skewness_kurtosis_sf	discontinuities_hf	discontinuities_sf	timelag_hf	timelag_sf	attack_angle_hf	non_steady_wind_hf	u_spikes	v_spikes	w_spikes	ts_spikes	co2_spikes	h2o_spikes	ch4_spikes	none_spikes	head_detect_LI-7200	t_out_LI-7200	t_in_LI-7200	aux_in_LI-7200	delta_p_LI-7200	chopper_LI-7200	detector_LI-7200	pll_LI-7200	sync_LI-7200	chopper_LI-7500	detector_LI-7500	pll_LI-7500	sync_LI-7500	not_ready_LI-7700	no_signal_LI-7700	re_unlocked_LI-7700	bad_temp_LI-7700	laser_temp_unregulated_LI-7700	block_temp_unregulated_LI-7700	motor_spinning_LI-7700	pump_on_LI-7700	top_heater_on_LI-7700	bottom_heater_on_LI-7700	calibrating_LI-7700	motor_failure_LI-7700	bad_aux_tc1_LI-7700	bad_aux_tc2_LI-7700	bad_aux_tc3_LI-7700	box_connected_LI-7700	mean_value_RSSI_LI-7200	mean_value_LI-7500	u_var	v_var	w_var	ts_var	co2_var	h2o_var	ch4_var	none_var	w/ts_cov	w/co2_cov	w/h2o_cov	w/ch4_cov	w/none_cov	co2_mean	h2o_mean	air_p_mean	vin_sf_mean	dew_point_mean	avg_signal_strength_7200_mean	co2_signal_strength_7200_mean	h2o_signal_strength_7200_mean	delta_signal_strength_7200_mean	flowrate_mean	hit_power_mean	hit_vin_mean	ch4_mean	rssi_77_mean	ch4_aux-1_mean	ch4_aux-2_mean	ch4_aux-3_mean	ch4_aux-4_mean	CHK
DATAU		[yyyy-mm-dd]	[HH:MM]	[ddd.ddd]	[1=daytime]	[#]	[#]	[kg+1m-1s-2]	[#]	[kg+1m-1s-2]	[W+1m-2]	[#]	[W+1m-2]	[W+1m-2]	[#]	[W+1m-2]	[µmol+1s-1m-2]	[#]	[µmol+1s-1m-2]	[mmol+1s-1m-2]	[#]	[mmol+1s-1m-2]	[µmol+1s-1m-2]	[#]	[µmol+1s-1m-2]	[µmol+1s-1m-2]	[#]	[µmol+1s-1m-2]	[W+1m-2]	[W+1m-2]	[µmol+1s-1m-2]	[mmol+1s-1m-2]	[µmol+1s-1m-2]	[µmol+1s-1m-2]	[µmol+1s-1m-2]	[mmol+1s-1m-2]	[µmol+1s-1m-2]	[µmol+1s-1m-2]	[mmol+1m-3]	[µmol+1mol_a-1]	[µmol+1mol_d-1]	[s]	[1=default]	[mmol+1m-3]	[mmol+1mol_a-1]	[mmol+1mol_d-1]	[s]	[1=default]	[mmol+1m-3]	[µmol+1mol_a-1]	[µmol+1mol_d-1]	[s]	[1=default]	[mmol+1m-3]	[µmol+1mol_a-1]	[µmol+1mol_d-1]	[s]	[1=default]	[K]	[K]	[Pa]	[kg+1m-3]	[J+1kg-1K-1]	[m+3mol-1]	[mm]	[kg+1m-3]	[Pa]	[Pa]	[kg+1kg-1]	[%]	[Pa]	[K]	[m+1s-1]	[m+1s-1]	[m+1s-1]	[m+1s-1]	[m+1s-1]	[m+1s-1]	[m+1s-1]	[m+1s-1]	[deg_from_north]	[deg]	[deg]	[deg]	[m+1s-1]	[m+2s-2]	[m]	[#]	[#]	[K]	[0=KJ/1=KM/2=HS]	[m]	[m]	[m]	[m]	[m]	[m]	[m]	[kg+1m-1s-2]	[#]	[W+1m-2]	[#]	[W+1m-2]	[#]	[µmol+1s-1m-2]	[#]	[mmol+1s-1m-2]	[#]	[µmol+1s-1m-2]	[#]	[µmol+1s-1m-2]	[#]	8u/v/w/ts/co2/h2o/ch4/none	8u/v/w/ts/co2/h2o/ch4/none	8u/v/w/ts/co2/h2o/ch4/none	8u/v/w/ts/co2/h2o/ch4/none	8u/v/w/ts/co2/h2o/ch4/none	8u/v/w/ts/co2/h2o/ch4/none	8u/v/w/ts/co2/h2o/ch4/none	8u/v/w/ts/co2/h2o/ch4/none	8co2/h2o/ch4/none	8co2/h2o/ch4/none	8aa	8U	[#]	[#]	[#]	[#]	[#]	[#]	[#]	[#]	[#_flagged_recs]	[#_flagged_recs]	[#_flagged_recs]	[#_flagged_recs]	[#_flagged_recs]	[#_flagged_recs]	[#_flagged_recs]	[#_flagged_recs]	[#_flagged_recs]	[#_flagged_recs]	[#_flagged_recs]	[#_flagged_recs]	[#_flagged_recs]	[#_flagged_recs]	[#_flagged_recs]	[#_flagged_recs]	[#_flagged_recs]	[#_flagged_recs]	[#_flagged_recs]	[#_flagged_recs]	[#_flagged_recs]	[#_flagged_recs]	[#_flagged_recs]	[#_flagged_recs]	[#_flagged_recs]	[#_flagged_recs]	[#_flagged_recs]	[#_flagged_recs]	[#_flagged_recs]	[#]	[#]	[m+2s-2]	[m+2s-2]	[m+2s-2]	[K+2]	--	--	--	--	[m+1s-1K+1]	--	--	--	--	--	--	--	--	--	--	--	--	--	--	--	--	--	--	--	--	--	--	207
DATA	2026-03-13T233000_AIU-0547.ghg	2026-03-14	00:00:00	73	0	18000	18000	0.06626409853852813	1	NaN	9.64325003094513	1	NaN	-0.4539703043402766	2	NaN	0.6360705586714663	1	NaN	-0.01013622312933076	2	NaN	0.006699364347727387	2	NaN	NaN	NaN	NaN	NaN	NaN	NaN	NaN	NaN	NaN	-3.822025981982747e-11	-5.701616624169837e-13	-2.032820865708732e-13	NaN	17.713296384848153	431.1771271492424	433.96850290070097	0.1	0	264.2431674007223	6.432208173636141	6.473849320148087	0.1	1	0.09421170515675716	2.134209178774242	2.148025727415303	0	1	NaN	NaN	NaN	NaN	9	279.3629431822035	279.3666178173489	94889.05968988716	1.1804337837277021	1008.7287280476695	0.02447757484502691	-0.0006568272587806332	0.00473528909660059	610.5099042291082	946.5428971519387	0.004011482187206621	64.4989155870354	336.03299292283054	273.1389523637082	0.9243659790679164	0.17784090909583222	0.15516988070443605	0.9540217733805281	-7.623515316726003e-14	-2.157715819203525e-15	0.9540217733805281	2.8186809305552187	321.10979750123363	10.890202498766413	9.360638132180323	NaN	0.23692906026250438	0.655838839866799	-115.79382954664968	-0.02504451240065155	-21.242028253277475	0.034181339318285084	0	98.8589857881952	-15.002232493766765	33.935090748884086	84.50317416225815	128.87267242735672	180.74575547720025	270.79007789377596	0.06538485254285377	1.0134472429237047	9.492575483542502	1.0153646113793147	-0.4180229585566618	1.0859937117036176	0.5857037216851386	1.0859937117036176	-0.009333592837687693	1.0859937117036176	0.0032568551339725253	1.148675076044736	NaN	NaN	800000009	800000009	800000009	800000009	800010019	800011019	899999999	899999999	89999	89999	89	89	1	0	1	18	13	0	12	NaN	0	0	18000	0	0	0	0	0	0	NaN	NaN	NaN	NaN	0	0	0	0	0	0	0	0	15112	0	0	0	18000	18000	18000	18000	93	NaN	0.4593650232236889	0.8216518662022426	0.030660790307666604	0.08625326216564219	3.0832234598496178	0.05615407896928012	8.558648033250545e-8	NaN	0.007972013755380593	0.014429444773327228	-0.00022994315624399832	0.0000032568551339725254	NaN	431.17734107312054	6.432151998902121	95283.01946831598	11.390000343322754	-0.023999166403988	94.87300606748792	94.4345661087036	95.31144656075372	-0.8768765954325598	0.0002709160220434164	-1	0	2.1283769789867932	81.8451744641198	1.0000806291666295	-273.1499938964844	9.000495423820285	-273.1499938964844	078
DATA	2026-03-14T000000_AIU-0547.ghg	2026-03-14	00:30:00	73.02	0	18000	18000	0.07304092750059525	1	NaN	13.048485298335596	1	NaN	-5.154009034011304	2	NaN	-3.2096291457323436	1	NaN	-0.11518681663013935	2	NaN	-0.006210782890765188	1	NaN	NaN	NaN	NaN	NaN	NaN	NaN	NaN	NaN	NaN	-6.507461390253888e-11	-9.260289859224352e-13	-3.474115531935204e-13	NaN	17.579855409229758	428.27496635504735	430.9010783988725	0.1	1	250.16599716832013	6.09446616746283	6.1318364371736	0.1	1	0.0938529559589095	2.1354215148788387	2.148515570332497	0	1	NaN	NaN	NaN	NaN	9	280.3388943752711	280.3534859551321	94906.17264930556	1.17664131089021	1008.5608245392876	0.02455961311224601	-0.00746410571763303	0.004471661736584896	578.5576086311231	1013.0172390218474	0.003800360989537055	57.1123161921478	434.4596303907243	272.4011606330026	0.8890353798238307	0.1387845871122642	0.15525524602001325	0.9130987129632688	-1.813023076799074e-14	-3.701658084649176e-15	0.9130987129632688	3.344057374287344	323.12734276315666	8.872657236843338	9.789631575408414	NaN	0.24915011598389986	0.5983864055933236	-99.5213476625147	-0.029139476786770865	-2.531715643536642	0.04413191977116146	0	92.00660154681482	-13.962356748469695	31.58288898165502	78.64585917607484	119.93989749905836	168.2174116280946	252.02033584466173	0.07204194775722988	1.0138666398461598	12.596695759796214	1.0156143393408257	-4.745701889151609	1.086037251053013	-2.9553582463403654	1.086037251053013	-0.10606157064912382	1.086037251053013	-0.00965791043546801	1.1489165692094874	NaN	NaN	800000009	800000009	800000009	800000009	800100009	800110019	899999999	899999999	89999	89999	89	89	0	0	12	46	5	0	0	NaN	0	0	18000	0	0	0	0	0	0	NaN	NaN	NaN	NaN	0	0	0	0	0	0	0	0	13620	0	0	0	18000	18000	18000	18000	93	NaN	0.45261830847860457	0.7035791997145187	0.040575302993523805	2.034592053900999	20.466233851636137	0.26167430131017827	3.5297139271027104e-7	NaN	0.010614766699903813	-0.07302763899719739	-0.0026208078504293547	-0.000009657910435468009	NaN	428.27318279631606	6.094208165694399	95307.89431575521	11.390000343322754	-0.7954757244949555	94.89817271169028	94.46327536053127	95.33307121319243	-0.8697937046521234	0.00027086706568176547	-1	0	2.1298449580669407	81.980337609397	1.0000901826355193	-273.1499938964844	9.000512570407656	-273.1499938964844	147
DATA	2026-03-14T003000_AIU-0547.ghg	2026-03-14	01:00:00	73.041	0	18000	18000	0.16211912158236505	1	NaN	-59.04380542246619	1	NaN	48.93104824903255	1	NaN	4.222418829366182	1	NaN	1.0961994321851969	1	NaN	-0.0034139835771310988	1	NaN	NaN	NaN	NaN	NaN	NaN	NaN	NaN	NaN	NaN	3.683845794806991e-11	4.980709421599429e-13	1.9713678539163402e-13	NaN	17.217175374003915	423.66676936062487	426.1075762483675	0.2	0	232.78321725495542	5.72814712480009	5.761147827161795	0.8	0	0.09213574063115651	2.120489751054874	2.132706205976682	0	1	NaN	NaN	NaN	NaN	9	282.85503658888075	282.8773482055664	94901.5722061632	1.1662485577108666	1008.4072043547436	0.02478191054487444	0.07103372320560075	0.004165183825135861	543.7559856447137	1202.1118195179795	0.0035714374929743603	45.23339483200057	658.3558338732657	271.55530843723636	0.3372067562294493	-0.36210361671683333	0.17334748824480145	0.5242869227503002	1.8601071195337126e-14	2.1396342401025914e-15	0.5242869227503002	4.392147315776778	19.038984191385737	312.96101580861426	19.30730821155701	NaN	0.3728391945797834	0.8264018113055327	73.69915626993559	0.03934916146635738	-1.2066736261599216	-0.1346560032117718	0	87.66071131475547	-13.302851139202867	30.091085497795756	74.93105757011277	114.27459066006878	160.27173823329076	240.11626920798298	0.1602158185642019	1.011879619847902	-55.63393527028501	1.015686968013656	44.261379128510534	1.1055021152179618	3.8194579379286724	1.1055021152179618	0.9915851060755947	1.1055021152179618	0.011826630147303925	1.193384861794851	NaN	NaN	800000009	800000009	800000009	800000009	800000009	800100009	899999999	899999999	89999	89999	89	89	5	5	4	0	4	0	0	NaN	0	0	10715	0	0	0	0	0	0	NaN	NaN	NaN	NaN	0	0	0	0	0	0	0	0	8550	0	0	0	18000	18000	18000	18000	93	NaN	0.381576746247684	1.168681117308428	0.10254575905495339	2.8970563135133705	11.225256230226595	0.2570867436519771	3.210642903899195e-7	NaN	-0.047305618108422286	0.0951989246688443	0.02471498242686012	0.000011826630147303925	NaN	423.6658044054794	5.727893591298163	95310.778015625	11.390000343322754	-1.6441423245772695	94.96193539810182	94.556003358629	95.36786722776624	-0.8118639614681428	0.0002736822907827448	-1	0	2.1153204945127166	82.65933244662813	1.000122461501095	-273.1499938964844	9.000715256108178	-273.1499938964844	224
DATA	2026-03-14T010000_AIU-0547.ghg	2026-03-14	01:30:00	73.062	0	18000	18000	0.27035330679158526	1	NaN	-208.00000933448058	1	NaN	139.39076518078522	1	NaN	11.06608100173282	1	NaN	3.129853464120536	1	NaN	-0.0012438385381890952	1	NaN	NaN	NaN	NaN	NaN	NaN	NaN	NaN	NaN	NaN	-7.708194144030026e-11	-9.621094356239313e-13	-4.1287261928352486e-13	NaN	16.95462327085548	425.38979768699676	427.66048862608386	0.1	0	211.62159023943227	5.309564478079401	5.337906436481856	0.6	0	0.09081374428308947	2.1125251103114597	2.123801571695021	-0.3	0	NaN	NaN	NaN	NaN	9	285.26745396423337	285.24506182352695	94917.75074262153	1.1569486170574057	1008.2266249553804	0.02498507840152496	0.20281450447501073	0.00382941978394953	504.107102814155	1407.0949879613781	0.0033099307328698082	35.82608900800034	902.9878851472231	270.5310499761215	-0.16754749743954012	-1.5473425832003875	0.21415304023049517	1.5710514817546386	8.716116026461249e-15	-4.546367100518356e-15	1.5710514817546386	6.151603247067874	68.17995529656008	263.8200447034399	7.834488569466467	NaN	0.4834024056428662	1.227344458479712	45.60150793618896	0.06359438823948595	-1.4922079598652853	-0.36887762569122484	0	90.73354721825605	-13.769165842635868	31.14589062663993	77.55767148340821	118.28034260722399	165.8898622956357	248.53324280961866	0.2681813150455399	1.0080989674678735	-197.8594862149591	1.015139977328285	124.21727113777814	1.1221528528522986	9.861473838973856	1.1221528528522986	2.7891507437378475	1.1221528528522986	0.05218055696118861	1.2123638141978164	NaN	NaN	800000009	800000009	800000009	800000009	800001009	800111119	899999999	899999999	89999	89999	89	89	13	7	7	2	20	6	0	NaN	0	0	0	0	0	0	0	0	0	NaN	NaN	NaN	NaN	0	0	0	0	0	0	0	0	13186	17997	0	0	18000	18000	18000	18000	93	NaN	1.674570015383199	0.6219631655142248	0.158155736062	1.5181216452194441	4.330063232805047	0.20664472413354618	2.0567101961215688e-7	NaN	-0.16962296240414837	0.24770525684448808	0.07005923380591449	0.000052180556961188614	NaN	425.3882125794301	5.309350272476819	95331.49396484374	11.35115593592326	-2.660120259740623	94.83572217008802	94.44674257320831	95.22470170169403	-0.7779612266851799	0.0002788121186022181	-1	0	2.107789684289032	82.78315120781801	1.0001353083699942	-294.06424477470813	9.000912931389278	-273.1499938964844	179
DATA	2026-03-14T013000_AIU-0547.ghg	2026-03-14	02:00:00	73.083	0	18000	18000	0.17714466347564337	0	NaN	-41.90330472002283	0	NaN	46.68938413777493	0	NaN	1.2367020923368595	0	NaN	1.049030076579988	0	NaN	0.0010287506366299666	0	NaN	NaN	NaN	NaN	NaN	NaN	NaN	NaN	NaN	NaN	-3.9622715505088885e-12	-4.8151159589199896e-14	-2.1326775471000084e-14	NaN	16.839757123533943	424.14466062128065	426.3421907135099	-0.1	0	204.64368036423645	5.1543810115334745	5.18108630439999	0.2	0	0.09063935032763144	2.1147831115436566	2.1257399853596515	-0.4	0	NaN	NaN	NaN	NaN	9	285.9467350438436	285.91667272186277	94955.54645225694	1.1547584757108358	1008.156372209907	0.02503393751943457	0.06797714896238322	0.0037102412414008793	489.5683518850208	1470.5713065687617	0.0032130019562029736	33.29103115899326	981.0029546837409	270.13749145723773	-0.19485594236600523	-2.0156955214078778	0.2015095394395642	2.035092962934221	-7.592025716977953e-14	-2.3529267800255413e-16	2.035092962934221	7.430824383336992	67.52158779190262	264.4784122080974	5.682588711636664	NaN	0.39166833116059496	1.7809565309025905	120.43201593765554	0.024079975556510265	-0.8974910569899801	-0.09189899447418731	0	68.04237868333543	-10.325693474373178	23.356746753764956	58.16160190648852	88.7001126839674	124.4031692367793	186.37861674217547	0.17588824529293762	1.0071432754395453	-38.905300183992175	1.0135654823315636	42.01389297991783	1.111284406805433	1.1128583149042466	1.111284406805433	0.9439798400443634	1.111284406805433	0.01073598795356898	1.1878306750432173	NaN	NaN	800000009	800000009	800000009	800000009	800011119	800011119	899999999	899999999	89999	89999	89	89	0	8	3	37	43	29	0	NaN	0	0	0	0	0	0	0	0	0	NaN	NaN	NaN	NaN	0	0	0	0	0	0	0	0	15422	18000	0	0	18000	18000	18000	18000	93	NaN	1.3281895396472	2.0205293867826146	0.21319413537536666	0.14386257401294383	0.2526913646900437	0.023692423466907152	1.8884781566377484e-8	NaN	-0.033418712377134556	0.02800360549372044	0.02375400235644751	0.00001073598795356898	NaN	424.14399847419224	5.154293472243091	95364.42103971355	11.359140300114952	-3.0200065866797803	94.71379852316116	94.32882705391776	95.09875677723355	-0.7699252623220284	0.0002797641702571936	-1	0	2.110199129568206	82.35075806109108	1.0001637284871605	-273.1499938964844	9.001060416566	-273.1499938964844	037
DATA	2026-03-14T020000_AIU-0547.ghg	2026-03-14	02:30:00	73.104	0	18000	18000	0.6327453233776423	1	NaN	-74.82195435141585	1	NaN	71.8155217261408	1	NaN	-0.8870914217206659	2	NaN	1.6133651508112967	1	NaN	-0.0008506384640207527	1	NaN	NaN	NaN	NaN	NaN	NaN	NaN	NaN	NaN	NaN	-7.448908334879475e-10	-9.247597947792951e-12	-4.0357161761266e-12	NaN	16.785508813964803	422.8387300808547	425.0701002732097	0.1	1	208.38709497046452	5.249416957157867	5.2771187538291535	0.3	0	0.09094158016126189	2.1205978754617814	2.131788522279711	-0.2	0	NaN	NaN	NaN	NaN	9	285.8300239562988	285.7836227620443	94972.15115277778	1.1554565067658231	1008.205219509506	0.025017913259871887	0.10454606177257202	0.0037810705555718863	498.6821510554407	1457.8000114612742	0.0032723607798577203	34.20785753428346	959.1178604058334	270.3853906020458	-0.07837862882473615	-0.5968985046669052	0.13132323906946408	0.6161792169892557	-4.996371502024526e-14	-4.437701839983732e-14	0.6161792169892557	10.35979603566119	69.4806990690077	262.5193009309923	12.305552519440592	NaN	0.7400101399923897	2.561303044411658	454.9654806089885	0.006374109956909786	-1.0418632706831776	-0.08679382598432553	0	93.8720615582673	-14.245447502198394	32.22324103738705	80.24042633639584	122.37171302969023	171.62806748698515	257.13011982414963	0.6258753530395861	1.010976579129841	-70.00853583949602	1.013831830454451	65.70821517518992	1.0929458597325723	-0.8116517518422405	1.0929458597325723	1.4761620042241281	1.0929458597325723	0.017767902785179465	1.1699856078037778	NaN	NaN	800000009	800000009	800000009	800000009	810011119	810111119	899999999	899999999	89999	89999	89	89	12	6	7	51	27	15	0	NaN	0	0	0	0	0	0	0	0	0	NaN	NaN	NaN	NaN	0	0	0	0	0	0	0	0	17206	604	0	0	18000	18000	18000	18000	93	NaN	2.6647077166333952	2.11747332210507	0.3404250500848509	0.14954234563748894	1.4068459368349653	0.025961262518760225	3.6664228717964293e-8	NaN	-0.0600963991616309	-0.02041301831287249	0.037125432128495645	0.000017767902785179466	NaN	422.83872101374334	5.24932241830626	95375.18569683158	11.380000114440918	-2.773207356941697	94.69580201191373	94.31269676589966	95.0788989613851	-0.7661985843554141	0.00027987480778635164	-1	0	2.1159117044210434	82.00916636233859	1.0001587747368548	-273.1499938964844	9.001007786538866	-273.1499938964844	152
DATA	2026-03-14T023000_AIU-0547.ghg	2026-03-14	03:00:00	73.124	0	18000	18000	0.04475288120170904	2	NaN	-14.40543006916838	1	NaN	32.840787618880185	1	NaN	-1.4096964902854	1	NaN	0.7376219696071047	1	NaN	-0.0008821882481586942	1	NaN	NaN	NaN	NaN	NaN	NaN	NaN	NaN	NaN	NaN	1.7896098326124372e-10	2.271592331793925e-12	9.73782885609295e-13	NaN	16.737174052385228	421.3620811666669	423.62783107633584	0.1	1	212.44874463948173	5.348444420925439	5.377204098184552	0.3	0	0.09107221780227179	2.121529137005966	2.1329370321758923	-0.1	0	NaN	NaN	NaN	NaN	9	285.613686805725	285.5578305375841	94974.34747526042	1.156353487417376	1008.2543205824775	0.024997568987856468	0.04779790363054038	0.0038555337186283773	508.1012751241549	1436.3495762033465	0.003334217227328476	35.374485678284636	928.2483010791916	270.63740704210727	-0.09367505540677801	-0.8215373172399938	0.0504128581182186	0.828396062211203	-5.430286706580657e-15	1.0692425298387804e-14	0.828396062211203	6.621824776351851	68.50500532746594	263.49499467253406	3.4889468714706977	NaN	0.19672755436415845	1.5350693009978311	44.3992730478321	0.06531638472719543	-0.4386444757764181	-0.06280588349933713	1	5.184529458411859	2	5	9	17	35	136	0.04432672074863872	1.0096140757961078	-12.455835173516148	1.0153345236373772	29.494422435286037	1.1134575593380898	-1.2660531858290256	1.1134575593380898	0.6624607857039421	1.1134575593380898	0.0015270147926398517	1.2061047222272256	NaN	NaN	800000009	800000009	800000009	800000009	800011119	800011119	899999999	899999999	89999	89999	89	89	7	12	1	59	19	30	1	NaN	0	0	0	0	0	0	0	0	0	NaN	NaN	NaN	NaN	0	0	0	0	0	0	0	0	17637	0	0	0	18000	18000	18000	18000	93	NaN	1.611363162394246	1.1546416709039844	0.3041337686974321	0.04167703069925469	0.12013811407567425	0.013890838225147398	8.066345728594562e-9	NaN	-0.010683465365039281	-0.03181847685890538	0.01664897921808137	0.0000015270147926398517	NaN	421.3617275061491	5.3483870748401285	95374.62620963542	11.405520090103147	-2.518910001367958	94.68049429130554	94.29636230934992	95.06463076061672	-0.7682582625178276	0.0002796869863232133	-1	0	2.1167519613438186	81.68228968980577	1.0001623710923724	-273.1499938964844	9.001008840031094	-273.1499938964844	054
DATA	2026-03-14T030000_AIU-0547.ghg	2026-03-14	03:30:00	73.145	0	18000	18000	0.05815975084673226	2	NaN	-27.619661865501982	1	NaN	45.80230762747552	1	NaN	-0.28422201135512354	2	NaN	1.028532010812381	1	NaN	-0.00022735578485500122	1	NaN	NaN	NaN	NaN	NaN	NaN	NaN	NaN	NaN	NaN	3.639932184041859e-10	4.585178099823853e-12	1.983070779305377e-12	NaN	16.763422390520343	421.7202483678828	423.97254248364436	0.1	1	211.16678371122853	5.31235844323207	5.340730317024742	0.4	0	0.09132877049066494	2.125341828822279	2.136692706361511	-0.3	0	NaN	NaN	NaN	NaN	9	285.3718542910309	285.34218606284304	94990.11864952257	1.1574353810229947	1008.2301854712221	0.024974544391080208	0.06664887430064229	0.0038330509373149376	504.7569182227055	1416.1228116318534	0.003311675969268462	35.64358359859018	911.3658934091479	270.5484040933921	1.0998240987418195	-1.1023908046866604	0.13381415521345116	1.5629410617699595	2.530681550530592e-14	2.171353855582753e-14	1.5629410617699595	8.47180549657055	17.0667788375564	314.9332211624436	4.911499465593779	NaN	0.22416246398056355	2.047384785296142	34.26287929992235	0.08463970510518572	-0.603019002669938	-0.10558422003802398	0	36.42808173232776	-5.528101943319523	12.50458164766974	31.138176367893177	47.487683661911845	66.60215154747222	99.78215951913782	0.057674966067602196	1.008405462754184	-24.81911341520486	1.0159119176148765	40.58514364886464	1.1285486143340735	-0.25184737967432214	1.1285486143340735	0.911375901532864	1.1285486143340735	0.0052080695995165936	1.2234382975429883	NaN	NaN	800000009	800000009	800000009	800000009	800011109	800011119	899999999	899999999	89999	89999	89	89	9	7	6	53	68	22	0	NaN	0	0	0	0	0	0	0	0	0	NaN	NaN	NaN	NaN	0	0	0	0	0	0	0	0	17075	0	0	0	18000	18000	18000	18000	93	NaN	2.0277943720502947	1.7339921803787366	0.3329830181632527	0.03613650945079902	0.11055039876731386	0.020421919977287012	7.069530663256174e-9	NaN	-0.021268154866585263	-0.006323374606642015	0.022882792111281063	0.000005208069599516593	NaN	421.7206726843709	5.312319351238894	95386.69996419271	11.420000076293945	-2.609422128170903	94.67017759601222	94.28454275520582	95.05582183524925	-0.7712676288601426	0.00027952440695177454	-1	0	2.120584121446126	81.42727673043852	1.0001453616718452	-288.0079945204009	9.000949734873242	-273.1499938964844	196
DATA	2026-03-14T033000_AIU-0547.ghg	2026-03-14	04:00:00	73.166	0	18000	18000	0.1064309844706353	1	NaN	-28.546967727267337	1	NaN	40.32655161797083	1	NaN	1.124101684335625	1	NaN	0.9053847126903137	1	NaN	0.0014995994742072487	1	NaN	NaN	NaN	NaN	NaN	NaN	NaN	NaN	NaN	NaN	6.680191020902227e-10	8.137095648098476e-12	3.644447854645227e-12	NaN	16.791201757348954	422.0414084751111	424.22227492750886	0.2	0	204.5324966285383	5.140857944742358	5.16742293197605	0.3	0	0.09160615172531489	2.129513533202566	2.1405176302679902	-0.2	0	NaN	NaN	NaN	NaN	9	285.120483024352	285.12996273654625	95022.6726156684	1.158769115206759	1008.1325231584592	0.024947419862412494	0.05866892938233233	0.0037133403880007234	488.62909588071705	1396.4619495101438	0.0032045558854389665	34.99050554525458	907.8328536294267	270.11171111748695	0.9267225891325969	-1.3225549564724453	0.18486516469361444	1.6254665481688204	7.567289748731685e-14	3.9783876803091405e-14	1.6254665481688204	7.731843353715099	26.980829102970745	305.01917089702926	6.530409125480199	NaN	0.303064860416321	2.57880161560295	81.93938633980434	0.03539201511680402	-0.707895086039191	-0.08063245131850437	0	47.38197210092946	-7.190397067134342	16.264697743825497	40.5013971028844	61.76718606650309	86.62935670542518	129.78656228034572	0.10563482756232555	1.0075368789506474	-26.049234133837825	1.013743123080236	36.30710206667911	1.1107069780427499	1.0120596219864206	1.1107069780427499	0.815142724938806	1.1107069780427499	0.007528790774310191	1.1920568617750151	NaN	NaN	800000009	800000009	800000009	800000009	800011119	800011119	899999999	899999999	89999	89999	89	89	7	7	3	78	83	34	0	NaN	0	0	0	0	0	0	0	0	0	NaN	NaN	NaN	NaN	0	0	0	0	0	0	0	0	17009	0	0	0	18000	18000	18000	18000	93	NaN	2.301853941702362	2.5403030212432447	0.3154462682602926	0.06285494812263105	0.1370610621852775	0.02236799220351805	1.1885578182842953e-8	NaN	-0.022298745055733697	0.025378780015207176	0.020440819342850993	0.000007528790774310191	NaN	422.04138092285183	5.1407710810386416	95420.373812717	11.390865335623424	-3.046886920894485	94.66444543711344	94.27829064687093	95.05060262616476	-0.772297664879097	0.00027936587033198314	-1	0	2.124893599324756	81.25702654890131	1.000147295196851	-273.1499938964844	9.000882644149993	-273.1499938964844	201
DATA	2026-03-14T040000_AIU-0547.ghg	2026-03-14	04:30:00	73.187	0	18000	18000	0.14839428556888248	1	NaN	-11.570059265100776	1	NaN	82.81273506147632	1	NaN	1.4553835154413968	1	NaN	1.8586939128368198	1	NaN	-0.0019093742964868456	2	NaN	NaN	NaN	NaN	NaN	NaN	NaN	NaN	NaN	NaN	-2.794302435586611e-10	-3.2195626283381277e-12	-1.5272588363083977e-12	NaN	16.81447898500063	421.9998303490746	424.0617171201802	0.2	0	193.734462904407	4.862232754958347	4.885989573503018	0.3	0	0.0919015110201306	2.132995789245544	2.143417584432123	0	1	NaN	NaN	NaN	NaN	9	284.7902661497328	284.8145529149373	95050.696796875	1.1605169782172655	1007.9746235929669	0.024912475896890426	0.12044336555182591	0.0035170103569075683	462.28258050252293	1367.6852354697396	0.003030554850055053	33.800363454515846	905.4026549672167	269.3700214140115	-0.07985455468162235	-1.1247471621434932	0.1086743238844636	1.1328031767808993	4.691745103175744e-14	-1.6618430092774632e-14	1.1328031767808993	8.196900993427777	66.06105894850919	265.9389410514908	5.505078798358422	NaN	0.3575879202460234	2.035664460843108	332.14531171979104	0.008731118271651347	-0.1397135266274167	-0.027659966325376473	0	49.09212231036081	-7.449918959217283	16.851736970341676	41.96320778037625	63.996539584389765	89.7560567127003	134.47092865058286	0.1472148285740393	1.0080118083637886	-6.957850127483902	1.0124673479763775	75.66851061321726	1.0944147623676255	1.3298281104074856	1.0944147623676255	1.6983450669248785	1.0944147623676255	-0.003381674533999875	1.1691575431073304	NaN	NaN	800000009	800000009	800000009	800000009	800010109	800110109	899999999	899999999	89999	89999	89	89	10	6	4	46	12	18	0	NaN	0	0	0	0	0	0	0	0	0	NaN	NaN	NaN	NaN	0	0	0	0	0	0	0	0	17505	0	0	0	18000	18000	18000	18000	93	NaN	1.8862466659079848	1.7831774330228456	0.4019048227553849	0.026411841849588374	0.07512467588294577	0.030105894829805337	2.2943733442497543e-8	NaN	-0.005948041262989843	0.03329122384640031	0.04251676239126941	-0.000003381674533999875	NaN	421.9996227817778	4.862139820608769	95448.30586067708	11.390000343322754	-3.7910316108200295	94.66838395712111	94.28032291115655	95.05643967734443	-0.776122719062699	0.00027898691420947825	-1	0	2.1286147771212796	81.0596691862389	1.0001365630626677	-273.1499938964844	9.000805704964531	-273.1499938964844	089
DATA	2026-03-14T043000_AIU-0547.ghg	2026-03-14	05:00:00	73.208	0	18000	18000	0.09553447671818527	1	NaN	-16.168321737330782	1	NaN	39.80383308337082	1	NaN	-0.5566092231587951	1	NaN	0.8930950969793648	1	NaN	-0.0007315627052341157	1	NaN	NaN	NaN	NaN	NaN	NaN	NaN	NaN	NaN	NaN	1.4371973005840594e-10	1.5627670738663804e-12	7.852476849247014e-13	NaN	16.85385701122234	422.47964981700966	424.4294457517469	0.1	1	183.2640013593583	4.593922392174749	4.615123913262547	0.3	0	0.09208514512750593	2.1336984193893356	2.14354570198835	-0.9	0	NaN	NaN	NaN	NaN	9	284.4189413409763	284.4831475796169	95094.46312369792	1.1625220445425652	1007.8221969139611	0.024872035776681508	0.05787256228426284	0.003328335632380512	436.9737656698128	1338.0124760495246	0.0028630301231751367	32.658422360901724	901.0387103797118	268.62133120729305	0.6282582661773732	-1.4749335557386467	0.141931905230104	1.609435338429792	1.7679146461423448e-13	8.527408887040425e-15	1.609435338429792	8.279917690354658	38.92808095792634	293.07191904207366	5.059337639286439	NaN	0.28666816472886586	2.7469654860107027	122.49260087519949	0.023674899375796907	-0.4062001190555077	-0.04813936534166302	0	47.43305574522447	-7.19814920723807	16.28223310584761	40.54506263370375	61.83377875613204	86.72275389948918	129.92648829625065	0.09483788662788321	1.007345061294283	-13.850471042862635	1.0131195016953711	36.01425534393849	1.1052243813801401	-0.5036164895889591	1.1052243813801401	0.8080667708977968	1.1052243813801401	0.001813331613238555	1.182885470862409	NaN	NaN	800000009	800000009	800000009	800000009	800000109	800010119	899999999	899999999	89999	89999	89	89	3	3	2	56	10	16	2	NaN	0	0	0	0	0	0	0	0	0	NaN	NaN	NaN	NaN	0	0	0	0	0	0	0	0	17108	0	0	0	18000	18000	18000	18000	93	NaN	2.344960086988465	2.8674936797050314	0.28147720532790876	0.05933549288099915	0.09298356431928748	0.016337916337340344	1.1968099737187136e-8	NaN	-0.011821686206683299	-0.012583791816429673	0.020191046617738413	0.000001813331613238555	NaN	422.4796345590638	4.593842622299427	95490.46147243923	11.390000343322754	-4.537019090076263	94.68067498588562	94.29250218878852	95.06885237397088	-0.7763480237672726	0.0002790364258851493	-1	0	2.129556137263775	80.976609905914	1.0001285036040677	-273.14999389648557	9.00079313580195	-273.1499938964844	118
DATA	2026-03-14T050000_AIU-0547.ghg	2026-03-14	05:30:00	73.229	0	18000	18000	0.03594204502421382	2	NaN	-31.33283127793945	1	NaN	35.15611122587733	1	NaN	0.5316511058602686	1	NaN	0.7884963904484257	1	NaN	-0.006070389867204533	2	NaN	NaN	NaN	NaN	NaN	NaN	NaN	NaN	NaN	NaN	1.681044663774452e-10	1.707503865557544e-12	9.161673956537399e-13	NaN	16.905477999187575	422.97234624796386	424.797402563794	0.1	1	171.71565785704675	4.296298199601224	4.314836021833401	0.3	0	0.09213465938508433	2.1304538402985163	2.139646399271489	-0.3	0	NaN	NaN	NaN	NaN	9	283.99085670640727	284.06512598249645	95113.14076453993	1.164592722380473	1007.6523231554422	0.024830611610913923	0.05109456610105798	0.003117897218821484	408.7440272812976	1301.3933249013169	0.0026772425749393147	31.408185324163405	892.6492976200193	267.73937729233575	-0.505480058188777	-1.4820315615354624	0.10204424158557135	1.5691847137461448	-2.000508828825383e-14	9.943786646288486e-15	1.5691847137461448	5.134431497957677	80.8330921764047	251.1669078235953	3.7285815019248236	NaN	0.17567677733522696	1.119372151369361	14.54844164247483	0.19933406417449684	-0.8912484966447688	-0.1519849208798316	1	17.189988952741714	8	16	34	66	148	691	0.03556357898073075	1.010641956021584	-28.953037340936564	1.0211571724591504	30.010303978613432	1.171468014816878	0.4538332239001639	1.171468014816878	0.6730840112366894	1.171468014816878	0.0017292522609873237	1.2967679445493174	NaN	NaN	800000009	800000009	800000009	800000009	800011009	800111109	899999999	899999999	89999	89999	89	89	14	6	3	54	63	35	0	NaN	0	0	0	0	0	0	0	0	0	NaN	NaN	NaN	NaN	0	0	0	0	0	0	0	0	16248	0	0	0	18000	18000	18000	18000	93	NaN	1.0957271497543841	0.9506667703779514	0.19235038260638634	0.048110753618542786	0.04219446327724602	0.026339521554815434	1.221701565279091e-8	NaN	-0.024672283579157475	0.011317593317395017	0.01678522132459293	0.0000017292522609873238	NaN	422.9725043377722	4.29614192661713	95511.4007016059	11.390000343322754	-5.4225745772654	94.73856222407024	94.35237006929185	95.12475897534688	-0.7723886815624106	0.0002782396493130364	-1	0	2.126583045270708	80.8138641764323	1.0001112985014915	-273.1499938964844	9.00069108610683	-273.1499938964844	177
DATA	2026-03-14T053000_AIU-0547.ghg	2026-03-14	06:00:00	73.249	0	18000	18000	0.0962147244217739	0	NaN	-82.2231559405408	0	NaN	77.41218644137004	0	NaN	6.158865466709718	0	NaN	1.7346959939378763	0	NaN	0.0013916496009993603	0	NaN	NaN	NaN	NaN	NaN	NaN	NaN	NaN	NaN	NaN	-1.104500174068884e-10	-1.0865067784370594e-12	-5.989240127906984e-13	NaN	16.997713362604525	424.04669423961246	425.82296601096317	0.1	1	167.20803871279608	4.17138555956834	4.188858905116211	0.6	0	0.09217145396993176	2.1221141580785488	2.1310033948672893	-0.3	0	NaN	NaN	NaN	NaN	9	283.0337001800537	283.1396094165377	95139.72812239583	1.1687814010183966	1007.5661878121173	0.02474279419487808	0.11240830040717438	0.0030379903126262803	396.9709427287783	1223.4397566507705	0.00259928016477605	32.44711810048635	826.4688139219923	267.35548311704184	0.19691863397351864	-1.3431999601500668	0.14760912824342495	1.3655590562454547	-5.583858191935916e-14	-6.497933872086685e-15	1.3655590562454547	5.786540484320739	53.65961723397095	278.34038276602905	6.205471010517662	NaN	0.286915574938809	1.021428210150166	24.155240541587368	0.12005676345914068	-1.0621474437079035	-0.24335100328643397	0	73.25825210469728	-11.117222389033286	25.147187313896037	62.62005205767613	95.49953047582976	133.93944936853512	200.66570211730487	0.09533193438493645	1.0092601712378233	-76.91903228316093	1.0175686945380829	67.87948652283423	1.140435651576844	5.400449782672132	1.140435651576844	1.5210818703706497	1.140435651576844	0.020453848299108165	1.246997381577056	NaN	NaN	800000009	800000009	800000009	800000009	800000009	800111119	899999999	899999999	89999	89999	89	89	6	2	13	22	30	9	0	NaN	0	0	0	0	0	0	0	0	0	NaN	NaN	NaN	NaN	0	0	0	0	0	0	0	0	13085	0	0	0	18000	18000	18000	18000	93	NaN	0.9726972760465346	0.9750430683126246	0.09511607594117302	0.5285176447466446	3.7210659255068896	0.27332775737999565	1.1999096547031524e-7	NaN	-0.06531710609390098	0.13418209291755126	0.037793509259202475	0.000020453848299108166	NaN	424.0453804186087	4.171109045255405	95534.17659353299	11.390000343322754	-5.880905284014626	94.80007543987698	94.41235073004829	95.18779754681057	-0.7754414565894341	0.0002773979837462927	-1	0	2.118350407183169	80.50606524552236	1.000077059055368	-378.3672483147668	9.000675742387772	-273.1499938964844	018
DATA	2026-03-14T060000_AIU-0547.ghg	2026-03-14	06:30:00	73.27	1	18000	18000	0.01748730734488506	2	NaN	-18.668280610220407	1	NaN	33.71037995921151	1	NaN	0.2879300123069878	1	NaN	0.7555159768350572	1	NaN	0.0014579605538759843	1	NaN	NaN	NaN	NaN	NaN	NaN	NaN	NaN	NaN	NaN	2.5580961811143212e-11	2.1468334795620934e-13	1.3856269401792453e-13	NaN	16.984011471117395	423.3992056433403	424.909033706665	0	0	142.53508023915848	3.5532971614037088	3.5659681057515322	0.3	0	0.09199616504037104	2.118986271261136	2.1265425087209784	-0.3	0	NaN	NaN	NaN	NaN	9	283.1396779971652	283.2983066626655	95195.21889887152	1.1690815951855338	1007.2349006609136	0.024742231267891143	0.04895743529891171	0.002587899824082445	338.3476349255394	1236.5067594129878	0.0022136177960031473	27.363185227241672	898.1591244874484	265.27852200084783	0.5069618561471786	-1.8366583015829903	0.15987547321252682	1.9120366647365197	-6.140336411827222e-15	1.5061790234094923e-15	1.9120366647365197	5.331341350531345	46.56921472851417	285.43078527148583	4.796402541639964	NaN	0.12230354905120609	0.9032920617569887	8.2431961365987	0.3518052891067803	-0.5537843427694507	-0.12962526923404077	1	42.16998237908074	19	41	89	178	425	2250	0.01725253332768826	1.0136080894751853	-16.568496677879565	1.0278128077219082	27.465309251814592	1.227380316388912	0.2345890743580682	1.227380316388912	0.615551648292575	1.227380316388912	0.0042103652417598315	1.3830923518303089	NaN	NaN	800000009	800000009	800000009	800000009	800000009	800111119	899999999	899999999	89999	89999	89	89	3	1	3	19	49	16	0	NaN	0	0	0	0	0	0	0	0	0	NaN	NaN	NaN	NaN	0	0	0	0	0	0	0	0	15716	0	0	0	18000	18000	18000	18000	93	NaN	0.8906455368586567	0.8020163341938805	0.1139222524614402	0.10713784123460264	0.16708825971682043	0.026325640224207907	1.7996594088868313e-8	NaN	-0.014070434729681423	0.005824960498261528	0.015284445986052823	0.000004210365241759832	NaN	423.3991545605073	3.5531461472947723	95592.44584179687	11.390000343322754	-7.887124401224957	94.81744028854371	94.43096477656894	95.20390756183201	-0.7729472169362838	0.00027681073381487887	-1	0	2.115794811434216	80.36401721170212	1.0000655196789239	-341.302996758347	9.000639091306262	-273.1499938964844	125
DATA	2026-03-14T063000_AIU-0547.ghg	2026-03-14	07:00:00	73.291	1	18000	18000	0.10651934144181241	1	NaN	-24.322782738660916	0	NaN	49.842339690209315	0	NaN	0.4189179943796659	0	NaN	1.1168819354708392	0	NaN	0.0015456122057890189	0	NaN	NaN	NaN	NaN	NaN	NaN	NaN	NaN	NaN	NaN	-1.0678437418997575e-10	-8.585423420606567e-13	-5.78298367785647e-13	NaN	17.018980628384465	423.78222030300833	425.23106464046907	0	0	136.83196253211534	3.407193072043723	3.418841725886577	0.2	0	0.0921674991629458	2.12104523299907	2.12829675094414	-0.8	0	NaN	NaN	NaN	NaN	9	282.96824653286404	283.12710852305094	95254.14607486979	1.1705773713559136	1007.1525932839969	0.02471198238878195	0.07237394941851039	0.0024845283249342767	324.6363234948634	1222.415629797997	0.002122481081328589	26.55695130047619	897.7793063031337	264.74677575258335	-0.27277566858203695	-2.2047055928152473	0.16834917813234554	2.227885715681789	2.1017683825166306e-14	-6.274428329266646e-15	2.227885715681789	7.296051002704467	69.05303767277127	262.94696232722873	4.333660600707902	NaN	0.3016575324108831	1.3743202542436745	94.97131672140993	0.030535535360712084	-0.4879944017443209	-0.06839174528578355	0	53.675320523751004	-8.145436970191117	18.425000604916526	45.88085667954702	69.97120134441775	98.13560478287566	147.0250186132855	0.10575599120404586	1.0072180330312799	-21.387703275707764	1.0140520884408106	44.66118689916909	1.1160101902965012	0.3753711193876894	1.1160101902965012	1.0007811265362248	1.1160101902965012	0.005677215679872001	1.1931462116948524	NaN	NaN	800000009	800000009	800000009	800000009	800000009	800111119	899999999	899999999	89999	89999	89	89	29	7	2	40	62	31	0	NaN	0	0	0	0	0	0	0	0	0	NaN	NaN	NaN	NaN	0	0	0	0	0	0	0	0	16316	0	0	0	18000	18000	18000	18000	93	NaN	1.193091954482842	1.326736557893785	0.2288119961107222	0.05922090671773621	0.0896866280888673	0.02665646845924856	9.99290468184497e-9	NaN	-0.01814131442140998	0.009307886765751948	0.024815860682877965	0.000005677215679872001	NaN	423.7823256475607	3.4070755719065375	95652.43303211805	11.390000343322754	-8.41983261982597	94.81782606103685	94.43130913247002	95.20434053632948	-0.773001803121633	0.00027668106993466307	-1	0	2.1179841455861377	80.22474232440523	1.0000842783004045	-273.1499938964844	9.00063505019082	-273.1499938964844	133
DATA	2026-03-14T070000_AIU-0547.ghg	2026-03-14	07:30:00	73.312	1	18000	18000	0.09075556623545974	1	NaN	-10.059577295459217	0	NaN	37.53839140945689	0	NaN	0.32855767678393855	0	NaN	0.8410538204871333	0	NaN	-0.0013608307436101502	1	NaN	NaN	NaN	NaN	NaN	NaN	NaN	NaN	NaN	NaN	1.0957916548122443e-10	8.349569220535739e-13	5.932966552901453e-13	NaN	17.054640634267844	424.2519390274596	425.6278487921821	0	0	129.9507090438464	3.2326591613469002	3.243143137722619	0.3	0	0.09233928001778985	2.1233227763201263	2.1302090160113187	0.7	0	NaN	NaN	NaN	NaN	9	282.80422027587895	282.9810119594998	95319.32779730903	1.172060591080681	1007.0554968701397	0.024682340799068257	0.05450028756756623	0.002360088921864344	308.21755218198075	1210.502627551523	0.0020136236469551964	25.461948216123307	902.2850753695421	264.08308126921	0.1087742375678263	-1.9910373723512034	0.11250555528844118	1.99717779699969	-1.6201388299871318e-13	6.42518173388229e-15	1.99717779699969	7.065767473184084	58.87292891397374	273.12707108602626	3.229310697717099	NaN	0.27826693441656886	1.7240922636349247	180.32968337650564	0.01608165636239246	-0.26798104334659767	-0.030627719462044286	0	47.712424951784456	-7.2405445621468445	16.378131514085062	40.78386322961608	62.197964732310595	87.23352990931933	130.69172383455145	0.09012801790518511	1.0069628551127665	-7.948775918177812	1.0129995805080825	33.9322609261009	1.1062743944828661	0.29699474056572067	1.1062743944828661	0.7602578751542814	1.1062743944828661	-0.0004959461388547306	1.1799799934516808	NaN	NaN	800000009	800000009	800000009	800000009	800000009	800110109	899999999	899999999	89999	89999	89	89	18	14	0	34	35	26	0	NaN	0	0	0	0	0	0	0	0	0	NaN	NaN	NaN	NaN	0	0	0	0	0	0	0	0	17307	0	0	0	18000	18000	18000	18000	93	NaN	1.2062344782918035	1.980594611304373	0.26135543767367264	0.034578153521195955	0.12577984353244645	0.02033255025990755	1.8726148787098887e-8	NaN	-0.006734367090533637	0.007354305743123965	0.018825817746308236	-4.959461388547306e-7	NaN	424.25197055743956	3.2326673719295758	95717.02240538194	11.390000343322754	-9.081405148214742	94.81884472295972	94.43305361260308	95.20462917963664	-0.7715435016353926	0.0002763897160604959	-1	0	2.1204076923065713	79.9595139427185	1.000117084812787	-273.1499938964844	9.000688987414042	-273.1499938964844	252
DATA	2026-03-14T073000_AIU-0547.ghg	2026-03-14	08:00:00	73.333	1	18000	18000	0.16193717824009593	0	NaN	-71.79995564782499	0	NaN	101.22702323868933	0	NaN	6.013129864130802	0	NaN	2.2672165653174767	0	NaN	0.0046019519601497	0	NaN	NaN	NaN	NaN	NaN	NaN	NaN	NaN	NaN	NaN	-1.1558897915144245e-10	-8.32996644677387e-13	-6.261985119855922e-13	NaN	17.08474132223459	424.46370755727634	425.7660897695408	0.1	0	123.12187806379568	3.0589148444618175	3.068300514452747	0.4	0	0.09255587922119435	2.1245409015775776	2.131059631518864	0	1	NaN	NaN	NaN	NaN	9	282.4232809643215	282.6161665217081	95351.82093055555	1.1740509495345828	1006.9546300129344	0.024642117848727187	0.1469156334325725	0.0022368875427034515	291.75133871253456	1181.1978524711647	0.0019052729726850427	24.69961641922785	889.4465137586301	263.38507823119676	-0.30753821811789495	-1.5503455004172002	0.1449192515641372	1.5871838317412101	-2.3231507315433933e-14	-6.765626530207485e-15	1.5871838317412101	5.763383784645349	73.21996848664458	258.7800315133554	5.238739128253101	NaN	0.37138966293451664	1.452262597015445	60.0783714751284	0.04827028311179438	-0.7092963257303687	-0.16353003024039595	0	71.29898380446988	-10.8198958655683	24.474633908259463	60.945298983034775	92.94542636643216	130.35728203914485	195.2989627015265	0.16068705605319272	1.0077798561851141	-65.53721219851644	1.0143211025166172	90.75748433444602	1.1153573061331505	5.3912139464776665	1.1153573061331505	2.0327266902278383	1.1153573061331505	0.019500103222989205	1.2005079679911121	NaN	NaN	800000009	800000009	800000009	800000009	800011119	800111119	899999999	899999999	89999	89999	89	89	0	7	6	19	17	11	0	NaN	0	0	0	0	0	0	0	0	0	NaN	NaN	NaN	NaN	0	0	0	0	0	0	0	0	14815	0	0	0	18000	18000	18000	18000	93	NaN	1.604816057875813	1.129164395512468	0.17054474064260905	0.40287771954291723	1.9981846945837396	0.15972229246412076	8.153635065221146e-8	NaN	-0.05543590173752091	0.13325866566897593	0.05024442529988132	0.000019500103222989204	NaN	424.4630321996716	3.058706835445557	95749.04833506944	11.390000343322754	-9.848846298297342	94.84484736612109	94.46041462771097	95.22928472900391	-0.7688573873970249	0.0002759363996738103	-1	0	2.121774895343516	79.84439794476828	1.0001028777460257	-273.1499938964844	9.000628556728364	-273.1499938964844	185
DATA	2026-03-14T080000_AIU-0547.ghg	2026-03-14	08:30:00	73.354	1	18000	18000	0.10374572372133252	0	NaN	-36.58334444074097	0	NaN	64.74861498858522	0	NaN	4.020702236396324	0	NaN	1.4495961978623881	0	NaN	-0.0008947576330595654	1	NaN	NaN	NaN	NaN	NaN	NaN	NaN	NaN	NaN	NaN	-5.975143600998261e-11	-4.825045645317708e-13	-3.2387146849108434e-13	NaN	17.170498312618722	425.76800641041257	427.2369153497352	0.1	1	138.65514143860008	3.4381601555198524	3.4500218832946676	0.5	0	0.09306947036892024	2.132392493783477	2.1397492945508034	0.4	0	NaN	NaN	NaN	NaN	9	282.0152251536051	282.1828201276991	95376.12941796875	1.1759848379038524	1007.1509671893351	0.024598062228552688	0.09393383362148275	0.0025187206410141744	328.0063685941966	1147.204491060903	0.002141796866619213	28.591796070364527	819.1981224667063	264.8792972014869	-0.15218704578527958	-1.3149533089070522	0.1638338844012055	1.3338308150543643	3.7079228010439967e-14	-3.479889454697471e-15	1.3338308150543643	6.0186203875132005	68.60179541087399	263.398204589126	7.055434219612458	NaN	0.29701900653506047	0.7597752350628214	60.32864441165776	0.04807003419820935	-0.5650058220888646	-0.1039927034293251	0	76.04163884564586	-11.539612065347006	26.10263391179761	64.99924918028493	99.12795620612637	139.02836804665947	208.2898296195311	0.10291748375945868	1.0080476118499906	-32.70423947002641	1.0142005651512975	58.223995218554236	1.1120606675227223	3.615542167634636	1.1120606675227223	1.3035225866692828	1.1120606675227223	0.006274429468126764	1.1980554192466217	NaN	NaN	800000009	800000009	800000009	800000009	800011119	800111119	899999999	899999999	89999	89999	89	89	9	3	4	7	8	7	0	NaN	0	0	0	0	0	0	0	0	0	NaN	NaN	NaN	NaN	0	0	0	0	0	0	0	0	15214	0	0	0	18000	18000	18000	18000	93	NaN	0.7307109052147304	0.6959799518608879	0.0928596130500246	0.3083146018664416	2.3828413899492156	0.16293220073517498	4.361243881048777e-8	NaN	-0.02761262899031716	0.08924224265598626	0.03217478142792733	0.000006274429468126764	NaN	425.7675020489283	3.4379839509949446	95777.71683550347	11.390000343322754	-8.342478193541336	94.86339091936748	94.47475077523126	95.25203067821927	-0.7772769571824208	0.00027546844071993186	-1	0	2.1292730107307434	79.66075529501174	1.0001084417204062	-273.1499938964844	9.000638455602857	-273.1499938964844	218
DATA	2026-03-14T083000_AIU-0547.ghg	2026-03-14	09:00:00	73.374	1	18000	18000	0.0654307333714916	0	NaN	-20.351036365809687	1	NaN	46.80712757643296	0	NaN	1.9524083407873933	1	NaN	1.0478680804770053	0	NaN	-0.0013137935157154217	1	NaN	NaN	NaN	NaN	NaN	NaN	NaN	NaN	NaN	NaN	5.129570455489787e-11	3.968832320216356e-13	2.775638130880014e-13	NaN	17.197569259038314	426.3675820374589	427.778770952521	0.3	0	133.06039813018492	3.2988755190441976	3.3097941178325923	0.4	0	0.09305697115973988	2.131435238209425	2.138489850023391	-0.9	0	NaN	NaN	NaN	NaN	9	281.9134440731472	282.1299888610839	95395.58034874132	1.1765069667211183	1007.0747353936181	0.024588442345190895	0.06790185161490994	0.0024176292681401873	314.7825590834218	1143.1197470165523	0.002054921336231464	27.537146471747878	828.3371879331305	264.3521474502765	-0.5920070040544594	-1.2358813649361529	0.11511675358309473	1.375182499889256	3.187715699805836e-14	2.9827299301579507e-15	1.375182499889256	4.199551994830937	87.59516863250485	244.40483136749515	4.801858399179884	NaN	0.23582706306346934	0.6119647993837295	54.287758194527854	0.05341904135382619	-0.4347849872346425	-0.07283442295703141	0	62.30679431391357	-9.455296418287293	21.38790624298709	53.258910653616525	81.22319918210712	113.91669173866435	170.66796256360982	0.06490872168477352	1.0080422426011286	-17.62678389288339	1.014362905228709	42.022060293546346	1.1138703635533425	1.7528146943052174	1.1138703635533425	0.9407450945496167	1.1138703635533425	0.0020896269838835417	1.2006935801874814	NaN	NaN	800000009	800000009	800000009	800000009	800000009	800111109	899999999	899999999	89999	89999	89	89	1	4	4	12	28	8	0	NaN	0	0	0	0	0	0	0	0	0	NaN	NaN	NaN	NaN	0	0	0	0	0	0	0	0	15709	0	0	0	18000	18000	18000	18000	93	NaN	0.6129697759049813	0.5146355311541675	0.09632429170831022	0.126337131595881	0.7369035730661488	0.07686388477612843	1.534929053129878e-8	NaN	-0.01487705182537556	0.04324167020401981	0.023208037482073084	0.0000020896269838835418	NaN	426.367354112276	3.298792848840872	95798.0485516493	11.390000343322754	-8.83779058865711	94.85986375512019	94.4705563598209	95.24917717870076	-0.7786167449322015	0.0002755754068299818	-1	0	2.1284463617867893	79.36562400280701	1.000112270153231	-273.1499938964844	9.000653987169265	-273.1499938964844	152
DATA	2026-03-14T090000_AIU-0547.ghg	2026-03-14	09:30:00	73.395	1	18000	18000	0.0948165673485875	1	NaN	-6.640010939549734	1	NaN	41.68678985632463	1	NaN	1.0409620229578254	1	NaN	0.9336319247885153	1	NaN	0.0023924483371117323	2	NaN	NaN	NaN	NaN	NaN	NaN	NaN	NaN	NaN	NaN	-6.965649810015481e-11	-5.16396356058592e-13	-3.772339888270353e-13	NaN	17.153566236445048	425.4125933839238	426.75849728298425	0.1	0	127.16744796980015	3.1537834808897105	3.163761299012013	0.2	0	0.09289740929380055	2.1318614266946785	2.1386061273713115	0	1	NaN	NaN	NaN	NaN	9	282.2599011060927	282.56970703887936	95455.74915776911	1.1754816276050652	1007.0049111009251	0.024611242015798854	0.06049934872629579	0.0023091552739552	301.1275174575531	1177.5114117971002	0.0019644333179922933	25.573214360443167	876.3838943395472	263.7867062134227	-0.6349793779470738	-1.4579159708863811	0.05663569975377426	1.5912024984489594	6.982493673175411e-14	-4.060758978046224e-15	1.5912024984489594	8.60974599450379	85.53500739620603	246.46499260379397	2.0397605701349364	NaN	0.2840103659430787	1.620359165572105	290.75725024676507	0.0099739559290053	-0.15928333561866545	-0.01975091269262923	0	46.56807198070872	-7.066884583844084	15.985312170323928	39.805687521592006	60.70618505839525	85.14128770553212	127.55716375683139	0.09414347716238582	1.0071496210517132	-4.343612657455425	1.0124061078534368	37.935797574012845	1.098877380263156	0.9472958872886607	1.098877380263156	0.849623389795258	1.098877380263156	0.0016216064433347158	1.1722182122101044	NaN	NaN	800000009	800000009	800000009	800000009	800010109	800110109	899999999	899999999	89999	89999	89	89	13	6	3	46	36	19	0	NaN	0	0	0	0	0	0	0	0	0	NaN	NaN	NaN	NaN	0	0	0	0	0	0	0	0	17207	0	0	0	18000	18000	18000	18000	93	NaN	1.5194966764904698	1.431930738581093	0.2892909160726472	0.041976393309994885	0.6029233147018277	0.015256833657826508	3.973053449845515e-8	NaN	-0.003669472655971265	0.023387908527645555	0.02097645982645817	0.0000016216064433347157	NaN	425.4125849458201	3.1537614101727174	95860.78410069444	11.390000343322754	-9.374514414760794	94.82121105003355	94.432065624449	95.21035825199553	-0.7782919707563192	0.0002757152565302223	-1	0	2.1290004692474995	79.40694237560693	1.000107551521725	-273.1499938964844	9.00064834247695	-273.1499938964844	019
DATA	2026-03-14T093000_AIU-0547.ghg	2026-03-14	10:00:00	73.416	1	18000	18000	0.11509552306425634	0	NaN	-4.653287814253	2	NaN	37.87742403129059	0	NaN	-0.3522838156364459	1	NaN	0.8489093270345571	0	NaN	0.005531352874266763	2	NaN	NaN	NaN	NaN	NaN	NaN	NaN	NaN	NaN	NaN	-3.111176633455487e-11	-2.291330662832256e-13	-1.6798054315229286e-13	NaN	17.071494445291492	424.9240457057305	426.2580184864464	0.1	1	125.72876210959944	3.129496039634632	3.139320530802924	0.2	0	0.0921734522721834	2.1222415338758664	2.1289039302944857	0	1	NaN	NaN	NaN	NaN	9	282.80595463816326	283.30038574812147	95511.2283500434	1.1731420837598314	1007.0061656900186	0.024660549841089043	0.055009324391839295	0.002286790844642579	298.98218816237573	1236.67876208115	0.0019492871974327165	24.17622080444176	937.6965739187742	263.6958036200594	-1.3449724918718682	-1.4991771680284491	0.06802084502152253	2.0152195960706734	-3.2550961905332666e-14	-1.8224395312465357e-15	2.0152195960706734	6.494872782168583	103.89656453226075	228.1034354677393	1.9343042126290335	NaN	0.31322318999948856	1.174986140992953	556.7795662010915	0.005208524479062168	-0.12285122162502163	-0.012575442127782133	0	56.24650655246568	-8.535624369747755	19.307605565113423	48.078667824945065	73.32300201470048	102.83655288109044	154.06789548931124	0.11432155456454951	1.0067701012521644	-2.582024201230792	1.0124789126411398	34.37692420734937	1.1018270221857969	-0.3197269703347697	1.1018270221857969	0.7704560788049077	1.1018270221857969	0.004116823825015902	1.1723702914963687	NaN	NaN	800000009	800000009	800000009	800000009	800000009	800111109	899999999	899999999	89999	89999	89	89	22	12	3	21	19	18	0	NaN	0	0	0	0	0	0	0	0	0	NaN	NaN	NaN	NaN	0	0	0	0	0	0	0	0	12521	0	0	0	18000	18000	18000	18000	93	NaN	1.1736102673961883	0.9569017037590994	0.219460310830618	0.04031877918547794	0.13740135030887446	0.027690939349067245	2.6003970359476143e-8	NaN	-0.0021856346368622397	-0.007909401969200053	0.019059533265214174	0.000004116823825015903	NaN	424.9240770173063	3.1293858327605024	95925.18256597222	11.390000343322754	-9.472200723317039	94.7022009741465	94.31903765063815	95.08536587248906	-0.7663237027608675	0.0002770135043182462	-1	0	2.1194179745184045	79.85330208386317	1.0000808310541842	-362.82287266203275	9.000641769064798	-273.1499938964844	216
DATA	2026-03-14T100000_AIU-0547.ghg	2026-03-14	10:30:00	73.437	1	18000	18000	0.23389493693614077	0	NaN	16.264418613166963	1	NaN	36.28410792433252	0	NaN	0.7081362472504613	1	NaN	0.813893854131224	0	NaN	-0.003408931425489686	1	NaN	NaN	NaN	NaN	NaN	NaN	NaN	NaN	NaN	NaN	-7.928612369498558e-11	-4.89895859964796e-13	-4.2709789267863774e-13	NaN	16.990449542288836	424.24539152257137	425.36040670150214	0.1	1	104.98118083977516	2.6213421873870244	2.628231681973208	0.5	0	0.09152402535266366	2.115384262391432	2.1209439823293965	-0.2	0	NaN	NaN	NaN	NaN	9	283.5686788804796	284.1911762754652	95557.28180034722	1.1702538733629493	1006.7503022625089	0.02472616837815527	0.05274032174770331	0.0019103884719878757	250.55552493926456	1312.3414212909786	0.0016324564399842639	19.09225151887591	1061.785896351714	261.47165777212103	-0.676841940231403	-0.7677665306309371	0.07657475994515603	1.0263742745577935	-3.1168699027786075e-14	-4.666511236070844e-15	1.0263742745577935	6.327235385543348	103.3985173973739	228.60148260262608	4.278644846926811	NaN	0.4470646868726457	1.2958583352977942	-463.3153564150146	-0.006259235658492454	0.448251853045004	0.030879219947496747	0	75.72056477139422	-11.490887835867612	25.9924195720492	64.72479989073223	98.70940372284883	138.4413422376036	207.41035798745762	0.23094166785673545	1.0127879438423273	18.005627664225056	1.014979956940538	33.41067549866998	1.0860034220432604	0.6520571048644938	1.0860034220432604	0.7494394931094452	1.0860034220432604	-0.010534017414313628	1.1483427878862444	NaN	NaN	800000009	800000009	800000009	800000009	800010009	800110109	899999999	899999999	89999	89999	89	89	5	6	3	20	21	12	0	NaN	0	0	0	0	0	0	0	0	0	NaN	NaN	NaN	NaN	0	0	0	0	0	0	0	0	8711	0	0	0	18000	18000	18000	18000	93	NaN	1.5956695995089354	0.783432423922928	0.21261464716372516	0.03907635891094909	0.29610038871130423	0.0805055770106009	2.6811226777205315e-8	NaN	0.015282922446025058	0.016165259811123562	0.018579483343485022	-0.000010534017414313628	NaN	424.24513009800046	2.6211722369656956	95955.62151345485	11.390000343322754	-11.74930375197209	94.60989333852132	94.23143224567838	94.98835220930312	-0.7569211735609503	0.0002775666077116816	-1	0	2.11304010907809	80.16178340042961	1.0001297874252002	-284.65686937967934	9.000878192358547	-273.1499938964844	059
DATA	2026-03-14T103000_AIU-0547.ghg	2026-03-14	11:00:00	73.458	1	18000	18000	0.19288884512329207	0	NaN	0.00969553730435174	2	NaN	32.72688045257602	0	NaN	0.07447673178466219	2	NaN	0.7341331531581363	0	NaN	-0.004312990815354426	1	NaN	NaN	NaN	NaN	NaN	NaN	NaN	NaN	NaN	NaN	-7.320027388504881e-11	-3.5370350971558657e-13	-3.9386172643651115e-13	NaN	16.956314171384967	422.88409574235567	423.7499757287	0.1	1	81.93286057477437	2.043374716081824	2.0475586456480364	0.4	0	0.09123522111446142	2.1085847983501873	2.112902249384131	0.1	0	NaN	NaN	NaN	NaN	9	283.77679041120734	284.2366225153605	95589.0763016493	1.1707121288856641	1006.4405049153416	0.024721896800585924	0.04757182832464723	0.0014894331657358073	195.3766953246459	1316.3084889615122	0.0012722454384695887	14.842774088525882	1120.9317936368664	258.41211284537684	0.4749674568007132	-0.2871034577283126	0.11571736760576533	0.5669329674881535	-4.8437895746847007e-14	-4.3169920741725626e-15	0.5669329674881535	4.7307124325659675	3.1516922810689607	328.84830771893104	11.777474422855168	NaN	0.40590882871749573	1.3778910227551344	-581811.4203371002	-0.000004984432925568472	0.0002962560797201977	0.000020272399655246124	0	67.6187510773032	-10.261406350792022	23.21132910518381	57.799491400427094	88.14787131442367	123.62864286385715	185.21823509835406	0.1891533122946641	1.0197487042828453	1.7805957527495457	1.0193142284915324	30.060456391327254	1.0887020485164043	0.06840873670271228	1.0887020485164043	0.67431962138636	1.0887020485164043	-0.006059707105681175	1.1535004261618231	NaN	NaN	800000009	800000009	800000009	800000009	800000109	800000109	899999999	899999999	89999	89999	89	89	4	5	0	29	19	28	0	NaN	0	0	0	0	0	0	0	0	0	NaN	NaN	NaN	NaN	0	0	0	0	0	0	0	0	17406	0	0	0	18000	18000	18000	18000	93	NaN	1.2778660332227783	1.2453339643554213	0.23258204793206944	0.021051116771706388	0.14879350404879352	0.02927515537208866	9.984990931259347e-9	NaN	0.001511217967293878	0.0016946574781310127	0.016704603009977243	-0.000006059707105681175	NaN	422.88408412707645	2.0432424146179424	95982.00519639757	11.390000343322754	-14.775524935881286	94.66411495611403	94.28729055574205	95.04094120746188	-0.7536419069849785	0.00027706909620448845	-1	0	2.1067601224382715	80.03121491622923	1.0001455951796638	-273.1499938964844	9.000921540896098	-273.1499938964844	009
DATA	2026-03-14T110000_AIU-0547.ghg	2026-03-14	11:30:00	73.479	1	18000	18000	0.042086286613646044	1	NaN	-12.146445706518845	1	NaN	48.53963289645747	1	NaN	2.4472573659532877	1	NaN	1.0894380222494093	1	NaN	-0.004796039808668646	1	NaN	NaN	NaN	NaN	NaN	NaN	NaN	NaN	NaN	NaN	1.0348332012093885e-10	5.354200569309883e-13	5.561977238546912e-13	NaN	16.90836022332811	422.37491845257256	423.2999800470076	0.1	1	87.48342421564992	2.185357047104822	2.1901432921825625	0.2	0	0.0908783314967047	2.105903077586056	2.110515307085418	-0.3	0	NaN	NaN	NaN	NaN	9	284.3705072462294	284.8032451171875	95603.33885329861	1.1684945153360824	1006.5284613063031	0.02476748415175877	0.07059558384176172	0.0015899933324784604	208.98347286130294	1366.6633179904868	0.001360719551192028	15.29151109203603	1157.6798451291838	259.2321056511124	0.7506044518599164	-0.7652663794879998	0.12768948557117657	1.0795111298416586	6.504317801677062e-14	6.120245769200321e-15	1.0795111298416586	6.621572796017191	17.554163560506595	314.4458364394934	6.793109271076372	NaN	0.18978285038916345	1.514694006999405	47.473493765118896	0.06108671955656173	-0.25023769199963025	-0.05441761579668866	1	8.731429138432636	4	8	16	29	60	235	0.041726469630833644	1.0086232309130345	-9.40077437258114	1.0145233918462437	43.67108710494215	1.1114821295796034	2.201796412938205	1.1114821295796034	0.9801669259958936	1.1114821295796034	-0.0036057920171008234	1.2000230030139227	NaN	NaN	800000009	800000009	800000009	800000009	800000109	800001109	899999999	899999999	89999	89999	89	89	11	4	2	41	28	23	0	NaN	0	0	0	0	0	0	0	0	0	NaN	NaN	NaN	NaN	0	0	0	0	0	0	0	0	17703	0	0	0	18000	18000	18000	18000	93	NaN	1.1421936262320322	1.6699971065675032	0.21719728119927467	0.038624508491308635	0.10279960700260729	0.035116625478694666	5.0053856841398545e-9	NaN	-0.007993019845678316	0.05465242486185052	0.024329451606098614	-0.000003605792017100823	NaN	422.37484783768366	2.1852127406806003	96004.97068402778	11.390000343322754	-13.958049453788323	94.62039405971103	94.24452946330175	94.99626045778061	-0.7517324501607155	0.0002776427994669778	-1	0	2.103956228951613	80.22990637101069	1.0001605722705522	-273.1499938964844	9.001000892559688	-273.1499938964844	136
DATA	2026-03-14T113000_AIU-0547.ghg	2026-03-14	12:00:00	73.499	1	18000	18000	0.23321519041736274	0	NaN	57.01506645999767	1	NaN	57.837879727212915	0	NaN	1.3019710770966617	0	NaN	1.299836263339371	0	NaN	-0.031170386219349876	1	NaN	NaN	NaN	NaN	NaN	NaN	NaN	NaN	NaN	NaN	-3.9837265006876917e-10	-2.3789483873190134e-12	-2.1412556457111812e-12	NaN	16.810183223433516	422.01788929266985	423.084124689056	0.1	1	100.38479866281212	2.520149857123129	2.5265170587277006	0.3	0	0.09035484671551317	2.1072013642148057	2.112525244407669	0	0	NaN	NaN	NaN	NaN	9	285.5868004269071	286.1721782574125	95624.47657139756	1.1630146490818225	1006.7375028403928	0.02488103020627446	0.08422938986439124	0.001825209841673197	241.05265345175619	1495.3730443738095	0.0015693782044053914	16.119900941018866	1254.3203909220533	260.9906703451201	0.3096898719260969	-0.6895762214106925	0.16309174523408013	0.7733188858886962	-9.331094364399635e-14	-2.369829315800882e-14	0.7733188858886962	6.681454284407252	37.815069276173176	294.18493072382677	12.17500820283122	NaN	0.44780178955083666	1.3139174213214675	-132.89268087715365	-0.021822119780101117	0.9857737996085616	0.10874326734398546	0	81.35085296738171	-12.345305791399596	27.925115313866346	69.53748555826058	106.04905302804889	148.73530474818847	222.83258963387937	0.2296263523201856	1.0156290341283345	59.28738915688313	1.0166936327123202	53.23203709349649	1.0865238845852685	1.1982903418580904	1.0865238845852685	1.1963255311552812	1.0865238845852685	-0.050123265859461905	1.1501101772138116	NaN	NaN	800000009	800000009	800000009	800000009	800000009	800000119	899999999	899999999	89999	89999	89	89	6	5	1	17	18	26	2	NaN	0	0	0	0	0	0	0	0	0	NaN	NaN	NaN	NaN	0	0	0	0	0	0	0	0	10160	0	0	0	18000	18000	18000	18000	93	NaN	1.2850080565754063	1.1645259292295893	0.17830085683793928	0.19233768206279261	0.0842560655703754	0.03075792736465034	4.730407254583688e-7	NaN	0.05063617515718613	0.029890045792066583	0.029841035731793003	-0.0000501232658594619	NaN	422.01784524070376	2.5198877847889456	96044.29101367187	11.390000343322754	-12.1864516435729	94.42550508753459	94.04911625035602	94.80189470863343	-0.7527809344381098	0.0002791094188707776	-1	0	2.1049495720465985	80.43421757041082	1.0001620856622855	-273.1499938964844	9.001061619944043	-273.1499938964844	180
DATA	2026-03-14T120000_AIU-0547.ghg	2026-03-14	12:30:00	73.52	1	18000	18000	0.23020642928807628	0	NaN	0.02207890009823681	1	NaN	46.94947163300425	0	NaN	1.8996088727137554	0	NaN	1.0558150638187556	0	NaN	-0.0053613347862393945	1	NaN	NaN	NaN	NaN	NaN	NaN	NaN	NaN	NaN	NaN	1.5471411073408323e-10	1.0255503232275044e-12	8.262054318381634e-13	NaN	16.742366250192752	422.2730160824674	423.45832364289873	0.1	1	110.97978741570526	2.799112673555411	2.8069696980114003	0.2	0	0.08940770736489709	2.0917757623407622	2.0976473135206875	-0.2	0	NaN	NaN	NaN	NaN	9	286.5236450068156	286.84575242614744	95639.37301779514	1.1603418685172093	1006.9023632798189	0.02493570911665487	0.06841681613545536	0.002022802359689494	267.77719023959077	1562.5272173469561	0.0017432813678217227	17.137441656488686	1294.7500271073654	262.3033347102662	-0.3547135298471931	-0.8379648994028664	0.11822082901043279	0.917596330256248	2.5858833381160378e-14	9.240874821520645e-15	0.917596330256248	6.437343667646977	84.94311373244267	247.05688626755733	7.402421804154121	NaN	0.4454159274404824	1.534729432780058	-337774.2779479743	-0.000008585615274253277	0.0004702694051772016	0.000042426613565354296	0	71.29673112655813	-10.819554013004302	24.473860636828906	60.94337342783722	92.94248977326065	130.3531634254674	195.29279226772798	0.22706862282961016	1.0138187584852738	2.6016726958948926	1.0155856708178481	43.230362230018784	1.0860300310045274	1.7491310723302056	1.0860300310045274	0.9721785159496698	1.0860300310045274	-0.007913062369335103	1.148887643942784	NaN	NaN	800000009	800000009	800000009	800000009	800000009	801100109	899999999	899999999	89999	89999	89	89	4	12	0	11	2	26	0	NaN	0	0	0	0	0	0	0	0	0	NaN	NaN	NaN	NaN	0	0	0	0	0	0	0	0	6188	0	0	0	18000	18000	18000	18000	93	NaN	1.1760466055560788	1.6480857406113463	0.2453265193926908	0.08288257980886775	0.1836476065725562	0.02842560972628762	3.712919929829335e-8	NaN	0.0022267903768124642	0.043738284854102236	0.024310025436228556	-0.000007913062369335103	NaN	422.2728283073222	2.7989791191105033	96026.90302647569	11.390000343322754	-10.871321108500203	94.2811673350864	93.90488394122653	94.65745156902736	-0.7525658178660604	0.00028033953485363675	-1	0	2.089307206226719	80.25754940668742	1.0001650893539191	-273.1499938964844	9.001138150082694	-273.1499938964844	027
DATA	2026-03-14T123000_AIU-0547.ghg	2026-03-14	13:00:00	73.541	1	18000	18000	0.08405283925656837	1	NaN	10.756465071387302	1	NaN	44.40811994159882	1	NaN	1.2305915426789287	1	NaN	0.9985199703781809	1	NaN	-0.0012908472830155087	1	NaN	NaN	NaN	NaN	NaN	NaN	NaN	NaN	NaN	NaN	-6.1506045421051825e-12	-4.045798685490447e-14	-3.2922295445832986e-14	NaN	16.773721834958618	422.2976362092409	423.47397342963563	0.1	1	110.33566096810105	2.7778264880549233	2.785564302358194	0.3	0	0.08978457681620261	2.099115320563437	2.104962541266932	-0.2	0	NaN	NaN	NaN	NaN	9	286.4038414535523	286.69523473273387	95647.2668031684	1.1610562353989666	1006.8875923311497	0.02492056763601102	0.06470409408050612	0.0020086394059530255	265.7627801712107	1547.295252214105	0.0017300104376622284	17.175957839392122	1281.5324720428944	262.2085573214079	-1.596249716928409	-1.0999520887052767	0.05869517163070876	1.9394207587354078	-1.981482235732835e-14	-3.666809669686141e-16	1.9394207587354078	9.294465748968612	117.42984738063808	214.5701526193619	1.734280291403073	NaN	0.26906026558098417	1.7785137520482641	-152.83000580408574	-0.018975331347677482	0.2422184295469645	0.03419682299427138	0	44.7659821595636	-6.793410500978284	15.366713050267988	38.26528824682579	58.35697897102265	81.84649276540901	122.62096054628074	0.08331156890750964	1.0088975679942083	13.051463361667809	1.0132986492554368	40.68836617305524	1.0914205734563722	1.1275136025536168	1.0914205734563722	0.9148810226437379	1.0914205734563722	-0.00727768460131728	1.1498347748641753	NaN	NaN	800000009	800000009	800000009	800000009	800000009	800100109	899999999	899999999	89999	89999	89	89	11	13	5	6	2	23	0	NaN	0	0	0	0	0	0	0	0	0	NaN	NaN	NaN	NaN	0	0	0	0	0	0	0	0	16911	0	0	0	18000	18000	18000	18000	93	NaN	1.9636698967327988	1.306797390184436	0.2865602171792932	0.06964134292051781	0.14742136889357194	0.0263642023621372	2.6503772038133626e-8	NaN	0.011164132037430153	0.028176569609360647	0.022862880554541696	-0.00000727768460131728	NaN	422.297536554426	2.777705595911544	96038.0680186632	11.390000343322754	-10.964339358594685	94.34741099378797	93.9719144039154	94.7229112141927	-0.7509980177332958	0.00028004318258091296	-1	0	2.0966558922131857	80.34260417048141	1.000169856617848	-273.1499938964844	9.001165886004765	-273.1499938964844	035
DATA	2026-03-14T130000_AIU-0547.ghg	2026-03-14	13:30:00	73.562	1	18000	18000	0.3821251490612158	0	NaN	-35.81441421739222	2	NaN	38.2604407634705	0	NaN	2.3580048545754644	1	NaN	0.861030424266946	0	NaN	0.02346625378604736	1	NaN	NaN	NaN	NaN	NaN	NaN	NaN	NaN	NaN	NaN	-1.2119380071645687e-9	-7.9931835933861e-12	-6.470076250657796e-12	NaN	16.69183190846291	421.43826600794665	422.6129367085945	0.1	1	110.08886276818214	2.7795426940698147	2.787290085864232	0.2	0	0.08911134445200458	2.0919189248936885	2.097749709773476	0.9	0	NaN	NaN	NaN	NaN	9	287.2365382987129	287.59202169799806	95662.67229036459	1.157621430193535	1006.9084286502216	0.024994493788963373	0.0557947714924981	0.0020039357719436705	265.9698063128699	1640.0100863605476	0.0017310804030369806	16.217571375009083	1374.0402800476777	262.2183272913842	0.116440589254595	-0.5737541425708581	0.16439995381493028	0.6080950351363694	-1.4210276819994322e-13	-7.260665059478014e-14	0.6080950351363694	7.561644113177607	50.52790831761445	281.47209168238555	15.68523793432819	NaN	0.5745390230686308	2.3174755662490107	446.98082119611644	0.006487974119873035	-0.9360690442329236	-0.053478816344089825	0	83.71536287122828	-12.704129291645902	28.736775048425848	71.55863306063551	109.1314304959153	153.0583829741751	229.30934858440128	0.37794358896767066	1.0110639794286942	-33.25965865458161	1.0138771847959753	35.005522324659154	1.0929829987572692	2.1574030495044623	1.0929829987572692	0.7877802538977685	1.0929829987572692	0.02975143691331406	1.1700769111424816	NaN	NaN	800000009	800000009	800000009	800000009	800000009	800000119	899999999	899999999	89999	89999	89	89	8	2	2	11	23	22	0	NaN	0	0	0	0	0	0	0	0	0	NaN	NaN	NaN	NaN	0	0	0	0	0	0	0	0	12425	0	0	0	18000	18000	18000	18000	93	NaN	1.7270081757570128	2.6347225013607742	0.27322045538023443	0.09894595087692497	0.13798242182417744	0.024366922659821613	5.5520354525935016e-8	NaN	-0.028533907792884818	0.054073537142541823	0.01974506563763616	0.000029751436913314058	NaN	421.43815638140916	2.7793890580440572	96063.52669140625	11.390000343322754	-10.951861538026066	94.24138796636794	93.86424144342212	94.61853719584148	-0.754300378981564	0.0002802392118772129	-1	0	2.0894760642780192	80.57888120269776	1.0001669836176765	-273.1499938964844	9.001154577679104	-273.1499938964844	161
DATA	2026-03-14T133000_AIU-0547.ghg	2026-03-14	14:00:00	73.583	1	18000	18000	0.14572208166871947	1	NaN	11.442862434455376	1	NaN	57.01582062921204	0	NaN	1.4572166907393793	0	NaN	1.2834697447503245	0	NaN	0.0009494935147924961	2	NaN	NaN	NaN	NaN	NaN	NaN	NaN	NaN	NaN	NaN	-2.9024908040711135e-10	-1.9164097346868304e-12	-1.5464891914446084e-12	NaN	16.631013424429927	420.98788568689747	422.1613383437005	0.1	1	109.80856848738523	2.779630795673763	2.787378679289922	0.2	0	0.08861245130415549	2.083005274889725	2.0888113993818016	-0.9	0	NaN	NaN	NaN	NaN	9	287.6575799085829	287.8836109958225	95649.61967881945	1.1562910784196636	1006.9150538523178	0.02502324996018018	0.08316883945982102	0.002001696337444782	265.94194543534053	1671.1895574001194	0.0017311353298518554	15.913332168558316	1405.2476119647788	262.2170128765098	1.4545966762009583	-0.9565656651471567	0.2228177786270421	1.755140200846013	1.1275866712225201e-14	-1.745227864351029e-14	1.755140200846013	9.33027461183932	5.329549277438105	326.6704507225619	7.293469649873475	NaN	0.3550006072237472	2.5954677742416172	-329.99038659868023	-0.008788134799596002	0.20069626830193565	0.027685066587599578	0	55.79885711283067	-8.467691840240551	19.153941998401866	47.69602381682059	72.73944575892448	102.01810693497151	152.841714321647	0.14437830844913963	1.0093073068524918	14.439663711876788	1.0133576942903468	52.31643968963631	1.0898260846390633	1.3371093895426363	1.0898260846390633	1.177683084338538	1.0898260846390633	-0.006143005211975989	1.148992483296391	NaN	NaN	800000009	800000009	800000009	800000009	800000109	800100119	899999999	899999999	89999	89999	89	89	3	12	1	14	8	31	0	NaN	0	0	0	0	0	0	0	0	0	NaN	NaN	NaN	NaN	0	0	0	0	0	0	0	0	12854	0	0	0	18000	18000	18000	18000	93	NaN	2.8334169163514837	2.0699231956809876	0.28759543645076274	0.08166361451383546	0.18701609766898764	0.03618892192353321	2.6271890505037055e-8	NaN	0.01240215259017494	0.03355210997344383	0.029551622828037267	-0.0000061430052119759885	NaN	420.9875712445315	2.779366969976159	96044.5134891493	11.390000343322754	-10.961782611899883	94.1854127456241	93.80856482378641	94.5622545598348	-0.7536926669130721	0.0002812043261203346	-1	0	2.0805705663959184	80.68364227316115	1.0001198134935565	-273.1499938964844	9.000893018086751	-273.1499938964844	177
DATA	2026-03-14T140000_AIU-0547.ghg	2026-03-14	14:30:00	73.604	1	18000	18000	0.4494616106341819	0	NaN	1.4816427837370303	0	NaN	39.53785559513937	0	NaN	1.773555923137842	0	NaN	0.890374743134852	0	NaN	-0.0009673608798514977	0	NaN	NaN	NaN	NaN	NaN	NaN	NaN	NaN	NaN	NaN	-4.107924028000131e-11	-2.7378486006093144e-13	-2.187034685168577e-13	NaN	16.60314771681991	420.96061224529774	422.1449896867914	0.1	1	110.65663442742635	2.805617667930717	2.8135113049568266	0.3	0	0.08839418570586441	2.0818237469888357	2.0876809816359163	-0.3	0	NaN	NaN	NaN	NaN	9	287.95549347178144	288.2894165946113	95610.1394361979	1.154175494146823	1006.9382864555338	0.025068870558096455	0.057696283355138406	0.002016733507207143	268.31745045032307	1715.4479379142085	0.001747336966895083	15.641247077225023	1447.1304874638854	262.3286457558548	-0.20050560997988928	-0.24566547264957683	0.10367154145087887	0.33361926292159744	8.276016426145558e-14	-2.474183870470884e-15	0.33361926292159744	7.275809397366947	101.22040660948448	230.77959339051557	18.104318324561046	NaN	0.6240370532022016	1.8973433618023203	-13839.297016986391	-0.00020954821595638363	0.0374740299248596	0.002042953254924372	0	86.07636661938672	-13.062420719239704	29.547231233196655	73.57678355386263	112.20923733573134	157.37505082933285	235.77650363129908	0.4363951734825592	1.029941754505094	3.611923565734141	1.0259858109916475	36.07135433534855	1.0961012228030977	1.6180585207288298	1.0961012228030977	0.8123106923080203	1.0961012228030977	-0.0037557730443283192	1.1630503838471284	NaN	NaN	800000009	800000009	800000009	800000009	800000109	800001109	899999999	899999999	89999	89999	89	89	5	1	0	13	34	46	0	NaN	0	0	0	0	0	0	0	0	0	NaN	NaN	NaN	NaN	0	0	0	0	0	0	0	0	12694	0	0	0	18000	18000	18000	18000	93	NaN	1.3438049998785486	2.1502062554961063	0.3006754682299855	0.032255505868309206	0.0972538326778599	0.017448146979018055	7.75234596764781e-9	NaN	0.0031078771840321734	0.04067705448694941	0.020421020542854957	-0.000003755773044328319	NaN	420.96028837115705	2.8054061737309994	96005.06990364584	11.390000343322754	-10.838061138192792	94.13951775126986	93.76199834781224	94.51704079818725	-0.7550402837362556	0.00028195751860362684	-1	0	2.0793735434942775	80.50523285357158	1.0001664462387563	-273.1499938964844	9.001190757486555	-273.1499938964844	159
DATA	2026-03-14T143000_AIU-0547.ghg	2026-03-14	15:00:00	73.624	1	18000	18000	0.2561217890127211	0	NaN	3.942376033210767	2	NaN	38.119257755603144	1	NaN	1.889991562801685	0	NaN	0.858677590802672	1	NaN	0.006175532303500379	2	NaN	NaN	NaN	NaN	NaN	NaN	NaN	NaN	NaN	NaN	1.1215410638988429e-10	7.80623311146931e-13	5.970782938302577e-13	NaN	16.552855923036667	420.65940639753774	421.8946738089181	0.1	1	115.21241277300594	2.927904730885237	2.9365025305366514	0.2	0	0.08812295234368908	2.0785045446574313	2.0846080785125496	0	1	NaN	NaN	NaN	NaN	9	288.2870602272882	288.5909705234104	95553.84225021701	1.1522372445978173	1007.0110839342418	0.025109878079509516	0.05564230788401314	0.002101198738898026	279.8475928027095	1748.9994307559566	0.0018235816874947824	16.000439330146214	1469.1518379532472	262.85828709296544	0.17806411527472493	-0.39178583085111723	0.1448042783366671	0.4540608389068646	-7.374990700030564e-14	6.775513960331101e-15	0.4540608389068646	6.277359029432665	37.55851210868184	294.44148789131816	18.596983992207004	NaN	0.4714680951356701	1.5187887616571922	-2242.094651179649	-0.0012934333519212503	0.10342216153543225	0.007206586060003479	0	75.65147835409506	-11.480403705505362	25.968704440623664	64.6657458603198	98.61934260038446	138.31503023279805	207.22111958719805	0.25024821929319346	1.0234709750827282	5.963487362258666	1.0217330824907063	34.93251143886905	1.0912258004212152	1.7319894398319255	1.0912258004212152	0.7868926765397416	1.0912258004212152	0.002146618318670505	1.1568802982136068	NaN	NaN	800000009	800000009	800000009	800000009	800000109	800001109	899999999	899999999	89999	89999	89	89	0	2	0	27	45	29	0	NaN	0	0	0	0	0	0	0	0	0	NaN	NaN	NaN	NaN	0	0	0	0	0	0	0	0	10161	0	0	0	18000	18000	18000	18000	93	NaN	1.0303723782925935	1.7702052644175266	0.23699988060426402	0.07155566830979568	0.20471679166501378	0.05066704850246988	3.464488616970195e-8	NaN	0.005139538732743311	0.04361778664957293	0.019816816484026917	0.0000021466183186705046	NaN	420.65934287320835	2.927818392830331	95953.38026410589	11.390000343322754	-10.325278430249982	94.07887162907919	93.70055644840664	94.45718027687073	-0.7566415493653881	0.00028299461305788203	-1	0	2.075951803432571	80.4140038839976	1.000143892152442	-296.9712448967822	9.001015729374355	-273.1499938964844	118
DATA	2026-03-14T150000_AIU-0547.ghg	2026-03-14	15:30:00	73.645	1	18000	18000	0.36772047706601635	1	NaN	-0.44762399126100316	1	NaN	34.589994935979334	1	NaN	1.3317198198932547	1	NaN	0.7795923202403965	1	NaN	-0.0009278514191662796	1	NaN	NaN	NaN	NaN	NaN	NaN	NaN	NaN	NaN	NaN	-2.0871552113084883e-10	-1.5202564332677587e-12	-1.109348815922047e-12	NaN	16.505111732729286	420.45268395958016	421.7442851566501	0.1	1	120.22106529276313	3.062522107656383	3.071929961075348	0.2	0	0.08772671077914412	2.0745938159090676	2.08096682280922	-0.3	0	NaN	NaN	NaN	NaN	9	288.8713479673598	289.14457555898036	95511.36443402778	1.1494613187429754	1007.096490373664	0.025169235257421468	0.05051758235157769	0.0021926232069071528	292.58412665987487	1812.0962950341157	0.001907522394320285	16.146168802489964	1519.512168374241	263.42121209669585	-0.009125091089717227	-0.42800739872666427	0.1480280486732796	0.4529745068391772	-1.3443361449518963e-13	-1.26455079196447e-14	0.4529745068391772	4.898934825946412	63.22135742212379	268.7786425778762	19.074125121290347	NaN	0.5656030293689838	1.5992720031847827	34084.247478679536	0.00008508329256246644	-0.012940851598547068	-0.0006836537255479743	0	89.77342682411687	-13.623463868657058	30.81631236478345	76.73697501119771	117.02872870426708	164.13445600045523	245.90332430253034	0.3592721676780842	1.0235150678176164	1.473375893584807	1.0217619444498578	31.697372133933523	1.0912574957262504	1.2203534226419883	1.0912574957262504	0.714398135447917	1.0912574957262504	-0.0028448001166840593	1.1569213053746554	NaN	NaN	800000009	800000009	800000009	800000009	800000109	800101109	899999999	899999999	89999	89999	89	89	1	21	2	25	60	37	0	NaN	0	0	0	0	0	0	0	0	0	NaN	NaN	NaN	NaN	0	0	0	0	0	0	0	0	11894	0	0	0	18000	18000	18000	18000	93	NaN	0.8203365104131706	2.155855514895871	0.22235198106052373	0.06520373514485683	0.12375521434475849	0.02718669280620237	1.179951258596288e-8	NaN	0.0012727646842108638	0.030809743221291454	0.01803610552692886	-0.0000028448001166840594	NaN	420.45239859296515	3.0623896108135717	95905.1554344618	11.390000343322754	-9.748395143681073	94.0514459461636	93.67550030581157	94.42738944837782	-0.7518915056702165	0.0002834195654722862	-1	0	2.0719343083434634	80.30381461970012	1.0001571166184213	-273.1499938964844	9.001150314940347	-273.1499938964844	006
DATA	2026-03-14T153000_AIU-0547.ghg	2026-03-14	16:00:00	73.666	1	18000	18000	0.44799706124346034	1	NaN	-3.8891344748418804	2	NaN	46.442868738874836	1	NaN	3.0587964364643425	1	NaN	1.047327191011568	1	NaN	0.02529908923125355	2	NaN	NaN	NaN	NaN	NaN	NaN	NaN	NaN	NaN	NaN	-2.4455245470511065e-10	-1.9064645413218973e-12	-1.304101608055761e-12	NaN	16.49018040274324	420.6605695528476	422.04460388451486	0.1	1	128.55296936495742	3.2793555916329886	3.290145147519792	0.4	0	0.08793561612897456	2.0853395054351043	2.0922005750898434	0	1	NaN	NaN	NaN	NaN	9	289.30459061686196	289.73357416788735	95510.89766493056	1.147024813190445	1007.2272984788897	0.025220629211155338	0.0678668019775496	0.0023430814623608353	313.298212711894	1881.4114095030939	0.0020427469706113537	16.65229684105298	1568.1131967912	264.2917515928142	-0.5159838689960895	-0.17623205838788264	0.15171802944455168	0.5659641790133605	-9.267667293054192e-15	-1.4830186737340238e-14	0.5659641790133605	5.798528033972546	133.14262037207783	198.85737962792217	15.549454085514467	NaN	0.6249584954855265	0.9940422640636141	5292.38819104173	0.0005479567815733443	-0.0837401861781741	-0.005386435741616245	0	88.47503411574596	-13.426427765930645	30.370616163927647	75.6271284525698	115.33614267524943	161.76058002843803	242.34682551960987	0.44284153995083264	1.0116419098650955	-1.265733503730393	1.0138810374453942	42.580516951952085	1.0907070196278037	2.804416201069409	1.0907070196278037	0.9602277900154719	1.0907070196278037	0.021396684490583504	1.1659588291010934	NaN	NaN	800000009	800000009	800000009	800000009	800000009	810101109	899999999	899999999	89999	89999	89	89	2	6	4	6	22	4	0	NaN	0	0	0	0	0	0	0	0	0	NaN	NaN	NaN	NaN	0	0	0	0	0	0	0	0	10630	0	0	0	18000	18000	18000	18000	93	NaN	1.1496486650243951	0.5568975117781827	0.28153835132465027	0.05555849444669664	0.13654300814908946	0.02862324726889587	6.746208418030245e-8	NaN	-0.0010955746512025539	0.07096191292870274	0.024297249745175085	0.000021396684490583503	NaN	420.6604795711849	3.279230479135287	95908.24992165799	11.390000343322754	-8.877025265534726	94.02416561953228	93.64907605552673	94.39925268554688	-0.7501793135537043	0.00028353841861826365	-1	0	2.082481221457323	80.13122908740576	1.0001535592708324	-273.1499938964844	9.001185667355855	-273.1499938964844	249
DATA	2026-03-14T160000_AIU-0547.ghg	2026-03-14	16:30:00	73.687	1	18000	18000	0.268962407549899	1	NaN	-16.61223465291243	1	NaN	19.14004157244163	1	NaN	1.0834376839843332	1	NaN	0.4317841643660512	1	NaN	0.007307286178395031	1	NaN	NaN	NaN	NaN	NaN	NaN	NaN	NaN	NaN	NaN	6.105145888087799e-11	4.782614479937312e-13	3.2673398416202905e-13	NaN	16.43800382747101	420.6514952272459	422.04224079750304	0.1	0	128.77109993378298	3.295275770570047	3.306170514158728	0.2	0	0.0879725821572873	2.0899028625470715	2.0968124377686808	0	1	NaN	NaN	NaN	NaN	9	289.5879434729682	290.1172147623698	95505.08143880208	1.1454313679713695	1007.2450431270745	0.02525556218786045	0.027979613850920116	0.0023511997064804176	314.7999999546234	1927.800038402539	0.0020526761988756597	16.329494433223513	1613.0000384479156	264.3528555858083	-0.4292994750357142	-0.4067809303337872	0.1501490749512929	0.6101749824909668	-4.674222152047223e-14	3.71404335475634e-15	0.6101749824909668	5.233946584182764	108.54280105118437	223.4571989488156	14.245397562775128	NaN	0.48457528034240505	0.9074053170548657	577.5545150444101	0.005021171031408194	-0.8679309598173075	-0.02971410066439313	0	87.79366830398567	-13.323027875269897	30.13672532971647	75.04470720476593	114.44791352377591	160.5148260140604	240.4804589999692	0.2660217420877199	1.0110542297749836	-15.342498045795551	1.0138077486092418	17.5208362766799	1.0924159823305282	0.9917812458885479	1.0924159823305282	0.39525617653899164	1.0924159823305282	0.010449679000162785	1.1690253319174366	NaN	NaN	800000009	800000009	800000009	800000009	800000109	800100109	899999999	899999999	89999	89999	89	89	2	10	3	8	38	34	0	NaN	0	0	0	0	0	0	0	0	0	NaN	NaN	NaN	NaN	0	0	0	0	0	0	0	0	6158	0	0	0	18000	18000	18000	18000	93	NaN	0.8638482872668012	0.7783977981015521	0.17256454874137794	0.0881323095171997	0.0653244657027741	0.02132613969196109	3.298532881210916e-8	NaN	-0.01329816954263249	0.02513082815511891	0.010015429401421635	0.000010449679000162785	NaN	420.6516727473155	3.2952020704209724	95897.52076302083	11.390000343322754	-8.812599061754016	93.9384904706743	93.56407883093091	94.31289762433371	-0.7488123504552581	0.00028437350786407483	-1	0	2.087028325974442	80.04570372772216	1.0001354833874438	-273.1499938964844	9.001168224758572	-273.1499938964844	166
DATA	2026-03-14T163000_AIU-0547.ghg	2026-03-14	17:00:00	73.708	1	18000	18000	0.23173960865382126	0	NaN	-18.164587692485515	2	NaN	53.68428676699706	0	NaN	0.5951303394690853	1	NaN	1.211539681769623	0	NaN	-0.0024607623541216734	2	NaN	NaN	NaN	NaN	NaN	NaN	NaN	NaN	NaN	NaN	4.626492249106393e-10	3.72442927878841e-12	2.474033654535784e-12	NaN	16.417870092340088	420.61337514034676	422.0424240097893	0.1	1	132.1675100159664	3.3860313280008176	3.39753548960662	0.3	0	0.08779516090638936	2.089569668573986	2.0966690556809717	0	1	NaN	NaN	NaN	NaN	9	289.93543941921655	290.51535604519313	95506.45294509549	1.1438387164020654	1007.3036038486658	0.025289858388398773	0.07850777137867156	0.0024126780244846653	323.4745870635232	1976.9995072319455	0.0021092816582338834	16.3618951790448	1653.5249201684223	264.70080860275596	-0.5514700628995123	-0.4422992982431219	0.14213675012356392	0.7210761091843931	-1.0145461930785617e-14	2.817961296492976e-14	0.7210761091843931	4.737343689678914	113.26910298319001	218.73089701680996	11.368451114872245	NaN	0.4501090431331386	0.8740415684847491	423.330659609024	0.006850436967353974	-0.3383594862929682	-0.03502536146820318	0	81.68716610753964	-12.396342607922959	28.040560731804913	69.82496097214668	106.48747117283389	149.35019242997177	223.75380342839654	0.2294412987058369	1.0100169845661962	-14.965676303305784	1.0133538970284468	49.125063211727536	1.092808502568626	0.5445879475408936	1.092808502568626	1.1086477447072578	1.092808502568626	-0.00008482855586025042	1.1693152557237463	NaN	NaN	800000009	800000009	800000009	800000009	800000109	800000109	899999999	899999999	89999	89999	89	89	4	19	2	8	22	29	1	NaN	0	0	0	0	0	0	0	0	0	NaN	NaN	NaN	NaN	0	0	0	0	0	0	0	0	8920	0	0	0	18000	18000	18000	18000	93	NaN	0.815756615755827	0.7540320155024793	0.1782945057111918	0.08066277390161915	0.09382802488255396	0.0316570911960892	1.9623756331338036e-8	NaN	-0.012988863936394398	0.013819357402101409	0.02813282865756559	-8.482855586025042e-8	NaN	420.6134310089235	3.385901854608822	95899.9151312934	11.390000343322754	-8.46880310666562	93.88514516237046	93.50800333786012	94.26229147381252	-0.7542838809572986	0.0002848667320568994	-1	0	2.0866154873304894	79.84517059093051	1.0001371998786925	-273.1499938964844	9.00115774210294	-273.1499938964844	166
DATA	2026-03-14T170000_AIU-0547.ghg	2026-03-14	17:30:00	73.729	1	18000	18000	0.14695250155459463	0	NaN	-8.167048126532737	0	NaN	35.3520143289617	0	NaN	-0.22301835676653275	0	NaN	0.7980876442232995	0	NaN	-0.0009058342900047637	2	NaN	NaN	NaN	NaN	NaN	NaN	NaN	NaN	NaN	NaN	1.292134097916257e-10	1.0523536488151092e-12	6.913073236923127e-13	NaN	16.424315047546752	420.8349401636223	422.2822741691759	0.1	1	133.76466032006928	3.427408854423546	3.439196386570981	0.4	0	0.08787206604414514	2.0947407741219135	2.101944999023076	0	1	NaN	NaN	NaN	NaN	9	290.18180231645374	290.86401738145616	95524.87032682291	1.1426699975258026	1007.3344161873821	0.02531532816779334	0.0517160793456698	0.0024397040482969745	327.49060870741584	2020.9850233251907	0.0021350906679790406	16.204504483095334	1693.494414617775	264.8590945331888	-0.5114369881856919	-0.10101997023808108	0.09375944091792678	0.5296826031054642	-2.5935130368406992e-14	7.867202341014878e-15	0.5296826031054642	4.553435026390139	140.82665989876392	191.1733401012361	10.195684495922585	NaN	0.3586146931251662	0.7610465617500739	476.2526966036353	0.006089204367095785	-0.23102072913118232	-0.01978529539610105	0	73.82916738028362	-11.203860984708742	25.34316405321294	63.108061848390854	96.2437761982373	134.98326457639504	202.22952750671357	0.1451986559574395	1.0120789382352768	-6.096292018703457	1.0143013607542788	32.355429507290566	1.0926145894924968	-0.2041143866384957	1.0926145894924968	0.730438392364868	1.0926145894924968	-0.0005417706417125594	1.1695300969449436	NaN	NaN	800000009	800000009	800000009	800000009	800000009	800010109	899999999	899999999	89999	89999	89	89	16	17	2	19	2	16	0	NaN	0	0	0	0	0	0	0	0	0	NaN	NaN	NaN	NaN	0	0	0	0	0	0	0	0	9992	0	0	0	18000	18000	18000	18000	93	NaN	0.7952358763289262	0.5811190844610897	0.14573816271013185	0.05646929860839761	0.10889519800491784	0.024965123724289343	2.0749308329395087e-8	NaN	-0.005296284004181607	-0.00518499855840274	0.018554899896015324	-5.417706417125594e-7	NaN	420.8348949277021	3.4273014702739255	95920.96810264757	11.390000343322754	-8.30720164173178	93.85525949160258	93.47642101711696	94.23409812376234	-0.757674053253399	0.000285044210723653	-1	0	2.0917464427484402	79.63769163703918	1.000117962108718	-273.1499938964844	9.001041156212489	-273.1499938964844	185
DATA	2026-03-14T173000_AIU-0547.ghg	2026-03-14	18:00:00	73.749	1	18000	18000	0.08319862127973406	1	NaN	-1.1930427851798635	2	NaN	18.268903366019348	1	NaN	0.20644198950352685	1	NaN	0.41238930719256867	1	NaN	-0.0014451387274806958	1	NaN	NaN	NaN	NaN	NaN	NaN	NaN	NaN	NaN	NaN	-8.014141737986596e-11	-6.557305880893901e-13	-4.278573660246907e-13	NaN	16.474230011515658	421.0350468370459	422.4905181104872	0	0	134.7949273540676	3.44497973575972	3.45688864709775	0.1	1	0.08795228348161002	2.0957110309160543	2.1029556705864256	-0.4	0	NaN	NaN	NaN	NaN	9	290.26745623694524	290.76488854302295	95528.9460609809	1.1431007274526468	1007.3414799427359	0.025305620788525534	0.02672282710607845	0.0024531520653381226	329.18355968456353	2008.3929747308957	0.002146050655400134	16.39039589494037	1679.2094150463322	264.92530292522514	-0.8064091949762586	0.08366321716222908	0.1219728463992753	0.8198613900574753	1.474950862572944e-14	-4.864653299355799e-15	0.8198613900574753	3.368102862897509	157.92312297284647	174.07687702715347	8.55579909753841	NaN	0.2697837668290965	0.23973534842004046	1388.10760687373	0.002089175209212581	-0.06530456488148902	-0.003840422327023658	0	79.79453984837191	-12.109129271295416	27.39088338233076	68.20717251187288	104.02024169459801	145.88986800602743	218.5696068876605	0.08242834045366683	1.0093448542312968	-0.16220766889448285	1.0127951726096573	16.748396833971405	1.0907851985548755	0.18925998425449034	1.0907851985548755	0.37806646784254294	1.0907851985548755	-0.0020829001650743166	1.165076668311496	NaN	NaN	800000009	800000009	800000009	800000009	800001109	800101109	899999999	899999999	89999	89999	89	89	5	7	0	1	37	19	0	NaN	0	0	0	0	0	0	0	0	0	NaN	NaN	NaN	NaN	0	0	0	0	0	0	0	0	16511	0	0	0	18000	18000	18000	18000	93	NaN	0.2724357282870377	0.13911683391004348	0.0679181346429997	0.0194345411688628	0.14034936531869097	0.02540727778060935	5.059298635269101e-9	NaN	-0.00014086729150274195	0.004805902068258482	0.009600288338291709	-0.0000020829001650743166	NaN	421.03502078935617	3.4449381406946102	95921.0728891059	11.390000343322754	-8.241015129182074	93.93100363773769	93.55377697987028	94.3082451140086	-0.7544503718477158	0.00028405885447217667	-1	0	2.092702038327852	79.54880690438664	1.0001337794976102	-273.1499938964844	9.001069955428441	-273.1499938964844	117
DATA	2026-03-14T183000_AIU-0547.ghg	2026-03-14	19:00:00	73.791	0	18000	18000	0.022502029054715104	1	NaN	21.166620328321866	1	NaN	-19.44951042942612	1	NaN	-3.3187545137378955	1	NaN	-0.4377745507124423	1	NaN	0.00031968902658589555	1	NaN	NaN	NaN	NaN	NaN	NaN	NaN	NaN	NaN	NaN	-1.9589369785372103e-10	-2.304805156138037e-12	-1.0191223658396853e-12	NaN	16.99667008915764	429.78731563440556	431.97166755778466	0.1	1	199.9758710355243	5.0567018335454215	5.082402025184989	0.1	1	0.0884239096124139	2.079586113285705	2.090155405959415	0	1	NaN	NaN	NaN	NaN	9	287.6957114266291	287.7676364941067	95571.7493389757	1.154819104083476	1008.1438233342964	0.025033549624860773	-0.02836779088616626	0.0036399859375620767	483.407474282237	1658.726683172372	0.0031519966414575006	29.143286786567124	1175.319208890135	269.9675833005107	0.49613556492804317	0.07869472639666963	0.19067866364493233	0.5373096979568968	-1.2327724829635861e-14	-1.1525416262488011e-14	0.5373096979568968	1.4691838053454485	322.987092935818	9.012907064181958	20.785884509855254	NaN	0.13958985646109398	0.09598364591679175	-10.843297022410157	-0.26744633057699013	-1.0882855075003763	0.13024504367959686	1	4.813514383616772	2	4	7	11	18	46	0.022048183749688217	1.0205842490329076	19.714951490165806	1.019854330930913	-17.856061406057695	1.089238549707711	-3.04685737998206	1.089238549707711	-0.4019087929176908	1.089238549707711	-0.004907618426871819	1.1542417740751612	NaN	NaN	800000009	800000009	800000009	800000009	800000009	800100009	899999999	899999999	89999	89999	89	89	1	0	4	2	1	0	0	NaN	0	0	0	0	0	0	0	0	0	NaN	NaN	NaN	NaN	0	0	0	0	0	0	0	0	8917	0	0	0	18000	18000	18000	18000	93	NaN	0.08520582074675985	0.09541162554562753	0.011349845541196104	0.49886372203868007	10.074079032803123	0.42995411560778646	4.554349908681024e-8	NaN	0.016933988456690086	-0.07666141331498375	-0.0101123525804712	-0.000004907618426871819	NaN	429.78561922144644	5.056265075456069	95951.9069962963	11.390000343322754	-3.2866955417673642	94.12342305628458	93.73590440071955	94.51094074355233	-0.7750328711751445	0.0002813118580242088	-1	0	2.075171580155691	78.68812987836202	1.0001478985365895	-282.4766192881284	9.001112584220039	-273.1499938964844	239
DATA	2026-03-14T180000_AIU-0547.ghg	2026-03-14	18:30:00	73.77	0	18000	18000	0.09067421086621263	1	NaN	-34.26909522773739	1	NaN	7.375695634898826	2	NaN	2.497804411419592	2	NaN	0.16637382163572645	2	NaN	-0.004099368699315473	1	NaN	NaN	NaN	NaN	NaN	NaN	NaN	NaN	NaN	NaN	-7.69199606243437e-11	-6.832621551785337e-13	-4.0682387952739087e-13	NaN	16.628354841091074	423.16362488360386	424.76024096946924	0.1	1	147.70581619618753	3.7588642529755427	3.7730466230517417	0.1	1	0.08794611660877279	2.088647252099207	2.0965278155604867	0.6	0	NaN	NaN	NaN	NaN	9	289.7852667405871	290.0172427868313	95548.58129774306	1.1461468999847666	1007.4929316475186	0.02523536533751412	0.010781023641995074	0.0026841194527302513	359.2504859604969	1915.61614527909	0.002341863379612095	18.75378252818792	1556.365659318593	266.0533939270684	-0.2337346245295569	0.21529098714348105	0.17638375261135922	0.3634464362659539	-7.778778877376298e-15	-4.625831079468146e-15	0.3634464362659539	1.9808932443009613	194.6479094646701	137.3520905353299	29.03270590056072	NaN	0.2812689230154605	0.18333285898898247	54.77365552993466	0.05294516080664188	-4.646218732995137	-0.10551120818624189	0	86.26267903951911	-13.090694347792711	29.611186257966818	73.73604060835811	112.45211439235331	157.71568935463355	236.28684221466588	0.08936497894253323	1.0146503914528007	-33.30978081720301	1.0177519625166982	6.631540446236234	1.1122145291423113	2.245793725915255	1.1122145291423113	0.14958788729727016	1.1122145291423113	0.005891991151356418	1.2057247124235866	NaN	NaN	800000009	800000009	800000009	800000009	800000009	800111109	899999999	899999999	89999	89999	89	89	16	7	1	5	1	6	1	NaN	0	0	0	0	0	0	0	0	0	NaN	NaN	NaN	NaN	0	0	0	0	0	0	0	0	15908	0	0	0	18000	18000	18000	18000	93	NaN	0.08779426934377192	0.21811768267266154	0.060753765961531474	0.20673089135456282	4.481434731596067	0.106171508905335	1.624725719703416e-8	NaN	-0.028846257965089963	0.0568873141960355	0.0037891517134472875	0.000005891991151356418	NaN	423.16297809595073	3.758757389997853	95937.90953146701	11.390000343322754	-7.141942358622864	94.02208020252651	93.6428646030426	94.40129482184516	-0.7584346485055157	0.000283083428544665	-1	0	2.085369264437093	79.22864570347464	1.0001463635894987	-273.1499938964844	9.00119939798779	-273.1499938964844	247
DATA	2026-03-14T190000_AIU-0547.ghg	2026-03-14	19:30:00	73.812	0	18000	18000	0.01841513965603399	1	NaN	1.4621070513658014	1	NaN	-6.4866308075359695	1	NaN	-1.1029018635077765	1	NaN	-0.14577860476768117	1	NaN	-0.0013518276017079843	2	NaN	NaN	NaN	NaN	NaN	NaN	NaN	NaN	NaN	NaN	-7.600275626505509e-12	-1.1093830803816617e-13	-3.9099576377271856e-14	NaN	17.384167790916074	436.5915415055011	439.3916788983395	0.1	1	253.75002909763438	6.372759265398464	6.413631796856738	0.1	1	0.08943275608660452	2.0890960997991486	2.10249479297151	0	1	NaN	NaN	NaN	NaN	9	286.2376377817789	286.1681571316189	95592.56012890625	1.1609474713630479	1008.8256423828761	0.024888987753690594	-0.00944645358894574	0.00461397325863743	609.3517815969865	1494.979886634353	0.0039743169888817155	40.75986486806987	885.6281050373666	273.1128149598803	0.6293253425262084	0.07790501137319535	0.18595133544090964	0.6608308987138849	-5.871725000104418e-14	-4.3719525248007313e-16	0.6608308987138849	1.7885136664502996	324.94318092000094	7.056819079999065	16.34319341830283	NaN	0.1259450848772801	0.1330673796660833	-115.3347910896239	-0.02514419086038383	-0.22540315531248828	0.009912181954051818	1	9.005747658949678	4	8	14	24	44	135	0.018097167748223775	1.017570258077617	1.0828024821196767	1.017917179033454	-5.965118247440061	1.087427028008995	-1.01423068868089	1.087427028008995	-0.13405828714280893	1.087427028008995	-0.001292551300337488	1.1516377429561864	NaN	NaN	800000009	800000009	800000009	800000009	800000009	800110019	899999999	899999999	89999	89999	89	89	1	3	2	0	5	2	0	NaN	0	0	0	0	0	0	0	0	0	NaN	NaN	NaN	NaN	0	0	0	0	0	0	0	0	11524	0	0	0	18000	18000	18000	18000	93	NaN	0.1162277534255021	0.13496934666470556	0.01493765924195896	0.3314719870695063	10.346790272792793	0.3693746805413106	6.871403477369703e-7	NaN	0.0009245290462070294	-0.025405119327731693	-0.003357980407952283	-0.000001292551300337488	NaN	436.590077957449	6.3723873723327715	95973.13163498264	11.390000343322754	-0.09885151846747456	94.2211040433248	93.81467090670267	94.62753736941019	-0.812867248369587	0.00027931730747999	-1	0	2.083474719411796	78.37902204767863	1.0001616459207403	-273.1499938964844	9.0010642018848	-273.1499938964844	066
DATA	2026-03-14T193000_AIU-0547.ghg	2026-03-14	20:00:00	73.833	0	18000	18000	0.007706877153847925	1	NaN	1.1633981655406544	2	NaN	3.3663104061339957	2	NaN	-0.5115280231044541	2	NaN	0.0755876422989891	2	NaN	-0.0050894920838580595	1	NaN	NaN	NaN	NaN	NaN	NaN	NaN	NaN	NaN	NaN	-6.670386522800413e-11	-9.363153683895754e-13	-3.5094388345315233e-13	NaN	17.355630984534745	434.20620425459515	436.86888001922694	0.1	1	243.61922601294526	6.094908304099263	6.132284012852292	0.1	1	0.0913118380272718	2.123894967074934	2.136919294226505	0	1	NaN	NaN	NaN	NaN	9	285.24674953460703	285.2609978915386	95600.58963475401	1.164859897017728	1008.6550184957539	0.02480800532226084	0.004898079220974493	0.004427210011243057	582.8331245325219	1408.5727855008981	0.0038006373320753776	41.37756532938143	825.7396609683763	272.50194569386525	0.7346548304647522	-0.265418982875003	0.16534241922767784	0.7984378948870372	8.84317186676137e-15	-3.843355812729748e-15	0.7984378948870372	1.72981454033656	351.86397332270036	340.13602667729964	11.951426800836208	NaN	0.0813396634736235	0.12396600576304831	-39.0456715304294	-0.07427199703147498	0.34560038296549933	0.012173337303771382	1	23.545125376395987	10	19	34	55	97	262	0.007590978460893209	1.0152679517603425	1.3311007833199684	1.0164692996048545	3.098615959690577	1.0863916180403816	-0.47085048762355275	1.0863916180403816	0.069576790766605	1.0863916180403816	-0.005296696763666675	1.1498470373721001	NaN	NaN	800000009	800000009	800000009	800000019	800000019	800000019	899999999	899999999	89999	89999	89	89	0	0	0	4	0	3	0	NaN	0	0	0	0	0	0	0	0	0	NaN	NaN	NaN	NaN	0	1	0	0	0	0	0	0	11523	0	0	0	18000	18000	18000	18000	93	NaN	0.12515945958893035	0.10689915057982059	0.015873401357345676	0.26698123226442383	8.383625555415952	0.3125118498398151	1.9146602297546083e-7	NaN	0.0011329078639279353	-0.01175251109453562	0.0017366489509945365	-0.000005296696763666675	NaN	434.20481877899454	6.094593160979936	95985.07255409072	11.390000343322754	-0.7025896551468411	94.27976305347019	93.86728034909567	94.69224632136027	-0.8249614273574615	0.00027865045096000867	-1	0	2.1184257693290705	78.19705392456052	1.0001623750660154	-273.1499938964844	9.001028710603714	-273.1499938964844	108
DATA	2026-03-14T200000_AIU-0547.ghg	2026-03-14	20:30:00	73.854	0	18000	18000	0.02098667153318217	1	NaN	-4.064741097727571	2	NaN	46.05359050630311	1	NaN	5.121972562759905	1	NaN	1.0329933934930433	1	NaN	0.004557511020475618	2	NaN	NaN	NaN	NaN	NaN	NaN	NaN	NaN	NaN	NaN	1.342073042816837e-11	1.9845845847664158e-13	7.01954517068413e-14	NaN	17.46201270670782	435.16138610731787	437.97975507543634	0.1	1	258.2187416863065	6.434929778051084	6.47660628469317	0.1	1	0.0913328731411861	2.1138871077961587	2.1275779223236433	0	1	NaN	NaN	NaN	NaN	9	284.20762410651315	284.14966526794433	95614.2466922743	1.1694320936695672	1008.8182375485761	0.02470782753370345	0.0669379718983492	0.0046931457826109215	615.4360031687504	1308.7270651538865	0.0040131836709597	47.02554257150511	693.2910619851361	273.24963999244665	0.8827678089045582	-0.13638955760959712	0.1779144732981269	0.9107879422083105	-1.362893864397403e-14	7.685672123587998e-16	0.9107879422083105	2.1333696296171856	340.7828775164397	351.2171224835603	11.264660318210657	NaN	0.13396281918527342	0.14464260178205687	49.93127994769223	0.058079824972202314	-0.08826111174048962	-0.02571939076210351	1	11.667400410436693	5	11	21	39	80	317	0.02080083482909071	1.0089340983483779	-1.5392534815854761	1.0135709462625941	41.86293124544393	1.1001042960008984	4.65589724663317	1.1001042960008984	0.9389958727078725	1.1001042960008984	0.002508869057752002	1.181292206920446	NaN	NaN	800000009	800000009	800000009	800000009	800000009	810100019	899999999	899999999	89999	89999	89	89	7	0	0	3	0	0	0	NaN	0	0	0	0	0	0	0	0	0	NaN	NaN	NaN	NaN	0	0	0	0	0	0	0	0	13226	0	0	0	18000	18000	18000	18000	93	NaN	0.0824110756073952	0.188447808368779	0.01842631958793955	0.1356862716832045	15.550091013206751	0.517086272182348	5.815707395790142e-8	NaN	-0.0013047346956717037	0.11578235737584262	0.02335084946020286	0.000002508869057752002	NaN	435.1589478732704	6.4344217394834	95999.35343554687	11.390000343322754	0.0203107279133922	94.3357702899509	93.91344525273641	94.75809521887038	-0.8446479007651416	0.00027717699853949145	-1	0	2.1081387090285615	78.06845584064061	1.0001453225132493	-291.39949466281337	9.000908315923478	-273.1499938964844	025
DATA	2026-03-14T203000_AIU-0547.ghg	2026-03-14	21:00:00	73.874	0	18000	18000	0.013652623725735943	0	NaN	-10.022107044693554	1	NaN	36.63793457162303	1	NaN	2.7538894837418253	1	NaN	0.8214493986221131	1	NaN	-0.004394669721631644	0	NaN	NaN	NaN	NaN	NaN	NaN	NaN	NaN	NaN	NaN	-3.1907611479519433e-13	-4.628128155074081e-15	-1.678119673497132e-15	NaN	17.447936297368436	433.30421085797275	436.0447439238975	0.1	1	253.07843953666597	6.284981310090039	6.3247321333394035	0.8	0	0.09176407698624663	2.1193757364552814	2.13278022027826	0	1	NaN	NaN	NaN	NaN	9	283.7346539306641	283.70677384609644	95653.81768207466	1.1718090182713221	1008.7275542466707	0.024659111104129706	0.053229921030712925	0.0045928405395503635	601.3437172004814	1270.7065539358	0.00391944460909323	47.32357091713427	669.3628367353186	272.930869124355	0.9336428696070244	-0.13869200756489727	0.15541628451972575	0.9565974610170875	1.724423098005121e-14	-1.8287326899704385e-17	0.9565974610170875	1.842298062482855	340.44945916845916	351.5505408315409	9.350165258679452	NaN	0.1079393112326276	0.17228256724769875	10.596113254897338	0.27368525894715884	-0.27354454234043857	-0.07855044947238772	1	17.155650069739863	8	16	35	67	153	734	0.013492899850951898	1.0118376239761964	-7.976791980887589	1.0224805729630875	31.21560048092676	1.1737059036877862	2.346319870326203	1.1737059036877862	0.6998766863497214	1.1737059036877862	-0.002881064553666779	1.3126372457088227	NaN	NaN	800000009	800000009	800000009	800000009	800000009	800000009	899999999	899999999	89999	89999	89	89	1	0	1	2	1	0	0	NaN	0	0	270	0	0	0	0	0	0	NaN	NaN	NaN	NaN	0	0	0	0	0	0	0	0	11548	0	0	0	18000	18000	18000	18000	93	NaN	0.05859956608279659	0.27017465304739297	0.01579091536520796	0.22216652642146534	14.38099896809783	0.6225150030567348	6.45624805932378e-8	NaN	-0.006748349184718608	0.05822419852673112	0.017367520791012853	-0.000002881064553666779	NaN	433.3016608002065	6.284369514724193	96041.87627018229	11.390000343322754	-0.31904835246038477	94.3697331674364	93.9435876672533	94.79587533950806	-0.8522834674566967	0.0002758770266631876	-1	0	2.11373669163386	77.99543368869361	1.0001411204735438	-273.1499938964844	9.000853159983953	-273.1499938964844	150
DATA	2026-03-14T210000_AIU-0547.ghg	2026-03-14	21:30:00	73.895	0	18000	18000	0.012719280965905435	0	NaN	3.2824778266018564	0	NaN	1.0948698555105756	2	NaN	-2.5587034865855323	0	NaN	0.024521944702009153	2	NaN	0.00036158398497799436	1	NaN	NaN	NaN	NaN	NaN	NaN	NaN	NaN	NaN	NaN	1.5619078488515157e-11	2.468306041698333e-13	8.049073552467081e-14	NaN	17.81391863869289	435.18910355905064	438.2027808180435	0.1	1	281.5159872238293	6.877357677573232	6.924983264393676	0.5	0	0.09180153713033451	2.110063393144599	2.1246755468289344	-0.1	0	NaN	NaN	NaN	NaN	9	282.7137911207412	282.60622412533235	95691.25912543402	1.1765686095171655	1009.0306698541154	0.024553842940849235	0.001589022016690193	0.005047274586378114	658.2795447903011	1180.4080948222465	0.004289825978316207	55.76711543048416	522.1285500319455	274.1805657009076	1.0543598233627012	0.3662327769836611	0.18593653289268866	1.1315358935193864	1.279634477341157e-14	8.767907165911037e-16	1.1315358935193864	2.1026955609572546	312.84528609512006	19.15471390487997	9.457865323434342	NaN	0.10397349716058704	0.11692288234436847	-28.92591915116641	-0.10025610542726902	2.998052974132824	0.026592399400550977	1	26.86181095394549	12	22	38	61	105	274	0.0125686769155333	1.0119824903913321	3.30188490884959	1.0145276531731844	1.0079935906577069	1.0861873187072377	-2.3556742400849044	1.0861873187072377	0.022576165528423557	1.0861873187072377	-0.0007515497972112534	1.1480416952046573	NaN	NaN	800000009	800000009	800000009	800000009	800000009	800110009	899999999	899999999	89999	89999	89	89	2	1	3	17	7	1	0	NaN	0	0	11564	0	0	0	0	0	0	NaN	NaN	NaN	NaN	0	0	0	0	0	0	0	0	11490	0	0	0	18000	18000	18000	18000	93	NaN	0.08765073047600357	0.1323572864410788	0.01383774777165455	0.18185573708986869	21.32213014727868	0.31095331383445535	6.262092050563355e-8	NaN	0.002781251784624324	-0.05824151045259386	0.0005581713966341027	-7.515497972112534e-7	NaN	435.18896924445943	6.877058734427423	96078.31789822048	11.390000343322754	0.9827983243298424	94.37058158259921	93.9298024014367	94.81136319245232	-0.8815520769324572	0.00027212810848141077	-1	0	2.1039100229872596	77.5737862900628	1.000078557267785	-340.2263300464718	9.000650439686245	-273.1499938964844	123
DATA	2026-03-14T213000_AIU-0547.ghg	2026-03-14	22:00:00	73.916	0	18000	18000	0.008971138785817474	0	NaN	-3.5147793136796683	2	NaN	24.11586743328833	1	NaN	-0.1632442100137611	2	NaN	0.5402363866709737	1	NaN	-0.0009901219586372358	1	NaN	NaN	NaN	NaN	NaN	NaN	NaN	NaN	NaN	NaN	-1.622154110318391e-10	-2.3850616245351593e-12	-8.494917645080961e-13	NaN	17.626260623426806	430.9714516290885	433.719758370365	0.1	1	259.1598266131387	6.336595666295839	6.37700416324058	0.2	0	0.0923054298197074	2.1231815233514855	2.1367210607652134	0.5	0	NaN	NaN	NaN	NaN	9	282.8611796976726	282.81932561577685	95723.61045052084	1.1763206614433293	1008.7386503614318	0.024564053341729914	0.0350073178562791	0.004648477768492198	606.7245189288889	1197.4377228370038	0.003951709700302789	50.66856566798478	590.7132039081149	273.05335735577916	0.9624782687183624	0.032076497013276965	0.18264249823234827	0.9801793721438311	-9.356032590712167e-14	-9.203053018303891e-15	0.9801793721438311	2.2729367036657906	330.0912110037841	1.9087889962158517	10.739021866452518	NaN	0.08732949023358831	0.18248291279976642	16.009356074685147	0.181144075156504	-0.14574550649702295	-0.03391819635443153	1	24.23933825779341	11	23	48	94	212	1005	0.008883130654695304	1.0099073327347325	-2.211487825838263	1.0177450113764874	21.218884698814687	1.1365285110689851	-0.14363406498286474	1.1365285110689851	0.47533905345044386	1.1365285110689851	-0.0012532015768616732	1.2458495462163663	NaN	NaN	800000009	800000009	800000009	800000009	800010019	800110019	899999999	899999999	89999	89999	89	89	2	0	5	12	3	0	0	NaN	0	0	8765	0	0	0	0	0	0	NaN	NaN	NaN	NaN	0	0	0	0	0	0	0	0	14653	0	0	0	18000	18000	18000	18000	93	NaN	0.12593622990217843	0.22108720382020347	0.017942391877150972	0.26876130535638043	20.203922086349102	0.33218072665238985	1.821961593583225e-8	NaN	-0.0018637178567929773	-0.00355074047592178	0.011750733484248248	-0.0000012532015768616732	NaN	430.96979376933183	6.336268607663245	96116.08394140625	11.390000343322754	-0.1532629154679965	94.41081830469767	93.97066604868571	94.85096912680731	-0.8803025882111657	0.00027178317450387906	-1	0	2.1174738257461114	77.64818587493899	1.0001085105397636	-273.1499938964844	9.000630568106969	-273.1499938964844	171
DATA	2026-03-14T220000_AIU-0547.ghg	2026-03-14	22:30:00	73.937	0	18000	18000	0.03215105520204801	1	NaN	8.808954541401441	1	NaN	1.9928465877807322	1	NaN	-0.6258774873376869	1	NaN	0.04465618461283679	1	NaN	-0.00005269017993565142	1	NaN	NaN	NaN	NaN	NaN	NaN	NaN	NaN	NaN	NaN	-1.4293189890645705e-11	-1.9389337028743547e-13	-7.611217227218706e-14	NaN	17.370882158643397	430.1609910870045	432.68585232715037	0.1	1	235.64361156424084	5.835321923668567	5.869572770337888	0.1	1	0.09250108516670649	2.130152694019707	2.1426557802691866	0.2	0	NaN	NaN	NaN	NaN	9	283.08538719262015	283.1244647886488	95757.14864583334	1.175687912002717	1008.4707115011644	0.024581943317453312	0.002893720762911824	0.004277631817315127	558.923673994771	1222.199140477846	0.0036384075855882755	45.73098241390084	663.275466483075	271.92968975562883	0.8261065161099199	-0.48399744323305155	0.1467519790309451	0.9686287443416517	2.1972930119782712e-14	-8.228246418408696e-16	0.9686287443416517	2.3755186211332777	2.3650892862985984	329.6349107137014	8.714146472540852	NaN	0.16536804382593565	0.25675283333052384	-43.38057563566167	-0.06685019637259056	4.420287339434012	0.04492803630414491	1	10.858761414026795	5	9	16	26	47	131	0.031728869259106764	1.0133060506976646	8.800582942406864	1.0152814345991845	1.8350569865481494	1.0859862131744444	-0.5763217614965713	1.0859862131744444	0.0411203973596519	1.0859862131744444	-0.0029301402205511554	1.1485984372429283	NaN	NaN	800000009	800000009	800000009	800000009	800010019	800110019	899999999	899999999	89999	89999	89	89	1	0	2	3	15	0	0	NaN	0	0	0	0	0	0	0	0	0	NaN	NaN	NaN	NaN	0	0	0	0	0	0	0	0	12087	0	0	0	18000	18000	18000	18000	93	NaN	0.23666002188949106	0.2543889467461247	0.022456698025431984	0.306527683045162	7.356738271711246	0.24835078572609656	1.9574624177183908e-8	NaN	0.007422600690143094	-0.014250286186577114	0.0010167539552196757	-0.0000029301402205511553	NaN	430.1598769045452	5.835076987991768	96151.02373025173	11.390000343322754	-1.2684183514194967	94.42045830790202	93.9886238577101	94.85229462242127	-0.863682994549473	0.0002752505021926482	-1	0	2.1248778200745577	77.86837661043803	1.0000549117293622	-290.95536964416993	9.000566737863753	-273.1499938964844	015
DATA	2026-03-14T223000_AIU-0547.ghg	2026-03-14	23:00:00	73.958	0	18000	18000	0.015308427045144356	0	NaN	11.424050248487335	1	NaN	-7.785178605401587	1	NaN	-1.1864402200755124	1	NaN	-0.17448204616643795	1	NaN	0.004175696657399708	2	NaN	NaN	NaN	NaN	NaN	NaN	NaN	NaN	NaN	NaN	-1.895740801101969e-11	-2.420020487950247e-13	-1.0114089804520635e-13	NaN	17.2857147501116	428.1567761386762	430.5097979186303	0.1	1	220.6619376436779	5.465663711558166	5.495701367089829	0.1	1	0.09222213881577576	2.125113649572156	2.136792639561331	0.4	0	NaN	NaN	NaN	NaN	9	283.224098192003	283.30350278472895	95773.75946375867	1.1753133575447379	1008.2726697142728	0.02459322193615598	-0.011306436591585178	0.0040048132784511305	523.6075761453156	1236.9366738870253	0.0034074430046615793	42.33099294403643	713.3290977417097	271.0434047041389	0.6874557465056805	-0.5714771278813785	0.16149240107058854	0.9084389394443609	8.508994539147545e-15	-1.096709524892356e-15	0.9084389394443609	2.2966588746685965	11.73650911007627	320.26349088992373	10.23984489350924	NaN	0.11412701237664613	0.23042816689347217	-10.99612020998856	-0.26372938314786004	-1.467410168414247	0.08446951273020648	1	15.42129075490618	7	12	21	33	54	131	0.015098308007303904	1.0139167274729597	10.845292546744655	1.0156444529050426	-7.168377267069131	1.0860447651333847	-1.0924413598456022	1.0860447651333847	-0.16065824519213864	1.0860447651333847	0.0008137762941637437	1.1489465087295323	NaN	NaN	800000009	800000009	800000009	800000009	800000009	800100009	899999999	899999999	89999	89999	89	89	2	0	3	8	3	0	0	NaN	0	0	0	0	0	0	0	0	0	NaN	NaN	NaN	NaN	0	0	0	0	0	0	0	0	9759	0	0	0	18000	18000	18000	18000	93	NaN	0.14466203558075727	0.2987084373050893	0.017485860901097848	0.42469271205978676	6.036326160094716	0.218892870959793	2.6444416310876443e-8	NaN	0.009151864976878275	-0.027014343739088335	-0.003972823823470547	8.137762941637437e-7	NaN	428.15565014961095	5.465446579011912	96167.60252322048	11.390000343322754	-2.1541381482380624	94.43030014059278	94.002792424096	94.85781114175585	-0.8550167463123798	0.0002752550792518175	-1	0	2.120187876330481	77.97841682684864	1.0000727553847764	-361.49049760606647	9.000654719776577	-273.1499938964844	130
DATA	2026-03-14T230000_AIU-0547.ghg	2026-03-14	23:30:00	73.979	0	18000	18000	0.03732453318716803	1	NaN	34.533780472534325	1	NaN	-13.064060489677082	1	NaN	-2.5125427184400837	1	NaN	-0.29277851869089455	1	NaN	0.001026690958102609	1	NaN	NaN	NaN	NaN	NaN	NaN	NaN	NaN	NaN	NaN	-7.016224537152125e-12	-8.800399076998555e-14	-3.742373177390797e-14	NaN	17.275195769277197	427.84007030191447	430.14840436793736	0.1	1	216.6815159604692	5.366366683179496	5.39531994839566	0.1	1	0.0921439000972443	2.1227212243719555	2.1341739845386924	0	0	NaN	NaN	NaN	NaN	9	283.1610626636081	283.25264971499973	95777.58075868056	1.1756154977646256	1008.217597095173	0.024587826410692376	-0.018972048011169966	0.003932918984889166	514.1154874341468	1232.7348690922656	0.003345412673078414	41.70527664336451	718.6193816581189	270.7961632739382	0.5760369270107705	-0.6322590358282385	0.18437380699157688	0.8749649880829575	-1.2269373950294878e-14	-4.061444299016293e-16	0.8749649880829575	2.1635160958660213	19.664055757474557	312.3359442425254	12.164628771648355	NaN	0.17818229200701388	0.2147028706930647	-13.843589965775282	-0.20948323427445514	-2.643418598667858	0.16351590675698802	1	7.541382173477136	3	6	11	17	28	72	0.03679858721793273	1.0142925587365756	33.343885744133786	1.0158711877033153	-12.028254098742106	1.0861144420821056	-2.313331469585731	1.0861144420821056	-0.2695650728385782	1.0861144420821056	-0.008964804404219337	1.1491814846855275	NaN	NaN	800000009	800000009	800000009	800000009	800000009	800010019	899999999	899999999	89999	89999	89	89	0	0	0	9	0	4	0	NaN	0	0	0	0	0	0	0	0	0	NaN	NaN	NaN	NaN	0	0	0	0	0	0	0	0	9328	0	0	0	18000	18000	18000	18000	93	NaN	0.18094815011824736	0.2264118977994192	0.022045693468462847	0.6541981685224675	5.860751257893601	0.23413016965720773	4.714441577059913e-8	NaN	0.02813174248878745	-0.05718676004708734	-0.006663789145727566	-0.000008964804404219337	NaN	427.8390260521879	5.3661275566720565	96171.76344162326	11.390000343322754	-2.405463883055649	94.42156806755067	93.99501193576388	94.84812601470948	-0.8531172474904193	0.00027530544080137684	-1	0	2.1178833851681818	77.96562393993801	1.0000704524368047	-381.15312343173457	9.000646245161692	-273.1499938964844	170
