DATAH	filename	date	time	DOY	daytime	file_records	used_records	Tau	qc_Tau	rand_err_Tau	H	qc_H	rand_err_H	LE	qc_LE	rand_err_LE	co2_flux	qc_co2_flux	rand_err_co2_flux	h2o_flux	qc_h2o_flux	rand_err_h2o_flux	ch4_flux	qc_ch4_flux	rand_err_ch4_flux	none_flux	qc_none_flux	rand_err_none_flux	H_strg	LE_strg	co2_strg	h2o_strg	ch4_strg	none_strg	co2_v-adv	h2o_v-adv	ch4_v-adv	none_v-adv	co2_molar_density	co2_mole_fraction	co2_mixing_ratio	co2_time_lag	co2_def_timelag	h2o_molar_density	h2o_mole_fraction	h2o_mixing_ratio	h2o_time_lag	h2o_def_timelag	ch4_molar_density	ch4_mole_fraction	ch4_mixing_ratio	ch4_time_lag	ch4_def_timelag	none_molar_density	none_mole_fraction	none_mixing_ratio	none_time_lag	none_def_timelag	sonic_temperature	air_temperature	air_pressure	air_density	air_heat_capacity	air_molar_volume	ET	water_vapor_density	e	es	specific_humidity	RH	VPD	Tdew	u_unrot	v_unrot	w_unrot	u_rot	v_rot	w_rot	wind_speed	max_wind_speed	wind_dir	yaw	pitch	roll	u*	TKE	L	(z-d)/L	bowen_ratio	T*	model	x_peak	x_offset	x_10%	x_30%	x_50%	x_70%	x_90%	un_Tau	Tau_scf	un_H	H_scf	un_LE	LE_scf	un_co2_flux	co2_scf	un_h2o_flux	h2o_scf	un_ch4_flux	ch4_scf	un_none_flux	un_none_scf	spikes_hf	amplitude_resolution_hf	drop_out_hf	absolute_limits_hf	skewness_kurtosis_hf	skewness_kurtosis_sf	discontinuities_hf	discontinuities_sf	timelag_hf	timelag_sf	attack_angle_hf	non_steady_wind_hf	u_spikes	v_spikes	w_spikes	ts_spikes	co2_spikes	h2o_spikes	ch4_spikes	none_spikes	head_detect_LI-7200	t_out_LI-7200	t_in_LI-7200	aux_in_LI-7200	delta_p_LI-7200	chopper_LI-7200	detector_LI-7200	pll_LI-7200	sync_LI-7200	chopper_LI-7500	detector_LI-7500	pll_LI-7500	sync_LI-7500	not_ready_LI-7700	no_signal_LI-7700	re_unlocked_LI-7700	bad_temp_LI-7700	laser_temp_unregulated_LI-7700	block_temp_unregulated_LI-7700	motor_spinning_LI-7700	pump_on_LI-7700	top_heater_on_LI-7700	bottom_heater_on_LI-7700	calibrating_LI-7700	motor_failure_LI-7700	bad_aux_tc1_LI-7700	bad_aux_tc2_LI-7700	bad_aux_tc3_LI-7700	box_connected_LI-7700	mean_value_RSSI_LI-7200	mean_value_LI-7500	u_var	v_var	w_var	ts_var	co2_var	h2o_var	ch4_var	none_var	w/ts_cov	w/co2_cov	w/h2o_cov	w/ch4_cov	w/none_cov	co2_mean	h2o_mean	air_p_mean	vin_sf_mean	dew_point_mean	avg_signal_strength_7200_mean	co2_signal_strength_7200_mean	h2o_signal_strength_7200_mean	delta_signal_strength_7200_mean	flowrate_mean	hit_power_mean	hit_vin_mean	ch4_mean	rssi_77_mean	ch4_aux-1_mean	ch4_aux-2_mean	ch4_aux-3_mean	ch4_aux-4_mean	CHK
DATAU		[yyyy-mm-dd]	[HH:MM]	[ddd.ddd]	[1=daytime]	[#]	[#]	[kg+1m-1s-2]	[#]	[kg+1m-1s-2]	[W+1m-2]	[#]	[W+1m-2]	[W+1m-2]	[#]	[W+1m-2]	[µmol+1s-1m-2]	[#]	[µmol+1s-1m-2]	[mmol+1s-1m-2]	[#]	[mmol+1s-1m-2]	[µmol+1s-1m-2]	[#]	[µmol+1s-1m-2]	[µmol+1s-1m-2]	[#]	[µmol+1s-1m-2]	[W+1m-2]	[W+1m-2]	[µmol+1s-1m-2]	[mmol+1s-1m-2]	[µmol+1s-1m-2]	[µmol+1s-1m-2]	[µmol+1s-1m-2]	[mmol+1s-1m-2]	[µmol+1s-1m-2]	[µmol+1s-1m-2]	[mmol+1m-3]	[µmol+1mol_a-1]	[µmol+1mol_d-1]	[s]	[1=default]	[mmol+1m-3]	[mmol+1mol_a-1]	[mmol+1mol_d-1]	[s]	[1=default]	[mmol+1m-3]	[µmol+1mol_a-1]	[µmol+1mol_d-1]	[s]	[1=default]	[mmol+1m-3]	[µmol+1mol_a-1]	[µmol+1mol_d-1]	[s]	[1=default]	[K]	[K]	[Pa]	[kg+1m-3]	[J+1kg-1K-1]	[m+3mol-1]	[mm]	[kg+1m-3]	[Pa]	[Pa]	[kg+1kg-1]	[%]	[Pa]	[K]	[m+1s-1]	[m+1s-1]	[m+1s-1]	[m+1s-1]	[m+1s-1]	[m+1s-1]	[m+1s-1]	[m+1s-1]	[deg_from_north]	[deg]	[deg]	[deg]	[m+1s-1]	[m+2s-2]	[m]	[#]	[#]	[K]	[0=KJ/1=KM/2=HS]	[m]	[m]	[m]	[m]	[m]	[m]	[m]	[kg+1m-1s-2]	[#]	[W+1m-2]	[#]	[W+1m-2]	[#]	[µmol+1s-1m-2]	[#]	[mmol+1s-1m-2]	[#]	[µmol+1s-1m-2]	[#]	[µmol+1s-1m-2]	[#]	8u/v/w/ts/co2/h2o/ch4/none	8u/v/w/ts/co2/h2o/ch4/none	8u/v/w/ts/co2/h2o/ch4/none	8u/v/w/ts/co2/h2o/ch4/none	8u/v/w/ts/co2/h2o/ch4/none	8u/v/w/ts/co2/h2o/ch4/none	8u/v/w/ts/co2/h2o/ch4/none	8u/v/w/ts/co2/h2o/ch4/none	8co2/h2o/ch4/none	8co2/h2o/ch4/none	8aa	8U	[#]	[#]	[#]	[#]	[#]	[#]	[#]	[#]	[#_flagged_recs]	[#_flagged_recs]	[#_flagged_recs]	[#_flagged_recs]	[#_flagged_recs]	[#_flagged_recs]	[#_flagged_recs]	[#_flagged_recs]	[#_flagged_recs]	[#_flagged_recs]	[#_flagged_recs]	[#_flagged_recs]	[#_flagged_recs]	[#_flagged_recs]	[#_flagged_recs]	[#_flagged_recs]	[#_flagged_recs]	[#_flagged_recs]	[#_flagged_recs]	[#_flagged_recs]	[#_flagged_recs]	[#_flagged_recs]	[#_flagged_recs]	[#_flagged_recs]	[#_flagged_recs]	[#_flagged_recs]	[#_flagged_recs]	[#_flagged_recs]	[#_flagged_recs]	[#]	[#]	[m+2s-2]	[m+2s-2]	[m+2s-2]	[K+2]	--	--	--	--	[m+1s-1K+1]	--	--	--	--	--	--	--	--	--	--	--	--	--	--	--	--	--	--	--	--	--	--	207
DATA	2026-05-06T233000_AIU-0547.ghg	2026-05-07	00:00:00	127	0	18000	18000	0.1352908369369455	1	NaN	-9.138291282646641	1	NaN	-5.058451484862913	1	NaN	-0.49614565188449755	1	NaN	-0.11403547163176776	1	NaN	NaN	NaN	NaN	NaN	NaN	NaN	NaN	NaN	NaN	NaN	NaN	NaN	-4.164020410526199e-11	-1.8626716398776712e-12	NaN	NaN	17.24257761845649	441.8711068770785	450.78125462197534	0.1	1	771.304104252212	19.766012125701394	20.16458556855928	0.1	1	NaN	NaN	NaN	NaN	0	NaN	NaN	NaN	NaN	9	291.2135611182319	289.39649083439093	95220.58689845105	1.1378232423094987	1016.2988558922781	0.02542674463579015	-0.00738949856173855	0.014008224399539516	1870.8148329063326	1840.1141765221519	0.012311424023213217	100	0	289.6093645546906	0.06556232318251677	-0.10767888039495456	0.18573009642662416	0.22447456030210453	-2.6029824968133702e-15	-2.4149639935905077e-15	0.22447456030210453	2.820450352129649	30.66406419390455	301.33593580609545	55.83250384131042	NaN	0.34482344887049854	0.29673533338779845	378.5689466172871	0.007660427581060272	1.8065392759014063	-0.02291774950766058	0	71.08603944834688	-10.78758073798205	24.401537001671944	60.76327735021239	92.66783189150308	129.96795184103297	194.71567511950406	0.1323371124856784	1.0223196985017091	-9.305583882195092	1.0193365407493191	-4.60256909152735	1.0990495491256775	-0.4514315594589837	1.0990495491256775	-0.10375826251190035	1.0990495491256775	NaN	1	NaN	NaN	800000009	800000009	800000009	800000019	800100009	800101009	899999999	899999999	89999	89999	89	89	5	0	5	3	4	1	2	NaN	0	0	0	0	0	0	0	0	0	NaN	NaN	NaN	NaN	0	5354	0	0	0	0	101	0	18000	0	0	16	18000	18000	18000	18000	87	NaN	0.07674700079355017	0.36860157137592187	0.14812209460612483	0.04571709860000138	111.92361465803803	0.0036478322266057005	NaN	NaN	-0.00804724809537846	-0.011708473320963553	-0.002691107484611955	NaN	NaN	441.8710050609917	19.76599803104143	95135.1697484809	11.369999885559082	16.47391365294986	85.84257193544171	84.48799301359388	87.19715064197119	-2.7091659586032226	0.0002851381789951119	-1	0	1.9605658356136682	22.90537610055652	1.000137149605486	-294.7909948052322	9.00109577345848	-273.1499938964844	100
DATA	2026-05-07T000000_AIU-0547.ghg	2026-05-07	00:30:00	127.02	0	18000	18000	0.03287288059397453	1	NaN	7.203786765545923	1	NaN	5.689838651147089	1	NaN	0.6775546410913617	2	NaN	0.12828136051177225	1	NaN	-0.0034664512700384644	1	NaN	NaN	NaN	NaN	NaN	NaN	NaN	NaN	NaN	NaN	1.1302981796615722e-10	4.911335919184221e-12	5.434286189507084e-13	NaN	17.65385444682021	452.3745306581456	461.44489223511783	0.3	0	767.0897026718969	19.656435101140147	20.050557585052406	0.1	1	0.08487680431428099	2.0257833190770587	2.0664014041710517	0.4	0	NaN	NaN	NaN	NaN	9	290.95561423322886	289.4950973372615	94678.05815065168	1.130903842505193	1016.31063740981	0.025421542079287197	0.00831263216116284	0.013933417787432748	1861.5323079701643	1853.0715364679102	0.012320603453399945	100	0	289.5312290071861	0.5664684244003183	0.2587937900413328	0.2100301428160465	0.6572468048594113	4.4917515500103115e-14	6.402557487184676e-15	0.6572468048594113	1.676125839433221	307.44648412831145	24.553515871688578	18.63635019832922	NaN	0.17049279922949406	0.0895825998103292	-57.808335270106255	-0.050165776032987455	1.2660792699444328	0.03676229848373731	1	5.348043235979648	2	4	8	14	25	72	0.03230296683384218	1.017642768327251	7.444014051347198	1.0179632025997902	5.23219957221283	1.0874659065691397	0.6230582834812611	1.0874659065691397	0.11796356992605754	1.0874659065691397	-0.005702114261812241	1.151697518654967	NaN	NaN	800000009	800000009	800000009	800000019	800000019	800000119	899999999	899999999	89999	89999	89	89	0	3	0	17	1	0	2	NaN	0	0	0	0	0	0	0	0	0	NaN	NaN	NaN	NaN	0	3	0	0	0	0	101	0	18000	0	0	21	18000	18000	18000	18000	87	NaN	0.1119873430721167	0.052313097107311364	0.014864759441230342	0.011796996221221807	75.18859478702065	0.005661506633700745	3.428092012431089e-8	NaN	0.006476718675325103	0.016156772102332292	0.003058960238878154	-0.000005702114261812241	NaN	452.37429326125243	19.65641888783199	95078.85741905382	11.369999885559082	16.377160854021703	85.6723266465929	84.2967502144708	87.04790195168391	-2.7511532327201604	0.0002853683442097261	-1	0	2.0092556429372896	63.23172243775306	1.0001477793090874	-273.1499938964844	9.001220399777095	-273.1499938964844	168
DATA	2026-05-07T003000_AIU-0547.ghg	2026-05-07	01:00:00	127.041	0	18000	18000	0.08130705657727827	1	NaN	7.104740024925899	1	NaN	0.3057576427701345	2	NaN	35.180101907427144	1	NaN	0.006893508974949466	2	NaN	-0.004812776334863062	1	NaN	NaN	NaN	NaN	NaN	NaN	NaN	NaN	NaN	NaN	8.824074630752691e-11	3.785242327003622e-12	4.1547932660829647e-13	NaN	17.877790478959803	458.0828292428686	467.2647070275872	0.2	0	766.8993301396026	19.650270278547872	20.04414310812441	0.1	1	0.08417712519741957	2.009086730243069	2.049357152180695	0.6	0	NaN	NaN	NaN	NaN	9	290.7840163574219	289.4937047355738	94665.74510525464	1.1307648616377604	1016.3071612556812	0.02542472631991107	0.0004466993815767254	0.01392730336724162	1860.7064584022821	1852.9071496899044	0.01231671043179552	100	0	289.5242608683115	0.42470036116805365	0.1276895115235861	0.11196756500337571	0.45739670281078104	1.474973253102875e-15	4.935774720672367e-15	0.45739670281078104	1.736020180402773	315.2661804502093	16.733819549790706	14.169607974143615	NaN	0.2681501025971561	0.1721450073398554	-228.02271078443042	-0.01271803141899151	23.236508368384992	0.023055414434166255	0	105.0214991456779	-15.937417670893458	36.05048216586095	89.77079789289513	136.9061309836644	192.0127953275074	287.670156713009	0.07945288490737325	1.0233367444374943	7.015440818146477	1.0216452280213846	0.28022117264654534	1.091129695455951	32.241906763179436	1.091129695455951	0.006317772308514499	1.091129695455951	-0.006544373524014975	1.1567557913804147	NaN	NaN	800000009	800000009	800000009	800000019	800000019	800001019	899999999	899999999	89999	89999	89	89	6	0	1	12	0	0	1	NaN	0	0	0	0	0	0	0	0	0	NaN	NaN	NaN	NaN	0	713	0	0	0	0	101	0	18000	0	0	16	18000	18000	18000	18000	87	NaN	0.21720677971060495	0.0933197350452954	0.03376349992381048	0.007706776132342769	135.6100070113563	0.00239116847709543	9.966032931404473e-7	NaN	0.0061046065050688065	0.8361771703547716	0.00016384815608710737	-0.000006544373524014974	NaN	458.08256320506126	19.650257611408506	95069.25717230902	11.369999885559082	16.370662211630084	85.59147621705797	84.2069226345486	86.9760291565789	-2.769107593629093	0.00028468582018912367	-1	0	1.9903194517592564	37.20565818815568	1.0001475327048037	-273.1499938964844	9.00117481133673	-273.1499938964844	201
DATA	2026-05-07T010000_AIU-0547.ghg	2026-05-07	01:30:00	127.062	0	18000	18000	0.06280959743963664	1	NaN	-1.423545261909017	2	NaN	-2.733664458601058	1	NaN	-43.30811772176716	2	NaN	-0.06163279275410162	1	NaN	-0.02580175099633854	2	NaN	NaN	NaN	NaN	NaN	NaN	NaN	NaN	NaN	NaN	7.342083489796754e-10	3.080447026529309e-11	3.4160135443646028e-12	NaN	18.321700551140403	469.3592413463929	478.78774613590764	0.1	1	768.7058865804755	19.69245216822742	20.088034833336586	0.1	1	0.08524443684883865	2.034600540694374	2.075471667227768	-0.2	0	NaN	NaN	NaN	NaN	9	290.76761950005425	289.5023545322219	94710.28277290787	1.1312448758267135	1016.3309162105376	0.02541352960957899	-0.003993804970465785	0.013963349428557476	1865.5780006979157	1853.9284040470202	0.012343348223657643	100	0	289.56532553746024	0.22437356137459566	-0.023211587000644712	0.14539940109996918	0.2683714937455207	-7.948183003442724e-14	4.007315515993278e-14	0.2683714937455207	1.458224138700853	337.9062747499313	354.0937252500687	32.80517123819433	NaN	0.23563222949604	0.14163467839197671	772.4568254524053	0.003754255130442475	0.5207461572066934	-0.005254662486026873	0	92.3986603940932	-14.0218531911169	31.717470096919538	78.98098518196366	120.45098580321923	168.9342202416755	253.09424576743714	0.06160102850796296	1.0196192979394403	-1.5610935439312998	1.0178760003112675	-2.4941763750622603	1.0960189046505662	-39.514024382247946	1.0960189046505662	-0.056233330002415816	1.0960189046505662	-0.02281364297679031	1.1742542065904924	NaN	NaN	800000009	800000009	800000009	800000019	800000019	800000019	899999999	899999999	89999	89999	89	89	1	8	1	18	0	0	0	NaN	0	0	0	0	0	0	0	0	0	NaN	NaN	NaN	NaN	0	4	0	0	0	0	0	0	18000	17997	0	0	18000	18000	18000	18000	87	NaN	0.11132142282710356	0.13603984803595034	0.03590808592089953	0.00879091083751062	137.7011903364814	0.0011001810523912942	1.4361062141030679e-7	NaN	-0.0013578042568097228	-1.0243685686871147	-0.0014578028097022653	-0.00002281364297679031	NaN	469.3590137009706	19.69244065849812	95113.81453537327	11.369999885559082	16.411771843062503	85.77390193515355	84.40922009531656	87.13858377922905	-2.7293648561371704	0.00028486810540845104	-1	0	2.0180254496998242	61.37772780439689	1.0001223752515183	-273.3518689049614	9.001072926388847	-273.1499938964844	146
DATA	2026-05-07T013000_AIU-0547.ghg	2026-05-07	02:00:00	127.083	0	18000	18000	0.03165666592230554	1	NaN	8.889597341275234	1	NaN	9.392986410468476	1	NaN	13.972100722899981	1	NaN	0.21173248669740227	1	NaN	0.008417133342212552	2	NaN	NaN	NaN	NaN	NaN	NaN	NaN	NaN	NaN	NaN	-2.0923894342528469e-10	-8.601672042843623e-12	-9.698325889421837e-13	NaN	18.517802134827534	474.1822328232136	483.6093814950339	0.2	0	761.2543741167061	19.493312232027456	19.880855964789053	0.1	1	0.08583090552811824	2.046595585143735	2.0872836571901505	0	1	NaN	NaN	NaN	NaN	9	290.65624119144013	289.3042426622179	94695.7470017361	1.1319316681061444	1016.2133243685687	0.025400036956776766	0.013720265137991667	0.01382948745458482	1846.4289155411236	1830.661388648666	0.012217599210492263	100	0	289.4033622295749	1.02997023156619	0.2749798381964278	0.19859082032093833	1.0843850345900174	-1.2401459693186828e-14	-1.1299340056763892e-14	1.0843850345900174	3.147786414682215	317.05190715361795	14.948092846382032	10.55252393697594	NaN	0.1672331928001933	0.22640595372478284	-44.21421028889318	-0.06558977263308702	0.9464079849373342	0.046211973233779575	1	12.758080377120125	6	11	19	31	55	153	0.031271287699216596	1.0123237081502914	9.348112529545855	1.0147164840157132	8.64850963257969	1.086081511094614	12.864688865588102	1.086081511094614	0.19495082508494815	1.086081511094614	0.004541168366820218	1.148152681385818	NaN	NaN	800000009	800000009	800000009	800000009	800000009	801000019	899999999	899999999	89999	89999	89	89	2	0	3	35	3	0	6	NaN	0	0	0	0	0	0	0	0	0	NaN	NaN	NaN	NaN	0	0	0	0	0	0	0	0	18000	18000	0	0	18000	18000	18000	18000	87	NaN	0.23704434415969217	0.19478879562842913	0.02097876766144438	0.014743568085847557	206.5181652751506	0.013418839331095474	1.821938374459533e-7	NaN	0.008126786234364004	0.33326168937289136	0.005050230284716553	0.000004541168366820218	NaN	474.1818177305557	19.49328976121505	95099.49696809895	11.369999885559082	16.249618749194656	85.6069196989271	84.22224756791854	86.99159117719861	-2.7693424561023665	0.0002848124115908932	-1	0	2.030084350128969	64.53223442459633	1.0000883880853653	-353.29437226188514	9.000794417036904	-273.1499938964844	133
DATA	2026-05-07T020000_AIU-0547.ghg	2026-05-07	02:30:00	127.104	0	18000	18000	0.019066870004710832	0	NaN	6.491905159720623	0	NaN	0.989107795678149	0	NaN	-3.2021374608409667	0	NaN	0.02229423547415365	0	NaN	0.012999733694091513	0	NaN	NaN	NaN	NaN	NaN	NaN	NaN	NaN	NaN	NaN	-1.1189129361079514e-10	-4.538929957203152e-12	-5.161424168249526e-13	NaN	18.656171807235026	477.758736940708	487.2009534265171	0.1	1	756.7975520699331	19.38053778302643	19.763566326953296	0.1	1	0.08605889962075487	2.051238356540717	2.0917781418526005	0	0	NaN	NaN	NaN	NaN	9	290.6364782613118	289.22089626905654	94645.52007942708	1.131705926023094	1016.1477669059675	0.025406194921460585	0.0014446664587251564	0.013746147265008855	1834.7731043752071	1820.9496801770856	0.012146395056279265	100	0	289.30405365276846	1.0327153696248816	-0.034658693219298244	0.23114454831088307	1.0588342938765347	8.282106857057213e-14	-5.997548412767229e-15	1.0588342938765347	2.6301231261906493	333.92216738216575	358.0778326178343	12.609260082739118	NaN	0.1297994666087089	0.22798722911746236	-28.297573699892837	-0.10248228455045891	6.56339499909579	0.04349194214936804	1	17.80587740747173	8	15	26	41	70	186	0.018831073006345907	1.0125216974245421	6.4929871990617105	1.0148280422980196	0.9107480328824916	1.086038904248468	-2.9484555740264438	1.086038904248468	0.02052802656234596	1.086038904248468	0.010037179877878527	1.148228688155519	NaN	NaN	800000009	800000009	800000009	800000009	800000019	800000019	899999999	899999999	89999	89999	89	89	6	0	0	10	2	0	2	NaN	0	0	0	0	0	0	0	0	0	NaN	NaN	NaN	NaN	0	0	0	0	0	0	0	0	17901	604	0	0	18000	18000	18000	18000	87	NaN	0.18786256313822625	0.24585596626790943	0.022255928828789084	0.013334312874029261	177.67517300612846	0.0008423033286059374	7.121709553560974e-7	NaN	0.00564617181253568	-0.07638991172382455	0.0005318493352166985	0.000010037179877878526	NaN	477.7584724258837	19.38052684367051	95049.55640668402	11.369999885559082	16.150609334203928	85.45540603086685	84.05387768342761	86.85693618223404	-2.803058315250608	0.00028498548946744343	-1	0	2.0347554786271522	66.56858835484365	1.000103055179119	-290.3093696170399	9.000978026310603	-273.1499938964844	234
DATA	2026-05-07T023000_AIU-0547.ghg	2026-05-07	03:00:00	127.124	0	18000	18000	0.02689070160379007	0	NaN	-0.9990579322501348	1	NaN	-2.331244164594763	2	NaN	8.011168123884298	2	NaN	-0.0525624676304737	2	NaN	-0.004510741291361151	1	NaN	NaN	NaN	NaN	NaN	NaN	NaN	NaN	NaN	NaN	-9.890962819190633e-11	-4.145475633998518e-12	-4.723283117927621e-13	NaN	18.00305622900682	461.1832158559892	470.27312305855986	0.2	0	754.5395963884537	19.328995761977044	19.709969682437578	0.1	1	0.0859709343893053	2.052212977225825	2.092662032788851	0.7	0	NaN	NaN	NaN	NaN	9	291.0149397837321	289.55339156879785	94651.15321443457	1.130495858543375	1016.126036304307	0.025433888713950272	-0.0034060479024546958	0.013694662012405887	1830.002486505152	1859.9642438287933	0.012113854207348649	98.38912186494704	29.961757323641223	289.26324771975806	1.883405939310795	0.11333270985407977	0.32913984733355384	1.9153055303153945	2.470137489202423e-14	-5.4940465070892524e-15	1.9153055303153945	3.9230405443901524	328.556416611126	3.443583388873985	9.895235190467675	NaN	0.15422919042818586	0.4084691853536127	308.4816971426352	0.00940088188979038	0.42855139218066407	-0.005639070682452198	1	29.94223347141944	13	26	51	89	177	620	0.026704898534361244	1.0069576399696765	-1.1227144819697719	1.0128085489267495	-2.1110931250793583	1.1042829598088568	7.254633472992259	1.1042829598088568	-0.04759873107122098	1.1042829598088568	-0.003644991813189725	1.1776364221665407	NaN	NaN	800000009	800000009	800000009	800000019	800000019	800000019	899999999	899999999	89999	89999	89	89	1	0	1	5	7	1	2	NaN	0	0	0	0	0	0	0	0	0	NaN	NaN	NaN	NaN	0	5	0	0	0	0	0	0	16707	0	0	0	18000	18000	18000	18000	87	NaN	0.2646779886762165	0.48273110318191903	0.06952927884908985	0.0989404924704656	352.36107821263425	0.01890864143407944	1.7425977433339153e-7	NaN	-0.0009773559686251413	0.18815129145424683	-0.0012344886555570812	-0.000003644991813189725	NaN	461.1818966094557	19.328967550832886	95052.38336914062	11.369999885559082	16.10906453990937	85.92676449457814	84.57125179757016	87.28227756500243	-2.7110253060394043	0.00028488399627773716	-1	0	2.0357529634396236	49.964896000160216	1.0001412602232562	-273.1903688981798	9.001160121334923	-273.1499938964844	063
DATA	2026-05-07T030000_AIU-0547.ghg	2026-05-07	03:30:00	127.145	0	18000	18000	0.03677362365473109	0	NaN	12.961764173893343	1	NaN	7.477396830376781	1	NaN	4.858659315793636	1	NaN	0.1685338331702237	1	NaN	-0.010789797305597692	1	NaN	NaN	NaN	NaN	NaN	NaN	NaN	NaN	NaN	NaN	1.1701472799462548e-10	4.813050389418481e-12	5.835655709860377e-13	NaN	17.506500639844283	447.4357272560157	455.82469235663075	0.3	0	720.077473716193	18.403928618354946	18.748983573712255	0.1	1	0.08730688193649774	2.079845974099317	2.1188409721035564	0.8	0	NaN	NaN	NaN	NaN	9	290.4357091412014	289.1914978410966	94653.53247366298	1.1323378741601757	1015.5931700263299	0.025401462050239652	0.010920992389430494	0.013055894134325159	1742.464127336269	1817.5349089508682	0.011530033952108474	95.86963742787576	75.07078161459913	288.49738954213046	1.472437324839369	-0.2959300270151193	0.30291810052600465	1.5321245484931987	1.3637961140715527e-13	6.684072985340279e-15	1.5321245484931987	4.6495262396797585	343.36389658577076	348.63610341422924	11.403144905902703	NaN	0.18021054359926755	0.6073553396681255	-37.92536803192686	-0.07646596857171384	1.7334594469075688	0.06254435435669273	1	19.144564969045906	8	16	28	45	79	214	0.036410273472630865	1.0099793313108	13.286262459551681	1.0135653626047056	6.871653864261755	1.0881509718155897	4.465059942635459	1.0881509718155897	0.1548809287823577	1.0881509718155897	-0.01447513194714116	1.1482523101250781	NaN	NaN	800000009	800000009	800000009	800000019	800000019	800101019	899999999	899999999	89999	89999	89	89	0	20	2	1	27	0	2	NaN	0	0	691	0	0	0	0	0	0	NaN	NaN	NaN	NaN	0	6	0	0	0	0	101	0	14350	0	0	21	18000	18000	18000	18000	87	NaN	0.2771141725009964	0.858718246725994	0.07887826010926065	0.16400434377426842	35.76923575375143	0.07556089388011257	2.955104232863663e-7	NaN	0.011553325842248052	0.11554612370959383	0.004007984481117675	-0.000014475131947141159	NaN	447.43379580241304	18.403848436343786	95051.24433420139	11.369999885559082	15.341618918736804	87.0685206765069	85.82210872692534	88.31493257988822	-2.492824126760163	0.0002843506698102122	-1	0	2.0637490929928104	66.44331580695771	1.0001421524104144	-273.3518689049614	9.00112988673316	-273.1499938964844	039
DATA	2026-05-07T033000_AIU-0547.ghg	2026-05-07	04:00:00	127.166	0	18000	18000	0.06779927212161181	0	NaN	0.4809739551190723	1	NaN	5.085624370371877	0	NaN	8.028282909837197	0	NaN	0.11456285850764147	0	NaN	-0.004246868674799706	0	NaN	NaN	NaN	NaN	NaN	NaN	NaN	NaN	NaN	NaN	-3.227016157083571e-11	-1.282076464524488e-12	-1.620743790161949e-13	NaN	17.58478193661417	446.5183671001722	454.5826352014849	0.2	0	698.6340928365089	17.739938741255298	18.060327850978645	-0.6	0	0.08831820089452792	2.09785493358867	2.1357428814730746	0	0	NaN	NaN	NaN	NaN	9	289.8168989368015	288.62416327497687	94679.34150390625	1.1351599498141984	1015.2062004585466	0.025344718872692566	0.0074236732312951675	0.012613030083324088	1680.0562547955446	1752.7274746563467	0.011111235985191844	95.8538209213015	72.67121986080201	287.9304779476236	1.1631314825862828	-0.6502115866006571	0.2538054651345058	1.356490754581551	4.0733461899088864e-14	-1.835118666080491e-15	1.356490754581551	3.8574775292693055	1.2059818316699875	330.79401816832996	10.783851583001848	NaN	0.24439031188955518	0.3638694918851068	-2549.2506937223916	-0.0011375891775341435	0.09457520258892065	0.001707757701201613	0	72.20365399006569	-10.957183056472374	24.785177907889178	61.718597450981754	94.12475532225282	132.01130766817104	197.77699449673955	0.06708167256289113	1.010697401112769	0.763679891418739	1.0138708098573406	4.678205118981032	1.087088796029445	7.385121564273524	1.087088796029445	0.10538500527838979	1.087088796029445	-0.00441852007188324	1.1479448719301304	NaN	NaN	800000009	800000009	800000009	800000009	800100009	801110019	899999999	899999999	89999	89999	89	89	4	16	7	24	4	0	1	NaN	0	0	5052	0	0	0	0	0	0	NaN	NaN	NaN	NaN	0	0	0	0	0	0	0	0	12196	0	0	0	18000	18000	18000	18000	87	NaN	0.26006577031074746	0.3961153956281335	0.07155781783133262	0.07260918951298269	41.57158500421668	0.08376671319038245	4.6637192085921365e-8	NaN	0.0006626741558725443	0.19055517376302714	0.002719204798197054	-0.00000441852007188324	NaN	446.5164479716563	17.739850542234457	95079.87571961805	11.369999885559082	14.774942592726823	87.20909628083969	85.9726144481235	88.44557980049983	-2.472964735733136	0.00028227841942377084	-1	0	2.0824132314721746	66.56058379431832	1.000132313908802	-273.1499938964844	9.001075130886502	-273.1499938964844	098
DATA	2026-05-07T040000_AIU-0547.ghg	2026-05-07	04:30:00	127.187	0	18000	18000	0.054628418857564386	0	NaN	10.70031077985151	1	NaN	24.753760162919367	1	NaN	2.4066995389222203	2	NaN	0.5573782461810581	1	NaN	-0.010417213337901295	1	NaN	NaN	NaN	NaN	NaN	NaN	NaN	NaN	NaN	NaN	1.2925510580194252e-10	4.9987210858897194e-12	6.523819310454398e-13	NaN	17.595690239802714	444.54849318889853	452.3249339597438	0.2	0	680.4833532631243	17.192155875133356	17.492896478092288	0.1	1	0.08880972481125289	2.104665210331917	2.1414819009772956	-0.1	0	NaN	NaN	NaN	NaN	9	289.3276354336209	288.1675821287367	94663.6476076389	1.1370071226442244	1014.8874804796006	0.025308820633539432	0.03611811035253257	0.012240896510502109	1627.9087375647412	1702.0534775915353	0.010765892549586384	95.64380667217863	74.14474002679412	287.44239757053856	1.4246851408657932	-0.43247717164348776	0.2775285249073255	1.514525119215091	-4.922585746021442e-14	7.345838898070517e-15	1.514525119215091	3.716917982847783	348.88618237020376	343.11381762979624	10.558804978342767	NaN	0.21919352590365293	0.32083178836302567	-82.65549103940641	-0.0350853883212358	0.43227011611271726	0.04230459954805704	0	73.55483728577974	-11.1622303344955	25.24899540907892	62.873568609673256	95.88615921355864	134.48170167054582	201.47809487702352	0.05408526210854761	1.010042601770639	12.00518072056542	1.0135896301626974	22.75085506128245	1.0880364758265928	2.2119658599623926	1.0880364758265928	0.5122790077029468	1.0880364758265928	-0.014595682255476174	1.1482086719858475	NaN	NaN	800000009	800000009	800000009	800000009	800000009	800110019	899999999	899999999	89999	89999	89	89	2	9	5	40	7	13	0	NaN	0	0	9858	0	0	0	0	0	0	NaN	NaN	NaN	NaN	0	0	0	0	0	0	0	0	15221	0	0	0	18000	18000	18000	18000	87	NaN	0.19732746761364092	0.38938019888179126	0.054955910230619215	0.0472139351901972	31.772778034575698	0.07147238588336939	1.5876471067592264e-7	NaN	0.010403695239074669	0.056961806133123113	0.013192037929256313	-0.000014595682255476174	NaN	444.5479347999658	17.192081596117696	95060.33436024305	11.369999885559082	14.286596985048758	87.30011015955606	86.06795669174195	88.53226359049481	-2.4643070514334573	0.0002807076995248079	-1	0	2.089641071584491	66.13034942827842	1.0001227708922493	-318.9352458190884	9.000906612131331	-273.1499938964844	190
DATA	2026-05-07T043000_AIU-0547.ghg	2026-05-07	05:00:00	127.208	0	18000	18000	0.10455113265946216	0	NaN	25.051605982048656	1	NaN	33.24521882984577	1	NaN	-3.0488009906516487	2	NaN	0.7486173015415647	1	NaN	0.051687623535519325	2	NaN	NaN	NaN	NaN	NaN	NaN	NaN	NaN	NaN	NaN	-2.7681092920342906e-10	-1.0304919678712727e-11	-1.4043719383539338e-12	NaN	17.47757772505827	444.3084998185903	451.781140446828	0.1	1	650.6427876726809	16.54039967415854	16.818585805332877	0.1	1	0.08867070306112598	2.1013338451145533	2.136675308694262	0	1	NaN	NaN	NaN	NaN	9	289.3009657007853	288.21984697095525	94646.13373723926	1.1368725638639832	1014.5192043167026	0.025318095025087063	0.04851040113989339	0.011772528973442954	1565.9048043747382	1707.7881778802773	0.010355187861540683	91.69198057796336	141.8833735055391	286.8438512894451	2.2343339161309514	0.8750617176181719	0.4281392405141649	2.4374749778576827	-1.4757624764877366e-14	-1.5838060259720924e-14	2.4374749778576827	5.299761507230527	310.61254216818975	21.38745783181027	10.116408953517514	NaN	0.3032553547387662	0.5800429719342763	-93.4689828023062	-0.031026335293855865	0.7535401138511584	0.07162341693219527	0	69.07158205502266	-10.481879056718736	23.710038966291723	59.04134946886391	90.04178322532569	126.28488124780323	189.1977642275121	0.10369858694883685	1.0082213821394301	26.701029194158647	1.0134858241505875	30.32261190322187	1.0963837460952157	-2.7807790853430574	1.0963837460952157	0.6828059100727957	1.0963837460952157	0.03803444879191507	1.1528633466659315	NaN	NaN	800000009	800000009	800000009	800000019	800000019	800100019	899999999	899999999	89999	89999	89	89	5	7	3	17	47	0	10	NaN	0	0	3431	0	0	0	0	0	0	NaN	NaN	NaN	NaN	0	1078	0	0	0	0	0	0	16712	0	0	0	18000	18000	18000	18000	87	NaN	0.5345790663675377	0.5024075995542119	0.12309927794680318	0.038690854265976515	16.419660809324228	0.05432528076404576	9.367409138081955e-7	NaN	0.0231502637572669	-0.07158844829606516	0.017578172911014874	0.000038034448791915064	NaN	444.30536443529223	16.540340464064375	95041.68164127602	11.369999885559082	13.687967265023161	87.6302209803263	86.4281706776089	88.83227160559758	-2.4041007717384204	0.00028306596073606534	-1	0	1.8551079604001384	52.546648994504984	1.000167250242498	-273.1499938964844	9.00115116267734	-273.1499938964844	058
DATA	2026-05-07T050000_AIU-0547.ghg	2026-05-07	05:30:00	127.229	1	18000	18000	0.07874691242794477	1	NaN	20.464332423299606	1	NaN	11.261612945025025	1	NaN	4.838596772068358	1	NaN	0.25351072729818613	1	NaN	0.009152278481502034	2	NaN	NaN	NaN	NaN	NaN	NaN	NaN	NaN	NaN	NaN	5.215525016791207e-11	1.8462213972316957e-12	2.701504561320061e-13	NaN	17.3487629875963	436.3679287981408	443.2141701979876	0.2	0	614.1214420424245	15.446801704892604	15.689148876506538	0.1	1	0.08986202193137387	2.125464379465903	2.158811106547055	-0.9	0	NaN	NaN	NaN	NaN	9	288.9094818564521	287.8967561568966	94635.33353806526	1.138492095438002	1013.8957741366903	0.02529259993283237	0.01642749512892246	0.011005249449664847	1462.2053473636352	1672.6073397820685	0.009666513710339723	87.42071809598494	210.40199241843334	285.7945613706464	2.8872773378807	0.0016413910936166297	0.39835425856193646	2.9146284901027593	-9.693253265895828e-14	3.0062806325270038e-15	2.9146284901027593	6.502177721822327	331.9674278702536	0.03257212974890698	7.855436788024328	NaN	0.2629975831415404	1.071968994214049	-74.61285907033326	-0.03886729494263631	1.8171759696589476	0.0674097151249034	0	44.27769785165753	-6.719311473440623	15.199100848221434	37.84791016447234	57.72045106045904	80.95375332026408	121.28347417902751	0.07812610290487408	1.0079462497166483	20.904726263923248	1.013978130754578	10.221788051399628	1.1017263211090567	4.391831872726402	1.1017263211090567	0.2301031775686258	1.1017263211090567	0.0013451254024667316	1.1564815173025207	NaN	NaN	800000009	800000009	800000009	800000019	800000019	800001019	899999999	899999999	89999	89999	89	89	2	2	0	19	34	0	10	NaN	0	0	8952	0	0	0	0	0	0	NaN	NaN	NaN	NaN	0	12	0	0	0	0	101	151	16313	0	0	21	18000	18000	18000	18000	87	NaN	0.8167860570379907	1.0457494051397351	0.28140252625037204	0.04428117644849233	32.435585163600805	0.1645118358310174	8.756895398151871e-8	NaN	0.018110112680150444	0.11282408528196243	0.005911241887667425	0.0000013451254024667315	NaN	436.3626077751375	15.446638383403943	95031.05528146701	11.369999885559082	12.63563074758319	87.911122019026	86.72823701688976	89.09400798967151	-2.3657686317298103	0.00027988002664319046	-1	0	2.1105454423268295	60.19261964523083	1.0001723830054203	-273.1499938964844	9.00117156182395	-273.1499938964844	013
DATA	2026-05-07T053000_AIU-0547.ghg	2026-05-07	06:00:00	127.249	1	18000	18000	0.07479004918084559	1	NaN	20.230530879480753	1	NaN	34.71137457055029	1	NaN	7.610766960629285	1	NaN	0.7813129869206016	1	NaN	0.008261263058560024	1	NaN	NaN	NaN	NaN	NaN	NaN	NaN	NaN	NaN	NaN	1.0706832855606726e-10	3.689437992907642e-12	5.592152559604789e-13	NaN	17.22533918656486	432.04428564516985	438.5736361023081	0.1	1	593.5632104535352	14.88769483538934	15.11268792130419	0.1	1	0.08996752440360273	2.12647110015278	2.158607794263061	0	1	NaN	NaN	NaN	NaN	9	288.75473182762994	287.79492918311223	94635.0036030816	1.1391331366743709	1013.5790004608488	0.025283742274306638	0.05062908155245498	0.01061062332544597	1409.2749761090881	1661.6522484621498	0.00931464723818239	84.81166726752632	252.3772723530617	285.2334951085301	3.4743296857368744	0.2687374474604336	0.47574293891287067	3.517032545312172	5.202576575993843e-15	6.21574573344696e-15	3.517032545312172	7.439629762749854	327.577010465128	4.422989534872082	7.774133432899746	NaN	0.25623276714446197	1.151515764596177	-69.79242170916122	-0.04155178927713487	0.5828213699334359	0.06838179917082741	0	40.353825814904646	-6.123848753468169	13.85216255432162	34.49384336448968	52.605287561586664	73.77966378228048	110.53538076085286	0.07420345841205747	1.0079051675129578	21.93343732349381	1.01486766378254	31.301428329251195	1.108938998100368	6.863106964104125	1.108938998100368	0.7045590318845352	1.108938998100368	-0.0008965544426809552	1.161691204453364	NaN	NaN	800000009	800000009	800000009	800000009	800000019	800011019	899999999	899999999	89999	89999	89	89	5	2	3	50	66	0	15	NaN	0	0	7549	0	0	0	0	0	0	NaN	NaN	NaN	NaN	0	0	0	0	0	0	0	0	16414	0	0	0	18000	18000	18000	18000	87	NaN	0.9575917132621905	1.0085835706161241	0.3368562453140395	0.03295567064650603	13.031414565523047	0.08370785012041046	1.7155375147236135e-8	NaN	0.01899654445976014	0.17614817134401775	0.018083178029933655	-8.965544426809552e-7	NaN	432.03973236584153	14.88760946644595	95033.79755099826	11.369999885559082	12.077291395505297	88.0614873339335	86.89153796725802	89.2314351887173	-2.339894600205951	0.000278697199278718	-1	0	2.113301915192163	66.30975885352382	1.000165352501803	-273.1499938964844	9.001154247151481	-273.1499938964844	134
DATA	2026-05-07T060000_AIU-0547.ghg	2026-05-07	06:30:00	127.27	1	18000	18000	0.06957344386439031	1	NaN	22.52969184918723	1	NaN	27.78641503878977	1	NaN	4.70135282816749	1	NaN	0.6253749131044302	1	NaN	0.007099780867728846	1	NaN	NaN	NaN	NaN	NaN	NaN	NaN	NaN	NaN	NaN	5.092343359643195e-11	1.737593425921373e-12	2.659236286457155e-13	NaN	17.22768551456202	433.4941670648653	440.00248671696045	0.2	0	587.8376806084275	14.791551976572695	15.013626818008127	0.1	1	0.08996346714375043	2.125229440331805	2.1571368420515906	-0.1	0	NaN	NaN	NaN	NaN	9	288.6374705551995	287.68643112267387	94636.64936957465	1.1396242305589916	1013.5229009354548	0.02527377083072083	0.040524294369167074	0.010546260507386268	1400.1984057181694	1650.0488273377791	0.009254156084601037	84.85799829192187	249.85042161960973	285.1354255891822	3.4069614072769063	0.38961998074250714	0.43720142301542975	3.456925634773576	1.890829443978112e-15	2.9559068485077683e-15	3.456925634773576	7.393064593165586	325.4759989890513	6.524001010948724	7.265721820171122	NaN	0.24708188923428237	1.1546886414098914	-56.19223007302236	-0.05160855862512346	0.810816790065787	0.07894399449673087	0	40.5296856561177	-6.15053616284386	13.91252954699374	34.644165711737024	52.83453862590907	74.10119165963758	111.01708811118414	0.06902826564738411	1.0078978982289823	23.83141872187487	1.0147688847300862	25.073132525580665	1.1082147398391844	4.242276031132481	1.1082147398391844	0.5643084238305472	1.1082147398391844	-0.0022394323554077384	1.1611469837626993	NaN	NaN	800000009	800000009	800000009	800000009	800001019	800011019	899999999	899999999	89999	89999	89	89	6	19	1	89	63	0	5	NaN	0	0	18000	0	0	0	0	0	0	NaN	NaN	NaN	NaN	0	0	0	0	0	0	0	0	17306	0	0	0	18000	18000	18000	18000	87	NaN	0.9333158673157687	1.06622261973929	0.309838795764724	0.01882440496583123	2.8014641766482367	0.039065599345644776	1.4217914770705643e-8	NaN	0.020632633155867372	0.10882848621823847	0.014476387456872849	-0.000002239432355407738	NaN	433.4889003997265	14.791508907172082	95034.52069270833	11.369999885559082	11.980212212562556	88.10191567314996	86.9355472984314	89.26828137630886	-2.3327350157896682	0.0002795648950397864	-1	0	2.1121608632240028	66.10809865471816	1.000127824889289	-273.1499938964844	9.000934582763248	-273.1499938964844	215
DATA	2026-05-07T063000_AIU-0547.ghg	2026-05-07	07:00:00	127.291	1	18000	18000	0.07875648372019194	1	NaN	16.86869185600092	1	NaN	29.064544137908822	1	NaN	4.470551431308701	1	NaN	0.6540590059781117	1	NaN	0.008015722390967376	2	NaN	NaN	NaN	NaN	NaN	NaN	NaN	NaN	NaN	NaN	2.633520920930872e-10	8.825610886864914e-12	1.3764041653252885e-12	NaN	17.20088098552261	432.60534614750054	438.9694042594722	0.1	1	576.4460850982581	14.497725923991494	14.71100199904088	0.1	1	0.08990004236370118	2.122175868186674	2.153395201625884	0	1	NaN	NaN	NaN	NaN	9	288.4741679691739	287.5558109266493	94650.00229275174	1.14043017228202	1013.3552787079032	0.02525873168655215	0.042383023587381635	0.010342919385996706	1372.5778726961364	1636.1739788493178	0.009069314051293775	83.8894818301314	263.5961061531814	284.83351366185724	2.684956482174185	0.6994987140660234	0.34698483548735165	2.796191738455663	2.6766977230375923e-14	1.5310383945725897e-14	2.796191738455663	7.675976046654917	317.39760326960106	14.60239673039891	7.12831904336666	NaN	0.2627899845800472	1.1296476010693586	-90.29719106804552	-0.03211617067705504	0.580387284794848	0.05554464078883099	0	45.759637798276884	-6.9442015777010155	15.707802876387793	39.114650141711074	59.65230945223809	83.66321218318862	125.34273728373631	0.07813220825919971	1.0079899886986583	18.320132018951423	1.0138346683351998	26.413643469058744	1.1003610377324646	4.062804186997799	1.1003610377324646	0.594404003367789	1.1003610377324646	0.00030009031844203265	1.1555333553746114	NaN	NaN	800000009	800000009	800000009	800000009	800001019	800011019	899999999	899999999	89999	89999	89	89	6	6	1	86	60	3	9	NaN	0	0	18000	0	0	0	0	0	0	NaN	NaN	NaN	NaN	0	0	0	0	0	0	0	0	17604	0	0	0	18000	18000	18000	18000	87	NaN	1.2960709748216148	0.7044635786880459	0.2587606486290565	0.01767409284523588	3.7928104354171888	0.06260029251773785	1.6992087537612717e-8	NaN	0.015852514749654673	0.10413135363183965	0.015234820736120789	3.0009031844203264e-7	NaN	432.6018251807448	14.497659188640458	95050.23390039062	11.369999885559082	11.6781357160409	88.15409159575569	86.99190797127616	89.31627672831218	-2.3243685954279383	0.00027945304978250845	-1	0	2.1093841965264746	66.91507201054891	1.0001410862422653	-273.1499938964844	9.000980914619234	-273.1499938964844	064
DATA	2026-05-07T070000_AIU-0547.ghg	2026-05-07	07:30:00	127.312	1	18000	18000	0.04625047156745453	1	NaN	13.957652884036595	0	NaN	44.754053159529896	1	NaN	6.776829011989208	1	NaN	1.0070389060889415	1	NaN	-0.0007302837626812996	0	NaN	NaN	NaN	NaN	NaN	NaN	NaN	NaN	NaN	NaN	2.2973308627463542e-10	7.669238072042931e-12	1.202835826249311e-12	NaN	17.16964679546972	431.5135910738603	437.8205395532229	0.1	1	573.1786875919611	14.405328004479951	14.615874470296882	0.1	1	0.08989678685180252	2.121018632322931	2.152019174402124	-0.1	0	NaN	NaN	NaN	NaN	9	288.3568732901679	287.4610789913601	94695.0281922743	1.1413887864934333	1013.3016694358163	0.025238404342427263	0.06525612111456341	0.01028527840217011	1364.4788503594234	1626.1754896493069	0.00901119629339313	83.90723258617557	261.6966392898835	284.7439717947653	1.813498178756949	0.41512722547883263	0.34510952594050626	1.892143451904033	1.3560500689767677e-14	1.3380187083129245e-14	1.892143451904033	6.799529589715613	319.1065835383971	12.893416461602865	10.50904723293422	NaN	0.20129884443284068	0.704706185302017	-49.06597418553994	-0.05910409500958504	0.311874610200852	0.05995132031508033	0	49.18538752143919	-7.464072314817914	16.88375189924697	42.04292948004978	64.11812020652889	89.92657526396502	134.7263965129257	0.04583828063617053	1.008992286044838	16.328079683807555	1.0133056398129647	41.021340284729945	1.0909944153187372	6.211607426064906	1.0909944153187372	0.9230468020266925	1.0909944153187372	-0.007919964888308807	1.1496014506514964	NaN	NaN	800000009	800000009	800000009	800000009	800000009	800101009	899999999	899999999	89999	89999	89	89	3	2	1	27	56	0	0	NaN	0	0	17667	0	0	0	0	0	0	NaN	NaN	NaN	NaN	0	0	0	0	0	0	0	0	16211	0	0	0	18000	18000	18000	18000	87	NaN	0.6725129499758258	0.6101402532685959	0.12675916735961243	0.03372182578687737	16.02092562916913	0.1223195638298805	1.0302061527800118e-8	NaN	0.014117661073156146	0.1590630295817143	0.023636815836105034	-0.000007919964888308807	NaN	431.51031328064926	14.405205299406713	95096.79886892361	11.369999885559082	11.586799480756145	88.17568150075277	87.01569176101684	89.3356739953359	-2.319982290930217	0.0002793006006007393	-1	0	2.108304548713896	66.04919006950804	1.0001713253640467	-273.1499938964844	9.00120176106029	-273.1499938964844	078
DATA	2026-05-07T073000_AIU-0547.ghg	2026-05-07	08:00:00	127.333	1	18000	18000	0.05878820214945466	1	NaN	25.29427514419661	1	NaN	27.154148881687185	1	NaN	1.6292949623706046	1	NaN	0.6110200833265595	1	NaN	0.004886841196779672	1	NaN	NaN	NaN	NaN	NaN	NaN	NaN	NaN	NaN	NaN	-2.7336801334102146e-10	-8.914352914978721e-12	-1.4385090225571256e-12	NaN	17.027044191578952	427.19589639404467	433.23105629010087	0.1	0	555.2408241461824	13.930580018286825	14.127382652780339	0.1	1	0.08959920510710948	2.1136779278059503	2.143538664696801	-0.2	0	NaN	NaN	NaN	NaN	9	288.3279119326274	287.47405164082846	94710.44266905382	1.1417291112115537	1013.0353868350325	0.025235435480894318	0.03959410139956106	0.009947482634911424	1319.725307580022	1627.5415098445549	0.008712646929318973	81.08704445308236	307.8162022645329	284.2405780803846	3.464157036484977	0.9242491749621908	0.42541587215625154	3.6104846177665837	2.623037256535257e-15	-1.6054930630662295e-14	3.6104846177665837	7.992900885977578	317.0612643193373	14.938735680662711	6.766761863448783	NaN	0.22691518113488138	1.0643641971878026	-38.78395594454528	-0.07477318724646155	0.9315068299288557	0.09637646560555309	0	39.95865170881407	-6.063879558277464	13.716512071516501	34.15605448222325	52.09013820293255	73.05715948203003	109.45293766155646	0.058326237251245285	1.0079203617442254	26.515192362963163	1.0150249217322727	24.461155902203117	1.1100926297289786	1.46771081866239	1.1100926297289786	0.5504226106570367	1.1100926297289786	-0.005035155675664199	1.1625460257476983	NaN	NaN	800000009	800000009	800000009	800000009	800000009	800010019	899999999	899999999	89999	89999	89	89	3	11	3	108	38	0	1	NaN	0	0	13606	0	0	0	0	0	0	NaN	NaN	NaN	NaN	0	0	0	0	0	0	0	0	17604	0	0	0	18000	18000	18000	18000	87	NaN	1.0496271883300943	0.8083395899175816	0.2707616161279294	0.016065934035938218	4.1563757801592685	0.0438803807095327	5.364085772876755e-9	NaN	0.02292488107515627	0.03756171855291503	0.014086439183913968	-0.000005035155675664199	NaN	427.1939279397426	13.930532433349663	95108.93745290798	11.369999885559082	11.08522809240554	88.27511673567031	87.12389144219293	89.42634063635933	-2.30244895418485	0.000279192240384873	-1	0	2.101424736153059	66.77904595291703	1.000156824055645	-273.1499938964844	9.001110000054041	-273.1499938964844	009
DATA	2026-05-07T080000_AIU-0547.ghg	2026-05-07	08:30:00	127.354	1	18000	18000	0.0553729519002262	2	NaN	36.24506529326691	2	NaN	22.46370517821191	2	NaN	-0.03501050240969118	2	NaN	0.5054574439020166	2	NaN	0.0073179059968034805	2	NaN	NaN	NaN	NaN	NaN	NaN	NaN	NaN	NaN	NaN	-1.003232851187882e-10	-3.256496254764651e-12	-5.306191590644797e-13	NaN	16.963821873524616	426.56708710327126	432.55642686843146	0.1	1	550.6460671838778	13.846377936217728	14.040792049458368	0.1	1	0.0897232271290877	2.1161412052615285	2.1458535038718956	-0.1	0	NaN	NaN	NaN	NaN	9	288.26634231291877	287.4355128551059	94718.5693999566	1.1420167248070343	1012.9874427403198	0.02522988753964907	0.03275364236485068	0.009889530196820357	1311.860907924822	1623.486322602683	0.00865970697451159	80.80517154106475	311.62541467786104	284.150569616546	3.8740223217730874	0.9662746692908203	0.454645744364355	4.01851196825113	4.4087594515801394e-14	-5.913955349611543e-15	4.01851196825113	8.003496589272896	317.99481447279777	14.005185527202197	6.4962298566015555	NaN	0.22019761257913378	1.612072987307289	-24.733898293523946	-0.11724799566913818	1.6134945239764753	0.14228520847183104	0	32.737574457103236	-4.968053226236011	11.237749924729732	27.9835862561401	42.67673469881234	59.85472722143576	89.6732883370411	0.0549313777549216	1.0080386504644887	37.06285101079739	1.0157572501632823	20.14358568248618	1.1151790715067653	-0.03139451170150371	1.1151790715067653	0.4532522684622048	1.1151790715067653	-0.005884327348648493	1.1663885746482976	NaN	NaN	800000009	800000009	800000009	800000009	800001019	800011019	899999999	899999999	89999	89999	89	89	10	8	2	117	51	4	5	NaN	0	0	18000	0	0	0	0	0	0	NaN	NaN	NaN	NaN	0	0	0	0	0	0	0	0	17802	0	0	0	18000	18000	18000	18000	87	NaN	1.3859299357765258	1.4185575409481657	0.4196584978898863	0.015456246387508107	0.7119594630169962	0.0330103749670993	1.5757007734381684e-8	NaN	0.0320377713718194	-0.0008032044552559164	0.011596110965033941	-0.000005884327348648493	NaN	426.56517572645083	13.846341007737301	95116.32854796007	11.369999885559082	10.995363409476301	88.30926933246188	87.16105982229445	89.45748008388944	-2.2964183224439623	0.0002792871335049212	-1	0	2.103950912014554	67.08461348681627	1.0001685556901825	-273.1499938964844	9.00110942586263	-273.1499938964844	226
DATA	2026-05-07T083000_AIU-0547.ghg	2026-05-07	09:00:00	127.374	1	18000	18000	0.072754082698319	1	NaN	30.723140657841856	1	NaN	27.650696183868014	1	NaN	-0.9239662671667622	1	NaN	0.6221259962438038	1	NaN	0.002332652030585509	1	NaN	NaN	NaN	NaN	NaN	NaN	NaN	NaN	NaN	NaN	-1.7349250112026508e-10	-5.548320752151393e-12	-9.197546841714925e-13	NaN	16.870367424378394	424.21769082341166	430.05201579022446	-0.1	0	539.5173224934512	13.566556492223809	13.75313923256786	0.1	1	0.089436715489565	2.1084175597070134	2.137414919966055	-0.1	0	NaN	NaN	NaN	NaN	9	288.1539954104953	287.36140454271106	94719.91743641494	1.1424490040197273	1012.8291808508246	0.02522302364729052	0.040313764556598485	0.009692309518364839	1285.3678046862933	1615.7133174438338	0.008483800576010198	79.5542000433487	330.3455127575405	283.84381745169867	3.336345650259537	0.7501933761262141	0.4373114317796465	3.4474967277657376	5.4179122372302156e-14	-1.0283860259591091e-14	3.4474967277657376	7.532543882364375	319.32753453885255	12.672465461147477	7.287544409331392	NaN	0.2523540464763453	1.263861893396748	-43.918914479100536	-0.06603077590590285	1.1111163514127493	0.10521612602335122	0	40.22315897017083	-6.104019555663898	13.807308854897544	34.38215131090709	52.4349501325281	73.54076311605438	110.177464029445	0.07218404121801573	1.0078970568935255	31.920435541968835	1.0147535629150073	24.953365109659337	1.1080948826883692	-0.8338331686228085	1.1080948826883692	0.5614374779300962	1.1080948826883692	-0.0090791128507548	1.1610620552589106	NaN	NaN	800000009	800000009	800000009	800000009	800001009	800011009	899999999	899999999	89999	89999	89	89	13	3	4	74	51	2	4	NaN	0	0	18000	0	0	0	0	0	0	NaN	NaN	NaN	NaN	0	0	0	0	0	0	0	0	17604	0	0	0	18000	18000	18000	18000	87	NaN	1.207634828857103	0.9906938344987927	0.3293951234376006	0.019157030348583494	0.4400292163860529	0.035716395166382094	4.168037050346054e-9	NaN	0.027586447675468705	-0.02132112557403805	0.01435596402178353	-0.0000090791128507548	NaN	424.21695260722373	13.566516820851515	95120.8986968316	11.369999885559082	10.688982919798965	88.3641681374444	87.2211524719662	89.50718630260891	-2.2860281547771555	0.00027950096480587193	-1	0	2.0965078046917913	65.71479097050755	1.000170505012075	-273.1499938964844	9.001140885512035	-273.1499938964844	069
DATA	2026-05-07T090000_AIU-0547.ghg	2026-05-07	09:30:00	127.395	1	18000	18000	0.07987328922342572	1	NaN	30.729948837733893	1	NaN	33.328765023717246	1	NaN	-0.7877978729748258	1	NaN	0.7498498265559007	1	NaN	0.00550377030444788	1	NaN	NaN	NaN	NaN	NaN	NaN	NaN	NaN	NaN	NaN	6.706106416326172e-11	2.1356594720473795e-12	3.5611904314526055e-13	NaN	16.824037728728747	424.9226945140617	430.7517548082165	0.1	0	535.7865399506427	13.53229610579315	13.71793121292536	0.1	1	0.08934186017699539	2.105732250318225	2.134618540480929	0	0	NaN	NaN	NaN	NaN	9	288.09996073998343	287.32017559390596	94732.12983072917	1.1427751391037901	1012.8092205218722	0.025216153634000347	0.04859026876082236	0.009670466937341214	1282.2870993032602	1611.4031003867285	0.008462265765533874	79.57581184965561	329.1160010834683	283.80778677336	3.2451620923534166	0.8404048512158242	0.3789362984586479	3.3735663677900596	-2.3751633280365573e-14	3.986026734161928e-15	3.3735663677900596	7.631654210096664	317.48098908396963	14.519010916030403	6.449366854453527	NaN	0.2643750048790877	1.2794579475139576	-50.492026574857455	-0.05743481093397145	0.9220248279786546	0.10042758382815652	0	41.675067144729724	-6.324352222650798	14.305701947542303	35.623220581081696	54.32765907631006	76.19531432150997	114.15446545778013	0.07924789955253077	1.0078915614726218	32.241962873563985	1.0146351348014324	30.101808037492752	1.107201433953908	-0.7115217238849975	1.107201433953908	0.6772478824184005	1.107201433953908	-0.0065038779467863	1.1604002022997109	NaN	NaN	800000009	800000009	800000009	800000009	800010019	800010119	899999999	899999999	89999	89999	89	89	7	5	3	84	29	0	2	NaN	0	0	9221	0	0	0	0	0	0	NaN	NaN	NaN	NaN	0	0	0	0	0	0	0	0	17505	0	0	0	18000	18000	18000	18000	87	NaN	1.2647822806555153	0.9632790939358341	0.3308545204365659	0.01842924894475446	6.953951129027994	0.04004177333278717	9.936814721466401e-9	NaN	0.027856916555789507	-0.01818803297182271	0.017311919512824167	-0.000006503877946786301	NaN	424.92229809462447	13.532250801797273	95132.58974262152	11.369999885559082	10.652701700607931	88.37535232247247	87.23554976887173	89.51515181499057	-2.2795967506302732	0.00028108619922164124	-1	0	2.093862185179525	65.57844461901982	1.0001339598728551	-273.1499938964844	9.000955073701011	-273.1499938964844	109
DATA	2026-05-07T093000_AIU-0547.ghg	2026-05-07	10:00:00	127.416	1	18000	18000	0.060918853783999014	1	NaN	30.346926194165675	1	NaN	34.87302762358495	1	NaN	-2.0174734121639504	2	NaN	0.784540204704212	1	NaN	0.007454083622477282	1	NaN	NaN	NaN	NaN	NaN	NaN	NaN	NaN	NaN	NaN	4.458946315149349e-11	1.4215050054223378e-12	2.3653956496378443e-13	NaN	16.872875706841942	425.63638795568056	431.4913897524675	0.1	0	537.9045984845285	13.56922046612751	13.75587699376078	0.1	1	0.0895077535655578	2.1090047379612313	2.1380159477158847	-0.1	0	NaN	NaN	NaN	NaN	9	288.02275193023684	287.2494239222209	94723.1602139757	1.1429323438167214	1012.8285537905733	0.025212331441376305	0.05083820526483294	0.009698323915727272	1285.6642175264335	1604.0300095301807	0.008485475074876766	80.15212994069879	318.3657920037472	283.84728016394547	2.9233098679601417	1.1061711891593144	0.4009004870993285	3.151202387089025	1.2364288201650434e-14	2.6426712272533656e-15	3.151202387089025	7.785245981639012	311.27351630881674	20.726483691183265	7.309058963164747	NaN	0.2308689884848432	1.526286430118141	-34.04696362000099	-0.08517646484917048	0.8702119736125741	0.11355144070315026	0	35.20451256898222	-5.342420602221794	12.084569948534694	30.092287850168738	45.89263768078188	64.36507687950709	96.43061401814882	0.060441509741681713	1.0078976194399742	31.961731700104608	1.014298648197268	31.573309205822035	1.1045097425883523	-1.8265781951693087	1.1045097425883523	0.7103062783907086	1.1045097425883523	-0.004711765604126297	1.1584573919398606	NaN	NaN	800000009	800000009	800000009	800000009	800001019	800011119	899999999	899999999	89999	89999	89	89	15	7	0	67	16	8	8	NaN	0	0	12922	0	0	0	0	0	0	NaN	NaN	NaN	NaN	0	0	0	0	0	0	0	0	17703	0	0	0	18000	18000	18000	18000	87	NaN	1.4677143975732627	1.200158256399033	0.384700206263986	0.020170672148945013	5.369418086557428	0.024509104675770853	1.3232046002532434e-8	NaN	0.027610472704218188	-0.046685956828613005	0.018154891115935833	-0.000004711765604126297	NaN	425.6360791885255	13.569189683550821	95123.72440646702	11.369999885559082	10.692642473406261	88.37729912016127	87.23723893123203	89.51735320748223	-2.280112445718712	0.00028070302305342135	-1	0	2.0970815124765587	65.6987142569224	1.0001282598839867	-273.1499938964844	9.000908719115786	-273.1499938964844	052
DATA	2026-05-07T100000_AIU-0547.ghg	2026-05-07	10:30:00	127.437	1	18000	18000	0.04661880867173482	1	NaN	22.725891015385315	1	NaN	44.754353340516516	1	NaN	-0.10152520218295115	2	NaN	1.0065982714952268	1	NaN	0.013593603613494147	2	NaN	NaN	NaN	NaN	NaN	NaN	NaN	NaN	NaN	NaN	-1.1036449306025177e-10	-3.5330401737943194e-12	-5.877956585248765e-13	NaN	16.910604867335365	424.7979229014291	430.65431834361345	0.1	1	541.3502540789119	13.59883134275602	13.786309034150547	0.1	1	0.0900650186344153	2.1197338627186775	2.1489571688202704	0	1	NaN	NaN	NaN	NaN	9	287.78186863072716	286.9985784403483	94715.92703689236	1.1438310760417718	1012.8404157276141	0.025192238051195495	0.0652275679928907	0.009727239973564073	1288.3714165649108	1578.127418788164	0.008504087865163792	81.63925176296884	289.7560022232533	283.878873330574	2.2162158049181198	0.8109194598019798	0.29584080800358714	2.378386984478073	-3.950043167658227e-14	-6.526348047634449e-15	2.378386984478073	8.49836423508028	311.9022881021565	20.097711897843503	7.145366568590737	NaN	0.2018829488877688	0.9372497135817988	-30.398406164805255	-0.09539973853489626	0.5077917413413136	0.09716690408858464	0	38.23858689989944	-5.802853087472166	13.126069483833692	32.68576895421371	49.84786000327547	69.91233242480014	104.74141366730612	0.046236130369694796	1.0082766074708287	24.993622338892102	1.0134429628117536	40.843501177061846	1.0957521282639464	-0.09265343827696003	1.0957521282639464	0.9186368390541295	1.0957521282639464	0.0026606721208318617	1.1524574916868522	NaN	NaN	800000009	800000009	800000009	800000009	800011009	800011019	899999999	899999999	89999	89999	89	89	7	4	4	115	27	5	1	NaN	0	0	18000	0	0	0	0	0	0	NaN	NaN	NaN	NaN	0	0	0	0	0	0	0	0	17406	0	0	0	18000	18000	18000	18000	87	NaN	0.8504961454334564	0.7847644070829161	0.23923887464722504	0.022616866568457	0.23740204646156918	0.053090750055654834	1.1867686282831699e-7	NaN	0.02157378214938316	-0.0023663355025167316	0.023461654598025763	0.0000026606721208318616	NaN	424.79739636256244	13.598772215084201	95113.53112304688	11.369999885559082	10.723038813273087	88.35923381212021	87.21454326015049	89.50392500347562	-2.2893750182059063	0.00027905987422046665	-1	0	2.107726266218556	66.08432518432362	1.0001561719259686	-273.1499938964844	9.001060976372825	-273.1499938964844	058
DATA	2026-05-07T103000_AIU-0547.ghg	2026-05-07	11:00:00	127.458	1	18000	18000	0.015605041182603363	2	NaN	18.919712573878762	2	NaN	23.42395468916061	2	NaN	-0.15676789961984208	2	NaN	0.5268171191315361	2	NaN	0.001143254218780287	2	NaN	NaN	NaN	NaN	NaN	NaN	NaN	NaN	NaN	NaN	-1.3140478288604236e-10	-4.2056333610932e-12	-6.984746575783827e-13	NaN	16.872488191553224	423.71168961608623	429.5366218745347	0.1	1	540.006974362457	13.560967707544975	13.74739569665009	0.1	1	0.08968475236027523	2.1102406659484716	2.1392509793984273	-0.1	0	NaN	NaN	NaN	NaN	9	287.68011039479575	286.94767617374	94726.54269748264	1.1441786708686545	1012.818254873604	0.025184947236249908	0.034137749319723534	0.009702964234334612	1284.9281625166043	1572.9162782946748	0.008480287634594842	81.69081725759101	287.98811577807055	283.83868023074604	1.5661240585958056	0.8201347640614437	0.2617409663762848	1.7871412735467658	4.453022582035292e-14	-7.788109340732969e-15	1.7871412735467658	5.142571765115797	304.36022394084955	27.63977605915044	8.421712346436967	NaN	0.11678458875374724	0.6678624135540195	-7.068811266296286	-0.4102528545113441	0.8077078710638824	0.1397988602077967	1	33.80013482657305	15	27	44	67	108	248	0.015462355601780843	1.0092279329551888	20.051436343674776	1.0133409734793233	21.48806937849692	1.0900911699680624	-0.14381173239338788	1.0900911699680624	0.4832780354940135	1.0900911699680624	-0.006337663343836364	1.14912570434443	NaN	NaN	800000009	800000009	800000009	800000009	800000019	800011019	899999999	899999999	89999	89999	89	89	0	2	0	76	26	1	4	NaN	0	0	18000	0	0	0	0	0	0	NaN	NaN	NaN	NaN	0	0	0	0	0	0	0	0	16212	0	0	0	18000	18000	18000	18000	87	NaN	0.8111419869694502	0.37526753775232147	0.14931530238626747	0.019000031404585515	0.910431936331779	0.036842635340420433	1.1893872959617285e-8	NaN	0.017302948686284805	-0.003671695999269262	0.012338701439213472	-0.000006337663343836365	NaN	423.7115534789776	13.560927825236597	95130.42473177084	11.369999885559082	10.68440846999485	88.36186943329704	87.21703940031264	89.50669819090102	-2.289652350856197	0.0002792466889821097	-1	0	2.0983069851089406	66.57932141292046	1.0001545546303192	-273.1499938964844	9.001059787750243	-273.1499938964844	090
DATA	2026-05-07T110000_AIU-0547.ghg	2026-05-07	11:30:00	127.479	1	18000	18000	0.057732439406169275	1	NaN	28.376076878001413	1	NaN	34.659169571695166	1	NaN	0.1667848311825457	1	NaN	0.7793643825030658	1	NaN	-0.010172364920966742	1	NaN	NaN	NaN	NaN	NaN	NaN	NaN	NaN	NaN	NaN	-1.4004616094165944e-10	-4.4209522743103064e-12	-7.531136902094677e-13	NaN	16.84892332259534	422.8061326643936	428.5256945571208	0.1	1	531.8838116079329	13.34706871810411	13.527622829603422	0.1	1	0.09060694512591604	2.129920667359667	2.1587334308046855	-0.1	0	NaN	NaN	NaN	NaN	9	287.4901917843289	286.7624523595174	94737.6389077691	1.1451449174893715	1012.6949437474319	0.025165742532786643	0.050502811986198666	0.009557205876513373	1264.8089573250131	1554.0812862679397	0.008345848399228542	81.38628065990025	289.2723289429266	283.60191451842365	1.9644639460373445	0.7281234953359975	0.2812564451238781	2.1138560990910804	-3.563367014147448e-14	-8.31187597333592e-15	2.1138560990910804	6.903296265299604	311.6629054128431	20.33709458715694	7.646091724879248	NaN	0.2245327674634833	1.0289530696548677	-33.497307313636426	-0.08657412289433301	0.8187177369989581	0.1089766695690226	0	45.53847815723531	-6.9106397489336	15.631885928333967	38.925606206902366	59.36400552369925	83.25886182411485	124.73694676356128	0.05724016279928832	1.0086001957857302	30.038835385703244	1.0133146819676837	31.708355747305948	1.0930610797956604	0.1525850972698844	1.0930610797956604	0.7130108252036219	1.0930610797956604	-0.02062368981242929	1.1507854231083334	NaN	NaN	800000009	800000009	800000009	800000009	800001009	800011019	899999999	899999999	89999	89999	89	89	14	3	0	61	13	2	5	NaN	0	0	17247	0	0	0	0	0	0	NaN	NaN	NaN	NaN	0	0	0	0	0	0	0	0	14028	0	0	0	18000	18000	18000	18000	87	NaN	1.1342605618039021	0.7324401419942242	0.19120543551160915	0.03453455399100681	1.478589645068558	0.035946583926026655	1.1120255749479901e-7	NaN	0.02590263819604045	0.0038918763470142817	0.01818624502278179	-0.00002062368981242929	NaN	422.80629505017805	13.347029467809003	95136.95618880208	11.369999885559082	10.446954195022586	88.38567910173204	87.24269710307651	89.52866541375055	-2.285964480817318	0.00027887889515194626	-1	0	2.1180667052927378	67.57757704591158	1.000162944510579	-273.1499938964844	9.00110904841953	-273.1499938964844	231
DATA	2026-05-07T113000_AIU-0547.ghg	2026-05-07	12:00:00	127.499	1	18000	18000	0.039081434542755686	1	NaN	29.435793243800777	1	NaN	39.20545540750633	1	NaN	-0.802921377715409	1	NaN	0.8814793671096576	1	NaN	-0.009618284049232892	1	NaN	NaN	NaN	NaN	NaN	NaN	NaN	NaN	NaN	NaN	-1.9500034506342532e-10	-6.110138352423359e-12	-1.0518402699254009e-12	NaN	16.868452086732333	423.2731963594991	428.96245548373975	0.1	0	528.5558649018557	13.262836995430952	13.441104169063854	0.1	1	0.09098915794411139	2.1374883859892564	2.1662185900455024	-0.1	0	NaN	NaN	NaN	NaN	9	287.3204191691081	286.62636766221783	94741.8902076823	1.1457766999730217	1012.6452257241278	0.02515267127898667	0.057119862988705805	0.009501826827922609	1256.8833016924848	1540.3697148096865	0.00829291329466408	81.59620963774748	283.48641311720166	283.5077326235122	1.867223277954641	0.7764615597967369	0.26645577540322574	2.039709293949343	2.4433194320995485e-14	-1.156006159076092e-14	2.039709293949343	5.924314867892072	309.4206243271194	22.579375672880555	7.506241368173562	NaN	0.18468654429144032	0.8224206518522791	-17.970475912051917	-0.16137580407957433	0.7508086040027215	0.1373672432529721	1	26.31073467027402	12	21	36	57	96	238	0.03874369492185583	1.0087172795878416	31.339713341155168	1.013300285721839	35.890895138587084	1.0923510059061103	-0.7350397201761918	1.0923510059061103	0.806956154517811	1.0923510059061103	-0.02078555707148132	1.1503652319599207	NaN	NaN	800000009	800000009	800000009	800000009	800000009	800010019	899999999	899999999	89999	89999	89	89	7	8	1	78	20	5	0	NaN	0	0	18000	0	0	0	0	0	0	NaN	NaN	NaN	NaN	0	0	0	0	0	0	0	0	15218	0	0	0	18000	18000	18000	18000	87	NaN	0.9332397556389406	0.5399742246881067	0.17162732337751074	0.03228600475268791	0.1732389186423564	0.03781347214196954	2.469768415503519e-7	NaN	0.027010816583770494	-0.01873678200237494	0.02056999252918026	-0.00002078555707148132	NaN	423.27331317367924	13.262796304140997	95142.53338281249	11.369999885559082	10.352823137071422	88.39612726932101	87.25291289901733	89.53934334903293	-2.2864291014340195	0.00027880921062508907	-1	0	2.1256577384273205	66.03139467244898	1.0001448396692674	-273.1499938964844	9.000982513480716	-273.1499938964844	113
DATA	2026-05-07T120000_AIU-0547.ghg	2026-05-07	12:30:00	127.52	1	18000	18000	0.044798536742953976	1	NaN	35.008553609167244	1	NaN	35.78167767247248	1	NaN	-1.0971322087102042	1	NaN	0.8043732494480722	1	NaN	0.0004934880661463769	1	NaN	NaN	NaN	NaN	NaN	NaN	NaN	NaN	NaN	NaN	-1.1142704136318761e-10	-3.4720279087106736e-12	-6.065300461539886e-13	NaN	16.857777417974212	422.8098652549013	428.45458671789413	-0.2	0	525.2824894027558	13.174608553576883	13.350496113873213	0.1	1	0.0917618236138103	2.153993794051424	2.182750679828214	-0.1	0	NaN	NaN	NaN	NaN	9	287.15812229919436	286.461544980367	94703.88019032119	1.146014430315347	1012.5926860985232	0.025148296777075214	0.052123386564235076	0.009440259605157788	1248.0212287215186	1523.905014292069	0.008237470101105208	81.89626105412401	275.88378557055034	283.4018016330389	2.1921878211423578	0.776209657983119	0.2895341763186125	2.343505689254383	7.360371616720401e-15	-6.6098299082049285e-15	2.343505689254383	7.391751198790863	312.50196858645046	19.498031413549576	7.09688118636762	NaN	0.1977137490715789	0.8624819908633624	-18.532482593906455	-0.15648200316958777	0.9783932975311547	0.15258520461597277	1	29.057596279239636	13	23	40	63	105	263	0.044429244433835294	1.0083119196336692	36.66129345517371	1.0134198581110103	32.665543844602915	1.0953951308049146	-1.0015858002801357	1.0953951308049146	0.7343224621210478	1.0953951308049146	-0.013008210623964364	1.1522237355980816	NaN	NaN	800000009	800000009	800000009	800000009	800001019	800111019	899999999	899999999	89999	89999	89	89	4	6	4	75	35	5	7	NaN	0	0	17439	0	0	0	0	0	0	NaN	NaN	NaN	NaN	0	0	0	0	0	0	0	0	13431	0	0	0	18000	18000	18000	18000	87	NaN	0.9597627070657757	0.5644323471402012	0.200768927520748	0.03026674977108659	1.1392530958671212	0.031333849417009195	3.191219371672337e-8	NaN	0.031592421203904285	-0.025524543018365552	0.018713569290337836	-0.000013008210623964363	NaN	422.80978769365635	13.174574894616057	95104.6777311198	11.369999885559082	10.246983177794348	88.41046112865872	87.26691302914091	89.55401067648992	-2.2870985452201626	0.00027883986155696544	-1	0	2.1421692770123473	65.32388527022471	1.000166191837854	-273.1499938964844	9.001132417784797	-273.1499938964844	186
DATA	2026-05-07T123000_AIU-0547.ghg	2026-05-07	13:00:00	127.541	1	18000	18000	0.01298721181406029	2	NaN	30.195274128852663	2	NaN	34.457374546741526	2	NaN	-0.24079592928258828	2	NaN	0.7744302956308489	2	NaN	-0.011264295904912479	2	NaN	NaN	NaN	NaN	NaN	NaN	NaN	NaN	NaN	NaN	8.272701021127753e-11	2.6023916300758257e-12	4.481578582647352e-13	NaN	16.88509400475175	423.2458461837263	428.95710570855016	0.1	1	531.1642134628871	13.314290517206887	13.493952926698464	0.1	1	0.09147178831245481	2.1450244992077874	2.1739693588267124	-0.1	0	NaN	NaN	NaN	NaN	9	286.930854991489	286.2294307030571	94703.45435655382	1.1468777374157693	1012.6666599861974	0.025128032583750546	0.050183083156879006	0.009548042347972487	1261.2475298592524	1500.9806581174958	0.008325248661192823	84.0282333445314	239.73312825824337	283.55965797858704	2.014824275170987	0.7276919579385058	0.281937995046793	2.1606807905189727	-1.3300790776042083e-14	4.899410698453722e-15	2.1606807905189727	5.795941518009154	312.1418543000312	19.858145699968823	7.497661280628989	NaN	0.10641415494806065	0.6551961428139889	-3.3501454094769323	-0.8656340682396784	0.8763080335065194	0.24431826839999832	1	37.83118956289685	17	30	48	72	113	249	0.012877332514304405	1.0085327686952115	31.824357026039205	1.0133290285707384	31.51046796189977	1.0935215112769812	-0.22020227933275324	1.0935215112769812	0.7081985014876321	1.0935215112769812	-0.022300767224829106	1.1510626135065996	NaN	NaN	800000009	800000009	800000009	800000009	800000009	800010009	899999999	899999999	89999	89999	89	89	2	3	1	60	19	0	3	NaN	0	0	18000	0	0	0	0	0	0	NaN	NaN	NaN	NaN	0	0	0	0	0	0	0	0	13762	0	0	0	18000	18000	18000	18000	87	NaN	0.7284968445518214	0.41890677490313527	0.16298866617302113	0.03993462208796233	0.20739285040072883	0.028587754750120407	4.665272798684713e-7	NaN	0.027401605122780136	-0.005607935764337648	0.018035833765105307	-0.000022300767224829105	NaN	423.2459005112846	13.31425856335892	95102.5558515625	11.369999885559082	10.404631640222348	88.37795680024888	87.22834882736205	89.52756523068746	-2.2992146857976903	0.0002786908777165485	-1	0	2.1331038960960176	60.29555647040781	1.000173088297248	-273.1499938964844	9.001160669061873	-273.1499938964844	172
DATA	2026-05-07T130000_AIU-0547.ghg	2026-05-07	13:30:00	127.562	1	18000	18000	0.05513757774070095	1	NaN	35.19983148073044	0	NaN	20.437582614346343	0	NaN	-0.39365461257401513	0	NaN	0.4589494855219392	0	NaN	NaN	NaN	NaN	NaN	NaN	NaN	NaN	NaN	NaN	NaN	NaN	NaN	5.029348400137809e-12	1.5538256940298166e-13	NaN	NaN	16.925688540670677	423.58265529651766	429.1994415039036	0.2	0	522.9220099947638	13.086657773143527	13.260189332950944	0.1	1	NaN	NaN	NaN	NaN	0	NaN	NaN	NaN	NaN	9	286.5397586491902	285.35397085619803	95246.13731252121	1.1571325803500012	1012.4935716726235	0.025011949257244974	0.02973992666182166	0.009428356610161871	1241.6068195702333	1416.7598286540135	0.008148034866765267	87.63707118586333	175.15300908378026	283.3247141514591	2.588813568183137	0.8725455481534297	0.3176214181854852	2.750304490361298	-4.731785454303038e-14	2.971429131555154e-16	2.750304490361298	6.619523506060899	313.37389049603183	18.626109503968177	6.631652406031426	NaN	0.21828921579212376	0.8100920303873657	-24.906480476750286	-0.11643555992212924	1.7223089513542371	0.13763627403563358	0	46.34464926532995	-7.0329793248150025	15.908618382083121	39.614709144877644	60.41493098389434	84.7327997247994	126.94517432543786	0.05469938826240619	1.0080108661580027	35.98340950869728	1.0137825379605885	18.582330435402955	1.0998395860730563	-0.3579200253916545	1.0998395860730563	0.417287658430812	1.0998395860730563	NaN	1	NaN	NaN	800000009	800000009	800000009	800000019	800001009	800011019	899999999	899999999	89999	89999	89	89	2	1	2	72	19	5	0	NaN	0	0	18000	0	0	0	0	0	0	NaN	NaN	NaN	NaN	0	4710	0	0	0	0	0	0	16180	0	0	0	18000	18000	18000	18000	87	NaN	0.8836930985924523	0.5635281970486591	0.17296276513361983	0.04758225410384014	0.11194612377333985	0.050658794430058655	NaN	NaN	0.03071333063042157	-0.009070518716654229	0.010575031424642245	NaN	NaN	423.5824594074837	13.08660246818697	95094.4232782118	11.369999885559082	10.144338912434067	88.40874434513515	87.25561750645107	89.56187500317893	-2.30625775053766	0.00027796556202035086	-1	0	0.9657092483074625	47.34958015302682	1.0001603331946665	-273.1499938964844	9.001109050353367	-273.1499938964844	067
DATA	2026-05-07T133000_AIU-0547.ghg	2026-05-07	14:00:00	127.583	1	18000	18000	0.011315748915611911	1	NaN	32.319921216827964	1	NaN	14.149682577676295	1	NaN	-0.25435472806123305	1	NaN	0.31769033418034437	1	NaN	NaN	NaN	NaN	NaN	NaN	NaN	NaN	NaN	NaN	NaN	NaN	NaN	-1.8768117555026787e-10	-5.8491543681333355e-12	NaN	NaN	16.892548136503766	421.95227310051956	427.57501329567316	0.3	0	526.4626110308516	13.150301164267038	13.325535975520406	0.1	1	NaN	NaN	NaN	NaN	0	NaN	NaN	NaN	NaN	9	286.3573202709622	285.16654398836977	95157.90130094349	1.1567928906727207	1012.5254987256224	0.025019202065033084	0.020586333654886314	0.009471462376150774	1246.4639011421252	1399.3726656648378	0.008187690685618533	89.07304906873638	152.90876452271254	283.3831180226693	1.751274312340058	0.7505911671621273	0.2529759688515124	1.9220680680194109	-3.602735418363051e-14	-1.1110293961199394e-14	1.9220680680194109	4.539746276705427	308.8001647817621	23.199835218237908	7.563016576427702	NaN	0.09890399760684426	0.5595872560260685	-2.5214090265909013	-1.1501505584442904	2.284144611683271	0.27899400278570613	1	32.38914769101919	15	25	41	61	96	209	0.011215575313325921	1.008931650805908	32.808424872565766	1.0133006065002435	12.966353568001672	1.0912615102980718	-0.23308320293616652	1.0912615102980718	0.2911220923512358	1.0912615102980718	NaN	1	NaN	NaN	800000009	800000009	800000009	800000019	800000009	800110009	899999999	899999999	89999	89999	89	89	5	1	5	70	8	0	1	NaN	0	0	18000	0	0	0	0	0	0	NaN	NaN	NaN	NaN	0	9321	0	0	0	0	101	0	16416	0	0	16	18000	18000	18000	18000	87	NaN	0.6016296277452284	0.3920469579740221	0.1254979263328864	0.03525193330868507	0.5326336674797547	0.024288022368715436	NaN	NaN	0.0280106895777073	-0.005908956587883677	0.007380316487020416	NaN	NaN	421.9521893353279	13.15027304308714	95096.81287565104	11.369999885559082	10.218118599255883	88.37235151460436	87.20974200778537	89.5349603199429	-2.3252182740370446	0.0002776132897609689	-1	0	1.1864263212788748	29.59405933268677	1.0001747243139478	-273.1499938964844	9.001147739277945	-273.1499938964844	086
DATA	2026-05-07T140000_AIU-0547.ghg	2026-05-07	14:30:00	127.604	1	18000	18000	0.04282433650290615	0	NaN	24.06270765777085	0	NaN	29.412988743991196	0	NaN	-1.1226708701017176	1	NaN	0.6604073053385374	0	NaN	NaN	NaN	NaN	NaN	NaN	NaN	NaN	NaN	NaN	NaN	NaN	NaN	-2.323805607771042e-11	-7.082618247729627e-13	NaN	NaN	16.852513675458432	421.4588323320064	426.94310709081554	0.1	1	513.6398693538017	12.845446308242135	13.012598949377045	0.1	1	NaN	NaN	NaN	NaN	0	NaN	NaN	NaN	NaN	9	286.3668446925834	285.2035429616209	95157.90130094349	1.1567747785022426	1012.3567206751467	0.025020034219171376	0.04279439338593722	0.00925158392722004	1217.6863949630751	1402.8103863934098	0.007997740008818928	86.80334896106068	185.12399143033463	283.03411330417595	1.489976710159742	0.4336627844543927	0.22680632620251695	1.5682905078602862	-3.002196139512273e-14	-1.3789074155478046e-15	1.5682905078602862	4.009578624730201	315.7721835367011	16.2278164632989	8.315280502887918	NaN	0.19240702119100686	0.4184941978458599	-24.932593599868508	-0.11631361127288796	0.8180980133372757	0.1067926091882737	1	17.644254093493064	8	14	25	40	68	179	0.04240644630731911	1.009854402619795	25.462188186574828	1.013519606306459	27.023984740864968	1.0884030991741067	-1.0314844481365533	1.0884030991741067	0.6067672040254777	1.0884030991741067	NaN	1	NaN	NaN	800000009	800000009	800000009	800000019	800000009	800010009	899999999	899999999	89999	89999	89	89	1	1	0	74	5	0	0	NaN	0	0	18000	0	0	0	0	0	0	NaN	NaN	NaN	NaN	0	6181	0	0	0	0	101	0	17010	0	0	16	18000	18000	18000	18000	87	NaN	0.34168103359084023	0.41581354294777	0.07949381915310952	0.029172526967547695	0.352585432138848	0.052702172161517465	NaN	NaN	0.021742693424329596	-0.026142305740304572	0.01537812207394897	NaN	NaN	421.4586388120467	12.845391477808127	95098.41560742188	11.369999885559082	9.866848731040955	88.47627601263258	87.32695819367302	89.62559445148045	-2.2986349134776316	0.00027786729745437504	-1	0	-1.5418273499770851	42.38724729289972	1.000157716717985	-273.1499938964844	9.001119562864304	-273.1499938964844	010
DATA	2026-05-07T143000_AIU-0547.ghg	2026-05-07	15:00:00	127.624	1	18000	18000	0.0483242567975081	1	NaN	9.403057878948193	1	NaN	47.01523675616412	1	NaN	-2.1198864850480965	1	NaN	1.0553694928079649	1	NaN	NaN	NaN	NaN	NaN	NaN	NaN	NaN	NaN	NaN	NaN	NaN	NaN	-8.298638615084852e-11	-2.5862064119183928e-12	NaN	NaN	16.837761234728426	420.2053917014861	425.781155767355	0.2	0	524.7357800163751	13.095375383206168	13.269139749234617	0.1	1	NaN	NaN	NaN	NaN	0	NaN	NaN	NaN	NaN	9	286.1319345177545	284.9470483142446	95126.57397907675	1.157326630960002	1012.4910527257906	0.025007742884799507	0.06838794313395612	0.009436224194068891	1240.8708190274683	1379.2583595005212	0.008153466741054377	89.9665251604371	138.38754047305292	283.31584657605737	0.9539540528533094	0.37337940583598306	0.20334591790884526	1.0444089610815885	3.085247219757076e-14	-4.9285878920581455e-15	1.0444089610815885	3.3254092898169265	310.6245319487074	21.375468051292582	11.227170618814135	NaN	0.2043405784347217	0.3952714863972391	-76.41152273915901	-0.03795239115832751	0.20000022392135178	0.03927058312830815	0	65.128497268745	-9.883500727882634	22.356505557203736	55.67085989955701	84.90157396701936	119.07566467609615	178.39704411183607	0.047721158295650185	1.0126379686369198	11.901864062943583	1.0148940576386483	43.291234249129644	1.086022091345417	-1.9519736310537457	1.086022091345417	0.9717753452883466	1.086022091345417	NaN	1	NaN	NaN	800000009	800000019	800000009	800000019	800000009	800000009	899999999	899999999	89999	89999	89	89	1	0	0	40	15	0	12	NaN	0	0	18000	0	0	0	0	0	0	NaN	NaN	NaN	NaN	0	9963	0	0	0	0	101	0	17008	0	0	16	18000	18000	18000	18000	87	NaN	0.40366968998081604	0.3221338857347913	0.06473939707887083	0.065447021731817	0.675896133376901	0.16447810524573864	NaN	NaN	0.010157055953036427	-0.049459626741712774	0.024623102018450006	NaN	NaN	420.2057675819846	13.095212755087195	95094.54552513744	11.369999885559082	10.150014163017314	88.37723407914902	87.21330050532022	89.54116673660278	-2.327867420090569	0.000277159554237086	-1	0	-3.4036222711922948	25.190927152474256	1.0001515765041114	-273.1499938964844	9.001049539486567	-273.1499938964844	193
DATA	2026-05-07T150000_AIU-0547.ghg	2026-05-07	15:30:00	127.645	1	18000	18000	0.042188042881378895	1	NaN	15.123525230900078	1	NaN	53.41723906452248	1	NaN	-1.3542692489303387	1	NaN	1.2006280471925916	1	NaN	0.015193666362878496	2	NaN	NaN	NaN	NaN	NaN	NaN	NaN	NaN	NaN	NaN	5.6576157555057033e-11	1.8124118578732939e-12	3.026835753709792e-13	NaN	16.693916826738292	417.4508682163709	423.10910590563003	0.1	1	534.7880470971743	13.372999092392845	13.55426020176916	0.1	1	0.08931278917529174	2.095131421713252	2.123529378160056	0	1	NaN	NaN	NaN	NaN	9	286.3500028525458	286.2939511737179	94664.25211420185	1.1461190594643742	1012.7006865692352	0.025144105160063882	0.07780069745807994	0.009584013677949789	1266.2845339390176	1507.3222864853553	0.008362144926225003	84.00887755011114	241.03775254633774	283.6193916200093	-0.1749788858779778	0.21598707363112213	0.12693352873296054	0.3055816538921296	-5.948835003474933e-15	3.389028359386588e-15	0.3055816538921296	1.6048912241598716	202.98782547817942	129.01217452182058	24.54345969004204	NaN	0.19185795985079263	0.10338958312754126	-39.18928860652841	-0.07399981227311432	0.2831206834301644	0.06791447910288873	1	0.9023495608551706	1	1	1	2	4	14	0.04087582434365697	1.0321025583897625	17.710178232966715	1.0274141931961331	48.65839222610192	1.0978011524981657	-1.2336198097884594	1.0978011524981657	1.0936662294992423	1.0978011524981657	0.006011524434253996	1.1651598982268319	NaN	NaN	800000009	800000009	800000009	800000019	800000019	800001019	899999999	899999999	89999	89999	89	89	0	6	0	5	3	0	1	NaN	0	0	18000	0	0	0	0	0	0	NaN	NaN	NaN	NaN	0	50	0	0	0	0	101	0	17136	0	0	16	18000	18000	18000	18000	87	NaN	0.053420580778686944	0.11708011894213075	0.03627846653426485	0.10783525063633201	1.3109285326455	0.14860744817803018	2.7182833761531445e-7	NaN	0.015258508809501393	-0.031438810181090064	0.0278720921290906	0.000006011524434253997	NaN	417.4509494827485	13.372851352266716	95071.95588563368	11.369999885559082	10.461510836866154	88.34174193488225	87.18229073248968	89.50119263076782	-2.3189020901256105	0.00027813490774133244	-1	0	2.0786764769226034	61.34954154941136	1.0001559930543105	-273.1499938964844	9.001067522366842	-273.1499938964844	223
DATA	2026-05-07T153000_AIU-0547.ghg	2026-05-07	16:00:00	127.666	1	18000	18000	0.06563185038654565	1	NaN	52.126201267017194	1	NaN	6.295946523870793	1	NaN	-1.1514429798670507	2	NaN	0.14156719910473578	1	NaN	0.010915916813280507	1	NaN	NaN	NaN	NaN	NaN	NaN	NaN	NaN	NaN	NaN	-1.883253619616912e-10	-6.123494837035898e-12	-1.0160893063918764e-12	NaN	16.54135769739749	415.3036080926353	420.98855666609825	0.1	1	537.8506506106276	13.503807843337356	13.68865683486881	0.1	1	0.08924712260979216	2.0977809890981787	2.126496793172655	-0.1	0	NaN	NaN	NaN	NaN	9	286.6901339416504	286.71259779273146	94635.196875	1.1440373993455004	1012.7816879831933	0.025188604417417177	0.009173554501986878	0.009660663110736146	1278.2783064899218	1549.045661181922	0.008444359525539092	82.520376159512	270.76735469200025	283.76078724494835	-0.7619752168197151	0.13949444993150661	0.08454814246699627	0.7792389370429197	2.2172523068261545e-15	-1.1385121185748924e-14	0.7792389370429197	2.6902505746949763	162.3742341919162	169.6257658080838	6.228907452748833	NaN	0.23951747975832718	0.13707936790716216	-22.118438717861856	-0.13111232836059492	8.279327193994277	0.18782906684738693	0	85.23595915790757	-12.934885644647505	29.25874654721741	72.85841589594645	111.1136813311335	155.83851795553653	233.47449739340354	0.06462741268352613	1.0155419760951616	51.844011750563375	1.0166393552811044	5.79475373079789	1.0864907839670854	-1.059781635388389	1.0864907839670854	0.13029765295185833	1.0864907839670854	-0.006436225479283008	1.1500461184580544	NaN	NaN	800000009	800000009	800000009	800000009	800000009	800000019	899999999	899999999	89999	89999	89	89	8	7	1	0	1	0	0	NaN	0	0	18000	0	0	0	0	0	0	NaN	NaN	NaN	NaN	0	0	0	0	0	0	0	0	15008	0	0	0	18000	18000	18000	18000	87	NaN	0.17914858038817583	0.04961553877943097	0.0453946166467175	0.13665080592912626	2.3250457227547257	0.13495773708855488	5.3091853555620896e-8	NaN	0.04474479657898879	-0.027059930502327162	0.0033269546440116197	-0.000006436225479283007	NaN	415.3038356494251	13.503673524378112	95053.64320203994	11.369999885559082	10.605166036128983	88.39420496877034	87.24784484608969	89.54056777996487	-2.2927223473389944	0.0002789757937037696	-1	0	2.0859962019258065	64.62069360571923	1.000155663518442	-273.1499938964844	9.001115058024725	-273.1499938964844	208
DATA	2026-05-07T160000_AIU-0547.ghg	2026-05-07	16:30:00	127.687	1	18000	18000	0.11085838010158455	0	NaN	63.43295252944459	0	NaN	18.791760179135917	0	NaN	-2.542161982784322	0	NaN	0.42280070969475175	0	NaN	-0.0025705007996703736	0	NaN	NaN	NaN	NaN	NaN	NaN	NaN	NaN	NaN	NaN	2.182532121467064e-11	7.012898571532388e-13	1.1883613490533444e-13	NaN	16.47452184224039	421.17431730923676	426.9523258282344	0.1	1	529.3583061516019	13.53314683972979	13.718805448327695	0.1	1	0.08970170385530804	2.1147968504187498	2.1438093369723807	0.1	0	NaN	NaN	NaN	NaN	9	287.3440782233344	287.351741303338	94568.15609461805	1.1406714009185346	1012.8100420057035	0.02526265157169448	0.02739748598821991	0.009653274500431252	1280.148036865361	1614.7021813962913	0.008462800498599226	79.28075230308853	334.5541445309302	283.78272429833754	-0.7415449729007219	0.013877661290931171	0.09065008167623836	0.7471940669097915	-1.2576146578085827e-14	1.3247923929853245e-15	0.7471940669097915	4.219504592803639	153.07213809390004	178.92786190609985	6.9683280761770545	NaN	0.3117482237188713	0.37473562876560074	-40.057469425836764	-0.07239598610613984	3.375572693816773	0.17612556003006485	0	75.40165853763652	-11.442492584546757	25.88294938179114	64.45220363862829	98.29367723860032	137.85827993236794	206.5368244063517	0.1091093774532577	1.0160298105364602	63.69156813240443	1.0169437823040015	17.292726650017016	1.0866857818004905	-2.339371716608186	1.0866857818004905	0.38907356365170115	1.0866857818004905	-0.02347208636586361	1.1504117062637182	NaN	NaN	800000009	800000009	800000009	800000009	800000009	810100009	899999999	899999999	89999	89999	89	89	18	15	3	1	1	0	3	NaN	0	0	1364	0	0	0	0	0	0	NaN	NaN	NaN	NaN	0	0	0	0	0	0	0	0	3412	0	0	0	18000	18000	18000	18000	87	NaN	0.37953104419845235	0.26545789842728346	0.10448231490546571	0.1919554618011203	13.452790341200393	0.1148675455801745	5.900144683695504e-8	NaN	0.05513068516746016	-0.05990971705099167	0.00996390908931315	-0.00002347208636586361	NaN	421.17459588819327	13.53303119011525	94983.53473871527	11.369999885559082	10.627528449482385	88.43061030854119	87.30596867603725	89.55524841435751	-2.2492832790414488	0.00028462875198197776	-1	0	2.1029122455053857	65.78974311652208	1.0001443777001566	-273.1499938964844	9.001153987275229	-273.1499938964844	151
DATA	2026-05-07T163000_AIU-0547.ghg	2026-05-07	17:00:00	127.708	1	18000	18000	0.12676551112340784	1	NaN	72.94123778383494	1	NaN	18.586548184335157	1	NaN	-0.7264165441634772	1	NaN	0.41839578782174525	1	NaN	0.007498667162787062	1	NaN	NaN	NaN	NaN	NaN	NaN	NaN	NaN	NaN	NaN	1.3374244594695248e-11	4.3765013204261683e-13	7.25077208635104e-14	NaN	16.41431677818547	422.41749581791896	428.3383817114799	0.1	1	537.1314883990951	13.822916988907988	14.01666823031672	0.1	1	0.08898930258759986	2.103363555264821	2.132845704386708	-0.2	0	NaN	NaN	NaN	NaN	9	287.9992981923421	287.8795530785454	94557.06881814236	1.138321170510626	1012.9825047906165	0.025312021980061702	0.02711204705084909	0.009840737678095554	1307.4051165244416	1670.7521005339113	0.008644957093858858	78.25248976832904	363.3469840094697	284.0993617875376	-1.3125613880068605	0.13978200127571377	0.0722769299171615	1.3219608011455557	2.2364854892939388e-14	8.147914272295233e-16	1.3219608011455557	4.250790609587287	158.07883635825917	173.92116364174075	3.1341541889908884	NaN	0.3337091766500472	0.3356135278923425	-42.72750646895609	-0.06787196912852873	3.9244101196428827	0.1895562994400336	0	84.08955920727718	-12.760915029300026	28.865224541615323	71.87849046058666	109.61923321263005	153.74253322027275	230.33433032155307	0.12540312849522806	1.0108640242434752	73.29295385363022	1.0139495868862476	17.10031465064949	1.086912642489255	-0.6683302003920324	1.086912642489255	0.3849396643906287	1.086912642489255	-0.016956951768932367	1.1479197087449806	NaN	NaN	800000009	800000009	800000009	800000009	800000009	800100009	899999999	899999999	89999	89999	89	89	3	15	3	0	4	0	0	NaN	0	0	0	0	0	0	0	0	0	NaN	NaN	NaN	NaN	0	0	0	0	0	0	0	0	908	0	0	0	18000	18000	18000	18000	87	NaN	0.4116355666288818	0.16843907677829595	0.09115241237750725	0.24944715797087566	0.6581622860121481	0.08420669921570242	1.8547321198906797e-7	NaN	0.06356169460428326	-0.017153970233194146	0.009880211219931745	-0.000016956951768932366	NaN	422.41747992109856	13.82283102453363	94963.41465972221	11.369999885559082	10.94377161629994	88.41659092034234	87.30261504194472	89.53057126045226	-2.2279562030037243	0.0002862613311541888	-1	0	2.091295610792106	66.11404532928682	1.000125065854854	-273.1499938964844	9.001073980755276	-273.1499938964844	249
DATA	2026-05-07T170000_AIU-0547.ghg	2026-05-07	17:30:00	127.729	1	18000	18000	0.11159520699677263	1	NaN	65.85850007803809	1	NaN	8.207553775481248	1	NaN	-1.6177062487807576	1	NaN	0.1848120564455581	1	NaN	0.007094875700202419	1	NaN	NaN	NaN	NaN	NaN	NaN	NaN	NaN	NaN	NaN	6.611725307479072e-11	2.1814191914495432e-12	3.593638530439441e-13	NaN	16.405487705260487	422.26853927385326	428.2346994436162	0.1	1	541.2693973366199	13.93198677621052	14.128829441147927	0.1	1	0.08916794026755055	2.110607898649339	2.1404283176664953	-0.2	0	NaN	NaN	NaN	NaN	9	288.3389431898329	288.1860831807454	94579.50266883681	1.1373330181386279	1013.0496063749606	0.025332963569855746	0.011975821257672164	0.009910186990817702	1318.033834296073	1704.0815484821696	0.00871353142199004	77.34570188087828	386.0477141860965	284.2212590212354	-1.0256273619153138	-0.0022960207274421076	0.11205230376002827	1.0317327541560533	-7.809043664366272e-14	4.0301912544538344e-15	1.0317327541560533	3.776958605404467	151.8717350155796	180.12826498442303	6.234960255983311	NaN	0.3132412492596113	0.3165040653528005	-39.14583461999245	-0.07408195605360576	8.024132631915226	0.18247968751635646	0	87.10578811938872	-13.218639403398571	29.90059832211526	74.45671756904073	113.55119222937822	159.2571616484846	238.5962486038836	0.11019107952104622	1.0127426601302896	65.63667290419723	1.0149540651448257	7.557543929465874	1.086008080413674	-1.4895895140711597	1.086008080413674	0.1701755813595428	1.086008080413674	-0.014518984074673315	1.1483224750350975	NaN	NaN	800000009	800000009	800000009	800000009	800000009	800000009	899999999	899999999	89999	89999	89	89	13	9	1	1	0	0	0	NaN	0	0	0	0	0	0	0	0	0	NaN	NaN	NaN	NaN	0	0	0	0	0	0	0	0	2708	0	0	0	18000	18000	18000	18000	87	NaN	0.39633740434856835	0.16313008447997585	0.07354064187705682	0.1864143409022385	1.0030010825299835	0.12190419377084077	1.2072214406037842e-7	NaN	0.056967636179493526	-0.03826902343795237	0.004371978488098034	-0.000014518984074673314	NaN	422.2686942589202	13.931864753088213	94981.50872092014	11.369999885559082	11.063794928444695	88.39202124616835	87.28074138090345	89.50329884550305	-2.222557624220848	0.00028578368142027303	-1	0	2.0984158533016855	65.37830241238689	1.000149284183979	-273.1499938964844	9.001212843736013	-273.1499938964844	221
DATA	2026-05-07T173000_AIU-0547.ghg	2026-05-07	18:00:00	127.749	1	18000	18000	0.09235923976579341	1	NaN	37.851879205932725	1	NaN	-6.459118351709623	1	NaN	2.8123333776554977	1	NaN	-0.14539449758418185	1	NaN	-0.0010990761910937507	1	NaN	NaN	NaN	NaN	NaN	NaN	NaN	NaN	NaN	NaN	8.358519643218326e-11	2.94860672833686e-12	4.565139367811077e-13	NaN	16.405679335728923	418.22747559258073	424.4902645873856	0.1	1	578.7376059050765	14.753669323588527	14.974599614554803	0.1	1	0.08960224512002686	2.1183180718970407	2.1500390368799747	-0.1	0	NaN	NaN	NaN	NaN	9	288.2729034898546	287.84642126295296	94577.04569162327	1.1382898495311724	1013.5044578951077	0.025303762967848278	-0.009421563443454984	0.010506782177184563	1395.7327478713366	1667.1841417448156	0.009230322295777296	83.71797169391334	271.451393873479	285.08697004481456	-0.9865126720716086	0.1997365061815924	0.09287766534058908	1.0108057106975057	1.3516750765987898e-14	5.094893952373444e-15	1.0108057106975057	3.9008854654213327	163.44579363955123	168.5542063604488	5.27204668643736	NaN	0.2848483729818781	0.24105777214232274	-51.22306457752658	-0.056615121018595504	-5.860223817684646	0.11518480088871118	0	88.0740094826604	-13.365570730696977	30.23295738452794	75.28433862782299	114.8133665637722	161.0273790989109	241.24835692047594	0.09118103365646588	1.0129216138716584	37.10558470657785	1.0150571432788393	-5.947667461609227	1.0859918435927511	2.589645027490766	1.0859918435927511	-0.1338817583594164	1.0859918435927511	-0.012505013091565478	1.1484047358367115	NaN	NaN	800000009	800000009	800000009	800000009	800000019	801000019	899999999	899999999	89999	89999	89	89	5	8	2	0	0	0	0	NaN	0	0	5351	0	0	0	0	0	0	NaN	NaN	NaN	NaN	0	0	0	0	0	0	0	0	10909	0	0	0	18000	18000	18000	18000	87	NaN	0.2949003248455294	0.1280597200400886	0.05915549939902748	0.0747945251510396	14.361634917511106	0.04032173895026833	7.978769395158836e-8	NaN	0.032163311223882475	0.06650928312824286	-0.003438455725749143	-0.000012505013091565478	NaN	418.22729052370914	14.753625116624313	94972.48702408854	11.369999885559082	11.93104833973778	88.29343312369454	87.1552302356296	89.43163281461928	-2.2764025040997424	0.000283241369347606	-1	0	2.105349145021703	64.2166286436726	1.0001492809686396	-273.1499938964844	9.001151228851743	-273.1499938964844	064
DATA	2026-05-07T180000_AIU-0547.ghg	2026-05-07	18:30:00	127.77	1	18000	18000	0.08524279877170082	0	NaN	19.888270418904206	0	NaN	78.9770878916662	0	NaN	-2.882615046072258	0	NaN	1.7779827102388952	0	NaN	0.007948533649211402	2	NaN	NaN	NaN	NaN	NaN	NaN	NaN	NaN	NaN	NaN	5.39261018299649e-11	1.931261133891567e-12	2.9363405015392966e-13	NaN	16.419479990025145	414.88820523919867	421.1457722184923	0	0	588.0325569133855	14.858434756047219	15.082537657791134	0.1	1	0.08940602504691791	2.114942392221886	2.1468410904966313	-0.1	0	NaN	NaN	NaN	NaN	9	288.2537054629855	287.9702172715929	94594.06953059896	1.1379599770128197	1013.5657259627311	0.02531008971573594	0.11521327962348041	0.0105787455476729	1405.8968262398967	1680.5500095245347	0.00929623691638298	83.65694673005633	274.6531832846381	285.19706036627	-0.9764715501281791	0.05857096491002496	0.10216541710784571	0.9835471613465957	-2.1383539805793675e-14	3.284275863957024e-15	0.9835471613465957	4.459400152453958	155.4326172591433	176.56738274085674	5.962322497184758	NaN	0.2736940501136715	0.4500311345546659	-86.49193006314448	-0.03352913963051605	0.25182329394298736	0.06300177073253198	0	74.64481711307789	-11.327638978457083	25.623150212093623	63.80526697219604	97.30705800304021	136.47453242608285	204.46371849012718	0.0841350421688289	1.0131664116914454	24.100747544188504	1.0151994608182922	72.7239353252131	1.0859847935688534	-2.654378830295744	1.0859847935688534	1.6372077406313772	1.0859847935688534	-0.003868397101453803	1.1485254931783582	NaN	NaN	800000009	800000009	800000009	800000009	800101109	801101109	899999999	899999999	89999	89999	89	89	2	15	8	1	23	0	0	NaN	0	0	17552	0	0	0	0	0	0	NaN	NaN	NaN	NaN	0	0	0	0	0	0	0	0	10084	0	0	0	18000	18000	18000	18000	87	NaN	0.4158289998978118	0.4016449505818523	0.08258831862966776	0.17383289300891216	2.029619709700327	0.7751828586324293	1.7375327276397635e-7	NaN	0.020895444269137954	-0.06819612582420494	0.04206303328150782	-0.000003868397101453803	NaN	414.88961811743826	14.857684888139792	94993.30109299046	11.369999885559082	12.015968616406147	88.25086623446148	87.10502626758152	89.39669991132946	-2.291675399906102	0.0002809426728086287	-1	0	2.1018999949958577	64.40431932716015	1.0001510845422745	-273.1499938964844	9.001208084424336	-273.1499938964844	084
DATA	2026-05-07T183000_AIU-0547.ghg	2026-05-07	19:00:00	127.791	1	18000	18000	0.1307739932719274	0	NaN	-28.156048872933034	1	NaN	126.44483043077557	0	NaN	1.826639345222821	1	NaN	2.848943095662552	0	NaN	0.010589273679898386	2	NaN	NaN	NaN	NaN	NaN	NaN	NaN	NaN	NaN	NaN	7.953339230400122e-11	1.975250045539243e-12	4.270895206382866e-13	NaN	16.576513353902197	424.66643314133455	429.1930442326862	0	0	411.68568080214953	10.546795089478524	10.659215652782988	0.7	0	0.08901487711113358	2.110098492585876	2.132590487466961	0	1	NaN	NaN	NaN	NaN	9	289.1274159868029	288.8231176435682	94622.49836024306	1.1368013603550111	1011.1771930502232	0.025377425471758152	0.18461151259893335	0.007489067438312559	998.2317943657921	1775.219563227686	0.006587841728104373	56.231455254516085	776.9877688618939	280.1036557918053	0.3553935095603787	-0.6811757035789769	0.19355223267961874	0.7923177093560628	7.750257529986832e-14	4.797956639372456e-15	0.7923177093560628	5.292450098009436	34.44735435379289	297.55264564620717	14.139650593501553	NaN	0.339170756751307	1.0065565394494684	116.209070382577	0.024955022791704487	-0.2226745749668869	-0.07221733531942624	0	73.4379362339379	-11.144490148871357	25.208867060894242	62.77364334881021	95.73376688583738	134.26796926410074	201.15788478502503	0.12953996687050517	1.0095262213758	-20.875714687455474	1.013693022803402	115.13761398271215	1.0982061036088622	1.663293747157499	1.0982061036088622	2.5941788943810438	1.0982061036088622	0.010362701418833244	1.178744153516498	NaN	NaN	800000009	800000009	800000009	800000009	800011009	800011109	899999999	899999999	89999	89999	89	89	8	7	5	34	26	0	2	NaN	0	0	0	0	0	0	0	0	0	NaN	NaN	NaN	NaN	0	0	0	0	0	0	0	0	14218	0	0	0	18000	18000	18000	18000	87	NaN	0.6983011232563509	1.1827059080771423	0.13210604756544364	0.12078307198591914	2.140600746776594	0.6838528544753188	6.20276600768163e-8	NaN	-0.01816057112708193	0.04266016177932031	0.06653550613529383	0.000010362701418833245	NaN	424.66612443807895	10.54613051893899	95023.42994422744	11.369999885559082	6.913589968787325	88.69187566778395	87.60006786515979	89.78368413119846	-2.183605604085658	0.0002849959857703652	-1	0	2.1008766238093375	65.59815984750531	1.0001439441872968	-273.1499938964844	9.001142768118116	-273.1499938964844	085
DATA	2026-05-07T190000_AIU-0547.ghg	2026-05-07	19:30:00	127.812	0	18000	18000	0.1740390790180076	1	NaN	149.798363647813	1	NaN	-414.1541135606983	1	NaN	29.07333744555899	0	NaN	-9.316832560490752	1	NaN	-0.004913845287938186	2	NaN	NaN	NaN	NaN	NaN	NaN	NaN	NaN	NaN	NaN	-8.50624655286973e-11	-2.3513522122312565e-12	-4.577627403065131e-13	NaN	16.755820677964866	425.1780326898082	430.2346009468991	0.1	1	463.17533560781914	11.753048792361108	11.89282575372367	0.1	1	0.0901712681610676	2.122701058434509	2.1479459722497154	0.3	0	NaN	NaN	NaN	NaN	9	287.63994642130524	287.2033146362306	94648.40127322049	1.1430021071876064	1011.8131730535509	0.025228195360561464	-0.6037307499198007	0.008394969986565528	1112.705669759734	1599.2408870949014	0.007344667112838157	69.57711491362741	486.5352173351673	281.6960591721991	0.06152239937571754	-0.018403563668925118	0.17351178261179856	0.18501360892049323	-6.340159535495666e-15	-5.076592019187737e-15	0.18501360892049323	3.2345202711719523	348.65381666102655	343.34618333897345	69.69068842216441	NaN	0.39021132772689443	0.4773990187040752	-33.27423611305727	-0.08715451769190277	-0.3616971526853097	0.33194018848054974	0	56.67521026128426	-8.60068181151047	19.454765675518672	48.445117307321084	73.88186059689694	103.62035998884599	155.24218136508438	0.16611201270097584	1.0477212104539457	122.35925943408105	1.0378205453537632	-372.9167387446897	1.1105806485244443	26.17850174517882	1.1105806485244443	-8.389154423741687	1.1105806485244443	-0.02455620903200587	1.1808581241560634	NaN	NaN	800000009	800000009	800000009	800000009	800100009	800100009	899999999	899999999	89999	89999	89	89	2	2	1	3	6	1	0	NaN	0	0	984	0	0	0	0	0	0	NaN	NaN	NaN	NaN	0	0	0	0	0	0	0	0	6910	0	0	0	18000	18000	18000	18000	87	NaN	0.10863114122981883	0.5119688141164118	0.3341980820619197	0.604266292930109	12.838476263170183	1.413626796961841	2.547701074829589e-7	NaN	0.10580092860032414	0.6682929427185282	-0.21416094592942084	-0.00002455620903200587	NaN	425.17827500782505	11.751679046106675	95042.19457118056	11.369999885559082	8.470762593190058	88.67055436028375	87.5590305133396	89.78207840432061	-2.223044049342479	0.00028177852662176724	-1	0	2.1122967550754543	65.19106948393366	1.000147774197989	-283.808994344075	9.00109002664354	-273.1499938964844	254
DATA	2026-05-07T193000_AIU-0547.ghg	2026-05-07	20:00:00	127.833	0	18000	18000	0.2918858655635414	1	NaN	163.60595695926227	0	NaN	-306.570451373715	0	NaN	25.713674140194197	1	NaN	-6.88732710419516	0	NaN	0.1043428310569827	1	NaN	NaN	NaN	NaN	NaN	NaN	NaN	NaN	NaN	NaN	-3.829288966742505e-10	-1.0975806036204118e-11	-2.070451604203293e-12	NaN	16.904829964748487	423.2571973712547	428.45509772346014	0.1	1	484.5393919851631	12.131727174734893	12.280713439696392	0.1	1	0.09140243168713301	2.138117288437259	2.164374894157018	0	1	NaN	NaN	NaN	NaN	9	286.26962678782144	285.79817696974027	94693.54894184027	1.1490043343794516	1011.9972115246284	0.025092797449019582	-0.4462987963518463	0.008712210261871784	1149.104453416539	1459.1922843856169	0.007582399823214792	78.74935097401243	310.0878309690779	282.1721309120726	0.0900582487189011	0.020567314525466465	0.17121735789307843	0.19454790215521028	5.372565223603234e-14	-2.2652040716929377e-14	0.19454790215521028	2.5909026740245373	319.1355362191806	12.864463780819442	61.65179209520578	NaN	0.5040175965031328	0.46856526075338106	-65.67769839256457	-0.04415501868939292	-0.533665120777813	0.27915951211120216	0	62.954654779922876	-9.55361174346588	21.6102957762334	53.812692035809945	82.06775073145775	115.10118729502727	172.44255275039188	0.2790817292215748	1.0458795220227435	141.84576319405332	1.0365868313873008	-276.42814447256814	1.1090421055303872	23.185480525914674	1.1090421055303872	-6.210158360850846	1.1090421055303872	0.0635944614122158	1.1789718753682203	NaN	NaN	800000009	800000009	800000009	800000009	800000109	800010109	899999999	899999999	89999	89999	89	89	0	0	0	2	0	0	0	NaN	0	0	13589	0	0	0	0	0	0	NaN	NaN	NaN	NaN	0	0	0	0	0	0	0	0	11112	0	0	0	18000	18000	18000	18000	87	NaN	0.1733246689181256	0.33505120677329714	0.4287546458153394	0.3721487572683119	7.933383071018982	0.25713174970672675	5.670194352325617e-7	NaN	0.12198751531093033	0.5889352853175699	-0.15774447210732118	0.0000635944614122158	NaN	423.2575007269692	12.131475271215134	95084.153565068	11.369999885559082	9.00521461240451	88.64118100293477	87.50335084660847	89.77901187642415	-2.2756665965318694	0.0002782335366904996	-1	0	2.1272538934946037	65.12287393767745	1.0001464166359768	-273.1499938964844	9.00101483294699	-273.1499938964844	050
DATA	2026-05-07T200000_AIU-0547.ghg	2026-05-07	20:30:00	127.854	0	18000	18000	0.03791647823307954	1	NaN	39.96408532768344	1	NaN	43.028334892831786	1	NaN	-0.4145664234869643	2	NaN	0.9654720850854992	1	NaN	0.025621388108184387	2	NaN	NaN	NaN	NaN	NaN	NaN	NaN	NaN	NaN	NaN	-2.4267928182385496e-10	-6.820267393029473e-12	-1.3013136251000904e-12	NaN	17.087157244741928	424.85312717708433	429.98721224038144	0.1	1	480.21809080706254	11.940087791324764	12.084376305313613	0.1	1	0.091626076893329	2.1305099074804823	2.1562557909246753	0	1	NaN	NaN	NaN	NaN	9	285.00051381344264	284.5128774625989	94729.40395507813	1.1547160951449167	1011.8667771925701	0.024970494529299146	0.06256259111354034	0.00861658488316042	1131.3807991825163	1340.6510456356054	0.007462080869392437	84.39040142963722	209.27024645308916	281.94200432692276	0.7990269545674912	0.2911765861950497	0.20017443088523404	0.8736690913921279	-1.905522009275231e-14	-1.4202437441636607e-14	0.8736690913921279	2.4088312310142963	311.97755298453546	20.02244701546449	13.245225480451236	NaN	0.18120759085789323	0.1984427424184754	-12.497761938438714	-0.23204154586115305	0.928785309197293	0.1887534658882765	1	7.216397395770325	3	6	10	16	27	68	0.037381634294739806	1.0143076660084653	41.85454531175241	1.0158803736519275	39.616639457756335	1.0861177394592838	-0.3816956563966567	1.0861177394592838	0.8889202800114034	1.0861177394592838	0.00852219024042169	1.1491910993177739	NaN	NaN	800000009	800000009	800000009	800000009	800000009	800000009	899999999	899999999	89999	89999	89	89	0	0	0	30	10	0	3	NaN	0	0	18000	0	0	0	0	0	0	NaN	NaN	NaN	NaN	0	0	0	0	0	0	0	0	15913	0	0	0	18000	18000	18000	18000	87	NaN	0.2191546105664289	0.15063730900528882	0.027093565265233044	0.17744263384805842	1.3996185220960553	0.14428011823221956	2.361320208835581e-7	NaN	0.03582152511218416	-0.009646338321648417	0.022465086039788505	0.00000852219024042169	NaN	424.85327651751203	11.93994470063596	95119.17067534722	11.369999885559082	8.7801704594029	88.60480946689182	87.44749223009745	89.76212576018439	-2.3146322541369337	0.00027639344951603566	-1	0	2.11986368571387	64.63745058886916	1.0001608855459425	-273.1499938964844	9.001074537913004	-273.1499938964844	183
DATA	2026-05-07T203000_AIU-0547.ghg	2026-05-07	21:00:00	127.874	0	18000	18000	0.0556733738594257	1	NaN	30.406757701604047	1	NaN	17.770903717533702	1	NaN	1.4266010947957177	1	NaN	0.3986035154438473	1	NaN	0.0033537862293963583	1	NaN	NaN	NaN	NaN	NaN	NaN	NaN	NaN	NaN	NaN	-9.272597826935598e-11	-2.5488368852862677e-12	-4.903194335282619e-13	NaN	17.314667787359294	429.2021022901435	434.32621296241985	0.1	1	475.94282353863434	11.797838857862562	11.938689593865023	0.1	1	0.09155706156657213	2.1251463626537106	2.150517825418964	-0.1	0	NaN	NaN	NaN	NaN	9	284.6558238652548	284.14380447048615	94744.61291753472	1.1564640658373095	1011.7808008189655	0.024934099339492997	0.025829507800761306	0.00852635809967112	1118.0815089534938	1308.2174730261524	0.007372782563285111	85.4660277826103	190.13596407265868	281.76722789447484	1.3123992263045603	0.44510640001829077	0.2452321970068707	1.4073557712926787	-2.7123174318661655e-14	-5.355342615181522e-15	1.4073557712926787	3.4267583506674506	313.2653901391851	18.734609860814942	10.035034471533052	NaN	0.21941064747191844	0.36424532478544136	-29.161663418001947	-0.09944563032744508	1.7110417221833885	0.11843875609078053	0	77.68321824677146	-11.788728072721678	26.66613499877061	66.40244656217692	101.2679207499465	142.02969874681403	212.78636992242284	0.05509659558405981	1.0104684920955944	31.080979781860105	1.0137668432401694	16.34298800233338	1.0873717654933386	1.3119718021632385	1.0873717654933386	0.36657519359351914	1.0873717654933386	-0.007619857699021171	1.148004235659953	NaN	NaN	800000009	800000009	800000009	800000009	800000019	800010119	899999999	899999999	89999	89999	89	89	0	0	0	34	11	0	2	NaN	0	0	18000	0	0	0	0	0	0	NaN	NaN	NaN	NaN	0	0	0	0	0	0	0	0	16149	0	0	0	18000	18000	18000	18000	87	NaN	0.39192376214340985	0.288528941056197	0.04803794637127585	0.2056798643347739	4.299151220331815	0.17281481873611482	8.363064603595001e-8	NaN	0.026562938940383928	0.03310348964299852	0.009249374189669807	-0.00000761985769902117	NaN	429.20170707285143	11.79766817822497	95139.85388020833	11.369999885559082	8.60438061557873	88.51229777654012	87.3362321870592	89.68836288197835	-2.352129589531155	0.0002755356692553809	-1	0	2.114609478529294	64.53676586387247	1.000156670384937	-273.1499938964844	9.001049050807953	-273.1499938964844	232
DATA	2026-05-07T210000_AIU-0547.ghg	2026-05-07	21:30:00	127.895	0	18000	18000	0.039447320289017325	0	NaN	32.0491950145956	1	NaN	-8.06034399266971	2	NaN	-1.289509134087985	2	NaN	-0.1809424007285617	2	NaN	-0.007988371672665952	1	NaN	NaN	NaN	NaN	NaN	NaN	NaN	NaN	NaN	NaN	-1.7499451438856408e-10	-4.335617662622964e-12	-9.274487369984142e-13	NaN	17.294809631012065	429.6639980071745	434.2870888287466	0.1	1	428.4916151224101	10.64524122520061	10.759781696894551	0.1	1	0.09166029806679682	2.134824731895478	2.157794979971805	-0.2	0	NaN	NaN	NaN	NaN	9	285.4109943466186	284.9971568908692	94767.48178038195	1.1537845165113112	1011.1545069102143	0.025002947402166756	-0.011725067567210796	0.007672185485949205	1009.0933098680132	1384.2810101143407	0.006649582635367243	72.89656525625983	375.1877002463275	280.261478174409	1.4996697140943849	0.04261178003739217	0.25362246695906576	1.521561491007243	6.660096199951193e-14	-1.011832556253027e-14	1.521561491007243	4.981232282614062	330.3724293437963	1.6275706562038583	9.595171353324103	NaN	0.18490403985238182	0.4528297401180956	-16.5587440964078	-0.17513405504159682	-3.976157226508197	0.14856910166712134	1	17.206568706562916	8	14	24	37	63	158	0.03905609125934707	1.0100171066037393	31.284846742303333	1.0135797813412966	-7.407845807553064	1.0880820419414448	-1.1851212356994125	1.0880820419414448	-0.16629481395144569	1.0880820419414448	-0.01711377752666134	1.1482257211769875	NaN	NaN	800000009	800000009	800000009	800000009	800000009	800110109	899999999	899999999	89999	89999	89	89	7	4	6	1	2	2	0	NaN	0	0	16123	0	0	0	0	0	0	NaN	NaN	NaN	NaN	0	0	0	0	0	0	0	0	9084	0	0	0	18000	18000	18000	18000	87	NaN	0.31918069775421587	0.5156757501963728	0.07080303228560257	0.6574106684628824	9.72825034756957	0.6434653390097833	2.0065143513331606e-7	NaN	0.02681586455275	-0.029950439093007264	-0.00420261028720525	-0.000017113777526661338	NaN	429.6625369228957	10.644614471952876	95168.14996940104	11.369999885559082	7.069648428400371	88.77008708551196	87.62182541677687	89.91835055118136	-2.2965302567614456	0.00027615526367703245	-1	0	2.125285142415099	64.50883163160748	1.000170260636343	-273.1499938964844	9.001069922394223	-273.1499938964844	013
DATA	2026-05-07T213000_AIU-0547.ghg	2026-05-07	22:00:00	127.916	0	18000	18000	0.03697586963162042	0	NaN	28.72370040315666	0	NaN	-8.424467352848584	1	NaN	-0.12995846323625468	2	NaN	-0.18907198404333972	1	NaN	-0.000507842236754125	0	NaN	NaN	NaN	NaN	NaN	NaN	NaN	NaN	NaN	NaN	7.971658208904837e-11	1.958464086198798e-12	4.19122093809256e-13	NaN	17.429039505847527	432.59669554780504	437.24370661973506	0.1	1	428.19382159426334	10.627965598076553	10.742132613947565	0.1	1	0.09163583459480279	2.1317857923777503	2.1546857180640013	-0.3	0	NaN	NaN	NaN	NaN	9	285.13962739986846	284.7520507634481	94802.14691493055	1.1552076445850763	1011.1403402984992	0.024972309458051494	-0.012251864566008413	0.007669132231460387	1007.8242217185525	1362.0451408934398	0.006638747819414717	73.9934523063946	354.2209191748873	280.24311534591084	1.5614169837591971	-0.3762833204119269	0.24892251115336927	1.6252921432624672	1.848733499064067e-14	4.573779413507157e-15	1.6252921432624672	3.783599381469239	345.54926601839475	346.4507339816053	8.80983980560246	NaN	0.17890775718673832	0.3849498237005747	-16.740276090776696	-0.17323489674090847	-3.4095568538756638	0.13744841162348748	1	19.869278429958577	9	16	28	43	72	181	0.03662170482098832	1.0096708990573569	27.976889080134782	1.0134575782939987	-7.737284051453367	1.0888145370940772	-0.11935775911212493	1.0888145370940772	-0.1736493935394649	1.0888145370940772	-0.009026138855198854	1.1485191498910743	NaN	NaN	800000009	800000009	800000009	800000009	800000009	800000009	899999999	899999999	89999	89999	89	89	5	0	0	6	1	0	0	NaN	0	0	17039	0	0	0	0	0	0	NaN	NaN	NaN	NaN	0	0	0	0	0	0	0	0	11931	0	0	0	18000	18000	18000	18000	87	NaN	0.21223009490143827	0.48096145813225133	0.07670809436745972	0.2822791999964116	16.767125722468727	0.366230269588634	6.572629780849382e-8	NaN	0.0239512359732677	-0.0030126659959575967	-0.004383021489566997	-0.000009026138855198854	NaN	432.59499771437777	10.627608011441653	95201.66006770833	11.369999885559082	7.068056218014791	88.78871457799275	87.63948308605617	89.93794488228693	-2.2984611838658644	0.0002760385623259935	-1	0	2.1222675063676304	65.13995985145392	1.000154806666904	-273.1499938964844	9.000974762916565	-273.1499938964844	086
DATA	2026-05-07T220000_AIU-0547.ghg	2026-05-07	22:30:00	127.937	0	18000	18000	0.1018534176803543	0	NaN	8.778314847972931	2	NaN	100.50500110103077	1	NaN	3.9178234594883627	1	NaN	2.2580604891607114	1	NaN	0.03382764094401028	2	NaN	NaN	NaN	NaN	NaN	NaN	NaN	NaN	NaN	NaN	-4.337780635947178e-10	-9.335130983584217e-12	-2.277607444272057e-12	NaN	17.229887939003902	432.77208622487524	436.8405931491643	0.2	0	370.796207189851	9.313481824020503	9.401038222633925	0.1	1	0.09046773990515478	2.1141293829602334	2.134004394097036	-0.9	0	NaN	NaN	NaN	NaN	9	286.1629425854153	285.8641302278306	94854.32111436632	1.1519214858605547	1010.4338798564152	0.025056047534709733	0.14632231969761408	0.006698141241627016	883.6609647634706	1465.5161154198593	0.005814755019195689	60.29691215714188	581.8551506563887	278.3395258681045	1.775812926501861	-0.13970226631575206	0.34004197555806903	1.8134654168984088	5.792473970026128e-14	-2.517590741915153e-14	1.8134654168984088	7.396950809998616	336.49816447790363	355.5018355220964	10.807476433133765	NaN	0.2973557655962525	1.2961714852659587	-251.5458634684675	-0.011528712736568332	0.08734207006424181	0.025363197946648656	0	52.828536172335326	-8.016934177948853	18.134326938977935	45.15703815202478	68.86733241974146	96.58741292047065	144.70554508590828	0.10092837333145283	1.0091653547795087	14.208384733764602	1.0133294201945502	92.18013340698619	1.0903108661959655	3.5933086433940007	1.0903108661959655	2.071024474917837	1.0903108661959655	0.022418293223697792	1.149238983885824	NaN	NaN	800000009	800000009	800000009	800000009	800000009	800101009	899999999	899999999	89999	89999	89	89	10	2	2	26	33	5	1	NaN	0	0	2119	0	0	0	0	0	0	NaN	NaN	NaN	NaN	0	0	0	0	0	0	0	0	13822	0	0	0	18000	18000	18000	18000	87	NaN	0.765811607197956	1.5951819818374016	0.2313493814965601	0.48937838760075675	29.79047767039397	1.047225799512762	5.900894813373099e-7	NaN	0.012207140124057218	0.09088075548230398	0.052379655515786244	0.000022418293223697792	NaN	432.7630366132396	9.312448216316383	95260.2907875434	11.369999885559082	5.110788644923412	88.9359818456438	87.81204151852927	90.05992118199667	-2.247869947711631	0.00027933387435364715	-1	0	2.1058288537992365	65.40102437006985	1.0001621400117875	-273.3518689049614	9.00102428507805	-273.1499938964844	006
DATA	2026-05-07T223000_AIU-0547.ghg	2026-05-07	23:00:00	127.958	0	18000	18000	0.059854850183611426	1	NaN	8.913570732414204	1	NaN	118.42048240716015	1	NaN	5.46787529983589	1	NaN	2.661367606039238	1	NaN	0.002008227376539707	1	NaN	NaN	NaN	NaN	NaN	NaN	NaN	NaN	NaN	NaN	-1.3685768065129611e-11	-2.624873067874317e-13	-7.239484529350037e-14	NaN	17.047127097235737	430.8317004753367	434.4213991299214	0.1	1	326.9567669802593	8.263171799948925	8.332020718587346	0.6	0	0.09017573022061377	2.1093429279377967	2.1269180169159805	-0.1	0	NaN	NaN	NaN	NaN	9	286.3862406573825	286.17638940599227	94885.78003385417	1.1515049566988989	1009.8614381038798	0.025075100828306652	0.17245662087134261	0.005938255618827215	784.2678169168254	1495.7848786483803	0.005156951851819062	52.43185889307189	711.5170617315549	276.6370056557884	2.7935198206233935	0.6354866154034647	0.355955445503544	2.8869188602654434	2.5223764646249068e-14	-8.028196180545176e-16	2.8869188602654434	6.683968911519855	319.18411569438456	12.8158843056154	7.082560509448491	NaN	0.22799050900865692	0.9979898026346425	-111.66770796639285	-0.025969907082473424	0.07527051529622257	0.03362074605621954	0	43.60748136688728	-6.6176035361649905	14.969037217174225	37.275019193687974	56.84675618276463	79.72838383151965	119.44764739333232	0.05938245313656461	1.0079551622086145	15.253508239903223	1.0139434934122842	107.51776219874625	1.1014038981601966	4.964459730866687	1.1014038981601966	2.4163411900800704	1.1014038981601966	-0.008367888395463508	1.1562566396219482	NaN	NaN	800000009	800000009	800000009	800000009	800001009	800011109	899999999	899999999	89999	89999	89	89	10	10	0	30	58	5	2	NaN	0	0	0	0	0	0	0	0	0	NaN	NaN	NaN	NaN	0	0	0	0	0	0	0	0	16115	0	0	0	18000	18000	18000	18000	87	NaN	0.7435108950817557	1.0327747667169436	0.21969394347058568	0.11514494571655365	6.528755288804979	0.2789390847641122	2.475315379699313e-7	NaN	0.013117230205478914	0.12552181485045324	0.06109497264948189	-0.000008367888395463509	NaN	430.8272282006106	8.262877424306264	95286.70544596354	11.369999885559082	3.4600491177439925	89.01849546284146	87.91339834403992	90.12359429020351	-2.2101822054584823	0.00028126999447057545	-1	0	2.1020355527003622	63.98692251988191	1.0001732822308937	-273.1499938964844	9.00110918018553	-273.1499938964844	116
DATA	2026-05-07T230000_AIU-0547.ghg	2026-05-07	23:30:00	127.979	0	18000	18000	0.028718463672593068	1	NaN	19.499111738483236	1	NaN	77.35007808091255	1	NaN	3.474469659075843	1	NaN	1.7366150429965812	1	NaN	-0.002648017910738304	1	NaN	NaN	NaN	NaN	NaN	NaN	NaN	NaN	NaN	NaN	-3.6694152163446854e-10	-7.636487613783797e-12	-1.931194095158427e-12	NaN	17.322708928273666	436.6730451123502	440.6777852161515	0.2	0	360.50608712447695	9.087683196549095	9.171026580701643	0.8	0	0.0911685138422553	2.1230579152098583	2.142528535782617	-0.1	0	NaN	NaN	NaN	NaN	9	285.38168619367804	285.13171930779333	94913.7067061632	1.1557024517953012	1010.2947118927249	0.02497621467533583	0.11253265478617845	0.006556640232972121	862.777066308361	1396.6236917867827	0.005673294387138185	61.7759151145832	533.8466254784217	277.9963743784794	1.9577384914102878	-0.03000603024763224	0.34669163616043736	1.988425370282746	1.0004174195827529e-13	-2.11826870239421e-14	1.988425370282746	5.7085628197390195	332.87809699668617	359.12190300331383	10.041117408724402	NaN	0.15763679058519933	0.8993839168762034	-16.878297308652307	-0.17181827923562973	0.25208910219956165	0.10594077101558685	1	31.216125626998164	14	25	43	67	111	275	0.028467772961798185	1.0088061230195735	23.525678914218318	1.0132967649568587	70.84200439759707	1.0918674413387468	3.182135053698249	1.0918674413387468	1.590499887850218	1.0918674413387468	-0.01353382686131797	1.1500881406512775	NaN	NaN	800000009	800000009	800000009	800000009	800000009	800100009	899999999	899999999	89999	89999	89	89	7	4	0	19	23	0	0	NaN	0	0	0	0	0	0	0	0	0	NaN	NaN	NaN	NaN	0	0	0	0	0	0	0	0	12624	0	0	0	18000	18000	18000	18000	87	NaN	0.6814860894392788	1.0030945620027065	0.11418718231042167	0.5792930249756703	29.621296617965292	0.5525129218607532	3.6397522311664876e-7	NaN	0.02014874733776332	0.08020677752952489	0.040089081234084424	-0.00001353382686131797	NaN	436.664915913497	9.087143300161726	95309.21138324653	11.369999885559082	4.800131558749168	89.01570161628723	87.90078491274515	90.13061122067771	-2.2298091817365764	0.00028007787761291387	-1	0	2.1149244372646026	63.440600308206335	1.0001426112767724	-280.9019942220061	9.000923500061035	-273.1499938964844	178
