DATAH	filename	date	time	DOY	daytime	file_records	used_records	Tau	qc_Tau	rand_err_Tau	H	qc_H	rand_err_H	LE	qc_LE	rand_err_LE	co2_flux	qc_co2_flux	rand_err_co2_flux	h2o_flux	qc_h2o_flux	rand_err_h2o_flux	ch4_flux	qc_ch4_flux	rand_err_ch4_flux	none_flux	qc_none_flux	rand_err_none_flux	H_strg	LE_strg	co2_strg	h2o_strg	ch4_strg	none_strg	co2_v-adv	h2o_v-adv	ch4_v-adv	none_v-adv	co2_molar_density	co2_mole_fraction	co2_mixing_ratio	co2_time_lag	co2_def_timelag	h2o_molar_density	h2o_mole_fraction	h2o_mixing_ratio	h2o_time_lag	h2o_def_timelag	ch4_molar_density	ch4_mole_fraction	ch4_mixing_ratio	ch4_time_lag	ch4_def_timelag	none_molar_density	none_mole_fraction	none_mixing_ratio	none_time_lag	none_def_timelag	sonic_temperature	air_temperature	air_pressure	air_density	air_heat_capacity	air_molar_volume	ET	water_vapor_density	e	es	specific_humidity	RH	VPD	Tdew	u_unrot	v_unrot	w_unrot	u_rot	v_rot	w_rot	wind_speed	max_wind_speed	wind_dir	yaw	pitch	roll	u*	TKE	L	(z-d)/L	bowen_ratio	T*	model	x_peak	x_offset	x_10%	x_30%	x_50%	x_70%	x_90%	un_Tau	Tau_scf	un_H	H_scf	un_LE	LE_scf	un_co2_flux	co2_scf	un_h2o_flux	h2o_scf	un_ch4_flux	ch4_scf	un_none_flux	un_none_scf	spikes_hf	amplitude_resolution_hf	drop_out_hf	absolute_limits_hf	skewness_kurtosis_hf	skewness_kurtosis_sf	discontinuities_hf	discontinuities_sf	timelag_hf	timelag_sf	attack_angle_hf	non_steady_wind_hf	u_spikes	v_spikes	w_spikes	ts_spikes	co2_spikes	h2o_spikes	ch4_spikes	none_spikes	head_detect_LI-7200	t_out_LI-7200	t_in_LI-7200	aux_in_LI-7200	delta_p_LI-7200	chopper_LI-7200	detector_LI-7200	pll_LI-7200	sync_LI-7200	chopper_LI-7500	detector_LI-7500	pll_LI-7500	sync_LI-7500	not_ready_LI-7700	no_signal_LI-7700	re_unlocked_LI-7700	bad_temp_LI-7700	laser_temp_unregulated_LI-7700	block_temp_unregulated_LI-7700	motor_spinning_LI-7700	pump_on_LI-7700	top_heater_on_LI-7700	bottom_heater_on_LI-7700	calibrating_LI-7700	motor_failure_LI-7700	bad_aux_tc1_LI-7700	bad_aux_tc2_LI-7700	bad_aux_tc3_LI-7700	box_connected_LI-7700	mean_value_RSSI_LI-7200	mean_value_LI-7500	u_var	v_var	w_var	ts_var	co2_var	h2o_var	ch4_var	none_var	w/ts_cov	w/co2_cov	w/h2o_cov	w/ch4_cov	w/none_cov	co2_mean	h2o_mean	air_p_mean	vin_sf_mean	dew_point_mean	avg_signal_strength_7200_mean	co2_signal_strength_7200_mean	h2o_signal_strength_7200_mean	delta_signal_strength_7200_mean	flowrate_mean	hit_power_mean	hit_vin_mean	ch4_mean	rssi_77_mean	ch4_aux-1_mean	ch4_aux-2_mean	ch4_aux-3_mean	ch4_aux-4_mean	CHK
DATAU		[yyyy-mm-dd]	[HH:MM]	[ddd.ddd]	[1=daytime]	[#]	[#]	[kg+1m-1s-2]	[#]	[kg+1m-1s-2]	[W+1m-2]	[#]	[W+1m-2]	[W+1m-2]	[#]	[W+1m-2]	[µmol+1s-1m-2]	[#]	[µmol+1s-1m-2]	[mmol+1s-1m-2]	[#]	[mmol+1s-1m-2]	[µmol+1s-1m-2]	[#]	[µmol+1s-1m-2]	[µmol+1s-1m-2]	[#]	[µmol+1s-1m-2]	[W+1m-2]	[W+1m-2]	[µmol+1s-1m-2]	[mmol+1s-1m-2]	[µmol+1s-1m-2]	[µmol+1s-1m-2]	[µmol+1s-1m-2]	[mmol+1s-1m-2]	[µmol+1s-1m-2]	[µmol+1s-1m-2]	[mmol+1m-3]	[µmol+1mol_a-1]	[µmol+1mol_d-1]	[s]	[1=default]	[mmol+1m-3]	[mmol+1mol_a-1]	[mmol+1mol_d-1]	[s]	[1=default]	[mmol+1m-3]	[µmol+1mol_a-1]	[µmol+1mol_d-1]	[s]	[1=default]	[mmol+1m-3]	[µmol+1mol_a-1]	[µmol+1mol_d-1]	[s]	[1=default]	[K]	[K]	[Pa]	[kg+1m-3]	[J+1kg-1K-1]	[m+3mol-1]	[mm]	[kg+1m-3]	[Pa]	[Pa]	[kg+1kg-1]	[%]	[Pa]	[K]	[m+1s-1]	[m+1s-1]	[m+1s-1]	[m+1s-1]	[m+1s-1]	[m+1s-1]	[m+1s-1]	[m+1s-1]	[deg_from_north]	[deg]	[deg]	[deg]	[m+1s-1]	[m+2s-2]	[m]	[#]	[#]	[K]	[0=KJ/1=KM/2=HS]	[m]	[m]	[m]	[m]	[m]	[m]	[m]	[kg+1m-1s-2]	[#]	[W+1m-2]	[#]	[W+1m-2]	[#]	[µmol+1s-1m-2]	[#]	[mmol+1s-1m-2]	[#]	[µmol+1s-1m-2]	[#]	[µmol+1s-1m-2]	[#]	8u/v/w/ts/co2/h2o/ch4/none	8u/v/w/ts/co2/h2o/ch4/none	8u/v/w/ts/co2/h2o/ch4/none	8u/v/w/ts/co2/h2o/ch4/none	8u/v/w/ts/co2/h2o/ch4/none	8u/v/w/ts/co2/h2o/ch4/none	8u/v/w/ts/co2/h2o/ch4/none	8u/v/w/ts/co2/h2o/ch4/none	8co2/h2o/ch4/none	8co2/h2o/ch4/none	8aa	8U	[#]	[#]	[#]	[#]	[#]	[#]	[#]	[#]	[#_flagged_recs]	[#_flagged_recs]	[#_flagged_recs]	[#_flagged_recs]	[#_flagged_recs]	[#_flagged_recs]	[#_flagged_recs]	[#_flagged_recs]	[#_flagged_recs]	[#_flagged_recs]	[#_flagged_recs]	[#_flagged_recs]	[#_flagged_recs]	[#_flagged_recs]	[#_flagged_recs]	[#_flagged_recs]	[#_flagged_recs]	[#_flagged_recs]	[#_flagged_recs]	[#_flagged_recs]	[#_flagged_recs]	[#_flagged_recs]	[#_flagged_recs]	[#_flagged_recs]	[#_flagged_recs]	[#_flagged_recs]	[#_flagged_recs]	[#_flagged_recs]	[#_flagged_recs]	[#]	[#]	[m+2s-2]	[m+2s-2]	[m+2s-2]	[K+2]	--	--	--	--	[m+1s-1K+1]	--	--	--	--	--	--	--	--	--	--	--	--	--	--	--	--	--	--	--	--	--	--	207
DATA	2026-05-26T233000_AIU-0547.ghg	2026-05-27	00:00:00	147	0	18000	18000	0.01723537276868505	1	NaN	14.507068916599499	1	NaN	10.634373376538191	1	NaN	-13.66373300021558	1	NaN	0.24063805787865628	1	NaN	0.006357638778451235	2	NaN	NaN	NaN	NaN	NaN	NaN	NaN	NaN	NaN	NaN	1.2107733305998542e-10	5.8749324634788714e-12	5.484281316965031e-13	NaN	18.475144075113434	476.29956901704213	487.56778661470725	0.1	1	896.4537040187288	23.111078924846222	23.657837064433497	0.1	1	0.08368443945588339	2.0338067217695417	2.0819221898137155	0	1	NaN	NaN	NaN	NaN	9	297.6556115052965	293.2875912958781	95453.626078125	1.1239431588507998	1018.3558511828439	0.02554531592166234	0.015593346150536926	0.016302857660420014	2206.628031835201	2351.1495845840927	0.014505055288640422	93.85315363614106	144.52155274889174	292.22989260605294	0.19111532329865627	-0.2578558077518234	0.2122505109329385	0.38479210462558044	1.2836065686184496e-14	6.553525784033273e-15	0.38479210462558044	1.139632056336906	25.45521902522023	306.5447809747797	33.47670373564486	NaN	0.12383350524808916	0.043933187053497504	-11.07130781094728	-0.26193834093678503	1.3641677231876532	0.10235229771072762	1	3.2777733575473835	2	3	5	7	13	33	0.016786487030241506	1.026740898058948	14.891885566557901	1.0238766634074117	9.723844704303707	1.0936387509182957	-12.493826676077958	1.0936387509182957	0.22003431908077478	1.0936387509182957	0.0008774748621320135	1.1599651687594243	NaN	NaN	801000009	800000009	800000009	800000009	800000009	800000109	899999999	899999999	89999	89999	89	89	132	437	2	14	5	0	0	NaN	0	0	0	0	0	0	0	0	0	NaN	NaN	NaN	NaN	0	0	0	0	0	0	0	0	18000	0	0	0	18000	18000	18000	18000	100	NaN	0.028334506745482664	0.03648629263225832	0.02304557472925402	0.029503135921190138	453.11921907795397	0.006324339701487511	4.495431401287062e-8	NaN	0.013010853266623884	-0.3267114285036005	0.005753859771749599	8.774748621320135e-7	NaN	476.29706029437654	23.1110582091529	95848.28628450522	11.369999885559082	19.0744397573471	98.01193194495308	97.56097467761568	98.46288812976415	-0.9019144503838515	0.00028644179875684335	-1	0	2.0144068892465703	60.12776315689089	1.0001467349827289	-273.1499938964844	9.001135896179411	-273.1499938964844	197
DATA	2026-05-27T000000_AIU-0547.ghg	2026-05-27	00:30:00	147.02	0	18000	18000	0.05069473767120564	1	NaN	15.941069615412662	1	NaN	22.22135538892968	1	NaN	22.986827019870777	1	NaN	0.5027439261153167	1	NaN	0.06665907159375302	1	NaN	NaN	NaN	NaN	NaN	NaN	NaN	NaN	NaN	NaN	-1.9538520093279948e-10	-9.61129191624422e-12	-9.15855187652614e-13	NaN	18.03484682669037	464.85419101471825	475.7327123625329	0.1	0	887.1612419391454	22.866876851480036	23.402007679156704	0.7	0	0.08453714992685447	2.0526573574220257	2.1006936606630933	0	1	NaN	NaN	NaN	NaN	9	297.5781706322564	293.1062030054728	95434.65268315973	1.1245199077490355	1018.2125152339901	0.025534592553900608	0.03257780641227252	0.016137368436721738	2182.8778271179026	2324.9007097437316	0.014350451535379302	93.89122804124035	142.02288262582897	292.05648866253733	0.2296205543948584	-0.14108071281393292	0.22720982975810153	0.3524963450411874	-1.0180794300017629e-14	-1.0833759932113337e-14	0.3524963450411874	1.9891952517500462	3.566899794939559	328.43310020506044	40.13371121202116	NaN	0.21232340284291024	0.11708880061539169	-50.77593390263261	-0.05711367132234355	0.7173761157410877	0.06557133312779996	0	88.9226972433034	-13.494362372632887	30.524284429260035	76.0097841609245	115.91971677461477	162.57905100044468	243.57304418061426	0.049282186662737495	1.028662506762026	16.952541387449862	1.0251421146934352	20.291470719688494	1.0951081711080042	20.990462518979523	1.0951081711080042	0.45908152215379094	1.0951081711080042	0.05428716290812241	1.1618112152316824	NaN	NaN	801000009	800000009	800000009	800000009	800000009	800000009	899999999	899999999	89999	89999	89	89	64	410	4	14	4	0	0	NaN	0	0	0	0	0	0	0	0	0	NaN	NaN	NaN	NaN	0	0	0	0	0	0	0	0	17901	0	0	0	18000	18000	18000	18000	100	NaN	0.03341793307764444	0.1686710348017856	0.03208863335135334	0.03206736089626194	237.86754150376885	0.016897151075625474	2.997134680561131e-7	NaN	0.014805709850917677	0.548529427373745	0.011996864015606679	0.000054287162908122414	NaN	464.8529347135136	22.86684707998203	95824.67662955729	11.369999885559082	18.900179108301785	98.09671049965752	97.65302196799385	98.54039590835572	-0.887375809427764	0.0002860981851926126	-1	0	2.0332799500889243	59.583039777119644	1.0001300525665284	-273.1499938964844	9.001088483916389	-273.1499938964844	085
DATA	2026-05-27T003000_AIU-0547.ghg	2026-05-27	01:00:00	147.041	0	18000	18000	0.02642274231277126	1	NaN	16.120202645334867	1	NaN	15.217093572837465	1	NaN	-35.39902918779592	1	NaN	0.344269611798378	1	NaN	-0.007011467333350805	1	NaN	NaN	NaN	NaN	NaN	NaN	NaN	NaN	NaN	NaN	1.665388684261219e-10	7.942539072429625e-12	7.565359033755136e-13	NaN	18.583805863668424	478.8776727386136	490.07015973916816	0.1	1	886.2952269434389	22.838540111300645	23.3723300076755	0.1	1	0.08442063099199208	2.0495806822714244	2.097484158354829	0.1	0	NaN	NaN	NaN	NaN	9	297.6048695526123	293.0840197652181	95444.4286234809	1.1247323779908414	1018.1959117622076	0.02553004481739393	0.022308670844534893	0.01612024196591655	2180.396122853479	2321.7082180947405	0.014332513477306345	93.91344294946649	141.31209524126143	292.03827402762647	0.38154679065731023	-0.10009318286358491	0.22595334507142967	0.454589389301616	-2.900152693202857e-14	8.96150496017113e-15	0.454589389301616	1.6224511592017636	346.6994739978671	345.3005260021329	29.80497558018312	NaN	0.1532725369760268	0.0868638415829708	-18.890075599064797	-0.1535197667575016	1.0593483287839836	0.09183867400635133	1	3.1720300327638924	1	3	5	7	13	36	0.02581733636368659	1.0234495898630427	16.778765437988085	1.0217190848295947	13.945149854259318	1.0912104733094463	-32.440147939963396	1.0912104733094463	0.31549331702643013	1.0912104733094463	-0.012065848071329587	1.1568604289190958	NaN	NaN	800000009	800000009	800000009	800000009	800001009	800001119	899999999	899999999	89999	89999	89	89	22	166	7	13	1	1	0	NaN	0	0	0	0	0	0	0	0	0	NaN	NaN	NaN	NaN	0	0	0	0	0	0	0	0	18000	0	0	0	18000	18000	18000	18000	100	NaN	0.05779632554699265	0.09071086762681277	0.025220489992136164	0.037057790313888214	876.3004677779496	0.01152780503662354	3.9252450471965963e-7	NaN	0.01465141117068608	-0.8475606715064357	0.008242864000792705	-0.000012065848071329587	NaN	478.8725127504089	22.838514945011504	95840.61568381077	11.369999885559082	18.883069001303777	98.08047601148819	97.63639417817859	98.5245583152771	-0.8881642392476404	0.00028646378847447016	-1	0	2.0302509166267204	58.75523511780668	1.0001237875256273	-273.1499938964844	9.001024351119995	-273.1499938964844	198
DATA	2026-05-27T010000_AIU-0547.ghg	2026-05-27	01:30:00	147.062	0	18000	18000	0.01209459594319673	1	NaN	11.41446154870215	1	NaN	3.8405702306997984	2	NaN	6.3273514945733	2	NaN	0.08688725718188649	2	NaN	0.011978292284192218	2	NaN	NaN	NaN	NaN	NaN	NaN	NaN	NaN	NaN	NaN	3.0286353338809755e-11	1.411703349160828e-12	1.3481958818084473e-13	NaN	18.94628813515942	488.34697476052406	499.72202847508447	0.3	0	883.1217847642579	22.762762228576822	23.292974672646537	0.1	1	0.08433933050185441	2.047440426727781	2.0951314047313043	0	1	NaN	NaN	NaN	NaN	9	297.5246993865967	293.06828612772625	95418.05926236979	1.124514504257674	1018.1520632356666	0.025535729291727805	0.005630294265386244	0.01606317868195297	2172.561205567483	2319.446244330644	0.014284545571563579	93.66723677592495	146.885038763161	291.98064960382874	0.15350221865107178	-0.06440294075998583	0.21931449504894884	0.27533528224314646	-3.0468630317993506e-14	1.598537566976304e-15	0.27533528224314646	1.386318152824723	354.76082960196777	337.2391703980323	52.800586928814646	NaN	0.10370821307207351	0.06912048756308883	-8.262345401011428	-0.35098992589259204	2.9720746824156623	0.0961312459156933	1	2.3362150504074073	1	2	3	5	9	23	0.011687054515100137	1.0348711839728337	11.39297859348913	1.0292494748045966	3.4913883691769985	1.1000123230647958	5.752073283092293	1.1000123230647958	0.0789875307394792	1.1000123230647958	0.007216276483482099	1.1678889113470825	NaN	NaN	800000009	800000009	800000009	800000009	800000009	800000009	899999999	899999999	89999	89999	89	89	33	104	2	16	1	0	0	NaN	0	0	0	0	0	0	0	0	0	NaN	NaN	NaN	NaN	0	0	0	0	0	0	0	0	18000	17997	0	0	18000	18000	18000	18000	100	NaN	0.013422321281845803	0.10569174846113054	0.019126905383201335	0.03438112151196818	564.3638328360665	0.005550112010902003	2.6561707125576693e-7	NaN	0.009950836127837119	0.15030567634233136	0.002063999126246462	0.000007216276483482098	NaN	488.34714962632466	22.762742947257813	95817.80000889758	11.369999885559082	18.82611487282647	98.17995893139309	97.74352782016331	98.61639032109579	-0.8728647157500186	0.0002865743521009184	-1	0	2.028203475362726	57.734482560369806	1.0000997011827097	-342.6353790282335	9.000813834468524	-302.9871201494042	224
DATA	2026-05-27T013000_AIU-0547.ghg	2026-05-27	02:00:00	147.083	0	18000	18000	0.012178351293093732	1	NaN	8.527271931987865	0	NaN	-1.9902010233660739	0	NaN	-43.69520729554748	1	NaN	-0.04502372331072358	0	NaN	0.017027251468420903	1	NaN	NaN	NaN	NaN	NaN	NaN	NaN	NaN	NaN	NaN	1.1900462369671713e-10	5.4829981422666995e-12	5.303042576071873e-13	NaN	19.12140756876939	492.9617306448298	504.41840026709735	0.1	1	880.9963757734159	22.712632243790218	23.24048482887586	0.1	1	0.08520815015560132	2.0681619692368365	2.1162270561065433	0	1	NaN	NaN	NaN	NaN	9	297.3492240863376	293.0303576732789	95400.52967104482	1.1244749405366623	1018.1225912092642	0.02553711601074132	-0.002917537270534888	0.016026932715249496	2167.3783666782947	2314.0013206220547	0.014252814480330302	93.66366161345387	146.62295394375997	291.94243053135926	0.16979593644586233	-0.10462554422732126	0.2235770327300161	0.2996061649945615	-5.084267861745323e-15	6.2236330285164256e-15	0.2996061649945615	1.4374009473639044	3.6407123300738817	328.3592876699261	48.26540845768398	NaN	0.1040685151294881	0.06169166993474789	-11.173932491004305	-0.2595326222289849	-4.28462845304214	0.07157162852106919	1	2.843044528354625	1	2	4	6	11	30	0.011793757743100286	1.0326099245355829	8.242880847005333	1.027750126805049	-1.8122330682950984	1.0982036793084253	-39.78789009618305	1.0982036793084253	-0.040997607419305394	1.0982036793084253	0.012963619661960515	1.165657545261252	NaN	NaN	800000009	800000009	800000009	800000019	800001019	800001019	899999999	899999999	89999	89999	89	89	27	76	1	20	5	0	0	NaN	0	0	0	0	0	0	0	0	0	NaN	NaN	NaN	NaN	0	0	0	0	0	0	101	0	18000	18000	0	16	18000	18000	18000	18000	100	NaN	0.01911035807992404	0.08471783041052808	0.01955515137904366	0.027720539150800163	534.5274730371906	0.0026698523068338256	1.266397365299588e-7	NaN	0.00719994479423892	-1.0396883587712153	-0.0010712992085854115	0.000012963619661960515	NaN	492.96091953008147	22.71261601024445	95801.27191080729	11.369999885559082	18.788134789678782	98.21921303727892	97.7868436249627	98.65158376990425	-0.864743292056853	0.0002867046815194449	-1	0	2.048826214207543	57.20688310570189	1.0000991002056334	-273.1499938964844	9.000932768397861	-273.1499938964844	028
DATA	2026-05-27T020000_AIU-0547.ghg	2026-05-27	02:30:00	147.104	0	18000	18000	0.05568358949442968	1	NaN	7.770563995635022	1	NaN	4.28759074135414	1	NaN	12.175116757248867	1	NaN	0.09699676294889345	1	NaN	-0.039340678030351746	1	NaN	NaN	NaN	NaN	NaN	NaN	NaN	NaN	NaN	NaN	1.265938679178091e-10	5.692004853536955e-12	5.507235846131258e-13	NaN	19.587672170936916	505.19357901981823	516.9357107810831	0.2	0	880.7150527926867	22.714878303769552	23.24283650644793	0.1	1	0.08521260318239779	2.0682935992697318	2.1163666092448907	-0.7	0	NaN	NaN	NaN	NaN	9	297.23908351304794	293.0290584161278	95380.67068388473	1.12424488662564	1018.1237850773153	0.02554231978244317	0.006285390239088295	0.016025252112321663	2167.141483989185	2313.8150005075922	0.014254236157053457	93.66096613228669	146.67351651840727	291.94068180674896	0.25219775647781284	0.12246967253630177	0.23669877429888508	0.36691802738238843	-9.33837269720577e-15	6.462935810496255e-15	0.36691802738238843	1.7496693072397873	306.0983414709027	25.90165852909733	40.173164309150124	NaN	0.22255284533072933	0.09679854089136702	-119.90590609575544	-0.024185631003731327	1.8123380855097337	0.030504076824081797	0	84.29148602733332	-12.791558203282204	28.934539484598048	72.05109446928844	109.88246521655883	154.11171984859152	230.8874391653864	0.0541792162899832	1.02776661065739	7.888194013013219	1.0245515503714275	3.9176859018723733	1.0944192180656898	11.124728583227498	1.0944192180656898	0.08862852675442644	1.0944192180656898	-0.03823517502300524	1.1609478681474903	NaN	NaN	800000009	800000009	800000009	800000019	800001019	801001019	899999999	899999999	89999	89999	89	89	3	33	0	19	16	0	0	NaN	0	0	0	0	0	0	0	0	0	NaN	NaN	NaN	NaN	0	12	0	0	0	0	0	0	18000	604	0	0	18000	18000	18000	18000	100	NaN	0.06718843025416574	0.08610966872752865	0.04029898280103966	0.03185902718587764	713.7975386955485	0.0018840418161840688	1.9765378904943073e-7	NaN	0.0068915367961046425	0.290757671687912	0.002316409240140818	-0.00003823517502300524	NaN	505.19008985346176	22.714862681274987	95779.24126822918	11.369999885559082	18.786139514605207	98.25243388663398	97.82508449554443	98.67978303400676	-0.8547012034323479	0.0002874321498416571	-1	0	2.0489440404865484	58.765004271189156	1.0000910290247864	-273.1499938964844	9.000884723133511	-273.1499938964844	086
DATA	2026-05-27T023000_AIU-0547.ghg	2026-05-27	03:00:00	147.124	0	18000	18000	0.03215514769213995	1	NaN	5.155819567840298	1	NaN	6.264886357772473	1	NaN	-8.853371192778384	1	NaN	0.1417483999285761	1	NaN	-0.012164440546479477	0	NaN	NaN	NaN	NaN	NaN	NaN	NaN	NaN	NaN	NaN	6.947703284528837e-11	3.0680418361469815e-12	2.955322359635549e-13	NaN	20.05451807453232	517.5691808483186	529.675106009372	0.1	1	885.5890635606431	22.855378747664105	23.389965262636366	0.1	1	0.08530526312106304	2.0720637838511107	2.120529283777355	0.8	0	NaN	NaN	NaN	NaN	9	297.2569050064087	293.1745483077985	95364.02336175795	1.12343064374232	1018.2068198656157	0.02555946266428691	0.009185296315371731	0.01611355987796322	2180.165522330443	2334.7607581359885	0.014343172823100566	93.37854059492714	154.5952358055456	292.03658059678395	0.1904575007471553	0.08743637583064041	0.2187822261573095	0.3029601325118428	-2.3616059686347737e-14	3.4644079995878235e-15	0.3029601325118428	1.6966684459000234	307.3408063310861	24.659193668913908	46.23215636525857	NaN	0.16918120790864874	0.07871220312071339	-79.37986136427278	-0.03653319557578907	0.8229709644204125	0.02664178514473187	1	1.1683710396169986	1	1	2	3	6	16	0.031148349468136147	1.0323226829413137	5.416257945585701	1.0275601526748486	5.705850831808837	1.097975839614863	-8.06335701875178	1.097975839614863	0.12909974410575117	1.097975839614863	-0.012898121763788637	1.1653757067719122	NaN	NaN	800000009	800000009	800000009	800000019	800001019	800001119	899999999	899999999	89999	89999	89	89	16	46	0	16	42	0	2	NaN	0	0	0	0	0	0	0	0	0	NaN	NaN	NaN	NaN	0	1	0	0	0	0	0	0	18000	0	0	0	18000	18000	18000	18000	100	NaN	0.03444142072878873	0.08715388636077413	0.03582909915186393	0.028057757805170176	557.2348656128324	0.010312876545230375	3.9850525904849893e-7	NaN	0.0047349682546567	-0.21091695257642779	0.0033769216148879914	-0.000012898121763788636	NaN	517.5532030543993	22.855355053201265	95761.44356640625	11.369999885559082	18.881674431906806	98.26248555331759	97.83762226041158	98.68734361055162	-0.8497209319555097	0.00028736341335752514	-1	0	2.0525267148216586	51.87108053795518	1.000112736137377	-273.1499938964844	9.001011665556167	-273.1499938964844	139
DATA	2026-05-27T030000_AIU-0547.ghg	2026-05-27	03:30:00	147.145	0	18000	18000	0.01634725286950692	1	NaN	10.12777884312961	1	NaN	2.6665839769887794	1	NaN	0.19976088413338633	2	NaN	0.060330356784843116	1	NaN	0.03735329206841336	1	NaN	NaN	NaN	NaN	NaN	NaN	NaN	NaN	NaN	NaN	1.3426882940851977e-10	5.456504995126985e-12	5.255768958621235e-13	NaN	21.77073387442382	561.9882354429599	575.1231554456224	0.1	1	884.7334013164198	22.83844751909733	23.37223303671035	0.1	1	0.08521854834636705	2.0694151638833524	2.117782017343336	0	1	NaN	NaN	NaN	NaN	9	296.98936994086364	293.1165484629712	95352.90998797875	1.1235292496321982	1018.1960744674551	0.025557384501724952	0.003909407119657833	0.016102932258884897	2178.2965788601796	2326.3908849644004	0.014332454864131395	93.63416066227894	148.09430610422078	292.0228500843051	0.41331488064421484	0.014131485061708209	0.2217897734287203	0.4692756045540337	2.233720763847973e-14	6.16740024396965e-15	0.4692756045540337	1.5713497690957323	330.0417855517161	1.9582144482839083	28.204603382049644	NaN	0.12062302031793357	0.06733364011407696	-14.645026176725906	-0.19801944803681698	3.7980348380276143	0.07339529307389114	1	5.097438666391996	2	4	7	12	20	52	0.015981708114419887	1.022872696239347	10.143998124437784	1.0213423469177634	2.4446128680344836	1.0908001065758786	0.18313243914180943	1.0908001065758786	0.05530835248469641	1.0908001065758786	0.03080518127888949	1.1563253397658153	NaN	NaN	800000009	800000009	800000009	800000019	800000019	800000019	899999999	899999999	89999	89999	89	89	24	26	0	35	0	0	0	NaN	0	0	0	0	0	0	0	0	0	NaN	NaN	NaN	NaN	0	1	0	0	0	0	101	0	18000	0	0	16	18000	18000	18000	18000	100	NaN	0.029347817270715507	0.09177521390807682	0.013544249049361592	0.027694297835279956	874.9199045218043	0.007434905401129104	8.286986895726187e-7	NaN	0.008867339954878699	0.004789807266961173	0.0014465834119629115	0.00003080518127888949	NaN	561.9870091642875	22.838426449873875	95748.78847938369	11.369999885559082	18.86779050731659	98.28417337375217	97.86320942942301	98.70514109039307	-0.8419305533468725	0.00028717156190315206	-1	0	2.049786305838164	48.75771968110447	1.000074343457818	-388.13799872503375	9.000589443498187	-273.1499938964844	076
DATA	2026-05-27T033000_AIU-0547.ghg	2026-05-27	04:00:00	147.166	0	18000	18000	0.04087502852460224	1	NaN	6.355474728629662	1	NaN	4.086781759941202	1	NaN	16.523939559626964	1	NaN	0.09259915948305819	1	NaN	NaN	NaN	NaN	NaN	NaN	NaN	NaN	NaN	NaN	NaN	NaN	NaN	-2.6927912627250147e-10	-1.050277782788385e-11	NaN	NaN	22.60317317960015	583.294871085938	596.8740126975101	0.2	0	881.5986199772739	22.75043195498277	23.28006345451233	0.1	1	NaN	NaN	NaN	NaN	0	NaN	NaN	NaN	NaN	9	296.78216161770285	294.6523985722245	95148.61805610415	1.1154445394439614	1018.0781175214241	0.025932556269337066	0.00600042553450217	0.015808807531164086	2149.6012681450047	2554.6787234669914	0.01417265222262384	84.14370262683168	405.0774553219867	291.8107277026306	0.8092985377059974	0.41302138709914143	0.27380114637952085	0.948956193453132	3.926926577157711e-14	-1.1913332881753596e-14	0.948956193453132	2.215613962014326	304.9627379338703	27.0372620661297	16.769895048825866	NaN	0.19142781554841484	0.15843703192418282	-93.13871136048554	-0.031136355202250908	1.555129464197545	0.029235724994665157	1	8.228344002464608	4	7	13	21	39	119	0.04033067975738672	1.0134971384189433	6.543182899281249	1.0153942008531314	3.7631651909742168	1.0859958445999567	15.215472178637858	1.0859958445999567	0.08526658729266917	1.0859958445999567	NaN	1	NaN	NaN	800000009	800000019	800000009	800000019	800000009	801001019	899999999	899999999	89999	89999	89	89	2	2	0	23	1	0	0	NaN	0	0	0	0	0	0	0	0	0	NaN	NaN	NaN	NaN	0	13587	0	0	0	0	0	0	17802	0	0	0	18000	18000	18000	18000	100	NaN	0.177414503203839	0.11887696522832317	0.020582595416203518	0.025448834505328193	420.16509792790595	0.0019383650207239003	NaN	NaN	0.005761823831095654	0.4036964134617619	0.002262290323563021	NaN	NaN	583.2945435608032	22.750416820264803	95733.61725976563	11.369999885559082	18.803475110795763	98.20667219458684	97.77691092978586	98.63643227598402	-0.8595237640937139	0.0002871151135898092	-1	0	6.943563504670043	13.929692158206574	1.0001025432497264	-366.81999782987	9.000836013714473	-308.7607453918553	097
DATA	2026-05-27T040000_AIU-0547.ghg	2026-05-27	04:30:00	147.187	0	18000	17744	0.2195970520743738	1	NaN	-82.62925276408048	1	NaN	0.5667000715712543	1	NaN	104.08401742910414	1	NaN	0.012856626457441653	1	NaN	NaN	NaN	NaN	NaN	NaN	NaN	NaN	NaN	NaN	NaN	NaN	NaN	-6.015158586069294e-10	-2.384284942728494e-11	NaN	NaN	22.253566830885838	573.9882405493532	587.3514921649427	-0.1	0	882.0855436756747	22.751711358276037	23.28140312212632	0.6	0	NaN	NaN	NaN	NaN	0	NaN	NaN	NaN	NaN	9	298.09523199804613	295.95592653213413	95221.74813220122	1.1113846146721655	1018.1043648818295	0.0260272869112938	0.0008331093944422191	0.01575215454065903	2151.373522358808	2765.756580668022	0.014173450246389793	77.7860762366578	614.383058309214	291.82390033886145	0.5252305353108946	0.16639542453349213	0.2525352475644921	0.6209787746226088	-4.418911128400953e-14	-2.703008749914564e-14	0.6209787746226088	17.7748693704649	314.4215612668348	19.148345125014185	23.996003074830394	NaN	0.444509515952993	1.2387397723417024	89.74735964533382	0.032312928329705774	-145.80773306588694	-0.16428430805172053	0	126.38450715177773	-19.17933655483148	43.38371150840497	108.03157582598955	164.75496951748895	231.07118734460485	346.18674532551233	0.21724402589176514	1.0108312584106731	-81.9745927393881	1.0149200336556923	0.5136509910948154	1.1032784544294718	94.34065988620084	1.1032784544294718	0.011653111148708222	1.1032784544294718	NaN	1	NaN	NaN	800000009	800000019	800000009	811110019	811110019	811110019	899999999	899999999	89999	89999	89	89	16	65	24	7	0	0	0	NaN	0	0	0	0	0	0	0	0	0	NaN	NaN	NaN	NaN	0	17706	0	0	0	0	101	0	18000	0	0	21	18000	18000	18000	18000	100	NaN	1.5002338169886162	0.9188454939789619	0.0584002337158268	28.588206533662863	782.1629900262101	0.0013595500324951075	NaN	NaN	-0.07244736394516459	2.5121900865488396	0.0003103097894433805	NaN	NaN	573.9881386164798	22.75169598527573	95725.0107921007	11.369999885559082	18.802978879080875	97.95166942511665	97.49640709347196	98.40692998547024	-0.910522592246533	0.00028665053299563515	-1	0	15.907472893410356	0.672718942320479	1.000149943055378	-273.1499938964844	9.001097249534395	-273.1499938964844	053
DATA	2026-05-27T043000_AIU-0547.ghg	2026-05-27	05:00:00	147.208	0	18000	17899	0.08174941760666614	1	NaN	39.2022337869312	1	NaN	5.3536672433616594	1	NaN	-10.66216873374616	2	NaN	0.12150112060161845	1	NaN	NaN	NaN	NaN	NaN	NaN	NaN	NaN	NaN	NaN	NaN	NaN	NaN	-2.519363183852163e-10	-1.0258356371351128e-11	NaN	NaN	21.696734126029156	559.6969834730407	572.7498209925886	0.1	1	883.4487706490328	22.789771451917797	23.321257582187144	0.1	1	NaN	NaN	NaN	NaN	0	NaN	NaN	NaN	NaN	9	298.4701355235491	296.324577571534	95221.74813220122	1.109986282914973	1018.133220512716	0.026060020482900827	0.007873272614984876	0.015758686332169543	2154.9461514991885	2828.1394488810165	0.014197190158769456	76.19660170405727	673.193297381828	291.8504257254918	0.7353139917701922	0.4430249661752746	0.26484109332636624	0.8687181201160752	4.7348961885295755e-14	-1.16117161652902e-14	0.8687181201160752	14.261993354886387	300.93113447746276	29.900638631275864	17.7499967164122	NaN	0.27138355533296665	0.4288774778963584	-43.04852345358079	-0.06736584131920503	7.322501008171634	0.12782184045485845	0	107.19344374568819	-16.267018643360917	36.79604046301778	91.62734346983108	139.7374801294789	195.9838027625277	293.6194494629654	0.08059165572123557	1.0143657786289344	39.1842048231899	1.0159157354799562	4.929120490803873	1.086130325551962	-9.816656880773252	1.086130325551962	0.11186606040105973	1.086130325551962	NaN	1	NaN	NaN	800000009	800000019	800000009	811110019	811110019	811111019	899999999	899999999	89999	89999	89	89	1	13	1	8	5	0	0	NaN	0	0	0	0	0	0	0	0	0	NaN	NaN	NaN	NaN	0	17644	0	0	0	0	101	0	18000	0	0	16	18000	18000	18000	18000	100	NaN	0.5550343964390593	0.26986313213310437	0.03285742722055323	16.722579287374053	888.6186155358241	0.009540756245669382	NaN	NaN	0.03467279228482858	-0.2617458012514905	0.0029827335281394298	NaN	NaN	559.6966167784617	22.789748077757118	95703.80540516492	11.369999885559082	18.826026878992717	97.73900896750554	97.26671509085763	98.21130196423002	-0.9445871233095711	0.0002865121573316476	-1	0	20.63809675353115	0.6635601881877957	1.000133510970407	-273.1499938964844	9.000985826545291	-273.1499938964844	208
DATA	2026-05-27T050000_AIU-0547.ghg	2026-05-27	05:30:00	147.229	1	18000	18000	0.11719562197943818	1	NaN	26.13817430759071	1	NaN	8.305081465745385	1	NaN	-60.39990944481428	1	NaN	0.1879157296548247	1	NaN	0.018776180337116945	1	NaN	NaN	NaN	NaN	NaN	NaN	NaN	NaN	NaN	NaN	2.5203372995351904e-10	1.1096056229001943e-11	1.0616492365996119e-12	NaN	20.204650058538107	521.4676434232714	533.7209008746336	0.1	1	889.5314654042238	22.95817426539246	23.497637113059024	0.1	1	0.08510865317259406	2.0678121700216394	2.116400870010775	-0.1	0	NaN	NaN	NaN	NaN	9	299.0646829054091	293.20855194493936	95296.79536831992	1.1224644624247562	1018.266144088919	0.025580460407387606	0.01217693928163264	0.016172746727861	2188.427300035827	2339.680016345761	0.014408248340374633	93.5353246917	151.25271630993393	292.0971537881938	0.5626388446718894	0.295874757091844	0.26337382319354946	0.6880916451763074	2.6661696333206984e-14	1.247404578764354e-14	0.6880916451763074	2.6865423235148964	304.26147493896707	27.738525061032945	22.5047363786197	NaN	0.32312413224160763	0.2885157515681328	-109.0370801254728	-0.026596456881116663	3.1472508024633563	0.07077370823748991	0	104.48004759578072	-15.855250309263113	35.86461937012834	89.30797325175008	136.20029420343803	191.02284920718063	286.18703703295796	0.1152315942464639	1.0170441773874404	26.364010007021786	1.0175829413019304	7.639278689277025	1.0871551888011264	-55.55776219163431	1.0871551888011264	0.1728508786883049	1.0871551888011264	0.008808801959135415	1.151208149772235	NaN	NaN	800000009	800000009	800000009	800000019	800000019	800000119	899999999	899999999	89999	89999	89	89	8	4	1	2	2	0	4	NaN	0	0	0	0	0	0	0	0	0	NaN	NaN	NaN	NaN	0	638	0	0	0	0	301	151	18000	0	0	11	18000	18000	18000	18000	100	NaN	0.30445760561972923	0.2229098121616205	0.049664085354915885	0.04358259598405843	679.6009155987126	0.00454738719884822	1.229556015083848e-7	NaN	0.023066280206874415	-1.4545969849587699	0.004525530854180833	0.000008808801959135415	NaN	521.4665065790595	22.95815546379215	95690.45468229166	11.369999885559082	18.94176539018419	97.77522055223251	97.30740404256184	98.24303356806438	-0.935629306342868	0.00028700099036278623	-1	0	2.055623185330409	59.6457824105283	1.0001384649707212	-284.91257772375104	9.001014383686913	-273.1499938964844	056
DATA	2026-05-27T053000_AIU-0547.ghg	2026-05-27	06:00:00	147.249	1	18000	18000	0.20218742139435206	1	NaN	-57.3625040207889	1	NaN	-20.78171401802354	1	NaN	164.11189137424185	1	NaN	-0.4720878069623572	1	NaN	NaN	NaN	NaN	NaN	NaN	NaN	NaN	NaN	NaN	NaN	NaN	NaN	6.092584551180096e-10	3.025385492739994e-11	NaN	NaN	18.09058667365408	467.116083069684	478.2083714047166	0.1	1	898.321525419413	23.19551266417506	23.74632074780841	0.7	0	NaN	NaN	NaN	NaN	0	NaN	NaN	NaN	NaN	9	299.49511945851646	297.30409502383105	95207.81426180701	1.1060008004997395	1018.3816107900104	0.026153340904675932	-0.030591289891160743	0.015982017245657745	2192.7059411745763	2999.822741442681	0.01445027638174979	73.09451691535799	807.1168002681047	292.1284449035832	0.08314218643187346	-0.2530948068395321	0.2191694176766433	0.3449707785573877	8.300798591868396e-15	3.367820326166054e-14	0.3449707785573877	3.710970222652283	43.81453733101063	288.1854626689894	39.444277766319445	NaN	0.42756224238935614	0.4215893113790478	115.04919702658741	0.02520660791165558	2.760239312842031	-0.11911398797418181	0	85.82055613662034	-13.023600491556746	29.459419772478334	73.35812060071385	111.87576253537614	156.90734768026698	235.07579908732603	0.1990842971805313	1.0155869863056393	-58.030638390816335	1.017016173451626	-18.849384479934532	1.1025141982830262	148.8524062817672	1.1025141982830262	-0.4281920429664776	1.1025141982830262	NaN	1	NaN	NaN	800000009	800000009	800000009	800000019	800100009	810110009	899999999	899999999	89999	89999	89	89	7	67	2	18	12	7	0	NaN	0	0	0	0	0	0	0	0	0	NaN	NaN	NaN	NaN	0	8557	0	0	0	0	0	0	17901	0	0	0	18000	18000	18000	18000	100	NaN	0.2548403821861916	0.4461356727655733	0.14220256780633064	0.07709639338714994	701.1383024177194	0.007115109957821764	NaN	NaN	-0.05152183926482343	3.9847596700081134	-0.011462645626308544	NaN	NaN	467.1171623063414	23.19549153296722	95703.87256618924	11.369999885559082	19.108775699774434	97.83693013424346	97.37491775512696	98.29894281599256	-0.924025368847782	0.0002869383162647461	-1	0	2.8117393459676894	31.062446041019374	1.0001509604586496	-273.1499938964844	9.001142645306057	-273.1499938964844	235
DATA	2026-05-27T060000_AIU-0547.ghg	2026-05-27	06:30:00	147.27	1	18000	18000	0.09409882507649207	1	NaN	-7.630549041146704	1	NaN	-8.22286669719816	1	NaN	-49.227334831421516	1	NaN	-0.18680172591175032	1	NaN	NaN	NaN	NaN	NaN	NaN	NaN	NaN	NaN	NaN	NaN	NaN	NaN	9.534252265327183e-11	4.758375051371184e-12	NaN	NaN	17.988190992591278	464.70459988443565	475.73819447353225	0.1	1	897.7584907179805	23.19257675181353	23.743243754936923	-0.6	0	NaN	NaN	NaN	NaN	0	NaN	NaN	NaN	NaN	9	299.53360945383713	297.3425791199192	95162.5432630051	1.1053330269185941	1018.3806208999755	0.026169145375997186	-0.01210475183908142	0.015970343479835947	2191.3879749813595	3006.754469303342	0.014448445030505847	72.88217236737322	815.3664943219824	292.11881189103013	0.24326871949727288	0.04434062278667759	0.2394437782943562	0.3442079076355176	-1.9708254435317433e-14	5.300284097080144e-15	0.3442079076355176	2.9286428282478063	321.6700890561084	10.329910943891552	44.078004742807316	NaN	0.29177328635285943	0.19733688247822517	274.7558948364561	0.01055482358886668	0.9279670122521527	-0.023233090690261162	0	81.39675069837072	-12.352270949151755	27.94087051966642	69.57671824838474	106.10888535592223	148.81922043876688	222.9583106298067	0.09261554777634955	1.0160154243618402	-8.04314493980223	1.0165259491103014	-7.4959418700186475	1.0969757823345694	-44.87549827823596	1.0969757823345694	-0.17028792150196911	1.0969757823345694	NaN	1	NaN	NaN	800000009	800000019	800000009	800000019	800000009	801110009	899999999	899999999	89999	89999	89	89	4	42	2	7	8	5	0	NaN	0	0	0	0	0	0	0	0	0	NaN	NaN	NaN	NaN	0	14581	0	0	0	0	101	0	18000	0	0	16	18000	18000	18000	18000	100	NaN	0.12471138634650429	0.19437305823168216	0.0755893203782639	0.1175829750799216	203.8224394467671	0.002593746824391772	NaN	NaN	-0.007145335440538536	-1.2020336794631825	-0.004561326886712753	NaN	NaN	464.7042154994254	23.192558246863566	95684.02914930556	11.369999885559082	19.103538751072353	98.02625367185804	97.58232076305814	98.47018850368923	-0.8878667245242331	0.00028682068588063383	-1	0	4.9107438429466	10.289285828257787	1.0001537921362453	-273.1499941663358	9.001170586797926	-273.1499938964844	226
DATA	2026-05-27T073000_AIU-0547.ghg	2026-05-27	08:00:00	147.333	1	18000	17843	1.3696038680949831	1	NaN	98.53348181199578	1	NaN	-6.760744817026111	1	NaN	90.08712896456787	1	NaN	-0.15309179590363328	1	NaN	0.00980155748145396	1	NaN	NaN	NaN	NaN	NaN	NaN	NaN	NaN	NaN	NaN	1.7488645569285085e-10	8.991162651510849e-12	8.511974587611238e-13	NaN	17.443231896785953	450.9090749496829	461.6100640734878	0.1	1	896.7814833383682	23.181880025261584	23.73203317098693	0.1	1	0.0848987110196901	2.0704136950150374	2.1195488215028	0	1	NaN	NaN	NaN	NaN	9	298.51984318330585	294.01395965555804	95339.10565337591	1.119791068173802	1018.4086165549878	0.025639343308542496	-0.009920348374555436	0.01629283091168273	2210.7325555529783	2458.879447467739	0.014549884683625582	89.90813103219384	248.14689191476054	292.25969440675084	0.6566421433929351	-1.1383917241217623	0.23918797394392335	1.3761134203811087	-2.0069646730394726e-14	1.0026035125123516e-14	1.3761134203811087	18.457322971446338	32.02297959989755	297.121825753252	10.00965591239576	NaN	1.10593343342329	2.411934336487552	-1160.1275942729947	-0.0024997250425866416	-14.57435304522236	0.07812603391257604	0	104.6159384495571	-15.87587227059395	35.91126630280804	89.4241307096905	136.3774416558924	191.27130102804878	286.5592631344678	1.3552290809499323	1.01060690576015	97.51965432232618	1.0138290592683608	-6.218525314277397	1.0871942261783203	82.8620377071354	1.0871942261783203	-0.14081365796227413	1.0871942261783203	-0.020263799460335415	1.1479646641593897	NaN	NaN	800000009	800000009	800000009	811100019	811110019	811110019	899999999	899999999	89999	89999	89	89	17	31	4	19	54	1	7	NaN	0	0	0	0	0	0	0	0	0	NaN	NaN	NaN	NaN	0	16	0	0	0	0	0	0	15912	0	0	0	18000	18000	18000	18000	100	NaN	1.3107743278954174	2.933197969223491	0.5798963758561956	19.468090189589635	439.7394148336728	0.015244816957870446	1.0918648397971612e-7	NaN	0.085513186297248	2.174961452008227	-0.0036960746616763996	-0.000020263799460335415	NaN	450.90581762158365	23.181851313322	95734.43699652777	11.369999885559082	19.10453699493408	98.22496009233265	97.80435532930161	98.64556355624731	-0.8412083417574532	0.0002872528707876983	-1	0	2.0508260594142804	67.38516639165528	1.0001505578375525	-273.1499938964844	9.001160748375787	-273.1499938964844	115
DATA	2026-05-27T080000_AIU-0547.ghg	2026-05-27	08:30:00	147.354	1	18000	18000	0.07639668270396067	0	NaN	-19.822750913113442	0	NaN	5.809974763584909	1	NaN	7.068926832935678	0	NaN	0.13163249480079828	1	NaN	0.004677203697382381	0	NaN	NaN	NaN	NaN	NaN	NaN	NaN	NaN	NaN	NaN	-1.1097613532978923e-10	-5.866226855579669e-12	-5.571371722276943e-13	NaN	16.83382084551022	436.23504541714135	446.5318446629364	0.2	0	889.840069060697	23.059495910235814	23.60378734805435	0.1	1	0.08451138900975631	2.0660618525299994	2.1148287371450447	0.1	0	NaN	NaN	NaN	NaN	9	297.0137730899387	294.5649913646054	95329.10991170516	1.1176313086916971	1018.3483112827043	0.02569008921276651	0.008529785663091727	0.016174802663418565	2198.830875072391	2543.46029907658	0.014472395804975115	86.45037140429086	344.62942400418933	292.1731455311302	0.7495289584847582	-1.3792026080831568	0.2829421649783133	1.5950077625119232	-4.6001762855753096e-14	-6.5924507780055095e-15	1.5950077625119232	6.435973480000693	33.47808969406361	298.5219103059364	10.2179078862039	NaN	0.261449593452196	0.9350440421823979	76.18415553586202	0.038065657873373536	-3.4118480233952475	-0.06661638261253024	0	54.091600223010815	-8.208609020571153	18.567895954880626	46.236686305415645	70.51386397536774	98.89669683872317	148.16527320207598	0.0758167450421163	1.0076492028445987	-19.363537881879886	1.0139762952829483	5.222545915153858	1.112479403335939	6.3542091761325405	1.112479403335939	0.1183235342659632	1.112479403335939	0.00948007444146169	1.1954808898404785	NaN	NaN	800000009	800000009	800000009	800000019	800000019	800111019	899999999	899999999	89999	89999	89	89	10	13	2	0	57	0	0	NaN	0	0	0	0	0	0	0	0	0	NaN	NaN	NaN	NaN	0	1	0	0	0	0	0	0	13726	0	0	0	18000	18000	18000	18000	100	NaN	0.7345775135200046	0.9669180030027805	0.16859256784201074	0.12000270346058713	14.138128987114307	0.029715359989786114	1.311544247496912e-7	NaN	-0.017013348674010144	0.1670943455454929	0.0031115112790218954	0.00000948007444146169	NaN	436.23338594509767	23.059453260064743	95725.03125672744	11.369999885559082	19.017963287353528	98.4118164537218	98.01888134850397	98.80475124147202	-0.7858700962762069	0.00028806018344766936	-1	0	2.0464774312376974	67.45017003080595	1.0000921583837934	-390.47974882338974	9.000736167753184	-331.24962133619476	169
DATA	2026-05-27T083000_AIU-0547.ghg	2026-05-27	09:00:00	147.374	1	18000	18000	0.12914179047320953	0	NaN	-41.991287109198026	0	NaN	13.364367293745408	0	NaN	12.767901332776042	0	NaN	0.30280308796031263	0	NaN	0.00044878642964469787	0	NaN	NaN	NaN	NaN	NaN	NaN	NaN	NaN	NaN	NaN	9.946183048330081e-12	5.250086074374348e-13	5.0143450358508787e-14	NaN	16.70161725781605	432.9950176516924	443.1228623342783	0.1	0	881.5937506751621	22.85561306684674	23.390210671506726	0.1	1	0.08420081470496577	2.058775331132072	2.1069305198525514	-0.2	0	NaN	NaN	NaN	NaN	9	296.55714900716146	294.61979552714035	95348.48336067708	1.1177374235725968	1018.2326098883251	0.02568964805393891	0.019621640099828256	0.01603206683316734	2179.8326024203943	2552.0099254591314	0.0143433211549135	85.41630581739298	372.1773230387371	292.0341354994184	0.5589666575742536	-1.6026959727845245	0.19463425937610038	1.708496590685017	1.5469743995402103e-14	5.95522151824875e-16	1.708496590685017	5.667930441574782	42.772939770544156	289.22706022945584	6.5414148077043475	NaN	0.33990965886455915	0.8850675839063461	79.03936450496533	0.03669057839929645	-3.14203330290467	-0.10854476617906754	0	60.463840952481995	-9.175621135530479	20.755279991893087	51.683581839221915	78.82072334287969	110.54718521413989	165.6198277853928	0.1281752428456627	1.0075408293059422	-40.95729482140113	1.0139754327020374	12.005024697867647	1.1132311369687735	11.469227646238739	1.1132311369687735	0.2720037896036736	1.1132311369687735	0.011662322642825235	1.1952974121537054	NaN	NaN	800000009	800000009	800000009	800000009	800000009	801111009	899999999	899999999	89999	89999	89	89	14	20	0	0	63	0	1	NaN	0	0	0	0	0	0	0	0	0	NaN	NaN	NaN	NaN	0	0	0	0	0	0	0	0	13333	0	0	0	18000	18000	18000	18000	100	NaN	0.7685663377785232	0.7858566148554584	0.21571221517871053	0.10653270958327306	16.400581749344283	0.05241328632829371	8.064336569461527e-8	NaN	-0.03598690278268636	0.3015340150954752	0.007151169837253862	0.000011662322642825235	NaN	432.9910070568832	22.855549634234816	95743.52776280382	11.369999885559082	18.878583073721998	98.46700476815965	98.08233156649271	98.85167596223619	-0.7693457684301679	0.00028830790372578324	-1	0	2.0394340476844044	67.38460729026797	1.0000680042703947	-428.9167504374282	9.000471850739585	-291.3187446594238	255
DATA	2026-05-27T090000_AIU-0547.ghg	2026-05-27	09:30:00	147.395	1	18000	18000	0.08092401976142521	0	NaN	-21.854826420821798	0	NaN	18.18602868273799	0	NaN	9.646347202770144	0	NaN	0.41226939900043286	0	NaN	-0.010592123447151125	1	NaN	NaN	NaN	NaN	NaN	NaN	NaN	NaN	NaN	NaN	7.962142795004704e-11	4.235565653212976e-12	4.034778964660382e-13	NaN	16.506097548621447	428.8558027827287	438.8679355113262	0.3	0	878.0633762231162	22.81354347961716	23.346151931794914	0.1	1	0.08364388443220674	2.050212327649468	2.0980768961432115	0	1	NaN	NaN	NaN	NaN	9	296.7963836975098	295.1701213773912	95370.43766413545	1.115928262775134	1018.2189528390442	0.02573170941895013	0.026715057055228048	0.01597639915223335	2176.3212449070566	2639.265244346302	0.014316690136068977	82.45936059549376	462.94399943924554	292.0083267237649	0.41032993687134306	-1.2906253619943664	0.25171669179965056	1.3774780488437754	1.8762970357109496e-14	4.823758475648707e-15	1.3774780488437754	4.769547993141894	44.36292136769515	287.63707863230485	10.529243619086232	NaN	0.2692902225588506	0.6490516593066966	75.52644406910595	0.03839714732692206	-1.2017371577977436	-0.0714248476473018	0	65.39900286879403	-9.924550996307358	22.449361376151874	55.902084017936936	85.25420533691398	119.57023518632198	179.1380008587009	0.08029148203231162	1.0078780178557303	-20.674957134459888	1.0138722557345945	16.38806276490271	1.1097119252975935	8.69265886295965	1.1097119252975935	0.37151028983479095	1.1097119252975935	-0.0041371932744098255	1.1934323818365906	NaN	NaN	800000009	800000009	800000009	800000019	800000019	800111019	899999999	899999999	89999	89999	89	89	11	3	5	1	23	0	2	NaN	0	0	0	0	0	0	0	0	0	NaN	NaN	NaN	NaN	0	8	0	0	0	0	0	0	8431	0	0	0	18000	18000	18000	18000	100	NaN	0.605017511029877	0.5818100879817543	0.11127571960176202	0.11289380285060038	9.880054253543731	0.05784633804967783	4.0933671862982473e-7	NaN	-0.018195632813797765	0.22890040196657824	0.009782835840971891	-0.000004137193274409826	NaN	428.854578381811	22.813475535123757	95767.02453927952	11.369999885559082	18.852943495962354	98.47952704048157	98.1052911230723	98.85376717291938	-0.7484691357132474	0.0002890131635811284	-1	0	2.030938379122154	67.93341436462933	1.0000847008857463	-392.65999891493544	9.000691649768088	-324.6281210581357	077
DATA	2026-05-27T093000_AIU-0547.ghg	2026-05-27	10:00:00	147.416	1	18000	18000	0.13689901924115402	1	NaN	7.400110840008253	2	NaN	35.7855827251869	1	NaN	5.854516368470001	1	NaN	0.8117275469940146	1	NaN	-0.035630922551455745	2	NaN	NaN	NaN	NaN	NaN	NaN	NaN	NaN	NaN	NaN	-4.5821848755139876e-10	-2.452932170388157e-11	-2.3422522278479527e-12	NaN	16.450762075607365	428.3733318858547	438.4271920356389	0.1	1	880.6411050390533	22.93165280899562	23.469855384142104	0.1	1	0.08409052704811655	2.067060868891669	2.1155744885547754	0	1	NaN	NaN	NaN	NaN	9	297.1896660563151	295.7858321572134	95364.03053529384	1.1134803578317465	1018.2983842586956	0.025787116953335416	0.05259994504521214	0.016024606063798356	2187.4414393625357	2739.967519215187	0.014391458233715668	79.83457555690615	552.5260798526515	292.0899362610204	-0.09666160205191486	-0.8492703375707845	0.2255524220847936	0.8840121417136456	2.6393022259477254e-14	-2.7853936823439305e-14	0.8840121417136456	4.5681514107972365	68.49330456590548	263.5066954340945	14.782253946032776	NaN	0.3506379255221587	0.5042736692710659	-492.3983214023654	-0.005889540792382702	0.20679028470311445	0.018613229039727914	0	85.29849520843851	-12.944375731581204	29.28021314970098	72.91187077136625	111.19520338894868	155.95285380075745	233.64579332426334	0.13498385732317433	1.0141880811228743	9.43281509455994	1.0158080524479114	32.948952366281446	1.086091670756984	5.39044403534512	1.086091670756984	0.7473840089651519	1.086091670756984	-0.03695142244277779	1.1491144300081066	NaN	NaN	800000009	800000009	800000009	800000019	800000019	810101019	899999999	899999999	89999	89999	89	89	17	3	5	0	34	0	0	NaN	0	0	0	0	0	0	0	0	0	NaN	NaN	NaN	NaN	0	2	0	0	0	0	0	0	10155	0	0	0	18000	18000	18000	18000	100	NaN	0.5257644132938102	0.38567573008057027	0.09710719516775128	0.07842652452047555	10.814705244393165	0.1563418455008182	1.251681229468249e-7	NaN	0.008319241014686547	0.14226731045001845	0.019725334709280035	-0.00003695142244277779	NaN	428.3705566760612	22.931492800235464	95761.47445898436	11.369999885559082	18.9334963903427	98.46276856104532	98.09711080169677	98.82842595121596	-0.7313151987195028	0.00028956298259597837	-1	0	2.0476153844926097	68.25882755777572	1.0001222951511541	-273.1499938964844	9.001024512502882	-273.1499938964844	231
DATA	2026-05-27T100000_AIU-0547.ghg	2026-05-27	10:30:00	147.437	1	18000	18000	0.12852036062832742	1	NaN	-24.30182135914315	1	NaN	7.00040447243741	2	NaN	9.116139405178677	1	NaN	0.15888753457637875	2	NaN	-0.02754743572196359	1	NaN	NaN	NaN	NaN	NaN	NaN	NaN	NaN	NaN	NaN	2.6496319844529607e-10	1.4128252024450979e-11	1.369309206426218e-12	NaN	16.335263662894523	426.8699808391769	436.812432333684	0.1	1	871.0217995155972	22.761374811127173	23.291521870339537	0.1	1	0.08441937240434998	2.0809741882679065	2.1294432440855604	-0.9	0	NaN	NaN	NaN	NaN	9	297.7912382388645	296.41433395841034	95347.50333171849	1.1109989818957442	1018.2135864176587	0.025846390166677967	0.010295912240549342	0.01586913988681193	2170.822404614476	2846.207774912822	0.014283667352902296	76.27069336780824	675.3853702983461	291.96783633055634	-0.3823167617798693	-1.0328692373602204	0.20261074899976117	1.1198375254621662	6.336566279641625e-14	1.6220319666290956e-14	1.1198375254621662	5.474540875603763	82.31204323541851	249.68795676458151	10.423858686009318	NaN	0.3401176245980497	0.6535416694815774	136.8248581480606	0.02119497903562128	-3.471488176836975	-0.06316218395065126	0	84.28155338883913	-12.790050887070347	28.931129931222717	72.04260419929557	109.86951701911583	154.0935598175716	230.86023212972762	0.12747607573943778	1.0081920068752679	-23.75560224383753	1.01322019075513	6.358968483518882	1.1008710753294335	8.280841970937141	1.1008710753294335	0.1443289211035288	1.1008710753294335	-0.017764274152838277	1.180752176405851	NaN	NaN	800000009	800000009	800000009	800000019	800001019	810101019	899999999	899999999	89999	89999	89	89	4	5	6	11	26	0	0	NaN	0	0	0	0	0	0	0	0	0	NaN	NaN	NaN	NaN	0	3	0	0	0	0	0	0	6317	0	0	0	18000	18000	18000	18000	100	NaN	0.5946938007557002	0.618240908442583	0.09414862976487172	0.10794481872823501	13.773851409447202	0.16508159934708397	9.869443453887255e-8	NaN	-0.020999719623701844	0.21901632229463025	0.0038172917212752197	-0.000017764274152838277	NaN	426.8690656416881	22.761206503808285	95744.0157361111	11.369999885559082	18.81103477912479	98.4319551917182	98.07478696441652	98.7891231534746	-0.7143347124407691	0.00029083637775329413	-1	0	2.061588569574885	67.37261544116339	1.0001038345065383	-273.1499938964844	9.000930362648434	-273.1499938964844	199
DATA	2026-05-27T103000_AIU-0547.ghg	2026-05-27	11:00:00	147.458	1	18000	18000	0.13220202384916724	0	NaN	-15.625967612140442	2	NaN	81.94925429687022	0	NaN	8.974621294723182	1	NaN	1.8605883678747897	0	NaN	0.014372285582857304	1	NaN	NaN	NaN	NaN	NaN	NaN	NaN	NaN	NaN	NaN	3.979585382803883e-10	2.1101201865601564e-11	2.0578903322773404e-12	NaN	16.177609402097637	423.3572033903146	433.078929315111	0.1	0	857.7953953987044	22.447931004564683	22.963412094900395	0.1	1	0.08365631789631181	2.064967333699742	2.1123860295459966	0	1	NaN	NaN	NaN	NaN	9	298.20173108079706	296.74352544629664	95360.19034430617	1.110046856795357	1018.0415639457459	0.025871652118695868	0.12056612623828636	0.01563532633235991	2141.2131771752374	2903.27550328609	0.014085284991931079	73.75163585928006	762.0623261108526	291.7482520282658	-0.5529946136969779	-1.0300917349998153	0.20341833038960436	1.1867059629205472	-6.629456873107355e-14	2.4599341496574134e-14	1.1867059629205472	5.45941960635387	90.22868974155278	241.77131025844722	9.870057591764802	NaN	0.34510273101269867	0.652816559990448	222.29745166900423	0.013045583645817194	-0.19067858208365934	-0.040067449921278496	0	79.81865071933778	-12.112788188984823	27.399159864106675	68.22778212173473	104.05167265002558	145.93395036792094	218.63565029863503	0.13116637105891243	1.0078957188637143	-10.7743193823506	1.0126009938114162	74.74406667977205	1.0963981214451117	8.185549682349098	1.0963981214451117	1.6970006893321141	1.0963981214451117	0.012477106348280845	1.1721652948338257	NaN	NaN	800000009	800000009	800000009	800000019	800001019	800101019	899999999	899999999	89999	89999	89	89	4	12	6	16	18	3	3	NaN	0	0	0	0	0	0	0	0	0	NaN	NaN	NaN	NaN	0	20	0	0	0	0	0	0	6316	0	0	0	18000	18000	18000	18000	100	NaN	0.732343341992409	0.4622386702584657	0.1110511077300211	0.14947131016237034	15.513734879381554	0.29394556842234	9.333836688234687e-8	NaN	-0.009534172917440905	0.2166380748070746	0.0449126786287715	0.000012477106348280845	NaN	423.3529093983971	22.447642374836143	95756.95265733507	11.369999885559082	18.589661173237662	98.4140370724996	98.05888318061828	98.7691899494595	-0.7103055120640329	0.0002912637618331549	-1	0	2.046150890376832	68.0757714803882	1.0001091402471065	-273.1499938964844	9.000991414414512	-273.1499938964844	117
DATA	2026-05-27T110000_AIU-0547.ghg	2026-05-27	11:30:00	147.479	1	18000	18000	0.09393039089646744	0	NaN	8.167469415930906	0	NaN	44.83558158203601	0	NaN	1.3535701160096358	0	NaN	1.0186727032178695	0	NaN	-0.002659560807983754	0	NaN	NaN	NaN	NaN	NaN	NaN	NaN	NaN	NaN	NaN	-1.3833867708957691e-11	-7.41686387865878e-13	-7.230533926088426e-14	NaN	15.874013444620797	416.8041066913308	426.3310962771747	0.3	0	851.0663785697178	22.34645717620854	22.857235408429528	0.7	0	0.08296854875964572	2.0546835325776494	2.1016479177716003	-0.6	0	NaN	NaN	NaN	NaN	9	299.008048286438	297.47126777588966	95368.23992073846	1.107467534350314	1017.999244343453	0.02593291144247004	0.06600999116851794	0.015527881090717907	2131.713945718289	3032.99201421041	0.014021071145735394	70.28419249805528	901.2780684921213	291.67724074600727	-0.613130284467919	-1.1787489413615042	0.17424637296720322	1.3400520926385011	2.881855549875646e-14	-8.714788958204866e-16	1.3400520926385011	4.98653792897629	89.48135019012534	242.51864980987466	7.471300003420951	NaN	0.2912309742260591	0.8306931893397982	-255.61498744905296	-0.01134518765484361	0.18216490402799446	0.024875481426285304	0	62.4890139544364	-9.482948951744506	21.45045634895945	53.414669261659256	81.46074088714992	114.24984735751369	171.1670903895484	0.09292902143688943	1.0107756376220756	10.753892639639385	1.01390744053231	41.246953314333346	1.0870034749076998	1.24523071660334	1.0870034749076998	0.9371384054723169	1.0870034749076998	-0.007600530271674641	1.1479314126740898	NaN	NaN	800000009	800000009	800000009	800000019	800011019	800011019	899999999	899999999	89999	89999	89	89	2	2	1	24	45	3	19	NaN	0	0	0	0	0	0	0	0	0	NaN	NaN	NaN	NaN	0	59	0	0	0	0	0	0	3409	0	0	0	18000	18000	18000	18000	100	NaN	0.6846300269125115	0.8309242938450138	0.1458320579220712	0.0604334601498465	2.8241914360749854	0.11584283234457214	4.817464607532971e-8	NaN	0.009538657106729216	0.033030776729910845	0.02485837284886145	-0.000007600530271674641	NaN	416.8037044548247	22.346329876018753	95764.49593988716	11.369999885559082	18.520819149971008	98.36541984621684	98.01255329344008	98.718286837048	-0.7057264013439418	0.0002918608780148336	-1	0	2.0363398357762232	67.40102436460845	1.0000898359318575	-273.1903688981798	9.000822261148029	-273.23074389987516	110
DATA	2026-05-27T113000_AIU-0547.ghg	2026-05-27	12:00:00	147.499	1	18000	18000	0.13488057227633424	0	NaN	13.609238849041946	0	NaN	83.05228335542122	0	NaN	-0.5854767868240475	2	NaN	1.8879283106738647	0	NaN	0.005231865755558833	1	NaN	NaN	NaN	NaN	NaN	NaN	NaN	NaN	NaN	NaN	2.991481684802019e-11	1.610592098525951e-12	1.5744913024492e-13	NaN	15.688523468727546	412.3853099576042	421.7492080375656	0.1	1	844.658754377224	22.202526765924333	22.70667226464519	0.4	0	0.08257260565984863	2.049672475729628	2.0962137168858845	-0.3	0	NaN	NaN	NaN	NaN	9	299.5105808376736	297.9980869602696	95363.65786298865	1.105517246923322	1017.928869149204	0.025980086654679796	0.12233775453166643	0.015399853914843052	2117.8821133109263	3130.023520156822	0.013929998792602441	67.66345682938558	1012.1414068458957	291.5733433863434	-0.6200780718375601	-0.8151581596491496	0.1795170072769849	1.0398105578989159	1.9710961485093816e-14	1.906796194533564e-15	1.0398105578989159	5.359647786271697	99.25968098773336	232.74031901226664	9.941579915059837	NaN	0.34929465404749627	0.6900168462396734	-264.65617790089595	-0.01095761309258363	0.16386351222640533	0.03462254143581636	0	75.25980740909465	-11.420966128525372	25.83425647965867	64.33095142746392	98.10875996601983	137.59893082829637	206.1482721888581	0.13319227286424457	1.0126756558453691	18.410868304295718	1.0149156261826646	76.47427893490719	1.0860159064214656	-0.5391051672099848	1.0860159064214656	1.7383983968474117	1.0860159064214656	-0.004334195804320263	1.1482932160136392	NaN	NaN	800000009	800000009	800000009	800000019	800001019	800101019	899999999	899999999	89999	89999	89	89	4	12	4	29	26	0	4	NaN	0	0	0	0	0	0	0	0	0	NaN	NaN	NaN	NaN	0	4	0	0	0	0	0	0	6518	0	0	0	18000	18000	18000	18000	100	NaN	0.6958815315270226	0.5523680112111514	0.131784149741173	0.07736904621768297	3.744180905023191	0.45038340625892737	1.3510058999900774e-7	NaN	0.016360302057688614	-0.014324115833902184	0.04618954058775156	-0.000004334195804320263	NaN	412.38502396810827	22.20208786434269	95760.0902421875	11.369999885559082	18.4126652434667	98.34441936408149	97.99183690855239	98.69699974844193	-0.7051552948421906	0.0002922726869615467	-1	0	2.0310946049480534	68.19909686125652	1.000077416860395	-273.1499938964844	9.000719197962018	-273.1499938964844	029
DATA	2026-05-27T120000_AIU-0547.ghg	2026-05-27	12:30:00	147.52	1	18000	18000	0.18382907904682438	0	NaN	-2.227895308125044	2	NaN	24.82746093805711	0	NaN	3.6764306750847013	1	NaN	0.564617492774124	0	NaN	-0.017407460811981523	1	NaN	NaN	NaN	NaN	NaN	NaN	NaN	NaN	NaN	NaN	-9.03345539415683e-11	-4.8738737464736526e-12	-4.76042422961143e-13	NaN	15.61156443210361	411.3149662995002	420.6499974918244	0.1	1	842.2999916092866	22.191920237692663	22.69557871017719	0.6	0	0.08226937128930467	2.046330320917254	2.092772971782654	-0.5	0	NaN	NaN	NaN	NaN	9	300.0962409981622	298.44412620991307	95340.57939381283	1.103602320584444	1017.9327892467093	0.026025271516970032	0.03658721353176323	0.015365772813331274	2116.358071735979	3214.282445205031	0.013923287878910848	65.8423180854283	1097.9243734690517	291.5618592296887	-0.48419046032616303	-0.9657091854848661	0.1961749857908499	1.097961410000721	-1.2681389872060886e-14	-5.786387029592268e-15	1.097961410000721	5.292824307024752	88.62842198640288	243.37157801359712	10.29241842751222	NaN	0.40813214643227524	1.021626911146681	2578.5530117480985	0.0011246617722371279	-0.08973512489591653	-0.004859171940566271	0	82.587213964622	-12.53292834264206	28.349518035634297	70.59430834320254	107.66077445659637	150.99576696825932	226.21917394969273	0.18235443694949038	1.008086680653361	-0.7548157984676591	1.0122723247635332	22.73365472032809	1.0921016107391115	3.366381515174737	1.0921016107391115	0.5170008790592321	1.0921016107391115	-0.016472765695084796	1.165353552871353	NaN	NaN	800000009	800000009	800000009	800000019	800011019	800111019	899999999	899999999	89999	89999	89	89	9	6	7	31	28	0	14	NaN	0	0	0	0	0	0	0	0	0	NaN	NaN	NaN	NaN	0	193	0	0	0	0	0	0	3280	0	0	0	18000	18000	18000	18000	100	NaN	0.7702210950519851	1.130404125347787	0.1426286018935899	0.1158482810513991	2.2138375793876026	0.16101217166840176	9.272727591422811e-8	NaN	-0.00067190716539443	0.08959992061954387	0.013760543038609551	-0.000016472765695084795	NaN	411.31512269751744	22.19175640906284	95736.64878298613	11.369999885559082	18.404853273391723	98.28653956604003	97.9345479927063	98.63853537241617	-0.7039910423739087	0.0002931184404377645	-1	0	2.028203191389953	65.01841894014534	1.0000744685894913	-273.1499938964844	9.000739860110812	-273.1499938964844	044
DATA	2026-05-27T123000_AIU-0547.ghg	2026-05-27	13:00:00	147.541	1	18000	18000	0.15701193291643503	0	NaN	17.924963727207572	1	NaN	20.819158367002924	2	NaN	-3.781559258554486	2	NaN	0.4736637635005554	2	NaN	-0.0007051427923272299	1	NaN	NaN	NaN	NaN	NaN	NaN	NaN	NaN	NaN	NaN	-2.805265868028875e-10	-1.476806976112818e-11	-1.4870905462769972e-12	NaN	15.51218724064935	409.57702553303164	418.6028625945643	0.1	1	816.6251403420778	21.56181399618031	22.03697106737424	0.1	1	0.0822311612619345	2.049028606226553	2.094182990338189	0.6	0	NaN	NaN	NaN	NaN	9	300.60490322282584	298.8825568457709	95292.5481328125	1.1016929321302562	1017.5849189030347	0.026076641104742372	0.03069341187483599	0.014900074488418754	2055.231344274315	3299.024913356892	0.013524707342551125	62.29814561124467	1243.793569082577	291.09515999153444	0.7600673882598463	-0.4847173747648304	0.2616018433208594	0.9386633542031985	-2.337263244142252e-14	-1.8084270287027843e-14	0.9386633542031985	4.932152567541135	4.526858164647933	327.47314183535207	16.182401028396804	NaN	0.37751659601587584	1.0123724737763595	-253.52333179547648	-0.011438789398442829	0.8609840710764528	0.0423536664382996	0	75.98017874615314	-11.530285258134404	26.081536648487734	64.94671401162975	99.04783675915725	138.9159993830934	208.1214808852577	0.15490516011333208	1.0136004042832505	19.009374150942225	1.0154554141975105	19.17042071691069	1.0860042496948352	-3.482085138816994	1.0860042496948352	0.4361527716246542	1.0860042496948352	-0.007212473555470516	1.148760531413956	NaN	NaN	800000009	800000009	800000009	800000009	800001019	800111019	899999999	899999999	89999	89999	89	89	3	2	0	23	25	0	2	NaN	0	0	0	0	0	0	0	0	0	NaN	NaN	NaN	NaN	0	0	0	0	0	0	0	0	1908	0	0	0	18000	18000	18000	18000	100	NaN	0.8482704937090053	1.0261573577086691	0.15031709613504485	0.10969127451258241	4.069418848536486	0.4151486816841992	3.125040999301727e-8	NaN	0.01695651481259188	-0.09280261390558879	0.011624103275856895	-0.0000072124735554705165	NaN	409.5770058879069	21.5614112857395	95686.82263302951	11.369999885559082	17.93421222702665	98.29023635843065	97.94581745762295	98.63465944798787	-0.6888434981769993	0.0002932676438358613	-1	0	2.031035777601931	71.23344518989987	1.0000724134859111	-284.13199435763585	9.00065580007765	-273.1499938964844	149
DATA	2026-05-27T130000_AIU-0547.ghg	2026-05-27	13:30:00	147.562	1	18000	18000	0.14459926257850034	1	NaN	-78.37908099730424	1	NaN	196.31044054666688	1	NaN	41.20516761444252	1	NaN	4.45629565119574	1	NaN	NaN	NaN	NaN	NaN	NaN	NaN	NaN	NaN	NaN	NaN	NaN	NaN	4.2731054647595926e-11	2.375601680726444e-12	NaN	NaN	15.892088239465215	417.4746554545803	427.3941302996507	0.1	1	883.5090040084124	23.20919765116049	23.76066358871368	0.1	1	NaN	NaN	NaN	NaN	0	NaN	NaN	NaN	NaN	9	298.75300506252694	296.5661280640038	95134.69488688928	1.1078957967128094	1018.3738424268325	0.026108587272424745	0.2887679581974839	0.01601885787522191	2192.304999549766	2869.582149335218	0.014458812753645951	76.39805677135419	677.2771497854524	292.1255149593337	-0.1510905017192662	-0.4598810078534805	0.22192812709055307	0.5325138258186631	1.6016627572920285e-14	2.6888256598953966e-15	0.5325138258186631	3.5149335856400885	80.18755484516828	251.8124451548317	24.62992468672893	NaN	0.3612713997277503	0.32053468467605933	50.765711536867556	0.057125171936060315	-0.3992608889218604	-0.1922916539529125	0	99.44349562070363	-15.090934115903286	34.13573405967311	85.0028043757608	129.63464002772048	181.8144258708753	272.3911408807436	0.14291748093508785	1.0117675013050107	-66.39836839609984	1.0161027888125014	176.90315548104277	1.109705703173304	37.131617415872164	1.109705703173304	4.0157454705806765	1.109705703173304	NaN	1	NaN	NaN	800000009	800000009	800000009	800000019	800100009	800101019	899999999	899999999	89999	89999	89	89	3	0	9	0	16	0	0	NaN	0	0	0	0	0	0	0	0	0	NaN	NaN	NaN	NaN	0	5283	0	0	0	0	0	0	4008	0	0	0	18000	18000	18000	18000	100	NaN	0.2764712226522856	0.2943534945985559	0.07024465210127716	0.714997409403817	93.30415110893777	1.7389652698803792	NaN	NaN	-0.05885064909262347	0.9923213469777897	0.10731851268033367	NaN	NaN	417.4661785714716	23.20756181178288	95669.75100173612	11.369999885559082	19.09062899419971	98.35215149095323	97.99887408065796	98.7054277835422	-0.7065543095270802	0.0002920521727856895	-1	0	4.329968577612065	45.2178064861917	1.0000863530453707	-273.1499938964844	9.000757478925918	-273.1499938964844	204
DATA	2026-05-27T133000_AIU-0547.ghg	2026-05-27	14:00:00	147.583	1	18000	18000	0.3447295771249597	1	NaN	-328.27916024595686	1	NaN	208.24075021550186	1	NaN	202.91828110568846	1	NaN	4.728748448636677	1	NaN	-0.09124390546791782	2	NaN	NaN	NaN	NaN	NaN	NaN	NaN	NaN	NaN	NaN	-2.755613519306239e-10	-1.592109873186636e-11	-1.4370943180124614e-12	NaN	15.92911387698805	417.1915727867652	427.4959624493007	0.1	1	920.3358633924782	24.10406312026277	24.699419486601663	0.1	1	0.08307274907460986	2.0538481506891633	2.104577007724816	0	1	NaN	NaN	NaN	NaN	9	298.56550353834376	296.9220788785683	95241.84776080959	1.107302778618603	1018.9912420908729	0.02591938545749433	0.30642289947165663	0.016757929140782342	2296.3313115004544	2934.6449002665354	0.015134008027766729	78.249034876141	638.313588766081	292.87040689419626	-0.07343257116431559	-0.07307375718107142	0.23841789811355807	0.25995232377738114	-1.339806399981148e-13	-1.7299226690111922e-14	0.25995232377738114	4.001932098706125	107.14032489925387	224.8596751007461	66.51437606996193	NaN	0.557963870778226	0.6610210051764124	44.69476280154238	0.06488455958199923	-1.5764405377248736	-0.5214352587545609	0	60.9907139270679	-9.255576142112835	20.93613843448336	52.13394493346009	79.5075554777967	111.51047704919957	167.063014489067	0.3386350250127714	1.0179974062398256	-312.4535418996312	1.0199219891896403	186.24562404998193	1.118097411832974	181.48533299350953	1.118097411832974	4.229281276024522	1.118097411832974	0.0015168406659591294	1.2158347378672552	NaN	NaN	800000009	800000009	800000009	800000019	800000019	800100019	899999999	899999999	89999	89999	89	89	1	0	0	4	4	0	0	NaN	0	0	0	0	0	0	0	0	0	NaN	NaN	NaN	NaN	0	19	0	0	0	0	101	0	15009	0	0	16	18000	18000	18000	18000	100	NaN	0.11534435334777741	0.6379234126075451	0.5687742443975022	0.8470595835337003	290.80082477959763	0.9821840999405737	1.9619945138587805e-7	NaN	-0.2769163578942397	4.820206016630133	0.11232867536157112	0.0000015168406659591293	NaN	417.18078258155276	24.103134149656974	95636.45661501736	11.369999885559082	19.703903635660748	98.37304619238111	98.00930219544304	98.73678701061672	-0.7274850073953483	0.00029128830984862176	-1	0	2.0348445275272637	63.194407015834244	1.0001023687703743	-273.1499938964844	9.000868303431405	-273.1499938964844	065
DATA	2026-05-27T140000_AIU-0547.ghg	2026-05-27	14:30:00	147.604	1	18000	18000	0.18016933113426484	1	NaN	-28.914870368102942	2	NaN	53.763028989327225	1	NaN	-0.516442585565513	1	NaN	1.2230115995906048	1	NaN	-0.02548997719027215	1	NaN	NaN	NaN	NaN	NaN	NaN	NaN	NaN	NaN	NaN	-2.0024087253469163e-10	-1.1110116182003364e-11	-1.076274714872784e-12	NaN	15.273903110697432	403.23282747224613	412.46075956246153	0.1	0	847.453549140481	22.372872755227437	22.88487310932182	0.8	0	0.08209570557385769	2.045206341650121	2.0920106292611647	-0.3	0	NaN	NaN	NaN	NaN	9	300.21172003258596	298.74001692030174	95189.9307578125	1.100691202162839	1018.0419724527719	0.026092302840251227	0.07925115165347119	0.015451268384595646	2130.2434704489256	3271.2627771116267	0.014037786760023313	65.11991287749227	1141.0193066627012	291.66622344984177	-0.573014253283735	-0.10683531797182835	0.16806036462628265	0.6066328426575348	3.557610289609369e-14	-1.3110000180271425e-14	0.6066328426575348	3.2683849307076365	141.43878134834836	190.5612186516516	16.0835040381683	NaN	0.40458305138851486	0.4761567624011154	193.3287727124602	0.015000353849621747	-0.5378207089828027	-0.06377968722880004	0	86.68159325797333	-13.154266196624537	29.754985953117433	74.09412218160959	112.99821138515149	158.48159815180523	237.43431315968516	0.17820478966344339	1.011024066606356	-25.558716985368267	1.0141908460548517	49.05802629764201	1.0959068891834194	-0.47124677348303196	1.0959068891834194	1.1159813043076072	1.0959068891834194	-0.017563287221369638	1.175470226413763	NaN	NaN	800000009	800000009	800000009	800000009	800000009	800010019	899999999	899999999	89999	89999	89	89	0	3	0	29	40	3	0	NaN	0	0	0	0	0	0	0	0	0	NaN	NaN	NaN	NaN	0	0	0	0	0	0	0	0	13052	0	0	0	18000	18000	18000	18000	100	NaN	0.5648693443408078	0.26325458407360924	0.12418959638781374	0.20775874942580966	0.593622145589664	0.2078530937759079	2.0478104953090115e-7	NaN	-0.022809085339826125	-0.012577381154846893	0.02978507868015217	-0.000017563287221369638	NaN	403.23264809712487	22.372665468879983	95587.0768220486	11.369999885559082	18.509161190350866	98.31994017071193	97.96784136157564	98.67203781678943	-0.7041966504173135	0.0002931579539355072	-1	0	2.026585925267802	62.45489300770237	1.0000719028611977	-273.1903688981798	9.000692221959431	-273.1499938964844	033
DATA	2026-05-27T143000_AIU-0547.ghg	2026-05-27	15:00:00	147.624	1	18000	18000	0.26151346989617197	1	NaN	59.13613165324028	1	NaN	-98.33334646841548	2	NaN	7.314076507072374	1	NaN	-2.238574217950522	2	NaN	-0.06488916298860567	1	NaN	NaN	NaN	NaN	NaN	NaN	NaN	NaN	NaN	NaN	-1.3096696317103577e-10	-7.743341573692012e-12	-7.13232793965065e-13	NaN	15.068837477003804	399.7462047786871	409.42281046575516	0.1	1	890.9357969193339	23.63474979828326	24.206873189516244	0.1	1	0.08206336006656224	2.0526540765404517	2.10234241347321	-0.2	0	NaN	NaN	NaN	NaN	9	301.1564971720378	299.5072409028121	95168.34339907256	1.0970944686991182	1018.7777947434718	0.02616524688702574	-0.1450596093231938	0.016277247468799053	2249.88333049956	3423.1299741566286	0.01483668720716442	65.72591013152731	1173.2466436570685	292.5415452338516	-0.8922240678837686	-0.04947354244173422	0.18221994304897463	0.9119843893168911	1.264398230885988e-14	-8.691245318087831e-15	0.9119843893168911	5.0377031796089256	148.826217255781	183.17378274421904	11.525614042421726	NaN	0.4882306263033024	0.6046734098629265	-166.13121643817013	-0.01745608117592582	-0.6013843093627929	0.10836883316243222	0	91.87364386379947	-13.94217990711809	31.537248911580317	78.53220894838458	119.76657373093222	167.97432257886447	251.65614415229052	0.2579337179659317	1.0138785729856115	52.814204982881236	1.0156215103353912	-90.5432334343982	1.086037495443119	6.734644556713142	1.086037495443119	-2.0612310600170867	1.086037495443119	-0.07058740271319099	1.1489236635450766	NaN	NaN	800000009	800000009	800000009	800000019	800000019	800000019	899999999	899999999	89999	89999	89	89	9	25	0	11	8	0	0	NaN	0	0	0	0	0	0	0	0	0	NaN	NaN	NaN	NaN	0	0	0	0	0	0	101	0	4579	0	0	16	18000	18000	18000	18000	100	NaN	0.7906269480461832	0.26234760134775525	0.1563722703319145	0.1881484263385011	3.9674292851493	0.5933732665158445	2.0305876207217144e-7	NaN	0.04725276765011368	0.18048039060257737	-0.05523851833623861	-0.00007058740271319098	NaN	399.7474463548824	23.634182058974666	95563.90688498263	11.369999885559082	19.37947633467785	98.25710366588169	97.90785333336723	98.60635246149698	-0.6984994460973475	0.0002949442718058385	-1	0	2.0329466980843427	58.07498353550097	1.000060399783982	-281.2249942355674	9.000574254698224	-273.1499938964844	105
DATA	2026-05-27T150000_AIU-0547.ghg	2026-05-27	15:30:00	147.645	1	18000	18000	0.2158615986228285	1	NaN	59.69499957583154	1	NaN	123.39130965740176	1	NaN	-0.8329959975896367	2	NaN	2.8086644621845784	1	NaN	-0.03784173471999187	1	NaN	NaN	NaN	NaN	NaN	NaN	NaN	NaN	NaN	NaN	1.7867465666742773e-10	1.1065733194150143e-11	9.724137831913083e-13	NaN	14.931381672600208	396.0204824060623	405.97767809305077	0.1	1	924.7348722575603	24.52646099598186	25.143133068503285	0.1	1	0.08126211971713515	2.0322314413104796	2.083328106865345	-0.2	0	NaN	NaN	NaN	NaN	9	301.15335816560383	299.376043902927	95121.38846657987	1.0966604870084067	1019.2836503875812	0.026166695725677192	0.18200145714956067	0.01689043352487527	2333.6168242546873	3396.733023769094	0.015401697904654966	68.70180281832252	1063.1161995144066	293.13020466046004	-0.9971529405541013	0.16854422895592838	0.18489429027288187	1.0280598438542192	-1.2009232423319342e-14	1.1966384664542074e-14	1.0280598438542192	4.603944758744303	161.59376762021907	170.40623237978096	10.36089409599492	NaN	0.44366135014836044	0.4209611941059052	-123.46979054526423	-0.02348752668319183	0.48378609272870027	0.12037023346906456	0	89.96376839660681	-13.652348936624895	30.881650467174776	76.89967612452793	117.27685816791907	164.48246110129782	246.42469935842468	0.21313902254649372	1.0127737100593153	66.63370095204232	1.0149717782500156	113.61964579940914	1.0860032944940183	-0.7670289784689275	1.0860032944940183	2.586239357121995	1.0860032944940183	-0.05950114178135567	1.1483363193775005	NaN	NaN	800000009	800000009	800000009	800000009	800001009	800001009	899999999	899999999	89999	89999	89	89	3	21	4	3	6	0	0	NaN	0	0	0	0	0	0	0	0	0	NaN	NaN	NaN	NaN	0	0	0	0	0	0	0	0	6753	0	0	0	18000	18000	18000	18000	100	NaN	0.5419699874207704	0.1638639864857466	0.1360884143052934	0.14406406280960435	5.760597039318962	0.40311130682617363	2.500681043063554e-7	NaN	0.05961103760810267	-0.02057539077647523	0.06937532597595436	-0.00005950114178135567	NaN	396.0174686464309	24.526070041413885	95516.19753124999	11.369999885559082	19.970699105050855	98.24922664091324	97.89862577544318	98.59982903544108	-0.7012065843244399	0.00029544362776020227	-1	0	2.0120008173849837	55.71107580471068	1.0000587620917294	-273.1499938964844	9.000621054251988	-273.1499938964844	158
DATA	2026-05-27T153000_AIU-0547.ghg	2026-05-27	16:00:00	147.666	1	18000	18000	0.27375964570152944	0	NaN	-50.80640600459665	2	NaN	284.0326166142607	1	NaN	-7.846100856228719	1	NaN	6.46906464256773	1	NaN	0.07262512182302423	2	NaN	NaN	NaN	NaN	NaN	NaN	NaN	NaN	NaN	NaN	-4.3134870876918183e-10	-2.6061003638452608e-11	-2.3434027362913044e-12	NaN	14.830572581302475	394.84489157385326	404.4943199206459	0.1	1	896.0258791651521	23.855534853210624	24.43852903435078	0.1	1	0.08057055384947996	2.0200844001802793	2.069452291445924	0	1	NaN	NaN	NaN	NaN	9	301.5243088268704	299.9869471600657	95074.81964599979	1.0941715249292172	1018.9143062888594	0.02623293410363807	0.41919538883838886	0.016386910580493713	2268.669056994194	3521.175199603311	0.014976546370601076	64.42931488469469	1252.506142609117	292.67526240601984	-0.6439932258971234	-0.4039748552917227	0.15747239967562102	0.7763507682541714	-2.0094582996434386e-13	-2.908510149587894e-14	0.7763507682541714	6.246557953660397	119.90008515513335	212.09991484486667	11.702888628751191	NaN	0.5001980690764213	1.1871911696723645	207.8037521636385	0.013955474671681322	-0.17887525246297986	-0.09110734588862429	0	83.31798642242431	-12.64382588245175	28.600368572634935	71.21896164894206	108.61341016110447	152.3318520890434	228.22087292721298	0.2711529433930304	1.0096134022219359	-33.705797197484436	1.0133253663233994	259.53542115185587	1.094388640108093	-7.169391721257047	1.094388640108093	5.911121886214736	1.094388640108093	0.06260313671174071	1.1718985101647084	NaN	NaN	800000009	800000009	800000009	800000019	800000019	801100019	899999999	899999999	89999	89999	89	89	0	12	2	3	0	0	0	NaN	0	0	0	0	0	0	0	0	0	NaN	NaN	NaN	NaN	0	0	0	0	0	0	101	0	3707	0	0	16	18000	18000	18000	18000	100	NaN	0.9283574546877073	1.2364572722751612	0.20956761238186059	0.36898912932378886	4.095652003267348	1.9337945192244552	4.938610726808375e-7	NaN	-0.03023302024746403	-0.19267169994536382	0.15885669896156104	0.00006260313671174071	NaN	394.8478681520987	23.853717421722365	95471.17585503473	11.369999885559082	19.496331560770525	98.1884635634952	97.83788577948675	98.5390398534139	-0.7011539602213434	0.0002955528835187174	-1	0	2.0006751803126606	56.815447348064474	1.0000369760261643	-273.1499938964844	9.000495920711094	-273.1499938964844	201
DATA	2026-05-27T160000_AIU-0547.ghg	2026-05-27	16:30:00	147.687	1	18000	18000	0.16383346678657407	0	NaN	2.846440635144806	1	NaN	96.20473795695702	0	NaN	0.9983984761205948	0	NaN	2.192237873604743	0	NaN	0.004836897461236461	2	NaN	NaN	NaN	NaN	NaN	NaN	NaN	NaN	NaN	NaN	3.464589868220279e-11	1.8438194774818494e-12	1.8852342536675342e-13	NaN	15.002360769879736	400.3351408922427	409.05012933033896	0.1	1	798.4103760576812	21.305428878273972	21.76923169590576	0.2	0	0.08163437949376663	2.0495676624702015	2.094185175790951	0	1	NaN	NaN	NaN	NaN	9	302.0703063685099	300.5027287197257	95015.04766611438	1.092668972364585	1017.4783529329433	0.026294568575655278	0.14205701420958736	0.014600879792340324	2024.8793472101665	3629.3143910502004	0.013362582961190304	55.79233786423874	1604.4350438400338	290.858883162851	-0.7443762576887706	-1.141989777232822	0.19616188576590862	1.3772131823876208	9.558407164087128e-14	2.3093631204871046e-15	1.3772131823876208	5.281060173134736	95.09727076367142	236.9027292363286	8.188711851412702	NaN	0.3872193085685686	1.0996586724220683	-1719.2126820266096	-0.0016868186410662566	0.02958732278256745	0.006611977032211296	0	74.25442220316705	-11.26839504472491	25.48914027268244	63.471563274942504	96.79813880929045	135.7607660206954	203.39436634958847	0.16211473994137657	1.0106019159381745	8.561525711193395	1.0138267825863079	88.48853012110636	1.0872000905121846	0.9183208176980974	1.0872000905121846	2.0164070006395702	1.0872000905121846	-0.002309732143799641	1.147965879826723	NaN	NaN	800000009	800000009	800000009	800000019	800001019	800101119	899999999	899999999	89999	89999	89	89	3	7	3	31	30	3	5	NaN	0	0	0	0	0	0	0	0	0	NaN	NaN	NaN	NaN	0	0	0	0	0	0	101	0	4623	0	0	21	18000	18000	18000	18000	100	NaN	1.1254716090314782	0.906353276105624	0.16749245970703422	0.10982083059908625	3.276451058823732	0.3833228359662919	5.798280862710805e-7	NaN	0.007700827159506242	0.024672652154240565	0.05417508518739825	-0.000002309732143799641	NaN	400.33459894585206	21.305057852357486	95411.88510156251	11.369999885559082	17.698826951026913	98.21111468484666	97.865596856859	98.55663239627414	-0.691036007634468	0.0002962943595905219	-1	0	2.0315953163123806	56.19419775512466	1.000047632859813	-273.1499938964844	9.00056843217214	-273.1499938964844	012
DATA	2026-05-27T163000_AIU-0547.ghg	2026-05-27	17:00:00	147.708	1	18000	18000	0.21793628615775978	1	NaN	-32.6559844848966	2	NaN	152.64065252481967	1	NaN	11.230390179699572	1	NaN	3.478560141424358	1	NaN	-0.02204549908399264	2	NaN	NaN	NaN	NaN	NaN	NaN	NaN	NaN	NaN	NaN	1.6801654251589211e-10	8.457853489759917e-12	9.059673150771394e-13	NaN	15.096395986273038	402.95439535928995	411.2973507980194	0.1	0	759.9436553291763	20.28448620576337	20.70446565371383	0.2	0	0.08140175445957318	2.043774443849521	2.0860897016261415	0	1	NaN	NaN	NaN	NaN	9	302.1189623099433	300.59283989546043	94991.20258311632	1.0924922938889998	1016.9037132826161	0.026309056027626832	0.22541069716429837	0.013893559970638921	1927.3645949745803	3648.5009957594516	0.012717307067843305	52.82620443888329	1721.1364007848713	290.07814884157466	-0.7580578216127383	-1.5655437033233943	0.16905598110508474	1.7476151386020218	4.338930821664766e-14	1.1129579713506948e-14	1.7476151386020218	7.537217614647467	87.83690486178415	244.16309513821588	5.551202171395954	NaN	0.4466379091498626	1.6691898529525875	229.88492819335445	0.012615007094161615	-0.21394028356624506	-0.06581259020600234	0	69.90874334833545	-10.60892151276789	23.997409347785307	59.75694235105551	91.13310752186571	127.81547909087921	191.49087870788435	0.21641303790496197	1.0070386159149374	-23.486577345504625	1.012607930474851	138.55303007290163	1.1016767547018322	10.193906816831282	1.1016767547018322	3.157514331293871	1.1016767547018322	-0.019312956063974304	1.1752212275821547	NaN	NaN	800000009	800000009	800000009	800000009	800001009	800111109	899999999	899999999	89999	89999	89	89	2	11	2	31	48	19	0	NaN	0	0	0	0	0	0	0	0	0	NaN	NaN	NaN	NaN	0	0	0	0	0	0	0	0	6288	0	0	0	18000	18000	18000	18000	100	NaN	1.6260852360202467	1.45319323512841	0.2591012347565186	0.18868288481613638	11.77089990926178	0.8817061182226283	1.9667274263838858e-7	NaN	-0.021140804837186576	0.2737463593147785	0.08479163761324388	-0.000019312956063974304	NaN	402.95182807159796	20.28355368477383	95388.01797786458	11.369999885559082	16.910062878396804	98.25038352245754	97.90759069803026	98.59317425070869	-0.685581898378002	0.00029684173400811335	-1	0	2.0269729230072757	58.2854791930519	1.0000589663055208	-273.1499938964844	9.000601816071404	-273.1499938964844	203
DATA	2026-05-27T170000_AIU-0547.ghg	2026-05-27	17:30:00	147.729	1	18000	18000	0.2714947623643304	1	NaN	-141.9893087978646	1	NaN	354.8004995733872	1	NaN	42.6865530185332	1	NaN	8.084369985094174	1	NaN	0.08285697218323503	1	NaN	NaN	NaN	NaN	NaN	NaN	NaN	NaN	NaN	NaN	-5.0571618208705924e-11	-2.6846472971774892e-12	-2.6669970928573553e-13	NaN	15.278041580580034	407.90279002261593	416.9309914690292	0.1	1	811.0508322315961	21.653946650986445	22.133218176597122	0.1	1	0.0805718581355307	2.0226458316798483	2.067413493166403	0.1	0	NaN	NaN	NaN	NaN	9	301.8840518307156	300.4335029864841	94965.62165104167	1.0922070919079236	1017.6737927225279	0.02630219336643736	0.5238671750341024	0.014835421514100503	2056.932107211285	3614.634483822611	0.013582974899188052	56.90567376638321	1557.7023766113261	291.1083089027365	-0.13567871068188023	-0.8059535924791947	0.24592166181691416	0.8534912826228768	-3.741907415335094e-14	-3.3100851272055488e-15	0.8534912826228768	5.332551505062529	71.55589045444634	260.44410954555366	16.74640076466642	NaN	0.4985723984097652	0.9202570717188465	73.54516652629215	0.03943155120823963	-0.40019478261330754	-0.2562204741192582	0	87.2258451829424	-13.236858525975958	29.94181002699222	74.55934054124704	113.7076987371133	159.47666425089727	238.92510350090885	0.26899840068166186	1.0092802101289173	-120.16449639222229	1.014215649345782	321.2497741138988	1.104438129340421	38.65001749262853	1.104438129340421	7.319893953608992	1.104438129340421	0.09241851663434085	1.1895881266530168	NaN	NaN	800000009	800000009	800000009	800000009	800000019	800101019	899999999	899999999	89999	89999	89	89	9	6	3	0	9	1	6	NaN	0	0	0	0	0	0	0	0	0	NaN	NaN	NaN	NaN	0	0	0	0	0	0	0	0	8351	0	0	0	18000	18000	18000	18000	100	NaN	0.815970018757491	0.8388789050704162	0.18566521960978596	0.8279633960274009	101.75501270084278	2.679222365769907	3.9879450112159773e-7	NaN	-0.10810918363184709	1.0390865948726098	0.19679172679636736	0.00009241851663434085	NaN	407.8877824000948	21.651428492879017	95361.86571657986	11.369999885559082	17.916623790740974	98.21855305269028	97.87313846206663	98.56396519131131	-0.6908257826334906	0.00029701705565579075	-1	0	2.0049050503340036	63.67905140797293	1.0000384780151976	-273.1499938964844	9.00050889078776	-273.1499938964844	064
DATA	2026-05-27T173000_AIU-0547.ghg	2026-05-27	18:00:00	147.749	1	18000	18000	0.41723147777746716	1	NaN	-285.9789074655533	1	NaN	742.6028828379378	1	NaN	96.94644531196275	1	NaN	16.920536184835044	1	NaN	0.1792738687027241	1	NaN	NaN	NaN	NaN	NaN	NaN	NaN	NaN	NaN	NaN	-4.1811064984153265e-12	-2.241788017764755e-13	-2.1725487942284378e-14	NaN	15.382693134352774	410.87409558473456	420.129496777599	0.1	1	824.7753833253042	22.02987713039336	22.526124894032794	0.1	1	0.0799301606732345	2.0067030557053047	2.05190629936336	0.4	0	NaN	NaN	NaN	NaN	9	301.81201007164844	300.42293038092714	94985.27813693577	1.0923150306856697	1017.8866092906085	0.02629582491284796	1.0964507447773109	0.015096632032163304	2093.07530128411	3612.3970308155453	0.013820767459994414	57.94145226643516	1519.3217295314353	291.3855079528004	-0.1568800636194544	-0.4285669050745634	0.2168326964468823	0.5052695960919094	-1.0112113728945035e-13	-2.7180588352751053e-16	0.5052695960919094	5.630937434070676	82.10552324529868	249.89447675470132	25.413158214408625	NaN	0.6180371457221747	0.8700116171858467	69.57088934155914	0.04168410131660692	-0.38510341674496834	-0.41617128713981766	0	90.65107949223433	-13.756651047049548	31.117582124948466	77.48717931156145	118.17283759736888	165.73908499073582	248.30735093165634	0.4122269813255657	1.0121401477307694	-240.000101552059	1.015728729250155	672.1833773076888	1.1047623429967903	87.75321310191002	1.1047623429967903	15.315996505579845	1.1047623429967903	0.1946521405747396	1.1920516338382552	NaN	NaN	800000009	800000009	800000009	800000009	800000009	810000109	899999999	899999999	89999	89999	89	89	2	4	6	1	7	0	0	NaN	0	0	0	0	0	0	0	0	0	NaN	NaN	NaN	NaN	0	0	0	0	0	0	0	0	6577	0	0	0	18000	18000	18000	18000	100	NaN	0.8092492184803145	0.6716642608156627	0.2591097550757162	1.003992715591095	118.72577704645228	3.1984786364473665	6.987323364023394e-7	NaN	-0.21585599487637375	2.3595373892067073	0.41182157473716857	0.00019465214057473959	NaN	410.8568032789947	22.02687456724513	95380.8769984809	11.369999885559082	18.18726597118375	98.22274447419909	97.87786516465081	98.56762569130791	-0.6897592789282407	0.0002967677819558754	-1	0	1.988843585620322	66.56310055499597	1.000032711431384	-273.1499938964844	9.000464661783642	-273.1499938964844	098
DATA	2026-05-27T180000_AIU-0547.ghg	2026-05-27	18:30:00	147.77	1	18000	18000	0.45311893980691603	1	NaN	-363.4488796950483	1	NaN	980.6723894735254	1	NaN	111.06782315110962	1	NaN	22.340349682922444	1	NaN	0.005644283954329222	1	NaN	NaN	NaN	NaN	NaN	NaN	NaN	NaN	NaN	NaN	-8.038235871162255e-11	-4.3045808549819565e-12	-4.156731692984151e-13	NaN	15.342848890093338	408.99884361142625	418.15750709514185	0.2	0	821.6297039766702	21.902425110908606	22.392883566235376	0.1	1	0.07934092413351419	1.9898793453421726	2.0344384818332766	0.9	0	NaN	NaN	NaN	NaN	9	301.5903578999837	300.20646575249566	94968.01619878472	1.0929571077886302	1017.8089884585017	0.02628165414176766	1.4476546594533743	0.015017384565370676	2080.5878087171877	3566.8515871495447	0.013740140814633805	58.33121333707896	1486.263778432357	291.2902135825236	-0.4309190276584986	-0.34631674656657585	0.22401422229486784	0.5964971660795833	-2.4170088768904065e-14	-5.239076477089226e-15	0.5964971660795833	4.85384781096429	113.21220014386563	218.78779985613434	22.058280376597814	NaN	0.6438794262475852	0.8084497884277779	61.88989732535485	0.046857405252342166	-0.37061192259136205	-0.5074221083553464	0	94.5146568427547	-14.342963815767831	32.44382320419792	80.78970712061535	123.20940088315997	172.8029366122825	258.8902878630301	0.44815735734556533	1.011071072202715	-303.1000183939747	1.0153561422671007	886.5795499630729	1.1061301713020242	100.41116862436891	1.1061301713020242	20.19685409776469	1.1061301713020242	0.04959858056454406	1.1943159376953083	NaN	NaN	800000009	800000009	800000009	800000009	800100009	800101009	899999999	899999999	89999	89999	89	89	0	2	7	0	6	0	3	NaN	0	0	0	0	0	0	0	0	0	NaN	NaN	NaN	NaN	0	0	0	0	0	0	0	0	8147	0	0	0	18000	18000	18000	18000	100	NaN	1.0006296776502244	0.3629039488877951	0.2533659503175364	1.0292158090254055	98.58259904447388	2.834420025199293	2.793842766061456e-7	NaN	-0.2724686638854891	2.698081996103609	0.542696287331979	0.00004959858056454406	NaN	408.98539980767464	21.899761101823213	95363.87978559028	11.369999885559082	18.096203074985063	98.23810124333701	97.89483591461183	98.58136501481798	-0.6865272773206232	0.00029635386045427176	-1	0	1.9722633189426533	65.028400665283	1.000038447027405	-273.1499938964844	9.000532584004931	-273.1499938964844	115
DATA	2026-05-27T183000_AIU-0547.ghg	2026-05-27	19:00:00	147.791	1	18000	18000	0.36167266494034583	1	NaN	542.7057077420255	1	NaN	-835.1652823328607	1	NaN	-127.15002742725125	1	NaN	-18.995108108211756	1	NaN	-0.22416476020019993	1	NaN	NaN	NaN	NaN	NaN	NaN	NaN	NaN	NaN	NaN	-2.847314492325087e-11	-1.6046140016269696e-12	-1.4384749665635217e-13	NaN	15.929949946109238	423.2083793373728	433.5485360513128	0.1	1	897.7378788905924	23.850055654936515	24.43277878885547	0.1	1	0.0804787608739913	2.0048887404424516	2.053873743533949	0	1	NaN	NaN	NaN	NaN	9	300.14922797224267	298.5562939266935	94965.38849943811	1.0981515595900246	1018.8788813798283	0.026137912632466263	-1.2308830054121218	0.016442705900389175	2265.5373444471334	3235.7801362687146	0.014973075216072877	70.01518178115772	970.2427918215812	292.6530383860103	0.2787607825718916	-0.06672441435708913	0.24756269761348026	0.37874399087116256	7.778335148389274e-14	-1.7873970112633784e-15	0.37874399087116256	4.978384060082071	345.46110144823524	346.53889855176476	40.81670285314534	NaN	0.5738874159559608	0.7602129119913296	-29.355551001871078	-0.09878881169068018	-0.6498183284464243	0.8451870694278877	0	86.67463008960405	-13.153209508960424	29.75259572274407	74.08817017001714	112.98913419192364	158.46886725923756	237.41523996274643	0.3521375489718944	1.0270778165983443	484.8339075943785	1.0240984110539495	-763.4790382019322	1.093894187717002	-116.2361303816945	1.093894187717002	-17.364666821985086	1.093894187717002	-0.3093979117259175	1.1602875657214857	NaN	NaN	800000009	800000009	800000009	800000019	800000019	800100119	899999999	899999999	89999	89999	89	89	7	6	9	4	12	0	2	NaN	0	0	0	0	0	0	0	0	0	NaN	NaN	NaN	NaN	0	36	0	0	0	0	0	0	2202	0	0	0	18000	18000	18000	18000	100	NaN	0.36248653169535394	0.9080138500714683	0.24992544221583674	1.434351955806375	184.59712297565466	3.2180379493214004	0.0000011597394999170825	NaN	0.43331940884925113	-3.1124211500960617	-0.4649686470432367	-0.0003093979117259175	NaN	423.1897771091311	23.84703846392124	95360.41576302084	11.369999885559082	19.456554287963364	98.26620742373996	97.9202401462131	98.61217500644258	-0.6919344515866701	0.00029547447345652913	-1	0	1.9853527972433285	69.77069397888086	1.0000547294749154	-273.1499938964844	9.000601885212792	-273.1499938964844	037
DATA	2026-05-27T190000_AIU-0547.ghg	2026-05-27	19:30:00	147.812	0	18000	18000	0.24712495130001347	1	NaN	86.28967809457166	1	NaN	113.58465763948914	2	NaN	31.37836279780548	2	NaN	2.5816258471476035	2	NaN	0.005487584443731881	1	NaN	NaN	NaN	NaN	NaN	NaN	NaN	NaN	NaN	NaN	1.884940013033601e-10	1.0088495108050341e-11	9.233065180648085e-13	NaN	16.295261118098324	429.910252938808	440.03523136380227	0.2	0	872.1479778540165	23.009472204336593	23.55137695782144	0.1	1	0.07981962661874917	1.9813558539778455	2.028019512582464	0	1	NaN	NaN	NaN	NaN	9	299.7769715237088	297.85506960679106	95010.98882045562	1.10161865140752	1018.3842481932486	0.026064006694957224	0.1672893548951647	0.0159081717971853	2186.739118691963	3103.4179734100203	0.014440724816032927	70.46228182693629	916.6788547180572	292.0847928023089	0.7421053453120652	-0.024195883588877032	0.29577903612931233	0.7992440319058125	2.254608299987772e-14	1.1567412141313239e-14	0.7992440319058125	5.368832226126166	333.8674317493483	358.1325682506518	21.72015028020975	NaN	0.4736337681213673	0.9006346845393526	-103.8056265149658	-0.027936828641768306	0.759694838086759	0.16239521818339317	0	86.39775324746076	-13.111192379967486	29.657552862558067	73.85150000972176	112.62819726448335	157.96264808645995	236.65683139671478	0.24341128981093557	1.0152567347716797	92.23867364405807	1.016462341383939	104.55266648949409	1.0863869995214577	28.883227442547938	1.0863869995214577	2.3763408879936736	1.0863869995214577	-0.026491656695982642	1.1498390472237092	NaN	NaN	800000009	800000009	800000009	800000019	800100019	800100019	899999999	899999999	89999	89999	89	89	10	5	5	1	1	0	2	NaN	0	0	0	0	0	0	0	0	0	NaN	NaN	NaN	NaN	0	41	0	0	0	0	0	0	3678	0	0	0	18000	18000	18000	18000	100	NaN	0.7916179854528161	0.8380517912084788	0.1715995924174101	0.6882678568794949	222.0797427755251	2.4018703310627227	1.6322067962102495e-7	NaN	0.08221860346969079	0.7705472754043495	0.06339606611891668	-0.00002649165669598264	NaN	429.8929510149422	23.00721560521169	95405.88498524306	11.369999885559082	18.8981278472739	98.33151234563192	97.98647434149848	98.67655091200933	-0.6900831929710175	0.0002934684681305145	-1	0	1.962819097776656	71.73675793986486	1.0000738008982606	-273.1499938968565	9.000716842810313	-273.1499938964844	024
DATA	2026-05-27T193000_AIU-0547.ghg	2026-05-27	20:00:00	147.833	0	18000	18000	0.061414723358168936	1	NaN	7.277327191621028	2	NaN	80.87057208787424	1	NaN	9.15946857763075	1	NaN	1.8356657880569902	1	NaN	0.06338124156775302	1	NaN	NaN	NaN	NaN	NaN	NaN	NaN	NaN	NaN	NaN	1.5096658018548604e-10	7.70087848440567e-12	7.924408507991816e-13	NaN	15.533256476050394	407.1454241504583	415.7806415651111	0	0	792.3589475379251	20.76868557936587	21.20917220835992	0.1	1	0.08153584033260547	2.0096131868836973	2.0522354190365046	-0.9	0	NaN	NaN	NaN	NaN	9	298.2741601189507	296.5008106761941	95035.92087492367	1.1078868129813368	1017.08010826693	0.02593869473002944	0.11895114306609296	0.01442831740177246	1974.3006026162059	2861.1034582279367	0.01302327749794736	69.00486583029807	886.8028556117308	290.4581564904262	2.2079587207278824	0.6602291754921549	0.37466902662425233	2.3348150153964125	-1.4340196987348446e-14	9.718926640930092e-15	2.3348150153964125	7.829164912800345	315.3521556407517	16.64784435924832	9.234209098919258	NaN	0.23544450199579006	1.4027974282457534	-151.16158128944966	-0.01918476887620655	0.0899873341283336	0.027430441284694098	0	43.44034993996018	-6.592240697331631	14.91166640667539	37.13215776369246	56.62888348800687	79.42281427926224	118.98984852198792	0.06090790794879824	1.0083210116130856	11.93286904613807	1.0134144015095903	73.83479124264238	1.0952908612162284	8.362590159348112	1.0952908612162284	1.6759619321744708	1.0952908612162284	0.05093015619435479	1.1521656097085744	NaN	NaN	800000009	800000009	800000009	800000019	800001019	800101019	899999999	899999999	89999	89999	89	89	3	2	2	30	44	3	9	NaN	0	0	0	0	0	0	0	0	0	NaN	NaN	NaN	NaN	0	806	0	0	0	0	0	0	11206	0	0	0	18000	18000	18000	18000	100	NaN	1.4915243189094234	1.0775162212555685	0.2365543163265146	0.17903728620874207	20.321873155453865	0.23892013842198812	0.0000014799174259955824	NaN	0.010589960030314122	0.2215165141936865	0.04439452825768334	0.000050930156194354795	NaN	407.1381324045819	20.768445153403018	95429.38045486111	11.369999885559082	17.29942290274303	98.49430581410725	98.15017665439181	98.83843338372974	-0.6882550308124888	0.0002913485553144711	-1	0	1.9839005468984479	57.75799631012661	1.0001072382595804	-273.1499938964844	9.000933975802528	-273.1499938964844	206
DATA	2026-05-27T200000_AIU-0547.ghg	2026-05-27	20:30:00	147.854	0	18000	18000	0.04468451584346557	0	NaN	-1.5885512462848657	0	NaN	87.75967282919328	0	NaN	10.702479782970151	0	NaN	1.9911682239034332	0	NaN	0.009339772069867055	1	NaN	NaN	NaN	NaN	NaN	NaN	NaN	NaN	NaN	NaN	-3.3747506743196514e-11	-1.5999266332474282e-12	-1.7673313381497516e-13	NaN	15.833728416202169	413.4122756546901	421.676869634549	0.2	0	750.6570482216603	19.59935337933402	19.991167332346066	0.1	1	0.08292003507888114	2.038524297773813	2.079276778121663	0	1	NaN	NaN	NaN	NaN	9	297.7352628996108	296.04907909089746	95047.10571308083	1.1102024392723397	1016.4074268451579	0.025896128294446093	0.12902770090894247	0.013638345853526137	1863.3615055147927	2784.036806360785	0.012284557636592044	66.93020369764892	920.6753008459921	289.54665327680584	1.379304697878003	0.2604005250307406	0.3455329757178086	1.445573561024474	2.913980213572997e-14	-2.1313682953323693e-15	1.445573561024474	4.43540564520289	321.3088962689732	10.691103731026766	13.829196332624138	NaN	0.20062148454831244	0.7141830295804875	428.37234184122303	0.006769811485809908	-0.018101152785478865	-0.007017037264760406	0	48.59135016883467	-7.373924854749404	16.679838099119067	41.53515528566774	63.34373252146974	88.84048552490762	133.09923617235506	0.044228598254872485	1.010308207960058	3.546850872637983	1.0136974819955877	80.69155777488727	1.087594232274268	9.840508036338331	1.087594232274268	1.8308006467997737	1.087594232274268	0.0036897810080317992	1.1480653440573734	NaN	NaN	800000009	800000009	800000009	800000019	800001019	800011119	899999999	899999999	89999	89999	89	89	4	1	0	25	36	0	0	NaN	0	0	0	0	0	0	0	0	0	NaN	NaN	NaN	NaN	0	30	0	0	0	0	0	0	16209	0	0	0	18000	18000	18000	18000	100	NaN	0.47696543139350683	0.8216096450356177	0.12979098273185033	0.08516918164790079	66.59630897886825	0.833057776996275	3.0854460088163937e-7	NaN	0.00314320655842811	0.2599268227618641	0.048358701956825435	0.0000036897810080317993	NaN	413.39841755454637	19.59855798676498	95441.23676649305	11.369999885559082	16.377573603471024	98.592280064053	98.24873072221544	98.93583275328743	-0.6870813265807096	0.0002904723054121455	-1	0	2.022322674424284	59.79979959048198	1.0001289240982798	-273.1499938964844	9.001042727046542	-273.1499938964844	005
DATA	2026-05-27T203000_AIU-0547.ghg	2026-05-27	21:00:00	147.874	0	18000	18000	0.11247377051686035	1	NaN	32.37838263741539	1	NaN	-2.3089414695504367	2	NaN	5.499716295087202	2	NaN	-0.05234307493161956	2	NaN	-0.006424288811428166	2	NaN	NaN	NaN	NaN	NaN	NaN	NaN	NaN	NaN	NaN	9.219666781266839e-11	4.245370971748874e-12	4.687339021729327e-13	NaN	16.41883913701365	427.82201689234984	436.4194266557013	0.1	1	756.0366845765147	19.699878690629564	20.09576277958302	0.1	1	0.08347445434231396	2.0440725679010696	2.0851497653298625	0	1	NaN	NaN	NaN	NaN	9	296.83824815707726	295.1774456555634	95057.32811055753	1.1135578809616289	1016.445322634224	0.02581710775970979	-0.0033918312555689476	0.01375025519479465	1873.1201423436155	2640.443886816936	0.012348038148605639	70.93959283496338	767.3237444733204	289.62871670106585	0.9239982771211954	-0.06513119622110906	0.34239659031547476	0.9875476261446026	3.605563038831068e-14	5.6152975885381406e-15	0.9875476261446026	3.904416871822279	336.03202102573755	355.9679789742625	20.28646002774166	NaN	0.3178112227976022	0.5012231215837075	-83.55564153554708	-0.0347074110940343	-14.02304175502536	0.09000965647766135	0	79.84995212400682	-12.117538297904941	27.409904623417546	68.25453809165676	104.09247719235694	145.99117931872692	218.72138969542263	0.11101618582530132	1.0131294791000363	31.961923134387366	1.0151779840262924	-2.1261280193712735	1.0859842156791784	5.064269089443128	1.0859842156791784	-0.04819874375327271	1.0859842156791784	-0.015396465678481517	1.14850674690961	NaN	NaN	800000009	800000009	800000009	800000019	800000019	801101019	899999999	899999999	89999	89999	89	89	1	5	2	5	0	0	0	NaN	0	0	0	0	0	0	0	0	0	NaN	NaN	NaN	NaN	0	48	0	0	0	0	101	0	11019	0	0	11	18000	18000	18000	18000	100	NaN	0.2898410869282534	0.6185161533342346	0.09408900290492699	0.33545681249586357	180.13125295361095	1.2067260404274784	8.719140412397408e-7	NaN	0.02823813987417472	0.1333729158495262	-0.0012693652096920844	-0.000015396465678481517	NaN	427.81066968964427	19.698730789520315	95452.47269509548	11.369999885559082	16.453042875766847	98.61219612036811	98.26711729388767	98.9572736261156	-0.6901493581881131	0.0002892371446893472	-1	0	2.027384653527019	69.22994552097349	1.0001058982014657	-321.9229959445574	9.000841287930806	-273.1499938964844	206
DATA	2026-05-27T210000_AIU-0547.ghg	2026-05-27	21:30:00	147.895	0	18000	18000	0.03407617847625596	1	NaN	7.991533774693946	1	NaN	52.23510157009187	1	NaN	14.62226529446852	1	NaN	1.1830592299439813	1	NaN	0.005932028437290401	2	NaN	NaN	NaN	NaN	NaN	NaN	NaN	NaN	NaN	NaN	1.9691596794681356e-10	9.05410040740523e-12	9.899177485066478e-13	NaN	16.903289920124138	438.88365734411565	447.92258142199705	0.1	0	777.2050471479359	20.179657049631135	20.59526238133362	0.1	1	0.08497465631940981	2.0720922961950103	2.1147675807134867	0	1	NaN	NaN	NaN	NaN	9	295.92652470821804	294.220300184559	95085.99640776143	1.117313132210681	1016.6976872200721	0.025725634353606624	0.07666223810036998	0.014135217086061216	1919.3174962693777	2490.2591386873546	0.012651079342541794	77.07300282335568	570.9416424179769	290.0121831141967	1.1525621435735385	0.0826659805180183	0.3596224690589666	1.2101906789369599	-4.646147958854142e-14	1.164956460412929e-14	1.2101906789369599	2.7190103997992234	327.8975618101945	4.102438189805547	17.28721515480644	NaN	0.17463769496238485	0.20103456358664992	-56.186115103174544	-0.05161417540035881	0.15299163846691244	0.04028333425003307	1	14.159921380632895	6	12	21	35	63	178	0.03368959051371322	1.0114749973700445	10.960882441010122	1.014256303180376	48.07948266899393	1.086432271530614	13.458975471952819	1.086432271530614	1.088939698263229	1.086432271530614	-0.0002065883372765115	1.1479330442750684	NaN	NaN	800000009	800000009	800000009	800000019	800000019	800001019	899999999	899999999	89999	89999	89	89	2	0	0	26	7	0	6	NaN	0	0	0	0	0	0	0	0	0	NaN	NaN	NaN	NaN	0	12	0	0	0	0	0	0	17503	0	0	0	18000	18000	18000	18000	100	NaN	0.1387047533160923	0.23248084149874976	0.030883532358457835	0.05466171709897393	112.67956879312777	0.3108679859959408	1.2149680630915806e-7	NaN	0.009648921673606573	0.35337355165211826	0.02859077123010988	-2.065883372765115e-7	NaN	438.8794317511995	20.179353769199487	95480.30132725695	11.369999885559082	16.852381040149275	98.64728058158026	98.29626257663303	98.99830192905002	-0.7020336592164298	0.00028866429064914375	-1	0	2.054966046723503	70.62034371148316	1.0000923818432623	-399.44299919977266	9.000682216644288	-321.47887092589735	226
DATA	2026-05-27T213000_AIU-0547.ghg	2026-05-27	22:00:00	147.916	0	18000	18000	0.06627685513695203	1	NaN	31.389705967746053	1	NaN	45.92647531404919	1	NaN	2.365753014269425	1	NaN	1.0395497897192034	1	NaN	0.01922193634840524	2	NaN	NaN	NaN	NaN	NaN	NaN	NaN	NaN	NaN	NaN	-1.7634193916745914e-10	-8.122250557350707e-12	-8.741644486513579e-13	NaN	17.03627383548755	441.2837614343493	450.4391083826757	0.1	0	784.6850573876549	20.3253820060144	20.74707421494019	0.1	1	0.08445242802014441	2.0535604550359516	2.096165826201449	0.2	0	NaN	NaN	NaN	NaN	9	295.32541124471027	293.5967398629823	95123.48570522593	1.1200654150262168	1016.7682300122063	0.02566099504369542	0.06736282637380438	0.014273156181208542	1933.9398044682182	2396.484696908028	0.012743145167886875	80.69902582576093	462.5448924398099	290.1318696101847	1.2837324146787634	0.5855195856225819	0.4147211131786071	1.4706446543474707	-3.3940448798503644e-14	-1.0350968813387387e-14	1.4706446543474707	3.156055594315257	307.4819300316371	24.518069968362887	16.379579703176255	NaN	0.2432535867796543	0.30980836450738874	-38.66908822964082	-0.07499530329699053	0.683477357082174	0.11330853898181406	0	80.2202074669926	-12.17372597465729	27.537001301218808	68.57102679001208	104.57514242658578	146.66812417258993	219.73557644201253	0.06560711061118397	1.0102084136845662	33.82397817248509	1.0136557841580105	42.22152777355271	1.0877502008067375	2.174904690906835	1.0877502008067375	0.9556879777620029	1.0877502008067375	0.005435891307381573	1.1481127197981644	NaN	NaN	800000009	800000009	800000009	800000019	800001019	800011019	899999999	899999999	89999	89999	89	89	13	0	1	49	35	0	3	NaN	0	0	0	0	0	0	0	0	0	NaN	NaN	NaN	NaN	0	2	0	0	0	0	0	0	17406	0	0	0	18000	18000	18000	18000	100	NaN	0.3161339485085678	0.24899537723009668	0.05448740327611304	0.07734455275605769	22.418652019232812	0.1400024835078659	0.0000011877649078702842	NaN	0.02970019701095616	0.05696843427867839	0.02503284303890901	0.000005435891307381573	NaN	441.2811896650914	20.325239867248506	95517.65256814237	11.369999885559082	16.974913134680868	98.64285320832994	98.2877281682756	98.99796669069926	-0.7102314880126054	0.0002877617965132231	-1	0	2.036387365861075	54.42540998845609	1.0001553068012	-273.1499938964844	9.001096330165863	-273.1499938964844	210
DATA	2026-05-27T220000_AIU-0547.ghg	2026-05-27	22:30:00	147.937	0	18000	18000	0.05168869464001024	1	NaN	23.95563340058902	1	NaN	29.873851250165888	1	NaN	7.983873287157838	1	NaN	0.6760089553543194	1	NaN	0.04043625172533096	1	NaN	NaN	NaN	NaN	NaN	NaN	NaN	NaN	NaN	NaN	1.3136358551589876e-10	5.958426666355559e-12	6.398396808597622e-13	NaN	17.33321859228013	448.4654573853632	457.7773925494708	0.1	1	786.2050313898611	20.34162305885663	20.763996447793073	0.1	1	0.08442583999821435	2.0501789278292017	2.092748835803988	-0.8	0	NaN	NaN	NaN	NaN	9	294.9968922076755	293.3086195558441	95152.77897420945	1.121503989770387	1016.7719575082572	0.025627920584938943	0.04380538030695989	0.014302996319433452	1936.0811569030066	2354.2093132386367	0.012753406541479894	82.2391257232595	418.12815633563014	290.14933028295184	0.8279744597475017	0.37108043124981205	0.3078024900186882	0.9581152150511504	-4.328660690006079e-14	7.578718563810502e-15	0.9581152150511504	2.429200975618758	307.85909862171434	24.140901378285644	18.739040177956202	NaN	0.21468285924798627	0.1744878632607895	-34.83792311810914	-0.0832426201231424	0.801893040170239	0.09785564969626172	0	82.13366729309385	-12.464100885443408	28.19383014004798	70.2066234699532	107.06953056344545	150.16653900141412	224.97683935023912	0.051004857426183124	1.0134072958603364	25.475281134469576	1.0153410129385252	27.50838756413124	1.085990633966457	7.351696264633197	1.085990633966457	0.6224813863129498	1.085990633966457	0.028153808186967763	1.1486529842069586	NaN	NaN	800000009	800000009	800000009	800000019	800001019	800011019	899999999	899999999	89999	89999	89	89	5	0	0	44	28	0	6	NaN	0	0	0	0	0	0	0	0	0	NaN	NaN	NaN	NaN	0	0	0	0	0	0	101	0	17703	0	0	16	18000	18000	18000	18000	100	NaN	0.1647906832317602	0.14417410253706986	0.040010940752748976	0.03898106976731528	13.784864341071787	0.0746393107387712	4.191972801392739e-7	NaN	0.022340588158599024	0.1923218765431293	0.01628424026503878	0.000028153808186967764	NaN	448.4639204970413	20.341541263578833	95547.91989778646	11.369999885559082	16.993508941544423	98.63730729145473	98.28219717767503	98.99241576385498	-0.7102189498990771	0.0002875988295515224	-1	0	2.0328233945965772	64.80105408085852	1.0001580076548788	-273.1499938964844	9.00114985312356	-273.1499938964844	250
DATA	2026-05-27T223000_AIU-0547.ghg	2026-05-27	23:00:00	147.958	0	18000	18000	0.061414042535342515	1	NaN	21.688496874109187	1	NaN	26.147185595666095	1	NaN	6.631801930329035	1	NaN	0.5914891619191291	1	NaN	0.027676617890067954	1	NaN	NaN	NaN	NaN	NaN	NaN	NaN	NaN	NaN	NaN	3.6699601484056244e-10	1.6644131813527732e-11	1.7773075039637445e-12	NaN	17.557796484854066	453.76745113851945	463.3019364545248	0.1	1	796.2873361880048	20.57942038612914	21.011831703845168	0.1	1	0.08502981553943122	2.061904009680312	2.1052283897211983	0	1	NaN	NaN	NaN	NaN	9	294.6869190292358	292.9764475783768	95163.43886473498	1.1227995646660212	1016.9010934587182	0.02559602946493844	0.03832849769235957	0.01448822998973202	1958.9337361126225	2306.2813585444105	0.012903665485514837	84.93906126653108	347.34762243178807	290.33462302368775	0.9928697578207354	0.42923260477812053	0.3619732617803182	1.1406382543311087	-4.3814507382304936e-15	2.0902168171111067e-14	1.1406382543311087	2.94921771365578	308.6204419769308	23.3795580230692	18.502300567257965	NaN	0.23387442078602264	0.22753025471099841	-49.755037593416155	-0.05828555539838931	0.8294772986085379	0.08122052256077682	0	79.61478377918914	-12.081850594293577	27.32917894067839	68.05351972755827	103.7859115036101	145.5612165813035	218.07722716529344	0.060690605619437614	1.0119200806866426	23.029877138449187	1.0144935477976638	24.07193893992249	1.086210199391204	6.105449878896377	1.086210199391204	0.5445439218400319	1.086210199391204	0.017302489968413225	1.1480247370058467	NaN	NaN	800000009	800000009	800000009	800000019	800000019	800010019	899999999	899999999	89999	89999	89	89	3	0	1	36	2	0	0	NaN	0	0	0	0	0	0	0	0	0	NaN	NaN	NaN	NaN	0	2	0	0	0	0	0	0	17406	0	0	0	18000	18000	18000	18000	100	NaN	0.20460953449910133	0.1991213361744128	0.05132963874848275	0.06719082967888959	9.610165145626421	0.055568295573604085	4.013252934990375e-7	NaN	0.020170221671931672	0.15955980408583958	0.014231108797610179	0.000017302489968413225	NaN	453.7666299691616	20.579356406594556	95557.82321072048	11.369999885559082	17.17905133438111	98.6231434756385	98.25866256438363	98.98762093141343	-0.728953248596855	0.0002876125515500058	-1	0	2.0444695377482307	58.31447073030462	1.000156748255094	-273.1499938964844	9.001146192179785	-273.1499938964844	147
DATA	2026-05-27T230000_AIU-0547.ghg	2026-05-27	23:30:00	147.979	0	18000	18000	0.0538989031725554	1	NaN	5.10753027673682	2	NaN	6.178330421633744	1	NaN	6.497791247884297	1	NaN	0.13969188579497321	1	NaN	0.026871788205018548	1	NaN	NaN	NaN	NaN	NaN	NaN	NaN	NaN	NaN	NaN	2.348944504320168e-10	1.0427272765905899e-11	1.1348327400581935e-12	NaN	17.723539980420167	457.2594913171844	466.7334087547102	0.1	1	786.7711877116773	20.298348607191166	20.71890822918762	0.1	1	0.08562677152448239	2.0711756364394245	2.1140881343773423	0.8	0	NaN	NaN	NaN	NaN	9	294.0902991867066	292.4476999723646	95139.26474652778	1.1246643126975202	1016.7309892072265	0.025556327180455495	0.009052034199514263	0.014312551470560037	1931.687977956081	2231.7508803246938	0.012726065288078021	86.55482092495212	300.06290236861264	290.1134898138011	1.0530099303294704	0.21538414011386464	0.2922174364945353	1.113827307699213	1.484228726683497e-13	1.3253246850883806e-14	1.113827307699213	3.011536960293305	320.44009141475317	11.559908585246882	15.209806771583414	NaN	0.21891650523488593	0.2329565483876561	-173.23593755037362	-0.016740175514429485	0.8266845455290863	0.020403443418852352	0	82.47936258495155	-12.516561479683785	28.312496147059086	70.50211860599993	107.52017929053947	150.79858024878845	225.9237523118005	0.05325414495404072	1.0121071931409493	5.422671737066166	1.0145960753324452	5.688325460453211	1.086142216120927	5.982449767113055	1.086142216120927	0.12861288671190038	1.086142216120927	0.02279971466760135	1.1480792972144802	NaN	NaN	800000009	800000009	800000009	800000009	800000019	800010019	899999999	899999999	89999	89999	89	89	5	1	0	59	19	0	4	NaN	0	0	0	0	0	0	0	0	0	NaN	NaN	NaN	NaN	0	0	0	0	0	0	0	0	17802	0	0	0	18000	18000	18000	18000	100	NaN	0.22313996947927375	0.20160313072537558	0.04116999657066286	0.07760802160016474	15.12261105097379	0.025916989705402228	6.012677968426772e-7	NaN	0.004742248849297468	0.1560580132522663	0.0033549920785350194	0.00002279971466760135	NaN	457.2588428586545	20.29831281469441	95534.16298394097	11.369999885559082	16.958484430101187	98.6203626768324	98.24800715298122	98.99271941841974	-0.7447127099451075	0.0002864689501584507	-1	0	2.0538571697804664	60.740596929125125	1.000158255663183	-284.4953693728963	9.001115358405643	-273.1499938964844	129
