DATAH	filename	date	time	DOY	daytime	file_records	used_records	Tau	qc_Tau	rand_err_Tau	H	qc_H	rand_err_H	LE	qc_LE	rand_err_LE	co2_flux	qc_co2_flux	rand_err_co2_flux	h2o_flux	qc_h2o_flux	rand_err_h2o_flux	ch4_flux	qc_ch4_flux	rand_err_ch4_flux	none_flux	qc_none_flux	rand_err_none_flux	H_strg	LE_strg	co2_strg	h2o_strg	ch4_strg	none_strg	co2_v-adv	h2o_v-adv	ch4_v-adv	none_v-adv	co2_molar_density	co2_mole_fraction	co2_mixing_ratio	co2_time_lag	co2_def_timelag	h2o_molar_density	h2o_mole_fraction	h2o_mixing_ratio	h2o_time_lag	h2o_def_timelag	ch4_molar_density	ch4_mole_fraction	ch4_mixing_ratio	ch4_time_lag	ch4_def_timelag	none_molar_density	none_mole_fraction	none_mixing_ratio	none_time_lag	none_def_timelag	sonic_temperature	air_temperature	air_pressure	air_density	air_heat_capacity	air_molar_volume	ET	water_vapor_density	e	es	specific_humidity	RH	VPD	Tdew	u_unrot	v_unrot	w_unrot	u_rot	v_rot	w_rot	wind_speed	max_wind_speed	wind_dir	yaw	pitch	roll	u*	TKE	L	(z-d)/L	bowen_ratio	T*	model	x_peak	x_offset	x_10%	x_30%	x_50%	x_70%	x_90%	un_Tau	Tau_scf	un_H	H_scf	un_LE	LE_scf	un_co2_flux	co2_scf	un_h2o_flux	h2o_scf	un_ch4_flux	ch4_scf	un_none_flux	un_none_scf	spikes_hf	amplitude_resolution_hf	drop_out_hf	absolute_limits_hf	skewness_kurtosis_hf	skewness_kurtosis_sf	discontinuities_hf	discontinuities_sf	timelag_hf	timelag_sf	attack_angle_hf	non_steady_wind_hf	u_spikes	v_spikes	w_spikes	ts_spikes	co2_spikes	h2o_spikes	ch4_spikes	none_spikes	head_detect_LI-7200	t_out_LI-7200	t_in_LI-7200	aux_in_LI-7200	delta_p_LI-7200	chopper_LI-7200	detector_LI-7200	pll_LI-7200	sync_LI-7200	chopper_LI-7500	detector_LI-7500	pll_LI-7500	sync_LI-7500	not_ready_LI-7700	no_signal_LI-7700	re_unlocked_LI-7700	bad_temp_LI-7700	laser_temp_unregulated_LI-7700	block_temp_unregulated_LI-7700	motor_spinning_LI-7700	pump_on_LI-7700	top_heater_on_LI-7700	bottom_heater_on_LI-7700	calibrating_LI-7700	motor_failure_LI-7700	bad_aux_tc1_LI-7700	bad_aux_tc2_LI-7700	bad_aux_tc3_LI-7700	box_connected_LI-7700	mean_value_RSSI_LI-7200	mean_value_LI-7500	u_var	v_var	w_var	ts_var	co2_var	h2o_var	ch4_var	none_var	w/ts_cov	w/co2_cov	w/h2o_cov	w/ch4_cov	w/none_cov	co2_mean	h2o_mean	air_p_mean	vin_sf_mean	dew_point_mean	avg_signal_strength_7200_mean	co2_signal_strength_7200_mean	h2o_signal_strength_7200_mean	delta_signal_strength_7200_mean	flowrate_mean	hit_power_mean	hit_vin_mean	ch4_mean	rssi_77_mean	ch4_aux-1_mean	ch4_aux-2_mean	ch4_aux-3_mean	ch4_aux-4_mean	CHK
DATAU		[yyyy-mm-dd]	[HH:MM]	[ddd.ddd]	[1=daytime]	[#]	[#]	[kg+1m-1s-2]	[#]	[kg+1m-1s-2]	[W+1m-2]	[#]	[W+1m-2]	[W+1m-2]	[#]	[W+1m-2]	[µmol+1s-1m-2]	[#]	[µmol+1s-1m-2]	[mmol+1s-1m-2]	[#]	[mmol+1s-1m-2]	[µmol+1s-1m-2]	[#]	[µmol+1s-1m-2]	[µmol+1s-1m-2]	[#]	[µmol+1s-1m-2]	[W+1m-2]	[W+1m-2]	[µmol+1s-1m-2]	[mmol+1s-1m-2]	[µmol+1s-1m-2]	[µmol+1s-1m-2]	[µmol+1s-1m-2]	[mmol+1s-1m-2]	[µmol+1s-1m-2]	[µmol+1s-1m-2]	[mmol+1m-3]	[µmol+1mol_a-1]	[µmol+1mol_d-1]	[s]	[1=default]	[mmol+1m-3]	[mmol+1mol_a-1]	[mmol+1mol_d-1]	[s]	[1=default]	[mmol+1m-3]	[µmol+1mol_a-1]	[µmol+1mol_d-1]	[s]	[1=default]	[mmol+1m-3]	[µmol+1mol_a-1]	[µmol+1mol_d-1]	[s]	[1=default]	[K]	[K]	[Pa]	[kg+1m-3]	[J+1kg-1K-1]	[m+3mol-1]	[mm]	[kg+1m-3]	[Pa]	[Pa]	[kg+1kg-1]	[%]	[Pa]	[K]	[m+1s-1]	[m+1s-1]	[m+1s-1]	[m+1s-1]	[m+1s-1]	[m+1s-1]	[m+1s-1]	[m+1s-1]	[deg_from_north]	[deg]	[deg]	[deg]	[m+1s-1]	[m+2s-2]	[m]	[#]	[#]	[K]	[0=KJ/1=KM/2=HS]	[m]	[m]	[m]	[m]	[m]	[m]	[m]	[kg+1m-1s-2]	[#]	[W+1m-2]	[#]	[W+1m-2]	[#]	[µmol+1s-1m-2]	[#]	[mmol+1s-1m-2]	[#]	[µmol+1s-1m-2]	[#]	[µmol+1s-1m-2]	[#]	8u/v/w/ts/co2/h2o/ch4/none	8u/v/w/ts/co2/h2o/ch4/none	8u/v/w/ts/co2/h2o/ch4/none	8u/v/w/ts/co2/h2o/ch4/none	8u/v/w/ts/co2/h2o/ch4/none	8u/v/w/ts/co2/h2o/ch4/none	8u/v/w/ts/co2/h2o/ch4/none	8u/v/w/ts/co2/h2o/ch4/none	8co2/h2o/ch4/none	8co2/h2o/ch4/none	8aa	8U	[#]	[#]	[#]	[#]	[#]	[#]	[#]	[#]	[#_flagged_recs]	[#_flagged_recs]	[#_flagged_recs]	[#_flagged_recs]	[#_flagged_recs]	[#_flagged_recs]	[#_flagged_recs]	[#_flagged_recs]	[#_flagged_recs]	[#_flagged_recs]	[#_flagged_recs]	[#_flagged_recs]	[#_flagged_recs]	[#_flagged_recs]	[#_flagged_recs]	[#_flagged_recs]	[#_flagged_recs]	[#_flagged_recs]	[#_flagged_recs]	[#_flagged_recs]	[#_flagged_recs]	[#_flagged_recs]	[#_flagged_recs]	[#_flagged_recs]	[#_flagged_recs]	[#_flagged_recs]	[#_flagged_recs]	[#_flagged_recs]	[#_flagged_recs]	[#]	[#]	[m+2s-2]	[m+2s-2]	[m+2s-2]	[K+2]	--	--	--	--	[m+1s-1K+1]	--	--	--	--	--	--	--	--	--	--	--	--	--	--	--	--	--	--	--	--	--	--	207
DATA	2026-10-08T233000_AIU-0547.ghg	2026-10-09	00:00:00	282	0	18000	18000	0.021807552403608016	0	NaN	37.74443956857413	0	NaN	26.993241320586787	0	NaN	-2.387167391343667	2	NaN	0.6069999797266824	0	NaN	-0.005555348796380698	0	NaN	NaN	NaN	NaN	NaN	NaN	NaN	NaN	NaN	NaN	5.047561691289621e-10	1.3024700147719376e-11	2.734874388291239e-12	NaN	17.09607117799719	430.01105584914023	434.83598788138664	0.1	1	441.1460709469602	11.095981396927316	11.2204836750502	0.1	1	0.09263008570215767	2.1741871528416175	2.198582584296581	0	0	NaN	NaN	NaN	NaN	9	287.4787310468886	286.78939653099906	95645.3274921875	1.1569970088496917	1011.4405939020918	0.02492925797084532	0.039333598686289016	0.008020679493644683	1061.5634513530485	1556.808800283185	0.006932325176552526	68.18842822316711	495.2453489301365	281.00340660265675	1.6524532028858678	0.6962771985467592	0.3974412520328338	1.8366717381615298	1.1598963608170803e-14	2.95246880919979e-14	1.8366717381615298	3.5201577190381954	309.15140277245206	22.848597227547955	12.497211492988693	NaN	0.13728950661835712	0.2700930541307131	-5.793914188414759	-0.5005251900000012	1.3982922287953534	0.23493245711416005	1	27.019075771348426	12	21	35	53	86	195	0.021610630134478365	1.0091122872356912	38.873107191624925	1.0133207512969025	24.752847322019566	1.090510557004657	-2.1890364802158198	1.090510557004657	0.5566199940273391	1.090510557004657	-0.018882522947068478	1.14934245997964	NaN	NaN	800000009	800000009	800000009	800000009	800000009	800000009	899999999	899999999	89999	89999	89	89	5	1	0	29	12	0	0	NaN	0	0	0	0	0	0	0	0	0	NaN	NaN	NaN	NaN	0	0	0	0	0	0	0	0	16466	0	0	0	18000	18000	18000	18000	95	NaN	0.26030495383977964	0.21946757446517468	0.060413579956471876	0.10915784177551109	1.5907046482954215	0.1327322150246071	3.997628453561761e-8	NaN	0.033218241624703014	-0.055183534846105047	0.014031862471939296	-0.000018882522947068478	NaN	430.01260362090284	11.095849915023397	96038.27673502604	11.369999885559082	7.841123143937865	96.64445797771877	96.43757902314928	96.85133841959636	-0.41375720747311934	0.00027990872608239033	-1	0	2.1640391962793153	67.21906077098849	1.0001291295588017	-273.1499938964844	9.00078848531511	-273.1499938964844	170
DATA	2026-10-09T000000_AIU-0547.ghg	2026-10-09	00:30:00	282.02	0	18000	18000	0.0169819940020896	1	NaN	29.85283807769036	0	NaN	57.21657015377673	1	NaN	-1.161902592202386	1	NaN	1.2858145299285855	1	NaN	0.012451688744565224	2	NaN	NaN	NaN	NaN	NaN	NaN	NaN	NaN	NaN	NaN	1.9724564256852599e-10	4.834674306741897e-12	1.0565185677913352e-12	NaN	17.20881903791199	432.0011802048491	436.6244882163661	0.1	0	421.8041735601808	10.58875105792492	10.702072640923488	0.1	1	0.09217662102217822	2.156549011263235	2.1796285554354857	-0.1	0	NaN	NaN	NaN	NaN	9	286.70975454860263	286.1247326651679	95623.21508203124	1.1596398993022081	1011.1457374976865	0.02487723326743925	0.08332078153937234	0.007670036908117428	1012.802020428653	1490.7399293308415	0.00661415402551493	67.93955139333232	477.9379089021885	280.3150241095054	1.7136901918442708	0.14870487148810832	0.29730577599222135	1.745633964170589	1.1863877579845715e-14	1.1461893005788648e-14	1.745633964170589	3.267759911846965	327.04060155266166	4.959398447338267	9.806071946140632	NaN	0.1210132059881535	0.09102037940124795	-5.015462644890319	-0.5782118630580327	0.5217516184115389	0.21038557223315138	1	28.50769660373423	13	22	37	56	89	201	0.016824990151605747	1.0093315864716192	32.71316359431092	1.013363199372711	52.50442169348495	1.089747649975097	-1.0662125238158924	1.089747649975097	1.1799195253671517	1.089747649975097	-0.0015947461892061256	1.148954496712885	NaN	NaN	800000009	800000009	800000009	800000009	801000009	811110009	899999999	899999999	89999	89999	89	89	48	41	1	60	17	0	1	NaN	0	0	0	0	0	0	0	0	0	NaN	NaN	NaN	NaN	0	0	0	0	0	0	0	0	16909	0	0	0	18000	18000	18000	18000	100	NaN	0.05311380751496687	0.09100509736834397	0.037921853919185074	0.07171653919058507	2.6026703098120407	0.09649557513961383	1.305633845586906e-7	NaN	0.02789880751551949	-0.026808360871506214	0.029667357800461293	-0.0000015947461892061256	NaN	432.0003907764096	10.588654697216217	96016.27643880209	11.369999885559082	7.1542315852642195	96.68912975925869	96.48106214184232	96.89719663768345	-0.4161299143309401	0.0002791986094671302	-1	0	2.1469467954635615	68.13805448871187	1.000144120461411	-273.1499938964844	9.000820125314924	-273.1499938964844	027
DATA	2026-10-09T003000_AIU-0547.ghg	2026-10-09	01:00:00	282.041	0	18000	18000	0.005157417809487347	1	NaN	27.52982401546577	0	NaN	40.53965663890246	1	NaN	1.2697987872348973	2	NaN	0.9112114604385683	1	NaN	0.002568051126651725	0	NaN	NaN	NaN	NaN	NaN	NaN	NaN	NaN	NaN	NaN	-1.3239481989836094e-10	-3.2703580443521092e-12	-7.113428657831832e-13	NaN	17.125621862189032	429.8277697124993	434.44040363167016	0.1	1	423.0295057203792	10.617414680153967	10.731353914746322	0.1	1	0.09201409045399893	2.1547232833679737	2.1778463815101397	0	0	NaN	NaN	NaN	NaN	9	286.93148204718693	286.3228798836602	95624.04474262153	1.158834824505343	1011.1655534089277	0.024894245268122613	0.059046502636419224	0.007685543938121241	1015.5524745749823	1510.1732879496476	0.006632130632941473	67.24741343781754	494.6208133746653	280.35462323500803	1.4357589826021113	0.23501606993458823	0.29186063552744007	1.4838527689162913	-2.214012000174899e-14	-7.730803644022417e-15	1.4838527689162913	2.930026061090826	322.703827382893	9.296172617107	11.343529992664717	NaN	0.0667122193647222	0.08878360688540317	-0.9112080165609219	-3.1825883303190965	0.6790837983824397	0.3521715282930709	1	24.924377841854596	11	19	31	46	71	151	0.005105559352409344	1.010157252809828	29.49273450836636	1.0136349747566278	37.266303947893135	1.0878367947512646	1.1672695696280788	1.0878367947512646	0.837636182959704	1.0878367947512646	-0.008925930570466716	1.1481399303935005	NaN	NaN	800000009	800000009	800000009	800000009	800000009	811000009	899999999	899999999	89999	89999	89	89	32	32	4	35	10	0	1	NaN	0	0	0	0	0	0	0	0	0	NaN	NaN	NaN	NaN	0	0	0	0	0	0	0	0	17355	0	0	0	18000	18000	18000	18000	100	NaN	0.04549946087721555	0.09790581964988106	0.03416193324370973	0.0863717916343549	3.7774923443160526	0.09265831785068274	2.986132216890569e-8	NaN	0.02516930578497012	0.02937021435199501	0.021076154885415272	-0.000008925930570466716	NaN	429.82732630213144	10.617321623253186	96022.88025390625	11.369999885559082	7.194876759237676	96.68494990391201	96.47585034879049	96.89404407352872	-0.4181939793535409	0.00027882817917593966	-1	0	2.145091780324777	68.30166387727526	1.000130482027928	-273.1499938964844	9.00076360797882	-273.1499938964844	095
DATA	2026-10-09T010000_AIU-0547.ghg	2026-10-09	01:30:00	282.062	0	18000	18000	0.010549936846775913	0	NaN	31.32156732727853	0	NaN	44.18617333161269	0	NaN	-0.8502054627599964	2	NaN	0.9930818111847425	0	NaN	0.004768323263973085	1	NaN	NaN	NaN	NaN	NaN	NaN	NaN	NaN	NaN	NaN	7.193199602745988e-11	1.7461849448893342e-12	3.8865906811332503e-13	NaN	17.086607286097124	428.8411201819999	433.352462878763	0.1	1	414.78588180465937	10.410331273518663	10.519846359063028	0.1	1	0.09232143179368639	2.160751800173805	2.1834825771317017	0	0	NaN	NaN	NaN	NaN	9	286.79418597157803	286.2257969046699	95637.17659114584	1.1594782271321018	1011.0487654504415	0.024882387375765945	0.06435170136477131	0.007539235280362357	995.8817534790785	1500.6241957209472	0.006502265505243848	66.36450060707074	504.74244224186873	280.0693094222361	1.4949951672603392	0.29509438665005555	0.27616756452096247	1.5486638663240448	-2.279165472161443e-14	4.209846625666223e-15	1.5486638663240448	3.0163101222984436	320.83402974577103	11.16597025422897	10.27228920078856	NaN	0.09538797540474139	0.1144781001909007	-2.3413630907063347	-1.2385947363358911	0.7088544892134783	0.2801013189823753	1	25.438469485830545	11	20	32	48	76	165	0.010446296508974879	1.009921251776837	33.445674753234854	1.0135438245979123	40.602366909836896	1.0882659483801553	-0.7812478778973987	1.0882659483801553	0.9125359593056355	1.0882659483801553	-0.008354025827148835	1.14829429452154	NaN	NaN	800000009	800000009	800000009	800000009	800000019	800010019	899999999	899999999	89999	89999	89	89	14	16	4	39	13	1	0	NaN	0	0	0	0	0	0	0	0	0	NaN	NaN	NaN	NaN	0	0	0	0	0	0	0	0	16611	17999	0	0	18000	18000	18000	18000	100	NaN	0.10687221033311806	0.08516529387805513	0.03691869617062821	0.09008506372856816	1.4366707983651328	0.12819536204084175	1.4511244459503313e-7	NaN	0.02853022923036062	-0.01964386634521845	0.022945002382662207	-0.000008354025827148835	NaN	428.84125237131343	10.41020457459409	96035.44831467014	11.369999885559082	6.907447960456189	96.69994046444363	96.49244890954759	96.90743392308553	-0.4149807353996568	0.00027915955921829045	-1	0	2.1512752453883497	68.78328381411228	1.000142111758391	-273.1499938964844	9.00082034526931	-273.1499938964844	208
DATA	2026-10-09T013000_AIU-0547.ghg	2026-10-09	02:00:00	282.083	0	18000	18000	0.024108367920319763	0	NaN	36.367354460375964	0	NaN	51.45213020495015	1	NaN	-0.1436011337411815	2	NaN	1.1561257185014608	1	NaN	0.004736421884678698	0	NaN	NaN	NaN	NaN	NaN	NaN	NaN	NaN	NaN	NaN	-3.84542855979008e-10	-9.435968911349359e-12	-2.0671014040394763e-12	NaN	17.172431581222337	430.72990382401235	435.33105419240957	0.1	1	421.3796408209271	10.569313454866917	10.682217156385713	0.1	1	0.09231001663506215	2.1583304364934754	2.1813861909113355	-0.1	0	NaN	NaN	NaN	NaN	9	286.5670377104017	285.9932364391751	95641.04212847223	1.160397941946676	1011.132387858724	0.024861165403878942	0.07491694655889466	0.0076609052160637224	1011.1313059412719	1477.9650602628176	0.006601963808391316	68.41374895300086	466.8337543215457	280.2909239770677	1.564643154431543	0.6229895063134703	0.31848687736299053	1.7139597477008122	-3.9068975442330604e-14	-2.2393034682374095e-14	1.7139597477008122	3.798717160298084	310.2891774684306	21.71082253156938	10.708905726124426	NaN	0.14413864344286206	0.2364296072484998	-6.9579800921892945	-0.4167876253706741	0.706819218475761	0.21503854240586254	1	24.350466386156988	11	19	32	49	79	182	0.02388350216030204	1.0094151083249208	38.84363405718347	1.013383582063878	47.225766560340105	1.0894927483963663	-0.131805497514829	1.0894927483963663	1.0611596269944634	1.0894927483963663	-0.01043159120861975	1.1488306741393326	NaN	NaN	800000009	800000009	800000009	800000009	800000019	800011019	899999999	899999999	89999	89999	89	89	26	27	2	57	0	0	1	NaN	0	0	0	0	0	0	0	0	0	NaN	NaN	NaN	NaN	0	0	0	0	0	0	0	0	16514	18000	0	0	18000	18000	18000	18000	100	NaN	0.19407720665255393	0.2284961449231742	0.05028586292127146	0.10540731152930512	1.5057267533519945	0.11872395009740742	5.6417341890772055e-8	NaN	0.03310586063805985	-0.0033118516626472663	0.02666355608270719	-0.00001043159120861975	NaN	430.7298465688279	10.569194829359992	96040.05758767361	11.369999885559082	7.1297149960729795	96.69799024593536	96.48893027193611	96.9070578158211	-0.41812975677185626	0.0002792145778754881	-1	0	2.1487212629450694	68.23168213420435	1.0001409094946252	-273.1499938964844	9.000820825947656	-273.1499938964844	035
DATA	2026-10-09T020000_AIU-0547.ghg	2026-10-09	02:30:00	282.104	0	18000	18000	0.00905067561334998	0	NaN	26.078269670345044	0	NaN	15.950788338768344	0	NaN	0.7248262262317376	0	NaN	0.35833968044386255	0	NaN	-0.0004436761790601122	0	NaN	NaN	NaN	NaN	NaN	NaN	NaN	NaN	NaN	NaN	4.3533702207377173e-11	1.0684396350812397e-12	2.343445390160295e-13	NaN	17.212836738376854	431.31963757861035	435.9343507412553	0.2	0	422.4514817475786	10.585798423084029	10.699056478280296	0.1	1	0.09265773610059629	2.164350915616692	2.187507428301693	-0.1	0	NaN	NaN	NaN	NaN	9	286.3479836612278	285.779778072781	95650.67674782986	1.161374395729937	1011.1373855242786	0.024840107312162935	0.023220411292762293	0.007679358565369713	1012.8103858940557	1457.4324189675046	0.006612302280474463	69.49278558051874	444.62203307344896	280.31514469343887	1.4078233263426436	0.49510776130614553	0.24418676308229303	1.5121922459676282	4.4186376478178096e-15	2.529141644056652e-15	1.5121922459676282	2.750514097186209	312.6240851688899	19.37591483111009	9.29273280152181	NaN	0.08827838435244237	0.11312234103746437	-2.229300539111056	-1.3008564565979912	1.6349204262814951	0.25156022845205617	1	26.626470356639945	12	21	34	50	79	172	0.008960611487807522	1.0100511137733184	26.694934795344494	1.0135929389995548	14.660372017629703	1.08802070776832	0.6661878961094921	1.08802070776832	0.32935005545884005	1.08802070776832	-0.009713246722034077	1.148203138301059	NaN	NaN	800000009	800000009	800000009	800000009	800000009	800010009	899999999	899999999	89999	89999	89	89	8	9	1	61	17	0	0	NaN	0	0	0	0	0	0	0	0	0	NaN	NaN	NaN	NaN	0	0	0	0	0	0	0	0	17109	602	0	0	18000	18000	18000	18000	100	NaN	0.09772829640950022	0.08773221706101929	0.04078416860440923	0.06893359942679475	0.6693850993672262	0.08425640189778005	1.8688882714290267e-8	NaN	0.02273246070795571	0.016725276729348742	0.008268644402794888	-0.000009713246722034077	NaN	431.3195255863255	10.585713700841772	96049.16451953124	11.369999885559082	7.15582273003788	96.70496551386515	96.49400209469266	96.91592469173007	-0.4219229391970571	0.0002784998647661673	-1	0	2.1546990739239584	68.3082749038273	1.0001342372281683	-284.1723693593323	9.000767304235035	-273.1499938964844	115
DATA	2026-10-09T023000_AIU-0547.ghg	2026-10-09	03:00:00	282.124	0	18000	18000	0.03141949100970482	0	NaN	36.817379541085394	0	NaN	14.088275934169442	0	NaN	0.9377179272931855	0	NaN	0.3164956544050419	0	NaN	-0.0035902811474886748	0	NaN	NaN	NaN	NaN	NaN	NaN	NaN	NaN	NaN	NaN	1.176397251664672e-10	2.9472499359474975e-12	6.341344813419648e-13	NaN	17.18739227833158	430.5899834082984	435.28569356385407	0.1	0	430.5989385790952	10.787651018598956	10.905293519340995	0.1	1	0.09264827907934829	2.164220502868817	2.187821962693177	-0.1	0	NaN	NaN	NaN	NaN	9	286.367592376709	285.7729437162611	95669.7412938368	1.1615446347470275	1011.2493714379643	0.02483456338362708	0.020508918405446715	0.007827537439777271	1032.3286190829442	1456.7791842176748	0.006738903702552961	70.86376784257315	424.4505651347306	280.59412578110283	1.4791522420810357	0.6342447934081751	0.3413202262251837	1.6451921802783642	-2.0108350920923487e-14	6.844535998330445e-15	1.6451921802783642	3.0225653315744143	308.79085969398125	23.209140306018725	11.973851323980055	NaN	0.16446807946049555	0.23310650358465648	-10.212989027852533	-0.2839521311627001	2.61333464173492	0.19057989603833378	1	21.025344370258047	9	17	28	44	72	171	0.031120406702272327	1.0096105526606327	37.23062135284819	1.0134386908100776	12.937331478628508	1.0889630490988196	0.8611108779762562	1.0889630490988196	0.29063948006955836	1.0889630490988196	-0.01590121201888703	1.1485843400634237	NaN	NaN	800000009	800000009	800000009	800000009	800000009	800000019	899999999	899999999	89999	89999	89	89	2	0	0	30	22	0	1	NaN	0	0	0	0	0	0	0	0	0	NaN	NaN	NaN	NaN	0	0	0	0	0	0	0	0	16416	0	0	0	18000	18000	18000	18000	100	NaN	0.2289858261923004	0.18379457489160486	0.05343260608540773	0.10246202123503226	1.1134488356583743	0.0780855463969443	4.6505840270245897e-8	NaN	0.0316961210318603	0.02161858903053953	0.007296639302060608	-0.000015901212018887028	NaN	430.5900040702877	10.787572948142794	96067.96861002604	11.369999885559082	7.435209292385286	96.68599905819363	96.47271225166321	96.89928817388747	-0.4265753895847335	0.00027890239462592746	-1	0	2.154379570504029	66.92705360995406	1.00011807091203	-273.1499938964844	9.000697400331497	-273.1499938964844	225
DATA	2026-10-09T030000_AIU-0547.ghg	2026-10-09	03:30:00	282.145	0	18000	18000	0.016998595312012164	0	NaN	32.99438665467473	0	NaN	25.153747474076816	1	NaN	3.1062660963493585	1	NaN	0.5649870287755169	1	NaN	-0.006507030413598367	0	NaN	NaN	NaN	NaN	NaN	NaN	NaN	NaN	NaN	NaN	1.022481276019115e-10	2.5537334980383374e-12	5.4763816585667e-13	NaN	17.210633835966124	431.03334829165885	435.72410237630226	0	0	429.8501418089253	10.76542256685253	10.882578118919481	0.1	1	0.09217968258406556	2.151526753335726	2.174940911303847	0	0	NaN	NaN	NaN	NaN	9	286.190518152025	285.59504023064505	95653.96870486111	1.1620863768890204	1011.2335784566535	0.02482319548918951	0.036611159464653494	0.007814985708145948	1030.0316142877145	1439.865308142223	0.006724961124720492	71.53666446875549	409.8336938545085	280.5615366717593	1.4691208450247888	0.5172551278256411	0.3358384276570644	1.5933161563353997	-3.437138101194228e-14	5.940985589283601e-15	1.5933161563353997	2.973913617068004	312.6036082540676	19.396391745932387	12.168038488615236	NaN	0.12094483109860446	0.18189222611208528	-4.531359412895105	-0.6399845467449199	1.3117085908840578	0.2321468820395017	1	24.647096456979657	11	19	32	48	77	173	0.016834094732769513	1.009771869640393	34.05239268993951	1.0134908812444274	23.10690540216629	1.088581401805481	2.8534991422758282	1.088581401805481	0.5190122005009917	1.088581401805481	-0.018046260850549233	1.1484202168820297	NaN	NaN	800000009	800000009	800000009	800000009	800000009	800000019	899999999	899999999	89999	89999	89	89	2	0	1	23	6	0	5	NaN	0	0	0	0	0	0	0	0	0	NaN	NaN	NaN	NaN	0	0	0	0	0	0	0	0	16812	0	0	0	18000	18000	18000	18000	100	NaN	0.14731727976428372	0.1668712263467202	0.04959594611316664	0.10132536837814106	4.471694141797561	0.07636906200167656	8.718745153618667e-8	NaN	0.02897728824768405	0.07160402135602552	0.013023785477317827	-0.000018046260850549233	NaN	431.0330721579655	10.765345608607209	96052.82146744791	11.369999885559082	7.402833189381523	96.69107128715515	96.47702467261419	96.9051158565945	-0.42809191703713584	0.00027794279416169354	-1	0	2.1417701322038982	67.32517155901594	1.0001144120858776	-273.1499938964844	9.000626164860195	-273.1499938964844	084
DATA	2026-10-09T033000_AIU-0547.ghg	2026-10-09	04:00:00	282.166	0	18000	18000	0.011349103174595039	0	NaN	36.89735024638666	0	NaN	18.83493930286181	0	NaN	0.2145167053397393	1	NaN	0.4229250730574382	0	NaN	-0.005677530663777568	0	NaN	NaN	NaN	NaN	NaN	NaN	NaN	NaN	NaN	NaN	-7.07358912666939e-11	-1.7622964828790707e-12	-3.7183930163997645e-13	NaN	17.356190643944306	434.28669108606573	439.0369439844105	0.2	0	432.4078368176793	10.81971110502605	10.938057729711627	0.1	1	0.09123676386351387	2.12636761527334	2.1496259470037886	0	0	NaN	NaN	NaN	NaN	9	285.8482361763848	285.26716496700703	95660.89378515625	1.163482281218237	1011.2575015700857	0.024792902467149186	0.027405544734121993	0.007863992435396221	1035.300868830087	1409.1450424414832	0.00675901349108827	73.4701423663476	373.8441736113962	280.63620022126406	1.1932655293966143	0.4732321090314477	0.2823773162476109	1.3143698875871113	-3.629261720796805e-14	-4.0755424227478245e-15	1.3143698875871113	3.337964062228313	310.36742838730936	21.63257161269062	12.40605536014736	NaN	0.0987645035882102	0.21611978963253353	-2.206672489162995	-1.3141959281415558	1.9589842926003176	0.31752122654960413	1	19.519877237215173	9	15	25	37	58	128	0.011226708634452453	1.0109020857428315	37.5522462284751	1.0139678411245399	17.329427626804247	1.0868760185552186	0.19736998671191197	1.0868760185552186	0.38911988657145213	1.0868760185552186	-0.017964026326046996	1.147915975417167	NaN	NaN	800000009	800000009	800000009	800000009	800000009	800010009	899999999	899999999	89999	89999	89	89	10	3	0	36	6	0	2	NaN	0	0	0	0	0	0	0	0	0	NaN	NaN	NaN	NaN	0	0	0	0	0	0	0	0	16119	0	0	0	18000	18000	18000	18000	100	NaN	0.20218296831734153	0.18649821242755218	0.043558398520173326	0.10768185683188722	0.8606956344568252	0.06615012584420556	1.9161454123738235e-7	NaN	0.031916436051516846	0.004946913361213814	0.00975296395395736	-0.000017964026326046997	NaN	434.2866748136059	10.819643958885601	96057.89545377604	11.37605780198839	7.477717343754255	96.69400401814778	96.47899651739333	96.9090118660397	-0.43001555992994034	0.00027838865932103035	-1	0	2.1166493425038126	67.38264662975735	1.0001191223429309	-273.1499938964844	9.000683347887463	-273.1499938964844	110
DATA	2026-10-09T040000_AIU-0547.ghg	2026-10-09	04:30:00	282.187	0	18000	18000	0.008016569128757582	0	NaN	26.882366559832317	0	NaN	7.583365201324207	0	NaN	0.11313237371374633	1	NaN	0.17021593097157392	0	NaN	-0.002074081495034788	0	NaN	NaN	NaN	NaN	NaN	NaN	NaN	NaN	NaN	NaN	-5.637147004815857e-11	-1.382247193064452e-12	-2.9540450374592275e-13	NaN	17.400902536757332	434.8124260913884	439.498244430452	0.2	0	426.6759172267961	10.661745293513043	10.776643117551467	0.1	1	0.09118628579688567	2.1212684327246243	2.1441285855806256	0	0	NaN	NaN	NaN	NaN	9	285.42815087975396	284.88057375250924	95682.72545203993	1.1653969427063353	1011.1624384779815	0.024753654110381176	0.011029992326957989	0.007761466352572475	1020.4184908150777	1373.6651560982962	0.006659933682808933	74.28436881324367	353.2466652832185	280.4244495394055	1.2043236647033007	0.2398543296307235	0.2477083500092834	1.2527110662364451	-7.441826447597948e-14	-3.2395716215914985e-15	1.2527110662364451	2.9258905532275694	320.73629613377693	11.263703866223059	11.404703736742034	NaN	0.08293872098907971	0.23273248794274098	-1.7938696619114818	-1.6166168933978549	3.544912561396637	0.2750523513446422	1	21.055402647733672	9	16	27	40	62	135	0.007927552157990323	1.0112288092204524	27.015083492933545	1.0141295713897405	6.9789934733108	1.0865986951162308	0.1041160588745644	1.0865986951162308	0.1566502258254289	1.0865986951162308	-0.01076681313513036	1.1479105435641084	NaN	NaN	800000009	800000009	800000009	800000009	800000009	800010009	899999999	899999999	89999	89999	89	89	5	13	1	47	1	0	2	NaN	0	0	0	0	0	0	0	0	0	NaN	NaN	NaN	NaN	0	0	0	0	0	0	0	0	16911	0	0	0	18000	18000	18000	18000	100	NaN	0.18846139402006187	0.24298929227144087	0.034014289593979216	0.06937441232678418	1.2303926854008111	0.04496024858899915	4.6741085614369625e-8	NaN	0.022925114377622537	0.002605034573964645	0.003919465053765164	-0.00001076681313513036	NaN	434.81229668880167	10.661698518339026	96078.81656380209	11.390000343322754	7.266975756486263	96.71277521832783	96.4961831143697	96.92936829503377	-0.43318345355822	0.0002779803544528679	-1	0	2.11171597427792	67.31621732118391	1.0001117983063061	-273.1499938964844	9.000617247051663	-273.1499938964844	235
DATA	2026-10-09T043000_AIU-0547.ghg	2026-10-09	05:00:00	282.208	0	18000	18000	0.019195167582480566	0	NaN	35.05914174775361	0	NaN	4.165377398017978	0	NaN	0.16518469811450484	2	NaN	0.09348620713405775	0	NaN	-0.010311576944454375	1	NaN	NaN	NaN	NaN	NaN	NaN	NaN	NaN	NaN	NaN	1.3877925053021862e-10	3.4342313441961898e-12	7.279128880676284e-13	NaN	17.412385438600705	434.8211010133524	439.5507030604688	-0.1	0	430.8868913904896	10.760082998811104	10.877121731429456	0.1	1	0.09132993386499585	2.1236371432502126	2.14673620297073	0	0	NaN	NaN	NaN	NaN	9	285.3239055192736	284.7723599675496	95691.32433376736	1.165901036789075	1011.2150878469263	0.024742027736099945	0.006057906222286942	0.007836734362635453	1029.9227838961147	1363.875562555767	0.006721611968214768	75.51442464194768	333.95277865965227	280.55999103356487	1.1839464159865283	0.31334943239190177	0.2466932075417635	1.2493096178910268	1.3612237958514984e-14	7.97014579188934e-15	1.2493096178910268	2.394443837527874	317.1756975596106	14.824302440389351	11.388677850146758	NaN	0.1283113604712952	0.1935019689129169	-5.093481053641388	-0.5693552149225639	8.416798382887439	0.2317559757732599	1	17.150864350727677	8	14	23	34	55	126	0.01898166495696812	1.0112478344758724	34.91817754221753	1.014139251529084	3.8334579366488035	1.0865848711149124	0.15202190137712274	1.0865848711149124	0.08603672811874725	1.0865848711149124	-0.02074140421618457	1.1479113248827977	NaN	NaN	800000009	800000009	800000009	800000009	800000019	800011019	899999999	899999999	89999	89999	89	89	7	7	0	38	13	0	4	NaN	0	0	0	0	0	0	0	0	0	NaN	NaN	NaN	NaN	0	0	0	0	0	0	0	0	16217	0	0	0	18000	18000	18000	18000	99	NaN	0.18041670040695176	0.1631499712712571	0.04343726614762496	0.08457970575715103	2.6045784456102266	0.04322412632450819	1.1222198145919372e-7	NaN	0.029617359672580657	0.00380225363947308	0.0021518837723673665	-0.000020741404216184572	NaN	434.82111002965877	10.76003784515823	96088.61318619792	11.390000343322754	7.4027753909693725	96.6986591436598	96.47864024395412	96.91867680443657	-0.4400340935248464	0.0002777935543013478	-1	0	2.1139884455733826	67.33837198363409	1.0001180421014626	-273.1499938964844	9.000668949445089	-273.1499938964844	009
DATA	2026-10-09T050000_AIU-0547.ghg	2026-10-09	05:30:00	282.229	0	18000	18000	0.01209137045404351	0	NaN	38.91654015332905	0	NaN	4.466101203841323	1	NaN	0.6313580294754452	0	NaN	0.10021901679233046	1	NaN	-0.0065041761586392445	0	NaN	NaN	NaN	NaN	NaN	NaN	NaN	NaN	NaN	NaN	7.928347966187461e-11	1.968231458578761e-12	4.1924762859457166e-13	NaN	17.415876997736685	434.5937058478467	439.33362950536366	0.1	1	432.3533368095498	10.78889331293297	10.906563058178433	0.1	1	0.09209440809529691	2.1397376903259033	2.163074874373404	0	0	NaN	NaN	NaN	NaN	9	285.1519726342095	284.6003286963569	95705.00458311632	1.1667598023562429	1011.2279304493056	0.024723546517638802	0.006494192288143013	0.007863591119156018	1032.8280548588239	1348.439029442434	0.006739682926404979	76.59434592944761	315.6109745836102	280.60120313543257	1.3707451521025993	0.35022751067880054	0.26130034312610506	1.4387075625598318	-1.1992668837425537e-14	4.552367915332547e-15	1.4387075625598318	2.6805468077048547	317.66746922661923	14.332530773380808	10.464226616530105	NaN	0.10179982572190219	0.1916354992535664	-2.2917783864391854	-1.2653928569881616	8.713761371967273	0.32400870135842713	1	21.32065708040407	10	17	27	40	64	140	0.011967667931428696	1.0103363932993124	38.76768816367756	1.0137094145054606	4.10654839747126	1.0875559646615802	0.5805292325088831	1.0875559646615802	0.09215067550433238	1.0875559646615802	-0.01852515959832941	1.148053388526633	NaN	NaN	800000009	800000009	800000009	800000009	800000009	800010009	899999999	899999999	89999	89999	89	89	4	0	0	35	5	0	1	NaN	0	0	0	0	0	0	0	0	0	NaN	NaN	NaN	NaN	0	0	0	0	0	0	0	0	16515	0	0	0	18000	18000	18000	18000	99	NaN	0.16289340507820033	0.16935248781571977	0.05102510561321274	0.09069303380036613	1.0453824772382028	0.03530957759478146	1.1492333704165109e-7	NaN	0.03285786861922605	0.014509323012885395	0.00230314658052553	-0.000018525159598329408	NaN	434.59353811231296	10.78885533654813	96102.21332248264	11.390000343322754	7.444489161888741	96.68988882064818	96.46702236768934	96.91275359174941	-0.44573122419416883	0.0002774132154687929	-1	0	2.129969616174698	66.86761744636964	1.0001070413920614	-273.1499938964844	9.000663582086563	-273.1499938964844	208
DATA	2026-10-09T053000_AIU-0547.ghg	2026-10-09	06:00:00	282.249	0	18000	18000	0.01718118866451864	0	NaN	41.71412426182626	0	NaN	9.592292246347377	1	NaN	-1.395977959135998	1	NaN	0.21523123730795757	1	NaN	0.0013645898871212988	1	NaN	NaN	NaN	NaN	NaN	NaN	NaN	NaN	NaN	NaN	-2.2904245329771753e-10	-5.6818280707005716e-12	-1.2133249976354258e-12	NaN	17.37199205540193	433.18969064224115	437.8953506755419	0.1	1	430.9448780487439	10.746083570061506	10.862816301847385	0.1	1	0.09202604982642852	2.1371581267442914	2.160373682883115	-0.1	0	NaN	NaN	NaN	NaN	9	285.0522360610962	284.5073969209459	95737.78825824652	1.167559694274632	1011.2024413360871	0.02470701006399108	0.01394698417755565	0.007837631050816966	1029.08223982801	1340.1642957889983	0.006712831120541754	76.78776722089553	311.0820559609883	280.5480485465959	1.3463017200680665	0.2384870163399448	0.2744697930509975	1.3945386497757517	-4.927937264358281e-14	-1.3184581973516121e-14	1.3945386497757517	2.8827826008265607	321.9546992132191	10.045300786780953	11.350924121733255	NaN	0.12130733346446305	0.23394201777838863	-3.618645923915635	-0.8014047411585358	4.348712819681913	0.29125867575086833	1	19.27121913898691	9	15	25	37	60	134	0.017002250390989057	1.0105243876201482	41.81417178847437	1.0137917221863357	8.822140378257819	1.087297621106506	-1.2838968209231971	1.087297621106506	0.19795061915883164	1.087297621106506	-0.012418342948330672	1.1479871441648826	NaN	NaN	800000009	800000009	800000009	800000009	800000009	800010019	899999999	899999999	89999	89999	89	89	2	2	1	27	3	0	0	NaN	0	0	0	0	0	0	0	0	0	NaN	NaN	NaN	NaN	0	0	0	0	0	0	0	0	16119	0	0	0	18000	18000	18000	18000	98	NaN	0.18520159012848286	0.22550065994300386	0.05718178548529049	0.10531490691881779	2.9821547387713103	0.03337208124228437	1.627791164346105e-7	NaN	0.03541655343900843	-0.03206592724032963	0.004943909859174737	-0.000012418342948330672	NaN	433.18966054076583	10.746048119076208	96134.68669335937	11.351215935866039	7.391349537240152	96.6916134952969	96.46705790540906	96.9161640955607	-0.44910701270732706	0.0002774518119274742	-1	0	2.1274385037620864	66.84833269426561	1.0000970512429874	-273.1499938964844	9.000612066851723	-273.1499938964844	231
DATA	2026-10-09T060000_AIU-0547.ghg	2026-10-09	06:30:00	282.27	0	18000	18000	0.024983992696737498	0	NaN	36.320329759528725	0	NaN	-1.468021799294277	2	NaN	-0.5093090161761842	2	NaN	-0.032938823068182806	2	NaN	-0.003140608880499371	0	NaN	NaN	NaN	NaN	NaN	NaN	NaN	NaN	NaN	NaN	1.716098353742342e-10	4.294127695014653e-12	9.111811018872166e-13	NaN	17.354647847928828	432.51563917476403	437.2478301042291	0.1	1	434.2587579464962	10.82267447350616	10.941086288796345	0.1	1	0.09214639192710644	2.1397841849133057	2.163195748319844	-0.1	0	NaN	NaN	NaN	NaN	9	285.04554271358916	284.48978919474285	95786.91291102431	1.1681971171036645	1011.2447709062203	0.024692810692856882	-0.002134435734818246	0.007898031527472918	1036.94865316639	1338.6015321413256	0.006760872297865854	77.46507293381104	301.6528789749357	280.65947996099527	1.403889180659838	0.44312035892300494	0.29420955655102715	1.501272709147687	-3.2027494144082624e-14	9.888407813167744e-15	1.501272709147687	2.931958979123464	314.4823391535029	17.51766084649711	11.301594049567898	NaN	0.14624224892695478	0.24039011989281794	-7.284528724431034	-0.398103996799945	-24.741001650649206	0.2102347519444168	1	20.23638373776431	9	16	27	41	67	155	0.02473438429150612	1.0100915552329757	35.876191620269985	1.0136087184182718	-1.3493481987497553	1.0879488338551009	-0.46813691997947104	1.0879488338551009	-0.03027607736980192	1.0879488338551009	-0.014197027047502088	1.1481780376862196	NaN	NaN	800000009	800000009	800000009	800000009	800000009	800000019	899999999	899999999	89999	89999	89	89	5	2	0	20	4	0	1	NaN	0	0	0	0	0	0	0	0	0	NaN	NaN	NaN	NaN	0	0	0	0	0	0	0	0	15820	0	0	0	18000	18000	18000	18000	96	NaN	0.21367427008606898	0.2194498114817138	0.04765615821785305	0.1003549243899399	2.2155216679425527	0.028677061324594317	3.291662088339296e-8	NaN	0.03036923945664439	-0.011686125400066721	-0.0007557832370519781	-0.000014197027047502089	NaN	432.5155363338804	10.822643565458678	96183.81895225694	11.359086967256335	7.503144379748243	96.67362042617798	96.44667511198256	96.90056892691719	-0.4538949535340069	0.00027770452837770176	-1	0	2.1299690129359568	66.15374014833236	1.0001006642315122	-273.1499938964844	9.000557354132335	-273.1499938964844	178
DATA	2026-10-09T063000_AIU-0547.ghg	2026-10-09	07:00:00	282.291	1	18000	18000	0.018403268932694946	0	NaN	37.19994000427308	0	NaN	9.07131880534374	1	NaN	1.1026497997905629	1	NaN	0.20353298792866953	1	NaN	-0.001763369983242619	0	NaN	NaN	NaN	NaN	NaN	NaN	NaN	NaN	NaN	NaN	-1.5869325024772022e-10	-3.9657522510084905e-12	-8.464049847999669e-13	NaN	17.27810912426849	430.3652144885086	435.0440471799011	0.1	1	431.7808101212701	10.754848208410635	10.871772471093625	0.1	1	0.09215437750421103	2.1395971315750897	2.1628583447693783	-0.1	0	NaN	NaN	NaN	NaN	9	285.016334660848	284.4628889786123	95822.34035538619	1.1687697921153024	1011.2065867547486	0.024681347274516284	0.013188937617777785	0.007852179456842046	1030.8311608926351	1336.2171152080887	0.006718328544948744	77.14548400557675	305.38595431545355	280.57288763023496	1.4252273468275942	0.26477640349394627	0.29422746152997103	1.4791718402912974	4.492442425779113e-15	-9.184642202822e-15	1.4791718402912974	2.781137059950542	321.4756667678759	10.524333232124054	11.473439111372802	NaN	0.12548245219493798	0.18184495338701828	-4.494163571570602	-0.6452813641107682	4.100830408733878	0.25083629312691025	1	21.31101352988542	9	17	28	42	67	151	0.018217898138682385	1.010175202023935	37.32274361650129	1.013642264700208	8.339086126041156	1.087807305049408	1.0136444153962367	1.087807305049408	0.18710389880993225	1.087807305049408	-0.013866388758346079	1.148130056856889	NaN	NaN	800000009	800000009	800000009	800000019	800000019	800010019	899999999	899999999	89999	89999	89	89	0	0	1	45	11	0	0	NaN	0	0	0	0	0	0	0	0	0	NaN	NaN	NaN	NaN	0	20	0	0	0	0	0	0	16713	0	0	0	18000	18000	18000	18000	98	NaN	0.15105485864665108	0.1626983577046361	0.04993669042274941	0.09548270130010071	5.02732096310848	0.025208300291337048	2.1486206082770624e-8	NaN	0.03157945955511205	0.025290174779154833	0.004668195504154952	-0.000013866388758346079	NaN	430.3651717146923	10.754820737516066	96219.74573415799	11.380000114440918	7.416720389551579	96.68442550786337	96.45694737116496	96.91190054808723	-0.4549546271405288	0.00027709202876495607	-1	0	2.1298454951445263	66.52944342797332	1.0001010743677616	-273.1499938964844	9.000557537502713	-273.1499938964844	104
DATA	2026-10-09T070000_AIU-0547.ghg	2026-10-09	07:30:00	282.312	1	18000	18000	0.013030992415881898	0	NaN	33.61611351700684	0	NaN	8.681411575247754	1	NaN	-0.5462303215985315	1	NaN	0.19475209550885908	1	NaN	-0.0038540563384740585	0	NaN	NaN	NaN	NaN	NaN	NaN	NaN	NaN	NaN	NaN	8.4299591195124e-11	2.108253792952107e-12	4.4860606771463674e-13	NaN	17.322710266231	431.2490469932247	435.95083543896374	0.2	0	433.22475358699387	10.785134615018583	10.902721938798644	0.1	1	0.09218399311933255	2.138579779009197	2.161896119683672	0	0	NaN	NaN	NaN	NaN	9	284.841765832689	284.2884553994073	95842.20934592014	1.169715970585577	1011.2202562559943	0.024661099053548543	0.012619935788974067	0.007880757003999065	1033.9484009347468	1320.8459360794432	0.006737325301332632	78.27925821566515	286.89753514469635	280.61706824695386	1.5114812131135082	0.23662563901836625	0.28579990001933026	1.5563575211007943	-3.843143213269035e-14	4.866420433034555e-15	1.5563575211007943	2.674507537371631	323.1024420899022	8.897557910097836	10.581492411683813	NaN	0.10554764221849841	0.1901963889979465	-2.960093283623121	-0.9796988547774522	3.872194426635911	0.2692605851420942	1	24.647260890408504	11	19	32	47	74	164	0.012903316474330928	1.009894815941697	33.75691024365248	1.0135341389210293	7.976898383563652	1.0883191884624914	-0.5019026838718255	1.0883191884624914	0.17894758961660182	1.0883191884624914	-0.014646544858322329	1.148315046970842	NaN	NaN	800000009	800000009	800000009	800000009	800000009	800011009	899999999	899999999	89999	89999	89	89	1	4	2	58	40	0	0	NaN	0	0	0	0	0	0	0	0	0	NaN	NaN	NaN	NaN	0	0	0	0	0	0	0	0	16118	0	0	0	18000	18000	18000	18000	97	NaN	0.1715567624218265	0.16738068728856467	0.0414553282855018	0.09450065897560572	1.5661887815505449	0.03998400602135224	1.3450669974667812e-7	NaN	0.028538852629672217	-0.01251245652874614	0.0044611714739773	-0.00001464654485832233	NaN	431.2487495448645	10.785092806682314	96238.65751931423	11.373637191030715	7.459922518359328	96.67700136905248	96.44793089336818	96.90607324939305	-0.4581440634876482	0.0002767925549997017	-1	0	2.1287898484733367	66.33373845078157	1.0001056264936925	-273.1499938964844	9.000582779513465	-273.1499938964844	041
DATA	2026-10-09T073000_AIU-0547.ghg	2026-10-09	08:00:00	282.333	1	18000	18000	0.004575365580300268	1	NaN	29.781951276743197	0	NaN	24.492011870594993	1	NaN	0.18192648469396486	0	NaN	0.5495085745852506	1	NaN	-0.006217057179893546	0	NaN	NaN	NaN	NaN	NaN	NaN	NaN	NaN	NaN	NaN	-1.7269088631075062e-10	-4.258631365103919e-12	-9.185364666042852e-13	NaN	17.247351614818605	429.4145035923459	434.0104774811233	0.1	1	425.32709236127016	10.589545937810438	10.702884626226954	0.1	1	0.0917380282712172	2.1293960127592064	2.152186692607316	-0.1	0	NaN	NaN	NaN	NaN	9	284.9494011238946	284.4283680801392	95858.79004839409	1.1694296751212108	1011.1140803092005	0.024668968292051726	0.035608155633124236	0.007735370965245072	1015.3733508742164	1333.1626824285815	0.006614652535171305	76.16274924711678	317.78933155436516	280.35204721895354	1.420427586395661	0.0629635643019093	0.27994901007767087	1.4491205563606078	-7.132473250428273e-14	-1.0012603103793501e-14	1.4491205563606078	2.731075520428587	329.46190056335183	2.538099436648178	11.138742221407016	NaN	0.06254978846098644	0.20068279723648366	-0.6954596940933799	-4.169903769593029	1.215986315623964	0.40267348660220803	1	23.152714926684837	10	18	29	42	66	139	0.0045287473024221165	1.0102938571673494	30.82147558453756	1.013691400922855	22.51892791425	1.0876189116932349	0.1672704315252635	1.0876189116932349	0.5052399959924939	1.0876189116932349	-0.016597716768016454	1.1480717438283885	NaN	NaN	800000009	800000009	800000009	800000009	800000009	800010019	899999999	899999999	89999	89999	89	89	5	1	0	31	14	0	0	NaN	0	0	0	0	0	0	0	0	0	NaN	NaN	NaN	NaN	0	0	0	0	0	0	0	0	16413	0	0	0	18000	18000	18000	18000	99	NaN	0.18188838536192878	0.17587535878231328	0.04360185032872529	0.09782026481166484	2.690631862967695	0.07050648846265113	5.6321560070910784e-8	NaN	0.02606628614324107	0.0041705652100030985	0.012597183678994402	-0.000016597716768016455	NaN	429.41429614623365	10.589474992769576	96257.85253038195	11.369999885559082	7.193431372298125	96.71241655921935	96.48680632697211	96.93802549637688	-0.4512189293752111	0.0002763419911465867	-1	0	2.1198255648281843	66.66491789584691	1.000106259299649	-273.1499938964844	9.000589972760942	-273.1499938964844	236
DATA	2026-10-09T080000_AIU-0547.ghg	2026-10-09	08:30:00	282.354	1	18000	18000	0.025965396821916335	0	NaN	37.28379058775915	0	NaN	19.103085861096663	0	NaN	1.5649580682796844	1	NaN	0.4287709302277174	0	NaN	-0.00669667897449307	0	NaN	NaN	NaN	NaN	NaN	NaN	NaN	NaN	NaN	NaN	-6.415063103349001e-12	-1.6252424428426994e-13	-3.4057467988852616e-14	NaN	17.191103806861864	428.45625590531	433.1581210849538	0.1	1	435.5329183222002	10.854847111874143	10.973967855152443	0.1	1	0.09126729669885648	2.122658374658696	2.1459523594296703	-0.1	0	NaN	NaN	NaN	NaN	9	285.3631905076769	284.8411143527561	95894.29194661458	1.168049942643491	1011.269286784987	0.024695620319582737	0.027784356278756087	0.007920608827643874	1041.1970931836725	1370.0883119593216	0.006781053222534494	75.99488909548379	328.8912187756491	280.7193513207734	1.3325154618447403	0.08211102350077172	0.2897515701481045	1.3661243166852974	4.4853580293694144e-14	-3.7316179201875423e-16	1.3661243166852974	2.633572485430908	328.47383160367883	3.5261683963211308	12.245300257057858	NaN	0.14909626904062348	0.19317819706739636	-7.526023692151867	-0.38532964000952036	1.9517155950017164	0.21170204546680513	1	17.44115838892512	8	14	23	36	58	136	0.02569171266038596	1.0106526242585754	37.95170546444775	1.0138500124289216	17.571820629351656	1.0871432314297136	1.4395141532745335	1.0871432314297136	0.394401508312604	1.0871432314297136	-0.018977313779267247	1.1479544912297839	NaN	NaN	800000009	800000009	800000009	800000009	800000009	800000019	899999999	899999999	89999	89999	89	89	4	1	1	31	7	0	0	NaN	0	0	0	0	0	0	0	0	0	NaN	NaN	NaN	NaN	0	0	0	0	0	0	0	0	17109	0	0	0	18000	18000	18000	18000	97	NaN	0.19499159525113346	0.14859366096566776	0.04277113791799145	0.12024722926629813	3.8851923373337587	0.054230632666946325	8.811197311420203e-8	NaN	0.032129433406682964	0.03593992197841471	0.009846905224710746	-0.000018977313779267246	NaN	428.4563823822664	10.854791623061548	96295.9020703125	11.369999885559082	7.562119573089799	96.67117496617635	96.44547804641724	96.89687355740865	-0.4513946226454439	0.0002775085529752283	-1	0	2.1128786170946228	66.65389216977576	1.0000968459281656	-273.1499938964844	9.000574509779613	-273.1499938964844	057
DATA	2026-10-09T083000_AIU-0547.ghg	2026-10-09	09:00:00	282.374	1	18000	18000	0.024121539303017372	0	NaN	35.08598782722339	0	NaN	19.57944702018627	1	NaN	1.2078418437958336	0	NaN	0.43982637939362074	1	NaN	-0.009803577005060859	1	NaN	NaN	NaN	NaN	NaN	NaN	NaN	NaN	NaN	NaN	2.646334374735465e-10	7.116921088729808e-12	1.4114744578949858e-12	NaN	16.935621137223432	423.1341298166839	428.00463444834656	0.1	1	455.45823828212264	11.379560499246145	11.510545447545812	0.1	1	0.09032946437906902	2.109555827038516	2.133837965259778	-0.1	0	NaN	NaN	NaN	NaN	9	286.3040121078491	285.7032210540771	95926.6560529514	1.1646863042877342	1011.5775656550222	0.024762007533468217	0.028500749384706623	0.008281222087212457	1091.8959970440237	1450.129716302018	0.007110259695443789	75.29643622699301	358.2337192579944	281.4176781948279	1.4598170394135963	0.1266061441293567	0.3150109773144166	1.4987751065861112	-5.457575217366401e-15	1.5625847751866555e-14	1.4987751065861112	2.7990142290096887	327.0432884137283	4.956711586271607	12.132839340424882	NaN	0.1439123367518855	0.22374457269454556	-7.194426095774353	-0.4030898311268101	1.7919805289214752	0.2069319382296206	1	20.573080300700504	9	16	27	42	68	157	0.023880327234272893	1.0101008694888525	35.820737531475395	1.0136123957191945	17.99692361969749	1.0879329953235295	1.11021712641103	1.0879329953235295	0.4042770844199143	1.0879329953235295	-0.021088060981072177	1.1481724844657974	NaN	NaN	800000009	800000009	800000009	800000009	800000009	800000009	899999999	899999999	89999	89999	89	89	6	1	2	16	5	0	0	NaN	0	0	0	0	0	0	0	0	0	NaN	NaN	NaN	NaN	0	0	0	0	0	0	0	0	16614	0	0	0	18000	18000	18000	18000	94	NaN	0.21241422649988442	0.18200801895110635	0.05306689993810031	0.21502291006844662	3.6655558729802067	0.15817503615595813	1.819872283556624e-7	NaN	0.03040369490109417	0.027807729469429835	0.010125972232639424	-0.000021088060981072177	NaN	423.1343113193316	11.379404427919193	96331.03699001737	11.373028288205465	8.255969967285886	96.6134126962026	96.3888392993079	96.83798577690126	-0.44914654105405105	0.0002778036115956234	-1	0	2.0993749119639387	66.70895958511213	1.000116100847721	-273.1499938964844	9.00064908615748	-273.1499938964844	228
DATA	2026-10-09T090000_AIU-0547.ghg	2026-10-09	09:30:00	282.395	1	18000	18000	0.007892658965781311	0	NaN	24.54807112340567	1	NaN	15.180440004629464	1	NaN	-1.0587572000758927	2	NaN	0.34137941411673295	1	NaN	-0.004996742417743328	1	NaN	NaN	NaN	NaN	NaN	NaN	NaN	NaN	NaN	NaN	-9.639157734252744e-11	-2.758542271413445e-12	-5.161105080190461e-13	NaN	16.58222233783236	415.7434347517153	420.74941902650306	0.3	0	474.55143420197345	11.897780599127536	12.041042278340045	0.1	1	0.08878637979386585	2.0846786861517606	2.109780390348468	0	0	NaN	NaN	NaN	NaN	9	287.3819519475302	286.8357406463622	95953.30357617188	1.1601816402608887	1011.8881226151992	0.024853259438230135	0.022121386034764295	0.008626555024004138	1141.9375842362442	1561.509978763786	0.007435521063808849	73.13034176959226	419.57239452754175	282.07945458341237	0.8478127266292952	-0.1845785671357337	0.24511897324258253	0.9016312871256901	-2.4131454889886327e-14	-5.812946864342178e-15	0.9016312871256901	2.0357066326689113	344.28228968279774	347.71771031720226	15.775076204074928	NaN	0.08248000424328926	0.09556926988511537	-1.9364148211300491	-1.4976129950852286	1.6170856125329325	0.25351882392766123	1	14.518586327503137	7	11	19	28	44	96	0.0077837580057660795	1.0139907946694333	25.10412576872014	1.0156890515000643	13.977579943220194	1.0860563893245851	-0.9748639301632674	1.0860563893245851	0.3143293639928178	1.0860563893245851	-0.012995218390510531	1.1489915587678503	NaN	NaN	800000009	800000009	800000009	800000009	800000009	800010009	899999999	899999999	89999	89999	89	89	2	8	1	14	0	0	0	NaN	0	0	0	0	0	0	0	0	0	NaN	NaN	NaN	NaN	0	0	0	0	0	0	0	0	17703	0	0	0	18000	18000	18000	18000	93	NaN	0.06189552331407549	0.10690837149374548	0.022334644962409785	0.20195966645212288	5.282697988872986	0.08646707470575214	9.69688925282072e-8	NaN	0.021383885249033955	-0.024520362320016	0.007906200706013668	-0.000012995218390510532	NaN	415.7449996086075	11.897693385322308	96364.03990733507	11.380000114440918	8.922648545318143	96.55059704250758	96.33092023658753	96.77027383401656	-0.43935488159457836	0.00027869323979636353	-1	0	2.0741870402693743	66.87982775281976	1.000133943658736	-273.14999389662415	9.000785219351451	-273.1499938964844	165
DATA	2026-10-09T093000_AIU-0547.ghg	2026-10-09	10:00:00	282.416	1	18000	18000	0.009551876006226053	0	NaN	9.025669152723724	0	NaN	10.958472992944053	0	NaN	-0.3877217908266652	2	NaN	0.24673664817191135	0	NaN	-0.003464740690884224	0	NaN	NaN	NaN	NaN	NaN	NaN	NaN	NaN	NaN	NaN	6.111177385732099e-11	1.925290366238726e-12	3.3621172414976917e-13	NaN	16.24754782877817	409.15209843794804	414.4949782391815	0.1	0	511.86940478577105	12.890095373243234	13.05841964792887	0.1	1	0.08938729354302558	2.11184803623383	2.139425434123626	-0.1	0	NaN	NaN	NaN	NaN	9	288.7577081875272	288.10720012919114	95969.82495138889	1.154825028093412	1012.4670266580978	0.024959129216786488	0.015988534801539854	0.009306395290804651	1237.392024879234	1695.4491852176895	0.008058705920297973	72.9831383722867	458.05716033845556	283.2738701164013	0.9140073668551429	-0.15729546757898136	0.2426610682042514	0.9586635096885447	2.499521190530148e-14	3.761292134747736e-15	0.9586635096885447	1.9472969803504805	341.76462951134926	350.23537048865074	14.662471869448076	NaN	0.09094655319798968	0.141065623815802	-7.0629661006406055	-0.4105923713462213	0.823624711082938	0.08487818606084852	1	20.817219363784442	9	16	28	42	68	158	0.009425554998733902	1.0134019702297763	9.538975984627182	1.0153378697131663	10.090759539350314	1.0859908959489097	-0.3570212165433342	1.0859908959489097	0.22719955488790677	1.0859908959489097	-0.006646304299595996	1.1486500582259367	NaN	NaN	800000009	800000009	800000009	800000009	800000009	800010009	899999999	899999999	89999	89999	89	89	10	0	0	33	6	0	2	NaN	0	0	0	0	0	0	0	0	0	NaN	NaN	NaN	NaN	0	0	0	0	0	0	0	0	17901	0	0	0	18000	18000	18000	18000	93	NaN	0.09309412862690479	0.16681432675520305	0.022222792249496175	0.1742935813988039	12.795600679070366	0.1424213448426175	3.729797472801223e-7	NaN	0.00815839408000821	-0.009027333074325862	0.005744773591243336	-0.000006646304299595996	NaN	409.15312326481006	12.889953713740551	96379.96579578993	11.380000114440918	10.115140141010327	96.38850080892774	96.16700479825336	96.60999748251172	-0.4429951683407033	0.00027989386820182616	-1	0	2.1003785624490856	67.05559497826187	1.0001568571362232	-273.55374391343855	9.000962311161889	-273.1499938964844	116
DATA	2026-10-09T100000_AIU-0547.ghg	2026-10-09	10:30:00	282.437	1	18000	18000	0.03220697225321277	1	NaN	23.773618508222274	1	NaN	-3.728658034250012	2	NaN	-7.987963059420092	1	NaN	-0.0840631812187249	2	NaN	0.010839456319524064	2	NaN	NaN	NaN	NaN	NaN	NaN	NaN	NaN	NaN	NaN	-3.0527982671244445e-10	-9.939057701624231e-12	-1.7020726439256615e-12	NaN	15.990190730971646	404.5086308228146	409.9069704171409	0.3	0	520.5959071930566	13.169670154261391	13.345424999574217	0.1	1	0.08915252117191752	2.119661956954755	2.1479497466257453	0	1	NaN	NaN	NaN	NaN	9	290.05798211246065	289.47037039777956	95980.08892534723	1.1493875511680802	1012.6509582441955	0.025074540838975708	-0.005447294142973373	0.009464478802222702	1264.3651741473677	1850.1545983499948	0.008234366896182493	68.33835265847264	585.7894242026271	283.59665472582117	0.9117437091429924	0.08204880091293795	0.27515528461782934	0.9558865139472732	5.279096886760626e-14	-1.9091693892127457e-14	0.9558865139472732	1.841775574796706	326.85774242412793	5.142257575872015	16.729492126892378	NaN	0.16739470064137255	0.13444571116394355	-16.722589816812107	-0.17341811476380745	-6.375918169445146	0.12201895949611266	1	9.861532965361553	4	8	14	22	37	96	0.0317801958689537	1.0134290042144136	23.30303130128167	1.0153538065887524	-3.4334109960916583	1.0859923377930694	-7.355450661514851	1.0859923377930694	-0.07740679035503722	1.0859923377930694	0.002882626696634534	1.1486651852512524	NaN	NaN	800000009	800000009	800000009	800000009	800000009	800000009	899999999	899999999	89999	89999	89	89	2	1	2	19	9	0	0	NaN	0	0	0	0	0	0	0	0	0	NaN	NaN	NaN	NaN	0	0	0	0	0	0	0	0	17901	0	0	0	18000	18000	18000	18000	93	NaN	0.12745746767002283	0.12238802563413659	0.01904592902372768	0.12906854774032048	21.01581933728768	0.23114393424540527	2.0538851153829025e-7	NaN	0.020021017787252803	-0.18689657447546615	-0.0019668494323796504	0.000002882626696634534	NaN	404.5077959126266	13.169443160906418	96391.76240820313	11.380000114440918	10.435052179124575	96.31170347510444	96.09691216362847	96.5264908197191	-0.42958060907158385	0.0002815522467620514	-1	0	2.107954190512496	67.04893370727251	1.0001742733601067	-273.1499938964844	9.001065902656979	-273.1499938964844	028
DATA	2026-10-09T103000_AIU-0547.ghg	2026-10-09	11:00:00	282.458	1	18000	18000	0.011591350737419622	1	NaN	13.28398531856491	1	NaN	-23.654995027151234	2	NaN	-2.0765199347652312	0	NaN	-0.5341817638081973	2	NaN	-0.004608205824936281	0	NaN	NaN	NaN	NaN	NaN	NaN	NaN	NaN	NaN	NaN	-7.147358513408672e-11	-2.2440104885457446e-12	-4.074395761864168e-13	NaN	15.688831164781051	398.9744149285015	404.0355029514918	0.1	1	492.5722086102808	12.526344803906825	12.685244551075476	0.1	1	0.08943514878463944	2.1423292672715064	2.1695052379357715	-0.4	0	NaN	NaN	NaN	NaN	9	291.3480697699654	291.17390127309153	96002.03896397569	1.143203727791288	1012.3290304638591	0.02521633749979919	-0.03461497829477118	0.008951527446669579	1202.877214493471	2060.796006326255	0.00783021191154114	58.36954316685712	857.9187918327839	282.8516709088437	0.47548529161758457	-0.02550437016887273	0.19880277413776754	0.5160031767801884	2.2405192202135242e-14	-4.555698533778197e-15	0.5160031767801884	1.450668792248927	335.07032369056606	356.929676309434	22.660771567841987	NaN	0.10069437429869975	0.09123560426182627	-6.514782627612332	-0.4451414829573293	-0.561572103621985	0.11399291412677942	1	7.0940394830180065	3	6	10	15	25	59	0.011350269639927153	1.0212401207319703	11.738042803418784	1.0202798586921482	-21.708326806688472	1.0896738029511783	-1.9056344468788404	1.0896738029511783	-0.4902217180604559	1.0896738029511783	-0.006792686550151332	1.1548320380079677	NaN	NaN	800000009	800000009	800000009	800000009	800000009	800001119	899999999	899999999	89999	89999	89	89	2	0	1	0	16	1	2	NaN	0	0	0	0	0	0	0	0	0	NaN	NaN	NaN	NaN	0	0	0	0	0	0	0	0	15009	0	0	0	18000	18000	18000	18000	93	NaN	0.052351616863325096	0.11046179874577744	0.01965779291454999	0.15446068663546614	4.719194847834348	0.8151815668421213	1.7386698037175692e-7	NaN	0.010142624927897638	-0.04866285254392153	-0.012518448760661268	-0.000006792686550151332	NaN	398.9747236150106	12.525555825457294	96421.17901888021	11.380000114440918	9.66604858363992	96.22814513291254	96.02276040183173	96.43353094757927	-0.4107756547157967	0.0002826399136166503	-1	0	2.1310937206877614	67.41765152523254	1.0001511237538523	-300.20124503241794	9.001077085998324	-273.1499938964844	050
DATA	2026-10-09T110000_AIU-0547.ghg	2026-10-09	11:30:00	282.479	1	18000	18000	0.022320423343026023	1	NaN	-6.0276431851457195	2	NaN	51.32290446094653	1	NaN	-0.40852826160945416	2	NaN	1.1604496554601833	1	NaN	0.008908812380380483	1	NaN	NaN	NaN	NaN	NaN	NaN	NaN	NaN	NaN	NaN	9.545302333749911e-11	2.4316402194759e-12	5.351762760614516e-13	NaN	15.8237373736254	404.3440046691066	408.552320433614	0.1	1	403.1054740307568	10.300555287609095	10.407761005264039	0.1	1	0.08871891685451072	2.135888272218837	2.158118086890037	0	1	NaN	NaN	NaN	NaN	9	292.1231599706014	292.4835365871853	96008.47043033854	1.1391235965799928	1011.1259856601703	0.02532805816284979	0.07519713767381987	0.007328473753084155	989.2058305823043	2236.734824297823	0.00643343160925341	44.225440576884	1247.5289937155185	279.971347668754	0.31187743415489544	0.015493446763510454	0.1568463901951743	0.34944008205254756	2.893879293887398e-14	6.032267920257433e-15	0.34944008205254756	1.572883375342146	329.15599837695083	2.8440016230490666	26.669963470123385	NaN	0.13997993567615705	0.127036242332718	38.55972987819145	0.07520799572924855	-0.11744548069629171	-0.037385709420964405	1	1.8705105810826481	1	2	3	6	12	43	0.021986437743429045	1.0151905280652749	-3.090190026344451	1.0174413976908772	46.34027201220651	1.1075227276919641	-0.36886670710659974	1.1075227276919641	1.0477885703334657	1.1075227276919641	0.006487825417996559	1.1968913578426172	NaN	NaN	800000009	800000009	800000009	800000009	800000009	800001009	899999999	899999999	89999	89999	89	89	4	0	0	5	7	0	0	NaN	0	0	0	0	0	0	0	0	0	NaN	NaN	NaN	NaN	0	0	0	0	0	0	0	0	11168	0	0	0	18000	18000	18000	18000	93	NaN	0.08678287827617444	0.130391913637681	0.0368976927515806	0.11464945278769562	2.318019335705844	0.501105061016823	1.1612787975437307e-7	NaN	-0.002682928299891108	-0.009439940119745346	0.026814730555889007	0.000006487825417996559	NaN	404.34488255922383	10.30006681595172	96422.0903296441	11.383029072655571	6.789402723683213	96.16821633656818	95.96800546985202	96.36842951032851	-0.40042867711020874	0.0002843350162470921	-1	0	2.1266975064675018	67.87944311445729	1.000142937603924	-273.1499938964844	9.00107463505533	-273.1499938964844	135
DATA	2026-10-09T113000_AIU-0547.ghg	2026-10-09	12:00:00	282.499	1	18000	18000	0.045103071047819944	1	NaN	45.439143028080004	1	NaN	58.24622995961797	0	NaN	-3.047983182259772	2	NaN	1.3178739847717755	0	NaN	0.06583133727384398	2	NaN	NaN	NaN	NaN	NaN	NaN	NaN	NaN	NaN	NaN	7.149853567332706e-10	1.925671099403054e-11	4.040955883828657e-12	NaN	15.705984966885573	402.56772486020924	406.98035333204166	0.1	1	423.00952115405755	10.84236237868775	10.961207765388174	0.1	1	0.08876712196350266	2.1442886856999563	2.1677926794928846	0	1	NaN	NaN	NaN	NaN	9	292.7757724168565	293.17716171424064	96010.38801200614	1.1362175136722095	1011.4420843825432	0.02538761662110343	0.08539823421321105	0.007695853310197936	1041.2586506540476	2335.1385146255975	0.006773221867814065	44.59087305238495	1293.8798639715499	280.72021723755597	0.2786692931080354	0.0753390370679928	0.17298716130047437	0.33653692724940065	1.1250279404489628e-14	4.552311480246176e-14	0.33653692724940065	1.9933091281342328	316.8715835030242	15.128416496975753	30.932062201970194	NaN	0.19923806595440105	0.12380443468798705	-14.751071857063335	-0.19659588320772617	0.7801216157609324	0.19845192486089033	1	0.9862193326358082	1	1	1	2	4	11	0.043800627156714705	1.0297357361218873	47.7315926794834	1.0258498000234881	53.14725706986809	1.0959404712654635	-2.781157610449698	1.0959404712654635	1.2025050806364048	1.0959404712654635	0.04196074519998767	1.1628498644595608	NaN	NaN	800000009	800000009	800000009	800000019	800000019	800110019	899999999	899999999	89999	89999	89	89	8	7	2	6	7	0	0	NaN	0	0	0	0	0	0	0	0	0	NaN	NaN	NaN	NaN	0	4	0	0	0	0	0	0	9872	0	0	0	18000	18000	18000	18000	93	NaN	0.0929769021396379	0.09959240499129574	0.05503956224504046	0.13541119799936946	3.247141577749977	0.47054635613765067	3.1549943320028633e-7	NaN	0.041533968266425365	-0.0713811106467634	0.030863460557463022	0.00004196074519998767	NaN	402.5675981759935	10.841903887441998	96419.21068945313	11.390000343322754	7.541214783562576	96.06239839511446	95.85983689795599	96.264960422092	-0.40512329047587176	0.00028514838385550927	-1	0	2.1346181053535798	67.71813830918293	1.000130348296629	-273.1499938964844	9.001083828051884	-273.1499938964844	218
DATA	2026-10-09T120000_AIU-0547.ghg	2026-10-09	12:30:00	282.52	1	18000	18000	0.06268833315251277	1	NaN	38.468637588476824	0	NaN	47.764043187186616	1	NaN	-0.6041659260856725	1	NaN	1.0814202783370228	1	NaN	-0.0005363696017871497	0	NaN	NaN	NaN	NaN	NaN	NaN	NaN	NaN	NaN	NaN	-5.572497356261993e-11	-1.44825557925955e-12	-3.15112483601518e-13	NaN	15.79330952525806	406.0276263500638	410.35788367230236	0.1	1	410.45777454205773	10.55239217896087	10.66493273170809	0.1	1	0.08930769582508884	2.1638234691627876	2.1869005009046996	-0.2	0	NaN	NaN	NaN	NaN	9	293.49614067416724	293.8616916775174	96009.33820030381	1.133683182871902	1011.2988704184451	0.025447171602305124	0.07007603403623908	0.007472504736271856	1013.3999504440936	2435.945250521397	0.0065913518425334125	41.60191819693741	1422.5453000773036	280.323640754326	-0.5491652604342121	-0.0836464431468046	0.149253216877489	0.5752006028049288	-1.4722120342858383e-14	-3.528391150284215e-15	0.5752006028049288	2.0078952114625057	143.33952333176217	188.66047666823778	15.039226393380115	NaN	0.23515136767332157	0.1614616787527872	-28.64543383924177	-0.10123777549590646	0.8053890546434432	0.1426882034966437	0	77.11018408944504	-11.701767928567465	26.469430915919247	65.91262558321985	100.52091285119025	140.98200954735057	211.21674058765834	0.061487471656983046	1.0195301817291968	40.59125921261768	1.0191731728091846	43.8779854848099	1.0885650892911212	-0.5550113006830931	1.0885650892911212	0.9934364871477267	1.0885650892911212	-0.015481472808574386	1.1533083956624113	NaN	NaN	800000009	800000009	800000009	800000009	800000019	800000119	899999999	899999999	89999	89999	89	89	0	17	0	8	4	2	0	NaN	0	0	0	0	0	0	0	0	0	NaN	NaN	NaN	NaN	0	0	0	0	0	0	0	0	11521	0	0	0	18000	18000	18000	18000	93	NaN	0.17372283348424936	0.09299192950704986	0.05620859451427516	0.14667430513061788	3.225937807109749	0.44680525152473516	4.417942374751409e-8	NaN	0.03540473088558028	-0.014274134478636118	0.02554983294227991	-0.000015481472808574386	NaN	406.02703903709414	10.551956179804417	96409.43499131945	11.377273385365802	7.144136318021375	96.00101125632392	95.79925666554769	96.20276709153917	-0.40351059045477033	0.0002854698106336097	-1	0	2.154314284178946	68.19468659529156	1.0001177127990457	-273.1499938964844	9.001040898985332	-273.1499938964844	148
DATA	2026-10-09T123000_AIU-0547.ghg	2026-10-09	13:00:00	282.541	1	18000	18000	0.2773139800800287	1	NaN	85.74049706705685	1	NaN	283.40516285517305	1	NaN	-8.074450351068961	2	NaN	6.419037715770062	1	NaN	0.11105218944625954	1	NaN	NaN	NaN	NaN	NaN	NaN	NaN	NaN	NaN	NaN	4.148752312301466e-10	9.829245394143872e-12	2.3287933236686493e-12	NaN	15.855446921930223	408.2647527563017	412.25231671636664	0.1	1	375.64806693176905	9.672629596908962	9.76710316808868	0.1	1	0.08900039374751345	2.1595858937189027	2.1806787919432042	0	1	NaN	NaN	NaN	NaN	9	293.8723923348321	294.2634463002665	95980.44161871841	1.1321726472799207	1010.8241834776759	0.025489633630350894	0.4159536439819	0.006838104888067171	928.6322893074462	2496.8647676149544	0.006039807536859265	37.19193371431528	1568.2324783075082	279.054794379764	0.06626903229647219	-0.1263288614752927	0.18336551059861547	0.23232192397670132	6.254384776115409e-14	2.6166101357655088e-14	0.23232192397670132	3.2793042336456826	34.319594944890696	297.6804050551093	52.11765965335166	NaN	0.4949137876118053	0.5190381192765459	-119.77608996590209	-0.024211843956716012	0.3025368211477232	0.15137988191188778	0	64.83971992895712	-9.839677652459716	22.257377641275905	55.42401737286459	84.52512353898584	118.54768759815522	177.60603823906033	0.26667504840945383	1.039894739811727	99.21172271444468	1.0325898751367995	256.6859078110572	1.1040931902805646	-7.31319640601817	1.1040931902805646	5.813855000897977	1.1040931902805646	0.055570124493642035	1.1729038796376225	NaN	NaN	800000009	800000009	800000009	800000019	800000019	800111019	899999999	899999999	89999	89999	89	89	4	22	5	24	30	8	3	NaN	0	0	0	0	0	0	0	0	0	NaN	NaN	NaN	NaN	0	1	0	0	0	0	0	0	9374	0	0	0	18000	18000	18000	18000	93	NaN	0.25614611372443297	0.39791941409382975	0.38401071073482884	0.15630977469974042	0.8458171045961153	0.8372028006686342	6.314422763896755e-8	NaN	0.08669113895838583	-0.18823188271884184	0.14964084265162306	0.00005557012449364204	NaN	408.2661689899453	9.671810960867655	96379.28435633681	11.369999885559082	5.84476617945571	95.96911393568251	95.7703510407342	96.16787276564705	-0.39751997265550804	0.0002860478598417507	-1	0	2.1509038818081216	67.95604439152612	1.000116751068168	-273.1499938964844	9.00101030702061	-273.1499938964844	030
DATA	2026-10-09T130000_AIU-0547.ghg	2026-10-09	13:30:00	282.562	1	18000	18000	0.07787068736011123	1	NaN	-6.589947141860628	0	NaN	149.62447500005658	1	NaN	-0.2393811859250513	2	NaN	3.389567997923105	1	NaN	-0.007577615328847034	1	NaN	NaN	NaN	NaN	NaN	NaN	NaN	NaN	NaN	NaN	-8.265894439612501e-11	-1.8849762464995968e-12	-4.631700790131532e-13	NaN	15.785965091878445	407.15463830476324	410.970441795242	0.1	1	359.9872880503134	9.28486115402887	9.371877737574788	0.7	0	0.08845487626680819	2.1479042409110134	2.1680341368488496	-0.1	0	NaN	NaN	NaN	NaN	9	294.14630544789634	294.45276927046405	95953.37850980321	1.1312921337999902	1010.6157905804043	0.025513226962243195	0.2196440062654172	0.006557900382806363	891.1527749183739	2526.031392822077	0.005796823107731238	35.27876880115808	1634.8786179037033	278.46088242528754	0.5850308661813972	-0.22025679148310962	0.20923635427960863	0.6592071150492924	-1.4937952475117487e-14	-5.236230025533969e-15	0.6592071150492924	3.2190262059142625	352.6307271928445	339.3692728071555	18.50612864798644	NaN	0.2623612071231517	0.3765922109976974	232.09795758350535	0.012494724340504477	-0.044043243205084834	-0.021969565289990802	0	70.043811926988	-10.629418690676326	24.043774020023776	59.8723969405875	91.30918305564887	128.06242753056978	191.8608524704383	0.07652365190365056	1.01760286425113	2.047767687834795	1.0179379706782132	137.5928007546602	1.0874440681445965	-0.2201319524722636	1.0874440681445965	3.117004448519735	1.0874440681445965	-0.014389104431751789	1.1516647063517782	NaN	NaN	800000009	800000009	800000009	800000019	800010019	800011019	899999999	899999999	89999	89999	89	89	13	0	0	19	11	1	3	NaN	0	0	0	0	0	0	0	0	0	NaN	NaN	NaN	NaN	0	18	0	0	0	0	0	0	8419	0	0	0	18000	18000	18000	18000	93	NaN	0.24397792953473613	0.42023274855198384	0.08897374390867487	0.04002454626774265	3.1699699501035306	0.8948865611193549	5.451944081615592e-8	NaN	0.0017911000204610655	-0.005668925772589762	0.08027034082531419	-0.000014389104431751789	NaN	407.15567995846374	9.283989459897288	96351.82894184027	11.369999885559082	5.24436820646123	95.92346419186063	95.72448056242202	96.12244762674968	-0.39797202336457044	0.0002863740442424184	-1	0	2.1396053437656826	67.83982892789751	1.0001051745216052	-273.1499938964844	9.000918264230092	-273.1499938964844	156
DATA	2026-10-09T133000_AIU-0547.ghg	2026-10-09	14:00:00	282.583	1	18000	18000	0.043378303604422054	0	NaN	-1.3752515906382767	2	NaN	23.834332431345484	1	NaN	0.2580207736917891	2	NaN	0.5401233815550897	1	NaN	-0.012856045020803052	1	NaN	NaN	NaN	NaN	NaN	NaN	NaN	NaN	NaN	NaN	-3.9090039150568237e-11	-8.381392729932043e-13	-2.2060911332901074e-13	NaN	15.804548054382856	408.4974500098436	412.10696953019465	0.1	1	338.8692542686812	8.758695647554784	8.836088255297872	0.6	0	0.08919477720176344	2.1689266266342924	2.1880914537264986	0.8	0	NaN	NaN	NaN	NaN	9	294.3420088941786	294.80559727647574	95927.95464474827	1.129864339725343	1010.3360474439256	0.025550568078236448	0.034999995124769805	0.006177228537147124	840.4291345898067	2581.1828685073983	0.005467230285937459	32.55984474574618	1740.7537339175915	277.6209416005321	0.6717776746368828	0.020539771116851676	0.20846979068930088	0.7036808793538007	5.86733272486063e-14	-2.4733411557268752e-15	0.7036808793538007	3.169570389928329	330.2487127437073	1.751287256292521	17.232877131527488	NaN	0.19594001235692693	0.27587869466375126	463.1545400441243	0.006261408988290862	-0.05770044512887755	-0.006148467399683683	1	4.411373366181034	2	4	7	13	25	88	0.04294082754520628	1.0101878814225278	-0.0036871699068318255	1.0131764421872667	21.856770301668085	1.0904782409469929	0.2366124916602818	1.0904782409469929	0.4953087198567446	1.0904782409469929	-0.012681942224485472	1.165126890659438	NaN	NaN	800000009	800000009	800000009	800000009	800011009	800011109	899999999	899999999	89999	89999	89	89	4	3	6	19	25	14	0	NaN	0	0	0	0	0	0	0	0	0	NaN	NaN	NaN	NaN	0	0	0	0	0	0	0	0	6712	0	0	0	18000	18000	18000	18000	93	NaN	0.2374663998012602	0.27200558278967896	0.04228540673656337	0.017412838846799762	0.516391048204726	0.48201266185486447	1.8154000852592056e-7	NaN	-0.0000032299886811330845	0.006099017342174842	0.012767273827934583	-0.000012681942224485472	NaN	408.49765999064556	8.758106010787195	96327.13140668403	11.37605780198839	4.429042515436834	95.88914039378696	95.69124104626974	96.08703905465867	-0.3958052388123341	0.0002868939723185678	-1	0	2.161024234394232	67.74753366666371	1.0000789892226458	-397.94912413701485	9.000614794307285	-322.6497459750638	091
DATA	2026-10-09T140000_AIU-0547.ghg	2026-10-09	14:30:00	282.604	1	18000	18000	0.06639968113896133	1	NaN	1.4865561888577712	1	NaN	80.67850416390012	1	NaN	-1.134011575748853	1	NaN	1.8287478262569152	1	NaN	-0.002026310483233964	1	NaN	NaN	NaN	NaN	NaN	NaN	NaN	NaN	NaN	NaN	-1.5428934395665336e-10	-3.5224350414405386e-12	-8.716631839000962e-13	NaN	15.790823576944842	408.6254288271836	412.47336947101314	0.1	1	360.50545601038164	9.328943220660246	9.416791937970343	0.8	0	0.08921082430262608	2.1723833281499605	2.1928402099606643	0.2	0	NaN	NaN	NaN	NaN	9	294.50427532958986	295.05775645616325	95895.62919661458	1.1282741865713606	1010.6557045724489	0.02558104272038234	0.1185028591414481	0.006571567920594736	894.8448481735643	2621.2407273874114	0.005824442319791653	34.13821702158029	1726.3958792138471	278.52035759068514	0.4450884188761249	0.4101362318682645	0.22593227042707845	0.6460346895709834	-1.709103843361152e-15	-9.770823111590027e-15	0.6460346895709834	2.527030052062723	289.34031952008985	42.65968047991013	20.470286469880488	NaN	0.24259155082206704	0.1833660916104753	-813.0612778504883	-0.0035667668341884478	0.018425678614935652	0.005373877653015611	0	87.30582788391997	-13.248996209424542	29.969265500001324	74.62770855106213	113.81196426584353	159.6228981374584	239.14418851028046	0.06523371871738019	1.0178736157390103	6.077638270953772	1.0181105157078263	74.1809164042169	1.087591095859175	-1.0426819234420144	1.087591095859175	1.6814663463314228	1.087591095859175	-0.007495594860693376	1.1518895672227847	NaN	NaN	800000009	800000009	800000009	800000009	800010009	800110009	899999999	899999999	89999	89999	89	89	2	0	1	31	13	9	0	NaN	0	0	0	0	0	0	0	0	0	NaN	NaN	NaN	NaN	0	0	0	0	0	0	0	0	8317	0	0	0	18000	18000	18000	18000	93	NaN	0.26273097385215277	0.060145078701069526	0.0438561306677283	0.02361856471044944	0.533044185520282	0.3732571982786845	1.549619345939067e-8	NaN	0.0053298742703322645	-0.02692413189978479	0.04341882282204358	-0.000007495594860693376	NaN	408.62594168066573	9.328510099408275	96295.26043359374	11.390000343322754	5.339470592644532	95.85239083777535	95.65403736029731	96.05073965284558	-0.3966946628946397	0.000287576079426799	-1	0	2.1639867978294687	67.3526221827401	1.00006579631567	-505.7100036621172	9.000477957950698	-397.4242491149883	139
DATA	2026-10-09T143000_AIU-0547.ghg	2026-10-09	15:00:00	282.624	1	18000	18000	0.05675398918447557	1	NaN	23.347316411981	1	NaN	-7.232717345189724	2	NaN	0.14909781431267344	2	NaN	-0.1640074026424007	2	NaN	0.005403543035280189	1	NaN	NaN	NaN	NaN	NaN	NaN	NaN	NaN	NaN	NaN	-2.317054655611441e-10	-5.506776200935484e-12	-1.3086458432318133e-12	NaN	15.772026831773188	408.5098250777074	412.514831553143	0.3	0	374.8423533617729	9.708757526017889	9.803941617986153	0.1	1	0.08907859511537494	2.173442452683035	2.194750755599192	0.7	0	NaN	NaN	NaN	NaN	9	294.70077670881483	295.45245812310105	95878.73534027778	1.1264060283524076	1010.8748573494129	0.025619776148669688	-0.010627679691227566	0.006828779947225482	931.1130875712583	2685.0338457709718	0.006062449751990344	34.677890151656605	1753.9207581997134	279.0933545452142	0.3747512848985141	0.35082161712644844	0.20000985691841638	0.5509249272277219	-1.5052761179499027e-14	-1.469091246372768e-14	0.5509249272277219	2.6815288765634064	288.8889517270093	43.11104827299068	21.287241823462228	NaN	0.22446607547525307	0.22736987034059988	-41.00810481799845	-0.07071772794355496	-3.2280144927146424	0.09134691707626334	0	84.48312713593405	-12.820640480868496	29.00032367568328	72.21490640654049	110.13228875678037	154.46210091591038	231.41237385202004	0.05563082954072214	1.020189518168721	22.555934342194643	1.0195990956636947	-6.641720803174564	1.0889824428832782	0.1369148008648422	1.0889824428832782	-0.15060610362841242	1.0889824428832782	-0.0018889973295240412	1.1538901902384813	NaN	NaN	800000009	800000009	800000009	800000009	800011019	800011119	899999999	899999999	89999	89999	89	89	1	0	0	24	34	11	3	NaN	0	0	0	0	0	0	0	0	0	NaN	NaN	NaN	NaN	0	0	0	0	0	0	0	0	6611	0	0	0	18000	18000	18000	18000	93	NaN	0.2169942132614056	0.19698277204214082	0.04076275537765333	0.04987827867588836	0.5024357943575412	0.25674655236660365	7.693918770695959e-8	NaN	0.019809269514762903	0.003542125410995054	-0.003896333364570087	-0.0000018889973295240413	NaN	408.51027079612476	9.708438846136293	96274.643875217	11.383636864344277	5.921916446910976	95.78912211269804	95.58599115604825	95.9922524342007	-0.40625789031055226	0.0002877211217354568	-1	0	2.164708218448692	67.21821602605888	1.0000708265834384	-456.2506265852235	9.000538138835518	-390.19712381152516	017
DATA	2026-10-09T150000_AIU-0547.ghg	2026-10-09	15:30:00	282.645	1	18000	18000	0.06400487083419214	1	NaN	2.184188698793051	2	NaN	21.491468729848613	1	NaN	0.2809891519334005	1	NaN	0.4873982571444503	1	NaN	0.0016192634964738897	1	NaN	NaN	NaN	NaN	NaN	NaN	NaN	NaN	NaN	NaN	-1.193039558382703e-11	-2.790794534460563e-13	-6.733707009471939e-14	NaN	15.741504412603431	408.2119679158721	412.147572878242	0.2	0	368.2300739334597	9.549018898462732	9.641081770490773	0.4	0	0.08884758083501783	2.168997178900734	2.1899086580624796	0.1	0	NaN	NaN	NaN	NaN	9	294.9702733773126	295.5854038316333	95867.2823715299	1.1258331609438066	1010.7905314417118	0.02563436645603727	0.031583407062960374	0.006712602934567626	915.6840477945294	2706.8242976428824	0.00596234252767997	33.828721302373125	1791.140249848353	278.8520454649465	0.29970609541407517	0.42653105310012007	0.20695402526654808	0.5608765028605648	4.7308217698381634e-14	-7.578942438484445e-16	0.5608765028605648	2.259247415044555	277.09415957437284	54.905840425627154	21.65292428499419	NaN	0.2384347191447078	0.23360390901534245	-525.3223891161764	-0.005520419574880631	0.10163049935063403	0.008049806846628448	0	88.23663854752301	-13.390250318716827	30.288782679826266	75.4233515064436	115.02536997485424	161.3247168973597	241.6938231245931	0.06275523079944867	1.0199129222986532	3.379442030048524	1.0194201345847598	19.738577754841884	1.088805333230088	0.2580710650082952	1.088805333230088	0.44764499426037674	1.088805333230088	-0.0005814153986158825	1.1536450607329438	NaN	NaN	800000009	800000009	800000009	800000019	800001119	800011119	899999999	899999999	89999	89999	89	89	2	3	0	28	31	28	2	NaN	0	0	0	0	0	0	0	0	0	NaN	NaN	NaN	NaN	0	7	0	0	0	0	0	0	8418	0	0	0	18000	18000	18000	18000	93	NaN	0.1895649078676673	0.2363853388007876	0.04125757136222999	0.044989610152883046	0.20050178335468105	0.1567191405669596	3.8475892499608076e-8	NaN	0.0029696809946601955	0.006679285988735451	0.011585758124394108	-5.814153986158825e-7	NaN	408.2128406912295	9.548712294561179	96256.63261046007	11.380000114440918	5.685481439921594	95.73334255260892	95.52745651308695	95.93922668054367	-0.4117686860064662	0.00028838235948286535	-1	0	2.1624407462676367	67.03839536860254	1.0000833490805494	-360.4003725602982	9.000635083092584	-318.2488707902595	140
DATA	2026-10-09T153000_AIU-0547.ghg	2026-10-09	16:00:00	282.666	1	18000	18000	0.029757578552142068	1	NaN	50.27861145341241	1	NaN	-93.5891011282944	1	NaN	-0.9407268879691897	1	NaN	-2.1217932201412104	1	NaN	0.005245953559802537	1	NaN	NaN	NaN	NaN	NaN	NaN	NaN	NaN	NaN	NaN	5.519272731395244e-11	1.4560503553023762e-12	3.122395765550804e-13	NaN	15.717104917234813	407.6012510325606	412.03183344034517	0.1	1	414.6360818317323	10.753009957484418	10.869894036293482	0.1	1	0.08891573986032357	2.1684760588014935	2.1920471637809054	0.4	0	NaN	NaN	NaN	NaN	9	294.88765372721355	295.25229545423724	95854.60524652778	1.1264393784333113	1011.4448779481719	0.025608864363827196	-0.13749220066515042	0.007566491040015986	1031.0020058975217	2652.5153124968556	0.00671717553992094	38.868842756161996	1621.5133065993339	280.5753120658495	0.2778655787043996	0.19424242630609206	0.21570046125371783	0.4018284322830809	-1.9379361144629042e-14	3.5116344647817472e-15	0.4018284322830809	1.6338758575078414	297.04445861627545	34.955541383724544	32.4658895550086	NaN	0.16253424649253712	0.10027866339885463	-7.229371132524631	-0.401141392084994	-0.5372272075194864	0.2715115751913808	1	1.994285400279312	1	2	3	4	8	19	0.029007982185821967	1.0258410378742744	43.96375265922315	1.0232854643096405	-85.62885716409625	1.09296216518391	-0.8607131316488854	1.09296216518391	-1.9413235770921509	1.09296216518391	-0.004839256170984539	1.159108415111872	NaN	NaN	800000009	800000009	800000009	800000009	800000019	810101019	899999999	899999999	89999	89999	89	89	9	0	1	0	33	0	4	NaN	0	0	0	0	0	0	0	0	0	NaN	NaN	NaN	NaN	0	0	0	0	0	0	0	0	6614	0	0	0	18000	18000	18000	18000	93	NaN	0.0564157983505614	0.1215419866229943	0.022599541824153583	0.21076458740992687	5.590500738766115	1.3634213516582572	8.326542789394187e-8	NaN	0.0385873284880309	-0.02228154377510664	-0.050255636488035896	-0.000004839256170984539	NaN	407.59994229817005	10.751653831596801	96245.94182161459	11.350910373369853	7.347470187107684	95.70542997190688	95.49886418914795	95.91199654473199	-0.4131333416899046	0.0002880716535857775	-1	0	2.158815137916141	66.94711544322968	1.0000941191547448	-273.1499938964844	9.000857962608338	-273.1499938964844	180
DATA	2026-10-09T160000_AIU-0547.ghg	2026-10-09	16:30:00	282.687	1	18000	18000	0.0061896045971137756	1	NaN	-1.9524639846756757	2	NaN	31.423016037683926	1	NaN	0.2422931902131966	2	NaN	0.7114022177015766	1	NaN	-0.0001108099678222404	2	NaN	NaN	NaN	NaN	NaN	NaN	NaN	NaN	NaN	NaN	2.8076703005447083e-11	8.791947175866056e-13	1.587087620822822e-13	NaN	15.747794495178105	406.7995030869709	412.04839466788906	0.2	0	493.1269077823672	12.738531805587467	12.902895753527963	0.7	0	0.0890173240558555	2.158422100284735	2.1862719956368197	0	1	NaN	NaN	NaN	NaN	9	294.16279595014777	293.79958708529995	95854.0267547743	1.1311489291047006	1012.50791437632	0.025483016725799893	0.04609886370706216	0.009007895318662619	1221.3670994478105	2426.6450764004044	0.00796349188589369	50.331509594288974	1205.277976952594	283.07915447977973	0.6167739089557591	0.1450949032730085	0.23392400811047367	0.6754132270653642	-3.309679021481654e-14	1.7828974726615862e-15	0.6754132270653642	1.2979871088822585	318.7619772633303	13.238022736669636	20.263741613415412	NaN	0.07397271501321279	0.050388856181773745	17.55527406033267	0.16519252220349814	-0.062134837163122444	-0.02304587794387854	1	17.731827246463574	8	17	35	67	149	683	0.006126089242042825	1.0103680100895445	-0.14908429425296	1.0138391995572074	28.68074526340736	1.0956136512176105	0.22114838560465544	1.0956136512176105	0.6493185046671878	1.0956136512176105	-0.0014761708758929623	1.174669078579304	NaN	NaN	800000009	800000009	800000009	800000009	800000019	800110019	899999999	899999999	89999	89999	89	89	3	7	5	3	4	0	1	NaN	0	0	0	0	0	0	0	0	0	NaN	NaN	NaN	NaN	0	0	0	0	0	0	0	0	3056	0	0	0	18000	18000	18000	18000	93	NaN	0.03242329965965499	0.06053806241744005	0.007816350286452448	0.033189164865331626	11.187588519161928	0.6289747751392402	3.520779040102979e-7	NaN	-0.0001301708313337529	0.005708262396334799	0.016760151304301557	-0.0000014761708758929623	NaN	406.7977191910848	12.737922127407359	96238.0953875868	11.359086967256335	9.896323705328838	95.74594571812948	95.53555088848537	95.95634149551391	-0.420789516631928	0.0002870590360285454	-1	0	2.1470001329051134	66.77339424790279	1.000077967305978	-387.6938737063972	9.000609859731462	-322.9323709869366	127
DATA	2026-10-09T163000_AIU-0547.ghg	2026-10-09	17:00:00	282.708	1	18000	18000	0.01248661963268406	1	NaN	1.7248396283660523	1	NaN	19.525125437388247	2	NaN	-6.292383175442919	2	NaN	0.44184683316598455	2	NaN	-0.017781329764216414	1	NaN	NaN	NaN	NaN	NaN	NaN	NaN	NaN	NaN	NaN	1.2844488664155814e-11	4.3922256106757323e-13	7.273352166507774e-14	NaN	15.587972491600581	401.1048327599236	406.6828724117081	0.1	1	533.0371164340679	13.715944363984779	13.906687719026252	0.1	1	0.0882688415690997	2.1367082642157604	2.1664227987928717	0.2	0	NaN	NaN	NaN	NaN	9	293.8705654110379	293.3483580551148	95876.8100763889	1.1327373089990052	1013.0413095881154	0.025437832640938473	0.0286316747891558	0.009716288536157037	1315.3937386295518	2360.000999966699	0.008577706816016573	55.73699920670002	1044.6072613371473	284.19106165862075	0.37779796621706757	-0.04094356254923279	0.22284893808440162	0.4405330042088966	5.333756007371615e-14	8.239999570872309e-16	0.4405330042088966	1.1070069013718455	338.18524601092236	353.81475398907764	30.38859532647677	NaN	0.10499239404807056	0.0387791589193805	-56.8384033496542	-0.051021841380026085	0.08833949025818771	0.014316423023954474	1	6.215169943790016	3	5	9	16	28	83	0.012193549641646094	1.0240348380620037	2.807220161336498	1.022101916239949	17.886178592322167	1.091632029536461	-5.764198012873303	1.091632029536461	0.4047580331200118	1.091632029536461	-0.017903969236035953	1.157406349995257	NaN	NaN	800000009	800000009	800000009	800000009	800000019	800000019	899999999	899999999	89999	89999	89	89	2	4	0	13	2	0	0	NaN	0	0	0	0	0	0	0	0	0	NaN	NaN	NaN	NaN	0	0	0	0	0	0	0	0	17453	0	0	0	18000	18000	18000	18000	93	NaN	0.027123529007630154	0.03728641057267676	0.01314837825845409	0.019259501232783968	22.543145700697337	0.3218121940131258	3.1443619849766624e-7	NaN	0.002446358573976416	-0.14866837854377932	0.010439391629526264	-0.000017903969236035955	NaN	401.10582516170774	13.715630632618046	96265.68370203993	11.380000114440918	11.02332036828992	95.77447905095418	95.56009923320346	95.98885542700026	-0.42875252990672996	0.00028634586317477647	-1	0	2.1245293243858527	66.67555225520664	1.0001080208917459	-273.1499938964844	9.000958204746246	-273.1499938964844	179
DATA	2026-10-09T170000_AIU-0547.ghg	2026-10-09	17:30:00	282.729	1	18000	18000	0.005133738843266204	1	NaN	1.6550620649676255	1	NaN	25.838327461632296	0	NaN	1.7995575801379333	1	NaN	0.5843017748153719	0	NaN	-0.0031990463659663728	1	NaN	NaN	NaN	NaN	NaN	NaN	NaN	NaN	NaN	NaN	-8.370660679189598e-11	-2.9915736230793476e-12	-4.794981569193275e-13	NaN	15.516019742675068	397.9277808377487	403.6685372409876	0.1	1	554.5239160483927	14.221461108849532	14.426628849971205	0.1	1	0.08888071269969201	2.1448001336274123	2.1757423691126236	-0.1	0	NaN	NaN	NaN	NaN	9	293.3627312978109	292.6211836022271	95911.6748624132	1.1357468642289978	1013.3068502693366	0.02536555141966691	0.0378627550080361	0.010103101223089408	1364.3700336155546	2255.9686602416928	0.008895557224318555	60.478235254801056	891.5986266261382	284.74276554761104	0.44499700607690723	-0.1324659000202025	0.22245716934968254	0.5148366170744361	-1.0270777711771678e-14	-5.3948504951737304e-15	0.5148366170744361	1.2202026035122435	348.5771201947997	343.4228798052003	25.600444765428698	NaN	0.06723201270838765	0.040090589219072895	-15.558733274144576	-0.1863904952223331	0.06405453555092724	0.021390239469431825	1	15.359162695942715	7	12	21	33	56	141	0.005026779910588799	1.0212778228965422	3.10107336342721	1.0203041333752982	23.711437532248596	1.0896989027548851	1.6514264404492316	1.0896989027548851	0.5362047932123171	1.0896989027548851	-0.005062162872341743	1.1548658721256233	NaN	NaN	800000009	800000009	800000009	800000009	800000009	800000009	899999999	899999999	89999	89999	89	89	1	5	0	22	1	0	0	NaN	0	0	0	0	0	0	0	0	0	NaN	NaN	NaN	NaN	0	0	0	0	0	0	0	0	17949	0	0	0	18000	18000	18000	18000	93	NaN	0.01817872033783209	0.052662540972386214	0.009339917127927476	0.024915374304582513	18.069661077894878	0.17579200610985907	2.7650253086051696e-7	NaN	0.0026945702814174933	0.04249382872722779	0.013797402104864305	-0.0000050621628723417435	NaN	397.9272559752123	14.221287474459226	96297.89860047743	11.373636635462441	11.580065872192419	95.81823206414117	95.60260258102417	96.03386341730753	-0.4312603857310284	0.0002848661236380898	-1	0	2.1320877878467233	66.45326814041135	1.0000974734624226	-273.1499938964844	9.000948870023091	-273.1499938964844	247
DATA	2026-10-09T173000_AIU-0547.ghg	2026-10-09	18:00:00	282.749	0	18000	18000	0.00261774776696367	1	NaN	5.219055412539783	1	NaN	19.763951195214204	0	NaN	0.5644478916009724	0	NaN	0.44656528382446625	0	NaN	-0.0018369470637041414	1	NaN	NaN	NaN	NaN	NaN	NaN	NaN	NaN	NaN	NaN	-4.015696055719558e-11	-1.404447287286671e-12	-2.303103639066422e-13	NaN	15.682962595517605	400.79984674185346	406.497952675566	0.1	1	548.4950546125507	14.017551370696188	14.216836608180145	0.1	1	0.08994577210004273	2.1617865526139903	2.192520318814264	-0.3	0	NaN	NaN	NaN	NaN	9	292.5271316774157	291.75865004475907	95925.11215082466	1.1393524081035031	1013.1736477652901	0.025287240870338387	0.028937430391825412	0.009989080316159972	1344.9958714688412	2137.7942030418717	0.0087673315517779	62.91512389523013	792.7983315730305	284.5266386305955	0.1881706427158268	-0.44029415646732906	0.20816980718414588	0.5221128265255095	-3.3978751607644784e-15	-2.560546855392804e-15	0.5221128265255095	0.9831415523680601	38.85935572268852	293.1406442773115	23.49734395123771	NaN	0.04793302763858021	0.022934759568615046	-1.7881043980700422	-1.6218292416986737	0.2640694343448675	0.0943224529084155	1	14.028577350978741	6	11	18	27	42	93	0.0025637875087534986	1.0210470867909043	6.260326328226871	1.0201543505100925	18.13964384702484	1.0895446107921118	0.5180585411648377	1.0895446107921118	0.4098641573747109	1.0895446107921118	-0.0045625025240123565	1.154657891428702	NaN	NaN	800000009	800000009	800000009	800000009	800000009	800000009	899999999	899999999	89999	89999	89	89	3	5	0	9	0	0	0	NaN	0	0	0	0	0	0	0	0	0	NaN	NaN	NaN	NaN	0	0	0	0	0	0	0	0	18000	0	0	0	18000	18000	18000	18000	93	NaN	0.007230674146085938	0.02901329328249462	0.009625551708649531	0.12538699723784855	14.911258429713412	0.11783668004003617	2.6730249394288527e-7	NaN	0.005423192396179724	0.013286566197873216	0.010511721796633584	-0.000004562502524012357	NaN	400.8004244237394	14.017429302689738	96311.14064127604	11.369999885559082	11.365753136793794	95.91565765232511	95.69993251101175	96.13138120396931	-0.4314501363866859	0.0002841608941380401	-1	0	2.1491265166468096	66.45710359259003	1.0001154002580377	-273.3518689049614	9.000967243035634	-273.1499938964844	173
DATA	2026-10-09T180000_AIU-0547.ghg	2026-10-09	18:30:00	282.77	0	18000	18000	0.009684707900541547	1	NaN	0.010122388564287873	2	NaN	24.02082438762463	1	NaN	2.6965504768485227	1	NaN	0.5422592650626193	1	NaN	-0.010385517648845044	1	NaN	NaN	NaN	NaN	NaN	NaN	NaN	NaN	NaN	NaN	-7.000142118569193e-11	-2.337630488329705e-12	-3.9607899825854267e-13	NaN	15.973324390043032	406.77512703324305	412.3767982830473	0	0	533.4138859137505	13.583866195011716	13.770928647135458	0.1	1	0.09037956967308183	2.162576690984876	2.192357380290387	-0.3	0	NaN	NaN	NaN	NaN	9	291.6199249716865	290.8225814649793	95926.53613389756	1.1432250459290465	1012.9108871978655	0.02520573596991818	0.035138400376057734	0.009711332107909577	1303.40276162919	2015.7131481873098	0.008494681027581602	64.66211538091687	712.3103865581197	284.0532338618494	0.19181964006013927	-0.5010416246831995	0.2047148119007444	0.5742348284365439	-3.571818080306054e-14	-4.3823952657799464e-15	0.5742348284365439	0.9933104649002733	41.05106896307581	290.9489310369242	20.885414157504115	NaN	0.0920401670093868	0.03513452597772782	-6526.689231472681	-0.00044432941375786085	0.0004214005481636534	0.00009497354234990784	1	11.419111701896902	5	10	19	33	64	215	0.009498951968547798	1.0195554133349458	1.3681172107157114	1.0191894403048443	22.066181680096808	1.0885809215144306	2.477124505449801	1.0885809215144306	0.4981340884683426	1.0885809215144306	-0.011030532404887954	1.1533305396593816	NaN	NaN	800000009	800000009	800000009	800000009	800000009	800000009	899999999	899999999	89999	89999	89	89	1	14	0	8	4	3	0	NaN	0	0	0	0	0	0	0	0	0	NaN	NaN	NaN	NaN	0	0	0	0	0	0	0	0	18000	0	0	0	18000	18000	18000	18000	93	NaN	0.012593095163695472	0.04418927595225312	0.013486680839507055	0.0413990206161766	3.4868417325753582	0.05603749316796434	1.0314201497080178e-7	NaN	0.0011814635749513908	0.06329780581359858	0.012728788856447756	-0.000011030532404887954	NaN	406.77473523796925	13.583808936227115	96310.43393598091	11.369999885559082	10.894034550189971	95.981802544064	95.76494849183824	96.19865572399563	-0.4337054909765727	0.00028309922302206466	-1	0	2.1502860690885126	66.40767998822533	1.0001316117346286	-273.392243906657	9.001063932948643	-273.7959939236112	045
DATA	2026-10-09T183000_AIU-0547.ghg	2026-10-09	19:00:00	282.791	0	18000	18000	0.048033611981266905	1	NaN	39.13667520077223	1	NaN	-26.138628445998712	1	NaN	-1.5522923872872088	2	NaN	-0.5895832157114985	1	NaN	0.05013931467194345	1	NaN	NaN	NaN	NaN	NaN	NaN	NaN	NaN	NaN	NaN	5.152506730911502e-10	1.8585908260464212e-11	2.8848588141974647e-12	NaN	16.04534211845216	407.20971884870966	413.28026866321187	0.1	1	578.780916155268	14.688699835919797	14.907674187308867	0.1	1	0.08983694549981089	2.142215035113666	2.174150478896295	0	1	NaN	NaN	NaN	NaN	9	291.0009728893705	289.97018001386846	95950.53984027778	1.1463909976559012	1013.5117321486213	0.02512557074351446	-0.0382049923781051	0.010534701013578538	1409.766732401789	1909.9038722844855	0.009189448482341114	73.81349149868629	500.1371398826964	285.23879249354843	0.9291219994639974	0.048246899311427796	0.33315142167010736	0.9882233163318109	-4.1972881958043494e-14	3.211216496896076e-14	0.9882233163318109	2.0277580156533053	329.0274484134777	2.9725515865221963	19.70160285764634	NaN	0.204694530930354	0.1361486911998884	-18.575103754726022	-0.1561229502829646	-1.4972734809566204	0.164556916723609	0	91.6948668153576	-13.91504980029077	31.475880536067233	78.37939301627432	119.53351979235813	167.64746111629756	251.1664461194085	0.047411417224974335	1.0131233106435136	37.254743810033006	1.0151743760401408	-24.06907256276719	1.0859840310769993	-1.4293878573405532	1.0859840310769993	-0.5429022884680847	1.0859840310769993	0.03551817443947005	1.1485036247228009	NaN	NaN	800000009	800000009	800000009	800000009	800000009	800000009	899999999	899999999	89999	89999	89	89	0	1	1	21	11	0	2	NaN	0	0	0	0	0	0	0	0	0	NaN	NaN	NaN	NaN	0	0	0	0	0	0	0	0	17802	0	0	0	18000	18000	18000	18000	93	NaN	0.146031229457816	0.09864530695873637	0.027620845983224455	0.09687266777920125	4.7107296077068845	0.16968753012431068	2.3078572942166426e-7	NaN	0.03206417232359409	-0.03644972846520319	-0.013844136772378106	0.00003551817443947005	NaN	407.2093531368399	14.688531535500637	96333.02416449653	11.37605780198839	12.076002987172885	95.96376139746772	95.73180093638102	96.1957196545071	-0.46392195350180004	0.0002819791421481771	-1	0	2.1290448303355096	65.8455749283543	1.000132844434844	-297.1731199052605	9.001007725450728	-273.1499938964844	132
DATA	2026-10-09T190000_AIU-0547.ghg	2026-10-09	19:30:00	282.812	0	18000	18000	0.011131041735459634	1	NaN	25.878669109900386	1	NaN	23.675848178863465	1	NaN	-1.3111502011220713	2	NaN	0.5335456067963523	1	NaN	0.0023771629374456163	2	NaN	NaN	NaN	NaN	NaN	NaN	NaN	NaN	NaN	NaN	-1.701655542185925e-10	-5.990211449421447e-12	-9.42726001183225e-13	NaN	16.353461759866015	413.4692721852643	419.5762256669156	0.1	1	575.6787519158322	14.555051282861264	14.770029824404867	0.1	1	0.09059902681935855	2.1509322100065247	2.182701542898594	0	1	NaN	NaN	NaN	NaN	9	290.04772960662854	289.0224425458308	95968.09965673139	1.150419091891842	1013.417813634699	0.02503886808138428	0.03457375532040363	0.01047499542545462	1397.1952943650792	1798.0071348994193	0.009105373423722214	77.70799499320333	400.81184053434004	285.10285471442324	1.2097350547992636	0.24871572258297733	0.29795457564637995	1.2704705201691349	4.8176388945037274e-14	-1.0405476021976321e-14	1.2704705201691349	2.1621677612852936	320.38215042560216	11.617849574397871	13.563507761304395	NaN	0.09836483444151596	0.08617262235643043	-3.1175446600736567	-0.9302192321862305	1.09304084543858	0.2256614933815381	1	21.278742726244044	10	17	27	41	65	144	0.01100850486463898	1.0111311092948017	26.9709308915209	1.0140804756572892	21.78742904629899	1.0866747117593143	-1.2065710068833144	1.0866747117593143	0.4909892546708369	1.0866747117593143	-0.00741733763406949	1.1479071197143882	NaN	NaN	800000009	800000009	800000009	800000019	800000019	800010019	899999999	899999999	89999	89999	89	89	3	13	0	43	3	0	2	NaN	0	0	0	0	0	0	0	0	0	NaN	NaN	NaN	NaN	0	18	0	0	0	0	0	0	18000	0	0	0	18000	18000	18000	18000	93	NaN	0.07369781950600357	0.07287331835056593	0.025774106856291362	0.09856853867268885	5.333291838316374	0.05941863944146634	2.0683143442235227e-7	NaN	0.02313403145727326	-0.030657513649795024	0.01247544462041725	-0.00000741733763406949	NaN	413.46951589812755	14.554989078692696	96353.94567144098	11.390000343322754	11.944048601309412	95.97138018777635	95.72952436510722	96.2132372218238	-0.48371674271590137	0.00028092276142625545	-1	0	2.1379122498995735	65.28038938712854	1.0001639779657125	-273.1499938964844	9.001108915249507	-273.1499938964844	004
DATA	2026-10-09T193000_AIU-0547.ghg	2026-10-09	20:00:00	282.833	0	18000	18000	0.05163551630182287	1	NaN	5.170406015779314	2	NaN	-23.87654013543327	1	NaN	6.150575019601755	1	NaN	-0.5376778718246029	1	NaN	-0.01379817347994416	1	NaN	NaN	NaN	NaN	NaN	NaN	NaN	NaN	NaN	NaN	-1.7809368295581857e-10	-5.921776267225703e-12	-9.708315944481085e-13	NaN	16.640360353989454	419.40125604268684	425.3327214461142	0.2	0	553.3070538317978	13.945471637499708	14.142698234608154	0.1	1	0.09071061537125041	2.145622150141517	2.1759670367364596	0	0	NaN	NaN	NaN	NaN	9	289.23782347573183	288.2679822090996	95980.45050217013	1.1538458050953004	1013.0610083544976	0.02497029334147859	-0.034841526094234264	0.010063854668299123	1338.8516867167737	1713.0847595137063	0.008722010015426551	78.15443335663284	374.2330727969327	284.4575251754241	0.8588945395028773	-0.04156634180762488	0.25688101918263484	0.8974494129339473	4.8110889036128366e-14	-1.0702513597496786e-14	0.8974494129339473	2.1460247347280945	334.77067691602167	357.2293230839783	16.632657062618982	NaN	0.2115438354594003	0.20215956210693692	-155.2026448232946	-0.018685248587753025	-0.21654753940275986	0.020909367625879124	0	87.96286948252214	-13.34870480689513	30.194806618965732	75.189337827307	114.668484348795	160.82417973237312	240.9439272416298	0.05092073584758846	1.0140371195022364	3.774028988076488	1.0157168092953717	-21.984460706596987	1.086064400400257	5.663177079862877	1.086064400400257	-0.49506997156563426	1.086064400400257	-0.012758702088179651	1.1490200215909991	NaN	NaN	800000009	800000009	800000009	800000009	800000009	800010009	899999999	899999999	89999	89999	89	89	3	4	0	47	17	0	0	NaN	0	0	0	0	0	0	0	0	0	NaN	NaN	NaN	NaN	0	0	0	0	0	0	0	0	17802	0	0	0	18000	18000	18000	18000	93	NaN	0.1845112990758691	0.18707832779190806	0.03272949734609662	0.07305667233204705	5.900990501567445	0.143656918293398	1.1194576686924775e-7	NaN	0.003228656600772738	0.1434116728081974	-0.012536922610418076	-0.000012758702088179651	NaN	419.401536540645	13.945328342841044	96370.04734960938	11.383636864344277	11.296292106363477	96.01981079059176	95.77337585618761	96.26624632136028	-0.49286738515728057	0.0002802853054664512	-1	0	2.1330294269323367	65.18380993312199	1.0001827791349756	-273.1500966737791	9.001131092362934	-273.1499938964844	186
DATA	2026-10-09T200000_AIU-0547.ghg	2026-10-09	20:30:00	282.854	0	18000	18000	0.013937039852009043	0	NaN	16.397359949036176	0	NaN	0.3032280631399346	2	NaN	1.032724391463413	1	NaN	0.006824518839470928	2	NaN	0.0018828401701192685	2	NaN	NaN	NaN	NaN	NaN	NaN	NaN	NaN	NaN	NaN	7.805118111098667e-11	2.5696113714607635e-12	4.2173380648865235e-13	NaN	16.817594415175485	422.8612703844899	428.83124238866264	0.1	1	553.6710813946536	13.921495017291658	14.118039230087247	0.1	1	0.0908704776499006	2.1435297299323697	2.173792166750413	0	0	NaN	NaN	NaN	NaN	9	288.6765817557441	287.673753660414	96008.35131076389	1.1565758762905627	1013.0361961943443	0.02491157857914946	0.00044222882079771606	0.010070230744825449	1336.9383077694897	1648.6976788582406	0.008706934798885204	81.09056771981076	311.75937108875087	284.4359453289363	1.1083409711702208	0.3106285437714265	0.28723016763900533	1.186343529413815	-1.0550332612262265e-14	4.641043135191594e-15	1.186343529413815	2.557076751565592	316.34370557064733	15.656294429352645	14.011333573310761	NaN	0.10977367560390291	0.11529060539231818	-6.8395382017938235	-0.4240052346281814	54.07599738375492	0.12749014978218154	1	21.35602112696474	9	17	28	43	70	161	0.01377693256566694	1.011621403064794	16.254716979838737	1.0143332396750664	0.2791256206914619	1.086349803320688	0.9506370676430778	1.086349803320688	0.006282063860655336	1.086349803320688	-0.003396246930833756	1.1479566303628246	NaN	NaN	800000009	800000009	800000009	800000009	800000009	800011009	899999999	899999999	89999	89999	89	89	1	1	0	34	15	0	0	NaN	0	0	0	0	0	0	0	0	0	NaN	NaN	NaN	NaN	0	0	0	0	0	0	0	0	17703	0	0	0	18000	18000	18000	18000	93	NaN	0.11320225609974438	0.09001083396584642	0.02736812071904558	0.06247951795331964	1.0284632437670278	0.04075717399099551	1.3058379813011782e-7	NaN	0.013873317304632916	0.024016302530785304	0.00015870614699389925	-0.000003396246930833756	NaN	422.861005426917	13.921450696419875	96400.22597721354	11.380000114440918	11.278413304434844	95.98193001980252	95.72386657036677	96.23999445809258	-0.5161261924952268	0.00027927355757371216	-1	0	2.1309384505881215	64.80488227770948	1.000158542825116	-273.1499938964844	9.00097117916743	-273.1499938964844	195
DATA	2026-10-09T203000_AIU-0547.ghg	2026-10-09	21:00:00	282.874	0	18000	18000	0.010303667183206865	0	NaN	23.957870815142222	0	NaN	10.014057425714784	0	NaN	0.30681926477284477	1	NaN	0.22529446844187656	0	NaN	-0.0015917251382594547	0	NaN	NaN	NaN	NaN	NaN	NaN	NaN	NaN	NaN	NaN	-7.448093082300466e-11	-2.3793476650959184e-12	-3.9949657758826263e-13	NaN	16.981572433777753	426.26844927283634	432.1532777567638	0.1	1	542.4887185685727	13.617456552625631	13.805451691220195	0.1	1	0.09108479169631996	2.144482463390595	2.174088012441602	0	0	NaN	NaN	NaN	NaN	9	288.25382894473603	287.28513348388674	96024.75523849827	1.1584721683647385	1012.8583200268713	0.02487367547933557	0.0145990815550336	0.009865312084118517	1307.9636857636663	1607.747620412744	0.008515795505078097	81.35379391374147	299.78393464907776	284.1057895171128	1.088389234453456	0.3877602821305444	0.2884361304024029	1.1908587503955568	1.752756744151151e-14	-4.385985521273397e-15	1.1908587503955568	2.446683552402874	312.3905489000027	19.60945109999728	14.016925489394636	NaN	0.09430899325541846	0.1411183210502015	-2.9685481858839795	-0.9769085150074573	2.3924239493196393	0.2165014480821885	1	20.333827119736654	9	16	26	39	62	137	0.010185583186465242	1.0115932484748182	24.281579654596236	1.0143183154238606	9.217948195154841	1.0863651230952238	0.28242738859166316	1.0863651230952238	0.20738374571523197	1.0863651230952238	-0.009576857416123427	1.147951733008952	NaN	NaN	800000009	800000009	800000009	800000009	800000009	800010009	899999999	899999999	89999	89999	89	89	0	2	1	22	0	0	0	NaN	0	0	0	0	0	0	0	0	0	NaN	NaN	NaN	NaN	0	0	0	0	0	0	0	0	17604	0	0	0	18000	18000	18000	18000	93	NaN	0.1289278506040332	0.11921297191283732	0.034095819583532486	0.06175483912896937	3.004616168216608	0.03345129668395156	5.198138901547132e-8	NaN	0.020693913630444496	0.00712201698199066	0.005229629343449282	-0.000009576857416123427	NaN	426.268319046493	13.617419376380722	96418.31169487847	11.380000114440918	10.948757009665176	96.00756425560846	95.74610697852242	96.2690238802168	-0.5229161211434331	0.00027940499454982474	-1	0	2.1321525416043077	64.55909860143838	1.0001504355437225	-289.78449459500087	9.000959110736847	-273.1499938964844	001
DATA	2026-10-09T210000_AIU-0547.ghg	2026-10-09	21:30:00	282.895	0	18000	18000	0.014855084756515183	0	NaN	28.72647102495493	0	NaN	11.900718536725996	0	NaN	0.9840518960227701	1	NaN	0.2676430221549069	0	NaN	0.0029817634177458727	1	NaN	NaN	NaN	NaN	NaN	NaN	NaN	NaN	NaN	NaN	-5.5994435396708435e-11	-1.745854584617106e-12	-2.9639641022492836e-13	NaN	17.14001467446859	429.6931820766014	435.5281420765507	0.1	1	534.4097674674384	13.397435059256727	13.579363702608452	0.1	1	0.09072756577904023	2.1321911752092655	2.161144974660924	0	0	NaN	NaN	NaN	NaN	9	287.8509804941813	286.9071176300049	96029.54506987847	1.1601533933982309	1012.727872135692	0.02483970713638287	0.017343267835637964	0.009719188015332112	1286.8946971529656	1568.7749091704234	0.008377502553229986	82.03182557486736	281.8802120174578	283.8616471864743	1.2831869565662342	0.6875379211196974	0.34407099619012993	1.4958816827873154	-1.8732330037267105e-14	-3.2668837489454772e-15	1.4958816827873154	2.5941327634011775	303.81737380807846	28.18262619192152	13.29778841479563	NaN	0.11315659215519683	0.1333162008529206	-4.276477035796752	-0.6781282760845458	2.413843410908688	0.21606988470984323	1	24.314471739864967	11	19	32	47	76	169	0.014706378219173236	1.0101117035836922	29.12409466818243	1.013616662665993	10.939041067156127	1.0879124105729205	0.9045322826168928	1.0879124105729205	0.24601523022791852	1.0879124105729205	-0.0069214984318029	1.1481664371032676	NaN	NaN	800000009	800000009	800000009	800000009	800000009	800001009	899999999	899999999	89999	89999	89	89	12	2	1	32	20	0	0	NaN	0	0	0	0	0	0	0	0	0	NaN	NaN	NaN	NaN	0	0	0	0	0	0	0	0	16712	0	0	0	18000	18000	18000	18000	93	NaN	0.09949531810048894	0.12236075287167662	0.0447763307336756	0.08472956458718563	1.3477450421317418	0.027958324809942647	1.370283949720457e-7	NaN	0.024788158056439927	0.02277350539683809	0.00619395159351412	-0.0000069214984318029	NaN	429.69312358478714	13.397403344769435	96423.15400368924	11.380000114440918	10.704717218557972	96.0152799144321	95.74927538511488	96.28128341547648	-0.5320100804169974	0.0002789050598868117	-1	0	2.120121371573871	64.11764756492332	1.0001662462552388	-273.1499938964844	9.000984731674194	-273.1499938964844	057
DATA	2026-10-09T213000_AIU-0547.ghg	2026-10-09	22:00:00	282.916	0	18000	18000	0.025826558679593263	0	NaN	30.284025604789758	0	NaN	4.726802358597111	0	NaN	0.0038016946303294314	2	NaN	0.1062780316105144	0	NaN	0.004029775510079502	1	NaN	NaN	NaN	NaN	NaN	NaN	NaN	NaN	NaN	NaN	1.230181919859181e-10	3.747099787642632e-12	6.429008757824952e-13	NaN	17.225428827432705	431.3443201262616	437.0870440186537	0.1	1	524.68175364433	13.13862758226025	13.313549348954204	0.1	1	0.09002118385997085	2.112871008182436	2.1410008206178475	0	0	NaN	NaN	NaN	NaN	9	287.5573361858792	286.651331381056	96046.55856922743	1.1615085907735978	1012.5780970372754	0.024813165662612973	0.006886816448361333	0.009541631096496538	1262.2584602705408	1542.8770083850002	0.008214860546267282	81.81199495556709	280.6185481144594	283.57166339658727	1.2423035144541108	0.596857483387842	0.31569979603602766	1.413938909118135	-2.548490129130719e-14	7.141662086809879e-15	1.413938909118135	2.6530046171614794	306.33831409487755	25.661685905122436	12.901570176042826	NaN	0.14911524883435098	0.1666648733635412	-9.283565913320365	-0.31237996553016173	6.406873676389103	0.17267942421264	1	19.15438773954185	8	15	26	40	65	154	0.025559713259417784	1.010440078785984	30.26145617159469	1.0137543800405164	4.346850195461352	1.0874086168261508	0.0034961049337879457	1.0874086168261508	0.09773513835186537	1.0874086168261508	-0.005895774185285823	1.148013771306402	NaN	NaN	800000009	800000009	800000009	800000009	800000019	800000019	899999999	899999999	89999	89999	89	89	1	1	0	36	16	0	0	NaN	0	0	0	0	0	0	0	0	0	NaN	NaN	NaN	NaN	0	0	0	0	0	0	0	0	16317	0	0	0	18000	18000	18000	18000	93	NaN	0.15567282982485828	0.13497776475481726	0.042679152147406835	0.06566672711028589	0.47881798377765405	0.019797570692255802	5.244961946263336e-8	NaN	0.025729945543237306	0.00008790468765204828	0.0024574138854985394	-0.000005895774185285822	NaN	431.34416447716876	13.138604180495866	96441.50454123264	11.380000114440918	10.415396202193351	96.04743589274088	95.7811280339559	96.31374575508966	-0.5326162321534413	0.0002779120370881477	-1	0	2.1011285246147056	63.880573247697626	1.0001224073635206	-273.1499938964844	9.000781843794718	-273.1499938964844	129
DATA	2026-10-09T220000_AIU-0547.ghg	2026-10-09	22:30:00	282.937	0	18000	18000	0.025257218670157556	1	NaN	31.40443386647781	0	NaN	16.61089052657778	0	NaN	0.5394583768468727	0	NaN	0.37344155867189044	0	NaN	-0.0021922702527530378	0	NaN	NaN	NaN	NaN	NaN	NaN	NaN	NaN	NaN	NaN	1.4982887969821782e-10	4.4691939056613325e-12	7.890640494095349e-13	NaN	17.24660687417872	431.60992307420037	437.239089225728	0.1	0	514.4430799366993	12.874343328945795	13.042253781917442	0.1	1	0.09082813330863912	2.1304418114332297	2.15822757420555	0	0	NaN	NaN	NaN	NaN	9	287.408472966512	286.54023503112796	96082.49741623264	1.1625104525453633	1012.4280968660531	0.024794271361709228	0.0241990130019385	0.009356825509333712	1237.3308715421629	1531.7462363904845	0.00804880978820153	80.77910310117015	294.4153648483216	283.27313128751604	1.185356115295954	0.6505951616881139	0.31118868422217083	1.3875091284994887	-9.49328398881908e-15	8.687441001658052e-15	1.3875091284994887	2.529412629367953	303.2393555041755	28.76064449582449	12.96046424936003	NaN	0.14739892931874238	0.15071532468466617	-8.648674599740907	-0.33531149386599385	1.8905930308931989	0.18102376120158029	1	18.68048798764075	8	15	25	38	63	149	0.024993400349663093	1.0105555193292464	32.02674001091331	1.0138057659061088	15.277761246365767	1.0872594654880559	0.4961634218605926	1.0872594654880559	0.3434705059148486	1.0872594654880559	-0.012805756061309213	1.147978042566048	NaN	NaN	800000009	800000009	800000009	800000009	800000009	800011009	899999999	899999999	89999	89999	89	89	7	10	0	30	18	0	0	NaN	0	0	0	0	0	0	0	0	0	NaN	NaN	NaN	NaN	0	0	0	0	0	0	0	0	16811	0	0	0	18000	18000	18000	18000	93	NaN	0.1256387635639908	0.13425461966550656	0.04153726613983496	0.07122490521985544	0.7073969768046297	0.02459535850583491	2.0261336107219657e-8	NaN	0.02721144963757951	0.012462500064003113	0.008627200259735547	-0.000012805756061309212	NaN	431.60972061551433	12.874315262635582	96478.46807703993	11.373636635462441	10.116772549470252	96.09991982269287	95.83934529876709	96.36049451276992	-0.5211469935973487	0.0002784586403512448	-1	0	2.1188394158739117	63.98686642667981	1.0001602060910728	-273.1499938964844	9.000982168912888	-273.1499938964844	208
DATA	2026-10-09T223000_AIU-0547.ghg	2026-10-09	23:00:00	282.958	0	18000	18000	0.009176112189767393	0	NaN	25.66929541711608	0	NaN	8.336931087378437	0	NaN	0.8887321023164202	0	NaN	0.187435025736395	0	NaN	-0.0023600871846916798	0	NaN	NaN	NaN	NaN	NaN	NaN	NaN	NaN	NaN	NaN	-1.068473806666114e-10	-3.1412519404987164e-12	-5.616759496379406e-13	NaN	17.271591428468238	432.2546759467229	437.81849105772227	0.2	0	507.77491925106915	12.708040488554445	12.87161347373165	0.1	1	0.0907934051056703	2.1298033513822516	2.1572173568963025	0	0	NaN	NaN	NaN	NaN	9	287.42553973642987	286.5757456266615	96095.58094401042	1.1625981428110645	1012.3357395921568	0.0247939678987764	0.012145789667718395	0.00923607284087377	1221.5141037679102	1535.2963537489659	0.007944338203174592	79.56210543880692	313.78224998105566	283.08095090272684	1.1764678119421066	0.45609987537212515	0.30459683322798625	1.2980303693145074	-2.2584628076815914e-14	-6.1863077938781086e-15	1.2980303693145074	2.5241417860228457	310.80939488605844	21.190605113941544	13.571628415724174	NaN	0.08884122636815638	0.16794923791488028	-2.316953249334279	-1.2516437268784968	3.0789861578654163	0.24549644572511356	1	22.2980245319643	10	17	28	42	67	146	0.009076405141792913	1.0109853016052988	25.880723517305814	1.014008336226683	7.671082510667686	1.0867998194237642	0.8177514261896343	1.0867998194237642	0.17246508730170337	1.0867998194237642	-0.010652638277320313	1.1479100908802742	NaN	NaN	800000009	800000009	800000009	800000009	800000019	800011019	899999999	899999999	89999	89999	89	89	1	0	0	42	13	0	0	NaN	0	0	0	0	0	0	0	0	0	NaN	NaN	NaN	NaN	0	0	0	0	0	0	0	0	17009	0	0	0	18000	18000	18000	18000	93	NaN	0.14980448458568385	0.15074941802138458	0.035344573222692126	0.06044882687382281	1.1606613607901572	0.048621396582522736	1.764384292359991e-8	NaN	0.021989847568470555	0.020536349373705586	0.004331149019326908	-0.000010652638277320314	NaN	432.2542808067271	12.707989209360175	96493.1626579861	11.369999885559082	9.923803214073207	96.14618394046359	95.89156564203898	96.40080288653903	-0.5092352629154928	0.0002783642085398444	-1	0	2.1183508878747626	64.30491523329769	1.0001196443554428	-273.1499938964844	9.000787536727058	-273.1499938964844	188
DATA	2026-10-09T230000_AIU-0547.ghg	2026-10-09	23:30:00	282.979	0	18000	18000	0.014422969322497873	0	NaN	29.380289425695974	0	NaN	12.98061977317649	0	NaN	0.42582277025714516	2	NaN	0.2917982905825038	0	NaN	-0.00233744010557059	0	NaN	NaN	NaN	NaN	NaN	NaN	NaN	NaN	NaN	NaN	-3.802630639847585e-11	-1.0993046080298802e-12	-2.0042296799802057e-13	NaN	17.310354681596646	433.0128512930763	438.50201629577634	0.2	0	500.42600689909574	12.517992617387508	12.676679193950367	0.1	1	0.09123664617931676	2.138687995515858	2.1657994571309653	0	0	NaN	NaN	NaN	NaN	9	287.26483305890537	286.43850762019105	96097.0971844618	1.1632575103836145	1012.2268889891476	0.024781703320163672	0.018908529229746243	0.009102450623187796	1203.265429766788	1521.616098000757	0.007824966133411016	79.07812169888003	318.3506682339689	282.85647874247513	1.2993242843060144	0.6261804524407218	0.292761374034653	1.4717522811033272	6.636595285653612e-14	-2.1967375653430826e-15	1.4717522811033272	2.5344843446965486	306.2692917338263	25.730708266173682	11.473826980460071	NaN	0.11134979127953412	0.171970545005077	-3.9855594210131415	-0.7276268382075234	2.2633965048732274	0.22408507281385598	1	23.771769466761395	11	19	31	46	73	164	0.014277282619568055	1.0102040918297817	29.820401483577925	1.0136540105031238	11.9333645092126	1.0877585917329018	0.39146808261819327	1.0877585917329018	0.268256479700741	1.0877585917329018	-0.012117756110896065	1.1481149239008515	NaN	NaN	800000009	800000009	800000009	800000009	800000019	800011019	899999999	899999999	89999	89999	89	89	1	1	0	53	10	0	2	NaN	0	0	0	0	0	0	0	0	0	NaN	NaN	NaN	NaN	0	0	0	0	0	0	0	0	17307	0	0	0	18000	18000	18000	18000	93	NaN	0.1631707468413449	0.13848564403434452	0.0422846991344646	0.06085179880417671	0.9145434293620027	0.023384071075520364	5.021714416697586e-8	NaN	0.02532560046881316	0.009824258870857236	0.006732148078941389	-0.000012117756110896065	NaN	433.01289840750803	12.517966026027647	96492.94244928386	11.379696218596564	9.70010495185852	96.1879205724928	95.93601507356432	96.43982471932306	-0.5038085532850691	0.0002783290687463402	-1	0	2.127368694298797	63.97109845534077	1.0001509986652268	-273.1499938964844	9.000867646111383	-273.1499938964844	166
