DATAH	filename	date	time	DOY	daytime	file_records	used_records	Tau	qc_Tau	rand_err_Tau	H	qc_H	rand_err_H	LE	qc_LE	rand_err_LE	co2_flux	qc_co2_flux	rand_err_co2_flux	h2o_flux	qc_h2o_flux	rand_err_h2o_flux	ch4_flux	qc_ch4_flux	rand_err_ch4_flux	none_flux	qc_none_flux	rand_err_none_flux	H_strg	LE_strg	co2_strg	h2o_strg	ch4_strg	none_strg	co2_v-adv	h2o_v-adv	ch4_v-adv	none_v-adv	co2_molar_density	co2_mole_fraction	co2_mixing_ratio	co2_time_lag	co2_def_timelag	h2o_molar_density	h2o_mole_fraction	h2o_mixing_ratio	h2o_time_lag	h2o_def_timelag	ch4_molar_density	ch4_mole_fraction	ch4_mixing_ratio	ch4_time_lag	ch4_def_timelag	none_molar_density	none_mole_fraction	none_mixing_ratio	none_time_lag	none_def_timelag	sonic_temperature	air_temperature	air_pressure	air_density	air_heat_capacity	air_molar_volume	ET	water_vapor_density	e	es	specific_humidity	RH	VPD	Tdew	u_unrot	v_unrot	w_unrot	u_rot	v_rot	w_rot	wind_speed	max_wind_speed	wind_dir	yaw	pitch	roll	u*	TKE	L	(z-d)/L	bowen_ratio	T*	model	x_peak	x_offset	x_10%	x_30%	x_50%	x_70%	x_90%	un_Tau	Tau_scf	un_H	H_scf	un_LE	LE_scf	un_co2_flux	co2_scf	un_h2o_flux	h2o_scf	un_ch4_flux	ch4_scf	un_none_flux	un_none_scf	spikes_hf	amplitude_resolution_hf	drop_out_hf	absolute_limits_hf	skewness_kurtosis_hf	skewness_kurtosis_sf	discontinuities_hf	discontinuities_sf	timelag_hf	timelag_sf	attack_angle_hf	non_steady_wind_hf	u_spikes	v_spikes	w_spikes	ts_spikes	co2_spikes	h2o_spikes	ch4_spikes	none_spikes	head_detect_LI-7200	t_out_LI-7200	t_in_LI-7200	aux_in_LI-7200	delta_p_LI-7200	chopper_LI-7200	detector_LI-7200	pll_LI-7200	sync_LI-7200	chopper_LI-7500	detector_LI-7500	pll_LI-7500	sync_LI-7500	not_ready_LI-7700	no_signal_LI-7700	re_unlocked_LI-7700	bad_temp_LI-7700	laser_temp_unregulated_LI-7700	block_temp_unregulated_LI-7700	motor_spinning_LI-7700	pump_on_LI-7700	top_heater_on_LI-7700	bottom_heater_on_LI-7700	calibrating_LI-7700	motor_failure_LI-7700	bad_aux_tc1_LI-7700	bad_aux_tc2_LI-7700	bad_aux_tc3_LI-7700	box_connected_LI-7700	mean_value_RSSI_LI-7200	mean_value_LI-7500	u_var	v_var	w_var	ts_var	co2_var	h2o_var	ch4_var	none_var	w/ts_cov	w/co2_cov	w/h2o_cov	w/ch4_cov	w/none_cov	co2_mean	h2o_mean	air_p_mean	vin_sf_mean	dew_point_mean	avg_signal_strength_7200_mean	co2_signal_strength_7200_mean	h2o_signal_strength_7200_mean	delta_signal_strength_7200_mean	flowrate_mean	hit_power_mean	hit_vin_mean	ch4_mean	rssi_77_mean	ch4_aux-1_mean	ch4_aux-2_mean	ch4_aux-3_mean	ch4_aux-4_mean	CHK
DATAU		[yyyy-mm-dd]	[HH:MM]	[ddd.ddd]	[1=daytime]	[#]	[#]	[kg+1m-1s-2]	[#]	[kg+1m-1s-2]	[W+1m-2]	[#]	[W+1m-2]	[W+1m-2]	[#]	[W+1m-2]	[µmol+1s-1m-2]	[#]	[µmol+1s-1m-2]	[mmol+1s-1m-2]	[#]	[mmol+1s-1m-2]	[µmol+1s-1m-2]	[#]	[µmol+1s-1m-2]	[µmol+1s-1m-2]	[#]	[µmol+1s-1m-2]	[W+1m-2]	[W+1m-2]	[µmol+1s-1m-2]	[mmol+1s-1m-2]	[µmol+1s-1m-2]	[µmol+1s-1m-2]	[µmol+1s-1m-2]	[mmol+1s-1m-2]	[µmol+1s-1m-2]	[µmol+1s-1m-2]	[mmol+1m-3]	[µmol+1mol_a-1]	[µmol+1mol_d-1]	[s]	[1=default]	[mmol+1m-3]	[mmol+1mol_a-1]	[mmol+1mol_d-1]	[s]	[1=default]	[mmol+1m-3]	[µmol+1mol_a-1]	[µmol+1mol_d-1]	[s]	[1=default]	[mmol+1m-3]	[µmol+1mol_a-1]	[µmol+1mol_d-1]	[s]	[1=default]	[K]	[K]	[Pa]	[kg+1m-3]	[J+1kg-1K-1]	[m+3mol-1]	[mm]	[kg+1m-3]	[Pa]	[Pa]	[kg+1kg-1]	[%]	[Pa]	[K]	[m+1s-1]	[m+1s-1]	[m+1s-1]	[m+1s-1]	[m+1s-1]	[m+1s-1]	[m+1s-1]	[m+1s-1]	[deg_from_north]	[deg]	[deg]	[deg]	[m+1s-1]	[m+2s-2]	[m]	[#]	[#]	[K]	[0=KJ/1=KM/2=HS]	[m]	[m]	[m]	[m]	[m]	[m]	[m]	[kg+1m-1s-2]	[#]	[W+1m-2]	[#]	[W+1m-2]	[#]	[µmol+1s-1m-2]	[#]	[mmol+1s-1m-2]	[#]	[µmol+1s-1m-2]	[#]	[µmol+1s-1m-2]	[#]	8u/v/w/ts/co2/h2o/ch4/none	8u/v/w/ts/co2/h2o/ch4/none	8u/v/w/ts/co2/h2o/ch4/none	8u/v/w/ts/co2/h2o/ch4/none	8u/v/w/ts/co2/h2o/ch4/none	8u/v/w/ts/co2/h2o/ch4/none	8u/v/w/ts/co2/h2o/ch4/none	8u/v/w/ts/co2/h2o/ch4/none	8co2/h2o/ch4/none	8co2/h2o/ch4/none	8aa	8U	[#]	[#]	[#]	[#]	[#]	[#]	[#]	[#]	[#_flagged_recs]	[#_flagged_recs]	[#_flagged_recs]	[#_flagged_recs]	[#_flagged_recs]	[#_flagged_recs]	[#_flagged_recs]	[#_flagged_recs]	[#_flagged_recs]	[#_flagged_recs]	[#_flagged_recs]	[#_flagged_recs]	[#_flagged_recs]	[#_flagged_recs]	[#_flagged_recs]	[#_flagged_recs]	[#_flagged_recs]	[#_flagged_recs]	[#_flagged_recs]	[#_flagged_recs]	[#_flagged_recs]	[#_flagged_recs]	[#_flagged_recs]	[#_flagged_recs]	[#_flagged_recs]	[#_flagged_recs]	[#_flagged_recs]	[#_flagged_recs]	[#_flagged_recs]	[#]	[#]	[m+2s-2]	[m+2s-2]	[m+2s-2]	[K+2]	--	--	--	--	[m+1s-1K+1]	--	--	--	--	--	--	--	--	--	--	--	--	--	--	--	--	--	--	--	--	--	--	207
DATA	2026-07-03T233000_AIU-0547.ghg	2026-07-04	00:00:00	185	0	18000	18000	0.018307236396609063	0	NaN	27.193408029817398	0	NaN	62.815814182626085	0	NaN	2.7925896008318296	0	NaN	1.4278168376118212	0	NaN	0.011713991379550995	2	NaN	NaN	NaN	NaN	NaN	NaN	NaN	NaN	NaN	NaN	2.5304623850317643e-10	1.4027061949528308e-11	1.1795647975125467e-12	NaN	17.30903034464163	452.83835994585	464.4982407664887	0.1	1	959.4880460058912	25.10209899051118	25.74843885141041	0.1	1	0.08068534428485268	2.004284415280478	2.0558916099881626	0.1	0	NaN	NaN	NaN	NaN	9	300.2538863237169	297.92594329833986	95507.10545182292	1.106223789191622	1019.5842330165377	0.025934785489147294	0.092522531077246	0.017441433311589292	2398.071900249696	3116.5778571897295	0.015766640965418667	76.9456759989971	718.5059569400337	293.57085610088393	1.6145539082971654	0.44641371031913146	0.4019281072026735	1.722676907292274	-9.906245943746019e-15	1.461931913369787e-14	1.722676907292274	3.073699867997271	316.5442226362627	15.455777363737322	13.492378254333518	NaN	0.12864410738905704	0.2196989313847875	-6.627311938478103	-0.4375831448588727	0.4329070375615491	0.18741641955089305	1	28.05870241540721	12	22	37	56	90	206	0.018136899155097058	1.0093917510405375	30.768700448699743	1.0133776859836687	57.65233737014129	1.0895623152160179	2.563037984916143	1.0895623152160179	1.3104499097224565	1.0895623152160179	-0.0009567868758726701	1.1488639099482878	NaN	NaN	800000009	800000009	800000009	800000009	800000019	800011019	899999999	899999999	89999	89999	89	89	10	0	0	55	16	0	0	NaN	0	0	0	0	0	0	0	0	0	NaN	NaN	NaN	NaN	0	0	0	0	0	0	0	0	17109	0	0	0	18000	18000	18000	18000	93	NaN	0.16531862237106998	0.2310049957834473	0.043074244615057704	0.07603438526646827	13.61883737804001	0.3128654305552772	1.3897759057234502e-7	NaN	0.02727991728506832	0.06818385738424926	0.03486157063592707	-9.567868758726701e-7	NaN	452.8376304651473	25.101792017336212	95893.03066688369	11.369999885559082	20.41101089604696	92.98583378516304	92.3848275366889	93.5868444243537	-1.202016772766907	0.00029094686421255285	-1	0	1.9837167616155411	73.9333063540216	1.0000618920789826	-273.1499938964844	9.000713843954934	-273.1499938964844	087
DATA	2026-07-04T000000_AIU-0547.ghg	2026-07-04	00:30:00	185.02	0	18000	18000	0.03611650663399338	0	NaN	23.41955815970819	0	NaN	23.955451132390312	1	NaN	2.673771669238661	0	NaN	0.5444872699062727	1	NaN	-0.0008249706351264221	1	NaN	NaN	NaN	NaN	NaN	NaN	NaN	NaN	NaN	NaN	3.1140814174799704e-11	1.7178892588727492e-12	1.4324512379278047e-13	NaN	17.52289580299288	458.37036578787075	470.2614403737384	0	0	966.654060980455	25.286093149413333	25.94206666355631	0.1	1	0.08060384562902499	2.0020067662727214	2.053942959264259	0.1	0	NaN	NaN	NaN	NaN	9	300.2109762013753	297.87819583214656	95490.96663368055	1.1061364470818373	1019.6887932756866	0.025935011524691815	0.03528277508992647	0.017569122956654484	2415.2411663664598	3107.7067309648337	0.01588332343898857	77.71779564336859	692.4655645983739	293.68648373909974	1.2835162760342365	0.4003264951809476	0.39299362311834907	1.4007566960040816	6.743615426019886e-16	1.7771499942082007e-15	1.4007566960040816	3.008514254199763	314.67739046007694	17.322609539923068	16.293516074997164	NaN	0.18069599091971847	0.24180503271723838	-21.32356618306363	-0.13599976547559584	0.9776296021427232	0.1149089434447024	1	16.182494055236976	7	13	23	36	62	159	0.03574132522785211	1.0104971319264038	24.710186013536486	1.0137795032509727	22.03142909982785	1.087330786570604	2.4590232358559674	1.087330786570604	0.5007558662286782	1.087330786570604	-0.008941374343432973	1.1479957228410795	NaN	NaN	800000009	800000009	800000009	800000009	800000009	800010009	899999999	899999999	89999	89999	89	89	3	1	0	59	7	0	0	NaN	0	0	0	0	0	0	0	0	0	NaN	NaN	NaN	NaN	0	0	0	0	0	0	0	0	16117	0	0	0	18000	18000	18000	18000	93	NaN	0.22220509529822186	0.21619372955726796	0.045211240578986935	0.07757592329447087	15.052513458577502	0.33888946497044675	1.0691748966424679e-7	NaN	0.021907845317775735	0.06542970127436036	0.01332411433164883	-0.000008941374343432974	NaN	458.3690956192447	25.285762324731365	95880.04827539063	11.369999885559082	20.526902607070074	92.95140405782064	92.34575874116686	93.55704634475708	-1.2112857504453927	0.0002909214347083536	-1	0	1.9813292380008436	72.36126427254115	1.000061274578174	-273.1499938964844	9.000694786336688	-273.1499938964844	236
DATA	2026-07-04T003000_AIU-0547.ghg	2026-07-04	01:00:00	185.041	0	18000	18000	0.04717522015455168	1	NaN	23.85089325082644	0	NaN	66.38988703737965	0	NaN	-8.293105712157097	1	NaN	1.5090460230398204	0	NaN	0.016116929698164587	2	NaN	NaN	NaN	NaN	NaN	NaN	NaN	NaN	NaN	NaN	3.232495047290923e-10	1.7663468167689387e-11	1.4715558680054773e-12	NaN	17.70166644683603	463.09516384568775	475.11808273541743	-0.1	0	967.2801264174777	25.30511745734787	25.96209122524097	0.1	1	0.08058478281396986	2.0019282273384764	2.053902470603023	0	1	NaN	NaN	NaN	NaN	9	300.262644891527	297.9189449403344	95486.19655996513	1.1059218707382172	1019.7004996620262	0.025939855156744605	0.09778618229298036	0.017579058234481002	2416.93756356358	3115.2762340016943	0.01589538890549904	77.58341097280254	698.3386704381141	293.69786912468385	1.2750096784249971	0.789280385198449	0.3866711070213386	1.5485889549979608	-7.238560817550096e-14	1.8260964621603154e-14	1.5485889549979608	3.4192409001077935	300.24088769253785	31.759112307462185	14.459318941097573	NaN	0.20653551618744787	0.31007327031218296	-31.265034377721722	-0.09275537538082575	0.3592549153969432	0.10240303429249062	0	65.31169598135948	-9.911301839307038	22.419391746942427	55.82745540369793	85.14039199141688	119.41061035098804	178.8988537679173	0.046711768842699626	1.0099215106456942	27.658215243449213	1.013543919991554	61.00539792690029	1.088262502884275	-7.620501202768152	1.088262502884275	1.3866562700086813	1.088262502884275	0.0038095468263328767	1.148294095473551	NaN	NaN	800000009	800000009	800000009	800000019	800000019	800011019	899999999	899999999	89999	89999	89	89	10	2	0	51	10	2	3	NaN	0	0	0	0	0	0	0	0	0	NaN	NaN	NaN	NaN	0	1	0	0	0	0	0	0	16560	0	0	0	18000	18000	18000	18000	93	NaN	0.29451770593061677	0.2599539766078845	0.06567485808586467	0.06743503120980861	20.12779475889032	0.20411883215916035	8.131838628721484e-8	NaN	0.02452601972572294	-0.20280815831638563	0.03690376746298186	0.0000038095468263328767	NaN	463.0945182260697	25.30491198266278	95876.78579882813	11.369999885559082	20.54004127332899	92.93879181543986	92.33251035435994	93.54507163789538	-1.2125628496408458	0.0002912097631795203	-1	0	1.981227768864896	71.82629417504205	1.000056223468648	-273.1499938964844	9.000657982243432	-273.1499938964844	081
DATA	2026-07-04T010000_AIU-0547.ghg	2026-07-04	01:30:00	185.062	0	18000	18000	0.04133555823278895	1	NaN	20.709774403903896	0	NaN	45.190393646891465	0	NaN	-1.7437998702113113	2	NaN	1.0272413385011927	0	NaN	0.011557811148955101	1	NaN	NaN	NaN	NaN	NaN	NaN	NaN	NaN	NaN	NaN	3.3713202825105254e-11	1.8494657657853136e-12	1.5585959913750891e-13	NaN	17.4505999479287	456.811008847369	468.55299498246785	0.1	1	957.3189282412342	25.06010261558183	25.704253854841113	0.1	1	0.08067591580375781	2.0049291122884783	2.056464319151703	-0.4	0	NaN	NaN	NaN	NaN	9	300.298872499254	297.98015978919136	95282.08100390628	1.103434304266128	1019.5603793226671	0.026000765541484873	0.06656523873487728	0.01736806772668408	2388.4192237509774	3126.677655646631	0.01574001067352644	76.38840605898743	738.2584318956538	293.5055306143746	1.2842490102768742	0.3127618843743823	0.3688731372060813	1.3722911163696034	8.54448739079224e-14	1.9319222792169298e-15	1.3722911163696034	3.5324572049391905	318.31281437191706	13.687185628082922	15.59292804561669	NaN	0.1935479887996342	0.3619758867394357	-29.586072955535446	-0.09801909176518206	0.4582782474905144	0.09511023912424141	1	14.467526367430057	6	12	21	33	58	155	0.04090101297893653	1.010624315199142	23.272618293220663	1.0138370201421365	41.56687503686984	1.0871732264407068	-1.603976098565573	1.0871732264407068	0.9448736535430281	1.0871732264407068	0.00182384355962483	1.1479605661203007	NaN	NaN	800000009	800000009	800000009	800000009	800001009	800011019	899999999	899999999	89999	89999	89	89	1	1	1	48	13	0	1	NaN	0	0	0	0	0	0	0	0	0	NaN	NaN	NaN	NaN	0	0	0	0	0	0	0	0	16767	17995	0	0	18000	18000	18000	18000	93	NaN	0.233716269218409	0.44653776349491	0.04369774076555246	0.061410960482902434	20.71469396824516	0.34027205346913997	1.1005765425790964e-7	NaN	0.02068644271208134	-0.04277688720674874	0.025199099748671423	0.00000182384355962483	NaN	456.8097142888687	25.059770658603135	95845.22472265625	11.369999885559082	20.375512097676584	92.97602553388808	92.37514757029216	93.5769015244378	-1.2017530902723468	0.0002907921452667021	-1	0	1.9842402669185149	74.22227698224391	1.0000556196437942	-273.1499938964844	9.00062616168128	-273.1499938964844	079
DATA	2026-07-04T013000_AIU-0547.ghg	2026-07-04	02:00:00	185.083	0	18000	18000	0.018940321767541138	1	NaN	19.962252146677375	0	NaN	54.873469744316104	0	NaN	2.618451933083589	1	NaN	1.2473214128512256	0	NaN	0.008781499181677947	2	NaN	NaN	NaN	NaN	NaN	NaN	NaN	NaN	NaN	NaN	-1.6864723115613007e-10	-9.264041594099854e-12	-7.887182583568316e-13	NaN	17.275125407796743	452.3456967913356	463.87199626935137	0.1	1	948.9481637143564	24.8480174934357	25.481174154582035	0.1	1	0.08079116823400063	2.0071135985079276	2.058257209659538	0	0	NaN	NaN	NaN	NaN	9	300.24638657040066	297.9554735175239	95431.82856184896	1.1053495382250145	1019.4388568050265	0.025957815585805632	0.08082642755275941	0.017249574850529206	2371.9278194439325	3122.0754025254773	0.015605538568576969	75.97279096863763	750.1475830815448	293.39338627164153	1.1064063829479247	0.100632192764503	0.35721303199690996	1.1669888914110915	1.0035155619097143e-14	-9.762431656792193e-15	1.1669888914110915	2.4208867993511767	326.80301361667955	5.196986383320509	17.824237829353915	NaN	0.13090126976307684	0.12619584878648407	-9.505809220135307	-0.3050766045101335	0.36378694913392284	0.1353333587467074	1	17.652262511832323	8	14	24	37	60	144	0.018720451645743878	1.0117449154517193	23.092654186713393	1.014398975513192	50.51475690436193	1.0862859312221655	2.4104628973125006	1.0862859312221655	1.148244101300181	1.0862859312221655	-0.0010743534460468747	1.1479818943994229	NaN	NaN	800000009	800000009	800000009	800000009	800000019	800010019	899999999	899999999	89999	89999	89	89	10	8	0	31	13	0	3	NaN	0	0	0	0	0	0	0	0	0	NaN	NaN	NaN	NaN	0	0	0	0	0	0	0	0	17010	18000	0	0	18000	18000	18000	18000	93	NaN	0.0856236281609316	0.12630715579232676	0.04046091361970977	0.059297793603105886	11.919587442398385	0.27938244529006323	2.822145926334576e-7	NaN	0.02049335365690737	0.06416515595729072	0.030565607095263854	-0.0000010743534460468747	NaN	452.3446764312023	24.84774235599776	95826.8092515191	11.360283552063835	20.23545811525981	93.00793681017558	92.41128814612495	93.60458848296271	-1.1933043274747004	0.0002915408478131414	-1	0	1.9867189704484414	74.63793184238008	1.0000396726363234	-273.1499938964844	9.00049196153217	-273.1499938964844	008
DATA	2026-07-04T020000_AIU-0547.ghg	2026-07-04	02:30:00	185.104	0	18000	18000	0.005095284906085768	0	NaN	15.242744985636332	0	NaN	52.63281522763525	0	NaN	3.035552051364946	0	NaN	1.196265916323651	0	NaN	0.0034402939504804796	1	NaN	NaN	NaN	NaN	NaN	NaN	NaN	NaN	NaN	NaN	-1.324904211104147e-10	-7.1687781496655955e-12	-6.141234309358659e-13	NaN	17.380216657780558	455.06422598003957	466.5519329448086	0.1	1	940.4069846597929	24.622568579365453	25.244144252448766	0.1	1	0.08056128280692634	2.000294997188812	2.050790732645298	0	0	NaN	NaN	NaN	NaN	9	300.1014895061917	297.8491432571411	95408.07713671876	1.1055640732115029	1019.3074294117522	0.025955011895809767	0.07751803137777259	0.017094913891142	2349.82206818917	3102.319763579168	0.01546261705256373	75.74403179761727	752.4976953899982	293.2419869671562	0.9276644237935622	-0.10171402150478828	0.29883503988073595	0.979902753544161	1.5989659864075793e-14	-7.623059235634043e-15	0.979902753544161	2.195895067922221	338.2572164937591	353.742783506241	17.75599663436425	NaN	0.06788788485244941	0.09692466477831518	-1.7361406135766124	-1.6703716146733807	0.28960535209283306	0.19924241590799666	1	19.678205875353356	9	15	25	37	58	126	0.005028902674614937	1.013200142409977	18.254924559246472	1.0152191993893407	48.46558972642592	1.0859831795038932	2.7952109283604827	1.0859831795038932	1.1015510542899367	1.0859831795038932	-0.0044083130043203606	1.1485429642936598	NaN	NaN	800000009	800000009	800000009	800000009	800000019	801011019	899999999	899999999	89999	89999	89	89	9	4	0	46	4	0	0	NaN	0	0	0	0	0	0	0	0	0	NaN	NaN	NaN	NaN	0	0	0	0	0	0	0	0	17451	606	0	0	18000	18000	18000	18000	93	NaN	0.050178478990402245	0.11735060924872012	0.026320241317507986	0.04030856232059321	39.65584524252705	0.26194056246528147	1.9677369452332042e-7	NaN	0.016199101834225398	0.07438169249335094	0.029312718748555882	-0.0000044083130043203605	NaN	455.0628736423805	24.62230894344235	95802.22881445312	11.369151532808937	20.084112249586347	93.03088065126207	92.43589590072631	93.62586581950717	-1.1899685910410338	0.0002909333276248718	-1	0	1.9801899764239783	73.4315189334803	1.0000391570528349	-273.1499938964844	9.00049108314514	-273.1499938964844	106
DATA	2026-07-04T023000_AIU-0547.ghg	2026-07-04	03:00:00	185.124	0	18000	18000	0.023394128394646864	0	NaN	31.225905086140457	0	NaN	55.3689527088051	0	NaN	2.055134411996086	0	NaN	1.258236963776155	0	NaN	0.0033279618971088394	1	NaN	NaN	NaN	NaN	NaN	NaN	NaN	NaN	NaN	NaN	-6.019281777990272e-11	-3.352644911939399e-12	-2.8145981190323295e-13	NaN	17.297889770748075	452.72251381019873	464.4336395916444	0.1	1	963.4651486036618	25.215929215942914	25.868220431280495	0.1	1	0.08088441413392625	2.0072088525432483	2.0591317735924544	0	1	NaN	NaN	NaN	NaN	9	299.99257133144795	297.67122070312496	95394.1379266493	1.1058127683686925	1019.6440712191455	0.02594329780335915	0.08153375525269484	0.017514776097506256	2406.097066563767	3069.5064864626825	0.01583882606396764	78.38709829007618	663.4094198989155	293.6249921090628	1.25743716054657	0.3368978506565257	0.4094644629635816	1.364664618479739	-1.5300580052945988e-14	-3.4797780872492857e-15	1.364664618479739	2.9808043632281773	317.00133581782075	14.99866418217927	17.46046736594896	NaN	0.14544963456394913	0.22342094037573293	-8.334774383672597	-0.34793983214242175	0.5639605511479131	0.1904023052783193	1	18.44641678135516	8	15	25	38	62	146	0.023147391887372023	1.0106593653607017	34.33015214741693	1.0138531324028897	50.93121932493078	1.08713188968759	1.8904186617013614	1.08713188968759	1.157391274887296	1.08713188968759	-0.009339954132879462	1.1479529533501904	NaN	NaN	800000009	800000009	800000009	800000009	800000009	800010009	899999999	899999999	89999	89999	89	89	7	2	1	19	2	0	0	NaN	0	0	0	0	0	0	0	0	0	NaN	NaN	NaN	NaN	0	0	0	0	0	0	0	0	16173	0	0	0	18000	18000	18000	18000	93	NaN	0.17831439969986682	0.22084301183810304	0.04768446921349599	0.10160357042366397	21.07842931020081	0.30949078239478894	3.448795748211984e-7	NaN	0.03044707167352037	0.050312716522529145	0.030803493585196233	-0.000009339954132879462	NaN	452.721001561956	25.215625362585936	95784.96583398437	11.390000343322754	20.466128938145108	92.95512394375271	92.34867986891005	93.56156661478678	-1.2128861200677032	0.0002907769124996978	-1	0	1.9865120671391487	72.84390117357073	1.0000476523290078	-273.1499938964844	9.000535443756316	-273.1499938964844	064
DATA	2026-07-04T030000_AIU-0547.ghg	2026-07-04	03:30:00	185.145	0	18000	18000	0.02747928317607499	0	NaN	22.57054423331368	0	NaN	21.050164795150618	0	NaN	3.7602490472086654	0	NaN	0.4781429253512939	0	NaN	0.00896598193160334	2	NaN	NaN	NaN	NaN	NaN	NaN	NaN	NaN	NaN	NaN	1.8351097837530007e-10	1.0180868847019245e-11	8.590103043071616e-13	NaN	17.463779884935132	456.46423978236817	468.324001622518	0	0	968.8600330936288	25.323839476647528	25.981798367829054	0.1	1	0.08174751726641426	2.0245083312794754	2.077108698536769	0	1	NaN	NaN	NaN	NaN	9	299.51035424126513	297.2110881491767	95375.97419596356	1.1072682532321576	1019.6970662579873	0.025908128411828393	0.03098366156276384	0.017613607124922055	2415.9337353316264	2986.0470609957238	0.015907262827690827	80.90742329178201	570.1133256640974	293.691132768049	1.070987653485324	0.2661548035471784	0.3608044764247839	1.1610481486903728	-3.992634407452484e-14	1.0508090435427616e-14	1.1610481486903728	3.1626362445105314	318.0439490599467	13.95605094005331	18.104889804405254	NaN	0.15753471645455916	0.22557884460993288	-14.6488457905948	-0.1979678154480899	1.0722264862512294	0.12689418986661713	1	14.39408357234091	6	12	20	31	52	131	0.027159248578389427	1.0117836322592597	23.677254623193544	1.014419805631983	19.37842947342981	1.086267843532571	3.461622351795151	1.086267843532571	0.4401703762088371	1.086267843532571	0.0002912513527706942	1.1479903928751685	NaN	NaN	800000009	800000009	800000009	800000009	800000019	800010019	899999999	899999999	89999	89999	89	89	18	10	4	41	6	0	6	NaN	0	0	0	0	0	0	0	0	0	NaN	NaN	NaN	NaN	0	0	0	0	0	0	0	0	16316	0	0	0	18000	18000	18000	18000	93	NaN	0.1799870223141908	0.223127033745825	0.04804363315984997	0.10137295450004445	13.926396711984207	0.23538676303723616	1.4554211235130713e-7	NaN	0.02097042954674828	0.09201495335574372	0.011700368358909048	2.912513527706942e-7	NaN	456.46390459781213	25.323604523125542	95767.19792730035	11.396383769512177	20.53308714230856	92.8992889298333	92.28097395282322	93.51760082626343	-1.236628472202354	0.00029072973025096065	-1	0	2.0035924163791874	71.42185343729592	1.000051534831524	-273.1499938964844	9.000607722918193	-273.1499938964844	113
DATA	2026-07-04T033000_AIU-0547.ghg	2026-07-04	04:00:00	185.166	0	18000	18000	0.033077153141428395	0	NaN	28.448396834827022	0	NaN	38.36735128577237	0	NaN	3.989591566899384	0	NaN	0.871352646118281	0	NaN	0.014277627208693907	0	NaN	NaN	NaN	NaN	NaN	NaN	NaN	NaN	NaN	NaN	2.7287479498155854e-10	1.4986813146521323e-11	1.268244454067325e-12	NaN	17.481735986271197	456.6297185244929	468.37611854181046	0.2	0	960.1308567937551	25.07899005160112	25.724125129817967	0.1	1	0.08125013786471555	2.0105203473666946	2.0622392243584007	0	1	NaN	NaN	NaN	NaN	9	299.30855233595105	297.04468856726754	95346.59957573784	1.1076508443173005	1019.5531379273289	0.02590160059967877	0.056463651468464604	0.017447701995630602	2391.8378353412886	2956.3567095467733	0.015751987266695466	80.90491338942557	564.5188742054847	293.52869282971216	1.7057792026334166	0.27258173483910475	0.46206573585607036	1.78815218439505	-8.565455611761783e-15	1.5609136026070484e-14	1.78815218439505	3.486853051349224	322.92095490869326	9.079045091306746	14.975384154636382	NaN	0.17280751322016877	0.24164577995867817	-15.336648002397455	-0.1890895585232618	0.74147408881406	0.1457747913149789	1	23.576937172602936	10	19	32	50	84	207	0.03277478965366285	1.0092254898036166	30.5611172179295	1.0133404898394947	35.19626105038593	1.090097360934072	3.659848844584691	1.090097360934072	0.7993346992158983	1.090097360934072	0.002436513831152219	1.1491300441128816	NaN	NaN	800000009	800000009	800000009	800000009	800000019	800000019	899999999	899999999	89999	89999	89	89	17	9	0	24	9	0	3	NaN	0	0	0	0	0	0	0	0	0	NaN	NaN	NaN	NaN	0	0	0	0	0	0	0	0	14234	0	0	0	18000	18000	18000	18000	93	NaN	0.19599814496255905	0.2274346024958482	0.0598588124589491	0.14684293754069405	22.296836276911076	0.2451514338403847	2.8809890579445723e-7	NaN	0.02706178741609576	0.09723515667225667	0.0212367881878053	0.000002436513831152219	NaN	456.62876063530285	25.078746371881458	95737.03719184028	11.399999618530273	20.3704590177536	92.89178585264418	92.26926286188761	93.5143075557285	-1.2450430369575813	0.0002901973554900098	-1	0	1.989884570462837	71.92652619022792	1.0000581302626266	-273.1499938964844	9.000617466714647	-273.1499938964844	194
DATA	2026-07-04T040000_AIU-0547.ghg	2026-07-04	04:30:00	185.187	0	18000	18000	0.022517363599181394	0	NaN	28.255161764891948	0	NaN	44.342406040854925	0	NaN	6.3985978833208295	1	NaN	1.007099428855976	0	NaN	0.008579376332017217	1	NaN	NaN	NaN	NaN	NaN	NaN	NaN	NaN	NaN	NaN	9.710212371552736e-11	5.351942747092051e-12	4.602422267818732e-13	NaN	17.32605014573869	452.573271609714	464.15120684686656	0.1	0	954.9536597664697	24.94431785668567	25.582454739255947	0.1	1	0.08212158081908194	2.032434791193761	2.0844294622499646	0	1	NaN	NaN	NaN	NaN	9	299.3601342714098	297.09444462585446	95344.63060720486	1.107499404809844	1019.4767661990345	0.025906474196699038	0.06526004298986725	0.01735074453073817	2378.944727409487	2965.2074603803926	0.01566659490324265	80.22860994368007	586.2627329709057	293.441185664213	1.9997794456889562	0.525379681389437	0.49223553048919927	2.1254264180377853	6.366894602930591e-15	5.604400477820933e-15	2.1254264180377853	3.6585043177760284	317.27996788429834	14.720032115701668	13.39092219601944	NaN	0.14258932711831215	0.20223660930928372	-8.674551644906838	-0.33431122652923523	0.6372040736548897	0.17550518209101598	1	34.381477788837074	15	27	46	69	112	261	0.022325738869874573	1.0085831304586919	30.713129408312398	1.0133178499421236	40.563016774632615	1.0931732786843873	5.853232976039642	1.0931732786843873	0.9212623913273846	1.0931732786843873	-0.0031694618834311253	1.1508532597657481	NaN	NaN	800000009	800000009	800000009	800000009	800000019	800000019	899999999	899999999	89999	89999	89	89	8	3	0	21	13	0	5	NaN	0	0	0	0	0	0	0	0	0	NaN	NaN	NaN	NaN	0	0	0	0	0	0	0	0	14032	0	0	0	18000	18000	18000	18000	93	NaN	0.1869198805840962	0.1650198391842368	0.05253349885023448	0.11250162812555642	21.003242435818656	0.26754966526756285	1.4444465176648474e-7	NaN	0.027202150272354536	0.1555169334526328	0.024477396097329695	-0.000003169461883431125	NaN	452.5713358010717	24.94405270539443	95736.56384657118	11.370858211252424	20.282985172695575	92.90729480828179	92.28665506786771	93.52793378512065	-1.2412740980188044	0.000290382501415378	-1	0	2.0116495719816943	71.97219009420607	1.0000650950305991	-273.1499938964844	9.000570573780271	-273.1499938964844	010
DATA	2026-07-04T043000_AIU-0547.ghg	2026-07-04	05:00:00	185.208	0	18000	18000	0.010986358882878449	0	NaN	34.68791575055221	0	NaN	70.55714683272609	0	NaN	1.8050724913283673	1	NaN	1.6026006722293997	0	NaN	0.015055384423044006	2	NaN	NaN	NaN	NaN	NaN	NaN	NaN	NaN	NaN	NaN	-2.149906494366767e-11	-1.1632335494000058e-12	-1.03597191169501e-13	NaN	16.927863935183744	442.1864188148311	453.02506344821296	0.1	0	915.9030544202313	23.92504412644024	24.51148242506437	0.1	1	0.08157001994177707	2.0186134897430317	2.0680926988198656	0	1	NaN	NaN	NaN	NaN	9	299.3272927576701	297.16854211934407	95347.64141970486	1.1076890397975256	1018.8940547468967	0.0259121171996776	0.1038485235604651	0.01663813493984675	2281.8084351387115	2978.431001081624	0.015020582800826516	76.61108933898645	696.6225659429124	292.768213174292	2.008070881131646	0.5300376753677042	0.50477863937497	2.137309073514461	-6.099989570047455e-15	-1.2700400373010386e-15	2.137309073514461	3.5345048262301844	317.2138040617035	14.786195938296478	13.66088598522919	NaN	0.09959051118888472	0.18301817973238405	-2.4070764739827157	-1.2047809994178122	0.4916286628311212	0.3086123897002173	1	35.72866165871934	16	28	45	67	105	228	0.010893050080074426	1.0085659023063434	38.63644639762453	1.0133213419028722	64.5366149532262	1.093288622030507	1.6510484559657284	1.093288622030507	1.4658532430832167	1.093288622030507	-0.0006481458660253295	1.15092369705858	NaN	NaN	800000009	800000009	800000009	800000009	800000019	800000019	899999999	899999999	89999	89999	89	89	4	2	0	22	12	0	5	NaN	0	0	0	0	0	0	0	0	0	NaN	NaN	NaN	NaN	0	0	0	0	0	0	0	0	14727	0	0	0	18000	18000	18000	18000	93	NaN	0.19182608611719562	0.12953691938772663	0.04467335395984587	0.1326220536452076	21.21672023324288	0.432281043391125	2.81529008503449e-7	NaN	0.03423342001126014	0.04383110347020078	0.03891464538036763	-6.481458660253295e-7	NaN	442.1845098953583	23.924626899908787	95740.86099348958	11.373050510936313	19.608146059142236	93.02523608483207	92.42224295319451	93.6282284910414	-1.2059791232910406	0.00029016269938438196	-1	0	1.9988550091319637	72.17085246488782	1.0000885154207548	-340.97999674479223	9.000569561454984	-273.1499938964844	040
DATA	2026-07-04T050000_AIU-0547.ghg	2026-07-04	05:30:00	185.229	1	18000	18000	0.01584813350754112	0	NaN	17.542731739350337	0	NaN	49.53841327668367	0	NaN	1.889917005195713	1	NaN	1.1253607011591655	0	NaN	0.01096208830090976	2	NaN	NaN	NaN	NaN	NaN	NaN	NaN	NaN	NaN	NaN	-1.7535173580948365e-10	-9.370413569720308e-12	-8.4828943720858e-13	NaN	16.807651251539426	439.11943254474295	449.6712300616229	0.1	0	898.1641535254975	23.465582878037306	24.02944787874958	0.1	1	0.08130944900629467	2.013180427318213	2.0615560414669747	0	1	NaN	NaN	NaN	NaN	9	299.4304629457262	297.3236363022337	95362.00907609526	1.107472188817577	1018.6345275568418	0.025921734830945623	0.07292337343511392	0.016312558301556153	2238.325373468414	3006.2760361152996	0.014729542164821948	74.45508484845493	767.9506626468856	292.45878838468496	2.1019298288060444	0.771663322665404	0.4898714357421051	2.292061803775726	1.4876846293959893e-14	-1.0432851871163322e-14	2.292061803775726	3.6750290056827355	311.840735748303	20.159264251697003	12.340750087026697	NaN	0.11962519152597843	0.1573445693334916	-8.248921054444626	-0.35156112912942017	0.354123811785615	0.1299940140298351	1	46.3678240252433	21	37	61	92	149	342	0.015716620628327644	1.0083677580774864	20.34500660214265	1.0133890303869393	45.24673332811785	1.0948506031903702	1.7261871160216171	1.0948506031903702	1.0278669052013942	1.0948506031903702	0.0019074021305906675	1.1518853862825977	NaN	NaN	800000009	800000009	800000009	800000019	800000019	800001019	899999999	899999999	89999	89999	89	89	3	0	1	33	23	0	1	NaN	0	0	0	0	0	0	0	0	0	NaN	NaN	NaN	NaN	0	2	0	0	0	0	0	0	14826	0	0	0	18000	18000	18000	18000	93	NaN	0.16298243575727508	0.10873168385499704	0.042975019054711135	0.1280677091944558	13.040494828158247	0.22811627279336594	2.400032703000882e-7	NaN	0.0180346041126052	0.04582127605820272	0.02728451207704053	0.0000019074021305906675	NaN	439.12259586838013	23.465356104068878	95755.61246853299	11.380000114440918	19.30112036726209	93.06750405184428	92.47223470687867	93.66277691819933	-1.1905352707174095	0.00029053081271639613	-1	0	1.9938026954105603	72.27423781264271	1.0000867875251505	-345.66349694146135	9.000562462541792	-273.1499938964844	078
DATA	2026-07-04T053000_AIU-0547.ghg	2026-07-04	06:00:00	185.249	1	18000	18000	0.02290292857894535	1	NaN	24.181016081510787	1	NaN	72.2266973243162	1	NaN	14.596151918769133	1	NaN	1.6413733358918479	1	NaN	0.027469857809321426	1	NaN	NaN	NaN	NaN	NaN	NaN	NaN	NaN	NaN	NaN	-2.284776833622186e-10	-1.232631184406089e-11	-1.069986347525332e-12	NaN	17.371103467135626	454.30302994058206	465.717548543294	0	0	937.1665331178185	24.509530805560296	25.12534112793565	0.6	0	0.08135080537304953	2.018559083368837	2.0692760689253715	-0.2	0	NaN	NaN	NaN	NaN	9	299.92893915049234	297.70321887969965	95357.93625759549	1.1055723776838917	1019.2395366648074	0.025955936746362575	0.10636099216579173	0.017015827900931313	2337.8051995917326	3075.385302856166	0.01539096692753708	76.01666033262792	737.5801032644335	293.1591607170365	2.1652582624272516	1.0550115163265157	0.4661362410924101	2.4532989295744527	-3.989845924873213e-14	-1.3152744371966656e-14	2.4532989295744527	3.930324382538566	306.0225670773335	25.977432922666456	10.95300886319777	NaN	0.14393019694286258	0.1517729418733798	-10.425076808573788	-0.27817540851257644	0.33479332403822765	0.14909366306068045	1	42.351550003660726	19	34	56	86	140	328	0.022716482084254076	1.0082075426115609	28.2863155887427	1.0134980957334618	65.86729013822954	1.0965487903440505	13.310991765527806	1.0965487903440505	1.496853902302746	1.0965487903440505	0.01356655160387379	1.1529736172220364	NaN	NaN	800000009	800000009	800000009	800000009	800000009	800011009	899999999	899999999	89999	89999	89	89	10	7	2	50	26	0	0	NaN	0	0	0	0	0	0	0	0	0	NaN	NaN	NaN	NaN	0	0	0	0	0	0	0	0	12439	0	0	0	18000	18000	18000	18000	93	NaN	0.1794287695458371	0.0864147879038778	0.03770232629704471	0.24149099349750167	154.68982065369195	0.5132748729541055	4.704214486848665e-7	NaN	0.02510226680315666	0.35418243412215006	0.0398286895508273	0.00001356655160387379	NaN	454.30033125813895	24.509038096999568	95753.51613671875	11.380000114440918	19.998398711416428	92.98864703687033	92.38352259339226	93.59376597785948	-1.2102477775216085	0.0002906733958095881	-1	0	1.9983197867009372	72.02445120853847	1.0000773065057065	-273.1499938964844	9.000637877252366	-273.1499938964844	059
DATA	2026-07-04T060000_AIU-0547.ghg	2026-07-04	06:30:00	185.27	1	18000	18000	0.01656224033107488	0	NaN	20.676560327033588	0	NaN	41.73949027104007	0	NaN	-3.3672916301364637	2	NaN	0.9487628081419027	0	NaN	0.010828352718722848	2	NaN	NaN	NaN	NaN	NaN	NaN	NaN	NaN	NaN	NaN	9.303553649633603e-11	5.27467713844426e-12	4.395043375003212e-13	NaN	17.198527764450958	450.16503341808664	461.9551635713341	0.1	1	975.0755961687928	25.522239132687652	26.190684033642952	0.1	1	0.08124667020535303	2.0189540038346734	2.071831790227566	0	1	NaN	NaN	NaN	NaN	9	300.31689756944445	297.9425585284763	95386.67403125	1.1045900702889182	1019.8252224900273	0.02596897791817567	0.061479829967595295	0.017710006088810456	2435.13452858982	3119.670020873253	0.016033102745689358	78.05743916172842	684.5354922834331	293.81955995909493	1.6996182806326139	0.7624334890874133	0.45671768271604546	1.9179671964994924	1.0165690845351e-14	5.409505846694551e-15	1.9179671964994924	3.484568536041382	307.8394242981546	24.16057570184538	13.77595637095698	NaN	0.12245005195915575	0.14170233603527754	-7.510549397529857	-0.3861235505559394	0.49537165386467397	0.14989682550109523	1	35.34403673939354	16	28	46	70	114	261	0.01641548899985731	1.0089398086903685	23.040781811961075	1.0133011649828578	38.25023764200824	1.0912217242070088	-3.085799664209834	1.0912217242070088	0.8694500733399245	1.0912217242070088	0.001312570059896266	1.1497276120479019	NaN	NaN	800000009	800000009	800000009	800000009	800000019	800010019	899999999	899999999	89999	89999	89	89	0	2	1	19	15	0	5	NaN	0	0	0	0	0	0	0	0	0	NaN	NaN	NaN	NaN	0	0	0	0	0	0	0	0	16218	0	0	0	18000	18000	18000	18000	93	NaN	0.1281791402381987	0.1251501070035437	0.03007542482881266	0.08184080350716318	158.01371019357725	0.22075705627418704	4.403964928805193e-7	NaN	0.020453626810732147	-0.08223443319135473	0.023170244912058748	0.000001312570059896266	NaN	450.1695705354274	25.52201703243955	95781.82049978299	11.380000114440918	20.662380555258864	92.89563271925184	92.28276064512465	93.50850213623048	-1.2257412437200552	0.00029085589260729555	-1	0	1.9978364211067003	71.81067497634888	1.0000661447644235	-273.1499938964844	9.000706777943504	-273.1499938964844	070
DATA	2026-07-04T063000_AIU-0547.ghg	2026-07-04	07:00:00	185.291	1	18000	18000	0.02420053970393683	0	NaN	17.849222649587748	0	NaN	63.160462914254126	1	NaN	3.61347436571762	1	NaN	1.4357907468719386	1	NaN	0.0314155679752745	1	NaN	NaN	NaN	NaN	NaN	NaN	NaN	NaN	NaN	NaN	-1.0404036865641249e-10	-6.183877886166575e-12	-5.019568000544588e-13	NaN	16.81493428511363	440.2767622510865	452.1079103944704	0.1	1	999.4341775782383	26.16885896347413	26.872070383393712	0.1	1	0.08112591983170973	2.017222721523283	2.0714296724750376	0	1	NaN	NaN	NaN	NaN	9	300.46215839131673	298.0263673409356	95404.08519618056	1.1042083284197717	1020.1985382816889	0.025971542130270704	0.09303924039730162	0.018156905902475103	2497.2857408646883	3135.308021149754	0.016443369819949993	79.65041150722105	638.0222802850658	294.22927152314355	1.9612656956828303	1.166113949970122	0.5185244493335742	2.3399257419700104	1.9347655694977888e-14	-6.187378843848358e-15	2.3399257419700104	3.57300371866626	301.26546263914145	30.73453736085856	12.80294836792089	NaN	0.14804270659152677	0.14384627968365749	-15.378824084850391	-0.18857098462142996	0.28260120059315647	0.10702779423819675	1	41.27547054279612	18	33	56	87	144	349	0.024000956157126024	1.0083156498226238	21.48574239945237	1.0134175980112041	57.662583181215574	1.095345706517525	3.2989350706509626	1.095345706517525	1.3108105854879404	1.095345706517525	0.01951210900522132	1.1521997504775459	NaN	NaN	800000009	800000009	800000009	800000009	800000009	800011009	899999999	899999999	89999	89999	89	89	12	5	3	47	63	0	0	NaN	0	0	0	0	0	0	0	0	0	NaN	NaN	NaN	NaN	0	0	0	0	0	0	0	0	15030	0	0	0	18000	18000	18000	18000	93	NaN	0.10477888153879603	0.14124389255115158	0.04166978527736736	0.13219257142763038	62.175784899123336	0.2502596817612816	6.295746281284051e-7	NaN	0.019072808536451023	0.08798142218839256	0.03495885098098388	0.000019512109005221318	NaN	440.28732274908845	26.168609562976723	95798.8258454861	11.360567447450425	21.071915478388437	92.79746576987372	92.17537577735052	93.41955774010552	-1.2441794704397504	0.00029104381965428026	-1	0	1.9956595844427731	71.644552204344	1.0000654296808773	-273.1499938964844	9.000704181353251	-273.1499938964844	104
DATA	2026-07-04T070000_AIU-0547.ghg	2026-07-04	07:30:00	185.312	1	18000	18000	0.023918992758251195	1	NaN	13.529310348546545	1	NaN	47.30853986113619	0	NaN	7.403240330791741	0	NaN	1.075777317817375	0	NaN	0.03598118747230759	0	NaN	NaN	NaN	NaN	NaN	NaN	NaN	NaN	NaN	NaN	1.659947542783812e-10	1.0132144718496969e-11	8.094434056446977e-13	NaN	16.650920320160754	436.25989590371915	448.194805414639	0.1	1	1016.3546138156669	26.628843901656897	27.357338189880046	0.1	1	0.0811952022801046	2.022270569818896	2.077594509708873	-0.2	0	NaN	NaN	NaN	NaN	9	300.8155048226251	298.35122828335227	95424.92162000868	1.1030530953725501	1020.4695368671709	0.0259941749999581	0.0697103701945659	0.0184599732567139	2541.736953343304	3196.5723369126904	0.01673534423152962	79.51445127621173	654.8353835693865	294.5168591338194	1.8614129317205084	0.6842189067653087	0.44664602055740665	2.032856680248524	4.0559799164004893e-14	9.96910387454059e-15	2.032856680248524	3.661269025663333	311.8175616587962	20.18243834120377	12.692205004051809	NaN	0.14725607985683503	0.2962008280541336	-19.972489222093536	-0.14519972787328003	0.2859802984463029	0.08162176128458977	1	35.85237491249007	16	29	50	78	130	325	0.023712016657456432	1.0087287430582028	16.269105668587294	1.0132995141567795	43.311562363119926	1.092284306543966	6.777759495800052	1.092284306543966	0.9848876445192004	1.092284306543966	0.025858875089758947	1.1503273530572984	NaN	NaN	800000009	800000009	800000009	800000009	800000019	800011019	899999999	899999999	89999	89999	89	89	4	7	4	34	11	0	2	NaN	0	0	0	0	0	0	0	0	0	NaN	NaN	NaN	NaN	0	0	0	0	0	0	0	0	14232	0	0	0	18000	18000	18000	18000	93	NaN	0.4419454982789315	0.11954999398344421	0.030906163845891486	0.18356538762533048	84.20599152185878	0.28523331973574534	7.863861069127335e-7	NaN	0.014453306669012103	0.18100347254829804	0.02630191936411372	0.000025858875089758945	NaN	436.25929474312727	26.6285613272096	95819.83687825521	11.37525249263975	21.359174269994092	92.76389128536648	92.13988856612312	93.38789234288534	-1.2480039612717106	0.00029128358335583465	-1	0	2.000268619941341	71.51728668382434	1.000056024842792	-273.1499938964844	9.000673864629533	-273.1499938964844	224
DATA	2026-07-04T073000_AIU-0547.ghg	2026-07-04	08:00:00	185.333	1	18000	18000	0.09473504813421955	1	NaN	-22.494332295431832	2	NaN	63.06860995879138	1	NaN	39.03056790764131	1	NaN	1.4351543323682239	1	NaN	-0.016460883138024286	2	NaN	NaN	NaN	NaN	NaN	NaN	NaN	NaN	NaN	NaN	3.1963495996509746e-10	1.941183047695797e-11	1.5454666974252e-12	NaN	16.568909440827998	435.0136372000985	446.81808931672924	0.1	0	1006.2505718665515	26.4189217018542	27.135820827614488	0.1	1	0.0801123186157415	2.001585435575191	2.055900099326122	0.9	0	NaN	NaN	NaN	NaN	9	301.4157576802571	299.06822223154705	95452.49308940972	1.1008148141655725	1020.3629732161908	0.026049117410731615	0.0929980007374609	0.018275819856690426	2522.4283744391764	3335.4943614058966	0.016602083857804605	75.62382367140275	813.0659869667202	294.3924831421005	0.9754782724515789	0.029633899073560288	0.3275681235195054	1.0294352352360694	-7.500674811948224e-14	1.9291249137826437e-14	1.0294352352360694	3.458707920018827	330.2599557885501	1.7400442114501349	18.5542109228395	NaN	0.2933581832111921	0.36222657103967015	94.99236836547958	0.030528768256859948	-0.35666446922057554	-0.06826623368282624	0	110.6233061132612	-16.787513490133822	37.97340122361817	94.55913823475578	144.20865213112344	202.2546850689475	303.01437386235096	0.09393553961563543	1.008511246348885	-18.671531806695967	1.013538245278977	57.2225632511825	1.1021633141798846	35.41269012086816	1.1021633141798846	1.302124933668398	1.1021633141798846	-0.011858369968545756	1.1839335976576604	NaN	NaN	800000009	800000009	800000009	800000009	800000009	800010009	899999999	899999999	89999	89999	89	89	1	1	2	8	0	0	0	NaN	0	0	0	0	0	0	0	0	0	NaN	NaN	NaN	NaN	0	0	0	0	0	0	0	0	14218	0	0	0	18000	18000	18000	18000	93	NaN	0.44773499525684113	0.2412313427987384	0.035486804023760865	0.1463221409409216	210.38051929297234	0.40627240103217294	3.417106198103757e-7	NaN	-0.016623060777548427	0.9475081818646658	0.0348398843535964	-0.000011858369968545756	NaN	435.0086986524799	26.418527645113436	95851.15574674479	11.40999984741211	21.234214423709457	92.84663125016954	92.23862765545314	93.45463918177288	-1.2160155817800071	0.0002921166416086231	-1	0	1.9800604060027334	71.80767801962958	1.000046514827344	-273.1903688981798	9.00057663906945	-273.1499938964844	236
DATA	2026-07-04T080000_AIU-0547.ghg	2026-07-04	08:30:00	185.354	1	18000	18000	0.027675580170736975	1	NaN	-4.889784217907896	2	NaN	31.661001077639373	1	NaN	9.994219209217169	1	NaN	0.7208896840170094	1	NaN	0.020365739116474265	2	NaN	NaN	NaN	NaN	NaN	NaN	NaN	NaN	NaN	NaN	1.4489163012745618e-10	8.801809966795257e-12	6.942766430942242e-13	NaN	16.58060655841487	436.78588237930046	448.69130835144693	0.2	0	1007.2310452507782	26.533667469264497	27.2568927990396	0.1	1	0.07944922596092031	1.9906112883888936	2.044869166881068	0	1	NaN	NaN	NaN	NaN	9	301.41095738474525	299.6812743810017	95471.93894010417	1.0987385449865184	1020.4414620217142	0.026097198222472067	0.04671365152430221	0.018321380399247283	2533.9001901138427	3458.421400060478	0.01667492278563149	73.26753732409624	924.5212099466353	294.4664787978007	0.6662458458410543	-0.4653531890208386	0.2579190943556789	0.8526191276681638	1.8155965078592296e-14	8.738620605765584e-15	0.8526191276681638	1.9880508655203422	6.933170165953186	325.0668298340468	17.607948452335663	NaN	0.15870886535161197	0.11490845214818914	69.20836712780213	0.041902447931545295	-0.15444187017072283	-0.02747932440121961	1	8.156694126942632	4	7	14	26	53	201	0.027422465524298438	1.0092301928947365	-2.9982097564582464	1.0138649784294302	28.747688894750905	1.1013407440700536	9.07459318383436	1.1013407440700536	0.654556446675104	1.1013407440700536	0.017453027394713494	1.1839926423932086	NaN	NaN	800000009	800000009	800000009	800000009	800000019	800010019	899999999	899999999	89999	89999	89	89	1	1	0	27	4	1	2	NaN	0	0	0	0	0	0	0	0	0	NaN	NaN	NaN	NaN	0	0	0	0	0	0	0	0	11066	0	0	0	18000	18000	18000	18000	93	NaN	0.1262295777707265	0.08529422302298519	0.018293103502666573	0.06236143567160553	236.02883831370676	0.1585904541229513	1.553664693548985e-7	NaN	-0.002674111775489968	0.24327825287373078	0.01754782231318407	0.000017453027394713495	NaN	436.7841771991937	26.533502363192994	95880.07477452257	11.397232386218175	21.312292576418983	92.89997864320543	92.30961997392441	93.49033849165174	-1.1807195179131271	0.0002927817560864948	-1	0	1.969129883444972	72.14512438986037	1.0000339164021943	-273.1499938964844	9.000415195345878	-273.1499938964844	094
DATA	2026-07-04T083000_AIU-0547.ghg	2026-07-04	09:00:00	185.374	1	18000	18000	0.018304172917056747	1	NaN	-1.5673845028762097	2	NaN	52.001018590230956	0	NaN	15.069271929516006	0	NaN	1.1853458623466977	0	NaN	0.00245773220667044	2	NaN	NaN	NaN	NaN	NaN	NaN	NaN	NaN	NaN	NaN	7.2159568099135586e-12	4.518140244522029e-13	3.542412605560442e-14	NaN	16.17990873850646	428.61765654551095	440.43773503350775	0.2	0	1013.0755872001318	26.837115777778504	27.577208515537933	0.1	1	0.07942940095395253	2.0008138716618196	2.0559907330014187	0.4	0	NaN	NaN	NaN	NaN	9	302.3311544960869	300.83870288425015	95488.88509765625	1.0945787171102797	1020.6402077828358	0.0261933414891347	0.076810411880066	0.01846289198352903	2563.333667589497	3701.30046747137	0.016867578087276916	69.25494674418309	1137.9667998818732	294.6549977535745	0.6326072053105424	-0.4478977991018401	0.20091184576891785	0.8007308439303161	1.2892798501989097e-14	4.4598254084958775e-16	0.8007308439303161	2.1159602324696167	7.299211545341336	324.70078845465866	14.531402542481828	NaN	0.12931578936848495	0.09935281019114729	116.81890360077213	0.024824749339462486	-0.030141419252327155	-0.010849365009199518	1	10.580191025274276	5	9	18	33	66	240	0.018029474006870674	1.015236102289029	1.5656154569483578	1.0164495452860602	47.866301050115766	1.086380552693766	13.871080343025804	1.086380552693766	1.091096356067438	1.086380552693766	-0.0004195618019092136	1.1498243872311353	NaN	NaN	800000009	800000009	800000009	800000009	800000009	800100009	899999999	899999999	89999	89999	89	89	7	16	5	7	0	4	1	NaN	0	0	0	0	0	0	0	0	0	NaN	NaN	NaN	NaN	0	0	0	0	0	0	0	0	4619	0	0	0	18000	18000	18000	18000	93	NaN	0.07487540282747489	0.09577327250653483	0.02805694504828484	0.21692139549482714	240.38537962805628	0.3299237882467208	8.364379498842437e-8	NaN	0.0014014106953244493	0.3733523316776256	0.029367818406989165	-4.195618019092136e-7	NaN	428.61285243885885	26.836792464865372	95896.47540581597	11.390000343322754	21.49910092655817	92.94549111514621	92.37228217082553	93.51870158343844	-1.1464199203352143	0.00029481279320154696	-1	0	1.9790408942235844	72.30792856322395	1.0000180580003395	-273.1499938964844	9.00025029820866	-273.1499938964844	059
DATA	2026-07-04T090000_AIU-0547.ghg	2026-07-04	09:30:00	185.395	1	18000	18000	0.029438312549989055	1	NaN	39.47610346056609	0	NaN	-31.97583256951892	1	NaN	-9.322280533949654	0	NaN	-0.7296854986584542	1	NaN	0.01674744041847844	2	NaN	NaN	NaN	NaN	NaN	NaN	NaN	NaN	NaN	NaN	-1.1182862053670835e-10	-7.501462224539882e-12	-5.760345023445248e-13	NaN	15.643468891194017	416.41833701808173	428.38454646439885	0.1	1	1049.363663656535	27.93333593631758	28.736029090374814	0.1	1	0.08058024658117849	2.0412124624229238	2.099868803122744	0	1	NaN	NaN	NaN	NaN	9	302.9771887664795	301.9748588290744	95484.60346375869	1.0899549342845476	1021.2945048791055	0.02629344297646723	-0.047283620313067834	0.019143887799229126	2667.9189544048713	3954.02617512165	0.017563925990935834	67.4734773176556	1286.1072207167786	295.3098754656925	0.09261619925144933	-0.21576652661191573	0.17760987345530768	0.29441165316401086	8.971077469091777e-14	-7.148582025797274e-15	0.29441165316401086	1.8078535342366322	38.76892606941999	293.23107393058	37.10449281775351	NaN	0.1643433687765784	0.12044288797543629	-9.522232882929892	-0.3045504174970041	-1.2345606130736633	0.21578564814384696	1	1.0742812485951545	1	1	1	2	4	11	0.028496079063158215	1.0330653731252812	36.840089127393796	1.0280521596222165	-29.10686838971599	1.0985665699720755	-8.485858562204944	1.0985665699720755	-0.664216005295885	1.0985665699720755	0.005454799573368869	1.1661058519195204	NaN	NaN	800000009	800000009	800000009	800000009	800100019	801101019	899999999	899999999	89999	89999	89	89	5	9	1	5	2	0	2	NaN	0	0	0	0	0	0	0	0	0	NaN	NaN	NaN	NaN	0	0	0	0	0	0	0	0	2616	0	0	0	18000	18000	18000	18000	93	NaN	0.04214762773162584	0.16292761539718043	0.0358105328220663	0.16201478522662596	137.29207545913246	0.7861810036274431	5.827145213150496e-7	NaN	0.0330949047315086	-0.22953586038040732	-0.01796652526511271	0.000005454799573368868	NaN	416.41505150334433	27.93259247653152	95893.95527256944	11.37056767633226	22.15040827274315	92.9463889272478	92.37777089479235	93.51500782118902	-1.13723596241739	0.0002958991547428821	-1	0	2.0181687382128484	72.06599720573428	1.0000018695344528	-273.1499938964844	9.000141448312336	-273.1499938964844	067
DATA	2026-07-04T093000_AIU-0547.ghg	2026-07-04	10:00:00	185.416	1	18000	18000	0.048387912905681	1	NaN	16.73459112623753	1	NaN	65.70340330225976	1	NaN	-7.312203136892374	1	NaN	1.5010277155895027	1	NaN	0.03548213603705478	2	NaN	NaN	NaN	NaN	NaN	NaN	NaN	NaN	NaN	NaN	1.1188821333874108e-10	7.63887571858133e-12	5.880081310876e-13	NaN	15.215187046161283	406.74282095543094	418.36039821634546	0.2	0	1038.7771813704642	27.76930443331963	28.56246419697111	0.1	1	0.07996064493474038	2.0360287618455124	2.0941827604597285	0	1	NaN	NaN	NaN	NaN	9	304.736006306966	303.12480234951437	95457.96229904515	1.0855851413247484	1021.2262472751601	0.02640093655926564	0.09726659597019977	0.01895398192935049	2651.5122650315975	4224.975640294994	0.017459691743957357	62.75804858478343	1573.4633752633968	295.2086453619321	-0.6503594245181797	-0.12371166549171213	0.16815064722855158	0.6830421637071511	-1.9204914627726468e-14	7.353719214840013e-15	0.6830421637071511	2.1505679755675304	141.22984237331673	190.77015762668327	14.251520565491443	NaN	0.2111234625431385	0.11329875754430675	-47.61267521931495	-0.060908150752755054	0.25469900013021046	0.07149781125274113	0	80.18166125133385	-12.16787643771882	27.523769632736915	68.5380780646217	104.52489354142578	146.5976493966808	219.62999238551504	0.04757258638767885	1.0171385787469676	20.576340686660554	1.0176427525930394	60.43347437067723	1.0872021505707032	-6.725707020588573	1.0872021505707032	1.380633504819293	1.0872021505707032	0.023131811195881584	1.1512849250232453	NaN	NaN	800000009	800000009	800000009	800000009	800000009	800000009	899999999	899999999	89999	89999	89	89	2	12	2	3	11	2	0	NaN	0	0	0	0	0	0	0	0	0	NaN	NaN	NaN	NaN	0	0	0	0	0	0	0	0	4419	0	0	0	18000	18000	18000	18000	93	NaN	0.0977857195583896	0.08771836173187927	0.04109343379834463	0.5644565785015623	14.68090364440468	0.3876594205723044	5.860251604366284e-7	NaN	0.018560184250045103	-0.18263805659996607	0.037491407137584344	0.000023131811195881585	NaN	406.7451746805289	27.76889371991156	95859.44474782987	11.36694926018185	22.051445134427745	92.93857045364379	92.36991653654312	93.5072289627923	-1.1373130679329246	0.00029744487732791134	-1	0	2.0131910290983006	71.69261076482134	1.0000194023814466	-273.1499938964844	9.000235207425224	-273.1499938964844	015
DATA	2026-07-04T100000_AIU-0547.ghg	2026-07-04	10:30:00	185.437	1	18000	18000	0.26777484964189674	1	NaN	-59.43307149486429	2	NaN	27.250705078092984	0	NaN	4.433970207904208	1	NaN	0.6231130061838425	0	NaN	-0.010842893028131005	1	NaN	NaN	NaN	NaN	NaN	NaN	NaN	NaN	NaN	NaN	-3.5905331372265617e-10	-2.3975659246098927e-11	-1.8757032157110614e-12	NaN	15.147970226643054	406.0344621028816	417.3499927300341	0	0	1011.5004054929269	27.112808971514823	27.86839956526983	0.1	1	0.07913336370864674	2.0228368730870296	2.0792100993215796	0	1	NaN	NaN	NaN	NaN	9	305.6584644037881	304.0406084111531	95446.9347313368	1.0824616932542153	1020.8721785535636	0.02648375901694002	0.04037772280071299	0.01844801660237593	2588.5286674997465	4452.164335661691	0.0170426507629249	58.1409056886269	1863.635668161945	294.8148700598412	-0.2760644244689846	0.021844760747152997	0.17448003103543194	0.32731031340249866	-1.1261548700771099e-14	-2.3703064394141344e-14	0.32731031340249866	3.0365404189350653	156.52434272234422	175.47565727765578	32.213267438504936	NaN	0.49736889790645694	0.40421316204769997	175.25015153851027	0.016547774564193405	-2.1809737151587654	-0.10813484115819949	0	77.77335223396825	-11.802406253017939	26.69707507984361	66.47949173877167	101.38541950551203	142.19449242217058	213.03326087744625	0.26344473042293587	1.0164365376069935	-57.313591555896515	1.0169743544582408	24.791423605405207	1.0991988807029052	4.033819798896461	1.0991988807029052	0.5668792218796475	1.0991988807029052	0.005589069908992026	1.181101211983609	NaN	NaN	800000009	800000009	800000009	800000009	800001019	800011119	899999999	899999999	89999	89999	89	89	7	1	0	21	26	6	6	NaN	0	0	0	0	0	0	0	0	0	NaN	NaN	NaN	NaN	0	0	0	0	0	0	0	0	3718	0	0	0	18000	18000	18000	18000	93	NaN	0.3369673221421194	0.22532746749102212	0.2461315344622584	0.3272378473034419	11.647661877699422	0.1952324594148573	1.2115327374760426e-7	NaN	-0.05186492089162604	0.10980873328942488	0.015431598927579332	0.0000055890699089920264	NaN	406.03281188995396	27.112581473680695	95852.51277126736	11.359999656677246	21.65999671883054	93.00283903270298	92.4459481133355	93.55972867223952	-1.113783380680613	0.000297868259165423	-1	0	2.0007563740127616	71.2670511312273	1.0000120442840787	-273.1499938964844	9.000152903662787	-273.1499938964844	247
DATA	2026-07-04T103000_AIU-0547.ghg	2026-07-04	11:00:00	185.458	1	18000	18000	0.18292203946894692	1	NaN	53.48817078030475	1	NaN	145.43824082796755	1	NaN	0.8266020205453674	2	NaN	3.3265717503040406	1	NaN	-0.024725022538195113	1	NaN	NaN	NaN	NaN	NaN	NaN	NaN	NaN	NaN	NaN	3.506180997219792e-10	2.324821800894848e-11	1.862376336376524e-12	NaN	14.933238660242083	401.3537799709056	412.3267503465626	0.2	0	990.1690421237616	26.612317455596077	27.33989543203623	0.4	0	0.07932080610884251	2.0300350079716427	2.0855359528129602	-0.8	0	NaN	NaN	NaN	NaN	9	306.18439214748804	304.3452249077691	95440.5966781684	1.0815132165999994	1020.5937363520452	0.026512053444255057	0.21556184941970183	0.018088148840480125	2540.5767570202497	4530.048356665415	0.01672485232990923	56.08277344947324	1989.471599645165	294.50940914437024	0.17900044633530035	0.27030280770949217	0.18979352666459973	0.3756678724720104	-3.9689606657560764e-14	2.3479039456823046e-14	0.3756678724720104	3.377354798035325	275.5133992683106	56.486600731689414	30.345710849013006	NaN	0.41126059724874553	0.4693338775910295	-110.0748843527636	-0.026345701083874823	0.36777239930709515	0.11783000993351868	0	86.16581697466131	-13.075995155754303	29.577936645553066	73.65324437217245	112.32584490804157	157.53859460750238	236.02152201257528	0.17806905506621423	1.0272533843734282	61.48036862947924	1.0242137376351534	132.93839624776612	1.0940273459964467	0.7555588291008332	1.0940273459964467	3.0406659965836402	1.0940273459964467	-0.04607578438169191	1.1604554050288252	NaN	NaN	800000009	800000009	800000009	800000009	800000019	801011019	899999999	899999999	89999	89999	89	89	4	6	2	23	28	7	0	NaN	0	0	0	0	0	0	0	0	0	NaN	NaN	NaN	NaN	0	0	0	0	0	0	0	0	1709	0	0	0	18000	18000	18000	18000	93	NaN	0.43753104472699533	0.37088490966509313	0.1302518007899706	0.1627069152361599	2.4490851569829424	0.39064334460103745	8.422324404478063e-8	NaN	0.05569955597701205	0.02057922379833304	0.0828188932874282	-0.00004607578438169191	NaN	401.35404416710594	26.61192734094693	95845.66072092013	11.359999656677246	21.35253673738902	93.04240970569187	92.48967466884189	93.59513967090183	-1.1054616648621034	0.0002988569098670268	-1	0	2.0082898794313273	71.14130275347497	1.000006802957919	-273.1499938964844	9.000105270677142	-273.1499938964844	138
DATA	2026-07-04T110000_AIU-0547.ghg	2026-07-04	11:30:00	185.479	1	18000	18000	0.16846022586228615	1	NaN	40.51007472764078	1	NaN	69.89524003729441	1	NaN	1.4902561887890842	1	NaN	1.59882588076054	1	NaN	-0.0058197013146106535	1	NaN	NaN	NaN	NaN	NaN	NaN	NaN	NaN	NaN	NaN	1.0910255540588255e-9	7.074806372395067e-11	5.858146216121539e-12	NaN	14.735506491343033	396.50397017244444	406.96771483371265	0.1	1	955.5308291138487	25.71148589893344	26.39001232879801	0.4	0	0.07912074219871228	2.0249477584661877	2.0783861547772826	-0.5	0	NaN	NaN	NaN	NaN	9	306.45789660898845	304.42839902665884	95438.06201432292	1.0815610477961726	1020.0819977017018	0.0265200031946143	0.10360391707328298	0.0174706232287086	2454.51260616558	4551.51882273536	0.016153154983075034	53.92733067267584	2097.00621656978	293.9482767511026	0.3900540019075076	0.23145998506627255	0.13770981401723373	0.47400405269105583	-5.66492436972056e-14	7.404058725092297e-14	0.47400405269105583	3.6277790436320045	301.314895509512	30.685104490488023	16.88936265916427	NaN	0.39466005347192884	0.6564714571177499	-128.4175874345381	-0.02258257656084918	0.5795827399122684	0.09303658328982937	0	98.94374750888751	-15.015095411894634	33.964186704712404	84.5756272062465	128.98316789095134	180.90072693599006	271.02225337854026	0.16472206215893373	1.0226937646017666	44.244079994868585	1.0212257617477987	64.08445397803747	1.0906738795222999	1.366362775132926	1.0906738795222999	1.4659064554299253	1.0906738795222999	-0.021013404083871635	1.1561603155780353	NaN	NaN	800000009	800000009	800000009	800000009	800010119	800010119	899999999	899999999	89999	89999	89	89	9	5	4	56	0	23	8	NaN	0	0	0	0	0	0	0	0	0	NaN	NaN	NaN	NaN	0	0	0	0	0	0	0	0	0	0	0	0	18000	18000	18000	18000	93	NaN	0.9282744749950967	0.29977727097849255	0.08489116826191057	0.11953335998504883	0.6563002631319399	0.23071571974230712	3.37796292273274e-8	NaN	0.04010227841198654	0.03719247548072252	0.03990206034067807	-0.000021013404083871636	NaN	396.5036062743639	25.71110300446489	95834.50086263022	11.359999656677246	20.791175683180473	93.06852733845182	92.51862623617384	93.61843086942037	-1.0998055308593646	0.0002991290941038945	-1	0	2.003998171659973	70.9901228574505	1.000002334345546	-273.1499938964844	9.000080594658852	-273.1499938964844	183
DATA	2026-07-04T113000_AIU-0547.ghg	2026-07-04	12:00:00	185.499	1	18000	18000	0.1719336888065283	1	NaN	93.74860345943713	1	NaN	-83.63903825803466	2	NaN	-2.6177668425374603	1	NaN	-1.9137679385594488	2	NaN	-0.05221836959294188	1	NaN	NaN	NaN	NaN	NaN	NaN	NaN	NaN	NaN	NaN	5.017067680028309e-10	3.293514930185011e-11	2.6887612433228315e-12	NaN	14.706086680517952	395.6936202206352	406.24618484494533	0.1	1	965.3988970427343	25.9757876331512	26.668523537039018	0.1	1	0.078813279846565	2.0200181620049507	2.073889063903626	-0.2	0	NaN	NaN	NaN	NaN	9	306.9464628533258	304.72692847612166	95442.46569010416	1.0804422886756995	1020.2404180505637	0.026544784494321363	-0.12401216241865227	0.01763373521716095	2479.8582372872993	4629.310516839442	0.016320848787559638	53.568630323384895	2149.452279552143	294.1152956127562	0.579398535074151	0.10195619388158915	0.17920167662857137	0.6149885924335527	-2.585111723523687e-14	3.411558621284835e-14	0.6149885924335527	3.2424344749272493	322.01989227199186	9.980107728008075	16.94120630560434	NaN	0.3989143904948527	0.5554012546109319	-57.309980427099624	-0.050602006463584565	-1.120871370737352	0.2131969584985533	0	97.35642714752206	-14.77421342313628	33.41931099026905	83.21880963545789	126.91393548545409	177.9985990655502	266.67433699168356	0.1688015144650429	1.0185553687205455	87.70918284824474	1.0185464283848584	-76.87573765582377	1.087977049826702	-2.406086454631033	1.087977049826702	-1.7590149892079823	1.087977049826702	-0.06885080510136746	1.1524651228221945	NaN	NaN	800000009	800000009	800000009	800000009	800010009	800010109	899999999	899999999	89999	89999	89	89	2	5	0	6	11	12	1	NaN	0	0	0	0	0	0	0	0	0	NaN	NaN	NaN	NaN	0	0	0	0	0	0	0	0	704	0	0	0	18000	18000	18000	18000	93	NaN	0.6970340073549712	0.32345869866216975	0.09030980320472287	0.25326510409156006	0.33789912309867404	0.6364558722703993	1.935857018062311e-7	NaN	0.0795684624570728	-0.0655728086587451	-0.0479382414099028	-0.00006885080510136746	NaN	395.69363403405094	25.975066572263756	95837.61699782986	11.340567916287316	20.953992749002218	93.0404821603563	92.48998770756192	93.59097508197361	-1.1009875437484848	0.000299103841154849	-1	0	1.9988982002271545	69.98905266926039	1.0000021998551156	-273.1499938964844	9.000072625663545	-273.1499938964844	231
DATA	2026-07-04T120000_AIU-0547.ghg	2026-07-04	12:30:00	185.52	1	18000	18000	0.16977313628063084	1	NaN	60.94543593677702	0	NaN	30.52605357354882	2	NaN	-1.7871543643133965	1	NaN	0.6991320777420236	2	NaN	-0.006067910743686564	0	NaN	NaN	NaN	NaN	NaN	NaN	NaN	NaN	NaN	NaN	-1.8907132416288692e-10	-1.1817691150521396e-11	-1.0022938319325346e-12	NaN	14.645376283521015	395.3778896136018	405.3963073725383	0.1	1	915.3928257926449	24.71265173545365	25.338841705911637	0.4	0	0.07763721114397049	1.9976250934531612	2.048242599483928	0	0	NaN	NaN	NaN	NaN	9	307.70631949191625	305.6886109135945	95409.71858116318	1.07719307573472	1019.547784728139	0.026637696336706252	0.04530375863768313	0.01671773663435421	2358.459609646585	4887.813564720487	0.015519721590255824	48.251832407635106	2529.3539550739024	293.3012922605815	-0.09044107725724586	-0.16748982125366538	0.1306382470680495	0.23086528599175085	-5.011117503392372e-14	-1.2909966975422138e-14	0.23086528599175085	3.4386847179010602	90.36813883826721	241.63186116173276	34.462278298347115	NaN	0.39699744274274557	0.5451746418856073	-86.85323214483176	-0.03338966125249221	1.9965055682660189	0.139782350862413	0	70.59767678942457	-10.71346982037539	24.233897904256942	60.34583229458868	92.03120184247658	129.07506914524154	193.3779741366787	0.16322875846988966	1.0400932891488506	61.32513712065448	1.0327224209501042	27.64399671192459	1.1042561570115157	-1.618423726203194	1.1042561570115157	0.6331249079326915	1.1042561570115157	-0.024102877922774987	1.1731037789779042	NaN	NaN	800000009	800000009	800000009	800000009	800000019	800010119	899999999	899999999	89999	89999	89	89	0	12	0	18	2	17	2	NaN	0	0	0	0	0	0	0	0	0	NaN	NaN	NaN	NaN	0	0	0	0	0	0	0	0	907	0	0	0	18000	18000	18000	18000	93	NaN	0.16780948086529615	0.7227899573190718	0.19974984558684655	0.25840449530674425	0.26772689392401117	0.501872962485906	6.257589410103494e-8	NaN	0.05583896881555838	-0.0442037650361119	0.01729244586300198	-0.000024102877922774985	NaN	395.37780911178413	24.711837385410337	95806.8161330295	11.343050777965122	20.141173354943554	93.09321410285102	92.54289737913344	93.64353285831875	-1.1006347744531106	0.00030025519675594604	-1	0	1.9778073913190095	68.48446253140787	1.0000030537769198	-273.1499938964844	9.000073004881541	-273.1499938964844	174
DATA	2026-07-04T123000_AIU-0547.ghg	2026-07-04	13:00:00	185.541	1	18000	18000	0.2157458948744331	1	NaN	13.832248033717773	1	NaN	201.12582298154265	0	NaN	-2.6852074944650566	1	NaN	4.607248634396855	0	NaN	0.013243753556574735	2	NaN	NaN	NaN	NaN	NaN	NaN	NaN	NaN	NaN	NaN	-9.933909207236883e-11	-6.386421954038645e-12	-5.262182146244244e-13	NaN	14.626986117324499	395.34503658392646	405.6553269644843	0	0	940.3559395635226	25.41638108812637	26.079220494700966	0.3	0	0.07748194954698663	1.9960690401730532	2.0481249647943724	-0.1	0	NaN	NaN	NaN	NaN	9	308.175109781901	305.88927519310846	95382.89618012153	1.0758947279875908	1019.953045204802	0.026662677857390505	0.2985497115089162	0.01717768925931217	2424.938328206319	4943.304692199926	0.015965957274874102	49.05500427745524	2518.3663639936067	293.7514721523952	0.012501081262286575	0.3492232348696527	0.18800974081936594	0.3968133156139221	-1.5092718423785297e-13	-6.79149424738358e-15	0.3968133156139221	5.409653717662594	244.0501313145282	87.9498686854718	28.281179953112535	NaN	0.4478023627538805	0.900932210900135	-549.1603264383881	-0.005280789343993806	0.06877410284102187	0.0281485759654855	0	81.0061284699796	-12.292992518963201	27.806782549176976	69.24282024271325	105.59966982957495	148.10503842269796	221.888335828733	0.2102584886517165	1.026098381368118	25.900980297854705	1.0234545746160335	183.98659597069567	1.0931547590215587	-2.4563836659948164	1.0931547590215587	4.214635298775654	1.0931547590215587	-0.0038540334773883842	1.1593531682701528	NaN	NaN	800000009	800000009	800000009	800000009	800000019	800010019	899999999	899999999	89999	89999	89	89	18	0	0	7	3	7	3	NaN	0	0	0	0	0	0	0	0	0	NaN	NaN	NaN	NaN	0	0	0	0	0	0	0	0	1107	0	0	0	18000	18000	18000	18000	93	NaN	0.4515367787867291	1.170123351962034	0.18020429105150693	0.35591906272351137	0.40988135033381506	0.675722179324198	1.1182166106739837e-7	NaN	0.02360294765087766	-0.06720226286678134	0.11530488219609206	-0.000003854033477388384	NaN	395.3454577669275	25.415632272088576	95771.34236176216	11.350000381469727	20.588227928267592	93.08658238707649	92.53441105757818	93.63875328275893	-1.104347305509779	0.0003003791058856425	-1	0	1.9757115155491562	69.87979933422932	1.0000035701841117	-273.1499938964844	9.000115601897239	-273.1499938964844	118
DATA	2026-07-04T130000_AIU-0547.ghg	2026-07-04	13:30:00	185.562	1	18000	18000	0.2248393913433067	1	NaN	72.26176937764649	0	NaN	90.254048431553	0	NaN	-0.11654640617203889	1	NaN	2.0691381630054915	0	NaN	-0.00473874152013388	0	NaN	NaN	NaN	NaN	NaN	NaN	NaN	NaN	NaN	NaN	-1.0164013470000956e-12	-6.04066033204518e-14	-5.339134194848615e-15	NaN	14.635934809633776	396.2501476882173	405.8068485717774	0	0	869.8405515488329	23.54987580223104	24.117848130317075	0.1	1	0.07688224759474221	1.986605292208314	2.034517936940678	-0.1	0	NaN	NaN	NaN	NaN	9	308.6772030554877	306.71032401529953	95342.40623828126	1.073323453299742	1018.9179733624993	0.02674559762515565	0.13408015296275583	0.015866864340624596	2245.9041040436246	5176.089333756566	0.014782928940800412	43.38997956230503	2930.1852297129412	292.5130954768789	-0.7984873899281066	0.4400876238580383	0.14378389681877796	0.9230021871759754	-6.363112198328445e-15	-6.944560495931371e-17	0.9230021871759754	4.535929011178963	180.86142810823185	151.13857189176815	8.96194951834901	NaN	0.45768943843842763	0.5336571374621647	-112.16920123517939	-0.02585379915400948	0.800648509772373	0.1443669755193567	0	84.42353999927725	-12.81159790299218	28.97986933990598	72.16397221834713	110.05461090603133	154.35315662575923	231.2491554531247	0.22178724419988002	1.0137615991146722	77.24462386233631	1.0155516041854373	83.10524105227611	1.0860211376413675	-0.10731504400103632	1.0860211376413675	1.9052466764130094	1.0860211376413675	-0.03000126881897713	1.1488538594737352	NaN	NaN	800000009	800000009	800000009	800000009	800000009	800100009	899999999	899999999	89999	89999	89	89	5	35	2	6	6	8	0	NaN	0	0	0	0	0	0	0	0	0	NaN	NaN	NaN	NaN	0	0	0	0	0	0	0	0	2416	0	0	0	18000	18000	18000	18000	93	NaN	0.5998712390030488	0.2976695200918027	0.16977351582947778	0.2642277586589264	0.31975880629846537	1.173634783649865	6.293962543232401e-8	NaN	0.07063149852068935	-0.0029394471702667347	0.05218627084184245	-0.00003000126881897713	NaN	396.2505748093251	23.54871326719739	95734.96135850696	11.36276784266366	19.343444860670232	93.13617953130935	92.58470864550273	93.68764973915947	-1.1029424401091203	0.00030092752044664746	-1	0	1.967878696451584	68.58865767842771	1.0000069599143333	-273.1499938964844	9.000116531504526	-273.1499938964844	085
DATA	2026-07-04T133000_AIU-0547.ghg	2026-07-04	14:00:00	185.583	1	18000	18000	0.17588912005389484	1	NaN	39.97916914130248	1	NaN	12.18895791104672	2	NaN	-2.6107908006539393	1	NaN	0.27951325424451173	2	NaN	-0.007220512655556337	1	NaN	NaN	NaN	NaN	NaN	NaN	NaN	NaN	NaN	NaN	-8.772465314779299e-11	-5.129743435410431e-12	-4.601013523192098e-13	NaN	14.67814204421704	398.4264727187622	407.93051511657603	0.1	1	858.3117754651221	23.29818938673368	23.853943069998877	0.1	1	0.07698443666343086	1.9915547995362286	2.039061234345149	-0.2	0	NaN	NaN	NaN	NaN	9	308.88985823737255	306.9761067598131	95292.23522547743	1.0719327681113253	1018.7834143345183	0.02678286793842283	0.018112458875044358	0.015675445247594632	2220.7320714940283	5253.453498154879	0.01462353396959189	42.27185169287203	3032.7214266608503	292.33209556941307	-0.7728953166402598	0.2294251242031282	0.10603547126398047	0.8131706950365567	1.3410676098351224e-13	-5.9765502257389e-15	0.8131706950365567	4.6960929053801435	168.53291850140945	163.46708149859057	7.49256615428067	NaN	0.40507525542647893	0.6175357411132648	-140.49603023382627	-0.020641152601774983	3.2799497244198204	0.09037506787515506	0	89.34596560172528	-13.558594979003187	30.669578759761787	76.37158758753186	116.47148982861553	163.352920554159	244.73244178957415	0.17327847897070375	1.0150661588138274	40.381536108597956	1.0163446588583	11.220379796206219	1.086323113159502	-2.4033280421150387	1.086323113159502	0.2573021330933162	1.086323113159502	-0.018544052430113797	1.1497032762920796	NaN	NaN	800000009	800000009	800000009	800000009	800000019	810000019	899999999	899999999	89999	89999	89	89	23	13	2	21	14	2	1	NaN	0	0	0	0	0	0	0	0	0	NaN	NaN	NaN	NaN	0	0	0	0	0	0	0	0	808	0	0	0	18000	18000	18000	18000	93	NaN	0.6189218708289685	0.5007322557578232	0.11541735563973768	0.3091509260019754	1.461525769221743	0.4710430671821508	1.3529860732512762e-7	NaN	0.036977148906609844	-0.06590387028156844	0.007055718614105483	-0.000018544052430113796	NaN	398.42611503505714	23.297701374399242	95689.56819227431	11.369999885559082	19.171831825998073	93.18260840755039	92.62787029626634	93.73734920395745	-1.1094864730967418	0.0003013440644281218	-1	0	1.9729959392845635	69.80006442575981	1.000011075057923	-273.1499938964844	9.00012826236089	-273.1499938964844	130
DATA	2026-07-04T140000_AIU-0547.ghg	2026-07-04	14:30:00	185.604	1	18000	18000	0.3011957924728547	0	NaN	37.07979829326644	0	NaN	73.43629199609575	0	NaN	0.695104706744884	1	NaN	1.684509140465944	0	NaN	0.002006603089172236	1	NaN	NaN	NaN	NaN	NaN	NaN	NaN	NaN	NaN	NaN	5.914587708947935e-11	3.518746578343763e-12	3.0983442668894184e-13	NaN	14.696528379686745	399.4181982541032	409.1403793215427	0.1	1	874.3358200829408	23.762457969954646	24.34085655069319	0.3	0	0.07698745320741832	1.9948290315166397	2.0433848788159445	-0.2	0	NaN	NaN	NaN	NaN	9	309.2298318193223	307.27419308556443	95234.73003059896	1.070057089123253	1019.0546097619474	0.026825063088776156	0.10915619230219317	0.01596266515900397	2263.618298449221	5341.411640891285	0.014917582735779936	42.378652884942355	3077.793342442064	292.6394066763777	-1.0148224170915645	0.09014863044421953	0.11869769203649547	1.0257097327691713	2.4364400928887795e-16	4.02447949348566e-15	1.0257097327691713	5.863173941270156	157.07636972881923	174.92363027118077	6.6452993440553	NaN	0.5305434731042651	1.1300759007688044	-340.2261752531149	-0.008523741589965892	0.5049247080072861	0.06409320371905804	0	84.08465313093637	-12.760170513287546	28.86354044436793	71.87429682032044	109.61283764662124	153.73356334800897	230.3208918183772	0.2973910991722543	1.0127935681706353	41.339005366724024	1.014983190058259	67.62081723429826	1.0860012493142095	0.6400588463262177	1.0860012493142095	1.5511116046410458	1.0860012493142095	-0.013063064774252899	1.1483453581594374	NaN	NaN	800000009	800000009	800000009	800000009	800001009	801101019	899999999	899999999	89999	89999	89	89	15	32	13	7	0	10	1	NaN	0	0	0	0	0	0	0	0	0	NaN	NaN	NaN	NaN	0	0	0	0	0	0	0	0	3216	0	0	0	18000	18000	18000	18000	93	NaN	1.1742209767516087	0.8555018075449161	0.23042901724108347	0.2706966983401235	0.2251732719690165	0.4482477091438602	6.586653054847937e-8	NaN	0.03791015993918969	0.017587656997641213	0.04262173552333595	-0.000013063064774252898	NaN	399.41812121411806	23.762009183174943	95623.20876996528	11.321421922471789	19.478288450400054	93.22567776764764	92.67047648281522	93.78087915865581	-1.1104054918852122	0.0003021883347294836	-1	0	1.9758977921704455	70.35421882993225	1	-273.1499938964844	9.000054119825363	-273.1499938964844	092
DATA	2026-07-04T143000_AIU-0547.ghg	2026-07-04	15:00:00	185.624	1	18000	18000	0.31597776865413707	0	NaN	4.973746012057097	2	NaN	66.2728600242001	1	NaN	5.38144826757208	1	NaN	1.5203249538716124	1	NaN	0.02188450452984286	1	NaN	NaN	NaN	NaN	NaN	NaN	NaN	NaN	NaN	NaN	-1.2576002105393165e-10	-7.282792604019863e-12	-6.560033771317697e-13	NaN	14.737237536784656	400.9156715359641	410.44502351215004	0.1	0	853.4369160971429	23.217121490824482	23.768968520680712	0.4	0	0.07687401379789746	1.9923562270971464	2.0397124795410004	0	1	NaN	NaN	NaN	NaN	9	309.1389212027656	307.3636914308336	95193.3426514757	1.0695031094374725	1018.7489776999133	0.026844542479319444	0.09851705701088048	0.015585012736026251	2210.7082415174414	5368.068426124326	0.014572199555570731	41.18256449114497	3157.3601846068846	292.25951801219816	-0.5649666378871945	0.3032234015271052	0.11332174008448373	0.651132513344967	-2.3563519584791623e-14	-8.533486736576667e-15	0.651132513344967	6.577186611380244	180.2229125429171	151.7770874570829	10.022675136781283	NaN	0.5435471690692942	1.1178584785759063	-2726.437624591512	-0.0010636590303196435	0.07504951514452358	0.00839841107763773	0	81.32970673702019	-12.342096769359554	27.91785649727427	69.51941007859763	106.02148678106863	148.69664269484332	222.7746668328198	0.31046156501207217	1.0177677505486078	8.998603529246243	1.0180428736587401	60.93873849177167	1.0875325230624633	4.948310191605177	1.0875325230624633	1.3979581498771336	1.0875325230624633	0.014375375861821752	1.1518014774416894	NaN	NaN	800000009	800000009	800000009	800000009	800001019	800001119	899999999	899999999	89999	89999	89	89	12	9	1	2	16	16	1	NaN	0	0	0	0	0	0	0	0	0	NaN	NaN	NaN	NaN	0	0	0	0	0	0	0	0	2713	0	0	0	18000	18000	18000	18000	93	NaN	0.864602288149675	1.108246186278669	0.26286848272346847	0.21770186516586384	2.4406006543944327	1.6359280468597617	1.0891096054011771e-7	NaN	0.0082589698386229	0.13599334406258867	0.038419782976392265	0.000014375375861821752	NaN	400.9147427635884	23.21550578958693	95584.79707682293	11.32915157095591	19.082737621943185	93.28112656741672	92.7267422442966	93.83550962956747	-1.1087636014819144	0.00030285776119045395	-1	0	1.973865245726374	71.12241722749074	1.0000120558391015	-273.1499938964844	9.000122742030356	-273.1499938964844	076
DATA	2026-07-04T150000_AIU-0547.ghg	2026-07-04	15:30:00	185.645	1	18000	18000	0.09950127758390302	1	NaN	11.816165353250181	1	NaN	158.28346834740628	1	NaN	3.140146016849929	1	NaN	3.6298326795893003	1	NaN	0.021764046802234746	2	NaN	NaN	NaN	NaN	NaN	NaN	NaN	NaN	NaN	NaN	-2.2792100140299932e-10	-1.2365038151457777e-11	-1.184749313677421e-12	NaN	14.817979810322264	403.05568091424294	412.06605883659455	0.1	1	803.896457782739	21.86634334259652	22.355169146638744	0.7	0	0.07702489591700327	1.9920745474857224	2.0366077109474796	0	1	NaN	NaN	NaN	NaN	9	308.66514074367956	307.0118882598875	95159.7487795139	1.070902329443067	1017.976379921204	0.026823282656061497	0.23521315763738665	0.014689906483009267	2081.35389063809	5263.944986064993	0.013717316770287438	39.53981084809901	3182.591095426903	291.2960741200584	-0.1367862001208542	0.47657438140578395	0.1632224991322829	0.5219915610225623	-6.825751409159943e-14	-1.5381381559463906e-14	0.5219915610225623	5.021145056324416	225.98548210809605	106.01451789190395	18.221528084767627	NaN	0.3048171491150531	0.6648362035160374	-202.29906895437864	-0.014335211798003834	0.07465192339174445	0.03555900485604857	0	62.77561193498556	-9.526441300994927	21.548836161384592	53.6596489048531	81.83435030030722	114.77383987169527	171.95212665973006	0.0974498721601304	1.0210508785522237	21.352428568605372	1.0201568153769982	145.274642296938	1.0895464331887912	2.882067180615349	1.0895464331887912	3.331508019319394	1.0895464331887912	0.006925275768790132	1.1546612989000429	NaN	NaN	800000009	800000009	800000009	800000009	800001019	800101019	899999999	899999999	89999	89999	89	89	6	7	1	1	51	11	1	NaN	0	0	0	0	0	0	0	0	0	NaN	NaN	NaN	NaN	0	0	0	0	0	0	0	0	1309	0	0	0	18000	18000	18000	18000	93	NaN	0.2783474514641287	0.893386289973533	0.1579386655944133	0.775173974748715	10.35331807694279	2.5247890674774625	3.076739852713343e-7	NaN	0.019586629722085577	0.07903517649899328	0.09136023132483032	0.0000069252757687901324	NaN	403.04990371406547	21.863765708125314	95543.70883767362	11.350000381469727	18.10454126834858	93.3077110303243	92.75462750964692	93.86079411824544	-1.1061652961373323	0.0003023846707219488	-1	0	1.9746332485609581	71.5334312442273	1.0000064397078974	-273.1499938964844	9.000085659927793	-273.1499938964844	071
DATA	2026-07-04T153000_AIU-0547.ghg	2026-07-04	16:00:00	185.666	1	18000	18000	0.18099823969795553	1	NaN	205.84851326841897	1	NaN	-542.6399708297472	1	NaN	-32.144343387081676	1	NaN	-12.410840593375847	1	NaN	-0.07330546579465673	1	NaN	NaN	NaN	NaN	NaN	NaN	NaN	NaN	NaN	NaN	-6.987425802344757e-10	-4.211978752330949e-11	-3.6244985719055227e-12	NaN	15.099185564468264	407.0316173531855	417.269587057883	0.1	1	910.1699334496152	24.535624023989175	25.15276275408808	0.1	1	0.07832208607780432	2.0028134238261033	2.0531897147163036	0	1	NaN	NaN	NaN	NaN	9	306.4425503514605	304.2771812676321	95141.65731380209	1.0792221971327798	1019.4080363574881	0.026589409481435466	-0.8042224704507548	0.016628122290433065	2334.986100211429	4512.549134806473	0.015407505826520042	51.74428090324977	2177.5630345950444	293.13967606621134	0.3816524684498196	0.27411559726594653	0.23023855513295008	0.5232664327166191	4.813322256544439e-15	-4.627683905539728e-14	0.5232664327166191	3.170037634552128	296.31282536199876	35.68717463800122	26.10404266788995	NaN	0.40952624658726494	0.39255670398994025	-28.16818776555683	-0.10295302005711664	-0.3793463886444955	0.45688518049812493	0	97.6345622792482	-14.816421502427927	33.514785780550646	83.45655536276337	127.27651272044898	178.5071187929961	267.4361922078243	0.1772735288053795	1.0210110946494737	170.42247990317202	1.0201309545002377	-498.0540880480448	1.0895201622708126	-29.503211138456965	1.0895201622708126	-11.391106858921066	1.0895201622708126	-0.09268313187446542	1.154625573446519	NaN	NaN	800000009	800000009	800000009	800000009	800000019	800101019	899999999	899999999	89999	89999	89	89	0	0	3	1	27	0	4	NaN	0	0	0	0	0	0	0	0	0	NaN	NaN	NaN	NaN	0	0	0	0	0	0	0	0	3609	0	0	0	18000	18000	18000	18000	93	NaN	0.41836165371190587	0.27224962782930534	0.09450212643866927	0.9015497272907957	48.299911166804634	4.71250892914421	7.233489988526828e-7	NaN	0.15490589970149904	-0.8042100502522279	-0.31050323900168264	-0.00009268313187446542	NaN	407.01804651107426	24.53120403723224	95506.45303016494	11.36276784266366	19.92691874779587	93.10442923164365	92.5502711109585	93.65858894009061	-1.1083204687237729	0.00029970052639934373	-1	0	1.982980557945039	71.76014311391337	1.000010962916745	-273.1499938964844	9.000156026177937	-273.1499938964844	208
DATA	2026-07-04T160000_AIU-0547.ghg	2026-07-04	16:30:00	185.687	1	18000	18000	0.14827369227444478	1	NaN	-13.778339544252875	1	NaN	452.0841316548875	1	NaN	32.811188683337356	1	NaN	10.320198350758588	1	NaN	0.04810108618789586	2	NaN	NaN	NaN	NaN	NaN	NaN	NaN	NaN	NaN	NaN	-1.3454682047153732e-11	-8.57891773056595e-13	-6.802942372916877e-14	NaN	15.558302462295574	415.1698441614228	426.4590181801816	0.1	1	992.0219324657394	26.471884841204353	27.191700402906626	0.5	0	0.07866572744006084	1.9953624167614257	2.049619713793222	0	1	NaN	NaN	NaN	NaN	9	304.83154278818773	302.340830728319	95230.31162109374	1.0863427654281952	1020.4637798821503	0.026395604759508758	0.6687488531291564	0.018072075914074615	2521.6020542966894	4038.567179015629	0.016635703287397774	62.438036623456924	1516.9651247189395	294.38714183112495	0.9384791365162478	-0.15464272119440736	0.24408024895200253	0.9819534758954878	1.266002393446662e-13	-8.647911351357378e-16	0.9819534758954878	8.223997871026807	341.35712134153243	350.6428786584676	14.392671748004826	NaN	0.36944399592253263	0.8368553975916835	309.26278040551733	0.009377138743295937	-0.030477379274110417	-0.03364215434793357	0	83.07933589824518	-12.607609744687952	28.518447570404152	71.01496677029915	108.30230509987061	151.8955228171631	227.5671721683329	0.14634470341761371	1.013181132024481	13.711762456011387	1.0152080719847392	416.29028584481597	1.08598289949868	30.21335667300463	1.08598289949868	9.503094713114432	1.08598289949868	0.020688390707557312	1.148533086740732	NaN	NaN	800000009	800000009	800000009	800000009	810100019	811100019	899999999	899999999	89999	89999	89	89	7	6	2	6	22	0	3	NaN	0	0	279	0	0	0	0	0	0	NaN	NaN	NaN	NaN	0	0	0	0	0	0	0	0	9167	0	0	0	18000	18000	18000	18000	93	NaN	0.5628588823731281	0.9957051473358586	0.1151467654743803	0.08774118813938481	70.95920128452633	3.1364942264186633	2.2151189245990383e-7	NaN	0.012368835391199793	0.8191911724949517	0.25766257568204876	0.000020688390707557313	NaN	415.1586263662871	26.468964577409935	95596.77041796876	11.369999885559082	21.194766111267853	92.96670978058708	92.39954193072847	93.53387667507596	-1.134335720270873	0.00029671911376580177	-1	0	1.9740090096943903	71.6491619256337	1.0000101896011167	-273.1499938964844	9.00020305498441	-273.1499938964844	172
DATA	2026-07-04T163000_AIU-0547.ghg	2026-07-04	17:00:00	185.708	1	18000	18000	0.16450941215220632	1	NaN	14.674566377182604	1	NaN	214.61633772425878	1	NaN	2.3764665572976904	1	NaN	4.894496466174958	1	NaN	0.04460807211049922	1	NaN	NaN	NaN	NaN	NaN	NaN	NaN	NaN	NaN	NaN	2.0916206651185248e-10	1.1611165424522422e-11	1.0833217782571437e-12	NaN	15.205518041178811	403.8823515405836	413.1453290980557	0.3	0	844.1004063788146	22.420627573581058	22.934841104443034	0.4	0	0.07875457112467128	1.985168374688618	2.0306978959276667	-0.2	0	NaN	NaN	NaN	NaN	9	303.30828208075656	301.3400212894018	95285.3211263021	1.0922678823145635	1018.1318198927752	0.02629304185981827	0.3171633710081373	0.015366031741492009	2136.9297532709925	3811.0242574150775	0.014068006567153393	56.0723209544832	1674.094504144085	291.7162656643785	3.6522418813662125	-0.17993314026590712	0.5134276311675539	3.6925404029499207	-5.206274725736385e-14	1.375566856357083e-14	3.6925404029499207	9.756223561143866	334.82048151166754	357.17951848833246	7.992562451676865	NaN	0.3880885176140139	3.0248389835025864	-336.4827398320422	-0.008618569860217959	0.06837581207837323	0.03400175308208329	0	45.54757970002392	-6.912020943165748	15.635010193447792	38.93338606878623	59.37587030395192	83.27550234712061	124.76187729932421	0.16321387134881477	1.0079376880940638	27.15181033501316	1.0151664740771231	193.15666772603134	1.111099814730006	2.1388416466212488	1.111099814730006	4.405091604991679	1.111099814730006	0.02335584724954064	1.163305056735805	NaN	NaN	800000009	800000009	800000009	800000009	800001019	800001119	899999999	899999999	89999	89999	89	89	14	4	3	34	60	16	19	NaN	0	0	0	0	0	0	0	0	0	NaN	NaN	NaN	NaN	0	0	0	0	0	0	0	0	16410	0	0	0	18000	18000	18000	18000	93	NaN	1.8526742896064436	3.626070365084094	0.5709333123146355	0.7207411385969821	3.332894572910683	0.3394753070178883	1.3795943614528054e-7	NaN	0.02441549968498663	0.057526785552115524	0.1184803748786622	0.000023355847249540642	NaN	403.88029687257193	22.420150239458618	95647.56253797743	11.360284107632108	18.551370769235817	93.07520026567246	92.51840028699237	93.63200273916455	-1.1136003986299037	0.0002949753517168575	-1	0	1.9671195961507384	72.42421773156416	1.0000214174571964	-273.1499938964844	9.000297087377971	-273.1499938964844	247
DATA	2026-07-04T170000_AIU-0547.ghg	2026-07-04	17:30:00	185.729	1	18000	18000	0.08886473026498327	1	NaN	22.03436543921173	1	NaN	174.53737241311157	1	NaN	6.288619919298673	1	NaN	3.97402121200904	1	NaN	NaN	NaN	NaN	NaN	NaN	NaN	NaN	NaN	NaN	NaN	NaN	NaN	-1.7058907514510567e-10	-9.239620301008134e-12	NaN	NaN	15.381041577558987	406.383505237026	415.5297130706222	0	0	833.0837358123842	22.01095985653803	22.506346137896625	0.5	0	NaN	NaN	NaN	NaN	0	NaN	NaN	NaN	NaN	9	301.7711212762197	299.6755418510321	95159.06177023049	1.097169130709853	1017.7706680965578	0.026365593098726634	0.25751657453818577	0.015043754256751413	2080.452565367932	3454.2457785736524	0.013711426830809864	60.22885164317997	1373.7932132057203	291.2891787724294	3.1795209689564903	-0.06510664525895757	0.4297470120056027	3.2090925448822216	-2.6868856297629704e-14	-1.109086626447951e-14	3.2090925448822216	9.393789275470114	333.17307442839586	358.8269255716042	7.695909217435102	NaN	0.2845954309920284	2.138932042402205	-88.28124004380163	-0.0328495612268375	0.12624439760132694	0.06933445624242515	0	41.642281606602964	-6.319376890752647	14.294447733241881	35.59519599620213	54.28491981612366	76.13537190140318	114.06466078952108	0.08816884452104826	1.0078926490158198	32.09585919518828	1.014383210708115	157.92454817878604	1.1051946921862852	5.690056207977789	1.1051946921862852	3.5957657416429236	1.1051946921862852	NaN	1	NaN	NaN	800000009	800000009	800000009	800000019	800001009	800011109	899999999	899999999	89999	89999	89	89	13	10	1	75	60	8	14	NaN	0	0	0	0	0	0	0	0	0	NaN	NaN	NaN	NaN	0	3113	0	0	0	0	0	0	17802	0	0	0	18000	18000	18000	18000	93	NaN	1.5392130634636396	2.3544959128024616	0.3841551085383086	0.06785189511486675	19.952694033503253	0.42587069470557254	NaN	NaN	0.028742563240032395	0.15337492658725202	0.09692352526785303	NaN	NaN	406.37824419172364	22.010471711419754	95593.67781684027	11.369151532808937	18.247413766543062	93.17036757384406	92.61304876200359	93.72769405280219	-1.114636121614112	0.00029396829036866415	-1	0	1.3228279234541838	59.48986927696097	1.000037256066998	-273.1499938964844	9.000453927093082	-273.1499938964844	198
DATA	2026-07-04T173000_AIU-0547.ghg	2026-07-04	18:00:00	185.749	1	18000	18000	0.04772868305631744	0	NaN	22.198424506493108	0	NaN	99.92356969937853	0	NaN	2.3110503659136623	1	NaN	2.2722228490612086	0	NaN	0.039945343206002515	0	NaN	NaN	NaN	NaN	NaN	NaN	NaN	NaN	NaN	NaN	2.2630626420546198e-10	1.3079293363195653e-11	1.173242085282639e-12	NaN	15.487099942193241	407.0473926298525	416.85395070226576	0.2	0	895.0716596389601	23.52516524286839	24.091931922361887	0.1	1	0.08028994466835838	1.997693037295953	2.0458213219522636	-0.1	0	NaN	NaN	NaN	NaN	9	300.4557935841878	298.3515676724708	95155.6218917726	1.1012429163105126	1018.6896230792847	0.026067770714064267	0.14724004061916632	0.016262360506002667	2239.152196596086	3196.6368830286015	0.014767278195519616	70.04712385332418	957.4846864325154	292.46472099731886	2.1811520978841172	0.25223085458643124	0.3723044843060245	2.227028402859737	5.187482440176061e-15	1.4612565622367456e-14	2.227028402859737	6.460220550942518	325.40355266944715	6.596447330552868	9.623634399370705	NaN	0.20818438973768946	0.7513054527662066	-34.307616744451316	-0.08452933415927315	0.22215403806406617	0.09504931261411331	0	48.16324838338291	-7.30895875717984	16.532884609527436	41.16922031833244	62.785658607174334	88.05777892504022	131.92659905793718	0.04732897942533994	1.0084452197328282	27.957689893156733	1.013355841651309	91.32243632421735	1.0941842303092422	2.112121799873231	1.0941842303092422	2.076636443955169	1.0941842303092422	0.024001129382748457	1.1514701187917864	NaN	NaN	800000009	800000009	800000009	800000019	800000019	800011019	899999999	899999999	89999	89999	89	89	13	3	0	53	28	2	8	NaN	0	0	0	0	0	0	0	0	0	NaN	NaN	NaN	NaN	0	207	0	0	0	0	101	0	16811	0	0	21	18000	18000	18000	18000	93	NaN	0.49611414125540887	0.863609357160765	0.14288740711623926	0.0833289848694911	4.4704997734734215	0.5386800644495607	5.025557078405153e-7	NaN	0.024921620207003427	0.05638513216204041	0.05543781630015355	0.00002400112938274846	NaN	407.04491073738956	23.52464910901719	95540.91010677084	11.390000343322754	19.301930149820105	93.1277448132833	92.55042981910704	93.70505684704254	-1.154625477072262	0.0002925005572696035	-1	0	1.956668464727691	71.03847354183394	1.00005422502425	-273.1499938964844	9.000637760215335	-273.1499938964844	009
DATA	2026-07-04T180000_AIU-0547.ghg	2026-07-04	18:30:00	185.77	1	18000	18000	0.0718085721022644	0	NaN	16.793229147314083	1	NaN	60.71814336346489	0	NaN	3.5819313558220487	1	NaN	1.3814281316169832	0	NaN	0.029091163969445565	0	NaN	NaN	NaN	NaN	NaN	NaN	NaN	NaN	NaN	NaN	2.358036340802966e-10	1.3110478340534191e-11	1.2289319336356067e-12	NaN	15.368004012019664	404.9229300682573	414.24907063478815	0.2	0	854.4477464169069	22.513365092743996	23.031890451249048	0.1	1	0.08009304419871616	1.9969296300195056	2.0429226944969687	-0.2	0	NaN	NaN	NaN	NaN	9	300.84251344807944	298.8892395276125	95114.35329425623	1.099209304161544	1018.1250555961935	0.02612607930734501	0.0895165429287805	0.015528194688142125	2141.918554177099	3300.331507454471	0.014126695097424358	64.90010319688005	1158.4129532773723	291.7535140320439	1.2776801522184673	-0.18538169772691104	0.19507276477058605	1.3057129580350744	6.665717490044406e-14	1.5343803521645962e-14	1.3057129580350744	3.543718181687444	340.2555730648234	351.74442693517665	8.592123956053397	NaN	0.25559240682204076	0.35691789814410074	-83.88227349770854	-0.03457226275679355	0.2765767893591234	0.0587090084213648	0	71.57207210517471	-10.861338068781665	24.568376284766664	61.17873075509014	93.3014245474764	130.8565745498796	196.04699386561487	0.0710310729951901	1.0109459011991409	20.2856173769172	1.013989059720117	55.86699961146719	1.0868337978723661	3.2957489570477065	1.0868337978723661	1.2710573910392997	1.0868337978723661	0.018081995118114286	1.1479128129666003	NaN	NaN	800000009	800000009	800000009	800000019	800000019	800001019	899999999	899999999	89999	89999	89	89	11	13	0	35	41	5	2	NaN	0	0	0	0	0	0	0	0	0	NaN	NaN	NaN	NaN	0	63	0	0	0	0	101	0	17307	0	0	21	18000	18000	18000	18000	93	NaN	0.3128371274753985	0.32099240755691383	0.08000626125588918	0.07314881979474178	7.7565447162619225	0.547966460517608	2.0514776376589534e-7	NaN	0.01812619753445979	0.088088703742022	0.03397279326113053	0.000018081995118114286	NaN	404.920432398866	22.512839794026394	95515.20653884548	11.390000343322754	18.59280359798011	93.10628783162434	92.53279091813829	93.67978104019166	-1.146984387877915	0.0002929054215362865	-1	0	1.9717059146360425	76.78015496578847	1.0000467313180368	-273.1499938964844	9.000575726641548	-273.1499938964844	052
DATA	2026-07-04T183000_AIU-0547.ghg	2026-07-04	19:00:00	185.791	1	18000	18000	0.290558303849797	1	NaN	-15.108611160043635	2	NaN	421.3858839232077	1	NaN	5.756639039178264	1	NaN	9.59255645043656	1	NaN	0.0014798321598437365	1	NaN	NaN	NaN	NaN	NaN	NaN	NaN	NaN	NaN	NaN	-7.101899325065659e-10	-3.9982506634696944e-11	-3.728844532391282e-12	NaN	15.234144457368071	402.7767670276744	412.12190277609955	0.1	0	857.6568801684883	22.67565903553116	23.201774564576763	0.4	0	0.07998671012559122	1.999641865067123	2.0460371048303	0.8	0	NaN	NaN	NaN	NaN	9	301.3490588862101	299.468641810947	95133.87295442709	1.0972398181485925	1018.2307900486477	0.026171354226363918	0.621597657988289	0.01561307753841053	2157.8019181491054	3415.34530698294	0.014229412094026053	63.17961213869973	1257.5433888338348	291.87160096951214	0.47669046468126314	0.928697615108221	0.31167821166608817	1.089429376808439	-2.6204484314892897e-13	-4.661830104696683e-14	1.089429376808439	4.226245487382686	269.17094024852713	62.829059751472904	16.62419862633403	NaN	0.5145953601416885	1.5042984058986917	761.0539896667453	0.003810504956776941	-0.0358545735309847	-0.02627912454734704	0	101.20321342887372	-15.357978082327852	34.7397882388311	86.50698469113262	131.9286099167376	185.03175125741964	277.2112805832323	0.28703188904251187	1.0122857945124097	10.089751372564306	1.0146952329303336	387.9844848219745	1.0860895226688236	5.300335671255352	1.0860895226688236	8.832196840335023	1.0860895226688236	-0.01941697731354276	1.1481392275426545	NaN	NaN	800000009	800000009	800000009	800000009	800000019	800010019	899999999	899999999	89999	89999	89	89	10	25	2	26	5	2	12	NaN	0	0	0	0	0	0	0	0	0	NaN	NaN	NaN	NaN	0	0	0	0	0	0	0	0	14608	0	0	0	18000	18000	18000	18000	93	NaN	1.2712827789955947	1.6009081710557913	0.13640586174599764	0.07348458182915724	1.4833215164999232	1.439953069423396	5.069546380325359e-8	NaN	0.009030934236381752	0.14193632541950435	0.2365151270885453	-0.00001941697731354276	NaN	402.7761681797941	22.674301368020615	95532.26591210937	11.390000343322754	18.698712797906683	93.0989984817505	92.53132044686213	93.66667711130779	-1.1353545071317095	0.00029422591026458475	-1	0	1.9812435537940916	79.03163333769959	1.000040503434009	-273.1499938964844	9.000488025797738	-273.1499938964844	006
DATA	2026-07-04T190000_AIU-0547.ghg	2026-07-04	19:30:00	185.812	0	18000	18000	0.10786084206262397	1	NaN	22.484588057323847	0	NaN	67.90913587240378	0	NaN	0.41017059992692	2	NaN	1.5455013326598386	0	NaN	0.013286730173047505	2	NaN	NaN	NaN	NaN	NaN	NaN	NaN	NaN	NaN	NaN	-1.1365391155663292e-10	-6.633446132834131e-12	-5.942296062367836e-13	NaN	15.283668392565618	403.50606954615864	413.23814103767495	0.1	1	892.0360910206335	23.550758086071834	24.118773485767917	0.1	1	0.07990933287185936	1.9958713509379862	2.0440093199579934	0.5	0	NaN	NaN	NaN	NaN	9	301.1524742889404	299.2004998524984	95191.85456423611	1.0985257279432736	1018.7230643230413	0.026131993826163498	0.10014848635635754	0.01624004164418037	2242.441688545858	3361.690989516753	0.01478348775188539	66.70576491232504	1119.2493009708946	292.488304724627	-0.18121462764135737	0.6324073847928079	0.2627571400619808	0.7083919510167173	1.0696546755892644e-13	-7.436297925170714e-15	0.7083919510167173	4.46934542631443	226.01048782220232	105.98951217779768	21.77240188154832	NaN	0.31334789883398306	0.5111909353487037	-115.52918464112032	-0.02510188234261806	0.33109813235689994	0.06411974355399094	0	71.94852034445145	-10.918465541438511	24.697598783462773	61.50051304805067	93.79216284748392	131.54484199328544	197.0781439145859	0.10609152335697171	1.016677286268187	26.30828778271458	1.0173510377194181	62.47528039308646	1.086976087904339	0.3773501593008527	1.086976087904339	1.4218356317658505	1.086976087904339	0.001576514430004289	1.150914939090981	NaN	NaN	800000009	800000009	800000009	800000009	800001019	801101119	899999999	899999999	89999	89999	89	89	13	16	10	30	35	4	7	NaN	0	0	0	0	0	0	0	0	0	NaN	NaN	NaN	NaN	0	0	0	0	0	0	0	0	14619	0	0	0	18000	18000	18000	18000	93	NaN	0.3052063444701577	0.5984932234406644	0.11868230278658552	0.04398376642575259	2.955626942438561	0.18113676700439077	7.713235586453804e-8	NaN	0.023508569999969465	0.01009881047216385	0.03805178880638736	0.0000015765144300042888	NaN	403.502820886572	23.550564475255282	95585.00576041666	11.37056767633226	19.33115731011496	93.0824210779402	92.51202567227682	93.65281836997138	-1.140774217519495	0.00029373331765075104	-1	0	1.9767658432492503	75.19066729788639	1.0000296272883813	-273.1499938964844	9.000418363995022	-273.1499938964844	103
DATA	2026-07-04T193000_AIU-0547.ghg	2026-07-04	20:00:00	185.833	0	18000	18000	0.33374372414223913	1	NaN	-17.887836566157926	2	NaN	222.1527964155454	1	NaN	23.838319303442418	1	NaN	5.055843783095016	1	NaN	0.011663172116527676	1	NaN	NaN	NaN	NaN	NaN	NaN	NaN	NaN	NaN	NaN	-1.043439092822185e-9	-5.7510126509124993e-11	-5.423125838297262e-12	NaN	15.433085637002259	407.01967871718125	416.3599958456887	0.2	0	850.6090231003169	22.433272220439484	22.948072579550956	0.1	1	0.08021126106777376	2.0025157557789526	2.048469632684262	0.2	0	NaN	NaN	NaN	NaN	9	301.1645353300306	299.2021165415446	95189.73951171876	1.09896372924326	1018.0869554163955	0.026132715665433237	0.327618677144557	0.015469022719033849	2135.990142155063	3362.012269182078	0.014076008431766651	63.53308587641514	1226.022127027015	291.70924162254414	0.7626111576122989	0.6554549081808723	0.28388270350389877	1.0448857850127111	-1.9068468718217189e-13	-6.761052957034352e-14	1.0448857850127111	7.167917160034954	291.3213465118695	40.6786534881305	15.764724547686795	NaN	0.5510802850848538	1.1234612007805231	789.7507637778183	0.003672044565209007	-0.08052042042584977	-0.02901180247464209	0	97.53707379518859	-14.801627248858905	33.48132113869582	83.37322367286568	127.14942663544129	178.32887875177786	267.1691561464914	0.3310052710480827	1.0082731404411944	-4.656922160339106	1.0123672316411896	203.43047298293996	1.0920330329968586	21.82930239575545	1.0920330329968586	4.629753524232045	1.0920330329968586	0.002504588262649672	1.1656848999440688	NaN	NaN	800000009	800000009	800000009	800000009	800000019	800101019	899999999	899999999	89999	89999	89	89	2	6	4	41	35	7	5	NaN	0	0	0	0	0	0	0	0	0	NaN	NaN	NaN	NaN	0	0	0	0	0	0	0	0	16810	0	0	0	18000	18000	18000	18000	93	NaN	1.44540183566063	0.629969863289813	0.17155070261060357	0.04786322159832	12.324142279600755	0.51171608433844	7.096423459176387e-8	NaN	-0.004162274773927795	0.5835534782415492	0.12376523644621863	0.000002504588262649672	NaN	407.01702775985956	22.432756536013173	95579.76576323785	11.38220209614436	18.54703666570453	93.12538368945651	92.55834839608934	93.69242096349929	-1.1340586529970176	0.0002932904643401141	-1	0	1.9842436171770097	79.71386827999086	1.0000459287746084	-273.1499938964844	9.000517633650038	-273.1499938964844	028
DATA	2026-07-04T200000_AIU-0547.ghg	2026-07-04	20:30:00	185.854	0	18000	18000	0.20268789640622997	1	NaN	81.92557828246126	1	NaN	-41.17155175446707	2	NaN	-26.09137614274209	1	NaN	-0.9364046832644193	2	NaN	-0.08043910401629455	1	NaN	NaN	NaN	NaN	NaN	NaN	NaN	NaN	NaN	NaN	1.4564904621196844e-9	8.231841423133238e-11	7.549225007848628e-12	NaN	15.519769899189507	408.6791650948436	418.34197169109495	0.1	1	877.151536905474	23.097865502690777	23.643991232117013	0.1	1	0.08044147084115284	2.0028867848034464	2.050243022382262	0	1	NaN	NaN	NaN	NaN	9	300.58407488844125	298.5491920437284	95170.47718706598	1.1008651962988447	1018.4503199351667	0.02608096603080698	-0.06067902347553437	0.015958900563666077	2198.824535130589	3234.4153049302454	0.014496689165322488	67.98213364186421	1035.5907697996563	292.1730993178141	0.2832036803915465	-0.03255013883642744	0.26868968263946175	0.3917371333975466	-2.8351809237345707e-14	9.38474263201381e-14	0.3917371333975466	2.5089446183166073	338.55654548371865	353.4434545162814	43.30586199273459	NaN	0.4290884621005613	0.35311036531118933	-81.3966214769133	-0.03562801437431323	-1.9898588902122794	0.1702937417555527	0	78.11454118665192	-11.85418299290309	26.8141942064412	66.77113492387005	101.83019376436636	142.8182946443116	213.96783027786122	0.1974812274926163	1.0263653866229303	78.20302284038459	1.0236298557683974	-37.65615058990349	1.093355298125086	-23.863584131786123	1.093355298125086	-0.8564504922326625	1.093355298125086	-0.09373080840391682	1.159607146379224	NaN	NaN	800000009	800000009	800000009	800000009	800001019	800101019	899999999	899999999	89999	89999	89	89	2	5	0	33	14	0	2	NaN	0	0	0	0	0	0	0	0	0	NaN	NaN	NaN	NaN	0	0	0	0	0	0	0	0	15411	0	0	0	18000	18000	18000	18000	93	NaN	0.25133433217901113	0.27368939308059836	0.18119700536276917	0.0791317527113504	9.638863704944113	0.3133684138736676	2.45070438408971e-7	NaN	0.06975085728865657	-0.6371050410113829	-0.02286533837351402	-0.00009373080840391682	NaN	408.6772428036031	23.097558834280004	95560.87026844619	11.40999984741211	19.01378618748984	93.11016499286228	92.53856930944654	93.68175377718607	-1.1431792399817047	0.0002930907949808493	-1	0	1.9840546117226292	78.66089700698863	1.0000554606417815	-273.1499938964844	9.000563233243094	-273.1499938964844	004
DATA	2026-07-04T203000_AIU-0547.ghg	2026-07-04	21:00:00	185.874	0	18000	18000	0.17663225652331882	1	NaN	-3.9804956760050696	2	NaN	131.50679248804053	1	NaN	13.636321618358501	1	NaN	2.989635483391406	1	NaN	-0.01971644213267551	1	NaN	NaN	NaN	NaN	NaN	NaN	NaN	NaN	NaN	NaN	-2.7876979696609207e-10	-1.5502387227300634e-11	-1.433519850024701e-12	NaN	15.707448465433645	412.66944558081394	422.36204034254274	0	0	873.4911425631943	22.948546119030897	23.487551272634043	0.1	1	0.08077252060121128	2.0067064187502717	2.0538390386497922	-0.1	0	NaN	NaN	NaN	NaN	9	300.1207686928643	298.0837817298042	95192.36975694445	1.1029004722363576	1018.3550538684759	0.026034319427380343	0.19372837932376308	0.015884141289110653	2185.112463652253	3146.0604761224695	0.01440215294939741	69.4555136570487	960.9480124702163	292.0728743991414	0.6091426044903315	0.12453455734000328	0.2552618089668887	0.672102789530179	-1.6564084693708955e-14	-1.7747618117580494e-14	0.672102789530179	3.4261038325040465	320.4455384756783	11.554461524321715	22.32103390961536	NaN	0.4001905667342084	0.4089245330998976	1359.265214108761	0.0021335056395903307	-0.030268365615921042	-0.008855941998748196	0	91.53332943277181	-13.890535879268166	31.420429979967754	78.24131329124448	119.32293949938048	167.352119261225	250.72397020217744	0.17362030604439657	1.0173479159641157	3.840217289185849	1.0177756427367086	120.94695948512626	1.087309619422164	12.541341835645065	1.087309619422164	2.7495714467974697	1.087309619422164	-0.024646465301151048	1.1514549231214157	NaN	NaN	800000009	800000009	800000009	800000009	800000019	800001019	899999999	899999999	89999	89999	89	89	0	1	0	29	18	1	3	NaN	0	0	0	0	0	0	0	0	0	NaN	NaN	NaN	NaN	0	0	0	0	0	0	0	0	16505	0	0	0	18000	18000	18000	18000	93	NaN	0.498033194608922	0.2137751673922773	0.10604070419859599	0.04799474704236916	13.209655344664043	0.27078207952835276	5.7085924278339865e-8	NaN	0.0034191665241862287	0.3341762147635887	0.07326499750619084	-0.000024646465301151048	NaN	412.66615571355254	22.94827956714605	95581.29905750867	11.39084835121367	18.913831239223484	93.09777812067668	92.5219877181583	93.67357218869527	-1.1515837818913988	0.00029240073278035403	-1	0	1.9879423708253434	74.35977097827828	1.0000480140033696	-273.1499938964844	9.000600733121237	-273.1499938964844	226
DATA	2026-07-04T210000_AIU-0547.ghg	2026-07-04	21:30:00	185.895	0	18000	18000	0.04029024920467619	0	NaN	18.792659908814116	0	NaN	81.28845006579111	0	NaN	2.8587455836301716	0	NaN	1.8476688578511777	0	NaN	-0.00001831260090405875	1	NaN	NaN	NaN	NaN	NaN	NaN	NaN	NaN	NaN	NaN	1.741798444553796e-10	9.36521722087123e-12	9.050879503757361e-13	NaN	15.700655604411846	412.04403447801894	421.3795222389294	0.3	0	844.1852196226647	22.154583382001746	22.65652935064744	0.1	1	0.08158506654421079	2.0245819729584436	2.070451973851568	-0.1	0	NaN	NaN	NaN	NaN	9	299.8654691554176	297.9064695739746	95201.52940364584	1.1039973420271276	1017.8990772802053	0.02601632981689445	0.1197289419887563	0.015345192892069507	2109.715978486827	3112.9571192525796	0.013899664707428655	67.77208607979058	1003.2411407657523	291.5117240231898	0.9142954319071878	0.28305194571668046	0.25022094458539346	0.9892750183288556	-3.520549580769437e-15	1.1093794351264893e-14	0.9892750183288556	3.475437319924285	314.79827115665944	17.201728843340558	14.651178839130854	NaN	0.19103632851045763	0.3315449171025179	-31.316072574230354	-0.09260420485761607	0.23118487181886488	0.08753858918164115	1	8.806749388035765	4	7	13	21	37	100	0.039768732942643346	1.0131137258706484	23.450719824903846	1.0151687714290578	74.85240665030702	1.0859831193611689	2.632403333591256	1.0859831193611689	1.7013789854653278	1.0859831193611689	-0.010434392720564775	1.1484987902602437	NaN	NaN	800000009	800000009	800000009	800000009	800000019	800010019	899999999	899999999	89999	89999	89	89	3	5	0	59	27	2	4	NaN	0	0	0	0	0	0	0	0	0	NaN	NaN	NaN	NaN	0	0	0	0	0	0	0	0	17307	0	0	0	18000	18000	18000	18000	93	NaN	0.321770913094967	0.25837098310942225	0.08294793800064651	0.04292304524230202	8.665714178783432	0.27149515567138616	1.7232817036176133e-7	NaN	0.020868125003219065	0.0700375421189221	0.04526677231950329	-0.000010434392720564775	NaN	412.0397464733757	22.154316852990718	95590.68674392361	11.380000114440918	18.35243170844185	93.11348480394152	92.53772548802694	93.68924552493625	-1.1515208884808754	0.00029184946038488625	-1	0	2.0062949690918135	77.84461857732492	1.0000586202012167	-273.1499938964844	9.000629421128167	-273.1499938964844	255
DATA	2026-07-04T213000_AIU-0547.ghg	2026-07-04	22:00:00	185.916	0	18000	18000	0.040822284226562984	0	NaN	22.73985051392602	0	NaN	90.60503894632438	0	NaN	-0.17764867323707445	2	NaN	2.05883589168547	0	NaN	0.008143537128354464	0	NaN	NaN	NaN	NaN	NaN	NaN	NaN	NaN	NaN	NaN	1.5350170974760086e-10	7.99703204676684e-12	8.007158379418136e-13	NaN	15.726387601885323	412.23731396850815	421.2850296713125	0.1	1	819.3030933593185	21.47647095331958	21.94783295016205	0.1	1	0.08203405452060879	2.032343889499282	2.076949433683295	0.1	0	NaN	NaN	NaN	NaN	9	299.4907591510349	297.60775010809255	95226.56214234124	1.1056818789350644	1017.5070258403185	0.02598341028735418	0.13341256578121846	0.014894350238470229	2045.6790804404955	3057.874454498887	0.013470737399454983	66.89872690590018	1012.1953740583917	291.02113183747366	1.1841423293320628	0.3116922582338469	0.2994154638995753	1.2605533467414183	-3.1985720992615206e-14	9.760773652125848e-15	1.2605533467414183	3.3212942765383833	317.2530045853035	14.74699541469654	13.740628158874015	NaN	0.1921469765080741	0.324928596689189	-26.335842898098605	-0.11011608822322426	0.2509777687684391	0.10519290328677508	1	12.756530249522587	6	10	18	29	51	134	0.04037073060830931	1.011185173303768	27.92155833335845	1.0141076683865338	83.38169387407235	1.0866298672603258	-0.16348591051060704	1.0866298672603258	1.89469841913726	1.0866298672603258	-0.004749821420991517	1.1479081272668885	NaN	NaN	800000009	800000009	800000009	800000009	800001019	800011119	899999999	899999999	89999	89999	89	89	4	0	0	53	39	2	6	NaN	0	0	0	0	0	0	0	0	0	NaN	NaN	NaN	NaN	0	1	0	0	0	0	0	0	17108	0	0	0	18000	18000	18000	18000	93	NaN	0.23161376744913256	0.3275628330883938	0.09068059284085159	0.061333021276629276	9.736282031822917	0.3031172424650203	4.1583287786780514e-8	NaN	0.02481830082682003	-0.004341179717938561	0.050311530351939845	-0.000004749821420991517	NaN	412.23565623216984	21.476155489297387	95616.5402983941	11.360567447450425	17.86145660988487	93.1711640985277	92.59863648287455	93.74369234720866	-1.145043869415919	0.00029139953196540274	-1	0	2.0145159879840078	77.66811269542907	1.000074274447229	-273.1499938964844	9.0007840657764	-273.1499938964844	057
DATA	2026-07-04T220000_AIU-0547.ghg	2026-07-04	22:30:00	185.937	0	18000	18000	0.023579393287819234	0	NaN	27.180270497542317	0	NaN	71.4439876640013	0	NaN	-0.8428255883936847	2	NaN	1.6225375201964198	0	NaN	0.004340355201612302	1	NaN	NaN	NaN	NaN	NaN	NaN	NaN	NaN	NaN	NaN	-1.7572148135307226e-10	-9.32040016799768e-12	-9.075674416475921e-13	NaN	16.01497759665877	419.1421045236933	428.67217892957797	0.1	1	849.4465146379086	22.231613979899052	22.737096328498	0.1	1	0.08271425971101959	2.0444839170237175	2.0909695447871504	-0.6	0	NaN	NaN	NaN	NaN	9	298.98903761969666	297.03738996124264	95241.74727126736	1.107662656764566	1017.9241183678364	0.02592947873062377	0.105140431308728	0.015450125123753317	2117.945724275782	2955.0603537897537	0.013948402999233047	71.67182631514096	837.1146295139715	291.5738225583931	1.6715197563693027	0.8804848945924596	0.42304444881717623	1.9360264851527933	-1.5694590718603916e-14	-1.0972321396798788e-14	1.9360264851527933	3.7990347328094067	304.2216627660417	27.778337233958332	12.621633319568623	NaN	0.14590244035774802	0.23948511744684642	-9.64873646947767	-0.3005574884518522	0.38044167726709527	0.1652221615836661	1	30.32463264348808	13	24	40	62	101	237	0.023371292105104587	1.0089041368264442	31.203792445672008	1.0132989807950927	65.46186572964993	1.091383309468399	-0.7722544234291213	1.091383309468399	1.486679799956571	1.091383309468399	-0.008435881055414474	1.1498176132854958	NaN	NaN	800000009	800000009	800000009	800000009	800000019	800011019	899999999	899999999	89999	89999	89	89	10	1	0	45	49	0	9	NaN	0	0	0	0	0	0	0	0	0	NaN	NaN	NaN	NaN	0	0	0	0	0	0	0	0	15917	0	0	0	18000	18000	18000	18000	93	NaN	0.22190272200494698	0.203504874959093	0.0535626379296529	0.07515077011930164	14.18414756743031	0.3469415487171622	1.0646557523567227e-7	NaN	0.027674798127658138	-0.020479570684642203	0.039425561220413984	-0.000008435881055414474	NaN	419.14198005066334	22.231276753809908	95630.08563411458	11.369151532808937	18.413377233187394	93.12675687789917	92.54461022292244	93.70890202204387	-1.1642924926910152	0.000291059018167693	-1	0	2.0258893874486286	75.95081978881974	1.0000806073347728	-273.1499938964844	9.00078333791097	-273.1499938964844	084
DATA	2026-07-04T223000_AIU-0547.ghg	2026-07-04	23:00:00	185.958	0	18000	18000	0.017001207859989757	1	NaN	7.911951636556716	1	NaN	137.4114099898064	1	NaN	10.186992534639197	1	NaN	3.121547493270553	1	NaN	0.0299454731159815	1	NaN	NaN	NaN	NaN	NaN	NaN	NaN	NaN	NaN	NaN	-8.545235655066238e-11	-4.459144472629041e-12	-4.372647824779491e-13	NaN	16.061438294882127	420.1698960014282	429.5889111454271	0.1	0	838.1310555506368	21.925647752137554	22.417158472407404	0.7	0	0.08218733345441244	2.033768703904932	2.0793600192365918	0	0	NaN	NaN	NaN	NaN	9	299.2580241360135	297.3176979152265	95257.96744885716	1.106935964704429	1017.7560400651977	0.025949528492662053	0.20227627756393182	0.015225717082868507	2089.152882734302	3005.2057122854894	0.013754830964349447	69.5177995367738	916.0528295511876	291.3556290900958	1.8938843175396158	1.2093807876126312	0.4411285532652479	2.2899768772140625	-4.3434395339640256e-15	-5.320342735301061e-15	2.2899768772140625	4.164538754649747	299.4388534797403	32.56114652025969	11.106570749733145	NaN	0.12393062489942458	0.31532875024074347	-20.315176685865726	-0.14275041978924424	0.05757856379716683	0.05666811907715064	1	52.00431490001521	23	42	72	112	187	463	0.01686008696357934	1.0083701167565304	15.8996269131369	1.013387869943458	125.50974739995202	1.0948265998172102	9.304662981644759	1.0948265998172102	2.8511798067307823	1.0948265998172102	0.016624168151117634	1.1518717671866798	NaN	NaN	800000009	800000009	800000009	800000019	800000019	800000019	899999999	899999999	89999	89999	89	89	11	16	0	36	4	0	5	NaN	0	0	0	0	0	0	0	0	0	NaN	NaN	NaN	NaN	0	2	0	0	0	0	0	0	16315	0	0	0	18000	18000	18000	18000	93	NaN	0.2756593784096064	0.2743966315600981	0.0806014905117824	0.10102121159757714	27.085437364604733	0.6825337184889214	1.1703729895743453e-7	NaN	0.014113045677805145	0.24686576076669642	0.07564579968771937	0.000016624168151117635	NaN	420.16698739454455	21.924996246552496	95651.98869444444	11.390000343322754	18.19166739622755	93.12850124189589	92.54591384400263	93.71108937072754	-1.1651768030987817	0.00029068994923565894	-1	0	2.0155329480502333	75.44691564250532	1.000082474157214	-372.5128730689138	9.00055188147227	-298.78811997307224	196
DATA	2026-07-04T230000_AIU-0547.ghg	2026-07-04	23:30:00	185.979	0	18000	18000	0.016266913150417874	1	NaN	16.549357224950395	1	NaN	143.71854701408392	1	NaN	4.14657256333867	1	NaN	3.2654284182548348	1	NaN	0.029521434702616058	1	NaN	NaN	NaN	NaN	NaN	NaN	NaN	NaN	NaN	NaN	1.861814880127874e-10	9.420216579234853e-12	9.556330055151598e-13	NaN	15.930375252758866	417.05650430783544	426.0468554312481	0.2	0	806.0284976300367	21.101789647790156	21.556674049079813	0.8	0	0.0817674868982285	2.0244000011521264	2.0680393321219195	0	0	NaN	NaN	NaN	NaN	9	299.3728068822225	297.5080225516425	95284.2669828559	1.1068808355763116	1017.292221784857	0.025958972848470346	0.2115997615029133	0.01464827819606146	2011.2078991722744	3039.675425240193	0.013233834867539871	66.165218906994	1028.4675260679185	290.75144056458373	1.6740742432859128	1.0488182451376777	0.404458850827772	2.0164650369842128	1.3742314503429188e-14	1.1687200399158454e-14	2.0164650369842128	4.030031288173138	299.93259249627306	32.067407503726926	11.570770400040733	NaN	0.12122777657558728	0.30818333749694843	-9.091125143290094	-0.31899241890212116	0.11515115876678474	0.12123622318283313	1	39.880660218448384	18	32	53	80	130	302	0.016125706373941177	1.008756625799964	24.868545792695897	1.013298033821277	131.59481933473631	1.0921292170971306	3.796778346760305	1.0921292170971306	2.9899652597284354	1.0921292170971306	0.013407069991758993	1.1502379003870793	NaN	NaN	800000009	800000009	800000009	800000009	800000009	800001019	899999999	899999999	89999	89999	89	89	12	7	1	64	24	10	6	NaN	0	0	0	0	0	0	0	0	0	NaN	NaN	NaN	NaN	0	0	0	0	0	0	0	0	16811	0	0	0	18000	18000	18000	18000	93	NaN	0.2799020581724696	0.2442094107532771	0.09225520606815019	0.055832773310831384	22.70764286781122	0.6413061342396362	1.9310192195483873e-7	NaN	0.02208532518637792	0.10068568405505289	0.0792900374954669	0.000013407069991758993	NaN	417.05209570524227	21.1011257237358	95680.16886046006	11.396383769512177	17.587257171101005	93.17467123540243	92.60053523826599	93.74880429183112	-1.1482665718727627	0.00029095220809621325	-1	0	2.0069568882385878	76.55506793361236	1.000083475417561	-273.1499938965191	9.000742549578348	-273.1499938964844	251
