DATAH	filename	date	time	DOY	daytime	file_records	used_records	Tau	qc_Tau	rand_err_Tau	H	qc_H	rand_err_H	LE	qc_LE	rand_err_LE	co2_flux	qc_co2_flux	rand_err_co2_flux	h2o_flux	qc_h2o_flux	rand_err_h2o_flux	ch4_flux	qc_ch4_flux	rand_err_ch4_flux	none_flux	qc_none_flux	rand_err_none_flux	H_strg	LE_strg	co2_strg	h2o_strg	ch4_strg	none_strg	co2_v-adv	h2o_v-adv	ch4_v-adv	none_v-adv	co2_molar_density	co2_mole_fraction	co2_mixing_ratio	co2_time_lag	co2_def_timelag	h2o_molar_density	h2o_mole_fraction	h2o_mixing_ratio	h2o_time_lag	h2o_def_timelag	ch4_molar_density	ch4_mole_fraction	ch4_mixing_ratio	ch4_time_lag	ch4_def_timelag	none_molar_density	none_mole_fraction	none_mixing_ratio	none_time_lag	none_def_timelag	sonic_temperature	air_temperature	air_pressure	air_density	air_heat_capacity	air_molar_volume	ET	water_vapor_density	e	es	specific_humidity	RH	VPD	Tdew	u_unrot	v_unrot	w_unrot	u_rot	v_rot	w_rot	wind_speed	max_wind_speed	wind_dir	yaw	pitch	roll	u*	TKE	L	(z-d)/L	bowen_ratio	T*	model	x_peak	x_offset	x_10%	x_30%	x_50%	x_70%	x_90%	un_Tau	Tau_scf	un_H	H_scf	un_LE	LE_scf	un_co2_flux	co2_scf	un_h2o_flux	h2o_scf	un_ch4_flux	ch4_scf	un_none_flux	un_none_scf	spikes_hf	amplitude_resolution_hf	drop_out_hf	absolute_limits_hf	skewness_kurtosis_hf	skewness_kurtosis_sf	discontinuities_hf	discontinuities_sf	timelag_hf	timelag_sf	attack_angle_hf	non_steady_wind_hf	u_spikes	v_spikes	w_spikes	ts_spikes	co2_spikes	h2o_spikes	ch4_spikes	none_spikes	head_detect_LI-7200	t_out_LI-7200	t_in_LI-7200	aux_in_LI-7200	delta_p_LI-7200	chopper_LI-7200	detector_LI-7200	pll_LI-7200	sync_LI-7200	chopper_LI-7500	detector_LI-7500	pll_LI-7500	sync_LI-7500	not_ready_LI-7700	no_signal_LI-7700	re_unlocked_LI-7700	bad_temp_LI-7700	laser_temp_unregulated_LI-7700	block_temp_unregulated_LI-7700	motor_spinning_LI-7700	pump_on_LI-7700	top_heater_on_LI-7700	bottom_heater_on_LI-7700	calibrating_LI-7700	motor_failure_LI-7700	bad_aux_tc1_LI-7700	bad_aux_tc2_LI-7700	bad_aux_tc3_LI-7700	box_connected_LI-7700	mean_value_RSSI_LI-7200	mean_value_LI-7500	u_var	v_var	w_var	ts_var	co2_var	h2o_var	ch4_var	none_var	w/ts_cov	w/co2_cov	w/h2o_cov	w/ch4_cov	w/none_cov	co2_mean	h2o_mean	air_p_mean	vin_sf_mean	dew_point_mean	avg_signal_strength_7200_mean	co2_signal_strength_7200_mean	h2o_signal_strength_7200_mean	delta_signal_strength_7200_mean	flowrate_mean	hit_power_mean	hit_vin_mean	ch4_mean	rssi_77_mean	ch4_aux-1_mean	ch4_aux-2_mean	ch4_aux-3_mean	ch4_aux-4_mean	CHK
DATAU		[yyyy-mm-dd]	[HH:MM]	[ddd.ddd]	[1=daytime]	[#]	[#]	[kg+1m-1s-2]	[#]	[kg+1m-1s-2]	[W+1m-2]	[#]	[W+1m-2]	[W+1m-2]	[#]	[W+1m-2]	[µmol+1s-1m-2]	[#]	[µmol+1s-1m-2]	[mmol+1s-1m-2]	[#]	[mmol+1s-1m-2]	[µmol+1s-1m-2]	[#]	[µmol+1s-1m-2]	[µmol+1s-1m-2]	[#]	[µmol+1s-1m-2]	[W+1m-2]	[W+1m-2]	[µmol+1s-1m-2]	[mmol+1s-1m-2]	[µmol+1s-1m-2]	[µmol+1s-1m-2]	[µmol+1s-1m-2]	[mmol+1s-1m-2]	[µmol+1s-1m-2]	[µmol+1s-1m-2]	[mmol+1m-3]	[µmol+1mol_a-1]	[µmol+1mol_d-1]	[s]	[1=default]	[mmol+1m-3]	[mmol+1mol_a-1]	[mmol+1mol_d-1]	[s]	[1=default]	[mmol+1m-3]	[µmol+1mol_a-1]	[µmol+1mol_d-1]	[s]	[1=default]	[mmol+1m-3]	[µmol+1mol_a-1]	[µmol+1mol_d-1]	[s]	[1=default]	[K]	[K]	[Pa]	[kg+1m-3]	[J+1kg-1K-1]	[m+3mol-1]	[mm]	[kg+1m-3]	[Pa]	[Pa]	[kg+1kg-1]	[%]	[Pa]	[K]	[m+1s-1]	[m+1s-1]	[m+1s-1]	[m+1s-1]	[m+1s-1]	[m+1s-1]	[m+1s-1]	[m+1s-1]	[deg_from_north]	[deg]	[deg]	[deg]	[m+1s-1]	[m+2s-2]	[m]	[#]	[#]	[K]	[0=KJ/1=KM/2=HS]	[m]	[m]	[m]	[m]	[m]	[m]	[m]	[kg+1m-1s-2]	[#]	[W+1m-2]	[#]	[W+1m-2]	[#]	[µmol+1s-1m-2]	[#]	[mmol+1s-1m-2]	[#]	[µmol+1s-1m-2]	[#]	[µmol+1s-1m-2]	[#]	8u/v/w/ts/co2/h2o/ch4/none	8u/v/w/ts/co2/h2o/ch4/none	8u/v/w/ts/co2/h2o/ch4/none	8u/v/w/ts/co2/h2o/ch4/none	8u/v/w/ts/co2/h2o/ch4/none	8u/v/w/ts/co2/h2o/ch4/none	8u/v/w/ts/co2/h2o/ch4/none	8u/v/w/ts/co2/h2o/ch4/none	8co2/h2o/ch4/none	8co2/h2o/ch4/none	8aa	8U	[#]	[#]	[#]	[#]	[#]	[#]	[#]	[#]	[#_flagged_recs]	[#_flagged_recs]	[#_flagged_recs]	[#_flagged_recs]	[#_flagged_recs]	[#_flagged_recs]	[#_flagged_recs]	[#_flagged_recs]	[#_flagged_recs]	[#_flagged_recs]	[#_flagged_recs]	[#_flagged_recs]	[#_flagged_recs]	[#_flagged_recs]	[#_flagged_recs]	[#_flagged_recs]	[#_flagged_recs]	[#_flagged_recs]	[#_flagged_recs]	[#_flagged_recs]	[#_flagged_recs]	[#_flagged_recs]	[#_flagged_recs]	[#_flagged_recs]	[#_flagged_recs]	[#_flagged_recs]	[#_flagged_recs]	[#_flagged_recs]	[#_flagged_recs]	[#]	[#]	[m+2s-2]	[m+2s-2]	[m+2s-2]	[K+2]	--	--	--	--	[m+1s-1K+1]	--	--	--	--	--	--	--	--	--	--	--	--	--	--	--	--	--	--	--	--	--	--	207
DATA	2026-02-05T233000_AIU-0547.ghg	2026-02-06	00:00:00	37	0	18000	18000	0.07033493818342984	1	NaN	-21.518793774959295	0	NaN	2.123038076295588	1	NaN	1.1693523992159947	1	NaN	0.047004092542782545	1	NaN	0.0014652813134033362	1	NaN	NaN	NaN	NaN	NaN	NaN	NaN	NaN	NaN	NaN	2.277282230717719e-10	1.534241549799974e-12	1.377544163453403e-12	NaN	17.90123794048209	429.29847311564515	430.5437143106343	0.1	0	120.60351005543741	2.892252641483649	2.9006420310599808	0.1	1	0.10828585719798921	2.3511555762603575	2.3579754369464196	0.5	0	NaN	NaN	NaN	NaN	9	270.07731860690654	270.46509072028266	94694.8363344184	1.2184211633247348	1006.6727214836559	0.023746244793192827	0.003045865196772309	0.0021948057028143135	273.95485630681844	500.326376412899	0.001801352249024709	54.755229630495165	226.37152010608054	262.59008258302737	2.27535187882373	-0.8062403996652976	0.20557527727330954	2.422707359369997	1.0319450976110426e-13	1.2721367305932756e-14	2.422707359369997	6.475604608009786	351.5110982463179	340.4889017536821	4.867602462455906	NaN	0.2402629682506475	1.1862744882493403	53.995473993481525	0.05370820525346431	-10.135849194238974	-0.07302059226388408	0	47.687920213656284	-7.23682587359601	16.369719830457854	40.762916948027865	62.166020331257606	87.18872743263566	130.62460156039916	0.06978660346610174	1.0078573062750424	-21.099394526819065	1.0158122351132517	1.876717906233614	1.1312505034687466	1.0336812188197189	1.1312505034687466	0.04155056055104875	1.1312505034687466	0.008414931464230942	1.2151945002603126	NaN	NaN	800000009	800000009	800000009	800000009	800001009	800011009	899999999	899999999	89999	89999	89	89	5	2	1	57	52	9	0	NaN	0	0	0	0	0	0	0	0	0	NaN	NaN	NaN	NaN	0	0	0	0	0	0	0	0	18000	0	0	0	18000	18000	18000	18000	100	NaN	0.9521166405937566	1.2253401932401542	0.19509214266476996	0.04539274181003796	0.33047813601847137	0.0007959993376267928	2.3804660695560292e-7	NaN	-0.01720221053475458	0.02461726571046858	0.000989532527902565	0.000008414931464230943	NaN	429.29671805732	2.8922515856212274	95096.69071853299	11.350553701082866	-10.562611280547262	100.79874802123176	100.63490192010667	100.96254340553284	-0.3276673749354147	0.0002668717821798055	-1	0	2.3481934967637055	79.91121923357755	1	-273.1499938964844	9.000106831126743	-273.1499938964844	178
DATA	2026-02-06T000000_AIU-0547.ghg	2026-02-06	00:30:00	37.02	0	18000	18000	0.030825652143863538	1	NaN	-15.189305263124115	1	NaN	0.37401675193068	1	NaN	0.5466163800637779	1	NaN	0.008277825530811644	1	NaN	-0.002421457281523556	1	NaN	NaN	NaN	NaN	NaN	NaN	NaN	NaN	NaN	NaN	-7.626518036297884e-11	-5.095812492895968e-13	-4.608081381350988e-13	NaN	17.939206579734872	429.61308008224887	430.8498547575899	0.1	0	119.86444215639685	2.8705468080914014	2.878810568580139	0.1	1	0.10839196005679855	2.349403504665301	2.35616699230439	-0.2	0	NaN	NaN	NaN	NaN	9	269.7098199717203	270.09323091210257	94692.27911349825	1.2200757412482421	1006.6565257494241	0.02371423671312944	0.0005364030943965945	0.0021812742697071667	271.891532027413	486.6735871195238	0.0017878187361348042	55.867328579851254	214.7820550921108	262.49495596106794	1.7329407324747728	-0.6625349097062778	0.15467523673081074	1.8617090314299223	5.678120295896745e-14	-4.25131290082429e-15	1.8617090314299223	5.505145240081135	352.92276878450036	339.07723121549964	4.7657638481983176	NaN	0.15895080823231733	0.8917860197835255	22.148957293145678	0.13093167148312881	-40.61129664571626	-0.07780492069547877	1	25.535499052185937	11	24	50	95	212	961	0.030536941736697545	1.0094544637002414	-14.90365350466575	1.0188729251783748	0.3238466651995959	1.154919263102996	0.4732940193543473	1.154919263102996	0.007167449531122267	1.154919263102996	0.002793175562757733	1.2631175941993047	NaN	NaN	800000009	800000009	800000009	800000009	800011109	800011109	899999999	899999999	89999	89999	89	89	2	2	1	36	3	5	0	NaN	0	0	0	0	0	0	0	0	0	NaN	NaN	NaN	NaN	0	0	0	0	0	0	0	0	17901	17995	0	0	18000	18000	18000	18000	100	NaN	0.7219510140259511	0.9192700805708024	0.1423509449702976	0.024768489880735742	0.1409530592318588	0.00020821699518361537	3.242799521211732e-8	NaN	-0.012134576940667559	0.011256126314488394	0.00017046003958615585	0.000002793175562757733	NaN	429.61304798780054	2.870546103616615	95096.80116970486	11.346941978136698	-10.658199652478613	100.83136548890008	100.66925816663107	100.99343738026089	-0.3241956635812919	0.00026645054804005973	-1	0	2.346477716386319	81.46284580675756	1.0000062120846576	-273.1499938964844	9.000108543025123	-273.1499938964844	054
DATA	2026-02-06T003000_AIU-0547.ghg	2026-02-06	01:00:00	37.041	0	18000	18000	0.03135035836288379	1	NaN	-9.698562154895944	0	NaN	0.5326858489162573	1	NaN	0.2235479221583145	1	NaN	0.01178470098540987	1	NaN	-0.0022597890114295885	1	NaN	NaN	NaN	NaN	NaN	NaN	NaN	NaN	NaN	NaN	2.0544172959405038e-10	1.3695280565159044e-12	1.235230739830234e-12	NaN	18.000044329870324	430.33489585116325	431.57295975451194	0.1	1	119.992981839661	2.8687244540365553	2.8769777103479486	0.1	1	0.10822634777509503	2.341149329755868	2.347884764194172	0	1	NaN	NaN	NaN	NaN	9	269.2785038163927	269.65999585130487	94675.70629600695	1.2218228768551063	1006.650429030959	0.023680343070250808	0.0007636486238545596	0.0021830095701783174	271.6713672807727	471.1854404335134	0.0017866825147334318	57.65699530758461	199.5140731527407	262.4847676451073	0.9461220998503939	-0.21887956399871158	0.133941679795423	0.9803038635790478	-1.2515732231806375e-14	1.1413401313302789e-14	0.9803038635790478	3.578392381614176	345.0258734547716	346.9741265452284	7.8530484775314084	NaN	0.16018326019948206	0.39398650061009444	35.49689784885534	0.08169727992423753	-18.20690783250118	-0.049226990898471136	1	9.649895533848238	4	9	18	33	69	283	0.031059406993062793	1.0093675764603613	-9.526705691500254	1.0161786137339774	0.4740482342900981	1.1236954604713818	0.19893995305857856	1.1236954604713818	0.010487450915274034	1.1236954604713818	0.0011737299235347034	1.2229217275683746	NaN	NaN	800000009	800000009	800000009	800000009	800000009	800010009	899999999	899999999	89999	89999	89	89	5	4	6	21	24	9	0	NaN	0	0	0	0	0	0	0	0	0	NaN	NaN	NaN	NaN	0	0	0	0	0	0	0	0	17703	18000	0	0	18000	18000	18000	18000	100	NaN	0.4492940118224164	0.27699541601470434	0.06168357338306803	0.046654100214514285	0.2504919906288171	0.0001093387680961332	1.4386302246688976e-8	NaN	-0.007745613342274254	0.004724523329961226	0.0002490611149709367	0.0000011737299235347034	NaN	430.3348557511278	2.8687233592518253	95083.91883376735	11.34000015258789	-10.667450336482789	100.85591894827948	100.69262908871968	101.01919677628412	-0.32653298087169746	0.00026583665036175965	-1	0	2.3382313750121337	81.64148412344191	1.0000134609921112	-273.1499938964844	9.000110276593102	-273.1499938964844	002
DATA	2026-02-06T010000_AIU-0547.ghg	2026-02-06	01:30:00	37.062	0	18000	18000	0.03086225387031472	1	NaN	-28.63377823668182	1	NaN	-0.7482236676845871	1	NaN	2.149701641850291	1	NaN	-0.016550486196877493	1	NaN	-0.004436501868126731	1	NaN	NaN	NaN	NaN	NaN	NaN	NaN	NaN	NaN	NaN	-5.5941442842831996e-11	-3.7193343592849646e-13	-3.3558264840713795e-13	NaN	18.028774829759872	430.7814820531725	432.0188283402068	0.2	0	119.86648586903557	2.8641026868854937	2.8723293330458906	0.1	1	0.1081513757502591	2.3377466295813902	2.3444614077987658	-0.1	0	NaN	NaN	NaN	NaN	9	269.09825169118244	269.49403618537053	94661.83355447049	1.222398294944597	1006.6460036515421	0.023669237460479733	-0.0010724715055576615	0.002180515168186079	271.19393722388554	465.3693733513111	0.0017838008914147795	58.27498601184463	194.17543612742554	262.4626488601581	1.4870925311744625	-0.4355812085504488	0.1421330603377559	1.5560774377768538	-3.914325656336526e-14	-3.1028976384180117e-15	1.5560774377768538	5.116256619841435	348.3257267072154	343.67427329278456	5.240736013548838	NaN	0.15889398311985276	0.9083176278714634	11.733929588875684	0.24714653160603042	38.269008951949324	-0.1464474101928138	1	20.02334215601832	9	19	40	79	179	867	0.030500229939999554	1.0118695475748	-28.027411791944562	1.0238280608769688	-0.6273102891141072	1.1927489165548912	1.8023086099792405	1.1927489165548912	-0.013875918030327406	1.1927489165548912	0.005145181374791451	1.3334654948974685	NaN	NaN	800000009	800000009	800000009	800000009	800000009	800111019	899999999	899999999	89999	89999	89	89	12	3	2	15	16	0	0	NaN	0	0	0	0	0	0	0	0	0	NaN	NaN	NaN	NaN	0	0	0	0	0	0	0	0	16313	606	0	0	18000	18000	18000	18000	100	NaN	0.4843139205492124	1.1980982614931077	0.13422307370060663	0.08944036853227288	1.7981889425460802	0.0009487886639520746	1.0211097047075589e-8	NaN	-0.022776840744808978	0.04278183490275677	-0.0003293760186300673	0.0000051451813747914505	NaN	430.78131374982684	2.864101531459355	95067.01391319445	11.352783168951667	-10.690831400659336	100.85835078726875	100.69313039610121	101.02346780056423	-0.3304194322385723	0.0002656552975353811	-1	0	2.3348372040192285	80.79957857704164	1.000012307609121	-273.1499938964844	9.00011726503902	-273.1499938964844	129
DATA	2026-02-06T013000_AIU-0547.ghg	2026-02-06	02:00:00	37.083	0	18000	18000	0.05366905832731296	1	NaN	-22.00012238118511	1	NaN	1.734765084829288	1	NaN	1.0100588398587829	1	NaN	0.03837121893845179	1	NaN	0.0008174033502848667	1	NaN	NaN	NaN	NaN	NaN	NaN	NaN	NaN	NaN	NaN	-3.0690840960127886e-10	-2.012356056273884e-12	-1.843843436165405e-12	NaN	17.992438327428545	429.927509573784	431.14289073581637	0.2	0	117.97393327336286	2.8189753052825686	2.826944391712212	0.5	0	0.10809491780867038	2.3361171523933497	2.3427212256756906	-0.1	0	NaN	NaN	NaN	NaN	9	269.0684271028307	269.4589566006131	94647.84247222223	1.222397619628905	1006.6212326304609	0.023669654866512013	0.0024864549872116756	0.002146120683129418	266.8814995669446	464.14820346936835	0.0017556649724014815	57.49919908600003	197.26670390242373	262.2612714342321	2.0843705120117675	-0.5565984388922116	0.22555060633881072	2.1691646616940132	-3.057011789113992e-15	-1.7057632990933352e-14	2.1691646616940132	6.0328867132532356	346.9510812558676	345.0489187441323	5.968426155527992	NaN	0.2095345963920123	1.1388468540549515	35.01811779787941	0.08281427393495189	-12.681902912145633	-0.08532784444065965	0	45.06659490616241	-6.839029645046054	15.469903678360799	38.52224750124966	58.74885804717379	82.39610874170974	123.44438543192301	0.053219137936677374	1.0084541089555212	-21.569225609852577	1.016938278484077	1.5215331213254326	1.1401428339056499	0.8859055285193926	1.1401428339056499	0.03365474728022289	1.1401428339056499	0.007869307049456124	1.2334359970724464	NaN	NaN	800000009	800000009	800000009	800000009	800011109	800111119	899999999	899999999	89999	89999	89	89	2	3	3	37	27	0	0	NaN	0	0	0	0	0	0	0	0	0	NaN	NaN	NaN	NaN	0	0	0	0	0	0	0	0	16704	0	0	0	18000	18000	18000	18000	100	NaN	0.8942585337457063	1.212527456854765	0.17090771750943143	0.053966551375829064	0.9927514502948888	0.0007570523094616045	2.4835516238128298e-8	NaN	-0.01752895276941616	0.021028372467906353	0.0007988487918170764	0.000007869307049456125	NaN	429.9271863584902	2.8189743281139505	95051.62297851563	11.359999656677246	-10.891710164441035	100.8541719868978	100.68876221868727	101.01961017778184	-0.3308421203618248	0.00026518409042263456	-1	0	2.333255440572897	80.15546929931642	1.0000034031387832	-273.1499938964844	9.000126918845707	-273.1499938964844	228
DATA	2026-02-06T020000_AIU-0547.ghg	2026-02-06	02:30:00	37.104	0	18000	18000	0.059584332658075	1	NaN	-14.275019913633232	1	NaN	0.1549243804064602	1	NaN	0.28636803656592263	1	NaN	0.003426501274203715	1	NaN	-0.0033175175630568423	2	NaN	NaN	NaN	NaN	NaN	NaN	NaN	NaN	NaN	NaN	-2.1998011221948333e-11	-1.4297030175262645e-13	-1.318716815342847e-13	NaN	17.96169544212334	429.28373725095264	430.48479715672204	0.2	0	116.73732645371865	2.7900170080387854	2.797822981743331	0.1	1	0.10767514195993372	2.3261398302439127	2.332647957719718	-0.1	0	NaN	NaN	NaN	NaN	9	268.99687231106225	269.37658164893253	94639.3100418837	1.222674597480881	1006.6046508724328	0.023664552275772785	0.00022203728256840071	0.00212453237062735	264.11611199836847	461.2917989259943	0.0017376106242859694	57.25575711801046	197.17568692762586	262.1306054543884	2.766493698504825	-1.1648130926053806	0.22849031269139006	3.010396111405534	1.216777606586846e-14	-1.2247179723557233e-15	3.010396111405534	6.515188151584498	354.83319046609967	337.16680953390033	4.3529597315009125	NaN	0.2207550234959008	1.3264351459062769	63.10668835718185	0.04595392462342648	-92.1418557633165	-0.052540754565260285	0	40.834213033696024	-6.196749367265513	14.01706394122454	34.90447113384413	53.23152081890765	74.65796482987638	111.85123577755712	0.05911307346597482	1.0079721652837326	-14.047720778954071	1.0165388770014883	0.13620321907153443	1.1374502119887	0.2517631396500786	1.1374502119887	0.003012440666051549	1.1374502119887	0.0017577883296346132	1.2168711680954936	NaN	NaN	800000009	800000009	800000009	800000009	800000009	800010009	899999999	899999999	89999	89999	89	89	6	0	0	72	27	2	0	NaN	0	0	0	0	0	0	0	0	0	NaN	NaN	NaN	NaN	0	0	0	0	0	0	0	0	18000	0	0	0	18000	18000	18000	18000	100	NaN	0.7863183023299766	1.6238083982969762	0.24274359118560065	0.011219910783693426	0.06433269488370091	0.00005704878343560684	2.1972338088928075e-8	NaN	-0.011413952066386443	0.005974535506337512	0.00007148756464141269	0.0000017577883296346132	NaN	429.2836225812381	2.7900167403866747	95042.5547608507	11.340552361117469	-11.021842175828088	100.8484503218333	100.6825597351922	101.01425699869792	-0.3317780079320073	0.0002654387944332687	-1	0	2.3233189708921653	80.03769691997104	1.0000835676706499	-434.8922506883147	9.00061178692182	-339.324621675265	134
DATA	2026-02-06T023000_AIU-0547.ghg	2026-02-06	03:00:00	37.124	0	18000	18000	0.018020612912947473	2	NaN	-12.126917630447554	2	NaN	-0.4281571857756719	2	NaN	0.33648172934222836	2	NaN	-0.009467416772585776	2	NaN	-0.004189704933980508	2	NaN	NaN	NaN	NaN	NaN	NaN	NaN	NaN	NaN	NaN	1.4474836676923503e-11	9.479970399093273e-14	8.66700060989698e-14	NaN	17.96603646258747	429.17459542938974	430.38431233045793	0	0	117.66453581192263	2.810782982580901	2.818705752743616	0	0	0.10757402826307547	2.3213355715578534	2.3278787334874513	0	1	NaN	NaN	NaN	NaN	9	268.7438980161879	269.12578274875216	94591.79969574654	1.22319002270178	1006.6129875272057	0.023654394619513075	-0.0006134886068635582	0.0021412642778927946	265.9483395728161	452.69109331385533	0.001750557344445284	58.74830397611367	186.74275374103922	262.21731454868757	2.3964589622200054	-0.9094645513167035	0.19217707749221952	2.570422797288403	-1.1308983985140965e-13	8.05677796940129e-16	2.570422797288403	6.255638542998435	352.7819287781235	339.2180712218765	4.2877068559812965	NaN	0.12137739544466597	1.05143973588964	12.34320147588824	0.234947149300365	28.32351770174731	-0.08114395175754208	1	59.81985739778535	26	58	126	250	592	3092	0.017799107439436482	1.0124447517531252	-11.852270121041677	1.0257676688938493	-0.3529636956538822	1.2130346294751082	0.2773883953237405	1.2130346294751082	-0.0078047374267315155	1.2130346294751082	0.00026198516754349086	1.3433555020494103	NaN	NaN	800000009	800000009	800000009	800000009	800000009	800010009	899999999	899999999	89999	89999	89	89	6	0	1	88	19	0	0	NaN	0	0	0	0	0	0	0	0	0	NaN	NaN	NaN	NaN	0	0	0	0	0	0	0	0	18000	0	0	0	18000	18000	18000	18000	100	NaN	0.6028869044219314	1.3026644527596196	0.1973281145977289	0.009583821958252504	0.05740881536373375	0.00012038702857342613	1.6261972075407573e-8	NaN	-0.00962598280046551	0.006579954350616804	-0.000185136858110115	2.619851675434909e-7	NaN	429.1745270775689	2.8107826660606587	94994.58935980903	11.349175070921582	-10.936355107333911	100.85793312136332	100.69074506802029	101.02519859886169	-0.33445690204037526	0.00026566806626538493	-1	0	2.318497637576527	78.71303675930241	1.0000767645322615	-561.3467559983922	9.000580415606498	-472.19875225491387	050
DATA	2026-02-06T030000_AIU-0547.ghg	2026-02-06	03:30:00	37.145	0	18000	18000	0.023148045304973764	2	NaN	-18.99318537622434	2	NaN	-0.6290932154603366	2	NaN	0.5927417730514406	2	NaN	-0.013910732546149673	2	NaN	-0.0006942133028802065	2	NaN	NaN	NaN	NaN	NaN	NaN	NaN	NaN	NaN	NaN	1.3525690132915424e-10	8.683444111981717e-13	8.099022588540219e-13	NaN	17.908272347269335	427.7941598737606	428.9722992728382	0.1	0	114.97046031775545	2.7464230232925444	2.7539866355943805	0.1	1	0.10723260760595414	2.3140993435501005	2.3204723422156754	-0.1	0	NaN	NaN	NaN	NaN	9	268.75963993411597	269.14221786583795	94572.0901451823	1.2228902670083166	1006.5784358036587	0.023660769217445147	-0.0009014154689904987	0.0020916709542649153	259.8046368906646	453.2503124876955	0.001710432252749862	57.320343689276015	193.4456755970309	261.92443378723175	2.288409183118485	-0.9222392505597873	0.21298944641926246	2.476430158300508	-6.198267941633684e-14	7.552761020511188e-15	2.476430158300508	8.321145812092068	353.9496576926729	338.0503423073271	4.933913305073163	NaN	0.13758256998023793	1.329985857026053	11.475940946852932	0.25270259000376544	30.19136895686619	-0.11215000023036521	1	48.72080374260119	21	47	102	203	479	2491	0.022856688987560197	1.0127470920032267	-18.550243456499338	1.0263447865721884	-0.516662284849616	1.2176100983323095	0.4868075370459599	1.2176100983323095	-0.01142461988874961	1.2176100983323095	0.005143178333591025	1.3528263532310139	NaN	NaN	800000009	800000009	800000009	800000009	800000009	800011009	899999999	899999999	89999	89999	89	89	17	12	3	49	18	0	0	NaN	0	0	0	0	0	0	0	0	0	NaN	NaN	NaN	NaN	0	0	0	0	0	0	0	0	17802	0	0	0	18000	18000	18000	18000	100	NaN	0.771593675791297	1.6958586848600148	0.1925193534007941	0.020541701071959385	0.39050397745397525	0.002627571684207158	1.2784858962235236e-7	NaN	-0.015070043403250834	0.011549970400835058	-0.00027105993953292393	0.000005143178333591024	NaN	427.7941334333027	2.746420189409599	94975.37906163195	11.369999885559082	-11.230300042788151	100.86799542278713	100.70015058072408	101.0360340109931	-0.33574150593661617	0.0002656239046563214	-1	0	2.31133442462153	79.75113880499674	1.0000803154988422	-513.179378975761	9.000601720854089	-401.4213742828329	155
DATA	2026-02-06T033000_AIU-0547.ghg	2026-02-06	04:00:00	37.166	0	18000	18000	0.037443325684482234	1	NaN	-26.346674971573815	1	NaN	0.2714719261939414	1	NaN	0.92823069993767	1	NaN	0.00600336433912491	1	NaN	0.005171438134744565	1	NaN	NaN	NaN	NaN	NaN	NaN	NaN	NaN	NaN	NaN	-9.488181822663592e-11	-5.892059207746614e-13	-5.668678858765997e-13	NaN	17.853967444692056	426.80457719038844	427.9387907295984	0.1	1	110.87122405899947	2.6504106750318024	2.6574540195335805	0.1	1	0.10666786291665968	2.302736938693867	2.3088563562275275	-0.1	0	NaN	NaN	NaN	NaN	9	268.8188404278225	269.2270104353163	94554.36659114584	1.2223204338001765	1006.5276065424018	0.023672659925245816	0.0003890180091752942	0.002017534207529359	250.67512550100875	456.1452173005679	0.0016505771741513592	54.95511429112087	205.47009179955913	261.4776070290142	2.330661651021941	-0.1957281156056778	0.2164257575187285	2.3488578789063363	4.895242249264504e-14	-5.3143268307484266e-15	2.3488578789063363	7.068231027041043	336.80041471542404	355.19958528457585	5.28678054057587	NaN	0.17502281787205548	1.1421779950421709	17.029025443324656	0.17029747296177739	-97.05119546229459	-0.12235462181888794	1	31.22869956367434	14	30	63	121	276	1319	0.03704961872477718	1.010626478038268	-25.792490762999925	1.0218456292050868	0.2298827843153261	1.1809145560964156	0.7860269781126187	1.1809145560964156	0.0050836568218528815	1.1809145560964156	0.01252229622134761	1.296521579425796	NaN	NaN	800000009	800000009	800000009	800000009	800000009	800101009	899999999	899999999	89999	89999	89	89	14	22	5	22	51	0	0	NaN	0	0	0	0	0	0	0	0	0	NaN	NaN	NaN	NaN	0	0	0	0	0	0	0	0	16257	0	0	0	18000	18000	18000	18000	100	NaN	0.6497208264994285	1.4893643561795453	0.14527080740536774	0.06843558976951947	0.4317755915099117	0.0007395248900503258	6.37174168684256e-8	NaN	-0.02096440401756191	0.018656810819445594	0.00012066357292726952	0.000012522296221347611	NaN	426.804473611605	2.650409712421343	94959.62778320312	11.363608072598774	-11.675620797793075	100.8708003294203	100.7021854341295	101.03940144772	-0.3371780670707424	0.0002658742304386881	-1	0	2.3000873334341585	79.92147454579671	1.0000703577399255	-592.3547573004853	9.000595424584011	-517.4995041571742	059
DATA	2026-02-06T040000_AIU-0547.ghg	2026-02-06	04:30:00	37.187	0	18000	18000	0.012269366170501079	1	NaN	-14.489693030637637	1	NaN	1.7532468535301517	1	NaN	1.938237875901273	1	NaN	0.038765119911223896	1	NaN	0.005324565117783071	1	NaN	NaN	NaN	NaN	NaN	NaN	NaN	NaN	NaN	NaN	-3.6229422478678024e-11	-2.261775785966711e-13	-2.157785331447987e-13	NaN	17.879942907907186	427.787346622468	428.9328738230708	0.2	0	111.62314813980807	2.670644453974061	2.677795894729194	0.1	1	0.10649101170882748	2.2971194077750567	2.3032706246948993	-0.1	0	NaN	NaN	NaN	NaN	9	268.62706857554116	269.0521556608412	94520.52436328123	1.222667677110471	1006.5365261271903	0.023665755530163046	0.0025119797702473083	0.0020335295792201563	252.49842604439644	450.19338512042697	0.0016631907568097279	56.08665839833541	197.69495907603053	261.56799109950174	1.946209974964478	-0.31616108186999264	0.17568958809852833	1.9795347755739507	1.258081985708212e-14	-2.026260523609167e-15	1.9795347755739507	5.018565538411094	341.2270742376181	350.7729257623819	5.091870362592067	NaN	0.10017442270958736	0.30331590982163176	5.804067731016228	0.49964957929466514	-8.264491107719788	-0.11753422980641574	1	63.68741738638443	28	63	139	282	687	3839	0.012059604693453008	1.0173937274380103	-13.928878539259092	1.035588654421278	1.3592936280272299	1.2898220203346895	1.5027173093217383	1.2898220203346895	0.030054627150159	1.2898220203346895	0.007751570968976772	1.4851819985305268	NaN	NaN	800000009	800000009	800000009	800000009	800100009	810100009	899999999	899999999	89999	89999	89	89	4	1	3	6	11	4	0	NaN	0	0	0	0	0	0	0	0	0	NaN	NaN	NaN	NaN	0	0	0	0	0	0	0	0	15168	0	0	0	18000	18000	18000	18000	100	NaN	0.16380968758231243	0.3920889118950341	0.05073322016591692	0.1106726330897534	2.261767124642867	0.0012129932480099762	8.979920748350763e-8	NaN	-0.011318221281803487	0.03565819638229692	0.0007131705946747886	0.000007751570968976772	NaN	427.7867370641076	2.6706430084791877	94925.68145941841	11.359999656677246	-11.585545868105367	100.85851864729987	100.69045035447014	101.02661455959743	-0.3361614187177684	0.0002658514562806684	-1	0	2.2944470180604197	79.89510578219095	1.0000865038848585	-399.84674921672655	9.000639253179232	-312.63674555459573	208
DATA	2026-02-06T043000_AIU-0547.ghg	2026-02-06	05:00:00	37.208	0	18000	18000	0.055125916317123845	1	NaN	-24.64420753964884	1	NaN	2.2484589701357582	1	NaN	4.220440160249608	1	NaN	0.04970688963982857	1	NaN	0.006902075444907815	1	NaN	NaN	NaN	NaN	NaN	NaN	NaN	NaN	NaN	NaN	-4.8885650364684915e-11	-3.126844829657274e-13	-2.8964966169513235e-13	NaN	17.933307452847234	428.6333162299658	429.81170636069044	0.2	0	114.70578640004773	2.741642708390218	2.74917997762994	0.1	1	0.10625564757842364	2.2904371777793138	2.2967340018084834	-0.1	0	NaN	NaN	NaN	NaN	9	268.48034802754717	268.8901273540921	94484.67064453124	1.222907505265251	1006.5729986531725	0.02366047850484109	0.003221006448660891	0.002088055930127157	259.1126939256664	444.7398529674301	0.0017074520526998104	58.26163142268299	185.62715904176372	261.89106206450583	1.6593503676544186	-0.38343415935230846	0.16288624449849232	1.710846961548546	-3.869073314133879e-14	-2.7259695677008784e-15	1.710846961548546	6.291500338607221	345.01124172100214	346.98875827899786	5.463289142125063	NaN	0.2123152090016115	0.9121340316093051	32.48149361292251	0.08928160861562896	-10.960487990652933	-0.0942963462730711	0	58.4362655908873	-8.867928751972675	20.059278982502462	49.95044091589677	76.17757408018743	106.84013079115033	160.06598474599465	0.05465734495219713	1.0085728892491306	-24.153732432105894	1.0166154257341755	1.9802560670480482	1.1354384958342878	3.7170134496352	1.1354384958342878	0.043777703347379786	1.1354384958342878	0.013998647822577821	1.2328958664258716	NaN	NaN	800000009	800000009	800000009	800000009	800000009	801100009	899999999	899999999	89999	89999	89	89	3	5	4	27	1	1	0	NaN	0	0	0	0	0	0	0	0	0	NaN	NaN	NaN	NaN	0	0	0	0	0	0	0	0	15814	0	0	0	18000	18000	18000	18000	100	NaN	0.5013363502170717	1.2312794625359016	0.09165225046563671	0.1756812475780736	6.085339196571166	0.004598763501520271	1.3927156828079298e-7	NaN	-0.019622094564788545	0.0881881621139663	0.0010386497794767876	0.00001399864782257782	NaN	428.6331505833208	2.74163796139516	94889.65109461805	11.350276472568511	-11.264650344186368	100.87029656092326	100.70108872095744	101.03952085749309	-0.3384814569296112	0.00026581076375765	-1	0	2.2876972590486213	79.46543722364636	1.0000800111591817	-490.69050303140915	9.000582419421939	-345.90574695162974	229
DATA	2026-02-06T050000_AIU-0547.ghg	2026-02-06	05:30:00	37.229	0	18000	18000	0.023139838956380426	2	NaN	-8.803153936970293	2	NaN	2.700767769920083	2	NaN	0.48431990689319543	2	NaN	0.059740408089386986	2	NaN	0.007214034951737615	2	NaN	NaN	NaN	NaN	NaN	NaN	NaN	NaN	NaN	NaN	-7.17548693096889e-11	-4.4549310821370474e-13	-4.2389815681698696e-13	NaN	17.76849507125312	426.02787630352185	427.1577135365804	0	0	110.31644505418396	2.6450118943288556	2.652026536060812	0.1	1	0.10496893636037719	2.2690086607057562	2.2750261318844998	-0.4	0	NaN	NaN	NaN	NaN	9	269.0982534798516	269.4980041614109	94446.59809765624	1.2197020810577313	1006.5278038901918	0.023723526857804024	0.0038711784441922766	0.002009107475382807	249.8793848724034	465.50768371552266	0.001647211648307183	53.67889588372674	215.62829884311927	261.4379770505527	1.894034778868591	-1.1329057999002814	0.14264219481782692	2.211603511200418	-2.007811202140469e-14	-4.038320016520588e-15	2.211603511200418	7.382684373487387	2.885506433404487	329.1144935665955	3.6979832292119488	NaN	0.13773784492897082	1.2844489714931533	24.819926863941934	0.11684160134303546	-3.2595005150075465	-0.052060156775788784	1	39.22465895294104	17	37	77	147	326	1486	0.022928291293585427	1.0092264905433308	-8.519831169645428	1.018715069848065	2.33841730046213	1.1549554347662174	0.41934077481632875	1.1549554347662174	0.051725292847753436	1.1549554347662174	0.008904710457665745	1.2569512720798484	NaN	NaN	800000009	800000009	800000009	800000009	800000009	800000009	899999999	899999999	89999	89999	89	89	4	1	3	18	13	0	0	NaN	0	0	0	0	0	0	0	0	0	NaN	NaN	NaN	NaN	0	0	0	0	0	0	0	0	18000	0	0	0	18000	18000	18000	18000	100	NaN	0.8580817410680412	1.4990504754042016	0.21176572651406356	0.012524630739757433	0.08015898716739378	0.0023036941285225236	1.3572773426473347e-7	NaN	-0.006939871800219146	0.009974632231788228	0.0012303615680203494	0.000008904710457665746	NaN	426.02782631683357	2.645009477507148	94857.30518033853	11.356116896470388	-11.715072406980765	100.83900715552436	100.66864234288533	101.00938298861186	-0.3407566003650426	0.00026664080265941784	-1	0	2.2663972145650133	79.64284073426991	1.0000586707409884	-306.66124530367654	9.000493853383594	-273.1499938964844	146
DATA	2026-02-06T053000_AIU-0547.ghg	2026-02-06	06:00:00	37.249	0	18000	18000	0.049758419181866645	1	NaN	-6.699693067865561	1	NaN	0.24053814452617292	2	NaN	0.1901328549293726	1	NaN	0.0053209863218152765	2	NaN	-0.012137239348097146	1	NaN	NaN	NaN	NaN	NaN	NaN	NaN	NaN	NaN	NaN	1.656547108217462e-10	1.0107226388931039e-12	9.71226814568594e-13	NaN	17.76165174841611	426.3356640915674	427.4475563473619	0.1	0	108.3706188445007	2.6012366646702443	2.6080207438513714	0.1	1	0.10413583992581706	2.2516636328680804	2.257536018330776	-0.7	0	NaN	NaN	NaN	NaN	9	269.1595552749634	269.5644054904514	94432.23295095486	1.2192363668566377	1006.5049715285976	0.023732981813652552	0.0003447999136536299	0.001975069372594818	245.70647716576255	467.8276365114767	0.0016199232784425747	52.52072729135037	222.12115934571418	261.2282951265647	1.7029527693698805	-1.657253646476584	0.1679074472577504	2.382169325280958	-4.5604210544037805e-14	9.326537484697526e-15	2.382169325280958	7.420819743442658	16.220820053932982	315.779179946067	4.041850324257226	NaN	0.20201765852997824	1.6913252818297795	102.88266663420059	0.02818744978987522	-27.852934016195373	-0.027024753493145034	0	37.40244414278112	-5.675965198220059	12.839048732855884	31.971046701441853	48.757863471533966	68.38359679073312	102.4510891153682	0.049400171831949176	1.007251945421084	-6.5986737153193245	1.0143266478445403	0.21502250104422482	1.1186649925381538	0.16996406984898818	1.1186649925381538	0.004756550314265596	1.1186649925381538	-0.008954476438355514	1.1954441142753116	NaN	NaN	800000009	800000009	800000009	800000009	800000009	801000009	899999999	899999999	89999	89999	89	89	11	0	4	42	14	4	0	NaN	0	0	0	0	0	0	0	0	0	NaN	NaN	NaN	NaN	0	0	0	0	0	0	0	0	18000	0	0	0	18000	18000	18000	18000	100	NaN	1.1327416880739263	1.9967368207400884	0.25317205484554417	0.0026494151536508273	0.029653244674665527	0.00046556057878177154	7.641081280533207e-8	NaN	-0.0053771582975274445	0.004044277122545003	0.0001131816132392591	-0.000008954476438355515	NaN	426.3356069304876	2.601236030210214	94836.82374565973	11.369999885559082	-11.923785178290473	100.83659387842815	100.66618283314175	101.00699506886801	-0.3408171884475484	0.00026715624506080834	-1	0	2.2491191876530645	79.81800084198846	1.00001505853898	-273.1499938964844	9.000298303710089	-273.1499938964844	180
DATA	2026-02-06T060000_AIU-0547.ghg	2026-02-06	06:30:00	37.27	0	18000	18000	0.027776792394046693	2	NaN	-11.467204154639507	2	NaN	5.51320736792782	2	NaN	0.612068583677463	2	NaN	0.12197057298353381	2	NaN	0.013259450093498992	2	NaN	NaN	NaN	NaN	NaN	NaN	NaN	NaN	NaN	NaN	-9.732176446693026e-11	-5.70730541169762e-13	-5.661787581444807e-13	NaN	17.752742579326252	426.16614383616013	427.2338844781267	0.1	0	104.10859723971807	2.4991946583797295	2.5054562813348458	0.1	1	0.10327829342466319	2.234108934349152	2.2397063966119033	-0.8	0	NaN	NaN	NaN	NaN	9	269.2568323287964	269.66810686069067	94416.82949392361	1.2186157710288885	1006.4511873544384	0.023745985249208904	0.00790369312933299	0.0018965516925491472	236.02933132359667	471.4713387897821	0.0015563163858841832	50.06228627374453	235.44200746618546	260.7295443948094	1.5853661943539517	-2.0255925912226194	0.1526648496737389	2.576765001342262	-8.48541565955799e-15	-5.482069265188646e-15	2.576765001342262	7.7106623105556364	23.95085567973655	308.04914432026345	3.3965755273484777	NaN	0.1509759076647263	1.4257106989943622	25.08635157074537	0.11560070789177075	-2.0799515398873054	-0.06192847482024134	1	42.47855412596438	19	40	83	159	354	1616	0.027517742564801037	1.0094139200784957	-10.996078676128139	1.0194020120174858	4.7479293490239165	1.1611814251324593	0.52710848660677	1.1611814251324593	0.10504006552603981	1.1611814251324593	0.01475496026090822	1.2606758795922781	NaN	NaN	800000009	800000009	800000009	800000009	800000009	800010009	899999999	899999999	89999	89999	89	89	8	3	1	48	16	2	0	NaN	0	0	0	0	0	0	0	0	0	NaN	NaN	NaN	NaN	0	0	0	0	0	0	0	0	18000	0	0	0	18000	18000	18000	18000	100	NaN	1.1447710639484385	1.4583537300837441	0.24829660395654188	0.006518377821280498	0.049126537096376516	0.002337210219623583	1.1944756313930672e-7	NaN	-0.008965578709565287	0.012548078851348015	0.0025005308361783097	0.000014754960260908219	NaN	426.1661176305856	2.4991922141300273	94822.8393721788	11.363608072598774	-12.42500406455991	100.85278114679124	100.68401756223042	101.02151879352994	-0.33754459114538254	0.00026717835704039315	-1	0	2.2316773663229412	79.66999763976204	1.000009590226743	-273.1499938964844	9.000233457432852	-273.1499938964844	046
DATA	2026-02-06T063000_AIU-0547.ghg	2026-02-06	07:00:00	37.291	0	18000	18000	0.08094504072328063	1	NaN	-12.81216899551391	1	NaN	6.741589387875485	1	NaN	1.748680685750295	1	NaN	0.1491638456810455	1	NaN	-0.0011610132508854001	2	NaN	NaN	NaN	NaN	NaN	NaN	NaN	NaN	NaN	NaN	6.994036170865875e-11	4.030939667048667e-13	4.038068336472673e-13	NaN	17.72562895085626	425.95481673311957	427.0030862853548	0.1	0	102.15981032386767	2.454946078620879	2.460987670652482	0.1	1	0.10234047874770227	2.2150821478391403	2.2205334376944545	-0.2	0	NaN	NaN	NaN	NaN	9	269.36724583689374	269.79126311747234	94376.14366840277	1.217554996571925	1006.4287944662306	0.023767071575204007	0.009665817200131746	0.0018613201443324295	231.75049175971154	475.8313452735667	0.0015287359910419252	48.70433485765271	244.08085351385515	260.50318092882185	1.2769330453308108	-2.2663293182033306	0.14689113979297935	2.6054526646545435	2.4235539597131747e-14	3.945719607612579e-15	2.6054526646545435	7.125431290294405	32.60149476151531	299.3985052384847	3.2319555801992146	NaN	0.2578403187010805	1.2498395784935328	111.8062008933721	0.025937738487024405	-1.9004671240518076	-0.0405508711188789	0	45.93057246873187	-6.970141573412738	15.766479217316967	39.2607625270715	59.875140059050295	83.97573527759731	125.8109538283246	0.08036356783005953	1.0072355285973702	-12.306739525123927	1.0145200297867882	6.016322355366753	1.1205498957119162	1.5605558417720524	1.1205498957119162	0.1331166476850882	1.1205498957119162	0.0026465933581945734	1.1956172619641523	NaN	NaN	800000009	800000009	800000009	800000009	800001009	800001009	899999999	899999999	89999	89999	89	89	9	8	0	45	33	22	0	NaN	0	0	0	0	0	0	0	0	0	NaN	NaN	NaN	NaN	0	0	0	0	0	0	0	0	18000	0	0	0	18000	18000	18000	18000	100	NaN	1.1168602045547984	1.1360252516781442	0.2467937007541232	0.004874888490577248	0.46582244092991254	0.000649740064056821	1.0539683619341718e-7	NaN	-0.0100431828063161	0.03718114457785729	0.003171581042353953	0.0000026465933581945733	NaN	425.9497308622672	2.4549435586411135	94784.81572352431	11.359999656677246	-12.650748563448587	100.85387646632725	100.68759516588847	101.02014203156365	-0.33253285041368674	0.0002669749405241518	-1	0	2.2127188200553234	79.76027605035571	1.0000126368370321	-273.1499938964844	9.000251280678643	-273.1499938964844	105
DATA	2026-02-06T070000_AIU-0547.ghg	2026-02-06	07:30:00	37.312	1	18000	18000	0.08355992011773108	1	NaN	-6.833576617272116	1	NaN	9.035841223379842	1	NaN	1.2359299220629436	1	NaN	0.1999576574014149	1	NaN	-0.0079740539897236	2	NaN	NaN	NaN	NaN	NaN	NaN	NaN	NaN	NaN	NaN	-2.5141164941627655e-10	-1.471889739086242e-12	-1.4381014578790304e-12	NaN	17.703339282984597	425.9528785455709	427.0177504438836	0.1	0	103.64421656151167	2.493741529961438	2.4999758234963907	0.1	1	0.10126498947561899	2.1935573510737756	2.1990411914189125	0.8	0	NaN	NaN	NaN	NaN	9	269.5281183274112	269.95737523110165	94343.49851215279	1.2163670423795727	1006.4516548835395	0.023789934156218145	0.012957256199611685	0.0018889175079161529	235.3314085526521	481.7687970105301	0.0015529173695966582	48.84737451095415	246.43738845787797	260.6928732348031	0.8459311836892743	-1.7424513448996581	0.09067599722048002	1.9390612144418033	-1.850025751694415e-14	-1.4201368758600168e-14	1.9390612144418033	6.972263311735103	36.104197093284085	295.8958029067159	2.6802904782579224	NaN	0.2620997977852117	1.466825683806579	220.13254755269534	0.013173881065024234	-0.7562745347484124	-0.021297264248717352	0	46.20115738412913	-7.011203878247557	15.859362262657513	39.492054443018155	60.22787482451195	84.47045080157605	126.55212783221627	0.08298106368015319	1.0069757654566718	-6.300439968293422	1.012914707229954	8.174916247799116	1.1053130025414646	1.11817188363943	1.1053130025414646	0.18090591257105357	1.1053130025414646	-0.005793251648592938	1.1790635675527923	NaN	NaN	800000009	800000009	800000009	800000009	800001009	800001009	899999999	899999999	89999	89999	89	89	19	7	6	54	43	21	0	NaN	0	0	0	0	0	0	0	0	0	NaN	NaN	NaN	NaN	0	0	0	0	0	0	0	0	18000	0	0	0	18000	18000	18000	18000	100	NaN	1.064299877614194	1.6180539185385456	0.25129757146041837	0.0028236845678154348	0.12799437347482667	0.001811857627191378	3.959585122312426e-8	NaN	-0.005146515856955788	0.026667755815894433	0.004314501887128547	-0.000005793251648592938	NaN	425.95129684280676	2.4937377608188624	94748.93792903646	11.350276472568511	-12.461983026742942	100.83197589492798	100.66718486340841	100.99672863006592	-0.32956904908311047	0.0002675113359000534	-1	0	2.191188631176948	79.87701039462618	1.0000027091867394	-273.1499938964844	9.000120309617785	-273.1499938964844	181
DATA	2026-02-06T073000_AIU-0547.ghg	2026-02-06	08:00:00	37.333	1	18000	18000	0.029090297622667977	2	NaN	-9.337675891697796	1	NaN	4.885271125150779	1	NaN	1.2494399993966483	1	NaN	0.10810962560600389	1	NaN	0.004489153376803184	1	NaN	NaN	NaN	NaN	NaN	NaN	NaN	NaN	NaN	NaN	-1.8078574392608213e-10	-1.1016961119070547e-12	-1.0299777071393138e-12	NaN	17.71783582930399	426.5645410357083	427.6762664586939	-0.1	0	107.97129475282476	2.599455499813101	2.6062302794467884	0.1	1	0.1009425606611922	2.18685528605405	2.1925547345173326	0.7	0	NaN	NaN	NaN	NaN	9	269.52501043023005	269.97258474561903	94316.39028276909	1.2159003782358555	1006.5088000883749	0.023798112532145324	0.007005503739269051	0.001968315295843197	245.23702403805754	482.3157143243917	0.0016188129645119587	50.84574621035842	237.07869028633417	261.2045076039659	1.0231504112288958	-1.976425559426546	0.15379001770095263	2.23086219330042	1.495946598008674e-14	-1.0203601933542915e-14	2.23086219330042	7.19992993476995	34.6304284632464	297.36957153675354	3.9529618707120275	NaN	0.15467676680900128	1.1583378787853613	33.10448990080504	0.08760141022228761	-1.9113935854296311	-0.0493285262076371	1	33.95958922259164	15	31	65	121	264	1140	0.02884394970481792	1.0085407137500628	-8.95127591650925	1.0171973533750986	4.27612696557206	1.1424523089428955	1.0936474018357474	1.1424523089428955	0.0946294429620761	1.1424523089428955	0.006576478999364432	1.236233623248855	NaN	NaN	800000009	800000009	800000009	800000009	800001009	800101009	899999999	899999999	89999	89999	89	89	7	20	9	62	27	0	0	NaN	0	0	0	0	0	0	0	0	0	NaN	NaN	NaN	NaN	0	0	0	0	0	0	0	0	18000	0	0	0	18000	18000	18000	18000	100	NaN	1.1022328074244456	1.0098588120263547	0.20458413811992224	0.0034648219421633125	0.4667861544328836	0.0009937271310103846	3.301430246852987e-8	NaN	-0.0073142428229132465	0.02609459387007142	0.0022578729470774397	0.000006576478999364432	NaN	426.56045279990417	2.599454336652785	94719.82968706597	11.356116896470388	-11.949980667961956	100.81615887112088	100.64724006801181	100.9850680472056	-0.33782640729265084	0.0002679249016121806	-1	0	2.184388427436351	79.83707974010045	1	-273.1499938964844	9.000131859514449	-273.1499938964844	086
DATA	2026-02-06T080000_AIU-0547.ghg	2026-02-06	08:30:00	37.354	1	18000	18000	0.05456028682018702	1	NaN	-3.4394924060583976	1	NaN	5.270156945605367	1	NaN	0.5062640181425578	1	NaN	0.11664350891008901	1	NaN	-0.0031193514093036377	1	NaN	NaN	NaN	NaN	NaN	NaN	NaN	NaN	NaN	NaN	2.715694163690461e-11	1.6724345902730187e-13	1.5406516703457557e-13	NaN	17.713179476927806	426.7029726603422	427.8272212842714	0.2	0	109.08494210066286	2.6278099382137183	2.6347335171345896	0.1	1	0.10048936994870503	2.1785706635744035	2.184310616721169	0	1	NaN	NaN	NaN	NaN	9	269.613503525628	270.1220070105659	94312.50816948785	1.2151647227307543	1006.5258670148913	0.0238122642465404	0.007558499377373767	0.001988602822800974	247.90182547372567	487.7181616599243	0.0016364882765293966	50.828910006140475	239.81633618619864	261.33900010768775	1.3337061270701895	-2.0213114978406383	0.14913086751611662	2.4262547723463026	9.998966578722499e-14	1.5331489003584997e-15	2.4262547723463026	7.115645548304153	28.582286945457213	303.4177130545428	3.5239327721758493	NaN	0.21189501797766233	1.49178113910094	231.0512175984183	0.012551329658172952	-0.652635669403829	-0.013271301497246186	0	40.5106951947841	-6.147654287070817	13.906010736148364	34.62793295101527	52.809782641582736	74.06647103962275	110.9650702954766	0.05418742473826694	1.0068809706997714	-3.134682058904638	1.013447476954794	4.742647498841208	1.111226787757903	0.4555901852978502	1.111226787757903	0.10496822988351277	1.111226787757903	-0.002128495005775467	1.1829051723330561	NaN	NaN	800000009	800000009	800000009	800000009	800000009	800000009	899999999	899999999	89999	89999	89	89	1	18	3	47	14	6	0	NaN	0	0	0	0	0	0	0	0	0	NaN	NaN	NaN	NaN	0	0	0	0	0	0	0	0	17004	0	0	0	18000	18000	18000	18000	100	NaN	1.1926691451803633	1.562751624305799	0.2281415087157175	0.0021526760591783125	0.09779587517666236	0.0022674610291333864	5.169105143668855e-9	NaN	-0.0025629102897598097	0.010877224827105715	0.0025061185973526564	-0.000002128495005775467	NaN	426.7029377445273	2.627807481241614	94724.15712630209	11.369999885559082	-11.815551696830276	100.80922563129002	100.64111557854547	100.97735080485874	-0.336278064745996	0.0002680052662261814	-1	0	2.17608745535877	79.84423435211181	1.0000068503154649	-273.1499938964844	9.000133083846833	-273.1499938964844	135
DATA	2026-02-06T083000_AIU-0547.ghg	2026-02-06	09:00:00	37.374	1	18000	18000	0.04841154329861545	1	NaN	-3.7595555798465887	1	NaN	5.333053605818934	1	NaN	0.6228930225507303	1	NaN	0.11806092428058756	1	NaN	-0.00005092260933487425	1	NaN	NaN	NaN	NaN	NaN	NaN	NaN	NaN	NaN	NaN	-9.647938902531059e-11	-6.017653268626398e-13	-5.456660495230668e-13	NaN	17.689427372174073	426.80483940453803	427.9440629612478	0.1	0	110.33324477041059	2.66208520063751	2.6691908140011398	0.1	1	0.1000474821618861	2.1713323375290257	2.177128037858502	0	1	NaN	NaN	NaN	NaN	9	269.81668780941436	270.3490237765842	94284.40269748264	1.2137667615202001	1006.5470763009845	0.02383938084531699	0.007650347893382074	0.002012249246264951	251.0604393175169	496.0289409797398	0.0016578549603258864	50.61407078821464	244.96850166222288	261.49675639643897	1.42949270395192	-2.1223734257724964	0.14392162976163395	2.562934213863072	-2.2954392707595794e-15	-5.454070784511384e-15	2.562934213863072	7.6122691464057715	28.038355497809164	303.96164450219084	3.21913919627568	NaN	0.19971323366929053	1.6292314598322073	176.94385979925062	0.01638937911318402	-0.7049536452707901	-0.015408498980879665	1	30.817586449249507	13	27	53	94	188	678	0.04807580092708095	1.006983604330248	-3.446771683101241	1.0138627687467137	4.783298138050907	1.1149323023364879	0.5586823713380407	1.1149323023364879	0.10589066621639295	1.1149323023364879	0.0008141162223633711	1.1871992258990045	NaN	NaN	800000009	800000009	800000009	800000009	800000009	800100109	899999999	899999999	89999	89999	89	89	10	8	5	35	7	4	0	NaN	0	0	0	0	0	0	0	0	0	NaN	NaN	NaN	NaN	0	0	0	0	0	0	0	0	17405	0	0	0	18000	18000	18000	18000	100	NaN	1.1374948253343982	1.856428946293036	0.2645391480369806	0.012292642620532509	0.23091426981530833	0.001620488034387668	6.400655178887996e-8	NaN	-0.002821260473269007	0.013354201379668544	0.0025311077517879274	8.141162223633711e-7	NaN	426.804817137397	2.6620834552153516	94693.75574088542	11.369999885559082	-11.656329862568125	100.79959206814236	100.63510218281216	100.96412603823345	-0.32902439686242085	0.00026811429243146757	-1	0	2.1688251250717383	79.9110804225074	1	-273.1499938964844	9.000085616588592	-273.1499938964844	190
DATA	2026-02-06T090000_AIU-0547.ghg	2026-02-06	09:30:00	37.395	1	18000	18000	0.021810689347142694	2	NaN	-6.714664027614937	2	NaN	5.5168039898931465	2	NaN	1.1003208934498532	2	NaN	0.12218311328756191	2	NaN	0.008884101198699226	2	NaN	NaN	NaN	NaN	NaN	NaN	NaN	NaN	NaN	NaN	4.016650297075725e-10	2.462693767781446e-12	2.2632935541643715e-12	NaN	17.595099832265237	425.32539687551	426.437443602456	0	0	107.87930114792131	2.6077605135977846	2.6145787087140624	0.1	1	0.09914449376944043	2.1564109231070043	2.1620490291937986	0	1	NaN	NaN	NaN	NaN	9	270.2055704506769	270.8199461551243	94251.20436805554	1.2112544428617271	1006.5235531862592	0.02388931841699452	0.007917465741034012	0.001967065130947988	245.8504982188705	513.670815198287	0.0016239900233518004	47.86148851457863	267.8203169794165	261.2355846547294	1.2131423228777805	-1.5298682981293907	0.13136094514007327	1.956902399990065	6.05893657290031e-14	2.2828232492947503e-14	1.956902399990065	6.901928546697423	23.58657748591861	308.4134225140814	3.848986862138557	NaN	0.13418902720566891	1.48535009302063	30.044693559724728	0.09652286831400686	-1.2171293451636644	-0.041043837333308464	1	34.447741747770024	15	32	66	125	273	1200	0.02162395310557117	1.0086356199839988	-6.339230846436803	1.0171180426294768	4.835515462302803	1.1408926375898496	0.9644385958825147	1.1408926375898496	0.10709431305094168	1.1408926375898496	0.009591151505398911	1.2380946260492853	NaN	NaN	800000009	800000009	800000009	800000009	800001009	800101009	899999999	899999999	89999	89999	89	89	15	0	7	17	14	16	0	NaN	0	0	0	0	0	0	0	0	0	NaN	NaN	NaN	NaN	0	0	0	0	0	0	0	0	14362	0	0	0	18000	18000	18000	18000	100	NaN	1.143838262416938	1.581968326853103	0.24489359677121897	0.0174912700763732	1.3034896137632959	0.0016541094933673567	9.603668171852549e-8	NaN	-0.005199687483093682	0.02310003623159519	0.0025651011088070473	0.000009591151505398911	NaN	425.3219839244135	2.6077560416075465	94667.12552387154	11.369999885559082	-11.916567317035447	100.78438604291281	100.6226110964881	100.94613133854337	-0.32352262157864076	0.0002684810114313021	-1	0	2.1539715022047363	80.12629246330259	1.0000038082219735	-273.1499938964844	9.000114632182651	-273.1499938964844	175
DATA	2026-02-06T093000_AIU-0547.ghg	2026-02-06	10:00:00	37.416	1	18000	18000	0.02958465141808536	1	NaN	3.267247350004266	0	NaN	4.9907155642811185	0	NaN	0.7203627819094327	0	NaN	0.11058668728333418	0	NaN	-0.0009113654133567941	0	NaN	NaN	NaN	NaN	NaN	NaN	NaN	NaN	NaN	NaN	-1.0860898898654458e-10	-6.871714285574217e-13	-6.110557632278069e-13	NaN	17.535539597388453	425.6263341926921	426.7756183335395	0.1	0	110.94773929951144	2.692947046354382	2.7002185920363173	0.1	1	0.09865843179537488	2.151208108119971	2.1570168402488563	-0.2	0	NaN	NaN	NaN	NaN	9	270.5800565643311	271.34660735744893	94198.20448567708	1.2081847439275761	1006.5760771076458	0.023949243044360295	0.007166017335960054	0.0020262396818502494	253.7388210420715	534.0585757665488	0.0016770942457552758	47.51142150987339	280.31975472447726	261.62914768710095	0.6505412144379638	-0.8680313878763681	0.09776339058707825	1.0891464743366654	-9.518647990870008e-15	-6.193649666915274e-15	1.0891464743366654	3.8602866715231263	25.150483289100293	306.8495167108997	5.149884893914298	NaN	0.15648278056063653	0.4309221548698326	-97.8797704982055	-0.02962818553046329	0.6546651092256531	0.017168624726979637	1	14.155861399756063	6	12	22	37	67	201	0.029225530681717057	1.0122879115619605	3.4777614886636385	1.0146964183512486	4.595109535597123	1.0860928397069403	0.6632607780600116	1.0860928397069403	0.10182065771943927	1.0860928397069403	-0.002271573816373678	1.1481399672195238	NaN	NaN	800000009	800000009	800000009	800000009	800001009	800001009	899999999	899999999	89999	89999	89	89	1	2	4	19	33	20	0	NaN	0	0	0	0	0	0	0	0	0	NaN	NaN	NaN	NaN	0	0	0	0	0	0	0	0	2506	0	0	0	18000	18000	18000	18000	100	NaN	0.47661603537810454	0.3155900568513335	0.06963821751022717	0.007161835600250465	1.484358350048895	0.0030122173719095606	3.677163043866694e-8	NaN	0.002859695829495381	0.015927496986816926	0.002445114007443014	-0.000002271573816373678	NaN	425.62494507649785	2.6929387486413554	94613.08193315972	11.369999885559082	-11.523960355016914	100.7177481051551	100.55568456755745	100.87978739844428	-0.3240696981060835	0.00026978337641695463	-1	0	2.1487008986009486	80.43470202763875	1.000007006087237	-273.1499938964844	9.000096223857668	-273.1499938964844	132
DATA	2026-02-06T100000_AIU-0547.ghg	2026-02-06	10:30:00	37.437	1	18000	18000	0.01754604972630284	2	NaN	4.6572794180636885	1	NaN	3.696896500300485	1	NaN	0.8857643307359028	1	NaN	0.08189255055305374	1	NaN	-0.0036090692673675555	1	NaN	NaN	NaN	NaN	NaN	NaN	NaN	NaN	NaN	NaN	-1.1838638720081684e-10	-8.014929301285561e-13	-6.657900638048503e-13	NaN	17.635810807976785	427.5397264013864	428.78083495593546	0.2	0	119.3969848552034	2.894505662028042	2.9029081460932558	0.1	1	0.09918156876580586	2.159532230863721	2.1658011545684466	0	0	NaN	NaN	NaN	NaN	9	270.4247855004204	271.02313024308944	94232.17052300347	1.2099706100536758	1006.6807543922469	0.02391207049922494	0.0053066372758378815	0.002181283002035333	272.8287149132597	521.4530041865339	0.0018027570123695554	52.32086357213959	248.6242892732742	262.5382428621791	1.0628940045623416	-0.8848446796071773	0.062478503882216985	1.3844122707528836	6.865320430461932e-15	-6.712840622403929e-15	1.3844122707528836	4.003408549431029	11.776917097131786	320.2230829028682	2.5866361707338332	NaN	0.12042101048238152	0.6914887285272927	-31.302110299197775	-0.09264551087069431	1.2597808506906114	0.03175144100511732	1	29.073073370013887	13	24	42	66	114	301	0.017362539096034038	1.0105693429546097	4.786673527575384	1.013812031124194	3.400246684136052	1.087243616043642	0.8146880033741657	1.087243616043642	0.07532125215050843	1.087243616043642	-0.005230119279121197	1.1479742368158588	NaN	NaN	800000009	800000009	800000009	800000009	800001009	800001009	899999999	899999999	89999	89999	89	89	3	6	1	19	33	14	0	NaN	0	0	0	0	0	0	0	0	0	NaN	NaN	NaN	NaN	0	0	0	0	0	0	0	0	503	0	0	0	18000	18000	18000	18000	100	NaN	0.6190968550810955	0.6698525544731596	0.0940280475003304	0.011359357814831085	1.1855540555752657	0.008912877496622146	4.303380128104187e-8	NaN	0.003929770790437655	0.019537443381316247	0.0018063168884353159	-0.000005230119279121197	NaN	427.53444794323747	2.8944951478319356	94637.68666753473	11.37305828889211	-10.619781582355397	100.72659724468654	100.56233020210266	100.89076394229465	-0.32848610529883115	0.0002693800007303556	-1	0	2.1568262879914704	80.28287411138746	1.000007278892729	-273.1499938964844	9.000078303098679	-273.1499938964844	030
DATA	2026-02-06T103000_AIU-0547.ghg	2026-02-06	11:00:00	37.458	1	18000	18000	0.04045389257401396	1	NaN	3.1541299122947586	0	NaN	3.585647635210604	0	NaN	1.5454715248881714	0	NaN	0.07943937411130611	0	NaN	-0.0006379343231501813	0	NaN	NaN	NaN	NaN	NaN	NaN	NaN	NaN	NaN	NaN	3.6377176244065184e-11	2.659812912950706e-13	2.045664159653707e-13	NaN	17.629737490994884	427.53831269769677	428.8790137194198	0.2	0	128.90446228115252	3.126058815738939	3.135861703863239	0.1	1	0.09914052120885912	2.1604026178473896	2.167177341681623	0	0	NaN	NaN	NaN	NaN	9	270.50583232031926	271.17183090718584	94173.77755251736	1.2084518000076023	1006.8076917392663	0.02394002514027937	0.0051476714424126355	0.0023530293094811434	294.47173527297093	527.2145430812271	0.00194714370028357	55.85425120330987	232.7428078082562	263.5027758098792	0.5908019576025267	-0.9978347695357375	0.053701332176638736	1.1608639082506318	-6.900793644574284e-14	2.0633986332834693e-15	1.1608639082506318	4.287693243323543	31.370905440947695	300.6290945590523	2.6514375385787927	NaN	0.18296393495868532	0.618253156919173	-162.0468108186605	-0.01789606339889813	0.8796541749729125	0.014168968259192895	1	12.12872862972093	5	10	19	32	61	190	0.03998270284095662	1.0117848394324827	3.2956051078225395	1.0144204561375878	3.3008783186642146	1.0862707707025168	1.4227313912613875	1.0862707707025168	0.07313036146589014	1.0862707707025168	-0.0018870339317272286	1.1479906671707099	NaN	NaN	800000009	800000009	800000009	800000009	800001009	800001009	899999999	899999999	89999	89999	89	89	1	2	0	28	23	6	0	NaN	0	0	0	0	0	0	0	0	0	NaN	NaN	NaN	NaN	0	0	0	0	0	0	0	0	6220	0	0	0	18000	18000	18000	18000	100	NaN	0.5682355353915522	0.5645103047911986	0.10376047365559525	0.011462431504791124	0.9192346517891264	0.003384861239427193	2.802919866415171e-8	NaN	0.0027086900322550434	0.03416706217075034	0.0017562342562493273	-0.0000018870339317272287	NaN	427.5383057786291	3.126055170194362	94585.36965538195	11.380000114440918	-9.651649415334056	100.73552742364672	100.56763161489698	100.90348693678114	-0.3358197897921004	0.00026957747373348355	-1	0	2.1574809531172114	80.08862798224555	1	-273.1499938964844	9.000058291223315	-273.1499938964844	155
DATA	2026-02-06T110000_AIU-0547.ghg	2026-02-06	11:30:00	37.479	1	18000	18000	0.007900494858909817	2	NaN	6.807085858030433	2	NaN	7.073048522094054	2	NaN	0.8430440005885426	2	NaN	0.15676275771666615	2	NaN	-0.0004351069322758528	2	NaN	NaN	NaN	NaN	NaN	NaN	NaN	NaN	NaN	NaN	7.221840499645132e-11	5.507980793565173e-13	4.053718341903264e-13	NaN	17.580702595622267	427.2883755509795	428.6854009318334	0.1	0	134.08517155540486	3.2588592422722487	3.269514128608003	0.1	1	0.09868290026472096	2.1546619090112613	2.1617066065651467	-0.1	0	NaN	NaN	NaN	NaN	9	270.8853488252428	271.58071970028345	94143.80371375868	1.206187674945458	1006.8846702829322	0.023983756917803096	0.010158226700039966	0.002448517334176875	306.88370106433416	543.3496081179097	0.0020299638149491065	56.479970994612145	236.46590705357556	264.0277908038193	0.6884171395051911	-0.7721643354927724	0.09038399068126239	1.0384243760346843	-8.78448435570337e-14	4.107822460658328e-15	1.0384243760346843	3.475588903555919	20.281646948127616	311.7183530518724	4.993317265648139	NaN	0.08093189402489706	0.518688553923968	-6.49731813615129	-0.44633800273135854	0.9623977322885833	0.06925432631847982	1	26.417605065695266	12	21	35	53	85	195	0.007801516387630939	1.0126870811212811	7.076152264245165	1.0149221723476627	6.512840995951844	1.0860158456947462	0.7762722836232931	1.0860158456947462	0.1443466578670239	1.0860158456947462	-0.0031193088068095453	1.1482981223324138	NaN	NaN	800000009	800000009	800000009	800000009	800001009	800001009	899999999	899999999	89999	89999	89	89	6	2	0	7	11	30	0	NaN	0	0	0	0	0	0	0	0	0	NaN	NaN	NaN	NaN	0	0	0	0	0	0	0	0	2059	0	0	0	18000	18000	18000	18000	100	NaN	0.5882525443277541	0.35817555993381517	0.09094900358636661	0.012347042714827288	0.33083313180423785	0.00208521204618399	9.820404272288228e-9	NaN	0.0058264302827763376	0.018678813705296088	0.0034732971769847014	-0.0000031193088068095453	NaN	427.2883237725039	3.2588531584055866	94555.18074913195	11.37360830148061	-9.125012873618982	100.72331318834092	100.5601828573015	100.88648883395724	-0.32627113846606665	0.0002700622434123135	-1	0	2.151626601437728	80.09283028856913	1.0000166748844914	-273.1499938964844	9.000127236816619	-273.1499938964844	232
DATA	2026-02-06T113000_AIU-0547.ghg	2026-02-06	12:00:00	37.499	1	18000	18000	0.06235052230332125	0	NaN	1.322148365770695	2	NaN	0.8820010009601018	2	NaN	0.5101612861325292	1	NaN	0.019552921891247087	2	NaN	-0.0030509663766384244	1	NaN	NaN	NaN	NaN	NaN	NaN	NaN	NaN	NaN	NaN	2.306278765276116e-10	1.823547763803515e-12	1.2938135021022908e-12	NaN	17.585358867111353	427.8348398904588	429.2870494038386	0.2	0	139.0453848017976	3.382840258974831	3.3943227104918354	0.1	1	0.098653185747296	2.1567295562455504	2.1640501923587037	-0.3	0	NaN	NaN	NaN	NaN	9	271.1622882758246	271.83934963734947	94123.6324110243	1.204725355725329	1006.9550690665742	0.024011741737882727	0.0012670293385528112	0.002538707236510553	318.4906218687633	553.7801127825295	0.002107291279664379	57.51210896116726	235.2894909137662	264.5019228877786	0.18795183344392158	-0.6546336487288895	0.07590814686581691	0.6852978567772832	-3.9251612097786816e-14	1.3114766566347333e-14	0.6852978567772832	3.836537200218928	45.980700915136026	286.019299084864	6.359511374403418	NaN	0.2274971825259559	0.8467583015532802	-742.8953747699818	-0.0039036452486972467	1.4990327270960815	0.004790777780014059	0	68.72793091309514	-10.429728670116644	23.59207464980305	58.74760164143246	89.5937992541185	125.65657735844947	188.25645050930126	0.06130247983357522	1.017096249166286	1.34583791623821	1.0176159390483877	0.8112721646331076	1.087182624291049	0.46925077234857854	1.087182624291049	0.01798494701292484	1.087182624291049	-0.0034026177376422057	1.1512503395144154	NaN	NaN	800000009	800000009	800000009	800000009	800000009	800000109	899999999	899999999	89999	89999	89	89	2	3	4	31	12	4	0	NaN	0	0	0	0	0	0	0	0	0	NaN	NaN	NaN	NaN	0	0	0	0	0	0	0	0	4313	0	0	0	18000	18000	18000	18000	100	NaN	0.6446838376301821	0.9786862779943114	0.07014648748206695	0.017608336124085782	0.1010347131064563	0.0044983276818581705	7.387350949133877e-9	NaN	0.0011094164879671866	0.011305784277142095	0.0004333161353071032	-0.0000034026177376422057	NaN	427.83490236084083	3.3828354663892393	94533.78350021702	11.369999885559082	-8.652418741491072	100.70884663942124	100.54592752075196	100.87182882859972	-0.32587843664238847	0.0002703095518499305	-1	0	2.1535784759256575	79.93330801815458	1.0000171593907807	-273.1499938964844	9.000113819572661	-273.1499938964844	037
DATA	2026-02-06T120000_AIU-0547.ghg	2026-02-06	12:30:00	37.52	1	18000	18000	0.07588088223477595	0	NaN	3.72167947288611	0	NaN	2.356803352444378	0	NaN	-0.001568957192785618	2	NaN	0.05226106504735945	0	NaN	-0.0010079126280359324	0	NaN	NaN	NaN	NaN	NaN	NaN	NaN	NaN	NaN	NaN	-1.3730948822675647e-10	-1.1302133853560892e-12	-7.702283321755408e-13	NaN	17.5713715355477	428.0846477331302	429.5983909048685	0.1	1	144.6323889558503	3.5236239329246164	3.5360837622982766	0.1	1	0.09856542593408642	2.157727355521142	2.1653572601864672	-0.2	0	NaN	NaN	NaN	NaN	9	271.4960985488891	272.1124841766358	94068.38664583335	1.2027455899823678	1007.0348280392609	0.02404998399687934	0.0033865170150688922	0.0026401557841978923	331.55052958722223	564.9880518830095	0.0021951074326837456	58.682750632021424	233.43752229578723	265.01736501287564	-0.4273093329648338	-1.0629457818684593	0.0868808046313548	1.1489104732068152	4.5026144873260987e-14	-7.814386483660254e-15	1.1489104732068152	3.843758309710678	83.90036512276674	248.09963487723323	4.3368565911111325	NaN	0.25117667044692926	0.5465397920872362	-355.06502951826354	-0.00816751794434555	1.5791217663646564	0.01223323740342123	0	64.98880093821698	-9.862301270773115	22.308552327500255	55.55144957732561	84.71946569127786	118.82025523003146	178.01439421993646	0.07499116992910838	1.0118642275685075	3.7937557028548237	1.0144632442084862	2.169699970640878	1.0862346796032971	-0.0014443998357321968	1.0862346796032971	0.048112130857804754	1.0862346796032971	-0.0023459976433777307	1.1480098697209937	NaN	NaN	800000009	800000009	800000009	800000009	800000009	800110109	899999999	899999999	89999	89999	89	89	8	1	1	23	12	2	0	NaN	0	0	0	0	0	0	0	0	0	NaN	NaN	NaN	NaN	0	0	0	0	0	0	0	0	8626	0	0	0	18000	18000	18000	18000	100	NaN	0.4468640379201168	0.5478712117578145	0.09834433449654117	0.015229600159376872	0.13952637507927396	0.000979532637364263	4.351724620556735e-9	NaN	0.0031322116265704338	-0.000034860661745919666	0.0011611886668895504	-0.0000023459976433777306	NaN	428.0846154618656	3.5236226188268174	94478.93874913195	11.36027632967631	-8.135626101056737	100.67519046719869	100.51085983721416	100.8394815826416	-0.3286605151527459	0.0002713100936364047	-1	0	2.154448459161652	79.74754669147066	1.0000232081049019	-273.1499938964844	9.000166652758915	-273.1499938964844	146
DATA	2026-02-06T123000_AIU-0547.ghg	2026-02-06	13:00:00	37.541	1	18000	18000	0.11020053976855153	0	NaN	3.3590056173637026	0	NaN	2.531513525562635	0	NaN	0.9585647929197606	1	NaN	0.05616036343095049	0	NaN	-0.016969324266783017	1	NaN	NaN	NaN	NaN	NaN	NaN	NaN	NaN	NaN	NaN	-6.860258472231495e-11	-5.98436441527019e-13	-3.9061425361186165e-13	NaN	17.533288197023936	428.33857019487533	429.9450589795904	0.3	0	152.94698646364097	3.7364978412076173	3.750511619778343	0.1	1	0.09983227760534241	2.1905627864492803	2.1987785176337127	0.9	0	NaN	NaN	NaN	NaN	9	271.8096171222263	272.58589112979917	93979.84196459551	1.199429913191717	1007.1564030247886	0.024114523407125034	0.0036391915503255915	0.0027921635072546535	351.2496703570606	584.8912921020996	0.002327908847816399	60.05383822601789	233.64162174503895	265.7616597313132	-0.7051968981323701	-0.6554282638113047	0.019156349306352988	0.9629412442392072	1.2662337496685652e-15	-3.912705018671821e-15	0.9629412442392072	4.950807470264501	109.09481793973094	222.90518206026906	1.1398934055850911	NaN	0.30311290234315164	0.6420707492487919	-690.9345574906072	-0.004197213713745131	1.3268764252867877	0.009173488339988989	0	74.83670873996704	-11.356759273160144	25.689020398000505	63.969293048713084	97.55720811915226	136.82537152073164	204.9893393851645	0.10874760411589023	1.013360622190011	3.4425345830733827	1.015313483922872	2.331066905011394	1.0859892181216741	0.8826651102279757	1.0859892181216741	0.051713555248813055	1.0859892181216741	-0.01752918347816624	1.1486275395926695	NaN	NaN	800000009	800000009	800000009	800000019	800000019	801000019	899999999	899999999	89999	89999	89	89	6	6	4	26	13	0	0	NaN	0	0	0	0	0	0	0	0	0	NaN	NaN	NaN	NaN	0	707	0	0	0	0	0	0	6161	0	0	0	18000	18000	18000	18000	100	NaN	0.5660983737744932	0.6173941846979258	0.10064894002516457	0.010892574658896353	0.10125436068846302	0.027414861388556668	0.000005864905382191545	NaN	0.002849748396424159	0.021364899776664354	0.0012517260648271492	-0.000017529183478166238	NaN	428.3385765362681	3.7364703634128706	94390.2448016493	11.363058060010275	-7.400570210244894	100.6453893385993	100.48281861432393	100.80789493264092	-0.32510305435293246	0.0002716140762721706	-1	0	2.2109888558454065	54.87114752333294	1.0000169385456377	-273.1499938964844	9.000111056698692	-273.1499938964844	030
DATA	2026-02-06T130000_AIU-0547.ghg	2026-02-06	13:30:00	37.562	1	18000	18000	0.09274115002863069	0	NaN	4.5896730789431475	0	NaN	0.7550293449763045	1	NaN	-0.19565715352736984	1	NaN	0.01673169829166194	1	NaN	NaN	NaN	NaN	NaN	NaN	NaN	NaN	NaN	NaN	NaN	NaN	NaN	5.2389447152197255e-11	5.301817311904704e-13	NaN	NaN	17.466549322165474	426.9933465332226	428.8464680076217	0.2	0	176.76165451119937	4.321176954093926	4.339930562020898	0.1	1	NaN	NaN	NaN	NaN	0	NaN	NaN	NaN	NaN	9	271.8068488354153	271.43459615169155	95140.49595977915	1.2191282072810772	1007.4561714160435	0.02375226362255857	0.0010842140492996937	0.003278323754077508	410.6652248267368	537.5135962614412	0.0026890721865823184	76.40089993686288	126.8483714347044	267.801088756428	-0.5647459962847841	-0.9037481493407346	0.027041471373133362	1.0660347081264339	-3.3101009772497337e-14	2.9994159799906087e-15	1.0660347081264339	7.169644891507279	94.00097918162965	237.99902081837035	1.4535440311718626	NaN	0.2758109782451635	0.719834197314057	-384.3512202301033	-0.007545182237912055	6.078800922747165	0.01354860751381563	0	68.41722943287377	-10.382578521799068	23.48542088592857	58.482018689247724	89.18876849475939	125.08851595945013	187.40539101926043	0.09159936537640224	1.0124649843100615	4.567789777623856	1.0147958850755736	0.6952057559250135	1.0860516308178318	-0.18015455985277026	1.0860516308178318	0.015405987907833105	1.0860516308178318	NaN	1	NaN	NaN	800000009	800000009	800000009	800000019	801000009	801110019	899999999	899999999	89999	89999	89	89	2	22	2	30	17	0	0	NaN	0	0	0	0	0	0	0	0	0	NaN	NaN	NaN	NaN	0	3304	0	0	0	0	101	0	7716	0	0	16	18000	18000	18000	18000	100	NaN	0.688828688627847	0.64656080472271	0.10427890127755698	0.011172695533837679	0.19418145860508335	0.014095589054810263	NaN	NaN	0.003719037580697168	-0.004297628919495152	0.0003675134241409436	NaN	NaN	426.9932886762265	4.321162565329741	94296.29220182291	11.369999885559082	-5.510758895609231	100.58188557667205	100.41534523010255	100.74833137385049	-0.3330469988915663	0.00027184699372123254	-1	0	2.2679877984707826	30.455731378743096	1.0000243828313218	-273.1499938964844	9.00016396331787	-273.1499938964844	090
DATA	2026-02-06T133000_AIU-0547.ghg	2026-02-06	14:00:00	37.583	1	18000	18000	0.10596541733245662	0	NaN	13.002257441875834	0	NaN	5.827818513959921	0	NaN	0.1972676210261309	2	NaN	0.12915276214146304	0	NaN	NaN	NaN	NaN	NaN	NaN	NaN	NaN	NaN	NaN	NaN	NaN	NaN	-6.866908134471779e-11	-8.025713539324273e-13	NaN	NaN	17.444859517611366	422.52753952556446	424.6244623538245	0.1	1	203.8871679661304	4.938299636898443	4.962807467211771	0.1	1	NaN	NaN	NaN	NaN	0	NaN	NaN	NaN	NaN	9	271.9123836873372	271.48687065447643	95140.49595977915	1.2186101097934	1007.7922743758613	0.023761485949497556	0.008369098986766804	0.0037450587547746277	469.2217161922448	539.5814573303153	0.0030732214714758567	86.96031151882255	70.35974113807049	269.56893515085744	-0.40755223247315303	-1.318301651910842	0.044814841983648414	1.3805891632512883	1.490606302604569e-14	-3.936350491982654e-15	1.3805891632512883	6.344323781908838	79.17896528456691	252.8210347154331	1.8601858658723804	NaN	0.2948829673046337	1.2771593921319848	-165.82483158882695	-0.017488333756856943	2.2310676646382017	0.03590320932295106	0	51.76256300334802	-7.855168637004222	17.76841284490699	44.24586031995375	67.47772873396647	94.63847399285682	141.7856794291718	0.10485536590652078	1.0105865009037827	13.144785356575445	1.0138198322625653	5.360290172447313	1.0872207150119917	0.1814421104218522	1.0872207150119917	0.11879166792737067	1.0872207150119917	NaN	1	NaN	NaN	800000009	800000019	800000009	800000019	800000019	800010019	899999999	899999999	89999	89999	89	89	7	6	1	12	3	0	0	NaN	0	0	10023	0	0	0	0	0	0	NaN	NaN	NaN	NaN	0	17762	0	0	0	0	101	0	9320	0	0	16	18000	18000	18000	18000	100	NaN	0.9818669845860829	1.3330391993743207	0.23941260030356626	0.05395610429908918	12.807687282949647	0.013672420277994077	NaN	NaN	0.01070329997403112	0.0043327025358442985	0.002836656604519441	NaN	NaN	422.52764820603454	4.93828555955988	94246.02898632812	11.369999885559082	-3.7490574894746387	99.8692030673557	99.6103293825785	100.1280545654297	-0.5177348699221955	0.0002690389195858083	-1	0	22.882835028132938	0.5611516479515403	1.0000073961581528	-273.1499938964844	9.000075919442706	-273.1499938964844	121
DATA	2026-02-06T140000_AIU-0547.ghg	2026-02-06	14:30:00	37.604	1	18000	18000	0.0614013593630917	0	NaN	15.441106464515281	0	NaN	-1.6505288093867188	1	NaN	-0.21780890384362206	2	NaN	-0.03659280649104419	1	NaN	NaN	NaN	NaN	NaN	NaN	NaN	NaN	NaN	NaN	NaN	NaN	NaN	1.0550818332670523e-11	1.2898167787962953e-13	NaN	NaN	17.398857451428697	420.30340496890443	422.4741304589283	0.1	1	212.69760851865166	5.138126416559125	5.164663108509586	0.1	1	NaN	NaN	NaN	NaN	0	NaN	NaN	NaN	NaN	9	272.3557933027479	271.912362852752	95206.65319798105	1.2174576352700022	1007.9064356953689	0.023783695671040182	-0.0023712138606196633	0.0038929626788633204	488.5170683268687	556.727083198428	0.003197616546221715	87.74803365417594	68.21001487155928	270.10863329406806	-0.9761175735191555	-0.029297660339397485	-0.012394646618778071	0.9766358059681943	-1.324702035240033e-14	6.064086887385901e-16	0.9766358059681943	4.336388309850643	150.28081316332157	181.7191868366785	-0.7271697398490743	NaN	0.22457533913627123	0.5090402650070837	-61.71050400910395	-0.046993620398436096	-9.35524807364779	0.05603279383291911	0	62.783988888819906	-9.527712536057782	21.551711698558083	53.66680939899704	81.84527050567677	114.78915561499684	171.97507243408964	0.060599591158227196	1.0132305876911127	15.149059222915072	1.0152370245453999	-1.5198427592578396	1.0859865596837759	-0.20056316710498237	1.0859865596837759	-0.03369545061561305	1.0859865596837759	NaN	1	NaN	NaN	800000009	800000019	800000009	800000019	801100009	801100009	899999999	899999999	89999	89999	89	89	8	7	0	2	1	1	0	NaN	0	0	18000	0	0	0	0	0	0	NaN	NaN	NaN	NaN	0	11161	0	0	0	0	101	0	9123	0	0	16	18000	18000	18000	18000	100	NaN	0.4015681120803885	0.530810818939075	0.08570159899470389	0.05330062977805281	0.47925524888566706	0.005627421166979222	NaN	NaN	0.012345582540298194	-0.0047947357089448035	-0.0008055356455908926	NaN	NaN	420.3033008983424	5.138120212424576	94218.01132118056	11.369999885559082	-3.220755279501313	99.77795455063713	99.51651598506504	100.03936862839592	-0.5228819665627342	0.00026858381585043395	-1	0	8.817701334180128	18.156309324597494	1.0000308713631498	-273.1499938964844	9.00019718949	-273.1499938964844	119
DATA	2026-02-06T143000_AIU-0547.ghg	2026-02-06	15:00:00	37.624	1	18000	18000	0.06493531043686468	1	NaN	12.208780809009932	1	NaN	-0.3988848271121883	1	NaN	0.012184253450969034	1	NaN	-0.008839978542788616	1	NaN	NaN	NaN	NaN	NaN	NaN	NaN	NaN	NaN	NaN	NaN	NaN	NaN	4.663994704125752e-11	5.691887672182828e-13	NaN	NaN	17.43118031010887	420.3331425203518	422.5004427414072	0.1	1	212.72820106536216	5.129699289763498	5.15614878251106	0.1	1	NaN	NaN	NaN	NaN	0	NaN	NaN	NaN	NaN	9	271.94353605821397	271.5015020344964	95206.65319798105	1.2193038726814989	1007.8967272395191	0.023747694965039864	-0.0005728306095727023	0.003892469686907497	487.7171503639223	540.1611458609678	0.0031923704780393745	90.29104631110508	52.443995497045535	270.0866382858302	-1.2069752123912079	0.25871292952116737	-0.02195846070465789	1.2345864559538728	-4.347839514772396e-15	2.675662015509621e-15	1.2345864559538728	3.4288372584740583	164.09817844795347	167.9018215520465	-1.0191213908353403	NaN	0.23077272800619056	0.21915759219888342	-84.6895194291289	-0.034242725895107004	-30.60728305310082	0.043048678542008105	0	86.42944441102512	-13.116001636303668	29.668431413485127	73.87858913968533	112.6695098968992	158.02058964083383	236.74363840350043	0.06420774431639599	1.011331438726199	12.037160262147895	1.0141820371086303	-0.36711937041858667	1.086526234389057	0.01121395237899628	1.086526234389057	-0.00813600101221601	1.086526234389057	NaN	1	NaN	NaN	800000009	800000019	800000009	800000019	800000009	800000009	899999999	899999999	89999	89999	89	89	3	14	0	0	14	0	0	NaN	0	0	18000	0	0	0	0	0	0	NaN	NaN	NaN	NaN	0	12790	0	0	0	0	101	0	9558	0	0	21	18000	18000	18000	18000	100	NaN	0.3231830085574324	0.07443149046135772	0.040700685378976684	0.016186916760212333	0.042075069137134866	0.001869483904436065	NaN	NaN	0.009794810870601394	0.00026767675385773985	-0.00019420613417373865	NaN	NaN	420.33307915384546	5.129696727799093	94198.31007617188	11.36027632967631	-3.2445634064806934	99.78514356507195	99.51654288906522	100.05372003534104	-0.5371972013347684	0.0002682911284743266	-1	0	12.58758073330853	12.806552787330848	1.0000624081312521	-273.1499938964844	9.000448121283075	-273.1499938964844	178
DATA	2026-02-06T150000_AIU-0547.ghg	2026-02-06	15:30:00	37.645	1	18000	18000	0.09077386198194992	1	NaN	13.405573393164035	1	NaN	-2.2434053757331642	1	NaN	-0.0683075005608923	2	NaN	-0.04973052964734546	1	NaN	NaN	NaN	NaN	NaN	NaN	NaN	NaN	NaN	NaN	NaN	NaN	NaN	-8.049195911071655e-11	-9.925170549823122e-13	NaN	NaN	17.393841038827237	419.4952694545259	421.6764514117091	0.1	1	214.47712384464543	5.17264350399672	5.1995388649301795	-0.3	0	NaN	NaN	NaN	NaN	0	NaN	NaN	NaN	NaN	9	272.21923435889346	271.7730528088233	95211.29753824198	1.2181252863955612	1007.9235002254809	0.023770610977660554	-0.0032225383211479854	0.003921272264591107	491.81743774150726	551.059861603658	0.0032191042320401796	89.24936690367043	59.2424238621507	270.1990456243989	-0.9981469069681872	0.3847837471531938	0.007053485350854173	1.0697689150555	1.8790849354916657e-16	-4.627612666520244e-15	1.0697689150555	3.1631801622663542	173.0815568971833	158.9184431028167	0.3777805318928365	NaN	0.27298226141202375	0.2465125322244126	-127.66917115488819	-0.022714959091272875	-5.975546612382962	0.03999737021152831	0	81.91325257081229	-12.430652100971741	28.11816889849893	70.0182162804966	106.78219771174479	149.76355059141332	224.373089277955	0.0896588758424683	1.012435870169069	13.11640350899535	1.0147794133826618	-2.065641633647468	1.0860573969802323	-0.0628949268711031	1.0860573969802323	-0.045789964495081485	1.0860573969802323	NaN	1	NaN	NaN	800000009	800000019	800000009	800000019	800000019	800000019	899999999	899999999	89999	89999	89	89	4	31	5	4	13	0	0	NaN	0	0	18000	0	0	0	0	0	0	NaN	NaN	NaN	NaN	0	17242	0	0	0	0	101	0	17603	0	0	16	18000	18000	18000	18000	100	NaN	0.33025315913021325	0.09764349398704249	0.06512841133156948	0.01479490684737359	0.06532234502426325	0.0014271310345485536	NaN	NaN	0.010683049458734776	-0.0015028136781087963	-0.0010941070828232556	NaN	NaN	419.49520589515987	5.172641385387843	94178.80944791666	11.366116463343303	-3.135745770812033	99.77900961346097	99.50913806745741	100.04890306388008	-0.5397415072123214	0.000268273217661772	-1	0	13.558982332230986	4.5765180552330955	1.000016138797005	-273.1499938964844	9.000103201468786	-273.1499938964844	141
DATA	2026-02-06T153000_AIU-0547.ghg	2026-02-06	16:00:00	37.666	1	18000	18000	0.06203111232848451	1	NaN	8.570576083197007	1	NaN	0.6302957911448639	1	NaN	0.1446549843286372	1	NaN	0.01397518082382875	1	NaN	NaN	NaN	NaN	NaN	NaN	NaN	NaN	NaN	NaN	NaN	NaN	NaN	-9.405822066284641e-11	-1.1708140084687464e-12	NaN	NaN	17.380589808757552	419.471791920744	421.6735534354299	0.1	1	216.3493831813536	5.221483530915773	5.248890526354714	0.1	1	NaN	NaN	NaN	NaN	0	NaN	NaN	NaN	NaN	9	272.4614412587484	272.0106517968388	95141.6562168046	1.21614869005339	1007.9530734160875	0.023809175840530834	0.0009055917173841029	0.003951885418859095	496.09033435015715	560.7553240418258	0.003249508428682025	88.46823437616699	64.66498969166867	270.3153038052723	-0.7253114621638758	0.271970576249762	0.014366404354161642	0.7747587399094087	-4.6013131944551064e-14	-5.411681749456704e-15	0.7747587399094087	2.8910333688510064	172.55457545778268	159.44542454221732	1.0625004572296755	NaN	0.22584550242692272	0.19797974825385561	-113.0239129483532	-0.02565828703280843	13.597704765931383	0.030957906094733655	0	83.42648475728805	-12.660290923356577	28.63761253999256	71.31170439371336	108.75484869859629	152.53022164894338	228.51806667560973	0.061077825179143945	1.0156077454713643	8.476472173087835	1.01668035471584	0.5801069494053912	1.0865165324961479	0.13313647791102529	1.0865165324961479	0.01286237291918823	1.0865165324961479	NaN	1	NaN	NaN	800000009	800000019	800000009	800000019	800000019	801000019	899999999	899999999	89999	89999	89	89	5	38	2	1	14	0	0	NaN	0	0	18000	0	0	0	0	0	0	NaN	NaN	NaN	NaN	0	17796	0	0	0	0	101	0	16951	0	0	16	18000	18000	18000	18000	100	NaN	0.2362442693178051	0.11713087070007386	0.042584356489832303	0.011417366330878692	0.038362605403417134	0.0010050559438071667	NaN	NaN	0.0069149357759597475	0.0031864848735806057	0.00030784768673794096	NaN	NaN	419.4717043691148	5.221481797880475	94173.37975868056	11.380000114440918	-3.010102085908254	99.7724833715227	99.50416787507798	100.04084466298421	-0.5366333426700699	0.00026855642707636845	-1	0	25.268311482799742	0.7374232279585621	1.0000327653884888	-273.1499938964844	9.000212779402732	-273.1499938964844	216
DATA	2026-02-06T160000_AIU-0547.ghg	2026-02-06	16:30:00	37.687	1	18000	18000	0.05327607127592406	1	NaN	6.572444084067151	2	NaN	1.7832739488060396	2	NaN	0.14965995305552357	2	NaN	0.03955600340687227	2	NaN	NaN	NaN	NaN	NaN	NaN	NaN	NaN	NaN	NaN	NaN	NaN	NaN	1.3667554331815014e-10	1.739314671836393e-12	NaN	NaN	17.388006040204594	419.7284013637553	421.98238120269775	0	0	221.27743768545503	5.341407459994833	5.370091305756252	0.4	0	NaN	NaN	NaN	NaN	0	NaN	NaN	NaN	NaN	9	272.91333819580075	272.4514446874638	95141.6562168046	1.214126283699104	1008.02405798338	0.023848665074627115	0.0025632290207653233	0.004035956049409293	507.46488753062334	579.1433714912578	0.003324164960100247	87.62336107273975	71.67848396063442	270.6205110484192	-0.4458153302328874	-0.5855705947115774	0.009779420039212738	0.7360298004276971	1.174080543267063e-13	7.860334474357127e-15	0.7360298004276971	5.220210811386518	99.2832841402772	232.7167158597228	0.7612952376262142	NaN	0.20947594831007188	0.6826039072817843	-117.60684041097447	-0.024658429644619437	3.6856053936455573	0.025636455333821122	0	75.04274820843685	-11.388026557405794	25.759747080098528	64.14541248742255	97.82580137565304	137.2020773820125	205.55371341015874	0.05242627034303854	1.0162094485708226	6.565375345105004	1.0170564410441179	1.640903129490794	1.0867636954043876	0.13771158687798704	1.0867636954043876	0.036397980144297494	1.0867636954043876	NaN	1	NaN	NaN	800000009	800000019	800000009	800000019	800000009	810100009	899999999	899999999	89999	89999	89	89	7	5	2	11	17	0	0	NaN	0	0	18000	0	0	0	0	0	0	NaN	NaN	NaN	NaN	0	15664	0	0	0	0	101	0	17156	0	0	16	18000	18000	18000	18000	100	NaN	0.28638877723442957	1.0310789111778214	0.047740126151317695	0.1253202104373237	0.06305029532461491	0.004759238512663175	NaN	NaN	0.0053644450583319415	0.0033018488555260567	0.000872698019153532	NaN	NaN	419.7283214331733	5.341402007304545	94184.85230273438	11.380000114440918	-2.7040958451562878	99.74479892857869	99.47380024210614	100.01578571489122	-0.5420015180061251	0.0002686353963654256	-1	0	3.56207185751254	7.316839611355969	1.0000290513816807	-273.1499938964844	9.000178818702699	-273.1499938964844	122
DATA	2026-02-06T163000_AIU-0547.ghg	2026-02-06	17:00:00	37.708	1	18000	18000	0.04108459659459868	1	NaN	-2.256854618974501	0	NaN	-0.22903198978046	2	NaN	0.2022988819640412	0	NaN	-0.005087379224436877	2	NaN	-0.12118552232631404	2	NaN	NaN	NaN	NaN	NaN	NaN	NaN	NaN	NaN	NaN	-6.549641576303538e-11	-8.498694482210845e-13	-3.8957316895433233e-13	NaN	17.39158910232469	420.2460072961324	422.5501882282984	0.1	0	225.67006242839813	5.453034920720766	5.4829335488305295	-0.6	0	0.10344530156057913	2.285815549515851	2.29834852427873	0	1	NaN	NaN	NaN	NaN	9	273.70044394005674	273.9176135792301	93785.45391015164	1.190355503799986	1008.1090321051149	0.02428256136052257	-0.0003296621737435096	0.004046677345775244	511.55253698296815	644.2549286602422	0.0033995536063444807	79.40219224193834	132.70239167727402	270.72871193571484	-0.5910420054871458	-1.4270848403134122	0.024114623556278334	1.54482468544879	1.0178559566186173e-14	-3.765982244502351e-15	1.54482468544879	5.691364108060102	84.4973992631692	247.5026007368308	0.89442011467132	NaN	0.18578094658871055	0.5987671784106772	236.49418522825258	0.012262457942469334	9.853883822682686	-0.010123209445077686	1	17.010372742828423	7	15	29	51	101	358	0.04078734450607619	1.007287850977359	-2.2441953581102214	1.012684099361406	-0.2080302932411557	1.1009549917566976	0.18374854874062613	1.1009549917566976	-0.004620878475985099	1.1009549917566976	-0.11242673735529318	1.1763041948822404	NaN	NaN	800000009	800000009	800000009	800000019	800000019	801100019	899999999	899999999	89999	89999	89	89	9	3	10	15	13	0	0	NaN	0	0	18000	0	0	0	0	0	0	NaN	NaN	NaN	NaN	0	92	0	0	0	0	101	0	18000	0	0	16	18000	18000	18000	18000	100	NaN	0.5931763337759606	0.5289931893066753	0.0753648337387185	0.03570934393529505	0.031765299406270986	0.0000612808513740143	0.000018432918228350484	NaN	-0.0018701501206825032	0.004486356229163663	-0.0001128221533015053	-0.00011242673735529318	NaN	420.24594955830065	5.453034043908318	94195.14283854167	11.380000114440918	-2.423286757634745	99.72206385612488	99.45124941402011	99.9928878180186	-0.5416396153519558	0.0002685954066999127	-1	0	2.283798029074524	27.95758997932244	1.0000144302613205	-273.1499938964844	9.000084273073409	-273.1499938964844	136
DATA	2026-02-06T170000_AIU-0547.ghg	2026-02-06	17:30:00	37.729	0	18000	18000	0.061894335389244486	1	NaN	-4.141041165600293	0	NaN	0.380373348944913	1	NaN	0.3445682310262442	0	NaN	0.008452661886222401	1	NaN	0.0000763502983167377	0	NaN	NaN	NaN	NaN	NaN	NaN	NaN	NaN	NaN	NaN	-1.210300906075261e-10	-1.5632397497868305e-12	-6.762164318394046e-13	NaN	17.37025759855185	420.3096498249919	422.6038698274511	0.1	0	224.35641422550876	5.428771874228054	5.458404306002646	0.8	0	0.0970506884235417	2.1489258046281665	2.160655510493429	-0.4	0	NaN	NaN	NaN	NaN	9	274.19308260684545	274.367653404989	93817.10256290506	1.1888149526683227	1008.1020221620702	0.02431425196572863	0.0005477324902272116	0.004023420954410696	509.44826517306024	665.4897201066416	0.0033843963228928392	76.55238687855667	156.04145493358135	270.6731076052541	-0.6384136698889185	-1.692100864981822	0.07385877916386638	1.8100365936723495	3.7329060454524314e-14	-6.967662391927701e-15	1.8100365936723495	5.975813953053952	82.67101731562303	249.32898268437697	2.3386110460580443	NaN	0.2281751383352229	0.8224409322958707	238.84796899852765	0.012141614652029453	-10.886780519946505	-0.015143368145765949	0	57.14961760027639	-8.672674955477753	19.617614363195145	48.85063356536358	74.50029847695019	104.487727908984	156.54165656458008	0.06146147186121195	1.0070428435070673	-4.076284679486016	1.012800531691552	0.3446324627798548	1.1037072534513057	0.3121916884651933	1.1037072534513057	0.0076584274134203845	1.1037072534513057	0.0013724503692854008	1.1779103833616555	NaN	NaN	800000009	800000009	800000009	800000019	800010019	800110019	899999999	899999999	89999	89999	89	89	7	2	2	29	28	1	2	NaN	0	0	18000	0	0	0	0	0	0	NaN	NaN	NaN	NaN	0	0	0	0	0	0	101	0	18000	0	0	16	18000	18000	18000	18000	100	NaN	1.001436626265943	0.5315297018575936	0.11191553646820453	0.009138591663428057	0.0375529239998617	0.00005945650796452071	1.19713380256234e-8	NaN	-0.0034013064436004136	0.007632151699454917	0.00018722561156526502	0.0000013724503692854008	NaN	420.3094845567321	5.428771006260622	94229.90396310764	11.360570780860055	-2.4781333580944285	99.72202356762357	99.45858057890997	99.98546165339152	-0.5268946968532278	0.0002691188857117797	-1	0	2.1439545329616942	82.72068077439745	1.0000217464533117	-273.1499938964844	9.00012399344974	-273.1499938964844	207
DATA	2026-02-06T173000_AIU-0547.ghg	2026-02-06	18:00:00	37.749	0	18000	18000	0.046632740878581144	1	NaN	-0.5763913114960086	2	NaN	-2.084221689247575	2	NaN	0.01863717158248964	2	NaN	-0.04632894137085103	2	NaN	0.015354684257756315	1	NaN	NaN	NaN	NaN	NaN	NaN	NaN	NaN	NaN	NaN	-9.503370916693453e-11	-1.2164062950113789e-12	-5.312121046986318e-13	NaN	17.33721553369362	419.81097602611607	422.07900457842686	0.3	0	221.9117647624302	5.373469250326966	5.402499414807344	-0.6	0	0.09691023147470271	2.148736044779664	2.1603445900041613	0.9	0	NaN	NaN	NaN	NaN	9	274.5044496968587	274.67100450049503	93852.58815993923	1.187976062729624	1008.0760944542038	0.024331931342431234	-0.0030021154008311466	0.003979540965624246	504.44927343200385	680.1505883440325	0.0033498494544413763	74.16729207868364	175.70131491202864	270.540190533581	-0.5400106423974995	-1.2542753649251133	0.04178164448174195	1.3662224894856156	6.184700902577703e-14	-5.481486284936783e-15	1.3662224894856156	4.551127752777027	85.29361585812	246.70638414187997	1.752485570182834	NaN	0.1981260705305219	0.6511627788020957	1123.6958628145283	0.0025807694910759496	0.2765499056408398	-0.0024292644437767428	1	13.203126670324556	6	11	22	38	75	256	0.04628840078525607	1.0074390146879897	-0.6781656430503221	1.0122219861674562	-1.9029900761254412	1.0952351856143825	0.017016593173122853	1.0952351856143825	-0.042300450149309596	1.0952351856143825	0.01474290589252373	1.168324444602654	NaN	NaN	800000009	800000009	800000009	800000009	800000019	800111019	899999999	899999999	89999	89999	89	89	9	10	4	22	20	1	1	NaN	0	0	18000	0	0	0	0	0	0	NaN	NaN	NaN	NaN	0	0	0	0	0	0	0	0	18000	0	0	0	18000	18000	18000	18000	100	NaN	0.5800976077802283	0.6268251328347644	0.09540281698919871	0.037173655629435684	0.06683423924210621	0.0035252333302881306	2.103452381970362e-7	NaN	-0.0005662846350257391	0.00041628406642279717	-0.0010348136798311812	0.00001474290589252373	NaN	419.8109401277094	5.373464978097656	94267.52687760416	11.363058060010275	-2.6113351673219283	99.72276716931661	99.46547324413723	99.98005412716336	-0.5145847042616877	0.0002691932199522853	-1	0	2.1438051596217678	74.93121466583709	1.0000395586854882	-273.1499938964844	9.000259175962873	-273.1499938964844	255
DATA	2026-02-06T180000_AIU-0547.ghg	2026-02-06	18:30:00	37.77	0	18000	18000	0.13303038446921545	1	NaN	-10.167998851052706	1	NaN	-8.702383540744147	1	NaN	-2.009779469763996	2	NaN	-0.19349990432226113	1	NaN	0.0026955230668343614	1	NaN	NaN	NaN	NaN	NaN	NaN	NaN	NaN	NaN	NaN	-1.6092409514045976e-10	-1.971378353509067e-12	-8.983662650020411e-13	NaN	17.31917914474815	420.29577995163953	422.4709881309324	0.1	1	212.16620691078836	5.148775277839384	5.1754223645624196	0.1	1	0.09668512516778965	2.1467147847376262	2.157824940444894	-0.3	0	NaN	NaN	NaN	NaN	9	274.803511633979	274.99614078352187	93891.35614149304	1.187162685541896	1007.9580843991456	0.02435067516789032	-0.01253879380008252	0.0038101995717434957	483.5551670752317	696.1811879337611	0.0032095007854835668	69.45823522040358	212.6260208585294	269.97167887449933	0.012526181925511592	-0.6442652553460286	0.060342449052328	0.6472061770698668	-1.1356636537689589e-13	-9.29166987623996e-15	0.6472061770698668	3.8696083522118694	60.886162277022265	271.11383772297773	5.349757958676254	NaN	0.33474978313733733	0.7950315266976298	307.3130087374451	0.009436632741042323	1.1684153891226028	-0.02538414115353883	0	93.19879112568165	-14.14327611655957	31.992129084880425	79.6649248969518	121.49403702257914	170.39711440762747	255.28592780225236	0.13163038776318986	1.0106358169250724	-10.496442087454428	1.0138397395554943	-7.951365098344824	1.0944515102891776	-1.8363348680774072	1.0944515102891776	-0.1768008015915975	1.0944515102891776	0.006340009312487433	1.172650459206885	NaN	NaN	800000009	800000009	800000009	800000009	800000009	800111109	899999999	899999999	89999	89999	89	89	4	3	0	15	5	0	1	NaN	0	0	12084	0	0	0	0	0	0	NaN	NaN	NaN	NaN	0	0	0	0	0	0	0	0	14806	0	0	0	18000	18000	18000	18000	100	NaN	0.8063859915953339	0.7127516332651217	0.07092542853480405	0.14430396079940047	9.681163805729128	0.012563376363917035	1.4732764181080804e-8	NaN	-0.008771813791972883	-0.04494748042520398	-0.004327506222772284	0.000006340009312487433	NaN	420.2954484392877	5.1487621803258214	94304.16647981771	11.369999885559082	-3.1824000906811793	99.75259347110324	99.51069620556302	99.99450453673468	-0.48378973909550343	0.0002695779224611922	-1	0	2.142003595074018	82.04945262760633	1.0000292884376314	-273.1499938964844	9.000168849521213	-273.1499938964844	156
DATA	2026-02-06T183000_AIU-0547.ghg	2026-02-06	19:00:00	37.791	0	18000	18000	0.5279501399088046	1	NaN	-6.3994262833933995	1	NaN	7.128827932156371	1	NaN	34.83873784872639	2	NaN	0.15858168496698424	1	NaN	-0.00630266692182578	1	NaN	NaN	NaN	NaN	NaN	NaN	NaN	NaN	NaN	NaN	-4.4832779530209886e-10	-5.082263873142138e-12	-2.520399379683044e-12	NaN	17.214384804571434	420.4890556922684	422.50299339309265	0.1	1	195.14303352904517	4.766682679927214	4.789512767481257	0.1	1	0.09677545143912236	2.152933789105316	2.1632452929757777	0	1	NaN	NaN	NaN	NaN	9	275.2504992345174	275.462468492296	93949.83840928819	1.186062820095337	1007.7566673583001	0.024376784482244864	0.010276093185860579	0.0035236650439509224	447.94919293421856	719.7569501459918	0.002970892421758644	62.23617470360777	271.80775721177326	268.95061380395157	0.002519452386069712	-0.0696902152643503	0.043064468419095024	0.08196110165285303	2.0621478459325474e-14	-2.604378840091e-14	0.08196110165285303	5.716094255453157	59.92953504439271	272.0704649556073	31.6969049410337	NaN	0.6671793694730663	0.9002098031164447	3867.33204314082	0.000749870962112886	-0.897682809052969	-0.0080248155658813	0	84.02732087044772	-12.751470121569117	28.84386013461147	71.82529006636113	109.53809925469292	153.62874169064906	230.16384987464522	0.5005840436974174	1.0546683350297295	-5.836995699758673	1.0336725784865972	6.397853699253613	1.1142530397323769	31.266450802857147	1.1142530397323769	0.1423210700911102	1.1142530397323769	-0.004210188181091952	1.1958073708330859	NaN	NaN	800000009	800000009	800000009	800000009	800000009	810110009	899999999	899999999	89999	89999	89	89	7	19	10	8	7	0	0	NaN	0	0	0	0	0	0	0	0	0	NaN	NaN	NaN	NaN	0	0	0	0	0	0	0	0	17801	0	0	0	18000	18000	18000	18000	100	NaN	0.6246753258888837	0.8107206473562899	0.3650236329877159	0.039375794171154874	16.44497641483376	0.009653380726045782	6.618603888089008e-9	NaN	-0.004883441629364027	0.7658269660766579	0.003485950932003399	-0.000004210188181091952	NaN	420.4890831684994	4.766672522990303	94361.02970421007	11.38278128920661	-4.202927458577649	99.7721161181132	99.55621236186558	99.98802617518108	-0.431813358419469	0.0002714350599756773	-1	0	2.1485540933079195	84.78936648941037	1.000029771145847	-273.1499938964844	9.000163887182872	-273.1499938964844	254
DATA	2026-02-06T190000_AIU-0547.ghg	2026-02-06	19:30:00	37.812	0	18000	18000	0.11203446051707107	0	NaN	0.40660281974840085	2	NaN	0.9513857982813907	2	NaN	0.2974778589118977	1	NaN	0.021165090472016958	2	NaN	-0.0038234211000863043	1	NaN	NaN	NaN	NaN	NaN	NaN	NaN	NaN	NaN	NaN	-2.419037831759934e-10	-2.662683812708413e-12	-1.3669334606216345e-12	NaN	17.135480957822484	422.1852079702808	424.15629530670947	-0.1	0	188.61370074635178	4.647077877279607	4.668774033806124	0.1	1	0.09682801144143877	2.154626715228036	2.164686180488637	0.1	0	NaN	NaN	NaN	NaN	9	275.2894136844211	275.531709423489	93992.29419487847	1.1863543572071003	1007.6926041322126	0.024371898268567945	0.0013714978625866989	0.003435938549414183	436.90667515030157	723.3170908070698	0.0028962160660858734	60.40320085106873	286.41041565676824	268.61929589278515	-0.09038467013504481	-0.34379804592533547	0.05777718403489319	0.3601453706109093	-6.6335544925733154e-15	-1.4117128300712351e-14	0.3601453706109093	3.5530790498215463	76.72976823544383	255.27023176455617	9.231704682860286	NaN	0.3073042727963935	0.46387531482552347	-5949.661394726303	-0.0004874226964530317	0.4273795346566023	0.001106774862064918	0	77.7804583573258	-11.803484634653046	26.699514382038437	66.48556594613798	101.39468305500513	142.20748468205	213.05272565024532	0.10896396903869143	1.0281789614077783	0.44670320424307663	1.024823457593423	0.8690551324562135	1.0947358375210166	0.27173483201712284	1.0947358375210166	0.019333513845627287	1.0947358375210166	-0.0037995434723410862	1.161344934257327	NaN	NaN	800000009	800000009	800000009	800000009	800100009	800101009	899999999	899999999	89999	89999	89	89	15	8	3	8	24	0	0	NaN	0	0	0	0	0	0	0	0	0	NaN	NaN	NaN	NaN	0	0	0	0	0	0	0	0	17504	0	0	0	18000	18000	18000	18000	100	NaN	0.6010396259028958	0.2327715543979473	0.0939394493502038	0.02852652052332147	0.058141456537859994	0.0016797915052721947	1.113504801736519e-8	NaN	0.00037365996341601887	0.006653621874901956	0.00047339492580722843	-0.000003799543472341086	NaN	422.1850322657899	4.647075629153513	94401.60609917535	11.390000343322754	-4.532287041107812	99.7733330631256	99.56865695423551	99.9780029036204	-0.4093507578041818	0.00027418567426017637	-1	0	2.1503455959757174	84.99034682401022	1.0000467930585146	-273.1499938964844	9.000261216190125	-273.1499938964844	188
DATA	2026-02-06T193000_AIU-0547.ghg	2026-02-06	20:00:00	37.833	0	18000	18000	0.08279242408022246	1	NaN	-14.569128678699826	0	NaN	4.816578245045445	1	NaN	0.4041467026441269	1	NaN	0.1071234811892062	1	NaN	-0.0028699654597357863	0	NaN	NaN	NaN	NaN	NaN	NaN	NaN	NaN	NaN	NaN	1.9362607994677831e-10	2.1212792934516982e-12	1.0971660444019627e-12	NaN	17.15054496707495	422.2107203720819	424.1727520857753	0.1	1	187.89357260172977	4.6255486804504935	4.6470438078036755	0.1	1	0.09718213365697331	2.159601019426899	2.1696367799715537	-0.2	0	NaN	NaN	NaN	NaN	9	274.9925014843411	275.24713044993075	94021.80480208334	1.1879634839340556	1007.6766741230362	0.024339084400451946	0.006941601581060561	0.003424631234210184	435.01909311025497	708.7838836420907	0.0028827748331701135	61.37542107686006	273.76479053183573	268.5619185738229	0.479546790563984	-0.4555278275762939	0.035930801526521346	0.6623909333126624	-2.1511823754757945e-14	1.1289791684083234e-14	0.6623909333126624	6.457861276063661	15.528585174914497	316.4714148250855	3.1094842993491647	NaN	0.2639938159041342	1.5374495629016938	105.29276719409098	0.02754225268535584	-3.024788124990247	-0.04610155015120412	0	49.06556112418289	-7.4458881967410715	16.84261937464555	41.940503677925136	63.96191439560902	89.70749439311122	134.39817344662518	0.0819351367978025	1.010462999342218	-14.13379403667315	1.0145114422890136	4.373679322162908	1.1012646081842854	0.3669841922101405	1.1012646081842854	0.09727315342116231	1.1012646081842854	0.0016793932653287956	1.185087156387844	NaN	NaN	800000009	800000009	800000009	800000009	800001009	800111009	899999999	899999999	89999	89999	89	89	2	3	6	49	55	0	0	NaN	0	0	0	0	0	0	0	0	0	NaN	NaN	NaN	NaN	0	0	0	0	0	0	0	0	17305	0	0	0	18000	18000	18000	18000	100	NaN	1.5275651185690724	1.3279865318286286	0.21934747540568628	0.025699818145917288	0.05953040475612495	0.0018765732711657451	1.0175741678376316e-8	NaN	-0.011806861299416441	0.008973578084107254	0.0023785445156512793	0.0000016793932653287955	NaN	422.21009794102645	4.625546259498311	94426.12522092013	11.37055323155721	-4.590458962281539	99.77897491433886	99.5725753894382	99.98537757534451	-0.4127802646847234	0.0002736378874542425	-1	0	2.1553263113366237	84.89593933147856	1.0000375303543276	-273.1499938964844	9.000206402937572	-273.1499938964844	093
DATA	2026-02-06T200000_AIU-0547.ghg	2026-02-06	20:30:00	37.854	0	18000	18000	0.21860923870278345	0	NaN	-7.675925326456371	1	NaN	5.915366308788947	1	NaN	0.2538794297418368	1	NaN	0.13152807980766137	1	NaN	0.0031161687137765673	1	NaN	NaN	NaN	NaN	NaN	NaN	NaN	NaN	NaN	NaN	-5.959936493185113e-11	-6.420856142109794e-13	-3.3674563435562574e-13	NaN	17.171906342008874	422.0292692802236	423.9568632091946	0	0	184.99918654149533	4.5466746649172185	4.567441334717273	0.1	1	0.09702392803760984	2.1533155289241104	2.163150671277607	-0.1	0	NaN	NaN	NaN	NaN	9	274.74509100850423	274.982323987325	94067.00630208333	1.1897147000596822	1007.6298835687899	0.024303984271475502	0.008523019571536457	0.003371096605002427	427.80679822974446	695.493216333507	0.00283353362350933	61.51128266714826	267.68641810376255	268.34062871614725	0.6831037903201205	-0.5166114706220217	0.09484289204419757	0.8616921573853216	-3.059906709802619e-14	-3.4707483109227595e-15	0.8616921573853216	7.102811722956531	9.099153306577023	322.90084669342303	6.319112368896023	NaN	0.4286598839474939	2.029620490114903	855.8555895848152	0.003388422106826248	-1.2976246821860578	-0.014937366343953252	0	70.40174844362183	-10.68373693800343	24.166642043375063	60.1783556914586	91.77578945556449	128.71684964097324	192.8412960431446	0.216637861483045	1.009099873892047	-7.282906946701661	1.0128170458512091	5.416308875026784	1.0921397662646584	0.232460567396201	1.0921397662646584	0.12043154536668355	1.0921397662646584	0.005014666719780046	1.1672650917588516	NaN	NaN	800000009	800000009	800000009	800000009	800000009	800011109	899999999	899999999	89999	89999	89	89	8	12	3	47	49	0	0	NaN	0	0	0	0	0	0	0	0	0	NaN	NaN	NaN	NaN	0	0	0	0	0	0	0	0	17802	0	0	0	18000	18000	18000	18000	100	NaN	1.2756607650774938	2.5490741232019194	0.23450609195039315	0.01903240217079089	0.05341672524777347	0.0018465336457288675	8.734071099570593e-9	NaN	-0.006075204399198914	0.00567552968261442	0.0029403387340390186	0.000005014666719780047	NaN	422.02919164284606	4.546672305475833	94472.54637717013	11.376116692225139	-4.811892959382787	99.79335843764412	99.5846686024136	100.00202513673571	-0.4173713198941614	0.0002731261327167482	-1	0	2.1491227084464497	84.70934265624153	1.0000374166601234	-273.1499938964844	9.000194939719306	-273.1499938964844	055
DATA	2026-02-06T203000_AIU-0547.ghg	2026-02-06	21:00:00	37.874	0	18000	18000	0.22557338799349494	1	NaN	-9.238385500081153	1	NaN	8.456000259449574	0	NaN	0.6265624090839322	1	NaN	0.18794865748346692	0	NaN	0.003673028148990651	0	NaN	NaN	NaN	NaN	NaN	NaN	NaN	NaN	NaN	NaN	2.7953242449353555e-11	2.930533224730067e-13	1.571037513355909e-13	NaN	17.21809295087652	422.44297958114004	424.32220255025226	0	0	180.50926847021677	4.428764174530048	4.448465378630565	0.1	1	0.09676970384844036	2.143606936753648	2.153142697997189	-0.3	0	NaN	NaN	NaN	NaN	9	274.3328682980008	274.5879873063829	94103.80592404514	1.1919425780450061	1007.5600440965578	0.024259640766367142	0.012179073004928657	0.00328967491979777	416.87535677767517	676.1102396732844	0.002759927349179363	61.657897235681745	259.2348828956092	267.9988274465511	0.6583457708617297	-1.077528423808026	0.0063339666367513165	1.2627457294558257	-2.7905740286107672e-14	1.6234807495292642e-15	1.2627457294558257	15.412912515542851	30.576002759166272	301.4239972408337	0.28739838056607225	NaN	0.435027052131152	3.2115598125044227	743.4572429595703	0.0039006950668146276	-1.0925242687590109	-0.017682902231359016	0	55.854526126225885	-8.476139827795704	19.17305136925375	47.743608852180515	72.81201594028367	102.11988764617917	152.99420037390996	0.2238586258149767	1.0076600228035686	-8.70229888541198	1.0122936224930743	7.724664303446254	1.0946754353683752	0.5723727680735654	1.0946754353683752	0.17169350056733415	1.0946754353683752	0.005859779994272212	1.1683819688423707	NaN	NaN	800000009	800000009	800000009	800000009	800010009	801110109	899999999	899999999	89999	89999	89	89	14	17	7	64	26	0	1	NaN	0	0	0	0	0	0	0	0	0	NaN	NaN	NaN	NaN	0	0	0	0	0	0	0	0	17901	0	0	0	18000	18000	18000	18000	100	NaN	3.0925222981764375	2.8997993474548256	0.43079797937758246	0.020816929611526164	0.07579221190558863	0.003830188553150264	8.92860328250435e-9	NaN	-0.007246156755154124	0.013947343803496218	0.004183756486700295	0.000005859779994272212	NaN	422.4429901428223	4.428759905091715	94508.77891080729	11.390000343322754	-5.1546021547847545	99.82215904426575	99.61269806353252	100.03168218443129	-0.41891972723272125	0.00027272227615079216	-1	0	2.139536435676946	84.5281656244066	1.0000479684289958	-273.1499938964844	9.00030638080173	-273.1499938964844	245
DATA	2026-02-06T210000_AIU-0547.ghg	2026-02-06	21:30:00	37.895	0	18000	18000	0.227274432645188	1	NaN	-13.284503881226405	0	NaN	1.5570729929165403	2	NaN	0.5887058615837681	0	NaN	0.034594661757956946	2	NaN	-0.0027103652403832053	0	NaN	NaN	NaN	NaN	NaN	NaN	NaN	NaN	NaN	NaN	-1.4899838112045648e-11	-1.4797326104055827e-13	-8.339172382106929e-14	NaN	17.26994492354008	422.98840453716133	424.7727824487225	0.1	0	171.51126402246584	4.200782124679965	4.218503137251839	0.1	1	0.09665678691533153	2.136688781646011	2.1457024099747155	-0.3	0	NaN	NaN	NaN	NaN	9	273.8943330476548	274.16552991061747	94124.83221875	1.1941490660338137	1007.4301058150271	0.02421690601667608	0.00224173408191561	0.0031258367659190815	395.50397397746946	655.8771912107677	0.0026176269402454736	60.30152889557845	260.37321723329825	267.30694201713146	0.22796834236431243	-0.9926320368519856	0.050991225357786094	1.0197490038087216	-4.2847372177050675e-14	-8.627611829691583e-16	1.0197490038087216	9.621591467665686	49.06571297618683	282.93428702381317	2.8661963604095337	NaN	0.43626062729181625	2.94068478429202	521.490940868873	0.005560978672358556	-8.531715559681832	-0.025311964467101558	0	56.226913815420374	-8.532651096311866	19.300880012505832	48.061920248003474	73.29746090315595	102.80073110898863	154.0142279471212	0.2253835829347066	1.0083894740063175	-13.056231331950123	1.0126152529892565	1.4235317309150488	1.093809824608301	0.5382159204819602	1.093809824608301	0.03162767510370961	1.093809824608301	0.0016020890477196502	1.1690713583489876	NaN	NaN	800000009	800000009	800000009	800000009	800000009	801110019	899999999	899999999	89999	89999	89	89	11	17	5	50	19	0	0	NaN	0	0	0	0	0	0	0	0	0	NaN	NaN	NaN	NaN	0	0	0	0	0	0	0	0	18000	0	0	0	18000	18000	18000	18000	100	NaN	2.689920362694373	2.765342390785854	0.42610681510381304	0.023538120591220273	0.061121700306958446	0.005706758658815994	6.092743161935765e-9	NaN	-0.010852864179755868	0.01308892282482324	0.0007691563604999564	0.0000016020890477196503	NaN	422.98838303347304	4.2007760171844115	94531.13881770833	11.383608530362446	-5.846980187177639	99.88647786596087	99.68194254112242	100.09095837508308	-0.40905702965375457	0.00027237452084955297	-1	0	2.1328397657142744	84.38331774894291	1.000017073209087	-273.1499938964844	9.000103439834383	-273.1499938964844	217
DATA	2026-02-06T213000_AIU-0547.ghg	2026-02-06	22:00:00	37.916	0	18000	18000	0.4656385333410624	0	NaN	-11.934052296452993	1	NaN	5.01329194497088	2	NaN	1.1325966109227226	1	NaN	0.11135547731960123	2	NaN	0.003691032725390113	1	NaN	NaN	NaN	NaN	NaN	NaN	NaN	NaN	NaN	NaN	-1.0148478782748013e-10	-9.525977302176791e-13	-5.672471007282092e-13	NaN	17.309296276528997	423.30466643104376	424.99333246110047	0.2	0	162.4755463125873	3.97339417133387	3.9892450142214	0.1	1	0.09674994980723564	2.1358069164317426	2.1443271735244576	-0.3	0	NaN	NaN	NaN	NaN	9	273.5966618999905	273.8948500035604	94173.676984375	1.1960524915641555	1007.3028399899636	0.024180448888147594	0.00721583493031016	0.0029610932586667596	374.28951149827316	643.1969788015018	0.00247572182621713	58.19205062121153	268.90746730322866	266.5864667020851	-0.05291633271964796	-0.7828118763706534	0.07531359661656246	0.7882047385615513	1.6888171201682e-14	-5.863022170640822e-15	0.7882047385615513	9.57812061390616	65.8671834495018	266.1328165504982	5.483022785195959	NaN	0.6239493494845424	2.646590572307428	1698.8597539519412	0.0017070273124393748	-2.3804822115785065	-0.015875532517586523	0	74.72612981559918	-11.3399784947711	25.651062231593894	63.87477184732678	97.4130573231087	136.62319797964813	204.6864465797787	0.46123604570535987	1.009544977407327	-11.5376066654134	1.0129495878580448	4.593973304965923	1.0912758111919563	1.0378646711555288	1.0912758111919563	0.10204155189509072	1.0912758111919563	0.006961992297080797	1.1661557577203547	NaN	NaN	800000009	800000009	800000009	800000009	800000009	800100109	899999999	899999999	89999	89999	89	89	15	19	9	31	18	0	0	NaN	0	0	0	0	0	0	0	0	0	NaN	NaN	NaN	NaN	0	0	0	0	0	0	0	0	18000	0	0	0	18000	18000	18000	18000	100	NaN	2.9490054280876423	1.9161158563975498	0.42805986012966396	0.010202573641052204	0.08245171735411402	0.010723751844642256	3.5994018364317903e-9	NaN	-0.00957646951736027	0.02519617482248027	0.0024772562860660417	0.000006961992297080797	NaN	423.3046083930386	3.9733831690274144	94580.76757530382	11.380000114440918	-6.569061392890123	99.92791086069744	99.73021320703296	100.12567416360643	-0.39538218941401443	0.00027215971602870725	-1	0	2.1321617284880743	84.41082532235252	1.0000099292165703	-273.1499938964844	9.000064369546042	-273.1499938964844	209
DATA	2026-02-06T220000_AIU-0547.ghg	2026-02-06	22:30:00	37.937	0	18000	17998	0.19753434078500112	1	NaN	-9.26668434648136	1	NaN	8.532650123628443	1	NaN	0.6839342067297884	0	NaN	0.1894613210542462	1	NaN	-0.00004219385963441568	0	NaN	NaN	NaN	NaN	NaN	NaN	NaN	NaN	NaN	NaN	2.8097455025320228e-11	2.446332441273323e-13	1.5706148326130668e-13	NaN	17.33046226997648	423.1579755868757	424.72276739102153	0.1	0	150.8893671512286	3.684266359813919	3.6978903729171377	0.1	1	0.09687525461910036	2.134624845092464	2.1425184537569213	-0.2	0	NaN	NaN	NaN	NaN	9	273.20734639697605	273.52592152320017	94206.01248394097	1.198208123818297	1007.1409133778935	0.02413958994317422	0.012277093604315153	0.002750273765944579	347.1731432341003	626.2641019649941	0.002295322249343759	55.43558095455166	279.0909587308938	265.61073758527397	0.7900508657645859	-1.0837199392844101	0.06394922648876802	1.3427922832809498	-3.678046985439355e-15	1.6212755659724454e-15	1.3427922832809498	11.035618218453534	25.907294072520017	306.10203368518694	2.7296904170521827	NaN	0.40602724264795875	3.588340467048582	603.007606140793	0.004809226236066572	-1.0860265230869182	-0.01891240229578724	0	50.966240066600776	-7.734323559119275	17.495060949695027	43.56517545072471	66.43964135975762	93.18254169030844	139.6044275343528	0.19606381698681058	1.007500230388198	-8.727024958791732	1.0123024242127947	7.78742198570655	1.0956963856960267	0.624200477119698	1.0956963856960267	0.1729140695612438	1.0956963856960267	0.0023685256386832615	1.169367524302606	NaN	NaN	800000009	800000009	800000009	800100009	800100009	800110109	899999999	899999999	89999	89999	89	89	9	20	5	48	56	13	0	NaN	0	0	0	0	0	0	0	0	0	NaN	NaN	NaN	NaN	0	0	0	0	0	0	0	0	18000	0	0	0	18000	18000	18000	18000	100	NaN	3.321522165614139	3.3833229389848807	0.4718358294981448	0.016004214328064037	0.0358316266327243	0.006318297487771817	3.526338338210172e-9	NaN	-0.007231755248580397	0.01512367816491145	0.0041895141610535595	0.0000023685256386832616	NaN	423.15779930202496	3.684259231126713	94611.00181944444	11.370276002989876	-7.544265966772993	100.06193097347685	99.87679348225065	100.24703110800849	-0.37025695639186545	0.0002716952457639208	-1	0	2.131242000354661	84.18617993335722	1.0000382520175641	-273.1499938964844	9.000251228200066	-273.1499938964844	160
DATA	2026-02-06T223000_AIU-0547.ghg	2026-02-06	23:00:00	37.958	0	18000	18000	0.4497663763059852	1	NaN	2.2389501044939237	2	NaN	6.557296559556504	1	NaN	-0.7581636809240531	2	NaN	0.14556664229724692	1	NaN	-0.01691753021624652	1	NaN	NaN	NaN	NaN	NaN	NaN	NaN	NaN	NaN	NaN	-3.632264403688537e-10	-3.0500322784349097e-12	-2.031047133559295e-12	NaN	17.360290270547342	423.34633291903475	424.85663977198624	0.1	1	145.77530653990704	3.5548623031101023	3.567544432327253	0.1	1	0.09707324102272587	2.13645762559269	2.1440795330997764	0	1	NaN	NaN	NaN	NaN	9	272.96416902181835	273.28408833260266	94222.05035525173	1.1995313765515268	1007.0674765483099	0.024114142091269164	0.0094327184208616	0.0026564751736620294	335.0362607597319	615.3800467043004	0.0022145941536760782	54.443796569946635	280.34378594456854	265.15188185639147	0.7393837310293859	-0.8652970885628002	0.09648725415084058	1.1422509108773011	-1.3193796313849387e-13	-2.0922832205466442e-14	1.1422509108773011	12.00321930751134	21.486594643062688	310.5134053569373	4.845614933117234	NaN	0.6123330299512902	5.3887450399088745	-8561.358426513429	-0.0003387312918729196	0.3414440820479458	0.003026819658286619	0	63.865213055874904	-9.691792474797913	21.922860966744075	54.591023554833555	83.25475540773672	116.76597823113477	174.9367129373085	0.44447308933589563	1.011909128127416	2.5484141319329545	1.0144875781132856	6.036827390031258	1.0862156785176114	-0.6979863170072633	1.0862156785176114	0.1340126506882185	1.0862156785176114	-0.01730102628573202	1.1480219045178723	NaN	NaN	800000009	800000009	800000009	800000009	800000019	800000019	899999999	899999999	89999	89999	89	89	7	4	4	57	37	23	1	NaN	0	0	0	0	0	0	0	0	0	NaN	NaN	NaN	NaN	0	0	0	0	0	0	0	0	18000	0	0	0	18000	18000	18000	18000	100	NaN	5.301977479207151	4.864990320770962	0.6105222798396357	0.029323435427094095	0.16986079864329234	0.0012858709980878185	7.99023657752441e-8	NaN	0.0021095985668090006	-0.01689140394808531	0.003243132081204961	-0.00001730102628573202	NaN	423.34610630495104	3.554860765983402	94627.19094314236	11.369999885559082	-8.001102582308985	100.14765143712361	99.96898046218024	100.32628633117676	-0.35731038305328955	0.00027098763571767554	-1	0	2.133190804024538	83.69462515828879	1.000019804323713	-273.1499938964844	9.00013183784485	-273.1499938964844	172
DATA	2026-02-06T230000_AIU-0547.ghg	2026-02-06	23:30:00	37.979	0	18000	18000	0.3401100503271426	0	NaN	-16.7428196896171	0	NaN	1.6163041209354403	1	NaN	0.4488308526159578	0	NaN	0.03586838583697995	1	NaN	0.0018411874651353204	1	NaN	NaN	NaN	NaN	NaN	NaN	NaN	NaN	NaN	NaN	-2.1305794120621874e-10	-1.783160395208704e-12	-1.1927441187018803e-12	NaN	17.412755443995902	423.99740035475673	425.507351672362	0.2	0	145.73376473742985	3.5485904336805043	3.561227772486106	0.1	1	0.0974803451522982	2.141818900254061	2.1494464052052815	-0.1	0	NaN	NaN	NaN	NaN	9	272.600491575453	272.9238822631836	94242.56018728299	1.2013788292261864	1007.0591677037079	0.0240771170968496	0.002324271402236301	0.0026558661675871627	334.51795436333646	599.4791867056226	0.0022106816792317025	55.801429270905324	264.96123234228617	265.13195906809204	0.7859337403150397	-0.4992261748029737	0.12798169560325784	0.9398393118950726	-1.0337231268506584e-14	-1.2235739592821499e-14	0.9398393118950726	10.073077386579145	4.4237681039829795	327.576231896017	7.826513147294715	NaN	0.5320711920670567	2.9943198761620913	751.2242711855449	0.0038603651549002317	-10.35870630579544	-0.02600901425606238	0	65.21997345997862	-9.89738259281974	22.387906373488924	55.74905237197501	85.02082242110536	119.24291232850604	178.6476115716586	0.337172703657708	1.0087116977073463	-16.469043706039358	1.0126730566984572	1.4791837991584131	1.0926999889094529	0.41075396464852565	1.0926999889094529	0.03282546554500991	1.0926999889094529	0.006986883738591684	1.167715894671569	NaN	NaN	800000009	800000009	800000009	800000009	800000009	800100009	899999999	899999999	89999	89999	89	89	1	6	3	30	20	0	5	NaN	0	0	0	0	0	0	0	0	0	NaN	NaN	NaN	NaN	0	0	0	0	0	0	0	0	18000	0	0	0	18000	18000	18000	18000	100	NaN	1.9517730281673003	3.5994705252650747	0.437396198891808	0.008676809304196271	0.06251299579321735	0.004342223282756011	4.024431756192231e-9	NaN	-0.01361235981268052	0.009925000514044477	0.000793157925296588	0.000006986883738591684	NaN	423.9973065113318	3.5485857646792027	94649.18362934027	11.369999885559082	-8.022543396976241	100.17583212746514	99.99347049840291	100.35817237006293	-0.364740176960826	0.00027088986956934813	-1	0	2.1385376243425744	83.83915611094892	1.0000337014661895	-273.1499938964844	9.000254939662085	-273.1499938964844	209
