DATAH	filename	date	time	DOY	daytime	file_records	used_records	Tau	qc_Tau	rand_err_Tau	H	qc_H	rand_err_H	LE	qc_LE	rand_err_LE	co2_flux	qc_co2_flux	rand_err_co2_flux	h2o_flux	qc_h2o_flux	rand_err_h2o_flux	ch4_flux	qc_ch4_flux	rand_err_ch4_flux	none_flux	qc_none_flux	rand_err_none_flux	H_strg	LE_strg	co2_strg	h2o_strg	ch4_strg	none_strg	co2_v-adv	h2o_v-adv	ch4_v-adv	none_v-adv	co2_molar_density	co2_mole_fraction	co2_mixing_ratio	co2_time_lag	co2_def_timelag	h2o_molar_density	h2o_mole_fraction	h2o_mixing_ratio	h2o_time_lag	h2o_def_timelag	ch4_molar_density	ch4_mole_fraction	ch4_mixing_ratio	ch4_time_lag	ch4_def_timelag	none_molar_density	none_mole_fraction	none_mixing_ratio	none_time_lag	none_def_timelag	sonic_temperature	air_temperature	air_pressure	air_density	air_heat_capacity	air_molar_volume	ET	water_vapor_density	e	es	specific_humidity	RH	VPD	Tdew	u_unrot	v_unrot	w_unrot	u_rot	v_rot	w_rot	wind_speed	max_wind_speed	wind_dir	yaw	pitch	roll	u*	TKE	L	(z-d)/L	bowen_ratio	T*	model	x_peak	x_offset	x_10%	x_30%	x_50%	x_70%	x_90%	un_Tau	Tau_scf	un_H	H_scf	un_LE	LE_scf	un_co2_flux	co2_scf	un_h2o_flux	h2o_scf	un_ch4_flux	ch4_scf	un_none_flux	un_none_scf	spikes_hf	amplitude_resolution_hf	drop_out_hf	absolute_limits_hf	skewness_kurtosis_hf	skewness_kurtosis_sf	discontinuities_hf	discontinuities_sf	timelag_hf	timelag_sf	attack_angle_hf	non_steady_wind_hf	u_spikes	v_spikes	w_spikes	ts_spikes	co2_spikes	h2o_spikes	ch4_spikes	none_spikes	head_detect_LI-7200	t_out_LI-7200	t_in_LI-7200	aux_in_LI-7200	delta_p_LI-7200	chopper_LI-7200	detector_LI-7200	pll_LI-7200	sync_LI-7200	chopper_LI-7500	detector_LI-7500	pll_LI-7500	sync_LI-7500	not_ready_LI-7700	no_signal_LI-7700	re_unlocked_LI-7700	bad_temp_LI-7700	laser_temp_unregulated_LI-7700	block_temp_unregulated_LI-7700	motor_spinning_LI-7700	pump_on_LI-7700	top_heater_on_LI-7700	bottom_heater_on_LI-7700	calibrating_LI-7700	motor_failure_LI-7700	bad_aux_tc1_LI-7700	bad_aux_tc2_LI-7700	bad_aux_tc3_LI-7700	box_connected_LI-7700	mean_value_RSSI_LI-7200	mean_value_LI-7500	u_var	v_var	w_var	ts_var	co2_var	h2o_var	ch4_var	none_var	w/ts_cov	w/co2_cov	w/h2o_cov	w/ch4_cov	w/none_cov	co2_mean	h2o_mean	air_p_mean	vin_sf_mean	dew_point_mean	avg_signal_strength_7200_mean	co2_signal_strength_7200_mean	h2o_signal_strength_7200_mean	delta_signal_strength_7200_mean	flowrate_mean	hit_power_mean	hit_vin_mean	ch4_mean	rssi_77_mean	ch4_aux-1_mean	ch4_aux-2_mean	ch4_aux-3_mean	ch4_aux-4_mean	CHK
DATAU		[yyyy-mm-dd]	[HH:MM]	[ddd.ddd]	[1=daytime]	[#]	[#]	[kg+1m-1s-2]	[#]	[kg+1m-1s-2]	[W+1m-2]	[#]	[W+1m-2]	[W+1m-2]	[#]	[W+1m-2]	[µmol+1s-1m-2]	[#]	[µmol+1s-1m-2]	[mmol+1s-1m-2]	[#]	[mmol+1s-1m-2]	[µmol+1s-1m-2]	[#]	[µmol+1s-1m-2]	[µmol+1s-1m-2]	[#]	[µmol+1s-1m-2]	[W+1m-2]	[W+1m-2]	[µmol+1s-1m-2]	[mmol+1s-1m-2]	[µmol+1s-1m-2]	[µmol+1s-1m-2]	[µmol+1s-1m-2]	[mmol+1s-1m-2]	[µmol+1s-1m-2]	[µmol+1s-1m-2]	[mmol+1m-3]	[µmol+1mol_a-1]	[µmol+1mol_d-1]	[s]	[1=default]	[mmol+1m-3]	[mmol+1mol_a-1]	[mmol+1mol_d-1]	[s]	[1=default]	[mmol+1m-3]	[µmol+1mol_a-1]	[µmol+1mol_d-1]	[s]	[1=default]	[mmol+1m-3]	[µmol+1mol_a-1]	[µmol+1mol_d-1]	[s]	[1=default]	[K]	[K]	[Pa]	[kg+1m-3]	[J+1kg-1K-1]	[m+3mol-1]	[mm]	[kg+1m-3]	[Pa]	[Pa]	[kg+1kg-1]	[%]	[Pa]	[K]	[m+1s-1]	[m+1s-1]	[m+1s-1]	[m+1s-1]	[m+1s-1]	[m+1s-1]	[m+1s-1]	[m+1s-1]	[deg_from_north]	[deg]	[deg]	[deg]	[m+1s-1]	[m+2s-2]	[m]	[#]	[#]	[K]	[0=KJ/1=KM/2=HS]	[m]	[m]	[m]	[m]	[m]	[m]	[m]	[kg+1m-1s-2]	[#]	[W+1m-2]	[#]	[W+1m-2]	[#]	[µmol+1s-1m-2]	[#]	[mmol+1s-1m-2]	[#]	[µmol+1s-1m-2]	[#]	[µmol+1s-1m-2]	[#]	8u/v/w/ts/co2/h2o/ch4/none	8u/v/w/ts/co2/h2o/ch4/none	8u/v/w/ts/co2/h2o/ch4/none	8u/v/w/ts/co2/h2o/ch4/none	8u/v/w/ts/co2/h2o/ch4/none	8u/v/w/ts/co2/h2o/ch4/none	8u/v/w/ts/co2/h2o/ch4/none	8u/v/w/ts/co2/h2o/ch4/none	8co2/h2o/ch4/none	8co2/h2o/ch4/none	8aa	8U	[#]	[#]	[#]	[#]	[#]	[#]	[#]	[#]	[#_flagged_recs]	[#_flagged_recs]	[#_flagged_recs]	[#_flagged_recs]	[#_flagged_recs]	[#_flagged_recs]	[#_flagged_recs]	[#_flagged_recs]	[#_flagged_recs]	[#_flagged_recs]	[#_flagged_recs]	[#_flagged_recs]	[#_flagged_recs]	[#_flagged_recs]	[#_flagged_recs]	[#_flagged_recs]	[#_flagged_recs]	[#_flagged_recs]	[#_flagged_recs]	[#_flagged_recs]	[#_flagged_recs]	[#_flagged_recs]	[#_flagged_recs]	[#_flagged_recs]	[#_flagged_recs]	[#_flagged_recs]	[#_flagged_recs]	[#_flagged_recs]	[#_flagged_recs]	[#]	[#]	[m+2s-2]	[m+2s-2]	[m+2s-2]	[K+2]	--	--	--	--	[m+1s-1K+1]	--	--	--	--	--	--	--	--	--	--	--	--	--	--	--	--	--	--	--	--	--	--	207
DATA	2026-07-13T233000_AIU-0547.ghg	2026-07-14	00:00:00	195	0	18000	18000	0.014480518064686842	0	NaN	21.87541353628164	0	NaN	3.7806005702689087	2	NaN	-1.0684415217094974	1	NaN	0.08546684118776246	2	NaN	0.014724372593585033	2	NaN	NaN	NaN	NaN	NaN	NaN	NaN	NaN	NaN	NaN	1.8168458834156583e-10	9.133484604012064e-12	9.499306768591823e-13	NaN	16.671310269469238	426.1476845842614	435.47686809038095	0.3	0	838.085151111685	21.42291402762465	21.891902369998277	0.1	1	0.08716528569079104	2.106489947677567	2.152605019955507	0	1	NaN	NaN	NaN	NaN	9	294.08594828033455	292.29700286695686	95984.50387803819	1.1347546003844182	1017.373049150029	0.025318225168134808	0.0055382513089670075	0.015247550522539437	2056.8193466265598	2210.8990642829835	0.013436870418832458	93.03090221776392	154.07971765642378	291.1074374251596	0.9708530034704307	0.17099990485497163	0.3096248809246545	1.0332783210227718	2.0881121333056115e-15	1.0898038930646698e-14	1.0332783210227718	2.370267070521915	322.01074213086133	9.989257869138688	17.43675875730748	NaN	0.11296426315223987	0.15262870056773972	-5.593853742849916	-0.5184261393510315	5.786227116483156	0.16773860122728973	1	16.155551420411808	7	13	21	32	52	121	0.014298501569774011	1.0127297601098006	21.91987016486604	1.0149466556293807	3.4811876281377008	1.0860088493108262	-0.9838239553826132	1.0860088493108262	0.07869810751726299	1.0860088493108262	0.006543215445661079	1.1483167511520953	NaN	NaN	800000009	800000009	800000009	800000009	800000009	800010009	899999999	899999999	89999	89999	89	89	1	8	0	60	5	0	0	NaN	0	0	0	0	0	0	0	0	0	NaN	NaN	NaN	NaN	0	0	0	0	0	0	0	0	15124	0	0	0	18000	18000	18000	18000	93	NaN	0.11901447187169727	0.1585914662412183	0.0276514630225639	0.07002857744624688	9.23038799117558	0.032261748190889644	3.240203127457844e-7	NaN	0.01898697578957034	-0.025454124214230787	0.0020361278999251977	0.000006543215445661079	NaN	426.1473185908114	21.42287169303412	96377.12910915799	11.420000076293945	17.95097172514595	91.18965583843655	90.35971058697172	92.01960447226631	-1.6598939516279427	0.0002841357044494039	-1	0	2.087728266378242	51.88426652876538	1.0001100532909235	-295.27549482557964	9.000960604535209	-273.1499938964844	009
DATA	2026-07-14T000000_AIU-0547.ghg	2026-07-14	00:30:00	195.02	0	18000	18000	0.04965958693109488	1	NaN	32.39175746967479	0	NaN	6.207679976049606	1	NaN	-0.19451160938618214	1	NaN	0.14029849355170962	1	NaN	-0.012162713319964142	1	NaN	NaN	NaN	NaN	NaN	NaN	NaN	NaN	NaN	NaN	-1.5934595379016186e-10	-7.916100139570943e-12	-8.24521219530078e-13	NaN	16.75457336296531	427.81211657591655	437.10190928796305	0.1	1	832.345455797887	21.253150614646138	21.714655457632347	0.1	1	0.0866950238355612	2.092403030145837	2.1378388410239597	-0.1	0	NaN	NaN	NaN	NaN	9	293.8031491453383	292.0270668420654	95987.78716404372	1.135915873798075	1017.271251895985	0.02529397859308511	0.009091342382150782	0.015141223403366735	2040.5901176757147	2173.974418855504	0.01332952884331142	93.86449536742893	133.38430117978942	290.98156948952663	0.986918436287778	0.30033131124038454	0.35071153665546817	1.089589591699269	-2.120890745246255e-14	-9.510594530707883e-15	1.089589591699269	2.493155983170821	315.0743556294196	16.92564437058044	18.77634861468242	NaN	0.20908769121161594	0.2139581821461788	-23.954676009503423	-0.12106195879457926	5.218013427665129	0.1340673746099382	0	74.01488951972117	-11.23204503588899	25.40691645372202	63.26681433982651	96.48588376435701	135.32282388032522	202.73824921980741	0.04905694221062118	1.0122845960901172	32.49841114626148	1.014694561951868	5.715611956390861	1.0860919221621657	-0.17909313697771834	1.0860919221621657	0.1291773658277531	1.0860919221621657	-0.02127976643293288	1.1481388094354374	NaN	NaN	800000009	800000009	800000009	800000019	800000019	800010019	899999999	899999999	89999	89999	89	89	5	0	1	38	12	0	0	NaN	0	0	0	0	0	0	0	0	0	NaN	NaN	NaN	NaN	0	0	0	0	0	0	101	0	13534	0	0	16	18000	18000	18000	18000	93	NaN	0.1706065753300765	0.2080779278258157	0.04923186113646536	0.08169922215460994	7.298036811762167	0.015160985692220673	2.3166391795091468e-7	NaN	0.028124135951634516	-0.004628371842794613	0.0033383796432017165	-0.00002127976643293288	NaN	427.8121227970375	21.253124241511273	96383.20868467882	11.391955325921378	17.825741978645315	90.84443234761557	89.96944536802502	91.71942065811157	-1.7499752719799688	0.0002838326570151063	-1	0	2.0738091593053594	48.637906778547496	1.0001083527505399	-273.1499938964844	9.0009155957169	-273.1499938964844	215
DATA	2026-07-14T003000_AIU-0547.ghg	2026-07-14	01:00:00	195.041	0	18000	18000	0.05055714112358925	0	NaN	28.076231168582478	0	NaN	1.1699696267696211	1	NaN	5.07181781440334	0	NaN	0.026438154309069123	1	NaN	-0.01530016853315609	1	NaN	NaN	NaN	NaN	NaN	NaN	NaN	NaN	NaN	NaN	4.917592106726066e-12	2.421811952981721e-13	2.521244680317665e-14	NaN	16.753100222768072	427.56369919199824	436.76039866340363	0.1	1	825.0553825622641	21.056623951140228	21.50954229459874	0.1	1	0.08589298156248157	2.071412837672289	2.115967979713776	0.1	0	NaN	NaN	NaN	NaN	9	293.61654613664416	291.8668827939429	95960.63162069983	1.1363028788664868	1017.1559817274727	0.02528725814498911	0.001713192399227679	0.015005200165444285	2021.1489405711757	2152.3190673774425	0.013205282187098431	93.90563746823584	131.1701268062668	290.82962954659706	0.979307937861936	0.2039580192639689	0.3232473695677546	1.0512524781012151	-8.851833585394517e-15	2.9353325899900485e-16	1.0512524781012151	3.0388164361375525	320.2353259977429	11.764674002257147	17.907902007270387	NaN	0.21093284016498168	0.23294017866236513	-28.36800440404382	-0.10222784650959124	23.99740174973873	0.11516299337430036	0	76.40947642630388	-11.595432837338329	26.22890065003043	65.31367121176687	99.60746964297445	139.70089245988157	209.29739374053122	0.049928911433295156	1.0125824832198356	27.919908288834403	1.0148624750683106	1.0772912397685968	1.0860290918367923	4.670057047758651	1.0860290918367923	0.02434387302125994	1.0860290918367923	-0.022449297832248326	1.148253544423595	NaN	NaN	800000009	800000009	800000009	800000019	800000019	800010019	899999999	899999999	89999	89999	89	89	6	2	0	33	5	0	4	NaN	0	0	0	0	0	0	0	0	0	NaN	NaN	NaN	NaN	0	0	0	0	0	0	101	0	14526	0	0	11	18000	18000	18000	18000	93	NaN	0.21089840789318123	0.20871110780394514	0.04627084162760394	0.06014140536358457	11.451521643191555	0.004522583884611556	1.6820851716424193e-7	NaN	0.024156406150493734	0.12063375918709966	0.0006288344843961685	-0.000022449297832248326	NaN	427.5634648871823	21.05660762836671	96356.64230555555	11.392683482170105	17.673943421151904	90.660777692159	89.76080966398452	91.56074663458928	-1.799936225871242	0.00028378195622483167	-1	0	2.0533585976989737	42.604494716695946	1.0001193504068586	-273.1499938964844	9.001008820056915	-273.1499938964844	049
DATA	2026-07-14T010000_AIU-0547.ghg	2026-07-14	01:30:00	195.062	0	18000	18000	0.018714279458899124	0	NaN	26.544258866441456	0	NaN	4.352042256480528	2	NaN	4.012263552338218	1	NaN	0.09833645644309806	2	NaN	-0.012966319952527668	1	NaN	NaN	NaN	NaN	NaN	NaN	NaN	NaN	NaN	NaN	-1.6349781735283139e-10	-7.99763248615779e-12	-8.383828043129521e-13	NaN	16.824856952445927	429.3093366384431	438.51823056518424	0.1	0	823.0019502184448	21.000025278019432	21.450486026808203	0.1	1	0.08627436734225988	2.07977801552102	2.124390264781817	0	0	NaN	NaN	NaN	NaN	9	293.51477245924207	291.7831458567506	95955.65219082075	1.1365945186166273	1017.1221524689605	0.02528131505821903	0.006372202377512754	0.01496838519366047	2015.611643073158	2141.0740094419443	0.013169503238392177	94.14021347157974	125.46236636878643	290.78611894052267	0.8088786893760018	-0.04721102116958347	0.3095529626901684	0.8673734209420925	-3.3045763588669383e-14	-9.717634914516331e-15	0.8673734209420925	2.4403091326336908	335.34033639058146	356.6596636094184	20.90904422285072	NaN	0.12831687566284714	0.16695299200460306	-6.754520961592397	-0.4293420682961826	6.099264966215573	0.17894029831293345	1	10.97065717424606	5	9	15	23	37	88	0.018448952685764807	1.0143816712879883	26.554916278292087	1.0159254135064417	4.006912478758891	1.0861335952684792	3.694079227285511	1.0861335952684792	0.09053808561992825	1.0861335952684792	-0.020075609672028333	1.1492386847502125	NaN	NaN	800000009	800000009	800000009	800000019	800000019	800010019	899999999	899999999	89999	89999	89	89	0	2	0	43	6	0	3	NaN	0	0	0	0	0	0	0	0	0	NaN	NaN	NaN	NaN	0	19	0	0	0	0	101	0	14330	17995	0	11	18000	18000	18000	18000	93	NaN	0.1196361473786651	0.17626864956868515	0.03800118706185587	0.0766006470181267	8.673727625733209	0.0151135019667713	2.6621902442078333e-7	NaN	0.022970278781793353	0.0953950159038181	0.0023380338065897054	-0.000020075609672028333	NaN	429.3093838126099	20.99999930134178	96354.91516059029	11.399999618530273	17.630777259402826	90.61798268508909	89.71194962098862	91.52401382700603	-1.812063771267733	0.0002835284523801723	-1	0	2.0605572088410447	52.255424631709445	1.0001150841712951	-273.1499938964844	9.001031183666653	-273.1499938964844	237
DATA	2026-07-14T013000_AIU-0547.ghg	2026-07-14	02:00:00	195.083	0	18000	18000	0.0676653379295728	1	NaN	15.337080403278504	1	NaN	-0.8020217126904888	2	NaN	3.628502395564162	1	NaN	-0.01812022868591231	2	NaN	-0.026057769407084753	1	NaN	NaN	NaN	NaN	NaN	NaN	NaN	NaN	NaN	NaN	2.096215557319159e-10	1.0243316734839285e-11	1.079704968757049e-12	NaN	16.778661858744645	428.1043507533143	437.251496694003	0.1	0	819.9020716442509	20.9196446663966	21.36662690905347	0.1	1	0.08642243167563099	2.082333246731789	2.1268256843150253	0	0	NaN	NaN	NaN	NaN	9	293.39391086832677	291.6783845087688	95926.64803059897	1.1366938930970216	1017.0742893585666	0.025279879351484954	-0.0011741908188471178	0.014911938388080425	2007.2896806560068	2127.078059141692	0.013118693149174531	94.36840702808897	119.78837848568514	290.72052952533113	0.651406280217964	-0.005789416583808752	0.32568746525222403	0.7283103626025172	-2.0294031327673226e-14	1.2493341691767039e-14	0.7283103626025172	2.184176084839192	332.5092066392501	359.4907933607496	26.563043122251464	NaN	0.2439840096004286	0.20122472895280233	-80.34416686883247	-0.036094717426524	-19.123023928901155	0.054373229349631916	0	86.11619731720745	-13.068465181301816	29.560903822838977	73.6108302352858	112.26116067311821	157.44787404829867	235.8856060834378	0.0665776824422032	1.0163366378562937	15.134219444352013	1.0171363673781033	-0.7379533370311754	1.0868190066286088	3.33864458887229	1.0868190066286088	-0.016672719721862957	1.0868190066286088	-0.028319861533041783	1.1506477346035435	NaN	NaN	800000009	800000009	800000009	800000009	800000019	800000019	899999999	899999999	89999	89999	89	89	7	0	0	29	1	0	10	NaN	0	0	0	0	0	0	0	0	0	NaN	NaN	NaN	NaN	0	0	0	0	0	0	0	0	14029	18000	0	0	18000	18000	18000	18000	93	NaN	0.15233567834992132	0.20420479618136422	0.045908983374319076	0.07216435249212258	12.729805434461092	0.00799246942119568	8.542035492427847e-8	NaN	0.01309072875595555	0.08620438116031713	-0.0004304925090478354	-0.000028319861533041784	NaN	428.10424354952085	20.919625412259432	96327.31934374999	11.387966583569842	17.5655531493293	90.52903068712024	89.61032737520004	91.44773083623251	-1.8374033469359063	0.0002839814130436733	-1	0	2.0642083948254593	54.88729620361329	1.0000931364893912	-335.28712150575626	9.000812870873345	-298.8284949747788	219
DATA	2026-07-14T020000_AIU-0547.ghg	2026-07-14	02:30:00	195.104	0	18000	18000	0.026369827520206682	1	NaN	33.49262725193408	0	NaN	7.820245694773436	1	NaN	3.7955495126535808	0	NaN	0.176690367087924	1	NaN	-0.0014679193761191049	0	NaN	NaN	NaN	NaN	NaN	NaN	NaN	NaN	NaN	NaN	-2.4679855041267515e-10	-1.208422849990087e-11	-1.2709255596631358e-12	NaN	16.82250832078431	429.3730546330905	438.5939641774804	0.1	1	823.6962257271052	21.023794893489796	21.47528692099565	0.1	1	0.08662998938519093	2.0877844158500376	2.1326201852096003	0	0	NaN	NaN	NaN	NaN	9	293.44632809193934	291.71400420040555	95913.60099587674	1.136355402918576	1017.1344189662013	0.025286405741626092	0.011449535787297474	0.014982310825147088	2017.0087709946883	2131.8277752898466	0.013184529053733574	94.61405815113056	114.81900429515827	290.7971070816737	0.7043516528210174	0.0607960391225255	0.31045924388104656	0.7721349307704708	3.215335170850778e-14	-1.4670734334412788e-14	0.7721349307704708	1.9620056544140148	327.06674788705345	4.933252112946529	23.70821154740165	NaN	0.15233389758188798	0.14540632956196403	-8.954052905261056	-0.32387568296542807	4.282810100751497	0.19022173135639558	1	7.4268522720817804	3	6	10	16	27	65	0.025963585809887377	1.015646594938539	33.61443610138923	1.0167045881653287	7.197446409324936	1.0865305901606446	3.4932744158564417	1.0865305901606446	0.1626188610684216	1.0865305901606446	-0.011924374442524565	1.1501231954777673	NaN	NaN	800000009	800000009	800000009	800000009	800000019	800010019	899999999	899999999	89999	89999	89	89	5	1	0	36	0	0	1	NaN	0	0	0	0	0	0	0	0	0	NaN	NaN	NaN	NaN	0	0	0	0	0	0	0	0	12881	606	0	0	18000	18000	18000	18000	93	NaN	0.08541533636582407	0.16994960204184092	0.03544772071626307	0.07197458175791896	12.322902266882599	0.01279200910391963	1.730082405008887e-7	NaN	0.02908260456450621	0.0902298366686645	0.004200378077039948	-0.000011924374442524565	NaN	429.3727472622042	21.023771366441732	96315.77249587674	11.380000114440918	17.642315639813756	90.54044375737512	89.62644785435998	91.4544389046563	-1.827991824527571	0.00028388722210204127	-1	0	2.069498340527216	55.16640273295495	1.0001015715003014	-323.86099602593504	9.00084897547298	-288.97699456108916	213
DATA	2026-07-14T023000_AIU-0547.ghg	2026-07-14	03:00:00	195.124	0	18000	18000	0.030034524873044678	1	NaN	24.94463575425852	0	NaN	4.279486490541191	1	NaN	2.0298999251770313	1	NaN	0.09670300762605591	1	NaN	-0.00706187219247933	0	NaN	NaN	NaN	NaN	NaN	NaN	NaN	NaN	NaN	NaN	-1.5197898958694783e-11	-7.456632465426683e-13	-7.752598927514062e-14	NaN	16.881872192105174	431.3410772894731	440.6669719260932	-0.1	0	828.2849925964126	21.163135044720878	21.620696770230218	0.1	1	0.08611610368423192	2.076841267656239	2.1217440229441347	0.1	0	NaN	NaN	NaN	NaN	9	293.59625985802546	291.84726100413	95874.94405381943	1.1353184580008824	1017.2162846495103	0.02530815691142689	0.0062663548941684225	0.015068647684408973	2029.5586500468496	2149.6794217365264	0.013272617544633686	94.41215418098749	120.12077168967676	290.8955111847856	0.7420519879654773	0.2426346192108939	0.2932557892057655	0.8339734223498236	4.428001100457939e-14	-9.002496160231623e-16	0.8339734223498236	2.5649791927885377	313.8933978937153	18.106602106284686	20.5874650436848	NaN	0.16264905101289984	0.18703633925110794	-14.62997316972296	-0.19822319332762764	5.828885266817136	0.13279894660571895	1	8.154878048033225	4	7	11	18	31	78	0.029596695432065216	1.0147931866915492	24.960843372591235	1.0161766878912832	3.939723387398467	1.086240344748437	1.8687392113456593	1.086240344748437	0.0890254243396303	1.086240344748437	-0.014200423156400792	1.1495137591754132	NaN	NaN	800000009	800000009	800000009	800000009	800000019	800000019	899999999	899999999	89999	89999	89	89	11	7	0	31	4	0	0	NaN	0	0	0	0	0	0	0	0	0	NaN	NaN	NaN	NaN	0	0	0	0	0	0	0	0	13984	0	0	0	18000	18000	18000	18000	93	NaN	0.11189541923493053	0.22357993879613866	0.03859732047114666	0.062178090850957865	17.357442434298306	0.00841418849188191	9.588264758943404e-8	NaN	0.021613656858283065	0.04831716210000726	0.0023017956880898413	-0.000014200423156400792	NaN	431.3409365366759	21.163115142431437	96274.23612868923	11.398696317513783	17.7404406375885	90.73102526219682	89.84265713628133	91.6193975669013	-1.7767394172748034	0.00028364113770658155	-1	0	2.0585594902634616	50.854524276839186	1.0001195575197537	-287.76574451022935	9.001045254362953	-273.1499938964844	127
DATA	2026-07-14T030000_AIU-0547.ghg	2026-07-14	03:30:00	195.145	0	18000	18000	0.01805192845432396	1	NaN	25.223213155837215	0	NaN	3.1993041697766875	1	NaN	5.238478795894119	1	NaN	0.07228648984550885	1	NaN	0.005809150983730706	1	NaN	NaN	NaN	NaN	NaN	NaN	NaN	NaN	NaN	NaN	8.649870907884405e-11	4.244255735080398e-12	4.415733133533417e-13	NaN	16.815976082675007	429.6097622806097	438.8608521896439	0.1	1	825.1140819317068	21.079779303341844	21.533705053451868	0.1	1	0.08584505312476952	2.069234877487552	2.1137931710256845	0.1	0	NaN	NaN	NaN	NaN	9	293.48936533355715	291.7357886404064	95843.53649186931	1.1354162789201028	1017.1665849070938	0.025306780566909697	0.004684164541988973	0.015010112746278542	2020.902537243239	2134.7372023394273	0.013219920327859572	94.66750919169635	113.83466509618825	290.8276955997123	0.8337233981030625	0.12565354179655527	0.318358363360534	0.9012411245788384	2.1114706418143863e-14	5.143841110000213e-15	0.9012411245788384	2.2851713756471317	323.42924616125185	8.570753838748194	20.685884864877238	NaN	0.12609104484904232	0.13719538068224005	-6.7392163311851006	-0.4303170958588342	7.88396845605268	0.173208406110109	1	11.910437573503145	5	9	16	24	40	95	0.017802777302311713	1.0139950721048392	25.185947821486828	1.0156916295427305	2.9457989370679027	1.086056529357401	4.823394228837819	1.086056529357401	0.06655868077905612	1.086056529357401	-0.0024419877179927825	1.1489941886370512	NaN	NaN	800000009	800000009	800000009	800000019	800000019	800010019	899999999	899999999	89999	89999	89	89	10	17	0	38	11	0	0	NaN	0	0	0	0	0	0	0	0	0	NaN	NaN	NaN	NaN	0	0	0	0	0	0	101	0	14369	0	0	16	18000	18000	18000	18000	93	NaN	0.1003991179084779	0.13952182778838684	0.03446981566761539	0.05904030862036238	23.07279228470265	0.004690354584773936	2.0529188384480486e-7	NaN	0.021807761960135483	0.12469380224070924	0.0017206669379927183	-0.0000024419877179927826	NaN	429.60902002354595	21.079762587501467	96242.29680338541	11.399999618530273	17.67258395926158	90.57329793336655	89.66396861818103	91.48262178844875	-1.818651602235109	0.00028418700498878026	-1	0	2.0511182941728157	22.48381659508409	1.0001266913314661	-273.1499938964844	9.00106041232745	-273.1499938964844	229
DATA	2026-07-14T033000_AIU-0547.ghg	2026-07-14	04:00:00	195.166	0	18000	18000	0.025614858362436706	1	NaN	25.170375695690975	0	NaN	8.910929335780681	0	NaN	0.5186589676501687	1	NaN	0.20137979003080628	0	NaN	0.000904012738507411	0	NaN	NaN	NaN	NaN	NaN	NaN	NaN	NaN	NaN	NaN	-1.0169483859959974e-10	-5.032565389467896e-12	-5.195335064819413e-13	NaN	16.89013260669048	431.9883574564361	441.4250439323248	0.1	1	835.8408150351127	21.37777773509248	21.84477038097101	0.1	1	0.0862874649189267	2.0822619271095015	2.127748460780247	0.3	0	NaN	NaN	NaN	NaN	9	293.71878510369197	291.95357933835123	95816.7474531573	1.1341233263240291	1017.3407359361081	0.025332753648371408	0.013049410393996246	0.01520669907164099	2048.8985783237445	2164.0160378259875	0.013408329340098857	94.68037863444431	115.11745950224304	291.04611612432393	0.738672791787636	0.3858072619911585	0.30711913580904765	0.8881480171190704	6.681302989259347e-15	-6.020961526336189e-15	0.8881480171190704	2.440652076902198	304.42202838891365	27.577971611086355	20.23047004149887	NaN	0.1502850699845438	0.17154101896128005	-11.432816316225313	-0.253655785222785	2.82466337092615	0.14516006110864776	1	9.893691049805675	4	8	14	21	36	89	0.025257685605481254	1.0141411514314653	25.462672205172666	1.0157796274161415	8.204651021745853	1.0860826758094753	0.47755017108951087	1.0860826758094753	0.18541847183108284	1.0860826758094753	-0.007311875283928294	1.1490849199780295	NaN	NaN	800000009	800000009	800000009	800000019	800000019	800010119	899999999	899999999	89999	89999	89	89	6	0	0	21	8	0	1	NaN	0	0	0	0	0	0	0	0	0	NaN	NaN	NaN	NaN	0	0	0	0	0	0	101	0	11838	0	0	11	18000	18000	18000	18000	93	NaN	0.119822822594187	0.18110068696536893	0.04215852836300418	0.07675751045402969	11.55406302493041	0.027117088244879337	2.87513408127692e-7	NaN	0.02206872594410332	0.01236200389887112	0.0047997969856636005	-0.0000073118752839282935	NaN	431.98817321685783	21.377739617384638	96219.54032139757	11.399999618530273	17.891215595033422	90.73822284317013	89.85412913852267	91.62231831995646	-1.768188823229729	0.00028415724704326654	-1	0	2.063710260960792	34.7267187531944	1.0001290864944459	-273.1499938964844	9.001088170501921	-273.1499938964844	190
DATA	2026-07-14T040000_AIU-0547.ghg	2026-07-14	04:30:00	195.187	0	18000	18000	0.07781080397484332	1	NaN	28.732005612334305	1	NaN	11.671473224266768	1	NaN	2.971933705543394	1	NaN	0.2637791667159459	1	NaN	-0.023047159299340602	1	NaN	NaN	NaN	NaN	NaN	NaN	NaN	NaN	NaN	NaN	3.8555496509186055e-10	1.90759784059569e-11	1.963391074427314e-12	NaN	16.88458868403668	432.02006566107394	441.45615439566257	0.1	1	835.3933376358109	21.374917170440842	21.841783483250016	0.1	1	0.08598268397273946	2.075426493878676	2.120757509993375	0.2	0	NaN	NaN	NaN	NaN	9	293.7687583753798	292.00589670143756	95799.47880405656	1.1337170052673715	1017.3399374288249	0.025341860472344775	0.017092890003193296	0.015199200328295984	2048.2551998455856	2171.1015205217027	0.013406520549377719	94.34175143285802	122.8463206761171	291.04112606566923	0.5778224195360678	0.27901447150938974	0.28581881527562125	0.7024387652997182	5.6089336263688266e-14	2.2834726525282705e-14	0.7024387652997182	2.0292894873711975	306.2253878558552	25.77461214414478	24.009931671605766	NaN	0.2619796881698	0.2294680120249561	-53.048923135103344	-0.05466651966929414	2.461729128812642	0.09508840594925769	0	88.07379196405095	-13.365537721408801	30.232882717428208	75.28415269618722	114.8130830062961	161.02698140551882	241.2477611033054	0.07652646911436038	1.0167828840837232	29.105629511832348	1.0174176208254404	10.73706250141829	1.0870266632726642	2.7340025833367525	1.0870266632726642	0.24266117440192073	1.0870266632726642	-0.030360164779180396	1.1509987024690846	NaN	NaN	800000009	800000009	800000009	800000019	800000019	800011019	899999999	899999999	89999	89999	89	89	5	0	1	42	17	23	0	NaN	0	0	0	0	0	0	0	0	0	NaN	NaN	NaN	NaN	0	56	0	0	0	0	101	0	14875	0	0	16	18000	18000	18000	18000	93	NaN	0.23403326421585072	0.17486411240500116	0.05003864742906029	0.0579255569885805	19.22665732837078	0.016338478347197104	1.5900776560128745e-7	NaN	0.02523517042915144	0.07079842847186753	0.006283838173198118	-0.000030360164779180397	NaN	432.019351202393	21.374883143311724	96195.25973632812	11.393983387947085	17.885305736706783	90.78265074115332	89.90227890735207	91.66302355194088	-1.7607456240587847	0.0002844756196330612	-1	0	2.056793650598644	47.84835349666464	1.0001327162517442	-273.1499938964844	9.00111545586586	-273.1499938964844	145
DATA	2026-07-14T043000_AIU-0547.ghg	2026-07-14	05:00:00	195.208	0	18000	18000	0.014991919609288737	1	NaN	21.163543901347744	0	NaN	3.056107172605102	0	NaN	0.7176908245986748	2	NaN	0.06906004809661195	0	NaN	-0.0015030305805083981	0	NaN	NaN	NaN	NaN	NaN	NaN	NaN	NaN	NaN	NaN	1.3475113671281592e-10	6.5686629546934245e-12	6.848131348882068e-13	NaN	17.039761838296364	435.5324709844294	444.9797185701467	0.1	1	830.6308582951698	21.230737472876687	21.69125889595286	0.1	1	0.0865970633487231	2.088812387904148	2.13412135819525	0.3	0	NaN	NaN	NaN	NaN	9	293.63987303670245	291.8710594861449	95822.2040975792	1.134572171914601	1017.2551953414203	0.025324151238440496	0.004475091116660454	0.015107234679421051	2034.9217591103709	2152.8813083736927	0.013315358029562328	94.52085218053986	117.95954926332183	290.93740080590175	0.5651374111293291	0.20247138889360772	0.29226935497199136	0.6676798129599333	1.465243869720248e-14	7.908041085994917e-15	0.6676798129599333	1.949175843885683	312.2889565295741	19.711043470425917	25.959695959300962	NaN	0.11495094839750823	0.09892796259642937	-6.084854199242236	-0.47659317792054	6.925000566425624	0.15951950409157645	1	8.50609776672507	4	7	11	18	29	69	0.014735024239172905	1.01743433644533	21.110506114235694	1.0178305514860158	2.8105872140910804	1.0873553957988173	0.6600333500634618	1.0873553957988173	0.06351193764562829	1.0873553957988173	-0.007943954450164215	1.1515261252729467	NaN	NaN	800000009	800000009	800000009	800000019	800000019	800001019	899999999	899999999	89999	89999	89	89	8	9	0	20	15	0	1	NaN	0	0	0	0	0	0	0	0	0	NaN	NaN	NaN	NaN	0	2	0	0	0	0	101	0	14829	0	0	16	18000	18000	18000	18000	93	NaN	0.059266344241037563	0.10318007895672579	0.03540950199509538	0.05069866612362937	15.084801237566197	0.0040308828322639274	2.3844020652658595e-7	NaN	0.018290964279836442	0.017077448459075564	0.001643283391021003	-0.000007943954450164215	NaN	435.5327620112873	21.230721248561217	96219.42252539062	11.390000343322754	17.78198637294769	90.39172112401327	89.46031417719523	91.32312865532768	-1.862814029839302	0.0002842545052990318	-1	0	2.0702943075431697	41.307067844574824	1.0001449340515667	-273.1499938964844	9.001143644332886	-273.1499938964844	206
DATA	2026-07-14T050000_AIU-0547.ghg	2026-07-14	05:30:00	195.229	1	18000	18000	0.0304366031536818	1	NaN	22.786396309757695	0	NaN	4.399424564115471	2	NaN	13.003243317394976	1	NaN	0.09942991910292921	2	NaN	-0.018586276685040103	1	NaN	NaN	NaN	NaN	NaN	NaN	NaN	NaN	NaN	NaN	-5.735803298517144e-12	-2.7890250334369833e-13	-2.8480927021975506e-14	NaN	17.32997433088411	443.27770225615507	453.04272386673887	-0.1	0	842.6671857828816	21.55430624122799	22.029128830262945	0.1	1	0.08605137040494762	2.077327450312106	2.1230891643376735	0	0	NaN	NaN	NaN	NaN	9	293.80730534956194	292.0211567625821	95833.46608747136	1.1339824019411964	1017.4430069530359	0.02533419687761362	0.006443058757869813	0.015331396017731248	2066.1779579460617	2173.172055526878	0.013519959385160079	95.07659334617775	106.99409758081629	291.17962386953116	0.6846447969322061	0.0605018519258415	0.3440883264775382	0.7686323883827281	-1.6737070743404825e-14	-3.3097586811165953e-16	0.7686323883827281	1.982715315004305	326.94990790398356	5.050092096016498	26.593846832509236	NaN	0.16383056668362095	0.1538465200135488	-16.36338296888885	-0.1772249665924016	5.179403801037564	0.12054919289737653	1	7.126379206699781	3	6	10	16	27	71	0.029966160067200903	1.015699144816216	22.820041916900767	1.0167371965965295	4.048980209953408	1.086551263772686	11.96744576251797	1.086551263772686	0.09150964378587353	1.086551263772686	-0.024071823064761837	1.1501621194404619	NaN	NaN	800000009	800000009	800000009	800000019	800000019	800001019	899999999	899999999	89999	89999	89	89	2	0	0	25	12	0	0	NaN	0	0	0	0	0	0	0	0	0	NaN	NaN	NaN	NaN	0	6	0	0	0	0	101	0	11738	0	0	16	18000	18000	18000	18000	93	NaN	0.08500815701775419	0.1852933391657665	0.03739154384357686	0.08285734967221686	48.227622495908875	0.02733444123809965	2.8236655710835877e-7	NaN	0.019778804226928022	0.30986637333337635	0.0023694079762423483	-0.000024071823064761837	NaN	443.2766441032819	21.55426826500363	96235.59159613715	11.390000343322754	18.024658832020222	90.57594774754837	89.67463675181067	91.47725770653624	-1.8026211837861483	0.00028425257459619184	-1	0	2.058801042768689	43.22518336538024	1.0001421891417768	-273.1499938964844	9.001143196423849	-273.1499938964844	229
DATA	2026-07-14T053000_AIU-0547.ghg	2026-07-14	06:00:00	195.249	1	18000	18000	0.01542233677112027	1	NaN	20.741806251784386	1	NaN	9.910326923515855	2	NaN	9.2069412712828	0	NaN	0.22407328818322372	2	NaN	0.04167618186735205	2	NaN	NaN	NaN	NaN	NaN	NaN	NaN	NaN	NaN	NaN	-6.28678583994078e-11	-3.1100322718159487e-12	-3.100285470925176e-13	NaN	17.32731857091788	443.92320143719195	453.89091532304576	0	0	857.1712368064062	21.960593502426732	22.453689858028458	0.1	1	0.08544848732435062	2.0671449348081703	2.113559966065947	0	1	NaN	NaN	NaN	NaN	9	294.2635028991699	292.45260444418193	95851.79868768856	1.1323506552860547	1017.6831547239501	0.025366774402129505	0.014519949074272896	0.015600324086174995	2105.5270213343456	2232.4323904392386	0.013776937394215608	94.31537682178478	126.905369104893	291.48003411325635	0.44292096874268577	-0.05875173393898625	0.2578589160172455	0.5158701109411012	-3.5169261951586815e-14	-3.6282508538236865e-15	0.5158701109411012	2.0234700626944973	339.5559514468119	352.4440485531881	29.99023572446444	NaN	0.11670369948721263	0.10098106521194894	-6.4992878381929975	-0.4462027336223178	2.092948740426202	0.15422984717930965	1	5.571644835382362	3	4	8	12	20	48	0.015101514596455385	1.021244370729555	21.043261047474143	1.0202826225482193	9.094741453475045	1.0896765976485434	8.44924199634169	1.0896765976485434	0.20563283516114816	1.0896765976485434	0.03106763381975935	1.1548358877718736	NaN	NaN	800000009	800000009	800000009	800000019	800000019	800010019	899999999	899999999	89999	89999	89	89	7	11	1	23	1	0	0	NaN	0	0	0	0	0	0	0	0	0	NaN	NaN	NaN	NaN	0	0	0	0	0	0	101	0	12138	0	0	21	18000	18000	18000	18000	93	NaN	0.051992167663311134	0.11885410415557704	0.0311158586050097	0.06547638655720153	81.42029089390974	0.036271365665174464	9.168780855431177e-7	NaN	0.018260788277433954	0.21914383518309108	0.00533339773630553	0.00003106763381975935	NaN	443.9235598283696	21.960546404197803	96254.65884331598	11.392683482170105	18.325051148414648	91.12614555274115	90.29729016282823	91.95500162802803	-1.657711190541583	0.0002846212933525547	-1	0	2.048199919448956	31.121932229065973	1.0001187268793583	-284.29349436441987	9.001017430358463	-273.1499938964844	246
DATA	2026-07-14T060000_AIU-0547.ghg	2026-07-14	06:30:00	195.27	1	18000	18000	0.014755111453918649	1	NaN	19.072630580897428	0	NaN	2.7245306222327814	0	NaN	2.333764519804776	1	NaN	0.06161168379118246	0	NaN	0.01423426447907215	1	NaN	NaN	NaN	NaN	NaN	NaN	NaN	NaN	NaN	NaN	3.2761807665192824e-10	1.6593361783113066e-11	1.657690304992079e-12	NaN	17.0897067772238	438.0005297767276	447.93760752194333	0.1	0	865.5678899643669	22.184066660955573	22.687364671182493	0.1	1	0.08647093447734086	2.0936082820263047	2.1411067365992436	0.9	0	NaN	NaN	NaN	NaN	9	294.4827231987847	292.6177904374227	95874.28838334195	1.1318805090154294	1017.814133228468	0.02537514854837173	0.003992437109668623	0.015753873807585937	2127.4521180432694	2255.492788118225	0.013918318834988603	94.32316207130147	128.04067007495541	291.6452913383973	0.6351317905559392	0.028678777601044984	0.2975312722194045	0.7019542161765243	-3.09460545674762e-14	1.9170491391260098e-14	0.7019542161765243	1.848573349835951	329.4146192055073	2.58538079449264	25.078612789433553	NaN	0.11417498321862561	0.12366834377969987	-6.619914458030213	-0.43807212591428385	7.000336287381203	0.14500086130939355	1	9.463556463594784	4	8	13	20	32	77	0.014511442034933413	1.01679153721585	19.037275886710674	1.0174230887366928	2.506396621748939	1.0870309186467189	2.1469164121938293	1.0870309186467189	0.0566788696938675	1.0870309186467189	0.007033409564260598	1.151005618403654	NaN	NaN	800000009	800000009	800000009	800000019	800000019	800010019	899999999	899999999	89999	89999	89	89	7	3	1	34	14	0	0	NaN	0	0	0	0	0	0	0	0	0	NaN	NaN	NaN	NaN	0	0	0	0	0	0	101	0	13831	0	0	21	18000	18000	18000	18000	93	NaN	0.06157118174622243	0.1586399683288731	0.02712553748430425	0.046751210109791906	64.59323918505135	0.006304327026807875	6.78825837204859e-8	NaN	0.016524782239565026	0.055714631517708176	0.0014708734452344979	0.000007033409564260598	NaN	438.0013434194293	22.18404707799216	96269.49304969618	11.399999618530273	18.489480086326598	91.01426332177051	90.17286395729914	91.85566291003754	-1.6827978160778594	0.0002846482577377981	-1	0	2.0743501194583036	47.662358242257795	1.0001018706245555	-273.1499938964844	9.000964192840788	-273.1499938964844	189
DATA	2026-07-14T063000_AIU-0547.ghg	2026-07-14	07:00:00	195.291	1	18000	18000	0.004447904363026217	1	NaN	16.78371715898499	0	NaN	6.685100107664935	1	NaN	-0.4853510102626169	2	NaN	0.15115341823642564	1	NaN	0.008235922414882984	1	NaN	NaN	NaN	NaN	NaN	NaN	NaN	NaN	NaN	NaN	-1.215581592857927e-10	-6.283142686986497e-12	-6.279345226608632e-13	NaN	16.619861981530853	425.43574092982595	435.00145711728743	0.1	1	859.0535171108445	21.990078495029806	22.484514739064487	0.1	1	0.08585343148809715	2.0770810695269852	2.1237832294489962	0	1	NaN	NaN	NaN	NaN	9	294.356872370402	292.47156595713574	95890.57843075207	1.132722604950743	1017.7005093414894	0.025358159677007545	0.009794741501720381	0.015626576467582247	2109.206967345479	2235.068937335925	0.013795589846343515	94.36876563903813	125.86196999044614	291.5078762462627	1.0157892761338123	-0.059912639101357364	0.31688860677314457	1.0657559603094688	-2.649979518416967e-14	-7.314029407757814e-15	1.0657559603094688	1.8871844023548578	335.3754727678023	356.6245272321977	17.297723045919156	NaN	0.06266368588898816	0.0533264562842879	-1.2437872051765024	-2.3315885449942932	2.510615680944147	0.23234249900076526	1	20.915779868468853	9	16	26	39	61	130	0.004393134428042298	1.0124671657289408	17.04205773579461	1.014797120247221	6.1554258063465515	1.0860499854895926	-0.44689564637655244	1.0860499854895926	0.139177220437313	1.0860499854895926	0.0020647650958471957	1.1482071820750563	NaN	NaN	800000009	800000009	800000009	800000019	800000019	800010019	899999999	899999999	89999	89999	89	89	13	12	1	54	18	0	0	NaN	0	0	0	0	0	0	0	0	0	NaN	NaN	NaN	NaN	0	0	0	0	0	0	101	0	16161	0	0	21	18000	18000	18000	18000	93	NaN	0.038382147379488085	0.047888992551974166	0.020381772637113552	0.034969753006921414	25.55337413215336	0.011984328777581514	1.0470870041045966e-7	NaN	0.014783541095986622	-0.01158732571076974	0.0036086540511247166	0.000002064765095847196	NaN	425.4357140943389	21.99005464561993	96283.37912717013	11.393983387947085	18.351640889697617	90.5192802708944	89.61333447096084	91.42523180262252	-1.8118954133788816	0.00028451366741339584	-1	0	2.0581282470093827	40.99648351800489	1.0001096571766668	-273.1499938964844	9.001003538926442	-273.1499938964844	112
DATA	2026-07-14T070000_AIU-0547.ghg	2026-07-14	07:30:00	195.312	1	18000	18000	0.021322738974200017	1	NaN	13.222929788653891	1	NaN	4.9050267698824985	1	NaN	-7.696064032614664	1	NaN	0.11090443362277291	1	NaN	0.005174731588488216	2	NaN	NaN	NaN	NaN	NaN	NaN	NaN	NaN	NaN	NaN	-4.009087433927939e-10	-2.1096465958555766e-11	-2.1061572140800915e-12	NaN	16.258159902232926	415.8887869566226	425.19404817562656	0.2	0	855.5306477568289	21.88474005910928	22.374397942050116	0.1	1	0.08541155893975207	2.066192730117856	2.1124225484864843	0	1	NaN	NaN	NaN	NaN	9	294.2898025826348	292.465529525964	95921.1386571439	1.1331525009504388	1017.6401570193964	0.02534955742310477	0.0071866072987556845	0.01555699833491637	2099.772276327478	2234.2292923503937	0.013728953800894264	93.98195089092812	134.45701602291592	291.43640856899316	0.714150102749299	-0.12947277421986572	0.2597533765516213	0.7708731316830959	6.326608932417778e-14	-2.46589248601087e-14	0.7708731316830959	1.8839410054336019	342.2758992677011	349.7241007322989	19.691766012139436	NaN	0.13717574085735795	0.10477936760489903	-16.564608458257922	-0.17507205240062698	2.6957915642467842	0.08359258963736829	1	9.60143571806269	4	8	14	21	36	93	0.020993862437431617	1.0156653659015131	13.380140387059814	1.0167163011251292	4.5143640262248725	1.0865377141471502	-7.083108052678587	1.0865377141471502	0.10207140735084791	1.0865377141471502	0.00047197719274809206	1.1501371467377508	NaN	NaN	800000009	800000009	800000009	800000019	800000019	800010019	899999999	899999999	89999	89999	89	89	9	0	0	48	4	0	0	NaN	0	0	0	0	0	0	0	0	0	NaN	NaN	NaN	NaN	0	0	0	0	0	0	101	0	16568	0	0	16	18000	18000	18000	18000	93	NaN	0.09227841971064377	0.09791345900770797	0.019366856491446306	0.02941622651699351	42.71750451752332	0.0070226206847696475	1.3386022982367205e-8	NaN	0.011603207858500672	-0.18357216097322768	0.002645373850239075	4.719771927480921e-7	NaN	415.8877512523496	21.884720710802288	96319.85805447049	11.390000343322754	18.28122214200762	90.46680789905125	89.55326016574438	91.38035684246486	-1.827096709344125	0.0002840464113525942	-1	0	2.04741039851639	44.81179822531531	1.000107107748588	-273.1499938964844	9.001008258342743	-273.1499938964844	164
DATA	2026-07-14T073000_AIU-0547.ghg	2026-07-14	08:00:00	195.333	1	18000	18000	0.00796104167281793	1	NaN	26.871377786569845	1	NaN	16.141682077937116	1	NaN	14.521256056334805	0	NaN	0.3650541192647821	1	NaN	0.015579950829833345	2	NaN	NaN	NaN	NaN	NaN	NaN	NaN	NaN	NaN	NaN	-1.6248987013599195e-10	-8.729982629907232e-12	-8.629562635865639e-13	NaN	16.06968054875734	411.2971199680337	420.591124069214	0	0	863.3647866257695	22.097480353985915	22.5968129849843	0.1	1	0.08534336000009914	2.066972487438792	2.1136794781825543	0	1	NaN	NaN	NaN	NaN	9	294.48193047163215	292.70619185548014	95928.98654887319	1.1322216123506343	1017.7662112743677	0.02536834138080496	0.02365550692835788	0.015696595880043053	2120.3575065729506	2267.9193030275296	0.013863536704139525	93.49351644665693	147.56179645457905	291.59198085569113	0.18303668466973463	-0.5647941023708837	0.20602025019736017	0.6284418425751213	-2.2908916808015117e-14	-1.0111580603172426e-14	0.6284418425751213	1.145275810266693	44.043691734381696	287.9563082656183	19.136940658971312	NaN	0.08385312036430474	0.037246085265529014	-1.8620382843552492	-1.557433069108005	1.6647198016183433	0.2780937555523368	1	8.680691913252492	4	7	11	17	27	60	0.00781833977039752	1.0182522001615637	27.505947425694174	1.018352260555468	14.838791545140422	1.0878030080032615	13.34915968194424	1.0878030080032615	0.335588444395704	1.0878030080032615	0.005178013301419904	1.152207539624785	NaN	NaN	800000009	800000009	800000009	800000019	800000019	800000019	899999999	899999999	89999	89999	89	89	6	6	0	19	0	0	0	NaN	0	0	0	0	0	0	0	0	0	NaN	NaN	NaN	NaN	0	0	0	0	0	0	101	0	17505	0	0	21	18000	18000	18000	18000	93	NaN	0.017656463475464002	0.03875487961973288	0.01808082743586114	0.06979705180699218	70.24688514796746	0.029705178764365407	1.4717916191550656e-7	NaN	0.023869709811763538	0.34630046024181527	0.008705748939632212	0.000005178013301419904	NaN	411.2967508494059	22.097439188660225	96330.68221223958	11.399348554611207	18.436894311904922	90.60031322521637	89.7064670015971	91.49415828450522	-1.7876917885939259	0.0002843088390363846	-1	0	2.048004115680853	46.07089241706006	1.0000923023356332	-283.6071193355984	9.000902244673835	-273.1499938964844	090
DATA	2026-07-14T080000_AIU-0547.ghg	2026-07-14	08:30:00	195.354	1	18000	18000	0.01763601720806405	1	NaN	21.062970167049343	0	NaN	-3.4249293786801362	0	NaN	-2.105647748432388	2	NaN	-0.07757315444507117	0	NaN	0.022293177242129175	2	NaN	NaN	NaN	NaN	NaN	NaN	NaN	NaN	NaN	NaN	-1.3417477316492325e-11	-7.392295554242941e-13	-7.213028310277598e-14	NaN	16.023788647094165	411.5605570459316	421.1090936835085	0.1	1	882.8230432888057	22.674733889155142	23.200805991015333	0.3	0	0.08614140976212255	2.1015284294411334	2.1502855828172	0	1	NaN	NaN	NaN	NaN	9	295.2148663838704	294.257879327	95948.37135279903	1.1262307859234184	1018.1244802343184	0.025497671031112393	-0.005026740408040611	0.01602494248140829	2176.1873702078983	2496.0116093462016	0.014228826526233812	87.18658847816508	319.82423913830326	292.0073420110307	0.16373773453303236	-0.3812404755111795	0.19505748604517376	0.4584776643853702	2.028111163269545e-14	-8.373473722099747e-16	0.4584776643853702	1.3777119426082514	38.757117769178194	293.2428822308218	25.178896696116624	NaN	0.1251372364075026	0.05635638366360114	-7.897339743213925	-0.36721226315379557	-6.149899118552445	0.1467928080599974	1	4.194485753239342	2	3	6	9	15	39	0.017234561841849277	1.0232936218453754	20.57016896726675	1.0216171243876941	-3.1389722637826023	1.0910989619745615	-1.9298412168056671	1.0910989619745615	-0.07109635069644558	1.0910989619745615	0.01402681221169522	1.156715309566312	NaN	NaN	800000009	800000009	800000009	800000019	800000019	801010119	899999999	899999999	89999	89999	89	89	3	6	0	4	3	3	0	NaN	0	0	0	0	0	0	0	0	0	NaN	NaN	NaN	NaN	0	0	0	0	0	0	101	0	12664	0	0	11	18000	18000	18000	18000	93	NaN	0.03996014676457563	0.051676071824425275	0.021076548738201382	0.1355767494407467	130.51885855608134	0.03929443215031812	8.685720224047704e-7	NaN	0.01793946901659118	-0.05034839927563321	-0.0018548611257407641	0.00001402681221169522	NaN	411.559205486798	22.67468324200132	96365.78572309027	11.397316479682924	18.85467784325281	91.41018494203345	90.6221419126722	92.1982292755975	-1.5760881279905705	0.0002853993280894228	-1	0	2.081801320016385	48.429121647411215	1.0000905883295668	-322.9323709869292	9.00078567147255	-294.790994805232	024
DATA	2026-07-14T083000_AIU-0547.ghg	2026-07-14	09:00:00	195.374	1	18000	18000	0.03830367794229868	1	NaN	0.5609562868635452	0	NaN	37.481906555925434	0	NaN	27.576385249756864	0	NaN	0.8500140500600796	0	NaN	-0.0011596123991471539	2	NaN	NaN	NaN	NaN	NaN	NaN	NaN	NaN	NaN	NaN	-5.734174905896645e-11	-3.1553033209121203e-12	-3.144192809200873e-13	NaN	16.15698753666815	418.04878669029324	427.891870464958	0.2	0	889.0589712908844	23.00367091332913	23.54529922833358	0.1	1	0.08859284005951767	2.1743550529651503	2.2255508933158543	-0.1	0	NaN	NaN	NaN	NaN	9	296.1304982077637	295.5534399066585	95963.82988771195	1.1213339041989083	1018.3371217805889	0.025605806919744505	0.055080910443893155	0.016188755865412026	2208.112506288292	2701.5711952989827	0.014437051983171264	81.73438146403987	493.4586890106907	292.24067656597856	0.31645944941345017	-0.2595464863336206	0.22242308122459528	0.46581432862526756	-9.318950741803802e-14	-3.5490371536667847e-15	0.46581432862526756	3.5774492044386155	11.357136782290809	320.64286321770913	28.521793505330145	NaN	0.18482161541939518	0.2214070211283766	-955.5560874110059	-0.0030348820317364013	0.014966055315957901	0.0026579678822897324	1	2.315326348960897	1	2	4	7	13	42	0.03744229688409117	1.0230055613541567	2.7287294290685136	1.0214290783882287	34.35888918623692	1.0908940144357022	25.278702499822202	1.0908940144357022	0.7791903143769424	1.0908940144357022	-0.0036285273168762565	1.1564485063525896	NaN	NaN	800000009	800000009	800000009	800000019	800000019	811000019	899999999	899999999	89999	89999	89	89	4	1	2	5	1	0	0	NaN	0	0	0	0	0	0	0	0	0	NaN	NaN	NaN	NaN	0	0	0	0	0	0	101	0	4713	0	0	16	18000	18000	18000	18000	93	NaN	0.08575123712961388	0.3196844510997958	0.03737835402734351	0.20971554628235503	340.77124355268165	0.18701711847371233	5.394454110883998e-7	NaN	0.002389648068752834	0.6625261981376078	0.020421696747031773	-0.0000036285273168762565	NaN	418.044002323127	23.00348187833437	96380.47273025174	11.390000343322754	19.08617334328758	92.17213031133014	91.49396780819363	92.85029286236234	-1.3563248453338999	0.00028768462102097034	-1	0	2.1534816039203513	25.979131915031424	1.0000617279377249	-273.1499938964844	9.000668108887142	-273.1499938964844	149
DATA	2026-07-14T090000_AIU-0547.ghg	2026-07-14	09:30:00	195.395	1	18000	18000	0.09321167080678353	0	NaN	4.6235887089689145	1	NaN	88.60256744753269	1	NaN	16.47366512867891	1	NaN	2.0095830768602556	1	NaN	-0.013821442811272617	1	NaN	NaN	NaN	NaN	NaN	NaN	NaN	NaN	NaN	NaN	3.0979535351537127e-10	1.714859647403413e-11	1.7754413158121522e-12	NaN	15.287473020519396	396.6755601605086	405.5812380204502	0.1	0	846.2318848935322	21.9578151677039	22.45078536307612	0.1	1	0.08761271241483296	2.1506267325046875	2.1989099916722434	0	0	NaN	NaN	NaN	NaN	9	297.0553771870931	295.68473096668833	95977.91305598427	1.1214477044276545	1017.7422448881698	0.02561342266134812	0.13022098338054455	0.01544814378511954	2108.03058031594	2723.2051847803714	0.01377517981812955	77.4099062420063	615.1746044644315	291.4989804460326	1.5813974880174775	0.6238798441682848	0.3258450408454528	1.7309590017418486	-5.464550142564854e-14	2.0264654145230727e-14	1.7309590017418486	4.870083165501316	310.4701845799518	21.529815420048212	10.850404455685226	NaN	0.28830065774673697	0.6169564673419494	-439.9968577295607	-0.006590956160378885	0.052183461971424705	0.014051307344572833	0	61.00778592915331	-9.2581668842935	20.941998700350084	52.14853782407109	79.52981055673455	111.54169011384748	167.10977734767468	0.09234641077071436	1.0093697202614351	9.755331243118919	1.0133722870837831	81.31448690698313	1.0896283161558469	15.11860960698705	1.0896283161558469	1.844283089072026	1.0896283161558469	-0.01964559730319009	1.1488960855693293	NaN	NaN	800000009	800000009	800000009	800000019	800001019	800011019	899999999	899999999	89999	89999	89	89	3	0	1	53	38	3	6	NaN	0	0	0	0	0	0	0	0	0	NaN	NaN	NaN	NaN	0	0	0	0	0	0	101	0	1107	0	0	16	18000	18000	18000	18000	93	NaN	0.6901624025687203	0.39200526160808474	0.15174527050709385	0.04310977602146706	41.34175729356176	0.1943538815439066	5.4417073955228096e-8	NaN	0.008547226098280104	0.3959355495726926	0.048299232364720016	-0.00001964559730319009	NaN	396.67241345832656	21.957618826130716	96373.95190451389	11.390000343322754	18.34079862870109	92.32579521984525	91.67551688088312	92.97607307688395	-1.3005529840787253	0.00028828615632826566	-1	0	2.1309236486024323	29.083273257944082	1.0000654908104076	-273.1499938964844	9.000695004251268	-273.1499938964844	017
DATA	2026-07-14T093000_AIU-0547.ghg	2026-07-14	10:00:00	195.416	1	18000	18000	0.06332600925952982	1	NaN	25.342294412266007	1	NaN	49.45706072063844	1	NaN	4.322843721869125	1	NaN	1.1220837979864244	1	NaN	0.005709165135993591	0	NaN	NaN	NaN	NaN	NaN	NaN	NaN	NaN	NaN	NaN	-1.7587345151269271e-10	-9.786399848627795e-12	-1.0133419416075837e-12	NaN	15.34467652984487	397.80023984438486	406.8050390646535	-0.1	0	853.8476886494643	22.135417105385176	22.636485145889292	0.1	1	0.08841245892630434	2.173623097384917	2.222826284341633	-0.8	0	NaN	NaN	NaN	NaN	9	297.52187926737463	296.01113336031256	95983.64406552914	1.1202021443364174	1017.8501873502323	0.025640165954498043	0.0727110301095203	0.015556850286431985	2125.2079083367853	2777.646499544471	0.013887538392142173	76.51110062728701	652.4385912076859	291.62844472954595	1.727952290894977	0.6324889795909302	0.32395080268899007	1.8683697576967415	7.336178825465857e-14	-1.14615287699695e-14	1.8683697576967415	5.038376001905944	311.8956653461757	20.1043346538243	9.984798137335028	NaN	0.23776222715850945	0.7897772180379315	-45.03080200806919	-0.06440036309991418	0.5124100389914733	0.09348088412036666	0	60.236706992603565	-9.141152680830501	20.677312253511246	51.489431146528254	78.52463128634923	110.13191189482106	164.9976726803467	0.06275851231818147	1.0090425492954833	28.071160772646024	1.0133111410736335	45.34081402298642	1.090784578670449	3.963059073624064	1.090784578670449	1.02869422609011	1.090784578670449	-0.0059143747989640226	1.1494889026024402	NaN	NaN	800000009	800000009	800000009	800000019	800001019	800011119	899999999	899999999	89999	89999	89	89	2	0	2	44	49	2	6	NaN	0	0	0	0	0	0	0	0	0	NaN	NaN	NaN	NaN	0	0	0	0	0	0	101	0	8922	0	0	16	18000	18000	18000	18000	93	NaN	1.0285401433871248	0.444472567854829	0.10654172483390917	0.0725183482304507	9.198735969563055	0.10398608770895328	2.3632323113805132e-7	NaN	0.024619550022275786	0.10391429561241255	0.026973111911490474	-0.0000059143747989640225	NaN	397.79591858996974	22.13530701874055	96387.36771853299	11.390000343322754	18.47281932555307	92.28436593797471	91.627187037362	92.94153618770174	-1.3143561521073193	0.0002885617219241491	-1	0	2.153445243729485	25.873460829946815	1.0000655210349294	-273.1499938964844	9.000733966456519	-273.1499938964844	115
DATA	2026-07-14T100000_AIU-0547.ghg	2026-07-14	10:30:00	195.437	1	18000	18000	0.06737838078259197	0	NaN	23.055938408674688	1	NaN	47.1963131347358	1	NaN	2.1905143502094875	1	NaN	1.0714400110167301	1	NaN	0.010158152732540992	1	NaN	NaN	NaN	NaN	NaN	NaN	NaN	NaN	NaN	NaN	4.0628891450686777e-10	2.281868856244244e-11	2.281966833472918e-12	NaN	15.32470230323843	398.4465052278652	407.5671362800851	0.3	0	860.6919772698624	22.37822984322296	22.890478226189927	0.1	1	0.08607289330372564	2.1223602873694807	2.170942129315642	0.1	0	NaN	NaN	NaN	NaN	9	298.21632864464647	296.6354498068003	95964.31933086345	1.1175159612147456	1018.001468329441	0.02569941773036226	0.06942931271388411	0.015691239113475357	2148.0876419865153	2884.4306527477574	0.014041176733099094	74.47180745843936	736.3430107612421	291.7994698293825	1.0978268775824362	0.4075219717849469	0.2677418241817446	1.2012425629513221	-7.64275532908709e-14	2.6512026561260533e-14	1.2012425629513221	3.5489108486561554	311.63467804585235	20.365321954147674	12.878680350920463	NaN	0.24554631311940556	0.5626995783188146	-54.51378990787621	-0.05319754882022989	0.4885114297562758	0.0825367276907063	0	70.87734016149635	-10.755909816035478	24.32989728999541	60.584884338756105	92.39577129310958	129.58638298344655	194.14401543989018	0.06661040801265926	1.011529320910131	25.66661545965533	1.014284653709111	43.44287293925375	1.0863994469410552	2.016306577085673	1.0863994469410552	0.9862302618374432	1.0863994469410552	-0.0007788420028581825	1.1479409966206293	NaN	NaN	800000009	800000009	800000009	800000019	800000019	800001019	899999999	899999999	89999	89999	89	89	6	0	1	22	30	1	5	NaN	0	0	0	0	0	0	0	0	0	NaN	NaN	NaN	NaN	0	0	0	0	0	0	101	0	5316	0	0	16	18000	18000	18000	18000	93	NaN	0.45730878333671426	0.592427058317565	0.07566331498334994	0.07486628567703393	1.553750327330255	0.10840550655016828	4.2972309116047986e-8	NaN	0.02256142178979446	0.05300436707668547	0.02592587427658146	-7.788420028581825e-7	NaN	398.44575238177515	22.378115087848617	96372.14416276042	11.38065179602305	18.64454517640007	92.2772935977512	91.62873004129197	92.92585833189221	-1.2971294240719737	0.00028893185618734506	-1	0	2.1027279515368167	39.61615495409654	1.0000588573548528	-273.1499938964844	9.000652572313944	-273.1499938964844	026
DATA	2026-07-14T103000_AIU-0547.ghg	2026-07-14	11:00:00	195.458	1	18000	18000	0.12007201585931677	1	NaN	-56.224302776863425	2	NaN	5.309347433322575	2	NaN	9.186297093713724	1	NaN	0.12063772680007626	2	NaN	0.06472392515548568	2	NaN	NaN	NaN	NaN	NaN	NaN	NaN	NaN	NaN	NaN	1.0370730331571911e-10	5.860909544894042e-12	5.862291217813755e-13	NaN	15.264764143410988	397.9214221900616	407.0757881426081	0.1	1	862.6721456280828	22.488112089190263	23.005461485745254	0.1	1	0.08628755152131404	2.1365281717923583	2.185679988361737	0	1	NaN	NaN	NaN	NaN	9	298.87834198930534	297.5427838098618	95964.54325509485	1.114064095231838	1018.0833208954095	0.025777965701554634	0.00781732469664494	0.015720239195058758	2158.640282435537	3046.008159776129	0.014110713434120107	70.86784306560062	887.3678773405923	291.8778126967773	-0.15129364461893385	0.0695311847019527	0.18700752837130633	0.2503920290578176	3.0408719498718095e-14	6.793901454447576e-15	0.2503920290578176	2.1536685670998112	176.6824565710904	155.3175434289096	48.319018255194344	NaN	0.3282961669455595	0.20223998898268525	53.42932984097739	0.05427730440623752	-10.589682344761984	-0.15099576480960333	0	70.89309081623702	-10.758300038658792	24.33530398007743	60.59834776153057	92.41630386233156	129.6151802037262	194.18715892340967	0.11787349817332181	1.0186515011437283	-55.22429971078436	1.0198611940970606	4.760613671663518	1.1152653417195497	8.23687130772845	1.1152653417195497	0.10816952906836803	1.1152653417195497	0.07168132942064201	1.2103589974527715	NaN	NaN	800000009	800000009	800000009	800000019	800001019	800001019	899999999	899999999	89999	89999	89	89	4	8	0	12	17	3	7	NaN	0	0	0	0	0	0	0	0	0	NaN	NaN	NaN	NaN	0	1	0	0	0	0	101	0	6216	0	0	16	18000	18000	18000	18000	93	NaN	0.09906304651118748	0.17023803276407393	0.13517889869010907	0.20060236075258073	2.6935916142116625	0.08106052511623961	0.0000019735968645602887	NaN	-0.04868965722330254	0.21721587120714725	0.0028525562215117486	0.000071681329420642	NaN	397.92042612800344	22.48802254786658	96377.82071332465	11.377316719690958	18.72418378713396	92.250680041843	91.60385858832464	92.8974993188646	-1.2936400294270767	0.0002901559276409291	-1	0	2.116587968839535	28.686854027006365	1.0000487132370472	-273.1499938964844	9.00055588112937	-273.1499938964844	050
DATA	2026-07-14T110000_AIU-0547.ghg	2026-07-14	11:30:00	195.479	1	18000	18000	0.11685174391543705	1	NaN	55.353180151809866	1	NaN	54.399230416822476	1	NaN	2.2751025110258247	1	NaN	1.2369999774705187	1	NaN	0.03109496155171497	2	NaN	NaN	NaN	NaN	NaN	NaN	NaN	NaN	NaN	NaN	-2.11469438789864e-10	-1.2041520181572361e-11	-1.1944103234115143e-12	NaN	15.082309071526678	395.2486885232128	404.3490912976535	0.2	0	858.8187972162216	22.506302030345196	23.024498344176415	0.1	1	0.08518708783171014	2.116895980216645	2.1656364482079367	0	1	NaN	NaN	NaN	NaN	9	299.72115014817985	298.3372318978163	95972.27324479545	1.1111792229848187	1018.1111266678687	0.025844711833299783	0.08015759854008961	0.01569232313951114	2160.5603602156216	3193.9114490014445	0.014122225123467353	67.6462198377825	1033.3510887858229	291.89203124222774	-0.4849442957363661	-0.09366654682811545	0.1623693926031246	0.519911734447548	3.493497823398919e-14	-1.4021025413747102e-14	0.519911734447548	2.863118385829886	141.06799124457893	190.93200875542104	18.198005093625383	NaN	0.3242840161589372	0.29787901149499774	-52.30873845132512	-0.05544006768005959	1.0175360887953369	0.1508821062442837	0	81.18494126000462	-12.320128049713656	27.868163193618955	69.39566672619121	105.83277036091246	148.43196523227803	222.3781317633486	0.11443530969244674	1.0211161592473919	57.857721677381704	1.0201992547376317	49.92630613108243	1.0895905311720098	2.0880344000223903	1.0895905311720098	1.1352888466642135	1.0895905311720098	0.007934260944859477	1.1547200466481709	NaN	NaN	800000009	800000009	800000009	800000019	800001019	800001019	899999999	899999999	89999	89999	89	89	16	6	0	7	22	7	0	NaN	0	0	0	0	0	0	0	0	0	NaN	NaN	NaN	NaN	0	0	0	0	0	0	101	0	404	0	0	16	18000	18000	18000	18000	93	NaN	0.2693539187547882	0.23242107438730086	0.0939830298479064	0.27661271625508266	2.834031819580079	0.3638129741947356	2.2082620935404446e-7	NaN	0.0511425091968849	0.05520749726633827	0.03001696518891011	0.000007934260944859478	NaN	395.2470002326177	22.5059491556031	96389.33679947916	11.369999885559082	18.735305756092103	92.22041011301677	91.58503400124444	92.85578996234469	-1.2707628998057687	0.0002912913014814775	-1	0	2.097187371499009	37.6106413545609	1.0000440323303144	-273.3518689049614	9.00051559053527	-273.1499938964844	211
DATA	2026-07-14T113000_AIU-0547.ghg	2026-07-14	12:00:00	195.499	1	18000	18000	0.3056278038729006	1	NaN	6.195047605343557	2	NaN	-11.962565327266075	2	NaN	2.1052567681336454	2	NaN	-0.2721368773644292	2	NaN	0.018237765132029238	2	NaN	NaN	NaN	NaN	NaN	NaN	NaN	NaN	NaN	NaN	2.6480825459720835e-10	1.4925369682186064e-11	1.4949699918927667e-12	NaN	14.978324312003501	393.6370238951813	402.5686275910932	-0.1	0	844.2222766672179	22.18653686293746	22.689948235891197	0.1	1	0.08455984655517294	2.1052233367008717	2.1529907452356043	0	1	NaN	NaN	NaN	NaN	9	300.29802730984164	298.7784765134617	95982.72689467747	1.1097943800908538	1017.9392173653465	0.025880117538843006	-0.017634469653215013	0.015448206543892902	2130.0955308068956	3278.7333139785324	0.013919881755598931	64.96702619043333	1148.6377831716368	291.6651146669933	-0.5398121537028624	0.17253345562074332	0.14627370611138918	0.5852870677652845	1.3395915025740085e-14	1.7679431228832003e-14	0.5852870677652845	4.434144480460079	169.72479378118334	162.2752062188167	14.472653100017704	NaN	0.5247774558981947	0.7266857139561945	-1980.7718309777968	-0.0014640757479716538	-0.5178694900184402	0.010449730993802283	0	91.88661526290636	-13.94414836697654	31.54170157313984	78.5432967052447	119.78348325973933	167.99803843344742	251.69167482405032	0.29984934609438374	1.019271203535318	5.415525648191693	1.019006273323261	-10.990914381462156	1.088404923565118	1.9342587694640194	1.088404923565118	-0.25003275111346696	1.088404923565118	0.015328772193424905	1.1530828798595678	NaN	NaN	800000009	800000009	800000009	800000019	800000019	800000019	899999999	899999999	89999	89999	89	89	2	6	1	8	3	0	1	NaN	0	0	0	0	0	0	0	0	0	NaN	NaN	NaN	NaN	0	1	0	0	0	0	101	0	202	0	0	16	18000	18000	18000	18000	93	NaN	0.813587033752654	0.45918896176517765	0.18059543239455764	0.4268615585574185	0.8050130181941038	0.131680566683645	1.1031819993905277e-7	NaN	0.004793759581582047	0.05119498848030438	-0.0066177411290733006	0.000015328772193424905	NaN	393.6368545505945	22.186400457861495	96384.47600217015	11.369999885559082	18.509047838846826	92.22061230383979	91.59362932523092	92.84759502686394	-1.2539724433422084	0.000291761775895591	-1	0	2.086054351634705	53.75667015523081	1.000029791355133	-273.3518689049614	9.000405734327105	-273.1499938964844	187
DATA	2026-07-14T120000_AIU-0547.ghg	2026-07-14	12:30:00	195.52	1	18000	18000	0.28297104586040756	1	NaN	41.51689179919557	1	NaN	55.65139429144154	1	NaN	-1.6733192501994236	1	NaN	1.2665398054766595	1	NaN	-0.002784014275803708	1	NaN	NaN	NaN	NaN	NaN	NaN	NaN	NaN	NaN	NaN	-1.3126498619285767e-10	-7.290902444055745e-12	-7.357492852089373e-13	NaN	14.957524525187623	393.5444601077736	402.3391076997225	-0.1	0	830.7916321073591	21.858793797675254	22.347278347001616	0.1	1	0.08383795478965844	2.0910359351049106	2.1377648971802827	-0.2	0	NaN	NaN	NaN	NaN	9	300.87508798132995	299.2043241000705	95966.26474218749	1.108163253389808	1017.7628721636856	0.025921450180965786	0.08207177939488752	0.015195734352559278	2098.2694801736343	3362.4510137523084	0.013712541275914352	62.40297543642375	1264.1815335786741	291.4249989126009	-0.7488920339894535	0.02995926495301084	0.1930629126678439	0.7739574435182752	-2.3125087626357855e-14	-8.775849638208173e-15	0.7739574435182752	3.7479578093392814	154.2908837760151	177.7091162239849	14.444909428609954	NaN	0.5053230718355067	0.5875482222695267	-263.85296787601186	-0.01099096979406633	0.7460171003402933	0.07284594069766334	0	88.91356288337286	-13.492976198272842	30.52114889908335	76.0019762474413	115.90780921390316	162.562350477237	243.54802375361535	0.2786191310179225	1.0156195837184099	44.426626011426414	1.0166877379546095	51.219865262049105	1.0865197322702826	-1.5400725826700115	1.0865197322702826	1.1656850472749583	1.0865197322702826	-0.018348038383352146	1.1501031848206387	NaN	NaN	800000009	800000009	800000009	800000009	800000009	801100109	899999999	899999999	89999	89999	89	89	8	11	2	6	8	3	0	NaN	0	0	0	0	0	0	0	0	0	NaN	NaN	NaN	NaN	0	0	0	0	0	0	0	0	0	0	0	0	18000	18000	18000	18000	93	NaN	0.6449660513318464	0.34832562072772905	0.18180477247947796	0.36904120648870237	0.3084797562208031	0.14383413181028312	6.962415499720647e-8	NaN	0.03939063511347335	-0.040813283172013305	0.030891682937003815	-0.000018348038383352145	NaN	393.5443969480727	21.858637629551925	96362.05525672741	11.369999885559082	18.26758588435914	92.22885259903802	91.60332745022244	92.85437803565131	-1.2510607626537482	0.00029255263431696214	-1	0	2.0723179891374377	44.942730780094	1.0000261807491382	-273.1499938964844	9.00037254805035	-273.1499938964844	056
DATA	2026-07-14T123000_AIU-0547.ghg	2026-07-14	13:00:00	195.541	1	18000	18000	0.19202217695098356	1	NaN	66.43744498693596	1	NaN	28.767096779522948	1	NaN	0.2958070621682184	2	NaN	0.6550123397432966	1	NaN	-0.002590498731868362	1	NaN	NaN	NaN	NaN	NaN	NaN	NaN	NaN	NaN	NaN	-5.479271019098291e-11	-3.008692685548969e-12	-3.0657555070568386e-13	NaN	14.929632491678163	393.075247930107	401.74652113427817	0.1	1	819.7929235308835	21.583940987687896	22.060084550816118	0.1	1	0.08353411041388747	2.0879517941566577	2.1340121872737816	-0.2	0	NaN	NaN	NaN	NaN	9	301.32266066402855	299.70324627919814	95962.84521416176	1.1063949839430838	1017.6188325551547	0.025965599331745685	0.04244479961536562	0.014979150617436307	2071.8119807131557	3462.8994376398664	0.013538700766747944	59.82882315881503	1391.0874569267107	291.22294299425505	-0.9018580221143978	0.13157250206814244	0.16353609884560022	0.9259607286371035	2.388986861386792e-15	-3.6700642310870404e-15	0.9259607286371035	4.154269116265382	160.30035116660906	171.69964883339094	10.172500493499612	NaN	0.41660127562175847	0.5024421369027494	-92.38496308521889	-0.0313903897685703	2.309494263398439	0.1416436120136602	0	84.48111709522387	-12.820335449435937	28.999633693752298	72.21318825397346	110.12966846570674	154.45842592042257	231.40686803910742	0.18942128149827062	1.0137307457332174	67.5875511956519	1.0155331434788533	26.488595024703606	1.086018218508546	0.2723776241750871	1.086018218508546	0.6031319996112405	1.086018218508546	-0.023921692761407088	1.1488357740781405	NaN	NaN	800000009	800000009	800000009	800000019	800000019	800000019	899999999	899999999	89999	89999	89	89	10	25	2	7	2	0	0	NaN	0	0	0	0	0	0	0	0	0	NaN	NaN	NaN	NaN	0	0	0	0	0	0	101	0	604	0	0	16	18000	18000	18000	18000	93	NaN	0.5534995969556601	0.3109646250651116	0.1404200517847271	0.37295366125217694	0.5007057027854761	0.14777744616004446	8.572383540484738e-8	NaN	0.060030419428963054	0.007228509836647132	0.01600625457098494	-0.000023921692761407088	NaN	393.0751968927201	21.583790364189436	96364.74155381945	11.369999885559082	18.066512219323055	92.22434392102559	91.59871729511684	92.84997416008844	-1.2512599995798535	0.0002924637600275066	-1	0	2.0695143169363335	53.447427026920344	1.0000262898239825	-273.1499938964844	9.00035676964124	-273.1499938964844	144
DATA	2026-07-14T130000_AIU-0547.ghg	2026-07-14	13:30:00	195.562	1	18000	18000	0.3753832654258051	1	NaN	-26.467627889926543	1	NaN	-62.209162028606094	2	NaN	-3.641698511692074	1	NaN	-1.4163634647870167	2	NaN	-0.0030090749154647566	1	NaN	NaN	NaN	NaN	NaN	NaN	NaN	NaN	NaN	NaN	5.426768357011579e-10	2.8961297712866968e-11	3.035032546445022e-12	NaN	14.949359104398615	393.7794745867625	402.2323964736391	0.1	1	797.8096929080381	21.015020075416917	21.46613125467546	0.1	1	0.08360738554783166	2.0885722006141716	2.1334057656074217	0	1	NaN	NaN	NaN	NaN	9	301.18467467414007	299.624906668769	95954.04869552952	1.106822829028142	1017.2945766902867	0.02596119192373593	-0.09178035251819867	0.01458679822405274	2017.017158064582	3446.956306493329	0.013178982075081372	58.515889924828834	1429.939148428747	290.79717302419147	-0.31000946265414114	0.05456348146857614	0.19340151330700672	0.3694417217837007	4.1279201702745416e-14	3.630101009089304e-14	0.3694417217837007	4.066481500045682	161.98215484279208	170.01784515720792	31.567095244373736	NaN	0.5823692021983126	0.621517724024605	633.3736029967827	0.004578656240611801	0.42546189382451	-0.04036377558998366	0	79.93232815279143	-12.130039178081757	27.438181648414826	68.3249518820844	104.19986266560232	146.14178897183206	218.94703040044618	0.36968399375876726	1.0154166038109749	-29.897891429703385	1.015943063595097	-56.850281826870344	1.0942630366909258	-3.3279918900529126	1.0942630366909258	-1.294353749780427	1.0942630366909258	0.008840023233585563	1.1721718126341578	NaN	NaN	800000009	800000009	800000009	800000009	800000019	800111019	899999999	899999999	89999	89999	89	89	2	6	1	4	2	3	1	NaN	0	0	0	0	0	0	0	0	0	NaN	NaN	NaN	NaN	0	0	0	0	0	0	0	0	960	0	0	0	18000	18000	18000	18000	93	NaN	0.50989657136923	0.4180176191850786	0.3151212574949015	0.23105091898321511	0.6848136067202383	0.17834681318592993	6.653003995709881e-8	NaN	-0.02655313008121642	-0.08825378881355803	-0.03432448943898794	0.000008840023233585562	NaN	393.77937222539117	21.01481247764205	96343.74262065972	11.372683280309042	17.63808357138106	92.24776547792223	91.62291142484877	92.87261945470175	-1.2497073371807736	0.0002926355508324276	-1	0	2.070607134799163	34.66372800548103	1.0000144130322668	-273.1499938964844	9.000306288957596	-273.1499938964844	066
DATA	2026-07-14T133000_AIU-0547.ghg	2026-07-14	14:00:00	195.583	1	18000	18000	0.4911596033764296	1	NaN	-59.83068595489509	2	NaN	57.243566920389846	1	NaN	4.984545814547938	1	NaN	1.3038487990274503	1	NaN	-0.0019088954834997336	2	NaN	NaN	NaN	NaN	NaN	NaN	NaN	NaN	NaN	NaN	1.5542530264495367e-10	8.039360950007538e-12	8.780044847101858e-13	NaN	14.896991985570864	393.160278804435	401.3216288785045	0.1	1	770.5456808081827	20.33618296844973	20.75832812736698	0.1	1	0.08415377386718946	2.105756055488944	2.149468030644974	0	1	NaN	NaN	NaN	NaN	9	301.51627357567685	300.05149399716737	95929.68110735936	1.1052544696159707	1016.9212371331702	0.026004757779822026	0.08448940217697877	0.014091960650933258	1951.3668402344294	3534.552609014942	0.012749969385629011	55.208312227619196	1583.1857687805125	290.2734803483677	-0.39870804649291475	0.14308931615091094	0.19428422953867228	0.46603542846245954	-2.3255776494178775e-14	1.0433334648732957e-14	0.46603542846245954	4.275919114604336	171.74217103857347	160.25782896142653	24.638222136235086	NaN	0.6666228255414527	0.7487405292562197	420.11726193004296	0.00690283466734319	-1.0451949306042234	-0.07985354575487813	0	91.60569199778924	-13.901517177686124	31.445269706888983	78.30316772345155	119.41727141127643	167.48442110893325	250.92218247859756	0.4848091800360572	1.013098810009951	-55.95762974833806	1.0148889863846966	52.33695364349026	1.0937504561370255	4.557297129870611	1.0937504561370255	1.1920898333907561	1.0937504561370255	0.012438747996998616	1.171610796598979	NaN	NaN	800000009	800000009	800000009	800000019	800000019	800010119	899999999	899999999	89999	89999	89	89	2	11	10	7	4	1	7	NaN	0	0	0	0	0	0	0	0	0	NaN	NaN	NaN	NaN	0	0	0	0	0	0	101	0	1054	0	0	16	18000	18000	18000	18000	93	NaN	0.7757447360402052	0.4280787066074754	0.2936576158647587	0.3718598996883041	0.4599351294917235	0.31692945125991984	1.3007984103509058e-7	NaN	-0.04978628414065954	0.12097218028442659	0.03164369189249527	0.000012438747996998616	NaN	393.1602014032654	20.335863365876126	96327.7170421007	11.380000114440918	17.11358772903025	92.25734663793776	91.63388592338562	92.8808074860043	-1.2469202071163386	0.0002934649659016738	-1	0	2.0881181481182587	57.08700779688164	1.0000125694142448	-273.1499938964844	9.000276319901149	-273.1499938964844	066
DATA	2026-07-14T140000_AIU-0547.ghg	2026-07-14	14:30:00	195.604	1	18000	18000	0.23825363726308266	1	NaN	47.147629656710656	1	NaN	106.496774040642	1	NaN	1.6471291665553727	1	NaN	2.427284399518073	1	NaN	0.06728326821256943	1	NaN	NaN	NaN	NaN	NaN	NaN	NaN	NaN	NaN	NaN	1.3601672916320563e-10	6.824082995374016e-12	7.903177981596189e-13	NaN	14.814005293353926	391.68803287693686	399.5395217845491	0.1	1	743.2321173850424	19.651344809503488	20.04526114812177	0.1	1	0.086075971076472	2.159898761842608	2.203194496577248	0	1	NaN	NaN	NaN	NaN	9	302.02239372846816	300.7227386661105	95892.81859787327	1.1026513397169189	1016.5520722428489	0.026072951925155873	0.15728802908877113	0.013581785466837928	1884.9283195013613	3676.3146533406266	0.012317388985646858	51.272224965524856	1791.3863338392653	289.7275149726431	-0.744632451890519	0.12211299899261277	0.18910725354883645	0.7779142795168774	-8.798336031185578e-15	9.181630927607907e-15	0.7779142795168774	4.649026514336817	161.3130951471545	170.68690485284552	14.069295856075641	NaN	0.46483697361545323	0.4991154063376034	-180.68934959113648	-0.016049645463676272	0.44271415807128456	0.09048807702006248	0	89.28925176840714	-13.549988435993788	30.650110736040688	76.32310945581645	116.3975576189632	163.249229578904	244.5770938136726	0.2346028998566821	1.0155613481701666	53.01198338591253	1.016651428044378	98.01841529101146	1.0864976109280968	1.515998884846492	1.0864976109280968	2.234044856706738	1.0864976109280968	0.03947701772688708	1.1500603036658055	NaN	NaN	800000009	800000009	800000009	800000009	800000009	810100109	899999999	899999999	89999	89999	89	89	17	10	4	8	0	5	0	NaN	0	0	0	0	0	0	0	0	0	NaN	NaN	NaN	NaN	0	0	0	0	0	0	0	0	2417	0	0	0	18000	18000	18000	18000	93	NaN	0.5883099708554477	0.25769428346187345	0.15222655835788554	0.34523581719510826	1.054582004550085	0.2750152094186001	2.974256861886316e-7	NaN	0.04729401815069176	0.04031910317477618	0.059416062884345644	0.00003947701772688708	NaN	391.68775464349415	19.651072519144357	96290.30598871529	11.373983310063682	16.567945416344486	92.30259557723998	91.68287516233656	92.92231796900431	-1.239444063140286	0.00029403162315267957	-1	0	2.1425693608866427	32.63300814772763	1.0000227912250492	-273.1499938964844	9.000345261070464	-273.1499938964844	181
DATA	2026-07-14T143000_AIU-0547.ghg	2026-07-14	15:00:00	195.624	1	18000	18000	0.4110545410496801	1	NaN	-41.53590580053645	2	NaN	59.78518683115015	1	NaN	2.580820653189419	1	NaN	1.362748255891744	1	NaN	-0.006550207302261838	2	NaN	NaN	NaN	NaN	NaN	NaN	NaN	NaN	NaN	NaN	-2.2935171439596361e-10	-1.1316525598466031e-11	-1.300421161718235e-12	NaN	14.76585147649646	391.21834185194183	398.9187686584666	0.1	1	728.5671993209238	19.303245200572388	19.683194734870202	0.1	1	0.0837221809368013	2.1014675902128634	2.1428311860200413	0	1	NaN	NaN	NaN	NaN	9	302.1577842966716	300.8122273775524	95854.99831694509	1.1020346774193976	1016.358312790264	0.026091001015383215	0.088306086981785	0.013331971596994018	1850.8088629631152	3695.583030661639	0.012097597171999257	50.081647404679074	1844.7741676985238	289.44053754312904	-0.5785857653901417	0.14726580382467352	0.18561011916511372	0.6252198183236917	1.54401374943379e-14	-1.5532576279873474e-14	0.6252198183236917	4.888047162617359	166.2801124444794	165.7198875555206	17.269811377998085	NaN	0.6107339954247027	0.7165308153860447	465.0241438685679	0.006236235340115247	-0.6947524629779162	-0.06071968177153015	0	91.20656484342535	-13.840948092168986	31.308262270532097	77.96199983497696	118.89696885495239	166.75468937567913	249.82891136765093	0.4066290059549379	1.010883471247579	-37.68466903143511	1.0137723820282938	54.70778089079092	1.0928095758534764	2.3616380293646464	1.0928095758534764	1.2470134651111997	1.0928095758534764	0.0027606357863038966	1.1697078114703807	NaN	NaN	800000009	800000009	800000009	800000019	800000019	800001119	899999999	899999999	89999	89999	89	89	6	21	3	11	21	9	1	NaN	0	0	0	0	0	0	0	0	0	NaN	NaN	NaN	NaN	0	0	0	0	0	0	101	0	907	0	0	16	18000	18000	18000	18000	93	NaN	0.8833518073182043	0.3005224685473979	0.2491873549064872	0.2720478960577271	0.2836480773339409	0.3176419256251451	8.870959700602579e-8	NaN	-0.03364516025538221	0.06283066121193542	0.03317641381909919	0.0000027606357863038967	NaN	391.2183610327053	19.302928362232347	96246.68561979165	11.369999885559082	16.279000984456786	92.34161288558113	91.72396761978997	92.95925757492913	-1.2352854243980516	0.0002943444281603055	-1	0	2.0849410661499426	55.04979810826724	1.0000092594325543	-273.1499938964844	9.000234887626435	-273.1499938964844	180
DATA	2026-07-14T150000_AIU-0547.ghg	2026-07-14	15:30:00	195.645	1	18000	18000	0.17205532293711331	1	NaN	20.46456551040141	1	NaN	50.918519566997404	0	NaN	1.0497991973153467	0	NaN	1.160895503606303	0	NaN	0.000970736170135954	2	NaN	NaN	NaN	NaN	NaN	NaN	NaN	NaN	NaN	NaN	2.8810506429187233e-10	1.453183387563093e-11	1.66619415209618e-12	NaN	14.74433937269728	390.66012899963715	398.5126800003022	0.1	0	743.6949811923378	19.704645284207974	20.100722898886694	0.1	1	0.08527074003260665	2.1429192313193077	2.1859934569827524	0.1	0	NaN	NaN	NaN	NaN	9	302.2980024490356	301.03765753258597	95835.3185451389	1.1008150015500848	1016.5902696018574	0.02611591553845648	0.07522602863368842	0.013596219270291894	1888.9075011975578	3744.512051873019	0.01235104831524527	50.44469012331577	1855.6045506754613	289.76068615308947	-0.4674732543842683	0.34874092525876427	0.1671268070370863	0.6066983155945419	-6.36406908271156e-14	1.9540045641201715e-14	0.6066983155945419	3.756548114875975	188.72340141919202	143.27659858080798	15.989987913826555	NaN	0.3953455792333832	0.5803547033935037	-256.00005752782135	-0.011328122454366388	0.4019081011079792	0.04625571023375846	0	73.58195115744968	-11.166344969127401	25.258302723819575	62.89674513937029	95.92150488369776	134.5312744754843	201.55236397216916	0.16888893238916164	1.0187483602575895	23.24918023415253	1.0186703228333092	46.79622547045071	1.0880903118810237	0.9648088819948394	1.0880903118810237	1.066910982415989	1.0880903118810237	-0.008581094837556405	1.1526305314569945	NaN	NaN	800000009	800000009	800000009	800000009	800000009	800000009	899999999	899999999	89999	89999	89	89	19	19	1	13	1	5	0	NaN	0	0	0	0	0	0	0	0	0	NaN	NaN	NaN	NaN	0	0	0	0	0	0	0	0	2617	0	0	0	18000	18000	18000	18000	93	NaN	0.3942370673113883	0.5878595380371707	0.17861280143844835	0.187299425555813	0.23747742891370627	0.13688181732561921	1.2929871165344114e-7	NaN	0.020775302517045246	0.02570348110809014	0.028423583978458802	-0.000008581094837556405	NaN	390.65999728697227	19.70452732157394	96230.54740755209	11.379348432858786	16.603022216108105	92.34038399823507	91.72287810940213	92.95789003668891	-1.235015960239702	0.0002941862306971517	-1	0	2.1257063268621637	28.358992997794214	1.000015590997206	-273.1499938964844	9.000277560896343	-273.1499938964844	028
DATA	2026-07-14T153000_AIU-0547.ghg	2026-07-14	16:00:00	195.666	1	18000	18000	0.255676780788906	1	NaN	18.99953855952246	1	NaN	58.70978857356047	0	NaN	1.4843550679183162	0	NaN	1.3389596113122821	0	NaN	0.02783865749682328	2	NaN	NaN	NaN	NaN	NaN	NaN	NaN	NaN	NaN	NaN	-1.0866174862409419e-10	-5.4583196968109004e-12	-6.215032840810044e-13	NaN	14.697287832093446	390.4313373175934	398.2417454851211	0.1	1	738.2772381211859	19.612228642713927	20.00456270028951	0.1	1	0.08406281668013242	2.1157221186366075	2.1580462144152626	0	1	NaN	NaN	NaN	NaN	9	302.6142010845608	301.367730723632	95801.46624811442	1.099259614941911	1016.54693330787	0.026153788781761906	0.08676458281303588	0.01351285540867676	1879.3842501055215	3817.170734643484	0.012292687937408517	49.23500625866168	1937.7864845379627	289.68119596496325	-0.6387288340361768	0.11738831956147806	0.140594029972872	0.6644706331077541	-3.0379001908018454e-14	-7.39331976521662e-15	0.6644706331077541	4.069043544815135	162.41385303241182	169.58614696758823	12.21543090713572	NaN	0.48227584236407606	0.625099273763719	-500.42918071735124	-0.005795025773363038	0.3236179012247161	0.035254928452274764	0	84.41488485030607	-12.810284450744025	28.976898307344392	72.15657392718441	110.04332804520406	154.3373322530217	231.22544765918565	0.25127995850525964	1.0174977037954036	22.28684702838455	1.0178709287273	53.99155594748668	1.087388343293215	1.3650643554103825	1.087388343293215	1.2313536553621403	1.087388343293215	0.015731180536485888	1.1515780052619269	NaN	NaN	800000009	800000009	800000009	800000019	800001019	800001019	899999999	899999999	89999	89999	89	89	4	11	5	7	25	4	1	NaN	0	0	0	0	0	0	0	0	0	NaN	NaN	NaN	NaN	0	0	0	0	0	0	101	0	805	0	0	16	18000	18000	18000	18000	93	NaN	0.6294067847686389	0.43224004497378754	0.18855171778501156	0.22035037056495368	0.25211882775015804	0.24070854202104694	1.7619893038348616e-7	NaN	0.019944397657778865	0.03641599522580996	0.03284897789413796	0.00001573118053648589	NaN	390.4307471102476	19.61199142532989	96198.50973003471	11.374633324940998	16.522021409776478	92.35763556416829	91.74063130421109	92.97463703134325	-1.2339995644324353	0.0002953634606868338	-1	0	2.098818242695324	56.682675767465405	1.0000106668247497	-273.1499938964844	9.000245798269908	-273.1499938964844	175
DATA	2026-07-14T160000_AIU-0547.ghg	2026-07-14	16:30:00	195.687	1	18000	18000	0.165852461941531	1	NaN	51.11673657380307	0	NaN	129.09381195623422	0	NaN	-0.773515410609964	0	NaN	2.9449766081179307	0	NaN	0.00010281599544350407	1	NaN	NaN	NaN	NaN	NaN	NaN	NaN	NaN	NaN	NaN	1.2848556541095011e-11	6.444107737452314e-13	7.336223748425756e-14	NaN	14.663118864281808	390.41024459578006	398.2074511672293	0.1	1	735.4189353977692	19.58076512278713	19.97182881182397	0.1	1	0.0837229617926919	2.1098802819464995	2.1520184497509782	-0.2	0	NaN	NaN	NaN	NaN	9	302.8537912631565	301.6501095860799	95784.47612760417	1.09804897587646	1016.5367821033495	0.026182938117838808	0.1908344842060419	0.01347615733460513	1876.0364214253048	3880.301362259324	0.012272819911196125	48.34769896153049	2004.2649408340192	289.6531677581515	-0.6815888805395424	0.0023439252245434318	0.16539166640612282	0.7013724398471737	3.406386728175583e-14	8.762499069957806e-16	0.7013724398471737	4.017092714360592	152.19703445477796	179.80296554522022	13.639460998935702	NaN	0.3886423340677028	0.3638802640472597	-97.32675038941015	-0.029796535776617696	0.39596581586058377	0.11783334460280206	0	81.60580254917842	-12.383995374039028	28.01263125514049	69.75541262620887	106.38140555704177	149.2014338957115	223.53093603672056	0.1631118659480351	1.016801941278564	58.27090191893327	1.0174296635471118	118.75767807518785	1.0870354999236544	-0.7115824742285695	1.0870354999236544	2.7091816305215097	1.0870354999236544	-0.023308531137281017	1.1510139418347294	NaN	NaN	800000009	800000009	800000009	800000009	800001019	800001019	899999999	899999999	89999	89999	89	89	2	5	0	9	7	2	0	NaN	0	0	0	0	0	0	0	0	0	NaN	NaN	NaN	NaN	0	0	0	0	0	0	0	0	1411	0	0	0	18000	18000	18000	18000	93	NaN	0.4055966826018549	0.18890849106336507	0.13325535442929942	0.2559286569619237	0.4111678252400737	0.3078485521882165	1.405483334873473e-7	NaN	0.05220437867899639	-0.019003523226092292	0.07235141098033954	-0.000023308531137281015	NaN	390.41017984139853	19.58046465398495	96182.71135894096	11.359999656677246	16.492965135680308	92.3492186058892	91.7289826374054	92.96945525232951	-1.2404720170398549	0.00029583664375564293	-1	0	2.0930730293856734	57.042617946677744	1.0000216037250227	-273.1499938964844	9.00029753054513	-273.1499938964844	184
DATA	2026-07-14T163000_AIU-0547.ghg	2026-07-14	17:00:00	195.708	1	18000	18000	0.1747853824480111	1	NaN	10.8159043171321	2	NaN	75.29054105569693	0	NaN	0.7099213353241559	2	NaN	1.7174510791759077	0	NaN	-0.0006547924188127643	2	NaN	NaN	NaN	NaN	NaN	NaN	NaN	NaN	NaN	NaN	3.1431228949050744e-12	1.559687182953487e-13	1.8063805725261466e-14	NaN	14.672983186273745	390.7952040027196	398.5234193339271	0.3	0	728.1059181115581	19.392123414288037	19.775614572674737	0.1	1	0.08432693424635619	2.124243443913711	2.1662516635190796	-0.1	0	NaN	NaN	NaN	NaN	9	302.7228747592502	301.5733736300998	95762.87317252604	1.098159574308828	1016.4285113347039	0.026182182565090143	0.11129082993059881	0.01334671275185287	1857.543587853318	3863.056468653939	0.01215370977414933	48.08481581685418	2005.5128808006211	289.4975488833401	-0.3883745322770916	0.23565448320692936	0.19486701795067485	0.49430857514508914	3.87705620685865e-15	2.142115788591237e-16	0.49430857514508914	3.4547582989105683	183.24817037514913	148.75182962485087	23.217423547336747	NaN	0.39895124840390866	0.4047155100404754	-497.458298369589	-0.00582963438242904	0.14365555308110917	0.02428850125978185	0	75.73202360287296	-11.492626757752966	25.99635301808859	64.73459472753358	98.72434146698797	138.4622926361536	207.44174550214794	0.17102918468665743	1.021962320455631	15.144830533623692	1.02074929164343	69.06344289216739	1.0901648962570876	0.6512054623677216	1.0901648962570876	1.5754048631289725	1.0901648962570876	-0.008555712309619453	1.1554886989383404	NaN	NaN	800000009	800000009	800000009	800000009	800001119	800001119	899999999	899999999	89999	89999	89	89	7	12	4	5	34	6	1	NaN	0	0	0	0	0	0	0	0	0	NaN	NaN	NaN	NaN	0	0	0	0	0	0	0	0	403	0	0	0	18000	18000	18000	18000	93	NaN	0.28156154993202154	0.3586198078968561	0.1692496622520732	0.22427453451580376	2.9681018849395318	0.3809085307578217	5.249443522504692e-8	NaN	0.013568196575828513	0.017387246374415716	0.04206345627857844	-0.000008555712309619453	NaN	390.79338670382265	19.391754802475198	96157.74188237847	11.366016461054484	16.335525170697103	92.35829234992133	91.73980080583361	92.97678944651285	-1.2369853923949936	0.00029605955099234256	-1	0	2.1074763579501044	57.605170180638616	1.000024489760399	-273.3518689049614	9.000300238185458	-273.1499938964844	085
DATA	2026-07-14T170000_AIU-0547.ghg	2026-07-14	17:30:00	195.729	1	18000	18000	0.08644663360850396	1	NaN	35.52029470501701	0	NaN	74.65081104648272	0	NaN	0.7767118233695146	0	NaN	1.7025053552048124	0	NaN	0.002287115404403718	0	NaN	NaN	NaN	NaN	NaN	NaN	NaN	NaN	NaN	NaN	-7.159355045768444e-11	-3.5942957208491205e-12	-4.141987974273165e-13	NaN	14.734406557251543	392.2937565353728	400.17512054078816	0.1	1	739.7288456769926	19.694787608896597	20.090465051040805	0.1	1	0.08524473835706659	2.145620999171975	2.188727522868619	-0.3	0	NaN	NaN	NaN	NaN	9	302.6421316986084	301.3606279330783	95731.94513715277	1.0984532462771328	1016.593086524715	0.02617216496589543	0.11032234701727184	0.013560210981995112	1885.9260709066316	3815.5943794122313	0.012344823075495701	49.426796545316925	1929.6683085055997	289.7358381796603	-0.1813241433128046	0.48586240538804615	0.20783785242622166	0.558692486810701	2.6681642512003412e-14	-4.858936814285857e-15	0.558692486810701	2.841069075498659	221.53439530092447	110.46560469907554	21.839484704501555	NaN	0.28053254684225093	0.4059401337593546	-52.65666032934983	-0.055073754808251565	0.47581927385758255	0.11338734265401029	0	71.00707678019079	-10.775597848449438	24.37443167292224	60.6957812491113	92.56489607857584	129.82358289979229	194.49938413806	0.08475385665006105	1.019972860532261	39.51210914030263	1.0194588188872504	68.55973948652013	1.088843271657416	0.7133366606446666	1.088843271657416	1.5635908303068191	1.088843271657416	-0.013501062310412846	1.1536983990534033	NaN	NaN	800000009	800000009	800000009	800000009	800001019	800001119	899999999	899999999	89999	89999	89	89	23	9	3	6	45	1	2	NaN	0	0	0	0	0	0	0	0	0	NaN	NaN	NaN	NaN	0	0	0	0	0	0	0	0	504	0	0	0	18000	18000	18000	18000	93	NaN	0.181004572961554	0.5325652903091322	0.09831040424802291	0.29901869575032797	19.32673987518649	1.169739326131038	1.3986186975611927e-7	NaN	0.03538355660371411	0.019044747630098585	0.04174493531990646	-0.000013501062310412846	NaN	392.28775721525136	19.69364059590666	96125.70405338542	11.369999885559082	16.560963422669268	92.37167390569051	91.75526810836791	92.98807729678684	-1.2328061589797334	0.00029576882698650783	-1	0	2.1284052930937873	43.60117564624967	1.0000085626211432	-273.1499938964844	9.000200259606043	-273.1499938964844	092
DATA	2026-07-14T173000_AIU-0547.ghg	2026-07-14	18:00:00	195.749	1	18000	18000	0.05214073553789327	1	NaN	68.31912921295928	0	NaN	20.850347531323106	0	NaN	-5.5858912214653165	1	NaN	0.4754066458524613	0	NaN	-0.00020252290713643128	0	NaN	NaN	NaN	NaN	NaN	NaN	NaN	NaN	NaN	NaN	2.2742005053918896e-10	1.149372998084281e-11	1.3069591968781142e-12	NaN	14.795737651794731	393.72800675294036	401.72181944203606	0.1	1	747.7714169613797	19.898876043622792	20.302880546955134	0.1	1	0.08502955369485636	2.1380841819584253	2.1814934497040617	0.1	0	NaN	NaN	NaN	NaN	9	302.2125994262695	301.11945188076805	95710.78009508213	1.0990045291353872	1016.7016064907162	0.02615700259103146	0.03080635065123949	0.013708671366376225	1905.0478210259078	3762.404212451335	0.012473716898292641	50.633789286151796	1857.356391425427	289.8946088590884	-0.14551737822750588	0.4554537324616343	0.21031023241685418	0.5223445258052022	1.0201228600274318e-15	1.5370646323375623e-14	0.5223445258052022	2.9907499415596046	224.28132917562635	107.71867082437366	23.742534711433628	NaN	0.21781552716850636	0.27927858724678023	-12.812926025639243	-0.22633393763430532	3.2766422291199064	0.28071168731116547	0	64.60119823287062	-9.803481064855998	22.17550086156045	55.220132614537626	84.21418641818195	118.11159386511588	176.95269036028478	0.05106630825823692	1.0210398463547254	68.63848454790984	1.0201496438580187	19.136844882270438	1.0895394543663866	-5.126837031077272	1.0895394543663866	0.436337246849799	1.0895394543663866	-0.02226815480465094	1.154651386279692	NaN	NaN	800000009	800000009	800000009	800000019	800001019	800001019	899999999	899999999	89999	89999	89	89	13	1	6	0	31	1	2	NaN	0	0	0	0	0	0	0	0	0	NaN	NaN	NaN	NaN	0	0	0	0	0	0	101	0	1060	0	0	16	18000	18000	18000	18000	93	NaN	0.13982615299965578	0.343661560880076	0.07506946061382865	0.5391552721008609	38.1856732549304	1.448426572821311	1.3934566363977675e-7	NaN	0.061429176630933814	-0.13682610555119998	0.011645060264543984	-0.00002226815480465094	NaN	393.7157899704077	19.897478741787236	96107.26000217014	11.369999885559082	16.715755397478766	92.37746126005385	91.760794312795	92.99412910630969	-1.2333321792218424	0.0002957292880940561	-1	0	2.120675049006939	46.5229846431943	1.0000182600700194	-273.1499938964844	9.000252345191107	-273.1499938964844	109
DATA	2026-07-14T180000_AIU-0547.ghg	2026-07-14	18:30:00	195.77	1	18000	18000	0.03358045949990209	1	NaN	38.28210201592654	0	NaN	0.8674445833856268	2	NaN	0.9086176345297572	2	NaN	0.019762700541577617	2	NaN	0.002329725385766386	0	NaN	NaN	NaN	NaN	NaN	NaN	NaN	NaN	NaN	NaN	-1.3668742988803237e-10	-7.118399363041142e-12	-7.859919921011962e-13	NaN	14.87878499830914	395.460013166176	403.7756687500689	0.3	0	774.8564278481842	20.594741653539714	21.02780384119034	0.1	1	0.08555728840937343	2.1440006496352835	2.189084274731199	0	1	NaN	NaN	NaN	NaN	9	301.4213976881239	300.29765579508387	95687.50592157643	1.101451995252703	1017.0729671286778	0.026091961392812894	0.0012806229950942296	0.014223432472871889	1971.188072466471	3585.9771729907598	0.01291334759406255	54.9693424518503	1614.7891005242886	290.4332033282363	0.23472513982327983	0.5339150530688478	0.24240829158642022	0.6316034792402562	2.1763467382846848e-16	-9.186733318854048e-15	0.6316034792402562	2.200307082165543	265.7317369963679	66.26826300363209	22.56915258522159	NaN	0.17460654957872065	0.15233243325359752	-11.77817439800379	-0.24621812362461734	44.13204341712748	0.19571204759846403	1	4.360871510987229	2	4	6	10	17	43	0.032980786555533784	1.0181824937182309	37.89459427705252	1.0183078300897719	0.7974572883775648	1.0877630639635283	0.8353084091851664	1.0877630639635283	0.018168203348960417	1.0877630639635283	-0.009665513419286181	1.1521488232649866	NaN	NaN	800000009	800000009	800000009	800000019	800000019	810101019	899999999	899999999	89999	89999	89	89	14	13	4	3	42	0	3	NaN	0	0	0	0	0	0	0	0	0	NaN	NaN	NaN	NaN	0	1	0	0	0	0	101	0	548	0	0	16	18000	18000	18000	18000	93	NaN	0.1394597479118086	0.1280254397623412	0.03717967883304525	0.34942242975895643	45.41134377503684	1.6285800407397135	4.523163445595514e-7	NaN	0.03382669567862357	0.02225325779289463	0.00048401489595027464	-0.00000966551341928618	NaN	395.44620109193943	20.593200400336826	96083.60288541668	11.372683280309042	17.252467827373113	92.37493392478095	91.75789251454671	92.99197972869874	-1.2340838608807991	0.0002956809784130504	-1	0	2.1258828252355277	39.64281795332168	1.000021938605441	-273.1499938964844	9.00032594784101	-273.1499938964844	163
DATA	2026-07-14T183000_AIU-0547.ghg	2026-07-14	19:00:00	195.791	1	18000	18000	0.008088344804422498	1	NaN	12.454980101009946	1	NaN	92.6918187806235	0	NaN	11.305392541248088	0	NaN	2.108965961448703	0	NaN	0.00971400307841283	2	NaN	NaN	NaN	NaN	NaN	NaN	NaN	NaN	NaN	NaN	1.075107283853511e-10	5.823342752022875e-12	5.944421920730187e-13	NaN	15.360573005587161	406.8989746638896	416.0690424783799	0.2	0	832.0088871353255	22.039774360205705	22.536473143155693	0.7	0	0.08493080482359576	2.116447202834386	2.16414445837997	0.2	0	NaN	NaN	NaN	NaN	9	300.402915254381	298.9327327515787	95664.2488136558	1.105603088695169	1017.8584588449792	0.02597968176113303	0.13666099430187595	0.015287205764386996	2108.984019123516	3308.8463056269156	0.013827028814137025	63.73774495167838	1199.8622865033994	291.5061906533494	0.6439616054486306	0.4252706332047441	0.26634758133551284	0.8163839138797362	-1.7804164748298547e-14	6.999135276154464e-15	0.8163839138797362	1.4475726094623353	298.55932728909903	33.44067271090097	19.041496014610242	NaN	0.0855323110732779	0.07992456751108137	-4.25559627084328	-0.6814556211238859	0.13436978867021176	0.1293975929760289	1	15.845782057520449	7	12	21	31	50	114	0.007968630899095653	1.015023145988658	17.836252655026378	1.0163180837280181	85.32725292963774	1.0863096560375465	10.407154606805166	1.0863096560375465	1.941404046007863	1.0863096560375465	-0.0007958362512614828	1.1496732186810983	NaN	NaN	800000009	800000009	800000009	800000019	800000019	800010019	899999999	899999999	89999	89999	89	89	0	0	0	29	0	0	3	NaN	0	0	0	0	0	0	0	0	0	NaN	NaN	NaN	NaN	0	0	0	0	0	0	101	0	0	0	0	16	18000	18000	18000	18000	93	NaN	0.07198954155171412	0.07194102734920771	0.015918566121240936	0.12145100716142913	127.10989621598593	1.2404153373021096	1.4085546650422812e-7	NaN	0.015849551674610232	0.27646952514557277	0.05157404449094258	-7.958362512614828e-7	NaN	406.8889433827604	22.038601305157112	96050.83376801215	11.380000114440918	18.332066446198358	92.38614835357666	91.76797619416979	93.0043200946384	-1.2363437234097059	0.0002947854801378626	-1	0	2.097331591036584	56.665754160891915	1.0000261516819398	-273.1499938964844	9.000381100416183	-273.1499938964844	059
DATA	2026-07-14T190000_AIU-0547.ghg	2026-07-14	19:30:00	195.812	0	18000	18000	0.007145018423264899	0	NaN	4.583995316882447	1	NaN	53.80378648729916	0	NaN	13.2597165904062	0	NaN	1.2235847829417374	0	NaN	0.018414104881377805	1	NaN	NaN	NaN	NaN	NaN	NaN	NaN	NaN	NaN	NaN	2.7187980585291915e-12	1.4592091925425852e-13	1.5012318120545768e-14	NaN	15.239392206487897	401.33087034242493	410.16579006825384	0.2	0	817.9151491854064	21.53987470373556	22.014054683335797	0.1	1	0.08414696451980193	2.0918147537575082	2.1378640781341347	0	0	NaN	NaN	NaN	NaN	9	299.73180931854256	298.4422409074572	95666.19958007813	1.1076538328037369	1017.5632322513068	0.02593652514467924	0.07928829393462458	0.014965325796213005	2061.190696654511	3213.9221813295812	0.013510832855001445	64.13318619313328	1152.73148467507	291.1411910516624	0.7038961836737067	0.5349985443930136	0.25822873271847063	0.9210729386397266	-8.999208986543366e-15	1.784059378281315e-16	0.9210729386397266	1.366777288027659	294.7632340611347	37.236765938865275	16.281479478731757	NaN	0.08031555211057774	0.039256670612273455	-9.572618121435692	-0.302947423913852	0.08519837758936423	0.05063829276547723	1	24.982727142110488	11	20	33	51	84	198	0.007047884099748007	1.013782054605632	7.724986017783912	1.015563711971592	49.54197930229785	1.086024160621367	12.20941215784709	1.086024160621367	1.126664421758044	1.086024160621367	0.01200093264378961	1.1488658061603738	NaN	NaN	800000009	800000009	800000009	800000009	800000019	800000019	899999999	899999999	89999	89999	89	89	1	0	3	8	0	0	0	NaN	0	0	0	0	0	0	0	0	0	NaN	NaN	NaN	NaN	0	0	0	0	0	0	0	0	504	0	0	0	18000	18000	18000	18000	93	NaN	0.042219299106096585	0.026732439640141735	0.00956160247830859	0.051520855185050424	88.63583547473397	0.49555842233721564	0.0000013683316569547924	NaN	0.006853812847018328	0.32364282120888543	0.029865225884695507	0.00001200093264378961	NaN	401.323843866868	21.53939826764413	96044.5855030382	11.386016918818155	17.976001690864564	92.43554433186848	91.81908748838637	93.05199973509046	-1.2329091851777503	0.00029274406311580815	-1	0	2.073395752569038	31.923065766498627	1.0000202908714613	-273.1499938964844	9.000342945231331	-273.1499938964844	187
DATA	2026-07-14T193000_AIU-0547.ghg	2026-07-14	20:00:00	195.833	0	18000	18000	0.0086735927334363	1	NaN	5.350065210590839	0	NaN	38.44991957867748	0	NaN	2.9640170970001583	0	NaN	0.8734579373913085	0	NaN	0.00672076638564334	2	NaN	NaN	NaN	NaN	NaN	NaN	NaN	NaN	NaN	NaN	-3.291600812489637e-11	-1.7870511594992022e-12	-1.8049577142131162e-13	NaN	15.369101498795366	402.13923499418274	411.11496030263004	0.2	0	834.407700644279	21.832640928075445	22.31994425656366	0.1	1	0.08427686068588974	2.084586360075142	2.1311142114300123	0	1	NaN	NaN	NaN	NaN	9	298.994747651842	297.316295229714	95674.34237051476	1.1118190808649764	1017.7043230776877	0.025836474202948236	0.05660007434295679	0.015227472339081708	2089.3838678139646	3004.9529434156498	0.013695998387826725	69.53133400614979	915.5690756016852	291.3573899723387	0.798899198599986	0.6677579567262719	0.2626217961983908	1.073829980086893	-5.100930514741387e-15	-2.1417002241462415e-15	1.073829980086893	2.1318082094078967	292.10951768695713	39.89048231304285	14.156159253465454	NaN	0.08832475704952411	0.04667135419323596	-10.909437559360368	-0.2658248864087206	0.13914372953741452	0.053532913668058166	1	27.717013385671372	12	22	37	57	94	224	0.008567319965279128	1.012404435528014	7.574184053026176	1.0147617428083988	35.40304715185392	1.0860624345061216	2.7291406118360237	1.0860624345061216	0.8042428405955379	1.0860624345061216	0.002122949381623246	1.1481826824168337	NaN	NaN	800000009	800000009	800000009	800000019	800000019	800010019	899999999	899999999	89999	89999	89	89	6	11	3	45	5	1	1	NaN	0	0	0	0	0	0	0	0	0	NaN	NaN	NaN	NaN	0	0	0	0	0	0	101	0	7561	0	0	16	18000	18000	18000	18000	93	NaN	0.032301304166759665	0.040494139808928416	0.020547264410783844	0.06453808362574252	32.06439239403201	0.17670573177961527	6.576450206572822e-7	NaN	0.006693913744401123	0.07208561246736529	0.021242708230346866	0.000002122949381623246	NaN	402.13759734527537	21.832453141550758	96048.75837695312	11.390000343322754	18.196072909249192	92.4361994603475	91.80940706337823	93.06299401813084	-1.2535885902014055	0.0002916006372834092	-1	0	2.065751887778439	52.5139846884399	1.0000430589781868	-273.1499938964844	9.00048986813757	-273.1499938964844	147
DATA	2026-07-14T200000_AIU-0547.ghg	2026-07-14	20:30:00	195.854	0	18000	18000	0.061606288232909506	1	NaN	-0.2885002351117222	2	NaN	120.75697412354756	1	NaN	1.6301757186503827	2	NaN	2.74053822902806	1	NaN	0.06123198919100396	2	NaN	NaN	NaN	NaN	NaN	NaN	NaN	NaN	NaN	NaN	2.0103765503505018e-10	1.11821293795869e-11	1.1151923608758145e-12	NaN	15.557248203491055	404.5029927180318	413.81350334804205	0.2	0	865.3262602543439	22.499291479571454	23.017161300708405	0.1	1	0.08629887943011184	2.125459598433574	2.174381644848858	0	1	NaN	NaN	NaN	NaN	9	298.21564958360466	296.31206544240325	95676.39859157985	1.1153275530355267	1018.0629624312018	0.025748654300883644	0.17758687724101826	0.015745958397315792	2153.2286055188642	2828.679375553622	0.014117788406160028	76.1213386051376	675.4507700347576	291.83767842915734	0.7642764058775057	0.3447113316267934	0.3476799592740257	0.907648434590034	1.1104614419460218e-13	1.2922443121395803e-14	0.907648434590034	2.2160759238314345	307.7232128985562	24.276787101443777	22.523092273964966	NaN	0.2350235089798805	0.17695459934247745	3811.9843531959855	0.0007607586315428148	-0.002389097915094783	-0.001081079908540451	0	87.21469040903834	-13.235165746000623	29.937980954078924	74.54980560828733	113.69315736273164	159.456269766568	238.89454884702195	0.0607601860235072	1.013925273518336	6.805684775877514	1.0156495946802042	111.18968960626258	1.086044709281625	1.5010208186812848	1.086044709281625	2.5234119789053766	1.086044709281625	0.04816196637103626	1.1489516594885028	NaN	NaN	800000009	800000009	800000009	800000009	800000009	800010009	899999999	899999999	89999	89999	89	89	18	10	3	41	18	1	0	NaN	0	0	0	0	0	0	0	0	0	NaN	NaN	NaN	NaN	0	0	0	0	0	0	0	0	16812	0	0	0	18000	18000	18000	18000	93	NaN	0.11157482818369292	0.20106426668383945	0.04127010381742251	0.07817698366254781	7.072691360228226	0.3062849569477773	5.30045445280826e-7	NaN	0.00599369667422384	0.03953910667076994	0.0664704007875746	0.000048161966371036255	NaN	404.50292983417	22.498991747261126	96057.46025737847	11.38065179602305	18.67582043525907	92.34675969971552	91.69290089501274	93.00061835797628	-1.3077127376132514	0.0002893407062963687	-1	0	2.1057984767026396	50.05899201172556	1.0000753476238913	-273.1499938964844	9.000769034889009	-273.1499938964844	144
DATA	2026-07-14T203000_AIU-0547.ghg	2026-07-14	21:00:00	195.874	0	18000	18000	0.02802342510442093	1	NaN	26.428910905539784	0	NaN	25.59603795111307	0	NaN	0.23902674530738088	2	NaN	0.5804118119333305	0	NaN	0.007316638067798168	2	NaN	NaN	NaN	NaN	NaN	NaN	NaN	NaN	NaN	NaN	1.900118335527597e-10	1.0573877656123947e-11	1.045887860018181e-12	NaN	15.841477570985827	410.4354819998275	420.0289980175559	0.1	1	881.5548094867739	22.84012785547591	23.373992840444643	0.1	1	0.08719672225911079	2.1395102823954084	2.1895191804181766	0.1	0	NaN	NaN	NaN	NaN	9	297.3918970455594	295.45611760070034	95689.39537692399	1.1185652295398127	1018.2407407750883	0.025670787782243656	0.03761068541327981	0.01603297547776463	2186.1442776262543	2685.6315943460286	0.014333518559629048	81.40149535880765	499.4873167197743	292.0804353395667	0.9693696828666759	0.20179833716232515	0.408766128003106	1.0712095492223537	-1.131137066933829e-14	1.1994577696513138e-14	1.0712095492223537	2.4870167876298095	320.2404169463216	11.7595830536784	22.43239531842464	NaN	0.15828142438535367	0.15638772276984317	-12.712630973295736	-0.22811957698542223	1.0325391357841185	0.14660120237012864	1	12.403124381506778	5	10	17	27	45	111	0.02767951565168714	1.0124246918573818	27.73415915805405	1.0147730957825596	23.56781644417696	1.0860589487252748	0.2200863457622908	1.0860589487252748	0.5344201736144888	1.0860589487252748	-0.003126378862851617	1.1481910152822905	NaN	NaN	800000009	800000009	800000009	800000019	800000019	800000119	899999999	899999999	89999	89999	89	89	16	9	2	20	4	0	0	NaN	0	0	0	0	0	0	0	0	0	NaN	NaN	NaN	NaN	0	0	0	0	0	0	101	0	15525	0	0	11	18000	18000	18000	18000	93	NaN	0.08468863352657233	0.19086154117894427	0.037225270834169766	0.14989964776906683	6.5285372748353945	0.15856589935292284	1.768704671923192e-7	NaN	0.024350238467409822	0.00578188427535021	0.014039742390874707	-0.000003126378862851617	NaN	410.4352891897515	22.83996620498247	96073.73026378038	11.382683509190878	18.92126475715639	92.20501181793213	91.52455606142681	92.88546930609809	-1.3609159109095725	0.00028800709517802015	-1	0	2.119406935433547	49.683707771836794	1.0000858114461104	-273.1499938964844	9.000857469770644	-273.1499938964844	072
DATA	2026-07-14T210000_AIU-0547.ghg	2026-07-14	21:30:00	195.895	0	18000	18000	0.017848759978187113	1	NaN	29.95918049280013	0	NaN	15.892564846282013	1	NaN	-1.638159069441679	1	NaN	0.36005424503444783	1	NaN	0.007012873653134019	1	NaN	NaN	NaN	NaN	NaN	NaN	NaN	NaN	NaN	NaN	2.4399118883528315e-10	1.321466372710311e-11	1.3280073086482052e-12	NaN	16.147614308551166	417.01905331635305	426.655461331951	0.1	1	874.5614712608219	22.5859244494717	23.10783629420334	0.1	1	0.08788903370385677	2.147188429823314	2.1968053085524786	-0.2	0	NaN	NaN	NaN	NaN	9	296.44518680911597	294.52947831691984	95698.87985565828	1.1223044491516072	1018.0777721687267	0.02558774027888571	0.023331515078232216	0.015905990959614924	2162.0274557757257	2537.933529174086	0.014172616861350653	85.18849808014119	375.90607339836015	291.9028879019266	1.0177276443197556	0.08318315537682887	0.34992299874281996	1.0794142394837274	4.0258403950005966e-14	1.5110045618693942e-14	1.0794142394837274	2.3611974528158854	327.3273619496323	4.6726380503677065	18.915818251559006	NaN	0.1261097551262719	0.1710356507389871	-5.6721055200214785	-0.511273986311351	1.8851067013144156	0.2079168117264856	1	14.784485441972626	7	12	20	30	48	112	0.01763081813984359	1.0123614137820978	30.6652308149111	1.0147376635777514	14.63306668562995	1.0860720577381722	-1.5083336853848077	1.0860720577381722	0.33151966526446525	1.0860720577381722	-0.003916642416389868	1.148166494452438	NaN	NaN	800000009	800000009	800000009	800000019	800000019	800011019	899999999	899999999	89999	89999	89	89	6	0	2	36	6	0	14	NaN	0	0	0	0	0	0	0	0	0	NaN	NaN	NaN	NaN	0	133	0	0	0	0	101	0	15325	0	0	11	18000	18000	18000	18000	93	NaN	0.08449421793076804	0.21682939587174188	0.04074768767546427	0.1037322150401471	7.234657770122228	0.052849769637344154	9.804922539307182e-8	NaN	0.026838274950614444	-0.03948693884200534	0.008678912944837075	-0.000003916642416389868	NaN	417.01902690374334	22.585861178290628	96086.34669921875	11.390000343322754	18.745544575585242	92.07009882948132	91.36615200975206	92.77404726579454	-1.4078954946464965	0.00028737540525940457	-1	0	2.131822519405021	46.67548205692943	1.000071804659234	-428.4726254187774	9.0005417299668	-317.19912074619174	063
DATA	2026-07-14T213000_AIU-0547.ghg	2026-07-14	22:00:00	195.916	0	18000	18000	0.022118687231670767	1	NaN	45.54602697246339	1	NaN	40.706694528825984	1	NaN	-3.2765898074666797	2	NaN	0.9216681030492696	1	NaN	0.010308446675102598	0	NaN	NaN	NaN	NaN	NaN	NaN	NaN	NaN	NaN	NaN	-1.4651959259486944e-10	-7.669831888445462e-12	-7.765217600916719e-13	NaN	16.500105900022298	425.03298295435536	434.7047803781184	0.1	1	863.7277524012823	22.24911678070392	22.75540443128779	0.1	1	0.0874469485498211	2.129917115813014	2.1783842411884615	0.1	0	NaN	NaN	NaN	NaN	9	295.7990976935492	293.89810847316824	95725.80376763547	1.1251763941768564	1017.8734813986123	0.025525707569687164	0.05972409307759267	0.015706874732587833	2130.3858871698785	2441.413159891043	0.013959477655126677	87.26035896623719	311.02727272116454	291.66729077553094	0.9586892538173131	0.026857397243549706	0.34911198422755335	1.0206299930448806	1.9045227314114147e-14	-8.879918315837684e-15	1.0206299930448806	2.350518193457506	330.3952953182845	1.6047046817155974	20.002148742673047	NaN	0.14020689372715892	0.15596347532562557	-5.127924741293309	-0.5655309206563344	1.1188829626097616	0.2836395053025507	1	11.427492525330662	5	9	15	23	38	87	0.021838352708124557	1.0128367980539996	47.55950923968715	1.0150080657278069	37.48321161411852	1.0859980448818667	-3.0171231181388567	1.0859980448818667	0.8486830223985599	1.0859980448818667	-0.007203595451707278	1.1483653926500146	NaN	NaN	800000009	800000009	800000009	800000019	800000019	800010019	899999999	899999999	89999	89999	89	89	10	3	0	45	17	0	3	NaN	0	0	0	0	0	0	0	0	0	NaN	NaN	NaN	NaN	0	55	0	0	0	0	101	0	15024	0	0	21	18000	18000	18000	18000	93	NaN	0.06632890818041833	0.19786978170990863	0.04772826076092417	0.11184461353579486	5.230554301245308	0.07579692228739422	4.468892960891475e-7	NaN	0.04152627277935688	-0.07876717252492672	0.022156325554748894	-0.000007203595451707277	NaN	425.03252666614753	22.249032304938563	96116.8101751302	11.390000343322754	18.510094925986394	91.95132481723361	91.22686303456625	92.67578754340278	-1.4489250078135065	0.0002864369115300683	-1	0	2.120584714353089	45.65733498747572	1.000113892255558	-273.1499938964844	9.00102616622713	-273.1499938964844	027
DATA	2026-07-14T220000_AIU-0547.ghg	2026-07-14	22:30:00	195.937	0	18000	18000	0.01227756612880222	1	NaN	40.530826627799485	1	NaN	32.501214901275645	1	NaN	-3.145719534453914	1	NaN	0.7354860002808168	1	NaN	-0.024168110028020603	1	NaN	NaN	NaN	NaN	NaN	NaN	NaN	NaN	NaN	NaN	2.871417106260759e-10	1.460060978440542e-11	1.5148267699689806e-12	NaN	16.693853015022025	429.14780216782066	438.7212927938205	0.1	1	848.8506707684911	21.821349415331344	22.308143202970616	0.1	1	0.08806904223682738	2.1392393835901755	2.1869618421047394	0	0	NaN	NaN	NaN	NaN	9	295.1964417563544	293.3409751496738	95737.95373531744	1.1276404054049334	1017.6186726149845	0.025474086004981203	0.047659492818196925	0.015436107231669355	2089.6917281340766	2358.924036617298	0.013688856090720056	88.58664779772641	269.23230848322146	291.3597366367386	1.1040099152169376	0.15226409401767407	0.3185560699728075	1.1590945677298399	1.0684794996733226e-14	1.7200445599208906e-14	1.1590945677298399	2.4738005935585528	324.1473556850179	7.852644314982136	15.951992005997763	NaN	0.10434480372444352	0.12492783013328564	-2.375267451210608	-1.2209151430597638	1.247055740867357	0.33850020683164683	1	15.966252309343718	7	12	21	31	48	107	0.012134422990215587	1.0117964520193548	42.117673487115304	1.0144267169054142	29.920214389078748	1.0862627679947037	-2.8959102964203334	1.0862627679947037	0.6770792684338812	1.0862627679947037	-0.036701003901936376	1.1479933343953912	NaN	NaN	800000009	800000009	800000009	800000019	800000019	800010019	899999999	899999999	89999	89999	89	89	8	1	0	43	16	0	0	NaN	0	0	0	0	0	0	0	0	0	NaN	NaN	NaN	NaN	0	10	0	0	0	0	101	0	14625	0	0	16	18000	18000	18000	18000	93	NaN	0.08276823518089707	0.12448902553391925	0.042598399551754956	0.10295219585098496	2.591336221121872	0.08839111427152521	3.000995515531226e-7	NaN	0.03670360116296944	-0.07541680586699166	0.01763285133768214	-0.00003670100390193638	NaN	429.1474466985631	21.82125388691776	96129.97371310764	11.390000343322754	18.20252221234642	91.86184430440267	91.12270548884075	92.60098527230157	-1.4782787042392629	0.0002860924774593312	-1	0	2.119840166445133	30.45658782225456	1.0001157314413123	-273.1499938964844	9.00107173675961	-273.1499938964844	143
DATA	2026-07-14T223000_AIU-0547.ghg	2026-07-14	23:00:00	195.958	0	18000	18000	0.010881447365036281	0	NaN	33.56109893346606	0	NaN	16.80651267810536	1	NaN	-0.5847537682147994	2	NaN	0.38018802015019326	1	NaN	-0.016751731142239094	1	NaN	NaN	NaN	NaN	NaN	NaN	NaN	NaN	NaN	NaN	-4.384022560745456e-11	-2.189042995396176e-12	-2.2912905821024575e-13	NaN	16.84850258989012	432.47459791303896	442.0197710458673	0.1	1	841.2843699198913	21.594448389137362	22.071060771869004	0.1	1	0.08805797591557048	2.1351874801652873	2.182313332799349	0.1	0	NaN	NaN	NaN	NaN	9	294.7880545221964	292.97401371291335	95746.23166879055	1.129248127056572	1017.4823291853475	0.025440018970512974	0.024636183705732524	0.015296056464840726	2068.1416665672477	2305.9333597827126	0.013545345879572523	89.68783324953189	237.79169321546487	291.1947342699256	1.0143317994607763	0.08195259218833834	0.3160480252488248	1.065585088590957	-2.4401474959290372e-15	-2.602025038934957e-15	1.065585088590957	2.3340350418532068	327.3808405241132	4.619159475886813	17.25325116357968	NaN	0.09816318552299035	0.131970054937058	-2.388369105960613	-1.2142176821675168	1.996910339239365	0.2975577562751849	1	15.530303256081938	7	12	20	30	47	105	0.010747442836597329	1.012468503482767	34.273435475937646	1.0147978777838766	15.474899887808887	1.0860498484610888	-0.5384225862591703	1.0860498484610888	0.3500649815373688	1.0860498484610888	-0.02675045798438562	1.1482076995982924	NaN	NaN	800000009	800000009	800000009	800000019	800000019	800010019	899999999	899999999	89999	89999	89	89	4	0	0	70	8	0	1	NaN	0	0	0	0	0	0	0	0	0	NaN	NaN	NaN	NaN	0	22	0	0	0	0	101	0	15228	0	0	21	18000	18000	18000	18000	93	NaN	0.08805198308325395	0.1344494176557219	0.04143870913514013	0.0819077017419318	3.4461496147045336	0.04298781725614993	1.9125273339505035e-7	NaN	0.029829184798867623	-0.013999881623830684	0.009102271017680894	-0.00002675045798438562	NaN	432.47448801849947	21.594395502453814	96141.08769900174	11.390000343322754	18.03843040445119	91.71136429341634	90.95022019195557	92.47251025093927	-1.522288409988085	0.000285555867927744	-1	0	2.116105176234803	36.37093162250515	1.0001095911198192	-300.80687005784563	9.00096963736746	-273.1499938964844	054
DATA	2026-07-14T230000_AIU-0547.ghg	2026-07-14	23:30:00	195.979	0	18000	18000	0.01002661328541732	1	NaN	32.106508981957205	0	NaN	11.423295486386293	1	NaN	-0.7129240547503876	2	NaN	0.258324986576514	1	NaN	-0.0038268367390642878	0	NaN	NaN	NaN	NaN	NaN	NaN	NaN	NaN	NaN	NaN	-1.4343880008366746e-10	-7.035147983358464e-12	-7.42105864979468e-13	NaN	16.965373197197838	435.0099675495597	444.49352413736807	0.1	1	832.089441389438	21.335646241895617	21.80077997115764	0.1	1	0.08777334266504051	2.1247072117886088	2.1710274862159444	-0.1	0	NaN	NaN	NaN	NaN	9	294.4010049692789	292.62642196245224	95739.66446384051	1.1306234836654956	1017.3281246993977	0.025411579263625868	0.016739459130158105	0.015129652032949865	2043.2155362818767	2256.703483133679	0.013381689175515214	90.53983173033653	213.48794685180246	291.00199067594735	1.075908235214645	0.09625212117478352	0.30186217973934204	1.121589843476797	-4.998299055169059e-16	-8.45479780588376e-15	1.121589843476797	2.3305397259007843	326.8878556398795	5.112144360120638	15.612965085100921	NaN	0.09417120587295225	0.10024985808861792	-2.2039855901104337	-1.3157980764541621	2.8106170430608333	0.29641208197735264	1	16.981271637187458	8	13	22	32	51	113	0.009907210526538984	1.0120521067517931	32.5221531639606	1.0145657299911581	10.517126902353581	1.0861612294351917	-0.656370376174365	1.0861612294351917	0.23783300266650467	1.0861612294351917	-0.014105279986725453	1.1480621565171716	NaN	NaN	800000009	800000009	800000009	800000019	800000019	800010019	899999999	899999999	89999	89999	89	89	7	5	0	49	19	0	0	NaN	0	0	0	0	0	0	0	0	0	NaN	NaN	NaN	NaN	0	0	0	0	0	0	101	0	15026	0	0	21	18000	18000	18000	18000	93	NaN	0.07537328037369878	0.0826371325232519	0.042489303280285155	0.07441167865001659	2.865831723440879	0.04337993897662576	1.7660189023630282e-7	NaN	0.028274845338105106	-0.017043131606139506	0.006175505951919706	-0.000014105279986725453	NaN	435.0096211781256	21.335593417231415	96135.02578559027	11.390000343322754	17.84581549284195	91.60953628370495	90.83350445683796	92.38556863827175	-1.5520625575714637	0.00028504819362488987	-1	0	2.1059045262138043	42.68588675838042	1.0001297116312715	-273.1499938964844	9.001138680590524	-273.1499938964844	155
