DATAH	filename	date	time	DOY	daytime	file_records	used_records	Tau	qc_Tau	rand_err_Tau	H	qc_H	rand_err_H	LE	qc_LE	rand_err_LE	co2_flux	qc_co2_flux	rand_err_co2_flux	h2o_flux	qc_h2o_flux	rand_err_h2o_flux	ch4_flux	qc_ch4_flux	rand_err_ch4_flux	none_flux	qc_none_flux	rand_err_none_flux	H_strg	LE_strg	co2_strg	h2o_strg	ch4_strg	none_strg	co2_v-adv	h2o_v-adv	ch4_v-adv	none_v-adv	co2_molar_density	co2_mole_fraction	co2_mixing_ratio	co2_time_lag	co2_def_timelag	h2o_molar_density	h2o_mole_fraction	h2o_mixing_ratio	h2o_time_lag	h2o_def_timelag	ch4_molar_density	ch4_mole_fraction	ch4_mixing_ratio	ch4_time_lag	ch4_def_timelag	none_molar_density	none_mole_fraction	none_mixing_ratio	none_time_lag	none_def_timelag	sonic_temperature	air_temperature	air_pressure	air_density	air_heat_capacity	air_molar_volume	ET	water_vapor_density	e	es	specific_humidity	RH	VPD	Tdew	u_unrot	v_unrot	w_unrot	u_rot	v_rot	w_rot	wind_speed	max_wind_speed	wind_dir	yaw	pitch	roll	u*	TKE	L	(z-d)/L	bowen_ratio	T*	model	x_peak	x_offset	x_10%	x_30%	x_50%	x_70%	x_90%	un_Tau	Tau_scf	un_H	H_scf	un_LE	LE_scf	un_co2_flux	co2_scf	un_h2o_flux	h2o_scf	un_ch4_flux	ch4_scf	un_none_flux	un_none_scf	spikes_hf	amplitude_resolution_hf	drop_out_hf	absolute_limits_hf	skewness_kurtosis_hf	skewness_kurtosis_sf	discontinuities_hf	discontinuities_sf	timelag_hf	timelag_sf	attack_angle_hf	non_steady_wind_hf	u_spikes	v_spikes	w_spikes	ts_spikes	co2_spikes	h2o_spikes	ch4_spikes	none_spikes	head_detect_LI-7200	t_out_LI-7200	t_in_LI-7200	aux_in_LI-7200	delta_p_LI-7200	chopper_LI-7200	detector_LI-7200	pll_LI-7200	sync_LI-7200	chopper_LI-7500	detector_LI-7500	pll_LI-7500	sync_LI-7500	not_ready_LI-7700	no_signal_LI-7700	re_unlocked_LI-7700	bad_temp_LI-7700	laser_temp_unregulated_LI-7700	block_temp_unregulated_LI-7700	motor_spinning_LI-7700	pump_on_LI-7700	top_heater_on_LI-7700	bottom_heater_on_LI-7700	calibrating_LI-7700	motor_failure_LI-7700	bad_aux_tc1_LI-7700	bad_aux_tc2_LI-7700	bad_aux_tc3_LI-7700	box_connected_LI-7700	mean_value_RSSI_LI-7200	mean_value_LI-7500	u_var	v_var	w_var	ts_var	co2_var	h2o_var	ch4_var	none_var	w/ts_cov	w/co2_cov	w/h2o_cov	w/ch4_cov	w/none_cov	co2_mean	h2o_mean	air_p_mean	vin_sf_mean	dew_point_mean	avg_signal_strength_7200_mean	co2_signal_strength_7200_mean	h2o_signal_strength_7200_mean	delta_signal_strength_7200_mean	flowrate_mean	hit_power_mean	hit_vin_mean	ch4_mean	rssi_77_mean	ch4_aux-1_mean	ch4_aux-2_mean	ch4_aux-3_mean	ch4_aux-4_mean	CHK
DATAU		[yyyy-mm-dd]	[HH:MM]	[ddd.ddd]	[1=daytime]	[#]	[#]	[kg+1m-1s-2]	[#]	[kg+1m-1s-2]	[W+1m-2]	[#]	[W+1m-2]	[W+1m-2]	[#]	[W+1m-2]	[µmol+1s-1m-2]	[#]	[µmol+1s-1m-2]	[mmol+1s-1m-2]	[#]	[mmol+1s-1m-2]	[µmol+1s-1m-2]	[#]	[µmol+1s-1m-2]	[µmol+1s-1m-2]	[#]	[µmol+1s-1m-2]	[W+1m-2]	[W+1m-2]	[µmol+1s-1m-2]	[mmol+1s-1m-2]	[µmol+1s-1m-2]	[µmol+1s-1m-2]	[µmol+1s-1m-2]	[mmol+1s-1m-2]	[µmol+1s-1m-2]	[µmol+1s-1m-2]	[mmol+1m-3]	[µmol+1mol_a-1]	[µmol+1mol_d-1]	[s]	[1=default]	[mmol+1m-3]	[mmol+1mol_a-1]	[mmol+1mol_d-1]	[s]	[1=default]	[mmol+1m-3]	[µmol+1mol_a-1]	[µmol+1mol_d-1]	[s]	[1=default]	[mmol+1m-3]	[µmol+1mol_a-1]	[µmol+1mol_d-1]	[s]	[1=default]	[K]	[K]	[Pa]	[kg+1m-3]	[J+1kg-1K-1]	[m+3mol-1]	[mm]	[kg+1m-3]	[Pa]	[Pa]	[kg+1kg-1]	[%]	[Pa]	[K]	[m+1s-1]	[m+1s-1]	[m+1s-1]	[m+1s-1]	[m+1s-1]	[m+1s-1]	[m+1s-1]	[m+1s-1]	[deg_from_north]	[deg]	[deg]	[deg]	[m+1s-1]	[m+2s-2]	[m]	[#]	[#]	[K]	[0=KJ/1=KM/2=HS]	[m]	[m]	[m]	[m]	[m]	[m]	[m]	[kg+1m-1s-2]	[#]	[W+1m-2]	[#]	[W+1m-2]	[#]	[µmol+1s-1m-2]	[#]	[mmol+1s-1m-2]	[#]	[µmol+1s-1m-2]	[#]	[µmol+1s-1m-2]	[#]	8u/v/w/ts/co2/h2o/ch4/none	8u/v/w/ts/co2/h2o/ch4/none	8u/v/w/ts/co2/h2o/ch4/none	8u/v/w/ts/co2/h2o/ch4/none	8u/v/w/ts/co2/h2o/ch4/none	8u/v/w/ts/co2/h2o/ch4/none	8u/v/w/ts/co2/h2o/ch4/none	8u/v/w/ts/co2/h2o/ch4/none	8co2/h2o/ch4/none	8co2/h2o/ch4/none	8aa	8U	[#]	[#]	[#]	[#]	[#]	[#]	[#]	[#]	[#_flagged_recs]	[#_flagged_recs]	[#_flagged_recs]	[#_flagged_recs]	[#_flagged_recs]	[#_flagged_recs]	[#_flagged_recs]	[#_flagged_recs]	[#_flagged_recs]	[#_flagged_recs]	[#_flagged_recs]	[#_flagged_recs]	[#_flagged_recs]	[#_flagged_recs]	[#_flagged_recs]	[#_flagged_recs]	[#_flagged_recs]	[#_flagged_recs]	[#_flagged_recs]	[#_flagged_recs]	[#_flagged_recs]	[#_flagged_recs]	[#_flagged_recs]	[#_flagged_recs]	[#_flagged_recs]	[#_flagged_recs]	[#_flagged_recs]	[#_flagged_recs]	[#_flagged_recs]	[#]	[#]	[m+2s-2]	[m+2s-2]	[m+2s-2]	[K+2]	--	--	--	--	[m+1s-1K+1]	--	--	--	--	--	--	--	--	--	--	--	--	--	--	--	--	--	--	--	--	--	--	207
DATA	2026-03-23T233000_AIU-0547.ghg	2026-03-24	00:00:00	83	0	18000	18000	0.2233739122780207	0	NaN	42.48360815907356	0	NaN	84.45923966506778	0	NaN	-0.9627477096393401	0	NaN	1.8834976174194504	0	NaN	-0.0010773282181047385	0	NaN	NaN	NaN	NaN	NaN	NaN	NaN	NaN	NaN	NaN	2.5784550933537123e-10	2.4137537525036718e-12	1.3888419385654834e-12	NaN	17.44958538474609	424.5260000499972	426.2198359808781	0.1	1	163.3497605237766	3.974089866049438	3.9899462710914646	0.7	0	0.09398928860689748	2.1131876166449954	2.121619121696145	-0.1	0	NaN	NaN	NaN	NaN	9	277.8384620647431	278.08408731163865	95916.46548763021	1.199834907438438	1007.3677524941509	0.024104214955743213	0.12205064560878039	0.002970978343194552	381.2829011568395	865.922946219511	0.002476155948435755	44.031966449377876	484.6400450626715	266.8278958089916	2.009804771749609	-0.26398691387910617	0.17639421846043174	2.0347282942824454	-1.3191975818517402e-13	1.4776598048041426e-14	2.0347282942824454	8.337592764888793	339.48293635832204	352.51706364167796	4.973315915195489	NaN	0.4314748424969375	1.8738567896965155	-159.90292485085027	-0.018136003470261598	0.5030072296121406	0.08146224573260957	0	65.9098814304858	-10.00207878902619	22.624729454374055	56.33877532859733	85.92018713923716	120.50428413345483	180.53737638750889	0.22144170036799432	1.008725600945149	46.419957489949105	1.0132997160474975	77.32196406598281	1.092305927368766	-0.8813901724020521	1.092305927368766	1.7243315908360675	1.092305927368766	-0.019563219613782473	1.1503376707861754	NaN	NaN	800000009	800000009	800000009	800000009	800001009	800011119	899999999	899999999	89999	89999	89	89	18	5	5	71	36	10	0	NaN	0	0	0	0	0	0	0	0	0	NaN	NaN	NaN	NaN	0	0	0	0	0	0	0	0	16314	0	0	0	18000	18000	18000	18000	100	NaN	1.2226354966735264	2.244908044296444	0.28017003842306093	0.06233133254765126	0.35945677313421737	0.05672770923692076	2.5304870613295852e-8	NaN	0.03840565720121922	-0.021330008283169125	0.04172954074950369	-0.000019563219613782474	NaN	424.5257900968592	3.9740265932142993	96309.36206684027	11.369999885559082	-6.346805148177669	101.81831964111328	101.59678264554341	102.039855070538	-0.4430731860258514	0.0002700011234200145	-1	0	2.1095786885142322	65.55064271123668	1.0000532235105832	-273.1499938964844	9.000272115998797	-273.1499938964844	189
DATA	2026-03-24T000000_AIU-0547.ghg	2026-03-24	00:30:00	83.02	0	18000	18000	0.19689218591310795	1	NaN	68.09910194648042	0	NaN	102.15665424878615	0	NaN	-2.127551337077658	0	NaN	2.2773482567055496	0	NaN	-0.001959341101136718	0	NaN	NaN	NaN	NaN	NaN	NaN	NaN	NaN	NaN	NaN	1.0634004451470952e-10	9.917012185574654e-13	5.721138230173962e-13	NaN	17.476698349365243	424.60845349605125	426.2965000215534	0.1	1	162.9834097636601	3.9597944750116048	3.9755367836025193	0.6	0	0.09402535754058386	2.110340160366244	2.118729895299694	-0.2	0	NaN	NaN	NaN	NaN	9	277.45430902693	277.70899415334065	95937.45413107639	1.2017248989450495	1007.3538241668139	0.024066435765914038	0.1475721670345196	0.0029649383214180223	379.9945029835904	843.5212721592418	0.0024672354912682872	45.048597531024	463.5267691756514	266.7837145118707	2.602731025134484	0.25783820269976154	0.26821218210598485	2.6291875365974575	-1.2792299622194836e-14	6.084675857472348e-15	2.6291875365974575	9.082283463389793	326.34248224961516	5.657517750384795	5.855118936219106	NaN	0.4047731630229147	2.3949399105886426	-82.37004533188558	-0.035206973461229904	0.6666144505930663	0.13897688561366975	0	52.93524172460477	-8.033127157178397	18.170955502085306	45.24824845319886	69.00643388405612	96.7825047020096	144.99782812503076	0.19531454452410665	1.0080774393573468	72.59829501512537	1.0136548434470352	92.99821584513796	1.0984797215776585	-1.9368143947364147	1.0984797215776585	2.0731818821696377	1.0984797215776585	-0.02933679990030921	1.1542488563122968	NaN	NaN	800000009	800000009	800000009	800000009	800000009	800111009	899999999	899999999	89999	89999	89	89	14	3	5	65	32	2	0	NaN	0	0	0	0	0	0	0	0	0	NaN	NaN	NaN	NaN	0	0	0	0	0	0	0	0	15420	0	0	0	18000	18000	18000	18000	100	NaN	2.456722585940083	1.9066285663460234	0.4265286688911787	0.08724634229329717	0.6811513370704364	0.06752995039463205	4.652609099128581e-8	NaN	0.05997072819669688	-0.046797577718235374	0.0500925078409874	-0.00002933679990030921	NaN	424.60841027982593	3.959727328857393	96329.20200108507	11.376380031585693	-6.395374058352577	101.84667497253417	101.62454029443529	102.06877890162998	-0.44425598327318827	0.00027020778899895955	-1	0	2.1067362164126506	65.45667954093439	1.0000740970720847	-273.1499938964844	9.000465799390982	-273.1499938964844	141
DATA	2026-03-24T003000_AIU-0547.ghg	2026-03-24	01:00:00	83.041	0	18000	18000	0.19719749314624077	1	NaN	55.828296828017	0	NaN	77.15928305931892	0	NaN	-1.1255212317051981	1	NaN	1.7193011164777436	0	NaN	0.007846693761010881	1	NaN	NaN	NaN	NaN	NaN	NaN	NaN	NaN	NaN	NaN	5.511170933859527e-12	4.9815715304804454e-14	2.9730609437266156e-14	NaN	17.512150412856574	424.77718459779766	426.41443675530934	0.1	1	158.29309411944521	3.8395795648242212	3.854378758741377	0.6	0	0.0944711950653804	2.115539517161717	2.123693607739943	-0.1	0	NaN	NaN	NaN	NaN	9	276.9530865614149	277.22753415256074	95964.2927983941	1.204203517286238	1007.2808577346219	0.024017993065259795	0.11141071234775778	0.002880724661532505	368.5613737567318	815.518545485316	0.0023922240885198807	45.19349998808433	446.9571717285842	266.3857114923477	2.3572631415255354	0.06068852105825861	0.16659232521695885	2.3639216606740026	-1.807561981985399e-14	3.1470555037110073e-16	2.3639216606740026	8.894221054438587	330.5252269415604	1.4747730584395566	4.0411472964358675	NaN	0.40466975752939177	2.1784539699399117	-100.41497255648068	-0.028880155281313543	0.7235460804514867	0.11373736370325983	0	56.88154729009927	-8.631994251686498	19.525594500454165	48.62149109613816	74.15084175336035	103.99760988533988	155.8073704539639	0.19557598390478795	1.0082909425230975	59.18375308307867	1.0134332017912093	70.42596447149312	1.09560846824542	-1.0273024208252812	1.09560846824542	1.5692659981271837	1.09560846824542	-0.014933927860632263	1.1523596336573279	NaN	NaN	800000009	800000009	800000009	800000009	800000009	800011109	899999999	899999999	89999	89999	89	89	13	3	2	67	54	4	0	NaN	0	0	0	0	0	0	0	0	0	NaN	NaN	NaN	NaN	0	0	0	0	0	0	0	0	16548	0	0	0	18000	18000	18000	18000	100	NaN	2.461543584328576	1.5391921281248102	0.35617222742643767	0.07320171558473432	0.3646719792569387	0.04947341317333507	5.288657109585037e-8	NaN	0.04879238306390936	-0.024768869976428864	0.03783593290359209	-0.000014933927860632263	NaN	424.7778192962353	3.8395345659007916	96355.83640863716	11.380000114440918	-6.787593218511994	101.89623515150282	101.67549696689181	102.11699359809027	-0.44149482746919	0.0002696400066844135	-1	0	2.1120285037093693	65.56600900888442	1.0000577633049752	-273.1499938964844	9.000328652646807	-273.1499938964844	002
DATA	2026-03-24T010000_AIU-0547.ghg	2026-03-24	01:30:00	83.062	0	18000	18000	0.15540293791600282	1	NaN	59.90848247375355	0	NaN	80.03801653891402	0	NaN	-1.0912932013116048	0	NaN	1.7827916421661156	0	NaN	-0.009872899012259177	1	NaN	NaN	NaN	NaN	NaN	NaN	NaN	NaN	NaN	NaN	-3.663612783390837e-10	-3.2535713238677414e-12	-1.970914193516242e-12	NaN	17.54324805288807	424.9059564831528	426.51540953053706	0.1	1	155.7976024407983	3.773493316820044	3.7877865038779692	0.6	0	0.09437743187425889	2.109611837795552	2.117602597043175	-0.1	0	NaN	NaN	NaN	NaN	9	276.53493464406336	276.8415572416517	96004.9797578125	1.2064238978927353	1007.2388891511515	0.02397438875268126	0.11552489841236428	0.0028362913205270436	362.37132570316476	793.6661278140084	0.0023509906637966997	45.65790488013426	431.29480211084365	266.16562519206	1.6527174513453322	-0.08471013164797417	0.1510325588067648	1.661764608542774	-3.729530812634572e-14	-2.08833208784716e-14	1.661764608542774	8.281588928751987	334.9341309973777	357.06586900262226	5.214629243185725	NaN	0.3589051141105048	1.9153350024451783	-65.30184357199184	-0.04440915970163848	0.7485003385188387	0.13736505207341052	0	53.64750972820497	-8.14121657467227	18.415454058761632	45.8570844298028	69.93494716361899	98.08475777881921	146.94884053567168	0.15393112003051124	1.009561535608913	63.38121088050899	1.0134239839795522	73.49072582464407	1.089090026541477	-1.002022950092679	1.089090026541477	1.6369552550467872	1.089090026541477	-0.03291304311693732	1.1486409178632926	NaN	NaN	800000009	800000009	800000009	800000009	800001009	800011109	899999999	899999999	89999	89999	89	89	18	21	0	89	49	12	0	NaN	0	0	0	0	0	0	0	0	0	NaN	NaN	NaN	NaN	0	0	0	0	0	0	0	0	16086	17997	0	0	18000	18000	18000	18000	100	NaN	1.7076337608514818	1.7987172133926452	0.3243190306462297	0.07759709835959487	0.2565631281554508	0.05077574368091043	9.570261099453829e-8	NaN	0.052158862927540774	-0.024113905815153026	0.03939369336816793	-0.000032913043116937316	NaN	424.9057972508143	3.77341711621847	96399.5050625	11.350865373770397	-7.0086826122336445	101.91864162317911	101.69784861183166	102.13942098532783	-0.44159821222143025	0.0002693308970063097	-1	0	2.1061569809251366	66.7842543775947	1.0000562958336539	-273.1903688981798	9.000318991449143	-273.1499938964844	065
DATA	2026-03-24T013000_AIU-0547.ghg	2026-03-24	02:00:00	83.083	0	18000	18000	0.07970606077925171	1	NaN	49.667955182877826	0	NaN	55.829338227679045	0	NaN	-0.7621224590670783	0	NaN	1.2432365211002259	0	NaN	-0.009708382492990298	0	NaN	NaN	NaN	NaN	NaN	NaN	NaN	NaN	NaN	NaN	-2.4911348522586957e-10	-2.2294699578829967e-12	-1.34537678935359e-12	NaN	17.570204855206036	425.109960149929	426.73349794389617	0.1	1	157.2465811837308	3.80457077260096	3.819100811927637	0.7	0	0.09489067111300313	2.118429834288541	2.126520331388684	-0.1	0	NaN	NaN	NaN	NaN	9	276.2614587741428	276.56802164459225	96036.61806922744	1.2080008465241499	1007.2514157187433	0.02394281033819455	0.08056172656729463	0.002863421859361733	365.47611901584133	778.4947704397352	0.0023703806728288487	46.94650919869391	413.0186514238939	266.2764299153344	1.3925379557818633	-0.09404436507222047	0.14881803852791564	1.403621426698151	-1.8505989341235757e-13	-1.4178177618234057e-14	1.403621426698151	6.203532659172592	335.8635755739516	356.13642442604845	6.086186498895895	NaN	0.25686921215997854	1.80632937832161	-28.88265836297885	-0.1004062702108181	0.8896389740520597	0.15891288119537675	0	49.150570382471734	-7.458788679654221	16.871800302120448	42.0131683133279	64.07273254946124	89.86291842957559	134.63102697521637	0.07887904061308798	1.0104846630959976	51.979890324318816	1.0137740058673017	51.344309287520026	1.0873520162681236	-0.7008976372552669	1.0873520162681236	1.1433615816220306	1.0873520162681236	-0.028133914866349013	1.1479990735959011	NaN	NaN	800000009	800000009	800000009	800000009	800011009	800011109	899999999	899999999	89999	89999	89	89	1	9	3	75	43	7	0	NaN	0	0	0	0	0	0	0	0	0	NaN	NaN	NaN	NaN	0	0	0	0	0	0	0	0	13855	18000	0	0	18000	18000	18000	18000	100	NaN	1.9634363134811421	1.4424513803866998	0.20677106277537782	0.08096276965165126	0.16619249916514375	0.06368098046477108	3.477713013073272e-8	NaN	0.04271990062081653	-0.016845566536890007	0.027479866638390468	-0.000028133914866349012	NaN	425.11042621264335	3.8044802549051795	96433.31568142361	11.350000381469727	-6.90220492410658	101.93225387064616	101.71042137887743	102.15406332227919	-0.44363900656832617	0.0002689698884916854	-1	0	2.1149381254525097	66.97055690523436	1.000072875307666	-273.1499938964844	9.00040323474672	-273.1499938964844	146
DATA	2026-03-24T020000_AIU-0547.ghg	2026-03-24	02:30:00	83.104	0	18000	18000	0.07980408844764185	2	NaN	70.43728596498912	1	NaN	80.78627778002112	1	NaN	0.08590733797510956	1	NaN	1.7983470055893818	1	NaN	-0.000773256685263105	1	NaN	NaN	NaN	NaN	NaN	NaN	NaN	NaN	NaN	NaN	1.582707243228753e-10	1.4274869253814618e-12	8.542457103254826e-13	NaN	17.617347956679904	425.73229449816097	427.37332083885104	0.2	0	158.89567685779264	3.8397959364171452	3.854596801552272	0.7	0	0.09508735101637532	2.1191801691444394	2.1273487542463365	-0.1	0	NaN	NaN	NaN	NaN	9	275.8724669083489	276.19175199381505	96056.14726605902	1.2098764106101794	1007.2646475215234	0.023905375048161547	0.11653288596219193	0.0028944588328097863	368.9349402937072	758.0446096884026	0.002392359093397001	48.66929143462407	389.1096693946954	266.39888819922595	2.093246508794181	0.3982182496539093	0.21878679358950207	2.1419912189327412	-4.4473801893436714e-14	8.983799645216429e-15	2.1419912189327412	8.670882368137875	321.2287871457578	10.77121285424216	5.8625170257175725	NaN	0.2568278203649252	1.7837287022158015	-20.359346288625193	-0.14244072274659603	0.8718966624107619	0.22504840894924222	0	46.51502198852809	-7.058834042862493	15.967101824703608	39.7603411861749	60.63702903570232	85.04429540039871	127.41185160942948	0.07912682645249347	1.0085591957306035	73.80167540156788	1.0133227834601681	73.88913303848744	1.093344507614416	0.07857298168767685	1.093344507614416	1.6448127676730373	1.093344507614416	-0.027803049403932266	1.1509516621354843	NaN	NaN	800000009	800000009	800000009	800000009	800000009	800011109	899999999	899999999	89999	89999	89	89	6	3	2	69	43	4	0	NaN	0	0	0	0	0	0	0	0	0	NaN	NaN	NaN	NaN	0	0	0	0	0	0	0	0	10701	604	0	0	18000	18000	18000	18000	100	NaN	2.080711302036277	1.2495059942125009	0.23724010818282523	0.13470990059826457	0.1946011893379902	0.06858450847289033	7.237588254421168e-8	NaN	0.06055940788733256	0.0018855586986215327	0.03947146913703119	-0.000027803049403932268	NaN	425.7319561992064	3.8397216038144037	96449.25823372396	11.350000381469727	-6.781303707030087	101.95599764675565	101.73219901911418	102.17981732050578	-0.4475880842689013	0.0002687279592048273	-1	0	2.1156435770856024	65.71541347196369	1.0000714516838392	-273.3518689049614	9.000401110834545	-273.1499938964844	154
DATA	2026-03-24T023000_AIU-0547.ghg	2026-03-24	03:00:00	83.124	0	18000	18000	0.04448500907817871	2	NaN	70.25430192226335	1	NaN	76.10330899088811	1	NaN	-0.11463341227711896	1	NaN	1.6933005159098593	1	NaN	-0.0030483480764147922	1	NaN	NaN	NaN	NaN	NaN	NaN	NaN	NaN	NaN	NaN	1.5593920062411417e-10	1.3529848634713503e-12	8.438531860816693e-13	NaN	17.672517738689947	426.1473596153432	427.7288478968097	0.1	1	153.33315102411098	3.697408508317579	3.7111300722220864	0.7	0	0.09563349267016961	2.1263593180581037	2.134250514067699	-0.1	0	NaN	NaN	NaN	NaN	9	275.35424037679036	275.69415915934246	96073.91116688368	1.212349598041288	1007.1798667965519	0.023857894525281476	0.10972587343095888	0.0027926731921319534	355.31978178662916	731.7309617419752	0.002303521357736983	48.558801029923195	376.41117995534603	265.91079840168214	2.222198156625157	0.6761449867516534	0.26782303036311755	2.3381757560137078	5.976984955974249e-14	8.823824818278204e-15	2.3381757560137078	7.743074389044887	315.076644719254	16.923355280746044	6.577300362980905	NaN	0.19155474103373876	1.5866765867145962	-8.47013316592828	-0.34237950492507707	0.923143853451562	0.30036208394457503	1	26.422361351355317	12	21	35	54	87	204	0.044118057974102835	1.0083174808893736	73.35051605401301	1.013416499480433	69.47944387792285	1.0953356092573732	-0.1046559714742035	1.0953356092573732	1.545919352569849	1.0953356092573732	-0.029635775967533806	1.1521880468497119	NaN	NaN	800000009	800000009	800000009	800000009	800000009	800010109	899999999	899999999	89999	89999	89	89	3	1	6	64	43	7	0	NaN	0	0	0	0	0	0	0	0	0	NaN	NaN	NaN	NaN	0	0	0	0	0	0	0	0	11671	0	0	0	18000	18000	18000	18000	100	NaN	1.9650214125476948	0.9537681933875366	0.2545635674939615	0.13747576258068714	0.1784953900904093	0.06276005164376149	1.893692494505279e-7	NaN	0.06007147075102728	-0.0025061398371956584	0.03701929302258675	-0.000029635775967533806	NaN	426.1476000758168	3.6973421362158994	96466.23314127604	11.375520357131956	-7.269793193022374	102.00344091754489	101.77844216664631	102.22846652348836	-0.4500021541524265	0.00026829530347216254	-1	0	2.1229274077481683	65.85062332391736	1.0000461839338144	-273.1499938964844	9.000250500573053	-273.1499938964844	249
DATA	2026-03-24T030000_AIU-0547.ghg	2026-03-24	03:30:00	83.145	0	18000	18000	0.08721689226147165	1	NaN	64.43354375657061	0	NaN	80.0474102391189	0	NaN	0.3856750434875711	1	NaN	1.7804836096243901	0	NaN	-0.0005711997067204975	0	NaN	NaN	NaN	NaN	NaN	NaN	NaN	NaN	NaN	NaN	2.708467764883863e-10	2.2935561953460436e-12	1.460436805803492e-12	NaN	17.69603011017871	426.2073029586017	427.75112687136493	0.3	0	149.85166158686346	3.609163870718412	3.6222371180560753	0.6	0	0.09541901891758338	2.118222703132984	2.1258954080325814	-0.1	0	NaN	NaN	NaN	NaN	9	275.00553131696915	275.35533233388264	96071.80995421007	1.2138554149115743	1007.1269575700856	0.023829094446279644	0.11537533790366047	0.002729316223547748	346.8319145221228	714.278919942541	0.0022484689609812963	48.556929910520545	367.44700542041824	265.5980331679188	1.956408412574613	0.19806260446195553	0.21740917907575374	1.9783906144201011	-7.171072297307976e-14	1.5305510603341252e-14	1.9783906144201011	6.3234409626663455	326.2191934676536	5.7808065323463325	6.309086318134691	NaN	0.2680506247897815	1.100376712766895	-25.305085765212503	-0.1146014689263254	0.8049422656409958	0.1966273892976147	0	55.307682676421756	-8.393154224552394	18.985337708764707	47.27617529609191	72.09915027396335	101.12008341316417	151.49631144466863	0.0864539983596739	1.0088242755253942	67.81681228230538	1.0132967318210464	73.31839592709967	1.0917779805045091	0.35325409595580154	1.0917779805045091	1.6308110636208573	1.0917779805045091	-0.02572265096509176	1.1500351954511459	NaN	NaN	800000009	800000009	800000009	800000009	800000009	800011019	899999999	899999999	89999	89999	89	89	5	6	3	67	9	1	0	NaN	0	0	0	0	0	0	0	0	0	NaN	NaN	NaN	NaN	0	0	0	0	0	0	0	0	10402	0	0	0	18000	18000	18000	18000	100	NaN	1.053079734476617	0.9800416436520797	0.1676320474050936	0.11564529704243884	0.20569410680399022	0.05722030407480865	4.234596592993985e-8	NaN	0.05547357962912837	0.008448224421314099	0.039001551608207695	-0.00002572265096509176	NaN	426.20775046805034	3.6091012724296263	96466.90373307292	11.390000343322754	-7.581032396448982	102.029429977417	101.80404934395685	102.2548125597636	-0.450744866742856	0.0002678659146832716	-1	0	2.1148971003856927	65.69616902885431	1.000041287922197	-273.1499938964844	9.000231806331211	-273.1499938964844	011
DATA	2026-03-24T033000_AIU-0547.ghg	2026-03-24	04:00:00	83.166	0	18000	18000	0.04827893010625276	1	NaN	59.925028562122336	1	NaN	65.90646646045798	1	NaN	0.32855746046859385	1	NaN	1.4655831805921884	1	NaN	-0.004226626526336001	1	NaN	NaN	NaN	NaN	NaN	NaN	NaN	NaN	NaN	NaN	-1.4017345437548285e-10	-1.1678986701598354e-12	-7.564001032142693e-13	NaN	17.71836508439698	426.4502440737436	427.97086850300957	-0.1	0	147.62606166530387	3.553102655292587	3.565772210000107	0.6	0	0.0956113497975555	2.119900502723132	2.1274595850237077	-0.1	0	NaN	NaN	NaN	NaN	9	274.72766762881804	275.09290862274173	96061.17536154515	1.2149046608739549	1007.0926853448906	0.023809019967551293	0.0949697901023738	0.002689187166572199	341.40677144154097	701.0164008254723	0.002213496460403488	48.70168102194501	359.6096293839313	265.3945396977177	1.9697546264131325	0.23000314180405526	0.2046348042598186	1.993667509047121	-4.9005034400787885e-14	-7.911195740002074e-15	1.993667509047121	6.235604980494353	325.33988048502374	6.660119514976206	5.891351658068791	NaN	0.19934608897363845	1.0268182058970237	-11.190368331319602	-0.25915143399556206	0.9092435352770075	0.24569079767765362	1	21.3844356654819	9	17	29	45	74	177	0.04785793613686439	1.0087967430978304	62.622199513391394	1.0132968632028783	60.358194575445864	1.091922429490116	0.3008981696822704	1.091922429490116	1.3422044835882316	1.091922429490116	-0.026856283782394474	1.150116051756792	NaN	NaN	800000009	800000009	800000009	800000009	800000009	800011019	899999999	899999999	89999	89999	89	89	3	1	2	69	44	4	0	NaN	0	0	0	0	0	0	0	0	0	NaN	NaN	NaN	NaN	0	0	0	0	0	0	0	0	10536	0	0	0	18000	18000	18000	18000	100	NaN	0.8242157885113566	1.0629707521730922	0.16644987110959833	0.11640120352060432	0.1466584228354312	0.049341155382657514	4.0939766175081696e-8	NaN	0.051181932259010236	0.0071896429218415246	0.03207055388633255	-0.000026856283782394473	NaN	426.4505857854123	3.5530534687871147	96456.17543706598	11.351151491483053	-7.7812096937629835	102.042564485338	101.81636425145467	102.26880175293816	-0.45243666478163685	0.0002674816439523258	-1	0	2.116628790584979	65.57545578220159	1.0000197654399607	-273.1499938964844	9.000100850317214	-273.1499938964844	127
DATA	2026-03-24T040000_AIU-0547.ghg	2026-03-24	04:30:00	83.187	0	18000	18000	0.12993191577363083	0	NaN	87.29986821250037	0	NaN	92.77570542579971	0	NaN	-0.05397170737491864	2	NaN	2.062801048803805	0	NaN	-0.008659271474633004	0	NaN	NaN	NaN	NaN	NaN	NaN	NaN	NaN	NaN	NaN	1.2082896500232397e-10	1.030575538785078e-12	6.528525649426519e-13	NaN	17.73322154748939	426.47831718813524	428.03530539345155	0.1	1	151.25035913654918	3.6375228531326274	3.6508027315007405	0.8	0	0.09581460183617461	2.123066306819486	2.13081720309158	-0.1	0	NaN	NaN	NaN	NaN	9	274.5923223368327	274.9489629321628	96086.25468532986	1.2158191919040793	1007.1362784016409	0.02379035050647061	0.13366950796248656	0.0027552415807709316	349.6097012427394	693.8345693957802	0.00226616062578843	50.388048774680385	344.22486815304086	265.7011326344672	2.4377461672477443	0.17228676225706385	0.3037564796157789	2.4626321494059935	-4.7089148180882675e-15	6.8137063916302646e-15	2.4626321494059935	6.45918120853625	327.95736497846804	4.042635021531991	7.085264732092517	NaN	0.32690640049453784	1.0886354483658578	-33.88223244467505	-0.08559058216530728	0.9409776817307111	0.2180885825103585	0	61.67197114814263	-9.358959553718105	21.169991993026184	52.71627335957923	80.39564307034429	112.75603252517081	168.92908356199646	0.1288751971167271	1.0081995502668106	91.02241086292238	1.0135054857329564	84.5986043376248	1.0966576358108808	-0.04921472810884261	1.0966576358108808	1.8809890903449984	1.0966576358108808	-0.04119157438256416	1.153038981438878	NaN	NaN	800000009	800000009	800000009	800000009	800000009	800011009	899999999	899999999	89999	89999	89	89	6	1	0	44	30	0	0	NaN	0	0	0	0	0	0	0	0	0	NaN	NaN	NaN	NaN	0	0	0	0	0	0	0	0	8732	0	0	0	18000	18000	18000	18000	100	NaN	0.9277166542852869	1.0596588918847272	0.1898953505617016	0.18184862129774262	0.24256830976850266	0.08193031650099618	7.937872026210995e-8	NaN	0.07433461554528796	-0.0011751112724864557	0.04491280493514106	-0.00004119157438256416	NaN	426.47827393727687	3.637441459418728	96480.41251584202	11.356093563715618	-7.487951210737209	102.04910880406698	101.82251581954957	102.27569113286336	-0.4531610391156539	0.00026765174675448284	-1	0	2.1197032842636103	65.49701058509613	1.0000182073762018	-273.1499938964844	9.00009433860249	-273.1499938964844	112
DATA	2026-03-24T043000_AIU-0547.ghg	2026-03-24	05:00:00	83.208	0	18000	18000	0.048661770782227255	2	NaN	83.12356136214343	1	NaN	65.37153469355331	1	NaN	-0.09906718680638814	1	NaN	1.4530073189732566	1	NaN	0.0001686200907679973	1	NaN	NaN	NaN	NaN	NaN	NaN	NaN	NaN	NaN	NaN	1.7212652335348035e-10	1.3733543521929353e-12	9.337033354654764e-13	NaN	17.738573003681108	425.98500059478914	427.4377878866127	0.1	1	141.53162430562142	3.398827462135774	3.4104188875080226	0.5	0	0.09622319940734464	2.12847305679048	2.13573204150491	-0.1	0	NaN	NaN	NaN	NaN	9	274.22721349673805	274.5998267101712	96112.92733311631	1.2178130164378618	1007.0019434504646	0.023753547234657307	0.09415487426946703	0.0025784305523732544	326.75888299261595	676.6851469567574	0.0021172630917636586	48.28817131011995	349.92626396414147	264.83038371417484	3.4571257554219987	0.9709062397312382	0.3893641133192578	3.6119221791026592	2.3335605526452208e-14	9.7035157967758e-15	3.6119221791026592	8.514910220648867	316.3130255960011	15.686974403998896	6.1884931692733	NaN	0.19989579044647646	1.6516474309649796	-8.137097550687255	-0.3563924337806504	1.2715559111746042	0.3390857765694285	1	43.026966148076305	19	34	57	86	138	318	0.04827936740565606	1.007920637678579	85.30677874871503	1.0150273743080709	58.88714224204056	1.1101155906812443	-0.0892404247251348	1.1101155906812443	1.3088793015523636	1.1101155906812443	-0.02975677902646511	1.1625592574971768	NaN	NaN	800000009	800000009	800000009	800000009	800000009	800011019	899999999	899999999	89999	89999	89	89	1	4	1	67	47	1	0	NaN	0	0	0	0	0	0	0	0	0	NaN	NaN	NaN	NaN	0	0	0	0	0	0	0	0	11378	0	0	0	18000	18000	18000	18000	100	NaN	2.21041222285659	0.8167330249802562	0.27614961409311306	0.14797099521148957	0.08928592642592623	0.04174147785873599	1.19515168861127e-7	NaN	0.0695620901050305	-0.0021270079160586757	0.031196586570963598	-0.00002975677902646511	NaN	425.98469081344365	3.3987819225266813	96505.46260980902	11.369999885559082	-8.344198417213246	102.05717027621799	101.82826982371013	102.28604645856221	-0.45777865900927106	0.00026723365056225	-1	0	2.125320377555158	65.99315613879101	1.0000316217492025	-273.1499938964844	9.000210719214545	-273.1499938964844	047
DATA	2026-03-24T050000_AIU-0547.ghg	2026-03-24	05:30:00	83.229	0	18000	18000	0.1370157866726795	1	NaN	93.18515962855605	1	NaN	90.90990598607206	1	NaN	-0.956262369249291	1	NaN	2.0198259922414783	1	NaN	-0.004100214528300714	1	NaN	NaN	NaN	NaN	NaN	NaN	NaN	NaN	NaN	NaN	-5.34127767010473e-11	-3.896665070089539e-13	-2.8949849980615627e-13	NaN	17.76470347071151	426.077839318618	427.4063892450337	0.1	1	129.60026377633096	3.108399780271165	3.1180920569358093	0.5	0	0.09628510858098416	2.125409829052079	2.13203705255778	-0.1	0	NaN	NaN	NaN	NaN	9	273.77132536824547	274.17191518995503	96104.09202951388	1.219735692303911	1006.8387312264477	0.02371871222912397	0.1308847242972478	0.0023615685564679595	298.8100696913998	656.178968929051	0.0019361313859786171	45.5378919228526	357.36889923765125	263.6884854230039	3.3424421551714696	1.0036983564715265	0.3953845470782747	3.5122156669999005	-2.7951284492716762e-14	-3.0066798913423133e-15	3.5122156669999005	10.329941951715545	315.2855697314746	16.714430268525412	6.463723019219833	NaN	0.3351601977859101	1.948196138870991	-34.20913798254207	-0.08477267101790041	1.0250275656740044	0.22639595824147754	0	46.54549947360466	-7.063459118805753	15.977563759080388	39.78639288202145	60.67675951563155	85.10001796341399	127.49533416280678	0.13594123777401512	1.0079045101858692	96.5302429219465	1.014859675076005	81.9823125118702	1.1088965802582016	-0.8623548726488358	1.1088965802582016	1.8214737318165146	1.1088965802582016	-0.03843663705211682	1.1616474905957086	NaN	NaN	800000009	800000009	800000009	800000009	800000009	800011009	899999999	899999999	89999	89999	89	89	11	2	1	72	50	5	0	NaN	0	0	0	0	0	0	0	0	0	NaN	NaN	NaN	NaN	0	0	0	0	0	0	0	0	10943	0	0	0	18000	18000	18000	18000	100	NaN	2.1797815420594744	1.313246214401639	0.4033645212808684	0.1317613395199253	0.09732063550293035	0.04501215512093123	8.224397425006774e-8	NaN	0.07860275224071325	-0.020517741514553264	0.04333775849165825	-0.00003843663705211682	NaN	426.0775383941279	3.1083414536842024	96496.19203168403	11.369999885559082	-9.491750655757064	102.08296633529663	101.8530821685791	102.31285391150581	-0.45976468997697034	0.0002664425174653944	-1	0	2.1225327899522255	66.10432086397101	1.0000240257730086	-273.1499938964844	9.000172549300723	-273.1499938964844	168
DATA	2026-03-24T053000_AIU-0547.ghg	2026-03-24	06:00:00	83.249	0	18000	18000	0.06124696543676302	1	NaN	89.05416658168663	1	NaN	91.89986075762272	1	NaN	0.7621522281876764	1	NaN	2.0414143793740287	1	NaN	-0.0019671883839015255	1	NaN	NaN	NaN	NaN	NaN	NaN	NaN	NaN	NaN	NaN	-2.8980985029715834e-10	-2.019052711660484e-12	-1.5708645710892204e-12	NaN	17.78029844794545	426.0020545375208	427.2701406664859	0.1	1	123.87211738540744	2.967879119722772	2.976713645998124	0.5	0	0.09637505718536313	2.125208877948297	2.131535016215882	-0.1	0	NaN	NaN	NaN	NaN	9	273.53468115827775	273.9621532516479	96124.37156184895	1.2209921270125508	1006.7598427579512	0.02369556549629721	0.13228365178343704	0.0022570122946464558	285.3620400743566	646.3293946190354	0.0018485068369513374	44.15117778181155	360.96735454467876	263.104756354852	2.3579049493310653	0.8388896310889867	0.2871337150535902	2.5191064553823788	2.3669416339805394e-14	-1.6299493011639883e-14	2.5191064553823788	8.370562219608455	312.4155834487872	19.584416551212783	6.544932993536355	NaN	0.22396794032946596	1.8179990009525109	-10.682905695110865	-0.27146172425047366	0.9690348369140478	0.3234667459891845	0	36.127518060040835	-5.482490246467914	12.40140786520016	30.88125906145301	47.095868559082604	66.05262529466506	98.9588690556387	0.060751605442400845	1.008153858498963	92.65923161479878	1.0135524703457752	83.75311198506412	1.09727099781094	0.694588875226059	1.09727099781094	1.860446857199961	1.09727099781094	-0.03549022953146041	1.1534406503290286	NaN	NaN	800000009	800000009	800000009	800000009	800000009	800010009	899999999	899999999	89999	89999	89	89	13	2	3	88	15	3	0	NaN	0	0	0	0	0	0	0	0	0	NaN	NaN	NaN	NaN	0	0	0	0	0	0	0	0	10103	0	0	0	18000	18000	18000	18000	100	NaN	2.1571443386279276	1.1394914738718986	0.3393621894051954	0.1433111062772036	0.10785201234547402	0.061205205525570475	4.1024157966349526e-8	NaN	0.07537892621961435	0.0165076821328369	0.04421560211959488	-0.00003549022953146041	NaN	426.0019885171843	2.9678182187428894	96519.16716449652	11.369999885559082	-10.087589790900624	102.10564772881402	101.87624677827623	102.33503824488322	-0.4587781747314664	0.00026628410664205954	-1	0	2.1224668864905833	66.1801922199002	1.0000018086499638	-273.1499938964844	9.000044693549475	-273.1499938964844	116
DATA	2026-03-24T060000_AIU-0547.ghg	2026-03-24	06:30:00	83.27	1	18000	18000	0.11561076142063202	0	NaN	87.70883815364996	0	NaN	89.94847152628464	0	NaN	1.337381411730756	0	NaN	1.9977889349054687	0	NaN	-0.008945337244290651	0	NaN	NaN	NaN	NaN	NaN	NaN	NaN	NaN	NaN	NaN	1.1135425378795913e-10	7.793020406254507e-13	6.041204555891956e-13	NaN	17.802920303473314	426.1786817542595	427.4535922438241	0.2	0	124.59202634510598	2.982570535604197	2.991492874107981	0.6	0	0.09658462033280135	2.128382152837104	2.134749192880695	-0.2	0	NaN	NaN	NaN	NaN	9	273.39072703891327	273.815298951043	96164.21120529514	1.2221465029913334	1006.7656961353756	0.023673052239975317	0.12945672298187436	0.002270341881884787	286.89347842196804	639.5118761301748	0.0018576675352160186	44.86132144378972	352.6183977082067	263.172451603201	2.418507014881287	0.4506768577351201	0.25851263087820747	2.473684416301271	9.20151139956793e-14	6.254830774377738e-15	2.473684416301271	5.994485036869809	321.44428334433303	10.555716655666977	5.998653862133069	NaN	0.3075654132556668	1.0200362263406215	-28.09854300796058	-0.10320819834602822	0.9751009290693705	0.23176837904399053	0	58.426084202600315	-8.866383687020077	20.05578404137279	49.94173801832232	76.16430161226654	106.82151596617446	160.03809634611557	0.11467158381660313	1.00819015114966	91.23328416078209	1.0135143710990608	82.01167310635756	1.096776448026297	1.2193746630294986	1.096776448026297	1.8215096964386754	1.096776448026297	-0.041492201322608654	1.1531168581992446	NaN	NaN	800000009	800000009	800000009	800000009	800000009	800011009	899999999	899999999	89999	89999	89	89	7	15	0	59	30	1	0	NaN	0	0	0	0	0	0	0	0	0	NaN	NaN	NaN	NaN	0	0	0	0	0	0	0	0	8178	0	0	0	18000	18000	18000	18000	100	NaN	0.9678857495672857	0.8797689676436552	0.19241773547030205	0.16382537660359717	0.16381985856805859	0.05967079237550603	6.4644656478158e-8	NaN	0.07414837367468625	0.02895269672156922	0.04324972415398694	-0.00004149220132260866	NaN	426.178702858769	2.982511124452434	96558.62709548611	11.350577033837636	-10.018145106871927	102.12002523591784	101.8906463271247	102.34938107893203	-0.4587504369417827	0.0002660666981408011	-1	0	2.12562303654993	65.94370532994802	1.000009456237157	-273.1499938964844	9.00005701271693	-273.1499938964844	179
DATA	2026-03-24T063000_AIU-0547.ghg	2026-03-24	07:00:00	83.291	1	18000	18000	0.05849212171679446	1	NaN	73.1467982197883	0	NaN	78.13103093848157	0	NaN	1.1764859396137863	0	NaN	1.7350057307014304	0	NaN	-0.005265950183723612	0	NaN	NaN	NaN	NaN	NaN	NaN	NaN	NaN	NaN	NaN	-2.420243878853844e-10	-1.6694228614990315e-12	-1.3122763956654998e-12	NaN	17.82431934884131	426.2816694974788	427.53879725360173	0.1	1	122.94763544947764	2.9403828709777766	2.9490542194903506	0.6	0	0.09664494456387314	2.12780231402934	2.1340773184217694	-0.1	0	NaN	NaN	NaN	NaN	9	273.1865541777434	273.6248290371365	96183.29896918403	1.2232595277202276	1006.7402374824293	0.02365189022413973	0.11242837134945269	0.0022402311079894256	282.8915870874404	630.7644990303098	0.0018313620758503425	44.849002682036925	347.8729119428694	262.99486823904334	1.9023952345292743	0.4499687300621484	0.22044784420298413	1.9672764773684	6.834831810602709e-15	-1.357832426297487e-14	1.9672764773684	5.910673676497185	318.69253974917495	13.307460250825036	6.433928034553459	NaN	0.2186700901471827	0.9905010916893935	-12.110023860220439	-0.2394710393202488	0.9362067457855799	0.2716251023701845	0	46.52206736258993	-7.059903205557605	15.969520273631058	39.76636346595694	60.64621339235296	85.05717659119057	127.43114998049595	0.05797930398770654	1.0088448410694384	76.27523585699555	1.0132969352369896	71.56974228867355	1.0916768516972346	1.0776869893180374	1.0916768516972346	1.5893033987154803	1.0916768516972346	-0.03283753286111847	1.1499773093466017	NaN	NaN	800000009	800000009	800000009	800000009	800000009	800010009	899999999	899999999	89999	89999	89	89	2	2	0	61	7	3	0	NaN	0	0	0	0	0	0	0	0	0	NaN	NaN	NaN	NaN	0	0	0	0	0	0	0	0	7740	0	0	0	18000	18000	18000	18000	100	NaN	1.1357257442321125	0.6733596421040418	0.1719167970426328	0.14648346841143842	0.11552097420566262	0.06305829258445797	6.687847442431509e-8	NaN	0.06193662340760866	0.025564524019284433	0.037700914377840726	-0.00003283753286111847	NaN	426.281345588509	2.9403200393069118	96577.55896679687	11.356093563715618	-10.19881686745751	102.14483675087823	101.91565510601468	102.37400640042623	-0.458346480588946	0.000265835439061953	-1	0	2.1250719507270386	65.88876666741902	1.0000062065935797	-273.1499938964844	9.00005026263661	-273.1499938964844	000
DATA	2026-03-24T070000_AIU-0547.ghg	2026-03-24	07:30:00	83.312	1	18000	18000	0.07422602032292829	1	NaN	75.73074973667349	0	NaN	84.60694079316714	0	NaN	1.496045221274301	0	NaN	1.8785883190412416	0	NaN	-0.002340560830831173	0	NaN	NaN	NaN	NaN	NaN	NaN	NaN	NaN	NaN	NaN	-4.230726477190143e-11	-2.902864592293256e-13	-2.2906600789421445e-13	NaN	17.846606289637815	426.45653251930224	427.70804163378955	0.1	1	122.45244822632712	2.92608273088982	2.934669817563857	0.5	0	0.0966276330854225	2.1261563684561917	2.132395935378121	-0.1	0	NaN	NaN	NaN	NaN	9	273.0559773466322	273.4992169604831	96220.43580295138	1.2243004942767484	1006.7307637741432	0.023631908033196723	0.12173252307387245	0.002231221094801122	281.62447808859736	625.0539044223378	0.0018224456375141862	45.05603054329674	343.4294263337405	262.9381740415576	1.8265599876422502	0.3527014807619724	0.2020831479472355	1.8712448588229964	4.6056442302594495e-14	-2.3706055977973853e-15	1.8712448588229964	4.975986082814461	321.0709217974937	10.92907820250629	6.19968919983921	NaN	0.24622609397489964	0.8708478565457825	-16.703985537044627	-0.17361126143031166	0.8950890911161452	0.2495380723195679	0	54.153100539879425	-8.217941930925704	18.589007023514213	46.289255851278845	70.59403584974815	99.00913903247903	148.33373209797264	0.0735612915671113	1.009036393212462	79.16037672995448	1.0133103879447531	77.5630981597321	1.0908143537398296	1.3714938899961735	1.0908143537398296	1.7221888514764667	1.0908143537398296	-0.03130690339762178	1.1495025427519523	NaN	NaN	800000009	800000009	800000009	800000009	800001009	800011119	899999999	899999999	89999	89999	89	89	0	1	0	59	41	7	0	NaN	0	0	0	0	0	0	0	0	0	NaN	NaN	NaN	NaN	0	0	0	0	0	0	0	0	8737	0	0	0	18000	18000	18000	18000	100	NaN	1.0255531331465066	0.5670359717889433	0.14910660815611498	0.13931313395602737	0.1527621326753907	0.056071407386930075	3.861390787599822e-8	NaN	0.06422535116318806	0.03250615869988231	0.04081807766377892	-0.00003130690339762178	NaN	426.456190668667	2.926020682583456	96614.70039322917	11.369999885559082	-10.251400127795	102.15833183670044	101.92910322740343	102.387534421285	-0.4584111450364192	0.0002659935791226518	-1	0	2.1234488446513806	66.08277549731288	1.000009851904379	-273.1499938964844	9.00005784699652	-273.1499938964844	225
DATA	2026-03-24T073000_AIU-0547.ghg	2026-03-24	08:00:00	83.333	1	18000	18000	0.01630450107238617	1	NaN	61.39357494083795	1	NaN	64.26859748091933	1	NaN	1.5614647548409852	1	NaN	1.4269314591800133	1	NaN	-0.0039948214413806325	1	NaN	NaN	NaN	NaN	NaN	NaN	NaN	NaN	NaN	NaN	-2.358089125830158e-10	-1.6362188221806153e-12	-1.2743673914281618e-12	NaN	17.86986156844334	426.78813237845264	428.055766308001	0.1	1	123.99448149677339	2.9613756648620964	2.97017145833929	0.6	0	0.09657297776708257	2.124456733916017	2.1307667346715715	-0.1	0	NaN	NaN	NaN	NaN	9	272.997627972073	273.44740954081215	96254.1746766493	1.224945456825607	1006.7490996992724	0.02361914972061815	0.09246515855486485	0.002259352729728545	285.1212307710622	622.7120037469128	0.0018444516995749015	45.787013748805656	337.59077297585065	263.094082270629	1.5764240801196447	0.3520588694015906	0.15491974486834578	1.6226701621880155	2.542117678089934e-14	-1.3195900353220101e-14	1.6226701621880155	5.4071586296054415	319.4108580975477	12.589141902452278	5.478493257096267	NaN	0.11537066108595852	0.7725704621632908	-2.120138208475516	-1.3678353554531915	0.9552655160876206	0.43150868444303203	1	20.586474960538297	9	16	26	39	61	134	0.016148202924095353	1.009678980938343	63.94858999814819	1.0134601764566467	59.027158002718224	1.088797083504507	1.434119156358414	1.088797083504507	1.3105577529535204	1.088797083504507	-0.027057490013789567	1.1485106885267338	NaN	NaN	800000009	800000009	800000009	800000009	800000009	800011119	899999999	899999999	89999	89999	89	89	3	2	0	60	22	1	0	NaN	0	0	0	0	0	0	0	0	0	NaN	NaN	NaN	NaN	0	0	0	0	0	0	0	0	9038	0	0	0	18000	18000	18000	18000	100	NaN	0.9320718397366294	0.49173287608356503	0.12133620850638718	0.11079824427389007	0.2285077032890359	0.046119807135584015	3.343175618334652e-8	NaN	0.05185527860657006	0.03397330979106538	0.031046223978508158	-0.000027057490013789567	NaN	426.7876869073225	2.961326588415166	96650.48348263888	11.369999885559082	-10.0886986965073	102.16307858467103	101.93359156587388	102.3926046072642	-0.45900886053426393	0.0002656115318176389	-1	0	2.1217164627843434	65.88651637577127	1.0000107691238325	-273.1499938964844	9.000059244685703	-273.1499938964844	096
DATA	2026-03-24T080000_AIU-0547.ghg	2026-03-24	08:30:00	83.354	1	18000	18000	0.04404856309645576	1	NaN	58.31214003820864	1	NaN	56.46393986307498	1	NaN	0.9013411319862606	1	NaN	1.2538495469666804	1	NaN	-0.0028839070139823585	1	NaN	NaN	NaN	NaN	NaN	NaN	NaN	NaN	NaN	NaN	7.322278391656191e-11	5.067105057920056e-13	3.9598352750587153e-13	NaN	17.8586808273554	426.6470893653614	427.9104733740769	0.1	1	123.58422762399856	2.952449372771132	2.9611921426553693	0.5	0	0.09657845621761649	2.126188947328606	2.1324850013332366	-0.1	0	NaN	NaN	NaN	NaN	9	273.13160091061064	273.61727855682375	96294.75091623265	1.2247051747703253	1006.746658723857	0.023623863526064274	0.08124945064344088	0.0022520930393206623	284.38163885152886	630.4199367133111	0.0018388858687912444	45.10987395705632	346.03829786178227	263.06124894259534	1.4210124590689515	0.5087045072615877	0.14281160264223888	1.5160645891209987	6.659589527023986e-14	4.1001227707928694e-15	1.5160645891209987	4.885649905733561	312.30327425216626	19.69672574783377	5.405212863314393	NaN	0.1896487988895202	0.7169525173450034	-9.91798315671012	-0.2923981573852516	1.0327323984053458	0.24937742366015628	1	15.2269536159792	7	12	21	32	53	127	0.043610841047240535	1.0100370008627229	60.499340992451195	1.0135874585458169	51.894719394294555	1.0880478885349318	0.8284020781474298	1.0880478885349318	1.152384522941359	1.0880478885349318	-0.024562597272893314	1.148212356251411	NaN	NaN	800000009	800000009	800000009	800000009	800000009	800010119	899999999	899999999	89999	89999	89	89	8	0	0	63	1	6	0	NaN	0	0	0	0	0	0	0	0	0	NaN	NaN	NaN	NaN	0	0	0	0	0	0	0	0	9504	0	0	0	18000	18000	18000	18000	100	NaN	0.8919931140657493	0.39694586182520447	0.14496605879905314	0.11712739340682818	0.08040263761594056	0.040690447163129084	3.1618753537620855e-8	NaN	0.04906806074017509	0.0196280239304796	0.0273044112153734	-0.000024562597272893314	NaN	426.64700874274774	2.9523975232337105	96693.15719401042	11.369999885559082	-10.117904605335664	102.1455283355713	101.91560471746655	102.37545309617784	-0.4598688247708811	0.0002653283491187419	-1	0	2.1234581345485317	65.65465877859683	1.0000212367607488	-273.1499938964844	9.000132022566266	-273.1499938964844	211
DATA	2026-03-24T083000_AIU-0547.ghg	2026-03-24	09:00:00	83.374	1	18000	18000	0.052464132947096384	1	NaN	57.131996443471714	0	NaN	65.6942702650515	0	NaN	0.666926399946215	0	NaN	1.4594243080857785	0	NaN	-0.0022702103044136158	0	NaN	NaN	NaN	NaN	NaN	NaN	NaN	NaN	NaN	NaN	9.043227763793472e-11	6.198405069203588e-13	4.895030690794018e-13	NaN	17.821401770877017	426.3900616191575	427.63986513621137	0.1	1	122.15137112789041	2.922560824996352	2.9311272225901748	0.7	0	0.09646589790725318	2.1278905056159827	2.1341276234036846	-0.1	0	NaN	NaN	NaN	NaN	9	273.506107064076	274.05381425930824	96336.16272916667	1.2232940519424436	1006.7367094253951	0.023651382276429996	0.09457069516395844	0.0022267005942085798	281.623817572496	650.6171974714226	0.0018202496698752418	43.2856399534176	368.9933798989266	262.93814442892676	1.1812335519007289	0.368221512432944	0.14192492932468376	1.2454085562249277	-1.5832613668668953e-14	5.074363891268943e-15	1.2454085562249277	4.62278299271716	314.68637237688785	17.313627623112126	6.543558356578477	NaN	0.20709318999994272	0.8184424976340436	-13.185119090555206	-0.21994492276352168	0.8696648309352665	0.22400969442119725	0	52.65361839909331	-7.9903897310222884	18.074283327754994	45.00752107030989	68.63930943616526	96.26760744382177	144.2264182057004	0.05187946245603979	1.011269786990411	59.78918467686979	1.0141504473134195	60.460213875755	1.0865702592460627	0.613790405425761	1.0865702592460627	1.3431476663998034	1.0865702592460627	-0.024209528969950263	1.147912450802365	NaN	NaN	800000009	800000009	800000009	800000009	800000009	800010119	899999999	899999999	89999	89999	89	89	0	0	0	75	0	8	0	NaN	0	0	0	0	0	0	0	0	0	NaN	NaN	NaN	NaN	0	0	0	0	0	0	0	0	8329	0	0	0	18000	18000	18000	18000	100	NaN	1.0753964857383884	0.44834018183329183	0.11314832769640709	0.10387431381602164	0.06205536187991853	0.04669327151390567	2.6534176537440543e-8	NaN	0.04854850515222498	0.014559554112713115	0.03186043795641828	-0.000024209528969950265	NaN	426.38996217987176	2.922493956746664	96735.55175390626	11.350577033837636	-10.243980051888343	102.09915392981635	101.86842649841309	102.32991114086575	-0.4614907769295905	0.00026614417287702157	-1	0	2.125187306582707	65.58811716339324	1.000038576397631	-273.1499938964844	9.000266744057338	-273.1499938964844	140
DATA	2026-03-24T090000_AIU-0547.ghg	2026-03-24	09:30:00	83.395	1	18000	18000	0.0317766981625322	1	NaN	67.18309633624474	0	NaN	44.15570399931055	0	NaN	-0.24565575987875596	1	NaN	0.9821602135006695	0	NaN	-0.0006478218902740172	0	NaN	NaN	NaN	NaN	NaN	NaN	NaN	NaN	NaN	NaN	3.945227712639823e-10	2.615991319917433e-12	2.1399774920468084e-12	NaN	17.74495285837362	425.91247160811656	427.1187100836725	0.1	1	117.66277140638998	2.824129327698281	2.8321276223764187	0.6	0	0.09625249156769779	2.135844727037313	2.1418937118858623	0	0	NaN	NaN	NaN	NaN	9	274.1041885774399	275.36703894721114	96371.494265408	1.2179520529339258	1006.7028973507776	0.023756003569915397	0.06364398183484338	0.002142229487687352	272.23856884029374	714.8756951596515	0.0017588783421538916	38.08194497079598	442.6371263193578	262.51100048099147	0.5513009699018191	0.1704753750819874	0.055261017489488556	0.5796968112539989	-3.1663581746352757e-14	2.2232956853295444e-14	0.5796968112539989	3.832074175256466	314.8171470970202	17.182852902979732	5.470166721130006	NaN	0.16152482845959415	0.5710280915334006	-5.32156232601512	-0.544952745516667	1.521504364131387	0.3392260668171156	1	3.7463142490868635	2	3	5	8	13	33	0.031171548500272043	1.0194135258392722	68.2735385858588	1.0190981045754672	40.565890282200904	1.0884934039937675	-0.22568419705385973	1.0884934039937675	0.9023115894841869	1.0884934039937675	-0.02439599002200909	1.1532065864795293	NaN	NaN	800000009	800000009	800000009	800000009	800000009	800000109	899999999	899999999	89999	89999	89	89	0	10	0	28	2	1	0	NaN	0	0	0	0	0	0	0	0	0	NaN	NaN	NaN	NaN	0	0	0	0	0	0	0	0	6956	0	0	0	18000	18000	18000	18000	100	NaN	0.7983627779248899	0.2698266452079042	0.07386675993400733	0.22813695602619746	0.07160150431656497	0.03647177125704094	4.927278878887699e-8	NaN	0.0556827790782689	-0.0053765427158115305	0.021496041225588153	-0.000024395990022009088	NaN	425.9124957388311	2.8240792635044434	96791.58796744792	11.359140300114952	-10.664110584775608	102.0233632405599	101.79732758649189	102.24940197626748	-0.4520711444798436	0.0002667466975690333	-1	0	2.1332226260701823	65.6822595514721	1.0000310910393795	-273.1499938964844	9.000172771718766	-273.1499938964844	161
DATA	2026-03-24T093000_AIU-0547.ghg	2026-03-24	10:00:00	83.416	1	18000	18000	0.050707852375605184	0	NaN	72.79463250150644	0	NaN	33.19879138465025	0	NaN	-0.19887295033351218	0	NaN	0.7396295059067545	0	NaN	0.00114573826914218	0	NaN	NaN	NaN	NaN	NaN	NaN	NaN	NaN	NaN	NaN	-1.3481392726559044e-12	-8.436945027334695e-15	-7.301050433857593e-15	NaN	17.60784093761379	425.94503929277334	427.0834967694128	0.1	1	110.19364916803971	2.6656555105759363	2.6727802219030106	0.1	1	0.0953579035373691	2.132208540710943	2.137907465527528	-0.2	0	NaN	NaN	NaN	NaN	9	275.071004085117	277.0537739613851	96380.99659765625	1.2107290064817537	1006.6437949254115	0.02389916226256338	0.047927991982757684	0.0020099078200263593	256.9874503725687	805.6159945713138	0.0016600806697998688	31.899497043789136	548.6285441987451	261.7880648289762	-0.5167874756297116	0.13999130252104433	0.0006188264289715063	0.535413151403133	6.598080274462981e-14	-7.656471213208289e-17	0.535413151403133	3.518222381716246	167.15696308107152	164.84303691892842	0.06622203887288983	NaN	0.2046511243532469	0.42492082376787516	-9.98976972867	-0.2902969816888957	2.192689235523305	0.291851852791529	0	60.156837626239195	-9.129032196346719	20.649895684607355	51.42116001343594	78.42051350073378	109.9858852200791	164.77889811203917	0.04968237604348866	1.0206406459147384	73.16478631484354	1.019890787546579	30.4778497966199	1.089276035093923	-0.18257351114528497	1.089276035093923	0.6790101701291719	1.089276035093923	-0.02367315816808998	1.1542928212372825	NaN	NaN	800000009	800000009	800000009	800000009	800000109	800000109	899999999	899999999	89999	89999	89	89	7	7	1	14	19	12	0	NaN	0	0	0	0	0	0	0	0	0	NaN	NaN	NaN	NaN	0	0	0	0	0	0	0	0	2012	0	0	0	18000	18000	18000	18000	100	NaN	0.5010403900129564	0.26960533297155126	0.07919592455124272	0.32432375242212297	0.03867623645403218	0.023834972349588302	6.219631498248752e-8	NaN	0.06003152007565714	-0.0043750193905414195	0.016271159173391808	-0.00002367315816808998	NaN	425.94525840882625	2.665626834316959	96794.38304340278	11.380000114440918	-11.381554727130515	101.85387437015112	101.63252738020154	102.07520471615263	-0.4426845727165542	0.0002691549474224706	-1	0	2.129744527220727	66.39633989579599	1.000073831823137	-273.1499938964844	9.000411748753654	-273.1499938964844	120
DATA	2026-03-24T100000_AIU-0547.ghg	2026-03-24	10:30:00	83.437	1	18000	18000	0.20534187804207887	1	NaN	52.96080096102123	1	NaN	23.070596009018693	1	NaN	-0.1353831900236785	2	NaN	0.5139455471737416	1	NaN	-0.0026614930255600667	1	NaN	NaN	NaN	NaN	NaN	NaN	NaN	NaN	NaN	NaN	5.924771942308042e-11	3.591192602388667e-13	3.2015580978685004e-13	NaN	17.57598163393593	425.6928880628589	426.79412783976596	-0.2	0	106.53361148432894	2.5802599077008037	2.5869348720349485	0.1	1	0.09497500811178057	2.122762005922981	2.128253452981134	-0.1	0	NaN	NaN	NaN	NaN	9	275.65230505371096	276.97230936686196	96398.54565559895	1.2113447803567592	1006.5964839477123	0.02388778548903703	0.033303671456858454	0.0019464459924411106	248.8000225911489	801.0100639061762	0.0016068472197220786	31.060786100221993	552.2100413150274	261.3840418190679	-0.9420730992377475	0.1706172598620291	0.06694385453360105	0.9597361373471974	4.4749601458892595e-14	3.3709479593836263e-15	0.9597361373471974	5.306736849197231	162.2654700069259	169.7345299930741	3.9997633638148975	NaN	0.41172276312565576	0.7044733191722883	-111.82080209431611	-0.02593435162049699	2.2955974323471287	0.10549369024432133	0	87.144143434387	-13.224459970425313	29.913764460577955	74.48950311541779	113.60119225624692	159.3272873971018	238.7013097538966	0.20262836632851788	1.0133915688248782	53.41164466047651	1.015331732261648	21.243813759474826	1.0859912570420234	-0.12466324120548579	1.0859912570420234	0.47325017014741405	1.0859912570420234	-0.020407960176404172	1.1486443603424468	NaN	NaN	800000009	800000009	800000009	800000009	800000009	801000109	899999999	899999999	89999	89999	89	89	6	6	1	1	17	7	0	NaN	0	0	0	0	0	0	0	0	0	NaN	NaN	NaN	NaN	0	0	0	0	0	0	0	0	1510	0	0	0	18000	18000	18000	18000	100	NaN	0.7247199479915102	0.5573150955400581	0.12691159481300834	0.2341855323766387	0.12219437564231463	0.02586416897500983	5.1935015155821005e-8	NaN	0.04380389907698657	-0.002985634543836727	0.011334151448378604	-0.00002040796017640417	NaN	425.6929731273115	2.5802049843283172	96792.93115364583	11.380000114440918	-11.791578147649714	101.82407911343044	101.60265567334493	102.0455188914405	-0.44282618755764436	0.0002693432591105293	-1	0	2.120380315701167	66.86399772750893	1.0000798695650366	-273.1499938964844	9.000419207996792	-273.1499938964844	047
DATA	2026-03-24T103000_AIU-0547.ghg	2026-03-24	11:00:00	83.458	1	18000	18000	0.12298333842847943	1	NaN	55.73985750181398	1	NaN	17.71814858595137	1	NaN	-0.1730890913193415	2	NaN	0.39484175419305506	1	NaN	0.001202970121090956	1	NaN	NaN	NaN	NaN	NaN	NaN	NaN	NaN	NaN	NaN	-3.671167650163718e-11	-2.0772150291872813e-13	-1.9798527495371398e-13	NaN	17.552129345617125	424.9612957879081	425.9855824478097	0.3	0	99.31321678902098	2.4045101573995895	2.4103057620869666	0.1	1	0.09465825278668996	2.1189323130567956	2.124039587820429	-0.1	0	NaN	NaN	NaN	NaN	9	276.1019609129164	277.3266659749348	96415.07015842015	1.2100848463049685	1006.507612630715	0.023914248022919127	0.025585745671709965	0.0018118601821479736	231.89320173809617	821.2161183085916	0.0014973001171616558	28.237780112708013	589.3229165704954	260.5107905637555	-1.0111934115913013	0.18973513154426877	0.01148839319047283	1.0289040377828547	5.157065344721893e-15	-2.0915796470474573e-15	1.0289040377828547	4.404224554321872	162.6271194330026	169.37288056699737	0.6397585168969082	NaN	0.3187977354684086	0.5582130787611119	-49.3271512261881	-0.058791151078280215	3.1459188431239276	0.143554807109587	0	81.68264358323448	-12.395656297411639	28.03900829555963	69.8210951863917	106.48157560564111	149.3419238131568	223.74141553366843	0.1214330514154749	1.0127665985078504	55.88908513241221	1.0149676938799512	16.31495422587286	1.0860066378766342	-0.15938124619363855	1.0860066378766342	0.3635721370589886	1.0860066378766342	-0.017296293226812774	1.14833310702784	NaN	NaN	800000009	800000009	800000009	800000009	800000009	800000109	899999999	899999999	89999	89999	89	89	8	18	2	3	17	10	0	NaN	0	0	0	0	0	0	0	0	0	NaN	NaN	NaN	NaN	0	0	0	0	0	0	0	0	4387	0	0	0	18000	18000	18000	18000	100	NaN	0.690276126821308	0.33669741357826016	0.08945261712265574	0.2307929703023059	0.0943464156231623	0.018780545262768674	4.240670394890249e-8	NaN	0.045887470065260616	-0.0038206719604874885	0.008715516429004025	-0.000017296293226812774	NaN	424.9615888601409	2.4044799560228616	96818.88356510417	11.380000114440918	-12.659699988842002	101.82897949261135	101.60678351508247	102.05115494028726	-0.4443712459885412	0.0002691047439422821	-1	0	2.1167171790334915	66.78920062764841	1.000082254346874	-273.1499938964844	9.000468782557382	-273.1499938964844	101
DATA	2026-03-24T110000_AIU-0547.ghg	2026-03-24	11:30:00	83.479	1	18000	18000	0.25630502105254305	1	NaN	37.208241303362875	1	NaN	33.84212445689676	1	NaN	-0.036540401751621356	2	NaN	0.7548199842328556	1	NaN	-0.0028128836093339353	1	NaN	NaN	NaN	NaN	NaN	NaN	NaN	NaN	NaN	NaN	-4.1199621428082e-11	-2.4199815529199623e-13	-2.228501633947347e-13	NaN	17.480692355660512	424.7648103015317	425.82724146618034	0.1	1	102.67801393954898	2.494981676114658	2.5012221796207035	0.1	1	0.09455366366684084	2.125598594604464	2.1309151889542592	-0.1	0	NaN	NaN	NaN	NaN	9	276.84305349731443	278.2481458045111	96418.14188715277	1.2060745108524726	1006.5715773314544	0.0239929440553443	0.048912334978289035	0.0018738663529664825	240.62602532855485	875.8851179714558	0.0015536903699606454	27.472327179829605	635.2590926429009	260.9686825176475	-0.7189365844559603	0.36094872073952433	0.06382199195494202	0.8069863927786662	1.3217167175199818e-14	-2.356864395862498e-15	0.8069863927786662	5.1831885964521485	178.65935982371735	153.34064017628265	4.536078372713266	NaN	0.4609899818503793	0.8596602409271986	-223.44165105320215	-0.012978779857429092	1.0994652936388019	0.06648579303141748	0	86.96391241704941	-13.19710921820862	29.85189698459334	74.33544435256391	113.3662429223709	158.99776761567392	238.2076290749517	0.2524799867285061	1.0151498515727904	38.41785293802789	1.0163964166768946	31.152076862544384	1.0863521108471184	-0.03363587310851524	1.0863521108471184	0.6948207461430348	1.0863521108471184	-0.016312320063986537	1.1497623983239527	NaN	NaN	800000009	800000009	800000009	800000009	800000009	800000109	899999999	899999999	89999	89999	89	89	24	4	2	6	3	15	0	NaN	0	0	0	0	0	0	0	0	0	NaN	NaN	NaN	NaN	0	0	0	0	0	0	0	0	2447	0	0	0	18000	18000	18000	18000	100	NaN	0.8732548462668823	0.6861384267003834	0.15992720888713147	0.3979450263817521	0.05618981034697229	0.026135942110414492	6.275343377461914e-8	NaN	0.03164566945948709	-0.0008090427099355433	0.01671250386649503	-0.000016312320063986537	NaN	424.76488944481287	2.4949274201864338	96825.79652604167	11.360576336542767	-12.206471291939385	101.72779622586569	101.50692439842223	101.9486551276313	-0.4417340369679861	0.00027014896133591203	-1	0	2.1232980311446723	66.8851899534861	1.0001048036780622	-273.1499938964844	9.000579878436195	-273.1499938964844	164
DATA	2026-03-24T113000_AIU-0547.ghg	2026-03-24	12:00:00	83.499	1	18000	18000	0.44813708285486537	1	NaN	116.16253043226027	1	NaN	44.24323366158761	1	NaN	-1.26728060531642	2	NaN	0.9870420077249735	1	NaN	-0.003394693541104593	1	NaN	NaN	NaN	NaN	NaN	NaN	NaN	NaN	NaN	NaN	8.061975513116392e-10	4.592638367100056e-12	4.3763616768332515e-12	NaN	17.408633379610627	424.2426957512361	425.2704762715647	0.3	0	99.17117392368866	2.4167690391755148	2.422623961759861	0.4	0	0.09450100145382093	2.126762888158731	2.131915234892566	-0.2	0	NaN	NaN	NaN	NaN	9	277.63423111470536	278.4971044235229	96416.9214735243	1.205016775417537	1006.5337011495265	0.02401471537144002	0.06396032210057828	0.0018134788673747147	233.07993512891534	891.1961492484634	0.0015049407646182738	26.15360662469977	658.116214119548	260.5739087598424	0.23166033209280026	-0.018711043670227925	0.10071899176613776	0.25330007485783756	-4.561775428047196e-14	4.631021480731942e-14	0.25330007485783756	3.7947388781020885	336.61771611228585	355.38228388771427	23.42992494141271	NaN	0.6098301540277272	0.9126021212655961	-165.6845535808466	-0.01750314037925648	2.6255434067224086	0.15704920973994482	0	102.20874786911747	-15.51057181301154	35.08495567311885	87.36650040690292	133.2394256154703	186.8701889129464	279.9655951984141	0.4320409053157944	1.0372561425111024	115.07668694518485	1.030833556161263	40.150312206509085	1.101939965847015	-1.150045051993658	1.101939965847015	0.8957311998083992	1.101939965847015	-0.04129972520752212	1.1702601317194274	NaN	NaN	800000009	800000009	800000009	800000009	800000009	800000109	899999999	899999999	89999	89999	89	89	3	2	0	13	1	14	0	NaN	0	0	0	0	0	0	0	0	0	NaN	NaN	NaN	NaN	0	0	0	0	0	0	0	0	807	0	0	0	18000	18000	18000	18000	100	NaN	1.1121099195063358	0.5262049194918282	0.18688940353302816	0.2573768467552362	0.18727103752975396	0.05554314833087892	6.106633653199823e-8	NaN	0.09487809069930284	-0.027684930618516217	0.021562856234672596	-0.00004129972520752212	NaN	424.2427498962162	2.4167392376357384	96818.25128363716	11.36609312947591	-12.62877183643982	101.65134777832031	101.42912325541178	101.87354203033448	-0.4444300425499678	0.00027120169105991317	-1	0	2.124532938208845	66.73197776990466	1.0001095561219586	-273.1499938964844	9.000650133424335	-273.1499938964844	157
DATA	2026-03-24T120000_AIU-0547.ghg	2026-03-24	12:30:00	83.52	1	18000	18000	0.3299456702661673	1	NaN	33.19678116202195	2	NaN	71.89149783793526	1	NaN	2.1442998544512393	1	NaN	1.604857169961019	1	NaN	0.007818525005566686	2	NaN	NaN	NaN	NaN	NaN	NaN	NaN	NaN	NaN	NaN	-1.723419527430514e-10	-9.558360536077638e-13	-9.445580755809165e-13	NaN	17.34514696914046	423.66895860975944	424.66681344713516	0.1	1	96.19896121838697	2.349735853564482	2.3552701162013494	0.5	0	0.09506390278788365	2.145789198095995	2.1508431112699378	-0.1	0	NaN	NaN	NaN	NaN	9	278.3748649147881	279.1496048143175	96381.2298253038	1.2017855578771879	1006.5088637181736	0.024079894172681773	0.10399474461347402	0.001758406432481514	226.53117962697277	932.4526609182136	0.0014631615606926838	24.294121205456246	705.9214812912409	260.2219625668058	-0.029246066367128273	0.26601898436259414	0.07034141640584679	0.27671166816963316	-5.347453281088101e-14	-9.936033003910132e-15	0.27671166816963316	5.1140102673261945	235.72611111314308	96.27388888685694	14.72646711168794	NaN	0.5239715737503277	1.52324154090572	-367.64959942997604	-0.007887945490750753	0.4617622689800862	0.052377367216288634	0	86.86752137809707	-13.182481506168592	29.818809060130555	74.25305074223776	113.24058746789908	158.82153405412393	237.94359908579025	0.31887013457661884	1.0347336877574127	36.040264371121154	1.0291580886908405	65.36174428098089	1.0999017640790596	1.9495376082487215	1.0999017640790596	1.4590913683139286	1.0999017640790596	-0.007632590228071315	1.167752565370593	NaN	NaN	800000009	800000009	800000009	800000009	800000109	800000109	899999999	899999999	89999	89999	89	89	9	1	3	17	2	15	0	NaN	0	0	0	0	0	0	0	0	0	NaN	NaN	NaN	NaN	0	0	0	0	0	0	0	0	1505	0	0	0	18000	18000	18000	18000	100	NaN	0.5859397755686655	2.253358007329878	0.20718529891289666	0.39206816245054327	0.2026839419708672	0.03761589189226324	1.5319747686821626e-7	NaN	0.029794999573997952	0.04705525637383338	0.03521753985065976	-0.000007632590228071315	NaN	423.6689814786871	2.3495556509670337	96778.65371853298	11.380000114440918	-12.96671483023958	101.60976498031616	101.38584788216485	101.83366891246371	-0.44783062497029674	0.00027128907722847847	-1	0	2.1435996625423437	67.16139689937873	1.0001131300512287	-273.1499938964844	9.000670513656404	-273.1499938964844	097
DATA	2026-03-24T123000_AIU-0547.ghg	2026-03-24	13:00:00	83.541	1	18000	18000	0.23033005060643685	1	NaN	67.41286435341335	1	NaN	39.604192622611734	1	NaN	0.5684899377953208	1	NaN	0.8845402453307046	1	NaN	0.0013510492184058713	1	NaN	NaN	NaN	NaN	NaN	NaN	NaN	NaN	NaN	NaN	-5.102130635978054e-11	-2.692021302847654e-13	-2.778352103820347e-13	NaN	17.283194766967544	423.07234274429015	424.01885605006765	0.1	1	91.19078246616235	2.2322434303859566	2.2372374890731535	0.1	1	0.09411519219624237	2.1294061468477032	2.1341701341088934	-0.2	0	NaN	NaN	NaN	NaN	9	278.9784851142036	279.67496975962314	96351.9753344184	1.1992172545968414	1006.4549138857824	0.024132537921626847	0.057318207897429654	0.0016668378367579917	215.13875716354823	966.8868346111077	0.0013899381703929513	22.25066568933885	751.7480774475595	259.5874891103171	-1.220577014601102	0.17238789095851353	0.032188999611690514	1.2331106865232069	-4.197588552723041e-14	-2.9520761090591228e-15	1.2331106865232069	5.592853228827188	160.03898466329395	171.96101533670605	1.4958132821413719	NaN	0.4382544829218975	0.8318685788729878	-105.91198602258915	-0.027381225760240973	1.702164843904038	0.1274454162766934	0	86.69229475472811	-13.155890190043714	29.75865943065341	74.10326966007962	113.0121618669895	158.5011639009403	237.4636262172358	0.22774741030971746	1.0113399326613954	68.61926232021277	1.0141864060671502	36.450436697275094	1.0865217597124812	0.5232200208726204	1.0865217597124812	0.8141026513493612	1.0865217597124812	-0.022253265123396964	1.1479176406571316	NaN	NaN	800000009	800000009	800000009	800000009	800000109	800000109	899999999	899999999	89999	89999	89	89	9	15	6	9	6	3	0	NaN	0	0	0	0	0	0	0	0	0	NaN	NaN	NaN	NaN	0	0	0	0	0	0	0	0	875	0	0	0	18000	18000	18000	18000	100	NaN	1.1445082769923447	0.373552700662122	0.14567618009150887	0.3133310668868917	0.1728256526227445	0.04205505994203563	1.0534949611534401e-7	NaN	0.05685306092548109	0.012654883352725582	0.019690328502316497	-0.000022253265123396963	NaN	423.07241204545403	2.2321516875923093	96747.47464474826	11.380000114440918	-13.610019876612547	101.55871572875978	101.33304604106479	101.7844052465227	-0.45133623465647277	0.0002718078895607808	-1	0	2.1273413441446083	67.34501409500618	1.000116564737426	-273.1499938964844	9.000672032753627	-273.1499938964844	154
DATA	2026-03-24T130000_AIU-0547.ghg	2026-03-24	13:30:00	83.562	1	18000	18000	0.2908875728049595	0	NaN	75.86564853185114	0	NaN	39.02763034717647	0	NaN	0.4529578987085758	0	NaN	0.8723243307387708	0	NaN	-0.0009976855389727376	0	NaN	NaN	NaN	NaN	NaN	NaN	NaN	NaN	NaN	NaN	-4.411643321351558e-11	-2.1868940427921966e-13	-2.4012933539515076e-13	NaN	17.21695531092178	422.35013341531345	423.23623359663645	0.1	1	85.34610407474938	2.093630249454238	2.098022733312744	0.1	1	0.09371328856823966	2.127912818058792	2.1323772275255872	-0.1	0	NaN	NaN	NaN	NaN	9	279.76265840148926	280.46976461707226	96338.27225086806	1.1957115674645231	1006.3947055638382	0.024204561370523518	0.05652661663187235	0.0015586821493705101	201.75082397483862	1021.1146340897786	0.0013035603165365852	19.757901536165846	819.36381011494	258.8023822725902	-1.2900582975319743	0.389557367148493	0.06609337074784596	1.3492122468268462	-2.1713001163851616e-15	-2.5623829775250565e-15	1.3492122468268462	6.607623463963899	168.80267837079143	163.19732162920855	2.8078513203647884	NaN	0.49322986886365355	1.075164095129325	-134.1418893609395	-0.02161889931486566	1.9438958465317069	0.12782065304450443	0	81.42020013300449	-12.355829491325927	27.94891995175357	69.59676247241823	106.13945406228785	148.86209348409096	223.02254226419396	0.28779900423615035	1.010731686084205	76.95409893872478	1.0138868491681852	35.90220470062768	1.0870538640345437	0.41668395071744296	1.0870538640345437	0.8024665194613122	1.0870538640345437	-0.026992143326898674	1.1479384454334414	NaN	NaN	800000009	800000009	800000009	800000009	800000009	800000109	899999999	899999999	89999	89999	89	89	9	17	1	11	4	9	0	NaN	0	0	0	0	0	0	0	0	0	NaN	NaN	NaN	NaN	0	0	0	0	0	0	0	0	2748	0	0	0	18000	18000	18000	18000	100	NaN	1.0771273605048741	0.8573491756253255	0.21585165412845067	0.3387117375913609	0.06966450766224684	0.034740224966904765	1.3935210159020455e-7	NaN	0.06394947497916986	0.010106817872806586	0.019464111702061224	-0.000026992143326898674	NaN	422.35026778170214	2.093514266421532	96738.34340776909	11.380000114440918	-14.392935387478799	101.48626480335662	101.25991977818805	101.71264734628465	-0.45270783139351295	0.0002730370850024176	-1	0	2.1259798746307697	67.40928990085038	1.0001324142598444	-273.1499938964844	9.000750819153255	-273.1499938964844	155
DATA	2026-03-24T133000_AIU-0547.ghg	2026-03-24	14:00:00	83.583	1	18000	18000	0.26241080106545295	0	NaN	75.66843536282457	0	NaN	46.08859143951487	0	NaN	-0.4517013389960628	0	NaN	1.0306258839575975	0	NaN	-0.0002925857219831112	0	NaN	NaN	NaN	NaN	NaN	NaN	NaN	NaN	NaN	NaN	-4.505893814613993e-11	-2.555390248428709e-13	-2.442271262057601e-13	NaN	17.165276043061766	422.49457187687835	423.50932498687945	0.1	1	97.34800866758702	2.396058481197757	2.401813366484777	0.1	1	0.09303872241571437	2.1176054986899313	2.1226915918816265	-0.2	0	NaN	NaN	NaN	NaN	9	280.32682471805157	280.9564431033665	96309.62938910592	1.1931488749748314	1006.5661950219736	0.024253772782408936	0.06678455728045231	0.0017802168329987607	230.82540418598106	1055.628920378988	0.0014920324448500302	21.866150095917323	824.8035161930069	260.4537514821868	-1.113224628047809	0.15401642764292267	0.02833372888949662	1.1241854529697417	-1.6329338410254662e-14	-2.6250051576859334e-15	1.1241854529697417	6.730426829591255	159.87695967430304	172.12304032569696	1.4442234603748432	NaN	0.46896835181196406	1.3492670613304996	-115.58711493032432	-0.025089301707617792	1.641804034348268	0.13434893918385854	0	81.90596703418245	-12.429546492680384	28.115668009533536	70.01198871336359	106.77270027893108	149.75023030685125	224.35313306440736	0.2592905357160439	1.0120338574672318	77.10206812183044	1.0145557105180734	42.432241900817374	1.086169134010029	-0.4158664841896456	1.086169134010029	0.9488631665978471	1.086169134010029	-0.026589916177913352	1.148056618545872	NaN	NaN	800000009	800000009	800000009	800000009	800000109	800000109	899999999	899999999	89999	89999	89	89	16	9	4	4	10	13	0	NaN	0	0	0	0	0	0	0	0	0	NaN	NaN	NaN	NaN	0	0	0	0	0	0	0	0	1909	0	0	0	18000	18000	18000	18000	100	NaN	1.6759762837716645	0.8302994612842642	0.19225837760507075	0.3774690660258192	0.0676650532837492	0.027356860688373914	9.115040688620095e-8	NaN	0.06419911636890602	-0.010110563214328426	0.023068800666466983	-0.000026589916177913353	NaN	422.4947754725184	2.39591687392828	96709.98493836806	11.370288225491842	-12.724610532985777	101.39012138769361	101.1629786980947	101.61727127816943	-0.45430835049102675	0.0002735993499292009	-1	0	2.115411290129026	67.22137777165663	1.0001324195630021	-273.1499938964844	9.00077657863829	-273.1499938964844	220
DATA	2026-03-24T140000_AIU-0547.ghg	2026-03-24	14:30:00	83.604	1	18000	18000	0.32034015517227427	0	NaN	76.10492254384378	0	NaN	40.34849706978872	0	NaN	0.3559497116638856	2	NaN	0.9026572657744457	0	NaN	-0.0008611727677870902	0	NaN	NaN	NaN	NaN	NaN	NaN	NaN	NaN	NaN	NaN	-3.022867935612932e-10	-1.7434601555611528e-12	-1.6388936374055618e-12	NaN	17.122453801570572	422.4127079980433	423.4443432247864	0.3	0	98.75494597954335	2.4362947415628597	2.4422447696527745	0.1	1	0.09283197675149085	2.117370475401026	2.1225416123699907	-0.2	0	NaN	NaN	NaN	NaN	9	280.73387537384025	281.4094036102295	96260.95637565103	1.1906082109974632	1006.5962708150802	0.024305158287490834	0.05849219082218408	0.001806284553915819	234.58296935979897	1088.6722313533878	0.0015171107818940347	21.547621276991336	854.0892619935888	260.65343986554007	-1.2390473831794209	0.178959940077264	0.09333949389136934	1.2553793606063353	4.3474842135073064e-14	-1.7654408478156657e-14	1.2553793606063353	6.403370098048224	160.21859453403667	171.78140546596336	4.2639690655843365	NaN	0.5187059791340057	1.2417201426420308	-155.4512422733536	-0.018655367159436963	1.8861897733689812	0.12242420816672205	0	77.4916007340663	-11.759649375903575	26.600358907392764	66.23865479434151	101.01812796935795	141.6793608203178	212.2614998686028	0.3167877105779689	1.0112139596192795	77.26227274777087	1.01412210537932	37.13240750315089	1.0866113937364532	0.327577746483871	1.0866113937364532	0.8307084492005393	1.0866113937364532	-0.0268939424266996	1.1479092820591204	NaN	NaN	800000009	800000009	800000009	800000009	800000009	800000109	899999999	899999999	89999	89999	89	89	32	15	3	1	14	13	0	NaN	0	0	0	0	0	0	0	0	0	NaN	NaN	NaN	NaN	0	0	0	0	0	0	0	0	4414	0	0	0	18000	18000	18000	18000	100	NaN	1.0900934417177761	1.123204299369912	0.2701425441963737	0.4097375171023729	0.10074695306259256	0.021650871132782912	7.020133984639426e-8	NaN	0.06446786514382019	0.00798127894351886	0.020239823751684302	-0.0000268939424266996	NaN	422.41270902362294	2.436256508700314	96657.64148090278	11.369999885559082	-12.52010136755309	101.35183064757453	101.12510446696811	101.57852891222635	-0.45346564016656754	0.000274503197792607	-1	0	2.1151408609151843	67.45630998937467	1.0001353552440801	-273.1499938964844	9.000865480793847	-273.1499938964844	055
DATA	2026-03-24T143000_AIU-0547.ghg	2026-03-24	15:00:00	83.624	1	18000	18000	0.2975774146045793	0	NaN	60.08185625644368	0	NaN	36.701829896379365	0	NaN	-0.009800890206039827	2	NaN	0.8213766944536731	0	NaN	0.00047419322295939295	0	NaN	NaN	NaN	NaN	NaN	NaN	NaN	NaN	NaN	NaN	-1.466080946822342e-10	-8.529270934616985e-13	-7.976468141011379e-13	NaN	17.068268767698672	422.0848694167227	423.12388314124684	0.1	1	99.29867039067683	2.4555780609935938	2.4616227678567855	0.6	0	0.09286288205494689	2.1218461690562025	2.127069353895841	-0.1	0	NaN	NaN	NaN	NaN	9	281.03028002505835	281.7928565182156	96228.51909201388	1.1885787461919564	1006.6138792908226	0.02434648097257145	0.053225209800598014	0.0018174913026289302	236.3600243966139	1117.3543052920807	0.001529129902795186	21.153543086302292	880.9942808954668	260.7468863506589	-1.316323560342097	0.11071949508591314	0.044157982481481346	1.321709669148556	-2.370397648450343e-14	-8.589511723631094e-15	1.321709669148556	6.3935648318216876	156.80798382659736	175.1920161734026	1.9145936546557658	NaN	0.5003639393927283	1.1438424498739956	-176.708633937268	-0.01641119585039352	1.6370261762444371	0.1003613430745195	0	85.14806620730249	-12.921547550300012	29.228575741486498	72.78328632372397	110.99910399310306	155.67782160981162	233.2337449847995	0.29437890851175835	1.0108652692171158	61.26767900617706	1.0139501855186472	33.7670166286118	1.0869136086272073	-0.00901717498819298	1.0869136086272073	0.7556963938385937	1.0869136086272073	-0.020511222270953842	1.1479195717028876	NaN	NaN	800000009	800000009	800000009	800000009	800000009	800000109	899999999	899999999	89999	89999	89	89	19	14	6	11	6	10	0	NaN	0	0	0	0	0	0	0	0	0	NaN	NaN	NaN	NaN	0	0	0	0	0	0	0	0	3219	0	0	0	18000	18000	18000	18000	100	NaN	1.383463050665706	0.7056022545158558	0.1986195945664297	0.3516930413814197	0.05897107951893932	0.022364491797456046	6.458967265648205e-8	NaN	0.05120832306251834	-0.00022007704058995447	0.018443850336526166	-0.00002051122227095384	NaN	422.08495750662496	2.4555601252726715	96625.90533897569	11.369999885559082	-12.426586039543148	101.27752669016522	101.04878712844848	101.50626501931086	-0.4574680159696273	0.0002748351263257467	-1	0	2.1195995103054575	67.37879227505789	1.0001401938166883	-273.1499938964844	9.000853895425797	-273.1499938964844	060
DATA	2026-03-24T150000_AIU-0547.ghg	2026-03-24	15:30:00	83.645	1	18000	18000	0.3010552510822573	0	NaN	23.23219510338965	0	NaN	51.47508494594259	0	NaN	-0.31230931874263546	1	NaN	1.152097325678062	0	NaN	-0.0059531879717372865	0	NaN	NaN	NaN	NaN	NaN	NaN	NaN	NaN	NaN	NaN	1.3332293846919702e-10	7.674785612195378e-13	7.253052193286995e-13	NaN	17.044867649221633	421.83844546290413	422.86530155470336	0.1	1	98.1194282829615	2.4283290400605435	2.434240176170821	0.4	0	0.09272771520561439	2.1196101393869373	2.1247697795460523	-0.2	0	NaN	NaN	NaN	NaN	9	281.1029331156413	281.8830462443034	96224.86284461805	1.18816556272331	1006.6009350764739	0.024355198617009167	0.07465590670393842	0.001796679663334076	233.72830715280614	1124.1964262432107	0.0015121458824442226	20.7907000677692	890.4681190904046	260.60827244585266	-0.6230865292654479	0.18919100966300084	0.07013480118987049	0.6549419450816268	1.1482508203523403e-13	7.821881707323512e-15	0.6549419450816268	5.584393816022428	168.89013715626237	163.10986284373763	6.147335855652967	NaN	0.5033668638051445	1.6538387346832468	-465.25798659309885	-0.006233100953807497	0.45132893180821987	0.03858969383719951	0	84.52161486372039	-12.826481142046676	29.01353526717124	72.24780513737723	110.18246139709157	154.53246875733498	231.51779770117366	0.2958222646734679	1.0176896300032239	25.59623957389583	1.017992984494092	47.33378691054347	1.08749137361914	-0.28718326077684553	1.08749137361914	1.0594082432524639	1.08749137361914	-0.015926621000189666	1.1517369353152775	NaN	NaN	800000009	800000009	800000009	800000009	800000009	800000109	899999999	899999999	89999	89999	89	89	16	18	3	12	9	33	0	NaN	0	0	0	0	0	0	0	0	0	NaN	NaN	NaN	NaN	0	0	0	0	0	0	0	0	3015	0	0	0	18000	18000	18000	18000	100	NaN	1.239347074489676	1.8635742997772538	0.20475609509956413	0.3541880483984004	0.048020743408689136	0.031155781844391422	7.434578380738765e-8	NaN	0.02140138481582421	-0.007011435996407032	0.025864923573670737	-0.000015926621000189666	NaN	421.8384236958274	2.4282305237120254	96621.04751128473	11.376379476017423	-12.572833427005332	101.25554962751599	101.02648320791457	101.48463292800055	-0.4581510684920683	0.0002752655760592056	-1	0	2.1173910788430113	66.69980345258885	1.0001376625696818	-273.1499938964844	9.000847356584337	-273.1499938964844	087
DATA	2026-03-24T153000_AIU-0547.ghg	2026-03-24	16:00:00	83.666	1	18000	18000	0.31393855313223584	1	NaN	25.65242862372439	1	NaN	41.03238739973263	1	NaN	-0.5298106083237724	1	NaN	0.9190688930513634	1	NaN	-0.02610834672627818	1	NaN	NaN	NaN	NaN	NaN	NaN	NaN	NaN	NaN	NaN	2.4310299210110116e-10	1.377418790330836e-12	1.327256507752796e-12	NaN	16.995861041084865	421.6913055413521	422.7012648892685	0.1	1	96.2983554974355	2.389298144591488	2.3950205627783925	0.7	0	0.09279140078317415	2.128772891439519	2.133871346288002	-0.1	0	NaN	NaN	NaN	NaN	9	281.688137693617	282.67572075229214	96187.86193554688	1.1843956260717121	1006.5952231169167	0.024433082252200856	0.059555664269728345	0.0017621662653454647	229.88312723398874	1185.9381962611628	0.0014878189572432362	19.38407312950436	956.0550690271741	260.40322162559494	-0.7568697468779846	0.25364346914524	0.08333081780987972	0.802577627632296	-7.057283660667271e-14	1.4303658491525514e-14	0.802577627632296	6.0296329982122066	170.5271180856913	161.47288191430872	5.959703387007516	NaN	0.5148419525927193	1.1929977771110052	-450.72142718015454	-0.00643412943143895	0.6251751421096093	0.041792937663272564	0	88.30388463959423	-13.400455172625716	30.311866087153888	75.4808324545306	115.11303204751682	161.44766420070692	241.87802058893925	0.30923491241161155	1.0152105746532378	27.463054900450505	1.016433812396033	37.77009635984628	1.0863723250479846	-0.48768787284817006	1.0863723250479846	0.8459980725399724	1.0863723250479846	-0.034748638510725925	1.1498055913386	NaN	NaN	800000009	800000009	800000009	800000009	800000109	800000119	899999999	899999999	89999	89999	89	89	13	19	2	0	15	2	0	NaN	0	0	0	0	0	0	0	0	0	NaN	NaN	NaN	NaN	0	0	0	0	0	0	0	0	5321	0	0	0	18000	18000	18000	18000	100	NaN	1.4841034108155486	0.7098991446658917	0.19199299874057	0.32429261209889493	0.04006930626443058	0.026688960647953085	2.8368736762293974e-7	NaN	0.023035475695947213	-0.011944263973576563	0.02071985969333361	-0.00003474863851072593	NaN	421.6916298011362	2.389075220664682	96579.35539626735	11.380000114440918	-12.775772576146649	101.20679228591919	100.97710232798258	101.43650435490079	-0.4593846687111587	0.0002757611118528681	-1	0	2.126586704201169	66.73667520886525	1.0000773484193617	-343.4024968465204	9.000665041446686	-273.1499938964844	203
DATA	2026-03-24T160000_AIU-0547.ghg	2026-03-24	16:30:00	83.687	1	18000	18000	0.2977366039339095	0	NaN	38.349630115754266	0	NaN	54.21618953802952	0	NaN	-0.7802972527642938	0	NaN	1.214669757156979	0	NaN	0.0010801663625560813	0	NaN	NaN	NaN	NaN	NaN	NaN	NaN	NaN	NaN	NaN	1.800761620611715e-10	9.652381208418337e-13	9.768366780490505e-13	NaN	16.971957453416607	421.71573363044183	422.6711675759534	0.1	1	90.97250925293751	2.260466336019572	2.265587620567167	0.6	0	0.09206565904682878	2.11454162325587	2.1193323025806925	-0.1	0	NaN	NaN	NaN	NaN	9	281.8660721113417	282.93552568562825	96166.03376302084	1.1830972100699797	1006.5310465453238	0.024461089518853212	0.07871060026377223	0.0016652407915682243	217.4383918956666	1206.8145221251923	0.0014075265983170783	18.017548505528342	989.3761302295256	259.71793707108867	-0.7335977393314779	0.10631600374687798	0.07959155812732557	0.7455223349639418	-9.03990519400698e-14	1.0610217622535964e-14	0.7455223349639418	5.013727004520917	160.24612887130493	171.7538711286951	6.128545774398938	NaN	0.5016558719363521	1.101176621891237	-278.8653377924768	-0.010399284554174649	0.7073464668492466	0.06419595647450528	0	80.49123842591713	-12.214855968318219	27.63003745886832	68.80269997725713	104.92845865483424	147.16365520639482	220.47797222822908	0.2930315869565436	1.0160563474614894	40.653603038732975	1.0169604387677194	49.890791463063174	1.0866973232559092	-0.7180446993523509	1.0866973232559092	1.1177627211942005	1.0866973232559092	-0.014231655921787966	1.1504318280510424	NaN	NaN	800000009	800000009	800000009	800000009	800000109	800000109	899999999	899999999	89999	89999	89	89	21	25	0	0	24	14	0	NaN	0	0	0	0	0	0	0	0	0	NaN	NaN	NaN	NaN	0	0	0	0	0	0	0	0	3916	0	0	0	18000	18000	18000	18000	100	NaN	1.1391768900905486	0.8333883594116968	0.22978799428022892	0.21760426380768363	0.03934887822161918	0.029266990354012996	3.937935668501116e-8	NaN	0.034139050393690376	-0.017603959501322635	0.027403655641130478	-0.000014231655921787967	NaN	421.7158263527729	2.260363725843699	96550.15264756944	11.37028766992357	-13.466580896165624	101.17973888164096	100.95280396376715	101.40667810079785	-0.4538683874044149	0.00027639051086346937	-1	0	2.1124908761117194	66.83979058095261	1.0001450858447287	-273.1499938964844	9.000932519276937	-273.1499938964844	061
DATA	2026-03-24T163000_AIU-0547.ghg	2026-03-24	17:00:00	83.708	1	18000	18000	0.31303645526611806	1	NaN	18.023266794600485	1	NaN	47.064189240568766	1	NaN	-0.9090252252850312	1	NaN	1.0544959497983812	1	NaN	-0.0005707427847404046	1	NaN	NaN	NaN	NaN	NaN	NaN	NaN	NaN	NaN	NaN	2.879093200395969e-11	1.5599641191185236e-13	1.562605203024844e-13	NaN	16.952787356040606	421.7391917311583	422.7051099209965	0.1	1	91.85440746007242	2.2850875638071466	2.2903211481799772	0.8	0	0.0920099207788047	2.1139080823863305	2.118749610772729	-0.2	0	NaN	NaN	NaN	NaN	9	281.9334057362874	282.99594289822045	96133.06671462674	1.1824281154723029	1006.5454696914562	0.024474703134564832	0.0683313375469351	0.001682442413251458	219.73140003628984	1211.7154161411006	0.0014228707785584344	18.13391140438398	991.9840161048107	259.8467893999247	-0.6434324968628161	0.19574612240936	0.0898954924276586	0.678530118724506	6.207085381398982e-14	1.6983007808271083e-15	0.678530118724506	6.2577817947020735	168.920898507692	163.079101492308	7.613251261331816	NaN	0.5145292690532397	1.1933233025330892	-640.0746304892126	-0.004530721671914279	0.3829507548185839	0.02943169543115247	0	87.40851953384406	-13.264580063487442	30.004516220323225	74.71548782888252	113.94583320305927	159.81065122534156	239.42547684902146	0.30773600127462764	1.017224029588791	20.253977242586753	1.017697062915322	43.28751076624636	1.0872463767832843	-0.8360802525499912	1.0872463767832843	0.9698776398024906	1.0872463767832843	-0.009040246236335635	1.1513540472669104	NaN	NaN	800000009	800000009	800000009	800000009	800000009	800000109	899999999	899999999	89999	89999	89	89	49	2	3	2	12	15	0	NaN	0	0	0	0	0	0	0	0	0	NaN	NaN	NaN	NaN	0	0	0	0	0	0	0	0	4321	0	0	0	18000	18000	18000	18000	100	NaN	1.1430588747696404	1.046879371059496	0.1967083592370418	0.17376798271624996	0.055114356442973	0.028516809255375145	4.1828464650970646e-8	NaN	0.01701775125854135	-0.0205096949982398	0.023791848351031805	-0.000009040246236335636	NaN	421.7391749721704	2.2849543833199863	96527.17356206596	11.376093358357746	-13.336306039306862	101.15991166496278	100.93392477989195	101.38591194322375	-0.4519836940169335	0.0002767252012013664	-1	0	2.1118349490033257	66.60823185000062	1.0001568369600509	-273.1499938964844	9.000972280899683	-273.1499938964844	047
DATA	2026-03-24T170000_AIU-0547.ghg	2026-03-24	17:30:00	83.729	1	18000	18000	0.23853786734845095	0	NaN	37.031324160741725	0	NaN	35.346274847957666	0	NaN	-0.8813998768584708	0	NaN	0.7924617945463774	0	NaN	-0.004760221609537327	0	NaN	NaN	NaN	NaN	NaN	NaN	NaN	NaN	NaN	NaN	1.253546381562753e-10	7.405342502052853e-13	6.794600940511554e-13	NaN	16.926512417187567	421.49579574260923	422.54793681554764	0.1	1	99.99360506968969	2.489992214534647	2.496207752403994	0.5	0	0.09174682236011525	2.1145675809722806	2.1198459809608856	-0.2	0	NaN	NaN	NaN	NaN	9	282.3415429339939	283.6703422817654	96125.16202235244	1.1794285398659006	1006.6690953544696	0.024535045518905646	0.051351524286605256	0.0018287987458645613	239.41510840308294	1267.6227780997012	0.0015505803735023176	18.886936440349483	1028.2076696966183	260.9060836629107	-0.985242350487328	-0.007243959873076453	0.05945298257528102	0.9870611031164634	5.797918192602313e-14	7.405816098831283e-15	0.9870611031164634	5.483382679094418	151.57874237873557	180.42125762126457	3.453147977836303	NaN	0.44972067075133604	0.9632106095158129	-208.01149649251522	-0.013941537121263628	1.047672613876068	0.06935344255233082	0	83.75242249203801	-12.709753232080713	28.749496417002216	71.59031106710812	109.17974145454811	153.12613978057513	229.41086062729522	0.23544554307748716	1.0131339257075938	38.41403196143845	1.0151805853874492	32.54769151797941	1.0859840805739576	-0.8116139938189875	1.0859840805739576	0.7297176899016332	1.0859840805739576	-0.018066938085077845	1.1485090028568938	NaN	NaN	800000009	800000009	800000009	800000009	800000009	801000109	899999999	899999999	89999	89999	89	89	16	11	1	6	42	35	0	NaN	0	0	0	0	0	0	0	0	0	NaN	NaN	NaN	NaN	0	0	0	0	0	0	0	0	7888	0	0	0	18000	18000	18000	18000	100	NaN	0.9617281771073954	0.7974764709826562	0.1672165709415743	0.10529436947931273	0.044140855068408986	0.02645985595581876	3.423367365047532e-8	NaN	0.032354263988950624	-0.019962706599515767	0.017948360002318555	-0.000018066938085077845	NaN	421.49572820116117	2.4898837864614336	96521.29618055555	11.390000343322754	-12.27023025043804	101.13009270646837	100.90155348417494	101.35864449034797	-0.45706620590202496	0.00027675750393407517	-1	0	2.1123181588583524	66.93365845893932	1.0001596862475077	-273.1499938964844	9.001019805775748	-273.1499938964844	139
DATA	2026-03-24T173000_AIU-0547.ghg	2026-03-24	18:00:00	83.749	1	18000	18000	0.1415049391499519	1	NaN	40.42105444949562	1	NaN	21.898754446867414	1	NaN	-0.011983650799104373	2	NaN	0.4910741645482203	1	NaN	-0.00012127800803815947	1	NaN	NaN	NaN	NaN	NaN	NaN	NaN	NaN	NaN	NaN	-5.320808425528211e-11	-3.36134951342037e-13	-2.881371825475611e-13	NaN	16.95182466383655	421.81671429545503	422.94376241591874	0.1	1	107.0908836183437	2.6647706400157625	2.671890615681765	0.1	1	0.0917990389250526	2.1180743443349495	2.123733607298895	-0.2	0	NaN	NaN	NaN	NaN	9	282.3113122490777	283.8939382264878	96138.46069140625	1.1785846899379064	1006.7676746001528	0.024550988079487784	0.03182160586272467	0.001955895526500508	256.2556668634543	1286.6535759321746	0.0016595290463204254	19.916446171441155	1030.3979090687203	261.75242414946445	-0.9941850483826988	0.2615609742316177	0.028506817867664517	1.028411732884066	1.3145040643772028e-14	-3.138782125843438e-15	1.028411732884066	5.154591278372575	166.73996937127228	165.2600306287277	1.588400378620799	NaN	0.3465017256701385	0.4499825549615922	-87.17526802304425	-0.03326631584583603	1.8458152287870324	0.09831327846352775	0	83.98976710963628	-12.745771193482643	28.83096914376286	71.79318967644718	109.48914413466127	153.56008143872805	230.0609843057315	0.139720603050833	1.0127707443294511	41.04073855458941	1.0149700747911048	20.16450607922441	1.0860050011058693	-0.011034618428922083	1.0860050011058693	0.4521840728616938	1.0860050011058693	-0.01398283204091905	1.1483349781522663	NaN	NaN	800000009	800000009	800000009	800000009	800001109	800001109	899999999	899999999	89999	89999	89	89	3	10	0	0	59	19	0	NaN	0	0	0	0	0	0	0	0	0	NaN	NaN	NaN	NaN	0	0	0	0	0	0	0	0	9456	0	0	0	18000	18000	18000	18000	100	NaN	0.5874826353794366	0.21391538819954473	0.09856708634420311	0.09252769115202486	0.05721715023652118	0.015750993353096255	1.9435188418752273e-8	NaN	0.03458797286861661	-0.00027163482417806356	0.011131235929823215	-0.00001398283204091905	NaN	421.8168672905375	2.664736317855745	96530.69546158855	11.383620197296144	-11.414179403291817	101.14528621355693	100.91438137054443	101.37616994518704	-0.4617789261556334	0.0002767514889128506	-1	0	2.1156621841589613	66.50863759528266	1.0001635585692195	-273.1499938964844	9.001038107262717	-273.1499938964844	021
DATA	2026-03-24T180000_AIU-0547.ghg	2026-03-24	18:30:00	83.77	0	18000	18000	0.1643783654809338	1	NaN	8.299312140324185	1	NaN	28.74229067985641	1	NaN	0.017550906471348538	2	NaN	0.6437351438927019	1	NaN	0.0031568720674498736	2	NaN	NaN	NaN	NaN	NaN	NaN	NaN	NaN	NaN	NaN	-2.044837306780374e-10	-1.3102943847010165e-12	-1.1028280547725586e-12	NaN	17.053821581924336	421.36613664314945	422.506921053701	0.2	0	109.27777277142805	2.700037215263795	2.707347153332431	0.1	1	0.09197520418504329	2.109572361711466	2.115283706439694	-0.1	0	NaN	NaN	NaN	NaN	9	282.2320193913778	282.59041389706294	96134.61950683594	1.1839581171364186	1006.7607872472147	0.02443923649141937	0.04171403732424708	0.0019908425318351628	259.6366764571934	1179.1531938120272	0.0016815143230322334	22.018909656499048	919.5165173548338	261.91634050753424	-0.9704591336010985	0.35848809397597375	0.0744651922183533	1.037231752485655	1.7783397996640057e-15	-1.1990493139366108e-14	1.037231752485655	4.893465518154389	172.27425536497532	159.72574463502468	4.116934137125172	NaN	0.3726097022544323	0.5238783644126047	-527.9392424211654	-0.0054930563348547495	0.2887491547825946	0.01868638569706785	0	87.63971528926277	-13.299664911331163	30.083878241674523	74.91311048331252	114.24722022030527	160.23335080235123	240.05875784132976	0.16231743159281567	1.0126969350604815	9.733442776744745	1.0149278209577344	26.465860999438966	1.0860138153247951	0.016160850095723298	1.0860138153247951	0.5927504188334652	1.0860138153247951	-0.001440133020026586	1.1483023812928888	NaN	NaN	800000009	800000009	800000009	800000019	800000119	811000119	899999999	899999999	89999	89999	89	89	27	28	2	2	3	19	4	NaN	0	0	0	0	0	0	0	0	0	NaN	NaN	NaN	NaN	0	16	0	0	0	0	0	0	15973	0	0	0	18000	18000	18000	18000	100	NaN	0.5913174819962554	0.35395833496379975	0.10248091186515422	0.029652476293557734	0.20471672107850108	0.024627580394163812	1.6417263328288393e-8	NaN	0.008165896083592585	0.00039602841567850793	0.014525597841261511	-0.000001440133020026586	NaN	421.3661995631362	2.6999494437078786	96523.33138411459	11.380000114440918	-11.256254336701517	101.34221959665085	101.11115789773731	101.57327738719516	-0.46211282976468415	0.0002751098363854302	-1	0	2.1068534921341473	65.82258584174464	1.0001128210061125	-316.23012070549834	9.000787936846415	-273.1499938964844	035
DATA	2026-03-24T183000_AIU-0547.ghg	2026-03-24	19:00:00	83.791	0	18000	18000	0.06888465542640955	0	NaN	14.104583426080678	1	NaN	20.247906289244074	0	NaN	-0.44252934673438954	2	NaN	0.4532108048749867	0	NaN	-0.0013309411170965538	1	NaN	NaN	NaN	NaN	NaN	NaN	NaN	NaN	NaN	NaN	-5.3907516624704814e-11	-3.627035260995311e-13	-2.900712241022975e-13	NaN	17.15349831836428	421.92639969625407	423.1275863346506	0.1	1	115.41311332011617	2.838828469686522	2.846910359866757	0.5	0	0.09230134434655705	2.11097223917776	2.116981987914867	0.1	0	NaN	NaN	NaN	NaN	9	281.69014304267034	281.9505814726088	96153.6603734809	1.1868175615319827	1006.8232325626473	0.024379073300570684	0.02936806015589914	0.002098344316436662	273.0369681687915	1129.3440483025838	0.001768042860545517	24.176597785162897	856.3070801337924	262.5478437408383	-0.09598641532557714	0.3623778315792798	0.12690757574724484	0.3957734421726949	-1.6598839502821898e-14	-3.142654380126777e-15	0.3957734421726949	3.185576608960474	227.1642306756309	104.83576932436908	18.70266991551635	NaN	0.240918007750634	0.35113776302034083	-83.98014563323567	-0.034531971552717894	0.6965946614230034	0.048995230863360446	0	73.89429642964632	-11.213744569219012	25.365520748286134	63.16373318021201	96.32867849191454	135.10234125047498	202.40792606309626	0.0671290651722825	1.0261524609291288	14.874849514275338	1.0234901558243956	18.521757126088968	1.0931957562883556	-0.40480338876989036	1.0931957562883556	0.41457424461080866	1.0931957562883556	-0.006799533094367186	1.1594046052657347	NaN	NaN	800000009	800000009	800000009	800000009	800000009	800001109	899999999	899999999	89999	89999	89	89	18	2	2	7	7	7	0	NaN	0	0	0	0	0	0	0	0	0	NaN	NaN	NaN	NaN	0	0	0	0	0	0	0	0	18000	0	0	0	18000	18000	18000	18000	100	NaN	0.2195109466506809	0.41713520142637445	0.0656293779636263	0.05979287959258545	1.1728846062984704	0.07710715694241135	2.330308062397065e-8	NaN	0.01244845312652402	-0.009896834438802973	0.010135717178586431	-0.000006799533094367186	NaN	421.9259065952001	2.838742658475198	96542.6024561632	11.380000114440918	-10.656460197395743	101.46009683990478	101.22673526509604	101.69346338886685	-0.46672583497232856	0.00027331275054085484	-1	0	2.1083984081612694	64.78599889435594	1.0001010570261213	-273.15013874185047	9.000647253142462	-273.1499938964844	226
DATA	2026-03-24T190000_AIU-0547.ghg	2026-03-24	19:30:00	83.812	0	18000	18000	0.029329850138537478	0	NaN	-5.7868108089909995	2	NaN	35.27261682973399	1	NaN	2.656339482885193	1	NaN	0.7890023294621475	1	NaN	-0.0022267075685223855	1	NaN	NaN	NaN	NaN	NaN	NaN	NaN	NaN	NaN	NaN	3.693652901591676e-10	2.707639279246881e-12	1.9757595172984046e-12	NaN	17.27674837431024	423.6006158498721	424.9200829455533	0.1	1	126.64753230004075	3.1052123649572847	3.1148847435784615	0.1	1	0.09241447677393784	2.1072816265829597	2.1138455659720266	0.3	0	NaN	NaN	NaN	NaN	9	281.0183238542345	281.27705006578236	96172.60852560763	1.1897739048788845	1006.9541774798649	0.024316044142904142	0.05112735094914716	0.002301193707595729	298.71647920968866	1078.9240659232548	0.0019341437042443654	27.686515543062946	780.2075867135661	263.6845045329991	-0.08755252589728052	0.334878636502241	0.09828412912339866	0.3598178928488332	-8.604992136150516e-15	2.137932915133483e-14	0.3598178928488332	2.0698910779389696	227.34823215934065	104.65176784065935	15.851775293361966	NaN	0.1570083328859052	0.12792521536347515	56.66719367198765	0.05117599464667967	-0.16405958301661513	-0.030763973909126035	1	1.6431554458069724	1	1	3	5	10	34	0.028896963726207335	1.0149803424481427	-3.837313325544347	1.0171217453015227	31.903452472518243	1.1056050081137132	2.402611659128795	1.1056050081137132	0.7136385270253746	1.1056050081137132	-0.0024123783435243493	1.1933676355473737	NaN	NaN	800000009	800000009	800000009	800000009	800100009	800100009	899999999	899999999	89999	89999	89	89	12	4	2	0	5	9	1	NaN	0	0	0	0	0	0	0	0	0	NaN	NaN	NaN	NaN	0	0	0	0	0	0	0	0	17109	0	0	0	18000	18000	18000	18000	100	NaN	0.12248087370938278	0.1052149064752321	0.02815465054233539	0.0966463043221152	3.340024763283709	0.1991060294018559	1.7726685819813364e-8	NaN	-0.003202971795829259	0.05860403795860505	0.017406932646652957	-0.0000024123783435243493	NaN	423.59993308361004	3.105004081832593	96560.80381901041	11.380000114440918	-9.580937284549083	101.53579802216424	101.30282464027405	101.76874349255033	-0.4659118185945683	0.000272559338828109	-1	0	2.1044688784480092	64.31387242253616	1.0001167295409574	-273.1499938964844	9.000638106981913	-273.1499938964844	142
DATA	2026-03-24T193000_AIU-0547.ghg	2026-03-24	20:00:00	83.833	0	18000	18000	0.01279408959531262	1	NaN	19.1784327390536	1	NaN	26.346993003546853	0	NaN	-0.9533464427003064	2	NaN	0.5887237671116327	0	NaN	0.0026632777637837475	0	NaN	NaN	NaN	NaN	NaN	NaN	NaN	NaN	NaN	NaN	-4.4334644953925507e-11	-4.191259165162504e-13	-2.321497052433284e-13	NaN	17.610875771109686	430.25342637956913	432.01062172284117	0.1	1	166.48773111617368	4.067481804647384	4.084093781793301	0.6	0	0.09221590978316821	2.092959020718026	2.1015068616400887	-0.1	0	NaN	NaN	NaN	NaN	9	279.9721666929456	280.16750040605325	96195.00457096355	1.1943286993980433	1007.4543120474996	0.024214486071962096	0.03814930010883379	0.003026949370627303	391.3763852097272	1000.1833534281241	0.002534435764754647	39.130463816287914	608.8069682183968	267.1694992501092	0.4058829991259257	-0.16848442864803392	0.1316484704749648	0.4587584674474143	-5.413099096449219e-15	-2.5174582757920345e-15	0.4587584674474143	1.2329681223388453	354.543626126371	337.45637387362905	16.676452358468005	NaN	0.10350057431163624	0.06333489248817721	-4.899453772910277	-0.591902716999695	0.7279173276613307	0.15400014354635405	1	5.255629699588211	2	4	7	11	18	44	0.012502989376978134	1.0232824494652848	20.197534983088197	1.0216098271263556	24.147383887813568	1.091090990475509	-0.8737552147551213	1.091090990475509	0.5395734840181025	1.091090990475509	-0.005015750360181248	1.1567049126330968	NaN	NaN	800000009	800000009	800000009	800000009	800000009	800000009	899999999	899999999	89999	89999	89	89	12	0	0	22	0	2	0	NaN	0	0	0	0	0	0	0	0	0	NaN	NaN	NaN	NaN	0	0	0	0	0	0	0	0	17505	0	0	0	18000	18000	18000	18000	100	NaN	0.06268749922787799	0.04835596375029681	0.015626321998179617	0.16819141571939086	17.711728475441117	0.12762234853339421	2.4404613133780187e-8	NaN	0.016786074279568883	-0.02124396610198958	0.013118869690781207	-0.000005015750360181248	NaN	430.2525294662233	4.067357280207449	96578.8826217448	11.380000114440918	-6.033263266483898	101.61377943632337	101.38014526854622	101.84741091537475	-0.46727977541089055	0.000271641797987589	-1	0	2.089293642540772	64.93578640434477	1.00011665853858	-273.1499938964844	9.00065595377816	-273.1499938964844	202
DATA	2026-03-24T200000_AIU-0547.ghg	2026-03-24	20:30:00	83.854	0	18000	18000	0.017639871278986242	1	NaN	22.981410463999296	1	NaN	17.98580132884591	1	NaN	-0.11988131369311153	2	NaN	0.40154301622788624	1	NaN	-0.002952851883585031	0	NaN	NaN	NaN	NaN	NaN	NaN	NaN	NaN	NaN	NaN	-4.412734700326809e-11	-4.593780939361142e-13	-2.2830496947760984e-13	NaN	17.82233328776341	434.25669590438946	436.228770289425	0.2	0	185.53550238632224	4.520734347088192	4.541264196118789	0.7	0	0.09220874431860289	2.0844938866138762	2.093960124068184	0.1	0	NaN	NaN	NaN	NaN	9	279.0810330946181	279.2544924909804	96192.7477076823	1.1979997076890316	1007.6842679563944	0.024136142338146246	0.026019987451567028	0.0033751721045150247	434.97850559306056	939.2395208707262	0.0028173396728333163	46.31177627510944	504.26101527766565	268.56068239868193	0.6031480034720809	0.11459059618249162	0.15518777962609798	0.6332470021809006	-2.3520512675543775e-14	-2.4759579057791142e-15	0.6332470021809006	1.8385582258255206	321.24272279293444	10.757277207065535	14.185777998750932	NaN	0.12134429136825246	0.122474795405764	-6.589176762984844	-0.4401156782272029	1.277752936542302	0.15688309168277967	1	7.321268944287949	3	6	10	15	25	61	0.017325471248125286	1.0181466943298858	23.55667141566492	1.0182849001109284	16.534960314419365	1.0877438461803464	-0.11021097854433219	1.0877438461803464	0.36915218379577114	1.0877438461803464	-0.010853531108923111	1.1521186272078854	NaN	NaN	800000009	800000009	800000009	800000009	800000009	801000009	899999999	899999999	89999	89999	89	89	7	0	0	19	2	0	0	NaN	0	0	0	0	0	0	0	0	0	NaN	NaN	NaN	NaN	0	0	0	0	0	0	0	0	17010	0	0	0	18000	18000	18000	18000	100	NaN	0.09167249045337085	0.1308713221805341	0.022405778177623074	0.07446067006884305	5.287492355116552	0.1350961308579114	2.732716092826411e-8	NaN	0.019513390409798995	-0.0026721511913990574	0.008950382809101397	-0.000010853531108923111	NaN	434.2563494858122	4.520581971821875	96578.54006510417	11.380000114440918	-4.634228961063709	101.66011088752747	101.42269955105252	101.8975361573961	-0.47483905675841753	0.0002713028546325708	-1	0	2.080424599435594	64.38320904928844	1.000112439405587	-273.1499938964844	9.000640329784817	-273.1499938964844	249
DATA	2026-03-24T203000_AIU-0547.ghg	2026-03-24	21:00:00	83.874	0	18000	18000	0.047415276953129616	1	NaN	12.656284383643014	1	NaN	34.140447430996744	1	NaN	1.943742609770844	1	NaN	0.7617652047896839	1	NaN	-0.005077686817449426	1	NaN	NaN	NaN	NaN	NaN	NaN	NaN	NaN	NaN	NaN	-1.121207515464078e-10	-1.163266326791876e-12	-5.792750739338527e-13	NaN	17.925495511719497	435.67264817329686	437.6508986386558	0.1	1	185.9791789855361	4.520156296976568	4.540680884268153	0.7	0	0.09261258593646074	2.087823240767401	2.0973033798464846	0.2	0	NaN	NaN	NaN	NaN	9	278.4628310818142	278.6497033860948	96215.01567621528	1.2008780734025635	1007.6736587584554	0.024078296071251254	0.04936238527037151	0.0033828480896693504	435.02356814700755	900.6974659292097	0.0028169788129151206	48.29852248981438	465.6738977822021	268.56205486387375	0.5802275333640806	0.23591244391465402	0.16698072466391173	0.6482293067093406	9.771157401456048e-14	-6.254820206956313e-15	0.6482293067093406	1.6486594417246059	309.8740249459102	22.125975054089782	14.927414492451355	NaN	0.19870540850705717	0.12058883726337988	-52.546031947294246	-0.05518970496019214	0.37071231738316757	0.0526353742687757	1	3.9377590445343196	2	3	6	10	18	54	0.04658477049964648	1.017827853278561	14.258239378771727	1.0180812711715823	31.391596032318194	1.0875664746656577	1.787240279145598	1.0875664746656577	0.700430936898701	1.0875664746656577	-0.010699995264277961	1.151851400105481	NaN	NaN	800000009	800000009	800000009	800000009	800000009	800000009	899999999	899999999	89999	89999	89	89	3	6	0	27	0	0	0	NaN	0	0	0	0	0	0	0	0	0	NaN	NaN	NaN	NaN	0	0	0	0	0	0	0	0	17208	0	0	0	18000	18000	18000	18000	100	NaN	0.08956663862995576	0.12278622582382104	0.028824810072982952	0.03758769693617787	2.280775301422361	0.049825200010940054	3.437263815750524e-8	NaN	0.011782761324346417	0.04322915554605066	0.016941783527246283	-0.000010699995264277961	NaN	435.67246990033243	4.520101824656382	96601.12937717015	11.380000114440918	-4.608241592672142	101.70381364885966	101.46260153749255	101.94500494766235	-0.4823934118673203	0.0002701966883161932	-1	0	2.083740319808324	64.36350442373838	1.0000891585416265	-273.1903688981798	9.000485321919124	-273.1499938964844	070
DATA	2026-03-24T210000_AIU-0547.ghg	2026-03-24	21:30:00	83.895	0	18000	18000	0.028125857738125645	1	NaN	26.047839054261274	1	NaN	29.50304223694256	1	NaN	-0.8116134870630434	2	NaN	0.6581439507034047	1	NaN	-0.0006754770834998219	1	NaN	NaN	NaN	NaN	NaN	NaN	NaN	NaN	NaN	NaN	5.943219024009512e-11	6.123265121732622e-13	3.077256082598769e-13	NaN	17.96204009278647	436.1844895895068	438.15354472071925	0.1	1	185.06188846649908	4.493984254920333	4.514271319151036	0.8	0	0.09300312996730248	2.0943382464454285	2.103792657523958	0.1	0	NaN	NaN	NaN	NaN	9	278.1929133665297	278.41328449927437	96215.72225217013	1.201918558674539	1007.6554704781815	0.024057690293695828	0.04264772800558062	0.0033661418312634955	432.50792543793585	886.0150062067213	0.0028006405317308985	48.81496615837508	453.50708076878544	268.48524232405447	0.42020375028429285	0.028887745619417225	0.11033941951863076	0.43540840724504065	-3.187382915902521e-15	3.308766149785124e-15	0.43540840724504065	1.5983818341629243	328.0672750238533	3.9327249761467202	14.679740877275673	NaN	0.1529732055165579	0.14488115365679452	-11.649042542578478	-0.24894749842317035	0.8828865459049232	0.14059478901703132	1	2.796406020430524	1	2	4	6	11	29	0.027459760325317297	1.02425721874179	27.072598066819285	1.0222472190095346	27.02253844421217	1.0917938852358882	-0.7433761060932208	1.0917938852358882	0.6028097057543137	1.0917938852358882	-0.010396504395114498	1.1576145353076073	NaN	NaN	800000009	800000009	800000009	800000009	800000009	800000009	899999999	899999999	89999	89999	89	89	6	5	0	26	0	0	0	NaN	0	0	0	0	0	0	0	0	0	NaN	NaN	NaN	NaN	0	0	0	0	0	0	0	0	16509	0	0	0	18000	18000	18000	18000	100	NaN	0.11919709765577527	0.1485695097141106	0.021995699943703168	0.05957159446103161	6.134616785321437	0.14423830619949102	9.948817614328476e-8	NaN	0.022353360771778134	-0.017964666717250166	0.0145676937542594	-0.000010396504395114497	NaN	436.1838705513342	4.493841419343474	96605.97081944444	11.360576336542767	-4.712108767072369	101.71768107477824	101.4751454387241	101.96027677281698	-0.48509278314560633	0.000269749076040979	-1	0	2.0902612726555923	64.85521599891453	1.0000795849760373	-273.1499938964844	9.00042327957683	-273.1499938964844	243
DATA	2026-03-24T213000_AIU-0547.ghg	2026-03-24	22:00:00	83.916	0	18000	18000	0.011887473662055191	1	NaN	23.025001050938034	0	NaN	40.80816910135399	0	NaN	0.03864575859991765	2	NaN	0.9105223507640485	0	NaN	-0.0023730721882302386	0	NaN	NaN	NaN	NaN	NaN	NaN	NaN	NaN	NaN	NaN	-4.992814039836221e-11	-5.460695975753422e-13	-2.582306985585608e-13	NaN	17.974053575655798	436.7359269441513	438.83206498687167	0.3	0	196.58421332227238	4.7766291708495086	4.799554864622959	0.8	0	0.09296265340022253	2.095725076944869	2.1057836244328323	0.1	0	NaN	NaN	NaN	NaN	9	278.4438989512126	278.6293522660998	96241.97266840278	1.2011855639082425	1007.8127853286347	0.024069793776171133	0.05900184832951034	0.0035760530370108753	459.83552704297455	899.425189559826	0.0029771029093753304	51.12548907686427	439.58966251685143	269.29924305665793	0.5165267362344308	0.11443326913474036	0.13680194511342228	0.5464518409857004	-1.2250337056148766e-14	-2.7777896726637823e-15	0.5464518409857004	1.4898859226160985	319.50824196229064	12.491758037709268	14.49797814809476	NaN	0.0994809059876048	0.10273911513022166	-3.625277486939076	-0.7999387661904336	0.564225290131286	0.19119210694260289	1	6.832031018895254	3	5	9	14	22	53	0.011650761212520306	1.0203173376586334	24.774348171172527	1.0196815167971505	37.470827409602784	1.0890650653445655	0.03548526146846025	1.0890650653445655	0.8360587257254198	1.0890650653445655	-0.011782537065753983	1.1540040302840266	NaN	NaN	800000009	800000009	800000009	800000009	800000009	800000009	899999999	899999999	89999	89999	89	89	5	0	0	9	5	0	0	NaN	0	0	0	0	0	0	0	0	0	NaN	NaN	NaN	NaN	0	0	0	0	0	0	0	0	16047	0	0	0	18000	18000	18000	18000	100	NaN	0.07157867720639387	0.11233086286549648	0.02156869018855295	0.0677565488044017	4.647598384982561	0.13677181346417205	2.333534569229878e-8	NaN	0.020465024505374112	0.0008582234403845074	0.020220372240833073	-0.000011782537065753983	NaN	436.7354124925344	4.776493724609485	96634.15896440973	11.36609312947591	-3.891923539691489	101.69555552249486	101.45265702904595	101.93846025890772	-0.4858221478437385	0.0002701480273519539	-1	0	2.0913936221135985	64.38796302902892	1.0000924551023378	-273.1499938964844	9.000498377084732	-273.1499938964844	059
DATA	2026-03-24T220000_AIU-0547.ghg	2026-03-24	22:30:00	83.937	0	18000	18000	0.1607239012813875	1	NaN	57.88863675420787	2	NaN	-195.72877322232048	2	NaN	-45.97575720700387	1	NaN	-4.368118541469049	2	NaN	0.030848514464269092	1	NaN	NaN	NaN	NaN	NaN	NaN	NaN	NaN	NaN	NaN	-1.5401538755919268e-9	-1.6026940815060784e-11	-8.030920116517582e-12	NaN	17.832834580148297	433.6985515865465	435.6647480569863	0.1	1	185.56962970402063	4.513095170561282	4.533555538166051	0.1	1	0.0929868581535088	2.098289389042482	2.107802100522851	0	1	NaN	NaN	NaN	NaN	9	278.6587740325929	278.8618829210069	96212.954609375	1.199941857495345	1007.6734093769976	0.024097146834521393	-0.28305408148719435	0.0033749213932014036	434.3346952341522	914.0571245595739	0.002812570769258706	47.51723755158416	479.72242932542173	268.54106013918414	0.11215150205437979	0.06400559614317614	0.08593122293564893	0.15510915777588286	-2.3201154200522165e-14	-8.636618416830057e-14	0.15510915777588286	1.700563411381193	302.28631435744677	29.713685642553205	33.642197424043516	NaN	0.36598234140825703	0.21785701080877412	-71.7791925553328	-0.04040168044192559	-0.2957594624498795	0.13081368790347744	0	84.63812464778142	-12.844161951275561	29.05352930578817	72.3473959484261	110.33434366774371	154.74548580148831	231.836936050103	0.15238331472900804	1.054734250709876	45.49611201181492	1.0425315576773009	-175.30646906233082	1.1164948690668595	-41.17865516518616	1.1164948690668595	-3.912349857120097	1.1164948690668595	0.02241056282955337	1.188117764793109	NaN	NaN	800000009	800000009	800000009	800000009	800000009	800101009	899999999	899999999	89999	89999	89	89	0	0	0	19	10	0	0	NaN	0	0	0	0	0	0	0	0	0	NaN	NaN	NaN	NaN	0	0	0	0	0	0	0	0	15484	0	0	0	18000	18000	18000	18000	100	NaN	0.22748500232551114	0.10036111520419742	0.10786790408783967	0.10774921923296046	24.04429352630911	0.2833759265051267	2.911215260320324e-8	NaN	0.03762653990603936	-0.9967879053467829	-0.09470399175054985	0.00002241056282955337	NaN	433.69656137156755	4.512815110199608	96605.04336501737	11.380000114440918	-4.6961201720503745	101.6782230881585	101.43636400667826	101.92009577878316	-0.4837145339234009	0.00027027100909617736	-1	0	2.09419720020559	65.08170694417431	1.0000932139025793	-273.1499938964844	9.000498414781358	-273.1499938964844	121
DATA	2026-03-24T223000_AIU-0547.ghg	2026-03-24	23:00:00	83.958	0	18000	18000	0.04853695201879322	1	NaN	18.12318781175811	1	NaN	69.23659968923111	0	NaN	0.7940150216495215	2	NaN	1.5459225883149093	0	NaN	-0.0011597692218091775	0	NaN	NaN	NaN	NaN	NaN	NaN	NaN	NaN	NaN	NaN	5.879945297496498e-10	5.4114855885952395e-12	3.1289725826608614e-12	NaN	17.49634710932294	426.1471721502536	427.8250837459042	0.1	1	161.0239984298382	3.921957031970306	3.937399343011305	0.1	1	0.09310561175645307	2.1053583300603043	2.113647966565887	0.3	0	NaN	NaN	NaN	NaN	9	279.1195569051107	279.3745744840834	96213.53121310764	1.1980151600163518	1007.3614808521863	0.024141305105162107	0.10017578372280611	0.0029274998439046762	377.4465542036108	947.0630612008588	0.0024436250404917402	39.85442677122423	569.616506997248	266.69594774646515	-0.12958446321263517	0.08306430109105073	0.10131970625496044	0.18427559278818564	2.191794960410067e-14	3.3606702363394275e-14	0.18427559278818564	1.6607666232812384	184.66007834150528	147.33992165849472	33.35514894162888	NaN	0.20128207148869506	0.16299893438036103	-38.13790370204539	-0.07603983749753054	0.2617573348937433	0.07460738936384098	0	68.91396964228785	-10.457960765013649	23.65593572533024	58.906624749029156	89.83631952695865	125.99671548942318	188.76603941078247	0.04631961421901822	1.0478703857353067	21.083904683833232	1.0379206997291157	62.335680044625384	1.1107057729965477	0.7148743087085669	1.1107057729965477	1.3918380780035022	1.1107057729965477	-0.010727414017308205	1.1810114954904913	NaN	NaN	800000009	800000009	800000009	800000009	800000009	800000009	899999999	899999999	89999	89999	89	89	8	0	1	6	1	0	0	NaN	0	0	0	0	0	0	0	0	0	NaN	NaN	NaN	NaN	0	0	0	0	0	0	0	0	15113	0	0	0	18000	18000	18000	18000	100	NaN	0.059908271533896745	0.21154784622826017	0.05454175099856512	0.09011394618477164	5.664429985159526	0.20316281092085445	2.4521698000509142e-8	NaN	0.017470421776409163	0.017325968730599543	0.03373312304523926	-0.000010727414017308205	NaN	426.1463641648745	3.9217558375888086	96606.90607552083	11.380000114440918	-6.535332592301859	101.65084563361273	101.4115304239061	101.89017369121976	-0.478642618810965	0.0002705970568252572	-1	0	2.101791884912385	65.22540789072399	1.0000959544579189	-273.1499938964844	9.000602912531958	-273.1499938964844	223
DATA	2026-03-24T230000_AIU-0547.ghg	2026-03-24	23:30:00	83.979	0	18000	18000	0.014089711205986958	1	NaN	14.548124742498931	1	NaN	30.27519182523278	1	NaN	0.04519151503331228	2	NaN	0.67572205499494	1	NaN	-0.0030946572957125476	1	NaN	NaN	NaN	NaN	NaN	NaN	NaN	NaN	NaN	NaN	4.870886548256968e-11	4.3784408933639293e-13	2.581343937543006e-13	NaN	17.563995780616636	427.75452881268	429.4056305265657	0.1	0	157.88279323451468	3.8450863158479196	3.8599280724594904	0.6	0	0.0930810306874218	2.1007481589358603	2.1088568957277043	-0.6	0	NaN	NaN	NaN	NaN	9	278.67047232818607	278.9620133650038	96232.06375998264	1.2000529571679097	1007.3127164906138	0.024101012578315924	0.04378678916367211	0.002874918901170891	370.11984561599627	920.4222856489419	0.002395660028167104	40.21196046497766	550.3024400329456	266.4406047028883	-0.0038696244509443265	-0.3884429273784351	0.0862759361750191	0.3979276554684225	-2.296400015514936e-14	2.773222340233312e-15	0.3979276554684225	1.3103326176031609	62.57075518677027	269.42924481322973	12.521920790197402	NaN	0.10835546994636686	0.05619315278681712	-7.412641112264203	-0.39122358091800163	0.4805295644856603	0.11106863847564838	1	4.16442250968394	2	3	6	9	15	38	0.01373211717982144	1.0260407059947743	15.82930887236728	1.023416629143411	27.696334260431957	1.093111873237502	0.04134207681732266	1.093111873237502	0.6181636770567992	1.093111873237502	-0.009173097186701616	1.159298379616426	NaN	NaN	800000009	800000009	800000009	800000009	800000009	800000009	899999999	899999999	89999	89999	89	89	8	0	0	3	2	0	0	NaN	0	0	0	0	0	0	0	0	0	NaN	NaN	NaN	NaN	0	0	0	0	0	0	0	0	12815	0	0	0	18000	18000	18000	18000	100	NaN	0.042054421252832985	0.0587437707674203	0.01158811355338097	0.05422432806062717	3.2402506082179614	0.09698083488407783	2.8121688778996434e-8	NaN	0.01309475041965541	0.0010002329269721	0.014955892680052357	-0.000009173097186701615	NaN	427.75420552369286	3.844990043490683	96623.40000585938	11.380000114440918	-6.753821700877595	101.6389883719573	101.40004864307284	101.87788963132532	-0.47787905579970935	0.0002709905931745501	-1	0	2.0972524906264405	65.34652174499303	1.0001043008764585	-273.1499938964844	9.000563788361019	-273.1499938964844	011
