DATAH	filename	date	time	DOY	daytime	file_records	used_records	Tau	qc_Tau	rand_err_Tau	H	qc_H	rand_err_H	LE	qc_LE	rand_err_LE	co2_flux	qc_co2_flux	rand_err_co2_flux	h2o_flux	qc_h2o_flux	rand_err_h2o_flux	ch4_flux	qc_ch4_flux	rand_err_ch4_flux	none_flux	qc_none_flux	rand_err_none_flux	H_strg	LE_strg	co2_strg	h2o_strg	ch4_strg	none_strg	co2_v-adv	h2o_v-adv	ch4_v-adv	none_v-adv	co2_molar_density	co2_mole_fraction	co2_mixing_ratio	co2_time_lag	co2_def_timelag	h2o_molar_density	h2o_mole_fraction	h2o_mixing_ratio	h2o_time_lag	h2o_def_timelag	ch4_molar_density	ch4_mole_fraction	ch4_mixing_ratio	ch4_time_lag	ch4_def_timelag	none_molar_density	none_mole_fraction	none_mixing_ratio	none_time_lag	none_def_timelag	sonic_temperature	air_temperature	air_pressure	air_density	air_heat_capacity	air_molar_volume	ET	water_vapor_density	e	es	specific_humidity	RH	VPD	Tdew	u_unrot	v_unrot	w_unrot	u_rot	v_rot	w_rot	wind_speed	max_wind_speed	wind_dir	yaw	pitch	roll	u*	TKE	L	(z-d)/L	bowen_ratio	T*	model	x_peak	x_offset	x_10%	x_30%	x_50%	x_70%	x_90%	un_Tau	Tau_scf	un_H	H_scf	un_LE	LE_scf	un_co2_flux	co2_scf	un_h2o_flux	h2o_scf	un_ch4_flux	ch4_scf	un_none_flux	un_none_scf	spikes_hf	amplitude_resolution_hf	drop_out_hf	absolute_limits_hf	skewness_kurtosis_hf	skewness_kurtosis_sf	discontinuities_hf	discontinuities_sf	timelag_hf	timelag_sf	attack_angle_hf	non_steady_wind_hf	u_spikes	v_spikes	w_spikes	ts_spikes	co2_spikes	h2o_spikes	ch4_spikes	none_spikes	head_detect_LI-7200	t_out_LI-7200	t_in_LI-7200	aux_in_LI-7200	delta_p_LI-7200	chopper_LI-7200	detector_LI-7200	pll_LI-7200	sync_LI-7200	chopper_LI-7500	detector_LI-7500	pll_LI-7500	sync_LI-7500	not_ready_LI-7700	no_signal_LI-7700	re_unlocked_LI-7700	bad_temp_LI-7700	laser_temp_unregulated_LI-7700	block_temp_unregulated_LI-7700	motor_spinning_LI-7700	pump_on_LI-7700	top_heater_on_LI-7700	bottom_heater_on_LI-7700	calibrating_LI-7700	motor_failure_LI-7700	bad_aux_tc1_LI-7700	bad_aux_tc2_LI-7700	bad_aux_tc3_LI-7700	box_connected_LI-7700	mean_value_RSSI_LI-7200	mean_value_LI-7500	u_var	v_var	w_var	ts_var	co2_var	h2o_var	ch4_var	none_var	w/ts_cov	w/co2_cov	w/h2o_cov	w/ch4_cov	w/none_cov	co2_mean	h2o_mean	air_p_mean	vin_sf_mean	dew_point_mean	avg_signal_strength_7200_mean	co2_signal_strength_7200_mean	h2o_signal_strength_7200_mean	delta_signal_strength_7200_mean	flowrate_mean	hit_power_mean	hit_vin_mean	ch4_mean	rssi_77_mean	ch4_aux-1_mean	ch4_aux-2_mean	ch4_aux-3_mean	ch4_aux-4_mean	CHK
DATAU		[yyyy-mm-dd]	[HH:MM]	[ddd.ddd]	[1=daytime]	[#]	[#]	[kg+1m-1s-2]	[#]	[kg+1m-1s-2]	[W+1m-2]	[#]	[W+1m-2]	[W+1m-2]	[#]	[W+1m-2]	[µmol+1s-1m-2]	[#]	[µmol+1s-1m-2]	[mmol+1s-1m-2]	[#]	[mmol+1s-1m-2]	[µmol+1s-1m-2]	[#]	[µmol+1s-1m-2]	[µmol+1s-1m-2]	[#]	[µmol+1s-1m-2]	[W+1m-2]	[W+1m-2]	[µmol+1s-1m-2]	[mmol+1s-1m-2]	[µmol+1s-1m-2]	[µmol+1s-1m-2]	[µmol+1s-1m-2]	[mmol+1s-1m-2]	[µmol+1s-1m-2]	[µmol+1s-1m-2]	[mmol+1m-3]	[µmol+1mol_a-1]	[µmol+1mol_d-1]	[s]	[1=default]	[mmol+1m-3]	[mmol+1mol_a-1]	[mmol+1mol_d-1]	[s]	[1=default]	[mmol+1m-3]	[µmol+1mol_a-1]	[µmol+1mol_d-1]	[s]	[1=default]	[mmol+1m-3]	[µmol+1mol_a-1]	[µmol+1mol_d-1]	[s]	[1=default]	[K]	[K]	[Pa]	[kg+1m-3]	[J+1kg-1K-1]	[m+3mol-1]	[mm]	[kg+1m-3]	[Pa]	[Pa]	[kg+1kg-1]	[%]	[Pa]	[K]	[m+1s-1]	[m+1s-1]	[m+1s-1]	[m+1s-1]	[m+1s-1]	[m+1s-1]	[m+1s-1]	[m+1s-1]	[deg_from_north]	[deg]	[deg]	[deg]	[m+1s-1]	[m+2s-2]	[m]	[#]	[#]	[K]	[0=KJ/1=KM/2=HS]	[m]	[m]	[m]	[m]	[m]	[m]	[m]	[kg+1m-1s-2]	[#]	[W+1m-2]	[#]	[W+1m-2]	[#]	[µmol+1s-1m-2]	[#]	[mmol+1s-1m-2]	[#]	[µmol+1s-1m-2]	[#]	[µmol+1s-1m-2]	[#]	8u/v/w/ts/co2/h2o/ch4/none	8u/v/w/ts/co2/h2o/ch4/none	8u/v/w/ts/co2/h2o/ch4/none	8u/v/w/ts/co2/h2o/ch4/none	8u/v/w/ts/co2/h2o/ch4/none	8u/v/w/ts/co2/h2o/ch4/none	8u/v/w/ts/co2/h2o/ch4/none	8u/v/w/ts/co2/h2o/ch4/none	8co2/h2o/ch4/none	8co2/h2o/ch4/none	8aa	8U	[#]	[#]	[#]	[#]	[#]	[#]	[#]	[#]	[#_flagged_recs]	[#_flagged_recs]	[#_flagged_recs]	[#_flagged_recs]	[#_flagged_recs]	[#_flagged_recs]	[#_flagged_recs]	[#_flagged_recs]	[#_flagged_recs]	[#_flagged_recs]	[#_flagged_recs]	[#_flagged_recs]	[#_flagged_recs]	[#_flagged_recs]	[#_flagged_recs]	[#_flagged_recs]	[#_flagged_recs]	[#_flagged_recs]	[#_flagged_recs]	[#_flagged_recs]	[#_flagged_recs]	[#_flagged_recs]	[#_flagged_recs]	[#_flagged_recs]	[#_flagged_recs]	[#_flagged_recs]	[#_flagged_recs]	[#_flagged_recs]	[#_flagged_recs]	[#]	[#]	[m+2s-2]	[m+2s-2]	[m+2s-2]	[K+2]	--	--	--	--	[m+1s-1K+1]	--	--	--	--	--	--	--	--	--	--	--	--	--	--	--	--	--	--	--	--	--	--	207
DATA	2026-09-08T233000_AIU-0547.ghg	2026-09-09	00:00:00	252	0	18000	18000	0.010336967431873572	1	NaN	26.998515830961857	0	NaN	-0.09274360188014855	2	NaN	-1.381048950045687	1	NaN	-0.0020945513037812524	2	NaN	-0.003687439840712044	0	NaN	NaN	NaN	NaN	NaN	NaN	NaN	NaN	NaN	NaN	-2.9990064372191024e-11	-1.3232982804645161e-12	-1.6133233048409095e-13	NaN	16.54339462071698	420.6247907392033	428.5791696467608	0.1	0	729.9699454776903	18.559882212926023	18.910865651971072	0.1	1	0.0889956211882333	2.1379523830251665	2.178382913310867	0	0	NaN	NaN	NaN	NaN	9	292.8558549847073	291.27141996765135	96112.30119748265	1.1415108389832809	1015.722959889246	0.025195844397017518	-0.00013572692448502515	0.01327397795990986	1784.3114837545395	2073.465624975697	0.011628429189277523	86.05454859062122	289.1541412211577	288.86762065835467	0.9994560146944296	-0.029964112782946067	0.26807154239461456	1.0352161731762082	1.2906897683687788e-14	-1.812812005018307e-15	1.0352161731762082	2.5732659781871816	333.7172372552393	358.2827627447605	15.00790060205196	NaN	0.09516046470210195	0.07927611947440247	-2.710536768972541	-1.069898786541559	-291.10920088969283	0.24469665203177196	1	16.282077965778406	7	13	21	31	50	111	0.010207196811895006	1.012713639441863	26.75455900099721	1.0149374022654258	-0.08539840585107131	1.0860109267365803	-1.271671321204552	1.0860109267365803	-0.0019286650366173532	1.0860109267365803	-0.011693451289289395	1.148309658947778	NaN	NaN	800000009	800000009	800000009	800000009	800010009	810011109	899999999	899999999	89999	89999	89	89	3	3	3	69	4	0	0	NaN	0	0	0	0	0	0	0	0	0	NaN	NaN	NaN	NaN	0	0	0	0	0	0	0	0	17600	0	0	0	18000	18000	18000	18000	100	NaN	0.06701877425847011	0.06264239748813082	0.028891067202204024	0.058181380220381815	2.090486558290616	0.016076682961809842	3.6678484164695566e-8	NaN	0.023075041335389703	-0.03264691822246246	-0.00004951355643479295	-0.000011693451289289395	NaN	420.62436634019	18.55985767244332	96513.64061197916	11.390000343322754	15.712773423936632	97.72212551752726	97.53989585961236	97.90435542848374	-0.36445650966299814	0.0002822198275114514	-1	0	2.121381223188506	86.13572087191832	1.000123244030608	-350.58924714832045	9.00091693576177	-273.1499938964844	128
DATA	2026-09-09T000000_AIU-0547.ghg	2026-09-09	00:30:00	252.02	0	18000	18000	0.0011020970930897746	0	NaN	19.593551141581944	0	NaN	1.2268499580434027	0	NaN	0.3156285739944099	1	NaN	0.027698086598187732	0	NaN	-0.003718243827716555	0	NaN	NaN	NaN	NaN	NaN	NaN	NaN	NaN	NaN	NaN	-4.312935137025218e-11	-1.881287849406201e-12	-2.2954531671718425e-13	NaN	16.605108860503567	421.8632439883654	429.771702274984	-0.1	0	724.3092823065091	18.40153329024561	18.74649758971832	0.1	1	0.08837658929266033	2.1195268031207344	2.1592605072267808	0	0	NaN	NaN	NaN	NaN	9	292.5747327134874	290.9163032853868	96106.4890078125	1.1429040599976195	1015.6264246396008	0.025166647647674352	0.0017948360115625649	0.013175995476790487	1768.9811401022375	2027.654579056156	0.011528522767534775	87.24272656566941	258.67343895391855	288.7328843093098	1.0037318052810889	0.004468414118657492	0.24934369347524668	1.0342484136480277	1.7468308526778107e-15	-2.597354328271729e-15	1.0342484136480277	1.7020745163927917	331.74493228423466	0.2550677157659074	13.950696072819007	NaN	0.031053105637277187	0.05438070833751272	-0.12977578222477607	-22.346234022131352	15.970617281374823	0.5435810982553052	1	15.639566958819424	7	12	19	28	43	90	0.0010882526877589852	1.0127216826445877	19.489330960695007	1.0149420182745315	1.1296851209274978	1.0860105487059353	0.29063122303048117	1.0860105487059353	0.025504436058371736	1.0860105487059353	-0.009473117130190055	1.1483131890710048	NaN	NaN	800000009	800000009	800000009	800000009	800000019	800010019	899999999	899999999	89999	89999	89	89	10	1	0	91	7	0	2	NaN	0	0	0	0	0	0	0	0	0	NaN	NaN	NaN	NaN	0	0	0	0	0	0	0	0	17700	0	0	0	18000	18000	18000	18000	100	NaN	0.033109241160233276	0.05203858060298537	0.023613594911806795	0.039971626389239186	0.8221051392507271	0.007321238050113785	8.452688285849166e-8	NaN	0.01679009538413111	0.0074513669423382925	0.0006538970924964947	-0.000009473117130190054	NaN	421.86314962715494	18.401516934554916	96507.74633072916	11.38360019683838	15.57800815174316	97.7142391887241	97.52523041110568	97.90324758805168	-0.3780203985555302	0.0002824269584832817	-1	0	2.103233910368548	86.06568134890661	1.000131024789479	-321.88262094286125	9.000932051526176	-273.1499938964844	200
DATA	2026-09-09T003000_AIU-0547.ghg	2026-09-09	01:00:00	252.041	0	18000	18000	0.013646355253273172	1	NaN	32.934785228254526	0	NaN	6.261580858348164	1	NaN	-0.34848872478128057	1	NaN	0.14135442785002678	1	NaN	-0.002068401666128315	0	NaN	NaN	NaN	NaN	NaN	NaN	NaN	NaN	NaN	NaN	-1.7286317357776601e-10	-7.50265590858386e-12	-9.218011278485901e-13	NaN	16.68037830846895	423.5615041609606	431.4938871887128	0.1	1	723.9664544116948	18.38353511664695	18.727818628053974	0.1	1	0.0889489138689834	2.1324577208384086	2.1723940022662633	0.1	0	NaN	NaN	NaN	NaN	9	292.48685398525663	290.83774951087105	96117.36528298611	1.1433499644252123	1015.6147799616551	0.02515700510843487	0.009159766924681735	0.01316815364348997	1767.450932863889	2017.6415725184704	0.011517168017851732	87.5998471154474	250.19063965458145	288.7193792891095	0.9493311969681151	0.1674495727851536	0.30000285703458035	1.009589419116384	1.0505287408155734e-14	-1.0363264572362849e-14	1.009589419116384	2.027687897548073	321.99667125947644	10.003328740523544	17.286705437802226	NaN	0.10924932068814355	0.09144790942361905	-3.362220369842722	-0.86252526039382	5.259819520552017	0.2596138725947374	1	14.100345350091759	6	11	18	28	44	100	0.013472130603298335	1.012932226913847	32.99518591543205	1.0150632963750008	5.765773181151513	1.08599153341957	-0.32089451349952913	1.08599153341957	0.13016162971817097	1.08599153341957	-0.012429809521443043	1.1484097814190772	NaN	NaN	800000009	800000009	800000009	800000009	800000009	800010109	899999999	899999999	89999	89999	89	89	8	3	1	57	13	5	0	NaN	0	0	0	0	0	0	0	0	0	NaN	NaN	NaN	NaN	0	0	0	0	0	0	0	0	17700	0	0	0	18000	18000	18000	18000	100	NaN	0.06788522524387743	0.07779020860910983	0.03722038499425085	0.07130368351753952	2.9445446684673264	0.019206534704707557	7.571752309865146e-8	NaN	0.02841465483083675	-0.0082239711314226	0.0033358173486588037	-0.000012429809521443044	NaN	423.56129320433826	18.383507707700634	96519.5908719618	11.380000114440918	15.56454904458258	97.69760203255547	97.49991385142008	97.89528470251295	-0.39537024835331536	0.00028225277224232237	-1	0	2.1160669455793166	85.90494768815567	1.0001623719268375	-273.1499938964844	9.001113691780303	-273.1499938964844	249
DATA	2026-09-09T010000_AIU-0547.ghg	2026-09-09	01:30:00	252.062	0	18000	18000	0.006446035694049325	0	NaN	33.62600691586487	0	NaN	16.778106761302645	1	NaN	-1.412624884882934	1	NaN	0.3787035853125125	1	NaN	-0.001012436819162531	0	NaN	NaN	NaN	NaN	NaN	NaN	NaN	NaN	NaN	NaN	-1.818914856274992e-10	-7.814986314666012e-12	-9.683503544496446e-13	NaN	16.800130027563704	426.33706857154476	434.2922674849124	0.1	1	721.8193077981568	18.31761582916956	18.65941176548806	0.1	1	0.08944020557569132	2.1425579899207503	2.182536861686118	0	0	NaN	NaN	NaN	NaN	9	292.2602593926324	290.6730382792155	96126.08447113715	1.1441303431408434	1015.5743391269385	0.025140477254943467	0.024539992328250812	0.013129561525421381	1761.2730026491395	1996.7869300797086	0.011475581959812704	88.20535511912792	235.51392743056908	288.66475061173344	0.9926630674766157	0.11593899812721024	0.28706745624955404	1.0398218795815097	-1.2436249120013127e-14	-1.0826790347995686e-14	1.0398218795815097	2.153788405397382	325.3382687292424	6.66173127075762	16.0260088903416	NaN	0.07506000711426962	0.10329254386314449	-1.0680633580497911	-2.7151947289861127	2.004159789555074	0.38554890525004865	1	15.395540689982408	7	12	19	29	45	97	0.006365351284891668	1.0126755626746262	34.28366919328965	1.0149155728156483	15.44923390229243	1.086015453414362	-1.3007410534000534	1.086015453414362	0.3487092049398497	1.086015453414362	-0.012402861404350363	1.1482931761436277	NaN	NaN	800000009	800000009	800000009	800000009	800000009	800010009	899999999	899999999	89999	89999	89	89	2	6	0	50	15	0	1	NaN	0	0	0	0	0	0	0	0	0	NaN	NaN	NaN	NaN	0	0	0	0	0	0	0	0	17400	17998	0	0	18000	18000	18000	18000	100	NaN	0.07035936792449399	0.09805129526365419	0.03817442453814078	0.06867473011103167	1.108716400237769	0.0363064416899477	2.847022739892837e-8	NaN	0.02950530263059984	-0.03331160370365494	0.008930342294040175	-0.000012402861404350364	NaN	426.3369266118557	18.317572342169864	96529.46120225695	11.350805374304453	15.509675665431553	97.68230210749309	97.47544352001614	97.8891662656996	-0.41372067228622	0.000281832436843413	-1	0	2.126145077848434	86.790287405897	1.000143914123376	-299.47449500190186	9.00103694378005	-273.1499938964844	131
DATA	2026-09-09T013000_AIU-0547.ghg	2026-09-09	02:00:00	252.083	0	18000	18000	0.008104330241723566	0	NaN	39.41131211737306	0	NaN	8.925743186152118	1	NaN	0.9919573604455895	0	NaN	0.20145783773612014	1	NaN	-0.0034781076592596788	0	NaN	NaN	NaN	NaN	NaN	NaN	NaN	NaN	NaN	NaN	-1.1094321363066743e-11	-4.781404927641214e-13	-5.916308568104936e-14	NaN	16.768923358080304	425.41184168823946	433.357141983589	0.1	1	722.703175360332	18.334301031665863	18.67672574373741	0.1	1	0.08942423938752878	2.1418313107077065	2.181833706687144	0	0	NaN	NaN	NaN	NaN	9	292.1847317284478	290.6331898812188	96108.35626931423	1.1440689081440647	1015.5830354820276	0.025141667535145896	0.013054467885300585	0.013140898860010913	1762.552194682451	1991.7700651424614	0.011486107844088156	88.49175040475289	229.21787046001032	288.6760757371714	0.9916549183122052	0.09275245754415622	0.29117042990556535	1.0376717759699712	-1.3672864675167782e-16	-6.616000995508643e-16	1.0376717759699712	2.349603769288758	326.6565001762607	5.343499823739324	16.296002280274674	NaN	0.0841651832392032	0.14188709461859864	-1.2845967009455164	-2.2575178636730735	4.4154656139466235	0.4030146188445048	1	14.405756870129583	6	11	18	27	42	92	0.008002748973891681	1.0126932967863025	39.56939344872069	1.0149257350785683	8.21881259556476	1.086013713339668	0.9133930338643331	1.086013713339668	0.18550211223079743	1.086013713339668	-0.015945301702362063	1.1483008058455628	NaN	NaN	800000009	800000009	800000009	800000009	800000019	800010019	899999999	899999999	89999	89999	89	89	1	2	0	42	2	0	1	NaN	0	0	0	0	0	0	0	0	0	NaN	NaN	NaN	NaN	0	0	0	0	0	0	0	0	16900	18000	0	0	18000	18000	18000	18000	100	NaN	0.0860360237753278	0.15466906248974158	0.043069102972127904	0.07916306541691319	4.230994663655184	0.019145239508911584	5.117826074609874e-8	NaN	0.03405585375984455	0.02339323769588277	0.004750961353563284	-0.000015945301702362062	NaN	425.4116083180427	18.334273634026324	96523.40003493923	11.356133562723794	15.52312266370986	97.64520355351766	97.42403867001003	97.86637172826131	-0.4423300663414932	0.00028218629248375594	-1	0	2.1253816566997106	84.68557851157547	1.0001418539716138	-273.1499938964844	9.001117421627045	-273.1499938964844	009
DATA	2026-09-09T020000_AIU-0547.ghg	2026-09-09	02:30:00	252.104	0	18000	18000	0.008928069372132637	1	NaN	36.14247631344893	0	NaN	5.202921710570427	1	NaN	-0.9990346076556859	0	NaN	0.1174161209352365	1	NaN	-0.004140328898413115	0	NaN	NaN	NaN	NaN	NaN	NaN	NaN	NaN	NaN	NaN	4.2519391918129835e-11	1.830681108755456e-12	2.282925567032365e-13	NaN	16.683312983928193	423.13276179202967	430.9844658982654	0.1	1	718.3034501043566	18.218067534919296	18.556124259871996	0.1	1	0.08957503867211442	2.143959105536533	2.183742677106953	0	0	NaN	NaN	NaN	NaN	9	292.03658171251084	290.4914221030341	96106.49625954861	1.1446557509784272	1015.5144395919239	0.025129890042419167	0.007608564636603325	0.013063709473060165	1751.344292988413	1974.0111297111648	0.011412784552817374	88.72008200098992	222.6668367227519	288.57660183602087	1.109143851202389	0.0818787654981348	0.28574380598158533	1.1482829518704971	-3.4254278266746086e-15	2.548618008850564e-15	1.1482829518704971	2.1843973270873787	327.7779926501453	4.2220073498546755	14.409141498934895	NaN	0.08831639450127715	0.07950012305004689	-1.6183790523571084	-1.7919164214194805	6.946573161003112	0.35205910184930767	1	16.85111882010051	8	13	21	32	50	109	0.008823350006779992	1.0118684360557133	36.132032629153905	1.0144655225812007	4.789877815577029	1.0862326578874621	-0.9197243338260869	1.0862326578874621	0.10809481751689448	1.0862326578874621	-0.015320179236672551	1.148010955482151	NaN	NaN	800000009	800000009	800000009	800000009	800000009	800010009	899999999	899999999	89999	89999	89	89	5	4	0	62	0	0	2	NaN	0	0	0	0	0	0	0	0	0	NaN	NaN	NaN	NaN	0	0	0	0	0	0	0	0	17100	602	0	0	18000	18000	18000	18000	100	NaN	0.06685933386841669	0.05396481201283598	0.03817610021884111	0.06849953766283592	3.214031874225189	0.016366494927015713	3.0670711890948774e-8	NaN	0.031083606051010924	-0.023541568302626496	0.0027668307080098487	-0.00001532017923667255	NaN	423.1325264038512	18.21804315878674	96510.1448500434	11.369999885559082	15.421987780729934	97.64264492373997	97.41961261622112	97.8656791000366	-0.4460631598631528	0.0002823391204357095	-1	0	2.1276196440193393	86.26448386278135	1.0001450423002243	-273.1499938964844	9.001108388768301	-273.1499938964844	173
DATA	2026-09-09T023000_AIU-0547.ghg	2026-09-09	03:00:00	252.124	0	18000	18000	0.00860525983231159	0	NaN	27.79462988080381	0	NaN	6.344368519286424	1	NaN	0.2505968107947064	2	NaN	0.14316576636299597	1	NaN	-0.003191413136286962	0	NaN	NaN	NaN	NaN	NaN	NaN	NaN	NaN	NaN	NaN	-1.368980203710355e-11	-5.892296725312353e-13	-7.36273772563152e-14	NaN	16.68230370316547	423.00309061957904	430.8473952907119	0.1	1	718.0314457025228	18.20668932172592	18.54431999454935	0.1	1	0.08972184294034269	2.1467723361307005	2.1865827692873543	0.1	0	NaN	NaN	NaN	NaN	9	291.9475348264906	290.42056741078693	96105.35972591146	1.144926436123535	1015.5066817272326	0.025124057641941082	0.009277141660322138	0.013058581216242829	1750.2297813941016	1965.1874555639783	0.011405607211286226	89.06172164078936	214.95767416987678	288.5666796275209	0.9989665375442973	0.07618831793394279	0.2706837686504665	1.037790203043797	7.297215680564017e-15	-8.206182000214939e-16	1.037790203043797	2.213151622151971	327.63865802008036	4.361341979919719	15.119142671303255	NaN	0.08669483062784068	0.12527281929669892	-1.9906172817647345	-1.4568345339738404	4.380992339317953	0.2757447955485308	1	16.457606910927957	7	13	21	31	49	108	0.008497408026462913	1.0126923181178074	27.907407803542128	1.014925174052623	5.841887506564862	1.0860134694748738	0.2307492658593626	1.0860134694748738	0.13182687911985264	1.0860134694748738	-0.011948381882439667	1.1483003826515639	NaN	NaN	800000009	800000009	800000009	800000009	800000019	800010119	899999999	899999999	89999	89999	89	89	6	1	0	43	7	0	5	NaN	0	0	0	0	0	0	0	0	0	NaN	NaN	NaN	NaN	0	0	0	0	0	0	0	0	17600	0	0	0	18000	18000	18000	18000	100	NaN	0.10095486904132304	0.11736045907280812	0.03223031047926668	0.061219797166043526	2.3350721315768412	0.013341749468951428	4.078534218842731e-8	NaN	0.02400264655717094	0.005904895288320248	0.003373462162446123	-0.000011948381882439667	NaN	423.00280721535034	18.20666776534499	96508.88978993056	11.382800178527834	15.41216747416391	97.62050215233697	97.39028742429946	97.85072038862441	-0.46042691547672027	0.00028168872132664543	-1	0	2.130412912574079	84.78883268369047	1.0001365436116854	-318.0469957817961	9.000996828105714	-273.1499938964844	148
DATA	2026-09-09T030000_AIU-0547.ghg	2026-09-09	03:30:00	252.145	0	18000	18000	0.0036015036534199733	0	NaN	30.780749063078336	0	NaN	0.6166853206714904	2	NaN	0.07274151425977987	2	NaN	0.013914419447653013	2	NaN	0.0013704611913734803	0	NaN	NaN	NaN	NaN	NaN	NaN	NaN	NaN	NaN	NaN	-6.094026144827714e-11	-2.5966594825868195e-12	-3.254042237442455e-13	NaN	16.73700788372119	424.2376251247282	432.04763354213446	0.1	1	713.1625168408867	18.076729997051586	18.40951380752725	0.1	1	0.08937101562693714	2.137113957870688	2.1764571867863673	0	0	NaN	NaN	NaN	NaN	9	291.8296940519545	290.3027689387003	96106.52760807292	1.1454616180404067	1015.4307619582053	0.02511356180507363	0.0009016543802079152	0.012970787762263505	1737.7577606466518	1950.5942901387207	0.011323633684429533	89.08863157407619	212.83652949206885	288.4552642241576	1.0241536148024857	0.07598898342275724	0.26616036713142166	1.0608988139055355	2.886119032515281e-14	-3.64104873891761e-15	1.0608988139055355	2.336964077289992	327.75660848149266	4.243391518507357	14.529707790205512	NaN	0.05607272458751357	0.12241561985799916	-0.486337366794899	-5.96293889386255	49.91321834864188	0.47195073609846466	1	15.715389118011805	7	12	20	29	45	94	0.0035570218200886333	1.0125053585783828	30.542553511887803	1.0148187683898509	0.5678275343172571	1.0860433554230138	0.06697846259687032	1.0860433554230138	0.012812029444472175	1.0860433554230138	-0.008295454054994258	1.1482221564971922	NaN	NaN	800000009	800000009	800000009	800000009	800000009	800011009	899999999	899999999	89999	89999	89	89	5	19	1	55	32	0	0	NaN	0	0	0	0	0	0	0	0	0	NaN	NaN	NaN	NaN	0	0	0	0	0	0	0	0	17400	0	0	0	18000	18000	18000	18000	100	NaN	0.10162864612575673	0.10543266877393663	0.037769924816304944	0.06893580149127013	1.0445962017109267	0.01995486175157688	2.9292281631420498e-8	NaN	0.02625877645341024	0.0017130422689608927	0.0003276806773193674	-0.000008295454054994257	NaN	424.23715868499045	18.076702454479694	96509.47411979167	11.390000343322754	15.300350560135326	97.63152658547295	97.40210625288222	97.86094787343343	-0.45884084867769004	0.00028187133170690175	-1	0	2.120926337560018	80.17898211887152	1.0001683372060457	-273.1499938964844	9.001155777692794	-273.1499938964844	192
DATA	2026-09-09T033000_AIU-0547.ghg	2026-09-09	04:00:00	252.166	0	18000	18000	0.013674859551539267	1	NaN	30.83072521941164	0	NaN	8.337399477284913	1	NaN	-0.11303681375732226	2	NaN	0.18808761937459964	1	NaN	0.000746849349612008	0	NaN	NaN	NaN	NaN	NaN	NaN	NaN	NaN	NaN	NaN	1.172375158919033e-10	4.937092223155951e-12	6.262627591966423e-13	NaN	16.822621973855995	426.16567552216645	433.9536851617692	0.1	1	708.4322410651896	17.94663786919933	18.274605598070337	0.1	1	0.0898635694736408	2.1470698657754843	2.186306720764033	0	0	NaN	NaN	NaN	NaN	9	291.6790434358385	290.13099278937443	96122.73068815104	1.146389816346856	1015.3538420203286	0.025094470962092653	0.012188077735474055	0.012887238006832434	1725.5425730640693	1929.4845250501833	0.01124158451433175	89.43023645235975	203.94195198611396	288.3454601670798	1.0281169143198985	-0.0651923779949985	0.2649330568535073	1.0637029473838489	-7.588470471682262e-15	6.969039432384672e-15	1.0637029473838489	2.1753057088612984	335.62823908629946	356.37176091370065	14.422295296443151	NaN	0.1092182660917406	0.11542616287788933	-3.588432847909298	-0.8081522277028551	3.6978826915286196	0.24251506778602971	1	15.448793934438887	7	12	20	30	48	109	0.013506257336560511	1.0124832668871457	31.030167944898643	1.014806241400944	7.676834420220408	1.0860465422211802	-0.10408100331145992	1.0860465422211802	0.1731855975434747	1.0860465422211802	-0.009420330147093063	1.148213444644923	NaN	NaN	800000009	800000009	800000009	800000009	800000009	800010119	899999999	899999999	89999	89999	89	89	5	3	0	39	6	0	0	NaN	0	0	0	0	0	0	0	0	0	NaN	NaN	NaN	NaN	0	0	0	0	0	0	0	0	17400	0	0	0	18000	18000	18000	18000	100	NaN	0.051029751100966345	0.14027932264094933	0.03954325201386296	0.05644533971852569	0.7927943634740781	0.013870037065977682	3.393323937679752e-8	NaN	0.026658419032383397	-0.002659601422215426	0.004425444095264006	-0.000009420330147093062	NaN	426.1657477030788	17.94661612028253	96525.38136675347	11.38027123175727	15.190506337642674	97.63826410081651	97.40709860738119	97.86942678663465	-0.4623289137482635	0.00028175298375168083	-1	0	2.130928637875451	82.20665017506312	1.0001164868308439	-353.49624727036866	9.00083994409773	-273.1499938964844	178
DATA	2026-09-09T040000_AIU-0547.ghg	2026-09-09	04:30:00	252.187	0	18000	18000	0.026677945089570176	1	NaN	39.16119337250672	0	NaN	9.063774842003067	1	NaN	0.14948858549553776	2	NaN	0.2044716690328965	1	NaN	-0.008788089843812377	0	NaN	NaN	NaN	NaN	NaN	NaN	NaN	NaN	NaN	NaN	-1.7954212139666767e-10	-7.531557981049215e-12	-9.559846211755025e-13	NaN	16.864105011863472	427.06996677137937	434.8605051015217	0	0	707.4272249169815	17.91502847177066	18.241831400691286	0.1	1	0.08979411023896602	2.1452286664768683	2.184361566126669	0	0	NaN	NaN	NaN	NaN	9	291.6090969467163	290.1176920208401	96137.43604622396	1.1466315611424596	1015.3357001994094	0.02508948221067108	0.013249764153331694	0.012867097689856007	1722.766894029527	1927.8583659402268	0.011221649678852138	89.36169401580102	205.09147191069974	288.320414008747	1.050313450337345	0.03650977869548102	0.32216924643778816	1.0992198739333412	2.7758845009472357e-14	-1.0646406747963459e-14	1.0992198739333412	2.5800038199755004	330.00915212626694	1.9908478737329716	17.042980372079125	NaN	0.15253315080227525	0.16742367586511075	-7.696343438251818	-0.37680231180779	4.320627338515419	0.22052515099002806	1	12.42194411474411	6	10	17	26	42	101	0.026356053385956577	1.0122131981939722	39.332953178329106	1.0146547701407118	8.345167168838591	1.0861106384840085	0.13763660919866663	1.0861106384840085	0.1882604421574378	1.0861106384840085	-0.020762015128356636	1.1481137618287343	NaN	NaN	800000009	800000009	800000009	800000009	800000009	800010019	899999999	899999999	89999	89999	89	89	1	3	0	52	9	0	0	NaN	0	0	0	0	0	0	0	0	0	NaN	NaN	NaN	NaN	0	0	0	0	0	0	0	0	17400	0	0	0	18000	18000	18000	18000	100	NaN	0.11711863978053594	0.17478501912892216	0.04294369282076341	0.08111445000868256	2.5922896901435575	0.012349065153827703	4.8004985190749005e-8	NaN	0.03378492871030717	0.003516241726020806	0.004809543230737495	-0.000020762015128356635	NaN	427.069645350986	17.91500801231816	96540.54309396702	11.383066851298015	15.165596904701655	97.63003547732035	97.39451334720187	97.86555647553338	-0.4710450076030352	0.00028176045393532454	-1	0	2.129122407323784	82.33980091245098	1.0001266812351015	-349.2164970906655	9.000881301588482	-273.1499938964844	156
DATA	2026-09-09T043000_AIU-0547.ghg	2026-09-09	05:00:00	252.208	0	18000	18000	0.020159243348346057	1	NaN	35.25875261592561	0	NaN	-1.6121292290299762	2	NaN	-1.2963613015567899	1	NaN	-0.03636141351063187	2	NaN	-0.0034513860827014367	0	NaN	NaN	NaN	NaN	NaN	NaN	NaN	NaN	NaN	NaN	5.232718407429305e-11	2.16704877878574e-12	2.774470237133492e-13	NaN	16.930158406082235	428.51514263862396	436.2570860098849	0.1	1	701.136125468936	17.74628681007947	18.066907329316653	0.1	1	0.08976638326446226	2.1424845480974817	2.1811926178824517	0	0	NaN	NaN	NaN	NaN	9	291.38701257832844	289.9190012478231	96134.5495510342	1.1474566431082942	1015.2363471687917	0.02507305217147575	-0.002356219595488945	0.012754254711783364	1706.4889135238152	1903.7089762586347	0.011115238896725485	89.64021994987823	197.22006273481952	288.1728130693417	1.244380212585124	-0.019296202051397857	0.2997923705818189	1.280128869429212	6.1363107739794605e-15	3.0907675415189426e-15	1.280128869429212	2.51708418959149	332.88839594528554	359.1116040547141	13.543834398485842	NaN	0.1325467157984154	0.12457706365013749	-5.608719138205482	-0.5170520984453963	-21.870921996210516	0.22834658970999686	1	17.41920370317853	8	14	23	35	56	130	0.01993834056434914	1.0110792963578876	34.87681468771527	1.0140545879382705	-1.4834858248123186	1.08671697569738	-1.1929152949183246	1.08671697569738	-0.03345987439581278	1.08671697569738	-0.013980600958380609	1.1479076236497496	NaN	NaN	800000009	800000009	800000009	800000019	800000019	800010019	899999999	899999999	89999	89999	89	89	0	1	1	59	15	0	2	NaN	0	0	0	0	0	0	0	0	0	NaN	NaN	NaN	NaN	0	9	0	0	0	0	0	0	17100	0	0	0	18000	18000	18000	18000	100	NaN	0.09735281704085066	0.10959778238068084	0.04220352787874349	0.07273777516234	1.7487226182789015	0.009281061410724439	6.091767266423541e-8	NaN	0.029938729842104154	-0.030450556690567333	-0.000854102388064962	-0.000013980600958380608	NaN	428.51492704794896	17.746269799370303	96536.84039539931	11.390000343322754	15.018105320771532	97.63917875417073	97.4014756351047	97.8768839624193	-0.4754060799032454	0.0002814006133024426	-1	0	2.1265481800453525	84.1217645998531	1.0001424085282618	-273.1499938964844	9.000966303984324	-273.1499938964844	085
DATA	2026-09-09T050000_AIU-0547.ghg	2026-09-09	05:30:00	252.229	0	18000	18000	0.014566425749990453	0	NaN	28.318473003389688	0	NaN	2.4763243067538996	0	NaN	-0.0010250534709629327	2	NaN	0.055850760416475444	0	NaN	-0.004795309203996366	0	NaN	NaN	NaN	NaN	NaN	NaN	NaN	NaN	NaN	NaN	1.2175034220233944e-10	5.051982149694738e-12	6.478127292548738e-13	NaN	16.83574869695599	426.042010920921	433.7093168901162	0.1	1	698.5927132132019	17.678444226591967	17.99659604606076	0.1	1	0.089580136820467	2.1375489385986954	2.1760175433753424	0	0	NaN	NaN	NaN	NaN	9	291.3437412957086	289.8727803353204	96122.33581119792	1.1475234379223604	1015.1969975164817	0.025072240238122642	0.0036191292749876086	0.012705907704930993	1699.7491700213338	1898.1293496117735	0.011072460295831145	89.5486480080499	198.38017959043964	288.11133793117307	1.04948190087868	-0.019892626393445828	0.2912006493293128	1.0893143692371468	-2.073742350404297e-14	7.231655947938488e-15	1.0893143692371468	2.677369351036162	333.08589492181545	358.9141050781847	15.505133408068891	NaN	0.11266673718464748	0.13260072900774378	-4.288407310152355	-0.6762417350456786	11.435688341044102	0.215755673538301	1	16.16123682646133	7	13	21	32	51	116	0.014389625386340124	1.012286655065959	28.207405477301773	1.0146957147748419	2.280032496252513	1.0860916723002914	-0.0009438001387046061	1.0860916723002914	0.05142361537326416	1.0860916723002914	-0.013301085272462806	1.1481395280489706	NaN	NaN	800000009	800000009	800000009	800000009	800000009	800010009	899999999	899999999	89999	89999	89	89	3	1	1	47	22	0	1	NaN	0	0	0	0	0	0	0	0	0	NaN	NaN	NaN	NaN	0	0	0	0	0	0	0	0	17500	0	0	0	18000	18000	18000	18000	100	NaN	0.09686375684864806	0.13605461551034878	0.03228308565649073	0.06819787857590215	1.5815034250309907	0.007108982505293397	2.8716909066499255e-8	NaN	0.024213147753110367	-0.00002408915686255498	0.0013125146801381887	-0.000013301085272462807	NaN	426.0417924235944	17.67842930606672	96526.75825195313	11.390000343322754	14.956782352076642	97.63898835754395	97.39848745515611	97.87949380408392	-0.48100487033526074	0.0002811813655716832	-1	0	2.1217093646562843	82.85034474279621	1.0001367804755767	-273.1499938964844	9.000954083707597	-273.1499938964844	215
DATA	2026-09-09T053000_AIU-0547.ghg	2026-09-09	06:00:00	252.249	1	18000	18000	0.01722477560638389	1	NaN	25.224178440222826	0	NaN	2.9963638717686774	1	NaN	-0.7679516828653197	1	NaN	0.06756663998415136	1	NaN	-0.0038700946148447334	0	NaN	NaN	NaN	NaN	NaN	NaN	NaN	NaN	NaN	NaN	-5.43513069904131e-11	-2.225804580063839e-12	-2.892382570946501e-13	NaN	16.88837205715748	427.2436090967077	434.85202262637233	0.1	1	691.6156750613876	17.496557757078303	17.808138887672538	0.1	1	0.0898738884023494	2.142459347722731	2.1806125613481697	0	0	NaN	NaN	NaN	NaN	9	291.1370615632799	289.6724374338786	96111.69753559028	1.1482694975693433	1015.090196714835	0.025057685032911385	0.004378318270973008	0.012582486202158828	1682.0749448631834	1874.1101094034398	0.010957781451822446	89.75326137046535	192.03516454025635	287.94910306054857	1.117165846380078	-0.11192461876632395	0.258760095399825	1.152190711460329	-2.209709627604893e-14	-3.2182679779001206e-15	1.152190711460329	2.369674785089854	337.721156694594	354.2788433054061	12.978238300299955	NaN	0.12247709367994349	0.17299859934603345	-6.18409783063465	-0.46894471585395087	8.418262774385154	0.17669070181969157	1	17.241081242468102	8	14	23	35	56	131	0.017023181910445183	1.0118423040415851	25.174473737292217	1.0144513869977738	2.7584670202601584	1.0862424128188715	-0.7069800201157989	1.0862424128188715	0.062202174382798604	1.0862424128188715	-0.011555531234570225	1.1480043215117663	NaN	NaN	800000009	800000009	800000009	800000009	800000009	800010009	899999999	899999999	89999	89999	89	89	5	2	2	78	6	0	2	NaN	0	0	0	0	0	0	0	0	0	NaN	NaN	NaN	NaN	0	0	0	0	0	0	0	0	17300	0	0	0	18000	18000	18000	18000	100	NaN	0.08609742931048	0.2272226708901525	0.03267709849143439	0.05014331065327907	1.9765349440615927	0.006539999520358316	4.425434192773145e-8	NaN	0.02159792051443529	-0.018030845013367457	0.0015864065940746008	-0.000011555531234570224	NaN	427.2435237567248	17.49654316474308	96514.61205664063	11.390000343322754	14.794664816591471	97.67747189500597	97.44179996490479	97.91314587190416	-0.4713448750492595	0.0002815103188493392	-1	0	2.1267360895408522	80.72576670385989	1.0001589640296167	-273.1499938964844	9.001119613753424	-273.1499938964844	187
DATA	2026-09-09T060000_AIU-0547.ghg	2026-09-09	06:30:00	252.27	1	18000	18000	0.01356170327606824	1	NaN	29.820033093599346	0	NaN	1.5553770406062755	1	NaN	-1.7819322703623024	1	NaN	0.0350723354746843	1	NaN	-0.0032859414110731873	0	NaN	NaN	NaN	NaN	NaN	NaN	NaN	NaN	NaN	NaN	-8.55987193405211e-11	-3.4971035132421395e-12	-4.556511922038399e-13	NaN	16.91999353558896	427.87936234762134	435.49213528660925	0.1	1	691.2599778736624	17.480850564563646	17.791867542335726	0.1	1	0.09006694593061233	2.1468211122202345	2.185017069085947	-0.1	0	NaN	NaN	NaN	NaN	9	291.11818120235864	289.6514736845054	96125.29141137181	1.1485218923785436	1015.0809444065872	0.025052328235939034	0.002272687338759543	0.012573878547495337	1680.802591234344	1871.6122259548874	0.010947878861460212	89.80506581040348	190.8096347205435	287.9373661884692	1.0480354734292703	-0.11653104027014445	0.25559776595772077	1.0850290571570917	5.256085773838086e-14	-5.0590278985908326e-15	1.0850290571570917	2.0562424081222543	338.3446552885158	353.6553447114842	13.625087280116139	NaN	0.10866444846898102	0.12339936314393352	-3.65363851624602	-0.7937293158874523	19.1722214711204	0.23538603212334133	1	16.063488707102923	7	13	21	31	50	113	0.01339667171273163	1.0123188480598335	29.64082708874945	1.014713757313347	1.4320964876200368	1.086083971332906	-1.6406947504946698	1.086083971332906	0.03229247130094506	1.086083971332906	-0.0123690165291528	1.1481509322880672	NaN	NaN	800000009	800000009	800000009	800000019	800000019	800010119	899999999	899999999	89999	89999	89	89	6	3	0	84	2	0	0	NaN	0	0	0	0	0	0	0	0	0	NaN	NaN	NaN	NaN	0	1	0	0	0	0	0	0	17500	0	0	0	18000	18000	18000	18000	100	NaN	0.07062251676657745	0.14099639415316237	0.03517981536812719	0.056669156715334845	2.098182352086168	0.005103211567636682	2.1621605425159757e-8	NaN	0.025424379647876683	-0.041834726186503364	0.0008233991693782428	-0.0000123690165291528	NaN	427.87913107277245	17.480837701949767	96528.60384700522	11.370536564509074	14.783045197751786	97.64915217632718	97.40493800142076	97.89336346138847	-0.48842425734632644	0.00028163925503678106	-1	0	2.131087059623665	81.69522958969196	1.000165945182244	-273.1499938964844	9.001136287106409	-273.1499938964844	008
DATA	2026-09-09T063000_AIU-0547.ghg	2026-09-09	07:00:00	252.291	1	18000	18000	0.038906371726395425	1	NaN	58.130116480533076	0	NaN	27.620675598070456	1	NaN	-0.03575188500924323	2	NaN	0.622800918153297	1	NaN	-0.004231660046076029	1	NaN	NaN	NaN	NaN	NaN	NaN	NaN	NaN	NaN	NaN	4.84919274613902e-11	1.9729270258327997e-12	2.5847067151313034e-13	NaN	16.968107022566322	429.02196235951936	436.64359825121994	0.1	1	690.3589664217624	17.455050119194663	17.765141555419092	0.1	1	0.09044305405103495	2.155421229409551	2.1937125926615675	0	0	NaN	NaN	NaN	NaN	9	291.06505808088514	289.61786563449436	96132.76153884549	1.1487557163784412	1015.0657264889528	0.025047474933009233	0.04035749949633364	0.012557753201806729	1678.4522770763292	1867.6138349233483	0.010931613242714655	89.87148444127997	189.16155784701914	287.9156650848307	1.3113229134088893	0.17382471173812006	0.3228531623567232	1.3616229206669945	1.134976577125094e-14	2.8578277704695956e-15	1.3616229206669945	2.468759837537026	324.4490784647992	7.550921535200846	13.715978688840902	NaN	0.18403334637163415	0.15401099294151693	-9.10503217827351	-0.318505189571982	2.1045870610273547	0.27088366725950797	1	13.373556200600566	6	11	18	28	46	111	0.03849549155308684	1.0106734621830187	59.22117492902436	1.013859669539921	25.407274138347603	1.087116840935806	-0.03288688360164441	1.087116840935806	0.5728923467114914	1.087116840935806	-0.023778786361826117	1.1479498404744015	NaN	NaN	800000009	800000009	800000009	800000009	800000019	800010019	899999999	899999999	89999	89999	89	89	4	0	0	30	6	0	0	NaN	0	0	0	0	0	0	0	0	0	NaN	NaN	NaN	NaN	0	0	0	0	0	0	0	0	16000	0	0	0	18000	18000	18000	18000	100	NaN	0.12941651623983866	0.13070444665201178	0.047901022991183415	0.13343518305938995	3.029910099469997	0.03689060239100253	8.551455231917874e-8	NaN	0.050787305221537064	-0.0008383711280603973	0.014604497306204637	-0.000023778786361826117	NaN	429.0217496756546	17.455006732153308	96535.28567469618	11.376133359273275	14.760311433209313	97.5869940024482	97.34288960478041	97.83109424845378	-0.4882105676598059	0.0002814438588587412	-1	0	2.139638847404056	82.86971370488614	1.000171734046605	-273.1499938964844	9.001099367539087	-273.1499938964844	094
DATA	2026-09-09T070000_AIU-0547.ghg	2026-09-09	07:30:00	252.312	1	18000	18000	0.011297857603680902	0	NaN	33.10124505701291	0	NaN	3.695366445910206	2	NaN	0.37190084752498287	2	NaN	0.0833237566665188	2	NaN	0.00019436497092922193	0	NaN	NaN	NaN	NaN	NaN	NaN	NaN	NaN	NaN	NaN	-2.002583777129397e-10	-8.10684862024983e-12	-1.0648688622387735e-12	NaN	16.970814942094826	428.9475821190186	436.52772560715187	0.1	1	687.0115960644124	17.364632401275934	17.671491352596092	0.1	1	0.09024187954103052	2.150454156412742	2.1884558884419443	-0.1	0	NaN	NaN	NaN	NaN	9	291.0030115288629	289.6092191289266	96136.91414952256	1.148879176564486	1015.0143292540674	0.025045645256441314	0.0053993794319904176	0.01249361627654145	1669.8299684959022	1866.5863620037005	0.01087461286738727	89.4590254427559	196.7563935077983	287.8358235661215	1.056374364044744	-0.16496440197484516	0.25102980036583616	1.0982513426359513	-1.937720071435815e-14	-1.1800162714414727e-14	1.0982513426359513	2.354711919573713	340.8756773110878	351.1243226889122	13.213029771528817	NaN	0.09916556014413407	0.1336850372331102	-2.5017144531073305	-1.159205038927591	8.957500031870246	0.2862443537266382	1	16.200922306578505	7	13	21	31	49	109	0.011161460953537204	1.012220322295754	33.01438471553415	1.0146587307259698	3.4023897001685772	1.0861091090556476	0.34241573376393464	1.0861091090556476	0.07671766673512877	1.0861091090556476	-0.010356212414276252	1.14811621003262	NaN	NaN	800000009	800000009	800000009	800000009	800000009	800010009	899999999	899999999	89999	89999	89	89	8	0	0	65	3	0	1	NaN	0	0	0	0	0	0	0	0	0	NaN	NaN	NaN	NaN	0	0	0	0	0	0	0	0	17300	0	0	0	18000	18000	18000	18000	100	NaN	0.09468185444278189	0.13917020686831774	0.03351801315512077	0.07419475644755821	2.2388413254556303	0.013333641400238072	2.8683145848077097e-8	NaN	0.028311095615639197	0.008727615484885617	0.001955407506547021	-0.000010356212414276253	NaN	428.94736047127276	17.364611686656943	96541.25469097222	11.390000343322754	14.681202049732208	97.59364043977526	97.35199426820543	97.83529088931614	-0.48329187423818676	0.0002808401809436166	-1	0	2.1347926444808643	79.92161350978733	1.0001825667818387	-273.1499938964844	9.001160121149487	-273.1499938964844	206
DATA	2026-09-09T073000_AIU-0547.ghg	2026-09-09	08:00:00	252.333	1	18000	18000	0.012310008260103589	1	NaN	35.04767250388822	0	NaN	13.21644838443398	1	NaN	-2.7718197688372146	1	NaN	0.29811625043469786	1	NaN	-0.004099342837674243	1	NaN	NaN	NaN	NaN	NaN	NaN	NaN	NaN	NaN	NaN	1.3717217033558635e-10	5.6839437607133156e-12	7.363791893243231e-13	NaN	16.76121459573495	423.9298374000911	431.5098239346158	0.1	1	694.5271835411716	17.56619690696358	17.880285523217143	0.1	1	0.08997896283118217	2.14805947205041	2.186467388731522	0.1	0	NaN	NaN	NaN	NaN	9	291.35127592298716	289.9906644363403	96157.06625260417	1.1475204381378061	1015.1355921997107	0.02507337711188165	0.01931793302816842	0.012624660502437123	1689.5670467281604	1912.3883432740072	0.01100168683960383	88.34853300954674	222.82129654584674	288.0180564311607	0.6597374195886959	-0.12324643584900344	0.2723614159643423	0.7243092486369885	4.785734286912772e-15	8.183903949925628e-15	0.7243092486369885	2.0124457278230103	342.5815336478428	349.4184663521572	22.087936999822354	NaN	0.10357357276972373	0.0887410432177588	-2.6925929437090588	-1.0770287453866818	2.651822296311204	0.2904863569875759	1	8.92178124264131	4	7	12	18	28	64	0.012111339254762495	1.0164035538235767	35.3999563393332	1.017178533748339	12.160329596217682	1.0868495199788657	-2.55032524547751	1.0868495199788657	0.274293952340794	1.0868495199788657	-0.01544317154207418	1.1506997013391609	NaN	NaN	800000009	800000009	800000009	800000009	800000019	800010119	899999999	899999999	89999	89999	89	89	1	5	0	41	3	0	0	NaN	0	0	0	0	0	0	0	0	0	NaN	NaN	NaN	NaN	0	0	0	0	0	0	0	0	17800	0	0	0	18000	18000	18000	18000	100	NaN	0.055048049930286606	0.0871370327302228	0.0352970037750082	0.09178901914404021	3.960054442041313	0.022046597139129757	8.094635606213116e-8	NaN	0.030389128248157288	-0.06508893844254372	0.007000480511547132	-0.00001544317154207418	NaN	423.92978743960055	17.566167361975136	96565.2187139757	11.38360019683838	14.863986639075794	97.62143675825331	97.39381613922119	97.84906201383802	-0.45524605428344633	0.0002805640230071731	-1	0	2.1322457376387383	82.03354269693158	1.000148069633378	-286.47374445596853	9.001012429661222	-273.1499938964844	193
DATA	2026-09-09T080000_AIU-0547.ghg	2026-09-09	08:30:00	252.354	1	18000	18000	0.015301622679574422	1	NaN	15.269559783820103	0	NaN	2.7292215929802346	1	NaN	0.9210091324343143	1	NaN	0.06160159429967237	1	NaN	-0.007046854539006038	0	NaN	NaN	NaN	NaN	NaN	NaN	NaN	NaN	NaN	NaN	4.8937082094643295e-11	2.0930739639847383e-12	2.677315470417317e-13	NaN	16.42695133198721	416.0710550906712	423.609463502502	0.1	1	702.5924446032801	17.795656285630272	18.118079399173727	0.1	1	0.08987076681005428	2.152244863837055	2.1912394071665187	-0.4	0	NaN	NaN	NaN	NaN	9	291.95102028316916	290.6651325598823	96174.90751345486	1.1449701006043234	1015.2782179742223	0.02512703130767015	0.00399178331061877	0.012762261002302114	1711.9546879880586	1995.7907298449215	0.011146370543271044	85.7782663476487	283.83604185686295	288.22251151979054	0.2545539326907322	-0.42616976393999917	0.205659518461001	0.5373213283302666	4.320559535999197e-15	2.9790726900950317e-15	0.5373213283302666	1.707504158671154	31.14985716425275	300.85014283574725	22.504102965883426	NaN	0.11560368325460076	0.06112324588650432	-8.59512342956615	-0.33740062301192353	5.594840603304097	0.11362545378624817	1	6.3951241955432625	3	5	9	14	23	57	0.014993008036797964	1.020583904311864	15.21283750144491	1.0198541076461043	2.5056236899721878	1.0892384215167314	0.8455532914013784	1.0892384215167314	0.05655473868971131	1.0892384215167314	-0.011298861947813623	1.1542414650944979	NaN	NaN	800000009	800000009	800000009	800000009	800000009	800010009	899999999	899999999	89999	89999	89	89	2	1	0	13	2	0	0	NaN	0	0	0	0	0	0	0	0	0	NaN	NaN	NaN	NaN	0	0	0	0	0	0	0	0	17900	0	0	0	18000	18000	18000	18000	100	NaN	0.0348207255948945	0.061284607370856316	0.02614115880725782	0.11888212430006097	21.782022058944662	0.01906182767588759	8.524588479274875e-8	NaN	0.013086726063477086	0.02163129028923456	0.0014468064665698682	-0.000011298861947813623	NaN	416.0710767034605	17.79562916425317	96585.67733572048	11.380000114440918	15.068938336743242	97.71140371365018	97.51604759640165	97.90675775655112	-0.3907111477504143	0.00028173970189850983	-1	0	2.1362091776000134	85.1274849480523	1.000142508380943	-309.62880792829776	9.001035603549745	-273.1499938964844	144
DATA	2026-09-09T083000_AIU-0547.ghg	2026-09-09	09:00:00	252.374	1	18000	18000	0.009337206134549282	1	NaN	12.978488977013566	0	NaN	14.374617887573953	1	NaN	-0.6885782752814177	1	NaN	0.3249748713236686	1	NaN	-0.004562295497268202	0	NaN	NaN	NaN	NaN	NaN	NaN	NaN	NaN	NaN	NaN	-9.003727326696001e-11	-3.912347309110384e-12	-4.932647455980515e-13	NaN	16.307520955764144	414.4075837084336	422.00668248404895	0.1	1	708.603041991025	18.007057923549755	18.3372579903409	0.1	1	0.08933994648782513	2.156043919198918	2.1955798527837738	-0.2	0	NaN	NaN	NaN	NaN	9	293.19282386610234	292.33662562221934	96170.56474240452	1.1382804850991157	1015.4303868633084	0.025272667493772723	0.021058371661773722	0.012839451530869768	1732.2134531753347	2216.3650308470665	0.011279690462014531	78.15560293844308	484.15157767173173	288.4055099724158	0.31584547430007387	-0.4400362872380909	0.2293224769839592	0.5881998777390055	-4.04197905041608e-14	-5.521211563130627e-15	0.5881998777390055	1.398183985445642	26.3302952732912	305.6697047267088	22.946515454935138	NaN	0.09056988748203364	0.07401842514931826	-4.863031737338396	-0.5963358161399147	0.9028754070904895	0.1239769244827024	1	9.529335075075505	4	8	13	19	31	74	0.009161326780730254	1.0191980220800516	13.63239637071358	1.0189592321391978	13.207590896294079	1.088360322517813	-0.632674915682759	1.088360322517813	0.2985912519962798	1.088360322517813	-0.009075032970551445	1.1530186778392133	NaN	NaN	800000009	800000009	800000009	800000009	800000009	800001019	899999999	899999999	89999	89999	89	89	5	6	0	25	18	0	2	NaN	0	0	0	0	0	0	0	0	0	NaN	NaN	NaN	NaN	0	0	0	0	0	0	0	0	18000	0	0	0	18000	18000	18000	18000	100	NaN	0.01991541848392971	0.10881547188607697	0.01930595992862985	0.11775541183566574	20.024743912739183	0.04421044917635573	5.604451198428674e-8	NaN	0.011794315991290334	-0.016282664303533055	0.007684611796218172	-0.000009075032970551445	NaN	414.4065171648734	18.007008054864546	96590.61352387152	11.360543002446493	15.252994660907307	97.82018103281658	97.66705503972373	97.97330578825208	-0.3062501322850492	0.0002823464209860605	-1	0	2.1398720309204537	85.37917885316214	1.0001368288215664	-283.9301193491655	9.001075110753376	-273.1499938964844	176
DATA	2026-09-09T090000_AIU-0547.ghg	2026-09-09	09:30:00	252.395	1	18000	18000	0.009979214931563778	1	NaN	14.234157994812792	0	NaN	25.117637425679828	0	NaN	3.4846943889038693	0	NaN	0.5697543660718745	0	NaN	0.0036585251173631523	2	NaN	NaN	NaN	NaN	NaN	NaN	NaN	NaN	NaN	NaN	-4.444987828467299e-11	-1.94506773716355e-12	-2.429421505164593e-13	NaN	16.152620835177455	414.1233977604357	421.7664343176947	0	0	706.8172708129287	18.12149079531045	18.455939941071378	0.1	1	0.0882826363897623	2.164444102166112	2.204390952521496	-0.4	0	NaN	NaN	NaN	NaN	9	294.4716952523125	295.801718826294	96160.48455425349	1.1247794733376026	1015.5694768363842	0.02557490742399785	0.036920082921457466	0.012768346110224002	1743.038762036671	2742.609668372545	0.011351866221683424	63.55402236552983	999.570906335874	288.50252608112305	0.010459099546466425	-0.5083315489429511	0.19642766028776945	0.5450634661580177	-6.241016195610119e-15	-2.7518678695081656e-15	0.5450634661580177	1.0887875007658396	60.82128559728483	271.1787144027152	21.12327445501128	NaN	0.09419210383384356	0.03917384053256004	-4.987690775913681	-0.5814313938635776	0.5666997159637331	0.13229403512756382	1	8.05791126706116	4	6	11	16	27	64	0.009780118232318233	1.020357289606953	15.486530351723	1.0197074163196718	23.06294265406779	1.0890907462430703	3.1996363947859057	1.0890907462430703	0.5231468250348287	1.0890907462430703	-0.0026905575961460987	1.1540394845865152	NaN	NaN	800000009	800000009	800000009	800000009	800000009	810010009	899999999	899999999	89999	89999	89	89	2	4	0	23	0	0	0	NaN	0	0	0	0	0	0	0	0	0	NaN	NaN	NaN	NaN	0	0	0	0	0	0	0	0	13612	0	0	0	18000	18000	18000	18000	100	NaN	0.03702266417942109	0.028361087494520737	0.012963929391178247	0.14581860987303907	25.249419647626418	0.07119924996584391	3.913861446948387e-7	NaN	0.013557421746286677	0.08334107420871541	0.013626429064980947	-0.000002690557596146099	NaN	414.1228256378174	18.121414562670186	96603.76083940972	11.359999656677246	15.353290887779668	97.80450224897598	97.6924495578342	97.91655477905275	-0.2241009354036731	0.00028530647900253006	-1	0	2.148204960525036	85.52125684780542	1.0001029511563204	-317.8451207733266	9.000890368739764	-298.9496199798675	108
DATA	2026-09-09T093000_AIU-0547.ghg	2026-09-09	10:00:00	252.416	1	18000	18000	0.016515428759620455	1	NaN	-13.261041094667629	1	NaN	55.59676306238783	1	NaN	4.818616538241307	1	NaN	1.2624154811247135	1	NaN	-0.009907319412189692	1	NaN	NaN	NaN	NaN	NaN	NaN	NaN	NaN	NaN	NaN	-5.685455284926876e-11	-2.48913915051013e-12	-3.137250571412866e-13	NaN	15.780194503657194	407.6498530053139	415.0574861962344	0.1	0	690.8699123156165	17.847246314738662	18.171558596940976	0.1	1	0.08707556693806875	2.144878948249918	2.1838547417413863	-0.7	0	NaN	NaN	NaN	NaN	9	295.9092108222115	296.8563391774495	96145.9228689236	1.1207308374166571	1015.4396640369256	0.025669976742394407	0.08180452317688143	0.012528542091385096	1716.4002503311353	2923.061091532361	0.011178903687761494	58.71927395918175	1206.6608412012256	288.2628308258958	-0.15018592607257783	-0.5806676555388683	0.1892933180543407	0.628937754344035	-9.105790309186057e-15	-3.602905707917113e-15	0.628937754344035	1.74316065665602	76.50139280813352	255.49860719186648	17.51605649840866	NaN	0.12139317363681876	0.055594236544915875	11.458713336291252	0.25308251588905	-0.23852181969275388	-0.09599042402268891	1	6.740974200808755	3	6	13	25	54	240	0.01631111592872436	1.0125259872953447	-10.032049281493313	1.0219855568269816	47.858848014780364	1.1616820163581398	4.147965166360771	1.1616820163581398	1.086713458027328	1.1616820163581398	-0.007494823458796669	1.2956829512844938	NaN	NaN	800000009	800000009	800000009	800000009	800000009	800000019	899999999	899999999	89999	89999	89	89	0	0	4	7	3	1	1	NaN	0	0	0	0	0	0	0	0	0	NaN	NaN	NaN	NaN	0	0	0	0	0	0	0	0	10088	0	0	0	18000	18000	18000	18000	100	NaN	0.04829509572314741	0.0496223755723561	0.01327100179432823	0.5234927625837261	13.57505277311733	0.4532586096648659	2.685521443617879e-7	NaN	-0.008815241440054598	0.10841357208569394	0.028402959787076604	-0.000007494823458796669	NaN	407.64884869126024	17.846808024754694	96573.41387586805	11.359999656677246	15.1028606632815	97.62111011038888	97.51344328477646	97.72877804650201	-0.2153351910101872	0.0002873340974652415	-1	0	2.1290642271041866	84.8294702429983	1.0000839363170995	-310.53724546645276	9.000738565497928	-287.68499450683987	174
DATA	2026-09-09T100000_AIU-0547.ghg	2026-09-09	10:30:00	252.437	1	18000	18000	0.05323793802131573	1	NaN	7.289356812330221	1	NaN	46.881461268611716	1	NaN	2.2624462157672505	0	NaN	1.065678450393076	1	NaN	0.0038193463029010037	1	NaN	NaN	NaN	NaN	NaN	NaN	NaN	NaN	NaN	NaN	-4.142084421245261e-12	-1.7641448323415819e-13	-2.2667892101150494e-14	NaN	15.705003083901845	407.848900273674	415.05871531923225	0.3	0	668.8878645318543	17.37059066453527	17.677662096723424	0.1	1	0.08594689995408071	2.127431524633054	2.1650395402594342	-0.1	0	NaN	NaN	NaN	NaN	9	297.44234245978475	297.9770294494629	96157.15743815104	1.1168488667696124	1015.1992440317708	0.025763875397796607	0.06905596358547132	0.012149493983537171	1670.7546633929157	3126.093740052743	0.01087836890471897	53.44544349347396	1455.3390766598275	287.8444034475563	-0.2667078383171335	-0.4721451562165254	0.18240578320729647	0.5721241030633202	-2.226126425275832e-14	-2.637429868123386e-16	0.5721241030633202	3.0776278922504976	91.46146461928072	240.53853538071928	18.591702820202162	NaN	0.21832999720548982	0.2800859148739201	-121.28131349423994	-0.023911350532476967	0.15548484657005823	0.029446257569167775	0	72.75476656207654	-11.040816515480934	24.97435701988319	62.18968018852289	94.84318622053779	133.01891721814664	199.2865772131028	0.05221397871732126	1.0196108270074196	9.923549815546226	1.0192251149058869	43.06523796105308	1.0886149360421489	2.078279601777991	1.0886149360421489	0.9789305796846198	1.0886149360421489	-0.0016985553802994072	1.1533796237247502	NaN	NaN	800000009	800000009	800000009	800000009	800000009	801100009	899999999	899999999	89999	89999	89	89	6	16	0	14	22	4	0	NaN	0	0	0	0	0	0	0	0	0	NaN	NaN	NaN	NaN	0	0	0	0	0	0	0	0	5612	0	0	0	18000	18000	18000	18000	100	NaN	0.1706802174618702	0.33345649990654286	0.05603511237942719	0.41768088930545927	5.525218233124071	0.8783917765670813	3.030874227883895e-7	NaN	0.008752283175687395	0.054491337318448775	0.025667016306806595	-0.0000016985553802994071	NaN	407.84701317360003	17.369745354604973	96574.16244921875	11.372799949645998	14.673356427351523	97.51841629049514	97.41289259550305	97.62393889639114	-0.21104807596902003	0.00028868530449108236	-1	0	2.11225235157543	85.49514630073966	1.0000680573069387	-273.1499938964844	9.000719612492455	-273.1499938964844	035
DATA	2026-09-09T103000_AIU-0547.ghg	2026-09-09	11:00:00	252.458	1	18000	18000	0.26852784982685896	1	NaN	41.92929461147824	0	NaN	70.5665230566542	0	NaN	-0.05970787713828481	2	NaN	1.6045618686374188	0	NaN	0.019502689822952418	2	NaN	NaN	NaN	NaN	NaN	NaN	NaN	NaN	NaN	NaN	-1.5747707228250598e-10	-6.4739922527320665e-12	-8.670167324511159e-13	NaN	15.784392158306959	411.0268278310288	418.0915717682288	0.1	1	648.9073683287928	16.89759950749811	17.18803605711162	0.2	0	0.08690364834997387	2.153783524255415	2.19080283312953	0	1	NaN	NaN	NaN	NaN	9	298.4064040001764	298.29173542955186	96149.54585872396	1.1157830898588548	1014.9418622955058	0.025793127426782077	0.10397560908770473	0.011805266701629794	1625.1323263908694	3185.2753417606245	0.010580252388592075	51.02015216972094	1560.1430153697552	287.41602803358967	0.0931139988357757	-0.3772253748770592	0.20781137021368926	0.4406299647327827	-1.2557383713110127e-15	-9.976758731227383e-15	0.4406299647327827	4.569159290528324	48.134331979779176	283.8656680202208	28.1397219350299	NaN	0.4905742850191109	0.9241005419629418	-239.15704041722648	-0.012125923597903467	0.5941811045134728	0.07547303864748413	0	85.11291717352042	-12.916213548817742	29.21651021561022	72.75324145830642	110.9532836776242	155.61355796584863	233.13746633577378	0.2622263696238705	1.0240306884926451	45.3587248987315	1.0220991971145617	64.64332565615823	1.0916289089457096	-0.05469613038734052	1.0916289089457096	1.4698785049464267	1.0916289089457096	0.00028248432029484566	1.1574024611669744	NaN	NaN	800000009	800000009	800000009	800000009	800000109	800010109	899999999	899999999	89999	89999	89	89	4	16	0	37	0	12	1	NaN	0	0	0	0	0	0	0	0	0	NaN	NaN	NaN	NaN	0	0	0	0	0	0	0	0	4800	0	0	0	18000	18000	18000	18000	100	NaN	0.5431106391039128	1.113969656836728	0.19112078798524265	0.107097058494782	1.4531651712380653	0.11886401008460616	1.020004127332327e-7	NaN	0.04005344690510495	-0.0014350394878386323	0.03856458732977465	2.824843202948457e-7	NaN	411.0265402131309	16.897453143737337	96557.08035503472	11.380000114440918	14.259852445231555	97.48773426310223	97.38488796170552	97.59057852024503	-0.2056868457231259	0.00028954627054109653	-1	0	2.1388262152936703	83.59820664130312	1.0000717481937673	-273.1499938964844	9.000724146260156	-273.1499938964844	126
DATA	2026-09-09T110000_AIU-0547.ghg	2026-09-09	11:30:00	252.479	1	18000	18000	0.2985066563848144	1	NaN	-28.909816890530987	2	NaN	70.0331663648159	0	NaN	11.732928325016326	1	NaN	1.5934199299572378	0	NaN	-0.0033954516338409154	2	NaN	NaN	NaN	NaN	NaN	NaN	NaN	NaN	NaN	NaN	-5.673346007399016e-10	-2.3751745999295687e-11	-3.1328483561948523e-12	NaN	15.73339973171684	410.6274738592483	417.81009907248017	0.1	1	658.6866262797333	17.1911239799539	17.49182816660201	0.1	1	0.08688057351443497	2.159739808878875	2.197517606500354	0	1	NaN	NaN	NaN	NaN	9	299.3873686447145	298.9287426503501	96132.37875434027	1.1130822495778152	1015.122832539496	0.025852825016907246	0.10325361146122901	0.011982599937297818	1653.0669404511643	3308.064354550793	0.010765242138972874	49.97082170354684	1654.9974140996285	287.6795575756887	-0.5604412712716758	0.013815874791567812	0.20860340690892304	0.5981644241468235	-9.209560522458773e-15	-3.605925041084516e-14	0.5981644241468235	3.726779250816035	153.41215692371827	178.58784307628167	20.410220803820543	NaN	0.5178612096029482	0.5559305595313044	407.99490232351855	0.007107931945925275	-0.4128017965078764	-0.04940672946866934	0	84.56378937425693	-12.832881286730897	29.028012411873224	72.28385527465774	110.23744013107134	154.60957721346603	231.6333202194583	0.2952076797161768	1.0111751044952806	-24.575726825928072	1.0139320775757523	64.07381432867811	1.0930076053466744	10.734534936099495	1.0930076053466744	1.4578305971181649	1.0930076053466744	0.0013308114487046692	1.1701485340958442	NaN	NaN	800000009	800000009	800000009	800000009	800000009	800000109	899999999	899999999	89999	89999	89	89	1	7	0	10	4	4	0	NaN	0	0	0	0	0	0	0	0	0	NaN	NaN	NaN	NaN	0	0	0	0	0	0	0	0	9600	0	0	0	18000	18000	18000	18000	100	NaN	0.6626673580309319	0.2327461827731857	0.21644757825849126	0.31186774341754697	2.875843434429283	0.08609667035367156	7.442344502432132e-8	NaN	-0.021750062920242914	0.282373676339677	0.038348469462273806	0.0000013308114487046692	NaN	410.627304158533	17.191023826493144	96542.8151310764	11.370267669465807	14.524604794661203	97.43815345997282	97.3324738559723	97.54382831997341	-0.2113592617648348	0.00029016493053899876	-1	0	2.1444881273309386	86.14767407067615	1.0000618999087147	-273.1499938964844	9.000644501156277	-273.1499938964844	188
DATA	2026-09-09T113000_AIU-0547.ghg	2026-09-09	12:00:00	252.499	1	18000	18000	0.20026433058612342	1	NaN	53.57495720502717	1	NaN	70.00542869497123	1	NaN	-1.1184853721251837	1	NaN	1.5937891282773549	1	NaN	0.0030859473204490557	1	NaN	NaN	NaN	NaN	NaN	NaN	NaN	NaN	NaN	NaN	5.5319331874611205e-11	2.3531309609165698e-12	3.0805776401685186e-13	NaN	15.556680433771776	407.31846039625873	414.50017232428667	0	0	661.7380423315291	17.32619768951326	17.631687797899446	0.1	1	0.08663076771814543	2.1600101035732178	2.198094727359729	-0.3	0	NaN	NaN	NaN	NaN	9	300.2556672888862	299.57464664374464	96112.82595182292	1.1103993712020566	1015.21545925753	0.025913956722535155	0.10327753551237259	0.012048259980422782	1665.716513940738	3436.761450729718	0.010850384368805978	48.46762098041634	1771.04493678898	287.7976057630877	-0.7690387892631739	-0.13282362168724232	0.1701509375971714	0.7987578578234398	6.417320380510176e-15	3.555985617247704e-15	0.7987578578234398	4.359178975229663	142.20090017332132	189.79909982667874	12.299357064981407	NaN	0.42468038073978714	0.44680859326288935	-121.40565527051054	-0.02388686090065864	0.76529718057245	0.11190827597931335	0	89.97062776112317	-13.65338987165385	30.884005065044523	76.90553940614818	117.2858000423408	164.49500220731582	246.44348822052837	0.19725355157569033	1.0152634970898244	57.133002195225735	1.016466536115583	64.43861299957778	1.086389440061814	-1.0295436708787813	1.086389440061814	1.4670513809363523	1.086389440061814	-0.018150824199297477	1.149843862497861	NaN	NaN	800000009	800000009	800000009	800000009	800000009	800000109	899999999	899999999	89999	89999	89	89	11	14	1	4	2	0	0	NaN	0	0	0	0	0	0	0	0	0	NaN	NaN	NaN	NaN	0	0	0	0	0	0	0	0	6788	0	0	0	18000	18000	18000	18000	100	NaN	0.5538734254161046	0.2150744450119206	0.12466931609775343	0.30576683215310313	1.2862650153852566	0.07443032605928206	5.828706112492881e-8	NaN	0.05068151822100607	-0.027150084036304728	0.03868759471271475	-0.00001815082419929748	NaN	407.31825506860037	17.326118474960673	96522.495828125	11.369999885559082	14.642927020973643	97.4127383893331	97.30728207800124	97.51819739786785	-0.2109165136880344	0.00029140685833085113	-1	0	2.144664468718899	85.73636333231042	1.0000480380223857	-273.1499938964844	9.000557394954892	-273.1499938964844	135
DATA	2026-09-09T120000_AIU-0547.ghg	2026-09-09	12:30:00	252.52	1	18000	18000	0.2800173524943326	1	NaN	69.21992720074817	0	NaN	75.44630211723444	0	NaN	2.259528109759112	2	NaN	1.7182811833852345	0	NaN	-0.013752076632646743	0	NaN	NaN	NaN	NaN	NaN	NaN	NaN	NaN	NaN	NaN	3.7032694766488036e-10	1.6242678234527622e-11	2.0778332456858166e-12	NaN	15.432797977923299	405.04695173495395	412.3729680620868	0.3	0	676.8882831630045	17.765510580290446	18.086832392523768	0.5	0	0.08659045990220524	2.163108982014794	2.2022327716192587	-0.3	0	NaN	NaN	NaN	NaN	9	300.9952699203492	299.9467028384739	96079.72638671874	1.1084547169309	1015.4716333833854	0.025955078986817225	0.11134462068336319	0.012334175762076105	1707.3632549779738	3512.856857525183	0.01112736097711514	48.60326862793993	1805.493602547209	288.18077255043625	0.009949198615403419	-0.25673173328220306	0.23795854618611612	0.35019200323565863	1.0890285212574434e-13	2.3996098970169573e-14	0.35019200323565863	3.8892953834152073	59.78071074063382	272.2192892593662	42.80527047807727	NaN	0.5026127422596324	0.880949877322434	-155.74483151548242	-0.018620200566409898	0.91747276219302	0.12235223066111688	0	73.68165198956049	-11.18147495504849	25.29252679316891	62.981967911107326	96.05147498783055	134.71355939453238	201.82545999756445	0.2721753459866371	1.0288123322825886	72.33328529640643	1.0252405951681072	68.88667067160713	1.0952235226593838	2.0630748545946167	1.0952235226593838	1.568886302964863	1.0952235226593838	-0.03815698033392047	1.1619556688980124	NaN	NaN	800000009	800000009	800000009	800000009	800000019	800010119	899999999	899999999	89999	89999	89	89	0	8	1	11	2	2	2	NaN	0	0	0	0	0	0	0	0	0	NaN	NaN	NaN	NaN	0	0	0	0	0	0	0	0	5000	0	0	0	18000	18000	18000	18000	100	NaN	0.3586684817407517	1.1155208065555808	0.28771046634853537	0.236083928050436	0.9897567305263569	0.12699506964390747	8.808189631017335e-8	NaN	0.06426173379662109	0.054516035808949495	0.0414572751357628	-0.000038156980333920465	NaN	405.0469515288001	17.765362022624615	96482.55311284724	11.369999885559082	15.023969865057197	97.40147391679552	97.29656019677057	97.50638780593872	-0.20982539507291406	0.0002919818112988853	-1	0	2.1473560948173205	84.16262628885903	1.0000321146597464	-273.1499938964844	9.00043649511867	-273.1499938964844	125
DATA	2026-09-09T123000_AIU-0547.ghg	2026-09-09	13:00:00	252.541	1	18000	18000	0.4030263285381972	1	NaN	-27.13580958542902	1	NaN	84.27409445715921	1	NaN	-0.6030330283051165	2	NaN	1.9206532582840365	1	NaN	-0.01665820465816708	2	NaN	NaN	NaN	NaN	NaN	NaN	NaN	NaN	NaN	NaN	2.589643082541906e-11	1.1618175239685328e-12	1.451676355635309e-13	NaN	15.307924661663481	402.7643940000966	410.17612170743877	0.3	0	686.7747624144998	18.06962257210233	18.402142338680388	0.7	0	0.08581164112921306	2.1509062164999286	2.1904874988531127	-0.2	0	NaN	NaN	NaN	NaN	9	301.56334643978545	300.6533330741187	96030.7716589105	1.1051580833143622	1015.6610804405282	0.026029487923481524	0.12445833113680556	0.01250945102283692	1735.705258891362	3661.430788993286	0.011319150818063199	47.40510906580856	1925.725530101924	288.43686148630945	-0.5419408994022616	-0.11194406629671677	0.1920056052368757	0.5857453071656101	-2.431478426283085e-14	1.6917009586722742e-15	0.5857453071656101	5.34103021108258	140.32904703883395	191.67095296116605	19.135122043138903	NaN	0.6038853679722793	0.8276023821207319	688.8707297372677	0.004209788389624346	-0.3219946741667278	-0.04003271648380042	0	93.61804149897299	-14.20689897818482	32.136044171108665	80.0232938103021	122.0405722271581	171.16363780305247	256.4343195274496	0.39850357338462156	1.01134934654453	-21.939627654154986	1.0138929673995785	77.17666361491533	1.0919634318173896	-0.5522465411698534	1.0919634318173896	1.7588988809702464	1.0919634318173896	-0.01190345231027654	1.1682491678659706	NaN	NaN	800000009	800000009	800000009	800000019	800000019	800000119	899999999	899999999	89999	89999	89	89	7	12	1	3	5	3	1	NaN	0	0	0	0	0	0	0	0	0	NaN	NaN	NaN	NaN	0	17	0	0	0	0	0	0	8100	0	0	0	18000	18000	18000	18000	100	NaN	0.9596589809208504	0.46730292729166023	0.228242856028953	0.18098559385277155	0.26029227668164684	0.07191356814677961	7.308387366119193e-8	NaN	-0.019545916418910472	-0.014639292113813382	0.046625976982377026	-0.000011903452310276541	NaN	402.76419907001934	18.06949939785028	96440.4350609809	11.369999885559082	15.282308845202131	97.34275787544252	97.23410738966201	97.45139842647976	-0.21729072769772712	0.00029256976036574797	-1	0	2.1373245693590914	85.45694731417703	1.0000447925461664	-273.1499938964844	9.000496396223705	-273.1499938964844	000
DATA	2026-09-09T130000_AIU-0547.ghg	2026-09-09	13:30:00	252.562	1	18000	18000	0.326507871861278	1	NaN	-18.535219622771173	2	NaN	68.83124012446235	0	NaN	0.586833503250254	1	NaN	1.5700873185681954	0	NaN	0.0014768918206606709	2	NaN	NaN	NaN	NaN	NaN	NaN	NaN	NaN	NaN	NaN	3.252854603588258e-10	1.484575075549275e-11	1.822393461286803e-12	NaN	15.218867898502856	401.8206535034427	409.3272034274729	0.3	0	694.5761404543299	18.338751642145052	18.681344173280273	0.1	1	0.08526284979299328	2.14631378855244	2.1864098151402453	0	1	NaN	NaN	NaN	NaN	9	302.3384453650582	301.55979358249243	95972.91179817708	1.1010593777214852	1015.8366967336347	0.026123705917323888	0.10174165824321905	0.012649978196027478	1760.4955014842808	3860.01157684355	0.011488915540781408	45.60855495992818	2099.516075359269	288.65786359679026	-0.6567505311838873	0.0823445988304957	0.1983453798559608	0.6909723459568039	-1.2350788754377106e-14	2.1373827707041565e-14	0.6909723459568039	4.839687907420853	159.1465573308583	172.85344266914174	16.681579022143687	NaN	0.5445546339209923	0.693465883030856	739.243183676767	0.003922930997586338	-0.26928498730017547	-0.030431379541517412	0	85.70307724780207	-13.005772616942119	29.41909307155843	73.25770141349432	111.72261693879635	156.6925588035373	234.75400621032716	0.323186372869566	1.0102773485225274	-14.315398372782461	1.0133584953900658	63.04886489083018	1.0917125985320184	0.537534790785913	1.0917125985320184	1.4381874136832606	1.0917125985320184	0.0025879822152210003	1.1674459171107598	NaN	NaN	800000009	800000009	800000009	800000009	800000009	800100109	899999999	899999999	89999	89999	89	89	4	24	2	13	2	9	4	NaN	0	0	0	0	0	0	0	0	0	NaN	NaN	NaN	NaN	0	0	0	0	0	0	0	0	9800	0	0	0	18000	18000	18000	18000	100	NaN	0.7357725485171	0.4196976265251036	0.23146159101950844	0.3621631377226495	0.2582778881707059	0.07024436996369164	1.366284262543067e-7	NaN	-0.01279878667640371	0.014304803399500075	0.03827284960345617	0.0000025879822152210002	NaN	401.82059705492543	18.3386513396193	96375.49493489583	11.369999885559082	15.50232501917417	97.31910074573094	97.20632238282097	97.43188238737318	-0.22556796434024975	0.0002936259620538396	-1	0	2.130259577830632	85.57651231960728	1.0000339634170134	-273.1499938964844	9.000424679199854	-273.1499938964844	188
DATA	2026-09-09T133000_AIU-0547.ghg	2026-09-09	14:00:00	252.583	1	18000	18000	0.25356501009460086	0	NaN	49.68716302316599	0	NaN	54.71510114925712	0	NaN	0.4716005869947635	2	NaN	1.2491175129144512	0	NaN	0.009211340264369686	1	NaN	NaN	NaN	NaN	NaN	NaN	NaN	NaN	NaN	NaN	7.485908450895747e-11	3.386183122000459e-12	4.1845115269899265e-13	NaN	15.146536777446126	401.07109800154825	408.4818114293364	0.1	1	685.139920277948	18.14208912229654	18.477306055495283	0.6	0	0.08466688866815644	2.1394050535985447	2.1789354955505584	-0.2	0	NaN	NaN	NaN	NaN	9	303.064756872389	302.4053293306929	95937.33122064178	1.0976559068882865	1015.7499753488295	0.02620666925029522	0.08094281483685643	0.012474704376310937	1740.9704848296506	4053.62844291492	0.011364858785004055	42.94844752909168	2312.6579580852695	288.48403122113825	-1.2380887159021006	-0.22157772591612596	0.1544257540339463	1.2672046679898614	-1.915948567160486e-14	4.94232349010805e-15	1.2672046679898614	4.973290738621937	141.85333415441727	190.14666584558273	6.999651658258881	NaN	0.4806307498533541	0.8916825488719485	-189.5534137028784	-0.015299117770285574	0.9081069390262948	0.09272132062602467	0	83.64522939475707	-12.693486266014713	28.71270049546933	71.49868401979113	109.04000442607041	152.93015661126063	229.11724212685286	0.250769230120995	1.011148815874487	52.55348493330358	1.0140893615911168	50.35170076904318	1.0866584507289696	0.43399155151132984	1.0866584507289696	1.1495033348118702	1.0866584507289696	-0.010263215119015866	1.1479072786234952	NaN	NaN	800000009	800000009	800000009	800000019	800000019	800000019	899999999	899999999	89999	89999	89	89	7	17	0	7	1	3	4	NaN	0	0	0	0	0	0	0	0	0	NaN	NaN	NaN	NaN	0	11	0	0	0	0	0	0	12200	0	0	0	18000	18000	18000	18000	100	NaN	0.8616597355820074	0.7301001927856947	0.19160516937619512	0.28915286506429283	0.23751252962958594	0.10895637421482818	1.3699053161756702e-7	NaN	0.04713553936484885	0.011583681602984246	0.030681428211354674	-0.000010263215119015866	NaN	401.070952185671	18.14194252544787	96345.0914674479	11.350537034829458	15.328594203101225	97.29612500953674	97.18226136186388	97.4099884777069	-0.22772943450220753	0.0002946768647072733	-1	0	2.1235963356428678	85.00623781483611	1.000040193549461	-273.1499938964844	9.000440862920549	-273.1499938964844	235
DATA	2026-09-09T140000_AIU-0547.ghg	2026-09-09	14:30:00	252.604	1	18000	18000	0.2809899325296705	1	NaN	54.58641328878835	1	NaN	48.62042897234704	1	NaN	0.4267579456078487	2	NaN	1.110151876439077	1	NaN	0.016865253906973784	2	NaN	NaN	NaN	NaN	NaN	NaN	NaN	NaN	NaN	NaN	1.1204017909460163e-11	5.156904380250149e-13	6.276565904626872e-14	NaN	15.027373003157445	398.8984986888537	406.35934226848474	0	0	691.6690627404516	18.36021177212553	18.703614087679437	0.1	1	0.08418435046242524	2.1290334064428857	2.168854025656771	-0.2	0	NaN	NaN	NaN	NaN	9	303.15988673994275	302.56477633158363	95894.52837847223	1.0964969235280446	1015.8766886735473	0.02623219064692232	0.07193784159325219	0.012612405355527266	1761.11612289135	4091.071237431503	0.011502453937532351	43.04779899156758	2329.955114540153	288.66336120415684	-1.1042920520080404	0.16452649797144797	0.14543518045778947	1.125913538588816	5.148505815297055e-14	7.455739540840608e-16	1.125913538588816	5.75731846150922	160.4740616598565	171.52593834014354	7.421680093540301	NaN	0.5062227645798706	0.9050160178616747	-201.54003773293846	-0.014389200441863577	1.1227052998613911	0.09680426137310023	0	86.47316679698709	-13.122636677055443	29.68343989373149	73.91596237759867	112.72650644282668	158.10052810691212	236.8634007923814	0.27765206756258526	1.012021754407908	57.03100052352393	1.0145490722951016	44.76312218283182	1.08617153141732	0.3929010596061031	1.08617153141732	1.0220778618552686	1.08617153141732	-0.00436228241396437	1.1480530096307753	NaN	NaN	800000009	800000009	800000009	800000009	800000119	800001119	899999999	899999999	89999	89999	89	89	9	5	2	10	19	13	7	NaN	0	0	0	0	0	0	0	0	0	NaN	NaN	NaN	NaN	0	0	0	0	0	0	0	0	7512	0	0	0	18000	18000	18000	18000	100	NaN	1.0336655967022592	0.5807672766543536	0.19559916236673683	0.25076321738078	1.11950759085239	0.11508093435289328	1.3628436735118588e-7	NaN	0.051199129671564717	0.010499479884368446	0.02731294733988803	-0.00000436228241396437	NaN	398.8988975314234	18.360034119401405	96288.95861197918	11.3530668258667	15.50555850850208	97.30015905549791	97.18405809550815	97.41625971582201	-0.23219894421762893	0.00029516401861069935	-1	0	2.113153287238544	84.81041162537115	1.0000121965673234	-273.1499938964844	9.0002720293204	-273.1499938964844	107
DATA	2026-09-09T143000_AIU-0547.ghg	2026-09-09	15:00:00	252.624	1	18000	18000	0.5184441744867285	1	NaN	-52.68728498540931	2	NaN	196.83620996168725	1	NaN	-1.9279258688707643	1	NaN	4.49087956775988	1	NaN	0.002393108371470934	2	NaN	NaN	NaN	NaN	NaN	NaN	NaN	NaN	NaN	NaN	-1.537205951513564e-9	-7.243619449668291e-11	-8.629522685795411e-12	NaN	14.980404255500368	396.52921198771827	404.0795364163704	0.1	1	705.9063720264201	18.685243245953775	19.041029514077703	0.1	1	0.08409656379351187	2.11950144437704	2.1598589339345535	0	1	NaN	NaN	NaN	NaN	9	302.84631419118244	301.768248989529	95857.84407899305	1.0988345811633964	1016.0367188297963	0.026173144683198257	0.2910089959908402	0.012864640192714128	1791.6075845416567	3906.981823861859	0.011707531245598066	45.85656307893291	2115.3742393202024	288.9313883666909	-0.29697790526333756	0.17195270124179673	0.22412098183608256	0.40987049439791423	-8.746057087066018e-14	-1.0261445053788497e-13	0.40987049439791423	4.550848955306005	182.07120168888554	149.9287983111145	33.148389063378616	NaN	0.6868862774489369	0.8678393451168211	521.513543750063	0.005560737654379757	-0.26767069430804685	-0.06870356256340977	0	78.8261158054702	-11.962167186581212	27.058454746559796	67.37937820559128	102.75780314683627	144.11927999259612	215.9169434001612	0.511108644241906	1.014352193662666	-40.51593027341566	1.0153876877807257	180.02357895307668	1.0933912718899608	-1.763253391933781	1.0933912718899608	4.1072941436575165	1.0933912718899608	0.005630790351869541	1.1707701074781733	NaN	NaN	800000009	800000009	800000009	800000009	800001119	800101119	899999999	899999999	89999	89999	89	89	3	3	0	11	20	8	1	NaN	0	0	0	0	0	0	0	0	0	NaN	NaN	NaN	NaN	0	0	0	0	0	0	0	0	9900	0	0	0	18000	18000	18000	18000	100	NaN	0.5682887346671099	0.7134677584240389	0.4539221971424935	0.06315047492314206	0.22252940656879633	0.2024795966219758	2.7205986708219657e-8	NaN	-0.036289759762894176	-0.04702886768679979	0.10954828938170627	0.000005630790351869542	NaN	396.5285562222465	18.685034200584706	96250.07850954859	11.359999656677246	15.77188400231468	97.3133672481113	97.1978825217353	97.42885221735636	-0.23096742512202922	0.000294413383578002	-1	0	2.1033704030646216	86.13638875645924	1.0000282467785808	-273.1499938964844	9.000397134092118	-273.1499938964844	049
DATA	2026-09-09T150000_AIU-0547.ghg	2026-09-09	15:30:00	252.645	1	18000	18000	0.2484980860104526	1	NaN	-36.21538410155054	1	NaN	58.413058482399975	2	NaN	2.215030704095916	1	NaN	1.3322786055612128	2	NaN	0.004714868151891668	1	NaN	NaN	NaN	NaN	NaN	NaN	NaN	NaN	NaN	NaN	-4.057932496590931e-10	-1.9392266494587024e-11	-2.2590352644149495e-12	NaN	15.03087734689348	397.0561102908597	404.73586459742427	0.1	1	718.3036667152157	18.97473137005878	19.341735607440665	0.6	0	0.0836763105602521	2.106025289535352	2.146759473868128	0	1	NaN	NaN	NaN	NaN	9	302.80999448668723	301.4342689763883	95828.95374826388	1.0995992784322142	1016.1901569390504	0.026152059625456314	0.08633165364036659	0.013074483235504652	1818.8164022601663	3831.965425638296	0.01189022536841419	47.464321835764046	2013.1490233781296	289.1671989634179	-0.2540021274539334	-0.0029597167706088903	0.2520843549880002	0.3578719920645196	1.1889807819711167e-14	-2.699730962430884e-14	0.3578719920645196	3.596480259149261	151.33240084696496	180.66759915303558	44.78093879593365	NaN	0.475383715776686	0.48930182037565007	251.466957751668	0.01153233023506749	-0.6199878082477455	-0.06817723196965553	0	69.64542212072688	-10.568961500578492	23.907019691410017	59.531859326181056	90.78984170704666	127.33404390481259	190.76960107017945	0.24468088933101895	1.0156007144238777	-32.39521320873844	1.0162898095455823	53.27388266850644	1.0964670783594235	2.020152495057244	1.0964670783594235	1.2150648495115965	1.0964670783594235	0.011234221562584943	1.1762290893491036	NaN	NaN	800000009	800000009	800000009	800000009	800001019	800101119	899999999	899999999	89999	89999	89	89	11	11	3	6	34	5	3	NaN	0	0	0	0	0	0	0	0	0	NaN	NaN	NaN	NaN	0	0	0	0	0	0	0	0	17088	0	0	0	18000	18000	18000	18000	100	NaN	0.20073028633702442	0.481564777836387	0.29630857657788867	0.08676303157476778	5.46418869164976	0.4066913410707972	2.2378068067891648e-8	NaN	-0.028991548495658315	0.0538532740118473	0.032391228109270934	0.000011234221562584942	NaN	397.0542075174493	18.97434291694375	96223.15769357639	11.36639980316162	16.004885101901177	97.32538087081909	97.2097010851966	97.4410654159122	-0.2313628276334041	0.0002933051175884126	-1	0	2.0897377636796897	82.21435898780818	1.000032612260845	-273.1499938964844	9.000411521964603	-273.1499938964844	043
DATA	2026-09-09T153000_AIU-0547.ghg	2026-09-09	16:00:00	252.666	1	18000	18000	0.17757879796727238	1	NaN	25.442209442861053	1	NaN	77.4781295405602	1	NaN	0.36673110461850406	1	NaN	1.7703630731247533	1	NaN	0.045834055198833795	1	NaN	NaN	NaN	NaN	NaN	NaN	NaN	NaN	NaN	NaN	1.4631850785446523e-10	6.890779217560655e-12	8.230245723822137e-13	NaN	14.917303475825257	396.02828761083595	403.55487092253014	0.1	1	702.5211388534884	18.65070614682053	19.00516591150763	0.1	1	0.08390809538939761	2.1298124856360245	2.1702899252859376	0	1	NaN	NaN	NaN	NaN	9	303.5648340725368	303.3191751166449	95784.5498237847	1.0923945191281452	1016.0609456974952	0.026327791137079466	0.114719527138484	0.012765435914250106	1786.9286883340505	4272.333341635218	0.011685737790444403	41.82559143781864	2485.4046533011674	288.8905212457709	-0.9742618863896014	0.13634082041975173	0.1486497921545372	0.9949230137511682	9.344990458157485e-15	9.808643237136434e-15	0.9949230137511682	3.925011318112732	159.96638936632604	172.03361063367396	8.592640343777143	NaN	0.40318633069438015	0.43236981125600116	-218.30231778988048	-0.013284329865848227	0.32837924190647794	0.056852524304706456	0	86.64183938136965	-13.148233392478492	29.741339733712998	74.06014116580732	112.94638819197978	158.40891538652508	237.32542113276156	0.17528906867623173	1.0130625903162844	29.861742390054058	1.015138903755903	71.34367229090729	1.0859846017547201	0.3376945713833738	1.0859846017547201	1.6301916898860473	1.0859846017547201	0.028806927784153287	1.1484733467788713	NaN	NaN	800000009	800000009	800000009	800000009	800001119	800101119	899999999	899999999	89999	89999	89	89	9	11	2	0	6	2	2	NaN	0	0	0	0	0	0	0	0	0	NaN	NaN	NaN	NaN	0	0	0	0	0	0	0	0	12800	0	0	0	18000	18000	18000	18000	100	NaN	0.5129007934800557	0.22836369732284806	0.1234751317090985	0.21162828837504388	0.8378886043031808	0.22988628801627925	9.100452607921933e-7	NaN	0.026903939233058168	0.00905976854917976	0.04373525858192391	0.000028806927784153288	NaN	396.02778407529803	18.650450583345094	96196.15491189234	11.369999885559082	15.733564598613277	97.31807463412815	97.19850727123685	97.43764387130737	-0.23913762444795764	0.00029472946076162355	-1	0	2.113697244313027	86.14341070485978	1.0000232714199357	-273.14999389648636	9.000350611819162	-273.1499938964844	126
DATA	2026-09-09T160000_AIU-0547.ghg	2026-09-09	16:30:00	252.687	1	18000	18000	0.24654251549219863	1	NaN	52.66208563062096	1	NaN	56.316245864208156	1	NaN	0.024942156053975366	2	NaN	1.286911809381909	1	NaN	0.0021117771975449062	1	NaN	NaN	NaN	NaN	NaN	NaN	NaN	NaN	NaN	NaN	-1.7639565758090834e-10	-8.462093257716348e-12	-1.0012356830947449e-12	NaN	14.81699903181726	394.5442897369876	402.15596397845394	0.1	1	710.8045023683221	18.92716986257149	19.292318858652088	0.1	1	0.08410245666184349	2.135826954252717	2.177032008881064	-0.2	0	NaN	NaN	NaN	NaN	9	303.86642385525175	303.39438329230416	95734.03423719617	1.091432833951877	1016.2180865320794	0.02634821485160148	0.0833918852479477	0.012944619158766667	1812.4603705687105	4290.780763030544	0.01186020683645423	42.240805826876695	2478.3203924618338	289.1123918618998	-1.3686972906273231	0.07436868161882036	0.1425236157631131	1.3781059303357077	1.0434741432373153e-14	-1.190495168435426e-14	1.3781059303357077	5.79228594137313	155.11012940392254	176.88987059607743	5.936139466260483	NaN	0.47527766318956394	0.7222354266919921	-172.7021663784406	-0.01679191443172321	0.9351135684292904	0.09990028242613407	0	86.7092239930668	-13.15845926727503	29.764470690345714	74.11774051838717	113.0342308389648	158.53211594792708	237.5099980238234	0.24395713087443927	1.0105977005406332	55.63968460671193	1.013824938965513	51.79915563835886	1.0872039354731151	0.022941561596832673	1.0872039354731151	1.1836894324907752	1.0872039354731151	-0.017671518189965204	1.147966878600514	NaN	NaN	800000009	800000009	800000009	800000009	800000009	800000119	899999999	899999999	89999	89999	89	89	5	7	1	1	0	10	4	NaN	0	0	0	0	0	0	0	0	0	NaN	NaN	NaN	NaN	0	0	0	0	0	0	0	0	11800	0	0	0	18000	18000	18000	18000	100	NaN	0.9383320036023785	0.3348935669349968	0.1712452828466092	0.15505757064771947	0.14509387704123014	0.05882980640790809	2.468807235359917e-8	NaN	0.05016498938555721	0.0006161339948841479	0.031789958833638436	-0.000017671518189965205	NaN	394.54414352585695	18.92705904811586	96131.06797569446	11.331071033795675	15.956421491199066	97.32114566442702	97.1994942510393	97.44279554006789	-0.24330389403344863	0.0002957508960260182	-1	0	2.1194611715210803	84.67837638897365	1.0000232170091734	-273.1499938964844	9.000351089159647	-273.1499938964844	079
DATA	2026-09-09T163000_AIU-0547.ghg	2026-09-09	17:00:00	252.708	1	18000	18000	0.1976853187994819	1	NaN	-2.3818255714080654	2	NaN	102.17003885654589	1	NaN	1.7853459835699523	1	NaN	2.331210226063796	1	NaN	0.016273720648028508	1	NaN	NaN	NaN	NaN	NaN	NaN	NaN	NaN	NaN	NaN	6.30684151421881e-11	3.076209417265687e-12	3.550851821871787e-13	NaN	14.898822266291631	394.81125575028574	402.5635082448971	0.1	1	726.7012696990365	19.25721615555701	19.635338105746822	0.1	1	0.08388273285246559	2.1156159112674464	2.1571567449870805	0	1	NaN	NaN	NaN	NaN	9	303.34013829803473	301.84260532548683	95718.2667547743	1.096725348998523	1016.3598720207893	0.02621776914437208	0.151062422648934	0.013235872173484788	1843.7617898867904	3923.856097969358	0.012068538568540567	46.98851700603799	2080.0943080825673	289.3806867430111	-0.8959779739693714	0.129410512860574	0.18117048058479707	0.9232260577520588	-4.4040018032496264e-14	4.233114135798469e-15	0.9232260577520588	4.304532807940754	160.21867505843156	171.78132494156844	11.316954794250567	NaN	0.4245592113734936	0.444610970710754	2721.531705224933	0.0010655764158221763	-0.023312368264362907	-0.005032992626963124	0	84.46581856650899	-12.818013838681352	28.994382203904156	72.20011130172564	110.1097252884227	154.43045533071626	231.3649629988186	0.195002232807009	1.0137592577984904	3.759772748387926	1.0155502027555803	94.07737681850851	1.0860213402171015	1.6439326903217686	1.0860213402171015	2.146560237571183	1.0860213402171015	0.00904630095490705	1.1488524810377643	NaN	NaN	800000009	800000009	800000009	800000009	800001019	800011119	899999999	899999999	89999	89999	89	89	21	15	3	6	21	2	3	NaN	0	0	0	0	0	0	0	0	0	NaN	NaN	NaN	NaN	0	0	0	0	0	0	0	0	17200	0	0	0	18000	18000	18000	18000	100	NaN	0.48736953161314767	0.2559504566905042	0.14590195311785617	0.07075768560529411	1.1115046770807717	0.2208232358310402	2.233692814042724e-7	NaN	0.0033729989363215506	0.04394676716739932	0.057383360965267985	0.00000904630095490705	NaN	394.80998556875807	19.256977703499928	96115.49317209201	11.339198175165386	16.221863640043473	97.32531611294216	97.20747010209826	97.4431570087009	-0.23568476993218068	0.0002946183105393881	-1	0	2.099086093644301	83.98897692553203	1.0000233569509454	-273.1499938964844	9.000390565554302	-273.1499938964844	002
DATA	2026-09-09T170000_AIU-0547.ghg	2026-09-09	17:30:00	252.729	1	18000	18000	0.1537544188076093	1	NaN	-15.918053310291835	1	NaN	91.63646114644666	0	NaN	4.3474081523430455	0	NaN	2.090036362914488	0	NaN	0.005830711630738375	1	NaN	NaN	NaN	NaN	NaN	NaN	NaN	NaN	NaN	NaN	-6.947847996778512e-12	-3.4934655803539413e-13	-3.9208369045357667e-14	NaN	14.89692683710597	393.93430007501723	401.89483742528745	0.1	1	749.0362653675027	19.807513331768202	20.207779187428624	0.1	1	0.08406692336127161	2.116834889885498	2.159611421916549	0	1	NaN	NaN	NaN	NaN	9	303.0596400036282	301.43527489047585	95710.80268272568	1.097891542396488	1016.6585247727046	0.026184430651439248	0.1354343563168588	0.013631436218929378	1896.3015265359918	3832.189471673603	0.01241601350637473	49.48350128700277	1935.887945137611	289.8221615282891	-0.7143204547024267	0.12700793025547885	0.2089147177289362	0.755003367964557	1.397427533668651e-14	-4.663947183705355e-16	0.755003367964557	3.4834288463218885	162.08196854596036	169.9180314540396	16.063766142667248	NaN	0.3742261082827155	0.306619286122185	278.89017589121164	0.010398358388684227	-0.1737087302493357	-0.038108453561984924	0	79.86987689209033	-12.120561958331862	27.416744151536044	68.27156948373589	104.11845113989388	146.02760814946245	218.7759667220665	0.1522680346076381	1.0097616299034875	-10.362040103967107	1.013283490002809	83.81475190235824	1.0933213911221795	3.976331376706064	1.0933213911221795	1.911639504985158	1.0933213911221795	0.0042671869897422735	1.170074884062848	NaN	NaN	800000009	800000009	800000009	800000009	800011019	800111119	899999999	899999999	89999	89999	89	89	17	19	0	18	21	5	3	NaN	0	0	0	0	0	0	0	0	0	NaN	NaN	NaN	NaN	0	0	0	0	0	0	0	0	17600	0	0	0	18000	18000	18000	18000	100	NaN	0.31832289002821673	0.16453967195736535	0.1303760102587879	0.10288342404905909	1.5012096973290365	0.15479526748805264	2.5028292755917128e-8	NaN	-0.009283478216489156	0.10622254197369205	0.05106697312663744	0.000004267186989742273	NaN	393.93381546658867	19.80735353181294	96107.60792773438	11.359999656677246	16.66452400101554	97.32606720288595	97.20842629475064	97.44370294210646	-0.2352765028145581	0.0002945671797626549	-1	0	2.099782423807515	85.19464577957437	1.0000326826026043	-273.1499938964844	9.000412233908971	-273.1499938964844	112
DATA	2026-09-09T173000_AIU-0547.ghg	2026-09-09	18:00:00	252.749	1	18000	18000	0.11418423552881406	1	NaN	-24.338075762877335	1	NaN	81.22053786980265	0	NaN	4.601824814852257	0	NaN	1.851566755336839	0	NaN	0.009956048348982697	0	NaN	NaN	NaN	NaN	NaN	NaN	NaN	NaN	NaN	NaN	4.6072486442846285e-11	2.3424180017769557e-12	2.594679000537911e-13	NaN	14.973624306814594	395.16461748524904	403.2666333101745	0.1	1	761.2892169741697	20.090965023366504	20.502887825547585	0.1	1	0.0843274404107365	2.118870017850385	2.1623129721432877	0.7	0	NaN	NaN	NaN	NaN	9	302.51689514838324	300.93396138254803	95683.17893467881	1.099284352064466	1016.8049606582854	0.026148430505664438	0.11998152574582716	0.013845542119469237	1922.883056006618	3721.9354781866973	0.012595050674074623	51.66352472459931	1799.0524221800792	290.04144152155	-0.3117282318638353	0.24878979063138645	0.22286811496397818	0.456881874373419	2.4832603966270698e-14	3.0769094708672767e-15	0.456881874373419	3.110205339487212	190.59331004740588	141.40668995259412	29.19624752905816	NaN	0.32229090600360855	0.2832033360711334	116.49438021574424	0.024893904707070705	-0.2996542057120025	-0.06756013132237924	0	68.7709523710266	-10.436257342335589	23.60684252413853	58.78437573660763	89.6498820695666	125.73523430453842	188.37429294771474	0.11271408600452267	1.0130431747832511	-19.3286024034485	1.0154941043063366	73.89750930345038	1.0990970959018553	4.186913814994904	1.0990970959018553	1.6846252821890593	1.0990970959018553	0.010980709094932175	1.1815509923402854	NaN	NaN	800000009	800000009	800000009	800000009	800001019	800111119	899999999	899999999	89999	89999	89	89	12	5	3	12	39	3	1	NaN	0	0	0	0	0	0	0	0	0	NaN	NaN	NaN	NaN	0	0	0	0	0	0	0	0	17400	0	0	0	18000	18000	18000	18000	100	NaN	0.14342643428799326	0.2824173847633128	0.14056285309096075	0.0719827840592645	4.8828124405943525	0.21930438634595026	6.083537128173177e-8	NaN	-0.017292299555952666	0.11172652065863692	0.04495371285610928	0.000010980709094932174	NaN	395.1558207982991	20.090682103320095	96084.81540277778	11.359999656677246	16.883612155808336	97.30237743441263	97.18176735581292	97.42298698573643	-0.2412197483798697	0.00029328378879128856	-1	0	2.1015349976221716	81.03442328888936	1.0000211987114616	-273.1499938964844	9.000390414926741	-273.1499938964844	166
DATA	2026-09-09T180000_AIU-0547.ghg	2026-09-09	18:30:00	252.77	1	18000	18000	0.09318612802257072	1	NaN	-8.831672058210914	2	NaN	100.07807572421936	1	NaN	21.64048953019203	1	NaN	2.2803904292188117	1	NaN	-0.003107285101061969	0	NaN	NaN	NaN	NaN	NaN	NaN	NaN	NaN	NaN	NaN	1.868136434049514e-10	9.796003064586764e-12	1.0411928109836056e-12	NaN	15.115071569547027	398.46639118223834	406.96982283613426	0	0	792.5935425164267	20.894501697045634	21.340398693768204	0.1	1	0.08424279709379046	2.1128828136628517	2.157972575299628	0.7	0	NaN	NaN	NaN	NaN	9	302.20413851250544	300.4531540815566	95653.02840798612	1.100359563575843	1017.2462514190203	0.026114881719996905	0.147769299813379	0.01441779178129195	1999.1584736903135	3618.796400535956	0.01310280044682703	55.24373997371699	1619.6379268456424	290.6562126942107	0.044693393862419335	0.23522893744869436	0.2795135294835707	0.36804614606397745	4.248177802333462e-15	1.235942830607119e-14	0.36804614606397745	2.2047834252907603	252.75794257981218	79.24205742018782	49.41594656788526	NaN	0.2910102742161937	0.24607467016682694	236.31256870401901	0.012271882176661723	-0.0882478204571794	-0.027112770101566843	0	63.65452292560657	-9.659819434681967	21.850537862945817	54.41092880036704	82.98009954387908	116.38076947683368	174.35960002914	0.09176366132810203	1.0155014160712554	-2.82196340598617	1.0159201987555202	91.49680136286614	1.093787697859741	19.78490850878727	1.093787697859741	2.0848565344819154	1.093787697859741	-0.006293893792873365	1.1712680619566367	NaN	NaN	800000009	800000009	800000009	800000009	800001019	800011019	899999999	899999999	89999	89999	89	89	8	3	0	1	20	2	4	NaN	0	0	0	0	0	0	0	0	0	NaN	NaN	NaN	NaN	0	0	0	0	0	0	0	0	14700	0	0	0	18000	18000	18000	18000	100	NaN	0.1320407469474471	0.22107154702651924	0.13903704635968753	0.1611138156965099	38.50483752373183	0.6674252813976473	6.253089451445596e-7	NaN	-0.0025211033946035025	0.5277097351751039	0.05560799481083746	-0.000006293893792873365	NaN	398.4594108470909	20.89386368232331	96050.57224414063	11.359999656677246	17.491189256350168	97.33296253967285	97.21232694456313	97.45359951782227	-0.2412757414616643	0.00029269407517535387	-1	0	2.0948810118304357	77.19390120974623	1.0000422938466071	-273.1499938964844	9.000469613949457	-273.1499938964844	083
DATA	2026-09-09T183000_AIU-0547.ghg	2026-09-09	19:00:00	252.791	0	18000	18000	0.10873076084705348	1	NaN	1.6850824020899686	2	NaN	71.211244395251	1	NaN	5.60791586311361	1	NaN	1.6216980076920309	1	NaN	0.047706869073416126	0	NaN	NaN	NaN	NaN	NaN	NaN	NaN	NaN	NaN	NaN	1.7596185513250412e-10	9.268042831001946e-12	9.79280058874674e-13	NaN	15.213932998454126	400.3552975793335	408.9794528956313	0.1	1	801.3292571363679	21.087013675717827	21.54125440188244	0.2	0	0.08467006210648537	2.1181275928600707	2.163754718193516	-0.8	0	NaN	NaN	NaN	NaN	9	301.7111845864188	299.86415664333765	95635.79528949651	1.102241390200986	1017.3404065392866	0.026068383608731472	0.1050860308984436	0.01457658436558449	2017.2142744284586	3495.8484388370593	0.013224493740818926	57.70313872930692	1478.6341644086008	290.7987227630826	0.01119147389258466	0.24320506710598783	0.25113754667392585	0.34977710202832263	1.8574423345532437e-13	1.1565836076074702e-14	0.34977710202832263	3.7238294703620953	244.6346991811485	87.36530081885148	45.8890348730702	NaN	0.3140782452996168	0.42357933456431623	-1556.8603962379636	-0.001862723213338609	0.023663150621790637	0.004784540971847315	0	63.17665307857079	-9.587300841760618	21.686500608304563	54.002452842526715	82.35714793488829	115.50707098768156	173.0506404836805	0.10568292792495786	1.0288394065336626	5.859869737272622	1.0252583674814748	65.01857555994908	1.0952446094361463	5.120240551561059	1.0952446094361463	1.4806719829709212	1.0952446094361463	0.037850572081750404	1.1619822183754174	NaN	NaN	800000009	800000009	800000009	800000009	800000019	800101019	899999999	899999999	89999	89999	89	89	9	5	6	2	10	1	0	NaN	0	0	0	0	0	0	0	0	0	NaN	NaN	NaN	NaN	0	0	0	0	0	0	0	0	13300	0	0	0	18000	18000	18000	18000	100	NaN	0.17177806958412095	0.5103474326993048	0.16503316684520664	0.32397115428313156	30.601760331952708	1.0299090045403938	6.86897911463377e-7	NaN	0.005225705761352502	0.13635243171901062	0.03943041804837497	0.000037850572081750406	NaN	400.3487470037533	21.0860357614131	96030.72590625	11.350268695354462	17.627945546362124	97.36082006899515	97.23983770455254	97.48180488798354	-0.24196982052508365	0.0002924192731410989	-1	0	2.0998911138309375	84.20979304254098	1.0000451415379843	-273.1499938964844	9.000507193485896	-273.1499938964844	208
DATA	2026-09-09T190000_AIU-0547.ghg	2026-09-09	19:30:00	252.812	0	18000	18000	0.09030575898497305	1	NaN	-2.3592841079710465	2	NaN	81.86141173281449	1	NaN	19.022580377668554	1	NaN	1.8618181897704407	1	NaN	0.021415687214235517	1	NaN	NaN	NaN	NaN	NaN	NaN	NaN	NaN	NaN	NaN	9.847350787118322e-11	5.323142553274138e-12	5.307786732022295e-13	NaN	15.617907519845296	409.34017218059836	418.6028211707968	-0.1	0	844.2509047280242	22.127535988151287	22.628243255127767	0.1	1	0.08418154700472949	2.0941104695223562	2.141496510629818	0	1	NaN	NaN	NaN	NaN	9	300.5591329803468	298.5295112491183	95614.73632725695	1.1064863947855494	1017.8989218192303	0.02595807353408589	0.12064581869712455	0.015360855065566406	2116.286038174996	3230.635696174594	0.01388255213797141	65.50679919375919	1114.349657999598	291.561316253533	0.16265581292780043	-0.1941744081183101	0.2642849031476166	0.366069835248755	-7.183972104182242e-16	6.30516653694199e-15	0.366069835248755	1.802693218634998	22.047800582000946	309.95219941799905	46.21588930894659	NaN	0.2856831885238066	0.18001214718477088	836.8138266781056	0.003465525912151943	-0.028820466909017618	-0.007332377655966195	0	81.4809010967295	-12.365041096757015	27.969756628319992	69.64864874323698	106.2185838991134	148.97307420535972	223.18881160798978	0.08786166540306412	1.0278175194004882	2.497983254757765	1.0245849750089058	74.79629485533356	1.0944581130809465	17.380820837555103	1.0944581130809465	1.7011324303031958	1.0944581130809465	0.014907201524733321	1.1609973073884543	NaN	NaN	800000009	800000009	800000009	800000009	800010019	800110019	899999999	899999999	89999	89999	89	89	1	0	0	5	0	0	0	NaN	0	0	0	0	0	0	0	0	0	NaN	NaN	NaN	NaN	0	0	0	0	0	0	0	0	17800	0	0	0	18000	18000	18000	18000	100	NaN	0.09067160097086276	0.1970729056516981	0.07227978774698089	0.1331449487899988	35.2564502589052	0.23162605488678212	3.7525561252080843e-7	NaN	0.0022178838071805758	0.4613846698078107	0.045157615511397464	0.00001490720152473332	NaN	409.3378108425322	22.12730627262871	96006.91898980035	11.356133562723794	18.402349939240338	97.4137204975552	97.28966829299927	97.53777435980903	-0.24810978247639182	0.00029167862318960644	-1	0	2.075141356097327	85.08459662025557	1.0000425301425986	-273.1499938964844	9.00055564652549	-273.1499938964844	246
DATA	2026-09-09T193000_AIU-0547.ghg	2026-09-09	20:00:00	252.833	0	18000	18000	0.029046714444253753	1	NaN	14.052468679475055	1	NaN	57.37007540873782	1	NaN	0.4454485722239351	2	NaN	1.3032416636113946	1	NaN	0.017341678032103618	1	NaN	NaN	NaN	NaN	NaN	NaN	NaN	NaN	NaN	NaN	-3.735606031626271e-11	-2.0034876349673824e-12	-2.0577306960844043e-13	NaN	15.567127203453492	406.3242381384265	415.37614080112337	0.1	1	834.899253294805	21.79206211805696	22.27753555674681	0.1	1	0.08575035810843117	2.1209736398776506	2.1682237055549476	0	1	NaN	NaN	NaN	NaN	9	299.30090861680776	297.2996218278673	95603.8104296875	1.1110789364430484	1017.6806688268792	0.025854085153799958	0.08445005980201836	0.015188816922342875	2083.9630267221523	3001.949758428614	0.013670331084637046	69.42031660826375	917.9867317064618	291.3160198628918	0.1957352873155169	-0.314694495661766	0.2664544632545769	0.4564459544005143	-4.334398470798408e-15	-2.3996759214491066e-15	0.4564459544005143	1.0951681180277968	30.119003427073608	301.8809965729264	35.71537189039804	NaN	0.16168735269695655	0.06331994982622433	-25.465813228589123	-0.1138781618308707	0.24494422535367238	0.07686349643278105	1	2.938331722815723	1	2	4	7	13	36	0.028383260748335946	1.0233748229916362	17.217802553079437	1.0216701491291897	52.57729736417384	1.0911567974170877	0.40823516224100026	1.0911567974170877	1.194366993539645	1.0911567974170877	0.007810673690897503	1.156791061176203	NaN	NaN	800000009	800000009	800000009	800000009	800000019	800000019	899999999	899999999	89999	89999	89	89	0	0	0	2	5	0	6	NaN	0	0	0	0	0	0	0	0	0	NaN	NaN	NaN	NaN	0	0	0	0	0	0	0	0	18000	0	0	0	18000	18000	18000	18000	100	NaN	0.023364658338969165	0.07802133551452525	0.025253905798954222	0.19720183467365565	16.84783050894196	0.11634577372226117	9.809347321474521e-7	NaN	0.015227243188244238	0.010789740411968911	0.03156736853869725	0.000007810673690897503	NaN	406.3235080943015	21.791940595833573	95996.20833268229	11.369999885559082	18.158683917363486	97.44705059475369	97.31835192086962	97.57575300428603	-0.25740076955200836	0.0002904186276848324	-1	0	2.1020463478035394	83.91590015065839	1.0000642223341598	-273.1499938964844	9.00066849038336	-273.1499938964844	165
DATA	2026-09-09T200000_AIU-0547.ghg	2026-09-09	20:30:00	252.854	0	18000	18000	0.09183538488249253	1	NaN	49.0328253518536	1	NaN	-55.9854066394586	1	NaN	-6.5953097232663245	2	NaN	-1.2705514535296032	1	NaN	-0.13007211482345707	1	NaN	NaN	NaN	NaN	NaN	NaN	NaN	NaN	NaN	NaN	-3.208914341118639e-10	-1.726675988961416e-11	-1.7481051428396055e-12	NaN	15.909225364963502	413.81753099048973	423.241855247689	0.1	1	856.0551800545176	22.266994958908377	22.774105859270396	0.1	1	0.08666793726064992	2.134354172404769	2.182962180268291	0.6	0	NaN	NaN	NaN	NaN	9	298.3607029851278	296.2972835735744	95596.05627452258	1.1145453057048926	1017.929873554617	0.025769008802586195	-0.08233173418871828	0.015571078387548988	2129.2078874721137	2826.153638212002	0.013970789978520507	75.3394245338757	696.9457507398884	291.65846051028404	0.321354398305518	0.1350517992394594	0.3045789619921523	0.46289953756328517	-3.1718789384111085e-14	-2.017014824735309e-14	0.46289953756328517	1.6361077741778034	309.2050232660937	22.79497673390634	41.14605076319252	NaN	0.2870490816111831	0.14348766322484752	-40.83815621021193	-0.07101202084326301	-0.8758144004851292	0.15056192890750286	0	83.01962058590017	-12.598547715656448	28.497949236060855	70.96392301945535	108.22446015916665	151.7863441809744	227.40360267636987	0.0897602337988716	1.0231188244035858	45.07120797206652	1.021503142145872	-51.316879070086515	1.0909745030089615	-6.045338094589869	1.0909745030089615	-1.164602334908249	1.0909745030089615	-0.12913959676330433	1.1565533127891303	NaN	NaN	800000009	800000009	800000009	800000009	800000019	800000019	899999999	899999999	89999	89999	89	89	0	0	2	6	10	0	3	NaN	0	0	0	0	0	0	0	0	0	NaN	NaN	NaN	NaN	0	0	0	0	0	0	0	0	18000	0	0	0	18000	18000	18000	18000	100	NaN	0.07373396852921864	0.14360316054412628	0.0696381973763501	0.08573843906824746	7.1433777920404	0.13895271727731506	8.223598682591499e-7	NaN	0.03972680246818841	-0.15933114811265078	-0.030694300998924336	-0.00012913959676330434	NaN	413.8161768790075	22.266851944210487	95989.51237955729	11.369999885559082	18.500884797943975	97.4736024860806	97.33775468063354	97.60944826083713	-0.2716933903462353	0.00028941808044004975	-1	0	2.114806152661641	83.03427971329864	1.0000792167153623	-273.1499938964844	9.000794407632617	-273.1499938964844	098
DATA	2026-09-09T203000_AIU-0547.ghg	2026-09-09	21:00:00	252.874	0	18000	18000	0.08114818174655214	1	NaN	21.75675224788284	1	NaN	-6.326248037785713	1	NaN	5.101329348235453	1	NaN	-0.14345720917603746	1	NaN	-0.03556047290164238	1	NaN	NaN	NaN	NaN	NaN	NaN	NaN	NaN	NaN	NaN	-2.4201032374753324e-10	-1.292271166100124e-11	-1.3257549263135112e-12	NaN	16.05389343199974	416.3973623055525	425.866294356848	0.1	1	857.235479237645	22.234518619501532	22.740134564894657	0.1	1	0.08794471233462295	2.15778846953161	2.206856869691337	0	1	NaN	NaN	NaN	NaN	9	297.5310715645684	295.4862312333849	95599.78220355902	1.117661917239042	1017.8949690849305	0.025697469908910572	-0.009296027154607226	0.015591652945157861	2126.1853111844525	2690.5548500561854	0.013950240859663439	79.02404632784396	564.3695388717329	291.63578371621077	0.6514095114056584	0.43858280799976485	0.29462796882986303	0.8387460110423934	2.7312344191500592e-14	-1.5074867961010714e-14	0.8387460110423934	2.545683173205058	298.0482963572134	33.9517036427866	20.565134608041216	NaN	0.2694537114916177	0.19940446425853867	-76.1282024626323	-0.03809363555409667	-3.4391241250632416	0.07097354127548791	0	94.3014072073964	-14.310602360879848	32.37062150512774	80.60742453969418	122.93140844591541	172.41304826636465	258.30616407388646	0.07997002568797751	1.014732470678095	21.194387376708217	1.0161394587323955	-5.824078586200518	1.086222986890154	4.696392370447351	1.086222986890154	-0.13206975999168832	1.086222986890154	-0.03877034962301762	1.149472083641168	NaN	NaN	800000009	800000009	800000009	800000009	800001019	800001019	899999999	899999999	89999	89999	89	89	0	0	1	19	40	0	2	NaN	0	0	0	0	0	0	0	0	0	NaN	NaN	NaN	NaN	0	0	0	0	0	0	0	0	18000	0	0	0	18000	18000	18000	18000	100	NaN	0.21646753518867098	0.13771827008020945	0.04462312324819688	0.06218573921917396	1.311366477740032	0.07239434351744786	1.8281794866936288e-7	NaN	0.018629768006134417	0.12343055679462171	-0.003471056659167803	-0.00003877034962301762	NaN	416.3974592292684	22.23443671505783	95993.61237890625	11.369999885559082	18.47937190331352	97.48479569223193	97.34125116962858	97.62834057511223	-0.2870864075745155	0.0002884614031289754	-1	0	2.1380226144525745	82.78639692973385	1.0000796563087238	-404.61099941676304	9.000617538452149	-314.4939956326061	010
DATA	2026-09-09T210000_AIU-0547.ghg	2026-09-09	21:30:00	252.895	0	18000	18000	0.022214847547366797	1	NaN	14.890048045777581	0	NaN	11.780437347128771	0	NaN	0.5458763656195212	0	NaN	0.26703186724917394	0	NaN	-0.0007490277362932127	0	NaN	NaN	NaN	NaN	NaN	NaN	NaN	NaN	NaN	NaN	-2.6787686373261894e-12	-1.4221559406723765e-13	-1.464261076994696e-14	NaN	16.152469624741705	418.137326287602	427.63023614684744	-0.1	0	857.5332081043529	22.19887430033274	22.702852059459737	0.1	1	0.08829218111369283	2.162173005932631	2.211260499813277	0.2	0	NaN	NaN	NaN	NaN	9	297.11337345971	295.0712983610365	95611.76442534722	1.1193890838975307	1017.8665045777595	0.02565816862933338	0.01730366499774647	0.015590501704343078	2123.0428711702143	2623.407274337684	0.013927687815267492	80.9269262892551	500.36440316746985	291.61217765341337	0.6076423255632005	0.4429844080619524	0.307353293430532	0.8123610210888059	-2.2875037448948996e-15	-1.6584266675994603e-16	0.8123610210888059	1.7845872983643654	295.9071412210391	36.09285877896087	22.23124865471471	NaN	0.14087409363742287	0.09075608486705858	-15.89706896872455	-0.18242356535694593	1.2639639435293726	0.09276690635480157	1	9.959497077188436	4	8	14	22	37	96	0.021884888042511683	1.0150770478795306	15.443376320806285	1.016351389310339	10.844276000627149	1.086327694577995	0.5024969614086636	1.086327694577995	0.24581152499560238	1.086327694577995	-0.006089661934209861	1.1497109209353624	NaN	NaN	800000009	800000009	800000009	800000009	800001019	800011019	899999999	899999999	89999	89999	89	89	1	0	0	44	37	0	3	NaN	0	0	0	0	0	0	0	0	0	NaN	NaN	NaN	NaN	0	0	0	0	0	0	0	0	18000	0	0	0	18000	18000	18000	18000	100	NaN	0.059253947307244974	0.0931271619754148	0.029131060451457396	0.03480113743387298	1.4739661710079937	0.02444521289291932	6.537907123537171e-8	NaN	0.013554089963402582	0.013185943388555365	0.006450301398361037	-0.000006089661934209861	NaN	418.13653974259137	22.198837670029988	96009.6884327257	11.360267440583971	18.45708377552033	97.46691546673244	97.3125248213874	97.62130918778314	-0.30878257290935995	0.0002879979701182391	-1	0	2.142400024765068	82.66530976932667	1.0000956057310104	-302.78524514093255	9.000787094275157	-273.1499938964844	024
DATA	2026-09-09T213000_AIU-0547.ghg	2026-09-09	22:00:00	252.916	0	18000	18000	0.01273870914180977	1	NaN	12.390260013200939	0	NaN	4.538126389421684	0	NaN	0.036078295501620686	0	NaN	0.10282597195514838	0	NaN	0.0008298346169909339	1	NaN	NaN	NaN	NaN	NaN	NaN	NaN	NaN	NaN	NaN	6.4118504464026245e-12	3.379608036073733e-13	3.482223437705855e-14	NaN	16.213797757205114	419.13146086550523	428.60005349249695	0.3	0	854.609471221653	22.091907245077955	22.590985194571356	0.1	1	0.08805580703467475	2.152192136719503	2.200812277416006	0	1	NaN	NaN	NaN	NaN	9	296.69560973273383	294.6539167260064	95616.6843828125	1.1210781245249186	1017.7973630080029	0.02562055649045671	0.0066631229826936145	0.01553815490016822	2112.9215393138243	2557.345624168481	0.01386001078805534	82.62166518852293	444.42408485465694	291.53593718384815	0.67403728330179	0.4403103945051674	0.2993826968770658	0.8589700239120923	-2.050646268618536e-15	3.9545642189556213e-16	0.8589700239120923	1.7521444332662544	298.84568831486456	33.154311685135454	20.397847736634073	NaN	0.1065969482884009	0.09017674082875977	-8.277092643693736	-0.3503645694010072	2.730258910832118	0.10186815699750439	1	14.850632073050221	7	12	20	31	50	120	0.012556856365246262	1.0144823490270083	12.54671513787799	1.015986617377287	4.178151895308512	1.086156392379457	0.03321648314621018	1.086156392379457	0.09466958227800525	1.086156392379457	-0.0033877509400517107	1.1493045209634847	NaN	NaN	800000009	800000009	800000009	800000009	800000019	800010019	899999999	899999999	89999	89999	89	89	6	0	0	69	3	0	6	NaN	0	0	0	0	0	0	0	0	0	NaN	NaN	NaN	NaN	0	0	0	0	0	0	0	0	18000	0	0	0	18000	18000	18000	18000	100	NaN	0.05434865289823706	0.09958970218446503	0.026415126574817444	0.02898985498627066	1.109416190135196	0.017830404921473184	6.918679834816036e-8	NaN	0.010995952071189228	0.0008702555446997637	0.002480296560270994	-0.000003387750940051711	NaN	419.13102241007476	22.091877381134925	96015.6885594618	11.36613313039144	18.380943005243942	97.45946316358778	97.29610199568006	97.62282774734497	-0.32672725295523875	0.0002871343097778864	-1	0	2.1325999126964152	82.34052806106148	1.0001083092126581	-273.1499938964844	9.000996239158843	-273.1499938964844	045
DATA	2026-09-09T220000_AIU-0547.ghg	2026-09-09	22:30:00	252.937	0	18000	18000	0.0162403186578461	1	NaN	19.00609189918167	0	NaN	16.124286014811528	1	NaN	-0.1652514957850171	1	NaN	0.36521479994804	1	NaN	0.004354417770789451	1	NaN	NaN	NaN	NaN	NaN	NaN	NaN	NaN	NaN	NaN	6.240745958730397e-11	3.2912551651438917e-12	3.387599214439879e-13	NaN	16.272052906075803	420.19130477260455	429.71381452903665	0.1	1	858.1582799360073	22.160120141514806	22.662319872576543	0.1	1	0.08832789222069323	2.15522803857324	2.2040705057817322	0.2	0	NaN	NaN	NaN	NaN	9	296.33316126081684	294.27702785831025	95602.95506184896	1.1223235492506953	1017.829169056352	0.025591460096930963	0.023665919036632992	0.015603852624257588	2119.1412548266926	2498.9472592574607	0.013903167793881984	84.8013597316326	379.8060044307681	291.5828259674391	0.8283823822343575	0.4886150308787669	0.3194666199422258	1.0134204166357796	5.1043771207392455e-15	3.8352542206891254e-15	1.0134204166357796	1.9022243510762178	301.46609489826704	30.53390510173296	18.375062761917423	NaN	0.12029241264784199	0.09083819226434761	-7.753602817879892	-0.37401967422326154	1.1787245575849348	0.1383125604359271	1	15.601837799896362	7	12	21	32	52	124	0.01603350435995635	1.012898883066778	19.79695846255102	1.015043973598316	14.847500646611191	1.0859932859131916	-0.15216622232250746	1.0859932859131916	0.3362956333942135	1.0859932859131916	-0.0029891738625549957	1.1483940207141672	NaN	NaN	800000009	800000009	800000009	800000009	800000019	800010019	899999999	899999999	89999	89999	89	89	0	0	0	38	26	0	3	NaN	0	0	0	0	0	0	0	0	0	NaN	NaN	NaN	NaN	0	0	0	0	0	0	0	0	17900	0	0	0	18000	18000	18000	18000	100	NaN	0.06089600942100122	0.08922970300402204	0.03155067210367195	0.05139324863516137	0.8374231118814107	0.03508542543154783	9.63830811584477e-8	NaN	0.01733027696394693	-0.003982430620098155	0.008801388425059972	-0.000002989173862554996	NaN	420.1914889267123	22.16007428074143	96002.99585069444	11.380000114440918	18.427887239138293	97.41529948043822	97.23719969050089	97.59339514711169	-0.3561956685301324	0.0002873713400654701	-1	0	2.1355246431628863	82.19280274569192	1.000115063663986	-273.1499938964844	9.001067119598389	-273.1499938964844	231
DATA	2026-09-09T223000_AIU-0547.ghg	2026-09-09	23:00:00	252.958	0	18000	18000	0.02194435013842191	1	NaN	17.82672702048277	0	NaN	8.966982273985609	1	NaN	0.5232709484424204	2	NaN	0.20306290596996812	1	NaN	0.0016577733817837864	0	NaN	NaN	NaN	NaN	NaN	NaN	NaN	NaN	NaN	NaN	-6.864689577245116e-11	-3.5988299057891793e-12	-3.7272848529247936e-13	NaN	16.32384578292577	421.1943077699395	430.70479166092457	0.1	1	855.7815137892895	22.081212178554793	22.579801567925823	0.1	1	0.08863273778593318	2.1606722325501413	2.209459782814451	0.1	0	NaN	NaN	NaN	NaN	9	296.12903426445854	294.07803415086534	95584.16903342013	1.1228960917082296	1017.7802784967538	0.02557918116205451	0.013158476306853933	0.015555754023332372	2111.1804672857334	2468.586487004324	0.013853244425909303	85.52183520406815	357.40601971859087	291.52279001995055	0.6156056054198744	0.28761868860690964	0.3151345873104165	0.749002389568735	5.554915318880568e-15	-4.205313912255509e-15	0.749002389568735	1.7533675851093422	306.9574265562318	25.042573443768188	24.881258420544864	NaN	0.1397949802099259	0.07584862954607913	-12.972272215581725	-0.2235537423055806	1.9880408453801055	0.11158002020258061	1	8.623276706174662	4	7	12	19	32	80	0.02159874367793154	1.0160012297772436	18.176029728571475	1.0169258480561993	8.251771149091647	1.0866736500530183	0.48153458806780697	1.0866736500530183	0.1868665039959888	1.0866736500530183	-0.004633705683411145	1.150390107808055	NaN	NaN	800000009	800000009	800000009	800000009	800000019	800000019	899999999	899999999	89999	89999	89	89	17	0	0	31	1	0	5	NaN	0	0	0	0	0	0	0	0	0	NaN	NaN	NaN	NaN	0	0	0	0	0	0	0	0	17900	0	0	0	18000	18000	18000	18000	100	NaN	0.05135973548147069	0.0677526491715589	0.03258487443912866	0.033577326838435576	1.2715522992075132	0.012984682067266053	1.0011771592390649e-7	NaN	0.015903965421190828	0.012595458049197811	0.004887850779994856	-0.0000046337056834111445	NaN	421.19405641316825	22.081187293638003	95987.56903884548	11.386400260925292	18.36857461855147	97.3871299179925	97.19792827733357	97.57633028666177	-0.3783994280480667	0.00028734245314909556	-1	0	2.140964444776376	81.60702549637688	1.0001124923295446	-273.1499938964844	9.001061090363397	-273.1499938964844	037
DATA	2026-09-09T230000_AIU-0547.ghg	2026-09-09	23:30:00	252.979	0	18000	18000	0.028556671989593406	1	NaN	13.26096680445371	0	NaN	5.491919488609535	0	NaN	7.595725661976634	1	NaN	0.1243482857002249	0	NaN	-0.0038976707404464223	0	NaN	NaN	NaN	NaN	NaN	NaN	NaN	NaN	NaN	NaN	6.283526646250491e-11	3.2708040655884304e-12	3.416215572963224e-13	NaN	16.305083792949684	420.486198647527	429.89568462082514	0.1	1	848.7388907877615	21.887835374754747	22.37763332913958	0.1	1	0.08864716314234669	2.15925833820345	2.207577429558654	0	1	NaN	NaN	NaN	NaN	9	295.9307214974298	293.9145886679755	95577.13034440104	1.1235206372006408	1017.6666714064374	0.025566847229879154	0.008057768913374572	0.015426962764108444	2092.5376451190036	2443.891154575101	0.013730911790411077	85.62319320979807	351.3535094560975	291.3814152849527	0.6007507009995628	0.11507908395069333	0.3029488793539998	0.6825852502187818	6.68395211871767e-15	3.853722388699092e-15	0.6825852502187818	1.6653944999880717	321.1558567462277	10.844143253772314	26.348232109740856	NaN	0.15942751232994362	0.08911658261093855	-25.8635577268484	-0.11212687870043389	2.4146324125758754	0.07274871267963044	1	6.3207225433045195	3	5	9	15	26	71	0.028075260321088893	1.0171471844961986	13.441676006815667	1.0176482207479323	5.051400331486133	1.0872073342470168	6.986455501826906	1.0872073342470168	0.11437403132158469	1.0872073342470168	-0.00804436596851144	1.151291862400549	NaN	NaN	800000009	800000009	800000009	800000009	800000019	800011019	899999999	899999999	89999	89999	89	89	7	5	0	28	1	0	3	NaN	0	0	0	0	0	0	0	0	0	NaN	NaN	NaN	NaN	0	0	0	0	0	0	0	0	17900	0	0	0	18000	18000	18000	18000	100	NaN	0.0705193727489241	0.07609974680384986	0.03161404566910314	0.0392800792741562	14.839197942141283	0.02733956073676038	1.2968731728947303e-7	NaN	0.011756195983147784	0.18261986625647003	0.0029896376349494136	-0.00000804436596851144	NaN	420.4859226866227	21.88779743115527	95979.42765429687	11.390000343322754	18.226814274999843	97.40629252794054	97.21552912012736	97.59705481126574	-0.38152485701110556	0.00028669014374867814	-1	0	2.1397493919332833	81.5093542435964	1.0001104991237322	-273.1499938964844	9.00105529917611	-273.1499938964844	112
