DATAH	filename	date	time	DOY	daytime	file_records	used_records	Tau	qc_Tau	rand_err_Tau	H	qc_H	rand_err_H	LE	qc_LE	rand_err_LE	co2_flux	qc_co2_flux	rand_err_co2_flux	h2o_flux	qc_h2o_flux	rand_err_h2o_flux	ch4_flux	qc_ch4_flux	rand_err_ch4_flux	none_flux	qc_none_flux	rand_err_none_flux	H_strg	LE_strg	co2_strg	h2o_strg	ch4_strg	none_strg	co2_v-adv	h2o_v-adv	ch4_v-adv	none_v-adv	co2_molar_density	co2_mole_fraction	co2_mixing_ratio	co2_time_lag	co2_def_timelag	h2o_molar_density	h2o_mole_fraction	h2o_mixing_ratio	h2o_time_lag	h2o_def_timelag	ch4_molar_density	ch4_mole_fraction	ch4_mixing_ratio	ch4_time_lag	ch4_def_timelag	none_molar_density	none_mole_fraction	none_mixing_ratio	none_time_lag	none_def_timelag	sonic_temperature	air_temperature	air_pressure	air_density	air_heat_capacity	air_molar_volume	ET	water_vapor_density	e	es	specific_humidity	RH	VPD	Tdew	u_unrot	v_unrot	w_unrot	u_rot	v_rot	w_rot	wind_speed	max_wind_speed	wind_dir	yaw	pitch	roll	u*	TKE	L	(z-d)/L	bowen_ratio	T*	model	x_peak	x_offset	x_10%	x_30%	x_50%	x_70%	x_90%	un_Tau	Tau_scf	un_H	H_scf	un_LE	LE_scf	un_co2_flux	co2_scf	un_h2o_flux	h2o_scf	un_ch4_flux	ch4_scf	un_none_flux	un_none_scf	spikes_hf	amplitude_resolution_hf	drop_out_hf	absolute_limits_hf	skewness_kurtosis_hf	skewness_kurtosis_sf	discontinuities_hf	discontinuities_sf	timelag_hf	timelag_sf	attack_angle_hf	non_steady_wind_hf	u_spikes	v_spikes	w_spikes	ts_spikes	co2_spikes	h2o_spikes	ch4_spikes	none_spikes	head_detect_LI-7200	t_out_LI-7200	t_in_LI-7200	aux_in_LI-7200	delta_p_LI-7200	chopper_LI-7200	detector_LI-7200	pll_LI-7200	sync_LI-7200	chopper_LI-7500	detector_LI-7500	pll_LI-7500	sync_LI-7500	not_ready_LI-7700	no_signal_LI-7700	re_unlocked_LI-7700	bad_temp_LI-7700	laser_temp_unregulated_LI-7700	block_temp_unregulated_LI-7700	motor_spinning_LI-7700	pump_on_LI-7700	top_heater_on_LI-7700	bottom_heater_on_LI-7700	calibrating_LI-7700	motor_failure_LI-7700	bad_aux_tc1_LI-7700	bad_aux_tc2_LI-7700	bad_aux_tc3_LI-7700	box_connected_LI-7700	mean_value_RSSI_LI-7200	mean_value_LI-7500	u_var	v_var	w_var	ts_var	co2_var	h2o_var	ch4_var	none_var	w/ts_cov	w/co2_cov	w/h2o_cov	w/ch4_cov	w/none_cov	co2_mean	h2o_mean	air_p_mean	vin_sf_mean	dew_point_mean	avg_signal_strength_7200_mean	co2_signal_strength_7200_mean	h2o_signal_strength_7200_mean	delta_signal_strength_7200_mean	flowrate_mean	hit_power_mean	hit_vin_mean	ch4_mean	rssi_77_mean	ch4_aux-1_mean	ch4_aux-2_mean	ch4_aux-3_mean	ch4_aux-4_mean	CHK
DATAU		[yyyy-mm-dd]	[HH:MM]	[ddd.ddd]	[1=daytime]	[#]	[#]	[kg+1m-1s-2]	[#]	[kg+1m-1s-2]	[W+1m-2]	[#]	[W+1m-2]	[W+1m-2]	[#]	[W+1m-2]	[µmol+1s-1m-2]	[#]	[µmol+1s-1m-2]	[mmol+1s-1m-2]	[#]	[mmol+1s-1m-2]	[µmol+1s-1m-2]	[#]	[µmol+1s-1m-2]	[µmol+1s-1m-2]	[#]	[µmol+1s-1m-2]	[W+1m-2]	[W+1m-2]	[µmol+1s-1m-2]	[mmol+1s-1m-2]	[µmol+1s-1m-2]	[µmol+1s-1m-2]	[µmol+1s-1m-2]	[mmol+1s-1m-2]	[µmol+1s-1m-2]	[µmol+1s-1m-2]	[mmol+1m-3]	[µmol+1mol_a-1]	[µmol+1mol_d-1]	[s]	[1=default]	[mmol+1m-3]	[mmol+1mol_a-1]	[mmol+1mol_d-1]	[s]	[1=default]	[mmol+1m-3]	[µmol+1mol_a-1]	[µmol+1mol_d-1]	[s]	[1=default]	[mmol+1m-3]	[µmol+1mol_a-1]	[µmol+1mol_d-1]	[s]	[1=default]	[K]	[K]	[Pa]	[kg+1m-3]	[J+1kg-1K-1]	[m+3mol-1]	[mm]	[kg+1m-3]	[Pa]	[Pa]	[kg+1kg-1]	[%]	[Pa]	[K]	[m+1s-1]	[m+1s-1]	[m+1s-1]	[m+1s-1]	[m+1s-1]	[m+1s-1]	[m+1s-1]	[m+1s-1]	[deg_from_north]	[deg]	[deg]	[deg]	[m+1s-1]	[m+2s-2]	[m]	[#]	[#]	[K]	[0=KJ/1=KM/2=HS]	[m]	[m]	[m]	[m]	[m]	[m]	[m]	[kg+1m-1s-2]	[#]	[W+1m-2]	[#]	[W+1m-2]	[#]	[µmol+1s-1m-2]	[#]	[mmol+1s-1m-2]	[#]	[µmol+1s-1m-2]	[#]	[µmol+1s-1m-2]	[#]	8u/v/w/ts/co2/h2o/ch4/none	8u/v/w/ts/co2/h2o/ch4/none	8u/v/w/ts/co2/h2o/ch4/none	8u/v/w/ts/co2/h2o/ch4/none	8u/v/w/ts/co2/h2o/ch4/none	8u/v/w/ts/co2/h2o/ch4/none	8u/v/w/ts/co2/h2o/ch4/none	8u/v/w/ts/co2/h2o/ch4/none	8co2/h2o/ch4/none	8co2/h2o/ch4/none	8aa	8U	[#]	[#]	[#]	[#]	[#]	[#]	[#]	[#]	[#_flagged_recs]	[#_flagged_recs]	[#_flagged_recs]	[#_flagged_recs]	[#_flagged_recs]	[#_flagged_recs]	[#_flagged_recs]	[#_flagged_recs]	[#_flagged_recs]	[#_flagged_recs]	[#_flagged_recs]	[#_flagged_recs]	[#_flagged_recs]	[#_flagged_recs]	[#_flagged_recs]	[#_flagged_recs]	[#_flagged_recs]	[#_flagged_recs]	[#_flagged_recs]	[#_flagged_recs]	[#_flagged_recs]	[#_flagged_recs]	[#_flagged_recs]	[#_flagged_recs]	[#_flagged_recs]	[#_flagged_recs]	[#_flagged_recs]	[#_flagged_recs]	[#_flagged_recs]	[#]	[#]	[m+2s-2]	[m+2s-2]	[m+2s-2]	[K+2]	--	--	--	--	[m+1s-1K+1]	--	--	--	--	--	--	--	--	--	--	--	--	--	--	--	--	--	--	--	--	--	--	207
DATA	2026-09-19T233000_AIU-0547.ghg	2026-09-20	00:00:00	263	0	18000	18000	0.11150401674197548	1	NaN	-0.7871433075868846	1	NaN	31.83344125553542	0	NaN	8.390163082545078	0	NaN	0.7225185597608171	0	NaN	-0.0017738578575916728	0	NaN	NaN	NaN	NaN	NaN	NaN	NaN	NaN	NaN	NaN	-1.0680984398792132e-10	-5.462413388597016e-12	-5.882443346175417e-13	NaN	16.12160389507536	419.9793505484628	429.19781799112917	0.3	0	824.4826663362237	21.478365118009467	21.94981117673474	0.1	1	0.08878809107986917	2.187197379901255	2.2352059493963368	-0.7	0	NaN	NaN	NaN	NaN	9	298.472319744534	296.4113068961918	95490.68932634642	1.1132232585614181	1017.4827240807855	0.025807370571101395	0.04681920267250095	0.014997271612452463	2051.5340454389147	2845.6875900688865	0.01347193520896513	72.0927361316304	794.1535446299717	291.06654253235615	-0.5227072161569105	0.3608026118395181	0.24119616111732228	0.6793945441865593	8.313922397065984e-15	-6.625261647853062e-15	0.6793945441865593	3.197508260135689	186.61567201994737	145.38432798005263	20.79444551991164	NaN	0.31648572091500454	0.2704172118452789	3406.36292699869	0.0008513479221531919	-0.024726931068126685	-0.002195787818336557	0	73.48186542026218	-11.151156572375953	25.22394652901293	62.811193356562875	95.79103301692332	134.3482858271969	201.27821363213712	0.10961776061320896	1.017207577660907	1.0887470470449419	1.0176866040513444	29.279199383706057	1.0872374219785121	7.7169557567996385	1.0872374219785121	0.6645453377110642	1.0872374219785121	-0.003436761614624935	1.1513406980270886	NaN	NaN	800000009	800000019	800000009	800000019	800001019	800101119	899999999	899999999	89999	89999	89	89	20	19	5	5	29	2	14	NaN	0	0	0	0	0	0	0	0	0	NaN	NaN	NaN	NaN	0	992	0	0	0	0	0	0	18000	0	0	0	18000	18000	18000	18000	93	NaN	0.17617840884732516	0.24980234759744266	0.11485366724578999	0.017133892366344484	8.373661852378467	0.042886954797477436	2.514907922828575e-7	NaN	0.0009612086592785422	0.20352693531323257	0.017526713930147226	-0.000003436761614624935	NaN	419.97636222977127	21.478313023278798	95894.67221766492	11.380000114440918	17.911628520541722	96.58177645492553	96.40617449039883	96.75737696117825	-0.35119745550470216	0.0002895809929905226	-1	0	2.1725434092511073	60.64127254644602	1.0001062156044775	-273.1499938964844	9.000946923335393	-273.1499938964844	165
DATA	2026-09-20T000000_AIU-0547.ghg	2026-09-20	00:30:00	263.02	0	18000	18000	0.10912846970658387	1	NaN	-1.3806464211124372	2	NaN	32.838980666636736	0	NaN	10.476828047306123	0	NaN	0.7451996780961384	0	NaN	0.000494889175047392	1	NaN	NaN	NaN	NaN	NaN	NaN	NaN	NaN	NaN	NaN	-4.781469923280446e-11	-2.436968393007359e-12	-2.6280106850151756e-13	NaN	16.175481248504948	421.30925598972647	430.5544831047943	0.1	0	824.4146084107394	21.472839043270714	21.944039879563697	0.1	1	0.08890432908374132	2.188154593166309	2.2361715448214006	0.6	0	NaN	NaN	NaN	NaN	9	298.25009081014	296.2154848391898	95464.57574668738	1.1136569026285874	1017.4753536937168	0.025797375850575455	0.04828893914062977	0.014999221953068926	2050.4453321024666	2812.2124850609434	0.013468440699883377	72.91217655119796	761.7671529584768	291.0581071607592	-0.5125089912802933	0.45439950187761774	0.24471382446584436	0.7273439553158404	6.237542109022439e-15	-2.95599855721287e-15	0.7273439553158404	3.4216990165173975	193.5607616716517	138.4392383283483	19.660648063237332	NaN	0.31303530840147753	0.31033067656511987	1878.8531138959406	0.0015434947940058156	-0.04204291342438427	-0.0038923674682660968	0	72.60163196107682	-11.017577748982152	24.92179086678858	62.05878303481071	94.64355980201258	132.7389383277431	198.86711781644468	0.10737263319980608	1.016352737699097	0.5587038556758173	1.0171465101748518	30.21548647234054	1.086826144490434	9.639838073842304	1.086826144490434	0.6856659474690227	1.086826144490434	-0.0012524046549591665	1.1506602020821841	NaN	NaN	800000009	800000019	800000009	800000019	800000019	810101119	899999999	899999999	89999	89999	89	89	40	18	2	9	23	5	21	NaN	0	0	0	0	0	0	0	0	0	NaN	NaN	NaN	NaN	0	595	0	0	0	0	0	0	18000	0	0	0	18000	18000	18000	18000	93	NaN	0.1851020520947953	0.3197595162525293	0.11579978478291517	0.016660089115943248	14.804877082529403	0.05109218626270909	1.7443095067282814e-7	NaN	0.0004930674769564378	0.254141121135748	0.018076643121965465	-0.0000012524046549591666	NaN	421.3073447538127	21.472778775134454	95867.53649175348	11.37027822526296	17.90296779791514	96.5847225956387	96.4077293364207	96.76172086864048	-0.3539864057989587	0.0002894050119987999	-1	0	2.171382006311343	65.21751307408044	1.0001101185828447	-273.1499938964844	9.000942832681869	-273.1499938964844	086
DATA	2026-09-20T003000_AIU-0547.ghg	2026-09-20	01:00:00	263.041	0	18000	18000	0.07792260923726423	1	NaN	5.191354498712595	0	NaN	25.890745173322674	1	NaN	5.386737680630633	1	NaN	0.5874343890749443	1	NaN	-0.022364215255373434	1	NaN	NaN	NaN	NaN	NaN	NaN	NaN	NaN	NaN	NaN	2.5661696241786676e-10	1.30934482884051e-11	1.4178847075083943e-12	NaN	16.168138382199597	420.96180488722763	430.20205769776516	0.1	1	824.9520290182069	21.47886707001577	21.950335406351044	0.1	1	0.08933375231708461	2.197144326478964	2.2453723813813387	0.7	0	NaN	NaN	NaN	NaN	9	298.06538476138644	296.05349738444755	95446.60918394316	1.114053980152261	1017.4753251898364	0.025788121739461153	0.038065748412056385	0.015008816661550942	2050.6349445532783	2784.7817095635237	0.013472252627740391	73.63718806077217	734.1467650102454	291.0595765641379	-0.3338291356533745	0.3468881034780787	0.22919124785822284	0.5331996588900629	-1.2873171918494538e-14	1.5871769300316642e-14	0.5331996588900629	2.7674655515385944	198.09903485413187	133.90096514586813	25.45749065041588	NaN	0.26447134625450847	0.23223392070697915	-301.29445542853904	-0.00962513563641672	0.20051004573099993	0.017316971405616912	0	66.99357347507836	-10.166533237703778	22.99672586505829	57.265098989034826	87.33288916891534	122.4856188168206	183.50577678964137	0.07634180515275636	1.0207069256660195	6.638525574609791	1.0199338138363743	23.767826812001754	1.0893189931966745	4.9450507282746585	1.0893189931966745	0.5392675540808128	1.0893189931966745	-0.02364387204968589	1.154351980398271	NaN	NaN	800000009	800000019	800000009	800000019	800001019	800001119	899999999	899999999	89999	89999	89	89	8	6	1	7	17	0	27	NaN	0	0	0	0	0	0	0	0	0	NaN	NaN	NaN	NaN	0	560	0	0	0	0	0	0	18000	0	0	0	18000	18000	18000	18000	93	NaN	0.11684197220161768	0.24657002141318562	0.10105584779915501	0.007240246552939711	8.318693507814883	0.03653274846140664	3.574703862833483e-7	NaN	0.005856545371603899	0.13032352266416003	0.01421203768536821	-0.00002364387204968589	NaN	420.9596930282952	21.478820320420603	95851.81267078992	11.373063844574823	17.90508855501811	96.58620034196642	96.4076297577752	96.76476682853699	-0.35713286424842144	0.00028920069974911817	-1	0	2.1800947426788375	68.60532536573163	1.0001126114692953	-273.1499938964844	9.00093694530593	-273.1499938964844	046
DATA	2026-09-20T010000_AIU-0547.ghg	2026-09-20	01:30:00	263.062	0	18000	18000	0.059800636549387234	0	NaN	6.451971306638985	0	NaN	16.986133444771774	0	NaN	4.677786935364382	0	NaN	0.3853408533380732	0	NaN	0.013984785774728711	1	NaN	NaN	NaN	NaN	NaN	NaN	NaN	NaN	NaN	NaN	-3.940355269762292e-11	-2.010007446351997e-12	-2.1637459582270978e-13	NaN	16.165148139177955	420.816409655566	430.047899220889	0.1	0	824.5974260359257	21.466189189733313	21.93709502174321	0.1	1	0.08876680287866187	2.1817258904142247	2.229586618583639	0	1	NaN	NaN	NaN	NaN	9	297.93537966410315	295.9007064105865	95418.94849670332	1.1143115948858862	1017.464835944788	0.025782284460854354	0.024970087296307144	0.015003353811181487	2048.830630464906	2759.1227195160227	0.013464235569331882	74.25659670637235	710.2920890511168	291.04558918405263	-0.3448281653322467	0.6824347794512187	0.31250945749375747	0.8260059641637619	-1.2956079539977667e-14	-2.4375621156309867e-15	0.8260059641637619	3.5187224131779664	215.19293999320615	116.80706000679385	22.230773462954776	NaN	0.23165921409039328	0.3855806854417929	-162.8920922802254	-0.01780319694716114	0.3798375497058668	0.024565001238215235	0	57.033572798774074	-8.655064709146066	19.577779938043804	48.75144021441231	74.34902235802514	104.27556100124659	156.2237918749169	0.05892291923677195	1.014896025587061	7.387861764445857	1.0162399694264146	15.637110661501257	1.0862705913178592	4.306281485250659	1.0862705913178592	0.35473744425924225	1.0862705913178592	0.009620641215155126	1.1495843334547866	NaN	NaN	800000009	800000019	800000009	800000019	800001119	800001119	899999999	899999999	89999	89999	89	89	27	2	0	18	32	3	1	NaN	0	0	0	0	0	0	0	0	0	NaN	NaN	NaN	NaN	0	634	0	0	0	0	0	0	18000	17998	0	0	18000	18000	18000	18000	93	NaN	0.27922254927845896	0.3759917540126147	0.1159470675925122	0.013043668723904346	8.487076362872708	0.03627054666578177	2.392803808600314e-7	NaN	0.006516174445953136	0.11346202483540017	0.009346632088135715	0.000009620641215155125	NaN	420.8136346625105	21.466140805512598	95822.97842035591	11.380000114440918	17.891015814781184	96.58413464037578	96.40372744835747	96.76454583613078	-0.3608204199820753	0.0002893294611114672	-1	0	2.164687253163331	65.9374200812045	1.0001041752066877	-273.1499938964844	9.000959311087927	-273.1499938964844	075
DATA	2026-09-20T013000_AIU-0547.ghg	2026-09-20	02:00:00	263.083	0	18000	18000	0.12356036431979263	1	NaN	9.93774280983526	0	NaN	16.757101341009008	0	NaN	2.4264907565515466	0	NaN	0.37999890467065855	0	NaN	0.0037362064478399203	1	NaN	NaN	NaN	NaN	NaN	NaN	NaN	NaN	NaN	NaN	-7.075114820887005e-11	-3.602913965486169e-12	-3.910550991308233e-13	NaN	16.17700603866157	420.56939308509106	429.7738474179284	0.1	0	823.7938528486068	21.416971712302857	21.88569706729719	0.1	1	0.08941339978558294	2.1936220614295685	2.241631009346156	0	1	NaN	NaN	NaN	NaN	9	297.51460980139836	295.5035553146283	95409.63026793335	1.1157211765772086	1017.4285838014397	0.025750194733869986	0.024623929022658673	0.014987608476630335	2043.9334690194069	2693.3907230700543	0.013433112852271101	75.88700189364411	649.4572540506474	291.00757093472265	-0.5954456194853008	0.3737910252393486	0.23150057887338957	0.7401808794696415	-5.811924839713328e-15	-4.373562576398949e-15	0.7401808794696415	3.7574726863741867	184.11854980434413	147.88145019565587	18.225770843823092	NaN	0.3327834746759563	0.3204688260355724	-313.47548807789485	-0.009251122050344764	0.5930466497517088	0.026306701092923237	0	70.48211144433455	-10.695932333404027	24.19422806097676	60.24704877576738	91.88055074340858	128.8637788367406	193.06142275240904	0.12159755053265996	1.01614188590588	10.818344123458578	1.017014159205254	15.419702761901592	1.086733097243081	2.232830455525169	1.086733097243081	0.3496708673313372	1.086733097243081	-0.0008391606409636635	1.1504971325419393	NaN	NaN	800000009	800000019	800000009	800000019	800001019	801001119	899999999	899999999	89999	89999	89	89	41	51	3	37	28	3	11	NaN	0	0	0	0	0	0	0	0	0	NaN	NaN	NaN	NaN	0	719	0	0	0	0	0	0	18000	18000	0	0	18000	18000	18000	18000	93	NaN	0.20523765907297845	0.29476679812167866	0.14093319487648767	0.05353012080010504	2.087752601403851	0.017243561670435413	5.42073470397097e-7	NaN	0.009530181706576246	0.05875450004013266	0.00920120779337009	-8.391606409636635e-7	NaN	420.56865933113784	21.4169436629676	95814.66383767361	11.367205377154882	17.85340318361918	96.58054095289442	96.39528483963014	96.76579559644064	-0.3705111380898288	0.00028894386985242214	-1	0	2.177733857378107	61.537158051499965	1.0000830183625222	-281.1846192338741	9.000803250948588	-273.1499938964844	099
DATA	2026-09-20T020000_AIU-0547.ghg	2026-09-20	02:30:00	263.104	0	18000	18000	0.10477080655438925	1	NaN	11.822427716897742	0	NaN	16.159325331291118	1	NaN	1.6358775789090616	1	NaN	0.36631065506192567	1	NaN	0.008728666743110774	2	NaN	NaN	NaN	NaN	NaN	NaN	NaN	NaN	NaN	NaN	-6.583243293945975e-11	-3.3527655800180713e-12	-3.648768379106937e-13	NaN	16.268272132137586	422.5991221087029	431.8945546379369	0.1	1	828.5232736447264	21.522458269997223	21.995863320423602	0.1	1	0.09016704121058017	2.208501692260712	2.2570795936266026	0	1	NaN	NaN	NaN	NaN	9	297.1218761554294	295.12992318964496	95380.06121458541	1.1167425424578044	1017.4810125364996	0.025725609211744663	0.023736930448012783	0.015075821974835599	2053.364032741017	2632.804627277239	0.013499818804839015	77.9915080468595	579.4405945362219	291.08071246501225	-0.5838819431522041	0.31541836006409424	0.23662610022668035	0.7045557300265191	9.922383751399998e-15	-4.0466764020629655e-15	0.7045557300265191	2.8845566386690655	180.3783228224989	151.6216771775011	19.62432565794488	NaN	0.3062976135713467	0.23232984115678174	-205.41826392569266	-0.014117537285044121	0.7316164180446721	0.0339690717839657	0	73.46420727931557	-11.148476881361761	25.217885060642583	62.79609944326914	95.76801384678167	134.31600111377128	201.2298452483805	0.1030453200904933	1.016744927982956	12.643629930329588	1.017393817904068	14.865875216388902	1.0870080029648204	1.5049360947179748	1.0870080029648204	0.3369898418988741	1.0870080029648204	0.0031238766741875914	1.1509686617210677	NaN	NaN	800000009	800000019	800000009	800000019	800001019	811001019	899999999	899999999	89999	89999	89	89	23	49	2	14	22	5	11	NaN	0	0	0	0	0	0	0	0	0	NaN	NaN	NaN	NaN	0	1049	0	0	0	0	0	0	18000	602	0	0	18000	18000	18000	18000	93	NaN	0.17548189639316025	0.1815350339241458	0.10764275199625738	0.02295007759315309	0.7959813108875863	0.018598376904475147	4.031372047201398e-7	NaN	0.01112736672698286	0.039567209913888096	0.00886000931206282	0.0000031238766741875913	NaN	422.5988167597923	21.522427616758385	95786.14934787326	11.359999656677246	17.92663091516495	96.57247046025594	96.38346895429824	96.76147748417324	-0.3780101417435534	0.00028895603509186506	-1	0	2.194886227851591	62.231337133454716	1.0000718332479397	-273.1499938964844	9.000757485734091	-273.1499938964844	084
DATA	2026-09-20T023000_AIU-0547.ghg	2026-09-20	03:00:00	263.124	0	18000	18000	0.07637237112772834	1	NaN	12.41010755061661	0	NaN	11.538111648449176	0	NaN	0.637785349637195	1	NaN	0.2614540770696168	0	NaN	0.008451950876353908	2	NaN	NaN	NaN	NaN	NaN	NaN	NaN	NaN	NaN	NaN	2.944607518825226e-11	1.4857446873491445e-12	1.6335362801336662e-13	NaN	16.432586884525016	426.360468542122	435.7342626647219	0.3	0	829.1301474644972	21.512639527758683	21.98560798718562	0.1	1	0.09116062728464938	2.2288494234269653	2.2778520331128953	0.3	0	NaN	NaN	NaN	NaN	9	296.72482551574706	294.7358758746003	95369.02869745811	1.1181104122215944	1017.4675480070686	0.02569423329029604	0.01694222419411117	0.015087345341364604	2052.189867068161	2570.2018421034736	0.013493609554522685	79.8454749136991	518.0119750353124	291.0716219557508	-0.4746036959501611	0.6340477054124667	0.25762163585493575	0.8328469656599087	1.0986939987601682e-14	1.7919318117820135e-15	0.8328469656599087	3.3709389808158363	205.18404617918728	126.81595382081272	18.018646873472875	NaN	0.2613519779598626	0.31651852221618687	-121.55608945166937	-0.02385729923594686	1.0755752699172951	0.04173923604230298	0	64.45760481726361	-9.78169021005069	22.126209888658845	55.09739112259485	84.02699789844644	117.84905930461527	176.5593657485943	0.07525798006154022	1.0148076132959833	12.969527092864887	1.0161855587654092	10.622017371859139	1.0862448482730824	0.5871469500188189	1.0862448482730824	0.2406953436743823	1.0862448482730824	0.0029489809455155733	1.1495235776561223	NaN	NaN	800000009	800000019	800000009	800000019	800001019	810011119	899999999	899999999	89999	89999	89	89	36	21	1	46	31	12	40	NaN	0	0	0	0	0	0	0	0	0	NaN	NaN	NaN	NaN	0	395	0	0	0	0	0	0	18000	0	0	0	18000	18000	18000	18000	93	NaN	0.2159694252362685	0.3083867178535011	0.10868090134260411	0.008726540618551708	1.2543663138306906	0.013611425175083604	4.6098208412696604e-7	NaN	0.01140036831853475	0.015418062909574487	0.0063204891904732425	0.000002948980945515573	NaN	426.3595994568971	21.51261331076172	95774.14445891204	11.369726545969645	17.91748379686144	96.5741872223748	96.38034613715277	96.76802870602077	-0.38768199554168503	0.0002887233780363911	-1	0	2.2121021031404546	63.927205321451424	1.0000710123661491	-428.95712543913197	9.000583509286244	-340.818496738006	121
DATA	2026-09-20T030000_AIU-0547.ghg	2026-09-20	03:30:00	263.145	0	18000	18000	0.14164796027775944	1	NaN	17.412670296372585	0	NaN	15.473418898948516	0	NaN	1.4443583584004824	0	NaN	0.3505863234702224	0	NaN	0.01567891736339461	0	NaN	NaN	NaN	NaN	NaN	NaN	NaN	NaN	NaN	NaN	-2.1557934140260788e-10	-1.0803479282007456e-11	-1.1967699277561387e-12	NaN	16.48266772793465	427.6527479385745	437.0186087584014	0.3	0	826.0075299998146	21.431263182215364	21.900621158108788	0.1	1	0.09150209355705066	2.2359207798387755	2.284888833777568	-0.1	0	NaN	NaN	NaN	NaN	9	296.60065591684975	294.612157519288	95338.75701720486	1.1182595828426403	1017.418622975255	0.025691602809268223	0.02271799376087041	0.01503181300238494	2043.7780679172809	2550.8168668372973	0.013442149956071686	80.12249309184304	507.03879892001646	291.00636319809075	-0.8218060744378445	0.30974343190090947	0.19011854884011287	0.8985829289508123	8.742731841637214e-15	-1.3079153506033874e-14	0.8985829289508123	3.5512335267869255	172.65171448412787	159.34828551587213	12.214723724965056	NaN	0.355904802475077	0.2827705645426417	-218.72841549487424	-0.01325845109534001	1.12532791945262	0.0430020556918595	0	80.14673554351593	-12.16257632681321	27.511780767437312	68.50822409487938	104.47936435389644	146.53379406380645	219.53432546090417	0.1396888820277408	1.0140245824977652	18.163113639299073	1.015709257986013	14.247278888404692	1.0860613468822973	1.3299049474016644	1.0860613468822973	0.32280526737889464	1.0860613468822973	0.007662763425801294	1.1490122464294195	NaN	NaN	800000009	800000019	800000009	800000019	800000019	800001019	899999999	899999999	89999	89999	89	89	23	34	2	28	41	8	46	NaN	0	0	0	0	0	0	0	0	0	NaN	NaN	NaN	NaN	0	534	0	0	0	0	0	0	18000	0	0	0	18000	18000	18000	18000	93	NaN	0.303858027132871	0.1447761978272654	0.116906904125147	0.010891540106275403	0.5308916798669091	0.011096254059125552	3.347888114435881e-7	NaN	0.015964230468959093	0.03491588185730846	0.008475064778681677	0.000007662763425801294	NaN	427.6523964066847	21.431238363488415	95745.46960742187	11.373063844574823	17.852609386391098	96.5780753751331	96.38335441758898	96.77279043557908	-0.38944312378846946	0.000288264609776282	-1	0	2.2204049500399803	60.20472395468766	1.0000919467724032	-331.5726213497499	9.000708807177014	-273.1499938964844	128
DATA	2026-09-20T033000_AIU-0547.ghg	2026-09-20	04:00:00	263.166	0	18000	18000	0.1571568116804799	1	NaN	20.122363353178383	0	NaN	31.131095210757426	1	NaN	3.660518900673507	1	NaN	0.7052004513121725	1	NaN	0.021517632745212286	1	NaN	NaN	NaN	NaN	NaN	NaN	NaN	NaN	NaN	NaN	1.77948333068401e-10	8.89333567547238e-12	9.873566998782757e-13	NaN	16.514215555337703	428.25907057045805	437.62562971141085	0.3	0	825.3320490182517	21.403132049485976	21.871245198557386	0.1	1	0.09163008773748463	2.2369136274540455	2.285837713888087	-0.4	0	NaN	NaN	NaN	NaN	9	296.4022230987549	294.396768939487	95292.6850445417	1.1185489382387446	1017.3982275621906	0.025685232143672215	0.045696989245028775	0.015015805346147715	2040.1090122532698	2517.3732565116397	0.013424361539148609	81.04118080130391	477.2642442583699	290.977824828209	-0.7712585716693001	0.28684492899460057	0.2090950152634025	0.8490232759301903	-2.2873749158487033e-15	1.0775463870633853e-14	0.8490232759301903	3.7608547906849537	172.40107273030853	159.59892726969147	14.257320671926609	NaN	0.374834114199297	0.28970723828205286	-221.03113249150115	-0.013120323672555528	0.6463750541685103	0.047173044978911526	0	80.25799636112733	-12.17946058513272	27.549973005728393	68.60332816835424	104.62440406665206	146.73721432321784	219.83908607752693	0.1548947596821052	1.014603799399135	21.75252312841989	1.0160607861358586	28.660862915980086	1.0861883433872483	3.370059090542511	1.0861883433872483	0.6492432510489151	1.0861883433872483	0.011079083167063035	1.1493853426036804	NaN	NaN	800000009	800000019	800000009	800000019	800000019	801011119	899999999	899999999	89999	89999	89	89	8	24	4	18	5	11	45	NaN	0	0	0	0	0	0	0	0	0	NaN	NaN	NaN	NaN	0	348	0	0	0	0	0	0	18000	0	0	0	18000	18000	18000	18000	93	NaN	0.2982691831246073	0.15192090249771145	0.12922439094178695	0.02258779584748633	2.150860141051042	0.030715632392127767	2.931137113276194e-7	NaN	0.01911453214387092	0.08845446040645104	0.017040787683879156	0.000011079083167063034	NaN	428.2586004858435	21.40308832527497	95698.05507855903	11.380000114440918	17.823437764803582	96.5807220187717	96.3824400130378	96.77900352160135	-0.396566245922612	0.00028824256171032563	-1	0	2.2206353045499165	58.71911071694788	1.0001089198771451	-273.1499938964844	9.000966311852137	-273.1499938964844	048
DATA	2026-09-20T040000_AIU-0547.ghg	2026-09-20	04:30:00	263.187	0	18000	18000	0.12335107578662895	1	NaN	11.808766807225277	0	NaN	12.43811856070893	1	NaN	5.109434083283165	0	NaN	0.28171640352813315	1	NaN	-0.007257971673745954	0	NaN	NaN	NaN	NaN	NaN	NaN	NaN	NaN	NaN	NaN	-1.3056910392524016e-10	-6.5027817285140604e-12	-7.219963901236764e-13	NaN	16.548518623968146	428.9560409305574	438.3200731949844	0.1	1	824.1720384596471	21.363457521283795	21.82981790887746	0.1	1	0.09150687528069787	2.232402430463658	2.281135369020015	0.9	0	NaN	NaN	NaN	NaN	9	296.2404859483507	294.25219503507867	95289.55331099308	1.1190786577933551	1017.372785544952	0.025673462247612546	0.01825522294862303	0.014994842044155732	2036.2603831992164	2495.1407346192727	0.013399274429666251	81.60903931977705	458.8803514200563	290.9478412876887	-0.6111004332964199	0.3339749312540767	0.21607390788686226	0.729157683872788	-3.252009227749108e-16	-7.890078072373779e-15	0.729157683872788	3.2259450652885784	180.65722131955508	151.34277868044492	17.237521988674995	NaN	0.3320023548359906	0.24676693051969348	-261.7095490626249	-0.0110809865760995	0.9494013704394387	0.031240836424880913	0	77.73531624218495	-11.796634144521027	26.68401855470734	66.44697914507599	101.33583574870472	142.12495049823332	212.92907440319055	0.12137000721806367	1.0163225545913162	12.412713056709249	1.0171274962403938	11.444585698938125	1.0868124795345793	4.701302367701232	1.0868124795345793	0.25921344190745443	1.0868124795345793	-0.011292380207568143	1.150636847228082	NaN	NaN	800000009	800000019	800000009	800000019	800001019	800011119	899999999	899999999	89999	89999	89	89	15	26	6	37	14	0	42	NaN	0	0	0	0	0	0	0	0	0	NaN	NaN	NaN	NaN	0	207	0	0	0	0	0	0	18000	0	0	0	18000	18000	18000	18000	93	NaN	0.19599380243819695	0.1877347184162252	0.10980534018496485	0.007411848336927763	3.4038145453435664	0.01026181187397259	2.5144024478922186e-7	NaN	0.010902497267381578	0.12333426188613068	0.006800221731803104	-0.000011292380207568142	NaN	428.9555889549067	21.363435477771738	95697.57242491319	11.373602745797902	17.794088388760883	96.57322220230103	96.37270046975877	96.77374730110168	-0.40104525782416306	0.00028779504078071716	-1	0	2.2133825055168734	60.13665705860551	1.0001143325666586	-273.1499938964844	9.001069484260347	-273.1499938964844	146
DATA	2026-09-20T043000_AIU-0547.ghg	2026-09-20	05:00:00	263.208	0	18000	18000	0.056202599156065555	1	NaN	13.272576506009848	0	NaN	8.02527613109812	0	NaN	2.7520139495862677	0	NaN	0.18175886261236257	0	NaN	0.008037676391303289	1	NaN	NaN	NaN	NaN	NaN	NaN	NaN	NaN	NaN	NaN	8.747861178288104e-11	4.355191189527523e-12	4.835470553062312e-13	NaN	16.617441347168562	430.76913127649675	440.2099525056137	0.3	0	827.3123300962308	21.44617852318228	21.916197200902094	0.1	1	0.0918546221342738	2.2404361511089532	2.289537991612687	0	1	NaN	NaN	NaN	NaN	9	296.18976830037434	294.20022600810165	95287.13320288046	1.1192126164701945	1017.4189564096139	0.025669579898300657	0.011777974297281094	0.015055179911023023	2044.0930289098017	2487.191014065537	0.013451581665067795	82.1848027493694	443.09798515573516	291.00881090855324	-0.35454979796706493	0.5867149132712256	0.2634480946662673	0.734401012578688	-1.1055583908653123e-14	5.2642648140164175e-15	0.734401012578688	3.2160560923459505	210.85557609880942	121.14442390119058	21.021922182610993	NaN	0.22408970334175507	0.2694746204483556	-71.59937464198256	-0.04050314705262208	1.6538467074769332	0.052014079063038156	0	60.00485307302427	-9.105967954036196	20.597724305701778	51.2912459032729	78.22238628564735	109.70800898381513	164.36258887443586	0.055304668240134414	1.0162360781558675	13.606300461567091	1.0170731606218195	7.384493691875404	1.0867740519472202	2.5322779327086113	1.0867740519472202	0.16724622959730898	1.0867740519472202	0.002499410675431626	1.1505695733309051	NaN	NaN	800000009	800000019	800000009	800000019	800000019	810111119	899999999	899999999	89999	89999	89	89	35	8	1	28	47	0	32	NaN	0	0	0	0	0	0	0	0	0	NaN	NaN	NaN	NaN	0	429	0	0	0	0	0	0	18000	0	0	0	18000	18000	18000	18000	93	NaN	0.16935121514844315	0.2740404948638215	0.09555753088444653	0.015528544090365535	2.337537919826087	0.011789154717478793	6.785247961295705e-7	NaN	0.011948891973474466	0.06642750907506119	0.004387255557869053	0.000002499410675431626	NaN	430.76670756432503	21.446154697370947	95692.87964865452	11.369999885559082	17.854842143800525	96.5660677962833	96.36437253789549	96.76775988494026	-0.40339391672611175	0.00028815172170450546	-1	0	2.223708230997793	62.53948334043961	1.0000994396607081	-273.1499938964844	9.000963164435493	-273.1499938964844	118
DATA	2026-09-20T050000_AIU-0547.ghg	2026-09-20	05:30:00	263.229	0	18000	18000	0.038548277212746125	1	NaN	14.033349806008193	0	NaN	19.355819123199165	1	NaN	2.104017345154437	2	NaN	0.4382875450330467	1	NaN	0.004446157671177291	2	NaN	NaN	NaN	NaN	NaN	NaN	NaN	NaN	NaN	NaN	2.6651245148416545e-10	1.3276054847124032e-11	1.4595102467319995e-12	NaN	16.729949178239874	433.2985943880533	442.8573795320508	0.1	0	833.3859136525427	21.584342015702493	22.060503467585445	0.1	1	0.0916187296952519	2.2326788989581545	2.2819329195506257	0	1	NaN	NaN	NaN	NaN	9	295.96439425320096	293.99062683875025	95286.45298348535	1.1199435667862359	1017.4937967048523	0.025651475052398003	0.028401032918141424	0.015162864864210153	2057.2470774253366	2455.352916281214	0.013538954384747403	83.78620701667465	398.10583885587766	291.1107429486983	-0.13410552954808475	0.41869399566003357	0.25734769264650753	0.5094279045827675	6.629707603759303e-15	1.59302606747192e-14	0.5094279045827675	1.8599912743737452	224.24000537124658	107.75999462875342	30.342637742208236	NaN	0.18552584445222342	0.1190542449294115	-38.42886147840834	-0.07546411442944764	0.72501968099032	0.06637874304341773	1	2.821284811625185	1	2	4	7	13	37	0.03773866414449986	1.0214531459075045	14.96892474455902	1.0204180416220927	17.76060991303221	1.0898172539106574	1.9306148233609477	1.0898172539106574	0.40216609111326956	1.0898172539106574	-0.0017649555893071065	1.1550250959817765	NaN	NaN	800000009	800000019	800000009	800000019	800000019	810010019	899999999	899999999	89999	89999	89	89	13	10	1	27	10	1	22	NaN	0	0	0	0	0	0	0	0	0	NaN	NaN	NaN	NaN	0	472	0	0	0	0	0	0	18000	0	0	0	18000	18000	18000	18000	93	NaN	0.07874852772837619	0.1057226212691238	0.053637340861323	0.021102113377527362	5.366436080721208	0.028703903851393132	3.286058960906794e-7	NaN	0.013135986559776944	0.050615922412640534	0.010543795385009543	-0.0000017649555893071066	NaN	433.2980270644306	21.58430307341571	95695.13033376736	11.369999885559082	17.957040256447254	96.53912813864812	96.33031942537096	96.74793961970012	-0.4176172790974391	0.00028812301273865154	-1	0	2.214551039659082	68.27506968149338	1.000105432646142	-273.1499938964844	9.001017273743948	-273.1499938964844	188
DATA	2026-09-20T053000_AIU-0547.ghg	2026-09-20	06:00:00	263.249	0	18000	18000	0.026374653625275326	1	NaN	13.939091884288478	0	NaN	12.187764842516632	0	NaN	3.676065079183504	1	NaN	0.2760229475752383	0	NaN	-0.007851525480252067	1	NaN	NaN	NaN	NaN	NaN	NaN	NaN	NaN	NaN	NaN	-7.036612517176169e-11	-3.5094477040827907e-12	-3.827755040242644e-13	NaN	16.86656939155199	437.1399444033233	446.88286891860315	0.3	0	841.2050980844602	21.801964659903884	22.28788432633057	0.1	1	0.09175025034066271	2.2378859727223834	2.287763716417938	-0.4	0	NaN	NaN	NaN	NaN	9	296.14025666046143	294.16573414256146	95277.61603898826	1.1190802439991394	1017.6213453490692	0.025669134213648474	0.017886287002875444	0.015305206892953047	2077.7964151926935	2481.927017680393	0.013676594663362511	83.71706341045437	404.13060248769943	291.26884335724515	-0.09394927709927035	0.42502982123747896	0.27186148310367586	0.5132109523421776	8.942576530145765e-15	-4.171928715213788e-15	0.5132109523421776	1.6460882593384656	229.53566908627528	102.46433091372471	31.986982868099325	NaN	0.15351922452550365	0.11069487756452794	-21.920430856826382	-0.1322966696659109	1.1436955064691106	0.07973046115322312	1	4.014065310507734	2	3	6	9	17	45	0.02582382702759575	1.021330169114398	14.463641461616648	1.0203381300933616	11.18416316068355	1.089734177462746	3.373359444174334	1.089734177462746	0.2532938337475191	1.089734177462746	-0.012477153089588185	1.1549133404599925	NaN	NaN	800000009	800000019	800000009	800000019	800000019	800000119	899999999	899999999	89999	89999	89	89	9	6	0	15	8	0	20	NaN	0	0	0	0	0	0	0	0	0	NaN	NaN	NaN	NaN	0	110	0	0	0	0	0	0	18000	0	0	0	18000	18000	18000	18000	93	NaN	0.07535607652361466	0.10070960064070265	0.04532407796473856	0.02323232186068553	7.494120481262198	0.0215012713388972	4.774429109578635e-7	NaN	0.01270077465737658	0.08852168056237807	0.006646785262726726	-0.000012477153089588186	NaN	437.13960519197036	21.801931850035537	95687.72007118055	11.369999885559082	18.11549816566044	96.52064277182686	96.31190696779886	96.72937796995375	-0.41747192578514464	0.0002881688020036866	-1	0	2.218357464830357	70.68677021597762	1.000100591722462	-273.1499938964844	9.000918104542626	-273.1499938964844	195
DATA	2026-09-20T060000_AIU-0547.ghg	2026-09-20	06:30:00	263.27	1	18000	18000	0.029508247300558024	1	NaN	9.31935180918379	0	NaN	14.923821191963324	1	NaN	4.696291019774944	1	NaN	0.33800923997055743	1	NaN	0.004561762951377585	2	NaN	NaN	NaN	NaN	NaN	NaN	NaN	NaN	NaN	NaN	-9.600811663163682e-11	-4.785635781166659e-12	-5.184913220393186e-13	NaN	16.979012155065227	440.1995197996092	450.07518424078586	0.1	0	846.3385279174231	21.94225495421507	22.434518887417948	0.1	1	0.09169506462644733	2.2373280123361163	2.28752138988622	0	1	NaN	NaN	NaN	NaN	9	296.1836710077922	294.23099076922443	95281.73086803121	1.118820518711304	1017.7027272299813	0.025673719767365075	0.02190299875009212	0.015400940908932117	2091.2568382637733	2491.89443118287	0.013765336487278094	83.9223689452639	400.63759291909673	291.3716619969739	-0.13726936128021153	0.32604888367296947	0.239861547245658	0.42741585597371046	1.3041197959620562e-14	-5.654517221309333e-15	0.42741585597371046	1.8713052530305743	219.16849217025887	112.8315078297411	34.138141150896466	NaN	0.1624020458635778	0.08418006957719264	-38.81583522970279	-0.07471177633660325	0.6244615028088372	0.05039794752031203	1	2.5957045599811623	1	2	4	6	12	34	0.02879939419421059	1.0246134728240197	10.0423719401997	1.0224804007301314	13.665831325466275	1.092053665564625	4.30042146083253	1.092053665564625	0.3095170600391661	1.092053665564625	0.00014760042944324047	1.1579491060257416	NaN	NaN	800000009	800000019	800000009	800000019	800000019	810101019	899999999	899999999	89999	89999	89	89	10	0	0	19	9	0	26	NaN	0	0	0	0	0	0	0	0	0	NaN	NaN	NaN	NaN	0	175	0	0	0	0	0	0	18000	0	0	0	18000	18000	18000	18000	93	NaN	0.056549614007721585	0.06729980478502999	0.0445107203616337	0.02486001751682674	8.905412227450945	0.019315728123979466	4.0665183620833823e-7	NaN	0.008819722917448541	0.11288544101290285	0.008124778034377653	1.4760042944324048e-7	NaN	440.1991210111785	21.94222374763534	95688.63104014756	11.369999885559082	18.217916358311975	96.53095133929783	96.32309905030992	96.73879894510905	-0.4157013832595612	0.0002885556573940751	-1	0	2.219391862790563	71.106916272468	1.0000891002217929	-273.1499938964844	9.000784873432583	-273.1499938964844	178
DATA	2026-09-20T063000_AIU-0547.ghg	2026-09-20	07:00:00	263.291	1	18000	18000	0.05649027821293582	1	NaN	-0.03570599316680082	2	NaN	2.6109745708701824	1	NaN	7.968009548482457	1	NaN	0.05910217936549013	1	NaN	0.040702586999912374	1	NaN	NaN	NaN	NaN	NaN	NaN	NaN	NaN	NaN	NaN	1.230668606380529e-10	6.095780545321746e-12	6.593374342933682e-13	NaN	17.095740313574964	442.3093259541791	452.2167544489707	0.1	1	846.7907661824283	21.908583433322544	22.399320822410072	0.1	1	0.09159136340407226	2.2287416975435206	2.278663997857081	0.7	0	NaN	NaN	NaN	NaN	9	295.62417665863035	293.6412210838572	95296.88194977393	1.1212602968018157	1017.6725542896893	0.025618184584233192	0.0038298212228837602	0.015410642348004985	2088.379724662333	2403.070175785637	0.013744036413276156	86.9046499642724	314.6904511233038	291.3497337857107	-0.035412718703186845	0.10356224143460876	0.2531110758849947	0.27576151876679733	-2.9260839798475706e-14	7.198685659744785e-15	0.27576151876679733	1.1629772188727423	223.12206993170764	108.87793006829236	66.61552523931775	NaN	0.22445724841255366	0.11987746145716295	26749.886555450972	0.00010841167471826347	-0.013675350792444054	-0.00013940969479907112	0	81.06420523893877	-12.301805892714363	27.8267184245991	69.29246339131537	105.67537876348764	148.21122127899076	222.04741709650938	0.05458902550452687	1.0348284786335173	0.11466830839683936	1.0292210903851184	2.373660935901875	1.0999778996986944	7.243790580397162	1.0999778996986944	0.05373033347459014	1.0999778996986944	0.036532779783874626	1.167846539019153	NaN	NaN	800000009	800000009	800000009	800000019	800000019	800000019	899999999	899999999	89999	89999	89	89	0	0	0	10	7	0	4	NaN	0	0	0	0	0	0	0	0	0	NaN	NaN	NaN	NaN	0	2	0	0	0	0	0	0	18000	0	0	0	18000	18000	18000	18000	93	NaN	0.019280970974824722	0.1752798767142939	0.04519407522520726	0.049242181270234664	6.5095076849601705	0.017242012380983492	5.172027549455094e-7	NaN	0.00010049140061946176	0.1897306080325943	0.0014073141301897095	0.000036532779783874626	NaN	442.3091497382583	21.908554506855566	95700.24766514757	11.369999885559082	18.195422889285613	96.47721548419527	96.25061593373616	96.70381407843696	-0.4531970173815916	0.0002878138008010055	-1	0	2.2086266671551598	72.68056146006586	1.0000972677833504	-273.1499938964844	9.000881428162257	-273.1499938964844	215
DATA	2026-09-20T070000_AIU-0547.ghg	2026-09-20	07:30:00	263.312	1	18000	18000	0.08719627244929994	1	NaN	-1.981691526145061	2	NaN	12.389490783888176	1	NaN	7.422300079119471	0	NaN	0.28034922198334633	1	NaN	-0.005346110643687248	0	NaN	NaN	NaN	NaN	NaN	NaN	NaN	NaN	NaN	NaN	-2.171317929233874e-10	-1.0642072011088266e-11	-1.1589897848000992e-12	NaN	17.22332195024264	444.91748145976777	454.83577276374285	0.1	1	844.1501357164766	21.806313174770843	22.29242885991648	0.1	1	0.09193335500019473	2.2331921613150643	2.2829754387017034	-0.8	0	NaN	NaN	NaN	NaN	9	295.3003440712822	293.27207740359836	95304.46860373263	1.122804793381274	1017.6073807307268	0.025583942571167344	0.01816662958452084	0.015359234373241683	2078.796554963852	2348.894458115018	0.01367934521101221	88.50106260764399	270.09790315116607	291.2765030757476	0.2034784949324839	-0.05829138374410614	0.2733822738289192	0.3457444879714704	3.2010394942055755e-14	-1.2606847479868916e-14	0.3457444879714704	1.5290024236806155	347.98565329803307	344.0143467019669	52.25154617393217	NaN	0.2786742434907267	0.18490456085322413	922.423597031379	0.00314389181861026	-0.1599493926515638	-0.006223786914708439	0	78.66883164538949	-11.938298708482792	27.004464184112226	67.24493407118815	102.55276735895634	143.8317143847586	215.486117718306	0.0857979794132044	1.0162975054384595	-1.2507211211920977	1.0161993291373872	11.33138545086276	1.0933782843778252	6.788409999694706	1.0933782843778252	0.2564064294937739	1.0933782843778252	-0.0049918597373506	1.1703107730113331	NaN	NaN	800000009	800000009	800000009	800000009	800000019	801000119	899999999	899999999	89999	89999	89	89	2	3	0	12	3	0	2	NaN	0	0	0	0	0	0	0	0	0	NaN	NaN	NaN	NaN	0	0	0	0	0	0	0	0	18000	0	0	0	18000	18000	18000	18000	93	NaN	0.07478158703352293	0.21993894129928737	0.07508859337363792	0.05915490052632727	7.8427250611592845	0.031000977095122974	1.2042829420543564e-7	NaN	-0.0010946517549150054	0.17754697505068673	0.0067061632904043935	-0.0000049918597373506	NaN	444.9173159325637	21.80627124736993	95708.08390190972	11.369999885559082	18.122039934370246	96.3899397269355	96.13948990419176	96.64038934199016	-0.5008990595738086	0.0002872923455223725	-1	0	2.2131142078373167	72.95812467341952	1.0001135041349465	-273.1499938964844	9.001034006913503	-273.1499938964844	210
DATA	2026-09-20T073000_AIU-0547.ghg	2026-09-20	08:00:00	263.333	1	18000	18000	0.017454218187589167	0	NaN	9.605075169130972	1	NaN	7.193155088810426	1	NaN	0.11965619814628374	2	NaN	0.162743968078806	1	NaN	0.008650384312457746	1	NaN	NaN	NaN	NaN	NaN	NaN	NaN	NaN	NaN	NaN	-1.8531839736424708e-10	-8.990167048152735e-12	-9.878300922719685e-13	NaN	17.290264253872394	446.30179197563234	456.1785105503801	0.2	0	838.7853886060302	21.6509948327717	22.13013425517913	0.1	1	0.09216485560113442	2.237170564699278	2.286679449647808	0.9	0	NaN	NaN	NaN	NaN	9	295.1330123299493	293.1281022457547	95321.2030453559	1.1236200639626326	1017.5160273381592	0.025566893452987526	0.010545809131506628	0.015260005455443615	2064.3524667895845	2328.0560970857664	0.013581108014061866	88.67279741986101	263.7036302961819	291.16556572616696	0.6037338933266657	0.04685810503599551	0.24554529487739604	0.6534391997694747	-4.8022267909059233e-14	-1.0718077794718636e-14	0.6534391997694747	1.7382084668388804	327.5619518030904	4.438048196909592	22.072143039051532	NaN	0.12463512612148923	0.15225881516868928	-17.0269844642228	-0.17031788606452875	1.335307671048619	0.0674061567822749	1	8.60545998826758	4	7	12	19	33	85	0.0171503087647351	1.0177203470224963	9.916817833838902	1.0180125982999695	6.614349542055193	1.0875075535508194	0.11002792371932908	1.0875075535508194	0.14964858639135967	1.0875075535508194	0.004311453864304113	1.151762266616293	NaN	NaN	800000009	800000009	800000009	800000009	800000019	800010119	899999999	899999999	89999	89999	89	89	0	2	0	42	18	0	11	NaN	0	0	0	0	0	0	0	0	0	NaN	NaN	NaN	NaN	0	0	0	0	0	0	0	0	18000	0	0	0	18000	18000	18000	18000	93	NaN	0.07753828894215531	0.20211505429310897	0.02486428710211428	0.027961328293184977	1.452859197862911	0.012083297425263002	4.0059214738822296e-7	NaN	0.008673843684691722	0.0028753429366349483	0.003910743666811644	0.000004311453864304113	NaN	446.3015664146535	21.650970733445902	95725.40541523437	11.369999885559082	18.011428153143992	96.36621146138509	96.1079974509345	96.62442104381985	-0.5164224398417601	0.00028727291571946503	-1	0	2.2172093020213977	72.4383776281357	1.0001221174200376	-273.1499938964844	9.001057279374864	-273.1499938964844	239
DATA	2026-09-20T080000_AIU-0547.ghg	2026-09-20	08:30:00	263.354	1	18000	18000	0.040085414975227496	1	NaN	23.170196184306732	1	NaN	18.40408725947351	1	NaN	2.4316811887014134	2	NaN	0.4165695451325266	1	NaN	0.0004275002606248423	1	NaN	NaN	NaN	NaN	NaN	NaN	NaN	NaN	NaN	NaN	3.29865118727786e-11	1.6277132310863224e-12	1.7593606514465364e-13	NaN	17.15447893927234	442.9819435783461	452.88141538784373	0.1	1	846.4845403944557	21.858860781513474	22.34734835810937	0.1	1	0.09149471565294608	2.2255844110764675	2.275320321211171	0	1	NaN	NaN	NaN	NaN	9	295.43486635759143	293.57542998843724	95346.26901453992	1.1221140647964172	1017.643085242654	0.02559917813408784	0.02699370652458772	0.015387082974641624	2084.7198745029837	2393.3353510887287	0.013712583646684146	87.10521379942197	308.615476585745	291.3218015459653	0.29806053938238886	-0.20922753389302487	0.2522140730658078	0.442976505842394	3.6467822565691735e-14	1.922909578865811e-15	0.442976505842394	1.6163173636263481	7.067443087356253	324.93255691264375	34.7057612242741	NaN	0.18900560740358888	0.15462856227397173	-24.62140490060573	-0.11778369316076902	1.2589701329730365	0.10735506275461444	1	2.027742040792903	1	2	3	5	9	24	0.0391485602676257	1.0239307576369938	23.892209003652216	1.022033718217274	16.86040700238706	1.0915565239242386	2.2277189823934287	1.0915565239242386	0.38162892713510027	1.0915565239242386	-0.008268580014163663	1.1573089484758066	NaN	NaN	800000009	800000009	800000009	800000009	800000019	800010119	899999999	899999999	89999	89999	89	89	0	8	1	27	2	0	1	NaN	0	0	0	0	0	0	0	0	0	NaN	NaN	NaN	NaN	0	0	0	0	0	0	0	0	18000	0	0	0	18000	18000	18000	18000	93	NaN	0.06715760888140276	0.2042071226586214	0.037892393007919314	0.0438824745088497	6.775651931490018	0.023572626795698166	6.610178892530445e-7	NaN	0.02092299317069861	0.05830254410947954	0.009987766649922125	-0.000008268580014163662	NaN	442.9817392207349	21.858826050036967	95758.53934955513	11.373063844574823	18.16889233228896	96.3666847843594	96.11170667563545	96.62166483544442	-0.5099564315676672	0.0002868674855498183	-1	0	2.205538437777097	73.62311435058382	1.000114504834016	-273.1499938964844	9.00102009373241	-273.1499938964844	207
DATA	2026-09-20T083000_AIU-0547.ghg	2026-09-20	09:00:00	263.374	1	18000	18000	0.017119103785238492	1	NaN	1.6154615144675857	2	NaN	6.930201153389647	1	NaN	9.991320883795908	1	NaN	0.15699481281645616	1	NaN	0.005051575620410982	1	NaN	NaN	NaN	NaN	NaN	NaN	NaN	NaN	NaN	NaN	-4.9203739914880966e-11	-2.493231490512689e-12	-2.6303217810996846e-13	NaN	16.907165405848776	438.0553264591277	447.9995536087803	0.2	0	856.712869348783	22.196957719150962	22.700847470645783	0.1	1	0.09038192117223476	2.2075779516905554	2.2576918420514436	0.2	0	NaN	NaN	NaN	NaN	9	296.3589467620849	294.4474185460409	95345.28096549479	1.118635175034703	1017.8525721365095	0.025675479824509847	0.010173263870506358	0.015578644982931404	2116.9428655474208	2525.203000998821	0.013926475164209022	83.83258156710899	408.2601354514004	291.56626670150627	0.5363424382013631	-0.12049899075099942	0.22834465337266807	0.5952516262150752	-5.524665113676304e-16	-2.910229996203839e-15	0.5952516262150752	1.6228550151874506	344.6622774001552	347.3377225998448	22.557492889014014	NaN	0.12370757017909345	0.08213962901436592	-99.02409429565277	-0.029285801810431826	0.23310456344798064	0.011469037944680287	1	7.817959563703379	3	7	12	20	38	115	0.01679951894501115	1.0190234518782009	1.9997097812658289	1.0188469842029708	6.368178176259	1.0882549076949366	9.181048312438863	1.0882549076949366	0.14426290357742683	1.0882549076949366	0.0036344395868361553	1.1528676532545836	NaN	NaN	800000009	800000009	800000009	800000009	800000019	800010019	899999999	899999999	89999	89999	89	89	3	1	3	38	0	2	3	NaN	0	0	0	0	0	0	0	0	0	NaN	NaN	NaN	NaN	0	0	0	0	0	0	0	0	18000	0	0	0	18000	18000	18000	18000	93	NaN	0.06407963148298829	0.0811649581744436	0.01903466837129997	0.09713824725971934	23.300103359791176	0.020831483507574203	3.2674839662527627e-7	NaN	0.0017562794552077063	0.2410805100188824	0.0037881267136053434	0.0000036344395868361555	NaN	438.0548620579018	22.196924468319764	95761.19411892361	11.380000114440918	18.413865187750925	96.48635825220745	96.2685402715471	96.70417436006333	-0.43563240286956206	0.00028796419334604353	-1	0	2.187415899064808	73.61084205691016	1.0000897393756443	-273.1499938964844	9.000867468039194	-273.1499938964844	012
DATA	2026-09-20T090000_AIU-0547.ghg	2026-09-20	09:30:00	263.395	1	18000	18000	0.053525410377821485	1	NaN	3.047652769050326	2	NaN	23.8299925170549	1	NaN	15.227470493410959	1	NaN	0.5402614422300104	1	NaN	-0.009675672387806743	1	NaN	NaN	NaN	NaN	NaN	NaN	NaN	NaN	NaN	NaN	1.8743846242683482e-10	9.620504909010361e-12	1.0111273716261622e-12	NaN	16.65321399176573	432.8053661870653	442.63824587765475	0.1	0	854.746271839057	22.21425686136323	22.71894125808863	0.1	1	0.08983492648524526	2.2023021257356317	2.252336098362783	0.5	0	NaN	NaN	NaN	NaN	9	297.2006957609389	295.2577328118218	95367.64906597222	1.1158195107439792	1017.8781393973145	0.025740099652654277	0.03500894145650467	0.015551645910554374	2119.089723569125	2653.394100006669	0.013937420667779168	79.86336155506636	534.3043764375439	291.58243798308314	1.8148675934242577	0.4752144449632517	0.36032996141153983	1.910343118775805	7.65080116109185e-14	1.1255392653905412e-14	1.910343118775805	5.110014138175808	317.3267982192268	14.673201780773175	10.872291759322165	NaN	0.2190196231335346	0.7115771518960295	-291.3486729196379	-0.009953709316533941	0.12789146983026325	0.01225159745560429	0	54.60135372658532	-8.285966081380186	18.74287783705798	46.67241593331884	71.17837915080764	99.82868882079877	149.56156702240008	0.053050339169749994	1.0089551021823133	4.4155671416704205	1.0133022954171904	21.839221546431126	1.0911557660785347	13.955359048448614	1.0911557660785347	0.49512769764452286	1.0911557660785347	-0.011374918566389627	1.1496903821499607	NaN	NaN	800000009	800000009	800000009	800000009	800000009	800001019	899999999	899999999	89999	89999	89	89	1	0	0	42	19	5	1	NaN	0	0	0	0	0	0	0	0	0	NaN	NaN	NaN	NaN	0	0	0	0	0	0	0	0	18000	0	0	0	18000	18000	18000	18000	93	NaN	0.8050183549426579	0.5025660889421455	0.1155698599072557	0.06425554754247817	57.52938548210649	0.10625530586637542	1.7844312901981392e-7	NaN	0.003887735896722798	0.3673754953077568	0.013034260353406458	-0.000011374918566389627	NaN	432.80300434934287	22.214144812801713	95779.8103656684	11.373602745797902	18.428217583550342	96.55123944134183	96.35124125671386	96.75123736127219	-0.39999132876511856	0.0002889279345771582	-1	0	2.182176196047772	74.4890201471752	1.0000912920468383	-303.75424518160617	9.000734688361486	-273.1499938964844	111
DATA	2026-09-20T093000_AIU-0547.ghg	2026-09-20	10:00:00	263.416	1	18000	18000	0.043127203807546775	0	NaN	13.487813778697321	1	NaN	21.831934975315324	0	NaN	0.1270081096490318	2	NaN	0.4955945769480534	0	NaN	-0.016605284568529218	1	NaN	NaN	NaN	NaN	NaN	NaN	NaN	NaN	NaN	NaN	9.520767434605815e-11	4.87612628216693e-12	5.2188317595836e-13	NaN	16.356142859139354	426.1622427845359	435.67128764810167	0.1	1	837.6910644874756	21.826191289535643	22.31320353824369	0.1	1	0.08965659376081285	2.210815134993482	2.2601455030860214	0.1	0	NaN	NaN	NaN	NaN	9	297.85569853040914	296.574958065457	95359.85081901042	1.1109371838964768	1017.6837660014153	0.02585704759580702	0.03211452858623386	0.015210861654603315	2081.9006433686154	2873.929562247043	0.013691918746704536	72.44090706735474	792.0289188784277	291.3002556292561	0.9874905327946213	-0.1232280278404432	0.22827066097073428	1.02099470804921	-1.2064821010550599e-14	5.820912373167416e-15	1.02099470804921	4.843061503998485	339.11311672022634	352.88688327977366	12.919199039406323	NaN	0.19702933838265058	0.628354469989853	-47.92217803854609	-0.06051477872452691	0.617802031471217	0.060549186450112716	1	8.902310463385993	4	7	13	22	39	111	0.04258073625767401	1.0128336801544684	14.662067892781028	1.0150062648908096	20.10310612252092	1.0859980961279236	0.1169505822357087	1.0859980961279236	0.4563493975864904	1.0859980961279236	-0.02091873625890132	1.1483639797151963	NaN	NaN	800000009	800000009	800000009	800000009	800001009	801011009	899999999	899999999	89999	89999	89	89	16	5	0	22	58	0	11	NaN	0	0	0	0	0	0	0	0	0	NaN	NaN	NaN	NaN	0	0	0	0	0	0	0	0	16512	0	0	0	18000	18000	18000	18000	93	NaN	0.3946636245152385	0.7405979763066985	0.12144733915776906	0.11755771585880502	7.8360361702480015	0.06927547389484447	4.940506761533377e-7	NaN	0.012968593462169657	0.003091490330118657	0.01206321270766062	-0.00002091873625890132	NaN	426.16064830023856	21.826113447122278	95787.62820182291	11.369999885559082	18.149089761310165	96.60441740311516	96.41820075480143	96.79063350804647	-0.37243070856067606	0.0002894511617826842	-1	0	2.190999457510974	71.55312134043373	1.0000810880992148	-385.67512362161614	9.000598188651933	-307.5091203392823	067
DATA	2026-09-20T100000_AIU-0547.ghg	2026-09-20	10:30:00	263.437	1	18000	18000	0.2256912072709121	1	NaN	-41.54767716959991	2	NaN	-34.31972942078288	2	NaN	-1.5002348656346185	2	NaN	-0.7806605837879996	2	NaN	-0.012758630964443046	2	NaN	NaN	NaN	NaN	NaN	NaN	NaN	NaN	NaN	NaN	-1.3275117896660403e-9	-6.76143767353372e-11	-7.222473623211984e-12	NaN	16.069200230091297	421.322211931473	430.561754442121	0.1	1	818.4552232611744	21.459273647329894	21.929872788550536	0.1	1	0.0874262478958045	2.176206982661527	2.2239309249528496	0	1	NaN	NaN	NaN	NaN	9	299.0416096801758	298.67258425920375	95341.36471368714	1.1030753368781372	1017.5219587982436	0.026044979248912917	-0.05058680582946237	0.014847242305505767	2046.5052414564352	3258.2002190775006	0.013459862449219118	62.810911050637195	1211.6949776210654	291.02754638752486	0.03563690245737968	-0.1567131263994025	0.2460999440274251	0.29392886087101283	4.0026440860922804e-14	-8.26121879532083e-14	0.29392886087101283	2.782932294375712	49.188682766932686	282.8113172330673	56.85370946894644	NaN	0.4523293126475894	0.5441827083136003	188.20642254112812	0.01540861337697587	1.2106061985570324	-0.08183574699152407	0	68.51542500336565	-10.397480078462147	23.519128247674313	58.565954785992794	89.3167763383451	125.26804878018022	187.67436389987736	0.22175170306920927	1.01776538419853	-43.109073331123035	1.0176161727580602	-31.201755490252527	1.0999294392748	-1.3639373691313743	1.0999294392748	-0.7097369666755177	1.0999294392748	0.003541842525701182	1.1820879716068464	NaN	NaN	800000009	800000009	800000009	800000019	800000019	800011019	899999999	899999999	89999	89999	89	89	13	1	0	34	19	0	3	NaN	0	0	0	0	0	0	0	0	0	NaN	NaN	NaN	NaN	0	0	0	0	0	0	100	0	10488	0	0	15	18000	18000	18000	18000	93	NaN	0.1838641495565809	0.6250374201753589	0.27946384689526077	0.14450188356461074	0.29972589101176716	0.08165343417240963	1.2061676057268086e-7	NaN	-0.03840782573892765	-0.03630296469745561	-0.018890571245298	0.000003541842525701182	NaN	421.3219833530858	21.459182798282967	95773.38235416668	11.360270218425327	17.876825478765713	96.53685168054369	96.3636860145993	96.7100176255968	-0.3463335432807605	0.00029140198669564495	-1	0	2.157213613033294	71.07719426958995	1.0000703367607462	-273.1499938964844	9.000749962382846	-273.1499938964844	215
DATA	2026-09-20T103000_AIU-0547.ghg	2026-09-20	11:00:00	263.458	1	18000	18000	0.25707720930128614	1	NaN	37.04292281181913	1	NaN	68.76287266351889	1	NaN	1.7124010062827648	1	NaN	1.5646374305192934	1	NaN	0.06254798241254088	1	NaN	NaN	NaN	NaN	NaN	NaN	NaN	NaN	NaN	NaN	-5.1474784148187675e-11	-2.6136884799529142e-12	-2.779230570295748e-13	NaN	15.98410536251045	420.6486538331129	429.8293336971818	0.1	1	811.610436832071	21.35889559956548	21.825054663579685	0.1	1	0.08630150664532958	2.151393990504375	2.19834828195003	0	1	NaN	NaN	NaN	NaN	9	299.62501159498424	299.00746290950156	95342.20412060864	1.101891793000133	1017.4729271967317	0.026073951924636143	0.1013885054976502	0.0147613720548096	2036.9504279098014	3323.5211784020257	0.013396389871113067	61.28892576785633	1286.5707504922243	290.95322087945624	0.24703305739816991	-0.3463651215612954	0.2211077284439673	0.4794609019088117	-9.170618499618509e-14	-3.2203731757748556e-15	0.4794609019088117	4.6509797263511725	26.502936513213285	305.4970634867867	27.46192344832702	NaN	0.4830168865332212	1.1196193171666282	-257.03786598724656	-0.011282384363336914	0.5387052834904569	0.06840394067678407	0	93.64243841609746	-14.210601304482367	32.144418843274394	80.04414792811805	122.07237607264318	171.20824314855366	256.50114646316854	0.25142228252767745	1.0224917486101741	40.574664606948964	1.0210939254376663	63.05439872646205	1.0905325251267708	1.5702429472093955	1.0905325251267708	1.434746231284949	1.0905325251267708	0.04080060640652578	1.1559740700231742	NaN	NaN	800000009	800000009	800000009	800000019	800010019	800010019	899999999	899999999	89999	89999	89	89	1	11	0	4	4	0	5	NaN	0	0	0	0	0	0	0	0	0	NaN	NaN	NaN	NaN	0	3	0	0	0	0	0	0	4812	0	0	0	18000	18000	18000	18000	93	NaN	0.570416855299544	1.5228967121383499	0.14592506689536253	0.07858799858705293	0.3784580483276689	0.06412432654417954	5.895265356966194e-8	NaN	0.03619037871388978	0.041836255010949605	0.03822619252308071	0.00004080060640652578	NaN	420.64810232292496	21.35881232033769	95751.6619470486	11.359999656677246	17.799011149565402	96.49560470941331	96.3239968477885	96.6672202597724	-0.343224742069841	0.00029290627287345056	-1	0	2.132695294075542	72.55209387048127	1.0000574369049735	-273.1499938964844	9.000637422270245	-273.1499938964844	006
DATA	2026-09-20T110000_AIU-0547.ghg	2026-09-20	11:30:00	263.479	1	18000	18000	0.39806588919448227	1	NaN	128.9420891189101	1	NaN	57.10521868659457	1	NaN	-3.878405220269104	1	NaN	1.2997561150201067	1	NaN	0.009662351017080257	1	NaN	NaN	NaN	NaN	NaN	NaN	NaN	NaN	NaN	NaN	-7.940504868706057e-10	-3.983694116572665e-11	-4.265245562515259e-12	NaN	15.875084842781572	418.16237777287535	427.1229497262179	0.1	1	796.4415756171728	20.978905392665478	21.428450835453848	0.1	1	0.0852730856536345	2.1283377224999858	2.1739447027478187	-0.4	0	NaN	NaN	NaN	NaN	9	300.3214508090548	299.30684187026384	95335.04878368843	1.1008664659531966	1017.2648191645047	0.026102017202042263	0.08422419625330291	0.014483167286531927	2000.5614545640872	3382.8811143213443	0.013156152661977515	59.137799613907774	1382.319659757257	290.6673264630955	0.3082170827392298	-0.2833114179690637	0.190155319924867	0.45980667169975464	3.657722862179425e-14	-5.0018660985718247e-14	0.45980667169975464	4.1862537186807005	14.589047451699912	317.4109525483001	24.428347005346584	NaN	0.6013262470646673	0.9165280227655046	-142.46296740132547	-0.02035616731069873	2.257973825939996	0.19147667347039218	0	93.9685449063683	-14.260089222507858	32.25636064859344	80.32289885119387	122.49748881846024	171.80446981909935	257.3944026623703	0.38902462545441796	1.023240851988491	130.43786806563995	1.0215826585090617	52.33915607257665	1.0910611284486322	-3.5547093734186697	1.0910611284486322	1.1912770798353118	1.0910611284486322	-0.034132917045245084	1.1566662345826582	NaN	NaN	800000009	800000009	800000009	800000019	800000019	800000019	899999999	899999999	89999	89999	89	89	12	9	0	10	3	4	0	NaN	0	0	0	0	0	0	0	0	0	NaN	NaN	NaN	NaN	0	199	0	0	0	0	0	0	11500	0	0	0	18000	18000	18000	18000	93	NaN	1.0309995114187709	0.5778485239764454	0.2242080101357931	0.19235826508114778	0.9644559142607098	0.10385741191281941	1.2426599317475924e-7	NaN	0.11647561815666094	-0.09477387060594288	0.03176122938893206	-0.000034132917045245084	NaN	418.1623299543594	20.97879231612586	95749.99624739584	11.359999656677246	17.513468945874095	96.47860783428617	96.30712450959948	96.65008672671848	-0.3429638186345499	0.0002930023799207347	-1	0	2.090173545075581	71.0343624203255	1.0000478390521472	-273.1499938964844	9.000583952082527	-273.1499938964844	221
DATA	2026-09-20T113000_AIU-0547.ghg	2026-09-20	12:00:00	263.499	1	18000	18000	0.2646553391683802	1	NaN	17.381820605753028	1	NaN	37.47639108395016	1	NaN	2.397492679160504	1	NaN	0.8534369792787047	1	NaN	0.04308075284293668	1	NaN	NaN	NaN	NaN	NaN	NaN	NaN	NaN	NaN	NaN	3.956432602165479e-10	1.9860923834376508e-11	2.1260126013609165e-12	NaN	15.721900057927911	415.53587685002555	424.38841319149327	0	0	789.2247662990161	20.859514695263933	21.303903789425952	0.1	1	0.08448256548638573	2.1137107623335782	2.158741053053007	-0.2	0	NaN	NaN	NaN	NaN	9	301.0542818595039	299.8458942565918	95321.2201297743	1.0987779687413937	1017.2104456456763	0.026152820551975105	0.055302716257260055	0.014372769487789969	1988.8877470847258	3492.095231157688	0.013080685904408333	56.953995106982696	1503.2074840729622	290.57464365009946	0.6383144422283372	-0.15655645142659094	0.24715259844030313	0.7021678264890554	-2.0231550681673285e-14	2.516510464757987e-14	0.7021678264890554	4.023900761298689	345.78064540774835	346.2193545922516	20.608779623554216	NaN	0.4907783073922435	0.8624372527851356	-574.4848565402702	-0.005048000773187858	0.46380721576995865	0.03168758565870494	0	93.16997833642696	-14.138903664629717	31.98223858670982	79.64029615805592	121.45647664178287	170.3444354395021	255.20700510863574	0.26028573482459866	1.0167877211815934	19.42336448114433	1.0174206773405152	34.47598158167147	1.0870289797310315	2.205546240132187	1.0870289797310315	0.7851096844629427	1.0870289797310315	0.03149192293974715	1.1510025677192044	NaN	NaN	800000009	800000009	800000009	800000009	800001009	800011119	899999999	899999999	89999	89999	89	89	5	3	0	19	23	7	3	NaN	0	0	0	0	0	0	0	0	0	NaN	NaN	NaN	NaN	0	0	0	0	0	0	0	0	6000	0	0	0	18000	18000	18000	18000	93	NaN	0.8659130859615943	0.7063918965850546	0.15256952302362245	0.07975353950502735	0.9175786925760191	0.08390442457069483	3.332995842281573e-7	NaN	0.017378156566360964	0.0589104275914155	0.020970382019785377	0.000031491922939747143	NaN	415.535228932498	20.859421877604312	95725.7130889757	11.359999656677246	17.419323776298103	96.47441342841255	96.30201861106025	96.64680834621853	-0.3447894720501372	0.00029418694623260913	-1	0	2.0957741271345682	72.18035027193135	1.0000431160463228	-273.1499938964844	9.00049216887686	-273.1499938964844	056
DATA	2026-09-20T120000_AIU-0547.ghg	2026-09-20	12:30:00	263.52	1	18000	18000	0.13556311851602768	1	NaN	10.743072315475837	1	NaN	35.34162082543412	1	NaN	1.1013990338359598	0	NaN	0.8052437376197865	1	NaN	0.0033611710110967707	2	NaN	NaN	NaN	NaN	NaN	NaN	NaN	NaN	NaN	NaN	-1.3605941382498947e-10	-6.757438330081874e-12	-7.347431680544457e-13	NaN	15.615112621257724	413.3583680466245	422.02231215180194	0.1	0	775.5300246343712	20.52958778648896	20.959885597865096	0.8	0	0.08432417128907727	2.1146602562132575	2.1589832932618394	0	1	NaN	NaN	NaN	NaN	9	301.5346841456095	300.3836568620471	95306.6544437934	1.0967811786030626	1017.0374469914652	0.02620372877136173	0.05217979419776216	0.014117959374369557	1957.1311679758096	3604.096236877724	0.012872175097270707	54.30296638447419	1646.9650689019145	290.3200765904051	0.8790469229828844	0.23540466675680266	0.23623876196511145	0.940184876814877	3.7640720591094304e-14	-8.71331620367337e-15	0.940184876814877	5.250116795047728	317.0082250857755	14.991774914224456	14.552583027635485	NaN	0.3515691677352902	0.7213377749763754	-341.6291891011875	-0.008488736011199108	0.303977917949491	0.027394336450254794	0	81.01406301003607	-12.29419661602842	27.80950622001701	69.24960256821399	105.6100133039026	148.11954529251292	221.9100697632136	0.13374617410337192	1.0135850197199021	12.753133766211205	1.0154462722323279	32.54284065255764	1.0860029461704819	1.0141768378435514	1.0860029461704819	0.7414747266195524	1.0860029461704819	-0.0024342930834323363	1.1487517407880554	NaN	NaN	800000009	800000009	800000009	800000009	800010019	800010119	899999999	899999999	89999	89999	89	89	2	0	2	27	1	11	3	NaN	0	0	0	0	0	0	0	0	0	NaN	NaN	NaN	NaN	0	0	0	0	0	0	0	0	10700	0	0	0	18000	18000	18000	18000	93	NaN	0.889479025917469	0.4421493308035973	0.11104719323168444	0.10131082947244867	2.0841529439009054	0.15880460062225232	2.252362091345362e-7	NaN	0.011432994171114813	0.027132380792183972	0.019836752210984368	-0.0000024342930834323363	NaN	413.3578288198426	20.529405277164404	95723.40010416668	11.359999656677246	17.16554612588885	96.46257679642571	96.28941054301791	96.63573716396755	-0.3463257069339354	0.0002943941390985856	-1	0	2.097019760789696	74.81312990118124	1.000039808543192	-273.1499938964844	9.00049092968305	-273.1499938964844	216
DATA	2026-09-20T123000_AIU-0547.ghg	2026-09-20	13:00:00	263.541	1	18000	18000	0.5161684569337545	1	NaN	49.626858555186494	1	NaN	65.71050349472807	1	NaN	1.777014405655744	1	NaN	1.4984354046566815	1	NaN	0.03928685417694216	1	NaN	NaN	NaN	NaN	NaN	NaN	NaN	NaN	NaN	NaN	4.617630652932219e-10	2.2060677160573292e-11	2.5117148985714373e-12	NaN	15.437424302620657	410.082241175062	418.27696953243674	0	0	737.5211647008737	19.591631751887093	19.983133953553747	0.1	1	0.08397035521201579	2.113307132906062	2.1555376324279245	0	1	NaN	NaN	NaN	NaN	9	302.21346492428245	301.2407035471598	95257.66274088543	1.0934893073883853	1016.5308130103585	0.02629200777373395	0.09709861422175295	0.01342770066311386	1866.753652589624	3789.064416101343	0.012279681723805473	49.26687560805235	1922.310763511719	289.57522159324213	-0.0264801965062054	0.2842895992782223	0.19903269506947857	0.3480456733984802	4.459134108049635e-14	2.991192418121416e-14	0.3480456733984802	4.292354046158535	236.67853047429963	95.32146952570037	34.87989010208979	NaN	0.6870501840626095	1.4324634300581427	-551.6696550958492	-0.0052567691066787835	0.7552347937673014	0.06498202429728848	0	88.23709180570465	-13.39031910239457	30.288938268692604	75.42373894472001	115.02596084267167	161.325545597875	241.69506466897403	0.50164434859913	1.0289529990224824	52.59241877571048	1.0253334115003423	59.99137709462166	1.0953324740501604	1.6223516126432003	1.0953324740501604	1.3680187889581925	1.0953324740501604	0.016329338669254654	1.162091849062294	NaN	NaN	800000009	800000009	800000009	800000009	800000019	800000119	899999999	899999999	89999	89999	89	89	0	2	0	9	12	9	13	NaN	0	0	0	0	0	0	0	0	0	NaN	NaN	NaN	NaN	0	0	0	0	0	0	0	0	9800	0	0	0	18000	18000	18000	18000	93	NaN	0.635730285759908	1.8866370760767301	0.3425594982796474	0.14631436332318282	0.7992781547539589	0.1225905554306516	1.6426937197673862e-7	NaN	0.04731382473041089	0.0435074926280168	0.03668690986081383	0.000016329338669254654	NaN	410.08188197345066	19.59147046310283	95669.85258528645	11.359999656677246	16.420244872358097	96.44434492980108	96.2704802385966	96.6182083844079	-0.3477276906453898	0.0002955155272470115	-1	0	2.096479808712668	74.89370305222387	1.0000434872259696	-273.1499938964844	9.000435964955225	-273.1499938964844	234
DATA	2026-09-20T130000_AIU-0547.ghg	2026-09-20	13:30:00	263.562	1	18000	18000	0.13896078257256153	1	NaN	43.01549417410108	1	NaN	62.37805601320415	1	NaN	-1.30955842515266	1	NaN	1.4230323993773062	1	NaN	0.018306831778295306	2	NaN	NaN	NaN	NaN	NaN	NaN	NaN	NaN	NaN	NaN	2.451861686295502e-10	1.167287357007663e-11	1.3380508592208057e-12	NaN	15.347347029855396	408.66035855815096	416.7688407666934	0.1	1	730.6596555463366	19.455586443617047	19.841616733149962	0.4	0	0.08375485042586095	2.1119237298203744	2.1538277110371147	0	1	NaN	NaN	NaN	NaN	9	302.56378276231555	301.6655369194879	95221.57858745659	1.0915922883433886	1016.4656202360602	0.026339064224240916	0.09221249947964943	0.013310635136318532	1853.0885916056939	3883.7764275050454	0.012193779012967273	47.71357533564634	2030.6878358993515	289.45985645014696	0.995076586338585	0.4270748987867972	0.2619975905299493	1.114097446050654	2.0570854883872128e-13	1.5975801430213723e-14	1.114097446050654	5.275796631257288	308.7715724908979	23.228427509102122	13.601394904490881	NaN	0.35679264747027717	0.9451815896664987	-89.11082021084914	-0.03254374713573704	0.6895933750323284	0.10865653896904405	0	83.25545882937433	-12.634337078973418	28.57890487333089	71.16551400284978	108.53189912846992	152.21753170679506	228.04960016270383	0.13729874512834994	1.0121052631810865	46.38827025396121	1.0145950079912562	57.430823809618275	1.0861424558349682	-1.2056967464235082	1.0861424558349682	1.310171047759435	1.0861424558349682	-0.00032987691273947357	1.1480787024799064	NaN	NaN	800000009	800000009	800000009	800000009	800000019	800011119	899999999	899999999	89999	89999	89	89	2	3	0	6	9	4	8	NaN	0	0	0	0	0	0	0	0	0	NaN	NaN	NaN	NaN	0	0	0	0	0	0	0	0	6588	0	0	0	18000	18000	18000	18000	93	NaN	0.9716409760276351	0.8118937221895426	0.10682848111581962	0.13897734045452792	0.18891733069968775	0.12083097253197586	2.895078097496342e-7	NaN	0.041807579629091415	-0.03238720512895283	0.0351935746726276	-3.298769127394736e-7	NaN	408.6601263165269	19.455391637164503	95628.79585373265	11.356935989856717	16.304128784285655	96.40075297885471	96.22294470638698	96.5785608721839	-0.355611949183046	0.0002959783621012725	-1	0	2.095235016168489	75.35160346258333	1.0000243510752915	-273.1499938964844	9.000327506224314	-273.1499938964844	013
DATA	2026-09-20T133000_AIU-0547.ghg	2026-09-20	14:00:00	263.583	1	18000	18000	0.2196767517213522	1	NaN	40.17391331431181	0	NaN	43.638984895691905	0	NaN	0.24882721979598263	1	NaN	0.996464145950226	0	NaN	-0.015674114899982515	0	NaN	NaN	NaN	NaN	NaN	NaN	NaN	NaN	NaN	NaN	2.85164853844319e-10	1.3562928510684064e-11	1.5598681916832772e-12	NaN	15.2649733401048	407.40017289833156	415.4502059196432	0.1	1	726.0282581750707	19.376649491584875	19.759522839772103	0.3	0	0.08350028427108383	2.1146542344505534	2.1564387930944	0.1	0	NaN	NaN	NaN	NaN	9	303.1508861100939	302.62009045579697	95196.85402777776	1.0878992530996943	1016.4474924054026	0.026429270775222783	0.06457087665757465	0.013211383423725834	1845.0908665678003	4104.13068777379	0.0121439401544613	44.95692284030643	2259.0398212059895	289.39198994322123	0.266681324030156	-0.1615737787614087	0.19301194751715756	0.36671327553570027	-4.7619809029479334e-14	1.8680992589428343e-14	0.36671327553570027	4.206482736105913	3.21034655873018	328.7896534412698	31.757775340215826	NaN	0.44936341338328545	0.9058334008008421	-190.5818106475593	-0.015216562326417056	0.9205968793806162	0.080848655294277	0	81.85981762016465	-12.422543141057604	28.099826409094124	69.97254088837187	106.7125398568105	149.66585445942601	224.22672266967191	0.21373931278497296	1.0277788810070352	42.049695977109195	1.0245596304345626	39.87376691279259	1.0944284494398075	0.22735814289490278	1.0944284494398075	0.9104881607018481	1.0944284494398075	-0.02887224212006608	1.160959680598856	NaN	NaN	800000009	800000009	800000009	800000009	800001119	800011119	899999999	899999999	89999	89999	89	89	17	0	2	31	8	14	3	NaN	0	0	0	0	0	0	0	0	0	NaN	NaN	NaN	NaN	0	0	0	0	0	0	0	0	11412	0	0	0	18000	18000	18000	18000	93	NaN	0.4696995932283266	1.1651984360936565	0.1767687722797011	0.1780093999809081	0.6714948802422557	0.09338559562872975	9.996970320261447e-8	NaN	0.038026752036625804	0.006127675592771342	0.024539152232691236	-0.000028872242120066083	NaN	407.39929245681043	19.376519911884174	95611.7645390625	11.350000381469727	16.238073065280926	96.39443545595805	96.21530166859097	96.57357470215692	-0.35826936240990936	0.00029684366928672205	-1	0	2.0981269121037593	71.60995334575432	1.0000106872220833	-273.1499938964844	9.00023279651006	-273.1499938964844	167
DATA	2026-09-20T140000_AIU-0547.ghg	2026-09-20	14:30:00	263.604	1	18000	18000	0.6827569935930198	1	NaN	6.159487748915611	2	NaN	138.9802317810903	1	NaN	-1.4580290426222182	1	NaN	3.175651592412666	1	NaN	-0.041384440978403186	1	NaN	NaN	NaN	NaN	NaN	NaN	NaN	NaN	NaN	NaN	7.691874427252735e-10	3.627867581650206e-11	4.230898967411149e-12	NaN	15.16872926421588	406.46489532993814	414.40949433019034	0.1	1	715.4321313086281	19.17089040899751	19.545596905246434	0.4	0	0.08343526872140075	2.119571938712043	2.16100023743778	-0.2	0	NaN	NaN	NaN	NaN	9	303.7388242467244	303.3111586252848	95157.3788092448	1.085055516013015	1016.3514146166084	0.026500614081286834	0.20578222318834075	0.013035903622064748	1824.7410169615666	4270.371090185034	0.01201404299566584	42.73026812951989	2445.6300732234668	289.2181347793013	-0.20867905446592067	-0.35393802718511974	0.16327284344336743	0.4421279184427764	1.5071613706308928e-13	5.070875940411448e-14	0.4421279184427764	5.156995130773194	92.52326431052148	239.47673568947852	21.671756152855043	NaN	0.7932445540051577	1.6035481796540707	-6835.551097473864	-0.00042425255237602124	0.044319164459428344	0.007041118307204396	0	94.38329921181571	-14.323029788491855	32.398732380223414	80.67742459337435	123.03816294451569	172.5627729685584	258.53047896118557	0.666776503107404	1.0239667870885392	14.368232825536746	1.022057325409337	127.3199454394949	1.091582558422762	-1.3357020331370428	1.091582558422762	2.9092179679026704	1.091582558422762	-0.04783797427943161	1.1573426331896541	NaN	NaN	800000009	800000009	800000009	800000009	800000019	800010119	899999999	899999999	89999	89999	89	89	5	3	3	11	3	14	5	NaN	0	0	0	0	0	0	0	0	0	NaN	NaN	NaN	NaN	0	0	0	0	0	0	0	0	9188	0	0	0	18000	18000	18000	18000	93	NaN	1.4226325948766856	1.3985739011243934	0.3858898633070622	0.16029090241200888	0.07325088037975208	0.07674667821025033	1.4530206888077693e-7	NaN	0.013028892527615197	-0.03608896732887817	0.07860336331872063	-0.00004783797427943161	NaN	406.46468359798854	19.17073874898581	95565.51621788196	11.350000381469727	16.063487610234162	96.3937027030521	96.21220275709365	96.57520010058086	-0.36300297094467615	0.00029800495727815566	-1	0	2.1032043519947266	70.59400092736868	1.0000033512658544	-273.1499938964844	9.000187452872595	-273.1499938964844	181
DATA	2026-09-20T143000_AIU-0547.ghg	2026-09-20	15:00:00	263.624	1	18000	18000	0.10699334391991486	0	NaN	3.2612088081364194	0	NaN	94.5551504387406	0	NaN	0.7218365350872492	0	NaN	2.156631629314458	0	NaN	NaN	NaN	NaN	NaN	NaN	NaN	NaN	NaN	NaN	NaN	NaN	NaN	-5.5570470627073165e-11	-2.7321090598390282e-12	NaN	NaN	15.17945936256454	406.26812858820114	414.5483490503976	-0.1	0	746.2945334084751	19.97407656106677	20.381171643885992	0.2	0	NaN	NaN	NaN	NaN	0	NaN	NaN	NaN	NaN	9	303.3603625081382	301.44767892609195	95139.3357169031	1.091319095960804	1016.6798522896688	0.02650993970987503	0.13974972957957685	0.013577279682133129	1888.768779144757	3832.228477586912	0.01244116384693114	49.286434516923215	1943.459698442155	289.7595307733442	0.24583353407479322	-0.4037914646164721	0.175490896192023	0.5042605755153643	4.714429640226315e-15	-3.660899199356244e-15	0.5042605755153643	3.3893892958002314	30.66639726804192	301.3336027319581	20.366030639869308	NaN	0.3131140121873075	0.7259397257883674	-793.9862143528662	-0.0036524563620586635	0.034490017656407385	0.009387287774510417	0	73.51399523459276	-11.156032395658233	25.23497565455331	62.83865743860387	95.83291747491529	134.40702937507186	201.36622217132978	0.10472871117288111	1.0216238004046034	8.860290058581295	1.0205291442777165	86.75315440983573	1.089933283486696	0.6622758897481271	1.089933283486696	1.9786822386186742	1.089933283486696	NaN	1	NaN	NaN	800000009	800000009	800000009	800000019	800001009	800111109	899999999	899999999	89999	89999	89	89	2	0	1	26	21	11	4	NaN	0	0	190	0	0	0	0	0	0	NaN	NaN	NaN	NaN	0	2495	0	0	0	0	0	0	3512	0	0	0	18000	18000	18000	18000	93	NaN	0.37521833870459015	0.9643644114267533	0.11229670144539138	1.2034960827171313	1.6930239712541502	3.4705968079152516	NaN	NaN	0.00798568118729364	0.01791250475532525	0.05351720567996843	NaN	NaN	406.2693926585875	19.97073363383548	95499.79182378473	11.350000381469727	16.647323479652577	96.43554025565254	96.25358113479614	96.61749853218927	-0.3639158811801006	0.00029690521267992985	-1	0	2.7542488421118465	61.395868433132705	1.0000064512443212	-273.1499938964844	9.000220540523529	-273.1499938964844	240
DATA	2026-09-20T150000_AIU-0547.ghg	2026-09-20	15:30:00	263.645	1	18000	18000	0.059392578459030704	1	NaN	11.919540804775783	1	NaN	122.44044748036501	1	NaN	5.6119115732389995	1	NaN	2.7821548529026163	1	NaN	0.0006393369783276332	1	NaN	NaN	NaN	NaN	NaN	NaN	NaN	NaN	NaN	NaN	-3.0304123410090715e-11	-1.966184085612986e-12	-1.6671246179209189e-13	NaN	15.252273857827895	402.1181210528325	412.8904837832982	0	0	989.5939810846495	26.090121118217453	26.789050695505253	0.1	1	0.08390752929414774	2.0826302725278483	2.1384219604785906	0	1	NaN	NaN	NaN	NaN	9	299.3631108008491	297.5769316221807	95110.21578080472	1.1025027998047432	1020.1434819447899	0.026012501277556013	0.18028363446808954	0.018073770976084667	2482.102668521297	3052.2403439818468	0.016393401431076267	81.3206821479606	570.1376754605499	294.1300134766399	-0.05462898993528543	-0.38665150322133574	0.20657621153086736	0.44176627605002905	5.2782009009545015e-15	-1.986859381923423e-15	0.44176627605002905	2.3378253621414853	70.04194283186143	261.95805716813857	27.87954428791698	NaN	0.2321005873734101	0.17874285036514911	-88.5489837783786	-0.03275023468657927	0.0973496997933403	0.0456606747639172	0	81.85733833565716	-12.422166900068449	28.098975350952234	69.97042163326456	106.70930785905489	149.66132153661908	224.21993152530044	0.05800157431341674	1.0239821791404755	18.97409384417992	1.0220674108612708	112.16666981328282	1.0915938547893445	5.1410252527685625	1.0915938547893445	2.5487087900833925	1.0915938547893445	-0.010559335949138228	1.1573570341005244	NaN	NaN	800000009	800000009	800000009	800000019	800000019	800000019	899999999	899999999	89999	89999	89	89	3	0	0	12	0	0	6	NaN	0	0	0	0	0	0	0	0	0	NaN	NaN	NaN	NaN	0	12	0	0	0	0	100	0	12288	0	0	15	18000	18000	18000	18000	93	NaN	0.10200848288996718	0.20831486216616754	0.047162355674163506	0.06205294469882737	19.519604517837173	0.5141666029823974	1.843643236204364e-7	NaN	0.016870194284783827	0.13731443723553824	0.06807484810526872	-0.000010559335949138227	NaN	402.11622978888636	26.089627700035077	95474.89577907986	11.369458787865108	20.963886531829843	96.37740984853107	96.17728786510892	96.57753231514826	-0.4002448061315556	0.0002929019955222933	-1	0	2.0604547576138197	79.13024693737896	1.00005113450355	-273.1499938964844	9.00062861779001	-273.1499938964844	224
DATA	2026-09-20T153000_AIU-0547.ghg	2026-09-20	16:00:00	263.666	1	18000	18000	0.0910655613528509	1	NaN	17.58974135746527	1	NaN	129.6054958884953	0	NaN	-5.105706389018086	0	NaN	2.9449776472690226	0	NaN	0.04851546502942607	0	NaN	NaN	NaN	NaN	NaN	NaN	NaN	NaN	NaN	NaN	-1.761542683767855e-10	-1.0771792024656307e-11	-9.587763269786007e-13	NaN	15.464556267546493	406.92308414124574	417.307039857792	0.1	1	945.6539736595955	24.883250759644213	25.51822720615658	0.1	1	0.08417082704370114	2.0882166855898037	2.1415042734283714	0	1	NaN	NaN	NaN	NaN	9	299.5346784371271	297.5821374178251	95091.90250072081	1.1027792692455296	1019.4503029278203	0.026017966045773916	0.19083455154303264	0.017234098375817367	2366.830362073325	3053.191410149369	0.015627876635374308	77.51988146585066	686.361048076044	293.35858448386665	0.002889488462438229	-0.24008050696034766	0.24113127765406758	0.340281195526571	-3.256067333795096e-15	-1.139083885300079e-14	0.340281195526571	2.4127178274242937	61.31045005322687	270.6895499467731	45.12303576563265	NaN	0.2873642829308414	0.14449899246337045	-113.84094858879827	-0.025474137697806872	0.13571755763041418	0.054446756501966447	0	69.71872495366188	-10.580085488280519	23.932182181880325	59.59451748526196	90.88539935313732	127.46806486215725	190.97038888609768	0.08845819412429567	1.0294757004070367	24.890222011664584	1.0256782439358538	118.28144972776819	1.0957381414143135	-4.659604513198696	1.0957381414143135	2.687665543400562	1.0957381414143135	0.030508103216059186	1.1625979662122579	NaN	NaN	800000009	800000009	800000009	800000019	800110119	800110119	899999999	899999999	89999	89999	89	89	12	0	2	25	0	1	4	NaN	0	0	0	0	0	0	0	0	0	NaN	NaN	NaN	NaN	0	8	0	0	0	0	0	0	16200	0	0	0	18000	18000	18000	18000	93	NaN	0.08661039173296102	0.09439871152844492	0.10798888166533496	0.3273902844732707	37.7931067425586	0.4343022848038593	4.410863764209919e-7	NaN	0.022139821635185904	-0.12432794529825976	0.07171250987361932	0.000030508103216059187	NaN	406.9221871867366	24.882830741889112	95500.00346180555	11.369999885559082	20.200321100129013	96.42413046095106	96.22314111857943	96.62511631838481	-0.40197305447442666	0.0002926040576551006	-1	0	2.067184742066596	81.38597766639018	1.0000504301951991	-273.1499938964844	9.00060152777036	-273.1499938964844	059
DATA	2026-09-20T160000_AIU-0547.ghg	2026-09-20	16:30:00	263.687	1	18000	18000	0.07079444957849029	1	NaN	71.56892946488948	1	NaN	82.29253646439177	1	NaN	-32.06352151038029	0	NaN	1.8724233371436247	1	NaN	0.042628520123495516	2	NaN	NaN	NaN	NaN	NaN	NaN	NaN	NaN	NaN	NaN	2.498011384962609e-10	1.4851768821871892e-11	1.3340883461034586e-12	NaN	15.59499951115131	411.4861613106048	421.8054847244662	0.1	1	927.1908403263392	24.464649672827907	25.078178524871525	0.1	1	0.08328667847775846	2.079056224671694	2.1311951678372565	0	1	NaN	NaN	NaN	NaN	9	300.6608433295356	298.96929663305554	95071.63003527641	1.0976039368441755	1019.239302087905	0.026144820818628317	0.12133303224690688	0.016861962746509238	2326.518019114525	3316.019336662272	0.01536252028668069	70.15996539562624	989.501317547747	293.0810233755946	0.0869763879315648	-0.08692349947058016	0.256808357085482	0.2847299055012973	1.9544569465846506e-14	1.6018027978624746e-14	0.2847299055012973	1.6759013238862286	16.98257454014947	315.0174254598505	64.41381985583051	NaN	0.25396670050073866	0.14785207100167042	-19.30984482178198	-0.15018246012669811	0.8696891910222936	0.2518987001490853	0	59.664606591926415	-9.054334237850272	20.480928699101263	51.000408328710805	77.77884063369184	109.08592990031887	163.43060104970772	0.0684695469284515	1.0339552801841707	74.96052090587479	1.028641605574222	74.86059869271891	1.0992770282559297	-29.16782638608489	1.0992770282559297	1.7033225374629533	1.0992770282559297	0.012035261344825477	1.1669829406972785	NaN	NaN	800000009	800000009	800000009	800000019	800010019	800010119	899999999	899999999	89999	89999	89	89	10	1	1	0	16	0	1	NaN	0	0	0	0	0	0	0	0	0	NaN	NaN	NaN	NaN	0	770	0	0	0	0	0	0	17700	0	0	0	18000	18000	18000	18000	93	NaN	0.051384917891226026	0.1198251562561762	0.12449406785593858	0.5229419830538008	47.301451410700636	1.0563273741910162	7.237174633022248e-7	NaN	0.06700555024719974	-0.7817171609464804	0.045650177717628006	0.000012035261344825478	NaN	411.4824505037742	24.46365166780744	95490.66588498263	11.369999885559082	19.917089074346812	96.41169484880234	96.2125816959805	96.61081285688613	-0.3982304167184567	0.0002930598178823453	-1	0	2.0446602749228484	79.37061776734805	1.000044077563617	-273.1499938964844	9.000535546647178	-273.1499938964844	200
DATA	2026-09-20T163000_AIU-0547.ghg	2026-09-20	17:00:00	263.708	1	18000	18000	0.06677504060396887	1	NaN	-41.47998020672349	1	NaN	123.77205211742542	1	NaN	15.899424612660184	1	NaN	2.8187837671336267	1	NaN	NaN	NaN	NaN	NaN	NaN	NaN	NaN	NaN	NaN	NaN	NaN	NaN	-5.217084525948526e-11	-3.1443414009695376e-12	NaN	NaN	15.181065078508668	402.9465821158651	412.9759617467485	0.1	1	914.9641183643463	24.285625701947595	24.89009728837821	0.1	1	NaN	NaN	NaN	NaN	0	NaN	NaN	NaN	NaN	9	302.22042009989434	299.9062077242192	95134.69488688928	1.0951197605490743	1019.0508371412922	0.026411611197134314	0.182657188110259	0.01656949208364901	2293.191137616011	3500.791671386284	0.015130301434193234	65.5049301093637	1207.6005337702732	292.8483583981015	-0.35280122461033636	0.0676884037249472	0.20240132805544714	0.41233084008355886	-1.7942162477111884e-15	-3.4365734544766428e-15	0.41233084008355886	2.0616673458114985	162.86078277391124	169.13921722608876	29.39785812797808	NaN	0.2469313738101929	0.10554825217107737	30.639057403091083	0.09465043137088897	-0.3351320390759173	-0.15052367128010882	0	77.89368736971385	-11.820667574123258	26.73838223790565	66.58235240290527	101.54228850843371	142.41450342923662	213.36287745728575	0.06588447983177455	1.0135170039206232	-33.88190343214007	1.0182449564741907	110.40011581955837	1.1211224843253116	14.18170167395083	1.1211224843253116	2.514251392282051	1.1211224843253116	NaN	1	NaN	NaN	800000009	800000009	800000009	800000019	800001009	800001019	899999999	899999999	89999	89999	89	89	5	12	1	0	6	0	0	NaN	0	0	0	0	0	0	0	0	0	NaN	NaN	NaN	NaN	0	2217	0	0	0	0	100	0	17000	0	0	15	18000	18000	18000	18000	93	NaN	0.08658737862260645	0.06407476323628059	0.0604343624832677	0.26448732833294897	18.81143435564709	1.5238017832902102	NaN	NaN	-0.030360598928869553	0.383813286203456	0.06804564863932523	NaN	NaN	402.9451603995704	24.284193733253986	95470.8407217882	11.369999885559082	19.789894266446385	96.36448238542344	96.16593012873332	96.56303440136381	-0.39710733820415245	0.0002945753044688091	-1	0	2.0217142432199653	63.243683218037226	1.0000236497438617	-273.1499938964855	9.000351193745932	-273.1499938964844	171
DATA	2026-09-20T170000_AIU-0547.ghg	2026-09-20	17:30:00	263.729	1	18000	18000	0.13198309118425317	1	NaN	126.56656279527498	1	NaN	-114.84973643766988	1	NaN	-15.471955557281541	2	NaN	-2.61698341087579	1	NaN	-0.0655678893543712	1	NaN	NaN	NaN	NaN	NaN	NaN	NaN	NaN	NaN	NaN	-3.7222366675637004e-10	-2.2945129018209685e-11	-2.0099739396949714e-12	NaN	15.360753933990226	408.14604775604397	418.6798255031439	0.3	0	946.8889603493918	25.159506394751652	25.808844174808907	0	0	0.08294667389216727	2.0852842380131835	2.139103013972251	0	1	NaN	NaN	NaN	NaN	9	301.94214674546976	300.4548184483385	95034.63916121436	1.0914626349001653	1019.6691381667176	0.026284956544549758	-0.16958052502475118	0.017248433043176643	2391.665978740501	3619.1490893568425	0.01580304491573762	66.08365446380445	1227.4831106163415	293.52752913740767	0.23074750441688843	0.02104931274453176	0.2400264274011697	0.3336168014543126	-1.9593231402809314e-14	-2.423212222238094e-14	0.3336168014543126	1.7795803797802798	326.7877744431487	5.212225556851313	46.01052911258866	NaN	0.34774004945766235	0.17113510908104396	-28.02627463441093	-0.10347433034996924	-1.102018748331773	0.32703642514958026	0	82.51322413517381	-12.521700100568712	28.324119721492195	70.53106294983496	107.56432124116627	150.8604899621823	226.01650434389134	0.12814614823144185	1.0299419296308578	117.55282609862014	1.0259859268335123	-104.78022642361351	1.0961012431233599	-14.115443855527369	1.0961012431233599	-2.387538037470562	1.0961012431233599	-0.08953825233498877	1.1630505537498996	NaN	NaN	800000009	800000009	800000009	800000019	800000019	800000019	899999999	899999999	89999	89999	89	89	0	5	1	4	2	0	2	NaN	0	0	0	0	0	0	0	0	0	NaN	NaN	NaN	NaN	0	3	0	0	0	0	0	0	10600	0	0	0	18000	18000	18000	18000	93	NaN	0.12176393095242358	0.11673251874952141	0.10377376846014291	0.23206946800026895	99.40788622930673	0.8538429389436728	8.931367331351019e-7	NaN	0.10562456342533079	-0.3806021594100144	-0.06437644767217231	-0.00008953825233498877	NaN	408.1391977389773	25.158697810914738	95442.40377126736	11.369999885559082	20.36499364948272	96.33757223510742	96.13953859371608	96.53560239919027	-0.3960627998734512	0.00029544506233974575	-1	0	2.0640387049251134	82.14292275045536	1.0000231620586582	-273.1499938964844	9.000338810311423	-273.1499938964844	058
DATA	2026-09-20T173000_AIU-0547.ghg	2026-09-20	18:00:00	263.749	1	18000	18000	0.0667357708230022	1	NaN	99.74105611953894	1	NaN	-181.0634289447316	1	NaN	-22.528839492110272	1	NaN	-4.1228888539916095	1	NaN	0.030928932366684286	2	NaN	NaN	NaN	NaN	NaN	NaN	NaN	NaN	NaN	NaN	8.12915352864086e-11	5.0137616984135104e-12	4.335810056711214e-13	NaN	15.500361752630182	411.02665539026094	421.7174483690874	0.1	1	956.0050722757647	25.35060624162243	26.009974872981886	0.1	1	0.08267358235138697	2.0718699868054054	2.1257592731022994	0.6	0	NaN	NaN	NaN	NaN	9	301.69559232923723	299.7445391591389	95035.95046462673	1.0939842605184071	1019.762748232539	0.026222456727011477	-0.26716319773865627	0.0174208670475381	2409.865206509167	3471.3289070190167	0.015924239201835375	69.42197847159993	1061.4637005098498	293.6503566006377	0.07430926985886867	-0.06979006251894829	0.23465203835621934	0.25583998811382175	1.0329013506002152e-14	5.244492779183984e-15	0.25583998811382175	1.8690935938923805	15.203692816570594	316.7963071834294	66.51764150230028	NaN	0.24698683429867896	0.11418896300029859	-12.743248005639362	-0.2275714950157638	-0.5508625165272012	0.3619844726692763	0	59.6763847572245	-9.056121619874709	20.48497176210721	51.010476127258	77.79419466171623	109.10746414293692	163.46286326920233	0.06435694314491511	1.0369630308998765	86.90065501471855	1.0306383272454698	-164.34888837180492	1.1017015736371367	-20.44913071852479	1.1017015736371367	-3.74229188071356	1.1017015736371367	0.009316233096342465	1.1699678521854209	NaN	NaN	800000009	800000009	800000009	800000009	800000019	800000019	899999999	899999999	89999	89999	89	89	1	1	3	11	6	0	2	NaN	0	0	0	0	0	0	0	0	0	NaN	NaN	NaN	NaN	0	0	0	0	0	0	0	0	12200	0	0	0	18000	18000	18000	18000	93	NaN	0.03020396836420882	0.0804869821439791	0.11768697549240925	0.1463050504987603	69.69736867788576	1.0918937185593731	5.759899852209686e-7	NaN	0.07789558316909768	-0.550177520275632	-0.10068520248704	0.000009316233096342465	NaN	411.0212320857286	25.34957673569647	95440.73010655382	11.350541479163699	20.484369438277287	96.33057025803461	96.13097501309713	96.53016537835863	-0.399189134196275	0.00029519758869395835	-1	0	2.0505955940683673	81.4925545363955	1.0000393588095904	-273.1499938964844	9.000425546248755	-273.1499938964844	230
DATA	2026-09-20T180000_AIU-0547.ghg	2026-09-20	18:30:00	263.77	0	18000	18000	0.010936023795287705	1	NaN	15.378148996642123	1	NaN	29.426158826812486	1	NaN	4.8462245618235915	1	NaN	0.6695435410656382	1	NaN	0.025380544014684786	1	NaN	NaN	NaN	NaN	NaN	NaN	NaN	NaN	NaN	NaN	9.978301223457432e-11	6.073528682240186e-12	5.266939471817609e-13	NaN	15.678208525243727	414.53684460874683	425.26708328985575	0.3	0	954.2911867639172	25.23176399663946	25.884885313961416	0.1	1	0.0827557451712019	2.0665175772303805	2.1200091477162744	0.9	0	NaN	NaN	NaN	NaN	9	301.04155102878144	298.9732143419054	95056.52673046874	1.0970938903290246	1019.6783137500067	0.026149317564344216	0.04338642146105335	0.017387696405116674	2399.0872059762646	3316.7887085792695	0.01584886814008417	72.33162606260505	917.7015026030049	293.5777138917063	0.12389085885127075	-0.17026095764794508	0.22163996725216628	0.3057155764589728	8.162202585626088e-16	6.364439666299382e-15	0.3057155764589728	0.7005614234775739	25.958386957016955	306.0416130429831	46.46780683743569	NaN	0.09984074776092032	0.01977508493745052	-5.460129854743344	-0.5311228994820886	0.5226013047489529	0.1376858341248636	1	2.838542298946888	1	2	4	6	10	26	0.010595983830974702	1.0320914008304714	16.8244908017792	1.0274067952442427	26.804852194352424	1.0977922434883767	4.414518858708718	1.0977922434883767	0.6099000471510685	1.0977922434883767	0.016485445898220465	1.1651489765851675	NaN	NaN	800000009	800000009	800000009	800000009	800000019	800010019	899999999	899999999	89999	89999	89	89	4	1	1	9	0	0	0	NaN	0	0	0	0	0	0	0	0	0	NaN	NaN	NaN	NaN	0	0	0	0	0	0	0	0	10712	0	0	0	18000	18000	18000	18000	93	NaN	0.01358792554789323	0.013828730415799592	0.012133513911208213	0.04056197560716127	87.32177368803482	0.24777950814611482	5.697634084148111e-7	NaN	0.015039553730632137	0.11842554238915802	0.01636140793566924	0.000016485445898220466	NaN	414.5338079536557	25.231517460380843	95457.49558246527	11.353064048290253	20.420478077994485	96.33903901460435	96.13749750349257	96.54058324686686	-0.403084899634123	0.0002944221311416994	-1	0	2.0453609036869467	81.03699066545798	1.0000372275544538	-273.1499938964844	9.000422180361218	-273.1499938964844	215
DATA	2026-09-20T183000_AIU-0547.ghg	2026-09-20	19:00:00	263.791	0	18000	18000	0.004457675007087773	1	NaN	2.646821620959661	0	NaN	9.255951265717492	1	NaN	4.396155663380313	0	NaN	0.21042097244013203	1	NaN	-0.0009551757986772903	0	NaN	NaN	NaN	NaN	NaN	NaN	NaN	NaN	NaN	NaN	-7.525238428514705e-11	-4.3083874466028546e-12	-3.980850298217716e-13	NaN	15.787230820266677	415.9559360593541	426.10338316175654	0	0	903.8584986879093	23.81451897214872	24.395485729898162	0.1	1	0.08351443361681614	2.0757148474624896	2.1263529194030983	-0.2	0	NaN	NaN	NaN	NaN	9	300.2521275566948	298.0788246670646	95090.45599581921	1.1013740972539097	1018.8487847940203	0.026061788455309688	0.013635279014120554	0.016466162326763557	2265.1409055135464	3145.1308601402516	0.014950562545296055	72.02056150415746	879.9899546267052	292.6502231599405	0.156967475432163	-0.34267961403823216	0.23284651266667183	0.4430413126131332	3.399360506047463e-15	-4.766661433019822e-15	0.4430413126131332	0.9078965580260165	37.38942683276315	294.61057316723685	31.70621135225946	NaN	0.06361899029622216	0.02326104773987471	-8.207508322901061	-0.35333500569329346	0.2859588976838123	0.03707603738655885	1	11.969651246531038	5	10	16	25	41	99	0.0043535043076548	1.023928011108157	3.15578274270871	1.0220319186764504	8.47960474110365	1.091554565137997	4.027426391482812	1.091554565137997	0.1927718312584127	1.091554565137997	-0.002225114092210215	1.1573063821015352	NaN	NaN	800000009	800000009	800000009	800000019	800000019	800000019	899999999	899999999	89999	89999	89	89	4	8	0	27	2	0	0	NaN	0	0	0	0	0	0	0	0	0	NaN	NaN	NaN	NaN	0	1	0	0	0	0	0	0	17488	0	0	0	18000	18000	18000	18000	93	NaN	0.008892015690870506	0.032080326073550866	0.005549753715328053	0.06658802833326694	83.90955819931546	0.6088719022709765	1.7606080906251182e-7	NaN	0.0028123055688814473	0.10752323562656732	0.005146574765065237	-0.000002225114092210215	NaN	415.9507714564008	23.81393766845637	95486.69948090278	11.359999656677246	19.4877135057449	96.4263937848409	96.2269068575965	96.62587800513373	-0.39896915553510165	0.000292934797031598	-1	0	2.0555912888447434	82.72636127117316	1.000043183316787	-273.1499938964844	9.00049202571975	-273.1499938964844	076
DATA	2026-09-20T190000_AIU-0547.ghg	2026-09-20	19:30:00	263.812	0	18000	18000	0.029858450804335912	1	NaN	12.149947364022854	1	NaN	45.99754422672983	1	NaN	-2.8464458173844736	1	NaN	1.0451312735686835	1	NaN	0.01824145057774405	1	NaN	NaN	NaN	NaN	NaN	NaN	NaN	NaN	NaN	NaN	-4.133799378903655e-11	-2.3842478023631157e-12	-2.1570313216174407e-13	NaN	16.159129639532953	424.5894505437192	435.24824842089197	0.1	1	932.0086874021246	24.489008091000038	25.103774631054574	0.1	1	0.08431891721797488	2.0909724151314757	2.143463715400688	0	1	NaN	NaN	NaN	NaN	9	299.89567656368683	297.52901705593536	95130.0459422743	1.1035846399132598	1019.2234331796421	0.0260028913399672	0.06772450652725069	0.016970879414573942	2330.2653661709664	3043.4987854130745	0.015377959062485529	76.56534569159338	713.2334192421081	293.1070017587949	0.13201594121683716	-0.2897551009819539	0.25586394972603926	0.40847593325658427	-2.851046544168941e-14	-2.5581819510813292e-15	0.40847593325658427	1.3530448343768329	37.50541423865428	294.4945857613457	38.784050491396115	NaN	0.1644867091233133	0.07157458410552024	-30.915102121572467	-0.09380528612183973	0.2641433921805405	0.06567023001810934	1	2.299259841075658	1	2	3	6	10	29	0.02911575127678996	1.0255085132609305	14.67787590365847	1.0230671896785462	42.094757862687615	1.0927143084365287	-2.6049314037602462	1.0927143084365287	0.9564542767487618	1.0927143084365287	0.010007597538648369	1.1587936140348647	NaN	NaN	800000009	800000009	800000009	800000009	800000019	800000019	899999999	899999999	89999	89999	89	89	1	3	3	16	0	0	2	NaN	0	0	0	0	0	0	0	0	0	NaN	NaN	NaN	NaN	0	0	0	0	0	0	0	0	18000	0	0	0	18000	18000	18000	18000	93	NaN	0.0409547900920005	0.07609671345218226	0.02609766466685772	0.026631763530219597	86.94999010655567	0.11511342792824412	5.609698525940232e-7	NaN	0.01304932850771111	-0.06943663877228172	0.02549509366002495	0.000010007597538648369	NaN	424.58833950756315	24.488884886262607	95528.19649739584	11.372794393963284	19.95062934631774	96.42010388882954	96.21246442137826	96.62774545542399	-0.41528159443537505	0.0002918535145161312	-1	0	2.0701061687337035	81.69527756658998	1.000046696467532	-273.1499938964844	9.000551491737365	-273.1499938964844	114
DATA	2026-09-20T193000_AIU-0547.ghg	2026-09-20	20:00:00	263.833	0	18000	18000	0.061044649923027536	1	NaN	9.936652503704227	1	NaN	30.937573832827933	1	NaN	3.076222742274393	2	NaN	0.7025900653903444	1	NaN	0.03608749534709568	1	NaN	NaN	NaN	NaN	NaN	NaN	NaN	NaN	NaN	NaN	-3.6153797432607357e-10	-2.141856867587655e-11	-1.8932017765245915e-12	NaN	16.143487633269096	423.35098196542947	434.24201145380863	0.1	0	956.3874975675038	25.080552321312233	25.72576881200778	0.1	1	0.08453573797767357	2.091879902275018	2.1456951210234303	0	1	NaN	NaN	NaN	NaN	9	299.47318027750646	297.0057920091417	95123.313921875	1.1052009745140596	1019.5524193390894	0.02595900051161013	0.04552783623729432	0.017410206543645005	2386.3852027027992	2949.453745737682	0.015752977915442043	80.90939571950959	563.0685430348826	293.4917356693152	-0.12176972956288608	-0.277604886066253	0.23871105871854156	0.3858436333026654	1.2121396228740543e-14	-2.239528301065519e-14	0.3858436333026654	1.1301935957309721	85.68437264586385	246.31562735413615	38.219298417319905	NaN	0.23501910830271908	0.07506937503674554	-110.26615211409592	-0.026300001808345293	0.3211839608819106	0.037522011258448285	0	81.7231275837562	-12.401799900679084	28.052905142878352	69.85570030113767	106.53435058908028	149.41594147782024	223.8523074831187	0.05945813666564987	1.0266828620328128	11.601254959670806	1.0238387712682453	28.289787517259118	1.0935951291240151	2.812944809601054	1.0935951291240151	0.6424590295616338	1.0935951291240151	0.027735471147682912	1.1599101212649154	NaN	NaN	800000009	800000009	800000009	800000009	800000019	801001019	899999999	899999999	89999	89999	89	89	4	3	2	19	29	3	2	NaN	0	0	0	0	0	0	0	0	0	NaN	NaN	NaN	NaN	0	0	0	0	0	0	0	0	18000	0	0	0	18000	18000	18000	18000	93	NaN	0.07076697652333797	0.03081710891905459	0.04855466463109854	0.022016354396278377	28.1124555962072	0.06881257682647876	3.2886913739855473e-7	NaN	0.010295659062883997	0.07490028004262923	0.01710675625978842	0.00002773547114768291	NaN	423.3496195718284	25.080471222304922	95524.18235286458	11.380000114440918	20.336387191242615	96.38314273664687	96.16542467541164	96.60086200502184	-0.4354290519273953	0.00029130063026322104	-1	0	2.0704698024657047	81.59064260588764	1.0000587623251809	-273.1499938964844	9.000604602548812	-273.1499938964844	011
DATA	2026-09-20T200000_AIU-0547.ghg	2026-09-20	20:30:00	263.854	0	18000	18000	0.05539052748517679	1	NaN	26.772249562721907	1	NaN	67.51978110902441	2	NaN	10.807051167579509	2	NaN	1.5327649287971263	2	NaN	-0.09233730302763542	1	NaN	NaN	NaN	NaN	NaN	NaN	NaN	NaN	NaN	NaN	-6.756873320055983e-10	-3.9553803323486265e-11	-3.5598389512050956e-12	NaN	16.163883789548336	423.19052593188474	433.940529897902	0	0	946.2114354841649	24.77298898203081	25.402279368956435	0.1	1	0.08515894910445064	2.103177640912944	2.1566031469099576	-0.6	0	NaN	NaN	NaN	NaN	9	299.0578525992499	296.599213903639	95102.92024131944	1.1066086267668203	1019.3680297272646	0.02592902361081739	0.09932316738605378	0.017216586162491214	2356.6155629564637	2878.136249501506	0.01555797211954956	81.87991667748982	521.5206865450423	293.2886470462965	0.46415746004838465	0.03895472767391314	0.29835459379239065	0.5531501443223145	-1.952898878840897e-14	-4.1802288410567625e-14	0.5531501443223145	1.853499786838377	327.2026554048774	4.797344595122602	32.64100838009024	NaN	0.22372819803343472	0.12287890656917745	-35.298484466196356	-0.08215650172678629	0.396509720899312	0.10608136019811908	0	88.90517956532217	-13.491703997415602	30.51827117728033	75.99481031326094	115.89688071213483	162.54702309811816	243.52506054668117	0.05429768407279645	1.0201268881176437	30.44372820838773	1.0195585366954714	62.00494808179389	1.0889418215455262	9.924360469727528	1.0889418215455262	1.4075728367395106	1.0889418215455262	-0.09638648731317341	1.1538345386172233	NaN	NaN	800000009	800000009	800000009	800000009	800000019	800000019	899999999	899999999	89999	89999	89	89	2	0	0	12	3	0	4	NaN	0	0	0	0	0	0	0	0	0	NaN	NaN	NaN	NaN	0	0	0	0	0	0	0	0	18000	0	0	0	18000	18000	18000	18000	93	NaN	0.11015216206211335	0.09995964731217029	0.03564600376407125	0.07365758952487457	30.00748043979903	0.17098089461805588	9.725101653750856e-7	NaN	0.026988128901378944	0.2638675174687395	0.03742435104204585	-0.00009638648731317341	NaN	423.18939213307675	24.77281414924041	95501.57616232638	11.36054633585612	20.131842141257334	96.3668871782091	96.14164898067051	96.59212590259976	-0.4504769536463746	0.0002912345115716259	-1	0	2.0818562794857587	82.13639109918434	1.000069822801484	-273.1499938964844	9.000731049431694	-273.1499938964844	130
DATA	2026-09-20T203000_AIU-0547.ghg	2026-09-20	21:00:00	263.874	0	18000	18000	0.029566338656787223	1	NaN	10.647401290895235	0	NaN	30.14604769467521	0	NaN	-7.563771825134925	0	NaN	0.6839316290745133	0	NaN	0.008886725854501098	2	NaN	NaN	NaN	NaN	NaN	NaN	NaN	NaN	NaN	NaN	-9.139145341800474e-11	-5.177840512081579e-12	-4.730163320042214e-13	NaN	16.446278620998132	429.5803364935875	440.29633259705696	0.1	1	931.774301994074	24.33814526744283	24.945266794420554	0.1	1	0.08512128976484136	2.0958865232830353	2.148168971777161	0	1	NaN	NaN	NaN	NaN	9	298.35646491919624	295.97624128468834	95117.18153472223	1.109288207194878	1019.10679617062	0.025870683196627428	0.044318769564028464	0.016952524287837358	2315.5967493691874	2771.7817582881307	0.015282344279766751	83.54181358056537	456.18500891894337	293.00510226207615	0.37536235624583575	-0.12372513206962546	0.2971011756541497	0.4944430355128324	-8.569994813852119e-15	-5.556968571681546e-15	0.4944430355128324	1.4674201925441344	350.2430045920105	341.75699540798956	36.932984476813644	NaN	0.16325879079974168	0.08746774711197207	-34.48832624150139	-0.08408642332170636	0.35319393768410706	0.05769032069760633	1	3.4017578477710875	2	3	5	8	15	43	0.028931079558419028	1.0219576700235278	12.27978631651554	1.0207462601905375	27.652821974410283	1.0901617101709238	-6.938210867770269	1.0901617101709238	0.6273671352548984	1.0901617101709238	0.0029776566746349048	1.155484446069237	NaN	NaN	800000009	800000009	800000009	800000009	800000019	800001119	899999999	899999999	89999	89999	89	89	3	0	0	5	12	0	2	NaN	0	0	0	0	0	0	0	0	0	NaN	NaN	NaN	NaN	0	0	0	0	0	0	0	0	18000	0	0	0	18000	18000	18000	18000	93	NaN	0.04562850554306558	0.09860357495403324	0.030703413726845315	0.05888268229400879	14.740902183684009	0.09109104344829128	4.4709067776946536e-7	NaN	0.010862423121590078	-0.18397506832189106	0.01663539978405434	0.0000029776566746349046	NaN	429.57545125814954	24.33804476089602	95518.10325173612	11.366127574708727	19.849492766486282	96.35537102762858	96.12114315244887	96.58959680811564	-0.4684523557507317	0.00029011069300112366	-1	0	2.0750399794909686	81.11431564267465	1.0000878231492307	-273.1499938964844	9.000875604417589	-273.1499938964844	101
DATA	2026-09-20T210000_AIU-0547.ghg	2026-09-20	21:30:00	263.895	0	18000	18000	0.02720384641037675	1	NaN	-0.574144077711099	2	NaN	-5.528254597955553	2	NaN	10.14170939520728	1	NaN	-0.12535230553347	2	NaN	0.0030650796377829823	2	NaN	NaN	NaN	NaN	NaN	NaN	NaN	NaN	NaN	NaN	3.8320207382811727e-10	2.1421094196741817e-11	1.9964435148846708e-12	NaN	16.51248183917388	430.40840218943816	441.0193001145737	0.3	0	923.0519693314315	24.059940057904228	24.653091973017016	0.1	1	0.0860283373551271	2.112501850500424	2.1645815529139796	0.1	0	NaN	NaN	NaN	NaN	9	297.76478866577156	295.41045027414964	95129.3781030816	1.1116733264723309	1018.9367303280458	0.025817918003394575	-0.008122829398568855	0.016792993424759702	2289.4210831907735	2678.1804963236655	0.015106050514002031	85.4841966900087	388.75941313289195	292.821852262369	0.5574794382183659	0.0036764442441495626	0.29689479271732566	0.6316196309656779	9.988215937518763e-14	2.3206812734777178e-14	0.6316196309656779	1.8425412887892418	331.62215344506876	0.3778465549303747	28.037746217001626	NaN	0.15643234817067467	0.129268593605934	562.675759065516	0.005153945150962748	0.1038563017563315	-0.0032401858554941907	1	5.456172837952818	2	5	9	16	31	107	0.02691319559969145	1.0107995652024553	-0.8927464318006878	1.0138404348842576	-5.054357627623404	1.0937600789746609	9.272334573332177	1.0937600789746609	-0.11460676609351184	1.0937600789746609	0.003266712739702596	1.1714367489502993	NaN	NaN	800000009	800000009	800000009	800000009	800000019	800010019	899999999	899999999	89999	89999	89	89	4	2	0	41	3	0	7	NaN	0	0	0	0	0	0	0	0	0	NaN	NaN	NaN	NaN	0	0	0	0	0	0	0	0	18000	0	0	0	18000	18000	18000	18000	93	NaN	0.06964542114145905	0.15912492821677882	0.02976683785363015	0.063170034841412	9.943603407351365	0.08027162146127169	2.1089921549781815e-7	NaN	-0.0007881406357851443	0.24529575804505865	-0.0030318743724858893	0.0000032667127397025958	NaN	430.4085397611705	24.059850192572068	95529.2831758355	11.380000114440918	19.666150108549317	96.3295859014723	96.08285067579482	96.57631976572672	-0.4934710486465031	0.0002895020791992364	-1	0	2.091681524342961	81.05747538785582	1.000096044941081	-273.1499938964844	9.0009172489908	-273.1499938964844	111
DATA	2026-09-20T213000_AIU-0547.ghg	2026-09-20	22:00:00	263.916	0	18000	18000	0.012475242900899627	1	NaN	21.10839832438756	1	NaN	9.423905356771375	1	NaN	2.0166453429642357	1	NaN	0.21360400899942217	1	NaN	-0.0017788325080568112	1	NaN	NaN	NaN	NaN	NaN	NaN	NaN	NaN	NaN	NaN	4.0069115072244116e-11	2.2281747547174402e-12	2.0981118308601576e-13	NaN	16.51905148246288	429.9109273741645	440.4403630099826	0	0	918.5961162041721	23.906609203252042	24.492133056794888	0.1	1	0.08649758620187639	2.120071300828981	2.1719963692187765	0	1	NaN	NaN	NaN	NaN	9	297.3665063976712	295.0161261130439	95131.96450412326	1.1132546091266142	1018.8415724760047	0.025782754359051824	0.013841539783162556	0.01670873093016038	2274.8927503962336	2614.5901475350433	0.01500890343788376	87.0076234526063	339.6973971388097	292.7193487933861	0.6806894097098651	0.1040807909135636	0.3197255789048019	0.7592070398345823	-7.153151283192562e-15	2.4256304979001176e-15	0.7592070398345823	1.6138454544204996	323.3065244314877	8.69347556851235	24.906009445693982	NaN	0.10585887011616847	0.06306156718321283	-4.742629124535048	-0.6114751805064046	2.2398780044220743	0.17580323699981715	1	10.951194567967956	5	9	14	22	36	83	0.01228068982738474	1.015842194229273	21.47078784275393	1.0168265281300384	8.672777261135563	1.0866075621475677	1.8559095419679799	1.0866075621475677	0.19657879849212156	1.0866075621475677	-0.008726502624481243	1.1502693428404829	NaN	NaN	800000009	800000009	800000009	800000009	800000019	800010019	899999999	899999999	89999	89999	89	89	12	4	0	24	2	0	4	NaN	0	0	0	0	0	0	0	0	0	NaN	NaN	NaN	NaN	0	0	0	0	0	0	0	0	18000	0	0	0	18000	18000	18000	18000	93	NaN	0.03975513501524033	0.0612189345628387	0.025149064788346637	0.052593020825773905	3.702057944235671	0.054680603020269926	2.3781007844125112e-7	NaN	0.018929834684391984	0.04902274172966717	0.005192511515291205	-0.000008726502624481243	NaN	429.9099582587555	23.906542690855044	95534.59135763888	11.380000114440918	19.564415201610963	96.26864407560561	96.00503975804648	96.53224620522393	-0.5272071781175006	0.0002900169680587068	-1	0	2.0992974485754963	81.53929944313896	1.0000722292082178	-435.9823757341163	9.000587767402331	-355.1919973415808	225
DATA	2026-09-20T220000_AIU-0547.ghg	2026-09-20	22:30:00	263.937	0	18000	18000	0.0286964086928907	1	NaN	16.09317063035859	1	NaN	14.347192924037577	1	NaN	3.294955947775709	1	NaN	0.32507364833902347	1	NaN	-0.012352739486296224	1	NaN	NaN	NaN	NaN	NaN	NaN	NaN	NaN	NaN	NaN	1.6496408152080715e-10	9.021918426678847e-12	8.607443877858232e-13	NaN	16.58745622839331	431.1708859328358	441.5837945715018	0.3	0	907.1712800691997	23.580821503584374	24.15030554796803	0.1	1	0.08654950656292834	2.117306314059823	2.16843990848301	0.5	0	NaN	NaN	NaN	NaN	9	296.9245290120442	294.6267684436374	95128.09570507813	1.1148190435600445	1018.6476002264335	0.02574977386738165	0.021064772412368718	0.016502141454278564	2243.8003590875956	2553.0995225891097	0.014802529208310707	87.8853463891665	309.29916350151416	292.498036746887	0.6438801216677447	-0.07648304719897496	0.29783387352412155	0.7135378643114149	6.501428366175499e-15	9.945110283904323e-15	0.7135378643114149	1.8065747657144546	338.77411522022993	353.22588477977007	24.670827127183994	NaN	0.16043960535758955	0.10671492146628404	-21.65431773533136	-0.13392248305603904	1.1216947256209098	0.08832866889903578	1	6.673045236498431	3	5	10	15	27	71	0.028228170786557254	1.0165876106487364	16.77757041620803	1.017294358526131	13.199695135608179	1.0869336584398717	3.031423235623339	1.0869336584398717	0.2990740472657893	1.0869336584398717	-0.017157856381606593	1.1508442936670116	NaN	NaN	800000009	800000009	800000009	800000009	800000019	800010019	899999999	899999999	89999	89999	89	89	8	0	0	19	0	0	1	NaN	0	0	0	0	0	0	0	0	0	NaN	NaN	NaN	NaN	0	0	0	0	0	0	0	0	18000	0	0	0	18000	18000	18000	18000	93	NaN	0.06523099924541617	0.12153526153826477	0.026663582148887137	0.041839617963283164	4.0750323064830924	0.043427886947180416	1.79534942540335e-7	NaN	0.014774089480792627	0.0799441164242687	0.00788712383448402	-0.00001715785638160659	NaN	431.1706743858758	23.580766456273825	95531.24493815104	11.380000114440918	19.34330002095964	96.25443671968249	95.98030304718017	96.52856736077203	-0.5482643319136563	0.00028878003336851377	-1	0	2.096773316277398	77.34057837613108	1.0000709224012163	-451.405626381779	9.000467583974203	-298.0209949408584	115
DATA	2026-09-20T223000_AIU-0547.ghg	2026-09-20	23:00:00	263.958	0	18000	18000	0.033286454137329134	1	NaN	22.526551332785047	1	NaN	14.108255918023314	1	NaN	-0.5800864186301887	1	NaN	0.319564089769047	1	NaN	0.00982073445789456	2	NaN	NaN	NaN	NaN	NaN	NaN	NaN	NaN	NaN	NaN	-1.4303694424619053e-10	-7.760585178912543e-12	-7.474843614220225e-13	NaN	16.628668883756767	431.75697720608144	442.1136323988282	0.1	1	902.2018889204834	23.42532424651427	23.987232956292083	0.1	1	0.08689831852447602	2.1226960868588653	2.173613692389758	-0.2	0	NaN	NaN	NaN	NaN	9	296.6305480923123	294.3169368430243	95130.89417447917	1.1160916700580783	1018.5528681730775	0.025721938536864393	0.020707753017034244	0.016411062857872097	2229.069805932933	2505.075387044647	0.014704045642611158	88.98214470753591	276.00558111171404	292.3922464917419	0.8765093870700662	0.14684992845396397	0.32072842768998316	0.9448282020756386	1.380339312454234e-14	-8.601827677614773e-15	0.9448282020756386	2.173680779397187	322.4890276535633	9.510972346436715	19.843787346408718	NaN	0.17269661839675524	0.12441595756574228	-19.293128363698028	-0.15031258515112786	1.5966928487600902	0.1147433255501701	1	9.338432989481188	4	8	13	21	36	94	0.032841835421450694	1.013538181108722	23.175349708021212	1.0154185737804529	12.99104160827603	1.0859988246851242	-0.534150134829455	1.0859988246851242	0.2942582280065559	1.0859988246851242	0.001140415574317248	1.1487253610923749	NaN	NaN	800000009	800000009	800000009	800000009	800000019	800010019	899999999	899999999	89999	89999	89	89	4	4	0	32	14	0	1	NaN	0	0	0	0	0	0	0	0	0	NaN	NaN	NaN	NaN	0	0	0	0	0	0	0	0	17900	0	0	0	18000	18000	18000	18000	93	NaN	0.13032615377992818	0.0893720437836342	0.029133717567922195	0.04799995590269887	1.8158628204786735	0.03412068393308721	2.6536890163437155e-7	NaN	0.020386508536018127	-0.014069037097521447	0.007750498700888597	0.000001140415574317248	NaN	431.75708618621843	23.425277621900104	95533.6044906684	11.360540780173407	19.237664950264815	96.18264819293552	95.88840970569187	96.4768878932529	-0.5884768878055925	0.00028895309683866805	-1	0	2.1022379926178187	80.03354144191742	1.000101470735338	-273.1499938964844	9.000923935519324	-273.1499938964844	217
DATA	2026-09-20T230000_AIU-0547.ghg	2026-09-20	23:30:00	263.979	0	18000	18000	0.010031202723157488	1	NaN	15.683178311571307	0	NaN	5.450732802955267	1	NaN	0.9168228509777749	2	NaN	0.12343012740506372	1	NaN	0.00023401040087994314	1	NaN	NaN	NaN	NaN	NaN	NaN	NaN	NaN	NaN	NaN	-1.9652325680677885e-10	-1.0474708655127713e-11	-1.020096884084362e-12	NaN	16.751617831933018	434.4108905913874	444.7077164814481	0.1	1	892.8628557385475	23.154142616480314	23.70296443545213	0.1	1	0.08695293082043747	2.1210180495039515	2.171292464898295	0.2	0	NaN	NaN	NaN	NaN	9	296.3277970479329	294.0351742986044	95156.84793359374	1.1175815742550268	1018.392410605579	0.025690304925028558	0.007998272255848128	0.01624105507176656	2203.866233245482	2462.089681015534	0.014532321797263657	89.51202103801747	258.2234477700522	292.2098125944783	1.047683814941172	0.19040809535793998	0.2923070724881592	1.104237313032907	8.760873936742223e-14	-1.1731598629963579e-14	1.104237313032907	2.076492217796782	321.699381800886	10.30061819911401	15.349959135532707	NaN	0.09474076500093381	0.11691178369352376	-4.575973883666441	-0.6337448756758227	2.8772605223041263	0.14544634296210143	1	21.11473022870214	9	17	28	41	66	150	0.009910528958766212	1.012176319235164	15.889920310646009	1.0146343906708841	5.018528885430272	1.0861216359199934	0.8441253913528618	1.0861216359199934	0.11364300583195075	1.0861216359199934	-0.004979942660570917	1.148101407346379	NaN	NaN	800000009	800000009	800000009	800000009	800000009	800010019	899999999	899999999	89999	89999	89	89	7	1	0	50	11	0	3	NaN	0	0	0	0	0	0	0	0	0	NaN	NaN	NaN	NaN	0	0	0	0	0	0	0	0	17812	0	0	0	18000	18000	18000	18000	93	NaN	0.05752923705583243	0.150895990102606	0.025398340228609106	0.026000520528992245	4.420138977173656	0.015922115312299315	1.587939628192304e-7	NaN	0.013961347347970025	0.022199998511373872	0.0029887438360952532	-0.000004979942660570917	NaN	434.41042180159104	23.154113287157166	95561.01063693577	11.366127574708727	19.055695720778576	96.15049888102212	95.84362749184501	96.45736901474	-0.6137416524191711	0.0002884248937447813	-1	0	2.100786175652787	78.45442736356509	1.000111986329158	-273.1499938964844	9.001034678353204	-273.1499938964844	181
