DATAH	filename	date	time	DOY	daytime	file_records	used_records	Tau	qc_Tau	rand_err_Tau	H	qc_H	rand_err_H	LE	qc_LE	rand_err_LE	co2_flux	qc_co2_flux	rand_err_co2_flux	h2o_flux	qc_h2o_flux	rand_err_h2o_flux	ch4_flux	qc_ch4_flux	rand_err_ch4_flux	none_flux	qc_none_flux	rand_err_none_flux	H_strg	LE_strg	co2_strg	h2o_strg	ch4_strg	none_strg	co2_v-adv	h2o_v-adv	ch4_v-adv	none_v-adv	co2_molar_density	co2_mole_fraction	co2_mixing_ratio	co2_time_lag	co2_def_timelag	h2o_molar_density	h2o_mole_fraction	h2o_mixing_ratio	h2o_time_lag	h2o_def_timelag	ch4_molar_density	ch4_mole_fraction	ch4_mixing_ratio	ch4_time_lag	ch4_def_timelag	none_molar_density	none_mole_fraction	none_mixing_ratio	none_time_lag	none_def_timelag	sonic_temperature	air_temperature	air_pressure	air_density	air_heat_capacity	air_molar_volume	ET	water_vapor_density	e	es	specific_humidity	RH	VPD	Tdew	u_unrot	v_unrot	w_unrot	u_rot	v_rot	w_rot	wind_speed	max_wind_speed	wind_dir	yaw	pitch	roll	u*	TKE	L	(z-d)/L	bowen_ratio	T*	model	x_peak	x_offset	x_10%	x_30%	x_50%	x_70%	x_90%	un_Tau	Tau_scf	un_H	H_scf	un_LE	LE_scf	un_co2_flux	co2_scf	un_h2o_flux	h2o_scf	un_ch4_flux	ch4_scf	un_none_flux	un_none_scf	spikes_hf	amplitude_resolution_hf	drop_out_hf	absolute_limits_hf	skewness_kurtosis_hf	skewness_kurtosis_sf	discontinuities_hf	discontinuities_sf	timelag_hf	timelag_sf	attack_angle_hf	non_steady_wind_hf	u_spikes	v_spikes	w_spikes	ts_spikes	co2_spikes	h2o_spikes	ch4_spikes	none_spikes	head_detect_LI-7200	t_out_LI-7200	t_in_LI-7200	aux_in_LI-7200	delta_p_LI-7200	chopper_LI-7200	detector_LI-7200	pll_LI-7200	sync_LI-7200	chopper_LI-7500	detector_LI-7500	pll_LI-7500	sync_LI-7500	not_ready_LI-7700	no_signal_LI-7700	re_unlocked_LI-7700	bad_temp_LI-7700	laser_temp_unregulated_LI-7700	block_temp_unregulated_LI-7700	motor_spinning_LI-7700	pump_on_LI-7700	top_heater_on_LI-7700	bottom_heater_on_LI-7700	calibrating_LI-7700	motor_failure_LI-7700	bad_aux_tc1_LI-7700	bad_aux_tc2_LI-7700	bad_aux_tc3_LI-7700	box_connected_LI-7700	mean_value_RSSI_LI-7200	mean_value_LI-7500	u_var	v_var	w_var	ts_var	co2_var	h2o_var	ch4_var	none_var	w/ts_cov	w/co2_cov	w/h2o_cov	w/ch4_cov	w/none_cov	co2_mean	h2o_mean	air_p_mean	vin_sf_mean	dew_point_mean	avg_signal_strength_7200_mean	co2_signal_strength_7200_mean	h2o_signal_strength_7200_mean	delta_signal_strength_7200_mean	flowrate_mean	hit_power_mean	hit_vin_mean	ch4_mean	rssi_77_mean	ch4_aux-1_mean	ch4_aux-2_mean	ch4_aux-3_mean	ch4_aux-4_mean	CHK
DATAU		[yyyy-mm-dd]	[HH:MM]	[ddd.ddd]	[1=daytime]	[#]	[#]	[kg+1m-1s-2]	[#]	[kg+1m-1s-2]	[W+1m-2]	[#]	[W+1m-2]	[W+1m-2]	[#]	[W+1m-2]	[µmol+1s-1m-2]	[#]	[µmol+1s-1m-2]	[mmol+1s-1m-2]	[#]	[mmol+1s-1m-2]	[µmol+1s-1m-2]	[#]	[µmol+1s-1m-2]	[µmol+1s-1m-2]	[#]	[µmol+1s-1m-2]	[W+1m-2]	[W+1m-2]	[µmol+1s-1m-2]	[mmol+1s-1m-2]	[µmol+1s-1m-2]	[µmol+1s-1m-2]	[µmol+1s-1m-2]	[mmol+1s-1m-2]	[µmol+1s-1m-2]	[µmol+1s-1m-2]	[mmol+1m-3]	[µmol+1mol_a-1]	[µmol+1mol_d-1]	[s]	[1=default]	[mmol+1m-3]	[mmol+1mol_a-1]	[mmol+1mol_d-1]	[s]	[1=default]	[mmol+1m-3]	[µmol+1mol_a-1]	[µmol+1mol_d-1]	[s]	[1=default]	[mmol+1m-3]	[µmol+1mol_a-1]	[µmol+1mol_d-1]	[s]	[1=default]	[K]	[K]	[Pa]	[kg+1m-3]	[J+1kg-1K-1]	[m+3mol-1]	[mm]	[kg+1m-3]	[Pa]	[Pa]	[kg+1kg-1]	[%]	[Pa]	[K]	[m+1s-1]	[m+1s-1]	[m+1s-1]	[m+1s-1]	[m+1s-1]	[m+1s-1]	[m+1s-1]	[m+1s-1]	[deg_from_north]	[deg]	[deg]	[deg]	[m+1s-1]	[m+2s-2]	[m]	[#]	[#]	[K]	[0=KJ/1=KM/2=HS]	[m]	[m]	[m]	[m]	[m]	[m]	[m]	[kg+1m-1s-2]	[#]	[W+1m-2]	[#]	[W+1m-2]	[#]	[µmol+1s-1m-2]	[#]	[mmol+1s-1m-2]	[#]	[µmol+1s-1m-2]	[#]	[µmol+1s-1m-2]	[#]	8u/v/w/ts/co2/h2o/ch4/none	8u/v/w/ts/co2/h2o/ch4/none	8u/v/w/ts/co2/h2o/ch4/none	8u/v/w/ts/co2/h2o/ch4/none	8u/v/w/ts/co2/h2o/ch4/none	8u/v/w/ts/co2/h2o/ch4/none	8u/v/w/ts/co2/h2o/ch4/none	8u/v/w/ts/co2/h2o/ch4/none	8co2/h2o/ch4/none	8co2/h2o/ch4/none	8aa	8U	[#]	[#]	[#]	[#]	[#]	[#]	[#]	[#]	[#_flagged_recs]	[#_flagged_recs]	[#_flagged_recs]	[#_flagged_recs]	[#_flagged_recs]	[#_flagged_recs]	[#_flagged_recs]	[#_flagged_recs]	[#_flagged_recs]	[#_flagged_recs]	[#_flagged_recs]	[#_flagged_recs]	[#_flagged_recs]	[#_flagged_recs]	[#_flagged_recs]	[#_flagged_recs]	[#_flagged_recs]	[#_flagged_recs]	[#_flagged_recs]	[#_flagged_recs]	[#_flagged_recs]	[#_flagged_recs]	[#_flagged_recs]	[#_flagged_recs]	[#_flagged_recs]	[#_flagged_recs]	[#_flagged_recs]	[#_flagged_recs]	[#_flagged_recs]	[#]	[#]	[m+2s-2]	[m+2s-2]	[m+2s-2]	[K+2]	--	--	--	--	[m+1s-1K+1]	--	--	--	--	--	--	--	--	--	--	--	--	--	--	--	--	--	--	--	--	--	--	207
DATA	2026-03-19T233000_AIU-0547.ghg	2026-03-20	00:00:00	79	0	18000	18000	0.011552312233271321	1	NaN	19.067159942907075	0	NaN	4.025902321733964	0	NaN	0.1895570847820754	2	NaN	0.08970911664062797	0	NaN	-0.0016456165710867425	0	NaN	NaN	NaN	NaN	NaN	NaN	NaN	NaN	NaN	NaN	-9.478393768963378e-12	-1.401017611297002e-13	-4.8655371287760856e-14	NaN	18.20355772089405	435.70599006003	438.53023212372887	0.1	0	269.0699033705931	6.440244837902103	6.481990443394506	0.1	1	0.09344419331558876	2.0953278668712905	2.1089097620801285	0	0	NaN	NaN	NaN	NaN	9	277.2658435092502	277.25072617933483	95755.48972460938	1.2002996067987033	1008.6993730643109	0.02407238001794255	0.005813150758312693	0.0048210112120585305	616.8542186416867	816.8483597363152	0.004016506532828549	75.5163686489879	199.9941410946285	273.2813612889186	1.5462599417765934	0.80669663143244	0.2281615812717735	1.7589022058874924	2.6301206978961584e-14	-5.206890825568715e-16	1.7589022058874924	2.792615256111335	304.448577343405	27.55142265659499	7.453306942433013	NaN	0.09810465780855954	0.0845332067773199	-4.1844781284772505	-0.6930374376351017	4.736120854192709	0.16052584607323028	1	35.18829254150489	16	28	45	68	107	238	0.01144589075729069	1.0092977888953591	19.06648621468361	1.013355584883209	3.6939538436308843	1.0898626491165897	0.1739274989703746	1.0898626491165897	0.08231231404557585	1.0898626491165897	-0.0076954641721648535	1.1490077177175584	NaN	NaN	800000009	800000009	800000009	800000009	800000009	800001009	899999999	899999999	89999	89999	89	89	5	5	0	36	31	0	0	NaN	0	0	18000	0	0	0	0	0	0	NaN	NaN	NaN	NaN	0	0	0	0	0	0	0	0	17307	0	0	0	18000	18000	18000	18000	100	NaN	0.06693352763150363	0.07505318679205347	0.02707969913108272	0.050876152892374286	7.760113101406424	0.012931426736982287	1.9504093446985725e-8	NaN	0.015747776739244795	0.004213995292004204	0.0019943005327818235	-0.000007695464172164853	NaN	435.70857853139455	6.440231062477252	96146.05251584202	11.37028766992357	0.12363136601912195	102.70500261243184	102.55484667841593	102.85516335741679	-0.300309451421102	0.00026597348372322616	-1	0	2.0895203234089745	77.26445768207972	1.000030082328452	-273.1499938964844	9.000155674404569	-273.1499938964844	139
DATA	2026-03-20T000000_AIU-0547.ghg	2026-03-20	00:30:00	79.02	0	18000	18000	0.010423449346693264	0	NaN	11.560898924513772	0	NaN	4.941614637666699	1	NaN	3.5412782253894095	0	NaN	0.11009301378125841	1	NaN	-0.004480652445209966	0	NaN	NaN	NaN	NaN	NaN	NaN	NaN	NaN	NaN	NaN	-1.0731138470541258e-10	-1.5637344354836586e-12	-5.528103783006769e-13	NaN	18.15136094585834	434.4762681639243	437.24453308081735	0.1	0	264.5004371143884	6.331159585662238	6.37149855984443	0.1	1	0.09350602211217178	2.094721389427756	2.1080679037437697	-0.1	0	NaN	NaN	NaN	NaN	9	277.0494804017809	277.0511872753567	95732.90722526042	1.2009304700480896	1008.6364327611858	0.024060729353882315	0.007134027293025544	0.004741647520754957	606.2628932354494	805.469386629471	0.003948311446011595	75.26827255004542	199.20649339402166	273.0428867528207	1.5667311628096545	0.671807915788023	0.19069767171636515	1.7153244632524802	2.05298303532117e-14	-5.912029683366425e-15	1.7153244632524802	2.701068319032358	308.79054429950145	23.20945570049857	6.382935098970175	NaN	0.09316371500649213	0.09977666252248149	-5.9091489882811	-0.4907644071508806	2.339498275804955	0.10244535953755265	1	40.417917959784106	18	32	53	79	126	285	0.010326264407984292	1.0094114323311176	11.691273432618676	1.013382644416163	4.535628330840825	1.0895104883407878	3.250338811131971	1.0895104883407878	0.1010481449783184	1.0895104883407878	-0.00808193435442739	1.1488358342060496	NaN	NaN	800000009	800000009	800000009	800000009	800000009	800000009	899999999	899999999	89999	89999	89	89	0	4	0	28	25	0	0	NaN	0	0	13561	0	0	0	0	0	0	NaN	NaN	NaN	NaN	0	0	0	0	0	0	0	0	17307	0	0	0	18000	18000	18000	18000	100	NaN	0.10049306656362081	0.07596734115456985	0.023092917326772325	0.03969317166018352	20.96089334262345	0.025079471218199645	2.996028445503382e-8	NaN	0.009651821971753715	0.07870394332857344	0.0024467872237175646	-0.000008081934354427389	NaN	434.4760967012817	6.331133894181481	96123.73408463542	11.376093358357746	-0.11640219664325231	102.73163623131646	102.58184697235956	102.88140755462646	-0.2995772206518385	0.0002663193691340792	-1	0	2.089015817562739	77.17202611160278	1.0000334971447786	-273.1499938964844	9.000182197994656	-273.1499938964844	126
DATA	2026-03-20T003000_AIU-0547.ghg	2026-03-20	01:00:00	79.041	0	18000	18000	0.006417378063528322	0	NaN	19.770177386142663	0	NaN	6.224077813685124	0	NaN	1.546106844036291	1	NaN	0.13864372494287344	0	NaN	-0.004960891719049826	0	NaN	NaN	NaN	NaN	NaN	NaN	NaN	NaN	NaN	NaN	7.657032939336286e-11	1.1204546310048653e-12	3.943877024061891e-13	NaN	18.162403333518597	434.6712766570414	437.45372314300533	0.1	0	265.7706854135993	6.36055047371123	6.401266049514823	0.1	1	0.09354835714604884	2.0941851511402882	2.1075905874496805	-0.1	0	NaN	NaN	NaN	NaN	9	276.8961289104885	276.89222396596267	95720.0914437934	1.2014456763821415	1008.6501141746952	0.024050143656672022	0.0089841133762982	0.004765756210704056	608.9957858423569	796.5048225991007	0.0039666847235698246	76.45851833704195	187.50903675674385	273.10477173187223	1.4583057074911034	0.7796360055975465	0.2179511761459274	1.6679300203871357	5.448672986048038e-15	4.2158698927279524e-15	1.6679300203871357	2.8048303262334815	303.8702524609988	28.129747539001215	7.508406400360772	NaN	0.0730847462221417	0.11332494843239499	-1.6680357413548232	-1.738571859164446	3.176402670074786	0.22322310347542323	1	33.154621089119786	15	26	42	62	96	206	0.006356711770259815	1.0095436595933667	19.87534482532494	1.0134187350711208	5.7146725311258235	1.0891398903060059	1.4195668139580264	1.0891398903060059	0.12729652653151832	1.0891398903060059	-0.011158521306133273	1.1486626018817534	NaN	NaN	800000009	800000009	800000009	800000009	800000009	800000009	899999999	899999999	89999	89999	89	89	1	1	1	24	19	0	0	NaN	0	0	5974	0	0	0	0	0	0	NaN	NaN	NaN	NaN	0	0	0	0	0	0	0	0	16415	0	0	0	18000	18000	18000	18000	100	NaN	0.07570777875599015	0.11910547322358439	0.03183664488521542	0.0477778904200657	25.26206755660856	0.022102910122282503	2.5780201838930896e-8	NaN	0.016400987259870273	0.03435938905655793	0.0030811025149635623	-0.000011158521306133273	NaN	434.67139270646203	6.360527715694115	96111.45071137152	11.390000343322754	-0.05382017001728118	102.73988786527846	102.58977712800768	102.89000795724657	-0.3002242351041899	0.00026612093255648197	-1	0	2.088449732078446	76.91659263208176	1.0000705094420248	-273.1499938964844	9.000483730289671	-273.1499938964844	077
DATA	2026-03-20T010000_AIU-0547.ghg	2026-03-20	01:30:00	79.062	0	18000	18000	0.003516541645233141	1	NaN	10.392750751950604	0	NaN	5.044966954803552	0	NaN	3.410718951434211	0	NaN	0.11236706513548281	0	NaN	-0.0042702241010856455	0	NaN	NaN	NaN	NaN	NaN	NaN	NaN	NaN	NaN	NaN	-6.852517225918337e-11	-9.880194538925124e-13	-3.554568988794687e-13	NaN	18.058117380637672	434.4498540869266	437.18842296641634	0.1	0	260.3681345777786	6.264047114761128	6.303532740839184	0.1	1	0.09367189008215412	2.095848716865184	2.1090599678717896	-0.1	0	NaN	NaN	NaN	NaN	9	276.76115816836887	276.78452875264486	95703.33707378473	1.2017467316152066	1008.5955249195802	0.02404499824572821	0.007281385820779285	0.0046944536983730785	599.6510193734225	790.4817081826722	0.00390635861523293	75.85893679336719	190.83068880924964	272.89213588596573	1.5022199824684124	0.5828731488558507	0.189652954960566	1.6224593143465293	5.615006754480344e-15	-3.794701895816539e-15	1.6224593143465293	2.656938002922424	310.793355845052	21.206644154947956	6.712780444972238	NaN	0.054094287846882035	0.13486577242429842	-1.286463590609935	-2.254241799898168	2.060023553188029	0.15850724498853455	1	40.373659476325805	18	31	51	74	115	245	0.003482829140187307	1.009679632186614	10.540470044833222	1.013460386389396	4.633533994497991	1.0887946351087765	3.1325640680562885	1.0887946351087765	0.10320317671684406	1.0887946351087765	-0.0075387686766645885	1.148510010922157	NaN	NaN	800000009	800000009	800000009	800000009	800000009	800000009	899999999	899999999	89999	89999	89	89	6	1	0	37	9	0	0	NaN	0	0	1845	0	0	0	0	0	0	NaN	NaN	NaN	NaN	0	0	0	0	0	0	0	0	17208	17997	0	0	18000	18000	18000	18000	100	NaN	0.1421826665211756	0.1048190702728711	0.02272980805455016	0.03625400648377356	30.885281411212247	0.027134400607382377	2.2821232921077825e-8	NaN	0.008696209460950148	0.07579742351281335	0.002497166769306691	-0.000007538768676664589	NaN	434.4482622785076	6.264019404803981	96096.6058016493	11.377240051269533	-0.2669465312909048	102.75363114759656	102.60317391692267	102.90405922698974	-0.3009314166117046	0.00026759269004105574	-1	0	2.0901995652980276	78.98223482237918	1.000049068538679	-273.1499938964844	9.000284813986884	-273.1499938964844	204
DATA	2026-03-20T013000_AIU-0547.ghg	2026-03-20	02:00:00	79.083	0	18000	18000	0.006153516394368562	1	NaN	14.124824666984061	0	NaN	6.461851630176292	1	NaN	4.509617379236805	1	NaN	0.1439150923075852	1	NaN	-0.004909135005094367	0	NaN	NaN	NaN	NaN	NaN	NaN	NaN	NaN	NaN	NaN	6.569902251143456e-11	9.487816803215728e-13	3.41736191664848e-13	NaN	18.01981617906991	433.60414944247077	436.3364109709246	0.1	0	260.2302259594227	6.261823354081601	6.301280861742286	0.1	1	0.09373082155772093	2.0964590467044797	2.1096694239729055	-0.1	0	NaN	NaN	NaN	NaN	9	276.6881393076579	276.7086304236518	95683.15179296875	1.2018238352698054	1008.5931410485696	0.02404347589134597	0.00932569798153152	0.004693084281317053	599.3117104010836	786.2611403375296	0.003904968551620938	76.22298491615756	186.949429936446	272.8843599808199	1.5533288513355756	0.5347088024565544	0.20798892234225727	1.6558995789699975	-8.348980004671649e-14	3.645931892898233e-15	1.6558995789699975	2.88336094533187	313.00478871595345	18.995211284046565	7.215683092624185	NaN	0.07155521229045898	0.17686695934608088	-2.1905263258928236	-1.3238827425723845	2.185878827830454	0.16284895187122023	1	37.571818488433486	17	29	48	70	110	237	0.006095133010945157	1.0095786889832534	14.305059576252129	1.01342908850582	5.933501494733995	1.0890452519328107	4.140890721697053	1.0890452519328107	0.13214794523199863	1.0890452519328107	-0.009387567848606143	1.1486206074968133	NaN	NaN	800000009	800000009	800000009	800000009	800000009	810000009	899999999	899999999	89999	89999	89	89	10	16	4	28	2	0	0	NaN	0	0	4375	0	0	0	0	0	0	NaN	NaN	NaN	NaN	0	0	0	0	0	0	0	0	16246	18000	0	0	18000	18000	18000	18000	100	NaN	0.2084993976161677	0.12276846861034463	0.022466052465649432	0.05222384151259682	30.572408742615526	0.0268986905100649	2.9203112149486243e-8	NaN	0.011801381434530921	0.10018893996404804	0.00319732237362569	-0.000009387567848606143	NaN	433.60354527956116	6.261795911625227	96076.95689236111	11.369999885559082	-0.274619023576841	102.75866678979662	102.60734733157688	102.9099326025645	-0.30260761775573086	0.00026728579683306944	-1	0	2.090809880501694	78.97640548642478	1.0000545930299494	-273.1499938964844	9.000310996082094	-273.1499938964844	183
DATA	2026-03-20T020000_AIU-0547.ghg	2026-03-20	02:30:00	79.104	0	18000	18000	0.006569846050195224	0	NaN	15.77562656796267	0	NaN	6.488136049397793	1	NaN	3.2993347047641945	1	NaN	0.1444845765926972	1	NaN	-0.0029645515251319073	0	NaN	NaN	NaN	NaN	NaN	NaN	NaN	NaN	NaN	NaN	7.00184508254209e-11	1.0161470187526202e-12	3.6366173346308727e-13	NaN	18.062524559856726	436.4207275886616	439.20245247050383	0.1	1	262.1334843355421	6.333582306280653	6.373952257519959	0.1	1	0.09381311518209526	2.0972606704699532	2.1106285098551028	-0.1	0	NaN	NaN	NaN	NaN	9	276.57807961781816	276.59286758507625	95675.1890891927	1.2021940805508469	1008.6307499428352	0.02403541736362329	0.009362600563206779	0.00474845738636589	606.1292289138705	779.8621530930078	0.003949825958376156	77.72261117043622	173.73292417913729	273.0398536576457	1.6753967680268755	0.6672028338424305	0.20359425352479893	1.814818054756611	2.7135231315009477e-15	3.876448754070306e-15	1.814818054756611	3.1976060484935185	310.28578655181315	21.71421344818686	6.441251360816056	NaN	0.07392482478780418	0.15386102454118478	-2.162572063511807	-1.3409957748601828	2.4314574244211338	0.17599062109032199	1	39.98843803276988	18	31	51	75	117	252	0.006510198225002673	1.0091622133660187	15.939965484909338	1.0133288739341202	5.9506383217818914	1.090326062272753	3.0260073742407174	1.090326062272753	0.1325150169221153	1.090326062272753	-0.00808122450038553	1.149244957099596	NaN	NaN	800000009	800000009	800000009	800000009	800000009	800000009	899999999	899999999	89999	89999	89	89	2	1	0	20	2	0	0	NaN	0	0	1110	0	0	0	0	0	0	NaN	NaN	NaN	NaN	0	0	0	0	0	0	0	0	14786	604	0	0	18000	18000	18000	18000	100	NaN	0.15712690463786286	0.11968503732512878	0.03091010711937792	0.06577220736327574	27.281118311435932	0.014958243075457615	2.779771008180219e-8	NaN	0.013145605264381804	0.07319506148388984	0.0032053605994885274	-0.000008081224500385529	NaN	436.4205969952431	6.333566531889158	96068.38832552083	11.350577033837636	-0.11733496096318154	102.76522588030497	102.61430352316962	102.9161874525282	-0.301859190137022	0.000268944502694972	-1	0	2.091537302076817	77.45993469768094	1.0000500485913622	-273.1499938964844	9.000277118338479	-273.1499938964844	046
DATA	2026-03-20T023000_AIU-0547.ghg	2026-03-20	03:00:00	79.124	0	18000	18000	0.018910875632972293	0	NaN	16.444520359705773	0	NaN	4.499918382855613	1	NaN	-0.5565434764215438	0	NaN	0.10021043199541173	1	NaN	-0.0019826639584033952	0	NaN	NaN	NaN	NaN	NaN	NaN	NaN	NaN	NaN	NaN	-2.781781264629042e-10	-4.0897555146418044e-12	-1.4443239348594229e-12	NaN	18.07876474245927	435.6678223989418	438.4763326313739	0.1	1	265.7927448988137	6.405158097308787	6.446448619885331	0.1	1	0.09386644795635514	2.0986996721596243	2.1122288317647713	-0.1	0	NaN	NaN	NaN	NaN	9	276.6089226031833	276.6092240693834	95653.14232942708	1.201813377036074	1008.6702661539656	0.02404237887964666	0.00649363599330268	0.00480072922354705	612.8378423048177	780.7634822059907	0.003994571299735957	78.49212421837261	167.92563990117299	273.1913584752706	1.813686891160072	0.8803924680252262	0.25081786052020827	2.0316152775753116	1.1540452601431512e-14	-1.538700958974166e-14	2.0316152775753116	3.295080302671471	306.10732610372133	25.892673896278623	7.091679039211135	NaN	0.12544036308493958	0.18906491593121116	-10.134696789912658	-0.2861457091529812	3.654404138163548	0.10814281144775095	1	39.50279092570789	17	31	53	80	131	306	0.018747197007994185	1.0087308318629347	16.497543326976075	1.013299383963667	4.119762049817269	1.0922762840283957	-0.5095262842922582	1.0922762840283957	0.09174458281363415	1.0922762840283957	-0.007243637853939505	1.150320521176945	NaN	NaN	800000009	800000009	800000009	800000009	800000009	800000009	899999999	899999999	89999	89999	89	89	4	0	0	26	9	0	0	NaN	0	0	780	0	0	0	0	0	0	NaN	NaN	NaN	NaN	0	0	0	0	0	0	0	0	16415	0	0	0	18000	18000	18000	18000	100	NaN	0.15208265432731843	0.19022878818746464	0.03581838934763924	0.052206956638763645	21.719356547796085	0.013206730511171152	1.525688309830263e-8	NaN	0.013609213432002311	-0.012329215735113296	0.0022199811646781606	-0.000007243637853939505	NaN	435.66750709003384	6.405144009048907	96045.73788802083	11.356093563715618	0.03453051614012375	102.76341432825724	102.61221412531535	102.91467806794908	-0.3024381588829888	0.00026791080982851176	-1	0	2.0929130857454408	76.72815416357253	1.0000366429686547	-273.1499938964844	9.000226809687085	-273.1499938964844	255
DATA	2026-03-20T030000_AIU-0547.ghg	2026-03-20	03:30:00	79.145	0	18000	18000	0.014424013698530108	0	NaN	17.18023825329837	0	NaN	6.436591876580851	0	NaN	2.0437026687299142	0	NaN	0.1433915716421729	0	NaN	-0.0019502031718119266	0	NaN	NaN	NaN	NaN	NaN	NaN	NaN	NaN	NaN	NaN	6.988848215167461e-11	1.0389618307318864e-12	3.650599268221531e-13	NaN	17.990697637216794	436.290638446755	439.13884666735765	-0.1	0	267.4496222816982	6.485894477835112	6.528235927185247	0.1	1	0.09397375019060242	2.1049206914390655	2.118662110320793	0	0	NaN	NaN	NaN	NaN	9	277.0026547622681	276.9949591208564	95624.21266818576	1.1997400759596013	1008.7204291306521	0.02408319008201349	0.009291773842412802	0.004853004111793753	620.3749172707825	802.288316717109	0.004045046263801867	77.3256825936716	181.91339944632648	273.359830605716	1.8201423634125105	0.9763369573886688	0.22651065899476208	2.077849647132822	-1.3863162172063948e-14	3.884701058345758e-15	2.077849647132822	3.6523076145062046	303.79058328612814	28.209416713871857	6.258367984644592	NaN	0.10964768832242194	0.23775052864171423	-6.47744643653867	-0.44770729150940886	2.6691514053901138	0.129470766639913	1	42.95307728341574	19	34	56	84	135	306	0.014300238895813625	1.008655436011822	17.327352823616927	1.013306374239349	5.890446928729576	1.0927170645044864	1.8702944569248312	1.0927170645044864	0.13122479395633538	1.0927170645044864	-0.007579061037801814	1.1505784467441007	NaN	NaN	800000009	800000009	800000009	800000009	800000009	800001009	899999999	899999999	89999	89999	89	89	1	4	2	25	10	0	0	NaN	0	0	0	0	0	0	0	0	0	NaN	NaN	NaN	NaN	0	0	0	0	0	0	0	0	16118	0	0	0	18000	18000	18000	18000	100	NaN	0.23012414192262087	0.19932166435043197	0.046055251010375595	0.06567472794498064	8.316050334903695	0.01515964276735838	2.0722117398798023e-8	NaN	0.01431773223052502	0.04533678539720146	0.0031809484866742906	-0.000007579061037801814	NaN	436.29125375756695	6.485878468751974	96019.35032421874	11.369999885559082	0.2027538437100238	102.7446351369222	102.59331609005399	102.89599633789064	-0.3026882389725911	0.00026950898226803265	-1	0	2.0990483733283143	76.54545506964789	1.0000427602430184	-273.1499938964844	9.000257371001773	-273.1499938964844	098
DATA	2026-03-20T033000_AIU-0547.ghg	2026-03-20	04:00:00	79.166	0	18000	18000	0.090743276152051	0	NaN	-115.29033935469347	1	NaN	38.257606226951445	1	NaN	13.06128502677113	1	NaN	0.8552882327749718	1	NaN	-0.008959859412191662	1	NaN	NaN	NaN	NaN	NaN	NaN	NaN	NaN	NaN	NaN	1.1338943320748975e-10	1.6104356084335743e-12	6.056610582900924e-13	NaN	17.46382348749109	424.5753308245856	427.151100742371	0.1	1	248.0333696720212	6.0301141991881275	6.066697075364456	0.1	1	0.09328168874316739	2.124646199173341	2.13753578405605	0	1	NaN	NaN	NaN	NaN	9	280.7141447906497	280.6841867353652	95609.0576905382	1.1839879353777853	1008.5317531027024	0.02440781642332584	0.05542267748381817	0.004451961529312982	576.6881853687281	1036.1963772608017	0.0037601409577644523	55.654333292807934	459.50819189207357	272.35688595262127	1.1793061885099245	-0.764771570212943	0.19214997239594434	1.4186473320581638	-4.9090681871385064e-14	6.4928183274818266e-15	1.4186473320581638	5.498318293372573	4.9631183255120845	327.0368816744879	7.784405222029833	NaN	0.2768430268122499	1.1687177378348075	15.534134439438017	0.18668565096472245	-3.0135272622852853	-0.3487566322898271	0	70.73232390695915	-10.733903039933168	24.280117902532076	60.46092662549603	92.2067279591262	129.32124701959034	193.74679345193528	0.08979230272708058	1.0105908123089442	-111.24720624043623	1.020806949137831	32.77695948323799	1.1672103462347152	11.190172421710718	1.1672103462347152	0.7327627239888955	1.1672103462347152	0.022519442090235448	1.2924501176333956	NaN	NaN	800000009	800000009	800000009	800000009	800000009	800100009	899999999	899999999	89999	89999	89	89	2	1	0	1	8	0	0	NaN	0	0	8366	0	0	0	0	0	0	NaN	NaN	NaN	NaN	0	0	0	0	0	0	0	0	13118	0	0	0	18000	18000	18000	18000	100	NaN	0.36089632070362343	1.879865215167689	0.0966739397983026	4.839157579208621	51.65726357002509	0.14885378830204413	3.592449968230015e-7	NaN	-0.09316488666655288	0.2747851042421301	0.017993671045262925	0.000022519442090235448	NaN	424.57283272227346	6.029967009448357	96022.43553320313	11.369999885559082	-0.819957204644616	102.57722296100195	102.43100088034734	102.72343399598861	-0.29242916616880293	0.0002698577559785917	-1	0	2.119147823055586	77.53800839445323	1.0000599841243691	-273.1499938964844	9.000328009896808	-273.1499938964844	184
DATA	2026-03-20T040000_AIU-0547.ghg	2026-03-20	04:30:00	79.187	0	18000	18000	0.06435190013783493	1	NaN	78.12649367884882	1	NaN	-17.217017337957834	2	NaN	-5.145587368467666	2	NaN	-0.3845467946413465	2	NaN	-0.0039979375246709465	1	NaN	NaN	NaN	NaN	NaN	NaN	NaN	NaN	NaN	NaN	-1.8921441329624173e-10	-2.8183907957156682e-12	-1.0134715721588941e-12	NaN	17.500877671340536	424.1948136565349	426.892121345575	0.1	1	260.6794677349864	6.318476153970919	6.358653152285004	0.1	1	0.09373832415168488	2.125845503695597	2.1393630179089422	0	0	NaN	NaN	NaN	NaN	9	279.7446673321196	279.7108061057196	95580.50243315971	1.187623503489387	1008.6725661271912	0.024330439606019088	-0.02491863229275925	0.004679691123099601	604.085121393818	969.2760388008139	0.003940382713334724	62.32333176637593	365.19091740699594	272.9933950438133	1.3641397035231357	0.4732394690079766	0.20967271544943397	1.4590391952786501	1.4873100852520045e-13	-1.0811709952472814e-14	1.4590391952786501	4.140529488497723	312.86761228559317	19.132387714406875	8.262354839064873	NaN	0.23277765862615105	0.5182449015651588	-13.624648422717152	-0.21284952903185853	-4.537748446509704	0.28017413844821015	0	90.5076428549825	-13.734883983964496	31.068344968982856	77.36457183139865	117.98585345405347	165.47683707107035	247.91445576016974	0.06369872472830966	1.010254136363188	76.30907949699571	1.0136746937429575	-15.829102369152563	1.0876812175723882	-4.730786268381262	1.0876812175723882	-0.3535473339326592	1.0876812175723882	-0.027190406783424236	1.1480904335446982	NaN	NaN	800000009	800000009	800000009	800000009	800010009	800110009	899999999	899999999	89999	89999	89	89	7	1	5	18	5	0	0	NaN	0	0	18000	0	0	0	0	0	0	NaN	NaN	NaN	NaN	0	0	0	0	0	0	0	0	4617	0	0	0	18000	18000	18000	18000	100	NaN	0.4648195116665226	0.534767729952701	0.036902561511093994	1.0024871761586664	5.702665679545021	0.07223284954457378	1.4216653540883137e-7	NaN	0.06370114253744541	-0.11583420155543477	-0.008656673714442637	-0.000027190406783424235	NaN	424.1941759444464	6.318404213005459	95971.41123806423	11.369999885559082	-0.17313230019248277	102.5277011587355	102.38589314736261	102.66951401519775	-0.28361528310345413	0.0002696268220509712	-1	0	2.120088745004601	77.47923047765087	1.0000832201159662	-273.1499938964844	9.00049067234993	-273.1499938964844	177
DATA	2026-03-20T043000_AIU-0547.ghg	2026-03-20	05:00:00	79.208	0	18000	18000	0.027140438400494925	1	NaN	6.879233833815489	1	NaN	5.263761488481235	1	NaN	-1.5392120686735637	1	NaN	0.11747301246956365	1	NaN	-0.0011172940093687577	1	NaN	NaN	NaN	NaN	NaN	NaN	NaN	NaN	NaN	NaN	1.1853072446938827e-10	1.7691556880142927e-12	6.326396409252465e-13	NaN	17.646630813589933	425.56465432408	428.2850594767744	0.1	1	263.3885637492556	6.351856298741546	6.392460287885607	0.1	1	0.09418619713518354	2.1278154811908845	2.1414174571543456	0	0	NaN	NaN	NaN	NaN	9	278.88404303826223	278.8671059748332	95559.99890755207	1.1909460029344838	1008.6766715174022	0.024262255604646444	0.007612251208027724	0.004717634433071885	607.1461978351675	914.3881837110338	0.003961249646455558	66.39917363882283	307.24198587586625	273.06291571973895	1.5790368966029957	0.41406518938195547	0.2162438967898548	1.6466842213339645	-7.266571007893517e-14	6.71690396435936e-15	1.6466842213339645	3.1374878150105823	317.3063616926846	14.693638307315373	7.545923219598691	NaN	0.15096017607052098	0.2831986118444221	-42.196517281616764	-0.06872605103036328	1.3069045489369941	0.03793443590614898	1	27.318865853067674	12	22	40	64	113	307	0.02688220530634498	1.009606097833387	7.081208411778443	1.013437330649767	4.833676270274977	1.0889768354680878	-1.4134479435569867	1.0889768354680878	0.10787466605666486	1.0889768354680878	-0.0035480517617920643	1.1485893301719974	NaN	NaN	800000009	800000009	800000009	800000009	800010009	800011019	899999999	899999999	89999	89999	89	89	0	5	7	7	2	0	0	NaN	0	0	13697	0	0	0	0	0	0	NaN	NaN	NaN	NaN	0	0	0	0	0	0	0	0	13120	0	0	0	18000	18000	18000	18000	100	NaN	0.19625688789025594	0.3455245716959928	0.024615764102595344	0.12916760101558633	5.801910363993519	0.047129962219560124	9.068468938604934e-9	NaN	0.0058947220071214204	-0.03451271389295964	0.0026340181135663695	-0.000003548051761792064	NaN	425.564304301153	6.351808900905727	95950.52383420139	11.379683996094597	-0.0995077343082665	102.60969410027398	102.46208192189535	102.75730106268989	-0.2952218418262071	0.0002682921164184032	-1	0	2.1220297526187366	77.01096610471936	1.0000709211627643	-273.1903688981798	9.00038150525093	-273.1499938964844	162
DATA	2026-03-20T050000_AIU-0547.ghg	2026-03-20	05:30:00	79.229	0	18000	18000	0.004211257389926602	1	NaN	8.686440985493757	1	NaN	10.18192088143175	1	NaN	0.35482249370802005	2	NaN	0.22707976657744156	1	NaN	-0.0027909893153099633	1	NaN	NaN	NaN	NaN	NaN	NaN	NaN	NaN	NaN	NaN	8.556125814812417e-11	1.310978860976912e-12	4.5159854577398745e-13	NaN	17.83596166822793	429.4224854299481	432.2666520854621	0.1	0	273.284535762217	6.579657814898207	6.623236444329055	0.1	1	0.09413950339425797	2.1200752820426234	2.1341170419153697	-0.1	0	NaN	NaN	NaN	NaN	9	278.19415369245746	278.15858076900906	95554.99139105903	1.1938139226777968	1008.7900709797624	0.024201880057203688	0.014714768874218211	0.004899017579448651	628.8877931140497	870.4339567240932	0.00410366932935399	72.24991491380801	241.54616361004344	273.5479480923522	1.4577589357191898	0.5638800067300057	0.19518235902600403	1.5751564779201812	-3.7187303234707144e-14	4.7971205444188975e-15	1.5751564779201812	3.152067706817489	310.85288520430345	21.14711479569653	7.1179870384658495	NaN	0.059393316023277076	0.23481334462934603	-2.0351452782931747	-1.4249596974384833	0.8531239916953958	0.12144142696276654	1	42.59908970226911	19	33	54	79	124	266	0.004170257629116109	1.0098314695294215	9.1278169426011	1.013511501434225	9.354491198363567	1.0884526657326836	0.3259879872398254	1.0884526657326836	0.20862622117295707	1.0884526657326836	-0.0059905867117550134	1.1483670177176042	NaN	NaN	800000009	800000009	800000009	800000009	800000009	800000009	899999999	899999999	89999	89999	89	89	6	6	2	13	25	8	0	NaN	0	0	17465	0	0	0	0	0	0	NaN	NaN	NaN	NaN	0	0	0	0	0	0	0	0	14050	0	0	0	18000	18000	18000	18000	100	NaN	0.2390925160490194	0.19831010283349843	0.03222407037617418	0.04446239730029904	4.105147480116165	0.025780001705099587	3.319219204287573e-8	NaN	0.007579306733278805	0.007941790447502746	0.005082597504401441	-0.0000059905867117550135	NaN	429.42307644715885	6.579631778251933	95943.64302256945	11.38304685084025	0.3888189132714529	102.63789655240377	102.48804717021518	102.78775174352857	-0.2996938359505602	0.00026767402174947264	-1	0	2.114093579285675	76.5726134707175	1.0000544642673599	-273.1499938964844	9.000301382674111	-273.1499938964844	182
DATA	2026-03-20T053000_AIU-0547.ghg	2026-03-20	06:00:00	79.249	0	18000	18000	0.03815860315116935	1	NaN	25.32452307594441	1	NaN	10.182186072942175	1	NaN	-2.8687095575496033	1	NaN	0.22702854039243975	1	NaN	-0.002815435079653135	1	NaN	NaN	NaN	NaN	NaN	NaN	NaN	NaN	NaN	NaN	8.335706750118416e-11	1.2824817970618997e-12	4.367097374690141e-13	NaN	17.920003532897624	430.51618412936347	433.38679242861303	0.1	1	275.70641606243714	6.6236635481282296	6.667829004047491	0.1	1	0.09388334154370719	2.111779577954468	2.125860563074508	-0.1	0	NaN	NaN	NaN	NaN	9	277.9437600131565	277.89433251868354	95563.10697439236	1.1950306671893025	1008.8100255368399	0.024176835116709282	0.014711449417430095	0.004936891805985331	633.1476578246876	854.5253833593478	0.004131184195964477	74.09348746735056	221.37772553466016	273.6412374838605	1.489042306717071	0.5682934264499688	0.23543219136085491	1.6110967464644963	1.791075766043603e-14	4.651621153319355e-15	1.6110967464644963	3.1145579648175885	311.110630575743	20.889369424257012	8.40281478204009	NaN	0.17869265804100473	0.2829436797246484	-19.01214433086216	-0.15253408292785095	2.4871400792056835	0.1175563589453939	1	19.944152508671756	9	16	28	44	74	187	0.037791452264276146	1.009715183325735	25.579132315661624	1.0134719213364793	9.352497736746287	1.0887130218632413	-2.634954758454204	1.0887130218632413	0.2085292779945806	1.0887130218632413	-0.011206658583959759	1.1484741226947655	NaN	NaN	800000009	800000009	800000009	800000009	800000009	800000009	899999999	899999999	89999	89999	89	89	3	0	4	24	1	0	0	NaN	0	0	14410	0	0	0	0	0	0	NaN	NaN	NaN	NaN	0	0	0	0	0	0	0	0	14423	0	0	0	18000	18000	18000	18000	100	NaN	0.2657815335335572	0.27062085916853124	0.029484966747208356	0.08913525085203723	7.809464722377398	0.023988521415071053	2.618787003503977e-8	NaN	0.02121765426491687	-0.06412975459409803	0.0050752034282828175	-0.000011206658583959758	NaN	430.5159937338642	6.623638853376934	95952.75382790799	11.390000343322754	0.4822787072689657	102.66464934984843	102.51388193215264	102.81538349193997	-0.3014851477675967	0.00026713454418091315	-1	0	2.1057760539253554	76.34315278159247	1.000071133039064	-273.1499938964844	9.000463647868898	-273.1499938964844	109
DATA	2026-03-20T060000_AIU-0547.ghg	2026-03-20	06:30:00	79.27	1	18000	18000	0.025746196141066387	0	NaN	16.608467930024297	0	NaN	2.194305799358476	1	NaN	-0.9543281680823242	2	NaN	0.048910283470895086	1	NaN	-0.002202253350602104	0	NaN	NaN	NaN	NaN	NaN	NaN	NaN	NaN	NaN	NaN	-7.841171381348539e-11	-1.1925117663306083e-12	-4.086626354454617e-13	NaN	18.002697167319994	433.87316102935023	436.7550847551425	0.1	1	273.7910849491422	6.598489236611631	6.64231850376487	0.1	1	0.0938256455792229	2.1072561103417304	2.121253176595625	-0.1	0	NaN	NaN	NaN	NaN	9	277.6010765126547	277.564455640157	95575.62203168403	1.196619032555692	1008.7910244782285	0.024144973740555468	0.0031693863689140015	0.004924618239750601	630.8238797093312	835.0266830373906	0.004115443684054393	75.54535591781614	204.20280332805942	273.59041678668626	1.393475387055016	0.4671375265376539	0.2015118679274013	1.4834413220425668	2.5743286477153953e-15	-4.35555367535843e-15	1.4834413220425668	3.002935478237127	313.4672005131214	18.532799486878584	7.807242545343432	NaN	0.14668259469830955	0.2553911478488501	-16.03596134560621	-0.18084353893722677	7.568893968598144	0.09379806363076708	1	22.9787393765929	10	18	32	49	83	205	0.025487275358472356	1.0101588254904603	16.535467216761337	1.0136356118513385	2.017129680979267	1.0878357599166328	-0.8772722898495816	1.0878357599166328	0.04496109180547932	1.0878357599166328	-0.007389550107583231	1.1481390525243982	NaN	NaN	800000009	800000009	800000009	800000009	800000009	800000009	899999999	899999999	89999	89999	89	89	0	0	0	17	9	0	0	NaN	0	0	6285	0	0	0	0	0	0	NaN	NaN	NaN	NaN	0	0	0	0	0	0	0	0	15083	0	0	0	18000	18000	18000	18000	100	NaN	0.2209846737265146	0.26219473438865976	0.02760288758252586	0.0824386681876578	19.33962608690246	0.02946916855814324	1.7973021799400743e-8	NaN	0.013698069171100639	-0.0213224500994155	0.0010927971252824465	-0.000007389550107583231	NaN	433.8727300713752	6.598459258848602	95965.31738368055	11.383620752864411	0.4308241472690207	102.69229025777182	102.54154956414965	102.84301162550184	-0.3014482911891406	0.00026774067652554054	-1	0	2.1012819256186486	76.16845062573753	1.0000617939217222	-273.1499938964844	9.000351117955313	-273.1499938964844	015
DATA	2026-03-20T063000_AIU-0547.ghg	2026-03-20	07:00:00	79.291	1	18000	18000	0.021551681194938145	0	NaN	18.90773393233432	0	NaN	3.1054206492311818	1	NaN	-0.6232441506686759	2	NaN	0.06919632835458096	1	NaN	-0.0031283820398646986	1	NaN	NaN	NaN	NaN	NaN	NaN	NaN	NaN	NaN	NaN	7.555578472302371e-11	1.1481649113840989e-12	3.9308895528567063e-13	NaN	18.09032015717608	436.56564001893935	439.48122988881545	0.1	1	274.90510377618665	6.634162443328377	6.678468488151422	0.1	1	0.09411728138931928	2.1105371980590166	2.124632354229325	0	0	NaN	NaN	NaN	NaN	9	277.2552928907606	277.2247584118313	95584.12189474827	1.1981756559534122	1008.8053520382659	0.024113279441683105	0.004483922077376846	0.00495774992224551	634.2906877886531	815.3595148031093	0.004137748833079512	77.79276212185	181.06882701445613	273.6661748122053	1.3756064165598754	0.6596866288863514	0.2001469608606997	1.5386806905768264	6.115157421453055e-14	4.176586376944368e-15	1.5386806905768264	2.801872313729771	306.3794594559812	25.620540544018816	7.474041597677535	NaN	0.13411591944089943	0.1624525710815095	-10.767582411786837	-0.269326937941565	6.088622466336521	0.11663564137556537	1	25.591819598233066	11	20	34	53	87	207	0.021339224000669597	1.0099561818303178	18.858081301822235	1.013556725979822	2.853721612157391	1.088200277140386	-0.5727292703016585	1.088200277140386	0.0635878613598755	1.088200277140386	-0.00904366395824774	1.1482682892326475	NaN	NaN	800000009	800000009	800000009	800000009	800000009	800000009	899999999	899999999	89999	89999	89	89	0	1	0	11	0	0	0	NaN	0	0	3365	0	0	0	0	0	0	NaN	NaN	NaN	NaN	0	0	0	0	0	0	0	0	16314	0	0	0	18000	18000	18000	18000	100	NaN	0.15897721723562566	0.1393393322539845	0.02658859267340883	0.06883713462486336	24.043318314371817	0.0127351071348665	4.4025818920445374e-8	NaN	0.01560161780009517	-0.013902638038708717	0.0015435548102444895	-0.00000904366395824774	NaN	436.56525036642165	6.634148815246585	95974.45404557291	11.380000114440918	0.5092440761624674	102.72509653790792	102.57413257810805	102.87608857981364	-0.3019183412550224	0.00026803821978844825	-1	0	2.10451716382636	75.79432778019378	1.0000519995292028	-273.1499938964844	9.000266211032868	-273.1499938964844	066
DATA	2026-03-20T070000_AIU-0547.ghg	2026-03-20	07:30:00	79.312	1	18000	18000	0.013434406713976783	1	NaN	13.136777938155102	0	NaN	12.611274655440305	1	NaN	5.4396483424068265	1	NaN	0.2809798340749895	1	NaN	-0.0038362790050456095	1	NaN	NaN	NaN	NaN	NaN	NaN	NaN	NaN	NaN	NaN	-1.7631570620524696e-10	-2.603513956715042e-12	-9.21527178734401e-13	NaN	18.021561427664693	437.33302325416213	440.17556671561357	0.1	0	266.11008008613936	6.457749308216261	6.499722889207639	0.1	1	0.09419103389174033	2.110926842886971	2.1246472824051263	-0.1	0	NaN	NaN	NaN	NaN	9	277.1149294264052	277.1123681657579	95597.79149045139	1.1989132014437072	1008.7067680373362	0.024100057051634226	0.018207493248059318	0.004828563031140603	617.5121685472169	808.9433177054891	0.00402745004836559	76.33565356578343	191.4311491582722	273.29605575851735	1.5221034198072079	0.4220060719964935	0.20549253074554452	1.592832422316562	-6.446561429855425e-14	-9.78359765955611e-15	1.592832422316562	2.642774565448768	316.5038647816026	15.496135218397399	7.412432011790157	NaN	0.10585597456549407	0.1745298524747761	-7.620876098489687	-0.3805336765119072	1.0416693234484513	0.10261735273535282	1	33.72992348316923	15	27	44	67	109	251	0.01330437728067085	1.009773432499907	13.653027160261747	1.0134914153570826	11.585109734391647	1.0885761934565348	4.9970304100941405	1.0885761934565348	0.2581168279850028	1.0885761934565348	-0.00850527835084598	1.1484187574811904	NaN	NaN	800000009	800000009	800000009	800000009	800000009	800000019	899999999	899999999	89999	89999	89	89	1	7	2	17	6	0	0	NaN	0	0	486	0	0	0	0	0	0	NaN	NaN	NaN	NaN	0	0	0	0	0	0	0	0	16412	0	0	0	18000	18000	18000	18000	100	NaN	0.16736642930882398	0.1622092711048467	0.019484004535881515	0.04147564719239697	15.169726263797287	0.028545693588562758	3.194937667357112e-8	NaN	0.011289540790594098	0.12121168259711043	0.006261073569512595	-0.000008505278350845981	NaN	437.3324978990193	6.457720148052719	95990.01370377604	11.37028766992357	0.136623445902176	102.75277398257785	102.60244325595431	102.9030586520301	-0.30061135959128527	0.00026960650575299453	-1	0	2.105066112213664	75.84816970655655	1.000048532265756	-273.1499938964844	9.000259525961345	-273.1499938964844	088
DATA	2026-03-20T073000_AIU-0547.ghg	2026-03-20	08:00:00	79.333	1	18000	18000	0.017552215585292595	0	NaN	13.718863272283865	0	NaN	4.443054781191388	1	NaN	0.2689271275085735	1	NaN	0.09899565212196008	1	NaN	-0.0025835904522268816	0	NaN	NaN	NaN	NaN	NaN	NaN	NaN	NaN	NaN	NaN	-4.565838943443635e-12	-6.701612988448066e-14	-2.3859224674664012e-14	NaN	18.025071669905564	438.36021139850993	441.1989430965294	0.1	0	264.56705091231095	6.4341307757811865	6.475796899912622	0.1	1	0.09419172250189714	2.111338054466685	2.1250106508944677	0	0	NaN	NaN	NaN	NaN	9	277.1466071345011	277.15661569552947	95606.89772265626	1.1988467151231448	1008.6944918681513	0.024101609379451498	0.006414918257503013	0.00481059321561234	615.3122897611062	811.4639980742476	0.004012684152967962	75.82742934022393	196.1517083131414	273.2468698192968	1.4117491218878047	0.3579437372462687	0.1737127112659719	1.4667431296039128	4.969113937386348e-14	-2.533048981473235e-16	1.4667431296039128	2.8310635728794336	317.7726820038651	14.227317996134914	6.801750799984552	NaN	0.12099965817366581	0.2246566995873653	-10.899587852910315	-0.26606510623478913	3.0877096835176103	0.09375850577610487	1	27.60393896530007	12	22	37	57	94	223	0.01737458314428611	1.010223695125883	13.796018509626718	1.0136620739929478	4.084704306107179	1.087729844862559	0.2472370587041804	1.087729844862559	0.09101124933688728	1.087729844862559	-0.006996343691875101	1.1481050712481702	NaN	NaN	800000009	800000009	800000009	800000009	800000009	800000009	899999999	899999999	89999	89999	89	89	0	1	1	8	2	0	0	NaN	0	0	0	0	0	0	0	0	0	NaN	NaN	NaN	NaN	0	0	0	0	0	0	0	0	15313	0	0	0	18000	18000	18000	18000	100	NaN	0.18904360204369902	0.2377460576806482	0.0225237394503834	0.08584939605685332	10.352054379507944	0.022430275804220995	2.151646626012673e-8	NaN	0.011408550297431225	0.005997409480781808	0.0022077261899638334	-0.000006996343691875101	NaN	438.35983056289325	6.434107709032958	96000.03798632813	11.373046621958414	0.08839485761642599	102.74588424364725	102.59590654415555	102.89586718432108	-0.29995259642104316	0.00027059804292124077	-1	0	2.105499887181653	75.94625205951266	1.0000480020576052	-273.1499938964844	9.000252797550626	-273.1499938964844	082
DATA	2026-03-20T080000_AIU-0547.ghg	2026-03-20	08:30:00	79.354	1	18000	18000	0.03689495920220296	1	NaN	17.2227053387756	1	NaN	-1.5435111406376298	2	NaN	-4.890493458627802	1	NaN	-0.03440864421410628	2	NaN	-0.004653383556053561	1	NaN	NaN	NaN	NaN	NaN	NaN	NaN	NaN	NaN	NaN	-4.921672565927185e-11	-7.368822047751042e-13	-2.5773442381745306e-13	NaN	17.988942751172583	436.69425912726757	439.5682750824617	0.1	1	269.3338823030776	6.538269748095478	6.581300063201849	0.1	1	0.09420313385242803	2.1169250666471897	2.1308571857221086	0	0	NaN	NaN	NaN	NaN	9	277.69690421125625	277.69691158379453	95608.81329622396	1.1964909421200975	1008.7600587021121	0.024148109816554453	-0.0022296801450740872	0.004879041207548878	625.2838924323794	842.808260816295	0.004077792013120936	74.19052725311042	217.52436838391566	273.46858606878186	1.4295043801466545	0.38717069962154116	0.19805540531784058	1.494192044912414	-3.0462207062376125e-14	-2.735943203558404e-15	1.494192044912414	3.1182463407813295	316.8454366738755	15.154563326124478	7.616981684485603	NaN	0.17560173785896352	0.279384352733503	-26.53860737261214	-0.10927476183218271	-11.158134778127252	0.08125971003796813	1	18.8677086002048	8	15	27	43	74	193	0.03652539337192826	1.01011805202237	16.945112078577697	1.013619198552557	-1.4187958054316994	1.087902244092118	-4.49534274351005	1.087902244092118	-0.031628433897405155	1.087902244092118	-0.009657732905315866	1.1481626165595713	NaN	NaN	800000009	800000009	800000009	800000009	800000009	800011009	899999999	899999999	89999	89999	89	89	1	0	2	9	3	0	2	NaN	0	0	926	0	0	0	0	0	0	NaN	NaN	NaN	NaN	0	0	0	0	0	0	0	0	14218	0	0	0	18000	18000	18000	18000	100	NaN	0.25475705504612295	0.28146380367002305	0.022547846750859978	0.17464158653169554	24.62049775542526	0.036819890017583325	4.446902304131226e-8	NaN	0.01403935488619357	-0.10926864977831595	-0.0007687948313978107	-0.000009657732905315866	NaN	436.6936829818794	6.5382324712886755	96004.61486979167	11.380000114440918	0.3084616383226299	102.70289204724631	102.55259667841592	102.85316037686667	-0.3005696982021133	0.00026959652717859053	-1	0	2.1109766251577273	75.95467200639511	1.0000638125605052	-273.1499938964844	9.000328351259231	-273.1499938964844	194
DATA	2026-03-20T083000_AIU-0547.ghg	2026-03-20	09:00:00	79.374	1	18000	18000	0.044577891546207254	1	NaN	103.29056158766163	1	NaN	-29.694912922858848	1	NaN	-15.412526353809447	1	NaN	-0.6635746491293713	1	NaN	0.013766540722460795	2	NaN	NaN	NaN	NaN	NaN	NaN	NaN	NaN	NaN	NaN	1.4962136958028088e-10	2.2467247072299695e-12	7.941170105245501e-13	NaN	17.676732784398716	430.7820567736165	433.58677910372774	0.1	1	265.4350271035398	6.468652794047032	6.510768696164874	0.1	1	0.09381944727525104	2.132877526610602	2.146764198843612	0	1	NaN	NaN	NaN	NaN	9	280.27280286407506	280.23316973368344	95611.32369292535	1.1857244890416838	1008.7638317224377	0.024368019217563028	-0.04299963726358325	0.004783528948545976	618.6423559110273	1004.6983672731113	0.004034266807133316	61.57493393665077	386.05601136208406	273.321264711549	0.8877900310874703	0.15004473027126117	0.13723243315642172	0.9107784039437566	1.1194613790822303e-13	8.464311329768757e-15	0.9107784039437566	2.6346708639813725	322.40713485575355	9.59286514424646	8.666102901111206	NaN	0.19389556114080594	0.3869072136932012	-5.95740685134977	-0.48678897922557474	-3.478392472676678	0.4453684821679066	1	6.043877392759861	3	5	8	13	21	51	0.04396712143215235	1.0138915192571205	100.31985984247615	1.015629292578619	-27.342344818762637	1.0860411979912508	-14.191474855941525	1.0860411979912508	-0.6110032016803078	1.0860411979912508	-0.01776595461666604	1.1489313875371003	NaN	NaN	800000009	800000009	800000009	800000009	800000009	800100009	899999999	899999999	89999	89999	89	89	1	0	0	19	8	0	0	NaN	0	0	3171	0	0	0	0	0	0	NaN	NaN	NaN	NaN	0	0	0	0	0	0	0	0	16612	0	0	0	18000	18000	18000	18000	100	NaN	0.378788754272162	0.36794911776073025	0.027076555353510032	4.303813248438451	62.946398151106976	0.1525733811042828	2.3410566562202224e-7	NaN	0.08387134827174711	-0.3480702817691629	-0.014985902362479701	-0.00001776595461666604	NaN	430.7802379741038	6.46850196398176	96020.46004014758	11.386379704899259	0.14557103745866645	102.59318934906852	102.44426001400419	102.74211362965903	-0.29785769551909524	0.00027087614175333235	-1	0	2.1269897296693574	76.58698958969107	1.0000795747223827	-273.1499938964844	9.000454594373704	-273.1499938964844	083
DATA	2026-03-20T090000_AIU-0547.ghg	2026-03-20	09:30:00	79.395	1	18000	18000	0.0059390780315866564	2	NaN	-7.53801685484051	2	NaN	17.677857907850328	2	NaN	-4.121854229472612	2	NaN	0.39675145715274035	2	NaN	0.0034780825198860474	2	NaN	NaN	NaN	NaN	NaN	NaN	NaN	NaN	NaN	NaN	8.502141008582302e-11	1.148753276705296e-12	4.585382692005336e-13	NaN	17.08508547064773	418.7177677064449	421.1001157578859	0.3	0	230.84241836715046	5.657438604958058	5.689627322218602	0.1	1	0.09214344378605302	2.1379620657580016	2.150126273141205	0.9	0	NaN	NaN	NaN	NaN	9	284.23422971598313	284.76204855516204	95596.63669466146	1.1670461379781398	1008.4062370613358	0.024765637720598067	0.025709494423497573	0.004116471643421428	540.9771754269633	1362.9459484891267	0.003527256986217399	39.691755643476206	821.9687730621635	271.48571814094464	-0.6968840523425843	-0.2954702307378218	0.02017700205371156	0.7572035070399195	-2.5362998395950242e-14	4.976352634108285e-15	0.7572035070399195	4.039642726096444	129.02365534211037	202.97634465788965	1.5269262534133519	NaN	0.07133710860720666	0.5528064280249547	4.064766571014909	0.713448103189826	-0.4264100828354917	-0.08978794925907299	1	24.824345737910438	11	24	51	100	230	1141	0.005823924708246301	1.019772460859136	-6.45810545485969	1.0392355716488937	13.64940337882113	1.2951377739542727	-3.182560428986563	1.2951377739542727	0.3063391904178593	1.2951377739542727	0.003338165861486534	1.536530339264948	NaN	NaN	800000009	800000009	800000009	800000009	800000009	800101009	899999999	899999999	89999	89999	89	89	2	12	3	0	0	5	0	NaN	0	0	15829	0	0	0	0	0	0	NaN	NaN	NaN	NaN	0	0	0	0	0	0	0	0	11458	0	0	0	18000	18000	18000	18000	100	NaN	0.5964660866598307	0.4318106813158758	0.0773360880742028	0.2021020509456167	2.767263498828911	0.05084933952935768	4.640536027089714e-8	NaN	-0.005487589082900994	-0.07926670541854673	0.00762986246666208	0.0000033381658614865342	NaN	418.71776349219823	5.657381680006555	96027.22785850694	11.390000343322754	-1.6732349325845546	102.26719013129342	102.12959741295708	102.40479360114202	-0.27518694574385905	0.00027238752376676213	-1	0	2.1328630011611507	78.21875364949969	1.0001130009914438	-291.3187446594238	9.000712651663356	-273.1499938964844	121
DATA	2026-03-20T093000_AIU-0547.ghg	2026-03-20	10:00:00	79.416	1	18000	18000	0.1181347956308798	1	NaN	21.847656915162666	2	NaN	20.002647314713876	0	NaN	-1.5026519149101465	2	NaN	0.4493822869856845	0	NaN	-0.0013661115428258404	2	NaN	NaN	NaN	NaN	NaN	NaN	NaN	NaN	NaN	NaN	2.4439654785555416e-10	3.2551383443380885e-12	1.318905441238687e-12	NaN	16.948911994865867	425.2111363796317	427.63300304199834	0.1	1	225.7439960318401	5.663423180948403	5.695680228385109	0.4	0	0.09146615387675665	2.1325514460964894	2.144697777204035	0.9	0	NaN	NaN	NaN	NaN	9	285.4654297103883	285.8175106845431	95582.60586501737	1.1625631968424832	1008.4313916484966	0.024861079715561483	0.029119972196672353	0.0041050062441738535	541.4699503840486	1461.0435786537728	0.0035309962119246794	37.06049280767977	919.5736282697242	271.49808188184164	-0.7510355501473177	-1.058599549176719	0.09912235575721928	1.301734475426165	9.787755808021578e-14	1.441960097082257e-14	1.301734475426165	4.243305938073601	97.35423085243724	234.64576914756276	4.367092876963772	NaN	0.31877234109563984	0.8987581499634367	-125.12600191187377	-0.02317663759481798	1.0922382708358611	0.05846033617396708	0	76.57819874764796	-11.621037100537174	26.286817563101344	65.45789251438217	99.82741622928016	140.00937067452298	209.75955031815448	0.1168533532664572	1.0109662438312794	22.680794457766527	1.0139989986707427	18.404792515066806	1.086817322082768	-1.3826168247212665	1.086817322082768	0.4134846563951446	1.086817322082768	-0.009380424747086879	1.1479112938722071	NaN	NaN	800000009	800000009	800000009	800000009	800000109	800100109	899999999	899999999	89999	89999	89	89	2	6	3	36	8	22	1	NaN	0	0	0	0	0	0	0	0	0	NaN	NaN	NaN	NaN	0	0	0	0	0	0	0	0	6725	0	0	0	18000	18000	18000	18000	100	NaN	0.941338032252284	0.75108244484098	0.1050958228336097	0.15355587862667222	0.4024103194349512	0.009724119081508798	5.1843959619282365e-8	NaN	0.019346184979761188	-0.03456917950390436	0.010338240540299793	-0.000009380424747086878	NaN	425.21120230641213	5.663398014330609	96004.78290494792	11.380288454373678	-1.654327289778935	101.91057575098677	101.77225309732223	102.0488902761671	-0.27663197988602856	0.0002788892315810597	-1	0	2.127461272484726	78.47520509658037	1.000161755628056	-273.1499938964844	9.001051851511	-273.1499938964844	183
DATA	2026-03-20T100000_AIU-0547.ghg	2026-03-20	10:30:00	79.437	1	18000	18000	0.08723856911692697	0	NaN	14.451205265790637	0	NaN	20.435585084040675	0	NaN	-0.07434630547044858	2	NaN	0.45971126500046694	0	NaN	0.005956920494803878	2	NaN	NaN	NaN	NaN	NaN	NaN	NaN	NaN	NaN	NaN	-9.10071526104743e-11	-1.2330141401466005e-12	-4.894924409547666e-13	NaN	16.837310135197693	425.030060479182	427.491787845873	0.1	1	228.12098701287152	5.758537208622429	5.791890022827128	0.3	0	0.09056140974398297	2.12482838335689	2.1371351556706744	0	1	NaN	NaN	NaN	NaN	9	286.5750859968397	287.18356232956	95552.4001715373	1.1566258787762789	1008.5125497972545	0.024987798662530952	0.029789289972030255	0.004152780470131494	550.3896483665717	1597.1931676093286	0.003590426728585024	34.45980483314942	1046.803519242757	271.7201704584807	-0.7297697778836011	-0.6720350434775939	0.08553492146945389	0.9957465797907377	-2.0887043523092147e-14	-5.4050885729204245e-15	0.9957465797907377	4.573896147417074	109.35845108357762	222.6415489164224	4.927797134773572	NaN	0.2746362208193847	0.598116338384924	-120.94869909481288	-0.023977107829218247	0.7071588704879517	0.045109918610458336	0	63.70691101897473	-9.667769529965144	21.868521000122833	54.45570935463454	83.0483927146202	116.47655161983609	174.50309913314928	0.08611433092249898	1.0130551812036928	15.388290821246965	1.015134580889924	18.817528660779242	1.0859866591639047	-0.0684596858010092	1.0859866591639047	0.4233120739755645	1.0859866591639047	-0.00026997127879919237	1.1484697091212863	NaN	NaN	800000009	800000009	800000009	800000019	800000119	800010119	899999999	899999999	89999	89999	89	89	1	7	1	6	2	4	1	NaN	0	0	0	0	0	0	0	0	0	NaN	NaN	NaN	NaN	0	1	0	0	0	0	0	0	4817	0	0	0	18000	18000	18000	18000	100	NaN	0.684484962720928	0.3881710927908042	0.12357662125811579	0.13689500954524797	0.23927153187756792	0.012825075884006042	7.580025785182654e-8	NaN	0.013192168000616445	-0.001720567454706782	0.010638917914169703	-2.6997127879919237e-7	NaN	425.029984118177	5.758470687374983	95966.66567404513	11.389140033086143	-1.4341347647813922	101.709275285297	101.57156298552621	101.84697607209947	-0.2754139830693601	0.0002804666705681787	-1	0	2.119695767343043	78.40191228576946	1.0001673861824805	-273.1499938964844	9.00113281639417	-273.1499938964844	135
DATA	2026-03-20T103000_AIU-0547.ghg	2026-03-20	11:00:00	79.458	1	18000	18000	0.07073083830155708	0	NaN	25.97559975545937	1	NaN	17.533795179240446	0	NaN	-0.8249428080343175	1	NaN	0.3947142093416667	0	NaN	-0.002832037149078084	1	NaN	NaN	NaN	NaN	NaN	NaN	NaN	NaN	NaN	NaN	-6.161983838004237e-11	-8.384469366936147e-13	-3.303759083988522e-13	NaN	16.821443445971376	425.7855348625296	428.26672624560143	0.1	1	228.88550341617892	5.793565623982	5.827326623185805	0.5	0	0.09018848158554503	2.123350543775519	2.1357240009296183	-0.2	0	NaN	NaN	NaN	NaN	9	287.23158068678123	287.92331090215316	95513.69916579567	1.1531716461423023	1008.5479957905939	0.025062314911343534	0.02557748076534	0.004165618966254316	553.513318378625	1675.47464616044	0.0036123147670076134	33.03620974791055	1121.961327781815	271.7971917991353	-0.4717830757784952	-0.2235677250098932	0.06957001106839325	0.5266894575526737	4.5264603914525664e-14	-3.663171866193202e-15	0.5266894575526737	3.1765501568300616	126.64474581389288	205.35525418610712	7.59033832922536	NaN	0.24766088751025264	0.5549830901103222	-49.33128184333758	-0.05878622836539283	1.4814590617674033	0.09018153696446357	0	62.422507313528406	-9.472856312402454	21.427626771287553	53.35782038530485	81.37404276376088	114.12825200672867	170.98491839649847	0.06928250318085986	1.0209047747151452	26.478059130444496	1.0200622889346938	16.094172406850298	1.089449941009541	-0.7572103838657172	1.089449941009541	0.36230596237942236	1.089449941009541	-0.011746884027294154	1.1545295932743425	NaN	NaN	800000009	800000009	800000009	800000019	800000119	800000119	899999999	899999999	89999	89999	89	89	7	3	4	2	0	1	0	NaN	0	0	0	0	0	0	0	0	0	NaN	NaN	NaN	NaN	0	1	0	0	0	0	0	0	6320	0	0	0	18000	18000	18000	18000	100	NaN	0.6298856906835463	0.3743381571861385	0.10574233235095958	0.2582988399655766	0.26503786484646275	0.0104520524717883	5.8674186028792145e-8	NaN	0.02276646602226677	-0.01908806270252899	0.009133153843047337	-0.000011746884027294153	NaN	425.78548259089746	5.793505712640591	95923.99459635417	11.40999984741211	-1.3570081021222897	101.62582620832656	101.48855974684821	101.76309628974067	-0.2745314113655027	0.00028123679707641705	-1	0	2.1181886133750276	77.88343576219341	1.0001561900311047	-273.1499938964844	9.001106460120942	-273.1499938964844	206
DATA	2026-03-20T110000_AIU-0547.ghg	2026-03-20	11:30:00	79.479	1	18000	18000	0.3559707908007581	1	NaN	-89.36017509320509	2	NaN	20.24956792007713	1	NaN	1.42857729508468	1	NaN	0.4565233814888342	1	NaN	0.007363991529669264	1	NaN	NaN	NaN	NaN	NaN	NaN	NaN	NaN	NaN	NaN	6.353130459614459e-10	8.757331191501483e-12	3.398428800139373e-12	NaN	16.723400936680093	425.3011064727153	427.80912393590825	0.1	0	230.51999574342315	5.86246838337336	5.897039591534231	0.1	0	0.08945713887156716	2.12107637169303	2.1335844430335715	0	1	NaN	NaN	NaN	NaN	9	288.911685468038	289.4560178460016	95477.33048546007	1.1465987462473046	1008.6205212342818	0.025205326962279707	0.029582715120476454	0.00419124426501319	559.8829737066364	1848.463333245586	0.003655371400614806	30.289103583330352	1288.5803595389496	271.95306397779757	-0.42227312348260515	-0.13799396980207554	0.1358829055476316	0.46456548573651507	4.4467621621093444e-14	3.798946448553947e-14	0.46456548573651507	4.72733567329107	133.90320717559632	198.09679282440362	17.00736449957626	NaN	0.5571876097664019	0.7260054775035417	163.25926806267336	0.017763156936895754	-4.412942312937249	-0.1386766360149659	0	89.59576823368637	-13.596503492148003	30.75532791971242	76.5851151201734	116.79713278867163	163.80963943584703	245.4166898994196	0.35142344230034117	1.0129397984114292	-87.06008223254973	1.01532755953193	18.4410204967969	1.098071981623488	1.3009869289010938	1.098071981623488	0.41574995913643936	1.098071981623488	0.03234489194067899	1.179652504876021	NaN	NaN	800000009	800000009	800000009	800000009	800000109	800000109	899999999	899999999	89999	89999	89	89	4	6	1	23	17	13	0	NaN	0	0	0	0	0	0	0	0	0	NaN	NaN	NaN	NaN	0	0	0	0	0	0	0	0	6891	0	0	0	18000	18000	18000	18000	100	NaN	0.8449579882154019	0.390197080767777	0.21685588602390451	0.38023470775863255	0.18496841090141172	0.009448485039799195	5.6429607760186355e-8	NaN	-0.07528003467758268	0.03298522764152864	0.010540926076524975	0.000032344891940678983	NaN	425.30099038586593	5.862435354101069	95887.22217404514	11.390860017776488	-1.2011816004415063	101.53292871136134	101.40151515070599	101.66434540515473	-0.2628272020858196	0.00028254088681165353	-1	0	2.115879575345251	77.3699709999932	1.0001444929805068	-282.11324427286667	9.001090799676048	-273.1499938964844	255
DATA	2026-03-20T113000_AIU-0547.ghg	2026-03-20	12:00:00	79.499	1	18000	18000	0.27932493585341867	0	NaN	15.747786603697143	1	NaN	15.132770710948106	1	NaN	-1.9071964764478515	0	NaN	0.3413877426067524	1	NaN	-0.007943350002643419	0	NaN	NaN	NaN	NaN	NaN	NaN	NaN	NaN	NaN	NaN	9.454994011822739e-11	1.311652945373995e-12	5.070834357386493e-13	NaN	16.64780788270752	425.13799246464106	427.6602327974248	0.1	1	230.94828210434952	5.8977668236421525	5.932756840106468	0.1	1	0.08928432538534077	2.123613020353691	2.1362119000259336	-0.1	0	NaN	NaN	NaN	NaN	9	289.8189863544041	290.13068982837746	95442.56485781484	1.1435006067258482	1008.6556041012029	0.025273278843947828	0.022121925720917555	0.0042051433309940114	563.0489840094798	1929.4474714951339	0.0036774299080037003	29.18187679777422	1366.3984874856542	272.0299556679011	-0.728521582124057	-0.14022234792253918	0.12450190723706227	0.7522677232097232	4.859103537436916e-14	5.679422827580722e-15	0.7522677232097232	4.793890185614632	141.10521721604937	190.89478278395063	9.52640520132625	NaN	0.49423859249524926	0.9369313766872054	-646.4044119537433	-0.004486355517337533	1.0406413276521855	0.02762508110436329	0	82.86653952755815	-12.575317074462541	28.445401462427995	70.83307163320166	108.02490353890339	151.5064631836257	226.98428994134633	0.2749396631628627	1.0159499456721102	16.36086978328692	1.0168938186565357	13.926053379964035	1.0866517812376209	-1.7551128239772333	1.0866517812376209	0.31416480283862	1.0866517812376209	-0.01317039403520058	1.1503505392744338	NaN	NaN	800000009	800000009	800000009	800000019	800000019	800000119	899999999	899999999	89999	89999	89	89	9	7	1	9	0	23	0	NaN	0	0	0	0	0	0	0	0	0	NaN	NaN	NaN	NaN	0	3	0	0	0	0	0	0	7056	0	0	0	18000	18000	18000	18000	100	NaN	0.9919136264081473	0.6745474049253964	0.20740172204086701	0.1671571562544222	0.31511228163625987	0.015368738870033687	3.372112928954239e-8	NaN	0.014184926274316525	-0.04462068881161942	0.007987093314753009	-0.00001317039403520058	NaN	425.13786046839704	5.897731663035103	95840.89583767361	11.380000114440918	-1.1268186125229631	101.40567511770459	101.2726337521871	101.53873043526542	-0.2660997130456893	0.00028423971212921767	-1	0	2.1183925003276927	77.03590971777173	1.0001399588038524	-273.1499938964844	9.001126294718848	-273.1499938964844	154
DATA	2026-03-20T120000_AIU-0547.ghg	2026-03-20	12:30:00	79.52	1	18000	18000	0.2963225578809295	0	NaN	-26.82676615693204	2	NaN	41.847196276444336	0	NaN	4.4206960871911765	2	NaN	0.9447933974749474	0	NaN	0.03323784646776442	1	NaN	NaN	NaN	NaN	NaN	NaN	NaN	NaN	NaN	NaN	-7.018275439737238e-11	-1.0224219450365747e-12	-3.7676387640989656e-13	NaN	16.58282361438752	424.8615281314202	427.5075347997047	0.3	0	241.5784749345105	6.189380193086314	6.227927202356564	0.2	0	0.0890219963639975	2.1256050842256844	2.138843197951201	0	1	NaN	NaN	NaN	NaN	9	290.91729375372984	290.9453596954346	95405.82448177083	1.1397337894762247	1008.8339217204378	0.02535400468102475	0.06122261215637659	0.004399014451309606	590.6613165099391	2031.3693273119363	0.0038596859125596458	29.077002816201198	1440.7080108019973	272.684790814382	-0.416492419538986	-0.5587967267342759	0.15049282693785104	0.7129991643066841	2.5502249124525144e-14	-4.23225597940273e-15	0.7129991643066841	5.6866003972042485	98.6985614769498	233.3014385230502	12.185072013746733	NaN	0.5098948728039655	1.4243869365945858	416.57851233463055	0.006961472841572007	-0.6410648393195401	-0.04575774122577224	0	75.48673589644838	-11.455403401977009	25.912153685971862	64.52492648533388	98.40458416836225	138.01382847830794	206.76986447282601	0.2933658992357092	1.0100783992035989	-24.187989823275934	1.0134120742849146	38.284455165682786	1.0930597313019905	4.044331668796814	1.0930597313019905	0.8643566041441881	1.0930597313019905	0.03573309830945031	1.1698137206522743	NaN	NaN	800000009	800000009	800000009	800000009	800000009	800100109	899999999	899999999	89999	89999	89	89	3	11	2	18	0	13	0	NaN	0	0	0	0	0	0	0	0	0	NaN	NaN	NaN	NaN	0	0	0	0	0	0	0	0	6221	0	0	0	18000	18000	18000	18000	100	NaN	1.2862896605556002	1.2837619034684964	0.2787223091650751	0.21778325109668362	1.19871211104679	0.01295508826870794	1.3495082617807177e-7	NaN	-0.021036654606315174	0.10317878811088044	0.022051422636602234	0.00003573309830945031	NaN	424.86142874042224	6.189351436879613	95805.41368532987	11.389712003389993	-0.47119083886752006	101.30037216419643	101.1647329887814	101.43600228373211	-0.2712897952629461	0.0002845840567541825	-1	0	2.120119723571671	76.87245340643987	1.0001262310826116	-273.1499938964844	9.00106469737159	-273.1499938964844	158
DATA	2026-03-20T123000_AIU-0547.ghg	2026-03-20	13:00:00	79.541	1	18000	18000	0.21675352756608793	0	NaN	-0.8170712739857338	2	NaN	32.68577718282215	0	NaN	1.0092920230259466	0	NaN	0.7385215941227106	0	NaN	-0.0005931772034253216	2	NaN	NaN	NaN	NaN	NaN	NaN	NaN	NaN	NaN	NaN	-1.4665362724254981e-10	-2.1015678727637878e-12	-7.863309458074599e-13	NaN	16.44858904358026	422.9875943584938	425.5671585975696	0.1	0	235.71068057601556	6.061473934164905	6.098439466027312	0.2	0	0.08819444034919874	2.113503988586121	2.126393064721721	-0.2	0	NaN	NaN	NaN	NaN	9	291.79601233503547	291.74241825622795	95362.99070304252	1.136164740952016	1008.7837588218383	0.025434882520991374	0.04785619929915164	0.004294407968072927	578.1953356172052	2135.6233125224267	0.0037797405721942696	27.073844541165233	1557.4279769052214	272.3925906146639	-0.6780812467162118	-0.5857938743188953	0.10375262899274486	0.9020605569253949	5.048330677189972e-14	-8.915878854653947e-15	0.9020605569253949	6.920677550986062	111.1762901566629	220.8237098433371	6.604626678496801	NaN	0.43677968757647345	1.8201492422580803	8594.306157008308	0.00033743270800693637	-0.024997761852673387	-0.0016321426730002682	0	59.891593272117206	-9.088780342289441	20.558845881132296	51.19443312894263	78.07474069627466	109.50093394539624	164.0523527328719	0.21376380716294657	1.0139860926076338	1.0371061508992958	1.0156862178374495	30.095878981502626	1.0860549114684876	0.9293195144813188	1.0860549114684876	0.6800039172274753	1.0860549114684876	-0.0023560707100398082	1.1489886713687036	NaN	NaN	800000009	800000009	800000009	800000019	800000019	800100019	899999999	899999999	89999	89999	89	89	9	4	1	14	0	18	0	NaN	0	0	0	0	0	0	0	0	0	NaN	NaN	NaN	NaN	0	1	0	0	0	0	0	0	9598	0	0	0	18000	18000	18000	18000	100	NaN	1.6369698807666995	1.638576959803807	0.36475164394565407	0.1254148175028182	0.1450704593799492	0.01932379131898478	4.158168015068509e-8	NaN	0.0009048650641326294	0.02378132120054782	0.017401325724062798	-0.000002356070710039808	NaN	422.98751384650336	6.061434173202466	95762.69496918403	11.396093525568645	-0.7644017772939962	101.18961626137627	101.05519522306653	101.32403406355118	-0.2688438175477914	0.0002858810652817031	-1	0	2.1081814046303426	76.94726326158312	1.000094573047426	-299.59562000698054	9.00089202480846	-273.1499938964844	044
DATA	2026-03-20T130000_AIU-0547.ghg	2026-03-20	13:30:00	79.562	1	18000	18000	0.7830627798301615	0	NaN	-13.859648359573105	2	NaN	19.975043060017338	1	NaN	-1.9412359367749754	1	NaN	0.45185400533501463	1	NaN	-0.008324577565363788	2	NaN	NaN	NaN	NaN	NaN	NaN	NaN	NaN	NaN	NaN	-2.4700982323851987e-10	-3.3364311292445347e-12	-1.3328753097578359e-12	NaN	16.249293868684525	419.95800248862764	422.3538005410701	0.1	1	219.48378077000672	5.672490810721358	5.704851528593836	0.2	0	0.08768186752498147	2.112631023306033	2.124683269628695	0	1	NaN	NaN	NaN	NaN	9	292.9796029798721	292.94920630221895	95298.53575325522	1.1308863086248888	1008.602488280592	0.025557367507752643	0.029280139545708947	0.003999562401314803	540.7250732163616	2302.388969000517	0.003536661794215288	23.48539193406117	1761.6638957841556	271.47938902672126	-0.6171408244120291	-0.5792735561416723	0.20659327152376047	0.8712642709532677	6.994497087367376e-14	-1.5201265066327264e-14	0.8712642709532677	7.169335798724242	108.81284230437194	223.18715769562806	13.716560775333987	NaN	0.832125474850818	2.0247414644489474	3501.6603899984975	0.0008281785430371917	-0.6938482344158249	-0.014602405772036163	0	91.45980186498113	-13.879377787184756	31.395190345293898	78.17846303218906	119.22708888870791	167.21768741688862	250.52256680267223	0.7760420889223663	1.0090467914150691	-12.584176423157954	1.0126819812688856	18.306552690318462	1.091141701986375	-1.7790869263277553	1.091141701986375	0.4141112052746536	1.091141701986375	-0.004611937724504455	1.1653945929508547	NaN	NaN	800000009	800000009	800000009	800000009	800000009	800000009	899999999	899999999	89999	89999	89	89	4	12	1	15	0	14	0	NaN	0	0	0	0	0	0	0	0	0	NaN	NaN	NaN	NaN	0	0	0	0	0	0	0	0	9833	0	0	0	18000	18000	18000	18000	100	NaN	2.37651143505181	1.2135735438555542	0.45939794999053035	0.2788268109467959	2.6127803235294444	0.10344164126749666	5.907784546028602e-7	NaN	-0.011032801811541086	-0.04572824101075402	0.010643986372909003	-0.000004611937724504455	NaN	419.95748992246797	5.672342924982145	95700.87185112847	11.40999984741211	-1.6934631379522107	101.03173441929286	100.89521154636807	101.16825674968297	-0.2730542247924541	0.0002872024439113577	-1	0	2.107636482338112	76.77042360030279	1.000092854498161	-294.71024480184167	9.000910829438103	-273.1499938964844	045
DATA	2026-03-20T133000_AIU-0547.ghg	2026-03-20	14:00:00	79.583	1	18000	18000	0.36244087645219575	0	NaN	-39.0002691457027	1	NaN	49.144583086385595	0	NaN	2.760380017560306	1	NaN	1.1123238732902183	0	NaN	0.0322335207214928	1	NaN	NaN	NaN	NaN	NaN	NaN	NaN	NaN	NaN	NaN	2.808457174158757e-10	3.564465040478292e-12	1.5064425232524986e-12	NaN	16.107234179455233	417.61988118025687	419.84522406108283	0.2	0	204.43136416585338	5.3003886987225135	5.328632522323482	0.2	0	0.08639840665252671	2.087081383967241	2.098202673706585	0	1	NaN	NaN	NaN	NaN	9	293.52331482103136	293.5334369167752	95233.79458441839	1.1280277588015684	1008.4154025106039	0.02562574562082355	0.07207858698920615	0.0037272283663766447	504.911529404702	2387.1398706878363	0.0033041991540496323	21.151317340245154	1882.2283412831343	270.55253025613047	-0.33134037004219696	-1.0355644782420022	0.186041792697073	1.1030828518503688	8.855537871586434e-15	1.7435998898811206e-14	1.1030828518503688	13.993710688389237	79.74265085329716	252.2573491467028	9.709698490364675	NaN	0.5668376546985234	2.53513377424926	393.1318180481128	0.007376660618309679	-0.7935822566069719	-0.06048527426015746	0	67.69847490753425	-10.27350474960609	23.238695716242674	57.867638131421586	88.25179937899064	123.77440345213104	185.4366110206451	0.35952389745143787	1.0081134495410056	-35.81283328494073	1.0125707925754717	44.88629466678198	1.0948683434713304	2.521198127629112	1.0948683434713304	1.0159430400220946	1.0948683434713304	0.03786052053562769	1.1702360827780416	NaN	NaN	800000009	800000009	800000009	800000009	801000009	801100009	899999999	899999999	89999	89999	89	89	27	32	16	27	15	28	1	NaN	0	0	0	0	0	0	0	0	0	NaN	NaN	NaN	NaN	0	0	0	0	0	0	0	0	9526	0	0	0	18000	18000	18000	18000	100	NaN	2.0001082963741283	2.617931479704439	0.45222777241995255	0.19037625547354764	0.34101531080053393	0.016685039367404765	2.284805970218122e-7	NaN	-0.03148324025224257	0.06495194477932034	0.026173062525833034	0.00003786052053562769	NaN	417.61968194999906	5.300277006521484	95633.04812369791	11.4036197013855	-2.6050150866177377	100.96910033882989	100.83214814927842	101.10603931660123	-0.2738957738727329	0.0002879396940600903	-1	0	2.082489548537466	76.64391282251145	1.0000934233682024	-273.1499938964844	9.000892367972268	-273.1499938964844	067
DATA	2026-03-20T140000_AIU-0547.ghg	2026-03-20	14:30:00	79.604	1	18000	18000	0.2909388662511278	0	NaN	-34.264131642606856	0	NaN	42.75114521503254	0	NaN	0.4047446719863643	1	NaN	0.9676097187159569	0	NaN	-0.0006795461389685714	1	NaN	NaN	NaN	NaN	NaN	NaN	NaN	NaN	NaN	NaN	8.633318935158282e-11	1.11787891322831e-12	4.577937666447488e-13	NaN	16.076325681063867	416.92832740638045	419.1913594562672	0.2	0	208.16311335221815	5.3985655926262455	5.427868295648439	0.2	0	0.08524695708125143	2.0594136328359856	2.070591858801282	-0.2	0	NaN	NaN	NaN	NaN	9	293.64658024088544	293.52597013261584	95163.70656510416	1.1271843215863828	1008.4684936377337	0.02564396663147036	0.062701109772794	0.003793568875049081	513.8853192607622	2386.0397233445105	0.0033655266511426166	21.537165296663606	1872.1544040837484	270.7901179458548	-0.7640487734728443	-1.6593348805976604	0.25681482612047585	1.8447538126072032	-2.5310128355300248e-14	5.370206542485872e-15	1.8447538126072032	9.394999087739501	86.72393550306498	245.27606449693502	8.002343446757472	NaN	0.5080464269655726	2.6036084723384416	322.0168595813947	0.009005739649066357	-0.8014786848460518	-0.0593306429337803	0	61.10497621231613	-9.272915884725972	20.97536097948682	52.23161461632732	79.6565079067559	111.71938494872009	167.37599659055226	0.28892898252628596	1.006956324378635	-31.502073017708447	1.0126300889499924	38.780128400263365	1.1023982379269845	0.36714923705563096	1.1023982379269845	0.877731554193617	1.1023982379269845	0.006879100040314415	1.1753065398788793	NaN	NaN	800000009	800000009	800000009	800000009	800000009	800100109	899999999	899999999	89999	89999	89	89	20	17	7	40	10	34	2	NaN	0	0	0	0	0	0	0	0	0	NaN	NaN	NaN	NaN	0	0	0	0	0	0	0	0	14556	0	0	0	18000	18000	18000	18000	100	NaN	2.5535000425785928	2.1843608609258465	0.4693560411724442	0.10783369343935184	0.056786303811898406	0.023193448826736955	1.902892759654793e-8	NaN	-0.02771289267125054	0.009466280830001061	0.022630724911709692	0.000006879100040314415	NaN	416.92814810444656	5.3985073283879235	95555.15715668403	11.399999618530273	-2.369446614339946	100.94354833899604	100.80526677597895	101.08183907784357	-0.2765738292311624	0.00028855365741441743	-1	0	2.054805963522858	77.17353551536137	1.0000915668788883	-273.1499938964844	9.000913362953398	-273.1499938964844	046
DATA	2026-03-20T143000_AIU-0547.ghg	2026-03-20	15:00:00	79.624	1	18000	18000	0.27613058248570693	1	NaN	-23.1995006117329	0	NaN	45.44167579534715	0	NaN	0.5748299103411961	0	NaN	1.0284356515290238	0	NaN	0.0006707842072637111	1	NaN	NaN	NaN	NaN	NaN	NaN	NaN	NaN	NaN	NaN	-1.9241108662211678e-10	-2.5898414020063134e-12	-1.0226525243273316e-12	NaN	16.07314636374298	416.8976134180239	419.2502008108862	0.1	0	216.3435623389072	5.611416257671687	5.643081939409864	0.2	0	0.0854277369944183	2.0634231010202204	2.0750671666549487	-0.3	0	NaN	NaN	NaN	NaN	9	293.60910299004456	293.4552569580078	95096.59780967882	1.1265699976743009	1008.5822587129998	0.02565588109925588	0.06664263021908073	0.003941307737769058	533.769734683704	2375.64289777021	0.0034985023086941086	22.4684330790921	1841.8731630865059	271.3037327684374	-1.3145433053947078	-1.7962481558394927	0.2040952302290982	2.2352150684256826	3.369636751725401e-14	-1.1970965874867434e-14	2.2352150684256826	9.121623699861651	98.1976816523694	233.8023183476306	5.238916791122178	NaN	0.4950831710348412	2.9661047424691125	439.905312337698	0.0065923277547823384	-0.5105335621031022	-0.041241168981386786	0	56.603678530053024	-8.589826595324944	19.4302111469505	48.38397305933829	73.78861176075294	103.48957717027972	155.04624487112233	0.27427509204002165	1.0067650709070386	-20.41023606118374	1.012873543169231	41.08962867284842	1.105915951617604	0.5197772122740453	1.105915951617604	0.9299401550585727	1.105915951617604	0.004698175418707866	1.1765635257819005	NaN	NaN	800000009	800000009	800000009	800000009	800000009	800110109	899999999	899999999	89999	89999	89	89	26	14	3	82	16	36	1	NaN	0	0	0	0	0	0	0	0	0	NaN	NaN	NaN	NaN	0	0	0	0	0	0	0	0	15085	0	0	0	18000	18000	18000	18000	100	NaN	3.2891427751557365	2.1033923981873146	0.5396743115951748	0.08359840817007087	0.09060830643337464	0.014428852953650845	3.461921983274211e-8	NaN	-0.017962985614650318	0.013410615085419473	0.023993105464174568	0.000004698175418707866	NaN	416.89757446665476	5.611314239469104	95490.67147048612	11.37086321120792	-1.8536605168779572	100.95273643811544	100.8137530670166	101.09171500629847	-0.27796405042293976	0.0002882356322855534	-1	0	2.0586267237034113	77.16598673137031	1.00009211875995	-300.80687005784944	9.000897995577919	-273.1499938964844	023
DATA	2026-03-20T150000_AIU-0547.ghg	2026-03-20	15:30:00	79.645	1	18000	18000	0.30437377480438715	0	NaN	-28.85566394743132	0	NaN	29.81358913266217	0	NaN	0.03581459425747024	1	NaN	0.6745513151938087	0	NaN	0.0010077192291037065	0	NaN	NaN	NaN	NaN	NaN	NaN	NaN	NaN	NaN	NaN	-1.302186006732826e-10	-1.831768547283357e-12	-6.943336250563592e-13	NaN	16.126692342433348	417.51418248135684	419.9807796091482	0.1	0	226.85213672892485	5.8731190748464845	5.907816383941703	0.2	0	0.0859885200454912	2.0745540469905075	2.0868101313786904	-0.2	0	NaN	NaN	NaN	NaN	9	293.37086856276903	293.164453253852	95030.46298611112	1.1267914940519042	1008.7170100576145	0.025648294112896743	0.04371092522455881	0.004126340998595104	558.2749360385484	2333.3020643531327	0.0036620271100529177	23.926389324706676	1775.0271283145844	271.9138624953139	-0.557758495044289	-1.1916383820178733	0.18270116353756288	1.3283359091171905	3.2671783759226137e-15	-8.074724680562362e-15	1.3283359091171905	7.399567310013857	87.08242326537066	244.91757673462934	7.905601788522918	NaN	0.5197348458245578	2.312941339704813	408.99406963058897	0.0070905673586400255	-0.9678695114174832	-0.048846824072588196	0	69.54562403830207	-10.553816756547063	23.87276223917491	59.44655342633832	90.65974482730762	127.15158118117417	190.49623866110758	0.3020924788120473	1.0075516477646542	-26.879055888392227	1.012409579087888	27.190218159317094	1.096482159796358	0.032663180095991555	1.096482159796358	0.6151958872902121	1.096482159796358	0.007689522285223405	1.170894810152542	NaN	NaN	800000009	800000009	800000009	800000009	800010109	800010119	899999999	899999999	89999	89999	89	89	15	0	6	85	26	46	1	NaN	0	0	0	0	0	0	0	0	0	NaN	NaN	NaN	NaN	0	0	0	0	0	0	0	0	17208	0	0	0	18000	18000	18000	18000	100	NaN	2.332781002586506	1.9376535685577254	0.3554481082653953	0.02652948505154691	0.014939918803212075	0.010610404150355824	8.734820302599222e-9	NaN	-0.023648364242610256	0.0008427054870348146	0.015871968017110955	0.000007689522285223405	NaN	417.5142090549084	5.873030236408771	95429.47803472224	11.376093358357746	-1.2418714977792253	101.03850159539117	100.89821793492635	101.17877790662978	-0.2805921652333604	0.0002877888828580682	-1	0	2.0695056869056487	77.66629961861504	1.0000901894734966	-273.1499938964844	9.00095098400116	-273.1499938964844	104
DATA	2026-03-20T153000_AIU-0547.ghg	2026-03-20	16:00:00	79.666	1	18000	18000	0.27470440910941224	0	NaN	-32.606660090564084	0	NaN	24.587192853670665	0	NaN	-0.11022395131330737	2	NaN	0.556492132949798	0	NaN	-0.0014076117652280604	0	NaN	NaN	NaN	NaN	NaN	NaN	NaN	NaN	NaN	NaN	-3.851681087138695e-11	-5.590838265802476e-13	-2.0549711941375156e-13	NaN	16.107661173354597	417.7058043595535	420.25385953940395	0.1	1	233.80785278739486	6.063133322899384	6.100119158643815	0.2	0	0.08593852649612958	2.077006257558751	2.0896762432231086	-0.3	0	NaN	NaN	NaN	NaN	9	293.7314027998183	293.52028343246485	94972.79203540206	1.124661524456519	1008.829518015906	0.025695018374818926	0.036060690215146914	0.004252095202147204	575.9871611847669	2385.202149098255	0.003780777691494323	24.14835830172816	1809.2149879134881	272.3402503811189	-0.7297240367152935	-0.8010967731253421	0.26688881955642085	1.1160120302559415	1.710567674612153e-14	-2.391210645472337e-15	1.1160120302559415	8.45390347122063	104.33058416905294	227.6694158309471	13.836089557585236	NaN	0.4942217977260554	1.2245628140063707	311.0934535927912	0.009321957651336447	-1.326164409439534	-0.058149341519164795	0	74.47400583887861	-11.301717708603228	25.564516229105937	63.659260064099044	97.08438825570995	136.1622349393848	203.99583994700052	0.2724997972431051	1.0080903247951423	-30.875747112966735	1.0126551623327318	22.437111399420573	1.0958270169441515	-0.10058517412782943	1.0958270169441515	0.5078284476884362	1.0958270169441515	0.006936836841147156	1.1718245517587493	NaN	NaN	800000009	800000009	800000009	800000019	800000019	801110119	899999999	899999999	89999	89999	89	89	7	10	4	60	22	24	2	NaN	0	0	0	0	0	0	0	0	0	NaN	NaN	NaN	NaN	0	12	0	0	0	0	0	0	16613	0	0	0	18000	18000	18000	18000	100	NaN	1.206013022462735	0.9722687023952387	0.2708439031547677	0.07967307251476027	0.04958771588303033	0.011445288334594805	1.2936905286816468e-8	NaN	-0.027213089894061508	-0.0026003081414578294	0.013128281165074598	0.000006936836841147156	NaN	417.7058282132956	6.063112414430305	95377.68253515624	11.390000343322754	-0.8146680095033755	101.02006569692824	100.87864071930781	101.16149540095859	-0.2828116931004657	0.0002885980639322144	-1	0	2.0717928165511954	78.89502048547989	1.0000768815924723	-315.1803706614117	9.000757053083843	-273.1499938964844	157
DATA	2026-03-20T160000_AIU-0547.ghg	2026-03-20	16:30:00	79.687	1	18000	18000	0.1382681632559515	0	NaN	-19.5472629250305	0	NaN	14.062143088715942	0	NaN	0.20147580686978664	1	NaN	0.318307328626809	0	NaN	-0.00015702763378611055	0	NaN	NaN	NaN	NaN	NaN	NaN	NaN	NaN	NaN	NaN	-1.299612470498506e-10	-1.9122557962626556e-12	-6.936523597490714e-13	NaN	16.108991968698355	418.0678765942438	420.65552647110223	-0.1	0	237.0284524299462	6.151470060470479	6.189544860366966	0.3	0	0.08597978663578312	2.0792014499234797	2.092070760571521	-0.2	0	NaN	NaN	NaN	NaN	9	293.92048738013375	293.6275768407186	94921.05459049481	1.1236004995313524	1008.8803508502198	0.025718421317436485	0.020626314895017223	0.004310120400500778	584.0606514954	2401.048453964247	0.003835990107069644	24.325233859028856	1816.9878024688471	272.53076066228545	-0.7384239998154708	-0.7815288967380294	0.15307924383545535	1.0860435879067245	-1.926508680635168e-15	-8.06762131996716e-15	1.0860435879067245	5.064360537741362	105.37556354612104	226.62443645387893	8.102896981076304	NaN	0.3507964058478762	0.8247814359832191	185.5023109478605	0.015633228422772094	-1.3900628660730987	-0.04915630522237365	0	73.04734068736953	-11.085215767752343	25.07478824941112	62.439768150359505	95.22458614194085	133.55383603091354	200.08798306959756	0.13713913051624782	1.0082327541049265	-18.543297405127056	1.01297306349622	12.805127840436707	1.0981649901463508	0.1834658805166756	1.0981649901463508	0.2898538302376482	1.0981649901463508	0.004812937892453739	1.1762633418456665	NaN	NaN	800000009	800000009	800000009	800000009	800010109	800110119	899999999	899999999	89999	89999	89	89	3	3	3	53	9	32	2	NaN	0	0	0	0	0	0	0	0	0	NaN	NaN	NaN	NaN	0	0	0	0	0	0	0	0	17405	0	0	0	18000	18000	18000	18000	100	NaN	0.8936276616369034	0.6127209371908575	0.1432142731386771	0.0283566623944159	0.02551017021368551	0.009630219146922709	6.0119136383233564e-9	NaN	-0.016358194830192598	0.004747665770310821	0.007500735855284476	0.000004812937892453739	NaN	418.0678755682146	6.1513931104270165	95320.12565104166	11.390000343322754	-0.624729619400035	101.01726082356771	100.87531459320915	101.15924891641404	-0.2839651803175607	0.0002884605115234283	-1	0	2.0739219336178567	77.86438070322826	1.000079015019867	-273.1499938964844	9.000873113950094	-273.1499938964844	016
DATA	2026-03-20T163000_AIU-0547.ghg	2026-03-20	17:00:00	79.708	1	18000	18000	0.07110746028236972	0	NaN	-25.650980002250993	0	NaN	19.40017544280609	1	NaN	0.24187970492058455	2	NaN	0.43894384596941655	1	NaN	-0.007230575063924482	2	NaN	NaN	NaN	NaN	NaN	NaN	NaN	NaN	NaN	NaN	-7.936184203917665e-11	-1.227003730629577e-12	-4.2448329919395294e-13	NaN	16.13963559889821	418.2835432189613	421.0062032556095	0.2	0	249.5329314694355	6.467030688844986	6.509125402581018	0.4	0	0.08632619393368557	2.0835369387764993	2.0970989419919053	0	1	NaN	NaN	NaN	NaN	9	293.511220041487	293.1705912238228	94892.55787109376	1.124879534358563	1009.040416458264	0.025686105950963635	0.028443561218818192	0.004536923394778871	613.8376952038535	2334.1888807091664	0.00403325267835542	26.297687401259456	1720.351185505313	273.2138128683876	0.11299021790284128	-1.2101611734288316	0.24457145919536513	1.2397871001382836	2.6804210294744195e-14	-4.917201603027169e-15	1.2397871001382836	4.69246182993798	56.66587721227188	275.3341227877281	11.377298014188497	NaN	0.25142275213085136	0.7557369228413365	52.035949806083046	0.055730701770739806	-1.322203506760698	-0.08988450036973633	0	59.22157121943427	-8.987101910833182	20.328848992328847	50.62170835578213	77.2012992804431	108.27591994051835	162.21705852678642	0.07051823565879982	1.0083556347952443	-24.258139299726853	1.0146902604933377	17.397217009918197	1.1151309678867605	0.21690699288798426	1.1151309678867605	0.39362537550297005	1.1151309678867605	-0.00007444916687327211	1.2045921346103146	NaN	NaN	800000009	800000009	800000009	800000009	800010019	800111119	899999999	899999999	89999	89999	89	89	3	10	7	98	53	45	1	NaN	0	0	0	0	0	0	0	0	0	NaN	NaN	NaN	NaN	0	0	0	0	0	0	0	0	15815	0	0	0	18000	18000	18000	18000	100	NaN	0.5252512684354909	0.8619153452769379	0.12430723197024428	0.1078465765840811	0.40172999077057037	0.03794233826171683	7.744795547997216e-8	NaN	-0.02137188891552072	0.005607771358166168	0.01017653270281097	-7.444916687327211e-8	NaN	418.28296518013184	6.46683967350639	95287.61504817709	11.390000343322754	0.053916257508786904	101.05110075590346	100.91075043614705	101.19144536399841	-0.2807033610749577	0.00028836728954209124	-1	0	2.0779698354999234	79.12659544458829	1.0000788298828733	-329.14002749760556	9.000756308264203	-273.1499938964844	016
DATA	2026-03-20T170000_AIU-0547.ghg	2026-03-20	17:30:00	79.729	1	18000	18000	0.20278133615871832	0	NaN	-36.970730812197104	0	NaN	29.768253512989087	0	NaN	0.35888208185941495	0	NaN	0.673140989885826	0	NaN	0.0006316758683833846	0	NaN	NaN	NaN	NaN	NaN	NaN	NaN	NaN	NaN	NaN	-6.4556528334323e-11	-1.0333230703118192e-12	-3.473775942889222e-13	NaN	16.182334108663454	418.4495029157073	421.271137175416	0.1	0	259.02228012291323	6.6979054834555125	6.74306992850497	0.2	0	0.08707686794332063	2.0961089707753633	2.110243180143068	-0.2	0	NaN	NaN	NaN	NaN	9	292.9008782908121	292.5731983032227	94894.72880598958	1.1271035193156786	1009.1511142245753	0.025633179011092355	0.043619536144601526	0.004708595013815144	635.7664162990513	2249.247154398472	0.004177606522490471	28.265742831141992	1613.4807380994207	273.6983117942537	0.5747094971890188	-1.295964867747975	0.28179256019718096	1.4454144705165886	-2.9080526085269566e-14	-3.9893211882061994e-15	1.4454144705165886	6.794739860675231	38.084595028090575	293.9154049719094	11.242166854131513	NaN	0.4241623214115615	1.6057157193031306	173.35991042580935	0.016728204305580075	-1.241951624607916	-0.07663125503923952	0	76.78658578211177	-11.65266063697938	26.358350088637977	65.6360186171947	100.09906977515104	140.39036863515864	210.3303546901051	0.2012775002798352	1.0074714554621969	-34.916036596196356	1.0128519804937497	27.023716617549763	1.1015603047604845	0.3257943122210161	1.1015603047604845	0.611079563213009	1.1015603047604845	0.009826658175210083	1.1784789072577764	NaN	NaN	800000009	800000009	800000009	800000009	800000009	800111119	899999999	899999999	89999	89999	89	89	4	0	8	69	39	18	0	NaN	0	0	0	0	0	0	0	0	0	NaN	NaN	NaN	NaN	0	0	0	0	0	0	0	0	16612	0	0	0	18000	18000	18000	18000	100	NaN	1.421652995663708	1.604963178445418	0.1848152644971352	0.06657867267820981	0.1690229113487454	0.019230355012906007	3.8069425951514e-8	NaN	-0.030697635859541328	0.00840747148050672	0.015769563210018683	0.000009826658175210084	NaN	418.4492682488708	6.697828607912085	95289.95324782986	11.380288454373678	0.5412406048832776	101.09805679935879	100.95615810394287	101.23995025910271	-0.28380263169854864	0.0002882685482036323	-1	0	2.0903014445304864	78.85713600073922	1.0000956120491027	-273.14999393683746	9.000968343602286	-273.1499938964844	058
DATA	2026-03-20T173000_AIU-0547.ghg	2026-03-20	18:00:00	79.749	1	18000	18000	0.13755965706823658	1	NaN	-26.677333535140747	1	NaN	22.792453995135673	1	NaN	1.0968378966232255	1	NaN	0.5153705164809909	1	NaN	-0.00221373755320853	1	NaN	NaN	NaN	NaN	NaN	NaN	NaN	NaN	NaN	NaN	-5.2162368568668526e-12	-8.521313229662004e-14	-2.801153482355399e-14	NaN	16.190868062808107	418.44161106827454	421.3216467246497	0.1	1	264.49615308724555	6.835717269132793	6.882765910929534	0.5	0	0.08694602584387477	2.0925952635847973	2.106998106930371	-0.2	0	NaN	NaN	NaN	NaN	9	292.8600332404243	292.51549981096053	94858.08588650174	1.1268316587867804	1009.2248250746519	0.025638023819479102	0.0333960094679682	0.00480456794047933	648.5969884318407	2241.188298258899	0.004263785014393577	28.93987037750077	1592.5913098270585	273.97497360745876	-0.6787828820785525	-0.5375207658834501	0.18802511175065198	0.8860181811947415	1.0627394272727313e-13	-3.221715374760555e-16	0.8860181811947415	4.298734651790477	113.62468105390826	218.3753189460917	12.25210673936201	NaN	0.34939446613595837	0.6236113314370726	134.24724009609028	0.02160193384924907	-1.1704458651461653	-0.0671397054289556	0	89.57295701640498	-13.593041801919314	30.74749756698966	76.5656164347336	116.76739606308281	163.76793325539208	245.35420644123695	0.1363278137223118	1.0090358915931412	-25.10199214825385	1.0135443097027244	20.733528056112764	1.0993041769567957	0.9977565078116981	1.0993041769567957	0.4688152080961715	1.0993041769567957	0.00458488434782622	1.1800496167364842	NaN	NaN	800000009	800000009	800000009	800000009	800000009	800101019	899999999	899999999	89999	89999	89	89	13	11	2	30	17	6	0	NaN	0	0	0	0	0	0	0	0	0	NaN	NaN	NaN	NaN	0	0	0	0	0	0	0	0	16711	0	0	0	18000	18000	18000	18000	100	NaN	0.4553842214806375	0.7065133379909517	0.08532510340255585	0.05007530158975014	0.9654337856470402	0.03395608966909752	7.167726621663679e-9	NaN	-0.022072992941540595	0.02575661729451115	0.012102245189322855	0.0000045848843478262205	NaN	418.44130054649577	6.83565130720511	95258.78640820313	11.389140033086143	0.8169540468868143	101.13025079345704	100.98757929378085	101.27287852181328	-0.2853137845297653	0.00028778113030259394	-1	0	2.0866921992235716	78.31933456784706	1.0001021466023392	-273.1499938964844	9.000997895267275	-273.1499938964844	233
DATA	2026-03-20T180000_AIU-0547.ghg	2026-03-20	18:30:00	79.77	0	18000	18000	0.1318930424509586	1	NaN	-27.244239769582187	1	NaN	37.82916538064567	1	NaN	5.642378081551676	1	NaN	0.855096843813907	1	NaN	0.015808755932476975	1	NaN	NaN	NaN	NaN	NaN	NaN	NaN	NaN	NaN	NaN	-1.465257958478994e-10	-2.4664873097263035e-12	-7.819946470555847e-13	NaN	16.289330739003645	420.75019626683377	423.7514333495554	0.1	0	274.20037078927123	7.082541430003599	7.133061634553091	0.1	1	0.08693465453169526	2.089393827055153	2.1042976020023922	-0.1	0	NaN	NaN	NaN	NaN	9	292.5512361094157	292.1817718495685	94826.98397779839	1.1276433050409136	1009.3512102616658	0.0256171729739507	0.05541027547914117	0.004982103172945524	671.79619659886	2195.0699392753504	0.004418155236389012	30.60477411579138	1523.2737426764904	274.4631360647687	-1.0463705794841807	-0.16724291173135383	0.18304479396199863	1.0753450505447446	9.530407348075417e-15	-8.995200490162178e-15	1.0753450505447446	4.78762741115395	142.91914028978863	189.0808597102114	9.80058674316037	NaN	0.34199918439769833	0.37937621885949346	123.25719816151502	0.023528037658294556	-0.7201914051088478	-0.06998993166753574	0	95.26141655390985	-14.45628748295303	32.7001616479278	81.42802609006442	124.18287758707672	174.16825153106848	260.93577840432374	0.13080370258057478	1.0083280507271022	-24.83470873626606	1.0132995169175396	34.36326353688802	1.100860671747231	5.125424339663598	1.100860671747231	0.7767530131281193	1.100860671747231	0.020093945534813806	1.181166997497146	NaN	NaN	800000009	800000009	800000009	800000019	800000019	810100019	899999999	899999999	89999	89999	89	89	21	15	8	2	0	0	1	NaN	0	0	0	0	0	0	0	0	0	NaN	NaN	NaN	NaN	0	3	0	0	0	0	0	0	17009	0	0	0	18000	18000	18000	18000	100	NaN	0.46604018885442355	0.2226240966734568	0.07008815219110649	0.06540674939736377	2.7178229868873998	0.06198734786468828	1.1580747708324908e-7	NaN	-0.02181951118573753	0.13223569790660403	0.020040189842856205	0.000020093945534813805	NaN	420.74982697380926	7.082479388497023	95223.77712391493	11.40999984741211	1.3016054948319653	101.14591607793172	101.00154405148824	101.2902570537991	-0.28872901017549973	0.00028706072128908196	-1	0	2.0832791385319496	77.22317612856422	1.0000906504293283	-287.6042445034451	9.000907517989477	-273.1499938964844	214
DATA	2026-03-20T183000_AIU-0547.ghg	2026-03-20	19:00:00	79.791	0	18000	18000	0.22508915440032204	1	NaN	-34.41772286524419	1	NaN	37.83762240461855	1	NaN	1.2937578553020874	1	NaN	0.8547852700736497	1	NaN	NaN	NaN	NaN	NaN	NaN	NaN	NaN	NaN	NaN	NaN	NaN	NaN	-1.0152522984249143e-10	-1.6984526004159543e-12	NaN	NaN	16.23899168367661	418.9670508186181	421.9243407190902	0.1	0	271.6680148970225	7.009052607469799	7.058526188858713	0.1	1	NaN	NaN	NaN	NaN	0	NaN	NaN	NaN	NaN	9	292.22122879960796	291.5725257272758	95116.13383048793	1.1334890797405361	1009.2876178408695	0.02554274651837452	0.0553900855007725	0.004944774833035568	665.3691625362175	2112.825306381887	0.004362437116877617	31.49191561301538	1447.4561438456694	274.32941039868746	-1.4659686594898358	-0.01379281296602876	0.15688538173527133	1.4744040746342402	-5.860836677701936e-14	-6.251941735061317e-15	1.4744040746342402	6.143922852385706	151.46093891731175	180.53906108268873	6.10817600559784	NaN	0.44562404309550097	0.6368831594974715	216.30623242037842	0.013406918365458933	-0.9096164261378928	-0.06751204028024288	0	89.6091994037812	-13.59854172402768	30.759938405773937	76.59659588235883	116.81464167539697	163.83419589843237	245.4534799551458	0.2234396162710078	1.0073824783484837	-31.952130031574217	1.0126838573941803	34.38673323294732	1.1003552488773432	1.1757637877604226	1.1003552488773432	0.776826639347392	1.1003552488773432	NaN	1	NaN	NaN	800000009	800000009	800000009	800000019	800000009	800101009	899999999	899999999	89999	89999	89	89	25	15	11	4	6	1	1	NaN	0	0	0	0	0	0	0	0	0	NaN	NaN	NaN	NaN	0	3483	0	0	0	0	101	0	14920	0	0	16	18000	18000	18000	18000	100	NaN	0.7696407596235759	0.3654682418608654	0.13865731751050175	0.14337974278763382	1.0428749776663424	0.10108498549709997	NaN	NaN	-0.027929780928136513	0.03024380190395295	0.019982067179401243	NaN	NaN	418.9667248003442	7.008952316810524	95213.60905099826	11.4036197013855	1.150335426657536	101.16157065878974	101.01585338592528	101.30729537116157	-0.29141923429485805	0.0002868786819098103	-1	0	2.0335042500893312	54.34884044252455	1.0001000951611334	-293.13561973571734	9.000889128552544	-273.1499938964844	169
DATA	2026-03-20T190000_AIU-0547.ghg	2026-03-20	19:30:00	79.812	0	18000	18000	0.1294743599716664	1	NaN	-87.96851629442818	1	NaN	92.74062972149568	0	NaN	3.838226546739883	0	NaN	2.0916170417215514	0	NaN	NaN	NaN	NaN	NaN	NaN	NaN	NaN	NaN	NaN	NaN	NaN	NaN	-4.389034142966853e-11	-8.484222146095003e-13	NaN	NaN	16.461030738536603	420.9126933345784	424.3655232687487	0.1	1	318.1999432910257	8.136452526996655	8.20319745364784	0.7	0	NaN	NaN	NaN	NaN	0	NaN	NaN	NaN	NaN	9	290.59886461808946	289.8502166192011	95112.65403558833	1.1396995934602772	1009.8607125423331	0.0254018667119812	0.13553678430355653	0.005771972536942375	772.0877899328484	1895.1772096716331	0.00506446836522764	40.739609256203735	1123.0894197387847	276.41542147176	-0.6696024368586705	0.41604398303793266	0.20888617310698857	0.8155326189579509	-2.2581805746140844e-14	-2.6663179315325436e-15	0.8155326189579509	4.386714280599479	183.85391826711117	148.14608173288883	14.840829704518317	NaN	0.3370518302287893	0.40895415693773773	36.62345255528639	0.07918423298901679	-0.9485434437808071	-0.22676640085442007	0	77.54597639572633	-11.767901092343129	26.619024312446758	66.28513429209086	101.0890121361058	141.77877687206015	212.41044323008933	0.1282092157483995	1.0098678103276886	-81.74537369875067	1.0161401629105205	82.80948170890152	1.1199276677941896	3.42720932531264	1.1199276677941896	1.867635832090122	1.1199276677941896	NaN	1	NaN	NaN	800000009	800000019	800000009	800000019	800000019	810100019	899999999	899999999	89999	89999	89	89	38	13	6	8	4	1	0	NaN	0	0	0	0	0	0	0	0	0	NaN	NaN	NaN	NaN	0	17276	0	0	0	0	101	0	15213	0	0	21	18000	18000	18000	18000	100	NaN	0.27087437558634925	0.4331710317411675	0.11386290654795868	0.42412127956719514	3.1625979185626916	0.39726597769461436	NaN	NaN	-0.07102501160932029	0.08776999741510567	0.047829699500469024	NaN	NaN	420.91304700838396	8.136065657683597	95191.93033159722	11.399999618530273	3.212275162577662	101.3398785756429	101.1897187362247	101.49005211978489	-0.30035700866911236	0.00028442685973843453	-1	0	-3.857241500659279	1.4604492375782494	1.0001328202502595	-273.1499938964844	9.001059997744031	-273.1499938964844	163
DATA	2026-03-20T193000_AIU-0547.ghg	2026-03-20	20:00:00	79.833	0	18000	18000	0.1406207638300863	1	NaN	-88.03241358705093	1	NaN	96.07008425110394	1	NaN	4.341907005326457	1	NaN	2.165995386952462	1	NaN	NaN	NaN	NaN	NaN	NaN	NaN	NaN	NaN	NaN	NaN	NaN	NaN	5.5593621391645924e-11	1.0717209504483145e-12	NaN	NaN	16.47266932821132	420.80799889754326	424.24961319304634	0.3	0	317.5563020887199	8.112239088682548	8.178585731544123	0.1	1	NaN	NaN	NaN	NaN	0	NaN	NaN	NaN	NaN	9	290.2543867323134	289.508846806962	95112.65403558833	1.1410538321501682	1009.839653622889	0.02537175516508576	0.14035650107451955	0.005761625474137194	769.7960530661253	1854.467749109038	0.005049389706075617	41.51034998780468	1084.6716960429128	276.373384125175	-0.8355009150822928	0.06446396520966377	0.1798584042243568	0.8570685080459226	-2.553754066410611e-15	3.3749005873890467e-15	0.8570685080459226	4.973456141277456	156.4119759835608	175.58802401643914	12.113738262866597	NaN	0.35105216793704164	0.3222003707855858	41.34887943602221	0.07013491150315396	-0.9163353428207215	-0.21762680971609963	0	90.46794470574558	-13.728859636661351	31.05471787898009	77.3306384505113	117.93410290713258	165.40425619318995	247.8057163791373	0.13928573540441194	1.0095848180131162	-81.6612792282417	1.0156608055418714	86.0161258281128	1.1168845763070299	3.887516308697662	1.1168845763070299	1.9393189170131697	1.1168845763070299	NaN	1	NaN	NaN	800000009	800000019	800000009	800000019	800000009	810100119	899999999	899999999	89999	89999	89	89	23	13	7	0	2	0	1	NaN	0	0	0	0	0	0	0	0	0	NaN	NaN	NaN	NaN	0	10200	0	0	0	0	101	0	13425	0	0	21	18000	18000	18000	18000	100	NaN	0.34124817414306574	0.2191304606684212	0.08402210675968462	0.42258297339001066	2.7092544366048514	0.32898244632748547	NaN	NaN	-0.0708692154180677	0.09943791461541668	0.04960540704371242	NaN	NaN	420.807964368613	8.111916292971436	95257.58006228298	11.37086321120792	3.1871701718899135	101.31454163657295	101.16281873491076	101.46626332304213	-0.30345529334081556	0.0002842032269367741	-1	0	-0.8276224112383752	20.033880482709552	1.0001363470339113	-273.1499938964844	9.001040935251448	-273.1499938964844	139
DATA	2026-03-20T200000_AIU-0547.ghg	2026-03-20	20:30:00	79.854	0	18000	18000	0.132226544052418	1	NaN	-439.6390410652711	1	NaN	583.6619364130646	1	NaN	96.47173631071915	1	NaN	13.124462252688256	1	NaN	NaN	NaN	NaN	NaN	NaN	NaN	NaN	NaN	NaN	NaN	NaN	NaN	-1.1697403379206032e-9	-2.8633781608677588e-11	NaN	NaN	16.839701268336363	422.83822355650057	427.2606063716465	0.1	1	412.21484191104554	10.350551277594592	10.458805682109666	0.1	1	NaN	NaN	NaN	NaN	0	NaN	NaN	NaN	NaN	9	287.69937535434303	286.75704558684913	95185.75647017456	1.1519209182738426	1011.0069405481247	0.025129102245938388	0.8504651539741989	0.007422347817783871	982.25081119531	1553.2201370334756	0.006443452584320011	63.239639235641725	570.9693258381656	279.86866798311826	-0.03345209619191258	0.03523723328911951	0.16522402900646346	0.17221987431950614	-5.2186547738204606e-14	-6.946324755297543e-14	0.17221987431950614	2.1677272698141787	198.48869998603612	133.51130001396388	73.61308079118093	NaN	0.33880358031952923	0.43966714143458085	7.449277867393607	0.3892994799796168	-0.7532426112401704	-1.1142213063903292	0	62.38091367873822	-9.466544317853772	21.41334902243218	53.32226677187564	81.31982125998313	114.05220557672277	170.87098698687575	0.12932306622951	1.02245135309238	-397.8409359726323	1.033637394692141	479.1046743126812	1.2182346942249733	79.18977908611718	1.2182346942249733	10.77334467233991	1.2182346942249733	NaN	1	NaN	NaN	800000009	800000019	800000009	800000019	800000019	800110119	899999999	899999999	89999	89999	89	89	17	19	6	4	0	0	0	NaN	0	0	9177	0	0	0	0	0	0	NaN	NaN	NaN	NaN	0	17450	0	0	0	0	101	0	11710	0	0	16	18000	18000	18000	18000	100	NaN	0.02977752916524878	0.6513339058471985	0.19822284785671446	1.2776982904518916	43.94073622088672	0.8578141433507835	NaN	NaN	-0.3416116444857149	2.0107172592794327	0.27354729767945	NaN	NaN	422.83330671487454	10.349716204750166	95252.51329166666	11.379139804204307	6.659305464175028	101.42137774319119	101.26680422676934	101.57595581393772	-0.3091479264812353	0.000279069456624307	-1	0	-9.209324538820542	1.2359797556088423	1.0001559800108273	-273.1499938964844	9.001114456997977	-273.1499938964844	059
DATA	2026-03-20T203000_AIU-0547.ghg	2026-03-20	21:00:00	79.874	0	18000	18000	0.3467191558292425	1	NaN	400.2916762069842	1	NaN	-474.61382103353566	1	NaN	-80.63263413627249	1	NaN	-10.670355704306504	1	NaN	0.04206826620247279	2	NaN	NaN	NaN	NaN	NaN	NaN	NaN	NaN	NaN	NaN	-8.541403543885366e-10	-2.1020925407617438e-11	-4.491923626202214e-12	NaN	17.088831240700795	425.9310211054032	430.4431097375146	0.1	1	420.566766303057	10.482427363892239	10.593472671704761	0.1	1	0.0898701535407945	2.107904162396052	2.1302341875349673	0	1	NaN	NaN	NaN	NaN	9	287.1531619906956	286.5613034384348	94868.9990400264	1.1487870006126377	1011.0946910509922	0.02511326883276119	-0.6914390496390614	0.007521655010015694	994.7241441903185	1533.851646691327	0.0065474757339737165	64.85139200626338	539.1275025010085	280.05236440515296	0.06390582561252495	0.07213329911690046	0.17314920899398673	0.19816108589716638	4.6534322666304506e-14	-4.9982374005438957e-14	0.19816108589716638	2.474451469839605	283.53903959986974	48.4609604001303	60.90092535847652	NaN	0.5493753410328399	0.41922095174451685	-34.79921073843602	-0.08333522337036586	-0.8434050136494025	0.6273011081329245	0	67.60159516895881	-10.258802875512844	23.20544003701358	57.78482678800791	88.12550685520297	123.59727639180728	185.1712424075038	0.33171835033412145	1.045221512406569	361.8507448723769	1.0361466856914359	-428.1608113887257	1.1084943049648592	-72.74068416511048	1.1084943049648592	-9.625990549987325	1.1084943049648592	-0.05412090474642768	1.1783001464809788	NaN	NaN	800000009	800000009	800000009	800000019	800100019	800100019	899999999	899999999	89999	89999	89	89	0	0	5	24	8	0	2	NaN	0	0	16603	0	0	0	0	0	0	NaN	NaN	NaN	NaN	0	49	0	0	0	0	101	0	11918	0	0	21	18000	18000	18000	18000	100	NaN	0.20203819582512852	0.21008634360115627	0.4263173640627489	1.085367773052502	29.286735472541	0.748817695570192	2.29838652654491e-7	NaN	0.31152874702425043	-1.846113295949388	-0.24430164968861165	-0.00005412090474642768	NaN	425.9274421063286	10.481698197744649	95268.88271983506	11.399999618530273	6.852314142147761	101.48949707391527	101.33094710879855	101.64803551843431	-0.3170660106821196	0.00027678096834764194	-1	0	2.094250747032807	63.27205331274751	1.0001686255716615	-273.1499938964844	9.001146883540683	-273.1499938964844	011
DATA	2026-03-20T210000_AIU-0547.ghg	2026-03-20	21:30:00	79.895	0	18000	18000	0.10662927355140982	1	NaN	62.95983151098774	1	NaN	-91.11989283328947	1	NaN	-10.602003698755441	1	NaN	-2.047974080115534	1	NaN	0.0016285188068174848	1	NaN	NaN	NaN	NaN	NaN	NaN	NaN	NaN	NaN	NaN	1.8909740144481595e-10	4.611065490117818e-12	9.805648011889004e-13	NaN	17.23196642075413	430.21730807938155	434.7784291171016	0.1	1	420.19469904136395	10.490679233977417	10.601900370029988	0.1	1	0.08935638246933619	2.092932136609301	2.115121194602867	0	1	NaN	NaN	NaN	NaN	9	286.77542321946885	286.2560699462891	94865.56652560763	1.149966734948923	1011.0931802636892	0.025087426899949177	-0.1327087203914866	0.007535330099384359	995.47118176896	1503.5961445379523	0.006552650498815558	66.2060211703232	508.1249627689923	280.0633014876277	0.4600081064977717	0.030236030337877445	0.187023192834398	0.4974930655117067	-1.823655052483012e-14	1.0973640316352265e-14	0.4974930655117067	1.9529174759154255	328.23939556977825	3.7606044302216914	22.081881822186002	NaN	0.30450581205705596	0.25743772624640054	-37.67458180526102	-0.07697497519654041	-0.6909559433545139	0.1778244654779751	0	109.10847758340105	-16.557632416481674	37.45340960909828	93.26428559122387	142.23392014944463	199.4850953865832	298.8650238328515	0.10434895788695618	1.0218527880932358	56.8680360058125	1.0206778977466715	-83.58932413990856	1.0900900775412006	-9.725805157927173	1.0900900775412006	-1.8787200455350714	1.0900900775412006	-0.012174319076311236	1.155388723832648	NaN	NaN	800000009	800000009	800000009	800000009	800000019	800110119	899999999	899999999	89999	89999	89	89	0	1	0	1	0	0	0	NaN	0	0	18000	0	0	0	0	0	0	NaN	NaN	NaN	NaN	0	0	0	0	0	0	0	0	7254	0	0	0	18000	18000	18000	18000	100	NaN	0.24669150537668486	0.22860793862524054	0.03957600849087574	0.4368114591119653	15.925237613728626	0.2842872891117995	3.6313202291065754e-7	NaN	0.04890933645815907	-0.24658294238352865	-0.04763207870408211	-0.000012174319076311236	NaN	430.21541533530296	10.49040047196096	95268.24746592881	11.393620080947876	6.8926225770049685	101.49125177616543	101.33101227802221	101.65150674862332	-0.3205058080628517	0.0002771839490871774	-1	0	2.083725822965303	50.40588110319971	1.0001659220721986	-273.1499938964844	9.001110282447604	-273.1499938964844	114
DATA	2026-03-20T213000_AIU-0547.ghg	2026-03-20	22:00:00	79.916	0	18000	18000	0.20530175511429602	1	NaN	274.74889822636493	1	NaN	-250.50950499252806	1	NaN	-38.39349392353868	1	NaN	-5.631782823319184	1	NaN	0.00346286405785242	1	NaN	NaN	NaN	NaN	NaN	NaN	NaN	NaN	NaN	NaN	-1.1046149624742257e-10	-2.4818950874692264e-12	-5.767133595397754e-13	NaN	17.121304432628573	427.56987353059634	431.71730339745017	0.1	1	384.68862731340613	9.606818708018238	9.700004896526053	0.1	1	0.08938938303829891	2.095526758173258	2.11585337798834	0	1	NaN	NaN	NaN	NaN	9	286.9441417694092	286.52095130411783	94833.7653077257	1.148903859205988	1010.6091889604432	0.025119061564334758	-0.3649395269510831	0.00689177323130616	911.2951704404129	1529.821399521513	0.005998563914711795	59.56872944289062	618.5262290811002	278.7827479185083	0.23750980218050932	-0.04825482858434991	0.1884835820174642	0.30702686414005037	1.0561847989391477e-14	-6.451698623903494e-15	0.30702686414005037	2.6026235337849246	343.4844586918292	348.5155413081708	37.871986128344645	NaN	0.4227216459499949	0.40730747396888933	-23.088011830202003	-0.12560631124618699	-1.0967603733621198	0.5597763443110797	0	91.81024025008048	-13.932558164123526	31.51548450272859	78.47801249300022	119.68392071688021	167.8584005514407	251.48247183145065	0.19893916384437038	1.0319825978302748	254.54417215496935	1.0273348621601845	-228.21182388282466	1.0977060729384125	-34.9761150731037	1.0977060729384125	-5.130501654458058	1.0977060729384125	-0.06527372790544056	1.1650418436725622	NaN	NaN	800000009	800000009	800000009	800000009	800000009	800110109	899999999	899999999	89999	89999	89	89	0	0	3	17	20	1	0	NaN	0	0	18000	0	0	0	0	0	0	NaN	NaN	NaN	NaN	0	0	0	0	0	0	0	0	7983	0	0	0	18000	18000	18000	18000	100	NaN	0.2145677696168883	0.48262010902073565	0.11742706930015462	1.1997261228425273	28.288199558411005	0.5071517130276922	4.755370454695755e-7	NaN	0.21922810367687184	-0.8870916019707622	-0.13012379797053827	-0.00006527372790544056	NaN	427.56699438353144	9.606324330098907	95234.33706163193	11.390000343322754	5.5924985080294505	101.51674024624295	101.35832224231297	101.67514044973585	-0.31681483531660487	0.00027783017845488055	-1	0	2.0870800487465324	53.63761401028097	1.0001667880879508	-273.1499938964844	9.001099803553688	-273.1499938964844	195
DATA	2026-03-20T220000_AIU-0547.ghg	2026-03-20	22:30:00	79.937	0	18000	18000	0.02295710323593896	1	NaN	-1.3227239442352607	2	NaN	-2.4761953195233763	2	NaN	0.7360419518844298	2	NaN	-0.055586072694954296	2	NaN	0.00007974865733463297	2	NaN	NaN	NaN	NaN	NaN	NaN	NaN	NaN	NaN	NaN	1.8159567150420685e-11	4.2263463581263166e-13	9.311568131451975e-14	NaN	17.464254541340175	434.59321104836755	439.0337991053761	0.1	1	406.45235630781076	10.114456030622625	10.217803555413393	0.1	1	0.08955037016008466	2.085014287212152	2.1063185536091162	0.9	0	NaN	NaN	NaN	NaN	9	285.4272096920912	284.98351768294583	94814.32823589409	1.1546427473422967	1010.859763885273	0.024989397806217225	-0.003601977510633038	0.007293593155307366	959.2525943668863	1383.035331732474	0.006316753101420696	69.35850244442189	423.78273736558776	279.5245050735583	0.6839569525734418	0.09032640820583988	0.16819380990121496	0.7101021973504995	-3.929301947471394e-15	1.039813471994159e-15	0.7101021973504995	1.7144177341396973	324.47679945482446	7.523200545175576	13.701206044885417	NaN	0.14100506971569765	0.14252151977511468	177.97312756559688	0.016294594805786763	0.5341759326521389	-0.00803703658801521	1	7.714022861603539	3	7	13	23	46	164	0.02272800209901537	1.010080126529622	-1.4434733443180237	1.013929107433878	-2.255734969865587	1.0977332676945317	0.6705107456843966	1.0977332676945317	-0.050637139577355265	1.0977332676945317	0.0006233028605106288	1.178378646781641	NaN	NaN	800000009	800000009	800000009	800000009	800000009	800110119	899999999	899999999	89999	89999	89	89	0	0	0	1	0	1	0	NaN	0	0	18000	0	0	0	0	0	0	NaN	NaN	NaN	NaN	0	0	0	0	0	0	0	0	8616	0	0	0	18000	18000	18000	18000	100	NaN	0.1031928440465829	0.16568307839198465	0.01616711711166178	0.2835264459803006	13.224175689561932	0.08627845498228588	2.2576641584483607e-7	NaN	-0.0012367167024806506	0.016926912190671183	-0.001278324651363748	6.233028605106289e-7	NaN	434.59277264908593	10.114369961293352	95207.7143641493	11.380287898805406	6.364171214865855	101.60567763688829	101.44247519005668	101.76887586975099	-0.32640015644000636	0.0002768706893483694	-1	0	2.076149128671326	53.13708631540893	1.0001581474873755	-273.1499938964844	9.001039940913518	-273.1499938964844	148
DATA	2026-03-20T223000_AIU-0547.ghg	2026-03-20	23:00:00	79.958	0	18000	18000	0.026079608185509855	1	NaN	0.22108405103097026	2	NaN	-1.6294233140146261	1	NaN	-1.1532513696494362	2	NaN	-0.03654894308664063	1	NaN	0.003989305292162011	2	NaN	NaN	NaN	NaN	NaN	NaN	NaN	NaN	NaN	NaN	-8.65720820146499e-11	-1.9884830672386158e-12	-4.431128054091181e-13	NaN	17.74549228904324	440.0867995403523	444.5807996599715	0.1	1	407.59803986930376	10.10839902005751	10.211622171610212	0.1	1	0.09082899115482966	2.1068868169437573	2.1284015490767336	0	1	NaN	NaN	NaN	NaN	9	284.62838600921634	284.16612495761444	94793.63981206596	1.1577140267075137	1010.8409928870233	0.024923161169689408	-0.0023683715120143126	0.007308597501827066	958.4689659922391	1310.1591578158661	0.006312955819160615	73.156681787431	351.69019182362706	279.51265045230843	0.8309931834236061	0.19452260335336508	0.17459067923894206	0.8711318036835425	-1.5548205426170248e-14	-4.878539327314288e-15	0.8711318036835425	2.127077573223525	318.8251693727359	13.174830627264102	11.561416039835814	NaN	0.1500893523526189	0.14963634912642051	-1283.917054736571	-0.0022587128890464115	-0.13568239089832107	0.0012587033537284084	1	10.238354643327225	4	9	17	29	56	189	0.02571098036839076	1.0143373691643547	0.12906195828599548	1.0158984429378561	-1.500218198806245	1.0861242153382702	-1.0618043068768699	1.0861242153382702	-0.03365079478985519	1.0861242153382702	0.003764103585079156	1.1492101014577372	NaN	NaN	800000009	800000009	800000009	800000009	800100009	800100009	899999999	899999999	89999	89999	89	89	2	1	0	7	5	0	0	NaN	0	0	18000	0	0	0	0	0	0	NaN	NaN	NaN	NaN	0	0	0	0	0	0	0	0	11222	0	0	0	18000	18000	18000	18000	100	NaN	0.18082051335392463	0.10595850826927333	0.012493676629643057	0.14114138233035778	21.026193270339004	0.03759096648774586	3.3209322560405377e-7	NaN	0.00011028440631648296	-0.026733828565437535	-0.000847250828779158	0.000003764103585079156	NaN	440.0862145497278	10.108359536182034	95187.90941015625	11.389140033086143	6.35555081001918	101.70209925651551	101.53628975274827	101.86789364539251	-0.33163535766634683	0.00027585606757848935	-1	0	2.0979389478034456	52.91409650293987	1.0001630291624202	-273.3518689049614	9.001048371288512	-273.1499938964844	132
DATA	2026-03-20T230000_AIU-0547.ghg	2026-03-20	23:30:00	79.979	0	18000	18000	0.06787391432154195	1	NaN	9.68752226471841	1	NaN	-4.911929732905975	1	NaN	-3.777040210120585	1	NaN	-0.11013345533554977	1	NaN	0.004551154213779419	1	NaN	NaN	NaN	NaN	NaN	NaN	NaN	NaN	NaN	NaN	1.605645117145602e-10	3.5791954721834687e-12	8.177827032555569e-13	NaN	17.977723050501673	445.01523473789825	449.47400725177295	0.1	1	400.74724019285895	9.919978557018288	10.019370497508394	-0.3	0	0.09156363879930643	2.119730407331731	2.1409687716376222	0	1	NaN	NaN	NaN	NaN	9	284.19064366658523	283.7483416765001	94767.32755208333	1.1591796879605876	1010.7287658720983	0.024893428712568576	-0.007136647905743625	0.0071809319127673745	940.3420263751257	1274.233158259837	0.006194839322453283	73.7967004138637	333.8911318847113	279.2360122449585	0.755269061804259	0.1625193577089874	0.18226497058203014	0.793765971083449	-1.1246108115660878e-14	8.931304106950273e-15	0.793765971083449	2.506803938290015	319.85622194595567	12.143778054044336	13.274732363026006	NaN	0.24197810242585266	0.2926573580156633	-122.76002657654388	-0.02362332496068481	-1.9722436580922178	0.03417049407339169	0	114.77366441042818	-17.417346373913702	39.39808492163325	98.10680208367172	149.6190633448589	209.842863725056	314.3828482363935	0.06684889475222809	1.0153333809498728	9.291932340323344	1.0165099085305662	-4.521227598827737	1.0864150555436622	-3.4766088621907802	1.0864150555436622	-0.10137327789556169	1.0864150555436622	0.0015178448164150497	1.1498939267208876	NaN	NaN	800000009	800000009	800000009	800000009	800010109	800110109	899999999	899999999	89999	89999	89	89	0	0	2	6	0	0	0	NaN	0	0	18000	0	0	0	0	0	0	NaN	NaN	NaN	NaN	0	0	0	0	0	0	0	0	11458	0	0	0	18000	18000	18000	18000	100	NaN	0.3043546466205551	0.2589392451015534	0.022020824309218017	0.17275972287482633	27.35406099966216	0.041698745413247404	2.0003071768006494e-7	NaN	0.007930866695650483	-0.08741207336315901	-0.00254881948350291	0.0000015178448164150496	NaN	445.0143202959651	9.919935193374213	95163.56508485242	11.40999984741211	6.079002250856832	101.77184458520678	101.60507616996765	101.93864501380921	-0.33356676249454403	0.00027523877433850426	-1	0	2.1108925504485767	52.82431689050462	1.0001632983883222	-273.1499938964844	9.001002493699392	-273.1499938964844	124
