DATAH	filename	date	time	DOY	daytime	file_records	used_records	Tau	qc_Tau	rand_err_Tau	H	qc_H	rand_err_H	LE	qc_LE	rand_err_LE	co2_flux	qc_co2_flux	rand_err_co2_flux	h2o_flux	qc_h2o_flux	rand_err_h2o_flux	ch4_flux	qc_ch4_flux	rand_err_ch4_flux	none_flux	qc_none_flux	rand_err_none_flux	H_strg	LE_strg	co2_strg	h2o_strg	ch4_strg	none_strg	co2_v-adv	h2o_v-adv	ch4_v-adv	none_v-adv	co2_molar_density	co2_mole_fraction	co2_mixing_ratio	co2_time_lag	co2_def_timelag	h2o_molar_density	h2o_mole_fraction	h2o_mixing_ratio	h2o_time_lag	h2o_def_timelag	ch4_molar_density	ch4_mole_fraction	ch4_mixing_ratio	ch4_time_lag	ch4_def_timelag	none_molar_density	none_mole_fraction	none_mixing_ratio	none_time_lag	none_def_timelag	sonic_temperature	air_temperature	air_pressure	air_density	air_heat_capacity	air_molar_volume	ET	water_vapor_density	e	es	specific_humidity	RH	VPD	Tdew	u_unrot	v_unrot	w_unrot	u_rot	v_rot	w_rot	wind_speed	max_wind_speed	wind_dir	yaw	pitch	roll	u*	TKE	L	(z-d)/L	bowen_ratio	T*	model	x_peak	x_offset	x_10%	x_30%	x_50%	x_70%	x_90%	un_Tau	Tau_scf	un_H	H_scf	un_LE	LE_scf	un_co2_flux	co2_scf	un_h2o_flux	h2o_scf	un_ch4_flux	ch4_scf	un_none_flux	un_none_scf	spikes_hf	amplitude_resolution_hf	drop_out_hf	absolute_limits_hf	skewness_kurtosis_hf	skewness_kurtosis_sf	discontinuities_hf	discontinuities_sf	timelag_hf	timelag_sf	attack_angle_hf	non_steady_wind_hf	u_spikes	v_spikes	w_spikes	ts_spikes	co2_spikes	h2o_spikes	ch4_spikes	none_spikes	head_detect_LI-7200	t_out_LI-7200	t_in_LI-7200	aux_in_LI-7200	delta_p_LI-7200	chopper_LI-7200	detector_LI-7200	pll_LI-7200	sync_LI-7200	chopper_LI-7500	detector_LI-7500	pll_LI-7500	sync_LI-7500	not_ready_LI-7700	no_signal_LI-7700	re_unlocked_LI-7700	bad_temp_LI-7700	laser_temp_unregulated_LI-7700	block_temp_unregulated_LI-7700	motor_spinning_LI-7700	pump_on_LI-7700	top_heater_on_LI-7700	bottom_heater_on_LI-7700	calibrating_LI-7700	motor_failure_LI-7700	bad_aux_tc1_LI-7700	bad_aux_tc2_LI-7700	bad_aux_tc3_LI-7700	box_connected_LI-7700	mean_value_RSSI_LI-7200	mean_value_LI-7500	u_var	v_var	w_var	ts_var	co2_var	h2o_var	ch4_var	none_var	w/ts_cov	w/co2_cov	w/h2o_cov	w/ch4_cov	w/none_cov	co2_mean	h2o_mean	air_p_mean	vin_sf_mean	dew_point_mean	avg_signal_strength_7200_mean	co2_signal_strength_7200_mean	h2o_signal_strength_7200_mean	delta_signal_strength_7200_mean	flowrate_mean	hit_power_mean	hit_vin_mean	ch4_mean	rssi_77_mean	ch4_aux-1_mean	ch4_aux-2_mean	ch4_aux-3_mean	ch4_aux-4_mean	CHK
DATAU		[yyyy-mm-dd]	[HH:MM]	[ddd.ddd]	[1=daytime]	[#]	[#]	[kg+1m-1s-2]	[#]	[kg+1m-1s-2]	[W+1m-2]	[#]	[W+1m-2]	[W+1m-2]	[#]	[W+1m-2]	[µmol+1s-1m-2]	[#]	[µmol+1s-1m-2]	[mmol+1s-1m-2]	[#]	[mmol+1s-1m-2]	[µmol+1s-1m-2]	[#]	[µmol+1s-1m-2]	[µmol+1s-1m-2]	[#]	[µmol+1s-1m-2]	[W+1m-2]	[W+1m-2]	[µmol+1s-1m-2]	[mmol+1s-1m-2]	[µmol+1s-1m-2]	[µmol+1s-1m-2]	[µmol+1s-1m-2]	[mmol+1s-1m-2]	[µmol+1s-1m-2]	[µmol+1s-1m-2]	[mmol+1m-3]	[µmol+1mol_a-1]	[µmol+1mol_d-1]	[s]	[1=default]	[mmol+1m-3]	[mmol+1mol_a-1]	[mmol+1mol_d-1]	[s]	[1=default]	[mmol+1m-3]	[µmol+1mol_a-1]	[µmol+1mol_d-1]	[s]	[1=default]	[mmol+1m-3]	[µmol+1mol_a-1]	[µmol+1mol_d-1]	[s]	[1=default]	[K]	[K]	[Pa]	[kg+1m-3]	[J+1kg-1K-1]	[m+3mol-1]	[mm]	[kg+1m-3]	[Pa]	[Pa]	[kg+1kg-1]	[%]	[Pa]	[K]	[m+1s-1]	[m+1s-1]	[m+1s-1]	[m+1s-1]	[m+1s-1]	[m+1s-1]	[m+1s-1]	[m+1s-1]	[deg_from_north]	[deg]	[deg]	[deg]	[m+1s-1]	[m+2s-2]	[m]	[#]	[#]	[K]	[0=KJ/1=KM/2=HS]	[m]	[m]	[m]	[m]	[m]	[m]	[m]	[kg+1m-1s-2]	[#]	[W+1m-2]	[#]	[W+1m-2]	[#]	[µmol+1s-1m-2]	[#]	[mmol+1s-1m-2]	[#]	[µmol+1s-1m-2]	[#]	[µmol+1s-1m-2]	[#]	8u/v/w/ts/co2/h2o/ch4/none	8u/v/w/ts/co2/h2o/ch4/none	8u/v/w/ts/co2/h2o/ch4/none	8u/v/w/ts/co2/h2o/ch4/none	8u/v/w/ts/co2/h2o/ch4/none	8u/v/w/ts/co2/h2o/ch4/none	8u/v/w/ts/co2/h2o/ch4/none	8u/v/w/ts/co2/h2o/ch4/none	8co2/h2o/ch4/none	8co2/h2o/ch4/none	8aa	8U	[#]	[#]	[#]	[#]	[#]	[#]	[#]	[#]	[#_flagged_recs]	[#_flagged_recs]	[#_flagged_recs]	[#_flagged_recs]	[#_flagged_recs]	[#_flagged_recs]	[#_flagged_recs]	[#_flagged_recs]	[#_flagged_recs]	[#_flagged_recs]	[#_flagged_recs]	[#_flagged_recs]	[#_flagged_recs]	[#_flagged_recs]	[#_flagged_recs]	[#_flagged_recs]	[#_flagged_recs]	[#_flagged_recs]	[#_flagged_recs]	[#_flagged_recs]	[#_flagged_recs]	[#_flagged_recs]	[#_flagged_recs]	[#_flagged_recs]	[#_flagged_recs]	[#_flagged_recs]	[#_flagged_recs]	[#_flagged_recs]	[#_flagged_recs]	[#]	[#]	[m+2s-2]	[m+2s-2]	[m+2s-2]	[K+2]	--	--	--	--	[m+1s-1K+1]	--	--	--	--	--	--	--	--	--	--	--	--	--	--	--	--	--	--	--	--	--	--	207
DATA	2026-06-01T233000_AIU-0547.ghg	2026-06-02	00:00:00	153	0	18000	18000	0.12306973185230369	1	NaN	115.26137146918185	0	NaN	-13.36973375840255	1	NaN	-26.83265424788393	0	NaN	-0.3020245737115113	1	NaN	NaN	NaN	NaN	NaN	NaN	NaN	NaN	NaN	NaN	NaN	NaN	NaN	9.73221665063012e-12	2.363123674274131e-13	NaN	NaN	16.157492487009844	414.55420771055054	418.7695329412761	0.1	1	392.32740477974494	10.065978776246515	10.168333000418535	0.1	1	NaN	NaN	NaN	NaN	0	NaN	NaN	NaN	NaN	9	292.47159274631076	291.5399012626687	95111.49413224586	1.132259963423605	1010.9555157866445	0.025565877649990926	-0.019571192376505932	0.007094962400241256	954.5866437174141	2108.304818016353	0.0062661955994525115	45.2774492359961	1153.7181742989387	279.4537927281169	-0.022651183661065225	-0.22006366910224515	0.20055341820628964	0.29860135320225206	-1.801980237745061e-14	6.023345923542617e-16	0.29860135320225206	2.040009324507135	67.87676673657995	264.12323326342005	42.1939758931803	NaN	0.3296875534175238	0.20096396620828771	-26.168122752815233	-0.11082185861758122	-8.621067072240157	0.3054239110015675	0	72.64229730429152	-11.023748871702884	24.935749963185568	62.09354315856317	94.69657118396711	132.8132875446856	198.97850649162572	0.11917313293435347	1.0326969579636431	111.7528054599374	1.0278077219105002	-12.17341626609025	1.0982729470645567	-24.431680958364442	1.0982729470645567	-0.27499955682124094	1.0982729470645567	NaN	1	NaN	NaN	800000009	800000019	800000009	800000019	800100009	800100019	899999999	899999999	89999	89999	89	89	0	0	2	4	34	1	10	NaN	0	0	0	0	0	0	0	0	0	NaN	NaN	NaN	NaN	0	2962	0	0	0	0	0	0	13044	0	0	0	18000	18000	18000	18000	100	NaN	0.1427860608482295	0.1308738974266968	0.12826797414164912	0.2532279975756387	42.96639780087651	0.6795036316279902	NaN	NaN	0.09762931393546764	-0.6309498956744549	-0.007101883082976327	NaN	NaN	414.5469170029984	10.065312725006484	95777.25602191841	11.369999885559082	6.3453980395794325	98.47603336948819	98.15758029874166	98.79447912343343	-0.6368832680897581	0.00028542084313974356	-1	0	2.151722350375187	53.76317559921559	1.000107770015796	-273.1499938964844	9.000899445003933	-273.1499938964844	180
DATA	2026-06-02T000000_AIU-0547.ghg	2026-06-02	00:30:00	153.02	0	18000	18000	0.04493350821333678	1	NaN	11.820802738396344	1	NaN	96.36550796223933	1	NaN	2.1465056592503875	1	NaN	2.175240747884234	1	NaN	NaN	NaN	NaN	NaN	NaN	NaN	NaN	NaN	NaN	NaN	NaN	NaN	-2.3967709208960313e-12	-6.007985982272626e-14	NaN	NaN	16.436448836679638	421.0043518070351	425.49473244712436	0.1	0	412.0124845815256	10.553316639818172	10.665877017222279	0.5	0	NaN	NaN	NaN	NaN	0	NaN	NaN	NaN	NaN	9	291.7170652016533	290.7429090649743	95146.29738640375	1.1355716360776336	1011.2043487168854	0.025490594449901552	0.14095560046289837	0.007460428962597857	1001.0130541466156	2005.1957169825225	0.006569756346122601	49.92096510424277	1004.182662835907	280.14421244989234	0.2671457501495315	-0.3519694131270639	0.22068091722116132	0.493912327063763	-3.900694502997389e-14	-1.4582048377429244e-16	0.493912327063763	1.707596956135614	24.801402105922477	307.1985978940775	26.538675214514274	NaN	0.19891974586109373	0.14732523420957364	-56.06300446246792	-0.05172751670741159	0.12266632520661133	0.051750626210143626	1	2.3177611358121717	1	2	4	6	11	32	0.043967281551798194	1.021976038259274	17.046779119033367	1.0207582339370684	88.39455368150237	1.090174721730678	1.968955632949147	1.090174721730678	1.995313874487007	1.090174721730678	NaN	1	NaN	NaN	800000009	800000019	800000009	800000019	800000009	800001019	899999999	899999999	89999	89999	89	89	2	0	0	15	21	2	7	NaN	0	0	0	0	0	0	0	0	0	NaN	NaN	NaN	NaN	0	3814	0	0	0	0	101	0	16676	0	0	16	18000	18000	18000	18000	100	NaN	0.059655000281004476	0.20469846067919567	0.03029700745894714	0.1138768156200717	13.72449186420232	0.2875164424773069	NaN	NaN	0.014845296256804303	0.050723500204701816	0.05140253138634335	NaN	NaN	420.9994658737186	10.5530351996521	95800.9802562934	11.369999885559082	7.06205421402714	98.50964511383904	98.19155255466038	98.82774565675524	-0.6361937916792101	0.0002846490573574556	-1	0	2.1741503915051603	41.081395028868684	1.0001248631311788	-273.1499938964844	9.001077682918972	-273.1499938964844	000
DATA	2026-06-02T003000_AIU-0547.ghg	2026-06-02	01:00:00	153.041	0	18000	18000	0.04618007132344558	0	NaN	15.063647205623962	0	NaN	101.16700859578283	0	NaN	4.784488190905135	0	NaN	2.2832017176364134	0	NaN	NaN	NaN	NaN	NaN	NaN	NaN	NaN	NaN	NaN	NaN	NaN	NaN	-1.1373163757969032e-10	-3.0335075895058398e-12	NaN	NaN	16.53519873806201	422.9727708683919	427.79909027723585	0.2	0	441.0351590229435	11.28174303904255	11.410473064105707	0.5	0	NaN	NaN	NaN	NaN	0	NaN	NaN	NaN	NaN	9	291.59174823760986	290.5509957281922	95146.29738640375	1.1360114738342997	1011.6003950902502	0.025479644100096278	0.1479514713028396	0.007978801126427034	1069.8579482177267	1980.9881462077185	0.00702352160185209	54.006277133247714	911.1301979899918	281.11771659341167	1.1334418288461712	0.2306462130423628	0.3296385172978173	1.202725906869603	-3.0020354160715447e-14	-6.878153651573232e-15	1.202725906869603	3.535551611992107	320.4978221418738	11.50217785812612	15.906967855650885	NaN	0.20162108186231567	0.3526816302488451	-45.81617377495118	-0.06329642484430903	0.14889881014285414	0.06501334133060549	0	74.5616817957518	-11.31502287331474	25.594612547910597	63.7342041533432	97.19868272049519	136.3225345513612	204.23599797615498	0.045654122999656724	1.0115202809567234	20.622638024391097	1.0142799139296974	93.1208390734039	1.086405681074635	4.40396094594469	1.086405681074635	2.101610620609006	1.086405681074635	NaN	1	NaN	NaN	800000009	800000019	800000009	800000019	800000019	800011019	899999999	899999999	89999	89999	89	89	0	6	3	27	28	0	9	NaN	0	0	0	0	0	0	0	0	0	NaN	NaN	NaN	NaN	0	2580	0	0	0	0	0	0	15514	0	0	0	18000	18000	18000	18000	100	NaN	0.33164419419100105	0.32877527543124546	0.04494379087544367	0.23232100465014047	32.5044193995218	0.5594196883937675	NaN	NaN	0.017945373873724493	0.11348744975642384	0.054157253581813836	NaN	NaN	422.9713984452455	11.281198675097858	95804.67682790798	11.369999885559082	8.02808381194537	98.52701538234287	98.20550761244031	98.84852592722575	-0.643016542312172	0.0002843113921973983	-1	0	2.110690395563586	62.80612820618791	1.000129215647777	-311.2236204952539	9.001018164634704	-273.1499938964844	254
DATA	2026-06-02T010000_AIU-0547.ghg	2026-06-02	01:30:00	153.062	0	18000	18000	0.28387008323178026	1	NaN	-93.16273955118366	1	NaN	213.49588039937447	1	NaN	50.863881019749	1	NaN	4.825780396910528	1	NaN	0.04250909452034005	1	NaN	NaN	NaN	NaN	NaN	NaN	NaN	NaN	NaN	NaN	7.427463602840655e-10	1.8335572588062292e-11	4.107996148622368e-12	NaN	16.134229296233833	413.77955505407033	418.04978217235026	0.2	0	398.2925373076153	10.21463782636161	10.320053434544178	0.5	0	0.08923551208594281	2.1460801175627218	2.1682277790507816	0	1	NaN	NaN	NaN	NaN	9	292.73588208685976	292.15675505977663	95424.838261023	1.133502252326378	1011.0702616172142	0.025454497024378218	0.3127105697198022	0.007231247846246648	974.9916235232014	2191.6465579926617	0.0063795619562337655	44.48671798687286	1216.6549344694604	279.7608111038632	0.838713495814949	0.2978602680492814	0.3285335093881323	0.9487335422211354	3.3180942244746845e-14	4.603544096509417e-14	0.9487335422211354	4.788883684664447	312.4480412016072	19.551958798392807	20.26034132563542	NaN	0.5004360861125806	0.9156441593237633	113.49774375771332	0.025551168719183597	-0.4363678557961375	-0.16243885064010852	0	87.8618387753155	-13.33337300729756	30.160126046530703	75.10297829834006	114.53678061816154	160.639463377508	240.66718848231497	0.2814008048953601	1.0087749512206916	-80.2528424050836	1.0135022177500481	194.03275261733313	1.1003084660682316	46.22692870982133	1.1003084660682316	4.385843193731525	1.1003084660682316	0.053094579978889236	1.1813398277421236	NaN	NaN	800000009	800000019	800000009	800000019	800000019	800011019	899999999	899999999	89999	89999	89	89	9	3	1	6	12	3	1	NaN	0	0	0	0	0	0	0	0	0	NaN	NaN	NaN	NaN	0	1353	0	0	0	0	0	0	13117	17997	0	0	18000	18000	18000	18000	100	NaN	1.0307758351029737	0.6168233034761723	0.1836891800683807	0.28414725095000715	85.70502830944473	0.6844086185226055	5.748364118515657e-7	NaN	-0.07002557748626882	1.1888299439615502	0.11279186966881988	0.00005309457997888924	NaN	413.7737868769274	10.213959435550137	95823.2714592014	11.369999885559082	6.566687979353794	98.46074072244433	98.14007400173611	98.7814100549486	-0.6413253227339847	0.0002847875727828876	-1	0	2.156949370849465	64.94991722630446	1.0001310007621844	-294.18536977980233	9.001061355802747	-273.1499938964844	045
DATA	2026-06-02T013000_AIU-0547.ghg	2026-06-02	02:00:00	153.083	0	18000	18000	0.25697988800766475	0	NaN	3.713521210326823	2	NaN	122.9429640529848	1	NaN	2.641317728732826	1	NaN	2.776894453089865	1	NaN	0.08077908917590743	0	NaN	NaN	NaN	NaN	NaN	NaN	NaN	NaN	NaN	NaN	1.7359603397873779e-10	4.4356661580715505e-12	9.672254515311334e-13	NaN	16.105904370967778	412.6993190785626	417.0976770935892	0.3	0	411.5325294366375	10.545151067910723	10.6575363992526	0.1	1	0.08973730718660644	2.1508203173192184	2.1737427631393005	0	0	NaN	NaN	NaN	NaN	9	291.9322177200317	291.38755460875086	95453.90539955774	1.1366980096931272	1011.2346060762239	0.025379748674257793	0.17994276056022326	0.007487214626846395	1006.8458557773369	2088.6428121782087	0.006586810712255675	48.20574632994883	1081.7969564008717	280.2289451341593	-0.5850050830118776	0.5530353781764916	0.16380720421345024	0.8215302044458082	7.648652656535144e-15	1.077840958075344e-14	0.8215302044458082	5.3096122787254005	195.39087658925513	136.60912341074487	11.501453632140477	NaN	0.47547426742266724	0.8633518726332507	-2442.8078340109523	-0.0011871584656081456	0.030205235728060085	0.006794568287739079	0	70.59394104221623	-10.71290290632392	24.23261554312893	60.342639034062536	92.02633191869158	129.06823900788925	193.36774134631096	0.2531934013834788	1.0149549182699713	10.625163438971766	1.0162760740158772	113.17704160334472	1.086288900215885	2.431505769973255	1.086288900215885	2.556313014464196	1.086288900215885	0.06535408811467387	1.1496251521860947	NaN	NaN	800000009	800000019	800000009	800000019	800001019	800111119	899999999	899999999	89999	89999	89	89	23	23	0	26	16	4	13	NaN	0	0	0	0	0	0	0	0	0	NaN	NaN	NaN	NaN	0	307	0	0	0	0	0	0	18000	18000	0	0	18000	18000	18000	18000	100	NaN	0.7565938415994989	0.6835453141785065	0.286564589488496	0.07302618970582618	2.707744995666706	0.31107263592112006	4.324825096506874e-7	NaN	0.009243545774018641	0.062368870925934426	0.06557021513757604	0.00006535408811467387	NaN	412.6975443261591	10.544842457544831	95845.92767751736	11.369999885559082	7.056067506816678	98.47632486364577	98.15634314643012	98.79630307833354	-0.6399594697654248	0.000284986539981522	-1	0	2.142421738907583	77.23727247900139	1.0001272186868722	-273.1499938964844	9.001124079333412	-273.1499938964844	149
DATA	2026-06-02T020000_AIU-0547.ghg	2026-06-02	02:30:00	153.104	0	18000	18000	0.16220700506690872	1	NaN	27.955990465964327	0	NaN	50.237309868145225	0	NaN	-0.6333227723096685	1	NaN	1.1338984621117805	0	NaN	0.03699119183261433	0	NaN	NaN	NaN	NaN	NaN	NaN	NaN	NaN	NaN	NaN	-1.5448208647040251e-10	-4.245806910834579e-12	-8.572615832364463e-13	NaN	16.250270575082006	415.4117817524424	420.2094111564708	0.3	0	446.6246714232071	11.417234542236374	11.549093248605864	0.1	1	0.09017701016023272	2.154857338760712	2.1797439871035027	-0.9	0	NaN	NaN	NaN	NaN	9	291.2609351781209	290.6523223843663	95473.53160590876	1.139430332076422	1011.7005861482376	0.025310506144030263	0.07347662034484337	0.008128583790676965	1090.336095604525	1994.1774435416605	0.007133901531183547	54.67598177562812	903.8413479371354	281.3966226571527	-0.6184720961234352	0.3930585104823796	0.1748765830693178	0.7533820714962263	3.414754638449746e-14	-9.506431647192615e-15	0.7533820714962263	4.7670860899013325	184.43724481231615	147.56275518768385	13.422037352796075	NaN	0.3773035701842385	0.5815649774931206	-162.18550490826286	-0.017880759452827365	0.5564786518095554	0.06427531164598281	0	71.22201479614064	-10.808215521606002	24.44821293841358	60.87950703236801	92.84508949044269	130.21655814391283	195.0881326632178	0.15966320746326118	1.015932271711583	30.42838305312405	1.016882929518826	46.231582366493804	1.0866448279856966	-0.5828240801400151	1.0866448279856966	1.0434858133118596	1.0866448279856966	0.022060821401712873	1.150337329015959	NaN	NaN	800000009	800000019	800000009	800000019	800001019	800111119	899999999	899999999	89999	89999	89	89	18	8	4	41	32	11	26	NaN	0	0	0	0	0	0	0	0	0	NaN	NaN	NaN	NaN	0	582	0	0	0	0	0	0	18000	604	0	0	18000	18000	18000	18000	100	NaN	0.38175249250687177	0.6048821201110377	0.17649534236833178	0.05327734795011738	1.0818476217609176	0.07755267068572737	3.089031109545086e-7	NaN	0.026396059390188145	-0.014921985974340175	0.026716261735311008	0.00002206082140171287	NaN	415.4107858083585	11.417146430081024	95864.30124414063	11.369999885559082	8.237623736090136	98.50816706996494	98.1854912539588	98.83084279908074	-0.6453397495703016	0.0002840216904733097	-1	0	2.149449148731156	77.90920927591462	1.0001314606981144	-282.35549428303983	9.0010919500192	-273.1499938964844	229
DATA	2026-06-02T023000_AIU-0547.ghg	2026-06-02	03:00:00	153.124	0	18000	18000	0.19249405245629456	1	NaN	33.0511352200611	0	NaN	78.29798787776598	0	NaN	-1.3197715663270757	1	NaN	1.76625665802425	0	NaN	0.0688887755268401	1	NaN	NaN	NaN	NaN	NaN	NaN	NaN	NaN	NaN	NaN	5.759179793027289e-11	1.5969165586037908e-12	3.172040251301167e-13	NaN	16.389194697682406	418.0560297181335	422.95894390559545	0.1	1	454.44277371922755	11.591938787695398	11.727887744539057	0.1	1	0.09026838392925636	2.151406762461933	2.1766382194649285	0	1	NaN	NaN	NaN	NaN	9	290.67366827646885	290.06792451571187	95494.31093507863	1.1418986585513484	1011.784552768977	0.025254119337676153	0.1144534314399714	0.008271392787063922	1107.261138362913	1921.7844189531893	0.007243543658731759	57.61630323582531	814.5232805902763	281.62367139728786	-0.47580382878830074	0.3179245845000997	0.20445435930582911	0.6076733579467886	-6.703600026075686e-15	3.5140102361720643e-15	0.6076733579467886	4.685780674452521	185.7502189705051	146.24978102949493	19.66100197084265	NaN	0.4105772451290099	0.5407863184875076	-176.80198400106815	-0.01640253086742782	0.4221198541098975	0.06967482670241926	0	71.26868359089471	-10.815297691259294	24.464232825452616	60.91939881620136	92.90592697780886	130.30188358497196	195.21596572225545	0.18895577756431234	1.0187254125679113	36.96987032521432	1.0186555678111464	71.95995574555626	1.0880772099780105	-1.2129392603983937	1.0880772099780105	1.6232824672983868	1.0880772099780105	0.0479755938981477	1.1526108718823882	NaN	NaN	800000009	800000019	800000009	800000019	800001119	811011119	899999999	899999999	89999	89999	89	89	30	48	1	32	25	4	19	NaN	0	0	0	0	0	0	0	0	0	NaN	NaN	NaN	NaN	0	577	0	0	0	0	0	0	18000	0	0	0	18000	18000	18000	18000	100	NaN	0.38509929890554473	0.4878177750140205	0.20865556305544994	0.04783361823569039	0.7649470460373036	0.07894254904391884	2.144121245525125e-7	NaN	0.03199869890394687	-0.030991055615159815	0.041475479329966265	0.0000479755938981477	NaN	418.05605643269405	11.591814599730485	95883.58959071181	11.369999885559082	8.46450307210288	98.5473744453854	98.22254290813869	98.87220801353455	-0.6496638992726803	0.0002834369932291642	-1	0	2.1439095585586108	75.92924283667396	1.0001440169082747	-301.4528700849749	9.001040538284514	-273.1499938964844	138
DATA	2026-06-02T030000_AIU-0547.ghg	2026-06-02	03:30:00	153.145	0	18000	18000	0.1443666522089901	1	NaN	51.320220185301004	1	NaN	65.87683695671048	0	NaN	-1.0147649315961067	2	NaN	1.4852270247741994	0	NaN	0.02774413408109702	1	NaN	NaN	NaN	NaN	NaN	NaN	NaN	NaN	NaN	NaN	4.0058727413885186e-10	1.1065275624669783e-11	2.1900138056804396e-12	NaN	16.511303116494464	420.170412280719	425.104263109832	0.1	1	456.08568145165805	11.606213480475542	11.742499435720882	0.1	1	0.09026742512634972	2.1456655930992854	2.1708610701154996	0	0	NaN	NaN	NaN	NaN	9	290.1044380399915	289.4867231846395	95512.14665902138	1.1443987431814318	1011.7798399401942	0.025198811886715824	0.09624271120536812	0.008299755220279533	1108.8317167114608	1852.0832197811897	0.007252502914505297	59.86943269441539	743.2515030697289	281.644585173389	-0.6309988314784617	0.336038497409988	0.19560106523137993	0.7411755350713821	1.9482156139024914e-14	2.426139665128388e-14	0.7411755350713821	4.42767324668931	180.0375380067883	151.9624619932117	15.301988892821715	NaN	0.35517693622637675	0.41211218720931403	-73.72048398890766	-0.03933777754953899	0.7790328521544676	0.12479016543832808	0	73.46317741719768	-11.148320595812136	25.2175315423038	62.79521913262042	95.76667131749811	134.3141181973621	201.22702429648726	0.14207556014181938	1.016125870381111	54.34988586259937	1.0170040975279766	60.61951419246687	1.086726573683049	-0.9337812805634674	1.086726573683049	1.3666979907747943	1.086726573683049	0.005298012579607865	1.1504848538569945	NaN	NaN	800000009	800000019	800000009	800000019	800000019	801111119	899999999	899999999	89999	89999	89	89	7	41	4	34	5	9	30	NaN	0	0	0	0	0	0	0	0	0	NaN	NaN	NaN	NaN	0	308	0	0	0	0	0	0	18000	0	0	0	18000	18000	18000	18000	100	NaN	0.32017766517823193	0.3593021327052026	0.1447445765351935	0.07526283377194903	0.3696668399138781	0.06567824753477852	1.583889369842131e-7	NaN	0.04693915233728141	-0.023806556929836444	0.03484367720847857	0.000005298012579607865	NaN	420.17015923610757	11.606130822856358	95899.6747421875	11.369999885559082	8.485820762528318	98.61180901908874	98.28426963233947	98.93934652688768	-0.6550749375439353	0.0002826998712811878	-1	0	2.1368932270646366	79.24494705867784	1.0001660884569088	-273.1499938964844	9.001115016222	-273.1499938964844	207
DATA	2026-06-02T033000_AIU-0547.ghg	2026-06-02	04:00:00	153.166	0	18000	18000	0.19895928598175947	1	NaN	21.976933312062968	0	NaN	51.927275402701646	0	NaN	0.07497965864255612	2	NaN	1.1702860621064006	0	NaN	0.012293453667165092	0	NaN	NaN	NaN	NaN	NaN	NaN	NaN	NaN	NaN	NaN	-1.4167261979339805e-10	-3.883074401851972e-12	-7.756220169506302e-13	NaN	16.495943451588428	419.10065340834774	423.97082311830644	0.1	1	452.1337704114769	11.487039778205805	11.620525213577817	0.1	1	0.09031114798387307	2.142741464003203	2.167641245211831	0	1	NaN	NaN	NaN	NaN	9	289.6966154293484	289.09539794325997	95524.61631755579	1.146149308350013	1011.7052626037923	0.025161463412845284	0.07583453682449476	0.008226725804995953	1097.5894052236279	1806.4116013455553	0.007177708650227324	60.760759309011206	708.8221961219274	281.49430336927486	-0.5187481077949453	0.4501960698265486	0.16770913549345964	0.7070378029187506	6.95507054933851e-14	-8.588330834739622e-15	0.7070378029187506	5.4830109055954726	192.95311187132359	139.04688812867641	13.721321510556288	NaN	0.4166405237654516	0.5700378042193808	-277.8996365188809	-0.010435422069373486	0.4232252345540849	0.045489417545977455	0	77.16057057217448	-11.709414271713952	26.48672696493601	65.9556951908186	100.5865967203073	141.0741321077244	211.35475697002673	0.1956910333117091	1.016701085454664	24.59176098296451	1.0173660869170733	47.7717174798684	1.0869878275694074	0.0689792992532554	1.0869878275694074	1.076632168663061	1.0869878275694074	0.0011440582264033688	1.1509337982786731	NaN	NaN	800000009	800000009	800000009	800000019	800001019	810011119	899999999	899999999	89999	89999	89	89	42	36	4	50	28	2	23	NaN	0	0	0	0	0	0	0	0	0	NaN	NaN	NaN	NaN	0	75	0	0	0	0	0	0	18000	0	0	0	18000	18000	18000	18000	100	NaN	0.45551661667537025	0.5083932329711403	0.17616575879225105	0.029247837237005164	0.5374387881187755	0.06335281431848636	6.946440753764152e-8	NaN	0.021207741607076606	0.0017557944046617932	0.02740452219842291	0.0000011440582264033688	NaN	419.10007475492625	11.48697369175094	95915.12655685763	11.369999885559082	8.336151387082207	98.62561749797398	98.29507640308805	98.95616227065193	-0.6610873387224145	0.0002830290310650727	-1	0	2.132396616148735	77.19428429946237	1.0001593645678626	-273.1499938964844	9.00107256301244	-273.1499938964844	023
DATA	2026-06-02T040000_AIU-0547.ghg	2026-06-02	04:30:00	153.187	0	18000	18000	0.06765920507175999	0	NaN	29.395075993349415	1	NaN	80.14021335537217	0	NaN	1.7052650552415685	0	NaN	1.8057249157527997	0	NaN	0.005123883691013033	0	NaN	NaN	NaN	NaN	NaN	NaN	NaN	NaN	NaN	NaN	-6.161506968378904e-11	-1.6652151681263618e-12	-3.36729900569934e-13	NaN	16.530678011191828	419.58689538943327	424.39950012006955	0.1	1	446.7597927734221	11.339798301540547	11.469864248666477	0.1	1	0.09034110634994112	2.1410301543479435	2.1655874795706156	0.2	0	NaN	NaN	NaN	NaN	9	289.44217468431253	288.86714616018764	95561.26516216282	1.1475591963492804	1011.6186732861638	0.025131955391133963	0.11701097454078141	0.008130810584163093	1083.9361488055952	1780.2311426165832	0.007085308200247592	60.88738270314866	696.294993810988	281.3099572075631	-0.408560323706137	0.41831225289109464	0.1846640466407929	0.6131944953662627	-9.957261733589615e-15	-3.7273165469724566e-15	0.6131944953662627	3.22486171393438	197.67570082338514	134.32429917661486	17.52673926070912	NaN	0.24281521507435352	0.3842261981640297	-41.13672406813443	-0.07049661988632719	0.36679557943027274	0.10428137661819305	0	58.498221986023864	-8.87733087396395	20.080546608046763	50.00340031060377	76.25834049865263	106.9534068414387	160.23569291092556	0.06642393706675054	1.018596729726636	33.44600667199991	1.0185729493693276	73.65817492153197	1.088001616124015	1.5673368770503695	1.088001616124015	1.6596711705132021	1.088001616124015	-0.009556136506894547	1.1525005423336214	NaN	NaN	800000009	800000009	800000009	800000019	800001019	800011119	899999999	899999999	89999	89999	89	89	18	16	1	28	30	3	22	NaN	0	0	0	0	0	0	0	0	0	NaN	NaN	NaN	NaN	0	57	0	0	0	0	0	0	18000	0	0	0	18000	18000	18000	18000	100	NaN	0.2238328902653298	0.4250605303750598	0.11955897568766977	0.0594174262950496	0.5740883796554732	0.10663040503404568	8.774873215185965e-8	NaN	0.028810602270428996	0.03984216376907829	0.04218932862911245	-0.000009556136506894546	NaN	419.58682147974014	11.339683578202353	95952.17595920138	11.369999885559082	8.14958950646716	98.62756454552544	98.29618256632487	98.95894604047139	-0.6627755581024621	0.0002822471619632172	-1	0	2.130904987675172	75.23047751930004	1.0001479584177335	-273.1499938964844	9.001004634062449	-273.1499938964844	028
DATA	2026-06-02T043000_AIU-0547.ghg	2026-06-02	05:00:00	153.208	0	18000	18000	0.026862258702569055	1	NaN	28.088051630944197	1	NaN	63.14192407900551	1	NaN	2.121167725821875	1	NaN	1.4223246895976998	1	NaN	0.0034410775909273507	1	NaN	NaN	NaN	NaN	NaN	NaN	NaN	NaN	NaN	NaN	-3.664479687559372e-11	-9.725480797174811e-13	-1.9867194473117276e-13	NaN	16.56154175392006	419.93032444888627	424.66315087488454	0.1	1	439.5411355292135	11.144895468909217	11.270504058523379	0.1	1	0.0897893831740473	2.1249807281164776	2.1489303320369983	0.4	0	NaN	NaN	NaN	NaN	9	289.1513275544909	288.5795863309048	95565.55468901944	1.148839289120645	1011.504392119602	0.025105810232175826	0.09216663988593093	0.007999384123973292	1065.3538106852786	1747.7224189056794	0.006963014060997386	60.95669421877304	682.3686082204008	281.055740536726	-0.2501046552879618	0.7561745631843713	0.18594134843613455	0.817879265944575	-1.9549468773914797e-14	-2.2126440533182863e-15	0.817879265944575	5.282668453018594	223.69837250912076	108.30162749087924	13.140853228499385	NaN	0.15291201944344043	0.34798015119105	-10.751693012534513	-0.26972496300062965	0.4448399702834425	0.15807126848468647	1	8.359662465122476	4	7	12	18	30	75	0.026465195092394353	1.0150032376027642	31.267811318719943	1.0163057893662664	58.125464162988514	1.0863039975379885	1.9526465249408205	1.0863039975379885	1.3093247312182155	1.0863039975379885	-0.009542995492238329	1.1496593820124021	NaN	NaN	800000009	800000009	800000009	800000019	800000019	800111119	899999999	899999999	89999	89999	89	89	41	15	3	58	86	7	3	NaN	0	0	0	0	0	0	0	0	0	NaN	NaN	NaN	NaN	0	4	0	0	0	0	0	0	18000	0	0	0	18000	18000	18000	18000	100	NaN	0.2959279690287601	0.2926078652869274	0.10742446806641259	0.046150018072694504	0.9246032820928589	0.10121650781069533	1.7697619764324218e-7	NaN	0.026907319160434304	0.04957543434505567	0.03324223888951615	-0.000009542995492238328	NaN	419.92916226669166	11.14478322766715	95955.93428689236	11.369999885559082	7.895410901493489	98.63520622147455	98.30258212153117	98.96783115704854	-0.6652618109931551	0.0002816161592474802	-1	0	2.1150860953684205	72.64390367327849	1.0001831313901477	-273.1499938964844	9.001171705272462	-273.1499938964844	097
DATA	2026-06-02T050000_AIU-0547.ghg	2026-06-02	05:30:00	153.229	1	18000	18000	0.07989791902630829	1	NaN	34.32420027930069	0	NaN	61.675788852773564	0	NaN	-1.6005107763019553	1	NaN	1.3888128957873704	0	NaN	-0.000717537891797984	1	NaN	NaN	NaN	NaN	NaN	NaN	NaN	NaN	NaN	NaN	1.1136655128250388e-10	3.0279029187302263e-12	5.954048036815082e-13	NaN	16.574348914674108	419.5107797489927	424.3508918440482	0.1	1	450.63368558023427	11.405919459771647	11.537515431549776	0.8	0	0.0886123063706717	2.093835907420375	2.117993571513371	0	1	NaN	NaN	NaN	NaN	9	288.90046240516943	288.215928553724	95588.71349664508	1.1504535541379792	1011.6417528439121	0.02506809792015626	0.0899950756470216	0.008199053348256788	1090.569622714545	1707.357646612783	0.007126800833259399	63.87470281215654	616.788023898238	281.39977649428556	1.2585192414311495	0.863082581523427	0.27389098637617104	1.5504188130950471	7.906053664073782e-14	6.719211225480203e-15	1.5504188130950471	5.592795879403613	297.55797740798477	34.442022592015256	10.175049026089109	NaN	0.26353189744618716	1.2583397111772074	-45.04678466827952	-0.06437751376386439	0.5565263277172843	0.11191064604832711	0	52.3570117286991	-7.945378524474108	17.972467855986785	44.7539861495723	68.25265268494816	95.72531585249553	143.41396658342762	0.07911349329819643	1.0099151951887042	37.42936390736481	1.013541595696708	56.672931771530266	1.0882759533495052	-1.4706846837659964	1.0882759533495052	1.2761587642480476	1.0882759533495052	-0.015027765056863754	1.1482989742488683	NaN	NaN	800000009	800000019	800000009	800000019	800010019	800011119	899999999	899999999	89999	89999	89	89	6	1	0	98	18	4	5	NaN	0	0	0	0	0	0	0	0	0	NaN	NaN	NaN	NaN	0	358	0	0	0	0	0	0	17307	0	0	0	18000	18000	18000	18000	100	NaN	1.3831451697086168	0.9477040469548014	0.18583020569099692	0.0493127826700528	0.4369290381198911	0.06842419469642583	0.0000010386129060574639	NaN	0.032160042281332894	-0.03729273974607495	0.03236006820164004	-0.000015027765056863754	NaN	419.5108090611628	11.405846987289028	95973.47654123264	11.369999885559082	8.239997068802518	98.67395117017958	98.34220550664267	99.00569630813598	-0.6634903809395101	0.0002817683952679444	-1	0	2.0823759269875497	69.87265523666811	1.0001553089916706	-282.0324942694771	9.000988432486851	-273.1499938964844	219
DATA	2026-06-02T053000_AIU-0547.ghg	2026-06-02	06:00:00	153.249	1	18000	18000	0.05363838070838714	1	NaN	26.301253888746412	0	NaN	57.700777894796275	0	NaN	0.4193307176795354	2	NaN	1.299045942433542	0	NaN	0.006513245412971698	1	NaN	NaN	NaN	NaN	NaN	NaN	NaN	NaN	NaN	NaN	-1.800627212273871e-11	-4.842986599954814e-13	-9.557786229537436e-14	NaN	16.60608553551017	419.8530166368518	424.6483206637428	0.1	1	446.6390887463	11.29241255304106	11.421387573448618	0.1	1	0.08814562757684205	2.0807099889179366	2.104474584129314	0.9	0	NaN	NaN	NaN	NaN	9	288.67048592885334	288.00955311564564	95613.84339179164	1.1516302271077004	1011.5744409297022	0.02504356419176268	0.08417817706969352	0.00812541202738575	1080.0005863987483	1684.8166283495787	0.007055573773703894	64.1019662452347	604.8160419508304	281.25643911049883	0.8474631528029734	0.5562699336348037	0.22464812091387318	1.0383144093456986	5.10552403303689e-15	-1.0843176788554053e-15	1.0383144093456986	3.992067525581559	298.71933574692804	33.28066425307196	12.495238180297955	NaN	0.21581483846730526	0.7158024336035766	-32.29263184056537	-0.08980376744508872	0.4558214784677692	0.10461266094331131	0	50.03277167532673	-7.592666129399336	17.174631457964573	42.767260709703635	65.22277103430545	91.47586375658578	137.04751299219834	0.05296634432640753	1.0126879887695883	29.22978558694371	1.014922692535205	53.130773252465204	1.0860142693691932	0.3861189760638245	1.0860142693691932	1.196159184158867	1.0860142693691932	-0.005569889347337257	1.1482985135653727	NaN	NaN	800000009	800000019	800000009	800000019	800000019	800010119	899999999	899999999	89999	89999	89	89	12	2	0	73	11	1	2	NaN	0	0	0	0	0	0	0	0	0	NaN	NaN	NaN	NaN	0	216	0	0	0	0	0	0	17505	0	0	0	18000	18000	18000	18000	100	NaN	0.7627121395009936	0.5292837794807013	0.13960894822545855	0.04716763187475051	0.9238969610430058	0.06750379211152009	9.22211285795478e-7	NaN	0.02509081259038637	0.00978026780678253	0.03029832224221595	-0.0000055698893473372566	NaN	419.8530995599813	11.29233274404733	96005.68312087674	11.369999885559082	8.097855833821804	98.697717663659	98.36594128036498	99.02949474970498	-0.6635487141542961	0.00028123775381472016	-1	0	2.070097346984788	69.57008861189426	1.0001681254274315	-273.1499938964844	9.001037466658486	-273.1499938964844	236
DATA	2026-06-02T060000_AIU-0547.ghg	2026-06-02	06:30:00	153.27	1	18000	18000	0.12292590292051524	0	NaN	22.7054684305959	0	NaN	36.42150354371863	0	NaN	-1.039137350425424	1	NaN	0.819802510702746	0	NaN	-0.09283485004763992	0	NaN	NaN	NaN	NaN	NaN	NaN	NaN	NaN	NaN	NaN	4.385438993222582e-10	1.1653676423713493e-11	2.328834448833288e-12	NaN	16.679601796945306	421.40498052059985	426.1774150196251	0.1	1	443.23654374941856	11.198234187997757	11.325054803883553	0.1	1	0.0885750122566494	2.088630630753192	2.1122844871115416	-0.1	0	NaN	NaN	NaN	NaN	9	288.37567065090605	287.79048031442113	95642.50684668112	1.1528936083724113	1011.5176411216157	0.02501701526048118	0.05312320269353794	0.008066197403011705	1071.314481702276	1661.1750552599751	0.006996480286155023	64.49136581421965	589.8605735576991	281.1377089742579	0.08326080263709812	0.27199057654200587	0.12758446842715696	0.31175155423390016	-2.5354243202877657e-14	2.6292228355389932e-14	0.31175155423390016	3.262205991429731	259.02021383198377	72.97978616801623	24.15775885687978	NaN	0.32653300703602	0.620878439675718	-129.58981741554382	-0.022378301457905717	0.6234083225955058	0.059626687818608436	0	66.06248087278023	-10.025236343126787	22.677111904802846	56.469215036697285	86.11911592434063	120.78328458306494	180.95536990156322	0.11916077516220762	1.031597039824408	24.195786518372927	1.027079788112735	33.18886645936225	1.0974012501546127	-0.9469073871375854	1.0974012501546127	0.7470398913681247	1.0974012501546127	-0.09364026330198655	1.1646645996078	NaN	NaN	800000009	800000019	800000009	800000019	800010019	800011119	899999999	899999999	89999	89999	89	89	7	10	1	58	32	8	9	NaN	0	0	0	0	0	0	0	0	0	NaN	NaN	NaN	NaN	0	366	0	0	0	0	0	0	17703	0	0	0	18000	18000	18000	18000	100	NaN	0.5667388335600339	0.5154837586639888	0.15953428712741352	0.0368756439443033	0.09698799584156984	0.07474256451736346	0.0000011095321412711945	NaN	0.0207480387861361	-0.023957146251141977	0.018900416425141855	-0.00009364026330198654	NaN	421.4054442047046	11.198158247363962	96034.21706792535	11.369999885559082	7.978617775334249	98.71478957239786	98.38367855199178	99.04589841164483	-0.6622175933867694	0.000281207894646084	-1	0	2.0771612533418105	68.82270770854427	1.0001456423236263	-284.93949439154403	9.000917827606202	-273.1499938964844	010
DATA	2026-06-02T063000_AIU-0547.ghg	2026-06-02	07:00:00	153.291	1	18000	18000	0.11516984586212783	0	NaN	24.89162564197707	0	NaN	50.508812830361244	1	NaN	1.4835017698384751	2	NaN	1.1368545735343187	1	NaN	-0.03220670820300624	0	NaN	NaN	NaN	NaN	NaN	NaN	NaN	NaN	NaN	NaN	1.0218761504635334e-10	2.678002085099789e-12	5.431554893082064e-13	NaN	16.636827853704848	420.07417431576704	424.7501492027943	0.1	1	435.99666810364374	11.008765731580127	11.131307690227983	0.1	1	0.08842934996884366	2.0846562884318844	2.1078612390067883	-0.5	0	NaN	NaN	NaN	NaN	9	288.34774232143826	287.75785242671736	95684.79892011761	1.1536171806595676	1011.411805173844	0.025003122879246862	0.07366817636502385	0.007934127382412339	1053.6540911484385	1657.679008694372	0.00687760854764324	63.56200963046047	604.0249175459335	280.8936682182957	0.5557337054579597	0.47792343425243344	0.22877063779666917	0.7678455346666595	5.208130362436925e-14	6.1422535560826415e-15	0.7678455346666595	5.122381026107279	291.3049165674139	40.69508343258612	17.333818125336897	NaN	0.3159646780118378	0.8133032283738979	-107.12857167990794	-0.027070275973294786	0.492817475745827	0.06751884304625776	0	67.48618609247171	-10.24128910290486	23.165823835687934	57.68617684523802	87.97505946804152	123.38627179215179	184.8551190671476	0.11338840502164929	1.0157109612763175	27.382022875402566	1.0167445632311038	46.48526236058911	1.0865553998289006	1.3653254772578385	1.0865553998289006	1.0462923231648737	1.0865553998289006	-0.04040674716865861	1.1501709492042562	NaN	NaN	800000009	800000019	800000009	800000019	800001019	800011119	899999999	899999999	89999	89999	89	89	2	1	1	74	23	5	15	NaN	0	0	0	0	0	0	0	0	0	NaN	NaN	NaN	NaN	0	378	0	0	0	0	0	0	17802	0	0	0	18000	18000	18000	18000	100	NaN	0.8289362806698644	0.6560494178628308	0.14162075821510064	0.05000319262256444	0.858140385092487	0.1109532003292252	0.0000012247116476107644	NaN	0.02346798463639557	0.03451749765299461	0.02645185592063005	-0.00004040674716865861	NaN	420.0737817936907	11.008640920674111	96076.77357486979	11.369999885559082	7.732724138577766	98.7303658226861	98.40039744652643	99.06033258310954	-0.6599262903117474	0.0002806416709823275	-1	0	2.072783237308538	66.73078723356358	1.0001555361979537	-273.1499938964844	9.000959256384109	-273.1499938964844	255
DATA	2026-06-02T070000_AIU-0547.ghg	2026-06-02	07:30:00	153.312	1	18000	18000	0.1258833131345769	0	NaN	35.41152353942294	0	NaN	84.19003520355454	0	NaN	-0.046311655493488375	2	NaN	1.8950253934504941	0	NaN	-0.05562708426930797	0	NaN	NaN	NaN	NaN	NaN	NaN	NaN	NaN	NaN	NaN	4.5482504637002045e-10	1.2000023925084441e-11	2.42384773471529e-12	NaN	16.630803092856016	419.85354475351346	424.5565023217707	0.2	0	438.78417998397	11.077341985196723	11.201423989449038	0.8	0	0.08862866001957306	2.089731246377635	2.1131392120923107	-0.1	0	NaN	NaN	NaN	NaN	9	288.3101045354207	287.79759201969404	95727.63634924877	1.1539442339295747	1011.4507390295364	0.024995385567884793	0.12279764549559201	0.007986022278042787	1060.6922084328735	1661.9379264120826	0.00692063103504374	63.82261284106899	601.2457179792091	280.9913539580556	0.39709433864953747	0.5866216712928455	0.21456662686975292	0.7401673705211549	-8.86886331994435e-14	2.734835135925556e-14	0.7401673705211549	4.205351661728335	276.094749684188	55.90525031581199	16.85133079084425	NaN	0.3302871454789569	0.7360131558205103	-86.04340212904899	-0.033703920675411496	0.42061419090519453	0.09185935319244914	0	74.37334995950692	-11.286442790575705	25.529964322937232	63.57322093232781	96.9531731510158	135.97820388934716	203.72012789919614	0.12388357167335551	1.016142103704389	39.63226207299089	1.0170142960468798	77.47074149595778	1.086733308315467	-0.04261547441227834	1.086733308315467	1.7437814585695837	1.086733308315467	-0.06728252896044475	1.1504972996833962	NaN	NaN	800000009	800000019	800000009	800000019	800000019	800010119	899999999	899999999	89999	89999	89	89	5	0	0	18	4	0	5	NaN	0	0	0	0	0	0	0	0	0	NaN	NaN	NaN	NaN	0	229	0	0	0	0	0	0	17505	0	0	0	18000	18000	18000	18000	100	NaN	0.7198780216980957	0.6307739050509744	0.12137438489195061	0.061067424822418316	0.30800525767139325	0.10269357887173482	0.000001051430556338563	NaN	0.03395621725844378	-0.001077125097709063	0.044074853086789746	-0.00006728252896044475	NaN	419.85357517403713	11.077239103717975	96121.58435546875	11.369999885559082	7.831083304882042	98.71618789545695	98.38635396787855	99.04601927947996	-0.6596652030630243	0.0002808576283649826	-1	0	2.078797886972461	70.40183187050336	1.0001553244160282	-285.5854944186724	9.000979671080907	-273.1499938964844	183
DATA	2026-06-02T073000_AIU-0547.ghg	2026-06-02	08:00:00	153.333	1	18000	18000	0.10865049344763175	0	NaN	33.09026707997772	1	NaN	59.80045852760984	0	NaN	-1.3470211893117932	2	NaN	1.3464279526633254	0	NaN	-0.011406075860711545	2	NaN	NaN	NaN	NaN	NaN	NaN	NaN	NaN	NaN	NaN	-9.163853281688588e-11	-2.4624943887135782e-12	-4.887913612088122e-13	NaN	16.53765135441384	417.6110638859736	422.3506706039818	0.3	0	444.3968318886218	11.221970385960008	11.349332256442223	0.8	0	0.08821028521782695	2.0827666627627885	2.1064046736311246	0.2	0	NaN	NaN	NaN	NaN	9	288.4556364839342	288.0951941710624	95763.02952149113	1.1531150842493434	1011.5372427900342	0.025011984857900484	0.08724853133258348	0.008084920527845714	1074.938144814558	1694.138716049816	0.007011373485855358	63.450420832183475	619.2005712352579	281.18734356674076	0.27272578326997204	0.24394075281502528	0.19581415861083384	0.4150055764163621	1.1212258247536338e-14	-5.541205994309941e-15	0.4150055764163621	3.2334556291964907	290.1888218304557	41.81117816954429	28.153476813212297	NaN	0.30695840169992944	0.4705652298289021	-73.93556390103917	-0.03922334323278543	0.553344704952387	0.09242005380725246	0	65.57103250591979	-9.95065715743578	22.50841358370605	56.04913236433868	85.4784633433698	119.88476022902655	179.60921668663917	0.10598069727225137	1.025191343745569	35.78358717717585	1.02285929828607	54.738298394613714	1.0924793112219624	-1.2329946896707087	1.0924793112219624	1.2324516710136284	1.0924793112219624	-0.02407685610542504	1.1584934676565966	NaN	NaN	800000009	800000019	800000009	800000019	800000019	800010119	899999999	899999999	89999	89999	89	89	7	17	4	53	5	2	2	NaN	0	0	0	0	0	0	0	0	0	NaN	NaN	NaN	NaN	0	644	0	0	0	0	0	0	15509	0	0	0	18000	18000	18000	18000	100	NaN	0.3332266598641553	0.4642668904268294	0.14363690936681953	0.0673651571402071	1.8094073242461395	0.12471717107055756	0.0000017888703896921189	NaN	0.03067816255451109	-0.031189748832251285	0.031176012669664823	-0.00002407685610542504	NaN	417.6115210466539	11.22184647730372	96156.51154079862	11.369999885559082	8.026178406291516	98.69622936036852	98.36542405785454	99.02703509224786	-0.6616100184553197	0.0002809564239028582	-1	0	2.0676726569705255	64.365860039261	1.0001505356447564	-273.1499938964844	9.00099567715327	-273.1499938964844	066
DATA	2026-06-02T080000_AIU-0547.ghg	2026-06-02	08:30:00	153.354	1	18000	18000	0.1789478816218972	0	NaN	23.53938549061471	0	NaN	151.3537328322493	1	NaN	4.454299803870468	2	NaN	3.4097655367441404	1	NaN	0.04936499055393114	1	NaN	NaN	NaN	NaN	NaN	NaN	NaN	NaN	NaN	NaN	-6.549075323883534e-13	-1.6688769249341e-14	-3.52108399306789e-15	NaN	16.280717111468498	411.9392980661104	416.3094223618439	0.1	1	414.8755628084255	10.497298550055701	10.60866083000454	0.5	0	0.08753262038046712	2.0718336634399264	2.0938130440715463	0	1	NaN	NaN	NaN	NaN	9	288.61940223354765	288.7003150229764	95774.90284550992	1.1511575032286607	1011.1481815871024	0.02506141324907179	0.22095280678102028	0.007547911254369198	1005.6474307102067	1761.3068235194419	0.0065568015090893385	57.09666352740988	755.6593928092352	280.2115711195339	0.5318769686031073	0.18698978235950797	0.14981160260803367	0.5833539274859832	-5.078421837446242e-14	-4.0225963506670235e-17	0.5833539274859832	5.683953837457808	312.6300667739695	19.369933226030533	14.88091149418678	NaN	0.3942719733280444	1.06254856208054	-220.2411945161912	-0.013167382270925725	0.155525635543487	0.051292003223347676	0	68.9786861960764	-10.467781751729122	23.678150824021163	58.96194348583767	89.92068409099419	126.11503799003484	188.9433080778813	0.17555611316054126	1.019320138731109	31.607397466433305	1.019037842952249	139.05620678646414	1.0884356500869419	4.092386907314794	1.0884356500869419	3.1327212926843915	1.0884356500869419	0.028929836399136953	1.1531253041699125	NaN	NaN	800000009	800000019	800000009	800000019	800000019	800010119	899999999	899999999	89999	89999	89	89	15	11	1	65	11	4	5	NaN	0	0	0	0	0	0	0	0	0	NaN	NaN	NaN	NaN	0	865	0	0	0	0	0	0	8112	0	0	0	18000	18000	18000	18000	100	NaN	1.1731445213816987	0.7431713135376001	0.20878128924178108	0.05378173150909739	3.172077327141283	0.27308074646405567	0.000002115880092686289	NaN	0.027154335780812618	0.10364932926780739	0.07934353914321592	0.00002892983639913695	NaN	411.9387089481179	10.497007608479862	96171.41087695313	11.369999885559082	7.041676921791549	98.67594502003988	98.34939263153076	99.00249331728617	-0.6530969413999038	0.000281232006852709	-1	0	2.0569181357584596	57.401865199671924	1.0001758299122254	-273.3518689049614	9.001129648155636	-273.1499938964844	238
DATA	2026-06-02T083000_AIU-0547.ghg	2026-06-02	09:00:00	153.374	1	18000	18000	0.11128041357512612	0	NaN	38.91092157430952	0	NaN	89.92688164761438	0	NaN	-0.9520806462898395	1	NaN	2.0262835181109886	0	NaN	-0.03712443793937282	1	NaN	NaN	NaN	NaN	NaN	NaN	NaN	NaN	NaN	NaN	-1.9739961157441792e-10	-4.836574741760087e-12	-1.0646847812197295e-12	NaN	16.12789367476925	408.4108301626106	412.53896461875524	0.1	1	395.1566194231061	10.006653456261118	10.107798695007709	0.8	0	0.08698660960730106	2.060225196224415	2.0810495377742337	-0.4	0	NaN	NaN	NaN	NaN	9	288.86128229607476	288.8900734229668	95802.90872669686	1.150952098794639	1010.8809073741882	0.02507055477084112	0.13130317197359206	0.007192497334806703	958.9236598722488	1782.8457681058744	0.006249171744279551	53.78612536355433	823.9221082336256	279.51953003959795	0.7011288591192099	0.36559449345871187	0.23896494598082663	0.8260419215420041	-4.665947879439267e-15	-1.2239639940287627e-14	0.8260419215420041	4.431357659348815	304.4607992408172	27.539200759182805	16.815401858187986	NaN	0.3109429689056486	0.7799722310254031	-65.36321379268342	-0.04436746346650136	0.43269510586150484	0.10755572515005386	0	61.85115570147628	-9.386151500984917	21.231500251781775	52.8694376207419	80.62922823270155	113.08363903664689	169.41989781391015	0.10964715805551788	1.0148955572453713	43.43337577483274	1.0162396809927308	82.78492695073643	1.0862711964598093	-0.8764668062567609	1.0862711964598093	1.8653569428285572	1.0862711964598093	-0.05136067087625457	1.1495840089797313	NaN	NaN	800000009	800000019	800000009	800000019	800000019	800010119	899999999	899999999	89999	89999	89	89	12	2	1	50	4	4	0	NaN	0	0	0	0	0	0	0	0	0	NaN	NaN	NaN	NaN	0	788	0	0	0	0	0	0	9616	0	0	0	18000	18000	18000	18000	100	NaN	0.8518302048845916	0.5375535482872802	0.17056070887893457	0.06652537206331878	0.819896751953498	0.1532731040482728	0.000001977051107326539	NaN	0.03733071792328348	-0.022195673056748078	0.04723835807768036	-0.00005136067087625457	NaN	408.4110872472243	10.006468326211142	96199.05352061632	11.369999885559082	6.355354111737676	98.66693215179444	98.34585214148629	98.98801612133448	-0.6421577687594616	0.0002814906230115513	-1	0	2.0459495401883547	61.957259856408704	1.000180979806516	-273.1499938964844	9.001147563298543	-273.1499938964844	019
DATA	2026-06-02T090000_AIU-0547.ghg	2026-06-02	09:30:00	153.395	1	18000	18000	0.04884042947962552	1	NaN	35.71097475664445	1	NaN	104.56579476615885	1	NaN	0.17021936887696454	1	NaN	2.3588731418031315	1	NaN	-0.0852276289539088	1	NaN	NaN	NaN	NaN	NaN	NaN	NaN	NaN	NaN	NaN	3.200453054795819e-10	7.406363245811738e-12	1.7539814511680172e-12	NaN	16.02724322505699	407.17492053718973	411.0480963270746	0.1	0	370.89619226213034	9.422682709137097	9.512314227936553	0.3	0	0.08783596212412391	2.091239900259598	2.1111324313168653	0	0	NaN	NaN	NaN	NaN	9	289.27513133409286	290.0959653900997	95844.04812742666	1.1469140847707855	1010.585597886441	0.025164398868531446	0.15285497958884292	0.0067474985679175994	903.3503042395932	1925.2046409427744	0.005883177002980227	46.92230036372766	1021.8543367031812	278.6565505119087	0.5656032351643422	0.6904460518695571	0.18477408292669342	0.9114626881513525	-5.5848969376457335e-14	1.996883063328216e-14	0.9114626881513525	5.8273388519449325	281.3238291252102	50.67617087478984	11.696214410836241	NaN	0.2063594178585309	1.2026327284811675	-20.82266731615245	-0.1392713025650862	0.3415167917625943	0.14930467958226737	0	42.12257858178124	-6.39226380973354	14.459318142432704	36.00574662667342	54.91103543178064	77.01350795489259	115.38026861498798	0.04817160673150434	1.0138841693998089	41.120323250631564	1.0156248741337033	96.28174350317498	1.0860396889542272	0.15673402234578804	1.0860396889542272	2.17199533847105	1.0860396889542272	-0.09575607286914406	1.1489269989876685	NaN	NaN	800000009	800000019	800000009	800000019	800000019	800010119	899999999	899999999	89999	89999	89	89	2	8	3	41	0	12	0	NaN	0	0	0	0	0	0	0	0	0	NaN	NaN	NaN	NaN	0	615	0	0	0	0	0	0	8519	0	0	0	18000	18000	18000	18000	100	NaN	1.2958079078152052	0.9131901022769489	0.19626744687018116	0.07484088314475297	0.4049383709884742	0.18953168913248364	0.0000011824744587288564	NaN	0.03547746082494816	0.00398164529863551	0.055177011976391126	-0.00009575607286914406	NaN	407.1748837188546	9.422466371101438	96245.79254513889	11.369999885559082	5.489902895768543	98.5568161483341	98.238764743593	98.8748655482398	-0.6360974656260677	0.0002826783846911794	-1	0	2.0796433799296605	66.2306141715578	1.0001707833425866	-273.1499938964844	9.001161361747318	-273.1499938964844	074
DATA	2026-06-02T093000_AIU-0547.ghg	2026-06-02	10:00:00	153.416	1	18000	18000	0.20371572154605783	0	NaN	59.371103107531	0	NaN	42.891232010431175	1	NaN	-1.1218818989277135	2	NaN	0.9680897248216381	1	NaN	-0.009326774674935126	1	NaN	NaN	NaN	NaN	NaN	NaN	NaN	NaN	NaN	NaN	-2.886460553679057e-10	-6.590549610472211e-12	-1.6052092298882502e-12	NaN	15.928305292786728	405.71871573598384	409.51228469686714	0.1	1	363.6851579664104	9.263626764436232	9.350243934400956	0.3	0	0.08857998298251483	2.114146459808754	2.1339142449210162	-0.1	0	NaN	NaN	NaN	NaN	9	289.89764244079595	290.650647305131	95851.19607548548	1.1448797691006993	1010.5107749340697	0.025210634615261577	0.06273221416844214	0.006621434156768558	888.1678831120489	1993.9665721464307	0.005783519226625588	44.54276694097079	1105.7986890343818	278.4126398547038	0.39749239664206654	0.3726996236118421	0.16802031641267598	0.5702070164038844	-5.009640775358963e-14	-1.812157979534845e-14	0.5702070164038844	4.184226113386057	288.84373619408916	43.156263805910804	17.137478360590286	NaN	0.4218250170057553	1.0067817786471283	-106.98040673041251	-0.027107767568204474	1.384224708049699	0.1216583594138135	0	78.36860045817545	-11.892737467523727	26.901404533008964	66.98830096798754	102.16138568399957	143.28279602070535	214.66373798293205	0.19978760166790357	1.0196614797182648	60.82283109976282	1.0192578486143353	39.398655105367496	1.0886471097991333	-1.030528523733198	1.0886471097991333	0.8892594451477125	1.0886471097991333	-0.029357311172760657	1.153423902696255	NaN	NaN	800000009	800000019	800000009	800000019	800000019	800010119	899999999	899999999	89999	89999	89	89	2	1	0	43	14	16	0	NaN	0	0	0	0	0	0	0	0	0	NaN	NaN	NaN	NaN	0	762	0	0	0	0	0	0	6454	0	0	0	18000	18000	18000	18000	100	NaN	1.1232289414789773	0.7166359447821726	0.17369867103310663	0.12271220319212524	0.5120147170750503	0.14581083854425708	7.39589920890599e-7	NaN	0.05257336816502707	-0.026223265780580096	0.02262847290584746	-0.000029357311172760658	NaN	405.7182947612307	9.263432620571502	96254.1589702691	11.369999885559082	5.248785759819901	98.49667174106175	98.18243565771314	98.8109129998949	-0.6284773238185376	0.0002834130705111117	-1	0	2.1054257717959297	63.451487398875834	1.0001437182459567	-273.3518689049614	9.001036815510856	-273.1499938964844	034
DATA	2026-06-02T100000_AIU-0547.ghg	2026-06-02	10:30:00	153.437	1	18000	18000	0.2567075328213671	0	NaN	71.60677621791523	0	NaN	103.94379510501365	0	NaN	-2.03363300193074	0	NaN	2.347094658934835	0	NaN	-0.04044705743806403	0	NaN	NaN	NaN	NaN	NaN	NaN	NaN	NaN	NaN	NaN	-2.1108307043332798e-10	-4.970740876391245e-12	-1.1706181392571722e-12	NaN	15.85561145860736	404.93236914231267	408.83083612796065	0.1	1	373.379711767889	9.53564809976271	9.627452095038318	0.3	0	0.08793157283697092	2.1031214728979597	2.123369174128331	0	0	NaN	NaN	NaN	NaN	9	290.440906481425	291.092338442974	95862.68044383133	1.1431615320165378	1010.670931618391	0.025245921464014515	0.1520917338989773	0.00680634224212432	914.3579876907096	2050.2515158356755	0.005953963680109081	44.59735698905314	1135.8935281449658	278.8311388067936	0.18928033362671381	0.23224554573751965	0.16223548219252365	0.3407130609398899	-4.800554662600763e-14	-1.3312830664675481e-14	0.3407130609398899	4.9301102896453575	281.18006578758707	50.81993421241292	28.435201038056093	NaN	0.4738768637357214	1.0490173326405017	-125.77256140919589	-0.023057493363476702	0.6888989972472279	0.13078900617869255	0	74.62303106916293	-11.32433286224189	25.61567176821299	63.786644589530724	97.27865769447386	136.43470058950396	204.40404314062104	0.2493647167504002	1.0294460907166616	75.82428556174723	1.0256586695554677	94.86388403197691	1.095715151932595	-1.8559869308586898	1.095715151932595	2.1420664438153367	1.095715151932595	-0.0647129478448421	1.1625692917206345	NaN	NaN	800000009	800000019	800000009	800000019	800000019	800000019	899999999	899999999	89999	89999	89	89	3	7	3	15	5	9	6	NaN	0	0	0	0	0	0	0	0	0	NaN	NaN	NaN	NaN	0	631	0	0	0	0	0	0	3608	0	0	0	18000	18000	18000	18000	100	NaN	0.7577591815234045	1.0925128236008728	0.24776266015672616	0.15328979199168047	0.6189461151419138	0.2261912390277442	7.568427268598306e-7	NaN	0.06562826910551649	-0.047307327325023636	0.05459921981381501	-0.00006471294784484211	NaN	404.93254058157993	9.535416671737877	96265.68528385417	11.369999885559082	5.662198237485341	98.4238960571289	98.11190368207295	98.73588647164237	-0.623984214997954	0.0002839661004966021	-1	0	2.0928937832801418	58.61933474198942	1.0001532416592043	-273.1499938964844	9.001152504497105	-273.1499938964844	028
DATA	2026-06-02T103000_AIU-0547.ghg	2026-06-02	11:00:00	153.458	1	18000	18000	0.17630574155524903	0	NaN	60.84918734256539	0	NaN	34.79828161937461	2	NaN	2.302617062797183	1	NaN	0.7853643577649866	2	NaN	0.016378492699670757	2	NaN	NaN	NaN	NaN	NaN	NaN	NaN	NaN	NaN	NaN	1.6780778525262452e-10	3.891269323971655e-12	9.333982358623224e-13	NaN	15.832080836434276	404.3319952686972	408.1588903376892	0.2	0	367.1277253359297	9.375993417234655	9.464734707548502	0.4	0	0.08806287682368608	2.101102453021448	2.120988830332675	-0.2	0	NaN	NaN	NaN	NaN	9	290.58494627677067	290.57014377875794	95869.56785175338	1.1453676230301177	1010.5708009831644	0.025198821998574497	0.05089161038317113	0.006704892962178297	899.1135501070738	1983.855203693535	0.005853922205728343	45.32153094808065	1084.7416535864613	278.58885205829887	0.5747825091404227	0.2206846535404359	0.19946475033467836	0.6471961339100091	8.470490460621153e-15	1.0599224889406162e-14	0.6471961339100091	5.348388648535501	310.995975774128	21.004024225871976	17.950685376119747	NaN	0.39233836386535864	1.0296382189886173	-83.99948428005484	-0.034524021484838886	1.7486262111484965	0.13399307617877865	0	64.19248327896716	-9.741456993768763	22.03520224388238	54.870769219222	83.68138519681992	117.36433257643158	175.83315678100053	0.1732139825394002	1.0178493616423	61.90133368753881	1.0180950151978079	31.996121217041214	1.0875781280901309	2.117196919765895	1.0875781280901309	0.7221222434328883	1.0875781280901309	-0.005639171948031325	1.15186932186893	NaN	NaN	800000009	800000019	800000009	800000019	800000019	800010119	899999999	899999999	89999	89999	89	89	11	5	4	50	2	14	2	NaN	0	0	0	0	0	0	0	0	0	NaN	NaN	NaN	NaN	0	605	0	0	0	0	0	0	903	0	0	0	18000	18000	18000	18000	100	NaN	1.1229244840661345	0.68889585077406	0.24745610313703992	0.09876336679315208	0.5165989346616371	0.15318909763717534	5.200687842632145e-7	NaN	0.05347962557378375	0.05385595686245515	0.018368902783044493	-0.0000056391719480313254	NaN	404.33202238923764	9.375747913279827	96258.83164301215	11.369999885559082	5.422496286127272	98.42546617105272	98.1129830233256	98.73794262017144	-0.6249722899215091	0.00028403669366606577	-1	0	2.090960781049507	61.03444126844442	1.0001584870186118	-285.9084944322406	9.001139751672746	-273.1499938964844	119
DATA	2026-06-02T110000_AIU-0547.ghg	2026-06-02	11:30:00	153.479	1	18000	18000	0.33884364367949255	0	NaN	62.84084299783468	0	NaN	102.9112226122247	0	NaN	0.16755851568991198	2	NaN	2.322172365431534	0	NaN	0.047539328634182934	0	NaN	NaN	NaN	NaN	NaN	NaN	NaN	NaN	NaN	NaN	1.1694594469877278e-11	2.6575945638318805e-13	6.391224606388303e-14	NaN	15.848448798398124	404.151503855368	407.89777402964165	0.1	0	360.1557239139797	9.184335911579296	9.269469836277924	0.3	0	0.08661351720601403	2.0644760170714136	2.083612615239376	0	1	NaN	NaN	NaN	NaN	9	290.6106446516249	290.37501263339874	95895.40505353866	1.1465295750333369	1010.4607572398149	0.025175115050468114	0.1504767692799634	0.006574021037463508	880.9718603933284	1959.532707508068	0.005733843400657466	44.95826260096764	1078.5608471147395	278.2957445307356	0.5934797203898121	0.21447281562534673	0.15400340770961218	0.6495643284098208	-2.897230150302442e-14	7.37901520750681e-16	0.6495643284098208	7.908166056800565	312.1310626887821	19.86893731121791	13.714689877823082	NaN	0.543634538291924	2.0837732911426174	-216.41932617216582	-0.013399912342823731	0.610631585192827	0.0997769554915768	0	72.74254472243673	-11.038961804163433	24.970161657833007	62.17923314382148	94.82725381819921	132.9965717973292	199.25309970084953	0.33291765805239365	1.0178001541335073	67.6861501140571	1.0180635735771888	94.62656756292868	1.0875510468430183	0.15406956406902167	1.0875510468430183	2.1352306838124226	1.0875510468430183	0.018526677646245514	1.1518283637358417	NaN	NaN	800000009	800000019	800000009	800000019	800000019	800010119	899999999	899999999	89999	89999	89	89	1	15	2	16	11	13	0	NaN	0	0	0	0	0	0	0	0	0	NaN	NaN	NaN	NaN	0	285	0	0	0	0	0	0	1706	0	0	0	18000	18000	18000	18000	100	NaN	2.674173966271944	1.1458125150398415	0.34756010097345014	0.11342342352939615	0.4907283462655313	0.14616214853344334	0.0000012064878748486392	NaN	0.058424512749024264	0.003914682403610022	0.05425309038859906	0.000018526677646245515	NaN	404.1514891069116	9.184104219796874	96287.02931532118	11.369999885559082	5.129880131496334	98.45961441633435	98.1464906724294	98.7727381869422	-0.6262475536399414	0.0002831994185414968	-1	0	2.0553259285953316	60.10600996213462	1.0001335918257634	-332.98574640909374	9.000968398835925	-273.1499938964844	012
DATA	2026-06-02T113000_AIU-0547.ghg	2026-06-02	12:00:00	153.499	1	18000	18000	0.5807372917065889	0	NaN	82.22093205566492	0	NaN	104.36260096439878	0	NaN	-3.1240935072571467	0	NaN	2.355940645510067	0	NaN	-0.04185876942915275	1	NaN	NaN	NaN	NaN	NaN	NaN	NaN	NaN	NaN	NaN	3.543633601059809e-10	7.954450199022262e-12	1.9521864833253862e-12	NaN	15.805887414313391	403.48781011451774	407.17566299120574	0.1	1	354.7972461117506	9.057154471355608	9.139936286157686	0.3	0	0.08707457723043713	2.079578995653064	2.0985862151753647	-0.3	0	NaN	NaN	NaN	NaN	9	290.9737403140598	290.8234834897996	95911.13330481981	1.1450045548444192	1010.4012096810901	0.0252098620714837	0.15266495382905235	0.006474050746785288	868.9149646018294	2015.827783992354	0.005654170299492799	43.10462289992552	1146.9128193905244	278.09798316947507	0.4040510396268068	0.23222788341452802	0.23195430075786305	0.5205668353811757	2.2125070297125186e-14	2.241970670910125e-14	0.5205668353811757	6.61138980188521	302.1119122871722	29.88808771282784	26.460468982465958	NaN	0.7121742227874777	1.4933610170149167	-371.9114032742973	-0.0077975560159448815	0.7878390467070953	0.09979184991348435	0	86.14397628435755	-13.072680746738785	29.570439443335516	73.6345752785959	112.29737336238831	157.4986628598962	235.96169697814412	0.5687394227479861	1.0210955465345317	86.68627799065403	1.0201858536638777	95.78267502618891	1.0895770131275195	-2.8672535026136017	1.0895770131275195	2.162252522882784	1.0895770131275195	-0.06932860257191711	1.1547014797252606	NaN	NaN	800000009	800000019	800000009	800000019	800000019	800000119	899999999	899999999	89999	89999	89	89	7	17	0	14	3	13	2	NaN	0	0	0	0	0	0	0	0	0	NaN	NaN	NaN	NaN	0	227	0	0	0	0	0	0	2208	0	0	0	18000	18000	18000	18000	100	NaN	1.725210776039918	0.8706728166743238	0.39083844131559153	0.14185612729322605	0.5600515582220873	0.1594064216310249	9.864644295070047e-7	NaN	0.07492888749022342	-0.07294390677243591	0.055008441459346365	-0.00006932860257191711	NaN	403.4877357095062	9.056925210964948	96306.49825260417	11.369999885559082	4.931483621146941	98.42912957869638	98.11702730835808	98.74122653834026	-0.6242020799020928	0.0002843310240035256	-1	0	2.0710153198944226	65.4649367693532	1.0001416709257496	-312.5963705529186	9.00105033940739	-273.1499938964844	013
DATA	2026-06-02T120000_AIU-0547.ghg	2026-06-02	12:30:00	153.52	1	18000	18000	1.440988314302281	1	NaN	425.6634277966767	1	NaN	256.93326158926783	0	NaN	-23.155195423720414	1	NaN	5.803045290785642	0	NaN	0.08583309079141047	1	NaN	NaN	NaN	NaN	NaN	NaN	NaN	NaN	NaN	NaN	-1.0615148585571748e-9	-2.473788260967658e-11	-5.9671339034706185e-12	NaN	15.7379342271657	402.5793100759774	406.39201383717847	0	0	366.7618651703184	9.381837318113913	9.470689789004677	0.1	1	0.0884682490692173	2.118139528927557	2.1381997713358585	0	1	NaN	NaN	NaN	NaN	9	291.57920099131263	291.339661481961	95905.13207045877	1.142763589054971	1010.5920742890012	0.02525618695547496	0.3760373348429096	0.006693833541346424	900.0076998550619	2082.3720931208422	0.005857583848013578	43.22031124160064	1182.3643932657803	278.60316296112256	0.11398709548838724	0.042766533683247725	0.2191023706213947	0.25065490849591127	5.13565082320696e-14	-6.744944051963717e-14	0.25065490849591127	7.0836584932718	311.43453674690164	20.56546325309837	60.94095227919958	NaN	1.122928313527289	2.064794449147424	-281.6190439493436	-0.01029759905200743	1.6567081473364862	0.3282328347233246	0	68.0899976194311	-10.332919831640728	23.373092793580035	58.20230585685005	88.76218877653369	124.49023183924292	186.5090523855493	1.3888138563697523	1.0375676392435402	428.3860715590139	1.0310404753065803	233.11100761470325	1.1021927459296093	-21.008299600258123	1.1021927459296093	5.265000438640383	1.1021927459296093	-0.06660974514012523	1.1705708598558544	NaN	NaN	800000009	800000009	800000009	800000019	800000019	800100019	899999999	899999999	89999	89999	89	89	13	18	2	6	2	3	5	NaN	0	0	0	0	0	0	0	0	0	NaN	NaN	NaN	NaN	0	6	0	0	0	0	101	0	3109	0	0	21	18000	18000	18000	18000	100	NaN	0.9165641800742255	1.4636500844801605	1.7493746337404619	0.399093784470598	0.8382779793986656	0.18970778923576295	1.8919575760878663e-7	NaN	0.3709394806550524	-0.5356159519667008	0.13423353035258584	-0.00006660974514012523	NaN	402.57948252360023	9.381618123298505	96296.1933485243	11.369999885559082	5.434324922800093	98.36043023278978	98.0473649658627	98.67349605369569	-0.626128449173437	0.00028441721867259015	-1	0	2.1097597499440113	68.75048917378277	1.0001253822594882	-299.1742059267869	9.000998141712612	-273.1499938964844	013
DATA	2026-06-02T123000_AIU-0547.ghg	2026-06-02	13:00:00	153.541	1	18000	18000	0.419274251549962	0	NaN	121.75771588508141	1	NaN	171.147401794299	1	NaN	-5.490278056714576	1	NaN	3.866462250702736	1	NaN	0.041586348376111124	1	NaN	NaN	NaN	NaN	NaN	NaN	NaN	NaN	NaN	NaN	3.428805643021024e-10	7.789535788633052e-12	1.9218749098494182e-12	NaN	15.727076798501374	402.76995308497663	406.4893708999727	0.1	1	357.28658992922635	9.150098578866123	9.23459604299554	0.3	0	0.08815161152640864	2.1128730589142273	2.1323845881034287	-0.1	0	NaN	NaN	NaN	NaN	9	291.856512491862	291.5970434314629	95880.79274326004	1.1415655325970937	1010.4706474563574	0.025284916297895355	0.2505467538455373	0.0065210727721492934	877.5540368762082	2116.266351164025	0.005712394589659404	41.4670883177593	1238.7123142878168	278.2399282311553	0.5566505352780554	0.18368025509073904	0.1676634041538492	0.6096796467228354	3.45802906950477e-14	2.180192598377693e-14	0.6096796467228354	6.779280561037327	313.73844869515165	18.26155130484836	15.962160908737564	NaN	0.606036347884844	1.792891770557308	-154.7316243767722	-0.01874212858347875	0.7114201828866865	0.1741699671358005	0	80.32161473184955	-12.189114918331063	27.5718111337098	68.65770819479489	104.70733703814757	146.85352899493674	220.0133466510701	0.41158647262772596	1.0186784052283213	129.54005742469639	1.0186253471606062	157.2974723913475	1.0880492813545892	-5.045982889561162	1.0880492813545892	3.5535727259422525	1.0880492813545892	-0.009771207416988283	1.152570688933324	NaN	NaN	800000009	800000009	800000009	800000019	800000019	800100119	899999999	899999999	89999	89999	89	89	9	8	1	14	0	11	2	NaN	0	0	0	0	0	0	0	0	0	NaN	NaN	NaN	NaN	0	1	0	0	0	0	0	0	3206	0	0	0	18000	18000	18000	18000	100	NaN	2.3931369627167394	0.8555119786837574	0.3371345997141192	0.2088076627701115	1.3212943190917164	0.2463344708714407	1.449661211651788e-7	NaN	0.11229994282542625	-0.12876579072685887	0.09068175853468818	-0.000009771207416988284	NaN	402.77023464974155	9.149755046216283	96275.28233289931	11.369999885559082	5.066995141254496	98.32743853759766	98.01401332516141	98.6408642970191	-0.6268503359109165	0.0002847000988646565	-1	0	2.104879841340912	67.51816130102937	1.0001321950554847	-307.9936203596353	9.00104375492202	-273.1499938964844	182
DATA	2026-06-02T130000_AIU-0547.ghg	2026-06-02	13:30:00	153.562	1	18000	18000	0.6152501198154615	1	NaN	3.453325494538044	2	NaN	10.799293451201283	2	NaN	6.308000861449089	1	NaN	0.24411260975380786	2	NaN	0.04669704509319268	1	NaN	NaN	NaN	NaN	NaN	NaN	NaN	NaN	NaN	NaN	5.393284476117517e-10	1.32373661730891e-11	3.055106522764538e-12	NaN	15.590125162636763	400.3064044089397	404.278516133485	0.1	1	382.6465975899624	9.825186266474184	9.922678430314347	0.2	0	0.08831259186493781	2.123163197003402	2.144230662662345	0	1	NaN	NaN	NaN	NaN	9	292.39341151258685	292.1968637471333	95858.2253902758	1.1386622440243417	1010.8567696251083	0.02534289274919235	0.015818497112046748	0.00698617404522827	942.0775541977799	2197.1374286425657	0.006135422581974119	42.877497871392315	1255.0598744447857	279.2627012496521	-0.0304909129766443	0.30368465338699985	0.23941721663369514	0.3879106444757082	6.340727406708683e-14	3.4594234618738295e-14	0.3879106444757082	8.383408628252432	236.26653447687454	95.73346552312546	38.11171921748677	NaN	0.7350694833387634	1.8605038410301002	-9734.3933477537	-0.0002979127611140967	0.3197732805523407	0.004081544889386714	0	75.59130117041438	-11.471271585716757	25.94804756079696	64.61430730880504	98.54089556374686	138.2050071485014	207.05628495809074	0.5993257076707925	1.0265705474349787	3.992040789654321	1.023764817607768	9.875804955788436	1.0935101998821444	5.768579810347401	1.0935101998821444	0.223237615689472	1.0935101998821444	0.04071647058617347	1.1598028758551662	NaN	NaN	800000009	800000009	800000009	800000019	800000019	800010119	899999999	899999999	89999	89999	89	89	7	17	1	21	8	13	0	NaN	0	0	0	0	0	0	0	0	0	NaN	NaN	NaN	NaN	0	1	0	0	0	0	101	0	3513	0	0	11	18000	18000	18000	18000	100	NaN	0.9127159801559022	2.2310412364788794	0.577250465425419	0.2799783587556328	1.0995165844835473	0.1715419496047633	3.3818901384805193e-7	NaN	0.0034682502464249173	0.1476435135856119	0.005713639583480643	0.00004071647058617347	NaN	400.30650986093343	9.824928825438596	96254.61665017362	11.369999885559082	6.097118280265095	98.2023416733212	97.88270480918882	98.52197895028857	-0.6392695319362811	0.000285278437744839	-1	0	2.114523901972506	69.71308881362268	1.000134329540862	-273.1499938964844	9.001083156559202	-273.1499938964844	118
DATA	2026-06-02T133000_AIU-0547.ghg	2026-06-02	14:00:00	153.583	1	18000	18000	0.7518630048717536	0	NaN	88.11555228176712	0	NaN	190.3969636275983	0	NaN	-2.0884720891906556	0	NaN	4.300709299830079	0	NaN	-0.07003265089060325	0	NaN	NaN	NaN	NaN	NaN	NaN	NaN	NaN	NaN	NaN	2.97163747740629e-10	7.057783577457673e-12	1.690413691406934e-12	NaN	15.621404295077054	401.01635307374113	404.87249371994733	-0.1	0	371.01595174002307	9.524333477871446	9.615918694211212	0.2	0	0.08886223807639425	2.1287956841445155	2.149266010359837	-0.3	0	NaN	NaN	NaN	NaN	9	291.6045540856255	291.445739810905	95865.53845777678	1.141814300091344	1010.6730388450161	0.02527581777319376	0.27868596262898915	0.006790225097837247	913.3002747416883	2096.2833409941923	0.005946873407780964	43.56759684540271	1182.983066252504	278.8144437051724	0.5394784756357935	0.013278703706210971	0.22085798034560092	0.5830879840373274	-1.515899274590951e-15	1.9022857492669687e-14	0.5830879840373274	6.672791215695234	330.5900084538414	1.4099915461586794	22.257699653841964	NaN	0.8114684127418906	2.272332126548371	-513.2368322238948	-0.005650412865799355	0.4627991465983371	0.09409678609845892	0	83.86000950187814	-12.726079975897292	28.786427555969674	71.68227482495604	109.31999198783065	153.32284314767975	229.70555811526444	0.7376073459876406	1.01932689385709	97.46661926258676	1.0190422013141578	174.9265502692177	1.0884394812255265	-1.918776491678843	1.0884394812255265	3.9512617596227795	1.0884394812255265	-0.10315283055706023	1.153131169580093	NaN	NaN	800000009	800000009	800000009	800000019	800000019	800000119	899999999	899999999	89999	89999	89	89	15	11	0	25	8	23	2	NaN	0	0	0	0	0	0	0	0	0	NaN	NaN	NaN	NaN	0	6	0	0	0	0	101	0	0	0	0	16	18000	18000	18000	18000	100	NaN	2.55739601850164	1.4445892198245267	0.5426790147705748	0.1452291033626182	0.8323613174739457	0.20848622371083161	1.6210852493993682e-7	NaN	0.0844597407662479	-0.04896513027690185	0.10083198728831036	-0.00010315283055706024	NaN	401.0164494035747	9.524007391116276	96248.75756944444	11.369999885559082	5.643863798962708	98.20350104310776	97.88245723046197	98.52454417758517	-0.6420932828750874	0.0002857726828968023	-1	0	2.1203901665409397	65.676836982409	1.0001324384891324	-273.1499938964844	9.001042104429668	-273.1499938964844	060
DATA	2026-06-02T140000_AIU-0547.ghg	2026-06-02	14:30:00	153.604	1	18000	18000	0.1972053123186657	0	NaN	108.03096673524074	1	NaN	127.4651260384478	0	NaN	-3.5058926414019496	1	NaN	2.8791488600682467	0	NaN	-0.02326281604922199	0	NaN	NaN	NaN	NaN	NaN	NaN	NaN	NaN	NaN	NaN	-2.4407714873421294e-10	-5.7994944499245465e-12	-1.3821321622776111e-12	NaN	15.664009591142573	401.65998845077627	405.5302907351461	0.1	1	372.19107629907535	9.543805660863624	9.635767553790254	0.2	0	0.0887003619897188	2.124776893518284	2.1452507497678908	-0.2	0	NaN	NaN	NaN	NaN	9	291.4358367648655	291.42824391461966	95858.70462855576	1.1417930116731	1010.6833458920703	0.02527610225169233	0.18656884613242236	0.006804030908045465	915.1022485419518	2093.983315557592	0.005959075627968098	43.70150620317983	1178.8810670156404	278.8428761142084	0.37757126501098526	0.33545810957865535	0.18588847517939922	0.5381883765454822	-5.5599185628588085e-14	-1.5582035194375117e-14	0.5381883765454822	6.349756313270115	290.38009389319416	41.6199061068058	20.20601208944219	NaN	0.41559050302333855	1.3616108939023153	-56.2319600280461	-0.05157209527381944	0.847533518326063	0.22525796578705276	0	62.493275886515555	-9.483595716380156	21.451919332326298	53.418312297098886	81.46629674605708	114.25763952862789	171.17876448179697	0.19323278597106397	1.020558241851342	113.42966987752645	1.0198374859270642	117.02408722606411	1.089221279651718	-3.2187147890858046	1.089221279651718	2.6433094118293976	1.089221279651718	-0.06237334226970197	1.1542184777655065	NaN	NaN	800000009	800000009	800000009	800000019	800000019	800010119	899999999	899999999	89999	89999	89	89	6	1	0	26	4	8	6	NaN	0	0	0	0	0	0	0	0	0	NaN	NaN	NaN	NaN	0	1	0	0	0	0	0	0	404	0	0	0	18000	18000	18000	18000	100	NaN	1.0177769545511923	1.4085278360598807	0.2969169971935574	0.1841446395678203	0.739734903746098	0.1691897016923708	1.1016637618570024e-7	NaN	0.09829335935170831	-0.08214070937736646	0.06745652361861006	-0.00006237334226970197	NaN	401.66023359855586	9.543616646275897	96246.48526822918	11.369999885559082	5.67579371049669	98.25112967046103	97.9305450108846	98.57170992596944	-0.6411626946048605	0.0002852604133173978	-1	0	2.116463420898385	66.56302925984096	1.000135285678837	-273.1499938964844	9.00103677031729	-273.1499938964844	195
DATA	2026-06-02T143000_AIU-0547.ghg	2026-06-02	15:00:00	153.624	1	18000	18000	0.21312600554062316	0	NaN	104.0512039472428	0	NaN	86.69548673388354	0	NaN	-1.2614430953013078	1	NaN	1.9593971721974666	0	NaN	-0.038999530831344824	0	NaN	NaN	NaN	NaN	NaN	NaN	NaN	NaN	NaN	NaN	1.1561831392044678e-10	2.8610932552334984e-12	6.559578803938621e-13	NaN	15.587256587934407	400.3707631299414	404.3771636113441	0.1	1	385.7225830331561	9.90758341945675	10.006725890977243	0.4	0	0.0884339465425168	2.124561877690751	2.1458217860392224	-0.2	0	NaN	NaN	NaN	NaN	9	291.78761491309274	292.0325526104731	95858.75130591831	1.139273529580359	1010.8982383032067	0.025328502711818357	0.12696893675839582	0.00704876471810916	949.9833296848976	2174.719409068253	0.006187069685280502	43.683029899103765	1224.7360793833552	279.3837300129613	0.2119203716343757	0.19616635726736048	0.1442985033114998	0.3228212224980601	-1.992476515807651e-14	7.41748961840682e-15	0.3228212224980601	4.493619680643767	289.210781350054	42.789218649946015	26.550856837982824	NaN	0.4325180329930588	0.9996399893586668	-65.8161856938673	-0.04406210978996645	1.2001917039422543	0.2088850910813847	0	70.38352924539517	-10.680972104382418	24.160387982196262	60.162782194840474	91.75203889059327	128.68353913589968	192.79139083657563	0.2067711930459548	1.0307335485231544	106.54343785316208	1.0265091419898968	79.04969096000373	1.096721387282188	-1.1501946710707638	1.096721387282188	1.7865952054177556	1.096721387282188	-0.07230916650326082	1.1638210826208502	NaN	NaN	800000009	800000009	800000009	800000019	800000019	800010119	899999999	899999999	89999	89999	89	89	0	2	3	18	1	20	1	NaN	0	0	0	0	0	0	0	0	0	NaN	NaN	NaN	NaN	0	5	0	0	0	0	0	0	2406	0	0	0	18000	18000	18000	18000	100	NaN	0.7646013917275921	0.9957776260996766	0.23890096089006496	0.24570172052778375	2.1652643363356643	0.20781196882467412	2.1398245589776818e-7	NaN	0.09251054926890087	-0.029424310857896676	0.04570472635949604	-0.00007230916650326082	NaN	400.37112416330393	9.907154171724939	96259.72284635417	11.369999885559082	6.216453945464484	98.1878271302117	97.86521082348295	98.51044088533189	-0.6452289506428771	0.00028560023069924975	-1	0	2.115933892281409	67.25851217571918	1.0001345803522401	-273.1499938964844	9.001103516631657	-273.1499938964844	240
DATA	2026-06-02T150000_AIU-0547.ghg	2026-06-02	15:30:00	153.645	1	18000	18000	0.3100224243114783	1	NaN	-13.378898475095879	1	NaN	102.24410258093947	0	NaN	-2.8248864137461394	1	NaN	2.311542350249004	0	NaN	0.09533678432242834	0	NaN	NaN	NaN	NaN	NaN	NaN	NaN	NaN	NaN	NaN	-1.2441110778852958e-10	-3.2131730477354564e-12	-7.134605730904027e-13	NaN	15.493933919330178	398.7248702148627	402.87361876040916	0.1	1	400.16274879256366	10.297890833139386	10.40504080748927	0.1	1	0.08885308691487531	2.138180902965722	2.1604287625148744	0	1	NaN	NaN	NaN	NaN	9	291.9962285936143	292.36074967298225	95856.45164828157	1.1377987277913932	1011.1214372736233	0.025357576156687937	0.14978794429613543	0.007318049439978674	987.3840590220362	2219.698739674077	0.0064317609619619675	44.482795857559296	1232.3146806520408	279.9445138765616	-0.17852852580647727	-0.0033388665268820543	0.1319116156088698	0.22200057857775005	4.849242212348786e-14	-8.02966557339674e-15	0.22200057857775005	3.5780818141135633	150.9285708816858	181.07142911831423	36.455260894480766	NaN	0.5219919819758465	0.7547670187646779	899.833996655196	0.0032228166648289465	-0.13085251997301992	-0.022278593227660928	0	66.43673584248334	-10.082030978664148	22.80558152502843	56.78912255581417	86.60699507594546	121.46754203018274	181.98051224537775	0.3030617590164927	1.0229678113054403	-7.431764088684056	1.019305228370729	93.2146627786365	1.0968671615939416	-2.5754134253058325	1.0968671615939416	2.1074040970375343	1.0968671615939416	0.08320458673852144	1.1747390793421715	NaN	NaN	800000009	800000009	800000009	800000019	800000019	800010119	899999999	899999999	89999	89999	89	89	14	12	1	24	15	11	0	NaN	0	0	0	0	0	0	0	0	0	NaN	NaN	NaN	NaN	0	12	0	0	0	0	101	0	902	0	0	11	18000	18000	18000	18000	100	NaN	0.41336107816750906	0.6942026228150855	0.4019703365467613	0.23482302041444206	0.9809210197089944	0.16480697941121894	2.676699864901325e-7	NaN	-0.0064598607015824245	-0.06598594035037589	0.053994842022205856	0.00008320458673852144	NaN	398.72469120480247	10.297708576947773	96249.20099696181	11.369999885559082	6.7798282447391145	98.12979661199782	97.80718538199531	98.45240684254964	-0.6452235594590503	0.0002861992165045295	-1	0	2.1287990019644853	70.09907950888743	1.000115225053496	-273.1499938964844	9.001006828069688	-273.1499938964844	153
DATA	2026-06-02T153000_AIU-0547.ghg	2026-06-02	16:00:00	153.666	1	18000	18000	0.3107582505855802	1	NaN	46.7089960717435	1	NaN	56.897770030785566	1	NaN	2.894272360598927	1	NaN	1.2869684788081512	1	NaN	0.053214380184191175	1	NaN	NaN	NaN	NaN	NaN	NaN	NaN	NaN	NaN	NaN	1.3493118378936138e-10	3.492325580202884e-12	7.741666392883425e-13	NaN	15.45641717110724	398.98215094730824	403.14525643880705	0.1	1	400.04719108675647	10.326564495074958	10.434315123156166	0.1	1	0.08868107579545423	2.1389523451945402	2.161270847997714	0	1	NaN	NaN	NaN	NaN	9	292.59965285746256	292.85923343634914	95838.84281136279	1.1356410300194297	1011.1493355314861	0.025405478565535534	0.0833955574267682	0.007324589257768868	989.9514642154012	2289.5739532832863	0.00644973989504725	43.23736574639988	1299.622489067885	279.98231790648595	-0.46000029454790864	0.40026938678835855	0.13693950440595612	0.624954623033582	8.171337296146665e-14	8.729784030518336e-15	0.624954623033582	4.808996472985597	193.02816969038736	138.97183030961264	12.657299705870892	NaN	0.5231073190475989	0.8960284085869205	-259.3662141467104	-0.011181101630914875	0.8209284133010969	0.07775948234245654	0	89.91372071250579	-13.644754007477365	30.864470716763638	76.85689611690104	117.21161595703178	164.39095797287098	246.2876109979882	0.3051647190218408	1.0183295486505408	49.24370863526769	1.0184017290909873	52.30310769952286	1.0878468323079131	2.660551352122436	1.0878468323079131	1.183041987701332	1.0878468323079131	0.030638381357027046	1.1522734851255594	NaN	NaN	800000009	800000009	800000009	800000019	800000019	800000119	899999999	899999999	89999	89999	89	89	7	19	3	9	0	16	1	NaN	0	0	0	0	0	0	0	0	0	NaN	NaN	NaN	NaN	0	1	0	0	0	0	0	0	504	0	0	0	18000	18000	18000	18000	100	NaN	0.9063371913501906	0.6962656485748288	0.1894539772488215	0.30712565357659033	1.0649274974697378	0.10472498891613732	3.314572446725976e-7	NaN	0.04288391013723605	0.06829805379125259	0.030369444005987237	0.000030638381357027046	NaN	398.9821342884935	10.32640036220478	96230.37691059028	11.369999885559082	6.820926493287098	98.04491287379794	97.72015874862672	98.36967084036932	-0.6495223169210883	0.0002870366481947712	-1	0	2.129509315401242	73.16882174069738	1.0001150960789786	-273.1499938964844	9.00102972454495	-273.1499938964844	223
DATA	2026-06-02T160000_AIU-0547.ghg	2026-06-02	16:30:00	153.687	1	18000	18000	0.3632922005699933	0	NaN	49.66204404374751	0	NaN	86.51971529092901	0	NaN	0.21999423449398522	2	NaN	1.957584697220506	0	NaN	0.030936693360267404	0	NaN	NaN	NaN	NaN	NaN	NaN	NaN	NaN	NaN	NaN	-7.317539160954176e-11	-1.9266385287608355e-12	-4.183507815347117e-13	NaN	15.457418595154351	399.0913506980363	403.32941358053284	0.1	1	406.9791437470799	10.507696041489682	10.619280210117	0.1	1	0.08837155507547415	2.1347124248321157	2.157381534239426	0	1	NaN	NaN	NaN	NaN	9	293.0861100624932	293.17576841352354	95844.82981169605	1.134407764523813	1011.2570651682622	0.02543134922748424	0.12685148837988877	0.007445483297727807	1007.3784849603785	2334.937112435379	0.006563321876462275	43.14370950700534	1327.5586274750003	280.2366610013678	-0.9343683323098289	0.4996052816279055	0.22189811084094097	1.0825379390343144	-2.040641062849716e-14	-4.733998187283422e-15	1.0825379390343144	5.946782727164322	180.13334594749105	151.86665405250895	11.828300372847524	NaN	0.5659048837410334	0.9053052395498082	-308.87521215119796	-0.009388904923132572	0.5739968500445842	0.07649805437582277	0	86.86570661920004	-13.182206109504586	29.81818611212672	74.25149951362748	113.23822174639176	158.81821609607252	237.9386281800181	0.3588646438096516	1.0123376789458538	54.031819407450506	1.0147243263256616	79.66249977152023	1.0860783372236114	0.20255834865131914	1.0860783372236114	1.8024341616321744	1.0860783372236114	0.007549634471639043	1.1481577492589767	NaN	NaN	800000009	800000009	800000009	800000019	800000019	801000119	899999999	899999999	89999	89999	89	89	28	19	5	7	1	12	0	NaN	0	0	0	0	0	0	0	0	0	NaN	NaN	NaN	NaN	0	3	0	0	0	0	0	0	1505	0	0	0	18000	18000	18000	18000	100	NaN	0.9754558067164036	0.5934678067222173	0.2416868656609955	0.18247182760183622	0.6930752863475073	0.15352166924133978	1.0041318521253451e-7	NaN	0.04709977500257342	0.0052060503720405375	0.04632523468038574	0.000007549634471639043	NaN	399.0913653799451	10.507414995335791	96233.31019726563	11.369999885559082	7.072236472315271	98.03944400533041	97.71448789236281	98.36439121585423	-0.6499145915789738	0.0002871200295889544	-1	0	2.12517638673385	79.11387111499569	1.0001034548779328	-273.3518689049614	9.000925305445989	-273.1499938964844	121
DATA	2026-06-02T163000_AIU-0547.ghg	2026-06-02	17:00:00	153.708	1	18000	18000	0.1215510457560271	1	NaN	28.855612496415972	0	NaN	120.20209922415606	1	NaN	-2.2714250317947955	1	NaN	2.7193960010229596	1	NaN	0.009005768297924797	1	NaN	NaN	NaN	NaN	NaN	NaN	NaN	NaN	NaN	NaN	3.646420019790377e-10	9.872128336644275e-12	2.075216947579188e-12	NaN	15.496802419589521	399.30503292878626	403.6689270475625	0.1	1	419.55238689864933	10.810577248771141	10.92872305357221	0.1	1	0.0881939733762955	2.1296513436575757	2.1529257133930773	-0.2	0	NaN	NaN	NaN	NaN	9	293.04402946726475	293.0683473629421	95843.93684809028	1.1346825098970112	1011.4217242921654	0.025422267908687752	0.17621686086628777	0.007662833467901232	1036.406213566251	2319.455044178261	0.006753284201584057	44.68317746306784	1283.0488306120099	280.65182003161544	-0.2929423593238464	0.3497581492418792	0.18170732255330796	0.49108404567530445	-1.0606174608053092e-13	2.353014461345222e-14	0.49108404567530445	4.2217324213175305	202.051909185959	129.948090814041	21.716399131339795	NaN	0.3272971091941762	0.35229702682319936	-102.84694894109896	-0.028197239002790902	0.24005913942156087	0.07682127121374062	0	79.79520139911921	-12.109229664173597	27.391110471294553	68.2077379955016	104.0211040928117	145.89107753178428	218.57141897764868	0.11892576196426101	1.0220749797891144	35.182414263055755	1.0208224426010961	110.25259329249062	1.0902428290758683	-2.0834120355738937	1.0902428290758683	2.4943030382763665	1.0902428290758683	-0.008188569915651643	1.1555915355260384	NaN	NaN	800000009	800000009	800000009	800000009	800000009	811000109	899999999	899999999	89999	89999	89	89	19	8	3	9	5	3	0	NaN	0	0	0	0	0	0	0	0	0	NaN	NaN	NaN	NaN	0	0	0	0	0	0	0	0	4709	0	0	0	18000	18000	18000	18000	100	NaN	0.2657586334956919	0.33887468101227985	0.099960739138427	0.13856519220750574	0.45731227426131194	0.3538197796168233	1.3693807156027433e-7	NaN	0.030656247930719645	-0.05354405635829917	0.06410402751626502	-0.000008188569915651642	NaN	399.3051531927488	10.810205578704618	96233.66954470486	11.369999885559082	7.477598009096248	98.06962654622396	97.74497154744466	98.3942825287713	-0.6493198697898117	0.0002866151177747978	-1	0	2.1200201264388037	63.7217871350632	1.000110398636924	-273.1499938964844	9.000978634436926	-273.1499938964844	107
DATA	2026-06-02T170000_AIU-0547.ghg	2026-06-02	17:30:00	153.729	1	18000	18000	0.1985355893566579	1	NaN	-3.8061993039734405	2	NaN	307.5634836523965	1	NaN	15.805407239370112	1	NaN	6.955303461231447	1	NaN	0.046722793971367534	2	NaN	NaN	NaN	NaN	NaN	NaN	NaN	NaN	NaN	NaN	7.535547976116691e-10	2.241144924620275e-11	4.3056952038224684e-12	NaN	15.480942582090366	397.7057343385941	402.46616596192456	0.1	1	460.4182204950831	11.82815358392348	11.969733429283671	0.1	1	0.08845570413408421	2.1327181003917195	2.1582461675332167	0	1	NaN	NaN	NaN	NaN	9	292.8816544553968	292.6414590391529	95849.72513107401	1.1359672889682682	1011.9747877366974	0.025383704409421864	0.45070366428779773	0.00839685681003888	1134.0293796293563	2258.8140073406935	0.007391812151268235	50.20463729833389	1124.7846277113372	281.9765949784717	-0.4935550443111235	0.34480057503705147	0.22389899452619896	0.6423509773173617	-1.873671711357462e-14	4.867628657724263e-14	0.6423509773173617	3.473336255165073	186.93838550787007	145.06161449212993	20.39937183825586	NaN	0.4180577432677397	0.30244439217341346	1625.1775275712341	0.0017844204407219066	-0.012375329017521301	-0.007919900679100802	0	90.22193574188314	-13.69152682728657	30.970270962524797	77.12035368830179	117.61340537659183	164.9544733467146	247.13185971395154	0.19503444138224507	1.0179514343702556	13.732339061015377	1.018160031930841	282.78224208846626	1.0876336554265584	14.531921810723482	1.0876336554265584	6.394895401157525	1.0876336554265584	0.024411182152481968	1.1519544769302668	NaN	NaN	800000009	800000009	800000009	800000019	800000019	800001019	899999999	899999999	89999	89999	89	89	2	11	0	3	11	0	13	NaN	0	0	0	0	0	0	0	0	0	NaN	NaN	NaN	NaN	0	0	0	0	0	0	101	0	11774	0	0	16	18000	18000	18000	18000	100	NaN	0.2876884721911913	0.1972284915281051	0.11997182062753053	0.09443864726410638	5.955042433265604	0.7193933458646935	2.1953303680406208e-7	NaN	0.011945628366595875	0.37329052983009264	0.16426966258135056	0.00002441118215248197	NaN	397.70377522499314	11.827430546167717	96238.25649761285	11.369999885559082	8.788385185877368	98.11835999615987	97.79025856865776	98.44646428087023	-0.6561973799152506	0.00028550864665723776	-1	0	2.1221784358610716	76.38993832408156	1.0001226037972504	-273.1499938964844	9.001080247587629	-273.1499938964844	043
DATA	2026-06-02T173000_AIU-0547.ghg	2026-06-02	18:00:00	153.749	1	18000	18000	0.4004766435764595	1	NaN	-76.43627465685452	2	NaN	233.89201277801754	1	NaN	2.8633568282397834	1	NaN	5.286238262720286	1	NaN	0.005757905497720593	1	NaN	NaN	NaN	NaN	NaN	NaN	NaN	NaN	NaN	NaN	-7.429537733336e-10	-2.225937501363068e-11	-4.264782274753e-12	NaN	15.39311881953945	394.9585464711198	399.68814146426644	0.1	1	461.1877841283302	11.833213204223915	11.974914925641473	0.7	0	0.0883612179532755	2.124625846853194	2.15006806061808	0	1	NaN	NaN	NaN	NaN	9	292.35711631181516	292.04532679103374	95871.80245744344	1.1385460581368572	1011.9636108234238	0.02532616248681096	0.34254823942427454	0.008419534767838969	1134.775788716974	2176.455062514667	0.00739498829025581	52.13871897754042	1041.6792737976932	281.98633027139255	-0.39047201504111945	-0.15330734419033995	0.1981292868128056	0.4639253718066063	-6.55243770901567e-15	-4.8265317902342323e-14	0.4639253718066063	4.562944440917239	130.56400708597823	201.43599291402177	25.28185081600872	NaN	0.5930800209122894	0.8400952838411274	231.09453335764655	0.012548977069535009	-0.3268015600404394	-0.1118589447736963	0	78.63235288420556	-11.93276291573717	26.991942205848808	67.21375257478728	102.5052136095108	143.76501957501023	215.38619673991735	0.3953116363189053	1.0130656595531822	-62.415195111479136	1.0150552991688508	213.54564157360818	1.0952787940530084	2.614272132161088	1.0952787940530084	4.826386022830683	1.0952787940530084	0.013675542446734452	1.1744539098046742	NaN	NaN	800000009	800000009	800000009	800000019	800000019	801000119	899999999	899999999	89999	89999	89	89	7	14	0	2	3	2	4	NaN	0	0	0	0	0	0	0	0	0	NaN	NaN	NaN	NaN	0	79	0	0	0	0	0	0	5840	0	0	0	18000	18000	18000	18000	100	NaN	0.5874765299884858	0.7522192496768281	0.34049478801694083	0.4673661982560293	0.6254123669641408	0.27881017565515503	2.1069749536300454e-7	NaN	-0.054171995341070145	0.06700254892559698	0.12369797376878593	0.000013675542446734453	NaN	394.9586181318477	11.832936354796036	96254.2658170573	11.369999885559082	8.81659462949961	98.14822763040331	97.81812935786779	98.47832474157546	-0.6601964639276268	0.00028509554948929393	-1	0	2.1142126644695236	76.23660848537558	1.0001268312434355	-273.1499938964844	9.001048539823955	-273.1499938964844	195
DATA	2026-06-02T180000_AIU-0547.ghg	2026-06-02	18:30:00	153.77	1	18000	18000	0.17821856230598487	1	NaN	-7.446712552144887	2	NaN	191.71498463725908	1	NaN	-10.119406692741986	1	NaN	4.335032484073344	1	NaN	-0.02486639221880281	1	NaN	NaN	NaN	NaN	NaN	NaN	NaN	NaN	NaN	NaN	5.632390456829716e-10	1.6835480529855904e-11	3.2255408569747345e-12	NaN	15.364578089180181	394.49838974135304	399.20572092533234	0.1	1	459.2544804066021	11.791742796340813	11.932447143993718	0.4	0	0.08798941542970479	2.120354235994381	2.1456552508419273	-0.6	0	NaN	NaN	NaN	NaN	9	292.65279015689424	292.53413228504326	95879.91061919206	1.136757656640246	1011.9520840892068	0.025366406373464184	0.28091010496795266	0.008376717052560876	1130.894514490934	2243.787962838841	0.0073689559103729775	50.40113117730278	1112.893448347907	281.93564565860476	0.0821965687345165	0.10312173181710835	0.21120264609964182	0.2489918175446663	-3.5755205618629943e-14	3.6658282603907466e-14	0.2489918175446663	3.3780439276607828	280.5577499073837	51.44225009261631	58.01981076168819	NaN	0.3959519844282589	0.4143053832652443	705.8954803131469	0.00410825693162607	-0.03884262133309347	-0.016349114258741335	0	77.26946602025888	-11.725939576082087	26.52410724841173	66.04877738199815	100.72855293498948	141.27322771724457	211.65303847305805	0.1717328800822394	1.037766106412701	3.4946152185049772	1.0311725483385998	173.9141181968195	1.1023543495203436	-9.17981291328432	1.1023543495203436	3.932521775742621	1.1023543495203436	-0.031982991348574304	1.1707694864188993	NaN	NaN	800000009	800000009	800000009	800000019	800001019	801001119	899999999	899999999	89999	89999	89	89	4	29	0	5	13	2	5	NaN	0	0	0	0	0	0	0	0	0	NaN	NaN	NaN	NaN	0	2	0	0	0	0	0	0	12005	0	0	0	18000	18000	18000	18000	100	NaN	0.1300941620257171	0.5399716856377172	0.1585449188670542	0.1967239348630727	1.51148146472378	0.5678851477155723	1.2755547437809884e-7	NaN	0.00303788637892857	-0.2356381951064431	0.10094457721592515	-0.0000319829913485743	NaN	394.4986475078693	11.791170990183554	96282.66701323785	11.369999885559082	8.755955182340353	98.13467905044553	97.8023001613617	98.46705777104697	-0.664755321378509	0.00028556613050103696	-1	0	2.1099399490144504	76.60313201932111	1.0001112298485306	-273.1499938964844	9.000970024532743	-273.1499938964844	224
DATA	2026-06-02T183000_AIU-0547.ghg	2026-06-02	19:00:00	153.791	1	18000	18000	0.3335858138847685	1	NaN	168.42104759556443	1	NaN	-128.12979950749235	2	NaN	-5.593730561075081	1	NaN	-2.895701911798688	2	NaN	0.009175903399844022	1	NaN	NaN	NaN	NaN	NaN	NaN	NaN	NaN	NaN	NaN	7.104503773474191e-10	2.0111601012883108e-11	4.0468219928504016e-12	NaN	15.432712232664965	396.47621697379293	400.9765956736026	0.1	0	436.8729482963174	11.223544586809224	11.35094239488047	0.1	1	0.08790682820897354	2.112500415177562	2.1364792856994033	-0.5	0	NaN	NaN	NaN	NaN	9	292.3466891343857	291.9793979391744	95887.81479717675	1.1392570989206996	1011.6241424115775	0.02531621686865024	-0.18764148388455498	0.007988882302949628	1076.4898442777258	2167.5101861341504	0.007012361222517791	49.664811319650255	1091.0203418564247	281.20855263105494	0.7497124051468226	0.18367692671225327	0.195631276295966	0.7962898342329181	-8.804242283404704e-14	4.603535442355206e-14	0.7962898342329181	8.927290901152016	318.233887669283	13.766112330717007	14.221933335807355	NaN	0.5411191640921408	1.5497306853119532	-79.65963560425769	-0.03640488659032981	-1.3144564983551392	0.2700614037130367	0	88.02502975964849	-13.358137868764938	30.216144230599518	75.24247149727238	114.74951654802534	160.93782854396366	241.11419387091738	0.32855952823554	1.0152979451736526	159.01340547312236	1.016487910655801	-117.93959194248583	1.0864019231979019	-5.148859222017515	1.0864019231979019	-2.665405730574355	1.0864019231979019	-0.034957249061169524	1.1498684721083479	NaN	NaN	800000009	800000009	800000009	800000019	801100019	811101019	899999999	899999999	89999	89999	89	89	2	3	0	20	7	7	3	NaN	0	0	0	0	0	0	0	0	0	NaN	NaN	NaN	NaN	0	34	0	0	0	0	101	0	0	0	0	11	18000	18000	18000	18000	100	NaN	1.9960390322072858	0.88964708179197	0.21377525662465025	0.4043149418986182	0.8532495195811508	0.47615786277213923	2.7839869582841705e-7	NaN	0.13797258780791335	-0.13182962929893396	-0.06824413607781413	-0.000034957249061169527	NaN	396.47578270534154	11.223008322672058	96261.83576475695	11.369999885559082	8.027044331683006	98.13891169781157	97.81194147237142	98.46588172997366	-0.6539427508860824	0.0002856058063383293	-1	0	2.1026728077382946	67.84674735290376	1.0001107205765114	-273.1499938964844	9.000966833459007	-273.1499938964844	052
DATA	2026-06-02T190000_AIU-0547.ghg	2026-06-02	19:30:00	153.812	0	18000	18000	0.16226963772365222	1	NaN	11.61197825802215	2	NaN	136.91167450651622	1	NaN	4.397674768861604	2	NaN	3.083695716452374	1	NaN	NaN	NaN	NaN	NaN	NaN	NaN	NaN	NaN	NaN	NaN	NaN	NaN	-8.046452063123161e-10	-2.4950449346404644e-11	NaN	NaN	15.825189619464911	400.8358884341781	405.8806293503866	0.1	1	490.70769191216925	12.429124603168578	12.585551997140698	0.8	0	NaN	NaN	NaN	NaN	0	NaN	NaN	NaN	NaN	9	289.59856429375554	288.4601399971321	95117.29379041243	1.1434053682541834	1012.188323526811	0.025313193506573205	0.1998234824261138	0.008848066883716409	1177.8747604040282	1733.8701376383262	0.0077383464599489705	67.93327451895506	555.9953772342981	282.5391115924743	2.0270221682351255	1.2564123895496881	0.3631439691741637	2.412315175402586	1.0935746345237996e-13	-5.0845849285913524e-14	2.412315175402586	10.202711288725018	300.2080573117468	31.7919426882532	8.658078509977766	NaN	0.3767198633031532	2.4836995384185148	-387.66949493589595	-0.007480598906755706	0.084813645730916	0.026633371332985732	0	48.56669348001153	-7.370183107094378	16.67137425573539	41.51407911891088	63.3115900373393	88.79540523389136	133.03169768170812	0.16094280126305208	1.0082441491647178	19.111893026455757	1.013467019967238	124.90680633342795	1.096110600578821	4.012072108908838	1.096110600578821	2.813307083084474	1.096110600578821	NaN	1	NaN	NaN	800000009	800000009	800000009	800000019	800000009	800000109	899999999	899999999	89999	89999	89	89	5	9	3	53	11	1	3	NaN	0	0	0	0	0	0	0	0	0	NaN	NaN	NaN	NaN	0	6478	0	0	0	0	0	0	9679	0	0	0	18000	18000	18000	18000	100	NaN	3.186596657260403	1.3225785004615278	0.4582239191150988	0.29592134287777627	1.5402122334229909	0.3931373754371784	NaN	NaN	0.016513615030068624	0.10283176372284578	0.07210671229092917	NaN	NaN	400.8358537932625	12.428735292980829	96281.12139496527	11.369999885559082	9.547155270947377	98.50474171193439	98.16799749628701	98.84148525238035	-0.6734856608278221	0.0002814480653162013	-1	0	-0.07354349873510871	47.78661641184195	1.0001512606110838	-273.1499938964844	9.001075387001038	-273.1499938964844	215
DATA	2026-06-02T193000_AIU-0547.ghg	2026-06-02	20:00:00	153.833	0	18000	18000	0.05105036658730894	0	NaN	70.53349740539596	1	NaN	31.68336123765353	1	NaN	3.622893296001596	1	NaN	0.7122716694164783	1	NaN	NaN	NaN	NaN	NaN	NaN	NaN	NaN	NaN	NaN	NaN	NaN	NaN	-1.1148516816324762e-10	-3.910884493233424e-12	NaN	NaN	16.073188750937287	401.868571031369	407.6149201917942	0.1	1	563.8452690927294	14.097494659227436	14.299075804006304	0.1	1	NaN	NaN	NaN	NaN	0	NaN	NaN	NaN	NaN	9	287.7861205444337	286.5035197762726	95140.49595977915	1.1507763316906863	1013.076401939572	0.025148637097897004	0.046155204178187796	0.010101416515058472	1335.5962632231137	1527.5080419733156	0.008777914731890404	87.43628357581149	191.91177875020185	284.4207929888736	1.6181937330666796	0.8144378213882828	0.25919495797189823	1.8300387834365826	2.1163773108155308e-14	-6.9360952509654625e-15	1.8300387834365826	5.021828405164811	305.28386185138464	26.71613814861536	8.142385946458843	NaN	0.21062211621043186	0.5761205956610863	-11.158715563688638	-0.25988654190961136	2.2261999563850465	0.28724886845669506	0	59.586280506217875	-9.042447952160028	20.454041888506026	50.93345636871136	77.67673467027785	108.94272483481988	163.21605376621068	0.05058863013295095	1.0091272772784023	71.67716032416195	1.0133230444091745	29.05517694475336	1.0904549401952532	3.322368639416584	1.0904549401952532	0.6531876221212234	1.0904549401952532	NaN	1	NaN	NaN	800000009	800000019	800000009	800000019	800000019	800010019	899999999	899999999	89999	89999	89	89	4	0	1	39	34	0	0	NaN	0	0	3468	0	0	0	0	0	0	NaN	NaN	NaN	NaN	0	17353	0	0	0	0	101	0	15113	0	0	16	18000	18000	18000	18000	100	NaN	0.3770404519428207	0.6892935896694646	0.08590714970988729	0.48465616530300254	4.291323287498895	0.10952156490827449	NaN	NaN	0.06148195532026481	0.08474267331915064	0.016660663305337407	NaN	NaN	401.86690027704014	14.097384466436909	96273.54880881077	11.369999885559082	11.446583189169546	98.26821331236098	97.86740355131363	98.66902195358277	-0.8016183952026865	0.0002778883989117785	-1	0	-3.1273118722997904	2.275701609580509	1.000158748111791	-273.1499938964844	9.000973126835293	-273.1499938964844	046
DATA	2026-06-02T200000_AIU-0547.ghg	2026-06-02	20:30:00	153.854	0	18000	18000	0.019328481844685278	0	NaN	51.35276654717513	0	NaN	3.3173529959748786	0	NaN	-2.4138715957333927	1	NaN	0.07453468894104466	0	NaN	0.0034311960831785713	0	NaN	NaN	NaN	NaN	NaN	NaN	NaN	NaN	NaN	NaN	-1.5708789055731952e-11	-5.409648295659288e-13	-8.536897124810961e-14	NaN	16.226348689335374	404.46472234807726	410.17792000593823	0.1	1	558.7880722098498	13.928584107545857	14.125329953854964	0.1	1	0.08818163448545513	2.063535013598565	2.092683126536977	-0.1	0	NaN	NaN	NaN	NaN	9	286.42264018164735	285.9093825161643	95945.44115828956	1.1629475392843331	1013.0077917176346	0.02477502398803673	0.004829847843379694	0.01013089190305745	1336.7426178094474	1469.868990383221	0.008711392011106454	90.94297699694548	133.12637257377355	284.4337367276276	1.7652771239330332	1.161569289186772	0.2399053159856845	2.1267348444273324	1.8232236584335857e-14	-9.681037525131217e-16	2.1267348444273324	3.5968226958368286	298.65469986523084	33.34530013476916	6.477009607715256	NaN	0.12891955857766904	0.2578682367745391	-3.5357542733296023	-0.8201927441267247	15.480042856302655	0.3381209852167865	1	30.072526270328865	13	24	39	58	91	202	0.019164031102347115	1.0085812187143666	51.08660195164905	1.0133182226661996	3.034563363124839	1.0931895627181227	-2.2080997459685827	1.0931895627181227	0.068180937216159	1.0931895627181227	-0.012463132836184351	1.1508609778706496	NaN	NaN	800000009	800000009	800000009	800000019	800000019	800011019	899999999	899999999	89999	89999	89	89	7	4	0	84	21	2	2	NaN	0	0	2795	0	0	0	0	0	0	NaN	NaN	NaN	NaN	0	4	0	0	0	0	101	0	15525	0	0	21	18000	18000	18000	18000	100	NaN	0.1860962675889123	0.25378270566068795	0.0758575002994779	0.1440842165949812	9.376063666444216	0.012609800314977316	9.675986436555771e-8	NaN	0.043364476352677865	-0.055478670785708784	0.001713051132124982	-0.000012463132836184351	NaN	404.46466944594994	13.928566906874595	96326.8706202257	11.369999885559082	11.276014923678494	98.08492170715334	97.65055200873479	98.51929574542574	-0.8687429031083982	0.00027732951661164413	-1	0	2.051566713459582	86.22138351599261	1.0001336277789539	-273.1499938964844	9.000802035808563	-273.1499938964844	184
DATA	2026-06-02T203000_AIU-0547.ghg	2026-06-02	21:00:00	153.874	0	18000	18000	0.04513255841972564	1	NaN	75.58096499951559	0	NaN	26.472553553477894	1	NaN	-3.3220438156135286	1	NaN	0.5945804054069244	1	NaN	-0.04166835150547881	1	NaN	NaN	NaN	NaN	NaN	NaN	NaN	NaN	NaN	NaN	2.1562165661781973e-10	7.27917390248726e-12	1.1626631335849435e-12	NaN	16.444413004435688	410.4896144633746	416.2580027524627	0.2	0	555.1471214033786	13.857723457435458	14.052458541804867	0.1	1	0.08867065142528965	2.0714589486440587	2.1005680396409296	0	0	NaN	NaN	NaN	NaN	9	286.0683717257182	285.54457529318114	95952.28280385745	1.1645477034976968	1012.9615744481372	0.024741647927651683	0.038528810270368696	0.010092948606810486	1330.0368728433793	1435.098988464477	0.008666839989891791	92.6791032210599	105.06211562109775	284.35788162850974	1.339824954248345	0.06437930732289249	0.22245352780201152	1.359691573581867	-3.42257307491041e-13	1.3112152836325523e-14	1.359691573581867	3.8458980040832627	329.24902297798565	2.7509770220145238	9.416256408125092	NaN	0.1968640134768823	0.5073258422208445	-8.554409915416851	-0.33900643395327457	2.85506892437983	0.32545866842882604	1	11.923922362717711	5	10	16	25	41	99	0.04465552805375108	1.010682448215602	76.34143788470121	1.0138638455816158	24.35136163141383	1.0871077336113997	-3.0558551953058175	1.0871077336113997	0.5469378857527883	1.0871077336113997	-0.06292673021294712	1.1479479287032432	NaN	NaN	800000009	800000009	800000009	800000019	800000019	800010119	899999999	899999999	89999	89999	89	89	7	2	0	61	8	0	6	NaN	0	0	0	0	0	0	0	0	0	NaN	NaN	NaN	NaN	0	644	0	0	0	0	0	0	15521	0	0	0	18000	18000	18000	18000	100	NaN	0.20486228459208997	0.7289060641281053	0.08088333572149374	0.21761396412224898	2.753578347298324	0.050320609231295964	0.0000010182650165377562	NaN	0.06471576377792339	-0.07666964509490237	0.013722356234038113	-0.00006292673021294712	NaN	410.4897306925294	13.857670195493828	96340.47609570312	11.369999885559082	11.199940367062858	97.91787601047093	97.46195365312366	98.37379592937891	-0.9118439131312881	0.0002776693217424003	-1	0	2.0721824090840637	77.92226927240893	1.00010264088379	-273.1499938964844	9.000691625489129	-273.1499938964844	160
DATA	2026-06-02T210000_AIU-0547.ghg	2026-06-02	21:30:00	153.895	0	18000	18000	0.023024680159236907	1	NaN	43.20362706410189	0	NaN	8.797403462051728	1	NaN	-1.6832052652694833	1	NaN	0.19734012070925322	1	NaN	NaN	NaN	NaN	NaN	NaN	NaN	NaN	NaN	NaN	NaN	NaN	NaN	-1.8506381407940605e-11	-5.968631016518817e-13	NaN	NaN	16.692533709406977	415.9214486784479	421.5765578522541	0.1	1	538.3633474640434	13.414192673844147	13.596579815190411	0.1	1	NaN	NaN	NaN	NaN	0	NaN	NaN	NaN	NaN	9	285.424789753384	284.214156051707	95238.00689173694	1.1615316386903871	1012.6561550903299	0.02491675098479537	0.012787639821959608	0.009701255042113442	1272.4402918194007	1313.8936549934674	0.008352122937478905	96.84499860270101	41.45336317406668	283.69210901385014	1.0332004323141144	-0.40292646187035147	0.10073219757947477	1.1135528019086425	6.013896971702174e-14	-1.1086622157013494e-15	1.1135528019086425	2.411467230377518	353.30473878836136	338.69526121163864	5.190082005000862	NaN	0.14079307071196115	0.15423311577364368	-5.444647670079817	-0.532633179541898	4.910952106546441	0.260883058183996	1	13.080703890003191	6	10	17	26	43	100	0.022749206486276524	1.0121091552413735	43.248893979815854	1.01459716058175	8.099669466443968	1.0861435146827159	-1.549707973684473	1.0861435146827159	0.18168880819299482	1.0861435146827159	NaN	1	NaN	NaN	800000009	800000019	800000009	800000019	800010019	801010019	899999999	899999999	89999	89999	89	89	12	15	0	62	9	0	8	NaN	0	0	0	0	0	0	0	0	0	NaN	NaN	NaN	NaN	0	2081	0	0	0	0	0	0	16014	0	0	0	18000	18000	18000	18000	100	NaN	0.0629110866220218	0.19413091042378844	0.05142423450147717	0.11519552300559953	1.6881111452254192	0.023533294460061027	NaN	NaN	0.03676901153616124	-0.039136577220765224	0.004588398713009208	NaN	NaN	415.9214864252168	13.414165022558768	96356.84346636284	11.369999885559082	10.713739632341607	98.0126781285604	97.56013240432738	98.46522293938531	-0.9050905415780015	0.00027650290782589256	-1	0	2.0749632363296238	68.45937506533474	1.0001209065583017	-273.1499938964844	9.000698068618775	-273.1499938964844	222
DATA	2026-06-02T213000_AIU-0547.ghg	2026-06-02	22:00:00	153.916	0	18000	18000	0.01565988003537633	1	NaN	44.40158137354674	0	NaN	10.654448051208899	1	NaN	0.776935823596376	1	NaN	0.23909001677861838	1	NaN	0.01837418369382116	2	NaN	NaN	NaN	NaN	NaN	NaN	NaN	NaN	NaN	NaN	1.7311113749010833e-10	5.418022990130875e-12	9.34849495884615e-13	NaN	16.884561960072027	420.11695942841556	425.7145945550444	0.1	0	528.4521042627125	13.148797805439292	13.323992285968728	0.1	1	0.09118144831962542	2.1204739173313336	2.148727095448454	0	1	NaN	NaN	NaN	NaN	9	285.08859118991427	284.6217329882572	95993.45368774908	1.169139843511711	1012.5473762566832	0.024651108978344518	0.01549303308725447	0.009611792342562863	1262.537084575706	1350.3512453075996	0.008221251200961729	93.49693933063392	87.81416073189348	283.57497074219924	1.3039160719894651	-0.1287614287001701	0.16831400030768645	1.3210246897817424	9.86365470388323e-15	1.025262828253851e-14	1.3210246897817424	2.615608985908916	337.6396614452691	354.3603385547309	7.3200497827844	NaN	0.11573400567384327	0.13405140843553182	-2.959105316739722	-0.9800259502744421	4.167422015681868	0.32408254394083846	1	17.856356038953997	8	14	23	34	55	122	0.015491507984368286	1.0108686676066618	44.56102287718161	1.0139518202067668	9.802509684596584	1.0869102295253048	0.7148114006946954	1.0869102295253048	0.2199721837957474	1.0869102295253048	0.002543485212691502	1.1479192026199114	NaN	NaN	800000009	800000019	800000009	800000019	800000019	800010119	899999999	899999999	89999	89999	89	89	4	13	0	76	13	0	12	NaN	0	0	0	0	0	0	0	0	0	NaN	NaN	NaN	NaN	0	1188	0	0	0	0	0	0	16415	0	0	0	18000	18000	18000	18000	100	NaN	0.05758000394317133	0.14538034140726847	0.06514247152062382	0.09757170418897175	1.1574122435372738	0.0135356652713884	3.575331508256171e-7	NaN	0.037642056083721384	0.0178557382064816	0.005494828038203766	0.000002543485212691502	NaN	420.11700677418685	13.148780035928874	96380.96448914931	11.369999885559082	10.417993892510749	97.99956341213651	97.54186500379774	98.45726137924196	-0.9153971490793763	0.000276553525568387	-1	0	2.122081107665322	71.07908349128589	1.0001410296758015	-273.1499938964844	9.000820880783929	-273.1499938964844	120
DATA	2026-06-02T220000_AIU-0547.ghg	2026-06-02	22:30:00	153.937	0	18000	18000	0.0040338021227637475	1	NaN	29.595617300791705	0	NaN	3.1559091759239193	1	NaN	3.00646243533078	0	NaN	0.07079870254903932	1	NaN	-0.011475927084668382	1	NaN	NaN	NaN	NaN	NaN	NaN	NaN	NaN	NaN	NaN	1.0272949448328298e-10	3.124432373596748e-12	5.496243922500629e-13	NaN	16.972694956412195	421.6510964982349	427.1286664425049	0.2	0	516.2104403971929	12.824168393781335	12.990764140685382	0.1	1	0.09080748617702766	2.1084333965533437	2.135823557514312	-0.1	0	NaN	NaN	NaN	NaN	9	284.7750207951864	284.3101084549309	96032.66267194976	1.1710438182889533	1012.3599315394072	0.024614065422396397	0.0045877559251777476	0.009388596091288412	1231.869384718155	1322.7455157087513	0.00801728846065416	93.12973433579148	90.87613099059627	283.2070178219218	1.1816481112721897	-0.12382066098982325	0.07646784347632321	1.1905759723961415	-2.2121277095604125e-14	6.0526330525060385e-15	1.1905759723961415	1.989078094283826	337.98198820710644	354.01801179289356	3.6825055060489924	NaN	0.05869089363085576	0.07685224751340923	-0.5791092055871043	-5.007691074535696	9.377841899435314	0.425352105637535	1	18.38540337544946	8	14	23	34	52	111	0.003987566270553529	1.011595005342394	29.47098235762688	1.0143192456177699	2.90501862766342	1.086364523060665	2.7674527025795483	1.086364523060665	0.06517030061841016	1.086364523060665	-0.01990663044054523	1.1479520288958434	NaN	NaN	800000009	800000009	800000009	800000019	800010019	800011019	899999999	899999999	89999	89999	89	89	8	7	0	71	35	0	5	NaN	0	0	0	0	0	0	0	0	0	NaN	NaN	NaN	NaN	0	235	0	0	0	0	0	0	16711	0	0	0	18000	18000	18000	18000	100	NaN	0.03655416479881368	0.0745642087794604	0.042586121448544366	0.05451147052210895	1.3570187330262113	0.007513417195794673	1.428934786887407e-7	NaN	0.024859163962281782	0.06900341060006522	0.001624950268638811	-0.00001990663044054523	NaN	421.651339135338	12.824156423920872	96422.46227625868	11.369999885559082	10.050712810569326	98.09267426427206	97.63982104110717	98.54552623875936	-0.9057055118580667	0.00027570645745921257	-1	0	2.09640672847794	78.15696435234238	1.0001209442963204	-273.4326189083524	9.000703463898764	-273.1499938964844	240
DATA	2026-06-02T223000_AIU-0547.ghg	2026-06-02	23:00:00	153.958	0	18000	18000	0.0179977412529338	1	NaN	62.143297753225646	0	NaN	4.455885897666372	1	NaN	3.564296801528842	1	NaN	0.09995297758673281	1	NaN	-0.0022893371517312493	0	NaN	NaN	NaN	NaN	NaN	NaN	NaN	NaN	NaN	NaN	-1.1656925058188207e-10	-3.5111827535331788e-12	-6.199044081168018e-13	NaN	17.0510654988342	423.2639920691133	428.72992823162247	0.1	1	513.5951960746029	12.74913600049911	12.913775480378364	0.1	1	0.09067597683825629	2.1043628215287797	2.1315380905352583	0	0	NaN	NaN	NaN	NaN	9	284.7368787697686	284.2160674559492	96068.0228755615	1.17189603454536	1012.316295611387	0.024596867033368212	0.006476952947620286	0.009340190941946	1225.1128243596936	1314.5129028740243	0.007970153210365245	93.1989957406376	89.40007851433074	283.1248687107774	1.106986008949056	-0.11223184398485618	0.1611273987711202	1.1242668942239453	3.161440530402776e-15	-6.836478963138817e-15	1.1242668942239453	2.6251373191862455	337.78915473714534	354.2108452628547	8.239875781399943	NaN	0.12392657855112804	0.15431093013463035	-2.5970637187600123	-1.1166456868392227	13.946339556354264	0.42269248248279595	1	12.629444162877224	6	10	16	25	39	87	0.017783744366990487	1.0120332862150518	61.74651169935079	1.0145553970774375	4.102387260716179	1.0861690070889312	3.281530570533957	1.0861690070889312	0.09202341158179361	1.0861690070889312	-0.02147642260809389	1.1480564470590853	NaN	NaN	800000009	800000019	800000009	800000019	800000019	801010019	899999999	899999999	89999	89999	89	89	22	15	0	67	7	0	4	NaN	0	0	0	0	0	0	0	0	0	NaN	NaN	NaN	NaN	0	413	0	0	0	0	0	0	13928	0	0	0	18000	18000	18000	18000	100	NaN	0.08194704954327808	0.16390871297847973	0.06276609774750287	0.13267250221931118	3.1316330772241585	0.004282972126334068	4.0975046232192095e-8	NaN	0.052048367818510605	0.0817579944980279	0.0022927257315082158	-0.00002147642260809389	NaN	423.2639296195911	12.749127336181306	96458.91761610244	11.369999885559082	9.968853188567698	98.04637147013347	97.5877323879666	98.50501149368287	-0.917279752257797	0.00027611929265387717	-1	0	2.09255572262881	77.107153799216	1.0001083063681921	-317.4413707563595	9.000696869267358	-273.1499938964844	003
DATA	2026-06-02T230000_AIU-0547.ghg	2026-06-02	23:30:00	153.979	0	18000	18000	0.011772274783343292	1	NaN	49.89908014573056	0	NaN	9.961894028733436	1	NaN	2.8341668652182532	0	NaN	0.22341376068081503	1	NaN	0.018188393980622945	2	NaN	NaN	NaN	NaN	NaN	NaN	NaN	NaN	NaN	NaN	1.4656956273052627e-10	4.335548500229737e-12	7.783736754395089e-13	NaN	17.134959844815363	424.99627555167166	430.407117210106	0.2	0	506.85454792049825	12.57145024345163	12.73150370885178	0.1	1	0.09099707623088603	2.1094572193920227	2.1363137818043763	0	1	NaN	NaN	NaN	NaN	9	284.54312468041314	283.99089550431245	96092.23216582608	1.1731999681358694	1012.2128663899585	0.02457118803472387	0.014477211692116814	0.009219641189034813	1208.3427536873762	1294.9837193564367	0.007858541970201518	93.30949382806773	86.6409656690605	282.9192331135212	1.2231584423705713	0.07374318242597513	0.15131986013492238	1.2346871393871721	1.0705978984938811e-14	8.553831701851043e-15	1.2346871393871721	2.680887159053875	328.5498622939782	3.4501377060218297	7.039711817860324	NaN	0.10017149930492021	0.14944876161396103	-1.7083882776387584	-1.697506379526452	5.0089952775852575	0.41947344212918897	1	16.108222956080223	7	13	21	30	48	105	0.011640379275613275	1.0113308599837756	49.94576556383441	1.014181739569636	9.16857174576949	1.086526266572544	2.6084660375111373	1.086526266572544	0.20562205218063948	1.086526266572544	0.0008046784958952759	1.1479168340374801	NaN	NaN	800000009	800000009	800000009	800000019	800000019	800010119	899999999	899999999	89999	89999	89	89	4	2	0	69	8	0	9	NaN	0	0	0	0	0	0	0	0	0	NaN	NaN	NaN	NaN	0	143	0	0	0	0	0	0	15255	0	0	0	18000	18000	18000	18000	100	NaN	0.08124607012274732	0.15989929033436365	0.05775216277081112	0.10646042843499574	2.5262842680793525	0.017456918470680986	2.2657065049348298e-7	NaN	0.04205859672261636	0.06490933282234401	0.0051167199529043245	8.046784958952758e-7	NaN	424.9963586864265	12.571429250981993	96482.58645876736	11.369999885559082	9.762553636338966	98.11294001939561	97.6606194436815	98.56526135253905	-0.9046415019929406	0.0002757572464745156	-1	0	2.0981676736287485	78.68859639827089	1.000107771113515	-285.4643694135872	9.000652639336057	-273.1499938964844	179
