DATAH	filename	date	time	DOY	daytime	file_records	used_records	Tau	qc_Tau	rand_err_Tau	H	qc_H	rand_err_H	LE	qc_LE	rand_err_LE	co2_flux	qc_co2_flux	rand_err_co2_flux	h2o_flux	qc_h2o_flux	rand_err_h2o_flux	ch4_flux	qc_ch4_flux	rand_err_ch4_flux	none_flux	qc_none_flux	rand_err_none_flux	H_strg	LE_strg	co2_strg	h2o_strg	ch4_strg	none_strg	co2_v-adv	h2o_v-adv	ch4_v-adv	none_v-adv	co2_molar_density	co2_mole_fraction	co2_mixing_ratio	co2_time_lag	co2_def_timelag	h2o_molar_density	h2o_mole_fraction	h2o_mixing_ratio	h2o_time_lag	h2o_def_timelag	ch4_molar_density	ch4_mole_fraction	ch4_mixing_ratio	ch4_time_lag	ch4_def_timelag	none_molar_density	none_mole_fraction	none_mixing_ratio	none_time_lag	none_def_timelag	sonic_temperature	air_temperature	air_pressure	air_density	air_heat_capacity	air_molar_volume	ET	water_vapor_density	e	es	specific_humidity	RH	VPD	Tdew	u_unrot	v_unrot	w_unrot	u_rot	v_rot	w_rot	wind_speed	max_wind_speed	wind_dir	yaw	pitch	roll	u*	TKE	L	(z-d)/L	bowen_ratio	T*	model	x_peak	x_offset	x_10%	x_30%	x_50%	x_70%	x_90%	un_Tau	Tau_scf	un_H	H_scf	un_LE	LE_scf	un_co2_flux	co2_scf	un_h2o_flux	h2o_scf	un_ch4_flux	ch4_scf	un_none_flux	un_none_scf	spikes_hf	amplitude_resolution_hf	drop_out_hf	absolute_limits_hf	skewness_kurtosis_hf	skewness_kurtosis_sf	discontinuities_hf	discontinuities_sf	timelag_hf	timelag_sf	attack_angle_hf	non_steady_wind_hf	u_spikes	v_spikes	w_spikes	ts_spikes	co2_spikes	h2o_spikes	ch4_spikes	none_spikes	head_detect_LI-7200	t_out_LI-7200	t_in_LI-7200	aux_in_LI-7200	delta_p_LI-7200	chopper_LI-7200	detector_LI-7200	pll_LI-7200	sync_LI-7200	chopper_LI-7500	detector_LI-7500	pll_LI-7500	sync_LI-7500	not_ready_LI-7700	no_signal_LI-7700	re_unlocked_LI-7700	bad_temp_LI-7700	laser_temp_unregulated_LI-7700	block_temp_unregulated_LI-7700	motor_spinning_LI-7700	pump_on_LI-7700	top_heater_on_LI-7700	bottom_heater_on_LI-7700	calibrating_LI-7700	motor_failure_LI-7700	bad_aux_tc1_LI-7700	bad_aux_tc2_LI-7700	bad_aux_tc3_LI-7700	box_connected_LI-7700	mean_value_RSSI_LI-7200	mean_value_LI-7500	u_var	v_var	w_var	ts_var	co2_var	h2o_var	ch4_var	none_var	w/ts_cov	w/co2_cov	w/h2o_cov	w/ch4_cov	w/none_cov	co2_mean	h2o_mean	air_p_mean	vin_sf_mean	dew_point_mean	avg_signal_strength_7200_mean	co2_signal_strength_7200_mean	h2o_signal_strength_7200_mean	delta_signal_strength_7200_mean	flowrate_mean	hit_power_mean	hit_vin_mean	ch4_mean	rssi_77_mean	ch4_aux-1_mean	ch4_aux-2_mean	ch4_aux-3_mean	ch4_aux-4_mean	CHK
DATAU		[yyyy-mm-dd]	[HH:MM]	[ddd.ddd]	[1=daytime]	[#]	[#]	[kg+1m-1s-2]	[#]	[kg+1m-1s-2]	[W+1m-2]	[#]	[W+1m-2]	[W+1m-2]	[#]	[W+1m-2]	[µmol+1s-1m-2]	[#]	[µmol+1s-1m-2]	[mmol+1s-1m-2]	[#]	[mmol+1s-1m-2]	[µmol+1s-1m-2]	[#]	[µmol+1s-1m-2]	[µmol+1s-1m-2]	[#]	[µmol+1s-1m-2]	[W+1m-2]	[W+1m-2]	[µmol+1s-1m-2]	[mmol+1s-1m-2]	[µmol+1s-1m-2]	[µmol+1s-1m-2]	[µmol+1s-1m-2]	[mmol+1s-1m-2]	[µmol+1s-1m-2]	[µmol+1s-1m-2]	[mmol+1m-3]	[µmol+1mol_a-1]	[µmol+1mol_d-1]	[s]	[1=default]	[mmol+1m-3]	[mmol+1mol_a-1]	[mmol+1mol_d-1]	[s]	[1=default]	[mmol+1m-3]	[µmol+1mol_a-1]	[µmol+1mol_d-1]	[s]	[1=default]	[mmol+1m-3]	[µmol+1mol_a-1]	[µmol+1mol_d-1]	[s]	[1=default]	[K]	[K]	[Pa]	[kg+1m-3]	[J+1kg-1K-1]	[m+3mol-1]	[mm]	[kg+1m-3]	[Pa]	[Pa]	[kg+1kg-1]	[%]	[Pa]	[K]	[m+1s-1]	[m+1s-1]	[m+1s-1]	[m+1s-1]	[m+1s-1]	[m+1s-1]	[m+1s-1]	[m+1s-1]	[deg_from_north]	[deg]	[deg]	[deg]	[m+1s-1]	[m+2s-2]	[m]	[#]	[#]	[K]	[0=KJ/1=KM/2=HS]	[m]	[m]	[m]	[m]	[m]	[m]	[m]	[kg+1m-1s-2]	[#]	[W+1m-2]	[#]	[W+1m-2]	[#]	[µmol+1s-1m-2]	[#]	[mmol+1s-1m-2]	[#]	[µmol+1s-1m-2]	[#]	[µmol+1s-1m-2]	[#]	8u/v/w/ts/co2/h2o/ch4/none	8u/v/w/ts/co2/h2o/ch4/none	8u/v/w/ts/co2/h2o/ch4/none	8u/v/w/ts/co2/h2o/ch4/none	8u/v/w/ts/co2/h2o/ch4/none	8u/v/w/ts/co2/h2o/ch4/none	8u/v/w/ts/co2/h2o/ch4/none	8u/v/w/ts/co2/h2o/ch4/none	8co2/h2o/ch4/none	8co2/h2o/ch4/none	8aa	8U	[#]	[#]	[#]	[#]	[#]	[#]	[#]	[#]	[#_flagged_recs]	[#_flagged_recs]	[#_flagged_recs]	[#_flagged_recs]	[#_flagged_recs]	[#_flagged_recs]	[#_flagged_recs]	[#_flagged_recs]	[#_flagged_recs]	[#_flagged_recs]	[#_flagged_recs]	[#_flagged_recs]	[#_flagged_recs]	[#_flagged_recs]	[#_flagged_recs]	[#_flagged_recs]	[#_flagged_recs]	[#_flagged_recs]	[#_flagged_recs]	[#_flagged_recs]	[#_flagged_recs]	[#_flagged_recs]	[#_flagged_recs]	[#_flagged_recs]	[#_flagged_recs]	[#_flagged_recs]	[#_flagged_recs]	[#_flagged_recs]	[#_flagged_recs]	[#]	[#]	[m+2s-2]	[m+2s-2]	[m+2s-2]	[K+2]	--	--	--	--	[m+1s-1K+1]	--	--	--	--	--	--	--	--	--	--	--	--	--	--	--	--	--	--	--	--	--	--	207
DATA	2026-04-23T233000_AIU-0547.ghg	2026-04-24	00:00:00	114	0	18000	18000	0.0404497897899489	0	NaN	23.329976553452912	0	NaN	37.576003988898414	0	NaN	0.8273732867435696	1	NaN	0.8461388917930713	0	NaN	-0.0019386113276571157	0	NaN	NaN	NaN	NaN	NaN	NaN	NaN	NaN	NaN	NaN	1.2134277148831377e-10	3.380688975512971e-12	5.986971857286793e-13	NaN	18.07963301829669	453.6841170560566	459.492067484652	0.1	1	503.7104005174499	12.639936224338342	12.80174952185454	0.1	1	0.08920371007105268	2.1099831186470928	2.1369945940273545	0	0	NaN	NaN	NaN	NaN	9	288.9440268088447	288.2208047154744	94969.21569791666	1.1424426348507566	1012.3282647178697	0.025232047593471082	0.054829800188191016	0.009027077720165696	1200.7268255853348	1707.8934233727225	0.007901558857128045	70.3045523305639	507.1665977873877	282.82501473161324	1.696739225062225	0.6875087639033683	0.38650989647878364	1.8710911785332045	-3.9664795283669124e-14	6.711572705348288e-15	1.8710911785332045	3.5006076292112738	309.9424979883352	22.057502011664802	11.921376739989356	NaN	0.18816590492373522	0.2878172719576628	-24.018618806260196	-0.12073966548168648	0.6208743367268538	0.10720563263496936	1	23.40623363271023	10	19	33	52	89	229	0.040087529941175606	1.0090367216265226	25.210337804038776	1.0133104277054987	34.44777045675188	1.0908109143398388	0.7584937736383924	1.0908109143398388	0.7756971264860844	1.0908109143398388	-0.01142946702891488	1.1495018121858789	NaN	NaN	800000009	800000009	800000009	800000009	800000019	800001019	899999999	899999999	89999	89999	89	89	0	1	0	22	25	0	15	NaN	0	0	18000	0	0	0	0	0	0	NaN	NaN	NaN	NaN	0	0	0	0	0	0	0	0	17406	0	0	0	18000	18000	18000	18000	88	NaN	0.30508164405018834	0.22785342337632442	0.04269947648881291	0.060665569321009194	5.864091725747343	0.16750479461364973	1.0252011856093367e-7	NaN	0.02179831379317911	0.01938342193289248	0.01982305619028088	-0.00001142946702891488	NaN	453.68450046151247	12.639770943083045	95366.98983203125	11.369999885559082	9.663982131640111	89.95147533374363	88.91185235383776	90.99109919696384	-2.079244249350495	0.0002793186949824708	-1	0	2.098860084964169	60.14008838327105	1.0001575910780165	-273.1499938964844	9.001145708084106	-273.1499938964844	106
DATA	2026-04-24T000000_AIU-0547.ghg	2026-04-24	00:30:00	114.02	0	18000	18000	0.04606687420349705	0	NaN	21.056014795538808	0	NaN	49.58974846849051	0	NaN	1.2156350619633494	1	NaN	1.116278640148037	0	NaN	0.009083157485357062	2	NaN	NaN	NaN	NaN	NaN	NaN	NaN	NaN	NaN	NaN	3.136557078671363e-10	8.656359101907129e-12	1.5507239550602672e-12	NaN	18.079625183447785	453.2045271427378	458.944856560804	0.2	0	498.966618780941	12.507666958254017	12.666090196089916	0.1	1	0.08938625112589868	2.110727657474235	2.137462324363185	0	0	NaN	NaN	NaN	NaN	9	288.5785828492907	287.8607453053793	94953.86561653645	1.1437442044054549	1012.2472152910975	0.02520460037018365	0.07233485588159279	0.008942342236702682	1187.9699024267325	1668.7258732534403	0.007818480917550198	71.19023690275746	480.7559708267079	282.66600967429986	1.5827039483139678	0.8605836481400614	0.38931328647843744	1.843128003824869	3.0134109326496323e-15	1.7348573584052705e-14	1.843128003824869	3.570009541077293	303.46518817313165	28.534811826868367	12.194104674837572	NaN	0.20069193450729866	0.2937093813627752	-32.28420090407143	-0.08982721946926908	0.4246041862647855	0.09062139864447556	0	70.18724759957433	-10.65118560736967	24.09301084485094	59.99500359616873	91.49616594142539	128.32467368651902	192.25374499955663	0.045651550621404906	1.0090976883904008	23.621316227585574	1.0133185971543597	45.47145424486833	1.0905687819317311	1.1146798644007465	1.0905687819317311	1.023574724164363	1.0905687819317311	-0.0012603822425653964	1.1493716902024356	NaN	NaN	800000009	800000009	800000009	800000009	800000009	800001009	899999999	899999999	89999	89999	89	89	1	0	4	25	15	0	0	NaN	0	0	18000	0	0	0	0	0	0	NaN	NaN	NaN	NaN	0	0	0	0	0	0	0	0	17010	0	0	0	18000	18000	18000	18000	89	NaN	0.32002006310621295	0.21560208606238931	0.05179661355694808	0.05449647459800773	3.8124972051119648	0.14058126322226652	2.7532401962413355e-7	NaN	0.02040274476333251	0.028451011757140862	0.026125650459442356	-0.0000012603822425653964	NaN	453.20451573374953	12.507527225434412	95352.76378602431	11.369999885559082	9.506176051722647	89.97419128629898	88.93268496492173	91.01569885762532	-2.0830120045012896	0.0002788738173775427	-1	0	2.099689997050496	60.05131569269785	1.00016398868627	-273.1499938964844	9.001147755887773	-273.1499938964844	075
DATA	2026-04-24T003000_AIU-0547.ghg	2026-04-24	01:00:00	114.041	0	18000	18000	0.052759657703204725	0	NaN	31.37742709944889	1	NaN	48.13830914602986	0	NaN	0.7475525646673559	1	NaN	1.0833712634935015	0	NaN	0.0029819560646799775	0	NaN	NaN	NaN	NaN	NaN	NaN	NaN	NaN	NaN	NaN	-7.809044378684221e-11	-2.12715398117899e-12	-3.8689034662927695e-13	NaN	18.054703864185996	452.25206103188043	457.89292367523706	0.1	1	491.80326479565974	12.319174094416676	12.472829046895274	0.1	1	0.08945000562899644	2.109903199999983	2.1362196619190796	0	0	NaN	NaN	NaN	NaN	9	288.31737961832675	287.6350283406575	94942.57008355035	1.1445875368205294	1012.137558164545	0.025187833271416334	0.0702024578743789	0.00881344252968672	1169.927786418098	1644.5763965153528	0.007700103527397278	71.13854904503224	474.64861009725473	282.438540416539	1.4344309777244897	0.6640085760964258	0.31886945311308157	1.6125065417274604	-6.027709178841521e-15	-4.325213217246139e-15	1.6125065417274604	4.158587355871134	307.1602371180553	24.839762881944683	11.405281225621486	NaN	0.2146972483124105	0.34247831110893506	-26.52074545528591	-0.10934835918882493	0.6518182224528071	0.12615436950916098	0	72.92071193160103	-11.065999365527608	25.031320695256472	62.33152779448957	95.05951276968311	133.32231827919847	199.74112728947043	0.05225225684582925	1.009710601761615	33.76164243080751	1.0134704663677996	44.21555288060359	1.0887189237691766	0.6866350426603288	1.0887189237691766	0.9950881167223941	1.0887189237691766	-0.010052503340804124	1.1484785079461874	NaN	NaN	800000009	800000009	800000009	800000009	800000009	800011009	899999999	899999999	89999	89999	89	89	6	0	2	20	25	0	0	NaN	0	0	18000	0	0	0	0	0	0	NaN	NaN	NaN	NaN	0	0	0	0	0	0	0	0	16809	0	0	0	18000	18000	18000	18000	91	NaN	0.3121530501322413	0.31892541101916894	0.05387816106645998	0.0887340449144714	7.457127358149745	0.147559034856709	1.2685237510824754e-7	NaN	0.0291430507404398	0.01751062325283881	0.025376818881529914	-0.000010052503340804124	NaN	452.25119490781907	12.319027930261353	95342.41149457466	11.369999885559082	9.278450716495485	89.99584530830383	88.95398423873054	91.03770546362135	-2.0837149617738198	0.00027844828063583314	-1	0	2.099040285666784	60.36500494368782	1.0001728013141287	-273.1499938964844	9.00115421904458	-273.1499938964844	168
DATA	2026-04-24T010000_AIU-0547.ghg	2026-04-24	01:30:00	114.062	0	18000	18000	0.017066668260203616	0	NaN	15.896601707578462	0	NaN	25.527557314569524	0	NaN	0.04541391712981977	2	NaN	0.5743479062802049	0	NaN	0.0018353726585658397	0	NaN	NaN	NaN	NaN	NaN	NaN	NaN	NaN	NaN	NaN	1.1739307986734874e-11	3.221202372554806e-13	5.834260406314641e-14	NaN	18.01750749957099	450.94998501478165	456.59987088193947	0.1	1	494.39062311614646	12.373822743849743	12.528852544418205	0.1	1	0.08954431619308889	2.109402560049259	2.1358309536809346	0	1	NaN	NaN	NaN	NaN	9	288.0290065350003	287.34583675045434	94927.70565060763	1.1455363139374553	1012.1622991183272	0.025166449250719727	0.03721774432695728	0.00886006156224994	1174.9336822069113	1614.084618059201	0.007734422256590014	72.79257041800379	439.15093585228965	282.50196132703206	1.640238059314729	0.5652358318472933	0.32106242596988976	1.7643564033942647	1.3327425481971207e-14	6.515500541356453e-16	1.7643564033942647	3.6006570863571077	312.9857428929787	19.014257107021308	10.484610081585346	NaN	0.12205903803082552	0.23963173491580042	-9.617943133050222	-0.3015197698595976	0.622723181528445	0.11232471682155162	1	33.83340014171216	15	27	45	69	112	262	0.016909679750496925	1.009283943399465	17.166736096958008	1.0133525954671074	23.421874579185765	1.0899023999238304	0.04166787515376936	1.0899023999238304	0.5269718704356867	1.0899023999238304	-0.004862352741118592	1.1490300101198352	NaN	NaN	800000009	800000009	800000009	800000009	800000019	800001019	899999999	899999999	89999	89999	89	89	0	0	0	33	29	0	5	NaN	0	0	18000	0	0	0	0	0	0	NaN	NaN	NaN	NaN	0	0	0	0	0	0	0	0	17208	17997	0	0	18000	18000	18000	18000	90	NaN	0.2360913674947935	0.2063418653572249	0.03683023697958244	0.052479014762112336	3.5818652674157128	0.11675884898355585	1.075994478894651e-7	NaN	0.01480569208328243	0.001061774195314068	0.013428213740685186	-0.000004862352741118592	NaN	450.94914698392796	12.37370633959764	95328.30412065973	11.369999885559082	9.343240368525187	89.98877365175883	88.94313906733196	91.03440611373054	-2.091260279026296	0.00027827387628106713	-1	0	2.098489097846879	61.831459587618156	1.000163246507446	-273.1499938964844	9.001145118501451	-273.1499938964844	157
DATA	2026-04-24T013000_AIU-0547.ghg	2026-04-24	02:00:00	114.083	0	18000	18000	0.038494289888027985	0	NaN	22.06409104449427	0	NaN	48.4162467424914	0	NaN	0.019810814175924233	2	NaN	1.0891494892485862	0	NaN	0.006424223589875321	0	NaN	NaN	NaN	NaN	NaN	NaN	NaN	NaN	NaN	NaN	1.3308369418216918e-10	3.640644859798729e-12	6.604655678844679e-13	NaN	18.051063242948835	451.66393728686705	457.31439667896757	0.1	1	493.8058791739523	12.355743517226479	12.510317795223251	0.1	1	0.0895835196711123	2.10876779162665	2.1351491468562305	0	1	NaN	NaN	NaN	NaN	9	287.83625946807854	287.17949468909376	94887.1508109809	1.1457180311189505	1012.1488963164429	0.02516263053994891	0.07057688690330838	0.008848458893906029	1172.7157827383032	1596.7717618793174	0.007723068550526605	73.44291843926885	424.0559791410142	282.47389165896965	1.5352090822392086	1.1985001002257536	0.3454088631148043	1.9780234324065098	4.0169315081141827e-14	7.37262356189211e-15	1.9780234324065098	3.8832634886494493	294.0217141859479	37.978285814052064	10.056733831431055	NaN	0.18329865670131812	0.2819881573607569	-23.46028072073755	-0.12361318410979479	0.45571667630176355	0.1038017331223716	1	26.172450155405894	11	21	37	58	99	253	0.03815755160724616	1.00882494464655	24.542203598433733	1.0132967344678538	44.34645604682189	1.0917726253338607	0.018145549463530603	1.0917726253338607	0.997597360453627	1.0917726253338607	-0.003965008331204442	1.1500332702847103	NaN	NaN	800000009	800000009	800000009	800000009	800001009	800001019	899999999	899999999	89999	89999	89	89	8	0	0	35	61	0	0	NaN	0	0	18000	0	0	0	0	0	0	NaN	NaN	NaN	NaN	0	0	0	0	0	0	0	0	16218	18000	0	0	18000	18000	18000	18000	89	NaN	0.25389209455317097	0.2341756352577355	0.0759085849106073	0.06402726560131275	1.9658556188697114	0.09267268038326348	4.419020537590729e-8	NaN	0.02116369045193523	0.0004623033914378683	0.02541629527141596	-0.000003965008331204442	NaN	451.6647380068207	12.355650086145653	95299.31916796874	11.369999885559082	9.318072073936444	89.98792247708639	88.94012460623847	91.03572336790297	-2.0955905499656997	0.0002781758334959806	-1	0	2.097863235918681	61.59613868988883	1.0001723158491982	-273.1499938964844	9.001203559027777	-273.1499938964844	079
DATA	2026-04-24T020000_AIU-0547.ghg	2026-04-24	02:30:00	114.104	0	18000	18000	0.04847102500219251	0	NaN	22.23255844843902	0	NaN	36.15145411402536	0	NaN	1.1485764367648512	0	NaN	0.8131709540513358	0	NaN	0.0012844262042988532	0	NaN	NaN	NaN	NaN	NaN	NaN	NaN	NaN	NaN	NaN	4.711785205790095e-11	1.2769508815008448e-12	2.3289935591876615e-13	NaN	18.060040965777812	451.82915991205306	457.43044960525964	0.1	0	489.44899276927526	12.245117696122445	12.39691943365692	0.1	1	0.08926917771267276	2.100376669378528	2.1264148697291465	0.9	0	NaN	NaN	NaN	NaN	9	287.7368139199151	287.0829373084174	94865.90315993925	1.1458948965775053	1012.0852645935012	0.02515980411590181	0.052693477822526556	0.00877022029457572	1161.9557482885111	1586.7970959692457	0.007653599226918736	73.2264856823907	424.84134768073454	282.33704529038516	1.5913425654995745	0.9668185058206457	0.32363477519977224	1.8899335045674768	4.517572530669143e-14	2.6089559900326435e-15	1.8899335045674768	4.292940076581848	300.71927073739084	31.280729262609132	9.860001927868595	NaN	0.20566893975703313	0.3709445650310813	-32.88361746073868	-0.08818981073060007	0.6149837950726759	0.09320921415084528	0	66.00909990818079	-10.01713557580374	22.6587879470614	56.42358579103457	86.04952844567258	120.68568715479171	180.80915116942998	0.048038826075667264	1.0089968669476743	24.029232126926654	1.0133060969973051	33.13682383763565	1.0909752332076497	1.0527979021007143	1.0909752332076497	0.7453615162834423	1.0909752332076497	-0.007987024615272285	1.1495908080478199	NaN	NaN	800000009	800000009	800000009	800000009	800000009	800000009	899999999	899999999	89999	89999	89	89	5	5	1	25	14	0	2	NaN	0	0	18000	0	0	0	0	0	0	NaN	NaN	NaN	NaN	0	0	0	0	0	0	0	0	16515	604	0	0	18000	18000	18000	18000	90	NaN	0.37268656255035704	0.30578421593653027	0.0634183515752753	0.06681166014003714	6.713058910274093	0.14410905565086823	9.384561234749397e-8	NaN	0.02071943964363306	0.026816650109888675	0.018985694165675714	-0.000007987024615272285	NaN	451.83056256845117	12.244974985222818	95268.54152539061	11.369999885559082	9.17748918000858	89.99728886858622	88.94898627641466	91.04559410858154	-2.0966064732538334	0.000278252240124857	-1	0	2.0896049659517075	62.0975623670949	1.000152485218313	-273.1499938964844	9.001141590807173	-273.1499938964844	067
DATA	2026-04-24T023000_AIU-0547.ghg	2026-04-24	03:00:00	114.124	0	18000	18000	0.07268442147199584	0	NaN	35.9631064325052	0	NaN	32.25947726137849	0	NaN	-7.567107202073598	0	NaN	0.7258694863908657	0	NaN	-0.005271744505504542	0	NaN	NaN	NaN	NaN	NaN	NaN	NaN	NaN	NaN	NaN	4.5094601503153044e-11	1.2275057254195432e-12	2.2295566703707686e-13	NaN	18.033272391317475	451.51406695035655	457.13246263128593	0.1	1	490.8779403859376	12.290520013804157	12.443456565766613	0.8	0	0.08915968077878159	2.1012061979811776	2.1273524660414758	0	1	NaN	NaN	NaN	NaN	9	288.1007773335774	287.43074055650493	94855.98055099827	1.1443688663239322	1012.1174136720535	0.025192920500168005	0.047036342718128094	0.008791167123398709	1166.142048766817	1622.9847825022553	0.007682109660706399	71.85169333312567	456.8427337354383	282.3904189661114	1.5385787178760169	1.0423716404453125	0.3448917961906204	1.890162283769625	-1.489721788657572e-14	2.5006333029641843e-15	1.890162283769625	4.060593111344131	297.88275408025424	34.117245919745784	10.513474943974852	NaN	0.25202153480331585	0.4106537635415905	-37.40180221535416	-0.07753637066209323	1.1148074762997089	0.12320337793989702	0	71.81674417379305	-10.89846799914538	24.652364288346526	61.38787275935259	93.62037930004418	131.30391312546786	196.71718856760728	0.07203635418913303	1.0089963920322966	37.42043727633603	1.0133060491361248	29.56932425124659	1.0909778318663634	-6.93607787532067	1.0909778318663634	0.665338437857259	1.0909778318663634	-0.018099217234160067	1.149591908196351	NaN	NaN	800000009	800000009	800000009	800000009	800000009	800011009	899999999	899999999	89999	89999	89	89	0	1	1	13	17	0	2	NaN	0	0	18000	0	0	0	0	0	0	NaN	NaN	NaN	NaN	0	0	0	0	0	0	0	0	15014	0	0	0	18000	18000	18000	18000	89	NaN	0.4283828871133769	0.31579912427331147	0.07712551569649262	0.18862902795932457	11.838858819457434	0.1721278593540575	1.323556935945716e-7	NaN	0.03230813784866365	-0.17691501933558415	0.016970449973902926	-0.000018099217234160067	NaN	451.51320713597863	12.29034993875392	95259.527421875	11.369999885559082	9.22941919594342	89.98682533306545	88.93895719740127	91.03469651328193	-2.095739101800654	0.00027836518508977156	-1	0	2.090413596457905	62.21613570775989	1.0001412651505734	-273.1499938964844	9.001008355935415	-273.1499938964844	020
DATA	2026-04-24T030000_AIU-0547.ghg	2026-04-24	03:30:00	114.145	0	18000	18000	0.10761708509879259	1	NaN	60.38465088906496	1	NaN	27.554080618642445	1	NaN	4.39638826947543	1	NaN	0.6201877872004584	1	NaN	-0.02628713010093908	1	NaN	NaN	NaN	NaN	NaN	NaN	NaN	NaN	NaN	NaN	2.7764327514834357e-11	7.499738089516904e-13	1.3758878636683933e-13	NaN	17.95220898841053	449.9751928888405	455.5118443376589	0.1	1	484.9275224455348	12.154791401459546	12.304348187003502	0.8	0	0.0889638924623529	2.0995888521434236	2.1254229244297473	0	1	NaN	NaN	NaN	NaN	9	288.43030669911707	287.7567330025567	94867.91173871528	1.1432751646283237	1012.048260683721	0.025218321288365854	0.0401881686105897	0.008685326128673135	1153.4089846581865	1657.5591782036854	0.007596881658403483	69.58478465354993	504.15019354549895	282.22754911973215	1.5870088564092133	0.9220271589814462	0.3735333728805277	1.87303453595397	2.9566363549835715e-14	1.5465688669710936e-15	1.87303453595397	4.328999863681017	301.844086664136	30.155913335864	11.50344464753223	NaN	0.30680697422124503	0.5554062003229419	-40.191814550205855	-0.07215399534592913	2.191495761546481	0.1701019686718776	0	82.26601430319059	-12.484185054823621	28.239260585871072	70.31975170361746	107.2420582577461	150.4085115457849	225.33935831487716	0.10665372742773083	1.0090325738658739	61.35443134054742	1.0133099289358023	25.25980839866244	1.0908269842657037	4.03032592050781	1.0908269842657037	0.5685482630574465	1.0908269842657037	-0.04488633897927891	1.149511062672223	NaN	NaN	800000009	800000009	800000009	800000009	800000009	800001019	899999999	899999999	89999	89999	89	89	5	3	1	22	46	0	0	NaN	0	0	18000	0	0	0	0	0	0	NaN	NaN	NaN	NaN	0	0	0	0	0	0	0	0	12227	0	0	0	18000	18000	18000	18000	90	NaN	0.6102757734764522	0.4191475037215055	0.08138912344792602	0.25490779799036245	12.474202546323694	0.17411719235629178	2.4532188822225207e-7	NaN	0.05302661970727016	0.10288898355140783	0.014514298356925089	-0.000044886338979278915	NaN	449.97354429812873	12.154619463924373	95270.64093532987	11.369999885559082	9.0668750735124	89.99715708944532	88.9545335667928	91.03978346231249	-2.0852419723073634	0.0002785533715763854	-1	0	2.0889301855696574	60.2831836455663	1.0001273944709037	-273.1499938964844	9.000916310310364	-273.1499938964844	170
DATA	2026-04-24T033000_AIU-0547.ghg	2026-04-24	04:00:00	114.166	0	18000	18000	0.14809786323579208	1	NaN	-100.84955188714453	1	NaN	137.6988094591654	0	NaN	29.048892396501998	0	NaN	3.1054076933212635	0	NaN	-0.041718483479866356	2	NaN	NaN	NaN	NaN	NaN	NaN	NaN	NaN	NaN	NaN	-3.212012077920505e-10	-8.12478731545409e-12	-1.616220280352728e-12	NaN	17.62931640622074	445.0433492192059	450.1104110649107	0.1	1	445.9337102185515	11.257375348676694	11.385546721672455	0.1	1	0.08870719665206134	2.1123504210805684	2.136400685492325	0	1	NaN	NaN	NaN	NaN	9	290.29854112582734	289.7935779741076	94881.20754861111	1.1357857029140894	1011.592262259709	0.02539326669132384	0.20123041852721787	0.007988649500074076	1068.3998770141764	1888.6016541659724	0.0070335887127101265	56.57094891648783	820.201777151796	281.0976790482991	0.909939910267323	-0.8512009962833677	0.3404580762620218	1.2916831957035997	4.29587668709313e-14	-1.8219719947774622e-14	1.2916831957035997	4.703920152882613	15.089735607039984	316.91026439296	15.282419391448162	NaN	0.3610989266381014	0.6867481375449108	39.23456760251851	0.07391441214236412	-0.7323923299209895	-0.24307812573136386	0	79.10543935120242	-12.004555612283212	27.154337480912655	67.6181397713148	103.12192959951422	144.62997251987036	216.68205386638067	0.1468469431753405	1.00851852979301	-92.17907146694083	1.015400652557692	122.7571355531995	1.1217173554810635	25.896802126275375	1.1217173554810635	2.768440443706487	1.1217173554810635	-0.01521078371093916	1.2154624571610502	NaN	NaN	800000009	800000009	800000009	800000009	800000009	800100009	899999999	899999999	89999	89999	89	89	19	4	7	0	0	1	0	NaN	0	0	6903	0	0	0	0	0	0	NaN	NaN	NaN	NaN	0	0	0	0	0	0	0	0	10924	0	0	0	18000	18000	18000	18000	92	NaN	0.42403340990365346	0.8251192226668427	0.12434364251932567	1.2220908519184377	79.44594270662297	0.5259013450702028	4.346283450717839e-7	NaN	-0.080228825197342	0.6650936197286753	0.07110036469869069	-0.000015210783710939161	NaN	445.0389991233374	11.256854801325265	95292.57192617911	11.369999885559082	7.919803701533192	90.01565321011013	88.99296209038629	91.03834692764283	-2.045378297679949	0.000280906616079543	-1	0	2.1025017043749505	62.030311757877186	1.0001636080344518	-273.1499938964844	9.001161955727472	-273.1499938964844	190
DATA	2026-04-24T040000_AIU-0547.ghg	2026-04-24	04:30:00	114.187	0	18000	18000	0.13589941689252355	0	NaN	-106.11093831393224	0	NaN	165.21353013412397	0	NaN	37.344974148209054	0	NaN	3.73049772452799	0	NaN	0.013131480622901441	0	NaN	NaN	NaN	NaN	NaN	NaN	NaN	NaN	NaN	NaN	-7.813906294002554e-11	-1.9216260957132758e-12	-4.0741305134691375e-13	NaN	17.21340270612141	441.29550344616587	446.13721196265595	0.1	1	423.318665358103	10.852509915481754	10.971579086304363	0.1	1	0.08974979551452827	2.1492875986135624	2.1728686774809645	-0.1	0	NaN	NaN	NaN	NaN	9	291.5639394641452	291.06639022996694	94894.31531597223	1.1311490990133208	1011.3966450415711	0.02550127434203251	0.24173625254941375	0.007668723900020176	1030.1177419694811	2046.9068430471489	0.0067795871531962084	50.325580056002245	1016.7891010776677	280.56275977790256	1.0111024597360216	-1.0222382004572466	0.29626671877463984	1.468016720344773	3.390539618302951e-14	-4.539431527517672e-15	1.468016720344773	5.3486758446416625	17.31378144296815	314.68621855703185	11.643072531006853	NaN	0.3466162103490533	0.9103301062467077	32.98194903565167	0.08792688378922846	-0.6422654260083241	-0.26759002654254205	0	62.33892371639255	-9.460172179069506	21.398935227152148	53.28637438361299	81.26508310320895	113.97543453354328	170.75596997467719	0.13474890573822831	1.0085381855087587	-95.81166793862583	1.016019653025946	146.38104252335432	1.1286538699692963	33.08806636105805	1.1286538699692963	3.3052628656024314	1.1286538699692963	0.032854390763152885	1.225028040051185	NaN	NaN	800000009	800000009	800000009	800000009	800000009	800001119	899999999	899999999	89999	89999	89	89	9	2	1	9	27	5	0	NaN	0	0	0	0	0	0	0	0	0	NaN	NaN	NaN	NaN	0	0	0	0	0	0	0	0	12229	0	0	0	18000	18000	18000	18000	88	NaN	0.7454362684900453	0.86740432348911	0.20781962051426014	0.6959722685837563	56.98211942586883	0.3931287184874362	9.706482160992761e-8	NaN	-0.08374850015937593	0.8530480534626707	0.08521344290468968	0.00003285439076315289	NaN	441.2905563455376	10.852119866791895	95303.87803407118	11.369999885559082	7.390153803931371	89.9736245856815	88.96946235275269	90.97778765551249	-2.008321417040296	0.0002847759128263635	-1	0	2.139622705479463	60.96825550407833	1.0001252758204937	-273.1499938964844	9.00104254574246	-273.1499938964844	144
DATA	2026-04-24T043000_AIU-0547.ghg	2026-04-24	05:00:00	114.208	0	18000	18000	0.12731842824760195	0	NaN	-35.740809398250335	0	NaN	81.50924966651048	0	NaN	19.802565817397088	0	NaN	1.8403467357694703	0	NaN	-0.004569849068280006	0	NaN	NaN	NaN	NaN	NaN	NaN	NaN	NaN	NaN	NaN	1.2755064399696365e-10	3.106368644165727e-12	6.635328298171872e-13	NaN	17.249503513478466	442.91921504829986	447.74901900178605	0.2	0	420.0944437644047	10.786855467051096	10.904480522389385	0.6	0	0.0897338619435927	2.148171252543701	2.1715959441258206	-0.1	0	NaN	NaN	NaN	NaN	9	291.48593770853677	290.998555084159	94899.2561182072	1.1314998971057701	1011.358767091896	0.02549400370384488	0.11925446847786167	0.007624504220865446	1023.9391468595189	2038.1856055499659	0.006738404696604868	50.23777736783831	1014.246458690447	280.47478727112684	1.2671552207432457	-1.2709464091784706	0.2997284631614624	1.8195670584206713	-5.23239446437859e-14	7.39445305757918e-15	1.8195670584206713	5.918786980318907	17.085583229830377	314.9144167701696	9.481268458879242	NaN	0.335442723036092	1.0145967515797045	88.75468948279199	0.03267432985118223	-0.43848777340585776	-0.09310783884250906	0	62.79709830465167	-9.529701940486703	21.55621173679304	53.67801513047774	81.86235995322401	114.81312380817104	172.01098115504124	0.1263911886670532	1.0073362675857993	-30.87813680421507	1.013668589185037	73.35012684686912	1.111235292567045	17.820317577973547	1.111235292567045	1.6561269679602397	1.111235292567045	0.0017324691685038872	1.190489413271673	NaN	NaN	800000009	800000009	800000009	800000019	800000019	800001119	899999999	899999999	89999	89999	89	89	9	6	1	8	31	7	9	NaN	0	0	0	0	0	0	0	0	0	NaN	NaN	NaN	NaN	0	3	0	0	0	0	0	0	11827	0	0	0	18000	18000	18000	18000	87	NaN	0.826407530555158	1.0116797333217245	0.19110623928252668	0.5486901177100558	90.05014255321261	0.2597844247175659	5.927897435141481e-8	NaN	-0.026983067802255612	0.4592666137898227	0.04268183332048105	0.0000017324691685038873	NaN	442.91176600392146	10.786580131440033	95301.76193207466	11.369999885559082	7.307544309722046	89.95285884348552	88.95302535353767	90.95268896696302	-1.999661478638649	0.00028555757368061075	-1	0	2.1385751458870046	61.02189635826035	1.0000954816473855	-311.1428704918722	9.000803264485466	-273.1499938964844	052
DATA	2026-04-24T050000_AIU-0547.ghg	2026-04-24	05:30:00	114.229	0	18000	18000	0.08711310809666871	0	NaN	-54.10826120278387	0	NaN	95.55698102922781	0	NaN	24.831871347665167	0	NaN	2.1573022262836976	0	NaN	0.004449446982225492	1	NaN	NaN	NaN	NaN	NaN	NaN	NaN	NaN	NaN	NaN	2.0377507456405763e-11	4.951936019676106e-13	1.0617955883485632e-13	NaN	17.255767633360627	443.07892665186444	447.90159804545885	0.1	1	419.3322341979474	10.767256501516187	10.88445219012576	0.1	1	0.08991334188377688	2.151419202228831	2.1748362216764097	0	1	NaN	NaN	NaN	NaN	9	291.3679044392903	290.89303051927357	94894.90112239584	1.1318668391313749	1011.3454985967311	0.025485928402179045	0.1397931842631836	0.007613062487656723	1022.0318167686999	2024.6835419734339	0.006726111433301811	50.47859557215238	1002.651725204734	280.447535584007	1.2754074092682626	-1.326291873522632	0.29702232469164813	1.863849901347701	-3.222117523650875e-14	1.1809099362818184e-15	1.863849901347701	6.711461832116755	18.120457466447363	313.87954253355264	9.169725522679034	NaN	0.2774240364982573	1.1134230877855593	33.16290390785278	0.0874471068051823	-0.5662407981080303	-0.17038235210294145	0	51.829224297920106	-7.865284745636457	17.791295510177182	44.30284139193416	67.5646284640262	94.76035209986405	141.96827504256754	0.08639215933276213	1.0083450716995006	-48.2524169369285	1.0163097606853315	84.28460950710911	1.1337417541356458	21.902581656787223	1.1337417541356458	1.9028162440117633	1.1337417541356458	0.01410103849369006	1.227654499347828	NaN	NaN	800000009	800000009	800000009	800000009	800000019	800111119	899999999	899999999	89999	89999	89	89	22	11	4	5	10	3	2	NaN	0	0	0	0	0	0	0	0	0	NaN	NaN	NaN	NaN	0	0	0	0	0	0	0	0	11124	0	0	0	18000	18000	18000	18000	87	NaN	0.7783691514048363	1.2372553609511985	0.2112216632150837	0.6954631930589541	96.9271161694422	0.2945243495778495	7.538626178489471e-8	NaN	-0.04215258275010387	0.5642850596748141	0.04902302361555873	0.000014101038493690062	NaN	443.0743059257618	10.766964557601513	95295.45444189453	11.369999885559082	7.278284892532539	89.95016805373298	88.95024632814196	90.95009162712097	-1.9998464799125988	0.00028534770546118836	-1	0	2.1418079732010766	59.53939236036937	1.0000987860510746	-292.2473696984161	9.000847874985801	-273.1499938964844	096
DATA	2026-04-24T053000_AIU-0547.ghg	2026-04-24	06:00:00	114.249	1	18000	18000	0.07746151499422939	1	NaN	-28.507759141428753	0	NaN	66.41222366294343	0	NaN	18.609230729883038	0	NaN	1.49879569809487	0	NaN	0.0005977551342235266	1	NaN	NaN	NaN	NaN	NaN	NaN	NaN	NaN	NaN	NaN	8.395848355204065e-12	2.0426064040800706e-13	4.354831181414084e-14	NaN	17.338280005598577	444.7630681499043	449.6282877463426	0.3	0	421.81897858144805	10.820537161538747	10.938901956667294	0.1	1	0.08993168909925343	2.148263792515922	2.171763439519312	0.9	0	NaN	NaN	NaN	NaN	9	290.9947295735676	290.524817515903	94903.48788216145	1.1333809954381264	1011.3665951908813	0.025451365241985303	0.09712196123654757	0.007661124703445641	1027.1821742448087	1978.181953968867	0.006759531644064767	51.925565905803154	950.9997797240583	280.52102058578714	1.4920951562095515	-1.3920757271302793	0.2923231085997984	2.0614741291296186	1.3041762759584903e-14	4.842376725080587e-16	2.0614741291296186	6.015842852546352	15.013850159727951	316.98614984027205	8.152188527638328	NaN	0.26142976365751913	1.033097696322152	52.67617264933475	0.05505335437533205	-0.429254699949694	-0.09513131923900435	0	49.176468339008416	-7.462718794473618	16.880690232542815	42.035305497057	64.10649315142048	89.91026815385423	134.70196549043524	0.0768717623885047	1.0076719017152764	-24.56320656256105	1.0149582353086857	59.12682413654853	1.1232164864727028	16.567804117906608	1.1232164864727028	1.3343782931833728	1.1232164864727028	0.005024083599900729	1.20722810903228	NaN	NaN	800000009	800000009	800000009	800000009	800000009	800101009	899999999	899999999	89999	89999	89	89	6	13	4	19	27	4	0	NaN	0	0	0	0	0	0	0	0	0	NaN	NaN	NaN	NaN	0	0	0	0	0	0	0	0	10363	0	0	0	18000	18000	18000	18000	87	NaN	0.9841114559371961	0.868187387630217	0.21389654907689107	0.76269955167383	87.89829669844345	0.22989629668853112	1.187451468096566e-7	NaN	-0.021428932125483042	0.4262871268562043	0.03433335429923582	0.000005024083599900729	NaN	444.7557802110765	10.820300890807417	95302.18909201388	11.369999885559082	7.354779682238914	89.96487986988491	88.96440068287319	90.96536541684469	-2.0009778347280287	0.0002854404666351103	-1	0	2.138630556762218	59.14678910403781	1.0001050832072893	-322.5286209699944	9.000883939027787	-273.1499938964844	245
DATA	2026-04-24T060000_AIU-0547.ghg	2026-04-24	06:30:00	114.27	1	18000	18000	0.08124477142102358	0	NaN	-32.966576722518646	0	NaN	58.153530097870885	0	NaN	17.962061084241444	0	NaN	1.3120184363895708	0	NaN	-0.005098074696255726	1	NaN	NaN	NaN	NaN	NaN	NaN	NaN	NaN	NaN	NaN	5.852211345090508e-11	1.421921067726428e-12	3.0195806189339646e-13	NaN	17.344681880064922	444.30048428569177	449.14915691570303	0.2	0	421.4264852031881	10.795239299361112	10.91304826688764	0.1	1	0.08949380355266233	2.134709160015954	2.1580053441149745	0	1	NaN	NaN	NaN	NaN	9	290.6720984547933	290.2128585917155	94912.7027250434	1.1347203675493953	1011.3455681160164	0.02542156778867999	0.08501879467804418	0.007652172246991089	1024.8801780016715	1939.5199896121562	0.00674366343094479	52.841949734512184	914.6398116104847	280.48821610790424	1.240801931609462	-1.4119274890594469	0.26595030967500255	1.8983830580427365	2.4016406791951796e-15	3.3740666940779902e-15	1.8983830580427365	6.172234254072055	20.69099287974018	311.3090071202598	8.05323181162486	NaN	0.26757977575648834	0.8926507522521245	48.84537585906349	0.05937102435996285	-0.5668886595024714	-0.10735743843608561	0	51.68846850185339	-7.843924510543997	17.742978600238523	44.182525454495185	67.38113906795228	94.50300561289544	141.58272311041878	0.08061533936712471	1.0078078447456806	-29.42358328587038	1.015050707549156	51.767755096742086	1.1233542963026937	15.989666967367413	1.1233542963026937	1.167947138946127	1.1233542963026937	0.0018009920647265158	1.2097595663303324	NaN	NaN	800000009	800000009	800000009	800000009	800000009	800000019	899999999	899999999	89999	89999	89	89	10	11	3	4	7	6	2	NaN	0	0	0	0	0	0	0	0	0	NaN	NaN	NaN	NaN	0	0	0	0	0	0	0	0	9498	0	0	0	18000	18000	18000	18000	88	NaN	0.7223033715255756	0.865160244793376	0.1978378881852975	0.6076378686161722	58.12028029125792	0.21383911057546143	5.711374668885803e-8	NaN	-0.02563935734360877	0.41091956769879917	0.030015155062970606	0.0000018009920647265158	NaN	444.29649716057315	10.79496600118053	95312.10255989584	11.369999885559082	7.32288149468104	89.99011742040847	88.98895080481635	90.9912731314765	-2.002324736813704	0.00028477282249756775	-1	0	2.1251262520419223	59.72699229318125	1.000137267722024	-273.1499938964844	9.001173806322946	-273.1499938964844	119
DATA	2026-04-24T063000_AIU-0547.ghg	2026-04-24	07:00:00	114.291	1	18000	18000	0.15102577273910497	0	NaN	-30.220227469801525	1	NaN	83.51862682175556	0	NaN	15.458643748760785	1	NaN	1.8836124087240007	0	NaN	-0.00999638841822451	2	NaN	NaN	NaN	NaN	NaN	NaN	NaN	NaN	NaN	NaN	1.3835185050544488e-10	3.4004190359822973e-12	7.071981906609083e-13	NaN	17.430939706196565	445.9756966322736	450.9183087360334	0.3	0	428.41855006252905	10.961214055855123	11.082693835299345	0.1	1	0.08909984923733605	2.121811155718884	2.1453265391340395	0	1	NaN	NaN	NaN	NaN	9	290.2767504170736	289.8408130772908	94929.37601627604	1.1363048981584687	1011.4292000838102	0.02538451869220584	0.12205808408531524	0.007781163120160099	1040.820324867898	1894.2787681946809	0.006847777504761702	54.94546749630938	853.4584433267828	280.7140504109445	1.2429137029092423	-1.2360299247183897	0.33015727651737115	1.78370633090666	4.141412502371796e-14	7.937142393778223e-15	1.78370633090666	5.50734619499852	16.8408957673513	315.1591042326487	10.666741534056017	NaN	0.3645676206887027	0.9003848529548731	134.78358858049074	0.021515972608699044	-0.36183817454634604	-0.0721255717232348	0	65.29068017285921	-9.908112609287615	22.412177699954878	55.80949140668037	85.112995762505	119.37218675040121	178.84128821254149	0.14995097400166688	1.0071676675966517	-25.323319214895676	1.0131030678392448	75.50164784519518	1.1061828344859173	13.974763725153057	1.1061828344859173	1.7028038674993384	1.1061828344859173	-0.0050125201748805	1.1824101748650988	NaN	NaN	800000009	800000009	800000009	800000009	800000009	800100019	899999999	899999999	89999	89999	89	89	1	10	3	0	4	0	0	NaN	0	0	0	0	0	0	0	0	0	NaN	NaN	NaN	NaN	0	0	0	0	0	0	0	0	9165	0	0	0	18000	18000	18000	18000	90	NaN	0.7558769240550456	0.8400997086535421	0.20479307320115875	0.8111607792949653	73.20036418590082	0.3103487977143622	1.6045007766359547e-7	NaN	-0.02203384363950996	0.3586752214668533	0.04370403437953298	-0.0000050125201748805005	NaN	445.96644396007457	10.960911295176729	95328.0753999566	11.369999885559082	7.544087856902009	89.99864034313626	88.99450619803535	91.00277131186591	-2.008276337060663	0.0002841263573403316	-1	0	2.112123695943091	59.485031190875716	1.000122379332781	-273.1499938964844	9.001037041266759	-273.1499938964844	206
DATA	2026-04-24T070000_AIU-0547.ghg	2026-04-24	07:30:00	114.312	1	18000	18000	0.14699447156958204	0	NaN	-56.21094539778838	0	NaN	104.91786527462004	0	NaN	21.804363104020663	0	NaN	2.367280993825613	0	NaN	0.004555610629457617	0	NaN	NaN	NaN	NaN	NaN	NaN	NaN	NaN	NaN	NaN	9.443612897920023e-11	2.2985536829616855e-12	4.870577380026811e-13	NaN	17.231713566244398	441.1047483327264	445.8920181491452	0.2	0	419.4159492725042	10.73638823204401	10.852909279516048	0.1	1	0.08887318362375539	2.1206394270873665	2.1436545344041105	0.5	0	NaN	NaN	NaN	NaN	9	290.75014950391983	290.3001059375339	94946.95364474827	1.1348140536173268	1011.3149904790506	0.025420037064013332	0.15339980839989972	0.007610914129240452	1019.6607956469893	1950.2654920938671	0.006706749978095483	52.28317886875232	930.6046964468778	280.4135961112532	1.317776256518013	-1.532992812994593	0.3170010775126672	2.0462382339502745	5.687786814853772e-14	5.480367847118428e-15	2.0462382339502745	5.7794755870430015	21.317310002196223	310.6826899978038	8.912095618340755	NaN	0.3599052219014255	1.2005259725332982	69.72515020843913	0.041591878846164186	-0.5357614287200522	-0.1360885514830725	0	57.82795535556944	-8.775615326887282	19.85046576360889	49.430466476042795	75.38458025099433	105.72794567039048	158.39972876843257	0.14590818029076302	1.007445033422076	-49.86426259939113	1.0143689353830887	93.82952043959031	1.1181754397025685	19.499948156454376	1.1181754397025685	2.1170926401811356	1.1181754397025685	0.014440694227920195	1.1991015574827812	NaN	NaN	800000009	800000009	800000009	800000009	800000009	800011119	899999999	899999999	89999	89999	89	89	1	3	3	2	11	9	0	NaN	0	0	0	0	0	0	0	0	0	NaN	NaN	NaN	NaN	0	0	0	0	0	0	0	0	11993	0	0	0	18000	18000	18000	18000	89	NaN	0.886925095279906	1.2437815888147694	0.2703452609719206	0.5825203334080455	51.74290777501471	0.24068449659413002	1.5712628718685643e-7	NaN	-0.04344884646987194	0.5010705357309592	0.05440079814040475	0.000014440694227920195	NaN	441.1016728816291	10.736119532308301	95350.31352669271	11.369999885559082	7.247492242548196	89.98911349805198	88.98676947551303	90.99145259857178	-2.0046885240938925	0.0002843811333004851	-1	0	2.111147884933154	59.54410077037635	1.000121411409643	-273.1499938964844	9.001048348850674	-273.1499938964844	179
DATA	2026-04-24T073000_AIU-0547.ghg	2026-04-24	08:00:00	114.333	1	18000	18000	0.07707593740758567	1	NaN	-27.19030485347614	1	NaN	85.8482188775569	1	NaN	12.473399365479738	1	NaN	1.9380105954241587	1	NaN	0.0035464644822478094	1	NaN	NaN	NaN	NaN	NaN	NaN	NaN	NaN	NaN	NaN	-3.530574866693336e-11	-8.531146840514615e-13	-1.8295997133976128e-13	NaN	17.038569455417125	437.03854626483763	441.703122597039	0.2	0	411.71351257199206	10.560433226678322	10.673146275236528	0.5	0	0.08829656067181262	2.111901130077671	2.134441759757827	-0.2	0	NaN	NaN	NaN	NaN	9	291.3050642123752	290.8363978508843	94950.90632009548	1.1328443273086497	1011.2298728117936	0.025465937139986006	0.12558308658348546	0.0074726882800042705	1002.9916757571511	2017.4696605270465	0.006596394667709975	49.715328829040644	1014.4779847698953	280.17300445570174	1.7902334023152096	-1.6467584421723818	0.2949896728322482	2.450258743216526	5.6080615266170166e-14	-2.07210756509306e-15	2.450258743216526	6.597638012250682	14.609613275991137	317.39038672400886	6.914682313798669	NaN	0.26084005946776306	1.1764472102836274	54.873172021752545	0.0528491409035074	-0.31672532300590844	-0.09099544671535664	0	42.97828480234368	-6.522120530039618	14.753054397338108	36.73719143375286	56.02653491397099	78.5780118395821	117.72418052418705	0.07649193109629002	1.0076348747237207	-22.199900540866405	1.0153186411446922	76.16550337301462	1.1271273092901646	11.066539922038762	1.1271273092901646	1.7194247530429083	1.1271273092901646	0.005977094803616448	1.2082008187651019	NaN	NaN	800000009	800000009	800000009	800000009	800011019	800011119	899999999	899999999	89999	89999	89	89	5	4	4	64	77	16	1	NaN	0	0	0	0	0	0	0	0	0	NaN	NaN	NaN	NaN	0	0	0	0	0	0	0	0	13960	0	0	0	18000	18000	18000	18000	87	NaN	0.9752585419034232	1.0794322387340336	0.298203639929798	0.3233385986679811	23.567754071920074	0.15093031265455695	7.155173077802642e-8	NaN	-0.0193789795227918	0.2848285295195606	0.04425423189893679	0.000005977094803616448	NaN	437.0288399735456	10.560215698119233	95355.12778211806	11.369999885559082	7.011708189381508	89.95048277028403	88.95084334670173	90.95011775567795	-1.9992751664519315	0.00028479297115053566	-1	0	2.102638863166173	59.639962988111705	1.0001269295447404	-273.1499938964844	9.001128357304466	-273.1499938964844	121
DATA	2026-04-24T080000_AIU-0547.ghg	2026-04-24	08:30:00	114.354	1	18000	18000	0.119815922044967	0	NaN	-9.259956061897652	2	NaN	73.52560530173503	0	NaN	4.191596855872751	1	NaN	1.660669014573122	0	NaN	-0.0004248962549684584	2	NaN	NaN	NaN	NaN	NaN	NaN	NaN	NaN	NaN	NaN	-2.4938406121946483e-10	-6.034217606153029e-12	-1.3098181473029297e-12	NaN	16.917225714250577	434.7821388599185	439.4047645757907	0.2	0	409.33739210526534	10.52019934361634	10.632050635735704	0.4	0	0.08885286868050918	2.1302687492377377	2.1529178744473585	-0.9	0	NaN	NaN	NaN	NaN	9	291.8143458650377	291.3607727550931	94957.02265646702	1.1308956125789436	1011.2197818236181	0.025510208691456576	0.1076113521443383	0.007431299277594245	999.2347696934845	2085.1341880643245	0.0065711628862433966	47.921844810433804	1085.89941837084	280.1182927785749	2.118325175727147	-1.0248616118693399	0.35449824154549214	2.3797713917226915	-2.4043736932845677e-15	-1.4741427786790774e-14	2.3797713917226915	6.579111666980345	357.81804544378434	334.18195455621566	8.566844343750777	NaN	0.3254962635170794	1.4311994973782647	313.11411178652236	0.009261799104018623	-0.12594192219018888	-0.02487681877803469	0	52.422877528701676	-7.955373913736382	17.99507745371343	44.81028724475932	68.33851540749403	95.84573954171972	143.59438321395473	0.11901398336619462	1.0067381887076654	-5.09132065075854	1.013013984838171	66.3933317735722	1.1074245460746983	3.7849954389488656	1.1074245460746983	1.4995775743452828	1.1074245460746983	-0.0021376462763582245	1.1773232427937819	NaN	NaN	800000009	800000009	800000009	800000009	800011019	800011119	899999999	899999999	89999	89999	89	89	3	0	1	44	61	20	2	NaN	0	0	0	0	0	0	0	0	0	NaN	NaN	NaN	NaN	0	0	0	0	0	0	0	0	15282	0	0	0	18000	18000	18000	18000	87	NaN	0.9122843316999643	1.6675115556693574	0.2826031073872077	0.13614772107354964	8.94271518480654	0.12402013018638358	7.8893973549516e-8	NaN	-0.004452073993411017	0.09758289037536352	0.038661371303350255	-0.0000021376462763582244	NaN	434.7770693121413	10.519946856269781	95361.0565108507	11.369999885559082	6.9582414725356685	89.9159698585934	88.91998061392043	90.91197591675652	-1.991967892997794	0.00028547248684076794	-1	0	2.1209683221843503	59.3467610075209	1.000105002656579	-281.34611924065564	9.000940034151077	-273.1499938964844	079
DATA	2026-04-24T083000_AIU-0547.ghg	2026-04-24	09:00:00	114.374	1	18000	18000	0.09583987158830827	0	NaN	-21.60207641452036	0	NaN	77.8484220866174	0	NaN	5.490919611871941	0	NaN	1.7598287021402976	0	NaN	0.013477599991308733	2	NaN	NaN	NaN	NaN	NaN	NaN	NaN	NaN	NaN	NaN	-3.2450382709199368e-12	-7.927114713896656e-14	-1.7105328915125724e-14	NaN	16.756308434740856	432.5037850102829	437.1221477844044	0.1	1	409.3300850531082	10.56538269115409	10.678201981542527	0.3	0	0.08832628254281981	2.1263970690792484	2.1491031664758364	0	1	NaN	NaN	NaN	NaN	9	292.4308059124417	292.2581871719361	94959.1484188368	1.1274289592124922	1011.2659613962142	0.025588209336400037	0.11403689989869129	0.0074404659135661804	1003.5488622416003	2205.5558798791662	0.006599498667094144	45.500949279806086	1202.007017637566	280.1811033368908	2.1652127467073927	-0.6799441285919552	0.3434438172668834	2.2953047536503153	-4.409248112440887e-14	-1.9366069105006439e-16	2.2953047536503153	5.887499298482843	349.43391027553025	342.5660897244697	8.605418658909262	NaN	0.2915603873969279	1.1721400080796018	96.46792279492578	0.030061806204378438	-0.27748894371275745	-0.06498489238166678	0	55.76008185748437	-8.461807545645858	19.14063170800695	47.66287931175017	72.68889829739946	101.94721340146508	152.73550288996117	0.09515936411859542	1.0071512401960225	-17.07416318533873	1.0139712671766732	69.79003783502432	1.1154661109461235	4.922533780263945	1.1154661109461235	1.5776621852255415	1.1154661109461235	0.013736138332042331	1.191402498872069	NaN	NaN	800000009	800000009	800000009	800000009	800011109	800011109	899999999	899999999	89999	89999	89	89	5	1	2	28	48	15	2	NaN	0	0	0	0	0	0	0	0	0	NaN	NaN	NaN	NaN	0	0	0	0	0	0	0	0	15119	0	0	0	18000	18000	18000	18000	87	NaN	0.7655027681832551	1.3844491551661222	0.1943280928098266	0.1251248947677244	3.2926000874272026	0.11661287316592155	1.7311613881435288e-7	NaN	-0.014975621414319818	0.1273042032471327	0.04080074133538983	0.00001373613833204233	NaN	432.5001460042756	10.565153265738605	95373.72665342882	11.369999885559082	7.023174641079369	89.7688860367669	88.77576641252304	90.76200521257186	-1.9862355726990428	0.00028692531272018736	-1	0	2.1170963873267166	59.17660585286881	1.0000996430201663	-282.2343692779541	9.001010295232136	-273.1499938964844	092
DATA	2026-04-24T090000_AIU-0547.ghg	2026-04-24	09:30:00	114.395	1	18000	18000	0.0775287082313791	0	NaN	-0.014378812950746216	2	NaN	11.294868181329843	2	NaN	0.3942798421191041	2	NaN	0.2554900029201688	2	NaN	0.004098819779001136	0	NaN	NaN	NaN	NaN	NaN	NaN	NaN	NaN	NaN	NaN	-6.118333094143099e-11	-1.5889244512604542e-12	-3.219113387597266e-13	NaN	16.680658274751867	432.17396825308623	437.07953520662033	0.1	1	433.19488148242635	11.223510959430078	11.350907999764921	0.1	1	0.08776398659561598	2.1197569246325556	2.1438180904659245	0.8	0	NaN	NaN	NaN	NaN	9	292.9960589294434	292.9070959133572	94941.52501150174	1.124441450134511	1011.645363064616	0.02564978385515331	0.01655575218922694	0.007884965896645496	1065.8630762878981	2296.383308361811	0.007012340122913701	46.414859070207285	1230.520232073913	281.062759507278	1.4434215508310249	-0.607608630761799	0.29538609519079884	1.5937085576765784	-3.135684192753682e-14	-3.6679206499925205e-15	1.5937085576765784	4.94628620551093	354.8286702423806	337.1713297576194	10.681253987648562	NaN	0.26258072957087725	0.9081486124310151	105865.68558565914	0.00002739320095984758	-0.0012730394653488796	-0.00004813877579716487	0	64.1266445270793	-9.73146570916225	22.012601930898242	54.81449124435662	83.59555773422336	117.24395833978765	175.6528142394501	0.07677853566868487	1.009770602632113	0.6273906371948278	1.013490448554755	10.375767496383597	1.088581464963107	0.3621959906624596	1.088581464963107	0.2346999385377443	1.088581464963107	0.0030781194472346146	1.148421402396046	NaN	NaN	800000009	800000009	800000009	800000009	800000009	800001009	899999999	899999999	89999	89999	89	89	10	3	1	12	15	8	1	NaN	0	0	0	0	0	0	0	0	0	NaN	NaN	NaN	NaN	0	0	0	0	0	0	0	0	9029	0	0	0	18000	18000	18000	18000	87	NaN	0.5175181167862554	1.1876529065290315	0.11112620154674314	0.4219489694443811	14.477909544801337	0.5527075778143945	1.2943776301309016e-7	NaN	0.000551534763506851	0.009395730241707628	0.006088353728633818	0.0000030781194472346147	NaN	432.17141556794127	11.222973584453285	95356.12275000001	11.369999885559082	7.8837537490261544	89.68317973645529	88.6930761964586	90.67328219731648	-1.9802029287748866	0.0002878301222194245	-1	0	2.1099298244714744	59.155000109248675	1.0000828733179303	-292.2877447001125	9.000836068047418	-273.1499938964844	136
DATA	2026-04-24T093000_AIU-0547.ghg	2026-04-24	10:00:00	114.416	1	18000	18000	0.11330876682411302	1	NaN	-10.134521594201107	1	NaN	110.34117566129223	1	NaN	1.6264481958797086	1	NaN	2.497686230074049	1	NaN	-0.003964403484274745	2	NaN	NaN	NaN	NaN	NaN	NaN	NaN	NaN	NaN	NaN	1.0737164557999491e-10	2.76258819483963e-12	5.69094381433274e-13	NaN	16.561572283454897	430.2743488098521	435.0910773992313	0.1	0	426.1162603135162	11.070621393045645	11.194552040349096	0.2	0	0.08778013676984447	2.127176344574526	2.150989130862865	0	1	NaN	NaN	NaN	NaN	9	293.83348659939224	293.6398375133938	94920.41106901041	1.121451213348633	1011.578705672173	0.025719669579932932	0.16185006770879837	0.007756421609568746	1051.1098068864844	2402.8650988177583	0.006916414657404678	43.74402072774058	1351.7552919312739	280.85821307976903	1.7880356993063204	0.04683169374064295	0.2961305810289669	1.812997018903514	7.499903232945544e-14	6.483179479720038e-15	1.812997018903514	5.987195483487493	330.49966917555446	1.5003308244457567	9.400675843473046	NaN	0.31786416078146373	1.2032659796054745	266.40278800288695	0.010885771961097393	-0.09184714168091201	-0.028104872841755866	0	68.48114384525049	-10.392277780460615	23.507360635430068	58.53665176764203	89.27208738645082	125.2053718897311	187.58046249675976	0.11253156504033462	1.0069065224810463	-3.822011613507872	1.0123855042814132	100.30116539397923	1.1000986402089765	1.4784566914570005	1.1000986402089765	2.2704202503146305	1.1000986402089765	-0.007380371429793483	1.1718007955366714	NaN	NaN	800000009	800000009	800000009	800000009	800000009	800100009	899999999	899999999	89999	89999	89	89	0	4	3	0	4	11	0	NaN	0	0	0	0	0	0	0	0	0	NaN	NaN	NaN	NaN	0	0	0	0	0	0	0	0	9017	0	0	0	18000	18000	18000	18000	87	NaN	1.2025049256565947	1.0658478344317104	0.13817919912264381	0.3229030675242191	6.8460281579035795	0.3014139385549867	3.182628494543987e-7	NaN	-0.0033690847710194645	0.038451210570677546	0.059048335763386355	-0.000007380371429793483	NaN	430.27343498399483	11.07018859834983	95331.22894140625	11.369999885559082	7.690602375904693	89.62683481068082	88.63873706690471	90.61493380758498	-1.9762038339873154	0.00028875576957297096	-1	0	2.1174439874158963	58.461831521616986	1.0000668940097093	-313.52499559191006	9.000719343715243	-273.1499938964844	215
DATA	2026-04-24T100000_AIU-0547.ghg	2026-04-24	10:30:00	114.437	1	18000	18000	0.05474801174634174	0	NaN	9.51296271310975	0	NaN	58.94492115477001	0	NaN	0.6909530984385452	0	NaN	1.337229501093083	0	NaN	0.001944615194789197	2	NaN	NaN	NaN	NaN	NaN	NaN	NaN	NaN	NaN	NaN	-3.3810592796159536e-10	-8.733431657620478e-12	-1.7922690017586155e-12	NaN	16.224549651982528	423.9124445244104	428.60561317822385	0.1	1	419.0875812664084	10.949853453883527	11.071080159203	0.4	0	0.08600487304098614	2.105994086235702	2.129309715579225	0.2	0	NaN	NaN	NaN	NaN	9	295.641818792555	295.9221787338257	94886.90786870659	1.1124601010243957	1011.5702542460836	0.025928729782166562	0.08665247167083177	0.007609950980147225	1039.2764359984328	2762.7161606499876	0.00684065071020497	37.617922926759185	1723.4397246515548	280.6923111025943	0.6774419372153168	0.11489140607166273	0.1932114311641827	0.7137634556488003	5.884984494284345e-14	-2.083915641506149e-14	0.7137634556488003	3.2184798187748407	322.37445652506347	9.625543474936505	15.70556358073937	NaN	0.221841071390136	0.47254372972995734	-96.45710275565962	-0.030065178376196277	0.16138731763050176	0.03810599854551307	0	58.721573562486064	-8.911225337387986	20.157215976599563	50.1943178788422	76.54950183639096	107.36176475754333	160.8474874818053	0.05385489790938874	1.0165837068051948	12.777190454819593	1.0172918920715708	54.230550276750485	1.0869320125641553	0.6356911844086129	1.0869320125641553	1.23027888187639	1.0869320125641553	-0.004826479431592698	1.1508412332036364	NaN	NaN	800000009	800000009	800000009	800000009	800011109	800011119	899999999	899999999	89999	89999	89	89	3	8	0	33	22	25	3	NaN	0	0	0	0	0	0	0	0	0	NaN	NaN	NaN	NaN	0	0	0	0	0	0	0	0	9161	0	0	0	18000	18000	18000	18000	87	NaN	0.4519930505843048	0.39424439065394234	0.09885001822166753	0.238845954899841	2.1464660893998113	0.09696296176271044	6.123130571980414e-7	NaN	0.01135415645837829	0.01666519534091608	0.0322528271480558	-0.000004826479431592698	NaN	423.9116652882019	10.94963692990799	95312.52042013888	11.369999885559082	7.537341784318289	89.49599899885388	88.51161341116162	90.48038521703083	-1.96877755223049	0.000290528568125511	-1	0	2.0965069308148467	58.9980599509841	1.0000562588241366	-284.3338693661132	9.000642061604394	-273.1499938964844	080
DATA	2026-04-24T103000_AIU-0547.ghg	2026-04-24	11:00:00	114.458	1	18000	18000	0.2034667686707313	0	NaN	25.833941619947538	0	NaN	113.86648334260472	1	NaN	3.0589104109958667	1	NaN	2.585902724558357	1	NaN	0.006096091485697566	2	NaN	NaN	NaN	NaN	NaN	NaN	NaN	NaN	NaN	NaN	-3.913577000518069e-10	-1.0326890098638882e-11	-2.067880151066834e-12	NaN	16.0705727319848	422.07757569954975	426.8314131295869	-0.1	0	424.05972439898494	11.13750601245915	11.262947154106014	0.2	0	0.08491469150689536	2.089849239975796	2.113387101525692	-0.7	0	NaN	NaN	NaN	NaN	9	296.60853287760415	297.0070355394152	94863.35959288196	1.108042666966413	1011.7027190014828	0.02603024501843578	0.1675664965513815	0.0077101795100698685	1056.8246438304363	2949.6742168904993	0.00695837781335507	35.828520918643164	1892.849573060063	280.93774500465673	0.45051117833458815	0.10971992747304593	0.19305879247003763	0.5022653498292318	3.317388410338124e-14	-2.435244260292596e-14	0.5022653498292318	4.694386705655597	318.3123485156965	13.687651484303485	22.605012774180537	NaN	0.4285174402755475	0.7089132550502404	-255.96933193578747	-0.011329482239409425	0.22687924366837287	0.05377900597760409	0	77.5858155654525	-11.773946840049577	26.632699810220068	66.31918821517141	101.14094651747706	141.85161558037112	212.51956888808962	0.1991470736965888	1.021690978902978	31.969313757388505	1.020572602519038	104.46667401464376	1.0899790236132467	2.806393833943403	1.0899790236132467	2.3724334767344137	1.0899790236132467	-0.009296451047090128	1.1552409712351268	NaN	NaN	800000009	800000009	800000009	800000009	800001019	800111119	899999999	899999999	89999	89999	89	89	6	3	1	25	20	13	0	NaN	0	0	0	0	0	0	0	0	0	NaN	NaN	NaN	NaN	0	0	0	0	0	0	0	0	5416	0	0	0	18000	18000	18000	18000	87	NaN	0.6839707496073717	0.5500461403337633	0.18380962015934588	0.11492074950791253	0.8596091852905048	0.24567713719022205	1.5585705358660012e-7	NaN	0.028518318357249352	0.07387411319590806	0.06245075694303792	-0.000009296451047090128	NaN	422.0768305979156	11.137192402724292	95275.45883984375	11.369999885559082	7.773663929833352	89.40889453718397	88.43261897362603	90.38517209943134	-1.952558746920691	0.00029192879295118887	-1	0	2.080329812539948	60.307480198930776	1.000036717777451	-273.1499938964844	9.000484727303187	-273.1499938964844	124
DATA	2026-04-24T110000_AIU-0547.ghg	2026-04-24	11:30:00	114.479	1	18000	18000	0.03890318405950591	1	NaN	-10.868054295431975	1	NaN	112.25880845903866	1	NaN	0.7235968361756433	1	NaN	2.5483142896191042	1	NaN	0.0035062485652255174	2	NaN	NaN	NaN	NaN	NaN	NaN	NaN	NaN	NaN	NaN	1.46632823210558e-10	3.846323310347001e-12	7.76342298080763e-13	NaN	16.040365593415604	421.6178169506593	426.33282367403865	0.1	0	420.7545809838852	11.059450414224651	11.183129682423255	0.2	0	0.08492514850488968	2.0859104983346084	2.1092375059434123	0	1	NaN	NaN	NaN	NaN	9	296.87105565473775	296.57078984239365	94846.81901367188	1.1095119606303547	1011.6479102342129	0.025996544453370008	0.16513076596731793	0.0076660688591295295	1049.2350625523895	2873.2072085801155	0.0069094062354894785	36.517904431643885	1823.972146027726	280.8320396487351	1.5862882754435457	0.3196030940055023	0.28991655670784633	1.643930728577398	-2.637762191883803e-14	9.14148884927842e-15	1.643930728577398	6.030426691632781	320.6086331930188	11.391366806981202	10.157561207516398	NaN	0.18725204949622695	1.1326949731646927	50.76171828266427	0.05712966578182962	-0.09681248576050532	-0.051708726572931636	1	17.213846232391706	8	16	31	57	120	479	0.038618939032528526	1.0073602495070608	-4.386443226019113	1.0132785797717494	101.42304425246432	1.1068373000084848	0.6537517629466375	1.1068373000084848	2.302338645074185	1.1068373000084848	-0.000439007614345001	1.1852299528002213	NaN	NaN	800000009	800000009	800000009	800000009	800010009	800010119	899999999	899999999	89999	89999	89	89	10	1	1	25	63	26	0	NaN	0	0	0	0	0	0	0	0	0	NaN	NaN	NaN	NaN	0	0	0	0	0	0	0	0	4584	0	0	0	18000	18000	18000	18000	87	NaN	1.1513467000684994	0.904150370463599	0.20989287579728702	0.06616683307311522	0.1772283688633039	0.11981432338146965	3.827262214145026e-8	NaN	-0.003907969229943157	0.01718539881482147	0.06052237265722706	-4.39007614345001e-7	NaN	421.6170070118498	11.059237559327336	95243.1018172743	11.369999885559082	7.67146249832048	89.40355043898688	88.42899931293064	90.37809980307685	-1.94909919694066	0.0002920968235929549	-1	0	2.0764999202754755	60.32183651934729	1.000038870851199	-273.1499938964844	9.000508644527859	-273.1499938964844	000
DATA	2026-04-24T113000_AIU-0547.ghg	2026-04-24	12:00:00	114.499	1	18000	18000	0.14832960859380856	0	NaN	23.033611712991856	0	NaN	69.61127978661158	0	NaN	0.487404506347476	1	NaN	1.5813021254712463	0	NaN	0.00825486761852019	2	NaN	NaN	NaN	NaN	NaN	NaN	NaN	NaN	NaN	NaN	1.3855983446622045e-10	3.700802417794535e-12	7.378640086728619e-13	NaN	16.004137557239247	421.3822835697527	426.17880805830634	0.1	1	427.4554108318206	11.25472312996233	11.382833772506274	0.2	0	0.0852258314166458	2.10039674647858	2.1243052135000586	0.6	0	NaN	NaN	NaN	NaN	9	297.39170451863606	297.28941991509333	94826.06751605903	1.1065057512104322	1011.7750239637006	0.026065240307002115	0.10246837773053676	0.007780864933071714	1067.5274115332531	3000.1134990724413	0.007031924528688663	35.582900842361646	1932.5860875391882	281.08567765419184	0.9532452395618628	0.5114679499379274	0.2625307934793684	1.1131928710183094	-2.4531789966360977e-14	8.657750782924562e-15	1.1131928710183094	4.804863453623508	303.7840206947325	28.21597930526751	13.640898727519556	NaN	0.36613149385388405	0.9253901937508253	-179.0243505938461	-0.016198913669455237	0.3308890711907575	0.05619366056985766	0	78.07358565172835	-11.847967832470975	26.800135496621156	66.73612674860951	101.77680408821088	142.74341486437342	213.8556467226314	0.1465545791860014	1.0121117294162085	26.824322157712555	1.0145985845804522	64.09044517864488	1.086141305347123	0.44874870695733743	1.086141305347123	1.4558898714986936	1.086141305347123	-0.0038105985055142118	1.1480806999549638	NaN	NaN	800000009	800000009	800000009	800000009	800000009	800000009	899999999	899999999	89999	89999	89	89	3	1	1	16	0	20	4	NaN	0	0	0	0	0	0	0	0	0	NaN	NaN	NaN	NaN	0	0	0	0	0	0	0	0	6445	0	0	0	18000	18000	18000	18000	87	NaN	1.1649350376622336	0.5537459272585271	0.13209942258089008	0.11591214365555905	0.2075415114325725	0.15299145623070545	1.42125402061395e-7	NaN	0.023960237922291395	0.011829921084821	0.038380193683002925	-0.0000038105985055142116	NaN	421.38190411925285	11.254382571322008	95232.14718359374	11.369999885559082	7.925161631160298	89.36261391766865	88.38857932387458	90.33664447720847	-1.9480536532501378	0.00029239750491493995	-1	0	2.0907649915080375	62.795219367620724	1.000024099967546	-273.1499938964844	9.000392105446922	-273.1499938964844	186
DATA	2026-04-24T120000_AIU-0547.ghg	2026-04-24	12:30:00	114.52	1	18000	18000	0.3118941090680772	1	NaN	-100.08868476923969	2	NaN	217.06891978423002	1	NaN	0.5059653977944033	2	NaN	4.934304602007478	1	NaN	0.1475777344424336	1	NaN	NaN	NaN	NaN	NaN	NaN	NaN	NaN	NaN	NaN	2.405296226940889e-9	6.299464338485598e-11	1.2765493239923972e-11	NaN	15.950190663948241	421.3497344125477	426.0512690437893	0.1	1	417.73506379036587	11.0351381930948	11.158271258427586	0.2	0	0.08465154886767864	2.0927636675005004	2.1161152921822524	-0.6	0	NaN	NaN	NaN	NaN	9	298.1091040361192	297.9847776268853	94796.19183854168	1.1036679056977945	1011.672976240007	0.026134440562860874	0.31974293821008454	0.007608855952680166	1046.3696794386065	3127.539214264946	0.006894153497984943	33.45664459348852	2081.1695348263397	280.79195602558985	-0.0017176384382589715	-0.0875447258970246	0.20380843669498036	0.2218217937495116	4.4611500723312906e-14	1.5080046863499326e-13	0.2218217937495116	4.475858503341467	63.12400612474141	268.8759938752586	66.75034181513108	NaN	0.5315992740867532	0.7102482134578594	126.07405983433975	0.02300235277431833	-0.46109173468375597	-0.16862503012050556	0	56.60381674480675	-8.589847569947057	19.43025859160283	48.38409120323095	73.78879193764368	103.48982987093086	155.04662346274583	0.3052520570769214	1.021759237447111	-86.0652749576413	1.019718271460923	196.66352040659075	1.1037579279342313	0.4584025038364679	1.1037579279342313	4.470459035562636	1.1037579279342313	0.14771281167652273	1.1879341123569294	NaN	NaN	800000009	800000009	800000009	800000009	800000009	810010109	899999999	899999999	89999	89999	89	89	4	3	1	15	6	22	11	NaN	0	0	0	0	0	0	0	0	0	NaN	NaN	NaN	NaN	0	0	0	0	0	0	0	0	5316	0	0	0	18000	18000	18000	18000	87	NaN	0.1858662492972439	0.6124136747213101	0.6222165028971647	0.14143331806998785	0.23749347691864578	0.1884585874951447	1.7866587106277885e-7	NaN	-0.07708136515737993	0.012113806375358882	0.11813695325080198	0.00014771281167652272	NaN	421.34960653925083	11.03484314234337	95204.26471744792	11.369999885559082	7.629674025853422	89.27088288328383	88.29528136698404	90.24648439831205	-1.951202653778924	0.0002934425554380545	-1	0	2.0833987731149888	60.51683826058705	1.0000609185645977	-368.83874791462193	9.00048219552305	-330.4421213022945	058
DATA	2026-04-24T123000_AIU-0547.ghg	2026-04-24	13:00:00	114.541	1	18000	18000	0.4344690242776446	0	NaN	33.677301426389974	1	NaN	75.4351572009535	0	NaN	-4.440193540727955	1	NaN	1.7152092740769431	0	NaN	-0.09292459130294187	1	NaN	NaN	NaN	NaN	NaN	NaN	NaN	NaN	NaN	NaN	-5.130188150109569e-10	-1.2968223275157664e-11	-2.716974483070983e-12	NaN	15.919700126961269	421.6864575913169	426.229854791229	0.1	1	402.42232775727774	10.65950014725621	10.77434932547773	0.1	0	0.08431156471750818	2.086704838607005	2.1091877254773213	-0.1	0	NaN	NaN	NaN	NaN	9	298.5326028052436	298.2575164727105	94765.68968901908	1.102461096283495	1011.4735914356058	0.026166780404294893	0.11114556096018591	0.0073407653894313925	1010.4258465489838	3178.7933495166762	0.006658525560836419	31.786459056944214	2168.3675029676924	280.2807371415763	-0.14951845477439885	-0.4431744272292037	0.14794016183812964	0.4905564521568855	1.1188466272578958e-13	-3.22254069435717e-14	0.4905564521568855	7.201846734551289	80.64339704820571	251.3566029517943	17.552299329663423	NaN	0.6277659744545748	1.445888055602627	-616.8650519013772	-0.0047011903025811945	0.44644039564570953	0.04810848603949589	0	87.37693782842626	-13.259787417847292	29.993675242835817	74.68849226209632	113.90466326039238	159.75290979536948	239.33896966505716	0.4250775764183172	1.0220934915891335	37.4830219302051	1.0208344948316037	69.19035824566886	1.0902553348995783	-4.072618035973137	1.0902553348995783	1.5732179602083107	1.0902553348995783	-0.09984822579095388	1.1556085179463338	NaN	NaN	800000009	800000009	800000009	800000009	800000009	810100109	899999999	899999999	89999	89999	89	89	38	15	4	19	9	36	1	NaN	0	0	0	0	0	0	0	0	0	NaN	NaN	NaN	NaN	0	0	0	0	0	0	0	0	4209	0	0	0	18000	18000	18000	18000	87	NaN	1.1722129006011242	1.4264802620957235	0.29308294850840594	0.2056546594950467	0.49459944962590824	0.11133508040589377	1.7441485719410874e-7	NaN	0.03361373529777997	-0.10771580646434638	0.04160970654041221	-0.00009984822579095388	NaN	421.6865661763516	10.659330097978206	95162.41228125	11.369999885559082	7.120508749802918	89.22343396928575	88.24896087370979	90.19790620803833	-1.9489431746138464	0.00029433760759356025	-1	0	2.07766652574804	61.58023795823342	1.000073032291399	-297.8191199323918	9.000527757485708	-273.1499938964844	164
DATA	2026-04-24T130000_AIU-0547.ghg	2026-04-24	13:30:00	114.562	1	18000	18000	0.2894032233776295	0	NaN	65.9890607856972	0	NaN	106.81530871180485	0	NaN	-0.5146843827098897	1	NaN	2.4300848310084384	0	NaN	0.025068062961701953	2	NaN	NaN	NaN	NaN	NaN	NaN	NaN	NaN	NaN	NaN	-6.422756779179876e-11	-1.6539206910327978e-12	-3.408607745327845e-13	NaN	15.874855647243333	421.380896030923	426.0034410947296	0.1	1	408.7925656354562	10.850957100083043	10.969992012802212	0.2	0	0.0842491126093437	2.0909643893545398	2.1139022520048125	-0.2	0	NaN	NaN	NaN	NaN	9	299.2590536634657	298.83739269796405	94718.10903014577	1.0996894376158985	1011.5953384206409	0.02623082437277252	0.1574694970493468	0.007454369238075319	1028.0578293655665	3290.2062620860893	0.0067786131093849735	31.245999413840607	2262.1484327205226	280.53348203715507	-0.9053276053677273	-0.730289695934527	0.1726900279488777	1.1759094177622518	-2.536309711156754e-14	-4.045867831431391e-15	1.1759094177622518	6.423760433592424	113.10834142071064	218.89165857928936	8.444804072300203	NaN	0.512999161351846	1.6303937045105936	-171.74223975626794	-0.016885770234018164	0.6177865474670892	0.11563210158297867	0	75.65074341108286	-11.48029217506783	25.968452158470296	64.66511764208688	98.61838452794107	138.3136865225737	207.2191064644259	0.2860598913142391	1.0116875247628399	71.52525899685006	1.0143683183146077	98.32821471430104	1.0863139234467298	-0.4737897320480478	1.0863139234467298	2.2370005378354185	1.0863139234467298	-0.0036748140569999505	1.1479693815831526	NaN	NaN	800000009	800000009	800000009	800000009	800000009	800000109	899999999	899999999	89999	89999	89	89	13	5	5	11	4	28	2	NaN	0	0	0	0	0	0	0	0	0	NaN	NaN	NaN	NaN	0	1	0	0	0	0	0	0	7285	0	0	0	18000	18000	18000	18000	87	NaN	1.6830423037806868	1.2971452984081315	0.2805998068323691	0.2654984398193991	0.3017320962022144	0.10791403783808833	2.761227482057663e-7	NaN	0.06429579431144158	-0.012564266134025831	0.059322244021263036	-0.0000036748140569999505	NaN	421.38058843018155	10.850704216032454	95117.44141579862	11.369999885559082	7.373758502589327	89.21261439189205	88.23850338935853	90.18671514956156	-1.9482120023369793	0.00029485784588743837	-1	0	2.0817543285753985	58.084203133477104	1.0000700863599776	-273.1499938964844	9.00052714061737	-273.1499938964844	164
DATA	2026-04-24T133000_AIU-0547.ghg	2026-04-24	14:00:00	114.583	1	18000	18000	0.3329728958147552	0	NaN	28.665951177397492	1	NaN	78.90602046199037	0	NaN	-1.15036663735184	1	NaN	1.7953761773689247	0	NaN	-0.022462265696615545	1	NaN	NaN	NaN	NaN	NaN	NaN	NaN	NaN	NaN	NaN	7.361803065062736e-11	1.869337149986919e-12	3.900336472970984e-13	NaN	15.882134788944724	422.4532429976745	427.03407772769333	0.1	1	403.28523215964384	10.727094086715761	10.843412391662179	0.1	0	0.08414469802912955	2.0896494751878785	2.112308406201361	-0.2	0	NaN	NaN	NaN	NaN	9	299.43214747195776	298.9733740217421	94680.02447113715	1.0987989762953463	1011.5309701591925	0.026253316319901344	0.11634037629350631	0.007362964602231891	1015.9139657235821	3316.82007030521	0.006700920515103209	30.629155160355108	2300.906104581628	280.35982069549425	-0.5016051414134244	-0.6382650665438192	0.201441797370574	0.8364023019997906	3.624917097216153e-14	4.635273005104552e-15	0.8364023019997906	5.284478938808203	100.1633958369153	231.8366041630847	13.93631136801931	NaN	0.5504847832323798	1.2577648157206898	-488.35629031365846	-0.005938287388777988	0.36329231926233185	0.046851511676844745	0	80.73540077974779	-12.251908547496411	27.71385049385592	69.01140628498544	105.24674894269666	147.61006186078598	221.14677074245	0.32812898843203325	1.0147622049666156	32.92348237352201	1.016157644586676	72.64201432645427	1.0862311734278947	-1.059044028097213	1.0862311734278947	1.6528490631539623	1.0862311734278947	-0.03428376816843903	1.1494927642018975	NaN	NaN	800000009	800000009	800000009	800000009	800000009	800000109	899999999	899999999	89999	89999	89	89	2	14	3	8	0	10	1	NaN	0	0	0	0	0	0	0	0	0	NaN	NaN	NaN	NaN	0	0	0	0	0	0	0	0	5448	0	0	0	18000	18000	18000	18000	87	NaN	0.9111469250625099	1.329771863568777	0.2746108428100925	0.26613946887344575	0.40722101064200034	0.1250951176985596	2.688391182731457e-7	NaN	0.0296215878374162	-0.028104983539175808	0.0438634225586891	-0.00003428376816843903	NaN	422.4531973527203	10.726876220224186	95082.90576388888	11.369999885559082	7.199646124309941	89.19831287869842	88.22480640029906	90.17181806530756	-1.9470060455699763	0.0002954886581962151	-1	0	2.0805409466240157	56.524185831652815	1.0000265054421293	-273.1499938964844	9.000326019128163	-273.1499938964844	150
DATA	2026-04-24T140000_AIU-0547.ghg	2026-04-24	14:30:00	114.604	1	18000	18000	0.31659114778006153	1	NaN	-77.64735113834205	2	NaN	63.55605464176362	1	NaN	-1.876313655606228	1	NaN	1.4456759021803698	1	NaN	-0.0027128010230644925	1	NaN	NaN	NaN	NaN	NaN	NaN	NaN	NaN	NaN	NaN	8.132248390897144e-10	2.050503441619839e-11	4.219485318463973e-12	NaN	15.899760262979823	422.16278878435276	426.7048966548557	0.1	1	400.90404981559834	10.644611547958965	10.759138396783456	0.6	0	0.08249724033495617	2.0458069848350373	2.0678181053179836	0	1	NaN	NaN	NaN	NaN	9	299.0819905751547	298.66219132826063	94655.72939171008	1.0996960284559076	1011.4767125096869	0.026232722252105174	0.09367979846128796	0.00731208532371714	1007.8437410808054	3256.191027386866	0.006649187715976478	30.951615940346493	2248.3472863060606	280.243397932047	-0.2915510117299197	-0.3919937502461547	0.2043577896685666	0.5295499965734846	-7.298962535231107e-14	5.1146987478998975e-14	0.5295499965734846	4.535683478368096	98.64055878859648	233.35944121140352	22.700146166051656	NaN	0.5365535286804592	0.7733184415098162	166.91310425182442	0.0173743099021436	-1.2217144625481335	-0.1301023210305561	0	91.99741095878797	-13.960962041279103	31.579734150192404	78.6380031996606	119.92791663934432	168.20060830199378	251.99516140019583	0.3128576039202393	1.011933684248167	-73.10137068799717	1.0147837744112762	57.91797367479867	1.0973459637697616	-1.7098651815881694	1.0973459637697616	1.3174294615473636	1.0973459637697616	0.016346508391654788	1.1782981134826032	NaN	NaN	800000009	800000009	800000009	800000009	800000019	800101119	899999999	899999999	89999	89999	89	89	12	10	4	21	25	16	5	NaN	0	0	0	0	0	0	0	0	0	NaN	NaN	NaN	NaN	0	0	0	0	0	0	0	0	9686	0	0	0	18000	18000	18000	18000	87	NaN	0.6466611651405315	0.7117520833794196	0.18822363449968135	0.26794399897999327	0.26465825174677915	0.2001712948191145	3.737662753540593e-8	NaN	-0.06571991231592893	-0.04533714413652048	0.03493169521844637	0.00001634650839165479	NaN	422.1635092923865	10.644347391248303	95038.37394314236	11.369999885559082	7.076425066471119	89.23423707877265	88.26002383804321	90.20844567955865	-1.9484195133546982	0.0002947969669346801	-1	0	2.036981974787183	57.30152084875104	1.0000368948893414	-273.1499938964844	9.00037266588211	-273.1499938964844	042
DATA	2026-04-24T143000_AIU-0547.ghg	2026-04-24	15:00:00	114.624	1	18000	18000	0.23988114862049761	1	NaN	-1.2480014754834354	2	NaN	189.58331562105639	1	NaN	0.22612451868216282	2	NaN	4.309802281946364	1	NaN	0.02792911177476253	1	NaN	NaN	NaN	NaN	NaN	NaN	NaN	NaN	NaN	NaN	2.8095272632662155e-10	6.818103759810268e-12	1.463361258160603e-12	NaN	15.942765133993719	421.88005689260535	426.2439852785061	0.1	0	386.895789633613	10.238099625146395	10.344002553815123	0.2	0	0.08303896940269491	2.0531988944423767	2.0744371890499793	0.4	0	NaN	NaN	NaN	NaN	9	298.5344650344849	298.053373072329	94642.22333089962	1.1019551333553135	1011.2358860348652	0.02618298320253323	0.2792751878701244	0.007046200846522438	969.2164235339885	3140.36160239588	0.006394271992787629	30.86321087337659	2171.1451788618915	279.6744958735176	0.527050892924623	-0.9812193793534083	0.23866865482351357	1.1390947462554968	-1.9657741818011767e-13	1.762258453695491e-14	1.1390947462554968	7.768453156371272	33.75803408647846	298.2419659135215	12.094508649872315	NaN	0.46656924048846976	1.434545718602451	6827.009128462145	0.00042478337811352175	-0.00658286554064689	-0.002400394426047418	0	88.23420643418929	-13.38988123613528	30.28794781402187	75.42127257254614	115.02219946948779	161.32027021850288	241.68716118937462	0.23705296618960459	1.0119305928812168	9.810055008864525	1.0144992818848224	174.53731389760515	1.0862050720700227	0.2081784779841146	1.0862050720700227	3.9677611463671485	1.0862050720700227	0.014513844999420645	1.1480274960979249	NaN	NaN	800000009	800000009	800000009	800000019	800101019	811111119	899999999	899999999	89999	89999	89	89	6	2	4	23	46	17	2	NaN	0	0	0	0	0	0	0	0	0	NaN	NaN	NaN	NaN	0	323	0	0	0	0	0	0	16310	0	0	0	18000	18000	18000	18000	87	NaN	1.152475146464196	1.5586273071892038	0.15798898355150245	0.08278041053421392	0.47023069180520377	0.6296579280549089	4.451527875254883e-8	NaN	0.008803493686949158	0.005507131274852199	0.10496273059489518	0.000014513844999420644	NaN	421.8786673008729	10.237382111409909	95026.64719422744	11.369999885559082	6.482327816963086	89.3035954890781	88.33041786236234	90.27677423180475	-1.946354930573039	0.0002942948554215642	-1	0	2.044034337554816	58.14691395671121	1.0000780564579699	-419.38825003729994	9.00056546318531	-343.806246863477	254
DATA	2026-04-24T150000_AIU-0547.ghg	2026-04-24	15:30:00	114.645	1	18000	18000	0.5654859831277932	1	NaN	625.033818909772	1	NaN	-1325.492776646515	1	NaN	-19.12849281030074	1	NaN	-30.027975907542142	1	NaN	NaN	NaN	NaN	NaN	NaN	NaN	NaN	NaN	NaN	NaN	NaN	NaN	-3.3475979272723814e-10	-9.666954326440342e-12	NaN	NaN	16.19583904399732	424.2828086547417	429.54566053785436	0.1	1	467.69187852936034	12.252136074481115	12.40411295428019	0.1	1	NaN	NaN	NaN	NaN	0	NaN	NaN	NaN	NaN	9	295.6149664187962	294.4693866979719	95152.09916678468	1.1205559661574827	1012.2270719838195	0.025829622807352744	-1.9458128388087308	0.008547685635663754	1161.592488530409	2527.911761748792	0.007628075610515704	45.95067383708153	1366.319273218383	282.3324058845823	0.7635566893862678	-0.2817127851938363	0.3122258037368481	0.8717028529075224	2.1237076367708196e-14	-2.0669493677841315e-14	0.8717028529075224	4.853952069863226	352.2514431901225	339.7485568098775	20.98841461225426	NaN	0.7103855945447293	1.5659404468644074	-48.311448077940675	-0.060027180210401494	-0.47154826485822277	0.7757072845296475	0	112.65700332847703	-17.096134888596897	38.671503667254036	96.29751202648049	146.85978184829918	205.9729321928216	308.58498560725127	0.5574966823242996	1.0143306696825258	541.3320917866922	1.015894366488321	-1220.390863397822	1.0861215176226962	-17.611742792988032	1.0861215176226962	-27.646976346870836	1.0861215176226962	NaN	1	NaN	NaN	800000009	800000019	800000009	800000019	800100019	800101019	899999999	899999999	89999	89999	89	89	9	1	2	6	24	1	0	NaN	0	0	0	0	0	0	0	0	0	NaN	NaN	NaN	NaN	0	16761	0	0	0	0	101	0	7643	0	0	21	18000	18000	18000	18000	87	NaN	1.4851372201669282	1.4479146119300104	0.19882906163187591	2.7299075892509697	7.983495500810188	7.5185795307995145	NaN	NaN	0.47725696328288814	-0.4605266650560338	-0.7229363933804825	NaN	NaN	424.281062506538	12.244881762882805	94993.08425651041	11.369999885559082	8.805266211462722	89.48965843497382	88.50193987147013	90.47737762324016	-1.975436754491592	0.0002913373359802383	-1	0	-0.47905709049044665	2.9474051209164944	1.0000330124050378	-273.1499938964844	9.000464908573363	-273.1499938964844	245
DATA	2026-04-24T153000_AIU-0547.ghg	2026-04-24	16:00:00	114.666	1	18000	18000	0.13444404571155574	0	NaN	-63.90188096694519	0	NaN	248.94189779485637	0	NaN	6.694142181827247	0	NaN	5.636905419525115	0	NaN	NaN	NaN	NaN	NaN	NaN	NaN	NaN	NaN	NaN	NaN	NaN	NaN	3.1891904945428566e-10	1.044075496588069e-11	NaN	NaN	16.175819112692174	420.79140482253496	426.6691334154996	0.1	1	529.5631101905602	13.775846745493789	13.96827151315851	0.1	1	NaN	NaN	NaN	NaN	0	NaN	NaN	NaN	NaN	9	295.2651605614557	293.97914452181834	95118.45376448288	1.1213881565453356	1013.0549302123808	0.025808183877612346	0.3652714711852274	0.009618683894392853	1304.954967604842	2452.7655509841074	0.008577479473320965	53.2034122495427	1147.8105833792654	284.0711381267282	1.9412258207136057	0.21615901805202384	0.406670092785067	1.9951097645132847	-8.695885251244316e-15	1.971578979911128e-14	1.9951097645132847	7.327119305359664	325.6461854960219	6.353814503978089	11.76121844469873	NaN	0.3462524092344379	1.31157188886672	54.71843396019817	0.052998592797985425	-0.2566939576382772	-0.16245454962935313	0	74.05680977063109	-11.238406595693935	25.421306319322017	63.302647139802396	96.54053104523406	135.39946746876686	202.85307528158341	0.13343875583627535	1.0075337173895256	-49.35854244540489	1.0145150143634707	222.42304815314142	1.119227075889439	5.981040242890368	1.119227075889439	5.036426960137218	1.119227075889439	NaN	1	NaN	NaN	800000009	800000009	800000009	800000019	800000009	800111019	899999999	899999999	89999	89999	89	89	1	0	1	0	25	0	1	NaN	0	0	653	0	0	0	0	0	0	NaN	NaN	NaN	NaN	0	6018	0	0	0	0	101	0	10793	0	0	16	18000	18000	18000	18000	87	NaN	1.1782670003572784	1.3100549631702918	0.13482181420586975	1.459099229380064	8.80002038078407	3.3995630060855206	NaN	NaN	-0.04344835788023268	0.1565069461327934	0.1317890819893606	NaN	NaN	420.790448999813	13.772579885839178	94983.44444574653	11.369999885559082	10.780151883390225	89.4510151354472	88.4465866394043	90.45544064161511	-2.008854637914232	0.0002890668327163434	-1	0	0.709227698759358	20.93940049978327	1.000052262690332	-297.77874493069015	9.000646862771776	-273.1499938964844	040
DATA	2026-04-24T160000_AIU-0547.ghg	2026-04-24	16:30:00	114.687	1	18000	18000	0.04793699898273855	1	NaN	15.67606377932048	2	NaN	-58.835185467495805	1	NaN	-3.611706979914128	1	NaN	-1.3326748272904674	1	NaN	NaN	NaN	NaN	NaN	NaN	NaN	NaN	NaN	NaN	NaN	NaN	NaN	-2.4543173207845953e-11	-8.144944850654692e-13	NaN	NaN	16.175633431638722	423.396040625108	429.4299186529784	0.1	1	536.8076943815317	14.050902756839244	14.251144198141017	0.1	1	NaN	NaN	NaN	NaN	0	NaN	NaN	NaN	NaN	9	295.6359585045709	294.322711448319	95118.45376448288	1.1199639488909807	1013.2151043283908	0.025840594140574498	-0.08635732880842228	0.009798430741920206	1330.89353564481	2505.0574868884555	0.008748880489968346	53.12826322791976	1174.1639512436454	284.367590895667	1.2808653047494094	-0.04645807031452366	0.33859902158111355	1.3256785351749956	-3.386871446468854e-14	-1.5172928659375246e-15	1.3256785351749956	3.3707561619288327	334.07725588021145	357.9227441197886	14.798214718381127	NaN	0.20688709406174172	0.4789854009727402	-47.58346450941266	-0.06094554126941178	-0.26644028832000377	0.06677254411983183	0	83.80578465769973	-12.717851146592432	28.767813921676677	71.6359242437216	109.2493044269022	153.2237028383946	229.5570278662256	0.04742266922846009	1.0108456517240871	12.139444740269282	1.0139407662134643	-54.12966579316692	1.0869305140790817	-3.3228499275082006	1.0869305140790817	-1.226090177824841	1.0869305140790817	NaN	1	NaN	NaN	800000009	800000009	800000009	800000019	800000009	800101019	899999999	899999999	89999	89999	89	89	2	1	3	0	15	1	6	NaN	0	0	0	0	0	0	0	0	0	NaN	NaN	NaN	NaN	0	6500	0	0	0	0	101	0	9224	0	0	21	18000	18000	18000	18000	87	NaN	0.2851238662829493	0.6375148833096265	0.03533205235290466	0.24397509518942054	14.411003040879768	1.919464589168107	NaN	NaN	0.010697766738651287	-0.08708287643126326	-0.032132495231036194	NaN	NaN	423.3911663932637	14.049056862346193	94952.00733984375	11.369999885559082	11.126443718115599	89.39639164458382	88.39770396974352	90.3950780491299	-1.9973722886575598	0.00029116359291947447	-1	0	1.3131769333181054	25.526492528677196	1.0000526523805326	-273.1499938964844	9.000589642339282	-273.1499938964844	210
DATA	2026-04-24T163000_AIU-0547.ghg	2026-04-24	17:00:00	114.708	1	18000	18000	0.10700159699376843	1	NaN	-4.840625524305772	2	NaN	32.858574033098975	2	NaN	-2.003232102169412	1	NaN	0.7434729630171891	2	NaN	NaN	NaN	NaN	NaN	NaN	NaN	NaN	NaN	NaN	NaN	NaN	NaN	6.251187551338735e-11	2.1556707721833392e-12	NaN	NaN	16.49884304136271	427.51188442784724	433.908739240125	0.1	1	568.9490745080806	14.74239680786366	14.962987101139605	0.1	1	NaN	NaN	NaN	NaN	0	NaN	NaN	NaN	NaN	9	294.5746345248752	293.20195036295013	95147.45771417874	1.12429717589927	1013.5714595580074	0.025739978453200984	0.048177048003513856	0.010320832067223885	1396.5088719951107	2337.788954232894	0.009179807873277596	59.73631064799651	941.2800822377833	285.09540132673357	0.8370748819301541	-0.754899148377835	0.2973312688750908	1.1657499584519726	6.218577482137091e-14	3.788864186214127e-15	1.1657499584519726	6.345614117385549	14.04508520639746	317.95491479360254	14.776890602046208	NaN	0.3084995748751792	0.727410751593011	511.0814412684722	0.005674242431504422	-0.14731696875919606	-0.013769286096994408	0	83.38212833975285	-12.653559665867457	28.622386417224345	71.27378919514739	108.69702562847789	152.44912397093526	228.39656757602174	0.1061626002722562	1.0079029405775726	-2.930286784842651	1.0123490032328308	30.039309695160487	1.0938525008247009	-1.8313548679178338	1.0938525008247009	0.6796830125237671	1.0938525008247009	NaN	1	NaN	NaN	800000009	800000019	800000009	800000019	800100009	800110019	899999999	899999999	89999	89999	89	89	2	11	4	11	0	0	0	NaN	0	0	263	0	0	0	0	0	0	NaN	NaN	NaN	NaN	0	15235	0	0	0	0	101	0	15217	0	0	21	18000	18000	18000	18000	87	NaN	0.4710499219854861	0.9042081036943312	0.07956347750620467	1.061338377800519	37.86288347186334	3.6464840772196685	NaN	NaN	-0.0025714295695547598	-0.04784121525758005	0.017755631024171842	NaN	NaN	427.5066200339849	14.738896114705957	94936.89260807291	11.369999885559082	11.793556546714735	89.51706014760335	88.50651572799683	90.52760307015313	-2.0210873900055875	0.00028811994042351026	-1	0	-1.3194331693941561	6.417715121316494	1.0000541258868243	-318.7064541428202	9.000596593989266	-273.1499938964844	003
DATA	2026-04-24T170000_AIU-0547.ghg	2026-04-24	17:30:00	114.729	1	18000	18000	0.36231278364689523	1	NaN	419.7361838207799	1	NaN	-333.6990242738035	2	NaN	-47.91092501071315	2	NaN	-7.5572453438956675	2	NaN	-0.0885970309436384	1	NaN	NaN	NaN	NaN	NaN	NaN	NaN	NaN	NaN	NaN	-8.159505110289788e-10	-2.8574407026501945e-11	-4.288571257321729e-12	NaN	16.360643443436143	424.8457638186789	431.26208324742953	0.3	0	572.9461268167664	14.878004995095711	15.102703087064505	0.1	1	0.08599024606814364	2.092568237738314	2.1241716745222976	-0.9	0	NaN	NaN	NaN	NaN	9	294.69587609693747	294.13588478589725	94538.24108324661	1.113440274283603	1013.7066891394335	0.025867265120329323	-0.4897094982844392	0.010364514893943537	1406.9177126431384	2477.379407061601	0.009308550385077597	56.790562988971956	1070.4616944184625	285.2080791638082	0.0602487080514889	0.05974157536586058	0.24491735153451488	0.259197746386356	8.624314523016628e-14	-4.987276410307301e-14	0.259197746386356	3.114535567575023	287.2421561871748	44.75784381282522	70.89238337553815	NaN	0.5704378913069773	0.49636378487859933	-37.0936289943378	-0.07818054147364967	-1.257828621867297	0.6519117449852677	0	75.01037955760414	-11.383114489762876	25.748635969715703	64.11774425153173	97.78360557015878	137.14289716483862	205.46505066078475	0.34952617416418447	1.0365826951680719	390.37360804698733	1.030385851069265	-302.9789072684024	1.1013935830793227	-43.500276147207764	1.1013935830793227	-6.86153021045102	1.1013935830793227	-0.18673127298594586	1.169588676710713	NaN	NaN	800000009	800000009	800000009	800000019	800100019	800101019	899999999	899999999	89999	89999	89	89	5	23	3	2	8	0	1	NaN	0	0	123	0	0	0	0	0	0	NaN	NaN	NaN	NaN	0	65	0	0	0	0	101	0	17007	0	0	16	18000	18000	18000	18000	87	NaN	0.10370138680622	0.5346207410824597	0.35440544186851897	0.856468286644255	20.591626487844337	1.1556831623584096	3.2949320634728844e-7	NaN	0.34586069533247565	-1.1422318658082655	-0.18017031496675517	-0.00018673127298594584	NaN	424.8426805341382	14.876893773967273	94951.10525173611	11.369999885559082	12.021787522845912	89.4509769337972	88.43401967366536	90.46793552822535	-2.0339145816498307	0.00028890909965977897	-1	0	2.07458334317354	61.7527730056546	1.0000577070547474	-292.97411972893667	9.000673199362225	-273.1499938964844	012
DATA	2026-04-24T173000_AIU-0547.ghg	2026-04-24	18:00:00	114.749	1	18000	18000	0.08640184343440993	1	NaN	9.808739400619277	0	NaN	27.341957623331794	0	NaN	-0.5760252621772436	0	NaN	0.6200485353186744	0	NaN	0.00221828166271697	2	NaN	NaN	NaN	NaN	NaN	NaN	NaN	NaN	NaN	NaN	1.0634076660049219e-10	3.4710326737791504e-12	5.681165153654465e-13	NaN	16.046045527097956	420.3441392453539	426.1916202265617	0.1	1	523.7534963307949	13.72030960650836	13.91117523776083	0.1	1	0.08572463563759945	2.0984943815860087	2.1276869046637086	0.4	0	NaN	NaN	NaN	NaN	9	295.830394900004	295.5335866775513	94543.52078624132	1.108724123204845	1013.0949938304732	0.025988732164866996	0.0401791450886501	0.009513353009181694	1297.5143276254448	2698.312908029776	0.008580450997749267	48.08613277445459	1400.798580404331	283.98514124957404	-0.19672095403706674	0.4699739669657579	0.2538506888965425	0.5692230104590323	3.490667691445369e-14	6.6272257810130175e-15	0.5692230104590323	2.956035509118609	219.2868671760997	112.7131328239003	26.48477511465233	NaN	0.27915779278191144	0.3411036186463864	-186.0086030561687	-0.015590676734044885	0.358743127896927	0.03128165877220277	0	65.16283707369571	-9.888711925767721	22.36829330100882	55.70021304834073	84.94633937098693	119.13844879166513	178.49110615772216	0.08473364147025363	1.0196875991071614	11.241182162834473	1.0192747299746125	25.115164356620387	1.088663296608068	-0.52911241149762	1.088663296608068	0.5695503258450527	1.088663296608068	-0.0026761789045745823	1.1534467811413156	NaN	NaN	800000009	800000009	800000009	800000009	800000019	800001119	899999999	899999999	89999	89999	89	89	25	10	1	12	37	5	2	NaN	0	0	0	0	0	0	0	0	0	NaN	NaN	NaN	NaN	0	0	0	0	0	0	0	0	14347	0	0	0	18000	18000	18000	18000	87	NaN	0.17731153167624394	0.38422923551936394	0.12066647009716497	0.11366373454486181	6.232719687707342	0.2949585923293387	1.0477124903281716e-7	NaN	0.010007793127894942	-0.013942304798230661	0.01500785857278843	-0.0000026761789045745823	NaN	420.34211555132106	13.72001494375277	94951.83987239582	11.369999885559082	10.822799249569615	89.41086223729451	88.40900290256076	90.41271898990206	-2.0037273960146638	0.0002905702127609402	-1	0	2.086761781401106	64.0549852451006	1.0000425534248352	-273.1499938964844	9.000569215986463	-273.1499938964844	169
DATA	2026-04-24T180000_AIU-0547.ghg	2026-04-24	18:30:00	114.77	1	18000	18000	0.09950395292922021	1	NaN	7.802613066996884	1	NaN	14.920942230933603	0	NaN	1.1753631623179535	0	NaN	0.33819489167902234	0	NaN	0.005703607489425681	2	NaN	NaN	NaN	NaN	NaN	NaN	NaN	NaN	NaN	NaN	2.0722252661392418e-10	7.036526219463071e-12	1.1123656743176753e-12	NaN	16.069724983763574	420.7318155514842	426.8297304943659	0.1	1	545.6696385064497	14.286528109977166	14.493591208187453	0.1	1	0.08626190771704757	2.1069739942302363	2.1375116139888917	0.6	0	NaN	NaN	NaN	NaN	9	295.61237131839323	294.99783629862475	94536.95998654515	1.1104215791049217	1013.397114177915	0.025943419497896178	0.021915028980800645	0.009923257840920326	1350.9672217563925	2611.672957499275	0.008936477845575708	51.72803960301248	1260.7057357428826	284.59354212931936	-0.04158928969875221	0.49748103782135167	0.23865242095805014	0.5533281395687408	1.7478753343514582e-14	1.2895213006028189e-14	0.5533281395687408	4.587262260850882	237.2211994452702	94.77880055472981	25.55031862768324	NaN	0.29934790326013444	0.3313258146199088	-288.3367816491502	-0.01005768318357918	0.5229303180881409	0.023163079299261514	0	76.12638225656346	-11.552472204895922	26.131723582472766	65.07168657335323	99.23842780108039	139.18330602934148	208.5219549509858	0.09754123808354799	1.0201218980221582	8.546959352440012	1.0195553054283593	13.702276907047722	1.0889388918464395	1.0793655834304625	1.0889388918464395	0.31057288357620166	1.0889388918464395	0.0019097784802438174	1.1538301119009036	NaN	NaN	800000009	800000009	800000009	800000009	800000019	810101119	899999999	899999999	89999	89999	89	89	14	13	7	2	7	4	1	NaN	0	0	0	0	0	0	0	0	0	NaN	NaN	NaN	NaN	0	0	0	0	0	0	0	0	13284	0	0	0	18000	18000	18000	18000	87	NaN	0.22834433426871045	0.340248043026191	0.09405925194491617	0.20050535069277142	15.049452183326597	0.35071040122145575	6.302715013326715e-8	NaN	0.00759528513494203	0.028408400400361307	0.008174133922342116	0.0000019097784802438174	NaN	420.7295735196688	14.286149179944054	94934.99996961806	11.369999885559082	11.428650085025378	89.40239780298869	88.40013210656907	90.40466446410285	-2.0045357261333203	0.00029104916683152433	-1	0	2.094683963927958	60.25832223699707	1.0000363665802612	-273.1499938964844	9.000543345504337	-273.1499938964844	110
DATA	2026-04-24T183000_AIU-0547.ghg	2026-04-24	19:00:00	114.791	0	18000	18000	0.03366871466288079	1	NaN	-78.60424448682471	1	NaN	367.27275860741446	1	NaN	50.59983767031835	1	NaN	8.317465135754206	1	NaN	0.03306876792775005	1	NaN	NaN	NaN	NaN	NaN	NaN	NaN	NaN	NaN	NaN	2.568309363358237e-10	9.212122631299612e-12	1.3666274257594107e-12	NaN	16.334016529429103	425.4071408344359	431.99887627017205	0.1	1	585.8755392848193	15.258686533280944	15.495121738686588	0.1	1	0.0869152107623716	2.1152707850955865	2.14804716342093	0	1	NaN	NaN	NaN	NaN	9	294.9056189778645	294.12085583157	94534.35967230903	1.1132902676811434	1013.9192603241291	0.025867005434426778	0.5389717407968726	0.010629817074802296	1442.8570882150489	2475.0924744190725	0.009548109224868186	58.29507798708415	1032.2353862040236	285.59157222599237	-0.028395140791990556	0.07346656314618695	0.2305061948723221	0.24359130894930386	2.278374775358143e-14	1.572368534543171e-14	0.24359130894930386	1.1271321508375947	220.86826977471304	111.13173022528694	71.13490365225267	NaN	0.17390379613118712	0.07637678715092663	5.612382748264687	0.5167145809677114	-0.21402143950144267	-0.40042865652776594	1	0.2933968778252041	1	1	1	4	NaN	NaN	0.033006790421153974	1.0200541837991792	-57.697853066333586	1.0331104672353273	299.9766403970643	1.224337862179114	41.32832875090477	1.224337862179114	6.7934394522036	1.224337862179114	0.02577545836708481	1.4137527169129902	NaN	NaN	800000009	800000009	800000009	800000009	800000019	800100019	899999999	899999999	89999	89999	89	89	11	0	0	0	1	0	0	NaN	0	0	70	0	0	0	0	0	0	NaN	NaN	NaN	NaN	0	0	0	0	0	0	0	0	17206	0	0	0	18000	18000	18000	18000	87	NaN	0.018263948945826038	0.05655078708481534	0.0779388382712119	0.13210162600140027	47.0686605507602	1.2148064802837248	4.500658424424865e-7	NaN	-0.051114941480330314	1.085609523186578	0.17844957169583547	0.00002577545836708481	NaN	425.4010175909166	15.25751992083713	94931.53906847692	11.369999885559082	12.403450357013432	89.39973932054309	88.38941094377307	90.41007051743401	-2.020662115156649	0.0002895701679937905	-1	0	2.1020576843288215	62.44532968789571	1.0000447521524296	-273.1499938964844	9.000594577948252	-273.1499938964844	039
DATA	2026-04-24T190000_AIU-0547.ghg	2026-04-24	19:30:00	114.812	0	18000	18000	0.03461919459691881	1	NaN	20.716866324872704	1	NaN	19.968574310083344	1	NaN	-8.789356295236052	1	NaN	0.45181971467347437	1	NaN	0.029106025412900645	1	NaN	NaN	NaN	NaN	NaN	NaN	NaN	NaN	NaN	NaN	-5.295525934382734e-10	-1.9631985133828385e-11	-2.733723012650068e-12	NaN	16.821504573561125	435.22596991938667	442.3635209308203	0	0	623.6198855577358	16.135035267860324	16.399644103856403	0.1	1	0.08683808696237202	2.1053182424679533	2.1398447123697846	-0.3	0	NaN	NaN	NaN	NaN	9	294.0976565365262	293.20588416459816	94532.85782921007	1.1163744267781834	1014.3898447268966	0.025786946220843335	0.029277917510841137	0.011275214134256632	1525.7001382088192	2339.293744733687	0.010099849892474245	65.22054537372817	813.5936065248679	286.4445052971242	0.2832133978667193	0.12368696104844507	0.23008709646949002	0.3852899752476758	-2.0803108043469198e-14	-3.1480691344969666e-14	0.3852899752476758	1.138615569030473	308.40780309022546	23.59219690977458	36.668127106977224	NaN	0.17609764184328397	0.05168143174071696	-22.11334642531895	-0.13114252109213143	1.0374734822411182	0.10388569542889459	1	1.7520293487760812	1	1	3	4	7	20	0.0337184688871242	1.0267131260559272	21.477451360864514	1.023858699621386	18.25918612180658	1.0936179836753663	-8.03695296386523	1.0936179836753663	0.4131421770836517	1.0936179836753663	0.019080886448220792	1.1599390637452072	NaN	NaN	800000009	800000009	800000009	800000009	800000019	800100019	899999999	899999999	89999	89999	89	89	0	0	0	4	7	1	4	NaN	0	0	0	0	0	0	0	0	0	NaN	NaN	NaN	NaN	0	0	0	0	0	0	0	0	17901	0	0	0	18000	18000	18000	18000	87	NaN	0.047237219499758835	0.03286456126734707	0.02326108271432801	0.04654573021182553	15.395605134670426	0.4420802296386483	3.452231814933164e-7	NaN	0.018965660498709166	-0.21064820171894322	0.010828439216728476	0.000019080886448220793	NaN	435.2248736693661	16.13460725381295	94927.04748524305	11.369999885559082	13.278558028539031	89.3931851556566	88.37091750484043	90.41545117971631	-2.044530333711041	0.0002876466790847999	-1	0	2.0913845859766007	62.06226372601511	1.0000502874006827	-273.1499938964844	9.000604649649725	-273.1499938964844	202
DATA	2026-04-24T193000_AIU-0547.ghg	2026-04-24	20:00:00	114.833	0	18000	18000	0.01620029690380436	1	NaN	10.185034175745	1	NaN	23.51654555480321	1	NaN	4.603623775978265	2	NaN	0.5316506486898738	1	NaN	0.0027720708637174072	1	NaN	NaN	NaN	NaN	NaN	NaN	NaN	NaN	NaN	NaN	1.1254661891059569e-10	4.040581539956267e-12	5.821845637783276e-13	NaN	16.80677172283861	428.2966025431165	434.9851291982252	-0.1	0	603.3866874624288	15.376449000537491	15.616576492537995	0.1	1	0.08693857850812393	2.098711711186086	2.1314864031596086	0.7	0	NaN	NaN	NaN	NaN	9	293.310066965739	292.33507506900366	94530.26170095486	1.1199922799702995	1013.9449621027721	0.025711066174898215	0.03445096203510382	0.010776823250049172	1453.9296447026268	2216.1509095080573	0.009622229941026877	65.60607576247463	762.2212648054306	285.70802913504787	0.6948810065553921	0.42691751803057026	0.26827617006187265	0.8585396227873713	-2.0938146163804748e-14	6.696504288069601e-15	0.8585396227873713	1.9226095796628613	300.43447416292685	31.565525837073135	18.20873007433637	NaN	0.12026907545217658	0.06124970499485813	-14.326616429304979	-0.20242043990708602	0.43310077800371183	0.0745725694641976	1	13.679422878047557	6	11	19	30	50	124	0.015968946017050567	1.0144875489281993	11.418601124330056	1.015989786022276	21.65111770697905	1.0861585010561765	4.238445651810228	1.0861585010561765	0.4894779612486562	1.0861585010561765	-0.002062965462523369	1.149307965997662	NaN	NaN	800000009	800000009	800000009	800000009	800000019	800000019	899999999	899999999	89999	89999	89	89	0	4	1	0	11	0	1	NaN	0	0	1025	0	0	0	0	0	0	NaN	NaN	NaN	NaN	0	0	0	0	0	0	0	0	18000	0	0	0	18000	18000	18000	18000	87	NaN	0.06795687109705191	0.04063355220100919	0.013908986691655162	0.07831563458277523	18.674180877012148	0.13550717229821174	2.2548468366054551e-7	NaN	0.010055032798646548	0.11067723600329846	0.012781588413760436	-0.000002062965462523369	NaN	428.2933792630546	15.3763138989726	94920.21760503472	11.369999885559082	12.548961838616188	89.43815829616123	88.41059438578287	90.46571912659539	-2.0551364253362028	0.00028313220896072596	-1	0	2.0854671430985134	59.00748613149145	1.0000537469287714	-314.93812065124644	9.000617515828875	-273.1499938964844	217
DATA	2026-04-24T200000_AIU-0547.ghg	2026-04-24	20:30:00	114.854	0	18000	18000	0.04535380054464901	1	NaN	7.526984334086251	1	NaN	42.61671220528306	1	NaN	-0.12566729622994297	1	NaN	0.9625587351893337	1	NaN	0.005517535212330166	2	NaN	NaN	NaN	NaN	NaN	NaN	NaN	NaN	NaN	NaN	-8.682440785725646e-11	-3.133306335611108e-12	-4.553348798765027e-13	NaN	16.842637479771383	429.26506262287614	436.019552178592	0.1	1	607.8145999052524	15.491253825583623	15.735008841495024	0.1	1	0.08832816143432225	2.1228707607955344	2.156274150986003	0	1	NaN	NaN	NaN	NaN	9	292.34558971150705	291.36751361338304	94558.05424956598	1.1239928027011021	1013.9887313619898	0.02561843649815569	0.06237380604026882	0.010896543149308508	1465.215742848275	2086.016804535843	0.009694495483532177	70.23988204037015	620.8010616875681	285.8259317618299	0.7713485112787494	0.2313693242475432	0.30992867171729255	0.8628824204995568	-1.9038401319954663e-14	-5.155036315513868e-15	0.8628824204995568	2.2794041627646937	315.30315654919326	16.696843450806732	21.049743386264264	NaN	0.20087462441326626	0.13823036183399248	-90.3419301797832	-0.03210026611374044	0.1766204839507341	0.03287753701968963	0	92.52092447389612	-14.040407236924832	31.759439399055918	79.08549467846517	120.61036937953703	169.1577579736835	253.42914602389308	0.044708430295702116	1.0144350907575688	9.871877609525434	1.0159579664422693	39.23663159885802	1.086146044364405	-0.11570018312176555	1.086146044364405	0.8862148328796865	1.086146044364405	0.00004086389061164544	1.1492735340018267	NaN	NaN	800000009	800000009	800000009	800000009	800001019	800101019	899999999	899999999	89999	89999	89	89	1	4	1	6	12	0	8	NaN	0	0	17834	0	0	0	0	0	0	NaN	NaN	NaN	NaN	0	0	0	0	0	0	0	0	18000	0	0	0	18000	18000	18000	18000	87	NaN	0.1299501761046525	0.12050073010343691	0.02600981745989554	0.08043222769130406	13.721797497162301	0.13192124902724878	6.211895866376467e-7	NaN	0.008661699315522606	-0.0030107099771800624	0.02306077455787452	4.0863890611645435e-8	NaN	429.263986215041	15.491120775511982	94949.41303993056	11.369999885559082	12.667119365533203	89.43464623875089	88.3905164182451	90.47877980634901	-2.0882630362312016	0.0002835542621129813	-1	0	2.1092685706264436	58.164353644618274	1.0000619856582749	-273.3518689049614	9.000750814967684	-273.1499938964844	198
DATA	2026-04-24T203000_AIU-0547.ghg	2026-04-24	21:00:00	114.874	0	18000	18000	0.0305011593322712	1	NaN	5.464626202264997	1	NaN	29.676201707599354	1	NaN	1.0421416513015453	1	NaN	0.669695242529253	1	NaN	-0.001719121862874387	1	NaN	NaN	NaN	NaN	NaN	NaN	NaN	NaN	NaN	NaN	4.398848821552823e-11	1.5593075320187248e-12	2.2596682139094824e-13	NaN	17.016885611378306	432.3520663133409	439.0814512244226	-0.1	0	603.215954485937	15.326051447439037	15.56459523476562	0.1	1	0.08741495121942196	2.09206780014989	2.1246299886629094	0	0	NaN	NaN	NaN	NaN	9	291.4119974077014	290.4638563083523	94573.51592369408	1.1277448582750234	1013.8772731808722	0.025534807263548266	0.0433962517158956	0.010815646617746377	1449.8273671647287	1970.5741884332704	0.009590508472182067	73.57385353339231	520.7468212685417	285.6649742339292	0.9920287171987318	0.47332097137308327	0.3076484462871836	1.141403208420001	-1.5671043395904517e-14	2.5849905335272055e-15	1.141403208420001	2.296453990413654	306.49305813989736	25.506941860102653	15.636615856322788	NaN	0.16445714464256214	0.13918516051501728	-68.29095221658807	-0.04246536189453779	0.18414169899868416	0.029061061312974392	1	14.176186919137757	6	12	22	36	64	187	0.030142020727513742	1.0119148814873462	7.095370095698028	1.014490713387271	27.320792989955137	1.0862130436151767	0.9594265668482942	1.0862130436151767	0.6165413373239813	1.0862130436151767	-0.005157296528320637	1.1480233870401408	NaN	NaN	800000009	800000009	800000009	800000019	800000019	800000019	899999999	899999999	89999	89999	89	89	5	0	2	26	24	0	3	NaN	0	0	18000	0	0	0	0	0	0	NaN	NaN	NaN	NaN	0	5	0	0	0	0	0	0	17901	0	0	0	18000	18000	18000	18000	87	NaN	0.10710919616488154	0.14201343529837052	0.02924768956678249	0.08725813143645961	2.5181095185080418	0.11868732928513381	2.9554485284347264e-7	NaN	0.006205528998720231	0.02488018982094766	0.015988368505858882	-0.0000051572965283206365	NaN	432.35194705980285	15.325932261983414	94965.56699001737	11.369999885559082	12.506498530334907	89.44996564526028	88.39458721669516	90.50534465111626	-2.1107567097213535	0.0002825236682094531	-1	0	2.0787490177551917	55.781803771367784	1.000085320075353	-273.1499938964844	9.000932657586203	-273.1499938964844	020
DATA	2026-04-24T210000_AIU-0547.ghg	2026-04-24	21:30:00	114.895	0	18000	18000	0.03436199724051319	1	NaN	16.814109264703813	1	NaN	19.537657787274654	1	NaN	-0.5915224732423134	2	NaN	0.4405978823153788	1	NaN	0.010104333436368428	2	NaN	NaN	NaN	NaN	NaN	NaN	NaN	NaN	NaN	NaN	-2.7972047971766316e-10	-9.589436544909734e-12	-1.40964852464197e-12	NaN	17.23778842172207	436.6133364484961	443.2479023374152	0.1	1	590.9495022013773	14.968070585179234	15.195518173782789	0.1	1	0.08686966017396171	2.0718542767373793	2.103337176052972	0.3	0	NaN	NaN	NaN	NaN	9	290.63845082007515	289.7492721650866	94605.06449153645	1.1310572247423907	1013.6618082914546	0.02546349354263208	0.028550742774036544	0.010592601369280606	1416.4351248642456	1883.2901748310296	0.009365221438458318	75.2106682121532	466.855049966784	285.3104668777712	0.8942521712551073	0.07678215851550868	0.28847460316208967	0.942761922401587	-2.770152665596233e-14	-1.6227167480787472e-14	0.942761922401587	2.2244096702841794	327.09251369547326	4.907486304526801	17.81766325120799	NaN	0.17429980860305158	0.1444535372883099	-26.427282220335478	-0.10973508270057693	0.8606000497999943	0.08413937719174844	1	9.382683192855525	4	8	14	22	38	102	0.033902320573100934	1.013558855548578	17.74179285003315	1.0154308624157797	17.990458844684003	1.0860010829044437	-0.5446794506505671	1.0860010829044437	0.4057066694049941	1.0860010829044437	0.003023112301442338	1.1487370173481857	NaN	NaN	800000009	800000009	800000009	800000009	800000019	800000019	899999999	899999999	89999	89999	89	89	1	0	2	22	7	0	4	NaN	0	0	18000	0	0	0	0	0	0	NaN	NaN	NaN	NaN	0	0	0	0	0	0	0	0	17901	0	0	0	18000	18000	18000	18000	87	NaN	0.11296067689864533	0.15203582840588525	0.023910569272089243	0.05932865958666322	4.755390631036442	0.10865620860564838	1.7833045653931474e-7	NaN	0.015474614618345046	-0.014080252419097668	0.01048773238371808	0.0000030231123014423383	NaN	436.61283414094555	14.967960661269199	94998.87726089892	11.369999885559082	12.152489185227282	89.48180633502537	88.42146124415927	90.54215104654101	-2.1206826123661457	0.0002814572970059494	-1	0	2.0590350695384867	51.1279212575666	1.000098392619027	-298.78811997307315	9.000893047067855	-273.1499938964844	017
DATA	2026-04-24T213000_AIU-0547.ghg	2026-04-24	22:00:00	114.916	0	18000	18000	0.010076836097007779	1	NaN	11.382279381875898	0	NaN	22.982160149927537	1	NaN	-0.4335384845733085	0	NaN	0.5179199651097293	1	NaN	0.0026299208293326577	1	NaN	NaN	NaN	NaN	NaN	NaN	NaN	NaN	NaN	NaN	-4.359208590554002e-11	-1.4659411965395998e-12	-2.1686227080889545e-13	NaN	17.43432451800069	440.36356980166835	446.9828558404204	0.1	1	586.2920760469858	14.80881414636472	15.031411526010938	0.1	1	0.08673242232972228	2.061646677002608	2.0926361366258672	0	0	NaN	NaN	NaN	NaN	9	289.91220472293423	289.03632891679644	94631.29415596716	1.1342301664165104	1013.5582930602445	0.025393798743295712	0.03356121373911045	0.01050866151170853	1401.7531521975545	1799.6041968726113	0.009265016768959357	77.89230290935916	397.85104467505676	285.15226377308915	0.961221735881437	0.10491215186801738	0.2684505332982397	1.0035035993799943	-4.675078728893713e-15	-2.500359899836201e-15	1.0035035993799943	1.9695353116683676	325.77113145959754	6.2288685404025115	15.516345593398569	NaN	0.09425654151168747	0.061337386857809185	-6.174599690652659	-0.469666074772447	0.49526586307039494	0.10504316907868397	1	20.388397899997884	9	16	27	41	66	152	0.009947656045891394	1.0129859788597877	12.560261644186339	1.015094342798155	21.16242905382514	1.0859887629852907	-0.3992108384082613	1.0859887629852907	0.47691097989449854	1.0859887629852907	-0.002452806698946397	1.1484356186273377	NaN	NaN	800000009	800000009	800000009	800000019	800000019	800010019	899999999	899999999	89999	89999	89	89	8	6	1	31	0	0	3	NaN	0	0	18000	0	0	0	0	0	0	NaN	NaN	NaN	NaN	0	0	0	0	0	0	101	0	17703	0	0	21	18000	18000	18000	18000	87	NaN	0.05028751389234123	0.052162708272311106	0.020224551550966044	0.05348834006010145	2.55497441299783	0.12083542310130833	8.433129838826608e-8	NaN	0.010925687162717254	-0.010289901804748048	0.012292670139636688	-0.000002452806698946397	NaN	440.36328654848495	14.808692944951277	95026.86052278646	11.369999885559082	11.99407066075007	89.4724603905148	88.40204239569769	90.54287956809998	-2.1408355509705017	0.0002806620419594563	-1	0	2.0490319377448825	53.57781545003253	1.000117420832316	-273.1499938964844	9.001088750547833	-273.1499938964844	193
DATA	2026-04-24T220000_AIU-0547.ghg	2026-04-24	22:30:00	114.937	0	18000	18000	0.010584256771387841	0	NaN	7.868196656445272	0	NaN	14.289499253290716	0	NaN	0.9002338564149247	1	NaN	0.3218568448422006	0	NaN	0.0005558940842822369	0	NaN	NaN	NaN	NaN	NaN	NaN	NaN	NaN	NaN	NaN	-4.608950304494294e-11	-1.5178716353259193e-12	-2.267284061957178e-13	NaN	17.567849855352883	442.5071854403838	449.0512757130985	-0.1	0	578.5642983197782	14.573147047233407	14.788664428583342	0.1	1	0.08642164342943312	2.048953635247305	2.0792549229887034	0	0	NaN	NaN	NaN	NaN	9	289.3639625413683	288.4953376961404	94641.02953770114	1.1365758430972301	1013.4154328592181	0.025343661721792938	0.0208563235457746	0.010361885238738777	1379.587600686232	1738.2973114991487	0.009116756529420934	79.36430618398892	358.7097108129167	284.9106377667699	0.9994228893038223	0.18629648547830732	0.26929776875557315	1.0517004233253529	1.3285760711571976e-14	-2.6235141707395444e-15	1.0517004233253529	2.0774982831121034	321.44101682875066	10.558983171249318	14.836368040912978	NaN	0.09650081316764811	0.10034166997149699	-9.585855063445539	-0.302529089038576	0.5506278783445342	0.07078778092537748	1	23.335854482313657	10	19	31	48	79	186	0.010452772637937023	1.0125788762470171	8.591620015847274	1.0148604242139079	13.157547925194326	1.0860305685019707	0.8289212868627382	1.0860305685019707	0.296360760163646	1.0860305685019707	-0.002752091138335268	1.1482520374595615	NaN	NaN	800000009	800000009	800000009	800000019	800000019	800010019	899999999	899999999	89999	89999	89	89	0	0	1	38	5	0	1	NaN	0	0	16874	0	0	0	0	0	0	NaN	NaN	NaN	NaN	0	0	0	0	0	0	101	0	17802	0	0	16	18000	18000	18000	18000	87	NaN	0.07096319905707649	0.11200452125515378	0.017715619630763697	0.03993094750869126	8.954095784014989	0.0926063305083894	5.059109190613554e-8	NaN	0.007459146315190517	0.021318664050935552	0.007621972778284867	-0.000002752091138335268	NaN	442.5061893722761	14.57305258598267	95037.24152322048	11.369999885559082	11.753328535397852	89.48278652530246	88.40552497736613	90.56004824871488	-2.1545230169296277	0.0002802810397147874	-1	0	2.0365621022317146	50.56942089939109	1.0001090913464625	-273.1499938964844	9.000959749009874	-273.1499938964844	208
DATA	2026-04-24T223000_AIU-0547.ghg	2026-04-24	23:00:00	114.958	0	18000	18000	0.013017621265695264	0	NaN	14.585608471900544	0	NaN	24.111940726544926	0	NaN	1.0282460347355764	0	NaN	0.5429377370092492	0	NaN	0.0011086760823231583	0	NaN	NaN	NaN	NaN	NaN	NaN	NaN	NaN	NaN	NaN	2.5103724572063455e-11	8.221623143062066e-13	1.2350352692315205e-13	NaN	17.644604138659883	444.0365843236402	450.5892649095874	0.1	1	577.8715637201188	14.54246937565645	14.75707366754097	0.1	1	0.08680667428579182	2.0551820756299612	2.0855105489202423	0	0	NaN	NaN	NaN	NaN	9	289.0662510333591	288.1891920895047	94631.53884743924	1.1376824086845807	1013.3923150995987	0.02531930656749516	0.035182365358199345	0.010350018944664635	1376.5454003726868	1704.4225527488422	0.009097458891565009	80.76315337136529	327.87715237615544	284.87720860489236	1.040843655097817	0.17198788012268595	0.28073496241258805	1.0916718666281113	1.0730719334968082e-14	1.4227422941759519e-15	1.0916718666281113	2.4106156220223385	322.6172891875193	9.382710812480697	14.901647036077119	NaN	0.10696834944840303	0.12426757615500514	-7.04236513993115	-0.4117934731268921	0.6049122564341407	0.11826891357851264	1	19.91147592314284	9	16	26	40	65	152	0.012859843182422233	1.0122690518877162	15.793587519464467	1.0146858631549498	22.20055485796523	1.0860963106917088	0.9467355929795132	1.0860963106917088	0.49989833467297673	1.0860963106917088	-0.0049031732879800324	1.1481334262133662	NaN	NaN	800000009	800000009	800000009	800000009	800000019	800010019	899999999	899999999	89999	89999	89	89	22	0	0	35	3	0	7	NaN	0	0	16453	0	0	0	0	0	0	NaN	NaN	NaN	NaN	0	0	0	0	0	0	0	0	17109	0	0	0	18000	18000	18000	18000	87	NaN	0.08954867317348139	0.13196962754571206	0.02701685159081681	0.029930993414984414	7.020181358553018	0.11259595647711491	7.736268598610764e-8	NaN	0.013698787913286058	0.02432452222315538	0.012843911479870093	-0.0000049031732879800325	NaN	444.0362896925875	14.54235612909638	95031.46127473959	11.369999885559082	11.719918913152492	89.45869365183512	88.37519062656827	90.54219425413343	-2.167005186193519	0.00028000968054079246	-1	0	2.0427898419764308	56.248543270879324	1.0001565169923836	-273.1499938964844	9.001188096443812	-273.1499938964844	062
DATA	2026-04-24T230000_AIU-0547.ghg	2026-04-24	23:30:00	114.979	0	18000	18000	0.03087024182846519	0	NaN	17.64229084433568	0	NaN	27.142983481869337	0	NaN	-1.0698917069837512	2	NaN	0.6111691960483422	0	NaN	-0.0025166943870323305	1	NaN	NaN	NaN	NaN	NaN	NaN	NaN	NaN	NaN	NaN	-1.0686318817840481e-10	-3.5039637252920304e-12	-5.243827798268485e-13	NaN	17.741315784087654	446.5222863470321	453.15701741900426	0.1	1	581.7244273361154	14.641130594778934	14.858678446378185	0.1	1	0.08705748581180597	2.0609072460230164	2.0915296040994833	0.1	0	NaN	NaN	NaN	NaN	9	289.0539901631673	288.15570236545136	94620.07775846354	1.137634149619806	1013.4470910343044	0.025319430782776656	0.039603763903932575	0.010420185986877165	1385.7165194582635	1700.7523446162647	0.009159522848676407	81.4766784737797	315.0358251580012	284.9777887194676	1.1486388921346606	0.3106980991907829	0.30374309565302254	1.2280734837630782	4.965134640367564e-15	-6.023408267962367e-15	1.2280734837630782	3.043260797664996	316.86413224140995	15.13586775859005	14.319748645500239	NaN	0.16472848553668695	0.16751495915011042	-21.261699244567094	-0.1363954953290492	0.6499761109945845	0.09289291065361364	1	15.262446937277259	7	12	22	34	58	150	0.030523213964976325	1.0113693094012661	18.99838794992789	1.014201430407029	24.982033676929113	1.0865001557873912	-0.9847138090913538	1.0865001557873912	0.5625118347133833	1.0865001557873912	-0.009421741628890777	1.1479205016993956	NaN	NaN	800000009	800000009	800000009	800000009	800000019	800001019	899999999	899999999	89999	89999	89	89	12	10	2	25	10	0	7	NaN	0	0	15672	0	0	0	0	0	0	NaN	NaN	NaN	NaN	0	0	0	0	0	0	0	0	16646	0	0	0	18000	18000	18000	18000	87	NaN	0.15054219612133582	0.14890960158484026	0.03557812059404473	0.037291590147824065	9.971767089197558	0.08326681432335992	6.447946641328156e-8	NaN	0.016478324504012567	-0.025302956392120445	0.014454161495854436	-0.000009421741628890778	NaN	446.5219893757254	14.641045358646045	95019.38451584202	11.369999885559082	11.821335321055544	89.43724406666226	88.35050618786282	90.5239827793969	-2.1734715201391115	0.00028010672409760037	-1	0	2.048392591396967	56.43540694178477	1.0001457220133807	-273.1499938964844	9.001141624768575	-273.1499938964844	194
