DATAH	filename	date	time	DOY	daytime	file_records	used_records	Tau	qc_Tau	rand_err_Tau	H	qc_H	rand_err_H	LE	qc_LE	rand_err_LE	co2_flux	qc_co2_flux	rand_err_co2_flux	h2o_flux	qc_h2o_flux	rand_err_h2o_flux	ch4_flux	qc_ch4_flux	rand_err_ch4_flux	none_flux	qc_none_flux	rand_err_none_flux	H_strg	LE_strg	co2_strg	h2o_strg	ch4_strg	none_strg	co2_v-adv	h2o_v-adv	ch4_v-adv	none_v-adv	co2_molar_density	co2_mole_fraction	co2_mixing_ratio	co2_time_lag	co2_def_timelag	h2o_molar_density	h2o_mole_fraction	h2o_mixing_ratio	h2o_time_lag	h2o_def_timelag	ch4_molar_density	ch4_mole_fraction	ch4_mixing_ratio	ch4_time_lag	ch4_def_timelag	none_molar_density	none_mole_fraction	none_mixing_ratio	none_time_lag	none_def_timelag	sonic_temperature	air_temperature	air_pressure	air_density	air_heat_capacity	air_molar_volume	ET	water_vapor_density	e	es	specific_humidity	RH	VPD	Tdew	u_unrot	v_unrot	w_unrot	u_rot	v_rot	w_rot	wind_speed	max_wind_speed	wind_dir	yaw	pitch	roll	u*	TKE	L	(z-d)/L	bowen_ratio	T*	model	x_peak	x_offset	x_10%	x_30%	x_50%	x_70%	x_90%	un_Tau	Tau_scf	un_H	H_scf	un_LE	LE_scf	un_co2_flux	co2_scf	un_h2o_flux	h2o_scf	un_ch4_flux	ch4_scf	un_none_flux	un_none_scf	spikes_hf	amplitude_resolution_hf	drop_out_hf	absolute_limits_hf	skewness_kurtosis_hf	skewness_kurtosis_sf	discontinuities_hf	discontinuities_sf	timelag_hf	timelag_sf	attack_angle_hf	non_steady_wind_hf	u_spikes	v_spikes	w_spikes	ts_spikes	co2_spikes	h2o_spikes	ch4_spikes	none_spikes	head_detect_LI-7200	t_out_LI-7200	t_in_LI-7200	aux_in_LI-7200	delta_p_LI-7200	chopper_LI-7200	detector_LI-7200	pll_LI-7200	sync_LI-7200	chopper_LI-7500	detector_LI-7500	pll_LI-7500	sync_LI-7500	not_ready_LI-7700	no_signal_LI-7700	re_unlocked_LI-7700	bad_temp_LI-7700	laser_temp_unregulated_LI-7700	block_temp_unregulated_LI-7700	motor_spinning_LI-7700	pump_on_LI-7700	top_heater_on_LI-7700	bottom_heater_on_LI-7700	calibrating_LI-7700	motor_failure_LI-7700	bad_aux_tc1_LI-7700	bad_aux_tc2_LI-7700	bad_aux_tc3_LI-7700	box_connected_LI-7700	mean_value_RSSI_LI-7200	mean_value_LI-7500	u_var	v_var	w_var	ts_var	co2_var	h2o_var	ch4_var	none_var	w/ts_cov	w/co2_cov	w/h2o_cov	w/ch4_cov	w/none_cov	co2_mean	h2o_mean	air_p_mean	vin_sf_mean	dew_point_mean	avg_signal_strength_7200_mean	co2_signal_strength_7200_mean	h2o_signal_strength_7200_mean	delta_signal_strength_7200_mean	flowrate_mean	hit_power_mean	hit_vin_mean	ch4_mean	rssi_77_mean	ch4_aux-1_mean	ch4_aux-2_mean	ch4_aux-3_mean	ch4_aux-4_mean	CHK
DATAU		[yyyy-mm-dd]	[HH:MM]	[ddd.ddd]	[1=daytime]	[#]	[#]	[kg+1m-1s-2]	[#]	[kg+1m-1s-2]	[W+1m-2]	[#]	[W+1m-2]	[W+1m-2]	[#]	[W+1m-2]	[µmol+1s-1m-2]	[#]	[µmol+1s-1m-2]	[mmol+1s-1m-2]	[#]	[mmol+1s-1m-2]	[µmol+1s-1m-2]	[#]	[µmol+1s-1m-2]	[µmol+1s-1m-2]	[#]	[µmol+1s-1m-2]	[W+1m-2]	[W+1m-2]	[µmol+1s-1m-2]	[mmol+1s-1m-2]	[µmol+1s-1m-2]	[µmol+1s-1m-2]	[µmol+1s-1m-2]	[mmol+1s-1m-2]	[µmol+1s-1m-2]	[µmol+1s-1m-2]	[mmol+1m-3]	[µmol+1mol_a-1]	[µmol+1mol_d-1]	[s]	[1=default]	[mmol+1m-3]	[mmol+1mol_a-1]	[mmol+1mol_d-1]	[s]	[1=default]	[mmol+1m-3]	[µmol+1mol_a-1]	[µmol+1mol_d-1]	[s]	[1=default]	[mmol+1m-3]	[µmol+1mol_a-1]	[µmol+1mol_d-1]	[s]	[1=default]	[K]	[K]	[Pa]	[kg+1m-3]	[J+1kg-1K-1]	[m+3mol-1]	[mm]	[kg+1m-3]	[Pa]	[Pa]	[kg+1kg-1]	[%]	[Pa]	[K]	[m+1s-1]	[m+1s-1]	[m+1s-1]	[m+1s-1]	[m+1s-1]	[m+1s-1]	[m+1s-1]	[m+1s-1]	[deg_from_north]	[deg]	[deg]	[deg]	[m+1s-1]	[m+2s-2]	[m]	[#]	[#]	[K]	[0=KJ/1=KM/2=HS]	[m]	[m]	[m]	[m]	[m]	[m]	[m]	[kg+1m-1s-2]	[#]	[W+1m-2]	[#]	[W+1m-2]	[#]	[µmol+1s-1m-2]	[#]	[mmol+1s-1m-2]	[#]	[µmol+1s-1m-2]	[#]	[µmol+1s-1m-2]	[#]	8u/v/w/ts/co2/h2o/ch4/none	8u/v/w/ts/co2/h2o/ch4/none	8u/v/w/ts/co2/h2o/ch4/none	8u/v/w/ts/co2/h2o/ch4/none	8u/v/w/ts/co2/h2o/ch4/none	8u/v/w/ts/co2/h2o/ch4/none	8u/v/w/ts/co2/h2o/ch4/none	8u/v/w/ts/co2/h2o/ch4/none	8co2/h2o/ch4/none	8co2/h2o/ch4/none	8aa	8U	[#]	[#]	[#]	[#]	[#]	[#]	[#]	[#]	[#_flagged_recs]	[#_flagged_recs]	[#_flagged_recs]	[#_flagged_recs]	[#_flagged_recs]	[#_flagged_recs]	[#_flagged_recs]	[#_flagged_recs]	[#_flagged_recs]	[#_flagged_recs]	[#_flagged_recs]	[#_flagged_recs]	[#_flagged_recs]	[#_flagged_recs]	[#_flagged_recs]	[#_flagged_recs]	[#_flagged_recs]	[#_flagged_recs]	[#_flagged_recs]	[#_flagged_recs]	[#_flagged_recs]	[#_flagged_recs]	[#_flagged_recs]	[#_flagged_recs]	[#_flagged_recs]	[#_flagged_recs]	[#_flagged_recs]	[#_flagged_recs]	[#_flagged_recs]	[#]	[#]	[m+2s-2]	[m+2s-2]	[m+2s-2]	[K+2]	--	--	--	--	[m+1s-1K+1]	--	--	--	--	--	--	--	--	--	--	--	--	--	--	--	--	--	--	--	--	--	--	207
DATA	2026-04-09T233000_AIU-0547.ghg	2026-04-10	00:00:00	100	0	18000	18000	0.009241058573456156	0	NaN	24.19605488418542	0	NaN	39.45446065355136	0	NaN	3.2167288776203358	0	NaN	0.882546593768382	0	NaN	-0.00007288225121108969	0	NaN	NaN	NaN	NaN	NaN	NaN	NaN	NaN	NaN	NaN	3.836676731336765e-11	5.7237491512304e-13	1.936838993939994e-13	NaN	18.275745296716693	440.7122340937451	443.628992183797	0.1	0	272.64684766323455	6.574768875437767	6.618282553579897	0.1	1	0.0922599911660093	2.106636606857784	2.1205789231596834	0	0	NaN	NaN	NaN	NaN	9	281.3647673450047	281.2792853181627	96418.03518402777	1.1912339319230645	1008.8408128240306	0.02425434176989535	0.05718901927619115	0.004884788805623941	634.0963407772533	1079.0880566777796	0.004100612545294272	58.762242511465146	444.9917159005263	273.66193757925737	1.0784598607288711	0.4373561491815351	0.19628931650928744	1.1802057313053138	-1.321233131217978e-14	2.099327096677167e-15	1.1802057313053138	2.039488298888351	309.9255899459149	22.07441005408508	9.573801417888545	NaN	0.08807696349406054	0.06726050562659394	-2.398157806251889	-1.2092615391863832	0.6132653819969909	0.22859278998654953	1	20.300292847396868	9	16	26	39	61	134	0.0091345494751376	1.0116600275260923	26.02739885527625	1.0143537738339843	36.319020155507516	1.086330536578872	2.9610958813241353	1.086330536578872	0.8124107387680944	1.086330536578872	-0.00998058430186306	1.147963885885181	NaN	NaN	800000009	800000009	800000009	800000009	800000019	800000019	899999999	899999999	89999	89999	89	89	0	9	0	32	26	1	4	NaN	0	0	11694	0	0	0	0	0	0	NaN	NaN	NaN	NaN	0	0	0	0	0	0	0	0	16317	0	0	0	18000	18000	18000	18000	94	NaN	0.07031907236544056	0.04276371477010962	0.0214382241176377	0.09980233348834211	9.79319030789215	0.12808803524284268	2.0799678234405185e-7	NaN	0.021657636905571147	0.07229488115365848	0.019834932795533503	-0.000009980584301863059	NaN	440.71247817481964	6.574642190986752	96809.98725712529	11.369999885559082	0.4884738575312415	96.64960326682197	96.06612750138177	97.23307851346334	-1.1669522756040098	0.0002680853210072705	-1	0	2.1006741874240076	71.92242165438336	1.0001332463936674	-273.1499938964844	9.00078914395968	-273.1499938964844	109
DATA	2026-04-10T000000_AIU-0547.ghg	2026-04-10	00:30:00	100.02	0	18000	18000	0.010441716814577848	0	NaN	26.12191329398809	0	NaN	26.833894567564336	1	NaN	-0.4363412881499947	2	NaN	0.5999194769878474	1	NaN	-0.013387504485113055	1	NaN	NaN	NaN	NaN	NaN	NaN	NaN	NaN	NaN	NaN	1.4774992271524638e-10	2.076694459775265e-12	7.458887702252386e-13	NaN	18.33065622338615	443.05994605760316	445.8363542093144	0.1	1	257.6459704585878	6.2274153408488155	6.266439059580945	0.1	1	0.0925390035853618	2.1072857350780674	2.1204909127180587	0	0	NaN	NaN	NaN	NaN	9	280.72584414757625	280.7192729102241	96433.97333702257	1.1939648459048178	1008.6406174265403	0.024202051976215534	0.03887478210881251	0.004636715369221783	600.6954919349256	1038.6828396603873	0.0038834605433528983	57.83242670412576	437.98734772546175	272.9160475038173	1.153788236070861	0.47453683390337037	0.2038222886267709	1.2641028541094317	6.009347704463536e-15	8.060263686945798e-15	1.2641028541094317	2.248873029288572	309.64332536890004	22.35667463109999	9.278801541872964	NaN	0.09351691796750362	0.11188946207399703	-2.659029369522381	-1.090623530992026	0.9734670913391432	0.23194595615306327	1	21.30417004598253	10	17	27	41	64	142	0.010326414942115208	1.0111657214153185	27.249376645450333	1.0140978637727753	24.69415798879303	1.0866495055122911	-0.4015474041413984	1.0866495055122911	0.5520818570703907	1.0866495055122911	-0.02211232397855975	1.147907586182414	NaN	NaN	800000009	800000009	800000009	800000009	800000009	800010009	899999999	899999999	89999	89999	89	89	8	6	0	44	12	3	0	NaN	0	0	9078	0	0	0	0	0	0	NaN	NaN	NaN	NaN	0	0	0	0	0	0	0	0	16614	0	0	0	18000	18000	18000	18000	99	NaN	0.10051784411545804	0.0923079859361356	0.030953094096400416	0.07723201881079302	11.155404491832066	0.2083579743831685	1.2760745939014484e-7	NaN	0.02262708346643111	-0.009779186537737853	0.013445265512140977	-0.00002211232397855975	NaN	443.0597212218305	6.227205290026913	96826.75419856771	11.369999885559082	-0.27292837062558073	96.68722734430101	96.10280334175958	97.27165189743042	-1.1688483841982156	0.0002687171898594696	-1	0	2.1016387783222736	71.6343371162414	1.0001242195632722	-273.1499938964844	9.000704967048433	-273.1499938964844	214
DATA	2026-04-10T003000_AIU-0547.ghg	2026-04-10	01:00:00	100.041	0	18000	18000	0.012006303746974019	1	NaN	32.63837604430147	0	NaN	66.21858336968376	0	NaN	1.8224193429313837	1	NaN	1.480076137912839	0	NaN	-0.0006119698456785276	0	NaN	NaN	NaN	NaN	NaN	NaN	NaN	NaN	NaN	NaN	1.5911771953175972e-10	2.2068544362861352e-12	7.985504772460639e-13	NaN	18.334756783934207	442.77918930257914	445.5151180892766	0.1	1	254.29059356759018	6.141045894090616	6.178991363633881	0.1	1	0.09201507426756952	2.092863021027809	2.1057948035600087	0	0	NaN	NaN	NaN	NaN	9	280.4482388466729	280.465828725179	96427.2492328559	1.1949995681823957	1008.5888808080769	0.024181887574022187	0.09590893373675197	0.004576220469507669	592.3230047480286	1020.8396161717625	0.00382947458003532	58.02312090603335	428.51661142373393	272.72332686700315	0.9893361332329604	0.25978922918521	0.2086996618514088	1.0439501793562285	1.192191482897779e-14	8.678474517381453e-15	1.0439501793562285	1.9857856086329695	317.2869015876719	14.71309841232815	11.531896743906342	NaN	0.1002353218023354	0.0869781339383617	-2.620364483338853	-1.106716267312873	0.4928884670046263	0.2701629740567996	1	15.20623809621468	7	12	20	29	47	104	0.011856418298311333	1.0126417139553885	35.771913172284556	1.0148961994026995	60.97354211037498	1.0860215935924167	1.678069159659211	1.0860215935924167	1.3628422737129395	1.0860215935924167	-0.014670756081291135	1.1482788424409043	NaN	NaN	800000009	800000009	800000009	800000009	800000009	800010009	899999999	899999999	89999	89999	89	89	10	18	0	48	9	0	0	NaN	0	0	7620	0	0	0	0	0	0	NaN	NaN	NaN	NaN	0	0	0	0	0	0	0	0	15721	0	0	0	18000	18000	18000	18000	100	NaN	0.05452599282126299	0.08678489585513699	0.032645379200323434	0.07976054163421308	11.976698038058831	0.17723944201584194	2.6952350508417284e-8	NaN	0.029679750353101136	0.040829683981017675	0.033159789053611714	-0.000014670756081291136	NaN	442.7796249656691	6.140870827450663	96822.37997417535	11.369999885559082	-0.4605890433588891	96.69638226360745	96.10905953640408	97.28370372581482	-1.1746459199620622	0.0002687206663508227	-1	0	2.087330926179886	71.32567936028381	1.0001140157315467	-273.1499938964844	9.00065880759557	-273.1499938964844	133
DATA	2026-04-10T010000_AIU-0547.ghg	2026-04-10	01:30:00	100.062	0	18000	18000	0.003214689826356197	0	NaN	24.139360007842736	0	NaN	40.501106846885655	0	NaN	2.563003341885407	0	NaN	0.9049689335825226	0	NaN	-0.0031977538486714307	0	NaN	NaN	NaN	NaN	NaN	NaN	NaN	NaN	NaN	NaN	6.366298905717704e-11	8.724109186603778e-13	3.2069548222687123e-13	NaN	18.36943640097361	442.62498647761896	445.32613320029805	0.1	1	251.7270571674503	6.06554729511941	6.102562677662202	0.1	1	0.09253406652890975	2.1014370369386777	2.1142611881697566	0	0	NaN	NaN	NaN	NaN	9	280.0819292238024	280.1343611848619	96408.09107204861	1.1962100700996112	1008.541772529475	0.02415810802799097	0.05864198689614746	0.00452440911366732	584.9246938114288	997.9117116138777	0.0037822864284118274	58.61487414206778	412.9870178024489	272.55101103189025	1.1064500255145922	0.2977215674536152	0.1889684590228636	1.1612832855051944	2.906635427356873e-14	3.465701814008992e-15	1.1612832855051944	2.3627609895585295	316.9396635823366	15.060336417663377	9.365032321900644	NaN	0.05184009763816585	0.10782314191572984	-0.49003837136213374	-5.917903922378615	0.5960172915545625	0.385974484561	1	19.045753189819635	9	15	24	35	54	114	0.0031772551136311773	1.0117820922104794	26.009127589265937	1.0144189758447406	37.28450860814707	1.0862717079778201	2.35944959540246	1.0862717079778201	0.8330962934376641	1.0862717079778201	-0.01291353914887558	1.1479900437659902	NaN	NaN	800000009	800000009	800000009	800000009	800000009	800010009	899999999	899999999	89999	89999	89	89	8	14	0	46	33	0	1	NaN	0	0	12525	0	0	0	0	0	0	NaN	NaN	NaN	NaN	0	0	0	0	0	0	0	0	15722	17997	0	0	18000	18000	18000	18000	100	NaN	0.10156198508325505	0.08511027843158812	0.028974020316616486	0.05673748915927455	13.012942540624028	0.3362963995232164	4.851944385159351e-8	NaN	0.021558792878354813	0.05734777717295939	0.020248883762033574	-0.00001291353914887558	NaN	442.62451623221136	6.065215991916895	96805.52932356772	11.369999885559082	-0.6613029200589273	96.71373304896885	96.12466634072197	97.30280198669433	-1.178128638095326	0.0002676087309438217	-1	0	2.0959503280321763	72.88626637776693	1.000109552015861	-273.1499938964844	9.000661509195963	-273.1499938964844	196
DATA	2026-04-10T013000_AIU-0547.ghg	2026-04-10	02:00:00	100.083	0	18000	18000	0.020519582143368548	0	NaN	35.93147620576144	0	NaN	55.51711719838926	0	NaN	2.7372534661408774	1	NaN	1.2400017100700127	0	NaN	-0.012490717628307831	0	NaN	NaN	NaN	NaN	NaN	NaN	NaN	NaN	NaN	NaN	-2.1956349303768817e-10	-2.950391502966256e-12	-1.105057885451392e-12	NaN	18.39636341111914	442.8235844091215	445.47436006129504	0.1	1	247.2017253083538	5.950456164994019	5.986076048118671	0.1	1	0.09258846345461075	2.098677703601987	2.111240547936239	0	0	NaN	NaN	NaN	NaN	9	279.64223889923096	279.7206995281643	96341.71102517362	1.1972064435880914	1008.4716503079887	0.02413905535961979	0.08035211081253682	0.004442063715126952	573.4309038368501	969.9365490986314	0.003710357339719832	59.120455288517924	396.5056452617813	272.2794370379395	1.1073101602577218	0.4220723950721362	0.20888758805183538	1.2032933649505804	-4.486825557388959e-14	-1.1935157407522156e-14	1.2032933649505804	2.4788064322461456	311.1347003061037	20.865299693896297	9.996996878159395	NaN	0.13091811196593195	0.16179989001522888	-5.299778464680795	-0.5471926834916611	0.6472143731339843	0.22732258549034107	1	16.027302976323	7	13	21	32	52	119	0.020285952305431523	1.0115168287107956	38.45658651999159	1.0142781049303735	51.10148498084206	1.086409078311572	2.519542151097396	1.086409078311572	1.141376425164952	1.086409078311572	-0.026099771980933526	1.1479390476563773	NaN	NaN	800000009	800000009	800000009	800000009	800000009	800000019	899999999	899999999	89999	89999	89	89	0	2	0	37	25	0	0	NaN	0	0	9915	0	0	0	0	0	0	NaN	NaN	NaN	NaN	0	0	0	0	0	0	0	0	15320	18000	0	0	18000	18000	18000	18000	100	NaN	0.15659219274556277	0.13283386972925307	0.034173717555641935	0.0933971475699221	19.823277016676787	0.25622899397328947	3.007302012160818e-7	NaN	0.03185209432450665	0.061183535067582916	0.027716720081057605	-0.000026099771980933526	NaN	442.8228678195027	5.95020350358691	96739.93157486978	11.369999885559082	-0.919261269352604	96.73805350409614	96.14839960606892	97.32770907825895	-1.179316313180658	0.0002674945275389797	-1	0	2.0932866131464656	72.72173313373987	1.0001294806036685	-273.1499938964844	9.000779662926991	-273.1499938964844	118
DATA	2026-04-10T020000_AIU-0547.ghg	2026-04-10	02:30:00	100.104	0	18000	18000	0.013944260820665303	1	NaN	36.33832373207875	0	NaN	62.35633056345338	0	NaN	1.0374164356332467	2	NaN	1.3924939190929968	0	NaN	-0.01500053835605383	1	NaN	NaN	NaN	NaN	NaN	NaN	NaN	NaN	NaN	NaN	-1.1450246496147103e-10	-1.4376393724317839e-12	-5.851071661892064e-13	NaN	18.21216009237594	440.4576699546273	442.90702571007347	0.1	1	228.66336034460645	5.530180406416651	5.560933371187381	0.1	1	0.09306406971605287	2.107196766948741	2.1189147477697245	0	0	NaN	NaN	NaN	NaN	9	279.39778154669864	279.5212433336903	96303.66841059028	1.1977783945564944	1008.2386039571181	0.024131371685325573	0.09023360595722618	0.004129638958388873	532.7195181615798	956.6967886872615	0.003447748746476571	55.68321378945515	423.97727052568166	271.2770335399926	1.1264091012949788	0.22717469594246162	0.19192533577145987	1.1650069272187686	5.085322333293125e-14	-6.2871435557720905e-15	1.1650069272187686	2.3908270250155828	320.5975179291617	11.40248207083833	9.482235317598883	NaN	0.10789703517982235	0.13234841056751356	-2.932537312763022	-0.9889047233529091	0.5827527598837958	0.2788788516763631	1	16.566146074475025	7	13	21	32	51	114	0.013782212491803062	1.0117577877252015	39.20986817613943	1.0144058938170344	57.4034047154969	1.0862827888433482	0.9550150718468683	1.0862827888433482	1.2818889642684073	1.0862827888433482	-0.029063565706114982	1.1479846554768882	NaN	NaN	800000009	800000009	800000009	800000009	800000009	800010019	899999999	899999999	89999	89999	89	89	8	1	0	41	6	0	0	NaN	0	0	4103	0	0	0	0	0	0	NaN	NaN	NaN	NaN	0	0	0	0	0	0	0	0	15620	604	0	0	18000	18000	18000	18000	100	NaN	0.0830808901752092	0.14957617773654347	0.03203975322327446	0.08347010138563936	19.87754326128634	0.2710858359999265	1.4634294863763012e-7	NaN	0.032468003584816066	0.02317401452148883	0.031105805917223926	-0.00002906356570611498	NaN	440.45608600705685	5.52991294301853	96702.09479231772	11.369999885559082	-1.9303704959979255	96.77714903683133	96.18927644983927	97.36501992458767	-1.1757418977154628	0.00026915134312973033	-1	0	2.102162904719511	71.92740485636394	1.0001291048874457	-273.1499938964844	9.000741391208436	-273.1499938964844	200
DATA	2026-04-10T023000_AIU-0547.ghg	2026-04-10	03:00:00	100.124	0	18000	18000	0.014257207148486425	1	NaN	30.920388850427454	0	NaN	58.25466576848318	0	NaN	2.936982092793557	1	NaN	1.3005724218586259	0	NaN	-0.005850837862628545	0	NaN	NaN	NaN	NaN	NaN	NaN	NaN	NaN	NaN	NaN	-6.25749392450676e-11	-8.089187757398914e-13	-3.1801687995511843e-13	NaN	18.322884348172565	441.3389348533017	443.8713437452391	0.1	1	236.863596733187	5.7052768276722094	5.738013784755236	0.1	1	0.09312013055839474	2.106107006283092	2.118191877317314	0	0	NaN	NaN	NaN	NaN	9	279.14918506028914	279.2582135179308	96290.0568029514	1.1986575793305374	1008.3297296517666	0.024112072048511995	0.08427709293643895	0.004263801550912907	549.508790201198	939.4810925506811	0.003557147282457667	58.490670494420236	389.972302349483	271.69838081965145	1.1300059001602996	0.1581877612920059	0.1861900145719997	1.1561156619240303	-2.215161225814105e-14	-3.4151249364464018e-15	1.1561156619240303	2.333512035277559	324.03103930623297	7.968960693766977	9.267726062962888	NaN	0.10906104681428534	0.0921442805803745	-3.558857063020943	-0.8148683548246608	0.5307796112557209	0.23457275955565574	1	17.24252915154783	8	14	22	34	54	121	0.014090710125583276	1.0118160845989483	33.63853794502458	1.0144373144545729	53.628845119476466	1.086256204822258	2.703765538696398	1.086256204822258	1.1972980371342836	1.086256204822258	-0.018640907192587722	1.147997961354068	NaN	NaN	800000009	800000009	800000009	800000009	800000009	800010009	899999999	899999999	89999	89999	89	89	19	9	0	42	16	0	0	NaN	0	0	10254	0	0	0	0	0	0	NaN	NaN	NaN	NaN	0	0	0	0	0	0	0	0	15852	0	0	0	18000	18000	18000	18000	100	NaN	0.06906851329608445	0.08347584435450392	0.03174420351016062	0.07523998324125844	15.699813559231309	0.265207906829497	1.7018223038108965e-7	NaN	0.027831678789730845	0.06556757095787079	0.029035033875522982	-0.000018640907192587722	NaN	441.33734467927815	5.705015219875902	96686.06577300347	11.369999885559082	-1.5060509072151003	96.77831920115153	96.18810582817926	97.36853521177504	-1.180426114807526	0.00026767492698854774	-1	0	2.100918333239133	70.85702116881478	1.000108202106423	-273.1499938964844	9.00062002213796	-273.1499938964844	104
DATA	2026-04-10T030000_AIU-0547.ghg	2026-04-10	03:30:00	100.145	0	18000	18000	0.01407532654432497	0	NaN	35.96932979317534	0	NaN	35.471184761070305	1	NaN	-1.2275937678165438	2	NaN	0.7917559605157578	1	NaN	-0.005646713396474046	0	NaN	NaN	NaN	NaN	NaN	NaN	NaN	NaN	NaN	NaN	-8.378824663025127e-11	-1.1013794711706437e-12	-4.25800011690458e-13	NaN	18.37838274218919	441.7918801785753	444.3724686254745	0.1	1	241.58010555929104	5.807264466408903	5.841185777013447	0.1	1	0.09339634019326179	2.110409007672797	2.122736298752096	-0.1	0	NaN	NaN	NaN	NaN	9	278.94903167894154	279.0452443059286	96275.45406987847	1.199344129466863	1008.3818669925397	0.024097338034631394	0.051305786241421104	0.004342675001168196	559.2469952653881	925.742924455033	0.0036208748552416046	60.410615138604065	366.4959291896448	271.9375717463028	1.3247760568021152	0.3240702136595809	0.22697013755764753	1.3825948601815257	1.8917724686145437e-14	-4.559065278247144e-15	1.3825948601815257	2.5811665315515704	318.2540980220428	13.74590197795721	9.448582025836535	NaN	0.1083321426007686	0.13303708722536495	-2.998090927577585	-0.9672822039267365	1.0140436536151944	0.2745403429764615	1	20.680264397986427	9	16	27	40	63	140	0.013928003275508269	1.0105774866578157	37.430814870461234	1.0138157303988542	32.625137455585374	1.087234798914163	-1.1290972005702533	1.087234798914163	0.7282290461145061	1.087234798914163	-0.018605746448826465	1.1479720621510991	NaN	NaN	800000009	800000009	800000009	800000009	800000009	800000009	899999999	899999999	89999	89999	89	89	10	6	0	37	6	0	0	NaN	0	0	12444	0	0	0	0	0	0	NaN	NaN	NaN	NaN	0	0	0	0	0	0	0	0	14327	0	0	0	18000	18000	18000	18000	100	NaN	0.12444830296283511	0.10440891816616063	0.03721695332173415	0.08696225137200805	19.230107303380084	0.2549221282133957	7.654939465043871e-8	NaN	0.03094998484244028	-0.027367208162523148	0.017650912503322003	-0.000018605746448826465	NaN	441.7898699441841	5.8070129868692675	96672.38464865452	11.369999885559082	-1.2639468268640048	96.77646470705668	96.18335628382366	97.36957279247707	-1.1862144521541065	0.0002675259796928406	-1	0	2.1051193139950435	70.55217751545372	1.0000938105781874	-273.1499938964844	9.000503396193187	-273.1499938964844	009
DATA	2026-04-10T033000_AIU-0547.ghg	2026-04-10	04:00:00	100.166	0	18000	18000	0.013199047623871914	0	NaN	30.546830655318285	0	NaN	48.06463575758401	0	NaN	4.0998524486283126	0	NaN	1.0725514514630818	0	NaN	-0.008527734453099888	0	NaN	NaN	NaN	NaN	NaN	NaN	NaN	NaN	NaN	NaN	1.7955175341116756e-11	2.318860160511191e-13	9.096725314989679e-14	NaN	18.380906755073365	440.5163208293101	443.0368210170341	0.1	1	237.38421696615777	5.689143809622744	5.721695357345533	0.1	1	0.09312415869782366	2.101316812181481	2.113339906830052	0	0	NaN	NaN	NaN	NaN	9	278.6347911275228	278.7476976097954	96255.17728515626	1.200425224804388	1008.3123296991964	0.02407671382768548	0.0695013340548077	0.004257988608397724	547.7564364597764	906.8459819414734	0.003547066922966045	60.402366815044	359.089545481697	271.654940921978	1.2247308613523522	0.4200944872887186	0.19900555260639313	1.3099802559456235	-1.3286275175043803e-14	9.76838388898355e-16	1.3099802559456235	2.6474502984271693	313.0675377569689	18.93246224303113	8.737915615351975	NaN	0.10485852431282709	0.13528980770331694	-3.200916834972724	-0.9059904238420213	0.6355365056625519	0.2406756897730385	1	20.585155917375804	9	16	27	40	63	140	0.013056416372604653	1.0109242266175376	32.7329387779089	1.0139785023861567	44.22345464349439	1.0868584588213457	3.772204573054009	1.0868584588213457	0.9868363656351542	1.0868584588213457	-0.020361222845175737	1.1479147005806076	NaN	NaN	800000009	800000009	800000009	800000009	800000009	800000019	899999999	899999999	89999	89999	89	89	1	0	0	54	6	0	0	NaN	0	0	14272	0	0	0	0	0	0	NaN	NaN	NaN	NaN	0	0	0	0	0	0	0	0	15091	0	0	0	18000	18000	18000	18000	100	NaN	0.12376795275047044	0.11085546118533965	0.03595620147082379	0.09034598415379849	12.517978863337053	0.14905635743920115	1.687417724717324e-7	NaN	0.027042996231531568	0.09134208767036635	0.023895759649422747	-0.000020361222845175737	NaN	440.515763062412	5.688996440708996	96651.47718055555	11.369999885559082	-1.5277712194294655	96.79602307510376	96.20234939723545	97.38969977845086	-1.1873463594913483	0.00026633089318379955	-1	0	2.0961474130683473	70.49665445645648	1.0000992395530144	-273.1499938964844	9.000549319956038	-273.1499938964844	113
DATA	2026-04-10T040000_AIU-0547.ghg	2026-04-10	04:30:00	100.187	0	18000	18000	0.013405705131167341	1	NaN	29.4750674858515	0	NaN	64.03485034025111	0	NaN	4.338369680866572	0	NaN	1.4286372310163267	0	NaN	-0.004538045572448047	0	NaN	NaN	NaN	NaN	NaN	NaN	NaN	NaN	NaN	NaN	-3.306185717540139e-11	-3.970193133950919e-13	-1.6808345333144775e-13	NaN	18.22726687686722	439.0277285561521	441.3545547927036	0.1	1	218.87992988812093	5.2720113824233215	5.2999527938789575	0.1	1	0.09266575513904293	2.088610473742903	2.0996800106585423	0	0	NaN	NaN	NaN	NaN	9	278.37842071872285	278.5376801927355	96236.14858767361	1.2012827112407989	1008.0811134179827	0.024063330745335093	0.09257569256985797	0.003947984081855734	507.4941641864506	893.7138502027149	0.0032864737375416656	56.784860620806	386.2196860162643	270.621288751446	1.2140923038985918	0.1612715845202564	0.17474781944265444	1.2371602348764175	2.0315475004925486e-14	-1.8138680581541933e-15	1.2371602348764175	2.7393058960556713	324.4335218776027	7.566478122397292	8.120135047050738	NaN	0.10563849805267471	0.09831491594956561	-3.3911648785560815	-0.8551633741957089	0.4602972807656275	0.2304049924637193	1	19.323260132963043	9	15	25	37	60	133	0.013255694739166242	1.011316675206609	32.50864503023623	1.0141744528779617	58.93479528404096	1.0865372490331058	3.992840268225711	1.0865372490331058	1.31485343211901	1.0865372490331058	-0.017257344161261522	1.1479156531259402	NaN	NaN	800000009	800000009	800000009	800000009	800000009	801010019	899999999	899999999	89999	89999	89	89	10	1	0	44	23	0	0	NaN	0	0	7874	0	0	0	0	0	0	NaN	NaN	NaN	NaN	0	0	0	0	0	0	0	0	14725	0	0	0	18000	18000	18000	18000	100	NaN	0.06459331223014354	0.09838471061679697	0.0336518090521907	0.08486539443821749	15.774257884516464	0.3047999404979659	8.80817926496968e-8	NaN	0.026844675795264547	0.09659039826107077	0.03180748743544069	-0.000017257344161261523	NaN	439.0259570408891	5.271710670950027	96632.64162000868	11.369999885559082	-2.598671150061821	96.84114852990044	96.25182453155519	97.43047402996487	-1.1786458818382686	0.00026767399527145424	-1	0	2.083845539430777	70.00607192299105	1.0000867142942216	-273.1499938964844	9.000459612369538	-273.1499938964844	198
DATA	2026-04-10T043000_AIU-0547.ghg	2026-04-10	05:00:00	100.208	0	18000	18000	0.0025049613150714307	1	NaN	30.51159827684513	0	NaN	78.36948748613341	0	NaN	4.664851631190284	0	NaN	1.748389253107317	0	NaN	-0.0056834241653407344	0	NaN	NaN	NaN	NaN	NaN	NaN	NaN	NaN	NaN	NaN	2.0864913322996462e-10	2.4588577060788043e-12	1.0659790709730218e-12	NaN	18.164474263074656	437.93179507949236	440.20363072555796	0.1	1	214.06203240444106	5.160874394245937	5.187647189794127	0.1	1	0.09280148496147658	2.091233815849514	2.1020823990775086	0	0	NaN	NaN	NaN	NaN	9	278.32733451234174	278.5027757245037	96237.79356315105	1.201504393977376	1008.0199351946887	0.024059904031923963	0.11329562360135415	0.0038653087748956277	496.8043913409891	891.5476728317487	0.0032170575440845293	55.72381673803607	394.7432814907596	270.33464538431923	1.1683723346574597	0.27197899821942295	0.1890326697505192	1.2144133720024533	-4.8903582296868475e-14	1.148665963066784e-14	1.2144133720024533	2.5420209054948844	318.89580216982176	13.10419783017826	8.954936823121727	NaN	0.04566020215660444	0.15360259438160292	-0.26453480618702124	-10.962640575734873	0.38933007290935534	0.5517376786353501	1	17.27200467033084	8	13	21	31	48	101	0.0024766048032609927	1.0114497524082569	34.28871213982294	1.0142431239262941	72.13355269635711	1.0864498497117727	4.2936649422224455	1.0864498497117727	1.609268254371016	1.0864498497117727	-0.019555751718515882	1.147929782469969	NaN	NaN	800000009	800000009	800000009	800000009	800000009	800010009	899999999	899999999	89999	89999	89	89	14	10	0	46	27	0	0	NaN	0	0	5530	0	0	0	0	0	0	NaN	NaN	NaN	NaN	0	0	0	0	0	0	0	0	15422	0	0	0	18000	18000	18000	18000	100	NaN	0.1087152585718021	0.16181354909395732	0.0366763810974464	0.07686608366987792	17.829489374086567	0.3825703574889497	4.3139561349800444e-8	NaN	0.028311096440787588	0.10384122170988552	0.03891975360013166	-0.000019555751718515883	NaN	437.93007312289126	5.160496932836692	96635.11161306423	11.369999885559082	-2.9062313733102547	96.84419430245293	96.25483939743042	97.4335497733222	-1.178708769645956	0.0002680733419644335	-1	0	2.0865695375800133	70.48894222916503	1.0000831151323186	-273.1499938964844	9.00045896967252	-273.1499938964844	035
DATA	2026-04-10T050000_AIU-0547.ghg	2026-04-10	05:30:00	100.229	0	18000	18000	0.019562747840833356	1	NaN	34.63601140633689	0	NaN	28.329779355519523	1	NaN	1.2623262896325393	2	NaN	0.6319435578743062	1	NaN	-0.003851801247305887	0	NaN	NaN	NaN	NaN	NaN	NaN	NaN	NaN	NaN	NaN	3.218969787232595e-10	3.961249863552941e-12	1.6335079555557483e-12	NaN	18.316274749172024	439.2095946410598	441.59637610465546	0.1	1	225.39926015687448	5.40489368289099	5.434265309131469	0.1	1	0.09294831109502252	2.093455413663294	2.1048318057939777	0	0	NaN	NaN	NaN	NaN	9	278.2136657833523	278.36737702094183	96249.7131671007	1.2021265463570767	1008.1508006116952	0.02404522877417968	0.04094994255025504	0.004050541034529643	520.3590100418927	883.188629765556	0.0033694797330650417	58.91821888377604	362.8296197236633	270.95923960616824	1.2333593627562367	0.23228520607402223	0.18196879289390475	1.268165752670646	1.0591248628876185e-13	1.757436941361729e-14	1.268165752670646	2.6536605854348916	321.3341134609553	10.665886539044765	8.249834004137991	NaN	0.12756743834862805	0.2199198475050774	-5.082537003041076	-0.5705811877542296	1.2226008177359389	0.22403318456327662	1	17.62996348342766	8	14	23	35	56	129	0.019347151020850425	1.0111435952379026	35.71528671604584	1.0140867396048165	26.070347967018886	1.0866667138988326	1.161649909293219	1.0866667138988326	0.5815431261411946	1.0866667138988326	-0.01599281028267912	1.1479072143607365	NaN	NaN	800000009	800000009	800000009	800000009	800000009	800010009	899999999	899999999	89999	89999	89	89	14	4	0	41	3	0	0	NaN	0	0	7233	0	0	0	0	0	0	NaN	NaN	NaN	NaN	0	0	0	0	0	0	0	0	15720	0	0	0	18000	18000	18000	18000	100	NaN	0.14058466136588593	0.26299958807725277	0.036255445567016105	0.08121688413330688	19.2326257886157	0.2155944887761798	1.8206702597903874e-7	NaN	0.029469885864976335	0.028083969409606745	0.01405934717014119	-0.00001599281028267912	NaN	439.2079444680523	5.404680769631263	96645.39099934897	11.369999885559082	-2.2401743043735096	96.83229174465603	96.2404302927653	97.42415248531765	-1.1837210276656671	0.0002664758844960791	-1	0	2.08855651070012	70.78464974182972	1.0000860910233524	-273.1499938964844	9.000526144954893	-273.1499938964844	002
DATA	2026-04-10T053000_AIU-0547.ghg	2026-04-10	06:00:00	100.249	1	18000	18000	0.013155323703731032	0	NaN	34.061962466395855	0	NaN	95.87554256803978	1	NaN	6.013086282034548	1	NaN	2.1386459094635923	1	NaN	-0.00776119249202594	0	NaN	NaN	NaN	NaN	NaN	NaN	NaN	NaN	NaN	NaN	-1.0043018853622021e-10	-1.2147514091036714e-12	-5.114896087402118e-13	NaN	18.237257660423477	438.37298458493495	440.70977411546215	0.1	1	220.58839840967127	5.302331983031976	5.3305965757441856	0.1	1	0.09288210966426919	2.0917567133570745	2.1029070245305856	-0.1	0	NaN	NaN	NaN	NaN	9	278.20000852118596	278.3575926013523	96270.7623812934	1.2024784363400762	1008.0946824295012	0.024039126393553243	0.13858425493324078	0.003974687865402879	510.59646777379544	882.5872651104426	0.003305413008070597	57.852236029023366	371.9907973366471	270.7034734794276	1.386042857467296	0.1739756840043329	0.1910125353405318	1.409917774204643	-2.5446645149397166e-14	-5.506868982509522e-15	1.409917774204643	3.0146895090001764	324.84566699986215	7.154333000137865	7.78624870752362	NaN	0.10459528820706054	0.1898603801844556	-2.849155311290522	-1.0178455307466014	0.3552726957682996	0.26864510035480577	1	21.758044736633124	10	17	28	42	66	146	0.013019178405465837	1.0104572880119713	38.734048108622346	1.0137619681339303	88.17057997629428	1.0873870013537064	5.529849331055784	1.0873870013537064	1.9667753125622764	1.0873870013537064	-0.02367126461929263	1.148007881008377	NaN	NaN	800000009	800000009	800000009	800000009	800000009	800010009	899999999	899999999	89999	89999	89	89	14	4	0	48	7	0	0	NaN	0	0	9317	0	0	0	0	0	0	NaN	NaN	NaN	NaN	0	0	0	0	0	0	0	0	15720	0	0	0	18000	18000	18000	18000	100	NaN	0.16065970900070856	0.18533363702613892	0.03372741434206375	0.08702069012882566	22.31775162784998	0.36602520089935614	7.31283210831865e-8	NaN	0.03195319330033	0.13364154894341038	0.04753165655316319	-0.000023671264619292628	NaN	438.3712752727052	5.301970983162197	96667.24206011285	11.369999885559082	-2.529766102625392	96.83821978399489	96.24553223949009	97.43090750863817	-1.1853733403682705	0.0002668300084025961	-1	0	2.0869588460856017	70.63025084283615	1.0000820094727807	-273.1499938964844	9.00048426077101	-273.1499938964844	240
DATA	2026-04-10T060000_AIU-0547.ghg	2026-04-10	06:30:00	100.27	1	18000	18000	0.013917215625781996	0	NaN	33.760017286526384	0	NaN	90.69630325511778	1	NaN	8.43644048760412	1	NaN	2.0231307705537382	1	NaN	-0.008527289361800519	0	NaN	NaN	NaN	NaN	NaN	NaN	NaN	NaN	NaN	NaN	-3.502057192617824e-10	-4.322545682918314e-12	-1.7898231590303454e-12	NaN	18.188599995344518	437.0522043998873	439.4226616249529	0.1	1	224.49962997158957	5.394481059078551	5.423739318099417	0.1	1	0.09295786936498349	2.093605109809346	2.104960278159993	0	0	NaN	NaN	NaN	NaN	9	278.2226949395074	278.36561465623646	96288.64652322048	1.2026251695605457	1008.1451014583633	0.024035354154592226	0.13109887393188224	0.004044398502510928	519.5666107430591	883.0802855483022	0.0033629751021998	58.835716213556005	363.5136748052431	270.93863914765524	1.4380376714286056	0.6425702379104814	0.2488027891882184	1.5946007911084938	9.370607405763861e-14	-1.9254132772803825e-14	1.5946007911084938	3.145365496511121	307.9230813363897	24.07691866361029	8.976436906787802	NaN	0.10757492044058471	0.17803667904109893	-3.1278363578882487	-0.9271584789550589	0.37223145899964105	0.25884411392418955	1	25.29152339891399	11	20	32	48	77	169	0.013782591072519272	1.0097677245558818	38.1668421871365	1.0134894667960366	83.31529190461858	1.088591315972933	7.7498693621894414	1.088591315972933	1.8584851274011467	1.088591315972933	-0.02396644807359551	1.1484241036127523	NaN	NaN	800000009	800000009	800000009	800000009	800000009	800010009	899999999	899999999	89999	89999	89	89	19	19	0	31	9	0	0	NaN	0	0	8872	0	0	0	0	0	0	NaN	NaN	NaN	NaN	0	0	0	0	0	0	0	0	15223	0	0	0	18000	18000	18000	18000	100	NaN	0.13790764925199106	0.16531417558549732	0.0528515332447095	0.09111941485288864	18.60818326200808	0.351474290711562	5.3942676100457675e-8	NaN	0.031479867523492654	0.18728141179924795	0.04491168846867639	-0.00002396644807359551	NaN	437.0499720662176	5.394134453663736	96685.16695768229	11.369999885559082	-2.2895570325851637	96.82692283418444	96.23344893413119	97.42039676708646	-1.1869443386163963	0.0002672085211347117	-1	0	2.0887170694006825	71.15351272519429	1.0000758157256577	-273.1499938964844	9.000437203645706	-273.1499938964844	061
DATA	2026-04-10T063000_AIU-0547.ghg	2026-04-10	07:00:00	100.291	1	18000	18000	0.011475310846830785	0	NaN	35.22808127612954	0	NaN	77.0985550747122	0	NaN	7.25194805148007	0	NaN	1.719919277463108	0	NaN	-0.006169009003591747	0	NaN	NaN	NaN	NaN	NaN	NaN	NaN	NaN	NaN	NaN	7.255771348193866e-11	9.294258626513309e-13	3.6855063059079445e-13	NaN	18.29143691446485	437.9220936310613	440.3924973523511	0.1	1	234.30361456457317	5.609549972222347	5.6411945348687205	0.1	1	0.09290977190062405	2.0933256744169344	2.105134531771155	0	0	NaN	NaN	NaN	NaN	9	278.31338344319664	278.4319730343289	96314.13672113715	1.2025588359799575	1008.2636391646776	0.024034721200998782	0.11145076917960939	0.00420575264368809	540.4238870811678	887.1678859402577	0.0034973362781546146	60.915627768514625	346.74399885908997	271.47182421295776	1.440646441631849	0.42554940464067215	0.22665571618113592	1.519186387265949	1.8372585042585403e-14	3.966758534129164e-15	1.519186387265949	2.9891501195033654	315.54350166328254	16.456498336717463	8.580305342144799	NaN	0.09768526578524475	0.18964219361183485	-2.2449647568706994	-1.2917797444813197	0.4569227171896002	0.2974263817604065	1	23.7734372167267	11	19	30	45	71	154	0.01136140500744939	1.0100256825020066	38.90184764260148	1.0135830837967543	70.85811070479087	1.0880695845239265	6.664967162603928	1.0880695845239265	1.5807070631568483	1.0880695845239265	-0.02136575987070546	1.1482199063994196	NaN	NaN	800000009	800000009	800000009	800000009	800000009	800010009	899999999	899999999	89999	89999	89	89	10	10	1	43	6	0	0	NaN	0	0	15109	0	0	0	0	0	0	NaN	NaN	NaN	NaN	0	0	0	0	0	0	0	0	15122	0	0	0	18000	18000	18000	18000	100	NaN	0.1437383721756476	0.19031056666558196	0.045235448382440153	0.09388185815506624	18.147267057355716	0.2998159379102077	4.6240241326746126e-8	NaN	0.03208409468445267	0.1610945378265247	0.03820623081342975	-0.00002136575987070546	NaN	437.92085071129014	5.609254212490471	96711.52519444445	11.369999885559082	-1.742892790710511	96.80098388332792	96.20443325720893	97.39753239313761	-1.1930980944765932	0.00026590139191507155	-1	0	2.088246220813857	71.1007986939748	1.0000678477883338	-273.1499938964844	9.000353918737835	-273.1499938964844	236
DATA	2026-04-10T070000_AIU-0547.ghg	2026-04-10	07:30:00	100.312	1	18000	18000	0.02191842738386853	0	NaN	37.265904657247525	0	NaN	25.951463791489278	0	NaN	-0.7580118110903771	1	NaN	0.5790235325306861	0	NaN	-0.0031781004471477378	0	NaN	NaN	NaN	NaN	NaN	NaN	NaN	NaN	NaN	NaN	8.62441699876446e-12	1.1187535431739103e-13	4.403281723400429e-14	NaN	18.219422256290862	435.64219347092353	438.1180516303437	0.1	1	236.3411139179273	5.651121085303177	5.683237749984907	0.1	1	0.0930210691847735	2.0975321483785336	2.1094529222660054	0	0	NaN	NaN	NaN	NaN	9	278.48810849677193	278.60725289323597	96331.47521831597	1.2019996852871304	1008.2892508729796	0.02404552297475817	0.037520724907988454	0.00423501721334396	544.5268551796989	898.0454168976685	0.00352330975222536	60.634667794507244	353.51856171796953	271.5745576129056	1.3757932989982191	0.4032271809265577	0.2017550648131877	1.447792964199014	1.576657390910273e-14	4.733639122824871e-16	1.447792964199014	3.046037529458954	315.66482304426205	16.335176955737953	8.01043973346594	NaN	0.13503691835941273	0.187505834627773	-5.606827874665539	-0.5172265075415735	1.4359846888277952	0.22770347515880032	1	20.053562184481297	9	16	26	40	64	147	0.021694985963644657	1.0102992193955924	38.20498903542431	1.0136936703819237	23.860936350480568	1.0876129675006072	-0.6969499571454437	1.0876129675006072	0.5323801295430607	1.0876129675006072	-0.016025546568484116	1.1480693307988699	NaN	NaN	800000009	800000009	800000009	800000009	800000009	800000009	899999999	899999999	89999	89999	89	89	4	1	1	18	4	0	0	NaN	0	0	15363	0	0	0	0	0	0	NaN	NaN	NaN	NaN	0	0	0	0	0	0	0	0	14420	0	0	0	18000	18000	18000	18000	100	NaN	0.15673817409855642	0.18074028130418707	0.037533213852802574	0.09910602287629645	16.523195005683764	0.19953259889011732	3.3632777676886824e-8	NaN	0.031523221102327276	-0.016853794588646744	0.01287413142709101	-0.000016025546568484116	NaN	435.64214045318346	5.650923993416745	96730.13359006077	11.369999885559082	-1.6181207297424818	96.7769225247701	96.17961588668824	97.37422817018297	-1.1946094362404607	0.00026561628458633403	-1	0	2.092403099556764	70.8708448056115	1.000075761737095	-273.1499938964844	9.000484205802282	-273.1499938964844	089
DATA	2026-04-10T073000_AIU-0547.ghg	2026-04-10	08:00:00	100.333	1	18000	18000	0.028323211582844284	0	NaN	46.291400752975285	1	NaN	22.504918612365742	0	NaN	-2.2743920720795394	2	NaN	0.50239377144946	0	NaN	0.0038700212544937494	0	NaN	NaN	NaN	NaN	NaN	NaN	NaN	NaN	NaN	NaN	2.0435272918754864e-10	2.6776574487945154e-12	1.046088175826635e-12	NaN	18.170227286749093	435.54686035890575	438.04680261336955	0.1	1	238.08658995691832	5.707020892628963	5.7397779251669405	0.1	1	0.09301397633552552	2.1027887631287094	2.1148583036526043	0	0	NaN	NaN	NaN	NaN	9	279.06193279859764	279.16879355621353	96346.13897222222	1.1997390830165906	1008.329189612319	0.02409032032197507	0.032555116389925004	0.004268956031830667	549.9969193270425	933.6910412295897	0.0035582370302523806	58.90566526189911	383.6941219025472	271.7104594084016	1.4262035940919935	0.5007177798399869	0.21362142496028433	1.5265677515429572	2.5103049585016734e-14	1.1246569784879679e-14	1.5265677515429572	3.194965946648983	312.65462337139013	19.34537662860985	8.044129218500643	NaN	0.15364833023621877	0.3137841608777317	-6.6498178618425765	-0.4361021700519852	2.0569459303682893	0.24904815643089198	1	18.926709572854545	8	15	25	38	62	144	0.02804280792005726	1.0099991293163788	46.950683833097926	1.013572893241794	20.682399863756192	1.088119307266819	-2.0902046833379395	1.088119307266819	0.46170835136763855	1.088119307266819	-0.012060586196386867	1.1482381754259596	NaN	NaN	800000009	800000009	800000009	800000009	800000009	800000009	899999999	899999999	89999	89999	89	89	1	0	0	15	1	0	0	NaN	0	0	13430	0	0	0	0	0	0	NaN	NaN	NaN	NaN	0	0	0	0	0	0	0	0	15520	0	0	0	18000	18000	18000	18000	100	NaN	0.2855535782734738	0.3032657407352671	0.0387490027467226	0.22926207284460548	16.984559127411178	0.23336842003857744	2.827813592315441e-8	NaN	0.038810816168863206	-0.050642797389287356	0.011186561142860494	-0.000012060586196386867	NaN	435.5458877048885	5.706790565417824	96748.20445746528	11.369999885559082	-1.4879943126906445	96.73005502637227	96.13248292287192	97.32762579260933	-1.195141710238324	0.00026637762943735444	-1	0	2.097611542231506	71.15381333245173	1.0000781854076517	-273.1499938964844	9.000491575082144	-273.1499938964844	160
DATA	2026-04-10T080000_AIU-0547.ghg	2026-04-10	08:30:00	100.354	1	18000	18000	0.01077981885258922	0	NaN	21.07603350748093	1	NaN	14.25754437311663	0	NaN	-1.6637555561643154	1	NaN	0.31888361224681727	0	NaN	-0.0023308446191476298	1	NaN	NaN	NaN	NaN	NaN	NaN	NaN	NaN	NaN	NaN	4.58694350891733e-11	5.679829060946376e-13	2.3931381259210926e-13	NaN	17.829116323256656	434.1918198720766	436.53883775606914	0.1	1	220.77083100534796	5.376423999424193	5.405486185078204	0.1	1	0.09301954109903252	2.121711233204361	2.1331801139641726	-0.1	0	NaN	NaN	NaN	NaN	9	281.0379749001399	281.14896892123744	96341.90562977431	1.1913860292148912	1008.1835396151747	0.024262261705655694	0.020663658073593758	0.003993162851220166	518.1138748708963	1069.563936980898	0.0033516952132228808	48.44159913743891	551.4500621100017	270.90079907272747	0.8109770956739991	-0.271561951817613	0.1352482565662643	0.8658647898413661	8.205051613449952e-15	2.572726222518403e-15	0.8658647898413661	2.2226085097047124	350.5135203446771	341.4864796553229	8.986410760874731	NaN	0.09512167297318759	0.22831586831308714	-3.465406132234146	-0.8368427507024613	1.4782372725573225	0.18446640959757168	1	13.948654020730018	6	11	18	27	44	99	0.010626797670268785	1.0143995573331137	21.546757423712602	1.015936309117353	13.126816706639888	1.0861387563905567	-1.531807558081518	1.0861387563905567	0.2935938068415195	1.0861387563905567	-0.00957948462790829	1.1492503064406228	NaN	NaN	800000009	800000009	800000009	800000009	800000009	800100009	899999999	899999999	89999	89999	89	89	0	0	6	9	0	0	0	NaN	0	0	1169	0	0	0	0	0	0	NaN	NaN	NaN	NaN	0	0	0	0	0	0	0	0	17010	0	0	0	18000	18000	18000	18000	97	NaN	0.10918425271413436	0.3303845707229447	0.01706291318909528	0.7747757492638503	9.922986476334648	0.22891112007745162	1.1766628531014223e-7	NaN	0.01793865249129621	-0.03736606555667294	0.0071617647893140735	-0.00000957948462790829	NaN	434.1911464699429	5.376197984598887	96750.70691001158	11.369999885559082	-2.300326227271352	96.66312390793695	96.07370165040757	97.25253739696078	-1.1788310797082062	0.0002705706404134014	-1	0	2.1168067029847037	71.78846451123559	1.000089128598571	-273.1499938964844	9.000499548064338	-273.1499938964844	191
DATA	2026-04-10T083000_AIU-0547.ghg	2026-04-10	09:00:00	100.374	1	18000	18000	0.05607734683117013	1	NaN	-39.95875307295671	2	NaN	98.35252008660132	1	NaN	5.896856075755876	1	NaN	2.2074675416941663	1	NaN	0.022334298288908892	1	NaN	NaN	NaN	NaN	NaN	NaN	NaN	NaN	NaN	NaN	-1.128015452464845e-10	-1.252322277072517e-12	-5.888301584528996e-13	NaN	17.347074232883244	427.8117353246692	429.8533513584007	0.1	1	192.5871445856578	4.7495640717460095	4.772230084296489	0.1	1	0.09055266438879915	2.099681902341702	2.1097020674835103	0	1	NaN	NaN	NaN	NaN	9	284.3128047561644	284.8099548678927	96337.54909765624	1.1762979341585413	1007.9136246440867	0.024579304611240808	0.14304389670178197	0.0034820816696400506	457.6840979459544	1367.269615953647	0.002960203846766882	33.474312060004905	909.5855180076926	269.236738609933	0.04951205585364832	-0.44110238708585897	0.12261341835460488	0.46049626483649025	1.9675562537466057e-13	-6.50262653702473e-15	0.46049626483649025	2.297406522830071	55.595574999578844	276.40442500042116	15.442052877593168	NaN	0.21834088271696928	0.3324413982403385	22.10398968283832	0.13119803445491013	-0.40628092740045957	-0.15436051380718627	0	86.60655465511377	-13.142878799139817	29.729227629001464	74.02998031250405	112.90039098765678	158.34440365344307	237.22877080102782	0.05536020626099859	1.0129540805319717	-34.12360995852416	1.019356168632871	86.7532671966629	1.1337039314455308	5.201407450565229	1.1337039314455308	1.9471287701009659	1.1337039314455308	0.02456657908756216	1.2455780903993752	NaN	NaN	800000009	800000009	800000009	800000009	800000009	800100009	899999999	899999999	89999	89999	89	89	5	14	8	21	0	0	0	NaN	0	0	0	0	0	0	0	0	0	NaN	NaN	NaN	NaN	0	0	0	0	0	0	0	0	14421	0	0	0	18000	18000	18000	18000	93	NaN	0.17057064437978764	0.4580644670022932	0.03624768509859626	0.9467903144148206	12.782118292410392	0.6585491802134846	7.19489243412265e-7	NaN	-0.028781559299381046	0.12845725776802225	0.0480875272136605	0.000024566579087562162	NaN	427.8091019377041	4.748914417183758	96762.00703276909	11.369999885559082	-4.082842820840026	96.45853248977659	95.87887775336372	97.03818792894151	-1.159313359694346	0.00027456557266608176	-1	0	2.0953590747250455	72.9547230809529	1.0001248376617828	-291.5609946695992	9.000808996333017	-273.1499938964844	248
DATA	2026-04-10T090000_AIU-0547.ghg	2026-04-10	09:30:00	100.395	1	18000	18000	0.15794016984098413	1	NaN	23.03476611823118	1	NaN	30.741516415081918	1	NaN	0.7565219994711363	1	NaN	0.6923177325436798	1	NaN	-0.003359975855704019	1	NaN	NaN	NaN	NaN	NaN	NaN	NaN	NaN	NaN	NaN	5.5900856811415744e-11	4.904205544862215e-13	2.9285606711744267e-13	NaN	16.916857736800946	423.2545955717577	424.83209496506686	0.2	0	148.41230035945011	3.7132302667452777	3.727069734891146	0.4	0	0.08862483881952035	2.087403452531101	2.095183350763537	0	0	NaN	NaN	NaN	NaN	9	286.73850319417323	288.3383706266615	96328.57927126736	1.1622514055292277	1007.4290873179032	0.024886126542355308	0.044862189068830445	0.0026887434828129983	357.78614271128436	1720.8559397847246	0.0023133923263260647	20.791173417807574	1363.0697970734402	266.00043431793273	-0.5391419007429817	-0.0677591156692901	0.10117258504358818	0.5527216106300393	-1.1389621180929933e-13	3.304446823467042e-15	0.5527216106300393	3.093533638598711	144.83665008208402	187.16334991791604	10.547136852390029	NaN	0.3686347397957838	0.49142309627664793	-184.5079746113526	-0.01571747782776629	0.7493048100558314	0.05336702344765777	0	83.66464302216488	-12.696432358872103	28.719364565534352	71.51527849650849	109.06531205011295	152.96565091382104	229.17041905999707	0.15482221850088135	1.0201389139769046	24.309198461544693	1.0195663240558723	28.23042242529377	1.0889499261455706	0.6947261589418617	1.0889499261455706	0.6357663616307835	1.0889499261455706	-0.011890830898622239	1.1538452112295439	NaN	NaN	800000009	800000009	800000009	800000009	800001109	800101109	899999999	899999999	89999	89999	89	89	15	10	4	11	9	8	0	NaN	0	0	0	0	0	0	0	0	0	NaN	NaN	NaN	NaN	0	0	0	0	0	0	0	0	10354	0	0	0	18000	18000	18000	18000	93	NaN	0.4832211803641186	0.3869767042835333	0.11264830790564392	0.15200262212920518	0.36494626266762914	0.09010616442614193	4.405979683647681e-8	NaN	0.02076137310065841	0.017353497922116212	0.0158807468144214	-0.00001189083089862224	NaN	423.2543747519663	3.7131441797009948	96755.42244791667	11.369999885559082	-7.183552143394907	96.08642003631593	95.51797453223335	96.6548654869927	-1.136893040776253	0.0002779556192593494	-1	0	2.0841282786395805	73.42273130818474	1.0001597463919056	-273.1499938964844	9.001107029994328	-273.1499938964844	111
DATA	2026-04-10T093000_AIU-0547.ghg	2026-04-10	10:00:00	100.416	1	18000	18000	0.31584798392923247	1	NaN	95.26400096813752	1	NaN	-0.8329362627784714	2	NaN	-4.315736915970231	1	NaN	-0.018750790708806322	2	NaN	-0.010734125111564092	1	NaN	NaN	NaN	NaN	NaN	NaN	NaN	NaN	NaN	NaN	8.301930220628457e-10	6.864338574864789e-12	4.3596439214229055e-12	NaN	16.837582986929146	423.31587984221625	424.80274468373256	0.1	1	139.21927471454404	3.5001300253446184	3.512423965929508	0.1	1	0.08842024007624405	2.078510271190517	2.085810880480477	-0.2	0	NaN	NaN	NaN	NaN	9	287.19953272501635	287.92566893768316	96309.64523177083	1.1637824578302138	1007.3045793229427	0.024855392269249283	-0.0012150512379306496	0.0025375718658608554	337.18670351493165	1675.729468688341	0.0021804520671259904	20.121786351281443	1338.5427651734094	265.23424935840984	-0.02551251028628506	-0.3248424679977155	0.12950567214041786	0.3506354749772835	5.658638240284646e-14	4.9305949833020364e-14	0.3506354749772835	4.053511676050204	66.4906836137801	265.5093163862199	21.67526480320405	NaN	0.5209585274078896	1.376630344298504	-125.89579184328267	-0.02303492402359224	-114.37129733115489	0.1559886685733205	0	94.49900712185391	-14.340588910244126	32.438451161436916	80.77632997456912	123.18899989139227	172.77432393125338	258.8474208529353	0.30701114233889004	1.0287834556199527	92.97827941584407	1.0252215540615675	-0.7605324532203271	1.0952014726676873	-3.9405872103677657	1.0952014726676873	-0.017120859656199347	1.0952014726676873	-0.03802730989419541	1.1619277089543028	NaN	NaN	800000009	800000009	800000009	800000009	800000109	800010109	899999999	899999999	89999	89999	89	89	4	0	1	4	4	18	0	NaN	0	0	0	0	0	0	0	0	0	NaN	NaN	NaN	NaN	0	0	0	0	0	0	0	0	4013	0	0	0	18000	18000	18000	18000	93	NaN	0.592940114895021	1.994390446331862	0.16593012737012483	0.15546754943277613	0.461523023456209	0.06701329747376204	4.656157956503764e-8	NaN	0.07931382418840474	-0.0982889572963014	-0.0004270407819415056	-0.00003802730989419541	NaN	423.3160367234827	3.4999161087424926	96716.00616731771	11.369999885559082	-7.948373280260214	95.92307546679179	95.35507731140984	96.49107396125794	-1.1360008956127696	0.00027952654993471993	-1	0	2.0754264029131995	72.42958820597318	1.0001351876076725	-273.1499938964844	9.000976254171796	-273.1499938964844	099
DATA	2026-04-10T100000_AIU-0547.ghg	2026-04-10	10:30:00	100.437	1	18000	18000	0.33209520385462815	1	NaN	9.683767541175408	2	NaN	18.647303279579397	2	NaN	-7.841686431395185	2	NaN	0.42028904716619087	2	NaN	-0.03749453988328095	1	NaN	NaN	NaN	NaN	NaN	NaN	NaN	NaN	NaN	NaN	3.7123188533095795e-10	3.2500951631903433e-12	1.9490149273530796e-12	NaN	16.805270273379772	423.6694491823678	425.24676614639816	0.1	1	147.12833080845078	3.7091803856006273	3.7229896256960537	0.1	0	0.0882298205387713	2.086121168383983	2.0938877758518215	-0.2	0	NaN	NaN	NaN	NaN	9	288.22717578040226	289.18042019653313	96305.3271733941	1.1585891512449922	1007.4463797057065	0.024964828884130392	0.027234730256369168	0.002677343874615091	357.3096494090385	1816.249644401971	0.002310865652192653	19.672937060735855	1458.9399949929325	265.9831598444203	-0.2953967433024177	-0.1845649349126125	0.12312880967706993	0.3694376198027412	-4.8241824080313895e-14	2.2090206184842162e-14	0.3694376198027412	3.3920215464020345	120.00271138834978	211.99728861165025	19.46841375067801	NaN	0.5353854606759724	0.6446195553445163	-1344.3080299634853	-0.0021572436788008854	0.5193119560499706	0.015496241805829291	0	89.05783867031704	-13.514870605561168	30.570674107983496	76.12530102013987	116.09588727359407	162.8261326301731	243.94321748611532	0.3231704605653475	1.0276162099520727	10.489911592609836	1.0244527685779679	17.040323289637463	1.0943045482546196	-7.16590865303669	1.0943045482546196	0.3840695424656128	1.0943045482546196	-0.03813348780711945	1.160803682213069	NaN	NaN	800000009	800000009	800000009	800000009	800000009	800000109	899999999	899999999	89999	89999	89	89	3	0	0	10	7	7	0	NaN	0	0	0	0	0	0	0	0	0	NaN	NaN	NaN	NaN	0	0	0	0	0	0	0	0	6019	0	0	0	18000	18000	18000	18000	93	NaN	0.6631747676313996	0.42281000382097655	0.20325433923665664	0.09517537196513716	3.0390200320484464	0.10095125999857456	7.852249982871026e-8	NaN	0.00898711770954349	-0.17956188941540108	0.009623936900564473	-0.00003813348780711945	NaN	423.66889607473877	3.7088604865256833	96716.6938719618	11.369999885559082	-7.211108210941004	95.85431709543863	95.28986854235333	96.41876717164783	-1.1288974116510815	0.00028026397291816665	-1	0	2.082868680417538	72.00080745237844	1.0001300240788196	-282.39586928473466	9.001010652860005	-273.1499938964844	008
DATA	2026-04-10T103000_AIU-0547.ghg	2026-04-10	11:00:00	100.458	1	18000	18000	0.10021024127857944	0	NaN	34.16902971816087	0	NaN	34.20550832936904	0	NaN	-0.6099800326316916	2	NaN	0.7712355740129534	0	NaN	0.005319287235320727	0	NaN	NaN	NaN	NaN	NaN	NaN	NaN	NaN	NaN	NaN	3.767608441707797e-11	3.603182956270021e-13	1.9776878478462283e-13	NaN	16.89486709727572	426.95845909984865	428.70898589248594	0.1	1	161.57543469606742	4.083251926695835	4.099993231959674	0.5	0	0.08868430429069163	2.10080882484529	2.1094221268087967	0.1	0	NaN	NaN	NaN	NaN	9	288.51196476152217	289.5606157836914	96324.17787630208	1.1571304706144403	1007.6575624436256	0.024992758959408536	0.04997606519603938	0.002944060761730033	393.42138772333664	1860.8199987862342	0.0025442772759814427	21.14236669747506	1467.3986110628975	267.23775503192036	-0.3761446843537438	-0.20780212001955398	0.07634792860046809	0.436457960007295	2.3939112448443815e-14	2.2300314172434772e-15	0.436457960007295	3.121601525565086	123.08142907527053	208.91857092472947	10.074362926772128	NaN	0.2942828063399124	0.4737938193248115	-63.284251422400416	-0.04582498701996973	0.9989335457068227	0.09958007729078736	0	71.70368843597349	-10.881311354759433	24.61355591203151	61.2912344150803	93.4729997275158	131.0972111794555	196.40751138645464	0.09784136673915722	1.0242113803023376	35.359661757603526	1.0222171619158031	31.330604045733903	1.0917602571415024	-0.5587124358499455	1.0917602571415024	0.7064147728112382	1.0917602571415024	-0.0075437036723588	1.1575716735667203	NaN	NaN	800000009	800000009	800000009	800000009	800000009	800010109	899999999	899999999	89999	89999	89	89	12	6	3	24	1	35	0	NaN	0	0	0	0	0	0	0	0	0	NaN	NaN	NaN	NaN	0	0	0	0	0	0	0	0	4818	0	0	0	18000	18000	18000	18000	93	NaN	0.41537217013515415	0.426639981183323	0.10557548733114583	0.2924944497951956	1.6358450136789588	0.04153991092520335	7.002236296755648e-8	NaN	0.03032583749475708	-0.014021031999832859	0.017727660061250445	-0.000007543703672358801	NaN	426.95816851512654	4.083161476142674	96729.12042122395	11.369999885559082	-5.929556421480097	95.75747763485379	95.19418461757235	96.32077206039429	-1.1265929168032276	0.00028065728621570285	-1	0	2.0971874821450975	71.93285244567309	1.0001255240043003	-273.1499938964844	9.001075891017914	-273.1499938964844	015
DATA	2026-04-10T110000_AIU-0547.ghg	2026-04-10	11:30:00	100.479	1	18000	18000	0.0766266936192991	1	NaN	39.63293914172849	0	NaN	35.583933844469954	0	NaN	-0.5576448508663997	0	NaN	0.8035798475942005	0	NaN	-0.007012612442654554	0	NaN	NaN	NaN	NaN	NaN	NaN	NaN	NaN	NaN	NaN	-9.83203913679882e-12	-9.744333498790859e-14	-5.203503746342255e-14	NaN	16.74440521420626	425.04266882497103	426.84074023162145	0.1	1	165.9503856483245	4.212511218293558	4.230331537351753	0.6	0	0.08861801102508964	2.1151013708975914	2.124048950931596	-0.1	0	NaN	NaN	NaN	NaN	9	290.1293607499864	291.1951070495778	96287.74796339142	1.1501439684841916	1007.766879799279	0.025143345557636802	0.05207197412410419	0.003019067342500704	405.72201993209745	2063.5452722277428	0.0026249473328800923	19.66140628909449	1657.8232522956453	267.64178293940404	-0.6850814115071736	0.040615769808974134	0.14815166986573544	0.7020933687436791	3.544443517290153e-14	-5.871835404733958e-16	0.7020933687436791	3.110306861538186	155.39286895824517	176.60713104175477	12.181793513482386	NaN	0.25811541389777437	0.31513002948470714	-36.80677125741147	-0.07878985037069915	1.1137874557365104	0.1324738178844636	0	73.21575491399376	-11.110773276388814	25.13259940353464	62.58372609824215	95.44413109566261	133.86175095014528	200.5492957280513	0.07536144644508751	1.0167890510850732	40.99556698969545	1.0174215177137669	32.73501249981875	1.0870297924788321	-0.5129986820276214	1.0870297924788321	0.739243628053413	1.0870297924788321	-0.020691946485507356	1.1510036307603217	NaN	NaN	800000009	800000009	800000009	800000019	800000019	800001119	899999999	899999999	89999	89999	89	89	9	19	0	8	0	10	0	NaN	0	0	0	0	0	0	0	0	0	NaN	NaN	NaN	NaN	0	9	0	0	0	0	0	0	7491	0	0	0	18000	18000	18000	18000	93	NaN	0.2267059138459128	0.3264631633813706	0.07709098174213096	0.3447700863073815	0.4288459489704638	0.04577628369587842	1.1794196761738235e-7	NaN	0.03536914893911017	-0.012953082775822746	0.018665708589792843	-0.000020691946485507356	NaN	425.04252227337275	4.212440987076911	96693.01526432292	11.369999885559082	-5.525694453299045	95.62958411004809	95.06766019312542	96.19151481925118	-1.1238551180130911	0.0002822473582151968	-1	0	2.1113641076975402	71.75728340815834	1.0001116398506695	-273.1499938964844	9.001068861696455	-273.1499938964844	183
DATA	2026-04-10T113000_AIU-0547.ghg	2026-04-10	12:00:00	100.499	1	18000	18000	0.16802076327998425	1	NaN	13.733060909692869	1	NaN	72.25065277534235	0	NaN	0.6485436737337708	2	NaN	1.6329677421922864	0	NaN	0.0019409109778544078	2	NaN	NaN	NaN	NaN	NaN	NaN	NaN	NaN	NaN	NaN	1.1175561041891896e-10	1.2065478541360322e-12	5.932123985942403e-13	NaN	16.663283341658616	424.7977182583252	426.75492151687325	0.1	1	179.90191886899075	4.586246484495942	4.607377051300215	0.4	0	0.0884507385580649	2.1197914353097054	2.129558113722294	0.2	0	NaN	NaN	NaN	NaN	9	291.23543601735423	292.05603259616436	96255.4824952257	1.1462070288932908	1007.990616280826	0.025226135613885137	0.10581630969406015	0.0032761325131836832	441.56978286356434	2177.910615859335	0.002858238023847159	20.27492678754104	1736.3408329957706	268.7601036601915	-0.21966126379912437	0.20076072957233618	0.13076139522848404	0.325045356580206	3.655636197456384e-14	6.706698081495572e-15	0.325045356580206	2.8293517272133983	194.42593823335477	137.57406176664523	23.72120367247412	NaN	0.38286876989602536	0.4155177082524161	-346.62163808983746	-0.008366471337396361	0.1900752502872843	0.03104544196104913	0	73.22499903931498	-11.112176108070376	25.135772612617952	62.59162783753039	95.45618174664696	133.87865215949503	200.57461681946083	0.16303724652834867	1.0305667377102634	17.42277474851052	1.0263987241235224	65.88664037343574	1.0965903309963343	0.5914183769471324	1.0965903309963343	1.4891319903474007	1.0965903309963343	-0.006858415417700765	1.163658420121621	NaN	NaN	800000009	800000009	800000009	800000009	800000109	800010109	899999999	899999999	89999	89999	89	89	15	15	0	8	4	25	0	NaN	0	0	0	0	0	0	0	0	0	NaN	NaN	NaN	NaN	0	0	0	0	0	0	0	0	7256	0	0	0	18000	18000	18000	18000	93	NaN	0.2859118522194066	0.37555766905819793	0.16956589522722765	0.4269645759905389	0.2736987890255999	0.10967044286442945	1.0239345955464471e-7	NaN	0.015079875825109232	0.014987957085270008	0.037738168504061684	-0.000006858415417700765	NaN	424.7976161927752	4.586068485082084	96656.62857790799	11.369999885559082	-4.4235003607269565	95.54160614585878	94.98436187193127	96.09885271962483	-1.1144862500164243	0.0002828079667686122	-1	0	2.115720954550636	71.13884596148601	1.0000941701249944	-273.1499938964844	9.000930261002647	-273.1499938964844	228
DATA	2026-04-10T120000_AIU-0547.ghg	2026-04-10	12:30:00	100.52	1	18000	18000	0.11532403334050434	1	NaN	37.8636583052409	0	NaN	63.13210304038612	1	NaN	1.4892048244958382	1	NaN	1.4282646550766722	1	NaN	0.021933708116519006	2	NaN	NaN	NaN	NaN	NaN	NaN	NaN	NaN	NaN	NaN	-1.421677154360629e-10	-1.7025878668626623e-12	-7.548768793515901e-13	NaN	16.606038824867507	425.1676012614484	427.3435359293371	0.1	0	198.87243832503623	5.091769232350064	5.11782803165812	0.5	0	0.08817413101179732	2.123375910362156	2.1342429831179555	0	1	NaN	NaN	NaN	NaN	9	292.8206255730522	293.06365256076396	96229.62163997396	1.1417405469424284	1008.2902543808782	0.025319970772679955	0.09255154964896835	0.0036237673401283655	490.1104583941672	2318.7804592362604	0.0031738973883626924	21.1365615249145	1828.6700008420933	270.152351024879	-0.45635350319463835	-0.04608571509462059	0.12900715441029217	0.4764716769156679	2.2578658032141243e-14	-8.561205771912749e-15	0.4764716769156679	2.7902821815003156	146.2334283036048	185.76657169639523	15.70920686518808	NaN	0.3178163233480801	0.33989170447124184	-71.90213777572241	-0.040332597746199114	0.5997528433516496	0.10348880662778026	0	74.39109947025717	-11.289136347310107	25.536057155604446	63.588392947155434	96.97631143092455	136.0106556559147	203.76874655900045	0.11277510188880155	1.0226018989033243	40.69819484947865	1.021165753236973	57.886980047172614	1.0906097189547497	1.365479143100894	1.0906097189547497	1.3096019870843754	1.0906097189547497	0.004522004862901831	1.156075738323505	NaN	NaN	800000009	800000009	800000009	800000009	800000109	800000109	899999999	899999999	89999	89999	89	89	9	14	1	2	0	20	0	NaN	0	0	0	0	0	0	0	0	0	NaN	NaN	NaN	NaN	0	0	0	0	0	0	0	0	5925	0	0	0	18000	18000	18000	18000	93	NaN	0.3337477731854696	0.23372082941278693	0.11231480634422719	0.3348559437558475	0.11943945393997135	0.07167879076108201	1.4852905905551816e-7	NaN	0.035352664569660464	0.03475088293375226	0.03332883228053509	0.000004522004862901831	NaN	425.1676181013488	5.091661237537556	96631.23749652778	11.369999885559082	-3.017410416089154	95.3897614525689	94.828806690428	95.95071599684823	-1.1219095336596168	0.0002849048771604429	-1	0	2.118855459862285	71.20126716765652	1.0000568059484163	-295.759994845923	9.000644340674082	-273.1499938964844	242
DATA	2026-04-10T123000_AIU-0547.ghg	2026-04-10	13:00:00	100.541	1	18000	18000	0.16266390036004594	1	NaN	53.62917777680224	1	NaN	26.816476054655997	1	NaN	0.9990627618605892	1	NaN	0.6069593321241453	1	NaN	-0.03757861682241956	1	NaN	NaN	NaN	NaN	NaN	NaN	NaN	NaN	NaN	NaN	-7.182084191095167e-10	-9.177529660591514e-12	-3.828723553728445e-12	NaN	16.521068368799067	424.6255698228314	426.94216686549123	0.3	0	211.11224951568462	5.426020717671882	5.4556230413219025	0.2	0	0.08807276817334764	2.1258962202206764	2.1374943086231712	-0.3	0	NaN	NaN	NaN	NaN	9	293.49168734147815	293.5388755815294	96191.0338953993	1.1392907486381774	1008.4839454084887	0.02537120262413107	0.039330964721644615	0.0038538533807910545	522.0745461866818	2387.9414765740507	0.003382677675033929	21.862953983934965	1865.866930387369	271.0037442457198	0.3922527935959925	0.08254689385245308	0.16909886984996	0.43505249287075765	-1.3472089198333873e-14	-4.3472274496841395e-14	0.43505249287075765	2.7070578034164434	320.11590760088643	11.884092399113577	22.87277125439247	NaN	0.37785772496387793	0.47163672311286753	-85.2950063735552	-0.03399964573892234	1.99985925322544	0.12352909893133043	0	83.84479128671585	-12.723770553034164	28.781203635165195	71.66926652352501	109.30015350737384	153.29501939676229	229.66387306623884	0.15880915625604644	1.0242728076571639	54.06697602836567	1.0222574412627954	24.561601536375104	1.091804865205613	0.9150561549040559	1.091804865205613	0.5559229047855914	1.091804865205613	-0.052053229862676666	1.1576291239119092	NaN	NaN	800000009	800000009	800000009	800000009	800010109	800010109	899999999	899999999	89999	89999	89	89	0	1	0	30	23	36	3	NaN	0	0	0	0	0	0	0	0	0	NaN	NaN	NaN	NaN	0	0	0	0	0	0	0	0	2710	0	0	0	18000	18000	18000	18000	93	NaN	0.5199802127338641	0.3055723673850714	0.11772086610679965	0.12465041567563806	0.15659577862780213	0.048382174507677976	8.189756838122001e-8	NaN	0.04705746419659739	0.023342767432987088	0.014181401881769001	-0.00005205322986267667	NaN	424.6256587763243	5.4258229446865105	96588.80408072917	11.369999885559082	-2.160386378412345	95.27206968540614	94.70716139348346	95.8369783270094	-1.1298158883645737	0.0002857005479131152	-1	0	2.121075000855658	70.37016491190604	1.0000576937049628	-273.1499938964844	9.000683345476787	-273.1499938964844	065
DATA	2026-04-10T130000_AIU-0547.ghg	2026-04-10	13:30:00	100.562	1	18000	18000	0.24822884995434702	1	NaN	18.237817086850466	2	NaN	35.647825594124456	1	NaN	-1.5132747296248528	1	NaN	0.8078341445120658	1	NaN	-0.015948682765264913	1	NaN	NaN	NaN	NaN	NaN	NaN	NaN	NaN	NaN	NaN	9.527483687187806e-11	1.2875666692521409e-12	5.055817500727314e-13	NaN	16.46268863244841	424.7321153063146	427.1841223582313	0.1	1	222.48066609572192	5.739930216461863	5.773067219436371	0.7	0	0.08736026429400759	2.121270166882661	2.1335164021466597	-0.2	0	NaN	NaN	NaN	NaN	9	294.8785266901653	294.8036355794271	96126.41161284721	1.1335060452909325	1008.6877413999837	0.025497648201816193	0.05234765256438186	0.004056591551274541	551.9068980992653	2580.8733440793867	0.0035788001026790745	21.38450146596147	2028.9664459801215	271.7576300342247	-1.0849589747814015	0.0697000265106891	0.14026414296053016	1.0962062308045908	2.6476063534979304e-14	5.7873193740716666e-15	1.0962062308045908	4.515704907359334	155.6757492204137	176.3242507795862	7.35138675936704	NaN	0.46796589940148503	0.6743034855246006	-476.25253421183544	-0.006089206443382599	0.5116109266944029	0.03408615895325009	0	91.86345690266418	-13.940633996464262	31.53375205747216	78.5235012872232	119.75329399824072	167.95569756494453	251.62824048751656	0.2452283810258813	1.0122354065052082	20.043949093235607	1.014667122246655	32.82171739271665	1.0861048240588085	-1.393304491522003	1.0861048240588085	0.7437902186026241	1.0861048240588085	-0.022382601756132943	1.148121447568882	NaN	NaN	800000009	800000009	800000009	800000009	800000109	800000109	899999999	899999999	89999	89999	89	89	2	4	6	10	6	16	0	NaN	0	0	0	0	0	0	0	0	0	NaN	NaN	NaN	NaN	0	0	0	0	0	0	0	0	9695	0	0	0	18000	18000	18000	18000	93	NaN	0.8448164581535685	0.3600899359971935	0.14370057689843907	0.5125110531536483	0.14586829298435952	0.04208662791968363	1.6697429928019617e-7	NaN	0.017530839251807435	-0.035731137010188645	0.019074416518027014	-0.000022382601756132943	NaN	424.7320695172695	5.739853889000177	96518.74053971356	11.369999885559082	-1.4053374706331716	95.19020743709139	94.62440292210047	95.7560119344923	-1.1316109355654982	0.0002863241118967482	-1	0	2.1161868284278453	71.11501109628328	1.0000561872124671	-273.1499938964844	9.000596776008607	-273.1499938964844	103
DATA	2026-04-10T133000_AIU-0547.ghg	2026-04-10	14:00:00	100.583	1	18000	18000	0.5052820491862091	1	NaN	-105.72225062506475	1	NaN	55.727988202518084	1	NaN	-2.0684190252888204	1	NaN	1.2641405664058594	1	NaN	0.009329420707692798	2	NaN	NaN	NaN	NaN	NaN	NaN	NaN	NaN	NaN	NaN	-1.0738841060650048e-9	-1.4930948661270236e-11	-5.671700425697671e-12	NaN	16.346875654919142	423.694107400574	426.20484190327875	0.1	1	227.28184521709608	5.8909103225872235	5.925818789665043	0.4	0	0.08633574245787334	2.1064880099229635	2.1189706761523692	0	1	NaN	NaN	NaN	NaN	9	295.72830012681754	295.83292206573486	96063.47372395833	1.1287581015933714	1008.7975752891542	0.025603435090450034	0.08191630870309968	0.004146092329284656	566.0531060196299	2747.8056316822554	0.0036731451348450753	20.600187272819664	2181.7525256626254	272.1025621595965	-0.419032391249704	0.19461909593189342	0.1840113115528603	0.49731770549335313	9.910843870038125e-14	-6.569353855345739e-14	0.49731770549335313	4.780043860588607	176.91245593833509	155.08754406166491	21.716083627699014	NaN	0.6690622005291579	0.8839034196317622	240.00481968560823	0.012083090680423935	-1.8971122776021485	-0.13876981046078088	0	90.95233729742606	-13.802368081247444	31.22099418078216	77.74468995236852	118.56555757254482	166.28988033987528	249.1325427327209	0.49905891357641946	1.0124697414283068	-101.20383310477644	1.014825588105708	50.86567995672266	1.0955911382671453	-1.8879479333507205	1.0955911382671453	1.153843365696899	1.0955911382671453	0.03617312812016172	1.175061690578754	NaN	NaN	800000009	800000009	800000009	800000009	800000109	801000109	899999999	899999999	89999	89999	89	89	3	21	5	18	20	33	1	NaN	0	0	0	0	0	0	0	0	0	NaN	NaN	NaN	NaN	0	0	0	0	0	0	0	0	7250	0	0	0	18000	18000	18000	18000	93	NaN	0.8064840016592386	0.6601710906431688	0.3011517469611171	0.32139057209233735	0.08889245724767746	0.05069936994764771	8.700956315073499e-8	NaN	-0.08887754534723705	-0.04862447160253016	0.0297174635899634	0.00003617312812016172	NaN	423.69406156923	5.890809130128105	96460.5074561632	11.369999885559082	-1.0605986401021124	95.100899927987	94.53776782608033	95.66403038957384	-1.126257741146618	0.0002877513819613442	-1	0	2.101325365854634	70.82236482148693	1.000045283269551	-273.1499938964844	9.000557227293651	-273.1499938964844	015
DATA	2026-04-10T140000_AIU-0547.ghg	2026-04-10	14:30:00	100.604	1	18000	18000	0.5075405579337658	1	NaN	-26.281537122776886	2	NaN	47.25179304044906	1	NaN	1.7858025565477913	1	NaN	1.0723194583605378	1	NaN	-0.05171101374200453	1	NaN	NaN	NaN	NaN	NaN	NaN	NaN	NaN	NaN	NaN	2.0511845836877652e-10	2.9261397156360405e-12	1.0986946253356258e-12	NaN	16.301678797009664	423.7846841845029	426.3622771928575	0	0	232.5533749562007	6.045546583823748	6.0823175177147	0.4	0	0.08731816249331088	2.134934440284374	2.1479197894296886	-0.2	0	NaN	NaN	NaN	NaN	9	296.1876507246229	296.2698989495172	96011.76537608507	1.126420565078238	1008.8936301674927	0.025655063524952382	0.06948630090176285	0.00424636451206297	580.599298027525	2821.479706195484	0.0037697860317101274	20.577830021340535	2240.880408167959	272.44937060789715	-0.7171333992279245	-0.06205981623169155	0.18395510681750077	0.7429476525324292	-5.364871749521835e-14	1.2582658566822141e-14	0.7429476525324292	5.520449377512082	147.05401797759606	184.9459820224039	14.335638808351838	NaN	0.6712512245508563	1.1802280224539816	974.6312511621019	0.0029754843142390354	-0.5562019011697407	-0.03445241899716665	0	96.64645669784446	-14.66647266831418	33.175601109505614	82.6119375733906	125.98841729947519	176.70054665007834	264.72961793718736	0.5025845008975619	1.0098611418126762	-23.287654668424004	1.013142604667909	43.28674735656697	1.0915995293252396	1.6359502808247506	1.0915995293252396	0.9823377800679158	1.0915995293252396	-0.04150750923125198	1.1669933395178917	NaN	NaN	800000009	800000009	800000009	800000009	800000109	801100119	899999999	899999999	89999	89999	89	89	10	9	1	8	1	31	1	NaN	0	0	0	0	0	0	0	0	0	NaN	NaN	NaN	NaN	0	0	0	0	0	0	0	0	6285	0	0	0	18000	18000	18000	18000	93	NaN	1.4957901166925	0.6042350958717732	0.26043083234368997	0.29275987052834074	0.08140772891243243	0.07018327203287408	2.469518605490106e-7	NaN	-0.02049178551435425	0.042225754620375804	0.02535526570805119	-0.00004150750923125198	NaN	423.7847080414041	6.0452604578929225	96403.93870442707	11.369999885559082	-0.7171043483852493	95.07314874521892	94.511452615526	95.634847208235	-1.1233939861059188	0.0002890611214291615	-1	0	2.1295873833960965	70.37534765258012	1.0000419141004482	-273.1499938964844	9.000562807506984	-273.1499938964844	181
DATA	2026-04-10T143000_AIU-0547.ghg	2026-04-10	15:00:00	100.624	1	18000	18000	0.40644407747009287	0	NaN	34.45259000643839	0	NaN	32.30864237488219	1	NaN	-1.6438987524526085	1	NaN	0.7335838924919214	1	NaN	0.04008759274915387	2	NaN	NaN	NaN	NaN	NaN	NaN	NaN	NaN	NaN	NaN	-7.850893136552454e-10	-1.1423193837469464e-11	-4.165573761907968e-12	NaN	16.278910758669213	424.200395431745	426.83490314671207	0.1	1	236.86114410774476	6.172193734732086	6.210526306289152	0.1	0	0.08637361679658717	2.1172173390606814	2.1303663730410496	0.9	0	NaN	NaN	NaN	NaN	9	296.71695753987626	296.80474853769937	95951.33376432292	1.123629078946847	1008.9773254529289	0.025717565171146796	0.0475362362334765	0.004324784724579356	592.3890805868788	2913.998422519224	0.0038489433974358174	20.32908034571768	2321.609341932345	272.72485724458454	0.12143558656077351	-0.533620595982796	0.24438516669783703	0.5993510255621329	-1.0209177972761749e-13	-4.822738605143787e-14	0.5993510255621329	6.874143164753137	49.17958525846848	282.8204147415315	24.063549071870234	NaN	0.6014353003671089	1.7785561555124103	-534.5651411774007	-0.005424970273244223	1.066358332444912	0.050527590039685315	0	83.77818528446403	-12.713662835224849	28.758339949959296	71.61233271458835	109.21332585643793	153.1732423817511	229.48142890707456	0.39889542263495026	1.018923894351254	35.742337963099565	1.018782959490359	29.69013063824772	1.0881946855855602	-1.510666036351779	1.0881946855855602	0.6741292731981852	1.0881946855855602	0.02403874644646627	1.1527814888596393	NaN	NaN	800000009	800000009	800000009	800000009	800000109	800100119	899999999	899999999	89999	89999	89	89	4	16	2	8	5	52	0	NaN	0	0	0	0	0	0	0	0	0	NaN	NaN	NaN	NaN	0	0	0	0	0	0	0	0	6117	0	0	0	18000	18000	18000	18000	93	NaN	1.3530453893471075	1.9052277560521245	0.2988391656255885	0.2342245454605815	0.08476352701095131	0.07193526848890586	1.5553137673502566e-7	NaN	0.03152670481448287	-0.03909200036315227	0.01744466424645186	0.00002403874644646627	NaN	424.20053899258374	6.171931716612806	96341.93919097222	11.369999885559082	-0.44215503689398167	95.02508628145854	94.46318768035042	95.58698893886142	-1.1237891384363177	0.0002896252996902654	-1	0	2.1118151788976474	70.3026595394876	1.0000308350159062	-273.1499938964844	9.000476908418868	-273.1499938964844	203
DATA	2026-04-10T150000_AIU-0547.ghg	2026-04-10	15:30:00	100.645	1	18000	18000	0.4869452923047633	1	NaN	-78.54508566323571	2	NaN	76.62438579196404	1	NaN	1.6781288159378709	1	NaN	1.7410668412951564	1	NaN	0.020336654538220776	2	NaN	NaN	NaN	NaN	NaN	NaN	NaN	NaN	NaN	NaN	-1.8367197863285493e-11	-2.6373401981454593e-13	-9.698315975459673e-14	NaN	16.2137629619525	423.5918251529063	426.1840220329012	0.1	1	232.81291539977053	6.08234177252843	6.11956304647563	0.2	0	0.08561251287576227	2.1057996215894486	2.1186861951370095	0	1	NaN	NaN	NaN	NaN	9	297.21746209801563	297.5580617082384	95896.54102387154	1.1201825681284299	1008.949631717241	0.025797569950166053	0.11282113131592614	0.0042486094942517	583.4319947988844	3048.795095571496	0.0037927830829845525	19.136477739889575	2465.3631007726117	272.5160102852641	-0.525555160230162	-0.0927383500913737	0.1950017572671581	0.5681851048377696	-4.719308690896312e-14	-1.1328152450721206e-15	0.5681851048377696	5.17212805765319	141.99272626450608	190.0072737354939	20.07202330220937	NaN	0.6593191358358095	0.8825637336840747	308.78026535977455	0.009391791915914938	-1.0250664308942898	-0.10540592911555276	0	90.28974050066932	-13.701816461024807	30.993546142057237	77.17831217629411	117.70179572774099	165.0784420709944	247.31758745298194	0.4814069191896617	1.0115045565286518	-73.20018267102819	1.0142194346918192	70.02947036093623	1.0941734300864652	1.5336954542985564	1.0941734300864652	1.5912165232869635	1.0941734300864652	0.03676410033134045	1.1723684010066289	NaN	NaN	800000009	800000009	800000009	800000009	800000109	800010109	899999999	899999999	89999	89999	89	89	4	20	0	14	10	26	0	NaN	0	0	0	0	0	0	0	0	0	NaN	NaN	NaN	NaN	0	0	0	0	0	0	0	0	8829	0	0	0	18000	18000	18000	18000	93	NaN	0.9926071811591614	0.47468070867252654	0.29783957753646156	0.3022763534375277	0.0709511570184535	0.06741771265557799	1.2228405580731899e-7	NaN	-0.06476701306308144	0.03980780538949357	0.04130079248394473	0.00003676410033134045	NaN	423.5919150634305	6.082085250496712	96293.67218012153	11.369999885559082	-0.6490610231959429	94.96600052070616	94.40098002709283	95.53102896775138	-1.1300446585019421	0.0002902675323938537	-1	0	2.1005126347674263	71.10181169171155	1.0000334203756518	-273.1499938964844	9.000460107829836	-273.1499938964844	218
DATA	2026-04-10T153000_AIU-0547.ghg	2026-04-10	16:00:00	100.666	1	18000	18000	0.31002810514107976	1	NaN	50.51271820572653	1	NaN	59.2703942860194	1	NaN	-0.21959227390417166	2	NaN	1.3470881017737057	1	NaN	-0.013334813281378017	1	NaN	NaN	NaN	NaN	NaN	NaN	NaN	NaN	NaN	NaN	-1.335583047493649e-10	-1.9491759414412568e-12	-7.099785332809891e-13	NaN	16.176467462554914	423.3928190963458	426.0252621473355	0.1	1	236.08252032466194	6.179077357340535	6.217495744514829	0.6	0	0.08599199176932497	2.117834329154582	2.131001955083688	-0.2	0	NaN	NaN	NaN	NaN	9	297.49775889078774	297.8184353807237	95842.08336588541	1.1185266440506063	1009.0096290427113	0.025834814778626577	0.08729130899493613	0.004309958358176342	592.3745027847317	3096.6347253978442	0.003853246036740224	19.1296215186835	2504.2602226131125	272.7245196221972	-1.307123608508546	0.13267724941094022	0.14206736124695843	1.321498587045268	5.37430836459144e-14	-8.256333161645087e-15	1.321498587045268	6.534865946927434	157.7958555409651	174.20414445903486	6.1714946100428145	NaN	0.52647453066535	1.0881442770440442	-244.36929202818794	-0.01186728486190272	0.8522419804054076	0.08501229271713467	0	91.09578821856037	-13.824137311966773	31.270236239942403	77.86730964217924	118.75256033634368	166.55215437503352	249.52547702997458	0.30669545538401316	1.010866316075319	53.341606955183316	1.0139506889864285	54.53107087488898	1.0869105142278224	-0.20203344344329704	1.0869105142278224	1.2393735124834286	1.0869105142278224	-0.03126059385240445	1.1479194572434788	NaN	NaN	800000009	800000009	800000009	800000009	800000009	800100119	899999999	899999999	89999	89999	89	89	23	18	0	2	7	11	0	NaN	0	0	0	0	0	0	0	0	0	NaN	NaN	NaN	NaN	0	0	0	0	0	0	0	0	8026	0	0	0	18000	18000	18000	18000	93	NaN	1.3594803563134823	0.6310722163001912	0.18573598147441497	0.2640834146503153	0.043641228986417986	0.0585828523968586	9.101595399305051e-8	NaN	0.04726334451034012	-0.005251957547381499	0.0322181167730229	-0.00003126059385240445	NaN	423.39279965294725	6.178858636683519	96229.43835394966	11.369999885559082	-0.4402547357883962	94.93459844716389	94.36764891264173	95.50154460822212	-1.1339003387954503	0.0002911182595740279	-1	0	2.1124435384273528	71.37951526804216	1.0000390029400588	-273.1499938964844	9.000464079962835	-273.1499938964844	026
DATA	2026-04-10T160000_AIU-0547.ghg	2026-04-10	16:30:00	100.687	1	18000	18000	0.28864174073035814	0	NaN	42.92674539079567	0	NaN	37.7113137236005	0	NaN	0.5415824068865366	1	NaN	0.8573468208002405	0	NaN	0.003129965085791241	1	NaN	NaN	NaN	NaN	NaN	NaN	NaN	NaN	NaN	NaN	2.231608412193328e-12	3.311064935344809e-14	1.1847936889169238e-14	NaN	16.119926684296534	422.470464947828	425.13531787957095	0	0	239.17334113400662	6.268246413951898	6.307785165696756	0.4	0	0.08558305882431622	2.110814563427868	2.124129128218595	-0.2	0	NaN	NaN	NaN	NaN	9	297.749521402147	298.1189417945013	95796.80057269966	1.1168334725928013	1009.0667150342827	0.025873107110696437	0.05555607398785558	0.004365683712879228	600.6390235118404	3152.6610523059976	0.003908983586195721	19.051810947850104	2552.0220287941574	272.9147556869077	-1.3395989008707567	-0.09308060523676351	0.15031595161080458	1.351215785725595	-5.28360079152006e-14	1.384378760461288e-16	1.351215785725595	5.953863606105841	148.0252521853654	183.97474781463458	6.387087263172573	NaN	0.5083763710205816	0.974251561786358	-258.8253020454737	-0.011204468717245007	1.1382988592076348	0.0749263028412386	0	84.121909252195	-12.76582427342358	28.876329265189657	71.90614279242126	109.66140476343512	153.80167941990018	230.42294210644363	0.28557969551754814	1.0107222091096524	44.60560752917428	1.013882405789574	34.691099584852644	1.0870602020371414	0.4982082923021336	1.0870602020371414	0.7886838458381422	1.0870602020371414	-0.012507716867299753	1.1479401411739063	NaN	NaN	800000009	800000009	800000009	800000009	800000009	801100109	899999999	899999999	89999	89999	89	89	13	28	7	5	7	14	0	NaN	0	0	0	0	0	0	0	0	0	NaN	NaN	NaN	NaN	0	0	0	0	0	0	0	0	9860	0	0	0	18000	18000	18000	18000	93	NaN	0.9437314084335584	0.7934301260196218	0.21134158911953563	0.1675121163920917	0.2083349018210322	0.02682491386056177	1.0135053704189743e-7	NaN	0.03958048908149836	0.012971527048279658	0.020534451146041018	-0.000012507716867299753	NaN	422.47031923153435	6.268137243833242	96181.40883485242	11.369999885559082	-0.245474243919898	94.9416362753974	94.37580068948533	95.50747764248318	-1.131674419979254	0.0002914231601559246	-1	0	2.1053877778649324	71.7475769623403	1.0000874294208155	-387.6534987046904	9.000576820532482	-299.6359950086792	127
DATA	2026-04-10T163000_AIU-0547.ghg	2026-04-10	17:00:00	100.708	1	18000	18000	0.32663483042717767	1	NaN	19.256859805068142	1	NaN	53.45984539528935	1	NaN	-0.5459054107525694	1	NaN	1.2158213270055804	1	NaN	-0.022284399794566236	1	NaN	NaN	NaN	NaN	NaN	NaN	NaN	NaN	NaN	NaN	-2.345890004288218e-10	-3.5573189967406954e-12	-1.2515240694613818e-12	NaN	16.073557395504423	421.5152477702049	424.22685393363054	0.1	1	243.7402050552612	6.3918776906327	6.432996618200491	0.6	0	0.08575186358086065	2.1187243958396325	2.132354142712967	-0.2	0	NaN	NaN	NaN	NaN	9	297.9583969006009	298.49162793307835	95775.46059809029	1.115138297679544	1009.1447062169037	0.025911223805538102	0.0787852219899616	0.004445241136549038	612.3492420607658	3223.3712148616205	0.003986268919109853	18.99716791033806	2611.0219728008547	273.18037383451895	-1.208374273248616	0.08975809529079094	0.17876047115904178	1.22481843796066	2.5406060450215586e-14	-1.4594715697125855e-14	1.22481843796066	7.004841389555712	156.24813148089922	175.75186851910075	8.392211287285768	NaN	0.5412113316955587	0.9242560572849426	-696.0459767115926	-0.004166391441124037	0.3602116628411532	0.03161814668647036	0	90.1751564936928	-13.68442789589819	30.95421316039536	77.08036749053241	117.55242390201603	164.86894596154667	247.00372410583986	0.3229568970575257	1.0113883103385057	22.124296077812343	1.0142111862144887	49.20435391321542	1.0864860757968613	-0.5024504436029574	1.0864860757968613	1.1190399528257742	1.0864860757968613	-0.02956754814974932	1.1479230550428956	NaN	NaN	800000009	800000009	800000009	800000009	800000009	801100109	899999999	899999999	89999	89999	89	89	6	10	4	3	25	18	0	NaN	0	0	0	0	0	0	0	0	0	NaN	NaN	NaN	NaN	0	0	0	0	0	0	0	0	11194	0	0	0	18000	18000	18000	18000	93	NaN	0.9977331080883048	0.64945129431418	0.20132771216740036	0.17699575446277316	0.07405351524968314	0.03753163266497247	1.050826386763252e-7	NaN	0.01966017069666299	-0.013102880369695967	0.029182274227173226	-0.00002956754814974932	NaN	421.5153747702713	6.3917067020989125	96167.28501019966	11.369999885559082	0.019522388077512626	94.94725905270046	94.3818258005778	95.51269327100118	-1.130865705251694	0.00029137102720495835	-1	0	2.1131677509480054	71.77586916588857	1.0000845091497457	-432.3486255815256	9.000570099592208	-354.7882473246273	180
DATA	2026-04-10T170000_AIU-0547.ghg	2026-04-10	17:30:00	100.729	1	18000	18000	0.34128808486955114	1	NaN	2.404885971328635	1	NaN	60.41684164803684	1	NaN	0.4351860778369442	1	NaN	1.3741984400972422	1	NaN	0.00039506568379747285	1	NaN	NaN	NaN	NaN	NaN	NaN	NaN	NaN	NaN	NaN	1.2903856089034696e-10	1.9985176419810507e-12	6.876466982216951e-13	NaN	16.101130121031577	422.28512915801565	425.0651610263341	0.1	0	249.37036170186613	6.540248703530559	6.583305156545602	0.5	0	0.08580294827353041	2.121271921552263	2.135236901931853	-0.2	0	NaN	NaN	NaN	NaN	9	298.0397844204373	298.6086709391276	95763.14946289062	1.114495239170013	1009.2288385204856	0.025924716387381946	0.0890480589183013	0.004546058745479598	626.482816439474	3245.8614063693003	0.004079029309147286	19.300972469438687	2619.3785899298264	273.4950326102886	-1.0848150181681553	0.18973071462147678	0.22760450302741503	1.1245555466549628	-1.2285902228355209e-14	8.014254895176243e-15	1.1245555466549628	5.004724638558214	161.92051020084108	170.07948979915898	11.677051494757592	NaN	0.5533774456590422	0.6839509991881668	-5957.506786880513	-0.0004867808134749111	0.03980489389595191	0.003863715721308023	0	87.33426393883322	-13.253311490464627	29.979026677463615	74.6520152631092	113.8490335353767	159.67488831505435	239.22207927016993	0.3372307729937776	1.0120312622710987	5.879986461540107	1.0145542866611368	55.62384271928328	1.0861680656070885	0.4006618235399022	1.0861680656070885	1.265180300922552	1.0861680656070885	-0.004163339578376356	1.1480558404038947	NaN	NaN	800000009	800000009	800000009	800000009	800001009	800001109	899999999	899999999	89999	89999	89	89	17	19	4	5	58	14	0	NaN	0	0	0	0	0	0	0	0	0	NaN	NaN	NaN	NaN	0	0	0	0	0	0	0	0	11461	0	0	0	18000	18000	18000	18000	93	NaN	0.8252085656842744	0.31467586654069357	0.22801756615136567	0.11278726217647728	0.13088267920261898	0.04305948475975306	2.348392743801622e-8	NaN	0.00522767351411412	0.010455443687076038	0.03301542750797237	-0.000004163339578376356	NaN	422.28484554565233	6.540191952842363	96154.96595241247	11.369999885559082	0.33365425232299684	94.93060726674398	94.36367137061225	95.49754064941406	-1.1338720139529967	0.0002919943924838056	-1	0	2.1155868371791313	71.53281667156811	1.0000887281646331	-432.7523755984673	9.000593665454122	-344.2907468838027	033
DATA	2026-04-10T173000_AIU-0547.ghg	2026-04-10	18:00:00	100.749	1	18000	18000	0.3304391905166552	0	NaN	-1.1998229691524722	2	NaN	60.107761350440654	0	NaN	2.3198018736487933	1	NaN	1.3665581086365155	0	NaN	0.021771785316434842	2	NaN	NaN	NaN	NaN	NaN	NaN	NaN	NaN	NaN	NaN	1.0290823788741728e-10	1.6045532436163206e-12	5.478756532477184e-13	NaN	16.145752699431473	422.4782637254753	425.27971471215716	0.2	0	251.74583100763968	6.5873139248552715	6.630994366380566	0.5	0	0.08595876276741422	2.1207240513600123	2.1347865605972283	0	1	NaN	NaN	NaN	NaN	9	297.4359954969618	298.14898894246414	95759.55346180555	1.1161517241484384	1009.2412082366417	0.025885779584972065	0.0885529654396462	0.004585660577464383	630.9674449071946	3158.3113525449626	0.0041084562951896044	19.978000091687033	2527.343907637768	273.59356133770814	-1.0281229378507124	0.3135175940781703	0.18091452894883503	1.0899817080649263	-2.02536059768492e-16	6.373703338775956e-15	1.0899817080649263	6.203137842470207	168.95865169951148	163.04134830048858	9.554135537390705	NaN	0.544106805025035	0.8660526038631471	11350.52378339152	0.00025549481727384077	-0.019961198723693212	-0.0019575587497001456	0	82.3730273181752	-12.50042469270639	28.27599469097908	70.41122481929607	107.38156053076277	150.60416546722738	225.63248354201045	0.32643008575701704	1.0122816643886876	2.293519763161931	1.0146929207233695	55.343171678552984	1.0860917350303232	2.1359170674326378	1.0860917350303232	1.2582345160727715	1.0860917350303232	0.0164886394725715	1.1481377884668795	NaN	NaN	800000009	800000009	800000009	800000009	800000009	800101109	899999999	899999999	89999	89999	89	89	12	30	6	12	18	14	0	NaN	0	0	0	0	0	0	0	0	0	NaN	NaN	NaN	NaN	0	0	0	0	0	0	0	0	11702	0	0	0	18000	18000	18000	18000	93	NaN	0.902230827175584	0.57472600655993	0.2551483739907803	0.08562657000332685	0.46393237783950353	0.05787097560732598	1.2904046531465454e-7	NaN	0.0020360304905028613	0.055656604287728235	0.03278641368150032	0.0000164886394725715	NaN	422.4777426297353	6.5872411749368975	96146.4749861111	11.369999885559082	0.4297027065168049	94.93214511277941	94.36381518003675	95.50047775353326	-1.1366618363195	0.0002911976049007435	-1	0	2.11498512438933	71.15859217454476	1.0000734014142718	-449.8310013156451	9.00055179447598	-373.2799981011343	180
DATA	2026-04-10T180000_AIU-0547.ghg	2026-04-10	18:30:00	100.77	1	18000	18000	0.23200352619436393	1	NaN	-44.45918187374418	0	NaN	68.97108536229162	0	NaN	4.1226718679683465	0	NaN	1.5658630256585757	0	NaN	0.0009060328453769144	0	NaN	NaN	NaN	NaN	NaN	NaN	NaN	NaN	NaN	NaN	6.656012593513899e-11	1.0801906641424057e-12	3.541831512927441e-13	NaN	16.296383865706915	423.4542139431058	426.3843922072751	0.1	1	264.4706791596424	6.872151790079821	6.919705053550401	0.8	0	0.0867171525164611	2.1255889133065935	2.140297361651772	0	1	NaN	NaN	NaN	NaN	9	296.84488655259867	296.6993874791463	95766.8083172743	1.1215688316919872	1009.3554916982065	0.02575797137698564	0.1014679240626757	0.004807683631859113	658.3005780155627	2895.5663431442163	0.004286570289766604	22.73477793296672	2237.2657651286536	274.1810093825667	-0.685782734194414	0.41005162724678146	0.21904067677674358	0.8285041421801871	-2.1124795550348442e-14	4.0843494166337076e-15	0.8285041421801871	6.159770676561737	182.87656516321837	149.12343483678163	15.330169460306925	NaN	0.45481452611860235	0.6488321162443138	178.91546769739838	0.01620877187043884	-0.6446060931216145	-0.08634894934436066	0	75.66149065323692	-11.481923110527836	25.972141338921524	64.67430422303617	98.63239464352718	138.33333590888842	207.24854482571232	0.22986469862298808	1.0093047239710515	-40.02660135187467	1.0134173284904293	62.88808270130181	1.0967274306943353	3.7590669774333025	1.0967274306943353	1.42775951602417	1.0967274306943353	0.009851156050909644	1.1758133708552676	NaN	NaN	800000009	800000009	800000009	800000009	800000009	810101109	899999999	899999999	89999	89999	89	89	26	11	10	5	18	15	0	NaN	0	0	0	0	0	0	0	0	0	NaN	NaN	NaN	NaN	0	0	0	0	0	0	0	0	16115	0	0	0	18000	18000	18000	18000	93	NaN	0.4720339642559981	0.6051506346804897	0.2204796335521398	0.15197558975396763	2.069182766290706	0.09128127966047907	1.2321074392279456e-7	NaN	-0.03535726257748003	0.09749612751875643	0.037030737860238166	0.000009851156050909644	NaN	423.45371685942587	6.8720012271256	96150.64185720486	11.369999885559082	1.013338677473552	95.04894439273411	94.4800161175198	95.6178699277242	-1.137852282034026	0.00028892060842028726	-1	0	2.119566137201256	71.00778646120138	1.0000357130865256	-273.1499938964844	9.000469288667043	-273.1499938964844	227
DATA	2026-04-10T183000_AIU-0547.ghg	2026-04-10	19:00:00	100.791	0	18000	18000	0.13924360108378636	1	NaN	-41.772877354047836	0	NaN	48.83699823297954	0	NaN	3.458934485792454	0	NaN	1.1078128889205807	0	NaN	-0.0026370968228499117	1	NaN	NaN	NaN	NaN	NaN	NaN	NaN	NaN	NaN	NaN	-2.3447044328611427e-10	-3.9581134496922686e-12	-1.2420800268805526e-12	NaN	16.39453532728067	424.16154945989194	427.22057845955743	0.2	0	276.7574022162803	7.160303491689337	7.211943193721204	0.3	0	0.08684815277614523	2.1205507894825204	2.135844081315669	0	0	NaN	NaN	NaN	NaN	9	296.18029258643253	295.82210419803204	95770.59803884549	1.1248165541482131	1009.4885798617328	0.025680793736976095	0.07178627520205362	0.005024325667365194	685.9304917908747	2746.0032674114486	0.004466795628883638	24.979230721654417	2060.072775620574	274.75328634124446	-0.3987096116619473	0.5765589394081021	0.24931828276684745	0.7440088515366108	-7.755284622480826e-15	-1.4301743758235897e-14	0.7440088515366108	4.398986142524905	207.33485740485264	124.66514259514734	19.57869392554175	NaN	0.3518412650465651	0.5580797285019614	88.16056970954935	0.032894524270365266	-0.8553530901872402	-0.10455974317243218	0	71.33897696811387	-10.825964982445887	24.48836226716152	60.979484537800104	92.99756149442818	130.4304022974514	195.40851017272527	0.1378824919303377	1.0098715154795457	-38.508544349416745	1.0143720511876368	44.283395733735276	1.10282866577405	3.1364205457651098	1.10282866577405	1.0045194900180006	1.10282866577405	0.0070396926261027965	1.1874744170944638	NaN	NaN	800000009	800000009	800000009	800000009	800001009	810001109	899999999	899999999	89999	89999	89	89	28	47	3	16	36	18	0	NaN	0	0	0	0	0	0	0	0	0	NaN	NaN	NaN	NaN	0	0	0	0	0	0	0	0	14524	0	0	0	18000	18000	18000	18000	93	NaN	0.25871019150214913	0.7045999802698891	0.1528492852318846	0.25584271083525756	3.234242940386895	0.12208331344424604	1.1546840888736189e-7	NaN	-0.03391360775022315	0.08112681756156359	0.025982953565892232	0.000007039692626102797	NaN	424.16092263917045	7.1601079688666225	96155.81069335938	11.369999885559082	1.5828858953714533	95.09274540540908	94.51977701907688	95.66571252992418	-1.1459367016024051	0.00028768751909956337	-1	0	2.1142904615799614	70.89427751760131	1.0000476898501316	-273.1499938964844	9.000578765392303	-273.1499938964844	226
DATA	2026-04-10T190000_AIU-0547.ghg	2026-04-10	19:30:00	100.812	0	18000	18000	0.18672885973482767	1	NaN	-37.631119691640265	0	NaN	53.82645148151396	0	NaN	2.692113693603654	0	NaN	1.2200602109932677	0	NaN	0.007877060931192576	0	NaN	NaN	NaN	NaN	NaN	NaN	NaN	NaN	NaN	NaN	5.77583192010846e-11	9.993563739866975e-13	3.0293906053732546e-13	NaN	16.455494936021484	424.3213936928875	427.4597044848914	0.1	1	284.71922276973197	7.3417699003599655	7.396070145535408	0.1	1	0.08630812401655649	2.099919657882495	2.115450810972183	0	1	NaN	NaN	NaN	NaN	9	295.5076219762167	295.03284955257834	95789.05709570313	1.127965363539369	1009.5664444489493	0.025607341647902782	0.07905990167236374	0.005166436160783925	703.4498585457009	2617.259995889355	0.00458031454491874	26.87733964720864	1913.8101373436543	275.10567018702943	-0.5405556253550418	0.5588947292908587	0.2638140795946045	0.8210734261467869	-1.6032399820625695e-14	3.509971558172353e-15	0.8210734261467869	4.780799301365224	197.95561915716425	134.04438084283575	18.74179650486266	NaN	0.40687203455423143	0.5884422871394378	151.3624731753366	0.019159306393207995	-0.6991194599659651	-0.08121918531018323	0	73.1169462192306	-11.095778675752122	25.09868157606724	62.499265912091694	95.31532398266563	133.68109714270133	200.2786434050665	0.18499810141415524	1.0093555463944885	-34.16035399736606	1.0135638608334516	49.0291252657917	1.0978464573804956	2.4521768736469234	1.0978464573804956	1.1113213535382525	1.0978464573804956	0.014881518465891459	1.1778949296296573	NaN	NaN	800000009	800000009	800000009	800000009	800000109	801100119	899999999	899999999	89999	89999	89	89	16	21	0	12	11	12	0	NaN	0	0	0	0	0	0	0	0	0	NaN	NaN	NaN	NaN	0	0	0	0	0	0	0	0	15217	0	0	0	18000	18000	18000	18000	93	NaN	0.3125140851637876	0.6721686106813606	0.19220187843372735	0.20451510016294905	2.4293833457216585	0.1221849771336444	4.5004774529195466e-8	NaN	-0.029997957904439692	0.06325828332284135	0.02866851971419762	0.000014881518465891459	NaN	424.32029658335097	7.341475920515846	96175.00325911459	11.369999885559082	1.9358368640972412	95.11211765797933	94.53165875328912	95.6925758972168	-1.1609191044171656	0.0002869275389691919	-1	0	2.0935389132830826	70.92524352511181	1.000056081538399	-273.1499938964844	9.000654529624516	-273.1499938964844	104
DATA	2026-04-10T193000_AIU-0547.ghg	2026-04-10	20:00:00	100.833	0	18000	18000	0.05235108984496254	1	NaN	-90.11142504278159	1	NaN	111.58142945049792	1	NaN	15.99167044346374	1	NaN	2.525041346921291	1	NaN	0.035204662241576534	1	NaN	NaN	NaN	NaN	NaN	NaN	NaN	NaN	NaN	NaN	4.26463687753944e-10	7.908931632034035e-12	2.2179707830621515e-12	NaN	16.75139590587779	429.91852412591714	433.3738148035058	0.1	1	310.6610217120344	7.973002889330776	8.037082571898312	0.1	1	0.08712138398095132	2.1039744393567235	2.120884255654997	0	1	NaN	NaN	NaN	NaN	9	293.65820918104373	293.3451635860868	95810.32643554687	1.134435125851942	1009.8677459534342	0.02545520697808491	0.16362267928049964	0.0056441699590623695	764.100916516384	2359.5349617884876	0.004975313114378128	32.38353865870283	1595.4340452721035	276.26843703872834	-0.13413793002106614	0.30201426230687073	0.21025677453066996	0.39168036731902917	2.0739495066186334e-14	2.5458397028530913e-14	0.39168036731902917	2.0031603815276138	218.0518703369882	113.9481296630118	32.46654289438998	NaN	0.2148191683907262	0.16961681271177395	9.305196460039735	0.31165381756890026	-0.8075844294749666	-0.3661530532843534	0	72.92245169800434	-11.066263381791371	25.031917900763965	62.33301492064413	95.06178073090085	133.32549912705375	199.74589277918398	0.05152826584158391	1.0159684008367036	-82.15156361532804	1.027327540346715	93.57612458165931	1.1924134489361786	13.41117919940507	1.1924134489361786	2.1175887853110233	1.1924134489361786	0.04472812247716179	1.354209142305206	NaN	NaN	800000009	800000009	800000009	800000009	800100009	810100009	899999999	899999999	89999	89999	89	89	36	0	8	6	1	9	1	NaN	0	0	0	0	0	0	0	0	0	NaN	NaN	NaN	NaN	0	0	0	0	0	0	0	0	10757	0	0	0	18000	18000	18000	18000	93	NaN	0.1154594091157693	0.16983806343227417	0.05393615287550441	0.8430859278729101	22.2814992361096	0.45986915383904003	4.5024391814206967e-7	NaN	-0.07170866992225355	0.3441288183835442	0.05433700614064226	0.00004472812247716179	NaN	429.9159763678895	7.972512932630087	96194.02733181424	11.369999885559082	3.0685955860613348	95.20045167414347	94.61639612621732	95.78450591066148	-1.1681106672088308	0.00028514586690127743	-1	0	2.096965939780076	70.25976990230696	1.0000762660569615	-301.0491200680164	9.000790091700024	-273.1499938964844	153
DATA	2026-04-10T200000_AIU-0547.ghg	2026-04-10	20:30:00	100.854	0	18000	18000	0.0801516093124402	1	NaN	68.15484814849076	1	NaN	64.98094232890358	2	NaN	-19.750940207273537	1	NaN	1.4673748070345762	2	NaN	0.015145257012389779	0	NaN	NaN	NaN	NaN	NaN	NaN	NaN	NaN	NaN	NaN	-8.242140600813377e-10	-1.7211914420445676e-11	-4.122644743579872e-12	NaN	17.427244159837453	443.90509120981267	448.0585900469948	0.1	1	363.93001477520625	9.26999041966043	9.356727191081129	0.1	1	0.08716951094421602	2.085234151999283	2.104745119089066	0	1	NaN	NaN	NaN	NaN	9	291.5354135453965	291.1472964092021	95832.0691527608	1.1426959655072986	1010.5259029018617	0.02525875360666124	0.09508588749584053	0.0066133599791066665	888.6006567420993	2057.351304219224	0.0057875061947651775	43.19148873212629	1168.7506474771246	278.41964331830957	0.06903752556824658	-0.14561746824160746	0.1853537754310032	0.24561483884367966	7.094310372439353e-15	-4.729457236737454e-14	0.24561483884367966	1.7131650332226012	36.634278759177676	295.3657212408223	48.9949879634828	NaN	0.2648443889625886	0.10717460809648792	-23.062241141387343	-0.12574666886106223	1.0488436410097337	0.22285779737973016	0	74.7713352832602	-11.346838598892472	25.66657980579508	63.91341280117016	97.47198721581755	136.70584799207688	204.81027135920115	0.07720419139049992	1.038176915901265	69.88617804868305	1.0314458137904134	58.92954096453595	1.102688757884766	-17.91161836560373	1.102688757884766	1.3307243739832533	1.102688757884766	-0.01050598543232655	1.1711800003074802	NaN	NaN	800000009	800000009	800000009	800000019	800000019	800000019	899999999	899999999	89999	89999	89	89	3	0	0	0	0	0	6	NaN	0	0	0	0	0	0	0	0	0	NaN	NaN	NaN	NaN	0	7	0	0	0	0	0	0	12719	0	0	0	18000	18000	18000	18000	93	NaN	0.0691182441975853	0.06822387186963788	0.07700710012575265	0.2637947089351579	17.80819414236786	0.7484106399816897	9.940103302300864e-8	NaN	0.06052198255007481	-0.4566595198866966	0.03392702665503864	-0.000010505985432326551	NaN	443.90343226397744	9.269260587728802	96213.06485322627	11.369999885559082	5.208910483068913	95.3188276333279	94.72819561216565	95.90945987659032	-1.1812619186275528	0.00028334572459183017	-1	0	2.076997380607107	69.07121504463089	1.0000907579627303	-292.08586969163696	9.00088815442721	-273.1499938964844	105
DATA	2026-04-10T203000_AIU-0547.ghg	2026-04-10	21:00:00	100.874	0	18000	18000	0.029357771721784845	1	NaN	29.605093267886286	1	NaN	-74.02399055332788	1	NaN	-8.988931764293822	1	NaN	-1.6690061388282522	1	NaN	-0.04228159951066062	1	NaN	NaN	NaN	NaN	NaN	NaN	NaN	NaN	NaN	NaN	3.561033805509982e-10	8.29846462533876e-12	1.7416352535214076e-12	NaN	18.00279158972118	451.1783397442877	455.97245532975285	0.1	1	419.5285339147522	10.51404647238626	10.625766272783016	0.1	1	0.08804829778909332	2.091993322342302	2.1142223544297343	0.9	0	NaN	NaN	NaN	NaN	9	290.07805218251553	289.5473099085491	95859.45178016493	1.1487960442764862	1011.1759721296727	0.025112769683894545	-0.10815159779607074	0.007544493222511471	1008.1410814884817	1859.2440994862175	0.006567304318377077	54.22316960785681	851.1030179977357	280.2477019981017	0.7554544261816227	0.21623910599859889	0.23498023418701763	0.8201746469252668	-3.836494125772738e-14	1.9780453424474342e-14	0.8201746469252668	1.8022641187727024	316.0269120991343	15.97308790086572	16.648546100741186	NaN	0.1598600994700946	0.11960134500583873	-11.67999220284398	-0.248287836981079	-0.39993916899897985	0.15942509412403003	1	7.915997384779926	4	6	11	17	29	73	0.028924687827087542	1.014972811367448	25.0729345425056	1.0162870889579727	-68.14355920590187	1.0862947491436097	-8.274855209767264	1.0862947491436097	-1.536421068171441	1.0862947491436097	-0.04324541582724654	1.1496376850252747	NaN	NaN	800000009	800000009	800000009	800000009	800000009	800010009	899999999	899999999	89999	89999	89	89	1	1	2	13	5	0	0	NaN	0	0	7050	0	0	0	0	0	0	NaN	NaN	NaN	NaN	0	0	0	0	0	0	0	0	15119	0	0	0	18000	18000	18000	18000	93	NaN	0.0876738165987616	0.1375730765050766	0.013955796907839229	0.212567487498281	30.04621018569669	1.194674216634585	7.152651961144342e-7	NaN	0.021584177021063307	-0.21001321403909964	-0.03899388188245365	-0.00004324541582724654	NaN	451.1771224533897	10.512885023272034	96239.58619726563	11.369999885559082	7.01697421997117	95.38446245680915	94.77883133273654	95.99009564696418	-1.2112711214025842	0.00027851767596762854	-1	0	2.0827208799256236	68.0462947699229	1.0001071779363686	-273.1499938964844	9.00102213019795	-273.1499938964844	076
DATA	2026-04-10T210000_AIU-0547.ghg	2026-04-10	21:30:00	100.895	0	18000	18000	0.036424984432693985	1	NaN	19.61840001405252	1	NaN	-19.06656763780445	2	NaN	-4.915204383155379	2	NaN	-0.429479674895588	2	NaN	-0.030399100009639603	1	NaN	NaN	NaN	NaN	NaN	NaN	NaN	NaN	NaN	NaN	-1.9732490564950685e-10	-4.465784001619745e-12	-9.544816166284244e-13	NaN	18.344786085631462	457.67030449965165	462.4603879936965	0.1	1	415.1723876146915	10.357824407028113	10.466231798197093	0.1	1	0.0887356870744811	2.0986146548226765	2.120579242255144	-0.9	0	NaN	NaN	NaN	NaN	9	289.1065221337212	288.5536408538818	95884.354203125	1.153119908908702	1011.0679195233586	0.02502008789647754	-0.027830282933234102	0.007459925791824398	993.4197070777213	1744.8150650496036	0.006469340902182823	56.93553013020777	751.3953579718823	280.0332492657742	0.6989817818047102	0.19338027948267789	0.21108693740878928	0.7553338062951712	-7.653402718504418e-15	-1.0756457160547727e-14	0.7553338062951712	1.8152698352411956	316.53536394240234	15.464636057597716	16.22808527772539	NaN	0.17773070034122995	0.12118760255525138	-24.22548111754904	-0.11970866485286139	-1.0289424078172265	0.09467740198471493	1	6.216109858810453	3	5	9	15	25	69	0.03585482299053031	1.0159019455294553	18.29164238635049	1.0168639348200958	-17.546468151322994	1.0866327897655483	-4.523335232885695	1.0866327897655483	-0.3952390162901788	1.0866327897655483	-0.032741825724508476	1.1503143508408353	NaN	NaN	800000009	800000009	800000009	800000009	800000009	800000009	899999999	899999999	89999	89999	89	89	3	0	2	14	13	0	1	NaN	0	0	6954	0	0	0	0	0	0	NaN	NaN	NaN	NaN	0	0	0	0	0	0	0	0	17272	0	0	0	18000	18000	18000	18000	93	NaN	0.10746788997316216	0.1218459765332021	0.013061338604138488	0.1338492968102297	24.436726371426108	0.5094372519744818	7.187035918386585e-7	NaN	0.015689095294649045	-0.11435907405301785	-0.009992442656905477	-0.00003274182572450847	NaN	457.6677069031095	10.357327738406411	96269.69766189237	11.369999885559082	6.84643573096061	95.45829183387755	94.84629954528808	96.07028213670519	-1.223985550754601	0.00027768878898738573	-1	0	2.089447245524988	67.3077909260856	1.00013042419321	-273.1499938964844	9.00104735885726	-273.1499938964844	210
DATA	2026-04-10T213000_AIU-0547.ghg	2026-04-10	22:00:00	100.916	0	18000	18000	0.03404645896368867	1	NaN	31.700664772358696	1	NaN	11.598657156650791	1	NaN	-10.51865729194673	2	NaN	0.26103086550464144	1	NaN	-0.011911422845578237	1	NaN	NaN	NaN	NaN	NaN	NaN	NaN	NaN	NaN	NaN	4.422496072009793e-11	1.0093528149105973e-12	2.1064871929797094e-13	NaN	18.706039300788042	463.5838516980703	468.54122531529873	0.1	1	426.93069969191066	10.580442764438663	10.693585635198504	0.1	1	0.0890990779344617	2.098511456171914	2.120952068134933	-0.7	0	NaN	NaN	NaN	NaN	9	288.21734583536795	287.6294511066013	95903.9238891059	1.1569633502841667	1011.17177024617	0.02493486355433603	0.016914800084700764	0.0076463054015294026	1014.9781617307108	1643.9835939406814	0.006608943489568067	61.738947120377006	629.0054322099706	280.346362501364	0.8682815962491183	0.38539735933937563	0.2318354330628034	0.9778505627109788	-1.0981739329179254e-13	2.3642076234831193e-15	0.9778505627109788	1.9583470640808032	308.0653756016126	23.934624398387413	13.714662810665434	NaN	0.1715442532710086	0.12056777757451596	-13.482796349060326	-0.21508891219009724	2.733132322493143	0.15796019364873143	1	9.575511468172298	4	8	13	21	35	89	0.03360226245609093	1.0132192440368617	31.976655234034943	1.0152303586297178	10.680306229225085	1.0859854490794256	-9.685817890896463	1.0859854490794256	0.240363133526249	1.0859854490794256	-0.021387221778199635	1.1485532296380478	NaN	NaN	800000009	800000009	800000009	800000009	800000019	800000019	899999999	899999999	89999	89999	89	89	2	1	0	1	18	0	1	NaN	0	0	15095	0	0	0	0	0	0	NaN	NaN	NaN	NaN	0	0	0	0	0	0	0	0	18000	0	0	0	18000	18000	18000	18000	93	NaN	0.14643011164800082	0.07797411749915617	0.016731326001874932	0.15569558959194385	23.007008510918585	0.33617233378283223	2.504894345605869e-7	NaN	0.02733307519558985	-0.24409790419819108	0.006057530484380911	-0.000021387221778199636	NaN	463.582185330791	10.580113843306108	96290.7640998264	11.369999885559082	7.170573100487371	95.49992767927382	94.88124570973714	96.11861033079359	-1.2373649572465162	0.0002756578404352897	-1	0	2.089129133800666	66.28348288546677	1.0001612010465728	-273.1499938964844	9.001151719411213	-273.1499938964844	218
DATA	2026-04-10T220000_AIU-0547.ghg	2026-04-10	22:30:00	100.937	0	18000	18000	0.026128006875706374	1	NaN	3.9043392945267144	1	NaN	8.383256140186838	1	NaN	-3.6232136114155127	1	NaN	0.18853333156900554	1	NaN	-0.0017499501106129523	1	NaN	NaN	NaN	NaN	NaN	NaN	NaN	NaN	NaN	NaN	1.0907496863954003e-10	2.4242125451912337e-12	5.152134839963834e-13	NaN	18.797835221017554	464.80087724723063	469.65252427998115	0.1	1	417.7855701780979	10.33029054871685	10.438119354430299	0.1	1	0.0887912075209121	2.083978194461796	2.1057310075876186	0	0	NaN	NaN	NaN	NaN	9	287.43061351691347	286.88953291066485	95912.90315407986	1.1601660537186038	1011.017965982409	0.024868390989975033	0.012216959885671558	0.00748547981863474	991.0739307521217	1566.9823404569383	0.006452076230503405	63.2472941885944	575.9084097048167	279.9988186073577	1.0634061091401548	0.4503914648555128	0.24942369663508393	1.1814809372200614	1.815591462735103e-14	5.802528182478432e-15	1.1814809372200614	2.3115052517557895	309.0455616461329	22.95443835386712	12.187471318492623	NaN	0.15006971711219286	0.11617898792412094	-73.29184827515193	-0.03956783828281738	0.4657306456151891	0.022180710867259326	1	17.13465142965981	7	14	26	43	78	227	0.02582707064601599	1.0116519691224373	4.326835522761814	1.0143494840214622	7.717013061097687	1.0863343205219846	-3.335265712377158	1.0863343205219846	0.17355000942841894	1.0863343205219846	-0.0033230994730965376	1.1479623211225338	NaN	NaN	800000009	800000009	800000009	800000009	800000019	800001019	899999999	899999999	89999	89999	89	89	0	0	2	27	28	0	0	NaN	0	0	18000	0	0	0	0	0	0	NaN	NaN	NaN	NaN	0	0	0	0	0	0	0	0	17901	0	0	0	18000	18000	18000	18000	93	NaN	0.10694832324157891	0.10782985488689388	0.01757979771976911	0.03318638710734092	14.401079251466584	0.18854940272850654	7.285568047404587e-8	NaN	0.003688853088670897	-0.08380869216455944	0.004360971679517562	-0.0000033230994730965377	NaN	464.8013320635462	10.330104844889007	96301.53065863716	11.369999885559082	6.831282840861205	95.55439153989155	94.9326739332411	96.17610798094007	-1.2434328334463964	0.00027455465794385726	-1	0	2.074881884204017	64.92377044868469	1.0001532859073745	-273.14999389648517	9.001061404360666	-273.1499938964844	208
DATA	2026-04-10T223000_AIU-0547.ghg	2026-04-10	23:00:00	100.958	0	18000	18000	0.032372916498765926	1	NaN	12.080095968085278	1	NaN	7.13143735632811	1	NaN	-5.404487380587128	1	NaN	0.16032089269178898	1	NaN	0.0011057371581268273	1	NaN	NaN	NaN	NaN	NaN	NaN	NaN	NaN	NaN	NaN	-2.1895289527169944e-11	-4.708831669471769e-13	-1.0482849661868887e-13	NaN	18.704180979740073	461.82318664781127	466.45604403627385	0.1	1	402.2547390370846	9.932034213500845	10.031669094162588	0.1	1	0.08955036516676103	2.09772409288002	2.118767766830645	-0.1	0	NaN	NaN	NaN	NaN	9	286.9761071243287	286.5002319878472	95904.42526019966	1.1618154371817195	1010.7895173359346	0.024836840659692442	0.010388793846427925	0.0072060396910416675	952.7815379354489	1527.7556362352266	0.0062023962330211065	62.36478631382057	574.9740982997777	279.42635453053913	1.1442671319842408	0.39444723963837	0.26706547121390506	1.2394595032159894	-1.509125461873076e-14	-1.1706093707544e-15	1.2394595032159894	2.3892611956608527	312.98010586841644	19.01989413158352	12.443061537011454	NaN	0.16692536793711954	0.1581941899577214	-32.59573473820796	-0.0889686955453312	1.6939216268044415	0.06162404050143396	1	15.583335960406082	7	13	23	36	63	170	0.03201107800305713	1.0113035398456196	12.343730466933573	1.0141677153224844	6.563404183631472	1.0865455115674973	-4.9740092090485755	1.0865455115674973	0.14755101464687215	1.0865455115674973	-0.003121487309296188	1.1479146471142598	NaN	NaN	800000009	800000009	800000009	800000009	800000009	800011009	899999999	899999999	89999	89999	89	89	1	0	0	5	5	0	0	NaN	0	0	18000	0	0	0	0	0	0	NaN	NaN	NaN	NaN	0	0	0	0	0	0	0	0	16310	0	0	0	18000	18000	18000	18000	93	NaN	0.13718617759680357	0.1572248157798126	0.021977386538826638	0.06255970906875442	44.84129705548241	0.3485386648436595	1.9697095234471203e-7	NaN	0.010511109443529992	-0.12477830902912121	0.003701474068378228	-0.000003121487309296188	NaN	461.82068840928474	9.931692995596727	96295.09386653645	11.369999885559082	6.247300342215458	95.5758883857727	94.94606636365255	96.2057071287367	-1.259645283692413	0.0002744425076202283	-1	0	2.0889083549843885	64.45663561905752	1.0001718096633752	-273.1499938964844	9.001151448700163	-273.1499938964844	118
DATA	2026-04-10T230000_AIU-0547.ghg	2026-04-10	23:30:00	100.979	0	18000	18000	0.028225326726426525	0	NaN	14.750744741448392	0	NaN	22.183330143820495	0	NaN	0.45564216332214164	1	NaN	0.4984387783487564	0	NaN	-0.00152371192432281	1	NaN	NaN	NaN	NaN	NaN	NaN	NaN	NaN	NaN	NaN	-8.743354056783712e-11	-1.8779568685147186e-12	-4.174086768611496e-13	NaN	18.757202256622705	462.4732246899666	467.1132066108775	0.1	0	402.8799083643899	9.933313499260917	10.03297417709196	0.1	1	0.08954708827648625	2.0924396685225353	2.1134330616839447	-0.1	0	NaN	NaN	NaN	NaN	9	286.4010419913398	285.95335186089403	95888.89042382812	1.1638482674382153	1010.7792662170212	0.024793447466784864	0.032298832836999414	0.007219581406071589	952.7499062185764	1474.1093411489037	0.006203198138502063	64.63224128788264	521.3594349303273	279.42587330913915	1.2808864405006117	0.5171953281645558	0.27663487845621976	1.4087895289616779	4.9216912483082305e-15	-4.661331651257665e-15	1.4087895289616779	2.6248894981476387	310.0121674170474	21.987832582952613	11.324387965679446	NaN	0.1557296497122175	0.2444729640933737	-21.672512260631912	-0.13381005234302468	0.6649472665201909	0.0805174387834014	1	20.297253979729934	9	16	29	45	77	196	0.027933082210203984	1.0104623082416513	15.820031169123197	1.013764111138624	20.400701503101946	1.0873807521004855	0.4190272473022729	1.0873807521004855	0.458384772202309	1.0873807521004855	-0.007301894426242641	1.1480062653294967	NaN	NaN	800000009	800000009	800000009	800000009	800000009	800001009	899999999	899999999	89999	89999	89	89	1	0	3	9	9	0	1	NaN	0	0	18000	0	0	0	0	0	0	NaN	NaN	NaN	NaN	0	0	0	0	0	0	0	0	16909	0	0	0	18000	18000	18000	18000	93	NaN	0.1986626116580451	0.26024838119460836	0.03003493533409398	0.04734700718967006	24.390232619177862	0.24236211852328127	1.4127646392066998e-7	NaN	0.013447905407341441	0.010493392156813075	0.011478993799084547	-0.0000073018944262426405	NaN	462.4725306233445	9.933075496332991	96278.95510677084	11.369999885559082	6.253968599994967	95.59964471054077	94.96683217663235	96.23245617718167	-1.2656231213145779	0.00027388413379796675	-1	0	2.0836372976501787	63.58011084132725	1.0001614387581745	-273.1499938964844	9.001088191721175	-273.1499938964844	121
