DATAH	filename	date	time	DOY	daytime	file_records	used_records	Tau	qc_Tau	rand_err_Tau	H	qc_H	rand_err_H	LE	qc_LE	rand_err_LE	co2_flux	qc_co2_flux	rand_err_co2_flux	h2o_flux	qc_h2o_flux	rand_err_h2o_flux	ch4_flux	qc_ch4_flux	rand_err_ch4_flux	none_flux	qc_none_flux	rand_err_none_flux	H_strg	LE_strg	co2_strg	h2o_strg	ch4_strg	none_strg	co2_v-adv	h2o_v-adv	ch4_v-adv	none_v-adv	co2_molar_density	co2_mole_fraction	co2_mixing_ratio	co2_time_lag	co2_def_timelag	h2o_molar_density	h2o_mole_fraction	h2o_mixing_ratio	h2o_time_lag	h2o_def_timelag	ch4_molar_density	ch4_mole_fraction	ch4_mixing_ratio	ch4_time_lag	ch4_def_timelag	none_molar_density	none_mole_fraction	none_mixing_ratio	none_time_lag	none_def_timelag	sonic_temperature	air_temperature	air_pressure	air_density	air_heat_capacity	air_molar_volume	ET	water_vapor_density	e	es	specific_humidity	RH	VPD	Tdew	u_unrot	v_unrot	w_unrot	u_rot	v_rot	w_rot	wind_speed	max_wind_speed	wind_dir	yaw	pitch	roll	u*	TKE	L	(z-d)/L	bowen_ratio	T*	model	x_peak	x_offset	x_10%	x_30%	x_50%	x_70%	x_90%	un_Tau	Tau_scf	un_H	H_scf	un_LE	LE_scf	un_co2_flux	co2_scf	un_h2o_flux	h2o_scf	un_ch4_flux	ch4_scf	un_none_flux	un_none_scf	spikes_hf	amplitude_resolution_hf	drop_out_hf	absolute_limits_hf	skewness_kurtosis_hf	skewness_kurtosis_sf	discontinuities_hf	discontinuities_sf	timelag_hf	timelag_sf	attack_angle_hf	non_steady_wind_hf	u_spikes	v_spikes	w_spikes	ts_spikes	co2_spikes	h2o_spikes	ch4_spikes	none_spikes	head_detect_LI-7200	t_out_LI-7200	t_in_LI-7200	aux_in_LI-7200	delta_p_LI-7200	chopper_LI-7200	detector_LI-7200	pll_LI-7200	sync_LI-7200	chopper_LI-7500	detector_LI-7500	pll_LI-7500	sync_LI-7500	not_ready_LI-7700	no_signal_LI-7700	re_unlocked_LI-7700	bad_temp_LI-7700	laser_temp_unregulated_LI-7700	block_temp_unregulated_LI-7700	motor_spinning_LI-7700	pump_on_LI-7700	top_heater_on_LI-7700	bottom_heater_on_LI-7700	calibrating_LI-7700	motor_failure_LI-7700	bad_aux_tc1_LI-7700	bad_aux_tc2_LI-7700	bad_aux_tc3_LI-7700	box_connected_LI-7700	mean_value_RSSI_LI-7200	mean_value_LI-7500	u_var	v_var	w_var	ts_var	co2_var	h2o_var	ch4_var	none_var	w/ts_cov	w/co2_cov	w/h2o_cov	w/ch4_cov	w/none_cov	co2_mean	h2o_mean	air_p_mean	vin_sf_mean	dew_point_mean	avg_signal_strength_7200_mean	co2_signal_strength_7200_mean	h2o_signal_strength_7200_mean	delta_signal_strength_7200_mean	flowrate_mean	hit_power_mean	hit_vin_mean	ch4_mean	rssi_77_mean	ch4_aux-1_mean	ch4_aux-2_mean	ch4_aux-3_mean	ch4_aux-4_mean	CHK
DATAU		[yyyy-mm-dd]	[HH:MM]	[ddd.ddd]	[1=daytime]	[#]	[#]	[kg+1m-1s-2]	[#]	[kg+1m-1s-2]	[W+1m-2]	[#]	[W+1m-2]	[W+1m-2]	[#]	[W+1m-2]	[µmol+1s-1m-2]	[#]	[µmol+1s-1m-2]	[mmol+1s-1m-2]	[#]	[mmol+1s-1m-2]	[µmol+1s-1m-2]	[#]	[µmol+1s-1m-2]	[µmol+1s-1m-2]	[#]	[µmol+1s-1m-2]	[W+1m-2]	[W+1m-2]	[µmol+1s-1m-2]	[mmol+1s-1m-2]	[µmol+1s-1m-2]	[µmol+1s-1m-2]	[µmol+1s-1m-2]	[mmol+1s-1m-2]	[µmol+1s-1m-2]	[µmol+1s-1m-2]	[mmol+1m-3]	[µmol+1mol_a-1]	[µmol+1mol_d-1]	[s]	[1=default]	[mmol+1m-3]	[mmol+1mol_a-1]	[mmol+1mol_d-1]	[s]	[1=default]	[mmol+1m-3]	[µmol+1mol_a-1]	[µmol+1mol_d-1]	[s]	[1=default]	[mmol+1m-3]	[µmol+1mol_a-1]	[µmol+1mol_d-1]	[s]	[1=default]	[K]	[K]	[Pa]	[kg+1m-3]	[J+1kg-1K-1]	[m+3mol-1]	[mm]	[kg+1m-3]	[Pa]	[Pa]	[kg+1kg-1]	[%]	[Pa]	[K]	[m+1s-1]	[m+1s-1]	[m+1s-1]	[m+1s-1]	[m+1s-1]	[m+1s-1]	[m+1s-1]	[m+1s-1]	[deg_from_north]	[deg]	[deg]	[deg]	[m+1s-1]	[m+2s-2]	[m]	[#]	[#]	[K]	[0=KJ/1=KM/2=HS]	[m]	[m]	[m]	[m]	[m]	[m]	[m]	[kg+1m-1s-2]	[#]	[W+1m-2]	[#]	[W+1m-2]	[#]	[µmol+1s-1m-2]	[#]	[mmol+1s-1m-2]	[#]	[µmol+1s-1m-2]	[#]	[µmol+1s-1m-2]	[#]	8u/v/w/ts/co2/h2o/ch4/none	8u/v/w/ts/co2/h2o/ch4/none	8u/v/w/ts/co2/h2o/ch4/none	8u/v/w/ts/co2/h2o/ch4/none	8u/v/w/ts/co2/h2o/ch4/none	8u/v/w/ts/co2/h2o/ch4/none	8u/v/w/ts/co2/h2o/ch4/none	8u/v/w/ts/co2/h2o/ch4/none	8co2/h2o/ch4/none	8co2/h2o/ch4/none	8aa	8U	[#]	[#]	[#]	[#]	[#]	[#]	[#]	[#]	[#_flagged_recs]	[#_flagged_recs]	[#_flagged_recs]	[#_flagged_recs]	[#_flagged_recs]	[#_flagged_recs]	[#_flagged_recs]	[#_flagged_recs]	[#_flagged_recs]	[#_flagged_recs]	[#_flagged_recs]	[#_flagged_recs]	[#_flagged_recs]	[#_flagged_recs]	[#_flagged_recs]	[#_flagged_recs]	[#_flagged_recs]	[#_flagged_recs]	[#_flagged_recs]	[#_flagged_recs]	[#_flagged_recs]	[#_flagged_recs]	[#_flagged_recs]	[#_flagged_recs]	[#_flagged_recs]	[#_flagged_recs]	[#_flagged_recs]	[#_flagged_recs]	[#_flagged_recs]	[#]	[#]	[m+2s-2]	[m+2s-2]	[m+2s-2]	[K+2]	--	--	--	--	[m+1s-1K+1]	--	--	--	--	--	--	--	--	--	--	--	--	--	--	--	--	--	--	--	--	--	--	207
DATA	2026-03-04T233000_AIU-0547.ghg	2026-03-05	00:00:00	64	0	18000	18000	0.006132101177681749	0	NaN	-0.3418620648546676	2	NaN	4.467172270517678	1	NaN	-0.7990190513521958	2	NaN	0.10009408858434751	1	NaN	0.00006406942535018963	2	NaN	NaN	NaN	NaN	NaN	NaN	NaN	NaN	NaN	NaN	1.9504072364476237e-11	4.827027692684349e-13	9.575320717090483e-14	NaN	18.415371313234445	455.1908433751936	460.37719322097365	0.1	1	455.7587033052146	11.265436086210952	11.393792123153917	0.3	0	0.09040834301337601	2.0860667320974016	2.1098349427979466	0	1	NaN	NaN	NaN	NaN	9	283.58659560309513	283.04742367384176	95753.62360308159	1.1735446922541257	1011.4657996868904	0.02457615902014372	0.006486096940265719	0.008260166350053215	1078.9956782767147	1215.9052326013755	0.00703864659315805	88.74011307347128	136.9095543246608	281.24274621619134	1.1945887991214723	0.5997150941384293	0.18719169740812044	1.3497189799000828	-5.631263450401182e-15	1.0591191474080885e-15	1.3497189799000828	2.4848413103914275	305.34214156902107	26.65785843097892	7.972013799179216	NaN	0.07228610749129008	0.06526616880103663	93.4459303543997	0.03103398927060347	-0.07652762064066333	-0.003984237657828995	1	48.72735320514073	21	44	86	156	320	1215	0.006086228646365646	1.007537102856544	-0.097602489213987	1.0125151143760172	4.069758556495292	1.0976504400704847	-0.7279358001267575	1.0976504400704847	0.0911894032292467	1.0976504400704847	-0.00011315740310816439	1.1727145291198022	NaN	NaN	800000009	800000009	800000009	800000009	800000009	800000109	899999999	899999999	89999	89999	89	89	6	1	4	5	3	0	0	NaN	0	0	0	0	0	0	0	0	0	NaN	NaN	NaN	NaN	0	0	0	0	0	0	0	0	11657	0	0	0	18000	18000	18000	18000	93	NaN	0.07177217159456638	0.04831359121856221	0.01044657478894466	0.18330484343913617	15.854408886270575	0.03214781562467337	1.2208158632531775e-7	NaN	-0.00008222616920868119	-0.01809375469375551	0.002266626661874075	-1.1315740310816439e-7	NaN	455.19113497519754	11.265401373202572	96146.07920551216	11.430000305175781	8.08549307738409	93.18372140502933	92.57926826053193	93.78817297532821	-1.2089055747588484	0.00027485762251954935	-1	0	2.0760725685887866	72.90721480856996	1.000145455489556	-273.1499938964844	9.000899237473806	-273.1499938964844	008
DATA	2026-03-05T000000_AIU-0547.ghg	2026-03-05	00:30:00	64.02	0	18000	18000	0.004298710745629197	0	NaN	2.72884118564814	0	NaN	2.1632135226286326	1	NaN	-2.0657017703895244	0	NaN	0.04845474226379101	1	NaN	-0.0019893558903697184	0	NaN	NaN	NaN	NaN	NaN	NaN	NaN	NaN	NaN	NaN	6.977933965551161e-11	1.6899268861976076e-12	3.418715463511309e-13	NaN	18.521928770074357	457.20716128912915	462.32636896931706	0.1	1	448.56694785751404	11.07271404743878	11.19669181417443	0.1	1	0.09074491764025557	2.090498027657015	2.1139046898108305	0	1	NaN	NaN	NaN	NaN	9	283.25958559587264	282.71331383090546	95729.02700802952	1.1747157411903097	1011.3525385623739	0.024553456403489774	0.0031398672986936572	0.008126363444505146	1060.264470551761	1188.9391176474007	0.0069177275485139125	89.17735608276955	128.67464709563978	280.985433499913	1.1122313791215281	0.46158843754105927	0.17722967405961082	1.2171823543502036	-2.1047497106810825e-14	3.76739056292308e-15	1.2171823543502036	2.212218271665294	309.4610043662718	22.53899563372822	8.372402381516416	NaN	0.06049266494420625	0.07955265268877335	-6.859305767543111	-0.4227833104805199	1.261475650509148	0.03796996410243274	1	46.89865027713689	21	37	61	92	148	335	0.004250117890064501	1.0114332959276946	2.8179023201169167	1.0142345504189185	1.9910679374194855	1.0864589208504134	-1.9013160375843936	1.0864589208504134	0.044598779883793134	1.0864589208504134	-0.0028212820677149457	1.1479278115317626	NaN	NaN	800000009	800000009	800000009	800000009	800000009	800000009	899999999	899999999	89999	89999	89	89	3	0	0	4	2	0	0	NaN	0	0	0	0	0	0	0	0	0	NaN	NaN	NaN	NaN	0	0	0	0	0	0	0	0	13485	17997	0	0	18000	18000	18000	18000	93	NaN	0.08021245662821808	0.06854779084038377	0.01034505790894484	0.1297623751184398	16.70847691389995	0.009771605508536537	6.570097162273414e-8	NaN	0.002371868336013216	-0.04720672724044316	0.001107318507608883	-0.0000028212820677149456	NaN	457.20732852298477	11.072701658366206	96124.46751171874	11.398102961275319	7.829730337248913	92.93073700375031	92.29897684775457	93.56249511718748	-1.2635174912479215	0.0002744671546938157	-1	0	2.080650624712308	76.94363913154615	1.000140151609977	-273.1499938964844	9.000854063590367	-273.1499938964844	023
DATA	2026-03-05T003000_AIU-0547.ghg	2026-03-05	01:00:00	64.041	0	18000	18000	0.010050074812412296	1	NaN	2.976263128528823	0	NaN	2.076673441281367	1	NaN	-3.0472702972758214	1	NaN	0.04650718522220795	1	NaN	-0.0037682293183733347	1	NaN	NaN	NaN	NaN	NaN	NaN	NaN	NaN	NaN	NaN	-6.814980496946441e-11	-1.6189459536295108e-12	-3.345576951222447e-13	NaN	18.57991149038516	458.2444443367155	463.28775549599874	0.1	1	441.37870298574245	10.885915069962957	11.005722429615336	-0.6	0	0.0912115943190706	2.0991380723125546	2.1222406032778647	-0.6	0	NaN	NaN	NaN	NaN	9	283.0263765055339	282.5085734346178	95710.43347200521	1.1754221211621552	1011.2448707676169	0.024540441353474978	0.003013665602399075	0.00799350712956937	1042.1751275643521	1172.6760638226597	0.006800541682562588	88.87152724573367	130.50093625830755	280.7331037992627	1.232911095410183	0.5155265909168912	0.20725963311994283	1.352329098499668	4.619710051812217e-14	-3.66792947343861e-15	1.352329098499668	2.306451639017081	309.30835736713635	22.691642632863644	8.815967717574049	NaN	0.09246720223154217	0.09982066942334993	-22.45775981647038	-0.1291313124594537	1.433187842327479	0.027079049436392357	1	39.09149259948723	17	32	54	85	144	364	0.009943510646272712	1.0107169560058278	3.0586574159356017	1.013879946040715	1.9103438958257886	1.0870678550699788	-2.80320155090931	1.0870678550699788	0.04278222836348528	1.0870678550699788	-0.004549967202476998	1.1479411076097834	NaN	NaN	800000009	800000009	800000009	800000009	800000009	800000109	899999999	899999999	89999	89999	89	89	0	0	0	7	4	0	0	NaN	0	0	0	0	0	0	0	0	0	NaN	NaN	NaN	NaN	0	0	0	0	0	0	0	0	10319	18000	0	0	18000	18000	18000	18000	93	NaN	0.10899884846769739	0.07887413242554359	0.011768357953458868	0.3315969313330313	41.30740254861392	0.0368327293032599	1.8557508698144007e-7	NaN	0.002573242082010262	-0.06954911207489538	0.0010614527500887748	-0.000004549967202476998	NaN	458.2453806001989	10.885876250661884	96106.82474652778	11.380000114440918	7.575917344517189	92.43552774344545	91.75289436637034	93.11815987608162	-1.3652658910552615	0.0002744394123437814	-1	0	2.0894149106674726	77.57209878624809	1.0001638008124298	-273.1499938964844	9.000987299018435	-273.1499938964844	031
DATA	2026-03-05T010000_AIU-0547.ghg	2026-03-05	01:30:00	64.062	0	18000	18000	0.007945361981896949	1	NaN	3.8762486465900836	1	NaN	3.3993413780475867	1	NaN	-2.500986470263456	1	NaN	0.07611334744043881	1	NaN	0.0018748875679406283	2	NaN	NaN	NaN	NaN	NaN	NaN	NaN	NaN	NaN	NaN	7.344532410476708e-11	1.7076334675504129e-12	3.605083271404201e-13	NaN	18.581809734501068	457.9566825040375	462.8853364931001	0.1	1	432.0345859598233	10.647677946341783	10.76227114344843	0.1	1	0.09120930738995475	2.096913844541837	2.1194813999012476	0	1	NaN	NaN	NaN	NaN	9	282.8152656063504	282.3019807094998	95689.62064192709	1.176132902024379	1011.1085830292415	0.024527829161341674	0.004932144914140435	0.007822590357200454	1019.1455651018671	1156.4648632682502	0.0066511108937910715	88.12594290341782	137.31929816638308	280.40621174603206	1.2214981742207578	0.6086163039740816	0.19509912749381736	1.3785990224269657	2.6336499267771763e-14	3.952538808337934e-15	1.3785990224269657	2.3581506823384317	305.5150372264373	26.4849627735627	8.135802991650396	NaN	0.08219182889432487	0.11005961192929882	-12.10771586346672	-0.23951668776357152	1.140294020371796	0.03965781540202445	1	42.74723481764926	19	34	57	88	144	342	0.00786205973852905	1.010595473214184	4.0210147993122956	1.0138239224618608	3.126663223005662	1.0872105934005258	-2.3003698505558052	1.0872105934005258	0.07000791557997525	1.0872105934005258	0.000332396603747755	1.147967434864166	NaN	NaN	800000009	800000009	800000009	800000009	800000009	800000009	899999999	899999999	89999	89999	89	89	1	6	0	7	0	0	0	NaN	0	0	0	0	0	0	0	0	0	NaN	NaN	NaN	NaN	0	0	0	0	0	0	0	0	10925	604	0	0	18000	18000	18000	18000	93	NaN	0.13486626285147135	0.07272707799345125	0.012525883013675042	0.23017756326913352	36.908169778473614	0.006147410661913711	1.5201599208903335e-7	NaN	0.0033812826424132266	-0.05703048381340163	0.0017356275536862455	3.32396603747755e-7	NaN	457.9566534264789	10.64766857405359	96084.50052061632	11.360594114727444	7.250500905275356	92.38745922851565	91.69882544369176	93.07609333504573	-1.3772670751280394	0.0002742947784912152	-1	0	2.0874179424444845	75.7016982888119	1.000143715818723	-273.1499938964844	9.000834061013327	-273.1499938964844	102
DATA	2026-03-05T013000_AIU-0547.ghg	2026-03-05	02:00:00	64.083	0	18000	18000	0.011475334172905846	1	NaN	11.098130464564191	1	NaN	4.202737151399056	1	NaN	-6.268501035475117	1	NaN	0.09407482829832708	1	NaN	0.0015684953838809414	1	NaN	NaN	NaN	NaN	NaN	NaN	NaN	NaN	NaN	NaN	1.044546530952734e-10	2.3887813972093392e-12	5.109428565453862e-13	NaN	18.616246863678047	458.4690500709255	463.3269233019047	0.1	1	425.7363638290912	10.484763536639624	10.595858608618657	0.1	1	0.09106189211126833	2.0905112297022366	2.112661991111891	0	1	NaN	NaN	NaN	NaN	9	282.5219832577175	282.00133794996475	95682.31921223958	1.1773697615071577	1011.0127654562261	0.02450357749497457	0.006096048873731595	0.007710524808313687	1003.4755910991547	1133.226435113671	0.006548940749457843	88.5503161597619	129.75084401451625	280.1800385443522	1.1951480130718548	0.4798623573320288	0.18981034192848506	1.3017966895936182	-3.872560742021504e-14	5.610940479043266e-15	1.3017966895936182	2.103443245440976	310.12410888161617	21.875891118383798	8.383981169623642	NaN	0.09872479302960838	0.09084834275378695	-7.3278880709364	-0.3957484028040594	2.6406910698352184	0.09443958655861867	1	28.22573177748858	13	22	37	57	91	211	0.01135086148052834	1.0109659247089775	11.20957581519832	1.0139988425290567	3.8670093541131214	1.0868184600921225	-5.767753553747861	1.0868184600921225	0.08655983658057573	1.0868184600921225	-0.0022209921258514024	1.1479113158235295	NaN	NaN	800000009	800000009	800000009	800000009	800000009	800000019	899999999	899999999	89999	89999	89	89	4	0	1	0	1	0	0	NaN	0	0	0	0	0	0	0	0	0	NaN	NaN	NaN	NaN	0	0	0	0	0	0	0	0	10457	0	0	0	18000	18000	18000	18000	93	NaN	0.10304593280809923	0.0669692234595378	0.011681529239936869	0.2562367923200127	37.4059590881553	0.017296675490452797	9.936797549195427e-8	NaN	0.009417153767754177	-0.14282852114139588	0.0021435058439712583	-0.0000022209921258514025	NaN	458.46929157977047	10.484743439904182	96077.43469357639	11.375233048121133	7.02383548585573	92.27211436123324	91.56919135284419	92.97503773540917	-1.4058461945653056	0.00027389441485219215	-1	0	2.081179524845547	72.11378352334769	1.0000905399140385	-324.18399603949285	9.000688015302023	-273.1499938964844	185
DATA	2026-03-05T020000_AIU-0547.ghg	2026-03-05	02:30:00	64.104	0	18000	18000	0.009972594208829509	0	NaN	2.1784510251158413	2	NaN	6.47456470472044	1	NaN	-1.7743660271073916	1	NaN	0.14488588513023348	1	NaN	-0.006184261601498045	1	NaN	NaN	NaN	NaN	NaN	NaN	NaN	NaN	NaN	NaN	-3.884457553738151e-11	-8.617159043258213e-13	-1.896477854677281e-13	NaN	18.685805692054732	459.82788814270197	464.5667842871566	0.1	1	414.5200643134879	10.200677932078428	10.305804120745238	0.1	1	0.09122822479468722	2.0912046448087844	2.112756190254576	-0.8	0	NaN	NaN	NaN	NaN	9	282.2221834462483	281.6985227949355	95659.9110577257	1.178486445152366	1010.8495442760843	0.02448299912283836	0.00938860535643913	0.007507912677007989	976.0576906433791	1110.2371073751647	0.006370809531065327	87.9143458779707	134.17941673178552	279.7766950171966	1.1982477984544389	0.588733374735409	0.19333419921796416	1.3489932859786493	2.20088405350277e-14	-2.0788279712176583e-15	1.3489932859786493	2.1641976222243655	305.8337950016978	26.166204998302174	8.239855190133857	NaN	0.09199024552488698	0.08944144563645805	-30.194759708564465	-0.0960431554345982	0.3364629321763652	0.019879017291209937	1	40.071884196137724	18	33	57	90	155	402	0.009866697669575982	1.0107327236325543	2.5062000375834153	1.013887336088205	5.956075316466716	1.0870521880104944	-1.6322730837374129	1.0870521880104944	0.13328328366221434	1.0870521880104944	-0.006832126553336616	1.1479382635141675	NaN	NaN	800000009	800000009	800000009	800000009	800000019	800000019	899999999	899999999	89999	89999	89	89	2	0	0	3	0	0	0	NaN	0	0	0	0	0	0	0	0	0	NaN	NaN	NaN	NaN	0	0	0	0	0	0	0	0	11820	0	0	0	18000	18000	18000	18000	93	NaN	0.07713762717999509	0.08899197186036358	0.012753292232557428	0.2791290206656153	59.895596604464416	0.021037187740586487	6.194133023452597e-7	NaN	0.002103800823908177	-0.04037490232732752	0.0032968132681608885	-0.000006832126553336616	NaN	459.8284592962552	10.200654873788897	96054.90865386285	11.40999984741211	6.620172045707701	92.22111145909619	91.50565538067296	92.93656735568571	-1.4309111380709387	0.00027364504853095344	-1	0	2.0820931510329266	70.38311639065195	1.0000694391810232	-320.02537086485256	9.000600734763676	-273.1499938964844	165
DATA	2026-03-05T023000_AIU-0547.ghg	2026-03-05	03:00:00	64.124	0	18000	18000	0.010075887822836279	1	NaN	-3.7935770185047586	1	NaN	3.0223537416701016	1	NaN	2.279673635560748	1	NaN	0.06763379567886108	1	NaN	0.00552270834462022	1	NaN	NaN	NaN	NaN	NaN	NaN	NaN	NaN	NaN	NaN	-5.199451931574474e-11	-1.1613582200525207e-12	-2.5405303487316796e-13	NaN	18.632355215389133	458.56184088006563	463.3072718424203	0.1	1	416.17538104209484	10.24251344789747	10.348508182118495	0.1	1	0.0910404875667559	2.087027953481145	2.108625579334055	0	1	NaN	NaN	NaN	NaN	9	282.22861848364937	281.70566575113935	95641.9856156684	1.178217024698064	1010.8729196945387	0.024488208708532723	0.004382669959990197	0.007537100720200803	979.8770950244036	1110.774620161196	0.006397039392748801	88.21565394447018	130.8975251367924	279.8334769844532	1.052683262267331	0.3017224702072435	0.17543552036541313	1.1090338685052181	-1.3233388428963902e-14	-2.790550025194914e-15	1.1090338685052181	2.1725963595532956	316.0065180901538	15.993481909846212	9.101719659316842	NaN	0.09247599545783318	0.14099626991052422	17.61315747596519	0.16464963786063475	-1.2551730679971604	-0.0344427670632089	1	26.578467481643752	12	25	53	102	230	1085	0.009972296946484546	1.0103878651937106	-3.5786954887197164	1.0195655145607394	2.6205763317908306	1.153316430819135	1.9766246059129025	1.153316430819135	0.05864287880718446	1.153316430819135	0.0055120044252511685	1.2737618682482494	NaN	NaN	800000009	800000009	800000009	800000009	800000009	800100009	899999999	899999999	89999	89999	89	89	4	0	0	6	1	0	0	NaN	0	0	0	0	0	0	0	0	0	NaN	NaN	NaN	NaN	0	0	0	0	0	0	0	0	10284	0	0	0	18000	18000	18000	18000	93	NaN	0.17024501131119124	0.0969805559210759	0.014766972588781268	0.314829680232873	52.16570952231002	0.0163345075951819	1.3357908044049399e-7	NaN	-0.003004712264395754	0.048905040789926434	0.001450924151973468	0.000005512004425251168	NaN	458.5619975798487	10.242494447488674	96038.05546354168	11.40999984741211	6.677464831961532	91.98649047131008	91.24681432935934	92.7261677792867	-1.479353352341395	0.0002733310673146561	-1	0	2.0779219699369538	70.06935178905076	1.0001008057627414	-273.1499938964844	9.000711050775315	-273.1499938964844	092
DATA	2026-03-05T030000_AIU-0547.ghg	2026-03-05	03:30:00	64.145	0	18000	18000	0.012462151376141645	1	NaN	-3.7304814869805196	0	NaN	4.906632260392904	1	NaN	2.3021215001679467	0	NaN	0.10977334211859494	1	NaN	-0.0017737584543243248	1	NaN	NaN	NaN	NaN	NaN	NaN	NaN	NaN	NaN	NaN	-1.605627560613161e-10	-3.5201351668430965e-12	-7.838613376336245e-13	NaN	18.671410117267996	459.3806870042247	464.0543360112507	0	0	409.34703028668423	10.071340022804401	10.173803860811958	-0.5	0	0.09115312211281754	2.087078116969024	2.10831164037326	0.8	0	NaN	NaN	NaN	NaN	9	281.97111202748613	281.45243811543776	95606.65323046876	1.1789180324901878	1010.7734355231	0.02447523777295051	0.007113312569284952	0.007415067914929763	963.1453974015	1091.8585154375594	0.006289723043142509	88.21155706383092	128.71311803605943	279.5832684521606	1.230486666205834	0.6695400168212383	0.17614263832417587	1.4118808373482417	-3.4220967610043974e-14	-8.599390996870764e-15	1.4118808373482417	2.45470920777266	303.4482306352387	28.551769364761306	7.166748446476091	NaN	0.10281458001558508	0.15700326936989045	24.607597158324122	0.11784978359900548	-0.7602936778232892	-0.030448980290816805	1	31.813486308374316	14	30	62	118	262	1183	0.012349260240432286	1.0091415302221705	-3.4253593008318775	1.0173928088769906	4.306076098472027	1.1394671501820366	2.0203491603949875	1.1394671501820366	0.09633743465185284	1.1394671501820366	-0.0007485290939702464	1.2445741456968944	NaN	NaN	800000009	800000009	800000009	800000009	800000009	800100019	899999999	899999999	89999	89999	89	89	0	0	1	3	3	0	0	NaN	0	0	0	0	0	0	0	0	0	NaN	NaN	NaN	NaN	0	0	0	0	0	0	0	0	11729	0	0	0	18000	18000	18000	18000	93	NaN	0.22580392506042735	0.07040674968295826	0.017795863996395343	0.20129188471735754	39.42184631581764	0.006380251895547092	1.469164748884931e-7	NaN	-0.0028745422948797984	0.04995174200970634	0.002381876744842206	-7.485290939702464e-7	NaN	459.38077768198644	10.071331451481726	96004.38133854166	11.40999984741211	6.4279380474355525	92.26560528691613	91.55277090030236	92.97843746058142	-1.4256665611200792	0.00027339107670640154	-1	0	2.0781260610289047	69.69455184830562	1.0001213570651082	-273.1499938964844	9.000721844037374	-273.1499938964844	058
DATA	2026-03-05T033000_AIU-0547.ghg	2026-03-05	04:00:00	64.166	0	18000	18000	0.008797570818345835	0	NaN	-0.7949772621997881	2	NaN	1.0904739740894167	2	NaN	1.086971714068734	1	NaN	0.024389807224364762	2	NaN	0.0019546723285418697	0	NaN	NaN	NaN	NaN	NaN	NaN	NaN	NaN	NaN	NaN	-4.120274957113824e-12	-8.813254459433521e-14	-2.025755792793498e-14	NaN	18.747181303200644	461.0427021449181	465.63464578950027	-0.2	0	401.0015859183775	9.861688098393893	9.95990962056005	-0.1	0	0.09217154563420445	2.1074556892623773	2.1284457574567655	-0.2	0	NaN	NaN	NaN	NaN	9	281.6415552130805	281.1624530003866	95564.49144162326	1.179707386245725	1010.6520204370564	0.024460807555002333	0.0015804595081388366	0.007264994100390301	942.6800040010228	1070.545964950931	0.006158301783216141	88.05600458680267	127.86596094990819	279.27195559439565	1.247412343300251	0.6356877762723662	0.1833104609435092	1.4119983102721119	3.005949893798418e-14	-2.1978103750510926e-16	1.4119983102721119	2.458162153252668	304.9963740036818	27.00362599631817	7.459389017770066	NaN	0.08635634176978606	0.0873231936882528	68.39803020922712	0.04239888182640646	-0.7290199317811519	-0.007721195050969665	1	40.76199860134982	18	37	74	134	279	1094	0.008728858486638633	1.0078718576790289	-0.7288706153351598	1.0140009441688085	0.9813860390990178	1.11115700717584	0.9782341352743873	1.11115700717584	0.021949919828481164	1.11115700717584	0.0019202370125426156	1.1955099669184561	NaN	NaN	800000009	800000009	800000009	800000009	800000009	800000109	899999999	899999999	89999	89999	89	89	1	3	0	5	4	0	0	NaN	0	0	0	0	0	0	0	0	0	NaN	NaN	NaN	NaN	0	0	0	0	0	0	0	0	12120	0	0	0	18000	18000	18000	18000	93	NaN	0.10682170661304004	0.05605558374766843	0.011769097015797108	0.2020069211679801	38.685922548064205	0.025427138683055538	7.790716754835358e-7	NaN	-0.0006113282913163472	0.024166786162395888	0.0005422618161119965	0.0000019202370125426155	NaN	461.0430262464199	9.861660348063623	95961.22077560764	11.380865106741588	6.115281662782001	92.53089051437375	91.8444427600436	93.21733692508276	-1.3728956998520387	0.00027366916985031116	-1	0	2.0985847940146907	69.26936412832461	1.0001203126046392	-273.150084671009	9.000740243964724	-273.1499938964844	015
DATA	2026-03-05T040000_AIU-0547.ghg	2026-03-05	04:30:00	64.187	0	18000	18000	0.019029319632837133	1	NaN	-2.4564850004032457	2	NaN	5.0444332252621304	1	NaN	1.7914443061089	1	NaN	0.11283397254831816	1	NaN	-0.005672326868919314	1	NaN	NaN	NaN	NaN	NaN	NaN	NaN	NaN	NaN	NaN	-1.1828156968601465e-11	-2.545196243859706e-13	-5.833070952769518e-14	NaN	18.610303585165074	457.4500433738649	461.99770016248755	0.1	1	400.4586251923195	9.84346196317248	9.9413189582013	0.1	1	0.0917769535465373	2.0991818689118533	2.1200505054219794	0	1	NaN	NaN	NaN	NaN	9	281.77432540639245	281.2454656541612	95592.43567404513	1.1797122026889668	1010.6432994873119	0.024460876898480106	0.007311641421131016	0.0072515465554130985	941.2129072189284	1076.6092028303758	0.006146877635820286	87.42382145206504	135.39629561144739	279.2494101103565	1.351940965927317	0.5192819345035548	0.2056898931652529	1.4627735419416508	2.3082350660813887e-14	-6.35570339541914e-16	1.4627735419416508	2.72913668255735	310.98816539368454	21.011834606315425	8.083513990063961	NaN	0.12700581175985196	0.1719679137414499	70.43072781683072	0.04117520988199971	-0.48696947520315254	-0.01622245392335822	1	25.68918361530834	11	23	46	84	173	670	0.018882674206448874	1.007766136553803	-2.1637433860884205	1.0138801519951484	4.542120196395506	1.1105899903893444	1.6130564129079406	1.1105899903893444	0.10159822574014146	1.1105899903893444	-0.004655757928987967	1.1939047787212103	NaN	NaN	800000009	800000009	800000009	800000009	800000009	800000019	899999999	899999999	89999	89999	89	89	1	0	0	5	2	0	0	NaN	0	0	0	0	0	0	0	0	0	NaN	NaN	NaN	NaN	0	0	0	0	0	0	0	0	12321	0	0	0	18000	18000	18000	18000	93	NaN	0.16403360467399736	0.16097520971228713	0.0189270130966153	0.20564411715722003	35.96483687019426	0.00821805523989445	1.0546944121361906e-7	NaN	-0.0018148125784552462	0.03984913298911768	0.0025098943698309176	-0.000004655757928987968	NaN	457.4500417827505	9.843451573799848	95990.27354492187	11.38609329668681	6.094153618786065	91.66115218438036	90.88239242045091	92.4399101049635	-1.5575175888273627	0.0002730621190890411	-1	0	2.0903897412750454	67.25075720702287	1.0001284605529572	-273.1499938964844	9.000722372584873	-273.1499938964844	095
DATA	2026-03-05T043000_AIU-0547.ghg	2026-03-05	05:00:00	64.208	0	18000	18000	0.027240262915560712	1	NaN	5.581972959391542	1	NaN	5.4145128338545065	1	NaN	3.0222743608490816	1	NaN	0.12110839646741578	1	NaN	0.012606209517657197	1	NaN	NaN	NaN	NaN	NaN	NaN	NaN	NaN	NaN	NaN	-1.337311067314427e-10	-2.8637643257840497e-12	-6.607651899189946e-13	NaN	18.607025729263754	457.10116704636357	461.61974251810756	0	0	398.4573058190574	9.78852301050952	9.885285353659267	0.1	1	0.09193728512630207	2.1024722611743387	2.1232557994242	0.1	0	NaN	NaN	NaN	NaN	9	281.7209712685479	281.2150109286838	95621.40233203126	1.1802220890264896	1010.6122969719928	0.024450818999104833	0.007847824091088543	0.007214040056411443	936.2433670496606	1074.3812844057702	0.0061124428389253155	87.14256108505163	138.1379173561096	279.1728098904799	0.9835845013943503	0.3692274233497625	0.16584412782825445	1.0636125404825498	8.14036478545366e-14	-7.187129672267842e-15	1.0636125404825498	2.7204497120691333	311.42438536016937	20.57561463983064	8.970465825814308	NaN	0.15192308759426154	0.2579004324205911	-53.06141132151992	-0.05465365371508424	1.0309280134105478	0.030804604209191646	1	14.383867774704399	6	12	22	35	63	178	0.026904389130990327	1.0124839773516174	5.810420609326279	1.014806644047549	4.9855185070742785	1.0860480863066702	2.782818181768495	1.0860480863066702	0.11151292285709907	1.0860480863066702	0.009665725000178602	1.1482137226722007	NaN	NaN	800000009	800000009	800000009	800000009	800000019	800000119	899999999	899999999	89999	89999	89	89	0	2	1	12	1	0	0	NaN	0	0	0	0	0	0	0	0	0	NaN	NaN	NaN	NaN	0	0	0	0	0	0	0	0	13851	0	0	0	18000	18000	18000	18000	92	NaN	0.2658830482124358	0.23231672346327306	0.017601093165473317	0.2623340356196584	56.30047800254679	0.020205915440229	3.851620004970025e-7	NaN	0.004871461275586551	0.06871498227773983	0.002753542638202437	0.000009665725000178602	NaN	457.10091957685705	9.788500794358185	96019.87044422743	11.399999618530273	6.016795666403251	91.22474835416972	90.36286376868352	92.08663201819506	-1.7237683175933953	0.0002733596210762496	-1	0	2.093695430311892	67.30192984792932	1.0001356158488326	-273.1499938964844	9.000756482919057	-273.1499938964844	134
DATA	2026-03-05T050000_AIU-0547.ghg	2026-03-05	05:30:00	64.229	0	18000	18000	0.02040699718604603	1	NaN	6.334010289253586	1	NaN	9.459185575307652	1	NaN	-1.731356140907891	1	NaN	0.21153132757574872	1	NaN	0.0010956379798001666	1	NaN	NaN	NaN	NaN	NaN	NaN	NaN	NaN	NaN	NaN	-2.830870269478008e-11	-5.98585851346354e-13	-1.3990371850302854e-13	NaN	18.562127518035084	455.73992294437005	460.17443708624006	0.1	1	392.4950932220362	9.636593831566847	9.730361371942625	0.5	0	0.0917354175887174	2.095514684212827	2.1159047993504303	0	1	NaN	NaN	NaN	NaN	9	281.4927352786593	280.9886040157742	95649.94137109375	1.1815937153276297	1010.5241780654563	0.0244238440745469	0.013707230026908516	0.007109913709329734	921.986881906087	1057.945526721151	0.006017223701429652	87.14880479371793	135.95864481506408	278.9510518766004	1.2841214777004057	0.6403610706949294	0.19515926241288803	1.4481427443655317	-1.5574854899264914e-14	-1.5250785594094838e-15	1.4481427443655317	2.411300787945857	305.49565047051874	26.50434952948127	7.745043398645517	NaN	0.1314181853624589	0.11149885341760322	-30.27349285163476	-0.09579337323950053	0.6696147611045867	0.040365321605419065	1	27.39229355301571	12	22	39	62	107	282	0.02019899189511134	1.0102978055545946	6.777688178058513	1.013693071680156	8.697193254325066	1.0876135896605095	-1.5918853509805087	1.0876135896605095	0.19449125092467506	1.0876135896605095	-0.0015329369688564679	1.1480699645091947	NaN	NaN	800000009	800000009	800000009	800000009	800000009	800000009	899999999	899999999	89999	89999	89	89	1	5	2	4	6	0	0	NaN	0	0	0	0	0	0	0	0	0	NaN	NaN	NaN	NaN	0	0	0	0	0	0	0	0	12584	0	0	0	18000	18000	18000	18000	93	NaN	0.14331509889733168	0.06591026867953559	0.013772339258339171	0.24515319898478716	39.02196329474703	0.027881244585634807	1.1781205150969895e-7	NaN	0.005676317807983377	-0.03925837812088268	0.004796457901507416	-0.0000015329369688564679	NaN	455.74037345217704	9.636564235098989	96046.22560069445	11.399999618530273	5.794309772306046	92.37287562476259	91.66342775005762	93.08232392883305	-1.41889573409159	0.0002730434075767536	-1	0	2.086902805633015	68.2462909726037	1.0001186709702015	-273.1499938964844	9.000693191395866	-273.1499938964844	037
DATA	2026-03-05T053000_AIU-0547.ghg	2026-03-05	06:00:00	64.249	0	18000	18000	0.016653664520639225	1	NaN	-0.7209497439244558	1	NaN	0.0991729642858261	2	NaN	-0.8166231977738049	1	NaN	0.002217137149370081	2	NaN	0.00014864948397575467	2	NaN	NaN	NaN	NaN	NaN	NaN	NaN	NaN	NaN	NaN	-2.138027037905089e-12	-4.410856007559298e-14	-1.0476578507961414e-14	NaN	18.72705542074433	459.06879389870636	463.4581210932614	0.1	1	386.34845791016096	9.470817307507778	9.561371308378678	0.1	1	0.09176472647914277	2.093209670784446	2.1132236256731054	-0.3	0	NaN	NaN	NaN	NaN	9	281.18147111341693	280.695184343126	95662.37479036459	1.1830570540665404	1010.4273089231147	0.024395168609841027	0.00014367048727918124	0.006995816816637147	906.2438999857494	1036.975182448235	0.0059133384925015384	87.39301724137341	130.73128246248564	278.70262587450924	1.2338646873070165	0.5676171764624526	0.1865394072250803	1.370915123574874	8.156309665900508e-15	-1.1416781708974676e-16	1.370915123574874	2.5154526938693094	307.29605895995866	24.703941040041354	7.820454584809343	NaN	0.1186457159008358	0.09412845102011089	195.72760551783966	0.014816509875177922	-7.269619791202456	-0.00508325815306995	1	26.859017992366194	12	24	46	81	162	582	0.016528522545743538	1.0075712741141472	-0.708718530721474	1.012794023136346	0.09013056862668453	1.100325514383412	-0.7421651021438096	1.100325514383412	0.002014982948579989	1.100325514383412	0.00034602417024989107	1.1771536686921356	NaN	NaN	800000009	800000009	800000009	800000009	800000009	800000009	899999999	899999999	89999	89999	89	89	0	1	0	2	1	1	0	NaN	0	0	63	0	0	0	0	0	0	NaN	NaN	NaN	NaN	0	0	0	0	0	0	0	0	13619	0	0	0	18000	18000	18000	18000	93	NaN	0.10235342636276452	0.07357059721724417	0.012332878460213076	0.183431821927756	32.76779160815316	0.013853214350211597	8.232912903994769e-8	NaN	-0.0005928748441418446	-0.018278400631491065	0.000049625973376246826	3.460241702498911e-7	NaN	459.06894876321314	9.47080341938686	96058.45467925347	11.399999618530273	5.546769707587054	92.23386629570864	91.50492760976152	92.96280698945782	-1.4578787208530681	0.0002727256010144225	-1	0	2.0847489229242004	67.94046831364112	1.0001138447986708	-273.1499938964844	9.000621297041576	-273.1499938964844	125
DATA	2026-03-05T060000_AIU-0547.ghg	2026-03-05	06:30:00	64.27	0	18000	18000	0.00673490982719461	0	NaN	-3.590715469084437	1	NaN	-1.6797491667525304	1	NaN	2.380013559871211	1	NaN	-0.03754977313704322	1	NaN	0.00013793527179885453	1	NaN	NaN	NaN	NaN	NaN	NaN	NaN	NaN	NaN	NaN	-1.1302717944211705e-10	-2.303083845517061e-12	-5.548930439668811e-13	NaN	18.701344759489842	458.2262657662821	462.5450436655681	0	0	381.0655562459948	9.336988815317508	9.424989840038428	0.1	1	0.0918119532937805	2.0933155483717694	2.1130450261471676	0	1	NaN	NaN	NaN	NaN	9	281.07799736446805	280.60744217088484	95671.43884114583	1.1835992179772907	1010.3516107196854	0.024385232442071164	-0.0024332252992804006	0.00689977188999661	893.5227681551013	1030.7759918521376	0.005829483312592889	86.68447608578713	137.25322369703633	278.4990853130426	1.3495175826251578	0.6019228006874094	0.18786146832278283	1.489563927826612	-9.501956874616816e-15	-6.043799571405813e-15	1.489563927826612	2.4974594178932996	307.961784364792	24.038215635208022	7.245348449607441	NaN	0.07543337826509744	0.07971109802827306	10.100188296563646	0.28712335996613625	2.1376497992413888	-0.039805238191880386	1	56.397065389549454	25	55	120	240	573	3061	0.00664967091041636	1.0128185165742154	-3.592274247153409	1.025788898376382	-1.3909409008699762	1.2076351811223007	1.9708050883871857	1.2076351811223007	-0.03109363963887405	1.2076351811223007	0.0011330048497769616	1.3606251559630138	NaN	NaN	800000009	800000009	800000009	800000009	800000009	800000009	899999999	899999999	89999	89999	89	89	2	3	0	10	0	8	0	NaN	0	0	69	0	0	0	0	0	0	NaN	NaN	NaN	NaN	0	0	0	0	0	0	0	0	13524	0	0	0	18000	18000	18000	18000	93	NaN	0.08199200155920985	0.06694166574203306	0.010488528755303195	0.14212917823839413	33.645286981148246	0.0032826921434440386	4.9615771599711055e-8	NaN	-0.003003947077585969	0.048511614076065225	-0.0007653738339064813	0.0000011330048497769616	NaN	458.2262080366347	9.336987490759688	96068.21535112847	11.370864877859752	5.343916880117516	92.17254049089219	91.43772241422867	92.90736038250395	-1.4696362133158545	0.00027230578737605057	-1	0	2.0849720598459243	66.5155660059186	1.0001017456154029	-273.1499938964844	9.000555761708153	-273.1499938964844	210
DATA	2026-03-05T063000_AIU-0547.ghg	2026-03-05	07:00:00	64.291	1	18000	18000	0.01971601486939027	1	NaN	4.971680304521198	2	NaN	5.394684985063641	1	NaN	0.04007918429488816	2	NaN	0.12058368694009328	1	NaN	-0.0032158687434368245	1	NaN	NaN	NaN	NaN	NaN	NaN	NaN	NaN	NaN	NaN	-5.3071146913840894e-11	-1.0800974099541906e-12	-2.6035750624225406e-13	NaN	18.69429069561429	458.110053848047	462.4213930413257	0.1	1	380.4638892399319	9.323399086108806	9.411142927478094	0.3	0	0.0917108295092931	2.090039052353505	2.1097087085992148	-0.7	0	NaN	NaN	NaN	NaN	9	280.9775045784844	280.5099645741781	95694.42409809028	1.184301088524778	1010.3424908599985	0.024370906324481013	0.007813822913718044	0.006893779499760854	892.436628664542	1023.9273257122103	0.00582096864265157	87.15820022126985	131.49069704766828	278.4815885104775	1.1513026703099476	0.4867553186454667	0.17064472057054766	1.2615657729785865	3.1867444900334234e-15	-2.8388959911857727e-15	1.2615657729785865	2.072402161215378	309.0820108800473	22.917989119952672	7.773899195816766	NaN	0.1290263774821308	0.1158365282872798	-36.5110999738076	-0.0794279000654707	0.921588622558384	0.03220282289389385	1	23.371262268397807	10	19	34	54	95	255	0.019498034381422343	1.0111796134781472	5.207503801814242	1.014104863626727	4.964565803242642	1.0866378247096784	0.03688366388828429	1.0866378247096784	0.11096952839121915	1.0866378247096784	-0.004867373579807422	1.1479079522573286	NaN	NaN	800000009	800000009	800000009	800000009	800000009	800000009	899999999	899999999	89999	89999	89	89	2	3	1	6	3	0	0	NaN	0	0	0	0	0	0	0	0	0	NaN	NaN	NaN	NaN	0	0	0	0	0	0	0	0	10421	0	0	0	18000	18000	18000	18000	93	NaN	0.11139784149837376	0.10680540659233807	0.01346980848384776	0.1891602937208423	44.96678197201127	0.008323026455536207	6.398817415349432e-8	NaN	0.004352099834096663	0.0009073501745076771	0.002729886630996816	-0.000004867373579807422	NaN	458.110085997345	9.323388687920591	96091.36699565972	11.379138137552474	5.326063319153249	92.1208019472758	91.3745158839755	92.86708821699351	-1.492570879552087	0.0002724210588785354	-1	0	2.0817129439910254	67.3170295900767	1.000098323361741	-273.1499938964844	9.000536729918586	-273.1499938964844	243
DATA	2026-03-05T070000_AIU-0547.ghg	2026-03-05	07:30:00	64.312	1	18000	18000	0.006092481995846278	0	NaN	3.9459974333930252	1	NaN	1.0558888846462098	1	NaN	-2.3024834601961746	1	NaN	0.023606142844855564	1	NaN	0.0004355624367302188	1	NaN	NaN	NaN	NaN	NaN	NaN	NaN	NaN	NaN	NaN	2.141799162647033e-11	4.4291934774600414e-13	1.0570806843685106e-13	NaN	18.519056754264025	453.77893394524284	458.0775558876061	0.1	1	382.9700133196668	9.384048371533828	9.472942926173822	0.1	0	0.09140043347230889	2.084932822654406	2.1046832722883178	-0.7	0	NaN	NaN	NaN	NaN	9	281.21743042331275	280.7133881352743	95718.1218109809	1.183708689433976	1010.3795093150499	0.02438254183011903	0.0015296780563466405	0.0069353128041596945	898.4644240480145	1038.2654345875628	0.005858969243079572	86.53513775164032	139.80101053954832	278.5784548929874	1.2427397970342111	0.5867690648922894	0.18344867963677014	1.3864896525786363	1.1919313636739504e-14	1.1565379333663322e-15	1.3864896525786363	2.2585123440598203	306.7253043740965	25.274695625903476	7.603191969862225	NaN	0.07174220314386827	0.0675892944346581	-7.909383349082394	-0.3666531096051177	3.7371332256378342	0.045988868380042076	1	46.368601075471794	21	37	61	92	148	340	0.006028817307364525	1.0105600626517548	3.9607841860809434	1.013807823083868	0.9711529920084571	1.0872528770801693	-2.117707396994452	1.0872528770801693	0.021711731780604846	1.0872528770801693	-0.0008730383822451293	1.1479767758464567	NaN	NaN	800000009	800000009	800000009	800000009	800000009	800100019	899999999	899999999	89999	89999	89	89	1	4	1	17	20	0	0	NaN	0	0	0	0	0	0	0	0	0	NaN	NaN	NaN	NaN	0	0	0	0	0	0	0	0	13645	0	0	0	18000	18000	18000	18000	93	NaN	0.08414850749103325	0.04248356260812613	0.008546518770156815	0.19271349762868206	44.03152426344907	0.006387739309064433	3.739683996965765e-8	NaN	0.0033117062949069723	-0.05212435789292739	0.0005344034210834168	-8.730383822451294e-7	NaN	453.7779468074561	9.384039869996748	96117.71034179688	11.399999618530273	5.4234144248432585	91.6680594304403	90.88020515653827	92.45591363228696	-1.5757079808447008	0.0002722716230912031	-1	0	2.0765757248004277	67.00058008045629	1.0001042882733875	-273.1499938964844	9.000570126003689	-273.1499938964844	034
DATA	2026-03-05T073000_AIU-0547.ghg	2026-03-05	08:00:00	64.333	1	18000	18000	0.02248298584996332	1	NaN	3.7208926899632813	1	NaN	3.3780340689474806	2	NaN	-0.9428274704230067	1	NaN	0.07554812638758725	2	NaN	0.001547695341457749	2	NaN	NaN	NaN	NaN	NaN	NaN	NaN	NaN	NaN	NaN	-2.033468030253155e-10	-4.329212627589379e-12	-1.002625100335939e-12	NaN	18.459213635746888	452.4241489970169	456.82428938601066	0.1	1	392.9929538026554	9.632019337035876	9.725697442871779	0.1	1	0.09101530315851174	2.0798482014408606	2.1000761757751754	0	1	NaN	NaN	NaN	NaN	9	281.56635511101626	281.0819612774319	95737.39961002604	1.1822833590001236	1010.5232728428741	0.0244096396557635	0.004895518589915653	0.007110674056440237	922.3918398175193	1064.6956303307568	0.0060143568818001895	86.63432191705064	142.30379051323746	278.95739259861796	0.9782340418385163	0.39655579202598606	0.1598562430450149	1.067591848620785	-1.1045103086595839e-14	-1.1016005721474916e-14	1.067591848620785	2.2747665488456206	309.9333870165366	22.066612983463394	8.6115902342686	NaN	0.1379006156846154	0.1393104090841257	-59.58132167909012	-0.04867297196963232	1.101496495896096	0.02258463329014224	1	16.743885095303472	7	14	25	41	74	212	0.022206452903281822	1.0124528193622777	3.8604039022934082	1.014788999561158	3.1103729896788206	1.086054335012824	-0.8681218241367951	1.086054335012824	0.06956201356785263	1.086054335012824	0.00008932470346960459	1.1482016639826067	NaN	NaN	800000009	800000009	800000009	800000009	800000109	800100109	899999999	899999999	89999	89999	89	89	0	5	0	8	8	2	0	NaN	0	0	101	0	0	0	0	0	0	NaN	NaN	NaN	NaN	0	0	0	0	0	0	0	0	12982	0	0	0	18000	18000	18000	18000	93	NaN	0.22452120718383972	0.043819139410853664	0.010280471573557983	0.2348616288220302	36.106204300128454	0.03251285817614106	2.566804925047759e-8	NaN	0.0032312075071904067	-0.021396689513983835	0.001714502233322887	8.932470346960459e-8	NaN	452.4255338387258	9.631985275485318	96141.35033615452	11.399999618530273	5.801281720148222	91.89965935346817	91.14144898732505	92.65786918089121	-1.5164203082389263	0.0002724497009185143	-1	0	2.071297535048591	68.48193041843834	1.0001096986929576	-273.1499938964844	9.000626824855804	-273.1499938964844	165
DATA	2026-03-05T080000_AIU-0547.ghg	2026-03-05	08:30:00	64.354	1	18000	18000	0.00765471167438262	1	NaN	1.1336972380106483	2	NaN	1.255245409245166	1	NaN	1.8663233769024943	1	NaN	0.028097531580313147	1	NaN	0.0017089347976803348	1	NaN	NaN	NaN	NaN	NaN	NaN	NaN	NaN	NaN	NaN	3.9747658559575073e-11	9.154944939131484e-13	1.984354701690427e-13	NaN	18.177045471686107	447.0154228766882	451.6657537713276	0.1	0	418.66579436359785	10.295956369970407	10.403065882409624	-0.4	0	0.0907467432088322	2.0829770108984786	2.1046463579744	0	1	NaN	NaN	NaN	NaN	9	282.4771386727228	281.99729398600255	95759.9131937934	1.1784259130431374	1010.9076921976815	0.024483371214580257	0.0018207200464042917	0.007577924434494397	986.2043561734379	1132.9166797089044	0.0064305480307415815	87.05003411432133	146.71232353546657	279.92711412128807	0.8998553757700665	0.31388426448115736	0.15545294258756434	0.965623449461709	2.4632028311334498e-14	2.1866952262120338e-15	0.965623449461709	1.6765588006783005	312.7703933071208	19.229606692879226	9.264197095764086	NaN	0.08059596072760691	0.06452818336850132	-39.05081051880753	-0.07426222302359924	0.9031678026150999	0.011807828234209108	1	30.993018126111423	14	25	45	72	126	339	0.00755398168710312	1.0133346877781655	1.188411309812915	1.0152983168582492	1.1558554008284982	1.0859882718421583	1.718548372291955	1.0859882718421583	0.02587277626180198	1.0859882718421583	0.0011614612009982707	1.1486136970437695	NaN	NaN	800000009	800000009	800000009	800000009	800000009	800000019	899999999	899999999	89999	89999	89	89	0	4	1	2	0	0	0	NaN	0	0	0	0	0	0	0	0	0	NaN	NaN	NaN	NaN	0	0	0	0	0	0	0	0	12154	0	0	0	18000	18000	18000	18000	93	NaN	0.06335752471021033	0.061647221311246184	0.00405162071554612	0.22065474687772657	44.50480331920384	0.047601212641265045	3.138654328666608e-7	NaN	0.0009975920767573865	0.04251369430424549	0.0006400444226829855	0.0000011614612009982708	NaN	447.01548625260017	10.295907601167702	96164.68475	11.399999618530273	6.770579117139111	91.45726057306928	90.66122196070349	92.25329825973512	-1.5920758700172168	0.0002732810056380306	-1	0	2.0738310136265223	69.58918487675987	1.000087055131793	-332.70312139723063	9.00064480471611	-273.1499938964844	198
DATA	2026-03-05T083000_AIU-0547.ghg	2026-03-05	09:00:00	64.374	1	18000	18000	0.004499322084276107	1	NaN	-2.8726596225886647	1	NaN	-8.307525528627801	1	NaN	-1.323826139472634	1	NaN	-0.1863533129609852	1	NaN	0.0027942561853217256	1	NaN	NaN	NaN	NaN	NaN	NaN	NaN	NaN	NaN	NaN	3.590615639784094e-11	9.74715906094744e-13	1.810423029590457e-13	NaN	17.70690321435734	437.9418604335327	443.2109560726726	0.1	1	480.67523628767054	11.888459811169223	12.031495765040157	-0.4	0	0.08927991346890422	2.071665579477823	2.09659081512389	0.7	0	NaN	NaN	NaN	NaN	9	284.57156787533233	284.22510115983766	95776.3912046441	1.1686834626150449	1011.8342224992456	0.024672546765661687	-0.01207569467987184	0.008682932147321456	1138.9392041526703	1315.3017758853748	0.007429669731008717	86.59147467401625	176.3625717327045	282.0405296917819	0.6139982374385304	0.14106824598922707	0.15292982467946406	0.648291305572228	-5.046402317728834e-14	2.0278055379399743e-15	0.648291305572228	1.4874511914062036	319.0606498550485	12.939350144951506	13.644490151925423	NaN	0.06204761495406067	0.05588051758869222	7.035047160125993	0.4122218279412448	0.3457900445432826	-0.039151897498978815	1	23.092758186329544	10	22	48	94	217	1091	0.004423209935909571	1.0172074465081622	-3.1874756939954887	1.0332900189291578	-6.659208128034913	1.247524535785803	-1.061162407229746	1.247524535785803	-0.14937847522462006	1.247524535785803	0.003143507616390181	1.452183880984214	NaN	NaN	800000009	800000009	800000009	800000009	800000019	800001019	899999999	899999999	89999	89999	89	89	2	15	1	2	8	0	0	NaN	0	0	0	0	0	0	0	0	0	NaN	NaN	NaN	NaN	0	0	0	0	0	0	0	0	13591	0	0	0	18000	18000	18000	18000	93	NaN	0.05999861406483361	0.04680227404783721	0.0049601470647136076	0.7770357588802167	80.62332795433113	0.6579852766097134	3.541376708327771e-7	NaN	-0.002695507962056121	-0.02649666818988601	-0.003729902101480057	0.000003143507616390181	NaN	437.94688730299674	11.887820628357426	96205.5256171875	11.380580100059507	8.861074871036534	91.70844944551234	90.9584363293119	92.45846321656965	-1.500027480867173	0.00027493252165731953	-1	0	2.0612052803436907	70.58136090554109	1.0001447170443005	-273.15243814572284	9.000956715451347	-273.1499938964844	189
DATA	2026-03-05T090000_AIU-0547.ghg	2026-03-05	09:30:00	64.395	1	18000	18000	0.15679776614174504	1	NaN	-229.66381543767787	1	NaN	36.78059733174184	2	NaN	-11.860902829100237	1	NaN	0.8289696330534496	2	NaN	-0.151392434518259	1	NaN	NaN	NaN	NaN	NaN	NaN	NaN	NaN	NaN	NaN	1.097196057021925e-9	3.585212931034858e-11	5.660093670566804e-12	NaN	17.034018875741683	424.25783851316504	430.2220530840306	0.1	1	556.6059443064566	13.863107500211362	14.057994996079445	0.1	1	0.08787321263675883	2.0871498027361004	2.116490944219033	0	1	NaN	NaN	NaN	NaN	9	289.3137276933458	289.1512493133547	95761.75906423612	1.147736092421575	1013.0319792006121	0.025104002999554835	0.05371723222186353	0.009951130161930813	1327.9116630425692	1812.868956867296	0.008670225000013038	73.24918097429664	484.9572938247268	284.3337710776338	-0.39081641321308214	-0.0154751995802494	0.14059596049697243	0.41562504104890413	-1.1269720985636385e-14	6.441204891374477e-14	0.41562504104890413	2.634388876626534	149.7324374835075	182.2675625164926	19.771871108545774	NaN	0.3696144283378306	0.329220088011412	18.60675464842048	0.1558573783981281	-6.244156759234491	-0.5344147855978868	0	93.83679046191433	-14.24009497725007	32.21113361138012	80.21027713372857	122.32573359332225	171.5635806737127	257.03350682683157	0.15464568330719417	1.0139162166607385	-223.88967035276067	1.0214337665786362	32.03726130436468	1.148056851124504	-10.331285264734639	1.148056851124504	0.7220632255636876	1.148056851124504	-0.06487883977200479	1.27219317120846	NaN	NaN	800000009	800000009	800000009	800000009	800000009	810100119	899999999	899999999	89999	89999	89	89	4	4	3	0	0	0	0	NaN	0	0	7135	0	0	0	0	0	0	NaN	NaN	NaN	NaN	0	0	0	0	0	0	0	0	12521	0	0	0	18000	18000	18000	18000	93	NaN	0.3038507903153246	0.2695829067981354	0.08500647890936412	1.756556227393255	41.19426808044378	0.20459535916648405	0.0000011583862085610456	NaN	-0.19256123500272537	-0.26300364205157895	0.01838157143554959	-0.00006487883977200478	NaN	424.2586489162996	13.86290610920778	96183.03001584203	11.389140033086143	11.175516497611959	93.72619072299545	93.25060580910576	94.20177408006444	-0.9511672798990864	0.00027681232275790534	-1	0	2.0750612657600023	74.70693505626267	1.0001522602703836	-273.1499938964844	9.001079405652153	-273.1499938964844	081
DATA	2026-03-05T093000_AIU-0547.ghg	2026-03-05	10:00:00	64.416	1	18000	18000	0.0354319946575274	0	NaN	8.771666864414476	2	NaN	4.861270373533061	1	NaN	6.655235526892502	1	NaN	0.10977794945047997	1	NaN	0.022538199584328244	2	NaN	NaN	NaN	NaN	NaN	NaN	NaN	NaN	NaN	NaN	-1.795874721147537e-10	-5.5910754006363755e-12	-9.335983340375195e-13	NaN	16.805714830356386	420.54635337052343	426.12553815991674	0.1	1	523.2103201390083	13.092819579613089	13.266515675806533	0.1	1	0.08736571200191971	2.093634904212466	2.121410144488616	0	1	NaN	NaN	NaN	NaN	9	290.964742179023	291.1718512420654	95756.46871657987	1.1400420632979182	1012.6442278261391	0.0252808275375278	0.007113611124391102	0.009332471910456086	1254.0584661870016	2060.5303961015416	0.008186076821989421	60.86095446879312	806.4719299145399	283.4740381525021	-0.7227604598530494	-0.01979505750872217	0.06204911550863232	0.7256890652092166	-3.093720929171265e-14	-1.0686095410256661e-14	0.7256890652092166	3.3372926938025587	150.43116792320365	181.56883207679644	4.90499142333883	NaN	0.17629393156392653	0.3041604357438183	-52.855497841610834	-0.05486657241769381	1.8043980668451132	0.04309898071324349	1	6.009559248720858	3	5	9	15	27	79	0.03486095822308409	1.0163803998383838	8.934460858350537	1.0171639406205855	4.472852935469701	1.086838857361755	6.123479558918	1.086838857361755	0.10100664758799686	1.086838857361755	0.01770040091466108	1.1506816759286602	NaN	NaN	800000009	800000009	800000009	800000009	800001019	810101119	899999999	899999999	89999	89999	89	89	4	22	1	2	4	0	0	NaN	0	0	18000	0	0	0	0	0	0	NaN	NaN	NaN	NaN	0	0	0	0	0	0	0	0	11023	0	0	0	18000	18000	18000	18000	93	NaN	0.28031860930720326	0.25561130768775864	0.07239095449267473	0.23452361652468973	19.80313893710281	0.009341252916720522	4.533791623476137e-7	NaN	0.007739102230062246	0.15686093345662674	0.002587417312907191	0.000017700400914661082	NaN	420.5458870877206	13.092805926326484	96174.05866341146	11.40999984741211	10.321930629571275	94.57828171496922	94.24401024860806	94.91255194282532	-0.668545123100284	0.00027823528947839	-1	0	2.0821945711705405	76.12551075808204	1.0001343906290001	-273.1499938964844	9.001085383017857	-273.1499938964844	013
DATA	2026-03-05T100000_AIU-0547.ghg	2026-03-05	10:30:00	64.437	1	18000	18000	0.24463848916322653	1	NaN	37.05926412453927	1	NaN	-13.3801646941767	1	NaN	-1.8889679242333421	1	NaN	-0.30227566065053124	1	NaN	-0.005396487543563302	1	NaN	NaN	NaN	NaN	NaN	NaN	NaN	NaN	NaN	NaN	3.8123661271349426e-10	1.1888498260945846e-11	1.9902116546672693e-12	NaN	16.72333643183049	421.42123970730785	427.03314589669833	0.3	0	521.501213306714	13.141617327166637	13.31661924132775	0.8	0	0.08730268280020499	2.0961832639932494	2.124097338379891	-0.2	0	NaN	NaN	NaN	NaN	9	291.82753803761796	291.59288120608863	95760.18388975694	1.1384190172445898	1012.6807932166384	0.025316400991234295	-0.019587462810154423	0.009354092170330192	1258.7812560569128	2115.714412732824	0.008216739204665325	59.49674722076367	856.933156675911	283.5303338670564	-0.4243367423998473	-0.22603777811037815	0.1400302135209486	0.500762627182102	-4.5235739640386096e-14	2.2796683799762867e-14	0.500762627182102	3.2294078289560124	123.95644549623466	208.04355450376536	16.23835678560502	NaN	0.4635657295356566	0.6896474409580645	-227.46628821314502	-0.012749141962006185	-2.7697165895624707	0.06934429773331552	0	89.47681258706793	-13.578451513839832	30.714494295627528	76.48343362259746	116.64206208915132	163.5921505748709	245.090851954018	0.23943282884224854	1.0217416314469048	35.707518440906924	1.0206054589803086	-12.275223430159961	1.0900139431516924	-1.732975927602848	1.0900139431516924	-0.2773135725002968	1.0900139431516924	-0.01529230695244181	1.1552876766338516	NaN	NaN	800000009	800000009	800000009	800000009	800001009	800001119	899999999	899999999	89999	89999	89	89	1	6	2	17	1	8	0	NaN	0	0	18000	0	0	0	0	0	0	NaN	NaN	NaN	NaN	0	0	0	0	0	0	0	0	5522	0	0	0	18000	18000	18000	18000	93	NaN	0.8061392573836984	0.42255268820110287	0.15060293633132776	0.13600096667208703	5.115645939045367	0.014544188039614615	1.0070232753685787e-7	NaN	0.030973119921932028	-0.04445710851466328	-0.007114097425627955	-0.00001529230695244181	NaN	421.4209129222004	13.141594815566945	96166.02897395834	11.40999984741211	10.376416018247609	94.6153432674408	94.30303987227546	94.92764526685079	-0.6246063962413219	0.00028042228776030246	-1	0	2.0847086719406978	75.97513579644102	1.000106290459633	-305.1269952392602	9.000959588898553	-273.1499938964844	166
DATA	2026-03-05T103000_AIU-0547.ghg	2026-03-05	11:00:00	64.458	1	18000	18000	0.30117052301846453	1	NaN	43.20520870943972	1	NaN	-78.51086512846871	2	NaN	-13.939195803993718	2	NaN	-1.775350537779854	2	NaN	-0.07233455489091362	1	NaN	NaN	NaN	NaN	NaN	NaN	NaN	NaN	NaN	NaN	-1.3665605202743773e-11	-4.187582626692537e-13	-7.146570480282598e-14	NaN	16.521217556042217	418.43171503019363	423.8665740575138	0.1	1	506.2634444876207	12.82209865074832	12.988640277728436	0.1	1	0.08639942683301863	2.083560655972883	2.1106232758301426	-0.2	0	NaN	NaN	NaN	NaN	9	293.0561818474663	292.5771838404338	95751.08829340278	1.1346190768607667	1012.5252907112268	0.02540427215819921	-0.11504271484813453	0.009095093148368807	1228.0592255636127	2249.8047572739797	0.008015988214769723	54.585146626306134	1021.745531710367	283.1607412517275	-0.1845136043930626	-0.355346852252582	0.17814330510296797	0.4382370280624536	3.8511067995752023e-14	-8.271548483874255e-16	0.4382370280624536	3.59369787648068	89.44056422974307	242.55943577025693	23.9851523683613	NaN	0.5152063307888232	0.7952530276214855	-267.8205602119639	-0.010828145522900946	-0.5503086564992281	0.07299598199995981	0	85.32173235729097	-12.947902058569056	29.28818971094897	72.93173353670679	111.22549535935818	155.99533871996823	233.70944347500702	0.29407332024558674	1.0241341267101374	37.988902556501635	1.022166619580432	-71.91588617927349	1.0917040628930739	-12.768291589072323	1.0917040628930739	-1.6262195938660158	1.0917040628930739	-0.07393247486285841	1.1574990187895735	NaN	NaN	800000009	800000009	800000009	800000009	800000009	800000009	899999999	899999999	89999	89999	89	89	17	8	2	21	18	0	0	NaN	0	0	18000	0	0	0	0	0	0	NaN	NaN	NaN	NaN	0	0	0	0	0	0	0	0	4645	0	0	0	18000	18000	18000	18000	93	NaN	0.6038596551694803	0.7771385607611404	0.2095078393123504	0.10091338278375246	3.9030592153306847	0.059503244858267336	1.6541936825123566e-7	NaN	0.0330674561691217	-0.32858341359539867	-0.04184966968216312	-0.00007393247486285841	NaN	418.43106696099574	12.822036422181869	96149.88029188369	11.40999984741211	10.00368988227846	94.80200235642329	94.49875346183778	95.10525167719524	-0.606497813170155	0.000281431908111295	-1	0	2.0724508356451983	76.5905969469283	1.0000961338678995	-294.83136980692166	9.000908523639044	-273.1499938964844	225
DATA	2026-03-05T110000_AIU-0547.ghg	2026-03-05	11:30:00	64.479	1	18000	18000	0.19651493958515484	0	NaN	11.281456285961747	2	NaN	24.079260857018664	1	NaN	3.2220366082881395	1	NaN	0.5447802038559129	1	NaN	0.027035192011249872	2	NaN	NaN	NaN	NaN	NaN	NaN	NaN	NaN	NaN	NaN	-2.080730818191774e-10	-6.230657913848038e-12	-1.0881553549892257e-12	NaN	16.401132332161076	416.53379227160576	421.79480649858147	0.1	1	491.1247724501663	12.472923198482741	12.63046198072974	0.1	1	0.08577265170050989	2.073202984778241	2.099388496255818	0	1	NaN	NaN	NaN	NaN	9	293.670235871209	293.11068089803064	95735.63840993923	1.1325214288458212	1012.343692964122	0.025454702569082433	0.03530175720986315	0.008829884351534254	1194.4235708051663	2325.5456095456025	0.007796659848222911	51.36100388237706	1131.1220387404362	282.74663663210777	0.005073631022841641	-0.3865353760949539	0.1557602103937049	0.41676921892885854	1.8282395312304275e-13	-1.2686507102388638e-14	0.41676921892885854	4.956670303238454	61.247983575674425	270.7520164243256	21.94599647241432	NaN	0.41655712953682106	1.0736887154974042	-542.0316927512193	-0.005350240657110499	0.4685133963600635	0.023621973785818894	0	70.88079024035838	-10.756433378813282	24.331081590424358	60.58783341427643	92.40026881935356	129.59269082795257	194.15346574039995	0.19170181187273272	1.0251073668287365	12.441929805797107	1.0228041366332392	22.042183418779107	1.0924172256231224	2.9494560619458077	1.0924172256231224	0.4986924327792125	1.0924172256231224	0.019747798211045334	1.1584142638693684	NaN	NaN	800000009	800000009	800000009	800000009	800000009	800010009	899999999	899999999	89999	89999	89	89	7	9	3	28	0	4	0	NaN	0	0	18000	0	0	0	0	0	0	NaN	NaN	NaN	NaN	0	0	0	0	0	0	0	0	5882	0	0	0	18000	18000	18000	18000	93	NaN	0.698374578345489	1.231274581155957	0.21772827149336277	0.12515347999895443	0.5590709501189149	0.010705072835465838	1.4766993094517104e-7	NaN	0.010852088757682407	0.0760260482205475	0.01285444303811133	0.000019747798211045335	NaN	416.53359208636056	12.472909173685167	96128.84887782118	11.380865106741588	9.590704290495978	94.86194651349386	94.5623004644182	95.1615938498179	-0.599295471095377	0.0002824171210328737	-1	0	2.0624673743645343	77.03844243844348	1.0000811498562494	-273.1499938964844	9.000855689843496	-273.1499938964844	183
DATA	2026-03-05T113000_AIU-0547.ghg	2026-03-05	12:00:00	64.499	1	18000	18000	0.39094227447874635	1	NaN	-10.899939265957453	2	NaN	-39.115025575379185	1	NaN	-12.942549449275672	1	NaN	-0.8854338726969997	1	NaN	-0.09710053173461407	1	NaN	NaN	NaN	NaN	NaN	NaN	NaN	NaN	NaN	NaN	6.441568235899731e-11	1.967098293924361e-12	3.368209103068802e-13	NaN	16.657713360425884	423.88827930503606	429.4472668559442	0.1	1	508.6860579906281	12.944517243307653	13.114275204830058	0.1	1	0.08710093524152589	2.1111260129391742	2.1388119004649346	-0.2	0	NaN	NaN	NaN	NaN	9	294.3640289018419	293.6689931047228	95714.78954730902	1.129919673758205	1012.6191219090007	0.025508743426384192	-0.057376114950765576	0.009144323607872613	1239.314087471762	2407.1898675662806	0.008092897061839669	51.483852776629305	1167.8757800945186	283.2970752905126	-0.8167690783379514	-0.1624953652290701	0.16036875648899507	0.8480770065907609	-6.91724197122561e-14	3.867018297483204e-15	0.8480770065907609	5.99253710571579	140.74798276772833	191.25201723227167	10.90008663673145	NaN	0.5882101745352665	1.2012396174245066	1579.4738351893034	0.0018360544729456873	0.2786637386942777	-0.016195630168708217	0	90.23472373640786	-13.693467454792096	30.97466066722622	77.13128467368358	117.63007581900278	164.97785387922747	247.16688801214664	0.3873877519158689	1.0091756193769632	-13.037825574770716	1.0128051472168687	-35.83052862166409	1.091667555017014	-11.85576084018908	1.091667555017014	-0.8110838035148895	1.091667555017014	-0.08190851358874218	1.1665013052113868	NaN	NaN	800000009	800000009	800000009	800000009	800000009	810100009	899999999	899999999	89999	89999	89	89	2	8	1	7	10	0	0	NaN	0	0	18000	0	0	0	0	0	0	NaN	NaN	NaN	NaN	0	0	0	0	0	0	0	0	8962	0	0	0	18000	18000	18000	18000	93	NaN	1.3724929998364903	0.7925659127828419	0.2374203222296808	0.15771222251843206	18.758593502712976	0.08283937586966787	0.0000013488693280678823	NaN	-0.011394925022528427	-0.30639273125587	-0.020961133172821583	-0.00008190851358874219	NaN	423.88698517817284	12.944432848115389	96108.76395681423	11.389140033086143	10.138454889403468	94.8459498002794	94.54749056752522	95.14440687666999	-0.5969136168559391	0.0002830924775335007	-1	0	2.099825827479366	76.56701473384436	1.0000796767605675	-273.1499938964844	9.00079088221656	-273.1499938964844	042
DATA	2026-03-05T120000_AIU-0547.ghg	2026-03-05	12:30:00	64.52	1	18000	18000	0.19186685417305374	1	NaN	-1.7193153686119702	2	NaN	-13.502077083510605	1	NaN	-1.1994099523220467	1	NaN	-0.30580171069892875	1	NaN	-0.002306862459498616	2	NaN	NaN	NaN	NaN	NaN	NaN	NaN	NaN	NaN	NaN	-1.193714168601582e-10	-3.645514314896156e-12	-6.22548561345925e-13	NaN	16.539791837974423	422.27935447286484	427.79625671342586	0.1	1	505.11294493031164	12.896097508998745	13.064579601453161	0.1	1	0.08625870316806762	2.0958994885895237	2.1232815342948466	0	1	NaN	NaN	NaN	NaN	9	294.9060553037856	294.2090710593329	95669.55904427083	1.1273332588817155	1012.6052165367742	0.025567737964124922	-0.019815950853290583	0.009089098199454568	1234.0949062001914	2488.542478574975	0.00806247675906476	49.59107255853943	1254.4475723747837	283.2339897540437	-1.0266928607576864	-0.17934314373792912	0.1653800776144633	1.0552785241860576	1.6562028103557004e-15	-7.21722607089215e-15	1.0552785241860576	4.51396814184618	142.09152174800613	189.9084782519939	9.016389841358599	NaN	0.4125473649967886	0.5019931681007156	3453.5065452668005	0.0008397262208680599	0.1273371021345806	-0.0036508101348261624	0	87.7136660207714	-13.310887220141346	30.109263134759185	74.97632245634944	114.34362246762241	160.36855632492512	240.26132035181746	0.1902993664751109	1.0082369569955865	-2.476897358528527	1.0123649630021831	-12.362248739123858	1.0922023467121669	-1.0981572745495416	1.0922023467121669	-0.2799863153741402	1.0922023467121669	-0.0007389319113084051	1.165897693271954	NaN	NaN	800000009	800000009	800000009	800000009	800001009	800011109	899999999	899999999	89999	89999	89	89	15	2	1	7	0	7	0	NaN	0	0	18000	0	0	0	0	0	0	NaN	NaN	NaN	NaN	0	0	0	0	0	0	0	0	7190	0	0	0	18000	18000	18000	18000	93	NaN	0.5508396806822448	0.3277844755130452	0.12536218000614133	0.19299975991852347	2.707751720940634	0.014962292107572812	4.0600920118606665e-7	NaN	-0.002169779140713245	-0.02844431651418818	-0.007252166478075879	-7.389319113084051e-7	NaN	422.27907089334303	12.896077166134019	96071.80500824653	11.40999984741211	10.079125984801191	94.79152392493354	94.49347221925524	95.08957617399429	-0.5961010486500132	0.0002838953053999125	-1	0	2.0847125131752753	76.40046931754217	1.0000680738538503	-273.1499938964844	9.00074919157558	-273.1499938964844	194
DATA	2026-03-05T123000_AIU-0547.ghg	2026-03-05	13:00:00	64.541	1	18000	18000	0.4483056369430193	1	NaN	-60.31844895947278	1	NaN	-45.7605285363858	1	NaN	-2.902441802194447	2	NaN	-1.0375406350888807	1	NaN	-0.01697043523060809	1	NaN	NaN	NaN	NaN	NaN	NaN	NaN	NaN	NaN	NaN	-2.139083630702791e-10	-6.60285230485533e-12	-1.1095298828946107e-12	NaN	16.37628934400625	420.0113875660506	425.5282644995307	0.1	1	505.49786033622024	12.96477201101684	13.135065135853031	0.1	1	0.08494283317073399	2.0747270638410913	2.1019787389637616	0	1	NaN	NaN	NaN	NaN	9	295.9696112018161	295.33862166611584	95619.82562960582	1.1224085775791588	1012.6713236298099	0.025679248883422264	-0.06723263315375946	0.009097820450357674	1240.0217725362024	2666.4974613595577	0.008105622704683974	46.50376722668834	1426.4756888233553	283.30561122886303	-0.6742118557634309	0.11040474777582679	0.18907392517276778	0.7088721915576457	6.619710528189673e-15	-1.3062077652442673e-14	0.7088721915576457	4.667472651647542	161.29986114799226	170.70013885200774	15.469476961658984	NaN	0.6319920443895493	0.8100762064501448	353.7812598841463	0.008197155499275655	1.3181326983911794	-0.08396901624527285	0	93.44078682212927	-14.179999897120865	32.075198376501355	79.8717791785367	121.80950285371704	170.83955972130252	255.94879150622972	0.4438213947064284	1.0101037090371838	-62.3839011288917	1.0135241856748387	-41.83033202699032	1.0939556613334933	-2.6531621936637477	1.0939556613334933	-0.9484302442606818	1.0939556613334933	0.005265542303061046	1.1714742381709924	NaN	NaN	800000009	800000009	800000009	800000019	800000019	800001019	899999999	899999999	89999	89999	89	89	7	12	1	9	8	0	1	NaN	0	0	18000	0	0	0	0	0	0	NaN	NaN	NaN	NaN	0	20	0	0	0	0	0	0	8326	0	0	0	18000	18000	18000	18000	93	NaN	1.0528845103199949	0.3160971519030028	0.25117075067729194	0.257081718553865	0.7030776590164574	0.0287806555928735	8.152424552068245e-8	NaN	-0.05488492063959208	-0.0690263634140098	-0.024674967429252057	0.000005265542303061045	NaN	420.0112079811318	12.96473948641204	96018.02930099827	11.4036197013855	10.149751928753313	94.76152884334988	94.46359721755981	95.05945850478278	-0.5958593063222035	0.00028522288908586934	-1	0	2.0636736304428838	76.0501441247462	1.0000463337517447	-273.1499938964844	9.000571060392591	-273.1499938964844	026
DATA	2026-03-05T130000_AIU-0547.ghg	2026-03-05	13:30:00	64.562	1	18000	18000	0.19005599255183103	1	NaN	39.529342813378356	1	NaN	-18.72671647715618	1	NaN	-2.499897950429586	1	NaN	-0.4248787290189401	1	NaN	-0.008229564713080903	1	NaN	NaN	NaN	NaN	NaN	NaN	NaN	NaN	NaN	NaN	2.51133381674689e-10	7.811136377355701e-12	1.3026494603784976e-12	NaN	16.280767135854646	418.53615997451317	424.056508456199	0.1	1	506.3894396598596	13.017954851778999	13.189657213899991	0.1	1	0.0844496752388794	2.0693063907699094	2.096599832734697	-0.3	0	NaN	NaN	NaN	NaN	9	296.5972352379693	296.02625813438095	95561.69242111969	1.1190979328720534	1012.7182804951103	0.025754695713041936	-0.027532141640427315	0.009108379810116998	1244.3514921028955	2780.192072247604	0.008139037292957237	44.757752693572655	1535.8405801447084	283.3577420851296	-1.1273697601529105	0.11841046201699677	0.14781097302731278	1.1431673969151057	1.6654979140770553e-14	1.5425156540788884e-14	1.1431673969151057	4.228843894644767	157.99593463337027	174.00406536662973	7.429114996986097	NaN	0.4121039118723756	0.4759289365090279	-149.61445516646566	-0.01938315383211716	-2.110852848207442	0.08463619179844012	0	87.81805656760581	-13.326728888364775	30.145097031414178	75.0655539256965	114.4797060885441	160.5594155381957	240.54726223239905	0.1878203820172661	1.0119029176203007	38.04311542368597	1.0144841951844965	-17.2403096071719	1.086216947598548	-2.301472054874913	1.086216947598548	-0.3911545754817019	1.086216947598548	-0.018202803903566836	1.1480203175688888	NaN	NaN	800000009	800000009	800000009	800000019	800000019	800001019	899999999	899999999	89999	89999	89	89	27	15	4	0	3	4	2	NaN	0	0	17671	0	0	0	0	0	0	NaN	NaN	NaN	NaN	0	2	0	0	0	0	0	0	11463	0	0	0	18000	18000	18000	18000	93	NaN	0.6441392966526328	0.18299717632281273	0.1247214000426102	0.17239220842749992	1.8757658307769118	0.047423055750337444	6.297298773121221e-8	NaN	0.033567525841625784	-0.06005572489089558	-0.01020697667181577	-0.000018202803903566836	NaN	418.5358099067164	13.017905085078493	95954.58573155382	11.399999618530273	10.200546782599568	94.70853597768146	94.41070417213442	95.00636365254721	-0.5956584658208819	0.00028613163536970706	-1	0	2.0582278781483567	76.41657403228903	1.0000498233089845	-273.1499938964844	9.000534739918178	-273.1499938964844	045
DATA	2026-03-05T133000_AIU-0547.ghg	2026-03-05	14:00:00	64.583	1	18000	18000	0.2480817335181126	1	NaN	14.162760800510283	1	NaN	17.915496133148324	2	NaN	4.19387865172425	2	NaN	0.4065378970950236	2	NaN	0.007530659677484202	2	NaN	NaN	NaN	NaN	NaN	NaN	NaN	NaN	NaN	NaN	-2.5545304093995793e-10	-8.065439498152565e-12	-1.324195132974482e-12	NaN	16.246307688369132	416.34683583124075	421.8927648503935	0.1	0	512.9459850889402	13.145352281922552	13.320454346867391	0.2	0	0.08421618897385068	2.06529880006674	2.0928095184456685	0	1	NaN	NaN	NaN	NaN	9	296.78282983313665	296.18983937666155	95525.52023546006	1.1180023764197589	1012.7931897264313	0.025778685303233243	0.026343655731757527	0.00918895783056822	1256.0534480982742	2807.8540522891226	0.008219086134677575	44.733573209557235	1551.8006041908484	283.497841104056	-1.058826634943789	0.31614850781801274	0.18641281321524059	1.1206308307345043	6.159307833654408e-15	-1.572375987454915e-14	1.1206308307345043	5.163540133633082	168.62477415904357	163.37522584095646	9.575453784285246	NaN	0.47105978620523775	0.660243499597565	-623.5148640082917	-0.0046510519113485554	0.7905313196604974	0.02655268177178065	0	86.65985564176249	-13.150967429500284	29.74752413290051	74.0755411942174	112.96987420698854	158.44185485651474	237.3747704611634	0.24512579322634398	1.012058870887729	15.056425505503599	1.0145694468292143	16.494362259581674	1.0861587645039807	3.8612022374459047	1.0861587645039807	0.3742895701630492	1.0861587645039807	0.0015661172986900023	1.1480642385316135	NaN	NaN	800000009	800000009	800000009	800000009	800000009	801001009	899999999	899999999	89999	89999	89	89	9	34	3	3	7	7	0	NaN	0	0	11452	0	0	0	0	0	0	NaN	NaN	NaN	NaN	0	0	0	0	0	0	0	0	13086	0	0	0	18000	18000	18000	18000	93	NaN	0.7372836163957646	0.41474438371566913	0.16845899908369644	0.1302344029473465	4.714687236680367	0.032800286806240454	3.7936206980003974e-8	NaN	0.013297144267672695	0.10086295206131482	0.009777252951499841	0.0000015661172986900023	NaN	416.3464298482483	13.145299886859721	95910.61283723959	11.370864877859752	10.339902847740369	94.70772274695503	94.4098281656901	95.00561549419827	-0.5957856948640613	0.00028503400641622837	-1	0	2.0541485328012046	76.58495343017577	1.0000523908105161	-273.1499938964844	9.000517853418986	-273.1499938964844	006
DATA	2026-03-05T140000_AIU-0547.ghg	2026-03-05	14:30:00	64.604	1	18000	18000	0.1911493888076881	1	NaN	11.784171902293307	1	NaN	3.861651130849258	2	NaN	0.2289479231349587	2	NaN	0.08766406331035952	2	NaN	-0.0006391106004358111	0	NaN	NaN	NaN	NaN	NaN	NaN	NaN	NaN	NaN	NaN	-8.470358203677645e-11	-2.695745383715668e-12	-4.391205784394315e-13	NaN	16.120444234673617	416.3472826033024	421.9381817095886	0.2	0	513.0433930196641	13.250517134129089	13.428451054917083	0.1	1	0.08357165809064614	2.0535586378779085	2.081134749535054	-0.2	0	NaN	NaN	NaN	NaN	9	297.1303782543606	296.60878870307073	95494.38041102429	1.116014698616739	1012.8623994330704	0.0258235663571324	0.005680631302511297	0.009246372849743188	1265.6893405715612	2879.798285226715	0.008285171208948899	43.950624842875705	1614.108944655154	283.6123441591766	-0.9474181786153065	0.26649771173674824	0.18471393556294946	1.001369798587296	-7.120550330091204e-15	-5.254419841271291e-15	1.001369798587296	4.431009330743053	167.7106749026901	164.2893250973099	10.629724356401107	NaN	0.4138581380951257	0.5596930560827609	-508.0813915986509	-0.005707746923923557	3.051588945504179	0.02518994422800709	0	80.74584291630796	-12.253493182005439	27.71743494142997	69.02033206626201	105.26036132232642	147.62915341676663	221.17537337224599	0.1886954217119011	1.0130049106307077	11.882289634703517	1.0151052823715616	3.555889880954549	1.085987266234642	0.21082008072596634	1.085987266234642	0.08072292008939498	1.085987266234642	-0.004316749398391349	1.1484453563192762	NaN	NaN	800000009	800000009	800000009	800000009	800000009	801000009	899999999	899999999	89999	89999	89	89	22	53	4	19	0	6	0	NaN	0	0	5006	0	0	0	0	0	0	NaN	NaN	NaN	NaN	0	0	0	0	0	0	0	0	10721	0	0	0	18000	18000	18000	18000	93	NaN	0.5028444198568602	0.4613781715050982	0.15516352080356333	0.11087002592485218	8.722225576373745	0.007727837081619769	4.471133495631118e-8	NaN	0.010511864898705774	0.0055172524015537445	0.0021125536200821225	-0.000004316749398391349	NaN	416.34698515153445	13.250504948031978	95884.99416341147	11.379139804204307	10.456248210853996	94.7064406560262	94.41143779246012	95.00143901040819	-0.5900010950764015	0.0002872742935982793	-1	0	2.0423959837092296	76.36400951215956	1.000060081910756	-398.9988741811114	9.000534826415556	-350.06437212627	120
DATA	2026-03-05T143000_AIU-0547.ghg	2026-03-05	15:00:00	64.624	1	18000	18000	0.3268665408500229	1	NaN	-54.50288095275777	1	NaN	-5.9353061703548855	1	NaN	10.275908129813535	1	NaN	-0.13467374930472706	1	NaN	0.004296775340077784	1	NaN	NaN	NaN	NaN	NaN	NaN	NaN	NaN	NaN	NaN	-7.358511303971672e-11	-2.3464368806707945e-12	-3.8145203229133963e-13	NaN	16.1299900038009	412.22834301199106	417.71921369015627	0.3	0	514.343212455781	13.1448841667074	13.319973677805748	0.1	1	0.08361497609534055	2.0499289944667	2.077233994714367	0	1	NaN	NaN	NaN	NaN	9	297.0613116005792	296.1129204048185	95474.53770188875	1.117696150654224	1012.7908959355193	0.025785752720088408	-0.008726858954946314	0.009186112164879447	1255.338379892457	2794.817074998128	0.00821879198519429	44.916656303643684	1539.4786951056712	283.48931316190965	-1.0147657226190472	0.16807137953407297	0.1832383582068726	1.0447840716336152	-4.2001766344781205e-15	-4.5620061154642376e-15	1.0447840716336152	5.78844341068783	161.40428670357394	170.59571329642608	10.101002438721776	NaN	0.540783404925418	0.8200939046266777	245.04779707509596	0.011834425914513658	9.182825517069984	-0.08903331814854705	0	88.99309078280021	-13.505044863831543	30.548448253437613	76.06995549973169	116.01148186287911	162.7077528415128	243.76586299108033	0.324162556264569	1.0083414463922447	-54.37734133080956	1.0128791456104695	-5.412320340040879	1.096628765013206	9.370452843893611	1.096628765013206	-0.12280705522356532	1.096628765013206	0.020011768524549826	1.1739008253929546	NaN	NaN	800000009	800000009	800000009	800000019	800010019	801111019	899999999	899999999	89999	89999	89	89	18	29	9	40	0	6	0	NaN	0	0	3347	0	0	0	0	0	0	NaN	NaN	NaN	NaN	0	2	0	0	0	0	0	0	15612	0	0	0	18000	18000	18000	18000	93	NaN	0.9387719559801315	0.49366489113474077	0.20775096213848315	0.11716511079300322	7.376127629492327	0.010819425845722569	2.156408673192552e-8	NaN	-0.04803683947791475	0.24484348243573037	-0.003208863815819676	0.000020011768524549828	NaN	412.2280542070866	13.14486894539194	95856.98479774306	11.399999618530273	10.33166535001331	94.72195608139037	94.42353326437208	95.02037753317092	-0.5968396219958862	0.00028425553724324964	-1	0	2.0388659640440236	76.71745457393226	1.0000682018333011	-296.8501198916998	9.00059183716774	-273.1499938964844	132
DATA	2026-03-05T150000_AIU-0547.ghg	2026-03-05	15:30:00	64.645	1	18000	18000	0.2971061015250191	1	NaN	-0.6183621731066139	2	NaN	-1.204565087837774	0	NaN	1.0951552667345177	2	NaN	-0.027353932751375893	0	NaN	-0.0026023465744546967	2	NaN	NaN	NaN	NaN	NaN	NaN	NaN	NaN	NaN	NaN	2.6419463847178907e-11	8.372768857111558e-13	1.370355913786577e-13	NaN	16.05124429509762	415.9853812778375	421.54269272182	-0.1	0	508.6907104900751	13.183270733742264	13.359391204833559	0.1	1	0.08325648722719566	2.0489405770112525	2.0763131757350033	-0.2	0	NaN	NaN	NaN	NaN	9	297.5338218129476	296.9434733191596	95461.39719552951	1.114400287955118	1012.8337722390143	0.025861637370745573	-0.0017725348422891578	0.009185904948196589	1258.8310213940345	2938.4233872992386	0.008242913293797127	42.84035536999487	1679.5923659052041	283.53092607932103	-1.224089365215002	0.4506321445775258	0.2098494003737001	1.3211740515906096	-1.9381330599406633e-14	1.6459449100309285e-15	1.3211740515906096	6.948031327352047	172.21050993486878	159.78949006513122	9.139313553186122	NaN	0.5163392951601412	0.9035267104555493	18798.888883834283	0.00015426443647389155	0.5133489085397538	-0.0010610316707899963	0	78.13836810657273	-11.857798819925918	26.82237321701199	66.79150181664936	101.8612545609285	142.8618578531332	214.03309590293196	0.294894986550798	1.007497974109642	-0.6831169724600472	1.0120943876018236	-1.1014663151265558	1.0936013850767397	1.0014208848662614	1.0936013850767397	-0.02501270858344462	1.0936013850767397	-0.0020929523119630317	1.1659180282614725	NaN	NaN	800000009	800000009	800000009	800000009	800000009	801100009	899999999	899999999	89999	89999	89	89	17	43	5	37	1	3	0	NaN	0	0	0	0	0	0	0	0	0	NaN	NaN	NaN	NaN	0	0	0	0	0	0	0	0	14955	0	0	0	18000	18000	18000	18000	93	NaN	0.7309873681160534	0.8138878568505257	0.26217819594451963	0.12548293933043228	10.716259871359586	0.00777945331481478	6.973015121151875e-8	NaN	-0.0006052233651639799	0.026244464467830207	-0.000655513732120807	-0.0000020929523119630316	NaN	415.9850718915055	13.18325298673226	95855.27803993055	11.399999618530273	10.37534674210018	94.69630803044637	94.40041326459249	94.99220258967082	-0.5917868631117875	0.00028800279795218104	-1	0	2.037866439852449	76.83806350453693	1.0000659841315613	-343.20062183806346	9.000549816767375	-310.4564954630614	018
DATA	2026-03-05T153000_AIU-0547.ghg	2026-03-05	16:00:00	64.666	1	18000	18000	0.40559334916878237	1	NaN	-7.797921770080705	1	NaN	0.8185485229561845	2	NaN	0.3746842702556599	1	NaN	0.01859197567876345	2	NaN	-0.0008625940237570461	1	NaN	NaN	NaN	NaN	NaN	NaN	NaN	NaN	NaN	NaN	-2.678119446589975e-11	-8.320736158466489e-13	-1.3863361161608795e-13	NaN	16.022650394833548	419.18914719869036	424.72067682586373	0.1	0	497.81292116942103	13.023923554918602	13.195784442748138	0.3	0	0.08294170354223913	2.043080290875296	2.0700403379929138	0	1	NaN	NaN	NaN	NaN	9	297.78930759006073	297.16095441860625	95462.22118055556	1.1136617462089757	1012.7510782977122	0.025880355018803206	0.0012047600239838713	0.009068310937399548	1243.626171135958	2977.0745283591705	0.008142787492045096	41.77343090639349	1733.4483572232125	283.34902020067	-1.6407523740857226	0.2550912811921612	0.1853260898498141	1.6707739746558323	-1.461671636984295e-14	-1.6714584544973446e-15	1.6707739746558323	7.164835996834788	160.83714800306325	171.16285199693675	6.368484765291491	NaN	0.6034881703360493	1.0193649938457763	2380.0741528410767	0.0012184494321482763	-9.526523536953611	-0.011456556366965385	0	88.69763317887957	-13.460208032553853	30.44702721900604	75.81740278373314	115.62632303586244	162.1675621101762	242.9565588398988	0.4027799900115305	1.0069848533368586	-7.689224154692418	1.0121577824405608	0.7459974199040426	1.0972538257055555	0.3414745626562119	1.0972538257055555	0.016944097384949598	1.0972538257055555	0.0014367036715596962	1.1685645738821584	NaN	NaN	800000009	800000009	800000009	800000009	800000009	800000009	899999999	899999999	89999	89999	89	89	12	36	3	35	11	5	0	NaN	0	0	0	0	0	0	0	0	0	NaN	NaN	NaN	NaN	0	0	0	0	0	0	0	0	13488	0	0	0	18000	18000	18000	18000	93	NaN	1.248114226530759	0.5297335284606041	0.26088223270018923	0.05794828501085791	0.12860937794470034	0.009529499936736942	1.8825692368605082e-8	NaN	-0.0068175213269715445	0.008954132125259176	0.00044430743405283985	0.000001436703671559696	NaN	419.1888590376113	13.023909161791247	95852.81908528646	11.399999618530273	10.193031042046002	94.71077858373854	94.41887654791938	95.0026829647488	-0.5838049611482357	0.0002906767823070468	-1	0	2.0321863348351585	77.14711863984	1.000085257227222	-430.37025049845727	9.000559081514677	-341.30299675834874	162
DATA	2026-03-05T160000_AIU-0547.ghg	2026-03-05	16:30:00	64.687	1	18000	18000	0.3773858608028776	1	NaN	-16.021419575757587	1	NaN	11.75567228693559	1	NaN	2.01270363043704	1	NaN	0.266975515410885	1	NaN	0.004593003796323003	1	NaN	NaN	NaN	NaN	NaN	NaN	NaN	NaN	NaN	NaN	-1.724383598866243e-11	-5.221499838195654e-13	-8.914036500006028e-14	NaN	16.074689223993936	419.8695449176175	425.27642916960156	0.1	0	486.7477702601388	12.713811255755733	12.877533789798852	0.7	0	0.08309657234222526	2.0453528076672036	2.0716919075599978	0	1	NaN	NaN	NaN	NaN	9	297.6897110510932	297.0252855114408	95470.9294251302	1.1144033668603581	1012.5755127947269	0.025866179774427716	0.017300013398625348	0.008857236930697957	1214.1249659564721	2952.911492751648	0.007947963182892847	41.116199010255436	1738.7865267951759	282.99041738745984	-1.6415344887635976	0.29002172190265346	0.17922141571793895	1.676564461280191	-1.505429118127588e-14	-1.0727321535350971e-15	1.676564461280191	6.288722638778885	162.01946001443207	169.98053998556793	6.136530469161394	NaN	0.5819311494832917	0.998850171085083	1038.6783152232688	0.002792009766158092	-1.3628671491261832	-0.024398299227357596	0	87.8099529728162	-13.325499136591585	30.142315329554858	75.05862709475255	114.46914223429779	160.54459958241134	240.5250652308134	0.3747623320221086	1.007000513543112	-15.215845797666107	1.0122357648280798	10.706630881576695	1.0979805334621202	1.833095914816123	1.0979805334621202	0.243151410498204	1.0979805334621202	0.00807103998593414	1.1697368583141416	NaN	NaN	800000009	800000009	800000009	800000009	800011019	800011119	899999999	899999999	89999	89999	89	89	9	25	0	55	40	13	1	NaN	0	0	0	0	0	0	0	0	0	NaN	NaN	NaN	NaN	0	0	0	0	0	0	0	0	16910	0	0	0	18000	18000	18000	18000	93	NaN	1.3077021897329446	0.4412436754950413	0.24875447694218003	0.04523237492282177	0.2763643786553979	0.012887113686132583	1.239783464150053e-8	NaN	-0.013484233432863922	0.0480259450623602	0.006370412037928474	0.000008071039985934141	NaN	419.86906110364146	12.713782755468495	95862.70661458334	11.370864877859752	9.834440014097417	94.707394900216	94.41244284227159	95.00234758377076	-0.5899061872743896	0.0002902413026733686	-1	0	2.0346998265650535	77.1737724410163	1.0000699627184206	-434.2058756595347	9.000520648042361	-368.6772479078509	037
DATA	2026-03-05T163000_AIU-0547.ghg	2026-03-05	17:00:00	64.708	1	18000	18000	0.2967589808388195	1	NaN	-50.36386946210318	1	NaN	1.29758210963484	2	NaN	4.931476145578404	1	NaN	0.0294594303430182	2	NaN	0.003511251793829303	1	NaN	NaN	NaN	NaN	NaN	NaN	NaN	NaN	NaN	NaN	-3.87687533723062e-10	-1.150945008382361e-11	-2.0012900902183985e-12	NaN	16.11859083733077	420.0652938591145	425.36993896257184	0.1	1	478.5196853823921	12.470662869112978	12.628144198069648	0.1	1	0.083206121696134	2.0448695340524843	2.0706924413947387	0.4	0	NaN	NaN	NaN	NaN	9	297.5545212902492	296.70600485399035	95469.56543967014	1.1156896845348705	1012.4323163380973	0.02583874466166837	0.001908971086227579	0.008697069137616873	1190.8881223268131	2896.720997175795	0.0077952402519905605	41.11159215844014	1705.832874848982	282.7025152570479	-1.3251093678875956	0.2582390603030459	0.20255401689468017	1.3651484823601292	6.75350840477433e-14	-2.405219771601714e-14	1.3651484823601292	5.874960581951265	163.02765798486965	168.97234201513035	8.532771864286172	NaN	0.5157393001706669	0.7656967716306154	229.99219831009978	0.01260912335856677	-38.81362812275237	-0.0864528761507383	0	89.39010809289637	-13.565293772341219	30.684731448531853	76.40931992505936	116.5290340241124	163.4336271065452	244.85335491170807	0.2945340126250161	1.007554197880148	-49.85670628058531	1.012691512165509	1.1803024450587816	1.0993640783064018	4.485753394067112	1.0993640783064018	0.026796791822051524	1.0993640783064018	0.01760208702818851	1.1755452461620879	NaN	NaN	800000009	800000009	800000009	800000009	800000009	800011009	899999999	899999999	89999	89999	89	89	7	29	1	33	2	2	0	NaN	0	0	0	0	0	0	0	0	0	NaN	NaN	NaN	NaN	0	0	0	0	0	0	0	0	16909	0	0	0	18000	18000	18000	18000	93	NaN	0.9389277809992804	0.40560253078921354	0.18686323147273692	0.11677926249480232	0.8557712153887389	0.04332853830171739	2.0593747214639037e-8	NaN	-0.04413815415618172	0.11737031480951853	0.0007011415063964758	0.00001760208702818851	NaN	420.0651126549809	12.470619698658028	95860.07053667535	11.376093358357746	9.544958989116896	94.74260015000237	94.44866328218248	95.03654080835977	-0.587875979860624	0.00029001004071000746	-1	0	2.034411341819498	77.1975789427157	1.0000435376912356	-273.1499938964844	9.000515919632383	-273.1499938964844	156
DATA	2026-03-05T170000_AIU-0547.ghg	2026-03-05	17:30:00	64.729	1	18000	18000	0.0661860828930848	1	NaN	-45.3538901841417	1	NaN	5.287373888275685	1	NaN	2.1792310818819036	0	NaN	0.11987903338398276	1	NaN	0.0015974331833854337	1	NaN	NaN	NaN	NaN	NaN	NaN	NaN	NaN	NaN	NaN	9.163414571201949e-11	2.6324046423527405e-12	4.711394921598526e-13	NaN	16.3072367310961	422.01280097596225	427.1917760494955	0.1	1	468.46342421078316	12.123302375870683	12.272080518780895	0.1	1	0.08384410824502668	2.0472068590840733	2.0723303464973535	0.7	0	NaN	NaN	NaN	NaN	9	296.1706621678671	295.3127677519057	95468.56492621527	1.1210895077850616	1012.2037360309307	0.025717683647878402	0.007768161363282082	0.008494618549143965	1157.7047387545324	2662.303195089066	0.007577110025698838	43.48508242374709	1504.5984563345335	282.2826728844487	-0.28812507659953585	0.49241006250728536	0.25946915155344497	0.6267439429558197	-4.1650035060422395e-14	5.619231953460472e-15	0.6267439429558197	3.625812474661304	211.6667148649707	120.33328513502933	24.456072193535235	NaN	0.24297589774174616	0.3089487072988736	26.703768426308304	0.10859890460789598	-8.577772471265973	-0.16449137265620076	0	68.51602950508797	-10.397571813930693	23.519335753553943	58.56647150497302	89.31756436739296	125.26915400212457	187.6760197237478	0.06544500865288543	1.0113236174225289	-44.42272463301491	1.0182058502351046	4.6727969242012914	1.1315222925463297	1.925928544437118	1.1315222925463297	0.1059449152470625	1.1315222925463297	0.013504757273891246	1.2406458778865443	NaN	NaN	800000009	800000009	800000009	800000009	800000009	810100009	899999999	899999999	89999	89999	89	89	39	13	10	7	9	0	0	NaN	0	0	0	0	0	0	0	0	0	NaN	NaN	NaN	NaN	0	0	0	0	0	0	0	0	11755	0	0	0	18000	18000	18000	18000	93	NaN	0.15161660534230148	0.38564406597493783	0.08063674328050786	0.5672511453225586	3.6515966673647364	0.07713211001561752	6.140975264932542e-8	NaN	-0.03914686319508306	0.050138427397781626	0.0027581041137907107	0.000013504757273891245	NaN	422.0118325445028	12.123224072816967	95855.39524782986	11.390000343322754	9.123121619807378	94.83963475630017	94.54302786699931	95.1362417456309	-0.5932164900385666	0.00028780776895453346	-1	0	2.0369904825554954	77.13883979013231	1.0000317419999176	-273.1499938964844	9.000462854385376	-273.1499938964844	197
DATA	2026-03-05T173000_AIU-0547.ghg	2026-03-05	18:00:00	64.749	0	18000	18000	0.0759115891813654	1	NaN	-95.49518006028266	1	NaN	14.743157539395783	2	NaN	-0.7094889691342162	2	NaN	0.333991170437888	2	NaN	-0.0019516559529066018	1	NaN	NaN	NaN	NaN	NaN	NaN	NaN	NaN	NaN	NaN	-8.580351620085066e-11	-2.4511410229361377e-12	-4.398290947248636e-13	NaN	16.41066590348698	419.92847366552564	425.0271234500143	0.1	1	468.8019581339428	11.99605743535162	12.141710086917673	0.1	1	0.08412112519103623	2.045856918709195	2.0706971202954763	0	1	NaN	NaN	NaN	NaN	9	295.3009910727608	294.4593578499687	95483.15542144097	1.1245648672259378	1012.1117247742463	0.025639444888044673	0.02164262784437514	0.008431109161401551	1145.7286637139168	2527.0517540762526	0.007497219064116153	45.33855160923408	1381.3230903623357	282.1285415139268	-0.23457934518565238	0.3188498838495851	0.24535437182484468	0.4657160995630364	3.8237447916226e-14	-5.228521298615854e-15	0.4657160995630364	2.6104948416323133	205.6579093312955	126.3420906687045	31.791687617208776	NaN	0.25981354336892615	0.20640666488666945	15.50709029375751	0.187011228093991	-6.477254265587691	-0.32292874038179364	0	66.85907430355596	-10.146122469524128	22.95055665186161	57.1501311201535	87.15755591483467	122.23971143496702	183.1373627214328	0.0748887541638644	1.0136580589291542	-92.96884269365036	1.0223730646326357	12.728803144758931	1.1582516731328554	-0.6125516462369361	1.1582516731328554	0.28835802976610775	1.1582516731328554	0.02280744297854779	1.2907774362931004	NaN	NaN	800000009	800000009	800000009	800000009	800000009	810100009	899999999	899999999	89999	89999	89	89	56	11	8	3	7	0	0	NaN	0	0	3059	0	0	0	0	0	0	NaN	NaN	NaN	NaN	0	0	0	0	0	0	0	0	10621	0	0	0	18000	18000	18000	18000	93	NaN	0.1271185652751954	0.18767588548243896	0.09801887901570454	0.9190092075709703	6.290382477201767	0.04168880701403359	8.881477688401124e-8	NaN	-0.08168164157784594	-0.01589622738258543	0.007483131972488999	0.000022807442978547788	NaN	419.92808573915863	11.996013145101328	95871.74184505208	11.409140172958374	8.970722284793856	94.86910525491503	94.56878315840827	95.1694323448605	-0.6006475232508444	0.00028456196773913694	-1	0	2.035735187186135	77.05966684871251	1.000042812814315	-273.1499938964844	9.000513614230686	-273.1499938964844	073
DATA	2026-03-05T180000_AIU-0547.ghg	2026-03-05	18:30:00	64.77	0	18000	18000	0.04808563164750628	1	NaN	0.2201625100779946	2	NaN	24.127275445592613	2	NaN	6.584752587140809	2	NaN	0.5457481598056303	2	NaN	-0.002092115569897944	2	NaN	NaN	NaN	NaN	NaN	NaN	NaN	NaN	NaN	NaN	5.467638195598558e-10	1.6159353186233127e-11	2.75279415035071e-12	NaN	16.78475466973596	426.2795503799145	431.718554880111	0.1	1	496.0657035991876	12.598496031070326	12.759243307236	0.1	1	0.08450627641586794	2.041012780094397	2.0670545587487994	0	1	NaN	NaN	NaN	NaN	9	293.6626529507107	292.88624748399525	95497.4868140191	1.1305159078002105	1012.4078904711027	0.0254986423498683	0.03536448075540484	0.008903411375973572	1203.4474340705715	2293.41504386391	0.007875529494581	52.47403592692154	1089.9676097933384	282.8587322955613	-0.00346037627008177	0.07705867942470224	0.21282103890353707	0.22636874536603926	1.4153013599088878e-14	3.257502598746395e-14	0.22636874536603926	1.5717984768350146	239.4288185370774	92.57118146292261	70.07710609139166	NaN	0.20623830168555318	0.11968709283375906	-3364.8462318550487	-0.0008618521620826703	0.00912504648833908	0.0009326997173743734	0	52.769684416869595	-8.008003197005403	18.11412503576663	45.106732556613046	68.79061321264622	96.47981314167458	144.5443410100249	0.04620413837561189	1.0407213149739745	1.5691388636387351	1.0331409855811515	21.83914827420279	1.104771813564389	5.96028293471395	1.104771813564389	0.49399174843613325	1.104771813564389	-0.00338299648492963	1.173736241279251	NaN	NaN	800000009	800000009	800000009	800000009	800100009	800100009	899999999	899999999	89999	89999	89	89	2	1	0	2	0	0	0	NaN	0	0	17717	0	0	0	0	0	0	NaN	NaN	NaN	NaN	0	0	0	0	0	0	0	0	7685	0	0	0	18000	18000	18000	18000	93	NaN	0.036954102348046726	0.09082001436590216	0.11160006895356923	0.6899656038645934	20.16990486879497	0.15386479597627148	5.6829817109259856e-8	NaN	0.0013709738775004648	0.15391878825440863	0.012756879523977731	-0.00000338299648492963	NaN	426.2780021431379	12.598343882403615	95884.83631011285	11.420000076293945	9.696170947551702	94.9054118332333	94.59833071772258	95.21249797736274	-0.6141666498680914	0.00028295520584409426	-1	0	2.0303694127400718	76.80968920458686	1.000060460175077	-273.1499938964844	9.000657752937741	-273.1499938964844	242
DATA	2026-03-05T183000_AIU-0547.ghg	2026-03-05	19:00:00	64.791	0	18000	18000	0.03264305497275024	1	NaN	32.62812759888689	1	NaN	7.857675707599572	2	NaN	-7.358468375514947	1	NaN	0.1774520599390196	2	NaN	-0.0016692863254089531	1	NaN	NaN	NaN	NaN	NaN	NaN	NaN	NaN	NaN	NaN	2.8321689630740855e-13	8.286489679621686e-15	1.4015008439075127e-15	NaN	17.13080165761714	432.7913528442313	438.3419931851417	0.1	1	501.22084165985245	12.662807641534828	12.825210819099212	0.1	1	0.08477189494338301	2.0319796014477394	2.058040168216416	0	1	NaN	NaN	NaN	NaN	9	291.98217338053394	291.2234347169664	95511.27867317709	1.137107287388767	1012.4055085327493	0.025350216957328045	0.01149889348404847	0.009001256202036722	1209.7653691671705	2067.2228836006916	0.007915925174226124	58.521283735984944	857.457514433521	282.9367745910307	0.4907900957897996	0.05010541064403208	0.23487288520931515	0.5463979708122642	-5.322596985928103e-16	1.653261195639828e-17	0.5463979708122642	1.4297276452219883	326.1707939347778	5.829206065222211	25.45847288188499	NaN	0.16943170328494608	0.11188083485216645	-12.589997494427791	-0.230341586746424	4.152389181361928	0.167279042114819	1	3.568466663214786	2	3	5	8	14	37	0.03199299304517165	1.0203188844088689	32.57247131810357	1.019682519454504	7.215059489409822	1.0890659625375194	-6.756678317601392	1.0890659625375194	0.16293968046302446	1.0890659625375194	-0.011612327946654219	1.1540054016897612	NaN	NaN	800000009	800000009	800000009	800000009	800000009	800000009	899999999	899999999	89999	89999	89	89	8	0	0	1	0	0	0	NaN	0	0	18000	0	0	0	0	0	0	NaN	NaN	NaN	NaN	0	0	0	0	0	0	0	0	7555	0	0	0	18000	18000	18000	18000	93	NaN	0.0823888159368879	0.11973756492144276	0.021635288846002222	0.5032346283283169	10.781083754539683	0.038009022281920185	6.843952919719681e-8	NaN	0.028294027286390393	-0.17348060201019574	0.004183545897758397	-0.00001161232794665422	NaN	432.79116149186825	12.66276623703478	95892.30930078126	11.390863668971592	9.777868525240173	95.02206776152715	94.70742098087733	95.33671834267508	-0.629303155622549	0.0002808944877340559	-1	0	2.0212861341900297	76.4697298265104	1.0000670237408744	-285.1817444017183	9.000735424571568	-273.1499938964844	254
DATA	2026-03-05T190000_AIU-0547.ghg	2026-03-05	19:30:00	64.812	0	18000	18000	0.04330338981734031	1	NaN	-1.995255337994843	1	NaN	-3.598404519120043	2	NaN	-3.429766820376045	1	NaN	-0.08118606524390244	2	NaN	0.004159476558335619	1	NaN	NaN	NaN	NaN	NaN	NaN	NaN	NaN	NaN	NaN	2.4469838065438167e-10	6.950311619478489e-12	1.2052507882609486e-12	NaN	17.308634964686934	434.9724111673524	440.4136230487407	0.1	1	491.62731028568044	12.354776502420183	12.509326434716927	0.1	1	0.08525289737971296	2.0339817953560444	2.0594255375964248	0	1	NaN	NaN	NaN	NaN	9	290.93341187116835	290.2311519224379	95529.44690885417	1.141345592585271	1012.212200215772	0.025259036612924227	-0.005260857027804878	0.008813997136939906	1180.5615541769064	1941.7687104168485	0.0077224612722034975	60.79825819849933	761.2071562399422	282.5729784775537	0.5191214846048138	0.11109670479132623	0.23454562825840705	0.580380259251552	7.308615309661356e-15	1.4137358674073095e-14	0.580380259251552	1.748414300297057	319.9203985958675	12.079601404132458	23.836248041770194	NaN	0.19478358923576605	0.143754327019406	312.83781873063526	0.009269978967910543	0.5544833348760813	-0.008866605450358177	1	3.0877009677342837	1	3	5	9	18	62	0.04281770161886172	1.0113431636943502	-2.176600493735778	1.0142034055954037	-3.287144009319856	1.0946902566232835	-3.1330934021059194	1.0946902566232835	-0.07416350401649831	1.0946902566232835	0.004546529063097919	1.1732966940654068	NaN	NaN	800000009	800000009	800000009	800000009	800000009	800010009	899999999	899999999	89999	89999	89	89	1	0	1	18	19	2	0	NaN	0	0	18000	0	0	0	0	0	0	NaN	NaN	NaN	NaN	0	0	0	0	0	0	0	0	10224	0	0	0	18000	18000	18000	18000	93	NaN	0.14484226565048583	0.11101180432158289	0.03165458406674326	0.5099917598500741	23.86627036292756	0.029870721357802485	8.079887140128767e-8	NaN	-0.0018840394388454679	-0.08012916442439044	-0.001896738732280549	0.000004546529063097919	NaN	434.9715194994618	12.354743986104875	95913.94443098958	11.399140261967979	9.415071268876387	95.12800174797906	94.80487367121378	95.45112588924832	-0.6462534667849531	0.0002792669812883509	-1	0	2.0235088144938143	76.12623632263607	1.0000989249365198	-289.5018695831322	9.000906506485409	-273.1499938964844	198
DATA	2026-03-05T193000_AIU-0547.ghg	2026-03-05	20:00:00	64.833	0	18000	18000	0.10661071729598189	1	NaN	55.29643424704376	1	NaN	12.946697149817519	1	NaN	-18.40479353129795	1	NaN	0.29191366211192393	1	NaN	0.008025630496153256	1	NaN	NaN	NaN	NaN	NaN	NaN	NaN	NaN	NaN	NaN	7.644945827462185e-10	2.150370733663231e-11	3.775683522818114e-12	NaN	17.357742392867898	434.823111465817	440.2071560305933	0.1	1	488.23866233306325	12.230706591244354	12.38214902291266	0.1	1	0.08572636539901886	2.0389925245435676	2.0642396338390707	0.4	0	NaN	NaN	NaN	NaN	9	290.23370099131273	289.5712027842204	95547.1211391059	1.1442123587815356	1012.1289436622277	0.025196938968396188	0.01891600530485267	0.008746988545986373	1168.9222712314952	1862.0747213216468	0.0076445499638729516	62.77526126351299	693.1524500901517	282.4257724635212	0.49541163454817433	0.0873372750958497	0.2303372098235817	0.5532772519236949	3.481537953833023e-14	4.404343407356597e-14	0.5532772519236949	2.3344467351982257	322.0019250668206	9.998074933179417	24.602109010174992	NaN	0.30524398558543114	0.2390668563079673	-43.44571699923833	-0.06674996294918649	4.2710842469828805	0.1564254931085627	0	96.04651482514186	-14.575429174541002	32.96966047869804	82.09911628403572	125.20633247612989	175.60366156513155	263.0862842013048	0.10450767544532763	1.0201233243557737	55.17459811165936	1.019556229026357	11.889267101734664	1.08893988494283	-16.901569853201046	1.08893988494283	0.26807142079036766	1.08893988494283	-0.009789508212856183	1.153831377093583	NaN	NaN	800000009	800000009	800000009	800000009	800000009	810111009	899999999	899999999	89999	89999	89	89	7	3	4	14	7	1	0	NaN	0	0	18000	0	0	0	0	0	0	NaN	NaN	NaN	NaN	0	0	0	0	0	0	0	0	9723	0	0	0	18000	18000	18000	18000	93	NaN	0.25211574774189593	0.17131923241002453	0.054698732464014146	0.6995142852009053	18.94566587793018	0.00614339930361053	1.0593399004540826e-7	NaN	0.0476427366285022	-0.4311424149107472	0.0068382381478146945	-0.000009789508212856183	NaN	434.823676107989	12.230696957047385	95934.59264388021	11.420000076293945	9.269204025321542	95.13511170069378	94.80224340438843	95.46797733985053	-0.6657306716326197	0.0002784183632433673	-1	0	2.028582501966093	75.76257975165757	1.0001250120252372	-273.1499938964844	9.00108695014318	-273.1499938964844	172
DATA	2026-03-05T200000_AIU-0547.ghg	2026-03-05	20:30:00	64.854	0	18000	18000	0.15665718293185873	1	NaN	-288.0214293957492	1	NaN	-3.9913631652111805	2	NaN	34.762799501132264	1	NaN	-0.09017660269460112	2	NaN	-0.0010377100592700293	1	NaN	NaN	NaN	NaN	NaN	NaN	NaN	NaN	NaN	NaN	3.6561643536361755e-10	1.1130932287602761e-11	1.868297382920402e-12	NaN	16.68426847908117	419.2998937016762	424.7215866452553	0.1	1	507.9406852269686	12.765286988126531	12.930346572986645	0.1	1	0.08525649320006072	2.047740050752899	2.074218039300519	0.5	0	NaN	NaN	NaN	NaN	9	292.52974308522545	291.6666343180338	95562.65545247396	1.1359459091420572	1012.4725760738572	0.02537514666412878	-0.005843443854610152	0.009065188016923981	1220.2119433614735	2125.513261699805	0.007980299012450886	57.40787250537555	905.3013183383314	283.065031601963	-0.2786978305427815	0.04978596673608964	0.22906902916837824	0.3641754293705676	6.627391733484262e-15	2.191384272088582e-14	0.3641754293705676	3.8717813212579113	162.12835678534364	169.87164321465636	38.976926030083824	NaN	0.37136103232330475	0.2994343897442269	15.023688435990703	0.19302849712010592	72.16116837128504	-0.6743533983264272	0	71.15094760204762	-10.797430800723397	24.42381787041256	60.8187598637441	92.7524462253752	130.08662464739177	194.8934686084462	0.15432678894469196	1.0151003853776932	-282.7644295097857	1.0235221659501397	-3.436817503610316	1.1613544102991573	29.932981002911585	1.1613544102991573	-0.07764778942146715	1.1613544102991573	0.0753188480693235	1.2968787209537194	NaN	NaN	800000009	800000009	800000009	800000009	800000009	800100009	899999999	899999999	89999	89999	89	89	13	12	2	1	2	0	0	NaN	0	0	18000	0	0	0	0	0	0	NaN	NaN	NaN	NaN	0	0	0	0	0	0	0	0	12387	0	0	0	18000	18000	18000	18000	93	NaN	0.190399918747959	0.23706208037415505	0.1714067803663398	1.6888118409905701	22.96217254235593	0.06706855767418023	1.323662615797304e-7	NaN	-0.24585772333658326	0.7693777452308047	-0.0019958079397916885	0.00007531884806932349	NaN	419.3005873847919	12.76521831515416	95962.47225021702	11.400860246658324	9.907972351815967	95.06293012301128	94.72208809026083	95.40377712843153	-0.6816905739787551	0.00027939584667264057	-1	0	2.0368748218417165	75.955509639136	1.0001181263940202	-273.1903688981798	9.001012989679973	-273.1499938964844	044
DATA	2026-03-05T203000_AIU-0547.ghg	2026-03-05	21:00:00	64.874	0	18000	18000	0.10728284317816707	1	NaN	140.34212889268275	1	NaN	35.21510722501963	1	NaN	-24.59292980348679	1	NaN	0.7941975634713224	1	NaN	0.05005012447583357	2	NaN	NaN	NaN	NaN	NaN	NaN	NaN	NaN	NaN	NaN	-7.133057425658853e-10	-2.1813021521416158e-11	-3.5927236220769664e-12	NaN	16.978460460215068	425.8663224079424	431.4855898349479	0.1	1	519.2044607505408	13.023070895959835	13.194909133065494	0.1	1	0.08551580664763848	2.0369136901350875	2.063790581188317	0	1	NaN	NaN	NaN	NaN	9	290.58618899875233	289.8201048804391	95586.8834548611	1.1433611856490726	1012.575901261544	0.025208106644818446	0.05146400211294169	0.009309534622043264	1245.1686737032055	1891.7880423890426	0.008142251756393454	65.81967143268045	646.6193686858371	283.36756321762306	0.3629251104966785	0.0628627537546306	0.20265439383975664	0.4203988165793029	9.661321366384436e-15	-4.2012392362508105e-14	0.4203988165793029	1.6044928174804836	322.17322061531206	9.826779384687931	28.819554555846253	NaN	0.3063186327182677	0.20000448479154007	-17.307125671251878	-0.16756104133553876	3.9852818847296447	0.3957342263697119	0	91.63746954525944	-13.906339543113289	31.456177910615537	78.33033069307858	119.45869665383805	167.54252060063772	251.0092261042844	0.10467267238138526	1.0249365067060807	139.77470923129874	1.022692108830683	32.23967474939121	1.0922910202648555	-22.514997694958225	1.0922910202648555	0.727093374143777	1.0922910202648555	0.002292808139226812	1.1582527282217168	NaN	NaN	800000009	800000009	800000009	800000009	800000009	800000009	899999999	899999999	89999	89999	89	89	2	0	0	2	0	5	0	NaN	0	0	18000	0	0	0	0	0	0	NaN	NaN	NaN	NaN	0	0	0	0	0	0	0	0	6725	0	0	0	18000	18000	18000	18000	93	NaN	0.2066604392854676	0.13139712432697037	0.06195140597064214	1.2341019674328209	19.037887058280837	0.0344068306799674	7.249697610656643e-8	NaN	0.12073065738470778	-0.5750514070730848	0.01857055788055996	0.000002292808139226812	NaN	425.86680811830144	13.02303381936868	95974.7856875	11.390000343322754	10.209888736115573	95.02879440392388	94.68416564899022	95.37342288970947	-0.6892565566202	0.0002791538678187256	-1	0	2.025850360221332	75.59918283024544	1.000118577238586	-273.1499938964844	9.001005352073246	-273.1499938964844	020
DATA	2026-03-05T210000_AIU-0547.ghg	2026-03-05	21:30:00	64.895	0	18000	18000	0.022090790726958895	1	NaN	-1.3694608571063693	2	NaN	4.22320941012693	1	NaN	-0.6719516872568632	1	NaN	0.09508564699549278	1	NaN	-0.004816716256784173	1	NaN	NaN	NaN	NaN	NaN	NaN	NaN	NaN	NaN	NaN	-3.782360508144806e-11	-1.121683146633072e-12	-1.8693520636789138e-13	NaN	17.38397170528495	433.222811933411	438.8610791911536	0.1	1	515.532774873658	12.84749895829052	13.014705371999746	0.1	1	0.08591662088326284	2.03007330131866	2.0564941072188856	0	1	NaN	NaN	NaN	NaN	9	288.88261816067165	288.08021334330243	95617.18555946181	1.1507080534547125	1012.4422053553784	0.02504883279843839	0.0061615499253079315	0.009242424070534737	1228.771208349577	1692.504782335892	0.008031945238226737	72.60075251626182	463.73357398631515	283.1693982919626	0.852570932727827	0.2058169608043075	0.21714953986078162	0.9035439886075542	-2.3432139735747848e-14	-2.1757746574075015e-15	0.9035439886075542	1.87407102869432	318.4280429969586	13.571957003041412	13.90607115703433	NaN	0.13855527173979978	0.1251806078694374	164.16562180741886	0.017665087050941535	-0.32427017562105914	-0.008483814719504993	1	11.650595132190606	5	10	20	35	71	253	0.02189544190880969	1.0089218942902727	-1.1231824849179095	1.013238646290443	3.8498291880883713	1.0969861788138089	-0.6125434396844058	1.0969861788138089	0.08667898359331257	1.0969861788138089	-0.004197104411147065	1.1757262868805025	NaN	NaN	800000009	800000009	800000009	800000009	800000009	800000109	899999999	899999999	89999	89999	89	89	0	0	1	2	0	0	0	NaN	0	0	18000	0	0	0	0	0	0	NaN	NaN	NaN	NaN	0	0	0	0	0	0	0	0	10059	0	0	0	18000	18000	18000	18000	93	NaN	0.09630255003179577	0.14479706105929177	0.009261604647787294	0.25977696047937066	4.717591511351626	0.02506269116500936	6.072024988694627e-8	NaN	-0.0009640841182819151	-0.015543243573263919	0.002199472669837008	-0.000004197104411147065	NaN	433.2227454340995	12.84746989094354	96002.57600868055	11.390000343322754	10.011534343216171	94.57278771930278	94.16928321372134	94.9762864807977	-0.8069922611018129	0.00027686436996575355	-1	0	2.019141963428921	74.48944790861349	1.0001374914166	-284.21274436103295	9.001076177623537	-273.1499938964844	198
DATA	2026-03-05T213000_AIU-0547.ghg	2026-03-05	22:00:00	64.916	0	18000	18000	0.021915049230897845	1	NaN	-12.497521899143063	1	NaN	1.1450309445682958	1	NaN	4.1089781742011935	1	NaN	0.025760059639797207	1	NaN	0.00358143545843476	1	NaN	NaN	NaN	NaN	NaN	NaN	NaN	NaN	NaN	NaN	1.4839068270554053e-11	4.322116751256385e-13	7.216366404840852e-14	NaN	17.732583960422744	440.2247557524445	445.94274621142563	0.1	1	516.4899627188103	12.822252424911506	12.988798072493218	0.1	1	0.08623507947391938	2.0299191029011148	2.056285312232194	0	1	NaN	NaN	NaN	NaN	9	288.0373489227295	287.2592254282632	95640.66369487847	1.1542912102458962	1012.4120162533548	0.024971315630241405	0.001669251864658859	0.009252896246122555	1226.6576816823988	1605.049661070753	0.008016084818103597	76.42490518729974	378.39197938835423	283.1436868709624	0.8409140005642598	0.1935229801627931	0.21414512372108774	0.8890700952172454	6.952212817094935e-15	8.368249265686991e-16	0.8890700952172454	2.0069349758079276	319.03993878824315	12.960061211756907	13.937549522362932	NaN	0.1377886772546129	0.11382251559915416	17.694842814189233	0.163889559825563	-10.914571312179628	-0.0776135763472312	1	10.150982714927428	4	9	20	37	81	359	0.02167762353824141	1.0109525701577755	-12.242807609952148	1.0199855467483503	0.9933225666982907	1.1527282103076237	3.564568072038983	1.1527282103076237	0.022347036716419674	1.1527282103076237	0.006251653658802897	1.276125062259958	NaN	NaN	800000009	800000009	800000009	800000009	800000009	800000009	899999999	899999999	89999	89999	89	89	0	0	0	13	7	0	0	NaN	0	0	18000	0	0	0	0	0	0	NaN	NaN	NaN	NaN	0	0	0	0	0	0	0	0	9921	0	0	0	18000	18000	18000	18000	93	NaN	0.09677075794928998	0.12136364522847791	0.009510628020540422	0.4083091695145332	23.493136817433736	0.026789511357415943	2.3672732376700997e-7	NaN	-0.010476310099637301	0.09016842687076673	0.0005652850794879672	0.000006251653658802897	NaN	440.22619279036644	12.822222177422946	96029.20703233506	11.396093525568645	9.986318785905839	94.21392853948805	93.75327896330093	94.67457746950784	-0.9212997346503847	0.00027614489438969444	-1	0	2.01896815438403	73.24634381506185	1.0001505798780257	-290.1478696102565	9.0010943611198	-273.1499938964844	008
DATA	2026-03-05T220000_AIU-0547.ghg	2026-03-05	22:30:00	64.937	0	18000	18000	0.04307026191946603	1	NaN	8.504278500250265	1	NaN	9.770017586135681	1	NaN	-3.372903271076712	1	NaN	0.21962806444258873	1	NaN	-0.003416298778788661	2	NaN	NaN	NaN	NaN	NaN	NaN	NaN	NaN	NaN	NaN	-9.73773881065855e-11	-2.7386218395077274e-12	-4.629553385909988e-13	NaN	18.18369057989807	449.7669240764146	455.52898002813964	0.1	1	511.39441212422497	12.649153411423057	12.811204299998826	0.1	1	0.08644960388582608	2.0272916761073243	2.0532637239456224	0	1	NaN	NaN	NaN	NaN	9	287.1761032282511	286.450917388916	95664.15923719617	1.15790891528661	1012.2998497420082	0.0248949339665074	0.014231898575879748	0.009155989274201472	1210.395214801917	1522.8487160640648	0.0079073484566229	79.4823019538204	312.4535012621477	282.94453506200637	0.9820171296977677	0.28118970561788176	0.21090971636818118	1.043028380258075	-1.1053898861746588e-14	-5.35520485672119e-15	1.043028380258075	2.020582219438291	316.02152271216994	15.97847728783005	11.666164621716229	NaN	0.19286417218345345	0.1985438561298008	-71.31876825341173	-0.04066250821516776	0.8704465908350476	0.03761857552827021	1	9.54132051954254	4	8	15	24	44	130	0.04253226075964579	1.01264924906909	8.955834097195503	1.0149005095077905	8.99616307449975	1.086020507323781	-3.1057454701185776	1.086020507323781	0.20223196796145754	1.086020507323781	-0.006274113561471991	1.148282007220875	NaN	NaN	800000009	800000009	800000009	800000009	800000009	800000009	899999999	899999999	89999	89999	89	89	1	0	3	9	6	0	0	NaN	0	0	18000	0	0	0	0	0	0	NaN	NaN	NaN	NaN	0	0	0	0	0	0	0	0	11492	0	0	0	18000	18000	18000	18000	93	NaN	0.18947318753428227	0.1929038746362419	0.014710650089077458	0.22095786054354602	21.970804463265484	0.01837609459776182	1.6901608786767483e-7	NaN	0.007640512132868271	-0.07830812558890411	0.005099067678785801	-0.000006274113561471991	NaN	449.76719932231873	12.649131162874323	96052.89084939237	11.40999984741211	9.787471671051462	94.07244780349731	93.58380295181279	94.56109452989364	-0.9772894320852181	0.0002749858537346073	-1	0	2.0164846860832637	72.37351688787669	1.000151852581236	-273.1500830615202	9.001065071635777	-273.1499938964844	126
DATA	2026-03-05T223000_AIU-0547.ghg	2026-03-05	23:00:00	64.958	0	18000	18000	0.04631288895782416	1	NaN	-2.3572065935657345	2	NaN	3.337551748976259	2	NaN	0.6915486667674136	2	NaN	0.07502809094312049	2	NaN	0.006507909016344585	1	NaN	NaN	NaN	NaN	NaN	NaN	NaN	NaN	NaN	NaN	-2.1776673373742953e-10	-6.1657890960173326e-12	-1.033921929428768e-12	NaN	18.15614911087549	448.74487150288184	454.5198380076971	0.1	1	514.0683532888914	12.705642354641247	12.869153212769783	0.1	1	0.08620251770110594	2.021604397746128	2.047620734476332	0	0	NaN	NaN	NaN	NaN	9	287.17490945180253	286.4590700149537	95676.31416145833	1.157998224518092	1012.3316094172814	0.024892479700725372	0.004861820293114208	0.009197785110450716	1215.9551091644719	1523.6589648755664	0.007942831789986924	79.80493911009647	307.70385571109455	283.0128858810656	0.9980883883745044	0.32091866072157993	0.22548945001544474	1.0723873879693424	5.218103100675709e-15	-1.1994103617874992e-14	1.0723873879693424	2.057701618728304	314.17567225227356	17.82432774772646	12.138096371853484	NaN	0.1999848007314074	0.1926907865418195	286.8954479821308	0.010108211965010423	-0.7062681782503507	-0.010054719662681748	1	8.693152028503121	4	8	15	26	51	178	0.04593485322815065	1.0082298233934888	-2.153371356852054	1.0127228267353439	3.045997587014796	1.0957171349065964	0.6311379504221809	1.0957171349065964	0.06847395970449636	1.0957171349065964	0.006378692080860229	1.1720235488069273	NaN	NaN	800000009	800000009	800000009	800000009	800000009	810100009	899999999	899999999	89999	89999	89	89	0	0	7	8	4	0	0	NaN	0	0	18000	0	0	0	0	0	0	NaN	NaN	NaN	NaN	0	0	0	0	0	0	0	0	10256	0	0	0	18000	18000	18000	18000	93	NaN	0.19137186293318134	0.17467063318079448	0.019339076969663214	0.34592836808808547	27.278929263077163	0.023825713654327597	8.27908270633156e-8	NaN	-0.0018369115327971572	0.015912825522543736	0.001726427911499342	0.000006378692080860229	NaN	448.7450314715765	12.705615132071859	96068.91635286459	11.40999984741211	9.8562086368137	93.95321512985228	93.45367410914102	94.45276054975722	-0.9990871665378416	0.0002753429567609499	-1	0	2.010781638622284	71.88536460767853	1.0001478272428115	-273.1499938964844	9.001017686976327	-273.1499938964844	130
DATA	2026-03-05T230000_AIU-0547.ghg	2026-03-05	23:30:00	64.979	0	18000	18000	0.022222118601082072	1	NaN	0.043142994994009955	2	NaN	5.722439345104438	1	NaN	-1.4590033856402802	2	NaN	0.12857550019740907	1	NaN	0.003729989400862252	1	NaN	NaN	NaN	NaN	NaN	NaN	NaN	NaN	NaN	NaN	-1.7300957610610684e-10	-4.801808565730049e-12	-8.159367514101113e-13	NaN	18.352563400693185	452.62388912775106	458.3822645773074	0.1	1	509.367736306717	12.56238710471568	12.722208411609186	0.1	1	0.0865531914373677	2.024814091688446	2.050574198557669	-0.1	0	NaN	NaN	NaN	NaN	9	286.63226536390516	285.93402147759326	95698.32939344618	1.1604547144121706	1012.2417322016404	0.024841138498782556	0.008331692412792108	0.009112876187890256	1202.5219363936424	1472.2438193400733	0.007852849469017317	81.67953708460243	269.7218829464309	282.8472697857797	1.1642065943779187	0.4472140947166892	0.22408719090290943	1.2671197694113394	1.2530274080155998e-14	-9.426997871020688e-15	1.2671197694113394	2.342050731825807	310.98640154973987	21.013598450260144	10.18619960440581	NaN	0.13838169057106267	0.14902689511999384	-5194.124594039223	-0.0005583231490688613	0.007539266454771408	0.00026541118634390695	1	20.228412182524554	9	18	34	58	113	381	0.02197708992718871	1.0111492774841964	0.3594824657086701	1.0140895935147887	5.266073647078267	1.0866614727804602	-1.342647569815006	1.0866614727804602	0.11832157798731986	1.0866614727804602	0.003090295025120649	1.1479072850208032	NaN	NaN	800000009	800000009	800000009	800000009	800000009	800000009	899999999	899999999	89999	89999	89	89	0	0	0	2	0	0	0	NaN	0	0	18000	0	0	0	0	0	0	NaN	NaN	NaN	NaN	0	0	0	0	0	0	0	0	9389	0	0	0	18000	18000	18000	18000	93	NaN	0.1387430517918815	0.1405509988731838	0.018759739574922375	0.38059638432130755	43.291888026124646	0.03722329712901316	1.6546673524782286e-7	NaN	0.00030603089784989116	-0.033777331976886135	0.002976646522554975	0.0000030902950251206488	NaN	452.624561105717	12.56234655576822	96088.96829774305	11.40999984741211	9.689682508892488	93.85956798256768	93.34319099383886	94.37594500011866	-1.0327533403535702	0.00027449275911850334	-1	0	2.014071497162183	71.16129947794461	1.000162369441655	-273.1499938964844	9.001086803515753	-273.1499938964844	111
