DATAH	filename	date	time	DOY	daytime	file_records	used_records	Tau	qc_Tau	rand_err_Tau	H	qc_H	rand_err_H	LE	qc_LE	rand_err_LE	co2_flux	qc_co2_flux	rand_err_co2_flux	h2o_flux	qc_h2o_flux	rand_err_h2o_flux	ch4_flux	qc_ch4_flux	rand_err_ch4_flux	none_flux	qc_none_flux	rand_err_none_flux	H_strg	LE_strg	co2_strg	h2o_strg	ch4_strg	none_strg	co2_v-adv	h2o_v-adv	ch4_v-adv	none_v-adv	co2_molar_density	co2_mole_fraction	co2_mixing_ratio	co2_time_lag	co2_def_timelag	h2o_molar_density	h2o_mole_fraction	h2o_mixing_ratio	h2o_time_lag	h2o_def_timelag	ch4_molar_density	ch4_mole_fraction	ch4_mixing_ratio	ch4_time_lag	ch4_def_timelag	none_molar_density	none_mole_fraction	none_mixing_ratio	none_time_lag	none_def_timelag	sonic_temperature	air_temperature	air_pressure	air_density	air_heat_capacity	air_molar_volume	ET	water_vapor_density	e	es	specific_humidity	RH	VPD	Tdew	u_unrot	v_unrot	w_unrot	u_rot	v_rot	w_rot	wind_speed	max_wind_speed	wind_dir	yaw	pitch	roll	u*	TKE	L	(z-d)/L	bowen_ratio	T*	model	x_peak	x_offset	x_10%	x_30%	x_50%	x_70%	x_90%	un_Tau	Tau_scf	un_H	H_scf	un_LE	LE_scf	un_co2_flux	co2_scf	un_h2o_flux	h2o_scf	un_ch4_flux	ch4_scf	un_none_flux	un_none_scf	spikes_hf	amplitude_resolution_hf	drop_out_hf	absolute_limits_hf	skewness_kurtosis_hf	skewness_kurtosis_sf	discontinuities_hf	discontinuities_sf	timelag_hf	timelag_sf	attack_angle_hf	non_steady_wind_hf	u_spikes	v_spikes	w_spikes	ts_spikes	co2_spikes	h2o_spikes	ch4_spikes	none_spikes	head_detect_LI-7200	t_out_LI-7200	t_in_LI-7200	aux_in_LI-7200	delta_p_LI-7200	chopper_LI-7200	detector_LI-7200	pll_LI-7200	sync_LI-7200	chopper_LI-7500	detector_LI-7500	pll_LI-7500	sync_LI-7500	not_ready_LI-7700	no_signal_LI-7700	re_unlocked_LI-7700	bad_temp_LI-7700	laser_temp_unregulated_LI-7700	block_temp_unregulated_LI-7700	motor_spinning_LI-7700	pump_on_LI-7700	top_heater_on_LI-7700	bottom_heater_on_LI-7700	calibrating_LI-7700	motor_failure_LI-7700	bad_aux_tc1_LI-7700	bad_aux_tc2_LI-7700	bad_aux_tc3_LI-7700	box_connected_LI-7700	mean_value_RSSI_LI-7200	mean_value_LI-7500	u_var	v_var	w_var	ts_var	co2_var	h2o_var	ch4_var	none_var	w/ts_cov	w/co2_cov	w/h2o_cov	w/ch4_cov	w/none_cov	co2_mean	h2o_mean	air_p_mean	vin_sf_mean	dew_point_mean	avg_signal_strength_7200_mean	co2_signal_strength_7200_mean	h2o_signal_strength_7200_mean	delta_signal_strength_7200_mean	flowrate_mean	hit_power_mean	hit_vin_mean	ch4_mean	rssi_77_mean	ch4_aux-1_mean	ch4_aux-2_mean	ch4_aux-3_mean	ch4_aux-4_mean	CHK
DATAU		[yyyy-mm-dd]	[HH:MM]	[ddd.ddd]	[1=daytime]	[#]	[#]	[kg+1m-1s-2]	[#]	[kg+1m-1s-2]	[W+1m-2]	[#]	[W+1m-2]	[W+1m-2]	[#]	[W+1m-2]	[µmol+1s-1m-2]	[#]	[µmol+1s-1m-2]	[mmol+1s-1m-2]	[#]	[mmol+1s-1m-2]	[µmol+1s-1m-2]	[#]	[µmol+1s-1m-2]	[µmol+1s-1m-2]	[#]	[µmol+1s-1m-2]	[W+1m-2]	[W+1m-2]	[µmol+1s-1m-2]	[mmol+1s-1m-2]	[µmol+1s-1m-2]	[µmol+1s-1m-2]	[µmol+1s-1m-2]	[mmol+1s-1m-2]	[µmol+1s-1m-2]	[µmol+1s-1m-2]	[mmol+1m-3]	[µmol+1mol_a-1]	[µmol+1mol_d-1]	[s]	[1=default]	[mmol+1m-3]	[mmol+1mol_a-1]	[mmol+1mol_d-1]	[s]	[1=default]	[mmol+1m-3]	[µmol+1mol_a-1]	[µmol+1mol_d-1]	[s]	[1=default]	[mmol+1m-3]	[µmol+1mol_a-1]	[µmol+1mol_d-1]	[s]	[1=default]	[K]	[K]	[Pa]	[kg+1m-3]	[J+1kg-1K-1]	[m+3mol-1]	[mm]	[kg+1m-3]	[Pa]	[Pa]	[kg+1kg-1]	[%]	[Pa]	[K]	[m+1s-1]	[m+1s-1]	[m+1s-1]	[m+1s-1]	[m+1s-1]	[m+1s-1]	[m+1s-1]	[m+1s-1]	[deg_from_north]	[deg]	[deg]	[deg]	[m+1s-1]	[m+2s-2]	[m]	[#]	[#]	[K]	[0=KJ/1=KM/2=HS]	[m]	[m]	[m]	[m]	[m]	[m]	[m]	[kg+1m-1s-2]	[#]	[W+1m-2]	[#]	[W+1m-2]	[#]	[µmol+1s-1m-2]	[#]	[mmol+1s-1m-2]	[#]	[µmol+1s-1m-2]	[#]	[µmol+1s-1m-2]	[#]	8u/v/w/ts/co2/h2o/ch4/none	8u/v/w/ts/co2/h2o/ch4/none	8u/v/w/ts/co2/h2o/ch4/none	8u/v/w/ts/co2/h2o/ch4/none	8u/v/w/ts/co2/h2o/ch4/none	8u/v/w/ts/co2/h2o/ch4/none	8u/v/w/ts/co2/h2o/ch4/none	8u/v/w/ts/co2/h2o/ch4/none	8co2/h2o/ch4/none	8co2/h2o/ch4/none	8aa	8U	[#]	[#]	[#]	[#]	[#]	[#]	[#]	[#]	[#_flagged_recs]	[#_flagged_recs]	[#_flagged_recs]	[#_flagged_recs]	[#_flagged_recs]	[#_flagged_recs]	[#_flagged_recs]	[#_flagged_recs]	[#_flagged_recs]	[#_flagged_recs]	[#_flagged_recs]	[#_flagged_recs]	[#_flagged_recs]	[#_flagged_recs]	[#_flagged_recs]	[#_flagged_recs]	[#_flagged_recs]	[#_flagged_recs]	[#_flagged_recs]	[#_flagged_recs]	[#_flagged_recs]	[#_flagged_recs]	[#_flagged_recs]	[#_flagged_recs]	[#_flagged_recs]	[#_flagged_recs]	[#_flagged_recs]	[#_flagged_recs]	[#_flagged_recs]	[#]	[#]	[m+2s-2]	[m+2s-2]	[m+2s-2]	[K+2]	--	--	--	--	[m+1s-1K+1]	--	--	--	--	--	--	--	--	--	--	--	--	--	--	--	--	--	--	--	--	--	--	207
DATA	2026-02-08T233000_AIU-0547.ghg	2026-02-09	00:00:00	40	0	18000	18000	0.011058859607963023	1	NaN	-0.4096099379014673	1	NaN	0.1720080310730867	2	NaN	-0.2276189958615014	2	NaN	0.0037899808726654834	2	NaN	-0.0008444691877874215	1	NaN	NaN	NaN	NaN	NaN	NaN	NaN	NaN	NaN	NaN	-5.0671858495580744e-11	-2.314911517320122e-13	-2.7149756375191464e-13	NaN	18.43226866793136	421.1023908110195	421.91406038823567	0.1	1	84.20664308859807	1.9237793982718931	1.9274874589358215	0.1	1	0.09875927558884692	2.0927798225436303	2.096813629405897	0.9	0	NaN	NaN	NaN	NaN	9	264.9284855736626	265.3642450900608	96062.85033072917	1.2602439000912107	1006.0967766403754	0.022966613275402892	0.0002455907605487233	0.0015094304473684847	184.85330405044257	339.7183155272652	0.00119772882634801	54.41369970398507	154.86501147682262	257.74219712382313	0.819597601994862	0.2639403169781369	0.11294406035304554	0.8684244819737046	-3.8453634790098425e-14	-2.7490841962248593e-15	0.8684244819737046	1.8840330308305595	314.1495482962147	17.85045170378534	7.472844717316686	NaN	0.09367589914761684	0.14835817688176456	169.81895564921467	0.017077009977557303	-2.3813419370367823	-0.0034486431107185974	1	19.688143143596218	9	17	34	60	120	431	0.010959120907808682	1.009100976345947	-0.3959747510504323	1.0134075721568916	0.15670332881785928	1.0976667335064498	-0.20736621500260116	1.0976667335064498	0.0034527609856213376	1.0976667335064498	-0.0006635375492009782	1.1772214511463022	NaN	NaN	800000009	800000009	800000009	800000009	800001009	800001009	899999999	899999999	89999	89999	89	89	0	0	0	0	22	0	0	NaN	0	0	17604	0	0	0	0	0	0	NaN	NaN	NaN	NaN	0	0	0	0	0	0	0	0	17404	0	0	0	18000	18000	18000	18000	100	NaN	0.13469830950247758	0.15297476569854	0.009043278562511543	0.04229845895373897	2.0651528680205353	0.007423326139079501	4.82005067234633e-9	NaN	-0.0003123008259511599	-0.004771681791822466	0.0000794511137043113	-6.635375492009782e-7	NaN	421.1024681772483	1.923771912008206	96460.9150811632	11.359999656677246	-15.422088653882314	100.85287735578748	100.67093525738186	101.03482588852776	-0.3638978652846483	0.0002538817708668325	-1	0	2.0909781761368116	84.15038636101615	1.0000187434256076	-273.1499938964844	9.00044036022822	-273.1499938964844	076
DATA	2026-02-09T000000_AIU-0547.ghg	2026-02-09	00:30:00	40.02	0	18000	18000	0.012114925924900145	1	NaN	3.498690387983599	1	NaN	-5.799369475558779	1	NaN	-1.39562599715685	1	NaN	-0.12773921924007398	1	NaN	0.0009326265875453352	1	NaN	NaN	NaN	NaN	NaN	NaN	NaN	NaN	NaN	NaN	-7.278109176466186e-11	-3.288620415050207e-13	-3.887840378337238e-13	NaN	18.484809908467508	421.8538366372471	422.65948923092844	0.1	1	83.52378586167946	1.9061504927933823	1.9097908415471296	-0.7	0	0.09874266599408454	2.0890197330861566	2.093009323840216	0	1	NaN	NaN	NaN	NaN	9	264.572595477634	265.00983276875814	96052.31090885417	1.2617992601863948	1006.084089612857	0.022938456438910668	-0.008277501406756793	0.0014974343439429722	183.13927177004595	330.49562469261633	0.0011867453018808785	55.413523837230244	147.35635292257038	257.6298715289184	0.9568392823233001	0.36287252741823434	0.1175693278387985	1.0300681677444175	1.9944258536524287e-14	-3.937345968125015e-15	1.0300681677444175	2.0235029529101043	311.23122713636104	20.76877286363896	6.553875533410116	NaN	0.09798627483244614	0.11007923688186783	-22.7523713579653	-0.12745924169283343	-0.6032880648023369	0.028126501437825864	1	25.17954052992942	11	20	35	56	95	242	0.01196232481347937	1.0127568105531477	3.161291447308715	1.0149620744570802	-5.34007140956453	1.0860097236099888	-1.2850953051485308	1.0860097236099888	-0.11762253731528106	1.0860097236099888	0.00015819076387636277	1.1483287069861914	NaN	NaN	800000009	800000009	800000009	800000009	800000009	801001109	899999999	899999999	89999	89999	89	89	1	1	1	0	0	0	0	NaN	0	0	18000	0	0	0	0	0	0	NaN	NaN	NaN	NaN	0	0	0	0	0	0	0	0	17502	17995	0	0	18000	18000	18000	18000	100	NaN	0.11986021478638817	0.09116345975717423	0.009134799220173238	0.04029910129607131	2.484296494531604	0.01372452407239708	5.233392755447055e-9	NaN	0.002490233016594261	-0.029534414817441672	-0.002703233600676807	1.5819076387636276e-7	NaN	421.8537001547015	1.9061367425487665	96450.90809223091	11.291932731204565	-15.544390231132523	100.86145297474332	100.67746094491747	101.04542167006599	-0.36803161950988905	0.0002538254196487186	-1	0	2.0872369667026733	84.63885711691117	1.0000178503923947	-273.1499938964844	9.000405625926124	-273.1499938964844	014
DATA	2026-02-09T003000_AIU-0547.ghg	2026-02-09	01:00:00	40.041	0	18000	18000	0.01834343313154417	1	NaN	2.3056529893537787	1	NaN	3.2540773648673498	1	NaN	0.5907238229776987	1	NaN	0.0716541227249583	1	NaN	-0.0023990248005282774	1	NaN	NaN	NaN	NaN	NaN	NaN	NaN	NaN	NaN	NaN	4.5362066639423935e-11	2.0091115825505093e-13	2.419763203419525e-13	NaN	18.522358918050422	422.26866101324043	423.059889523756	0.1	0	82.0365750401477	1.870251777842214	1.8737561736572395	0.1	1	0.09880441053687643	2.087246128452475	2.091157118771605	-0.1	0	NaN	NaN	NaN	NaN	9	264.24760004255506	264.69116054789225	96048.87339453126	1.2632903394640447	1006.0619795782574	0.022911693089369172	0.004643187152577298	0.0014709492433712024	179.68376156758754	322.3941125018366	0.0011643793967388825	55.734194453245145	142.71035093424908	257.4005378789098	1.0249603935620635	0.3151524552466065	0.13945893532420606	1.0813480813598464	-2.942482243270299e-14	2.4490437119873356e-15	1.0813480813598464	2.200635161377685	314.90850484332196	17.091495156678032	7.409941613244081	NaN	0.12050046502968041	0.17172579236752505	-64.2087062277804	-0.04516521466282546	0.7085427698329376	0.015054880409407714	1	20.782466079824946	9	17	31	51	92	264	0.01811971438518825	1.0123467037945584	2.4348217670686316	1.0147293955615118	2.9961683680513445	1.0860796073966115	0.543904718360097	1.0860796073966115	0.06597501899213162	1.0860796073966115	-0.003189306839418471	1.1481610544414673	NaN	NaN	800000009	800000009	800000009	800000009	800000009	800100009	899999999	899999999	89999	89999	89	89	3	0	0	12	5	0	0	NaN	0	0	18000	0	0	0	0	0	0	NaN	NaN	NaN	NaN	0	0	0	0	0	0	0	0	16907	18000	0	0	18000	18000	18000	18000	100	NaN	0.1511432766637163	0.1813908384852324	0.010917469586101378	0.039878882280360774	1.9068745042650168	0.01274943249636901	1.2801669542744131e-8	NaN	0.0019157518951612045	0.012485134585564476	0.0015144325165728624	-0.000003189306839418471	NaN	422.2689645222283	1.8702389849868841	96448.42838628472	11.299174880186719	-15.77278174792393	100.87152536964416	100.68589893637763	101.05711386576759	-0.3712033754827248	0.0002535336367598372	-1	0	2.0854956815507677	84.60829876920911	1.0000244327833254	-273.1499938964844	9.000401721874873	-273.1499938964844	161
DATA	2026-02-09T010000_AIU-0547.ghg	2026-02-09	01:30:00	40.062	0	18000	18000	0.002980168391942296	1	NaN	0.17262566444509173	2	NaN	0.2418873123157215	1	NaN	-0.09081677469295701	2	NaN	0.005325067275863452	1	NaN	-0.0008301978796339836	1	NaN	NaN	NaN	NaN	NaN	NaN	NaN	NaN	NaN	NaN	2.6133046811255565e-11	1.13101439522499e-13	1.392357762299846e-13	NaN	18.563366045209204	422.587772784518	423.36206868110924	0.1	1	80.34055260605747	1.828921280083965	1.8322723619977321	0.1	1	0.09890483491702214	2.0869501277825897	2.090773988822593	0	1	NaN	NaN	NaN	NaN	9	264.0004002270169	264.44310081481933	96066.53802712673	1.2647276962360954	1006.037626931804	0.022886011980088064	0.0003450643594759517	0.0014400570121378326	175.74526486679187	316.2107358314747	0.0011386300912232157	55.57852563249331	140.46547096468285	257.13429561909976	0.9486694914549461	0.2375108770550881	0.10313909208819802	0.9833732216476426	-1.806578507503848e-15	1.4077752250109796e-15	0.9833732216476426	1.8728654171322392	317.9442323079713	14.055767692028693	6.0204233013198785	NaN	0.04854247185452976	0.13268712611045672	-56.07061213218108	-0.05172049830958735	0.7136615095370255	0.0027949382828773707	1	61.00842489224793	27	50	90	146	258	712	0.002941435521799067	1.0131680160439276	0.18211535582347363	1.0152003991205263	0.22273504701555544	1.0859867612070428	-0.08362604217386296	1.0859867612070428	0.0049034366403737685	1.0859867612070428	-0.0008529703745163273	1.1485263184617687	NaN	NaN	800000009	800000009	800000009	800000009	800001009	800001009	899999999	899999999	89999	89999	89	89	2	1	2	2	10	0	0	NaN	0	0	17151	0	0	0	0	0	0	NaN	NaN	NaN	NaN	0	0	0	0	0	0	0	0	17503	606	0	0	18000	18000	18000	18000	100	NaN	0.10762759933443107	0.15093965366740658	0.006806999219075778	0.03734178258259824	2.9699009695289558	0.009451574250793203	1.5104999082666748e-8	NaN	0.0001431315298811415	-0.0019173742702854781	0.00011242578275653714	-8.529703745163274e-7	NaN	422.58761708498923	1.828911770919385	96465.38688476563	11.319999694824219	-16.03528508022094	100.880230805503	100.69354429160225	101.0668714693564	-0.3733604680332875	0.0002530652468639245	-1	0	2.085237764338652	83.79344674385923	1.000025855127308	-273.1499938964844	9.000450418578254	-273.1499938964844	200
DATA	2026-02-09T013000_AIU-0547.ghg	2026-02-09	02:00:00	40.083	0	18000	18000	0.0035288819806400915	2	NaN	-3.514520958374152	0	NaN	-2.3613328928799695	1	NaN	-0.22798614878646342	1	NaN	-0.0519786851417756	1	NaN	0.0007498458797700197	1	NaN	NaN	NaN	NaN	NaN	NaN	NaN	NaN	NaN	NaN	-2.990675437463094e-11	-1.234144459210147e-13	-1.5998636339820238e-13	NaN	18.553332102487165	422.2007513616158	422.937623330928	0.1	1	76.56294537127565	1.7422710316211938	1.7453118378774732	0.1	1	0.09925116228974529	2.0931385873256265	2.096791766880404	0	1	NaN	NaN	NaN	NaN	9	263.8791764051649	264.3354897274441	96083.74263628472	1.2655106522112398	1005.9901933802108	0.022872602599516602	-0.0033682187971870586	0.00137263454786764	167.44882573474578	313.5613459252572	0.0010846487506598397	53.40225378885192	146.11252019051145	256.555552666465	1.0164526652288	0.1524237032036117	0.10410617786204979	1.0330765229246825	-2.706323330543191e-14	-1.611934406683843e-15	1.0330765229246825	1.9089575344823098	323.4716708742436	8.528329125756393	5.783682606479956	NaN	0.05280629098286184	0.20535330400838536	3.54580742442008	0.8178673156437134	1.4883631905401156	-0.052278235494360635	1	70.92918033402941	31	70	154	312	758	4205	0.0034494299853194414	1.0230333694722875	-3.453780957967482	1.046458092949583	-1.738823184567719	1.3580063308547439	-0.1678829793399906	1.3580063308547439	-0.03827573109254922	1.3580063308547439	0.0013677605597611636	1.6406151833959868	NaN	NaN	800000009	800000009	800000009	800000009	800000009	810000009	899999999	899999999	89999	89999	89	89	0	5	0	5	15	0	0	NaN	0	0	18000	0	0	0	0	0	0	NaN	NaN	NaN	NaN	0	0	0	0	0	0	0	0	17802	0	0	0	18000	18000	18000	18000	100	NaN	0.2195620363676953	0.18416105330135343	0.006983518347721958	0.032495089803775	0.6771430655737973	0.004526910792497087	2.7883754087902662e-8	NaN	-0.002712909076032531	-0.0038466243295088676	-0.0008769939575123285	0.0000013677605597611635	NaN	422.2007560439623	1.7422664703822988	96482.39245269097	11.339175133705137	-16.60629606363512	100.89527216466269	100.7098314083947	101.0806946182251	-0.37088497670491566	0.0002528357952137917	-1	0	2.0915015408065587	84.12938401243422	1.0000274566064278	-273.1499938964844	9.00048502084944	-273.1499938964844	146
DATA	2026-02-09T020000_AIU-0547.ghg	2026-02-09	02:30:00	40.104	0	18000	18000	0.009491802443578473	1	NaN	3.4767112705926917	1	NaN	-1.3109003054263133	1	NaN	-0.789589268137932	1	NaN	-0.028848845887881294	1	NaN	0.0014950751430015193	2	NaN	NaN	NaN	NaN	NaN	NaN	NaN	NaN	NaN	NaN	-2.8582188404645685e-11	-1.1666625072992194e-13	-1.533510756074836e-13	NaN	18.563513475815583	421.8758209863808	422.6035463909711	0.1	1	75.77220774479856	1.722004963765786	1.7249753799324035	0.1	1	0.09959820844605564	2.0978616751849235	2.1014804349251213	0	1	NaN	NaN	NaN	NaN	9	263.6032892252605	264.0677618662516	96088.95574869792	1.2668721491017474	1005.977044999954	0.0228481968094004	-0.0018694052135347077	0.001358117239517352	165.51004317369376	307.0555047392935	0.0010720239137629636	53.902320791877884	141.54546156559974	256.41661985059966	0.9614973986214865	0.0999571082594726	0.11886946929071288	0.9739602773096055	2.0476895050722565e-14	-1.5396971290958667e-15	0.9739602773096055	1.9482114843623128	326.0648607270183	5.935139272981685	7.010287494387607	NaN	0.08655814704379167	0.18445278240336546	-15.78679588317557	-0.1836978207269159	-2.652155359336836	0.03151663303367968	1	26.546433204466673	12	21	36	57	95	233	0.009367628261453756	1.0132556692749726	3.361580530973156	1.0152517725218355	-1.2071040904437655	1.0859877916115663	-0.7270701146338029	1.0859877916115663	-0.026564613442910494	1.0859877916115663	0.00040841229224059173	1.1485720065820386	NaN	NaN	800000009	800000009	800000009	800000009	800000009	811001009	899999999	899999999	89999	89999	89	89	0	0	2	0	3	0	0	NaN	0	0	16935	0	0	0	0	0	0	NaN	NaN	NaN	NaN	0	0	0	0	0	0	0	0	16708	0	0	0	18000	18000	18000	18000	100	NaN	0.1843400253539792	0.17572540715530174	0.008840132297450017	0.044608517818924914	3.051586326072978	0.011857257282204136	1.2679587041639108e-8	NaN	0.0026376833640180267	-0.01664090448009629	-0.0006080007773071563	4.084122922405917e-7	NaN	421.8759547564791	1.72199309000049	96487.08076345485	11.350000381469727	-16.75924610196221	100.90633528221979	100.72012064658271	101.09253446960449	-0.37244153177738215	0.00025248721128446055	-1	0	2.096241796162393	84.02587931145561	1.000019208992521	-273.1499938964844	9.00045992451244	-273.1499938964844	239
DATA	2026-02-09T023000_AIU-0547.ghg	2026-02-09	03:00:00	40.124	0	18000	18000	0.005306940294339484	0	NaN	0.5248710947674176	0	NaN	1.7817591408585185	0	NaN	0.1858349896643212	0	NaN	0.03919556429486386	0	NaN	-0.001477025316659723	0	NaN	NaN	NaN	NaN	NaN	NaN	NaN	NaN	NaN	NaN	-2.980778803514977e-11	-1.2055693787582438e-13	-1.600351506150606e-13	NaN	18.588912031884128	422.13172645212853	422.8536655339766	0.1	1	75.1824426007181	1.7073024090647877	1.7102222756760859	0.1	1	0.09980208304234679	2.0981181181699324	2.1017063665126265	0	0	NaN	NaN	NaN	NaN	9	263.1934943381415	263.6491010165745	96087.41187196181	1.26887054661772	1005.9656845969005	0.02281233913108879	0.0025398725663071777	0.0013486381103528784	164.0942745180518	297.1229404766846	0.0010628650132574876	55.22773645642766	133.0286659586328	256.3142443204383	1.1125065072716755	0.2826924160709227	0.12320856063022613	1.1544548844534608	-2.734012047740156e-14	-1.6035251543513019e-15	1.1544548844534608	1.9114414255037724	317.7426581009123	14.257341899087674	6.1265285164976095	NaN	0.0646715757063497	0.07485084502067298	-43.613301840608955	-0.0664934751007494	0.294580273355306	0.006358266557841459	1	52.09672078969178	23	43	76	121	212	571	0.005244908372211043	1.011827074512322	0.6055252253851355	1.014443253773744	1.6402778783785634	1.0862544477035874	0.17107869160599384	1.0862544477035874	0.03608322559942179	1.0862544477035874	-0.001673626504050981	1.1480006157492075	NaN	NaN	800000009	800000009	800000009	800000009	800000009	800000009	899999999	899999999	89999	89999	89	89	5	0	1	5	11	0	0	NaN	0	0	18000	0	0	0	0	0	0	NaN	NaN	NaN	NaN	0	0	0	0	0	0	0	0	17901	0	0	0	18000	18000	18000	18000	100	NaN	0.059084296027344926	0.0818312350559216	0.008786158958079418	0.030049927441340888	0.4411250733796677	0.004148751547736385	2.1683224685229678e-8	NaN	0.00047438588353621855	0.003909381417694248	0.0008245509146967703	-0.000001673626504050981	NaN	422.13162784861476	1.7072982126437608	96484.98255034722	11.340276825586955	-16.847268732494797	100.92484072091844	100.7383699675666	101.11132313558791	-0.37289156078216085	0.0002525774326350075	-1	0	2.096507449931569	83.88212044122483	1.0000295390486718	-273.1499938964844	9.000555852572123	-273.1499938964844	161
DATA	2026-02-09T030000_AIU-0547.ghg	2026-02-09	03:30:00	40.145	0	18000	18000	0.012165913694197046	1	NaN	4.8266582557480575	1	NaN	-0.5893747439307195	2	NaN	-0.2678294301661521	1	NaN	-0.012961775645358069	2	NaN	0.000751011185261894	2	NaN	NaN	NaN	NaN	NaN	NaN	NaN	NaN	NaN	NaN	8.995314474866957e-11	3.5309977627996537e-13	4.844481554482851e-13	NaN	18.592618353566582	421.77301300095957	422.4724656011842	0.1	1	72.98298908221591	1.6556170098074134	1.6583626231747703	0.1	1	0.10013168179395399	2.1022851430227036	2.1057714941271484	0.2	0	NaN	NaN	NaN	NaN	9	262.8879395506117	263.3673402642145	96074.8657157118	1.2700870181692896	1005.9356825754394	0.022790935492284458	-0.0008399230618192029	0.0013090388079069724	159.10584890861642	290.60055386257136	0.0010306685992223022	54.75070394527175	131.49470495395494	255.947122411603	0.9017722569828205	0.24725311736150282	0.10778761061795737	0.941246767065692	-6.107978317725236e-14	4.8381106435938885e-15	0.941246767065692	1.8743271327659763	316.66712990719975	15.332870092800208	6.575696956315079	NaN	0.09787136087208614	0.10857388706478072	-16.436399046663986	-0.17643767298218513	-8.189455529698481	0.03859999358431947	1	21.488036425896944	9	17	30	46	78	193	0.012002981489715814	1.0135743110676987	4.726746079259301	1.015439911228988	-0.5426997577527813	1.086005172309659	-0.24661892686620127	1.086005172309659	-0.011935279845667439	1.086005172309659	-0.0007657425312223851	1.1487456487681282	NaN	NaN	800000009	800000009	800000009	800000009	800000009	800100009	899999999	899999999	89999	89999	89	89	0	2	3	6	0	0	0	NaN	0	0	18000	0	0	0	0	0	0	NaN	NaN	NaN	NaN	0	0	0	0	0	0	0	0	17503	0	0	0	18000	18000	18000	18000	100	NaN	0.06453678676462468	0.1424874790411566	0.010123508323780136	0.030567994094277764	1.1112830234693434	0.010450482184182475	3.637892543825299e-8	NaN	0.003699632465573747	-0.005629999676906943	-0.00027246741573633325	-7.657425312223852e-7	NaN	421.77291307375697	1.6556064761064473	96473.49204861111	11.336941749254862	-17.227454252402016	100.94428863249885	100.75732146178352	101.13129761971368	-0.37398963611738517	0.0002519725479748254	-1	0	2.1007191997766492	83.77098242272272	1.000048455024759	-273.1499938964844	9.000640372488233	-273.1499938964844	167
DATA	2026-02-09T033000_AIU-0547.ghg	2026-02-09	04:00:00	40.166	0	18000	18000	0.009705802212659716	0	NaN	2.1017148892154554	0	NaN	2.7928557215939307	1	NaN	0.6106190401727923	1	NaN	0.06141014959563273	1	NaN	-0.0029741434126914577	0	NaN	NaN	NaN	NaN	NaN	NaN	NaN	NaN	NaN	NaN	-2.4938188052892546e-11	-9.543698958859187e-14	-1.3468512312392435e-13	NaN	18.60096044994396	421.4963234566523	422.177313117981	0	0	71.18478956987435	1.6130418195598006	1.615647927232111	0.1	1	0.10045928930804442	2.1071928793439514	2.1105973611517417	-0.1	0	NaN	NaN	NaN	NaN	9	262.6788610026041	263.1679523061117	96084.77107052952	1.2712008167438162	1005.9112698470205	0.02277133338712918	0.003979377693797001	0.0012764739592687558	155.03032805215267	286.0624398448868	0.001004148158540715	54.194576588319535	131.03211179273413	255.63946746012024	0.9964008207569431	0.15481635755296738	0.1148074762284975	1.0148711527918421	2.1118998979392018e-14	-1.3406935690230814e-15	1.0148711527918421	2.1366684689440714	323.16825380998546	8.831746190014533	6.495499769711723	NaN	0.08737931521129888	0.12771229301983378	-26.863765004498312	-0.10795210572733932	0.7525325683547915	0.01881010964185256	1	29.226088546067512	13	24	41	66	112	290	0.009582321347572012	1.012886320611549	2.2090274136543084	1.0150367004532346	2.5716954421023597	1.0859978502395184	0.5622654225679354	1.0859978502395184	0.056547211011595114	1.0859978502395184	-0.003650398353921877	1.1483881524755355	NaN	NaN	800000009	800000009	800000009	800000009	800001009	800101009	899999999	899999999	89999	89999	89	89	1	1	0	0	20	0	0	NaN	0	0	17205	0	0	0	0	0	0	NaN	NaN	NaN	NaN	0	0	0	0	0	0	0	0	18000	0	0	0	18000	18000	18000	18000	100	NaN	0.09470170088200712	0.14934294872740664	0.011379936430253791	0.0222021768168139	2.031790149203452	0.010071384865207311	2.809383793167559e-8	NaN	0.0017275366443023994	0.012824224949299698	0.0012897363507722972	-0.000003650398353921877	NaN	421.4969405945661	1.6130316718444961	96484.06232052951	11.329999923706055	-17.53484115007186	100.96023438082801	100.7733601199256	101.14728397199843	-0.37388667144046894	0.000251698514126474	-1	0	2.10566515292724	83.62535268868342	1.000054669411646	-273.1499938964844	9.000798454443613	-273.1499938964844	185
DATA	2026-02-09T040000_AIU-0547.ghg	2026-02-09	04:30:00	40.187	0	18000	18000	0.005883339764892622	0	NaN	5.421191671712862	1	NaN	1.0429425349303982	1	NaN	-0.6241755756970432	1	NaN	0.0229240885827097	1	NaN	0.0019132593267567827	2	NaN	NaN	NaN	NaN	NaN	NaN	NaN	NaN	NaN	NaN	-5.743186526148615e-11	-2.2918552314774934e-13	-3.0992152566345856e-13	NaN	18.672311042099782	422.7083890228784	423.4226372968529	0.1	1	74.51304872437984	1.6868448001133902	1.6896950534280426	0.1	1	0.10076202643745477	2.1098223676819545	2.1133873241002386	0	1	NaN	NaN	NaN	NaN	9	262.2827249874539	262.77566623687744	96085.34487673611	1.273070588147096	1005.94779919615	0.022737253968293306	0.0014854809401595884	0.0013368784049845287	162.1245409021729	277.3179990774284	0.00105012119314633	58.46160056019553	115.1934581752555	256.17049000135427	1.069569323197845	0.5528273547393314	0.12119648941601543	1.2100765307701384	-1.4104776862938557e-14	-3.0757770225654772e-15	1.2100765307701384	2.0483705514855766	304.6669537926026	27.333046207397388	5.748156783079354	NaN	0.06798071413597365	0.09271281020533802	-4.9043637142502465	-0.5913101411246651	5.197977347883937	0.06227032184796146	1	36.69326782128284	16	29	47	71	113	253	0.005816590421261273	1.0114756822806985	5.399044733381145	1.0142566611928692	0.9599670525275605	1.0864357606694586	-0.5745167807366981	1.0864357606694586	0.021100270639640893	1.0864357606694586	0.00003606431735400758	1.1479331367670116	NaN	NaN	800000009	800000009	800000009	800000009	800000009	800000009	899999999	899999999	89999	89999	89	89	5	0	0	4	0	0	0	NaN	0	0	18000	0	0	0	0	0	0	NaN	NaN	NaN	NaN	0	0	0	0	0	0	0	0	18000	0	0	0	18000	18000	18000	18000	100	NaN	0.08700150112391188	0.08437777870818527	0.014046340578578873	0.011955516179911734	0.9238330140646058	0.004688206058451746	4.114952140198327e-8	NaN	0.004215887334474959	-0.013085012258227386	0.0004805730819865335	3.606431735400758e-8	NaN	422.7083421240145	1.6868400415570797	96483.22394097222	11.342783549626668	-16.99241805553428	100.95835965983073	100.76762520048354	101.14910193083021	-0.3814512587669821	0.000251644079725439	-1	0	2.1082172998454833	83.09071591822307	1.0000643494758341	-273.1499938964844	9.000808432764478	-273.1499938964844	118
DATA	2026-02-09T043000_AIU-0547.ghg	2026-02-09	05:00:00	40.208	0	18000	18000	0.004891928552905656	0	NaN	3.4902160486110536	0	NaN	0.6799654002008972	0	NaN	0.4055193514822595	0	NaN	0.014943210656924479	0	NaN	-0.0021747014703649386	0	NaN	NaN	NaN	NaN	NaN	NaN	NaN	NaN	NaN	NaN	-6.05064487240677e-14	-2.3297662588675047e-16	-3.2752255369476054e-16	NaN	18.68601527956102	422.5858497545783	423.27457788764104	0	0	71.94943486029997	1.6271426847787438	1.629794593128645	0.1	1	0.10114775485586787	2.1160644557805193	2.119513206189262	0	0	NaN	NaN	NaN	NaN	9	262.0866245702108	262.5926794399685	96103.86289648438	1.274232029762714	1005.9143914956462	0.022717042489909765	0.0009683200505687062	0.0012907099018334004	156.4166433482336	273.3212153628328	0.0010129316103235568	57.22813837944894	116.90457201459918	255.74492133209844	1.1736639506502218	0.5009134209450966	0.1364382516716799	1.2833614926660584	-6.2687893569528614e-15	-3.2380605398653595e-18	1.2833614926660584	2.107958687625426	308.8874729099863	23.11252709001371	6.102830211115608	NaN	0.06196062558786007	0.08316612367027298	-5.768600708368717	-0.5027215691654418	5.132931833854872	0.043946771743986986	1	46.22610122472489	21	36	60	90	144	322	0.004838405449686205	1.0110621368498423	3.4769831164627565	1.0140461223894972	0.6256947758632495	1.0867365789697898	0.37315330994626666	1.0867365789697898	0.013750536188899081	1.0867365789697898	-0.003202943998860218	1.147907373823952	NaN	NaN	800000009	800000009	800000009	800000009	800000109	810000109	899999999	899999999	89999	89999	89	89	3	1	0	7	0	0	0	NaN	0	0	18000	0	0	0	0	0	0	NaN	NaN	NaN	NaN	0	0	0	0	0	0	0	0	18000	0	0	0	18000	18000	18000	18000	100	NaN	0.0772568614927064	0.07841474424626114	0.010660641601578414	0.013706244204293673	2.1048880157645278	0.004385799161061512	3.489336125791425e-8	NaN	0.0027126455042777203	0.008490758979570568	0.00031288075305192136	-0.000003202943998860218	NaN	422.5857895643445	1.6271382764787357	96502.55402994792	11.350000381469727	-17.4175967291726	100.97459194557756	100.78383401062577	101.16534201134576	-0.3815333277513306	0.00025162842980353163	-1	0	2.1145115142464634	82.9722779905531	1.0000668298602104	-273.1499938964844	9.000696772151523	-315.6648706817609	103
DATA	2026-02-09T050000_AIU-0547.ghg	2026-02-09	05:30:00	40.229	0	18000	18000	0.00746620294774242	0	NaN	3.926657686258355	0	NaN	1.2518103783883394	0	NaN	0.4222670726399114	1	NaN	0.027505963742611644	0	NaN	-0.0011955099371192299	0	NaN	NaN	NaN	NaN	NaN	NaN	NaN	NaN	NaN	NaN	1.2702015976686592e-11	4.8408665877130016e-14	6.882307918164964e-14	NaN	18.711723863151178	422.8112684922813	423.49367622932033	0.1	0	71.31226965380439	1.611376451036987	1.613977175850664	0.1	1	0.10138535925497612	2.1193796662568603	2.1228002966651607	0	0	NaN	NaN	NaN	NaN	9	261.91447416178386	262.42391121504045	96109.61435329862	1.2751354185747892	1005.9046733785193	0.02270108367953267	0.0017823864505212344	0.0012791021149083782	154.91031119509242	269.6806298083244	0.0010031108039787826	57.44213490794462	114.77031861323198	255.63029844299737	1.1923979274299359	0.4920635689459215	0.14774287967768598	1.2983710300674847	-2.41032558495613e-15	6.788266046240963e-16	1.2983710300674847	2.001273557386522	309.57566393077536	22.424336069224655	6.533894114959579	NaN	0.07651943257844702	0.08761760324219858	-9.657940829475312	-0.30027104651018544	3.1367831374858746	0.0400072008660751	1	41.433127756088155	18	33	55	84	136	317	0.007385088502496149	1.0109835440995534	3.935708078356611	1.0140074740569718	1.151826155900113	1.086804959217211	0.38853988386661037	1.086804959217211	0.025309015669585513	1.086804959217211	-0.002453371716787229	1.1479101929399864	NaN	NaN	800000009	800000009	800000009	800000009	800000009	800000009	899999999	899999999	89999	89999	89	89	0	0	1	6	1	0	0	NaN	0	0	18000	0	0	0	0	0	0	NaN	NaN	NaN	NaN	0	0	0	0	0	0	0	0	18000	0	0	0	18000	18000	18000	18000	100	NaN	0.07400515188037234	0.08808968234619972	0.013140372257825095	0.013588501613092977	4.102752875635483	0.006924781919661315	3.9616266208401195e-8	NaN	0.0030683842392661277	0.008834515966059987	0.0005754696295090706	-0.000002453371716787229	NaN	422.811129274299	1.6113694309426667	96509.00923717351	11.32082971382141	-17.537699988259224	100.97909003229495	100.78798504744636	101.17014477793376	-0.3821333407585821	0.00025101731931337985	-1	0	2.1178410038683153	82.76543320126002	1.0000703745351898	-273.1499938964844	9.000914226028653	-273.1499938964844	180
DATA	2026-02-09T053000_AIU-0547.ghg	2026-02-09	06:00:00	40.249	0	18000	18000	0.008312293026100408	0	NaN	8.12522739803187	0	NaN	0.8692051829785787	1	NaN	-0.8449370727558707	1	NaN	0.019097578764332757	1	NaN	-0.00014183146874541253	0	NaN	NaN	NaN	NaN	NaN	NaN	NaN	NaN	NaN	NaN	1.4696214945393027e-11	5.373374892524637e-14	7.979345344202804e-14	NaN	18.680581103061527	422.17720063814977	422.8298833293505	0.3	0	68.30178100275232	1.5436058730322977	1.5459922757888678	0.1	1	0.10142666557720967	2.1194130078079425	2.12268960394722	0	0	NaN	NaN	NaN	NaN	9	261.8242483096652	262.34461451975505	96080.99075173611	1.2751736610178013	1005.867758776743	0.022700984950842967	0.0012375231039287627	0.001225311517049422	148.35096451560597	267.9850687612568	0.0009608977620126023	55.35792169367811	119.63410424565083	255.11925456654805	1.119685186011929	0.4849416986397147	0.1232971289368202	1.2264035016495107	-1.1520364101123854e-14	7.867108022129187e-16	1.2264035016495107	2.4283326469701563	308.5823031808309	23.417696819169134	5.770009636426859	NaN	0.08073758512829177	0.10009673487652582	-5.481342449861189	-0.5290674732561984	9.347881900782584	0.07846022464302886	1	31.221009484429842	14	25	41	61	98	221	0.008218771260214823	1.0113790447409459	8.057905203240923	1.0142064498759678	0.8000063697294805	1.0864978278516677	-0.7776702825320552	1.0864978278516677	0.01757719000883269	1.0864978278516677	-0.002761335640921327	1.1479215464625485	NaN	NaN	800000009	800000009	800000009	800000009	800000009	800000009	899999999	899999999	89999	89999	89	89	0	0	0	8	0	0	0	NaN	0	0	18000	0	0	0	0	0	0	NaN	NaN	NaN	NaN	0	0	0	0	0	0	0	0	17401	0	0	0	18000	18000	18000	18000	100	NaN	0.10119828693932617	0.08418967014540016	0.014805512668325305	0.0324673840368464	4.212303205044678	0.006656275565266824	5.267862663735871e-8	NaN	0.006282202514187841	-0.017681181477046226	0.0003996365727012131	-0.000002761335640921327	NaN	422.17706185555136	1.5435992214863696	96481.28977300346	11.323058098157247	-18.04922024695078	100.99208088005913	100.80185782135858	101.18230392074585	-0.3804937830559083	0.0002513751156366197	-1	0	2.117938096973631	82.9049869880676	1.0000623049404886	-273.1499938964844	9.000857556978861	-273.1499938964844	219
DATA	2026-02-09T060000_AIU-0547.ghg	2026-02-09	06:30:00	40.27	0	18000	18000	0.005900677762279859	1	NaN	3.362708969973536	0	NaN	2.824905651106446	1	NaN	1.009534636353751	1	NaN	0.06206184672177194	1	NaN	-0.003605492455587799	0	NaN	NaN	NaN	NaN	NaN	NaN	NaN	NaN	NaN	NaN	-9.280897489554853e-11	-3.3378216317375376e-13	-5.047734069506554e-13	NaN	18.68009477042021	422.09142279865165	422.7331433902316	0	0	67.18189105933807	1.518027629519469	1.5203355408766601	0.1	1	0.10159809533548023	2.122130806535814	2.12535715742338	0	0	NaN	NaN	NaN	NaN	9	261.73567293548587	262.25809734598795	96068.48373849827	1.2754406290821714	1005.8534149236651	0.022696452951934846	0.0040216076675708215	0.0012052481685382924	145.8737312321369	266.1459718008575	0.0009449661090109771	54.809670890411304	120.27224056872063	254.92098134713925	1.2302868818226684	0.4022380416299289	0.14547644021219444	1.3025224176097965	8.591941822791405e-15	-4.968335334278434e-15	1.3025224176097965	2.248961296468341	313.8950223443868	18.104977655613215	6.412644536819992	NaN	0.06801752509502942	0.094691718369566	-7.918192039648372	-0.36624522182323604	1.1903792144903835	0.038536610619482874	1	45.870008286112295	20	36	60	91	147	336	0.005836694721005893	1.0109622045236828	3.456118053110931	1.0139970228286246	2.599227099857915	1.086825253268892	0.9288840439779342	1.086825253268892	0.05710379523764817	1.086825253268892	-0.004660542323408677	1.1479115761307683	NaN	NaN	800000009	800000009	800000009	800000009	800000009	800001009	899999999	899999999	89999	89999	89	89	2	0	0	12	0	0	0	NaN	0	0	15503	0	0	0	0	0	0	NaN	NaN	NaN	NaN	0	0	0	0	0	0	0	0	18000	0	0	0	18000	18000	18000	18000	100	NaN	0.10005082886482447	0.07579417819633098	0.013538429677976518	0.012477114618133816	6.115156928861591	0.013031233653680205	6.682678137465955e-8	NaN	0.002693975405677982	0.021114433893668984	0.001298024567694667	-0.0000046605423234086765	NaN	422.0912228529189	1.5180146246660053	96468.28238498264	11.329999923706055	-18.2636901300218	100.99604089779324	100.80548860634698	101.18659697681002	-0.3810902498778372	0.0002510942215627033	-1	0	2.1206790478361977	82.88167009862264	1.0000748196476035	-273.1499938964844	9.000958020740086	-273.1499938964844	010
DATA	2026-02-09T063000_AIU-0547.ghg	2026-02-09	07:00:00	40.291	0	18000	18000	0.004561230289077552	1	NaN	6.694196188932177	0	NaN	3.5487294680621075	0	NaN	0.7413237275582195	1	NaN	0.07795823186920277	0	NaN	-0.002162997935996514	0	NaN	NaN	NaN	NaN	NaN	NaN	NaN	NaN	NaN	NaN	2.819445799269615e-11	1.048062894741077e-13	1.5309483700606793e-13	NaN	18.70977993881281	422.6465417060758	423.3116021026233	0.1	1	69.5492217928802	1.5710894604447623	1.573561666594509	0.1	1	0.10159339508828188	2.1213285560743373	2.124666597372428	0	0	NaN	NaN	NaN	NaN	9	261.6652355516222	262.1803996353149	96060.6555952691	1.2756890375123395	1005.881279510321	0.022691577827159446	0.005051693425124339	0.0012476449534684353	150.9603662302906	264.50395723503163	0.0009780165203123548	57.07300858873388	113.54359100474105	255.32492965605476	1.2082068645490311	0.4689664590764239	0.15633944352708182	1.3054253670296911	7.743330230272181e-15	1.5069369113320084e-15	1.3054253670296911	2.4788423542097817	310.7862376669616	21.213762333038428	6.878326929356143	NaN	0.05979551188626117	0.10471872089304697	-2.7023289123413394	-1.073148419038079	1.8863641901076635	0.08724454842848092	1	38.076326527639715	17	30	48	72	113	245	0.0045118375460027815	1.0109473673577918	6.7787251572034295	1.0139897750788767	3.2651850896070105	1.0868386846912939	0.6820917749801898	1.0868386846912939	0.07172934950447228	1.0868386846912939	-0.004397332130815096	1.1479126953478012	NaN	NaN	800000009	800000009	800000009	800000009	800000009	800000009	899999999	899999999	89999	89999	89	89	2	6	0	19	2	0	0	NaN	0	0	18000	0	0	0	0	0	0	NaN	NaN	NaN	NaN	0	0	0	0	0	0	0	0	18000	0	0	0	18000	18000	18000	18000	100	NaN	0.12594618334310875	0.06472315422397082	0.018768104219014363	0.011570480538288838	3.655588800404507	0.005532337986629939	5.6786138834303816e-8	NaN	0.005282706430089821	0.015502100316671522	0.0016302140158488453	-0.000004397332130815096	NaN	422.64685991550994	1.571083853533414	96460.8264921875	11.329999923706055	-17.84099719026353	100.99381818940904	100.80207469813028	101.1855441915724	-0.3834895810559392	0.00025103060383440204	-1	0	2.1198235057658623	82.70316813468932	1.0000673772080078	-273.1499938964844	9.00089419968923	-273.1499938964844	190
DATA	2026-02-09T070000_AIU-0547.ghg	2026-02-09	07:30:00	40.312	1	18000	18000	0.005892417895912156	0	NaN	3.742175379599677	0	NaN	3.0548304120772105	0	NaN	0.7280918755455016	0	NaN	0.06711113606580336	0	NaN	-0.002580124514156509	0	NaN	NaN	NaN	NaN	NaN	NaN	NaN	NaN	NaN	NaN	-7.056412026546318e-11	-2.5988662317638395e-13	-3.8330423027364093e-13	NaN	18.6909509833141	422.2839554106847	422.9417421671673	0.1	1	68.83849917967838	1.555265633304628	1.5576882523108495	0.1	1	0.10152922693274273	2.120411201720594	2.1237141413395824	0.1	0	NaN	NaN	NaN	NaN	9	261.69593969133166	262.22555105929905	96069.47611306423	1.2755941360090812	1005.8731296546657	0.022693401897406002	0.004348801617064058	0.001234979546876328	149.45363321257986	265.4570552940593	0.000968160257258768	56.300493896092924	116.00342208147941	255.20655936212918	1.048040206409166	0.6002191938453223	0.12923051229988636	1.2146406383040873	-1.0137908743286293e-14	-3.7753092567872886e-15	1.2146406383040873	2.113864008904277	302.1999626089014	29.800037391098652	6.107488525462741	NaN	0.06796581247142944	0.06025120722155781	-7.099141525941333	-0.4085000967233803	1.225002659658311	0.04291191573711245	1	41.00385380438483	18	32	54	81	130	297	0.005825722699208275	1.0114483987905818	3.8409563071622173	1.0142424181845164	2.8117431106868502	1.086454306748876	0.6701541620505476	1.086454306748876	0.06177078561787642	1.086454306748876	-0.003823833646297495	1.1479296157016259	NaN	NaN	800000009	800000009	800000009	800000009	800000009	800000009	899999999	899999999	89999	89999	89	89	6	8	0	27	1	0	0	NaN	0	0	18000	0	0	0	0	0	0	NaN	NaN	NaN	NaN	0	0	0	0	0	0	0	0	18000	0	0	0	18000	18000	18000	18000	100	NaN	0.050033054993642134	0.055425656078137965	0.01504370337133552	0.009046934258055314	2.0181286897445796	0.005571395322477532	2.6504218646727946e-8	NaN	0.002993530214672991	0.015231773541000262	0.001403973400839973	-0.000003823833646297495	NaN	422.28389963247196	1.5552600753910772	96470.3509125434	11.329999923706055	-17.958685125562848	100.9980871433682	100.8067831832038	101.18947310362921	-0.3826428865128096	0.00025107769788721476	-1	0	2.118923104272948	82.82992601013183	1.0000743166969883	-273.1499938964844	9.000945079459084	-273.1499938964844	036
DATA	2026-02-09T073000_AIU-0547.ghg	2026-02-09	08:00:00	40.333	1	18000	18000	0.003822339497019773	0	NaN	4.929202479962506	0	NaN	2.4754172943621082	1	NaN	0.0209324619089368	2	NaN	0.054384760122065084	1	NaN	-0.0019842789450851606	0	NaN	NaN	NaN	NaN	NaN	NaN	NaN	NaN	NaN	NaN	-2.271996405989478e-11	-8.347096869893013e-14	-1.2313725026831875e-13	NaN	18.70358389137445	422.5621862100019	423.21921412354936	0.1	1	68.71517320357772	1.552452940748618	1.5548667982820834	0.1	1	0.1013693456765678	2.1175721792220137	2.1208647218964516	0	0	NaN	NaN	NaN	NaN	9	261.7119697392782	262.27785156504314	96098.98636697048	1.2757328829489105	1005.8720077548459	0.022690957941896045	0.0035241324559098174	0.0012328788649314973	149.22917239962504	266.5648925361481	0.0009664083143186257	55.98230546409577	117.33572013652304	255.18883427487444	1.2366117239279923	0.6212204259813158	0.13380220921034952	1.390333199129665	-1.3173610447016734e-14	-1.2147385330985987e-15	1.390333199129665	2.1935809100402857	305.3270185927422	26.672981407257787	5.522550461086924	NaN	0.05473747427428552	0.05531305827929277	-2.815990925395996	-1.0298328641070427	1.9912612274257846	0.07017613280562957	1	46.01681288331782	21	36	58	87	136	295	0.00378246111781459	1.0105429713520027	4.985573753996286	1.0138000943662417	2.276704942332131	1.0872806784643896	0.019252123507336266	1.0872806784643896	0.05001906241806382	1.0872806784643896	-0.0035945245890582293	1.147981622247274	NaN	NaN	800000009	800000009	800000009	800000009	800000009	800001019	899999999	899999999	89999	89999	89	89	2	3	0	14	0	0	0	NaN	0	0	17756	0	0	0	0	0	0	NaN	NaN	NaN	NaN	0	0	0	0	0	0	0	0	17901	0	0	0	18000	18000	18000	18000	100	NaN	0.05447274472749322	0.040281326511295665	0.015872045319796652	0.011569904102508691	4.5651517828320705	0.01015292963272413	6.261872806751754e-8	NaN	0.0038851936748784573	0.000437528549480063	0.001136745659136704	-0.000003594524589058229	NaN	422.5620023408553	1.5524428062713478	96499.86968771702	11.310552628146278	-17.988161015086643	100.99288894208271	100.80149733585782	101.18424238226149	-0.3829016781126463	0.00025123544113173714	-1	0	2.116089854107963	82.96466880925499	1.0000755109323396	-273.1499938964844	9.000951033671697	-273.1499938964844	037
DATA	2026-02-09T080000_AIU-0547.ghg	2026-02-09	08:30:00	40.354	1	18000	18000	0.004423603230970864	1	NaN	6.006709195806121	1	NaN	-0.2520424871359538	2	NaN	-0.3170150843428653	2	NaN	-0.005539085916823356	2	NaN	-0.001156416301246681	0	NaN	NaN	NaN	NaN	NaN	NaN	NaN	NaN	NaN	NaN	-3.990146627556383e-11	-1.5164857390089434e-13	-2.1571053767491697e-13	NaN	18.69645477531521	422.8470531292025	423.5276886211832	0.1	1	71.05730611748186	1.6070625611197078	1.609649368356123	0.1	1	0.10107453907446724	2.1146834582891536	2.1180873571820618	0	0	NaN	NaN	NaN	NaN	9	262.02055132208926	262.6104426727295	96115.23681684028	1.2743063165177535	1005.9037603411931	0.02271589076497527	-0.00035893276741015345	0.0012748462363717718	154.50463175940678	273.7069336708702	0.00100042369707112	56.44892867244533	119.20230191146345	255.59925836228385	1.283301199687861	0.6118478643599451	0.15545792993962576	1.4301702507824876	-1.802203714640486e-14	-2.1341728555001473e-15	1.4301702507824876	2.149432134174727	306.50929052517756	25.49070947482243	6.240318167870757	NaN	0.05891842995991935	0.03689318710933867	-2.882223824295002	-1.0061675209104715	-23.832129511426594	0.07953443018700489	1	44.073494063909834	20	34	56	83	130	283	0.00437819397207436	1.010371687318136	5.9160671943891945	1.0137245280925704	-0.23176116199003502	1.0875095938067085	-0.2915055519033985	1.0875095938067085	-0.005093367404175618	1.0875095938067085	-0.002972491426157552	1.14803960047537	NaN	NaN	800000009	800000009	800000009	800000009	800000009	800000109	899999999	899999999	89999	89999	89	89	4	3	0	17	0	0	0	NaN	0	0	18000	0	0	0	0	0	0	NaN	NaN	NaN	NaN	0	0	0	0	0	0	0	0	18000	0	0	0	18000	18000	18000	18000	100	NaN	0.04652673425833147	0.019138747405564257	0.00812089255478161	0.031204844438731356	2.71152967982705	0.006199053401082217	7.176908227650952e-8	NaN	0.004615330761490384	-0.006632469927638576	-0.00011588666465537565	-0.000002972491426157552	NaN	422.84694684813496	1.6070562901910896	96518.47353493924	11.31917533795039	-17.566823902342033	100.97892325348325	100.78713512484232	101.17070295026568	-0.3836187719437814	0.00025149074854076994	-1	0	2.1131486292945016	83.0571929997338	1.00006612822579	-273.1499938964844	9.000869910955428	-273.1499938964844	246
DATA	2026-02-09T083000_AIU-0547.ghg	2026-02-09	09:00:00	40.374	1	18000	18000	0.00313177573526947	0	NaN	-4.529239758238369	2	NaN	0.6759318660868652	2	NaN	0.0944814907706462	2	NaN	0.014882541300496393	2	NaN	0.0018650744602090952	1	NaN	NaN	NaN	NaN	NaN	NaN	NaN	NaN	NaN	NaN	-1.2806402665556148e-10	-4.936482898835437e-13	-6.955069482532083e-13	NaN	18.5393111781834	421.63161878226026	422.3179966076537	0.1	1	71.46346634362726	1.6252630266928607	1.6279088066871972	0.1	1	0.10068572788933908	2.125802115624133	2.1292627276094325	0	1	NaN	NaN	NaN	NaN	9	263.4697018839519	264.5953365834552	96114.11690885416	1.26472350777377	1005.9296845439121	0.022887851432282096	0.0009643886762721661	0.001279597621011318	156.25262242735832	319.9928573566021	0.0010117607628435169	48.83003443205902	163.74023492924377	255.73248831302715	0.7383766530321314	-0.10252153037750945	0.09813689946729036	0.7518920115089509	-1.5727877729611573e-14	-6.9077014471963784e-15	0.7518920115089509	1.6808424587487256	339.90481926300174	352.09518073699826	7.499638624695854	NaN	0.04976196620586171	0.06792914953177544	2.302940344480644	1.2592597141955078	-6.700734179702528	-0.07154257440073342	1	49.14218216957832	22	47	101	200	465	2340	0.003039798409764029	1.0302577056458757	-4.247083220338883	1.0607534087964783	0.4650702495794814	1.4533973452355764	0.06500733683074948	1.4533973452355764	0.010239829699210116	1.4533973452355764	0.001980466122837309	1.8270569059863653	NaN	NaN	800000009	800000009	800000009	800000009	800000009	800001009	899999999	899999999	89999	89999	89	89	3	9	0	3	4	0	0	NaN	0	0	15233	0	0	0	0	0	0	NaN	NaN	NaN	NaN	0	0	0	0	0	0	0	0	17504	0	0	0	18000	18000	18000	18000	100	NaN	0.03867945929087352	0.09271362456655605	0.004465215206121297	0.5198681047312312	4.7927579630136865	0.017418541935172758	7.830219866263669e-8	NaN	-0.0033383168595765367	0.0014903010482940002	0.0002347493325994313	0.000001980466122837309	NaN	421.6313847371674	1.6252456668204762	96533.42253081597	11.34000015258789	-17.45381200758621	100.92794977103338	100.7398974079556	101.11601628706191	-0.37610834563689133	0.0002524865462861877	-1	0	2.124259383784401	83.47287452909684	1.0000334115475416	-273.1499938964844	9.000524830685722	-287.44274449666773	089
DATA	2026-02-09T090000_AIU-0547.ghg	2026-02-09	09:30:00	40.395	1	18000	18000	0.05651053429289544	1	NaN	-47.2376253092619	2	NaN	11.416213084614894	2	NaN	-5.0003858409256745	1	NaN	0.2527273762557385	2	NaN	-0.022429362155010634	1	NaN	NaN	NaN	NaN	NaN	NaN	NaN	NaN	NaN	NaN	2.817191966050136e-10	8.500001211748995e-13	1.5509644928433017e-12	NaN	18.189130520701916	426.10969376036945	426.6582284356505	0.1	1	54.88004840628438	1.2856535716944029	1.2873086045997795	0.1	1	0.10013764036411787	2.170358128471027	2.173152049164871	-0.2	0	NaN	NaN	NaN	NaN	9	266.801480621338	270.34900547281893	96107.24431380208	1.2378777201960498	1005.8079003629286	0.0233872237993013	0.016376733981371853	0.000990604013443163	123.59376574657897	496.02826586655164	0.0008002438344930187	24.916677990247813	372.43450011997265	252.98814417632	-0.2807555718184467	-0.22065220251507156	0.04436189608199232	0.35983199330500143	8.216990066659505e-14	1.5488326739113535e-14	0.35983199330500143	2.3688036864379027	113.83538770781547	218.1646122921845	7.081728873304976	NaN	0.21366128378557261	0.18875961848902376	17.47776489342877	0.1659251064242392	-4.137766609570549	-0.17756993449976372	0	99.62623672014432	-15.118665782763085	34.19846316561759	85.15900871904351	129.87286150712848	182.14853488293727	272.8916970634457	0.055681365703863596	1.0148913119955014	-45.68339905660155	1.0223256821576288	9.914503740243266	1.1514659113270738	-4.342626031510294	1.1514659113270738	0.2194831594836083	1.1514659113270738	-0.005955983283932458	1.2785775435861262	NaN	NaN	800000009	800000009	800000009	800000009	800000009	800100019	899999999	899999999	89999	89999	89	89	0	1	1	0	1	1	0	NaN	0	0	0	0	0	0	0	0	0	NaN	NaN	NaN	NaN	0	0	0	0	0	0	0	0	9663	0	0	0	18000	18000	18000	18000	100	NaN	0.11970504195314224	0.23335712590862845	0.024457069116276795	0.9568317525338054	4.889202265516186	0.031345456827209274	8.67959899152759e-8	NaN	-0.03669151303594777	-0.1016927435846686	0.005139711431876861	-0.000005955983283932458	NaN	426.10974428321134	1.2856214974342217	96548.76634136285	11.352783168951667	-20.253833020316385	100.74396805063884	100.56919981341895	100.91872896787854	-0.3495266089124791	0.0002605404859269681	-1	0	2.169151246878837	83.83937385749812	1.0000234846009148	-309.16449540880024	9.000293811745113	-294.8717448086179	119
DATA	2026-02-09T093000_AIU-0547.ghg	2026-02-09	10:00:00	40.416	1	18000	18000	0.033283349285542885	1	NaN	21.5859507842052	1	NaN	3.77990042525841	1	NaN	-0.43655058413816544	2	NaN	0.08379200521767002	1	NaN	-0.00064803217369075	1	NaN	NaN	NaN	NaN	NaN	NaN	NaN	NaN	NaN	NaN	1.0315005943229863e-11	2.480281397214684e-14	5.684542515057425e-14	NaN	17.96895398296044	425.82555267627816	426.26200802354407	0.1	1	43.20701562037898	1.0239133186877487	1.0249627917413722	0.1	1	0.0990259079145669	2.160214602294332	2.1624287418838604	-0.2	0	NaN	NaN	NaN	NaN	9	268.4494748094347	271.7898247934977	96120.1454891493	1.2316026799818356	1005.6861112262484	0.023508709769776887	0.0054297219381050175	0.0007848545709050067	98.44509693420987	551.7691436461789	0.0006372627988407611	17.841718419349963	453.32404671196906	250.38905780331234	-0.6700896585603328	-0.1727318145810124	0.00970270906158332	0.6920625498038925	-6.89057210617807e-14	5.74045988042006e-16	0.6920625498038925	2.2839298543019355	137.54530316877197	194.454696831228	0.8033124938309611	NaN	0.164391061086284	0.1494203808351246	-17.421754792824267	-0.1664585476311756	5.710719425295308	0.10601319079241865	1	5.959046072961386	3	5	9	14	23	61	0.03272793549270229	1.0169706333283517	21.412130458823313	1.0175364851127646	3.476986823444258	1.0871195713977686	-0.40156630017880063	1.0871195713977686	0.07707708279958027	1.0871195713977686	-0.007733533815967558	1.1511490789719139	NaN	NaN	800000009	800000009	800000009	800000009	800000009	800000009	899999999	899999999	89999	89999	89	89	14	18	9	7	19	17	0	NaN	0	0	0	0	0	0	0	0	0	NaN	NaN	NaN	NaN	0	0	0	0	0	0	0	0	5068	0	0	0	18000	18000	18000	18000	100	NaN	0.1307624731553882	0.14077489114112507	0.027303397373735935	0.1565782195452388	3.4229480265624583	0.00822069692901944	3.34960604341327e-7	NaN	0.017287285444666605	-0.009449984164348882	0.0018138404830433362	-0.000007733533815967558	NaN	425.82535766910115	1.0239012887679284	96533.68693359375	11.359999656677246	-22.799947283638932	100.56744316355386	100.40334767532347	100.731536500295	-0.3281884442051801	0.0002638308779731031	-1	0	2.1592355785104984	84.60997089004518	1.0000142500847577	-273.1499938964844	9.000134394857618	-273.1499938964844	090
DATA	2026-02-09T100000_AIU-0547.ghg	2026-02-09	10:30:00	40.437	1	18000	18000	0.06415447265459288	1	NaN	44.448605537664605	1	NaN	2.042552129609862	1	NaN	-0.6255574956165145	1	NaN	0.045299744445807984	1	NaN	-0.00011156280263959663	1	NaN	NaN	NaN	NaN	NaN	NaN	NaN	NaN	NaN	NaN	5.1517780769010465e-11	1.26641571093536e-13	2.835165414848593e-13	NaN	17.91114177577761	426.3202697588644	426.767515774124	0.1	1	44.02936424481997	1.0479851411565317	1.0490845661937194	0.1	1	0.09856994797741923	2.1551121578864603	2.1573730527897155	-0.2	0	NaN	NaN	NaN	NaN	9	269.2576589219836	272.2770625220404	96092.54671245659	1.2290345502421953	1005.7053805048896	0.0235576178929057	0.002935423440088357	0.0008016384616245659	100.73057379478287	571.8381536790458	0.0006522505502116225	17.615224368418	471.107579884263	250.64847603464818	-0.9810770984493878	0.08287363541060601	-0.0062906577300117575	0.9845912273236483	-6.080692434107523e-14	2.8762979721751335e-15	0.9845912273236483	3.22750557927032	156.82843167827363	175.17156832172637	-0.3660712999334323	NaN	0.2284711795234942	0.23877782616661766	-22.70805479357755	-0.12770798848081863	21.76130777438445	0.15739533323319208	0	84.34319590224456	-12.799405376297958	28.95228981132592	72.09529529261972	109.94987426104339	154.206261991948	231.02908052396853	0.06332136653486987	1.0131567931223378	43.90178104686505	1.0151938365350794	1.8808262310641368	1.085986624322133	-0.5760268879987211	1.085986624322133	0.04171298562179239	1.085986624322133	-0.014405338035297048	1.148520557345807	NaN	NaN	800000009	800000009	800000009	800000009	800000009	800000109	899999999	899999999	89999	89999	89	89	0	8	1	1	0	6	0	NaN	0	0	0	0	0	0	0	0	0	NaN	NaN	NaN	NaN	0	0	0	0	0	0	0	0	2257	0	0	0	18000	18000	18000	18000	100	NaN	0.289401192324958	0.14574870766619136	0.04240575234208597	0.19447941471890084	1.2434947006232018	0.0031370996397115975	6.665363128181192e-8	NaN	0.03551789949959338	-0.013584061036263929	0.0009836897452128754	-0.000014405338035297048	NaN	426.32021877022385	1.0479819792675662	96487.30320572917	11.350277028083802	-22.520015812290954	100.4906559302012	100.3275247762468	100.65383664830526	-0.3262658392538627	0.00026457853638405345	-1	0	2.154121250404252	84.70191662046643	1.0000059158305328	-273.1499938964844	9.00006456096084	-273.1499938964844	219
DATA	2026-02-09T103000_AIU-0547.ghg	2026-02-09	11:00:00	40.458	1	18000	18000	0.0612274806327915	1	NaN	39.60071691344029	1	NaN	5.838447096035011	1	NaN	0.5279641796684993	1	NaN	0.12952277555128214	1	NaN	0.0011605507890331004	1	NaN	NaN	NaN	NaN	NaN	NaN	NaN	NaN	NaN	NaN	-9.536979045960197e-11	-2.663153923544997e-13	-5.24669400913581e-13	NaN	18.017120074355518	429.5957197830776	430.11169237676984	0.1	1	50.311910916199665	1.199624662238369	1.201065490021162	0.1	1	0.09911976895455599	2.170346425892552	2.172953154086082	-0.2	0	NaN	NaN	NaN	NaN	9	269.69641379123254	272.58379038153754	96065.94608485243	1.2272413224197998	1005.7905410992757	0.023590686664662377	0.008393075855723083	0.000916346229815493	115.27399086040916	584.8016156563768	0.00074667159023679	19.71164028523186	469.52762479596765	252.18543617109142	-0.9116948282838282	-0.0008293122548242561	0.00041903878376170316	0.9116953017712529	1.8301545676880283e-14	-5.2932871660962936e-15	0.9116953017712529	3.5299354173743187	151.94788159642877	180.05211840357094	0.026334625790592495	NaN	0.22336144462310942	0.35722531280922093	-23.81175435009012	-0.12178859051555034	6.782748265430683	0.14363402194507482	0	78.38878628911475	-11.8958007452462	26.908333675557873	67.00555551266929	102.18769995333558	143.319702157603	214.71903010118336	0.060389177793512334	1.0138816733379872	39.303813492110365	1.0156233737846498	5.375904017864398	1.0860400551485963	0.48613693129049573	1.0860400551485963	0.11926150876042996	1.0860400551485963	-0.012001792121205867	1.148925510687384	NaN	NaN	800000009	800000009	800000009	800000009	800000009	800000009	899999999	899999999	89999	89999	89	89	6	28	4	3	1	13	0	NaN	0	0	0	0	0	0	0	0	0	NaN	NaN	NaN	NaN	0	0	0	0	0	0	0	0	1761	0	0	0	18000	18000	18000	18000	100	NaN	0.444162934247631	0.22161687544497566	0.048670815925835186	0.21840386121707256	1.685354280203579	0.005831576667226607	6.8757330440256e-8	NaN	0.03184176796759276	0.011482081905602678	0.0028168409426082624	-0.000012001792121205867	NaN	429.595633649569	1.1996145865554126	96452.53924175347	11.359175299803418	-20.990376879480102	100.48635837957595	100.32315811136034	100.64948717117309	-0.3263370873505866	0.00026510800001334345	-1	0	2.1692032347387737	84.8002748559316	1.0000135876403915	-273.1499938964844	9.000094847838083	-273.1499938964844	001
DATA	2026-02-09T110000_AIU-0547.ghg	2026-02-09	11:30:00	40.479	1	18000	18000	0.0922394366766473	1	NaN	36.18027064033982	1	NaN	8.728630008791896	1	NaN	0.42824694397551444	1	NaN	0.19374452822627483	1	NaN	-0.0012502482456497165	1	NaN	NaN	NaN	NaN	NaN	NaN	NaN	NaN	NaN	NaN	4.8538981705106384e-11	1.4451461668297468e-13	2.671044070190669e-13	NaN	17.9831078432662	430.15981589010084	430.7114325209229	0.1	1	53.54092412830346	1.2807104459555871	1.2823527685416587	0.1	1	0.09895896428190268	2.17257005589823	2.1753560571242616	-0.2	0	NaN	NaN	NaN	NaN	9	270.23145346408427	273.153711968316	96056.47191536459	1.224522401588257	1005.8416950093117	0.023642342010078803	0.012554645429062608	0.0009761470594454337	123.05352593773095	609.5820989819822	0.0007971655383187192	20.18653863740971	486.52857304425123	252.93751267038795	-0.8283011059384432	-0.10532825104662238	0.012345744168862987	0.8350623808832729	-4.949490712821863e-14	2.69914311409092e-15	0.8350623808832729	4.0202257510229416	144.7530604089152	187.24693959108478	0.8471041479400265	NaN	0.27445740559298515	0.4631438033440916	-48.350508387282865	-0.05997868681692615	4.145011371073961	0.10702875868317298	0	80.03582857179907	-12.145745765973341	27.473709992991385	68.41342248355315	104.33478591500167	146.33102074754362	219.2305340830064	0.09089605879839575	1.0147792753174383	36.064821253720964	1.016168135861042	8.035651687829763	1.0862379739544548	0.39424781147769977	1.0862379739544548	0.17836287523713326	1.0862379739544548	-0.013353413029358328	1.1495043167377799	NaN	NaN	800000009	800000009	800000009	800000009	800000009	800000109	899999999	899999999	89999	89999	89	89	3	1	0	5	9	1	0	NaN	0	0	0	0	0	0	0	0	0	NaN	NaN	NaN	NaN	0	0	0	0	0	0	0	0	2051	0	0	0	18000	18000	18000	18000	100	NaN	0.45999388006971864	0.3965306135810971	0.06976311303736746	0.2569644892949413	0.08135721804467647	0.004620716449945682	4.245194614496806e-8	NaN	0.029281101839855345	0.009332897541248768	0.004222325124675703	-0.000013353413029358328	NaN	430.1598140874024	1.2806993210916393	96438.51061154513	11.380000114440918	-20.23213051854242	100.46064176919725	100.30133006519742	100.61996090126038	-0.31861723959280375	0.00026559221563608536	-1	0	2.171355429675844	84.81967536841498	1.0000265772541364	-273.1499938964844	9.000180065287484	-273.1499938964844	241
DATA	2026-02-09T113000_AIU-0547.ghg	2026-02-09	12:00:00	40.499	1	18000	18000	0.08385297247737449	0	NaN	53.8840778819013	0	NaN	11.48312610981421	0	NaN	-0.16961833417637112	0	NaN	0.2550327599940279	0	NaN	-0.0016854875753075074	0	NaN	NaN	NaN	NaN	NaN	NaN	NaN	NaN	NaN	NaN	1.3122902529619702e-11	3.941098560837564e-14	7.238928440104902e-14	NaN	17.807644435157027	427.09202092809204	427.640534925755	0.1	1	53.480304145289004	1.2826520239906782	1.284299333129727	0.1	1	0.09823151811268518	2.1626866920709755	2.165464229147371	-0.2	0	NaN	NaN	NaN	NaN	9	270.83457363213427	273.7667992062039	96034.6445609809	1.221501616143365	1005.851323637517	0.023700792344319908	0.01652612284761301	0.0009752159139891706	123.21207269053488	637.2743757090718	0.0007983746407706035	19.33422672980399	514.0623030185369	252.9523923389475	-0.9227355248718653	-0.054322914253685343	0.006637137802796025	0.9243570086669864	4.21822553330767e-14	7.369252332841733e-16	0.9243570086669864	3.969797710569105	148.63079475285485	183.36920524714512	0.41140300587184325	NaN	0.2620065860087376	0.41516327968039896	-28.239534434602028	-0.10269291112840079	4.692457207784955	0.167386492589457	0	78.24477997189256	-11.873947231027804	26.858900966893252	66.8824610786361	101.99997317464286	143.05641268126158	214.3245744879997	0.08271584086571794	1.0137474466771434	53.669144093244256	1.0155431343696686	10.573565148748376	1.0860221645462225	-0.15618312380138533	1.0860221645462225	0.23483200280777825	1.0860221645462225	-0.019546041785988674	1.1488455423695265	NaN	NaN	800000009	800000009	800000009	800000009	800000109	800010109	899999999	899999999	89999	89999	89	89	4	9	0	9	0	12	0	NaN	0	0	0	0	0	0	0	0	0	NaN	NaN	NaN	NaN	0	0	0	0	0	0	0	0	2009	0	0	0	18000	18000	18000	18000	100	NaN	0.47976256475330825	0.2832859996161475	0.06727799499134215	0.2697188817861465	1.273939855474224	0.005557069466549534	1.214068792280887e-7	NaN	0.043681428408093206	-0.003706419106094537	0.005572854484816464	-0.000019546041785988673	NaN	427.092006203307	1.282639804568724	96443.74429231772	11.380000114440918	-20.215769109937888	100.41624873076543	100.25927674569023	100.57324153179593	-0.3139509862172936	0.0002670870076318452	-1	0	2.16147157982323	84.87778910636901	1.0000501838657592	-273.1499938964844	9.000290028386646	-273.1499938964844	003
DATA	2026-02-09T120000_AIU-0547.ghg	2026-02-09	12:30:00	40.52	1	18000	18000	0.07839459474450552	0	NaN	59.349946549308704	0	NaN	9.300889369858934	0	NaN	0.5126423423850578	0	NaN	0.20674498885114415	0	NaN	-0.0014759842249712969	0	NaN	NaN	NaN	NaN	NaN	NaN	NaN	NaN	NaN	NaN	-7.314964639396016e-11	-2.381604506200225e-13	-4.0305500556604916e-13	NaN	17.680408433070127	425.86207541286996	426.45336185499616	0.1	1	57.56383314402054	1.3865207664309565	1.3884458754703615	0.1	1	0.09741916018324728	2.153908258166218	2.1568988432034106	-0.1	0	NaN	NaN	NaN	NaN	9	271.5367666286892	274.6759709540473	95966.1271124132	1.2165420502746307	1005.9200611142675	0.02379647997920048	0.01339707527755414	0.001049949600151595	133.09471979106007	680.3929760890838	0.0008630606725962099	19.5614482318868	547.2982562980237	253.84766429627234	-0.6542820394296673	0.16378876562873865	0.002959686967195914	0.6744779511691199	1.1456981189378941e-14	-4.137327860432127e-15	0.6744779511691199	3.550365222713482	166.0542305340417	165.9457694659583	0.2514212893532594	NaN	0.25385136157137966	0.4275298334919324	-23.307238436895915	-0.12442486517017952	6.381104450252036	0.1910514070546892	0	75.27915612848923	-11.423902371341336	25.840898268903164	64.34749042178781	98.13398297591161	137.6343064583072	206.20127132889812	0.0770613054948243	1.017301669639775	58.81826970947503	1.0177464359747155	8.55421914187266	1.087286778091918	0.47148770013068214	1.087286778091918	0.19014761608152855	1.087286778091918	-0.02082938590667067	1.1514173096833287	NaN	NaN	800000009	800000009	800000009	800000009	800000009	800000109	899999999	899999999	89999	89999	89	89	25	22	1	5	5	23	0	NaN	0	0	0	0	0	0	0	0	0	NaN	NaN	NaN	NaN	0	0	0	0	0	0	0	0	1405	0	0	0	18000	18000	18000	18000	100	NaN	0.5057286595647796	0.27977106769615256	0.06955993972293256	0.3023257482318921	0.07086178741948339	0.00595901998341706	1.3377599397155795e-7	NaN	0.04806419245785139	0.011235329813341405	0.00453112812763611	-0.00002082938590667067	NaN	425.8620839568534	1.3865064497298463	96359.99175217014	11.380000114440918	-19.322062105178855	100.33651800409953	100.17872877926295	100.49430631510418	-0.3155726571223803	0.0002676945844771883	-1	0	2.152604002038639	84.86668284840053	1.0000695524033574	-273.1499938964844	9.000361565563415	-273.1499938964844	145
DATA	2026-02-09T123000_AIU-0547.ghg	2026-02-09	13:00:00	40.541	1	18000	18000	0.12052696377294041	0	NaN	40.99155535901436	0	NaN	12.625208556076707	0	NaN	0.8788781924498937	1	NaN	0.28049770087300785	0	NaN	0.0003447353935170387	0	NaN	NaN	NaN	NaN	NaN	NaN	NaN	NaN	NaN	NaN	-9.944595349141089e-11	-3.3096580146506425e-13	-5.460780517443049e-13	NaN	17.606969301405513	424.89321745512655	425.4949038145693	0.3	0	58.597705604117515	1.4140859362794638	1.416088406980303	0.1	1	0.09668346630176092	2.132506508072191	2.135526325816082	-0.2	0	NaN	NaN	NaN	NaN	9	271.8559446012709	274.1427872856987	95903.76005750868	1.2181032630121988	1005.9270429879915	0.023765732773423722	0.01817625101657091	0.0010722088500823843	135.65253593250117	654.8033396285364	0.0008802282061300468	20.71653086092315	519.1508036960352	254.069666435991	-0.7814827850530006	0.34923969265647076	0.027403295704864446	0.8564079908994675	-2.5636054842166993e-14	-5.6481017141020634e-15	0.8564079908994675	3.894712568540735	176.07956436258735	155.92043563741265	1.8336601911701724	NaN	0.3145575074713129	0.4933724139500026	-64.17639623355355	-0.0451879533628874	3.24680223514284	0.10635153243413276	0	77.97583255011511	-11.833133422167283	26.766580020123172	66.65256886760693	101.64937304749645	142.5646910178717	213.58788583282293	0.11880273508081468	1.0145133753945381	41.013241096963405	1.0160054721251577	11.623643589325882	1.0861661800840634	0.8091562861788546	1.0861661800840634	0.2582456589205335	1.0861661800840634	-0.013418923243429247	1.149325592573805	NaN	NaN	800000009	800000009	800000009	800000009	800000009	801000109	899999999	899999999	89999	89999	89	89	10	7	0	9	3	12	0	NaN	0	0	0	0	0	0	0	0	0	NaN	NaN	NaN	NaN	0	0	0	0	0	0	0	0	401	0	0	0	18000	18000	18000	18000	100	NaN	0.4491363240679202	0.43979763504938635	0.09781086878269865	0.14526823719796111	0.17573899902838744	0.007567813185911488	3.576979137119235e-8	NaN	0.0334713709347783	0.019257431036265052	0.0061460907515927575	-0.000013418923243429247	NaN	424.8931847434709	1.4140772703813442	96278.84061414932	11.370276002989876	-19.105518630398592	100.2879416885376	100.13131446795994	100.4445569390191	-0.3132385494733849	0.00026809031254379083	-1	0	2.1312055832280055	84.8271520960066	1.000073729460438	-273.1499938964844	9.000379308197234	-273.1499938964844	032
DATA	2026-02-09T130000_AIU-0547.ghg	2026-02-09	13:30:00	40.562	1	18000	18000	0.12590161355650925	1	NaN	45.7168225278362	1	NaN	13.998255146534165	1	NaN	0.24929910555385254	2	NaN	0.3111042983690861	1	NaN	-0.0018141652394321223	1	NaN	NaN	NaN	NaN	NaN	NaN	NaN	NaN	NaN	NaN	-5.994992355269714e-11	-2.014345181640324e-13	-3.290899825981865e-13	NaN	17.567521930407512	424.19593436336936	424.801411450959	-0.1	0	59.02768687064495	1.4253179751016136	1.4273524061428937	0.1	1	0.09643541048537281	2.130446181533331	2.1334870790167004	-0.1	0	NaN	NaN	NaN	NaN	9	272.2332447187635	274.48577799818247	95854.10853949652	1.215946132640666	1005.9380366075342	0.0238077928327565	0.02015955853431678	0.0010788161057946834	136.6592314505447	671.1650342384833	0.0008872236004828784	20.361494487805206	534.5058027879386	254.15601520912486	-0.6949699692539952	0.38843498191464754	0.039130138583522475	0.7971174073406548	-1.2950431180111418e-14	-3.412542975052742e-15	0.7971174073406548	3.8903003754258108	181.2018465612872	150.7981534387128	2.813755166554921	NaN	0.3217795797447556	0.4511601932098706	-61.575972833853235	-0.04709629205250068	3.2658943596377616	0.11615341740083684	0	81.90551298238735	-12.429477588568734	28.115512148245372	70.01160059671831	106.77210837655834	149.7494001553574	224.35188934619617	0.12400601156071372	1.0152863717809957	45.716976984857745	1.01648072840595	12.884996818793793	1.0863995811094496	0.2294727555944601	1.0863995811094496	0.28636268255127745	1.0863995811094496	-0.017004874552289714	1.1498601891886884	NaN	NaN	800000009	800000009	800000009	800000009	800000009	801000109	899999999	899999999	89999	89999	89	89	8	8	1	1	2	3	0	NaN	0	0	0	0	0	0	0	0	0	NaN	NaN	NaN	NaN	0	0	0	0	0	0	0	0	0	0	0	0	18000	18000	18000	18000	100	NaN	0.4138417664388587	0.39796348959111455	0.09051513038976788	0.17965191906443487	0.10115306591938333	0.008622734533491992	3.2062399451485373e-8	NaN	0.03737592411352879	0.005471039889174515	0.006827397243522189	-0.000017004874552289713	NaN	424.19599843593477	1.4252938893352942	96244.59897309027	11.37305828889211	-19.01964842208219	100.27757056893242	100.11998889626398	100.43518813917373	-0.3151962987797128	0.00026836710714754495	-1	0	2.129127447022332	84.84270114919873	1.0000661450276773	-273.1499938964844	9.000348905218972	-273.1499938964844	015
DATA	2026-02-09T133000_AIU-0547.ghg	2026-02-09	14:00:00	40.583	1	18000	18000	0.07751940595445406	0	NaN	45.715764228740994	0	NaN	10.136571658006572	0	NaN	-0.2697146470354429	2	NaN	0.22545342125174223	0	NaN	-0.0020912169595944607	0	NaN	NaN	NaN	NaN	NaN	NaN	NaN	NaN	NaN	NaN	1.0237386488386517e-10	3.6873441265896757e-13	5.616142747392335e-13	NaN	17.54303099220813	424.9719323263722	425.6234262092251	0.1	1	63.18721322583813	1.5306814492221898	1.5330280267839258	0.1	1	0.09623956894265576	2.134163355427005	2.13743508766461	-0.1	0	NaN	NaN	NaN	NaN	9	272.7678250783285	275.2948313980102	95809.53423090276	1.2117605490716883	1006.0064932575195	0.023889075827537198	0.014609381697112895	0.0011546231585815398	146.69321505582872	711.201748925914	0.0009528476227965001	20.626104375779562	564.5085338700853	254.98690243571596	-0.736021995022581	0.2200285077901594	0.02113077115343544	0.7684968645914607	-1.1620870358761308e-14	5.835585933202494e-15	0.7684968645914607	3.195590703184925	168.6436586951378	163.3563413048622	1.5756168568088749	NaN	0.2529279437946951	0.3397351664039749	-29.89539844901831	-0.09700489541711489	4.50998283947724	0.1482694162772726	0	72.35953698850648	-10.980838902886223	24.83868749688729	61.85184389348927	94.32796455442212	132.29631150565325	198.20398217978678	0.07632107513702747	1.0157011784133687	45.508534198703074	1.0167384643124966	9.329114877956043	1.0865523461350535	-0.24822977741922672	1.0865523461350535	0.20749430255587464	1.0865523461350535	-0.01703460387235379	1.1501636379891016	NaN	NaN	800000009	800000009	800000009	800000009	800000009	800000109	899999999	899999999	89999	89999	89	89	26	22	7	2	3	10	0	NaN	0	0	0	0	0	0	0	0	0	NaN	NaN	NaN	NaN	0	0	0	0	0	0	0	0	1511	0	0	0	18000	18000	18000	18000	100	NaN	0.3833361330345216	0.21990151124555998	0.07623268852786824	0.18505169217503442	0.1869421234449379	0.006259528766626002	4.0038441731472635e-8	NaN	0.0373314839980201	-0.005939073243178201	0.004964448154583356	-0.000017034603872353787	NaN	424.9719343827071	1.5306637465036554	96204.8782560764	11.380000114440918	-18.18032385913529	100.19575641462536	100.03653513124254	100.35495629289416	-0.31843040914833515	0.00026930465183007374	-1	0	2.132751729733414	84.93826856274075	1.0000829201704926	-273.1499938964844	9.000450847599241	-273.1499938964844	059
DATA	2026-02-09T140000_AIU-0547.ghg	2026-02-09	14:30:00	40.604	1	18000	18000	0.1545522450503773	1	NaN	37.00036283016342	1	NaN	14.753857043712294	1	NaN	-0.4036755191623694	1	NaN	0.3281433030640054	1	NaN	0.004172684857163154	1	NaN	NaN	NaN	NaN	NaN	NaN	NaN	NaN	NaN	NaN	4.9118766946206784e-11	1.8383371432451792e-13	2.7011166669570775e-13	NaN	17.543186324046655	425.1469798128857	425.8245393922711	0.1	1	65.65777814757699	1.5911708149849897	1.5937066745331534	0.1	1	0.09647268430681831	2.13925175643557	2.1426610962383084	-0.2	0	NaN	NaN	NaN	NaN	9	273.048409918891	275.27601802402074	95765.19873242188	1.211254867826698	1006.0386180750847	0.023898502213172707	0.02126368603854755	0.0011997780581204146	152.4196633114387	710.2472663137263	0.000990524859787044	21.460084472062267	557.8276030022876	255.438570532737	-0.8280778887272496	0.2465782713369111	0.02486652503974825	0.8643680800226479	5.907114574580059e-15	2.7998771739019326e-15	0.8643680800226479	4.5926999853443204	168.58204910688232	163.41795089311768	1.6485378946126774	NaN	0.3572069427422363	0.533676299627265	-104.01452391403899	-0.027880721757633144	2.507843387701252	0.08500332307000483	0	83.31039834923287	-12.642674363069975	28.59776383265801	71.2124754781065	108.60351834132746	152.31797867115765	228.20008801915236	0.15235567828048835	1.0144173607093596	37.201070715946145	1.0159471582236297	13.583718478753568	1.0861427279127547	-0.3716597356759129	1.0861427279127547	0.30211803166477014	1.0861427279127547	-0.008757392692905226	1.149261921055343	NaN	NaN	800000009	800000009	800000009	800000009	800000009	800000109	899999999	899999999	89999	89999	89	89	15	12	0	1	0	2	0	NaN	0	0	0	0	0	0	0	0	0	NaN	NaN	NaN	NaN	0	0	0	0	0	0	0	0	1860	0	0	0	18000	18000	18000	18000	100	NaN	0.6830865164916156	0.2773658101258332	0.10690027263708125	0.1271816171898481	0.24017929971260896	0.007585168908152975	7.022281311744418e-8	NaN	0.030528484988024955	-0.008896270298318068	0.007231678370533272	-0.000008757392692905226	NaN	425.1469645737291	1.591137712074919	96153.3479908854	11.380000114440918	-17.7313230740759	100.19251415549385	100.03247422832914	100.35257474687364	-0.32008149814109005	0.0002695739491399662	-1	0	2.1377953786585047	84.76437121497261	1.0000909151335557	-273.1499938964844	9.000529487133026	-273.1499938964844	108
DATA	2026-02-09T143000_AIU-0547.ghg	2026-02-09	15:00:00	40.624	1	18000	18000	0.1077609981084973	0	NaN	27.36653370073546	0	NaN	9.376531630661761	0	NaN	-0.01379951937008006	2	NaN	0.20848976380782092	0	NaN	-0.003692453717898025	0	NaN	NaN	NaN	NaN	NaN	NaN	NaN	NaN	NaN	NaN	-9.740695292768759e-12	-3.6329278358225863e-14	-5.399176491831646e-14	NaN	17.531023621051617	424.8992446808199	425.5736601336929	0.1	1	65.38439175965469	1.58472085105351	1.5872361773192543	0.1	1	0.09717282777831598	2.1520163169893864	2.1554320751418934	-0.2	0	NaN	NaN	NaN	NaN	9	273.19724246470133	274.99609177822526	95756.59412890625	1.2123818535521431	1006.0309585262551	0.023876345309090198	0.013510136694746794	0.001196023505925674	151.78817599475434	696.1787467776493	0.0009865072645400118	21.803046516045622	544.3905707828949	255.38951420494476	-0.7248421501135937	0.2384515699798633	0.032631720653335146	0.763753967583723	9.2010257986052e-16	-5.55626157566289e-16	0.763753967583723	3.360415607827755	170.2096722250349	161.79032777496514	2.4487325123971173	NaN	0.29813371303494884	0.41799519578155747	-81.75675760737428	-0.03547107401111546	2.918620101621097	0.07525891113003258	0	76.79186373180566	-11.653461586207891	26.36016183797369	65.64053012920999	100.10595011563368	140.40001841051483	210.34481181200795	0.10608770090073091	1.015772772843217	27.413269785079535	1.0167830986362552	8.629393427876362	1.086580616474368	-0.012699949880254083	1.086580616474368	0.19187694005099076	1.086580616474368	-0.012785112536450913	1.150217493761168	NaN	NaN	800000009	800000009	800000009	800000009	800000009	801000109	899999999	899999999	89999	89999	89	89	28	35	1	2	8	11	0	NaN	0	0	0	0	0	0	0	0	0	NaN	NaN	NaN	NaN	0	0	0	0	0	0	0	0	449	0	0	0	18000	18000	18000	18000	100	NaN	0.4147099952437644	0.3299908149171004	0.09128958140225014	0.09998816886079025	0.111335287057255	0.0059830043335597	4.4062010864660945e-8	NaN	0.022475536501005686	-0.00030370981312497614	0.004588593668112395	-0.000012785112536450912	NaN	424.8992771767756	1.5847089935245835	96142.05284114584	11.380000114440918	-17.777728221893305	100.18355079947578	100.02319946628145	100.34394430414835	-0.32072193524820936	0.0002691165700638925	-1	0	2.150540990524822	84.62718201976354	1.0000806362761392	-273.1499938964844	9.000453284713958	-273.1499938964844	175
DATA	2026-02-09T150000_AIU-0547.ghg	2026-02-09	15:30:00	40.645	1	18000	18000	0.12210886031784939	0	NaN	22.783195061963138	0	NaN	10.008022660020782	0	NaN	0.11272615416610862	0	NaN	0.22255357292610942	0	NaN	-0.0024360164902703235	0	NaN	NaN	NaN	NaN	NaN	NaN	NaN	NaN	NaN	NaN	1.4832482264496354e-12	5.600387309264753e-15	8.157858742490419e-15	NaN	17.532541593680612	424.76583612130855	425.4481755537525	0.1	1	66.19864543875752	1.6038132765660746	1.6063896255749097	0.1	1	0.09642890189758868	2.1366201520987564	2.140052396544882	-0.1	0	NaN	NaN	NaN	NaN	9	273.377106215583	275.10223447163906	95735.23046267361	1.2116349449557342	1006.0427775047399	0.023890891225137517	0.014421471525611889	0.0012096960078447207	153.58261951535613	701.4839536849468	0.000998399734904407	21.893960468885332	547.9013341695907	255.52843979687867	-0.7673799040918866	0.3511300536896532	0.03966758743396727	0.8448300120740314	-6.1950582162469726e-15	8.459972665824183e-17	0.8448300120740314	3.448526209515816	176.58741305329983	155.41258694670017	2.691217456269161	NaN	0.3174590364322684	0.39425346422324187	-118.54723074761287	-0.024462823650213322	2.2764931531355894	0.05887605424704046	0	80.63402658763447	-12.23652462273908	27.679052014167578	68.92475315028645	105.11459744479643	147.42471750596255	220.86909112476104	0.12034510504523571	1.0146558123153469	22.951924253499687	1.0160926448633216	9.21376661663529	1.0862031866480617	0.10377998845130693	1.0862031866480617	0.204891290747261	1.0862031866480617	-0.010140590266647657	1.1494202208525093	NaN	NaN	800000009	800000009	800000009	800000009	800000009	800000109	899999999	899999999	89999	89999	89	89	8	14	3	3	4	1	0	NaN	0	0	0	0	0	0	0	0	0	NaN	NaN	NaN	NaN	0	0	0	0	0	0	0	0	2507	0	0	0	18000	18000	18000	18000	100	NaN	0.3632090359656928	0.333682894480639	0.09161499800015191	0.08325880099157221	0.1606855211127681	0.005924219122792763	1.5707212162315188e-7	NaN	0.01882915645187012	0.0024833803621968236	0.004902900987174855	-0.000010140590266647657	NaN	424.7658357798258	1.6038072808489972	96122.74425195312	11.370276558558146	-17.63860613849428	100.19917580329047	100.03803781869678	100.36031329621208	-0.3222720341831447	0.0002692382822117199	-1	0	2.135140530970362	84.54685344780815	1.0000781432506112	-273.1499938964844	9.00042356636789	-273.1499938964844	175
DATA	2026-02-09T153000_AIU-0547.ghg	2026-02-09	16:00:00	40.666	1	18000	18000	0.08016582188435652	0	NaN	18.39598832147285	0	NaN	14.480572419436143	0	NaN	0.3864999912817432	0	NaN	0.32188434748038885	0	NaN	-0.0021048837430970675	0	NaN	NaN	NaN	NaN	NaN	NaN	NaN	NaN	NaN	NaN	-1.874371398685536e-11	-7.289638863961474e-14	-1.0232349053419066e-13	NaN	17.597225219896366	425.3586518950688	426.06347468874753	0.3	0	68.43756629598502	1.6542671117106398	1.6570082459557576	0.1	1	0.09606471318751572	2.1245365708870714	2.1280569455038663	0	0	NaN	NaN	NaN	NaN	9	273.53417317708335	274.6847399868435	95726.82383506944	1.2133467942939034	1006.0636122800742	0.02385672935503763	0.020858105716729195	0.0012495381667851884	158.40021416530277	680.821135451391	0.0010298277233363824	23.26605416858598	522.4209212860883	255.89436322009502	-0.679253192355178	0.4618680303128944	-0.005776362179196043	0.8214257989069047	1.9063784927036497e-14	-1.0651516788943926e-15	0.8214257989069047	4.25396128224122	186.21430968760055	145.78569031239945	-0.4029139357645129	NaN	0.25704085147812494	0.3860385400253035	-77.92911821935043	-0.03721330442668741	1.2703909616709177	0.05862874332242014	0	68.17671723239957	-10.346079867475101	23.402860830469447	58.276432477708354	88.87523655045135	124.64878294955128	186.74659084058624	0.07898450635259675	1.0149562944216708	18.860663546352328	1.016276921061592	13.33029293458775	1.0862906382097421	0.35579795837945666	1.0862906382097421	0.2963151261349995	1.0862906382097421	-0.00869371613849397	1.1496261146367655	NaN	NaN	800000009	800000009	800000009	800000009	800000009	810000109	899999999	899999999	89999	89999	89	89	51	15	1	0	7	10	0	NaN	0	0	0	0	0	0	0	0	0	NaN	NaN	NaN	NaN	0	0	0	0	0	0	0	0	4615	0	0	0	18000	18000	18000	18000	100	NaN	0.3721648322695858	0.30854276934229524	0.09136947843872598	0.025342147561969404	0.05405493420792583	0.005829125276807749	1.557250600190642e-8	NaN	0.015450643757709305	0.008502244354127258	0.007080826488433468	-0.000008693716138493971	NaN	425.35877758580835	1.6542554743436062	96114.64537369792	11.37305828889211	-17.271724892351365	100.25779593467712	100.09668053775364	100.41896512730916	-0.32227849953207716	0.00026882883697463617	-1	0	2.123014002674156	84.38726380655501	1.00006875211166	-273.1499938964844	9.000364431725608	-273.1499938964844	042
DATA	2026-02-09T160000_AIU-0547.ghg	2026-02-09	16:30:00	40.687	1	18000	18000	0.08429546271685766	1	NaN	16.527830223960162	1	NaN	8.63775322928663	1	NaN	0.17066174550677107	1	NaN	0.1919889597485741	1	NaN	-0.0002281625452103801	1	NaN	NaN	NaN	NaN	NaN	NaN	NaN	NaN	NaN	NaN	8.173546532387518e-11	3.2266530823310427e-13	4.4560306811607713e-13	NaN	17.628413013141742	425.84803535115356	426.56513868622585	0.1	1	69.59130037379676	1.6811109723615292	1.6839418655084541	0.1	1	0.09610607700766083	2.124555271027144	2.128132898593613	-0.1	0	NaN	NaN	NaN	NaN	9	273.58460175238713	274.590953016493	95733.19179427084	1.213829628099745	1006.0766234079404	0.023846997479047245	0.0124408845917076	0.0012703326809850254	160.9812890913299	676.2542103916583	0.0010465494098819586	23.804848327391003	515.2729213003283	256.08633610712445	-0.8801523035220207	0.2526963138565438	0.0002531200526254185	0.9157093253328853	2.472698674451218e-14	4.63657535496488e-15	0.9157093253328853	3.2641214340787603	168.01904835782392	163.98095164217608	0.01583767960971763	NaN	0.2635258558925877	0.2920090139893379	-93.47427829781404	-0.031024577592997777	1.9134408896889905	0.05135749334488542	0	81.34883639098994	-12.344999768152142	27.92442308844737	69.53576181909123	106.04642421705422	148.73161780339026	222.82706591872233	0.08314483855689175	1.013838792400548	16.73010230795952	1.0155976133524087	7.953482328977568	1.0860341259344983	0.15714215735156756	1.0860341259344983	0.17677985908902596	1.0860341259344983	-0.00597469214952741	1.1489001078797523	NaN	NaN	800000009	800000009	800000009	800000009	800000009	800000109	899999999	899999999	89999	89999	89	89	1	22	1	3	12	7	0	NaN	0	0	0	0	0	0	0	0	0	NaN	NaN	NaN	NaN	0	0	0	0	0	0	0	0	9021	0	0	0	18000	18000	18000	18000	100	NaN	0.3891148656302844	0.13315057482456286	0.06175258752382854	0.015427052540088653	0.019661932383491804	0.004895630541182452	5.204616284901485e-9	NaN	0.013699660500425136	0.0037536806766727718	0.00422276970274007	-0.00000597469214952741	NaN	425.8482422666806	1.6810962930309272	96122.16528038195	11.380000114440918	-17.07689788519011	100.26413876385159	100.10293701657542	100.42535677952236	-0.32241990990853975	0.0002686620405357744	-1	0	2.1230092440181303	84.25596311420864	1.0000721926722262	-273.1499938964844	9.000388473192851	-273.1499938964844	086
DATA	2026-02-09T163000_AIU-0547.ghg	2026-02-09	17:00:00	40.708	1	18000	18000	0.08987687859413057	1	NaN	7.857020471328594	0	NaN	11.206098340783003	1	NaN	0.11507084259054473	0	NaN	0.24905773854001154	1	NaN	-0.0013399659872477287	0	NaN	NaN	NaN	NaN	NaN	NaN	NaN	NaN	NaN	NaN	8.175625541885881e-11	3.276473179058553e-13	4.451799153107028e-13	NaN	17.63678332738459	425.86722362492543	426.59529826863604	0	0	70.68137751782724	1.7067104271085956	1.7096282674992163	0.1	1	0.09603597507998347	2.122340044465595	2.125968456998859	0	0	NaN	NaN	NaN	NaN	9	273.56004126315645	274.5185387827555	95717.4717046441	1.2139386890653472	1006.0892866713473	0.02384462408788314	0.016138941457392746	0.0012898052957385747	163.40582714384078	672.746603755724	0.0010624962424845687	24.28935742396908	509.3407766118832	256.2641764992591	-0.6159430236607728	0.4269639382243867	0.04714108712271123	0.7509369447800082	-1.3078056251453941e-14	4.635553655179063e-15	0.7509369447800082	3.597658923660586	186.72921198922268	145.27078801077732	3.599187049295292	NaN	0.2720981656990888	0.2887808881927952	-216.4250670851975	-0.013399556895405241	0.701137919050209	0.02364280461798588	0	79.08322857463249	-12.001185041249	27.1467132400559	67.59915433356421	103.09297560903543	144.58936413653666	216.6212151083305	0.08846403748853723	1.0159707961076998	8.310617083104342	1.0169068648244648	10.312412836897	1.0866611449736054	0.1058939515071552	1.0866611449736054	0.22919540253375031	1.0866611449736054	-0.004443102373488126	1.1503664023557174	NaN	NaN	800000009	800000009	800000009	800000009	800000009	801000109	899999999	899999999	89999	89999	89	89	22	23	1	4	17	15	0	NaN	0	0	0	0	0	0	0	0	0	NaN	NaN	NaN	NaN	0	0	0	0	0	0	0	0	11968	0	0	0	18000	18000	18000	18000	100	NaN	0.2644650071528098	0.24244430591573	0.07065246331705054	0.011077514875760051	0.01914395677574137	0.006580636380730526	3.813755197094529e-9	NaN	0.006804559172054937	0.0025293194406716827	0.0054744239788050205	-0.0000044431023734881255	NaN	425.86736056518555	1.7067034995233357	96106.66285091147	11.380000114440918	-16.90178447593582	100.2671045366923	100.10547847663031	100.42877629068163	-0.32327264454132976	0.00026857808146612817	-1	0	2.1207709757884343	84.210045141432	1.00005567003621	-273.1499938964844	9.000286266247432	-273.1499938964844	143
DATA	2026-02-09T170000_AIU-0547.ghg	2026-02-09	17:30:00	40.729	0	18000	18000	0.08449182893453978	1	NaN	4.018942764433763	1	NaN	11.877595327204228	1	NaN	-0.1321080593675969	1	NaN	0.2638973065727365	1	NaN	-0.0007698261701386236	1	NaN	NaN	NaN	NaN	NaN	NaN	NaN	NaN	NaN	NaN	-9.427450617769169e-11	-3.905870219620517e-13	-5.134280830045793e-13	NaN	17.65613571850384	425.84183736201976	426.5944770196635	0.2	0	73.15082039941883	1.7642977070447723	1.7674159549615052	0.1	1	0.09615702359802132	2.1218079772856084	2.1255580945580275	0.1	0	NaN	NaN	NaN	NaN	9	273.44306765407987	274.1808574523926	95685.82452235243	1.215005441497884	1006.1152585430997	0.02382316983981976	0.017100545465913327	0.0013345262380884695	168.86356451821143	656.601800159598	0.0010983705854380682	25.717804075037	487.7382356413866	256.65602831019146	-0.6738674276498604	0.2651454515701366	0.016628130513375576	0.7243451630680852	-3.064856004082071e-15	-5.339475618036334e-15	0.7243451630680852	3.4985930542894517	173.47806350277477	158.52193649722523	1.3154024433266245	NaN	0.26370492696013675	0.23551846174060243	-385.0620520560024	-0.007531253688894359	0.33836333480977	0.012467162458314933	0	85.93865659957127	-13.041522692444053	29.49995983968388	73.45907110015321	112.02971841661494	157.12327299275205	235.39929455217222	0.08312827990628263	1.016402950112698	4.567539817003307	1.0171781532122937	10.928461949382925	1.0868496758480175	-0.12155136290077946	1.0868496758480175	0.24280938977768923	1.0868496758480175	-0.0027449122745105466	1.1506992307608412	NaN	NaN	800000009	800000009	800000009	800000009	800000009	800010109	899999999	899999999	89999	89999	89	89	8	18	3	14	8	3	0	NaN	0	0	0	0	0	0	0	0	0	NaN	NaN	NaN	NaN	0	0	0	0	0	0	0	0	17602	0	0	0	18000	18000	18000	18000	100	NaN	0.3035966475070288	0.11353240940477427	0.05390786656940175	0.0033532514499399354	0.016820489714943442	0.00857807317837303	3.963158374093217e-9	NaN	0.0037364259832542105	-0.00290085811280696	0.0057947156773328155	-0.0000027449122745105466	NaN	425.84201325610877	1.7642891325283776	96075.60712803819	11.380000114440918	-16.512508930736065	100.30216202375624	100.13914845424229	100.46516301875644	-0.32601802418380954	0.00026838077479139134	-1	0	2.120187215242121	84.11025044971043	1.0000482650995255	-273.1499938964844	9.000244270563126	-273.1499938964844	164
DATA	2026-02-09T173000_AIU-0547.ghg	2026-02-09	18:00:00	40.749	0	18000	18000	0.054472060589983676	1	NaN	1.4039678213428108	1	NaN	6.10743810456119	1	NaN	0.09466700320614722	1	NaN	0.13566856430723886	1	NaN	-0.00037775460915908635	1	NaN	NaN	NaN	NaN	NaN	NaN	NaN	NaN	NaN	NaN	-2.80710283686532e-11	-1.1941047272006177e-13	-1.5282950653557412e-13	NaN	17.66535213431019	425.7929806392502	426.5656050520941	0.1	1	75.1460908884949	1.8112674901427703	1.8145541330530734	0.1	1	0.09617699123836226	2.1202715287220046	2.124118876187642	0	0	NaN	NaN	NaN	NaN	9	273.36112089708115	273.97147018347846	95669.90592621527	1.2157101364410894	1006.1374442605758	0.023808937419277656	0.008791322967109078	0.001370873473134423	173.33027193158304	646.7640847322983	0.001127631852398273	26.799613030974974	473.43381280071526	256.9683938976377	-0.6149390912242705	0.08457568240500514	0.010331660104518357	0.620813881264328	4.518700812225119e-14	-1.5890443708808264e-15	0.620813881264328	3.7924497679800906	159.8310477970588	172.16895220294114	0.9535673501236104	NaN	0.21167612822322343	0.2361655455616526	-570.0285032836962	-0.005087464895692602	0.22987835444362376	0.005422479527336932	0	81.41871781357638	-12.355604543633888	27.948411119461692	69.59549540806593	106.13752170920364	148.85938333141488	223.01848196163067	0.053486705771670855	1.018422424864212	1.694709636908476	1.0184613158206628	5.613965176536904	1.087900959928771	0.08701803444712966	1.087900959928771	0.1247067235937742	1.087900959928771	-0.001184175447922585	1.1523520719073646	NaN	NaN	800000009	800000009	800000009	800000009	800000009	810100009	899999999	899999999	89999	89999	89	89	12	34	4	41	14	3	0	NaN	0	0	0	0	0	0	0	0	0	NaN	NaN	NaN	NaN	0	0	0	0	0	0	0	0	18000	0	0	0	18000	18000	18000	18000	100	NaN	0.30284343016155746	0.12973005938130544	0.039757601580442274	0.00791891221495272	0.01986667238924634	0.005801989740189069	2.2802663469409733e-9	NaN	0.001385504527583901	0.002075567352590918	0.0029745236810316757	-0.0000011841754479225851	NaN	425.7930249879625	1.8112616590164945	96060.25645789932	11.360553002675374	-16.1947837544812	100.3111248758104	100.14666507339477	100.47561313459609	-0.3288822989356187	0.0002680339294391969	-1	0	2.1186060207221242	83.87725142881605	1.0000523045559724	-273.1499938964844	9.000268150462045	-273.1499938964844	153
DATA	2026-02-09T180000_AIU-0547.ghg	2026-02-09	18:30:00	40.77	0	18000	18000	0.09496004727962154	1	NaN	-6.973749829319023	1	NaN	19.70900162039731	1	NaN	1.017039203932945	1	NaN	0.43775018036764196	1	NaN	-0.0009229893686969085	2	NaN	NaN	NaN	NaN	NaN	NaN	NaN	NaN	NaN	NaN	1.0244525198977576e-10	4.615612451201451e-13	5.567251789136207e-13	NaN	17.6799578385998	425.7661291804329	426.58443117849157	0.3	0	79.65604257062316	1.918265033250326	1.9219518462726215	0.1	1	0.09607939362443156	2.1168340726186328	2.1209025257727547	0	1	NaN	NaN	NaN	NaN	9	273.2873108215332	273.8296039937337	95676.79700651042	1.2163783375641457	1006.1928431974276	0.023794894883960083	0.028366211687823197	0.0014527123006851583	183.5826850972038	640.173156639853	0.0011942931371124895	28.67703576650954	456.5904715426492	257.6590194448643	-0.745323053677408	0.1389261919590851	0.026532766009793818	0.7586243660912795	-4.104444012716828e-14	5.794428523246361e-15	0.7586243660912795	3.243229827583898	162.55860783140247	169.4413921685975	2.004319503994311	NaN	0.2794062538117541	0.2636064123754856	263.9421460447314	0.010987256273609766	-0.35383577329973553	-0.02039296341567218	0	83.47236736276965	-12.667253785754633	28.653362553695402	71.35092415478128	108.8146613088431	152.61410968527022	228.64374624042895	0.09404471637131047	1.009732932839067	-5.874367813259178	1.0133818285387075	18.00977530461027	1.094350222978743	0.9293544082849795	1.094350222978743	0.4000092211578459	1.094350222978743	0.00006604873100868994	1.1719291588868361	NaN	NaN	800000009	800000009	800000009	800000009	800000009	800101109	899999999	899999999	89999	89999	89	89	20	26	8	11	11	1	0	NaN	0	0	0	0	0	0	0	0	0	NaN	NaN	NaN	NaN	0	0	0	0	0	0	0	0	17701	0	0	0	18000	18000	18000	18000	100	NaN	0.30985910825064567	0.1522654843375723	0.06508823216275324	0.0133569827235221	0.34611258982935417	0.041972487045595024	5.6158879426056624e-9	NaN	-0.004799668406858428	0.022156403710258527	0.00953647576510082	6.604873100868994e-8	NaN	425.7658477908685	1.9182193436565258	96066.57280381945	11.366116463343303	-15.551716681268417	100.31377281358508	100.14851100243462	100.47905584398906	-0.3305816948372456	0.0002680480920858422	-1	0	2.1150718759430776	83.88167488119338	1.0000620366036892	-273.1499938964844	9.000355284028583	-273.1499938964844	089
DATA	2026-02-09T183000_AIU-0547.ghg	2026-02-09	19:00:00	40.791	0	18000	18000	0.05117895873226984	1	NaN	-20.872312212636643	1	NaN	7.852769518640494	2	NaN	1.0041010481543453	2	NaN	0.17431739173368624	2	NaN	0.0011890220339804516	2	NaN	NaN	NaN	NaN	NaN	NaN	NaN	NaN	NaN	NaN	9.439837400240008e-12	5.069354639661792e-14	5.1093841662596204e-14	NaN	17.780930483040887	427.12644199609457	428.10841235937534	0.1	1	95.48664730116575	2.2937422739930704	2.299015623316843	0.1	1	0.09624064570127264	2.1149657407373925	2.1198280800181277	0	1	NaN	NaN	NaN	NaN	9	272.69214959716805	273.2375266774494	95688.71559440104	1.2189927355400343	1006.3863088788797	0.023740487921537497	0.011295766984342868	0.0017410441024699854	219.54412669841184	613.3038244600251	0.0014282645431013775	35.79696032251331	393.75969776161327	259.83631093449355	-0.298220838789658	0.13488155103485908	0.05341991342877066	0.3316359278616748	-1.50159496126727e-14	5.308967047165246e-16	0.3316359278616748	2.5947044141705295	176.33664392538918	155.66335607461076	9.269588510831055	NaN	0.20490151244298077	0.1629877279764477	34.78500588660569	0.08336925425436463	-2.657955535698716	-0.08303468853323767	0	79.5900019114595	-12.078089850256546	27.320672127426896	68.03233655975488	103.75360583613235	145.5159074233224	218.00934579022814	0.05040953072155746	1.015263542423404	-20.099837534162933	1.01932700774802	6.990396830932942	1.1233653408475324	0.893833031555694	1.1233653408475324	0.1551742655707813	1.1233653408475324	0.006724536818603944	1.2263490056665096	NaN	NaN	800000009	800000009	800000009	800000009	800001009	810101009	899999999	899999999	89999	89999	89	89	10	6	2	0	1	0	0	NaN	0	0	0	0	0	0	0	0	0	NaN	NaN	NaN	NaN	0	0	0	0	0	0	0	0	15107	0	0	0	18000	18000	18000	18000	100	NaN	0.12796673706263684	0.1585783265746611	0.03943039231559745	0.19058313020323933	0.8918077981486837	0.1114408696878536	3.203532067870526e-8	NaN	-0.01638425541806825	0.021268830591482997	0.0036923844275910445	0.000006724536818603944	NaN	427.1261583454669	2.2936314652844247	96074.63997200521	11.380000114440918	-13.429891038735658	100.3447270204756	100.17681903584798	100.51263929049173	-0.3358279071905543	0.000267099236408184	-1	0	2.1128549659583302	83.74893659909561	1.0000570550908645	-273.1499938964844	9.000342569589614	-273.1499938964844	144
DATA	2026-02-09T190000_AIU-0547.ghg	2026-02-09	19:30:00	40.812	0	18000	18000	0.012153606462984832	1	NaN	3.343755232549169	2	NaN	-5.551444715793538	2	NaN	2.412092290607393	1	NaN	-0.12309779861737644	2	NaN	-0.00009978814764758086	1	NaN	NaN	NaN	NaN	NaN	NaN	NaN	NaN	NaN	NaN	-1.8640595892500623e-10	-1.2375920445994155e-12	-1.0040674184976232e-12	NaN	17.94880849569801	427.4379503866164	428.65441111627104	0.1	1	119.16626878463144	2.837858886105556	2.8459352487404748	0.1	1	0.09668045976273827	2.1139171333767077	2.119933204659501	0.2	0	NaN	NaN	NaN	NaN	9	271.59853002929685	272.08660960896816	95716.27941927084	1.2242495024180367	1006.6639618774878	0.023633681605822222	-0.007976737350405992	0.002163785518343399	271.7021557776486	563.9177435078138	0.001767438348204078	48.181168070283256	292.2155877301652	262.4861928519463	0.23054413821616285	-0.11596644016247798	0.05218062887144275	0.26329001678608005	1.1962869415750434e-14	-1.0385422462426083e-14	0.26329001678608005	1.3303956764972606	358.7029391550526	333.2970608449474	11.430953123745384	NaN	0.09963630576618182	0.1059133731440267	-24.972682314758035	-0.11612689271613387	-0.6023216304462835	0.02723092567061046	1	2.5797954078468233	1	2	4	6	11	31	0.011729798970122088	1.0361308402592626	2.967845069660548	1.030085832121377	-5.0420547325717004	1.1010282534085112	2.1907633007056377	1.1010282534085112	-0.11180257930375183	1.1010282534085112	-0.0007772450888684086	1.1691391856998006	NaN	NaN	800000009	800000009	800000009	800000009	800000009	800110009	899999999	899999999	89999	89999	89	89	0	3	2	16	7	0	0	NaN	0	0	3025	0	0	0	0	0	0	NaN	NaN	NaN	NaN	0	0	0	0	0	0	0	0	15910	0	0	0	18000	18000	18000	18000	100	NaN	0.10238381237546652	0.10017491410863447	0.009268019803952402	0.11829453667443009	6.248038979540821	0.0943708626488561	6.929129171161505e-9	NaN	0.002408167928328854	0.051923192541208904	-0.0026498284182150875	-7.772450888684086e-7	NaN	427.4380526599623	2.8377651224480833	96102.15015039062	11.380000114440918	-10.73759808550948	100.393676566018	100.21634009721544	100.57100593439738	-0.3546568044357821	0.00026475947114199195	-1	0	2.111305302474233	83.05640879779394	1.0000461947205994	-273.1499938964844	9.000301557620366	-273.1499938964844	228
DATA	2026-02-09T193000_AIU-0547.ghg	2026-02-09	20:00:00	40.833	0	18000	18000	0.002989106415808511	1	NaN	-0.7689711979974637	1	NaN	0.04711350304189596	2	NaN	0.051789273863181835	2	NaN	0.0010440815744315883	2	NaN	-0.0005131171380091278	2	NaN	NaN	NaN	NaN	NaN	NaN	NaN	NaN	NaN	NaN	4.689228102065583e-11	3.590305768731993e-13	2.5145879648275734e-13	NaN	18.07794985910372	424.518000457757	425.90231950059035	0.3	0	138.41375649309384	3.250320506487358	3.2609195401386764	0.1	1	0.09694259727829033	2.11398967087783	2.120883221103247	0	0	NaN	NaN	NaN	NaN	9	271.0490232009887	271.4658385162353	95732.82249392361	1.227069501882011	1006.8788227965251	0.023575686192342602	0.00006765648602316692	0.0024843720794633403	311.2458221040126	538.7726425018084	0.0020246384378822457	57.76941840601491	227.5268203977958	264.2078220131393	0.46999518021816405	-0.007958912634307754	0.05377128320004503	0.4731280636525462	2.9953808189221563e-14	2.5938937427156175e-15	0.4731280636525462	0.9507258088639723	332.97015574044525	359.02984425955447	6.525799223515016	NaN	0.04935556266288842	0.038673545441085845	13.201507644482572	0.21967187976534058	-16.321673158407506	-0.012610363265913575	1	19.25709020494676	8	18	39	75	170	808	0.0029477452751145152	1.0140314500859946	-0.7496848442755061	1.0237243834512615	0.04029797642193149	1.169128259657605	0.04429734157512284	1.169128259657605	0.0008930427998869533	1.169128259657605	-0.0002138529933342506	1.3107452285999384	NaN	NaN	800000009	800000009	800000009	800000009	800000009	800000009	899999999	899999999	89999	89999	89	89	0	1	0	3	1	0	0	NaN	0	0	18000	0	0	0	0	0	0	NaN	NaN	NaN	NaN	0	0	0	0	0	0	0	0	18000	0	0	0	18000	18000	18000	18000	100	NaN	0.014167897677849869	0.05770353411514598	0.005475659089175839	0.04769876680480715	0.6129631254584569	0.019130195301170664	1.937681268309073e-8	NaN	-0.000606781543609175	0.0010477466500450091	0.000021122770998380752	-2.138529933342506e-7	NaN	424.51789100605845	3.250301304509392	96119.9554329427	11.380000114440918	-8.95809363873807	100.40658572896322	100.22307174619039	100.59008323648241	-0.36701051801939766	0.0002612902262141384	-1	0	2.110987619015906	82.71967950736156	1.000034728737341	-273.1499938964844	9.000199948655235	-273.1499938964844	252
DATA	2026-02-09T200000_AIU-0547.ghg	2026-02-09	20:30:00	40.854	0	18000	18000	0.0016563852150039975	1	NaN	-1.1372754880566065	0	NaN	1.2899542710581444	0	NaN	0.5781913083507123	0	NaN	0.02857187597845693	0	NaN	-0.001808645359352898	0	NaN	NaN	NaN	NaN	NaN	NaN	NaN	NaN	NaN	NaN	-4.286418707266237e-11	-3.36210022872256e-13	-2.293694729284966e-13	NaN	18.18342000615042	426.1217429048667	427.55076005860315	0.1	0	142.62367896538655	3.3423333256163	3.3535419807373716	0.1	1	0.09730084127754697	2.1165835301850153	2.1236815819092283	0.2	0	NaN	NaN	NaN	NaN	9	270.5089501936171	270.9192848392063	95721.19379427083	1.2293528169540335	1006.9217719153494	0.023531078592627982	0.001851457563404009	0.0025595447026566407	320.01795439508595	517.4626283252865	0.0020820261420138302	61.84368433152178	197.4446739302005	264.5631638331648	0.6153377424425142	0.17855175064055331	0.08193690117659479	0.6459372420796875	-2.1184151347117846e-14	-2.35732260807724e-15	0.6459372420796875	1.497891634934989	315.8189256055182	16.181074394481815	7.287582241574745	NaN	0.03670645150391092	0.05494635078022822	3.6715761339463597	0.7898515226709902	-0.8816401585489568	-0.025029432591301155	1	59.4755066841635	26	58	128	258	621	3381	0.001620527537968245	1.0221271630352604	-1.0366286982542476	1.0438324692304817	0.9737695882461498	1.3247017432342212	0.4364690476960307	1.3247017432342212	0.02156853504902886	1.3247017432342212	-0.0010286051253654406	1.5938818946782067	NaN	NaN	800000009	800000009	800000009	800000009	800000009	810100009	899999999	899999999	89999	89999	89	89	4	1	0	3	9	0	0	NaN	0	0	18000	0	0	0	0	0	0	NaN	NaN	NaN	NaN	0	0	0	0	0	0	0	0	18000	0	0	0	18000	18000	18000	18000	100	NaN	0.03559804206693798	0.0679026481062084	0.006392011387310066	0.017411038576282564	1.427036486444907	0.008558114930179132	9.023233919126825e-9	NaN	-0.0008374347063552462	0.010305039580734476	0.0005092333776059478	-0.0000010286051253654406	NaN	426.12194450866326	3.342324547399658	96108.63453146702	11.360553002675374	-8.59704143105612	100.42782835642497	100.23926119528876	100.61639187431335	-0.3771165172234183	0.00026031460370803765	-1	0	2.1134905415640937	82.2057393006219	1.0000106874224213	-273.1499938964844	9.000094641976887	-273.1499938964844	081
DATA	2026-02-09T203000_AIU-0547.ghg	2026-02-09	21:00:00	40.874	0	18000	18000	0.0027862426277161082	1	NaN	-2.0500146088107467	0	NaN	1.7929983284869784	0	NaN	0.19393411336678437	1	NaN	0.03970316924811713	0	NaN	-0.0003896825438486658	2	NaN	NaN	NaN	NaN	NaN	NaN	NaN	NaN	NaN	NaN	4.912515196005989e-11	3.876433173556182e-13	2.6154470842306603e-13	NaN	18.30564529188959	428.32374046575205	429.7763304139711	0.2	0	144.44863342209362	3.379874240212092	3.391336531193764	0.1	1	0.09746014962469537	2.1172521496260015	2.1244324641867767	0	1	NaN	NaN	NaN	NaN	9	270.23414652167423	270.6292128211127	95737.66459592014	1.2308647574220675	1006.9385435448545	0.02350184000091658	0.0025727653672779896	0.00259151346659622	323.66806363513444	506.4594886844995	0.0021054412769311113	63.90798689068781	182.79142504936505	264.70847419435466	0.7240326017199145	0.28057227357491377	0.10081844819996835	0.783012368069476	-6.368735459778549e-14	2.683606678526926e-15	0.783012368069476	1.5027268374740144	310.8179872132416	21.182012786758392	7.397779214511037	NaN	0.04757779357203375	0.05840673522065181	4.436100333664726	0.6537273239724649	-1.1433444059820466	-0.034764769655639995	1	51.3979402685014	23	50	110	222	533	2893	0.002732674255248662	1.0196029118233016	-1.8984627091896167	1.0389503098748811	1.3857390692152272	1.2938931782463134	0.14988417639672097	1.2938931782463134	0.0306850441100007	1.2938931782463134	0.0001233619662788781	1.5335168762821154	NaN	NaN	800000009	800000009	800000009	800000009	800000009	800001109	899999999	899999999	89999	89999	89	89	0	1	0	3	3	0	0	NaN	0	0	18000	0	0	0	0	0	0	NaN	NaN	NaN	NaN	0	0	0	0	0	0	0	0	18000	0	0	0	18000	18000	18000	18000	100	NaN	0.05767369534967214	0.05330521834787229	0.005834556743759196	0.02151332287577541	2.0770327765472323	0.012690189436029543	7.951089611296409e-9	NaN	-0.0015317531030658086	0.003534503313481514	0.0007236013346335911	1.2336196627887808e-7	NaN	428.3237047938322	3.3798613825654518	96126.72351736113	11.359999656677246	-8.453944873279996	100.43341944842868	100.23994689729479	100.62682682418823	-0.3869066927507515	0.0002601273744658101	-1	0	2.1141221835215886	81.63044268629285	1.000029388760527	-273.1499938964844	9.000248349905014	-273.1499938964844	154
DATA	2026-02-09T210000_AIU-0547.ghg	2026-02-09	21:30:00	40.895	0	18000	18000	0.0029752909150591363	1	NaN	-1.0756624948133438	0	NaN	0.08202579706211101	2	NaN	0.6424278302913076	0	NaN	0.0018158112729792042	2	NaN	-0.0014463757632174577	0	NaN	NaN	NaN	NaN	NaN	NaN	NaN	NaN	NaN	NaN	-2.4084478560518223e-11	-1.8427183129351276e-13	-1.284596299918751e-13	NaN	18.317624649143635	428.049741443041	429.45622560391	0.1	0	140.1492762470776	3.2750349791557456	3.2857960762398037	0.1	1	0.09770090221577177	2.119422001311467	2.1263859898072726	-0.1	0	NaN	NaN	NaN	NaN	9	269.9265486619737	270.3247148691813	95736.63294422743	1.2322868559655926	1006.8781006878575	0.02347564991899883	0.00011766457048905243	0.0025139296053226035	313.62492568525215	495.1330536599573	0.0020400522761015285	63.341544937664466	181.50812797470513	264.3050668828179	0.7441222666419225	0.2765109337374245	0.10536600415669287	0.8007985008856026	1.930500090032952e-15	-1.3148254220638916e-15	0.8007985008856026	1.5117103330187682	311.61526546029575	20.384734539704287	7.560682972053388	NaN	0.049137019502318684	0.10310184112171812	9.312872427431374	0.3113969425220466	-13.113709751565573	-0.017643246627450152	1	43.86093843499054	19	43	93	185	439	2312	0.0029347771354979544	1.0138047210028804	-1.045310507747009	1.026394300024395	0.0683326669665538	1.2003892238284724	0.5351829369497124	1.2003892238284724	0.0015126854164751078	1.2003892238284724	-0.0008662783267666402	1.3634470701062384	NaN	NaN	800000009	800000009	800000009	800000009	800000009	801000109	899999999	899999999	89999	89999	89	89	3	0	0	3	0	0	0	NaN	0	0	18000	0	0	0	0	0	0	NaN	NaN	NaN	NaN	0	0	0	0	0	0	0	0	17702	0	0	0	18000	18000	18000	18000	100	NaN	0.06883455408029747	0.1306335046487592	0.0067356235143795915	0.029811574868147856	3.2285928108189927	0.03477033659033815	2.0851304297391134e-8	NaN	-0.0008424741900137818	0.012605060357501396	0.00003562798747892913	-8.662783267666402e-7	NaN	428.04947028273216	3.2750002537788774	96126.31121918403	11.359999656677246	-8.870848905139416	100.45031865607368	100.25666455374824	100.6439834798177	-0.3873270510757961	0.00026009471137270645	-1	0	2.1163837888638177	81.26619715415106	1.0000052349338377	-273.1499938964844	9.000118608554205	-273.1499938964844	073
DATA	2026-02-09T213000_AIU-0547.ghg	2026-02-09	22:00:00	40.916	0	18000	18000	0.005276723730682857	0	NaN	2.448481489626609	0	NaN	0.6470900330348978	2	NaN	0.05804886006230579	2	NaN	0.01431902331061707	2	NaN	-0.0008168659825394421	0	NaN	NaN	NaN	NaN	NaN	NaN	NaN	NaN	NaN	NaN	-8.715894366049871e-11	-6.766236821265368e-13	-4.634923237308867e-13	NaN	18.382445247222723	429.07993207080114	430.5139701649115	0.2	0	142.7047789623719	3.3309908469660376	3.342123429519197	0.1	1	0.0977538495266603	2.116582253810322	2.123656132951286	0	0	NaN	NaN	NaN	NaN	9	269.53216715664337	269.90678611585827	95710.5928233507	1.2338331151963924	1006.9034247999771	0.023445733158386325	0.0009278727105279861	0.002560144128796761	318.89662635727746	479.9536287191856	0.0020749517072163005	66.44321602657568	161.05700236190813	264.51822777230683	0.9583682748774818	0.49470179579112455	0.12987456099651648	1.0863088965136003	4.1314852999646335e-15	-4.74142272631912e-15	1.0863088965136003	1.665305700604984	304.6975903508288	27.302409649171203	6.866468928450246	NaN	0.0653964189311086	0.04573508757313654	-9.643078340026275	-0.300733842217453	3.783834342406819	0.030136902815183872	1	40.33938725110874	18	32	54	82	133	309	0.005212561235943926	1.0123092069013002	2.448464420192934	1.0147083504651084	0.5957986414989731	1.0860884667458797	0.053447635104929184	1.0860884667458797	0.01318403035207573	1.0860884667458797	-0.001584923499539447	1.1481474837959407	NaN	NaN	800000009	800000009	800000009	800000009	800000009	800011009	899999999	899999999	89999	89999	89	89	2	0	0	27	15	0	0	NaN	0	0	18000	0	0	0	0	0	0	NaN	NaN	NaN	NaN	0	0	0	0	0	0	0	0	18000	0	0	0	18000	18000	18000	18000	100	NaN	0.04322513620481735	0.03928417949019449	0.008960859451261233	0.018185885779944427	1.3204962991351346	0.0074691035000650306	7.668118448768917e-9	NaN	0.0019708317821631035	0.0012573081961187451	0.000310142616918412	-0.000001584923499539447	NaN	429.07988861351885	3.3309831485740835	96100.2007528212	11.359999656677246	-8.641272789001437	100.36709390470715	100.17133280563354	100.5628870302836	-0.39151043270114405	0.0002594555745664467	-1	0	2.1134930670128926	80.37460572730167	1.0000068499512142	-273.1499938964844	9.000139866431555	-273.1499938964844	122
DATA	2026-02-09T220000_AIU-0547.ghg	2026-02-09	22:30:00	40.937	0	18000	18000	0.006423083633954486	1	NaN	0.8766263536647928	2	NaN	-4.124235673415448	2	NaN	-0.5473691194397396	2	NaN	-0.09124617194432486	2	NaN	0.0009908246185859721	2	NaN	NaN	NaN	NaN	NaN	NaN	NaN	NaN	NaN	NaN	6.194908535076082e-11	4.551760834676154e-13	3.302638702837425e-13	NaN	18.360461752682948	428.0735744489409	429.42424526497547	0.1	1	134.90502763557808	3.145306374588121	3.1552305413230393	0.1	1	0.09788356235292223	2.117399223526389	2.1240801062246333	0	1	NaN	NaN	NaN	NaN	9	269.3255904591878	269.7179258761936	95690.87900130209	1.2345295306962105	1006.8007158909871	0.02343415442661113	-0.005912751941992251	0.00241862457716142	301.0578656422132	473.2307507662707	0.001959146798049814	63.617561866960344	172.17288512405753	263.7837639719405	1.0921015049136187	0.2928133229512294	0.13305336175004032	1.1384764100346199	-7.055817707845175e-14	3.3740483319657483e-15	1.1384764100346199	1.8546143493608163	316.9909150555632	15.009084944436777	6.7114764969415734	NaN	0.07213084949647244	0.08740179341791869	-36.134461644177016	-0.08025579649025512	-0.21255486424199	0.009777964966488084	1	44.38876803241085	19	36	64	102	176	465	0.006347329449102683	1.0119348121850698	0.6554128620349122	1.014501584603714	-3.7969069904865425	1.0862092971329176	-0.5039260121272549	1.0862092971329176	-0.08400422661191714	1.0862092971329176	0.000922267517201797	1.148028614652912	NaN	NaN	800000009	800000009	800000009	800000009	800000009	800000009	899999999	899999999	89999	89999	89	89	4	2	0	5	5	0	0	NaN	0	0	18000	0	0	0	0	0	0	NaN	NaN	NaN	NaN	0	0	0	0	0	0	0	0	18000	0	0	0	18000	18000	18000	18000	100	NaN	0.08777180237482805	0.08045637760146372	0.0065754068595456185	0.020064629106226962	2.591699025866413	0.020910276405373455	2.503736356014948e-8	NaN	0.0005273148005772338	-0.011846350383862607	-0.001974780976217726	9.22267517201797e-7	NaN	428.07335489687324	3.1452854025515857	96081.01665842014	11.359999656677246	-9.383884810606693	100.37611184438069	100.18224344423082	100.56990723143683	-0.38768074572583006	0.00025929366339793583	-1	0	2.114479638185766	80.28558761172823	1	-273.1499938964844	9.000122769117356	-273.1499938964844	141
DATA	2026-02-09T223000_AIU-0547.ghg	2026-02-09	23:00:00	40.958	0	18000	18000	0.019540945989747698	1	NaN	5.469876219596701	1	NaN	-3.0823192372569457	1	NaN	-2.033340606349489	1	NaN	-0.06816764570880489	1	NaN	0.0004828170791853469	1	NaN	NaN	NaN	NaN	NaN	NaN	NaN	NaN	NaN	NaN	2.1471926870341834e-10	1.5895344460013384e-12	1.1428901964861773e-12	NaN	18.404402077778652	428.90521388863783	430.27137747954873	0.1	1	136.2450200084071	3.175120778225284	3.1852342817768693	0.1	1	0.09796144907673202	2.115102033009234	2.121839128514231	0	0	NaN	NaN	NaN	NaN	9	268.91008658345544	269.30234750027125	95652.50875868056	1.2359248781504528	1006.8120448167654	0.023407433282967245	-0.004417263441930557	0.002444337946509432	303.7897345769504	458.7310710047442	0.0019777399012853884	66.22392808744551	154.94133642779377	263.89871236626215	0.9937947185213394	0.4801595586412644	0.12474070025032329	1.1107391172612613	-6.9453937620006845e-15	1.1666734284330209e-14	1.1107391172612613	2.010265030885413	306.2121320113191	25.78786798868091	6.44816139196717	NaN	0.12574095515661418	0.10152934016518118	-30.66912304752208	-0.0945576433830998	-1.7745975671437975	0.03495910187303582	1	20.080257803045452	9	16	29	46	80	212	0.019306767967637938	1.0121293228624433	5.240245167758165	1.0146083232915688	-2.8378698582471857	1.0861383330526455	-1.872082537253505	1.0861383330526455	-0.06276147672388686	1.0861383330526455	-0.0010751354433086232	1.1480862046036415	NaN	NaN	800000009	800000009	800000009	800000009	800000009	800000009	899999999	899999999	89999	89999	89	89	3	1	0	10	7	0	0	NaN	0	0	18000	0	0	0	0	0	0	NaN	NaN	NaN	NaN	0	0	0	0	0	0	0	0	17103	0	0	0	18000	18000	18000	18000	100	NaN	0.13246279354378165	0.05548935879746889	0.01510652798911182	0.044062932158208674	2.3940393520529324	0.008752770719515692	7.369530573210356e-9	NaN	0.00421125102154095	-0.04396026367821895	-0.0014737657185052097	-0.0000010751354433086232	NaN	428.90604626774115	3.1751118349402403	96047.72665776909	11.359999656677246	-9.261128073109505	100.37550048616197	100.17773941103619	100.57332826656766	-0.395542262201507	0.00025876085068416105	-1	0	2.1121543719569837	79.99486916987104	1.0000000044438575	-273.1499938964844	9.00011819683181	-273.1499938964844	040
DATA	2026-02-09T230000_AIU-0547.ghg	2026-02-09	23:30:00	40.979	0	18000	18000	0.007014267024851692	1	NaN	-0.39003679505951766	2	NaN	1.6271706861780053	0	NaN	0.15778519244093123	1	NaN	0.0359822112355837	0	NaN	-0.0010675289889662688	0	NaN	NaN	NaN	NaN	NaN	NaN	NaN	NaN	NaN	NaN	3.565941607134321e-11	2.583023374923665e-13	1.8986245506153103e-13	NaN	18.40547744468778	428.5265201378929	429.86083921556155	0.1	0	133.32180866658828	3.104072192534868	3.113737458394324	0.1	1	0.09799681316252204	2.1147158745550105	2.1213005445874735	-0.4	0	NaN	NaN	NaN	NaN	9	268.79133840264217	269.1903423394097	95645.89021462674	1.2363868253720458	1006.7723338658315	0.023399317013911767	0.0023316472880658234	0.002390470706243748	296.97138621404827	454.891321295194	0.0019334326904724356	65.28402990158031	157.91993508114575	263.61007254130647	1.115025051153371	0.27965130412633515	0.13609509433269293	1.157586969216825	3.547276595241059e-14	1.9374349933875414e-15	1.157586969216825	1.9655035069624123	317.9204782451767	14.079521754823283	6.751761129430087	NaN	0.07532063333393482	0.1086931754509027	92.43958699965773	0.03137184072458846	-0.2397024469360735	-0.004160121116699617	1	38.089629640691726	17	34	67	122	249	945	0.006957667838339043	1.0081347928397457	-0.3040407041173635	1.0133682837960418	1.475588391856232	1.1027266784954095	0.14308640166048914	1.1027266784954095	0.032630217385035805	1.1027266784954095	-0.0009595004702597668	1.1836493391739205	NaN	NaN	800000009	800000009	800000009	800000009	800000009	800001009	899999999	899999999	89999	89999	89	89	0	0	2	2	1	0	0	NaN	0	0	18000	0	0	0	0	0	0	NaN	NaN	NaN	NaN	0	0	0	0	0	0	0	0	17901	0	0	0	18000	18000	18000	18000	100	NaN	0.08781767112703438	0.12165638211533102	0.007912297659439987	0.03038109016225921	4.165502925745293	0.009890057180063867	1.0629467883818002e-8	NaN	-0.00024425647672471454	0.003358552057328364	0.0007659028563008811	-9.595004702597669e-7	NaN	428.5266105202121	3.1040621519260996	96042.70509917535	11.359999656677246	-9.550081159644664	100.39220440546671	100.19350991249084	100.59091824510362	-0.3973746243707015	0.00025893751420113007	-1	0	2.111835145023134	79.807579246521	1.0000094122721088	-273.1499938964844	9.000207648939556	-273.1499938964844	190
