02/22/24 13:51:55 EST -0500 | ########## START ##########
02/22/24 13:52:00 EST -0500 | ##########  END  ##########
02/22/24 14:03:27 EST -0500 | ########## START ##########
02/22/24 14:03:32 EST -0500 | ##########  END  ##########
02/22/24 14:28:23 EST -0500 | ########## START ##########
02/22/24 14:28:23 EST -0500 | usage: scp [-346ABCOpqRrsTv] [-c cipher] [-D sftp_server_path] [-F ssh_config]
02/22/24 14:28:23 EST -0500 |            [-i identity_file] [-J destination] [-l limit]
02/22/24 14:28:23 EST -0500 |            [-o ssh_option] [-P port] [-S program] source ... target
02/22/24 14:32:39 EST -0500 | ########## START ##########
02/22/24 14:32:44 EST -0500 | ##########  END  ##########
02/22/24 14:42:55 EST -0500 | ########## START ##########
02/22/24 14:43:00 EST -0500 | ##########  END  ##########
02/22/24 14:54:28 EST -0500 | ########## START ##########
02/22/24 14:54:32 EST -0500 | ##########  END  ##########
02/22/24 23:45:01 EST -0500 | ########## START ##########
02/22/24 23:45:07 EST -0500 | ##########  END  ##########
02/23/24 23:45:02 EST -0500 | ########## START ##########
02/23/24 23:45:09 EST -0500 | ##########  END  ##########
02/24/24 23:45:02 EST -0500 | ########## START ##########
02/24/24 23:45:08 EST -0500 | ##########  END  ##########
02/25/24 23:45:02 EST -0500 | ########## START ##########
02/25/24 23:45:08 EST -0500 | ##########  END  ##########
02/26/24 23:45:01 EST -0500 | ########## START ##########
02/26/24 23:45:09 EST -0500 | ##########  END  ##########
02/27/24 23:45:02 EST -0500 | ########## START ##########
02/27/24 23:45:06 EST -0500 | ##########  END  ##########
02/28/24 23:45:02 EST -0500 | ########## START ##########
02/28/24 23:45:07 EST -0500 | ##########  END  ##########
02/29/24 23:45:02 EST -0500 | ########## START ##########
02/29/24 23:45:07 EST -0500 | ##########  END  ##########
03/01/24 23:45:02 EST -0500 | ########## START ##########
03/01/24 23:45:07 EST -0500 | ##########  END  ##########
03/02/24 23:45:02 EST -0500 | ########## START ##########
03/02/24 23:45:08 EST -0500 | ##########  END  ##########
03/03/24 23:45:02 EST -0500 | ########## START ##########
03/03/24 23:45:08 EST -0500 | ##########  END  ##########
03/04/24 23:45:02 EST -0500 | ########## START ##########
03/04/24 23:45:08 EST -0500 | ##########  END  ##########
03/05/24 23:45:02 EST -0500 | ########## START ##########
03/05/24 23:45:06 EST -0500 | ##########  END  ##########
03/06/24 23:45:02 EST -0500 | ########## START ##########
03/06/24 23:45:06 EST -0500 | ##########  END  ##########
03/07/24 23:45:02 EST -0500 | ########## START ##########
03/07/24 23:45:07 EST -0500 | ##########  END  ##########
03/08/24 23:45:02 EST -0500 | ########## START ##########
03/08/24 23:45:08 EST -0500 | ##########  END  ##########
03/09/24 23:45:02 EST -0500 | ########## START ##########
03/09/24 23:45:08 EST -0500 | ##########  END  ##########
03/10/24 23:45:02 EST -0500 | ########## START ##########
03/10/24 23:45:07 EST -0500 | ##########  END  ##########
03/11/24 23:45:02 EST -0500 | ########## START ##########
03/11/24 23:45:08 EST -0500 | ##########  END  ##########
03/12/24 23:45:02 EST -0500 | ########## START ##########
03/12/24 23:45:08 EST -0500 | ##########  END  ##########
03/13/24 23:45:02 EST -0500 | ########## START ##########
03/13/24 23:45:08 EST -0500 | ##########  END  ##########
03/14/24 23:45:02 EST -0500 | ########## START ##########
03/14/24 23:45:09 EST -0500 | ##########  END  ##########
03/15/24 23:45:02 EST -0500 | ########## START ##########
03/15/24 23:45:09 EST -0500 | ##########  END  ##########
03/16/24 23:45:01 EST -0500 | ########## START ##########
03/16/24 23:45:09 EST -0500 | ##########  END  ##########
03/17/24 23:45:02 EST -0500 | ########## START ##########
03/17/24 23:45:09 EST -0500 | ##########  END  ##########
03/18/24 23:45:01 EST -0500 | ########## START ##########
03/18/24 23:45:09 EST -0500 | ##########  END  ##########
03/19/24 23:45:02 EST -0500 | ########## START ##########
03/19/24 23:45:10 EST -0500 | ##########  END  ##########
03/20/24 23:45:02 EST -0500 | ########## START ##########
03/20/24 23:45:11 EST -0500 | ##########  END  ##########
03/21/24 23:45:02 EST -0500 | ########## START ##########
03/21/24 23:45:10 EST -0500 | ##########  END  ##########
03/22/24 23:45:02 EST -0500 | ########## START ##########
03/22/24 23:45:11 EST -0500 | ##########  END  ##########
03/23/24 23:45:02 EST -0500 | ########## START ##########
03/23/24 23:45:11 EST -0500 | ##########  END  ##########
03/24/24 23:45:02 EST -0500 | ########## START ##########
03/24/24 23:45:12 EST -0500 | ##########  END  ##########
03/25/24 23:45:02 EST -0500 | ########## START ##########
03/25/24 23:45:12 EST -0500 | ##########  END  ##########
03/26/24 23:45:02 EST -0500 | ########## START ##########
03/26/24 23:45:12 EST -0500 | ##########  END  ##########
03/27/24 23:45:02 EST -0500 | ########## START ##########
03/27/24 23:45:12 EST -0500 | ##########  END  ##########
03/28/24 23:45:02 EST -0500 | ########## START ##########
03/28/24 23:45:12 EST -0500 | ##########  END  ##########
03/29/24 23:45:02 EST -0500 | ########## START ##########
03/29/24 23:45:13 EST -0500 | ##########  END  ##########
03/30/24 23:45:02 EST -0500 | ########## START ##########
03/30/24 23:45:13 EST -0500 | ##########  END  ##########
03/31/24 23:45:02 EST -0500 | ########## START ##########
03/31/24 23:45:13 EST -0500 | ##########  END  ##########
04/01/24 23:45:02 EST -0500 | ########## START ##########
04/01/24 23:45:06 EST -0500 | ##########  END  ##########
04/02/24 23:45:02 EST -0500 | ########## START ##########
04/02/24 23:45:07 EST -0500 | ##########  END  ##########
04/03/24 23:45:02 EST -0500 | ########## START ##########
04/03/24 23:45:07 EST -0500 | ##########  END  ##########
04/04/24 23:45:02 EST -0500 | ########## START ##########
04/04/24 23:45:07 EST -0500 | ##########  END  ##########
04/05/24 23:45:02 EST -0500 | ########## START ##########
04/05/24 23:45:07 EST -0500 | ##########  END  ##########
04/06/24 23:45:02 EST -0500 | ########## START ##########
04/06/24 23:45:08 EST -0500 | ##########  END  ##########
04/07/24 23:45:02 EST -0500 | ########## START ##########
04/07/24 23:45:08 EST -0500 | ##########  END  ##########
04/08/24 23:45:02 EST -0500 | ########## START ##########
04/08/24 23:45:06 EST -0500 | ##########  END  ##########
04/09/24 23:45:02 EST -0500 | ########## START ##########
04/09/24 23:45:06 EST -0500 | ##########  END  ##########
04/10/24 23:45:01 EST -0500 | ########## START ##########
04/10/24 23:45:06 EST -0500 | ##########  END  ##########
04/11/24 23:45:02 EST -0500 | ########## START ##########
04/11/24 23:45:07 EST -0500 | ##########  END  ##########
04/12/24 23:45:02 EST -0500 | ########## START ##########
04/12/24 23:45:07 EST -0500 | ##########  END  ##########
04/13/24 23:45:02 EST -0500 | ########## START ##########
04/13/24 23:45:07 EST -0500 | ##########  END  ##########
04/14/24 23:45:02 EST -0500 | ########## START ##########
04/14/24 23:45:08 EST -0500 | ##########  END  ##########
04/15/24 23:45:02 EST -0500 | ########## START ##########
04/15/24 23:45:07 EST -0500 | ##########  END  ##########
04/16/24 23:45:02 EST -0500 | ########## START ##########
04/16/24 23:45:07 EST -0500 | ##########  END  ##########
04/17/24 23:45:02 EST -0500 | ########## START ##########
04/17/24 23:45:07 EST -0500 | ##########  END  ##########
04/18/24 23:45:02 EST -0500 | ########## START ##########
04/18/24 23:45:07 EST -0500 | ##########  END  ##########
04/19/24 23:45:02 EST -0500 | ########## START ##########
04/19/24 23:45:08 EST -0500 | ##########  END  ##########
04/20/24 23:45:01 EST -0500 | ########## START ##########
04/20/24 23:45:07 EST -0500 | ##########  END  ##########
04/21/24 23:45:02 EST -0500 | ########## START ##########
04/21/24 23:45:08 EST -0500 | ##########  END  ##########
04/22/24 23:45:02 EST -0500 | ########## START ##########
04/22/24 23:45:09 EST -0500 | ##########  END  ##########
04/23/24 23:45:02 EST -0500 | ########## START ##########
04/23/24 23:45:09 EST -0500 | ##########  END  ##########
04/24/24 23:45:02 EST -0500 | ########## START ##########
04/24/24 23:45:09 EST -0500 | ##########  END  ##########
04/25/24 23:45:02 EST -0500 | ########## START ##########
04/25/24 23:45:09 EST -0500 | ##########  END  ##########
04/26/24 23:45:02 EST -0500 | ########## START ##########
04/26/24 23:45:09 EST -0500 | ##########  END  ##########
04/27/24 23:45:02 EST -0500 | ########## START ##########
04/27/24 23:45:10 EST -0500 | ##########  END  ##########
04/28/24 23:45:02 EST -0500 | ########## START ##########
04/28/24 23:45:10 EST -0500 | ##########  END  ##########
04/29/24 23:45:01 EST -0500 | ########## START ##########
04/29/24 23:45:10 EST -0500 | ##########  END  ##########
04/30/24 23:45:02 EST -0500 | ########## START ##########
04/30/24 23:45:11 EST -0500 | ##########  END  ##########
05/01/24 23:45:02 EST -0500 | ########## START ##########
05/01/24 23:45:10 EST -0500 | ##########  END  ##########
05/02/24 23:45:02 EST -0500 | ########## START ##########
05/02/24 23:45:12 EST -0500 | ##########  END  ##########
05/03/24 23:45:02 EST -0500 | ########## START ##########
05/03/24 23:45:12 EST -0500 | ##########  END  ##########
05/04/24 23:45:02 EST -0500 | ########## START ##########
05/04/24 23:45:11 EST -0500 | ##########  END  ##########
05/05/24 23:45:01 EST -0500 | ########## START ##########
05/05/24 23:45:11 EST -0500 | ##########  END  ##########
05/06/24 23:45:02 EST -0500 | ########## START ##########
05/06/24 23:45:05 EST -0500 | ##########  END  ##########
05/07/24 23:45:02 EST -0500 | ########## START ##########
05/07/24 23:45:06 EST -0500 | ##########  END  ##########
05/08/24 23:45:02 EST -0500 | ########## START ##########
05/08/24 23:45:06 EST -0500 | ##########  END  ##########
05/09/24 23:45:02 EST -0500 | ########## START ##########
05/09/24 23:45:06 EST -0500 | ##########  END  ##########
05/10/24 23:45:02 EST -0500 | ########## START ##########
05/10/24 23:45:05 EST -0500 | ##########  END  ##########
05/11/24 23:45:02 EST -0500 | ########## START ##########
05/11/24 23:45:06 EST -0500 | ##########  END  ##########
05/12/24 23:45:02 EST -0500 | ########## START ##########
05/12/24 23:45:06 EST -0500 | ##########  END  ##########
05/13/24 23:45:02 EST -0500 | ########## START ##########
05/13/24 23:45:07 EST -0500 | ##########  END  ##########
05/14/24 23:45:02 EST -0500 | ########## START ##########
05/14/24 23:45:06 EST -0500 | ##########  END  ##########
05/15/24 23:45:02 EST -0500 | ########## START ##########
05/15/24 23:45:07 EST -0500 | ##########  END  ##########
05/16/24 23:45:01 EST -0500 | ########## START ##########
05/16/24 23:45:06 EST -0500 | ##########  END  ##########
05/17/24 23:45:02 EST -0500 | ########## START ##########
05/17/24 23:45:07 EST -0500 | ##########  END  ##########
05/18/24 23:45:02 EST -0500 | ########## START ##########
05/18/24 23:45:07 EST -0500 | ##########  END  ##########
05/19/24 23:45:02 EST -0500 | ########## START ##########
05/19/24 23:45:07 EST -0500 | ##########  END  ##########
05/20/24 23:45:02 EST -0500 | ########## START ##########
05/20/24 23:45:06 EST -0500 | ##########  END  ##########
05/21/24 23:45:02 EST -0500 | ########## START ##########
05/21/24 23:45:07 EST -0500 | ##########  END  ##########
05/22/24 23:45:02 EST -0500 | ########## START ##########
05/22/24 23:45:07 EST -0500 | ##########  END  ##########
05/23/24 23:45:02 EST -0500 | ########## START ##########
05/23/24 23:45:07 EST -0500 | ##########  END  ##########
05/24/24 23:45:02 EST -0500 | ########## START ##########
05/24/24 23:45:06 EST -0500 | ##########  END  ##########
05/25/24 23:45:02 EST -0500 | ########## START ##########
05/25/24 23:45:07 EST -0500 | ##########  END  ##########
05/28/24 23:45:02 EST -0500 | ########## START ##########
05/28/24 23:45:06 EST -0500 | ##########  END  ##########
05/29/24 23:45:02 EST -0500 | ########## START ##########
05/29/24 23:45:06 EST -0500 | ##########  END  ##########
05/30/24 23:45:02 EST -0500 | ########## START ##########
05/30/24 23:45:07 EST -0500 | ##########  END  ##########
05/31/24 23:45:02 EST -0500 | ########## START ##########
05/31/24 23:45:07 EST -0500 | ##########  END  ##########
06/01/24 23:45:01 EST -0500 | ########## START ##########
06/01/24 23:45:07 EST -0500 | ##########  END  ##########
06/02/24 23:45:02 EST -0500 | ########## START ##########
06/02/24 23:45:07 EST -0500 | ##########  END  ##########
06/03/24 23:45:02 EST -0500 | ########## START ##########
06/03/24 23:45:07 EST -0500 | ##########  END  ##########
06/04/24 23:45:02 EST -0500 | ########## START ##########
06/04/24 23:45:07 EST -0500 | ##########  END  ##########
06/05/24 23:45:02 EST -0500 | ########## START ##########
06/05/24 23:45:06 EST -0500 | ##########  END  ##########
06/06/24 23:45:02 EST -0500 | ########## START ##########
06/06/24 23:45:07 EST -0500 | ##########  END  ##########
06/07/24 23:45:02 EST -0500 | ########## START ##########
06/07/24 23:45:07 EST -0500 | ##########  END  ##########
06/08/24 23:45:01 EST -0500 | ########## START ##########
06/08/24 23:45:07 EST -0500 | ##########  END  ##########
06/09/24 23:45:01 EST -0500 | ########## START ##########
06/09/24 23:45:07 EST -0500 | ##########  END  ##########
06/10/24 23:45:02 EST -0500 | ########## START ##########
06/10/24 23:45:06 EST -0500 | ##########  END  ##########
06/11/24 23:45:02 EST -0500 | ########## START ##########
06/11/24 23:45:07 EST -0500 | ##########  END  ##########
06/12/24 23:45:02 EST -0500 | ########## START ##########
06/12/24 23:45:07 EST -0500 | ##########  END  ##########
06/13/24 23:45:02 EST -0500 | ########## START ##########
06/13/24 23:45:07 EST -0500 | ##########  END  ##########
06/14/24 23:45:01 EST -0500 | ########## START ##########
06/14/24 23:45:07 EST -0500 | ##########  END  ##########
06/15/24 23:45:02 EST -0500 | ########## START ##########
06/15/24 23:45:08 EST -0500 | ##########  END  ##########
06/16/24 23:45:02 EST -0500 | ########## START ##########
06/16/24 23:45:08 EST -0500 | ##########  END  ##########
06/17/24 23:45:02 EST -0500 | ########## START ##########
06/17/24 23:45:06 EST -0500 | ##########  END  ##########
06/18/24 23:45:02 EST -0500 | ########## START ##########
06/18/24 23:45:07 EST -0500 | ##########  END  ##########
06/19/24 23:45:02 EST -0500 | ########## START ##########
06/19/24 23:45:07 EST -0500 | ##########  END  ##########
06/20/24 23:45:02 EST -0500 | ########## START ##########
06/20/24 23:45:07 EST -0500 | ##########  END  ##########
06/21/24 23:45:02 EST -0500 | ########## START ##########
06/21/24 23:45:08 EST -0500 | ##########  END  ##########
06/22/24 23:45:02 EST -0500 | ########## START ##########
06/22/24 23:45:07 EST -0500 | ##########  END  ##########
06/23/24 23:45:02 EST -0500 | ########## START ##########
06/23/24 23:45:08 EST -0500 | ##########  END  ##########
06/24/24 23:45:02 EST -0500 | ########## START ##########
06/24/24 23:45:07 EST -0500 | ##########  END  ##########
06/25/24 23:45:02 EST -0500 | ########## START ##########
06/25/24 23:45:07 EST -0500 | ##########  END  ##########
06/26/24 23:45:01 EST -0500 | ########## START ##########
06/26/24 23:45:07 EST -0500 | ##########  END  ##########
06/27/24 23:45:02 EST -0500 | ########## START ##########
06/27/24 23:45:07 EST -0500 | ##########  END  ##########
06/28/24 23:45:02 EST -0500 | ########## START ##########
06/28/24 23:45:08 EST -0500 | ##########  END  ##########
06/29/24 23:45:02 EST -0500 | ########## START ##########
06/29/24 23:45:08 EST -0500 | ##########  END  ##########
06/30/24 23:45:02 EST -0500 | ########## START ##########
06/30/24 23:45:08 EST -0500 | ##########  END  ##########
07/08/24 23:45:02 EST -0500 | ########## START ##########
07/08/24 23:45:07 EST -0500 | ##########  END  ##########
07/09/24 23:45:02 EST -0500 | ########## START ##########
07/09/24 23:45:07 EST -0500 | ##########  END  ##########
07/10/24 23:45:02 EST -0500 | ########## START ##########
07/10/24 23:45:06 EST -0500 | ##########  END  ##########
07/11/24 23:45:01 EST -0500 | ########## START ##########
07/11/24 23:45:07 EST -0500 | ##########  END  ##########
07/12/24 23:45:02 EST -0500 | ########## START ##########
07/12/24 23:45:08 EST -0500 | ##########  END  ##########
07/13/24 23:45:01 EST -0500 | ########## START ##########
07/13/24 23:45:07 EST -0500 | ##########  END  ##########
07/14/24 23:45:02 EST -0500 | ########## START ##########
07/14/24 23:45:08 EST -0500 | ##########  END  ##########
07/15/24 23:45:02 EST -0500 | ########## START ##########
07/15/24 23:45:07 EST -0500 | ##########  END  ##########
07/16/24 23:45:02 EST -0500 | ########## START ##########
07/16/24 23:45:07 EST -0500 | ##########  END  ##########
07/17/24 23:45:02 EST -0500 | ########## START ##########
07/17/24 23:45:06 EST -0500 | ##########  END  ##########
07/18/24 23:45:02 EST -0500 | ########## START ##########
07/18/24 23:45:07 EST -0500 | ##########  END  ##########
07/19/24 23:45:02 EST -0500 | ########## START ##########
07/19/24 23:45:08 EST -0500 | ##########  END  ##########
07/20/24 23:45:02 EST -0500 | ########## START ##########
07/20/24 23:45:08 EST -0500 | ##########  END  ##########
07/21/24 23:45:02 EST -0500 | ########## START ##########
07/21/24 23:45:08 EST -0500 | ##########  END  ##########
07/22/24 23:45:02 EST -0500 | ########## START ##########
07/22/24 23:45:06 EST -0500 | ##########  END  ##########
07/23/24 23:45:02 EST -0500 | ########## START ##########
07/23/24 23:45:07 EST -0500 | ##########  END  ##########
07/24/24 23:45:02 EST -0500 | ########## START ##########
07/24/24 23:45:07 EST -0500 | ##########  END  ##########
07/25/24 23:45:01 EST -0500 | ########## START ##########
07/25/24 23:45:07 EST -0500 | ##########  END  ##########
07/26/24 23:45:02 EST -0500 | ########## START ##########
07/26/24 23:45:07 EST -0500 | ##########  END  ##########
07/27/24 23:45:02 EST -0500 | ########## START ##########
07/27/24 23:45:08 EST -0500 | ##########  END  ##########
07/28/24 23:45:02 EST -0500 | ########## START ##########
07/28/24 23:45:08 EST -0500 | ##########  END  ##########
07/29/24 23:45:02 EST -0500 | ########## START ##########
07/29/24 23:45:06 EST -0500 | ##########  END  ##########
07/30/24 23:45:02 EST -0500 | ########## START ##########
07/30/24 23:45:07 EST -0500 | ##########  END  ##########
07/31/24 23:45:02 EST -0500 | ########## START ##########
07/31/24 23:45:07 EST -0500 | ##########  END  ##########
08/01/24 23:45:02 EST -0500 | ########## START ##########
08/01/24 23:45:07 EST -0500 | ##########  END  ##########
08/02/24 23:45:02 EST -0500 | ########## START ##########
08/02/24 23:45:07 EST -0500 | ##########  END  ##########
08/03/24 23:45:02 EST -0500 | ########## START ##########
08/03/24 23:45:08 EST -0500 | ##########  END  ##########
08/04/24 23:45:02 EST -0500 | ########## START ##########
08/04/24 23:45:08 EST -0500 | ##########  END  ##########
08/05/24 23:45:01 EST -0500 | ########## START ##########
08/05/24 23:45:05 EST -0500 | ##########  END  ##########
08/06/24 23:45:02 EST -0500 | ########## START ##########
08/06/24 23:45:07 EST -0500 | ##########  END  ##########
08/07/24 23:45:02 EST -0500 | ########## START ##########
08/07/24 23:45:07 EST -0500 | ##########  END  ##########
08/08/24 23:45:02 EST -0500 | ########## START ##########
08/08/24 23:45:07 EST -0500 | ##########  END  ##########
08/09/24 23:45:02 EST -0500 | ########## START ##########
08/09/24 23:45:08 EST -0500 | ##########  END  ##########
08/10/24 23:45:02 EST -0500 | ########## START ##########
08/10/24 23:45:07 EST -0500 | ##########  END  ##########
08/11/24 23:45:02 EST -0500 | ########## START ##########
08/11/24 23:45:08 EST -0500 | ##########  END  ##########
08/12/24 23:45:02 EST -0500 | ########## START ##########
08/12/24 23:45:08 EST -0500 | ##########  END  ##########
08/13/24 23:45:02 EST -0500 | ########## START ##########
08/13/24 23:45:08 EST -0500 | ##########  END  ##########
08/14/24 23:45:02 EST -0500 | ########## START ##########
08/14/24 23:45:09 EST -0500 | ##########  END  ##########
08/15/24 23:45:01 EST -0500 | ########## START ##########
08/15/24 23:45:08 EST -0500 | ##########  END  ##########
08/16/24 23:45:02 EDT -0400 | ########## START ##########
08/16/24 23:45:09 EDT -0400 | ##########  END  ##########
08/17/24 23:45:01 EDT -0400 | ########## START ##########
08/17/24 23:45:09 EDT -0400 | ##########  END  ##########
08/18/24 23:45:02 EDT -0400 | ########## START ##########
08/18/24 23:45:10 EDT -0400 | ##########  END  ##########
08/19/24 23:45:02 EDT -0400 | ########## START ##########
08/19/24 23:45:06 EDT -0400 | ##########  END  ##########
08/20/24 23:45:02 EDT -0400 | ########## START ##########
08/20/24 23:45:07 EDT -0400 | ##########  END  ##########
08/21/24 23:45:01 EDT -0400 | ########## START ##########
08/21/24 23:45:06 EDT -0400 | ##########  END  ##########
08/22/24 23:45:02 EDT -0400 | ########## START ##########
08/22/24 23:45:07 EDT -0400 | ##########  END  ##########
08/23/24 23:45:02 EDT -0400 | ########## START ##########
08/23/24 23:45:07 EDT -0400 | ##########  END  ##########
08/24/24 23:45:02 EDT -0400 | ########## START ##########
08/24/24 23:45:08 EDT -0400 | ##########  END  ##########
08/25/24 23:45:02 EDT -0400 | ########## START ##########
08/25/24 23:45:08 EDT -0400 | ##########  END  ##########
08/26/24 23:45:02 EDT -0400 | ########## START ##########
08/26/24 23:45:05 EDT -0400 | ##########  END  ##########
08/27/24 23:45:02 EDT -0400 | ########## START ##########
08/27/24 23:45:05 EDT -0400 | ##########  END  ##########
08/28/24 23:45:02 EDT -0400 | ########## START ##########
08/28/24 23:45:07 EDT -0400 | ##########  END  ##########
08/29/24 23:45:02 EDT -0400 | ########## START ##########
08/29/24 23:45:07 EDT -0400 | ##########  END  ##########
08/30/24 23:45:02 EDT -0400 | ########## START ##########
08/30/24 23:45:07 EDT -0400 | ##########  END  ##########
08/31/24 23:45:02 EDT -0400 | ########## START ##########
08/31/24 23:45:07 EDT -0400 | ##########  END  ##########
09/01/24 23:45:02 EDT -0400 | ########## START ##########
09/01/24 23:45:08 EDT -0400 | ##########  END  ##########
09/02/24 23:45:02 EDT -0400 | ########## START ##########
09/02/24 23:45:07 EDT -0400 | ##########  END  ##########
09/03/24 23:45:02 EDT -0400 | ########## START ##########
09/03/24 23:45:06 EDT -0400 | ##########  END  ##########
09/04/24 23:45:02 EDT -0400 | ########## START ##########
09/04/24 23:45:07 EDT -0400 | ##########  END  ##########
09/05/24 23:45:02 EDT -0400 | ########## START ##########
09/05/24 23:45:08 EDT -0400 | ##########  END  ##########
09/06/24 23:45:02 EDT -0400 | ########## START ##########
09/06/24 23:45:07 EDT -0400 | ##########  END  ##########
09/07/24 23:45:02 EDT -0400 | ########## START ##########
09/07/24 23:45:08 EDT -0400 | ##########  END  ##########
09/08/24 23:45:02 EDT -0400 | ########## START ##########
09/08/24 23:45:08 EDT -0400 | ##########  END  ##########
09/09/24 23:45:02 EDT -0400 | ########## START ##########
09/09/24 23:45:06 EDT -0400 | ##########  END  ##########
09/10/24 23:45:02 EDT -0400 | ########## START ##########
09/10/24 23:45:07 EDT -0400 | ##########  END  ##########
09/11/24 23:45:01 EDT -0400 | ########## START ##########
09/11/24 23:45:06 EDT -0400 | ##########  END  ##########
09/12/24 23:45:02 EDT -0400 | ########## START ##########
09/12/24 23:45:07 EDT -0400 | ##########  END  ##########
09/13/24 23:45:02 EDT -0400 | ########## START ##########
09/13/24 23:45:07 EDT -0400 | ##########  END  ##########
09/14/24 23:45:02 EDT -0400 | ########## START ##########
09/14/24 23:45:08 EDT -0400 | ##########  END  ##########
09/15/24 23:45:01 EDT -0400 | ########## START ##########
09/15/24 23:45:07 EDT -0400 | ##########  END  ##########
09/16/24 23:45:02 EDT -0400 | ########## START ##########
09/16/24 23:45:08 EDT -0400 | ##########  END  ##########
09/17/24 23:45:02 EDT -0400 | ########## START ##########
09/17/24 23:45:06 EDT -0400 | ##########  END  ##########
09/18/24 23:45:02 EDT -0400 | ########## START ##########
09/18/24 23:45:07 EDT -0400 | ##########  END  ##########
09/23/24 23:45:02 EDT -0400 | ########## START ##########
09/23/24 23:45:06 EDT -0400 | ##########  END  ##########
09/24/24 23:45:02 EDT -0400 | ########## START ##########
09/24/24 23:45:06 EDT -0400 | ##########  END  ##########
09/25/24 23:45:01 EDT -0400 | ########## START ##########
09/25/24 23:45:06 EDT -0400 | ##########  END  ##########
09/26/24 23:45:02 EDT -0400 | ########## START ##########
09/26/24 23:45:07 EDT -0400 | ##########  END  ##########
09/27/24 23:45:02 EDT -0400 | ########## START ##########
09/27/24 23:45:07 EDT -0400 | ##########  END  ##########
09/28/24 23:45:02 EDT -0400 | ########## START ##########
09/28/24 23:45:08 EDT -0400 | ##########  END  ##########
09/29/24 23:45:02 EDT -0400 | ########## START ##########
09/29/24 23:45:08 EDT -0400 | ##########  END  ##########
09/30/24 23:45:02 EDT -0400 | ########## START ##########
09/30/24 23:45:08 EDT -0400 | ##########  END  ##########
10/01/24 23:45:02 EDT -0400 | ########## START ##########
10/01/24 23:45:06 EDT -0400 | ##########  END  ##########
10/02/24 23:45:01 EDT -0400 | ########## START ##########
10/02/24 23:45:06 EDT -0400 | ##########  END  ##########
10/03/24 23:45:02 EDT -0400 | ########## START ##########
10/03/24 23:45:06 EDT -0400 | ##########  END  ##########
10/04/24 23:45:02 EDT -0400 | ########## START ##########
10/04/24 23:45:07 EDT -0400 | ##########  END  ##########
10/05/24 23:45:02 EDT -0400 | ########## START ##########
10/05/24 23:45:07 EDT -0400 | ##########  END  ##########
10/06/24 23:45:02 EDT -0400 | ########## START ##########
10/06/24 23:45:07 EDT -0400 | ##########  END  ##########
10/07/24 23:45:02 EDT -0400 | ########## START ##########
10/07/24 23:45:07 EDT -0400 | ##########  END  ##########
10/08/24 23:45:02 EDT -0400 | ########## START ##########
10/08/24 23:45:08 EDT -0400 | ##########  END  ##########
10/09/24 23:45:02 EDT -0400 | ########## START ##########
10/09/24 23:45:09 EDT -0400 | ##########  END  ##########
10/10/24 23:45:01 EDT -0400 | ########## START ##########
10/10/24 23:45:08 EDT -0400 | ##########  END  ##########
10/11/24 23:45:02 EDT -0400 | ########## START ##########
10/11/24 23:45:09 EDT -0400 | ##########  END  ##########
10/12/24 23:45:02 EDT -0400 | ########## START ##########
10/12/24 23:45:09 EDT -0400 | ##########  END  ##########
10/13/24 23:45:02 EDT -0400 | ########## START ##########
10/13/24 23:45:09 EDT -0400 | ##########  END  ##########
10/14/24 23:45:03 EDT -0400 | ########## START ##########
10/14/24 23:45:11 EDT -0400 | ##########  END  ##########
10/15/24 23:45:02 EDT -0400 | ########## START ##########
10/15/24 23:45:06 EDT -0400 | ##########  END  ##########
10/16/24 23:45:02 EDT -0400 | ########## START ##########
10/16/24 23:45:07 EDT -0400 | ##########  END  ##########
10/17/24 23:45:02 EDT -0400 | ########## START ##########
10/17/24 23:45:07 EDT -0400 | ##########  END  ##########
10/18/24 23:45:02 EDT -0400 | ########## START ##########
10/18/24 23:45:07 EDT -0400 | ##########  END  ##########
10/19/24 23:45:02 EDT -0400 | ########## START ##########
10/19/24 23:45:07 EDT -0400 | ##########  END  ##########
10/20/24 23:45:02 EDT -0400 | ########## START ##########
10/20/24 23:45:08 EDT -0400 | ##########  END  ##########
10/21/24 23:45:02 EDT -0400 | ########## START ##########
10/21/24 23:45:06 EDT -0400 | ##########  END  ##########
10/22/24 23:45:02 EDT -0400 | ########## START ##########
10/22/24 23:45:07 EDT -0400 | ##########  END  ##########
10/23/24 23:45:02 EDT -0400 | ########## START ##########
10/23/24 23:45:07 EDT -0400 | ##########  END  ##########
10/24/24 23:45:02 EDT -0400 | ########## START ##########
10/24/24 23:45:07 EDT -0400 | ##########  END  ##########
10/25/24 23:45:01 EDT -0400 | ########## START ##########
10/25/24 23:45:07 EDT -0400 | ##########  END  ##########
10/26/24 23:45:02 EDT -0400 | ########## START ##########
10/26/24 23:45:08 EDT -0400 | ##########  END  ##########
10/27/24 23:45:02 EDT -0400 | ########## START ##########
10/27/24 23:45:08 EDT -0400 | ##########  END  ##########
10/28/24 23:45:01 EDT -0400 | ########## START ##########
10/28/24 23:45:08 EDT -0400 | ##########  END  ##########
10/29/24 23:45:01 EDT -0400 | ########## START ##########
10/29/24 23:45:06 EDT -0400 | ##########  END  ##########
10/30/24 23:45:02 EDT -0400 | ########## START ##########
10/30/24 23:45:06 EDT -0400 | ##########  END  ##########
10/31/24 23:45:07 EDT -0400 | ########## START ##########
10/31/24 23:45:13 EDT -0400 | ##########  END  ##########
11/01/24 23:45:02 EDT -0400 | ########## START ##########
11/01/24 23:45:07 EDT -0400 | ##########  END  ##########
11/02/24 23:45:02 EDT -0400 | ########## START ##########
11/02/24 23:45:07 EDT -0400 | ##########  END  ##########
11/03/24 23:45:01 EST -0500 | ########## START ##########
11/03/24 23:45:07 EST -0500 | ##########  END  ##########
11/04/24 23:45:01 EST -0500 | ########## START ##########
11/04/24 23:45:06 EST -0500 | ##########  END  ##########
11/05/24 23:45:02 EST -0500 | ########## START ##########
11/05/24 23:45:07 EST -0500 | ##########  END  ##########
11/06/24 23:45:02 EST -0500 | ########## START ##########
11/06/24 23:45:07 EST -0500 | ##########  END  ##########
11/07/24 23:45:01 EST -0500 | ########## START ##########
11/07/24 23:45:07 EST -0500 | ##########  END  ##########
11/08/24 23:45:01 EST -0500 | ########## START ##########
11/08/24 23:45:07 EST -0500 | ##########  END  ##########
11/09/24 23:45:02 EST -0500 | ########## START ##########
11/09/24 23:45:08 EST -0500 | ##########  END  ##########
11/10/24 23:45:02 EST -0500 | ########## START ##########
11/10/24 23:45:08 EST -0500 | ##########  END  ##########
11/11/24 23:45:02 EST -0500 | ########## START ##########
11/11/24 23:45:09 EST -0500 | ##########  END  ##########
11/12/24 23:45:02 EST -0500 | ########## START ##########
11/12/24 23:45:08 EST -0500 | ##########  END  ##########
11/13/24 23:45:02 EST -0500 | ########## START ##########
11/13/24 23:45:09 EST -0500 | ##########  END  ##########
11/14/24 23:45:02 EST -0500 | ########## START ##########
11/14/24 23:45:10 EST -0500 | ##########  END  ##########
11/15/24 23:45:01 EST -0500 | ########## START ##########
11/15/24 23:45:09 EST -0500 | ##########  END  ##########
11/16/24 23:45:01 EST -0500 | ########## START ##########
11/16/24 23:45:09 EST -0500 | ##########  END  ##########
11/17/24 23:45:02 EST -0500 | ########## START ##########
11/17/24 23:45:10 EST -0500 | ##########  END  ##########
11/18/24 23:45:02 EST -0500 | ########## START ##########
11/18/24 23:45:11 EST -0500 | ##########  END  ##########
11/19/24 23:45:01 EST -0500 | ########## START ##########
11/19/24 23:45:10 EST -0500 | ##########  END  ##########
11/20/24 23:45:02 EST -0500 | ########## START ##########
11/20/24 23:45:11 EST -0500 | ##########  END  ##########
11/21/24 23:45:02 EST -0500 | ########## START ##########
11/21/24 23:45:11 EST -0500 | ##########  END  ##########
11/22/24 23:45:02 EST -0500 | ########## START ##########
11/22/24 23:45:11 EST -0500 | ##########  END  ##########
11/23/24 23:45:02 EST -0500 | ########## START ##########
11/23/24 23:45:12 EST -0500 | ##########  END  ##########
11/24/24 23:45:03 EST -0500 | ########## START ##########
11/24/24 23:45:13 EST -0500 | ##########  END  ##########
11/25/24 23:45:02 EST -0500 | ########## START ##########
11/25/24 23:45:12 EST -0500 | ##########  END  ##########
11/26/24 23:45:02 EST -0500 | ########## START ##########
11/26/24 23:45:14 EST -0500 | ##########  END  ##########
11/27/24 23:45:01 EST -0500 | ########## START ##########
11/27/24 23:45:13 EST -0500 | ##########  END  ##########
11/28/24 23:45:02 EST -0500 | ########## START ##########
11/28/24 23:45:13 EST -0500 | ##########  END  ##########
11/29/24 23:45:01 EST -0500 | ########## START ##########
11/29/24 23:45:13 EST -0500 | ##########  END  ##########
11/30/24 23:45:02 EST -0500 | ########## START ##########
11/30/24 23:45:14 EST -0500 | ##########  END  ##########
12/01/24 23:45:02 EST -0500 | ########## START ##########
12/01/24 23:45:15 EST -0500 | ##########  END  ##########
12/02/24 23:45:01 EST -0500 | ########## START ##########
12/02/24 23:45:15 EST -0500 | ##########  END  ##########
12/03/24 23:45:02 EST -0500 | ########## START ##########
12/03/24 23:45:07 EST -0500 | ##########  END  ##########
12/04/24 23:45:02 EST -0500 | ########## START ##########
12/04/24 23:45:07 EST -0500 | ##########  END  ##########
12/05/24 23:45:02 EST -0500 | ########## START ##########
12/05/24 23:45:08 EST -0500 | ##########  END  ##########
12/06/24 23:45:02 EST -0500 | ########## START ##########
12/06/24 23:45:08 EST -0500 | ##########  END  ##########
12/07/24 23:45:02 EST -0500 | ########## START ##########
12/07/24 23:45:08 EST -0500 | ##########  END  ##########
12/08/24 23:45:02 EST -0500 | ########## START ##########
12/08/24 23:45:08 EST -0500 | ##########  END  ##########
12/09/24 23:45:02 EST -0500 | ########## START ##########
12/09/24 23:45:08 EST -0500 | ##########  END  ##########
12/10/24 23:45:02 EST -0500 | ########## START ##########
12/10/24 23:45:08 EST -0500 | ##########  END  ##########
12/11/24 23:45:01 EST -0500 | ########## START ##########
12/11/24 23:47:11 EST -0500 | ssh: connect to host 10.10.1.4 port 22: Connection timed out
12/12/24 23:45:02 EST -0500 | ########## START ##########
12/12/24 23:45:08 EST -0500 | ##########  END  ##########
12/13/24 23:45:02 EST -0500 | ########## START ##########
12/13/24 23:45:09 EST -0500 | ##########  END  ##########
12/14/24 23:45:02 EST -0500 | ########## START ##########
12/14/24 23:45:09 EST -0500 | ##########  END  ##########
12/15/24 23:45:01 EST -0500 | ########## START ##########
12/15/24 23:45:09 EST -0500 | ##########  END  ##########
12/16/24 23:45:02 EST -0500 | ########## START ##########
12/16/24 23:45:05 EST -0500 | ##########  END  ##########
12/17/24 23:45:02 EST -0500 | ########## START ##########
12/17/24 23:45:07 EST -0500 | ##########  END  ##########
12/18/24 23:45:01 EST -0500 | ########## START ##########
12/18/24 23:45:06 EST -0500 | ##########  END  ##########
12/19/24 23:45:02 EST -0500 | ########## START ##########
12/19/24 23:45:07 EST -0500 | ##########  END  ##########
12/20/24 23:45:02 EST -0500 | ########## START ##########
12/20/24 23:45:07 EST -0500 | ##########  END  ##########
12/21/24 23:45:02 EST -0500 | ########## START ##########
12/21/24 23:45:11 EST -0500 | ##########  END  ##########
12/22/24 23:45:02 EST -0500 | ########## START ##########
12/22/24 23:45:08 EST -0500 | ##########  END  ##########
12/23/24 23:45:02 EST -0500 | ########## START ##########
12/23/24 23:45:08 EST -0500 | ##########  END  ##########
12/24/24 23:45:01 EST -0500 | ########## START ##########
12/24/24 23:45:08 EST -0500 | ##########  END  ##########
12/25/24 23:45:02 EST -0500 | ########## START ##########
12/25/24 23:45:09 EST -0500 | ##########  END  ##########
12/26/24 23:45:02 EST -0500 | ########## START ##########
12/26/24 23:45:09 EST -0500 | ##########  END  ##########
12/27/24 23:45:02 EST -0500 | ########## START ##########
12/27/24 23:45:09 EST -0500 | ##########  END  ##########
12/28/24 23:45:02 EST -0500 | ########## START ##########
12/28/24 23:45:10 EST -0500 | ##########  END  ##########
12/29/24 23:45:02 EST -0500 | ########## START ##########
12/29/24 23:45:09 EST -0500 | ##########  END  ##########
12/30/24 23:45:01 EST -0500 | ########## START ##########
12/30/24 23:45:10 EST -0500 | ##########  END  ##########
12/31/24 23:45:03 EST -0500 | ########## START ##########
12/31/24 23:45:12 EST -0500 | ##########  END  ##########
01/01/25 23:45:02 EST -0500 | ########## START ##########
01/01/25 23:45:11 EST -0500 | ##########  END  ##########
01/02/25 23:45:02 EST -0500 | ########## START ##########
01/02/25 23:45:11 EST -0500 | ##########  END  ##########
01/03/25 23:45:02 EST -0500 | ########## START ##########
01/03/25 23:45:12 EST -0500 | ##########  END  ##########
01/04/25 23:45:02 EST -0500 | ########## START ##########
01/04/25 23:45:12 EST -0500 | ##########  END  ##########
01/05/25 23:45:01 EST -0500 | ########## START ##########
01/05/25 23:45:11 EST -0500 | ##########  END  ##########
01/06/25 23:45:01 EST -0500 | ########## START ##########
01/06/25 23:45:11 EST -0500 | ##########  END  ##########
01/07/25 23:45:01 EST -0500 | ########## START ##########
01/07/25 23:45:11 EST -0500 | ##########  END  ##########
01/08/25 23:45:02 EST -0500 | ########## START ##########
01/08/25 23:45:13 EST -0500 | ##########  END  ##########
01/09/25 23:45:01 EST -0500 | ########## START ##########
01/09/25 23:45:06 EST -0500 | ##########  END  ##########
01/10/25 23:45:02 EST -0500 | ########## START ##########
01/10/25 23:45:06 EST -0500 | ##########  END  ##########
01/11/25 23:45:02 EST -0500 | ########## START ##########
01/11/25 23:45:07 EST -0500 | ##########  END  ##########
01/12/25 23:45:02 EST -0500 | ########## START ##########
01/12/25 23:45:07 EST -0500 | ##########  END  ##########
01/13/25 23:45:01 EST -0500 | ########## START ##########
01/13/25 23:45:07 EST -0500 | ##########  END  ##########
01/14/25 23:45:02 EST -0500 | ########## START ##########
01/14/25 23:45:08 EST -0500 | ##########  END  ##########
01/15/25 23:45:02 EST -0500 | ########## START ##########
01/15/25 23:45:08 EST -0500 | ##########  END  ##########
01/16/25 23:45:02 EST -0500 | ########## START ##########
01/16/25 23:45:08 EST -0500 | ##########  END  ##########
01/17/25 23:45:01 EST -0500 | ########## START ##########
01/17/25 23:45:08 EST -0500 | ##########  END  ##########
01/18/25 23:45:02 EST -0500 | ########## START ##########
01/18/25 23:45:09 EST -0500 | ##########  END  ##########
01/19/25 23:45:02 EST -0500 | ########## START ##########
01/19/25 23:45:09 EST -0500 | ##########  END  ##########
01/20/25 23:45:02 EST -0500 | ########## START ##########
01/20/25 23:45:10 EST -0500 | ##########  END  ##########
01/21/25 23:45:02 EST -0500 | ########## START ##########
01/21/25 23:45:10 EST -0500 | ##########  END  ##########
01/22/25 23:45:01 EST -0500 | ########## START ##########
01/22/25 23:45:10 EST -0500 | ##########  END  ##########
01/23/25 23:45:02 EST -0500 | ########## START ##########
01/23/25 23:45:11 EST -0500 | ##########  END  ##########
01/24/25 23:45:01 EST -0500 | ########## START ##########
01/24/25 23:45:10 EST -0500 | ##########  END  ##########
01/25/25 23:45:02 EST -0500 | ########## START ##########
01/25/25 23:45:11 EST -0500 | ##########  END  ##########
01/26/25 23:45:02 EST -0500 | ########## START ##########
01/26/25 23:45:11 EST -0500 | ##########  END  ##########
01/27/25 23:45:02 EST -0500 | ########## START ##########
01/27/25 23:45:06 EST -0500 | ##########  END  ##########
01/28/25 23:45:02 EST -0500 | ########## START ##########
01/28/25 23:45:07 EST -0500 | ##########  END  ##########
01/29/25 23:45:02 EST -0500 | ########## START ##########
01/29/25 23:45:07 EST -0500 | ##########  END  ##########
01/30/25 23:45:02 EST -0500 | ########## START ##########
01/30/25 23:45:06 EST -0500 | ##########  END  ##########
01/31/25 23:45:02 EST -0500 | ########## START ##########
01/31/25 23:45:06 EST -0500 | ##########  END  ##########
02/01/25 23:45:02 EST -0500 | ########## START ##########
02/01/25 23:45:06 EST -0500 | ##########  END  ##########
02/02/25 23:45:02 EST -0500 | ########## START ##########
02/02/25 23:45:07 EST -0500 | ##########  END  ##########
02/03/25 23:45:02 EST -0500 | ########## START ##########
02/03/25 23:45:07 EST -0500 | ##########  END  ##########
02/04/25 23:45:01 EST -0500 | ########## START ##########
02/04/25 23:45:07 EST -0500 | ##########  END  ##########
02/05/25 23:45:02 EST -0500 | ########## START ##########
02/05/25 23:45:08 EST -0500 | ##########  END  ##########
02/06/25 23:45:02 EST -0500 | ########## START ##########
02/06/25 23:45:08 EST -0500 | ##########  END  ##########
02/07/25 23:45:01 EST -0500 | ########## START ##########
02/07/25 23:45:08 EST -0500 | ##########  END  ##########
02/08/25 23:45:02 EST -0500 | ########## START ##########
02/08/25 23:45:09 EST -0500 | ##########  END  ##########
02/09/25 23:45:02 EST -0500 | ########## START ##########
02/09/25 23:45:09 EST -0500 | ##########  END  ##########
02/10/25 23:45:02 EST -0500 | ########## START ##########
02/10/25 23:45:06 EST -0500 | ##########  END  ##########
02/11/25 23:45:02 EST -0500 | ########## START ##########
02/11/25 23:45:07 EST -0500 | ##########  END  ##########
02/12/25 23:45:01 EST -0500 | ########## START ##########
02/12/25 23:45:05 EST -0500 | ##########  END  ##########
02/14/25 23:45:02 EST -0500 | ########## START ##########
02/14/25 23:45:07 EST -0500 | ##########  END  ##########
02/15/25 23:45:01 EST -0500 | ########## START ##########
02/15/25 23:45:06 EST -0500 | ##########  END  ##########
02/16/25 23:45:02 EST -0500 | ########## START ##########
02/16/25 23:45:07 EST -0500 | ##########  END  ##########
02/17/25 23:45:02 EST -0500 | ########## START ##########
02/17/25 23:45:07 EST -0500 | ##########  END  ##########
02/18/25 23:45:02 EST -0500 | ########## START ##########
02/18/25 23:45:07 EST -0500 | ##########  END  ##########
02/19/25 23:45:01 EST -0500 | ########## START ##########
02/19/25 23:45:07 EST -0500 | ##########  END  ##########
02/20/25 23:45:01 EST -0500 | ########## START ##########
02/20/25 23:45:07 EST -0500 | ##########  END  ##########
02/21/25 23:45:02 EST -0500 | ########## START ##########
02/21/25 23:45:08 EST -0500 | ##########  END  ##########
02/22/25 23:45:02 EST -0500 | ########## START ##########
02/22/25 23:45:08 EST -0500 | ##########  END  ##########
02/23/25 23:45:02 EST -0500 | ########## START ##########
02/23/25 23:45:09 EST -0500 | ##########  END  ##########
02/24/25 23:45:01 EST -0500 | ########## START ##########
02/24/25 23:45:06 EST -0500 | ##########  END  ##########
02/25/25 23:45:02 EST -0500 | ########## START ##########
02/25/25 23:45:06 EST -0500 | ##########  END  ##########
02/26/25 23:45:01 EST -0500 | ########## START ##########
02/26/25 23:45:06 EST -0500 | ##########  END  ##########
02/27/25 23:45:02 EST -0500 | ########## START ##########
02/27/25 23:45:07 EST -0500 | ##########  END  ##########
02/28/25 23:45:01 EST -0500 | ########## START ##########
02/28/25 23:45:07 EST -0500 | ##########  END  ##########
03/01/25 23:45:02 EST -0500 | ########## START ##########
03/01/25 23:45:07 EST -0500 | ##########  END  ##########
03/02/25 23:45:02 EST -0500 | ########## START ##########
03/02/25 23:45:08 EST -0500 | ##########  END  ##########
03/03/25 23:45:02 EST -0500 | ########## START ##########
03/03/25 23:45:08 EST -0500 | ##########  END  ##########
03/04/25 23:45:02 EST -0500 | ########## START ##########
03/04/25 23:45:09 EST -0500 | ##########  END  ##########
03/05/25 23:45:01 EST -0500 | ########## START ##########
03/05/25 23:45:08 EST -0500 | ##########  END  ##########
03/06/25 23:45:02 EST -0500 | ########## START ##########
03/06/25 23:45:09 EST -0500 | ##########  END  ##########
03/07/25 23:45:02 EST -0500 | ########## START ##########
03/07/25 23:45:10 EST -0500 | ##########  END  ##########
03/08/25 23:45:02 EST -0500 | ########## START ##########
03/08/25 23:45:10 EST -0500 | ##########  END  ##########
03/09/25 23:45:01 EDT -0400 | ########## START ##########
03/09/25 23:45:10 EDT -0400 | ##########  END  ##########
03/10/25 23:45:02 EDT -0400 | ########## START ##########
03/10/25 23:45:06 EDT -0400 | ##########  END  ##########
03/11/25 23:45:02 EDT -0400 | ########## START ##########
03/11/25 23:45:06 EDT -0400 | ##########  END  ##########
03/12/25 23:45:02 EDT -0400 | ########## START ##########
03/12/25 23:45:07 EDT -0400 | ##########  END  ##########
03/13/25 23:45:02 EDT -0400 | ########## START ##########
03/13/25 23:45:07 EDT -0400 | ##########  END  ##########
03/14/25 23:45:02 EDT -0400 | ########## START ##########
03/14/25 23:45:08 EDT -0400 | ##########  END  ##########
03/15/25 23:45:02 EDT -0400 | ########## START ##########
03/15/25 23:45:08 EDT -0400 | ##########  END  ##########
03/16/25 23:45:02 EDT -0400 | ########## START ##########
03/16/25 23:45:08 EDT -0400 | ##########  END  ##########
03/17/25 23:45:02 EDT -0400 | ########## START ##########
03/17/25 23:45:06 EDT -0400 | ##########  END  ##########
03/18/25 23:45:02 EDT -0400 | ########## START ##########
03/18/25 23:45:07 EDT -0400 | ##########  END  ##########
03/19/25 23:45:01 EDT -0400 | ########## START ##########
03/19/25 23:45:06 EDT -0400 | ##########  END  ##########
03/20/25 23:45:02 EDT -0400 | ########## START ##########
03/20/25 23:45:07 EDT -0400 | ##########  END  ##########
03/21/25 23:45:02 EDT -0400 | ########## START ##########
03/21/25 23:45:07 EDT -0400 | ##########  END  ##########
03/22/25 23:45:02 EDT -0400 | ########## START ##########
03/22/25 23:45:08 EDT -0400 | ##########  END  ##########
03/23/25 23:45:02 EDT -0400 | ########## START ##########
03/23/25 23:45:08 EDT -0400 | ##########  END  ##########
03/24/25 23:45:02 EDT -0400 | ########## START ##########
03/24/25 23:45:07 EDT -0400 | ##########  END  ##########
03/25/25 23:45:02 EDT -0400 | ########## START ##########
03/25/25 23:45:06 EDT -0400 | ##########  END  ##########
03/26/25 23:45:02 EDT -0400 | ########## START ##########
03/26/25 23:45:06 EDT -0400 | ##########  END  ##########
03/27/25 23:45:01 EDT -0400 | ########## START ##########
03/27/25 23:45:07 EDT -0400 | ##########  END  ##########
03/28/25 23:45:02 EDT -0400 | ########## START ##########
03/28/25 23:45:08 EDT -0400 | ##########  END  ##########
03/29/25 23:45:02 EDT -0400 | ########## START ##########
03/29/25 23:45:08 EDT -0400 | ##########  END  ##########
03/30/25 23:45:02 EDT -0400 | ########## START ##########
03/30/25 23:45:08 EDT -0400 | ##########  END  ##########
03/31/25 23:45:01 EDT -0400 | ########## START ##########
03/31/25 23:45:06 EDT -0400 | ##########  END  ##########
04/01/25 23:45:02 EDT -0400 | ########## START ##########
04/01/25 23:45:07 EDT -0400 | ##########  END  ##########
04/02/25 23:45:01 EDT -0400 | ########## START ##########
04/02/25 23:45:06 EDT -0400 | ##########  END  ##########
04/03/25 23:45:01 EDT -0400 | ########## START ##########
04/03/25 23:45:07 EDT -0400 | ##########  END  ##########
04/04/25 23:45:02 EDT -0400 | ########## START ##########
04/04/25 23:45:08 EDT -0400 | ##########  END  ##########
04/05/25 23:45:02 EDT -0400 | ########## START ##########
04/05/25 23:45:08 EDT -0400 | ##########  END  ##########
04/06/25 23:45:02 EDT -0400 | ########## START ##########
04/06/25 23:45:08 EDT -0400 | ##########  END  ##########
04/07/25 23:45:01 EDT -0400 | ########## START ##########
04/07/25 23:45:06 EDT -0400 | ##########  END  ##########
04/08/25 23:45:02 EDT -0400 | ########## START ##########
04/08/25 23:45:06 EDT -0400 | ##########  END  ##########
04/09/25 23:45:02 EDT -0400 | ########## START ##########
04/09/25 23:45:07 EDT -0400 | ##########  END  ##########
04/10/25 23:45:02 EDT -0400 | ########## START ##########
04/10/25 23:45:07 EDT -0400 | ##########  END  ##########
04/11/25 23:45:02 EDT -0400 | ########## START ##########
04/11/25 23:45:08 EDT -0400 | ##########  END  ##########
04/12/25 23:45:02 EDT -0400 | ########## START ##########
04/12/25 23:45:08 EDT -0400 | ##########  END  ##########
04/13/25 23:45:02 EDT -0400 | ########## START ##########
04/13/25 23:45:08 EDT -0400 | ##########  END  ##########
04/14/25 23:45:02 EDT -0400 | ########## START ##########
04/14/25 23:45:07 EDT -0400 | ##########  END  ##########
04/15/25 23:45:02 EDT -0400 | ########## START ##########
04/15/25 23:45:07 EDT -0400 | ##########  END  ##########
04/16/25 23:45:02 EDT -0400 | ########## START ##########
04/16/25 23:45:07 EDT -0400 | ##########  END  ##########
04/17/25 23:45:01 EDT -0400 | ########## START ##########
04/17/25 23:45:07 EDT -0400 | ##########  END  ##########
04/18/25 23:45:02 EDT -0400 | ########## START ##########
04/18/25 23:45:07 EDT -0400 | ##########  END  ##########
04/19/25 23:45:02 EDT -0400 | ########## START ##########
04/19/25 23:45:08 EDT -0400 | ##########  END  ##########
04/20/25 23:45:02 EDT -0400 | ########## START ##########
04/20/25 23:45:08 EDT -0400 | ##########  END  ##########
04/21/25 23:45:02 EDT -0400 | ########## START ##########
04/21/25 23:45:07 EDT -0400 | ##########  END  ##########
04/22/25 23:45:01 EDT -0400 | ########## START ##########
04/22/25 23:45:06 EDT -0400 | ##########  END  ##########
04/23/25 23:45:02 EDT -0400 | ########## START ##########
04/23/25 23:45:07 EDT -0400 | ##########  END  ##########
04/24/25 23:45:01 EDT -0400 | ########## START ##########
04/24/25 23:45:07 EDT -0400 | ##########  END  ##########
04/25/25 23:45:01 EDT -0400 | ########## START ##########
04/25/25 23:45:07 EDT -0400 | ##########  END  ##########
04/26/25 23:45:02 EDT -0400 | ########## START ##########
04/26/25 23:45:08 EDT -0400 | ##########  END  ##########
04/27/25 23:45:02 EDT -0400 | ########## START ##########
04/27/25 23:45:08 EDT -0400 | ##########  END  ##########
04/28/25 23:45:01 EDT -0400 | ########## START ##########
04/28/25 23:45:06 EDT -0400 | ##########  END  ##########
04/29/25 23:45:02 EDT -0400 | ########## START ##########
04/29/25 23:45:07 EDT -0400 | ##########  END  ##########
04/30/25 23:45:01 EDT -0400 | ########## START ##########
04/30/25 23:45:06 EDT -0400 | ##########  END  ##########
05/01/25 23:45:02 EDT -0400 | ########## START ##########
05/01/25 23:45:07 EDT -0400 | ##########  END  ##########
05/02/25 23:45:01 EDT -0400 | ########## START ##########
05/02/25 23:45:07 EDT -0400 | ##########  END  ##########
05/03/25 23:45:01 EDT -0400 | ########## START ##########
05/03/25 23:45:07 EDT -0400 | ##########  END  ##########
05/04/25 23:45:02 EDT -0400 | ########## START ##########
05/04/25 23:45:08 EDT -0400 | ##########  END  ##########
05/05/25 23:45:02 EDT -0400 | ########## START ##########
05/05/25 23:45:06 EDT -0400 | ##########  END  ##########
05/06/25 23:45:01 EDT -0400 | ########## START ##########
05/06/25 23:45:06 EDT -0400 | ##########  END  ##########
05/07/25 23:45:02 EDT -0400 | ########## START ##########
05/07/25 23:45:07 EDT -0400 | ##########  END  ##########
05/08/25 23:45:02 EDT -0400 | ########## START ##########
05/08/25 23:45:07 EDT -0400 | ##########  END  ##########
05/09/25 23:45:02 EDT -0400 | ########## START ##########
05/09/25 23:45:07 EDT -0400 | ##########  END  ##########
05/10/25 23:45:02 EDT -0400 | ########## START ##########
05/10/25 23:45:08 EDT -0400 | ##########  END  ##########
05/11/25 23:45:02 EDT -0400 | ########## START ##########
05/11/25 23:45:08 EDT -0400 | ##########  END  ##########
05/12/25 23:45:01 EDT -0400 | ########## START ##########
05/12/25 23:45:06 EDT -0400 | ##########  END  ##########
05/13/25 23:45:02 EDT -0400 | ########## START ##########
05/13/25 23:45:07 EDT -0400 | ##########  END  ##########
05/14/25 23:45:01 EDT -0400 | ########## START ##########
05/14/25 23:45:06 EDT -0400 | ##########  END  ##########
05/15/25 23:45:02 EDT -0400 | ########## START ##########
05/15/25 23:45:07 EDT -0400 | ##########  END  ##########
05/16/25 23:45:02 EDT -0400 | ########## START ##########
05/16/25 23:45:07 EDT -0400 | ##########  END  ##########
05/17/25 23:45:02 EDT -0400 | ########## START ##########
05/17/25 23:45:08 EDT -0400 | ##########  END  ##########
05/18/25 23:45:02 EDT -0400 | ########## START ##########
05/18/25 23:45:09 EDT -0400 | ##########  END  ##########
05/19/25 23:45:02 EDT -0400 | ########## START ##########
05/19/25 23:45:08 EDT -0400 | ##########  END  ##########
05/20/25 23:45:01 EDT -0400 | ########## START ##########
05/20/25 23:45:09 EDT -0400 | ##########  END  ##########
05/21/25 23:45:02 EDT -0400 | ########## START ##########
05/21/25 23:45:09 EDT -0400 | ##########  END  ##########
05/22/25 23:45:02 EDT -0400 | ########## START ##########
05/22/25 23:45:09 EDT -0400 | ##########  END  ##########
05/23/25 23:45:01 EDT -0400 | ########## START ##########
05/23/25 23:45:10 EDT -0400 | ##########  END  ##########
05/24/25 23:45:02 EDT -0400 | ########## START ##########
05/24/25 23:45:10 EDT -0400 | ##########  END  ##########
05/25/25 23:45:02 EDT -0400 | ########## START ##########
05/25/25 23:45:11 EDT -0400 | ##########  END  ##########
05/26/25 23:45:01 EDT -0400 | ########## START ##########
05/26/25 23:45:06 EDT -0400 | ##########  END  ##########
05/27/25 23:45:01 EDT -0400 | ########## START ##########
05/27/25 23:45:06 EDT -0400 | ##########  END  ##########
05/28/25 23:45:02 EDT -0400 | ########## START ##########
05/28/25 23:45:07 EDT -0400 | ##########  END  ##########
05/29/25 23:45:02 EDT -0400 | ########## START ##########
05/29/25 23:45:07 EDT -0400 | ##########  END  ##########
05/30/25 23:45:02 EDT -0400 | ########## START ##########
05/30/25 23:45:08 EDT -0400 | ##########  END  ##########
05/31/25 23:45:02 EDT -0400 | ########## START ##########
05/31/25 23:45:08 EDT -0400 | ##########  END  ##########
06/01/25 23:45:02 EDT -0400 | ########## START ##########
06/01/25 23:45:08 EDT -0400 | ##########  END  ##########
06/02/25 23:45:02 EDT -0400 | ########## START ##########
06/02/25 23:45:06 EDT -0400 | ##########  END  ##########
06/03/25 23:45:01 EDT -0400 | ########## START ##########
06/03/25 23:45:06 EDT -0400 | ##########  END  ##########
06/04/25 23:45:01 EDT -0400 | ########## START ##########
06/04/25 23:45:07 EDT -0400 | ##########  END  ##########
06/05/25 23:45:02 EDT -0400 | ########## START ##########
06/05/25 23:45:08 EDT -0400 | ##########  END  ##########
06/06/25 23:45:01 EDT -0400 | ########## START ##########
06/06/25 23:45:07 EDT -0400 | ##########  END  ##########
06/07/25 23:45:01 EDT -0400 | ########## START ##########
06/07/25 23:45:08 EDT -0400 | ##########  END  ##########
06/08/25 23:45:02 EDT -0400 | ########## START ##########
06/08/25 23:45:08 EDT -0400 | ##########  END  ##########
06/09/25 23:45:01 EDT -0400 | ########## START ##########
06/09/25 23:45:06 EDT -0400 | ##########  END  ##########
06/10/25 23:45:02 EDT -0400 | ########## START ##########
06/10/25 23:45:07 EDT -0400 | ##########  END  ##########
06/11/25 23:45:02 EDT -0400 | ########## START ##########
06/11/25 23:45:07 EDT -0400 | ##########  END  ##########
06/12/25 23:45:02 EDT -0400 | ########## START ##########
06/12/25 23:45:08 EDT -0400 | ##########  END  ##########
06/13/25 23:45:02 EDT -0400 | ########## START ##########
06/13/25 23:45:08 EDT -0400 | ##########  END  ##########
06/14/25 23:45:02 EDT -0400 | ########## START ##########
06/14/25 23:45:08 EDT -0400 | ##########  END  ##########
06/15/25 23:45:02 EDT -0400 | ########## START ##########
06/15/25 23:45:08 EDT -0400 | ##########  END  ##########
06/16/25 23:45:02 EDT -0400 | ########## START ##########
06/16/25 23:45:06 EDT -0400 | ##########  END  ##########
06/17/25 23:45:02 EDT -0400 | ########## START ##########
06/17/25 23:45:06 EDT -0400 | ##########  END  ##########
06/18/25 23:45:02 EDT -0400 | ########## START ##########
06/18/25 23:45:07 EDT -0400 | ##########  END  ##########
06/19/25 23:45:02 EDT -0400 | ########## START ##########
06/19/25 23:45:07 EDT -0400 | ##########  END  ##########
06/20/25 23:45:02 EDT -0400 | ########## START ##########
06/20/25 23:45:07 EDT -0400 | ##########  END  ##########
06/21/25 23:45:02 EDT -0400 | ########## START ##########
06/21/25 23:45:08 EDT -0400 | ##########  END  ##########
06/22/25 23:45:01 EDT -0400 | ########## START ##########
06/22/25 23:45:08 EDT -0400 | ##########  END  ##########
06/23/25 23:45:01 EDT -0400 | ########## START ##########
06/23/25 23:45:06 EDT -0400 | ##########  END  ##########
06/24/25 23:45:01 EDT -0400 | ########## START ##########
06/24/25 23:45:06 EDT -0400 | ##########  END  ##########
06/25/25 23:45:02 EDT -0400 | ########## START ##########
06/25/25 23:45:07 EDT -0400 | ##########  END  ##########
06/26/25 23:45:02 EDT -0400 | ########## START ##########
06/26/25 23:45:08 EDT -0400 | ##########  END  ##########
06/27/25 23:45:02 EDT -0400 | ########## START ##########
06/27/25 23:45:08 EDT -0400 | ##########  END  ##########
06/28/25 23:45:01 EDT -0400 | ########## START ##########
06/28/25 23:45:08 EDT -0400 | ##########  END  ##########
06/29/25 23:45:02 EDT -0400 | ########## START ##########
06/29/25 23:45:08 EDT -0400 | ##########  END  ##########
06/30/25 23:45:01 EDT -0400 | ########## START ##########
06/30/25 23:45:06 EDT -0400 | ##########  END  ##########
07/01/25 23:45:02 EDT -0400 | ########## START ##########
07/01/25 23:45:07 EDT -0400 | ##########  END  ##########
07/02/25 23:45:02 EDT -0400 | ########## START ##########
07/02/25 23:45:07 EDT -0400 | ##########  END  ##########
07/03/25 23:45:02 EDT -0400 | ########## START ##########
07/03/25 23:45:08 EDT -0400 | ##########  END  ##########
07/04/25 23:45:01 EDT -0400 | ########## START ##########
07/04/25 23:45:07 EDT -0400 | ##########  END  ##########
07/05/25 23:45:02 EDT -0400 | ########## START ##########
07/05/25 23:45:08 EDT -0400 | ##########  END  ##########
07/06/25 23:45:02 EDT -0400 | ########## START ##########
07/06/25 23:45:08 EDT -0400 | ##########  END  ##########
07/07/25 23:45:01 EDT -0400 | ########## START ##########
07/07/25 23:45:06 EDT -0400 | ##########  END  ##########
07/08/25 23:45:02 EDT -0400 | ########## START ##########
07/08/25 23:45:06 EDT -0400 | ##########  END  ##########
07/09/25 23:45:02 EDT -0400 | ########## START ##########
07/09/25 23:45:07 EDT -0400 | ##########  END  ##########
07/10/25 23:45:01 EDT -0400 | ########## START ##########
07/10/25 23:45:07 EDT -0400 | ##########  END  ##########
07/11/25 23:45:02 EDT -0400 | ########## START ##########
07/11/25 23:45:07 EDT -0400 | ##########  END  ##########
07/12/25 23:45:02 EDT -0400 | ########## START ##########
07/12/25 23:45:08 EDT -0400 | ##########  END  ##########
07/13/25 23:45:02 EDT -0400 | ########## START ##########
07/13/25 23:45:08 EDT -0400 | ##########  END  ##########
07/14/25 23:45:02 EDT -0400 | ########## START ##########
07/14/25 23:45:08 EDT -0400 | ##########  END  ##########
07/15/25 23:45:02 EDT -0400 | ########## START ##########
07/15/25 23:45:09 EDT -0400 | ##########  END  ##########
07/16/25 23:45:02 EDT -0400 | ########## START ##########
07/16/25 23:45:09 EDT -0400 | ##########  END  ##########
07/17/25 23:45:01 EDT -0400 | ########## START ##########
07/17/25 23:45:09 EDT -0400 | ##########  END  ##########
07/18/25 23:45:01 EDT -0400 | ########## START ##########
07/18/25 23:45:09 EDT -0400 | ##########  END  ##########
07/19/25 23:45:02 EDT -0400 | ########## START ##########
07/19/25 23:45:10 EDT -0400 | ##########  END  ##########
07/20/25 23:45:02 EDT -0400 | ########## START ##########
07/20/25 23:45:10 EDT -0400 | ##########  END  ##########
07/21/25 23:45:02 EDT -0400 | ########## START ##########
07/21/25 23:45:06 EDT -0400 | ##########  END  ##########
07/22/25 23:45:02 EDT -0400 | ########## START ##########
07/22/25 23:45:07 EDT -0400 | ##########  END  ##########
07/23/25 23:45:01 EDT -0400 | ########## START ##########
07/23/25 23:45:07 EDT -0400 | ##########  END  ##########
07/24/25 23:45:02 EDT -0400 | ########## START ##########
07/24/25 23:45:07 EDT -0400 | ##########  END  ##########
07/25/25 23:45:02 EDT -0400 | ########## START ##########
07/25/25 23:45:08 EDT -0400 | ##########  END  ##########
07/26/25 23:45:01 EDT -0400 | ########## START ##########
07/26/25 23:45:07 EDT -0400 | ##########  END  ##########
07/27/25 23:45:02 EDT -0400 | ########## START ##########
07/27/25 23:45:08 EDT -0400 | ##########  END  ##########
07/28/25 23:45:02 EDT -0400 | ########## START ##########
07/28/25 23:45:06 EDT -0400 | ##########  END  ##########
07/29/25 23:45:01 EDT -0400 | ########## START ##########
07/29/25 23:45:06 EDT -0400 | ##########  END  ##########
07/30/25 23:45:02 EDT -0400 | ########## START ##########
07/30/25 23:45:06 EDT -0400 | ##########  END  ##########
07/31/25 23:45:02 EDT -0400 | ########## START ##########
07/31/25 23:45:06 EDT -0400 | ##########  END  ##########
08/01/25 23:45:01 EDT -0400 | ########## START ##########
08/01/25 23:45:06 EDT -0400 | ##########  END  ##########
08/02/25 23:45:02 EDT -0400 | ########## START ##########
08/02/25 23:45:07 EDT -0400 | ##########  END  ##########
08/03/25 23:45:02 EDT -0400 | ########## START ##########
08/03/25 23:45:06 EDT -0400 | ##########  END  ##########
08/04/25 23:45:01 EDT -0400 | ########## START ##########
08/04/25 23:45:06 EDT -0400 | scp: /home/licor/data/summaries/*: No such file or directory
08/05/25 23:45:02 EDT -0400 | ########## START ##########
08/05/25 23:45:06 EDT -0400 | scp: /home/licor/data/summaries/*: No such file or directory
08/06/25 23:45:02 EDT -0400 | ########## START ##########
08/06/25 23:45:06 EDT -0400 | scp: /home/licor/data/summaries/*: No such file or directory
08/07/25 23:45:02 EDT -0400 | ########## START ##########
08/07/25 23:45:06 EDT -0400 | scp: /home/licor/data/summaries/*: No such file or directory
08/08/25 23:45:01 EDT -0400 | ########## START ##########
08/08/25 23:45:05 EDT -0400 | scp: /home/licor/data/summaries/*: No such file or directory
08/09/25 23:45:02 EDT -0400 | ########## START ##########
08/09/25 23:45:06 EDT -0400 | scp: /home/licor/data/summaries/*: No such file or directory
08/10/25 23:45:01 EDT -0400 | ########## START ##########
08/10/25 23:45:05 EDT -0400 | scp: /home/licor/data/summaries/*: No such file or directory
08/11/25 23:45:02 EDT -0400 | ########## START ##########
08/11/25 23:45:06 EDT -0400 | scp: /home/licor/data/summaries/*: No such file or directory
08/12/25 23:45:02 EDT -0400 | ########## START ##########
08/12/25 23:45:06 EDT -0400 | scp: /home/licor/data/summaries/*: No such file or directory
08/13/25 23:45:02 EDT -0400 | ########## START ##########
08/13/25 23:45:06 EDT -0400 | scp: /home/licor/data/summaries/*: No such file or directory
08/14/25 23:45:02 EDT -0400 | ########## START ##########
08/14/25 23:45:06 EDT -0400 | scp: /home/licor/data/summaries/*: No such file or directory
08/15/25 23:45:01 EDT -0400 | ########## START ##########
08/15/25 23:45:06 EDT -0400 | scp: /home/licor/data/summaries/*: No such file or directory
08/16/25 23:45:02 EDT -0400 | ########## START ##########
08/16/25 23:45:06 EDT -0400 | scp: /home/licor/data/summaries/*: No such file or directory
08/17/25 23:45:02 EDT -0400 | ########## START ##########
08/17/25 23:45:06 EDT -0400 | scp: /home/licor/data/summaries/*: No such file or directory
08/18/25 23:45:02 EDT -0400 | ########## START ##########
08/18/25 23:45:06 EDT -0400 | ##########  END  ##########
08/19/25 23:45:01 EDT -0400 | ########## START ##########
08/19/25 23:45:06 EDT -0400 | ##########  END  ##########
08/20/25 23:45:02 EDT -0400 | ########## START ##########
08/20/25 23:45:07 EDT -0400 | ##########  END  ##########
08/21/25 23:45:02 EDT -0400 | ########## START ##########
08/21/25 23:45:07 EDT -0400 | ##########  END  ##########
08/22/25 23:45:01 EDT -0400 | ########## START ##########
08/22/25 23:45:06 EDT -0400 | Permission denied, please try again.
08/22/25 23:45:06 EDT -0400 | Permission denied, please try again.
08/22/25 23:45:06 EDT -0400 | licor@10.10.1.4: Permission denied (publickey,password,keyboard-interactive).
08/23/25 23:45:07 EDT -0400 | ########## START ##########
08/23/25 23:45:11 EDT -0400 | Permission denied, please try again.
08/23/25 23:45:11 EDT -0400 | Permission denied, please try again.
08/23/25 23:45:11 EDT -0400 | licor@10.10.1.4: Permission denied (publickey,password,keyboard-interactive).
08/24/25 23:45:02 EDT -0400 | ########## START ##########
08/24/25 23:45:06 EDT -0400 | Permission denied, please try again.
08/24/25 23:45:06 EDT -0400 | Permission denied, please try again.
08/24/25 23:45:06 EDT -0400 | licor@10.10.1.4: Permission denied (publickey,password,keyboard-interactive).
08/25/25 23:45:02 EDT -0400 | ########## START ##########
08/25/25 23:45:06 EDT -0400 | Permission denied, please try again.
08/25/25 23:45:06 EDT -0400 | Permission denied, please try again.
08/25/25 23:45:06 EDT -0400 | licor@10.10.1.4: Permission denied (publickey,password,keyboard-interactive).
08/26/25 23:45:02 EDT -0400 | ########## START ##########
08/26/25 23:45:06 EDT -0400 | Permission denied, please try again.
08/26/25 23:45:06 EDT -0400 | Permission denied, please try again.
08/26/25 23:45:06 EDT -0400 | licor@10.10.1.4: Permission denied (publickey,password,keyboard-interactive).
08/27/25 15:28:09 EDT -0400 | ########## START ##########
08/27/25 15:28:16 EDT -0400 | ##########  END  ##########
08/27/25 15:28:51 EDT -0400 | ########## START ##########
08/27/25 15:28:57 EDT -0400 | ##########  END  ##########
08/27/25 15:35:53 EDT -0400 | ########## START ##########
08/27/25 15:35:56 EDT -0400 | ##########  END  ##########
08/27/25 23:45:02 EDT -0400 | ########## START ##########
08/27/25 23:45:06 EDT -0400 | ##########  END  ##########
08/28/25 23:45:02 EDT -0400 | ########## START ##########
08/28/25 23:45:07 EDT -0400 | ##########  END  ##########
08/29/25 23:45:01 EDT -0400 | ########## START ##########
08/29/25 23:45:07 EDT -0400 | ##########  END  ##########
08/30/25 23:45:02 EDT -0400 | ########## START ##########
08/30/25 23:45:08 EDT -0400 | ##########  END  ##########
08/31/25 23:45:02 EDT -0400 | ########## START ##########
08/31/25 23:45:07 EDT -0400 | ##########  END  ##########
09/01/25 23:45:02 EDT -0400 | ########## START ##########
09/01/25 23:45:09 EDT -0400 | ##########  END  ##########
09/02/25 23:45:01 EDT -0400 | ########## START ##########
09/02/25 23:45:06 EDT -0400 | ##########  END  ##########
09/03/25 23:45:01 EDT -0400 | ########## START ##########
09/03/25 23:45:06 EDT -0400 | ##########  END  ##########
09/04/25 23:45:02 EDT -0400 | ########## START ##########
09/04/25 23:45:07 EDT -0400 | ##########  END  ##########
09/05/25 23:45:02 EDT -0400 | ########## START ##########
09/05/25 23:45:08 EDT -0400 | ##########  END  ##########
09/06/25 23:45:01 EDT -0400 | ########## START ##########
09/06/25 23:45:07 EDT -0400 | ##########  END  ##########
09/07/25 23:45:02 EDT -0400 | ########## START ##########
09/07/25 23:45:08 EDT -0400 | ##########  END  ##########
09/08/25 23:45:01 EDT -0400 | ########## START ##########
09/08/25 23:45:05 EDT -0400 | ##########  END  ##########
09/09/25 23:45:01 EDT -0400 | ########## START ##########
09/09/25 23:45:06 EDT -0400 | ##########  END  ##########
09/10/25 23:45:02 EDT -0400 | ########## START ##########
09/10/25 23:45:07 EDT -0400 | ##########  END  ##########
09/11/25 23:45:02 EDT -0400 | ########## START ##########
09/11/25 23:45:07 EDT -0400 | ##########  END  ##########
09/12/25 23:45:02 EDT -0400 | ########## START ##########
09/12/25 23:45:07 EDT -0400 | ##########  END  ##########
09/13/25 23:45:01 EDT -0400 | ########## START ##########
09/13/25 23:45:07 EDT -0400 | ##########  END  ##########
09/14/25 23:45:02 EDT -0400 | ########## START ##########
09/14/25 23:45:08 EDT -0400 | ##########  END  ##########
09/15/25 23:45:02 EDT -0400 | ########## START ##########
09/15/25 23:45:06 EDT -0400 | ##########  END  ##########
09/16/25 23:45:02 EDT -0400 | ########## START ##########
09/16/25 23:45:06 EDT -0400 | ##########  END  ##########
09/17/25 23:45:02 EDT -0400 | ########## START ##########
09/17/25 23:45:07 EDT -0400 | ##########  END  ##########
09/18/25 23:45:02 EDT -0400 | ########## START ##########
09/18/25 23:45:07 EDT -0400 | ##########  END  ##########
09/19/25 23:45:02 EDT -0400 | ########## START ##########
09/19/25 23:45:07 EDT -0400 | ##########  END  ##########
09/20/25 23:45:02 EDT -0400 | ########## START ##########
09/20/25 23:45:08 EDT -0400 | ##########  END  ##########
09/21/25 23:45:02 EDT -0400 | ########## START ##########
09/21/25 23:45:08 EDT -0400 | ##########  END  ##########
09/22/25 23:45:02 EDT -0400 | ########## START ##########
09/22/25 23:45:06 EDT -0400 | ##########  END  ##########
09/23/25 23:45:02 EDT -0400 | ########## START ##########
09/23/25 23:45:06 EDT -0400 | ##########  END  ##########
09/24/25 23:45:01 EDT -0400 | ########## START ##########
09/24/25 23:45:06 EDT -0400 | ##########  END  ##########
09/25/25 23:45:01 EDT -0400 | ########## START ##########
09/25/25 23:45:06 EDT -0400 | ##########  END  ##########
09/26/25 23:45:02 EDT -0400 | ########## START ##########
09/26/25 23:45:07 EDT -0400 | ##########  END  ##########
09/27/25 23:45:01 EDT -0400 | ########## START ##########
09/27/25 23:45:07 EDT -0400 | ##########  END  ##########
09/28/25 23:45:02 EDT -0400 | ########## START ##########
09/28/25 23:45:07 EDT -0400 | ##########  END  ##########
09/29/25 23:45:02 EDT -0400 | ########## START ##########
09/29/25 23:45:06 EDT -0400 | ##########  END  ##########
09/30/25 23:45:02 EDT -0400 | ########## START ##########
09/30/25 23:45:07 EDT -0400 | ##########  END  ##########
10/01/25 23:45:02 EDT -0400 | ########## START ##########
10/01/25 23:45:07 EDT -0400 | ##########  END  ##########
10/02/25 23:45:02 EDT -0400 | ########## START ##########
10/02/25 23:45:07 EDT -0400 | ##########  END  ##########
10/03/25 23:45:02 EDT -0400 | ########## START ##########
10/03/25 23:45:07 EDT -0400 | ##########  END  ##########
10/04/25 23:45:02 EDT -0400 | ########## START ##########
10/04/25 23:45:07 EDT -0400 | ##########  END  ##########
10/05/25 23:45:04 EDT -0400 | ########## START ##########
10/05/25 23:45:12 EDT -0400 | ##########  END  ##########
10/06/25 23:45:02 EDT -0400 | ########## START ##########
10/06/25 23:45:06 EDT -0400 | ##########  END  ##########
10/07/25 23:45:01 EDT -0400 | ########## START ##########
10/07/25 23:45:06 EDT -0400 | ##########  END  ##########
10/08/25 23:45:01 EDT -0400 | ########## START ##########
10/08/25 23:45:06 EDT -0400 | ##########  END  ##########
10/09/25 23:45:02 EDT -0400 | ########## START ##########
10/09/25 23:45:06 EDT -0400 | ##########  END  ##########
10/10/25 23:45:01 EDT -0400 | ########## START ##########
10/10/25 23:45:07 EDT -0400 | ##########  END  ##########
10/11/25 23:45:02 EDT -0400 | ########## START ##########
10/11/25 23:45:07 EDT -0400 | ##########  END  ##########
10/12/25 23:45:02 EDT -0400 | ########## START ##########
10/12/25 23:45:08 EDT -0400 | ##########  END  ##########
10/13/25 23:45:02 EDT -0400 | ########## START ##########
10/13/25 23:45:08 EDT -0400 | ##########  END  ##########
10/14/25 23:45:01 EDT -0400 | ########## START ##########
10/14/25 23:45:08 EDT -0400 | ##########  END  ##########
10/15/25 23:45:02 EDT -0400 | ########## START ##########
10/15/25 23:45:09 EDT -0400 | ##########  END  ##########
10/16/25 23:45:02 EDT -0400 | ########## START ##########
10/16/25 23:45:09 EDT -0400 | ##########  END  ##########
10/17/25 23:45:02 EDT -0400 | ########## START ##########
10/17/25 23:45:09 EDT -0400 | ##########  END  ##########
10/18/25 23:45:02 EDT -0400 | ########## START ##########
10/18/25 23:45:09 EDT -0400 | ##########  END  ##########
10/19/25 23:45:02 EDT -0400 | ########## START ##########
10/19/25 23:45:09 EDT -0400 | ##########  END  ##########
10/20/25 23:45:02 EDT -0400 | ########## START ##########
10/20/25 23:45:06 EDT -0400 | ##########  END  ##########
10/21/25 23:45:09 EDT -0400 | ########## START ##########
10/21/25 23:45:14 EDT -0400 | ##########  END  ##########
10/22/25 23:45:02 EDT -0400 | ########## START ##########
10/22/25 23:45:07 EDT -0400 | ##########  END  ##########
10/23/25 23:45:02 EDT -0400 | ########## START ##########
10/23/25 23:45:07 EDT -0400 | ##########  END  ##########
10/24/25 23:45:02 EDT -0400 | ########## START ##########
10/24/25 23:45:07 EDT -0400 | ##########  END  ##########
10/25/25 23:45:02 EDT -0400 | ########## START ##########
10/25/25 23:45:07 EDT -0400 | ##########  END  ##########
10/26/25 23:45:02 EDT -0400 | ########## START ##########
10/26/25 23:45:08 EDT -0400 | ##########  END  ##########
10/27/25 23:45:02 EDT -0400 | ########## START ##########
10/27/25 23:45:08 EDT -0400 | ##########  END  ##########
10/28/25 23:45:01 EDT -0400 | ########## START ##########
10/28/25 23:45:08 EDT -0400 | ##########  END  ##########
10/29/25 23:45:02 EDT -0400 | ########## START ##########
10/29/25 23:45:08 EDT -0400 | ##########  END  ##########
10/30/25 23:45:02 EDT -0400 | ########## START ##########
10/30/25 23:45:09 EDT -0400 | ##########  END  ##########
10/31/25 23:45:02 EDT -0400 | ########## START ##########
10/31/25 23:45:08 EDT -0400 | ##########  END  ##########
11/01/25 23:45:02 EDT -0400 | ########## START ##########
11/01/25 23:45:10 EDT -0400 | ##########  END  ##########
11/02/25 23:45:02 EST -0500 | ########## START ##########
11/02/25 23:45:10 EST -0500 | ##########  END  ##########
11/03/25 23:45:01 EST -0500 | ########## START ##########
11/03/25 23:45:06 EST -0500 | ##########  END  ##########
11/04/25 23:45:02 EST -0500 | ########## START ##########
11/04/25 23:45:07 EST -0500 | ##########  END  ##########
11/05/25 23:45:02 EST -0500 | ########## START ##########
11/05/25 23:45:06 EST -0500 | ##########  END  ##########
11/06/25 23:45:02 EST -0500 | ########## START ##########
11/06/25 23:45:07 EST -0500 | ##########  END  ##########
11/07/25 23:45:01 EST -0500 | ########## START ##########
11/07/25 23:45:07 EST -0500 | ##########  END  ##########
11/08/25 23:45:02 EST -0500 | ########## START ##########
11/08/25 23:45:08 EST -0500 | ##########  END  ##########
11/09/25 23:45:02 EST -0500 | ########## START ##########
11/09/25 23:45:08 EST -0500 | ##########  END  ##########
11/10/25 23:45:02 EST -0500 | ########## START ##########
11/10/25 23:45:06 EST -0500 | ##########  END  ##########
11/11/25 23:45:01 EST -0500 | ########## START ##########
11/11/25 23:45:06 EST -0500 | ##########  END  ##########
11/12/25 23:45:01 EST -0500 | ########## START ##########
11/12/25 23:45:06 EST -0500 | ##########  END  ##########
11/13/25 23:45:02 EST -0500 | ########## START ##########
11/13/25 23:45:07 EST -0500 | ##########  END  ##########
11/14/25 23:45:01 EST -0500 | ########## START ##########
11/14/25 23:45:07 EST -0500 | ##########  END  ##########
11/15/25 23:45:02 EST -0500 | ########## START ##########
11/15/25 23:45:08 EST -0500 | ##########  END  ##########
11/16/25 23:45:02 EST -0500 | ########## START ##########
11/16/25 23:45:08 EST -0500 | ##########  END  ##########
11/17/25 23:45:02 EST -0500 | ########## START ##########
11/17/25 23:45:08 EST -0500 | ##########  END  ##########
11/18/25 23:45:02 EST -0500 | ########## START ##########
11/18/25 23:45:08 EST -0500 | ##########  END  ##########
11/19/25 23:45:02 EST -0500 | ########## START ##########
11/19/25 23:45:09 EST -0500 | ##########  END  ##########
11/20/25 23:45:02 EST -0500 | ########## START ##########
11/20/25 23:45:09 EST -0500 | ##########  END  ##########
11/21/25 23:45:02 EST -0500 | ########## START ##########
11/21/25 23:45:09 EST -0500 | ##########  END  ##########
11/22/25 23:45:02 EST -0500 | ########## START ##########
11/22/25 23:45:09 EST -0500 | ##########  END  ##########
11/23/25 23:45:01 EST -0500 | ########## START ##########
11/23/25 23:45:09 EST -0500 | ##########  END  ##########
11/24/25 23:45:02 EST -0500 | ########## START ##########
11/24/25 23:45:10 EST -0500 | ##########  END  ##########
11/25/25 23:45:02 EST -0500 | ########## START ##########
11/25/25 23:45:11 EST -0500 | ##########  END  ##########
11/26/25 23:45:02 EST -0500 | ########## START ##########
11/26/25 23:45:12 EST -0500 | ##########  END  ##########
11/27/25 23:45:02 EST -0500 | ########## START ##########
11/27/25 23:45:11 EST -0500 | ##########  END  ##########
11/28/25 23:45:02 EST -0500 | ########## START ##########
11/28/25 23:45:12 EST -0500 | ##########  END  ##########
11/29/25 23:45:01 EST -0500 | ########## START ##########
11/29/25 23:45:11 EST -0500 | ##########  END  ##########
11/30/25 23:45:01 EST -0500 | ########## START ##########
11/30/25 23:45:11 EST -0500 | ##########  END  ##########
12/01/25 23:45:02 EST -0500 | ########## START ##########
12/01/25 23:45:06 EST -0500 | ##########  END  ##########
12/02/25 23:45:01 EST -0500 | ########## START ##########
12/02/25 23:45:06 EST -0500 | ##########  END  ##########
12/03/25 23:45:01 EST -0500 | ########## START ##########
12/03/25 23:45:06 EST -0500 | ##########  END  ##########
12/04/25 23:45:02 EST -0500 | ########## START ##########
12/04/25 23:45:07 EST -0500 | ##########  END  ##########
12/05/25 23:45:02 EST -0500 | ########## START ##########
12/05/25 23:45:08 EST -0500 | ##########  END  ##########
12/06/25 23:45:01 EST -0500 | ########## START ##########
12/06/25 23:45:07 EST -0500 | ##########  END  ##########
12/07/25 23:45:02 EST -0500 | ########## START ##########
12/07/25 23:45:08 EST -0500 | ##########  END  ##########
12/08/25 23:45:02 EST -0500 | ########## START ##########
12/08/25 23:45:08 EST -0500 | ##########  END  ##########
12/09/25 23:45:02 EST -0500 | ########## START ##########
12/09/25 23:45:08 EST -0500 | ##########  END  ##########
12/10/25 23:45:02 EST -0500 | ########## START ##########
12/10/25 23:45:08 EST -0500 | ##########  END  ##########
12/11/25 23:45:02 EST -0500 | ########## START ##########
12/11/25 23:45:08 EST -0500 | ##########  END  ##########
12/12/25 23:45:01 EST -0500 | ########## START ##########
12/12/25 23:45:08 EST -0500 | ##########  END  ##########
12/13/25 23:45:02 EST -0500 | ########## START ##########
12/13/25 23:45:09 EST -0500 | ##########  END  ##########
12/14/25 23:45:02 EST -0500 | ########## START ##########
12/14/25 23:45:10 EST -0500 | ##########  END  ##########
12/15/25 23:45:02 EST -0500 | ########## START ##########
12/15/25 23:45:06 EST -0500 | ##########  END  ##########
12/16/25 23:45:02 EST -0500 | ########## START ##########
12/16/25 23:45:06 EST -0500 | ##########  END  ##########
12/17/25 23:45:02 EST -0500 | ########## START ##########
12/17/25 23:45:07 EST -0500 | ##########  END  ##########
12/18/25 23:45:02 EST -0500 | ########## START ##########
12/18/25 23:45:07 EST -0500 | ##########  END  ##########
12/19/25 23:45:02 EST -0500 | ########## START ##########
12/19/25 23:45:08 EST -0500 | ##########  END  ##########
12/20/25 23:45:02 EST -0500 | ########## START ##########
12/20/25 23:45:08 EST -0500 | ##########  END  ##########
12/21/25 23:45:02 EST -0500 | ########## START ##########
12/21/25 23:45:08 EST -0500 | ##########  END  ##########
12/22/25 23:45:02 EST -0500 | ########## START ##########
12/22/25 23:45:08 EST -0500 | ##########  END  ##########
12/23/25 23:45:01 EST -0500 | ########## START ##########
12/23/25 23:45:08 EST -0500 | ##########  END  ##########
12/24/25 23:45:02 EST -0500 | ########## START ##########
12/24/25 23:45:09 EST -0500 | ##########  END  ##########
12/25/25 23:45:02 EST -0500 | ########## START ##########
12/25/25 23:45:09 EST -0500 | ##########  END  ##########
12/26/25 23:45:02 EST -0500 | ########## START ##########
12/26/25 23:45:09 EST -0500 | ##########  END  ##########
12/27/25 23:45:02 EST -0500 | ########## START ##########
12/27/25 23:45:10 EST -0500 | ##########  END  ##########
12/28/25 23:45:01 EST -0500 | ########## START ##########
12/28/25 23:45:09 EST -0500 | ##########  END  ##########
12/29/25 23:45:02 EST -0500 | ########## START ##########
12/29/25 23:45:10 EST -0500 | ##########  END  ##########
12/30/25 23:45:02 EST -0500 | ########## START ##########
12/30/25 23:45:10 EST -0500 | ##########  END  ##########
12/31/25 23:45:01 EST -0500 | ########## START ##########
12/31/25 23:45:10 EST -0500 | ##########  END  ##########
01/01/26 23:45:01 EST -0500 | ########## START ##########
01/01/26 23:45:10 EST -0500 | ##########  END  ##########
01/02/26 23:45:02 EST -0500 | ########## START ##########
01/02/26 23:45:12 EST -0500 | ##########  END  ##########
01/03/26 23:45:01 EST -0500 | ########## START ##########
01/03/26 23:45:11 EST -0500 | ##########  END  ##########
01/04/26 23:45:02 EST -0500 | ########## START ##########
01/04/26 23:45:12 EST -0500 | ##########  END  ##########
01/05/26 23:45:02 EST -0500 | ########## START ##########
01/05/26 23:45:12 EST -0500 | ##########  END  ##########
01/06/26 23:45:02 EST -0500 | ########## START ##########
01/06/26 23:45:13 EST -0500 | ##########  END  ##########
01/07/26 23:45:01 EST -0500 | ########## START ##########
01/07/26 23:45:12 EST -0500 | ##########  END  ##########
01/08/26 23:45:02 EST -0500 | ########## START ##########
01/08/26 23:45:13 EST -0500 | ##########  END  ##########
01/09/26 23:45:02 EST -0500 | ########## START ##########
01/09/26 23:45:05 EST -0500 | ssh: connect to host 10.10.1.4 port 22: No route to host
01/10/26 23:45:02 EST -0500 | ########## START ##########
01/10/26 23:45:05 EST -0500 | ssh: connect to host 10.10.1.4 port 22: No route to host
01/11/26 23:45:02 EST -0500 | ########## START ##########
01/11/26 23:45:05 EST -0500 | ssh: connect to host 10.10.1.4 port 22: No route to host
01/12/26 23:45:02 EST -0500 | ########## START ##########
01/12/26 23:45:05 EST -0500 | ssh: connect to host 10.10.1.4 port 22: No route to host
01/13/26 23:45:02 EST -0500 | ########## START ##########
01/13/26 23:45:05 EST -0500 | ssh: connect to host 10.10.1.4 port 22: No route to host
01/14/26 23:45:02 EST -0500 | ########## START ##########
01/14/26 23:45:05 EST -0500 | ssh: connect to host 10.10.1.4 port 22: No route to host
01/15/26 23:45:02 EST -0500 | ########## START ##########
01/15/26 23:45:05 EST -0500 | ssh: connect to host 10.10.1.4 port 22: No route to host
01/16/26 23:45:01 EST -0500 | ########## START ##########
01/16/26 23:45:05 EST -0500 | ssh: connect to host 10.10.1.4 port 22: No route to host
01/17/26 23:45:02 EST -0500 | ########## START ##########
01/17/26 23:45:05 EST -0500 | ssh: connect to host 10.10.1.4 port 22: No route to host
01/18/26 23:45:02 EST -0500 | ########## START ##########
01/18/26 23:45:05 EST -0500 | ssh: connect to host 10.10.1.4 port 22: No route to host
01/19/26 23:45:02 EST -0500 | ########## START ##########
01/19/26 23:45:05 EST -0500 | ssh: connect to host 10.10.1.4 port 22: No route to host
01/20/26 23:45:02 EST -0500 | ########## START ##########
01/20/26 23:45:05 EST -0500 | ssh: connect to host 10.10.1.4 port 22: No route to host
01/21/26 23:45:02 EST -0500 | ########## START ##########
01/21/26 23:45:06 EST -0500 | ##########  END  ##########
01/22/26 23:45:01 EST -0500 | ########## START ##########
01/22/26 23:45:06 EST -0500 | ##########  END  ##########
01/23/26 23:45:01 EST -0500 | ########## START ##########
01/23/26 23:45:06 EST -0500 | ##########  END  ##########
01/24/26 23:45:02 EST -0500 | ########## START ##########
01/24/26 23:45:06 EST -0500 | ##########  END  ##########
01/25/26 23:45:02 EST -0500 | ########## START ##########
01/25/26 23:45:07 EST -0500 | ##########  END  ##########
01/26/26 23:45:02 EST -0500 | ########## START ##########
01/26/26 23:45:07 EST -0500 | ##########  END  ##########
01/27/26 23:45:02 EST -0500 | ########## START ##########
01/27/26 23:45:08 EST -0500 | ##########  END  ##########
01/28/26 23:45:02 EST -0500 | ########## START ##########
01/28/26 23:45:08 EST -0500 | ##########  END  ##########
01/29/26 23:45:02 EST -0500 | ########## START ##########
01/29/26 23:45:08 EST -0500 | ##########  END  ##########
01/30/26 23:45:02 EST -0500 | ########## START ##########
01/30/26 23:45:09 EST -0500 | ##########  END  ##########
01/31/26 23:45:02 EST -0500 | ########## START ##########
01/31/26 23:45:09 EST -0500 | ##########  END  ##########
02/01/26 23:45:02 EST -0500 | ########## START ##########
02/01/26 23:45:09 EST -0500 | ##########  END  ##########
02/02/26 23:45:01 EST -0500 | ########## START ##########
02/02/26 23:45:09 EST -0500 | ##########  END  ##########
02/03/26 23:45:02 EST -0500 | ########## START ##########
02/03/26 23:45:09 EST -0500 | ##########  END  ##########
02/04/26 23:45:02 EST -0500 | ########## START ##########
02/04/26 23:45:11 EST -0500 | ##########  END  ##########
02/05/26 23:45:02 EST -0500 | ########## START ##########
02/05/26 23:45:10 EST -0500 | ##########  END  ##########
02/06/26 23:45:02 EST -0500 | ########## START ##########
02/06/26 23:45:11 EST -0500 | ##########  END  ##########
02/07/26 23:45:02 EST -0500 | ########## START ##########
02/07/26 23:45:11 EST -0500 | ##########  END  ##########
02/08/26 23:45:02 EST -0500 | ########## START ##########
02/08/26 23:45:12 EST -0500 | ##########  END  ##########
02/09/26 23:45:02 EST -0500 | ########## START ##########
02/09/26 23:45:12 EST -0500 | ##########  END  ##########
02/10/26 23:45:02 EST -0500 | ########## START ##########
02/10/26 23:45:12 EST -0500 | ##########  END  ##########
02/11/26 23:45:02 EST -0500 | ########## START ##########
02/11/26 23:45:12 EST -0500 | ##########  END  ##########
02/12/26 23:45:02 EST -0500 | ########## START ##########
02/12/26 23:45:13 EST -0500 | ##########  END  ##########
02/13/26 23:45:02 EST -0500 | ########## START ##########
02/13/26 23:45:13 EST -0500 | ##########  END  ##########
02/14/26 23:45:02 EST -0500 | ########## START ##########
02/14/26 23:45:12 EST -0500 | ##########  END  ##########
02/15/26 23:45:01 EST -0500 | ########## START ##########
02/15/26 23:45:13 EST -0500 | ##########  END  ##########
02/16/26 23:45:02 EST -0500 | ########## START ##########
02/16/26 23:45:14 EST -0500 | ##########  END  ##########
02/17/26 23:45:02 EST -0500 | ########## START ##########
02/17/26 23:45:14 EST -0500 | ##########  END  ##########
02/18/26 23:45:02 EST -0500 | ########## START ##########
02/18/26 23:45:13 EST -0500 | ##########  END  ##########
02/19/26 23:45:02 EST -0500 | ########## START ##########
02/19/26 23:45:15 EST -0500 | ##########  END  ##########
02/20/26 23:45:01 EST -0500 | ########## START ##########
02/20/26 23:45:14 EST -0500 | ##########  END  ##########
02/21/26 23:45:02 EST -0500 | ########## START ##########
02/21/26 23:45:15 EST -0500 | ##########  END  ##########
02/22/26 23:45:02 EST -0500 | ########## START ##########
02/22/26 23:45:14 EST -0500 | ##########  END  ##########
02/23/26 23:45:02 EST -0500 | ########## START ##########
02/23/26 23:45:06 EST -0500 | ##########  END  ##########
02/24/26 23:45:02 EST -0500 | ########## START ##########
02/24/26 23:45:07 EST -0500 | ##########  END  ##########
02/25/26 23:45:02 EST -0500 | ########## START ##########
02/25/26 23:45:07 EST -0500 | ##########  END  ##########
02/26/26 23:45:02 EST -0500 | ########## START ##########
02/26/26 23:45:07 EST -0500 | ##########  END  ##########
02/27/26 23:45:02 EST -0500 | ########## START ##########
02/27/26 23:45:07 EST -0500 | ##########  END  ##########
02/28/26 23:45:02 EST -0500 | ########## START ##########
02/28/26 23:45:07 EST -0500 | ##########  END  ##########
03/01/26 23:45:01 EST -0500 | ########## START ##########
03/01/26 23:45:07 EST -0500 | ##########  END  ##########
03/02/26 23:45:01 EST -0500 | ########## START ##########
03/02/26 23:45:06 EST -0500 | ##########  END  ##########
03/03/26 23:45:02 EST -0500 | ########## START ##########
03/03/26 23:45:06 EST -0500 | ##########  END  ##########
03/04/26 23:45:02 EST -0500 | ########## START ##########
03/04/26 23:45:07 EST -0500 | ##########  END  ##########
03/05/26 23:45:02 EST -0500 | ########## START ##########
03/05/26 23:45:07 EST -0500 | ##########  END  ##########
03/06/26 23:45:01 EST -0500 | ########## START ##########
03/06/26 23:45:07 EST -0500 | ##########  END  ##########
03/07/26 23:45:02 EST -0500 | ########## START ##########
03/07/26 23:45:07 EST -0500 | ##########  END  ##########
03/08/26 23:45:02 EDT -0400 | ########## START ##########
03/08/26 23:45:08 EDT -0400 | ##########  END  ##########
03/09/26 23:45:01 EDT -0400 | ########## START ##########
03/09/26 23:45:06 EDT -0400 | ##########  END  ##########
03/10/26 23:45:02 EDT -0400 | ########## START ##########
03/10/26 23:45:06 EDT -0400 | ##########  END  ##########
03/11/26 23:45:01 EDT -0400 | ########## START ##########
03/11/26 23:45:06 EDT -0400 | ##########  END  ##########
03/12/26 23:45:02 EDT -0400 | ########## START ##########
03/12/26 23:45:07 EDT -0400 | ##########  END  ##########
03/13/26 23:45:02 EDT -0400 | ########## START ##########
03/13/26 23:45:07 EDT -0400 | ##########  END  ##########
03/14/26 23:45:02 EDT -0400 | ########## START ##########
03/14/26 23:45:07 EDT -0400 | ##########  END  ##########
03/15/26 23:45:02 EDT -0400 | ########## START ##########
03/15/26 23:45:08 EDT -0400 | ##########  END  ##########
03/16/26 23:45:02 EDT -0400 | ########## START ##########
03/16/26 23:45:06 EDT -0400 | ##########  END  ##########
03/17/26 23:45:02 EDT -0400 | ########## START ##########
03/17/26 23:45:07 EDT -0400 | ##########  END  ##########
03/18/26 23:45:02 EDT -0400 | ########## START ##########
03/18/26 23:45:07 EDT -0400 | ##########  END  ##########
03/19/26 23:45:02 EDT -0400 | ########## START ##########
03/19/26 23:45:07 EDT -0400 | ##########  END  ##########
03/20/26 23:45:02 EDT -0400 | ########## START ##########
03/20/26 23:45:08 EDT -0400 | ##########  END  ##########
03/21/26 23:45:02 EDT -0400 | ########## START ##########
03/21/26 23:45:08 EDT -0400 | ##########  END  ##########
03/22/26 23:45:04 EDT -0400 | ########## START ##########
03/22/26 23:45:10 EDT -0400 | ##########  END  ##########
03/23/26 23:45:01 EDT -0400 | ########## START ##########
03/23/26 23:45:07 EDT -0400 | ##########  END  ##########
03/24/26 23:45:02 EDT -0400 | ########## START ##########
03/24/26 23:45:08 EDT -0400 | ##########  END  ##########
03/25/26 23:45:02 EDT -0400 | ########## START ##########
03/25/26 23:45:09 EDT -0400 | ##########  END  ##########
03/26/26 23:45:02 EDT -0400 | ########## START ##########
03/26/26 23:45:09 EDT -0400 | ##########  END  ##########
03/27/26 23:45:02 EDT -0400 | ########## START ##########
03/27/26 23:45:09 EDT -0400 | ##########  END  ##########
03/28/26 23:45:02 EDT -0400 | ########## START ##########
03/28/26 23:45:09 EDT -0400 | ##########  END  ##########
03/29/26 23:45:02 EDT -0400 | ########## START ##########
03/29/26 23:45:10 EDT -0400 | ##########  END  ##########
03/30/26 23:45:02 EDT -0400 | ########## START ##########
03/30/26 23:45:07 EDT -0400 | ##########  END  ##########
03/31/26 23:45:02 EDT -0400 | ########## START ##########
03/31/26 23:45:06 EDT -0400 | ##########  END  ##########
04/01/26 23:45:02 EDT -0400 | ########## START ##########
04/01/26 23:45:07 EDT -0400 | ##########  END  ##########
04/02/26 23:45:02 EDT -0400 | ########## START ##########
04/02/26 23:45:07 EDT -0400 | ##########  END  ##########
04/03/26 23:45:02 EDT -0400 | ########## START ##########
04/03/26 23:45:07 EDT -0400 | ##########  END  ##########
04/04/26 23:45:02 EDT -0400 | ########## START ##########
04/04/26 23:45:07 EDT -0400 | ##########  END  ##########
04/05/26 23:45:02 EDT -0400 | ########## START ##########
04/05/26 23:45:08 EDT -0400 | ##########  END  ##########
04/06/26 23:45:02 EDT -0400 | ########## START ##########
04/06/26 23:45:06 EDT -0400 | ##########  END  ##########
04/07/26 23:45:02 EDT -0400 | ########## START ##########
04/07/26 23:45:07 EDT -0400 | ##########  END  ##########
04/08/26 23:45:02 EDT -0400 | ########## START ##########
04/08/26 23:45:07 EDT -0400 | ##########  END  ##########
04/09/26 23:45:02 EDT -0400 | ########## START ##########
04/09/26 23:45:07 EDT -0400 | ##########  END  ##########
04/10/26 23:45:01 EDT -0400 | ########## START ##########
04/10/26 23:45:07 EDT -0400 | ##########  END  ##########
04/11/26 23:45:01 EDT -0400 | ########## START ##########
04/11/26 23:45:07 EDT -0400 | ##########  END  ##########
04/12/26 23:45:02 EDT -0400 | ########## START ##########
04/12/26 23:45:08 EDT -0400 | ##########  END  ##########
04/13/26 23:45:01 EDT -0400 | ########## START ##########
04/13/26 23:45:06 EDT -0400 | ##########  END  ##########
04/14/26 23:45:01 EDT -0400 | ########## START ##########
04/14/26 23:45:06 EDT -0400 | ##########  END  ##########
04/15/26 23:45:02 EDT -0400 | ########## START ##########
04/15/26 23:45:07 EDT -0400 | ##########  END  ##########
04/16/26 23:45:02 EDT -0400 | ########## START ##########
04/16/26 23:45:07 EDT -0400 | ##########  END  ##########
04/17/26 23:45:01 EDT -0400 | ########## START ##########
04/17/26 23:45:07 EDT -0400 | ##########  END  ##########
04/18/26 23:45:02 EDT -0400 | ########## START ##########
04/18/26 23:45:08 EDT -0400 | ##########  END  ##########
04/19/26 23:45:02 EDT -0400 | ########## START ##########
04/19/26 23:45:08 EDT -0400 | ##########  END  ##########
04/20/26 23:45:02 EDT -0400 | ########## START ##########
04/20/26 23:45:06 EDT -0400 | ##########  END  ##########
04/21/26 23:45:02 EDT -0400 | ########## START ##########
04/21/26 23:45:07 EDT -0400 | ##########  END  ##########
04/22/26 23:45:01 EDT -0400 | ########## START ##########
04/22/26 23:45:06 EDT -0400 | ##########  END  ##########
04/23/26 23:45:02 EDT -0400 | ########## START ##########
04/23/26 23:45:07 EDT -0400 | ##########  END  ##########
04/24/26 23:45:01 EDT -0400 | ########## START ##########
04/24/26 23:45:07 EDT -0400 | ##########  END  ##########
04/25/26 23:45:01 EDT -0400 | ########## START ##########
04/25/26 23:45:07 EDT -0400 | ##########  END  ##########
04/26/26 23:45:02 EDT -0400 | ########## START ##########
04/26/26 23:45:08 EDT -0400 | ##########  END  ##########
04/27/26 23:45:02 EDT -0400 | ########## START ##########
04/27/26 23:45:07 EDT -0400 | ##########  END  ##########
04/28/26 23:45:01 EDT -0400 | ########## START ##########
04/28/26 23:45:06 EDT -0400 | ##########  END  ##########
04/29/26 23:45:02 EDT -0400 | ########## START ##########
04/29/26 23:45:07 EDT -0400 | ##########  END  ##########
04/30/26 23:45:02 EDT -0400 | ########## START ##########
04/30/26 23:45:07 EDT -0400 | ##########  END  ##########
05/01/26 23:45:02 EDT -0400 | ########## START ##########
05/01/26 23:45:07 EDT -0400 | ##########  END  ##########
05/02/26 23:45:01 EDT -0400 | ########## START ##########
05/02/26 23:45:07 EDT -0400 | ##########  END  ##########
05/03/26 23:45:02 EDT -0400 | ########## START ##########
05/03/26 23:45:08 EDT -0400 | ##########  END  ##########
05/04/26 23:45:02 EDT -0400 | ########## START ##########
05/04/26 23:45:08 EDT -0400 | ##########  END  ##########
05/05/26 23:45:02 EDT -0400 | ########## START ##########
05/05/26 23:45:08 EDT -0400 | ##########  END  ##########
05/06/26 23:45:02 EDT -0400 | ########## START ##########
05/06/26 23:45:09 EDT -0400 | ##########  END  ##########
05/07/26 23:45:01 EDT -0400 | ########## START ##########
05/07/26 23:45:09 EDT -0400 | ##########  END  ##########
05/08/26 23:45:03 EDT -0400 | ########## START ##########
05/08/26 23:45:12 EDT -0400 | ##########  END  ##########
05/09/26 23:45:02 EDT -0400 | ########## START ##########
05/09/26 23:45:09 EDT -0400 | ##########  END  ##########
05/10/26 23:45:02 EDT -0400 | ########## START ##########
05/10/26 23:45:10 EDT -0400 | ##########  END  ##########
05/11/26 23:45:01 EDT -0400 | ########## START ##########
05/11/26 23:45:06 EDT -0400 | ##########  END  ##########
05/12/26 23:45:01 EDT -0400 | ########## START ##########
05/12/26 23:45:06 EDT -0400 | ##########  END  ##########
05/13/26 23:45:03 EDT -0400 | ########## START ##########
05/13/26 23:45:08 EDT -0400 | ##########  END  ##########
05/14/26 23:45:02 EDT -0400 | ########## START ##########
05/14/26 23:45:07 EDT -0400 | ##########  END  ##########
05/15/26 23:45:02 EDT -0400 | ########## START ##########
05/15/26 23:45:07 EDT -0400 | ##########  END  ##########
05/16/26 23:45:01 EDT -0400 | ########## START ##########
05/16/26 23:45:07 EDT -0400 | ##########  END  ##########
05/17/26 23:45:02 EDT -0400 | ########## START ##########
05/17/26 23:45:08 EDT -0400 | ##########  END  ##########
05/18/26 23:45:13 EDT -0400 | ########## START ##########
05/18/26 23:45:19 EDT -0400 | ##########  END  ##########
05/19/26 23:45:02 EDT -0400 | ########## START ##########
05/19/26 23:45:06 EDT -0400 | ##########  END  ##########
05/20/26 23:45:02 EDT -0400 | ########## START ##########
05/20/26 23:45:06 EDT -0400 | ##########  END  ##########
05/21/26 23:45:01 EDT -0400 | ########## START ##########
05/21/26 23:45:07 EDT -0400 | ##########  END  ##########
05/22/26 23:45:01 EDT -0400 | ########## START ##########
05/22/26 23:45:07 EDT -0400 | ##########  END  ##########
05/23/26 23:45:02 EDT -0400 | ########## START ##########
05/23/26 23:45:08 EDT -0400 | ##########  END  ##########
05/24/26 23:45:02 EDT -0400 | ########## START ##########
05/24/26 23:45:08 EDT -0400 | ##########  END  ##########
05/25/26 23:45:02 EDT -0400 | ########## START ##########
05/25/26 23:45:06 EDT -0400 | ##########  END  ##########
05/26/26 23:45:01 EDT -0400 | ########## START ##########
05/26/26 23:45:05 EDT -0400 | ##########  END  ##########
05/27/26 23:45:01 EDT -0400 | ########## START ##########
05/27/26 23:45:06 EDT -0400 | ##########  END  ##########
05/28/26 23:45:02 EDT -0400 | ########## START ##########
05/28/26 23:45:07 EDT -0400 | ##########  END  ##########
05/29/26 23:45:01 EDT -0400 | ########## START ##########
05/29/26 23:45:07 EDT -0400 | ##########  END  ##########
05/30/26 23:45:02 EDT -0400 | ########## START ##########
05/30/26 23:45:08 EDT -0400 | ##########  END  ##########
05/31/26 23:45:02 EDT -0400 | ########## START ##########
05/31/26 23:45:08 EDT -0400 | ##########  END  ##########
06/01/26 23:45:01 EDT -0400 | ########## START ##########
06/01/26 23:45:06 EDT -0400 | ##########  END  ##########
06/02/26 23:45:02 EDT -0400 | ########## START ##########
06/02/26 23:45:06 EDT -0400 | ##########  END  ##########
06/03/26 23:45:02 EDT -0400 | ########## START ##########
06/03/26 23:45:07 EDT -0400 | ##########  END  ##########
06/04/26 23:45:02 EDT -0400 | ########## START ##########
06/04/26 23:45:07 EDT -0400 | ##########  END  ##########
06/05/26 23:45:02 EDT -0400 | ########## START ##########
06/05/26 23:45:08 EDT -0400 | ##########  END  ##########
06/06/26 23:45:02 EDT -0400 | ########## START ##########
06/06/26 23:45:08 EDT -0400 | ##########  END  ##########
06/07/26 23:45:02 EDT -0400 | ########## START ##########
06/07/26 23:45:11 EDT -0400 | ##########  END  ##########
06/08/26 23:45:02 EDT -0400 | ########## START ##########
06/08/26 23:45:06 EDT -0400 | ##########  END  ##########
06/09/26 23:45:02 EDT -0400 | ########## START ##########
06/09/26 23:45:06 EDT -0400 | ##########  END  ##########
06/10/26 23:45:01 EDT -0400 | ########## START ##########
06/10/26 23:45:06 EDT -0400 | ##########  END  ##########
06/11/26 23:45:02 EDT -0400 | ########## START ##########
06/11/26 23:45:07 EDT -0400 | ##########  END  ##########
06/12/26 23:45:02 EDT -0400 | ########## START ##########
06/12/26 23:45:06 EDT -0400 | ##########  END  ##########
06/13/26 23:45:01 EDT -0400 | ########## START ##########
06/13/26 23:45:07 EDT -0400 | ##########  END  ##########
06/14/26 23:45:02 EDT -0400 | ########## START ##########
06/14/26 23:45:08 EDT -0400 | ##########  END  ##########
06/15/26 23:45:02 EDT -0400 | ########## START ##########
06/15/26 23:45:06 EDT -0400 | ##########  END  ##########
06/16/26 23:45:02 EDT -0400 | ########## START ##########
06/16/26 23:45:06 EDT -0400 | ##########  END  ##########
06/17/26 23:45:02 EDT -0400 | ########## START ##########
06/17/26 23:45:06 EDT -0400 | ##########  END  ##########
06/18/26 23:45:02 EDT -0400 | ########## START ##########
06/18/26 23:45:07 EDT -0400 | ##########  END  ##########
06/19/26 23:45:01 EDT -0400 | ########## START ##########
06/19/26 23:45:07 EDT -0400 | ##########  END  ##########
06/20/26 23:45:01 EDT -0400 | ########## START ##########
06/20/26 23:45:07 EDT -0400 | ##########  END  ##########
06/21/26 23:45:02 EDT -0400 | ########## START ##########
06/21/26 23:45:08 EDT -0400 | ##########  END  ##########
06/22/26 23:45:01 EDT -0400 | ########## START ##########
06/22/26 23:45:08 EDT -0400 | ##########  END  ##########
06/23/26 23:45:02 EDT -0400 | ########## START ##########
06/23/26 23:45:08 EDT -0400 | ##########  END  ##########
06/24/26 23:45:02 EDT -0400 | ########## START ##########
06/24/26 23:45:09 EDT -0400 | ##########  END  ##########
06/25/26 23:45:02 EDT -0400 | ########## START ##########
06/25/26 23:45:09 EDT -0400 | ##########  END  ##########
06/26/26 23:45:02 EDT -0400 | ########## START ##########
06/26/26 23:45:09 EDT -0400 | ##########  END  ##########
06/27/26 23:45:01 EDT -0400 | ########## START ##########
06/27/26 23:45:09 EDT -0400 | ##########  END  ##########
06/28/26 23:45:01 EDT -0400 | ########## START ##########
06/28/26 23:45:09 EDT -0400 | ##########  END  ##########
06/29/26 23:45:02 EDT -0400 | ########## START ##########
06/29/26 23:45:06 EDT -0400 | ##########  END  ##########
06/30/26 23:45:02 EDT -0400 | ########## START ##########
06/30/26 23:45:06 EDT -0400 | ##########  END  ##########
07/01/26 23:45:02 EDT -0400 | ########## START ##########
07/01/26 23:45:07 EDT -0400 | ##########  END  ##########
07/02/26 23:45:02 EDT -0400 | ########## START ##########
07/02/26 23:45:07 EDT -0400 | ##########  END  ##########
07/03/26 23:45:01 EDT -0400 | ########## START ##########
07/03/26 23:45:07 EDT -0400 | ##########  END  ##########
07/04/26 23:45:01 EDT -0400 | ########## START ##########
07/04/26 23:45:07 EDT -0400 | ##########  END  ##########
07/05/26 23:45:02 EDT -0400 | ########## START ##########
07/05/26 23:45:07 EDT -0400 | ##########  END  ##########
07/06/26 23:45:02 EDT -0400 | ########## START ##########
07/06/26 23:45:06 EDT -0400 | ##########  END  ##########
07/07/26 23:45:03 EDT -0400 | ########## START ##########
07/07/26 23:45:07 EDT -0400 | ##########  END  ##########
07/08/26 23:45:02 EDT -0400 | ########## START ##########
07/08/26 23:45:07 EDT -0400 | ##########  END  ##########
07/09/26 23:45:01 EDT -0400 | ########## START ##########
07/09/26 23:45:07 EDT -0400 | ##########  END  ##########
07/10/26 23:45:02 EDT -0400 | ########## START ##########
07/10/26 23:45:07 EDT -0400 | ##########  END  ##########
07/11/26 23:45:02 EDT -0400 | ########## START ##########
07/11/26 23:45:07 EDT -0400 | ##########  END  ##########
07/12/26 23:45:02 EDT -0400 | ########## START ##########
07/12/26 23:45:08 EDT -0400 | ##########  END  ##########
07/13/26 23:45:01 EDT -0400 | ########## START ##########
07/13/26 23:45:08 EDT -0400 | ##########  END  ##########
07/14/26 23:45:02 EDT -0400 | ########## START ##########
07/14/26 23:45:08 EDT -0400 | ##########  END  ##########
07/15/26 23:45:02 EDT -0400 | ########## START ##########
07/15/26 23:45:09 EDT -0400 | ##########  END  ##########
07/16/26 23:45:01 EDT -0400 | ########## START ##########
07/16/26 23:45:09 EDT -0400 | ##########  END  ##########
07/17/26 23:45:02 EDT -0400 | ########## START ##########
07/17/26 23:45:10 EDT -0400 | ##########  END  ##########
07/18/26 23:45:02 EDT -0400 | ########## START ##########
07/18/26 23:45:10 EDT -0400 | ##########  END  ##########
07/19/26 23:45:01 EDT -0400 | ########## START ##########
07/19/26 23:45:10 EDT -0400 | ##########  END  ##########
07/20/26 23:45:01 EDT -0400 | ########## START ##########
07/20/26 23:45:09 EDT -0400 | ##########  END  ##########
07/21/26 23:45:02 EDT -0400 | ########## START ##########
07/21/26 23:45:11 EDT -0400 | ##########  END  ##########
07/22/26 23:45:02 EDT -0400 | ########## START ##########
07/22/26 23:45:10 EDT -0400 | ##########  END  ##########
07/23/26 23:45:02 EDT -0400 | ########## START ##########
07/23/26 23:45:11 EDT -0400 | ##########  END  ##########
07/24/26 23:45:02 EDT -0400 | ########## START ##########
07/24/26 23:45:11 EDT -0400 | ##########  END  ##########
07/25/26 23:45:02 EDT -0400 | ########## START ##########
07/25/26 23:45:11 EDT -0400 | ##########  END  ##########
07/26/26 23:45:02 EDT -0400 | ########## START ##########
07/26/26 23:45:12 EDT -0400 | ##########  END  ##########
07/27/26 23:45:01 EDT -0400 | ########## START ##########
07/27/26 23:45:12 EDT -0400 | ##########  END  ##########
07/28/26 23:45:02 EDT -0400 | ########## START ##########
07/28/26 23:45:12 EDT -0400 | ##########  END  ##########
07/29/26 23:45:01 EDT -0400 | ########## START ##########
07/29/26 23:45:12 EDT -0400 | ##########  END  ##########
07/30/26 23:45:02 EDT -0400 | ########## START ##########
07/30/26 23:45:13 EDT -0400 | ##########  END  ##########
07/31/26 23:45:02 EDT -0400 | ########## START ##########
07/31/26 23:45:14 EDT -0400 | ##########  END  ##########
08/01/26 23:45:02 EDT -0400 | ########## START ##########
08/01/26 23:45:12 EDT -0400 | ##########  END  ##########
08/02/26 23:45:01 EDT -0400 | ########## START ##########
08/02/26 23:45:13 EDT -0400 | ##########  END  ##########
08/03/26 23:45:02 EDT -0400 | ########## START ##########
08/03/26 23:45:05 EDT -0400 | ##########  END  ##########
08/04/26 23:45:02 EDT -0400 | ########## START ##########
08/04/26 23:45:07 EDT -0400 | ##########  END  ##########
08/05/26 23:45:01 EDT -0400 | ########## START ##########
08/05/26 23:45:06 EDT -0400 | ##########  END  ##########
08/06/26 23:45:02 EDT -0400 | ########## START ##########
08/06/26 23:45:07 EDT -0400 | ##########  END  ##########
08/07/26 23:45:02 EDT -0400 | ########## START ##########
08/07/26 23:45:07 EDT -0400 | ##########  END  ##########
08/08/26 23:45:02 EDT -0400 | ########## START ##########
08/08/26 23:45:08 EDT -0400 | ##########  END  ##########
08/09/26 23:45:01 EDT -0400 | ########## START ##########
08/09/26 23:45:07 EDT -0400 | ##########  END  ##########
08/10/26 23:45:02 EDT -0400 | ########## START ##########
08/10/26 23:45:06 EDT -0400 | ##########  END  ##########
08/11/26 23:45:02 EDT -0400 | ########## START ##########
08/11/26 23:45:07 EDT -0400 | ##########  END  ##########
08/12/26 23:45:02 EDT -0400 | ########## START ##########
08/12/26 23:45:07 EDT -0400 | ##########  END  ##########
08/13/26 23:45:02 EDT -0400 | ########## START ##########
08/13/26 23:45:07 EDT -0400 | ##########  END  ##########
08/14/26 23:45:02 EDT -0400 | ########## START ##########
08/14/26 23:45:06 EDT -0400 | ##########  END  ##########
08/15/26 23:45:02 EDT -0400 | ########## START ##########
08/15/26 23:45:08 EDT -0400 | ##########  END  ##########
08/16/26 23:45:02 EDT -0400 | ########## START ##########
08/16/26 23:45:08 EDT -0400 | ##########  END  ##########
08/17/26 23:45:02 EDT -0400 | ########## START ##########
08/17/26 23:45:06 EDT -0400 | ##########  END  ##########
08/18/26 23:45:01 EDT -0400 | ########## START ##########
08/18/26 23:45:06 EDT -0400 | ##########  END  ##########
08/19/26 23:45:02 EDT -0400 | ########## START ##########
08/19/26 23:45:07 EDT -0400 | ##########  END  ##########
08/20/26 23:45:02 EDT -0400 | ########## START ##########
08/20/26 23:45:07 EDT -0400 | ##########  END  ##########
08/21/26 23:45:02 EDT -0400 | ########## START ##########
08/21/26 23:45:07 EDT -0400 | ##########  END  ##########
08/22/26 23:45:02 EDT -0400 | ########## START ##########
08/22/26 23:45:08 EDT -0400 | ##########  END  ##########
08/23/26 23:45:02 EDT -0400 | ########## START ##########
08/23/26 23:45:08 EDT -0400 | ##########  END  ##########
08/24/26 23:45:01 EDT -0400 | ########## START ##########
08/24/26 23:45:08 EDT -0400 | ##########  END  ##########
08/25/26 23:45:02 EDT -0400 | ########## START ##########
08/25/26 23:45:06 EDT -0400 | ##########  END  ##########
08/26/26 23:45:02 EDT -0400 | ########## START ##########
08/26/26 23:45:07 EDT -0400 | ##########  END  ##########
08/27/26 23:45:01 EDT -0400 | ########## START ##########
08/27/26 23:45:06 EDT -0400 | ##########  END  ##########
08/28/26 23:45:02 EDT -0400 | ########## START ##########
08/28/26 23:45:07 EDT -0400 | ##########  END  ##########
08/29/26 23:45:01 EDT -0400 | ########## START ##########
08/29/26 23:45:07 EDT -0400 | ##########  END  ##########
