date,time,DOY,Tau_kgms2,qc_Tau,H_wm2,qc_H,LE_wm2,qc_LE,co2_flux_umolm2s,qc_co2_flux,h2o_flux_umolm2s,qc_h2o_flux,ch4_flux_umolm2s,qc_ch4_flux,co2_v_adv_umolm2s,h2o_v_adv_umolm2s,ch4_v_adv_umolm2s,co2_molar_density_mmolm3,co2_mole_fraction_umolmol,co2_mixing_ratio_umolmol,co2_time_lag_s,co2_def_timelag,h2o_molar_density_mmolm3,h2o_mole_fraction_umolmol,h2o_mixing_ratio_umolmol,h2o_time_lag_s,h2o_def_timelag,ch4_molar_density_mmolm3,ch4_mole_fraction_umolmol,ch4_mixing_ratio_umolmol,ch4_time_lag_s,ch4_def_timelag,sonic_temperature_k,air_temperature_k,air_pressure_pa,air_density_kgm3,air_heat_capacity_jkkg,air_molar_volume_m3mol,ET_mmhr,water_vapor_density_kgm3,e_pa,es_pa,specific_humidity_kgkg,RH,VPD_pa,Tdew_k,wind_speed_ms,max_wind_speed_ms,wind_dir,u_star_ms,TKE_m2s2,L_m,MO_stability,bowen_ratio,scale_T_k,x_peak_m,x_offset_m,x_10_m,x_30_m,x_50_m,x_70_m,x_90_m,un_Tau_kgms2,Tau_scf,un_H_wm2,H_scf,un_LE_wm2,LE_scf,un_co2_flux_umolm2s,co2_scf,un_h2o_flux_umolm2s,h2o_scf,un_ch4_flux_umolm2s,ch4_scf,u_var_ms,v_var_ms,w_var_ms,rssi_77_mean
2026-01-01,00:00:00,1,0.1797,0,-1.068,2,23.7122,0,2.0933,0,0.5279,0,4e-4,0,-0,-0,-0,17.1367,421.342,422.8978,0.1,1,149.6277,3.6789,3.6925,0.5,0,0.0945,2.1103,2.1181,0.1,0,276.0377,276.315,94240.8068,1.1866,1007.1791,0.0244,0.0342,0.0027,346.7971,764.6882,0.0023,45.3514,417.891,265.5967,2.6109,7.8361,86.2649,0.3892,1.837,4608.1948,6e-4,-0.045,-0.0023,53.0613,-8.0523,18.2142,45.356,69.1708,97.013,145.3432,0.1783,1.0081,0.1748,1.0136,21.5904,1.0983,1.906,1.0983,0.4807,1.0983,-8e-4,1.1541,1.6712,1.6109,0.3919,72.6446
2026-01-01,00:30:00,1.02,0.1366,1,-4.1177,1,16.9873,0,0.6952,0,0.3784,0,-0.0032,0,-0,-0,-0,17.0912,420.8514,422.4305,0.1,1,151.8087,3.7381,3.7521,0.7,0,0.0943,2.109,2.1169,-0.3,0,276.5344,276.7856,94216.9674,1.1842,1007.2185,0.0244,0.0245,0.0028,352.2888,790.5433,0.0023,44.5629,438.2545,265.7999,2.0249,8.0618,78.3743,0.3396,1.8408,794.1492,0.0037,-0.2424,-0.0102,58.4538,-8.8706,20.0653,49.9655,76.2005,106.8723,160.1141,0.1357,1.0068,-3.1918,1.0125,15.4162,1.1019,0.6309,1.1019,0.3434,1.1019,-0.0027,1.1724,1.8793,1.568,0.2343,73.122
2026-01-01,01:00:00,1.041,0.1509,1,4.7054,1,33.6868,1,0.2347,1,0.7506,1,-0.0014,1,-0,-0,-0,17.0405,420.317,421.9085,0.1,0,152.9333,3.7722,3.7865,0.6,0,0.0941,2.1088,2.1168,0,0,276.9428,277.203,94224.2167,1.1825,1007.2437,0.0245,0.0486,0.0028,355.529,814.1159,0.0024,43.6706,458.5869,265.9184,2.4719,10.7764,17.8815,0.3572,3.967,-809.06,-0.0036,0.1397,0.0111,41.9446,-6.3653,14.3982,35.8536,54.6791,76.6882,114.8928,0.1497,1.0082,6.4048,1.0135,30.715,1.0968,0.214,1.0968,0.6844,1.0968,-0.005,1.1531,3.3885,3.9511,0.5945,73.1245
2026-01-01,01:30:00,1.062,0.0293,2,-0.6328,2,24.2419,2,0.516,2,0.5401,2,-0.0029,2,0,0,0,17.0463,420.6277,422.2492,0.1,0,155.6285,3.8402,3.855,0.5,0,0.0943,2.1125,2.1207,-0.2,0,276.8129,277.0796,94207.5155,1.1828,1007.2785,0.0245,0.035,0.0028,361.8763,807.0806,0.0024,44.8377,445.2043,266.1479,2.9018,9.4871,11.0084,0.1573,3.2922,513.1759,0.0057,-0.0261,-0.0034,50.1674,22,44,84,148,291,1008,0.029,1.008,0.6331,1.014,22.0065,1.1016,0.4684,1.1016,0.4903,1.1016,-0.0041,1.1564,2.7587,3.2847,0.541,72.6271
2026-01-01,02:00:00,1.083,0.1292,1,-8.5044,1,23.7848,1,1.0822,1,0.5298,1,0.0045,2,-0,-0,-0,17.0837,421.2146,422.8921,0.1,0,160.8833,3.9667,3.9825,0.6,0,0.0947,2.1186,2.127,-0.5,0,276.6071,276.8672,94212.2185,1.1837,1007.3437,0.0244,0.0343,0.0029,373.8144,795.1025,0.0025,47.0146,421.2881,266.5699,2.6936,10.0609,14.441,0.3303,2.5897,353.9025,0.0082,-0.3576,-0.0216,44.5559,-6.7615,15.2946,38.0857,58.0831,81.4624,122.0456,0.1283,1.0068,-7.1802,1.0136,21.3777,1.1126,0.9726,1.1126,0.4762,1.1126,0.0053,1.1819,2.0728,2.6695,0.4371,72.5069
2026-01-01,02:30:00,1.104,0.0237,2,-14.511,2,17.5894,2,0.4719,2,0.3917,2,0.0035,2,-0,-0,-0,17.1231,421.84,423.5423,0,0,163.1408,4.0191,4.0353,0.1,1,0.0952,2.1289,2.1375,-0.9,0,276.3858,276.6443,94208.7099,1.1846,1007.3686,0.0244,0.0254,0.003,378.7349,782.6986,0.0025,48.3883,403.9637,266.7404,2.1903,7.1506,37.1083,0.1413,1.6407,16.247,0.1785,-0.825,-0.086,38.2183,17,36,77,151,346,1687,0.0234,1.0104,-13.3728,1.0213,14.9516,1.1764,0.4011,1.1764,0.333,1.1764,0.0061,1.2924,1.235,1.751,0.2954,72.4326
2026-01-01,03:00:00,1.124,0.0962,1,-3.8797,2,19.9565,1,-0.1313,2,0.4445,1,0.003,1,0,0,0,17.1186,421.6841,423.43,0.1,1,167.3767,4.123,4.1401,0.1,1,0.0954,2.1339,2.1427,0,1,276.4956,276.744,94223.93,1.1843,1007.4265,0.0244,0.0288,0.003,388.5908,788.2232,0.0026,49.2996,399.6324,267.076,2.3468,8.3211,7.9616,0.285,2.3492,498.4746,0.0058,-0.1944,-0.0114,42.5267,-6.4536,14.5981,36.3512,55.4379,77.7524,116.4873,0.0956,1.0067,-2.8057,1.0129,18.0348,1.1066,-0.1186,1.1066,0.4017,1.1066,0.0028,1.1763,2.1118,2.221,0.3657,72.3667
2026-01-01,03:30:00,1.145,0.104,1,-0.8793,2,17.2744,1,0.4435,1,0.3847,1,-0.0016,2,0,0,0,17.1047,421.5525,423.3415,0.1,0,171.4614,4.2257,4.2437,0.1,1,0.0954,2.1346,2.1437,-0.2,0,276.4844,276.7262,94194.0788,1.184,1007.482,0.0244,0.0249,0.0031,398.1453,787.2371,0.0026,50.575,389.0918,267.3942,2.5747,8.6276,13.3534,0.2965,2.8767,2473.4875,0.0012,-0.0509,-0.0025,41.5854,-6.3107,14.2749,35.5466,54.2107,76.0313,113.9088,0.1032,1.0081,0.0296,1.0136,15.7344,1.0979,0.4039,1.0979,0.3504,1.0979,-0.0023,1.1538,1.8382,3.497,0.4183,72.3112
2026-01-01,04:00:00,1.166,0.0513,2,3.0042,2,20.0958,2,-0.1494,2,0.4475,2,-0.0096,2,0,0,0,17.1205,421.7494,423.5638,0.1,1,173.8903,4.2836,4.3021,0.1,1,0.0956,2.1372,2.1464,0.9,0,276.3504,276.5846,94182.1642,1.1844,1007.5112,0.0244,0.029,0.0032,403.55,779.4055,0.0027,51.7766,375.8555,267.5712,2.2709,10.165,12.8433,0.2082,3.5253,-250.8268,-0.0116,0.1495,0.0121,30.3438,-4.6048,10.4161,25.9374,39.5562,55.4782,83.1164,0.0509,1.0084,4.0161,1.0134,18.3584,1.0946,-0.1365,1.0946,0.4088,1.0946,-0.0114,1.1517,3.2875,3.3095,0.4537,72.2548
2026-01-01,04:30:00,1.187,0.519,1,-14.2504,0,21.6585,0,1.5343,0,0.4825,0,0.0062,0,0,0,0,17.053,420.5096,422.4445,0.1,0,185.7471,4.5803,4.6014,0.1,1,0.0946,2.1194,2.1292,-0.3,0,276.8241,276.9983,94182.7431,1.1825,1007.6789,0.0245,0.0313,0.0034,431.5038,802.4791,0.0029,53.7713,370.9753,268.4545,1.4961,16.3106,82.9153,0.6625,4.6581,1703.1635,0.0017,-0.658,-0.0181,64.6941,-9.8176,22.2074,55.2995,84.3353,118.2814,177.2071,0.5152,1.0072,-12.9695,1.0121,19.7663,1.0957,1.4002,1.0957,0.4403,1.0957,0.009,1.1678,4.703,3.9213,0.6919,72.4156
2026-01-01,05:00:00,1.208,0.2402,1,-1.7157,2,15.6693,1,0.7338,1,0.3491,1,0.0028,1,0,0,0,17.0597,420.7889,422.7583,0,0,188.8629,4.6584,4.6802,0.1,1,0.0946,2.119,2.1289,0.9,0,276.7478,276.9317,94208.0269,1.1831,1007.7203,0.0244,0.0226,0.0034,438.9797,798.725,0.0029,54.9601,359.7453,268.6821,1.3416,14.3155,24.6003,0.4506,5.9897,4453.437,7e-4,-0.1095,-0.0032,47.1337,-7.1527,16.1795,40.2892,61.443600000000004,86.1755,129.1065,0.2385,1.0075,-0.8786,1.0121,14.3251,1.0938,0.6708,1.0938,0.3191,1.0938,0.0022,1.1661,3.389,7.8837,0.7066,72.5754
2026-01-01,05:30:00,1.229,0.1997,1,1.9542,1,12.4881,1,0.548,1,0.2782,1,-2e-4,1,-0,-0,-0,17.0571,420.8257,422.8207,0,0,191.2428,4.7183,4.7406,0.1,1,0.0946,2.1179,2.1279,0.2,0,276.758,276.9425,94239.7602,1.1834,1007.753,0.0244,0.018,0.0035,444.7664,799.33,0.0029,55.6424,354.5636,268.8559,1.2128,12.1306,8.8326,0.4108,4.3442,-2962.8984,-0.001,0.1565,0.004,43.9424,-6.6684,15.084,37.5613,57.2834,80.3408,120.3651,0.1974,1.0115,2.587,1.0142,11.4945,1.0864,0.5044,1.0864,0.2561,1.0864,-0.0016,1.1479,3.4225,4.5661,0.6998,72.5635
2026-01-01,06:00:00,1.249,0.4489,1,1.2115,1,17.3786,1,-0.1165,2,0.3871,1,-0.0036,0,-0,-0,-0,17.0583,420.6837,422.7087,0.1,1,194.2536,4.7906,4.8137,0.1,1,0.0946,2.1185,2.1287,-0.3,0,276.6482,276.8285,94267.5102,1.1842,1007.7906,0.0244,0.0251,0.0035,451.7185,792.9358,0.003,56.9679,341.2172,269.062,0.7839,14.9245,21.9446,0.6157,6.1113,-16091.7547,-2e-4,0.0697,0.0016,58.304,-8.8479,20.0139,49.8374,76.0052,106.5983,159.7037,0.442,1.0155,2.1078,1.0166,15.9956,1.0865,-0.1072,1.0865,0.3563,1.0865,-0.005,1.15,5.9797,5.4679,0.7751,72.4948
2026-01-01,06:30:00,1.27,0.3021,1,0.0138,2,13.5333,1,0.2091,1,0.3014,1,-0.0052,1,-0,-0,-0,17.0569,420.4416,422.5046,0.2,0,198.087,4.8827,4.9067,0.1,1,0.0946,2.1165,2.1269,-0.3,0,276.53,276.7003,94283.2586,1.1849,1007.8388,0.0244,0.0195,0.0036,460.4812,785.8016,0.003,58.6002,325.3205,269.3179,0.9847,11.4743,59.0633,0.5049,3.548,-778521.1878,-0,0.001,0,61.6706,-9.3587,21.1695,52.7151,80.3938,112.7535,168.9252,0.2981,1.0132,0.7256,1.0152,12.4618,1.086,0.1926,1.086,0.2775,1.086,-0.0058,1.1485,3.1289,3.5141,0.453,72.3708
2026-01-01,07:00:00,1.291,0.1775,1,3.736,1,12.8205,1,1.159,1,0.2855,1,3e-4,1,-0,-0,-0,17.0612,420.2845,422.3722,0.3,0,200.6517,4.9428,4.9674,0.1,1,0.0946,2.1154,2.1259,-0.1,0,276.4496,276.6212,94326.8675,1.1858,1007.8703,0.0244,0.0185,0.0037,466.3682,781.4215,0.0031,59.682,315.0532,269.4875,1.1648,10.8092,25.5584,0.3869,4.6703,-1295.2893,-0.0022,0.2914,0.0081,44.5925,-6.7671,15.3072,38.117,58.1309,81.5294,122.1459,0.1754,1.0118,4.3628,1.0144,11.8022,1.0863,1.067,1.0863,0.2628,1.0863,-0.0017,1.148,3.7891,4.9533,0.5982,72.2675
2026-01-01,07:30:00,1.312,0.0735,2,0.2319,2,12.5723,2,1.252,2,0.28,2,0.0045,2,0,0,0,17.0684,420.1673,422.2547,0.2,0,200.815,4.9434,4.968,0.1,1,0.0946,2.1154,2.1259,0.9,0,276.3455,276.5257,94367.7062,1.1867,1007.8692,0.0244,0.0181,0.0037,466.6228,776.1729,0.0031,60.1184,309.5501,269.4947,0.9732,9.7268,355.7341,0.2488,4.2438,-5553.9696,-5e-4,0.0184,8e-4,32.0608,-4.8654,11.0054,27.4051,41.7945,58.6174,87.8195,0.0725,1.0133,0.8896,1.0153,11.5769,1.086,1.1529,1.086,0.2578,1.086,0.0034,1.1486,2.8752,5.048,0.5646,72.2744
2026-01-01,08:00:00,1.333,0.1839,1,8.2698,1,6.6769,1,0.1358,2,0.1487,1,-0.0046,1,-0,-0,-0,17.0667,419.8805,421.9322,0.1,0,197.6502,4.8627,4.8864,0.1,1,0.0945,2.1121,2.1224,0,0,276.2691,276.466,94418.4367,1.1876,1007.8243,0.0243,0.0096,0.0036,459.2475,772.9027,0.003,59.4185,313.6552,269.2822,1.6633,9.4671,338.2866,0.3936,4.0262,-616.4703,-0.0047,1.2386,0.0176,45.6243,-6.9237,15.6613,38.999,59.4759,83.4157,124.972,0.1822,1.0096,8.5228,1.0134,6.1307,1.0891,0.1247,1.0891,0.1365,1.0891,-0.0074,1.1486,2.574,4.8937,0.5847,72.3025
2026-01-01,08:30:00,1.354,0.0757,2,6.2993,1,16.2825,1,0.147,1,0.3626,1,-7e-4,1,0,0,0,17.0541,419.585,421.5592,0,0,190.3504,4.6832,4.7053,0.1,1,0.0943,2.1069,2.1168,-0.2,0,276.2866,276.5304,94441.8196,1.1877,1007.7276,0.0243,0.0235,0.0035,442.4114,776.43,0.0029,56.9802,334.0186,268.7854,1.9694,9.0608,334.7232,0.2525,3.5261,-213.6931,-0.0136,0.3869,0.0208,36.1705,-5.489,12.4162,30.918,47.1519,66.1312,99.0766,0.075,1.0088,7.077,1.0133,14.9148,1.0917,0.1347,1.0917,0.3321,1.0917,-0.0037,1.15,3.4735,3.1487,0.43,72.3618
2026-01-01,09:00:00,1.374,0.0464,2,10.8871,2,15.8809,2,0.2582,2,0.3537,2,0.0015,2,-0,-0,-0,17.048,419.7113,421.6241,0,0,184.2682,4.5366,4.5572,0.1,1,0.0942,2.1068,2.1164,0.1,0,276.4355,276.7425,94467.1824,1.1872,1007.6511,0.0244,0.0229,0.0034,428.6707,788.1418,0.0028,54.39,359.4711,268.3673,1.4155,10.5288,351.4878,0.1977,3.8931,-59.3829,-0.0488,0.6855,0.046,14.8819,7,12,22,37,66,189,0.0459,1.0104,11.5887,1.0138,14.6042,1.0874,0.2374,1.0874,0.3253,1.0874,-0.003,1.148,3.639,3.6297,0.5175,72.426
2026-01-01,09:30:00,1.395,0.0783,2,25.3234,2,15.9696,2,0.3201,2,0.3559,2,-0.0015,2,-0,-0,-0,17.0358,419.7317,421.6187,0.1,1,181.6514,4.4756,4.4957,0.1,1,0.0942,2.1113,2.1208,-0.2,0,276.6983,277.2537,94509.2668,1.1855,1007.6261,0.0244,0.0231,0.0033,423.0971,817.0214,0.0028,51.7853,393.9243,268.1943,1.4655,11.5814,344.2489,0.2571,4.8303,-56.1369,-0.0517,1.5857,0.0825,30.6801,-4.6558,10.5315,26.2249,39.9946,56.093,84.0376,0.0775,1.0102,25.8571,1.0137,14.6817,1.0877,0.2943,1.0877,0.3272,1.0877,-0.0105,1.1481,4.4634,4.5246,0.6727,72.4326
2026-01-01,10:00:00,1.416,0.1194,2,12.0915,2,13.7706,2,1.3102,2,0.3069,2,-0.0038,2,-0,-0,-0,17.0211,419.8736,421.6986,0.1,1,175.4381,4.3277,4.3465,0.1,1,0.0941,2.1131,2.1223,-0.2,0,276.9049,277.5074,94545.2852,1.185,1007.5499,0.0244,0.0199,0.0032,409.2705,831.6963,0.0027,49.2091,422.4259,267.7563,2.3628,15.8366,335.9682,0.3174,6.6242,-221.3606,-0.0131,0.8781,0.0319,32.0257,-4.86,10.9934,27.3751,41.7487,58.5532,87.7233,0.1184,1.0083,12.6669,1.0134,12.5691,1.0956,1.1959,1.0956,0.2801,1.0956,-0.0083,1.1524,6.0961,6.2312,0.9212,72.5591
2026-01-01,10:30:00,1.437,0.5548,1,37.7265,0,25.6281,0,0.7299,1,0.5714,0,3e-4,0,-0,-0,-0,17.004,419.6045,421.3956,0.1,1,172.2453,4.2505,4.2686,0.1,1,0.0942,2.1162,2.1252,0,0,277.1931,277.7854,94535.823,1.1837,1007.5125,0.0244,0.037,0.0031,401.928,848.043,0.0026,47.3948,446.1149,267.5183,1.095,14.3642,7.4088,0.6846,6.4777,-711.8108,-0.0041,1.4721,0.0462,57.3039,-8.6961,19.6706,48.9825,74.7014,104.7697,156.9641,0.548,1.0122,38.5833,1.0147,23.5964,1.0861,0.672,1.0861,0.5261,1.0861,-0.0133,1.1481,6.187,5.7678,1.0006,73.2903
2026-01-01,11:00:00,1.458,0.2586,1,23.3284,0,25.7286,0,-0.2861,2,0.5739,0,0.0023,0,-0,-0,-0,16.9521,419.2051,420.9703,0.1,1,169.5655,4.1932,4.2108,0.1,1,0.0938,2.1152,2.1241,-0.1,0,277.5642,278.41,94515.6811,1.1808,1007.4917,0.0245,0.0372,0.0031,396.4256,885.8145,0.0026,44.7527,489.3889,267.3375,1.2026,10.1728,108.8317,0.468,3.6927,-367.7533,-0.0079,0.9067,0.0419,52.786,-8.0105,18.1197,45.1207,68.8119,96.5097,144.5891,0.2557,1.0115,24.3902,1.0143,23.6823,1.0864,-0.2633,1.0864,0.5283,1.0864,-0.0069,1.1479,4.0499,2.7612,0.5743,72.5444
2026-01-01,11:30:00,1.479,0.5419,1,20.3362,1,17.044,1,-0.2037,2,0.3805,1,0.0135,2,-0,-0,-0,16.9296,419.4124,421.1879,0.1,1,170.1623,4.2156,4.2334,0.8,0,0.0938,2.1203,2.1293,0,1,277.9895,279.0933,94564.7243,1.1785,1007.5155,0.0245,0.0247,0.0031,398.7518,928.8248,0.0026,42.9308,530.0731,267.4142,0.5356,7.6377,150.2932,0.6781,2.2705,-1283.5253,-0.0023,1.1932,0.0253,92.347,-14.014,31.6997,78.9368,120.3836,168.8397,252.9527,0.5309,1.0206,20.8667,1.0199,15.6471,1.0893,-0.187,1.0893,0.3493,1.0893,0.0052,1.1543,2.4861,1.7571,0.2978,72.9204
2026-01-01,12:00:00,1.499,0.6546,0,-21.7447,1,19.2666,0,1.0037,0,0.4302,0,-0.002,2,0,0,0,16.8932,419.1014,420.8739,0.1,1,169.76,4.2116,4.2294,0.1,1,0.0939,2.1258,2.1348,0,1,278.2244,279.3922,94575.5045,1.1774,1007.5185,0.0246,0.0279,0.0031,398.4171,948.219,0.0026,42.0174,549.802,267.4032,0.3315,7.5351,126.2385,0.7457,1.8133,1596.3651,0.0018,-1.1286,-0.0246,86.8589,-13.1812,29.8158,74.2456,113.2293,158.8057,237.9199,0.6438,1.0168,-20.407,1.0164,17.6187,1.0935,0.9178,1.0935,0.3934,1.0935,0.0037,1.1705,1.8496,1.3573,0.4197,73.9773
2026-01-01,12:30:00,1.52,0.5809,1,10.8268,1,34.0547,1,-0.5457,2,0.7607,1,4e-4,1,-0,-0,-0,16.8297,419.0833,420.8268,0.1,1,166.3778,4.143,4.1603,0.6,0,0.0937,2.1258,2.1347,-0.2,0,278.5168,279.7549,94579.5641,1.176,1007.4877,0.0246,0.0493,0.003,391.9515,972.2249,0.0026,40.3149,580.2734,267.1887,0.2224,6.2151,116.0114,0.7029,1.6274,-2685.3062,-0.0011,0.3179,0.013,91.1918,-13.8387,31.3032,77.9494,118.8778,166.7278,249.7886,0.5579,1.0413,12.2666,1.0335,30.8119,1.1052,-0.49370000000000003,1.1052,0.6882,1.1052,-0.0052,1.1743,1.7261,1.1984,0.3302,71.8102
2026-01-01,13:00:00,1.541,0.5367,0,21.2165,0,25.6683,0,0.5436,1,0.5732,0,0.0022,0,0,0,0,16.8249,419.5007,421.1941,0.1,1,161.2466,4.0204,4.0366,0.6,0,0.0939,2.1269,2.1355,-0.1,0,278.3573,279.5678,94561.4097,1.1766,1007.4179,0.0246,0.0371,0.0029,380.2775,959.7753,0.0025,39.6215,579.4978,266.7934,0.2912,9.6713,164.2901,0.6754,2.2826,-1215.5722,-0.0024,0.8266,0.0265,78.44,-11.9036,26.9259,67.0493,102.2545,143.4133,214.8593,0.5194,1.0334,22.0063,1.0282,23.3604,1.0988,0.4947,1.0988,0.5217,1.0988,-0.0063,1.1664,2.421,1.7,0.4443,72.6148
2026-01-01,13:30:00,1.562,0.0601,2,24.3621,1,20.3728,1,0.7925,1,0.4548,1,-0.0035,1,-0,-0,-0,16.8557,419.3942,421.0307,0.1,1,156.2156,3.8869,3.902,0.6,0,0.0939,2.1217,2.1299,-0.2,0,277.9362,279.0757,94579.7089,1.1789,1007.337,0.0245,0.0295,0.0029,367.7176,927.6966,0.0024,39.6377,559.979,266.3559,0.6464,8.723,101.1881,0.2258,2.2506,-39.582,-0.0733,1.1958,0.0908,34.6637,-5.2604,11.8989,29.63,45.1877,63.3763,94.9493,0.0591,1.0179,25.0357,1.0181,18.7321,1.0876,0.7287,1.0876,0.4181,1.0876,-0.0123,1.1519,2.4715,1.647,0.3826,71.6267
2026-01-01,14:00:00,1.583,0.2396,1,38.0645,0,22.7009,0,1.2818,0,0.5065,0,-0.0014,0,0,0,0,16.8933,419.6595,421.2926,0.1,1,156.0445,3.8764,3.8915,0.7,0,0.094,2.1202,2.1285,-0.2,0,277.4604,278.5115,94605.0929,1.1817,1007.3218,0.0245,0.0328,0.0029,366.8281,892.0904,0.0024,41.1201,525.2623,266.3244,1.3472,8.1763,128.8096,0.4503,2.5334,-200.8181,-0.0144,1.6768,0.071,59.348,-9.0063,20.3722,50.7298,77.3661,108.507,162.5633,0.237,1.0107,38.7874,1.0139,20.8832,1.087,1.1792,1.087,0.4659,1.087,-0.0149,1.1479,2.9058,1.7644,0.3965,71.5379
2026-01-01,14:30:00,1.604,0.197,1,31.1778,0,18.3919,0,0.5932,0,0.4102,0,9e-4,0,0,0,0,16.9017,419.2763,420.817,0.1,1,147.5829,3.6611,3.6745,0.4,0,0.094,2.1163,2.1241,-0.3,0,277.2295,278.2913,94597.2476,1.1826,1007.2014,0.0245,0.0266,0.0027,346.4187,878.5252,0.0023,39.4318,532.1065,265.5826,1.4685,8.1272,114.8764,0.4081,2.107,-182.5949,-0.0159,1.6952,0.0641,66.4527,-10.0844,22.811,56.8027,86.6277,121.4966,182.0241,0.195,1.0102,31.7625,1.0137,16.9084,1.0877,0.5454,1.0877,0.3771,1.0877,-0.0103,1.1481,2.4404,1.5279,0.2456,71.7377
2026-01-01,15:00:00,1.624,0.3473,0,33.77,0,31.9859,0,0.9608,0,0.7136,0,0.0031,0,0,0,0,16.9004,419.2149,420.7026,0.1,0,142.5625,3.5363,3.5488,0.3,0,0.094,2.1179,2.1254,-0.2,0,277.2736,278.4434,94626.7129,1.1824,1007.1365,0.0245,0.0462,0.0026,334.7158,887.8716,0.0022,37.6987,553.1557,265.1396,1.0577,10.4912,73.2502,0.542,3.0384,-394.7929,-0.0073,1.0558,0.0523,77.1791,-11.7122,26.4931,65.9716,100.6108,141.1081,211.4056,0.343,1.0125,35.0019,1.0148,29.4519,1.086,0.8847,1.086,0.657,1.086,-0.0099,1.1482,1.9405,3.8385,0.2979,72.8943
2026-01-01,15:30:00,1.645,0.2747,0,22.2404,0,29.3962,0,0.9178,0,0.6557,0,0.002,0,0,0,0,16.9241,419.3109,420.7916,0.2,0,142.0323,3.519,3.5314,0.3,0,0.0942,2.1209,2.1284,-0.3,0,276.8964,278.2654,94668.9785,1.1837,1007.1242,0.0244,0.0425,0.0026,333.2274,876.9364,0.0022,37.999,543.709,265.0822,0.4765,7.4189,48.3597,0.4817,2.1668,-421.1084,-0.0069,0.7566,0.0387,68.0002,-10.3193,23.3423,58.1255,88.6451,124.326,186.263,0.2686,1.0226,23.3463,1.0212,26.9539,1.0906,0.8415,1.0906,0.6012,1.0906,-0.007,1.1561,1.6034,2.4071,0.323,72.8904
2026-01-01,16:00:00,1.666,0.1646,1,34.4225,1,10.5779,1,0.2629,1,0.2357,1,-9e-4,0,0,0,0,17.023,419.7571,421.2497,0.1,1,143.6999,3.5434,3.556,0.7,0,0.0942,2.1124,2.1199,-0.2,0,276.6814,277.2904,94680.8786,1.188,1007.1213,0.0243,0.0153,0.0026,335.5814,819.1251,0.0022,40.9683,483.5437,265.1728,0.7949,8.4113,357.6299,0.3722,2.5889,-125.5449,-0.0231,3.2542,0.0773,58.2288,-8.8364,19.9881,49.7731,75.9071,106.4608,159.4976,0.1621,1.0153,34.4581,1.0165,9.7365,1.0864,0.242,1.0864,0.217,1.0864,-0.0124,1.1499,2.0517,2.8418,0.2842,73.56
2026-01-01,16:30:00,1.687,0.2822,0,0.8639,2,21.4864,0,1.8907,0,0.4785,0,0,2,-0,-0,-0,17.1196,419.8313,421.3614,0.1,1,148.0751,3.6313,3.6445,0.1,1,0.0944,2.1089,2.1166,-0.1,0,276.1767,276.5556,94687.6616,1.1912,1007.1572,0.0243,0.031,0.0027,343.9324,777.8101,0.0023,44.218,433.8777,265.4896,0.767,6.7046,4.7901,0.4868,1.6317,-11187.3465,-3e-4,0.0402,0.0015,78.9307,-11.978,27.0944,67.4688,102.8942,144.3106,216.2035,0.2779,1.0157,1.9776,1.0168,19.7747,1.0866,1.74,1.0866,0.4403,1.0866,-0.0016,1.1502,1.8129,1.2234,0.2272,72.6567
2026-01-01,17:00:00,1.708,0.1195,0,6.3874,1,11.7112,0,0.832,1,0.2607,0,-0.0035,1,0,0,0,17.183,420.5005,422.055,0.1,1,150.5007,3.683,3.6967,0.1,1,0.0947,2.1115,2.1193,-0.4,0,275.7711,276.1419,94713.6968,1.1933,1007.1787,0.0242,0.0169,0.0027,348.9285,755.3729,0.0023,46.1929,406.4444,265.6759,0.3759,4.9787,62.2225,0.3164,0.9667,-415.738,-0.007,0.5454,0.0168,62.9863,-9.5584,21.6212,53.8397,82.109,115.159,172.5292,0.1163,1.0272,6.8527,1.0242,10.7047,1.094,0.7605,1.094,0.2383,1.094,-0.006,1.1604,0.945,0.8196,0.1688,72.6411
2026-01-01,17:30:00,1.729,0.0449,1,3.7006,0,21.7382,0,1.1124,0,0.4836,0,-0.003,0,0,0,0,17.2371,421.2119,422.8254,0.3,0,156.1644,3.8161,3.8307,0.1,1,0.0949,2.1107,2.1188,-0.1,0,275.1666,275.5273,94716.9265,1.1959,1007.2414,0.0242,0.0313,0.0028,361.5449,723.0886,0.0024,50.0001,361.5436,266.136,1.8646,5.076,330.2738,0.1938,0.7449,-164.875,-0.0176,0.1702,0.0159,22.507,10,19,36,60,112,347,0.0445,1.0091,4.7871,1.0133,19.9295,1.0908,1.0198,1.0908,0.4434,1.0908,-0.0054,1.1495,0.677,0.6901,0.1227,72.4931
2026-01-01,18:00:00,1.749,0.0622,0,2.4853,2,22.6781,0,1.1581,1,0.5043,0,-0.0023,0,0,0,0,17.2827,421.6101,423.2722,0.1,0,160.9646,3.9267,3.9422,0.1,1,0.0951,2.1112,2.1195,-0.1,0,274.715,275.077,94736.5971,1.1981,1007.2947,0.0241,0.0327,0.0029,372.1034,700.2214,0.0024,53.1408,328.118,266.5102,1.5308,4.4182,330.8245,0.2278,0.4924,-398.8188,-0.0073,0.1096,0.009,63.3559,-9.6145,21.748,54.1557,82.5908,115.8348,173.5417,0.0616,1.01,3.6352,1.0136,20.841,1.0881,1.0643,1.0881,0.4634,1.0881,-0.0044,1.1482,0.3171,0.5814,0.0862,72.457
2026-01-01,18:30:00,1.77,0.0859,0,-0.8415,2,15.2173,0,1.1977,0,0.3384,0,-0.0059,1,-0,-0,-0,17.3033,421.8333,423.5124,0.1,1,162.6243,3.9646,3.9804,0.1,1,0.0953,2.1142,2.1226,-0.1,0,274.6634,275.0134,94744.907,1.1984,1007.3143,0.0241,0.0219,0.003,375.7236,697.043,0.0025,53.9025,321.3194,266.6363,1.6841,5.6497,350.3903,0.2677,0.7002,1911.6531,0.0015,-0.0553,-0.0026,68.3263,-10.3688,23.4542,58.4043,89.0702,124.9222,187.1563,0.0853,1.007,-0.0471,1.0121,13.8733,1.0969,1.0919,1.0969,0.3085,1.0969,-0.0062,1.1678,0.4055,0.8963,0.0986,72.4425
2026-01-01,19:00:00,1.791,0.0502,1,-25.1931,1,20.3433,1,4.1668,1,0.4521,1,-0.006,2,0,0,0,17.382,423.0232,424.7845,0.2,0,170.375,4.1464,4.1636,0.1,1,0.0956,2.115,2.1238,0,1,274.1667,274.5348,94749.9588,1.2005,1007.406,0.0241,0.0293,0.0031,392.9749,673.5321,0.0026,58.3454,280.5573,267.2229,1.1698,3.6768,350.182,0.2045,0.4166,28.4616,0.1019,-1.2384,-0.1019,79.9627,-12.1346,27.4486,68.3509,104.2394,146.1973,219.0302,0.0498,1.0092,-23.7943,1.0168,17.9754,1.1317,3.6818,1.1317,0.3995,1.1317,9e-4,1.2347,0.3073,0.4871,0.0388,72.3755
2026-01-01,19:30:00,1.812,0.0294,1,-6.7439,1,7.9005,1,3.086,1,0.1754,1,-0.0069,1,-0,-0,-0,17.5799,426.0972,427.8465,0.2,0,168.6922,4.0887,4.1055,0.1,1,0.096,2.1125,2.1211,-0.1,0,272.89,273.2689,94754.7656,1.2061,1007.3569,0.024,0.0114,0.0031,387.5301,614.7021,0.0025,63.0436,227.172,267.0403,1.6626,3.4367,343.9422,0.1562,0.3568,47.3804,0.0612,-0.8536,-0.0355,22.632,10,21,42,77,162,654,0.0292,1.008,-6.2573,1.015,7.0429,1.1218,2.751,1.1218,0.1563,1.1218,-0.0047,1.2104,0.3533,0.3367,0.0236,72.3737
2026-01-01,20:00:00,1.833,0.0172,0,8.3863,0,5.0323,1,1.9024,0,0.1116,1,-0.0043,0,0,0,0,17.7621,429.0487,430.8752,0.3,0,175.4864,4.2389,4.257,0.1,1,0.0963,2.1099,2.1189,-0.1,0,272.0772,272.4169,94763.9875,1.21,1007.4271,0.0239,0.0072,0.0032,401.8059,577.7154,0.0026,69.5508,175.9095,267.5143,1.2962,3.2088,332.0797,0.1192,0.2002,-16.9234,-0.1714,1.6665,0.0577,25.577,11,21,35,55,92,229,0.017,1.011,8.5406,1.014,4.6304,1.0868,1.7505,1.0868,0.1027,1.0868,-0.0071,1.1479,0.1478,0.2277,0.0249,72.1229
2026-01-01,20:30:00,1.854,0.0109,0,18.1745,0,6.6644,0,2.2913,0,0.1478,0,-0.005,0,0,0,0,17.8544,430.4166,432.2767,0,0,178.4963,4.303,4.3216,0.1,1,0.0965,2.1103,2.1194,0,0,271.5862,271.9102,94748.6225,1.212,1007.4554,0.0239,0.0096,0.0032,407.8146,556.6699,0.0027,73.2597,148.8553,267.7094,1.6213,3.0974,312.052,0.0947,0.1781,-3.9151,-0.7407,2.7271,0.1572,32.5641,15,25,42,63,99,220,0.0108,1.0097,18.2994,1.0135,6.1209,1.0888,2.1044,1.0888,0.1357,1.0888,-0.011,1.1485,0.1827,0.1437,0.0298,71.6776
2026-01-01,21:00:00,1.874,0.01,0,13.6696,0,3.1685,1,1.2505,0,0.0702,1,-0.0034,0,0,0,0,17.8472,430.1054,431.9489,0.2,0,177.0946,4.2679,4.2861,0.1,1,0.0966,2.1113,2.1204,0,0,271.4529,271.7914,94729.1666,1.2123,1007.4348,0.0239,0.0046,0.0032,404.399,551.8321,0.0027,73.283,147.4331,267.5989,0.9921,2.3653,337.6118,0.0907,0.1609,-4.5779,-0.6335,4.3142,0.1234,19.4249,9,15,25,38,61,139,0.0098,1.0131,13.6466,1.0152,2.9176,1.086,1.1515,1.086,0.0647,1.086,-0.0078,1.1485,0.1172,0.1886,0.0159,71.5647
2026-01-01,21:30:00,1.895,0.0047,1,6.7417,1,1.8333,1,1.4986,0,0.0407,1,-0.0036,0,0,0,0,17.6903,427.7028,429.5864,0.3,0,181.3546,4.3847,4.404,0.1,1,0.0963,2.1111,2.1204,0,0,272.0764,272.4143,94715.6948,1.2093,1007.5064,0.0239,0.0026,0.0033,415.4072,577.6048,0.0027,71.9189,162.1977,267.9523,1.003,2.6667,320.1771,0.0623,0.2311,-3.0016,-0.9662,3.6774,0.0889,27.5939,12,22,35,53,83,183,0.0046,1.013,6.7452,1.0151,1.6881,1.086,1.3799,1.086,0.0374,1.086,-0.0056,1.1484,0.2091,0.2355,0.0175,71.4364
2026-01-01,22:00:00,1.916,0.0065,0,12.8821,0,4.6124,0,0.6817,0,0.1023,0,-0.0022,0,0,0,0,17.7557,429.5936,431.5654,0.2,0,188.8441,4.569,4.59,0.1,1,0.0961,2.1088,2.1185,0,0,272.2711,272.5905,94690.7188,1.2081,1007.609,0.0239,0.0066,0.0034,432.7596,585.0864,0.0028,73.9651,152.3268,268.4929,1.0668,2.0049,308.0359,0.0734,0.1158,-2.574,-1.1267,2.7929,0.1441,23.0246,10,18,29,44,69,152,0.0064,1.0125,12.9507,1.0148,4.2469,1.0861,0.6276,1.0861,0.0942,1.0861,-0.0065,1.1482,0.116,0.095,0.0206,71.3337
2026-01-01,22:30:00,1.937,0.007,0,11.5587,0,0.7332,0,-0.268,1,0.0163,0,-9e-4,0,-0,-0,-0,17.8475,431.4119,433.4064,0.1,1,190.3815,4.6019,4.6232,0.1,1,0.0961,2.1064,2.1162,0,0,272.0349,272.3447,94672.3826,1.2089,1007.6237,0.0239,0.0011,0.0035,435.7912,574.6767,0.0029,75.8324,138.8856,268.5854,0.9865,1.9935,309.3435,0.0762,0.1148,-3.2009,-0.906,15.7643,0.1246,21.5519,10,17,28,41,66,146,0.0069,1.0131,11.4402,1.0152,0.6752,1.086,-0.2468,1.086,0.015,1.086,-0.0045,1.1485,0.0968,0.115,0.0178,71.2905
2026-01-01,23:00:00,1.958,0.0088,0,12.3662,0,1.899,0,0.9157,0,0.0421,0,-0.0024,0,-0,-0,-0,17.9499,433.5191,435.563,0.1,0,194.3011,4.6927,4.7148,0.1,1,0.0962,2.1055,2.1154,0,0,271.7635,272.0532,94640.8542,1.2098,1007.6694,0.0239,0.0027,0.0035,444.2377,562.5384,0.0029,78.9702,118.3007,268.8401,1.226,2.5845,308.5577,0.0854,0.1533,-4.2162,-0.6878,6.5119,0.1188,26.8624,12,21,35,52,83,185,0.0087,1.0114,12.3089,1.0142,1.7479,1.0865,0.8428,1.0865,0.0388,1.0865,-0.0063,1.1479,0.1378,0.1485,0.0202,71.1429
2026-01-01,23:30:00,1.979,0.0118,0,15.7324,0,8.6224,1,1.155,1,0.1912,1,-0.002,0,0,0,0,17.908,432.1871,434.2346,0.1,0,195.375,4.7151,4.7375,0.1,1,0.0964,2.1082,2.1182,0,0,271.6537,271.9388,94626.302,1.2101,1007.6802,0.0239,0.0124,0.0036,446.294,557.8392,0.0029,80.0041,111.5452,268.9014,1.2354,3.235,308.6531,0.0989,0.2519,-5.1518,-0.5629,1.8246,0.1304,23.9222,11,19,31,47,76,171,0.0117,1.0113,15.979,1.0142,7.9357,1.0865,1.063,1.0865,0.1759,1.0865,-0.0075,1.1479,0.2332,0.2376,0.0331,70.9973
2026-01-02,00:00:00,2,0.0201,1,18.7094,1,4.5512,1,-0.7489,2,0.101,1,0.0022,1,0,0,0,17.6602,426.9624,429.0588,0.1,1,202.0915,4.8859,4.9099,0.1,1,0.0962,2.1139,2.1243,-0.1,0,272.5746,272.8224,94598.4255,1.2058,1007.7848,0.024,0.0065,0.0037,462.3206,595.0645,0.003,77.6925,132.7439,269.3711,1.675,3.5167,305.387,0.1291,0.3826,-9.6329,-0.3011,4.1109,0.1193,29.4387,13,23,39,60,98,231,0.0199,1.0095,18.7249,1.0134,4.1785,1.0892,-0.6876,1.0892,0.0927,1.0892,-0.0042,1.1487,0.4165,0.3041,0.0447,70.7723
2026-01-02,00:30:00,2.02,0.0239,1,2.0372,1,0.8592,2,0.0385,2,0.0191,2,-0.0025,1,0,0,0,17.4464,423.5058,425.6309,0.2,0,205.6814,4.9928,5.0179,0.1,1,0.0956,2.1086,2.1192,0.2,0,273.4639,273.7638,94564.362,1.2011,1007.8558,0.0241,0.0012,0.0037,472.2723,637.1358,0.0031,74.1243,164.8636,269.6556,0.7687,2.0658,310.7519,0.1411,0.1853,-115.3608,-0.0251,2.3711,0.0119,9.5815,4,8,15,25,47,143,0.0235,1.0157,2.0514,1.0167,0.7907,1.0866,0.0354,1.0866,0.0176,1.0866,-0.003,1.1502,0.2106,0.1449,0.0151,71.6044
2026-01-02,01:00:00,2.041,0.096,1,107.1293,1,18.3517,1,-6.8339,1,0.4075,1,-0.006,1,-0,-0,-0,17.4889,424.8175,426.9904,0.1,1,209.4987,5.0889,5.1149,0.1,1,0.0954,2.1039,2.1147,0.1,0,273.3209,273.6324,94514.928,1.201,1007.9064,0.0241,0.0264,0.0038,481.1034,631.108,0.0032,76.2315,150.0046,269.9035,0.4461,2.5858,329.0682,0.2827,0.3029,-17.6485,-0.1643,5.8376,0.3131,111.5206,-16.9237,38.2814,95.3261,145.3783,203.8951,305.4721,0.0937,1.0238,105.9453,1.0219,16.8138,1.0915,-6.2612,1.0915,0.3734,1.0915,-0.0407,1.1572,0.3364,0.2371,0.0323,71.8262
2026-01-02,01:30:00,2.062,0.0168,1,7.0262,1,0.7671,1,0.4019,1,0.017,1,-0.0015,1,-0,-0,-0,17.5918,427.0178,429.2228,0.2,0,211.6337,5.1371,5.1637,0.1,1,0.0956,2.1019,2.1128,0,0,272.6643,272.9354,94470.5338,1.2035,1007.9234,0.024,0.0011,0.0039,485.4387,599.9816,0.0032,80.9089,114.5429,270.0238,1.039,2.2704,313.2837,0.118,0.1455,-19.5752,-0.1481,9.1593,0.0491,19.331,9,16,27,43,72,183,0.0166,1.0127,6.9739,1.0149,0.7064,1.086,0.3701,1.086,0.0157,1.086,-0.0038,1.1483,0.1169,0.1608,0.0134,71.256
2026-01-02,02:00:00,2.083,0.0165,0,14.0018,0,0.7447,0,0.2834,0,0.0165,0,-2e-4,0,-0,-0,-0,17.7272,429.5392,431.749,0.3,0,211.2363,5.1184,5.1447,0.1,1,0.096,2.1046,2.1154,0,0,272.174,272.4195,94460.2619,1.2057,1007.9064,0.024,0.0011,0.0038,483.6109,577.826,0.0032,83.6949,94.2151,269.9732,1.2253,2.4515,310.0718,0.1171,0.1741,-9.5828,-0.3026,18.8009,0.0984,22.0913,10,18,30,45,75,177,0.0163,1.0114,13.8666,1.0142,0.6855,1.0865,0.2609,1.0865,0.0152,1.0865,-0.0047,1.1479,0.1719,0.1549,0.0214,70.6688
2026-01-02,02:30:00,2.104,0.0163,0,7.4295,0,-1.5085,1,1.4358,1,-0.0335,1,-0.001,0,-0,-0,-0,17.7318,429.1947,431.3986,0.2,0,211.0627,5.1087,5.135,0.1,1,0.0958,2.1008,2.1116,-0.1,0,272.0702,272.3022,94435.5594,1.2059,1007.8996,0.024,-0.0022,0.0038,482.5748,572.8889,0.0032,84.2353,90.3141,269.9445,1.2311,2.6772,318.6197,0.1163,0.2409,-17.6958,-0.1639,-4.9252,0.0526,24.7875,11,20,34,54,90,224,0.0161,1.0114,7.2597,1.0142,-1.3884,1.0865,1.3215,1.0865,-0.0308,1.0865,-0.0032,1.1479,0.1787,0.282,0.0211,70.3602
2026-01-02,03:00:00,2.124,0.0127,0,9.809,1,5.0228,1,-2.0673,1,0.1115,1,-0.0012,0,0,0,0,17.645,427.1216,429.3956,0.1,1,218.7762,5.2958,5.324,0.1,1,0.0956,2.1024,2.1136,0.1,0,272.8103,273.0406,94420.5025,1.2023,1008.0115,0.024,0.0072,0.004,500.1656,604.5905,0.0033,82.728,104.425,270.4254,1.0625,2.9184,327.3886,0.103,0.3003,-9.3078,-0.3116,1.9529,0.0786,21.534300000000002,10,17,29,44,73,172,0.0126,1.0125,9.9419,1.0148,4.6249,1.086,-1.9035,1.086,0.1026,1.086,-0.0046,1.1482,0.2078,0.3732,0.0196,70.1245
2026-01-02,03:30:00,2.145,0.0529,1,32.204,1,9.7464,1,-0.9647,1,0.2166,1,4e-4,1,-0,-0,-0,17.4359,424.5717,426.8922,0.1,1,223.2308,5.4358,5.4655,0.1,1,0.0951,2.1061,2.1176,0,1,274.2472,274.5049,94405.7816,1.1957,1008.108,0.0242,0.014,0.0041,513.3058,672.0867,0.0034,76.3749,158.7809,270.7749,1.1134,3.2613,317.453,0.2103,0.4949,-24.1578,-0.12,3.3042,0.127,81.1898,-12.3209,27.8698,69.3998,105.8391,148.4408,222.3914,0.0523,1.0121,32.3032,1.0146,8.9734,1.0861,-0.8882,1.0861,0.1994,1.0861,-0.0105,1.1481,0.3736,0.5767,0.0395,70.3997
2026-01-02,04:00:00,2.166,0.1493,0,-85.2874,0,0.5564,1,2.372,0,0.0124,1,-0.0027,0,-0,-0,-0,17.2384,422.1358,424.4728,0.1,0,224.8343,5.5058,5.5362,0.1,1,0.0944,2.1076,2.1193,0,0,276.1313,276.2858,94387.5764,1.1877,1008.1723,0.0243,8e-4,0.0041,519.815,763.1132,0.0034,68.1177,243.2982,270.9451,0.9731,4.9398,4.4854,0.3546,1.1112,43.7166,0.0663,-153.2868,-0.2009,77.3753,-11.742,26.5604,66.1392,100.8665,141.4667,211.9429,0.148,1.0092,-84.105,1.0155,0.4977,1.1179,2.1219,1.1179,0.0111,1.1179,0.0233,1.2126,0.844,1.2517,0.1267,70.683
2026-01-02,04:30:00,2.187,0.1786,0,-120.68,0,-5.1924,0,4.2515,1,-0.1157,0,-0.003,0,-0,-0,-0,17.173,422.3604,424.7023,0.1,0,224.2122,5.5144,5.5449,0.1,1,0.0943,2.1118,2.1235,0,0,276.624,276.8085,94360.6598,1.1851,1008.185,0.0244,-0.0075,0.0041,520.4781,791.8182,0.0034,65.732,271.34,270.9623,1.0652,5.3141,7.001,0.3882,1.2511,40.545,0.0715,23.2419,-0.2601,78.5189,-11.9155,26.953,67.1167,102.3573,143.5575,215.0753,0.177,1.009,-119.2947,1.0156,-4.6331,1.1207,3.7936,1.1207,-0.1032,1.1207,0.034,1.2166,0.785,1.5707,0.1464,70.7775
2026-01-02,05:00:00,2.208,0.2851,1,-181.5069,1,-9.3323,1,5.5655,1,-0.208,1,-0.007,1,0,0,0,17.1241,421.9105,424.2453,0.2,0,223.3637,5.5033,5.5338,0.1,1,0.0942,2.1157,2.1274,0,0,277.3293,277.5008,94359.6001,1.1822,1008.1899,0.0245,-0.0135,0.0041,519.431,831.3113,0.0034,62.4833,311.8803,270.9351,1.276,5.6968,26.1452,0.4911,1.4549,54.5685,0.0531,19.4493,-0.3101,90.3693,-13.7139,31.0209,77.2463,117.8055,165.2239,247.5356,0.2828,1.0083,-179.6749,1.0147,-8.3663,1.1155,4.9894,1.1155,-0.1865,1.1155,0.0495,1.2047,1.4676,1.2773,0.1649,70.7324
2026-01-02,05:30:00,2.229,0.1501,0,-95.9674,0,-0.216,2,3.0386,0,-0.0048,2,-0.0013,0,0,0,0,17.082,421.8984,424.2364,0.2,0,223.1316,5.511,5.5415,0.1,1,0.0943,2.1223,2.1341,-0.3,0,277.9184,278.0311,94353.5092,1.1798,1008.2026,0.0245,-3e-4,0.0041,520.1208,862.7279,0.0034,60.2879,342.6071,270.953,1.8274,5.503,37.3221,0.3566,1.1739,39.5129,0.0734,444.2184,-0.2262,69.2295,-10.5058,23.7643,59.1764,90.2477,126.5737,189.6304,0.1488,1.0082,-94.6351,1.016,-0.191,1.1308,2.6872,1.1308,-0.0043,1.1308,0.0277,1.2232,1.2549,0.9237,0.1693,70.632
2026-01-02,06:00:00,2.249,0.147,0,-99.2122,0,0.8317,2,2.9862,1,0.0185,2,-0.0034,0,-0,-0,-0,17.1425,422.8923,425.2629,0.2,0,225.9652,5.5744,5.6056,0.1,1,0.0947,2.1266,2.1385,-0.1,0,277.234,277.4249,94351.3571,1.1823,1008.2274,0.0244,0.0012,0.0041,526.0914,826.898,0.0035,63.6223,300.8066,271.1074,1.1826,6.3359,10.0924,0.3526,0.9496,36.9455,0.0785,-119.292,-0.236,78.3222,-11.8857,26.8855,66.9487,102.1009,143.198,214.5367,0.1457,1.0089,-97.7911,1.0159,0.7396,1.1245,2.6556,1.1245,0.0165,1.1245,0.0268,1.2217,0.7907,0.987,0.1216,70.5676
2026-01-02,06:30:00,2.27,0.0568,0,-92.7329,0,-0.3796,2,3.3315,1,-0.0085,2,-0.0019,0,0,0,0,17.1676,423.2082,425.5868,0.1,1,226.7219,5.589,5.6205,0.1,1,0.095,2.1322,2.1442,0.1,0,277.2708,277.4295,94361.1722,1.1824,1008.2355,0.0244,-5e-4,0.0041,527.53,827.1653,0.0035,63.7756,299.6353,271.1444,1.1288,4.4714,14.2737,0.2191,0.7148,9.4864,0.3057,244.2867,-0.355,56.5505,-8.5818,19.412,48.3385,73.7193,103.3924,154.9006,0.056,1.0132,-90.5638,1.026,-0.3153,1.2041,2.7669,1.2041,-0.007,1.2041,0.0237,1.3631,0.5473,0.7764,0.106,70.5541
2026-01-02,07:00:00,2.291,0.0829,1,-65.643,1,5.9791,1,2.7479,1,0.1334,1,-0.0032,1,-0,-0,-0,17.1053,422.3833,424.7456,0.1,0,225.2264,5.5616,5.5927,0.1,1,0.0948,2.1364,2.1484,-0.2,0,278.1611,278.2389,94356.9798,1.179,1008.2336,0.0245,0.0086,0.0041,524.9119,875.3224,0.0035,59.9678,350.4105,271.0771,1.6119,5.7951,38.1872,0.2652,1.2168,23.7594,0.1221,-10.9788,-0.2082,54.6885,-8.2992,18.7728,46.7469,71.2919,99.9879,149.8001,0.0822,1.0093,-64.29,1.0181,5.2128,1.147,2.3957,1.147,0.1163,1.147,0.0163,1.2542,1.117,1.1477,0.1688,70.4383
2026-01-02,07:30:00,2.312,0.0259,1,-65.7628,1,5.2283,1,3.3172,1,0.1166,1,0.0043,1,0,0,0,17.0866,422.5636,424.9301,0,0,225.1932,5.5692,5.6004,0.1,1,0.0948,2.1367,2.1487,-0.4,0,278.1716,278.2603,94358.1372,1.1789,1008.2381,0.0245,0.0076,0.0041,525.6378,876.6269,0.0035,59.9614,350.9891,271.0958,1.5841,5.4711,44.1957,0.1483,0.6909,4.148,0.6991,-12.5782,-0.373,25.071,11,24,51,101,233,1160,0.0254,1.0207,-62.9877,1.0422,3.9088,1.3376,2.48,1.3376,0.0872,1.3376,0.0181,1.5812,0.5754,0.705,0.1014,70.3131
2026-01-02,08:00:00,2.333,0.0469,1,-29.7088,1,3.7742,1,0.5952,1,0.0842,1,-0.0033,1,0,0,0,17.0871,422.5327,424.899,0.1,0,225.2127,5.5691,5.6003,0.1,1,0.0949,2.1394,2.1514,-0.3,0,278.2877,278.3791,94355.3666,1.1783,1008.24,0.0245,0.0055,0.0041,525.6161,883.9087,0.0035,59.465,358.2926,271.0952,2.0604,7.4624,48.2698,0.1995,0.7306,22.347,0.1298,-7.8715,-0.1253,21.2955,9,20,41,79,174,781,0.0465,1.0095,-29.015,1.0191,3.2595,1.1579,0.514,1.1579,0.0727,1.1579,0.0056,1.2645,0.6532,0.6519,0.1561,70.2745
2026-01-02,08:30:00,2.354,0.0843,0,-20.8364,0,4.1002,0,0.2759,0,0.0915,0,-0.0012,0,0,0,0,17.0996,423.1319,425.5072,-0.1,0,225.5982,5.5825,5.6138,0.1,1,0.095,2.1437,2.1557,-0.4,0,278.4148,278.5139,94364.5893,1.1779,1008.2495,0.0245,0.0059,0.0041,526.9272,892.2386,0.0035,59.0568,365.3114,271.1289,1.5489,4.2854,56.1148,0.2676,0.8004,76.871,0.0377,-5.0818,-0.0656,58.3755,-8.8587,20.0384,49.8985,76.0983,106.7289,159.89940000000001,0.0837,1.0077,-20.3738,1.0139,3.6878,1.1118,0.2482,1.1118,0.0823,1.1118,0.0051,1.1949,0.6028,0.8521,0.1459,70.1517
2026-01-02,09:00:00,2.374,0.0332,1,-10.7256,1,2.8929,0,-0.5453,2,0.0645,0,-0.0043,2,0,0,0,17.1309,423.9633,426.3443,0.1,1,225.6587,5.5847,5.6161,0.1,1,0.0951,2.1454,2.1575,0,1,278.3745,278.5197,94370.5778,1.1779,1008.2508,0.0245,0.0042,0.0041,527.1722,892.599,0.0035,59.0604,365.4267,271.1352,1.3914,4.6247,81.5778,0.168,0.4912,36.9482,0.0785,-3.7076,-0.0538,15.5459,7,14,29,53,114,470,0.033,1.0086,-10.4291,1.0158,2.5682,1.1264,-0.4841,1.1264,0.0573,1.1264,-8e-4,1.2223,0.432,0.4519,0.0986,70.0474
2026-01-02,09:30:00,2.395,0.051,0,4.3666,2,3.8605,1,0.87,1,0.0862,1,0.009,1,0,0,0,17.204,426.2974,428.6996,0.1,0,226.1353,5.6034,5.635,0.1,1,0.0956,2.1657,2.1779,-0.5,0,278.8048,279.3633,94390.3313,1.1746,1008.2752,0.0246,0.0056,0.0041,529.0475,946.3249,0.0035,55.9055,417.2773,271.1833,1.5222,4.7399,92.0518,0.2085,0.6117,-173.4705,-0.0167,1.1311,0.0177,54.5294,-8.275,18.7182,46.6109,71.0846,99.6971,149.3645,0.0505,1.01,4.5208,1.0136,3.548,1.0881,0.7996,1.0881,0.0792,1.0881,0.0069,1.1482,0.4275,0.6908,0.105,70.6325
2026-01-02,10:00:00,2.416,0.1093,1,-4.3327,1,5.5828,0,0.4225,0,0.1248,0,0.0037,0,-0,-0,-0,17.2002,428.5331,430.9755,0,0,227.4596,5.667,5.6993,0.1,1,0.096,2.1856,2.1981,0,1,279.7728,280.5054,94392.2024,1.1698,1008.3298,0.0247,0.0081,0.0041,535.0653,1023.6065,0.0035,52.2726,488.5412,271.3366,1.5897,6.6433,88.4421,0.3057,1.2602,551.532,0.0053,-0.7761,-0.012,53.6185,-8.1368,18.4055,45.8322,69.8971,98.0316,146.8692,0.1086,1.0071,-3.9926,1.0123,5.084,1.0981,0.3847,1.0981,0.1136,1.0981,0.0044,1.1709,1.2409,1.0439,0.2356,71.0219
2026-01-02,10:30:00,2.437,0.1894,0,-11.7767,2,9.4552,0,0.8323,1,0.2115,0,-8e-4,2,-0,-0,-0,17.1185,427.8208,430.292,0.1,1,229.7994,5.7431,5.7763,0.1,1,0.0955,2.181,2.1936,0,1,280.6613,281.1835,94411.8875,1.1672,1008.3835,0.0248,0.0137,0.0042,542.3602,1072.0775,0.0036,50.5897,529.7172,271.5204,1.5118,6.1463,91.0374,0.4029,1.4681,464.4149,0.0062,-1.2455,-0.0248,58.779,-8.9199,20.1769,50.2434,76.6244,107.4667,161.0048,0.1881,1.0072,-11.1522,1.0124,8.6127,1.0978,0.7581,1.0978,0.1926,1.0978,0.0024,1.1713,1.3071,1.3038,0.3252,70.9374
2026-01-02,11:00:00,2.458,0.2433,1,-1.3941,2,7.7292,0,0.7593,1,0.173,0,0.0059,1,0,0,0,16.9522,424.7264,427.1884,0.1,0,230.0273,5.7632,5.7966,0.1,1,0.0948,2.1722,2.1848,-0.4,0,281.4109,281.8229,94406.1616,1.1645,1008.4062,0.0248,0.0112,0.0042,544.2274,1119.6281,0.0036,48.6079,575.4007,271.5671,1.7371,7.4034,104.4484,0.457,2.1142,5728.5513,5e-4,-0.1804,-0.0026,63.3185,-9.6088,21.7352,54.1237,82.5421,115.7664,173.4392,0.2416,1.0069,-0.9681,1.0121,7.0423,1.0975,0.6918,1.0975,0.1576,1.0975,0.0054,1.1683,2.3644,1.5166,0.3475,70.9367
2026-01-02,11:30:00,2.479,0.245,1,-8.8733,1,9.4571,0,0.1154,0,0.2118,0,0.0029,1,0,0,0,16.7919,421.9299,424.3614,0,0,228.0304,5.7297,5.7627,0.7,0,0.0938,2.156,2.1684,-0.5,0,282.1589,282.5974,94373.0631,1.1609,1008.4025,0.0249,0.0137,0.0041,540.8772,1179.7093,0.0036,45.8483,638.8321,271.4832,1.433,7.2131,93.2566,0.4594,2.6454,913.9259,0.0032,-0.9383,-0.0165,59.1479,-8.9759,20.3036,50.5587,77.1053,108.1412,162.0153,0.2433,1.0073,-8.276,1.0122,8.6304,1.0958,0.1053,1.0958,0.1933,1.0958,0.0049,1.1686,2.3649,2.5095,0.4164,70.9984
2026-01-02,12:00:00,2.499,0.3093,0,-0.0635,2,9.4778,1,-0.2751,2,0.2124,1,-0.0092,2,0,0,0,16.6983,420.6057,422.9962,0.1,1,224.3678,5.6515,5.6836,0.5,0,0.093,2.1443,2.1564,-0.9,0,282.8064,283.2435,94327.9489,1.1577,1008.3723,0.025,0.0138,0.0041,533.2357,1231.9782,0.0035,43.2829,698.7426,271.2902,1.5874,6.9919,93.9764,0.5169,2.2229,181754.8916,0,-0.0067,-1e-4,61.3876,-9.3158,21.0724,52.4732,80.025,112.2361,168.1502,0.3063,1.0098,0.4495,1.0135,8.7069,1.0885,-0.2527,1.0885,0.1951,1.0885,-0.0092,1.1484,2.0935,1.8721,0.4802,71.1102
2026-01-02,12:30:00,2.52,0.3059,0,-16.71,2,17.5747,0,1.0249,1,0.394,0,0.0064,1,0,0,0,16.6022,419.4325,421.7463,0.1,1,217.1581,5.4862,5.5165,0.4,0,0.0921,2.1281,2.1398,-0.8,0,283.2269,283.6814,94295.502,1.1556,1008.2909,0.025,0.0255,0.004,517.4639,1268.5549,0.0034,40.7916,751.091,270.8838,1.597,7.8968,101.2716,0.5145,2.663,681.2433,0.0043,-0.9508,-0.0279,55.0416,-8.3528,18.894,47.0488,71.7523,100.6337,150.7676,0.3038,1.0071,-15.5925,1.0123,16.0093,1.0978,0.9336,1.0978,0.3589,1.0978,0.01,1.1703,2.6791,2.0218,0.6251,71.0917
2026-01-02,13:00:00,2.541,0.2272,1,-3.1088,1,14.1713,0,1.0066,0,0.3178,0,0.0019,1,0,0,0,16.5378,418.9184,421.2345,0.1,1,217.0643,5.4984,5.5288,0.4,0,0.0916,2.1194,2.1311,-0.2,0,283.6892,284.0496,94264.9246,1.1537,1008.3048,0.0251,0.0206,0.004,518.4493,1300.0476,0.0034,39.8793,781.5982,270.9095,1.954,8.6814,88.5389,0.4437,2.8839,2348.5226,0.0012,-0.2194,-0.006,54.3099,-8.2417,18.6428,46.4233,70.7984,99.2958,148.7632,0.2257,1.0068,-2.3156,1.0123,12.881,1.1002,0.915,1.1002,0.2889,1.1002,0.0018,1.1703,2.7997,2.4873,0.4808,71.0656
2026-01-02,13:30:00,2.562,0.2978,0,-16.0636,0,20.287,0,1.3464,1,0.4552,0,0.0076,1,0,0,0,16.5013,418.6238,420.9468,0.1,1,217.523,5.5184,5.549,0.3,0,0.0912,2.1153,2.127,-0.5,0,284.0976,284.4609,94234.5781,1.1517,1008.324,0.0251,0.0295,0.004,520.1613,1336.0435,0.0034,38.933,815.8821,270.9541,1.9149,7.4098,104.9557,0.5085,2.1524,683.9126,0.0042,-0.7918,-0.0272,65.8039,-9.986,22.5883,56.2482,85.782,120.3104,180.247,0.2958,1.0068,-14.8038,1.0124,18.4235,1.1012,1.2227,1.1012,0.4134,1.1012,0.0107,1.1724,2.1077,1.8063,0.3907,71.0389
2026-01-02,14:00:00,2.583,0.3365,0,-15.867,0,14.8637,0,0.9016,0,0.3336,0,0.0033,0,-0,-0,-0,16.4682,418.3194,420.6406,0.3,0,217.2476,5.5184,5.5491,0.4,0,0.0909,2.1111,2.1228,-0.4,0,284.5364,284.8472,94207.5063,1.1498,1008.3319,0.0251,0.0216,0.004,520.0176,1370.6376,0.0034,37.9398,850.62,270.9504,2.235,8.0086,114.5495,0.541,2.4867,833.3075,0.0035,-1.0675,-0.0253,66.8634,-10.1468,22.952,57.1538,87.1631,122.2475,183.1491,0.3342,1.0067,-14.8974,1.0127,13.4553,1.1047,0.8162,1.1047,0.302,1.1047,0.007,1.1745,2.4215,2.127,0.4249,70.9417
2026-01-02,14:30:00,2.604,0.4295,1,-18.0722,1,18.2444,0,0.4022,0,0.4095,0,-0.0017,0,-0,-0,-0,16.4477,417.9817,420.2734,0.3,0,214.5669,5.4527,5.4826,0.2,0,0.0907,2.1082,2.1198,-0.3,0,284.7006,284.9423,94193.4459,1.1493,1008.2981,0.0252,0.0265,0.0039,513.7487,1379.2725,0.0034,37.2478,865.5239,270.7865,2.7417,12.8327,107.6955,0.6113,3.9043,1055.7786,0.0027,-0.9906,-0.0255,77.3291,-11.735,26.5446,66.0998,100.8063,141.3823,211.8165,0.4267,1.0067,-16.8902,1.0134,16.4219,1.111,0.362,1.111,0.3686,1.111,0.0029,1.1788,4.357,3.0744,0.3772,70.8306
2026-01-02,15:00:00,2.624,0.3719,0,-19.1783,1,9.959,1,0.0426,2,0.2236,1,0.0021,1,-0,-0,-0,16.4338,417.8699,420.1401,0.1,0,212.5037,5.4034,5.4328,0.3,0,0.0907,2.1113,2.1227,-0.2,0,284.8406,285.1622,94200.9452,1.1485,1008.2758,0.0252,0.0145,0.0039,509.145,1399.437,0.0034,36.3821,890.2921,270.6651,1.9247,9.7056,109.5585,0.5691,2.4365,802.5751,0.0036,-1.9257,-0.0291,82.2898,-12.4878,28.2474,70.3401,107.2731,150.452,225.4045,0.3694,1.0068,-18.4384,1.0124,9.045,1.1011,0.0387,1.1011,0.2031,1.1011,0.0073,1.1721,2.6644,1.9287,0.2798,70.7323
2026-01-02,15:30:00,2.645,0.1392,0,-11.3079,1,13.6236,0,0.3127,0,0.3059,0,0.0037,0,0,0,0,16.4394,417.7343,419.9838,-0.1,0,210.778,5.356,5.3848,0.2,0,0.0907,2.1114,2.1228,-0.4,0,284.8024,285.2277,94229.2682,1.1486,1008.2513,0.0252,0.0198,0.0038,504.8268,1405.4894,0.0033,35.9182,900.6626,270.5503,1.1842,8.5641,102.8924,0.3481,1.211,311.6827,0.0093,-0.83,-0.028,67.1017,-10.1829,23.0338,57.3575,87.4738,122.6833,183.8019,0.1381,1.0079,-10.4488,1.0126,12.428,1.0962,0.2852,1.0962,0.2791,1.0962,0.0061,1.1719,1.1972,1.0504,0.1744,70.6264
2026-01-02,16:00:00,2.666,0.5518,0,-28.6183,0,21.3923,0,0.9431,1,0.4802,0,3e-4,0,-0,-0,-0,16.4522,417.2204,419.4161,0.1,1,206.4359,5.2351,5.2627,0.2,0,0.0906,2.1042,2.1153,-0.2,0,284.7187,284.8762,94266.6504,1.1505,1008.1783,0.0251,0.0311,0.0038,493.6284,1373.2642,0.0033,35.9456,879.6358,270.2484,0.7211,13.8869,20.5275,0.6925,3.4056,969.7339,0.003,-1.3378,-0.0356,78.8451,-11.965,27.065,67.3956,102.7825,144.154,215.9689,0.5463,1.01,-27.1294,1.0132,19.5962,1.0917,0.8639,1.0917,0.4399,1.0917,0.0078,1.1672,3.6503,2.6998,0.4611,70.669
2026-01-02,16:30:00,2.687,0.0548,2,-35.9645,2,21.8793,2,1.7113,2,0.4909,2,0.0035,2,-0,-0,-0,16.4873,417.3761,419.5635,0.1,1,205.9487,5.2136,5.2409,0.5,0,0.0908,2.1056,2.1166,-0.1,0,284.4801,284.5213,94283.3824,1.1522,1008.1594,0.0251,0.0318,0.0037,491.6872,1341.3987,0.0032,36.6548,849.7115,270.1955,1.443,7.9188,352.2139,0.2181,2.6921,24.1153,0.1203,-1.6438,-0.1419,31.6333,-4.8005,10.8587,27.0396,41.2372,57.8357,86.6484,0.0543,1.0092,-34.2626,1.0177,19.1518,1.1424,1.498,1.1424,0.4297,1.1424,0.0122,1.2492,2.267,2.6686,0.4487,70.6109
2026-01-02,17:00:00,2.708,0.0536,1,-26.2644,1,15.2806,1,0.2784,2,0.3428,1,-0.0043,2,0,0,0,16.5486,418.189,420.3882,0.1,1,207.0142,5.2313,5.2588,0.3,0,0.0911,2.1104,2.1215,-0.2,0,284.2026,284.2014,94285.6472,1.1535,1008.1625,0.0251,0.0222,0.0038,493.3714,1313.2367,0.0033,37.5691,819.8653,270.2414,1.1028,9.3746,353.6222,0.21560000000000001,2.1517,31.8917,0.0909,-1.7188,-0.1047,34.0361,-5.1651,11.6835,29.0936,44.3695,62.2289,93.2302,0.0531,1.0092,-25.0823,1.0164,13.5543,1.1274,0.2469,1.1274,0.304,1.1274,0.0031,1.2279,1.204,2.7343,0.3651,70.4467
2026-01-02,17:30:00,2.729,0.7613,1,8.5138,2,7.2286,0,-1.0005,2,0.1621,0,-0.0355,2,0,0,0,16.5858,418.5725,420.776,0.1,1,207.5014,5.2367,5.2642,0.3,0,0.0915,2.117,2.1281,0,1,283.9181,283.8832,94296.9824,1.1549,1008.1591,0.025,0.0105,0.0038,493.9333,1285.7354,0.0033,38.4164,791.8021,270.2567,0.1659,8.5716,152.0754,0.8119,2.6204,-5253.7062,-6e-4,1.1778,0.009,81.2008,-12.3225,27.8736,69.4092,105.8534,148.461,222.4216,0.7237,1.052,8.5781,1.0407,6.488,1.1141,-0.898,1.1141,0.1455,1.1141,-0.0354,1.1852,1.5553,3.0966,0.5888,70.3327
2026-01-02,18:00:00,2.749,0.1346,0,-32.5199,0,12.9757,0,0.7109,0,0.2908,0,-6e-4,0,0,0,0,16.6239,418.8191,421.0376,0.1,1,209.1463,5.2692,5.2971,0.7,0,0.0922,2.1276,2.1389,-0.3,0,283.4535,283.4064,94318.4823,1.1571,1008.1673,0.025,0.0188,0.0038,497.1165,1245.4754,0.0033,39.9138,748.3589,270.3431,0.8408,5.2326,125.2442,0.3411,0.977,101.9691,0.0284,-2.5062,-0.0817,68.5293,-10.3996,23.5239,58.5778,89.3349,125.2935,187.7125,0.1334,1.0093,-31.4312,1.014,11.7745,1.102,0.6451,1.102,0.2639,1.102,0.0087,1.1853,1.0081,0.7871,0.1588,70.2626
2026-01-02,18:30:00,2.77,0.1306,0,-25.1702,0,10.1261,0,0.685,1,0.2269,0,-9e-4,0,-0,-0,-0,16.6368,418.6278,420.8443,0.1,1,209.3144,5.2669,5.2948,0.6,0,0.0924,2.1298,2.1411,-0.2,0,283.2673,283.234,94355.9199,1.1583,1008.1627,0.025,0.0147,0.0038,497.0979,1231.1961,0.0033,40.3752,734.0982,270.3426,0.8619,4.984,142.917,0.3358,1.0221,125.809,0.0231,-2.4857,-0.0642,65.267,-9.9045,22.4041,55.7893,85.0821,119.3289,178.7765,0.1294,1.0092,-24.3296,1.0137,9.2056,1.1,0.6227,1.1,0.2063,1.1,0.0063,1.1815,0.9671,0.9031,0.1739,70.1898
2026-01-02,19:00:00,2.791,0.1771,1,-40.4576,0,16.6351,0,1.4435,1,0.3727,0,8e-4,1,0,0,0,16.6689,418.9947,421.2374,0.1,1,211.8153,5.3243,5.3528,0.4,0,0.0925,2.1317,2.1431,-0.3,0,283.0505,283.0118,94396.2386,1.1597,1008.1896,0.0249,0.0242,0.0038,502.7245,1213.0036,0.0033,41.4446,710.2791,270.4941,0.6678,6.5908,104.0072,0.3908,1.6039,123.3534,0.0235,-2.4321,-0.0886,64.4008,-9.7731,22.1067,55.0488,83.9529,117.7451,176.4036,0.1753,1.0104,-39.0639,1.0143,15.1274,1.0997,1.3126,1.0997,0.3389,1.0997,0.0123,1.1821,1.8358,1.1284,0.2435,70.0996
2026-01-02,19:30:00,2.812,0.7903,1,2.0072,2,4.2027,1,-0.9109,1,0.0941,1,-0.0156,1,0,0,0,16.7001,419.4528,421.7395,0.1,1,215.8765,5.4221,5.4517,0.3,0,0.0929,2.1392,2.1508,0,1,282.875,282.8348,94421.8405,1.1607,1008.2395,0.0249,0.0061,0.0039,512.1044,1198.6826,0.0034,42.7223,686.5783,270.7433,0.3094,5.8668,84.2986,0.8252,1.6925,-23414.4806,-1e-4,0.4776,0.0021,93.4045,-14.1745,32.0627,79.8408,121.76220000000001,170.7732,255.8494,0.7659,1.0318,2.1827,1.0272,3.8292,1.0976,-0.8299,1.0976,0.0858,1.0976,-0.0154,1.1649,1.9598,0.9965,0.4286,70.0214
2026-01-02,20:00:00,2.833,0.2984,1,-33.0376,1,14.9702,1,0.983,1,0.3353,1,-0.0025,1,-0,-0,-0,16.7229,419.8021,422.1126,0.1,1,218.0438,5.4736,5.5038,0.6,0,0.0932,2.1445,2.1563,-0.2,0,282.7871,282.7456,94435.3035,1.1612,1008.2658,0.0249,0.0217,0.004,517.044,1191.5232,0.0034,43.3935,674.4792,270.8729,0.7211,6.7781,68.714,0.5069,1.4005,329.895,0.0088,-2.2069,-0.0557,88.6548,-13.4537,30.4323,75.7808,115.5704,162.0892,242.8392,0.2954,1.01,-31.8504,1.0135,13.6843,1.094,0.8986,1.094,0.3065,1.094,0.0071,1.1714,1.5146,1.1021,0.1843,69.9806
2026-01-02,20:30:00,2.854,0.0905,0,-38.1491,0,14.7429,0,1.9936,0,0.3302,0,-0.0011,0,0,0,0,16.7428,420.0881,422.4104,0.1,0,219.1185,5.4978,5.5282,0.7,0,0.0934,2.1482,2.16,-0.2,0,282.6351,282.593,94467.4435,1.1622,1008.2761,0.0249,0.0214,0.004,519.5057,1179.3605,0.0034,44.0498,659.8548,270.9371,0.7431,7.0529,97.8141,0.2791,0.9165,47.6931,0.0608,-2.5876,-0.1166,64.1821,-9.7399,22.0317,54.8619,83.6679,117.3454,175.8048,0.0896,1.0101,-36.849,1.0157,13.2346,1.114,1.7896,1.114,0.2964,1.114,0.0098,1.2077,0.8968,0.811,0.1253,69.9369
2026-01-02,21:00:00,2.874,0.0698,1,-7.6143,1,3.5,0,0.1587,2,0.0783,0,-1e-4,1,-0,-0,-0,16.8205,421.179,423.5464,0.1,1,223.2237,5.5894,5.6209,0.1,1,0.0937,2.1473,2.1593,0.2,0,281.9339,281.895,94503.9625,1.1655,1008.3128,0.0248,0.0051,0.0041,528.3655,1125.1041,0.0035,46.9615,596.7387,271.1658,1.3377,3.7659,346.2477,0.2447,0.7577,160.9768,0.018,-2.1755,-0.0265,77.958,-11.8304,26.7605,66.6373,101.6262,142.5321,213.5391,0.0692,1.0077,-7.3442,1.0129,3.1783,1.1012,0.1441,1.1012,0.0711,1.1012,0.002,1.1791,0.7413,0.7149,0.0592,69.829
2026-01-02,21:30:00,2.895,0.0696,0,-10.1629,2,3.6437,2,-0.1843,2,0.0815,2,-0.0011,2,0,0,0,16.8544,421.3766,423.7526,0.1,1,224.2705,5.607,5.6386,0.1,1,0.0939,2.1489,2.1611,0.2,0,281.7148,281.6893,94516.933,1.1665,1008.3186,0.0248,0.0053,0.0041,530.0986,1109.5439,0.0035,47.7763,579.4453,271.2102,1.0504,4.257,352.2282,0.2442,0.6114,119.9267,0.0242,-2.7891,-0.0354,66.778,-10.1338,22.9227,57.0808,87.0518,122.0914,182.9152,0.069,1.0084,-9.8526,1.0134,3.3079,1.1015,-0.1674,1.1015,0.074,1.1015,0.002,1.1826,0.6125,0.5235,0.0868,69.7455
2026-01-02,22:00:00,2.916,0.0849,1,24.6899,2,-7.7423,1,-3.4498,1,-0.1732,1,0.0041,2,0,0,0,16.9118,422.5615,424.9613,0.1,1,226.0002,5.6469,5.679,0.1,1,0.094,2.1479,2.1601,0,1,281.3099,281.3298,94546.0887,1.1683,1008.3337,0.0247,-0.0112,0.0041,534.0341,1082.7983,0.0035,49.3198,548.7642,271.3104,0.6054,3.7713,3.8216,0.2696,0.5352,-66.4504,-0.0436,-3.189,0.0777,90.833,-13.7843,31.18,77.6427,118.41,166.0717,248.8057,0.0833,1.0188,23.8648,1.0187,-7.1153,1.0881,-3.1705,1.0881,-0.1592,1.0881,-0.0036,1.1527,0.4279,0.5934,0.0491,69.7199
2026-01-02,22:30:00,2.937,0.022,1,-12.5007,0,1.7131,2,0.8576,1,0.0383,2,-8e-4,0,0,0,0,17.0961,425.4661,427.9582,0.1,1,233.9934,5.8233,5.8574,0.1,1,0.0943,2.1436,2.1561,0.1,0,280.1694,280.2353,94558.5517,1.1729,1008.4104,0.0246,0.0025,0.0043,550.7927,1004.8465,0.0036,54.8136,454.0537,271.7301,1.9947,4.6829,317.3188,0.1371,0.4606,17.2525,0.1681,-7.2972,-0.0771,34.9171,15,33,70,136,311,1491,0.0218,1.0103,-12.1828,1.0209,1.4617,1.172,0.7318,1.172,0.0327,1.172,0.0028,1.289,0.3721,0.5013,0.0479,69.5549
2026-01-02,23:00:00,2.958,0.0201,0,-12.2777,0,3.5036,1,0.4955,0,0.0783,1,-0.0012,0,0,0,0,17.0572,424.5581,427.0154,0.1,1,231.1969,5.7545,5.7878,0.1,1,0.0942,2.1464,2.1589,0.3,0,280.493,280.5384,94582.6676,1.172,1008.3782,0.0247,0.0051,0.0042,544.4253,1025.9217,0.0036,53.0669,481.4964,271.572,0.9429,2.6678,344.8675,0.1311,0.3312,15.3622,0.1888,-3.5043,-0.0793,12.1252,5,11,24,45,100,455,0.0199,1.0112,-11.8726,1.0209,3.0174,1.1611,0.4267,1.1611,0.0674,1.1611,0.0023,1.2904,0.2491,0.3773,0.0361,69.5291
2026-01-02,23:30:00,2.979,0.0411,0,-19.9309,0,4.7425,0,1.2413,0,0.106,0,-0.0067,2,0,0,0,17.1589,426.5613,429.0891,0.3,0,236.9798,5.8912,5.9261,0.1,1,0.0946,2.1503,2.163,0,1,279.9381,280.0288,94598.6732,1.1743,1008.4439,0.0246,0.0069,0.0043,557.4501,990.7074,0.0037,56.2679,433.2573,271.8937,0.9673,2.9826,352.0524,0.1871,0.465,27.5453,0.1053,-4.2026,-0.0899,7.1386,3,7,13,25,52,216,0.0407,1.0098,-19.3869,1.0172,4.1893,1.1321,1.0965,1.1321,0.0936,1.1321,-2e-4,1.238,0.3392,0.54990000000000006,0.0408,69.4282
2026-01-03,00:00:00,3,0.008,1,-16.3119,0,5.4771,0,2.7308,0,0.1223,0,-0.006,0,0,0,0,17.2965,428.8819,431.4608,0.1,1,241.0547,5.9772,6.0131,0.1,1,0.0946,2.1436,2.1565,0.9,0,279.2097,279.3357,94612.7126,1.1773,1008.479,0.0245,0.0079,0.0044,565.6674,944.5271,0.0037,59.889,378.8597,272.0933,1.7171,3.0598,330.0217,0.0824,0.2339,2.8694,1.0107,-2.9782,-0.1668,82.5756,36,81,179,362,879,4863,0.0078,1.0264,-15.2904,1.0536,3.8324,1.4292,1.9108,1.4292,0.0856,1.4292,-5e-4,1.7322,0.2023,0.2436,0.0219,69.3222
2026-01-03,00:30:00,3.02,0.006,1,-26.9177,1,10.3892,1,6.442,1,0.232,1,-0.0089,2,0,0,0,17.2622,427.9851,430.5368,0.2,0,239.0468,5.9267,5.9621,0.1,1,0.0949,2.1502,2.163,0.2,0,279.316,279.4243,94606.9894,1.1769,1008.4529,0.0246,0.015,0.0043,560.8612,950.3177,0.0037,59.0183,389.4565,271.9769,2.1265,3.6753,336.3553,0.0712,0.3111,1.1216,2.5856,-2.5909,-0.3187,184.638,81,179,389,774,1833,9597,0.0057,1.0531,-24.0985,1.1042,5.6239,1.8473,3.4872,1.8473,0.1256,1.8473,-2e-4,2.4142,0.1419,0.453,0.0273,70.0913
2026-01-03,01:00:00,3.041,0.0228,0,-21.9172,0,5.1151,0,2.5786,0,0.1143,0,-0.0041,0,0,0,0,17.1603,425.9146,428.4608,0.1,1,239.4346,5.9427,5.9782,0.1,1,0.0951,2.1594,2.1723,0.9,0,279.8933,279.9606,94621.965,1.1748,1008.4709,0.0246,0.0074,0.0044,562.4618,986.0725,0.0037,57.0406,423.6107,272.0157,2.0896,4.9182,356.436,0.1392,0.2972,10.3138,0.2812,-4.2848,-0.1329,38.4132,17,37,80,159,374,1932,0.0225,1.0129,-21.1504,1.0264,4.2037,1.2168,2.1192,1.2168,0.0939,1.2168,0.0024,1.3609,0.1464,0.4127,0.0353,70.1086
2026-01-03,01:30:00,3.062,0.0609,0,-23.0895,1,5.264,1,1.3526,1,0.1177,1,-0.0046,1,0,0,0,17.0518,424.0711,426.5723,0.1,1,235.7766,5.8637,5.8982,0.1,1,0.0951,2.1653,2.178,0,1,280.5364,280.5514,94627.0221,1.1725,1008.4381,0.0246,0.0076,0.0043,555.0086,1026.8302,0.0037,54.0507,471.8216,271.8339,0.6926,4.2921,14.0578,0.2279,0.6828,42.9286,0.0676,-4.3863,-0.0857,60.957,-9.2505,20.9246,52.1051,79.4636,111.4489,166.9707,0.0602,1.0105,-22.4907,1.0161,4.7146,1.1165,1.2115,1.1165,0.1054,1.1165,0.0027,1.2128,0.5347,0.736,0.095,69.5233
2026-01-03,02:00:00,3.083,0.0361,0,-21.5024,0,6.9579,0,1.1511,0,0.1555,0,-0.0016,0,0,0,0,17.0652,424.5536,427.0898,0.1,1,238.6996,5.9384,5.9739,0.1,1,0.0951,2.1653,2.1782,0.3,0,280.3533,280.3781,94630.5784,1.1732,1008.4759,0.0246,0.0101,0.0043,562.1078,1014.729,0.0037,55.3949,452.6212,272.0071,1.591,4.4854,345.9341,0.1755,0.5131,21.0582,0.1377,-3.0904,-0.1036,17.5355,8,16,34,65,143,639,0.0358,1.0096,-20.7954,1.0187,6.0394,1.1521,0.9992,1.1521,0.135,1.1521,0.0045,1.2632,0.3512,0.5909,0.0842,69.179
2026-01-03,02:30:00,3.104,0.1269,0,17.8988,1,-11.4495,1,-3.01,1,-0.2559,1,-1e-4,1,-0,-0,-0,17.0688,424.3646,426.898,0.1,1,238.6955,5.9345,5.9699,0.1,1,0.0951,2.1635,2.1764,0,1,280.3136,280.3313,94655.7347,1.1737,1008.4729,0.0246,-0.0166,0.0043,561.8809,1011.4759,0.0037,55.5506,449.595,272.0016,0.6032,2.9716,12.5926,0.3288,0.6384,-166.4923,-0.0174,-1.5633,0.046,78.8165,-11.9607,27.0552,67.3712,102.7453,144.1018,215.8907,0.1246,1.0188,16.991,1.0187,-10.5221,1.0881,-2.7662,1.0881,-0.2352,1.0881,-0.0052,1.1527,0.5488,0.6239,0.1041,69.0884
2026-01-03,03:00:00,3.124,0.0502,1,-4.1732,2,-5.439,1,1.0366,1,-0.1213,1,0.0027,1,-0,-0,-0,17.3863,430.4159,432.8786,0.1,1,229.8032,5.689,5.7216,0.1,1,0.0967,2.1791,2.1916,0,1,278.0382,278.2164,94689.5483,1.1832,1008.3029,0.0244,-0.0079,0.0042,538.8342,873.947,0.0035,61.6553,335.1128,271.4318,1.0806,3.7137,154.8167,0.2061,0.2102,175.778,0.0165,0.7673,-0.017,85.6645,-12.9999,29.4059,73.2247,111.6724,156.6221,234.6484,0.0498,1.0083,-4.4115,1.0131,-4.948,1.0992,0.9431,1.0992,-0.1104,1.0992,0.0041,1.1782,0.289,0.0981,0.0332,68.9718
2026-01-03,03:30:00,3.145,0.1052,1,34.8409,1,30.0022,1,-0.7961,2,0.6685,1,-0.0032,1,-0,-0,-0,17.6056,433.7457,436.0763,0.2,0,216.9386,5.3447,5.3734,0.1,1,0.0974,2.1837,2.1954,-0.3,0,276.8937,277.1608,94697.847,1.1879,1008.098,0.0243,0.0433,0.004,506.2651,811.7013,0.0033,62.3709,305.4361,270.5886,0.4179,4.305,152.8674,0.2976,0.3628,-63.4389,-0.0457,1.1613,0.0977,124.9155,-18.9564,42.8794,106.7759,162.8399,228.3853,342.1629,0.1027,1.0251,35.6958,1.0228,27.4651,1.0924,-0.7288,1.0924,0.612,1.0924,-0.0163,1.1584,0.6189,0.0797,0.027,68.9339
2026-01-03,04:00:00,3.166,0.0232,1,5.8155,1,3.3681,1,0.1945,1,0.0749,1,0.0011,1,-0,-0,-0,17.6826,433.7367,435.7005,0.3,0,183.7577,4.5074,4.5278,0.1,1,0.0978,2.1761,2.186,-0.4,0,275.3536,275.6942,94706.296,1.1947,1007.6192,0.0242,0.0049,0.0034,426.9931,731.7353,0.0028,58.3535,304.7421,268.3155,0.9329,2.5215,152.6921,0.1395,0.0867,-39.1117,-0.0741,1.7266,0.0346,13.3573,6,11,20,32,56,155,0.0229,1.0137,5.9113,1.0155,3.1014,1.086,0.1791,1.086,0.069,1.086,-0.0011,1.1488,0.1135,0.0417,0.0182,69.1754
2026-01-03,04:30:00,3.187,0.014,1,4.4588,1,3.6779,1,0.3749,1,0.0818,1,0.0019,2,-0,-0,-0,17.6533,431.6421,433.4309,-0.1,0,168.7952,4.1272,4.1443,0.1,1,0.0974,2.1615,2.1704,0,1,274.6191,275.0256,94705.3998,1.1978,1007.4027,0.0241,0.0053,0.0031,390.9759,697.6486,0.0026,56.042,306.6727,267.1561,0.6174,1.7805,142.7072,0.1081,0.0701,-23.7415,-0.1221,1.2123,0.0342,10.1797,4,8,15,23,40,107,0.0137,1.0185,4.5749,1.0185,3.3806,1.0879,0.3446,1.0879,0.0752,1.0879,1e-4,1.1524,0.0723,0.0571,0.0108,69.2994
2026-01-03,05:00:00,3.208,0.0336,1,4.6929,1,0.6305,1,-0.0407,2,0.014,1,-2e-4,1,-0,-0,-0,17.5819,429.0115,430.6764,0.1,1,158.4242,3.8657,3.8807,0.1,1,0.0971,2.1483,2.1566,-0.3,0,274.0705,274.5126,94742.5203,1.2006,1007.2533,0.0241,9e-4,0.0029,366.3422,672.4587,0.0024,54.478,306.1165,266.3072,0.8937,2.5547,158.2117,0.1673,0.1181,-83.6619,-0.0347,7.4428,0.0232,9.3283,4,8,14,24,44,131,0.0331,1.0141,4.6586,1.0157,0.5806,1.0861,-0.0375,1.0861,0.0129,1.0861,-0.0018,1.149,0.1569,0.0549,0.0243,69.3948
2026-01-03,05:30:00,3.229,0.0899,1,10.7303,1,7.3514,1,0.3721,1,0.1633,1,1e-4,1,-0,-0,-0,17.5638,427.5465,429.2021,0.1,1,158.462,3.8574,3.8723,0.1,1,0.0972,2.1472,2.1555,0.1,0,273.7057,274.1454,94800.6194,1.203,1007.2436,0.024,0.0106,0.0029,365.7787,654.926,0.0024,55.8504,289.1472,266.2872,0.8181,3.7799,168.5725,0.2733,0.3007,-159.5917,-0.0182,1.4596,0.0324,84.7139,-12.8557,29.0796,72.4122,110.4332,154.8841,232.0446,0.0885,1.015,10.9525,1.0163,6.7674,1.0863,0.3426,1.0863,0.1504,1.0863,-0.0039,1.1497,0.3519,0.1896,0.06,69.3883
2026-01-03,06:00:00,3.249,0.0829,1,5.2066,1,-1.1186,2,0.077,2,-0.0249,2,-1e-4,1,0,0,0,17.5188,426.1886,427.8829,0.1,1,162.7668,3.9597,3.9754,0.1,1,0.0971,2.1452,2.1538,0,0,273.7365,274.1612,94831.7719,1.2032,1007.2993,0.024,-0.0016,0.003,375.6064,655.6703,0.0025,57.2859,280.0639,266.6322,0.3027,2.1477,287.5997,0.2625,0.3432,-291.4654,-0.0099,-4.6546,0.0164,95.4143,-14.4795,32.7526,81.5587,124.3821,174.4477,261.3544,0.0803,1.0323,5.0159,1.0276,-1.0188,1.098,0.0702,1.098,-0.0226,1.098,-0.0017,1.1654,0.3632,0.282,0.0411,69.2859
2026-01-03,06:30:00,3.27,0.0056,1,8.6688,0,9.0191,0,0.0516,0,0.2004,0,-5e-4,0,-0,-0,-0,17.5151,425.8845,427.6155,0,0,166.4835,4.0481,4.0645,0.1,1,0.0972,2.148,2.1567,0.1,0,273.7065,274.1034,94850.5582,1.2037,1007.3465,0.024,0.013,0.003,384.0669,652.9463,0.0025,58.8206,268.8794,266.9229,0.8578,2.2169,303.2112,0.0683,0.1575,-3.0788,-0.9419,0.9612,0.1047,20.464,9,16,26,39,63,139,0.0055,1.0145,9.0113,1.016,8.3036,1.0862,0.0475,1.0862,0.1845,1.0862,-0.0038,1.1493,0.1478,0.1418,0.0254,69.2594
2026-01-03,07:00:00,3.291,0.0194,1,15.8411,1,16.3988,1,-0.372,1,0.3643,1,-0.0022,1,0,0,0,17.5361,426.3333,428.0332,0.1,1,163.3463,3.9712,3.9871,0.1,1,0.0974,2.1518,2.1604,0.1,0,273.5253,274.0387,94892.0013,1.2045,1007.3038,0.024,0.0236,0.003,376.9404,649.9082,0.0025,57.999,272.9678,266.6784,0.3012,2.4191,207.5701,0.1268,0.1101,-10.8095,-0.2683,0.966,0.1029,1.9466,1,2,3,4,8,20,0.0188,1.0325,16.2753,1.0277,14.9338,1.0981,-0.3387,1.0981,0.3318,1.0981,-0.0081,1.1655,0.0766,0.1161,0.0275,69.1993
2026-01-03,07:30:00,3.312,0.0641,1,2.155,2,-1.8401,2,0.9339,2,-0.0409,2,-0.0017,1,-0,-0,-0,17.5507,426.3442,428.0365,-0.1,0,162.7585,3.9538,3.9695,0.1,1,0.0976,2.1521,2.1606,0,0,273.3903,273.8318,94919.474,1.2058,1007.2915,0.024,-0.0026,0.003,375.3895,640.2761,0.0025,58.6293,264.8866,266.6247,0.5495,2.5793,312.763,0.2305,0.3297,-477.1656,-0.0061,-1.1711,0.0077,90.0971,-13.6726,30.9274,77.0137,117.4507,164.7263,246.79,0.0628,1.0202,2.021,1.0196,-1.6897,1.089,0.8575,1.089,-0.0375,1.089,-0.0022,1.1539,0.4055,0.2174,0.0366,69.1622
2026-01-03,08:00:00,3.333,0.0481,1,12.8009,1,9.601,1,-0.5959,1,0.2132,1,-0.0031,1,0,0,0,17.6099,427.4111,429.0803,0,0,160.2815,3.8902,3.9054,0.1,1,0.0977,2.1543,2.1627,0.1,0,273.1826,273.6963,94936.7611,1.2067,1007.2551,0.024,0.0138,0.0029,369.4216,634.0326,0.0024,58.2654,264.6109,266.416,0.4388,2.6491,173.629,0.1996,0.157,-52.1709,-0.0556,1.3333,0.0528,1.8072,1,1,3,5,8,24,0.047,1.0241,13.0335,1.0222,8.7947,1.0917,-0.5459,1.0917,0.1953,1.0917,-0.0077,1.1575,0.1969,0.0884,0.0287,69.154
2026-01-03,08:30:00,3.354,0.0535,1,7.5276,1,1.6965,1,0.0534,2,0.0377,1,-7e-4,1,-0,-0,-0,17.6555,428.4001,430.0436,0.1,0,157.4947,3.8215,3.8362,0.1,1,0.0979,2.1559,2.1642,0,0,272.9876,273.5075,94945.0354,1.2076,1007.2152,0.024,0.0024,0.0029,362.9314,625.4279,0.0024,58.0293,262.4964,266.1857,0.7141,3.1184,172.4927,0.2104,0.1713,-103.9433,-0.0279,4.4373,0.0294,82.502,-12.52,28.3203,70.5215,107.5497,150.8399,225.9857,0.0526,1.0166,7.4963,1.0173,1.5608,1.0869,0.0492,1.0869,0.0347,1.0869,-0.0032,1.1508,0.2298,0.0748,0.038,69.1149
2026-01-03,09:00:00,3.374,0.0856,1,10.6398,1,3.3568,1,0.1242,1,0.0745,1,-0.0015,1,0,0,0,17.6671,428.3726,430.0002,-0.1,0,156.1075,3.7851,3.7995,0.1,1,0.098,2.1578,2.166,0,0,272.9886,273.522,94989.6938,1.2081,1007.1957,0.0239,0.0048,0.0028,359.6437,626.0872,0.0024,57.4431,266.4434,266.0676,0.8883,4.3715,172.9609,0.2661,0.2953,-148.7676,-0.0195,3.1696,0.0329,85.7729,-13.0164,29.443,73.3174,111.8136,156.8201,234.9452,0.0844,1.0141,10.6608,1.0158,3.0907,1.0861,0.1144,1.0861,0.0686,1.0861,-0.0051,1.1491,0.4258,0.1096,0.0552,69.0049
2026-01-03,09:30:00,3.395,0.1738,1,15.2957,1,5.2815,1,0.1983,1,0.1173,1,-7e-4,1,-0,-0,-0,17.6744,428.2489,429.8564,0.3,0,154.344,3.7397,3.7538,0.1,1,0.0981,2.1601,2.1682,-0.1,0,272.9332,273.4672,95007.0501,1.2086,1007.1703,0.0239,0.0076,0.0028,355.3975,623.6052,0.0023,56.9908,268.2077,265.9136,1.2775,5.5213,178.5035,0.3792,0.6595,-299.4154,-0.0097,2.8961,0.0331,84.0875,-12.7606,28.8645,71.8768,109.6166,153.7388,230.3288,0.1719,1.0111,15.3745,1.0141,4.8601,1.0867,0.1825,1.0867,0.1079,1.0867,-0.0059,1.1479,0.839,0.3622,0.1177,68.9458
2026-01-03,10:00:00,3.416,0.0735,1,24.5162,1,12.8174,1,-0.1769,1,0.2848,1,-0.0047,1,0,0,0,17.6185,427.6318,429.2587,0.2,0,156.1489,3.79,3.8044,0.1,1,0.0978,2.1608,2.169,0.2,0,273.3884,274.1373,95027.1234,1.2059,1007.207,0.024,0.0185,0.0028,360.2499,654.5451,0.0024,55.0382,294.2952,266.0894,0.4873,4.4762,189.1893,0.2469,0.2995,-51.5443,-0.0563,1.9127,0.0818,91.6598,-13.9097,31.4638,78.3494,119.4878,167.5833,251.0703,0.0719,1.0222,24.7047,1.0209,11.7555,1.0903,-0.1622,1.0903,0.2612,1.0903,-0.0131,1.1557,0.3475,0.2114,0.0402,68.6805
2026-01-03,10:30:00,3.437,0.0578,1,18.6858,1,8.654,1,0.3349,1,0.1924,1,-0.0016,1,-0,-0,-0,17.5288,427.0875,428.7008,0.1,1,154.4544,3.7633,3.7775,0.1,1,0.0976,2.1624,2.1706,0,0,273.9665,274.7608,95038.0137,1.2033,1007.2015,0.024,0.0125,0.0028,357.7491,684.5438,0.0023,52.2609,326.7948,265.9991,0.5107,2.8725,174.9044,0.2191,0.2009,-47.2739,-0.0613,2.1592,0.0704,77.9256,-11.8255,26.7494,66.6097,101.584,142.4729,213.4504,0.0565,1.0214,18.7826,1.0204,7.941,1.0898,0.3073,1.0898,0.1765,1.0898,-0.0081,1.155,0.2219,0.1323,0.0475,68.6186
2026-01-03,11:00:00,3.458,0.1263,1,20.4766,1,2.9053,1,0.3893,1,0.0646,1,-6e-4,1,0,0,0,17.5405,427.2262,428.8294,0.1,1,153.4945,3.7386,3.7526,0.1,1,0.0977,2.1627,2.1708,-0.1,0,274.0194,274.6843,95027.8418,1.2035,1007.187,0.024,0.0042,0.0028,355.3666,680.7974,0.0023,52.1986,325.4309,265.9125,1.131,4.2438,173.2106,0.3239,0.3886,-139.3879,-0.0208,7.0481,0.0522,83.7977,-12.7166,28.765,71.629,109.2388,153.2089,229.5349,0.1248,1.012,20.3583,1.0145,2.6748,1.0862,0.3584,1.0862,0.0595,1.0862,-0.0074,1.148,0.511,0.1797,0.0866,68.6222
2026-01-03,11:30:00,3.479,0.1119,1,24.9729,1,3.1628,1,0.1302,1,0.0703,1,0.001,1,-0,-0,-0,17.53,427.3186,428.9361,0.1,1,154.6928,3.7709,3.7851,0.1,1,0.0976,2.1628,2.171,-0.1,0,274.2578,274.9509,94999.5938,1.202,1007.2084,0.0241,0.0046,0.0028,358.3265,693.9307,0.0023,51.6372,335.6042,266.02,1.2369,4.227,168.5022,0.3051,0.4079,-95.5564,-0.0303,7.8959,0.0676,86.3071,-13.0974,29.6264,73.774,112.5101,157.797,236.4086,0.1107,1.0113,24.8179,1.0142,2.9109,1.0865,0.1199,1.0865,0.0647,1.0865,-0.0074,1.1479,0.6097,0.1347,0.0714,68.6238
2026-01-03,12:00:00,3.499,0.1021,0,33.0194,0,3.9477,0,0.0678,1,0.0878,0,0,0,-0,-0,-0,17.4733,427.1972,428.8286,0.3,0,155.6059,3.8043,3.8189,0.1,1,0.0974,2.1644,2.1727,-0.1,0,274.6482,275.5427,94951.2425,1.1988,1007.2353,0.0241,0.0057,0.0028,361.3244,723.886,0.0024,49.9145,362.5616,266.1281,1.0277,3.9656,170.4255,0.2919,0.3825,-63.219,-0.0459,8.3643,0.0937,79.6162,-12.0821,27.3297,68.0547,103.7878,145.5638,218.0811,0.1008,1.0128,32.7775,1.015,3.635,1.086,0.0624,1.086,0.0809,1.086,-0.0109,1.1483,0.4761,0.2089,0.0799,68.6406
2026-01-03,12:30:00,3.52,0.10780000000000001,1,24.9751,1,4.5908,1,-0.0728,1,0.1021,1,-5e-4,1,0,0,0,17.442,426.8364,428.4879,0.3,0,157.5029,3.8544,3.8693,0.1,1,0.0972,2.1607,2.169,-0.1,0,274.9039,275.556,94905.1574,1.1981,1007.2626,0.0241,0.0066,0.0029,365.8982,724.5708,0.0024,50.4986,358.6727,266.2914,1.1749,3.74,165.1979,0.3,0.3852,-90.7296,-0.032,5.4403,0.069,83.4272,-12.6604,28.6379,71.3123,108.7558,152.5316,228.5201,0.1066,1.0117,24.8909,1.0144,4.226,1.0863,-0.067,1.0863,0.094,1.0863,-0.0089,1.148,0.4955,0.1998,0.0751,68.4089
2026-01-03,13:00:00,3.541,0.1056,0,22.1176,0,3.0091,0,0.0717,1,0.067,0,-7e-4,0,-0,-0,-0,17.4296,426.7137,428.383,0.1,1,159.1695,3.8968,3.912,0.1,1,0.0972,2.1624,2.1708,-0.1,0,275.1137,275.7669,94878.6807,1.1969,1007.2888,0.0242,0.0043,0.0029,369.8223,735.5266,0.0024,50.2799,365.7043,266.4301,1.0322,3.8413,171.5096,0.2971,0.3443,-99.4456,-0.0292,7.3504,0.0618,79.9372,-12.1308,27.4398,68.3291,104.2062,146.1506,218.9603,0.1043,1.0127,21.976,1.015,2.7707,1.086,0.066,1.086,0.0617,1.086,-0.0081,1.1483,0.4517,0.155,0.082,68.2616
2026-01-03,13:30:00,3.562,0.0814,1,18.4798,1,4.0156,1,-0.1638,1,0.0894,1,-7e-4,1,0,0,0,17.4038,426.5085,428.1936,0.1,1,160.583,3.9354,3.9509,0.1,1,0.0971,2.1645,2.173,-0.2,0,275.3871,276.0633,94874.22,1.1955,1007.3143,0.0242,0.0058,0.0029,373.4638,751.1748,0.0025,49.7173,377.711,266.5577,0.7656,3.3301,175.0136,0.2609,0.2785,-80.677,-0.0359,4.602,0.0588,80.3042,-12.1865,27.5658,68.6428,104.6846,146.8217,219.9657,0.0801,1.0157,18.4079,1.0168,3.6957,1.0866,-0.1508,1.0866,0.0823,1.0866,-0.0069,1.1502,0.2949,0.1995,0.0625,68.311
2026-01-03,14:00:00,3.583,0.0761,1,22.1523,1,4.4015,1,-0.2851,1,0.098,1,-3e-4,1,0,0,0,17.3758,426.4411,428.1422,0.1,1,161.8875,3.9731,3.9889,0.1,1,0.0972,2.168,2.1767,-0.2,0,275.6704,276.3139,94853.4932,1.1941,1007.3386,0.0242,0.0063,0.003,376.9622,764.6333,0.0025,49.2997,387.6711,266.6792,0.8645,3.5646,170.1849,0.2524,0.2835,-60.8779,-0.0476,5.0329,0.073,86.32,-13.0994,29.6309,73.7851,112.5269,157.8206,236.4439,0.075,1.0144,22.0627,1.0159,4.0524,1.0861,-0.2625,1.0861,0.0902,1.0861,-0.0078,1.1493,0.3738,0.1443,0.0488,68.343
2026-01-03,14:30:00,3.604,0.0574,1,17.8416,1,2.2953,1,-0.0992,1,0.0511,1,-4e-4,1,-0,-0,-0,17.3585,426.2309,427.9482,0.3,0,163.4236,4.0128,4.029,0.1,1,0.097,2.1663,2.1751,-0.2,0,275.8436,276.479,94833.1392,1.1932,1007.3627,0.0242,0.0033,0.003,380.6485,773.6106,0.0025,49.2041,392.9621,266.8062,0.8235,2.7326,167.0613,0.2192,0.2065,-49.5495,-0.0585,7.7731,0.0677,84.0596,-12.7564,28.8549,71.8529,109.5802,153.6877,230.2522,0.0565,1.0149,17.6988,1.0163,2.113,1.0863,-0.0914,1.0863,0.047,1.0863,-0.0064,1.1496,0.2534,0.1202,0.0394,67.5737
2026-01-03,15:00:00,3.624,0.0637,1,17.1463,1,3.1478,1,-0.1358,1,0.0701,1,-0.0014,1,0,0,0,17.3355,426.1996,427.9489,-0.1,0,166.2668,4.0877,4.1045,0.1,1,0.0968,2.1644,2.1733,-0.2,0,276.208,276.8309,94822.7015,1.1915,1007.4089,0.0243,0.0045,0.003,387.7141,793.071,0.0025,48.8877,405.3568,267.0465,0.8211,3.2902,165.5183,0.2312,0.2403,-60.4267,-0.048,5.4471,0.0618,84.8659,-12.8787,29.1317,72.5421,110.6313,155.1619,232.4608,0.0627,1.015,17.0588,1.0163,2.8977,1.0863,-0.125,1.0863,0.0645,1.0863,-0.0071,1.1496,0.3254,0.1124,0.0427,65.5896
2026-01-03,15:30:00,3.645,0.0741,0,10.6676,0,3.2412,0,0.0809,1,0.0722,0,6e-4,0,0,0,0,17.3589,426.1838,427.9556,0.2,0,168.6307,4.1401,4.1573,0.1,1,0.0968,2.1629,2.1719,-0.1,0,276.1118,276.5345,94806.8264,1.1925,1007.4326,0.0243,0.0047,0.0031,392.6161,776.653,0.0026,50.5523,384.037,267.2109,1.0152,4.0135,169.2027,0.2493,0.316,-121.7633,-0.0238,3.2912,0.0356,75.7691,-11.4983,26.0091,64.7663,98.7727,138.5301,207.5433,0.0732,1.0129,10.6936,1.015,2.9846,1.086,0.0745,1.086,0.0665,1.086,-0.0031,1.1484,0.3767,0.1894,0.066,56.3938
2026-01-03,16:00:00,3.666,0.0276,1,8.4244,1,3.0064,1,0.066,1,0.067,1,-2e-4,1,-0,-0,-0,17.3515,426.1763,427.9692,0.2,0,170.5634,4.1893,4.2069,0.1,1,0.0968,2.1641,2.1732,-0.2,0,276.3038,276.7733,94826.0407,1.1917,1007.463,0.0243,0.0043,0.0031,397.3578,789.8549,0.0026,50.3077,392.4971,267.3683,0.596,2.0683,156.2755,0.1522,0.0992,-35.1115,-0.0826,2.8021,0.0461,5.4692,2,5,8,13,24,66,0.0271,1.019,8.4373,1.0188,2.7626,1.0882,0.0606,1.0882,0.0615,1.0882,-0.0031,1.1529,0.1265,0.0548,0.017,67.8929
2026-01-03,16:30:00,3.687,0.0576,1,7.5471,1,1.2584,1,0.0236,1,0.028,1,-2e-4,1,0,0,0,17.367,426.2704,428.059,0,0,170.2352,4.1784,4.1959,0.1,1,0.0968,2.1637,2.1728,-0.2,0,276.2039,276.6039,94843.2919,1.1927,1007.4545,0.0242,0.0018,0.0031,396.4002,780.4707,0.0026,50.7899,384.0705,267.3366,0.8652,2.9967,166.8856,0.2197,0.163,-117.9578,-0.0246,5.9973,0.0286,88.9473,-13.4981,30.5327,76.0308,115.9518,162.6241,243.6405,0.0568,1.0144,7.5046,1.0159,1.1586,1.0861,0.0217,1.0861,0.0258,1.0861,-0.0027,1.1493,0.2364,0.0553,0.0343,67.8277
2026-01-03,17:00:00,3.708,0.0554,1,3.9094,1,1.8442,1,0.1369,1,0.0411,1,-3e-4,1,-0,-0,-0,17.3875,426.3292,428.1262,-0.1,0,171.1826,4.1973,4.215,0.1,1,0.0969,2.1635,2.1727,0.1,0,276.139,276.5258,94866.0697,1.1933,1007.4635,0.0242,0.0027,0.0031,398.2865,776.1769,0.0026,51.3139,377.8905,267.3989,0.7221,3.4138,175.7621,0.2154,0.181,-214.6282,-0.0135,2.1198,0.0151,82.4358,-12.5099,28.2975,70.4649,107.4634,150.7189,225.8044,0.0545,1.0164,3.9452,1.0172,1.6968,1.0869,0.126,1.0869,0.0378,1.0869,-0.0017,1.1507,0.2293,0.0928,0.0399,67.6283
2026-01-03,17:30:00,3.729,0.024,1,2.8089,1,6.1443,1,0.3963,1,0.1368,1,-0.001,1,-0,-0,-0,17.4362,427.3554,429.2003,0.1,0,175.3817,4.2986,4.3171,0.1,1,0.0968,2.1627,2.1721,0.5,0,276.1076,276.5164,94889.0297,1.1936,1007.5184,0.0242,0.0089,0.0032,407.9948,775.6633,0.0027,52.5995,367.6685,267.7152,0.338,1.7742,180.0691,0.1418,0.0878,-85.2463,-0.034,0.4572,0.0165,2.1278,1,2,3,6,10,31,0.0233,1.0296,3.0616,1.0258,5.6068,1.0959,0.3616,1.0959,0.1248,1.0959,-0.0022,1.1628,0.0873,0.075,0.0132,67.7272
2026-01-03,18:00:00,3.749,0.0488,1,-18.513,2,24.3259,1,5.4857,2,0.5413,1,-0.0109,1,0,0,0,17.6481,431.5459,433.4855,0.1,1,182.9864,4.4745,4.4946,0.1,1,0.0969,2.1574,2.1671,0.7,0,275.4363,275.8203,94893.8078,1.1966,1007.6033,0.0242,0.0351,0.0033,424.7187,738.3229,0.0028,57.5248,313.6042,268.2449,0.1173,1.6125,141.0285,0.2019,0.1707,37.3259,0.0777,-0.761,-0.076,64.7882,-9.8319,22.2397,55.38,84.4579,118.4534,177.4648,0.0473,1.0317,-16.8266,1.0271,21.5155,1.1306,4.8519,1.1306,0.4788,1.1306,-0.0055,1.2343,0.0458,0.2316,0.0641,67.5473
2026-01-03,18:30:00,3.77,0.0089,1,0.9463,1,6.7875,1,0.8251,1,0.1509,1,-0.0016,1,-0,-0,-0,17.8873,436.2539,438.3774,0.3,0,198.6085,4.8439,4.8675,0.1,1,0.0967,2.1462,2.1567,-0.2,0,274.7366,275.1054,94900.9753,1.1996,1007.7937,0.0241,0.0098,0.0036,459.812,701.6402,0.003,65.5339,241.8282,269.2986,0.3699,1.4496,349.5467,0.0863,0.0906,-56.9714,-0.0509,0.1394,0.0091,6.4538,3,5,10,16,29,86,0.0087,1.0276,1.2767,1.0244,6.2027,1.0943,0.754,1.0943,0.1379,1.0943,-0.0023,1.1608,0.0824,0.0923,0.0065,67.2545
2026-01-03,19:00:00,3.791,0.0084,1,1.9435,1,4.1899,1,1.0599,1,0.0932,1,-0.0049,1,-0,-0,-0,17.98,438.3808,440.5548,0.3,0,202.3983,4.9348,4.9593,0.1,1,0.0968,2.147,2.1577,0.1,0,274.6671,274.9974,94889.1474,1.1999,1007.8417,0.0241,0.006,0.0037,468.3835,696.2426,0.0031,67.273,227.8592,269.545,0.4783,1.2995,326.2093,0.0839,0.1114,-25.5028,-0.1137,0.4639,0.0192,10.1964,4,8,15,24,41,109,0.0083,1.0225,2.124,1.0211,3.842,1.0906,0.9718,1.0906,0.0854,1.0906,-0.0055,1.156,0.1056,0.1117,0.0055,67.209
2026-01-03,19:30:00,3.812,0.0041,0,3.2924,0,6.7918,1,-1.0654,2,0.151,1,0.0082,0,0,0,0,18.0041,438.5284,440.6444,0.1,1,197.153,4.8021,4.8252,0.1,1,0.0967,2.1433,2.1536,0.1,0,274.4595,274.7817,94893.447,1.2009,1007.7663,0.0241,0.0098,0.0036,455.8079,685.5712,0.003,66.4859,229.7633,269.182,0.6326,1.5874,334.071,0.0588,0.0873,-5.177,-0.5602,0.4848,0.0463,19.7111,9,16,26,39,63,143,0.0041,1.0182,3.5916,1.0183,6.2439,1.0878,-0.9795,1.0878,0.1388,1.0878,0.0062,1.1521,0.064,0.1003,0.0103,67.233
2026-01-03,20:00:00,3.833,0.0035,0,1.9359,0,3.2247,1,0.596,2,0.0717,1,0.0046,0,-0,-0,-0,18.0889,439.859,441.9802,0.2,0,197.368,4.7993,4.8224,0.1,1,0.0967,2.1402,2.1505,0.1,0,274.1003,274.4198,94906.7994,1.2027,1007.7596,0.024,0.0046,0.0036,455.6076,667.9917,0.003,68.2056,212.3841,269.1762,0.6309,1.789,332.1191,0.0536,0.1176,-6.6793,-0.4342,0.6004,0.0298,23.7738,11,19,31,48,77,177,0.0034,1.0182,2.0715,1.0183,2.9645,1.0878,0.5479,1.0878,0.0659,1.0878,0.0035,1.1522,0.0602,0.1668,0.0082,67.1454
2026-01-03,20:30:00,3.854,0.0138,1,-0.1263,2,5.4154,1,1.996,1,0.1203,1,-0.0041,1,-0,-0,-0,18.1981,441.55,443.6958,0.3,0,199.3242,4.8363,4.8598,0.1,1,0.0968,2.1372,2.1476,-0.1,0,273.5111,273.8509,94919.6702,1.2053,1007.7718,0.024,0.0078,0.0036,459.1849,641.1578,0.003,71.6181,181.9729,269.2804,0.6522,1.6493,354.7227,0.1072,0.0933,817.9691,0.0035,-0.0233,-0.001,10.8517,5,9,18,32,62,212,0.0136,1.0177,0.1564,1.018,4.9796,1.0875,1.8354,1.0875,0.1106,1.0875,-0.0042,1.1518,0.0416,0.1392,0.0058,66.9692
2026-01-03,21:00:00,3.874,0.0095,1,9.225,1,5.4775,1,0.1015,2,0.1216,1,0.0019,1,0,0,0,18.2051,441.1029,443.2421,0.1,1,199.187,4.8262,4.8496,0.1,1,0.0971,2.1394,2.1497,-0.6,0,273.0598,273.4035,94889.5092,1.2069,1007.7601,0.024,0.0079,0.0036,458.0803,620.733,0.003,73.7967,162.6527,269.2483,0.5335,1.4561,347.5753,0.0886,0.0692,-6.3226,-0.4587,1.6842,0.0856,9.0758,4,7,12,19,31,74,0.0093,1.0207,9.3414,1.0199,5.0284,1.0893,0.0931,1.0893,0.1116,1.0893,-0.0015,1.1543,0.0676,0.0646,0.0062,66.8564
2026-01-03,21:30:00,3.895,0.0143,1,12.5724,1,11.0699,1,4.1834,1,0.2456,1,-0.0073,1,0,0,0,18.2727,441.3827,443.5001,0,0,197.6467,4.7742000000000004,4.7971,0.1,1,0.0974,2.1383,2.1486,-0.1,0,272.3559,272.6601,94880.0588,1.2101,1007.7218,0.0239,0.0159,0.0036,453.0996,588.068,0.003,77.0488,134.9684,269.1027,0.9074,1.9667,332.5876,0.1087,0.122,-8.5825,-0.3379,1.1357,0.0948,15.7348,7,13,21,33,53,127,0.0141,1.0139,12.9687,1.0157,10.1928,1.086,3.852,1.086,0.2261,1.086,-0.0116,1.149,0.0993,0.131,0.0137,66.4099
2026-01-03,22:00:00,3.916,0.004,0,7.5857,0,5.939,1,2.8608,0,0.1317,1,-0.0063,0,0,0,0,18.2572,440.0648,442.0976,0.2,0,190.7574,4.598,4.6192,0.1,1,0.098,2.1449,2.1548,-0.1,0,271.8098,272.1215,94872.3682,1.2125,1007.6188,0.0238,0.0085,0.0035,436.3358,565.3599,0.0029,77.1784,129.0241,268.602,0.8701,1.9035,337.4081,0.0575,0.1224,-2.1012,-1.3802,1.2773,0.108,22.4378,10,18,29,42,67,145,0.0039,1.0143,7.7835,1.0159,5.468,1.0861,2.6339,1.0861,0.1213,1.0861,-0.0088,1.1492,0.074,0.1589,0.0118,66.0829
2026-01-03,22:30:00,3.937,0.0061,1,11.4958,0,2.7251,1,1.873,0,0.0604,1,-0.0041,0,0,0,0,18.261,439.4699,441.4844,0.2,0,189.5991,4.5629,4.5838,0.1,1,0.0983,2.1496,2.1595,-0.1,0,271.596,271.9012,94903.3946,1.2139,1007.5969,0.0238,0.0039,0.0035,433.1518,556.3017,0.0028,77.8628,123.1498,268.5049,1.0911,2.1618,327.067,0.0708,0.1618,-2.5894,-1.1199,4.2184,0.1328,24.7987,11,19,32,47,74,163,0.006,1.0123,11.486,1.0147,2.5091,1.0861,1.7245,1.0861,0.0556,1.0861,-0.0078,1.1481,0.103,0.2061,0.0145,65.8289
2026-01-03,23:00:00,3.958,0.0162,1,11.2091,0,5.4069,1,1.4068,0,0.1198,1,-0.003,0,0,0,0,18.2654,439.2145,441.1995,0.2,0,187.0982,4.499,4.5193,0.1,1,0.0986,2.1543,2.1641,-0.1,0,271.348,271.6775,94923.2485,1.2152,1007.5592,0.0238,0.0078,0.0034,427.1749,547.2309,0.0028,78.0612,120.056,268.3211,0.6971,1.5163,354.387,0.1154,0.0743,-11.5228,-0.2517,2.0731,0.0793,10.2465,5,8,14,22,37,92,0.0159,1.0169,11.3098,1.0175,4.9738,1.0871,1.2941,1.0871,0.1102,1.0871,-0.0068,1.1511,0.0527,0.0813,0.0146,65.7187
2026-01-03,23:30:00,3.979,0.011,1,14.7922,1,5.6349,1,2.3861,1,0.1249,1,-0.0068,1,-0,-0,-0,18.3219,440.207,442.2104,0.1,0,188.5556,4.5303,4.5509,0.1,1,0.0986,2.1528,2.1626,0,0,271.1454,271.4705,94934.4014,1.2162,1007.5737,0.0238,0.0081,0.0034,430.1949,538.9561,0.0028,79.82,108.7611,268.4143,0.7575,1.4656,331.4765,0.0952,0.0688,-4.895,-0.5924,2.6251,0.1268,12.8233,6,10,17,26,42,96,0.0108,1.0159,14.8571,1.0168,5.1857,1.0866,2.1959,1.0866,0.1149,1.0866,-0.0116,1.1503,0.0186,0.1045,0.0145,65.6624
2026-01-04,00:00:00,4,0.0189,1,22.3882,0,5.0704,1,1.3613,0,0.1123,1,-0.0042,0,-0,-0,-0,18.3251,439.9815,441.9751,0.3,0,187.8645,4.5106,4.531,0.1,1,0.0988,2.1541,2.1639,0,0,270.9832,271.2912,94939.3395,1.2171,1007.5607,0.0238,0.0073,0.0034,428.3463,531.8788,0.0028,80.5346,103.5326,268.3573,0.9326,2.1398,336.8668,0.1246,0.1291,-7.2598,-0.3995,4.4155,0.1465,12.9577,6,10,17,27,44,104,0.0187,1.0137,22.3383,1.0155,4.6688,1.086,1.2535,1.086,0.1034,1.086,-0.0116,1.1488,0.0597,0.1779,0.0206,65.3717
2026-01-04,00:30:00,4.02,0.0033,1,15.4053,0,3.0107,1,1.6627,1,0.0667,1,-0.006,0,-0,-0,-0,18.335,439.9304,441.9175,0.1,0,187.39940000000001,4.4965,4.5168,0.1,1,0.0989,2.1552,2.1649,0,0,270.8467,271.1595,94946.0019,1.2178,1007.5514,0.0237,0.0043,0.0034,427.0358,526.7338,0.0028,81.0724,99.6981,268.3168,0.8447,1.8032,335.528,0.0522,0.0784,-0.7755,-3.7393,5.1169,0.2405,16.1498,7,13,20,30,46,99,0.0033,1.0147,15.3373,1.0161,2.7717,1.0862,1.5308,1.0862,0.0614,1.0862,-0.0108,1.1494,0.0388,0.1009,0.0172,66.5112
2026-01-04,01:00:00,4.041,0.0095,0,14.1592,0,1.67,1,1.885,0,0.037,1,-0.0065,0,-0,-0,-0,18.3849,440.9006,442.8792,0.1,0,186.2903,4.4676,4.4876,0.1,1,0.0989,2.1527,2.1624,0,0,270.6597,270.9784,94947.4731,1.2186,1007.5334,0.0237,0.0024,0.0034,424.2971,519.7324,0.0028,81.6376,95.4353,268.2317,0.9169,2.0529,326.6228,0.0883,0.0732,-4.0853,-0.7099,8.4786,0.1306,17.5182,8,14,23,34,55,125,0.0094,1.0138,14.0471,1.0156,1.5377,1.086,1.7357,1.086,0.0341,1.086,-0.0109,1.1489,0.0754,0.0532,0.0178,66.8449
2026-01-04,01:30:00,4.062,0.0063,1,7.9809,0,-0.211,2,0.3037,1,-0.0047,2,-0.0016,0,0,0,0,18.3247,439.184,441.1306,0.3,0,184.12,4.4128,4.4323,0.1,1,0.0991,2.1568,2.1664,0,0,270.5008,270.8372,94956.0349,1.2194,1007.5019,0.0237,-3e-4,0.0034,419.1317,514.3259,0.0027,81.4915,95.1942,268.07,0.7938,1.8118,338.4331,0.072,0.0963,-3.9281,-0.7383,-37.8212,0.0902,18.7293,8,15,24,37,58,132,0.0062,1.0153,7.8515,1.0165,-0.1942,1.0864,0.2795,1.0864,-0.0043,1.0864,-0.0041,1.1499,0.0346,0.146,0.0121,66.2628
2026-01-04,02:00:00,4.083,0.0058,0,16.8305,0,1.4679,1,1.8081,0,0.0325,1,-0.0041,0,0,0,0,18.2776,437.8884,439.8062,0.2,0,182.013,4.3606,4.3797,0.1,1,0.0994,2.1623,2.1718,0,0,270.43,270.7509,94965.4988,1.2199,1007.4724,0.0237,0.0021,0.0033,414.2171,511.049,0.0027,81.0523,96.832,267.9145,1.0658,2.2611,326.907,0.0688,0.1849,-1.6217,-1.7882,11.4657,0.1992,20.8741,9,16,26,39,61,133,0.0057,1.0125,16.6832,1.0148,1.3516,1.0861,1.6648,1.0861,0.0299,1.0861,-0.0095,1.1482,0.1025,0.2483,0.019,65.6
2026-01-04,02:30:00,4.104,0.0041,0,24.8009,0,4.0063,0,-0.7758,2,0.0887,0,-3e-4,0,-0,-0,-0,18.2574,437.9794,439.9342,0.1,1,185.2188,4.4432,4.4631,0.1,1,0.0993,2.1624,2.172,0,0,270.6617,270.9817,94997.011,1.2193,1007.5202,0.0237,0.0058,0.0034,422.2078,519.8561,0.0028,81.2163,97.6483,268.1665,1.1455,2.0749,320.9076,0.058,0.0861,-0.6613,-4.3854,6.1905,0.348,18.9202,9,15,24,35,54,114,0.0041,1.0119,24.6866,1.0145,3.6883,1.0862,-0.7142,1.0862,0.0817,1.0862,-0.0086,1.148,0.0876,0.0623,0.0222,65.3429
2026-01-04,03:00:00,4.124,0.0043,1,15.0305,1,4.8573,1,0.038,2,0.1077,1,-0.0017,0,0,0,0,18.0004,433.0825,435.0048,0.1,1,183.6722,4.4191,4.4387,0.1,1,0.0994,2.1723,2.1819,0.3,0,271.4333,271.7844,95010.2993,1.2158,1007.5171,0.0238,0.007,0.0033,419.9701,551.5475,0.0028,76.144,131.5774,268.0964,0.691,1.294,341.7331,0.0596,0.0395,-1.1815,-2.4545,3.0944,0.206,12.9197,6,10,16,24,38,83,0.0042,1.017,15.0413,1.0175,4.468,1.0871,0.035,1.0871,0.099,1.0871,-0.0068,1.1512,0.0283,0.037,0.0137,65.5351
2026-01-04,03:30:00,4.145,0.0189,1,10.7073,1,3.3651,1,1.1748,1,0.0746,1,-0.0051,1,0,0,0,17.9688,432.955,434.9225,-0.1,0,187.7576,4.524,4.5445,0.1,1,0.0993,2.1729,2.1828,0,0,271.7444,272.0827,95008.7259,1.2144,1007.578,0.0238,0.0048,0.0034,429.9329,563.7551,0.0028,76.2623,133.8222,268.4062,0.8524,2.034,316.2974,0.1249,0.1896,-15.2729,-0.1899,3.1819,0.0701,12.8916,6,10,18,28,47,120,0.0187,1.0146,10.7266,1.016,3.0981,1.0862,1.0816,1.0862,0.0687,1.0862,-0.0085,1.1494,0.1901,0.1713,0.0179,65.449700000000007
2026-01-04,04:00:00,4.166,0.007,0,7.9023,0,2.6751,1,1.249,1,0.0593,1,-0.0039,1,0,0,0,18.0265,434.6239,436.6315,-0.2,0,190.7026,4.5979,4.6191,0.1,1,0.099,2.1688,2.1788,0,0,271.9747,272.2849,95002.8055,1.2134,1007.6209,0.0238,0.0038,0.0035,436.9288,572.1655,0.0029,76.3641,135.2367,268.62,0.8391,2.1531,333.3755,0.0758,0.1601,-4.6333,-0.6259,2.954,0.0852,19.8016,9,16,26,39,63,142,0.0069,1.0147,7.9259,1.0161,2.4627,1.0862,1.1499,1.0862,0.0546,1.0862,-0.0064,1.1495,0.0797,0.2252,0.0153,65.3114
2026-01-04,04:30:00,4.187,0.0105,0,5.0906,0,1.898,1,-0.3388,0,0.0421,1,0.0016,2,0,0,0,18.1993,438.1189,440.1712,0.1,1,193.6793,4.6625,4.6844,0.1,1,0.0988,2.1623,2.1724,0,1,271.7471,272.0464,95009.2184,1.2145,1007.653,0.0238,0.0027,0.0035,443.1019,562.2586,0.0029,78.8075,119.1567,268.8061,0.73740000000000006,1.6002,352.6456,0.093,0.082,-13.2825,-0.2183,2.6821,0.0447,15.8103,7,13,22,34,57,139,0.0103,1.0162,5.1104,1.017,1.7465,1.0868,-0.3118,1.0868,0.0387,1.0868,-3e-4,1.1505,0.0554,0.097,0.0116,65.0543
2026-01-04,05:00:00,4.208,0.028,1,17.6277,1,8.5076,1,2.0741,1,0.1886,1,-0.0053,1,0,0,0,18.3221,440.2634,442.3513,0.3,0,196.429,4.72,4.7424,0.1,1,0.0988,2.1586,2.1689,0,0,271.3499,271.6351,95005.4952,1.2163,1007.6792,0.0238,0.0122,0.0036,448.5476,545.5284,0.0029,82.2226,96.9809,268.9684,0.7247,1.9856,330.6685,0.1516,0.1623,-16.6022,-0.1747,2.072,0.0949,7.3655,3,6,10,17,28,74,0.0275,1.0164,17.7927,1.0172,7.8278,1.0868,1.9083,1.0868,0.1735,1.0868,-0.0112,1.1507,0.0871,0.2154,0.0221,64.7854
2026-01-04,05:30:00,4.229,0.0076,0,9.7614,0,-0.1641,1,1.5076,0,-0.0036,1,-0.0024,0,-0,-0,-0,18.4441,442.3655,444.455,0.2,0,196.0188,4.7013,4.7235,0.1,1,0.0989,2.1556,2.1658,0,0,270.9485,271.2315,95027.5633,1.2184,1007.664,0.0237,-2e-4,0.0036,446.8755,529.5413,0.0029,84.3892,82.6658,268.9187,0.86240000000000006,1.9883,326.8196,0.0791,0.1451,-4.2548,-0.6816,-59.494,0.1005,18.9323,8,15,25,37,59,134,0.0075,1.0144,9.614,1.016,-0.1511,1.0861,1.388,1.0861,-0.0033,1.0861,-0.0054,1.1493,0.0924,0.1781,0.0197,64.3803
2026-01-04,06:00:00,4.249,0.0115,0,13.6726,0,0.6498,1,0.3192,2,0.0144,1,-0.0034,0,-0,-0,-0,18.4188,440.8173,442.8921,-0.1,0,195.7474,4.6848,4.7069,0.1,1,0.0993,2.1636,2.1738,0,0,270.7921,271.0747,95062.2396,1.2196,1007.6531,0.0237,9e-4,0.0036,445.4698,523.4451,0.0029,85.1034,77.9753,268.8769,1.1733,2.7817,317.5545,0.0969,0.2294,-5.5999,-0.5179,21.0405,0.1148,23.5169,10,19,31,47,75,171,0.0113,1.0117,13.5322,1.0144,0.5982,1.0863,0.2939,1.0863,0.0133,1.0863,-0.0077,1.148,0.2076,0.2277,0.0235,63.8513
2026-01-04,06:30:00,4.27,0.0352,0,22.4055,0,1.2767,0,-0.7955,1,0.0283,0,-0.0028,0,0,0,0,18.2209,434.126,436.2061,0.1,1,200.147,4.7686,4.7915,0.1,1,0.0999,2.1875,2.198,0.1,0,271.8312,272.1055,95082.3585,1.2152,1007.7117,0.0238,0.0018,0.0036,453.535,564.6998,0.003,80.3144,111.1648,269.1155,1.2129,3.8041,329.9798,0.1701,0.7629,-18.4729,-0.157,17.5492,0.1075,14.0776,6,11,20,31,53,135,0.0348,1.0115,22.19,1.0142,1.1751,1.0864,-0.7322,1.0864,0.0261,1.0864,-0.0101,1.1479,0.4334,1.0395,0.053,63.4348
2026-01-04,07:00:00,4.291,0.0488,0,-1.5455,1,-0.6036,2,1.7067,0,-0.0134,2,-0.0046,0,0,0,0,18.1582,436.5731,438.6633,0.1,0,198.1822,4.7648,4.7876,0.1,1,0.0999,2.1904,2.2009,-0.1,0,272.1133,272.4106,95114.8146,1.2142,1007.7135,0.0238,-9e-4,0.0036,453.3278,577.4483,0.003,78.5053,124.1205,269.1094,1.2872,3.9524,349.3833,0.2006,0.536,438.8943,0.0066,2.5606,-0.0063,72.1317,-10.9463,24.7605,61.6571,94.0309,131.8797,197.5798,0.0485,1.0076,-1.5597,1.0124,-0.5506,1.0962,1.557,1.0962,-0.0122,1.0962,-0.0037,1.1708,0.3321,0.6916,0.0483,63.7014
2026-01-04,07:30:00,4.312,0.0267,1,18.5226,0,2.7753,0,-0.048,2,0.0615,0,-0.0051,0,-0,-0,-0,18.2294,437.6097,439.6935,0.1,1,197.4246,4.7393,4.7619,0.1,1,0.1002,2.1929,2.2033,-0.1,0,271.7128,272.0052,95144.3373,1.2164,1007.6944,0.0238,0.004,0.0036,451.0402,560.5619,0.003,80.4622,109.5216,269.0421,1.3901,3.4372,333.5727,0.1482,0.6323,-14.7816,-0.1962,6.6742,0.102,20.4483,9,16,28,44,73,180,0.0264,1.0105,18.4407,1.0138,2.5525,1.0873,-0.0442,1.0873,0.0566,1.0873,-0.0112,1.148,0.3666,0.8549,0.043,63.4934
2026-01-04,08:00:00,4.333,0.123,1,-58.9487,1,14.5699,1,9.17,1,0.3233,1,0.0106,1,-0,-0,-0,18.0868,434.6691,436.6561,0.2,0,189.3529,4.5506,4.5714,0.1,1,0.0998,2.1906,2.2006,0,1,272.4563,272.799,95167.5231,1.2133,1007.6019,0.0238,0.0209,0.0034,433.187,594.0526,0.0028,72.9206,160.8656,268.506,1.5962,4.9164,16.6632,0.3185,0.757,46.0757,0.0629,-4.0459,-0.1514,82.8869,-12.5784,28.4524,70.8505,108.0514,151.5436,227.04,0.1221,1.0081,-57.4228,1.0152,12.9761,1.1228,8.1669,1.1228,0.2879,1.1228,0.0269,1.2132,0.5114,0.9165,0.0861,64.0159
2026-01-04,08:30:00,4.354,0.0382,0,6.0621,1,-3.8926,1,0.7079,1,-0.0864,1,-0.0134,0,-0,-0,-0,18.0633,434.7123,436.6782,0.2,0,187.0679,4.502,4.5223,0.1,1,0.0994,2.1831,2.193,0,1,272.4996,272.8817,95208.754,1.2134,1007.5765,0.0238,-0.0056,0.0034,428.7431,597.6397,0.0028,71.7394,168.8966,268.3695,1.3139,3.4619,0.0071,0.1774,0.6056,-77.5173,-0.0374,-1.5574,0.0279,15.6193,7,13,24,39,72,211,0.0378,1.0109,5.7863,1.014,-3.5814,1.0869,0.6514,1.0869,-0.0795,1.0869,-0.0144,1.1479,0.2932,0.8533,0.0648,64.3012
2026-01-04,09:00:00,4.374,0.0311,1,10.7315,1,-7.1352,1,-1.085,1,-0.1583,1,-0.0086,1,-0,-0,-0,18.099,434.9504,436.9506,0.1,1,190.4791,4.5775,4.5986,0.1,1,0.0994,2.1821,2.1922,0,1,272.3585,272.7251,95256.1097,1.2147,1007.6156,0.0238,-0.0103,0.0035,436.1558,590.8625,0.0029,73.8168,154.7068,268.5965,1.0831,2.9409,333.0408,0.1601,0.434,-32.1613,-0.0902,-1.504,0.0548,13.517,6,11,20,32,55,149,0.0307,1.0123,10.223,1.0147,-6.5697,1.0861,-0.999,1.0861,-0.1458,1.0861,-0.0111,1.1482,0.3678,0.4789,0.0214,64.3209
2026-01-04,09:30:00,4.395,0.0685,0,38.0299,0,-15.4322,0,-1.9712,0,-0.3437,0,0.003,0,0,0,0,17.6252,426.4837,428.0878,0.1,1,154.8608,3.7472,3.7613,0.1,1,0.0973,2.1744,2.1825,0,1,275.4477,276.7852,95295.7199,1.1978,1007.2237,0.0241,-0.0223,0.0028,357.1913,790.5197,0.0023,45.1844,433.3284,265.9789,0.3508,3.226,8.3827,0.2392,0.5062,-30.2917,-0.0957,-2.4643,0.1318,67.2999,-10.213,23.1019,57.5269,87.7322,123.0456,184.3448,0.0666,1.0288,36.3377,1.0252,-14.0908,1.0952,-1.7998,1.0952,-0.3138,1.0952,-0.0084,1.1619,0.4428,0.4879,0.0817,66.1916
2026-01-04,10:00:00,4.416,0.0765,0,38.8238,1,4.323,1,1.9511,1,0.0965,1,0.0202,2,0,0,0,17.4834,427.1592,428.7037,0.1,1,147.4576,3.6027,3.6157,0.1,1,0.0979,2.2063,2.2143,0,1,276.5789,278.6491,95353.0752,1.1905,1007.176,0.0243,0.0063,0.0027,343.6226,900.6577,0.0022,38.1524,557.03510000000006,265.478,0.3201,2.468,3.4726,0.2535,0.3381,-35.3436,-0.0821,8.9807,0.1277,69.9218,-10.610900000000001,24.0019,59.7681,91.1501,127.8394,191.5266,0.0742,1.0309,38.0848,1.0266,3.9412,1.0969,1.7788,1.0969,0.0879,1.0969,0.0059,1.164,0.2929,0.2998,0.0834,67.0706
2026-01-04,10:30:00,4.437,0.4172,1,23.8663,1,8.7421,2,-2.2516,2,0.195,2,-0.0264,1,0,0,0,17.5358,429.6099,431.0726,0.1,1,138.5007,3.3931,3.4047,0.4,0,0.0982,2.211,2.2185,-0.2,0,276.9784,278.491,95409.4769,1.192,1007.06,0.0243,0.0126,0.0025,323.8232,890.8169,0.0021,36.3513,566.9937,264.7146,0.1767,4.6091,115.7524,0.5916,1.0666,-730.785,-0.004,2.7301,0.0336,91.7846,-13.9287,31.5067,78.4561,119.6505,167.8115,251.4123,0.3975,1.0495,23.4455,1.039,7.8612,1.112,-2.0247,1.112,0.1754,1.112,-0.0322,1.1827,1.2534,0.6497,0.2301,66.9765
2026-01-04,11:00:00,4.458,0.1027,0,15.7284,0,11.4669,0,-3.0275,1,0.2559,0,-0.0256,1,0,0,0,17.6581,432.9171,434.3711,0.1,1,136.542,3.3475,3.3588,0.1,1,0.099,2.2345,2.2421,0,0,277.1619,278.9786,95421.1476,1.1901,1007.0437,0.0243,0.0166,0.0025,319.5124,921.4776,0.0021,34.6739,601.9651,264.5429,0.3767,4.0319,181.6798,0.2937,0.5654,-135.7196,-0.0214,1.3716,0.0447,63.4314,-9.626,21.7739,54.2202,82.6892,115.9728,173.7484,0.0999,1.0272,15.9743,1.0242,10.4818,1.094,-2.7674,1.094,0.234,1.094,-0.0297,1.1604,0.495,0.4929,0.1429,67.024
2026-01-04,11:30:00,4.479,0.1272,0,14.5969,0,6.6791,2,-4.375,2,0.1491,2,-0.0457,2,-0,-0,-0,17.5994,432.3113,433.7058,0.1,0,130.8893,3.2152,3.2255,0.5,0,0.0987,2.2284,2.2355,0.1,0,277.5778,278.9409,95412.1761,1.1902,1006.9716,0.0243,0.0097,0.0024,306.8483,919.078,0.002,33.3865,612.2298,264.0263,0.2441,4.4804,34.5139,0.3269,0.9388,-201.613,-0.0144,2.1855,0.0373,72.0646,-10.9361,24.7374,61.5997,93.9434,131.757,197.396,0.1225,1.0384,14.5122,1.0316,6.0563,1.1028,-3.967,1.1028,0.1352,1.1028,-0.0472,1.1714,0.7307,1.0182,0.1287,67.2371
2026-01-04,12:00:00,4.499,0.132,1,11.694,1,25.7249,1,4.6718,1,0.5744,1,0.017,2,0,0,0,17.4191,428.4452,429.7003,0.1,1,118.752,2.9209,2.9294,0.2,0,0.098,2.2159,2.2224,0,1,278.1424,279.4459,95383.7576,1.1878,1006.8215,0.0244,0.0372,0.0022,278.6779,951.7356,0.0018,29.281,673.0577,262.8055,0.5838,3.7806,88.1455,0.3334,0.7801,-266.9453,-0.0109,0.4546,0.0293,90.3408,-13.7096,31.0111,77.222,117.7684,165.1718,247.4575,0.1295,1.0193,12.8458,1.019,23.6349,1.0884,4.2923,1.0884,0.5278,1.0884,0.0103,1.1531,0.8679,0.6163,0.0761,67.5969
2026-01-04,12:30:00,4.52,0.3683,1,-32.0793,2,79.2293,1,8.7346,1,1.7701,1,0.0911,1,0,0,0,17.1802,424.2698,425.3038,0.1,1,98.4437,2.4311,2.437,0.2,0,0.0961,2.1783,2.1836,0,1,278.818,279.9889,95357.9536,1.1854,1006.5674,0.0244,0.1147,0.0018,231.8867,987.9965,0.0015,23.4704,756.1098,260.5104,0.3544,5.3911,70.6862,0.5574,1.5158,454.5539,0.0064,-0.4049,-0.0482,92.2713,-14.0025,31.6737,78.8721,120.2849,168.7013,252.7453,0.3626,1.0159,-27.4189,1.0162,72.3816,1.0946,7.9796,1.0946,1.6171,1.0946,0.0887,1.1727,1.1275,1.7024,0.2016,67.7404
2026-01-04,13:00:00,4.541,0.1701,0,20.6134,1,24.7371,0,-0.7447,1,0.5531,0,-0.0101,1,0,0,0,17.0313,422.0873,423.0407,0.1,1,90.9321,2.2536,2.2587,0.3,0,0.0948,2.1579,2.1628,0,1,279.494,280.8267,95334.0223,1.1817,1006.4871,0.0245,0.0358,0.0017,214.8999,1046.3319,0.0014,20.5384,831.432,259.5739,0.7908,7.2616,322.9255,0.3794,1.4523,-223.0731,-0.013,0.8333,0.0457,72.2861,-10.9697,24.8135,61.7891,94.2322,132.162,198.0028,0.1675,1.0154,21.6097,1.0165,22.7691,1.0864,-0.6855,1.0864,0.5091,1.0864,-0.0177,1.1499,1.3431,1.3895,0.172,67.9844
2026-01-04,13:30:00,4.562,0.178,0,5.7526,1,17.9233,0,-0.3619,0,0.4008,0,-0.0054,0,0,0,0,16.9913,422.1402,423.1886,0.1,1,99.7144,2.4774,2.4835,0.2,0,0.0948,2.1587,2.1641,0.1,0,279.9341,280.9862,95321.996,1.1808,1006.6104,0.0245,0.026,0.0018,236.2099,1057.769,0.0015,22.331,821.559,260.739,0.8537,6.1133,351.6479,0.3883,1.2909,-856.8637,-0.0034,0.321,0.0125,69.8292,-10.5969,23.9701,59.689,91.0295,127.6701,191.2731,0.1755,1.0145,6.6227,1.016,16.5013,1.0862,-0.3332,1.0862,0.369,1.0862,-0.0081,1.1493,1.2421,1.1433,0.1964,67.9916
2026-01-04,14:00:00,4.583,0.0902,1,6.4849,1,32.4572,1,-0.3246,1,0.7257,1,0.001,1,-0,-0,-0,16.964,421.7153,422.8066,0.1,1,103.8274,2.5811,2.5878,0.2,0,0.0947,2.1562,2.1618,0,0,280.0997,280.8657,95320.7278,1.1812,1006.664,0.0245,0.047,0.0019,246.0976,1049.1152,0.0016,23.4576,803.0176,261.2481,1.7327,7.0978,333.67380000000003,0.2763,2.0276,-273.7717,-0.0106,0.1998,0.0197,46.8974,-7.1169,16.0984,40.0872,61.1355,85.7434,128.4593,0.0893,1.0094,8.1319,1.0134,29.787,1.0896,-0.2979,1.0896,0.666,1.0896,-0.0032,1.1489,2.2821,1.5041,0.269,67.8705
2026-01-04,14:30:00,4.604,0.0564,1,1.9195,1,43.956,1,0.2293,2,0.983,1,-0.0041,1,0,0,0,16.8921,420.1381,421.2954,0.3,0,110.4449,2.747,2.7545,0.2,0,0.0943,2.1496,2.1555,-0.7,0,280.3819,281.0321,95319.6038,1.1804,1006.7564,0.0245,0.0637,0.002,261.9104,1061.0887,0.0017,24.6832,799.1783,262.0255,1.8912,7.4812,351.7396,0.2185,1.6506,-457.5332,-0.0063,0.0437,0.0074,40.2068,-6.1015,13.8017,34.3682,52.4137,73.5109,110.1328,0.0559,1.009,4.2354,1.0133,40.2901,1.091,0.2101,1.091,0.901,1.091,-0.0073,1.1496,1.2191,1.8348,0.2472,67.4964
2026-01-04,15:00:00,4.624,0.1234,1,8.5952,0,24.0886,0,0.3377,0,0.539,0,0.001,1,0,0,0,16.8658,419.8631,421.0191,0.2,0,110.2921,2.7457,2.7532,0.2,0,0.0945,2.1575,2.1634,0.3,0,280.4857,281.5605,95313.9062,1.1781,1006.7656,0.0246,0.0349,0.002,261.7692,1099.8983,0.0017,23.7994,838.1291,262.0188,1.141,6.9329,339.4412,0.3237,1.7297,-332.1158,-0.0087,0.3568,0.0224,59.084,-8.9662,20.2816,50.5041,77.022,108.0244,161.8402,0.122,1.0119,9.7686,1.0145,22.1767,1.0862,0.3109,1.0862,0.4962,1.0862,-0.0034,1.148,1.7876,1.4645,0.2072,67.4109
2026-01-04,15:30:00,4.645,0.1059,1,-2.2097,2,37.7587,0,1.0658,0,0.8448,0,0.0012,2,-0,-0,-0,16.8882,420.1399,421.3254,0.1,1,113.0969,2.8136,2.8215,0.2,0,0.095,2.1687,2.1748,-0.8,0,280.4852,281.4704,95327.2303,1.1786,1006.8005,0.0245,0.0547,0.0021,268.2844,1093.1918,0.0018,24.5414,824.9073,262.3271,1.3603,6.7484,325.66,0.2997,1.4391,1025.814,0.0028,-0.0585,-0.0062,58.7285,-8.9123,20.1596,50.2002,76.5585,107.3744,160.8664,0.1051,1.0074,-0.1794,1.0121,34.5161,1.0939,0.9743,1.0939,0.7722,1.0939,-6e-4,1.1661,1.5728,1.125,0.1804,67.3539
2026-01-04,16:00:00,4.666,0.1536,0,-15.8555,0,31.708,0,0.8214,0,0.7091,0,-0.0046,2,-0,-0,-0,16.9751,420.8109,422.0238,0.1,1,115.9348,2.874,2.8823,0.3,0,0.0954,2.1738,2.18,-0.3,0,280.4335,281.0227,95351.569,1.1808,1006.8247,0.0245,0.0459,0.0021,274.1157,1060.4048,0.0018,25.8501,786.289,262.5975,0.9798,6.2486,358.8322,0.3606,1.024,249.0877,0.0116,-0.5,-0.037,71.6774,-10.8773,24.6045,61.2688,93.4388,131.0492,196.3356,0.1523,1.0086,-13.9869,1.0129,28.9409,1.0956,0.7498,1.0956,0.6472,1.0956,-0.0012,1.1726,0.9527,0.9365,0.1587,67.3151
2026-01-04,16:30:00,4.687,0.1407,0,-18.376,1,22.9451,0,1.8155,0,0.5129,0,1e-4,0,0,0,0,17.0665,420.9593,422.1522,0.1,1,114.5628,2.8258,2.8338,0.5,0,0.0958,2.1786,2.1847,-0.6,0,280.1929,280.5324,95377.0097,1.1832,1006.7897,0.0245,0.0332,0.0021,269.5871,1025.4985,0.0018,26.2884,755.9114,262.388,0.514,5.2087,37.2102,0.3449,1.1893,187.9738,0.0154,-0.8009,-0.0447,66.542,-10.098,22.8417,56.8791,86.7442,121.66,182.2688,0.139,1.0122,-16.9105,1.0148,20.9247,1.0966,1.6557,1.0966,0.4677,1.0966,0.0044,1.1768,0.9132,1.2907,0.1748,67.22
2026-01-04,17:00:00,4.708,0.024,1,-21.0146,0,18.4116,0,1.184,1,0.4112,0,-5e-4,0,-0,-0,-0,17.1664,422.2227,423.495,0.1,1,122.1422,3.0042,3.0133,0.1,1,0.0957,2.1671,2.1737,0.9,0,279.2208,279.5979,95375.5993,1.187,1006.8692,0.0244,0.0266,0.0022,286.6046,961.7635,0.0019,29.7999,675.1589,263.1597,1.3971,5.0182,324.74,0.1422,0.6976,11.5308,0.2515,-1.1414,-0.1236,20.1386,9,19,41,79,181,876,0.0237,1.0117,-19.659300000000002,1.0233,15.51,1.1871,0.9974,1.1871,0.3464,1.1871,0.0044,1.3273,0.5633,0.7782,0.0536,67.1131
2026-01-04,17:30:00,4.729,0.0205,0,-15.6725,1,3.7923,1,0.7298,1,0.0845,1,-0.0047,2,-0,-0,-0,17.4913,427.0684,428.5973,0.1,1,146.1092,3.5674,3.5802,0.1,1,0.096,2.1503,2.158,0,1,276.7902,277.1786,95389.0671,1.1973,1007.1326,0.0242,0.0055,0.0027,340.384,812.7216,0.0022,41.882,472.3377,265.3559,1.3648,2.8104,354.7781,0.1309,0.2029,12.0639,0.2404,-4.1327,-0.0993,22.0236,10,21,45,87,199,965,0.0203,1.0117,-15.1522,1.0232,3.1991,1.1854,0.6156,1.1854,0.0713,1.1854,3e-4,1.3251,0.2455,0.1384,0.0219,66.7776
2026-01-04,18:00:00,4.749,0.0082,0,-23.8735,1,26.3043,1,3.7869,1,0.5858,1,-0.0027,1,0,0,0,17.5364,426.6348,428.0996,0.2,0,140.6435,3.4216,3.4334,0.1,1,0.0957,2.1391,2.1465,0.2,0,276.2577,276.6978,95429.5184,1.2,1007.0461,0.0241,0.038,0.0026,326.6138,785.6587,0.0021,41.572,459.0448,264.8247,1.5415,2.6068,0.1988,0.0829,0.1236,2.0076,1.4445,-0.9076,-0.2384,72.7027,32,70,152,302,711,3679,0.008,1.0326,-21.4406,1.0657,17.2891,1.5214,2.4891,1.5214,0.3851,1.5214,0.002,1.9023,0.0696,0.1609,0.0167,66.7689
2026-01-04,18:30:00,4.77,0.0138,2,-12.1434,0,21.0027,0,2.0307,1,0.4673,0,-0.0046,2,0,0,0,17.6916,428.8945,430.4765,0.2,0,151.5877,3.6749,3.6885,0.1,1,0.0958,2.1318,2.1397,0,1,275.2931,275.7253,95466.1184,1.2046,1007.1681,0.024,0.0303,0.0028,350.9244,733.3544,0.0023,47.852,382.43,265.7497,2.0809,3.995,321.7918,0.1069,0.3672,8.4757,0.3422,-0.5782,-0.0936,57.2181,25,56,123,247,595,3236,0.0136,1.0136,-10.8571,1.028,17.0784,1.2298,1.6513,1.2298,0.38,1.2298,-0.0015,1.3825,0.4879,0.2238,0.0228,66.643
2026-01-04,19:00:00,4.791,0.0172,1,-36.7296,0,11.8949,0,3.6107,0,0.2648,0,0.0032,1,0,0,0,17.5966,426.6028,428.1278,0.1,1,146.9173,3.5618,3.5745,0.1,1,0.0954,2.1266,2.1342,0.8,0,275.6769,276.1142,95496.0127,1.2033,1007.1128,0.024,0.0172,0.0027,340.2285,753.8914,0.0022,45.1296,413.6629,265.35,2.7005,5.236,327.2713,0.1196,0.2772,3.9273,0.7384,-3.0878,-0.2534,85.9501,38,85,189,387,955,5467,0.0168,1.0239,-34.5813,1.0486,8.5158,1.3968,2.585,1.3968,0.1896,1.3968,0.0098,1.6324,0.2513,0.2559,0.0471,66.6558
2026-01-04,19:30:00,4.812,0.0722,0,-28.5482,0,40.9232,0,2.8007,0,0.9118,0,-0.0056,1,-0,-0,-0,17.4269,423.7005,425.1077,0.2,0,136.148,3.3102,3.3212,0.7,0,0.095,2.1267,2.1338,0,0,276.8204,277.2006,95493.1269,1.1986,1006.9939,0.0241,0.0591,0.0025,316.1824,813.9788,0.0021,38.8441,497.7964,264.4089,2.2141,5.4426,327.5248,0.2455,0.7902,43.6645,0.0664,-0.6976,-0.0964,62.25,-9.4467,21.3684,53.2103,81.1491,113.8128,170.5123,0.0716,1.008,-26.0644,1.0159,36.1642,1.1316,2.475,1.1316,0.8058,1.1316,0.001,1.2188,0.7312,0.7447,0.1046,66.7936
2026-01-04,20:00:00,4.833,0.0949,0,-5.1881,1,27.3724,0,0.5073,0,0.61,0,-0.0033,1,0,0,0,17.3592,422.9431,424.3142,0.1,1,132.6271,3.2314,3.2418,0.6,0,0.0949,2.1275,2.1344,0,1,277.0624,277.4401,95535.2615,1.1982,1006.9552,0.0241,0.0395,0.0024,308.7916,827.7802,0.002,37.3036,518.9886,264.1068,2.3418,5.7962,336.5658,0.2815,0.8833,362.3381,0.008,-0.1895,-0.0153,70.5925,-10.7127,24.2321,60.3414,92.0244,129.0656,193.3638,0.0943,1.0068,-3.7127,1.013,24.721,1.1073,0.4581,1.1073,0.551,1.1073,-0.0031,1.1775,0.5011,1.1651,0.1004,66.8681
2026-01-04,20:30:00,4.854,0.1641,1,-24.4166,1,10.9045,1,0.7926,1,0.243,1,5e-4,1,-0,-0,-0,17.373,422.8908,424.2527,0.1,1,131.8741,3.2101,3.2204,0.1,1,0.0945,2.1177,2.1245,0,1,276.892,277.2881,95558.9212,1.1991,1006.9412,0.0241,0.0157,0.0024,306.8319,818.9926,0.002,37.4645,512.1608,264.0256,0.8892,5.9489,324.6127,0.37,0.9621,174.9296,0.0166,-2.2391,-0.0547,99.4185,-15.0871,34.1272,84.9815,129.6021,181.7688,272.3227,0.1627,1.009,-23.5519,1.0133,9.9354,1.0975,0.7221,1.0975,0.2214,1.0975,0.0072,1.1768,1.4171,0.4334,0.0737,66.8689
2026-01-04,21:00:00,4.874,0.0147,2,0.0576,2,10.4282,0,0.5079,1,0.232,0,-0.0022,0,-0,-0,-0,17.6009,426.9318,428.5066,0.3,0,151.511,3.6751,3.6887,0.1,1,0.0949,2.1109,2.1187,-0.1,0,275.2764,275.6992,95586.0428,1.2062,1007.1678,0.024,0.015,0.0028,351.3822,731.9956,0.0023,48.0033,380.6134,265.7665,1.3683,3.6381,338.1534,0.1105,0.523,-1973.1235,-0.0015,0.0055,4e-4,30.7188,13,27,51,88,170,570,0.0146,1.0106,0.6014,1.0138,9.5922,1.0872,0.4672,1.0872,0.2134,1.0872,-0.0028,1.148,0.6144,0.4107,0.0209,66.6371
2026-01-04,21:30:00,4.895,0.0215,2,-27.6458,0,31.1544,0,6.3346,0,0.6927,0,-0.0125,0,0,0,0,17.7249,428.2398,429.8025,0.2,0,150.4884,3.6359,3.6491,0.1,1,0.0949,2.1038,2.1115,-0.1,0,274.4944,274.9325,95585.7842,1.2096,1007.135,0.0239,0.0449,0.0027,347.6293,693.0152,0.0023,50.1619,345.3859,265.6277,1.87,4.3849,319.0123,0.1333,1.0089,7.232,0.401,-0.8874,-0.1702,36.6699,16,36,77,154,366,1923,0.0212,1.0148,-25.451,1.0303,24.9853,1.2469,5.0802,1.2469,0.5555,1.2469,-0.0041,1.4169,1.8176,0.1677,0.0324,66.5724
2026-01-04,22:00:00,4.916,0.0119,2,4.0319,0,8.2958,0,0.6078,0,0.1844,0,-0.0026,0,0,0,0,17.8201,429.8216,431.5723,0.1,0,168.1799,4.0565,4.073,0.1,1,0.095,2.1026,2.1112,0,0,274.1537,274.5361,95611.8444,1.2114,1007.3574,0.0239,0.0119,0.0031,387.954,673.59760000000006,0.0025,57.5943,285.6435,267.0546,1.5039,4.247,311.4755,0.0992,0.5759,-20.4249,-0.142,0.486,0.0333,40.5639,18,33,56,88,147,367,0.0118,1.0101,4.4136,1.0136,7.625,1.088,0.5586,1.088,0.1695,1.088,-0.0042,1.1482,0.9292,0.2,0.0225,66.3499
2026-01-04,22:30:00,4.937,0.0271,1,-0.6762,1,7.159,1,1.0034,1,0.1591,1,-0.0018,1,0,0,0,17.8869,431.0099,432.7488,0.2,0,166.7551,4.0182,4.0344,0.1,1,0.095,2.0994,2.1079,-0.1,0,273.8732,274.2612,95616.9237,1.2127,1007.3326,0.0238,0.0103,0.003,384.3097,660.4102,0.0025,58.1926,276.1006,266.9312,0.9442,3.3319,314.1822,0.1495,0.329,416.9889,0.007,-0.0945,-0.0037,11.3847,5,10,19,34,66,229,0.0269,1.0087,-0.2989,1.0126,6.5533,1.0924,0.9185,1.0924,0.1456,1.0924,-0.0019,1.1672,0.5026,0.1424,0.013,66.3314
2026-01-04,23:00:00,4.958,0.0046,1,14.3921,0,-6.2501,1,-1.742,0,-0.1389,1,0.0029,0,-0,-0,-0,17.8591,430.4636,432.1747,0.1,1,164.2673,3.9594,3.9751,0.1,1,0.0949,2.0984,2.1068,0,0,273.9808,274.379,95639.154,1.2125,1007.3024,0.0239,-0.009,0.003,378.7742,666.0322,0.0025,56.8702,287.2581,266.7417,1.0573,3.2864,327.8545,0.0619,0.1905,-1.3888,-2.0882,-2.3027,0.1905,22.0103,10,17,28,41,64,138,0.0046,1.0125,13.8748,1.0148,-5.755,1.086,-1.604,1.086,-0.1279,1.086,-0.0013,1.1482,0.2142,0.1519,0.015,66.3319
2026-01-04,23:30:00,4.979,0.0094,1,5.8629,0,3.4247,0,0.2511,2,0.0761,0,-3e-4,0,0,0,0,18.0149,433.6162,435.449,0.1,0,174.8656,4.209,4.2268,0.1,1,0.0949,2.0921,2.1009,0,0,273.4564,273.8339,95639.0242,1.2148,1007.4302,0.0238,0.0049,0.0032,402.6506,640.3712,0.0026,62.8777,237.7206,267.5419,0.9683,1.753,307.1846,0.088,0.1502,-9.8241,-0.2952,1.7119,0.0544,23.7436,11,19,32,49,80,190,0.0093,1.0133,5.9599,1.0153,3.1536,1.086,0.2312,1.086,0.07,1.086,-0.0023,1.1486,0.0956,0.1916,0.0132,66.196
2026-01-05,00:00:00,5,0.0346,1,8.8966,1,0.6545,2,-0.3403,2,0.0145,2,0.0015,2,-0,-0,-0,18.0349,433.6289,435.429,0.1,1,171.9465,4.1343,4.1514,0.1,1,0.0951,2.0949,2.1036,-0.1,0,273.1772,273.5408,95627.5845,1.216,1007.3856,0.0238,9e-4,0.0031,395.4545,626.939,0.0026,63.077,231.4844,267.3053,0.975,2.3913,310.834,0.1688,0.3585,-45.6099,-0.0636,13.5933,0.043,10.6253,5,9,16,26,46,130,0.0342,1.0132,8.8085,1.0152,0.6027,1.086,-0.3133,1.086,0.0134,1.086,-0.0014,1.1486,0.2886,0.4071,0.0214,66.1362
2026-01-05,00:30:00,5.02,0.0069,2,-22.0471,1,6.9501,1,2.8718,1,0.1544,1,-0.0223,1,-0,-0,-0,17.8721,429.8658,431.5689,0.3,0,164.0725,3.9463,3.962,0.1,1,0.0958,2.1189,2.1273,0.5,0,274.0767,274.376,95638.9012,1.2125,1007.2953,0.0239,0.01,0.003,377.5234,665.8881,0.0025,56.6947,288.3647,266.6986,0.4606,2.5865,312.3567,0.0755,0.3945,1.6505,1.7571,-3.1722,-0.2389,6.7664,3,6,12,23,48,197,0.0067,1.039,-20.2303,1.0778,4.4595,1.5585,1.8427,1.5585,0.0991,1.5585,-0.0081,2.0364,0.4234,0.3309,0.0348,67.3245
2026-01-05,01:00:00,5.041,0.0913,0,0.5456,2,7.7263,0,-0.1108,1,0.1719,0,-0.0063,0,0,0,0,17.7033,427.642,429.3902,0.1,1,168.5403,4.0713,4.0879,0.1,1,0.0973,2.165,2.1739,-0.1,0,275.4843,275.7721,95631.3493,1.2063,1007.3837,0.024,0.0111,0.0031,389.446,735.7984,0.0025,52.9284,346.3524,267.1048,0.4973,4.0357,352.6111,0.2751,0.6579,-3220.3117,-9e-4,0.0706,0.0016,60.6833,-9.2089,20.8306,51.8711,79.1068,110.9484,166.2209,0.0893,1.0219,0.938,1.0207,7.0877,1.0901,-0.1016,1.0901,0.1577,1.0901,-0.0065,1.1554,0.5793,0.5965,0.14,67.4555
2026-01-05,01:30:00,5.062,0.0553,0,-12.8169,0,1.7089,2,-0.1065,2,0.038,2,0.0088,1,-0,-0,-0,17.7523,428.692,430.4802,0.1,1,172.0188,4.154,4.1713,0.1,1,0.0978,2.1703,2.1794,0,1,274.8687,275.1933,95618.4701,1.2086,1007.4199,0.0239,0.0025,0.0031,397.3065,706.0621,0.0026,56.2708,308.7556,267.3666,0.2628,3.1194,332.2804,0.2138,0.3259,64.3692,0.0451,-7.5,-0.0492,64.0466,-9.7193,21.9851,54.7461,83.4912,117.0976,175.4336,0.0543,1.0183,-12.5045,1.0192,1.5376,1.1114,-0.0958,1.1114,0.0342,1.1114,0.0117,1.2033,0.29,0.2879,0.0739,66.6116
2026-01-05,02:00:00,5.083,0.0676,0,-12.4652,1,4.9906,1,0.7357,0,0.111,1,-0.0204,1,0,0,0,17.7583,428.4076,430.1875,0.2,0,171.514,4.1377,4.1549,0.1,1,0.0988,2.1908,2.1999,0.1,0,274.7065,275.0347,95628.0064,1.2094,1007.4087,0.0239,0.0072,0.0031,395.7831,698.1055,0.0026,56.6939,302.3224,267.3162,0.4344,2.6283,253.6186,0.2363,0.3691,89.3655,0.0325,-2.4977,-0.0433,74.7923,-11.35,25.6738,63.9314,97.4994,136.7442,204.8678,0.0667,1.0133,-12.027,1.0162,4.5214,1.1038,0.6666,1.1038,0.1005,1.1038,-0.0149,1.1902,0.4501,0.2268,0.0613,66.3258
2026-01-05,02:30:00,5.104,0.0473,0,-5.6409,1,8.87,1,-0.1968,2,0.1971,1,-0.0032,2,0,0,0,17.8415,429.7848,431.5594,0.1,1,170.6994,4.112,4.129,0.1,1,0.0994,2.1985,2.2075,0,1,274.1955,274.5167,95624.9495,1.2117,1007.3872,0.0239,0.0128,0.0031,393.3133,672.6575,0.0026,58.4716,279.3442,267.2342,0.3467,2.3872,193.3062,0.1975,0.2962,115.3107,0.0251,-0.636,-0.0234,0.9966,1,1,2,3,6,21,0.0466,1.0156,-5.0995,1.0169,8.0527,1.1015,-0.1787,1.1015,0.179,1.1015,-0.0017,1.1856,0.1755,0.3567,0.0603,66.2759
2026-01-05,03:00:00,5.124,0.0069,2,2.3478,2,4.0047,1,-0.2782,2,0.089,1,-9e-4,1,-0,-0,-0,17.9329,431.5092,433.2685,0.1,1,168.7442,4.0604,4.077,0.1,1,0.0999,2.2065,2.2155,-0.1,0,273.8914,274.2449,95639.365,1.2131,1007.3553,0.0238,0.0058,0.0031,388.4381,659.6371,0.0025,58.8866,271.199,267.0709,0.6819,2.933,297.6829,0.0755,0.3379,-15.4791,-0.1873,0.5863,0.0254,19.5003,9,16,27,42,70,175,0.0068,1.0172,2.5179,1.0177,3.6835,1.0872,-0.2559,1.0872,0.0818,1.0872,-0.0018,1.1513,0.3738,0.2587,0.0432,66.1653
2026-01-05,03:30:00,5.145,0.0336,1,-13.9293,2,16.2403,1,2.7908,1,0.3603,1,-0.0011,2,-0,-0,-0,18.1477,435.0667,436.8858,0.1,0,173.6835,4.1638,4.1812,0.1,1,0.1002,2.1964,2.2056,0,1,272.1707,272.5697,95636.5918,1.2204,1007.3885,0.0237,0.0233,0.0032,398.3209,584.2024,0.0026,68.182,185.8815,267.4,0.5985,2.8331,334.1591,0.1659,0.2723,27.6846,0.1048,-0.8577,-0.0683,3.7172,2,3,7,12,26,105,0.0332,1.0114,-12.8965,1.0179,14.3969,1.128,2.474,1.128,0.3194,1.128,0.0023,1.2345,0.2975,0.2232,0.0239,65.6431
2026-01-05,04:00:00,5.166,0.0046,1,5.2993,1,1.6025,0,-0.1355,2,0.0355,0,-2e-4,1,0,0,0,18.2993,437.288,439.1274,0.1,1,175.2954,4.1889,4.2065,0.1,1,0.1006,2.1982,2.2075,0.1,0,271.5454,271.8935,95623.5074,1.2233,1007.3934,0.0236,0.0023,0.0032,400.6674,555.9877,0.0026,72.0641,155.3204,267.4771,0.6557,1.8337,326.7193,0.0611,0.1563,-3.6368,-0.7974,3.3068,0.0703,17.6347,8,14,23,34,55,123,0.0045,1.0177,5.2949,1.018,1.4736,1.0875,-0.1246,1.0875,0.0327,1.0875,-0.002,1.1517,0.1254,0.1743,0.013,65.2621
2026-01-05,04:30:00,5.187,0.0105,0,5.0543,0,3.2647,0,0.2792,0,0.0724,0,-0.001,0,-0,-0,-0,18.3701,438.1826,440.0227,0.1,1,175.3089,4.1816,4.1992,0.1,1,0.1008,2.1988,2.2081,0.1,0,271.1921,271.5318,95623.9643,1.2249,1007.3848,0.0236,0.0047,0.0032,399.9727,541.397,0.0026,73.8779,141.4242,267.4543,0.6512,1.6454,335.6392,0.0925,0.0895,-13.2273,-0.2192,1.5482,0.0443,13.2389,6,11,18,28,48,119,0.0103,1.0178,5.1386,1.018,3.0019,1.0875,0.2567,1.0875,0.0665,1.0875,-0.0028,1.1518,0.077,0.0902,0.0118,64.9903
2026-01-05,05:00:00,5.208,0.0049,0,4.7212,0,2.4491,0,0.4297,1,0.0543,0,-0.0015,0,0,0,0,18.4394,439.4399,441.2871,0.2,0,175.6546,4.1861,4.2037,0.1,1,0.1008,2.1968,2.206,0,0,270.8962,271.2415,95618.1878,1.2262,1007.3836,0.0236,0.0035,0.0032,400.3766,529.9337,0.0026,75.5522,129.5571,267.4676,0.6803,1.5571,329.9197,0.063,0.0982,-4.4714,-0.6486,1.9277,0.0607,18.9641,8,15,25,37,60,136,0.0048,1.0172,4.7707,1.0177,2.2526,1.0872,0.3953,1.0872,0.0499,1.0872,-0.0031,1.1513,0.0477,0.1379,0.0108,64.7904
2026-01-05,05:30:00,5.229,0.0061,1,7.5571,0,2.3439,0,0.6334,0,0.0519,0,-0.0014,0,0,0,0,18.5049,440.886,442.7449,0.2,0,176.2203,4.1985,4.2162,0.1,1,0.1007,2.1937,2.2029,0,0,270.7567,271.1065,95623.8674,1.2269,1007.3887,0.0236,0.0034,0.0032,401.5849,524.6758,0.0026,76.5396,123.0909,267.5071,0.7412,1.5919,340.5021,0.0705,0.0704,-3.9054,-0.7426,3.2242,0.0868,17.5804,8,14,23,34,55,124,0.006,1.0161,7.5606,1.017,2.1568,1.0867,0.5829,1.0867,0.0478,1.0867,-0.004,1.1505,0.0531,0.0764,0.0113,64.4486
2026-01-05,06:00:00,5.249,0.0149,1,0.4392,2,1.1204,1,0.3896,1,0.0248,1,1e-4,2,0,0,0,18.4262,440.0876,441.9575,0.3,0,177.1458,4.2309,4.2489,0.1,1,0.1004,2.1912,2.2006,0,1,271.1554,271.5101,95614.5418,1.2249,1007.4113,0.0236,0.0016,0.0032,404.6448,540.5305,0.0026,74.8607,135.8857,267.6068,0.6079,1.6532,342.4934,0.1102,0.1445,-256.9743,-0.0113,0.392,0.0032,9.6152,4,8,15,26,50,161,0.0146,1.0187,0.4891,1.0187,1.0297,1.0881,0.3581,1.0881,0.0228,1.0881,-2e-4,1.1526,0.0894,0.1887,0.0109,64.4397
2026-01-05,06:30:00,5.27,0.0129,1,-1.9938,2,1.6154,1,-0.0906,2,0.0358,1,3e-4,2,0,0,0,18.2716,438.0815,439.9184,0.1,1,174.1478,4.1754,4.1929,0.1,1,0.1001,2.193,2.2021,0,1,271.9726,272.3843,95597.0421,1.2208,1007.3924,0.0237,0.0023,0.0032,399.2608,576.3429,0.0026,69.2749,177.0821,267.4309,0.3497,1.7658,353.1228,0.1027,0.1638,45.873,0.0632,-1.2343,-0.0158,3.5173,2,3,6,11,23,90,0.0127,1.0149,-1.8797,1.0183,1.4482,1.1155,-0.0813,1.1155,0.0321,1.1155,8e-4,1.2117,0.1811,0.1366,0.0098,64.7954
2026-01-05,07:00:00,5.291,0.0238,1,1.2115,1,9.2468,1,0.9961,1,0.2053,1,-0.005,1,0,0,0,18.107,435.6869,437.5109,0,0,173.2618,4.169,4.1864,0.1,1,0.0998,2.1964,2.2056,-0.3,0,272.8941,273.3787,95633.3335,1.2168,1007.4022,0.0238,0.0133,0.0032,398.8014,619.6185,0.0026,64.3624,220.8171,267.4158,0.2788,1.5414,154.9295,0.1397,0.0715,-190.0232,-0.0153,0.131,0.0071,1.4573,1,1,2,4,7,22,0.023,1.0345,1.6511,1.029,8.4082,1.0997,0.9058,1.0997,0.1867,1.0997,-0.0056,1.1675,0.0952,0.0368,0.0109,65.2276
2026-01-05,07:30:00,5.312,0.0097,1,2.1465,1,0.2511,1,-0.0654,2,0.0056,1,-1e-4,1,-0,-0,-0,17.994,433.4046,435.0704,0.2,0,158.9587,3.8287,3.8434,0.1,1,0.1001,2.2032,2.2117,-0.3,0,272.9037,273.362,95631.8894,1.217,1007.2172,0.0238,4e-4,0.0029,366.2425,618.8666,0.0024,59.1795,252.6242,266.3037,0.4608,1.5661,130.2466,0.0894,0.0532,-28.123,-0.1031,8.5497,0.0196,8.6904,4,7,13,20,36,96,0.0095,1.0232,2.1167,1.0216,0.2301,1.091,-0.0599,1.091,0.0051,1.091,-8e-4,1.1566,0.0481,0.0496,0.0087,65.5454
2026-01-05,08:00:00,5.333,0.0086,1,2.2452,1,1.917,1,0.0463,1,0.0426,1,-0.0018,1,-0,-0,-0,17.969,433.1028,434.7545,-0.2,0,157.6231,3.7992,3.8136,0.1,1,0.1002,2.2065,2.215,-0.4,0,273.0075,273.5438,95627.4115,1.2162,1007.2037,0.0238,0.0028,0.0029,363.4009,627.0777,0.0024,57.9515,263.6768,266.2025,0.3208,1.0852,134.4598,0.0839,0.0486,-22.1929,-0.1307,1.1712,0.0218,5.1308,2,4,7,12,21,57,0.0083,1.0309,2.2878,1.0266,1.7477,1.0968,0.0422,1.0968,0.0388,1.0968,-0.0025,1.164,0.0564,0.0345,0.0064,65.6377
2026-01-05,08:30:00,5.354,0.0081,1,2.0965,1,1.6262,1,-0.0356,1,0.0361,1,-1e-4,1,0,0,0,17.9652,433.5403,435.2161,0.3,0,159.5603,3.8505,3.8654,0.1,1,0.1001,2.2056,2.2142,-0.5,0,273.0877,273.6792,95607.496,1.2153,1007.2335,0.0238,0.0023,0.0029,368.2388,633.2484,0.0024,58.1508,265.0097,266.3743,0.3892,1.9036,148.9569,0.0818,0.0974,-22.0205,-0.1317,1.2892,0.0209,7.4958,3,6,11,17,30,80,0.0079,1.0265,2.134,1.0237,1.4872,1.0935,-0.0326,1.0935,0.033,1.0935,-9e-4,1.1597,0.1514,0.0347,0.0087,65.6961
2026-01-05,09:00:00,5.374,0.0172,0,6.0436,1,1.8648,1,1.1351,2,0.0414,1,-9e-4,0,0,0,0,18.0206,434.7161,436.4271,0,0,162.5211,3.9205,3.936,0.1,1,0.1003,2.2104,2.2191,-0.3,0,273.0795,273.5848,95613.4616,1.2157,1007.2701,0.0238,0.0027,0.003,374.9564,628.9384,0.0024,59.6174,253.982,266.6097,0.6408,2.3015,152.9381,0.1189,0.1136,-23.4545,-0.1236,3.241,0.0415,9.26,4,8,13,21,37,98,0.0169,1.018,6.0394,1.0182,1.7145,1.0877,1.0436,1.0877,0.0381,1.0877,-0.003,1.152,0.1617,0.0468,0.0186,65.6195
2026-01-05,09:30:00,5.395,0.0212,1,3.8955,1,1.3411,1,-0.0137,1,0.0298,1,-3e-4,1,0,0,0,17.9958,433.8966,435.6086,0.1,1,162.9967,3.93,3.9455,0.1,1,0.1004,2.2114,2.2201,-0.5,0,273.0386,273.541,95624.5401,1.2161,1007.2747,0.0238,0.0019,0.003,375.9066,626.9471,0.0024,59.9583,251.0405,266.6426,0.7118,1.9611,151.6156,0.1321,0.095,-49.986,-0.058,2.9048,0.0241,9.4905,4,8,14,23,42,119,0.0209,1.0166,3.9033,1.0173,1.2338,1.0869,-0.0126,1.0869,0.0274,1.0869,-0.0016,1.1509,0.1254,0.0464,0.0182,65.5457
2026-01-05,10:00:00,5.416,0.0337,1,4.5319,1,-0.47,2,-0.0763,2,-0.0104,2,-6e-4,1,-0,-0,-0,18.0007,434.259,435.9922,0.1,1,164.7823,3.9753,3.9912,0.1,1,0.1004,2.2126,2.2214,-0.3,0,273.2078,273.6835,95623.2969,1.2154,1007.3012,0.0238,-7e-4,0.003,380.2342,633.4462,0.0025,60.0263,253.212,266.7919,0.9317,2.997,152.6705,0.1665,0.1554,-85.988,-0.0337,-9.6423,0.0222,10.0577,4,8,16,26,47,142,0.0333,1.0137,4.4441,1.0155,-0.4328,1.086,-0.0702,1.086,-0.0096,1.086,-0.002,1.1488,0.222,0.0641,0.0247,65.511
2026-01-05,10:30:00,5.437,0.0262,1,6.9931,1,1.0024,1,-0.0499,1,0.0223,1,1e-4,1,0,0,0,17.9804,434.0344,435.8109,0.1,1,168.8688,4.0764,4.0931,0.1,1,0.1003,2.2142,2.2232,-0.4,0,273.545,274.0297,95623.8871,1.2138,1007.361,0.0238,0.0014,0.0031,389.9043,649.4877,0.0025,60.0326,259.5834,267.1202,0.9038,2.4565,152.331,0.147,0.0944,-38.3415,-0.0756,6.9761,0.0389,11.701,5,10,17,28,49,136,0.0259,1.014,6.9461,1.0157,0.923,1.0861,-0.0459,1.0861,0.0205,1.0861,-0.0022,1.149,0.1151,0.0509,0.0228,65.4068
2026-01-05,11:00:00,5.458,0.0643,1,22.0489,1,12.4713,1,-1.7587,1,0.2773,1,-0.0078,1,-0,-0,-0,17.8653,432.5878,434.4796,0.1,0,179.8203,4.3542,4.3732,0.1,1,0.0996,2.21,2.2197,0,0,274.5393,275.038,95586.6252,1.2088,1007.5264,0.0239,0.018,0.0033,416.3103,698.2688,0.0027,59.6204,281.9585,267.9809,0.7188,2.459,176.1181,0.2307,0.1887,-46.9845,-0.0617,1.768,0.0785,76.9026,-11.6703,26.3982,65.7352,100.2504,140.6025,210.6482,0.0633,1.0165,22.3548,1.0172,11.4742,1.0869,-1.6181,1.0869,0.2551,1.0869,-0.0153,1.1508,0.1657,0.1572,0.0545,65.2685
2026-01-05,11:30:00,5.479,0.0944,1,16.8155,0,3.7819,0,0.0766,2,0.0841,0,5e-4,0,0,0,0,17.7643,431.3673,433.3254,0.1,0,186.0913,4.5188,4.5393,0.1,1,0.0992,2.2054,2.2154,0,0,274.8536,275.4317,95536.773,1.2063,1007.6217,0.024,0.0055,0.0034,431.8297,718.1807,0.0028,60.1283,286.351,268.4645,0.8164,3.7655,200.7819,0.2798,0.4287,-109.8194,-0.0264,4.4463,0.0494,71.1394,-10.7957,24.4199,60.8089,92.7374,130.0656,194.862,0.093,1.015,16.7667,1.0163,3.4814,1.0863,0.0705,1.0863,0.0774,1.0863,-0.0053,1.1497,0.245,0.5151,0.0973,65.3835
2026-01-05,12:00:00,5.499,0.1452,0,24.8761,0,2.7686,0,0.3389,1,0.0616,0,-0.0011,0,-0,-0,-0,17.7364,431.372,433.3086,0.1,0,183.7588,4.4692,4.4893,0.1,1,0.0992,2.2062,2.2161,-0.2,0,274.9224,275.5449,95466.0593,1.205,1007.5964,0.024,0.004,0.0034,426.7754,723.9961,0.0028,58.9472,297.2207,268.3087,1.0691,4.1634,180.0707,0.3472,0.4285,-141.7717,-0.0205,8.985,0.059,81.4836,-12.3655,27.9707,69.651,106.2221,148.978,223.1962,0.1434,1.0124,24.6932,1.0148,2.5492,1.0861,0.312,1.0861,0.0567,1.0861,-0.0094,1.1482,0.4899,0.2603,0.1067,65.3774
2026-01-05,12:30:00,5.52,0.1258,1,36.7071,1,3.4628,1,-0.0696,2,0.0771,1,-0.0018,1,0,0,0,17.7107,431.4286,433.3855,0.1,1,185.356,4.5152,4.5357,0.1,1,0.0992,2.2124,2.2225,-0.1,0,275.1923,276.3073,95405.5276,1.2009,1007.633,0.0241,0.005,0.0034,430.8932,764.2728,0.0028,56.3795,333.3796,268.4357,0.9787,3.6122,173.3453,0.3236,0.33,-77.8114,-0.0373,10.6003,0.0937,84.9152,-12.8862,29.1486,72.5843,110.6956,155.2521,232.5959,0.1241,1.0132,36.3897,1.0152,3.1886,1.086,-0.0641,1.086,0.071,1.086,-0.014,1.1485,0.4294,0.1469,0.0837,65.2619
2026-01-05,13:00:00,5.541,0.1268,0,25.6126,0,-2.1996000000000002,2,-0.1499,2,-0.049,2,-0.0027,0,0,0,0,17.6192,431.3846,433.4812,-0.2,0,197.5417,4.8366,4.8601,0.1,1,0.099,2.2227,2.2335,-0.1,0,276.1611,277.6978,95346.7043,1.194,1007.8298,0.0242,-0.0032,0.0036,461.2752,842.8592,0.003,54.7274,381.584,269.3409,0.8744,4.1023,187.3546,0.3259,0.5171,-113.8443,-0.0255,-11.6442,0.0653,74.1398,-11.251,25.4498,63.3736,96.6487,135.5512,203.0804,0.125,1.0143,25.1356,1.0159,-2.0252,1.0861,-0.138,1.0861,-0.0451,1.0861,-0.0108,1.1492,0.409,0.5061,0.1191,65.4872
2026-01-05,13:30:00,5.562,0.0907,0,44.4375,0,2.7646,0,0.2233,0,0.0617,0,-0.003,0,-0,-0,-0,17.5691,431.8365,434.044,0.1,0,206.9238,5.086,5.112,0.1,1,0.099,2.2313,2.2427,0,0,276.8238,278.3604,95306.0967,1.1905,1007.9765,0.0243,0.004,0.0038,484.86,882.7594,0.0032,54.9255,397.8994,270.0078,0.8845,4.0561,179.5094,0.2761,0.4922,-39.869,-0.0727,16.0736,0.1341,68.7584,-10.4343,23.6025,58.7736,89.6335,125.7123,188.3399,0.0895,1.0142,43.9628,1.0158,2.5455,1.0861,0.2056,1.0861,0.0568,1.0861,-0.0177,1.1491,0.3723,0.5089,0.1032,65.6817
2026-01-05,14:00:00,5.583,0.1474,0,56.1839,0,5.291,1,0.2205,0,0.1181,1,-0.0016,0,-0,-0,-0,17.529,432.0129,434.2683,0.1,1,210.728,5.1935,5.2206,0.1,1,0.0986,2.2297,2.2413,-0.2,0,277.5841,279.0467,95271.0179,1.1871,1008.0466,0.0244,0.0077,0.0038,494.9249,925.8357,0.0032,53.4571,430.9107,270.2837,1.0479,4.4624,170.6412,0.3523,0.4381,-65.526,-0.0443,10.6188,0.1333,80.8175,-12.2644,27.742,69.0816,105.3538,147.7602,221.3717,0.1455,1.0126,55.732,1.0149,4.8719,1.086,0.203,1.086,0.1087,1.086,-0.0204,1.1483,0.5754,0.1886,0.1122,65.6171
2026-01-05,14:30:00,5.604,0.1505,1,29.5977,1,2.7143,1,0.04,2,0.0606,1,-1e-4,1,-0,-0,-0,17.5373,432.5211,434.8237,0.1,0,214.7065,5.2953,5.3235,0.1,1,0.0984,2.224,2.2358,-0.2,0,277.9823,278.9565,95234.2757,1.187,1008.1005,0.0244,0.0039,0.0039,504.4291,920.068,0.0033,54.8252,415.6389,270.5397,1.1983,5.0858,167.946,0.3561,0.5301,-128.4119,-0.0226,10.9044,0.0695,85.8898,-13.0341,29.4832,73.4173,111.966,157.034,235.2655,0.1488,1.0115,29.3737,1.0143,2.4984,1.0864,0.0369,1.0864,0.0558,1.0864,-0.01,1.1479,0.6305,0.3313,0.0984,65.1888
2026-01-05,15:00:00,5.624,0.0875,1,16.6216,1,2.576,1,0.2559,1,0.0575,1,-0.0015,1,-0,-0,-0,17.5657,432.7165,435.102,0.2,0,222.5584,5.4826,5.5128,0.1,1,0.0985,2.226,2.2383,-0.1,0,278.219,279.0623,95218.9123,1.1863,1008.2044,0.0244,0.0037,0.0041,522.1831,926.8385,0.0034,56.3402,404.6554,271.0066,0.7524,4.0156,176.2493,0.2715,0.2812,-101.3759,-0.0286,6.4525,0.0512,80.585,-12.2291,27.6622,68.8829,105.0507,147.3351,220.7348,0.0861,1.0159,16.5107,1.0169,2.3706,1.0867,0.2355,1.0867,0.0529,1.0867,-0.007,1.1503,0.3595,0.1357,0.0671,64.9337
2026-01-05,15:30:00,5.645,0.0923,1,1.3405,2,-0.5571,2,0.2892,1,-0.0124,2,-0.0094,1,0,0,0,17.5291,432.7329,435.2739,0.2,0,236.4683,5.8376,5.8719,0.1,1,0.0993,2.2543,2.2675,0,0,278.6861,279.9724,95200.0677,1.182,1008.4139,0.0245,-8e-4,0.0043,555.8872,986.8728,0.0036,56.3282,430.9856,271.8555,0.6549,3.9563,191.6838,0.2794,0.2995,-1369.0389,-0.0021,-2.4061,0.004,73.855,-11.2078,25.352,63.1302,96.2775,135.0305,202.3004,0.0907,1.0177,1.2896,1.018,-0.5123,1.0875,0.2659,1.0875,-0.0114,1.0875,-0.0092,1.1517,0.2223,0.2884,0.0884,64.8218
2026-01-05,16:00:00,5.666,0.0328,0,1.6355,1,1.0798,2,0.0869,0,0.0241,2,-0.0015,1,-0,-0,-0,17.5412,432.6358,435.2852,0.1,1,246.7773,6.0865,6.1238,0.1,1,0.0991,2.2416,2.2553,0.3,0,278.7132,279.2177,95189.9872,1.185,1008.5371,0.0244,0.0016,0.0045,579.5301,936.855,0.0038,61.8591,357.3249,272.4241,0.6362,2.5702,219.7879,0.1665,0.1951,-237.3911,-0.0122,1.5147,0.0082,5.1524,2,4,8,14,27,87,0.0323,1.0181,1.6667,1.0182,0.9927,1.0877,0.0799,1.0877,0.0222,1.0877,-0.002,1.1521,0.1224,0.2159,0.052,64.4008
2026-01-05,16:30:00,5.687,0.1498,1,-11.4585,0,-0.915,1,0.4265,0,-0.0204,1,8e-4,0,-0,-0,-0,17.51,431.3138,434.1243,-0.1,0,262.8196,6.4739,6.5161,0.1,1,0.0985,2.2304,2.2449,-0.5,0,279.0787,279.2314,95177.3312,1.1846,1008.7494,0.0244,-0.0013,0.0048,616.3332,937.7391,0.004,65.7255,321.4059,273.2697,0.8596,4.8513,205.4763,0.3556,0.5761,330.1178,0.0088,12.5224,-0.027,73.2224,-11.1118,25.1349,62.5894,95.4528,133.8739,200.5675,0.1484,1.0091,-11.3824,1.0131,-0.8361,1.0944,0.3897,1.0944,-0.0187,1.0944,0.0045,1.1714,0.3435,0.6623,0.1463,63.9462
2026-01-05,17:00:00,5.708,0.1553,1,-22.0047,0,-5.4983,1,0.9583,0,-0.1227,1,0.0034,1,-0,-0,-0,17.5173,431.2114,434.1001,0.1,1,270.3221,6.6543,6.6989,-0.5,0,0.0982,2.2234,2.2383,0,1,279.1237,279.167,95173.4066,1.1847,1008.8473,0.0244,-0.008,0.0049,633.486,933.5768,0.0042,67.8558,300.0908,273.6486,0.8573,4.6371,190.3796,0.3621,0.5013,181.5143,0.016,4.0021,-0.0508,76.6534,-11.6325,26.3126,65.5222,99.9255,140.1469,209.9656,0.1539,1.0092,-22.0497,1.0134,-5.0103,1.0974,0.8732,1.0974,-0.1118,1.0974,0.0106,1.1769,0.3754,0.492,0.1353,63.7209
2026-01-05,17:30:00,5.729,0.1692,0,-34.5642,0,-8.6254,1,1.7619,0,-0.1925,1,-0.005,0,0,0,0,17.5209,431.0023,433.9576,0.1,1,276.8443,6.8102,6.8569,0.1,1,0.0982,2.2209,2.2361,-0.2,0,278.9757,278.9573,95154.7122,1.1853,1008.9294,0.0244,-0.0125,0.005,648.1933,920.1234,0.0042,70.4463,271.9301,273.9663,0.9488,5.3161,187.8064,0.3778,0.5692,131.2811,0.0221,4.0072,-0.0765,79.4825,-12.0618,27.2838,67.9405,103.6135,145.3194,217.715,0.1677,1.0088,-34.631100000000004,1.0135,-7.8387,1.1004,1.6012,1.1004,-0.175,1.1004,0.0071,1.1814,0.5324,0.4714,0.1345,63.2897
2026-01-05,18:00:00,5.749,0.1983,1,-43.0594,1,-7.3837,2,2.2473,2,-0.1648,2,-0.0079,1,0,0,0,17.5401,431.0268,434.0178,0.2,0,280.4412,6.8915,6.9393,0.1,1,0.0982,2.2173,2.2326,0,1,278.7026,278.6976,95162.5275,1.1865,1008.9698,0.0243,-0.0107,0.0051,655.9869,903.7007,0.0043,72.589,247.7138,274.1321,0.4096,4.1407,158.2065,0.4088,0.4861,133.4684,0.0217,5.8317,-0.088,87.7472,-13.316,30.1208,75.005,114.3873,160.4298,240.3531,0.1955,1.014,-42.8606,1.016,-6.711,1.1002,2.0426,1.1002,-0.1497,1.1002,0.0071,1.1836,0.4563,0.393,0.123,62.7064
2026-01-05,18:30:00,5.77,0.1483,1,-80.8604,1,-31.833,1,6.5234,1,-0.71,1,-0.0024,1,-0,-0,-0,17.5982,431.8201,434.8249,0.3,0,281.6152,6.9102,6.9583,0.1,1,0.0981,2.2101,2.2255,0.5,0,278.1822,278.2121,95164.2015,1.1886,1008.9722,0.0243,-0.046,0.0051,657.7791,873.6878,0.0043,75.2877,215.9087,274.17,0.3066,3.6486,205.5542,0.3533,0.4547,45.8735,0.0632,2.5401,-0.1909,79.8645,-12.1197,27.4149,68.267,104.1114,146.0177,218.7612,0.146,1.0161,-81.1655,1.0191,-28.4831,1.1176,5.8369,1.1176,-0.6353,1.1176,0.025,1.2154,0.4066,0.3865,0.1162,62.2934
2026-01-05,19:00:00,5.791,0.1642,1,95.362,1,21.5401,1,-10.4399,1,0.4801,1,0.0197,1,-0,-0,-0,17.7117,433.7668,436.7857,0.1,1,282.2228,6.9117,6.9598,0.1,1,0.0981,2.2028,2.2182,-0.9,0,277.4659,277.5118,95173.6405,1.1917,1008.9621,0.0242,0.0311,0.0051,657.9923,831.9493,0.0043,79.0904,173.957,274.1745,0.1565,2.5802,343.0224,0.3712,0.3091,-45.1156,-0.0643,4.4272,0.2137,89.2675,-13.5467,30.6426,76.3045,116.3692,163.2095,244.5176,0.1557,1.0544,92.804,1.0423,19.298,1.1162,-9.3533,1.1162,0.4301,1.1162,-0.0138,1.1877,0.2874,0.2337,0.0971,61.6205
2026-01-05,19:30:00,5.812,0.0112,1,-2.6662,1,2.0305,1,0.2688,1,0.0452,1,-0.0022,1,-0,-0,-0,17.9983,439.2475,442.2059,0.2,0,274.1317,6.6902,6.7352,0.1,1,0.0983,2.1965,2.2113,0,1,276.235,276.341,95184.0889,1.197,1008.8226,0.0241,0.0029,0.005,636.9682,766.097,0.0042,83.1446,129.1288,273.7244,0.7802,1.8912,310.6377,0.0968,0.1288,28.656,0.1012,-1.3131,-0.0228,14.7475,6,14,28,52,112,479,0.0111,1.0103,-2.5238,1.0172,1.7997,1.1282,0.2383,1.1282,0.0401,1.1282,-0.0012,1.2333,0.1182,0.1281,0.0113,61.2426
2026-01-05,20:00:00,5.833,0.01,0,3.8476,0,2.1118,1,-0.69,2,0.047,1,-0.0015,1,0,0,0,18.2206,442.9562,445.8519,0.1,1,267.1527,6.4947,6.5371,0.6,0,0.0983,2.1877,2.202,0.1,0,275.3401,275.46,95188.8971,1.2009,1008.7023,0.0241,0.003,0.0049,618.3859,719.6325,0.0041,85.9308,101.2466,273.3155,1.1468,1.989,302.0601,0.0915,0.0883,-16.7373,-0.1733,1.8219,0.0347,30.93,14,25,42,66,110,272,0.0099,1.0119,3.9112,1.0145,1.9442,1.0862,-0.6352,1.0862,0.0432,1.0862,-0.0028,1.148,0.0788,0.0852,0.0126,60.5109
2026-01-05,20:30:00,5.854,0.004,1,1.3584,1,-1.2673,1,-1.5493,1,-0.0282,1,-3e-4,0,-0,-0,-0,18.2954,442.3891,445.2173,0.1,1,262.7122,6.3525,6.3931,-0.6,0,0.0984,2.1844,2.1983,0,0,274.8493,274.9854,95209.9391,1.2033,1008.6174,0.024,-0.0018,0.0048,604.9796,695.6472,0.004,86.9664,90.6676,273.0137,1.0766,2.1253,306.9925,0.0578,0.1016,-11.9788,-0.2421,-1.0719,0.0194,48.5412,21,39,65,99,163,384,0.004,1.0124,1.2752,1.0147,-1.1669,1.0861,-1.4266,1.0861,-0.0259,1.0861,-6e-4,1.1482,0.0964,0.0977,0.0091,59.7362
2026-01-05,21:00:00,5.874,0.0085,0,4.2591,0,-1.0399,1,-2.0876,0,-0.0231,1,0.0029,1,0,0,0,18.4545,441.1987,443.9134,0.1,1,255.7977,6.1154,6.1531,0.7,0,0.0986,2.1824,2.1958,0,1,274.2075,274.3447,95226.2055,1.2065,1008.4784,0.024,-0.0015,0.0046,582.5064,664.3942,0.0038,87.6748,81.8879,272.4943,1.1919,2.2089,309.4593,0.084,0.1172,-11.6967,-0.2479,-4.0958,0.0417,34.3777,15,27,46,71,116,277,0.0084,1.0116,4.153,1.0143,-0.9572,1.0864,-1.9217,1.0864,-0.0213,1.0864,0.0014,1.148,0.1393,0.0817,0.0134,58.9121
2026-01-05,21:30:00,5.895,0.0151,1,7.1975,1,1.6242,1,-0.5081,2,0.0361,1,0.002,2,-0,-0,-0,18.4753,439.8694,442.5108,0.1,1,250.7108,5.9691,6.0049,0.3,0,0.0988,2.1831,2.1963,0,0,273.8085,273.9619,95222.3236,1.2082,1008.3928,0.0239,0.0023,0.0045,568.5402,646.3162,0.0037,87.9663,77.776,272.1624,1.1753,2.2837,310.9307,0.1118,0.1424,-16.3415,-0.1775,4.4315,0.0528,24.3008,11,20,33,52,87,216,0.0149,1.0117,7.1934,1.0144,1.4951,1.0863,-0.4678,1.0863,0.0332,1.0863,-6e-4,1.148,0.1552,0.1154,0.0141,58.4839
2026-01-05,22:00:00,5.916,0.0041,1,9.7918,1,1.5282,1,0.6486,0,0.0339,1,-9e-4,0,-0,-0,-0,18.5055,440.2651,442.8623,0.2,0,246.4973,5.8644,5.899,-0.6,0,0.099,2.1835,2.1963,-0.1,0,273.5011,273.6497,95202.14,1.2093,1008.3312,0.0239,0.0022,0.0044,558.4573,631.9009,0.0037,88.3774,73.4436,271.9183,1.3438,2.3294,313.3449,0.0584,0.1043,-1.7105,-1.6955,6.4076,0.1375,33.8197,15,26,43,63,98,211,0.0041,1.0108,9.7549,1.0139,1.4058,1.087,0.5967,1.087,0.0312,1.087,-0.0042,1.1479,0.1343,0.0604,0.014,57.512
2026-01-05,22:30:00,5.937,0.0028,1,7.2191,0,0.0577,2,2.0186,0,0.0013,2,-0.0047,0,0,0,0,18.4642,439.061,441.6362,0.1,0,245.2176,5.831,5.8652,0.5,0,0.0992,2.186,2.1988,-0.1,0,273.382,273.5285,95201.7471,1.2099,1008.3113,0.0239,1e-4,0.0044,555.2729,626.3827,0.0036,88.6475,71.1098,271.8404,1.4961,2.7761,314.052,0.0479,0.0931,-1.2828,-2.2607,125.0419,0.1235,42.1415,19,33,53,78,120,256,0.0028,1.0101,7.1383,1.0136,0.0531,1.0879,1.8555,1.0879,0.0012,1.0879,-0.0068,1.1482,0.1236,0.0483,0.0143,56.686
2026-01-05,23:00:00,5.958,0.005,1,10.1326,0,0.2227,2,0.7444,0,0.0049,2,-0.0049,0,0,0,0,18.3401,436.4992,439.0877,0.1,0,247.6938,5.8952,5.9301,0.4,0,0.0993,2.191,2.204,-0.1,0,273.5332,273.6695,95157.8602,1.2087,1008.3483,0.0239,3e-4,0.0044,561.1217,632.8079,0.0037,88.6717,71.6862,271.9832,1.5213,2.6417,318.6798,0.0645,0.1685,-2.2265,-1.3025,45.5022,0.1289,38.6518,17,30,49,72,113,244,0.005,1.01,10.0272,1.0136,0.2047,1.0881,0.6841,1.0881,0.0045,1.0881,-0.008,1.1482,0.1791,0.1406,0.0173,55.6525
2026-01-05,23:30:00,5.979,0.0114,1,8.1135,1,0.8234,2,0.1871,2,0.0183,2,-4e-4,0,-0,-0,-0,18.3186,436.0655,438.6559,0.1,0,248.0725,5.9052,5.9403,0.1,1,0.0992,2.19,2.203,-0.1,0,273.6069,273.7341,95152.9595,1.2083,1008.3547,0.0239,0.0012,0.0044,562.052,635.7706,0.0037,88.4049,73.7185,272.0058,1.5886,2.9398,314.2539,0.0973,0.2053,-9.5539,-0.3035,9.8538,0.0684,39.3906,17,31,52,80,129,302,0.0113,1.0098,8.0632,1.0135,0.7564,1.0886,0.1719,1.0886,0.0168,1.0886,-0.0031,1.1484,0.2262,0.1654,0.0189,54.7997
2026-01-06,00:00:00,6,0.0154,0,9.2443,0,-0.0469,2,-0.5398,0,-0.001,2,6e-4,0,0,0,0,18.3021,435.8665,438.4737,0.1,1,249.682,5.9462,5.9818,0.1,1,0.099,2.1841,2.1971,-0.1,0,273.6462,273.7696,95139.2834,1.208,1008.3777,0.0239,-1e-4,0.0045,565.8685,637.4043,0.0037,88.777,71.5359,272.0981,1.6821,3.1572,310.5205,0.1127,0.2278,-13.0352,-0.2225,-197.0215,0.0673,37.3617,17,30,50,78,128,306,0.0152,1.0095,9.1369,1.0134,-0.0431,1.0892,-0.4956,1.0892,-0.001,1.0892,-0.0025,1.1487,0.2182,0.2128,0.0246,54.1294
2026-01-06,00:30:00,6.02,0.0077,1,4.7638,1,-0.5258,1,1.7826,1,-0.0117,1,-0.0032,1,0,0,0,18.186,433.5405,436.1645,0.1,0,252.3611,6.0161,6.0525,0.1,1,0.0985,2.1754,2.1886,0,0,273.8736,273.9899,95091.7123,1.2064,1008.419,0.024,-8e-4,0.0045,572.2354,647.6224,0.0038,88.3594,75.387,272.2509,1.724,3.2613,312.5396,0.08,0.2944,-9.0302,-0.3211,-9.0605,0.049,54.5913,24,43,72,109,176,406,0.0076,1.0094,4.6827,1.0134,-0.4826,1.0896,1.6361,1.0896,-0.0107,1.0896,-0.0045,1.1489,0.3144,0.246,0.0284,58.9997
2026-01-06,01:00:00,6.041,0.0091,1,6.2072,0,-0.3513,2,0.9181,0,-0.0078,2,-2e-4,1,0,0,0,18.1945,434.17,436.8344,0.1,0,255.5968,6.0992,6.1367,0.1,1,0.0979,2.1639,2.1772,-0.1,0,273.9046,274.0317,95047.593,1.2056,1008.4651,0.024,-5e-4,0.0046,579.872,649.5807,0.0038,89.2687,69.7088,272.4322,1.7453,2.8795,313.8252,0.0867,0.1482,-8.8392,-0.3281,-17.6707,0.0589,50.0105,22,39,66,100,162,372,0.009,1.0093,6.119,1.0134,-0.3223,1.0898,0.8425,1.0898,-0.0072,1.0898,-0.0022,1.149,0.1906,0.0916,0.0141,61.0134
2026-01-06,01:30:00,6.062,0.0124,1,13.8574,1,5.4958,1,-2.2158,2,0.1221,1,2e-4,1,-0,-0,-0,18.0617,431.5592,434.2665,0.1,1,260.9088,6.234,6.2731,0.1,1,0.0975,2.1588,2.1724,-0.1,0,274.3497,274.4549,95030.8615,1.2034,1008.5449,0.024,0.0079,0.0047,592.5852,669.6785,0.0039,88.488,77.0934,272.7294,1.6536,3.0051,309.8487,0.1017,0.1763,-6.3771,-0.4548,2.5214,0.1123,35.4698,16,28,46,70,112,255,0.0123,1.0096,13.9867,1.0134,5.0465,1.089,-2.0347,1.089,0.1122,1.089,-0.0047,1.1486,0.1749,0.1527,0.0251,58.7151
2026-01-06,02:00:00,6.083,0.0199,0,7.2162,1,2.2992,1,1.448,0,0.0511,1,-0.0029,1,-0,-0,-0,18.1194,433.4253,436.2109,0,0,266.9614,6.3859,6.4269,0.1,1,0.097,2.1512,2.165,-0.2,0,274.5723,274.6701,95040.8205,1.2026,1008.6313,0.024,0.0033,0.0048,607.0805,680.1059,0.004,89.2626,73.0254,273.0614,1.3971,2.644,313.9675,0.1285,0.1733,-24.7126,-0.1173,3.1385,0.0463,26.5498,12,22,37,59,101,260,0.0197,1.0105,7.2525,1.0138,2.1146,1.0873,1.3317,1.0873,0.047,1.0873,-0.0052,1.148,0.1655,0.1609,0.0201,55.9391
2026-01-06,02:30:00,6.104,0.0623,1,21.2769,1,3.1893,1,-1.9036,1,0.0709,1,-0.0056,1,0,0,0,18.0556,432.3714,435.1906,0.1,1,270.5275,6.4782,6.5205,0.1,1,0.0968,2.1501,2.1641,0,1,274.9015,274.9963,95021.4724,1.2008,1008.6866,0.0241,0.0046,0.0049,615.7365,696.1881,0.004,88.444,80.4516,273.2564,1.3196,3.3928,313.4166,0.2277,0.4649,-46.6282,-0.0622,6.6714,0.0771,92.4078,-14.0232,31.7206,78.9888,120.4629,168.9509,253.1192,0.0616,1.0109,21.194,1.014,2.9343,1.0869,-1.7514,1.0869,0.0652,1.0869,-0.0123,1.1479,0.3389,0.5574,0.0335,54.8833
2026-01-06,03:00:00,6.124,0.0462,1,16.1417,1,3.4111,1,-2.3527,1,0.0759,1,-6e-4,1,-0,-0,-0,17.925,429.9387,432.8135,0.1,1,276.9277,6.6422,6.6867,0.6,0,0.0964,2.1465,2.1609,0,1,275.4823,275.5747,95002.2057,1.198,1008.7849,0.0241,0.0049,0.005,631.1969,725.5365,0.0041,86.9973,94.3396,273.5986,1.3128,3.0791,326.8772,0.1964,0.5695,-39.4498,-0.0735,4.7321,0.068,13.3469,6,11,20,32,56,155,0.0457,1.0109,16.1317,1.014,3.1384,1.0869,-2.1646,1.0869,0.0698,1.0869,-0.006,1.1479,0.4298,0.6841,0.0252,54.5281
2026-01-06,03:30:00,6.145,0.0862,1,13.8307,1,6.7452,1,-0.8602,1,0.1501,1,-0.0036,1,0,0,0,17.8389,428.6703,431.6065,0.1,1,283.1077,6.8031,6.8497,0.1,1,0.0963,2.1503,2.165,0,1,276.0649,276.1092,94958.9954,1.1951,1008.8811,0.0242,0.0097,0.0051,646.1893,753.6194,0.0042,85.7448,107.4301,273.9234,0.993,3.0852,331.5104,0.2686,0.5924,-117.6329,-0.0247,2.0504,0.0427,118.7528,-18.0212,40.764,101.5081,154.8063,217.118,325.2824,0.0851,1.0131,14.0085,1.0151,6.2112,1.086,-0.7921,1.086,0.1383,1.086,-0.0083,1.1485,0.4091,0.7507,0.0249,54.9128
2026-01-06,04:00:00,6.166,0.0398,1,5.3249,1,3.8627,1,-0.6961,1,0.086,1,1e-4,1,0,0,0,17.6949,426.2824,429.296,0.1,1,291.3858,7.0197,7.0693,0.1,1,0.0958,2.1463,2.1615,0,1,276.8279,276.8684,94969.179,1.1918,1009.0115,0.0242,0.0056,0.0052,666.8311,795.1694,0.0044,83.8603,128.3384,274.3599,0.9186,2.5269,329.7983,0.1827,0.4005,-96.2181,-0.0301,1.3786,0.0242,8.42,4,7,13,22,40,122,0.0392,1.0138,5.4588,1.0156,3.5567,1.086,-0.641,1.086,0.0792,1.086,-0.0019,1.1489,0.2354,0.5367,0.0287,55.6246
2026-01-06,04:30:00,6.187,0.0488,1,4.0349,1,4.6535,1,0.3337,1,0.1036,1,-2e-4,1,0,0,0,17.7583,427.6995,430.6656,0.1,1,285.9556,6.8871,6.9349,0.1,1,0.0961,2.1478,2.1627,0,1,276.3954,276.4306,94964.01,1.1937,1008.9321,0.0242,0.0067,0.0051,654.2016,770.9698,0.0043,84.8544,116.7682,274.0943,1.5733,3.2402,316.218,0.2022,0.3943,-172.0665,-0.0169,0.8671,0.0166,88.1907,-13.3833,30.273,75.384,114.9654,161.2406,241.5679,0.0483,1.0098,4.2344,1.0135,4.2754,1.0884,0.3065,1.0884,0.0952,1.0884,-0.0017,1.1484,0.2901,0.4688,0.0297,55.7279
2026-01-06,05:00:00,6.208,0.0304,0,-4.5134,2,4.6284,1,0.8406,1,0.1031,1,0.003,1,-0,-0,-0,17.7127,426.4302,429.4031,0.1,1,287.5688,6.9232,6.9714,-0.6,0,0.0956,2.1374,2.1523,0.3,0,276.4531,276.4548,94942.0058,1.1933,1008.9523,0.0242,0.0067,0.0052,657.4763,772.2881,0.0043,85.1336,114.8118,274.1636,1.8647,3.2008,307.5614,0.1595,0.2402,75.5482,0.0384,-0.9752,-0.0235,26.2956,11,24,47,85,175,675,0.0301,1.0075,-4.223,1.0141,4.15,1.1153,0.7537,1.1153,0.0924,1.1153,0.0038,1.1967,0.2173,0.2316,0.0314,55.3025
2026-01-06,05:30:00,6.229,0.0132,1,-1.68,1,3.0314,0,0.5513,0,0.0675,0,4e-4,1,0,0,0,17.6809,425.6578,428.6183,0.1,1,286.9069,6.9071,6.9552,0.1,1,0.0953,2.1296,2.1444,-0.2,0,276.3316,276.343,94929.967,1.1936,1008.9418,0.0242,0.0044,0.0051,655.8677,766.2088,0.0043,85.5991,110.3411,274.1296,1.6374,3.3761,310.4201,0.1052,0.257,58.2084,0.0498,-0.5542,-0.0133,38.0422,17,34,69,127,267,1066,0.0131,1.0078,-1.5046,1.0144,2.7158,1.1162,0.4939,1.1162,0.0605,1.1162,7e-4,1.2013,0.2644,0.2233,0.0262,55.0999
2026-01-06,06:00:00,6.249,0.0028,2,-3.2647,1,-1.0684,2,1.4412,1,-0.0238,2,0.0021,1,-0,-0,-0,17.7923,427.8003,430.7164,0.1,1,281.5834,6.7704,6.8166,-0.6,0,0.0953,2.1237,2.1382,-0.1,0,275.7344,275.7569,94913.169,1.196,1008.858,0.0242,-0.0015,0.0051,642.7738,735.0057,0.0042,87.4515,92.232,273.85,1.9295,3.2165,308.0855,0.0484,0.1464,2.9165,0.9943,3.0558,-0.0559,214.9931,95,217,495,1041,2668,NA,0.0027,1.0272,-3.1435,1.055,-0.7402,1.4434,0.9985,1.4434,-0.0165,1.4434,0.0021,1.7451,0.1321,0.1413,0.0195,54.3133
2026-01-06,06:30:00,6.27,0.0159,0,11.6111,0,0.2302,1,-2.0895,1,0.0051,1,-2e-4,0,-0,-0,-0,17.864,429.2135,432.1216,0.1,0,280.1022,6.7299,6.7755,0.1,1,0.0953,2.1207,2.135,0.1,0,275.5409,275.5588,94903.7238,1.1968,1008.8329,0.0241,3e-4,0.005,638.868,724.712,0.0042,88.1547,85.844,273.7656,2.0731,3.0638,305.6527,0.1153,0.0992,-11.0946,-0.2614,50.4453,0.0834,45.8039,20,36,61,93,152,358,0.0158,1.0087,11.4953,1.0133,0.2107,1.0927,-1.9123000000000001,1.0927,0.0047,1.0927,-0.0039,1.1506,0.0961,0.076,0.0262,53.681
2026-01-06,07:00:00,6.291,0.0241,1,13.1906,1,4.6422,1,-1.1326,1,0.1033,1,5e-4,1,0,0,0,17.8189,428.6273,431.6021,0.1,1,286.5283,6.8923,6.9402,0.4,0,0.0951,2.1217,2.1364,0.9,0,275.9402,275.9349,94890.0699,1.1949,1008.9276,0.0242,0.0067,0.0051,654.189,744.3577,0.0043,87.8864,90.1687,274.094,1.8341,2.9906,307.3052,0.142,0.1587,-18.2439,-0.159,2.8414,0.077,32.5073,14,26,45,70,117,291,0.0239,1.0091,13.2887,1.0133,4.257,1.0905,-1.0386,1.0905,0.0947,1.0905,-0.004,1.1493,0.2166,0.0795,0.0214,53.7541
2026-01-06,07:30:00,6.312,0.0076,1,4.3111,0,1.791,1,0.08,2,0.0399,1,-7e-4,0,-0,-0,-0,17.8121,429.0394,432.0678,0,0,290.9943,7.0092,7.0587,0.1,1,0.0951,2.1243,2.1393,0.1,0,276.1973,276.191,94881.9397,1.1937,1008.9957,0.0242,0.0026,0.0052,665.22260000000006,758.0056,0.0044,87.7596,92.783,274.3263,1.9457,3.0058,310.2588,0.0795,0.1176,-9.7973,-0.296,2.4071,0.045,64.6174,29,51,85,129,209,483,0.0075,1.0089,4.3578,1.0133,1.6409,1.0915,0.0733,1.0915,0.0365,1.0915,-0.0022,1.1499,0.1386,0.0802,0.0164,54.1764
2026-01-06,08:00:00,6.333,0.003,1,-3.4432,2,-1.7082,2,1.3744,2,-0.038,2,-0.0014,2,0,0,0,17.9305,431.5614,434.5785,0,0,288.4506,6.9426,6.9911,0.1,1,0.0951,2.1217,2.1366,0,1,276.031,276.0373,94902.095,1.1946,1008.9568,0.0242,-0.0025,0.0052,659.0422,749.7894,0.0043,87.897,90.7473,274.1966,1.4483,2.4318,304.5287,0.0504,0.0991,3.1203,0.9294,2.0157,-0.0567,131.8768,58,132,296,611,1530,9071,0.003,1.0252,-3.3529,1.051,-1.217,1.4036,0.9792,1.4036,-0.0271,1.4036,-1e-4,1.702,0.1103,0.0725,0.0155,54.0748
2026-01-06,08:30:00,6.354,0.009,1,-0.4556,1,1.8133,1,0.7846,1,0.0404,1,-0.0018,1,0,0,0,17.7916,428.5127,431.5497,0.2,0,292.1867,7.0373,7.0872,0.1,1,0.0951,2.1254,2.1404,0,1,276.2651,276.3054,94878.7703,1.1931,1009.0129,0.0242,0.0026,0.0052,667.8739,764.1726,0.0044,87.3983,96.2988,274.3817,1.3344,2.4839,319.4403,0.0868,0.1738,120.3458,0.0241,-0.2512,-0.0044,38.5094,17,34,67,120,244,905,0.0089,1.0077,-0.3567,1.013,1.6457,1.1019,0.7121,1.1019,0.0366,1.1019,-0.0016,1.1802,0.165,0.1741,0.0086,54.5008
2026-01-06,09:00:00,6.374,0.0081,0,4.3867,1,1.3544,1,-0.4901,1,0.0302,1,9e-4,2,-0,-0,-0,17.8025,429.7056,432.8268,0.1,1,298.7586,7.2113,7.2636,-0.5,0,0.0948,2.1232,2.1386,0,1,276.746,276.7867,94894.208,1.1911,1009.1158,0.0243,0.002,0.0054,684.4899,790.603,0.0045,86.5782,106.1132,274.724,1.3932,2.311,310.3737,0.0824,0.1076,-10.7268,-0.2704,3.2388,0.0443,42.1455,19,33,56,86,140,329,0.008,1.0105,4.4083,1.0138,1.2457,1.0873,-0.4508,1.0873,0.0277,1.0873,-6e-4,1.148,0.1165,0.087,0.0118,55.687
2026-01-06,09:30:00,6.395,0.005,1,3.3844,2,2.5904,1,0.4899,1,0.0578,1,-6e-4,2,0,0,0,17.5224,426.9016,430.237,-0.1,0,318.2053,7.7525,7.8131,0.1,1,0.0941,2.1306,2.1472,0,1,278.995,279.0432,94908.7804,1.1815,1009.4491,0.0244,0.0037,0.0057,735.9783,925.6111,0.0048,79.5127,189.6328,275.7398,1.7051,2.8385,306.6613,0.0653,0.1343,-6.904,-0.42,1.3065,0.0435,63.8743,28,50,83,125,200,450,0.005,1.0094,3.4856,1.0134,2.3778,1.0894,0.4497,1.0894,0.0531,1.0894,-0.0018,1.1488,0.1432,0.1108,0.0145,56.4594
2026-01-06,10:00:00,6.416,0.0406,0,-17.0407,1,8.1081,1,1.5245,1,0.1815,1,-0.0083,2,-0,-0,-0,17.1552,426.0521,429.4507,0.1,1,318.6523,7.9138,7.9769,0.1,1,0.0939,2.1529,2.1701,0,1,281.6593,281.8789,94899.6511,1.1694,1009.5863,0.0247,0.0118,0.0058,751.2168,1123.8827000000001,0.0049,66.8412,372.6659,276.0284,0.6473,2.8994,356.7383,0.1862,0.4812,31.8283,0.0911,-2.1017,-0.0775,3.5198,2,3,6,12,24,97,0.0401,1.011,-16.3708,1.0173,7.2096,1.1246,1.3556,1.1246,0.1614,1.1246,-0.0027,1.2279,0.416,0.4762,0.0702,58.1031
2026-01-06,10:30:00,6.437,0.2623,1,-163.2944,2,61.9367,1,-32.6768,1,1.389,1,NA,4,0,0,0,16.9777,424.6634,428.0888,0.1,1,319.8959,8.0016,8.0661,0.1,1,0.093,2.152,2.1694,0,0,283.308,283.9208,94851.762,1.1604,1009.6726,0.0249,0.09,0.0058,759.1672,1288.9603,0.005,58.8976,529.7932,276.177,0.1178,4.3575,226.87,0.4754,0.6364,55.247,0.0525,-2.6365,-0.2932,60.2585,-9.1445,20.6848,51.508,78.553,110.1717,165.0572,0.2538,1.0332,-156.1801,1.0268,55.135,1.1234,-29.0884,1.1234,1.2364,1.1234,-0.1883,1.2203,0.1128,0.7345,0.4256,59.4672
2026-01-06,11:00:00,6.458,0.0868,0,29.5731,0,8.7062,1,-2.074,1,0.1954,1,-0.0084,1,0,0,0,17.0006,427.6359,430.9756,0.1,1,308.0736,7.7493,7.8098,0.1,1,0.0941,2.1845,2.2015,0.1,0,283.4145,284.6612,94788.7623,1.1567,1009.5483,0.025,0.0127,0.0056,734.7448,1353.8798,0.0048,54.2696,619.135,275.7162,0.5859,3.4572,178.443,0.274,0.4035,-58.3432,-0.0497,3.3968,0.0924,66.5016,-10.0919,22.8279,56.8446,86.6916,121.5862,182.1583,0.0852,1.0193,29.5667,1.019,7.9991,1.0884,-1.9056,1.0884,0.1795,1.0884,-0.0179,1.1531,0.351,0.3456,0.1104,61.6797
2026-01-06,11:30:00,6.479,0.0943,1,6.1659,2,-0.4341,2,4.9738,1,-0.0097,2,0.0251,1,0,0,0,17.1709,432.7151,436.0523,0.1,1,303.6929,7.6532,7.7122,0.1,1,0.0948,2.2014,2.2184,0,1,283.4721,284.5639,94707.6428,1.1561,1009.4935,0.025,-6e-4,0.0055,725.0102,1345.1873,0.0048,53.8966,620.1771,275.5288,0.4836,2.7765,204.4382,0.2855,0.382,-316.6133,-0.0092,-14.2052,0.0185,72.8518,-11.0555,25.0077,62.2727,94.9697,133.1964,199.5525,0.0922,1.0223,6.0303,1.021,-0.3981,1.0904,4.5613,1.0904,-0.0089,1.0904,0.0214,1.1558,0.1966,0.4718,0.0955,62.2577
2026-01-06,12:00:00,6.499,0.0928,1,35.1249,1,3.7387,1,1.2325,2,0.0839,1,0.0139,2,0,0,0,17.0008,429.8329,433.1087,0.1,1,299.1505,7.5635,7.6211,0.1,1,0.0935,2.1778,2.1944,0,1,284.3584,285.2281,94651.6337,1.1528,1009.4575,0.0251,0.0054,0.0054,716.0866,1405.5222,0.0047,50.9481,689.4356,275.3551,0.9733,3.1631,161.3566,0.2837,0.2809,-54.5038,-0.0532,9.3951,0.1064,88.335,-13.4052,30.3225,75.5074,115.1535,161.5045,241.9631,0.0916,1.0133,34.885,1.0153,3.4426,1.086,1.1349,1.086,0.0773,1.086,0.0014,1.1486,0.3722,0.1315,0.0583,62.8269
2026-01-06,12:30:00,6.52,0.1031,0,-11.0342,2,-7.2735,2,1.3268,2,-0.1633,2,0.0113,2,0,0,0,16.8256,426.5635,429.9658,0.1,1,312.1258,7.913,7.9761,0.3,0,0.0924,2.1522,2.1694,0.9,0,285.0715,285.3342,94602.0444,1.1516,1009.6516,0.0251,-0.0106,0.0057,748.7874,1415.3774,0.0049,52.9037,666.5899,275.9828,0.8193,7.5991,58.0751,0.2992,1.2278,203.4441,0.0143,1.517,-0.0317,69.6314,-10.5668,23.9022,59.5199,90.7716,127.3085,190.7313,0.1021,1.0094,-11.3103,1.0134,-6.6322,1.0967,1.2098,1.0967,-0.1489,1.0967,0.0143,1.1758,0.9223,1.4158,0.1174,62.2682
2026-01-06,13:00:00,6.541,0.1712,0,-8.7364,0,-0.2481,2,1.0469,0,-0.0056,2,0.0052,1,-0,-0,-0,16.7342,425.4857,429.1572,0,0,336.47,8.5552,8.629,0.1,1,0.0915,2.1416,2.1601,-0.8,0,286.0767,286.3047,94523.8595,1.1465,1010.0245,0.0252,-4e-4,0.0061,808.8828,1508.3854,0.0053,53.6257,699.5026,277.0757,0.6771,4.2584,83.4386,0.3864,1.079,553.1574,0.0052,35.2169,-0.0195,73.5768,-11.1656,25.2565,62.8923,95.9148,134.5218,201.5382,0.1694,1.0104,-8.657,1.0135,-0.227,1.0926,0.9582,1.0926,-0.0051,1.0926,0.0075,1.1691,0.9388,1.0485,0.1707,62.0357
2026-01-06,13:30:00,6.562,0.1051,0,3.1518,2,4.1133,1,0.854,1,0.0926,1,0.0107,0,-0,-0,-0,16.6733,426.3308,430.0457,0.1,1,337.8374,8.6384,8.7137,0.1,1,0.091,2.1428,2.1615,0,1,286.9344,287.5142,94465.1321,1.1409,1010.0957,0.0253,0.006,0.0062,816.2457,1631.7763,0.0054,50.0219,815.5305,277.2046,1.0057,4.6261,129.2493,0.3035,0.9129,-742.8985,-0.0039,0.7662,0.009,58.1788,-8.8289,19.9709,49.7304,75.8419,106.3694,159.3607,0.1038,1.013,3.3411,1.0151,3.7876,1.086,0.7864,1.086,0.0852,1.086,0.0087,1.1484,0.7807,0.8556,0.1894,62.5355
2026-01-06,14:00:00,6.583,0.1311,0,7.7926,1,-4.4258,2,-0.7739,2,-0.0996,2,-0.0014,2,0,0,0,16.6168,426.1806,429.7982,0.1,1,328.185,8.4171,8.4886,0.1,1,0.0909,2.1438,2.162,0,0,287.2795,287.8245,94425.2389,1.1393,1009.9807,0.0253,-0.0065,0.006,795.0036,1664.8305,0.0053,47.7528,869.8269,276.8298,0.5479,3.7064,106.0636,0.3392,0.5235,-419.1254,-0.0069,-1.7607,0.02,77.242,-11.7218,26.5147,66.0253,100.6927,141.223,211.5777,0.1285,1.0203,7.4184,1.0197,-4.064,1.089,-0.7106,1.089,-0.0915,1.089,-0.0035,1.154,0.4276,0.503,0.1164,62.53
2026-01-06,14:30:00,6.604,0.2656,0,-45.7416,1,-17.2048,2,3.609,2,-0.3874,2,0.0298,2,-0,-0,-0,16.5348,424.3874,427.9144,0.1,1,321.135,8.2424,8.3109,0.1,1,0.0906,2.1406,2.1584,0,1,288.2678,288.2309,94412.3594,1.1376,1009.8935,0.0254,-0.0251,0.0059,778.3903,1709.0033,0.0051,45.5464,930.6131,276.5305,0.7532,6.5179,111.8475,0.4832,0.9035,206.459,0.014,2.6587,-0.0824,83.2737,-12.6371,28.5852,71.1811,108.5557,152.2508,228.0995,0.2631,1.0098,-46.1937,1.0136,-15.6928,1.0964,3.2918,1.0964,-0.3534,1.0964,0.0426,1.1756,0.9515,0.6596,0.1958,62.5009
2026-01-06,15:00:00,6.624,0.3589,1,-34.8893,1,-25.085,2,3.9168,2,-0.5648,2,0.0407,2,-0,-0,-0,16.5355,423.6481,427.3051,0.1,0,334.04,8.5583,8.6321,0.1,1,0.0911,2.1504,2.169,-0.3,0,288.4535,288.0537,94397.495,1.138,1010.0632,0.0254,-0.0366,0.0061,808.096,1689.6144,0.0053,47.8272,881.5184,277.0618,1.2976,12.5923,117.2263,0.5616,2.1301,424.8876,0.0068,1.3908,-0.054,89.4097,-13.5683,30.6915,76.4261,116.5546,163.4695,244.9071,0.3562,1.0076,-35.9377,1.0124,-22.8791,1.0964,3.5724,1.0964,-0.5151,1.0964,0.0499,1.1711,2.7103,1.3285,0.2215,62.4673
2026-01-06,15:30:00,6.645,0.3326,0,-46.5244,0,-5.8829,1,1.032,0,-0.1325,1,0.0119,0,-0,-0,-0,16.2561,416.8808,420.8961,0.1,0,372.0062,9.54,9.6318,0.5,0,0.0878,2.0781,2.0982,-0.3,0,289.0787,288.5752,94394.2557,1.1355,1010.6153,0.0254,-0.0086,0.0068,900.7588,1747.2293,0.006,51.5536,846.4704,278.6152,2.2007,9.809,82.3242,0.5412,2.8967,285.2606,0.0102,7.9084,-0.0749,65.6855,-9.968,22.5477,56.147,85.6277,120.094,179.9227,0.3304,1.0069,-46.386,1.0131,-5.3114,1.1076,0.9318,1.1076,-0.1196,1.1076,0.0252,1.1797,2.6876,2.6611,0.4446,62.2355
2026-01-06,16:00:00,6.666,0.3413,0,-49.3452,0,-2.8284,2,1.2005,0,-0.0637,2,0.0086,0,-0,-0,-0,16.2708,416.9573,421.0487,0,0,379.1898,9.7172,9.8125,0.7,0,0.0882,2.0863,2.1068,-0.3,0,288.9167,288.3761,94404.9412,1.1363,1010.7087,0.0254,-0.0041,0.0069,917.5945,1725.0355,0.0061,53.1928,807.441,278.8821,2.1223,8.475,79.7892,0.5481,2.7599,279.2842,0.0104,17.4466,-0.0784,69.929,-10.612,24.0044,59.7743,91.1595,127.8525,191.5464,0.339,1.0069,-49.0181,1.013,-2.5557,1.1067,1.0847,1.1067,-0.0576,1.1067,0.0229,1.1792,2.4876,2.6424,0.3899,62.0356
2026-01-06,16:30:00,6.687,0.0708,1,-45.5469,1,-6.2624,1,0.2969,1,-0.141,1,0.0021,1,-0,-0,-0,16.2989,417.2941,421.4343,0.1,0,383.7114,9.824,9.9215,0.1,1,0.088,2.0811,2.1018,-0.3,0,288.853,288.2773,94388.3372,1.1364,1010.7656,0.0254,-0.0091,0.007,927.5214,1714.117,0.0061,54.1107,786.5956,279.0375,1.8563,6.2636,83.1279,0.2495,1.5945,28.5572,0.1016,7.2731,-0.1589,42.7707,-6.4906,14.6818,36.5597,55.7559,78.1984,117.1554,0.0701,1.0088,-45.2373,1.0175,-5.4773,1.1433,0.2596,1.1433,-0.1233,1.1433,0.0152,1.2439,1.5909,1.3219,0.2763,61.8529
2026-01-06,17:00:00,6.708,0.1458,0,-77.5158,0,-6.6542,1,2.9599,0,-0.1498,1,-0.0025,0,0,0,0,16.3486,418.0077,422.1405,0.1,0,382.8906,9.7899,9.8867,0.1,1,0.0882,2.0835,2.1041,-0.3,0,288.7693,288.2027,94393.3167,1.1368,1010.7452,0.0254,-0.0097,0.0069,924.3523,1705.9052,0.0061,54.1854,781.5529,278.9881,1.1573,6.3639,93.737,0.3582,1.1561,49.6107,0.0585,11.6491,-0.1884,59.4753,-9.0256,20.416,50.8386,77.5321,108.7398,162.9121,0.1446,1.0086,-76.9717,1.015,-5.9599,1.1165,2.651,1.1165,-0.1342,1.1165,0.021,1.208,1.3211,0.7415,0.2496,61.7654
2026-01-06,17:30:00,6.729,0.2579,0,-66.7058,0,-15.7171,1,1.1194,0,-0.354,1,0.0058,0,0,0,0,16.308,417.17,421.2077,0,0,374.7306,9.5858,9.6786,0.7,0,0.0883,2.0898,2.1101,-0.3,0,289.0792,288.5223,94388.7768,1.1356,1010.6394,0.0254,-0.0229,0.0068,905.0392,1741.3043,0.006,51.9748,836.2651,278.6835,1.7456,7.3107,86.675,0.4766,1.737,135.8053,0.0214,4.2442,-0.122,67.6502,-10.2662,23.2221,57.8264,88.1889,123.6862,185.3044,0.2561,1.0073,-66.8959,1.0133,-14.1945,1.1073,1.0109,1.1073,-0.3197,1.1073,0.0263,1.1847,1.9127,1.241,0.3202,61.7136
2026-01-06,18:00:00,6.749,0.2671,1,NA,4,-39.0541,1,10.7672,1,-0.8786,1,-0.0287,1,-0,-0,-0,16.453,419.7263,423.7923,0.2,0,376.0909,9.5943,9.6873,0.1,1,0.089,2.0954,2.1157,-0.1,0,287.7501,287.2848,94398.1167,1.1406,1010.6177,0.0253,-0.0569,0.0068,905.9295,1607.7095,0.006,56.3491,701.78,278.6976,0.6617,4.2735,90.2085,0.4839,0.6191,36.8381,0.0787,6.5941,-0.4616,97.9251,-14.8605,33.6145,83.7049,127.6552,179.0383,268.232,0.2643,1.0108,-256.1459,1.0168,-34.8328,1.1212,9.6034,1.1212,-0.7837,1.1212,0.0525,1.2215,0.6733,0.434,0.131,61.5925
2026-01-06,18:30:00,6.77,0.367,1,NA,4,-50.8089,1,9.8283,1,-1.1414,1,-0.0464,1,0,0,0,16.62,422.2581,426.3425,0.1,1,377.0666,9.58,9.6727,0.1,1,0.09,2.1029,2.1232,0,1,286.1202,285.7725,94383.2162,1.1465,1010.5789,0.0252,-0.074,0.0069,904.4348,1456.7356,0.006,62.0864,552.3008,278.67380000000003,0.337,3.0509,116.7206,0.5658,0.5703,68.7969,0.0422,4.3366,-0.3361,96.6748,-14.6708,33.1853,82.6362,126.0254,176.7524,264.8073,0.3614,1.0155,-219.8996,1.0178,-45.8129,1.1091,8.8619,1.1091,-1.0292,1.1091,0.0276,1.1997,0.6228,0.3329,0.1849,61.2161
2026-01-06,19:00:00,6.791,0.3454,1,-108.9664,1,-20.4238,1,3.3721,1,-0.4587,1,-0.0036,1,-0,-0,-0,16.6814,422.489,426.5561,0.1,1,376.4659,9.5347,9.6265,0.1,1,0.0904,2.1086,2.1289,0,1,285.8514,285.4588,94386.1038,1.1478,1010.5477,0.0251,-0.0297,0.0068,900.1873,1427.0308,0.006,63.0811,526.8435,278.606,0.5949,3.3221,114.4015,0.5486,0.8701,126.8126,0.0229,5.3353,-0.1712,106.6017,-16.1772,36.5929,91.1215,138.9661,194.9019,291.9985,0.3416,1.0111,-108.8295,1.0147,-18.5713,1.0997,3.0662,1.0997,-0.4171,1.0997,0.0313,1.1826,0.9893,0.6147,0.1361,60.8555
2026-01-06,19:30:00,6.812,0.4641,1,-155.0446,1,-29.0027,1,5.0437,1,-0.6524,1,-0.006,1,0,0,0,16.5156,419.6648,423.8626,0.1,1,389.7492,9.9036,10.0027,0.1,1,0.0895,2.1053,2.1264,-0.2,0,287.493,287.0504,94385.8793,1.1412,1010.7837,0.0253,-0.0423,0.0071,935.0111,1583.4445,0.0062,59.0492,648.4335,279.1538,1.3167,8.8373,95.4263,0.6377,1.8917,139.9759,0.0207,5.3459,-0.2108,88.8753,-13.4872,30.508,75.9693,115.8579,162.4924,243.4432,0.4605,1.0077,-155.1078,1.0131,-26.3065,1.1025,4.5749,1.1025,-0.5917,1.1025,0.0436,1.1815,2.1966,1.2971,0.2898,60.8461
2026-01-06,20:00:00,6.833,0.2242,0,-112.8518,0,-45.3088,1,3.2852,0,-1.0199,1,-0.0025,0,-0,-0,-0,16.3987,418.5414,422.9301,0.2,0,406.5707,10.3768,10.4856,0.1,1,0.0891,2.1022,2.1243,-0.3,0,288.5395,287.8883,94386.5319,1.1377,1011.063,0.0254,-0.0661,0.0074,979.6951,1671.6966,0.0065,58.6048,692.0014,279.8308,1.6558,8.5441,75.716,0.4439,1.6537,64.9011,0.0447,2.4907,-0.221,72.0629,-10.9358,24.7369,61.5983,93.9413,131.754,197.3916,0.2225,1.0078,-114.0735,1.0144,-40.5745,1.1167,2.9419,1.1167,-0.9134,1.1167,0.0342,1.2019,1.9401,1.13,0.2373,61.0294
2026-01-06,20:30:00,6.854,0.1277,1,-40.3527,0,-1.5947,2,1.1802,1,-0.0359,2,0.0054,0,-0,-0,-0,16.3624,418.4275,423.0334,0,0,425.7663,10.8879,11.0078,0.1,1,0.0891,2.1056,2.1288,-0.3,0,288.7652,288.0567,94400.4379,1.137,1011.3497,0.0254,-0.0023,0.0077,1028.1012,1689.946,0.0068,60.8363,661.8447,280.5341,2.3762,7.767,78.9926,0.3351,1.8846,78.1027,0.0371,25.304,-0.1047,53.2588,-8.0822,18.282,45.5248,69.4282,97.374,145.884,0.1268,1.0075,-39.9874,1.0148,-1.4201,1.1229,1.051,1.1229,-0.032,1.1229,0.017,1.2024,1.9243,1.5569,0.288,60.8823
2026-01-06,21:00:00,6.874,0.1805,0,-61.5309,0,-14.0856,0,1.6042,0,-0.3171,0,0.003,0,-0,-0,-0,16.4005,419.3032,423.9268,0.1,0,426.6001,10.9067,11.027,0.1,1,0.0893,2.108,2.1312,-0.3,0,288.5616,287.8375,94370.6037,1.1375,1011.3555,0.0254,-0.0205,0.0078,1029.5469,1666.2212,0.0068,61.7893,636.6743,280.5547,1.7577,6.8905,95.5086,0.3984,1.44,86.0065,0.0337,4.3684,-0.1343,62.4333,-9.4745,21.4313,53.367,81.3881,114.148,171.0145,0.1792,1.0075,-61.6651,1.0139,-12.6559,1.113,1.4414,1.113,-0.2849,1.113,0.0222,1.1942,1.2068,1.3997,0.2735,60.6647
2026-01-06,21:30:00,6.895,0.3135,1,NA,4,-57.5537,1,9.2605,1,-1.2939,1,0.0063,1,0,0,0,16.5547,421.4895,425.9936,0.2,0,415.2819,10.5733,10.6863,0.1,1,0.0899,2.1091,2.1316,-0.1,0,287.0989,286.5411,94357.8557,1.1426,1011.1442,0.0252,-0.0838,0.0075,997.9391,1531.8356,0.0066,65.1466,533.8965,280.0994,0.9112,5.0007,78.0819,0.5238,0.9729,51.6938,0.0561,4.0419,-0.3844,104.7826,-15.9012,35.9685,89.5666,136.5948,191.5761,287.0159,0.3106,1.0093,-233.0395,1.0152,-51.6725,1.1138,8.3142,1.1138,-1.1617,1.1138,0.0788,1.206,0.9853,0.8309,0.1296,60.2946
2026-01-06,22:00:00,6.916,0.3619,1,NA,4,-73.6959,1,11.9076,1,-1.6561,1,0.0036,1,0,0,0,16.6321,422.1152,426.5174,0.1,1,406.6695,10.3211,10.4287,0.1,1,0.0901,2.11,2.1321,0.5,0,286.6079,286.0825,94366.4016,1.1447,1010.9952,0.0252,-0.1073,0.0074,974.2237,1486.6304,0.0064,65.5323,512.4067,279.7494,0.7199,7.1522,62.5672,0.5623,1.1557,47.6696,0.0608,4.2355,-0.4797,92.4743,-14.0333,31.7434,79.0457,120.5496,169.0726,253.3015,0.3583,1.0102,-312.2566,1.0158,-66.1121,1.1147,10.6822,1.1147,-1.4857,1.1147,0.101,1.2093,1.0043,1.1031,0.2041,59.9359
2026-01-06,22:30:00,6.937,0.1756,0,-104.2908,0,-17.4448,0,2.92,0,-0.3924,0,-0.0017,0,-0,-0,-0,16.514,420.1781,424.6077,0.1,1,410.0099,10.4322,10.5422,0.1,1,0.0895,2.1073,2.1295,-0.2,0,287.8632,287.2282,94366.8792,1.1401,1011.0799,0.0253,-0.0254,0.0074,984.7157,1601.8223,0.0065,61.4747,617.1066,279.9051,1.541,6.1917,71.4666,0.3925,1.2992,48.5278,0.0598,5.9783,-0.2305,68.5068,-10.3962,23.5162,58.5586,89.3055,125.2523,187.6507,0.1742,1.0081,-104.0235,1.0151,-15.5564,1.1214,2.6039,1.1214,-0.35,1.1214,0.0306,1.2115,1.4585,0.9293,0.2105,60.1492
2026-01-06,23:00:00,6.958,0.1716,0,-49.5562,0,-11.6268,0,0.8876,0,-0.2616,0,0.0038,0,-0,-0,-0,16.4854,420.1136,424.5659,0.2,0,411.5049,10.4868,10.5979,0.1,1,0.0895,2.1057,2.128,-0.3,0,287.8753,287.2342,94382.6555,1.1402,1011.1103,0.0253,-0.0169,0.0075,990.0365,1602.4428,0.0066,61.783,612.4063,279.9836,1.7404,7.3567,60.6415,0.3879,1.2919,98.6144,0.0294,4.2623,-0.1108,73.3939,-11.1378,25.1937,62.736,95.6763,134.1874,201.0372,0.1703,1.0074,-49.6836,1.0137,-10.4668,1.1108,0.7991,1.1108,-0.2355,1.1108,0.0192,1.1908,1.0841,1.3266,0.1731,60.2603
2026-01-06,23:30:00,6.979,0.1415,1,-149.6716,1,-34.5843,1,6.5806,1,-0.7775,1,0.0079,1,-0,-0,-0,16.5603,421.5556,425.9942,0.1,1,409.3145,10.4194,10.5291,0.1,1,0.0898,2.1071,2.1293,-0.3,0,287.125,286.562,94383.4187,1.1429,1011.0593,0.0252,-0.0504,0.0074,983.6822,1533.9213,0.0065,64.1286,550.2391,279.8899,1.2093,7.0368,75.245,0.3519,0.9814,24.3695,0.119,4.3277,-0.3681,75.9392,-11.5241,26.0675,64.9117,98.9944,138.841,208.0091,0.1402,1.0096,-149.3613,1.0178,-30.314,1.1409,5.7681,1.1409,-0.6815,1.1409,0.052,1.2502,1.2647,0.5673,0.1308,60.0668
2026-01-07,00:00:00,7,0.2109,1,NA,4,-30.38,1,11.6368,1,-0.6827,1,0.0012,1,0,0,0,16.649,422.4925,426.8229,0.1,0,399.801,10.1456,10.2495,0.1,1,0.09,2.1077,2.1293,-0.2,0,286.5904,286.0866,94407.7069,1.1452,1010.8981,0.0252,-0.0442,0.0073,958.0759,1487.0207,0.0063,64.4292,528.9447,279.5067,1.2329,5.3885,68.0468,0.4291,0.9934,29.3376,0.0988,7.4211,-0.4538,86.8951,-13.1867,29.8283,74.2766,113.2765,158.8719,238.019,0.209,1.0091,-224.0405,1.0169,-26.8084,1.1332,10.2688,1.1332,-0.6024,1.1332,0.0686,1.2364,1.0828,0.7651,0.1388,59.9627
2026-01-07,00:30:00,7.02,0.0612,1,-42.0837,1,-7.6926,1,1.1858,1,-0.173,1,0.0029,1,-0,-0,-0,16.5165,420.5424,424.828,-0.1,0,396.1843,10.0877,10.1905,0.1,1,0.0895,2.1035,2.1249,-0.4,0,287.4835,286.8782,94433.3122,1.1424,1010.882,0.0253,-0.0112,0.0072,952.8662,1565.8244,0.0063,60.854,612.9582,279.4276,1.9707,6.7873,86.2006,0.2314,1.2614,24.6523,0.1176,5.4707,-0.1575,42.0795,-6.3857,14.4445,35.9689,54.8548,76.9347,115.26220000000001,0.0606,1.0092,-41.8559,1.0185,-6.6769,1.1521,1.0292,1.1521,-0.1502,1.1521,0.015,1.2565,1.2654,1.0101,0.2474,61.2741
2026-01-07,01:00:00,7.041,0.1528,0,-62.1658,1,-12.1986,1,1.76,1,-0.2743,1,-0.0013,1,0,0,0,16.5416,421.0086,425.2708,0,0,393.7745,10.0222,10.1236,0.1,1,0.0898,2.1065,2.1278,-0.5,0,287.1508,286.5741,94444.5175,1.1438,1010.8396,0.0252,-0.0178,0.0072,946.7931,1535.1343,0.0063,61.6749,588.3411,279.335,1.5092,5.6903,84.6321,0.3655,0.9082,65.7843,0.0441,5.0961,-0.1471,67.9957,-10.3186,23.3407,58.1217,88.6392,124.3178,186.2507,0.1516,1.0078,-62.1451,1.0143,-10.946,1.1144,1.5793,1.1144,-0.2461,1.1144,0.0182,1.2,0.8059,0.8245,0.186,61.728
2026-01-07,01:30:00,7.062,0.1623,1,-156.9303,1,-22.325,1,10.9317,1,-0.5015,1,0.002,1,0,0,0,16.6598,422.8664,427.1092,0.1,0,391.3604,9.9337,10.0333,0.1,1,0.0903,2.1108,2.132,-0.5,0,286.2084,285.7345,94436.2852,1.1471,1010.7739,0.0252,-0.0325,0.0071,938.3501,1453.107,0.0062,64.5754,514.7569,279.2053,0.8653,3.7932,86.3909,0.3762,0.5972,28.4063,0.1021,7.0294,-0.3598,105.0552,-15.9425,36.0621,89.7996,136.9501,192.0744,287.7625,0.1607,1.0101,-155.9297,1.0173,-19.7415,1.1309,9.6667,1.1309,-0.4435,1.1309,0.049,1.2371,0.8376,0.2903,0.0664,61.1673
2026-01-07,02:00:00,7.083,0.1764,1,-183.0588,1,-26.8404,1,10.8692,1,-0.6028,1,-0.0041,1,-0,-0,-0,16.7076,423.1101,427.3105,0.3,0,388.1581,9.8299,9.9274,0.1,1,0.0906,2.1134,2.1344,-0.2,0,285.8226,285.3868,94447.2963,1.1487,1010.7096,0.0251,-0.0391,0.0071,928.6525,1420.2853,0.0061,65.3849,491.6328,279.0551,0.9014,3.397,71.9741,0.3919,0.684,27.5266,0.1054,6.8203,-0.4024,92.2509,-13.9994,31.6667,78.8547,120.2583,168.664,252.6894,0.1747,1.01,-181.9075,1.0174,-23.7031,1.1324,9.5988,1.1324,-0.5323,1.1324,0.0515,1.2394,0.7703,0.4981,0.0997,60.2986
2026-01-07,02:30:00,7.104,0.3894,1,NA,4,-85.7873,1,19.8647,1,-1.9257,1,-0.0147,1,-0,-0,-0,16.7481,423.2207,427.3524,0.1,1,382.5962,9.6681,9.7625,0.1,1,0.0909,2.1164,2.1371000000000002,0.1,0,285.3016,284.9578,94465.0518,1.1507,1010.6118,0.0251,-0.1248,0.0069,913.5458,1380.6906,0.006,66.1659,467.1448,278.8183,0.5539,4.4947,92.8322,0.5817,0.798,41.0412,0.0707,4.6814,-0.5937,98.981,-15.0207,33.977,84.6074,129.0317,180.9688,271.1242,0.3849,1.0116,-400.7103,1.017,-76.7197,1.1182,17.765,1.1182,-1.7222,1.1182,0.1119,1.2167,1.0323,0.3793,0.1842,59.9682
2026-01-07,03:00:00,7.124,0.3598,1,NA,4,-72.1142,1,19.1103,1,-1.6166,1,-0.0143,1,-0,-0,-0,16.9202,426.3144,430.3876,0.1,1,375.63,9.4642,9.5546,0.1,1,0.0914,2.115,2.1352,0,1,283.8501,283.5427,94480.5164,1.1567,1010.4722,0.025,-0.1048,0.0068,894.4243,1256.8681,0.0059,71.1629,362.4439,278.5136,0.4575,3.8989,34.4781,0.5577,1.0314,50.4458,0.0575,3.9932,-0.4418,117.2438,-17.7922,40.246,100.2183,152.8392,214.3591,321.1491,0.3552,1.0128,-287.8332,1.017,-64.7571,1.1136,17.1606,1.1136,-1.4517,1.1136,0.0781,1.2085,0.4806,1.4714,0.1109,59.3969
2026-01-07,03:30:00,7.145,0.3008,1,-174.0055,1,-44.3938,1,8.5475,1,-0.9949,1,-0.0158,1,-0,-0,-0,16.9706,425.9388,429.9603,0.2,0,372.6555,9.3531,9.4414,0.1,1,0.0918,2.1201,2.1401,0,1,283.5524,283.2127,94487.7222,1.1582,1010.4047,0.0249,-0.0645,0.0068,883.9934,1229.4428,0.0058,71.9019,345.4495,278.3449,0.4325,4.2863,37.087,0.5096,1.0574,63.701,0.0455,3.9196,-0.2918,98.8788,-15.0052,33.9419,84.5201,128.8985,180.7819,270.8443,0.2969,1.0132,-174.0172,1.0168,-40.0213,1.1093,7.7056,1.1093,-0.8969,1.1093,0.0413,1.2004,0.4507,1.5223,0.1418,58.3363
2026-01-07,04:00:00,7.166,0.2861,1,NA,4,-44.5416,1,9.5038,1,-0.9998,1,-0.0104,1,-0,-0,-0,16.728,421.3931,425.4339,0.1,1,377.0342,9.4978,9.5889,0.1,1,0.0912,2.1232,2.1436,-0.3,0,285.3597,284.9262,94482.4215,1.1511,1010.517,0.0251,-0.0648,0.0068,897.6204,1377.8141,0.0059,65.1481,480.1937,278.5649,0.8805,3.9972,67.7303,0.4985,1.057,47.3854,0.0612,4.9164,-0.3776,98.0762,-14.8834,33.6664,83.8341,127.8523,179.3146,268.646,0.2834,1.0094,-218.691,1.0154,-39.9277,1.1156,8.5193,1.1156,-0.8963,1.1156,0.0593,1.2094,1.085,0.8906,0.1385,58.5474
2026-01-07,04:30:00,7.187,0.0655,1,-67.6822,1,-9.0313,1,1.9534,1,-0.2028,1,0.0033,1,-0,-0,-0,16.6296,420.2635,424.2997,0.3,0,376.4108,9.5126,9.604,0.1,1,0.0909,2.1216,2.142,-0.3,0,286.013,285.5663,94480.0559,1.1485,1010.5377,0.0251,-0.0131,0.0068,898.996,1437.1516,0.0059,62.554,538.1557,278.587,1.2544,5.5369,84.445,0.2389,0.81,16.8655,0.1719,7.4942,-0.2441,56.8801,-8.6318,19.5251,48.6203,74.149,103.995,155.8034,0.0649,1.0105,-67.0058,1.0203,-7.7799,1.1608,1.6828,1.1608,-0.1747,1.1608,0.0224,1.2845,0.8906,0.6054,0.1241,58.851
2026-01-07,05:00:00,7.208,0.095,0,-35.2934,0,-3.9201,0,0.6771,0,-0.0881,0,0.0012,0,-0,-0,-0,16.6185,420.386,424.4052,0.1,0,374.3711,9.4702,9.5607,0.1,1,0.0909,2.1214,2.1417,-0.3,0,286.0448,285.5829,94489.4302,1.1486,1010.5145,0.0251,-0.0057,0.0068,895.0711,1438.7188,0.0059,62.2131,543.6477,278.524,1.6122,5.7405,59.4616,0.2876,0.9427,56.4303,0.0514,9.0031,-0.1057,61.3724,-9.3135,21.0672,52.4602,80.0051,112.2083,168.1085,0.0942,1.0079,-35.0973,1.0147,-3.5042,1.1187,0.6053,1.1187,-0.0787,1.1187,0.012,1.2059,0.8728,0.864,0.1487,58.8941
2026-01-07,05:30:00,7.229,0.1008,0,-73.299,0,-12.9417,0,2.0613,0,-0.2907,0,0.005,0,-0,-0,-0,16.6292,420.4593,424.4264,0.1,0,369.6742,9.347,9.4352,0.1,1,0.0911,2.1259,2.1459,-0.3,0,285.9565,285.5041,94513.235,1.1492,1010.4449,0.0251,-0.0188,0.0067,883.6499,1431.2829,0.0058,61.7383,547.6329,278.3393,1.4773,5.3817,67.8569,0.2962,1.0705,29.6982,0.0976,5.6638,-0.2131,61.3708,-9.3133,21.0666,52.4588,80.003,112.2054,168.1041,0.0999,1.0089,-72.9777,1.0169,-11.3923,1.136,1.8146,1.136,-0.2559,1.136,0.0267,1.2376,0.7557,1.2274,0.1578,58.8909
2026-01-07,06:00:00,7.249,0.2885,1,NA,4,-62.714,1,20.6424,1,-1.4064,1,-0.015,1,0,0,0,16.7926,423.1948,427.0953,0.1,1,362.388,9.1326,9.2168,0.1,1,0.0919,2.1281,2.1477,0,1,284.3183,283.9417,94534.5446,1.1559,1010.2964,0.025,-0.0911,0.0066,863.5812,1290.7519,0.0057,66.9053,427.1708,278.0097,0.7434,4.885,91.5007,0.4996,1.0495,29.4305,0.0985,5.6604,-0.6084,104.1691,-15.8081,35.7579,89.0422,135.795,190.4544,285.3354,0.2855,1.0105,-353.216,1.0174,-55.555,1.1289,18.286,1.1289,-1.2459,1.1289,0.0956,1.2348,1.4182,0.5612,0.1196,58.6497
2026-01-07,06:30:00,7.27,0.2003,1,NA,4,-53.53,1,19.4008,1,-1.2,1,-0.0185,1,-0,-0,-0,16.8792,423.6281,427.4641,0.1,1,357.5635,8.974,9.0552,0.1,1,0.0922,2.1324,2.1517,0.8,0,283.8272,283.5324,94556.8416,1.1579,1010.201,0.0249,-0.0778,0.0065,848.7791,1256.0077000000001,0.0056,67.5775,407.2286,277.7622,0.6761,4.1597,40.8091,0.4159,0.9733,19.0674,0.1521,5.904,-0.6497,93.9516,-14.2575,32.2505,80.3084,122.4754,171.7734,257.3479,0.1979,1.0116,-313.4908,1.02,-46.6404,1.1477,16.9038,1.1477,-1.0455,1.1477,0.0784,1.2697,0.6147,1.2246,0.1073,58.2733
2026-01-07,07:00:00,7.291,0.2415,1,NA,4,-92.3207,1,16.2459,1,-2.0681,1,-0.03,1,-0,-0,-0,16.96,425.077,428.8889,0.2,0,354.6125,8.8879,8.9676,0.1,1,0.0926,2.1341,2.1532,-0.1,0,283.0836,282.7977,94578.0069,1.1612,1010.14,0.0249,-0.134,0.0064,840.821,1195.7005,0.0055,70.3204,354.8795,277.6276,0.5832,4.3941,16.6036,0.456,1.1852,29.8703,0.0971,2.8817,-0.4974,89.1817,-13.5337,30.6132,76.2312,116.2574,163.0526,244.2826,0.2387,1.0116,-266.9088,1.018,-81.8318,1.1282,14.4001,1.1282,-1.8331,1.1282,0.0582,1.2348,0.5505,1.673,0.1469,58.1232
2026-01-07,07:30:00,7.312,0.1247,0,-158.8366,0,-25.625,0,5.832,0,-0.5751,0,-0.0041,0,-0,-0,-0,16.7435,421.2303,425.1731,0.1,1,368.6068,9.2734,9.3602,0.1,1,0.092,2.1406,2.1606,0,0,285.2133,284.8252,94602.279,1.1531,1010.391,0.025,-0.0373,0.0067,877.5163,1368.6497,0.0058,64.1155,491.1334,278.2393,1.3547,5.841,50.3277,0.3288,1.3305,18.7672,0.1545,6.1985,-0.4146,61.0437,-9.2636,20.9543,52.1792,79.5766,111.6073,167.208,0.1235,1.0101,-157.5804,1.0195,-22.1659,1.1561,5.0447,1.1561,-0.4975,1.1561,0.0436,1.2743,1.3008,1.163,0.1971,58.2495
2026-01-07,08:00:00,7.333,0.2076,0,NA,4,-40.4246,0,8.139,1,-0.9072,0,0.0039,0,0,0,0,16.7414,421.8574,425.8432,0.1,1,371.4406,9.3597,9.4482,0.1,1,0.0919,2.1368,2.157,0.6,0,285.0005,284.6687,94637.6492,1.1541,1010.4358,0.025,-0.0588,0.0067,886.0217,1354.5591,0.0058,65.4103,468.5374,278.3779,1.2628,5.381,55.9281,0.4241,1.3405,30.6293,0.0947,5.1646,-0.4222,78.1038,-11.8526,26.8105,66.762,101.8162,142.7987,213.9384,0.2057,1.009,-208.0894,1.0167,-35.7084,1.1321,7.1894,1.1321,-0.8013,1.1321,0.0676,1.234,1.5064,0.9976,0.1771,58.3525
2026-01-07,08:30:00,7.354,0.2132,0,-163.9367,0,-40.7467,0,5.4731,1,-0.9148,0,0.0019,0,0,0,0,16.7268,421.4488,425.5085,0.2,0,378.6647,9.5408,9.6328,0.1,1,0.0917,2.1358,2.1564,-0.1,0,285.5296,285.1274,94676.0708,1.1526,1010.5448,0.025,-0.0593,0.0069,903.5324,1396.2232,0.006,64.7126,492.6908,278.6595,1.4055,5.9539,56.1334,0.4301,1.1887,40.6978,0.0713,4.0233,-0.3273,82.7132,-12.552,28.3928,70.702,107.825,151.2261,226.5643,0.2114,1.0084,-164.0745,1.0156,-36.2332,1.1246,4.8669,1.1246,-0.8135,1.1246,0.0532,1.2189,1.1936,1.0259,0.1578,58.3477
2026-01-07,09:00:00,7.374,0.0681,0,-50.0944,0,-5.6556,0,1.8917,0,-0.127,0,-0,0,-0,-0,-0,16.7076,421.6236,425.7297,0.1,1,382.1899,9.6448,9.7387,0.1,1,0.0916,2.1373,2.1581,-0.2,0,285.9058,285.5293,94705.9975,1.1513,1010.6102,0.0251,-0.0082,0.0069,913.6607,1433.6616,0.006,63.7292,520.0009,278.8201,1.3464,5.4954,64.6205,0.2433,0.5843,24.1121,0.1203,8.8574,-0.177,73.679,-11.1811,25.2916,62.9797,96.048,134.7088,201.8183,0.0675,1.0094,-49.6616,1.0179,-4.9486,1.1429,1.6552,1.1429,-0.1111,1.1429,0.0149,1.2515,0.6974,0.4038,0.0674,58.5041
2026-01-07,09:30:00,7.395,0.0759,0,-35.6906,0,-2.4483,1,0.7865,0,-0.0551,1,4e-4,0,-0,-0,-0,16.6533,421.2855,425.3756,0.1,0,380.0915,9.6153,9.7087,0.1,1,0.0908,2.1314,2.1521,-0.3,0,286.7873,286.7871,94721.7164,1.1465,1010.6193,0.0252,-0.0036,0.0069,911.0254,1556.577,0.006,58.5275,645.5516,278.7785,1.5452,4.9356,89.4936,0.2573,0.8332,40.0668,0.0724,14.5776,-0.1197,62.5138,-9.4867,21.459,53.4359,81.4931,114.2952,171.235,0.0753,1.0083,-35.3779,1.0157,-2.1733,1.1265,0.6981,1.1265,-0.0489,1.1265,0.0112,1.2202,0.7548,0.7978,0.1138,59.0159
2026-01-07,10:00:00,7.416,0.1298,0,-28.2543,1,-7.471,0,0.0969,2,-0.1682,0,0.0047,1,0,0,0,16.5577,421.0074,424.9869,0.2,0,368.2658,9.3638,9.4523,0.1,0,0.09,2.1242,2.1443,-0.2,0,287.6887,288.0052,94752.3186,1.1421,1010.506,0.0253,-0.0109,0.0067,887.4767,1684.3483,0.0058,52.6896,796.8715,278.4014,1.0497,4.2557,57.2721,0.3372,1.024,113.86,0.0255,3.7819,-0.0726,70.9348,-10.7646,24.3496,60.634,92.4706,129.6914,194.3014,0.1288,1.0084,-28.3695,1.0135,-6.777,1.1024,0.0879,1.1024,-0.1526,1.1024,0.0133,1.1842,0.6833,1.2224,0.1424,60.0823
2026-01-07,10:30:00,7.437,0.6844,0,-20.0143,1,13.9799,1,1.4472,0,0.315,1,-0.0035,2,-0,-0,-0,16.3599,417.7185,421.0602,0.2,0,310.8256,7.9363,7.9998,0.1,1,0.0888,2.1049,2.1218,-0.3,0,288.7598,288.9578,94760.6598,1.1391,1009.742,0.0254,0.0204,0.0056,752.2549,1790.5861,0.005,42.0117,1038.3311,276.0479,0.684,7.705,94.4071,0.7752,2.7358,1952.7484,0.0015,-1.4316,-0.0224,86.4102,-13.1131,29.6618,73.8621,112.6444,157.9854,236.6909,0.6774,1.0103,-19.0256,1.0133,12.8133,1.091,1.3265,1.091,0.2887,1.091,0.002,1.1663,2.9944,2.0178,0.4595,60.5763
2026-01-07,11:00:00,7.458,1.1893,0,-19.881,0,-21.1214,2,1.0802,0,-0.4761,2,-0.0181,2,-0,-0,-0,16.2605,416.0764,419.0595,0,0,278.1931,7.1184,7.1695,0.1,1,0.0881,2.0907,2.1057,0,1,289.0641,289.3121,94755.7195,1.138,1009.3022,0.0254,-0.0309,0.0051,674.693,1831.579,0.0044,36.8367,1156.886,274.523,0.4189,8.9758,66.9844,1.0223,3.2596,4508.5882,6e-4,0.9413,-0.0169,89.3346,-13.5569,30.6657,76.3619,116.4567,163.3321,244.7013,1.1726,1.0142,-20.8006,1.0152,-19.3445,1.0919,0.9893,1.0919,-0.4361,1.0919,-0.0093,1.1679,3.4119,2.3719,0.7353,60.8748
2026-01-07,11:30:00,7.479,0.4363,1,-18.651,0,13.9285,0,0.1458,0,0.3139,0,-0.0059,2,-0,-0,-0,16.2516,416.0782,419.0085,0.1,1,273.1559,6.9934,7.0427,0.1,0,0.088,2.0871,2.1018,0,1,289.1146,289.1712,94758.8888,1.1386,1009.2306,0.0254,0.0203,0.005,662.8662,1815.178,0.0044,36.518,1152.3119,274.277,1.3549,12.6138,0.2637,0.619,4.1529,1067.0042,0.0027,-1.3391,-0.0262,65.5933,-9.954,22.5161,56.0682,85.5075,119.9255,179.6703,0.4331,1.0075,-17.6967,1.0122,12.7208,1.0949,0.1331,1.0949,0.2867,1.0949,-6e-4,1.1679,4.4554,3.2666,0.5836,60.9465
2026-01-07,12:00:00,7.499,0.3521,0,-26.3008,0,15.17,0,0.2498,0,0.342,0,-1e-4,0,0,0,0,16.2329,415.8484,418.7337,0.2,0,268.9787,6.8906,6.9384,0.2,0,0.088,2.0886,2.1031,-0.2,0,289.3471,289.5063,94730.9325,1.137,1009.1821,0.0254,0.0222,0.0049,652.9262,1854.3902,0.0043,35.2098,1201.464,274.0672,0.9353,9.0469,40.4471,0.5565,3.265,549.6027,0.0053,-1.7337,-0.0412,59.228,-8.9881,20.331,50.6272,77.2097,108.2876,162.2346,0.3491,1.0087,-25.1855,1.0127,13.8767,1.0932,0.2285,1.0932,0.3129,1.0932,0.007,1.1687,2.462,3.4591,0.6088,61.1683
2026-01-07,12:30:00,7.52,0.284,1,-27.4136,1,29.9117,0,1.7328,1,0.6747,0,0.0084,1,0,0,0,16.1652,415.3295,417.9693,0.2,0,245.82,6.3158,6.356,0.1,0,0.0878,2.0881,2.1014,-0.3,0,289.7404,289.9566,94695.5364,1.1351,1008.879,0.0255,0.0437,0.0045,598.2402,1908.2636,0.0039,31.35,1310.0234,272.8598,1.8426,10.1522,95.7377,0.5003,3.3029,382.9129,0.0076,-0.9165,-0.0479,59.4162,-9.0166,20.3957,50.7881,77.4551,108.6318,162.7503,0.2821,1.0069,-25.4797,1.0126,27.1482,1.1018,1.5727,1.1018,0.6123,1.1018,0.0141,1.1743,3.3016,2.8161,0.4881,61.2762
2026-01-07,13:00:00,7.541,0.4443,0,-19.1371,1,15.651,1,0.0354,1,0.3532,1,-0.0182,1,-0,-0,-0,16.1395,415.6793,418.0986,0.1,1,224.667,5.7864,5.8201,0.2,0,0.0882,2.1006,2.1129,0,1,290.0225,290.3712,94678.5724,1.1335,1008.6005,0.0255,0.0229,0.0041,547.9931,1959.0576,0.0036,27.9723,1411.0646,271.6608,1.9058,10.3868,105.7583,0.6261,3.285,1074.9898,0.0027,-1.2227,-0.0267,71.6249,-10.8694,24.5865,61.2239,93.3703,130.9531,196.1917,0.4413,1.0068,-18.0738,1.0124,14.223,1.1004,0.0322,1.1004,0.3209,1.1004,-0.0118,1.1713,3.7061,2.3848,0.4791,61.3902
2026-01-07,13:30:00,7.562,0.3187,0,1.2099,2,14.5698,1,0.4455,0,0.3289,1,0.0066,1,0,0,0,16.1088,415.6218,417.8939,0.1,0,210.722,5.4368,5.4665,0.2,0,0.0877,2.0942,2.1056,0,1,290.3255,290.8555,94671.3752,1.1316,1008.4221,0.0255,0.0213,0.0038,514.8483,2019.8984,0.0034,25.4888,1505.0502,270.8154,1.702,10.2302,119.9591,0.5307,2.2591,-10352.8524,-3e-4,0.083,0.002,70.5691,-10.7091,24.2241,60.3214,91.9939,129.0227,193.2996,0.3157,1.0094,2.0098,1.0134,13.3742,1.0894,0.409,1.0894,0.3019,1.0894,0.0048,1.1488,1.8661,2.2948,0.3573,61.5798
2026-01-07,14:00:00,7.583,0.4049,0,-28.1602,1,13.3085,0,0.4446,0,0.3006,0,1e-4,0,-0,-0,-0,16.0879,415.8635,418.0622,0.1,0,203.4569,5.2592,5.287,0.2,0,0.0878,2.1012,2.1123,0,1,290.669,291.4268,94697.7082,1.1298,1008.3397,0.0256,0.0195,0.0037,498.1711,2093.7911,0.0033,23.7928,1595.62,270.3716,1.052,7.0915,130.3941,0.5987,1.8331,638.8026,0.0045,-2.116,-0.0413,82.0984,-12.4588,28.1817,70.1765,107.0236,150.1021,224.8803,0.4016,1.0083,-27.1169,1.0125,12.1702,1.0935,0.4066,1.0935,0.2749,1.0935,0.0079,1.1683,2.1005,1.2542,0.3115,61.6218
2026-01-07,14:30:00,7.604,0.3516,0,-16.416,1,18.9898,0,0.4795,0,0.429,0,-0.0011,1,-0,-0,-0,16.0836,416.0316,418.2047,0.1,0,200.881,5.1962,5.2233,0.2,0,0.0879,2.1044,2.1154,-0.5,0,290.7502,291.4916,94732.4403,1.13,1008.307,0.0256,0.0278,0.0037,492.3774,2102.3204,0.0032,23.4207,1609.943,270.2143,0.8856,10.8156,95.424,0.5578,2.4819,886.6505,0.0033,-0.8645,-0.0258,72.9183,-11.0656,25.0305,62.3295,95.0564,133.318,199.7346,0.3485,1.009,-15.1761,1.0128,17.3876,1.0921,0.4391,1.0921,0.3928,1.0921,0.0028,1.1671,2.3304,2.2697,0.3637,61.5332
2026-01-07,15:00:00,7.624,0.2405,0,-16.6326,0,16.3068,0,0.1171,1,0.3683,0,0.0036,0,-0,-0,-0,16.0895,416.0494,418.2208,0.1,0,200.78,5.1918,5.2189,0.1,0,0.0879,2.1025,2.1134,-0.4,0,290.7485,291.3795,94759.0834,1.1307,1008.3019,0.0256,0.0239,0.0037,492.1069,2087.589,0.0032,23.573,1595.4821,270.2069,1.047,8.6233,41.4691,0.4612,2.4745,494.5867,0.0059,-1.02,-0.0316,66.3328,-10.0663,22.7699,56.7003,86.4715,121.2775,181.6958,0.2385,1.0083,-15.5446,1.0126,14.906,1.094,0.107,1.094,0.3367,1.094,0.0073,1.1691,2.1949,2.4392,0.315,61.3541
2026-01-07,15:30:00,7.645,0.304,0,-41.9114,0,18.9428,0,0.7579,0,0.4279,0,0.0054,0,-0,-0,-0,16.1049,416.0831,418.2573,0.2,0,201.2027,5.1982,5.2254,0.1,0,0.0877,2.0996,2.1106,-0.1,0,290.6393,291.3717,94792.5467,1.1312,1008.3052,0.0256,0.0277,0.0037,492.8865,2086.5626,0.0032,23.6219,1593.6761,270.2282,0.8722,5.8668,75.2846,0.5184,1.6619,278.8351,0.0104,-2.2125,-0.0709,81.9048,-12.4294,28.1153,70.011,106.7712,149.7481,224.3499,0.3012,1.0091,-40.3838,1.0131,17.2993,1.095,0.6921,1.095,0.3907,1.095,0.0165,1.1724,1.1146,1.9743,0.2349,61.3069
2026-01-07,16:00:00,7.666,0.2251,0,-49.4768,0,26.6205,0,0.5178,1,0.601,0,7e-4,0,-0,-0,-0,16.1783,416.5181,418.6118,0,0,194.2677,5.0015,5.0267,0.2,0,0.0876,2.0911,2.1016,-0.2,0,290.5264,290.8628,94828.0131,1.1337,1008.186,0.0255,0.0389,0.0035,474.4113,2020.8316,0.0031,23.476,1546.4203,269.716,0.9763,7.4351,88.4136,0.4456,1.583,150.0236,0.0193,-1.8586,-0.0972,78.4129,-11.8995,26.9166,67.0262,102.2192,143.3638,214.7852,0.2231,1.0086,-47.4312,1.0133,24.2219,1.099,0.4712,1.099,0.5468,1.099,0.0138,1.1788,1.4632,1.5093,0.1935,61.3099
2026-01-07,16:30:00,7.687,0.1166,0,-46.9913,0,17.7274,0,0.8749,0,0.4,0,1e-4,0,-0,-0,-0,16.2522,416.2001,418.1772,0,0,184.6233,4.728,4.7504,0.2,0,0.0875,2.0825,2.0924,-0.3,0,290.4407,290.3709,94877.961,1.1363,1008.0258,0.0254,0.0259,0.0033,448.7011,1959.0272,0.0029,22.9043,1510.3261,268.9729,0.9033,4.9978,78.5255,0.3204,1.1414,58.7574,0.0494,-2.6508,-0.128,64.9574,-9.8575,22.2978,55.5246,84.6785,118.7629,177.9284,0.1156,1.0092,-45.406,1.0148,15.9647,1.1104,0.7879,1.1104,0.3602,1.1104,0.0128,1.1999,0.9089,1.2137,0.1602,61.3044
2026-01-07,17:00:00,7.708,0.5506,1,NA,4,126.1811,1,24.1442,1,2.8432,1,-0.0174,1,0,0,0,16.4123,418.1901,420.3335,0.1,1,200.1253,5.0992,5.1254,0,0,0.0879,2.078,2.0886,-0.1,0,288.9332,288.8986,94920.4991,1.1424,1008.1925,0.0253,0.1842,0.0036,484.1524,1783.8238,0.0032,27.1413,1299.6713,269.9882,0.2844,5.4954,80.1519,0.6942,0.8598,55.2924,0.0524,-4.0269,-0.6355,79.332,-12.0389,27.2321,67.8118,103.4173,145.0443,217.3028,0.5413,1.0172,-492.6083,1.019,113.3289,1.1134,21.685,1.1134,2.5536,1.1134,0.1251,1.2073,0.6009,0.6625,0.4563,61.1002
2026-01-07,17:30:00,7.729,0.1344,1,NA,4,-100.445,1,-14.8914,1,-2.2569,1,-0.0013,1,0,0,0,16.7337,423.0417,425.4081,0.1,1,220.0297,5.5625,5.5936,0.1,1,0.0889,2.0741,2.0857,0,1,285.9579,285.9615,94986.1331,1.1548,1008.3793,0.025,-0.1462,0.004,528.5047,1474.8959,0.0035,35.8334,946.3912,271.1694,0.6444,2.7257,319.498,0.3411,0.4167,-12.8912,-0.225,-2.5756,0.6513,105.4668,-16.005,36.2033,90.1514,137.4866,192.8269,288.8899,0.132,1.0179,249.039,1.0181,-92.3539,1.0876,-13.6919,1.0876,-2.0751,1.0876,-0.074,1.1519,0.5372,0.2421,0.0541,60.7359
2026-01-07,18:00:00,7.749,0.0969,1,16.2042,2,-1.9167,2,-1.4637,2,-0.043,2,0.0013,2,-0,-0,-0,17.099,428.0214,430.5419,0.1,1,233.8684,5.8542,5.8887,0.1,1,0.0903,2.0836,2.0959,0,1,283.4597,283.5192,95032.0761,1.1652,1008.4885,0.0248,-0.0028,0.0043,556.4854,1254.9036,0.0037,44.3449,698.4183,271.8701,0.9885,3.0736,325.1006,0.2884,0.4829,-124.3988,-0.0233,-8.4543,0.0478,104.9611,-15.9283,36.0298,89.7192,136.8274,191.9024,287.5047,0.0956,1.0131,15.8876,1.0152,-1.7649,1.086,-1.3478,1.086,-0.0396,1.086,-0.0037,1.1485,0.4384,0.4882,0.0391,60.1672
2026-01-07,18:30:00,7.77,0.1348,1,15.5301,1,5.1143,1,1.2514,1,0.1145,1,-0.0069,1,-0,-0,-0,17.2739,429.8906,432.4051,0.1,1,233.6673,5.8152,5.8492,0.1,1,0.091,2.0885,2.1008,0,1,282.2165,282.2561,95095.096,1.1712,1008.4429,0.0247,0.0074,0.0042,553.1453,1152.8906,0.0036,47.979,599.7452,271.7881,0.8007,2.8503,320.5439,0.3392,0.5582,-211.387,-0.0137,3.0366,0.0388,130.5317,-19.8087,44.8073,111.5766,170.1613,238.6537,357.5467,0.1328,1.0152,15.5832,1.0164,4.7076,1.0864,1.1519,1.0864,0.1054,1.0864,-0.0116,1.1498,0.6845,0.4005,0.0314,59.9191
2026-01-07,19:00:00,7.791,0.0882,1,9.3338,2,4.0056,2,0.8933,2,0.0897,2,-0.0015,2,0,0,0,17.2346,428.0577,430.4719,0.3,0,225.8035,5.6083,5.6399,0.1,1,0.0913,2.0937,2.1055,0,1,282.0647,282.1164,95132.3419,1.1723,1008.3275,0.0247,0.0058,0.0041,533.6742,1142.0728,0.0035,46.7286,608.3986,271.3013,1.0251,3.0208,316.3682,0.2743,0.5403,-186.0533,-0.0156,2.3302,0.0288,109.1573,-16.565,37.4702,93.306,142.2976,199.5744,298.9987,0.0871,1.0128,9.4286,1.015,3.6884,1.086,0.8226,1.086,0.0826,1.086,-0.0046,1.1483,0.5361,0.5125,0.0321,59.9618
2026-01-07,19:30:00,7.812,0.2415,1,NA,4,-55.6188,1,-15.5574,1,-1.2456,1,0.0264,1,-0,-0,-0,17.1577,426.1939,428.521,0.1,1,218.6262,5.4306,5.4603,0.1,1,0.0908,2.0862,2.0976,0,1,282.4881,282.5091,95150.9219,1.171,1008.2381,0.0247,-0.0807,0.004,516.8693,1172.7177,0.0034,44.0745,655.8484,270.8683,0.6662,3.2133,335.5557,0.4542,1.017,-33.9864,-0.0853,-4.1686,0.4324,115.1824,-17.4794,39.5384,98.4562,150.1519,210.5902,315.5025,0.2374,1.0175,225.1767,1.0178,-51.1498,1.0874,-14.3073,1.0874,-1.1455,1.0874,-0.0434,1.1516,0.8408,1.1164,0.0769,60.0447
2026-01-07,20:00:00,7.833,0.0566,1,19.739,1,-2.9106,2,-1.0584,2,-0.0651,2,-0.0024,1,-0,-0,-0,17.292,428.667,431.0658,0.1,1,224.4745,5.5647,5.5958,0.1,1,0.0913,2.0854,2.097,0,1,281.24,281.3213,95176.061,1.1762,1008.289,0.0246,-0.0042,0.0041,529.7685,1082.1758,0.0035,48.954,552.4073,271.2018,1.078,3.1723,328.7339,0.2193,0.5765,-44.946,-0.0645,-6.7817,0.0759,86.2322,-13.0861,29.6007,73.71,112.4123,157.6599,236.2033,0.0559,1.0124,19.3302,1.0147,-2.68,1.0861,-0.9745,1.0861,-0.06,1.0861,-0.0081,1.1482,0.4311,0.6848,0.037,59.9468
2026-01-07,20:30:00,7.854,0.1335,1,104.8453,1,-32.3667,1,-8.4704,1,-0.7235,1,0.0235,1,0,0,0,17.4337,430.5248,432.9549,0.1,1,227.2815,5.6127,5.6444,0.1,1,0.0923,2.1012,2.1131,0,1,280.3888,280.5137,95200.8172,1.1798,1008.3006,0.0245,-0.0469,0.0041,534.4769,1024.1877,0.0035,52.1854,489.7108,271.3217,1.1986,3.7667,326.305,0.3363,0.9008,-30.5368,-0.095,-3.2393,0.262,108.8396,-16.5168,37.3611,93.0344,141.8834,198.9934,298.1284,0.1319,1.0115,101.8193,1.0143,-29.7928,1.0864,-7.7969,1.0864,-0.6659,1.0864,-0.0087,1.1479,0.8056,0.9475,0.0486,59.9824
2026-01-07,21:00:00,7.874,0.0703,1,13.9591,1,-7.277,1,-0.316,2,-0.1625,1,-0.0051,1,-0,-0,-0,17.6155,433.585,436.0857,0.1,1,232.9813,5.7346,5.7676,0.1,1,0.092,2.0831,2.0951,0,1,279.2908,279.454,95249.156,1.1849,1008.3487,0.0244,-0.0105,0.0042,546.3577,952.2701,0.0036,57.3742,405.9125,271.6202,1.8815,4.1549,309.7747,0.2436,0.5151,-87.1917,-0.0333,-1.9183,0.048,84.4295,-12.8125,28.9819,72.1691,110.0624,154.3641,231.2655,0.0697,1.009,13.4147,1.0133,-6.6706,1.0909,-0.2897,1.0909,-0.149,1.0909,-0.0087,1.1496,0.5636,0.4185,0.0481,59.9316
2026-01-07,21:30:00,7.895,0.0336,1,-3.6341,0,4.4029,0,2.1676,1,0.0983,0,-0.0103,1,-0,-0,-0,17.6705,433.7899,436.2754,0.1,1,232.0738,5.6971,5.7298,0.1,1,0.0923,2.0867,2.0986,0,1,278.839,279.0152,95258.9205,1.1869,1008.3208,0.0244,0.0064,0.0042,542.84760000000006,923.8185,0.0036,58.7613,380.9708,271.5326,2.054,4.4538,308.8695,0.1683,0.4334,110.3867,0.0263,-0.8254,-0.018,28.3358,12,25,50,89,180,671,0.0334,1.0072,-3.3629,1.0137,3.9578,1.1124,1.9485,1.1124,0.0883,1.1124,-0.0085,1.1895,0.4407,0.3873,0.0388,59.7576
2026-01-07,22:00:00,7.916,0.0438,1,-3.0458,1,-0.2026,2,1.5396,1,-0.0045,2,7e-4,1,-0,-0,-0,17.8047,435.9827,438.5576,0.1,0,239.7732,5.8713,5.906,0.1,1,0.0922,2.0753,2.0876,-0.2,0,277.9283,278.0975,95282.4857,1.191,1008.4009,0.0243,-3e-4,0.0044,559.5837,866.7337,0.0037,64.5624,307.1501,271.9458,1.6827,3.6585,310.3593,0.1918,0.4134,194.896,0.0149,15.0337,-0.0132,18.2832,8,16,31,55,110,393,0.0435,1.0072,-3.0233,1.0129,-0.1836,1.1036,1.3951,1.1036,-0.0041,1.1036,0.0015,1.1792,0.5303,0.2751,0.0215,59.3184
2026-01-07,22:30:00,7.937,0.0466,1,16.5944,1,1.9129,2,-0.2175,1,0.0426,2,0.0037,1,0,0,0,17.8406,436.2099,438.8035,0.1,1,241.736,5.9106,5.9457,0.1,1,0.0922,2.0721,2.0844,0.9,0,277.6135,277.7964,95280.7855,1.1922,1008.4175,0.0242,0.0028,0.0044,563.3135,848.6953,0.0037,66.3741,285.3818,272.0364,1.8509,3.5512,310.9435,0.1978,0.2624,-39.244,-0.0739,8.6748,0.0698,22.0079,10,18,32,52,91,246,0.0462,1.0091,16.5079,1.0133,1.754,1.0906,-0.1994,1.0906,0.0391,1.0906,-0.0018,1.1494,0.3079,0.1934,0.0235,58.7311
2026-01-07,23:00:00,7.958,0.0229,1,6.9031,1,-3.9158,1,-0.9862,1,-0.0873,1,-0.0027,1,0,0,0,17.8495,435.9003,438.4743,0.1,1,240.3823,5.8703,5.905,0.1,1,0.0925,2.0762,2.0884,0,1,277.3873,277.553,95301.6196,1.1936,1008.3916,0.0242,-0.0057,0.0044,559.6039,834.3572,0.0037,67.0701,274.7533,271.9463,2.1153,3.5339,309.8569,0.1386,0.2172,-32.4787,-0.0893,-1.7629,0.0414,42.3403,19,34,60,96,165,432,0.0227,1.0086,6.6195,1.0133,-3.5824,1.0931,-0.9022,1.0931,-0.0798,1.0931,-0.0044,1.1508,0.2559,0.1572,0.0213,58.3866
2026-01-07,23:30:00,7.979,0.0355,1,17.4669,1,-8.4287,1,-2.2525,1,-0.1879,1,0.0043,1,-0,-0,-0,17.7646,433.7666,436.2947,0.1,1,237.3069,5.7944,5.8282,0.1,1,0.0931,2.0916,2.1038,0.9,0,277.4592,277.6471,95312.8625,1.1933,1008.3516,0.0242,-0.0122,0.0043,552.4311,839.8716,0.0036,65.7757,287.4405,271.7706,2.2522,4.0138,307.8849,0.1724,0.2908,-24.7061,-0.1174,-2.0723,0.0842,34.0026,15,28,48,75,128,327,0.0352,1.0084,16.8261,1.0134,-7.7013,1.0944,-2.0581,1.0944,-0.1717,1.0944,-9e-4,1.1516,0.3433,0.2081,0.0302,58.241
2026-01-08,00:00:00,8,0.0215,0,-1.6742,2,9.9999,1,0.8225,2,0.2229,1,0,2,-0,-0,-0,17.7772,433.7578,436.3187,0.1,1,240.5466,5.8692,5.9039,0.1,1,0.0935,2.0975,2.1098,0,1,277.2496,277.3899,95336.0002,1.1947,1008.3885,0.0242,0.0144,0.0044,559.7005,824.8702,0.0037,67.8532,265.1697,271.9486,2.2135,4.1116,304.6507,0.1343,0.2109,121.8742,0.0238,-0.1674,-0.0103,42.0743,18,37,74,132,267,989,0.0214,1.007,-1.1386,1.0134,9.0033,1.1107,0.7405,1.1107,0.2006,1.1107,-1e-4,1.1846,0.2501,0.1422,0.0296,58.011
2026-01-08,00:30:00,8.02,0.0189,1,-6.0005,0,2.0404,0,1.6189,0,0.0455,0,-0.002,2,-0,-0,-0,17.7506,433.1396,435.6835,0.1,1,239.2832,5.8388,5.8731,0.1,1,0.0936,2.1004,2.1127,0.3,0,277.2942,277.4678,95335.1279,1.1944,1008.3731,0.0242,0.0029,0.0043,556.7966,829.3907,0.0036,67.1332,272.5941,271.8777,1.8028,3.3566,310.8997,0.1259,0.2247,28.0342,0.1034,-2.9408,-0.0396,33.6109,15,31,65,123,270,1198,0.0188,1.0088,-5.8066,1.0174,1.7865,1.1421,1.4174,1.1421,0.0398,1.1421,-2e-4,1.2427,0.2907,0.1369,0.0218,59.5596
2026-01-08,01:00:00,8.041,0.038,1,10.9455,1,0.081,2,-0.9528,2,0.0018,2,-0.0052,1,-0,-0,-0,17.8986,435.8695,438.4877,0.1,0,245.1962,5.9711,6.0069,0.1,1,0.0931,2.083,2.0955,-0.1,0,276.5641,276.724,95363.3969,1.1979,1008.4339,0.0241,1e-4,0.0045,569.5745,787.1117,0.0037,72.3626,217.5372,272.1872,1.8885,3.461,308.5884,0.1781,0.296,-43.4646,-0.0667,135.0896,0.0509,26.2897,11,22,38,62,109,299,0.0376,1.009,10.8265,1.0133,0.0743,1.091,-0.8733,1.091,0.0017,1.091,-0.0083,1.1496,0.3028,0.2611,0.0282,59.9773
2026-01-08,01:30:00,8.062,0.0289,1,3.8511,1,2.9838,2,0.9972,2,0.0664,2,0.0059,2,-0,-0,-0,17.9141,435.5441,438.1497,0.1,1,244.5963,5.9468,5.9824,0.1,1,0.0936,2.0923,2.1048,0,1,276.3718,276.5471,95383.3507,1.1989,1008.4179,0.0241,0.0043,0.0044,567.3811,777.344,0.0037,72.9897,209.9629,272.1345,2.1168,3.3769,309.4085,0.1553,0.1946,-81.8705,-0.0354,1.2907,0.0205,36.793,16,31,56,92,166,483,0.0287,1.0086,3.9637,1.0133,2.7297,1.0931,0.9123,1.0931,0.0608,1.0931,0.0041,1.1508,0.2226,0.1445,0.022,59.0759
2026-01-08,02:00:00,8.083,0.0119,0,8.151,1,0.3824,2,-0.5065,2,0.0085,2,-0.0027,1,-0,-0,-0,17.9263,435.5354,438.1712,0.1,1,247.5909,6.0154,6.0518,0.1,1,0.0934,2.0846,2.0972,-0.1,0,276.1371,276.2872,95415.7285,1.2004,1008.4516,0.0241,6e-4,0.0045,574.1207,763.1844,0.0038,75.227,189.0638,272.2959,2.178,3.3947,305.0239,0.0995,0.1332,-10.1962,-0.2844,21.3128,0.0676,57.126,25,45,76,115,187,433,0.0118,1.0085,8.0791,1.0133,0.3497,1.0937,-0.4631,1.0937,0.0078,1.0937,-0.005,1.1512,0.1555,0.0862,0.0248,57.4038
2026-01-08,02:30:00,8.104,0.0216,0,10.0686,0,3.715,0,-0.8667,0,0.0827,0,-0.0015,0,-0,-0,-0,17.857,433.869,436.4807,0.1,1,246.264,5.9835,6.0195,0.1,1,0.0935,2.0902,2.1027,-0.1,0,276.3476,276.4841,95438.638,1.1999,1008.437,0.0241,0.0054,0.0045,571.2056,773.8916,0.0037,73.8095,202.686,272.2263,1.9579,3.3688,307.2737,0.1343,0.1635,-20.2661,-0.1431,2.7103,0.062,38.5502,17,31,53,83,140,350,0.0214,1.0089,10.1499,1.0133,3.4033,1.0916,-0.7939,1.0916,0.0758,1.0916,-0.0047,1.1499,0.169,0.1349,0.0231,57.2557
2026-01-08,03:00:00,8.124,0.0143,0,16.7066,0,2.7795,2,-2.888,0,0.0619,2,0.0039,0,-0,-0,-0,17.9018,434.9562,437.6241,0.2,0,250.9111,6.0963,6.1337,0.1,1,0.0936,2.0911,2.104,-0.2,0,276.3043,276.4348,95444.5878,1.2001,1008.4982,0.0241,0.004,0.0046,582.0178,771.1979,0.0038,75.4693,189.1801,272.4828,2.0249,3.2652,307.9359,0.1091,0.1605,-6.5541,-0.4425,6.0107,0.1265,42.018,19,33,55,83,132,300,0.0142,1.0087,16.6648,1.0133,2.5448,1.0922,-2.6441,1.0922,0.0567,1.0922,-0.0017,1.1503,0.1936,0.1029,0.0245,56.9702
2026-01-08,03:30:00,8.145,0.0102,0,6.0678,1,0.5096,2,-0.8387,2,0.0113,2,-0.0042,1,0,0,0,17.9403,435.3575,438.0056,0.1,1,249.1314,6.0457,6.0824,0.1,1,0.0937,2.0911,2.1038,-0.1,0,276.0602,276.2234,95484.7102,1.2015,1008.4672,0.0241,7e-4,0.0045,577.4237,759.7473,0.0038,76.0021,182.3237,272.3743,1.8251,3.256,305.0913,0.092,0.1176,-10.8178,-0.2681,11.9059,0.0544,51.4134,23,41,68,104,170,397,0.0101,1.0091,6.0262,1.0133,0.4674,1.0904,-0.7692,1.0904,0.0104,1.0904,-0.0058,1.1493,0.1054,0.1109,0.0189,56.8524
2026-01-08,04:00:00,8.166,0.0202,0,9.6426,1,1.9698,1,-0.7141,0,0.0438,1,0.0065,1,-0,-0,-0,17.9493,435.0679,437.7193,0.1,1,249.8964,6.0572,6.0941,0.1,1,0.0936,2.0857,2.0984,0,1,275.7485,275.8943,95494.9142,1.2031,1008.4687,0.024,0.0028,0.0045,578.5852,742.2177,0.0038,77.9536,163.6325,272.4018,1.8775,3.1417,306.0755,0.1295,0.167,-18.9984,-0.1526,4.8952,0.0614,37.9895,17,31,52,82,137,339,0.02,1.009,9.6372,1.0133,1.8057,1.0909,-0.6546,1.0909,0.0402,1.0909,0.003,1.1495,0.1858,0.123,0.0251,56.4535
2026-01-08,04:30:00,8.187,0.0115,0,2.3138,1,0.6062,1,1.0776,0,0.0135,1,2e-4,2,0,0,0,17.9503,434.8071,437.4426,0.1,1,248.7244,6.0248,6.0613,0.1,1,0.0936,2.0833,2.0959,0,1,275.5828,275.7381,95499.3907,1.2038,1008.4486,0.024,9e-4,0.0045,575.5201,734.0214,0.0038,78.4064,158.5013,272.3292,1.9524,3.3173,306.0583,0.0976,0.1503,-33.9256,-0.0855,3.8167,0.0195,59.5151,26,48,85,135,231,604,0.0114,1.0089,2.3194,1.0133,0.5554,1.0915,0.9872,1.0915,0.0124,1.0915,-6e-4,1.1499,0.157,0.1163,0.0274,56.1867
2026-01-08,05:00:00,8.208,0.0105,0,11.1798,1,-0.1058,2,-0.5727,2,-0.0024,2,0.0019,1,0,0,0,17.9457,434.5313,437.1163,0.1,1,244.2374,5.9139,5.9491,0.1,1,0.0937,2.085,2.0974,0.9,0,275.5027,275.6825,95520.5558,1.2044,1008.387,0.024,-2e-4,0.0044,565.0485,731.1264,0.0037,77.2846,166.0779,272.0783,1.5829,2.6207,309.5521,0.0935,0.1237,-6.1595,-0.4708,-105.6749,0.0985,36.9345,16,29,48,73,116,263,0.0104,1.0098,11.0461,1.0135,-0.0972,1.0885,-0.5262,1.0885,-0.0022,1.0885,-0.0017,1.1484,0.1175,0.1146,0.0153,56.4277
2026-01-08,05:30:00,8.229,0.0115,0,8.0032,1,1.5284,1,-0.354,2,0.034,1,0.0017,0,-0,-0,-0,18.0511,436.3847,439.0031,0.1,1,246.7167,5.9644,6.0002,0.4,0,0.0938,2.0832,2.0957,-0.1,0,274.9669,275.148,95532.9402,1.2069,1008.407,0.0239,0.0022,0.0045,569.9469,703.7821,0.0037,80.9834,133.8351,272.1962,1.7207,2.5946,307.8064,0.0976,0.0914,-9.7926,-0.2961,5.2363,0.0674,43.5859,19,34,58,88,143,333,0.0114,1.0094,7.9922,1.0134,1.4028,1.0896,-0.3249,1.0896,0.0312,1.0896,-0.001,1.1489,0.1071,0.0614,0.0143,55.9864
2026-01-08,06:00:00,8.249,0.0146,0,9.2099,1,0.3183,1,-1.5821,1,0.0071,1,6e-4,1,0,0,0,18.0724,436.4764,439.0797,0.1,1,245.4977,5.9291,5.9645,0.5,0,0.0938,2.0817,2.0941,-0.2,0,274.8279,275.0025,95563.3033,1.2079,1008.3856,0.0239,5e-4,0.0045,566.7596,696.4997,0.0037,81.3725,129.7401,272.1196,1.5968,2.5993,305.9871,0.11,0.0983,-12.2091,-0.2375,28.9365,0.0687,35.6398,16,28,48,74,121,289,0.0145,1.0098,9.1211,1.0135,0.2924,1.0886,-1.4533,1.0886,0.0065,1.0886,-0.0023,1.1484,0.1162,0.0627,0.0178,55.8506
2026-01-08,06:30:00,8.27,0.0226,1,16.2572,1,-4.4548,1,-2.595,2,-0.099,1,-0.0024,1,-0,-0,-0,18.1042,436.8914,439.4728,0.1,1,243.4,5.8737,5.9085,0.1,1,0.0939,2.0817,2.094,-0.1,0,274.6362,274.835,95595.1581,1.2091,1008.3529,0.0239,-0.0064,0.0044,561.6525,688.1933,0.0037,81.6126,126.5408,271.9961,1.5925,2.5436,308.6159,0.1368,0.1634,-13.2866,-0.2183,-3.6494,0.0975,27.0895,12,22,37,57,94,228,0.0224,1.0098,15.8388,1.0135,-4.0923,1.0886,-2.3838,1.0886,-0.091,1.0886,-0.007,1.1484,0.1765,0.132,0.0181,55.7541
2026-01-08,07:00:00,8.291,0.0229,1,12.2438,1,1.3108,2,-2.3079,1,0.0291,2,-0.0013,1,-0,-0,-0,18.193,434.0418,436.6128,0.1,1,246.8232,5.8886,5.9235,0.2,0,0.0939,2.0786,2.0909,-0.1,0,274.3596,274.5261,95609.1894,1.2106,1008.3567,0.0239,0.0019,0.0044,563.1576,673.1124,0.0037,83.6647,109.9548,272.0326,1.9161,2.8979,308.0463,0.1377,0.1351,-17.9839,-0.1613,9.3409,0.0729,35.8047,16,29,49,77,128,317,0.0227,1.0089,12.1737,1.0133,1.2012,1.0912,-2.115,1.0912,0.0267,1.0912,-0.005,1.1497,0.1779,0.0724,0.0199,54.7545
2026-01-08,07:30:00,8.312,0.0075,0,11.5882,0,0.1377,2,-0.9203,2,0.0031,2,0.0014,0,-0,-0,-0,18.0973,435.4098,437.9678,0.1,1,242.7646,5.8408,5.8751,0.5,0,0.0941,2.0841,2.0964,-0.1,0,274.4661,274.645,95620.2928,1.2103,1008.3321,0.0239,2e-4,0.0044,558.6447,678.8844,0.0036,82.2886,120.2398,271.9229,1.809,2.7005,308.4789,0.0789,0.1172,-3.5808,-0.8099,84.1756,0.1203,44.6198,20,35,57,85,134,293,0.0075,1.0092,11.4642,1.0133,0.1263,1.0903,-0.8441,1.0903,0.0028,1.0903,-0.0023,1.1492,0.1254,0.0899,0.019,55.1069
2026-01-08,08:00:00,8.333,0.017,1,7.5,0,0.7051,0,-0.354,2,0.0157,0,-0.0015,1,-0,-0,-0,18.1207,436.3616,438.9402,-0.1,0,243.9573,5.8747,5.9094,0.1,1,0.094,2.0825,2.0948,0,0,274.4937,274.6815,95679.1809,1.2108,1008.3513,0.0239,0.001,0.0044,562.2371,680.6641,0.0037,82.6012,118.427,272.0103,1.3286,2.4207,307.6725,0.1184,0.1807,-18.6726,-0.1553,10.6365,0.0519,27.0164,12,22,37,59,99,246,0.0168,1.0108,7.4475,1.0139,0.6487,1.0869,-0.3256,1.0869,0.0144,1.0869,-0.0038,1.1479,0.2086,0.1328,0.02,55.1765
2026-01-08,08:30:00,8.354,0.0356,1,5.9819,2,9.8425,1,4.9562,1,0.2189,1,0.0027,2,-0,-0,-0,18.0251,434.7793,437.3508,0,0,243.7584,5.8797,5.9144,0.1,1,0.0939,2.0842,2.0966,0,1,274.9078,275.1408,95722.1204,1.2093,1008.3605,0.0239,0.0142,0.0044,562.9637,703.4204,0.0037,80.0323,140.4567,272.0279,1.3374,2.6977,313.1445,0.1716,0.2285,-71.3944,-0.0406,0.6078,0.0286,16.8796,7,14,26,42,77,222,0.0352,1.0108,6.4248,1.0139,9.0548,1.087,4.5595,1.087,0.2014,1.087,0,1.1479,0.2739,0.1627,0.0204,55.8071
2026-01-08,09:00:00,8.374,0.005,1,-3.8033,0,-0.5994,1,2.3766,0,-0.0133,1,0.0043,1,-0,-0,-0,17.9102,432.8397,435.4272,0.1,0,245.884,5.9423,5.9779,0.1,1,0.0935,2.0851,2.0976,0.1,0,275.7507,276.0053,95760.4292,1.206,1008.4075,0.024,-9e-4,0.0045,569.1932,748.0897,0.0037,76.0862,178.8965,272.1781,1.2128,2.1648,319.3065,0.0642,0.1911,5.8798,0.4932,6.345,-0.0487,59.4736,26,58,129,261,635,3525,0.0049,1.0168,-3.713,1.0338,-0.4735,1.2659,1.8774,1.2659,-0.0105,1.2659,0.0041,1.4701,0.1832,0.1892,0.0099,56.1514
2026-01-08,09:30:00,8.395,0.0022,2,-5.6538,2,-4.2159,0,-0.415,1,-0.0941,0,0.0027,1,0,0,0,17.672,429.4166,432.1023,0.1,1,255.7823,6.2153,6.2542,0.1,1,0.0928,2.0941,2.1072,-0.1,0,277.796,278.5851,95778.7413,1.1949,1008.5973,0.0242,-0.0061,0.0046,595.4562,896.6623,0.0039,66.4081,301.206,272.7957,0.8871,2.0013,325.9545,0.0432,0.1884,1.201,2.4147,1.3411,-0.1087,90.7938,40,86,184,358,821,3995,0.0021,1.0486,-5.3036,1.0971,-2.4302,1.7348,-0.2392,1.7348,-0.0542,1.7348,0.0022,2.3379,0.1728,0.1954,0.0086,56.2157
2026-01-08,10:00:00,8.416,0.0179,1,-8.0652,1,2.8474,1,-0.474,2,0.0638,1,-9e-4,2,-0,-0,-0,17.2917,425.3754,427.9659,0.1,1,246.0585,6.053,6.0899,0.1,1,0.0925,2.1324,2.1454,0,1,281.0728,283.3999,95805.7295,1.175,1008.5949,0.0246,0.0041,0.0044,580.0714,1244.9334,0.0038,46.5946,664.862,272.4369,0.2141,1.4615,60.0702,0.1235,0.086,19.7476,0.1469,-2.8325,-0.0551,0.7534,1,1,1,3,6,33,0.0176,1.0194,-7.7459,1.024,2.4806,1.1479,-0.413,1.1479,0.0556,1.1479,0.0014,1.2709,0.0463,0.1112,0.0145,59.0025
2026-01-08,10:30:00,8.437,0.1364,1,2.2948,2,19.1049,1,-0.9603,1,0.4288,1,-0.0167,1,0,0,0,17.2002,427.3558,429.8387,0.1,1,232.4857,5.7763,5.8099,0.1,1,0.0923,2.143,2.1555,-0.1,0,283.178,284.8407,95830.8631,1.1695,1008.4727,0.0247,0.0278,0.0042,553.7,1370.0488,0.0036,40.4146,816.3488,271.8018,1.2569,4.2923,164.0286,0.3415,0.4258,-1467.3151,-0.002,0.1201,0.0057,98.0172,-14.8745,33.6461,83.7836,127.7753,179.2067,268.4844,0.1349,1.0112,3.3046,1.0141,17.582,1.0866,-0.8838,1.0866,0.3946,1.0866,-0.0175,1.1479,0.6875,0.099,0.0651,59.8002
2026-01-08,11:00:00,8.458,0.1364,1,33.4711,1,2.529,1,0.4931,1,0.0568,1,0.0011,1,-0,-0,-0,17.2069,428.3037,430.8898,0.1,1,241.124,6.0019,6.0382,0.1,1,0.0925,2.1465,2.1595,-0.2,0,283.7697,284.8732,95847.6528,1.1695,1008.5964,0.0247,0.0037,0.0044,575.4248,1372.9976,0.0037,41.9101,797.5728,272.3269,1.2672,5.1434,159.7565,0.3415,0.4159,-100.612,-0.0288,13.2347,0.0831,87.3082,-13.2494,29.9701,74.6298,113.8151,159.6273,239.1508,0.1349,1.0111,33.2069,1.0141,2.3274,1.0867,0.4538,1.0867,0.0522,1.0867,-0.0097,1.1479,0.5795,0.1653,0.0869,59.7224
2026-01-08,11:30:00,8.479,0.1855,1,26.6543,1,5.9555,1,0.1722,1,0.1338,1,-0.0014,1,-0,-0,-0,16.9316,422.6008,425.1594,0.2,0,241.1134,6.018,6.0545,0.1,1,0.0914,2.1284,2.1412,-0.1,0,284.5938,285.581,95838.549,1.1665,1008.6198,0.0248,0.0087,0.0044,576.9128,1438.5353,0.0038,40.1042,861.6225,272.3622,1.2075,4.7789,168.9128,0.3987,0.4877,-201.1231,-0.0144,4.4756,0.0568,86.5019,-13.127,29.6933,73.9405,112.7639,158.153,236.9421,0.1834,1.0115,26.6553,1.0143,5.4818,1.0864,0.1585,1.0864,0.1231,1.0864,-0.0099,1.1479,0.632,0.2222,0.1213,59.7238
2026-01-08,12:00:00,8.499,0.152,1,22.6652,1,4.9766,1,0.3615,1,0.1117,1,0.0046,2,-0,-0,-0,16.8951,421.7106,424.2157,0.3,0,236.5827,5.9052,5.9403,0.7,0,0.0915,2.1242,2.1369,-0.2,0,284.5479,284.9977,95827.076,1.1688,1008.5462,0.0247,0.0072,0.0043,566.0339,1384.3338,0.0037,40.8885,818.2999,272.1021,1.397,5.1948,162.4011,0.3606,0.4787,-174.9223,-0.0166,4.5543,0.0533,88.6501,-13.453,30.4307,75.7768,115.5644,162.0807,242.8265,0.1504,1.0105,22.6705,1.0138,4.577,1.0873,0.3325,1.0873,0.1027,1.0873,-0.0031,1.148,0.649,0.2151,0.0933,59.8198
2026-01-08,12:30:00,8.52,0.0987,1,13.4644,1,-10.0534,1,-0.8926,1,-0.2256,1,-0.0115,1,0,0,0,16.9709,423.7467,426.4909,0,0,257.6946,6.4344,6.4761,0.1,1,0.0924,2.1437,2.1576,-0.2,0,284.4822,284.7287,95804.7041,1.1694,1008.8296,0.0247,-0.0146,0.0047,616.611,1359.9427,0.004,45.341,743.3317,273.2759,1.051,3.7189,160.7718,0.2906,0.366,-154.0717,-0.0188,-1.3393,0.0393,87.3685,-13.2585,29.9908,74.6813,113.8937,159.7375,239.3159,0.0975,1.0126,12.7454,1.0149,-9.257,1.086,-0.8219,1.086,-0.2078,1.086,-0.0143,1.1483,0.4783,0.1908,0.0628,59.6929
2026-01-08,13:00:00,8.541,0.1737,1,20.7434,1,2.5646,2,-0.5127,2,0.0576,2,-8e-4,1,0,0,0,16.9541,424.0438,426.8229,0.1,1,260.3256,6.5111,6.5537,0.1,1,0.0924,2.1492,2.1633,-0.1,0,284.662,285.2852,95759.2735,1.1665,1008.8829,0.0248,0.0037,0.0047,623.662,1410.8223,0.0041,44.2056,787.1603,273.4327,1.219,4.5037,160.1021,0.3859,0.5186,-234.1801,-0.0124,8.0884,0.0457,94.1584,-14.2889,32.3215,80.4852,122.745,172.1516,257.9145,0.1718,1.0114,20.6351,1.0142,2.3605,1.0865,-0.4719,1.0865,0.053,1.0865,-0.0074,1.1479,0.7249,0.2205,0.0919,59.7198
2026-01-08,13:30:00,8.562,0.2252,1,17.3531,1,8.3444,1,1.0506,1,0.1875,1,0.0055,2,-0,-0,-0,16.8835,423.6321,426.3952,0.1,1,258.2656,6.4803,6.5225,0.1,1,0.0917,2.1392,2.1532,0,1,285.19,285.8496,95720.2075,1.1637,1008.8777,0.0248,0.0121,0.0047,620.4581,1464.1227,0.004,42.3775,843.6646,273.3617,1.2311,5.4677,168.1727,0.4399,0.6306,-414.4262,-0.007,2.0796,0.0336,87.9082,-13.3404,30.176,75.1426,114.5972,160.7242,240.7942,0.2227,1.0114,17.6028,1.0142,7.68,1.0865,0.9669,1.0865,0.1725,1.0865,-8e-4,1.1479,0.8243,0.2952,0.1417,59.8327
2026-01-08,14:00:00,8.583,0.1745,1,18.8125,1,0.2257,2,-0.1038,1,0.0051,2,-0.0027,1,0,0,0,16.84,422.6532,425.3551,0,0,253.0874,6.352,6.3926,0.1,1,0.0914,2.1305,2.1441,-0.2,0,285.4763,285.8111,95723.8219,1.164,1008.8069,0.0248,3e-4,0.0046,608.2032,1460.4309,0.004,41.6455,852.2277,273.0869,1.1693,4.2451,167.779,0.3872,0.486,-260.6208,-0.0111,83.3636,0.0414,83.808,-12.7182,28.7686,71.6378,109.2522,153.2277,229.5631,0.1724,1.0117,18.5955,1.0144,0.2077,1.0863,-0.0956,1.0863,0.0047,1.0863,-0.0084,1.148,0.5143,0.3339,0.1237,59.79
2026-01-08,14:30:00,8.604,0.1478,1,7.5998,1,-3.0172,1,-0.5233,1,-0.0678,1,-0.0072,1,0,0,0,16.8611,422.5816,425.2609,0.1,1,251.3833,6.3003,6.3403,0.1,1,0.0914,2.1275,2.141,-0.3,0,285.4116,285.5175,95728.2505,1.1653,1008.7725,0.0248,-0.0044,0.0046,603.279,1432.5474,0.0039,42.1123,829.2684,272.975,0.9552,4.274,167.7756,0.3562,0.3952,-502.4368,-0.0058,-2.5189,0.0182,87.571,-13.2892,30.0603,74.8544,114.1577,160.1077,239.8706,0.1459,1.0134,7.3345,1.0154,-2.7783,1.086,-0.4819,1.086,-0.0624,1.086,-0.0088,1.1487,0.4678,0.2287,0.0938,59.6686
2026-01-08,15:00:00,8.624,0.1284,0,3.6647,0,9.8689,0,0.1706,0,0.2217,0,6e-4,0,-0,-0,-0,16.8829,422.8944,425.6013,0,0,253.9115,6.3602,6.4009,0.1,1,0.0914,2.1286,2.1423,-0.4,0,285.4163,285.5827,95718.2214,1.1649,1008.8065,0.0248,0.0144,0.0046,608.9464,1438.6981,0.004,42.3262,829.7517,273.1037,0.9788,5.0105,173.2095,0.332,0.4889,-843.6105,-0.0034,0.3713,0.0094,80.4141,-12.2032,27.6036,68.7368,104.8279,147.0227,220.2667,0.1267,1.0132,4.1582,1.0152,9.0875,1.086,0.1571,1.086,0.2041,1.086,-0.0012,1.1485,0.5473,0.3296,0.1009,59.5939
2026-01-08,15:30:00,8.645,0.3112,0,5.6947,0,10.0156,0,0.3558,2,0.2252,0,0.0022,2,-0,-0,-0,16.7872,422.0524,424.7398,0,0,251.6634,6.3271,6.3674,0.1,1,0.091,2.1307,2.1442,0,1,285.7676,286.6843,95704.0983,1.1602,1008.8118,0.0249,0.0146,0.0046,605.6961,1546.191,0.0039,39.1734,940.4949,273.03,1.3205,6.1302,176.4873,0.5179,0.8551,-2060.8649,-0.0014,0.5686,0.0094,82.7993,-12.5651,28.4223,70.7756,107.9372,151.3835,226.8001,0.3079,1.0109,6.1778,1.014,9.2148,1.0869,0.3274,1.0869,0.2072,1.0869,-4e-4,1.1479,0.9,0.5819,0.2282,59.5872
2026-01-08,16:00:00,8.666,0.1933,0,-8.5515,0,5.0279,0,0.3296,1,0.113,0,-1e-4,1,-0,-0,-0,16.8202,422.111,424.8273,0.1,0,254.777,6.3937,6.4349,0.1,1,0.0912,2.13,2.1438,0,1,285.8218,286.1137,95755.2576,1.1631,1008.836,0.0248,0.0073,0.0046,612.3983,1489.6655,0.004,41.1098,877.2672,273.1815,1.0532,4.7851,168.1686,0.4076,0.5682,669.4472,0.0043,-1.7008,-0.0179,81.3485,-12.3449,27.9243,69.5354,106.0459,148.7309,222.826,0.1917,1.0083,-8.1887,1.0125,4.5982,1.0934,0.3015,1.0934,0.1033,1.0934,0.0022,1.1681,0.5663,0.4222,0.1478,59.3913
2026-01-08,16:30:00,8.687,0.228,1,-31.3092,0,4.4592,1,0.4447,1,0.1002,1,0.0013,0,0,0,0,16.8627,421.6822,424.4153,0.2,0,257.5199,6.4398,6.4815,0.1,1,0.0915,2.1315,2.1454,0.4,0,285.6414,285.5736,95744.5016,1.1652,1008.8498,0.0248,0.0065,0.0047,616.7371,1437.8345,0.004,42.8935,821.0974,273.2787,1.1568,5.0701,178.9541,0.4424,0.686,233.7006,0.0124,-7.0212,-0.0602,83.7328,-12.7068,28.7428,71.5736,109.1542,153.0903,229.3572,0.2262,1.008,-30.7354,1.0128,4.0629,1.0975,0.4051,1.0975,0.0913,1.0975,0.0104,1.1745,0.5714,0.6387,0.1619,59.141
2026-01-08,17:00:00,8.708,0.0928,1,-22.5236,0,6.949,1,0.5725,0,0.156,1,0.0032,0,-0,-0,-0,16.9792,423.5065,426.4201,0.1,1,273.9359,6.8327,6.8797,0.1,1,0.0923,2.142,2.1567,0,1,284.948,284.8244,95750.3011,1.1681,1009.0494,0.0247,0.0101,0.005,654.409,1368.5797,0.0043,47.8167,714.1707,274.0987,0.7212,3.3838,187.8382,0.2819,0.3107,84.0348,0.0345,-3.2413,-0.0678,73.2695,-11.1189,25.151,62.6296,95.5142,133.96,200.6964,0.0919,1.01,-21.8739,1.0146,6.2942,1.104,0.5185,1.104,0.1413,1.104,0.0093,1.1898,0.2228,0.3068,0.0918,58.8968
2026-01-08,17:30:00,8.729,0.061,0,-53.7402,1,3.2344,1,3.8686,1,0.0726,1,-0.0033,1,-0,-0,-0,17.0419,424.351,427.3389,0.2,0,280.7864,6.9917,7.0409,0.1,1,0.0926,2.1435,2.1586,0,0,284.3115,284.171,95758.7196,1.1709,1009.1235,0.0247,0.0047,0.0051,669.697,1310.5805,0.0044,51.0993,640.8834,274.4196,0.4589,2.9148,204.7966,0.2283,0.3533,18.7213,0.1549,-16.615,-0.1992,63.7352,-9.6721,21.8782,54.4799,83.0853,116.5283,174.5806,0.0602,1.0134,-52.5806,1.0211,2.8181,1.1477,3.3707,1.1477,0.0632,1.1477,0.0123,1.2714,0.2403,0.3809,0.0853,58.7317
2026-01-08,18:00:00,8.749,0.0165,0,-0.6958,2,4.4381,1,-2.4017,0,0.0994,1,0.0053,1,0,0,0,17.2979,429.0864,432.122,-0.1,0,283.1969,7.0249,7.0746,0.1,1,0.0929,2.1388,2.1539,0,0,283.0851,282.9767,95769.8891,1.1759,1009.1186,0.0246,0.0064,0.0052,672.9554,1210.153,0.0044,55.6091,537.1976,274.4871,0.2523,1.7903,21.1402,0.1184,0.1456,201.6707,0.0144,-0.1568,-0.005,1.558,1,1,3,4,9,28,0.0162,1.0203,-0.4465,1.0185,4.04,1.0985,-2.1862,1.0985,0.0905,1.0985,0.0048,1.1787,0.0953,0.1611,0.0348,58.5217
2026-01-08,18:30:00,8.77,0.0425,1,14.2961,1,8.5482,1,-4.0365,1,0.1914,1,0.0107,1,-0,-0,-0,17.3621,429.6564,432.7387,0.1,1,287.8266,7.1228,7.1739,0.1,1,0.0932,2.1405,2.1558,0,1,282.5987,282.5046,95817.9627,1.1784,1009.1634,0.0245,0.0124,0.0052,682.6724,1172.3586,0.0044,58.2307,489.6862,274.6869,0.3513,1.6764,33.0128,0.1899,0.2021,-40.5199,-0.0716,1.6724,0.0633,1.2528,1,1,2,3,6,15,0.0413,1.0287,14.4357,1.0252,7.8054,1.0952,-3.6858,1.0952,0.1748,1.0952,0.0048,1.1619,0.1307,0.251,0.0226,58.3583
2026-01-08,19:00:00,8.791,0.0378,1,-7.3106,1,4.6084,1,0.3439,2,0.1032,1,7e-4,1,0,0,0,17.3718,429.3777,432.4949,0.1,1,291.6016,7.2075,7.2598,0.1,1,0.0933,2.1431,2.1586,0,1,282.4162,282.3373,95845.4323,1.1794,1009.2068,0.0245,0.0067,0.0053,690.9905,1159.2243,0.0045,59.608,468.2338,274.8559,0.3087,1.4518,30.8342,0.1791,0.1535,66.4926,0.0436,-1.5864,-0.0343,0.9088,1,1,2,3,6,22,0.0372,1.0164,-6.9522,1.0182,4.1542,1.1093,0.31,1.1093,0.093,1.1093,0.0025,1.2,0.1586,0.1213,0.0272,58.2055
2026-01-08,19:30:00,8.812,0.1395,1,102.6067,1,28.4991,1,-15.3865,1,0.6382,1,0.0369,2,0,0,0,17.2771,426.8373,430.0151,0.1,1,299.1274,7.39,7.4451,0.1,1,0.0936,2.1503,2.1663,0,1,282.5921,282.4014,95817.6898,1.1787,1009.3083,0.0245,0.0414,0.0054,708.2863,1164.2421,0.0046,60.8367,455.9558,275.2016,0.2758,3.3695,9.1558,0.344,0.268,-33.5512,-0.0864,3.6004,0.2507,85.0534,-12.9072,29.1961,72.7023,110.8756,155.5047,232.9743,0.1348,1.0348,101.4532,1.0292,25.9088,1.1,-13.9881,1.1,0.5802,1.1,0,1.1678,0.1971,0.2447,0.0941,58.0192
2026-01-08,20:00:00,8.833,0.07,1,-34.8451,1,-13.7363,1,5.0712,1,-0.3076,1,-0.023,2,0,0,0,17.2745,426.7546,429.9967,0.1,1,305.2071,7.5399,7.5972,0.1,1,0.0938,2.1542,2.1706,0,1,282.5173,282.3066,95808.9856,1.179,1009.3889,0.0245,-0.0199,0.0055,722.5886,1156.8282,0.0047,62.4629,434.2397,275.4819,0.1498,3.9287,134.2141,0.2437,0.3177,35.1156,0.0826,2.5367,-0.1202,41.9888,-6.372,14.4134,35.8914,54.7366,76.7689,115.0138,0.0683,1.0258,-34.7988,1.0248,-12.1436,1.1311,4.4832,1.1311,-0.2719,1.1311,-0.0087,1.2375,0.0652,0.2944,0.2759,57.8203
2026-01-08,20:30:00,8.854,0.1176,1,-21.5243,0,1.5577,1,-0.0454,2,0.0349,1,-0.0013,0,-0,-0,-0,17.1557,425.0095,428.3402,0.1,1,313.873,7.7758,7.8367000000000004,0.1,1,0.094,2.1666,2.1836,0.6,0,283.4836,283.2448,95843.6142,1.1754,1009.5361,0.0246,0.0023,0.0057,745.459,1232.0856,0.0049,60.5038,486.6266,275.92,0.6722,4.2683,194.5881,0.3163,0.4061,124.353,0.0233,-13.8181,-0.0573,74.3048,-11.276,25.5064,63.5146,96.8638,135.8529,203.5324,0.1164,1.0104,-21.1897,1.0143,1.4164,1.0998000000000001,-0.0413,1.0998000000000001,0.0317,1.0998000000000001,0.0054,1.1823,0.2786,0.422,0.1116,57.833
2026-01-08,21:00:00,8.874,0.1509,1,-61.8307,1,-2.8009,2,5.706,1,-0.0627,2,-0.0065,1,-0,-0,-0,17.2457,426.9373,430.2738,0.3,0,313.2257,7.7543,7.8149,0.5,0,0.0941,2.1657,2.1827,0,1,283.0441,282.8287,95899.5221,1.1778,1009.5165,0.0245,-0.0041,0.0057,743.8319,1198.1913,0.0048,62.0796,454.3594,275.8892,0.562,3.8417,170.7095,0.358,0.3723,62.7822,0.0462,22.0755,-0.1453,81.0668,-12.3022,27.8276,69.2947,105.6788,148.216,222.0546,0.1492,1.0114,-61.1668,1.0158,-2.5262,1.1087,5.1464,1.1087,-0.0566,1.1087,0.0132,1.1992,0.3305,0.2992,0.1149,57.7334
2026-01-08,21:30:00,8.895,0.1547,1,-23.6278,1,7.4691,1,3.6756,1,0.1672,1,-0.0074,2,-0,-0,-0,17.3244,428.1339,431.4731,0.1,0,313.1613,7.7391,7.7994,0.1,1,0.0942,2.162,2.1789,0,1,282.5619,282.3333,95860.4423,1.1794,1009.4989,0.0245,0.0108,0.0057,742.0689,1158.9075,0.0048,64.0318,416.8386,275.8558,0.1624,2.6623,127.1195,0.3622,0.3733,170.07,0.0171,-3.1634,-0.0548,60.9585,-9.2507,20.9251,52.1064,79.4656,111.4516,166.9748,0.1505,1.0282,-22.7661,1.0226,6.7525,1.1061,3.323,1.1061,0.1512,1.1061,1e-4,1.1901,0.171,0.3357,0.2399,57.6319
2026-01-08,22:00:00,8.916,0.101,0,-36.8123,0,2.1057,1,3.6874,1,0.0472,1,-0.0053,0,-0,-0,-0,17.1592,425.0194,428.3306,0.2,0,312.1009,7.7305,7.7907,0.1,1,0.094,2.1659,2.1828,0.9,0,283.2448,283.0008,95827.7479,1.1762,1009.5066,0.0246,0.0031,0.0057,740.9952,1212.1068,0.0048,61.1328,471.1116,275.8354,0.7178,4.64,202.4131,0.293,0.6019,57.8056,0.0502,-17.4825,-0.1058,69.1022,-10.4865,23.7205,59.0675,90.0817,126.3408,189.2816,0.1,1.0102,-36.2345,1.0153,1.8965,1.1103,3.3212,1.1103,0.0425,1.1103,0.0064,1.2012,0.4795,0.6095,0.1148,57.6762
2026-01-08,22:30:00,8.937,0.092,1,96.8799,0,8.7751,0,-15.5844,0,0.1964,0,0.0196,0,0,0,0,17.3903,429.6243,432.977,0.1,1,313.4311,7.7433,7.8037,0.1,1,0.0943,2.1593,2.1761,0,1,281.8923,281.7266,95838.9344,1.1817,1009.4903,0.0244,0.0127,0.0057,742.3039,1112.3496,0.0048,66.733,370.0456,275.8603,0.1259,3.1708,67.6198,0.279,0.1854,-18.956,-0.153,11.0403,0.2911,71.4891,-10.8488,24.5399,61.1078,93.1933,130.705,195.8198,0.0864,1.0642,93.0467,1.0489,7.8028,1.1246,-13.8576,1.1246,0.1746,1.1246,-0.0126,1.1981,0.1277,0.1475,0.0956,57.5021
2026-01-08,23:00:00,8.958,0.1138,1,-5.984,2,7.0316,0,-0.5584,2,0.1574,0,5e-4,2,-0,-0,-0,17.2913,426.5868,429.9164,0.1,1,313.9261,7.7447,7.8052,0.7,0,0.0945,2.1639,2.1808,0,0,281.9955,281.7898,95826.4548,1.1813,1009.4922,0.0244,0.0102,0.0057,742.35,1117.1225,0.0048,66.452,374.7725,275.8611,0.5263,3.8834,152.735,0.3104,0.3918,422.6579,0.0069,-0.851,-0.0162,72.6958,-11.0319,24.9541,62.1393,94.7663,132.9111,199.1251,0.1125,1.0121,-5.5362,1.0144,6.4312,1.0934,-0.5107,1.0934,0.1439,1.0934,0.0018,1.1709,0.2669,0.4032,0.1135,57.3078
2026-01-08,23:30:00,8.979,0.0951,1,28.9146,0,11.9249,0,-3.9972,0,0.2666,0,0.0082,0,-0,-0,-0,17.4167,428.4893,431.8036,0.1,1,311.9922,7.6757,7.7351,-0.5,0,0.0948,2.1611,2.1778,0,1,280.9046,280.7745,95809.5908,1.1853,1009.4363,0.0244,0.0173,0.0057,735.601,1042.6077,0.0048,70.554,307.0067,275.7326,0.2773,3.1263,47.6016,0.2832,0.3194,-66.4136,-0.0437,2.4247,0.0853,73.9379,-11.2204,25.3805,63.201,96.3856,135.1821,202.5274,0.0919,1.0347,28.7984,1.0291,10.8422,1.0999,-3.6343,1.0999,0.2424,1.0999,-0.0023,1.1677,0.2698,0.2784,0.0905,56.9633
2026-01-21,00:00:00,21,0.0025,0,23.0488,0,11.2604,0,0.3279,0,0.2481,0,-0.0033,0,0,0,0,18.4976,427.6234,428.444,0.1,1,82.8449,1.9152,1.9189,0.1,1,0.0995,2.1093,2.1133,0,0,264.8614,265.3697,96503.2909,1.266,1006.0922,0.0229,0.0161,0.0015,184.8715,339.8623,0.0012,54.396,154.9908,257.7434,0.9661,2.0742,325.6713,0.0446,0.1057,-0.3276,-8.8523,2.0469,0.4054,15.2403,7,12,19,28,43,90,0.0025,1.0133,23.2752,1.0153,10.3688,1.086,0.3019,1.086,0.2285,1.086,-0.011,1.1486,0.0708,0.115,0.0255,69.0956
2026-01-21,00:30:00,21.02,0.0091,0,24.114,0,11.1823,0,-0.5184,1,0.2463,0,-3e-4,0,-0,-0,-0,18.5084,427.674,428.4628,0.1,1,79.6739,1.841,1.8444,0.1,1,0.0996,2.1081,2.112,-0.1,0,264.6358,265.1555,96487.4263,1.2669,1006.0505,0.0228,0.016,0.0015,177.6833,334.2587,0.0011,53.1574,156.5754,257.266,1.0842,2.4847,327.9022,0.0847,0.131,-2.1417,-1.3541,2.1564,0.2233,18.3845,8,14,23,35,55,121,0.009,1.0123,24.3334,1.0147,10.296,1.0861,-0.4773,1.0861,0.2268,1.0861,-0.0085,1.1482,0.0813,0.1545,0.0262,69.0093
2026-01-21,01:00:00,21.041,0.0126,1,27.863,0,12.7335,0,-0.8543,1,0.2805,0,-0.0033,0,-0,-0,-0,18.5031,427.3953,428.1603,0.2,0,77.3536,1.7868,1.79,0.1,1,0.0997,2.1093,2.1131,0,0,264.5863,265.0997,96475.2248,1.267,1006.0208,0.0228,0.0182,0.0014,172.4245,332.8131,0.0011,51.8082,160.3886,256.9056,1.0696,2.3089,322.4037,0.0997,0.1368,-3.02,-0.9602,2.1882,0.2192,16.5886,7,13,21,32,51,114,0.0124,1.0124,28.1049,1.0148,11.7245,1.0861,-0.7866,1.0861,0.2583,1.0861,-0.0126,1.1482,0.0769,0.1674,0.0294,69.2893
2026-01-21,01:30:00,21.062,0.0157,1,22.0145,0,17.9962,0,0.6502,0,0.3964,0,-0.0072,0,0,0,0,18.5333,428.0334,428.8242,0.1,1,79.8515,1.8442,1.8476,0.1,1,0.0999,2.1122,2.1161,0,0,264.4915,265.004,96471.6402,1.2674,1006.0508,0.0228,0.0257,0.0015,177.9606,330.3453,0.0011,53.8711,152.3848,257.2847,0.9352,2.1887,323.3077,0.1112,0.1468,-5.3004,-0.5471,1.2233,0.1553,14.1672,6,11,19,28,46,107,0.0155,1.0136,22.5847,1.0155,16.5709,1.086,0.5987,1.086,0.365,1.086,-0.0148,1.1488,0.0587,0.2056,0.0294,67.7575
2026-01-21,02:00:00,21.083,0.0134,0,22.6401,0,8.0642,1,-0.3241,2,0.1776,1,-0.0017,1,-0,-0,-0,18.5334,428.0327,428.8301,0.2,0,80.5177,1.8596,1.863,0.1,1,0.1001,2.1168,2.1208,0.1,0,264.4461,264.9599,96460.9262,1.2674,1006.0586,0.0228,0.0115,0.0015,179.424,329.2134,0.0012,54.5008,149.7894,257.3831,0.9505,2.482,317.8496,0.1027,0.1667,-4.058,-0.7146,2.8075,0.1729,14.9856,7,12,20,30,47,108,0.0132,1.0135,22.7104,1.0154,7.4256,1.086,-0.2984,1.086,0.1636,1.086,-0.0092,1.1487,0.1298,0.1788,0.0248,68.9776
2026-01-21,02:30:00,21.104,0.0117,0,38.0506,0,27.9131,0,2.7047,0,0.6147,0,-0.0141,0,-0,-0,-0,18.5466,428.2333,429.0262,0.1,0,80.046,1.8482,1.8517,0.1,1,0.1003,2.1186,2.1225,-0.1,0,264.2756,264.7733,96449.6722,1.2682,1006.0509,0.0228,0.0398,0.0015,178.3089,324.4663,0.0012,54.9545,146.1574,257.3082,1.3855,2.9425,326.6343,0.0961,0.1917,-1.9783,-1.4659,1.3632,0.3104,20.673,9,16,26,39,61,134,0.0116,1.0106,38.9365,1.0138,25.6731,1.0873,2.4877,1.0873,0.5654,1.0873,-0.027,1.148,0.2065,0.144,0.033,69.0301
2026-01-21,03:00:00,21.124,0.0149,0,36.5234,0,33.8775,1,2.1349,1,0.7461,1,-0.0096,1,-0,-0,-0,18.5275,427.8104,428.6052,0.1,1,80.3147,1.8545,1.858,0.1,1,0.1002,2.1193,2.1232,-0.1,0,264.3916,264.8803,96434.6448,1.2675,1006.0552,0.0228,0.0483,0.0015,178.8872,327.181,0.0012,54.6753,148.2938,257.3471,1.2018,2.6407,332.9747,0.1083,0.1536,-2.9544,-0.9816,1.0781,0.2644,17.1994,8,13,22,33,53,118,0.0147,1.0115,37.7101,1.0143,31.1832,1.0864,1.9651,1.0864,0.6868,1.0864,-0.0227,1.1479,0.1316,0.1422,0.0333,68.9593
2026-01-21,03:30:00,21.145,0.0013,2,23.2623,0,13.8357,0,0.6994,1,0.3047,0,-0.0033,0,-0,-0,-0,18.5381,428.3548,429.1718,0.1,1,82.3863,1.9037,1.9073,0.1,1,0.1001,2.1168,2.1209,0,0,264.4562,264.9535,96417.9377,1.2669,1006.0823,0.0228,0.0197,0.0015,183.5976,329.0516,0.0012,55.796,145.454,257.66,1.2157,2.8407,310.6868,0.0322,0.2323,-0.1213,-23.9111,1.6813,0.5676,17.2924,8,13,21,31,48,100,0.0013,1.0114,23.6359,1.0142,12.7347,1.0865,0.6437,1.0865,0.2805,1.0865,-0.0113,1.1479,0.198,0.2339,0.0327,68.9866
2026-01-21,04:00:00,21.166,0.0045,1,25.9068,0,14.6144,1,0.7409,1,0.3219,1,-0.0036,0,-0,-0,-0,18.5542,428.9539,429.8174,0.1,1,86.8964,2.009,2.013,0.1,1,0.0998,2.1131,2.1174,0,0,264.5937,265.0853,96420.0919,1.2662,1006.14,0.0229,0.0209,0.0016,193.7555,332.4397,0.0013,58.2829,138.6842,258.311,0.9617,2.237,328.8458,0.0598,0.2328,-0.6989,-4.1495,1.7727,0.3403,15.34,7,12,19,28,44,94,0.0045,1.0134,26.2579,1.0153,13.4572,1.086,0.6823,1.086,0.2964,1.086,-0.0125,1.1486,0.1737,0.2645,0.0274,68.7914
2026-01-21,04:30:00,21.187,0.0055,1,23.8909,0,9.2639,0,0.1056,1,0.2041,0,-0.0012,0,0,0,0,18.529,428.4333,429.3004,0.1,1,87.3528,2.0198,2.0239,0.1,1,0.0998,2.1124,2.1167,0,0,264.6135,265.1164,96436.9443,1.2663,1006.1461,0.0229,0.0132,0.0016,194.835,333.2443,0.0013,58.4661,138.4093,258.3784,1.0186,2.5844,315.7763,0.0656,0.1841,-1.0035,-2.89,2.5789,0.2858,17.1737,8,13,22,32,50,107,0.0054,1.0129,24.0126,1.015,8.5303,1.086,0.0973,1.086,0.1879,1.086,-0.0092,1.1484,0.1842,0.1602,0.0239,68.6
2026-01-21,05:00:00,21.208,0.013,1,23.0393,0,13.4015,0,-0.4613,2,0.2952,0,-3e-4,0,0,0,0,18.5188,427.9487,428.7741,0.1,1,83.2993,1.925,1.9287,0.1,1,0.0999,2.1124,2.1165,0,0,264.451,264.9576,96442.0542,1.2672,1006.0937,0.0228,0.0191,0.0015,185.6966,329.155,0.0012,56.4162,143.4584,257.7971,0.7172,1.8963,336.6651,0.1014,0.1461,-3.8433,-0.7546,1.7192,0.1782,10.1108,5,8,13,20,33,75,0.0128,1.0165,23.3268,1.0173,12.3299,1.0869,-0.4244,1.0869,0.2716,1.0869,-0.0083,1.1508,0.1006,0.1694,0.0222,68.6956
2026-01-21,05:30:00,21.229,0.0079,1,26.0672,0,10.1746,0,-0.2946,1,0.2241,0,-5e-4,0,-0,-0,-0,18.5459,428.5068,429.3791,0.1,1,87.9295,2.0316,2.0358,0.1,1,0.0997,2.1089,2.1132,0.1,0,264.4246,264.9311,96459.4244,1.2675,1006.1508,0.0228,0.0145,0.0016,196.022,328.4775,0.0013,59.6759,132.4555,258.4521,0.7618,1.5333,326.4638,0.0788,0.0797,-1.5905,-1.8233,2.562,0.2595,11.5235,5,9,15,22,35,76,0.0077,1.0158,26.1576,1.0168,9.3637,1.0866,-0.2712,1.0866,0.2062,1.0866,-0.0092,1.1502,0.0523,0.0841,0.0229,68.4616
2026-01-21,06:00:00,21.249,6e-4,1,18.5796,0,6.932,0,-0.6991,1,0.1527,0,7e-4,0,-0,-0,-0,18.5028,427.3618,428.1651,0.2,0,81.2339,1.8763,1.8798,0.1,1,0.0999,2.1114,2.1154,0.1,0,264.2524,264.7711,96442.3181,1.2681,1006.0659,0.0228,0.0099,0.0015,181.0004,324.4097,0.0012,55.7938,143.4093,257.4884,0.7985,1.5902,321.3514,0.0222,0.0632,-0.0502,-57.7259,2.6803,0.6548,10.6778,5,8,13,19,29,61,6e-4,1.0153,18.633,1.0165,6.3807,1.0864,-0.6435,1.0864,0.1405,1.0864,-0.0056,1.1498,0.0444,0.0638,0.0182,68.6431
2026-01-21,06:30:00,21.27,0.0045,0,25.725,0,10.866,0,-0.0276,2,0.2393,0,-0.0021,0,-0,-0,-0,18.5575,428.4313,429.291,0.3,0,86.7366,2.0025,2.0065,0.1,1,0.0999,2.1104,2.1146,0.1,0,264.2443,264.7388,96459.6441,1.2684,1006.1335,0.0228,0.0155,0.0016,193.208,323.5949,0.0012,59.7068,130.3869,258.2767,0.8668,1.8058,320.4966,0.0595,0.0709,-0.6966,-4.1632,2.3675,0.3385,13.6245,6,11,17,25,39,84,0.0044,1.0144,25.8764,1.0159,10.0043,1.0861,-0.0254,1.0861,0.2203,1.0861,-0.0107,1.1492,0.0533,0.0653,0.0232,68.6737
2026-01-21,07:00:00,21.291,0.0052,0,23.0697,0,6.1973,0,-0.2163,1,0.1365,0,-0.0016,0,-0,-0,-0,18.6194,429.6369,430.5289,0.1,1,89.7847,2.0718,2.0761,0.1,1,0.0999,2.1097,2.1141,0.1,0,264.1879,264.6814,96477.351,1.2689,1006.1702,0.0228,0.0088,0.0016,199.9315,322.1489,0.0013,62.0618,122.2174,258.6921,0.8824,1.7613,312.5959,0.0643,0.069,-0.9782,-2.9647,3.7226,0.281,14.6759,7,11,19,27,43,92,0.0052,1.0142,23.0325,1.0158,5.706,1.0861,-0.1991,1.0861,0.1256,1.0861,-0.0091,1.1491,0.0513,0.0603,0.0264,68.6946
2026-01-21,07:30:00,21.312,0.0031,0,22.151,0,7.9708,1,-0.4857,1,0.1755,1,-0.0042,0,0,0,0,18.6515,428.1891,429.1283,0.1,0,95.3329,2.1886,2.1934,0.1,1,0.0997,2.1076,2.1123,0.1,0,264.3477,264.8174,96479.9841,1.2682,1006.2343,0.0228,0.0114,0.0017,211.2116,325.5822,0.0014,64.872,114.3706,259.3618,0.9934,1.7662,307.8002,0.0494,0.0717,-0.461,-6.2911,2.779,0.3516,16.4389,7,13,21,30,47,98,0.0031,1.0131,22.2311,1.0151,7.3396,1.086,-0.4473,1.086,0.1616,1.086,-0.0113,1.1485,0.0533,0.0647,0.0254,68.5695
2026-01-21,08:00:00,21.333,0.0072,0,25.9027,0,3.2065,1,-0.8344,2,0.0706,1,-0.0011,0,0,0,0,18.6501,422.391,423.3604,0.1,1,101.1114,2.29,2.2952,0.1,1,0.0994,2.1047,2.1095,0,0,264.64,265.1011,96493.0528,1.267,1006.2914,0.0228,0.0046,0.0018,221.0276,332.8502,0.0014,66.4045,111.8226,259.9191,1.0598,2.0644,305.7375,0.0756,0.0986,-1.4141,-2.0508,8.0783,0.2689,17.5214,8,14,22,33,52,111,0.0071,1.0125,25.7022,1.0148,2.9524,1.086,-0.7683,1.086,0.065,1.086,-0.0093,1.1482,0.0646,0.1067,0.0259,68.1559
2026-01-21,08:30:00,21.354,0.0252,1,27.321,1,4.2716,2,1.4733,0,0.0942,2,0.0013,0,-0,-0,-0,18.5436,424.321,425.3041,-0.2,0,101.026,2.3117,2.3171,0.1,1,0.099,2.1077,2.1126,0,0,265.7738,266.2824,96492.3044,1.2613,1006.3141,0.0229,0.0061,0.0018,223.1225,364.6854,0.0014,61.1822,141.5629,260.0352,0.638,1.9997,304.8026,0.1414,0.2665,-8.7942,-0.3298,6.3959,0.1522,6.1087,3,5,8,13,22,55,0.0248,1.018,27.0649,1.0182,3.9273,1.0877,1.3545,1.0877,0.0866,1.0877,-0.0075,1.152,0.3542,0.1335,0.0454,66.7022
2026-01-21,09:00:00,21.374,0.1282,0,-14.0021,2,10.5321,1,0.0837,0,0.2329,1,-0.0026,2,0,0,0,18.1995,425.2604,425.9419,0.1,1,68.4766,1.6001,1.6026,0.1,1,0.099,2.1354,2.1388,-0.2,0,268.5826,269.3038,96487.0801,1.2474,1005.9639,0.0232,0.0151,0.0012,154.427,458.7795,0.001,33.6604,304.3525,255.5933,0.9505,4.8703,172.04,0.3205,0.3588,199.6555,0.0145,-1.3295,-0.0348,79.486,-12.0623,27.285,67.9434,103.618,145.3257,217.7244,0.1271,1.0087,-13.3003,1.0131,9.6015,1.0969,0.0763,1.0969,0.2123,1.0969,0.0012,1.1752,0.3875,0.2333,0.0968,66.3438
2026-01-21,09:30:00,21.395,0.1408,1,8.6603,1,3.1171,1,0.4925,1,0.0691,1,4e-4,1,0,0,0,18.096,425.4274,426.0473,0.2,0,61.8852,1.4549,1.457,0.1,1,0.0985,2.1444,2.1475,-0.2,0,269.6756,271.4389,96511.032,1.238,1005.9121,0.0234,0.0045,0.0011,140.4509,537.7061,9e-4,26.1204,397.2552,254.4762,1.3624,5.4609,167.0196,0.3373,0.4352,-376.1926,-0.0077,2.7784,0.0206,83.651,-12.6944,28.7147,71.5036,109.0475,152.9407,229.133,0.1394,1.0107,8.7044,1.0139,2.8672,1.0871,0.453,1.0871,0.0635,1.0871,-0.0026,1.148,0.6257,0.1503,0.0943,68.3373
2026-01-21,10:30:00,21.437,0.2583,1,59.2602,1,6.6005,1,7.6422,1,0.1465,1,0.0055,1,-0,-0,-0,17.9359,425.7135,426.12,0.1,0,40.1924,0.954,0.9549,0.1,1,0.097,2.1274,2.1294,-0.2,0,271.1118,272.9107,96487.3616,1.2313,1005.6637,0.0235,0.0095,7e-4,92.0715,598.9025,6e-4,15.3734,506.8309,249.636,1.547,6.0656,163.8731,0.458,0.7658,-137.5928,-0.0211,8.9781,0.1045,86.1921,-13.08,29.587,73.6757,112.3601,157.5867,236.0936,0.2557,1.0099,58.8233,1.0135,6.0652,1.0883,7.0224,1.0883,0.1346,1.0883,-0.0138,1.1483,1.0408,0.3292,0.1614,92.2643
2026-01-21,11:00:00,21.458,0.2937,0,55.275,0,3.641,0,0.3311,2,0.0808,0,-1e-4,0,0,0,0,17.9486,426.703,427.145,0.1,1,43.5281,1.0348,1.0359,0.1,1,0.0974,2.1367,2.1389,-0.1,0,271.3955,272.9671,96438.9808,1.2304,1005.7077,0.0235,0.0052,8e-4,99.8236,601.3676,6e-4,16.5994,501.544,250.5462,1.6631,6.418,165.3229,0.4886,0.895,-179.0639,-0.0162,15.1811,0.0914,81.8486,-12.4208,28.096,69.963,106.6979,149.6454,224.196,0.2909,1.0096,54.747,1.0134,3.3431,1.0891,0.304,1.0891,0.0742,1.0891,-0.0177,1.1486,1.2194,0.3614,0.2091,91.3644
2026-01-21,11:30:00,21.479,0.4192,0,59.439,0,8.556,0,-0.4607,1,0.1899,0,0.0061,0,-0,-0,-0,17.9168,426.4752,426.9919,0.1,1,50.8382,1.2101,1.2116,0.1,1,0.0976,2.1437,2.1463,-0.1,0,271.7902,273.234,96367.4912,1.2282,1005.805,0.0236,0.0123,9e-4,116.6463,613.1469,8e-4,19.0242,496.5007,252.3213,1.7887,7.4819,171.3555,0.5843,1.2909,-284.5737,-0.0102,6.947,0.0824,84.6966,-12.853,29.0736,72.3974,110.4106,154.8524,231.9971,0.4154,1.0092,59.1169,1.0133,7.8488,1.0901,-0.4226,1.0901,0.1742,1.0901,-0.0136,1.1491,1.7718,0.5355,0.2744,91.2597
2026-01-21,12:00:00,21.499,0.4622,0,84.0129,0,10.8687,0,-0.9671,2,0.2415,0,0.0092,0,0,0,0,17.7303,423.9346,424.4781,0.1,1,53.5505,1.2804,1.282,0.1,1,0.0978,2.1599,2.1627,-0.1,0,273.0452,274.4261,96275.3346,1.2216,1005.8596,0.0237,0.0157,0.001,123.3041,668.2909,8e-4,18.4507,544.9869,252.961,1.8657,7.984,168.2146,0.6151,1.4966,-234.7678,-0.0124,7.7298,0.1112,82.8958,-12.5798,28.4555,70.8581,108.0631,151.56,227.0646,0.458,1.009,83.502,1.0133,9.9642,1.0908,-0.8866,1.0908,0.2214,1.0908,-0.0188,1.1495,1.8335,0.8388,0.3209,91.9953
2026-01-21,12:30:00,21.52,0.3895,0,46.1175,0,11.2595,0,0.4945,0,0.2505,0,0.0062,0,-0,-0,-0,17.5435,421.9871,422.5085,0.1,1,51.3007,1.234,1.2355,0.1,1,0.0961,2.1342,2.1368,-0.2,0,274.1182,275.5858,96213.4369,1.2157,1005.8521,0.0238,0.0162,9e-4,118.757,726.1109,8e-4,16.3552,607.3539,252.5276,1.7258,6.9922,169.6499,0.566,1.2461,-333.1494,-0.0087,4.0959,0.0666,84.766,-12.8636,29.0974,72.4567,110.501,154.9793,232.1872,0.3859,1.0094,46.1094,1.0134,10.3337,1.0896,0.4539,1.0896,0.2299,1.0896,-0.0095,1.1489,1.5612,0.6738,0.2571,92.2939
2026-01-21,13:00:00,21.541,0.3597,0,68.1016,0,10.5494,0,0.5208,1,0.2349,0,0.0011,0,-0,-0,-0,17.4774,422.195,422.7167,0.2,0,51.0948,1.2343,1.2358,0.7,0,0.0951,2.1185,2.1211,-0.2,0,274.9348,276.3784,96150.6853,1.2114,1005.8646,0.0239,0.0152,9e-4,118.7088,768.1274,8e-4,15.4543,649.4186,252.5229,1.8943,7.1501,165.2899,0.5449,1.1456,-201.167,-0.0144,6.4555,0.1026,84.0578,-12.7561,28.8543,71.8514,109.5779,153.6845,230.2475,0.3565,1.009,67.7811,1.0133,9.6693,1.091,0.4774,1.091,0.2153,1.091,-0.0209,1.1496,1.4374,0.6105,0.2433,92.0751
2026-01-21,13:30:00,21.562,0.3326,1,68.9125,1,6.2585,1,0.1308,1,0.1394,1,0.002,1,-0,-0,-0,17.4158,422.3605,422.9137,0,0,53.9359,1.308,1.3097,0.1,1,0.0947,2.1176,2.1204,-0.2,0,275.6175,277.1001,96088.4218,1.2075,1005.9155,0.024,0.009,0.001,125.7201,808.2444,8e-4,15.5547,682.5242,253.1855,1.8507,7.0368,165.9764,0.5248,0.9751,-177.5327,-0.0163,11.011,0.1081,86.704,-13.1577,29.7627,74.1133,113.0274,158.5226,237.4957,0.3296,1.0091,68.3611,1.0133,5.7384,1.0906,0.1199,1.0906,0.1279,1.0906,-0.02,1.1494,1.3693,0.3721,0.2088,91.6224
2026-01-21,14:00:00,21.583,0.3862,0,70.5899,0,8.4019,0,0.1546,1,0.1873,0,-5e-4,0,-0,-0,-0,17.3247,421.6211,422.1956,0.1,1,55.9066,1.3606,1.3624,0.1,1,0.0943,2.1165,2.1194,-0.2,0,276.5227,277.9047,95999.1817,1.2028,1005.9569,0.0241,0.0121,0.001,130.6485,855.1452,8e-4,15.2779,724.4967,253.6317,2.1468,8.324,164.8541,0.5666,1.201,-217.9703,-0.0133,8.4017,0.103,86.4985,-13.1265,29.6921,73.9376,112.7596,158.1469,236.9328,0.3829,1.0086,70.13,1.0133,7.6842,1.0934,0.1414,1.0934,0.1713,1.0934,-0.0229,1.151,1.7022,0.455,0.2449,91.5451
2026-01-21,14:30:00,21.604,0.4851,0,45.3099,0,9.0198,0,0.7469,0,0.2012,0,0.0012,0,-0,-0,-0,17.2535,421.3855,421.9852,0.1,1,58.1888,1.4212,1.4232,0.6,0,0.094,2.1158,2.1189,-0.2,0,277.313,278.5433,95891.2314,1.1987,1006.0001,0.0242,0.013,0.0011,136.3127,894.0602,9e-4,15.2465,757.7475,254.1264,2.3172,8.9499,165.2886,0.6362,1.7081,-480.2968,-0.006,5.0234,0.0591,84.1054,-12.7633,28.8706,71.892,109.6398,153.7714,230.3776,0.4811,1.0083,45.2021,1.0134,8.2364,1.0951,0.682,1.0951,0.1838,1.0951,-0.0136,1.152,2.3953,0.6898,0.3311,90.9069
2026-01-21,15:00:00,21.624,0.5679,1,13.7279,1,11.5345,1,1.4332,1,0.2576,1,-0.0013,1,-0,-0,-0,17.1956,421.2712,421.9047,0.1,1,61.2961,1.5017,1.5039,0.8,0,0.0938,2.1197,2.1229,-0.2,0,278.0258,279.4343,95828.8192,1.1941,1006.0586,0.0242,0.0167,0.0011,143.9429,950.9725,9e-4,15.1364,807.0297,254.7643,2.1174,9.4267,168.4503,0.6896,1.8474,-2018.4747,-0.0014,1.1902,0.0166,89.9796,-13.6547,30.8871,76.9132,117.2975,164.5113,246.468,0.5631,1.0086,14.1599,1.0133,10.5521,1.0931,1.3112,1.0931,0.2356,1.0931,-0.0062,1.1508,2.2973,1.0687,0.3287,91.2147
2026-01-21,15:30:00,21.645,0.43,0,24.6958,0,14.2413,0,1.3167,0,0.3181,0,-3e-4,0,0,0,0,17.1409,420.8866,421.5503,0.1,1,64.1207,1.5745,1.5769,0.8,0,0.0938,2.1238,2.1271,-0.2,0,278.4342,279.8905,95820.5699,1.192,1006.1057,0.0243,0.0206,0.0012,150.9058,981.3324,0.001,15.3776,830.4267,255.3207,1.9694,9.9339,162.9765,0.6007,1.3448,-741.2982,-0.0039,1.7341,0.0343,85.4683,-12.9701,29.3385,73.057,111.4165,156.2633,234.1109,0.4263,1.0088,25.1346,1.0133,13.0452,1.0917,1.2061,1.0917,0.2914,1.0917,-0.0089,1.15,1.8016,0.6044,0.2835,90.7109
2026-01-21,16:00:00,21.666,0.3678,1,-5.5295,2,10.1059,1,1.0744,1,0.2257,1,-0.0012,2,-0,-0,-0,17.1855,421.403,422.1047,0.1,1,67.7982,1.6625,1.6652,0.1,1,0.0938,2.1205,2.1241,0,1,278.3825,279.4406,95812.3464,1.1938,1006.1449,0.0242,0.0146,0.0012,159.3275,951.39,0.001,16.7468,792.0624,255.9637,1.6346,7.7783,167.6789,0.5551,1.2732,2612.8029,0.0011,-0.5472,-0.0083,88.0765,-13.3659,30.2338,75.2864,114.8166,161.0319,241.2551,0.3653,1.007,-4.9362,1.0121,9.214,1.0968,0.9796,1.0968,0.2057,1.0968,-0,1.1682,1.6403,0.6816,0.2246,90.5838
2026-01-21,16:30:00,21.687,0.2373,0,-29.806,0,11.1026,0,0.6952,0,0.2477,0,-5e-4,0,-0,-0,-0,17.2793,421.4834,422.2187,0.1,0,71.4025,1.7417,1.7447,0.1,1,0.0939,2.1139,2.1176,0.6,0,277.9516,278.5066,95821.8439,1.1978,1006.1712,0.0242,0.0161,0.0013,166.9352,891.7825,0.0011,18.7193,724.8473,256.5189,1.327,6.5117,166.5686,0.4451,0.8385,249.9385,0.0116,-2.6846,-0.0556,84.1142,-12.7646,28.8737,71.8995,109.6513,153.7875,230.4017,0.2355,1.0076,-28.8704,1.0126,10.1072,1.0985,0.6329,1.0985,0.2255,1.0985,0.0079,1.1744,1.1599,0.3551,0.162,90.3169
2026-01-21,17:00:00,21.708,0.1506,0,-43.8137,0,9.8983,0,1.3362,0,0.2207,0,-5e-4,0,0,0,0,17.3354,421.8476,422.6144,0.1,1,74.557,1.8143,1.8176,0.1,1,0.0941,2.1128,2.1167,0,0,277.3727,277.8693,95806.3173,1.2004,1006.1994,0.0241,0.0143,0.0014,173.8682,853.0338,0.0011,20.3823,679.1656,257.0055,0.9188,4.791,178.9536,0.3543,0.545,85.7165,0.0338,-4.4264,-0.1024,78.7766,-11.9547,27.0415,67.3371,102.6933,144.0288,215.7814,0.1493,1.009,-42.7182,1.0141,8.9609,1.1046,1.2097,1.1046,0.1998,1.1046,0.0121,1.1893,0.496,0.4732,0.1209,90.2075
2026-01-21,17:30:00,21.729,0.0707,0,-32.9188,0,8.1714,0,0.6973,0,0.1821,0,1e-4,0,-0,-0,-0,17.3919,422.1259,422.9182,0.1,1,77.1848,1.8734,1.8769,0.1,1,0.0945,2.1136,2.1176,0,1,276.6696,277.0979,95801.1278,1.2036,1006.2185,0.024,0.0118,0.0014,179.5205,808.1217,0.0012,22.2145,628.6012,257.3896,0.7177,4.0938,205.4302,0.2423,0.3799,36.4917,0.0795,-4.0285,-0.1122,62.1323,-9.4288,21.328,53.1097,80.9957,113.5976,170.1899,0.0699,1.0104,-31.9856,1.0166,7.2898,1.1209,0.6221,1.1209,0.1624,1.1209,0.0092,1.2206,0.2288,0.4287,0.1024,90.0748
2026-01-21,18:00:00,21.749,0.095,1,-22.6659,0,2.4445,0,0.0625,2,0.0544,0,8e-4,0,0,0,0,17.4629,422.6451,423.477,0.1,1,81.1642,1.9644,1.9682,0.1,1,0.095,2.1177,2.1219,0.7,0,275.9415,276.3503,95798.6093,1.2068,1006.2554,0.024,0.0035,0.0015,188.2343,766.6033,0.0012,24.5543,578.369,257.9611,0.7068,3.6377,190.4049,0.2806,0.2963,82.3633,0.0352,-9.2723,-0.0665,75.2777,-11.4237,25.8404,64.3463,98.1321,137.6317,206.1973,0.0941,1.0101,-22.226,1.0147,2.2134,1.1044,0.0566,1.1044,0.0493,1.1044,0.0074,1.1906,0.245,0.2625,0.085,89.9626
2026-01-21,18:30:00,21.77,0.0725,1,-17.6192,1,1.3622,2,0.0262,2,0.0303,2,9e-4,1,-0,-0,-0,17.4989,423.0999,423.9581,0.1,1,83.7226,2.0243,2.0284,0.1,1,0.0955,2.1269,2.1312,0.9,0,275.8218,276.2377,95807.3016,1.2074,1006.2858,0.024,0.002,0.0015,193.9948,760.5143,0.0013,25.5084,566.5195,258.326,0.7033,4.1016,194.0697,0.2451,0.2917,70.594,0.0411,-12.9346,-0.0592,68.271,-10.3604,23.4352,58.357,88.9982,124.8212,187.0049,0.0718,1.0102,-17.3008,1.015,1.2308,1.1067,0.0237,1.1067,0.0274,1.1067,0.0061,1.1948,0.2002,0.3004,0.0828,89.8481
2026-01-21,19:00:00,21.791,0.0872,1,-31.4975,0,3.6484,1,0.6277,1,0.0812,1,0.0012,0,0,0,0,17.5175,423.3612,424.2381,0.1,1,85.5261,2.067,2.0713,0.1,1,0.0957,2.131,2.1354,0.9,0,275.7171,276.1546,95781.092,1.2074,1006.3074,0.024,0.0053,0.0016,198.0312,756.0511,0.0013,26.1928,558.0199,258.576,0.6651,3.9173,191.7133,0.2687,0.3076,52.0132,0.0558,-8.6332,-0.0965,71.3156,-10.8224,24.4803,60.9595,92.9671,130.3877,195.3445,0.0863,1.0106,-30.8436,1.0157,3.2804,1.1122,0.5644,1.1122,0.073,1.1122,0.0103,1.205,0.2133,0.3127,0.0892,89.7296
2026-01-21,19:30:00,21.812,0.0611,1,-51.2123,1,12.2391,1,2.0576,1,0.2722,1,-0.0085,0,0,0,0,17.6116,424.7879,425.731,0.3,0,91.8365,2.2151,2.22,0.1,1,0.0961,2.1328,2.1375,0.7,0,274.863,275.3381,95790.1222,1.211,1006.3744,0.0239,0.0176,0.0017,212.2394,713.4021,0.0014,29.7503,501.1627,259.4212,0.3202,3.1014,183.3297,0.2247,0.1889,18.7041,0.155,-4.1843,-0.187,73.6264,-11.1731,25.2736,62.9347,95.9794,134.6125,201.6741,0.0602,1.0156,-49.5248,1.0224,10.6582,1.1483,1.7918,1.1483,0.2371,1.1483,0.0067,1.2727,0.1635,0.1568,0.0576,89.5657
2026-01-21,20:00:00,21.833,0.1022,1,-35.7102,0,2.1728,1,-0.0377,2,0.0484,1,-0.0034,0,0,0,0,17.5966,425.1032,426.0188,0.1,1,88.9625,2.1492,2.1538,0.1,1,0.0964,2.1459,2.1505,0.3,0,275.7223,276.1605,95761.180300000007,1.2071,1006.3517,0.024,0.0031,0.0016,205.8628,756.3655,0.0013,27.2174,550.5027,259.0483,0.7541,5.2337,175.9412,0.291,0.3019,58.2549,0.0498,-16.4349,-0.101,78.0185,-11.8396,26.7812,66.6891,101.705,142.6428,213.7049,0.1012,1.0099,-35.0891,1.0152,1.9572,1.1102,-0.034,1.1102,0.0436,1.1102,0.0076,1.2008,0.2776,0.2426,0.0836,89.5972
2026-01-21,20:30:00,21.854,0.1752,1,-62.2943,1,8.2366,1,1.2956,1,0.1834,1,4e-4,1,-0,-0,-0,17.5969,425.9496,426.8735,0.2,0,89.4175,2.1644,2.1691,0.1,1,0.0964,2.1516,2.1563,0,0,276.0863,276.5287,95733.33,1.2051,1006.3656,0.024,0.0119,0.0016,207.2642,776.3334,0.0013,26.6978,569.0692,259.1312,0.9905,5.3287,170.1776,0.3813,0.5109,75.1328,0.0386,-7.5631,-0.1347,85.0572,-12.9078,29.1974,72.7056,110.8806,155.5116,232.9847,0.1737,1.0088,-61.0423,1.0142,7.4404,1.107,1.1704,1.107,0.1657,1.107,0.0189,1.193,0.5967,0.3094,0.1156,89.6542
2026-01-21,21:00:00,21.874,0.0867,1,-14.7516,0,-0.4789,2,0.1343,0,-0.0107,2,5e-4,0,0,0,0,17.6326,426.8072,427.7559,0.1,1,91.6218,2.2178,2.2227,0.1,1,0.0966,2.1498,2.1546,0.7,0,275.4719,275.9176,95694.4107,1.2073,1006.3847,0.024,-7e-4,0.0017,212.2837,743.4435,0.0014,28.5541,531.1598,259.42380000000003,0.7143,5.5034,197.5112,0.2679,0.3154,110.0283,0.0264,30.8043,-0.0453,73.3509,-11.1313,25.179,62.6992,95.6203,134.1088,200.9194,0.0858,1.0101,-14.5788,1.0143,-0.4349,1.1011,0.122,1.1011,-0.0097,1.1011,0.005,1.1844,0.2291,0.3189,0.0827,89.5217
2026-01-21,21:30:00,21.895,0.0956,1,-32.0069,1,5.2937,1,0.8262,1,0.1177,1,0.0012,1,-0,-0,-0,17.6749,427.1254,428.1139,0.2,0,95.5437,2.3089,2.3142,0.1,1,0.0967,2.1455,2.1505,0.5,0,274.861,275.3092,95649.7422,1.2093,1006.4244,0.0239,0.0076,0.0017,220.9026,711.9294,0.0014,31.0287,491.0268,259.9121,0.6822,4.3555,183.2006,0.2811,0.2658,58.5747,0.0495,-6.0462,-0.0935,81.0356,-12.2975,27.8169,69.268,105.638,148.1589,221.969,0.0946,1.0104,-31.2748,1.0154,4.77,1.1098,0.7445,1.1098,0.1061,1.1098,0.0105,1.2006,0.2598,0.2009,0.071,89.2675
2026-01-21,22:00:00,21.916,0.088,1,-111.4547,1,81.4244,1,7.6885,1,1.8091,1,-0.0175,2,0,0,0,17.7591,428.15,429.2927,0.1,0,110.4013,2.6616,2.6687,0.1,1,0.0969,2.1391,2.1448,-0.1,0,273.6444,274.1913,95637.0219,1.2139,1006.5979,0.0238,0.1172,0.002,254.6195,657.0972,0.0017,38.7491,402.4777,261.6724,0.1434,1.7933,184.4195,0.2692,0.1364,14.7729,0.1963,-1.3688,-0.3388,85.0728,-12.9101,29.2027,72.7189,110.9009,155.5401,233.0275,0.0859,1.0243,-104.5389,1.0284,69.7996,1.1665,6.5908,1.1665,1.5508,1.1665,0.0121,1.3042,0.1289,0.0862,0.0576,89.1072
2026-01-21,22:30:00,21.937,0.0105,1,8.4039,1,-3.0588,1,-0.5109,2,-0.0679,1,-0.0022,1,-0,-0,-0,17.9647,431.0827,432.4301,0.1,1,129.8463,3.1158,3.1255,0.1,1,0.0971,2.1316,2.1383,0.4,0,272.5417,272.9846,95633.4247,1.219,1006.8261,0.0237,-0.0044,0.0024,298.0543,602.1326,0.0019,49.4998,304.0783,263.6563,0.6411,1.5794,319.7822,0.0929,0.091,-8.0584,-0.3599,-2.7474,0.0737,11.7564,5,9,16,24,40,97,0.0103,1.018,8.1045,1.0182,-2.8123,1.0876,-0.4697,1.0876,-0.0624,1.0876,-0.0045,1.152,0.1006,0.0746,0.0069,88.9533
2026-01-21,23:00:00,21.958,0.0117,1,-0.1375,2,5.6374,1,-0.1747,1,0.125,1,-0.002,1,0,0,0,18.1103,427.5225,428.8494,0.1,1,131.0714,3.0941,3.1037,0.1,1,0.0974,2.1311,2.1377,-0.1,0,271.7567,272.1656,95622.4374,1.2226,1006.8034,0.0237,0.0081,0.0024,295.9488,567.1926,0.0019,52.1778,271.2438,263.5663,0.9721,1.8791,318.3941,0.0978,0.1361,573.3558,0.0051,-0.0244,-0.0011,22.3582,10,20,38,66,129,444,0.0115,1.0133,0.1542,1.0153,5.191,1.086,-0.1608,1.086,0.1151,1.086,-0.0022,1.1486,0.128,0.1343,0.0098,88.7016
2026-01-21,23:30:00,21.979,0.0057,0,0.9216,0,5.8137,0,1.0811,1,0.1289,0,-0.0016,0,0,0,0,18.1413,426.9422,428.2725,0.1,1,131.9858,3.1062,3.1159,0.1,1,0.0974,2.1286,2.1352,-0.2,0,271.6277,272.0239,95610.1078,1.223,1006.808,0.0237,0.0084,0.0024,297.062,561.3331,0.0019,52.9208,264.2711,263.6139,1.1717,2.1036,309.3916,0.068,0.0815,-28.8408,-0.1006,0.1585,0.011,49.0423,22,40,69,109,187,481,0.0056,1.0117,1.2079,1.0144,5.3519,1.0863,0.9952,1.0863,0.1187,1.0863,-0.0022,1.148,0.0797,0.0731,0.0103,88.6447
2026-01-22,00:00:00,22,0.0023,2,-0.8293,0,8.1703,1,2.0559,0,0.1811,1,-0.0036,0,0,0,0,18.206,428.6353,429.942,-0.2,0,129.0853,3.0391,3.0484,0.1,1,0.0974,2.126,2.1325,-0.1,0,271.3692,271.7785,95611.5829,1.2242,1006.7686,0.0236,0.0117,0.0023,290.6548,551.3082,0.0019,52.7209,260.6534,263.3374,1.328,2.541,320.5514,0.0433,0.1059,8.2452,0.3517,-0.1015,-0.0155,104.8303,46,104,231,473,1165,6678,0.0023,1.0106,-0.4226,1.0207,7.011,1.1654,1.7642,1.1654,0.1554,1.1654,-0.0033,1.291,0.1329,0.0693,0.0096,88.6141
2026-01-22,00:30:00,22.02,0.0081,0,1.0852,1,6.7543,0,-1.4633,1,0.1498,0,-0.0013,1,-0,-0,-0,18.11,427.9379,429.241,0.2,0,128.4801,3.036,3.0452,0.1,1,0.0968,2.1179,2.1243,-0.1,0,271.7708,272.178,95594.4151,1.2222,1006.7721,0.0237,0.0097,0.0023,290.2997,567.7073,0.0019,51.1355,277.4076,263.3219,1.264,2.2916,312.3514,0.0812,0.1199,-41.649,-0.0696,0.1607,0.0109,43.7618,19,36,63,102,178,478,0.008,1.0112,1.4181,1.0141,6.2157,1.0866,-1.3466,1.0866,0.1378,1.0866,-0.002,1.1479,0.0865,0.1405,0.0128,89.4945
2026-01-22,01:00:00,22.041,0.0146,1,4.0591,1,4.1541,1,-0.0512,2,0.0922,1,-0.0017,1,0,0,0,17.9951,432.0303,433.3159,0.1,1,123.5769,2.9669,2.9757,0.1,1,0.0966,2.1199,2.1262,0,0,272.4326,272.8513,95575.9926,1.219,1006.7438,0.0237,0.006,0.0023,283.6364,596.3214,0.0018,47.5643,312.685,263.0281,1.2719,2.9164,310.851,0.1094,0.2168,-27.19,-0.1067,0.9771,0.0302,29.2943,13,24,42,66,113,292,0.0144,1.0111,4.2205,1.0141,3.8228,1.0867,-0.0471,1.0867,0.0848,1.0867,-0.0031,1.1479,0.2883,0.1353,0.01,89.814
2026-01-22,01:30:00,22.062,0.0437,1,0.3578,2,9.1854,1,0.8176,1,0.204,1,-0.0024,1,-0,-0,-0,17.8989,430.8885,432.169,0.2,0,123.0858,2.9631,2.9719,0.1,1,0.0963,2.1187,2.125,0,0,273.0778,273.5161,95538.6179,1.2155,1006.7509,0.0238,0.0132,0.0022,283.166,625.8172,0.0018,45.2474,342.6512,263.0071,0.8976,3.1577,316.3542,0.1896,0.3371,-1605.1009,-0.0018,0.039,0.0015,7.3293,3,6,12,21,41,136,0.0431,1.014,0.8275,1.0157,8.4575,1.0861,0.7528,1.0861,0.1878,1.0861,-0.003,1.149,0.4074,0.2531,0.0137,89.4209
2026-01-22,02:00:00,22.083,0.1649,1,79.2367,1,-5.369,1,-4.3673,1,-0.1193,1,0.0123,1,0,0,0,17.803,429.7641,431.0266,0.1,1,121.3385,2.9291,2.9377,0.1,1,0.096,2.1214,2.1276,0,0,273.8854,274.3419,95514.7775,1.2116,1006.7443,0.0239,-0.0077,0.0022,279.8483,664.2579,0.0018,42.1295,384.4097,262.8583,0.4759,3.6815,340.5742,0.3689,0.712,-53.4264,-0.0543,-14.7583,0.1761,126.9274,-19.2617,43.5701,108.4956,165.4627,232.0638,347.67380000000003,0.1613,1.0226,77.3882,1.0212,-4.9228,1.0906,-4.0044,1.0906,-0.1094,1.0906,-0.013,1.1561,0.4401,0.9442,0.0398,88.4238
2026-01-22,02:30:00,22.104,0.217,1,NA,4,-5.5668,2,13.5801,1,-0.1239,2,-0.0186,1,0,0,0,17.5569,426.0239,427.2984,0.1,1,122.9152,2.9826,2.9915,0.1,1,0.0955,2.1307,2.1371000000000002,0.4,0,275.9331,276.3529,95505.4619,1.2026,1006.8035,0.0241,-0.008,0.0022,284.9291,766.7444,0.0019,37.1609,481.8152,263.0856,0.2523,4.3491,67.7342,0.4248,0.5744,30.4539,0.0952,38.1135,-0.4125,101.2236,-15.3611,34.7468,86.5244,131.9552,185.069,277.2671,0.2132,1.0179,-208.2303,1.0213,-4.9271,1.1298,12.0195,1.1298,-0.1097,1.1298,0.0465,1.2378,0.7051,0.3509,0.0929,88.5851
2026-01-22,03:00:00,22.124,0.0646,0,-2.985,2,10.0491,0,-0.1808,2,0.2239,0,-0.0042,1,-0,-0,-0,17.4465,425.5695,426.797,0.1,1,117.9061,2.8761,2.8844,0.1,1,0.0959,2.1481,2.1543,-0.9,0,276.8992,277.3274,95501.7712,1.1984,1006.7616,0.0241,0.0145,0.0021,274.7434,821.2564,0.0018,33.454,546.5131,262.6263,1.0198,3.674,142.3956,0.2321,0.3082,353.2112,0.0082,-0.297,-0.0107,77.4275,-11.7499,26.5784,66.1839,100.9346,141.5622,212.086,0.064,1.0084,-2.4255,1.0127,9.183,1.0943,-0.1652,1.0943,0.2046,1.0943,-0.0036,1.17,0.2723,0.2898,0.0542,88.8417
2026-01-22,03:30:00,22.145,0.0564,1,2.8119,1,25.3101,1,0.7378,1,0.5638,1,0,1,-0,-0,-0,17.5402,427.7619,429.1231,0.2,0,130.0721,3.1721,3.1822,0.1,1,0.0963,2.1545,2.1614,0,1,276.5263,276.9327,95501.113,1.2,1006.915,0.0241,0.0365,0.0024,303.0242,798.7794,0.002,37.9359,495.7552,263.8666,0.2848,2.7192,152.4512,0.2169,0.1985,-305.7345,-0.0095,0.1111,0.0107,95.3335,-14.4672,32.7249,81.4896,124.2768,174.3,261.1331,0.0546,1.0339,4.0502,1.0286,23.0244,1.0993,0.6711,1.0993,0.5129,1.0993,-0.0025,1.167,0.1533,0.2157,0.0281,88.7796
2026-01-22,04:00:00,22.166,0.1008,1,-71.3828,1,-12.7039,1,5.3064,1,-0.2831,1,0.0075,1,0,0,0,17.4913,426.9941,428.6274,-0.1,0,156.0863,3.8104,3.8249,0.6,0,0.0959,2.1488,2.157,-0.4,0,276.9673,277.3072,95486.0435,1.1979,1007.2662,0.0241,-0.0183,0.0028,363.9331,820.0928,0.0024,44.3771,456.1597,266.2215,0.4601,3.4437,110.9953,0.29,0.352,28.8099,0.1007,5.619,-0.204,117.3315,-17.8055,40.2761,100.2932,152.9535,214.5195,321.3893,0.0995,1.0129,-70.792,1.0188,-11.2495,1.1293,4.6989,1.1293,-0.2507,1.1293,0.0284,1.2374,0.4982,0.176,0.0299,88.8273
2026-01-22,04:30:00,22.187,0.0623,0,-41.2762,0,-6.0669,0,2.7536,1,-0.1353,0,0.0019,0,0,0,0,17.3831,424.3913,426.2348,0.1,1,177.1531,4.325,4.3438,0.1,1,0.0953,2.1411,2.1504,0.9,0,277.6281,277.8766,95462.9064,1.1949,1007.5546,0.0242,-0.0088,0.0032,412.9885,853.469,0.0027,48.3894,440.4805,267.8754,0.6078,2.3865,120.4408,0.2284,0.4061,24.3187,0.1192,6.8035,-0.1501,76.8074,-11.6558,26.3655,65.6538,100.1262,140.4284,210.3874,0.0616,1.0116,-40.8766,1.0188,-5.3417,1.1358,2.4245,1.1358,-0.1191,1.1358,0.014,1.2485,0.3883,0.3704,0.0535,88.8071
2026-01-22,05:00:00,22.208,0.2136,1,-173.5941,1,-40.2431,1,27.7415,1,-0.8963,1,0.0137,1,0,0,0,17.4697,421.7253,423.6217,0.1,1,185.4447,4.4767,4.4968,0.1,1,0.0955,2.1344,2.144,0,1,276.4411,276.77,95427.3145,1.1992,1007.6193,0.0241,-0.0581,0.0033,427.3137,789.6723,0.0028,54.1128,362.3586,268.3254,0.235,4.2443,139.6339,0.4221,0.4453,36.5009,0.0795,4.3136,-0.3404,97.5695,-14.8066,33.4925,83.401,127.1917,178.3882,267.258,0.2097,1.0189,-172.2819,1.0212,-35.7676,1.1251,24.6563,1.1251,-0.7966,1.1251,0.0659,1.2287,0.4494,0.3407,0.1006,89.165
2026-01-22,05:30:00,22.229,0.4029,1,NA,4,-130.317,1,16.458,1,-2.9043,1,0.0153,1,-0,-0,-0,17.3336,415.6453,417.8181,0.1,1,216.865,5.2003,5.2274,0.1,1,0.0939,2.1069,2.1179,-0.1,0,277.291,277.4231,95413.1806,1.1958,1008.0236,0.0242,-0.1882,0.0039,496.306,826.7935,0.0032,60.0278,330.4875,270.3211,0.9038,5.935,65.8003,0.5804,1.3703,45.6428,0.0635,2.7703,-0.516,105.8547,-16.0639,36.3365,90.483,137.9923,193.5362,289.9525,0.3991,1.0094,-362.7797,1.0155,-116.6912,1.1168,14.7372,1.1168,-2.6007,1.1168,0.1286,1.2113,1.447,1.1384,0.1551,85.726
2026-01-22,06:00:00,22.249,0.2303,0,-169.5198,0,-36.3605,1,5.7965,1,-0.8112,1,-9e-4,0,-0,-0,-0,17.1612,413.6301,415.9792,0,0,234.2925,5.6471,5.6791,0.1,1,0.0941,2.1237,2.1358,-0.3,0,278.5296,278.5791,95417.65,1.1907,1008.2862,0.0243,-0.0526,0.0042,538.9755,896.2935,0.0035,60.1338,357.318,271.4354,1.4643,5.7828,68.2884,0.4398,1.3793,42.292,0.0686,4.6622,-0.321,78.7017,-11.9433,27.0157,67.273,102.5956,143.8918,215.5761,0.2284,1.0083,-169.1024,1.0155,-32.3463,1.1241,5.1566,1.1241,-0.7217,1.1241,0.0518,1.2172,1.5361,1.0357,0.1868,88.8493
2026-01-22,06:30:00,22.27,0.2782,1,-109.276,1,-20.149,1,1.6574,1,-0.4494,1,-0.005,1,-0,-0,-0,17.2115,414.4064,416.7525,0,0,233.8049,5.6294,5.6613,0.1,1,0.0944,2.1265,2.1386,-0.3,0,278.2474,278.2676,95438.6988,1.1923,1008.2715,0.0242,-0.0291,0.0042,537.406,877.0731,0.0035,61.2727,339.667,271.3958,1.242,7.0044,40.8597,0.483,1.4119,86.9227,0.0334,5.4234,-0.1882,90.0199,-13.6609,30.9009,76.9476,117.35,164.5851,246.5784,0.2759,1.0081,-109.0358,1.0137,-18.1993,1.1071,1.497,1.1071,-0.4059,1.1071,0.03,1.1905,1.0294,1.6334,0.161,88.331
2026-01-22,07:00:00,22.291,0.0474,0,16.4832,0,10.0898,0,-0.4096,0,0.2246,0,0.0035,0,-0,-0,-0,17.4052,416.9979,419.2145,0.1,1,220.6879,5.2873,5.3154,0.1,1,0.0953,2.1248,2.1361,0,1,275.8404,276.0755,95461.1328,1.2022,1008.0502,0.024,0.0146,0.004,504.8656,751.8229,0.0033,67.1522,246.9573,270.5513,1.1773,3.9919,327.9065,0.1985,0.6659,-40.0036,-0.0725,1.6336,0.0685,11.0621,5,9,16,27,47,131,0.0468,1.0117,16.8063,1.0144,9.288,1.0863,-0.3771,1.0863,0.2067,1.0863,-0.0026,1.148,0.5144,0.7677,0.0497,88.0647
2026-01-22,07:30:00,22.312,0.056,0,-31.6615,1,2.9042,0,0.4714,1,0.0647,0,1e-4,1,0,0,0,17.4421,416.3709,418.5856,0.1,1,221.6376,5.2909,5.319,0.1,1,0.0954,2.1293,2.1406,0.8,0,276.1132,276.2641,95502.2674,1.2019,1008.055,0.0241,0.0042,0.004,505.4244,761.9405,0.0033,66.3338,256.516,270.5662,0.9417,5.7642,339.5412,0.2158,0.8167,26.7757,0.1083,-10.9021,-0.1211,67.615,-10.2608,23.2101,57.7963,88.143,123.6218,185.208,0.0554,1.0099,-31.0254,1.0174,2.5627,1.1332,0.416,1.1332,0.0571,1.1332,0.0092,1.2405,0.3976,1.1699,0.0658,87.8317
2026-01-22,08:00:00,22.333,0.0145,2,-64.5583,2,-3.5591,2,1.5643,2,-0.0794,2,0.0115,2,0,0,0,17.2505,414.6993,416.9107,0.1,0,220.6477,5.3043,5.3326,0.1,1,0.0948,2.1367,2.1481,-0.2,0,278.4867,278.542,95511.6925,1.1922,1008.0986,0.0242,-0.0051,0.0039,506.7625,893.982,0.0033,56.686,387.2195,270.6018,1.8734,6.3295,32.7595,0.1105,1.0037,1.761,1.6468,18.1387,-0.4862,62.01,27,59,127,249,576,2864,0.014,1.038,-60.231,1.0759,-2.2095,1.6108,0.9711,1.6108,-0.0493,1.6108,0.0178,2.0333,0.7406,1.0944,0.1724,88.1289
2026-01-22,08:30:00,22.354,0.0039,2,-47.1075,2,3.4843,2,1.4089,2,0.0778,2,0.0276,2,-0,-0,-0,17.2187,415.1018,417.2044,0.1,0,209.0533,5.0398,5.0653,0.1,1,0.0949,2.1423,2.1531,-0.3,0,278.7648,278.8369,95527.6347,1.1913,1007.9593,0.0243,0.005,0.0037,481.5681,912.4767,0.0031,52.7759,430.9086,269.9165,2.1326,5.1247,48.5239,0.0573,0.6864,0.3375,8.5926,-13.52,-0.6842,272.1658,119,252,520,979,2133,9282,0.0035,1.126,-38.3162,1.2292,1.1805,2.9517,0.4773,2.9517,0.0263,2.9517,0.0109,4.2925,0.5186,0.7279,0.1263,88.1595
2026-01-22,09:00:00,22.374,0.0583,1,-16.0398,1,-26.6992,2,-0.8264,2,-0.5961,2,-0.0067,2,-0,-0,-0,17.2209,415.6683,417.6218,0.1,1,193.7988,4.6778,4.6998,0.1,1,0.0948,2.1446,2.1547,0,1,279.0983,279.2431,95559.8308,1.1901,1007.7693,0.0243,-0.0386,0.0035,447.13,938.4991,0.0029,47.6431,491.3691,268.9263,1.7558,7.31,35.4809,0.2213,1.1089,56.9978,0.0509,0.6008,-0.0604,46.9093,-7.1187,16.1024,40.0974,61.151,85.7652,128.4919,0.0578,1.0079,-17.2017,1.015,-23.7947,1.1221,-0.7365,1.1221,-0.5312,1.1221,6e-4,1.2096,0.8801,1.1651,0.1725,88.1889
2026-01-22,09:30:00,22.395,0.1206,1,-31.4505,1,1.2007,2,-0.004,2,0.0268,2,-0.0018,1,0,0,0,17.1742,417.537,419.3473,0.1,1,177.5687,4.317,4.3357,0.1,1,0.0946,2.1478,2.1571,-0.3,0,279.562,280.1219,95587.4831,1.1869,1007.5887,0.0244,0.0017,0.0032,412.7636,997.0595,0.0027,41.3981,584.2958,267.8682,1.7801,11.8759,25.5468,0.3188,3.3528,86.9302,0.0334,-26.1939,-0.0825,47.0634,-7.1421,16.1553,40.2291,61.3519,86.0469,128.914,0.1197,1.0074,-31.0001,1.0139,1.0789,1.1128,-0.0036,1.1128,0.0241,1.1128,0.008,1.1937,2.815,3.5356,0.355,88.4443
2026-01-22,10:00:00,22.416,0.2358,1,-11.5585,0,11.5801,1,1.0385,0,0.259,1,0.0064,1,0,0,0,16.991,418.6109,420.1961,0.3,0,153.1235,3.7725,3.7868,0.7,0,0.0939,2.1401,2.1482,-0.2,0,280.1182,281.0831,95599.1638,1.1832,1007.3111,0.0244,0.0168,0.0028,360.7481,1064.7792,0.0024,33.8801,704.031,266.1074,1.4339,9.4796,50.7829,0.4465,2.8057,649.6031,0.0045,-0.9981,-0.0217,62.0959,-9.4233,21.3155,53.0786,80.9483,113.5311,170.0903,0.2341,1.0073,-10.8188,1.0123,10.5625,1.0963,0.9472,1.0963,0.2362,1.0963,0.0087,1.1695,2.4668,2.7964,0.3482,88.7882
2026-01-22,10:30:00,22.437,0.3495,0,-5.8617,0,12.0237,0,0.9558,0,0.2689,0,0.0033,0,-0,-0,-0,16.9603,418.5247,419.9979,0.1,0,142.146,3.5077,3.5201,0.5,0,0.0934,2.1306,2.1381,-0.2,0,280.3389,281.1488,95610.5755,1.1832,1007.1691,0.0244,0.0174,0.0026,335.4635,1069.5535,0.0022,31.3648,734.09,265.1683,1.6577,11.4266,75.7511,0.5435,2.6027,2310.4679,0.0013,-0.4875,-0.0091,75.491,-11.456,25.9136,64.5285,98.4101,138.0216,206.7815,0.347,1.007,-5.161,1.0121,10.9597,1.0971,0.8713,1.0971,0.2451,1.0971,0.0041,1.1684,1.8052,3.0836,0.3166,88.6887
2026-01-22,11:00:00,22.458,0.2978,0,0.4838,2,1.4565,2,-0.2218,2,0.0326,2,-0.0042,1,-0,-0,-0,16.9322,418.2948,419.776,0.1,1,142.8353,3.5286,3.5411,0.5,0,0.0932,2.1286,2.1361,0,1,280.7239,281.5497,95624.2965,1.1817,1007.1879,0.0245,0.0021,0.0026,337.5116,1099.0934,0.0022,30.7082,761.5819,265.2467,1.0815,7.6698,81.9487,0.502,2.4567,-22063.4942,-1e-4,0.3322,8e-4,71.288,-10.8182,24.4709,60.9359,92.9311,130.3372,195.2688,0.2941,1.0123,0.5553,1.0147,1.341,1.0861,-0.2043,1.0861,0.03,1.0861,-0.0042,1.1482,1.7703,2.8314,0.3117,88.2413
2026-01-22,11:30:00,22.479,0.1754,1,1.1748,1,18.7213,1,0.6641,1,0.4191,1,0.0074,1,-0,-0,-0,16.8646,417.4053,418.7547,0.3,0,130.1911,3.2223,3.2327,0.6,0,0.0929,2.1277,2.1346,0,1,281.14,282.0677,95598.958,1.1793,1007.0322,0.0245,0.0272,0.0024,308.1292,1138.3165,0.002,27.0689,830.1872,264.0794,0.992,7.5719,108.1301,0.3857,1.9941,-4120.1783,-7e-4,0.0627,0.0026,55.2725,-8.3878,18.9733,47.2461,72.0533,101.0558,151.4,0.1732,1.0131,2.1635,1.0152,17.239,1.086,0.6115,1.086,0.3859,1.086,0.0053,1.1485,1.8801,1.7605,0.3476,88.296
2026-01-22,12:00:00,22.499,0.3686,0,-5.6358,1,17.1702,0,0.0124,2,0.3844,0,0.0031,0,0,0,0,16.8261,417.0587,418.3145,0.1,1,121.1168,3.0021,3.0111,0.3,0,0.0927,2.1234,2.1298,0,1,281.3576,282.1552,95558.4471,1.1785,1006.9151,0.0245,0.0249,0.0022,286.9485,1145.064,0.0019,25.0596,858.1155,263.1749,1.8133,10.2973,109.2246,0.5593,2.5048,2617.4588,0.0011,-0.3282,-0.0085,67.9889,-10.3176,23.3384,58.1159,88.6303,124.3053,186.232,0.3661,1.0069,-4.6612,1.0122,15.6289,1.0986,0.0113,1.0986,0.3499,1.0986,0.0035,1.1693,2.4734,2.1006,0.4355,88.3542
2026-01-22,12:30:00,22.52,0.2854,1,-8.0075,2,17.8714,0,-0.2071,0,0.4003,0,0.0062,1,0,0,0,16.7837,417.0213,418.2221,0.1,1,115.5487,2.871,2.8793,0.4,0,0.0925,2.122,2.1281,0,1,281.7989,282.6024,95517.1524,1.1762,1006.8531,0.0246,0.0259,0.0021,274.3055,1180.1067,0.0018,23.2441,905.8011,262.6062,1.7913,8.4681,99.7694,0.4926,2.6392,1258.2263,0.0023,-0.4481,-0.0137,65.0798,-9.8761,22.3398,55.6292,84.8381,118.9866,178.2636,0.2834,1.0069,-6.9671,1.0123,16.2632,1.0989,-0.1885,1.0989,0.3642,1.0989,0.0071,1.17,2.7269,2.1745,0.3769,87.9388
2026-01-22,13:00:00,22.541,0.3606,0,-10.7778,2,17.323,0,0.4487,1,0.3882,0,0.0029,1,0,0,0,16.7509,417.3447,418.5308,0.1,1,113.7452,2.8339,2.842,0.4,0,0.0922,2.1215,2.1275,0.9,0,282.1766,283.0701,95468.2816,1.1737,1006.8423,0.0247,0.0252,0.0021,270.6242,1217.7587,0.0018,22.2231,947.1345,262.4362,1.4412,11.029,111.8324,0.5543,2.6544,1331.4112,0.0022,-0.6222,-0.0165,68.2875,-10.3629,23.4409,58.3711,89.0196,124.8513,187.05,0.3579,1.0073,-9.7319,1.0122,15.8141,1.0954,0.4096,1.0954,0.3543,1.0954,0.0049,1.1679,2.7488,2.137,0.4231,88.3568
2026-01-22,13:30:00,22.562,0.1726,1,4.9597,1,11.1747,0,-0.1915,0,0.2505,0,-2e-4,0,0,0,0,16.6887,416.695,417.8364,0.1,1,109.3978,2.7315,2.739,0.2,0,0.0917,2.1152,2.1209,-0.2,0,282.6926,283.6419,95430.43,1.1709,1006.7985,0.0247,0.0162,0.002,260.7394,1265.2232,0.0017,20.6082,1004.4838,261.9694,1.2476,8.9244,113.7868,0.3839,1.5673,-961.2843,-0.003,0.4438,0.011,68.0693,-10.3298,23.366,58.1846,88.7352,124.4523,186.4523,0.1707,1.0113,5.4984,1.0141,10.2843,1.0866,-0.1763,1.0866,0.2306,1.0866,-0.0025,1.1479,1.7673,1.1627,0.2046,88.7239
2026-01-22,14:00:00,22.583,0.2876,0,-16.2535,1,-3.9204,2,-0.7268,2,-0.0879,2,-0.005,2,-0,-0,-0,16.6327,416.2993,417.3654,0.1,1,102.0605,2.5545,2.561,0.1,1,0.0914,2.109,2.1144,0.8,0,282.8353,283.8879,95439.9453,1.1701,1006.7081,0.0247,-0.0057,0.0019,243.8642,1286.1368,0.0016,18.961,1042.2725,261.1347,0.6023,6.7496,70.0975,0.4958,2.0554,631.8585,0.0046,4.1459,-0.0278,77.481,-11.758,26.5967,66.2296,101.0043,141.6599,212.2324,0.2845,1.0111,-16.2553,1.0138,-3.5887,1.0924,-0.6653,1.0924,-0.0805,1.0924,6e-4,1.169,1.2912,2.5728,0.2469,88.6837
2026-01-22,14:30:00,22.604,0.5445,0,-58.6164,1,13.3476,1,-0.2805,2,0.2994,1,-0.0254,2,0,0,0,16.6217,416.2602,417.3236,0.1,1,101.7454,2.548,2.5545,0.6,0,0.0915,2.115,2.1204,-0.2,0,283.0033,284.2619,95450.8924,1.1687,1006.7123,0.0248,0.0194,0.0019,243.2773,1318.5185,0.0016,18.4508,1075.2412,261.1048,0.5314,7.2624,117.9375,0.6826,1.8117,457.2338,0.0063,-4.3915,-0.073,83.8887,-12.7304,28.7963,71.7068,109.3574,153.3754,229.7843,0.5381,1.012,-57.116,1.0144,12.2089,1.0933,-0.2566,1.0933,0.2739,1.0933,-0.0062,1.1707,2.0333,1.2064,0.3837,88.4675
2026-01-22,15:00:00,22.624,0.2906,1,-16.0466,1,11.4084,0,0.2575,1,0.2558,0,0.0036,1,-0,-0,-0,16.6318,416.3716,417.3951,0.1,1,97.9441,2.452,2.458,0.3,0,0.0915,2.1127,2.1178,0,1,283.055,283.9317,95454.1578,1.1701,1006.6539,0.0247,0.0166,0.0018,234.1162,1289.8937,0.0015,18.15,1055.7775,260.6288,0.9011,7.5892,108.9467,0.4983,2.3764,649.9164,0.0045,-1.4066,-0.0273,73.4597,-11.1478,25.2163,62.7922,95.7621,134.3077,201.2174,0.288,1.0089,-15.243,1.0128,10.4404,1.0927,0.2357,1.0927,0.2341,1.0927,0.0075,1.168,2.7825,1.6854,0.285,87.753
2026-01-22,15:30:00,22.645,0.1443,0,-10.295,0,8.7122,0,0.8454,1,0.1954,0,0.0041,1,0,0,0,16.6917,416.7965,417.8747,0.3,0,103.3361,2.5803,2.587,0.2,0,0.0918,2.1194,2.1249,-0.6,0,283.0057,283.8595,95463.3607,1.1705,1006.7215,0.0247,0.0127,0.0019,246.3928,1283.707,0.0016,19.1938,1037.3142,261.263,1.4253,6.3626,115.8306,0.3512,1.2781,354.5069,0.0082,-1.1817,-0.0249,61.3066,-9.3035,21.0446,52.404,79.9194,112.0881,167.9284,0.1433,1.0074,-9.7104,1.0124,7.9359,1.0978,0.7701,1.0978,0.178,1.0978,0.0064,1.1722,1.1818,1.152,0.2224,87.2087
2026-01-22,16:00:00,22.666,0.1913,0,-24.1777,0,13.4317,0,0.182,2,0.3011,0,0.0032,0,-0,-0,-0,16.705,416.7686,417.8216,0.3,0,101.0181,2.5203,2.5266,0.2,0,0.0919,2.1165,2.1219,-0.4,0,282.9519,283.4715,95458.0241,1.1721,1006.6814,0.0247,0.0195,0.0018,240.6451,1250.9114,0.0016,19.2376,1010.2663,260.9697,1.8136,8.2394,105.0956,0.404,1.8467,229.7875,0.0126,-1.8,-0.0507,59.6307,-9.0492,20.4693,50.9715,77.7347,109.024,163.3378,0.1899,1.007,-23.1764,1.0128,12.1685,1.1038,0.1649,1.1038,0.2728,1.1038,0.0094,1.1781,1.7623,1.6158,0.3154,86.9536
2026-01-22,16:30:00,22.687,0.1525,1,-24.4757,0,12.8652,0,0.9651,0,0.2883,0,-6e-4,0,-0,-0,-0,16.7742,416.7652,417.812,0.3,0,100.8425,2.5055,2.5118,0.2,0,0.0921,2.1181,2.1235,-0.3,0,282.7515,283.0428,95488.8589,1.1742,1006.6649,0.0246,0.0187,0.0018,239.3108,1215.5274,0.0016,19.6878,976.2166,260.9007,1.3594,7.9285,106.6462,0.3604,1.7915,161.2174,0.018,-1.9025,-0.0575,61.8458,-9.3853,21.2296,52.8648,80.6222,113.0738,169.4051,0.1514,1.0076,-23.4973,1.0129,11.6808,1.1014,0.8763,1.1014,0.2617,1.1014,0.0061,1.1791,2.0295,1.3243,0.2292,86.8085
2026-01-22,17:00:00,22.708,0.2529,1,-96.4598,1,24.8248,1,3.2084,1,0.556,1,-0.0016,1,0,0,0,16.829,417.2748,418.3429,0.1,1,102.9742,2.5532,2.5598,0.1,1,0.0924,2.1197,2.1251,-0.1,0,282.2412,282.5129,95495.908,1.1765,1006.6802,0.0246,0.036,0.0019,243.8892,1173.0139,0.0016,20.7917,929.1247,261.136,0.9314,6.7387,140.8312,0.4636,1.1224,87.0723,0.0333,-3.8856,-0.1757,85.4572,-12.9685,29.3347,73.0475,111.4021,156.243,234.0805,0.2506,1.0089,-93.8881,1.014,22.4769,1.1045,2.905,1.1045,0.5034,1.1045,0.0262,1.1889,1.2682,0.8076,0.169,86.7128
2026-01-22,17:30:00,22.729,0.2447,1,NA,4,107.8059,1,15.2924,1,2.4112,1,0.0099,1,-0,-0,-0,16.9386,418.2643,419.302,0.1,1,100.223,2.4748,2.4809,0.1,1,0.093,2.121,2.1263,0.2,0,280.8488,281.1757,95513.9695,1.1823,1006.6126,0.0245,0.1562,0.0018,236.4416,1071.5109,0.0015,22.0662,835.0692,260.7512,0.3724,5.0282,65.4735,0.4549,0.8355,27.4196,0.1058,-2.6854,-0.5347,96.3607,-14.6231,33.0775,82.3677,125.6159,176.1781,263.9469,0.2413,1.0143,-278.589,1.0197,95.3494,1.1306,13.5254,1.1306,2.1326,1.1306,0.0862,1.24,0.9892,0.5613,0.1205,86.6717
2026-01-22,18:00:00,22.749,0.0353,1,-7.2993,2,-4.3726,0,-0.9838,0,-0.0976,0,0.0019,2,0,0,0,17.1112,419.7972,420.8837,0.1,1,105.2213,2.5814,2.5881,0.1,1,0.0937,2.1167,2.1222,0,1,278.9323,279.2322,95518.6275,1.1906,1006.6349,0.0243,-0.0063,0.0019,246.6416,937.7953,0.0016,26.3002,691.1537,261.2756,0.5249,2.7951,349.8843,0.1722,0.5641,58.9867,0.0492,1.6693,-0.0354,2.9209,1,3,5,9,19,70,0.0349,1.0119,-7.4157,1.0162,-3.9377,1.1105,-0.8859,1.1105,-0.0879,1.1105,0.0041,1.2025,0.449,0.6254,0.0536,86.7203
2026-01-22,18:30:00,22.77,0.0906,0,21.502,2,-11.117,2,-2.1173,2,-0.2482,2,-7e-4,2,-0,-0,-0,17.1085,418.5655,419.5591,0.1,1,96.8012,2.3683,2.3739,0.1,1,0.0938,2.1206,2.1256,0,1,279.0783,279.4716,95530.0964,1.1898,1006.5244,0.0243,-0.0161,0.0018,226.3019,953.4297,0.0015,23.7356,727.1278,260.2095,0.5397,4.0285,357.7981,0.2759,0.8196,-82.3287,-0.0352,-1.9342,0.0651,66.5214,-10.0949,22.8347,56.8615,86.7174,121.6224,182.2125,0.0887,1.0205,20.5113,1.0198,-10.2066,1.0892,-1.9439,1.0892,-0.2279,1.0892,-0.0067,1.1542,0.5141,1.0131,0.1119,86.8002
2026-01-22,19:00:00,22.791,0.2164,1,NA,4,51.6228,1,6.153,1,1.152,1,-0.0044,1,0,0,0,17.1448,419.1284,420.1434,0.1,1,98.826,2.4159,2.4218,0.1,1,0.094,2.1188,2.1239,0,1,278.3753,278.7499,95560.6603,1.1932,1006.5375,0.0243,0.0746,0.0018,230.9303,906.984,0.0015,25.4613,676.0538,260.4594,0.3755,6.7788,39.647,0.4258,0.8964,31.3324,0.0926,-4.0256,-0.4063,88.4218,-13.4183,30.3523,75.5816,115.2667,161.6632,242.2009,0.2133,1.0142,-201.4249,1.0192,45.8366,1.1262,5.4633,1.1262,1.0228,1.1262,0.053900000000000003,1.2318,0.6503,1.0116,0.1309,86.7275
2026-01-22,19:30:00,22.812,0.334,1,-42.7236,2,5.5047,0,-2.8702,1,0.1228,0,0.0217,1,-0,-0,-0,17.1915,419.5291,420.5631,0.1,1,100.7518,2.4587,2.4647,0.1,1,0.0942,2.1184,2.1236,0,1,277.8533,278.2322,95592.58,1.1958,1006.5517,0.0242,0.008,0.0018,235.0936,874.9127,0.0015,26.8705,639.8191,260.6804,0.2049,3.7526,51.6973,0.5285,0.8064,291.4197,0.01,-7.7613,-0.0672,84.8514,-12.8765,29.1267,72.5297,110.6123,155.1354,232.4211,0.3262,1.0239,-41.6251,1.0202,5.0009,1.1007,-2.6075,1.1007,0.1115,1.1007,0.0325,1.1816,0.4451,0.9442,0.2235,86.6703
2026-01-22,20:00:00,22.833,0.1643,1,151.1344,1,-29.8089,1,-5.5671,1,-0.6631,1,0.0121,1,0,0,0,17.4632,422.8367,424.0213,0.1,1,115.3856,2.7938,2.8017,0.1,1,0.0948,2.1058,2.1117,0,1,275.0064,275.5169,95623.3733,1.2079,1006.6888,0.024,-0.043,0.0021,267.2268,722.5523,0.0017,36.9837,455.3255,262.2775,0.4604,3.1326,317.3848,0.3688,0.5629,-28.006,-0.1035,-5.0701,0.337,120.3723,-18.267,41.3199,102.8924,156.9174,220.0789,329.7183,0.1606,1.0232,146.5272,1.0216,-27.3214,1.091,-5.1025,1.091,-0.6078,1.091,-0.0338,1.1566,0.8366,0.2438,0.0454,86.4812
2026-01-22,20:30:00,22.854,0.1828,1,NA,4,-52.2361,1,-10.5842,1,-1.1621,1,0.0316,1,-0,-0,-0,17.4868,422.1238,423.298,0.1,1,114.9029,2.7737,2.7814,0.1,1,0.0947,2.1041,2.1099,0,1,275.2477,275.59,95657.3069,1.208,1006.679,0.024,-0.0753,0.0021,265.3969,726.3261,0.0017,36.5396,460.9292,262.1913,0.546,5.1075,321.4764,0.389,0.8839,-20.4002,-0.1422,-4.6607,0.5147,89.7657,-13.6223,30.8136,76.7303,117.0186,164.1202,245.882,0.1791,1.0203,236.2466,1.0197,-47.9638,1.0891,-9.7185,1.0891,-1.0671,1.0891,-0.0428,1.154,0.913,0.7495,0.1052,86.4104
2026-01-22,21:00:00,22.874,0.1988,1,166.4825,1,-33.6071,1,-7.1904,1,-0.7473,1,0.015,1,-0,-0,-0,17.5339,423.0598,424.237,0.1,1,115.0087,2.7749,2.7827,0.1,1,0.095,2.1043,2.1102,0,1,274.6166,275.0175,95686.7365,1.2109,1006.6711,0.0239,-0.0484,0.0021,265.5967,697.2439,0.0017,38.0924,431.6472,262.2007,0.5853,3.8535,327.4106,0.4051,0.9219,-33.7156,-0.086,-4.9538,0.3371,105.4303,-15.9994,36.1908,90.1202,137.439,192.7601,288.7898,0.195,1.0193,161.7754,1.019,-30.8774,1.0884,-6.6063,1.0884,-0.6866,1.0884,-0.0356,1.1531,1.1364,0.631,0.0763,86.382
2026-01-22,21:30:00,22.895,0.1568,1,170.1294,1,-35.5149,1,-8.2371,1,-0.7888,1,0.0147,1,0,0,0,17.6594,424.0473,425.3084,0.1,1,123.4759,2.965,2.9738,0.1,1,0.0956,2.1072,2.1135,0,1,273.3919,273.824,95703.8921,1.2163,1006.7563,0.0238,-0.0511,0.0022,283.8349,639.9118,0.0018,44.3553,356.0769,263.0369,0.4747,2.9629,329.0497,0.3591,0.6439,-22.9756,-0.1262,-4.7904,0.3869,125.4544,-19.0382,43.0644,107.2365,163.5425,229.3707,343.6391,0.1534,1.0227,164.922,1.0212,-32.5628,1.0907,-7.5524,1.0907,-0.7232,1.0907,-0.037,1.1561,0.9015,0.3474,0.0388,86.0096
2026-01-22,22:00:00,22.916,0.3664,1,NA,4,-116.4165,1,-24.2632,1,-2.5872,1,0.0449,1,0,0,0,17.5797,422.7394,423.9827,0.1,1,121.9433,2.9324,2.941,0.1,1,0.0954,2.1094,2.1156,0,1,273.9317,274.4474,95707.968,1.2136,1006.7476,0.0238,-0.1677,0.0022,280.7261,669.3177,0.0018,41.9421,388.5917,262.8978,0.2642,5.4648,0.3202,0.5495,0.8491,-25.6892,-0.1129,-4.6824,0.812,102.7858,-15.5981,35.283,87.8598,133.9917,187.9253,281.5463,0.3536,1.036,523.758,1.03,-105.7422,1.1009,-22.0384,1.1009,-2.35,1.1009,-0.119,1.169,0.5016,1.047,0.1496,86.0713
2026-01-22,22:30:00,22.937,0.1409,1,55.6988,1,-20.9726,1,-1.9321,1,-0.4655,1,0.0045,1,-0,-0,-0,17.7054,424.3809,425.6827,-0.1,0,127.5907,3.0582,3.0676,0.1,1,0.096,2.109,2.1154,0,1,272.7616,273.1984,95696.3317,1.2189,1006.7979,0.0237,-0.0302,0.0023,292.7398,611.5622,0.0019,47.8675,318.8225,263.428,0.3992,3.1989,322.222,0.34,0.4505,-59.582,-0.0487,-2.6558,0.1335,130.4009,-19.7888,44.7624,111.4647,169.9907,238.4144,357.1882,0.1374,1.026,53.4036,1.0234,-19.187,1.0931,-1.7676,1.0931,-0.4259,1.0931,-0.0118,1.1592,0.5434,0.3261,0.0316,85.7476
2026-01-22,23:00:00,22.958,0.0745,1,31.3961,1,-19.8398,1,2.4814,1,-0.4402,1,2e-4,1,-0,-0,-0,17.7492,420.7843,422.1407,0.3,0,135.5328,3.2131,3.2235,0.1,1,0.0961,2.1094,2.1162,-0.9,0,272.4211,272.8572,95698.4049,1.2204,1006.8769,0.0237,-0.0285,0.0024,307.5709,596.5768,0.002,51.556,289.0058,264.0563,0.4623,2.5044,332.6188,0.247,0.3647,-40.5146,-0.0716,-1.5825,0.1034,135.8952,-20.6226,46.6484,116.1612,177.1531,248.4598,372.238,0.0728,1.0231,29.7479,1.0215,-18.1851,1.091,2.2744,1.091,-0.4035,1.091,-0.0083,1.1566,0.4002,0.3143,0.015,85.5171
2026-01-22,23:30:00,22.979,0.0381,1,1.0706,2,-0.579,2,-0.1838,2,-0.0128,2,0,2,-0,-0,-0,17.8636,420.1101,421.4329,0.1,1,133.4661,3.1388,3.1487,0.1,1,0.0967,2.1129,2.1195,-0.1,0,271.5836,271.9952,95710.7444,1.2245,1006.8253,0.0236,-8e-4,0.0024,300.4992,560.1506,0.002,53.6461,259.6515,263.7601,0.7302,2.8035,316.8933,0.1765,0.3917,-433.2109,-0.0067,-1.849,0.0049,5.8787,3,5,10,16,32,104,0.0375,1.0163,1.0239,1.0171,-0.5328,1.0868,-0.1691,1.0868,-0.0118,1.0868,-3e-4,1.1506,0.61,0.1585,0.0149,85.1088
2026-01-23,00:00:00,23,0.0374,1,6.8495,1,-2.7786,1,-0.3779,1,-0.0616,1,2e-4,1,-0,-0,-0,17.993,421.9827,423.3524,0.1,1,137.9512,3.2353,3.2458,0.1,1,0.0969,2.1128,2.1197,-0.1,0,270.9701,271.3744,95740.0749,1.2276,1006.8695,0.0236,-0.004,0.0025,309.832,535.1547,0.002,57.8958,225.3227,264.1497,0.9136,2.91,315.0781,0.1746,0.2867,-65.6616,-0.0442,-2.4651,0.0317,9.0403,4,8,14,23,41,121,0.0369,1.0139,6.6089,1.0156,-2.5584,1.086,-0.348,1.086,-0.0567,1.086,-0.0018,1.1489,0.3495,0.211,0.0129,84.7941
2026-01-23,00:30:00,23.02,0.031,1,2.4727,1,1.8239,1,1.0646,1,0.0404,1,-0.0041,1,-0,-0,-0,18.0284,422.3126,423.6631,0.1,1,136.0747,3.1875,3.1977,0.1,1,0.0969,2.1086,2.1154,0,0,270.7052,271.1216,95724.0704,1.2285,1006.8405,0.0235,0.0026,0.0024,305.205,525.261,0.002,58.1054,220.056,263.9579,1.0353,2.6138,319.2975,0.1589,0.2496,-137.0018,-0.0212,1.3557,0.0126,12.6894,6,11,20,34,63,193,0.0306,1.0127,2.5321,1.0149,1.6794,1.086,0.9803,1.086,0.0372,1.086,-0.0047,1.1483,0.2486,0.2373,0.0133,86.0072
2026-01-23,01:00:00,23.041,0.0844,1,1.3676,2,-1.7876,2,2.0466,1,-0.0396,2,-0.0056,1,0,0,0,17.9456,420.4994,421.763,0.2,0,127.8604,2.996,3.005,0.1,1,0.0969,2.1119,2.1183,0,0,270.8456,271.2619,95701.2988,1.2277,1006.7388,0.0236,-0.0026,0.0023,286.7998,530.7332,0.0019,54.0384,243.9334,263.1683,0.8486,3.066,324.5146,0.2621,0.6021,-1111.732,-0.0026,-0.765,0.0042,126.1208,-19.1393,43.2932,107.8062,164.4112,230.5891,345.4644,0.0831,1.0146,1.2558,1.0161,-1.6458,1.0862,1.8842,1.0862,-0.0365,1.0862,-0.0056,1.1494,0.6443,0.5395,0.0204,86.0844
2026-01-23,01:30:00,23.062,0.0206,1,-1.2966,1,4.262,1,2.0654,1,0.0944,1,-0.0067,1,-0,-0,-0,18.0106,421.8658,423.1781,0.1,0,132.3947,3.1011,3.1107,0.1,1,0.097,2.1102,2.1167,0,0,270.4899,270.9148,95698.9965,1.2292,1006.7912,0.0235,0.0061,0.0024,296.8519,517.2906,0.0019,57.3859,220.4387,263.605,1.1235,3.2713,317.1312,0.1295,0.3785,141.4784,0.0205,-0.3042,-0.0081,17.7704,8,16,31,55,110,398,0.0205,1.0081,-1.0661,1.013,3.8771,1.0993,1.8788,1.0993,0.0859,1.0993,-0.006,1.1779,0.4915,0.2487,0.0169,85.5409
2026-01-23,02:00:00,23.083,0.0285,1,-3.2574,1,2.7236,1,1.5159,1,0.0604,1,-0.0041,1,0,0,0,17.8675,419.2836,420.4953,0.2,0,122.8045,2.8818,2.8901,0.1,1,0.0971,2.1188,2.1249,-0.1,0,271.2196,271.664,95683.0898,1.2257,1006.6822,0.0236,0.0039,0.0022,275.8101,546.6908,0.0018,50.4508,270.8807,262.6751,1.5259,3.906,333.5663,0.1525,0.6363,91.9705,0.0315,-1.196,-0.0173,21.3812,9,19,38,68,138,520,0.0283,1.0076,-3.08,1.0136,2.457,1.1085,1.3675,1.1085,0.0545,1.1085,-0.0029,1.1895,0.464,0.7837,0.0248,84.7033
2026-01-23,02:30:00,23.104,0.025,1,-72.3684,1,12.0748,1,3.6794,1,0.2685,1,-0.0059,1,-0,-0,-0,17.5083,419.3969,420.4801,0.2,0,107.5428,2.5761,2.5828,0.1,1,0.096,2.1288,2.1343,0,0,274.6634,275.1227,95686.3864,1.2105,1006.5655,0.0239,0.0174,0.0019,246.5636,702.5094,0.0016,35.0976,455.9458,261.2716,1.9186,5.5714,1.2241,0.1438,0.7719,3.4686,0.8361,-5.9933,-0.413,37.758,17,36,79,156,365,1875,0.0245,1.0238,-68.593,1.0484,8.6801,1.3911,2.645,1.3911,0.193,1.3911,0.0115,1.6574,0.4348,0.9938,0.1152,85.3572
2026-01-23,03:00:00,23.124,0.1033,0,-91.6422,0,29.1766,0,1.843,0,0.6492,0,-0.0043,0,0,0,0,17.4288,421.1614,422.2279,0.1,0,104.532,2.526,2.5324,0.1,1,0.0957,2.1269,2.1323,-0.1,0,275.2541,275.7165,95689.644,1.2079,1006.5475,0.024,0.0421,0.0019,241.7755,732.895,0.0016,32.9891,491.1194,261.0278,2.2662,6.9108,11.2953,0.2924,1.0572,23.0361,0.1259,-3.1409,-0.2577,61.514,-9.335,21.1158,52.5813,80.1897,112.4672,168.4964,0.1023,1.0095,-88.5544,1.0193,25.1576,1.1598,1.5891,1.1598,0.5598,1.1598,0.0209,1.2638,0.6584,1.3032,0.1529,85.8075
2026-01-23,03:30:00,23.145,0.062,0,-70.7163,0,27.573,0,1.1909,1,0.6133,0,2e-4,0,0,0,0,17.4645,421.727,422.8004,0,0,105.1407,2.5389,2.5454,0.1,1,0.0958,2.1255,2.1309,-0.1,0,274.8859,275.3606,95679.5387,1.2094,1006.549,0.0239,0.0397,0.0019,242.9858,714.5449,0.0016,34.0057,471.5591,261.0899,2.2365,5.5742,350.7541,0.2263,0.9446,13.8399,0.2095,-2.5647,-0.2567,57.3236,-8.6991,19.6773,48.9993,74.7271,104.8058,157.0182,0.0613,1.0114,-67.852,1.0233,23.1199,1.1926,0.9986,1.1926,0.5143,1.1926,0.0181,1.3178,0.4965,1.2835,0.1093,85.7277
2026-01-23,04:00:00,23.166,0.0458,0,-34.0575,0,17.9149,1,1.328,0,0.3983,1,0.0035,0,0,0,0,17.4927,421.9031,422.9903,0.1,0,106.5646,2.5702,2.5768,0.1,1,0.0959,2.1229,2.1284,0,0,274.4075,274.8936,95672.629,1.2113,1006.5589,0.0239,0.0258,0.0019,245.9652,691.0917,0.0016,35.5908,445.1265,261.2414,1.8343,4.3637,340.751,0.1945,0.5694,18.2278,0.1591,-1.9011,-0.1436,18.6251,8,17,37,70,156,715,0.0454,1.01,-32.5476,1.02,15.391,1.164,1.1409,1.164,0.3422,1.164,0.0115,1.2788,0.2474,0.8319,0.0595,85.6319
2026-01-23,04:30:00,23.187,0.1596,0,-63.9774,0,31.9618,0,2.7819,0,0.7112,0,0.0035,0,-0,-0,-0,17.385,420.1555,421.052,0.1,1,88.1052,2.1293,2.1338,0.1,1,0.0953,2.1178,2.1223,0.2,0,275.3191,275.7702,95661.4004,1.2075,1006.3349,0.024,0.0461,0.0016,203.7468,735.6971,0.0013,27.6944,531.9503,258.9223,1.758,5.4636,5.8195,0.3636,1.052,63.3906,0.0457,-2.0017,-0.1448,75.4121,-11.4441,25.8865,64.4611,98.3073,137.8774,206.5654,0.1584,1.0077,-61.4879,1.0144,28.602,1.1175,2.4895,1.1175,0.6364,1.1175,0.0204,1.2018,0.6924,1.2695,0.1421,85.7398
2026-01-23,05:00:00,23.208,0.0914,0,-52.3583,0,34.0938,0,1.0994,0,0.7587,0,0.0014,0,-0,-0,-0,17.3603,419.9903,420.7991,0.2,0,79.4525,1.9222,1.9259,0.5,0,0.0952,2.1179,2.122,-0.3,0,275.3653,275.8382,95676.9784,1.2075,1006.2247,0.024,0.0492,0.0014,183.9553,739.2652,0.0012,24.8835,555.3099,257.6835,1.4896,5.6822,9.5124,0.2751,1.0769,33.5708,0.0864,-1.5357,-0.1566,61.8468,-9.3855,21.23,52.8657,80.6235,113.0757,169.4079,0.0906,1.0086,-49.846,1.0162,30.1686,1.1301,0.9728,1.1301,0.6713,1.1301,0.0145,1.2272,0.7804,1.2399,0.1336,85.7287
2026-01-23,05:30:00,23.229,0.0995,1,-45.2209,1,29.9404,1,1.9844,1,0.666,1,-0.0056,1,0,0,0,17.4045,420.4805,421.3399,0.3,0,84.4268,2.0397,2.0439,0.1,1,0.0955,2.119,2.1233,0.7,0,274.8889,275.3852,95712.0992,1.2099,1006.2809,0.0239,0.0432,0.0015,195.276,715.8009,0.0013,27.2808,520.5249,258.4059,0.8424,3.7529,9.0073,0.2867,0.5673,44.001,0.0659,-1.5104,-0.1295,80.0609,-12.1496,27.4823,68.4349,104.3675,146.3769,219.2993,0.0985,1.0096,-43.0374,1.0156,26.8292,1.116,1.7782,1.116,0.5968,1.116,0.0067,1.2105,0.2921,0.7664,0.0761,85.6458
2026-01-23,06:00:00,23.249,0.0332,1,-38.0179,0,25.0396,0,1.6034,0,0.5567,0,-0.0081,0,0,0,0,17.4811,421.5961,422.5306,0.1,0,91.7021,2.2116,2.2165,0.1,1,0.096,2.1254,2.1302,0.3,0,274.3898,274.8741,95746.7946,1.2125,1006.3656,0.0239,0.0361,0.0017,211.8111,690.1246,0.0014,30.6917,478.3135,259.3965,1.0937,5.0701,349.1522,0.1654,0.6861,10.0508,0.2885,-1.5183,-0.1884,10.4385,5,10,21,39,88,408,0.0328,1.0127,-35.9388,1.0248,20.9593,1.1947,1.3421,1.1947,0.466,1.1947,0.0024,1.3473,0.4352,0.871,0.0661,85.5559
2026-01-23,06:30:00,23.27,0.0933,0,-39.8145,0,24.1858,0,1.9164,0,0.5378,0,-0.0031,0,-0,-0,-0,17.4878,421.7621,422.641,0.1,1,86.2244,2.0795,2.0838,0.1,1,0.0964,2.1366,2.1411,-0.2,0,274.5455,275.0289,95758.2632,1.212,1006.2969,0.0239,0.0348,0.0016,199.1842,697.815,0.0013,28.544,498.6308,258.6466,1.7109,5.2443,6.5433,0.2775,0.7813,45.3029,0.064,-1.6462,-0.1177,60.3228,-9.1542,20.7069,51.563,78.6369,110.2893,165.2335,0.0926,1.008,-38.026,1.0153,21.5121,1.1243,1.7046,1.1243,0.4783,1.1243,0.0077,1.214,0.6423,0.7757,0.1446,85.4599
2026-01-23,07:00:00,23.291,0.1655,0,-40.6098,0,35.8632,0,1.9329,0,0.7974,0,-2e-4,0,0,0,0,17.4538,420.9099,421.7379,0.2,0,81.4114,1.9633,1.9672,0.1,1,0.0963,2.1333,2.1375,-0.1,0,274.5343,275.0212,95751.6708,1.212,1006.2344,0.0239,0.0517,0.0015,188.0392,697.4311,0.0012,26.9617,509.3919,257.9485,2.011,6.8858,18.333,0.3696,1.0789,104.9345,0.0276,-1.1324,-0.0901,67.8585,-10.2978,23.2936,58.0045,88.4605,124.067,185.875,0.1643,1.0072,-38.2638,1.0137,32.231,1.1127,1.7371,1.1127,0.7167,1.1127,0.01,1.1905,0.6739,1.2928,0.1911,85.2946
2026-01-23,07:30:00,23.312,0.148,0,-44.1338,1,31.0945,0,2.0598,1,0.6914,0,0.0031,1,0,0,0,17.4534,420.9124,421.6909,0.2,0,76.5575,1.8463,1.8497,0.1,1,0.096,2.1255,2.1294,0.6,0,274.4354,274.9481,95764.0907,1.2126,1006.1705,0.0239,0.0448,0.0014,176.855,693.7938,0.0011,25.491,516.9387,257.2099,2.1211,6.1602,7.3018,0.3493,1.0528,81.5547,0.0356,-1.4193,-0.1036,63.6987,-9.6665,21.8657,54.4487,83.0376,116.4615,174.4805,0.1469,1.0074,-41.9668,1.0143,27.8175,1.1178,1.8427,1.1178,0.6185,1.1178,0.0142,1.1975,0.5564,1.3493,0.2,85.2801
2026-01-23,08:00:00,23.333,0.1518,0,-29.1492,0,35.0572,0,1.2132,1,0.7793,0,-9e-4,0,0,0,0,17.4946,421.4017,422.1695,0.2,0,75.5045,1.8187,1.822,0.1,1,0.0959,2.1225,2.1264,0.6,0,274.2275,274.7512,95796.2001,1.2139,1006.1528,0.0238,0.0505,0.0014,174.273,684.0719,0.0011,25.4758,509.7989,257.0334,2.0694,5.907,5.4616,0.3536,0.8174,128.0768,0.0226,-0.8315,-0.0675,73.7206,-11.1874,25.3059,63.0153,96.1022,134.7848,201.9321,0.1507,1.0071,-26.9971,1.0135,31.5522,1.1111,1.0919,1.1111,0.7014,1.1111,0.0059,1.1871,0.504,0.9887,0.1422,85.1871
2026-01-23,08:30:00,23.354,0.0634,0,-15.0888,0,23.3779,0,0.9222,0,0.5197,0,-6e-4,0,0,0,0,17.5108,421.7214,422.4834,0.2,0,74.887200000000007,1.8035,1.8068,0.1,1,0.0959,2.1213,2.1252,0.3,0,274.2033,274.7415,95826.4018,1.2143,1006.1445,0.0238,0.0337,0.0014,172.8739,683.5965,0.0011,25.2889,510.7226,256.9368,2.0851,5.2368,348.0425,0.2286,0.8685,66.8503,0.0434,-0.6454,-0.054,53.1912,-8.072,18.2588,45.467,69.34,97.2504,145.6988,0.063,1.0075,-13.7036,1.0146,20.8754,1.1199,0.8235,1.1199,0.4641,1.1199,0.0026,1.2014,0.4386,1.164,0.1344,85.1173
2026-01-23,09:00:00,23.374,0.0933,0,-10.6938,0,26.338,0,1.0711,1,0.5855,0,6e-4,1,0,0,0,17.4792,421.1645,421.9033,0.1,1,72.673,1.7511,1.7541,0.1,1,0.0957,2.1175,2.1212,0,1,274.3003,274.8466,95846.0424,1.2141,1006.1179,0.0238,0.0379,0.0013,167.8783,688.7685,0.0011,24.3737,520.8902,256.5861,2.5471,6.253,340.6838,0.2771,1.0613,168.1947,0.0172,-0.406,-0.0316,51.5823,-7.8278,17.7065,44.0918,67.2427,94.3089,141.2919,0.0926,1.007,-9.2207,1.0138,23.6293,1.1146,0.9609,1.1146,0.5253,1.1146,0.0022,1.1869,0.5552,1.3541,0.2133,85.0699
2026-01-23,09:30:00,23.395,0.1421,0,-10.7007,0,21.426,0,0.8106,0,0.4763,0,-1e-4,0,0,0,0,17.4836,421.0832,421.8138,0.1,1,71.9162,1.7321,1.7351,0.1,1,0.0957,2.1165,2.1202,0.9,0,274.2322,274.7962,95866.4424,1.2146,1006.107,0.0238,0.0309,0.0013,166.0916,686.2838,0.0011,24.2016,520.1922,256.4584,2.8297,6.4773,348.4951,0.3421,1.2152,316.1591,0.0092,-0.4994,-0.0256,59.279,-8.9958,20.3486,50.6708,77.2762,108.381,162.3745,0.1412,1.0069,-9.4764,1.0139,19.2132,1.1152,0.7269,1.1152,0.4271,1.1152,0.0019,1.1844,0.6563,1.5444,0.2296,84.8606
2026-01-23,10:00:00,23.416,0.084,1,-9.7156,1,32.5304,1,1.33,1,0.7235,1,-3e-4,1,-0,-0,-0,17.4362,420.5514,421.2727,0.1,1,70.9917,1.7123,1.7152,0.6,0,0.0953,2.114,2.1176,-0.9,0,274.5346,275.2747,95871.9759,1.2126,1006.1035,0.0239,0.0469,0.0013,164.2032,710.1787,0.0011,23.1214,545.9756,256.3221,3.2108,7.7763,338.2811,0.2632,1.3802,158.598,0.0183,-0.2987,-0.0303,44.2091,-6.7089,15.1756,37.7893,57.631100000000004,80.8284,121.0957,0.0834,1.0072,-7.943,1.015,28.9272,1.1246,1.1827,1.1246,0.6434,1.1246,7e-4,1.1945,0.8242,1.6532,0.2829,84.7982
2026-01-23,10:30:00,23.437,0.183,0,-22.0094,0,35.738,0,1.177,0,0.7952,0,2e-4,0,0,0,0,17.3788,419.5887,420.267,0.1,1,66.8465,1.6139,1.6165,0.8,0,0.0949,2.1076,2.111,0,1,274.9777,275.7277,95896.0688,1.2109,1006.0577,0.0239,0.0515,0.0012,154.81,733.4806,0.001,21.1062,578.6706,255.6226,2.6933,6.8465,341.3746,0.3887,1.5289,225.6032,0.0129,-0.6159,-0.0465,61.6689,-9.3585,21.1689,52.7137,80.3917,112.7505,168.9207,0.1817,1.0069,-19.9054,1.0139,32.0506,1.115,1.0556,1.115,0.7132,1.115,0.0047,1.1858,0.8655,1.9237,0.2686,84.6407
2026-01-23,11:00:00,23.458,0.072,1,-16.249,1,37.9262,1,0.8926,1,0.8445,1,0.0047,1,-0,-0,-0,17.2928,419.2217,419.8895,0.3,0,65.6063,1.5905,1.593,0.4,0,0.0943,2.1028,2.1061,-0.9,0,275.8605,276.5415,95899.6973,1.2074,1006.0578,0.024,0.0547,0.0012,152.5661,777.0376,0.001,19.6343,624.4714,255.4499,2.8596,8.1056,331.6279,0.2441,1.9267,75.6773,0.0383,-0.4284,-0.0548,37.4062,-5.6765,12.8403,31.9742,48.7627,68.3904,102.4614,0.0714,1.0076,-14.1,1.0155,33.6002,1.1288,0.7907,1.1288,0.7482,1.1288,0.0067,1.2053,1.5538,1.9301,0.3696,84.4404
2026-01-23,11:30:00,23.479,0.1955,0,3.3113,2,28.2973,0,1.3697,0,0.6306,0,-9e-4,1,-0,-0,-0,17.2206,418.6655,419.33,0.1,1,65.1801,1.5846,1.5872,0.3,0,0.0938,2.0998,2.1031,0.2,0,276.5241,277.274,95891.5732,1.2041,1006.0665,0.024,0.0409,0.0012,151.9951,818.1851,0.001,18.5771,666.1901,255.4056,2.1102,7.0463,340.8911,0.4029,1.5455,-1669.3558,-0.0017,0.117,0.0068,67.7183,-10.2765,23.2455,57.8846,88.2777,123.8107,185.491,0.1938,1.0086,4.7451,1.0133,25.8888,1.093,1.2531,1.093,0.5769,1.093,-0.0037,1.1508,0.9772,1.8855,0.2283,84.1273
2026-01-23,12:00:00,23.499,0.075,1,-26.1956,1,33.7273,0,0.9343,1,0.7521,0,-0.0113,1,-0,-0,-0,17.1585,418.2215,418.8939,0.1,1,65.8587,1.6052,1.6078,0.3,0,0.0936,2.1021,2.1055,0.9,0,277.0765,277.9913,95873.8256,1.2008,1006.0894,0.0241,0.0487,0.0012,153.9416,860.3313,0.001,17.8933,706.3897,255.5561,1.6328,6.6089,320.0984,0.2499,1.4718,50.3243,0.0576,-0.7767,-0.0868,47.7974,-7.2534,16.4073,40.8565,62.3087,87.3889,130.9244,0.0744,1.0079,-24.1051,1.0148,30.1197,1.1198,0.8344,1.1198,0.6716,1.1198,-0.0044,1.2074,1.5401,1.1937,0.2098,84.0934
2026-01-23,12:30:00,23.52,0.174,0,23.7052,1,10.5295,0,-0.8445,1,0.2352,0,-0.0095,1,-0,-0,-0,17.0403,418.0331,418.6684,0.1,1,61.8483,1.5173,1.5196,0.5,0,0.0933,2.1128,2.116,-0.1,0,278.4672,279.9732,95825.6845,1.1917,1006.0765,0.0243,0.0152,0.0011,145.4319,986.9319,9e-4,14.7358,841.5,254.8853,0.2709,4.5247,165.3148,0.3821,0.8518,-198.8287,-0.0146,2.2513,0.0517,75.3462,-11.4341,25.8639,64.4048,98.2213,137.7568,206.3848,0.1681,1.0353,23.5866,1.0295,9.569,1.1004,-0.7675,1.1004,0.2138,1.1004,-0.0166,1.1683,0.731,0.8153,0.1573,83.9807
2026-01-23,13:00:00,23.541,0.191,1,10.2604,0,34.7992,0,2.025,0,0.777,0,-0.0015,0,0,0,0,17.0004,417.541,418.1691,0.1,1,61.1579,1.5021,1.5043,0.3,0,0.0928,2.0975,2.1007,0,0,278.5098,279.424,95797.0428,1.1937,1006.0587,0.0243,0.0504,0.0011,143.9331,950.2992,9e-4,15.1461,806.3661,254.7635,1.3103,9.7282,330.4806,0.4,3.2988,-526.8758,-0.0055,0.2948,0.0214,50.2396,-7.6241,17.2456,42.9441,65.4924,91.854,137.6141,0.1889,1.0109,11.9656,1.014,32.0181,1.0869,1.8631,1.0869,0.7149,1.0869,-0.0067,1.1479,2.7755,3.3474,0.4747,84.0041
2026-01-23,13:30:00,23.562,0.7139,1,28.4194,1,16.8436,1,-0.996,2,0.3764,1,-0.0167,1,0,0,0,16.963,417.155,417.815,0.1,1,64.2301,1.5796,1.5821,0.2,0,0.0927,2.102,2.1053,-0.8,0,278.9786,280.1377,95761.688,1.1902,1006.1129,0.0243,0.0244,0.0012,151.3011,998.1407,0.001,15.1583,846.8396,255.3515,0.6319,10.298400000000001,332.2752,0.7745,3.0912,-1380.4256,-0.0021,1.6872,0.0306,94.7619,-14.3805,32.5287,81.0011,123.5317,173.255,259.5676,0.7012,1.0182,28.8155,1.0183,15.4847,1.0878,-0.9156,1.0878,0.346,1.0878,-0.0253,1.1521,3.143,2.6751,0.3642,84.2049
2026-01-23,14:00:00,23.583,0.4401,0,23.2464,0,16.2491,0,-0.4656,2,0.3633,0,-0.0088,0,0,0,0,16.9144,417.3215,418.0225,0.1,1,67.9668,1.6769,1.6797,0.2,0,0.0927,2.1067,2.1102,0.1,0,279.3145,280.7275,95738.296,1.1874,1006.1758,0.0244,0.0235,0.0012,160.5882,1039.2669,0.001,15.4521,878.6787,256.0573,0.4938,8.8669,272.2536,0.6088,2.1874,-819.6751,-0.0035,1.4306,0.032,78.3308,-11.887,26.8884,66.956,102.1121,143.2137,214.5602,0.4307,1.022,23.6469,1.0208,14.905,1.0902,-0.4271,1.0902,0.3332,1.0902,-0.0164,1.1555,2.27,1.7425,0.3623,84.2289
2026-01-23,14:30:00,23.604,0.1559,1,-3.5209,2,24.5532,0,0.0813,1,0.5488,0,-0.0045,0,-0,-0,-0,16.9143,417.6385,418.3444,0.1,1,68.3316,1.6872,1.6901,0.2,0,0.0928,2.109,2.1126,-0.6,0,279.2181,280.5101,95722.3558,1.1881,1006.1773,0.0244,0.0356,0.0012,161.5467,1023.9358,0.0011,15.777,862.3891,256.128,1.0251,8.859,328.0414,0.3622,2.2201,1139.6851,0.0025,-0.1434,-0.0081,54.6296,-8.2902,18.7526,46.6965,71.2152,99.8803,149.6388,0.1546,1.0083,-2.1814,1.0124,22.4807,1.0922,0.0745,1.0922,0.5025,1.0922,-0.0046,1.1661,2.2628,1.8617,0.3157,84.0463
2026-01-23,15:00:00,23.624,0.5001,0,15.6287,1,14.1633,0,-0.0106,2,0.3166,0,-0.002,1,0,0,0,16.9187,417.9102,418.6391,0.1,1,70.487,1.7411,1.7441,0.3,0,0.093,2.1146,2.1183,-0.9,0,279.3776,280.6085,95714.6313,1.1875,1006.208,0.0244,0.0205,0.0013,166.6936,1030.8483,0.0011,16.1705,864.1547,256.5016,0.7731,8.7226,300.5805,0.649,2.2813,-1476.1765,-0.002,1.1035,0.0202,88.3649,-13.4097,30.3328,75.533,115.1926,161.5593,242.0452,0.4924,1.0156,16.1338,1.0167,13.0354,1.0865,-0.0098,1.0865,0.2914,1.0865,-0.0076,1.1501,2.4663,1.7918,0.3045,83.7931
2026-01-23,15:30:00,23.645,0.0383,2,15.9073,1,21.8813,1,0.5497,1,0.489,1,-0.0095,1,0,0,0,16.9506,418.0276,418.7503,0.1,1,69.9806,1.7258,1.7288,0.2,0,0.0935,2.1223,2.126,0,0,279.2019,280.3889,95730.4866,1.1887,1006.1958,0.0244,0.0317,0.0013,165.2584,1015.4766,0.0011,16.274,850.2181,256.3985,1.0438,9.0709,342.6611,0.1795,2.699,-30.6845,-0.0945,0.727,0.0741,10.6305,5,9,15,25,44,118,0.0378,1.0126,16.8456,1.0149,20.1481,1.086,0.5061,1.086,0.4503,1.086,-0.0152,1.1483,2.1603,2.955,0.2826,83.8438
2026-01-23,16:00:00,23.666,0.5589,0,14.1014,2,27.4192,0,0.0084,2,0.61240000000000006,0,2e-4,2,-0,-0,-0,17.0136,418.3812,419.1158,0.1,1,71.2811,1.7529,1.7559,0.3,0,0.0938,2.1231,2.1268,0,1,278.8095,279.7291,95757.5806,1.1918,1006.1985,0.0243,0.0397,0.0013,167.8957,970.4988,0.0011,17.2999,802.6031,256.5874,0.6553,7.4105,329.7602,0.6848,2.5955,-1922.9696,-0.0015,0.5143,0.0172,76.7715,-11.6504,26.3532,65.6231,100.0794,140.3627,210.2889,0.5492,1.0177,15.3127,1.018,25.2133,1.0875,0.0077,1.0875,0.5632,1.0875,-0.006,1.1517,2.4526,2.2565,0.482,83.7257
2026-01-23,16:30:00,23.687,0.0313,2,-16.9116,2,23.0325,2,-0.0938,2,0.5141,2,0.0011,2,0,0,0,17.0954,417.9746,418.6869,0.1,1,69.5819,1.7012,1.7041,0.2,0,0.0937,2.1135,2.1171,-0.5,0,278.437,278.9812,95768.16,1.1952,1006.1577,0.0242,0.0333,0.0013,162.9687,921.6484,0.0011,17.6823,758.6797,256.2323,1.0513,8.676,17.2624,0.1619,2.3893,21.1875,0.1369,-0.7342,-0.0869,10.3341,5,10,20,37,81,350,0.031,1.0099,-15.458,1.0182,20.1788,1.1414,-0.0822,1.1414,0.4504,1.1414,0.0044,1.2536,2.3017,2.1711,0.3059,83.6301
2026-01-23,17:00:00,23.708,0.2776,0,-29.4323,0,38.8624,0,0.6521,0,0.8669,0,-0.0023,1,-0,-0,-0,17.141,417.9211,418.6067,0.1,1,67.1711,1.6377,1.6404,0.1,0,0.0938,2.1091,2.1125,-0.3,0,277.9234,278.4085,95780.8499,1.1978,1006.1138,0.0242,0.0562,0.0012,156.9048,885.7174,0.001,17.715,728.8126,255.7819,0.9242,9.4859000000000009,76.7167,0.4814,2.0777,320.1885,0.0091,-0.7573,-0.0507,70.322,-10.6716,24.1393,60.1102,91.6718,128.571,192.6228,0.2752,1.0088,-27.0357,1.0129,35.5063,1.0945,0.5958,1.0945,0.7921,1.0945,0.0044,1.1711,1.6391,2.2198,0.2966,83.5752
2026-01-23,17:30:00,23.729,0.1297,0,-42.0479,1,20.7743,0,2.183,1,0.4632,0,0.0044,1,0,0,0,17.2001,418.336,419.0211,0.1,1,67.2166,1.6348,1.6375,0.3,0,0.0943,2.1154,2.1188,-0.3,0,277.4514,277.8863,95813.5613,1.2005,1006.1035,0.0241,0.03,0.0012,156.6803,854.0479,0.001,18.3456,697.3675,255.7649,1.1732,6.8704,107.05,0.3287,0.8895,71.356,0.0406,-2.024,-0.1059,73.6554,-11.1775,25.2835,62.9595,96.0173,134.6656,201.7536,0.1286,1.0083,-40.4142,1.0141,18.7339,1.1089,1.9685,1.1089,0.4177,1.1089,0.0153,1.1944,0.9442,0.7115,0.1232,83.5199
2026-01-23,18:00:00,23.749,0.0957,0,-49.889,1,34.8407,1,3.7095,1,0.7764,1,-0.002,1,-0,-0,-0,17.2516,418.6275,419.2953,0.3,0,65.6332,1.5927,1.5952,0.1,0,0.0946,2.1179,2.1213,-0.4,0,276.8609,277.3176,95829.1529,1.2031,1006.0715,0.0241,0.0503,0.0012,152.6637,820.6936,0.001,18.6018,668.0298,255.4575,1.2363,4.693,32.5964,0.282,0.913,37.9821,0.0764,-1.4319,-0.1461,62.5834,-9.4973,21.4829,53.4954,81.5838,114.4225,171.4257,0.0949,1.0087,-47.3748,1.0156,31.0219,1.1231,3.3029,1.1231,0.6913,1.1231,0.0108,1.2186,0.6348,1.055,0.1362,83.5033
2026-01-23,18:30:00,23.77,0.1326,0,-39.5502,1,28.0478,0,2.1581,0,0.6248,0,-0.0029,0,0,0,0,17.2839,418.6202,419.2556,0.1,1,62.5746,1.5156,1.5179,0.2,0,0.0946,2.1146,2.1178,-0.3,0,276.4905,276.9316,95838.6149,1.205,1006.0239,0.024,0.0405,0.0011,145.2895,798.7149,9e-4,18.1904,653.4254,254.8738,1.2727,5.2985,60.521,0.3318,1.2598,78.0006,0.0372,-1.4101,-0.0983,62.1966,-9.4386,21.3501,53.1647,81.0795,113.7152,170.366,0.1316,1.008,-37.5873,1.0138,25.3077,1.1083,1.9473,1.1083,0.5638,1.1083,0.0076,1.1922,0.9777,1.3504,0.1915,83.3971
2026-01-23,19:00:00,23.791,0.2658,1,-175.7458,1,78.2282,1,8.9427,1,1.7413,1,-8e-4,1,0,0,0,17.352,419.3945,420.0852,0.1,1,68.0271,1.6442,1.6469,0.4,0,0.0948,2.1101,2.1136,0,1,275.6264,276.1164,95854.8589,1.2087,1006.0799,0.0239,0.1128,0.0012,157.647,754.0065,0.001,20.9079,596.3595,255.8378,0.5583,5.5259,70.4443,0.4689,1.3438,49.5695,0.0585,-2.2466,-0.3082,92.9359,-14.1034,31.9019,79.4402,121.1513,169.9164,254.5657,0.2627,1.0115,-169.0263,1.0163,70.2986,1.1128,8.0363,1.1128,1.5648,1.1128,0.0467,1.2067,1.3557,1.1917,0.1402,83.2445
2026-01-23,19:30:00,23.812,0.1153,0,-89.4038,0,39.841,0,3.9514,1,0.8859,0,0.0017,0,0,0,0,17.4722,420.4676,421.233,0,0,75.5042,1.817,1.8203,0.1,1,0.0951,2.1053,2.1091,0,1,274.4156,274.9763,95884.7568,1.214,1006.1552,0.0238,0.0574,0.0014,174.2698,695.1913,0.0011,25.0679,520.9215,257.0332,0.4625,4.9787,50.5852,0.3082,0.7891,27.6733,0.1048,-2.244,-0.2375,79.7409,-12.101,27.3725,68.1613,103.9503,145.7918,218.4227,0.1138,1.0128,-85.8096,1.0188,35.2715,1.1296,3.4982,1.1296,0.7843,1.1296,0.025,1.2379,0.6253,0.8642,0.0888,82.9251
2026-01-23,20:00:00,23.833,0.057,1,7.9034,2,7.4631,1,-0.3323,2,0.1658,1,-0.002,2,-0,-0,-0,17.6053,422.2344,423.1038,0.1,1,85.6725,2.0547,2.0589,0.1,1,0.0955,2.1043,2.1087,0,1,273.2064,273.7983,95929.3973,1.2197,1006.2657,0.0237,0.0107,0.0016,197.1599,638.7285,0.0013,30.8676,441.5686,258.5224,0.6714,4.3488,0.9139,0.2161,0.7521,-107.9657,-0.0269,1.059,0.0298,81.2771,-12.3341,27.8998,69.4745,105.9529,148.6005,222.6306,0.056,1.0174,8.1557,1.0178,6.8638,1.0873,-0.3056,1.0873,0.1524,1.0873,-0.0048,1.1515,0.5021,0.9605,0.0416,82.5548
2026-01-23,20:30:00,23.854,0.11,0,-79.4037,1,44.7114,1,5.4373,1,0.9929,1,-0.0159,1,-0,-0,-0,17.6455,421.729,422.5761,0.1,0,83.8757,2.0046,2.0087,0.1,1,0.0959,2.1103,2.1146,-0.1,0,273.1535,273.689,95969.6049,1.2207,1006.2372,0.0237,0.0643,0.0015,192.4358,633.6991,0.0012,30.3671,441.2633,258.2282,1.714,7.238,348.8886,0.3002,0.9649,28.8007,0.1007,-1.7759,-0.2154,77.115,-11.7025,26.4711,65.9167,100.5272,140.9908,211.2299,0.109,1.0088,-75.9184,1.0171,39.2503,1.1391,4.7731,1.1391,0.8717,1.1391,0.0065,1.2391,0.62,1.2182,0.0916,82.2576
2026-01-23,21:00:00,23.874,0.0501,1,-32.5644,1,42.516,1,0.8766,1,0.9448,1,-0.0077,2,-0,-0,-0,17.5348,420.3167,421.0504,0.2,0,72.6977,1.7426,1.7456,0.7,0,0.096,2.1193,2.123,0,1,273.8024,274.3487,95993.0754,1.2182,1006.1061,0.0238,0.0612,0.0013,167.3223,664.5846,0.0011,25.177,497.2624,256.5465,2.0886,6.3885,340.9036,0.2028,1.2959,21.6708,0.1338,-0.7659,-0.131,37.8836,-5.749,13.0042,32.3823,49.3851,69.2633,103.769,0.0496,1.0094,-29.9065,1.019,36.7523,1.1568,0.7578,1.1568,0.8167,1.1568,2e-4,1.2622,0.8099,1.5348,0.2472,82.4567
2026-01-23,21:30:00,23.895,0.1775,0,-10.8011,2,31.5543,0,0.6952,1,0.7008,0,-0.0066,2,0,0,0,17.6002,421.2708,421.9767,0.3,0,69.8887,1.6728,1.6756,0.5,0,0.0965,2.1251,2.1286,-0.9,0,273.1729,273.7092,96010.9008,1.2213,1006.0595,0.0237,0.0454,0.0013,160.6522,634.6273,0.001,25.3144,473.9751,256.062,1.9141,7.8968,340.8082,0.3813,1.6596,434.0586,0.0067,-0.3423,-0.0231,56.5524,-8.582,19.4126,48.3401,73.7217,103.3958,154.9057,0.1763,1.0069,-9.0659,1.0125,28.6351,1.1019,0.6309,1.1019,0.6359,1.1019,-0.0047,1.1737,1.1179,1.8805,0.3208,82.2826
2026-01-23,22:00:00,23.916,0.1815,0,-30.5268,1,33.2008,0,0.7275,1,0.7367,0,0.0108,2,-0,-0,-0,17.6961,422.2348,422.9725,0.1,0,73.0977,1.7441,1.7472,0.5,0,0.0974,2.1353,2.139,0.6,0,272.3362,272.8633,96028.5765,1.2253,1006.086,0.0236,0.0477,0.0013,167.5322,596.84,0.0011,28.0699,429.3078,256.5615,2.6367,8.1344,334.4021,0.3849,1.84,157.9944,0.0184,-0.9195,-0.0643,60.4686,-9.1763,20.7569,51.6876,78.8269,110.5558,165.6328,0.1802,1.0071,-28.4572,1.0141,29.7217,1.1171,0.6513,1.1171,0.6595,1.1171,0.017,1.1897,1.3941,2.0095,0.2765,81.9752
2026-01-23,22:30:00,23.937,0.1752,1,2.0847,1,23.5358,1,-0.4578,1,0.522,1,-0.0027,1,0,0,0,17.766,422.8356,423.5964,0.1,1,75.4621,1.796,1.7993,0.5,0,0.0981,2.1453,2.1492,-0.6,0,271.7799,272.2843,96040.4449,1.228,1006.106,0.0236,0.0338,0.0014,172.5368,572.1425,0.0011,30.1563,399.6057,256.9134,2.2094,8.1877,327.0224,0.3777,2.412,-2187.0577,-0.0013,0.0886,0.0045,48.8061,-7.4065,16.7536,41.7187,63.6237,89.2331,133.6875,0.1737,1.0085,3.2581,1.0133,21.5133,1.094,-0.4185,1.094,0.4771,1.094,-0.0047,1.1514,2.4395,1.9294,0.455,81.7162
2026-01-23,23:00:00,23.958,0.1547,1,-5.9598,0,21.3653,0,0.6059,0,0.4737,0,-0.0021,1,-0,-0,-0,17.7999,423.0275,423.7719,0.2,0,73.9124,1.7566,1.7597,0.1,1,0.0983,2.1457,2.1495,-0.1,0,271.3573,271.8671,96060.1482,1.2301,1006.0793,0.0235,0.0307,0.0013,168.7827,554.9081,0.0011,30.4163,386.1254,256.6503,2.0138,9.0023,344.6413,0.3546,2.5119,632.9234,0.0046,-0.2789,-0.0136,54.6148,-8.288,18.7475,46.6839,71.1959,99.8532,149.5983,0.1536,1.0068,-4.8106,1.0125,19.3842,1.1022,0.5497,1.1022,0.4297,1.1022,-0.0014,1.173,2.5902,2.131,0.3027,81.5146
2026-01-23,23:30:00,23.979,0.1809,0,0.3919,2,18.7298,0,0.8273,0,0.4151,0,-0.0015,1,0,0,0,17.8259,423.0295,423.7801,0.1,1,74.6369,1.7712,1.7744,0.1,1,0.0984,2.1435,2.1473,-0.1,0,270.9738,271.483,96072.4373,1.232,1006.0822,0.0235,0.0269,0.0014,170.2111,539.4551,0.0011,31.5524,369.2439,256.751,3.1491,7.6786,330.9782,0.3831,2.0413,-12145.0405,-2e-4,0.0209,8e-4,51.3315,-7.7898,17.6205,43.8774,66.9158,93.8504,140.605,0.1795,1.0079,1.3287,1.0143,16.9577,1.1045,0.7491,1.1045,0.3758,1.1045,-0.0027,1.1584,1.4142,2.2557,0.4127,81.3344
2026-01-24,00:00:00,24,0.0604,1,7.8598,1,37.0375,1,1.6517,1,0.8204,1,-7e-4,1,-0,-0,-0,17.8693,423.2587,424.0393,0.3,0,77.711,1.8407,1.8441,0.8,0,0.0986,2.1437,2.1477,-0.2,0,270.52,271.0278,96091.1385,1.2343,1006.1137,0.0234,0.0532,0.0014,176.922,521.6326,0.0011,33.917,344.7105,257.2144,3.3464,8.9947,324.3329,0.2212,1.7109,-116.5639,-0.0249,0.2122,0.0286,36.3928,-5.5227,12.4925,31.108,47.4417,66.5376,99.6854,0.0599,1.0079,9.6064,1.0146,33.4612,1.1069,1.4922,1.1069,0.7412,1.1069,-0.0055,1.1602,1.4691,1.6277,0.325,81.0933
2026-01-24,00:30:00,24.02,0.1353,1,2.9033,2,29.6784,1,2.5195,1,0.6572,1,-0.0055,1,-0,-0,-0,17.8759,422.7476,423.4819,0.1,1,73.324700000000007,1.7341,1.7371,0.1,1,0.0986,2.1409,2.1446,-0.1,0,270.132,270.6468,96111.4091,1.2364,1006.0517,0.0234,0.0426,0.0013,166.7071,507.1223,0.0011,32.8732,340.4153,256.5026,3.0455,9.179,322.6865,0.3308,2.4727,-1055.3107,-0.0027,0.0978,0.0071,43.3613,-6.5802,14.8845,37.0646,56.5258,79.2783,118.7733,0.1342,1.0079,4.3529,1.0142,26.9004,1.1033,2.2836,1.1033,0.5957,1.1033,-0.0079,1.1576,2.6899,1.7864,0.469,82.6162
2026-01-24,01:00:00,24.041,0.2022,1,9.995,1,29.0323,1,2.7617,1,0.6426,1,-0.0053,1,-0,-0,-0,17.8806,422.1463,422.8282,0.1,1,68.3001,1.6125,1.6151,0.8,0,0.0988,2.1402,2.1437,-0.1,0,269.6854,270.2153,96140.032,1.2388,1005.9813,0.0234,0.0416,0.0012,155.0683,491.1198,0.001,31.5744,336.0515,255.6424,2.5906,8.6031,330.2422,0.404,2.4512,-558.4829,-0.0052,0.3443,0.0199,46.6617,-7.0811,16.0175,39.8857,60.8283,85.3125,127.8137,0.2005,1.0081,11.3257,1.0136,26.4396,1.0981,2.5151,1.0981,0.5852,1.0981,-0.01,1.154,2.0074,2.3127,0.5824,82.393
2026-01-24,01:30:00,24.062,0.2554,1,4.3904,2,20.2836,0,2.0226,0,0.4487,0,-0.006,0,-0,-0,-0,17.8883,421.4352,422.0657,0.1,1,63.4152,1.494,1.4962,0.7,0,0.0989,2.1374,2.1406,-0.1,0,269.0995,269.6358,96176.3613,1.2419,1005.9109,0.0233,0.0291,0.0012,143.7273,470.3325,9e-4,30.5587,326.6052,254.7467,1.7447,9.1029,330.9022,0.4535,2.5142,-1799.0679,-0.0016,0.2164,0.0077,59.2945,-8.9982,20.3539,50.684,77.2964,108.4093,162.4168,0.2531,1.0093,5.3594,1.0134,18.6132,1.0897,1.856,1.0897,0.4118,1.0897,-0.0084,1.149,2.4926,2.1326,0.4032,81.2725
2026-01-24,02:00:00,24.083,0.0653,2,19.7702,1,23.704,1,1.2349,1,0.5242,1,-5e-4,1,-0,-0,-0,17.9014,420.8237,421.4201,0.1,1,60.2042,1.4153,1.4173,0.5,0,0.0989,2.1324,2.1354,-0.2,0,268.6047,269.1413,96193.1646,1.2445,1005.863,0.0233,0.034,0.0011,136.1758,453.2202,9e-4,30.0463,317.0444,254.1146,2.7401,8.2818,324.5278,0.2291,2.3203,-51.5044,-0.0563,0.834,0.0689,38.9441,-5.9099,13.3682,33.2888,50.7676,71.2022,106.6739,0.0648,1.008,20.6944,1.0138,21.5544,1.0997,1.1229,1.0997,0.4766,1.0997,-0.0082,1.1551,2.5923,1.7541,0.2943,80.6885
2026-01-24,02:30:00,24.104,0.1015,1,17.6585,1,24.5397,1,-0.1354,1,0.5424,1,-0.0012,1,-0,-0,-0,17.9225,420.609,421.1775,0.1,1,57.5172,1.3498000000000001,1.3516,0.7,0,0.099,2.1303,2.1331,-0.1,0,268.2244,268.7698,96216.7203,1.2465,1005.8238,0.0232,0.0352,0.001,129.9104,440.7282,8e-4,29.4763,310.8178,253.5659,2.4042,7.1163,317.0699,0.2853,1.5601,-111.3873,-0.026,0.7196,0.0494,47.3494,-7.1855,16.2535,40.4736,61.7248,86.5699,129.6974,0.1006,1.0083,18.659,1.0135,22.3896,1.096,-0.1236,1.096,0.4949,1.096,-0.0083,1.1526,1.6222,1.2179,0.28,80.6563
2026-01-24,03:00:00,24.124,0.1019,1,17.9544,0,21.5584,0,-0.6613,0,0.4763,0,-0.0017,0,-0,-0,-0,17.9853,421.3214,421.8957,0.1,1,58.1125,1.3613,1.3632,0.5,0,0.0993,2.1315,2.1344,-0.1,0,267.6927,268.242,96244.2899,1.2493,1005.8241,0.0232,0.0309,0.0011,131.0555,423.5092,8e-4,30.9451,292.4536,253.6679,2.0055,6.2001,321.8723,0.2856,1.2241,-109.9161,-0.0264,0.8328,0.05,56.4689,-8.5694,19.3839,48.2687,73.6129,103.2431,154.677,0.101,1.0088,18.8062,1.0133,19.7416,1.092,-0.6056,1.092,0.4362,1.092,-0.0086,1.1502,1.5507,0.7169,0.1806,80.6442
2026-01-24,03:30:00,24.145,0.073,1,24.7312,1,23.251,1,-0.7228,1,0.5135,1,-0.0012,1,-0,-0,-0,17.9959,421.0217,421.583,0.2,0,56.9171,1.3316,1.3334,0.6,0,0.0994,2.1299,2.1328,-0.1,0,267.384,267.9243,96244.9716,1.2508,1005.8048,0.0231,0.0333,0.001,128.1939,413.4327,8e-4,31.0072,285.2387,253.4114,2.3699,6.5224,316.3858,0.2416,1.0971,-48.2961,-0.06,1.0637,0.0814,41.7126,-6.33,14.3186,35.6553,54.3766,76.2639,114.2572,0.0724,1.0083,25.5726,1.0134,21.2208,1.0957,-0.6596,1.0957,0.4687,1.0957,-0.0104,1.1524,1.1456,0.773,0.2756,80.7134
2026-01-24,04:00:00,24.166,0.0678,2,21.4671,1,17.6569,1,-0.1574,2,0.3899,1,-0.0022,1,0,0,0,18.0147,421.5177,422.0212,0.1,1,50.9873,1.193,1.1945,0.5,0,0.0995,2.1311,2.1337,-0.1,0,267.1939,267.7654,96282.6088,1.2521,1005.7289,0.0231,0.0253,9e-4,114.8984,408.4756,7e-4,28.1286,293.5772,252.148,1.8975,6.8308,316.8454,0.2327,1.5722,-49.7267,-0.0583,1.2158,0.0733,41.4845,-6.2954,14.2403,35.4603,54.0792,75.8469,113.6324,0.0672,1.009,22.0763,1.0133,16.1834,1.091,-0.1442,1.091,0.3574,1.091,-0.0099,1.1496,1.9079,0.9774,0.2592,80.4455
2026-01-24,04:30:00,24.187,0.0492,1,23.6653,0,20.8075,0,0.665,0,0.4595,0,-0.0013,0,0,0,0,18.0457,422.0878,422.6023,0.1,1,52.0478,1.2174,1.2189,0.6,0,0.0996,2.1333,2.1359,-0.1,0,267.1535,267.729,96341.3625,1.2531,1005.7416,0.0231,0.0298,9e-4,117.317,407.3455,8e-4,28.8004,290.0285,252.3872,1.8734,6.1926,323.9524,0.1982,0.9485,-27.9158,-0.1039,1.1373,0.0947,22.0052,10,18,31,50,86,225,0.0488,1.009,24.4041,1.0133,19.0749,1.0908,0.6096,1.0908,0.4212,1.0908,-0.01,1.1495,1.117,0.6452,0.1348,80.2799
2026-01-24,05:00:00,24.208,0.0534,1,32.3932,1,32.9693,1,0.8167,1,0.728,1,-0.0024,1,0,0,0,18.0334,421.6403,422.1641,0.1,1,53.0728,1.2409,1.2424,0.4,0,0.0997,2.1341,2.1367,-0.1,0,267.04880000000003,267.623,96377.0572,1.254,1005.753,0.0231,0.0472,0.001,119.626,404.075,8e-4,29.6049,284.449,252.6116,1.9888,5.8813,313.2276,0.2064,1.067,-23.0165,-0.126,0.9825,0.1244,42.1257,-6.3927,14.4604,36.0084,54.9151,77.0192,115.3887,0.0529,1.0088,33.6271,1.0133,30.195,1.0919,0.7479,1.0919,0.6667,1.0919,-0.0146,1.1501,1.2663,0.6715,0.1963,80.2167
2026-01-24,05:30:00,24.229,0.0687,1,34.173,0,30.4272,0,0.7116,0,0.6718,0,-0.0024,0,-0,-0,-0,18.0289,421.2715,421.7788,0.1,1,51.4744,1.2028,1.2042,0.5,0,0.0997,2.1336,2.1362,-0.1,0,266.9376,267.5051,96397.0439,1.2548,1005.7314,0.0231,0.0435,9e-4,115.9752,400.4675,7e-4,28.9599,284.4923,252.2551,2.045,5.9269,316.4219,0.2339,0.9378,-31.7816,-0.0912,1.1231,0.1157,49.5788,-7.5238,17.0188,42.3792,64.6309,90.6458,135.8039,0.0681,1.0087,35.2551,1.0133,27.8534,1.0924,0.6514,1.0924,0.615,1.0924,-0.015,1.1504,1.0513,0.6565,0.1678,80.1623
2026-01-24,06:00:00,24.249,0.0536,1,31.1961,1,25.8801,1,1.2323,1,0.5713,1,-0.0017,1,-0,-0,-0,18.0359,420.9353,421.4168,0.1,1,48.951,1.1425,1.1438,0.5,0,0.0997,2.132,2.1344,-0.1,0,266.8205,267.3951,96469.254,1.2563,1005.698,0.023,0.037,9e-4,110.2412,397.1234,7e-4,27.7599,286.8822,251.6743,1.994,6.0441,314.8922,0.2066,0.815,-23.989,-0.1209,1.2054,0.1195,45.4599,-6.8987,15.6049,38.8584,59.2615,83.1151,124.5216,0.0532,1.0088,32.0887,1.0133,23.7013,1.0919,1.1286,1.0919,0.5232,1.0919,-0.013,1.1501,0.8638,0.6036,0.1626,80.1664
2026-01-24,06:30:00,24.27,0.0429,0,21.4281,0,20.168,0,1.262,0,0.4452,0,-0.0012,0,0,0,0,18.0332,420.9296,421.3964,0.1,1,47.4585,1.1078,1.109,0.6,0,0.0997,2.131,2.1333,0,0,266.7796,267.4095,96505.37,1.2568,1005.6796,0.023,0.0289,9e-4,106.9347,397.5613,7e-4,26.8977,290.6266,251.327,0.9593,4.1244,324.8816,0.1848,0.4819,-24.984,-0.1161,1.0625,0.0918,8.7446,4,7,13,20,35,94,0.0423,1.0134,22.1231,1.0153,18.5711,1.086,1.1621,1.086,0.41,1.086,-0.0091,1.1486,0.465,0.3931,0.1057,80.0064
2026-01-24,07:00:00,24.291,0.0295,1,28.0664,1,26.5718,1,1.7496,1,0.5865,1,-0.0027,1,-0,-0,-0,18.054,421.1201,421.6025,0.1,1,49.0601,1.1444,1.1457,0.3,0,0.0998,2.1335,2.136,-0.1,0,266.7,267.2793,96518.8189,1.2575,1005.6978,0.023,0.038,9e-4,110.4815,393.6333,7e-4,28.0671,283.1517,251.6992,1.902,4.7392,310.3529,0.15310000000000001,0.5607,-10.8481,-0.2673,1.0563,0.145,28.4969,13,23,38,59,96,229,0.0292,1.009,29.0336,1.0133,24.3534,1.0911,1.6035,1.0911,0.5376,1.0911,-0.0131,1.1496,0.6862,0.3171,0.1181,79.9345
2026-01-24,07:30:00,24.312,0.0794,1,1.9917,2,34.0931,1,4.5136,1,0.7525,1,0.0315,2,0,0,0,18.096,421.8802,422.3776,0.1,1,50.5186,1.1778,1.1792,0.4,0,0.1005,2.1464,2.1489,0,1,266.4889,267.1347,96570.0424,1.2589,1005.7142,0.023,0.0488,9e-4,113.7673,389.3116,7e-4,29.2227,275.5443,252.0345,0.4705,4.5396,327.6186,0.2512,0.9758,-675.9416,-0.0043,0.0584,0.0063,62.909,-9.5467,21.5946,53.7737,82.0082,115.0177,172.3175,0.0777,1.0228,3.6506,1.0213,31.2561,1.0908,4.138,1.0908,0.6898,1.0908,0.0265,1.1563,1.3095,0.5353,0.1067,79.7296
2026-01-24,08:00:00,24.333,0.2274,1,14.8567,1,11.8831,0,-0.9449,0,0.262,0,-0.0035,0,0,0,0,18.2424,423.9995,424.5625,0.3,0,57.0499,1.326,1.3277,0.7,0,0.1018,2.1635,2.1664,-0.3,0,265.4812,266.0869,96602.4028,1.2642,1005.7831,0.0229,0.017,0.001,128.1275,359.2361,8e-4,35.6667,231.1086,253.4054,0.2936,5.5042,76.9455,0.4242,1.2617,-436.3305,-0.0066,1.2502,0.0275,78.7631,-11.9526,27.0368,67.3255,102.6757,144.0041,215.7444,0.2201,1.0331,15.0422,1.0281,10.8164,1.0986,-0.86,1.0986,0.2385,1.0986,-0.0087,1.1662,0.4089,1.9411,0.1734,79.8148
2026-01-24,08:30:00,24.354,0.1094,0,18.3841,0,13.8661,0,-1.3695,0,0.3057,0,7e-4,0,-0,-0,-0,18.2702,424.0901,424.6492,0.1,1,56.7256,1.3167,1.3185,0.8,0,0.1018,2.1633,2.1661,0.1,0,265.3447,266.0571,96661.1311,1.2651,1005.7778,0.0229,0.0198,0.001,127.3097,358.4125,8e-4,35.5204,231.1029,253.3311,0.5439,3.6544,347.6992,0.2941,0.5389,-117.6116,-0.0247,1.3258,0.0491,70.0112,-10.6245,24.0326,59.8445,91.2667,128.0028,191.7715,0.1072,1.0204,18.7247,1.0197,12.7315,1.0891,-1.2574,1.0891,0.2807,1.0891,-0.0061,1.1541,0.5326,0.4333,0.1119,79.6905
2026-01-24,09:00:00,24.374,0.1256,0,33.9913,1,14.9921,1,-1.871,1,0.3306,1,-0.003,1,0,0,0,18.2559,424.2908,424.858,0.1,1,57.4467,1.3351,1.3369,0.1,1,0.1017,2.163,2.1659,-0.1,0,265.449,266.2199,96679.0061,1.2645,1005.7893,0.0229,0.0214,0.0011,129.1141,362.9366,8e-4,35.5748,233.8225,253.4945,0.284,3.4147,17.7244,0.3152,0.7305,-78.2731,-0.037,2.2673,0.0848,75.6613,-11.4819,25.9721,64.6741,98.6321,138.333,207.248,0.1215,1.034,33.7956,1.0287,13.6375,1.0993,-1.7019,1.0993,0.3007,1.0993,-0.0144,1.1671,0.556,0.7991,0.1059,79.5997
2026-01-24,09:30:00,24.395,0.1924,1,33.9204,1,5.2599,1,-0.4341,1,0.1159,1,7e-4,1,-0,-0,-0,18.3375,425.078,425.6333,0.1,1,56.2787,1.3046,1.3063,0.1,1,0.1018,2.1589,2.1617,-0.1,0,264.8918,265.6057,96716.7904,1.268,1005.7671,0.0228,0.0075,0.001,126.2091,346.1331,8e-4,36.4626,219.924,253.2305,1.6314,6.6777,163.2749,0.3896,0.8415,-148.1806,-0.0196,6.4489,0.0683,85.6846,-13.003,29.4127,73.2419,111.6985,156.6588,234.7034,0.1906,1.0097,33.7448,1.0135,4.8306,1.0889,-0.3987,1.0889,0.1065,1.0889,-0.0105,1.1485,1.3048,0.2597,0.1185,79.4652
2026-01-24,10:00:00,24.416,0.1945,0,41.9006,0,10.4607,0,-0.7656,1,0.2305,0,-0.0026,0,0,0,0,18.3511,425.0929,425.6454,0.1,1,56.0386,1.2981,1.2998,0.1,1,0.1018,2.1585,2.1613,-0.1,0,264.8139,265.6241,96746.0017,1.2683,1005.7638,0.0228,0.0149,0.001,125.6197,346.624,8e-4,36.2409,221.0043,253.1763,0.9964,6.01,162.9138,0.3916,0.8826,-121.91,-0.0238,4.0055,0.0839,77.6879,-11.7894,26.6677,66.4064,101.274,142.0383,212.7992,0.192,1.013,41.8129,1.0151,9.6324,1.086,-0.705,1.086,0.2123,1.086,-0.0164,1.1485,1.104,0.5082,0.153,79.2458
2026-01-24,10:30:00,24.437,0.1339,0,42.8725,0,12.5197,0,-0.3741,1,0.2759,0,-9e-4,0,-0,-0,-0,18.355,425.3319,425.8761,0.1,1,55.1519,1.278,1.2796,0.1,1,0.1018,2.1581,2.1608,-0.1,0,264.6897,265.497,96768.784,1.2692,1005.7519,0.0228,0.0179,0.001,123.7043,343.232,8e-4,36.041,219.5277,252.9985,0.6023,4.7941,162.6531,0.3248,0.9031,-68.0088,-0.0426,3.4244,0.1034,74.725,-11.3398,25.6507,63.8738,97.4116,136.6212,204.6834,0.1315,1.0189,42.7216,1.0187,11.5055,1.0882,-0.3438,1.0882,0.2535,1.0882,-0.0153,1.1527,1.2773,0.4127,0.116,79.0562
2026-01-24,11:00:00,24.458,0.1556,0,42.9298,0,8.2347,0,0.4969,0,0.1814,0,-0.0031,0,-0,-0,-0,18.3603,425.2534,425.7679,0.1,1,52.1756,1.2085,1.2099,0.1,1,0.1017,2.1541,2.1567,-0.1,0,264.4621,265.2959,96763.3818,1.2701,1005.7128,0.0228,0.0118,0.001,116.9667,337.9213,8e-4,34.6136,220.9547,252.3529,0.8608,6.606,153.3796,0.35,0.6732,-84.975,-0.0341,5.2133,0.096,79.5617,-12.0738,27.3109,68.0081,103.7167,145.4641,217.9317,0.1534,1.0145,42.6796,1.016,7.5816,1.0862,0.4575,1.0862,0.167,1.0862,-0.0171,1.1493,0.7186,0.5126,0.1152,79.0041
2026-01-24,11:30:00,24.479,0.3551,1,43.1003,1,13.2739,1,1.2843,1,0.2924,1,-0.0019,1,-0,-0,-0,18.3659,425.1042,425.6026,0.3,0,50.5857,1.1709,1.1722,0.1,1,0.1019,2.1546,2.1571,-0.1,0,264.2927,265.0602,96738.4016,1.2709,1005.6906,0.0228,0.0189,9e-4,113.299,331.7935,7e-4,34.1474,218.4946,251.9873,1.3875,6.5665,172.8321,0.5286,1.0118,-291.3232,-0.01,3.247,0.0638,91.1197,-13.8278,31.2785,77.8878,118.7838,166.5959,249.5911,0.3513,1.0106,43.1863,1.0138,12.2086,1.0873,1.1812,1.0873,0.2689,1.0873,-0.0163,1.148,1.4372,0.3992,0.1871,79.0127
2026-01-24,12:00:00,24.499,0.192,0,35.0934,0,7.937,0,0.7009,0,0.1748,0,-7e-4,0,0,0,0,18.3603,424.6764,425.1521,0.1,1,48.3792,1.119,1.1203,0.1,1,0.1019,2.1556,2.1581,-0.1,0,264.2237,265.0209,96693.2295,1.2705,1005.6625,0.0228,0.0113,9e-4,108.2306,330.7814,7e-4,32.7197,222.5508,251.4642,1.266,5.8013,174.358,0.3888,0.7376,-142.334,-0.0204,4.4215,0.0706,76.1911,-11.5623,26.154,65.127,99.3229,139.3017,208.6994,0.1899,1.0112,35.011,1.0141,7.304,1.0867,0.645,1.0867,0.1609,1.0867,-0.0123,1.1479,0.871,0.4458,0.1583,78.7309
2026-01-24,12:30:00,24.52,0.1812,0,42.901,0,11.3725,0,0.2338,1,0.2505,0,-0.0023,0,-0,-0,-0,18.3531,424.7054,425.1625,0.1,1,46.4515,1.0749,1.0761,0.1,1,0.1019,2.1551,2.1574,-0.1,0,264.1908,264.9467,96672.4334,1.2706,1005.6383,0.0228,0.0162,9e-4,103.9437,328.8776,7e-4,31.6056,224.9338,251.0044,1.1663,5.5984,169.2496,0.3777,0.6962,-106.7161,-0.0272,3.7724,0.0889,79.2769,-12.0306,27.2132,67.7647,103.3455,144.9435,217.1518,0.1791,1.0117,42.8696,1.0144,10.4691,1.0863,0.2152,1.0863,0.2306,1.0863,-0.0165,1.148,0.8215,0.4357,0.1353,78.653
2026-01-24,13:00:00,24.541,0.1555,0,45.3875,0,8.7613,0,0.1127,0,0.193,0,5e-4,0,-0,-0,-0,18.3445,424.7233,425.1722,0.3,0,45.6054,1.0559,1.057,0.1,1,0.102,2.156,2.1583,-0.2,0,264.2083,264.9847,96627.7099,1.2699,1005.6284,0.0228,0.0125,8e-4,102.0552,329.85,7e-4,30.9399,227.7949,250.7964,1.1074,6.1599,162.9842,0.35,0.705,-80.2473,-0.0361,5.1804,0.1016,79.5869,-12.0776,27.3196,68.0297,103.7496,145.5103,218.001,0.1537,1.0122,45.1824,1.0146,8.0665,1.0861,0.1037,1.0861,0.1777,1.0861,-0.0146,1.1481,0.937,0.3579,0.115,78.4737
2026-01-24,13:30:00,24.562,0.2297,1,42.1389,1,12.9135,1,-0.2159,2,0.2845,1,-0.0032,1,0,0,0,18.3383,424.8187,425.2674,-0.2,0,45.5378,1.0549,1.056,0.1,1,0.102,2.1568,2.159,-0.1,0,264.2935,265.0686,96606.3598,1.2692,1005.6287,0.0228,0.0184,8e-4,101.9389,332.0103,7e-4,30.7036,230.0713,250.7835,1.1334,5.7258,171.5401,0.4254,0.8533,-155.1817,-0.0187,3.2632,0.0776,84.4454,-12.8149,28.9874,72.1826,110.0831,154.3931,231.309,0.227,1.012,42.1896,1.0145,11.8888,1.0862,-0.1988,1.0862,0.2619,1.0862,-0.0172,1.148,1.288,0.2719,0.1466,78.0416
2026-01-24,14:00:00,24.583,0.1999,0,40.0663,0,10.1801,0,-0.5357,1,0.2243,0,-0.0038,0,-0,-0,-0,18.328,424.908,425.3479,0.1,1,44.6106,1.0342,1.0353,0.1,1,0.1019,2.1568,2.1591,0,0,264.427,265.2006,96586.2618,1.2683,1005.6188,0.0228,0.0145,8e-4,99.9192,335.4307,6e-4,29.7883,235.5114,250.557,1.0495,5.8604,168.8202,0.397,0.745,-132.6904,-0.0219,3.9357,0.0791,80.2205,-12.1738,27.5371,68.5712,104.5755,146.6686,219.7363,0.1975,1.0126,39.997,1.0149,9.3737,1.086,-0.4932,1.086,0.2065,1.086,-0.017,1.1483,0.9813,0.3634,0.1452,77.933
2026-01-24,14:30:00,24.604,0.1746,0,42.2294,0,10.7687,0,-0.282,0,0.2372,0,-2e-4,0,-0,-0,-0,18.3308,424.8347,425.2742,0.1,1,44.5874,1.0334,1.0344,0.1,1,0.1019,2.1566,2.1588,-0.1,0,264.51,265.2464,96580.9793,1.268,1005.6188,0.0228,0.0154,8e-4,99.8292,336.6272,6e-4,29.6557,236.798,250.5468,1.0089,5.1158,159.1547,0.3711,0.6692,-102.7829,-0.0282,3.9215,0.0892,80.2823,-12.1831,27.5583,68.6241,104.656,146.7816,219.9056,0.1724,1.0129,42.1505,1.0151,9.916,1.086,-0.2597,1.086,0.2185,1.086,-0.0143,1.1484,0.8177,0.394,0.1266,78.044
2026-01-24,15:00:00,24.624,0.329,1,24.2511,1,17.5919,1,-0.6399,1,0.3875,1,-0.0037,1,0,0,0,18.3426,425.203,425.6381,0.1,0,44.0904,1.0221,1.0231,0.1,1,0.1018,2.1542,2.1564,0,0,264.4577,265.1732,96587.0946,1.2685,1005.6121,0.0228,0.0251,8e-4,98.7451,334.7187,6e-4,29.5009,235.9735,250.4234,0.7767,5.2344,169.3893,0.5093,1.0011,-462.5645,-0.0063,1.3785,0.0373,97.9038,-14.8573,33.6072,83.6867,127.6274,178.9993,268.1736,0.3239,1.0156,24.7334,1.0167,16.1912,1.0865,-0.589,1.0865,0.3567,1.0865,-0.0123,1.1501,1.492,0.3651,0.1451,78.0324
2026-01-24,15:30:00,24.645,0.1398,0,31.744,0,10.7018,0,-0.2145,1,0.2357,0,-1e-4,0,0,0,0,18.3541,425.3257,425.7559,0.1,1,43.6015,1.0104,1.0114,0.1,1,0.1019,2.1552,2.1574,-0.1,0,264.368,265.1317,96590.9597,1.2687,1005.6055,0.0228,0.0153,8e-4,97.621,333.6423,6e-4,29.2592,236.0214,250.2942,0.9326,4.6809,163.3726,0.332,0.6752,-97.9078,-0.0296,2.9662,0.0749,78.2778,-11.879,26.8702,66.9107,102.0431,143.1169,214.4151,0.1379,1.0137,31.8003,1.0155,9.8542,1.086,-0.1975,1.086,0.2171,1.086,-0.0108,1.1488,0.8437,0.3988,0.1079,77.1206
2026-01-24,16:00:00,24.666,0.1253,0,34.6405,0,14.1967,0,-0.3571,0,0.3127,0,-0.0024,0,0,0,0,18.394,425.709,426.1543,0.1,1,45.151,1.045,1.0461,0.1,1,0.102,2.1546,2.1569,0,0,264.1298,264.8583,96625.0494,1.2705,1005.6215,0.0228,0.0203,8e-4,100.9976,326.6206,7e-4,30.922,225.623,250.6784,0.8236,4.6369,170.9107,0.314,0.5555,-75.9333,-0.0382,2.44,0.0863,72.6473,-11.0245,24.9375,62.0979,94.7032,132.8225,198.9923,0.1234,1.0149,34.8004,1.0163,13.069,1.0863,-0.3287,1.0863,0.2878,1.0863,-0.0142,1.1496,0.7189,0.2759,0.1163,77.5065
2026-01-24,16:30:00,24.687,0.1667,1,28.7408,1,9.0397,1,-0.1699,1,0.199,1,-8e-4,1,0,0,0,18.4214,425.8285,426.2676,0.1,1,44.564,1.0301,1.0312,0.1,1,0.102,2.1536,2.1558,0,0,263.9936,264.6528,96630.5865,1.2715,1005.6118,0.0228,0.0129,8e-4,99.5699,321.431,6e-4,30.9771,221.8611,250.5174,1.0183,6.2697,179.5678,0.3621,0.5075,-140.3396,-0.0207,3.1794,0.0621,85.1425,-12.9207,29.2267,72.7786,110.9919,155.6677,233.2186,0.1646,1.0129,28.7721,1.015,8.3239,1.086,-0.1564,1.086,0.1833,1.086,-0.0105,1.1484,0.6712,0.2398,0.104,78.3299
2026-01-24,17:00:00,24.708,0.2901,1,17.5958,1,15.5315,1,-0.1948,1,0.342,1,0.0073,2,0,0,0,18.4349,425.8962,426.3398,0.1,1,45.0386,1.0405,1.0416,0.7,0,0.1022,2.1576,2.1598,0,1,263.8808,264.5398,96629.3685,1.2721,1005.6163,0.0228,0.0222,8e-4,100.5711,318.609,6e-4,31.5657,218.038,250.6305,0.1814,4.5164,245.666,0.4775,0.9742,-525.8331,-0.0055,1.1329,0.0288,94.6887,-14.3694,32.5036,80.9384,123.4362,173.1211,259.3669,0.2767,1.0485,17.7027,1.0383,13.9771,1.1112,-0.1753,1.1112,0.3077,1.1112,2e-4,1.1816,0.4182,1.3914,0.1387,72.4502
2026-01-24,17:30:00,24.729,0.0429,0,40.7055,1,10.0852,0,0.0535,0,0.222,0,0.0279,2,0,0,0,18.455,425.9755,426.5208,0,0,55.3872,1.2784,1.2801,0.1,1,0.1049,2.2096,2.2125,0,1,263.5442,264.1928,96639.2873,1.2737,1005.7405,0.0227,0.0144,0.001,123.5807,310.08,8e-4,39.8544,186.4993,252.9869,0.6835,3.3436,336.0514,0.1835,0.5455,-12.8918,-0.2249,4.0362,0.1732,4.6501,2,4,7,10,18,46,0.0422,1.0171,40.5137,1.0176,9.2763,1.0872,0.0492,1.0872,0.2042,1.0872,0.0123,1.1513,0.533,0.4726,0.0854,44.6288
2026-01-24,18:00:00,24.749,0.1574,1,31.3026,1,-4.6737,2,0.0396,2,-0.1027,2,NA,3,-0,-0,NA,18.4905,425.7704,426.3841,0.1,1,62.4974,1.4391,1.4412,0.1,1,NA,NA,NA,NA,0,262.9023,262.7823,95081.3416,1.2599,1005.8147,0.023,-0.0067,0.0011,136.8054,277.4623,9e-4,49.3059,140.6569,254.1685,0.1976,4.2999,251.4596,0.3535,0.7232,-118.5354,-0.0245,-6.6977,0.0699,90.3448,-13.7102,31.0125,77.2254,117.7736,165.1792,247.4685,0.1506,1.0453,29.9971,1.0362,-4.2159,1.1086,0.0357,1.1086,-0.0927,1.1086,NA,1,0.3529,1.008,0.0855,31.3276
2026-01-24,18:30:00,24.77,0.1231,1,7.9842,1,5.9692,2,-6.4873,1,0.1311,2,NA,3,-0,-0,NA,18.5146,421.1184,421.8429,0.1,1,75.5133,1.7176,1.7205,0.1,1,NA,NA,NA,NA,0,262.2405,262.0976,95138.1755,1.2638,1005.9587,0.0229,0.0085,0.0014,163.3609,262.7628,0.0011,62.1705,99.4019,256.2609,0.4392,4.1501,206.7419,0.3121,0.4084,-319.9812,-0.0091,1.3376,0.0201,82.1918,-12.4729,28.2138,70.2563,107.1453,150.2728,225.136,0.1202,1.0241,8.1069,1.0221,5.468,1.0917,-5.9425,1.0917,0.1201,1.0917,NA,1,0.3247,0.4076,0.0844,3.7061
2026-01-25,03:00:00,25.124,0.0275,1,12.2978,0,4.0254,1,-0.1912,1,0.0883,1,NA,3,-0,-0,NA,18.4477,416.3886,417.0636,0.1,1,71.7032,1.6184,1.6211,0.1,1,NA,NA,NA,NA,0,260.7171,260.5833,95132.3746,1.2711,1005.8953,0.0228,0.0057,0.0013,153.9278,232.6923,0.001,66.1508,78.7644,255.555,0.9277,3.8635,336.5699,0.1471,0.6697,-21.7618,-0.1333,3.0551,0.0654,11.8313,5,10,17,27,46,120,0.0271,1.0137,12.3121,1.0155,3.7065,1.086,-0.1761,1.086,0.0813,1.086,NA,1,0.6902,0.5676,0.0815,21.1672
2026-01-25,03:30:00,25.145,0.0793,1,14.5097,0,3.0047,1,-0.1647,0,0.066,1,0.0185,1,0,0,0,18.423,416.1942,416.8657,0.1,0,71.305,1.6109,1.6135,0.1,1,0.1043,2.1701,2.1736,0,1,260.8254,261.3562,96057.3441,1.2796,1005.8968,0.0226,0.0043,0.0013,154.7758,247.6344,0.001,62.5017,92.8586,255.62,1.3802,4.9168,312.6178,0.2489,0.7947,-89.8723,-0.0323,4.829,0.0453,61.9805,-9.4058,21.2759,52.98,80.7978,113.3201,169.7741,0.0784,1.0106,14.4656,1.0138,2.7636,1.0872,-0.1515,1.0872,0.0607,1.0872,0.0127,1.148,1.0159,0.4648,0.1087,49.503
2026-01-25,04:00:00,25.166,0.0262,1,14.3848,0,4.9118,1,0.036,2,0.10780000000000001,1,0.0113,2,0,0,0,18.4064,416.0888,416.7957,0.3,0,75.0322,1.6962,1.699,0.1,1,0.1059,2.204,2.2077,-0.6,0,260.9414,261.475,96020.6592,1.2785,1005.9433,0.0226,0.007,0.0014,162.9094,250.0046,0.0011,65.1626,87.0952,256.228,1.1819,3.402,308.4394,0.1431,0.3501,-17.2201,-0.1684,2.9286,0.0782,17.3856,8,14,24,38,64,161,0.0259,1.0116,14.4285,1.0143,4.5215,1.0863,0.0331,1.0863,0.0993,1.0863,0.0057,1.148,0.3442,0.2904,0.0655,33.8341
2026-01-25,04:30:00,25.187,0.0098,1,9.1535,1,0.4919,2,0.0514,2,0.0108,2,NA,3,-0,-0,NA,18.3828,416.2109,416.9519,0.1,1,78.4881,1.7771,1.7802,0.1,1,NA,NA,NA,NA,0,261.1487,261.0015,95197.3652,1.2698,1005.983,0.0228,7e-4,0.0014,169.1232,240.6729,0.0011,70.271,71.5496,256.6744,0.9462,2.452,311.5405,0.088,0.189,-6.2541,-0.4637,18.6071,0.0814,20.7357,9,16,27,41,67,155,0.0097,1.0135,9.0437,1.0154,0.453,1.086,0.0473,1.086,0.0099,1.086,NA,1,0.2118,0.13,0.0362,16.3644
2026-01-25,05:00:00,25.208,0.0357,1,8.8362,0,1.4072,1,-0.0375,2,0.0309,1,NA,3,0,0,NA,18.3766,416.5414,417.281,-0.1,0,78.1915,1.7724,1.7755,0.1,1,NA,NA,NA,NA,0,261.1024,260.9556,95197.3652,1.2701,1005.9801,0.0228,0.002,0.0014,168.6749,239.7856,0.0011,70.344,71.1107,256.6427,0.7134,2.9382,324.0523,0.1676,0.3312,-44.8179,-0.0647,6.2794,0.0413,6.3644,3,5,10,16,28,80,0.0351,1.0166,8.7595,1.0173,1.2946,1.0869,-0.0345,1.0869,0.0284,1.0869,NA,1,0.4709,0.1532,0.0383,1.5738
2026-01-25,05:30:00,25.229,0.0324,0,8.8445,0,0.7204,0,0.2882,0,0.0158,0,NA,3,0,0,NA,18.3856,417.1098,417.8477,0.1,1,77.8381,1.7659,1.769,0.1,1,NA,NA,NA,NA,0,261.0983,260.9521,95239.1683,1.2706,1005.9767,0.0228,0.001,0.0014,168.1329,239.7175,0.0011,70.1379,71.5847,256.6042,0.6442,2.4494,349.8939,0.1596,0.2113,-38.6821,-0.075,12.2778,0.0433,5.7823,3,5,9,14,25,71,0.0318,1.0179,8.727,1.0181,0.6623,1.0876,0.2649,1.0876,0.0145,1.0876,NA,1,0.1721,0.199,0.0515,0.6067
2026-01-25,06:00:00,25.249,0.0205,0,10.3608,0,0.0829,2,0.0455,0,0.0018,2,NA,3,-0,-0,NA,18.3759,417.2872,418.0252,0.2,0,77.746,1.7655,1.7686,0.1,1,NA,NA,NA,NA,0,261.0908,260.9446,95182.2741,1.2699,1005.9764,0.0228,1e-4,0.0014,167.9938,239.574,0.0011,70.1219,71.5802,256.5943,0.5636,2.335,334.0378,0.1271,0.2064,-16.6453,-0.1742,124.9542,0.0638,6.4896,3,5,9,15,25,66,0.0201,1.0198,10.1736,1.0194,0.0762,1.0888,0.0418,1.0888,0.0017,1.0888,NA,1,0.1678,0.2081,0.0368,1.4168
2026-01-25,06:30:00,25.27,0.0464,0,6.6174,0,0.6675,0,-0.0373,2,0.0146,0,NA,3,-0,-0,NA,18.3711,417.3379,418.0772,0.1,0,77.8398,1.7683,1.7714,0.1,1,NA,NA,NA,NA,0,261.1136,260.9672,95182.2741,1.2698,1005.978,0.0228,9e-4,0.0014,168.2607,240.0091,0.0011,70.106,71.7484,256.6133,0.5734,2.3465,337.4492,0.1912,0.2834,-88.811,-0.0327,9.9134,0.0271,3.3456,2,3,5,9,16,51,0.0455,1.0196,6.5289,1.0192,0.6132,1.0886,-0.0343,1.0886,0.0135,1.0886,NA,1,0.2473,0.2731,0.0464,2.6114
2026-01-25,07:00:00,25.291,0.0223,1,7.779,0,0.2229,2,0.0328,2,0.0049,2,NA,3,-0,-0,NA,18.3658,417.6977,418.4393,-0.2,0,77.9338,1.7725,1.7756,0.1,1,NA,NA,NA,NA,0,261.1666,261.0198,95111.4941,1.2686,1005.9806,0.0228,3e-4,0.0014,168.5326,241.0279,0.0011,69.9224,72.4953,256.6326,0.3301,1.8443,5.3509,0.1327,0.1971,-25.2533,-0.1148,34.9,0.0459,2.2883,1,2,3,6,10,28,0.0217,1.0302,7.5958,1.0262,0.2033,1.0963,0.0299,1.0963,0.0045,1.0963,NA,1,0.1346,0.2309,0.0286,0.3943
2026-01-25,07:30:00,25.312,0.0128,0,17.7698,0,2.928,1,-0.292,2,0.0643,1,NA,3,0,0,NA,18.352,417.8869,418.64,0.3,0,79.001,1.7989,1.8021,0.1,1,NA,NA,NA,NA,0,261.2385,261.0894,95111.4941,1.2683,1005.9953,0.0228,0.0042,0.0014,171.0446,242.3823,0.0011,70.5681,71.3377,256.8095,0.3159,1.8715,24.4916,0.1006,0.1207,-4.8086,-0.6031,6.0689,0.1385,2.897,1,2,4,6,10,26,0.0124,1.0313,17.4564,1.0269,2.6687,1.0971,-0.2661,1.0971,0.0586,1.0971,NA,1,0.075,0.1375,0.029,0.6505
2026-01-25,08:00:00,25.333,0.0094,0,10.9956,0,1.9675,1,0.0921,1,0.0432,1,NA,3,0,0,NA,18.3226,417.6675,418.4294,0.1,0,79.8793,1.8209,1.8242,0.1,1,NA,NA,NA,NA,0,261.3263,261.1754,95141.6562,1.2682,1006.0076,0.0228,0.0028,0.0014,173.1867,244.0633,0.0011,70.9598,70.8766,256.9585,0.4775,1.5468,352.4381,0.0862,0.1081,-4.8984,-0.592,5.5886,0.1,7.4969,3,6,10,15,25,60,0.0092,1.0226,10.8699,1.0211,1.8041,1.0906,0.0845,1.0906,0.0396,1.0906,NA,1,0.0971,0.0987,0.0205,0.5737
2026-01-25,08:30:00,25.354,0.0128,0,17.5313,0,0.6971,1,-0.0373,2,0.0153,1,NA,3,-0,-0,NA,18.3246,418.0546,418.8199,0.1,1,80.0943,1.8273,1.8306,0.1,1,NA,NA,NA,NA,0,261.3955,261.244,95147.4577,1.268,1006.0115,0.0228,0.001,0.0014,173.8048,245.412,0.0011,70.8216,71.6072,257.0012,0.4413,2.4031,339.9744,0.1006,0.2248,-4.8784,-0.5945,25.1473,0.1366,5.163,2,4,7,11,18,43,0.0125,1.024,17.1964,1.0221,0.6386,1.0916,-0.0341,1.0916,0.014,1.0916,NA,1,0.2349,0.1714,0.0432,0.4725
2026-01-25,09:00:00,25.374,0.0066,1,10.3926,1,1.261,1,0.1564,1,0.0277,1,NA,3,-0,-0,NA,18.326,418.1197,418.875,0.1,1,79.0329,1.8032,1.8064,0.1,1,NA,NA,NA,NA,0,261.4367,261.2872,95147.4577,1.2678,1005.9989,0.0228,0.0018,0.0014,171.517,246.2646,0.0011,69.6474,74.7476,256.8425,0.552,2.3223,344.2089,0.0723,0.2384,-3.0578,-0.9484,8.2418,0.1127,10.5161,5,8,14,21,33,75,0.0065,1.0202,10.2603,1.0196,1.1579,1.089,0.1437,1.089,0.0254,1.089,NA,1,0.1583,0.2572,0.0614,0.647
2026-01-25,09:30:00,25.395,0.0347,0,14.3272,0,1.5126,1,-0.058,1,0.0332,1,NA,3,-0,-0,NA,18.3095,418.3674,419.1382,0.1,1,80.4744,1.8388,1.8422,0.1,1,NA,NA,NA,NA,0,261.6103,261.4578,95124.2538,1.2666,1006.0192,0.0229,0.0022,0.0014,174.8613,249.6581,0.0011,70.0403,74.7968,257.0738,0.7451,2.7279,320.8979,0.1655,0.3087,-26.562,-0.1092,9.4716,0.068,6.9071,3,6,10,16,28,77,0.0341,1.0161,14.1704,1.017,1.392,1.0867,-0.0533,1.0867,0.0306,1.0867,NA,1,0.3101,0.2466,0.0607,0.457
2026-01-25,10:00:00,25.416,0.0092,1,14.4136,1,0.0872,2,-0.0365,1,0.0019,2,NA,3,-0,-0,NA,18.2574,417.8323,418.6236,-0.2,0,82.5985,1.8903,1.8939,0.1,1,NA,NA,NA,NA,0,261.9459,261.7889,95124.2538,1.265,1006.0491,0.0229,1e-4,0.0015,179.7551,256.3641,0.0012,70.1171,76.609,257.4053,0.6653,3.0271,322.1521,0.0854,0.2726,-3.6246,-0.8001,165.3689,0.1327,11.416,5,9,15,23,36,83,0.0091,1.0175,14.173400000000001,1.0179,0.0802,1.0874,-0.0336,1.0874,0.0018,1.0874,NA,1,0.3229,0.1773,0.045,0.3382
2026-01-25,10:30:00,25.437,0.03,1,23.76,0,2.4684,1,4e-4,2,0.0542,1,NA,3,-0,-0,NA,18.211,417.8457,418.6566,0.1,1,84.4112,1.9368,1.9405,0.1,1,NA,NA,NA,NA,0,262.1589,261.9978,95190.3998,1.2648,1006.0755,0.0229,0.0035,0.0015,184.2995,260.6793,0.0012,70.699700000000007,76.3799,257.706,0.2451,1.9359,42.6473,0.154,0.1721,-12.9344,-0.2242,9.6255,0.1212,0.8565,1,1,1,2,4,12,0.0289,1.0382,23.1681,1.0315,2.2384,1.1027,4e-4,1.1027,0.0492,1.1027,NA,1,0.1245,0.1824,0.0371,0.4427
2026-01-25,11:00:00,25.458,0.0448,1,28.3179,0,5.4463,1,-0.1027,2,0.1196,1,NA,3,0,0,NA,18.176,417.8546,418.6705,0.1,1,84.7671,1.9487,1.9525,0.1,1,NA,NA,NA,NA,0,262.3235,262.1614,95181.1134,1.2639,1006.0831,0.0229,0.0078,0.0015,185.4181,264.1022,0.0012,70.2069,78.6841,257.779,0.3287,1.5021,32.632,0.1883,0.1418,-19.8236,-0.1463,5.1995,0.1183,1.0794,1,1,2,3,5,12,0.0435,1.0303,27.8762,1.0262,4.9675,1.0964,-0.0937,1.0964,0.1091,1.0964,NA,1,0.0896,0.1506,0.0433,0.5187
2026-01-25,11:30:00,25.479,0.0183,0,21.5753,0,2.7373,0,0.1475,0,0.0601,0,NA,3,0,0,NA,18.173,418.1713,419.0019,0.2,0,86.1405,1.9821,1.9861,0.1,1,NA,NA,NA,NA,0,262.3837,262.2188,95181.1134,1.2636,1006.1015,0.0229,0.0039,0.0016,188.5945,265.3124,0.0012,71.0839,76.718,257.9842,0.461,2.2772,8.1564,0.1202,0.1582,-6.7703,-0.4283,7.8821,0.1412,4.4138,2,4,6,9,16,39,0.0178,1.0232,21.2672,1.0216,2.5089,1.091,0.1352,1.091,0.0551,1.091,NA,1,0.1627,0.1147,0.0392,0.6344
2026-01-25,12:00:00,25.499,0.0396,0,23.3904,0,-0.4894,0,0.2159,2,-0.0107,0,NA,3,0,0,NA,18.2003,418.7499,419.5677,0.1,0,84.7232,1.9493,1.9531,0.1,1,NA,NA,NA,NA,0,262.1993,262.0372,95241.4913,1.2653,1006.0825,0.0229,-7e-4,0.0015,185.5896,261.4998,0.0012,70.9712,75.9102,257.7902,0.6123,2.6478,2.3643,0.177,0.2673,-19.9237,-0.1456,-47.7933,0.1038,4.249,2,3,6,10,17,47,0.0389,1.0186,22.9539,1.0186,-0.4498,1.088,0.1984,1.088,-0.0099,1.088,NA,1,0.2443,0.2173,0.073,0.4589
2026-01-25,12:30:00,25.52,0.0532,0,15.1588,0,2.4544,0,0.1661,1,0.053900000000000003,0,NA,3,0,0,NA,18.1899,418.6617,419.4647,0.1,1,83.1683,1.9142,1.9179,0.1,1,NA,NA,NA,NA,0,262.196,262.0368,95241.4913,1.2653,1006.0637,0.0229,0.0035,0.0015,182.2506,261.4913,0.0012,69.6966,79.2407,257.5713,0.6851,3.7196,356.0311,0.205,0.5312,-47.8188,-0.0606,6.1761,0.0581,61.2115,-9.2891,21.0119,52.3227,79.7954,111.9141,167.6678,0.0523,1.0171,15.0256,1.0176,2.2576,1.0872,0.1527,1.0872,0.0496,1.0872,NA,1,0.5221,0.4642,0.0761,0.3765
2026-01-25,13:00:00,25.541,0.0232,1,22.7523,1,3.0722,1,0.1314,1,0.0675,1,NA,3,0,0,NA,18.1679,418.6365,419.4535,0.1,1,84.5288,1.9478,1.9516,0.1,1,NA,NA,NA,NA,0,262.4116,262.2495,95193.8824,1.2637,1006.0832,0.0229,0.0044,0.0015,185.3501,265.9625,0.0012,69.6903,80.6124,257.7746,1.3067,4.1298,314.0188,0.1354,0.5782,-9.1766,-0.316,7.406,0.1322,19.5767,9,16,26,40,66,157,0.0229,1.0109,22.6031,1.014,2.8267,1.0868,0.1209,1.0868,0.0621,1.0868,NA,1,0.6082,0.4609,0.0874,1.521
2026-01-25,13:30:00,25.562,0.0771,0,26.8591,0,2.8195,0,0.0931,0,0.062,0,NA,3,0,0,NA,18.1589,418.7081,419.553,0.3,0,87.3403,2.0139,2.018,0.1,1,NA,NA,NA,NA,0,262.7901,262.6223,95143.9768,1.2612,1006.1215,0.023,0.004,0.0016,191.5391,273.9621,0.0013,69.9145,82.4229,258.1716,1.9823,4.9402,314.1993,0.2472,0.7161,-47.2778,-0.0613,9.5261,0.0856,55.4896,-8.4208,19.0478,47.4317,72.3363,101.4527,151.9946,0.0764,1.0088,26.6616,1.0133,2.5824,1.0918,0.0853,1.0918,0.0568,1.0918,NA,1,0.7549,0.5358,0.1414,41.287
2026-01-25,14:00:00,25.583,0.0239,1,17.6663,1,0.0607,1,0.0798,1,0.0013,1,0.0093,2,0,0,0,18.1218,418.5608,419.4268,0.1,0,89.3928,2.0647,2.069,0.1,1,0.1041,2.1889,2.1935,0.7,0,262.9662,263.5672,94722.0143,1.2511,1006.1569,0.0231,1e-4,0.0016,195.6264,295.2128,0.0013,66.2662,99.5864,258.4276,1.2019,4.3214,320.7378,0.1383,0.9593,-12.5389,-0.2313,291.1302,0.1015,17.9014,8,14,24,38,63,154,0.0236,1.0115,17.432,1.0143,0.0559,1.0864,0.0735,1.0864,0.0012,1.0864,0.0031,1.1479,0.6399,1.1991,0.0796,46.5683
2026-01-25,14:30:00,25.604,0.0771,1,19.7927,1,3.8877,1,-0.3814,2,0.0855,1,NA,3,0,0,NA,18.0322,418.021,418.9425,0.1,1,94.8806,2.1995,2.2044,0.1,1,NA,NA,NA,NA,0,263.4842,263.3005,95178.7919,1.2583,1006.2265,0.023,0.0055,0.0017,209.2576,289.0684,0.0014,72.3903,79.8108,259.2481,0.1941,3.5403,46.1671,0.2476,0.485,-64.4652,-0.045,5.0911,0.0631,90.2639,-13.6979,30.9847,77.1562,117.6681,165.0312,247.2469,0.0737,1.046,19.2943,1.0366,3.5052,1.1091,-0.3439,1.1091,0.0771,1.1091,NA,1,0.5059,0.4221,0.042,7.007
2026-01-25,15:00:00,25.624,0.0197,0,13.4288,0,1.4718,1,-0.2429,2,0.0324,1,NA,3,-0,-0,NA,18.0127,418.4931,419.4323,0.1,1,96.3866,2.2394,2.2444,0.1,1,NA,NA,NA,NA,0,263.7594,263.5721,95178.7919,1.257,1006.2501,0.023,0.0021,0.0018,213.046,295.3241,0.0014,72.1397,82.2781,259.4677,0.68,2.4142,341.5832,0.1253,0.4538,-12.3019,-0.2357,9.1242,0.0848,8.7429,4,7,12,19,32,81,0.0194,1.0172,13.2776,1.0177,1.3537,1.0872,-0.2235,1.0872,0.0298,1.0872,NA,1,0.2988,0.5592,0.0496,2.5643
2026-01-25,15:30:00,25.645,0.0517,0,24.5434,0,-0.2191,2,-0.1255,0,-0.0048,2,NA,3,-0,-0,NA,18.087,419.3863,420.3153,0.1,0,95.3224,2.2103,2.2152,0.1,1,NA,NA,NA,NA,0,263.3977,263.2131,95210.1364,1.2591,1006.2316,0.023,-3e-4,0.0017,210.3475,287.0819,0.0014,73.2709,76.7344,259.3117,0.9531,3.3778,344.2847,0.2027,0.485,-28.5309,-0.1016,-112.0079,0.0956,62.359,-9.4632,21.4058,53.3036,81.2913,114.01220000000001,170.811,0.051,1.0135,24.1781,1.0154,-0.2018,1.086,-0.1156,1.086,-0.0044,1.086,NA,1,0.3693,0.5298,0.071,21.9092
2026-01-25,16:00:00,25.666,0.0158,1,18.8086,0,0.9759,1,0.431,0,0.0215,1,0.0521,1,0,0,0,18.0534,418.5025,419.5004,0.3,0,102.6211,2.3789,2.3846,0.1,1,0.1051,2.218,2.2233,-0.9,0,263.8637,264.2606,94595.0993,1.246,1006.3317,0.0232,0.0014,0.0018,225.0923,311.7302,0.0015,72.2074,86.6379,260.1434,1.184,3.3544,324.2362,0.1125,0.4874,-6.3288,-0.4582,19.2741,0.1334,20.2149,9,16,27,41,66,151,0.0156,1.0116,18.605,1.0143,0.8983,1.0863,0.3968,1.0863,0.0198,1.0863,0.0436,1.148,0.5743,0.3612,0.0392,29.3441
2026-01-25,16:30:00,25.687,0.0341,0,19.069,0,-1.6006,1,0.3801,1,-0.0352,1,NA,3,-0,-0,NA,18.0122,418.3492,419.3846,0.1,0,106.3048,2.469,2.4751,0.1,1,NA,NA,NA,NA,0,264.1291,263.9223,95224.0706,1.2558,1006.3765,0.0231,-0.0023,0.0019,234.9888,303.5685,0.0015,77.4088,68.5797,260.6748,0.9456,3.0315,345.1314,0.1647,0.3948,-19.698,-0.1472,-11.9135,0.0916,10.1143,4,8,14,23,39,102,0.0336,1.0135,18.715,1.0154,-1.4739,1.086,0.35,1.086,-0.0324,1.086,NA,1,0.4095,0.3175,0.0626,0.4604
2026-01-25,17:00:00,25.708,0.0332,1,16.844,1,3.7611,1,0.2853,1,0.0828,1,NA,3,0,0,NA,18.0114,418.8939,419.9645,-0.1,0,109.6109,2.5492,2.5557,0.1,1,NA,NA,NA,NA,0,264.5463,264.3324,95153.2596,1.2529,1006.4231,0.0231,0.0054,0.002,242.4366,313.4821,0.0016,77.3367,71.0455,261.0618,0.7765,2.4787,335.8441,0.1628,0.4125,-21.5152,-0.1348,4.4785,0.0821,7.5153,3,6,11,17,30,79,0.0327,1.0156,16.7679,1.0167,3.4616,1.0865,0.2625,1.0865,0.0762,1.0865,NA,1,0.6545,0.1509,0.0195,0.2381
2026-01-25,17:30:00,25.729,0.0219,1,12.4654,1,0.633,2,-0.2897,1,0.0139,2,NA,3,-0,-0,NA,17.9821,420.2506,421.4243,-0.2,0,119.1736,2.7851,2.7929,0.1,1,NA,NA,NA,NA,0,265.1354,264.9013,95153.2596,1.2501,1006.5552,0.0232,9e-4,0.0022,264.8528,327.7098,0.0017,80.8193,62.8571,262.1655,0.3705,3.4111,141.7507,0.1324,0.271,-15.6655,-0.1851,19.6936,0.0748,2.7918,1,2,4,7,11,31,0.0213,1.0276,12.2104,1.0244,0.5784,1.0943,-0.2647,1.0943,0.0127,1.0943,NA,1,0.405,0.1211,0.016,0.2096
2026-01-25,18:00:00,25.749,0.0419,1,1.8056,2,-1.9055,1,0.1903,1,-0.042,1,NA,3,0,0,NA,18.0275,421.8833,423.1078,0.1,1,123.6585,2.8939,2.9023,0.1,1,NA,NA,NA,NA,0,265.3734,265.1299,95147.4577,1.2489,1006.6159,0.0232,-0.0027,0.0022,275.1667,333.5889,0.0018,82.4868,58.4222,262.6457,0.2231,2.017,38.83,0.1831,0.264,-285.6599,-0.0102,-0.9476,0.0078,0.4837,1,1,1,2,6,NA,0.0402,1.0412,1.6554,1.0335,-1.7242,1.1052,0.1722,1.1052,-0.038,1.1052,NA,1,0.1479,0.364,0.016,0.085
2026-01-25,18:30:00,25.77,0.0186,0,2.0421,1,-0.4334,0,0.1088,0,-0.0095,0,NA,3,-0,-0,NA,18.0433,422.2962,423.4982,0.2,0,121.2744,2.8384,2.8465,0.1,1,NA,NA,NA,NA,0,265.0825,264.844,95164.8643,1.2505,1006.5834,0.0232,-6e-4,0.0022,269.9428,326.2512,0.0018,82.7408,56.3084,262.4045,0.4211,2.4242,160.9392,0.1219,0.2333,-74.5841,-0.0389,-4.7114,0.0133,4.3726,2,4,7,11,21,63,0.0181,1.0249,1.9772,1.0227,-0.3968,1.0923,0.0996,1.0923,-0.0087,1.0923,NA,1,0.1968,0.244,0.0259,0.0857
2026-01-25,19:00:00,25.791,0.059,0,4.412,2,-3.8352,2,0.2661,1,-0.0846,2,NA,3,-0,-0,NA,17.7807,417.7567,419.13,0.3,0,139.4585,3.2766,3.2873,0.1,1,NA,NA,NA,NA,0,266.8211,266.544,95164.8643,1.2423,1006.8358,0.0233,-0.0055,0.0025,311.5739,372.0828,0.002,83.7378,60.509,264.2213,0.7645,5.3354,229.7055,0.2179,0.5071,-197.1217,-0.0147,-1.1504,0.0162,57.5633,-8.7354,19.7596,49.2042,75.0395,105.244,157.6747,0.0581,1.0158,4.1513,1.0168,-3.5297,1.0866,0.2449,1.0866,-0.0779,1.0866,NA,1,0.5165,0.3975,0.1002,0.0881
2026-01-25,19:30:00,25.812,0.0441,1,20.185,1,8.1711,1,1.2639,1,0.1802,1,NA,3,-0,-0,NA,17.8307,418.805,420.1354,0,0,134.8142,3.1665,3.1765,0.1,1,NA,NA,NA,NA,0,266.6711,266.4034,95178.7919,1.2432,1006.775,0.0233,0.0117,0.0024,301.1607,368.0863,0.002,81.818,66.9256,263.7881,0.0826,2.1642,16.0265,0.1883,0.2609,-27.8167,-0.1043,2.4703,0.0856,0.0363,1,NA,NA,NA,NA,NA,0.0405,1.0877,19.3614,1.065,7.1344,1.1453,1.1035,1.1453,0.1574,1.1453,NA,1,0.2539,0.2386,0.0293,0.085
2026-01-25,20:00:00,25.833,0.0122,1,3.7911,1,-0.9676,1,-0.2861,1,-0.0213,1,NA,3,-0,-0,NA,17.8071,418.5289,419.8374,0.1,1,132.6029,3.1166,3.1264,0.1,1,NA,NA,NA,NA,0,266.5454,266.2821,95178.7919,1.2438,1006.7469,0.0233,-0.0014,0.0024,296.4232,364.6692,0.0019,81.2855,68.246,263.5866,0.5842,2.199,322.5587,0.0989,0.2056,-21.4264,-0.1353,-3.9179,0.0306,10.6673,5,9,15,24,42,109,0.0119,1.0193,3.6756,1.019,-0.889,1.0884,-0.2628,1.0884,-0.0196,1.0884,NA,1,0.2014,0.1936,0.0162,0.1085
2026-01-25,20:30:00,25.854,0.0153,0,1.0627,2,-0.5544,2,1.2454,1,-0.0122,2,NA,3,0,0,NA,17.8055,418.951,420.2712,0.2,0,133.5082,3.1414,3.1513,0.1,1,NA,NA,NA,NA,0,266.8106,266.5449,95139.3357,1.242,1006.7628,0.0233,-8e-4,0.0024,298.6485,372.1106,0.002,80.258,73.4621,263.6816,0.993,1.9565,6.4937,0.1109,0.1075,-107.95,-0.0269,-1.917,0.0077,20.5244,9,17,32,53,98,293,0.0151,1.0131,1.0201,1.0151,-0.5105,1.086,1.1468,1.086,-0.0113,1.086,NA,1,0.143,0.0556,0.0163,0.1585
2026-01-25,21:00:00,25.874,0.0035,1,7.9065,0,0.8215,1,0.1904,0,0.0181,1,NA,3,-0,-0,NA,17.7848,418.7679,420.1198,0.3,0,136.6607,3.2179,3.2283,0.1,1,NA,NA,NA,NA,0,267.2104,266.9378,95143.9768,1.2402,1006.808,0.0233,0.0012,0.0025,305.9308,383.485,0.002,79.7765,77.5541,263.9882,0.7925,2.1995,307.1388,0.0529,0.2132,-1.5755,-1.8406,9.6247,0.1197,19.7997,9,15,25,37,58,126,0.0034,1.0154,7.8273,1.0165,0.7561,1.0864,0.1753,1.0864,0.0167,1.0864,NA,1,0.1584,0.248,0.0201,0.2855
2026-01-25,21:30:00,25.895,0.0234,0,6.7139,0,1.2703,1,-0.2126,2,0.028,1,NA,3,-0,-0,NA,17.8142,419.1668,420.5317,0.1,1,137.9412,3.2457,3.2563,0.7,0,NA,NA,NA,NA,0,267.319,267.0439,95143.9768,1.2397,1006.8241,0.0234,0.0018,0.0025,308.5778,386.6116,0.002,79.816,78.0338,264.098,1.0676,2.7887,332.0178,0.1375,0.3328,-32.5301,-0.0891,5.2852,0.0391,16.6666,7,14,24,39,67,181,0.0231,1.0125,6.6868,1.0148,1.1697,1.0861,-0.1958,1.0861,0.0258,1.0861,NA,1,0.2475,0.3917,0.0263,0.5943
2026-01-25,22:00:00,25.916,0.1235,0,-26.5962,1,-6.1947,2,0.4297,1,-0.1368,2,NA,3,0,0,NA,17.7707,418.5224,419.9622,0.1,0,145.5747,3.4285,3.4403,-0.6,0,NA,NA,NA,NA,0,268.1422,267.8508,95102.2154,1.2354,1006.9312,0.0234,-0.0089,0.0026,325.7882,411.1221,0.0021,79.2437,85.3338,264.7922,1.1524,6.8866,5.3801,0.3161,1.1795,99.8445,0.029,4.2934,-0.0676,71.6583,-10.8744,24.598,61.2525,93.4139,131.0143,196.2833,0.1225,1.0082,-26.5758,1.0136,-5.6082,1.1046,0.389,1.1046,-0.1239,1.1046,NA,1,1.0393,1.1975,0.122,0.6271
2026-01-25,22:30:00,25.937,0.1879,1,-8.8052,1,7.336,1,0.2931,1,0.1623,1,NA,3,-0,-0,NA,17.6195,417.1962,418.8255,0.1,1,164.2893,3.8901,3.9053,-0.2,0,NA,NA,NA,NA,0,270.2519,269.9186,95102.2154,1.2257,1007.2041,0.0236,0.0105,0.003,369.5964,480.3628,0.0024,76.9411,110.7664,266.4222,3.3485,13.4736,10.7817,0.3915,4.3172,572.7725,0.0051,-1.2003,-0.0182,47.9456,-7.2759,16.4582,40.9832,62.5019,87.6598,131.3304,0.1866,1.007,-8.3265,1.0146,6.5443,1.121,0.2615,1.121,0.1448,1.121,NA,1,3.1291,4.9942,0.5111,0.464
2026-01-25,23:00:00,25.958,0.1659,1,-16.6258,1,5.7656,1,0.5283,1,0.1277,1,NA,3,0,0,NA,17.5871,418.0462,419.7822,0.1,0,173.9744,4.1354,4.1525,-0.2,0,NA,NA,NA,NA,0,271.0853,270.73,95162.5433,1.2227,1007.3467,0.0237,0.0083,0.0031,393.1218,510.2417,0.0026,77.0462,117.1199,267.2278,3.3221,10.0051,355.2086,0.3683,3.456,252.6909,0.0115,-2.8836,-0.0367,48.6846,-7.3881,16.7118,41.6148,63.4652,89.0109,133.3546,0.1647,1.0072,-16.1165,1.015,5.1288,1.1241,0.47,1.1241,0.1136,1.1241,NA,1,2.2609,4.2157,0.4353,0.8803
2026-01-25,23:30:00,25.979,0.1802,0,-36.8079,1,-0.519,2,1.1569,1,-0.0115,2,NA,3,0,0,NA,17.5891,418.4165,420.1804,0.2,0,176.4723,4.198,4.2157,0.1,1,NA,NA,NA,NA,0,271.156,270.7952,95156.7408,1.2223,1007.3815,0.0237,-7e-4,0.0032,399.043,512.7121,0.0026,77.8298,113.6691,267.42380000000003,3.0894,8.9031,351.021,0.384,2.4256,129.3701,0.0224,70.919,-0.0778,60.2357,-9.141,20.677,51.4886,78.5233,110.1301,164.9949,0.1789,1.0074,-36.3294,1.0152,-0.4607,1.1266,1.027,1.1266,-0.0102,1.1266,NA,1,1.523,3.0502,0.2779,2.2342
2026-01-26,00:00:00,26,0.0061,2,-35.4153,2,1.3747,2,0.5767,2,0.0305,2,NA,3,-0,-0,NA,17.5915,418.5763,420.3999,0.2,0,182.2988,4.3377,4.3566,0.1,1,NA,NA,NA,NA,0,271.4748,271.1015,95156.7408,1.2208,1007.461,0.0237,0.002,0.0033,412.3004,524.4642,0.0027,78.6136,112.1638,267.8534,2.4422,6.1619,334.5263,0.071,1.3187,0.8483,3.4187,-25.7617,-0.4058,247.7746,109,239,516,1021,2396,NA,0.0058,1.0676,-31.3522,1.1298,0.6647,2.068,0.2788,2.068,0.0147,2.068,NA,1,0.8332,1.6995,0.1047,1.0813
2026-01-26,00:30:00,26.02,0.1153,1,-36.64,0,1.5232,1,0.3879,1,0.0338,1,NA,3,0,0,NA,17.4682,417.5262,419.4854,0,0,195.4039,4.6706,4.6925,0.1,1,NA,NA,NA,NA,0,273.1219,272.7176,95124.2538,1.213,1007.6624,0.0239,0.0022,0.0035,443.7437,590.5143,0.0029,75.1453,146.7706,268.8253,2.2764,7.9734,359.1701,0.3084,2.477,67.2752,0.0431,-24.0548,-0.0972,48.493,-7.359,16.6461,41.4511,63.2155,88.6606,132.8298,0.1145,1.0076,-36.0763,1.015,1.355,1.1241,0.3451,1.1241,0.0301,1.1241,NA,1,1.7616,2.8842,0.3082,0.3319
2026-01-26,01:00:00,26.041,0.1053,0,-39.2224,0,10.9958,0,0.0656,2,0.244,0,-0.0019,0,-0,-0,-0,17.4886,418.6014,420.5445,0.1,1,193.0448,4.6206,4.6421,0.1,1,0.0998,2.1959,2.2061,-0.2,0,272.8207,273.0261,94223.6033,1.2002,1007.6428,0.0241,0.0158,0.0035,435.4907,603.9562,0.0029,72.1063,168.4655,268.5763,2.7253,7.5811,356.0499,0.2962,1.9405,55.3132,0.0524,-3.567,-0.1095,50.8201,-7.7122,17.4449,43.4403,66.2492,92.9154,139.2042,0.1045,1.008,-38.1067,1.0163,9.684,1.1355,0.0578,1.1355,0.2149,1.1355,0.01,1.2176,1.1183,2.5099,0.2529,89.2964
2026-01-26,01:30:00,26.062,0.2382,0,-52.4165,0,-7.451,0,1.5858,1,-0.1654,0,0.0063,1,0,0,0,17.4801,418.7662,420.7298,0.1,0,194.8119,4.667,4.6889,0.1,1,0.1002,2.2049,2.2152,-0.1,0,272.9327,273.1427,94196.8063,1.1993,1007.6696,0.0241,-0.0107,0.0035,439.7389,609.0954,0.0029,72.1954,169.3565,268.705,3.1656,9.362,354.962,0.4457,2.0039,141.0092,0.0206,7.0348,-0.0973,70.5222,-10.702,24.208,60.2813,91.9328,128.937,193.1712,0.2365,1.0074,-52.0756,1.0153,-6.6122,1.1269,1.4073,1.1269,-0.1468,1.1269,0.0231,1.1986,0.9625,2.7928,0.2524,88.2835
2026-01-26,02:00:00,26.083,0.1979,0,-78.3671,0,-5.7157,1,2.465,0,-0.1269,1,-0.0052,0,-0,-0,-0,17.4367,418.6226,420.6177,0.1,0,197.5665,4.7432,4.7658,0.1,1,0.1001,2.209,2.2195,-0.2,0,273.4861,273.7057,94207.4884,1.197,1007.7188,0.0242,-0.0082,0.0035,446.9664,634.4643,0.003,70.4478,187.4979,268.9214,4.0561,11.7868,1.4788,0.4066,2.2536,71.6079,0.0405,13.7109,-0.1598,67.1624,-10.1921,23.0547,57.4094,87.5529,122.7942,183.9681,0.1962,1.0087,-77.324,1.0187,-4.9558,1.1533,2.1373,1.1533,-0.1101,1.1533,0.0204,1.2276,1.062,3.2079,0.2373,88.437
2026-01-26,02:30:00,26.104,0.1894,0,-57.4653,0,-1.6021,0,1.5073,0,-0.0356,0,-0.003,0,-0,-0,-0,17.4158,418.9789,420.9482,0.1,0,194.4624,4.6783,4.7003,0.1,1,0.1002,2.2149,2.2253,-0.2,0,273.9529,274.1663,94195.272,1.1948,1007.6898,0.0242,-0.0023,0.0035,440.7893,655.9148,0.0029,67.2022,215.1255,268.7366,3.9689,9.6755,6.0699,0.3981,2.2878,91.6699,0.0316,35.869,-0.1199,59.6691,-9.055,20.4825,51.0042,77.7846,109.0941,163.4428,0.1878,1.0083,-56.6213,1.0178,-1.3973,1.1465,1.3146,1.1465,-0.031,1.1465,0.0156,1.2187,1.4462,2.8236,0.3059,89.6867
2026-01-26,03:00:00,26.124,0.0794,1,-52.1209,1,-3.1214,1,1.5065,1,-0.0694,1,0.0033,1,0,0,0,17.4227,419.4075,421.3179,0.1,0,188.3637,4.5344,4.555,0.7,0,0.1007,2.2289,2.2391,-0.2,0,274.1945,274.4133,94213.1022,1.194,1007.615,0.0242,-0.0045,0.0034,427.3136,667.6789,0.0028,63.9999,240.3653,268.3254,2.7645,8.6634,6.5384,0.2579,1.999,27.4727,0.1056,16.6981,-0.168,43.1617,-6.55,14.816,36.894,56.2656,78.9134,118.2266,0.0787,1.0094,-51.3508,1.0195,-2.6866,1.1618,1.2967,1.1618,-0.0597,1.1618,0.0191,1.2586,1.3687,2.3409,0.2884,88.1649
2026-01-26,03:30:00,26.145,0.1575,0,-54.3922,1,-3.4232,1,1.5101,1,-0.076,1,0.0043,1,0,0,0,17.5042,420.5134,422.3567,0.2,0,181.6716,4.3644,4.3835,0.1,1,0.1019,2.2449,2.2547,-0.1,0,273.2867,273.5235,94220.0853,1.1981,1007.5101,0.0241,-0.0049,0.0033,411.3232,626.1539,0.0027,65.6904,214.8307,267.8222,2.7049,6.6594,356.4572,0.3626,1.3545,73.166,0.0396,15.8892,-0.1243,59.8197,-9.0779,20.5342,51.133,77.981,109.3695,163.8554,0.1563,1.0076,-53.8042,1.0156,-3.0313,1.1293,1.3372,1.1293,-0.0673,1.1293,0.0217,1.2082,0.9585,1.4983,0.2521,87.9642
2026-01-26,04:00:00,26.166,0.1405,0,-36.1512,0,-4.3187,1,0.8104,1,-0.0959,1,0.0091,1,0,0,0,17.5549,420.4458,422.2598,0.1,0,179.3701,4.296,4.3145,0.1,1,0.1022,2.2466,2.2563,-0.1,0,272.8355,273.0602,94247.6218,1.2005,1007.4666,0.0241,-0.0062,0.0032,404.9951,605.4516,0.0027,66.8914,200.4565,267.6182,3.1703,8.3104,321.8745,0.3422,1.8628,92.5382,0.0313,8.3708,-0.0874,53.81,-8.1659,18.4712,45.996,70.1467,98.3818,147.3939,0.1395,1.0077,-35.8452,1.016,-3.8128,1.1327,0.7155,1.1327,-0.0846,1.1327,0.0203,1.2075,1.3317,2.1014,0.2925,87.8486
2026-01-26,04:30:00,26.187,0.1926,1,-24.0407,1,-2.6303,1,0.1874,1,-0.0584,1,0.0089,1,-0,-0,-0,17.5763,420.58,422.3142,0.2,0,171.6076,4.1064,4.1233,-0.3,0,0.1038,2.2815,2.2909,-0.2,0,272.6418,272.8797,94281.5683,1.2018,1007.3611,0.0241,-0.0038,0.0031,387.2585,597.554,0.0026,64.8073,210.2955,267.0311,4.0684,10.1821,317.7064,0.4003,2.37,222.9015,0.013,9.14,-0.0496,49.6972,-7.5417,17.0594,42.4804,64.7853,90.8624,136.1284,0.1911,1.0078,-23.8061,1.0167,-2.3131,1.1371,0.1648,1.1371,-0.0513,1.1371,0.0162,1.2039,2.2224,2.0291,0.4885,87.8718
2026-01-26,05:00:00,26.208,0.1731,0,-19.1278,1,-5.0943,2,1.1625,1,-0.113,2,-5e-4,1,-0,-0,-0,17.6506,421.5802,423.1959,0.1,1,159.84,3.8177,3.8324,0.1,1,0.1047,2.2965,2.3053,-0.2,0,272.2374,272.5035,94349.5114,1.2045,1007.1994,0.024,-0.0073,0.0029,360.2992,581.3813,0.0024,61.973,221.0821,266.0912,0.7664,8.2953,349.2604,0.3791,1.5081,238.0976,0.0122,3.7548,-0.0416,66.7436,-10.1286,22.9109,57.0514,87.007,122.0286,182.821,0.1715,1.0097,-19.1564,1.0135,-4.6499,1.0956,1.0611,1.0956,-0.1031,1.0956,0.0064,1.1741,1.3411,1.4655,0.2096,87.8654
2026-01-26,05:30:00,26.229,0.0966,1,-17.9774,1,1.565,2,0.516,1,0.0347,2,0.0024,1,0,0,0,17.7119,422.2151,423.6109,-0.1,0,138.2288,3.2951,3.306,0.1,1,0.1048,2.2911,2.2987,-0.7,0,271.5,271.822,94386.5098,1.2082,1006.9074,0.0239,0.0022,0.0025,311.0946,553.0746,0.0021,56.2482,241.98,264.2016,1.4716,8.693,332.0919,0.2828,1.9497,105.1114,0.0276,-11.4868,-0.0523,48.1178,-7.3021,16.5173,41.1304,62.7265,87.9747,131.8022,0.0959,1.0076,-17.679,1.0134,1.4141,1.1068,0.4663,1.1068,0.0313,1.1068,0.0081,1.1872,1.6076,2.0275,0.2642,87.9026
2026-01-26,06:00:00,26.249,0.0407,1,-1.0506,2,4.9609,1,0.6477,1,0.1099,1,0.0059,1,-0,-0,-0,17.7785,422.0299,423.2799,0,0,124.3959,2.9529,2.9617,0.1,1,0.1048,2.2776,2.2844,-0.2,0,270.3382,270.7038,94418.9186,1.2138,1006.7084,0.0238,0.0071,0.0022,278.8873,509.2689,0.0018,54.7623,230.3816,262.8149,1.8716,6.9325,326.8132,0.1832,1.6838,489.0724,0.0059,-0.2118,-0.0047,23.1645,10,20,39,68,134,464,0.0404,1.0069,-0.7889,1.0124,4.5062,1.1009,0.5883,1.1009,0.0998,1.1009,0.0055,1.1725,0.9612,2.169,0.2374,87.983
2026-01-26,06:30:00,26.27,0.1869,0,-1.6144,1,3.3188,0,4.4562,1,0.0734,0,-6e-4,2,0,0,0,17.7566,418.6213,419.7814,0.1,1,117.2215,2.7636,2.7712,0.1,1,0.1038,2.2482,2.2544,0,1,269.4996,269.884,94468.4203,1.2182,1006.5963,0.0238,0.0048,0.0021,261.1385,479.139,0.0017,54.5016,218.0004,261.9885,1.6135,9.6317,347.204,0.3917,2.2139,3112.3861,9e-4,-0.4864,-0.0034,58.8931,-8.9373,20.2161,50.3409,76.7731,107.6753,161.3172,0.1856,1.007,-1.4294,1.0121,3.0267,1.0965,4.0639,1.0965,0.067,1.0965,-2e-4,1.1679,1.7218,2.4002,0.3059,88.1539
2026-01-26,07:00:00,26.291,0.2751,1,13.0784,2,10.275,1,-1.2275,2,0.2272,1,0.0158,1,-0,-0,-0,17.7849,414.936,416.0118,0.1,1,110.8359,2.5859,2.5926,0.1,1,0.1033,2.2305,2.2363,0.1,0,268.7719,269.1721,94516.8515,1.2221,1006.4922,0.0237,0.0147,0.002,244.4756,454.2671,0.0016,53.8176,209.7915,261.1658,1.5865,9.5329,355.4041,0.4745,2.9106,-683.1729,-0.0042,1.2728,0.0224,58.7554,-8.9164,20.1688,50.2232,76.5936,107.4236,160.9402,0.2724,1.0098,13.4342,1.0135,9.4393,1.0885,-1.1277,1.0885,0.2087,1.0885,0.0099,1.1484,2.6908,2.6789,0.4515,88.3978
2026-01-26,07:30:00,26.312,0.409,0,10.3226,1,1.4902,2,-1.5544,2,0.0329,2,-0.001,0,0,0,0,17.8206,419.9165,420.9593,0.1,1,105.1308,2.4772,2.4834,0.1,1,0.1031,2.2193,2.2248,-0.2,0,268.1985,268.6193,94572.472,1.2254,1006.4274,0.0236,0.0021,0.0019,234.3424,435.7541,0.0015,53.7786,201.4117,260.6407,1.2866,16.6979,7.3975,0.5777,2.8033,-1563.2218,-0.0019,6.9268,0.0145,70.7603,-10.7381,24.2897,60.4848,92.2431,129.3723,193.8233,0.4045,1.011,10.2629,1.014,1.3713,1.0868,-1.4303,1.0868,0.0303,1.0868,-0.0045,1.1479,1.8794,3.3065,0.4206,88.5775
2026-01-26,08:00:00,26.333,0.1381,1,9.5486,1,8.0816,1,0.9435,1,0.1785,1,0.0016,1,-0,-0,-0,17.846,424.5315,425.5376,0.1,1,99.3894,2.3643,2.3699,0.1,1,0.1031,2.2141,2.2193,-0.2,0,267.7438,268.2033,94614.7072,1.2279,1006.362,0.0236,0.0116,0.0018,223.7605,422.268,0.0015,52.9902,198.5076,260.0703,1.4699,12.0176,7.2195,0.3354,3.2597,-330.7089,-0.0088,1.1815,0.023,42.8934,-6.5092,14.7239,36.6646,55.9158,78.4227,117.4916,0.1367,1.0102,9.8338,1.0137,7.4297,1.0877,0.8674,1.0877,0.1641,1.0877,-0.0022,1.1481,3.1006,2.9233,0.4954,88.7366
2026-01-26,08:30:00,26.354,0.428,0,16.5101,0,5.6903,1,0.6427,0,0.1257,1,-0.0014,0,0,0,0,17.861,425.2621,426.2365,0.1,0,96.0088,2.2859,2.2912,0.1,1,0.1032,2.2133,2.2184,-0.1,0,267.3646,267.8563,94658.202,1.2301,1006.3161,0.0235,0.0081,0.0018,216.4394,411.3034,0.0014,52.6228,194.864,259.6614,1.9756,14.4379,353.5075,0.5899,3.4326,-1040.9257,-0.0028,2.9014,0.0226,66.2245,-10.0498,22.7327,56.6077,86.3303,121.0795,181.3991,0.4242,1.0088,16.5901,1.0133,5.2121,1.0918,0.5887,1.0918,0.1151,1.0918,-0.0073,1.15,1.9216,4.4262,0.5174,88.7526
2026-01-26,09:00:00,26.374,0.5355,0,1.0337,2,1.7585,2,0.9284,1,0.0388,2,-0.0108,1,-0,-0,-0,17.8905,424.8995,425.8196,0.1,0,90.9832,2.1609,2.1655,0.1,1,0.103,2.203,2.2078,0,0,266.8366,267.3112,94679.5732,1.2329,1006.2431,0.0235,0.0025,0.0017,204.6433,394.5918,0.0013,51.862,189.9485,258.9759,2.9166,9.7972,359.067,0.659,4.1595,-23191.4823,-1e-4,0.5878,0.0013,57.617,-8.7436,19.7781,49.2502,75.1096,105.3423,157.822,0.5313,1.0079,1.1072,1.014,1.5961,1.1017,0.8426,1.1017,0.0352,1.1017,-0.0107,1.1565,2.4187,4.9854,0.9148,89.0084
2026-01-26,09:30:00,26.395,0.351,0,19.0899,0,11.0162,1,-0.0059,2,0.2432,1,0.0082,2,-0,-0,-0,17.8465,423.9579,424.8411,0.1,1,87.5093,2.0789,2.0832,0.1,1,0.1023,2.1897,2.1943,0,1,266.7908,267.5041,94733.5193,1.2328,1006.201,0.0235,0.0158,0.0016,196.9901,400.437,0.0013,49.1938,203.4469,258.512,2.9501,11.7334,345.9797,0.5336,3.9093,-666.885,-0.0043,1.7329,0.0288,56.7835,-8.6171,19.4919,48.5377,74.023,103.8183,155.5388,0.3483,1.0079,19.3831,1.014,9.9952,1.1022,-0.0053,1.1022,0.2207,1.1022,7e-4,1.1568,2.2322,4.9643,0.622,88.4444
2026-01-26,10:00:00,26.416,0.468,0,39.3967,0,8.8831,0,0.2168,1,0.1961,0,0.0014,0,0,0,0,17.8632,424.2054,425.0448,0,0,83.1648,1.975,1.9789,0.1,1,0.1019,2.179,2.1833,-0.2,0,266.4647,267.1607,94790.77,1.2352,1006.1416,0.0234,0.0127,0.0015,187.2575,390.0839,0.0012,48.0044,202.8264,257.8982,1.7502,9.93,1.6161,0.6155,3.8692,-496.184,-0.0058,4.435,0.0515,56.7759,-8.616,19.4893,48.5312,74.0131,103.8045,155.518,0.4637,1.0093,39.3452,1.0134,8.1512,1.0898,0.1989,1.0898,0.1799,1.0898,-0.0123,1.149,2.472,4.4384,0.8279,88.3629
2026-01-26,10:30:00,26.437,0.2522,0,17.7969,0,7.9459,1,-0.1882,0,0.1755,1,6e-4,0,-0,-0,-0,17.8432,423.9577,424.7819,0.1,1,81.6597,1.9403,1.944,0.1,1,0.1017,2.1806,2.1849,-0.2,0,266.6754,267.755,94831.4726,1.233,1006.1292,0.0235,0.0114,0.0015,184.0465,408.1517,0.0012,45.0927,224.1052,257.6894,1.4428,8.7411,351.6216,0.4522,2.1046,-435.7412,-0.0067,2.2397,0.0317,57.7243,-8.7599,19.8149,49.3419,75.2495,105.5385,158.1159,0.2496,1.0103,17.9652,1.0137,7.306,1.0876,-0.173,1.0876,0.1613,1.0876,-0.0059,1.1481,1.4159,2.3646,0.4288,88.043
2026-01-26,11:00:00,26.458,0.2731,1,41.1215,0,8.5832,0,0.5556,0,0.1896,0,-0.007,0,0,0,0,17.7677,423.4655,424.2599,0.3,0,78.5585,1.8723,1.8758,0.1,1,0.1014,2.1789,2.183,-0.2,0,267.0459,268.292,94851.0631,1.2308,1006.0985,0.0235,0.0123,0.0014,177.6391,425.1132,0.0012,41.7863,247.4742,257.263,1.8667,8.3443,353.2792,0.471,2.9545,-213.1413,-0.0136,4.7909,0.0705,55.849,-8.4753,19.1712,47.7389,72.8049,102.1098,152.9792,0.2706,1.009,41.035,1.0133,7.8689,1.0908,0.5093,1.0908,0.1739,1.0908,-0.0208,1.1495,2.4408,2.9629,0.5052,87.9767
2026-01-26,11:30:00,26.479,0.3738,0,60.981,0,18.4532,0,-0.2808,2,0.4078,0,-0.0026,0,-0,-0,-0,17.7432,423.4496,424.22,0.1,1,76.0951,1.816,1.8193,0.1,1,0.1013,2.1778,2.1818,-0.2,0,267.1522,268.4079,94908.0663,1.231,1006.0696,0.0235,0.0264,0.0014,172.4034,428.8552,0.0011,40.2008,256.4518,256.9042,2.72,10.1033,354.2406,0.5511,4.075,-230.2273,-0.0126,3.3046,0.0893,55.7168,-8.4552,19.1258,47.6259,72.6325,101.8681,152.617,0.3709,1.008,61.1052,1.0137,16.7833,1.0995,-0.2554,1.0995,0.3709,1.0995,-0.0236,1.1549,2.4171,5.0374,0.6956,88.3156
2026-01-26,12:00:00,26.499,0.2469,0,70.3089,0,15.4255,0,1.4028,0,0.3409,0,7e-4,0,-0,-0,-0,17.7667,424.3364,425.0943,0.1,0,74.6573,1.7831,1.7863,0.1,1,0.1014,2.1817,2.1856,-0.1,0,266.9157,268.5388,94955.0849,1.2311,1006.0533,0.0235,0.0221,0.0014,169.3599,433.1146,0.0011,39.1028,263.7547,256.6911,1.4104,10.5461,1.7568,0.4478,3.3806,-107.1805,-0.0271,4.558,0.1268,52.3898,-7.9503,17.9837,44.782,68.2954,95.7852,143.5037,0.2443,1.0105,70.1679,1.0138,14.1858,1.0874,1.2901,1.0874,0.3135,1.0874,-0.0236,1.148,2.1359,4.0896,0.5357,89.0305
2026-01-26,12:30:00,26.52,0.239,0,29.8987,0,8.4169,1,1.0008,1,0.1859,1,-0.0078,1,-0,-0,-0,17.8185,424.1505,424.888,0.3,0,72.9237,1.7359,1.7389,0.1,1,0.1014,2.1731,2.1769,-0.2,0,266.7709,267.7955,94941.6756,1.2343,1006.0199,0.0235,0.012,0.0013,164.8504,409.4085,0.0011,40.2655,244.5581,256.369,2.0556,9.9642,347.752,0.44,3.0815,-239.0633,-0.0121,3.5522,0.0547,53.4771,-8.1154,18.357,45.7114,69.7128,97.7732,146.4821,0.2369,1.0087,29.9424,1.0133,7.7042,1.0925,0.9161,1.0925,0.1701,1.0925,-0.0177,1.1505,1.8589,3.8127,0.4913,88.0752
2026-01-26,13:00:00,26.541,0.153,1,52.3389,1,20.5228,1,-0.2466,2,0.4533,1,-0.0022,1,0,0,0,17.7427,422.8183,423.4753,0.1,1,65.1059,1.5515,1.5539,0.1,1,0.1008,2.1619,2.1653,-0.1,0,266.7722,267.8951,94941.2144,1.2339,1005.9222,0.0235,0.0294,0.0012,147.3421,412.5187,0.001,35.7177,265.1766,255.0389,3.3313,13.0512,334.7662,0.3521,4.4529,-69.9795,-0.0414,2.5503,0.1198,40.316,-6.1181,13.8392,34.4615,52.556,73.7105,110.4317,0.1518,1.0079,52.6234,1.0146,18.5442,1.1067,-0.2228,1.1067,0.4096,1.1067,-0.0203,1.16,2.9271,5.3413,0.6375,88.3353
2026-01-26,13:30:00,26.562,0.3132,0,79.679,0,26.8805,0,-1.1376,1,0.5936,0,-9e-4,0,-0,-0,-0,17.756,423.1815,423.8161,0.1,1,62.8225,1.4973,1.4995,0.1,1,0.1008,2.1614,2.1646,-0.2,0,266.4257,267.8115,94972.4129,1.2348,1005.8922,0.0234,0.0385,0.0012,142.2365,409.9087,9e-4,34.6996,267.6721,254.6243,2.6417,9.8635,354.3989,0.5036,3.5234,-134.5595,-0.0216,2.9642,0.1274,55.8107,-8.4695,19.158,47.7061,72.7549,102.0397,152.8741,0.3107,1.0081,79.9735,1.0137,24.4675,1.0986,-1.0355,1.0986,0.5404,1.0986,-0.0285,1.1543,2.3653,4.103,0.5785,88.7018
2026-01-26,14:00:00,26.583,0.1716,1,43.7403,0,14.6438,0,-0.2723,2,0.3232,0,-0.0059,0,-0,-0,-0,17.8395,423.9119,424.5319,0.1,1,61.4675,1.4606,1.4628,0.1,1,0.101,2.1599,2.1631,-0.1,0,265.9014,267.2326,94997.1159,1.2378,1005.8665,0.0234,0.0209,0.0011,138.7923,392.2323,9e-4,35.3852,253.44,254.3371,0.9215,10.0801,347.1918,0.3724,2.2954,-99.103,-0.0293,2.987,0.0943,57.4359,-8.7161,19.7159,49.0953,74.8735,105.0111,157.3258,0.1693,1.0138,43.822,1.0156,13.4838,1.086,-0.2508,1.086,0.2976,1.086,-0.0209,1.1489,1.9011,2.3953,0.2944,88.3139
2026-01-26,14:30:00,26.604,0.3169,0,49.6415,0,23.5705,0,-0.8764,2,0.5204,0,-0.0037,0,0,0,0,17.8046,423.1598,423.7633,0.1,1,59.9265,1.4243,1.4263,0.1,1,0.1009,2.1596,2.1627,-0.2,0,266.1951,267.5074,95018.9745,1.2368,1005.8499,0.0234,0.0337,0.0011,135.3687,400.5372,9e-4,33.7968,265.1685,254.0452,1.95,9.0392,5.2302,0.5062,2.5501,-219.3828,-0.0132,2.1061,0.0788,61.6242,-9.3517,21.1536,52.6754,80.3333,112.6686,168.7981,0.3141,1.0089,50.1859,1.0133,21.5943,1.0915,-0.8029,1.0915,0.4768,1.0915,-0.0212,1.1499,2.1216,2.5224,0.4562,88.0695
2026-01-26,15:00:00,26.624,0.1821,1,41.0697,0,17.4863,0,0.3421,1,0.3861,0,-0.0014,0,0,0,0,17.7749,422.8366,423.4086,0.2,0,56.784,1.3508,1.3526,0.8,0,0.1008,2.1579,2.1608,-0.2,0,266.059,267.5789,95050.9407,1.2369,1005.8113,0.0234,0.025,0.001,128.4297,402.7237,8e-4,31.8903,274.294,253.4327,1.932,9.6889,346.3878,0.3837,3.0832,-115.5456,-0.0251,2.3487,0.086,50.9584,-7.7331,17.4924,43.5585,66.4294,93.1682,139.5829,0.1805,1.0089,41.4184,1.0133,16.0226,1.0914,0.3135,1.0914,0.3538,1.0914,-0.0158,1.1498,2.9054,2.8395,0.4216,88.1556
2026-01-26,15:30:00,26.645,0.306,0,49.7888,0,21.1258,0,0.2116,2,0.4665,0,-0.0014,0,-0,-0,-0,17.7671,422.693,423.2587,0.1,0,56.1787,1.3365,1.3383,0.1,1,0.1008,2.1608,2.1637,-0.2,0,266.0431,267.7913,95079.2958,1.2363,1005.806,0.0234,0.0302,0.001,127.1111,409.2792,8e-4,31.0573,282.1681,253.313,1.4782,10.1103,355.0559,0.4975,3.5152,-207.7065,-0.014,2.3568,0.0805,63.7979,-9.6816,21.8997,54.5334,83.1669,116.6428,174.7522,0.3029,1.0102,50.1946,1.0136,19.4206,1.0878,0.1946,1.0878,0.4289,1.0878,-0.0189,1.1481,2.6328,3.9934,0.404,88.0811
2026-01-26,16:00:00,26.666,0.1231,1,24.3736,1,11.3334,1,0.2044,2,0.2502,1,-0.0071,1,0,0,0,17.7659,422.9556,423.5156,0.1,1,55.5454,1.3224,1.3241,0.7,0,0.1006,2.1544,2.1573,-0.3,0,266.0988,267.5585,95124.5299,1.238,1005.7959,0.0234,0.0162,0.001,125.8246,402.0965,8e-4,31.2921,276.2718,253.1951,1.3841,7.8209,1.5358,0.3153,2.2679,-108.0799,-0.0268,2.1506,0.0621,46.3637,-7.0359,15.9152,39.631,60.4398,84.7677,126.9974,0.1218,1.0106,24.618,1.0138,10.424,1.0872,0.188,1.0872,0.2302,1.0872,-0.0154,1.148,1.8914,2.2839,0.3605,87.8967
2026-01-26,16:30:00,26.687,0.3173,1,33.4557,1,15.3477,1,0.3681,1,0.3385,1,-0.0027,1,0,0,0,17.8818,422.1524,422.6735,0.1,0,52.2181,1.2328,1.2343,0.8,0,0.1008,2.1449,2.1475,-0.2,0,265.5169,266.3363,95165.8695,1.2442,1005.7356,0.0233,0.0219,0.001,117.3484,366.2003,8e-4,32.0449,248.8519,252.3903,1.3961,10.793,358.9912,0.505,4.6805,-323.476,-0.009,2.1799,0.0529,56.3344,-8.549,19.3378,48.1538,73.4376,102.9972,154.3086,0.314,1.0105,33.7779,1.0138,14.1153,1.0873,0.3385,1.0873,0.3113,1.0873,-0.0144,1.148,3.586,5.2068,0.5682,88.7517
2026-01-26,17:00:00,26.708,0.1979,1,12.0358,1,11.4754,0,-0.1925,2,0.253,0,-0.0042,0,0,0,0,17.9609,422.3329,422.8466,0.1,1,51.6673,1.2149,1.2164,0.1,1,0.1009,2.1439,2.1465,-0.1,0,265.2453,265.9345,95226.9317,1.2469,1005.7222,0.0232,0.0164,9e-4,115.7229,355.0395,8e-4,32.5944,239.3166,252.2301,0.9179,8.8561,346.5189,0.3984,3.2323,-441.7111,-0.0066,1.0488,0.0241,55.1266,-8.3657,18.9232,47.1214,71.8631,100.789,151.0003,0.1952,1.0138,12.427,1.0156,10.5664,1.086,-0.1772,1.086,0.2329,1.086,-0.0086,1.1489,2.7507,3.3406,0.3733,89.0603
2026-01-26,17:30:00,26.729,0.5274,0,14.7833,1,7.395,1,-0.1235,2,0.1629,1,-0.0029,0,-0,-0,-0,18.025,422.5971,423.0768,0.1,1,48.3589,1.1338,1.1351,0.1,1,0.1009,2.1392,2.1416,-0.2,0,264.8699,265.4253,95284.945,1.2501,1005.674,0.0232,0.0106,9e-4,108.0611,341.3312,7e-4,31.6587,233.2701,251.4464,0.8449,10.2647,36.1464,0.6495,3.7805,-1559.3887,-0.0019,1.9991,0.0181,75.2934,-11.4261,25.8458,64.3597,98.1526,137.6604,206.2403,0.5198,1.0147,14.9218,1.0161,6.8081,1.0862,-0.1137,1.0862,0.15,1.0862,-0.008,1.1494,3.1071,3.9987,0.4552,89.2078
2026-01-26,18:00:00,26.749,0.3709,0,10.9591,0,18.8848,0,0.5206,1,0.416,0,-3e-4,0,-0,-0,-0,18.0778,422.7198,423.1795,0.3,0,46.4495,1.0861,1.0873,0.1,1,0.1012,2.1408,2.1431,-0.3,0,264.5758,265.0714,95360.8215,1.2528,1005.6454,0.0231,0.027,8e-4,103.6033,332.0804,7e-4,31.1983,228.4771,250.9672,0.8654,11.795,358.2053,0.5441,2.875,-1237.0786,-0.0023,0.5803,0.016,72.2885,-10.9701,24.8143,61.7911,94.2353,132.1664,198.0093,0.3656,1.0144,11.7277,1.0159,17.3871,1.0861,0.4793,1.0861,0.383,1.0861,-0.0051,1.1493,2.4439,2.9524,0.3536,89.2464
2026-01-26,18:30:00,26.77,0.2931,0,16.9653,0,15.4508,0,0.72,0,0.3403,0,-0.0013,0,0,0,0,18.126,423.2478,423.7415,0.1,0,49.8981,1.1651,1.1665,0.1,1,0.1014,2.1435,2.146,-0.2,0,264.3086,264.7892,95410.8275,1.2548,1005.6851,0.0231,0.022,9e-4,111.1968,324.8682,7e-4,34.2283,213.6714,251.7729,1.3242,11.0584,18.5085,0.4833,2.8116,-560.197,-0.0052,1.098,0.0278,64.0317,-9.7171,21.98,54.7334,83.4718,117.0704,175.3928,0.2899,1.0109,17.5032,1.0139,14.2151,1.0869,0.6624,1.0869,0.313,1.0869,-0.0077,1.1479,2.2459,2.9995,0.3778,89.2258
2026-01-26,19:00:00,26.791,0.3011,0,19.4176,1,5.9655,0,-0.2823,2,0.1313,0,-0.0047,1,-0,-0,-0,18.164,423.4962,423.9887,0.1,1,49.8193,1.1615,1.1629,0.1,1,0.1016,2.1443,2.1468,-0.2,0,264.0912,264.5741,95451.4589,1.2563,1005.6812,0.023,0.0085,9e-4,110.9007,319.4626,7e-4,34.7148,208.562,251.7424,0.8856,9.3808,41.0368,0.4895,2.4036,-508.843,-0.0057,3.255,0.0314,72.5844,-11.015,24.9159,62.044,94.6211,132.7074,198.8199,0.2969,1.0142,19.418,1.0158,5.4927,1.0861,-0.26,1.0861,0.1209,1.0861,-0.0111,1.1491,2.2276,2.2963,0.2834,89.1647
2026-01-26,19:30:00,26.812,0.1008,1,12.7343,0,9.7558,0,1.3825,0,0.2148,0,2e-4,0,0,0,0,18.187,423.7345,424.2219,0.1,1,49.3107,1.1489,1.1502,0.1,1,0.1017,2.1464,2.1489,0,0,263.9927,264.496,95492.6582,1.2572,1005.6738,0.023,0.0139,9e-4,109.7386,317.5203,7e-4,34.5611,207.7817,251.6221,0.4793,8.343,29.9283,0.2832,1.6067,-150.2328,-0.0193,1.3053,0.0356,51.2519,-7.7777,17.5931,43.8093,66.812,93.7048,140.3869,0.0986,1.0225,12.9565,1.0211,8.9459,1.0905,1.2678,1.0905,0.197,1.0905,-0.0045,1.156,1.5735,1.4135,0.2263,89.1891
2026-01-26,20:00:00,26.833,0.1148,1,11.7385,0,7.6834,0,0.4385,0,0.1691,0,-0.0025,0,0,0,0,18.2221,424.5302,425.0447,0.1,1,51.9621,1.2106,1.2121,0.1,1,0.102,2.1521,2.1547,-0.2,0,263.8576,264.3686,95530.8269,1.2583,1005.7057,0.023,0.011,9e-4,115.6799,314.3752,8e-4,36.7968,198.6953,252.2258,0.9846,7.1139,347.2789,0.3021,1.9479,-197.9121,-0.0147,1.5278,0.0307,53.6235,-8.1376,18.4072,45.8365,69.9036,98.0408,146.883,0.1133,1.0132,11.9472,1.0152,7.0751,1.086,0.4038,1.086,0.1557,1.086,-0.0067,1.1485,1.4555,2.2102,0.23,89.1712
2026-01-26,20:30:00,26.854,0.1982,1,6.3064,1,17.3573,1,1.3233,1,0.382,1,0.0022,2,0,0,0,18.2486,424.9879,425.5584,0.1,1,57.5664,1.3407,1.3425,0.1,1,0.1022,2.1545,2.1574,-0.3,0,263.7088,264.2284,95563.2095,1.2594,1005.7741,0.023,0.0248,0.0011,128.1516,310.9445,8e-4,41.2136,182.7929,253.4076,0.4084,6.5701,338.0653,0.3967,1.2791,-834.5624,-0.0035,0.3633,0.0126,74.2368,-11.2657,25.4831,63.4565,96.7752,135.7286,203.3462,0.1933,1.0255,7.0194,1.0231,15.8846,1.0927,1.211,1.0927,0.3496,1.0927,-0.0011,1.1588,1.2328,1.1495,0.1759,88.5255
2026-01-26,21:00:00,26.874,0.1305,0,13.8311,0,10.7478,0,-0.0347,2,0.2366,0,-6e-4,0,-0,-0,-0,18.278,425.346,425.8732,0.1,1,53.2025,1.2381,1.2396,0.1,1,0.1024,2.1575,2.1602,-0.3,0,263.6752,264.1764,95585.0688,1.2599,1005.7187,0.023,0.0153,0.001,118.3729,309.6811,8e-4,38.2241,191.3082,252.4903,1.0675,5.1476,95.5339,0.3219,1.1773,-203.2319,-0.0143,1.2869,0.0339,62.501,-9.4848,21.4546,53.4249,81.4764,114.2718,171.2,0.1289,1.0125,14.1659,1.0148,9.8962,1.0861,-0.0319,1.0861,0.2178,1.0861,-0.0057,1.1482,0.9797,1.1969,0.178,89.1266
2026-01-26,21:30:00,26.895,0.0639,1,-1.9565,2,6.1662,1,0.5255,1,0.1357,1,0.0032,1,0,0,0,18.353,425.8593,426.3132,0,0,45.8772,1.0645,1.0657,0.1,1,0.1028,2.1607,2.163,0,1,263.2429,263.74,95610.3446,1.2624,1005.6224,0.0229,0.0088,8e-4,101.8072,299.2552,7e-4,34.0202,197.448,250.7689,0.7384,7.7732,137.4919,0.2251,1.3592,491.2696,0.0059,-0.3173,-0.0068,42.0475,-6.3809,14.4336,35.9416,54.8132,76.8763,115.1747,0.0633,1.0099,-1.6293,1.0133,5.6439,1.0925,0.481,1.0925,0.1242,1.0925,0.0032,1.1687,1.3652,1.1188,0.2345,88.922
2026-01-26,22:00:00,26.916,0.0532,1,0.9658,1,7.7932,0,0.237,0,0.1714,0,9e-4,2,-0,-0,-0,18.3998,426.0136,426.4495,0.1,0,44.1523,1.0223,1.0233,0.1,1,0.1029,2.161,2.1632,0,1,262.8728,263.3903,95653.7483,1.2647,1005.5969,0.0229,0.0111,8e-4,97.8097,291.1274,6e-4,33.5969,193.3177,250.316,0.7333,4.984,94.4878,0.2051,0.8455,-753.397,-0.0038,0.1239,0.0037,54.4814,-8.2678,18.7017,46.5699,71.022,99.6093,149.2329,0.0523,1.0163,1.3331,1.0171,7.1709,1.0868,0.2181,1.0868,0.1577,1.0868,0,1.1506,0.6287,0.9603,0.1019,88.838
2026-01-26,22:30:00,26.937,0.0567,0,-4.5328,2,6.1198,1,-0.6191,1,0.1346,1,-9e-4,2,-0,-0,-0,18.4144,425.8097,426.2526,0.1,1,44.9349,1.0391,1.0401,0.1,1,0.103,2.1601,2.1624,-0.9,0,262.5577,263.1026,95676.904,1.2664,1005.6036,0.0229,0.0087,8e-4,99.4413,284.5892,6e-4,34.942,185.1479,250.5028,0.7918,3.3799,119.6986,0.2115,0.4628,176.1836,0.0165,-0.7407,-0.0168,63.3515,-9.6138,21.7465,54.1519,82.5851,115.8268,173.5297,0.0561,1.0095,-4.1759,1.0135,5.5795,1.0968,-0.5644,1.0968,0.1227,1.0968,2e-4,1.1763,0.3412,0.5101,0.0743,88.7963
2026-01-26,23:00:00,26.958,0.0464,0,-6.2098,1,9.7214,0,-0.54,1,0.2137,0,0.0016,1,-0,-0,-0,18.3868,424.7158,425.1837,0.1,1,47.6369,1.1004,1.1016,0.1,1,0.103,2.1579,2.1603,0.9,0,262.2914,262.8541,95692.5184,1.2678,1005.6344,0.0228,0.0138,9e-4,105.3249,279.0461,7e-4,37.7446,173.7212,251.1544,0.8198,3.1341,129.2479,0.1912,0.3499,94.9926,0.0305,-0.6388,-0.0255,5.6757,3,5,10,18,35,130,0.0459,1.0094,-5.6557,1.014,8.821,1.1021,-0.49,1.1021,0.1939,1.1021,0.0028,1.1855,0.3266,0.3017,0.0715,88.7143
2026-01-26,23:30:00,26.979,0.1629,0,7.0171,0,4.2682,0,-0.6111,0,0.0938,0,0.0042,2,-0,-0,-0,18.3469,423.5453,423.9987,0.1,1,46.3265,1.0695,1.0706,0.1,1,0.103,2.1562,2.1585,0,1,262.2038,262.744,95709.3586,1.2685,1005.6171,0.0228,0.0061,8e-4,102.3855,276.6223,7e-4,37.0128,174.2368,250.8331,0.5547,6.938,66.6078,0.3584,1.5521,-553.582,-0.0052,1.644,0.0153,64.369,-9.7682,22.0958,55.0217,83.9115,117.6871,176.3167,0.1597,1.0201,7.0939,1.0195,3.9197,1.0889,-0.5612,1.0889,0.0862,1.0889,0.0014,1.1538,1.5,1.3992,0.2051,88.655
2026-01-27,00:00:00,27,0.0112,2,0.3817,2,7.5799,2,-0.5134,2,0.1665,2,0.0085,2,-0,-0,-0,18.3627,423.3659,423.8152,0.1,1,45.975,1.06,1.0611,0.1,1,0.1037,2.1669,2.1692,0,1,261.862,262.4015,95711.4296,1.2702,1005.6095,0.0228,0.0108,8e-4,101.4801,269.2015,7e-4,37.6967,167.7214,250.7324,1.5093,7.4346,357.8183,0.0941,2.0453,-184.2207,-0.0157,0.0504,0.0032,44.4473,19,38,70,118,221,686,0.0111,1.0101,0.7473,1.0136,6.9668,1.088,-0.4719,1.088,0.15310000000000001,1.088,0.0074,1.1482,0.9572,2.8607,0.2726,88.4871
2026-01-27,00:30:00,27.02,0.1603,1,7.9817,0,5.9117,0,0.0447,1,0.1299,0,-0.0104,0,0,0,0,18.3681,423.0114,423.4613,0.1,1,46.1347,1.0625,1.0636,0.1,1,0.1021,2.1322,2.1344,-0.2,0,261.6125,262.1554,95701.2334,1.2713,1005.609,0.0228,0.0084,8e-4,101.7064,263.9766,7e-4,38.5286,162.2702,250.7576,1.8376,6.8278,346.793,0.3551,2.1927,-473.5409,-0.0061,1.3501,0.0176,59.7825,-9.0722,20.5214,51.1011,77.9325,109.3014,163.7534,0.1589,1.0091,8.1674,1.0133,5.421,1.0905,0.041,1.0905,0.1191,1.0905,-0.0128,1.1493,1.5654,2.5777,0.2423,88.8449
2026-01-27,01:00:00,27.041,0.064,1,8.4374,1,4.5176,0,-0.486,1,0.0992,0,-0.0036,0,-0,-0,-0,18.3973,423.3755,423.813,0.1,1,44.8541,1.0322,1.0333,0.1,1,0.1021,2.1292,2.1314,-0.1,0,261.4234,261.9837,95716.3068,1.2723,1005.5916,0.0228,0.0064,8e-4,98.8272,260.3871,6e-4,37.954,161.5599,250.4328,0.4052,5.0275,34.0544,0.2244,1.281,-112.9532,-0.0257,1.8677,0.0294,51.0593,-7.7485,17.527,43.6447,66.561,93.3527,139.8594,0.0624,1.0257,8.4685,1.0232,4.1338,1.0928,-0.4447,1.0928,0.0908,1.0928,-0.0064,1.1589,0.7558,1.6628,0.1434,89.686
2026-01-27,01:30:00,27.062,0.1331,1,8.5327,0,3.8367,0,-0.2322,2,0.0843,0,0.0154,2,0,0,0,18.4037,423.341,423.775,0.1,1,44.5249,1.0242,1.0253,0.1,1,0.1027,2.1398,2.142,0,1,261.2516,261.7969,95718.0396,1.2733,1005.586,0.0227,0.0055,8e-4,98.0613,256.5301,6e-4,38.226,158.4688,250.345,0.7383,5.8642,27.3936,0.3233,1.7868,-334.1507,-0.0087,2.224,0.0206,62.8819,-9.5426,21.5853,53.7505,81.973,114.9682,172.2434,0.131,1.0162,8.5798,1.017,3.5304,1.0867,-0.2137,1.0867,0.0775,1.0867,0.0117,1.1505,1.3981,1.9985,0.1769,88.7783
2026-01-27,02:00:00,27.083,0.0654,1,-1.0064,2,3.8916,0,0.2784,1,0.0854,0,0.0076,1,0,0,0,18.4141,423.2909,423.7205,-0.2,0,44.1003,1.0137,1.0148,0.1,1,0.1047,2.1806,2.1828,0,1,261.0791,261.6195,95713.5191,1.2741,1005.5791,0.0227,0.0055,8e-4,97.0555,252.9166,6e-4,38.3745,155.8611,250.2287,0.6231,6.7853,339.2572,0.2265,1.0671,974.3592,0.003,-0.2586,-0.0035,51.62,-7.8335,17.7195,44.124,67.2919,94.3778,141.3952,0.0647,1.0109,-0.8043,1.0136,3.5655,1.0915,0.2551,1.0915,0.0783,1.0915,0.0071,1.1673,0.9917,1.0003,0.1422,88.2531
2026-01-27,02:30:00,27.104,0.0195,1,3.0222,0,2.8986,0,-0.1372,2,0.0636,0,8e-4,2,-0,-0,-0,18.4405,423.6601,424.0936,0.1,1,44.4914,1.0222,1.0232,0.1,1,0.1051,2.1865,2.1887,-0.5,0,260.8115,261.3605,95715.6789,1.2754,1005.5819,0.0227,0.0041,8e-4,97.8635,247.7198,6e-4,39.5057,149.8563,250.3222,0.5554,3.0856,118.9301,0.1238,0.3406,-52.9462,-0.0548,1.0426,0.019,6.9835,3,6,11,17,31,91,0.0192,1.0201,3.1062,1.0195,2.6619,1.0889,-0.126,1.0889,0.0584,1.0889,-5e-4,1.1538,0.294,0.3361,0.0511,88.1891
2026-01-27,03:00:00,27.124,0.0752,1,0.1265,2,2.8144,1,0.2073,1,0.0618,1,0.0074,1,-0,-0,-0,18.4765,423.9992,424.4401,0.2,0,45.2656,1.0388,1.0398,0.1,1,0.1058,2.1982,2.2005,0.7,0,260.5066,261.0535,95747.6426,1.2773,1005.5887,0.0227,0.004,8e-4,99.4852,241.6838,6e-4,41.1634,142.1986,250.5078,0.6283,4.358,116.2231,0.2426,0.459,-9528.9146,-3e-4,0.045,4e-4,87.2917,-13.2469,29.9644,74.6156,113.7935,159.5971,239.1055,0.0738,1.0183,0.261,1.0184,2.5872,1.0878,0.1906,1.0878,0.0568,1.0878,0.0068,1.1522,0.4536,0.4204,0.0439,88.0218
2026-01-27,03:30:00,27.145,0.0467,2,-1.7651,2,4.6043,0,0.7847,1,0.101,0,5e-4,2,0,0,0,18.4793,423.6615,424.0991,0.1,0,45.0085,1.0319,1.0329,0.1,1,0.1067,2.2162,2.2185,0.7,0,260.4952,260.9912,95790.7817,1.2782,1005.5846,0.0227,0.0065,8e-4,98.871,240.4761,6e-4,41.1147,141.6051,250.4378,1.6222,6.6687,41.4676,0.1912,1.6006,334.6174,0.0087,-0.3834,-0.0072,17.6631,8,15,30,52,103,361,0.0464,1.0071,-1.5226,1.0125,4.1871,1.0996,0.7136,1.0996,0.0919,1.0996,8e-4,1.1731,1.8798,1.1995,0.1219,87.7652
2026-01-27,04:00:00,27.166,0.0895,1,7.1136,1,2.5067,1,0.0204,2,0.055,1,-2e-4,1,-0,-0,-0,18.4556,423.0011,423.4384,0.1,1,45.067,1.0329,1.034,0.1,1,0.1074,2.2316,2.2339,0,1,260.603,261.0836,95774.1668,1.2775,1005.5857,0.0227,0.0036,8e-4,98.9547,242.2705,6e-4,40.8447,143.3158,250.4474,2.7462,9.0489,345.9025,0.2647,2.159,-220.0774,-0.0132,2.8379,0.0209,46.9168,-7.1198,16.105,40.1038,61.1608,85.7789,128.5124,0.0888,1.008,7.1397,1.0138,2.2792,1.0998000000000001,0.0186,1.0998000000000001,0.05,1.0998000000000001,-0.0028,1.1551,1.3817,2.6897,0.2466,87.4801
2026-01-27,04:30:00,27.187,0.0611,1,21.7423,1,1.5418,1,-0.2568,2,0.0338,1,-0.029,1,0,0,0,18.5134,424.0184,424.4719,0.1,1,46.6425,1.0683,1.0694,0.1,1,0.1086,2.2513,2.2537,0.7,0,260.157,260.6214,95756.3266,1.2795,1005.6016,0.0226,0.0022,9e-4,102.3209,233.4111,7e-4,43.8372,131.0902,250.8259,1.9177,5.8564,39.1567,0.2185,0.8259,-40.4802,-0.0716,14.1015,0.0774,52.5358,-7.9725,18.0339,44.9068,68.4858,96.0523,143.9038,0.0605,1.0089,21.5388,1.0133,1.4129,1.0912,-0.2353,1.0912,0.031,1.0912,-0.035,1.1497,0.5666,0.9586,0.1266,87.3558
2026-01-27,05:00:00,27.208,0.1521,0,14.2853,0,6.2506,0,0.7254,0,0.1371,0,0.0055,2,0,0,0,18.5395,424.2962,424.7625,0.1,0,47.965,1.0977,1.0989,0.1,1,0.1099,2.275,2.2775,0,1,259.9721,260.417,95740.2062,1.2803,1005.616,0.0226,0.0089,9e-4,105.1249,229.5861,7e-4,45.7889,124.4612,251.1328,2.1224,6.9144,58.9251,0.3447,1.2375,-241.9323,-0.012,2.2854,0.0322,62.4321,-9.4743,21.4309,53.366,81.3866,114.1459,171.0113,0.1508,1.0086,14.4039,1.0133,5.7179,1.0932,0.6636,1.0932,0.1254,1.0932,-1e-4,1.1508,0.9194,1.351,0.2047,87.0101
2026-01-27,05:30:00,27.229,0.0359,2,10.3695,1,4.5668,1,0.803,1,0.1001,1,0.0017,1,-0,-0,-0,18.5565,424.42,424.8851,0.2,0,47.8654,1.0948,1.096,0.1,1,0.1101,2.2775,2.28,-0.7,0,259.8155,260.2698,95746.2465,1.2811,1005.6135,0.0226,0.0065,9e-4,104.8477,226.8673,7e-4,46.2154,122.0196,251.1028,2.0512,7.492,49.6351,0.1673,1.0866,-38.1196,-0.0761,2.2706,0.0481,31.9484,14,26,46,74,129,346,0.0355,1.0087,10.4571,1.0133,4.1803,1.0925,0.7351,1.0925,0.0917,1.0925,-0.0022,1.1504,1.1232,0.8569,0.1932,86.9567
2026-01-27,06:00:00,27.249,0.089,0,13.3174,0,3.0778,1,0.7028,1,0.0675,1,0.0064,2,0,0,0,18.5472,423.8971,424.3431,0.2,0,45.9892,1.0511,1.0522,0.1,1,0.111,2.2964,2.2988,0.3,0,259.6915,260.1432,95751.0546,1.2818,1005.5894,0.0226,0.0044,8e-4,100.6695,224.5516,7e-4,44.8314,123.8821,250.6416,2.8016,7.2572,33.7403,0.2635,1.0881,-115.9755,-0.025,4.3269,0.0392,49.2907,-7.4801,16.9199,42.133,64.2554,90.1192,135.0149,0.0883,1.008,13.2872,1.0138,2.7969,1.1004,0.6386,1.1004,0.0613,1.1004,0.0012,1.1556,0.8969,1.0631,0.2161,86.6966
2026-01-27,06:30:00,27.27,0.0249,2,6.6055,2,3.664,2,0.6207,2,0.0803,2,0.0024,2,-0,-0,-0,18.5357,423.5745,423.9978,0.1,0,43.6813,0.9982,0.9992,0.1,1,0.1112,2.2997,2.302,0,1,259.6744,260.1347,95748.7622,1.2818,1005.5612,0.0226,0.0052,8e-4,95.6018,224.398,6e-4,42.6037,128.7961,250.0587,2.5153,9.8111,28.0361,0.1395,1.4417,-34.6609,-0.0837,1.8028,0.0367,52.4409,23,43,75,119,205,539,0.0247,1.0082,6.695,1.0135,3.3393,1.0972,0.5657,1.0972,0.0732,1.0972,-2e-4,1.1534,1.256,1.3942,0.2331,86.621
2026-01-27,07:00:00,27.291,0.0555,1,10.6325,0,3.6607,0,0.4781,0,0.0803,0,0.0053,1,0,0,0,18.5553,423.9564,424.3789,0.1,0,43.5772,0.9957,0.9967,0.1,1,0.1104,2.2826,2.2849,0.1,0,259.5503,260.0173,95741.7383,1.2823,1005.5591,0.0226,0.0052,8e-4,95.3521,222.2695,6e-4,42.8993,126.9174,250.0292,1.7162,6.806,25.5382,0.2081,1.2194,-71.5489,-0.0405,2.9045,0.0396,46.7103,-7.0885,16.0341,39.9273,60.8916,85.4014,127.9468,0.055,1.0094,10.6721,1.0134,3.36,1.0895,0.4388,1.0895,0.0737,1.0895,0.0011,1.1488,1.3121,0.9726,0.1541,86.7552
2026-01-27,07:30:00,27.312,0.0731,1,10.514,1,3.5002,1,1.1432,1,0.0767,1,0.0349,2,-0,-0,-0,18.5627,424.0757,424.4922,0.2,0,42.9458,0.9811,0.9821,0.1,1,0.1122,2.3181,2.3204,-0.9,0,259.4765,259.9297,95712.187,1.2824,1005.5508,0.0226,0.005,8e-4,93.9305,220.6937,6e-4,42.5615,126.7632,249.8603,2.8685,7.6765,16.9363,0.2387,1.7397,-109.1719,-0.0266,3.0039,0.0342,39.1955,-5.9481,13.4546,33.5037,51.0953,71.6619,107.3626,0.0725,1.008,10.54,1.0139,3.1785,1.1012,1.0382,1.1012,0.0697,1.1012,0.0291,1.1561,1.0527,2.1122,0.3144,86.3936
2026-01-27,08:00:00,27.333,0.079,1,10.6533,1,1.1177,1,0.2858,1,0.0245,1,0.0047,2,-0,-0,-0,18.5815,424.4165,424.84,0.2,0,43.6397,0.9968,0.9978,0.1,1,0.1128,2.33,2.3324,0,1,259.4672,259.9323,95714.47,1.2824,1005.5592,0.0226,0.0016,8e-4,95.4304,220.7406,6e-4,43.2319,125.3102,250.0385,3.1585,7.5935,4.9677,0.2482,1.6162,-121.1812,-0.0239,9.5312,0.0333,40.4134,-6.1329,13.8726,34.5448,52.6829,73.8886,110.6985,0.0784,1.0079,10.5596,1.0143,1.0119,1.1046,0.2587,1.1046,0.0222,1.1046,6e-4,1.1585,1.0678,1.8495,0.315,86.1893
2026-01-27,08:30:00,27.354,0.0381,1,9.6317,1,2.1037,1,0.2263,1,0.0461,1,0.0133,2,0,0,0,18.5774,424.6284,425.0467,0.3,0,43.0537,0.9841,0.9851,0.1,1,0.1106,2.2867,2.2889,0,1,259.5792,260.0824,95699.0134,1.2814,1005.5533,0.0226,0.003,8e-4,94.2019,223.4466,6e-4,42.1586,129.2447,249.8928,2.4469,6.8283,17.8483,0.1724,1.214,-44.8502,-0.0647,4.5785,0.0434,38.917,17,32,57,92,160,436,0.0378,1.0082,9.6074,1.0135,1.9186,1.0965,0.2064,1.0965,0.0421,1.0965,0.0092,1.1529,1.0098,1.2001,0.2182,86.622
2026-01-27,09:00:00,27.374,0.0158,2,4.2628,2,3.3009,2,0.3339,2,0.0724,2,0.0185,2,0,0,0,18.5627,425.0101,425.4163,0.2,0,41.6965,0.9547,0.9556,0.1,1,0.1075,2.2259,2.228,0.9,0,259.8892,260.4581,95680.3282,1.2793,1005.5399,0.0226,0.0047,8e-4,91.3685,230.3518,6e-4,39.6648,138.9833,249.5501,2.2331,6.2696,26.8404,0.1111,1.3278,-27.1628,-0.1068,1.2914,0.0298,59.1464,26,48,83,131,222,565,0.0157,1.0084,4.3668,1.0134,3.0166,1.0943,0.3052,1.0943,0.0662,1.0943,0.0159,1.1515,0.9681,1.4286,0.2589,87.3685
2026-01-27,09:30:00,27.395,0.0395,2,13.1969,2,4.6575,2,0.0831,2,0.1023,2,0.0062,2,0,0,0,18.4799,424.7272,425.114,0.1,0,39.5948,0.91,0.9108,0.1,1,0.104,2.1637,2.1656,-0.9,0,260.565,261.5247,95669.078,1.274,1005.5231,0.0227,0.0066,7e-4,87.0835,251.0034,6e-4,34.6942,163.9199,249.0133,2.8236,8.8719,7.5153,0.1761,1.952,-34.9254,-0.083,2.8335,0.0585,45.2242,20,37,65,103,178,469,0.0392,1.008,13.244,1.0139,4.2315,1.1007,0.0755,1.1007,0.0929,1.1007,0.0013,1.1557,1.2007,2.3812,0.3222,88.2377
2026-01-27,10:00:00,27.416,0.0518,1,24.3754,1,6.4652,1,0.303,1,0.1421,1,-0.0017,1,0,0,0,18.3828,424.7547,425.1346,0.1,0,38.677,0.8937,0.8945,0.1,1,0.1025,2.1436,2.1456,-0.2,0,261.3011,262.6137,95682.8407,1.2689,1005.5223,0.0228,0.0092,7e-4,85.5319,273.777,6e-4,31.2415,188.245,248.813,2.3021,7.2517,11.8874,0.2021,1.423,-28.5818,-0.1015,3.7703,0.0945,42.4599,-6.4435,14.5751,36.2941,55.3508,77.6303,116.3043,0.0514,1.0084,24.3735,1.0134,5.9044,1.095,0.2767,1.095,0.1298,1.095,-0.0099,1.152,1.1198,1.5416,0.1846,88.3738
2026-01-27,10:30:00,27.437,0.0611,1,27.4189,1,9.0717,1,-0.8404,1,0.1996,1,5e-4,1,0,0,0,18.2356,423.7834,424.1471,0.1,1,36.9,0.8575,0.8583,0.7,0,0.1018,2.1446,2.1465,-0.5,0,262.1615,264.0867,95671.5099,1.2617,1005.5148,0.0229,0.0129,7e-4,82.0633,307.512,5e-4,26.6862,225.4488,248.3533,1.3156,7.6369,30.0836,0.22,1.4787,-32.7679,-0.0885,3.0225,0.0982,45.6577,-6.9287,15.6728,39.0275,59.5194,83.4768,125.0634,0.0604,1.0109,27.4938,1.014,8.3465,1.0869,-0.7732,1.0869,0.1837,1.0869,-0.0089,1.1479,1.1948,1.5801,0.1824,87.7141
2026-01-27,11:00:00,27.458,0.109,1,71.5437,1,13.1981,0,-0.72,2,0.2907,0,-0.0049,1,-0,-0,-0,18.0926,422.4408,422.7807,0.1,1,34.4285,0.8039,0.8045,0.7,0,0.1011,2.1377,2.1394,-0.3,0,263.6238,265.0392,95623.417,1.2565,1005.4944,0.023,0.0188,6e-4,76.8887,331.2521,5e-4,23.2115,254.3634,247.6341,2.3864,9.9136,46.2163,0.2945,1.7585,-30.0948,-0.0964,5.4207,0.1923,48.439,-7.3508,16.6275,41.4049,63.1451,88.5619,132.6818,0.1081,1.0083,71.2588,1.0134,12.0438,1.0958,-0.657,1.0958,0.2653,1.0958,-0.0283,1.1525,1.3895,1.8456,0.2818,87.1824
2026-01-27,11:30:00,27.479,0.2413,1,45.8604,0,20.6284,0,0.1432,2,0.455,0,-0.0014,0,-0,-0,-0,17.9832,422.4659,422.8341,0.1,0,37.0698,0.8709,0.8716,0.6,0,0.1005,2.1393,2.1412,-0.3,0,264.9334,266.4369,95564.2548,1.2492,1005.5433,0.0232,0.0295,7e-4,83.2447,369.0442,5e-4,22.5568,285.7995,248.5118,2.1067,13.7976,73.3163,0.4395,2.7554,-156.0136,-0.0186,2.2232,0.0831,56.3451,-8.5506,19.3415,48.163,73.4516,103.0168,154.338,0.2392,1.0086,46.2899,1.0133,18.8732,1.093,0.131,1.093,0.4163,1.093,-0.0174,1.1507,2.2542,2.8263,0.4301,87.0343
2026-01-27,12:00:00,27.499,0.2452,1,37.486,0,16.9039,0,0.2517,0,0.3733,0,0.0023,1,-0,-0,-0,17.9005,422.1217,422.5285,0.3,0,40.8235,0.9627,0.9636,0.4,0,0.1,2.1408,2.1429,-0.3,0,265.8496,267.6314,95516.4009,1.2429,1005.6045,0.0233,0.0242,7e-4,91.9767,404.333,6e-4,22.7478,312.3562,249.6244,1.714,7.5858,94.5854,0.4441,2.8335,-196.9304,-0.0147,2.2176,0.0675,56.0901,-8.5119,19.2539,47.945,73.1191,102.5506,153.6395,0.2429,1.0094,37.8442,1.0134,15.5153,1.0895,0.2311,1.0895,0.3426,1.0895,-0.011,1.1488,2.8544,2.3682,0.4443,87.6984
2026-01-27,12:30:00,27.52,0.336,1,42.3972,0,18.1549,0,1.5231,0,0.4011,0,0.0024,0,-0,-0,-0,17.7638,421.1233,421.5782,0.2,0,45.5097,1.0789,1.0801,0.4,0,0.0995,2.1374,2.1397,-0.2,0,266.7358,268.3504,95430.5426,1.2384,1005.6742,0.0234,0.026,8e-4,102.9869,426.9961,7e-4,24.1189,324.0092,250.8995,2.451,13.2518,90.6383,0.5209,3.7771,-280.7029,-0.0103,2.3353,0.0654,58.6423,-8.8992,20.13,50.1265,76.4461,107.2168,160.6303,0.3333,1.0082,42.7491,1.0135,16.5566,1.0965,1.389,1.0965,0.3658,1.0965,-0.0124,1.153,3.5799,3.4274,0.5468,87.6021
2026-01-27,13:00:00,27.541,0.4634,1,76.6264,0,24.2635,0,2.2401,0,0.5365,0,0.0012,0,-0,-0,-0,17.682,420.5132,420.9906,0.3,0,47.6865,1.1341,1.1354,0.4,0,0.099,2.1336,2.136,-0.2,0,267.5997,269.178,95368.6975,1.2338,1005.713,0.0235,0.0348,9e-4,108.1846,454.4705,7e-4,23.8045,346.2859,251.4594,2.2372,10.5241,87.4628,0.6129,5.0493,-252.8778,-0.0115,3.1581,0.1008,55.8317,-8.4727,19.1652,47.7241,72.7823,102.0782,152.9317,0.4595,1.0084,76.8565,1.0134,22.1727,1.0943,2.0471,1.0943,0.4903,1.0943,-0.0249,1.1515,5.1323,4.1105,0.8559,87.9305
2026-01-27,13:30:00,27.562,0.3333,0,57.7922,0,28.3027,0,1.2388,0,0.6263,0,-9e-4,1,0,0,0,17.6152,420.5961,421.0778,0.2,0,47.91,1.1439,1.1453,0.4,0,0.0985,2.1305,2.1329,-0.2,0,268.3934,269.9005,95308.9082,1.2297,1005.7267,0.0235,0.0406,9e-4,109.0571,479.7268,7e-4,22.7332,370.6698,251.551,2.6897,11.2305,79.9714,0.5206,3.6839,-205.4493,-0.0141,2.0419,0.0898,57.8486,-8.7787,19.8575,49.4481,75.4115,105.7657,158.4562,0.3307,1.008,58.4449,1.0137,25.7495,1.0992,1.127,1.0992,0.5698,1.0992,-0.021,1.1547,2.7131,4.0895,0.5652,88.7981
2026-01-27,14:00:00,27.583,0.1802,1,49.1354,1,23.5153,1,0.6506,1,0.5208,1,0.0055,1,0,0,0,17.5516,420.8523,421.3338,0.2,0,47.6631,1.1429,1.1442,0.5,0,0.0979,2.128,2.1304,-0.3,0,269.052,270.901,95272.9602,1.2247,1005.7383,0.0236,0.0338,9e-4,108.9137,516.764,7e-4,21.0761,407.8503,251.536,1.9784,8.256,99.2257,0.3836,2.7956,-96.6623,-0.03,2.0895,0.104,46.0921,-6.9946,15.8219,39.3988,60.0857,84.271,126.2533,0.1787,1.0088,49.695,1.0133,21.5385,1.0918,0.5959,1.0918,0.4771,1.0918,-0.0119,1.15,2.8555,2.1941,0.5416,88.9674
2026-01-27,14:30:00,27.604,0.2779,0,43.5408,0,25.1589,0,0.5885,1,0.5578,0,8e-4,0,0,0,0,17.472,420.6775,421.1811,0.1,1,49.6538,1.1955,1.197,0.6,0,0.0975,2.1281,2.1307,-0.2,0,269.6806,271.9008,95198.3938,1.2192,1005.7793,0.0237,0.0361,9e-4,113.8431,556.2838,7e-4,20.4649,442.4407,252.0422,1.0239,6.8238,85.0871,0.4774,2.2246,-210.127,-0.0138,1.7306,0.0744,62.9915,-9.5592,21.623,53.8442,82.1158,115.1686,172.5436,0.2744,1.0128,44.1947,1.015,23.1665,1.086,0.5419,1.086,0.5136,1.086,-0.0147,1.1484,2.4687,1.5964,0.3841,88.7521
2026-01-27,15:00:00,27.624,0.3065,0,21.0621,0,21.843,0,0.8244,0,0.4845,0,0.0016,0,0,0,0,17.4163,420.9166,421.4523,0.1,1,52.5945,1.2711,1.2727,0.5,0,0.097,2.1244,2.1271,-0.2,0,270.3979,272.4771,95125.2068,1.2157,1005.8273,0.0238,0.0314,0.001,120.9464,580.2639,8e-4,20.8433,459.3176,252.7381,1.2842,7.4872,86.7641,0.5021,2.2447,-505.1004,-0.0057,0.9643,0.0343,65.5161,-9.9423,22.4895,56.0021,85.4068,119.7842,179.4586,0.3032,1.0111,21.8937,1.014,20.0996,1.0867,0.7586,1.0867,0.4459,1.0867,-0.0066,1.1479,2.33,1.7743,0.3852,88.3679
2026-01-27,15:30:00,27.645,0.2524,1,23.554,0,13.6674,0,0.0766,2,0.3032,0,0.0035,0,0,0,0,17.43,421.2188,421.7886,0.1,1,55.9014,1.3509,1.3528,0.3,0,0.097,2.1247,2.1276,-0.2,0,270.8194,272.4836,95119.4328,1.2155,1005.8701,0.0238,0.0196,0.001,128.534,580.5372,8e-4,22.1405,452.0032,253.4422,1.8415,7.6224,91.2429,0.4557,2.5997,-337.5243,-0.0086,1.7234,0.0423,55.6356,-8.4429,19.0979,47.5564,72.5266,101.7196,152.3944,0.2501,1.0091,23.9507,1.0133,12.5325,1.0906,0.0703,1.0906,0.278,1.0906,-0.0051,1.1494,2.4761,2.2459,0.4773,88.1761
2026-01-27,16:00:00,27.666,0.3117,1,8.6287,1,11.4874,1,-0.7329,1,0.2548,1,-0.0036,1,0,0,0,17.4834,421.8941,422.5069,0.1,1,60.1094,1.4505,1.4526,0.3,0,0.0971,2.1249,2.128,-0.2,0,271.0654,272.2904,95134.1011,1.2165,1005.9208,0.0238,0.0165,0.0011,138.0293,572.3984,9e-4,24.1142,434.3691,254.2726,1.2583,7.3739,80.7989,0.5062,2.7248,-1262.8778,-0.0023,0.7511,0.0139,66.3142,-10.0634,22.7635,56.6843,86.4472,121.2434,181.6448,0.3082,1.0112,9.1003,1.0141,10.5716,1.0866,-0.6745,1.0866,0.2345,1.0866,-0.0069,1.1479,2.8751,2.1948,0.3797,88.0874
2026-01-27,16:30:00,27.687,0.2047,1,3.6864,0,27.9671,0,0.5536,2,0.62,0,0.0077,2,0,0,0,17.5551,421.7787,422.4347,0,0,64.6345,1.5529,1.5553,0.3,0,0.0974,2.1268,2.1301,0.7,0,271.2037,271.9037,95132.2522,1.2182,1005.9706,0.0238,0.0402,0.0012,147.7717,556.4044,0.001,26.5583,408.6328,255.0732,2.1071,9.3121,86.2371,0.4099,2.4858,-1570.2089,-0.0018,0.1318,0.0073,53.272,-8.0842,18.2866,45.5361,69.4455,97.3983,145.9204,0.203,1.0086,5.0628,1.0133,25.5875,1.093,0.5065,1.093,0.5673,1.093,0.0043,1.1507,2.8727,1.6683,0.4306,86.7344
2026-01-27,17:00:00,27.708,0.2409,0,-6.7721,1,10.5492,0,-0.138,2,0.2339,0,0.001,1,0,0,0,17.5789,421.9177,422.6141,0.1,1,68.6539,1.6478,1.6505,0.3,0,0.0974,2.1284,2.1319,-0.5,0,271.3617,271.942,95106.7867,1.2176,1006.0219,0.0238,0.0152,0.0012,156.758,557.9682,0.001,28.0944,401.2102,255.7708,1.7742,7.8303,90.4133,0.4448,1.5318,1091.7982,0.0027,-0.642,-0.0124,66.4937,-10.0907,22.8251,56.8378,86.6812,121.5716,182.1365,0.2392,1.0069,-6.1592,1.0123,9.5998,1.0989,-0.1256,1.0989,0.2128,1.0989,0.0023,1.1702,1.482,1.2904,0.2912,86.4748
2026-01-27,17:30:00,27.729,0.1313,0,-3.4559,1,5.7798,0,-0.6597,1,0.1281,0,-0.0034,2,0,0,0,17.6102,422.2408,422.9736,0.1,1,72.2592,1.7326,1.7356,0.6,0,0.0976,2.1303,2.134,0,1,271.2701,271.7862,95128.8949,1.2186,1006.0653,0.0238,0.0083,0.0013,164.861,551.6216,0.0011,29.8866,386.7606,256.3698,1.138,6.0337,103.4914,0.3283,1.1451,860.4013,0.0034,-0.5979,-0.0086,59.6629,-9.0541,20.4803,50.9989,77.7766,109.0827,163.4258,0.1303,1.008,-3.1216,1.0124,5.2855,1.0935,-0.6033,1.0935,0.1172,1.0935,-0.0025,1.1675,0.9186,1.1635,0.208,86.2594
2026-01-27,18:00:00,27.749,0.1243,0,-11.9543,1,9.7543,0,-0.5152,0,0.2162,0,9e-4,1,-0,-0,-0,17.6309,422.1764,422.9488,0.1,1,76.2709,1.8263,1.8297,0.4,0,0.0979,2.1345,2.1384,-0.5,0,270.9983,271.4584,95146.6964,1.2202,1006.1114,0.0237,0.014,0.0014,173.8151,538.4762,0.0011,32.2791,364.6611,257.0019,1.4692,7.1697,81.2619,0.3192,1.2685,228.5868,0.0127,-1.2255,-0.0305,61.956,-9.4021,21.2675,52.9591,80.7659,113.2753,169.7071,0.1234,1.0074,-11.319,1.0127,8.8665,1.1001,-0.4683,1.1001,0.1965,1.1001,0.0039,1.1757,0.9717,1.3864,0.1789,86.0098
2026-01-27,18:30:00,27.77,0.0362,1,-10.0228,1,9.0708,1,-0.2498,1,0.2009,1,-0.003,2,0,0,0,17.6832,422.6169,423.432,0.1,1,80.5478,1.925,1.9288,0.7,0,0.0983,2.1394,2.1435,0,1,270.644,271.0929,95191.5598,1.2224,1006.1598,0.0237,0.013,0.0015,183.297,524.1512,0.0012,34.9703,340.8542,257.6402,1.4479,5.9515,78.2371,0.172,0.9064,42.6964,0.0679,-1.105,-0.0474,16.0345,7,15,29,54,115,466,0.0359,1.0083,-9.4298,1.0152,8.0842,1.122,-0.2226,1.122,0.1791,1.122,-2e-4,1.2139,0.9706,0.6958,0.1465,85.5836
2026-01-27,19:00:00,27.791,0.1131,1,-24.0836,0,10.7304,0,0.2369,0,0.2377,0,6e-4,0,0,0,0,17.6968,422.4543,423.3014,-0.1,0,83.832,2.0012,2.0052,0.1,1,0.0985,2.1402,2.1444,-0.2,0,270.4037,270.8488,95223.6591,1.2239,1006.1976,0.0236,0.0154,0.0015,190.6145,514.7709,0.0012,37.029,324.1564,258.113,1.8996,6.5867000000000004,83.7591,0.304,1.1824,98.0588,0.0296,-2.2444,-0.0643,60.3792,-9.1628,20.7262,51.6112,78.7104,110.3925,165.388,0.1123,1.0073,-23.2373,1.0138,9.6463,1.1124,0.213,1.1124,0.2136,1.1124,0.0073,1.1914,1.2364,0.9553,0.1731,85.4536
2026-01-27,19:30:00,27.812,0.107,1,-20.6388,0,10.7073,0,0.883,0,0.2371,0,9e-4,1,0,0,0,17.697,422.2261,423.0921,0.1,1,85.7926,2.0469,2.0511,0.6,0,0.0988,2.1466,2.151,-0.3,0,270.3813,270.8134,95237.2115,1.2242,1006.2217,0.0236,0.0154,0.0016,194.9926,513.4235,0.0013,37.9789,318.4309,258.3882,1.7691,7.8665,71.7964,0.2957,1.7955,105.3324,0.0275,-1.9276,-0.0567,48.4802,-7.3571,16.6417,41.4402,63.1989,88.6373,132.7948,0.1062,1.0073,-19.8419,1.0135,9.6477,1.1098,0.7956,1.1098,0.2137,1.1098,0.0065,1.1887,1.747,1.5604,0.2835,85.2106
2026-01-27,20:00:00,27.833,0.1633,1,-11.0389,0,6.8596,0,0.399,0,0.1519,0,-0.0018,1,0,0,0,17.6832,421.9181,422.791,0.1,1,86.5318,2.0646,2.0689,0.6,0,0.0991,2.1534,2.1578,-0.3,0,270.4375,270.8683,95271.0774,1.2244,1006.2319,0.0236,0.0098,0.0016,196.7529,515.5129,0.0013,38.1664,318.76,258.4973,1.7019,7.5944,81.4807,0.3652,2.0224,371.1582,0.0078,-1.6093,-0.0245,58.7693,-8.9185,20.1736,50.2351,76.6117,107.449,160.9782,0.1621,1.0071,-10.5643,1.0125,6.2334,1.1005,0.3625,1.1005,0.1381,1.1005,0.0014,1.1737,1.6889,2.0886,0.2673,85.0507
2026-01-27,20:30:00,27.854,0.1498,1,-16.0849,1,8.9726,1,1.3054,1,0.1987,1,0.0013,1,0,0,0,17.6581,421.4889,422.3581,0.1,1,86.2114,2.0578,2.0621,0.1,1,0.0989,2.1519,2.1563,-0.3,0,270.5099,270.9486,95280.7521,1.2242,1006.2293,0.0236,0.0129,0.0016,196.1226,518.586,0.0013,37.8187,322.4635,258.4584,0.9714,9.9101,32.5394,0.3498,2.9425,223.8501,0.013,-1.7927,-0.0373,48.2922,-7.3285,16.5771,41.2794,62.9537,88.2935,132.2798,0.1485,1.0086,-15.4349,1.013,8.1831,1.0965,1.1905,1.0965,0.1813,1.0965,0.0057,1.1742,2.1347,3.3496,0.4007,85.0332
2026-01-27,21:00:00,27.874,0.3397,1,-24.4173,0,13.1583,0,1.1262,1,0.2915,0,0.0027,0,0,0,0,17.6244,420.6023,421.4216,0.1,1,81.4644,1.9441,1.9479,0.1,1,0.0987,2.1457,2.1499,-0.2,0,270.4756,270.9278,95290.3992,1.2244,1006.1679,0.0236,0.0189,0.0015,185.3068,517.787,0.0012,35.7882,332.4802,257.7718,0.709,11.0569,342.4246,0.5267,4.1073,503.5953,0.0058,-1.8557,-0.0376,56.8244,-8.6233,19.506,48.5726,74.0763,103.8931,155.6508,0.3363,1.0101,-23.442,1.0134,12.0414,1.0928,1.0306,1.0928,0.2667,1.0928,0.0094,1.1693,3.7,3.9095,0.605,85.352
2026-01-27,21:30:00,27.895,0.1206,2,-15.9281,1,3.3943,2,0.2761,1,0.0752,2,-0.0023,1,0,0,0,17.6371,420.3144,421.0943,0.1,0,77.717,1.8521,1.8555,0.6,0,0.0988,2.1444,2.1484,-0.2,0,270.115,270.578,95328.3966,1.2265,1006.1142,0.0236,0.0049,0.0014,176.6043,504.5386,0.0012,35.0031,327.9343,257.1928,0.8527,8.2001,359.5218,0.3136,3.7725,162.9902,0.0178,-4.6926,-0.0412,41.7704,-6.3388,14.3384,35.7047,54.452,76.3697,114.4157,0.1195,1.0092,-15.5544,1.0135,3.0915,1.098,0.2515,1.098,0.0685,1.098,0.0026,1.1779,3.4949,3.5871,0.4629,85.2454
2026-01-27,22:00:00,27.916,0.1397,2,-8.6584,2,13.93,1,-0.5256,1,0.3083,1,-0.006,2,0,0,0,17.6968,420.8813,421.6576,0.1,1,77.4081,1.841,1.8444,0.8,0,0.0992,2.1476,2.1516,0.8,0,269.5675,270.0331,95362.2378,1.2295,1006.1016,0.0235,0.02,0.0014,175.6081,484.4973,0.0011,36.2454,308.8891,257.1249,1.3209,11.8449,26.5243,0.3371,4.7995,372.3794,0.0078,-0.6216,-0.0208,41.383,-6.28,14.2054,35.3736,53.9469,75.6613,113.3545,0.1386,1.0076,-7.8559,1.0124,12.7026,1.0966,-0.4793,1.0966,0.2811,1.0966,-0.0037,1.1712,4.8977,4.154,0.5474,85.3538
2026-01-27,22:30:00,27.937,0.1732,1,-16.2821,1,8.4955,0,0.1885,1,0.1879,0,-0.0016,1,0,0,0,17.7594,421.3846,422.1486,0.1,0,76.2725,1.8097,1.813,0.1,1,0.0993,2.1456,2.1495,-0.2,0,269.0315,269.4923,95389.1102,1.2323,1006.0785,0.0235,0.0122,0.0014,172.6764,465.3093,0.0011,37.11,292.6329,256.9231,0.5477,7.7441,350.9831,0.3749,3.0781,272.4199,0.0106,-1.9166,-0.035,51.093,-7.7536,17.5386,43.6735,66.6049,93.4143,139.9516,0.1712,1.0118,-15.6329,1.0144,7.7596,1.0948,0.1722,1.0948,0.1716,1.0948,0.0031,1.1736,2.0787,3.6779,0.3997,85.5226
2026-01-27,23:00:00,27.958,0.0644,1,-11.2223,1,10.0371,1,0.3038,1,0.2219,1,-0.001,1,0,0,0,17.8061,421.6907,422.4395,0.1,1,74.8439,1.7725,1.7756,0.1,1,0.0995,2.1439,2.1477,0.3,0,268.5995,269.0589,95407.7389,1.2345,1006.0535,0.0234,0.0144,0.0014,169.154,450.421,0.0011,37.5546,281.267,256.6766,0.492,6.9708,325.887,0.2284,2.0201,89.4034,0.0324,-1.1181,-0.0396,36.4884,-5.5373,12.5253,31.1897,47.5663,66.7124,99.9474,0.0636,1.0124,-10.5558,1.0156,9.0991,1.1031,0.2754,1.1031,0.2012,1.1031,0.0019,1.189,1.5641,2.1318,0.3443,85.6182
2026-01-27,23:30:00,27.979,0.2462,0,-1.1217,2,0.1887,2,-0.2179,2,0.0042,2,-0.0043,2,-0,-0,-0,17.859,422.4344,423.2252,0.1,1,78.9965,1.8686,1.8721,0.1,1,0.0997,2.1465,2.1505,0,1,268.2395,268.7054,95415.4862,1.2362,1006.1011,0.0234,3e-4,0.0014,178.3387,438.5937,0.0012,40.6615,260.2551,257.3102,1.1205,9.5672,3.9916,0.4463,2.2528,6673.9446,4e-4,-5.9454,-0.002,67.0782,-10.1794,23.0258,57.3375,87.4432,122.6404,183.7376,0.2443,1.008,-1.0993,1.0122,0.1727,1.0923,-0.1995,1.0923,0.0038,1.0923,-0.0037,1.1654,1.6297,2.5891,0.2869,85.7004
2026-01-28,00:00:00,28,0.0248,2,-13.1876,2,4.4094,2,0.3988,2,0.0974,2,-2e-4,2,0,0,0,17.9027,422.8485,423.6419,-0.1,0,79.2951,1.8729,1.8764,0.1,1,0.0999,2.1477,2.1518,-0.6,0,267.9175,268.3811,95433.4547,1.2379,1006.0998,0.0234,0.0063,0.0014,178.7844,427.9872,0.0012,41.7733,249.2027,257.3402,0.6078,8.7212,55.874,0.1416,1.7441,18.1233,0.16,-2.9908,-0.0748,4.9345,2,5,9,17,37,156,0.0245,1.0121,-12.7211,1.0204,3.8387,1.1487,0.3472,1.1487,0.0848,1.1487,0.0034,1.2722,1.8551,1.4078,0.2253,85.7907
2026-01-28,00:30:00,28.02,0.1365,0,-15.2147,1,5.0518,0,0.7738,1,0.1116,0,-0.002,2,-0,-0,-0,17.9493,423.3055,424.0657,0,0,76.0203,1.7928,1.796,0.1,1,0.1,2.1449,2.1487,0.7,0,267.5116,267.9687,95454.5934,1.2402,1006.0524,0.0233,0.0072,0.0014,171.1787,414.8272,0.0011,41.265,243.6486,256.8188,0.9064,8.46,91.0674,0.3318,1.1633,202.1843,0.0143,-3.0118,-0.0368,69.6953,-10.5765,23.9241,59.5745,90.8548,127.4252,190.9062,0.1353,1.0089,-14.7732,1.0132,4.6061,1.0968,0.7055,1.0968,0.1017,1.0968,0.0026,1.1753,0.9604,1.2223,0.1441,87.4901
2026-01-28,01:00:00,28.041,0.1518,1,-7.3523,1,5.7425,0,0.7106,1,0.1268,0,-0.0054,0,0,0,0,17.9711,423.3527,424.0899,0.1,1,73.7978,1.7385,1.7415,0.1,1,0.1002,2.1473,2.151,-0.2,0,267.2388,267.7028,95470.5487,1.2416,1006.0204,0.0233,0.0082,0.0013,166.0191,406.5371,0.0011,40.8374,240.518,256.4532,0.9807,7.6938,342.4061,0.3497,2.3942,489.9927,0.0059,-1.2803,-0.0168,60.2426,-9.142,20.6793,51.4945,78.5323,110.1427,165.0138,0.1505,1.0085,-6.9776,1.0127,5.2507,1.0937,0.6497,1.0937,0.1159,1.0937,-0.0031,1.1691,1.9227,2.6354,0.2304,87.4614
2026-01-28,01:30:00,28.062,0.2801,0,-10.9121,1,3.0862,0,0.3277,0,0.0681,0,0.0043,2,0,0,0,18.0032,423.5603,424.2984,0.1,1,73.9359,1.7395,1.7425,0.1,1,0.1007,2.1532,2.1569,0,1,266.9349,267.4057,95481.8407,1.2431,1006.0178,0.0233,0.0044,0.0013,166.1336,397.4441,0.0011,41.8005,231.3104,256.4615,0.6854,7.5367,2.1462,0.4747,1.4641,825.743,0.0035,-3.5358,-0.0184,76.9897,-11.6835,26.4281,65.8097,100.3639,140.7618,210.8868,0.2772,1.0103,-10.6197,1.0134,2.8265,1.0919,0.3001,1.0919,0.0624,1.0919,0.0073,1.1678,1.1474,1.5509,0.2299,85.972
2026-01-28,02:00:00,28.083,0.0479,0,-7.4974,0,1.7102,0,0.2815,0,0.0377,0,-0.0012,1,-0,-0,-0,18.0361,423.9137,424.6588,0,0,74.6521,1.7546,1.7577,0.1,1,0.101,2.157,2.1607,-0.4,0,266.61130000000003,267.1185,95525.1353,1.245,1006.0229,0.0232,0.0024,0.0014,167.6527,388.829,0.0011,43.1173,221.1763,256.5701,1.0349,4.1954,141.1324,0.1961,0.3438,84.7632,0.0342,-4.384,-0.0305,8.0248,4,7,14,25,51,190,0.0475,1.0086,-7.3144,1.0139,1.5469,1.1055,0.2546,1.1055,0.0341,1.1055,0.0012,1.1898,0.3445,0.2962,0.0468,85.9933
2026-01-28,02:30:00,28.104,0.1864,1,5.2357,1,1.6468,1,0.1909,2,0.0363,1,0.0029,2,-0,-0,-0,18.0616,424.6674,425.3918,0,0,72.4315,1.703,1.7059,0.1,1,0.1013,2.1642,2.1679,0,1,266.6147,267.1137,95553.1262,1.2455,1005.9952,0.0232,0.0024,0.0013,162.7724,388.6861,0.0011,41.8776,225.9137,256.2179,0.6652,7.1165,87.4509,0.3869,0.98,-932.4371,-0.0031,3.1793,0.0108,84.9936,-12.8981,29.1756,72.6512,110.7977,155.3954,232.8106,0.1832,1.0175,5.229,1.0179,1.5144,1.0874,0.1756,1.0874,0.0334,1.0874,9e-4,1.1516,0.5284,1.3123,0.1193,85.9755
2026-01-28,03:00:00,28.124,0.047,1,-2.5756,2,8.2555,1,0.2241,1,0.1822,1,8e-4,2,0,0,0,18.1119,425.5759,426.2678,0.1,0,69.0752,1.6231,1.6257,0.1,1,0.1016,2.169,2.1725,0,1,266.5142,266.9918,95540.9441,1.2459,1005.9511,0.0232,0.0118,0.0013,155.1107,385.0819,0.001,40.2799,229.9712,255.6456,1.6095,5.4563,10.1874,0.1942,1.4954,239.7217,0.0121,-0.312,-0.0106,16.9344,7,15,29,51,101,356,0.0467,1.0072,-2.1368,1.0126,7.5005,1.1007,0.2036,1.1007,0.1655,1.1007,0.001,1.175,1.0988,1.6505,0.2415,86.1155
2026-01-28,03:30:00,28.145,0.0103,2,-1.6336,2,5.7645,2,0.0754,2,0.1272,2,-0.0011,2,0,0,0,18.1316,425.5423,426.2417,-0.1,0,69.916,1.6409,1.6436,0.1,1,0.1018,2.1712,2.1747,0.1,0,266.3752,266.8449,95523.5835,1.2463,1005.9592,0.0232,0.0082,0.0013,156.7868,380.7773,0.001,41.1754,223.9906,255.7729,1.3457,6.0136,333.0443,0.0907,1.3126,38.4814,0.0754,-0.2834,-0.0144,35.3354,15,32,66,124,267,1128,0.0102,1.0083,-1.3303,1.0151,5.1478,1.1198,0.0673,1.1198,0.1136,1.1198,-8e-4,1.2114,1.0692,1.4104,0.1456,86.148
2026-01-28,04:00:00,28.166,0.2003,1,-13.4375,1,5.166,0,-0.088,2,0.114,0,8e-4,1,-0,-0,-0,18.1197,425.3301,426.0167,0.1,1,68.6595,1.6117,1.6143,0.1,1,0.1019,2.1741,2.1776,0,1,266.3644,266.8448,95490.0139,1.2459,1005.9435,0.0232,0.0074,0.0013,153.9394,380.7748,0.001,40.4279,226.8354,255.5559,0.81,8.6277,342.2918,0.4009,2.1391,404.1375,0.0072,-2.6011,-0.0267,70.2293,-10.6576,24.1075,60.031,91.551,128.4016,192.369,0.1984,1.0094,-13.0135,1.0131,4.7242,1.0935,-0.0804,1.0935,0.1042,1.0935,0.0047,1.1701,2.5389,1.5328,0.2064,85.9298
2026-01-28,04:30:00,28.187,0.0917,1,-24.7378,1,12.2754,1,1.6713,1,0.2708,1,-0.0019,1,-0,-0,-0,18.1453,425.8457,426.5592,0.2,0,71.2771,1.6728,1.6756,0.1,1,0.102,2.1738,2.1775,0.9,0,266.0263,266.5312,95500.657,1.2475,1005.9732,0.0232,0.0175,0.0013,159.7944,371.727,0.001,42.987,211.9325,255.9984,0.5829,4.2113,139.3062,0.2711,0.4391,67.8436,0.0427,-2.0152,-0.0727,88.9134,-13.4929,30.5211,76.0018,115.9075,162.562,243.5474,0.0906,1.0112,-23.7709,1.0155,11.0897,1.1069,1.5099,1.1069,0.2446,1.1069,0.0053,1.1958,0.4895,0.3364,0.0523,85.8665
2026-01-28,05:00:00,28.208,0.0413,1,-7.3987,0,1.1209,2,1.0924,0,0.0247,2,-0.0033,1,0,0,0,18.2009,426.823,427.5919,0.2,0,76.685,1.7983,1.8016,0.1,1,0.1021,2.1717,2.1756,-0.1,0,265.6631,266.1557,95524.8158,1.2495,1006.0368,0.0232,0.0016,0.0014,171.8298,361.1462,0.0011,47.579,189.3164,256.8643,1.3075,3.9901,353.4377,0.1817,0.5695,68.3337,0.0424,-6.6006,-0.0324,12.9818,6,12,23,42,86,329,0.0409,1.0081,-7.2451,1.0141,1.0087,1.1112,0.983,1.1112,0.0222,1.1112,-7e-4,1.1969,0.7145,0.3777,0.0467,85.7726
2026-01-28,05:30:00,28.229,0.0151,2,-16.3806,1,4.7104,1,1.2623,1,0.1039,1,-0.004,2,-0,-0,-0,18.2237,426.65,427.4111,0.1,1,76.066,1.7808,1.784,0.1,1,0.1022,2.1731,2.177,0.9,0,265.5881,266.0641,95548.1393,1.2503,1006.0266,0.0232,0.0067,0.0014,170.2019,358.606,0.0011,47.4621,188.4041,256.7504,0.5829,3.5828,28.2969,0.1099,0.4269,6.8216,0.4251,-3.4776,-0.1186,6.7778,3,6,13,25,55,246,0.0148,1.0166,-15.6832,1.0314,3.825,1.2315,1.025,1.2315,0.0843,1.2315,0.001,1.4239,0.5507,0.2578,0.0453,85.6157
2026-01-28,06:00:00,28.249,0.074,1,8.7336,1,-9.7633,2,-2.7484,1,-0.2152,2,0.0094,2,0,0,0,18.2553,427.7623,428.5919,0.1,1,82.6113,1.9358,1.9395,0.1,1,0.1023,2.1722,2.1765,0,1,265.3202,265.8663,95583.8232,1.2516,1006.1079,0.0231,-0.0139,0.0015,185.0778,353.1743,0.0012,52.4041,168.0965,257.7568,0.3346,1.6196,328.4284,0.2431,0.2133,-138.7712,-0.0209,-0.8945,0.0285,107.3794,-16.2952,36.8599,91.7863,139.9799,196.3238,294.1289,0.0718,1.0299,8.036,1.0259,-8.9078,1.096,-2.5075,1.096,-0.1964,1.096,0.0066,1.163,0.2881,0.1122,0.0263,85.2915
2026-01-28,06:30:00,28.27,0.018,0,0.5708,1,1.2785,1,0.5803,0,0.0282,1,-0.0037,0,0,0,0,18.3197,428.6701,429.5002,0.2,0,82.6005,1.9328,1.9366,0.1,1,0.1022,2.1689,2.1731,-0.1,0,265.2203,265.6716,95598.9857,1.2527,1006.1044,0.0231,0.0018,0.0015,184.8241,347.9001,0.0012,53.1256,163.076,257.7403,0.6793,2.2299,2.025,0.1198,0.2286,-253.9649,-0.0114,0.4465,0.0038,10.0519,4,9,16,28,52,168,0.0177,1.0172,0.6249,1.0177,1.1759,1.0872,0.5338,1.0872,0.0259,1.0872,-0.0037,1.1513,0.204,0.2339,0.0192,85.4086
2026-01-28,07:00:00,28.291,0.0023,2,1.8313,1,2.4095,1,0.7167,1,0.0531,1,-0.0028,1,0,0,0,18.376,429.1827,430.0321,0.1,0,84.5685,1.9752,1.9791,0.1,1,0.1024,2.1677,2.172,-0.1,0,264.7076,265.1485,95626.4216,1.2555,1006.1224,0.0231,0.0034,0.0015,188.9276,334.0784,0.0012,56.5519,145.1507,258.0055,0.9926,2.2419,341.0531,0.0429,0.2648,-3.6451,-0.7956,0.7601,0.0338,45.3493,20,35,58,86,136,298,0.0023,1.0131,1.9248,1.0152,2.2187,1.086,0.6599,1.086,0.0489,1.086,-0.0034,1.1485,0.2161,0.3026,0.0109,85.5945
2026-01-28,07:30:00,28.312,0.0247,1,-4.0957,1,3.8654,1,1.4805,1,0.0852,1,-0.0095,1,0,0,0,18.3562,428.7785,429.6221,0.2,0,84.0664,1.9637,1.9676,0.1,1,0.1024,2.1715,2.1758,-0.1,0,264.9784,265.4494,95652.1173,1.2544,1006.119,0.0231,0.0055,0.0015,187.8817,341.9674,0.0012,54.9414,154.0857,257.9384,0.674,3.3799,4.4491,0.1402,0.2179,56.7582,0.0511,-1.0596,-0.0231,6.6705,3,6,12,21,44,169,0.0244,1.0104,-3.8479,1.0154,3.4835,1.1096,1.3342,1.1096,0.0768,1.1096,-0.0076,1.2003,0.0999,0.3134,0.0224,85.0269
2026-01-28,08:00:00,28.333,0.0104,1,-20.3911,1,9.5963,1,4.1005,1,0.2115,1,-0.0101,1,-0,-0,-0,18.2972,427.7743,428.5971,0.2,0,82.1113,1.9197,1.9234,0.1,1,0.1025,2.1754,2.1796,-0.3,0,265.3022,265.7857,95669.0574,1.2531,1006.0985,0.0231,0.0137,0.0015,183.7047,350.9834,0.0012,52.34,167.2787,257.667,1.1637,3.6488,18.101,0.0912,0.247,3.1406,0.9234,-2.1249,-0.1773,35.2161,15,34,73,143,333,1677,0.0102,1.0242,-19.0774,1.0488,6.9544,1.3799,2.9717,1.3799,0.1533,1.3799,-0.0025,1.674,0.1845,0.2655,0.044,85.3149
2026-01-28,08:30:00,28.354,0.0316,1,4.8389,1,2.2396,1,0.1914,1,0.0494,1,-0.0016,1,-0,-0,-0,18.1808,425.6615,426.425,0.1,0,76.4826,1.7907,1.7939,0.1,1,0.1025,2.1827,2.1866,0,0,265.8981,266.4439,95680.6057,1.2502,1006.0355,0.0232,0.0032,0.0014,171.3782,369.2431,0.0011,46.4134,197.8649,256.8328,1.3519,4.8323,356.6763,0.1589,0.8852,-69.9758,-0.0414,2.1607,0.0242,19.2181,8,16,29,48,87,250,0.0312,1.0107,4.8872,1.0139,2.0602,1.0871,0.176,1.0871,0.0454,1.0871,-0.0032,1.1479,0.6177,1.0416,0.1111,85.3562
2026-01-28,09:00:00,28.374,0.0527,0,4.1509,0,5.1326,1,0.5779,0,0.1132,1,-0.0013,0,0,0,0,18.1655,426.0193,426.784,0.1,0,76.4033,1.7918,1.795,0.1,1,0.1024,2.1831,2.187,-0.1,0,265.9675,266.6791,95687.297,1.2492,1006.0385,0.0232,0.0073,0.0014,171.5003,375.9707,0.0011,45.6153,204.4704,256.8413,1.115,5.9137,349.9878,0.2054,0.4764,-176.1762,-0.0165,0.8087,0.0161,66.4124,-10.0783,22.7972,56.7684,86.5753,121.4231,181.9139,0.0521,1.0121,4.3501,1.0146,4.7255,1.0861,0.532,1.0861,0.1042,1.0861,-0.003,1.1481,0.3428,0.5477,0.0623,85.0474
2026-01-28,09:30:00,28.395,0.0936,1,24.1797,1,14.6819,1,2.2055,1,0.3243,1,0.0209,2,0,0,0,18.1255,426.5033,427.2716,0,0,76.4127,1.798,1.8013,0.1,1,0.1025,2.1983,2.2023,0,1,266.3639,267.9982,95672.7749,1.2429,1006.0555,0.0233,0.021,0.0014,172.0693,415.756,0.0011,41.3871,243.6867,256.8809,0.6726,4.1734,333.9058,0.2744,0.6715,-72.0637,-0.0402,1.6469,0.0705,77.5637,-11.7706,26.6251,66.3003,101.1121,141.8111,212.4589,0.092,1.0173,24.5061,1.0178,13.503,1.0873,2.0284,1.0873,0.2983,1.0873,0.0108,1.1514,0.7409,0.5267,0.0754,84.7435
2026-01-28,10:00:00,28.416,0.1328,0,21.6491,1,4.1484,1,0.4099,1,0.0917,1,0.0036,2,-0,-0,-0,18.0943,427.8013,428.6223,0.1,0,81.0109,1.9153,1.919,0.1,1,0.1028,2.2162,2.2204,-0.2,0,266.6232,269.0887,95663.0856,1.2376,1006.1305,0.0234,0.0059,0.0015,183.2757,451.4307,0.0012,40.5989,268.155,257.6388,0.6676,5.0001,106.5326,0.3276,0.8228,-136.9698,-0.0212,5.2186,0.0531,70.9267,-10.7634,24.346800000000002,60.627,92.4601,129.6766,194.2791,0.1305,1.0174,21.4908,1.0178,3.8152,1.0874,0.377,1.0874,0.0844,1.0874,-0.004,1.1515,0.8218,0.6895,0.1344,85.0058
2026-01-28,10:30:00,28.437,0.1029,0,37.1029,0,2.4357,0,-0.1206,2,0.053900000000000003,0,1e-4,0,-0,-0,-0,17.9443,425.6821,426.467,0.1,1,77.5868,1.8406,1.8439,0.1,1,0.1024,2.209,2.213,-0.2,0,266.9195,269.2952,95633.1949,1.2363,1006.0927,0.0234,0.0035,0.0014,176.0649,458.4848,0.0011,38.4015,282.4199,257.1561,1.0493,5.473,125.4864,0.2884,0.8178,-54.5574,-0.0532,15.2332,0.1034,66.9123,-10.1542,22.9688,57.1956,87.2269,122.337,183.2832,0.1016,1.0126,36.703,1.0149,2.2427,1.086,-0.1111,1.086,0.0496,1.086,-0.0123,1.1483,0.8524,0.6626,0.1206,85.0547
2026-01-28,11:00:00,28.458,0.0733,2,29.0765,0,7.0227,0,-0.4875,1,0.1552,0,-0.0039,0,0,0,0,18.015,425.8131,426.6305,0.1,1,81.0516,1.9158,1.9195,0.1,1,0.1026,2.2023,2.2065,-0.2,0,266.7961,268.203,95626.969,1.2413,1006.1209,0.0233,0.0101,0.0015,183.2492,422.2606,0.0012,43.3972,239.0114,257.6371,0.9705,5.6286,352.4155,0.243,1.6552,-41.6253,-0.0697,4.1404,0.0958,52.2779,-7.9334,17.9453,44.6863,68.1495,95.5806,143.1972,0.0723,1.0133,29.0092,1.0153,6.4666,1.086,-0.4489,1.086,0.1429,1.086,-0.0137,1.1486,1.9332,1.2186,0.1586,83.6317
2026-01-28,11:30:00,28.479,0.1196,1,57.9726,0,8.6842,1,0.2848,2,0.1921,1,1e-4,1,-0,-0,-0,17.8673,424.3623,425.1385,0.3,0,76.8727,1.8258,1.8291,0.1,1,0.1016,2.1969,2.2009,-0.2,0,267.6698,269.6991,95573.5278,1.2337,1006.0895,0.0235,0.0124,0.0014,174.5439,472.5669,0.0011,36.9353,298.023,257.052,1.1771,5.921,110.9157,0.3114,1.4755,-43.9025,-0.0661,6.6756,0.15,55.4995,-8.4223,19.0512,47.4401,72.3492,101.4707,152.0217,0.1182,1.0117,57.6228,1.0144,7.9941,1.0863,0.2622,1.0863,0.1769,1.0863,-0.0195,1.148,1.6379,1.089,0.2242,85.2356
2026-01-28,12:00:00,28.499,0.2797,0,31.6336,0,21.9691,0,1.2531,1,0.4861,0,0.0072,1,0,0,0,17.7726,423.4579,424.1763,0.1,1,71.0791,1.6936,1.6964,0.8,0,0.1007,2.1797,2.1834,-0.2,0,268.1324,269.9024,95498.1512,1.2319,1006.021,0.0235,0.0315,0.0013,161.7755,479.7957,0.0011,33.7176,318.0201,256.1449,1.1401,8.2718,67.6672,0.4765,2.6822,-288.1933,-0.0101,1.4399,0.0536,71.974,-10.9223,24.7063,61.5223,93.8254,131.5914,197.1479,0.2764,1.0119,32.3085,1.0145,20.2254,1.0862,1.1536,1.0862,0.4476,1.0862,-0.005,1.148,1.2357,3.8546,0.2742,85.8756
2026-01-28,12:30:00,28.52,0.2521,1,52.9549,0,17.4016,0,0.8986,0,0.3853,0,-8e-4,0,-0,-0,-0,17.6993,422.68,423.3418,0.1,1,65.4693,1.5635,1.5659,0.7,0,0.1003,2.1762,2.1796,-0.2,0,268.415,270.478,95421.7708,1.2283,1005.9582,0.0236,0.025,0.0012,149.2305,500.8061,0.001,29.7981,351.5756,255.1889,1.2351,8.737,89.1053,0.453,2.6381,-147.8454,-0.0196,3.0431,0.0946,62.9522,-9.5532,21.6095,53.8106,82.0645,115.0967,172.4358,0.2493,1.0113,53.1208,1.0142,16.0158,1.0865,0.8271,1.0865,0.3546,1.0865,-0.0191,1.1479,2.4513,2.4785,0.3464,85.7174
2026-01-28,13:00:00,28.541,0.2887,1,36.0731,0,13.9778,0,1.4028,0,0.3095,0,8e-4,0,0,0,0,17.6536,422.5447,423.1948,0.1,1,64.176,1.5361,1.5384,0.6,0,0.1001,2.1727,2.176,-0.2,0,268.726,270.6129,95346.1154,1.2268,1005.9452,0.0236,0.0201,0.0012,146.4981,505.8481,0.001,28.9609,359.35,254.9712,1.3864,9.5714,79.6718,0.4851,3.1275,-266.3134,-0.0109,2.5807,0.0603,61.9576,-9.4023,21.268,52.9604,80.768,113.2783,169.7115,0.2856,1.0106,36.3068,1.0138,12.8561,1.0873,1.2902,1.0873,0.2847,1.0873,-0.0119,1.148,2.6992,3.1425,0.4133,85.8822
2026-01-28,13:30:00,28.562,0.1792,1,53.7439,0,21.5258,0,0.7219,0,0.477,0,0.001,0,-0,-0,-0,17.5949,422.4421,423.0895,0.1,0,63.7277,1.5301,1.5324,0.5,0,0.0998,2.1727,2.176,-0.2,0,269.2589,271.3383,95290.8132,1.2228,1005.951,0.0237,0.0309,0.0012,145.84,533.7298,0.001,27.3247,387.8897,254.9183,1.2983,7.3977,108.3137,0.3828,2.5501,-87.8076,-0.033,2.4967,0.1141,52.3075,-7.9379,17.9555,44.7117,68.1881,95.6348,143.2783,0.1772,1.011,54.1203,1.014,19.8066,1.0868,0.6643,1.0868,0.4389,1.0868,-0.018,1.1479,2.9806,1.7265,0.393,86.2061
2026-01-28,14:00:00,28.583,0.3477,0,31.2869,0,18.7528,0,0.2404,2,0.4157,0,0.0014,1,-0,-0,-0,17.5582,422.5795,423.2376,-0.1,0,64.6046,1.5549,1.5573,0.5,0,0.0995,2.1709,2.1743,-0.3,0,269.8008,271.6902,95221.6456,1.2203,1005.9688,0.0237,0.0269,0.0012,148.0959,547.7418,0.001,27.0375,399.6459,255.099,1.5876,10.9551,97.5056,0.5338,3.0188,-408.7889,-0.0071,1.6684,0.0477,64.5467,-9.7952,22.1568,55.1735,84.1431,118.0119,176.8033,0.3443,1.0098,31.8384,1.0135,17.2274,1.0885,0.2209,1.0885,0.3819,1.0885,-0.0101,1.1484,2.9063,2.6794,0.4518,85.8792
2026-01-28,14:30:00,28.604,0.2182,1,27.2363,1,18.4715,0,0.0432,2,0.4095,0,-0.0036,0,0,0,0,17.5376,422.7894,423.4523,0.2,0,64.9421,1.5656,1.5681,0.3,0,0.0996,2.1726,2.176,-0.2,0,269.991,271.7393,95179.7895,1.2195,1005.9752,0.0237,0.0265,0.0012,149.0537,549.726,0.001,27.1142,400.6724,255.175,1.8312,7.4563,93.4177,0.423,2.7355,-233.5836,-0.0124,1.4745,0.0525,53.2517,-8.0811,18.2796,45.5187,69.419,97.3611,145.8646,0.2162,1.0091,27.8293,1.0133,16.9391,1.0905,0.0396,1.0905,0.3755,1.0905,-0.0135,1.1493,2.9609,2.0513,0.4589,85.3667
2026-01-28,15:00:00,28.624,0.2538,0,42.2707,0,19.9608,0,0.3597,0,0.4428,0,-3e-4,0,-0,-0,-0,17.4822,422.5612,423.2337,0.1,1,65.735,1.5889,1.5914,0.1,1,0.0993,2.1757,2.1792,-0.2,0,270.6114,272.6359,95133.756,1.2149,1005.9996,0.0238,0.0287,0.0012,151.1962,587.03,0.001,25.7561,435.8338,255.3434,1.2762,7.8352,100.2811,0.457,1.9571,-189.7851,-0.0153,2.1177,0.0757,63.8517,-9.6897,21.9182,54.5795,83.2371,116.7412,174.8996,0.251,1.0111,42.7255,1.0141,18.3682,1.0867,0.331,1.0867,0.4075,1.0867,-0.0154,1.1479,1.9933,1.5807,0.3403,84.6381
2026-01-28,15:30:00,28.645,0.3089,0,-1.0998000000000001,2,20.2113,0,1.2184,0,0.4486,0,0.0063,2,0,0,0,17.4425,422.5132,423.1773,0.2,0,64.7847,1.5693,1.5718,0.3,0,0.0989,2.1727,2.1762,0,1,271.1335,273.1437,95099.3284,1.2122,1005.996,0.0239,0.0291,0.0012,149.279,609.1396,0.001,24.5065,459.8606,255.1928,0.7419,6.9744,81.9533,0.5048,2.2004,9828.2983,3e-4,-0.0544,-0.0018,76.2096,-11.5651,26.1603,65.1428,99.3469,139.3355,208.7499,0.3059,1.0099,-0.0544,1.013,18.5337,1.0905,1.1173,1.0905,0.4114,1.0905,0.0049,1.165,1.8507,2.2834,0.2668,84.9872
2026-01-28,16:00:00,28.666,0.2471,0,13.5782,0,17.7323,0,0.6834,2,0.3935,0,-0.002,1,0,0,0,17.4455,422.3696,422.9941,0.2,0,60.9861,1.4765,1.4787,0.3,0,0.0986,2.1626,2.1658,-0.3,0,271.5751,272.8667,95058.3317,1.213,1005.9425,0.0239,0.0255,0.0011,140.393,596.9884,9e-4,23.5169,456.5954,254.4714,1.5606,8.0653,90.2512,0.4513,1.8148,-568.7021,-0.0051,0.7657,0.0247,68.3997,-10.3799,23.4794,58.4671,89.166,125.0565,187.3575,0.2447,1.0099,14.3114,1.0135,16.2929,1.0883,0.628,1.0883,0.3615,1.0883,-0.0075,1.1483,1.3954,1.9548,0.2794,84.9495
2026-01-28,16:30:00,28.687,0.2474,1,-1.7119,2,18.1685,0,1.4224,0,0.4029,0,-0.0041,1,0,0,0,17.5023,421.4915,422.0394,0.3,0,53.9016,1.2981,1.2997,0.3,0,0.0981,2.1456,2.1484,-0.4,0,271.526,272.267,95052.1075,1.2157,1005.8389,0.0238,0.0261,0.001,123.4165,571.4166,8e-4,21.5983,448.0001,252.9716,2.2019,9.9544,88.941,0.4512,2.7185,4504.8738,6e-4,-0.0942,-0.0031,56.1115,-8.5151,19.2613,47.9633,73.147,102.5897,153.6981,0.2458,1.0067,-0.7739,1.0125,16.4749,1.1028,1.2899,1.1028,0.3654,1.1028,-0.0044,1.1718,2.616,2.363,0.458,84.404
2026-01-28,17:00:00,28.708,0.2358,0,-6.7148,0,18.947,0,0.3982,0,0.4201,0,-1e-4,0,-0,-0,-0,17.5412,421.4383,421.9915,0.2,0,54.5624,1.3109,1.3126,0.4,0,0.098,2.1416,2.1444,-0.6,0,271.3695,271.9721,95050.8481,1.217,1005.8419,0.0238,0.0272,0.001,124.6353,559.2018,8e-4,22.2881,434.5666,253.0852,1.6853,7.2602,84.2482,0.4402,2.5102,1066.5386,0.0027,-0.3544,-0.0125,62.412,-9.4713,21.424,53.3489,81.3604,114.1091,170.9563,0.2341,1.007,-5.6763,1.0122,17.2573,1.0979,0.3627,1.0979,0.3826,1.0979,8e-4,1.1695,1.7001,2.986,0.3341,84.1855
2026-01-28,17:30:00,28.729,0.3225,0,-2.6022,2,14.57,0,-0.7103,1,0.323,0,-0.0058,2,0,0,0,17.5653,421.5643,422.1294,0.1,1,55.7859,1.3388,1.3406,0.4,0,0.0982,2.1422,2.1451,0.9,0,271.1492,271.7069,95059.4707,1.2182,1005.8534,0.0238,0.0209,0.001,127.3044,548.4166,8e-4,23.2131,421.1121,253.3306,1.7476,10.291,90.0559,0.5145,2.9166,4395.4621,7e-4,-0.1786,-0.0041,66.5104,-10.0932,22.8309,56.8521,86.7031,121.6023,182.1824,0.3203,1.0069,-1.8343,1.0122,13.2731,1.0977,-0.647,1.0977,0.2942,1.0977,-0.0055,1.1685,2.1719,3.2719,0.3894,84.0591
2026-01-28,18:00:00,28.749,0.1448,0,-5.613,1,13.3646,0,0.4109,0,0.2962,0,3e-4,2,-0,-0,-0,17.5902,421.4924,422.0286,0.3,0,53.0253,1.2706,1.2722,0.3,0,0.0982,2.1403,2.143,-0.3,0,270.8815,271.3927,95077.6614,1.2199,1005.8128,0.0237,0.0192,0.001,120.8361,535.8774,8e-4,22.5492,415.0412,252.7276,1.6544,6.8913,85.3721,0.3445,1.7132,611.8558,0.0047,-0.42,-0.0133,54.9827,-8.3438,18.8738,46.9984,71.6756,100.526,150.6062,0.1438,1.007,-4.8717,1.0123,12.1671,1.0984,0.3741,1.0984,0.2696,1.0984,0.0012,1.1707,1.3554,1.79,0.281,83.9606
2026-01-28,18:30:00,28.77,0.2559,0,-19.2159,1,8.3142,0,0.4755,1,0.1842,0,-0.0035,1,0,0,0,17.6102,421.2255,421.7374,0.3,0,50.7428,1.2137,1.2152,0.3,0,0.0983,2.1376,2.1402,-0.4,0,270.541,271.0525,95102.9293,1.2218,1005.7781,0.0237,0.0119,9e-4,115.4612,522.5873,8e-4,22.0941,407.1261,252.2041,1.3712,9.7123,80.5446,0.4576,2.6114,419.0128,0.0069,-2.3112,-0.0342,70.0238,-10.6264,24.0369,59.8553,91.2831,128.0259,191.8061,0.254,1.0075,-18.5677,1.0124,7.5798,1.0969,0.4335,1.0969,0.1679,1.0969,0.0022,1.1712,1.989,2.9628,0.2709,83.914
2026-01-28,19:00:00,28.791,0.1357,2,-16.4435,1,16.5648,1,2.7368,1,0.3668,1,0.0013,1,0,0,0,17.5744,419.7908,420.2244,0.1,1,43.1999,1.0319,1.033,0.4,0,0.0981,2.1294,2.1316,-0.4,0,270.0736,270.6184,95118.6091,1.224,1005.6755,0.0237,0.0238,8e-4,98.1786,506.0551,6e-4,19.4008,407.8766,250.3585,1.7925,10.267,39.803,0.3329,4.6291,188.5216,0.0154,-0.9927,-0.0401,38.8565,-5.8966,13.3382,33.2139,50.6533,71.042,106.4339,0.1347,1.0071,-15.41,1.0129,14.9957,1.1046,2.4776,1.1046,0.3321,1.1046,0.0053,1.1797,3.9427,4.6904,0.625,83.973
2026-01-28,19:30:00,28.812,0.3126,1,-10.927,0,20.8345,0,2.5271,0,0.4612,0,-1e-4,1,-0,-0,-0,17.5919,419.8655,420.3159,0.1,1,44.904,1.0717,1.0729,0.4,0,0.0983,2.1307,2.1329,-0.6,0,269.6658,270.2002,95116.823,1.2259,1005.6917,0.0236,0.0299,8e-4,101.9663,490.5666,7e-4,20.7854,388.6003,250.7865,1.0645,9.136,93.8213,0.505,3.9304,990.0485,0.0029,-0.5245,-0.0176,56.4859,-8.572,19.3898,48.2833,73.6351,103.2743,154.7237,0.31,1.0082,-9.7445,1.0124,19.0642,1.0929,2.3124,1.0929,0.422,1.0929,0.002,1.167,4.1106,3.1858,0.5644,83.9407
2026-01-28,20:00:00,28.833,0.3193,0,-14.0973,1,14.1287,0,0.6252,0,0.3126,0,2e-4,1,0,0,0,17.6359,420.1141,420.5967,0.1,1,48.1736,1.1476,1.1489,0.5,0,0.0987,2.1335,2.136,0.1,0,269.2558,269.7883,95137.898,1.228,1005.7273,0.0236,0.0203,9e-4,109.2062,475.7256,7e-4,22.9557,366.5194,251.5666,0.418,9.1976,72.7416,0.5099,2.5378,790.3748,0.0037,-0.9978,-0.0224,65.9805,-10.0128,22.649,56.3992,86.0123,120.6335,180.7309,0.3148,1.0142,-13.1784,1.0153,12.9269,1.093,0.572,1.093,0.286,1.093,0.0038,1.17,2.3829,2.3023,0.3903,83.9767
2026-01-28,20:30:00,28.854,0.056,1,-3.3669,2,8.4497,0,0.6457,1,0.1869,0,6e-4,1,0,0,0,17.6508,419.979,420.4705,0.1,1,49.1231,1.1688,1.1702,0.6,0,0.0988,2.1337,2.1362,-0.3,0,268.8719,269.4112,95145.7657,1.2298,1005.7343,0.0235,0.0121,9e-4,111.2384,462.4901,7e-4,24.0521,351.2518,251.7772,0.9369,5.0765,98.2501,0.2134,0.9172,242.6063,0.012,-0.3985,-0.0128,54.1296,-8.2144,18.5809,46.2692,70.5634,98.9662,148.2694,0.0555,1.0088,-2.9008,1.013,7.7138,1.0954,0.5895,1.0954,0.1706,1.0954,0.0011,1.1726,1.0522,0.67,0.1121,83.9582
2026-01-28,21:00:00,28.874,0.1272,1,-19.0682,1,12.3601,0,0.969,0,0.2733,0,-0.0024,1,0,0,0,17.6793,419.7978,420.2941,0.1,1,49.7294,1.1808,1.1822,0.6,0,0.099,2.1314,2.1339,0,1,268.4078,268.9317,95146.1524,1.232,1005.7352,0.0235,0.0177,9e-4,112.3819,446.1341,7e-4,25.1902,333.7522,251.8942,0.8762,7.5943,347.8223,0.3214,2.3296,146.272,0.0198,-1.5427,-0.0479,48.8258,-7.4095,16.7603,41.7355,63.6493,89.2691,133.7413,0.1261,1.0091,-18.204,1.0135,11.2498,1.0987,0.882,1.0987,0.2487,1.0987,0.003,1.179,1.8549,2.4752,0.3291,84.0268
2026-01-28,21:30:00,28.895,0.3034,0,-8.32,0,11.2763,0,1.2979,0,0.2492,0,-2e-4,0,-0,-0,-0,17.7161,419.8147,420.3238,0.1,1,51.1127,1.2112,1.2127,0.1,1,0.0991,2.1304,2.133,-0.2,0,268.0113,268.5359,95159.6167,1.234,1005.747,0.0235,0.0161,9e-4,115.2889,433.0223,8e-4,26.6242,317.7334,252.1869,1.6326,9.3365,352.0241,0.4959,3.4369,1231.7155,0.0024,-0.7378,-0.0135,63.5836,-9.6491,21.8262,54.3503,82.8877,116.2512,174.1654,0.3013,1.007,-7.6601,1.0122,10.2763,1.0973,1.1828,1.0973,0.2271,1.0973,0.0018,1.1691,2.1044,4.3646,0.4048,84.1227
2026-01-28,22:00:00,28.916,0.0707,1,-14.9704,1,14.2823,1,1.7341,1,0.3155,1,0.0012,1,0,0,0,17.7552,420.0764,420.6146,0.1,1,54.0786,1.2795,1.2811,0.5,0,0.0993,2.1316,2.1344,0.5,0,267.6995,268.2133,95189.4122,1.2358,1005.78,0.0234,0.0204,0.001,121.8241,422.5898,8e-4,28.828,300.7658,252.8215,1.8405,8.7799,327.9755,0.2393,2.7291,76.9134,0.0377,-1.0482,-0.0503,38.4234,-5.8309,13.1895,32.8437,50.0887,70.2501,105.2475,0.0702,1.0075,-14.068,1.0141,12.8121,1.1148,1.5556,1.1148,0.2831,1.1148,0.0048,1.1961,1.5177,3.6085,0.332,84.2218
2026-01-28,22:30:00,28.937,0.3364,0,-9.8856,0,11.9058,0,1.0894,0,0.263,0,-0.002,0,0,0,0,17.7862,420.2462,420.8026,0.1,1,55.9616,1.3222,1.324,0.7,0,0.0994,2.1306,2.1335,-0.1,0,267.424,267.9229,95207.9035,1.2374,1005.7997,0.0234,0.017,0.001,125.9215,413.3879,8e-4,30.4609,287.4663,253.2041,1.6573,8.6022,317.1886,0.5214,2.674,1205.5864,0.0024,-0.8303,-0.0152,71.8758,-10.9074,24.6726,61.4383,93.6973,131.4118,196.8789,0.3341,1.007,-9.178,1.0122,10.8472,1.0976,0.9926,1.0976,0.2396,1.0976,5e-4,1.1693,2.5911,2.4275,0.3294,84.2749
2026-01-28,23:00:00,28.958,0.1367,1,-13.5717,1,16.3901,1,1.3018,1,0.3619,1,-0.0024,1,-0,-0,-0,17.8147,420.3426,420.913,0.1,1,57.4335,1.3552,1.357,0.1,1,0.0997,2.1322,2.1351,-0.1,0,266.9773,267.4741,95206.5005,1.2394,1005.8126,0.0234,0.0234,0.001,129.0545,399.5222,8e-4,32.3022,270.4677,253.4891,2.7173,9.5336,340.8369,0.3321,2.4359,226.9375,0.0128,-0.828,-0.0328,45.9082,-6.9668,15.7588,39.2417,59.846,83.9349,125.7497,0.1358,1.0069,-12.5902,1.0139,14.6928,1.1155,1.1669,1.1155,0.3244,1.1155,0.001,1.1863,1.6873,2.7745,0.41,84.3155
2026-01-28,23:30:00,28.979,0.25,1,-14.5773,1,17.9163,1,1.4447,1,0.3954,1,-0.0027,2,-0,-0,-0,17.8276,420.0649,420.6282,0.1,1,56.8415,1.3393,1.3411,0.1,1,0.1,2.1362,2.1391,-0.9,0,266.6415,267.1327,95223.2039,1.2412,1005.8006,0.0233,0.0256,0.001,127.57,389.2526,8e-4,32.7731,261.6825,253.3548,3.0966,10.2294,350.1181,0.4488,3.3611,521.3554,0.0056,-0.8136,-0.026,49.1361,-7.4566,16.8668,42.0008,64.0539,89.8365,134.5914,0.2483,1.0069,-13.5074,1.0142,16.0334,1.1174,1.2929,1.1174,0.3539,1.1174,9e-4,1.1849,2.4599,3.6308,0.6316,84.3519
2026-01-29,00:00:00,29,0.499,0,-5.9873,0,12.3528,0,0.5214,0,0.2725,0,0.0023,0,0,0,0,17.8571,420.0756,420.6111,0.2,0,54.1146,1.273,1.2746,0.1,1,0.1,2.1315,2.1342,-0.2,0,266.1593,266.6462,95227.2002,1.2436,1005.7602,0.0233,0.0177,0.001,121.2579,375.021,8e-4,32.3336,253.7631,252.7678,2.8111,12.5455,8.3016,0.6334,5.0962,3569.6144,8e-4,-0.4847,-0.0076,57.0234,-8.6535,19.5743,48.7428,74.3358,104.257,156.196,0.4957,1.0067,-5.3069,1.0134,11.1189,1.111,0.4694,1.111,0.2453,1.111,0.0033,1.178,3.0597,6.2655,0.8673,84.43
2026-01-29,00:30:00,29.02,0.2335,1,0.451,2,10.3541,1,0.2528,1,0.2283,1,-0.0019,1,-0,-0,-0,17.9116,420.4858,421.0248,0,0,54.5376,1.2803,1.2819,0.1,1,0.1,2.1264,2.1291,-0.1,0,265.624,266.0997,95226.8099,1.2461,1005.7587,0.0232,0.0148,0.001,121.9517,359.5905,8e-4,33.914,237.6388,252.8336,2.6449,14.8589,357.156,0.4329,3.5818,-15126.7128,-2e-4,0.0436,8e-4,48.0573,-7.2929,16.4965,41.0787,62.6476,87.8641,131.6364,0.2317,1.0081,0.9555,1.0137,9.4243,1.0987,0.2301,1.0987,0.2078,1.0987,-0.0026,1.1544,2.9069,3.6353,0.6213,85.2738
2026-01-29,01:00:00,29.041,0.2699,0,-0.0753,2,7.2682,0,-0.4594,1,0.1602,0,-0.0064,1,0,0,0,17.9678,421.069,421.6199,0.1,1,55.7576,1.3067,1.3084,0.1,1,0.1001,2.1229,2.1256,-0.1,0,265.203,265.6538,95237.0186,1.2483,1005.7686,0.0232,0.0104,0.001,124.4757,347.4237,8e-4,35.8282,222.948,253.0704,1.0268,9.0858,40.945,0.4649,2.5243,112239.2708,0,-0.0104,-1e-4,61.9001,-9.3936,21.2483,52.9113,80.693,113.1731,169.554,0.2664,1.0128,0.2875,1.015,6.6926,1.086,-0.423,1.086,0.1475,1.086,-0.0065,1.1483,2.1915,2.4766,0.3806,84.5329
2026-01-29,01:30:00,29.062,0.2891,1,-9.0327,2,7.6868,0,0.5799,1,0.1693,0,0.0047,2,0,0,0,18.0352,421.7786,422.3411,0,0,56.9558,1.332,1.3338,0.1,1,0.1005,2.1274,2.1303,0,1,264.7731,265.2148,95297.7005,1.2512,1005.7781,0.0231,0.011,0.001,126.9695,335.803,8e-4,37.8107,208.8335,253.3001,0.6136,8.993,96.2339,0.4807,2.0354,1034.5247,0.0028,-1.1751,-0.0149,74.1326,-11.2499,25.4473,63.3674,96.6393,135.538,203.0606,0.286,1.011,-8.5345,1.0137,7.0417,1.0916,0.5313,1.0916,0.1551,1.0916,0.0068,1.1675,2.5607,1.2508,0.2592,84.807
2026-01-29,02:00:00,29.083,0.1224,1,-8.8365,0,8.3376,0,0.7469,0,0.1836,0,-1e-4,0,-0,-0,-0,18.0793,421.9611,422.5109,0.3,0,55.7542,1.3013,1.303,0.1,1,0.1008,2.1315,2.1343,0.6,0,264.443,264.8919,95373.3006,1.2537,1005.7588,0.0231,0.0119,0.001,124.1397,327.4765,8e-4,37.908,203.3368,253.0391,1.2504,7.39,111.9484,0.3125,1.7313,290.7041,0.01,-1.0598,-0.0224,55.8604,-8.477,19.1751,47.7486,72.8196,102.1305,153.0102,0.1215,1.0077,-8.3211,1.0126,7.6,1.0971,0.6808,1.0971,0.1674,1.0971,0.0022,1.1727,1.9284,1.3119,0.2222,84.8358
2026-01-29,02:30:00,29.104,0.1074,1,-1.3037,1,2.472,1,0.2235,0,0.0544,1,0,2,0,0,0,18.1065,421.9728,422.4687,0.1,1,50.367,1.1738,1.1752,0.1,1,0.1011,2.1332,2.1357,0.9,0,264.0984,264.5672,95403.8276,1.2557,1005.6877,0.0231,0.0035,9e-4,112.0155,319.29,7e-4,35.0827,207.2745,251.8568,1.1607,8.9667,83.8741,0.2925,1.8557,1615.6715,0.0018,-0.5274,-0.0035,50.0552,-7.5961,17.1823,42.7864,65.252,91.5168,137.1089,0.1066,1.0079,-1.1668,1.0123,2.2616,1.093,0.2045,1.093,0.0498,1.093,3e-4,1.1665,1.4269,2.0283,0.2561,84.6076
2026-01-29,03:00:00,29.124,0.1711,1,21.362,2,2.5197,0,-0.6641,2,0.0555,0,-0.0044,1,-0,-0,-0,18.1445,422.2396,422.7167,0.1,1,48.5009,1.1287,1.1299,0.1,1,0.1013,2.1349,2.1373,0,1,263.6882,264.1668,95419.2438,1.2579,1005.6602,0.023,0.0036,9e-4,107.7251,309.449,7e-4,34.8119,201.7238,251.4109,0.839,6.411,127.4156,0.3688,1.1275,-197.7313,-0.0147,8.4779,0.0458,76.4934,-11.6082,26.2577,65.3854,99.7169,139.8544,209.5274,0.1686,1.0147,21.1547,1.0161,2.3197,1.0862,-0.6114,1.0862,0.0511,1.0862,-0.0112,1.1495,1.1292,0.9846,0.1411,84.4889
2026-01-29,03:30:00,29.145,0.0585,0,-7.3113,0,2.2654,0,0.2125,0,0.0498,0,7e-4,0,-0,-0,-0,18.1957,422.7619,423.2486,0.1,1,49.4969,1.15,1.1513,0.1,1,0.1017,2.1395,2.142,-0.2,0,263.3139,263.8234,95443.8458,1.2598,1005.6687,0.023,0.0032,9e-4,109.7917,301.2216,7e-4,36.4488,191.4299,251.6276,1.2339,6.1329,135.1461,0.2155,0.5563,115.3378,0.0251,-3.2274,-0.0268,72.2378,-10.9624,24.7969,61.7478,94.1692,132.0737,197.8704,0.0581,1.008,-7.1078,1.0133,2.0532,1.1033,0.1926,1.1033,0.0452,1.1033,0.0028,1.1839,0.4133,0.6437,0.0556,84.0657
2026-01-29,04:00:00,29.166,0.0577,1,-23.8848,0,6.776,0,1.0306,0,0.1491,0,0.0016,0,0,0,0,18.212,422.9009,423.4014,0.1,1,50.9122,1.1822,1.1836,0.1,1,0.1018,2.1403,2.1428,-0.3,0,263.3164,263.7921,95446.8662,1.26,1005.6857,0.023,0.0097,9e-4,112.8705,300.4837,7e-4,37.5629,187.6133,251.9439,1.1696,5.6355,132.0559,0.2139,0.9012,34.531,0.084,-3.5249,-0.0881,50.0222,-7.5911,17.171,42.7582,65.209,91.4565,137.0185,0.0572,1.009,-23.1929,1.0161,6.0179,1.126,0.9153,1.126,0.1324,1.126,0.0083,1.2246,0.7974,0.8677,0.1373,84.018
2026-01-29,04:30:00,29.187,0.0204,1,-12.7208,1,3.775,1,0.9547,1,0.083,1,-7e-4,1,-0,-0,-0,18.2436,423.3804,423.8917,0.2,0,51.9794,1.2063,1.2077,0.1,1,0.1019,2.1408,2.1434,-0.3,0,263.1029,263.6163,95464.7142,1.261,1005.6971,0.023,0.0054,9e-4,115.1892,296.3581,8e-4,38.8683,181.1689,252.177,0.8931,3.5102,134.2583,0.1272,0.5086,13.6252,0.2128,-3.3698,-0.0789,11.6262,5,11,23,44,97,444,0.0202,1.0118,-12.2789,1.022,3.2302,1.1686,0.8169,1.1686,0.0711,1.1686,0.0028,1.3046,0.5394,0.4299,0.0479,83.973
2026-01-29,05:00:00,29.208,0.1355,1,-18.6693,1,4.4591,1,1.3581,1,0.0981,1,0.0033,1,0,0,0,18.2804,423.9496,424.4817,0.2,0,54.0423,1.2533,1.2549,0.1,1,0.1018,2.1376,2.1403,0.9,0,262.946,263.4519,95479.8993,1.262,1005.7209,0.0229,0.0064,0.001,119.6991,292.5438,8e-4,40.9166,172.8447,252.6186,0.3085,4.5751,22.9557,0.3276,0.675,158.692,0.0183,-4.1868,-0.0449,87.8594,-13.333,30.159300000000002,75.1009,114.5336,160.635,240.6606,0.1332,1.0171,-18.141,1.0174,4.0527,1.1003,1.2343,1.1003,0.0891,1.1003,0.0086,1.1829,0.6421,0.6292,0.0787,83.9485
2026-01-29,05:30:00,29.229,0.0211,0,-1.1832,1,2.8204,0,0.3606,1,0.062,0,-9e-4,1,-0,-0,-0,18.3191,424.6007,425.1391,0.3,0,54.6373,1.2664,1.268,0.1,1,0.1019,2.138,2.1407,0,1,262.7485,263.2955,95501.1981,1.263,1005.7266,0.0229,0.004,0.001,120.9735,288.9584,8e-4,41.8654,167.9848,252.7407,0.3307,2.6017,103.4155,0.1294,0.2105,154.2348,0.0188,-0.4195,-0.0072,2.2243,1,2,4,7,13,45,0.0208,1.0163,-1.0269,1.0169,2.5657,1.0993,0.328,1.0993,0.0564,1.0993,-6e-4,1.1813,0.2276,0.1605,0.0328,83.9021
2026-01-29,06:00:00,29.249,0.0438,1,-18.9741,1,7.3769,1,1.7026,1,0.1622,1,-0.003,1,0,0,0,18.3626,425.3235,425.8888,0.1,0,57.3007,1.3272,1.329,0.1,1,0.1019,2.1366,2.1395,0,1,262.5963,263.1393,95530.9915,1.2641,1005.7579,0.0229,0.0105,0.001,126.8255,285.4164,8e-4,44.4353,158.5909,253.287,0.3932,2.0614,64.2624,0.1861,0.2992,28.6421,0.1012,-2.5721,-0.0802,1.2584,1,1,2,4,8,28,0.0432,1.0139,-18.2736,1.0193,6.5346,1.1289,1.5082,1.1289,0.1437,1.1289,0.0026,1.2368,0.1772,0.3887,0.0325,83.8686
2026-01-29,06:30:00,29.27,0.0511,0,4.6074,1,1.268,0,0.0355,2,0.0279,0,-0.0014,0,0,0,0,18.3602,425.109,425.6607,0.2,0,55.9695,1.2959,1.2976,0.1,1,0.1019,2.1377,2.1405,0,1,262.6348,263.1343,95535.6054,1.2642,1005.7412,0.0229,0.0018,0.001,123.8384,285.3035,8e-4,43.4058,161.4651,253.011,0.928,4.1782,29.919,0.2011,0.5462,-148.7206,-0.0195,3.6335,0.018,58.3805,-8.8595,20.0401,49.9028,76.1049,106.7381,159.9132,0.0504,1.0137,4.6012,1.0155,1.1676,1.086,0.0327,1.086,0.0257,1.086,-0.0029,1.1488,0.4112,0.5989,0.0824,83.7204
2026-01-29,07:00:00,29.291,0.018,2,-10.9778,1,3.8992,1,1.7372,1,0.0857,1,0.0017,1,0,0,0,18.3333,424.5234,425.0404,0.1,0,52.531,1.2164,1.2179,0.1,1,0.102,2.1403,2.1429,0,1,262.7022,263.1902,95531.71,1.264,1005.6991,0.0229,0.0056,0.001,116.236,286.5651,8e-4,40.5618,170.3291,252.2809,1.0018,4.7563,358.0644,0.1192,1.0829,13.0067,0.223,-2.8154,-0.0724,15.6363,7,15,31,60,135,634,0.0178,1.0117,-10.565,1.0223,3.3236,1.1732,1.4808,1.1732,0.0731,1.1732,0.0043,1.3109,0.5855,1.4385,0.1419,83.5949
2026-01-29,07:30:00,29.312,0.0838,1,2.2043,2,3.2978,1,-0.3472,2,0.0725,1,-7e-4,2,-0,-0,-0,18.2987,423.768,424.2545,0.1,1,49.5214,1.1468,1.1482,0.1,1,0.102,2.1414,2.1438,-0.1,0,262.871,263.3528,95556.8751,1.2636,1005.6632,0.0229,0.0047,9e-4,109.6174,290.2679,7e-4,37.7642,180.6505,251.6095,1.1332,6.1298,351.4326,0.2576,1.8798,-653.5523,-0.0044,0.6684,0.0067,45.2367,-6.8648,15.5283,38.6676,58.9706,82.7071,123.9103,0.0828,1.012,2.3359,1.0145,3.0361,1.0862,-0.3197,1.0862,0.0668,1.0862,-0.0016,1.148,1.5268,1.977,0.2559,83.4837
2026-01-29,08:00:00,29.333,0.0607,1,2.3582,1,5.246,1,0.0045,2,0.1154,1,1e-4,2,-0,-0,-0,18.3069,423.9339,424.4027,0.1,1,47.7031,1.1047,1.1059,0.1,1,0.1019,2.1393,2.1416,-0.2,0,262.7449,263.3026,95582.188,1.2641,1005.6403,0.0229,0.0075,9e-4,105.6144,289.121,7e-4,36.5295,183.5066,251.1856,0.3669,5.6648,123.7425,0.2191,1.1678,-375.7944,-0.0077,0.4495,0.0085,44.7166,-6.7859,15.3498,38.2231,58.2926,81.7562,122.4857,0.059,1.0278,2.5585,1.0246,4.7934,1.0944,0.0041,1.0944,0.1054,1.0944,-0.001,1.1609,1.0204,1.1247,0.1905,83.5694
2026-01-29,08:30:00,29.354,0.0545,0,-4.1868,0,2.695,0,0.1502,1,0.0593,0,-3e-4,0,0,0,0,18.3303,424.2052,424.6812,0.1,1,48.4337,1.1209,1.1221,0.1,1,0.102,2.1395,2.1419,0.2,0,262.5441,263.2342,95627.4711,1.2651,1005.6484,0.0229,0.0038,9e-4,107.2146,287.564,7e-4,37.2837,180.3494,251.3567,0.8471,5.0087,136.8778,0.2076,0.4199,180.1882,0.0161,-1.5535,-0.0159,65.8843,-9.9982,22.616,56.3169,85.8869,120.4576,180.4674,0.054,1.0092,-4.0017,1.0134,2.4564,1.0971,0.1369,1.0971,0.054,1.0971,8e-4,1.1764,0.4306,0.3444,0.0649,83.5592
2026-01-29,09:00:00,29.374,0.1605,0,19.1486,1,5.4728,0,-0.6462,1,0.1204,0,-0.0056,1,0,0,0,18.3184,424.1796,424.663,0.3,0,49.1613,1.1384,1.1397,0.9,0,0.1017,2.1381,2.1405,-0.1,0,262.8962,263.5935,95691.4608,1.2642,1005.6606,0.0229,0.0078,9e-4,108.962,295.8262,7e-4,36.8331,186.8642,251.541,0.9731,6.5765,43.5407,0.3563,1.6009,-199.3895,-0.0145,3.4989,0.0423,68.5734,-10.4063,23.539,58.6155,89.3924,125.3741,187.8332,0.1584,1.0133,19.1371,1.0153,5.0394,1.086,-0.595,1.086,0.1109,1.086,-0.0118,1.1486,0.9712,2.0576,0.1731,83.6737
2026-01-29,09:30:00,29.395,0.0342,1,15.8088,1,4.2293,1,0.2484,2,0.0932,1,0.0049,2,0,0,0,18.2432,424.0113,424.492,-0.2,0,48.7211,1.1324,1.1337,0.7,0,0.1015,2.1491,2.1515,-0.3,0,263.4695,265.2033,95731.2154,1.257,1005.6713,0.023,0.006,9e-4,108.4334,335.5029,7e-4,32.3197,227.0695,251.4856,1.4138,4.1687,89.6048,0.165,0.6948,-23.971,-0.121,3.7379,0.0758,18.9299,8,15,27,43,73,189,0.0339,1.0104,15.8086,1.0138,3.8893,1.0874,0.2284,1.0874,0.0857,1.0874,-7e-4,1.148,0.4933,0.7823,0.1139,83.3986
2026-01-29,10:00:00,29.416,0.1226,1,31.0419,0,8.1482,0,-0.8456,0,0.1797,0,-0.0017,0,0,0,0,18.1812,424.8742,425.3768,0.1,1,50.5601,1.1815,1.1829,0.1,1,0.1018,2.1629,2.1655,-0.3,0,264.1188,266.098,95738.9583,1.2529,1005.7059,0.0231,0.0116,9e-4,113.1493,359.5438,7e-4,31.4702,246.3945,251.9721,1.3442,6.647,90.4678,0.3129,1.5446,-83.2771,-0.0348,3.8096,0.0787,53.5103,-8.1204,18.3684,45.7398,69.7561,97.834,146.5731,0.1213,1.0108,31.0314,1.0139,7.4959,1.087,-0.7779,1.087,0.1653,1.087,-0.0122,1.1479,1.3892,1.4521,0.248,82.9699
2026-01-29,10:30:00,29.437,0.2982,0,46.0132,0,11.4982,1,-1.5863,1,0.2537,1,-0.0012,0,0,0,0,18.1376,424.9755,425.4993,0.1,1,52.5374,1.231,1.2325,0.1,1,0.1016,2.1678,2.1705,-0.3,0,264.6269,266.8707,95741.5189,1.2493,1005.74,0.0232,0.0164,0.001,117.8881,381.5308,8e-4,30.8987,263.6428,252.4431,0.8164,5.0619,114.3449,0.4886,1.2951,-213.926,-0.0136,4.0018,0.075,79.3671,-12.0443,27.2442,67.8418,103.463,145.1084,217.3988,0.2938,1.015,45.8635,1.0163,10.5846,1.0863,-1.4603,1.0863,0.2336,1.0863,-0.0168,1.1497,1.1301,1.2345,0.2257,82.6526
2026-01-29,11:00:00,29.458,0.1892,1,35.9283,0,8.3797,0,-0.2458,1,0.1849,0,0.0037,0,0,0,0,18.1076,424.9605,425.4796,0.1,1,51.9834,1.22,1.2215,0.1,1,0.1017,2.1687,2.1713,-0.1,0,264.8238,266.7093,95751.1746,1.2502,1005.7325,0.0232,0.012,9e-4,116.8457,376.8407,8e-4,31.0067,259.9949,252.341,0.8481,5.8479,87.0443,0.389,2.1219,-138.2777,-0.021,4.2876,0.0735,56.8933,-8.6338,19.5296,48.6315,74.1661,104.019,155.8394,0.1864,1.0146,35.7906,1.0161,7.7147,1.0862,-0.2263,1.0862,0.1702,1.0862,-0.0087,1.1494,2.1203,1.7946,0.3289,82.5882
2026-01-29,11:30:00,29.479,0.1286,1,37.6858,0,9.4301,0,-0.2258,2,0.2082,0,0.0039,1,-0,-0,-0,18.038,424.1125,424.6366,0.1,1,52.4978,1.2343,1.2359,0.1,1,0.1016,2.1734,2.1761,-0.2,0,265.1954,267.3944,95734.2403,1.2467,1005.7471,0.0232,0.0135,0.001,118.2001,397.1034,8e-4,29.7656,278.9032,252.4735,0.7541,6.8563,50.0678,0.3211,1.6169,-74.1809,-0.0391,3.9963,0.0936,54.7968,-8.3156,18.81,46.8395,71.4332,100.1861,150.0971,0.1266,1.0159,37.5447,1.0169,8.6782,1.0866,-0.2078,1.0866,0.1916,1.0866,-0.0091,1.1503,1.5819,1.4057,0.2463,82.716
2026-01-29,12:00:00,29.499,0.1492,0,24.914,0,9.9504,0,0.5345,1,0.2198,0,0.0048,0,-0,-0,-0,17.9747,423.8283,424.3599,0.1,1,53.1251,1.2526,1.2542,0.1,1,0.1012,2.1687,2.1714,-0.2,0,265.7392,267.8723,95711.5609,1.2442,1005.762,0.0233,0.0142,0.001,119.9246,411.8059,8e-4,29.1216,291.8813,252.6403,0.7205,4.6954,101.9648,0.3463,1.1783,-140.6728,-0.0206,2.5038,0.0575,66.3665,-10.0714,22.7815,56.7291,86.5154,121.3391,181.7881,0.1468,1.0165,24.9988,1.0172,9.155,1.0869,0.4918,1.0869,0.2022,1.0869,-0.0042,1.1507,1.2378,0.9415,0.1774,82.6151
2026-01-29,12:30:00,29.52,0.1357,0,28.8623,1,14.3447,0,-0.0212,2,0.317,0,-9e-4,0,-0,-0,-0,17.9023,423.4302,423.9623,0.1,1,53.0627,1.2551,1.2566,0.1,1,0.1007,2.1655,2.1682,-0.3,0,266.3428,268.5595,95666.6726,1.2404,1005.7707,0.0233,0.0205,0.001,120.0992,433.7945,8e-4,27.6857,313.6953,252.6571,0.9518,5.6779,100.4609,0.3308,1.3793,-105.7815,-0.0274,2.0121000000000002,0.0699,65.7007,-9.9703,22.5529,56.1599,85.6474,120.1218,179.9643,0.1339,1.0135,29.1555,1.0154,13.2088,1.086,-0.0195,1.086,0.2919,1.086,-0.0111,1.1487,1.3211,1.2716,0.166,82.8915
2026-01-29,13:00:00,29.541,0.1648,0,55.1675,0,21.3382,0,1.4349,0,0.4719,0,-0.0028,1,-0,-0,-0,17.8208,423.1479,423.6789,0.1,1,52.7794,1.2532,1.2548,0.7,0,0.1001,2.1601,2.1628,-0.3,0,267.0353,269.3911,95634.681,1.2362,1005.7792,0.0234,0.0306,0.001,119.8839,461.7946,8e-4,25.9604,341.9106,252.6364,0.7253,4.7821,73.9499,0.3652,1.2969,-74.4529,-0.039,2.5854,0.1215,66.2516,-10.0539,22.742,56.6309,86.3657,121.1291,181.4734,0.1622,1.0164,55.3302,1.0172,19.6332,1.0868,1.3202,1.0868,0.4342,1.0868,-0.0218,1.1507,1.2162,1.1795,0.1981,83.4172
2026-01-29,13:30:00,29.562,0.3052,0,41.5956,0,12.804,0,1.5352,0,0.2833,0,-0.001,0,-0,-0,-0,17.7505,423.0393,423.5737,0.1,1,52.9342,1.2616,1.2632,0.4,0,0.0997,2.1559,2.1586,-0.2,0,267.5077,269.8974,95600.0195,1.2334,1005.7896,0.0235,0.0184,0.001,120.6373,479.6164,8e-4,25.1529,358.9791,252.7086,0.6952,6.1128,94.3991,0.4974,1.9745,-249.5444,-0.0116,3.2486,0.0674,77.2822,-11.7279,26.5285,66.0597,100.7452,141.2965,211.6879,0.3001,1.0169,41.5412,1.0175,11.7783,1.0871,1.4122,1.0871,0.2606,1.0871,-0.0151,1.1511,1.6537,2.0451,0.2501,83.8087
2026-01-29,14:00:00,29.583,0.1218,0,59.4159,0,16.3243,0,0.5585,2,0.3614,0,-0.005,1,0,0,0,17.6933,422.7066,423.2482,0.1,1,53.5587,1.2796,1.2812,0.4,0,0.0993,2.1525,2.1553,-0.2,0,268.0863,270.3548,95566.4329,1.2309,1005.8047,0.0235,0.0234,0.001,122.3155,496.2406,8e-4,24.6484,373.9251,252.868,0.616,5.5045,57.3887,0.3145,1.4925,-44.1582,-0.0657,3.6397,0.1526,52.3618,-7.9461,17.9741,44.7581,68.2589,95.7341,143.4272,0.1196,1.0185,59.182,1.0185,15.0044,1.088,0.5133,1.088,0.3322,1.088,-0.0248,1.1524,1.0272,1.6931,0.2647,83.7208
2026-01-29,14:30:00,29.604,0.1595,1,32.7309,0,22.1119,0,0.0286,2,0.4894,0,-0.0057,0,0,0,0,17.6527,422.3709,422.891,0.1,1,51.3978,1.2298,1.2313,0.6,0,0.0991,2.145,2.1476,-0.3,0,268.3561,270.0187,95523.8227,1.2319,1005.774,0.0235,0.0317,9e-4,117.5048,483.976,8e-4,24.2791,366.4712,252.4056,1.4813,7.2656,356.758,0.3599,2.2024,-120.007,-0.0242,1.4802,0.0734,63.2959,-9.6054,21.7274,54.1044,82.5126,115.7251,173.3773,0.1579,1.0102,33.4194,1.0136,20.3268,1.0878,0.0263,1.0878,0.4498,1.0878,-0.0173,1.1481,2.2784,1.9107,0.2157,83.204
2026-01-29,15:00:00,29.624,0.082,1,31.268,0,22.3843,0,-0.8441,1,0.496,0,0.0014,1,-0,-0,-0,17.594,422.1068,422.6335,0.1,1,51.9465,1.2463,1.2478,0.7,0,0.0985,2.1462,2.1488,-0.2,0,269.1207,271.3812,95521.6204,1.2257,1005.7997,0.0236,0.0321,0.001,119.0782,535.4226,8e-4,22.24,416.3444,252.5587,0.7575,5.6793,13.9769,0.2586,1.4971,-46.6338,-0.0622,1.3969,0.0981,55.9312,-8.4878,19.1994,47.8092,72.912,102.2601,153.2043,0.0807,1.0159,31.8982,1.0168,20.6,1.0866,-0.7768,1.0866,0.4565,1.0866,-0.0102,1.1503,1.5779,1.2645,0.1518,82.5412
2026-01-29,15:30:00,29.645,0.1119,0,26.1721,0,13.865,0,-0.3255,2,0.3073,0,-0.004,1,0,0,0,17.5817,422.4608,422.9805,0.1,1,51.138,1.2288,1.2303,0.2,0,0.0984,2.1472,2.1498,-0.3,0,269.4282,271.7238,95513.1291,1.224,1005.7947,0.0237,0.0199,9e-4,117.3945,549.0974,8e-4,21.3795,431.7029,252.3948,0.6303,5.925,25.3339,0.3023,1.4102,-88.98,-0.0326,1.8876,0.0703,60.4935,-9.1801,20.7655,51.709,78.8594,110.6015,165.7012,0.1099,1.0182,26.4151,1.0183,12.7461,1.0878,-0.2992,1.0878,0.2825,1.0878,-0.013,1.1522,1.0218,1.6282,0.1704,82.6391
2026-01-29,16:00:00,29.666,0.0774,1,11.1686,0,13.7041,0,0.1001,1,0.3036,0,4e-4,0,0,0,0,17.6298,422.642,423.1633,0.3,0,51.3917,1.232,1.2335,0.4,0,0.0985,2.1448,2.1475,-0.3,0,269.673,271.2655,95506.4464,1.226,1005.7906,0.0236,0.0197,9e-4,117.6976,530.8715,8e-4,22.1706,413.1739,252.4245,0.6786,4.781,95.1842,0.2513,1.1988,-119.673,-0.0242,0.815,0.036,54.3292,-8.2447,18.6494,46.4398,70.8236,99.3311,148.816,0.0761,1.0172,11.6751,1.0177,12.6044,1.0872,0.0921,1.0872,0.2793,1.0872,-0.0041,1.1514,1.0024,1.2412,0.154,82.4562
2026-01-29,16:30:00,29.687,0.1155,0,4.8883,1,15.4987,0,1.1769,0,0.3433,0,-0.0055,1,-0,-0,-0,17.7107,422.6492,423.1839,0.1,1,52.9522,1.2637,1.2653,0.5,0,0.0987,2.1447,2.1474,-0.2,0,269.8573,270.8905,95505.314,1.2277,1005.8028,0.0236,0.0222,0.001,120.7182,516.3627,8e-4,23.3786,395.6445,252.7163,0.7686,4.4579,111.7273,0.3067,1.0613,-497.2128,-0.0058,0.3154,0.0129,60.0495,-9.1127,20.613,51.3294,78.2806,109.7896,164.4849,0.1137,1.0157,5.5982,1.0167,14.2641,1.0866,1.0832,1.0866,0.3159,1.0866,-0.0077,1.1502,1.1465,0.7974,0.1786,81.9545
2026-01-29,17:00:00,29.708,0.0896,1,0.2476,1,12.9028,0,0.9334,0,0.2857,0,0.0012,2,-0,-0,-0,17.7544,422.673,423.2041,0.3,0,52.712,1.2549,1.2565,0.5,0,0.0989,2.1463,2.1489,0,1,269.9333,270.6645,95506.7929,1.2287,1005.7953,0.0236,0.0185,0.001,119.8835,507.7877,8e-4,23.609,387.9042,252.6363,0.8678,4.702,105.4328,0.27,0.8724,-6701.7851,-4e-4,0.0192,7e-4,61.2858,-9.3004,21.0374,52.3862,79.8923,112.0501,167.8714,0.0883,1.0144,0.9004,1.0159,11.8795,1.0861,0.8594,1.0861,0.2631,1.0861,2e-4,1.1492,0.9662,0.6469,0.1316,81.603
2026-01-29,17:30:00,29.729,0.0279,1,-6.5595,1,8.8344,1,0.5071,1,0.1956,1,-0.0037,1,-0,-0,-0,17.7857,422.7696,423.2912,0.1,1,51.842,1.2323,1.2338,0.4,0,0.099,2.1483,2.151,-0.9,0,269.8833,270.4762,95513.0581,1.2297,1005.7809,0.0235,0.0127,9e-4,117.7319,500.7405,8e-4,23.5116,383.0087,252.4278,0.8008,3.5739,88.6697,0.1505,0.6721,43.8077,0.0662,-0.7425,-0.0352,7.7682,3,7,14,26,54,211,0.0276,1.0098,-6.0235,1.0156,7.9233,1.115,0.4548,1.115,0.1754,1.115,-0.0019,1.2091,0.7867,0.4562,0.1013,81.4346
2026-01-29,18:00:00,29.749,0.0266,1,-19.6571,1,14.0341,1,1.238,1,0.3106,1,-0.0016,1,-0,-0,-0,17.8297,423.327,423.8782,0.1,1,54.767,1.3003,1.302,0.1,1,0.0994,2.1521,2.1549,0,1,269.5925,270.1591,95523.6308,1.2312,1005.8134,0.0235,0.0201,0.001,124.2445,489.0675,8e-4,25.4044,364.823,253.0489,0.5592,3.882,28.5108,0.1469,0.3733,13.5908,0.2134,-1.4007,-0.1081,3.7938,2,3,7,13,29,122,0.0262,1.0131,-18.5637,1.0227,12.0475,1.1649,1.0627,1.1649,0.2667,1.1649,0.0035,1.3023,0.3912,0.3133,0.0421,81.2852
2026-01-29,18:30:00,29.77,0.0286,1,8.248,2,-1.3879,2,-1.0003,1,-0.0307,2,0.0016,0,0,0,0,18.0121,426.16,426.9297,0.1,1,76.199,1.8028,1.8061,0.1,1,0.0996,2.1427,2.1466,0,1,268.2125,268.7452,95553.8509,1.2379,1006.0663,0.0234,-0.002,0.0014,172.3143,439.9117,0.0011,39.1702,267.5974,256.898,0.7964,2.5084,317.1283,0.1521,0.3331,-35.9632,-0.0806,-5.9428,0.0435,9.0119,4,7,13,22,38,105,0.0282,1.0153,8.0488,1.0165,-1.2775,1.0864,-0.9207,1.0864,-0.0282,1.0864,-0.001,1.1499,0.4042,0.2263,0.0357,81.1285
2026-01-29,19:00:00,29.791,0.01,0,-1.7775,1,2.6456,1,0.5066,0,0.0584,1,-0.0017,0,0,0,0,18.1266,426.8858,427.7027,0.1,1,81.102,1.91,1.9136,0.1,1,0.0997,2.1378,2.1419,0,1,267.4708,267.9744,95594.0826,1.2419,1006.1153,0.0233,0.0038,0.0015,182.6308,415.009,0.0012,44.0065,232.3782,257.5964,1.372,2.8594,340.9135,0.0897,0.3079,34.21,0.0848,-0.6719,-0.0159,36.7289,16,34,70,131,284,1227,0.0099,1.0086,-1.6224,1.0159,2.3483,1.1266,0.4496,1.1266,0.0519,1.1266,-0.0012,1.2229,0.1376,0.4623,0.0159,81.1774
2026-01-29,19:30:00,29.812,0.0088,1,3.0345,0,-0.6952,2,-0.3029,1,-0.0153,2,4e-4,0,-0,-0,-0,18.1474,426.7291,427.5357,0.1,1,80.2408,1.8868,1.8904,0.1,1,0.0998,2.1362,2.1403,0,1,267.1187,267.6418,95609.3015,1.2436,1006.0994,0.0233,-0.001,0.0015,180.4469,404.6544,0.0012,44.5928,224.2075,257.4515,1.505,3.112,339.3668,0.0839,0.2785,-16.4431,-0.1764,-4.3652,0.0289,48.8008,22,39,66,103,171,414,0.0087,1.0101,2.9607,1.0136,-0.6389,1.088,-0.2784,1.088,-0.0141,1.088,-5e-4,1.1482,0.1971,0.3416,0.0183,81.312
2026-01-29,20:00:00,29.833,0.0753,0,-83.9431,1,36.9884,1,6.2413,1,0.8176,1,-0.0134,1,0,0,0,17.9671,423.3104,423.9413,0.1,1,63.1643,1.4882,1.4904,0.1,1,0.0997,2.1448,2.148,-0.2,0,268.2682,268.7584,95602.3038,1.2386,1005.8977,0.0234,0.053,0.0011,142.3103,440.3482,9e-4,32.3177,298.0379,254.6304,0.7507,5.4053,359.6418,0.2466,0.9989,15.0563,0.1926,-2.2694,-0.2733,67.8999,-10.3041,23.3078,58.0398,88.5144,124.1427,185.9884,0.0744,1.0118,-80.4805,1.0213,31.8848,1.1601,5.3801,1.1601,0.7048,1.1601,0.0105,1.2913,0.5522,1.3607,0.0849,81.1527
2026-01-29,20:30:00,29.854,0.0392,0,-19.1223,0,15.4915,1,1.4348,1,0.3427,1,-0.0024,1,0,0,0,17.8165,421.8842,422.423,0.1,1,53.8671,1.2755,1.2772,0.1,1,0.0997,2.1544,2.1571,-0.4,0,269.0998,269.6603,95612.9561,1.2347,1005.7942,0.0234,0.0222,0.001,121.9907,471.195,8e-4,25.8896,349.2043,252.8373,0.2023,3.5542,349.1875,0.1782,0.6653,24.9458,0.1163,-1.2344,-0.0864,0.2908,1,1,1,4,NA,NA,0.0384,1.0203,-17.946,1.0232,13.6221,1.1372,1.2616,1.1372,0.3014,1.1372,0.0027,1.2508,0.4245,0.8001,0.1061,81.2252
2026-01-29,21:00:00,29.874,0.0171,2,-17.4252,1,14.4579,1,1.0216,1,0.3198,1,-0.0016,1,0,0,0,17.8374,422.3771,422.9603,0.1,1,58.2335,1.3789,1.3808,0.1,1,0.1,2.158,2.161,0.5,0,268.9081,269.4356,95615.0843,1.2357,1005.8469,0.0234,0.0207,0.0011,131.8816,463.335,9e-4,28.4636,331.4534,253.741,1.1521,4.3189,356.4777,0.1175,0.9664,7.8582,0.369,-1.2052,-0.1193,20.5961,9,20,42,83,191,944,0.0168,1.0141,-16.306,1.028,11.8482,1.2203,0.8372,1.2203,0.2621,1.2203,0.0026,1.3912,0.6931,1.1352,0.1045,81.1054
2026-01-29,21:30:00,29.895,0.0581,0,-32.0537,0,16.4603,0,2.2744,1,0.3639,0,-0.0073,1,0,0,0,17.8869,422.6234,423.2414,0.2,0,61.7948,1.4601,1.4622,0.1,1,0.1003,2.1602,2.1633,0.6,0,268.4834,269.0045,95606.2819,1.2375,1005.8854,0.0234,0.0236,0.0011,139.628,448.583,9e-4,31.1264,308.9551,254.4074,1.1636,3.7281,29.5157,0.2168,0.7677,26.7959,0.1082,-1.9473,-0.1188,70.464,-10.6932,24.188,60.2316,91.8569,128.8307,193.0118,0.0576,1.0094,-30.7314,1.0171,14.508,1.1346,2.0046,1.1346,0.3208,1.1346,0.0022,1.2398,0.5802,0.8954,0.0598,80.76
2026-01-29,22:00:00,29.916,0.0138,2,-43.0968,2,27.4386,1,4.5422,1,0.6057,1,-0.0055,2,0,0,0,18.0541,424.8892,425.627,0.1,1,73.6597,1.7335,1.7365,0.1,1,0.1007,2.1531,2.1569,-0.6,0,266.8341,267.3781,95615.365,1.245,1006.0143,0.0232,0.0393,0.0013,165.7963,396.6097,0.0011,41.8034,230.8134,256.4372,0.8887,3.4409,330.8573,0.1052,0.5147,2.2784,1.2728,-1.5707,-0.3271,15.4952,7,14,30,57,125,560,0.0134,1.0299,-39.648,1.0601,18.8562,1.4551,3.1214,1.4551,0.4163,1.4551,0.0043,1.8235,0.6574,0.3355,0.0366,80.7994
2026-01-29,22:30:00,29.937,0.0121,1,-4.3724,1,8.3851,1,1.3533,1,0.1849,1,-0.0041,1,0,0,0,18.2209,426.36,427.1417,0.1,0,78.2142,1.8302,1.8335,0.1,1,0.101,2.1468,2.1508,-0.2,0,265.5766,266.0456,95608.9878,1.2511,1006.0529,0.0231,0.012,0.0014,175.0282,358.0964,0.0011,48.8774,183.0682,257.0852,1.5809,2.8905,338.1045,0.0985,0.1851,18.4505,0.1572,-0.5214,-0.0353,39.6961,17,38,80,155,352,1684,0.012,1.0097,-3.8997,1.0191,7.2619,1.1547,1.172,1.1547,0.1601,1.1547,-0.0027,1.2678,0.0991,0.2618,0.0093,81.4059
2026-01-29,23:00:00,29.958,0.0111,1,-0.7114,1,1.692,1,0.56,2,0.0373,1,0.0011,2,-0,-0,-0,18.3237,423.0434,423.8264,0.1,0,80.0148,1.8473,1.8507,0.1,1,0.1011,2.1452,2.1491,0.7,0,265.1893,265.6391,95610.4091,1.253,1006.0582,0.0231,0.0024,0.0014,176.6708,347.0287,0.0012,50.9096,170.3578,257.1973,1.2766,2.3181,342.6874,0.0941,0.2187,98.8695,0.0293,-0.4204,-0.006,32.4568,14,29,57,103,210,789,0.011,1.0079,-0.6196,1.0134,1.5324,1.1042,0.5071,1.1042,0.0338,1.1042,0.0011,1.1849,0.1134,0.3144,0.0095,81.5397
2026-01-29,23:30:00,29.979,0.0142,1,2.115,2,0.2439,2,0.3316,2,0.0054,2,-0.0016,1,-0,-0,-0,18.3998,422.3972,423.2169,0.1,0,84.3674,1.9368,1.9405,0.1,1,0.1012,2.1454,2.1496,0,1,264.9379,265.3686,95626.3402,1.2545,1006.1038,0.0231,3e-4,0.0015,185.2578,339.8334,0.0012,54.5143,154.5755,257.7686,1.196,2.4708,305.6794,0.1063,0.1826,-47.8512,-0.0606,8.6705,0.0158,28.5658,12,24,42,68,120,331,0.014,1.0116,2.0986,1.0143,0.2245,1.0864,0.3052,1.0864,0.0049,1.0864,-0.0022,1.1479,0.2241,0.1262,0.015,81.4509
2026-01-30,00:00:00,30,0.0011,2,-0.0554,2,-1.9644,1,0.2275,1,-0.0433,1,-8e-4,1,0,0,0,18.4565,423.0109,423.8237,-0.1,0,83.6708,1.9177,1.9214,0.1,1,0.1014,2.1438,2.1479,-0.1,0,264.4228,264.8431,95614.3417,1.2568,1006.0888,0.023,-0.0028,0.0015,183.4065,326.2348,0.0012,56.2192,142.8283,257.6474,1.2342,2.493,311.9675,0.0295,0.1104,39.1149,0.0741,0.0282,-0.0015,123.5252,54,114,236,444,966,4201,0.0011,1.011,-0.1448,1.0213,-1.6802,1.1691,0.1946,1.1691,-0.037,1.1691,-5e-4,1.2994,0.1255,0.0839,0.0113,81.0015
2026-01-30,00:30:00,30.02,0.0068,0,3.8941,0,-0.7834,2,-0.0476,2,-0.0172,2,-0.0018,0,-0,-0,-0,18.4439,422.0283,422.7954,0.1,1,79.2914,1.8143,1.8176,0.1,1,0.1012,2.1356,2.1395,0,0,263.9716,264.4141,95610.6651,1.2589,1006.0295,0.023,-0.0011,0.0014,173.5154,315.4954,0.0011,54.9978,141.98,256.9812,1.4636,2.5335,319.3166,0.0733,0.1051,-8.5283,-0.34,-4.9709,0.0419,49.1365,22,39,65,98,158,364,0.0067,1.0102,3.8051,1.0137,-0.7202,1.0877,-0.0438,1.0877,-0.0159,1.0877,-0.0029,1.1481,0.0842,0.118,0.008,81.8873
2026-01-30,01:00:00,30.041,0.008,0,8.4298,0,1.0436,1,0.2726,1,0.023,1,-0.0013,0,-0,-0,-0,18.3847,420.8857,421.6142,0.1,0,75.4734,1.7278,1.7308,0.1,1,0.1011,2.1347,2.1383,-0.1,0,264.1107,264.56,95600.311,1.2581,1005.9844,0.023,0.0015,0.0014,165.2257,319.1115,0.0011,51.7768,153.8858,256.3961,1.4939,2.6969,340.3835,0.0795,0.1546,-5.0323,-0.5763,8.0774,0.0837,39.4664,18,31,51,76,122,272,0.0079,1.0101,8.3726,1.0136,0.9593,1.0879,0.2505,1.0879,0.0211,1.0879,-0.004,1.1482,0.0556,0.2413,0.0123,81.4515
2026-01-30,01:30:00,30.062,0.0102,0,7.5629,0,1.6733,2,0.8175,2,0.0368,2,-0.0038,1,-0,-0,-0,18.3903,420.8531,421.5794,0.1,0,75.2867,1.7229,1.7259,0.1,1,0.1015,2.1407,2.1444,-0.1,0,263.8359,264.2888,95593.2154,1.2593,1005.9794,0.023,0.0024,0.0014,164.7417,312.4169,0.0011,52.7314,147.6752,256.3612,1.6215,2.8906,315.6159,0.0899,0.1663,-8.0992,-0.3581,4.5197,0.0664,42.8856,19,34,56,85,138,317,0.0101,1.0097,7.5491,1.0135,1.5368,1.0888,0.7508,1.0888,0.0338,1.0888,-0.0062,1.1485,0.1705,0.1459,0.0162,82.1751
2026-01-30,02:00:00,30.083,0.0231,0,32.9495,0,-4.1319,1,-1.217,1,-0.091,1,0.0012,0,-0,-0,-0,18.3726,420.6052,421.3207,0.1,1,74.1907,1.6985,1.7013,0.1,1,0.1016,2.1451,2.1487,-0.1,0,264.1684,264.6314,95597.1576,1.2577,1005.9692,0.023,-0.0059,0.0013,162.4109,320.8936,0.0011,50.6121,158.4827,256.1915,1.6083,4.1064,330.0369,0.1356,0.4457,-6.3771,-0.4548,-7.9744,0.1921,23.7352,11,19,31,47,76,176,0.0229,1.0097,32.3248,1.0135,-3.7953,1.0887,-1.1178,1.0887,-0.0836,1.0887,-0.0092,1.1485,0.276,0.5914,0.024,81.3848
2026-01-30,02:30:00,30.104,0.0461,0,-50.3114,0,11.1519,1,6.5579,0,0.2459,1,-0.0038,1,-0,-0,-0,18.1749,423.2066,423.8826,0,0,68.4868,1.5947,1.5973,0.1,1,0.1011,2.1491,2.1526,0,0,265.4841,266.005,95610.9887,1.2515,1005.9262,0.0231,0.0159,0.0012,152.5144,356.977,0.001,42.7239,204.4627,255.4459,1.6605,4.4172,342.4183,0.1919,0.7365,11.8384,0.245,-4.5115,-0.2083,16.4403,7,16,33,64,144,685,0.0455,1.0118,-48.6623,1.0238,9.3463,1.1932,5.4961,1.1932,0.2061,1.1932,0.0103,1.3318,0.3257,1.0982,0.0491,81.2445
2026-01-30,03:00:00,30.124,0.036,0,-40.0503,0,9.9269,0,3.4574,0,0.2189,0,-5e-4,0,-0,-0,-0,18.1382,424.0024,424.67,0.1,1,67.2495,1.572,1.5745,0.1,1,0.1011,2.1482,2.1516,0,1,265.5749,266.0652,95616.0769,1.2512,1005.9146,0.0231,0.0142,0.0012,150.3523,358.6369,0.001,41.9233,208.2846,255.2773,1.8126,5.0727,350.6002,0.1697,0.589,10.2838,0.282,-4.0345,-0.1876,23.1427,10,22,47,93,214,1055,0.0356,1.0126,-38.622,1.0257,8.2052,1.2098,2.8578,1.2098,0.1809,1.2098,0.01,1.3562,0.3983,0.7043,0.0753,81.2316
2026-01-30,03:30:00,30.145,0.0671,0,-63.0897,0,11.4329,0,3.6853,0,0.2522,0,0.0026,0,0,0,0,18.0771,423.3494,423.9958,0.3,0,65.1068,1.5247,1.5271,0.1,1,0.1008,2.1465,2.1498,0,0,265.8723,266.4051,95612.4598,1.2496,1005.8926,0.0232,0.0163,0.0012,145.8234,368.1422,9e-4,39.6106,222.3188,254.9169,1.6277,5.0226,3.3434,0.2317,0.6295,16.635,0.1743,-5.5183,-0.2166,71.7365,-10.8863,24.6248,61.3193,93.5158,131.1572,196.4974,0.0664,1.0103,-61.319,1.0205,9.7975,1.1669,3.1581,1.1669,0.2161,1.1669,0.0196,1.2878,0.4549,0.7388,0.0654,80.9671
2026-01-30,04:00:00,30.166,0.0553,0,-45.153,1,20.2617,1,4.1146,1,0.4469,1,-0.0064,1,0,0,0,18.0827,423.7081,424.3764,0.3,0,67.203,1.5747,1.5772,0.1,1,0.1008,2.1469,2.1503,0.5,0,265.9066,266.4247,95598.6573,1.2493,1005.9195,0.0232,0.029,0.0012,150.5773,368.6988,0.001,40.8402,218.1215,255.2949,1.1731,3.1741,351.891,0.2105,0.3859,17.4086,0.1666,-2.2285,-0.1707,72.3202,-10.9749,24.8252,61.8182,94.2766,132.2243,198.0961,0.0548,1.0104,-43.349,1.0198,17.5294,1.1559,3.5598,1.1559,0.3866,1.1559,0.0064,1.2772,0.1829,0.5359,0.0529,80.7409
2026-01-30,04:30:00,30.187,0.0156,1,-3.676,1,5.0518,0,0.7809,0,0.1114,0,-0.0024,1,-0,-0,-0,18.1488,424.7046,425.4061,0.3,0,70.4739,1.6492,1.6519,0.1,1,0.101,2.1456,2.1491,-0.3,0,265.3308,265.8387,95587.8101,1.2519,1005.9538,0.0231,0.0072,0.0013,157.6832,352.42380000000003,0.001,44.7425,194.7406,255.8405,1.4909,3.1576,334.9059,0.1116,0.3763,31.899,0.0909,-0.7277,-0.0262,30.6215,13,28,58,110,238,1033,0.0155,1.0086,-3.3774,1.0162,4.468,1.1306,0.6907,1.1306,0.0985,1.1306,-0.0013,1.2281,0.3058,0.4191,0.0278,80.9048
2026-01-30,05:00:00,30.208,0.0116,1,4.829,2,2.6098,1,0.1243,2,0.0575,1,-0.0024,1,-0,-0,-0,18.1643,424.3466,425.0285,0.1,1,68.6776,1.6044,1.607,0.1,1,0.1011,2.1446,2.148,0,1,265.2041,265.6792,95581.7454,1.2526,1005.9283,0.0231,0.0037,0.0013,153.3938,348.1046,0.001,44.0654,194.7109,255.5139,1.7207,3.5438,332.5161,0.0964,0.2607,-15.6279,-0.1856,1.8503,0.0398,48.2024,21,38,65,101,167,405,0.0115,1.0094,4.8972,1.0134,2.3953,1.0896,0.1141,1.0896,0.0528,1.0896,-0.004,1.1489,0.2818,0.2024,0.037,81.1402
2026-01-30,05:30:00,30.229,0.0577,0,-5.6025,2,2.9192,1,0.7152,1,0.0644,1,-0.0014,2,-0,-0,-0,18.0038,422.5025,423.1432,0.1,1,64.5225,1.5142,1.5165,0.1,1,0.1006,2.1461,2.1493,0.6,0,266.2911,266.7991,95573.6729,1.2473,1005.8908,0.0232,0.0042,0.0012,144.7542,379.4447,9e-4,38.1489,234.6906,254.8304,0.9261,3.3369,355.0959,0.2151,0.441,149.6987,0.0194,-1.9192,-0.0208,68.063,-10.3288,23.3638,58.1792,88.727,124.4409,186.4351,0.0572,1.0088,-5.3868,1.0134,2.6568,1.0988,0.6509,1.0988,0.0586,1.0988,3e-4,1.1788,0.3449,0.473,0.0642,80.4352
2026-01-30,06:00:00,30.249,0.0317,0,-21.1249,2,17.511,1,3.2268,1,0.3863,1,-0.0049,2,0,0,0,18.0058,423.3693,424.0427,0.2,0,67.5445,1.5882,1.5907,0.1,1,0.1006,2.1448,2.1482,0,1,266.1372,266.6523,95576.1526,1.248,1005.929,0.0232,0.025,0.0012,151.8314,375.1989,0.001,40.4669,223.3674,255.3929,1.1655,2.8878,339.6014,0.1594,0.5407,16.1629,0.1794,-1.2064,-0.1056,12.4637,5,12,24,46,103,464,0.0314,1.0106,-19.897,1.0202,15.1075,1.1591,2.7839,1.1591,0.3333,1.1591,9e-4,1.283,0.355,0.689,0.0374,80.1467
2026-01-30,06:30:00,30.27,0.0218,1,10.519,1,-2.2218,1,-0.2697,2,-0.049,1,-0.002,0,-0,-0,-0,18.0567,423.7699,424.4925,0.1,1,72.534,1.7023,1.7052,0.1,1,0.1006,2.1422,2.1459,0,0,265.9857,266.4835,95593.1781,1.2489,1005.9885,0.0232,-0.0032,0.0013,162.7706,370.3688,0.0011,43.9483,207.5982,256.2178,0.737,2.238,326.4141,0.1323,0.3226,-18.5447,-0.1564,-4.7345,0.0633,9.5852,4,8,14,22,37,96,0.0215,1.0162,10.2373,1.017,-2.0444,1.0868,-0.2481,1.0868,-0.0451,1.0868,-0.0051,1.1505,0.389,0.2196,0.0366,80.2496
2026-01-30,07:00:00,30.291,0.0176,1,0.9612,1,7.8616,0,1.0432,0,0.1735,0,-0.0027,0,-0,-0,-0,17.9656,422.5274,423.1685,0.1,1,64.4227,1.5151,1.5174,0.1,1,0.1003,2.1421,2.1453,-0.1,0,266.5011,267.0557,95632.2863,1.2468,1005.8939,0.0232,0.0112,0.0012,144.9348,386.9678,9e-4,37.454,242.033,254.845,0.717,2.8465,354.0089,0.1188,0.2994,-147.0368,-0.0197,0.1223,0.0065,11.2369,5,10,18,30,56,174,0.0173,1.0165,1.3388,1.0173,7.233,1.0869,0.9598,1.0869,0.1596,1.0869,-0.0034,1.1508,0.2642,0.2909,0.0439,80.1105
2026-01-30,07:30:00,30.312,0.0176,1,4.9269,1,2.1055,1,0.1667,2,0.0465,1,3e-4,1,-0,-0,-0,18.0261,423.8368,424.5703,0.1,1,73.475,1.7276,1.7306,0.1,1,0.1003,2.1392,2.1429,0,0,266.3531,266.8586,95647.6282,1.2479,1006.0058,0.0232,0.003,0.0013,165.283,381.1767,0.0011,43.3612,215.8938,256.4003,1.0619,2.1946,339.3246,0.1188,0.1306,-28.6898,-0.1011,2.34,0.033,20.3616,9,17,29,46,80,211,0.0174,1.0125,4.963,1.0148,1.9387,1.086,0.1535,1.086,0.0428,1.086,-0.0014,1.1482,0.0685,0.1765,0.0163,80.0296
2026-01-30,08:00:00,30.333,0.0512,1,9.7194,1,-0.8304,2,-0.6121,2,-0.0183,2,-7e-4,1,-0,-0,-0,17.9884,423.1839,423.8565,0.1,1,67.4546,1.5869,1.5894,0.1,1,0.1002,2.141,2.1444,0.3,0,266.4906,267.2067,95672.5807,1.2466,1005.9339,0.0232,-0.0012,0.0012,151.8634,391.4572,0.001,38.7944,239.5938,255.3954,0.2508,1.4501,307.9589,0.2026,0.1537,-72.2279,-0.0402,-11.7049,0.0382,113.3366,-17.1993,38.9048,96.8784,147.7457,207.2155,310.4466,0.0493,1.0376,9.3907,1.031,-0.7534,1.1022,-0.5554,1.1022,-0.0166,1.1022,-0.0037,1.1706,0.2127,0.0788,0.0159,80.2135
2026-01-30,08:30:00,30.354,0.0227,1,4.9615,1,7.3776,1,0.2261,2,0.1628,1,-0.0067,1,0,0,0,18.0614,425.2036,425.8895,0.2,0,68.4153,1.6106,1.6132,0.1,1,0.1008,2.1523,2.1558,-0.5,0,266.247,267.0817,95676.5456,1.2473,1005.9454,0.0232,0.0106,0.0013,154.142,387.7388,0.001,39.7541,233.5968,255.5714,0.2144,2.0181,250.6671,0.135,0.348,-41.813,-0.0694,0.6725,0.0293,0.8981,1,1,1,2,4,14,0.0218,1.0425,5.1618,1.0343,6.6691,1.1062,0.2044,1.1062,0.1472,1.1062,-0.0082,1.1755,0.0853,0.5981,0.0126,80.3298
2026-01-30,09:00:00,30.374,0.0297,1,9.0136,1,0.403,1,-0.0461,2,0.0089,1,6e-4,1,0,0,0,18.1534,426.9241,427.5827,0.1,1,65.4981,1.5404,1.5427,0.1,1,0.1015,2.1642,2.1675,-0.3,0,265.734,266.6549,95688.7475,1.2494,1005.9034,0.0232,6e-4,0.0012,147.4347,375.2712,0.001,39.2875,227.8365,255.0463,0.9146,2.6328,158.662,0.1542,0.0925,-34.3397,-0.0845,22.3638,0.0465,11.0162,5,9,16,26,46,125,0.0293,1.0139,8.8996,1.0156,0.3711,1.086,-0.0425,1.086,0.0082,1.086,-0.0024,1.1489,0.1229,0.0428,0.0193,80.2441
2026-01-30,09:30:00,30.395,0.036,1,17.4846,1,1.9685,1,0.1724,1,0.0434,1,-0.001,1,-0,-0,-0,18.2184,428.3226,428.9895,0.1,1,66.1145,1.5544,1.5568,0.1,1,0.1017,2.1675,2.1708,-0.2,0,265.6027,266.7198,95704.9909,1.2493,1005.9116,0.0232,0.0028,0.0012,148.8023,377.1445,0.001,39.455,228.3421,255.1551,0.6736,3.3162,166.7526,0.1697,0.1167,-23.5794,-0.123,8.8821,0.082,5.5059,2,5,8,13,23,61,0.0354,1.0173,17.2862,1.0178,1.8105,1.0873,0.1585,1.0873,0.0399,1.0873,-0.0068,1.1514,0.1574,0.0476,0.0284,80.3177
2026-01-30,10:00:00,30.416,0.0294,1,19.9575,1,1.7036,1,-0.123,2,0.0376,1,0.0017,1,0,0,0,18.1462,427.0637,427.6965,0.1,1,62.8675,1.4796,1.4818,0.1,1,0.1013,2.1633,2.1665,-0.3,0,265.7442,267.015,95738.4945,1.2484,1005.8745,0.0232,0.0024,0.0011,141.6887,385.7654,9e-4,36.7292,244.0767,254.5791,0.7052,2.2008,158.8089,0.1534,0.0891,-15.2719,-0.1899,11.715,0.1036,6.8333,3,6,10,15,26,68,0.0289,1.0167,19.7107,1.0174,1.5672,1.087,-0.1132,1.087,0.0346,1.087,-0.005,1.151,0.1181,0.0392,0.0209,77.3799
2026-01-30,10:30:00,30.437,0.0685,1,30.1084,1,0.4994,2,-0.3554,1,0.011,2,-0.001,1,0,0,0,18.0619,425.7375,426.4346,0.1,1,69.3547,1.6348,1.6374,0.1,1,0.1017,2.1767,2.1802,-0.3,0,265.972,267.4858,95770.3685,1.2466,1005.9625,0.0232,7e-4,0.0013,156.6036,399.8792,0.001,39.1627,243.2757,255.7591,0.882,3.1788,166.8546,0.2343,0.2174,-36.0895,-0.0804,60.2857,0.1025,85.7476,-13.0125,29.4344,73.2958,111.7807,156.774,234.8761,0.0675,1.0142,29.6799,1.0158,0.4598,1.0861,-0.3272,1.0861,0.0102,1.0861,-0.0108,1.1491,0.3139,0.078,0.0428,61.6698
2026-01-30,11:00:00,30.458,0.0978,1,32.4623,1,1.4028,1,0.3359,1,0.0309,1,NA,3,-0,-0,NA,18.2488,429.2237,430.0396,-0.2,0,80.6604,1.8972,1.9008,0.1,1,NA,NA,NA,NA,0,265.1402,264.9807,95236.8455,1.2512,1006.0783,0.0231,0.002,0.0015,180.6214,329.7452,0.0012,54.776,149.1238,257.4632,0.8977,3.158,174.2918,0.2796,0.2816,-56.6384,-0.0512,23.1409,0.0922,81,-12.2921,27.8047,69.2376,105.5917,148.0939,221.8716,0.0965,1.014,32.0491,1.0157,1.2916,1.0861,0.3093,1.0861,0.0284,1.0861,NA,1,0.3237,0.1692,0.0703,19.0488
2026-01-30,11:30:00,30.479,0.0957,1,60.5082,1,2.4331,1,-0.2381,2,0.0536,1,NA,3,0,0,NA,18.1304,424.1923,425.1337,0.1,1,94.6506,2.2145,2.2194,0.1,1,NA,NA,NA,NA,0,265.4084,265.222,95236.8455,1.2499,1006.2509,0.0232,0.0035,0.0017,210.8116,335.9858,0.0014,62.7442,125.1742,259.3386,0.8454,3.3785,169.8025,0.2767,0.2577,-29.4472,-0.0985,24.8686,0.1739,85.9135,-13.0377,29.4913,73.4375,111.9969,157.0772,235.3303,0.0943,1.0146,59.7132,1.0161,2.24,1.0862,-0.2192,1.0862,0.0493,1.0862,NA,1,0.3401,0.116,0.0594,1.3463
2026-01-30,12:00:00,30.499,0.0527,1,45.903,1,5.1894,1,0.3113,1,0.1144,1,NA,3,-0,-0,NA,17.9467,426.1979,427.1923,-0.1,0,98.0223,2.3278,2.3333,0.1,1,NA,NA,NA,NA,0,266.2377,266.0412,95212.4587,1.2457,1006.3195,0.0232,0.0074,0.0018,221.5343,357.9696,0.0014,61.8864,136.4353,259.9473,0.2983,3.2102,147.3825,0.2057,0.3605,-15.9539,-0.1818,8.8455,0.178,80.0336,-12.1454,27.473,68.4115,104.3319,146.327,219.2245,0.0511,1.0327,44.95,1.0278,4.725,1.0983,0.2834,1.0983,0.1042,1.0983,NA,1,0.5449,0.137,0.0392,16.6145
2026-01-30,12:30:00,30.52,0.0464,1,37.8666,0,12.0959,1,0.901,1,0.2676,1,0.0028,1,0,0,0,17.8485,424.9499,425.9271,0.3,0,96.3645,2.2943,2.2996,0.1,1,0.1007,2.1758,2.1808,-0.1,0,266.8322,269.489,95608.1411,1.2349,1006.3389,0.0234,0.0173,0.0018,219.4134,465.194,0.0014,47.166,245.7806,259.829,0.6112,3.6168,286.0287,0.1938,0.484,-16.2011,-0.179,3.1305,0.1573,3.5176,2,3,5,8,14,38,0.0455,1.0186,37.8094,1.0186,11.1172,1.088,0.8281,1.088,0.2459,1.088,-0.0104,1.1525,0.6473,0.273,0.0477,63.4106
2026-01-30,13:00:00,30.541,0.0335,0,11.1273,1,5.8143,0,-0.3504,0,0.1286,0,-0.0019,0,-0,-0,-0,17.8234,424.7281,425.6539,0.1,1,91.2743,2.175,2.1798,0.1,1,0.0997,2.1528,2.1575,0.1,0,267.3188,269.4559,95565.1735,1.2346,1006.2743,0.0234,0.0083,0.0017,207.9144,464.0409,0.0014,44.8052,256.1264,259.1694,0.7852,3.3151,319.3259,0.1647,0.4527,-33.832,-0.0857,1.9138,0.0544,7.6935,3,6,11,18,32,90,0.033,1.0155,11.2461,1.0166,5.3516,1.0865,-0.3225,1.0865,0.1184,1.0865,-0.0058,1.15,0.4024,0.4369,0.0662,78.8447
2026-01-30,13:30:00,30.562,0.0192,1,5.341,1,4.1265,0,0.55,2,0.0912,0,0.001,2,-0,-0,-0,17.8397,424.6787,425.6098,0,0,91.9059,2.1878,2.1926,0.1,1,0.0998,2.1489,2.1536,0,0,267.4161,268.787,95515.9233,1.237,1006.2736,0.0234,0.0059,0.0017,209.0298,441.2982,0.0014,47.367,232.2684,259.2348,1.472,3.839,314.8606,0.1246,0.3984,-30.5253,-0.095,1.2943,0.0344,30.131,13,25,43,68,118,309,0.019,1.0102,5.4802,1.0137,3.7936,1.0878,0.5057,1.0878,0.0839,1.0878,-0.001,1.1481,0.4048,0.3399,0.0522,79.0476
2026-01-30,14:00:00,30.583,0.0482,0,32.306,0,6.7943,0,0.5143,1,0.1504,0,-0.0041,0,0,0,0,17.7604,424.3348,425.3355,0.2,0,98.47,2.3527,2.3582,0.1,1,0.0993,2.1548,2.1599,-0.3,0,268.0644,270.4106,95470.942,1.2289,1006.3812,0.0235,0.0097,0.0018,224.6713,498.3035,0.0015,45.0872,273.6322,260.1204,0.5389,2.9029,176.7843,0.198,0.3377,-20.2401,-0.1433,4.7549,0.1319,2.7012,1,2,4,6,11,31,0.0472,1.0205,32.0443,1.0198,6.2378,1.0892,0.4722,1.0892,0.1381,1.0892,-0.0147,1.1542,0.3821,0.2453,0.0481,78.127
2026-01-30,14:30:00,30.604,0.057,1,31.9947,1,1.4771,1,0.0848,1,0.0327,1,0.0015,1,0,0,0,17.79,424.5491,425.5827,0.2,0,101.7698,2.4287,2.4346,0.1,1,0.0994,2.1518,2.157,-0.2,0,268.3058,269.8879,95451.7235,1.231,1006.4159,0.0235,0.0021,0.0019,231.8848,479.2786,0.0015,48.382,247.3939,260.5103,0.9364,2.9685,163.8588,0.2152,0.2299,-26.2516,-0.1105,21.6599,0.12,80.4548,-12.2093,27.6175,68.7716,104.881,147.0971,220.3782,0.0563,1.0136,31.6064,1.0155,1.3602,1.086,0.0781,1.086,0.0301,1.086,-0.009,1.1488,0.2759,0.1416,0.0423,77.2261
2026-01-30,15:00:00,30.624,0.0599,1,27.484,1,0.2624,2,-0.1999,2,0.0058,2,-0.0047,1,-0,-0,-0,17.7952,424.6372,425.7026,0.1,1,104.8779,2.5026,2.5089,0.1,1,0.0995,2.1539,2.1593,-0.3,0,268.4261,269.8175,95438.6774,1.2311,1006.4549,0.0235,4e-4,0.0019,238.9136,476.7661,0.0016,50.1113,237.8524,260.8801,0.7941,2.851,158.2884,0.2206,0.1704,-32.922,-0.0881,104.7472,0.1005,91.1401,-13.8309,31.2854,77.9052,118.8103,166.6332,249.6469,0.059,1.0153,27.0724,1.0165,0.2415,1.0864,-0.184,1.0864,0.0053,1.0864,-0.0133,1.1499,0.2357,0.0726,0.0326,76.2136
2026-01-30,15:30:00,30.645,0.0384,1,19.6467,1,2.45,1,-1.7611,1,0.0541,1,NA,3,0,0,NA,17.8254,420.8072,421.9372,0.1,0,113.4486,2.6782,2.6854,0.1,1,NA,NA,NA,NA,0,268.2232,267.9954,95208.9753,1.2364,1006.5278,0.0234,0.0035,0.0021,254.8409,415.6633,0.0017,61.3094,160.8224,261.6833,0.7394,2.6635,163.4089,0.1763,0.149,-23.4661,-0.1236,8.0189,0.0895,6.061,3,5,9,14,25,67,0.0378,1.0162,19.4579,1.017,2.2545,1.0867,-1.6205,1.0867,0.0498,1.0867,NA,1,0.2073,0.0629,0.0277,44.4525
2026-01-30,16:00:00,30.666,0.0387,1,20.5352,1,-1.1566,2,-0.1764,2,-0.0255,2,NA,3,0,0,NA,17.8788,418.8697,420.1588,0.1,1,130.9555,3.0681,3.0775,0.1,1,NA,NA,NA,NA,0,267.8611,267.6005,95178.7919,1.2377,1006.7339,0.0234,-0.0017,0.0024,291.8088,403.3771,0.0019,72.3414,111.5683,263.3876,0.6036,2.6387,165.8141,0.1769,0.1039,-22.6594,-0.128,-17.7541,0.0932,4.1779,2,3,6,10,17,47,0.038,1.0188,20.1193,1.0187,-1.063,1.0881,-0.1621,1.0881,-0.0235,1.0881,NA,1,0.1515,0.0336,0.0226,0.3371
2026-01-30,16:30:00,30.687,0.0634,1,18.2562,1,-0.2976,1,0.0522,1,-0.0066,1,NA,3,-0,-0,NA,17.9042,418.8325,420.1594,0.3,0,134.9979,3.158,3.168,0.1,1,NA,NA,NA,NA,0,267.8047,267.5366,95178.7919,1.2379,1006.7818,0.0234,-4e-4,0.0024,300.3546,401.4202,0.002,74.823,101.0656,263.754,0.6752,2.4684,171.9449,0.2262,0.1458,-53.3173,-0.0544,-61.3487,0.0648,85.2946,-12.9438,29.2789,72.9086,111.1902,155.9458,233.6352,0.0623,1.0173,17.941,1.0177,-0.2737,1.0873,0.048,1.0873,-0.006,1.0873,NA,1,0.2006,0.0506,0.0404,0.5087
2026-01-30,17:00:00,30.708,0.076,1,12.3855,1,-0.0114,2,0.1096,1,-3e-4,2,NA,3,-0,-0,NA,17.9418,418.9394,420.2836,-0.1,0,136.9743,3.1983,3.2086,0.1,1,NA,NA,NA,NA,0,267.7797,267.5082,95089.4587,1.2369,1006.8032,0.0234,-0,0.0025,303.9009,400.552,0.002,75.8705,96.6511,263.9034,0.9804,2.9981,169.4107,0.2478,0.2102,-103.288,-0.0281,-1090.6177,0.0401,88.4551,-13.423400000000001,30.3638,75.6101,115.3101,161.7241,242.2921,0.075,1.0132,12.2117,1.0152,-0.0105,1.086,0.1009,1.086,-2e-4,1.086,NA,1,0.315,0.0611,0.0443,0.7238
2026-01-30,17:30:00,30.729,0.0738,1,6.4007,1,-0.1477,2,-0.0144,2,-0.0033,2,NA,3,0,0,NA,17.9774,418.9738,420.3022,0.1,1,135.6133,3.1605,3.1706,0.1,1,NA,NA,NA,NA,0,267.6026,267.3345,95089.4587,1.2377,1006.781,0.0234,-2e-4,0.0024,300.3132,395.2854,0.002,75.9738,94.9722,263.7523,0.9791,3.2873,171.3965,0.2442,0.2332,-191.2001,-0.0152,-43.328,0.021,87.2142,-13.2351,29.9378,74.5494,113.6925,159.4554,238.8933,0.0729,1.0132,6.3036,1.0152,-0.136,1.086,-0.0132,1.086,-0.003,1.086,NA,1,0.3719,0.0501,0.0446,38.3007
2026-01-30,18:00:00,30.749,0.0776,1,4.9348,1,4.4583,1,0.3203,1,0.0985,1,-8e-4,1,-0,-0,-0,17.9973,418.6834,419.9619,-0.1,0,130.8598,3.0443,3.0536,0.1,1,0.1003,2.1509,2.1574,0.3,0,267.4344,267.8397,95446.9599,1.2401,1006.7252,0.0233,0.0064,0.0024,290.6458,410.7852,0.0019,70.7537,120.1395,263.337,0.9301,3.6522,169.964,0.2502,0.2534,-267.4984,-0.0108,1.1069,0.0158,86.4205,-13.1146,29.6653,73.8709,112.6578,158.0042,236.719,0.0766,1.0137,5.0887,1.0155,4.1052,1.086,0.295,1.086,0.0907,1.086,-0.0027,1.1488,0.3739,0.0851,0.0479,74.4386
2026-01-30,18:30:00,30.77,0.1024,1,0.9594,1,-0.1808,1,-0.0998,2,-0.004,1,-0.001,1,0,0,0,18.0013,418.1994,419.4237,-0.1,0,125.6541,2.9192,2.9277,0.1,1,0.1005,2.151,2.1573,-0.2,0,267.0676,267.4574,95451.6632,1.242,1006.6535,0.0233,-3e-4,0.0023,278.7129,399.0127,0.0018,69.8506,120.2998,262.807,1.1225,3.8297,171.9339,0.2872,0.3083,-2080.1832,-0.0014,-5.3077,0.0027,87.2138,-13.235,29.9377,74.5491,113.6921,159.4547,238.8922,0.1012,1.012,0.9374,1.0146,-0.1664,1.0862,-0.0918,1.0862,-0.0037,1.0862,-0.0013,1.1481,0.4367,0.1183,0.0616,76.8669
2026-01-30,19:00:00,30.791,0.077,1,0.7564,1,0.8552,1,0.1183,1,0.0189,1,-5e-4,1,-0,-0,-0,18.0079,417.948,419.1575,0.2,0,124.3252,2.8855,2.8938,0.1,1,0.1005,2.151,2.1572,0,0,266.9296,267.3372,95459.9608,1.2426,1006.6341,0.0233,0.0012,0.0022,275.5218,395.3754,0.0018,69.6861,119.8536,262.6619,0.8481,3.6688,172.9636,0.2489,0.2294,-1718.1302,-0.0017,0.8845,0.0024,88.007,-13.3554,30.21,75.2271,114.726,160.9049,241.0648,0.0759,1.0146,0.7881,1.0161,0.7873,1.0862,0.109,1.0862,0.0174,1.0862,-8e-4,1.1494,0.3443,0.0692,0.0453,77.4489
2026-01-30,19:30:00,30.812,0.0728,1,0.8734,1,1.0452,1,-0.0246,2,0.0231,1,-0.0019,1,0,0,0,18.023,418.09,419.3172,0.1,1,126.1601,2.9266,2.9352,0.7,0,0.1006,2.1519,2.1583,0,0,266.8146,267.2148,95450.6365,1.2431,1006.6551,0.0233,0.0015,0.0023,279.4212,391.6994,0.0018,71.3356,112.2782,262.839,0.7957,3.175,176.107,0.242,0.2085,-1367.7949,-0.0021,0.8356,0.0029,82.1618,-12.4684,28.2035,70.2307,107.1062,150.218,225.0539,0.0717,1.0153,0.9125,1.0165,0.9621,1.0864,-0.0227,1.0864,0.0212,1.0864,-0.0022,1.1499,0.2683,0.0979,0.0508,77.2664
2026-01-30,20:00:00,30.833,0.0443,1,1.693,2,-0.3116,2,-0.0779,2,-0.0069,2,-0.0011,1,0,0,0,18.068,418.43,419.6659,0.1,1,127.1713,2.9451,2.9538,-0.1,0,0.1007,2.1503,2.1567,0.8,0,266.5567,266.963,95461.4032,1.2444,1006.6625,0.0233,-4e-4,0.0023,281.2204,384.2355,0.0018,73.1896,103.015,262.92,0.6046,2.9058,174.2129,0.1888,0.1384,-334.8115,-0.0087,-5.4336,0.0072,3.7105,2,3,6,10,20,65,0.0435,1.0188,1.6479,1.0187,-0.2863,1.0881,-0.0715,1.0881,-0.0063,1.0881,-0.0015,1.1527,0.1474,0.0957,0.0337,76.9725
2026-01-30,20:30:00,30.854,0.0222,1,1.9671,2,0.5571,1,0.0594,2,0.0123,1,-7e-4,1,0,0,0,18.141,419.3351,420.5401,-0.1,0,123.9524,2.8652,2.8734,0.6,0,0.1007,2.1472,2.1534,0.7,0,266.1267,266.5645,95462.3008,1.2463,1006.6154,0.0232,8e-4,0.0022,273.5927,372.6777,0.0018,73.4127,99.085,262.5734,0.22,2.0203,162.0441,0.1335,0.1237,-101.8855,-0.0285,3.5312,0.0117,0.9714,1,1,2,3,5,16,0.0213,1.0417,1.932,1.0338,0.5039,1.1055,0.0538,1.1055,0.0111,1.1055,-0.0013,1.1747,0.0572,0.1714,0.0188,77.0255
2026-01-30,21:00:00,30.874,0.0297,1,5.6346,1,0.4673,2,0.7144,1,0.0103,2,-0.0021,1,-0,-0,-0,18.1567,419.8222,421.0195,0.2,0,123,2.844,2.8521,0.1,1,0.1007,2.1454,2.1515,0.1,0,266.0009,266.4445,95472.2715,1.247,1006.6027,0.0232,7e-4,0.0022,271.598,369.2596,0.0018,73.552,97.6617,262.4814,0.2905,1.5164,24.2204,0.1544,0.139,-55.0469,-0.0527,12.0588,0.0291,1.3023,1,1,2,3,6,16,0.0288,1.0334,5.5077,1.0283,0.4252,1.0988,0.6502,1.0988,0.0094,1.0988,-0.0038,1.1665,0.0165,0.2549,0.0066,77.0666
2026-01-30,21:30:00,30.895,0.0109,1,1.5019,1,0.6539,1,0.3457,1,0.0144,1,-0.0011,1,0,0,0,18.158,420.3495,421.5386,0.1,1,121.85,2.8208,2.8287,0.1,1,0.1006,2.1441,2.1502,-0.2,0,266.1241,266.5897,95476.2729,1.2464,1006.5916,0.0232,9e-4,0.0022,269.3889,373.3993,0.0018,72.145,104.0104,262.3787,0.3139,0.98,337.8463,0.0934,0.0966,-45.66,-0.0635,2.2968,0.0128,4.1614,2,3,6,10,19,55,0.0105,1.0314,1.4961,1.027,0.5959,1.0973,0.315,1.0973,0.0131,1.0973,-0.0015,1.1645,0.11,0.0789,0.0043,77.184
2026-01-30,22:00:00,30.916,0.0162,1,-0.7731,1,0.2589,1,0.1445,1,0.0057,1,-8e-4,1,0,0,0,18.1975,420.8697,422.0461,0.2,0,120.5226,2.7874,2.7952,0.1,1,0.1006,2.1431,2.1491,0.5,0,265.9142,266.3796,95483.5317,1.2475,1006.5716,0.0232,4e-4,0.0022,266.2254,367.4236,0.0017,72.4574,101.1982,262.2304,0.2356,1.0275,306.9281,0.1139,0.0875,161.0256,0.018,-2.9865,-0.0054,1.4474,1,1,2,4,8,26,0.0159,1.0209,-0.7465,1.0192,0.2349,1.1023,0.1311,1.1023,0.0052,1.1023,-5e-4,1.1855,0.0888,0.0806,0.0057,77.1889
2026-01-30,22:30:00,30.937,0.0065,1,5.9374,1,0.5105,1,-8e-4,2,0.0113,1,-0.0014,1,-0,-0,-0,18.1475,420.2962,421.4692,0.1,1,120.1707,2.7832,2.7909,0.1,1,0.1006,2.1432,2.1492,0,0,266.0157,266.5131,95489.9665,1.2469,1006.5705,0.0232,7e-4,0.0022,265.8352,371.2097,0.0017,71.6132,105.3745,262.212,0.2855,0.832,19.7309,0.0722,0.0518,-5.336,-0.5435,11.6305,0.0655,4.4315,2,4,6,9,16,38,0.0063,1.0339,5.8027,1.0286,0.4644,1.0992,-7e-4,1.0992,0.0102,1.0992,-0.0032,1.1669,0.0233,0.0741,0.0062,77.2973
2026-01-30,23:00:00,30.958,0.0361,1,0.8708,1,1.2513,2,0.0102,2,0.0276,2,NA,3,0,0,NA,18.1382,420.6537,421.8381,0,0,121.0727,2.8079,2.8158,0.1,1,NA,NA,NA,NA,0,266.2097,265.9727,95193.8824,1.2456,1006.5773,0.0233,0.0018,0.0022,267.1251,356.0808,0.0017,75.0181,88.9558,262.2727,0.1248,1.0533,289.754,0.1702,0.0741,-475.8801,-0.0061,0.6959,0.0041,0.1394,1,1,4,NA,NA,NA,0.0339,1.0646,0.8911,1.0492,1.1123,1.125,0.009,1.125,0.0245,1.125,NA,1,0.0918,0.0415,0.0148,41.3305
2026-01-30,23:30:00,30.979,0.0074,1,1.5271,1,0.9226,1,1.0676,1,0.0204,1,0.0087,2,-0,-0,-0,18.0902,419.2932,420.4754,-0.2,0,121.3104,2.8117,2.8196,0.1,1,0.1023,2.1834,2.1895,0,1,266.3352,266.7388,95482.586,1.2458,1006.5882,0.0232,0.0013,0.0022,268.5419,377.6941,0.0018,71.1004,109.1522,262.3391,1.0347,2.3359,312.8138,0.0769,0.1559,-25.0944,-0.1156,1.6553,0.0158,35.3944,16,29,50,78,133,341,0.0073,1.0127,1.5522,1.0149,0.8495,1.086,0.983,1.086,0.0187,1.086,0.0077,1.1483,0.2281,0.0609,0.0227,53.3284
2026-01-31,00:00:00,31,0.0087,1,3.3615,0,-0.3522,2,0.2494,0,-0.0078,2,-7e-4,0,-0,-0,-0,18.0872,418.8374,420.0015,0.3,0,119.6935,2.7717,2.7794,0.1,1,0.1007,2.1486,2.1545,0.2,0,266.3278,266.7292,95459.4518,1.2455,1006.5665,0.0232,-5e-4,0.0021,264.6544,377.4167,0.0017,70.1226,112.7623,262.1561,0.9586,2.0799,308.0149,0.0834,0.1127,-14.5486,-0.1993,-9.5452,0.0321,26.9977,12,22,37,57,95,232,0.0086,1.0134,3.296,1.0153,-0.3243,1.086,0.2297,1.086,-0.0072,1.086,-0.0017,1.1487,0.1453,0.0568,0.0234,75.4213
2026-01-31,00:30:00,31.02,0.0274,0,4.606,0,2.4017,1,0.2615,1,0.053,1,0.0139,2,-0,-0,-0,18.0853,419.0899,420.243,0,0,118.4116,2.7439,2.7515,0.1,1,0.1011,2.1577,2.1636,0,1,266.3096,266.7386,95455.997,1.2454,1006.5516,0.0232,0.0034,0.0021,261.9964,377.6898,0.0017,69.3682,115.6933,262.0296,0.6489,3.4833,344.8703,0.1483,0.2934,-59.6774,-0.0486,1.9178,0.0248,6.6837,3,6,10,17,31,90,0.0269,1.0178,4.6483,1.0181,2.2083,1.0876,0.2404,1.0876,0.0487,1.0876,0.0115,1.1518,0.2773,0.265,0.0446,67.0184
2026-01-31,01:00:00,31.041,0.0553,1,6.1306,1,1.4531,1,0.1205,1,0.032,1,NA,3,-0,-0,NA,18.081,419.284,420.4798,0.1,1,122.6411,2.844,2.8521,0.1,1,NA,NA,NA,NA,0,266.2299,265.9898,95140.496,1.2448,1006.5969,0.0233,0.0021,0.0022,270.4032,356.5521,0.0018,75.8383,86.1489,262.4259,0.3254,2.4207,160.8607,0.2107,0.2025,-128.3236,-0.0226,4.2189,0.0232,79.3618,-12.0435,27.2423,67.8373,103.4561,145.0986,217.3842,0.0536,1.0305,6.0504,1.0264,1.3252,1.0966,0.1099,1.0966,0.0292,1.0966,NA,1,0.2018,0.1611,0.042,34.6982
2026-01-31,01:30:00,31.062,0.0364,1,8.824,0,3.7905,1,-0.1172,2,0.0836,1,NA,3,-0,-0,NA,18.0916,419.4674,420.6516,0.2,0,121.4187,2.8152,2.8231,0.1,1,NA,NA,NA,NA,0,266.0737,265.8362,95146.2974,1.2456,1006.5799,0.0232,0.0054,0.0022,267.687,352.3509,0.0018,75.9717,84.6639,262.2991,0.525,3.6258,355.8329,0.1708,0.4929,-47.504,-0.061,2.3279,0.0412,3.5152,2,3,5,9,16,47,0.0356,1.021,8.8468,1.0201,3.4792,1.0895,-0.1076,1.0895,0.0767,1.0895,NA,1,0.5169,0.3869,0.082,6.5588
2026-01-31,02:00:00,31.083,0.1222,0,11.6011,1,2.7791,1,0.1354,1,0.0612,1,NA,3,-0,-0,NA,18.184,420.8319,421.8887,-0.1,0,108.2403,2.505,2.5113,0.1,1,NA,NA,NA,NA,0,265.3794,265.1686,95125.4139,1.2486,1006.4067,0.0232,0.004,0.0019,238.1644,334.5956,0.0016,71.1798,96.4312,260.8411,0.812,4.8471,344.1527,0.3128,0.9061,-221.7158,-0.0131,4.1745,0.0295,58.4757,-8.8739,20.0728,49.9841,76.2289,106.9122,160.1739,0.1204,1.0151,11.5619,1.0164,2.5582,1.0863,0.1247,1.0863,0.0564,1.0863,NA,1,0.8941,0.7196,0.1986,0.4918
2026-01-31,02:30:00,31.104,0.0799,0,7.9513,1,3.4756,1,-0.3514,1,0.0765,1,NA,3,-0,-0,NA,18.2365,420.9545,421.94,0,0,101.1884,2.3357,2.3412,0.1,1,NA,NA,NA,NA,0,264.9027,264.7065,95125.4139,1.2509,1006.3115,0.0232,0.005,0.0018,222.0835,322.7758,0.0015,68.8042,100.6923,259.9777,0.953,5.0963,314.2263,0.2527,0.7953,-170.6455,-0.017,2.2877,0.025,54.2391,-8.231,18.6185,46.3628,70.7062,99.1664,148.5693,0.0788,1.0135,8.0095,1.0154,3.2004,1.086,-0.3236,1.086,0.0705,1.086,NA,1,0.815,0.6191,0.1565,4.9715
2026-01-31,03:00:00,31.124,0.0873,0,7.6589,0,4.1401,1,0.0324,2,0.0911,1,NA,3,-0,-0,NA,18.2954,421.7201,422.6728,0,0,97.7821,2.2539,2.259,0.1,1,NA,NA,NA,NA,0,264.6026,264.4135,95162.5433,1.2528,1006.2649,0.0231,0.0059,0.0018,214.3944,315.4767,0.0014,67.9589,101.0823,259.545,1.1216,3.7883,314.5471,0.264,0.6253,-201.9293,-0.0144,1.8499,0.023,57.9525,-8.7945,19.8932,49.5369,75.5469,105.9556,158.7408,0.0863,1.0121,7.7599,1.0146,3.8117,1.0862,0.0298,1.0862,0.0839,1.0862,NA,1,0.5659,0.5399,0.1447,11.7549
2026-01-31,03:30:00,31.145,0.005,2,5.4612,2,0.9964,2,-0.0949,2,0.0219,2,0.0092,2,0,0,0,18.3106,421.7644,422.6872,0,0,94.7786,2.1831,2.1879,0.1,1,0.1035,2.1878,2.1926,0,1,264.4274,264.8164,95351.2052,1.2534,1006.2312,0.0231,0.0014,0.0017,208.2192,325.5574,0.0014,63.9578,117.3382,259.1873,1.5201,5.492,308.6149,0.0635,0.7851,-3.9412,-0.7358,5.4811,0.0682,48.5323,22,38,62,92,146,321,0.005,1.01,5.4411,1.0136,0.9157,1.0881,-0.0873,1.0881,0.0202,1.0881,0.0069,1.1482,0.8148,0.638,0.1174,70.0212
2026-01-31,04:00:00,31.166,0.0312,1,4.3887,0,1.7117,1,-0.1688,1,0.0377,1,NA,3,-0,-0,NA,18.3248,421.9647,422.8661,0.2,0,92.5686,2.1316,2.1361,0.1,1,NA,NA,NA,NA,0,264.2929,264.1142,95172.9885,1.2544,1006.1966,0.0231,0.0024,0.0017,202.7853,308.173,0.0013,65.8024,105.3876,258.8647,1.0968,4.5038,311.7583,0.1578,0.609,-75.2521,-0.0385,2.564,0.022,14.1924,6,12,22,36,65,191,0.0309,1.0122,4.413,1.0147,1.576,1.0861,-0.1554,1.0861,0.0347,1.0861,NA,1,0.6247,0.5205,0.0728,44.0581
2026-01-31,04:30:00,31.187,0.0271,0,2.0936,0,0.3598,0,-0.0219,2,0.0079,0,NA,3,-0,-0,NA,18.3273,422.0732,422.9935,-0.2,0,94.4761,2.1758,2.1805,0.1,1,NA,NA,NA,NA,0,264.1111,263.9289,95224.0706,1.2559,1006.2188,0.0231,5e-4,0.0017,207.0971,303.7256,0.0014,68.1856,96.6285,259.1213,0.9475,2.2635,309.4292,0.1469,0.2205,-127.3045,-0.0228,5.8191,0.0113,12.5149,5,11,20,33,61,188,0.0267,1.0135,2.081,1.0154,0.3313,1.086,-0.0202,1.086,0.0073,1.086,NA,1,0.1714,0.2289,0.0407,4.9524
2026-01-31,05:00:00,31.208,0.0199,0,4.3841,1,0.3854,1,-0.2749,1,0.0085,1,NA,3,-0,-0,NA,18.3467,422.3445,423.287,0.1,1,96.7202,2.2265,2.2315,0.1,1,NA,NA,NA,NA,0,263.971,263.7846,95224.0706,1.2566,1006.2449,0.023,5e-4,0.0017,211.9254,300.3027,0.0014,70.5706,88.3773,259.4031,0.8486,2.4847,313.9787,0.1259,0.1483,-38.2746,-0.0758,11.376,0.0275,13.5134,6,11,20,32,57,155,0.0196,1.0146,4.3369,1.0161,0.3548,1.0862,-0.2531,1.0862,0.0078,1.0862,NA,1,0.1816,0.0881,0.0269,5.952
2026-01-31,05:30:00,31.229,0.0221,0,1.2495,1,-0.3943,2,0.1213,1,-0.0087,2,NA,3,-0,-0,NA,18.3882,423.0918,424.0312,0.1,1,96.2879,2.2155,2.2204,0.1,1,NA,NA,NA,NA,0,263.7509,263.5656,95206.6532,1.2574,1006.2372,0.023,-6e-4,0.0017,210.8358,295.1737,0.0014,71.4277,84.3379,259.34,1.0272,2.863,307.0535,0.1327,0.1933,-157.1691,-0.0185,-3.169,0.0074,16.4466,7,14,26,44,82,254,0.0219,1.0128,1.2124,1.015,-0.3631,1.086,0.1117,1.086,-0.008,1.086,NA,1,0.2475,0.1019,0.0371,1.4317
2026-01-31,06:00:00,31.249,0.048,0,2.5336,1,1.4246,2,0.2249,2,0.0313,2,NA,3,0,0,NA,18.4157,423.6406,424.5809,0.2,0,96.2673,2.2146,2.2195,0.1,1,NA,NA,NA,NA,0,263.5279,263.3428,95206.6532,1.2585,1006.2349,0.023,0.002,0.0017,210.7494,290.0363,0.0014,72.6631,79.2869,259.335,0.5289,2.6735,320.3909,0.1953,0.2704,-247.0348,-0.0117,1.7784,0.0102,2.7036,1,2,4,8,14,47,0.047,1.0208,2.5558,1.02,1.3077,1.0894,0.2064,1.0894,0.0288,1.0894,NA,1,0.2958,0.1971,0.0479,1.2108
2026-01-31,06:30:00,31.27,0.0313,0,-0.62,2,-2.5558,1,-0.3555,1,-0.0562,1,NA,3,0,0,NA,18.4024,422.9816,423.8791,0.1,0,92.1211,2.1174,2.1219,0.1,1,NA,NA,NA,NA,0,263.264,263.0872,95116.1338,1.2585,1006.1807,0.023,-0.0036,0.0017,201.3195,284.2408,0.0013,70.8271,82.9214,258.7763,0.74,3.0162,311.0177,0.1578,0.2986,532.4767,0.0054,0.2426,-0.0031,7.0544,3,6,12,21,40,139,0.031,1.0099,-0.73740000000000006,1.0133,-2.3379,1.0932,-0.3252,1.0932,-0.0514,1.0932,NA,1,0.3324,0.2177,0.0472,6.102
2026-01-31,07:00:00,31.291,0.0476,0,-1.5025,2,-1.5054,1,-1.7625,1,-0.0331,1,NA,3,-0,-0,NA,18.3628,420.2711,421.0869,-0.1,0,84.6501,1.9374,1.9412,0.1,1,NA,NA,NA,NA,0,262.7673,262.6059,95105.6948,1.2608,1006.0803,0.023,-0.0021,0.0015,184.1935,273.6051,0.0012,67.3209,89.4116,257.6991,0.4904,2.922,342.08,0.1942,0.3387,409.7791,0.0071,0.9981,-0.0061,2.2526,1,2,4,7,13,43,0.047,1.0127,-1.5552,1.0147,-1.3761,1.0939,-1.6112,1.0939,-0.0302,1.0939,NA,1,0.351,0.2392,0.0871,6.9975
2026-01-31,09:30:00,31.395,0.0189,1,5.4034,1,0.469,2,-0.0324,1,0.0103,2,0.006,1,0,0,0,18.3061,426.3787,427.0863,-0.2,0,71.1309,1.6568,1.6595,0.1,1,0.1045,2.1911,2.1947,0.8,0,262.2596,262.9962,95293.0135,1.2615,1005.9333,0.0229,7e-4,0.0013,157.9195,282.2046,0.001,55.9592,124.2851,255.8583,1.5651,4.2154,308.4933,0.1223,0.4112,-28.5005,-0.1018,11.521,0.0348,33.401,15,27,47,75,129,334,0.0187,1.0099,5.3571,1.0135,0.4309,1.0884,-0.0297,1.0884,0.0095,1.0884,0.0039,1.1483,0.5197,0.237,0.0656,69.3151
2026-01-31,10:00:00,31.416,0.0507,1,12.3591,1,2.3399,1,-0.2799,1,0.0514,1,-0.0106,2,0,0,0,18.3262,426.5149,427.1923,0.1,1,68.1381,1.5858,1.5883,0.1,1,0.1047,2.1936,2.1971,-0.2,0,262.0551,262.819,95294.3358,1.2624,1005.8939,0.0229,0.0033,0.0012,151.159,278.2711,0.001,54.3208,127.1121,255.3405,1.716,5.4905,310.9268,0.2004,0.6851,-54.7954,-0.0529,5.2819,0.0486,47.8813,-7.2662,16.4361,40.9282,62.4181,87.5422,131.1542,0.0502,1.0094,12.3164,1.0134,2.1476,1.0895,-0.2569,1.0895,0.0472,1.0895,-0.0143,1.1488,0.8424,0.3935,0.1344,72.4817
2026-01-31,10:30:00,31.437,0.1178,0,11.4013,0,2.0189,1,-0.0624,0,0.0444,1,-7e-4,2,0,0,0,18.3354,426.6757,427.3751,0.1,1,70.3287,1.6366,1.6393,0.1,1,0.1054,2.2071,2.2107,-0.1,0,261.8832,262.8289,95296.0072,1.2624,1005.9212,0.0229,0.0029,0.0013,156.0023,278.4905,0.001,56.0171,122.4882,255.7135,1.7761,5.6804,307.3774,0.3055,0.8756,-210.3027,-0.0138,5.6473,0.0294,63.7727,-9.6778,21.8911,54.5119,83.1341,116.5968,174.6833,0.1167,1.0093,11.3556,1.0133,1.8522,1.09,-0.0572,1.09,0.0407,1.09,-0.0046,1.1491,1.0531,0.5456,0.1525,61.9009
2026-01-31,11:00:00,31.458,0.0742,1,7.5888,1,3.2046,1,0.265,2,0.0704,1,0.0235,0,0,0,0,18.3204,426.6174,427.3067,0.1,0,69.2752,1.6132,1.6158,0.1,1,0.1052,2.2024,2.206,0.9,0,261.7132,262.676,95273.4443,1.2628,1005.9075,0.0229,0.0046,0.0013,153.7344,275.1345,0.001,55.8761,121.4001,255.5401,2.4671,6.0542,308.4751,0.2425,0.9836,-157.9971,-0.0184,2.3681,0.0246,48.15,-7.3069,16.5283,41.1579,62.7684,88.0336,131.8903,0.0736,1.0082,7.647,1.0135,2.9221,1.0967,0.2416,1.0967,0.0642,1.0967,0.0196,1.1531,1.2241,0.5491,0.1939,68.249
2026-01-31,11:30:00,31.479,0.1072,1,12.4897,0,1.5479,0,0.0842,2,0.034,0,-0.0012,0,0,0,0,18.2531,426.0456,426.7168,0.1,1,67.3865,1.5729,1.5753,0.1,1,0.1049,2.2027,2.2061,0,0,262.0425,263.2677,95243.7904,1.2596,1005.8905,0.023,0.0022,0.0012,149.8464,288.3237,0.001,51.9716,138.4773,255.2375,2.2385,6.9353,310.0721,0.2918,1.4111,-167.2702,-0.0173,8.0686,0.0338,52.0446,-7.898,17.8652,44.4869,67.8454,95.1541,142.5582,0.1063,1.0084,12.4066,1.0134,1.4145,1.0943,0.077,1.0943,0.0311,1.0943,-0.0054,1.1515,1.7694,0.8216,0.2312,75.016
2026-01-31,12:00:00,31.499,0.1844,1,8.9946,1,5.1198,0,0.6916,1,0.1126,0,0.0071,2,0,0,0,18.216,425.8965,426.5274,-0.1,0,63.2626,1.4791,1.4813,0.1,1,0.1043,2.1913,2.1946,0,1,262.4184,263.5579,95195.6482,1.2576,1005.8426,0.023,0.0073,0.0012,140.842,294.9978,9e-4,47.7434,154.1558,254.5088,2.5853,7.8905,309.753,0.3829,1.7032,-524.7853,-0.0055,1.7568,0.0186,53.0054,-8.0438,18.195,45.3082,69.0979,96.9108,145.19,0.1829,1.0081,9.1269,1.0136,4.6629,1.098,0.6299,1.098,0.1026,1.098,0.0035,1.1539,1.9207,1.1053,0.3805,76.9753
2026-01-31,12:30:00,31.52,0.1082,1,5.5675,1,9.2302,1,-0.0527,1,0.2031,1,0.0095,1,0,0,0,18.1533,425.1812,425.7322,0.1,1,55.2602,1.2943,1.296,0.1,1,0.1033,2.1746,2.1775,-0.5,0,262.9178,263.9583,95134.0739,1.255,1005.747,0.0231,0.0132,0.001,123.1642,304.4302,8e-4,40.4573,181.266,252.9479,2.8286,9.581,309.3419,0.2937,1.8875,-382.2458,-0.0076,0.6032,0.015,44.2049,-6.7083,15.1741,37.7857,57.6256,80.8207,121.0841,0.1074,1.008,5.9421,1.0139,8.3854,1.1007,-0.0479,1.1007,0.1845,1.1007,0.0066,1.1558,2.5461,0.8765,0.3523,81.9079
2026-01-31,13:00:00,31.541,0.1757,1,-5.472,1,8.4522,1,0.0146,2,0.1861,1,0.0065,1,0,0,0,18.0658,423.9334,424.3797,0.1,1,44.8164,1.0517,1.0528,0.1,1,0.1021,2.1549,2.1572,-0.3,0,263.5141,264.4258,95067.5319,1.252,1005.6213,0.0231,0.0121,8e-4,100.0061,315.7824,7e-4,31.6693,215.7762,250.5668,3.3761,9.4353,311.3553,0.3746,2.181,806.6964,0.0036,-0.6474,-0.0116,53.5413,-8.1251,18.379,45.7663,69.7965,97.8906,146.658,0.1745,1.007,-4.9908,1.0146,7.543,1.1205,0.0131,1.1205,0.1661,1.1205,0.0072,1.1865,2.5873,1.4196,0.355,83.455
2026-01-31,13:30:00,31.562,0.1352,1,8.6423,0,13.4454,0,-0.8423,0,0.2961,0,2e-4,0,0,0,0,18.0184,423.7658,424.1957,0.3,0,43.0906,1.0134,1.0145,0.9,0,0.1019,2.154,2.1561,0.2,0,263.9805,264.9244,95015.3342,1.249,1005.6052,0.0232,0.0192,8e-4,96.3169,328.306,6e-4,29.3375,231.9891,250.1426,3.0149,9.6641,311.7425,0.329,1.8346,-345.9066,-0.0084,0.6428,0.0209,52.8092,-8.014,18.1277,45.1405,68.8422,96.5521,144.6527,0.1341,1.0079,9.1801,1.0141,12.1908,1.1029,-0.7637,1.1029,0.2685,1.1029,-0.0035,1.1573,2.1664,1.2192,0.2835,82.8638
2026-01-31,14:00:00,31.583,0.0677,1,7.5119,1,10.8034,1,-0.5634,1,0.2381,1,0.0028,2,-0,-0,-0,17.9726,423.9729,424.4489,0.1,1,47.5398,1.1215,1.1227,0.1,1,0.102,2.1622,2.1647,0,1,264.5326,265.5004,94967.8989,1.2456,1005.6681,0.0232,0.0154,9e-4,106.5313,343.3211,7e-4,31.0296,236.7898,251.2839,2.392,7.8361,312.2401,0.2331,1.2448,-141.5364,-0.0205,0.6953,0.0257,45.8666,-6.9604,15.7445,39.2061,59.7918,83.8588,125.6358,0.0671,1.0083,7.9461,1.0135,9.8579,1.0959,-0.5141,1.0959,0.2172,1.0959,-5e-4,1.1526,1.4302,0.857,0.2024,81.438
2026-01-31,14:30:00,31.604,0.1125,1,1.2227,2,8.8255,0,-0.4591,0,0.1945,0,7e-4,2,0,0,0,17.9782,424.1123,424.6501,0.1,1,53.6816,1.2664,1.268,0.7,0,0.1023,2.1701,2.1728,0,0,264.8355,265.6776,94937.5327,1.2443,1005.7473,0.0233,0.0126,0.001,120.2582,348.0636,8e-4,34.5506,227.8054,252.6723,2.0192,7.2383,311.8696,0.3006,1.5912,-1864.6896,-0.0016,0.1385,0.0032,50.5104,-7.6651,17.3386,43.1755,65.8454,92.3491,138.3558,0.1115,1.0088,1.6433,1.0133,8.0808,1.0922,-0.4203,1.0922,0.1781,1.0922,-4e-4,1.1503,1.8715,1.0464,0.2646,80.4967
2026-01-31,15:00:00,31.624,0.0876,1,5.5853,1,10.3751,0,-1.3323,0,0.2287,0,8e-4,1,0,0,0,17.9792,424.3796,424.9072,0.1,1,52.6041,1.2417,1.2432,0.1,1,0.102,2.1662,2.1689,-0.6,0,265.1361,265.8908,94912.6647,1.243,1005.7361,0.0233,0.0148,0.001,117.8813,353.845,8e-4,33.3144,235.9637,252.4424,1.6028,8.0434,311.041,0.2654,1.2431,-280.8783,-0.0103,0.5383,0.0168,48.8916,-7.4195,16.7829,41.7918,63.7351,89.3894,133.9217,0.0867,1.0097,6.0282,1.0135,9.5302,1.0887,-1.2238,1.0887,0.2101,1.0887,-0.0018,1.1484,1.3805,0.8819,0.2237,82.6947
2026-01-31,15:30:00,31.645,0.0633,1,1.9346,1,13.0956,1,0.1702,0,0.2887,1,9e-4,2,-0,-0,-0,17.9445,423.9347,424.524,0,0,58.7548,1.3881,1.39,0.1,1,0.1018,2.1625,2.1655,0,1,265.145,265.9022,94896.4965,1.2427,1005.8145,0.0233,0.0187,0.0011,131.7582,354.1552,9e-4,37.2035,222.397,253.7301,1.5102,5.4989,319.6129,0.2257,0.8323,-498.6501,-0.0058,0.1477,0.0069,48.4102,-7.3464,16.6176,41.3803,63.1075,88.5092,132.6029,0.0627,1.0101,2.5601,1.0136,12.0363,1.088,0.1564,1.088,0.2653,1.088,-6e-4,1.1482,0.883,0.6156,0.1658,75.6877
2026-01-31,16:00:00,31.666,0.0691,1,3.73,1,4.3833,1,0.2037,1,0.0966,1,-0.002,1,0,0,0,17.9507,423.6313,424.2436,0.1,1,61.1579,1.4433,1.4454,0.1,1,0.1015,2.1543,2.1574,0.1,0,265.0293,265.6604,94873.4414,1.2435,1005.8418,0.0233,0.0063,0.0011,136.9685,347.6005,9e-4,39.404,210.632,254.1824,1.8966,6.5681,314.723,0.2358,1.1259,-294.6406,-0.0098,0.8509,0.0126,45.4301,-6.8942,15.5947,38.8329,59.2227,83.0606,124.44,0.0685,1.009,3.8997,1.0133,4.0176,1.091,0.1867,1.091,0.0885,1.091,-0.0034,1.1496,1.185,0.8547,0.2121,81.0992
2026-01-31,16:30:00,31.687,0.0523,1,-1.8867,1,9.1156,1,0.1455,1,0.2009,1,3e-4,2,0,0,0,17.9448,423.3362,423.9097,0,0,57.3452,1.3528,1.3547,0.1,1,0.1014,2.1521,2.1551,-0.7,0,265.1431,265.6991,94862.4768,1.2432,1005.7937,0.0233,0.013,0.001,128.3675,348.6419,8e-4,36.8193,220.27440000000001,253.4271,2.4599,6.7977,316.0423,0.2051,0.9242,383.5733,0.0076,-0.207,-0.0074,42.0727,-6.3847,14.4422,35.9631,54.846,76.9223,115.2436,0.052,1.0068,-1.4187,1.0132,8.2212,1.1088,0.1312,1.1088,0.1812,1.1088,3e-4,1.1786,0.9189,0.735,0.1945,80.0452
2026-01-31,17:00:00,31.708,0.0214,1,-5e-4,2,10.667,1,-0.0847,2,0.2351,1,0.001,2,-0,-0,-0,17.9355,423.3061,423.8517,-0.2,0,54.5385,1.2872,1.2889,0.7,0,0.1011,2.1468,2.1496,-0.8,0,265.2887,265.8493,94851.7996,1.2424,1005.76,0.0233,0.0152,0.001,122.1252,352.7107,8e-4,34.6247,230.5855,252.85,1.8753,5.0485,312.0762,0.1313,0.54990000000000006,377420.9735,0,-0,-0,36.8628,16,32,61,106,207,700,0.0212,1.009,0.5283,1.0133,9.7786,1.0909,-0.0776,1.0909,0.21560000000000001,1.0909,2e-4,1.1495,0.556,0.4247,0.1192,82.5547
2026-01-31,17:30:00,31.729,0.0518,0,-1.1265,2,6.1872,0,-0.2875,1,0.1364,0,0.0033,1,-0,-0,-0,17.9652,423.4765,423.9963,0.1,1,52.0082,1.2259,1.2274,0.1,1,0.1011,2.1436,2.1462,0.7,0,265.0737,265.5579,94870.5389,1.244,1005.7245,0.0233,0.0088,9e-4,116.3366,344.8544,8e-4,33.735,228.5179,252.2908,2.3144,5.7396,310.8151,0.2041,0.5073,632.8005,0.0046,-0.1821,-0.0044,48.2458,-7.3215,16.5612,41.2398,62.8933,88.2087,132.1527,0.0515,1.0067,-0.8104,1.0128,5.5958,1.1057,-0.26,1.1057,0.1233,1.1057,0.0031,1.1753,0.5306,0.3473,0.1367,82.0226
2026-01-31,18:00:00,31.749,0.0629,1,-1.1688,0,8.848,0,-0.3505,1,0.1949,0,-0.002,1,0,0,0,17.9797,423.3058,423.8401,0.1,1,53.5425,1.2606,1.2622,0.1,1,0.1011,2.1425,2.1453,0,0,264.8744,265.3311,94880.3486,1.2452,1005.741,0.0232,0.0126,0.001,119.6363,338.8454,8e-4,35.307,219.2091,252.6126,2.4841,6.1507,316.889,0.2247,0.6689,813.9782,0.0036,-0.1321,-0.0042,49.0675,-7.4462,16.8433,41.9422,63.9645,89.7111,134.4036,0.0624,1.0067,-0.7231,1.013,7.9903,1.1073,-0.3166,1.1073,0.1761,1.1073,-0.0021,1.176,0.7349,0.4439,0.1589,82.7502
2026-01-31,18:30:00,31.77,0.1248,0,-1.5535,1,4.6705,0,-0.686,0,0.1029,0,-0.0025,0,0,0,0,18.019,423.6839,424.2273,0.1,1,54.4793,1.281,1.2826,0.1,1,0.1013,2.1432,2.146,0.6,0,264.5946,265.0423,94872.2559,1.2464,1005.7492,0.0232,0.0067,0.001,121.5619,331.3312,8e-4,36.6889,209.7693,252.7967,2.6386,6.6263,323.8047,0.3164,0.9594,1710.4604,0.0017,-0.3326,-0.0039,59.8843,-9.0877,20.5564,51.1882,78.0653,109.4877,164.0325,0.124,1.0067,-1.307,1.0132,4.2115,1.109,-0.6186,1.109,0.0928,1.109,-0.0021,1.1768,0.8214,0.906,0.1915,82.8559
2026-01-31,19:00:00,31.791,0.0505,1,-1.5954,2,5.7011,1,0.0813,2,0.1256,1,-0.0039,1,-0,-0,-0,18.019,423.6373,424.2676,0,0,63.1925,1.4857,1.4879,0.1,1,0.1015,2.1486,2.1518,0.9,0,264.6501,265.0763,94866.5497,1.2461,1005.8591,0.0232,0.0081,0.0012,140.9805,332.2073,9e-4,42.4375,191.2268,254.5203,2.9732,6.6415,321.7788,0.2013,0.9865,428.843,0.0068,-0.2798,-0.0063,41.0592,-6.2309,14.0943,35.0968,53.5248,75.0693,112.4675,0.0502,1.0069,-1.2987,1.014,5.1092,1.1158,0.0729,1.1158,0.1125,1.1158,-0.0035,1.1838,0.9825,0.7914,0.1991,82.4805
2026-01-31,19:30:00,31.812,0.0471,1,-8.1218,1,8.7888,1,0.7053,1,0.1936,1,-0.0062,1,-0,-0,-0,17.98,422.9078,423.4897,0.1,1,58.4169,1.374,1.3759,0.1,1,0.1013,2.1448,2.1477,0,1,264.7534,265.1925,94856.2269,1.2455,1005.8004,0.0232,0.0125,0.0011,130.3697,335.2198,9e-4,38.8908,204.8501,253.6069,2.6323,10.9941,320.3664,0.1944,1.1172,75.8136,0.0383,-0.9241,-0.0334,32.0442,14,29,57,104,215,828,0.0467,1.0075,-7.5828,1.0152,7.8028,1.1264,0.6262,1.1264,0.1719,1.1264,-0.0037,1.2045,1.1823,0.8311,0.2211,82.4055
2026-01-31,20:00:00,31.833,0.064,2,-17.4407,1,18.1619,1,0.5236,1,0.4003,1,-0.0234,2,0,0,0,17.9322,422.2927,422.8283,0.1,1,53.7796,1.2665,1.2681,0.1,1,0.1023,2.1701,2.1729,0,1,265.1431,265.5843,94842.7384,1.2435,1005.7464,0.0233,0.0259,0.001,120.1484,345.5588,8e-4,34.7693,225.4104,252.6618,3.8217,10.3756,316.0906,0.2268,1.8959,56.065,0.0517,-0.9603,-0.0615,33.7582,-5.1229,11.5881,28.856,44.0072,61.7208,92.469,0.0634,1.0087,-16.2772,1.0187,15.7409,1.1538,0.4538,1.1538,0.3469,1.1538,-0.0166,1.2312,1.9378,1.4417,0.4122,82.3775
2026-01-31,20:30:00,31.854,0.1642,1,-19.2115,1,16.1734,1,0.5949,1,0.3564,1,0.012,1,-0,-0,-0,17.9187,421.8333,422.3083,0.1,1,47.7786,1.1248,1.126,0.1,1,0.1041,2.2076,2.2101,-0.3,0,265.0285,265.4795,94872.8443,1.2445,1005.6697,0.0233,0.0231,9e-4,106.7396,342.7656,7e-4,31.1407,236.026,251.3062,4.1589,12.7909,321.966,0.3633,3.2741,209.2755,0.0139,-1.1878,-0.0423,42.1174,-6.3915,14.4575,36.0013,54.9042,77.004,115.366,0.163,1.0078,-18.1314,1.0169,14.2023,1.1388,0.5224,1.1388,0.313,1.1388,0.016,1.2053,2.997,2.9428,0.6084,82.5779
2026-01-31,21:00:00,31.874,0.1967,1,-10.3251,1,17.2352,1,-0.6264,1,0.3796,1,-0.0078,1,0,0,0,17.9719,422.2944,422.8158,0.2,0,52.4767,1.2331,1.2346,0.1,1,0.1065,2.2531,2.2559,0,1,264.54880000000003,264.9835,94888.0056,1.2469,1005.7231,0.0232,0.0246,0.001,117.035,329.8206,8e-4,35.4844,212.7856,252.3596,4.8611,13.3717,320.1722,0.3972,3.7235,509.0927,0.0057,-0.5991,-0.0207,41.9927,-6.3725,14.4147,35.8947,54.7417,76.776,115.0244,0.1952,1.0081,-9.3361,1.018,15.0489,1.1453,-0.547,1.1453,0.3315,1.1453,-0.0049,1.2077,3.8329,2.8813,0.7328,82.5056
2026-01-31,21:30:00,31.895,0.212,1,3.8133,1,9.7775,1,0.6918,1,0.2152,1,0.0076,1,-0,-0,-0,18.0634,423.4376,424.0407,0.1,1,60.679,1.4224,1.4244,0.1,1,0.1076,2.2706,2.2738,-0.2,0,263.9657,264.3671,94891.1005,1.2498,1005.819,0.0232,0.0139,0.0011,135.0112,314.3371,9e-4,42.9511,179.3259,254.0144,6.6673,14.1527,317.3836,0.4119,4.305,-1537.1092,-0.0019,0.39,0.0074,39.657,-6.0181,13.613,33.8982,51.6969,72.5057,108.6267,0.21,1.01,4.1922,1.0215,8.5109,1.1488,0.6022,1.1488,0.1874,1.1488,0.0051,1.1934,4.3659,3.335,0.9092,79.3334
2026-01-31,22:00:00,31.916,0.3706,1,3.9962,1,14.296,1,1.3535,1,0.3147,1,0.0192,1,-0,-0,-0,18.142,425.0759,425.6273,0.1,1,55.2917,1.2955,1.2972,0.1,1,0.1069,2.2542,2.2572,-0.2,0,263.911,264.3254,94894.233,1.2501,1005.7507,0.0232,0.0204,0.001,122.9695,313.3144,8e-4,39.248,190.3449,252.9296,6.6368,15.684,322.5699,0.5445,5.5069,-3388.1463,-9e-4,0.2795,0.0058,46.2339,-7.0162,15.8706,39.52,60.2706,84.5303,126.6418,0.367,1.0099,4.5828,1.0214,12.4483,1.1484,1.1785,1.1484,0.274,1.1484,0.0154,1.1931,4.9614,4.9698,1.0826,81.7825
2026-01-31,22:30:00,31.937,0.289,1,17.7541,1,16.3255,1,0.4685,1,0.3593,1,-0.0458,1,-0,-0,-0,18.1652,425.4539,425.9976,0.1,1,54.4953,1.2764,1.278,0.1,1,0.1082,2.2797,2.2826,0.6,0,263.7269,264.142,94872.3788,1.2507,1005.7389,0.0231,0.0233,0.001,121.1231,308.8464,8e-4,39.2179,187.7233,252.755,6.8341,15.265,319.2979,0.4807,5.0302,-524.7755,-0.0055,1.0875,0.0294,44.0232,-6.6807,15.1117,37.6303,57.3886,80.4884,120.5862,0.2861,1.0101,18.1427,1.0219,14.185,1.1509,0.4071,1.1509,0.3122,1.1509,-0.0491,1.1951,4.8581,4.2483,0.9539,81.5096
2026-01-31,23:00:00,31.958,0.2852,1,16.477,1,15.7487,1,0.5479,1,0.3465,1,0.007,2,-0,-0,-0,18.1748,425.3809,425.9221,0.3,0,54.294,1.2708,1.2724,0.1,1,0.1117,2.3527,2.3556,0,1,263.5405,263.9566,94867.892,1.2515,1005.7343,0.0231,0.0225,0.001,120.5858,304.3896,8e-4,39.6156,183.8039,252.7037,6.4186,14.2999,321.3947,0.4774,4.5819,-553.6137,-0.0052,1.0462,0.0274,43.5565,-6.6099,14.9515,37.2314,56.7803,79.6351,119.3079,0.2824,1.0097,16.8834,1.0209,13.7462,1.1457,0.4782,1.1457,0.3025,1.1457,-3e-4,1.1908,4.3491,3.8487,0.9659,81.6992
2026-01-31,23:30:00,31.979,0.2855,1,16.2283,1,10.7107,1,0.4882,1,0.2356,1,-0.0019,1,-0,-0,-0,18.1838,425.3296,425.8688,0,0,54.1243,1.266,1.2676,0.1,1,0.1143,2.4048,2.4078,-0.2,0,263.3719,263.7915,94857.7145,1.2522,1005.7304,0.0231,0.0153,0.001,120.1223,300.4691,8e-4,39.9783,180.3468,252.6593,6.0293,13.8395,320.2571,0.4775,3.9691,-562.5892,-0.0052,1.5151,0.027,44.7915,-6.7973,15.3755,38.2871,58.3902,81.8931,122.6908,0.2829,1.0094,16.4194,1.02,9.389,1.1408,0.428,1.1408,0.2066,1.1408,-0.0083,1.1867,3.9112,3.1257,0.9013,81.6733
2026-02-01,00:00:00,32,0.2738,1,20.3651,1,10.6871,1,0.2965,1,0.2351,1,0.0015,1,0,0,0,18.2081,425.7261,426.2645,0.3,0,54.0248,1.2632,1.2648,0.1,1,0.1151,2.4202,2.4232,0.2,0,263.191,263.6134,94817.4518,1.2525,1005.7275,0.0231,0.0152,0.001,119.8017,296.2891,8e-4,40.4341,176.4874,252.6285,6.1778,14.2564,317.6814,0.4676,3.7077,-420.8013,-0.0069,1.9056,0.0346,45.3274,-6.8786,15.5594,38.7452,59.0888,82.8729,124.1587,0.2713,1.0095,20.4677,1.0203,9.3527,1.1427,0.2595,1.1427,0.2057,1.1427,-0.0067,1.1883,3.8109,2.7657,0.8389,80.0624
2026-02-01,00:30:00,32.02,0.3567,1,11.9753,1,6.0073,1,1.4107,1,0.1321,1,-0.0201,2,0,0,0,18.2758,427.0482,427.5873,0.1,1,53.9589,1.2608,1.2624,0.1,1,0.1138,2.388,2.391,-0.2,0,262.8307,263.2704,94761.8722,1.2534,1005.7235,0.0231,0.0086,0.001,119.5124,288.3866,8e-4,41.4417,168.8742,252.6006,5.4316,14.3907,322.8318,0.5335,5.2099,-1062.4643,-0.0027,1.9935,0.0178,46.6239,-7.0754,16.0045,39.8534,60.7789,85.2433,127.71,0.3536,1.0089,12.0438,1.0187,5.3013,1.1332,1.2449,1.1332,0.1166,1.1332,-0.0234,1.1806,4.9494,4.4527,1.0177,80.8834
2026-02-01,01:00:00,32.041,0.4804,1,20.7422,1,10.4595,1,0.835,1,0.2299,1,0.0296,1,0,0,0,18.3208,427.9252,428.4497,0.1,1,52.4085,1.2241,1.2256,0.1,1,0.1116,2.3394,2.3423,0,1,262.5419,262.9969,94692.6395,1.2538,1005.7017,0.0231,0.0149,0.001,115.9467,282.2194,8e-4,41.0839,166.2727,252.2522,5.5744,15.387,325.1767,0.619,6.0712,-957.7092,-0.003,1.9831,0.0266,47.7474,-7.2459,16.3901,40.8138,62.2435,87.2975,130.7875,0.4762,1.009,20.8554,1.019,9.2154,1.135,0.7357,1.135,0.2026,1.135,0.0197,1.182,4.8664,5.9851,1.291,80.9724
2026-02-01,01:30:00,32.062,0.2232,1,13.0356,1,11.529,1,0.8553,1,0.2534,1,0.0062,2,0,0,0,18.346800000000002,428.0249,428.5285,0.1,1,50.3774,1.1753,1.1767,0.1,1,0.1102,2.3071,2.3098,0,1,262.3236,262.7983,94716.103,1.2551,1005.674,0.0231,0.0164,9e-4,111.3485,277.8154,7e-4,40.08,166.4669,251.7885,4.6409,14.6176,327.1918,0.4217,5.4349,-481.942,-0.006,1.1307,0.0245,38.2024,-5.7974,13.1137,32.6549,49.8007,69.8463,104.6424,0.2214,1.0083,13.3699,1.017,10.2655,1.1231,0.7615,1.1231,0.2256,1.1231,6e-4,1.1725,4.5313,5.292,1.0465,81.2322
2026-02-01,02:00:00,32.083,0.33,1,5.4948,1,8.3383,1,1.3684,1,0.1833,1,0.0049,2,0,0,0,18.3258,427.3636,427.8618,0.3,0,49.9231,1.1642,1.1656,0.1,1,0.1089,2.2787,2.2814,0,1,262.1817,262.6649,94699.3436,1.2555,1005.6671,0.0231,0.0119,9e-4,110.2809,274.8934,7e-4,40.1177,164.6125,251.6784,4.7929,13.2674,329.2505,0.5127,5.6221,-2054.0188,-0.0014,0.659,0.0085,44.2121,-6.7094,15.1766,37.7918,57.6349,80.8338,121.1038,0.3273,1.0084,5.7982,1.0173,7.4116,1.125,1.2163,1.125,0.1629,1.125,0.0021,1.174,4.3308,5.84,1.0734,80.3076
2026-02-01,02:30:00,32.104,0.515,1,3.403,2,8.498,1,0.9528,1,0.1867,1,-0.0084,1,-0,-0,-0,18.2992,426.6257,427.1232,0.1,1,49.9619,1.1648,1.1662,0.1,1,0.108,2.2586,2.2613,0,1,262.0583,262.5405,94675.3748,1.2558,1005.6665,0.0231,0.0121,9e-4,110.3081,272.1915,7e-4,40.5259,161.8834,251.6812,5.3536,14.1204,326.9815,0.6404,6.5456,-6462.2078,-4e-4,0.4004,0.0042,48.8182,-7.4083,16.7577,41.729,63.6394,89.2552,133.7205,0.5105,1.0088,3.742,1.0185,7.5058,1.1322,0.8415,1.1322,0.1649,1.1322,-0.0096,1.1798,5.4005,6.3836,1.3072,79.6334
2026-02-01,03:00:00,32.124,0.2091,1,3.8489,1,5.8711,1,1.6634,1,0.129,1,0.0191,1,0,0,0,18.3418,426.8581,427.362,0.1,1,50.667,1.1791,1.1805,0.1,1,0.1075,2.2458,2.2485,0.9,0,261.7984,262.2959,94739.2524,1.2578,1005.6723,0.023,0.0084,9e-4,111.7408,266.9483,7e-4,41.8586,155.2074,251.8287,4.4893,12.3463,329.3768,0.4077,4.6195,-1474.9066,-0.002,0.6556,0.0075,38.3984,-5.8271,13.1809,32.8224,50.0562,70.2046,105.1792,0.2073,1.0083,4.0657,1.0167,5.2366,1.1212,1.4836,1.1212,0.115,1.1212,0.0163,1.171,3.4678,4.8057,0.9655,78.7842
2026-02-01,03:30:00,32.145,0.1874,1,-0.1501,2,3.1155,1,1.6362,1,0.0684,1,0.0246,1,-0,-0,-0,18.3495,426.535,427.0443,0.1,1,51.3067,1.1926,1.1941,0.1,1,0.1073,2.2395,2.2422,0,1,261.5559,262.0601,94759.3661,1.2592,1005.6778,0.023,0.0044,9e-4,113.043,261.9792,7e-4,43.1496,148.9363,251.9614,3.7967,11.3304,334.9303,0.3858,3.9157,32052.8511,1e-4,-0.0482,-3e-4,41.9894,-6.3721,14.4136,35.8919,54.7374,76.77,115.0154,0.1859,1.008,9e-4,1.0154,2.8007,1.1124,1.4708,1.1124,0.0615,1.1124,0.0231,1.1643,2.6103,4.5298,0.6913,78.4671
2026-02-01,04:00:00,32.166,0.2955,0,-7.5146,1,3.6359,0,1.2532,0,0.0799,0,-0.001,2,0,0,0,18.3529,426.2863,426.7951,0.1,0,51.3219,1.1921,1.1935,0.1,1,0.107,2.2312,2.2339,0,1,261.4119,261.9131,94794.1408,1.2603,1005.6764,0.023,0.0052,9e-4,113.0307,258.9245,7e-4,43.6539,145.8938,251.9601,3.3256,10.5152,355.2145,0.4842,3.6827,1265.9197,0.0023,-2.0668,-0.0122,51.1921,-7.7686,17.5726,43.7583,66.7341,93.5955,140.2232,0.2934,1.0069,-7.2384,1.0144,3.2487,1.1192,1.1198,1.1192,0.0713,1.1192,0.0013,1.185,2.1853,4.5164,0.6636,78.0695
2026-02-01,04:30:00,32.187,0.4394,0,-5.4499,1,2.1331,0,1.1336,0,0.0468,0,-0.0066,2,0,0,0,18.3687,426.2775,426.7839,0.1,1,51.1204,1.1863,1.1877,0.1,1,0.1073,2.2363,2.239,0.8,0,261.2049,261.6891,94798.5313,1.2615,1005.6718,0.023,0.003,9e-4,112.4932,254.3287,7e-4,44.2314,141.8356,251.9055,4.0219,11.0056,345.7469,0.5902,4.8497,3161.535,9e-4,-2.5549,-0.0073,57.4081,-8.7119,19.7063,49.0716,74.8372,104.9603,157.2496,0.4362,1.0073,-5.2675,1.0157,1.8894,1.129,1.0041,1.129,0.0415,1.129,-0.0044,1.1924,2.8898,6.0693,0.7404,77.6986
2026-02-01,05:00:00,32.208,0.3014,1,0.5822,2,6.0966,1,1.1391,0,0.1339,1,0.0014,2,-0,-0,-0,18.3889,426.3074,426.8045,0.1,1,50.235,1.1646,1.166,0.1,1,0.1076,2.2414,2.244,0,1,261.0798,261.5619,94833.2988,1.2626,1005.6593,0.0229,0.0087,9e-4,110.4718,251.7526,7e-4,43.881100000000004,141.2808,251.6982,3.6151,10.6806,346.8331,0.4886,4.4714,-16795.9333,-2e-4,0.0955,9e-4,51.1834,-7.7673,17.5696,43.7508,66.7227,93.5795,140.1992,0.299,1.0079,0.8648,1.015,5.4916,1.1102,1.0261,1.1102,0.1206,1.1102,7e-4,1.1626,3.3103,4.9565,0.676,78.0366
2026-02-01,05:30:00,32.229,0.2209,0,-9.5684,0,4.1053,0,1.0401,0,0.0901,0,-0.0024,2,0,0,0,18.3879,426.1249,426.6167,0.2,0,49.7442,1.1528,1.1541,0.1,1,0.1073,2.2344,2.237,0,1,260.9941,261.4815,94845.3845,1.2631,1005.6524,0.0229,0.0058,9e-4,109.3653,250.1353,7e-4,43.7225,140.77,251.5832,2.3756,8.6149,1.2402,0.4182,2.4899,641.047,0.0045,-2.3307,-0.018,50.6366,-7.6843,17.3819,43.2834,66.0099,92.5798,138.7014,0.2195,1.0067,-9.2529,1.013,3.7084,1.107,0.9396,1.107,0.0814,1.107,7e-4,1.1767,1.8941,2.577,0.5088,77.3025
2026-02-01,06:00:00,32.249,0.2892,0,-3.0064,1,3.0074,0,0.8858,0,0.066,0,-0.0036,2,0,0,0,18.3717,425.5637,426.0549,0.2,0,49.7713,1.1529,1.1542,0.1,1,0.1065,2.2178,2.2204,0,1,261.0411,261.5296,94893.0965,1.2635,1005.6528,0.0229,0.0043,9e-4,109.432,251.1014,7e-4,43.5808,141.6695,251.5902,2.5299,10.4009,358.5728,0.4784,2.8884,3054.381,9e-4,-0.9997,-0.0049,54.3611,-8.2495,18.6604,46.4671,70.8652,99.3895,148.9035,0.2873,1.0066,-2.8251,1.013,2.7161,1.1073,0.8,1.1073,0.0596,1.1073,-0.0026,1.1753,1.6371,3.5821,0.5575,77.4793
2026-02-01,06:30:00,32.27,0.2867,0,-4.16,1,2.1865,0,0.5549,1,0.048,0,-0.0016,2,0,0,0,18.3322,424.61130000000003,425.1068,0.2,0,50.318600000000004,1.1655,1.1668,0.1,1,0.1061,2.2087,2.2112,0,1,260.9928,261.4793,94888.3371,1.2637,1005.6592,0.0229,0.0031,9e-4,110.6203,250.0914,7e-4,44.232,139.4711,251.7135,2.1586,9.8412,5.0153,0.4763,2.8692,2179.0044,0.0013,-1.9026,-0.0069,60.553,-9.1892,20.7859,51.7598,78.937,110.7102,165.8641,0.2848,1.0067,-4.005,1.0125,1.9827,1.1028,0.5032,1.1028,0.0435,1.1028,-2e-4,1.1723,2.1459,3.1705,0.4221,77.3521
2026-02-01,07:00:00,32.291,0.2036,1,-7.8396,1,2.1653,1,0.9557,1,0.0475,1,0.0186,1,-0,-0,-0,18.3037,423.8739,424.3754,0.1,1,51.0236,1.1816,1.183,0.1,1,0.1058,2.2025,2.2051,-0.7,0,260.9831,261.4588,94906.3529,1.264,1005.6677,0.0229,0.0031,9e-4,112.1713,249.6796,7e-4,44.9261,137.5082,251.8727,3.3801,14.5162,348.0378,0.4014,4.4636,691.7402,0.0042,-3.6205,-0.0154,43.4831,-6.5987,14.9263,37.1687,56.6846,79.5009,119.1068,0.2022,1.007,-7.6273,1.0146,1.9315,1.121,0.8525,1.121,0.0424,1.121,0.0196,1.1873,3.4224,4.8191,0.6857,77.3698
2026-02-01,07:30:00,32.312,0.4162,1,-6.7619,1,3.3651,1,1.3948,1,0.0739,1,0.0121,1,0,0,0,18.2755,423.1773,423.6691,0.1,1,50.1289,1.1608,1.1621,0.1,1,0.1058,2.2031,2.2057,-0.9,0,261.0219,261.4903,94908.1377,1.2639,1005.6567,0.0229,0.0048,9e-4,110.195,250.3109,7e-4,44.0232,140.1159,251.6695,5.3924,13.0084,338.4761,0.5738,4.9643,2343.8014,0.0012,-2.0094,-0.0093,51.5168,-7.8179,17.6841,44.0358,67.1574,94.1892,141.1126,0.4127,1.0085,-6.4841,1.0189,2.9229,1.1513,1.2115,1.1513,0.0642,1.1513,0.0129,1.2114,3.0948,5.9163,0.9174,77.451
2026-02-01,08:00:00,32.333,0.2735,1,-7.7291,1,3.4309,1,1.5864,1,0.0753,1,0.0115,1,0,0,0,18.2597,422.7407,423.2221,0,0,49.1319,1.1375,1.1388,0.1,1,0.1049,2.1831,2.1856,-0.5,0,261.0294,261.5173,94931.9533,1.2641,1005.6445,0.0229,0.0049,9e-4,108.0123,250.8542,7e-4,43.0578,142.8419,251.4412,4.4176,13.0881,338.6301,0.4651,5.1338,1092.253,0.0027,-2.2528,-0.0131,42.8562,-6.5036,14.7112,36.6329,55.8674,78.3548,117.3898,0.2714,1.0077,-7.4449,1.0167,3.0194,1.1363,1.3961,1.1363,0.0663,1.1363,0.0127,1.1991,3.6348,5.6777,0.955,77.0807
2026-02-01,08:30:00,32.354,0.62,0,-10.2657,1,5.0439,1,1.212,0,0.1107,1,0.0238,1,-0,-0,-0,18.2482,422.6326,423.1016,0,0,47.8627,1.1085,1.1097,0.1,1,0.1044,2.1735,2.1759,-0.7,0,261.104,261.6319,94952.6671,1.2638,1005.6298,0.0229,0.0072,9e-4,105.2842,253.167,7e-4,41.5869,147.8828,251.15,3.188,12.1528,359.6213,0.7004,4.7623,2808.2925,0.001,-2.0353,-0.0115,60.6361,-9.2018,20.8144,51.8308,79.0452,110.8621,166.0916,0.6158,1.0068,-9.8876,1.014,4.5178,1.1165,1.0856,1.1165,0.0992,1.1165,0.0251,1.1824,2.433,6.1823,0.9094,77.9326
2026-02-01,09:00:00,32.374,0.3338,1,10.3825,1,4.2457,1,0.8008,1,0.0933,1,-0.0199,1,-0,-0,-0,18.2368,422.8135,423.2659,0,0,46.1082,1.069,1.0701,0.1,1,0.1033,2.1554,2.1577,0,1,261.3894,261.9925,94972.5555,1.2624,1005.6113,0.0229,0.006,8e-4,101.5533,260.571,7e-4,38.9734,159.0177,250.7406,3.0972,12.8579,1.0386,0.5142,5.1841,-1099.13,-0.0026,2.4454,0.0159,47.16,-7.1567,16.1885,40.3117,61.4778,86.2235,129.1786,0.3312,1.0079,10.4445,1.0142,3.8461,1.1039,0.7255,1.1039,0.0845,1.1039,-0.0226,1.158,2.9315,6.5178,0.9189,78.8386
2026-02-01,09:30:00,32.395,0.3894,0,5.7647,1,3.8155,0,1.0657,0,0.0839,0,-0.002,1,-0,-0,-0,18.1683,422.7279,423.1631,0.1,0,44.202,1.0285,1.0295,0.1,1,0.102,2.1409,2.1431,0,1,262.17380000000003,263.2178,95026.251,1.2572,1005.5989,0.023,0.0054,8e-4,97.7573,287.1906,6e-4,34.0392,189.4333,250.3099,3.1473,11.4779,354.4316,0.5565,4.4421,-2510.3091,-0.0012,1.5109,0.0082,52.2179,-7.9243,17.9247,44.6351,68.0713,95.471,143.0329,0.3863,1.0079,5.8694,1.0143,3.4546,1.1045,0.9649,1.1045,0.076,1.1045,-0.004,1.1584,2.8727,5.1773,0.8343,79.1966
2026-02-01,10:00:00,32.416,0.2563,1,13.679,1,7.2073,1,0.9505,1,0.1586,1,-2e-4,1,-0,-0,-0,18.1082,422.705,423.1368,0.1,1,43.7105,1.0204,1.0214,0.1,1,0.1019,2.1417,2.1439,-0.1,0,262.6794,263.6733,95056.0916,1.2555,1005.5982,0.0231,0.0103,8e-4,97.0165,297.69,6e-4,32.5898,200.6735,250.2241,3.7252,12.0609,346.7981,0.4518,4.7849,-566.2925,-0.0051,1.8979,0.024,46.1845,-7.0087,15.8536,39.4778,60.2061,84.44,126.5065,0.2543,1.0079,13.8246,1.0152,6.484,1.1115,0.8551,1.1115,0.1426,1.1115,-0.0051,1.1636,3.1686,5.6537,0.7475,79.1004
2026-02-01,10:30:00,32.437,0.2626,1,23.3523,1,10.6776,1,1.4527,1,0.2351,1,-3e-4,1,0,0,0,18.0314,422.1877,422.632,0.1,1,44.8982,1.0513,1.0524,0.1,1,0.1015,2.1419,2.1441,-0.2,0,263.3887,264.4742,95095.6727,1.2522,1005.6214,0.0231,0.0152,8e-4,99.9962,316.9798,7e-4,31.5466,216.9835,250.5657,2.9913,11.9979,348.0689,0.458,4.4063,-345.5543,-0.0084,2.187,0.0405,49.3347,-7.4867,16.935,42.1705,64.3127,90.1995,135.1353,0.2606,1.0079,23.5549,1.0141,9.6836,1.1026,1.3175,1.1026,0.2132,1.1026,-0.0085,1.1571,2.4086,5.7528,0.6512,78.1296
2026-02-01,11:00:00,32.458,0.4508,0,35.1525,0,16.7105,0,1.6038,0,0.3681,0,0.0064,1,0,0,0,17.9846,422.0532,422.5174,0.1,1,46.818600000000004,1.0987,1.0999,0.1,1,0.101,2.1392,2.1415,-0.2,0,263.9183,265.178,95128.3591,1.2493,1005.653,0.0232,0.0239,9e-4,104.5472,334.8435,7e-4,31.2227,230.2963,251.0702,2.065,9.4648,358.9627,0.6007,4.4916,-518.0661,-0.0056,2.1036,0.0466,59.3246,-9.0027,20.3642,50.7097,77.3356,108.4642,162.4992,0.4469,1.0087,35.5252,1.0133,15.2943,1.0926,1.4679,1.0926,0.3369,1.0926,-0.0063,1.1505,2.6343,5.6424,0.7065,76.6388
2026-02-01,11:30:00,32.479,0.2784,1,56.9439,1,18.9641,1,0.2536,2,0.418,1,-0.0043,1,0,0,0,17.9211,421.757,422.2519,0.2,0,49.8068,1.1722,1.1735,0.1,1,0.1005,2.1329,2.1354,0,0,264.6486,265.6349,95137.9482,1.2472,1005.6965,0.0232,0.0271,9e-4,111.5468,346.9139,7e-4,32.154,235.3671,251.8089,3.2381,10.6588,346.4142,0.4724,3.7316,-155.5988,-0.0186,3.0027,0.0961,48.7581,-7.3992000000000004,16.7371,41.6777,63.5611,89.1453,133.556,0.2762,1.0079,57.08,1.0144,17.1533,1.1056,0.2294,1.1056,0.378,1.1056,-0.0234,1.1592,2.3175,4.4321,0.7136,78.0394
2026-02-01,12:00:00,32.499,0.2071,1,52.558,1,19.3439,1,-0.5779,1,0.4265,1,-0.0014,1,0,0,0,17.8502,420.8851,421.388,0.1,1,50.6071,1.1933,1.1947,0.1,1,0.1002,2.1304,2.1329,-0.1,0,265.1705,266.1484,95146.1538,1.2449,1005.7127,0.0233,0.0276,9e-4,113.5638,360.942,7e-4,31.4632,247.3782,252.014,3.4731,11.1282,335.5962,0.4079,3.1823,-108.5204,-0.0267,2.717,0.1029,46.0605,-6.9899,15.8111,39.3718,60.0445,84.2132,126.1667,0.2055,1.0079,52.7548,1.0148,17.4517,1.1084,-0.5214,1.1084,0.3848,1.1084,-0.0193,1.1613,2.2615,3.4897,0.6133,77.2441
2026-02-01,12:30:00,32.52,0.2321,1,42.0384,1,20.1968,1,0.2279,2,0.4457,1,-4e-4,1,-0,-0,-0,17.7598,420.2998,420.8093,0.1,0,51.1602,1.2107,1.2122,0.1,1,0.0999,2.1331,2.1357,-0.2,0,265.7792,267.0285,95129.4174,1.2406,1005.7307,0.0233,0.0289,9e-4,115.2084,386.1643,8e-4,29.834,270.9559,252.1789,2.5252,9.5523,349.0072,0.4325,3.2447,-161.7508,-0.0179,2.0814,0.0779,49.7882,-7.5556,17.0907,42.5582,64.904,91.0287,136.3776,0.2302,1.0081,42.4901,1.0136,18.4052,1.0973,0.2077,1.0973,0.4062,1.0973,-0.0152,1.1535,2.1892,3.7324,0.5677,78.0126
2026-02-01,13:00:00,32.541,0.3223,0,52.966,0,27.5946,0,1.0226,0,0.6095,0,-0.0035,0,-0,-0,-0,17.6817,420.3467,420.88,0.1,1,53.3065,1.2673,1.2689,0.1,1,0.0995,2.1336,2.1363,-0.2,0,266.3683,267.9979,95092.8946,1.2356,1005.7711,0.0234,0.0395,0.001,120.539,415.7493,8e-4,28.9932,295.2103,252.6992,1.735,10.7749,1.8974,0.5107,2.7223,-211.2579,-0.0137,1.9194,0.0835,62.0004,-9.4088,21.2827,52.997,80.8238,113.3565,169.8287,0.3193,1.0094,53.666,1.0134,25.3239,1.0897,0.9385,1.0897,0.5594,1.0897,-0.0222,1.1489,2.3386,2.6486,0.4573,77.9233
2026-02-01,13:30:00,32.562,0.3068,1,58.4955,1,27.2068,1,-0.1001,2,0.6007,1,-0.0037,1,0,0,0,17.6802,420.2921,420.827,0.1,1,53.4647,1.271,1.2726,0.1,1,0.0996,2.1307,2.1334,-0.2,0,266.5129,267.4797,95086.6201,1.2379,1005.7676,0.0234,0.0389,0.001,120.8837,399.6915,8e-4,30.2443,278.8078,252.7321,4.0286,12.9204,335.0968,0.4978,4.6743,-177.1825,-0.0164,2.15,0.0944,50.9599,-7.7334,17.4929,43.5598,66.4314,93.1709,139.587,0.3044,1.008,58.9375,1.0158,24.3937,1.1153,-0.0897,1.1153,0.5386,1.1153,-0.0237,1.1665,3.2448,5.3941,0.7096,77.8884
2026-02-01,14:00:00,32.583,0.2044,1,50.3274,1,30.2437,1,1.1227,1,0.668,1,-0.0037,1,0,0,0,17.6524,419.9763,420.5102,0.1,1,53.3666,1.2697,1.2713,0.1,1,0.0994,2.1302,2.1329,-0.1,0,266.978,267.9108,95089.9588,1.2359,1005.7715,0.0234,0.0433,0.001,120.7648,413.0094,8e-4,29.2402,292.2446,252.7208,4.0372,9.98,337.3076,0.4067,3.2034,-112.2612,-0.0258,1.6641,0.0996,47.6766,-7.2351,16.3658,40.7532,62.1512,87.1679,130.5935,0.2028,1.008,51.0434,1.0158,27.114,1.1154,1.0065,1.1154,0.5989,1.1154,-0.0213,1.1666,2.1022,3.7453,0.5593,77.9932
2026-02-01,14:30:00,32.604,0.2011,1,42.4729,1,35.3738,1,1.5003,1,0.7817,1,-0.0025,1,0,0,0,17.6133,419.9685,420.4789,0.1,1,50.9044,1.2138,1.2152,0.5,0,0.0992,2.1317,2.1343,-0.2,0,267.4058,268.4552,95087.9842,1.2334,1005.7475,0.0235,0.0507,9e-4,115.4445,430.3895,8e-4,26.8233,314.945,252.2024,3.4187,10.5935,343.5483,0.4038,3.2358,-130.2133,-0.0223,1.2007,0.0848,49.4911,-7.5105,16.9887,42.3043,64.5167,90.4855,135.5638,0.1995,1.0079,43.6182,1.0147,31.933,1.1077,1.3544,1.1077,0.7057,1.1077,-0.0181,1.1608,2.1439,3.8255,0.5022,77.1953
2026-02-01,15:00:00,32.624,0.2433,1,37.6921,0,23.1873,0,1.3651,1,0.5128,0,-0.0025,0,0,0,0,17.5735,420.2512,420.726,0.3,0,47.1935,1.1286,1.1299,0.5,0,0.0991,2.1373,2.1397,-0.2,0,267.716,269.2221,95074.8152,1.2298,1005.7106,0.0235,0.0332,9e-4,107.3285,455.9761,7e-4,23.5382,348.6476,251.3688,1.8503,10.2599,9.1513,0.4448,3.6423,-196.144,-0.0148,1.6255,0.0685,53.1077,-8.0593,18.2302,45.3957,69.2312,97.0978,145.4702,0.2412,1.0091,38.3738,1.0133,21.2604,1.0906,1.2517,1.0906,0.4702,1.0906,-0.016,1.1494,2.7345,4.0392,0.511,76.9645
2026-02-01,15:30:00,32.645,0.4183,0,26.4483,0,32.6996,0,0.4423,1,0.7228,0,-0.0013,0,0,0,0,17.6036,420.4445,420.8906,0.3,0,44.3706,1.0597,1.0609,0.7,0,0.0993,2.1364,2.1387,-0.1,0,267.7285,268.7741,95076.8446,1.2319,1005.6687,0.0235,0.0468,8e-4,100.7846,440.8699,7e-4,22.8604,340.0853,250.6545,3.2316,12.7645,353.7866,0.5827,4.781,-628.3357,-0.0046,0.8088,0.0366,57.0171,-8.6526,19.5721,48.7373,74.3275,104.2454,156.1786,0.415,1.0079,27.6996,1.0144,29.5795,1.1055,0.4001,1.1055,0.6538,1.1055,-0.0118,1.1592,2.6343,6.1936,0.7341,76.875
2026-02-01,16:00:00,32.666,0.4838,0,13.8134,0,26.5739,0,-1.3202,1,0.5873,0,-0.0015,0,0,0,0,17.6775,421.1534,421.5838,0.1,1,42.8448,1.0207,1.0218,0.7,0,0.0993,2.1364,2.1386,-0.2,0,267.8233,268.663,95083.4328,1.2325,1005.6466,0.0235,0.0381,8e-4,97.0822,437.1933,6e-4,22.2058,340.1111,250.2318,3.3326,13.5092,355.71,0.6265,4.602,-1495.5279,-0.0019,0.5198,0.0178,58.8266,-8.9272,20.1933,50.2841,76.6864,107.5538,161.1352,0.48,1.0079,14.9335,1.0146,24.0116,1.1067,-1.1929,1.1067,0.5307,1.1067,-0.0075,1.16,2.5361,5.883,0.785,76.8617
2026-02-01,16:30:00,32.687,0.515,0,-3.3903,2,31.5292,0,1.1735,2,0.6966,0,0.0058,2,0,0,0,17.7912,422.0855,422.5258,0,0,43.9227,1.042,1.0431,0.7,0,0.0995,2.1362,2.1384,-0.9,0,267.6589,268.3182,95108.0855,1.2344,1005.6542,0.0235,0.0451,8e-4,99.1329,425.9562,6e-4,23.273,326.8233,250.4677,3.4421,11.9819,345.7966,0.6459,4.788,6677.1751,4e-4,-0.1075,-0.0042,58.7382,-8.9137,20.1629,50.2085,76.5711,107.3921,160.893,0.5114,1.0069,-1.8035,1.0145,28.1575,1.1197,1.048,1.1197,0.6221,1.1197,0.0044,1.1847,2.8721,5.8664,0.8374,78.8651
2026-02-01,17:00:00,32.708,0.258,1,-14.6141,1,14.3251,1,0.912,1,0.3164,1,5e-4,1,-0,-0,-0,17.8601,422.779,423.2267,0.1,1,44.6909,1.0579,1.059,0.6,0,0.0997,2.139,2.1413,0.9,0,267.4382,268.0241,95122.5431,1.2359,1005.6595,0.0234,0.0205,8e-4,100.6578,416.5755,7e-4,24.1632,315.9177,250.6403,2.999,11.0979,345.9407,0.4569,4.4722,548.4475,0.0053,-1.0202,-0.0257,48.7292,-7.3948,16.7272,41.653,63.5234,89.0925,133.4768,0.2563,1.0069,-13.7165,1.014,12.8371,1.1159,0.8173,1.1159,0.2836,1.1159,0.0041,1.1836,2.3446,5.9313,0.6685,78.9874
2026-02-01,17:30:00,32.729,0.2564,1,-21.7857,1,12.8046,1,0.7106,1,0.2827,1,0.0016,1,-0,-0,-0,17.9154,423.2719,423.7193,0.1,1,44.6924,1.0559,1.057,0.6,0,0.1,2.1401,2.1424,-0.1,0,267.104,267.6529,95155.4824,1.2381,1005.6545,0.0234,0.0183,8e-4,100.5025,404.995,7e-4,24.8157,304.4925,250.6228,3.5069,11.5304,338.8797,0.4551,3.8973,363.6304,0.008,-1.7014,-0.0384,49.779,-7.5542,17.0875,42.5503,64.892,91.0119,136.3524,0.2546,1.0072,-20.8479,1.0151,11.3816,1.125,0.6316,1.125,0.2513,1.125,0.0075,1.1919,2.9297,4.2361,0.6288,79.0555
2026-02-01,18:00:00,32.749,0.204,1,-33.7957,1,25.1653,1,0.7752,1,0.5554,1,-0.002,1,-0,-0,-0,17.97,423.5905,424.0372,0,0,44.6957,1.0536,1.0547,0.6,0,0.1002,2.1414,2.1436,0.1,0,266.6724,267.1956,95204.7046,1.2408,1005.6485,0.0233,0.036,8e-4,100.3321,391.1251,7e-4,25.6522,290.793,250.6036,3.879,11.2677,332.2028,0.4055,3.7118,165.8412,0.0175,-1.3429,-0.0668,41.7598,-6.3372,14.3348,35.6957,54.4382,76.3503,114.3867,0.2024,1.0077,-32.0512,1.0166,22.1471,1.1363,0.6822,1.1363,0.4888,1.1363,0.0071,1.2046,3.0637,3.5856,0.7743,78.4331
2026-02-01,18:30:00,32.77,0.2477,1,-24.558,1,23.5905,1,0.69,1,0.5204,1,-0,1,-0,-0,-0,18.0169,423.8858,424.3398,0.1,1,45.4761,1.0699,1.0711,0.6,0,0.1005,2.1423,2.1446,-0.2,0,266.1971,266.7016,95216.4409,1.2433,1005.6522,0.0233,0.0337,8e-4,101.9017,376.6179,7e-4,27.057,274.7162,250.7794,4.7946,12.3054,330.2007,0.4463,3.7498,304.442,0.0095,-1.041,-0.044,44.5768,-6.7647,15.3018,38.1036,58.1103,81.5006,122.1027,0.2457,1.0082,-23.0122,1.0181,20.572,1.1467,0.6017,1.1467,0.4538,1.1467,0.006,1.2104,2.8494,3.8533,0.797,79.3082
2026-02-01,19:00:00,32.791,0.1832,1,-28.0469,1,19.3047,1,0.5381,1,0.4257,1,-0.0029,1,0,0,0,18.0527,423.8756,424.3364,0.1,1,46.2486,1.0859,1.0871,0.6,0,0.1006,2.1401,2.1424,-0.2,0,265.7912,266.2793,95244.8736,1.2456,1005.6566,0.0232,0.0276,8e-4,103.4554,364.5976,7e-4,28.3752,261.1422,250.951,5.1709,11.9965,321.7114,0.3835,2.7808,169.1398,0.0171,-1.4529,-0.0584,42.1541,-6.397,14.4701,36.0327,54.9521,77.0711,115.4666,0.1816,1.0089,-26.6114,1.0197,16.6671,1.1583,0.4645,1.1583,0.3676,1.1583,0.0047,1.223,2.5865,2.2984,0.6766,79.4964
2026-02-01,19:30:00,32.812,0.1837,1,-26.902,1,10.768,1,1.325,1,0.2374,1,-9e-4,1,0,0,0,18.0725,423.7015,424.1743,0.1,1,47.5444,1.1147,1.1159,0.1,1,0.1006,2.1372,2.1396,-0.1,0,265.4808,265.9669,95264.2986,1.2473,1005.6689,0.0232,0.0154,9e-4,106.2157,355.9281,7e-4,29.8419,249.7123,251.2502,3.4692,9.5878,335.5122,0.3838,2.7303,176.751,0.0164,-2.4983,-0.0559,46.9935,-7.1314,16.1313,40.1693,61.2607,85.9191,128.7224,0.1824,1.0074,-25.982,1.0156,9.5363,1.1292,1.1735,1.1292,0.2102,1.1292,0.0068,1.1985,1.7868,3.1573,0.5164,79.3854
2026-02-01,20:00:00,32.833,0.0904,1,-36.875,1,12.4613,1,1.8186,1,0.2747,1,6e-4,1,0,0,0,18.0639,423.2081,423.6857,0.1,1,48.1209,1.1274,1.1287,0.1,1,0.1006,2.135,2.1374,-0.1,0,265.3074,265.788,95272.4426,1.2483,1005.674,0.0232,0.0178,9e-4,107.4388,351.0454,7e-4,30.6054,243.6066,251.3805,3.8215,9.8022,336.0098,0.2691,2.5397,44.4467,0.0652,-2.9592,-0.1092,38.2639,-5.8067,13.1347,32.7074,49.8808,69.9585,104.8106,0.0896,1.0092,-35.5954,1.0197,10.7225,1.1622,1.5648,1.1622,0.2364,1.1622,0.0107,1.2435,2.0062,2.6489,0.4243,79.3746
2026-02-01,20:30:00,32.854,0.3434,0,-24.7681,0,8.6959,0,1.3103,0,0.1916,0,-6e-4,0,-0,-0,-0,18.0789,423.3158,423.8039,0.1,1,49.186,1.1517,1.153,0.1,1,0.1006,2.1344,2.1369,-0.1,0,265.1051,265.5732,95256.9184,1.2491,1005.685,0.0232,0.0124,9e-4,109.7352,345.2626,7e-4,31.7831,235.5274,251.6218,3.1711,10.0331,351.0133,0.5244,3.4319,489.5333,0.0059,-2.8482,-0.0376,55.5122,-8.4242,19.0555,47.451,72.3657,101.4939,152.0564,0.341,1.007,-24.0072,1.0143,7.7721,1.1189,1.1711,1.1189,0.1713,1.1189,0.0066,1.1862,2.193,4.0351,0.6356,79.3772
2026-02-01,21:00:00,32.874,0.2457,1,-16.1948,1,6.7827,1,0.6953,1,0.1494,1,-4e-4,1,0,0,0,18.1082,423.4206,423.9294,0.1,0,51.3292,1.2002,1.2017,0.1,1,0.1008,2.1349,2.1375,-0.3,0,264.8668,265.3199,95310.4184,1.2509,1005.7086,0.0231,0.0097,9e-4,114.424,338.5518,7e-4,33.7981,224.1279,252.1005,2.3539,11.4409,2.4369,0.4431,3.9314,452.1212,0.0064,-2.3876,-0.029,47.97,-7.2796,16.4666,41.004,62.5338,87.7045,131.3973,0.244,1.0068,-15.6619,1.013,6.1235,1.1077,0.6277,1.1077,0.1349,1.1077,0.0043,1.178,2.9874,4.2215,0.654,79.317
2026-02-01,21:30:00,32.895,0.3704,1,-16.5673,0,6.7666,0,0.4739,0,0.1491,0,-0,0,-0,-0,-0,18.126,423.4062,423.9424,0.1,0,54.1443,1.2648,1.2664,0.1,1,0.1008,2.1346,2.1373,-0.2,0,264.7359,265.1871,95356.4808,1.2521,1005.7419,0.0231,0.0097,0.001,120.635,335.0816,8e-4,36.0017,214.4465,252.7084,3.2373,10.5522,340.3775,0.5439,4.1096,817.4728,0.0035,-2.4484,-0.0242,53.9873,-8.1928,18.5321,46.1475,70.3779,98.706,147.8795,0.3679,1.0069,-16.0141,1.0143,6.0494,1.1185,0.4236,1.1185,0.1333,1.1185,0.0047,1.185,3.0807,4.4053,0.7332,79.2169
2026-02-01,22:00:00,32.916,0.2218,1,-13.5595,1,3.6159,1,0.5494,1,0.0796,1,-0.0025,2,-0,-0,-0,18.1399,423.3957,423.9593,0.3,0,56.9559,1.3294,1.3312,0.1,1,0.1009,2.1351,2.1379,-0.1,0,264.5808,265.0225,95379.0848,1.2532,1005.775,0.0231,0.0052,0.001,126.8293,330.8206,8e-4,38.3378,203.9913,253.2873,4.0144,10.6121,333.2401,0.4207,3.5411,462.1353,0.0063,-3.75,-0.0256,45.4554,-6.898,15.6034,38.8546,59.2558,83.1071,124.5095,0.2201,1.0075,-13.1784,1.0161,3.194,1.1321,0.4853,1.1321,0.0704,1.1321,0.0017,1.197,2.6656,3.7425,0.6742,79.0696
2026-02-01,22:30:00,32.937,0.2801,1,-20.8644,1,5.4365,1,0.6228,1,0.1197,1,-0.0032,1,-0,-0,-0,18.1612,423.5325,424.1081,0.1,0,58.203,1.3573,1.3592,0.1,1,0.1011,2.1377,2.1406,-0.2,0,264.3609,264.8001,95381.8242,1.2542,1005.7879,0.0231,0.0078,0.0011,129.4998,325.1428,8e-4,39.8286,195.6429,253.5291,4.4957,10.8866,333.649,0.4726,3.5538,425.8109,0.0068,-3.8378,-0.035,50.3536,-7.6413,17.2848,43.0415,65.641,92.0624,137.9262,0.2779,1.0079,-20.2635,1.0172,4.768,1.1402,0.5462,1.1402,0.105,1.1402,0.0032,1.204,2.5774,3.8714,0.6588,78.9148
2026-02-01,23:00:00,32.958,0.2855,0,-28.0149,0,4.2381,0,1.0597,0,0.0933,0,-0.0039,0,0,0,0,18.1826,423.7062,424.2907,0.1,0,59.1134,1.3775,1.3794,0.1,1,0.1013,2.1396,2.1425,-0.2,0,264.2317,264.6749,95404.9246,1.2551,1005.7976,0.0231,0.006,0.0011,131.4566,321.9852,9e-4,40.8269,190.5286,253.7035,2.8264,10.2891,16.5884,0.4769,2.6456,325.994,0.0089,-6.6103,-0.0465,52.6057,-7.9831,18.0578,44.9666,68.5769,96.1801,144.0953,0.2835,1.0069,-27.4383,1.0139,3.7995,1.1154,0.95,1.1154,0.0837,1.1154,0.0049,1.1849,1.9451,2.7447,0.6014,78.7963
2026-02-01,23:30:00,32.979,0.273,0,-28.3207,0,5.5886,0,1.2587,0,0.1231,0,-8e-4,0,0,0,0,18.1972,423.8759,424.4707,0.1,0,60.1575,1.4013,1.4032,0.1,1,0.1012,2.1388,2.1418,-0.1,0,264.2629,264.6997,95454.6513,1.2557,1005.8106,0.0231,0.008,0.0011,133.7941,322.6082,9e-4,41.4726,188.814,253.9087,2.2593,9.2925,25.0953,0.4663,2.5255,301.5208,0.0096,-5.0676,-0.0481,59.6171,-9.0471,20.4646,50.9598,77.7169,108.999,163.3004,0.2712,1.0068,-27.6952,1.0131,5.0438,1.108,1.136,1.108,0.1111,1.108,0.0078,1.1797,2.0045,2.6261,0.4205,78.7528
2026-02-02,00:00:00,33,0.3541,0,-42.9116,0,4.0191,0,1.8952,0,0.0885,0,0.0019,0,0,0,0,18.2064,424.01,424.6155,0.2,0,61.2333,1.4261,1.4281,0.1,1,0.1012,2.1373,2.1404,-0.1,0,264.1534,264.5923,95448.9467,1.2561,1005.8229,0.023,0.0057,0.0011,136.1531,319.9178,9e-4,42.5588,183.7647,254.1127,3.4755,10.6207,359.5176,0.531,2.6576,293.827,0.0099,-10.6769,-0.064,63.3944,-9.6203,21.7613,54.1886,82.641,115.9052,173.6471,0.3516,1.0072,-42.0966,1.0152,3.5702,1.1257,1.6835,1.1257,0.0786,1.1257,0.0148,1.1933,1.6097,3.2378,0.4676,78.6851
2026-02-02,00:30:00,33.02,0.2969,0,-28.6426,0,4.6575,0,1.0512,0,0.1026,0,-0.0025,0,0,0,0,18.203,423.9657,424.5765,0.3,0,61.7648,1.4386,1.4406,0.1,1,0.1009,2.1316,2.1347,0,1,264.2079,264.6407,95443.8931,1.2558,1005.83,0.0231,0.0066,0.0011,137.3388,321.1271,9e-4,42.7677,183.7883,254.214,3.0238,9.9992,3.1635,0.4862,2.6285,337.9622,0.0086,-6.1497,-0.0466,63.279,-9.6028,21.7216,54.0899,82.4905,115.6941,173.3309,0.2948,1.007,-28.0294,1.0142,4.1654,1.1181,0.9401,1.1181,0.0917,1.1181,0.0063,1.1868,1.3209,3.5422,0.3939,78.4155
2026-02-02,01:00:00,33.041,0.2244,0,-35.7367,0,6.5815,0,1.3874,0,0.1449,0,-0.0032,0,-0,-0,-0,18.2073,424.0817,424.6985,0.2,0,62.3563,1.4524,1.4545,0.1,1,0.1009,2.1304,2.1335,-0.5,0,264.2272,264.6619,95439.2719,1.2556,1005.8376,0.0231,0.0094,0.0011,138.6525,321.6581,9e-4,43.1056,183.0056,254.3253,2.8382,10.5327,359.9819,0.4228,2.1769,178.0672,0.0163,-5.4299,-0.0669,55.9357,-8.4885,19.2009,47.813,72.9179,102.2684,153.2166,0.2228,1.0071,-34.9301,1.0144,5.8794,1.1194,1.2394,1.1194,0.1295,1.1194,0.0077,1.1909,1.2635,2.6848,0.4054,78.0883
2026-02-02,01:30:00,33.062,0.2424,0,-29.4917,0,4.0065,0,0.7073,0,0.0882,0,-0.0031,1,-0,-0,-0,18.202,424.1124,424.7282,0.1,1,62.2348,1.4501,1.4522,0.1,1,0.101,2.1345,2.1376,-0.1,0,264.3592,264.79,95448.29,1.2551,1005.8375,0.0231,0.0057,0.0011,138.4456,324.8869,9e-4,42.6135,186.4413,254.3078,3.1784,9.6837,356.6978,0.4394,2.5056,242.3242,0.012,-7.3609,-0.0532,53.6994,-8.1491,18.4333,45.9014,70.0026,98.1796,147.091,0.2406,1.0071,-28.8845,1.0147,3.5699,1.1223,0.6302,1.1223,0.0786,1.1223,0.006,1.1914,1.5934,2.9328,0.485,78.292
2026-02-02,02:00:00,33.083,0.3944,0,-39.9172,0,3.6527,0,1.7027,0,0.0804,0,-0.0046,0,0,0,0,18.2141,424.4552,425.0792,0.3,0,62.9957,1.468,1.4702,0.1,1,0.1011,2.1377,2.1408,-0.1,0,264.4094,264.8333,95467.2066,1.2552,1005.8475,0.0231,0.0052,0.0011,140.1862,325.9848,9e-4,43.0039,185.7986,254.4541,4.2996,12.9639,357.0696,0.5606,4.2245,371.7566,0.0078,-10.9282,-0.0564,56.8334,-8.6247,19.5091,48.5804,74.0881,103.9096,155.6755,0.3914,1.0078,-39.1014,1.0168,3.2106,1.1377,1.4967,1.1377,0.0707,1.1377,0.0079,1.2023,2.1566,5.6075,0.6849,78.6673
2026-02-02,02:30:00,33.104,0.2474,1,-28.6052,1,5.5112,1,1.3617,1,0.1214,1,-8e-4,1,0,0,0,18.2349,424.8037,425.4365,0.3,0,63.8441,1.4873,1.4895,0.1,1,0.1012,2.1378,2.141,-0.2,0,264.3686,264.7893,95476.6805,1.2555,1005.8574,0.0231,0.0079,0.0012,142.0431,324.8699,9e-4,43.7231,182.8268,254.6084,4.5084,13.0211,342.7079,0.4439,3.4303,257.5751,0.0113,-5.1903,-0.051,48.7901,-7.4041,16.7481,41.705,63.6028,89.2038,133.6436,0.2454,1.0081,-27.8643,1.0176,4.8205,1.1433,1.191,1.1433,0.1062,1.1433,0.0077,1.2082,1.755,4.4766,0.6289,78.4029
2026-02-02,03:00:00,33.124,0.2069,0,-39.1007,0,5.7473,0,1.3485,0,0.1266,0,-4e-4,0,-0,-0,-0,18.262,425.3204,425.9556,0.1,0,64.0276,1.4912,1.4934,0.1,1,0.1013,2.1391,2.1423,-0.2,0,264.2676,264.6941,95489.3362,1.2561,1005.8587,0.023,0.0082,0.0012,142.4318,322.4675,9e-4,44.1694,180.0357,254.6404,3.3997,11.7503,356.8682,0.4059,2.7782,144.086,0.0201,-6.8033,-0.0762,51.1374,-7.7603,17.5538,43.7115,66.6628,93.4955,140.0733,0.2054,1.0075,-38.2402,1.0157,5.0851,1.1302,1.1932,1.1302,0.112,1.1302,0.0113,1.2009,1.7821,3.3067,0.4676,78.371
2026-02-02,03:30:00,33.145,0.2191,1,-25.463,1,4.9957,1,0.7878,1,0.11,1,-0.0035,2,-0,-0,-0,18.2618,425.206,425.8403,0.1,1,63.9714,1.4895,1.4917,0.1,1,0.1013,2.14,2.1432,-0.1,0,264.3354,264.7531,95505.8991,1.256,1005.8583,0.023,0.0071,0.0012,142.2945,323.955,9e-4,43.9242,181.6605,254.6291,4.2904,11.0396,350.6945,0.4177,4.0826,241.105,0.012,-5.097,-0.0483,46.4194,-7.0443,15.9343,39.6786,60.5124,84.8695,127.1499,0.2174,1.0079,-24.8099,1.0171,4.3817,1.1401,0.6909,1.1401,0.0965,1.1401,0.0043,1.2059,2.1811,5.3536,0.6307,78.3141
2026-02-02,04:00:00,33.166,0.1074,1,-30.6645,1,6.1857,1,1.2122,1,0.1362,1,0.0017,1,0,0,0,18.241,424.8619,425.4948,0.1,1,63.8587,1.4874,1.4896,0.1,1,0.1011,2.1379,2.1411,-0.1,0,264.5817,264.9945,95547.5069,1.2554,1005.8593,0.0231,0.0088,0.0012,142.1523,330.1022,9e-4,43.0631,187.9499,254.6174,5.0206,10.2915,329.802,0.2925,2.9035,68.776,0.0422,-4.9574,-0.083,36.7275,-5.5735,12.6074,31.3941,47.878,67.1496,100.6023,0.1064,1.0098,-29.7515,1.0214,5.2768,1.1722,1.0341,1.1722,0.1162,1.1722,0.0102,1.244,2.0016,3.2501,0.5554,78.2055
2026-02-02,04:30:00,33.187,0.1832,1,-35.6273,1,6.1098,1,1.8073,1,0.1346,1,5e-4,1,0,0,0,18.2115,424.3544,424.9819,0.1,1,63.3645,1.4765,1.4787,0.1,1,0.101,2.1371000000000002,2.1403,-0.1,0,264.5554,264.9759,95530.8518,1.2553,1005.8533,0.0231,0.0087,0.0012,141.0878,329.6249,9e-4,42.8025,188.5371,254.5292,5.0965,11.9429,329.7262,0.382,3.2579,131.836,0.022,-5.8311,-0.0739,43.4915,-6.6,14.9292,37.1758,56.6955,79.5163,119.1299,0.1815,1.009,-34.663,1.02,5.2649,1.1605,1.5574,1.1605,0.116,1.1605,0.0108,1.2268,2.1292,3.7658,0.6208,78.133
2026-02-02,05:00:00,33.208,0.2145,1,-27.8944,1,5.0597,1,1.0552,1,0.1114,1,5e-4,1,0,0,0,18.1948,423.9641,424.5922,0.1,1,63.4865,1.4793,1.4815,0.1,1,0.101,2.1369,2.1401,-0.1,0,264.6175,265.0302,95516.4705,1.2549,1005.8553,0.0231,0.0072,0.0012,141.3379,331.0205,9e-4,42.6976,189.6826,254.55,5.1649,11.6127,329.3006,0.4135,3.2796,213.5342,0.0136,-5.513,-0.0534,46.9109,-7.1189,16.103,40.0987,61.1531,85.7681,128.4962,0.2127,1.0088,-27.1401,1.0194,4.3768,1.156,0.9128,1.156,0.0964,1.156,0.0086,1.2199,2.5008,3.4564,0.602,78.0468
2026-02-02,05:30:00,33.229,0.1754,1,-33.6777,1,3.2864,1,1.0534,1,0.0724,1,-5e-4,1,-0,-0,-0,18.2212,424.2886,424.9191,0.1,1,63.7202,1.4838,1.486,0.1,1,0.1011,2.1364,2.1396,0.1,0,264.4068,264.8265,95548.7816,1.2563,1005.8559,0.023,0.0047,0.0012,141.8087,325.8132,9e-4,43.5245,184.0045,254.589,4.3245,9.9387,334.1976,0.3736,2.4804,130.5346,0.0222,-10.2475,-0.0713,46.9373,-7.1229,16.1121,40.1213,61.1875,85.8164,128.5686,0.1739,1.0083,-32.9435,1.018,2.8652,1.147,0.9183,1.147,0.0631,1.147,0.0095,1.2155,1.7187,2.7511,0.4909,77.8726
2026-02-02,06:00:00,33.249,0.1734,1,-33.8454,1,4.4181,1,1.0536,1,0.0973,1,-0.0015,1,0,0,0,18.2349,424.2819,424.8987,0.1,1,62.3875,1.4516,1.4537,0.1,1,0.101,2.135,2.1381,0.5,0,264.3498,264.7745,95576.4239,1.2569,1005.8382,0.023,0.0063,0.0011,138.7763,324.4952,9e-4,42.7668,185.7189,254.3358,2.7168,8.6039,336.9646,0.3715,2.8946,127.6763,0.0227,-7.6607,-0.0721,46.6265,-7.0758,16.0054,39.8557,60.7824,85.2482,127.7173,0.1722,1.0072,-33.1631,1.0146,3.9416,1.1209,0.9399,1.1209,0.0868,1.1209,0.0088,1.1947,2.8717,2.4241,0.4933,77.8027
2026-02-02,06:30:00,33.27,0.1114,0,-30.0032,0,3.9328,0,0.7373,1,0.0866,0,-0.0031,0,0,0,0,18.2798,424.9484,425.5695,0.3,0,62.7787,1.4594,1.4615,0.1,1,0.1011,2.1337,2.1368,0.4,0,264.0675,264.5112,95601.6821,1.2585,1005.8401,0.023,0.0056,0.0011,139.559,317.8984,9e-4,43.9005,178.3394,254.4016,1.3525,6.4605,341.371,0.2975,1.2989,74.015,0.0392,-7.6289,-0.0797,52.9047,-8.0285,18.1605,45.2222,68.9666,96.7267,144.9142,0.1105,1.0079,-29.4129,1.014,3.542,1.1103,0.664,1.1103,0.078,1.1103,0.0061,1.1948,1.0995,1.2676,0.2308,77.6918
2026-02-02,07:00:00,33.291,0.1803,1,-49.8404,1,4.4223,1,1.8686,1,0.0974,1,-0.0023,1,-0,-0,-0,18.2936,425.1539,425.7761,0.1,1,62.8707,1.4612,1.4633,0.1,1,0.1013,2.1365,2.1397,0.1,0,264.0222,264.4523,95597.7442,1.2587,1005.8405,0.023,0.0063,0.0011,139.7204,316.4386,9e-4,44.154,176.7182,254.4151,3.396,8.579,339.0957,0.3785,2.1616,91.7344,0.0316,-11.2702,-0.104,48.0203,-7.2873,16.4838,41.0471,62.5993,87.7965,131.5351,0.1789,1.0078,-48.8464,1.0165,3.8913,1.1365,1.6443,1.1365,0.0857,1.1365,0.0128,1.2104,1.2615,2.5858,0.4758,77.7038
2026-02-02,07:30:00,33.312,0.1171,1,-38.867,1,3.8018,1,1.7792,1,0.0837,1,8e-4,1,0,0,0,18.3146,425.396,426.0194,0.1,1,63.007,1.4635,1.4656,0.1,1,0.1015,2.1404,2.1435,0,0,263.8492,264.2765,95605.992,1.2596,1005.8402,0.023,0.0054,0.0011,139.954,312.1186,9e-4,44.84,172.1646,254.4347,3.9246,8.9416,335.1042,0.3049,1.905,61.4811,0.0472,-10.2232,-0.1006,42.2978,-6.4189,14.5195,36.1555,55.1394,77.3339,115.8602,0.1161,1.0088,-37.9906,1.0188,3.293,1.1545,1.5411,1.1545,0.0725,1.1545,0.0122,1.2309,1.2366,2.1494,0.424,77.5582
2026-02-02,08:00:00,33.333,0.1326,1,-24.2335,1,4.2332,1,0.9125,1,0.0932,1,-0.0017,1,-0,-0,-0,18.3424,425.7466,426.37,0.1,0,62.9932,1.4621,1.4643,0.1,1,0.1015,2.14,2.1431,-0.2,0,263.8138,264.2485,95617.5747,1.2599,1005.8393,0.023,0.006,0.0011,139.8439,311.4346,9e-4,44.9031,171.5908,254.4255,4.3764,8.9508,324.4698,0.3244,1.557,118.7721,0.0244,-5.7247,-0.059,46.6675,-7.082,16.0194,39.8906,60.8357,85.323,127.8294,0.1315,1.0084,-23.6114,1.0183,3.6834,1.1492,0.794,1.1492,0.0811,1.1492,0.0056,1.2181,1.3435,1.3951,0.3754,77.441
2026-02-02,08:30:00,33.354,0.1466,1,-24.5487,1,5.5076,1,0.3047,2,0.1213,1,-0.0065,2,0,0,0,18.2004,423.4783,424.1047,0.1,1,63.4841,1.4771,1.4793,0.1,1,0.1007,2.1314,2.1346,0,1,264.598,265.0444,95621.9525,1.2562,1005.8543,0.023,0.0079,0.0012,141.2827,331.3848,9e-4,42.634,190.1021,254.5454,4.4443,10.0022,333.2577,0.3416,2.5005,136.9105,0.0212,-4.4572,-0.0569,40.0135,-6.0722,13.7353,34.203,52.1617,73.1575,109.6032,0.1453,1.0084,-23.8625,1.0182,4.7959,1.1484,0.2653,1.1484,0.1056,1.1484,0.0012,1.2162,1.6722,2.7173,0.6114,77.3292
2026-02-02,09:00:00,33.374,0.1248,1,-35.4835,1,4.1713,1,0.5515,1,0.092,1,-3e-4,1,-0,-0,-0,18.0966,422.48630000000003,423.1162,0.1,1,63.7631,1.4886,1.4908,0.1,1,0.1001,2.1273,2.1305,0.5,0,265.4007,265.9165,95637.186,1.2523,1005.8685,0.0231,0.006,0.0012,142.4057,354.5472,9e-4,40.1655,212.1415,254.6383,4.2044,9.8412,322.217,0.3157,2.2209,74.8152,0.0388,-8.5065,-0.0892,40.3012,-6.1159,13.8341,34.4489,52.5367,73.6835,110.3913,0.1237,1.0088,-34.6453,1.0189,3.6121,1.1548,0.4776,1.1548,0.0796,1.1548,0.0101,1.2281,2.0523,1.8764,0.5131,76.806
2026-02-02,09:30:00,33.395,0.0485,2,-5.7738,2,11.7643,1,1.9489,1,0.2596,1,-5e-4,2,0,0,0,18.0564,422.932,423.5682,0.1,1,64.1247,1.502,1.5042,0.1,1,0.0999,2.1324,2.1356,0.3,0,265.908,266.8937,95674.7083,1.2482,1005.8852,0.0232,0.0168,0.0012,143.7402,382.2022,9e-4,37.6084,238.462,254.7478,3.345,7.9553,322.8057,0.197,1.6235,111.7895,0.0259,-0.4908,-0.0233,43.5405,19,39,76,137,279,1041,0.0481,1.0076,-5.1222,1.0158,10.4001,1.1312,1.7229,1.1312,0.2295,1.1312,6e-4,1.203,1.5926,1.3226,0.3318,76.5374
2026-02-02,10:00:00,33.416,0.2788,1,-30.6449,1,13.9204,1,1.4031,1,0.3075,1,-0.004,2,-0,-0,-0,17.9779,423.1714,423.8015,0.1,1,63.1635,1.4868,1.489,0.1,1,0.0996,2.1367,2.1399,0.9,0,266.7044,268.0667,95714.1661,1.2432,1005.8894,0.0233,0.0199,0.0012,142.3431,417.9234,9e-4,34.0596,275.5803,254.6331,2.1103,9.1098,343.0443,0.4736,2.1437,292.4922,0.0099,-2.2014,-0.0517,69.255,-10.5097,23.773,59.1981,90.2808,126.6202,189.7001,0.2769,1.0069,-29.5819,1.0129,12.5841,1.1062,1.2684,1.1062,0.278,1.1062,0.005,1.1785,1.2246,2.7647,0.2982,76.9545
2026-02-02,10:30:00,33.437,0.0846,1,10.8482,1,10.4572,0,0.1522,2,0.2311,0,-5e-4,1,-0,-0,-0,17.9174,423.0399,423.6675,0.2,0,62.7407,1.4813,1.4835,0.1,1,0.0994,2.1381,2.1413,0,0,267.1875,268.6095,95762.7976,1.2413,1005.8924,0.0233,0.015,0.0011,141.8959,435.4332,9e-4,32.5873,293.5373,254.5962,2.0583,7.1039,338.1985,0.2611,1.3854,-138.5257,-0.0209,1.0374,0.0333,50.5461,-7.6706,17.3509,43.2061,65.892,92.4144,138.4537,0.0839,1.0087,11.2335,1.0133,9.5715,1.0925,0.1393,1.0925,0.2115,1.0925,-0.0046,1.1505,1.2459,1.3257,0.1992,77.235
2026-02-02,11:00:00,33.458,0.0124,2,3.968,1,11.4881,1,-0.3265,1,0.2542,1,-0.0015,1,0,0,0,17.8251,422.6852,423.3171,0.1,1,62.9535,1.4928,1.495,0.6,0,0.0989,2.1395,2.1427,-0.6,0,268.0706,269.9273,95742.3166,1.235,1005.9137,0.0234,0.0165,0.0011,142.9635,480.6892,9e-4,29.7414,337.7256,254.6842,1.3387,4.2006,320.893,0.1004,0.742,-21.5142,-0.1348,0.3454,0.0318,34.529,15,28,48,75,127,320,0.0123,1.0108,4.4952,1.0139,10.5686,1.087,-0.3003,1.087,0.2339,1.087,-0.0034,1.1479,0.7115,0.6664,0.1062,77.5646
2026-02-02,11:30:00,33.479,0.2926,1,-4.4217,2,15.1423,0,-4.5986,1,0.3357,0,-6e-4,2,0,0,0,17.7713,424.0603,424.7016,-0.1,0,63.2819,1.51,1.5123,0.1,1,0.0984,2.1481,2.1513,0,1,268.6106,271.9183,95718.8636,1.2257,1005.9478,0.0236,0.0218,0.0012,144.5776,556.998,9e-4,25.9566,412.4204,254.816,0.0338,3.0806,108.2941,0.4886,0.4858,2226.1799,0.0013,-0.292,-0.0073,81.6378,-12.3888,28.0236,69.7827,106.4231,149.2599,223.6185,0.2602,1.1242,-3.4296,1.0655,13.1126,1.1548,-3.9822,1.1548,0.2907,1.1548,-2e-4,1.2459,0.4054,0.3558,0.2104,77.7881
2026-02-02,12:00:00,33.499,0.0395,1,31.4199,0,12.8748,0,0.3278,1,0.2856,0,2e-4,0,-0,-0,-0,17.7289,424.4145,425.0366,0.1,1,61.1356,1.4635,1.4657,0.6,0,0.0981,2.1463,2.1494,-0.3,0,269.2538,272.371,95691.8724,1.2233,1005.9289,0.0237,0.0185,0.0011,140.0859,575.7825,9e-4,24.3296,435.6967,254.4457,0.1477,3.499,92.3981,0.1797,0.8508,-15.5781,-0.1862,2.4404,0.1421,0.1836,1,1,2,NA,NA,NA,0.0374,1.0568,30.7472,1.0439,11.5131,1.1183,0.2931,1.1183,0.2554,1.1183,-0.0103,1.1903,0.831,0.7662,0.1043,77.6883
2026-02-02,12:30:00,33.52,0.06,0,45.013,0,10.4095,0,0.3863,0,0.2311,0,1e-4,0,0,0,0,17.6724,424.4906,425.0868,0.2,0,58.385,1.4024,1.4044,0.1,1,0.0979,2.1516,2.1546,-0.1,0,269.8555,273.2785,95674.1215,1.219,1005.9085,0.0237,0.015,0.0011,134.2101,615.1326,9e-4,21.8181,480.9225,253.9449,0.6102,3.8103,154.2839,0.2219,0.4676,-20.4926,-0.1415,4.3242,0.1654,58.9306,-8.943,20.229,50.373,76.822,107.744,161.4201,0.0589,1.0187,44.74,1.0186,9.5672,1.088,0.3551,1.088,0.2124,1.088,-0.0149,1.1526,0.5081,0.3291,0.0981,77.7153
2026-02-02,13:00:00,33.541,0.1443,0,37.4392,1,16.9091,0,0.4823,1,0.3753,0,0.0049,0,-0,-0,-0,17.6039,424.0103,424.5492,0.1,0,52.7059,1.2695,1.2711,0.3,0,0.0978,2.1469,2.1496,-0.2,0,270.4165,273.0562,95630.3871,1.2195,1005.8343,0.0237,0.0243,0.001,121.434,605.2793,8e-4,20.0625,483.8453,252.7845,0.7676,4.3451,73.5415,0.344,1.3986,-91.7271,-0.0316,2.2141,0.0887,70.5635,-10.7083,24.2222,60.3166,91.9867,129.0126,193.2844,0.1421,1.0157,37.7011,1.0167,15.5621,1.0866,0.4439,1.0866,0.3454,1.0866,-0.0084,1.1502,0.9072,1.7399,0.1502,77.6124
2026-02-02,13:30:00,33.562,0.1518,0,39.3397,0,14.9301,0,-0.0671,2,0.3317,0,0.0037,0,-0,-0,-0,17.5402,423.7063,424.2104,0.1,1,49.1903,1.1883,1.1897,0.4,0,0.0976,2.1527,2.1553,-0.3,0,271.2616,274.1269,95584.9105,1.2142,1005.806,0.0238,0.0215,9e-4,113.6099,654.0549,7e-4,17.3701,540.445,252.0187,0.7047,4.8669,96.3772,0.3536,1.0914,-94.7578,-0.0306,2.6349,0.0911,73.4536,-11.1469,25.2143,62.7871,95.7543,134.2967,201.2009,0.1493,1.0167,39.4473,1.0174,13.735,1.087,-0.0618,1.087,0.3052,1.087,-0.0101,1.151,0.6109,1.4284,0.1435,77.9458
2026-02-02,14:00:00,33.583,0.1497,1,18.9857,1,23.4014,1,-1.6066,1,0.52,1,-0.0042,1,0,0,0,17.525,423.8695,424.3778,0.1,1,49.5204,1.1977,1.1992,0.6,0,0.0972,2.1469,2.1494,-0.2,0,271.8394,274.3185,95526.9182,1.2126,1005.8138,0.0239,0.0337,9e-4,114.4461,663.1418,7e-4,17.2582,548.6957,252.1027,0.3824,3.8703,132.995,0.3513,0.7037,-192.54,-0.0151,0.8113,0.0443,83.8391,-12.7229,28.7793,71.6644,109.2928,153.2847,229.6484,0.1458,1.0269,19.7435,1.024,21.3957,1.0937,-1.4689,1.0937,0.4754,1.0937,-0.0114,1.1601,0.7843,0.5213,0.1018,77.2968
2026-02-02,14:30:00,33.604,0.1853,0,20.5169,0,11.502,0,0.9138,1,0.2558,0,0.0021,1,0,0,0,17.464,423.8667,424.3608,0.3,0,47.974,1.1644,1.1657,0.6,0,0.0966,2.1419,2.1444,-0.2,0,272.5094,275.2579,95515.047,1.2084,1005.8099,0.024,0.0166,9e-4,111.2447,709.331,7e-4,15.683,598.0863,251.7779,0.5312,5.5122,121.7478,0.3916,1.309,-246.7177,-0.0118,1.7838,0.0431,73.4121,-11.1406,25.2,62.7515,95.7001,134.2207,201.0871,0.1816,1.0208,20.7143,1.02,10.5585,1.0894,0.8389,1.0894,0.2348,1.0894,-0.0053,1.1544,0.994,1.4476,0.1763,76.648
2026-02-02,15:00:00,33.624,0.1751,1,9.2302,0,18.086,0,0.9255,0,0.4022,0,0.0053,2,-0,-0,-0,17.451,424.0749,424.5547,0.1,1,46.5002,1.13,1.1313,0.4,0,0.0964,2.1346,2.137,0,1,272.9948,275.0653,95508.4472,1.2091,1005.7886,0.0239,0.0261,9e-4,107.9528,699.6345,7e-4,15.4299,591.6816,251.4349,0.9767,7.6872,82.0904,0.3805,1.5384,-502.9831,-0.0058,0.5103,0.0199,62.7316,-9.5198,21.5337,53.622,81.7769,114.6933,171.8315,0.1728,1.0132,10.0297,1.0152,16.654,1.086,0.8522,1.086,0.3703,1.086,9e-4,1.1486,1.7571,1.0732,0.2465,76.5071
2026-02-02,15:30:00,33.645,0.2575,0,28.0644,1,26.3172,0,-0.7512,1,0.5854,0,-0.0043,1,0,0,0,17.4023,422.753,423.2429,0.1,1,47.6484,1.1575,1.1589,0.2,0,0.0961,2.1328,2.1352,-0.2,0,273.5752,275.4774,95509.0325,1.2073,1005.8095,0.024,0.0379,9e-4,110.583,720.5246,7e-4,15.3476,609.9416,251.7097,0.774,5.6285,87.4609,0.4618,1.5066,-295.7264,-0.0098,1.0664,0.05,76.8713,-11.6655,26.3874,65.7084,100.2094,140.5452,210.5623,0.2535,1.0156,28.9769,1.0167,24.2216,1.0865,-0.6914,1.0865,0.5388,1.0865,-0.0147,1.1501,1.0577,1.7371,0.2185,77.224
2026-02-02,16:00:00,33.666,0.1111,0,-2.3709,0,16.9835,0,-0.337,2,0.3774,0,0.0025,2,-0,-0,-0,17.4804,422.8033,423.3334,0.1,1,51.7665,1.2521,1.2537,0.2,0,0.0962,2.1229,2.1256,0,1,273.4185,274.3032,95501.1941,1.2124,1005.8427,0.0239,0.0245,9e-4,119.6081,662.4127,8e-4,18.0564,542.8045,252.6098,1.7158,5.4658,96.673,0.3028,0.8685,986.3754,0.0029,-0.1396,-0.0064,60.8572,-9.2353,20.8903,52.0198,79.3335,111.2663,166.6972,0.1104,1.007,-1.4742,1.0122,15.4675,1.098,-0.307,1.098,0.3437,1.098,0.002,1.1693,0.8197,0.749,0.1684,75.5173
2026-02-02,16:30:00,33.687,0.1088,0,2.8112,0,19.2361,0,-0.7882,0,0.4275,0,-0.0012,1,0,0,0,17.5125,423.3587,423.9339,0.1,1,56.1292,1.3569,1.3587,0.2,0,0.0961,2.1213,2.1242,0,0,273.4372,274.3608,95497.0665,1.212,1005.8996,0.0239,0.0277,0.001,129.615,665.1607,8e-4,19.4863,535.5458,253.5394,1.4412,4.7894,95.4511,0.2996,1.0237,-806.4673,-0.0036,0.1461,0.0077,57.6225,-8.7444,19.7799,49.2548,75.1167,105.3523,157.83690000000001,0.1077,1.0103,3.7684,1.0137,17.6872,1.0876,-0.7248,1.0876,0.393,1.0876,-0.0032,1.1481,0.8898,0.9686,0.1891,75.6694
2026-02-02,17:00:00,33.708,0.0071,2,-4.7983,2,17.6025,2,-1.1064,2,0.3911,2,-0.0043,2,-0,-0,-0,17.5538,423.7165,424.3535,0.1,1,62.1888,1.5011,1.5034,0.2,0,0.0962,2.1228,2.126,0.3,0,273.3792,274.1242,95501.7123,1.213,1005.9734,0.0239,0.0253,0.0011,143.3979,653.9287,9e-4,21.9287,510.5307,254.7198,1.2244,4.4777,84.1814,0.0763,0.6859,7.8107,0.3713,-0.2726,-0.0515,44.1931,19,43,94,188,449,2398,0.007,1.0131,-3.8589,1.026,14.5966,1.2059,-0.9175,1.2059,0.3243,1.2059,-0.0031,1.3642,0.6572,0.5869,0.1276,77.0008
2026-02-02,17:30:00,33.729,0.0116,2,-9.6407,1,19.7443,1,-0.3824,1,0.4385,1,-7e-4,1,0,0,0,17.5954,424.352,425.0674,0.1,1,69.7889,1.6831,1.686,0.2,0,0.0964,2.1226,2.1262,-0.7,0,273.1922,273.7894,95507.0396,1.2145,1006.0661,0.0238,0.0284,0.0013,160.7926,638.3171,0.001,25.1901,477.5245,256.0724,1.3936,4.226,56.8392,0.0976,0.6206,8.1236,0.357,-0.4883,-0.0809,36.9989,16,36,78,155,367,1923,0.0114,1.0134,-8.4814,1.0269,16.2523,1.2149,-0.3148,1.2149,0.361,1.2149,0.001,1.3755,0.5694,0.5902,0.0816,76.8529
2026-02-02,18:00:00,33.749,0.0291,1,-11.6952,0,14.4236,0,-0.2071,0,0.3203,0,-8e-4,1,-0,-0,-0,17.6119,424.2584,425.0308,0.1,1,75.4396,1.8173,1.8206,0.2,0,0.0964,2.1224,2.1262,-0.7,0,273.1517,273.6855,95533.0144,1.2152,1006.1366,0.0238,0.0208,0.0014,173.6571,633.5382,0.0011,27.4107,459.8811,256.991,1.2609,5.8398,57.8237,0.1548,0.5873,26.7272,0.1085,-0.8108,-0.0618,14.9619,7,14,28,53,116,497,0.0289,1.0091,-10.7931,1.017,12.7157,1.1343,-0.1826,1.1343,0.2824,1.1343,0.0019,1.2379,0.5568,0.5358,0.0819,76.6995
2026-02-02,18:30:00,33.77,0.0567,1,-38.6258,1,29.185,1,1.7448,1,0.6478,1,-4e-4,1,-0,-0,-0,17.6577,424.4643,425.3597,0,0,87.5697,2.105,2.1095,0.1,1,0.0965,2.12,2.1245,0.9,0,272.5533,273.1074,95550.1853,1.2179,1006.283,0.0238,0.042,0.0016,201.1909,607.5352,0.0013,33.1159,406.3443,258.7685,0.4882,2.3509,28.7257,0.2157,0.2972,21.8966,0.1324,-1.3235,-0.1461,88.2897,-13.3983,30.307,75.4687,115.0945,161.4217,241.8391,0.0559,1.0127,-36.4682,1.0197,25.6398,1.1383,1.5329,1.1383,0.5691,1.1383,0.0091,1.2539,0.2883,0.2724,0.0337,76.4181
2026-02-02,19:00:00,33.791,0.064,1,-43.6851,1,30.2508,1,3.3631,1,0.6715,1,0.0012,1,-0,-0,-0,17.6472,424.1037,425.0202,0.1,1,89.7207,2.1562,2.1609,0.1,1,0.0965,2.1206,2.1252,0.4,0,272.712,273.2117,95582.781,1.2178,1006.312,0.0238,0.0435,0.0016,206.1513,612.1565,0.0013,33.6762,406.0052,259.0654,0.8682,3.4032,57.0333,0.2292,0.5398,23.2577,0.1247,-1.4441,-0.1555,69.7958,-10.5918,23.9586,59.6604,90.9859,127.609,191.1815,0.0634,1.0103,-41.4477,1.0181,26.6019,1.1372,2.9574,1.1372,0.5905,1.1372,0.012,1.2484,0.5963,0.4148,0.0685,76.2751
2026-02-02,19:30:00,33.812,0.0865,0,-6.6351,0,9.2477,0,0.8048,0,0.2053,0,-0.0012,0,-0,-0,-0,17.5816,422.6204,423.5259,0.1,1,88.9451,2.138,2.1426,0.6,0,0.0963,2.1158,2.1203,-0.1,0,272.7495,273.2348,95612.492800000007,1.2181,1006.3025,0.0238,0.0133,0.0016,204.4772,613.1841,0.0013,33.3468,408.7069,258.966,1.1698,6.6306,50.3465,0.2665,0.7666,240.6631,0.0121,-0.7175,-0.0203,63.3554,-9.6144,21.7478,54.1552,82.5901,115.8338,173.5401,0.0858,1.008,-6.0839,1.0127,8.4288,1.0972,0.7336,1.0972,0.1871,1.0972,4e-4,1.1737,0.7165,0.6987,0.118,76.1914
2026-02-02,20:00:00,33.833,0.0233,1,-12.4704,1,10.6248,1,0.9609,1,0.2358,1,3e-4,1,-0,-0,-0,17.5888,422.1022,423.0106,0.1,1,89.4844,2.1475,2.1521,0.5,0,0.0964,2.1165,2.121,-0.6,0,272.462,272.9327,95622.9519,1.2196,1006.3035,0.0237,0.0153,0.0016,205.4033,599.8646,0.0013,34.2416,394.4614,259.0211,1.314,4.3588,71.4931,0.1382,0.789,17.8696,0.1623,-1.1737,-0.0735,18.8511,8,18,37,71,159,729,0.0231,1.0101,-11.7261,1.0195,9.1976,1.1552,0.8319,1.1552,0.2041,1.1552,0.0032,1.2735,0.6269,0.8575,0.0937,76.0918
2026-02-02,20:30:00,33.854,0.0272,0,-6.924,0,6.821,0,0.6528,0,0.1513,0,-0.0023,2,0,0,0,17.6154,422.4621,423.399,0.3,0,92.2718,2.2129,2.2178,0.5,0,0.0967,2.12,2.1247,0.7,0,272.2226,272.7052,95614.9667,1.2205,1006.3355,0.0237,0.0098,0.0017,211.6448,590.0053,0.0014,35.8717,378.3605,259.3869,1.0764,4.3897,57.2246,0.1492,0.3162,40.4612,0.0717,-1.0151,-0.0378,12.6408,6,11,23,43,90,366,0.0269,1.0089,-6.4827,1.0155,6.0935,1.1194,0.5832,1.1194,0.1352,1.1194,-4e-4,1.2141,0.2572,0.3272,0.048,75.97
2026-02-02,21:00:00,33.874,0.0172,1,-6.7367,0,7.0915,0,0.4727,0,0.1573,0,5e-4,1,0,0,0,17.6262,422.5978,423.5606,0.1,1,94.8102,2.2731,2.2783,0.6,0,0.0968,2.1225,2.1274,-0.2,0,272.23630000000003,272.7043,95630.7728,1.2206,1006.3679,0.0237,0.0102,0.0017,217.4388,589.9659,0.0014,36.8562,372.527,259.718,1.3711,4.0509,71.0511,0.1186,0.4248,20.8932,0.1388,-0.95,-0.0462,25.0881,11,24,49,94,210,961,0.017,1.0096,-6.2743,1.0184,6.182,1.1471,0.4121,1.1471,0.1372,1.1471,0.0019,1.2585,0.3432,0.4539,0.0525,75.8816
2026-02-02,21:30:00,33.895,0.0888,0,-12.4478,0,15.315,0,0.89,0,0.3398,0,-6e-4,0,0,0,0,17.6498,423.1688,424.1811,0.3,0,99.5459,2.3867,2.3924,0.7,0,0.097,2.1263,2.1314,-0.7,0,272.1509,272.5981,95635.2354,1.2211,1006.4276,0.0237,0.022,0.0018,228.3132,585.4111,0.0015,39.0005,357.098,260.3186,1.892,5.6021,42.1348,0.2697,0.861,132.8945,0.0218,-0.8128,-0.0376,57.8882,-8.7848,19.8711,49.4819,75.4631,105.838,158.5646,0.0882,1.0071,-11.5215,1.0133,13.8163,1.1085,0.8029,1.1085,0.3065,1.1085,0.0023,1.1849,0.5833,0.9873,0.1514,75.7546
2026-02-02,22:00:00,33.916,0.0519,1,-5.9975,0,9.5533,0,0.5396,0,0.2119,0,-0.0015,2,0,0,0,17.6753,423.5117,424.5893,0.1,1,105.9206,2.5379,2.5444,0.6,0,0.0972,2.1286,2.134,0,1,271.997,272.435,95662.0677,1.2221,1006.5068,0.0237,0.0137,0.0019,242.8483,578.4829,0.0016,41.9802,335.6346,261.0828,1.2957,6.5663,22.4785,0.206,1.3322,123.0148,0.0236,-0.6278,-0.0237,49.7202,-7.5452,17.0673,42.5001,64.8153,90.9044,136.1913,0.0515,1.0078,-5.4405,1.0131,8.6645,1.1026,0.4894,1.1026,0.1922,1.1026,-2e-4,1.1819,1.3459,1.1892,0.1292,75.6212
2026-02-02,22:30:00,33.937,0.0319,1,-6.1142,1,8.0516,1,0.5931,1,0.1786,1,-0.0045,1,-0,-0,-0,17.6902,423.5806,424.6921,0.1,1,109.2996,2.6171,2.624,0.8,0,0.0974,2.1326,2.1382,0.3,0,271.9199,272.3356,95655.3741,1.2225,1006.5482,0.0237,0.0116,0.002,250.4082,574.2931,0.0016,43.6029,323.8849,261.4643,2.0367,6.0891,34.3536,0.1616,1.2362,58.2273,0.0498,-0.7594,-0.0308,28.8018,13,26,52,96,200,795,0.0317,1.0076,-5.6292,1.0148,7.1752,1.1221,0.5286,1.1221,0.1591,1.1221,-0.0027,1.2058,0.8844,1.3951,0.1929,75.3738
2026-02-02,23:00:00,33.958,0.0982,0,-6.1912,0,10.3737,0,0.7741,0,0.2301,0,-0.0019,2,0,0,0,17.721,424.2145,425.3549,0.1,1,112.0047,2.6812,2.6884,0.1,1,0.0978,2.1403,2.146,0.9,0,271.8661,272.2779,95669.2013,1.2229,1006.582,0.0237,0.0149,0.002,256.5795,571.8717,0.0017,44.8666,315.2922,261.7682,1.6387,4.7944,66.886,0.2834,0.9413,310.2427,0.0093,-0.5968,-0.0177,64.3665,-9.7679,22.0949,55.0195,83.9082,117.6824,176.3097,0.0975,1.0071,-5.5935,1.0125,9.4286,1.1002,0.7036,1.1002,0.2091,1.1002,-4e-4,1.174,0.6269,1.1275,0.1282,75.2514
2026-02-02,23:30:00,33.979,0.023,1,-5.3664,1,7.4847,1,0.5175,1,0.166,1,-3e-4,1,-0,-0,-0,17.7487,424.8298,425.985,0.1,1,113.2995,2.7119,2.7193,0.1,1,0.098,2.1448,2.1506,-0.9,0,271.7805,272.1936,95670.7112,1.2232,1006.5974,0.0237,0.0108,0.0021,259.5206,568.356,0.0017,45.6616,308.8354,261.9107,1.4671,5.6235,60.1759,0.1372,0.7517,40.5928,0.0714,-0.717,-0.0318,22.6501,10,21,42,78,166,687,0.0228,1.0083,-4.9179,1.0153,6.6653,1.1229,0.4609,1.1229,0.1478,1.1229,9e-4,1.2151,0.6179,0.7603,0.1252,75.1819
2026-02-03,00:00:00,34,0.0771,1,-2.6474,0,5.7844,0,-0.0354,2,0.1283,0,-0.0029,1,-0,-0,-0,17.7734,425.3903,426.558,0.1,1,114.377,2.7375,2.745,0.1,1,0.0984,2.1516,2.1575,0.3,0,271.702,272.1117,95660.6782,1.2235,1006.6101,0.0236,0.0083,0.0021,261.9418,564.9548,0.0017,46.3651,303.013,262.027,1.5018,5.7027,70.452,0.251,0.9381,503.9796,0.0058,-0.4577,-0.0086,62.2689,-9.4495,21.3749,53.2265,81.1738,113.8474,170.5641,0.0765,1.0072,-2.3234,1.0123,5.2713,1.0973,-0.0323,1.0973,0.1169,1.0973,-0.0022,1.1706,0.937,0.8299,0.1093,75.1224
2026-02-03,00:30:00,34.02,0.0306,1,-2.5736,1,8.944,0,0.7456,1,0.1983,0,0.0028,2,0,0,0,17.7937,425.8975,427.0814,0.2,0,115.813,2.772,2.7797,0.1,1,0.0986,2.1559,2.1619,0.9,0,271.636,272.0521,95634.9456,1.2234,1006.628,0.0237,0.0129,0.0021,265.1728,562.4944,0.0017,47.1423,297.3216,262.1807,1.0654,4.5624,91.2722,0.1582,0.4532,129.915,0.0223,-0.2877,-0.0132,12.1195,5,11,21,37,75,272,0.0304,1.0083,-2.0887,1.0132,8.1353,1.0994,0.6782,1.0994,0.1804,1.0994,0.0029,1.1787,0.4947,0.3241,0.0875,76.0469
2026-02-03,01:00:00,34.041,0.016,1,-2.7088,2,5.6432,2,0.6351,1,0.1251,2,-0.0028,1,-0,-0,-0,17.8162,426.5799,427.8058,0.1,1,119.6765,2.8655,2.8737,0.1,1,0.0988,2.1584,2.1646,-0.3,0,271.547,271.9837,95631.4775,1.2236,1006.6775,0.0236,0.0081,0.0022,274.1023,559.6773,0.0018,48.9751,285.575,262.5969,0.688,3.0493,84.2727,0.1143,0.2432,46.5648,0.0623,-0.48,-0.0192,9.558,4,9,17,32,66,261,0.0158,1.0104,-2.3866,1.0157,5.0733,1.1123,0.571,1.1123,0.1125,1.1123,-0.002,1.2051,0.2928,0.1631,0.0306,75.7408
2026-02-03,01:30:00,34.062,0.0226,1,-2.9091,0,6.7775,0,0.4105,0,0.1503,0,-0.0025,0,-0,-0,-0,17.8074,426.3214,427.5504,0.1,1,120.0621,2.8744,2.8827,0.1,1,0.0986,2.1553,2.1615,-0.2,0,271.5976,272.0045,95642.75,1.2237,1006.6826,0.0236,0.0097,0.0022,274.9861,560.5345,0.0018,49.0578,285.5484,262.6374,1.2045,4.7044,76.4971,0.136,0.5094,73.0052,0.0397,-0.4292,-0.0174,17.7576,8,16,32,57,118,451,0.0225,1.0082,-2.5308,1.0138,6.1206,1.1073,0.3707,1.1073,0.1357,1.1073,-0.0018,1.1913,0.5926,0.3527,0.0734,74.2548
2026-02-03,02:00:00,34.083,0.0233,1,-6.1713,1,5.127,1,0.3539,1,0.1137,1,-0.0011,1,-0,-0,-0,17.7682,425.2658,426.5077,0.1,0,121.6545,2.9117,2.9202,0.1,1,0.0986,2.1569,2.1632,0,1,271.7923,272.1808,95654.4162,1.223,1006.7051,0.0237,0.0074,0.0022,278.5914,567.8236,0.0018,49.063,289.2321,262.8015,1.8618,5.374,40.7862,0.1381,0.7283,36.0428,0.0805,-1.2037,-0.0363,31.0512,14,29,59,109,236,1004,0.0231,1.0083,-5.826,1.0162,4.5258,1.1328,0.3124,1.1328,0.1004,1.1328,5e-4,1.2262,0.5485,0.7865,0.1216,75.229
2026-02-03,02:30:00,34.104,0.0099,2,-4.864,2,4.8322,2,0.0521,2,0.1072,2,-0.0024,2,-0,-0,-0,17.7541,425.0066,426.2727,0,0,124.0682,2.97,2.9789,0.1,1,0.0986,2.1572,2.1636,-0.1,0,271.8787,272.2597,95660.3759,1.2227,1006.7376,0.0237,0.0069,0.0023,284.1879,571.114,0.0018,49.7603,286.9261,263.0526,2.0342,6.8496,38.3268,0.0902,0.751,12.7267,0.2279,-1.0066,-0.0438,64.5993,28,63,136,270,640,3343,0.0098,1.0114,-4.5311,1.0234,4.0528,1.1923,0.0437,1.1923,0.0899,1.1923,-9e-4,1.3218,0.6451,0.7036,0.1532,75.0862
2026-02-03,03:00:00,34.124,0.0494,1,-4.7507,1,5.8419,1,0.0457,2,0.1295,1,-0.0024,2,-0,-0,-0,17.7685,425.193,426.4783,0,0,125.9425,3.0138,3.0229,0.1,1,0.0986,2.1567,2.1633,-0.7,0,271.7893,272.1603,95662.6686,1.2232,1006.7599,0.0237,0.0084,0.0023,288.3814,566.9719,0.0019,50.8634,278.5905,263.2379,2.4309,6.0751,34.2277,0.201,0.9538,144.2577,0.0201,-0.8132,-0.0192,37.8555,-5.7447,12.9946,32.3583,49.3484,69.2119,103.692,0.0491,1.007,-4.3977,1.0139,5.24,1.1149,0.0409,1.1149,0.1162,1.1149,-0.0011,1.1887,0.7907,0.8737,0.2432,74.9107
2026-02-03,03:30:00,34.145,0.0295,1,-8.0326,1,3.5503,1,0.5479,1,0.0787,1,0.0011,1,0,0,0,17.7758,425.381,426.6973,0.1,0,128.9086,3.0848,3.0944,0.1,1,0.0986,2.1567,2.1634,-0.7,0,271.8002,272.16,95636.0054,1.2228,1006.7983,0.0237,0.0051,0.0023,295.0995,566.9569,0.0019,52.0497,271.8574,263.5298,2.1116,6.4165,27.1885,0.1554,1.055,39.3952,0.0736,-2.2625,-0.042,31.4601,14,29,59,110,235,988,0.0293,1.0082,-7.7369,1.0163,3.1292,1.1346,0.4829,1.1346,0.0694,1.1346,0.0032,1.2252,0.8253,1.1076,0.1772,74.7782
2026-02-03,04:00:00,34.166,0.0263,1,-7.7393,1,3.9563,1,0.4892,1,0.0877,1,-9e-4,1,-0,-0,-0,17.7773,425.5416,426.8828,0.1,0,131.2552,3.1419,3.1518,0.1,1,0.0985,2.155,2.1618,-0.8,0,271.824,272.1852,95617.2443,1.2224,1006.8295,0.0237,0.0057,0.0024,300.5008,568.0058,0.002,52.9045,267.505,263.7602,2.1884,5.4824,37.3276,0.1466,0.6776,34.3629,0.0844,-1.9562,-0.0429,35.5483,15,33,68,127,275,1182,0.0261,1.0085,-7.4241,1.017,3.4694,1.1404,0.429,1.1404,0.0769,1.1404,0.0013,1.2335,0.5419,0.6776,0.1357,74.6778
2026-02-03,04:30:00,34.187,0.0125,2,-9.1274,2,5.1324,2,0.2613,2,0.1138,2,-0.0023,2,-0,-0,-0,17.7511,425.0496,426.4106,0,0,133.2925,3.1917,3.2019,0.1,1,0.0983,2.1521,2.159,0.7,0,271.9346,272.2918,95596.7543,1.2216,1006.8578,0.0237,0.0074,0.0024,305.1958,572.4549,0.002,53.3135,267.2591,263.9575,2.1423,5.9195,41.0682,0.1013,0.8626,9.6,0.3021,-1.7784,-0.0733,62.4473,27,61,134,269,646,3496,0.0124,1.0133,-8.6599,1.0273,4.1926,1.2241,0.2134,1.2241,0.093,1.2241,3e-4,1.3716,0.6296,0.929,0.1666,74.5543
2026-02-03,05:00:00,34.208,0.0069,2,-11.8617,2,5.626,2,0.1671,2,0.1248,2,4e-4,2,0,0,0,17.7556,425.1263,426.498,0.1,0,134.3283,3.2163,3.2266,0.1,1,0.0983,2.1517,2.1587,-0.1,0,271.9943,272.3454,95601.8838,1.2214,1006.8718,0.0237,0.0081,0.0024,307.5627,574.7046,0.002,53.5167,267.142,264.056,2.1978,6.3457,33.5524,0.0753,0.9215,3.0355,0.9553,-2.1084,-0.1281,136.1688,60,136,306,632,1582,9396,0.0067,1.0266,-11.0488,1.0538,3.916,1.4366,0.1163,1.4366,0.0869,1.4366,0.0026,1.72,0.697,0.9729,0.1732,74.4509
2026-02-03,05:30:00,34.229,0.0135,2,-12.4115,2,2.2776,2,0.305,2,0.0505,2,-3e-4,2,-0,-0,-0,17.7447,424.8353,426.2081,0,0,134.5321,3.2209,3.2313,0.1,1,0.0981,2.1495,2.1565,-0.4,0,272.1227,272.4694,95600.5507,1.2209,1006.8759,0.0237,0.0033,0.0024,308.0025,579.9373,0.002,53.1096,271.9349,264.0742,2.3667,6.6747,36.3198,0.1051,0.9976,7.8951,0.3673,-5.4493,-0.096,70.8387,31,70,154,312,760,4235,0.0133,1.0152,-11.9466,1.0312,1.8124,1.2567,0.2427,1.2567,0.0402,1.2567,0.0029,1.4187,0.7914,1.0213,0.1825,74.3518
2026-02-03,06:00:00,34.249,0.0295,1,-9.6783,1,3.1537,1,-0.384,2,0.07,1,-0.0031,2,0,0,0,17.7495,425.0293,426.4084,0.1,1,135.0579,3.2341,3.2446,0.1,1,0.0981,2.1502,2.1572,0,1,272.1635,272.519,95607.8677,1.2207,1006.8837,0.0237,0.0045,0.0025,309.2885,582.0425,0.002,53.1385,272.754,264.1273,1.5153,4.4799,38.9469,0.1554,0.6859,32.6872,0.0887,-3.0689,-0.0507,19.7065,9,18,37,69,149,633,0.0292,1.0086,-9.3764,1.0164,2.786,1.132,-0.3393,1.132,0.0618,1.132,0,1.23,0.574,0.6864,0.1113,74.3974
2026-02-03,06:30:00,34.27,0.0315,1,-14.6354,0,2.9249,0,0.3035,0,0.0649,0,-0.0031,1,0,0,0,17.8354,426.9694,428.3657,0.1,0,136.152,3.2594,3.2701,0.1,1,0.0985,2.1577,2.1648,0.1,0,272.0916,272.4408,95617.5157,1.2212,1006.8964,0.0237,0.0042,0.0025,311.74,578.7242,0.002,53.8668,266.9841,264.2281,1.6558,4.9472,41.5028,0.1605,0.5369,23.824,0.1217,-5.0037,-0.0742,21.2674,9,20,41,78,172,764,0.0312,1.0092,-14.2476,1.0181,2.5494,1.1473,0.2645,1.1473,0.0565,1.1473,0.0014,1.2539,0.4799,0.4969,0.097,74.3762
2026-02-03,07:00:00,34.291,0.0679,0,-10.1365,0,1.8384,0,-0.6034,1,0.0408,0,-0.0041,1,-0,-0,-0,17.7617,425.3627,426.7622,0.1,1,136.9307,3.2793,3.29,0.1,1,0.0981,2.1526,2.1597,0.9,0,272.4485,272.7825,95627.3253,1.2198,1006.9117,0.0237,0.0026,0.0025,313.6702,593.3398,0.002,52.8652,279.6696,264.3069,1.3316,5.176,42.1771,0.2359,0.7648,109.2956,0.0265,-5.5136,-0.035,63.8069,-9.6829,21.9028,54.5412,83.1788,116.6594,174.777,0.0674,1.0078,-9.9201,1.0134,1.6639,1.1049,-0.5462,1.1049,0.0369,1.1049,-7e-4,1.1855,0.4268,1.012,0.0908,74.3504
2026-02-03,07:30:00,34.312,0.0353,1,-38.5154,1,2.2369,1,2.0115,1,0.0496,1,3e-4,1,-0,-0,-0,17.7291,424.6493,426.0618,0.2,0,138.4118,3.3152,3.3263,0.1,1,0.0979,2.1484,2.1556,-0.1,0,272.535,272.8884,95631.5306,1.2194,1006.9326,0.0237,0.0032,0.0025,317.1273,597.9345,0.0021,53.0371,280.8072,264.447,1.6431,6.0005,10.6782,0.1701,1.2905,10.7784,0.2691,-17.2184,-0.1844,19.6915,9,19,40,78,178,863,0.0348,1.0123,-37.5152,1.0249,1.8608,1.2021,1.6734,1.2021,0.0413,1.2021,0.0106,1.3473,0.6811,1.7649,0.1351,74.2879
2026-02-03,08:00:00,34.333,0.2972,1,-47.4622,2,4.4065,1,6.2213,1,0.0977,1,0.0291,1,-0,-0,-0,17.8603,426.805,428.2578,0.1,1,141.9568,3.3923,3.4039,0.1,1,0.0983,2.1469,2.1542,0,1,271.4026,271.8935,95654.9064,1.2241,1006.9611,0.0236,0.0063,0.0026,324.5794,555.9876,0.0021,58.3789,231.4082,264.7445,0.1211,2.8684,49.4797,0.4928,0.5732,212.7399,0.0136,-10.771,-0.0781,91.0302,-13.8142,31.2477,77.8112,118.6671,166.4322,249.3458,0.2867,1.0365,-46.077,1.0262,3.9711,1.1096,5.6066,1.1096,0.088,1.1096,0.0407,1.1937,0.4356,0.5477,0.163,73.972
2026-02-03,08:30:00,34.354,0.083,1,-75.7895,1,7.27,1,4.4157,2,0.1614,1,0.006,1,-0,-0,-0,17.739,423.9423,425.373,0.1,0,140.743,3.3636,3.375,0.1,1,0.0975,2.143,2.1502,-0.4,0,272.7376,273.2291,95704.2265,1.2187,1006.9634,0.0237,0.0105,0.0026,321.9976,612.9287,0.0021,52.5343,290.931,264.6422,0.7931,4.3723,100.8665,0.261,0.7449,19.7988,0.1465,-10.425,-0.2366,74.9248,-11.3701,25.7193,64.0446,97.6721,136.9865,205.2307,0.0821,1.011,-74.0732,1.0194,6.3456,1.1457,3.8542,1.1457,0.1409,1.1457,0.0266,1.2647,0.9212,0.4941,0.0744,74.2431
2026-02-03,09:00:00,34.374,0.0448,0,-15.7772,0,2.1205,0,0.1832,1,0.0471,0,-0.0027,1,0,0,0,17.6832,424.4057,425.8374,0,0,140.0876,3.3622,3.3735,0.1,1,0.0973,2.1444,2.1516,-0.4,0,273.2647,273.852,95725.779,1.2162,1006.9713,0.0238,0.0031,0.0025,321.9338,641.2079,0.0021,50.2074,319.2741,264.6396,1.7284,4.3409,76.039,0.1918,0.4626,37.7827,0.0768,-7.4404,-0.0672,17.6382,8,16,33,61,129,536,0.0444,1.0083,-15.4398,1.016,1.8757,1.1305,0.1621,1.1305,0.0417,1.1305,0.0022,1.2242,0.4001,0.4394,0.0856,74.2238
2026-02-03,09:30:00,34.395,0.0734,0,-6.9978,0,1.5389,0,-1.4764,1,0.0342,0,-0.0024,2,0,0,0,17.6303,424.9956,426.4412,0.1,1,140.6236,3.3899,3.4014,0.1,1,0.097,2.1569,2.1642,0,1,274.0628,275.6681,95743.8546,1.2084,1007.013,0.0239,0.0022,0.0026,324.6469,730.376,0.0021,44.4493,405.7292,264.7472,1.5314,5.8175,96.0887,0.2465,0.7639,180.7248,0.016,-4.5474,-0.0233,55.6616,-8.4469,19.1068,47.5787,72.5605,101.7671,152.4657,0.0729,1.0074,-6.8376,1.0129,1.396,1.1024,-1.3393,1.1024,0.0311,1.1024,-1e-4,1.1789,0.7637,0.6247,0.1395,74.2966
2026-02-03,10:00:00,34.416,0.0569,1,12.5142,1,3.3908,1,-1.0383,0,0.0755,1,-0.0127,1,0,0,0,17.734,429.8169,431.2935,-0.1,0,141.2604,3.4237,3.4355,0.1,1,0.0974,2.1776,2.185,0.1,0,274.4969,276.8789,95739.2039,1.2031,1007.0501,0.024,0.0049,0.0026,327.8707,795.7574,0.0021,41.2023,467.8867,264.874,0.6907,4.2961,61.2381,0.2174,0.7728,-69.3552,-0.0418,3.6907,0.0475,56.4931,-8.573,19.3923,48.2895,73.6445,103.2874,154.7434,0.0559,1.017,12.4885,1.0176,3.119,1.0871,-0.9551,1.0871,0.0695,1.0871,-0.0161,1.1512,0.7622,0.6787,0.1046,74.3781
2026-02-03,10:30:00,34.437,0.1619,0,7.1817,1,10.3043,0,2.8968,1,0.2295,0,0.0117,0,-0,-0,-0,17.4357,423.7189,425.1753,0,0,140.9529,3.4254,3.4372,0.1,1,0.0958,2.1426,2.15,-0.9,0,275.1629,276.9284,95729.3612,1.2027,1007.0518,0.0241,0.0149,0.0026,328.0008,798.5391,0.0021,41.0751,470.5383,264.8791,0.7187,5.14,60.0744,0.3669,1.4449,-580.7995,-0.005,0.697,0.0162,65.9361,-10.0061,22.6337,56.3612,85.9544,120.5522,180.6092,0.1593,1.0165,7.6061,1.0172,9.4805,1.0869,2.6652,1.0869,0.2112,1.0869,0.008,1.1508,1,1.6874,0.2024,74.4174
2026-02-03,11:00:00,34.458,0.0155,2,-12.4727,1,6.4176,1,0.3779,1,0.1429,1,0.0025,1,-0,-0,-0,17.3645,421.8132,423.2549,0.1,1,140.2229,3.4063,3.4179,0.1,1,0.0952,2.1215,2.1287,-0.1,0,275.4339,276.2219,95705.7413,1.2055,1007.0303,0.024,0.0093,0.0026,326.0854,759.6671,0.0021,42.9248,433.5817,264.8039,2.0917,6.3504,334.7469,0.1136,1.2097,9.9115,0.2926,-1.9435,-0.0905,51.4838,23,50,109,218,520,2761,0.0153,1.013,-11.8624,1.0267,5.2624,1.2195,0.3099,1.2195,0.1171,1.2195,0.0049,1.3653,1.249,1.0464,0.1242,74.4342
2026-02-03,11:30:00,34.479,0.2457,1,-8.8172,2,6.3293,1,0.3927,1,0.1411,1,0.0058,2,0,0,0,17.3085,421.9063,423.3647,0.3,0,141.3162,3.4447,3.4566,0.1,1,0.0951,2.1375,2.1449,0,1,275.8148,277.9661,95666.1015,1.1975,1007.0791,0.0242,0.0091,0.0026,329.6272,858.8186,0.0021,38.3815,529.1914,264.9426,0.1842,3.4539,141.6771,0.453,0.5271,889.8792,0.0033,-1.3931,-0.0161,79.7486,-12.1022,27.3751,68.1679,103.9604,145.806,218.4439,0.2394,1.0266,-8.3167,1.0211,5.7567,1.0995,0.3572,1.0995,0.1284,1.0995,0.0076,1.1783,0.4879,0.3744,0.1918,74.855
2026-02-03,12:00:00,34.499,0.1551,0,19.8118,0,4.758,0,0.0145,2,0.1061,0,1e-4,0,-0,-0,-0,17.2533,422.2117,423.6718,0.1,1,140.827,3.4462,3.4581,0.1,1,0.0951,2.139,2.1464,-0.1,0,276.0959,278.1147,95634.6626,1.1964,1007.0824,0.0242,0.0069,0.0026,329.6675,867.7726,0.0021,37.9901,538.1051,264.9442,0.669,4.1996,148.7642,0.36,0.7285,-198.7627,-0.0146,4.1639,0.0457,77.1253,-11.7041,26.4746,65.9255,100.5406,141.0096,211.2581,0.1524,1.0174,19.736,1.0178,4.3758,1.0873,0.0133,1.0873,0.0976,1.0873,-0.0065,1.1515,0.7272,0.5982,0.1317,75.1248
2026-02-03,12:30:00,34.52,0.1369,0,27.2979,0,3.3497,0,0.1286,1,0.0747,0,0.0016,0,0,0,0,17.2236,421.5585,423.0148,0.1,0,140.6582,3.4427,3.4546,0.1,1,0.0948,2.1299,2.1373,-0.2,0,276.4297,277.9608,95606.9802,1.1967,1007.078,0.0242,0.0048,0.0026,329.2345,858.5018,0.0021,38.3499,529.2674,264.9273,1.0314,4.6656,152.3115,0.3382,0.6683,-119.5638,-0.0243,8.1493,0.067,73.258,-11.1172,25.1471,62.6198,95.4992,133.939,200.665,0.1352,1.0127,27.1013,1.015,3.0844,1.086,0.1184,1.086,0.0688,1.086,-0.0073,1.1483,0.8202,0.3843,0.1322,75.0435
2026-02-03,13:00:00,34.541,0.0825,1,19.159300000000002,1,4.5532,1,-0.1014,1,0.1015,1,0.0016,1,-0,-0,-0,17.1904,421.1031,422.5868,0,0,143.332,3.5111,3.5235,0.1,1,0.0947,2.1292,2.1367,-0.3,0,276.7221,278.1478,95551.5622,1.1952,1007.1181,0.0242,0.0066,0.0026,335.5838,869.7775,0.0022,38.5827,534.1937,265.1729,0.989,4.125,157.0093,0.2627,0.3874,-79.7789,-0.0364,4.2079,0.0606,80.6434,-12.238,27.6823,68.9328,105.1269,147.4419,220.8948,0.0814,1.0131,19.1338,1.0152,4.1927,1.086,-0.0934,1.086,0.0935,1.086,-0.0048,1.1485,0.4801,0.2321,0.0627,75.0209
2026-02-03,13:30:00,34.562,0.0895,0,5.9056,0,5.3612,0,-0.0854,1,0.1195,0,-1e-4,0,-0,-0,-0,17.1875,421.2692,422.7972,0.1,1,147.4515,3.6141,3.6272,0.1,1,0.0945,2.1234,2.1311,-0.2,0,276.7723,277.8989,95508.4886,1.1957,1007.1696,0.0242,0.0077,0.0027,345.2662,854.7968,0.0023,40.3916,509.5306,265.5396,0.6216,3.7781,132.3665,0.2736,0.5259,-292.4396,-0.0099,1.1016,0.0179,69.1311,-10.4909,23.7305,59.0923,90.1194,126.3938,189.3609,0.0879,1.0184,6.0871,1.0184,4.928,1.0879,-0.0785,1.0879,0.1099,1.0879,-0.0023,1.1523,0.5999,0.3519,0.1,74.8079
2026-02-03,14:00:00,34.583,0.2105,1,-5.9504,2,5.9402,1,1.1606,1,0.1324,1,6e-4,2,-0,-0,-0,17.2309,422.1368,423.7136,0.1,1,151.9026,3.7214,3.7353,0.1,1,0.0945,2.1223,2.1302,0,1,276.9746,277.9033,95516.4641,1.1957,1007.2278,0.0242,0.0086,0.0028,355.5544,855.0593,0.0023,41.5824,499.5049,265.9193,0.229,2.9973,146.9195,0.4196,0.5398,1046.6905,0.0028,-1.0017,-0.0118,87.9118,-13.341,30.1773,75.1457,114.6019,160.7308,240.804,0.2059,1.0223,-5.536,1.0191,5.4156,1.0969,1.0581,1.0969,0.1208,1.0969,0.002,1.1749,0.6487,0.302,0.1289,74.6648
2026-02-03,14:30:00,34.604,0.0977,1,3.7542,2,2.601,1,0.567,1,0.058,1,0.0019,2,-0,-0,-0,17.224,422.0644,423.659,0.1,1,153.5968,3.7638,3.778,0.1,1,0.0944,2.1209,2.1289,0,1,277.0379,277.9721,95458.503,1.1947,1007.2519,0.0242,0.0038,0.0028,359.3831,859.1781,0.0023,41.8287,499.795,266.0582,0.4752,3.3447,139.9359,0.286,0.4,-525.3204,-0.0055,1.4434,0.0109,87.6806,-13.3059,30.0979,74.948,114.3005,160.3081,240.1707,0.0956,1.0226,3.8173,1.0212,2.3848,1.0906,0.5199,1.0906,0.0532,1.0906,5e-4,1.1561,0.3601,0.3796,0.0603,74.643
2026-02-03,15:00:00,34.624,0.0554,1,27.0258,1,1.6592,1,-0.1772,1,0.037,1,0.0023,1,0,0,0,17.1879,421.8405,423.4285,0.1,1,152.7995,3.7501,3.7643,0.1,1,0.0943,2.1221,2.1301,-0.1,0,277.0688,278.3351,95434.5041,1.1928,1007.2505,0.0242,0.0024,0.0028,357.9884,881.2091,0.0023,40.6247,523.2206,266.0078,0.56,3.3213,166.1822,0.21560000000000001,0.1866,-31.2261,-0.0929,16.2886,0.1044,80.153,-12.1635,27.5139,68.5136,104.4876,146.5453,219.5516,0.0543,1.0199,26.6294,1.0194,1.5238,1.0888,-0.1627,1.0888,0.034,1.0888,-0.0064,1.1537,0.2323,0.0981,0.0429,74.8418
2026-02-03,15:30:00,34.645,0.0486,1,18.7837,1,1.9853,1,0.0967,1,0.0443,1,0.001,1,-0,-0,-0,17.2462,422.2397,423.8315,0.2,0,153.4023,3.7557,3.7699,0.1,1,0.0942,2.1152,2.1231,-0.2,0,276.7392,277.6853,95463.7814,1.196,1007.2428,0.0242,0.0029,0.0028,358.634,842.1239,0.0023,42.5868,483.4899,266.0311,0.9757,3.0804,161.3987,0.2016,0.2223,-36.7879,-0.0788,9.4613,0.0773,77.1256,-11.7041,26.4747,65.9258,100.5409,141.0101,211.2588,0.048,1.0132,18.6284,1.0152,1.8281,1.086,0.0891,1.086,0.0408,1.086,-0.0051,1.1486,0.2925,0.1107,0.0413,74.3726
2026-02-03,16:00:00,34.666,0.0683,1,8.8832,1,4.7053,1,0.36870000000000003,1,0.1049,1,-0.0016,1,-0,-0,-0,17.262,422.4275,424.0363,0.1,1,155.0364,3.794,3.8084,0.1,1,0.0943,2.1162,2.1242,-0.1,0,276.7131,277.6023,95428.7622,1.1959,1007.2621,0.0242,0.0068,0.0028,362.1522,837.2449,0.0024,43.2552,475.0927,266.1578,0.6315,3.3591,171.7035,0.2389,0.2366,-129.3607,-0.0224,1.8879,0.0309,80.4358,-12.2064,27.611,68.7553,104.8562,147.0622,220.326,0.067,1.0182,8.9813,1.0183,4.3257,1.0878,0.339,1.0878,0.0964,1.0878,-0.0046,1.1522,0.2149,0.2062,0.0522,74.2192
2026-02-03,16:30:00,34.687,0.1422,1,6.4951,1,8.4149,1,0.3756,1,0.1875,1,-0.0022,1,0,0,0,17.3022,422.8061,424.4178,0.1,1,155.3961,3.7974,3.8118,0.1,1,0.0946,2.1163,2.1243,0,0,276.4507,276.9929,95417.716,1.1984,1007.2541,0.0241,0.0121,0.0028,362.4317,802.1719,0.0024,45.1813,439.7402,266.1678,1.0331,4.5823,176.1739,0.3444,0.4067,-529.9965,-0.0055,0.7719,0.0156,82.6265,-12.5389,28.363,70.6279,107.712,151.0677,226.3269,0.1404,1.0127,6.8494,1.0149,7.7485,1.086,0.3458,1.086,0.1726,1.086,-0.0047,1.1483,0.5356,0.1764,0.1015,74.0014
2026-02-03,17:00:00,34.708,0.1235,0,4.7956,1,2.3575,1,0.1188,1,0.0525,1,-0.0023,1,0,0,0,17.3361,422.8116,424.4139,-0.1,0,154.7978,3.7754,3.7897,0.1,1,0.095,2.1212,2.1292,-0.2,0,276.1082,276.5999,95410.9737,1.2,1007.236,0.0241,0.0034,0.0028,360.3089,780.2516,0.0024,46.1786,419.9427,266.0916,0.9608,3.908,174.6091,0.3208,0.3504,-579.9261,-0.005,2.0342,0.0124,77.6559,-11.7846,26.6568,66.3791,101.2323,141.9798,212.7115,0.1219,1.0134,4.8526,1.0153,2.1709,1.086,0.1094,1.086,0.0483,1.086,-0.0039,1.1486,0.3601,0.2378,0.1028,73.8299
2026-02-03,17:30:00,34.729,0.0737,1,-0.0953,1,3.5826,1,0.0676,1,0.0798,1,-5e-4,1,-0,-0,-0,17.3615,423.032,424.6257,0.1,0,154.0279,3.7531,3.7672,0.1,1,0.0952,2.1221,2.1301,-0.2,0,275.9048,276.2846,95401.2002,1.2013,1007.219,0.0241,0.0052,0.0028,358.1428,763.0444,0.0023,46.936,404.9016,266.0134,0.8589,3.5639,164.3818,0.2476,0.2157,13421.3073,2e-4,-0.0266,-3e-4,83.5058,-12.6723,28.6648,71.3795,108.8583,152.6753,228.7354,0.0726,1.0145,0.0938,1.016,3.2984,1.0862,0.0623,1.0862,0.0734,1.0862,-7e-4,1.1493,0.2978,0.0826,0.0511,73.7797
2026-02-03,18:00:00,34.749,0.0555,1,-16.3942,1,14.3647,1,2.1002,1,0.3196,1,-0.0047,1,-0,-0,-0,17.4928,425.6685,427.4147,0.1,1,167.8967,4.0856,4.1024,0.1,1,0.0953,2.119,2.1277,0.3,0,275.2728,275.6708,95407.6854,1.2039,1007.3899,0.024,0.0207,0.0031,389.9018,730.5138,0.0025,53.3736,340.6121,267.1201,0.1398,2.0681,89.1583,0.2146,0.1755,50.8084,0.0571,-1.1413,-0.063,88.2009,-13.3848,30.2765,75.3928,114.9788,161.2594,241.596,0.053900000000000003,1.0287,-15.2913,1.0248,12.8063,1.1217,1.8724,1.1217,0.2849,1.1217,-1e-4,1.2188,0.1135,0.2041,0.0335,73.5669
2026-02-03,18:30:00,34.77,0.0969,1,-6.7466,1,10.595,1,1.4169,1,0.2357,1,-0.008,1,0,0,0,17.4503,424.3437,425.9601,0.1,1,156.0499,3.7947,3.8092,0.1,1,0.0957,2.1294,2.1375,0,0,275.383,275.7151,95403.3708,1.2038,1007.2328,0.024,0.0153,0.0028,362.1247,732.8215,0.0024,49.4151,370.6969,266.1568,0.5472,3.5053,160.203,0.2838,0.2942,285.2814,0.0102,-0.6368,-0.0196,93.7403,-14.2255,32.178,80.1278,122.2,171.3872,256.7693,0.0958,1.0118,-6.1093,1.0144,9.6809,1.0944,1.2947,1.0944,0.2154,1.0944,-0.006,1.1729,0.425,0.1131,0.0502,73.6943
2026-02-03,19:00:00,34.791,0.0656,0,-6.9412,0,6.2391,0,0.7212,0,0.1388,0,0.0032,0,0,0,0,17.4698,424.7281,426.2982,0.1,1,151.4926,3.6831,3.6967,0.1,1,0.096,2.135,2.1429,0,1,275.3225,275.6899,95408.9038,1.204,1007.1719,0.024,0.009,0.0028,351.4959,731.5101,0.0023,48.0507,380.0141,265.7707,0.5655,3.0078,163.6105,0.2334,0.2447,154.2728,0.0188,-1.1125,-0.0245,77.749,-11.7987,26.6887,66.4587,101.3537,142.15,212.9665,0.0648,1.0115,-6.5267,1.0146,5.6835,1.0978,0.657,1.0978,0.1265,1.0978,0.0047,1.179,0.2617,0.1734,0.0542,73.7336
2026-02-03,19:30:00,34.812,0.0665,1,-13.7679,1,12.904,1,2.221,1,0.2871,1,0.0112,1,-0,-0,-0,17.526,425.9702,427.5752,0,0,154.4405,3.7537,3.7678,0.1,1,0.0961,2.1361,2.1442,-0.1,0,275.2607,275.6496,95426.8412,1.2044,1007.2096,0.024,0.0186,0.0028,358.2985,729.4149,0.0023,49.1214,371.1163,266.019,0.2551,3.0429,174.4487,0.2351,0.2206,79.4803,0.0365,-1.067,-0.0483,77.7567,-11.7999,26.6914,66.4653,101.3637,142.1641,212.9877,0.0653,1.019,-12.8649,1.0191,11.6469,1.1079,2.0046,1.1079,0.2591,1.1079,0.0135,1.1966,0.1467,0.2395,0.055,69.6707
2026-02-03,20:00:00,34.833,0.0112,1,3.9662,1,-10.5694,1,-1.1262,1,-0.235,1,0.0027,1,0,0,0,17.6912,429.3484,431.2401,0,0,180.7547,4.3867,4.4061,0.1,1,0.096,2.1274,2.1368,0,1,274.5232,274.9139,95451.2343,1.2076,1007.5422,0.0239,-0.0152,0.0033,418.8326,692.0926,0.0027,60.5168,273.26,268.0606,0.3377,1.2881,4.3689,0.0964,0.1137,-19.0101,-0.1526,-0.3753,0.0338,4.3332,2,4,6,10,18,47,0.0109,1.0297,3.326,1.0258,-9.6447,1.0959,-1.0277,1.0959,-0.2144,1.0959,0.0019,1.1628,0.0494,0.1728,0.0053,70.8715
2026-02-03,20:30:00,34.854,0.1842,1,-56.1953,1,88.0631,1,12.1744,1,1.9562,1,NA,3,-0,-0,NA,17.7517,430.3396,432.2669,0.1,1,183.9147,4.4585,4.4785,0.1,1,NA,NA,NA,NA,0,274.36,273.9723,95134.6949,1.2077,1007.5643,0.024,0.1268,0.0034,423.6717,646.7782,0.0028,65.5049,223.1065,268.2123,0.1343,3.553,162.8052,0.3905,0.2596,89.1209,0.0325,-0.6381,-0.1183,100.7539,-15.2898,34.5856,86.123,131.3429,184.2103,275.9806,0.1785,1.0317,-50.4382,1.0249,79.078,1.1136,10.9323,1.1136,1.7566,1.1136,NA,1,0.3599,0.0799,0.0794,21.3353
2026-02-03,21:00:00,34.874,0.0534,1,-6.615,1,6.2389,1,0.6618,1,0.1386,1,NA,3,0,0,NA,17.6745,428.1416,429.945,0.1,1,173.1552,4.1945,4.2121,0.1,1,NA,NA,NA,NA,0,274.2164,273.8518,95134.6949,1.2084,1007.4194,0.024,0.009,0.0032,398.6136,641.1779,0.0026,62.169,242.5642,267.4097,0.3936,3.1255,199.5501,0.2101,0.2552,117.949,0.0246,-1.0603,-0.0259,82.1664,-12.4691,28.2051,70.2346,107.1122,150.2264,225.0665,0.0526,1.0143,-6.1978,1.0163,5.6668,1.101,0.6011,1.101,0.1259,1.101,NA,1,0.1954,0.2767,0.0383,19.012
2026-02-03,21:30:00,34.895,0.0094,1,1.6542,2,-4.6183,1,2.5363,1,-0.1025,1,NA,3,-0,-0,NA,17.7982,426.8259,428.8632,0.3,0,198.0903,4.7505,4.7732,0.1,1,NA,NA,NA,NA,0,273.5926,273.1807,95089.4587,1.2105,1007.712,0.0239,-0.0066,0.0036,451.1603,610.7514,0.003,73.8697,159.5911,269.0456,0.4072,1.0937,27.5536,0.0882,0.0802,-34.8146,-0.0833,-0.3582,0.0154,7.2932,3,6,11,18,31,86,0.0092,1.0256,1.3812,1.0231,-4.2263,1.0928,2.321,1.0928,-0.0938,1.0928,NA,1,0.058,0.0988,0.0035,18.0204
2026-02-03,22:00:00,34.916,0.0035,1,-1.0434,0,-1.5771,1,0.0653,2,-0.035,1,0.0033,1,-0,-0,-0,17.8252,424.0274,426.0851,0.1,1,203.018,4.8294,4.8528,0.1,1,0.0988,2.1801,2.1907,0,1,273.54880000000003,273.8214,95450.1595,1.2122,1007.7678,0.0239,-0.0023,0.0036,461.0911,639.7952,0.003,72.0685,178.7041,269.3356,0.7151,1.9699,334.8282,0.053900000000000003,0.0943,12.6593,0.2291,0.6616,-0.0158,31.4067,14,30,64,126,292,1450,0.0035,1.013,-1.096,1.0239,-1.3377,1.1789,0.0554,1.1789,-0.0297,1.1789,0.0031,1.326,0.0727,0.1114,0.0045,41.0719
2026-02-03,22:30:00,34.937,0.003,1,0.7078,1,-2.2032,1,-0.1838,2,-0.0489,1,NA,3,-0,-0,NA,17.8586,424.5504,426.6195,0.1,1,204.0179,4.8501,4.8737,0.1,1,NA,NA,NA,NA,0,273.4784,273.058,95159.0618,1.2119,1007.7645,0.0239,-0.0032,0.0037,460.9435,605.3296,0.003,76.1475,144.3862,269.3313,0.7486,1.7422,320.1196,0.0496,0.0797,-14.5389,-0.1995,-0.3212,0.0117,38.5501,17,31,52,81,134,323,0.0029,1.016,0.5829,1.0169,-2.0275,1.0867,-0.1691,1.0867,-0.045,1.0867,NA,1,0.0723,0.0798,0.0073,21.8387
2026-02-03,23:00:00,34.958,0.0084,1,-3.9997,0,3.4694,1,2.4132,0,0.0771,1,-0.0048,0,-0,-0,-0,17.8412,424.207,426.2296,0.3,0,199.5746,4.7453,4.7679,0.1,1,0.0967,2.1331,2.1433,0.9,0,273.5241,273.7782,95419.871,1.212,1007.7213,0.0239,0.005,0.0036,452.9134,637.799,0.003,71.0119,184.8856,269.0972,1.0117,1.9709,318.2908,0.0831,0.1859,12.0894,0.2399,-1.1528,-0.0394,27.8329,12,27,57,111,257,1272,0.0083,1.0119,-3.7505,1.0228,2.9479,1.1769,2.0504,1.1769,0.0655,1.1769,-0.003,1.3174,0.1289,0.2242,0.0188,73.1962
2026-02-03,23:30:00,34.979,0.0049,1,-1.2029,1,-1.0135,1,0.6152,1,-0.0225,1,-4e-4,2,0,0,0,17.9095,426.0191,428.1006,0.1,1,204.3936,4.862,4.8857,0.1,1,0.0964,2.1259,2.1363,0,1,273.4621,273.756,95410.3442,1.212,1007.7846,0.0239,-0.0015,0.0037,464.0081,636.7754,0.003,72.8684,172.7673,269.4197,0.5286,1.373,342.9823,0.0638,0.0659,18.2319,0.1591,1.1869,-0.0154,15.2301,7,14,30,57,125,567,0.0049,1.0128,-1.2294,1.0211,-0.8802,1.1514,0.5343,1.1514,-0.0195,1.1514,1e-4,1.2779,0.0288,0.0999,0.003,72.2979
2026-02-04,00:00:00,35,0.0053,1,-1.6998,1,1.0009,1,0.6194,1,0.0222,1,-0.0012,1,0,0,0,17.9505,426.8934,428.9445,0.1,1,201.0643,4.7817,4.8046,0.1,1,0.0966,2.1284,2.1386,0.2,0,273.3873,273.6501,95377.9309,1.2121,1007.7393,0.0239,0.0014,0.0036,456.1864,631.9193,0.003,72.1906,175.7329,269.1931,0.7913,1.6138,325.0897,0.0664,0.0734,14.5301,0.1996,-1.6984,-0.0209,26.5797,12,25,54,104,238,1149,0.0053,1.0118,-1.6181,1.0215,0.8611,1.1622,0.5329,1.1622,0.0191,1.1622,-6e-4,1.2947,0.0742,0.0678,0.0048,73.2491
2026-02-04,00:30:00,35.02,0.0221,1,7.218,1,2.6957,1,-1.4295,1,0.0599,1,0.0056,1,-0,-0,-0,18.018,428.4272,430.5359,0.1,1,205.9861,4.8979,4.922,0.1,1,0.0962,2.1218,2.1323,0,1,273.3226,273.66,95364.1837,1.2118,1007.8029,0.0239,0.0039,0.0037,467.2088,632.371,0.0031,73.8821,165.1622,269.5115,0.2681,1.7962,2.4474,0.1351,0.157,-28.7817,-0.1008,2.6775,0.0437,1.4447,1,1,2,3,6,16,0.0214,1.0356,7.1583,1.0297,2.4493,1.1006,-1.2989,1.1006,0.0544,1.1006,0.0027,1.1686,0.1005,0.2049,0.0086,77.1305
2026-02-04,01:00:00,35.041,0.1884,1,96.0333,1,48.9194,1,-15.5065,1,1.0867,1,0.0453,1,0,0,0,17.9015,426.2311,428.3707,0.1,1,209.7788,4.9948,5.0199,0.1,1,0.0961,2.1234,2.1341,0,1,273.7846,274.0304,95342.1221,1.2098,1007.8608,0.0239,0.0704,0.0038,476.3422,649.5174,0.0031,73.3379,173.1752,269.7704,0.5174,3.7912,326.1916,0.3946,0.7417,-53.8981,-0.0538,1.9631,0.1996,122.9289,-18.6549,42.1975,105.0778,160.2502,224.7532,336.7212,0.1845,1.0212,96.81,1.0203,44.8948,1.0896,-14.2308,1.0896,0.9973,1.0896,0.0091,1.1548,0.7148,0.7193,0.0493,77.361
2026-02-04,01:30:00,35.062,0.0309,1,4.1798,2,8.7288,1,-1.1071,2,0.194,1,0.0039,2,0,0,0,17.8163,424.8336,427.0815,0.1,1,220.7304,5.2634,5.2912,0.1,1,0.0962,2.1296,2.1408,0,1,274.1711,274.4062,95327.3203,1.2079,1008.0127,0.0239,0.0126,0.004,501.8774,667.3364,0.0033,75.2061,165.459,270.4714,0.6915,2.4834,325.4992,0.16,0.3857,-82.5269,-0.0351,0.4788,0.0215,6.5237,3,6,10,17,31,93,0.0304,1.017,4.5686,1.0175,8.0292,1.0871,-1.0184,1.0871,0.1784,1.0871,0.0017,1.1512,0.2655,0.483,0.0229,76.9273
2026-02-04,02:00:00,35.083,0.0357,1,6.0964,2,3.5411,1,-1.2107,2,0.0787,1,NA,3,0,0,NA,17.639,421.0913,423.3888,0.1,1,227.3082,5.4265,5.4561,0.1,1,NA,NA,NA,NA,0,274.4611,273.9892,95090.6183,1.2066,1008.0909,0.024,0.0051,0.0041,515.2567,647.5552,0.0034,79.5695,132.2985,270.8261,0.6378,2.0744,329.1218,0.1719,0.2504,-70.1018,-0.0414,1.7216,0.0291,4.9842,2,4,8,13,24,70,0.035,1.018,6.1818,1.0182,3.2556,1.0877,-1.1131,1.0877,0.0723,1.0877,NA,1,0.2407,0.2365,0.0237,58.3465
2026-02-04,02:30:00,35.104,0.0251,0,-11.8351,0,0.487,2,1.1857,1,0.0108,2,-0.0037,2,0,0,0,17.773,423.71,426.1067,0.2,0,235.9312,5.6246,5.6564,0.1,1,0.0971,2.1505,2.1626,-0.7,0,274.3235,274.4981,95331.4343,1.2073,1008.2116,0.0239,7e-4,0.0042,536.3473,671.7582,0.0035,79.8423,135.4108,271.3691,1.0293,3.199,342.1751,0.1443,0.4879,21.3729,0.1357,-24.3029,-0.0674,12.0547,5,11,23,44,95,416,0.0249,1.0101,-11.6159,1.0186,0.4256,1.1442,1.0363,1.1442,0.0095,1.1442,3e-4,1.2588,0.2148,0.7313,0.0297,65.6767
2026-02-04,03:00:00,35.124,0.0267,0,-0.4653,2,3.3909,1,-0.2478,2,0.0754,1,-0.0097,1,-0,-0,-0,17.8318,425.1535,427.5653,0.1,1,236.5848,5.6408,5.6728,-0.5,0,0.0973,2.1524,2.1646,-0.1,0,274.2429,274.421,95320.6113,1.2075,1008.2193,0.0239,0.0049,0.0042,537.8256,668.0498,0.0035,80.5068,130.2241,271.4064,0.9167,2.7036,330.2101,0.1488,0.3248,596.6557,0.0049,-0.1372,-0.0026,11.0115,5,10,18,32,63,217,0.0265,1.0088,-0.2847,1.0127,3.1045,1.0923,-0.2269,1.0923,0.069,1.0923,-0.0091,1.1671,0.1992,0.4237,0.0267,62.182
2026-02-04,03:30:00,35.145,0.0049,1,-1.1452,0,0.3544,0,0.2089,2,0.0079,0,0,0,-0,-0,-0,17.9857,428.3842,430.797,0.1,1,235.1532,5.6009,5.6324,0.2,0,0.0968,2.1388,2.1508,-0.9,0,273.9704,274.1402,95298.2528,1.2085,1008.1936,0.0239,5e-4,0.0042,533.8992,654.6794,0.0035,81.5512,120.7802,271.307,1.3473,2.83,311.0812,0.0639,0.1243,19.1517,0.1514,-3.2309,-0.0147,56.5572,25,54,114,223,509,2466,0.0049,1.0099,-1.1082,1.0192,0.3073,1.1534,0.1812,1.1534,0.0068,1.1534,3e-4,1.2698,0.1258,0.1093,0.0135,72.6754
2026-02-04,04:00:00,35.166,0.0024,1,-1.2045,1,-0.5149,2,0.1298,2,-0.0114,2,5e-4,0,0,0,0,18.1159,430.8026,433.2376,0,0,236.3492,5.6205,5.6522,-0.5,0,0.0968,2.1384,2.1505,0,1,273.8337,274.0131,95299.1149,1.2091,1008.2026,0.0239,-7e-4,0.0042,535.769,648.7113,0.0035,82.5897,112.9423,271.3544,1.2393,2.1195,304.2048,0.0445,0.1261,6.1767,0.4695,2.3392,-0.0222,100.4482,44,100,224,460,1144,6689,0.0024,1.0164,-1.191,1.0331,-0.4083,1.2611,0.1029,1.2611,-0.0091,1.2611,7e-4,1.4608,0.0984,0.145,0.0087,75.2282
2026-02-04,04:30:00,35.187,0.0049,2,-1.2202,1,0.0811,2,0.2101,2,0.0018,2,-5e-4,2,0,0,0,18.134,431.4118,433.8589,0.1,0,237.0822,5.6402,5.6722,0.1,1,0.0969,2.1397,2.1518,0,1,273.8571,274.0253,95313.3248,1.2092,1008.2135,0.0239,1e-4,0.0043,537.7328,649.2825,0.0035,82.8195,111.5497,271.4041,1.1965,2.5308,320.294,0.0639,0.1935,17.9753,0.1613,-15.0388,-0.0157,48.8056,21,46,99,193,441,2145,0.0049,1.0103,-1.1949,1.0197,0.0702,1.1555,0.1819,1.1555,0.0016,1.1555,-1e-4,1.2761,0.1945,0.1823,0.0102,74.7372
2026-02-04,05:00:00,35.208,0.003,2,-0.7326,0,-0.4444,2,-0.2636,0,-0.0099,2,NA,3,-0,-0,NA,18.0951,430.5539,433.0137,0.1,1,238.7473,5.6807,5.7132,0.7,0,NA,NA,NA,NA,0,274.0146,273.5214,95219.4257,1.2102,1008.2232,0.0239,-6e-4,0.0043,540.0864,626.0208,0.0035,86.2729,85.9344,271.4633,1.2187,2.2733,312.4296,0.05,0.1309,14.3273,0.2024,1.6484,-0.012,70.1112,31,68,146,290,682,3516,0.003,1.0112,-0.7397,1.0218,-0.379,1.1726,-0.2248,1.1726,-0.0084,1.1726,NA,1,0.1295,0.1211,0.0113,36.0601
2026-02-04,05:30:00,35.229,0.0075,1,-0.314,2,-0.9917,2,-1.3367,1,-0.022,2,NA,3,-0,-0,NA,18.0275,428.8212,431.2429,0.1,1,236.0813,5.6157,5.6474,0.5,0,NA,NA,NA,NA,0,273.9898,273.5024,95219.4257,1.2103,1008.1875,0.0239,-0.0014,0.0042,533.9124,625.1564,0.0035,85.4046,91.2441,271.3074,1.3257,2.6598,308.2604,0.0785,0.1522,129.7921,0.0223,0.3166,-0.0033,43.4623,19,39,76,135,274,1010,0.0074,1.0078,-0.3611,1.0133,-0.8978,1.1047,-1.2101,1.1047,-0.0199,1.1047,NA,1,0.1465,0.1403,0.0176,20.792
2026-02-04,06:00:00,35.249,0.0111,1,-1.7609,2,-1.4365,2,0.5762,1,-0.0319,2,-4e-4,2,-0,-0,-0,18.0443,429.2311,431.7458,0.1,1,244.855,5.8245,5.8586,0.1,1,0.0985,2.1792,2.192,0,1,274.1652,274.3935,95389.8255,1.2084,1008.3196,0.0239,-0.0021,0.0044,555.7476,666.7263,0.0036,83.3547,110.9788,271.852,0.4894,1.5716,1.8735,0.096,0.1402,42.3949,0.0684,1.2259,-0.015,7.2015,3,7,13,24,50,196,0.011,1.0123,-1.8068,1.0173,-1.2846,1.1182,0.5153,1.1182,-0.0285,1.1182,3e-4,1.217,0.1139,0.1581,0.0085,43.6571
2026-02-04,06:30:00,35.27,0.0034,2,-8.1252,2,-0.9531,2,0.9278,2,-0.0212,2,-0.0083,2,-0,-0,-0,17.8123,424.0749,426.5699,0.1,0,245.6722,5.8489,5.8834,0.7,0,0.0976,2.164,2.1767,0,1,274.6336,274.7748,95400.2276,1.2069,1008.3383,0.0239,-0.0014,0.0044,558.1403,685.2316,0.0036,81.4528,127.0913,271.9106,1.817,4.0528,307.5515,0.0532,0.2997,1.5579,1.8615,8.5249,-0.1256,215.9269,95,214,475,972,2392,NA,0.0033,1.0413,-7.554,1.0823,-0.5738,1.661,0.5585,1.661,-0.0128,1.661,-0.0028,2.1238,0.4015,0.1609,0.0371,59.3944
2026-02-04,07:00:00,35.291,0.0022,2,-7.1535,2,0.4072,2,0.2471,2,0.0091,2,0.0221,2,0,0,0,17.6258,420.2719,422.7201,0.3,0,242.8838,5.7914,5.8251,0.1,1,0.099,2.1972,2.21,-0.5,0,274.9505,275.0909,95425.1465,1.2058,1008.3113,0.024,6e-4,0.0044,552.7889,700.9143,0.0036,78.8668,148.1254,271.7794,1.2686,3.7875,310.8277,0.0427,0.3801,0.9175,3.1607,-17.5657,-0.1378,186.5678,82,179,385,757,1761,8862,0.0021,1.0581,-6.4166,1.1148,0.2141,1.9018,0.1299,1.9018,0.0048,1.9018,0.0102,2.6025,0.4802,0.2338,0.0461,54.7224
2026-02-04,07:30:00,35.312,0.0098,1,-1.5365,1,-0.1755,2,-0.1783,0,-0.0039,2,-0.008,2,-0,-0,-0,17.7132,421.9669,424.4571,-0.1,0,246.2743,5.8668,5.9014,0.1,1,0.0985,2.1827,2.1956,0,1,274.6196,274.7876,95440.2405,1.2073,1008.3483,0.0239,-3e-4,0.0044,560.0776,685.8627,0.0037,81.6603,125.7851,271.9578,0.7744,3.0193,323.6327,0.0901,0.2352,40.1874,0.0722,8.7555,-0.014,16.481,7,15,30,56,119,489,0.0097,1.01,-1.5238,1.0162,-0.1568,1.119,-0.1593,1.119,-0.0035,1.119,-0.0066,1.2167,0.1906,0.2606,0.0193,48.5511
2026-02-04,08:00:00,35.333,0.0019,2,1.9119,1,1.3437,1,-0.7903,1,0.0299,1,0.001,2,-0,-0,-0,17.8248,424.0367,426.5489,0.1,1,247.5795,5.8897,5.9246,0.1,1,0.097,2.148,2.1608,0,1,274.3531,274.5415,95506.5603,1.2092,1008.3574,0.0239,0.0019,0.0044,562.6559,673.8592,0.0037,83.4976,111.2032,272.0204,0.9915,1.9243,323.784,0.0391,0.2002,-2.6431,-1.0972,1.4228,0.0401,44.8016,20,35,57,84,132,285,0.0018,1.0131,1.9569,1.0152,1.2373,1.086,-0.7277,1.086,0.0275,1.086,3e-4,1.1485,0.2872,0.1043,0.0088,77.1766
2026-02-04,08:30:00,35.354,0.0153,1,0.2557,2,1.224,2,-0.9652,2,0.0272,2,-0.0212,1,0,0,0,17.7659,422.7436,425.2356,0.1,1,246.2748,5.8602,5.8947,0.1,1,0.0973,2.1587,2.1714,0,1,274.683,274.8668,95528.5697,1.2081,1008.3458,0.0239,0.0018,0.0044,559.9619,689.7649,0.0037,81.1816,129.803,271.955,1.2439,2.9155,308.0901,0.1126,0.1808,-470.3311,-0.0062,0.2089,0.0019,26.6943,12,23,43,75,142,465,0.0151,1.0113,0.3165,1.0142,1.1265,1.0866,-0.8883,1.0866,0.025,1.0866,-0.0201,1.1479,0.1755,0.1586,0.0274,62.3337
2026-02-04,09:00:00,35.374,0.0958,1,17.6175,1,11.7704,1,-2.5128,1,0.2616,1,-0.0641,1,-0,-0,-0,17.8621,425.4518,427.8657,-0.1,0,236.8647,5.6418,5.6738,0.1,1,0.0981,2.1733,2.1857,0,1,274.3508,274.7015,95560.8125,1.2093,1008.2239,0.0239,0.017,0.0043,539.279,681.6408,0.0035,79.1148,142.3617,271.443,0.7873,4.4884,164.9455,0.2814,0.334,-106.7094,-0.0272,1.4968,0.0513,103.0683,-15.641,35.38,88.1013,134.36,188.4418,282.3201,0.0943,1.0154,17.9748,1.0166,10.8338,1.0864,-2.3128,1.0864,0.2408,1.0864,-0.0666,1.15,0.5507,0.0783,0.039,68.6963
2026-02-04,09:30:00,35.395,0.1159,1,5.5134,1,-1.9718,2,-0.2075,2,-0.0438,2,-0.001,1,-0,-0,-0,17.9909,427.6108,429.9328,0.1,1,227.2269,5.4008,5.4301,0.1,1,0.0994,2.1972,2.2092,0,0,273.7038,274.1459,95580.223,1.2121,1008.0843,0.0238,-0.0028,0.0041,516.3442,654.9487,0.0034,78.8374,138.6045,270.8546,1.0164,4.5204,171.0277,0.3092,0.3242,-452.184,-0.0064,-2.7961,0.0146,88.2985,-13.3996,30.31,75.4762,115.106,161.4378,241.8633,0.1144,1.0129,5.3386,1.015,-1.8157,1.086,-0.1911,1.086,-0.0403,1.086,-0.0026,1.1484,0.4305,0.1487,0.0692,74.8256
2026-02-04,10:00:00,35.416,0.0266,1,3.4656,1,0.3589,1,-0.2427,1,0.008,1,-0.0041,1,-0,-0,-0,17.842,424.853,427.1705,0.1,1,227.8343,5.4252,5.4548,0.1,1,0.0982,2.1768,2.1887,0.8,0,274.0417,274.7799,95596.1106,1.2095,1008.1065,0.0239,5e-4,0.0041,518.7646,685.4826,0.0034,75.6787,166.718,270.9178,0.1765,1.4542,180.5643,0.1482,0.1234,-79.3186,-0.0366,9.6552,0.0192,0.4632,1,1,1,2,7,NA,0.0253,1.0495,3.3594,1.039,0.3228,1.1121,-0.2183,1.1121,0.0072,1.1121,-0.0049,1.1827,0.1167,0.1139,0.0162,75.8014
2026-02-04,10:30:00,35.437,0.0719,1,-5.0689,2,8.0121,1,-4.1007,2,0.1781,1,-0.0309,1,0,0,0,17.6907,422.3166,424.6494,0.3,0,230.1274,5.4937,5.524,-0.7,0,0.0973,2.1591,2.171,-0.3,0,274.3404,274.9651,95606.9429,1.2088,1008.1466,0.0239,0.0115,0.0041,525.3731,694.6357,0.0034,75.6329,169.2626,271.089,0.1396,2.4735,77.7409,0.2439,0.3094,241.4907,0.012,-0.6327,-0.0171,83.0998,-12.6107,28.5255,71.0324,108.329,151.9329,227.6232,0.0696,1.0327,-4.5473,1.0243,7.2423,1.1063,-3.7067,1.1063,0.161,1.1063,-0.0269,1.1888,0.0731,0.4956,0.0501,79.7088
2026-02-04,11:00:00,35.458,0.2455,1,-5.5879,2,-3.9989,1,-1.7414,2,-0.0889,1,-0.0142,1,-0,-0,-0,17.6642,421.5532,423.908,0.1,1,232.7599,5.5548,5.5858,0,0,0.0971,2.1533,2.1653,-0.2,0,274.119,274.8786,95600.049,1.2091,1008.1788,0.0239,-0.0058,0.0042,531.1806,690.3495,0.0035,76.9437,159.1689,271.2378,0.1236,3.4283,217.3003,0.4506,0.4898,1381.5773,0.0021,1.3974,-0.0102,88.9101,-13.4924,30.52,75.999,115.9033,162.556,243.5385,0.2366,1.0376,-5.6605,1.026,-3.6181,1.1052,-1.5756,1.1052,-0.0804,1.1052,-0.0109,1.1852,0.3288,0.5063,0.1446,79.6535
2026-02-04,11:30:00,35.479,0.053900000000000003,1,14.3244,1,0.1165,2,-0.8706,2,0.0026,2,-0.0048,1,0,0,0,17.6773,421.9113,424.2667,0.1,1,232.606,5.5517,5.5827,0.7,0,0.097,2.1489,2.1608,0.2,0,273.9476,274.6527,95589.5623,1.21,1008.1739,0.0239,2e-4,0.0042,530.8278,679.2585,0.0035,78.1481,148.4307,271.2288,0.6527,3.5449,280.3351,0.2111,0.5645,-55.4398,-0.0523,122.9485,0.0556,73.6153,-11.1714,25.2697,62.9252,95.965,134.5922,201.6437,0.053,1.0177,14.1018,1.018,0.1071,1.0875,-0.8005,1.0875,0.0024,1.0875,-0.0091,1.1518,0.7328,0.3452,0.0509,79.6951
2026-02-04,12:00:00,35.499,0.0131,1,5.3597,1,0.4475,0,0.4574,1,0.0099,0,5e-4,0,-0,-0,-0,17.6985,421.62,423.9904,0.3,0,234.69,5.5909,5.6223,0,0,0.097,2.1463,2.1584,0.6,0,273.7629,274.3724,95575.0019,1.211,1008.1914,0.0239,6e-4,0.0042,534.4906,665.7172,0.0035,80.2879,131.2266,271.322,0.6717,2.7314,302.2872,0.1042,0.3591,-17.7898,-0.163,11.9772,0.0421,12.023,5,10,17,27,45,116,0.0129,1.0174,5.2987,1.0178,0.4116,1.0873,0.4207,1.0873,0.0091,1.0873,-0.0012,1.1515,0.3471,0.3359,0.0352,79.2737
2026-02-04,12:30:00,35.52,0.0161,1,2.0852,2,-1.3418,1,-0.0118,2,-0.0298,1,-0.0022,0,-0,-0,-0,17.68,421.2564,423.6229,-0.2,0,234.4578,5.5864,5.6177,0.1,1,0.0969,2.1441,2.1561,0.1,0,273.6763,274.4083,95556.3367,1.2106,1008.1895,0.0239,-0.0019,0.0042,533.9549,667.4358,0.0035,80.0009,133.4809,271.3084,0.3047,2.2923,347.1907,0.1152,0.2915,-61.8363,-0.0469,-1.554,0.0148,2.6297,1,2,4,7,13,38,0.0156,1.0322,1.9641,1.0275,-1.2222,1.0979,-0.0107,1.0979,-0.0272,1.0979,-0.0026,1.1652,0.3534,0.1752,0.0543,79.3711
2026-02-04,13:00:00,35.541,0.0664,0,18.6866,0,-0.0724,1,-0.2671,1,-0.0016,1,-0.003,0,-0,-0,-0,17.6975,421.7098,424.0722,0.1,1,233.7796,5.5707,5.6019,0.1,1,0.097,2.1436,2.1557,-0.2,0,273.4858,274.1353,95517.4301,1.2113,1008.1771,0.0239,-1e-4,0.0042,532.2398,654.4513,0.0035,81.3261,122.2116,271.2648,0.656,4.0633,161.8951,0.2341,0.4736,-57.8717,-0.0501,-257.9246,0.0654,72.2592,-10.9656,24.8042,61.766,94.1971,132.1128,197.929,0.0652,1.0177,18.3853,1.018,-0.0666,1.0875,-0.2456,1.0875,-0.0015,1.0875,-0.0087,1.1517,0.6855,0.1962,0.0655,79.0847
2026-02-04,13:30:00,35.562,0.1511,1,-5.6391,2,2.6125,1,1.29,1,0.058,1,-0.0029,2,0,0,0,17.7108,421.7182,424.0984,-0.1,0,235.6993,5.6123,5.644,0.1,1,0.0971,2.1466,2.1587,-0.1,0,273.4263,274.1385,95440.6396,1.2103,1008.1999,0.0239,0.0038,0.0042,535.7866,654.6009,0.0035,81.8494,118.8143,271.3549,0.1276,3.0119,302.621,0.3533,0.4745,659.0722,0.0044,-2.1585,-0.0131,85.9262,-13.0396,29.4957,73.4484,112.0134,157.1004,235.3651,0.1458,1.0362,-5.3753,1.0255,2.3634,1.1054,1.167,1.1054,0.0525,1.1054,-0.0011,1.186,0.4383,0.414,0.0968,79.0287
2026-02-04,14:00:00,35.583,0.1718,1,13.7258,1,5.9481,1,-0.2301,1,0.1321,1,-0.0027,1,0,0,0,17.6918,421.7207,424.0661,-0.2,0,232.0199,5.5307,5.5614,0.1,1,0.0971,2.1469,2.1588,-0.1,0,273.5159,274.1274,95408.965,1.21,1008.155,0.0239,0.0086,0.0042,527.8179,654.0793,0.0034,80.6963,126.2614,271.1518,0.6518,5.4821,181.1445,0.3768,0.6262,-328.3231,-0.0088,2.3076,0.0299,93.5029,-14.1894,32.0965,79.9249,121.8905,170.9531,256.119,0.1688,1.0178,13.8149,1.018,5.4694,1.0875,-0.2115,1.0875,0.1215,1.0875,-0.0073,1.1518,0.8923,0.2709,0.0891,79.075
2026-02-04,14:30:00,35.604,0.1056,1,11.6258,1,-2.7448,2,0.0232,1,-0.061,2,-1e-4,1,-0,-0,-0,17.7395,421.7612,424.0586,0.1,1,227.868,5.4176,5.4471,0.1,1,0.0974,2.1485,2.1602,-0.2,0,273.3564,273.7813,95424.5932,1.2118,1008.0884,0.0239,-0.004,0.0041,517.1136,637.9411,0.0034,81.0598,120.8275,270.8747,0.9892,4.3842,165.8685,0.2952,0.4099,-186.4895,-0.0156,-4.2355,0.0322,82.7007,-12.5502,28.3885,70.6913,107.8087,151.2033,226.5301,0.1042,1.0131,11.3295,1.0152,-2.5275,1.086,0.0214,1.086,-0.0561,1.086,-0.0036,1.1485,0.4749,0.2706,0.0744,78.5881
2026-02-04,15:00:00,35.624,0.0933,0,8.2576,0,0.7212,1,-0.1811,2,0.016,1,-0.003,1,0,0,0,17.7867,422.6245,424.8546,0.1,1,220.9095,5.249,5.2767,0.1,1,0.0978,2.1562,2.1676,-0.1,0,273.272,273.6657,95443.8393,1.2126,1007.9946,0.0238,0.001,0.004,501.1153,632.6328,0.0033,79.2111,131.5175,270.4509,0.9085,3.4686,174.3935,0.2773,0.3034,-217.694,-0.0133,11.4499,0.0244,75.3847,-11.4399,25.8771,64.4377,98.2716,137.8274,206.4905,0.092,1.0139,8.1814,1.0156,0.6641,1.086,-0.1668,1.086,0.0147,1.086,-0.0056,1.1489,0.3519,0.1721,0.0827,75.3318
2026-02-04,15:30:00,35.645,0.0764,1,8.7011,1,1.2075,1,-0.056,2,0.0268,1,-0.0011,1,0,0,0,17.8331,423.7416,425.9398,0.1,1,217.1903,5.1608,5.1876,0.1,1,0.0982,2.1657,2.177,-0.1,0,273.1933,273.6472,95418.1027,1.2124,1007.9462,0.0238,0.0017,0.0039,492.5644,631.7841,0.0032,77.964,139.2197,270.2194,0.8615,3.6271,172.0215,0.251,0.2568,-153.1143,-0.0189,7.2056,0.0284,80.1798,-12.1676,27.5231,68.5365,104.5224,146.5942,219.6248,0.0753,1.0145,8.641,1.016,1.1118,1.0862,-0.0516,1.0862,0.0247,1.0862,-0.004,1.1493,0.3415,0.114,0.0581,74.3007
2026-02-04,16:00:00,35.666,0.0299,1,3.8451,1,-2.4816,2,0.2866,1,-0.0551,2,-0.0032,1,-0,-0,-0,17.8273,423.8255,426.0381,0.1,1,218.4501,5.1934,5.2205,-0.2,0,0.0987,2.1767,2.188,0,1,273.21,273.6612,95414.7715,1.2123,1007.9642,0.0238,-0.0036,0.0039,495.6635,632.4246,0.0032,78.3751,136.7612,270.3037,0.2977,2.0578,299.6688,0.1569,0.2709,-84.7062,-0.0342,-1.5494,0.0201,1.3221,1,1,2,3,6,18,0.0289,1.0328,3.6198,1.0279,-2.2594,1.0983,0.261,1.0983,-0.0502,1.0983,-0.004,1.1658,0.241,0.2688,0.032,64.1242
2026-02-04,16:30:00,35.687,0.0435,1,3.0377,1,-0.2075,1,-0.1477,2,-0.0046,1,0.0488,1,0,0,0,17.8424,424.2484,426.4807,0.1,1,220.1323,5.2342,5.2617,0.1,1,0.102,2.2497,2.2615,0.6,0,273.2311,273.7015,95424.4721,1.2122,1007.9871,0.0238,-3e-4,0.004,499.6049,634.2743,0.0033,78.768,134.6694,270.4103,0.3432,2.4542,192.1065,0.1894,0.1659,-188.3666,-0.0154,-14.6367,0.0131,1.1869,1,1,2,3,6,18,0.0422,1.0293,2.9563,1.0255,-0.1894,1.0956,-0.1348,1.0956,-0.0042,1.0956,0.0444,1.1624,0.1387,0.1704,0.0226,31.7039
2026-02-04,17:00:00,35.708,0.0271,1,4.1813,1,1.5009,1,-0.6461,2,0.0333,1,-0.0048,1,-0,-0,-0,17.8507,424.4659,426.6797,0.1,0,218.1926,5.1883,5.2154,0.1,1,0.0984,2.1686,2.1799,-0.3,0,273.2537,273.6342,95438.0036,1.2127,1007.9611,0.0238,0.0022,0.0039,495.2975,631.1917,0.0032,78.4702,135.8942,270.2938,0.2555,1.5018,221.4298,0.1494,0.1518,-67.1621,-0.0432,2.786,0.0229,1.0581,1,1,2,3,5,15,0.0261,1.037,4.1403,1.0307,1.3623,1.1017,-0.5865,1.1017,0.0303,1.1017,-0.0059,1.17,0.0437,0.247,0.0129,69.8767
2026-02-04,17:30:00,35.729,0.0066,1,-1.0272,1,1.747,1,0.1764,0,0.0388,1,NA,3,0,0,NA,17.8744,424.8747,427.0793,0.1,1,217.1636,5.162,5.1888,0.1,1,NA,NA,NA,NA,0,273.2622,272.8152,95108.0145,1.2122,1007.931,0.0239,0.0025,0.0039,490.2734,594.7219,0.0032,82.4374,104.4485,270.1568,0.49370000000000003,2.2538,309.299,0.0737,0.1739,32.732,0.0886,-0.588,-0.0114,11.1194,5,10,21,38,82,337,0.0065,1.0123,-0.9234,1.0177,1.5575,1.1217,0.1573,1.1217,0.0346,1.1217,NA,1,0.1645,0.1613,0.022,48.5843
2026-02-04,18:00:00,35.749,0.0296,1,1.6036,1,-1.3065,2,-0.4062,2,-0.029,2,NA,3,-0,-0,NA,17.9324,425.9107,428.1448,0.1,1,219.6997,5.2181,5.2455,0.1,1,NA,NA,NA,NA,0,273.1629,272.7112,95108.0145,1.2126,1007.9602,0.0239,-0.0019,0.0039,495.5922,590.2311,0.0032,83.9658,94.6389,270.3018,0.2715,2.6579,223.4634,0.1563,0.1748,-200.2375,-0.0145,-1.2274,0.0084,1.0815,1,1,2,3,6,17,0.0286,1.0353,1.4935,1.0295,-1.1874,1.1003,-0.3692,1.1003,-0.0263,1.1003,NA,1,0.0784,0.2545,0.0167,7.6078
2026-02-04,18:30:00,35.77,0.0198,1,5.307,1,1.01,1,-0.0567,2,0.0224,1,-0.0313,1,-0,-0,-0,17.994,426.8458,429.0585,0.1,1,217.4044,5.1572,5.1839,0.1,1,0.101,2.2214,2.2329,0,1,272.8256,273.1275,95473.5722,1.2154,1007.9372,0.0238,0.0015,0.0039,492.5044,608.4233,0.0032,80.9477,115.9188,270.2178,0.4418,1.4487,165.1727,0.1278,0.0738,-33.1507,-0.0875,5.2546,0.0339,4.3559,2,4,6,11,19,53,0.0194,1.024,5.2529,1.0221,0.9252,1.0916,-0.052,1.0916,0.0205,1.0916,-0.0311,1.1574,0.0999,0.0356,0.012,43.0804
2026-02-04,19:00:00,35.791,0.0463,1,2.0217,1,-0.5831,1,-0.4459,1,-0.0129,1,0.0059,1,-0,-0,-0,18.0311,427.4473,429.6802,0.3,0,219.2089,5.1966,5.2237,0.1,1,0.0997,2.1929,2.2044,0,1,272.7828,273.0691,95466.5162,1.2156,1007.958,0.0238,-8e-4,0.0039,496.2333,605.8432,0.0032,81.9079,109.6099,270.3192,0.1431,1.3387,265.8668,0.1952,0.1426,-310.2614,-0.0093,-3.4668,0.0085,0.1393,1,1,4,NA,NA,NA,0.0438,1.0583,1.9087,1.0449,-0.5209,1.1195,-0.3983,1.1195,-0.0116,1.1195,0.0047,1.1918,0.173,0.1006,0.0117,64.9428
2026-02-04,19:30:00,35.812,0.0238,1,0.8061,1,4.3499,2,0.4634,1,0.0966,2,-0.0031,1,0,0,0,18.0132,427.202,429.4019,0.1,0,216.0231,5.1232,5.1496,0.1,1,0.0994,2.1871,2.1984,0,0,272.8361,273.1692,95491.9486,1.2155,1007.9193,0.0238,0.0063,0.0039,489.3573,610.2703,0.0032,80.187,120.913,270.1317,0.24,2.643,309.3751,0.14,0.2881,-286.7929,-0.0101,0.1853,0.0047,1.0473,1,1,2,3,5,17,0.0229,1.0389,1.004,1.0319,3.9427,1.1033,0.42,1.1033,0.0875,1.1033,-0.0034,1.1719,0.3572,0.1857,0.0333,71.4899
2026-02-04,20:00:00,35.833,0.0301,1,0.3321,0,1.3078,0,0.1399,1,0.029,0,0.0516,2,-0,-0,-0,18.0092,426.4402,428.5399,0.1,0,206.9153,4.8995,4.9237,0.1,1,0.101,2.2187,2.2296,0.8,0,272.7397,272.9513,95511.0323,1.2168,1007.7942,0.0238,0.0019,0.0037,468.0862,600.6747,0.0031,77.9267,132.5884,269.5366,1.2876,3.6781,321.1721,0.1573,0.4265,-987.6016,-0.0029,0.2539,0.0017,17.3364,8,15,29,49,95,316,0.0298,1.011,0.3956,1.014,1.2034,1.0868,0.1288,1.0868,0.0267,1.0868,0.0484,1.1479,0.4237,0.3564,0.073,55.0258
2026-02-04,20:30:00,35.854,0.0302,1,-2.9143,2,0.6689,1,0.1464,1,0.0148,1,NA,3,-0,-0,NA,17.9965,425.9446,427.992,0.1,1,202.1138,4.7837,4.8067,0.1,1,NA,NA,NA,NA,0,272.5655,272.1523,95127.7341,1.2155,1007.7165,0.0238,0.001,0.0036,454.4897,566.6118,0.003,80.2118,112.1221,269.1435,0.684,4.1551,339.7597,0.1576,0.4414,112.9585,0.0257,-4.357,-0.0151,5.8583,3,5,10,18,36,131,0.0299,1.0103,-2.8434,1.0143,0.6077,1.1006,0.133,1.1006,0.0135,1.1006,NA,1,0.4497,0.3523,0.0808,18.1456
2026-02-04,21:00:00,35.874,0.0504,0,-1.3073,2,-1.2566,0,0.1076,2,-0.0279,0,NA,3,0,0,NA,18.0195,426.1335,428.1768,-0.2,0,201.7935,4.7721,4.795,0.1,1,NA,NA,NA,NA,0,272.2904,271.8787,95123.0938,1.2167,1007.7067,0.0238,-0.0018,0.0036,453.3707,555.3556,0.003,81.6361,101.9849,269.1106,0.9974,3.4884,316.9696,0.2036,0.3997,542.6076,0.0053,1.0403,-0.0052,62.8516,-9.538,21.5749,53.7246,81.9334,114.9128,172.1603,0.05,1.0085,-1.3572,1.0127,-1.149,1.0937,0.0984,1.0937,-0.0255,1.0937,NA,1,0.2933,0.4358,0.0702,3.5721
2026-02-04,21:30:00,35.895,0.0615,1,-6.7376,2,10.2566,1,1.8797,1,0.2273,1,NA,3,-0,-0,NA,18.0683,426.8481,428.9355,0,0,206.0003,4.8666,4.8904,0.1,1,NA,NA,NA,NA,0,272.0659,271.6463,95101.0556,1.2174,1007.7552,0.0238,0.0147,0.0037,462.226,545.953,0.003,84.6641,83.727,269.3684,0.4242,2.3985,283.5747,0.2247,0.3148,141.5252,0.0205,-0.6569,-0.0244,86.7431,-13.1636,29.7761,74.1467,113.0784,158.594,237.6027,0.0606,1.0137,-6.1212,1.0158,9.3335,1.0989,1.7105,1.0989,0.2069,1.0989,NA,1,0.3689,0.2225,0.0382,2.9565
2026-02-04,22:00:00,35.916,0.0561,1,6.0134,1,0.0259,2,0.03,2,6e-4,2,NA,3,-0,-0,NA,18.0784,426.8996,429.022,0.3,0,209.4986,4.9471,4.9717,0.1,1,NA,NA,NA,NA,0,271.7444,271.3184,95101.0556,1.2189,1007.795,0.0238,0,0.0038,469.8577,532.9235,0.0031,88.1661,63.0658,269.587,0.5348,3.0718,180.1989,0.2146,0.1815,-138.2176,-0.021,232.3668,0.0228,77.1659,-11.7102,26.4886,65.9603,100.5936,141.084,211.3695,0.055,1.0207,5.9067,1.0199,0.0238,1.0893,0.0275,1.0893,5e-4,1.0893,NA,1,0.1985,0.1178,0.0467,6.2241
2026-02-04,22:30:00,35.937,0.0607,1,2.9792,1,7.5206,1,0.9407,1,0.1666,1,NA,3,-0,-0,NA,18.0647,426.057,428.1392,0.1,1,206.2011,4.8633,4.887,0.8,0,NA,NA,NA,NA,0,271.5461,271.1276,95193.8824,1.2209,1007.747,0.0237,0.0108,0.0037,462.3637,525.4699,0.003,87.9905,63.1062,269.3724,0.581,2.9425,174.0838,0.223,0.2082,-312.9061,-0.0093,0.3961,0.0109,77.7097,-11.7928,26.6752,66.4251,101.3025,142.0782,212.859,0.0595,1.0194,3.3135,1.0191,6.9093,1.0885,0.8642,1.0885,0.15310000000000001,1.0885,NA,1,0.2347,0.1321,0.0496,7.0362
2026-02-04,23:00:00,35.958,0.0192,1,0.3281,0,4.2675,1,0.3135,1,0.0945,1,NA,3,-0,-0,NA,18.0169,424.9585,426.9227,0.1,1,195.0635,4.6009,4.6222,0.1,1,NA,NA,NA,NA,0,271.5223,271.1264,95193.8824,1.2211,1007.6043,0.0237,0.0061,0.0035,437.4558,525.4246,0.0029,83.2576,87.9688,268.6359,0.7646,3.021,307.4214,0.1253,0.3511,-504.9835,-0.0057,0.0769,0.0021,11.1684,5,10,18,31,60,197,0.0189,1.0158,0.5422,1.0168,3.9275,1.0866,0.2885,1.0866,0.087,1.0866,NA,1,0.4761,0.1862,0.0398,3.9137
2026-02-04,23:30:00,35.979,0.0228,1,-0.2385,1,3.2177,0,0.3347,0,0.0713,0,NA,3,-0,-0,NA,18.0246,424.9943,426.9128,0.3,0,190.5903,4.4939,4.5141,0,0,NA,NA,NA,NA,0,271.5389,271.1522,95143.9768,1.2204,1007.5464,0.0237,0.0046,0.0034,427.0679,526.4294,0.0028,81.1254,99.3614,268.3178,1.1076,3.647,316.9054,0.1367,0.3551,901.4404,0.0032,-0.0741,-0.0014,16.759,7,15,28,49,96,327,0.0226,1.0081,-0.0716,1.0123,2.9455,1.0924,0.3064,1.0924,0.0653,1.0924,NA,1,0.3474,0.3025,0.0603,4.5445
2026-02-05,00:00:00,36,0.0195,1,-0.1121,2,3.8914,1,0.5056,2,0.0863,1,0.0011,1,0,0,0,17.9698,423.4342,425.2473,0.3,0,180.9482,4.2638,4.2821,0.1,1,0.1021,2.2308,2.2403,0.8,0,271.5207,271.8143,95480.5225,1.2218,1007.4331,0.0237,0.0056,0.0032,407.2198,552.7602,0.0027,73.6702,145.5404,267.6902,0.9505,3.1019,316.2108,0.1264,0.3323,1518.5462,0.0019,-0.0288,-7e-4,15.0762,7,13,25,44,85,291,0.0193,1.0135,0.0894,1.0154,3.5833,1.086,0.4655,1.086,0.0794,1.086,8e-4,1.1487,0.3471,0.2686,0.0489,79.3147
2026-02-05,00:30:00,36.02,0.0117,1,-0.6473,1,3.4746,1,1.3891,1,0.077,1,4e-4,2,0,0,0,17.9386,429.1466,430.9117,0.2,0,171.2265,4.0963,4.1131,0.1,1,0.102,2.2294,2.2386,0,1,271.5261,271.8179,95470.3093,1.2217,1007.342,0.0237,0.005,0.0031,391.1769,552.9087,0.0026,70.7489,161.7318,267.1628,1.1614,2.8809,319.0446,0.0977,0.2672,121.4606,0.0239,-0.1863,-0.0054,27.4468,12,24,48,86,173,638,0.0116,1.008,-0.4635,1.013,3.1597,1.0997,1.2632,1.0997,0.07,1.0997,3e-4,1.1782,0.2202,0.2701,0.0441,82.402
2026-02-05,01:00:00,36.041,0.0186,0,-0.9263,0,3.1455,0,0.1428,0,0.0697,0,-0.0017,0,0,0,0,17.9133,429.3012,430.9927,0.1,1,163.7642,3.9247,3.9402,0.1,1,0.1017,2.2234,2.2322,0.2,0,271.5339,271.8557,95431.0984,1.2211,1007.2493,0.0237,0.0045,0.003,374.639,554.4464,0.0024,67.5699,179.8074,266.5986,0.9854,3.6549,317.8929,0.1235,0.2634,171.477,0.0169,-0.2945,-0.0061,15.8349,7,14,27,48,96,345,0.0185,1.0086,-0.7556,1.0131,2.8671,1.0971,0.1302,1.0971,0.0636,1.0971,-0.0015,1.1753,0.2511,0.2346,0.0411,84.0409
2026-02-05,01:30:00,36.062,0.0121,1,-0.1976,2,4.7447,1,0.2731,1,0.1052,1,0.0061,1,0,0,0,17.8972,429.2033,430.8434,0.1,0,158.7404,3.8068,3.8214,0.1,1,0.1017,2.2225,2.231,0,1,271.3818,271.7983,95417.5644,1.2213,1007.1846,0.0237,0.0068,0.0029,363.3377,552.1146,0.0024,65.8084,188.7769,266.2002,0.2852,2.1398,308.2448,0.0994,0.1648,418.4135,0.0069,-0.0416,-0.0016,2.8961,1,3,5,8,17,58,0.0117,1.0339,0.0483,1.0286,4.3163,1.0992,0.2484,1.0992,0.0957,1.0992,0.0054,1.1669,0.198,0.1096,0.0221,73.2057
2026-02-05,02:00:00,36.083,0.0089,2,0.5718,1,0.004,2,0.0481,2,1e-4,2,0.017,1,0,0,0,17.9133,429.3319,430.962,0.1,1,157.8168,3.7824,3.7968,0.1,1,0.102,2.2248,2.2333,0,1,271.0908,271.4548,95398.7167,1.2226,1007.1669,0.0237,0,0.0029,360.9366,538.3363,0.0024,67.0467,177.3997,266.1141,0.6276,2.1501,318.8174,0.0853,0.2339,-91.421,-0.0317,141.8642,0.0054,15.425,7,13,24,40,72,216,0.0087,1.0183,0.5624,1.0184,0.0037,1.0878,0.0442,1.0878,1e-4,1.0878,0.0158,1.1522,0.3163,0.1209,0.0307,64.3271
2026-02-05,02:30:00,36.104,0.036,1,-0.2103,2,2.6104,1,0.0333,1,0.0578,1,0.004,1,-0,-0,-0,17.9296,429.4638,431.1253,0.1,1,160.8941,3.8539,3.8688,0.1,1,0.1015,2.2144,2.2229,0,1,271.045,271.4562,95386.9569,1.2224,1007.2057,0.0237,0.0037,0.0029,367.7074,538.389,0.0024,68.2977,170.6816,266.3555,0.4623,2.5752,328.7034,0.1716,0.2525,2022.9702,0.0014,-0.0806,-0.001,2.6109,1,2,4,8,15,50,0.0355,1.0133,-0.0744,1.0147,2.3918,1.0914,0.0305,1.0914,0.053,1.0914,0.0036,1.1672,0.3614,0.1144,0.0293,76.7207
2026-02-05,03:00:00,36.124,0.0254,1,4.8709,1,-7.9547,1,-0.9898,2,-0.1763,1,-0.0067,1,0,0,0,18.0215,431.9212,433.7843,0.1,0,179.2043,4.295,4.3135,0.8,0,0.102,2.2246,2.2342,0.5,0,270.9074,271.3276,95359.464,1.2224,1007.4439,0.0237,-0.0114,0.0033,409.6775,533.3106,0.0027,76.8178,123.6331,267.7694,0.3981,1.6499,169.3044,0.1441,0.0708,-51.6861,-0.0561,-0.6123,0.0275,2.865,1,2,4,7,13,40,0.0247,1.026,4.361,1.0234,-7.2772,1.0931,-0.9055,1.0931,-0.1612,1.0931,-0.0074,1.1593,0.0864,0.0429,0.0123,78.8013
2026-02-05,03:30:00,36.145,0.0188,1,2.0024,1,2.7699,1,2.1214,1,0.0614,1,0.0013,2,-0,-0,-0,18.0485,426.2406,428.0618,0.1,1,180.1468,4.2544,4.2726,0.8,0,0.102,2.2222,2.2317,0,1,270.7534,271.1326,95337.788,1.223,1007.4194,0.0236,0.004,0.0032,405.7165,525.6886,0.0027,77.1781,119.9721,267.6416,0.5692,1.677,162.8434,0.1239,0.0586,-80.0479,-0.0362,0.7229,0.0131,7.2488,3,6,11,19,34,103,0.0184,1.0197,2.1087,1.0193,2.5443,1.0887,1.9486,1.0887,0.0564,1.0887,3e-4,1.1534,0.0824,0.0216,0.0133,79.9768
2026-02-05,04:00:00,36.166,0.0102,1,1.6382,1,0.0551,2,0.0327,2,0.0012,2,-5e-4,1,0,0,0,18.0385,427.5803,429.3567,0.1,1,174.546,4.1374,4.1546,0.1,1,0.1018,2.2163,2.2255,0,1,270.6421,271.0614,95312.4641,1.2231,1007.3548,0.0236,1e-4,0.0032,394.4508,522.9286,0.0026,75.4311,128.4778,267.272,0.3846,1.3098,161.557,0.0913,0.0387,-39.1623,-0.0741,29.7356,0.0146,6.2323,3,5,9,15,27,77,0.0099,1.0268,1.6049,1.0239,0.0504,1.0936,0.0299,1.0936,0.0011,1.0936,-0.001,1.16,0.0531,0.0162,0.0082,79.5919
2026-02-05,04:30:00,36.187,0.0032,1,0.6537,1,-0.0236,2,0.0677,2,-5e-4,2,-2e-4,1,0,0,0,18.0175,431.837,433.6216,0.2,0,171.713,4.1156,4.1326,0.1,1,0.1017,2.2144,2.2235,-0.3,0,270.6277,271.0788,95278.3816,1.2226,1007.3432,0.0237,-0,0.0031,392.2284,523.6028,0.0026,74.9095,131.3744,267.198,0.3249,1.0376,146.595,0.0511,0.0131,-17.1628,-0.169,-27.709,0.0104,11.7197,5,9,16,26,44,113,0.0031,1.0306,0.6365,1.0264,-0.0215,1.0966,0.0618,1.0966,-5e-4,1.0966,-4e-4,1.1637,0.0128,0.0108,0.0025,79.3345
2026-02-05,05:00:00,36.208,0.0115,1,0.6781,1,-0.1778,1,-0.0252,1,-0.0039,1,0,1,-0,-0,-0,18.0183,431.9448,433.7038,0.1,0,169.1815,4.0557,4.0722,0.1,1,0.1016,2.2121,2.2211,-0.1,0,270.5846,270.9915,95267.1867,1.2229,1007.3096,0.0236,-3e-4,0.0031,386.4809,520.2343,0.0025,74.2898,133.7534,267.0048,0.5713,1.4682,155.3913,0.0968,0.0373,-112.5993,-0.0258,-3.8148,0.0057,10.902,5,9,17,29,53,161,0.0112,1.0196,0.6571,1.0192,-0.1633,1.0886,-0.0232,1.0886,-0.0036,1.0886,-2e-4,1.1534,0.0462,0.0201,0.0084,79.601
2026-02-05,05:30:00,36.229,0.0113,1,0.886,1,0.2506,1,0.0404,1,0.0055,1,-1e-4,1,-0,-0,-0,18.006,431.4266,433.1249,0.1,1,163.6441,3.9209,3.9364,0.1,1,0.1015,2.2074,2.2161,-0.8,0,270.4585,270.8728,95250.478,1.2232,1007.2349,0.0236,4e-4,0.003,373.5721,515.685,0.0024,72.4419,142.1129,266.5615,0.5615,1.8977,158.7306,0.0963,0.0482,-84.6866,-0.0342,3.5359,0.0075,10.7629,5,9,17,28,51,151,0.0111,1.0199,0.883,1.0194,0.2301,1.0888,0.0371,1.0888,0.0051,1.0888,-4e-4,1.1536,0.0643,0.0215,0.0105,79.5938
2026-02-05,06:00:00,36.249,0.0227,1,2.384,0,3.7719,1,0.4101,1,0.0835,1,0.0016,2,0,0,0,17.9258,429.354,430.8456,0,0,144.5454,3.4621,3.4741,0.1,1,0.1008,2.1928,2.2004,0,1,270.3933,270.8603,95245.27,1.2235,1006.9858,0.0236,0.0054,0.0026,329.8376,515.2066,0.0022,64.0204,185.369,264.9508,0.3847,2.0121000000000002,182.115,0.1362,0.0716,-89.2084,-0.0325,0.6321,0.0142,2.9796,1,3,5,8,15,45,0.0221,1.0267,2.5223,1.0239,3.4489,1.0936,0.375,1.0936,0.0764,1.0936,4e-4,1.16,0.0724,0.0491,0.0217,79.9444
2026-02-05,06:30:00,36.27,0.004,1,0.4919,1,0.3971,1,0.0091,2,0.0088,1,-0,2,0,0,0,17.8998,428.896,430.3046,-0.2,0,136.622,3.2736,3.2843,0.1,1,0.1005,2.1866,2.1938,0.1,0,270.3311,270.8715,95239.8413,1.2234,1006.8839,0.0236,6e-4,0.0025,311.8605,515.6372,0.002,60.4806,203.7767,264.233,0.2431,1.1759,178.5072,0.0571,0.0538,-31.8516,-0.091,1.2386,0.007,6.3163,3,5,9,15,27,74,0.0038,1.0385,0.4972,1.0317,0.36,1.1029,0.0083,1.1029,0.008,1.1029,-2e-4,1.1715,0.0509,0.047,0.0097,80.3262
2026-02-05,07:00:00,36.291,0.0091,1,1.0965,1,-0.0959,2,-0.0378,2,-0.0021,2,-8e-4,1,-0,-0,-0,17.8968,428.9254,430.289,0,0,132.2332,3.1692,3.1793,0.1,1,0.1005,2.1843,2.1912,-0.4,0,270.2033,270.7289,95235.9335,1.2241,1006.8257,0.0236,-1e-4,0.0024,301.9005,510.2155,0.002,59.1712,208.3151,263.8193,0.4324,1.2557,154.7594,0.0863,0.0333,-49.3121,-0.0588,-11.4287,0.0103,8.4191,4,7,13,21,37,106,0.0089,1.0244,1.0687,1.0223,-0.0879,1.0919,-0.0346,1.0919,-0.0019,1.0919,-0.0011,1.1577,0.0425,0.0186,0.0056,80.4772
2026-02-05,07:30:00,36.312,0.0105,1,0.9341,1,-0.105,1,-0.0086,2,-0.0023,1,-4e-4,1,0,0,0,17.949,429.7789,431.1922,0.1,1,136.8818,3.2776,3.2883,0.1,1,0.1007,2.1871,2.1943,-0.4,0,270.1076,270.6051,95249.6602,1.2247,1006.8828,0.0236,-2e-4,0.0025,312.2698,505.5536,0.002,61.7679,193.2839,264.2498,0.5086,1.4214,159.4491,0.0927,0.0355,-71.7961,-0.0404,-8.8945,0.0082,9.7637,4,8,15,25,45,133,0.0103,1.0215,0.911,1.0204,-0.0964,1.0898,-0.0079,1.0898,-0.0021,1.0898,-6e-4,1.1551,0.0471,0.0162,0.0078,80.1124
2026-02-05,08:00:00,36.333,0.0325,1,2.88,1,-0.7658,1,-0.2178,1,-0.017,1,-0.0022,1,0,0,0,18.0067,430.8897,432.353,0.1,1,141.4406,3.3846,3.3961,0.1,1,0.1009,2.1911,2.1985,0.4,0,270.0494,270.585,95268.1754,1.225,1006.9405,0.0236,-0.0011,0.0026,322.5307,504.7996,0.0021,63.8928,182.2689,264.6634,0.4594,1.9559,173.1689,0.1629,0.0849,-126.4049,-0.0229,-3.7608,0.0143,2.9541,1,3,5,8,15,47,0.0318,1.0233,2.7833,1.0216,-0.7019,1.0911,-0.1996,1.0911,-0.0155,1.0911,-0.003,1.1567,0.106,0.0433,0.0204,79.8511
2026-02-05,08:30:00,36.354,0.0172,1,2.5533,1,1.6859,2,0.2796,1,0.0373,2,0.0013,2,0,0,0,17.9426,429.5349,430.9197,0.1,1,134.2328,3.2135,3.2238,0.1,1,0.1006,2.1849,2.1919,0,1,270.0284,270.6462,95281.0163,1.225,1006.8486,0.0236,0.0024,0.0025,306.2634,507.0992,0.002,60.3952,200.8358,264.002,0.5151,1.5687,160.983,0.1184,0.0557,-54.6655,-0.053,1.5145,0.0175,6.6222,3,6,10,17,30,87,0.0168,1.0213,2.5908,1.0203,1.5471,1.0897,0.2566,1.0897,0.0343,1.0897,2e-4,1.1549,0.0833,0.0191,0.009,80.1953
2026-02-05,09:00:00,36.374,0.0216,1,5.646,1,1.9132,1,0.1758,2,0.0424,1,-0,1,-0,-0,-0,17.9262,429.2095,430.589,0.1,1,133.7994,3.2036,3.2139,0.1,1,0.1003,2.1809,2.1879,-0.1,0,270.0899,270.7858,95280.0396,1.2244,1006.845,0.0236,0.0027,0.0024,305.3185,512.3727,0.002,59.5891,207.0542,263.9626,0.5156,1.795,166.5608,0.1329,0.062,-35.0127,-0.0828,2.9511,0.0345,5.3752,2,4,8,13,23,65,0.0212,1.0213,5.6367,1.0203,1.7557,1.0897,0.1614,1.0897,0.0389,1.0897,-0.002,1.1548,0.0891,0.0215,0.0135,80.2307
2026-02-05,09:30:00,36.395,0.0246,1,6.5742,1,4.7131,1,0.5366,1,0.1044,1,0.0024,2,0,0,0,17.8779,428.5588,429.8949,0.1,1,129.6575,3.1081,3.1178,0.1,1,0.1,2.1779,2.1846,0.4,0,270.2031,271.0998,95276.8118,1.2229,1006.7972,0.0237,0.0068,0.0024,296.2075,524.4179,0.0019,56.4831,228.2104,263.5774,0.3868,1.7814,176.16,0.1419,0.1049,-36.5454,-0.0794,1.3949,0.0376,2.7796,1,2,4,7,13,36,0.024,1.0266,6.6666,1.0238,4.3099,1.0936,0.4907,1.0936,0.0955,1.0936,-2e-4,1.1599,0.1095,0.0819,0.0184,80.6735
2026-02-05,10:00:00,36.416,0.0181,1,10.5144,1,1.08,1,0.0039,2,0.0239,1,-4e-4,1,-0,-0,-0,17.8464,428.4635,429.7618,0.1,1,125.8271,3.0209,3.0301,0.1,1,0.0998,2.1751,2.1817,-0.3,0,270.3212,271.4168,95295.896,1.2218,1006.7541,0.0237,0.0016,0.0023,287.9573,536.8275,0.0019,53.6406,248.8701,263.2193,0.5878,1.9167,155.2158,0.1217,0.0747,-14.4307,-0.201,9.7352,0.0702,7.3733,3,6,10,16,28,72,0.0178,1.0192,10.3836,1.019,0.9923,1.0884,0.0036,1.0884,0.022,1.0884,-0.0039,1.153,0.1064,0.0291,0.0139,81.0732
2026-02-05,10:30:00,36.437,0.0428,1,16.5315,1,1.4522,1,0.0309,1,0.0322,1,0.0015,1,0,0,0,17.8411,428.5952,429.9116,-0.1,0,127.4586,3.0619,3.0713,0.1,1,0.0996,2.1722,2.1789,-0.2,0,270.4059,271.5212,95283.565,1.2211,1006.7776,0.0237,0.0021,0.0023,291.8296,540.9728,0.0019,53.9453,249.1432,263.3885,0.8614,2.6158,162.2965,0.1872,0.1274,-33.3701,-0.0869,11.3834,0.0718,7.2395,3,6,11,17,31,85,0.0422,1.0145,16.3617,1.016,1.3371,1.0862,0.0284,1.0862,0.0296,1.0862,-0.004,1.1493,0.1902,0.0411,0.0234,81.0942
2026-02-05,11:00:00,36.458,0.0317,1,16.5857,1,0.6813,1,-0.0707,2,0.0151,1,-9e-4,1,0,0,0,17.7875,427.8776,429.1841,0.1,1,126.549,3.0441,3.0534,0.1,1,0.0995,2.1749,2.1815,-0.2,0,270.4417,272.0354,95246.9978,1.2184,1006.7746,0.0237,0.001,0.0023,290.0226,561.8067,0.0019,51.6232,271.7841,263.3098,0.6006,2.1994,164.7731,0.1613,0.13,-21.2963,-0.1362,24.3435,0.0838,4.8763,2,4,7,11,20,54,0.0311,1.0189,16.3308,1.0188,0.6261,1.0882,-0.065,1.0882,0.0139,1.0882,-0.0063,1.1528,0.1635,0.071,0.0254,81.3183
2026-02-05,11:30:00,36.479,0.3113,1,90.9074,1,40.8109,1,3.8469,1,0.906,1,0.3799,1,0,0,0,17.6759,427.6558,429.0137,0.1,1,130.8192,3.1651,3.1751,0.1,1,0.1001,2.2021,2.2091,0,1,271.1,273.3322,95208.0103,1.212,1006.8574,0.0239,0.0587,0.0024,301.4213,617.5334,0.002,48.8105,316.1122,263.7991,0.0834,3.5752,124.1029,0.5068,0.5289,-120.3978,-0.0241,2.2275,0.147,99.0143,-15.0258,33.9884,84.6359,129.0751,181.0297,271.2154,0.2863,1.0871,87.4679,1.0646,35.6492,1.1448,3.3604,1.1448,0.7914,1.1448,0.3063,1.2232,0.5245,0.3937,0.1397,81.9556
2026-02-05,12:00:00,36.499,0.0127,2,6.6711,1,2.0883,1,-0.2488,2,0.0463,1,2e-4,1,0,0,0,17.66,427.8486,429.248,0.1,1,134.5657,3.2601,3.2708,0.1,1,0.1022,2.242,2.2493,-0.1,0,271.3868,272.7076,95152.0385,1.2141,1006.9003,0.0238,0.003,0.0025,310.2895,590.1082,0.002,52.5818,279.8187,264.1685,1.5694,4.9661,319.7441,0.1023,0.7904,-13.492,-0.2149,3.1946,0.0533,38.9353,17,31,53,81,134,320,0.0126,1.0099,6.696,1.0135,1.9186,1.0884,-0.2286,1.0884,0.0426,1.0884,-0.0022,1.1484,0.7974,0.7,0.0834,82.1356
2026-02-05,12:30:00,36.52,0.0458,1,4.1802,1,6.0964,0,0.6516,1,0.1353,0,-0.0089,1,0,0,0,17.6467,427.1777,428.5713,0.1,0,134.3343,3.2519,3.2625,0.1,1,0.1022,2.2438,2.2512,0,1,271.6083,272.8237,95105.024,1.213,1006.8974,0.0239,0.0088,0.0025,309.352,595.1202,0.002,51.9814,285.7682,264.1299,1.5766,4.9745,329.7556,0.1944,1.0713,-147.6821,-0.0196,0.6857,0.0176,17.6443,8,15,28,47,87,269,0.0454,1.0098,4.4414,1.0135,5.6009,1.0885,0.5987,1.0885,0.1243,1.0885,-0.0102,1.1484,1.1248,0.8894,0.1284,81.8722
2026-02-05,13:00:00,36.541,0.0535,1,-5.9071,2,6.3494,0,0.3594,2,0.1409,0,0.0037,2,0,0,0,17.5022,424.6394,425.9955,0.1,1,131.2033,3.1833,3.1934,0.1,1,0.1031,2.2663,2.2736,0,1,271.8552,273.1839,95034.7157,1.2105,1006.8652,0.0239,0.0091,0.0024,302.6023,610.9219,0.002,49.5321,308.3196,263.8489,1.7228,5.0255,327.3497,0.2102,1.0258,132.1304,0.0219,-0.9303,-0.0231,52.3581,-7.9455,17.9728,44.7549,68.2541,95.7273,143.4169,0.0531,1.0073,-5.5154,1.0132,5.7378,1.1066,0.3248,1.1066,0.1274,1.1066,0.0049,1.1838,0.958,0.9754,0.1183,82.1891
2026-02-05,13:30:00,36.562,0.0671,1,13.8132,0,7.242,0,-0.7972,0,0.1609,0,-0.0014,0,0,0,0,17.4379,424.6818,426.0075,0.1,1,127.7788,3.1119,3.1216,0.1,1,0.1025,2.2633,2.2703,0,0,272.2397,274.1004,94960.113,1.2055,1006.8395,0.024,0.0104,0.0023,295.5869,652.808,0.0019,45.2793,357.221,263.5507,1.556,5.4597,329.0461,0.236,1.158,-79.8731,-0.0363,1.9074,0.0482,55.4267,-8.4112,19.0262,47.3779,72.2544,101.3378,151.8224,0.0665,1.0099,14.015,1.0135,6.6542,1.0883,-0.7325,1.0883,0.1478,1.0883,-0.0065,1.1483,1.046,1.1407,0.1292,82.9623
2026-02-05,14:00:00,36.583,0.0751,1,11.8792,0,3.9046,0,-0.228,0,0.0868,0,-0.0033,0,-0,-0,-0,17.3771,424.8542,426.1429,0.1,1,123.6883,3.0241,3.0332,0.1,1,0.1019,2.2578,2.2646,-0.7,0,272.6257,274.8178,94901.5614,1.2017,1006.8024,0.0241,0.0056,0.0023,287.0649,687.3491,0.0019,41.7641,400.2842,263.18,1.0336,5.0397,348.0694,0.25,1.1802,-110.429,-0.0263,3.0424,0.0393,57.0356,-8.6554,19.5785,48.7532,74.3517,104.2793,156.2294,0.0742,1.0127,11.9173,1.0149,3.5954,1.086,-0.21,1.086,0.0799,1.086,-0.0074,1.1483,0.9646,1.2607,0.1351,83.1688
2026-02-05,14:30:00,36.604,0.0221,2,10.5559,1,8.9213,1,-0.27,1,0.1983,1,-0.0028,1,-0,-0,-0,17.328,424.3547,425.6357,0.1,1,122.8983,3.0097,3.0188,0.1,1,0.1019,2.2579,2.2647,-0.6,0,273.0506,274.8557,94859.6506,1.201,1006.7952,0.0241,0.0129,0.0023,285.5781,689.2175,0.0019,41.4351,403.6394,263.1143,1.4271,5.1262,335.0778,0.1358,0.9989,-19.9017,-0.1457,1.1832,0.0643,24.854,11,20,35,54,92,231,0.0219,1.0104,10.8841,1.0137,8.2036,1.0875,-0.2483,1.0875,0.1824,1.0875,-0.0069,1.148,0.7896,1.0834,0.1248,83.2534
2026-02-05,15:00:00,36.624,0.028,2,7.0722,0,5.2274,0,-0.1556,0,0.1163,0,0.0021,2,0,0,0,17.2873,424.189,425.4397,0.1,1,119.8004,2.9396,2.9483,0.1,1,0.1016,2.2572,2.2639,0,1,273.3044,275.4268,94820.5231,1.198,1006.7659,0.0241,0.0075,0.0022,278.8107,717.9292,0.0018,38.8354,439.1185,262.8115,1.306,4.3793,317.8102,0.1528,0.8634,-42.2803,-0.0686,1.3529,0.0384,19.3439,8,16,28,46,81,222,0.0277,1.0109,7.252,1.014,4.8098,1.0868,-0.1432,1.0868,0.107,1.0868,-8e-4,1.1479,1.1956,0.4453,0.0858,82.9517
2026-02-05,15:30:00,36.645,0.0339,1,-11.9446,1,5.1078,0,0.0251,2,0.1136,0,0.0046,1,-0,-0,-0,17.2782,423.8881,425.1182,0.1,1,117.9508,2.8937,2.9021,0.1,1,0.1011,2.2444,2.2509,-0.1,0,273.5693,275.3788,94797.1122,1.198,1006.7404,0.0242,0.0074,0.0022,274.3873,715.4745,0.0018,38.3504,441.0872,262.6099,1.4976,4.4201,310.1203,0.1682,0.5606,33.3774,0.0869,-2.3385,-0.0589,17.2537,8,16,32,60,129,544,0.0336,1.0086,-11.5099,1.0162,4.5169,1.1308,0.0222,1.1308,0.1005,1.1308,0.0075,1.2283,0.6203,0.4155,0.0854,82.8311
2026-02-05,16:00:00,36.666,0.0173,2,7.144,1,2.7,1,-0.4787,1,0.0601,1,-0.0036,1,0,0,0,17.315,424.6887,425.9277,0.1,1,118.6005,2.9089,2.9174,0.1,1,0.1008,2.2448,2.2513,0,1,273.9724,275.9159,94782.5166,1.1954,1006.7569,0.0242,0.0039,0.0022,275.7911,743.3537,0.0018,37.1009,467.5625,262.6742,0.839,4.2305,314.7836,0.1201,0.6784,-20.3511,-0.1425,2.6459,0.0494,13.7713,6,11,19,31,53,136,0.017,1.0147,7.1774,1.0161,2.4857,1.0862,-0.4407,1.0862,0.0553,1.0862,-0.006,1.1495,0.8463,0.4413,0.0691,82.9243
2026-02-05,16:30:00,36.687,0.0182,1,-6.4124,0,1.5731,0,0.2425,0,0.035,0,-8e-4,2,0,0,0,17.416,425.0457,426.3066,0.1,1,121.1888,2.9577,2.9665,0.1,1,0.1011,2.2413,2.2479,0,1,273.9068,274.9699,94763.5688,1.1993,1006.7688,0.0241,0.0023,0.0022,280.3553,694.8771,0.0018,40.346,414.5218,262.8812,0.6663,2.6197,310.857,0.123,0.3345,24.3484,0.1191,-4.0764,-0.0432,7.6673,3,7,14,27,57,241,0.018,1.0112,-6.2238,1.0185,1.386,1.135,0.2136,1.135,0.0308,1.135,0.0012,1.2467,0.4371,0.1943,0.0377,82.6468
2026-02-05,17:00:00,36.708,0.005,1,-6.7952,0,1.2146,0,0.3837,0,0.027,0,2e-4,0,0,0,0,17.4972,425.2235,426.5325,0.1,1,126.2783,3.0689,3.0783,0.1,1,0.1012,2.2364,2.2433,0.4,0,273.6739,274.2432,94765.8991,1.2025,1006.8182,0.0241,0.0017,0.0023,290.9023,659.5543,0.0019,44.1059,368.652,263.3481,1.0859,2.7114,309.5159,0.0646,0.2385,3.3258,0.872,-5.5947,-0.0869,56.2958,25,55,120,241,576,3087,0.0049,1.0235,-6.4442,1.0474,0.8889,1.3664,0.2808,1.3664,0.0198,1.3664,0.0016,1.6535,0.1445,0.3122,0.0202,82.3773
2026-02-05,17:30:00,36.729,0.0021,1,-5.6021,1,0.191,2,0.4591,2,0.0042,2,0.0018,1,0,0,0,17.721800000000002,428.6876,430.1478,0.1,1,140.3301,3.3946,3.4061,0.1,1,0.1017,2.2344,2.242,0,1,272.3904,272.9252,94772.8158,1.2082,1006.9759,0.0239,3e-4,0.0026,321.7987,599.5375,0.0021,53.6745,277.7388,264.6342,0.7766,1.334,314.6901,0.0422,0.041,1.122,2.5847,-29.3255,-0.1092,72.6738,32,69,144,278,628,2945,0.002,1.0502,-5.0913,1.1002,0.1092,1.7497,0.2624,1.7497,0.0024,1.7497,0.0017,2.3752,0.0405,0.038,0.0035,81.8928
2026-02-05,18:00:00,36.749,0.0059,1,-0.0247,2,0.682,1,0.1294,2,0.0151,1,-0.0025,2,0,0,0,17.9177,431.5451,433.1079,0.3,0,149.8195,3.6084,3.6215,0,0,0.1024,2.2392,2.2473,0,1,271.4521,271.8497,94780.9623,1.213,1007.0775,0.0238,0.001,0.0027,342.0982,554.1996,0.0022,61.7283,212.1014,265.4206,1.0454,2.0645,308.0905,0.0697,0.0807,1151.0096,0.0025,-0.0362,-3e-4,38.9674,17,34,65,114,222,758,0.0058,1.0126,0.0107,1.0149,0.628,1.086,0.1191,1.086,0.0139,1.086,-0.0025,1.1483,0.1154,0.0395,0.0064,80.8214
2026-02-05,18:30:00,36.77,0.0136,1,-9.3363,1,-0.4358,2,1.1091,1,-0.0097,2,0.0013,1,0,0,0,18.016,432.5363,434.1075,-0.1,0,150.7495,3.6193,3.6324,0.1,1,0.1029,2.2417,2.2498,-0.3,0,270.7758,271.1551,94778.195,1.2161,1007.0746,0.0238,-6e-4,0.0027,343.1196,526.5643,0.0023,65.162,183.4447,265.4591,1.2313,2.2048,315.6094,0.1058,0.1245,10.6261,0.2729,21.4209,-0.0721,26.3292,12,25,54,106,246,1224,0.0134,1.0125,-9.1426,1.0246,-0.3647,1.1952,0.928,1.1952,-0.0081,1.1952,0.0038,1.3452,0.0926,0.1401,0.0163,79.5514
2026-02-05,19:00:00,36.791,0.0092,0,0.7449,1,-3.4679,1,-3.4964,1,-0.0768,1,0.0016,1,0,0,0,18.1021,432.6586,434.2228,0.3,0,150.7223,3.6024,3.6154,0.8,0,0.1031,2.2428,2.2509,-0.1,0,270.3399,270.7125,94775.9436,1.218,1007.06,0.0237,-0.005,0.0027,341.5136,509.5958,0.0022,67.0166,168.0823,265.3986,1.3109,2.4092,311.7398,0.0868,0.1395,-73.6542,-0.0394,-0.2148,0.007,42.0913,18,35,63,104,187,536,0.0091,1.0109,0.5585,1.014,-3.1907,1.0869,-3.217,1.0869,-0.0707,1.0869,0.0015,1.1479,0.1359,0.1307,0.0124,78.7088
2026-02-05,19:30:00,36.812,0.011,0,-4.6746,0,0.722,0,1.941,0,0.016,0,-6e-4,0,-0,-0,-0,18.0764,424.6836,426.1752,0.1,1,148.9684,3.4998,3.5121000000000002,0.1,1,0.1031,2.2423,2.2502,-0.1,0,270.349,270.7115,94761.0331,1.2179,1007.0044,0.0238,0.001,0.0027,331.738,509.5594,0.0022,65.1029,177.8214,265.0246,1.3278,2.4973,311.1613,0.0949,0.1804,15.3091,0.1894,-6.4745,-0.0402,33.3586,15,32,68,132,302,1472,0.0108,1.0107,-4.5495,1.0209,0.6186,1.1672,1.6629,1.1672,0.0137,1.1672,9e-4,1.2943,0.154,0.1925,0.0143,78.3135
2026-02-05,20:00:00,36.833,0.0098,0,-3.7729,1,2.8953,2,5.7509,1,0.0641,2,-0.0018,0,-0,-0,-0,18.0813,427.459,428.9694,0.1,1,148.9375,3.521,3.5335,0.1,1,0.1032,2.2441,2.252,0,1,270.2667,270.6452,94743.9948,1.218,1007.015,0.0237,0.0042,0.0027,333.6855,507.0591,0.0022,65.808,173.3736,265.0999,1.1818,2.1316,313.824,0.0897,0.1086,16.0533,0.1806,-1.3031,-0.0343,30.5193,13,29,61,119,272,1309,0.0097,1.0106,-3.5638,1.0203,2.4961,1.1599,4.958,1.1599,0.0553,1.1599,-6e-4,1.2842,0.1107,0.0938,0.0128,78.364
2026-02-05,20:30:00,36.854,0.0472,1,10.7753,1,4.9143,1,3.0375,1,0.1089,1,0.001,1,0,0,0,18.0177,426.702,428.1763,0.1,1,145.3871,3.4431,3.455,0.1,1,0.1032,2.2474,2.2552,0,1,270.6998,271.0741,94731.802,1.2159,1006.9781,0.0238,0.0071,0.0026,326.26,523.4206,0.0021,62.3323,197.1606,264.8108,0.9289,2.712,325.8702,0.1971,0.4172,-59.5408,-0.0487,2.1926,0.0447,7.5958,3,6,12,19,35,101,0.0466,1.0137,10.8737,1.0155,4.5251,1.086,2.7969,1.086,0.1002,1.086,-0.0031,1.1488,0.3534,0.4552,0.0258,78.7075
2026-02-05,21:00:00,36.874,0.03,1,2.4229,1,0.204,2,1.3806,1,0.0045,2,-0.0017,1,0,0,0,18.1135,434.8156,436.3548,0.1,0,146.9446,3.5274,3.5399,0.1,1,0.1034,2.2484,2.2564,0.9,0,270.2967,270.6878,94716.5,1.2174,1007.019,0.0238,3e-4,0.0027,334.1942,508.6634,0.0022,65.7005,174.4692,265.1195,0.9862,2.595,317.9567,0.1569,0.2844,-133.6357,-0.0217,11.8749,0.0126,12.0022,5,10,19,32,59,182,0.0296,1.0131,2.3997,1.0152,0.1879,1.086,1.2713,1.086,0.0042,1.086,-0.0024,1.1485,0.2774,0.2746,0.0169,78.6875
2026-02-05,21:30:00,36.895,0.016,1,-12.7133,1,-7.3559,2,-1.4205,2,-0.1629,2,-5e-4,1,0,0,0,18.1103,432.8399,434.3208,0.1,1,142.6555,3.4095,3.4212,0.1,1,0.1036,2.2528,2.2606,-0.1,0,270.4661,270.8509,94707.5443,1.2166,1006.9571,0.0238,-0.0106,0.0026,322.9911,514.8503,0.0021,62.7349,191.8592,264.6816,1.1623000000000001,4.0197,335.2533,0.1146,0.4579,9.9219,0.2923,1.7283,-0.0905,21.3846,9,20,44,85,196,965,0.0158,1.013,-12.747,1.0257,-6.1154,1.2028,-1.181,1.2028,-0.1354,1.2028,0.0037,1.3602,0.2687,0.6075,0.0397,78.7434
2026-02-05,22:00:00,36.916,0.0254,1,-12.5591,1,-13.6298,1,-2.2293,2,-0.3023,1,-0.069,2,0,0,0,17.8754,430.3073,431.54880000000003,0.1,1,119.5023,2.8767,2.885,0.1,1,0.1053,2.3058,2.3124,-0.3,0,271.8255,272.207,94704.9379,1.2108,1006.6864,0.0239,-0.0196,0.0022,272.5137,568.9118,0.0018,47.9009,296.3981,262.5237,1.9417,4.7428,6.8509,0.1447,0.6941,20.223,0.1434,0.9214,-0.0712,30.9665,14,29,61,118,265,1232,0.0251,1.0099,-12.9775,1.02,-11.7043,1.1645,-1.9144,1.1645,-0.2596,1.1645,-0.0541,1.2776,0.4504,0.8197,0.1181,80.435
2026-02-05,22:30:00,36.937,0.0196,2,-9.0106,1,2.6551,1,1.7178,1,0.0588,1,-0.0026,2,0,0,0,17.8918,430.6318,431.9367,0.1,0,125.5166,3.021,3.0302,0.1,1,0.1074,2.3447,2.3518,0.3,0,271.1826,271.5375,94698.9074,1.2136,1006.7556,0.0238,0.0038,0.0023,286.1634,541.6244,0.0019,52.8343,255.461,263.1402,1.7732,5.4582,23.039,0.1271,0.8092,19.108,0.1518,-3.3937,-0.058,32.7487,14,31,65,126,284,1338,0.0194,1.0098,-8.7182,1.0196,2.2874,1.1607,1.4799,1.1607,0.0507,1.1607,5e-4,1.2745,0.6626,0.8253,0.1304,80.2586
2026-02-05,23:00:00,36.958,0.0571,0,-22.3952,0,-2.7359,1,0.3789,2,-0.0606,1,-0.0134,2,0,0,0,17.862,429.4457,430.7085,0.2,0,121.9432,2.9318,2.9404,0.1,1,0.1073,2.3371,2.344,0,1,270.7924,271.1798,94688.1791,1.2151,1006.7029,0.0238,-0.0039,0.0022,277.6815,527.5243,0.0018,52.6386,249.8428,262.7603,1.9593,5.8425,354.6338,0.2167,1.0629,38.0583,0.0762,8.1856,-0.0845,48.7078,-7.3916,16.7198,41.6347,63.4956,89.0534,133.4183,0.0566,1.0083,-22.1904,1.0163,-2.4123,1.1342,0.3341,1.1342,-0.0534,1.1342,-0.0044,1.2269,0.6362,1.3391,0.1505,80.1384
2026-02-05,23:30:00,36.979,0.0248,1,-25.7127,1,3.2784,1,2.2963,1,0.0726,1,-0.0051,1,-0,-0,-0,17.9041,429.8538,431.0914,0.1,0,119.5709,2.8707,2.879,0.1,1,0.1071,2.3301,2.3368,-0.1,0,270.4398,270.837,94685.0702,1.2166,1006.6657,0.0238,0.0047,0.0022,271.8897,514.3189,0.0018,52.864,242.4292,262.4949,1.072,4.2839,341.1716,0.1427,0.7287,9.4705,0.30620000000000003,-7.8431,-0.1471,13.0433,6,12,26,50,113,536,0.0245,1.0132,-24.935,1.0259,2.7263,1.2025,1.9096,1.2025,0.0604,1.2025,0.0033,1.3617,0.673,0.6877,0.0965,80.1043
2026-02-06,00:00:00,37,0.0703,1,-21.5188,0,2.123,1,1.1694,1,0.047,1,0.0015,1,0,0,0,17.9012,429.2985,430.5437,0.1,0,120.6035,2.8923,2.9006,0.1,1,0.1083,2.3512,2.358,0.5,0,270.0773,270.4651,94694.8363,1.2184,1006.6727,0.0237,0.003,0.0022,273.9549,500.3264,0.0018,54.7552,226.3715,262.5901,2.4227,6.4756,351.5111,0.2403,1.1863,53.9955,0.0537,-10.1358,-0.073,47.6879,-7.2368,16.3697,40.7629,62.166,87.1887,130.6246,0.0698,1.0079,-21.0994,1.0158,1.8767,1.1313,1.0337,1.1313,0.0416,1.1313,0.0084,1.2152,0.9521,1.2253,0.1951,79.9112
2026-02-06,00:30:00,37.02,0.0308,1,-15.1893,1,0.374,1,0.5466,1,0.0083,1,-0.0024,1,-0,-0,-0,17.9392,429.6131,430.8499,0.1,0,119.8644,2.8705,2.8788,0.1,1,0.1084,2.3494,2.3562,-0.2,0,269.7098,270.0932,94692.2791,1.2201,1006.6565,0.0237,5e-4,0.0022,271.8915,486.6736,0.0018,55.8673,214.7821,262.495,1.8617,5.5051,352.9228,0.159,0.8918,22.149,0.1309,-40.6113,-0.0778,25.5355,11,24,50,95,212,961,0.0305,1.0095,-14.9037,1.0189,0.3238,1.1549,0.4733,1.1549,0.0072,1.1549,0.0028,1.2631,0.722,0.9193,0.1424,81.4628
2026-02-06,01:00:00,37.041,0.0314,1,-9.6986,0,0.5327,1,0.2235,1,0.0118,1,-0.0023,1,0,0,0,18,430.3349,431.573,0.1,1,119.993,2.8687,2.877,0.1,1,0.1082,2.3411,2.3479,0,1,269.2785,269.66,94675.7063,1.2218,1006.6504,0.0237,8e-4,0.0022,271.6714,471.1854,0.0018,57.657,199.5141,262.4848,0.9803,3.5784,345.0259,0.1602,0.394,35.4969,0.0817,-18.2069,-0.0492,9.6499,4,9,18,33,69,283,0.0311,1.0094,-9.5267,1.0162,0.474,1.1237,0.1989,1.1237,0.0105,1.1237,0.0012,1.2229,0.4493,0.277,0.0617,81.6415
2026-02-06,01:30:00,37.062,0.0309,1,-28.6338,1,-0.7482,1,2.1497,1,-0.0166,1,-0.0044,1,-0,-0,-0,18.0288,430.7815,432.0188,0.2,0,119.8665,2.8641,2.8723,0.1,1,0.1082,2.3377,2.3445,-0.1,0,269.0983,269.494,94661.8336,1.2224,1006.646,0.0237,-0.0011,0.0022,271.1939,465.3694,0.0018,58.275,194.1754,262.4626,1.5561,5.1163,348.3257,0.1589,0.9083,11.7339,0.2471,38.269,-0.1464,20.0233,9,19,40,79,179,867,0.0305,1.0119,-28.0274,1.0238,-0.6273,1.1927,1.8023,1.1927,-0.0139,1.1927,0.0051,1.3335,0.4843,1.1981,0.1342,80.7996
2026-02-06,02:00:00,37.083,0.0537,1,-22.0001,1,1.7348,1,1.0101,1,0.0384,1,8e-4,1,-0,-0,-0,17.9924,429.9275,431.1429,0.2,0,117.9739,2.819,2.8269,0.5,0,0.1081,2.3361,2.3427,-0.1,0,269.0684,269.459,94647.8425,1.2224,1006.6212,0.0237,0.0025,0.0021,266.8815,464.1482,0.0018,57.4992,197.2667,262.2613,2.1692,6.0329,346.9511,0.2095,1.1388,35.0181,0.0828,-12.6819,-0.0853,45.0666,-6.839,15.4699,38.5222,58.7489,82.3961,123.4444,0.0532,1.0085,-21.5692,1.0169,1.5215,1.1401,0.8859,1.1401,0.0337,1.1401,0.0079,1.2334,0.8943,1.2125,0.1709,80.1555
2026-02-06,02:30:00,37.104,0.0596,1,-14.275,1,0.1549,1,0.2864,1,0.0034,1,-0.0033,2,-0,-0,-0,17.9617,429.2837,430.4848,0.2,0,116.7373,2.79,2.7978,0.1,1,0.1077,2.3261,2.3326,-0.1,0,268.9969,269.3766,94639.31,1.2227,1006.6047,0.0237,2e-4,0.0021,264.1161,461.2918,0.0017,57.2558,197.1757,262.1306,3.0104,6.5152,354.8332,0.2208,1.3264,63.1067,0.046,-92.1419,-0.0525,40.8342,-6.1967,14.0171,34.9045,53.2315,74.658,111.8512,0.0591,1.008,-14.0477,1.0165,0.1362,1.1375,0.2518,1.1375,0.003,1.1375,0.0018,1.2169,0.7863,1.6238,0.2427,80.0377
2026-02-06,03:00:00,37.124,0.018,2,-12.1269,2,-0.4282,2,0.3365,2,-0.0095,2,-0.0042,2,0,0,0,17.966,429.1746,430.3843,0,0,117.6645,2.8108,2.8187,0,0,0.1076,2.3213,2.3279,0,1,268.7439,269.1258,94591.7997,1.2232,1006.613,0.0237,-6e-4,0.0021,265.9483,452.6911,0.0018,58.7483,186.7428,262.2173,2.5704,6.2556,352.7819,0.1214,1.0514,12.3432,0.2349,28.3235,-0.0811,59.8199,26,58,126,250,592,3092,0.0178,1.0124,-11.8523,1.0258,-0.353,1.213,0.2774,1.213,-0.0078,1.213,3e-4,1.3434,0.6029,1.3027,0.1973,78.713
2026-02-06,03:30:00,37.145,0.0231,2,-18.9932,2,-0.6291,2,0.5927,2,-0.0139,2,-7e-4,2,0,0,0,17.9083,427.7942,428.9723,0.1,0,114.9705,2.7464,2.754,0.1,1,0.1072,2.3141,2.3205,-0.1,0,268.7596,269.1422,94572.0901,1.2229,1006.5784,0.0237,-9e-4,0.0021,259.8046,453.2503,0.0017,57.3203,193.4457,261.9244,2.4764,8.3211,353.9497,0.1376,1.33,11.4759,0.2527,30.1914,-0.1122,48.7208,21,47,102,203,479,2491,0.0229,1.0127,-18.5502,1.0263,-0.5167,1.2176,0.4868,1.2176,-0.0114,1.2176,0.0051,1.3528,0.7716,1.6959,0.1925,79.7511
2026-02-06,04:00:00,37.166,0.0374,1,-26.3467,1,0.2715,1,0.9282,1,0.006,1,0.0052,1,-0,-0,-0,17.854,426.8046,427.9388,0.1,1,110.8712,2.6504,2.6575,0.1,1,0.1067,2.3027,2.3089,-0.1,0,268.8188,269.227,94554.3666,1.2223,1006.5276,0.0237,4e-4,0.002,250.6751,456.1452,0.0017,54.9551,205.4701,261.4776,2.3489,7.0682,336.8004,0.175,1.1422,17.029,0.1703,-97.0512,-0.1224,31.2287,14,30,63,121,276,1319,0.037,1.0106,-25.7925,1.0218,0.2299,1.1809,0.786,1.1809,0.0051,1.1809,0.0125,1.2965,0.6497,1.4894,0.1453,79.9215
2026-02-06,04:30:00,37.187,0.0123,1,-14.4897,1,1.7532,1,1.9382,1,0.0388,1,0.0053,1,-0,-0,-0,17.8799,427.7873,428.9329,0.2,0,111.6231,2.6706,2.6778,0.1,1,0.1065,2.2971,2.3033,-0.1,0,268.6271,269.0522,94520.5244,1.2227,1006.5365,0.0237,0.0025,0.002,252.4984,450.1934,0.0017,56.0867,197.695,261.568,1.9795,5.0186,341.2271,0.1002,0.3033,5.8041,0.4996,-8.2645,-0.1175,63.6874,28,63,139,282,687,3839,0.0121,1.0174,-13.9289,1.0356,1.3593,1.2898,1.5027,1.2898,0.0301,1.2898,0.0078,1.4852,0.1638,0.3921,0.0507,79.8951
2026-02-06,05:00:00,37.208,0.0551,1,-24.6442,1,2.2485,1,4.2204,1,0.0497,1,0.0069,1,-0,-0,-0,17.9333,428.6333,429.8117,0.2,0,114.7058,2.7416,2.7492,0.1,1,0.1063,2.2904,2.2967,-0.1,0,268.4803,268.8901,94484.6706,1.2229,1006.573,0.0237,0.0032,0.0021,259.1127,444.7399,0.0017,58.2616,185.6272,261.8911,1.7108,6.2915,345.0112,0.2123,0.9121,32.4815,0.0893,-10.9605,-0.0943,58.4363,-8.8679,20.0593,49.9504,76.1776,106.8401,160.066,0.0547,1.0086,-24.1537,1.0166,1.9803,1.1354,3.717,1.1354,0.0438,1.1354,0.014,1.2329,0.5013,1.2313,0.0917,79.4654
2026-02-06,05:30:00,37.229,0.0231,2,-8.8032,2,2.7008,2,0.4843,2,0.0597,2,0.0072,2,-0,-0,-0,17.7685,426.0279,427.1577,0,0,110.3164,2.645,2.652,0.1,1,0.105,2.269,2.275,-0.4,0,269.0983,269.498,94446.5981,1.2197,1006.5278,0.0237,0.0039,0.002,249.8794,465.5077,0.0016,53.6789,215.6283,261.438,2.2116,7.3827,2.8855,0.1377,1.2844,24.8199,0.1168,-3.2595,-0.0521,39.2247,17,37,77,147,326,1486,0.0229,1.0092,-8.5198,1.0187,2.3384,1.155,0.4193,1.155,0.0517,1.155,0.0089,1.257,0.8581,1.4991,0.2118,79.6428
2026-02-06,06:00:00,37.249,0.0498,1,-6.6997,1,0.2405,2,0.1901,1,0.0053,2,-0.0121,1,0,0,0,17.7617,426.3357,427.4476,0.1,0,108.3706,2.6012,2.608,0.1,1,0.1041,2.2517,2.2575,-0.7,0,269.1596,269.5644,94432.233,1.2192,1006.505,0.0237,3e-4,0.002,245.7065,467.8276,0.0016,52.5207,222.1212,261.2283,2.3822,7.4208,16.2208,0.202,1.6913,102.8827,0.0282,-27.8529,-0.027,37.4024,-5.676,12.839,31.971,48.7579,68.3836,102.4511,0.0494,1.0073,-6.5987,1.0143,0.215,1.1187,0.17,1.1187,0.0048,1.1187,-0.009,1.1954,1.1327,1.9967,0.2532,79.818
2026-02-06,06:30:00,37.27,0.0278,2,-11.4672,2,5.5132,2,0.6121,2,0.122,2,0.0133,2,-0,-0,-0,17.7527,426.1661,427.2339,0.1,0,104.1086,2.4992,2.5055,0.1,1,0.1033,2.2341,2.2397,-0.8,0,269.2568,269.6681,94416.8295,1.2186,1006.4512,0.0237,0.0079,0.0019,236.0293,471.4713,0.0016,50.0623,235.442,260.7295,2.5768,7.7107,23.9509,0.151,1.4257,25.0864,0.1156,-2.08,-0.0619,42.4786,19,40,83,159,354,1616,0.0275,1.0094,-10.9961,1.0194,4.7479,1.1612,0.5271,1.1612,0.105,1.1612,0.0148,1.2607,1.1448,1.4584,0.2483,79.67
2026-02-06,07:00:00,37.291,0.0809,1,-12.8122,1,6.7416,1,1.7487,1,0.1492,1,-0.0012,2,0,0,0,17.7256,425.9548,427.0031,0.1,0,102.1598,2.4549,2.461,0.1,1,0.1023,2.2151,2.2205,-0.2,0,269.3672,269.7913,94376.1437,1.2176,1006.4288,0.0238,0.0097,0.0019,231.7505,475.8313,0.0015,48.7043,244.0809,260.5032,2.6055,7.1254,32.6015,0.2578,1.2498,111.8062,0.0259,-1.9005,-0.0406,45.9306,-6.9701,15.7665,39.2608,59.8751,83.9757,125.811,0.0804,1.0072,-12.3067,1.0145,6.0163,1.1205,1.5606,1.1205,0.1331,1.1205,0.0026,1.1956,1.1169,1.136,0.2468,79.7603
2026-02-06,07:30:00,37.312,0.0836,1,-6.8336,1,9.0358,1,1.2359,1,0.2,1,-0.008,2,-0,-0,-0,17.7033,425.9529,427.0178,0.1,0,103.6442,2.4937,2.5,0.1,1,0.1013,2.1936,2.199,0.8,0,269.5281,269.9574,94343.4985,1.2164,1006.4517,0.0238,0.013,0.0019,235.3314,481.7688,0.0016,48.8474,246.4374,260.6929,1.9391,6.9723,36.1042,0.2621,1.4668,220.1325,0.0132,-0.7563,-0.0213,46.2012,-7.0112,15.8594,39.4921,60.2279,84.4705,126.5521,0.083,1.007,-6.3004,1.0129,8.1749,1.1053,1.1182,1.1053,0.1809,1.1053,-0.0058,1.1791,1.0643,1.6181,0.2513,79.877
2026-02-06,08:00:00,37.333,0.0291,2,-9.3377,1,4.8853,1,1.2494,1,0.1081,1,0.0045,1,-0,-0,-0,17.7178,426.5645,427.6763,-0.1,0,107.9713,2.5995,2.6062,0.1,1,0.1009,2.1869,2.1926,0.7,0,269.525,269.9726,94316.3903,1.2159,1006.5088,0.0238,0.007,0.002,245.237,482.3157,0.0016,50.8457,237.0787,261.2045,2.2309,7.1999,34.6304,0.1547,1.1583,33.1045,0.0876,-1.9114,-0.0493,33.9596,15,31,65,121,264,1140,0.0288,1.0085,-8.9513,1.0172,4.2761,1.1425,1.0936,1.1425,0.0946,1.1425,0.0066,1.2362,1.1022,1.0099,0.2046,79.8371
2026-02-06,08:30:00,37.354,0.0546,1,-3.4395,1,5.2702,1,0.5063,1,0.1166,1,-0.0031,1,0,0,0,17.7132,426.703,427.8272,0.2,0,109.0849,2.6278,2.6347,0.1,1,0.1005,2.1786,2.1843,0,1,269.6135,270.122,94312.5082,1.2152,1006.5259,0.0238,0.0076,0.002,247.9018,487.7182,0.0016,50.8289,239.8163,261.339,2.4263,7.1156,28.5823,0.2119,1.4918,231.0512,0.0126,-0.6526,-0.0133,40.5107,-6.1477,13.906,34.6279,52.8098,74.0665,110.9651,0.0542,1.0069,-3.1347,1.0134,4.7426,1.1112,0.4556,1.1112,0.105,1.1112,-0.0021,1.1829,1.1927,1.5628,0.2281,79.8442
2026-02-06,09:00:00,37.374,0.0484,1,-3.7596,1,5.3331,1,0.6229,1,0.1181,1,-1e-4,1,-0,-0,-0,17.6894,426.8048,427.9441,0.1,0,110.3332,2.6621,2.6692,0.1,1,0.1,2.1713,2.1771,0,1,269.8167,270.349,94284.4027,1.2138,1006.5471,0.0238,0.0077,0.002,251.0604,496.0289,0.0017,50.6141,244.9685,261.4968,2.5629,7.6123,28.0384,0.1997,1.6292,176.9439,0.0164,-0.705,-0.0154,30.8176,13,27,53,94,188,678,0.0481,1.007,-3.4468,1.0139,4.7833,1.1149,0.5587,1.1149,0.1059,1.1149,8e-4,1.1872,1.1375,1.8564,0.2645,79.9111
2026-02-06,09:30:00,37.395,0.0218,2,-6.7147,2,5.5168,2,1.1003,2,0.1222,2,0.0089,2,0,0,0,17.5951,425.3254,426.4374,0,0,107.8793,2.6078,2.6146,0.1,1,0.0991,2.1564,2.162,0,1,270.2056,270.8199,94251.2044,1.2113,1006.5236,0.0239,0.0079,0.002,245.8505,513.6708,0.0016,47.8615,267.8203,261.2356,1.9569,6.9019,23.5866,0.1342,1.4854,30.0447,0.0965,-1.2171,-0.041,34.4477,15,32,66,125,273,1200,0.0216,1.0086,-6.3392,1.0171,4.8355,1.1409,0.9644,1.1409,0.1071,1.1409,0.0096,1.2381,1.1438,1.582,0.2449,80.1263
2026-02-06,10:00:00,37.416,0.0296,1,3.2672,0,4.9907,0,0.7204,0,0.1106,0,-9e-4,0,-0,-0,-0,17.5355,425.6263,426.7756,0.1,0,110.9477,2.6929,2.7002,0.1,1,0.0987,2.1512,2.157,-0.2,0,270.5801,271.3466,94198.2045,1.2082,1006.5761,0.0239,0.0072,0.002,253.7388,534.0586,0.0017,47.5114,280.3198,261.6291,1.0891,3.8603,25.1505,0.1565,0.4309,-97.8798,-0.0296,0.6547,0.0172,14.1559,6,12,22,37,67,201,0.0292,1.0123,3.4778,1.0147,4.5951,1.0861,0.6633,1.0861,0.1018,1.0861,-0.0023,1.1481,0.4766,0.3156,0.0696,80.4347
2026-02-06,10:30:00,37.437,0.0175,2,4.6573,1,3.6969,1,0.8858,1,0.0819,1,-0.0036,1,-0,-0,-0,17.6358,427.5397,428.7808,0.2,0,119.397,2.8945,2.9029,0.1,1,0.0992,2.1595,2.1658,0,0,270.4248,271.0231,94232.1705,1.21,1006.6808,0.0239,0.0053,0.0022,272.8287,521.453,0.0018,52.3209,248.6243,262.5382,1.3844,4.0034,11.7769,0.1204,0.6915,-31.3021,-0.0926,1.2598,0.0318,29.0731,13,24,42,66,114,301,0.0174,1.0106,4.7867,1.0138,3.4002,1.0872,0.8147,1.0872,0.0753,1.0872,-0.0052,1.148,0.6191,0.6699,0.094,80.2829
2026-02-06,11:00:00,37.458,0.0405,1,3.1541,0,3.5856,0,1.5455,0,0.0794,0,-6e-4,0,0,0,0,17.6297,427.5383,428.879,0.2,0,128.9045,3.1261,3.1359,0.1,1,0.0991,2.1604,2.1672,0,0,270.5058,271.1718,94173.7776,1.2085,1006.8077,0.0239,0.0051,0.0024,294.4717,527.2145,0.0019,55.8543,232.7428,263.5028,1.1609,4.2877,31.3709,0.183,0.6183,-162.0468,-0.0179,0.8797,0.0142,12.1287,5,10,19,32,61,190,0.04,1.0118,3.2956,1.0144,3.3009,1.0863,1.4227,1.0863,0.0731,1.0863,-0.0019,1.148,0.5682,0.5645,0.1038,80.0886
2026-02-06,11:30:00,37.479,0.0079,2,6.8071,2,7.073,2,0.843,2,0.1568,2,-4e-4,2,0,0,0,17.5807,427.2884,428.6854,0.1,0,134.0852,3.2589,3.2695,0.1,1,0.0987,2.1547,2.1617,-0.1,0,270.8853,271.5807,94143.8037,1.2062,1006.8847,0.024,0.0102,0.0024,306.8837,543.3496,0.002,56.48,236.4659,264.0278,1.0384,3.4756,20.2816,0.0809,0.5187,-6.4973,-0.4463,0.9624,0.0693,26.4176,12,21,35,53,85,195,0.0078,1.0127,7.0762,1.0149,6.5128,1.086,0.7763,1.086,0.1443,1.086,-0.0031,1.1483,0.5883,0.3582,0.0909,80.0928
2026-02-06,12:00:00,37.499,0.0624,0,1.3221,2,0.882,2,0.5102,1,0.0196,2,-0.0031,1,0,0,0,17.5854,427.8348,429.287,0.2,0,139.0454,3.3828,3.3943,0.1,1,0.0987,2.1567,2.1641,-0.3,0,271.1623,271.8393,94123.6324,1.2047,1006.9551,0.024,0.0013,0.0025,318.4906,553.7801,0.0021,57.5121,235.2895,264.5019,0.6853,3.8365,45.9807,0.2275,0.8468,-742.8954,-0.0039,1.499,0.0048,68.7279,-10.4297,23.5921,58.7476,89.5938,125.6566,188.2565,0.0613,1.0171,1.3458,1.0176,0.8113,1.0872,0.4693,1.0872,0.018,1.0872,-0.0034,1.1513,0.6447,0.9787,0.0701,79.9333
2026-02-06,12:30:00,37.52,0.0759,0,3.7217,0,2.3568,0,-0.0016,2,0.0523,0,-0.001,0,-0,-0,-0,17.5714,428.0846,429.5984,0.1,1,144.6324,3.5236,3.5361,0.1,1,0.0986,2.1577,2.1654,-0.2,0,271.4961,272.1125,94068.3866,1.2027,1007.0348,0.024,0.0034,0.0026,331.5505,564.9881,0.0022,58.6828,233.4375,265.0174,1.1489,3.8438,83.9004,0.2512,0.5465,-355.065,-0.0082,1.5791,0.0122,64.9888,-9.8623,22.3086,55.5514,84.7195,118.8203,178.0144,0.075,1.0119,3.7938,1.0145,2.1697,1.0862,-0.0014,1.0862,0.0481,1.0862,-0.0023,1.148,0.4469,0.5479,0.0983,79.7475
2026-02-06,13:00:00,37.541,0.1102,0,3.359,0,2.5315,0,0.9586,1,0.0562,0,-0.017,1,-0,-0,-0,17.5333,428.3386,429.9451,0.3,0,152.947,3.7365,3.7505,0.1,1,0.0998,2.1906,2.1988,0.9,0,271.8096,272.5859,93979.842,1.1994,1007.1564,0.0241,0.0036,0.0028,351.2497,584.8913,0.0023,60.0538,233.6416,265.7617,0.9629,4.9508,109.0948,0.3031,0.6421,-690.9346,-0.0042,1.3269,0.0092,74.8367,-11.3568,25.689,63.9693,97.5572,136.8254,204.9893,0.1087,1.0134,3.4425,1.0153,2.3311,1.086,0.8827,1.086,0.0517,1.086,-0.0175,1.1486,0.5661,0.6174,0.1006,54.8711
2026-02-06,13:30:00,37.562,0.0927,0,4.5897,0,0.755,1,-0.1957,1,0.0167,1,NA,3,0,0,NA,17.4665,426.9933,428.8465,0.2,0,176.7617,4.3212,4.3399,0.1,1,NA,NA,NA,NA,0,271.8068,271.4346,95140.496,1.2191,1007.4562,0.0238,0.0011,0.0033,410.6652,537.5136,0.0027,76.4009,126.8484,267.8011,1.066,7.1696,94.001,0.2758,0.7198,-384.3512,-0.0075,6.0788,0.0135,68.4172,-10.3826,23.4854,58.482,89.1888,125.0885,187.4054,0.0916,1.0125,4.5678,1.0148,0.6952,1.0861,-0.1802,1.0861,0.0154,1.0861,NA,1,0.6888,0.6466,0.1043,30.4557
2026-02-06,14:00:00,37.583,0.106,0,13.0023,0,5.8278,0,0.1973,2,0.1292,0,NA,3,-0,-0,NA,17.4449,422.5275,424.6245,0.1,1,203.8872,4.9383,4.9628,0.1,1,NA,NA,NA,NA,0,271.9124,271.4869,95140.496,1.2186,1007.7923,0.0238,0.0084,0.0037,469.2217,539.5815,0.0031,86.9603,70.3597,269.5689,1.3806,6.3443,79.179,0.2949,1.2772,-165.8248,-0.0175,2.2311,0.0359,51.7626,-7.8552,17.7684,44.2459,67.4777,94.6385,141.7857,0.1049,1.0106,13.1448,1.0138,5.3603,1.0872,0.1814,1.0872,0.1188,1.0872,NA,1,0.9819,1.333,0.2394,0.5612
2026-02-06,14:30:00,37.604,0.0614,0,15.4411,0,-1.6505,1,-0.2178,2,-0.0366,1,NA,3,0,0,NA,17.3989,420.3034,422.4741,0.1,1,212.6976,5.1381,5.1647,0.1,1,NA,NA,NA,NA,0,272.3558,271.9124,95206.6532,1.2175,1007.9064,0.0238,-0.0024,0.0039,488.5171,556.7271,0.0032,87.748,68.21,270.1086,0.9766,4.3364,150.2808,0.2246,0.509,-61.7105,-0.047,-9.3552,0.056,62.784,-9.5277,21.5517,53.6668,81.8453,114.7892,171.9751,0.0606,1.0132,15.1491,1.0152,-1.5198,1.086,-0.2006,1.086,-0.0337,1.086,NA,1,0.4016,0.5308,0.0857,18.1563
2026-02-06,15:00:00,37.624,0.0649,1,12.2088,1,-0.3989,1,0.0122,1,-0.0088,1,NA,3,0,0,NA,17.4312,420.3331,422.5004,0.1,1,212.7282,5.1297,5.1561,0.1,1,NA,NA,NA,NA,0,271.9435,271.5015,95206.6532,1.2193,1007.8967,0.0237,-6e-4,0.0039,487.7172,540.1611,0.0032,90.291,52.444,270.0866,1.2346,3.4288,164.0982,0.2308,0.2192,-84.6895,-0.0342,-30.6073,0.043,86.4294,-13.116,29.6684,73.8786,112.6695,158.0206,236.7436,0.0642,1.0113,12.0372,1.0142,-0.3671,1.0865,0.0112,1.0865,-0.0081,1.0865,NA,1,0.3232,0.0744,0.0407,12.8066
2026-02-06,15:30:00,37.645,0.0908,1,13.4056,1,-2.2434,1,-0.0683,2,-0.0497,1,NA,3,-0,-0,NA,17.3938,419.4953,421.6765,0.1,1,214.4771,5.1726,5.1995,-0.3,0,NA,NA,NA,NA,0,272.2192,271.7731,95211.2975,1.2181,1007.9235,0.0238,-0.0032,0.0039,491.8174,551.0599,0.0032,89.2494,59.2424,270.199,1.0698,3.1632,173.0816,0.273,0.2465,-127.6692,-0.0227,-5.9755,0.04,81.9133,-12.4307,28.1182,70.0182,106.7822,149.7636,224.3731,0.0897,1.0124,13.1164,1.0148,-2.0656,1.0861,-0.0629,1.0861,-0.0458,1.0861,NA,1,0.3303,0.0976,0.0651,4.5765
2026-02-06,16:00:00,37.666,0.062,1,8.5706,1,0.6303,1,0.1447,1,0.014,1,NA,3,-0,-0,NA,17.3806,419.4718,421.6736,0.1,1,216.3494,5.2215,5.2489,0.1,1,NA,NA,NA,NA,0,272.4614,272.0107,95141.6562,1.2161,1007.9531,0.0238,9e-4,0.004,496.0903,560.7553,0.0032,88.4682,64.665,270.3153,0.7748,2.891,172.5546,0.2258,0.198,-113.0239,-0.0257,13.5977,0.031,83.4265,-12.6603,28.6376,71.3117,108.7548,152.5302,228.5181,0.0611,1.0156,8.4765,1.0167,0.5801,1.0865,0.1331,1.0865,0.0129,1.0865,NA,1,0.2362,0.1171,0.0426,0.73740000000000006
2026-02-06,16:30:00,37.687,0.0533,1,6.5724,2,1.7833,2,0.1497,2,0.0396,2,NA,3,0,0,NA,17.388,419.7284,421.9824,0,0,221.2774,5.3414,5.3701,0.4,0,NA,NA,NA,NA,0,272.9133,272.4514,95141.6562,1.2141,1008.0241,0.0238,0.0026,0.004,507.4649,579.1434,0.0033,87.6234,71.6785,270.6205,0.736,5.2202,99.2833,0.2095,0.6826,-117.6068,-0.0247,3.6856,0.0256,75.0427,-11.388,25.7597,64.1454,97.8258,137.2021,205.5537,0.0524,1.0162,6.5654,1.0171,1.6409,1.0868,0.1377,1.0868,0.0364,1.0868,NA,1,0.2864,1.0311,0.0477,7.3168
2026-02-06,17:00:00,37.708,0.0411,1,-2.2569,0,-0.229,2,0.2023,0,-0.0051,2,-0.1212,2,-0,-0,-0,17.3916,420.246,422.5502,0.1,0,225.6701,5.453,5.4829,-0.6,0,0.1034,2.2858,2.2983,0,1,273.7004,273.9176,93785.4539,1.1904,1008.109,0.0243,-3e-4,0.004,511.5525,644.2549,0.0034,79.4022,132.7024,270.7287,1.5448,5.6914,84.4974,0.1858,0.5988,236.4942,0.0123,9.8539,-0.0101,17.0104,7,15,29,51,101,358,0.0408,1.0073,-2.2442,1.0127,-0.208,1.101,0.1837,1.101,-0.0046,1.101,-0.1124,1.1763,0.5932,0.529,0.0754,27.9576
2026-02-06,17:30:00,37.729,0.0619,1,-4.141,0,0.3804,1,0.3446,0,0.0085,1,1e-4,0,-0,-0,-0,17.3703,420.3096,422.6039,0.1,0,224.3564,5.4288,5.4584,0.8,0,0.0971,2.1489,2.1607,-0.4,0,274.1931,274.3677,93817.1026,1.1888,1008.102,0.0243,5e-4,0.004,509.4483,665.4897,0.0034,76.5524,156.0415,270.6731,1.81,5.9758,82.671,0.2282,0.8224,238.848,0.0121,-10.8868,-0.0151,57.1496,-8.6727,19.6176,48.8506,74.5003,104.4877,156.5417,0.0615,1.007,-4.0763,1.0128,0.3446,1.1037,0.3122,1.1037,0.0077,1.1037,0.0014,1.1779,1.0014,0.5315,0.1119,82.7207
2026-02-06,18:00:00,37.749,0.0466,1,-0.5764,2,-2.0842,2,0.0186,2,-0.0463,2,0.0154,1,-0,-0,-0,17.3372,419.811,422.079,0.3,0,221.9118,5.3735,5.4025,-0.6,0,0.0969,2.1487,2.1603,0.9,0,274.5044,274.671,93852.5882,1.188,1008.0761,0.0243,-0.003,0.004,504.4493,680.1506,0.0033,74.1673,175.7013,270.5402,1.3662,4.5511,85.2936,0.1981,0.6512,1123.6959,0.0026,0.2765,-0.0024,13.2031,6,11,22,38,75,256,0.0463,1.0074,-0.6782,1.0122,-1.903,1.0952,0.017,1.0952,-0.0423,1.0952,0.0147,1.1683,0.5801,0.6268,0.0954,74.9312
2026-02-06,18:30:00,37.77,0.133,1,-10.168,1,-8.7024,1,-2.0098,2,-0.1935,1,0.0027,1,-0,-0,-0,17.3192,420.2958,422.471,0.1,1,212.1662,5.1488,5.1754,0.1,1,0.0967,2.1467,2.1578,-0.3,0,274.8035,274.9961,93891.3561,1.1872,1007.9581,0.0244,-0.0125,0.0038,483.5552,696.1812,0.0032,69.4582,212.626,269.9717,0.6472,3.8696,60.8862,0.3347,0.795,307.313,0.0094,1.1684,-0.0254,93.1988,-14.1433,31.9921,79.6649,121.494,170.3971,255.2859,0.1316,1.0106,-10.4964,1.0138,-7.9514,1.0945,-1.8363,1.0945,-0.1768,1.0945,0.0063,1.1727,0.8064,0.7128,0.0709,82.0495
2026-02-06,19:00:00,37.791,0.528,1,-6.3994,1,7.1288,1,34.8387,2,0.1586,1,-0.0063,1,-0,-0,-0,17.2144,420.4891,422.503,0.1,1,195.143,4.7667,4.7895,0.1,1,0.0968,2.1529,2.1632,0,1,275.2505,275.4625,93949.8384,1.1861,1007.7567,0.0244,0.0103,0.0035,447.9492,719.757,0.003,62.2362,271.8078,268.9506,0.082,5.7161,59.9295,0.6672,0.9002,3867.332,7e-4,-0.8977,-0.008,84.0273,-12.7515,28.8439,71.8253,109.5381,153.6287,230.1638,0.5006,1.0547,-5.837,1.0337,6.3979,1.1143,31.2665,1.1143,0.1423,1.1143,-0.0042,1.1958,0.6247,0.8107,0.365,84.7894
2026-02-06,19:30:00,37.812,0.112,0,0.4066,2,0.9514,2,0.2975,1,0.0212,2,-0.0038,1,-0,-0,-0,17.1355,422.1852,424.1563,-0.1,0,188.6137,4.6471,4.6688,0.1,1,0.0968,2.1546,2.1647,0.1,0,275.2894,275.5317,93992.2942,1.1864,1007.6926,0.0244,0.0014,0.0034,436.9067,723.3171,0.0029,60.4032,286.4104,268.6193,0.3601,3.5531,76.7298,0.3073,0.4639,-5949.6614,-5e-4,0.4274,0.0011,77.7805,-11.8035,26.6995,66.4856,101.3947,142.2075,213.0527,0.109,1.0282,0.4467,1.0248,0.8691,1.0947,0.2717,1.0947,0.0193,1.0947,-0.0038,1.1613,0.601,0.2328,0.0939,84.9903
2026-02-06,20:00:00,37.833,0.0828,1,-14.5691,0,4.8166,1,0.4041,1,0.1071,1,-0.0029,0,0,0,0,17.1505,422.2107,424.1728,0.1,1,187.8936,4.6255,4.647,0.1,1,0.0972,2.1596,2.1696,-0.2,0,274.9925,275.2471,94021.8048,1.188,1007.6767,0.0243,0.0069,0.0034,435.0191,708.7839,0.0029,61.3754,273.7648,268.5619,0.6624,6.4579,15.5286,0.264,1.5374,105.2928,0.0275,-3.0248,-0.0461,49.0656,-7.4459,16.8426,41.9405,63.9619,89.7075,134.3982,0.0819,1.0105,-14.1338,1.0145,4.3737,1.1013,0.367,1.1013,0.0973,1.1013,0.0017,1.1851,1.5276,1.328,0.2193,84.8959
2026-02-06,20:30:00,37.854,0.2186,0,-7.6759,1,5.9154,1,0.2539,1,0.1315,1,0.0031,1,-0,-0,-0,17.1719,422.0293,423.9569,0,0,184.9992,4.5467,4.5674,0.1,1,0.097,2.1533,2.1632,-0.1,0,274.7451,274.9823,94067.0063,1.1897,1007.6299,0.0243,0.0085,0.0034,427.8068,695.4932,0.0028,61.5113,267.6864,268.3406,0.8617,7.1028,9.0992,0.4287,2.0296,855.8556,0.0034,-1.2976,-0.0149,70.4017,-10.6837,24.1666,60.1784,91.7758,128.7168,192.8413,0.2166,1.0091,-7.2829,1.0128,5.4163,1.0921,0.2325,1.0921,0.1204,1.0921,0.005,1.1673,1.2757,2.5491,0.2345,84.7093
2026-02-06,21:00:00,37.874,0.2256,1,-9.2384,1,8.456,0,0.6266,1,0.1879,0,0.0037,0,0,0,0,17.2181,422.443,424.3222,0,0,180.5093,4.4288,4.4485,0.1,1,0.0968,2.1436,2.1531,-0.3,0,274.3329,274.588,94103.8059,1.1919,1007.56,0.0243,0.0122,0.0033,416.8754,676.1102,0.0028,61.6579,259.2349,267.9988,1.2627,15.4129,30.576,0.435,3.2116,743.4572,0.0039,-1.0925,-0.0177,55.8545,-8.4761,19.1731,47.7436,72.812,102.1199,152.9942,0.2239,1.0077,-8.7023,1.0123,7.7247,1.0947,0.5724,1.0947,0.1717,1.0947,0.0059,1.1684,3.0925,2.8998,0.4308,84.5282
2026-02-06,21:30:00,37.895,0.2273,1,-13.2845,0,1.5571,2,0.5887,0,0.0346,2,-0.0027,0,-0,-0,-0,17.2699,422.9884,424.7728,0.1,0,171.5113,4.2008,4.2185,0.1,1,0.0967,2.1367,2.1457,-0.3,0,273.8943,274.1655,94124.8322,1.1941,1007.4301,0.0242,0.0022,0.0031,395.504,655.8772,0.0026,60.3015,260.3732,267.3069,1.0197,9.6216,49.0657,0.4363,2.9407,521.4909,0.0056,-8.5317,-0.0253,56.2269,-8.5327,19.3009,48.0619,73.2975,102.8007,154.0142,0.2254,1.0084,-13.0562,1.0126,1.4235,1.0938,0.5382,1.0938,0.0316,1.0938,0.0016,1.1691,2.6899,2.7653,0.4261,84.3833
2026-02-06,22:00:00,37.916,0.4656,0,-11.9341,1,5.0133,2,1.1326,1,0.1114,2,0.0037,1,-0,-0,-0,17.3093,423.3047,424.9933,0.2,0,162.4755,3.9734,3.9892,0.1,1,0.0967,2.1358,2.1443,-0.3,0,273.5967,273.8949,94173.677,1.1961,1007.3028,0.0242,0.0072,0.003,374.2895,643.197,0.0025,58.1921,268.9075,266.5865,0.7882,9.5781,65.8672,0.6239,2.6466,1698.8598,0.0017,-2.3805,-0.0159,74.7261,-11.34,25.6511,63.8748,97.4131,136.6232,204.6864,0.4612,1.0095,-11.5376,1.0129,4.594,1.0913,1.0379,1.0913,0.102,1.0913,0.007,1.1662,2.949,1.9161,0.4281,84.4108
2026-02-06,22:30:00,37.937,0.1975,1,-9.2667,1,8.5327,1,0.6839,0,0.1895,1,-0,0,0,0,0,17.3305,423.158,424.7228,0.1,0,150.8894,3.6843,3.6979,0.1,1,0.0969,2.1346,2.1425,-0.2,0,273.2073,273.5259,94206.0125,1.1982,1007.1409,0.0241,0.0123,0.0028,347.1731,626.2641,0.0023,55.4356,279.091,265.6107,1.3428,11.0356,25.9073,0.406,3.5883,603.0076,0.0048,-1.086,-0.0189,50.9662,-7.7343,17.4951,43.5652,66.4396,93.1825,139.6044,0.1961,1.0075,-8.727,1.0123,7.7874,1.0957,0.6242,1.0957,0.1729,1.0957,0.0024,1.1694,3.3215,3.3833,0.4718,84.1862
2026-02-06,23:00:00,37.958,0.4498,1,2.239,2,6.5573,1,-0.7582,2,0.1456,1,-0.0169,1,-0,-0,-0,17.3603,423.3463,424.8566,0.1,1,145.7753,3.5549,3.5675,0.1,1,0.0971,2.1365,2.1441,0,1,272.9642,273.2841,94222.0504,1.1995,1007.0675,0.0241,0.0094,0.0027,335.0363,615.38,0.0022,54.4438,280.3438,265.1519,1.1423,12.0032,21.4866,0.6123,5.3887,-8561.3584,-3e-4,0.3414,0.003,63.8652,-9.6918,21.9229,54.591,83.2548,116.766,174.9367,0.4445,1.0119,2.5484,1.0145,6.0368,1.0862,-0.698,1.0862,0.134,1.0862,-0.0173,1.148,5.302,4.865,0.6105,83.6946
2026-02-06,23:30:00,37.979,0.3401,0,-16.7428,0,1.6163,1,0.4488,0,0.0359,1,0.0018,1,-0,-0,-0,17.4128,423.9974,425.5074,0.2,0,145.7338,3.5486,3.5612,0.1,1,0.0975,2.1418,2.1494,-0.1,0,272.6005,272.9239,94242.5602,1.2014,1007.0592,0.0241,0.0023,0.0027,334.518,599.4792,0.0022,55.8014,264.9612,265.132,0.9398,10.0731,4.4238,0.5321,2.9943,751.2243,0.0039,-10.3587,-0.026,65.22,-9.8974,22.3879,55.7491,85.0208,119.2429,178.6476,0.3372,1.0087,-16.469,1.0127,1.4792,1.0927,0.4108,1.0927,0.0328,1.0927,0.007,1.1677,1.9518,3.5995,0.4374,83.8392
