"TOA5","8321","CR6","8321","CR6.Std.07.02","CPU:FCR_Catwalk_20240305_chlatest.CR6","4835","EXO_Chla_overlap"
"TIMESTAMP","RECORD","Chla_RFU_1","Chla_1","BGAPC_RFU_1","BGAPC_1","Chla_RFU_test","Chla_ugL_test","BGAPC_RFU_test","BGAPC_ugL_test","EXO_wtr_1"
"TS","RN","","","","","","","","",""
"","","Smp","Smp","Smp","Smp","Smp","Smp","Smp","Smp","Smp"
"2026-01-01 00:00:00",39661,4.78,19.12,1.36,1.27,"NAN","NAN","NAN","NAN",3.957
"2026-01-01 00:10:00",39662,4.35,17.39,1.2,1.12,"NAN","NAN","NAN","NAN",3.96
"2026-01-01 00:20:00",39663,4.28,17.11,1.26,1.17,"NAN","NAN","NAN","NAN",3.966
"2026-01-01 00:30:00",39664,"NAN","NAN","NAN","NAN","NAN","NAN","NAN","NAN","NAN"
"2026-01-01 00:40:00",39665,4.61,18.45,1.33,1.24,"NAN","NAN","NAN","NAN",3.96
"2026-01-01 00:50:00",39666,3.86,15.42,1.17,1.09,"NAN","NAN","NAN","NAN",3.937
"2026-01-01 01:00:00",39667,5,20.01,1.2,1.12,"NAN","NAN","NAN","NAN",3.943
"2026-01-01 01:10:00",39668,3.99,15.96,1.09,1.01,"NAN","NAN","NAN","NAN",3.945
"2026-01-01 01:20:00",39669,5.18,20.73,1.4,1.31,"NAN","NAN","NAN","NAN",3.948
"2026-01-01 01:30:00",39670,4.63,18.54,1.34,1.26,"NAN","NAN","NAN","NAN",3.941
"2026-01-01 01:40:00",39671,4.7,18.79,1.42,1.33,"NAN","NAN","NAN","NAN",3.953
"2026-01-01 01:50:00",39672,4.78,19.11,1.4,1.31,"NAN","NAN","NAN","NAN",3.937
"2026-01-01 02:00:00",39673,4.89,19.57,1.47,1.38,"NAN","NAN","NAN","NAN",3.936
"2026-01-01 02:10:00",39674,4.8,19.2,1.22,1.14,"NAN","NAN","NAN","NAN",3.943
"2026-01-01 02:20:00",39675,4.95,19.82,1.5,1.41,"NAN","NAN","NAN","NAN",3.956
"2026-01-01 02:30:00",39676,4.74,18.97,1.31,1.23,"NAN","NAN","NAN","NAN",3.939
"2026-01-01 02:40:00",39677,5.01,20.06,1.49,1.4,"NAN","NAN","NAN","NAN",3.941
"2026-01-01 02:50:00",39678,4.89,19.58,1.51,1.42,"NAN","NAN","NAN","NAN",3.932
"2026-01-01 03:00:00",39679,4,15.96,1.17,1.09,"NAN","NAN","NAN","NAN",3.921
"2026-01-01 03:10:00",39680,4.83,19.33,1.41,1.33,"NAN","NAN","NAN","NAN",3.919
"2026-01-01 03:20:00",39681,4.69,18.78,1.37,1.28,"NAN","NAN","NAN","NAN",3.924
"2026-01-01 03:30:00",39682,6.28,25.18,1.46,1.38,"NAN","NAN","NAN","NAN",3.911
"2026-01-01 03:40:00",39683,4.65,18.62,1.25,1.16,"NAN","NAN","NAN","NAN",3.882
"2026-01-01 03:50:00",39684,4.36,17.43,1.19,1.11,"NAN","NAN","NAN","NAN",3.901
"2026-01-01 04:00:00",39685,4.26,17.05,1.14,1.05,"NAN","NAN","NAN","NAN",3.885
"2026-01-01 04:10:00",39686,4.12,16.45,1.09,1.01,"NAN","NAN","NAN","NAN",3.895
"2026-01-01 04:20:00",39687,4.71,18.86,1.4,1.31,"NAN","NAN","NAN","NAN",3.872
"2026-01-01 04:30:00",39688,4.34,17.37,1.19,1.11,"NAN","NAN","NAN","NAN",3.878
"2026-01-01 04:40:00",39689,4.41,17.62,1.42,1.33,"NAN","NAN","NAN","NAN",3.879
"2026-01-01 04:50:00",39690,4.24,16.95,1.21,1.13,"NAN","NAN","NAN","NAN",3.865
"2026-01-01 05:00:00",39691,4.11,16.43,1.08,1,"NAN","NAN","NAN","NAN",3.855
"2026-01-01 05:10:00",39692,4.21,16.84,1.23,1.15,"NAN","NAN","NAN","NAN",3.852
"2026-01-01 05:20:00",39693,4.51,18.05,1.23,1.15,"NAN","NAN","NAN","NAN",3.839
"2026-01-01 05:30:00",39694,4.11,16.43,1.09,1.01,"NAN","NAN","NAN","NAN",3.832
"2026-01-01 05:40:00",39695,4.73,18.91,1.32,1.24,"NAN","NAN","NAN","NAN",3.837
"2026-01-01 05:50:00",39696,3.68,14.7,1.06,0.99,"NAN","NAN","NAN","NAN",3.85
"2026-01-01 06:00:00",39697,4.24,16.97,1.13,1.05,"NAN","NAN","NAN","NAN",3.846
"2026-01-01 06:10:00",39698,4.48,17.92,1.3,1.22,"NAN","NAN","NAN","NAN",3.848
"2026-01-01 06:20:00",39699,4.95,19.81,1.49,1.4,"NAN","NAN","NAN","NAN",3.835
"2026-01-01 06:30:00",39700,4.05,16.2,1.26,1.18,"NAN","NAN","NAN","NAN",3.838
"2026-01-01 06:40:00",39701,4.14,16.53,1.08,1,"NAN","NAN","NAN","NAN",3.835
"2026-01-01 06:50:00",39702,3.9,15.57,1.03,0.95,"NAN","NAN","NAN","NAN",3.826
"2026-01-01 07:00:00",39703,4.59,18.36,1.33,1.25,"NAN","NAN","NAN","NAN",3.828
"2026-01-01 07:10:00",39704,4.49,17.94,1.28,1.19,"NAN","NAN","NAN","NAN",3.817
"2026-01-01 07:20:00",39705,5.75,23.03,1.34,1.26,"NAN","NAN","NAN","NAN",3.822
"2026-01-01 07:30:00",39706,4.03,16.1,1.4,1.32,"NAN","NAN","NAN","NAN",3.855
"2026-01-01 07:40:00",39707,4.65,18.58,1.38,1.29,"NAN","NAN","NAN","NAN",3.844
"2026-01-01 07:50:00",39708,4.48,17.93,1.24,1.15,"NAN","NAN","NAN","NAN",3.833
"2026-01-01 08:00:00",39709,5.42,21.72,1.41,1.33,"NAN","NAN","NAN","NAN",3.815
"2026-01-01 08:10:00",39710,4.47,17.88,1.25,1.16,"NAN","NAN","NAN","NAN",3.818
"2026-01-01 08:20:00",39711,4.15,16.59,1.35,1.27,"NAN","NAN","NAN","NAN",3.809
"2026-01-01 08:30:00",39712,4.52,18.1,1.26,1.18,"NAN","NAN","NAN","NAN",3.795
"2026-01-01 08:40:00",39713,5.13,20.54,1.45,1.36,"NAN","NAN","NAN","NAN",3.798
"2026-01-01 08:50:00",39714,4.4,17.58,1.22,1.14,"NAN","NAN","NAN","NAN",3.81
"2026-01-01 09:00:00",39715,4.07,16.26,1.13,1.05,"NAN","NAN","NAN","NAN",3.806
"2026-01-01 09:10:00",39716,4.05,16.16,1.16,1.08,"NAN","NAN","NAN","NAN",3.818
"2026-01-01 09:20:00",39717,"NAN","NAN","NAN","NAN","NAN","NAN","NAN","NAN","NAN"
"2026-01-01 09:30:00",39718,4.05,16.19,1.12,1.04,"NAN","NAN","NAN","NAN",3.805
"2026-01-01 09:40:00",39719,4.04,16.15,1.09,1.01,"NAN","NAN","NAN","NAN",3.81
"2026-01-01 09:50:00",39720,3.83,15.28,1.11,1.03,"NAN","NAN","NAN","NAN",3.82
"2026-01-01 10:00:00",39721,3.71,14.81,1.03,0.95,"NAN","NAN","NAN","NAN",3.835
"2026-01-01 10:10:00",39722,3.93,15.72,1.13,1.05,"NAN","NAN","NAN","NAN",3.838
"2026-01-01 10:20:00",39723,3.6,14.35,1.14,1.06,"NAN","NAN","NAN","NAN",3.844
"2026-01-01 10:30:00",39724,3.72,14.85,1.11,1.03,"NAN","NAN","NAN","NAN",3.841
"2026-01-01 10:40:00",39725,4.01,16.04,1.08,1,"NAN","NAN","NAN","NAN",3.843
"2026-01-01 10:50:00",39726,4.03,16.1,1.19,1.11,"NAN","NAN","NAN","NAN",3.859
"2026-01-01 11:00:00",39727,4.24,16.95,1.25,1.16,"NAN","NAN","NAN","NAN",3.902
"2026-01-01 11:10:00",39728,3.38,13.49,1.2,1.12,"NAN","NAN","NAN","NAN",3.898
"2026-01-01 11:20:00",39729,4.03,16.09,1.28,1.19,"NAN","NAN","NAN","NAN",3.943
"2026-01-01 11:30:00",39730,3.76,15.01,1.19,1.1,"NAN","NAN","NAN","NAN",3.951
"2026-01-01 11:40:00",39731,4.32,17.28,1.2,1.12,"NAN","NAN","NAN","NAN",3.859
"2026-01-01 11:50:00",39732,3.73,14.9,1.07,0.99,"NAN","NAN","NAN","NAN",3.873
"2026-01-01 12:00:00",39733,3.82,15.23,1.11,1.03,"NAN","NAN","NAN","NAN",3.868
"2026-01-01 12:10:00",39734,4.03,16.11,1.2,1.12,"NAN","NAN","NAN","NAN",3.897
"2026-01-01 12:20:00",39735,4.75,19.01,1.6,1.51,"NAN","NAN","NAN","NAN",3.914
"2026-01-01 12:30:00",39736,4.02,16.07,1.22,1.14,"NAN","NAN","NAN","NAN",3.886
"2026-01-01 12:40:00",39737,4.16,16.64,1.21,1.13,"NAN","NAN","NAN","NAN",3.883
"2026-01-01 12:50:00",39738,3.93,15.68,1.23,1.14,"NAN","NAN","NAN","NAN",3.928
"2026-01-01 13:00:00",39739,3.51,13.98,1.01,0.93,"NAN","NAN","NAN","NAN",3.899
"2026-01-01 13:10:00",39740,3.94,15.73,1.23,1.15,"NAN","NAN","NAN","NAN",3.922
"2026-01-01 13:20:00",39741,4.1,16.37,1.16,1.08,"NAN","NAN","NAN","NAN",3.901
"2026-01-01 13:30:00",39742,4.22,16.85,1.1,1.02,"NAN","NAN","NAN","NAN",3.92
"2026-01-01 13:40:00",39743,3.95,15.78,1.22,1.14,"NAN","NAN","NAN","NAN",3.937
"2026-01-01 13:50:00",39744,4,15.99,1.15,1.07,"NAN","NAN","NAN","NAN",3.93
"2026-01-01 14:00:00",39745,4.3,17.21,1.11,1.03,"NAN","NAN","NAN","NAN",3.888
"2026-01-01 14:10:00",39746,3.98,15.91,1.1,1.02,"NAN","NAN","NAN","NAN",3.905
"2026-01-01 14:20:00",39747,4,15.97,1.25,1.17,"NAN","NAN","NAN","NAN",3.913
"2026-01-01 14:30:00",39748,4.16,16.62,1.21,1.12,"NAN","NAN","NAN","NAN",3.919
"2026-01-01 14:40:00",39749,4.02,16.06,1.23,1.15,"NAN","NAN","NAN","NAN",3.945
"2026-01-01 14:50:00",39750,3.88,15.5,1.14,1.06,"NAN","NAN","NAN","NAN",3.936
"2026-01-01 15:00:00",39751,3.99,15.95,1.11,1.03,"NAN","NAN","NAN","NAN",3.936
"2026-01-01 15:10:00",39752,3.84,15.35,1.12,1.04,"NAN","NAN","NAN","NAN",3.958
"2026-01-01 15:20:00",39753,3.75,14.97,1.09,1.01,"NAN","NAN","NAN","NAN",3.95
"2026-01-01 15:30:00",39754,4.26,17.03,1.25,1.17,"NAN","NAN","NAN","NAN",3.952
"2026-01-01 15:40:00",39755,3.65,14.58,1.06,0.98,"NAN","NAN","NAN","NAN",3.93
"2026-01-01 15:50:00",39756,3.32,13.23,0.93,0.86,"NAN","NAN","NAN","NAN",3.93
"2026-01-01 16:00:00",39757,4.07,16.26,1.13,1.05,"NAN","NAN","NAN","NAN",3.908
"2026-01-01 16:10:00",39758,4.11,16.41,1.25,1.17,"NAN","NAN","NAN","NAN",3.916
"2026-01-01 16:20:00",39759,3.35,13.36,1.09,1.01,"NAN","NAN","NAN","NAN",3.918
"2026-01-01 16:30:00",39760,4.05,16.18,1.16,1.08,"NAN","NAN","NAN","NAN",3.917
"2026-01-01 16:40:00",39761,3.74,14.93,1.19,1.11,"NAN","NAN","NAN","NAN",3.916
"2026-01-01 16:50:00",39762,4,15.99,1.08,1,"NAN","NAN","NAN","NAN",3.914
"2026-01-01 17:00:00",39763,3.44,13.74,1.1,1.02,"NAN","NAN","NAN","NAN",3.911
"2026-01-01 17:10:00",39764,3.53,14.09,1.06,0.98,"NAN","NAN","NAN","NAN",3.913
"2026-01-01 17:20:00",39765,3.04,12.1,1.06,0.98,"NAN","NAN","NAN","NAN",3.93
"2026-01-01 17:30:00",39766,4.29,17.15,1.34,1.26,"NAN","NAN","NAN","NAN",3.896
"2026-01-01 17:40:00",39767,4.78,19.14,1.56,1.47,"NAN","NAN","NAN","NAN",3.884
"2026-01-01 17:50:00",39768,4.53,18.11,1.41,1.32,"NAN","NAN","NAN","NAN",3.888
"2026-01-01 18:00:00",39769,4.64,18.56,1.43,1.34,"NAN","NAN","NAN","NAN",3.891
"2026-01-01 18:10:00",39770,"NAN","NAN","NAN","NAN","NAN","NAN","NAN","NAN","NAN"
"2026-01-01 18:20:00",39771,5.03,20.13,1.43,1.35,"NAN","NAN","NAN","NAN",3.875
"2026-01-01 18:30:00",39772,4.65,18.6,1.39,1.3,"NAN","NAN","NAN","NAN",3.867
"2026-01-01 18:40:00",39773,4.1,16.4,1.33,1.24,"NAN","NAN","NAN","NAN",3.858
"2026-01-01 18:50:00",39774,4.93,19.75,1.45,1.36,"NAN","NAN","NAN","NAN",3.867
"2026-01-01 19:00:00",39775,4.4,17.58,1.51,1.42,"NAN","NAN","NAN","NAN",3.856
"2026-01-01 19:10:00",39776,4.33,17.33,1.36,1.27,"NAN","NAN","NAN","NAN",3.848
"2026-01-01 19:20:00",39777,4.03,16.1,1.12,1.04,"NAN","NAN","NAN","NAN",3.838
"2026-01-01 19:30:00",39778,4.17,16.68,1.24,1.16,"NAN","NAN","NAN","NAN",3.84
"2026-01-01 19:40:00",39779,4.2,16.8,1.36,1.27,"NAN","NAN","NAN","NAN",3.826
"2026-01-01 19:50:00",39780,4.47,17.87,1.6,1.5,"NAN","NAN","NAN","NAN",3.811
"2026-01-01 20:00:00",39781,4.04,16.15,1.22,1.14,"NAN","NAN","NAN","NAN",3.813
"2026-01-01 20:10:00",39782,4.28,17.1,1.19,1.11,"NAN","NAN","NAN","NAN",3.82
"2026-01-01 20:20:00",39783,4.54,18.16,1.53,1.44,"NAN","NAN","NAN","NAN",3.816
"2026-01-01 20:30:00",39784,4.47,17.86,1.36,1.28,"NAN","NAN","NAN","NAN",3.806
"2026-01-01 20:40:00",39785,4.4,17.6,1.35,1.26,"NAN","NAN","NAN","NAN",3.796
"2026-01-01 20:50:00",39786,4.56,18.23,1.37,1.29,"NAN","NAN","NAN","NAN",3.806
"2026-01-01 21:00:00",39787,4.19,16.75,1.29,1.21,"NAN","NAN","NAN","NAN",3.818
"2026-01-01 21:10:00",39788,4.1,16.38,1.13,1.05,"NAN","NAN","NAN","NAN",3.815
"2026-01-01 21:20:00",39789,3.51,14,1.22,1.13,"NAN","NAN","NAN","NAN",3.822
"2026-01-01 21:30:00",39790,3.48,13.88,1.21,1.12,"NAN","NAN","NAN","NAN",3.82
"2026-01-01 21:40:00",39791,4.49,17.96,1.79,1.69,"NAN","NAN","NAN","NAN",3.815
"2026-01-01 21:50:00",39792,3.16,12.6,1.12,1.04,"NAN","NAN","NAN","NAN",3.823
"2026-01-01 22:00:00",39793,3.18,12.68,1.07,0.99,"NAN","NAN","NAN","NAN",3.802
"2026-01-01 22:10:00",39794,3.56,14.2,1.22,1.14,"NAN","NAN","NAN","NAN",3.788
"2026-01-01 22:20:00",39795,3.85,15.37,1.32,1.23,"NAN","NAN","NAN","NAN",3.787
"2026-01-01 22:30:00",39796,3.44,13.72,1.18,1.1,"NAN","NAN","NAN","NAN",3.796
"2026-01-01 22:40:00",39797,4.44,17.76,1.38,1.29,"NAN","NAN","NAN","NAN",3.798
"2026-01-01 22:50:00",39798,3.64,14.52,1.15,1.07,"NAN","NAN","NAN","NAN",3.798
"2026-01-01 23:00:00",39799,2.38,9.45,0.87,0.79,"NAN","NAN","NAN","NAN",3.79
"2026-01-01 23:10:00",39800,4.28,17.1,1.42,1.33,"NAN","NAN","NAN","NAN",3.775
"2026-01-01 23:20:00",39801,4.53,18.12,1.35,1.27,"NAN","NAN","NAN","NAN",3.752
"2026-01-01 23:30:00",39802,4.07,16.25,1.24,1.15,"NAN","NAN","NAN","NAN",3.723
"2026-01-01 23:40:00",39803,4.68,18.71,1.4,1.31,"NAN","NAN","NAN","NAN",3.679
"2026-01-01 23:50:00",39804,4.36,17.44,1.39,1.3,"NAN","NAN","NAN","NAN",3.67
"2026-01-02 00:00:00",39805,4.67,18.7,1.41,1.33,"NAN","NAN","NAN","NAN",3.667
"2026-01-02 00:10:00",39806,5.05,20.21,1.43,1.34,"NAN","NAN","NAN","NAN",3.671
"2026-01-02 00:20:00",39807,4.69,18.77,1.49,1.4,"NAN","NAN","NAN","NAN",3.678
"2026-01-02 00:30:00",39808,4.69,18.78,1.4,1.31,"NAN","NAN","NAN","NAN",3.7
"2026-01-02 00:40:00",39809,4.05,16.18,1.2,1.11,"NAN","NAN","NAN","NAN",3.708
"2026-01-02 00:50:00",39810,3.96,15.82,1.38,1.29,"NAN","NAN","NAN","NAN",3.709
"2026-01-02 01:00:00",39811,4.3,17.19,1.46,1.37,"NAN","NAN","NAN","NAN",3.707
"2026-01-02 01:10:00",39812,4.8,19.19,1.46,1.37,"NAN","NAN","NAN","NAN",3.696
"2026-01-02 01:20:00",39813,4.25,16.97,1.38,1.3,"NAN","NAN","NAN","NAN",3.718
"2026-01-02 01:30:00",39814,3.19,12.73,1.15,1.07,"NAN","NAN","NAN","NAN",3.685
"2026-01-02 01:40:00",39815,4.37,17.48,1.35,1.26,"NAN","NAN","NAN","NAN",3.596
"2026-01-02 01:50:00",39816,4.73,18.92,1.54,1.45,"NAN","NAN","NAN","NAN",3.557
"2026-01-02 02:00:00",39817,4.27,17.08,1.33,1.25,"NAN","NAN","NAN","NAN",3.538
"2026-01-02 02:10:00",39818,4.58,18.34,1.48,1.4,"NAN","NAN","NAN","NAN",3.536
"2026-01-02 02:20:00",39819,4.73,18.93,1.48,1.39,"NAN","NAN","NAN","NAN",3.514
"2026-01-02 02:30:00",39820,4.49,17.97,1.39,1.31,"NAN","NAN","NAN","NAN",3.487
"2026-01-02 02:40:00",39821,4.9,19.63,1.54,1.45,"NAN","NAN","NAN","NAN",3.515
"2026-01-02 02:50:00",39822,5.12,20.48,1.55,1.46,"NAN","NAN","NAN","NAN",3.561
"2026-01-02 03:00:00",39823,"NAN","NAN","NAN","NAN","NAN","NAN","NAN","NAN","NAN"
"2026-01-02 03:10:00",39824,4.27,17.05,1.49,1.4,"NAN","NAN","NAN","NAN",3.545
"2026-01-02 03:20:00",39825,3.29,13.13,0.95,0.88,"NAN","NAN","NAN","NAN",3.508
"2026-01-02 03:30:00",39826,3.23,12.86,1.1,1.02,"NAN","NAN","NAN","NAN",3.482
"2026-01-02 03:40:00",39827,4.24,16.94,1.54,1.45,"NAN","NAN","NAN","NAN",3.537
"2026-01-02 03:50:00",39828,4.02,16.08,1.21,1.13,"NAN","NAN","NAN","NAN",3.524
"2026-01-02 04:00:00",39829,4.63,18.54,1.32,1.23,"NAN","NAN","NAN","NAN",3.511
"2026-01-02 04:10:00",39830,3.88,15.51,1.05,0.97,"NAN","NAN","NAN","NAN",3.451
"2026-01-02 04:20:00",39831,4.53,18.12,1.47,1.38,"NAN","NAN","NAN","NAN",3.481
"2026-01-02 04:30:00",39832,4.18,16.7,1.33,1.24,"NAN","NAN","NAN","NAN",3.466
"2026-01-02 04:40:00",39833,4.47,17.89,1.4,1.31,"NAN","NAN","NAN","NAN",3.534
"2026-01-02 04:50:00",39834,4.31,17.22,1.28,1.2,"NAN","NAN","NAN","NAN",3.485
"2026-01-02 05:00:00",39835,4.27,17.08,1.49,1.4,"NAN","NAN","NAN","NAN",3.447
"2026-01-02 05:10:00",39836,4.12,16.48,1.2,1.12,"NAN","NAN","NAN","NAN",3.424
"2026-01-02 05:20:00",39837,4.4,17.61,1.45,1.36,"NAN","NAN","NAN","NAN",3.41
"2026-01-02 05:30:00",39838,4.59,18.37,1.4,1.31,"NAN","NAN","NAN","NAN",3.384
"2026-01-02 05:40:00",39839,3.76,15.02,1.16,1.08,"NAN","NAN","NAN","NAN",3.383
"2026-01-02 05:50:00",39840,3.95,15.77,1.14,1.05,"NAN","NAN","NAN","NAN",3.365
"2026-01-02 06:00:00",39841,4.15,16.57,1.24,1.16,"NAN","NAN","NAN","NAN",3.355
"2026-01-02 06:10:00",39842,4.25,16.97,1.37,1.28,"NAN","NAN","NAN","NAN",3.394
"2026-01-02 06:20:00",39843,4.64,18.58,1.37,1.28,"NAN","NAN","NAN","NAN",3.35
"2026-01-02 06:30:00",39844,4.42,17.68,1.26,1.17,"NAN","NAN","NAN","NAN",3.327
"2026-01-02 06:40:00",39845,3.87,15.44,1.15,1.07,"NAN","NAN","NAN","NAN",3.341
"2026-01-02 06:50:00",39846,4,15.98,1.13,1.04,"NAN","NAN","NAN","NAN",3.309
"2026-01-02 07:00:00",39847,4.03,16.1,1.18,1.1,"NAN","NAN","NAN","NAN",3.308
"2026-01-02 07:10:00",39848,3.88,15.51,1.31,1.22,"NAN","NAN","NAN","NAN",3.304
"2026-01-02 07:20:00",39849,5.9,23.63,1.41,1.32,"NAN","NAN","NAN","NAN",3.314
"2026-01-02 07:30:00",39850,4.79,19.16,1.43,1.34,"NAN","NAN","NAN","NAN",3.273
"2026-01-02 07:40:00",39851,4.34,17.35,1.43,1.34,"NAN","NAN","NAN","NAN",3.293
"2026-01-02 07:50:00",39852,4.4,17.61,1.26,1.17,"NAN","NAN","NAN","NAN",3.304
"2026-01-02 08:00:00",39853,4.09,16.35,1.21,1.13,"NAN","NAN","NAN","NAN",3.296
"2026-01-02 08:10:00",39854,4.56,18.24,1.27,1.19,"NAN","NAN","NAN","NAN",3.278
"2026-01-02 08:20:00",39855,4.38,17.52,1.32,1.23,"NAN","NAN","NAN","NAN",3.269
"2026-01-02 08:30:00",39856,4.38,17.53,1.34,1.26,"NAN","NAN","NAN","NAN",3.264
"2026-01-02 08:40:00",39857,3.8,15.16,1.28,1.2,"NAN","NAN","NAN","NAN",3.275
"2026-01-02 08:50:00",39858,4.35,17.4,1.33,1.25,"NAN","NAN","NAN","NAN",3.279
"2026-01-02 09:00:00",39859,3.45,13.75,1.39,1.3,"NAN","NAN","NAN","NAN",3.285
"2026-01-02 09:10:00",39860,3.58,14.29,0.97,0.9,"NAN","NAN","NAN","NAN",3.281
"2026-01-02 09:20:00",39861,4.23,16.89,1.26,1.17,"NAN","NAN","NAN","NAN",3.29
"2026-01-02 09:30:00",39862,3.64,14.55,1.07,0.99,"NAN","NAN","NAN","NAN",3.309
"2026-01-02 09:40:00",39863,3.49,13.93,1,0.92,"NAN","NAN","NAN","NAN",3.304
"2026-01-02 09:50:00",39864,2.63,10.47,0.98,0.9,"NAN","NAN","NAN","NAN",3.298
"2026-01-02 10:00:00",39865,3.59,14.33,1.02,0.94,"NAN","NAN","NAN","NAN",3.323
"2026-01-02 10:10:00",39866,3.82,15.25,1.21,1.12,"NAN","NAN","NAN","NAN",3.35
"2026-01-02 10:20:00",39867,3.92,15.66,1.25,1.16,"NAN","NAN","NAN","NAN",3.377
"2026-01-02 10:30:00",39868,4.83,19.34,1.05,0.97,"NAN","NAN","NAN","NAN",3.387
"2026-01-02 10:40:00",39869,3.78,15.1,1.07,0.99,"NAN","NAN","NAN","NAN",3.423
"2026-01-02 10:50:00",39870,3.73,14.89,1.08,1,"NAN","NAN","NAN","NAN",3.41
"2026-01-02 11:00:00",39871,3.89,15.55,1.24,1.15,"NAN","NAN","NAN","NAN",3.453
"2026-01-02 11:10:00",39872,4.13,16.49,1.15,1.07,"NAN","NAN","NAN","NAN",3.481
"2026-01-02 11:20:00",39873,3.94,15.74,1.15,1.07,"NAN","NAN","NAN","NAN",3.495
"2026-01-02 11:30:00",39874,3.81,15.2,1.13,1.05,"NAN","NAN","NAN","NAN",3.497
"2026-01-02 11:40:00",39875,3.61,14.4,1.02,0.94,"NAN","NAN","NAN","NAN",3.505
"2026-01-02 11:50:00",39876,"NAN","NAN","NAN","NAN","NAN","NAN","NAN","NAN","NAN"
"2026-01-02 12:00:00",39877,3.66,14.59,1.15,1.07,"NAN","NAN","NAN","NAN",3.577
"2026-01-02 12:10:00",39878,3.74,14.93,1.12,1.04,"NAN","NAN","NAN","NAN",3.59
"2026-01-02 12:20:00",39879,3.31,13.18,1.08,1,"NAN","NAN","NAN","NAN",3.588
"2026-01-02 12:30:00",39880,3.9,15.6,1.23,1.15,"NAN","NAN","NAN","NAN",3.608
"2026-01-02 12:40:00",39881,3.33,13.29,1.09,1.01,"NAN","NAN","NAN","NAN",3.62
"2026-01-02 12:50:00",39882,3.82,15.27,1.22,1.13,"NAN","NAN","NAN","NAN",3.645
"2026-01-02 13:00:00",39883,3.65,14.58,1.09,1.01,"NAN","NAN","NAN","NAN",3.659
"2026-01-02 13:10:00",39884,3.65,14.56,1.07,0.99,"NAN","NAN","NAN","NAN",3.656
"2026-01-02 13:20:00",39885,3.73,14.89,1.1,1.02,"NAN","NAN","NAN","NAN",3.662
"2026-01-02 13:30:00",39886,3.88,15.51,1.17,1.09,"NAN","NAN","NAN","NAN",3.696
"2026-01-02 13:40:00",39887,3.53,14.09,1.02,0.94,"NAN","NAN","NAN","NAN",3.692
"2026-01-02 13:50:00",39888,3.8,15.17,1.11,1.03,"NAN","NAN","NAN","NAN",3.701
"2026-01-02 14:00:00",39889,3.67,14.65,1.08,1,"NAN","NAN","NAN","NAN",3.723
"2026-01-02 14:10:00",39890,3.75,14.97,1.03,0.96,"NAN","NAN","NAN","NAN",3.687
"2026-01-02 14:20:00",39891,3.44,13.73,1.02,0.95,"NAN","NAN","NAN","NAN",3.735
"2026-01-02 14:30:00",39892,3.87,15.47,1.09,1.01,"NAN","NAN","NAN","NAN",3.701
"2026-01-02 14:40:00",39893,3.74,14.92,0.97,0.9,"NAN","NAN","NAN","NAN",3.713
"2026-01-02 14:50:00",39894,3.6,14.37,1,0.92,"NAN","NAN","NAN","NAN",3.71
"2026-01-02 15:00:00",39895,3.86,15.4,1.1,1.02,"NAN","NAN","NAN","NAN",3.739
"2026-01-02 15:10:00",39896,3.59,14.31,1.12,1.03,"NAN","NAN","NAN","NAN",3.752
"2026-01-02 15:20:00",39897,3.53,14.09,0.96,0.88,"NAN","NAN","NAN","NAN",3.742
"2026-01-02 15:30:00",39898,3.63,14.5,1.05,0.97,"NAN","NAN","NAN","NAN",3.741
"2026-01-02 15:40:00",39899,3.5,13.98,0.92,0.85,"NAN","NAN","NAN","NAN",3.734
"2026-01-02 15:50:00",39900,3.84,15.32,1.15,1.07,"NAN","NAN","NAN","NAN",3.734
"2026-01-02 16:00:00",39901,3.29,13.1,0.96,0.89,"NAN","NAN","NAN","NAN",3.741
"2026-01-02 16:10:00",39902,3.67,14.64,1.07,0.99,"NAN","NAN","NAN","NAN",3.74
"2026-01-02 16:20:00",39903,3.47,13.84,0.92,0.84,"NAN","NAN","NAN","NAN",3.74
"2026-01-02 16:30:00",39904,4.09,16.33,1.18,1.09,"NAN","NAN","NAN","NAN",3.738
"2026-01-02 16:40:00",39905,3.79,15.14,1.06,0.98,"NAN","NAN","NAN","NAN",3.74
"2026-01-02 16:50:00",39906,4.35,17.4,1.34,1.26,"NAN","NAN","NAN","NAN",3.745
"2026-01-02 17:00:00",39907,3.38,13.49,0.98,0.91,"NAN","NAN","NAN","NAN",3.741
"2026-01-02 17:10:00",39908,4.35,17.38,1.15,1.07,"NAN","NAN","NAN","NAN",3.745
"2026-01-02 17:20:00",39909,4.78,19.13,1.01,0.93,"NAN","NAN","NAN","NAN",3.731
"2026-01-02 17:30:00",39910,4.48,17.93,1.38,1.29,"NAN","NAN","NAN","NAN",3.73
"2026-01-02 17:40:00",39911,4.37,17.48,1.08,1,"NAN","NAN","NAN","NAN",3.733
"2026-01-02 17:50:00",39912,4.41,17.62,1.34,1.25,"NAN","NAN","NAN","NAN",3.741
"2026-01-02 18:00:00",39913,4.23,16.92,1.18,1.1,"NAN","NAN","NAN","NAN",3.735
"2026-01-02 18:10:00",39914,3.55,14.17,1.32,1.24,"NAN","NAN","NAN","NAN",3.737
"2026-01-02 18:20:00",39915,3.93,15.71,1.03,0.95,"NAN","NAN","NAN","NAN",3.735
"2026-01-02 18:30:00",39916,3.7,14.79,0.99,0.91,"NAN","NAN","NAN","NAN",3.733
"2026-01-02 18:40:00",39917,4.21,16.81,1.26,1.18,"NAN","NAN","NAN","NAN",3.73
"2026-01-02 18:50:00",39918,3.73,14.89,1.16,1.07,"NAN","NAN","NAN","NAN",3.738
"2026-01-02 19:00:00",39919,3.7,14.78,1.23,1.14,"NAN","NAN","NAN","NAN",3.743
"2026-01-02 19:10:00",39920,4.31,17.23,1.28,1.2,"NAN","NAN","NAN","NAN",3.738
"2026-01-02 19:20:00",39921,4.33,17.3,1.23,1.14,"NAN","NAN","NAN","NAN",3.743
"2026-01-02 19:30:00",39922,4.07,16.26,1.06,0.99,"NAN","NAN","NAN","NAN",3.753
"2026-01-02 19:40:00",39923,2.92,11.61,1.01,0.93,"NAN","NAN","NAN","NAN",3.757
"2026-01-02 19:50:00",39924,4.12,16.48,1.17,1.08,"NAN","NAN","NAN","NAN",3.754
"2026-01-02 20:00:00",39925,4.06,16.21,1.16,1.07,"NAN","NAN","NAN","NAN",3.747
"2026-01-02 20:10:00",39926,3.11,12.41,1.05,0.97,"NAN","NAN","NAN","NAN",3.742
"2026-01-02 20:20:00",39927,3.58,14.27,1.26,1.18,"NAN","NAN","NAN","NAN",3.746
"2026-01-02 20:30:00",39928,3.95,15.77,1.25,1.17,"NAN","NAN","NAN","NAN",3.746
"2026-01-02 20:40:00",39929,"NAN","NAN","NAN","NAN","NAN","NAN","NAN","NAN","NAN"
"2026-01-02 20:50:00",39930,3.63,14.48,1.2,1.12,"NAN","NAN","NAN","NAN",3.756
"2026-01-02 21:00:00",39931,2.21,8.75,0.88,0.81,"NAN","NAN","NAN","NAN",3.754
"2026-01-02 21:10:00",39932,4.68,18.73,1.32,1.24,"NAN","NAN","NAN","NAN",3.741
"2026-01-02 21:20:00",39933,3.76,15.01,1.24,1.16,"NAN","NAN","NAN","NAN",3.729
"2026-01-02 21:30:00",39934,3.26,12.99,1.16,1.08,"NAN","NAN","NAN","NAN",3.729
"2026-01-02 21:40:00",39935,5.77,23.14,1.34,1.26,"NAN","NAN","NAN","NAN",3.736
"2026-01-02 21:50:00",39936,3.69,14.74,1.16,1.08,"NAN","NAN","NAN","NAN",3.733
"2026-01-02 22:00:00",39937,2.69,10.68,0.91,0.83,"NAN","NAN","NAN","NAN",3.739
"2026-01-02 22:10:00",39938,3.96,15.8,1.19,1.1,"NAN","NAN","NAN","NAN",3.731
"2026-01-02 22:20:00",39939,3.6,14.35,1.04,0.96,"NAN","NAN","NAN","NAN",3.73
"2026-01-02 22:30:00",39940,3.96,15.8,1.29,1.21,"NAN","NAN","NAN","NAN",3.731
"2026-01-02 22:40:00",39941,4.75,19.02,1.42,1.33,"NAN","NAN","NAN","NAN",3.729
"2026-01-02 22:50:00",39942,4.64,18.58,1.52,1.43,"NAN","NAN","NAN","NAN",3.731
"2026-01-02 23:00:00",39943,4.15,16.59,1.29,1.21,"NAN","NAN","NAN","NAN",3.732
"2026-01-02 23:10:00",39944,4.31,17.24,1.45,1.36,"NAN","NAN","NAN","NAN",3.733
"2026-01-02 23:20:00",39945,4.45,17.81,1.32,1.23,"NAN","NAN","NAN","NAN",3.728
"2026-01-02 23:30:00",39946,4.29,17.17,1.03,0.96,"NAN","NAN","NAN","NAN",3.742
"2026-01-02 23:40:00",39947,4.41,17.63,1.22,1.14,"NAN","NAN","NAN","NAN",3.734
"2026-01-02 23:50:00",39948,3.2,12.77,1.13,1.05,"NAN","NAN","NAN","NAN",3.729
"2026-01-03 00:00:00",39949,4.81,19.24,1.23,1.15,"NAN","NAN","NAN","NAN",3.726
"2026-01-03 00:10:00",39950,5.05,20.22,1.38,1.29,"NAN","NAN","NAN","NAN",3.723
"2026-01-03 00:20:00",39951,4.33,17.3,1.48,1.39,"NAN","NAN","NAN","NAN",3.728
"2026-01-03 00:30:00",39952,4.17,16.68,1.27,1.18,"NAN","NAN","NAN","NAN",3.724
"2026-01-03 00:40:00",39953,5.11,20.47,1.39,1.3,"NAN","NAN","NAN","NAN",3.723
"2026-01-03 00:50:00",39954,4.36,17.44,1.33,1.24,"NAN","NAN","NAN","NAN",3.72
"2026-01-03 01:00:00",39955,4.31,17.23,1.26,1.18,"NAN","NAN","NAN","NAN",3.717
"2026-01-03 01:10:00",39956,4.52,18.06,1.34,1.26,"NAN","NAN","NAN","NAN",3.72
"2026-01-03 01:20:00",39957,4.01,16.03,1.25,1.17,"NAN","NAN","NAN","NAN",3.72
"2026-01-03 01:30:00",39958,4.19,16.76,1.32,1.23,"NAN","NAN","NAN","NAN",3.729
"2026-01-03 01:40:00",39959,4.26,17.01,1.28,1.2,"NAN","NAN","NAN","NAN",3.738
"2026-01-03 01:50:00",39960,4,15.99,1.33,1.25,"NAN","NAN","NAN","NAN",3.742
"2026-01-03 02:00:00",39961,3.67,14.66,1.08,1,"NAN","NAN","NAN","NAN",3.739
"2026-01-03 02:10:00",39962,4.08,16.3,1.21,1.13,"NAN","NAN","NAN","NAN",3.729
"2026-01-03 02:20:00",39963,4.13,16.52,1.31,1.23,"NAN","NAN","NAN","NAN",3.727
"2026-01-03 02:30:00",39964,4.29,17.16,1.25,1.16,"NAN","NAN","NAN","NAN",3.733
"2026-01-03 02:40:00",39965,4.69,18.76,1.44,1.35,"NAN","NAN","NAN","NAN",3.733
"2026-01-03 02:50:00",39966,4.22,16.86,1.25,1.17,"NAN","NAN","NAN","NAN",3.747
"2026-01-03 03:00:00",39967,3.7,14.78,1.32,1.23,"NAN","NAN","NAN","NAN",3.758
"2026-01-03 03:10:00",39968,3.05,12.15,1.01,0.94,"NAN","NAN","NAN","NAN",3.75
"2026-01-03 03:20:00",39969,3.67,14.65,1.24,1.16,"NAN","NAN","NAN","NAN",3.751
"2026-01-03 03:30:00",39970,2.99,11.9,1.12,1.04,"NAN","NAN","NAN","NAN",3.749
"2026-01-03 03:40:00",39971,4.07,16.27,1.58,1.49,"NAN","NAN","NAN","NAN",3.752
"2026-01-03 03:50:00",39972,4.79,19.16,1.4,1.32,"NAN","NAN","NAN","NAN",3.768
"2026-01-03 04:00:00",39973,3.59,14.31,1.3,1.21,"NAN","NAN","NAN","NAN",3.768
"2026-01-03 04:10:00",39974,4.99,19.96,1.7,1.6,"NAN","NAN","NAN","NAN",3.771
"2026-01-03 04:20:00",39975,4.65,18.62,1.46,1.38,"NAN","NAN","NAN","NAN",3.775
"2026-01-03 04:30:00",39976,5.1,20.42,1.61,1.52,"NAN","NAN","NAN","NAN",3.777
"2026-01-03 04:40:00",39977,4.07,16.26,1.22,1.14,"NAN","NAN","NAN","NAN",3.782
"2026-01-03 04:50:00",39978,2.77,11.01,1.08,1,"NAN","NAN","NAN","NAN",3.78
"2026-01-03 05:00:00",39979,4.84,19.35,1.55,1.46,"NAN","NAN","NAN","NAN",3.782
"2026-01-03 05:10:00",39980,4.26,17.02,1.33,1.24,"NAN","NAN","NAN","NAN",3.772
"2026-01-03 05:20:00",39981,3.16,12.58,1.07,0.99,"NAN","NAN","NAN","NAN",3.77
"2026-01-03 05:30:00",39982,"NAN","NAN","NAN","NAN","NAN","NAN","NAN","NAN","NAN"
"2026-01-03 05:40:00",39983,3.37,13.45,1.21,1.13,"NAN","NAN","NAN","NAN",3.779
"2026-01-03 05:50:00",39984,2.61,10.36,0.97,0.89,"NAN","NAN","NAN","NAN",3.78
"2026-01-03 06:00:00",39985,3.53,14.06,1.12,1.04,"NAN","NAN","NAN","NAN",3.782
"2026-01-03 06:10:00",39986,5.5,22.04,1.81,1.71,"NAN","NAN","NAN","NAN",3.782
"2026-01-03 06:20:00",39987,3.9,15.59,1.44,1.35,"NAN","NAN","NAN","NAN",3.783
"2026-01-03 06:30:00",39988,5.25,21.01,1.76,1.67,"NAN","NAN","NAN","NAN",3.793
"2026-01-03 06:40:00",39989,4.85,19.4,1.5,1.41,"NAN","NAN","NAN","NAN",3.793
"2026-01-03 06:50:00",39990,3.65,14.58,1.25,1.17,"NAN","NAN","NAN","NAN",3.783
"2026-01-03 07:00:00",39991,4.2,16.78,1.4,1.31,"NAN","NAN","NAN","NAN",3.763
"2026-01-03 07:10:00",39992,4.41,17.64,1.57,1.47,"NAN","NAN","NAN","NAN",3.75
"2026-01-03 07:20:00",39993,4.27,17.06,1.43,1.34,"NAN","NAN","NAN","NAN",3.757
"2026-01-03 07:30:00",39994,4.33,17.31,1.36,1.28,"NAN","NAN","NAN","NAN",3.741
"2026-01-03 07:40:00",39995,4.48,17.9,1.21,1.13,"NAN","NAN","NAN","NAN",3.734
"2026-01-03 07:50:00",39996,4.08,16.29,1.26,1.18,"NAN","NAN","NAN","NAN",3.752
"2026-01-03 08:00:00",39997,4.17,16.65,1.43,1.34,"NAN","NAN","NAN","NAN",3.733
"2026-01-03 08:10:00",39998,4.05,16.17,1.27,1.18,"NAN","NAN","NAN","NAN",3.73
"2026-01-03 08:20:00",39999,4.8,19.2,1.24,1.16,"NAN","NAN","NAN","NAN",3.735
"2026-01-03 08:30:00",40000,4.41,17.63,1.27,1.19,"NAN","NAN","NAN","NAN",3.739
"2026-01-03 08:40:00",40001,2.93,11.68,0.89,0.82,"NAN","NAN","NAN","NAN",3.764
"2026-01-03 08:50:00",40002,4.19,16.75,1.3,1.21,"NAN","NAN","NAN","NAN",3.753
"2026-01-03 09:00:00",40003,4.01,16,1.32,1.23,"NAN","NAN","NAN","NAN",3.75
"2026-01-03 09:10:00",40004,2.72,10.81,1.12,1.04,"NAN","NAN","NAN","NAN",3.775
"2026-01-03 09:20:00",40005,2.38,9.43,0.84,0.77,"NAN","NAN","NAN","NAN",3.784
"2026-01-03 09:30:00",40006,4.3,17.2,1.4,1.31,"NAN","NAN","NAN","NAN",3.764
"2026-01-03 09:40:00",40007,4.32,17.27,1.42,1.33,"NAN","NAN","NAN","NAN",3.768
"2026-01-03 09:50:00",40008,4.26,17.01,1.21,1.13,"NAN","NAN","NAN","NAN",3.783
"2026-01-03 10:00:00",40009,2.37,9.4,1.31,1.23,"NAN","NAN","NAN","NAN",3.798
"2026-01-03 10:10:00",40010,1.76,6.95,0.55,0.49,"NAN","NAN","NAN","NAN",3.802
"2026-01-03 10:20:00",40011,3.42,13.65,1.19,1.11,"NAN","NAN","NAN","NAN",3.802
"2026-01-03 10:30:00",40012,2.68,10.64,1,0.92,"NAN","NAN","NAN","NAN",3.803
"2026-01-03 10:40:00",40013,4.01,16.02,1.24,1.16,"NAN","NAN","NAN","NAN",3.808
"2026-01-03 10:50:00",40014,4.22,16.87,1.31,1.23,"NAN","NAN","NAN","NAN",3.828
"2026-01-03 11:00:00",40015,5.69,22.82,1.64,1.55,"NAN","NAN","NAN","NAN",3.838
"2026-01-03 11:10:00",40016,1.91,7.55,0.74,0.67,"NAN","NAN","NAN","NAN",3.837
"2026-01-03 11:20:00",40017,4.15,16.57,1.2,1.12,"NAN","NAN","NAN","NAN",3.84
"2026-01-03 11:30:00",40018,3.56,14.2,1.23,1.15,"NAN","NAN","NAN","NAN",3.847
"2026-01-03 11:40:00",40019,1.03,4.01,0.39,0.33,"NAN","NAN","NAN","NAN",3.854
"2026-01-03 11:50:00",40020,2.47,9.82,0.98,0.9,"NAN","NAN","NAN","NAN",3.867
"2026-01-03 12:00:00",40021,3.29,13.13,1.05,0.97,"NAN","NAN","NAN","NAN",3.861
"2026-01-03 12:10:00",40022,3.9,15.56,1.16,1.08,"NAN","NAN","NAN","NAN",3.872
"2026-01-03 12:20:00",40023,3.97,15.86,1.17,1.08,"NAN","NAN","NAN","NAN",3.878
"2026-01-03 12:30:00",40024,3.9,15.57,1.2,1.11,"NAN","NAN","NAN","NAN",3.871
"2026-01-03 12:40:00",40025,2.87,11.43,0.86,0.78,"NAN","NAN","NAN","NAN",3.876
"2026-01-03 12:50:00",40026,4.33,17.31,1.08,1,"NAN","NAN","NAN","NAN",3.869
"2026-01-03 13:00:00",40027,2.63,10.44,1.08,1,"NAN","NAN","NAN","NAN",3.863
"2026-01-03 13:10:00",40028,3.84,15.35,1.2,1.12,"NAN","NAN","NAN","NAN",3.862
"2026-01-03 13:20:00",40029,4.26,17.04,1.08,1,"NAN","NAN","NAN","NAN",3.87
"2026-01-03 13:30:00",40030,2.54,10.1,0.77,0.7,"NAN","NAN","NAN","NAN",3.878
"2026-01-03 13:40:00",40031,3.23,12.87,1.13,1.05,"NAN","NAN","NAN","NAN",3.868
"2026-01-03 13:50:00",40032,2.41,9.55,0.83,0.75,"NAN","NAN","NAN","NAN",3.869
"2026-01-03 14:00:00",40033,3.81,15.21,1.15,1.07,"NAN","NAN","NAN","NAN",3.852
"2026-01-03 14:10:00",40034,3.68,14.67,1.12,1.04,"NAN","NAN","NAN","NAN",3.856
"2026-01-03 14:20:00",40035,"NAN","NAN","NAN","NAN","NAN","NAN","NAN","NAN","NAN"
"2026-01-03 14:30:00",40036,2.3,9.13,0.71,0.64,"NAN","NAN","NAN","NAN",3.866
"2026-01-03 14:40:00",40037,2.83,11.25,0.94,0.87,"NAN","NAN","NAN","NAN",3.859
"2026-01-03 14:50:00",40038,2.88,11.46,0.9,0.83,"NAN","NAN","NAN","NAN",3.859
"2026-01-03 15:00:00",40039,3.26,12.99,1.01,0.93,"NAN","NAN","NAN","NAN",3.847
"2026-01-03 15:10:00",40040,2.32,9.22,0.8,0.73,"NAN","NAN","NAN","NAN",3.849
"2026-01-03 15:20:00",40041,2.86,11.37,0.96,0.88,"NAN","NAN","NAN","NAN",3.875
"2026-01-03 15:30:00",40042,2.08,8.229999,0.64,0.57,"NAN","NAN","NAN","NAN",3.873
"2026-01-03 15:40:00",40043,2.38,9.42,0.83,0.75,"NAN","NAN","NAN","NAN",3.873
"2026-01-03 15:50:00",40044,1.95,7.72,0.61,0.54,"NAN","NAN","NAN","NAN",3.857
"2026-01-03 16:00:00",40045,1.62,6.36,0.57,0.5,"NAN","NAN","NAN","NAN",3.85
"2026-01-03 16:10:00",40046,3.26,13.01,1.15,1.07,"NAN","NAN","NAN","NAN",3.856
"2026-01-03 16:20:00",40047,1.66,6.54,0.58,0.51,"NAN","NAN","NAN","NAN",3.859
"2026-01-03 16:30:00",40048,2.7,10.75,0.85,0.78,"NAN","NAN","NAN","NAN",3.853
"2026-01-03 16:40:00",40049,1.72,6.76,0.57,0.5,"NAN","NAN","NAN","NAN",3.857
"2026-01-03 16:50:00",40050,3.66,14.62,1.21,1.12,"NAN","NAN","NAN","NAN",3.85
"2026-01-03 17:00:00",40051,3.22,12.82,0.95,0.88,"NAN","NAN","NAN","NAN",3.839
"2026-01-03 17:10:00",40052,3.08,12.26,1.08,1,"NAN","NAN","NAN","NAN",3.854
"2026-01-03 17:20:00",40053,3.26,12.99,1.14,1.06,"NAN","NAN","NAN","NAN",3.843
"2026-01-03 17:30:00",40054,1.91,7.55,0.77,0.7,"NAN","NAN","NAN","NAN",3.846
"2026-01-03 17:40:00",40055,2.21,8.76,0.71,0.64,"NAN","NAN","NAN","NAN",3.849
"2026-01-03 17:50:00",40056,3.16,12.61,0.92,0.84,"NAN","NAN","NAN","NAN",3.847
"2026-01-03 18:00:00",40057,2.62,10.41,0.79,0.72,"NAN","NAN","NAN","NAN",3.853
"2026-01-03 18:10:00",40058,2.89,11.48,0.91,0.84,"NAN","NAN","NAN","NAN",3.839
"2026-01-03 18:20:00",40059,3.8,15.19,1.22,1.14,"NAN","NAN","NAN","NAN",3.831
"2026-01-03 18:30:00",40060,3.89,15.53,1.21,1.13,"NAN","NAN","NAN","NAN",3.83
"2026-01-03 18:40:00",40061,3.78,15.1,1.18,1.1,"NAN","NAN","NAN","NAN",3.828
"2026-01-03 18:50:00",40062,4.27,17.07,1.25,1.16,"NAN","NAN","NAN","NAN",3.825
"2026-01-03 19:00:00",40063,2.89,11.51,0.93,0.85,"NAN","NAN","NAN","NAN",3.818
"2026-01-03 19:10:00",40064,4,15.98,1.23,1.14,"NAN","NAN","NAN","NAN",3.813
"2026-01-03 19:20:00",40065,4.56,18.25,1.38,1.29,"NAN","NAN","NAN","NAN",3.799
"2026-01-03 19:30:00",40066,3.22,12.82,1.08,1,"NAN","NAN","NAN","NAN",3.793
"2026-01-03 19:40:00",40067,3.74,14.94,1.28,1.19,"NAN","NAN","NAN","NAN",3.782
"2026-01-03 19:50:00",40068,3.87,15.47,1.21,1.12,"NAN","NAN","NAN","NAN",3.79
"2026-01-03 20:00:00",40069,3.58,14.28,1.23,1.15,"NAN","NAN","NAN","NAN",3.767
"2026-01-03 20:10:00",40070,4.14,16.53,1.25,1.17,"NAN","NAN","NAN","NAN",3.743
"2026-01-03 20:20:00",40071,4.21,16.85,1.33,1.25,"NAN","NAN","NAN","NAN",3.721
"2026-01-03 20:30:00",40072,4.1,16.38,1.32,1.24,"NAN","NAN","NAN","NAN",3.699
"2026-01-03 20:40:00",40073,4.11,16.44,1.22,1.14,"NAN","NAN","NAN","NAN",3.67
"2026-01-03 20:50:00",40074,4.14,16.54,1.38,1.29,"NAN","NAN","NAN","NAN",3.663
"2026-01-03 21:00:00",40075,3.66,14.6,1.26,1.18,"NAN","NAN","NAN","NAN",3.659
"2026-01-03 21:10:00",40076,3.96,15.83,1.23,1.14,"NAN","NAN","NAN","NAN",3.661
"2026-01-03 21:20:00",40077,4.05,16.17,1.24,1.15,"NAN","NAN","NAN","NAN",3.64
"2026-01-03 21:30:00",40078,3.4,13.55,1.14,1.06,"NAN","NAN","NAN","NAN",3.6
"2026-01-03 21:40:00",40079,2.93,11.67,0.99,0.91,"NAN","NAN","NAN","NAN",3.599
"2026-01-03 21:50:00",40080,3.71,14.8,1.1,1.02,"NAN","NAN","NAN","NAN",3.617
"2026-01-03 22:00:00",40081,3.44,13.74,1.1,1.02,"NAN","NAN","NAN","NAN",3.662
"2026-01-03 22:10:00",40082,3.05,12.13,1.16,1.08,"NAN","NAN","NAN","NAN",3.686
"2026-01-03 22:20:00",40083,3.86,15.4,1.29,1.2,"NAN","NAN","NAN","NAN",3.656
"2026-01-03 22:30:00",40084,3.73,14.88,1.33,1.25,"NAN","NAN","NAN","NAN",3.594
"2026-01-03 22:40:00",40085,4.7,18.8,1.42,1.34,"NAN","NAN","NAN","NAN",3.602
"2026-01-03 22:50:00",40086,3.02,12.04,1.06,0.98,"NAN","NAN","NAN","NAN",3.577
"2026-01-03 23:00:00",40087,3.64,14.52,1.28,1.19,"NAN","NAN","NAN","NAN",3.591
"2026-01-03 23:10:00",40088,"NAN","NAN","NAN","NAN","NAN","NAN","NAN","NAN","NAN"
"2026-01-03 23:20:00",40089,4.12,16.46,1.23,1.14,"NAN","NAN","NAN","NAN",3.563
"2026-01-03 23:30:00",40090,3.67,14.64,1.15,1.07,"NAN","NAN","NAN","NAN",3.558
"2026-01-03 23:40:00",40091,3.83,15.3,1.2,1.11,"NAN","NAN","NAN","NAN",3.551
"2026-01-03 23:50:00",40092,4.01,16,1.3,1.22,"NAN","NAN","NAN","NAN",3.554
"2026-01-04 00:00:00",40093,3.39,13.52,1.21,1.12,"NAN","NAN","NAN","NAN",3.564
"2026-01-04 00:10:00",40094,4.25,16.99,1.23,1.14,"NAN","NAN","NAN","NAN",3.574
"2026-01-04 00:20:00",40095,3.52,14.03,1.11,1.03,"NAN","NAN","NAN","NAN",3.573
"2026-01-04 00:30:00",40096,4.04,16.14,1.32,1.24,"NAN","NAN","NAN","NAN",3.54
"2026-01-04 00:40:00",40097,3.67,14.65,1.07,0.99,"NAN","NAN","NAN","NAN",3.521
"2026-01-04 00:50:00",40098,3.86,15.41,1.11,1.03,"NAN","NAN","NAN","NAN",3.521
"2026-01-04 01:00:00",40099,3.95,15.78,1.27,1.18,"NAN","NAN","NAN","NAN",3.551
"2026-01-04 01:10:00",40100,3.77,15.05,1.18,1.1,"NAN","NAN","NAN","NAN",3.509
"2026-01-04 01:20:00",40101,4.06,16.21,1.12,1.04,"NAN","NAN","NAN","NAN",3.501
"2026-01-04 01:30:00",40102,3.95,15.78,1.33,1.24,"NAN","NAN","NAN","NAN",3.504
"2026-01-04 01:40:00",40103,3.87,15.47,1.18,1.1,"NAN","NAN","NAN","NAN",3.486
"2026-01-04 01:50:00",40104,4.18,16.69,1.19,1.11,"NAN","NAN","NAN","NAN",3.481
"2026-01-04 02:00:00",40105,4.02,16.05,1.2,1.11,"NAN","NAN","NAN","NAN",3.512
"2026-01-04 02:10:00",40106,3.91,15.6,1.29,1.21,"NAN","NAN","NAN","NAN",3.517
"2026-01-04 02:20:00",40107,4.17,16.66,1.42,1.34,"NAN","NAN","NAN","NAN",3.528
"2026-01-04 02:30:00",40108,3.26,12.98,1.18,1.1,"NAN","NAN","NAN","NAN",3.556
"2026-01-04 02:40:00",40109,3.57,14.24,1.28,1.2,"NAN","NAN","NAN","NAN",3.449
"2026-01-04 02:50:00",40110,3.61,14.39,1.22,1.14,"NAN","NAN","NAN","NAN",3.442
"2026-01-04 03:00:00",40111,4.15,16.58,1.31,1.22,"NAN","NAN","NAN","NAN",3.42
"2026-01-04 03:10:00",40112,3.91,15.61,1.19,1.11,"NAN","NAN","NAN","NAN",3.377
"2026-01-04 03:20:00",40113,3.83,15.28,1.07,0.99,"NAN","NAN","NAN","NAN",3.411
"2026-01-04 03:30:00",40114,3.91,15.61,1.28,1.2,"NAN","NAN","NAN","NAN",3.469
"2026-01-04 03:40:00",40115,0.74,2.84,1.13,1.05,"NAN","NAN","NAN","NAN",3.519
"2026-01-04 03:50:00",40116,3.86,15.42,1.28,1.19,"NAN","NAN","NAN","NAN",3.503
"2026-01-04 04:00:00",40117,4.68,18.71,1.45,1.36,"NAN","NAN","NAN","NAN",3.497
"2026-01-04 04:10:00",40118,3.97,15.86,1.18,1.09,"NAN","NAN","NAN","NAN",3.444
"2026-01-04 04:20:00",40119,4.36,17.44,1.28,1.2,"NAN","NAN","NAN","NAN",3.462
"2026-01-04 04:30:00",40120,4.42,17.67,1.42,1.33,"NAN","NAN","NAN","NAN",3.479
"2026-01-04 04:40:00",40121,4.01,16,1.44,1.35,"NAN","NAN","NAN","NAN",3.514
"2026-01-04 04:50:00",40122,3.96,15.83,1.35,1.26,"NAN","NAN","NAN","NAN",3.521
"2026-01-04 05:00:00",40123,4.41,17.61,1.48,1.39,"NAN","NAN","NAN","NAN",3.52
"2026-01-04 05:10:00",40124,4.84,19.37,1.51,1.42,"NAN","NAN","NAN","NAN",3.523
"2026-01-04 05:20:00",40125,3.75,14.98,1.39,1.3,"NAN","NAN","NAN","NAN",3.526
"2026-01-04 05:30:00",40126,4.85,19.41,1.57,1.48,"NAN","NAN","NAN","NAN",3.549
"2026-01-04 05:40:00",40127,4.06,16.23,1.27,1.19,"NAN","NAN","NAN","NAN",3.531
"2026-01-04 05:50:00",40128,4.62,18.5,1.62,1.53,"NAN","NAN","NAN","NAN",3.469
"2026-01-04 06:00:00",40129,4.52,18.09,1.56,1.47,"NAN","NAN","NAN","NAN",3.411
"2026-01-04 06:10:00",40130,4.04,16.15,1.32,1.24,"NAN","NAN","NAN","NAN",3.363
"2026-01-04 06:20:00",40131,4.4,17.61,1.36,1.28,"NAN","NAN","NAN","NAN",3.403
"2026-01-04 06:30:00",40132,4.46,17.82,1.35,1.26,"NAN","NAN","NAN","NAN",3.317
"2026-01-04 06:40:00",40133,4.2,16.78,1.57,1.48,"NAN","NAN","NAN","NAN",3.256
"2026-01-04 06:50:00",40134,4.49,17.95,1.49,1.4,"NAN","NAN","NAN","NAN",3.323
"2026-01-04 07:00:00",40135,4.69,18.75,1.45,1.36,"NAN","NAN","NAN","NAN",3.388
"2026-01-04 07:10:00",40136,4.43,17.73,1.4,1.31,"NAN","NAN","NAN","NAN",3.396
"2026-01-04 07:20:00",40137,4.01,16.02,1.14,1.06,"NAN","NAN","NAN","NAN",3.314
"2026-01-04 07:30:00",40138,4.87,19.51,1.43,1.34,"NAN","NAN","NAN","NAN",3.222
"2026-01-04 07:40:00",40139,4.81,19.25,1.57,1.48,"NAN","NAN","NAN","NAN",3.194
"2026-01-04 07:50:00",40140,4.78,19.14,1.47,1.38,"NAN","NAN","NAN","NAN",3.177
"2026-01-04 08:00:00",40141,"NAN","NAN","NAN","NAN","NAN","NAN","NAN","NAN","NAN"
"2026-01-04 08:10:00",40142,4,15.98,1.08,1,"NAN","NAN","NAN","NAN",3.182
"2026-01-04 08:20:00",40143,3.92,15.66,1.12,1.04,"NAN","NAN","NAN","NAN",3.251
"2026-01-04 08:30:00",40144,3.83,15.31,1.07,0.99,"NAN","NAN","NAN","NAN",3.239
"2026-01-04 08:40:00",40145,3.68,14.7,1.07,0.99,"NAN","NAN","NAN","NAN",3.254
"2026-01-04 08:50:00",40146,3.66,14.6,1.24,1.16,"NAN","NAN","NAN","NAN",3.279
"2026-01-04 09:00:00",40147,4.57,18.28,1.39,1.3,"NAN","NAN","NAN","NAN",3.29
"2026-01-04 09:10:00",40148,3.82,15.25,1.13,1.05,"NAN","NAN","NAN","NAN",3.206
"2026-01-04 09:20:00",40149,3.59,14.33,1.05,0.97,"NAN","NAN","NAN","NAN",3.231
"2026-01-04 09:30:00",40150,3.85,15.38,1.08,1,"NAN","NAN","NAN","NAN",3.123
"2026-01-04 09:40:00",40151,3.83,15.29,1.05,0.97,"NAN","NAN","NAN","NAN",3.215
"2026-01-04 09:50:00",40152,3.66,14.59,1.04,0.97,"NAN","NAN","NAN","NAN",3.246
"2026-01-04 10:00:00",40153,3.71,14.81,1.05,0.97,"NAN","NAN","NAN","NAN",3.254
"2026-01-04 10:10:00",40154,5.25,21.01,1.31,1.22,"NAN","NAN","NAN","NAN",3.254
"2026-01-04 10:20:00",40155,4.03,16.11,1.17,1.09,"NAN","NAN","NAN","NAN",3.264
"2026-01-04 10:30:00",40156,4.22,16.88,1.23,1.15,"NAN","NAN","NAN","NAN",3.318
"2026-01-04 10:40:00",40157,4.19,16.75,1.19,1.11,"NAN","NAN","NAN","NAN",3.315
"2026-01-04 10:50:00",40158,4.31,17.24,1.32,1.23,"NAN","NAN","NAN","NAN",3.336
"2026-01-04 11:00:00",40159,4.79,19.15,1.1,1.02,"NAN","NAN","NAN","NAN",3.35
"2026-01-04 11:10:00",40160,2.41,9.55,0.84,0.76,"NAN","NAN","NAN","NAN",3.382
"2026-01-04 11:20:00",40161,3.89,15.53,1.28,1.2,"NAN","NAN","NAN","NAN",3.409
"2026-01-04 11:30:00",40162,3.42,13.64,1.33,1.24,"NAN","NAN","NAN","NAN",3.428
"2026-01-04 11:40:00",40163,4.45,17.81,0.83,0.75,"NAN","NAN","NAN","NAN",3.438
"2026-01-04 11:50:00",40164,3.73,14.87,1.16,1.08,"NAN","NAN","NAN","NAN",3.443
"2026-01-04 12:00:00",40165,4.51,18.04,1.44,1.35,"NAN","NAN","NAN","NAN",3.446
"2026-01-04 12:10:00",40166,4.26,17.04,1.1,1.02,"NAN","NAN","NAN","NAN",3.465
"2026-01-04 12:20:00",40167,3.44,13.74,1.03,0.95,"NAN","NAN","NAN","NAN",3.47
"2026-01-04 12:30:00",40168,3.94,15.75,1.12,1.04,"NAN","NAN","NAN","NAN",3.472
"2026-01-04 12:40:00",40169,3.67,14.66,1.05,0.98,"NAN","NAN","NAN","NAN",3.484
"2026-01-04 12:50:00",40170,2.48,9.85,0.86,0.79,"NAN","NAN","NAN","NAN",3.508
"2026-01-04 13:00:00",40171,3.27,13.04,1.29,1.21,"NAN","NAN","NAN","NAN",3.523
"2026-01-04 13:10:00",40172,3.83,15.28,1.18,1.1,"NAN","NAN","NAN","NAN",3.511
"2026-01-04 13:20:00",40173,4.52,18.06,1.25,1.17,"NAN","NAN","NAN","NAN",3.527
"2026-01-04 13:30:00",40174,3.45,13.76,1.02,0.94,"NAN","NAN","NAN","NAN",3.541
"2026-01-04 13:40:00",40175,3.58,14.28,1.12,1.04,"NAN","NAN","NAN","NAN",3.564
"2026-01-04 13:50:00",40176,2.46,9.76,0.97,0.9,"NAN","NAN","NAN","NAN",3.589
"2026-01-04 14:00:00",40177,4.07,16.28,1.36,1.27,"NAN","NAN","NAN","NAN",3.626
"2026-01-04 14:10:00",40178,3.53,14.08,1.16,1.08,"NAN","NAN","NAN","NAN",3.684
"2026-01-04 14:20:00",40179,3.64,14.54,1.26,1.18,"NAN","NAN","NAN","NAN",3.694
"2026-01-04 14:30:00",40180,3.75,14.96,1.36,1.28,"NAN","NAN","NAN","NAN",3.687
"2026-01-04 14:40:00",40181,3.61,14.4,1.16,1.07,"NAN","NAN","NAN","NAN",3.674
"2026-01-04 14:50:00",40182,3.58,14.28,1.13,1.05,"NAN","NAN","NAN","NAN",3.655
"2026-01-04 15:00:00",40183,3.84,15.35,1.23,1.14,"NAN","NAN","NAN","NAN",3.654
"2026-01-04 15:10:00",40184,2.47,9.79,0.99,0.91,"NAN","NAN","NAN","NAN",3.687
"2026-01-04 15:20:00",40185,4.32,17.28,1.44,1.35,"NAN","NAN","NAN","NAN",3.711
"2026-01-04 15:30:00",40186,3.48,13.9,1.21,1.13,"NAN","NAN","NAN","NAN",3.712
"2026-01-04 15:40:00",40187,3.83,15.29,1.13,1.05,"NAN","NAN","NAN","NAN",3.703
"2026-01-04 15:50:00",40188,3.93,15.69,1.11,1.03,"NAN","NAN","NAN","NAN",3.674
"2026-01-04 16:00:00",40189,3.97,15.86,1.34,1.26,"NAN","NAN","NAN","NAN",3.679
"2026-01-04 16:10:00",40190,4.25,16.97,1.37,1.28,"NAN","NAN","NAN","NAN",3.665
"2026-01-04 16:20:00",40191,3.19,12.72,1.16,1.08,"NAN","NAN","NAN","NAN",3.673
"2026-01-04 16:30:00",40192,3.38,13.5,1.31,1.23,"NAN","NAN","NAN","NAN",3.67
"2026-01-04 16:40:00",40193,3.07,12.22,1.06,0.98,"NAN","NAN","NAN","NAN",3.684
"2026-01-04 16:50:00",40194,"NAN","NAN","NAN","NAN","NAN","NAN","NAN","NAN","NAN"
"2026-01-04 17:00:00",40195,3.01,11.98,1.12,1.04,"NAN","NAN","NAN","NAN",3.701
"2026-01-04 17:10:00",40196,2.06,8.16,0.9,0.82,"NAN","NAN","NAN","NAN",3.701
"2026-01-04 17:20:00",40197,2.51,9.979999,1.04,0.96,"NAN","NAN","NAN","NAN",3.693
"2026-01-04 17:30:00",40198,3.79,15.12,1.3,1.22,"NAN","NAN","NAN","NAN",3.673
"2026-01-04 17:40:00",40199,4.09,16.35,1.33,1.24,"NAN","NAN","NAN","NAN",3.664
"2026-01-04 17:50:00",40200,3.5,13.96,1.14,1.06,"NAN","NAN","NAN","NAN",3.648
"2026-01-04 18:00:00",40201,4.09,16.35,1.39,1.3,"NAN","NAN","NAN","NAN",3.628
"2026-01-04 18:10:00",40202,3.64,14.53,1.28,1.19,"NAN","NAN","NAN","NAN",3.634
"2026-01-04 18:20:00",40203,4.2,16.79,1.2,1.12,"NAN","NAN","NAN","NAN",3.639
"2026-01-04 18:30:00",40204,3.84,15.34,1.16,1.07,"NAN","NAN","NAN","NAN",3.624
"2026-01-04 18:40:00",40205,3.76,15.02,1.24,1.16,"NAN","NAN","NAN","NAN",3.647
"2026-01-04 18:50:00",40206,4.39,17.55,1.28,1.19,"NAN","NAN","NAN","NAN",3.628
"2026-01-04 19:00:00",40207,4.17,16.68,1.3,1.21,"NAN","NAN","NAN","NAN",3.601
"2026-01-04 19:10:00",40208,4.22,16.85,1.3,1.22,"NAN","NAN","NAN","NAN",3.576
"2026-01-04 19:20:00",40209,4.39,17.55,1.49,1.4,"NAN","NAN","NAN","NAN",3.578
"2026-01-04 19:30:00",40210,3.99,15.94,1.22,1.14,"NAN","NAN","NAN","NAN",3.58
"2026-01-04 19:40:00",40211,4.13,16.49,1.27,1.18,"NAN","NAN","NAN","NAN",3.585
"2026-01-04 19:50:00",40212,4.04,16.13,1.28,1.19,"NAN","NAN","NAN","NAN",3.591
"2026-01-04 20:00:00",40213,4.28,17.09,1.27,1.19,"NAN","NAN","NAN","NAN",3.578
"2026-01-04 20:10:00",40214,4.32,17.28,1.4,1.32,"NAN","NAN","NAN","NAN",3.575
"2026-01-04 20:20:00",40215,4.14,16.56,1.4,1.32,"NAN","NAN","NAN","NAN",3.577
"2026-01-04 20:30:00",40216,4.4,17.58,1.35,1.27,"NAN","NAN","NAN","NAN",3.584
"2026-01-04 20:40:00",40217,3.88,15.51,1.47,1.38,"NAN","NAN","NAN","NAN",3.585
"2026-01-04 20:50:00",40218,3.86,15.4,1.31,1.22,"NAN","NAN","NAN","NAN",3.565
"2026-01-04 21:00:00",40219,4.32,17.28,1.4,1.31,"NAN","NAN","NAN","NAN",3.571
"2026-01-04 21:10:00",40220,5.11,20.46,1.21,1.12,"NAN","NAN","NAN","NAN",3.559
"2026-01-04 21:20:00",40221,4.4,17.58,1.29,1.2,"NAN","NAN","NAN","NAN",3.558
"2026-01-04 21:30:00",40222,3.66,14.59,1.23,1.15,"NAN","NAN","NAN","NAN",3.564
"2026-01-04 21:40:00",40223,4.11,16.4,1.27,1.19,"NAN","NAN","NAN","NAN",3.563
"2026-01-04 21:50:00",40224,4.03,16.08,1.37,1.29,"NAN","NAN","NAN","NAN",3.57
"2026-01-04 22:00:00",40225,4.27,17.07,1.26,1.18,"NAN","NAN","NAN","NAN",3.581
"2026-01-04 22:10:00",40226,3.45,13.75,1.33,1.24,"NAN","NAN","NAN","NAN",3.6
"2026-01-04 22:20:00",40227,4.17,16.66,1.29,1.21,"NAN","NAN","NAN","NAN",3.602
"2026-01-04 22:30:00",40228,3.68,14.7,1.23,1.14,"NAN","NAN","NAN","NAN",3.593
"2026-01-04 22:40:00",40229,4.28,17.13,1.31,1.23,"NAN","NAN","NAN","NAN",3.589
"2026-01-04 22:50:00",40230,4.53,18.11,1.28,1.2,"NAN","NAN","NAN","NAN",3.595
"2026-01-04 23:00:00",40231,3.32,13.22,1.39,1.31,"NAN","NAN","NAN","NAN",3.598
"2026-01-04 23:10:00",40232,4.61,18.46,1.49,1.4,"NAN","NAN","NAN","NAN",3.584
"2026-01-04 23:20:00",40233,3.26,13.01,1.22,1.13,"NAN","NAN","NAN","NAN",3.571
"2026-01-04 23:30:00",40234,3,11.95,0.95,0.88,"NAN","NAN","NAN","NAN",3.589
"2026-01-04 23:40:00",40235,4.24,16.94,1.39,1.3,"NAN","NAN","NAN","NAN",3.601
"2026-01-04 23:50:00",40236,3.9,15.56,1.19,1.11,"NAN","NAN","NAN","NAN",3.615
"2026-01-05 00:00:00",40237,3.52,14.04,1.25,1.17,"NAN","NAN","NAN","NAN",3.636
"2026-01-05 00:10:00",40238,3.2,12.74,1.2,1.11,"NAN","NAN","NAN","NAN",3.593
"2026-01-05 00:20:00",40239,3.41,13.61,1.23,1.14,"NAN","NAN","NAN","NAN",3.568
"2026-01-05 00:30:00",40240,3.39,13.51,1.19,1.11,"NAN","NAN","NAN","NAN",3.582
"2026-01-05 00:40:00",40241,3.9,15.56,1.2,1.12,"NAN","NAN","NAN","NAN",3.559
"2026-01-05 00:50:00",40242,3.29,13.12,1.24,1.16,"NAN","NAN","NAN","NAN",3.533
"2026-01-05 01:00:00",40243,3.12,12.44,1.1,1.02,"NAN","NAN","NAN","NAN",3.531
"2026-01-05 01:10:00",40244,2.22,8.8,0.83,0.75,"NAN","NAN","NAN","NAN",3.533
"2026-01-05 01:20:00",40245,3.17,12.61,1.2,1.12,"NAN","NAN","NAN","NAN",3.545
"2026-01-05 01:30:00",40246,3.56,14.22,1.09,1.01,"NAN","NAN","NAN","NAN",3.551
"2026-01-05 01:40:00",40247,"NAN","NAN","NAN","NAN","NAN","NAN","NAN","NAN","NAN"
"2026-01-05 01:50:00",40248,3.98,15.9,1.35,1.27,"NAN","NAN","NAN","NAN",3.574
"2026-01-05 02:00:00",40249,4.54,18.18,1.37,1.29,"NAN","NAN","NAN","NAN",3.61
"2026-01-05 02:10:00",40250,3.96,15.83,1.29,1.21,"NAN","NAN","NAN","NAN",3.559
"2026-01-05 02:20:00",40251,4.22,16.89,1.39,1.31,"NAN","NAN","NAN","NAN",3.526
"2026-01-05 02:30:00",40252,3.94,15.75,1.35,1.27,"NAN","NAN","NAN","NAN",3.523
"2026-01-05 02:40:00",40253,4.25,17,1.33,1.25,"NAN","NAN","NAN","NAN",3.504
"2026-01-05 02:50:00",40254,3.95,15.79,1.34,1.25,"NAN","NAN","NAN","NAN",3.476
"2026-01-05 03:00:00",40255,5.33,21.35,1.66,1.57,"NAN","NAN","NAN","NAN",3.498
"2026-01-05 03:10:00",40256,3.18,12.67,1.23,1.15,"NAN","NAN","NAN","NAN",3.516
"2026-01-05 03:20:00",40257,4,15.97,1.31,1.23,"NAN","NAN","NAN","NAN",3.531
"2026-01-05 03:30:00",40258,3.79,15.12,1.28,1.2,"NAN","NAN","NAN","NAN",3.433
"2026-01-05 03:40:00",40259,3.02,12.04,1.32,1.23,"NAN","NAN","NAN","NAN",3.448
"2026-01-05 03:50:00",40260,3.1,12.36,1.06,0.98,"NAN","NAN","NAN","NAN",3.433
"2026-01-05 04:00:00",40261,2.91,11.58,1.05,0.97,"NAN","NAN","NAN","NAN",3.492
"2026-01-05 04:10:00",40262,2.19,8.689999,0.87,0.8,"NAN","NAN","NAN","NAN",3.519
"2026-01-05 04:20:00",40263,3.34,13.32,1.08,1,"NAN","NAN","NAN","NAN",3.511
"2026-01-05 04:30:00",40264,3.44,13.71,1.26,1.18,"NAN","NAN","NAN","NAN",3.525
"2026-01-05 04:40:00",40265,2.63,10.45,0.88,0.8,"NAN","NAN","NAN","NAN",3.522
"2026-01-05 04:50:00",40266,2.84,11.28,0.98,0.91,"NAN","NAN","NAN","NAN",3.517
"2026-01-05 05:00:00",40267,3.91,15.62,1.26,1.17,"NAN","NAN","NAN","NAN",3.472
"2026-01-05 05:10:00",40268,3.81,15.22,1.24,1.16,"NAN","NAN","NAN","NAN",3.476
"2026-01-05 05:20:00",40269,3.95,15.77,1.28,1.2,"NAN","NAN","NAN","NAN",3.492
"2026-01-05 05:30:00",40270,3.76,15.02,1.27,1.19,"NAN","NAN","NAN","NAN",3.486
"2026-01-05 05:40:00",40271,4.32,17.25,1.47,1.38,"NAN","NAN","NAN","NAN",3.451
"2026-01-05 05:50:00",40272,4.39,17.57,1.43,1.34,"NAN","NAN","NAN","NAN",3.413
"2026-01-05 06:00:00",40273,3.29,13.1,1.34,1.26,"NAN","NAN","NAN","NAN",3.376
"2026-01-05 06:10:00",40274,3.96,15.82,1.34,1.25,"NAN","NAN","NAN","NAN",3.42
"2026-01-05 06:20:00",40275,3.41,13.61,1.22,1.13,"NAN","NAN","NAN","NAN",3.418
"2026-01-05 06:30:00",40276,1.56,6.13,0.59,0.53,"NAN","NAN","NAN","NAN",3.397
"2026-01-05 06:40:00",40277,2.28,9.05,0.8,0.73,"NAN","NAN","NAN","NAN",3.381
"2026-01-05 06:50:00",40278,1.91,7.53,0.8,0.73,"NAN","NAN","NAN","NAN",3.363
"2026-01-05 07:00:00",40279,2.99,11.91,1.08,1,"NAN","NAN","NAN","NAN",3.322
"2026-01-05 07:10:00",40280,3.38,13.47,1.32,1.24,"NAN","NAN","NAN","NAN",3.304
"2026-01-05 07:20:00",40281,3.32,13.25,1.38,1.3,"NAN","NAN","NAN","NAN",3.347
"2026-01-05 07:30:00",40282,4.18,16.7,1.59,1.5,"NAN","NAN","NAN","NAN",3.34
"2026-01-05 07:40:00",40283,3.46,13.78,1.24,1.15,"NAN","NAN","NAN","NAN",3.348
"2026-01-05 07:50:00",40284,2.23,8.84,0.83,0.76,"NAN","NAN","NAN","NAN",3.365
"2026-01-05 08:00:00",40285,3.13,12.46,0.96,0.88,"NAN","NAN","NAN","NAN",3.397
"2026-01-05 08:10:00",40286,1.82,7.19,0.64,0.57,"NAN","NAN","NAN","NAN",3.436
"2026-01-05 08:20:00",40287,3.6,14.36,1.2,1.12,"NAN","NAN","NAN","NAN",3.454
"2026-01-05 08:30:00",40288,3.4,13.54,1.21,1.13,"NAN","NAN","NAN","NAN",3.455
"2026-01-05 08:40:00",40289,1.5,5.9,0.51,0.45,"NAN","NAN","NAN","NAN",3.453
"2026-01-05 08:50:00",40290,1.72,6.76,0.66,0.59,"NAN","NAN","NAN","NAN",3.465
"2026-01-05 09:00:00",40291,1.45,5.68,0.59,0.52,"NAN","NAN","NAN","NAN",3.458
"2026-01-05 09:10:00",40292,0.97,3.76,0.41,0.34,"NAN","NAN","NAN","NAN",3.453
"2026-01-05 09:20:00",40293,0.88,3.38,0.4,0.34,"NAN","NAN","NAN","NAN",3.453
"2026-01-05 09:30:00",40294,0.73,2.79,0.3,0.24,"NAN","NAN","NAN","NAN",3.45
"2026-01-05 09:40:00",40295,1.07,4.17,0.47,0.41,"NAN","NAN","NAN","NAN",3.451
"2026-01-05 09:50:00",40296,1.06,4.1,0.5,0.44,"NAN","NAN","NAN","NAN",3.457
"2026-01-05 10:00:00",40297,0.85,3.28,0.4,0.34,"NAN","NAN","NAN","NAN",3.458
"2026-01-05 10:10:00",40298,0.92,3.54,0.34,0.27,"NAN","NAN","NAN","NAN",3.459
"2026-01-05 10:20:00",40299,0.81,3.12,0.3,0.24,"NAN","NAN","NAN","NAN",3.461
"2026-01-05 10:30:00",40300,"NAN","NAN","NAN","NAN","NAN","NAN","NAN","NAN","NAN"
"2026-01-05 10:40:00",40301,0.97,3.74,0.35,0.29,"NAN","NAN","NAN","NAN",3.5
"2026-01-05 10:50:00",40302,0.82,3.15,0.31,0.25,"NAN","NAN","NAN","NAN",3.527
"2026-01-05 11:00:00",40303,1.62,6.36,0.54,0.47,"NAN","NAN","NAN","NAN",3.582
"2026-01-05 11:10:00",40304,2.28,9.020001,0.71,0.64,"NAN","NAN","NAN","NAN",3.625
"2026-01-05 11:20:00",40305,1.47,5.77,0.46,0.4,"NAN","NAN","NAN","NAN",3.645
"2026-01-05 11:30:00",40306,1.87,7.4,0.67,0.6,"NAN","NAN","NAN","NAN",3.664
"2026-01-05 11:40:00",40307,2.08,8.25,0.59,0.52,"NAN","NAN","NAN","NAN",3.662
"2026-01-05 11:50:00",40308,2.51,9.96,0.79,0.71,"NAN","NAN","NAN","NAN",3.67
"2026-01-05 12:00:00",40309,1.92,7.59,0.6,0.53,"NAN","NAN","NAN","NAN",3.649
"2026-01-05 12:10:00",40310,2.79,11.1,1.23,1.15,"NAN","NAN","NAN","NAN",3.652
"2026-01-05 12:20:00",40311,4.25,16.99,1.22,1.14,"NAN","NAN","NAN","NAN",3.662
"2026-01-05 12:30:00",40312,1.2,4.69,0.42,0.36,"NAN","NAN","NAN","NAN",3.677
"2026-01-05 12:40:00",40313,3.17,12.62,0.87,0.79,"NAN","NAN","NAN","NAN",3.675
"2026-01-05 12:50:00",40314,3.05,12.16,1,0.93,"NAN","NAN","NAN","NAN",3.654
"2026-01-05 13:00:00",40315,3.29,13.1,0.97,0.89,"NAN","NAN","NAN","NAN",3.705
"2026-01-05 13:10:00",40316,3.89,15.55,1.12,1.04,"NAN","NAN","NAN","NAN",3.74
"2026-01-05 13:20:00",40317,3.67,14.65,1.05,0.97,"NAN","NAN","NAN","NAN",3.755
"2026-01-05 13:30:00",40318,1.69,6.65,0.56,0.5,"NAN","NAN","NAN","NAN",3.755
"2026-01-05 13:40:00",40319,1.95,7.7,0.68,0.61,"NAN","NAN","NAN","NAN",3.778
"2026-01-05 13:50:00",40320,3.4,13.57,0.93,0.85,"NAN","NAN","NAN","NAN",3.777
"2026-01-05 14:00:00",40321,1.17,4.55,0.47,0.4,"NAN","NAN","NAN","NAN",3.779
"2026-01-05 14:10:00",40322,2.26,8.979999,0.72,0.65,"NAN","NAN","NAN","NAN",3.782
"2026-01-05 14:20:00",40323,2.85,11.36,0.8,0.72,"NAN","NAN","NAN","NAN",3.801
"2026-01-05 14:30:00",40324,1.28,5,0.46,0.39,"NAN","NAN","NAN","NAN",3.809
"2026-01-05 14:40:00",40325,0.83,3.2,0.3,0.24,"NAN","NAN","NAN","NAN",3.817
"2026-01-05 14:50:00",40326,0.85,3.26,0.31,0.25,"NAN","NAN","NAN","NAN",3.82
"2026-01-05 15:00:00",40327,1.73,6.84,0.56,0.49,"NAN","NAN","NAN","NAN",3.823
"2026-01-05 15:10:00",40328,0.88,3.37,0.32,0.26,"NAN","NAN","NAN","NAN",3.83
"2026-01-05 15:20:00",40329,0.85,3.29,0.32,0.26,"NAN","NAN","NAN","NAN",3.831
"2026-01-05 15:30:00",40330,2.07,8.2,0.66,0.59,"NAN","NAN","NAN","NAN",3.835
"2026-01-05 15:40:00",40331,1.37,5.35,0.49,0.42,"NAN","NAN","NAN","NAN",3.839
"2026-01-05 15:50:00",40332,2.01,7.93,0.63,0.56,"NAN","NAN","NAN","NAN",3.837
"2026-01-05 16:00:00",40333,2.14,8.46,0.75,0.68,"NAN","NAN","NAN","NAN",3.854
"2026-01-05 16:10:00",40334,2.15,8.5,0.55,0.49,"NAN","NAN","NAN","NAN",3.851
"2026-01-05 16:20:00",40335,2.46,9.770001,0.76,0.68,"NAN","NAN","NAN","NAN",3.839
"2026-01-05 16:30:00",40336,1.77,6.98,0.63,0.56,"NAN","NAN","NAN","NAN",3.841
"2026-01-05 16:40:00",40337,2.75,10.94,0.73,0.66,"NAN","NAN","NAN","NAN",3.833
"2026-01-05 16:50:00",40338,3.46,13.79,1.11,1.03,"NAN","NAN","NAN","NAN",3.83
"2026-01-05 17:00:00",40339,4.32,17.27,0.86,0.78,"NAN","NAN","NAN","NAN",3.822
"2026-01-05 17:10:00",40340,2.83,11.27,0.87,0.79,"NAN","NAN","NAN","NAN",3.823
"2026-01-05 17:20:00",40341,3.22,12.81,0.96,0.88,"NAN","NAN","NAN","NAN",3.823
"2026-01-05 17:30:00",40342,3.27,13.03,0.89,0.81,"NAN","NAN","NAN","NAN",3.816
"2026-01-05 17:40:00",40343,2.54,10.09,0.88,0.81,"NAN","NAN","NAN","NAN",3.827
"2026-01-05 17:50:00",40344,3.33,13.27,0.94,0.87,"NAN","NAN","NAN","NAN",3.818
"2026-01-05 18:00:00",40345,3.55,14.17,1.06,0.98,"NAN","NAN","NAN","NAN",3.812
"2026-01-05 18:10:00",40346,3.36,13.39,1.03,0.95,"NAN","NAN","NAN","NAN",3.8
"2026-01-05 18:20:00",40347,3.25,12.96,1,0.92,"NAN","NAN","NAN","NAN",3.789
"2026-01-05 18:30:00",40348,2.98,11.86,0.95,0.88,"NAN","NAN","NAN","NAN",3.787
"2026-01-05 18:40:00",40349,3.87,15.46,1.18,1.1,"NAN","NAN","NAN","NAN",3.785
"2026-01-05 18:50:00",40350,3.07,12.22,1.12,1.04,"NAN","NAN","NAN","NAN",3.788
"2026-01-05 19:00:00",40351,4.02,16.07,1.01,0.93,"NAN","NAN","NAN","NAN",3.785
"2026-01-05 19:10:00",40352,2.91,11.57,1.07,0.99,"NAN","NAN","NAN","NAN",3.785
"2026-01-05 19:20:00",40353,"NAN","NAN","NAN","NAN","NAN","NAN","NAN","NAN","NAN"
"2026-01-05 19:30:00",40354,2.58,10.25,1,0.92,"NAN","NAN","NAN","NAN",3.776
"2026-01-05 19:40:00",40355,2.96,11.8,1.04,0.96,"NAN","NAN","NAN","NAN",3.731
"2026-01-05 19:50:00",40356,3.59,14.34,1.19,1.11,"NAN","NAN","NAN","NAN",3.715
"2026-01-05 20:00:00",40357,3.35,13.34,1.16,1.08,"NAN","NAN","NAN","NAN",3.697
"2026-01-05 20:10:00",40358,2.92,11.62,1.03,0.95,"NAN","NAN","NAN","NAN",3.706
"2026-01-05 20:20:00",40359,3,11.94,1.09,1.01,"NAN","NAN","NAN","NAN",3.693
"2026-01-05 20:30:00",40360,3.12,12.41,1.03,0.96,"NAN","NAN","NAN","NAN",3.703
"2026-01-05 20:40:00",40361,3.35,13.35,1.23,1.15,"NAN","NAN","NAN","NAN",3.689
"2026-01-05 20:50:00",40362,3.71,14.81,1.21,1.12,"NAN","NAN","NAN","NAN",3.672
"2026-01-05 21:00:00",40363,3.11,12.38,1.05,0.97,"NAN","NAN","NAN","NAN",3.67
"2026-01-05 21:10:00",40364,3.95,15.77,1.28,1.19,"NAN","NAN","NAN","NAN",3.673
"2026-01-05 21:20:00",40365,3.15,12.55,1.17,1.09,"NAN","NAN","NAN","NAN",3.673
"2026-01-05 21:30:00",40366,3.69,14.75,1.23,1.15,"NAN","NAN","NAN","NAN",3.671
"2026-01-05 21:40:00",40367,3.78,15.11,1.15,1.06,"NAN","NAN","NAN","NAN",3.665
"2026-01-05 21:50:00",40368,3.72,14.86,1.22,1.14,"NAN","NAN","NAN","NAN",3.65
"2026-01-05 22:00:00",40369,3.82,15.26,1.14,1.06,"NAN","NAN","NAN","NAN",3.63
"2026-01-05 22:10:00",40370,3.49,13.94,1.14,1.05,"NAN","NAN","NAN","NAN",3.635
"2026-01-05 22:20:00",40371,3.9,15.56,1.23,1.14,"NAN","NAN","NAN","NAN",3.623
"2026-01-05 22:30:00",40372,3.59,14.32,1.14,1.06,"NAN","NAN","NAN","NAN",3.621
"2026-01-05 22:40:00",40373,4.07,16.26,1.22,1.14,"NAN","NAN","NAN","NAN",3.619
"2026-01-05 22:50:00",40374,3.89,15.54,1.16,1.07,"NAN","NAN","NAN","NAN",3.606
"2026-01-05 23:00:00",40375,3.88,15.48,1.14,1.06,"NAN","NAN","NAN","NAN",3.605
"2026-01-05 23:10:00",40376,4,15.99,1.29,1.21,"NAN","NAN","NAN","NAN",3.59
"2026-01-05 23:20:00",40377,3.41,13.61,1.18,1.1,"NAN","NAN","NAN","NAN",3.582
"2026-01-05 23:30:00",40378,3.85,15.37,1.14,1.06,"NAN","NAN","NAN","NAN",3.582
"2026-01-05 23:40:00",40379,3.63,14.48,1.2,1.12,"NAN","NAN","NAN","NAN",3.584
"2026-01-05 23:50:00",40380,3.47,13.85,1.2,1.12,"NAN","NAN","NAN","NAN",3.579
"2026-01-06 00:00:00",40381,4.08,16.29,1.24,1.16,"NAN","NAN","NAN","NAN",3.56
"2026-01-06 00:10:00",40382,3.89,15.52,1.16,1.08,"NAN","NAN","NAN","NAN",3.555
"2026-01-06 00:20:00",40383,3.38,13.47,1.15,1.07,"NAN","NAN","NAN","NAN",3.539
"2026-01-06 00:30:00",40384,4.11,16.41,1.25,1.17,"NAN","NAN","NAN","NAN",3.53
"2026-01-06 00:40:00",40385,3.66,14.62,1.29,1.2,"NAN","NAN","NAN","NAN",3.553
"2026-01-06 00:50:00",40386,4.29,17.14,1.38,1.29,"NAN","NAN","NAN","NAN",3.545
"2026-01-06 01:00:00",40387,3.93,15.7,1.37,1.28,"NAN","NAN","NAN","NAN",3.533
"2026-01-06 01:10:00",40388,4.09,16.33,1.33,1.24,"NAN","NAN","NAN","NAN",3.529
"2026-01-06 01:20:00",40389,3.35,13.35,1.06,0.98,"NAN","NAN","NAN","NAN",3.532
"2026-01-06 01:30:00",40390,3.52,14.06,1.21,1.13,"NAN","NAN","NAN","NAN",3.533
"2026-01-06 01:40:00",40391,3.86,15.41,1.18,1.09,"NAN","NAN","NAN","NAN",3.541
"2026-01-06 01:50:00",40392,4.24,16.95,1.29,1.2,"NAN","NAN","NAN","NAN",3.533
"2026-01-06 02:00:00",40393,3.81,15.2,1.16,1.08,"NAN","NAN","NAN","NAN",3.527
"2026-01-06 02:10:00",40394,3.28,13.08,1.13,1.05,"NAN","NAN","NAN","NAN",3.529
"2026-01-06 02:20:00",40395,3.22,12.82,1.13,1.05,"NAN","NAN","NAN","NAN",3.533
"2026-01-06 02:30:00",40396,3.59,14.31,1.14,1.06,"NAN","NAN","NAN","NAN",3.549
"2026-01-06 02:40:00",40397,3.89,15.52,1.28,1.19,"NAN","NAN","NAN","NAN",3.526
"2026-01-06 02:50:00",40398,2.7,10.72,0.9,0.83,"NAN","NAN","NAN","NAN",3.514
"2026-01-06 03:00:00",40399,3.46,13.79,1.27,1.18,"NAN","NAN","NAN","NAN",3.495
"2026-01-06 03:10:00",40400,2.71,10.79,0.95,0.88,"NAN","NAN","NAN","NAN",3.496
"2026-01-06 03:20:00",40401,3.7,14.77,1.12,1.04,"NAN","NAN","NAN","NAN",3.49
"2026-01-06 03:30:00",40402,3.46,13.81,1.09,1.01,"NAN","NAN","NAN","NAN",3.464
"2026-01-06 03:40:00",40403,3.61,14.4,1.34,1.25,"NAN","NAN","NAN","NAN",3.444
"2026-01-06 03:50:00",40404,4.05,16.18,1.17,1.09,"NAN","NAN","NAN","NAN",3.458
"2026-01-06 04:00:00",40405,3.22,12.83,1.23,1.14,"NAN","NAN","NAN","NAN",3.469
"2026-01-06 04:10:00",40406,"NAN","NAN","NAN","NAN","NAN","NAN","NAN","NAN","NAN"
"2026-01-06 04:20:00",40407,3.67,14.64,1.12,1.03,"NAN","NAN","NAN","NAN",3.465
"2026-01-06 04:30:00",40408,4.14,16.56,1.25,1.17,"NAN","NAN","NAN","NAN",3.452
"2026-01-06 04:40:00",40409,4.63,18.52,1.17,1.08,"NAN","NAN","NAN","NAN",3.448
"2026-01-06 04:50:00",40410,3.18,12.69,1.17,1.09,"NAN","NAN","NAN","NAN",3.457
"2026-01-06 05:00:00",40411,3.61,14.43,1.2,1.12,"NAN","NAN","NAN","NAN",3.458
"2026-01-06 05:10:00",40412,3.61,14.4,1.18,1.1,"NAN","NAN","NAN","NAN",3.418
"2026-01-06 05:20:00",40413,4.21,16.82,1.35,1.26,"NAN","NAN","NAN","NAN",3.404
"2026-01-06 05:30:00",40414,3.76,15.02,1.24,1.16,"NAN","NAN","NAN","NAN",3.405
"2026-01-06 05:40:00",40415,3.42,13.63,1.12,1.03,"NAN","NAN","NAN","NAN",3.411
"2026-01-06 05:50:00",40416,4.33,17.33,1.4,1.31,"NAN","NAN","NAN","NAN",3.414
"2026-01-06 06:00:00",40417,3.78,15.09,1.34,1.25,"NAN","NAN","NAN","NAN",3.428
"2026-01-06 06:10:00",40418,3.58,14.27,1.15,1.07,"NAN","NAN","NAN","NAN",3.436
"2026-01-06 06:20:00",40419,3.8,15.17,1.27,1.19,"NAN","NAN","NAN","NAN",3.442
"2026-01-06 06:30:00",40420,3.61,14.4,1.1,1.02,"NAN","NAN","NAN","NAN",3.448
"2026-01-06 06:40:00",40421,3.77,15.07,1.32,1.24,"NAN","NAN","NAN","NAN",3.452
"2026-01-06 06:50:00",40422,4.09,16.35,1.21,1.12,"NAN","NAN","NAN","NAN",3.462
"2026-01-06 07:00:00",40423,4.02,16.06,1.22,1.14,"NAN","NAN","NAN","NAN",3.474
"2026-01-06 07:10:00",40424,3.88,15.5,1.19,1.11,"NAN","NAN","NAN","NAN",3.481
"2026-01-06 07:20:00",40425,4.27,17.07,1.26,1.18,"NAN","NAN","NAN","NAN",3.486
"2026-01-06 07:30:00",40426,4.34,17.35,1.26,1.18,"NAN","NAN","NAN","NAN",3.481
"2026-01-06 07:40:00",40427,3.85,15.39,1.37,1.28,"NAN","NAN","NAN","NAN",3.483
"2026-01-06 07:50:00",40428,4.18,16.7,1.38,1.29,"NAN","NAN","NAN","NAN",3.479
"2026-01-06 08:00:00",40429,3.66,14.63,1.25,1.16,"NAN","NAN","NAN","NAN",3.476
"2026-01-06 08:10:00",40430,3.91,15.61,1.24,1.16,"NAN","NAN","NAN","NAN",3.462
"2026-01-06 08:20:00",40431,2.8,11.15,1.01,0.93,"NAN","NAN","NAN","NAN",3.434
"2026-01-06 08:30:00",40432,3.91,15.6,1.19,1.11,"NAN","NAN","NAN","NAN",3.418
"2026-01-06 08:40:00",40433,3.79,15.15,1.22,1.14,"NAN","NAN","NAN","NAN",3.416
"2026-01-06 08:50:00",40434,3.53,14.07,1.13,1.05,"NAN","NAN","NAN","NAN",3.411
"2026-01-06 09:00:00",40435,3.5,13.96,1.14,1.06,"NAN","NAN","NAN","NAN",3.435
"2026-01-06 09:10:00",40436,4.07,16.28,1.23,1.15,"NAN","NAN","NAN","NAN",3.447
"2026-01-06 09:20:00",40437,3.71,14.81,1.28,1.2,"NAN","NAN","NAN","NAN",3.457
"2026-01-06 09:30:00",40438,3.68,14.68,1.12,1.03,"NAN","NAN","NAN","NAN",3.467
"2026-01-06 09:40:00",40439,3.82,15.24,1.12,1.04,"NAN","NAN","NAN","NAN",3.487
"2026-01-06 09:50:00",40440,3.92,15.67,1.23,1.15,"NAN","NAN","NAN","NAN",3.491
"2026-01-06 10:00:00",40441,3.59,14.33,1.05,0.97,"NAN","NAN","NAN","NAN",3.492
"2026-01-06 10:10:00",40442,2.7,10.72,0.99,0.91,"NAN","NAN","NAN","NAN",3.498
"2026-01-06 10:20:00",40443,3,11.93,0.94,0.86,"NAN","NAN","NAN","NAN",3.503
"2026-01-06 10:30:00",40444,3.29,13.13,0.97,0.89,"NAN","NAN","NAN","NAN",3.525
"2026-01-06 10:40:00",40445,3.31,13.19,0.99,0.91,"NAN","NAN","NAN","NAN",3.534
"2026-01-06 10:50:00",40446,2.87,11.44,0.78,0.71,"NAN","NAN","NAN","NAN",3.532
"2026-01-06 11:00:00",40447,1.75,6.91,0.64,0.57,"NAN","NAN","NAN","NAN",3.539
"2026-01-06 11:10:00",40448,1.68,6.62,0.56,0.49,"NAN","NAN","NAN","NAN",3.55
"2026-01-06 11:20:00",40449,1.72,6.78,0.57,0.51,"NAN","NAN","NAN","NAN",3.62
"2026-01-06 11:30:00",40450,1.96,7.73,0.73,0.66,"NAN","NAN","NAN","NAN",3.654
"2026-01-06 11:40:00",40451,3.37,13.44,1.09,1.01,"NAN","NAN","NAN","NAN",3.668
"2026-01-06 11:50:00",40452,3.27,13.02,1.1,1.02,"NAN","NAN","NAN","NAN",3.67
"2026-01-06 12:00:00",40453,1.62,6.39,0.78,0.71,"NAN","NAN","NAN","NAN",3.674
"2026-01-06 12:10:00",40454,2.2,8.7,0.96,0.88,"NAN","NAN","NAN","NAN",3.724
"2026-01-06 12:20:00",40455,3.29,13.11,1.07,0.99,"NAN","NAN","NAN","NAN",3.696
"2026-01-06 12:30:00",40456,3.58,14.28,1.08,1.01,"NAN","NAN","NAN","NAN",3.692
"2026-01-06 12:40:00",40457,3.27,13.02,1.02,0.95,"NAN","NAN","NAN","NAN",3.723
"2026-01-06 12:50:00",40458,2.93,11.67,0.95,0.87,"NAN","NAN","NAN","NAN",3.742
"2026-01-06 13:00:00",40459,"NAN","NAN","NAN","NAN","NAN","NAN","NAN","NAN","NAN"
"2026-01-06 13:10:00",40460,3.01,11.99,1.01,0.93,"NAN","NAN","NAN","NAN",3.75
"2026-01-06 13:20:00",40461,3.16,12.59,1,0.92,"NAN","NAN","NAN","NAN",3.748
"2026-01-06 13:30:00",40462,2.71,10.76,0.89,0.81,"NAN","NAN","NAN","NAN",3.765
"2026-01-06 13:40:00",40463,3.79,15.12,1.01,0.93,"NAN","NAN","NAN","NAN",3.736
"2026-01-06 13:50:00",40464,3,11.93,0.94,0.86,"NAN","NAN","NAN","NAN",3.72
"2026-01-06 14:00:00",40465,3.4,13.57,0.96,0.88,"NAN","NAN","NAN","NAN",3.721
"2026-01-06 14:10:00",40466,3.12,12.44,0.9,0.83,"NAN","NAN","NAN","NAN",3.718
"2026-01-06 14:20:00",40467,3.16,12.57,0.95,0.87,"NAN","NAN","NAN","NAN",3.722
"2026-01-06 14:30:00",40468,3.3,13.14,1.02,0.94,"NAN","NAN","NAN","NAN",3.732
"2026-01-06 14:40:00",40469,4.31,17.22,1.02,0.94,"NAN","NAN","NAN","NAN",3.737
"2026-01-06 14:50:00",40470,3.04,12.09,0.85,0.77,"NAN","NAN","NAN","NAN",3.779
"2026-01-06 15:00:00",40471,2.92,11.63,0.93,0.85,"NAN","NAN","NAN","NAN",3.775
"2026-01-06 15:10:00",40472,3.52,14.03,1.02,0.94,"NAN","NAN","NAN","NAN",3.772
"2026-01-06 15:20:00",40473,3.39,13.52,0.93,0.85,"NAN","NAN","NAN","NAN",3.766
"2026-01-06 15:30:00",40474,3.49,13.94,0.99,0.92,"NAN","NAN","NAN","NAN",3.772
"2026-01-06 15:40:00",40475,3.48,13.89,1.04,0.96,"NAN","NAN","NAN","NAN",3.766
"2026-01-06 15:50:00",40476,4.29,17.17,0.9,0.82,"NAN","NAN","NAN","NAN",3.763
"2026-01-06 16:00:00",40477,3.26,12.98,0.99,0.92,"NAN","NAN","NAN","NAN",3.771
"2026-01-06 16:10:00",40478,3.42,13.65,0.91,0.83,"NAN","NAN","NAN","NAN",3.764
"2026-01-06 16:20:00",40479,3.86,15.42,1.04,0.96,"NAN","NAN","NAN","NAN",3.767
"2026-01-06 16:30:00",40480,4.44,17.76,0.99,0.92,"NAN","NAN","NAN","NAN",3.776
"2026-01-06 16:40:00",40481,3.31,13.19,1,0.92,"NAN","NAN","NAN","NAN",3.775
"2026-01-06 16:50:00",40482,3.79,15.13,1.15,1.07,"NAN","NAN","NAN","NAN",3.776
"2026-01-06 17:00:00",40483,4.04,16.12,1.17,1.08,"NAN","NAN","NAN","NAN",3.774
"2026-01-06 17:10:00",40484,3.4,13.58,0.99,0.91,"NAN","NAN","NAN","NAN",3.79
"2026-01-06 17:20:00",40485,3.84,15.32,1.03,0.95,"NAN","NAN","NAN","NAN",3.798
"2026-01-06 17:30:00",40486,3.8,15.19,1.16,1.08,"NAN","NAN","NAN","NAN",3.817
"2026-01-06 17:40:00",40487,4.39,17.57,1.19,1.11,"NAN","NAN","NAN","NAN",3.812
"2026-01-06 17:50:00",40488,3.54,14.12,0.98,0.9,"NAN","NAN","NAN","NAN",3.805
"2026-01-06 18:00:00",40489,3.66,14.6,1.2,1.12,"NAN","NAN","NAN","NAN",3.806
"2026-01-06 18:10:00",40490,3.64,14.51,1.07,0.99,"NAN","NAN","NAN","NAN",3.803
"2026-01-06 18:20:00",40491,3.88,15.48,1.2,1.12,"NAN","NAN","NAN","NAN",3.81
"2026-01-06 18:30:00",40492,3.79,15.13,1.13,1.04,"NAN","NAN","NAN","NAN",3.826
"2026-01-06 18:40:00",40493,3.92,15.68,1.19,1.1,"NAN","NAN","NAN","NAN",3.813
"2026-01-06 18:50:00",40494,3.62,14.44,1.13,1.05,"NAN","NAN","NAN","NAN",3.819
"2026-01-06 19:00:00",40495,3.69,14.72,1.21,1.13,"NAN","NAN","NAN","NAN",3.831
"2026-01-06 19:10:00",40496,3.82,15.24,1.14,1.06,"NAN","NAN","NAN","NAN",3.849
"2026-01-06 19:20:00",40497,3.65,14.57,1.06,0.98,"NAN","NAN","NAN","NAN",3.851
"2026-01-06 19:30:00",40498,3.9,15.56,1.26,1.17,"NAN","NAN","NAN","NAN",3.847
"2026-01-06 19:40:00",40499,3.25,12.97,1.05,0.97,"NAN","NAN","NAN","NAN",3.837
"2026-01-06 19:50:00",40500,3.19,12.69,0.93,0.85,"NAN","NAN","NAN","NAN",3.838
"2026-01-06 20:00:00",40501,3.47,13.85,0.96,0.88,"NAN","NAN","NAN","NAN",3.84
"2026-01-06 20:10:00",40502,3.37,13.45,0.96,0.89,"NAN","NAN","NAN","NAN",3.848
"2026-01-06 20:20:00",40503,3.68,14.68,1.02,0.94,"NAN","NAN","NAN","NAN",3.861
"2026-01-06 20:30:00",40504,3.25,12.95,0.91,0.84,"NAN","NAN","NAN","NAN",3.867
"2026-01-06 20:40:00",40505,3.47,13.83,0.99,0.91,"NAN","NAN","NAN","NAN",3.878
"2026-01-06 20:50:00",40506,3.6,14.38,1.15,1.07,"NAN","NAN","NAN","NAN",3.883
"2026-01-06 21:00:00",40507,3.51,13.99,1.06,0.99,"NAN","NAN","NAN","NAN",3.885
"2026-01-06 21:10:00",40508,3.51,14.01,1.12,1.04,"NAN","NAN","NAN","NAN",3.885
"2026-01-06 21:20:00",40509,2.73,10.87,0.99,0.92,"NAN","NAN","NAN","NAN",3.879
"2026-01-06 21:30:00",40510,3.68,14.69,1.12,1.04,"NAN","NAN","NAN","NAN",3.878
"2026-01-06 21:40:00",40511,3.35,13.34,0.97,0.9,"NAN","NAN","NAN","NAN",3.878
"2026-01-06 21:50:00",40512,"NAN","NAN","NAN","NAN","NAN","NAN","NAN","NAN","NAN"
"2026-01-06 22:00:00",40513,3.68,14.67,1.16,1.08,"NAN","NAN","NAN","NAN",3.878
"2026-01-06 22:10:00",40514,3.59,14.34,1.12,1.04,"NAN","NAN","NAN","NAN",3.874
"2026-01-06 22:20:00",40515,3.95,15.76,1.18,1.1,"NAN","NAN","NAN","NAN",3.88
"2026-01-06 22:30:00",40516,3.7,14.75,1.09,1.01,"NAN","NAN","NAN","NAN",3.88
"2026-01-06 22:40:00",40517,3.23,12.86,1,0.93,"NAN","NAN","NAN","NAN",3.88
"2026-01-06 22:50:00",40518,3.88,15.51,1.25,1.17,"NAN","NAN","NAN","NAN",3.883
"2026-01-06 23:00:00",40519,3.4,13.55,0.98,0.9,"NAN","NAN","NAN","NAN",3.878
"2026-01-06 23:10:00",40520,3.79,15.13,1.16,1.08,"NAN","NAN","NAN","NAN",3.892
"2026-01-06 23:20:00",40521,4.11,16.42,1.24,1.16,"NAN","NAN","NAN","NAN",3.9
"2026-01-06 23:30:00",40522,3.79,15.13,1.25,1.16,"NAN","NAN","NAN","NAN",3.895
"2026-01-06 23:40:00",40523,3.81,15.22,1.21,1.13,"NAN","NAN","NAN","NAN",3.897
"2026-01-06 23:50:00",40524,4.01,16.02,1.18,1.1,"NAN","NAN","NAN","NAN",3.884
"2026-01-07 00:00:00",40525,3.89,15.56,1.16,1.08,"NAN","NAN","NAN","NAN",3.889
"2026-01-07 00:10:00",40526,3.47,13.86,0.95,0.88,"NAN","NAN","NAN","NAN",3.894
"2026-01-07 00:20:00",40527,3.48,13.88,0.94,0.86,"NAN","NAN","NAN","NAN",3.904
"2026-01-07 00:30:00",40528,3.53,14.1,1.04,0.96,"NAN","NAN","NAN","NAN",3.915
"2026-01-07 00:40:00",40529,3.55,14.18,1.1,1.02,"NAN","NAN","NAN","NAN",3.921
"2026-01-07 00:50:00",40530,3.62,14.43,1.01,0.93,"NAN","NAN","NAN","NAN",3.923
"2026-01-07 01:00:00",40531,3.32,13.24,1.28,1.2,"NAN","NAN","NAN","NAN",3.915
"2026-01-07 01:10:00",40532,3.74,14.94,1.29,1.21,"NAN","NAN","NAN","NAN",3.914
"2026-01-07 01:20:00",40533,3.29,13.1,1.12,1.04,"NAN","NAN","NAN","NAN",3.917
"2026-01-07 01:30:00",40534,3.45,13.74,1.01,0.94,"NAN","NAN","NAN","NAN",3.908
"2026-01-07 01:40:00",40535,3.4,13.55,1.31,1.23,"NAN","NAN","NAN","NAN",3.906
"2026-01-07 01:50:00",40536,3.7,14.78,1.22,1.13,"NAN","NAN","NAN","NAN",3.9
"2026-01-07 02:00:00",40537,4.14,16.55,1.27,1.19,"NAN","NAN","NAN","NAN",3.901
"2026-01-07 02:10:00",40538,3.77,15.06,1.1,1.02,"NAN","NAN","NAN","NAN",3.912
"2026-01-07 02:20:00",40539,3.77,15.04,1.19,1.11,"NAN","NAN","NAN","NAN",3.911
"2026-01-07 02:30:00",40540,3.81,15.22,1.2,1.11,"NAN","NAN","NAN","NAN",3.911
"2026-01-07 02:40:00",40541,3.96,15.82,1.26,1.17,"NAN","NAN","NAN","NAN",3.905
"2026-01-07 02:50:00",40542,4.71,18.85,1.37,1.29,"NAN","NAN","NAN","NAN",3.905
"2026-01-07 03:00:00",40543,3.74,14.95,1.37,1.28,"NAN","NAN","NAN","NAN",3.903
"2026-01-07 03:10:00",40544,4.16,16.65,1.38,1.29,"NAN","NAN","NAN","NAN",3.902
"2026-01-07 03:20:00",40545,3.88,15.48,1.17,1.09,"NAN","NAN","NAN","NAN",3.896
"2026-01-07 03:30:00",40546,3.45,13.77,1.15,1.07,"NAN","NAN","NAN","NAN",3.895
"2026-01-07 03:40:00",40547,3.44,13.71,1.16,1.08,"NAN","NAN","NAN","NAN",3.894
"2026-01-07 03:50:00",40548,3.95,15.79,1.22,1.14,"NAN","NAN","NAN","NAN",3.888
"2026-01-07 04:00:00",40549,3.7,14.76,1.21,1.13,"NAN","NAN","NAN","NAN",3.879
"2026-01-07 04:10:00",40550,3.59,14.34,1.09,1.01,"NAN","NAN","NAN","NAN",3.883
"2026-01-07 04:20:00",40551,4.26,17.02,1.24,1.16,"NAN","NAN","NAN","NAN",3.885
"2026-01-07 04:30:00",40552,3.17,12.62,1.16,1.08,"NAN","NAN","NAN","NAN",3.888
"2026-01-07 04:40:00",40553,3.28,13.07,1.06,0.98,"NAN","NAN","NAN","NAN",3.89
"2026-01-07 04:50:00",40554,3.72,14.86,1.21,1.13,"NAN","NAN","NAN","NAN",3.894
"2026-01-07 05:00:00",40555,3.71,14.82,1.11,1.03,"NAN","NAN","NAN","NAN",3.901
"2026-01-07 05:10:00",40556,3.37,13.45,0.99,0.91,"NAN","NAN","NAN","NAN",3.898
"2026-01-07 05:20:00",40557,5.5,22.02,1.15,1.07,"NAN","NAN","NAN","NAN",3.9
"2026-01-07 05:30:00",40558,3.27,13.05,1.15,1.07,"NAN","NAN","NAN","NAN",3.901
"2026-01-07 05:40:00",40559,3.97,15.86,1.23,1.14,"NAN","NAN","NAN","NAN",3.903
"2026-01-07 05:50:00",40560,3.86,15.43,1.26,1.18,"NAN","NAN","NAN","NAN",3.921
"2026-01-07 06:00:00",40561,3.28,13.09,0.88,0.81,"NAN","NAN","NAN","NAN",3.906
"2026-01-07 06:10:00",40562,3.76,15.01,1.04,0.96,"NAN","NAN","NAN","NAN",3.909
"2026-01-07 06:20:00",40563,3.41,13.61,1.05,0.97,"NAN","NAN","NAN","NAN",3.911
"2026-01-07 06:30:00",40564,3.62,14.47,1.15,1.07,"NAN","NAN","NAN","NAN",3.902
"2026-01-07 06:40:00",40565,"NAN","NAN","NAN","NAN","NAN","NAN","NAN","NAN","NAN"
"2026-01-07 06:50:00",40566,3.72,14.86,1.13,1.05,"NAN","NAN","NAN","NAN",3.901
"2026-01-07 07:00:00",40567,3.34,13.32,0.89,0.82,"NAN","NAN","NAN","NAN",3.889
"2026-01-07 07:10:00",40568,3.66,14.6,1.22,1.14,"NAN","NAN","NAN","NAN",3.891
"2026-01-07 07:20:00",40569,3.94,15.75,1.23,1.15,"NAN","NAN","NAN","NAN",3.883
"2026-01-07 07:30:00",40570,3.46,13.79,0.93,0.85,"NAN","NAN","NAN","NAN",3.882
"2026-01-07 07:40:00",40571,3.62,14.44,1.05,0.98,"NAN","NAN","NAN","NAN",3.893
"2026-01-07 07:50:00",40572,4,15.98,1.13,1.05,"NAN","NAN","NAN","NAN",3.889
"2026-01-07 08:00:00",40573,3.99,15.94,1.16,1.08,"NAN","NAN","NAN","NAN",3.892
"2026-01-07 08:10:00",40574,3.92,15.65,1.24,1.15,"NAN","NAN","NAN","NAN",3.892
"2026-01-07 08:20:00",40575,3.73,14.87,1.25,1.17,"NAN","NAN","NAN","NAN",3.889
"2026-01-07 08:30:00",40576,3.96,15.81,1.18,1.1,"NAN","NAN","NAN","NAN",3.898
"2026-01-07 08:40:00",40577,3.62,14.44,1.08,1,"NAN","NAN","NAN","NAN",3.892
"2026-01-07 08:50:00",40578,3.72,14.84,1.2,1.12,"NAN","NAN","NAN","NAN",3.894
"2026-01-07 09:00:00",40579,3.47,13.83,1.08,1,"NAN","NAN","NAN","NAN",3.896
"2026-01-07 09:10:00",40580,3.75,14.97,1.3,1.22,"NAN","NAN","NAN","NAN",3.895
"2026-01-07 09:20:00",40581,3.25,12.95,0.86,0.79,"NAN","NAN","NAN","NAN",3.895
"2026-01-07 09:30:00",40582,3.43,13.7,0.99,0.91,"NAN","NAN","NAN","NAN",3.908
"2026-01-07 09:40:00",40583,3.31,13.19,0.94,0.87,"NAN","NAN","NAN","NAN",3.919
"2026-01-07 09:50:00",40584,3.76,15,1.19,1.11,"NAN","NAN","NAN","NAN",3.946
"2026-01-07 10:00:00",40585,2.68,10.67,0.91,0.83,"NAN","NAN","NAN","NAN",3.953
"2026-01-07 10:10:00",40586,3.87,15.46,1.06,0.98,"NAN","NAN","NAN","NAN",3.994
"2026-01-07 10:20:00",40587,3.41,13.61,0.95,0.87,"NAN","NAN","NAN","NAN",3.941
"2026-01-07 10:30:00",40588,3.53,14.08,1.09,1.01,"NAN","NAN","NAN","NAN",4.038
"2026-01-07 10:40:00",40589,3.49,13.92,1.1,1.02,"NAN","NAN","NAN","NAN",4.04
"2026-01-07 10:50:00",40590,3.38,13.47,1.04,0.96,"NAN","NAN","NAN","NAN",4.068
"2026-01-07 11:00:00",40591,3.34,13.32,0.99,0.91,"NAN","NAN","NAN","NAN",4.057
"2026-01-07 11:10:00",40592,2.74,10.89,0.93,0.86,"NAN","NAN","NAN","NAN",4.104
"2026-01-07 11:20:00",40593,3.14,12.49,0.97,0.89,"NAN","NAN","NAN","NAN",4.103
"2026-01-07 11:30:00",40594,2.83,11.25,0.9,0.83,"NAN","NAN","NAN","NAN",4.08
"2026-01-07 11:40:00",40595,3.03,12.05,0.97,0.9,"NAN","NAN","NAN","NAN",4.068
"2026-01-07 11:50:00",40596,3.3,13.16,1.11,1.03,"NAN","NAN","NAN","NAN",4.105
"2026-01-07 12:00:00",40597,2.99,11.92,0.93,0.85,"NAN","NAN","NAN","NAN",4.071
"2026-01-07 12:10:00",40598,3.11,12.39,0.97,0.89,"NAN","NAN","NAN","NAN",4.053
"2026-01-07 12:20:00",40599,3.01,12,1.03,0.95,"NAN","NAN","NAN","NAN",4.18
"2026-01-07 12:30:00",40600,3.09,12.29,0.99,0.92,"NAN","NAN","NAN","NAN",4.165
"2026-01-07 12:40:00",40601,3.04,12.12,1,0.92,"NAN","NAN","NAN","NAN",4.16
"2026-01-07 12:50:00",40602,3.05,12.15,0.96,0.88,"NAN","NAN","NAN","NAN",4.075
"2026-01-07 13:00:00",40603,2.86,11.4,0.98,0.9,"NAN","NAN","NAN","NAN",4.11
"2026-01-07 13:10:00",40604,3.16,12.58,0.96,0.88,"NAN","NAN","NAN","NAN",4.078
"2026-01-07 13:20:00",40605,2.96,11.76,0.95,0.87,"NAN","NAN","NAN","NAN",4.057
"2026-01-07 13:30:00",40606,2.72,10.83,0.93,0.85,"NAN","NAN","NAN","NAN",4.074
"2026-01-07 13:40:00",40607,2.88,11.47,0.94,0.86,"NAN","NAN","NAN","NAN",4.065
"2026-01-07 13:50:00",40608,3,11.95,0.93,0.86,"NAN","NAN","NAN","NAN",4.072
"2026-01-07 14:00:00",40609,2.66,10.58,0.92,0.85,"NAN","NAN","NAN","NAN",4.12
"2026-01-07 14:10:00",40610,2.59,10.27,0.86,0.79,"NAN","NAN","NAN","NAN",4.089
"2026-01-07 14:20:00",40611,3.01,11.98,0.91,0.83,"NAN","NAN","NAN","NAN",4.09
"2026-01-07 14:30:00",40612,2.77,11,0.89,0.82,"NAN","NAN","NAN","NAN",4.146
"2026-01-07 14:40:00",40613,3.03,12.05,0.9,0.83,"NAN","NAN","NAN","NAN",4.169
"2026-01-07 14:50:00",40614,2.67,10.6,0.95,0.88,"NAN","NAN","NAN","NAN",4.169
"2026-01-07 15:00:00",40615,3.14,12.53,0.92,0.84,"NAN","NAN","NAN","NAN",4.18
"2026-01-07 15:10:00",40616,2.88,11.48,0.94,0.86,"NAN","NAN","NAN","NAN",4.186
"2026-01-07 15:20:00",40617,3.14,12.52,0.98,0.9,"NAN","NAN","NAN","NAN",4.191
"2026-01-07 15:30:00",40618,"NAN","NAN","NAN","NAN","NAN","NAN","NAN","NAN","NAN"
"2026-01-07 15:40:00",40619,3.16,12.61,1.03,0.95,"NAN","NAN","NAN","NAN",4.214
"2026-01-07 15:50:00",40620,2.74,10.9,0.87,0.8,"NAN","NAN","NAN","NAN",4.202
"2026-01-07 16:00:00",40621,2.55,10.15,0.86,0.78,"NAN","NAN","NAN","NAN",4.198
"2026-01-07 16:10:00",40622,1.95,7.71,0.97,0.9,"NAN","NAN","NAN","NAN",4.162
"2026-01-07 16:20:00",40623,2.63,10.43,0.92,0.84,"NAN","NAN","NAN","NAN",4.163
"2026-01-07 16:30:00",40624,2.41,9.58,0.75,0.68,"NAN","NAN","NAN","NAN",4.171
"2026-01-07 16:40:00",40625,3.26,12.98,0.92,0.85,"NAN","NAN","NAN","NAN",4.153
"2026-01-07 16:50:00",40626,3,11.95,0.92,0.84,"NAN","NAN","NAN","NAN",4.143
"2026-01-07 17:00:00",40627,2.84,11.29,0.87,0.8,"NAN","NAN","NAN","NAN",4.149
"2026-01-07 17:10:00",40628,1.75,6.91,0.66,0.59,"NAN","NAN","NAN","NAN",4.154
"2026-01-07 17:20:00",40629,2.88,11.46,0.93,0.85,"NAN","NAN","NAN","NAN",4.166
"2026-01-07 17:30:00",40630,2.37,9.42,0.91,0.83,"NAN","NAN","NAN","NAN",4.172
"2026-01-07 17:40:00",40631,3.46,13.79,1.01,0.93,"NAN","NAN","NAN","NAN",4.179
"2026-01-07 17:50:00",40632,3.28,13.09,1.01,0.93,"NAN","NAN","NAN","NAN",4.186
"2026-01-07 18:00:00",40633,3.97,15.87,1.07,0.99,"NAN","NAN","NAN","NAN",4.183
"2026-01-07 18:10:00",40634,3.57,14.23,1.14,1.06,"NAN","NAN","NAN","NAN",4.17
"2026-01-07 18:20:00",40635,3.84,15.31,1.11,1.03,"NAN","NAN","NAN","NAN",4.176
"2026-01-07 18:30:00",40636,3.89,15.55,1.25,1.17,"NAN","NAN","NAN","NAN",4.171
"2026-01-07 18:40:00",40637,3.79,15.12,1.15,1.07,"NAN","NAN","NAN","NAN",4.17
"2026-01-07 18:50:00",40638,3.41,13.62,1.08,1,"NAN","NAN","NAN","NAN",4.171
"2026-01-07 19:00:00",40639,3.72,14.85,1.18,1.1,"NAN","NAN","NAN","NAN",4.173
"2026-01-07 19:10:00",40640,3.16,12.61,1.03,0.95,"NAN","NAN","NAN","NAN",4.174
"2026-01-07 19:20:00",40641,3.89,15.55,1.22,1.14,"NAN","NAN","NAN","NAN",4.169
"2026-01-07 19:30:00",40642,3.81,15.22,1.13,1.05,"NAN","NAN","NAN","NAN",4.172
"2026-01-07 19:40:00",40643,3.62,14.46,1.16,1.08,"NAN","NAN","NAN","NAN",4.182
"2026-01-07 19:50:00",40644,3.76,14.99,1.1,1.02,"NAN","NAN","NAN","NAN",4.199
"2026-01-07 20:00:00",40645,3.55,14.17,1.11,1.03,"NAN","NAN","NAN","NAN",4.231
"2026-01-07 20:10:00",40646,3.69,14.73,1.13,1.05,"NAN","NAN","NAN","NAN",4.231
"2026-01-07 20:20:00",40647,3.14,12.5,1.02,0.94,"NAN","NAN","NAN","NAN",4.245
"2026-01-07 20:30:00",40648,3.24,12.89,1.06,0.98,"NAN","NAN","NAN","NAN",4.258
"2026-01-07 20:40:00",40649,3.02,12.04,0.99,0.92,"NAN","NAN","NAN","NAN",4.261
"2026-01-07 20:50:00",40650,3.2,12.74,1.03,0.96,"NAN","NAN","NAN","NAN",4.268
"2026-01-07 21:00:00",40651,3.2,12.75,1.08,1,"NAN","NAN","NAN","NAN",4.268
"2026-01-07 21:10:00",40652,3.1,12.35,0.94,0.86,"NAN","NAN","NAN","NAN",4.269
"2026-01-07 21:20:00",40653,3.26,12.98,0.98,0.9,"NAN","NAN","NAN","NAN",4.263
"2026-01-07 21:30:00",40654,3.36,13.41,1.01,0.94,"NAN","NAN","NAN","NAN",4.254
"2026-01-07 21:40:00",40655,3.63,14.47,1.08,1,"NAN","NAN","NAN","NAN",4.243
"2026-01-07 21:50:00",40656,3.27,13.03,1.07,0.99,"NAN","NAN","NAN","NAN",4.232
"2026-01-07 22:00:00",40657,3.38,13.47,1.01,0.93,"NAN","NAN","NAN","NAN",4.219
"2026-01-07 22:10:00",40658,3.03,12.06,1.14,1.06,"NAN","NAN","NAN","NAN",4.21
"2026-01-07 22:20:00",40659,3.72,14.86,1.19,1.11,"NAN","NAN","NAN","NAN",4.205
"2026-01-07 22:30:00",40660,3.6,14.37,1.11,1.03,"NAN","NAN","NAN","NAN",4.196
"2026-01-07 22:40:00",40661,3.42,13.63,1.14,1.05,"NAN","NAN","NAN","NAN",4.194
"2026-01-07 22:50:00",40662,3.21,12.8,1.06,0.98,"NAN","NAN","NAN","NAN",4.181
"2026-01-07 23:00:00",40663,3.19,12.73,1.02,0.94,"NAN","NAN","NAN","NAN",4.175
"2026-01-07 23:10:00",40664,3.55,14.15,1.13,1.05,"NAN","NAN","NAN","NAN",4.176
"2026-01-07 23:20:00",40665,3.22,12.84,1.06,0.98,"NAN","NAN","NAN","NAN",4.163
"2026-01-07 23:30:00",40666,3.58,14.28,1.04,0.97,"NAN","NAN","NAN","NAN",4.156
"2026-01-07 23:40:00",40667,3.56,14.19,1.15,1.07,"NAN","NAN","NAN","NAN",4.149
"2026-01-07 23:50:00",40668,3.47,13.84,1.02,0.94,"NAN","NAN","NAN","NAN",4.139
"2026-01-08 00:00:00",40669,3.37,13.46,1.04,0.96,"NAN","NAN","NAN","NAN",4.143
"2026-01-08 00:10:00",40670,3.5,13.94,1.08,1,"NAN","NAN","NAN","NAN",4.159
"2026-01-08 00:20:00",40671,"NAN","NAN","NAN","NAN","NAN","NAN","NAN","NAN","NAN"
"2026-01-08 00:30:00",40672,3.81,15.22,1.14,1.06,"NAN","NAN","NAN","NAN",4.187
"2026-01-08 00:40:00",40673,3.56,14.22,1.06,0.98,"NAN","NAN","NAN","NAN",4.186
"2026-01-08 00:50:00",40674,3.56,14.18,1.07,0.99,"NAN","NAN","NAN","NAN",4.232
"2026-01-08 01:00:00",40675,3.39,13.5,0.98,0.91,"NAN","NAN","NAN","NAN",4.284
"2026-01-08 01:10:00",40676,3.41,13.59,1.05,0.97,"NAN","NAN","NAN","NAN",4.297
"2026-01-08 01:20:00",40677,3.32,13.24,1.03,0.95,"NAN","NAN","NAN","NAN",4.314
"2026-01-08 01:30:00",40678,3.1,12.34,1,0.92,"NAN","NAN","NAN","NAN",4.306
"2026-01-08 01:40:00",40679,3.17,12.65,0.94,0.87,"NAN","NAN","NAN","NAN",4.357
"2026-01-08 01:50:00",40680,3.42,13.63,1.06,0.98,"NAN","NAN","NAN","NAN",4.343
"2026-01-08 02:00:00",40681,3.49,13.92,0.92,0.85,"NAN","NAN","NAN","NAN",4.289
"2026-01-08 02:10:00",40682,2.96,11.78,1.01,0.94,"NAN","NAN","NAN","NAN",4.363
"2026-01-08 02:20:00",40683,3.07,12.23,1.11,1.03,"NAN","NAN","NAN","NAN",4.321
"2026-01-08 02:30:00",40684,3.87,15.47,1.19,1.11,"NAN","NAN","NAN","NAN",4.329
"2026-01-08 02:40:00",40685,3.04,12.1,1.05,0.97,"NAN","NAN","NAN","NAN",4.314
"2026-01-08 02:50:00",40686,3.06,12.19,1.02,0.94,"NAN","NAN","NAN","NAN",4.31
"2026-01-08 03:00:00",40687,3.34,13.34,1.04,0.96,"NAN","NAN","NAN","NAN",4.317
"2026-01-08 03:10:00",40688,2.93,11.67,0.86,0.78,"NAN","NAN","NAN","NAN",4.344
"2026-01-08 03:20:00",40689,3.15,12.54,0.96,0.88,"NAN","NAN","NAN","NAN",4.319
"2026-01-08 03:30:00",40690,2.78,11.05,0.84,0.77,"NAN","NAN","NAN","NAN",4.364
"2026-01-08 03:40:00",40691,3.24,12.92,0.95,0.87,"NAN","NAN","NAN","NAN",4.365
"2026-01-08 03:50:00",40692,3.2,12.75,0.94,0.86,"NAN","NAN","NAN","NAN",4.364
"2026-01-08 04:00:00",40693,2.87,11.43,1.14,1.06,"NAN","NAN","NAN","NAN",4.374
"2026-01-08 04:10:00",40694,2.53,10.04,0.89,0.81,"NAN","NAN","NAN","NAN",4.377
"2026-01-08 04:20:00",40695,2.61,10.38,0.86,0.79,"NAN","NAN","NAN","NAN",4.371
"2026-01-08 04:30:00",40696,2.85,11.33,0.9,0.83,"NAN","NAN","NAN","NAN",4.377
"2026-01-08 04:40:00",40697,2.96,11.78,1.01,0.93,"NAN","NAN","NAN","NAN",4.385
"2026-01-08 04:50:00",40698,3.04,12.1,1.02,0.94,"NAN","NAN","NAN","NAN",4.38
"2026-01-08 05:00:00",40699,3.45,13.77,1.09,1.01,"NAN","NAN","NAN","NAN",4.378
"2026-01-08 05:10:00",40700,3.08,12.27,1.02,0.94,"NAN","NAN","NAN","NAN",4.375
"2026-01-08 05:20:00",40701,2.75,10.94,0.96,0.89,"NAN","NAN","NAN","NAN",4.381
"2026-01-08 05:30:00",40702,4.24,16.96,1.04,0.96,"NAN","NAN","NAN","NAN",4.39
"2026-01-08 05:40:00",40703,3.22,12.85,1,0.92,"NAN","NAN","NAN","NAN",4.363
"2026-01-08 05:50:00",40704,3.11,12.39,1.02,0.94,"NAN","NAN","NAN","NAN",4.376
"2026-01-08 06:00:00",40705,2.87,11.43,0.88,0.81,"NAN","NAN","NAN","NAN",4.376
"2026-01-08 06:10:00",40706,2.63,10.46,0.83,0.76,"NAN","NAN","NAN","NAN",4.372
"2026-01-08 06:20:00",40707,3.41,13.61,1.14,1.06,"NAN","NAN","NAN","NAN",4.372
"2026-01-08 06:30:00",40708,2.75,10.93,0.88,0.81,"NAN","NAN","NAN","NAN",4.347
"2026-01-08 06:40:00",40709,4.9,19.61,0.99,0.91,"NAN","NAN","NAN","NAN",4.34
"2026-01-08 06:50:00",40710,3.27,13.03,1.13,1.05,"NAN","NAN","NAN","NAN",4.335
"2026-01-08 07:00:00",40711,2.39,9.49,0.98,0.9,"NAN","NAN","NAN","NAN",4.336
"2026-01-08 07:10:00",40712,3.03,12.08,0.93,0.85,"NAN","NAN","NAN","NAN",4.34
"2026-01-08 07:20:00",40713,3.22,12.83,1.13,1.05,"NAN","NAN","NAN","NAN",4.342
"2026-01-08 07:30:00",40714,2.85,11.34,1,0.92,"NAN","NAN","NAN","NAN",4.363
"2026-01-08 07:40:00",40715,3.36,13.41,1.07,0.99,"NAN","NAN","NAN","NAN",4.35
"2026-01-08 07:50:00",40716,3.65,14.56,1.02,0.94,"NAN","NAN","NAN","NAN",4.321
"2026-01-08 08:00:00",40717,3.16,12.6,0.99,0.91,"NAN","NAN","NAN","NAN",4.33
"2026-01-08 08:10:00",40718,3.29,13.12,1.14,1.06,"NAN","NAN","NAN","NAN",4.33
"2026-01-08 08:20:00",40719,2.89,11.52,0.92,0.85,"NAN","NAN","NAN","NAN",4.337
"2026-01-08 08:30:00",40720,2.76,10.96,0.92,0.85,"NAN","NAN","NAN","NAN",4.302
"2026-01-08 08:40:00",40721,2.93,11.64,0.9,0.83,"NAN","NAN","NAN","NAN",4.296
"2026-01-08 08:50:00",40722,3.23,12.88,1.03,0.95,"NAN","NAN","NAN","NAN",4.289
"2026-01-08 09:00:00",40723,2.49,9.87,0.82,0.75,"NAN","NAN","NAN","NAN",4.32
"2026-01-08 09:10:00",40724,"NAN","NAN","NAN","NAN","NAN","NAN","NAN","NAN","NAN"
"2026-01-08 09:20:00",40725,2.98,11.85,0.86,0.79,"NAN","NAN","NAN","NAN",4.303
"2026-01-08 09:30:00",40726,2.74,10.89,0.89,0.81,"NAN","NAN","NAN","NAN",4.314
"2026-01-08 09:40:00",40727,2.16,8.54,0.76,0.69,"NAN","NAN","NAN","NAN",4.331
"2026-01-08 09:50:00",40728,2.44,9.67,0.76,0.69,"NAN","NAN","NAN","NAN",4.342
"2026-01-08 10:00:00",40729,2.35,9.33,0.79,0.72,"NAN","NAN","NAN","NAN",4.354
"2026-01-08 10:10:00",40730,2.6,10.31,0.78,0.7,"NAN","NAN","NAN","NAN",4.359
"2026-01-08 10:20:00",40731,2.52,10.01,0.72,0.65,"NAN","NAN","NAN","NAN",4.355
"2026-01-08 10:30:00",40732,3.06,12.18,0.83,0.76,"NAN","NAN","NAN","NAN",4.371
"2026-01-08 10:40:00",40733,2.42,9.61,0.74,0.67,"NAN","NAN","NAN","NAN",4.391
"2026-01-08 10:50:00",40734,2.27,8.979999,0.66,0.59,"NAN","NAN","NAN","NAN",4.387
"2026-01-08 11:00:00",40735,2.43,9.64,0.76,0.69,"NAN","NAN","NAN","NAN",4.399
"2026-01-08 11:10:00",40736,2.39,9.5,0.73,0.66,"NAN","NAN","NAN","NAN",4.39
"2026-01-08 11:20:00",40737,2.33,9.229999,0.68,0.61,"NAN","NAN","NAN","NAN",4.393
"2026-01-08 11:30:00",40738,1.04,4.03,0.34,0.28,"NAN","NAN","NAN","NAN",4.398
"2026-01-08 11:40:00",40739,2.1,8.32,0.74,0.67,"NAN","NAN","NAN","NAN",4.403
"2026-01-08 11:50:00",40740,2.28,9.05,0.77,0.7,"NAN","NAN","NAN","NAN",4.397
"2026-01-08 12:00:00",40741,2.38,9.46,0.79,0.72,"NAN","NAN","NAN","NAN",4.397
"2026-01-08 12:10:00",40742,2.28,9.05,0.72,0.65,"NAN","NAN","NAN","NAN",4.384
"2026-01-08 12:20:00",40743,2.11,8.35,0.69,0.62,"NAN","NAN","NAN","NAN",4.381
"2026-01-08 12:30:00",40744,1.65,6.5,0.57,0.5,"NAN","NAN","NAN","NAN",4.391
"2026-01-08 12:40:00",40745,1.13,4.41,0.45,0.38,"NAN","NAN","NAN","NAN",4.387
"2026-01-08 12:50:00",40746,2.25,8.92,0.71,0.64,"NAN","NAN","NAN","NAN",4.375
"2026-01-08 13:00:00",40747,2.71,10.79,0.81,0.74,"NAN","NAN","NAN","NAN",4.37
"2026-01-08 13:10:00",40748,3.7,14.76,0.76,0.68,"NAN","NAN","NAN","NAN",4.372
"2026-01-08 13:20:00",40749,2.45,9.729999,0.76,0.69,"NAN","NAN","NAN","NAN",4.37
"2026-01-08 13:30:00",40750,3.54,14.14,0.74,0.67,"NAN","NAN","NAN","NAN",4.386
"2026-01-08 13:40:00",40751,2.41,9.560001,0.75,0.68,"NAN","NAN","NAN","NAN",4.428
"2026-01-08 13:50:00",40752,2.31,9.15,0.76,0.69,"NAN","NAN","NAN","NAN",4.449
"2026-01-08 14:00:00",40753,2.51,9.95,0.74,0.67,"NAN","NAN","NAN","NAN",4.442
"2026-01-08 14:10:00",40754,2.35,9.310001,0.81,0.73,"NAN","NAN","NAN","NAN",4.44
"2026-01-08 14:20:00",40755,1.31,5.12,0.45,0.39,"NAN","NAN","NAN","NAN",4.446
"2026-01-08 14:30:00",40756,2.35,9.310001,0.65,0.59,"NAN","NAN","NAN","NAN",4.452
"2026-01-08 14:40:00",40757,1.9,7.5,0.68,0.61,"NAN","NAN","NAN","NAN",4.434
"2026-01-08 14:50:00",40758,1.97,7.81,0.58,0.51,"NAN","NAN","NAN","NAN",4.408
"2026-01-08 15:00:00",40759,2.19,8.68,0.72,0.65,"NAN","NAN","NAN","NAN",4.417
"2026-01-08 15:10:00",40760,2.49,9.9,0.73,0.66,"NAN","NAN","NAN","NAN",4.43
"2026-01-08 15:20:00",40761,2.34,9.26,0.67,0.6,"NAN","NAN","NAN","NAN",4.427
"2026-01-08 15:30:00",40762,2.52,10,0.7,0.63,"NAN","NAN","NAN","NAN",4.423
"2026-01-08 15:40:00",40763,2.71,10.76,0.77,0.7,"NAN","NAN","NAN","NAN",4.421
"2026-01-08 15:50:00",40764,2.51,9.979999,0.73,0.66,"NAN","NAN","NAN","NAN",4.403
"2026-01-08 16:00:00",40765,2.28,9.060001,0.69,0.62,"NAN","NAN","NAN","NAN",4.394
"2026-01-08 16:10:00",40766,1.86,7.34,0.6,0.53,"NAN","NAN","NAN","NAN",4.388
"2026-01-08 16:20:00",40767,2.15,8.51,0.78,0.71,"NAN","NAN","NAN","NAN",4.373
"2026-01-08 16:30:00",40768,2.41,9.55,0.88,0.8,"NAN","NAN","NAN","NAN",4.361
"2026-01-08 16:40:00",40769,1.53,6,0.56,0.49,"NAN","NAN","NAN","NAN",4.355
"2026-01-08 16:50:00",40770,2.21,8.74,0.71,0.64,"NAN","NAN","NAN","NAN",4.34
"2026-01-08 17:00:00",40771,2.61,10.37,0.72,0.65,"NAN","NAN","NAN","NAN",4.313
"2026-01-08 17:10:00",40772,2.94,11.72,0.95,0.87,"NAN","NAN","NAN","NAN",4.305
"2026-01-08 17:20:00",40773,1.66,6.55,0.6,0.53,"NAN","NAN","NAN","NAN",4.302
"2026-01-08 17:30:00",40774,2.51,9.979999,0.84,0.77,"NAN","NAN","NAN","NAN",4.298
"2026-01-08 17:40:00",40775,2.88,11.45,1,0.92,"NAN","NAN","NAN","NAN",4.293
"2026-01-08 17:50:00",40776,3.25,12.96,1.01,0.93,"NAN","NAN","NAN","NAN",4.287
"2026-01-08 18:00:00",40777,"NAN","NAN","NAN","NAN","NAN","NAN","NAN","NAN","NAN"
"2026-01-08 18:10:00",40778,2.63,10.44,1.05,0.97,"NAN","NAN","NAN","NAN",4.3
"2026-01-08 18:20:00",40779,2.87,11.4,0.94,0.86,"NAN","NAN","NAN","NAN",4.304
"2026-01-08 18:30:00",40780,1.72,6.78,0.82,0.74,"NAN","NAN","NAN","NAN",4.323
"2026-01-08 18:40:00",40781,2.75,10.93,0.9,0.83,"NAN","NAN","NAN","NAN",4.347
"2026-01-08 18:50:00",40782,2.36,9.34,0.79,0.71,"NAN","NAN","NAN","NAN",4.369
"2026-01-08 19:00:00",40783,2.44,9.7,0.83,0.75,"NAN","NAN","NAN","NAN",4.383
"2026-01-08 19:10:00",40784,2.48,9.85,0.82,0.75,"NAN","NAN","NAN","NAN",4.379
"2026-01-08 19:20:00",40785,2.37,9.41,0.81,0.74,"NAN","NAN","NAN","NAN",4.368
"2026-01-08 19:30:00",40786,2.25,8.93,0.88,0.81,"NAN","NAN","NAN","NAN",4.361
"2026-01-08 19:40:00",40787,1.4,5.5,0.6,0.53,"NAN","NAN","NAN","NAN",4.352
"2026-01-08 19:50:00",40788,2.9,11.56,0.85,0.78,"NAN","NAN","NAN","NAN",4.33
"2026-01-08 20:00:00",40789,3.1,12.33,0.94,0.86,"NAN","NAN","NAN","NAN",4.288
"2026-01-08 20:10:00",40790,3.11,12.39,0.91,0.84,"NAN","NAN","NAN","NAN",4.297
"2026-01-08 20:20:00",40791,2.61,10.36,0.79,0.72,"NAN","NAN","NAN","NAN",4.313
"2026-01-08 20:30:00",40792,1.98,7.83,0.97,0.9,"NAN","NAN","NAN","NAN",4.325
"2026-01-08 20:40:00",40793,2.41,9.58,0.82,0.75,"NAN","NAN","NAN","NAN",4.359
"2026-01-08 20:50:00",40794,2.28,9.05,0.76,0.68,"NAN","NAN","NAN","NAN",4.389
"2026-01-08 21:00:00",40795,2.56,10.17,0.94,0.86,"NAN","NAN","NAN","NAN",4.403
"2026-01-08 21:10:00",40796,2.16,8.560001,0.8,0.73,"NAN","NAN","NAN","NAN",4.413
"2026-01-08 21:20:00",40797,2.92,11.61,0.88,0.81,"NAN","NAN","NAN","NAN",4.432
"2026-01-08 21:30:00",40798,2.44,9.68,0.86,0.79,"NAN","NAN","NAN","NAN",4.426
"2026-01-08 21:40:00",40799,2.52,10,0.88,0.8,"NAN","NAN","NAN","NAN",4.468
"2026-01-08 21:50:00",40800,2.41,9.58,0.78,0.71,"NAN","NAN","NAN","NAN",4.45
"2026-01-08 22:00:00",40801,1.96,7.74,0.7,0.63,"NAN","NAN","NAN","NAN",4.451
"2026-01-08 22:10:00",40802,3.33,13.29,0.95,0.88,"NAN","NAN","NAN","NAN",4.481
"2026-01-08 22:20:00",40803,1.99,7.88,0.72,0.65,"NAN","NAN","NAN","NAN",4.464
"2026-01-08 22:30:00",40804,2.86,11.36,0.87,0.79,"NAN","NAN","NAN","NAN",4.435
"2026-01-08 22:40:00",40805,2.52,10.01,0.77,0.69,"NAN","NAN","NAN","NAN",4.492
"2026-01-08 22:50:00",40806,1.99,7.85,0.85,0.78,"NAN","NAN","NAN","NAN",4.51
"2026-01-08 23:00:00",40807,2.22,8.8,0.69,0.62,"NAN","NAN","NAN","NAN",4.504
"2026-01-08 23:10:00",40808,2.31,9.14,0.71,0.64,"NAN","NAN","NAN","NAN",4.528
"2026-01-08 23:20:00",40809,2.01,7.97,0.66,0.59,"NAN","NAN","NAN","NAN",4.542
"2026-01-08 23:30:00",40810,2.1,8.3,0.72,0.65,"NAN","NAN","NAN","NAN",4.546
"2026-01-08 23:40:00",40811,1.47,5.77,0.59,0.52,"NAN","NAN","NAN","NAN",4.568
"2026-01-08 23:50:00",40812,2.37,9.39,0.68,0.61,"NAN","NAN","NAN","NAN",4.553
"2026-01-09 00:00:00",40813,1.85,7.29,0.74,0.66,"NAN","NAN","NAN","NAN",4.534
"2026-01-09 00:10:00",40814,2.57,10.22,0.86,0.79,"NAN","NAN","NAN","NAN",4.52
"2026-01-09 00:20:00",40815,2.35,9.33,0.78,0.7,"NAN","NAN","NAN","NAN",4.537
"2026-01-09 00:30:00",40816,2.61,10.38,0.7,0.63,"NAN","NAN","NAN","NAN",4.531
"2026-01-09 00:40:00",40817,2.26,8.95,0.84,0.76,"NAN","NAN","NAN","NAN",4.525
"2026-01-09 00:50:00",40818,2.06,8.16,0.62,0.55,"NAN","NAN","NAN","NAN",4.525
"2026-01-09 01:00:00",40819,2.78,11.04,0.72,0.65,"NAN","NAN","NAN","NAN",4.449
"2026-01-09 01:10:00",40820,3.36,13.38,0.75,0.68,"NAN","NAN","NAN","NAN",4.475
"2026-01-09 01:20:00",40821,2.45,9.74,0.8,0.73,"NAN","NAN","NAN","NAN",4.513
"2026-01-09 01:30:00",40822,1.94,7.68,0.71,0.64,"NAN","NAN","NAN","NAN",4.511
"2026-01-09 01:40:00",40823,1.99,7.86,1.12,1.04,"NAN","NAN","NAN","NAN",4.523
"2026-01-09 01:50:00",40824,2.08,8.22,0.59,0.53,"NAN","NAN","NAN","NAN",4.541
"2026-01-09 02:00:00",40825,2.17,8.58,0.69,0.62,"NAN","NAN","NAN","NAN",4.555
"2026-01-09 02:10:00",40826,2.17,8.6,0.72,0.65,"NAN","NAN","NAN","NAN",4.557
"2026-01-09 02:20:00",40827,2.16,8.54,0.67,0.6,"NAN","NAN","NAN","NAN",4.559
"2026-01-09 02:30:00",40828,2.22,8.79,0.65,0.58,"NAN","NAN","NAN","NAN",4.56
"2026-01-09 02:40:00",40829,2.27,8.979999,0.68,0.61,"NAN","NAN","NAN","NAN",4.539
"2026-01-09 02:50:00",40830,"NAN","NAN","NAN","NAN","NAN","NAN","NAN","NAN","NAN"
"2026-01-09 03:00:00",40831,2.38,9.43,0.73,0.66,"NAN","NAN","NAN","NAN",4.553
"2026-01-09 03:10:00",40832,2.48,9.85,0.85,0.78,"NAN","NAN","NAN","NAN",4.555
"2026-01-09 03:20:00",40833,2.39,9.49,0.69,0.62,"NAN","NAN","NAN","NAN",4.507
"2026-01-09 03:30:00",40834,2.39,9.49,0.77,0.69,"NAN","NAN","NAN","NAN",4.547
"2026-01-09 03:40:00",40835,2.84,11.28,0.82,0.74,"NAN","NAN","NAN","NAN",4.487
"2026-01-09 03:50:00",40836,2.98,11.88,0.85,0.77,"NAN","NAN","NAN","NAN",4.444
"2026-01-09 04:00:00",40837,2.8,11.12,0.84,0.77,"NAN","NAN","NAN","NAN",4.45
"2026-01-09 04:10:00",40838,2.6,10.34,0.89,0.81,"NAN","NAN","NAN","NAN",4.458
"2026-01-09 04:20:00",40839,2.4,9.53,0.77,0.69,"NAN","NAN","NAN","NAN",4.442
"2026-01-09 04:30:00",40840,2.6,10.35,0.82,0.74,"NAN","NAN","NAN","NAN",4.427
"2026-01-09 04:40:00",40841,2.28,9.05,0.86,0.79,"NAN","NAN","NAN","NAN",4.473
"2026-01-09 04:50:00",40842,2.41,9.560001,0.77,0.69,"NAN","NAN","NAN","NAN",4.505
"2026-01-09 05:00:00",40843,2.65,10.55,0.87,0.79,"NAN","NAN","NAN","NAN",4.529
"2026-01-09 05:10:00",40844,2.23,8.83,0.86,0.78,"NAN","NAN","NAN","NAN",4.532
"2026-01-09 05:20:00",40845,2.62,10.42,0.89,0.81,"NAN","NAN","NAN","NAN",4.536
"2026-01-09 05:30:00",40846,2.65,10.55,0.85,0.78,"NAN","NAN","NAN","NAN",4.527
"2026-01-09 05:40:00",40847,2.91,11.56,0.89,0.82,"NAN","NAN","NAN","NAN",4.517
"2026-01-09 05:50:00",40848,2.58,10.25,0.79,0.72,"NAN","NAN","NAN","NAN",4.513
"2026-01-09 06:00:00",40849,2.19,8.68,0.74,0.67,"NAN","NAN","NAN","NAN",4.51
"2026-01-09 06:10:00",40850,2.45,9.72,0.65,0.58,"NAN","NAN","NAN","NAN",4.515
"2026-01-09 06:20:00",40851,3.27,13.04,0.95,0.87,"NAN","NAN","NAN","NAN",4.511
"2026-01-09 06:30:00",40852,2.39,9.47,0.78,0.71,"NAN","NAN","NAN","NAN",4.493
"2026-01-09 06:40:00",40853,3.81,15.22,0.72,0.65,"NAN","NAN","NAN","NAN",4.461
"2026-01-09 06:50:00",40854,2.34,9.29,0.83,0.76,"NAN","NAN","NAN","NAN",4.491
"2026-01-09 07:00:00",40855,2.79,11.09,0.96,0.88,"NAN","NAN","NAN","NAN",4.484
"2026-01-09 07:10:00",40856,2.33,9.229999,0.84,0.77,"NAN","NAN","NAN","NAN",4.466
"2026-01-09 07:20:00",40857,3.01,11.99,0.99,0.91,"NAN","NAN","NAN","NAN",4.463
"2026-01-09 07:30:00",40858,2.99,11.89,1.11,1.03,"NAN","NAN","NAN","NAN",4.415
"2026-01-09 07:40:00",40859,2.56,10.18,0.82,0.75,"NAN","NAN","NAN","NAN",4.432
"2026-01-09 07:50:00",40860,2.28,9.04,0.84,0.77,"NAN","NAN","NAN","NAN",4.411
"2026-01-09 08:00:00",40861,2.53,10.04,0.75,0.68,"NAN","NAN","NAN","NAN",4.396
"2026-01-09 08:10:00",40862,2.95,11.74,0.94,0.87,"NAN","NAN","NAN","NAN",4.367
"2026-01-09 08:20:00",40863,2.19,8.689999,0.71,0.64,"NAN","NAN","NAN","NAN",4.385
"2026-01-09 08:30:00",40864,3.07,12.22,0.98,0.9,"NAN","NAN","NAN","NAN",4.408
"2026-01-09 08:40:00",40865,2.73,10.87,0.8,0.73,"NAN","NAN","NAN","NAN",4.412
"2026-01-09 08:50:00",40866,3.41,13.6,1.06,0.98,"NAN","NAN","NAN","NAN",4.412
"2026-01-09 09:00:00",40867,2.49,9.91,0.84,0.77,"NAN","NAN","NAN","NAN",4.418
"2026-01-09 09:10:00",40868,3.03,12.06,0.94,0.86,"NAN","NAN","NAN","NAN",4.414
"2026-01-09 09:20:00",40869,2.96,11.8,1.09,1.01,"NAN","NAN","NAN","NAN",4.405
"2026-01-09 09:30:00",40870,2.22,8.82,0.8,0.73,"NAN","NAN","NAN","NAN",4.422
"2026-01-09 09:40:00",40871,3.55,14.18,1.01,0.93,"NAN","NAN","NAN","NAN",4.421
"2026-01-09 09:50:00",40872,1.42,5.59,0.46,0.39,"NAN","NAN","NAN","NAN",4.394
"2026-01-09 10:00:00",40873,2.28,9.020001,0.73,0.65,"NAN","NAN","NAN","NAN",4.411
"2026-01-09 10:10:00",40874,2.2,8.71,0.47,0.41,"NAN","NAN","NAN","NAN",4.412
"2026-01-09 10:20:00",40875,3,11.93,0.91,0.84,"NAN","NAN","NAN","NAN",4.41
"2026-01-09 10:30:00",40876,1.73,6.81,0.67,0.6,"NAN","NAN","NAN","NAN",4.422
"2026-01-09 10:40:00",40877,2.45,9.74,0.99,0.92,"NAN","NAN","NAN","NAN",4.449
"2026-01-09 10:50:00",40878,2.93,11.66,0.89,0.81,"NAN","NAN","NAN","NAN",4.476
"2026-01-09 11:00:00",40879,2.87,11.43,0.81,0.73,"NAN","NAN","NAN","NAN",4.487
"2026-01-09 11:10:00",40880,3,11.93,0.97,0.9,"NAN","NAN","NAN","NAN",4.513
"2026-01-09 11:20:00",40881,2.49,9.9,0.77,0.7,"NAN","NAN","NAN","NAN",4.541
"2026-01-09 11:30:00",40882,3.09,12.33,0.96,0.88,"NAN","NAN","NAN","NAN",4.526
"2026-01-09 11:40:00",40883,"NAN","NAN","NAN","NAN","NAN","NAN","NAN","NAN","NAN"
"2026-01-09 11:50:00",40884,2.3,9.11,0.88,0.81,"NAN","NAN","NAN","NAN",4.51
"2026-01-09 12:00:00",40885,1.96,7.77,0.58,0.51,"NAN","NAN","NAN","NAN",4.51
"2026-01-09 12:10:00",40886,2.72,10.8,0.91,0.83,"NAN","NAN","NAN","NAN",4.513
"2026-01-09 12:20:00",40887,2.32,9.21,0.87,0.8,"NAN","NAN","NAN","NAN",4.528
"2026-01-09 12:30:00",40888,2.74,10.9,0.83,0.75,"NAN","NAN","NAN","NAN",4.536
"2026-01-09 12:40:00",40889,2.75,10.94,0.85,0.77,"NAN","NAN","NAN","NAN",4.588
"2026-01-09 12:50:00",40890,2.9,11.55,0.95,0.87,"NAN","NAN","NAN","NAN",4.652
"2026-01-09 13:00:00",40891,2.51,9.979999,0.81,0.73,"NAN","NAN","NAN","NAN",4.65
"2026-01-09 13:10:00",40892,1.66,6.55,0.65,0.58,"NAN","NAN","NAN","NAN",4.652
"2026-01-09 13:20:00",40893,3.62,14.44,1.14,1.06,"NAN","NAN","NAN","NAN",4.695
"2026-01-09 13:30:00",40894,3.04,12.11,1.06,0.98,"NAN","NAN","NAN","NAN",4.741
"2026-01-09 13:40:00",40895,3.1,12.37,0.94,0.86,"NAN","NAN","NAN","NAN",4.714
"2026-01-09 13:50:00",40896,3.6,14.38,1.13,1.05,"NAN","NAN","NAN","NAN",4.761
"2026-01-09 14:00:00",40897,2.43,9.65,0.93,0.85,"NAN","NAN","NAN","NAN",4.702
"2026-01-09 14:10:00",40898,2.72,10.83,0.84,0.77,"NAN","NAN","NAN","NAN",4.693
"2026-01-09 14:20:00",40899,2.76,10.98,0.97,0.89,"NAN","NAN","NAN","NAN",4.741
"2026-01-09 14:30:00",40900,2.54,10.09,0.79,0.72,"NAN","NAN","NAN","NAN",4.775
"2026-01-09 14:40:00",40901,2.61,10.35,0.87,0.79,"NAN","NAN","NAN","NAN",4.832
"2026-01-09 14:50:00",40902,2.71,10.78,0.92,0.84,"NAN","NAN","NAN","NAN",4.796
"2026-01-09 15:00:00",40903,2.7,10.73,0.84,0.76,"NAN","NAN","NAN","NAN",4.774
"2026-01-09 15:10:00",40904,1.88,7.42,0.54,0.48,"NAN","NAN","NAN","NAN",4.816
"2026-01-09 15:20:00",40905,2.08,8.24,0.64,0.57,"NAN","NAN","NAN","NAN",4.784
"2026-01-09 15:30:00",40906,0.84,3.23,0.34,0.28,"NAN","NAN","NAN","NAN",4.799
"2026-01-09 15:40:00",40907,1.01,3.9,0.37,0.31,"NAN","NAN","NAN","NAN",4.794
"2026-01-09 15:50:00",40908,0.93,3.6,0.34,0.27,"NAN","NAN","NAN","NAN",4.779
"2026-01-09 16:00:00",40909,0.91,3.53,0.33,0.27,"NAN","NAN","NAN","NAN",4.785
"2026-01-09 16:10:00",40910,2.01,7.97,0.83,0.76,"NAN","NAN","NAN","NAN",4.773
"2026-01-09 16:20:00",40911,2.01,7.97,0.7,0.63,"NAN","NAN","NAN","NAN",4.797
"2026-01-09 16:30:00",40912,2.18,8.64,0.77,0.7,"NAN","NAN","NAN","NAN",4.822
"2026-01-09 16:40:00",40913,2.56,10.17,0.89,0.82,"NAN","NAN","NAN","NAN",4.84
"2026-01-09 16:50:00",40914,2.98,11.88,0.73,0.66,"NAN","NAN","NAN","NAN",4.849
"2026-01-09 17:00:00",40915,2.65,10.54,0.97,0.89,"NAN","NAN","NAN","NAN",4.727
"2026-01-09 17:10:00",40916,1.43,5.63,0.55,0.48,"NAN","NAN","NAN","NAN",4.691
"2026-01-09 17:20:00",40917,1.41,5.52,0.47,0.41,"NAN","NAN","NAN","NAN",4.688
"2026-01-09 17:30:00",40918,1.88,7.44,0.62,0.56,"NAN","NAN","NAN","NAN",4.701
"2026-01-09 17:40:00",40919,1.09,4.24,0.45,0.38,"NAN","NAN","NAN","NAN",4.713
"2026-01-09 17:50:00",40920,2.54,10.09,0.85,0.77,"NAN","NAN","NAN","NAN",4.68
"2026-01-09 18:00:00",40921,1.62,6.36,0.52,0.46,"NAN","NAN","NAN","NAN",4.687
"2026-01-09 18:10:00",40922,1.4,5.49,0.59,0.52,"NAN","NAN","NAN","NAN",4.707
"2026-01-09 18:20:00",40923,2.14,8.479999,0.78,0.71,"NAN","NAN","NAN","NAN",4.706
"2026-01-09 18:30:00",40924,2.99,11.91,0.9,0.83,"NAN","NAN","NAN","NAN",4.663
"2026-01-09 18:40:00",40925,2.85,11.35,0.89,0.81,"NAN","NAN","NAN","NAN",4.657
"2026-01-09 18:50:00",40926,3.05,12.13,1.06,0.98,"NAN","NAN","NAN","NAN",4.658
"2026-01-09 19:00:00",40927,2.39,9.46,0.84,0.76,"NAN","NAN","NAN","NAN",4.666
"2026-01-09 19:10:00",40928,3.66,14.61,1.06,0.98,"NAN","NAN","NAN","NAN",4.676
"2026-01-09 19:20:00",40929,2.82,11.24,0.92,0.84,"NAN","NAN","NAN","NAN",4.681
"2026-01-09 19:30:00",40930,1.32,5.18,0.57,0.5,"NAN","NAN","NAN","NAN",4.684
"2026-01-09 19:40:00",40931,2.18,8.64,0.77,0.69,"NAN","NAN","NAN","NAN",4.693
"2026-01-09 19:50:00",40932,2.42,9.62,0.88,0.8,"NAN","NAN","NAN","NAN",4.675
"2026-01-09 20:00:00",40933,2.56,10.17,0.88,0.8,"NAN","NAN","NAN","NAN",4.677
"2026-01-09 20:10:00",40934,2.7,10.75,0.81,0.74,"NAN","NAN","NAN","NAN",4.688
"2026-01-09 20:20:00",40935,1.76,6.95,0.72,0.65,"NAN","NAN","NAN","NAN",4.785
"2026-01-09 20:30:00",40936,"NAN","NAN","NAN","NAN","NAN","NAN","NAN","NAN","NAN"
"2026-01-09 20:40:00",40937,2.29,9.060001,0.67,0.6,"NAN","NAN","NAN","NAN",4.847
"2026-01-09 20:50:00",40938,1.59,6.24,0.54,0.48,"NAN","NAN","NAN","NAN",4.811
"2026-01-09 21:00:00",40939,2.11,8.36,0.69,0.62,"NAN","NAN","NAN","NAN",4.826
"2026-01-09 21:10:00",40940,2.24,8.86,0.56,0.5,"NAN","NAN","NAN","NAN",4.937
"2026-01-09 21:20:00",40941,2.01,7.96,0.62,0.55,"NAN","NAN","NAN","NAN",4.973
"2026-01-09 21:30:00",40942,1.96,7.75,0.65,0.58,"NAN","NAN","NAN","NAN",4.985
"2026-01-09 21:40:00",40943,1.39,5.45,0.52,0.46,"NAN","NAN","NAN","NAN",4.983
"2026-01-09 21:50:00",40944,1.9,7.49,0.59,0.52,"NAN","NAN","NAN","NAN",4.971
"2026-01-09 22:00:00",40945,1.6,6.3,0.48,0.41,"NAN","NAN","NAN","NAN",4.967
"2026-01-09 22:10:00",40946,1.04,4.03,0.43,0.36,"NAN","NAN","NAN","NAN",4.998
"2026-01-09 22:20:00",40947,1.84,7.28,0.58,0.52,"NAN","NAN","NAN","NAN",5.024
"2026-01-09 22:30:00",40948,0.97,3.76,0.35,0.29,"NAN","NAN","NAN","NAN",5.022
"2026-01-09 22:40:00",40949,1.4,5.5,0.61,0.54,"NAN","NAN","NAN","NAN",5.031
"2026-01-09 22:50:00",40950,1.32,5.17,0.48,0.41,"NAN","NAN","NAN","NAN",5.029
"2026-01-09 23:00:00",40951,2.11,8.36,0.62,0.55,"NAN","NAN","NAN","NAN",5.029
"2026-01-09 23:10:00",40952,1.69,6.66,0.51,0.44,"NAN","NAN","NAN","NAN",5.023
"2026-01-09 23:20:00",40953,1.38,5.42,0.48,0.41,"NAN","NAN","NAN","NAN",5.041
"2026-01-09 23:30:00",40954,1.74,6.85,0.57,0.5,"NAN","NAN","NAN","NAN",5.026
"2026-01-09 23:40:00",40955,1.62,6.37,0.61,0.54,"NAN","NAN","NAN","NAN",5.011
"2026-01-09 23:50:00",40956,1.46,5.72,0.58,0.51,"NAN","NAN","NAN","NAN",5.023
"2026-01-10 00:00:00",40957,1.2,4.67,0.43,0.36,"NAN","NAN","NAN","NAN",5.016
"2026-01-10 00:10:00",40958,1.46,5.72,0.48,0.41,"NAN","NAN","NAN","NAN",5.022
"2026-01-10 00:20:00",40959,1.44,5.64,0.47,0.41,"NAN","NAN","NAN","NAN",5.02
"2026-01-10 00:30:00",40960,1.34,5.26,0.53,0.47,"NAN","NAN","NAN","NAN",5.01
"2026-01-10 00:40:00",40961,1.71,6.75,0.49,0.43,"NAN","NAN","NAN","NAN",5.012
"2026-01-10 00:50:00",40962,2.07,8.189999,0.61,0.54,"NAN","NAN","NAN","NAN",5.026
"2026-01-10 01:00:00",40963,1.84,7.25,0.58,0.52,"NAN","NAN","NAN","NAN",5.077
"2026-01-10 01:10:00",40964,1.65,6.48,0.6,0.53,"NAN","NAN","NAN","NAN",5.113
"2026-01-10 01:20:00",40965,2.15,8.520001,0.66,0.59,"NAN","NAN","NAN","NAN",5.115
"2026-01-10 01:30:00",40966,2.13,8.439999,0.64,0.57,"NAN","NAN","NAN","NAN",5.111
"2026-01-10 01:40:00",40967,2.04,8.07,0.62,0.55,"NAN","NAN","NAN","NAN",5.115
"2026-01-10 01:50:00",40968,2.03,8.05,0.58,0.51,"NAN","NAN","NAN","NAN",5.119
"2026-01-10 02:00:00",40969,1.64,6.46,0.6,0.53,"NAN","NAN","NAN","NAN",5.125
"2026-01-10 02:10:00",40970,1.6,6.3,0.6,0.53,"NAN","NAN","NAN","NAN",5.124
"2026-01-10 02:20:00",40971,1.59,6.25,0.52,0.45,"NAN","NAN","NAN","NAN",5.138
"2026-01-10 02:30:00",40972,1.46,5.75,0.54,0.48,"NAN","NAN","NAN","NAN",5.144
"2026-01-10 02:40:00",40973,2.32,9.18,0.58,0.52,"NAN","NAN","NAN","NAN",5.15
"2026-01-10 02:50:00",40974,1.83,7.21,0.5,0.43,"NAN","NAN","NAN","NAN",5.16
"2026-01-10 03:00:00",40975,1.76,6.94,0.62,0.55,"NAN","NAN","NAN","NAN",5.159
"2026-01-10 03:10:00",40976,1.73,6.81,0.86,0.78,"NAN","NAN","NAN","NAN",5.16
"2026-01-10 03:20:00",40977,2.07,8.189999,0.61,0.54,"NAN","NAN","NAN","NAN",5.17
"2026-01-10 03:30:00",40978,2.49,9.9,0.72,0.65,"NAN","NAN","NAN","NAN",5.17
"2026-01-10 03:40:00",40979,1.68,6.62,0.54,0.47,"NAN","NAN","NAN","NAN",5.209
"2026-01-10 03:50:00",40980,1.9,7.5,0.62,0.55,"NAN","NAN","NAN","NAN",5.223
"2026-01-10 04:00:00",40981,2.05,8.11,0.67,0.6,"NAN","NAN","NAN","NAN",5.243
"2026-01-10 04:10:00",40982,1.76,6.95,0.61,0.54,"NAN","NAN","NAN","NAN",5.271
"2026-01-10 04:20:00",40983,1.38,5.42,0.52,0.45,"NAN","NAN","NAN","NAN",5.283
"2026-01-10 04:30:00",40984,1.84,7.26,0.59,0.52,"NAN","NAN","NAN","NAN",5.314
"2026-01-10 04:40:00",40985,2.27,8.99,0.7,0.63,"NAN","NAN","NAN","NAN",5.308
"2026-01-10 04:50:00",40986,1.86,7.34,0.66,0.59,"NAN","NAN","NAN","NAN",5.294
"2026-01-10 05:00:00",40987,1.7,6.71,0.57,0.5,"NAN","NAN","NAN","NAN",5.295
"2026-01-10 05:10:00",40988,1.56,6.15,0.55,0.48,"NAN","NAN","NAN","NAN",5.303
"2026-01-10 05:20:00",40989,"NAN","NAN","NAN","NAN","NAN","NAN","NAN","NAN","NAN"
"2026-01-10 05:30:00",40990,1.55,6.1,0.59,0.52,"NAN","NAN","NAN","NAN",5.334
"2026-01-10 05:40:00",40991,1.97,7.77,0.59,0.53,"NAN","NAN","NAN","NAN",5.336
"2026-01-10 05:50:00",40992,2.38,9.46,0.53,0.47,"NAN","NAN","NAN","NAN",5.36
"2026-01-10 06:00:00",40993,1.68,6.63,0.58,0.52,"NAN","NAN","NAN","NAN",5.39
"2026-01-10 06:10:00",40994,1.28,5.01,0.59,0.52,"NAN","NAN","NAN","NAN",5.403
"2026-01-10 06:20:00",40995,1.57,6.18,0.5,0.43,"NAN","NAN","NAN","NAN",5.423
"2026-01-10 06:30:00",40996,1.89,7.48,0.6,0.53,"NAN","NAN","NAN","NAN",5.413
"2026-01-10 06:40:00",40997,1.36,5.33,0.55,0.48,"NAN","NAN","NAN","NAN",5.43
"2026-01-10 06:50:00",40998,1.78,7.04,0.59,0.52,"NAN","NAN","NAN","NAN",5.432
"2026-01-10 07:00:00",40999,2.85,11.33,0.53,0.46,"NAN","NAN","NAN","NAN",5.441
"2026-01-10 07:10:00",41000,1.87,7.38,0.57,0.5,"NAN","NAN","NAN","NAN",5.455
"2026-01-10 07:20:00",41001,1.36,5.32,0.62,0.55,"NAN","NAN","NAN","NAN",5.464
"2026-01-10 07:30:00",41002,1.01,3.9,0.48,0.42,"NAN","NAN","NAN","NAN",5.466
"2026-01-10 07:40:00",41003,1.58,6.2,0.5,0.44,"NAN","NAN","NAN","NAN",5.488
"2026-01-10 07:50:00",41004,1.07,4.17,0.4,0.34,"NAN","NAN","NAN","NAN",5.505
"2026-01-10 08:00:00",41005,1.38,5.4,0.45,0.39,"NAN","NAN","NAN","NAN",5.514
"2026-01-10 08:10:00",41006,0.88,3.38,0.41,0.34,"NAN","NAN","NAN","NAN",5.521
"2026-01-10 08:20:00",41007,0.67,2.54,0.31,0.25,"NAN","NAN","NAN","NAN",5.511
"2026-01-10 08:30:00",41008,0.66,2.5,0.29,0.23,"NAN","NAN","NAN","NAN",5.509
"2026-01-10 08:40:00",41009,0.89,3.41,0.36,0.3,"NAN","NAN","NAN","NAN",5.505
"2026-01-10 08:50:00",41010,0.96,3.71,0.35,0.29,"NAN","NAN","NAN","NAN",5.504
"2026-01-10 09:00:00",41011,0.8,3.06,0.31,0.25,"NAN","NAN","NAN","NAN",5.514
"2026-01-10 09:10:00",41012,0.65,2.48,0.23,0.18,"NAN","NAN","NAN","NAN",5.515
"2026-01-10 09:20:00",41013,0.74,2.84,0.27,0.21,"NAN","NAN","NAN","NAN",5.517
"2026-01-10 09:30:00",41014,0.52,1.93,0.23,0.17,"NAN","NAN","NAN","NAN",5.526
"2026-01-10 09:40:00",41015,1.21,4.71,0.37,0.31,"NAN","NAN","NAN","NAN",5.533
"2026-01-10 09:50:00",41016,0.87,3.34,0.28,0.22,"NAN","NAN","NAN","NAN",5.539
"2026-01-10 10:00:00",41017,0.55,2.08,0.23,0.17,"NAN","NAN","NAN","NAN",5.54
"2026-01-10 10:10:00",41018,0.75,2.87,0.3,0.24,"NAN","NAN","NAN","NAN",5.534
"2026-01-10 10:20:00",41019,0.71,2.69,0.23,0.17,"NAN","NAN","NAN","NAN",5.538
"2026-01-10 10:30:00",41020,1.3,5.09,0.42,0.36,"NAN","NAN","NAN","NAN",5.542
"2026-01-10 10:40:00",41021,0.72,2.73,0.3,0.24,"NAN","NAN","NAN","NAN",5.537
"2026-01-10 10:50:00",41022,1.38,5.41,0.56,0.49,"NAN","NAN","NAN","NAN",5.495
"2026-01-10 11:00:00",41023,1.6,6.31,0.55,0.48,"NAN","NAN","NAN","NAN",5.47
"2026-01-10 11:10:00",41024,2.11,8.35,0.63,0.56,"NAN","NAN","NAN","NAN",5.438
"2026-01-10 11:20:00",41025,1.69,6.65,0.51,0.44,"NAN","NAN","NAN","NAN",5.514
"2026-01-10 11:30:00",41026,1.14,4.46,0.38,0.31,"NAN","NAN","NAN","NAN",5.547
"2026-01-10 11:40:00",41027,1.66,6.54,0.47,0.41,"NAN","NAN","NAN","NAN",5.586
"2026-01-10 11:50:00",41028,1.83,7.21,0.49,0.42,"NAN","NAN","NAN","NAN",5.582
"2026-01-10 12:00:00",41029,2.01,7.95,0.52,0.45,"NAN","NAN","NAN","NAN",5.826
"2026-01-10 12:10:00",41030,1.54,6.03,0.45,0.38,"NAN","NAN","NAN","NAN",5.907
"2026-01-10 12:20:00",41031,1.56,6.13,0.42,0.36,"NAN","NAN","NAN","NAN",5.953
"2026-01-10 12:30:00",41032,0.95,3.66,0.28,0.22,"NAN","NAN","NAN","NAN",5.994
"2026-01-10 12:40:00",41033,0.73,2.78,0.27,0.21,"NAN","NAN","NAN","NAN",6.009
"2026-01-10 12:50:00",41034,1.24,4.85,0.45,0.38,"NAN","NAN","NAN","NAN",5.972
"2026-01-10 13:00:00",41035,1.9,7.5,0.56,0.49,"NAN","NAN","NAN","NAN",5.967
"2026-01-10 13:10:00",41036,1.94,7.65,0.56,0.5,"NAN","NAN","NAN","NAN",6.009
"2026-01-10 13:20:00",41037,1.99,7.86,0.6,0.53,"NAN","NAN","NAN","NAN",6.018
"2026-01-10 13:30:00",41038,2.44,9.689999,0.66,0.59,"NAN","NAN","NAN","NAN",5.986
"2026-01-10 13:40:00",41039,2.6,10.34,0.7,0.63,"NAN","NAN","NAN","NAN",5.923
"2026-01-10 13:50:00",41040,2.6,10.35,0.76,0.69,"NAN","NAN","NAN","NAN",5.924
"2026-01-10 14:00:00",41041,3.29,13.11,0.98,0.9,"NAN","NAN","NAN","NAN",5.768
"2026-01-10 14:10:00",41042,"NAN","NAN","NAN","NAN","NAN","NAN","NAN","NAN","NAN"
"2026-01-10 14:20:00",41043,4.06,16.22,1.16,1.08,"NAN","NAN","NAN","NAN",5.724
"2026-01-10 14:30:00",41044,3.23,12.86,0.96,0.88,"NAN","NAN","NAN","NAN",5.807
"2026-01-10 14:40:00",41045,2.71,10.79,0.85,0.78,"NAN","NAN","NAN","NAN",5.902
"2026-01-10 14:50:00",41046,0.55,2.06,0.22,0.16,"NAN","NAN","NAN","NAN",5.921
"2026-01-10 15:00:00",41047,2.49,9.87,0.73,0.65,"NAN","NAN","NAN","NAN",5.989
"2026-01-10 15:10:00",41048,2.44,9.67,0.64,0.57,"NAN","NAN","NAN","NAN",6.037
"2026-01-10 15:20:00",41049,1.7,6.68,0.43,0.36,"NAN","NAN","NAN","NAN",6.049
"2026-01-10 15:30:00",41050,2.28,9.020001,0.63,0.56,"NAN","NAN","NAN","NAN",6.046
"2026-01-10 15:40:00",41051,2.58,10.26,0.69,0.62,"NAN","NAN","NAN","NAN",6.048
"2026-01-10 15:50:00",41052,1.28,5.01,0.39,0.33,"NAN","NAN","NAN","NAN",6.049
"2026-01-10 16:00:00",41053,2.27,9,0.66,0.59,"NAN","NAN","NAN","NAN",6.012
"2026-01-10 16:10:00",41054,1.29,5.04,0.38,0.31,"NAN","NAN","NAN","NAN",6.029
"2026-01-10 16:20:00",41055,2.31,9.17,0.63,0.56,"NAN","NAN","NAN","NAN",6.016
"2026-01-10 16:30:00",41056,1.72,6.8,0.49,0.43,"NAN","NAN","NAN","NAN",6.008
"2026-01-10 16:40:00",41057,1.39,5.44,0.58,0.51,"NAN","NAN","NAN","NAN",6.002
"2026-01-10 16:50:00",41058,2.73,10.86,0.72,0.65,"NAN","NAN","NAN","NAN",5.959
"2026-01-10 17:00:00",41059,1.78,7.03,0.56,0.49,"NAN","NAN","NAN","NAN",5.953
"2026-01-10 17:10:00",41060,1.94,7.68,0.71,0.63,"NAN","NAN","NAN","NAN",5.917
"2026-01-10 17:20:00",41061,1.52,5.97,0.42,0.35,"NAN","NAN","NAN","NAN",5.86
"2026-01-10 17:30:00",41062,2,7.92,0.6,0.53,"NAN","NAN","NAN","NAN",5.832
"2026-01-10 17:40:00",41063,3.37,13.43,1.16,1.08,"NAN","NAN","NAN","NAN",5.79
"2026-01-10 17:50:00",41064,2.59,10.3,0.85,0.77,"NAN","NAN","NAN","NAN",5.818
"2026-01-10 18:00:00",41065,2.4,9.53,0.72,0.64,"NAN","NAN","NAN","NAN",5.814
"2026-01-10 18:10:00",41066,2.65,10.53,0.85,0.77,"NAN","NAN","NAN","NAN",5.794
"2026-01-10 18:20:00",41067,3.04,12.1,1.08,1,"NAN","NAN","NAN","NAN",5.745
"2026-01-10 18:30:00",41068,2.34,9.270001,0.68,0.61,"NAN","NAN","NAN","NAN",5.707
"2026-01-10 18:40:00",41069,3.05,12.15,1.05,0.97,"NAN","NAN","NAN","NAN",5.641
"2026-01-10 18:50:00",41070,3.22,12.83,1.08,1,"NAN","NAN","NAN","NAN",5.586
"2026-01-10 19:00:00",41071,3.8,15.17,1.09,1.01,"NAN","NAN","NAN","NAN",5.407
"2026-01-10 19:10:00",41072,1.48,5.82,0.55,0.48,"NAN","NAN","NAN","NAN",5.631
"2026-01-10 19:20:00",41073,2.92,11.64,0.85,0.77,"NAN","NAN","NAN","NAN",5.718
"2026-01-10 19:30:00",41074,1.76,6.93,0.64,0.57,"NAN","NAN","NAN","NAN",5.771
"2026-01-10 19:40:00",41075,2.12,8.41,0.53,0.47,"NAN","NAN","NAN","NAN",5.839
"2026-01-10 19:50:00",41076,2.03,8.01,0.55,0.49,"NAN","NAN","NAN","NAN",5.93
"2026-01-10 20:00:00",41077,1.69,6.68,0.48,0.41,"NAN","NAN","NAN","NAN",6.003
"2026-01-10 20:10:00",41078,1.63,6.41,0.45,0.38,"NAN","NAN","NAN","NAN",6.05
"2026-01-10 20:20:00",41079,1.5,5.91,0.43,0.37,"NAN","NAN","NAN","NAN",6.076
"2026-01-10 20:30:00",41080,1.9,7.52,0.56,0.49,"NAN","NAN","NAN","NAN",6.112
"2026-01-10 20:40:00",41081,1.57,6.16,0.39,0.33,"NAN","NAN","NAN","NAN",6.134
"2026-01-10 20:50:00",41082,1.38,5.43,0.46,0.4,"NAN","NAN","NAN","NAN",6.149
"2026-01-10 21:00:00",41083,1.47,5.79,0.44,0.38,"NAN","NAN","NAN","NAN",6.168
"2026-01-10 21:10:00",41084,1.56,6.11,0.47,0.4,"NAN","NAN","NAN","NAN",6.158
"2026-01-10 21:20:00",41085,1.7,6.71,0.49,0.43,"NAN","NAN","NAN","NAN",6.223
"2026-01-10 21:30:00",41086,1.47,5.77,0.47,0.41,"NAN","NAN","NAN","NAN",6.247
"2026-01-10 21:40:00",41087,2.66,10.56,0.59,0.52,"NAN","NAN","NAN","NAN",6.241
"2026-01-10 21:50:00",41088,1.77,7,0.39,0.33,"NAN","NAN","NAN","NAN",6.191
"2026-01-10 22:00:00",41089,1.82,7.16,0.51,0.44,"NAN","NAN","NAN","NAN",6.176
"2026-01-10 22:10:00",41090,1.56,6.14,0.4,0.33,"NAN","NAN","NAN","NAN",6.173
"2026-01-10 22:20:00",41091,1.73,6.8,0.48,0.41,"NAN","NAN","NAN","NAN",6.136
"2026-01-10 22:30:00",41092,1.72,6.79,0.49,0.43,"NAN","NAN","NAN","NAN",6.149
"2026-01-10 22:40:00",41093,1.68,6.62,0.49,0.43,"NAN","NAN","NAN","NAN",6.135
"2026-01-10 22:50:00",41094,1.43,5.59,0.39,0.33,"NAN","NAN","NAN","NAN",6.162
"2026-01-10 23:00:00",41095,"NAN","NAN","NAN","NAN","NAN","NAN","NAN","NAN","NAN"
"2026-01-10 23:10:00",41096,1.4,5.49,0.37,0.31,"NAN","NAN","NAN","NAN",6.182
"2026-01-10 23:20:00",41097,2,7.91,0.47,0.4,"NAN","NAN","NAN","NAN",6.19
"2026-01-10 23:30:00",41098,1.39,5.46,0.4,0.33,"NAN","NAN","NAN","NAN",6.186
"2026-01-10 23:40:00",41099,1.38,5.42,0.46,0.39,"NAN","NAN","NAN","NAN",6.191
"2026-01-10 23:50:00",41100,1.68,6.64,0.46,0.39,"NAN","NAN","NAN","NAN",6.192
"2026-01-11 00:00:00",41101,1.51,5.92,0.51,0.44,"NAN","NAN","NAN","NAN",6.215
"2026-01-11 00:10:00",41102,1.74,6.87,0.54,0.47,"NAN","NAN","NAN","NAN",6.209
"2026-01-11 00:20:00",41103,1.91,7.56,0.52,0.45,"NAN","NAN","NAN","NAN",6.226
"2026-01-11 00:30:00",41104,1.55,6.09,0.53,0.46,"NAN","NAN","NAN","NAN",6.205
"2026-01-11 00:40:00",41105,1.74,6.86,0.55,0.48,"NAN","NAN","NAN","NAN",6.172
"2026-01-11 00:50:00",41106,1.5,5.9,0.39,0.33,"NAN","NAN","NAN","NAN",6.154
"2026-01-11 01:00:00",41107,1.02,3.94,0.51,0.44,"NAN","NAN","NAN","NAN",6.182
"2026-01-11 01:10:00",41108,1.77,6.97,0.51,0.44,"NAN","NAN","NAN","NAN",6.177
"2026-01-11 01:20:00",41109,1.78,7.04,0.53,0.46,"NAN","NAN","NAN","NAN",6.126
"2026-01-11 01:30:00",41110,1.93,7.63,0.51,0.45,"NAN","NAN","NAN","NAN",6.074
"2026-01-11 01:40:00",41111,1.65,6.51,0.53,0.47,"NAN","NAN","NAN","NAN",6.126
"2026-01-11 01:50:00",41112,1.79,7.05,0.52,0.46,"NAN","NAN","NAN","NAN",6.091
"2026-01-11 02:00:00",41113,1.9,7.49,0.56,0.49,"NAN","NAN","NAN","NAN",6.071
"2026-01-11 02:10:00",41114,1.83,7.23,0.66,0.59,"NAN","NAN","NAN","NAN",5.974
"2026-01-11 02:20:00",41115,2.36,9.36,0.67,0.6,"NAN","NAN","NAN","NAN",5.933
"2026-01-11 02:30:00",41116,2.45,9.71,0.8,0.72,"NAN","NAN","NAN","NAN",5.922
"2026-01-11 02:40:00",41117,2.66,10.56,1.09,1.01,"NAN","NAN","NAN","NAN",5.852
"2026-01-11 02:50:00",41118,2.3,9.14,0.78,0.71,"NAN","NAN","NAN","NAN",5.838
"2026-01-11 03:00:00",41119,2.44,9.67,0.73,0.66,"NAN","NAN","NAN","NAN",5.852
"2026-01-11 03:10:00",41120,2.71,10.78,0.75,0.68,"NAN","NAN","NAN","NAN",5.808
"2026-01-11 03:20:00",41121,3.93,15.72,1.21,1.13,"NAN","NAN","NAN","NAN",5.674
"2026-01-11 03:30:00",41122,4.37,17.48,1.35,1.26,"NAN","NAN","NAN","NAN",5.455
"2026-01-11 03:40:00",41123,3.18,12.68,1.09,1.01,"NAN","NAN","NAN","NAN",5.454
"2026-01-11 03:50:00",41124,3.8,15.16,1.12,1.04,"NAN","NAN","NAN","NAN",5.424
"2026-01-11 04:00:00",41125,3.92,15.67,0.94,0.87,"NAN","NAN","NAN","NAN",5.36
"2026-01-11 04:10:00",41126,3.97,15.87,1.12,1.04,"NAN","NAN","NAN","NAN",5.288
"2026-01-11 04:20:00",41127,3.48,13.87,1.05,0.97,"NAN","NAN","NAN","NAN",5.182
"2026-01-11 04:30:00",41128,3.72,14.86,1.33,1.24,"NAN","NAN","NAN","NAN",5.072
"2026-01-11 04:40:00",41129,3.76,15.02,1.18,1.1,"NAN","NAN","NAN","NAN",5.012
"2026-01-11 04:50:00",41130,3.35,13.35,1.16,1.07,"NAN","NAN","NAN","NAN",4.949
"2026-01-11 05:00:00",41131,4.04,16.16,1.26,1.18,"NAN","NAN","NAN","NAN",4.895
"2026-01-11 05:10:00",41132,2.85,11.35,1.09,1.01,"NAN","NAN","NAN","NAN",4.849
"2026-01-11 05:20:00",41133,3.81,15.2,1.04,0.97,"NAN","NAN","NAN","NAN",4.824
"2026-01-11 05:30:00",41134,3.21,12.78,1.01,0.93,"NAN","NAN","NAN","NAN",4.66
"2026-01-11 05:40:00",41135,4.32,17.25,0.82,0.74,"NAN","NAN","NAN","NAN",4.6
"2026-01-11 05:50:00",41136,2.57,10.21,0.87,0.79,"NAN","NAN","NAN","NAN",4.548
"2026-01-11 06:00:00",41137,2.39,9.49,0.99,0.91,"NAN","NAN","NAN","NAN",4.572
"2026-01-11 06:10:00",41138,2.6,10.35,0.85,0.78,"NAN","NAN","NAN","NAN",4.559
"2026-01-11 06:20:00",41139,2.9,11.52,0.95,0.88,"NAN","NAN","NAN","NAN",4.593
"2026-01-11 06:30:00",41140,2.59,10.29,0.96,0.88,"NAN","NAN","NAN","NAN",4.6
"2026-01-11 06:40:00",41141,2.74,10.91,0.96,0.88,"NAN","NAN","NAN","NAN",4.576
"2026-01-11 06:50:00",41142,3.22,12.81,1.15,1.07,"NAN","NAN","NAN","NAN",4.728
"2026-01-11 07:00:00",41143,3.43,13.69,1.11,1.03,"NAN","NAN","NAN","NAN",4.808
"2026-01-11 07:10:00",41144,3.15,12.54,0.95,0.88,"NAN","NAN","NAN","NAN",4.769
"2026-01-11 07:20:00",41145,2.9,11.54,1.08,1,"NAN","NAN","NAN","NAN",4.817
"2026-01-11 07:30:00",41146,2.78,11.05,0.8,0.73,"NAN","NAN","NAN","NAN",4.945
"2026-01-11 07:40:00",41147,2.75,10.95,1.02,0.94,"NAN","NAN","NAN","NAN",4.929
"2026-01-11 07:50:00",41148,"NAN","NAN","NAN","NAN","NAN","NAN","NAN","NAN","NAN"
"2026-01-11 08:00:00",41149,3.3,13.14,0.95,0.87,"NAN","NAN","NAN","NAN",4.794
"2026-01-11 08:10:00",41150,2.65,10.53,0.88,0.81,"NAN","NAN","NAN","NAN",4.861
"2026-01-11 08:20:00",41151,2.82,11.22,0.82,0.74,"NAN","NAN","NAN","NAN",5.215
"2026-01-11 08:30:00",41152,1.96,7.76,0.68,0.61,"NAN","NAN","NAN","NAN",5.209
"2026-01-11 08:40:00",41153,2,7.92,0.69,0.62,"NAN","NAN","NAN","NAN",5.329
"2026-01-11 08:50:00",41154,2.54,10.08,0.83,0.76,"NAN","NAN","NAN","NAN",5.337
"2026-01-11 09:00:00",41155,2.82,11.23,0.74,0.67,"NAN","NAN","NAN","NAN",5.332
"2026-01-11 09:10:00",41156,2.71,10.79,0.72,0.65,"NAN","NAN","NAN","NAN",5.245
"2026-01-11 09:20:00",41157,2.52,10.01,0.71,0.64,"NAN","NAN","NAN","NAN",5.257
"2026-01-11 09:30:00",41158,2.54,10.07,0.84,0.77,"NAN","NAN","NAN","NAN",5.255
"2026-01-11 09:40:00",41159,2.29,9.07,0.82,0.75,"NAN","NAN","NAN","NAN",5.264
"2026-01-11 09:50:00",41160,2.45,9.729999,0.72,0.65,"NAN","NAN","NAN","NAN",5.264
"2026-01-11 10:00:00",41161,2.59,10.31,0.71,0.64,"NAN","NAN","NAN","NAN",5.263
"2026-01-11 10:10:00",41162,2.17,8.59,0.72,0.65,"NAN","NAN","NAN","NAN",5.22
"2026-01-11 10:20:00",41163,2.44,9.67,0.72,0.65,"NAN","NAN","NAN","NAN",5.208
"2026-01-11 10:30:00",41164,2.69,10.7,0.8,0.73,"NAN","NAN","NAN","NAN",5.218
"2026-01-11 10:40:00",41165,3.05,12.15,0.74,0.67,"NAN","NAN","NAN","NAN",5.198
"2026-01-11 10:50:00",41166,2.77,11.01,0.89,0.82,"NAN","NAN","NAN","NAN",5.174
"2026-01-11 11:00:00",41167,2.31,9.16,0.73,0.66,"NAN","NAN","NAN","NAN",5.145
"2026-01-11 11:10:00",41168,2.6,10.35,0.79,0.72,"NAN","NAN","NAN","NAN",5.125
"2026-01-11 11:20:00",41169,2.18,8.63,0.72,0.65,"NAN","NAN","NAN","NAN",5.085
"2026-01-11 11:30:00",41170,2.46,9.76,0.74,0.67,"NAN","NAN","NAN","NAN",5.015
"2026-01-11 11:40:00",41171,2.53,10.05,0.82,0.75,"NAN","NAN","NAN","NAN",4.96
"2026-01-11 11:50:00",41172,2.6,10.34,0.77,0.7,"NAN","NAN","NAN","NAN",4.955
"2026-01-11 12:00:00",41173,2,7.91,0.67,0.6,"NAN","NAN","NAN","NAN",4.918
"2026-01-11 12:10:00",41174,2.65,10.54,0.89,0.81,"NAN","NAN","NAN","NAN",4.903
"2026-01-11 12:20:00",41175,4.06,16.22,0.85,0.78,"NAN","NAN","NAN","NAN",4.877
"2026-01-11 12:30:00",41176,2.19,8.67,0.7,0.63,"NAN","NAN","NAN","NAN",4.86
"2026-01-11 12:40:00",41177,2.28,9.05,0.65,0.58,"NAN","NAN","NAN","NAN",4.787
"2026-01-11 12:50:00",41178,2.32,9.189999,0.74,0.67,"NAN","NAN","NAN","NAN",4.808
"2026-01-11 13:00:00",41179,2.05,8.1,0.72,0.65,"NAN","NAN","NAN","NAN",4.825
"2026-01-11 13:10:00",41180,2.15,8.520001,0.59,0.53,"NAN","NAN","NAN","NAN",4.806
"2026-01-11 13:20:00",41181,2.21,8.74,0.69,0.62,"NAN","NAN","NAN","NAN",4.857
"2026-01-11 13:30:00",41182,2.21,8.770001,0.73,0.66,"NAN","NAN","NAN","NAN",4.939
"2026-01-11 13:40:00",41183,2.51,9.97,0.78,0.71,"NAN","NAN","NAN","NAN",4.944
"2026-01-11 13:50:00",41184,2.04,8.07,0.7,0.63,"NAN","NAN","NAN","NAN",4.947
"2026-01-11 14:00:00",41185,2.31,9.14,0.87,0.79,"NAN","NAN","NAN","NAN",4.967
"2026-01-11 14:10:00",41186,2.36,9.38,0.78,0.7,"NAN","NAN","NAN","NAN",5.065
"2026-01-11 14:20:00",41187,2.46,9.770001,0.81,0.74,"NAN","NAN","NAN","NAN",5.055
"2026-01-11 14:30:00",41188,2.11,8.37,0.66,0.59,"NAN","NAN","NAN","NAN",4.849
"2026-01-11 14:40:00",41189,1.94,7.66,0.73,0.66,"NAN","NAN","NAN","NAN",4.972
"2026-01-11 14:50:00",41190,2.44,9.689999,0.71,0.64,"NAN","NAN","NAN","NAN",5.041
"2026-01-11 15:00:00",41191,2.58,10.26,0.75,0.68,"NAN","NAN","NAN","NAN",4.996
"2026-01-11 15:10:00",41192,2.5,9.91,0.73,0.66,"NAN","NAN","NAN","NAN",5.076
"2026-01-11 15:20:00",41193,2.15,8.53,0.7,0.63,"NAN","NAN","NAN","NAN",5.117
"2026-01-11 15:30:00",41194,2.32,9.2,0.64,0.57,"NAN","NAN","NAN","NAN",5.123
"2026-01-11 15:40:00",41195,2.31,9.14,0.71,0.64,"NAN","NAN","NAN","NAN",5.146
"2026-01-11 15:50:00",41196,2.28,9.03,0.67,0.6,"NAN","NAN","NAN","NAN",5.133
"2026-01-11 16:00:00",41197,2.8,11.14,0.76,0.68,"NAN","NAN","NAN","NAN",5.092
"2026-01-11 16:10:00",41198,2.31,9.15,0.7,0.63,"NAN","NAN","NAN","NAN",5.062
"2026-01-11 16:20:00",41199,2.44,9.689999,0.66,0.59,"NAN","NAN","NAN","NAN",5.051
"2026-01-11 16:30:00",41200,2.73,10.87,0.86,0.79,"NAN","NAN","NAN","NAN",5.022
"2026-01-11 16:40:00",41201,"NAN","NAN","NAN","NAN","NAN","NAN","NAN","NAN","NAN"
"2026-01-11 16:50:00",41202,1.48,5.82,0.6,0.53,"NAN","NAN","NAN","NAN",4.951
"2026-01-11 17:00:00",41203,2.09,8.26,0.62,0.55,"NAN","NAN","NAN","NAN",4.95
"2026-01-11 17:10:00",41204,1.6,6.31,0.61,0.55,"NAN","NAN","NAN","NAN",4.933
"2026-01-11 17:20:00",41205,2.84,11.31,0.85,0.77,"NAN","NAN","NAN","NAN",4.917
"2026-01-11 17:30:00",41206,1.8,7.12,0.66,0.59,"NAN","NAN","NAN","NAN",4.919
"2026-01-11 17:40:00",41207,2.93,11.68,0.89,0.81,"NAN","NAN","NAN","NAN",4.932
"2026-01-11 17:50:00",41208,2.43,9.63,0.9,0.83,"NAN","NAN","NAN","NAN",4.929
"2026-01-11 18:00:00",41209,2.78,11.05,0.86,0.79,"NAN","NAN","NAN","NAN",4.925
"2026-01-11 18:10:00",41210,2.41,9.55,0.79,0.71,"NAN","NAN","NAN","NAN",4.921
"2026-01-11 18:20:00",41211,2.09,8.26,0.74,0.67,"NAN","NAN","NAN","NAN",4.921
"2026-01-11 18:30:00",41212,2.27,9,0.79,0.72,"NAN","NAN","NAN","NAN",4.904
"2026-01-11 18:40:00",41213,2.52,10.01,0.69,0.62,"NAN","NAN","NAN","NAN",4.904
"2026-01-11 18:50:00",41214,2.56,10.18,0.83,0.75,"NAN","NAN","NAN","NAN",4.897
"2026-01-11 19:00:00",41215,2.92,11.61,0.82,0.75,"NAN","NAN","NAN","NAN",4.881
"2026-01-11 19:10:00",41216,2.61,10.37,0.8,0.72,"NAN","NAN","NAN","NAN",4.903
"2026-01-11 19:20:00",41217,2.61,10.37,0.81,0.74,"NAN","NAN","NAN","NAN",4.895
"2026-01-11 19:30:00",41218,2.62,10.43,0.76,0.69,"NAN","NAN","NAN","NAN",4.918
"2026-01-11 19:40:00",41219,2.5,9.91,0.77,0.7,"NAN","NAN","NAN","NAN",4.906
"2026-01-11 19:50:00",41220,2.38,9.45,0.65,0.58,"NAN","NAN","NAN","NAN",4.908
"2026-01-11 20:00:00",41221,3.01,12,0.82,0.75,"NAN","NAN","NAN","NAN",4.857
"2026-01-11 20:10:00",41222,2.56,10.19,0.79,0.72,"NAN","NAN","NAN","NAN",4.9
"2026-01-11 20:20:00",41223,2.53,10.04,0.81,0.73,"NAN","NAN","NAN","NAN",4.931
"2026-01-11 20:30:00",41224,2.78,11.07,0.79,0.72,"NAN","NAN","NAN","NAN",4.936
"2026-01-11 20:40:00",41225,2.47,9.79,0.72,0.64,"NAN","NAN","NAN","NAN",4.911
"2026-01-11 20:50:00",41226,2.84,11.3,0.92,0.85,"NAN","NAN","NAN","NAN",4.908
"2026-01-11 21:00:00",41227,2.66,10.55,0.76,0.69,"NAN","NAN","NAN","NAN",4.891
"2026-01-11 21:10:00",41228,2.41,9.55,0.7,0.63,"NAN","NAN","NAN","NAN",4.873
"2026-01-11 21:20:00",41229,2.28,9.04,0.81,0.73,"NAN","NAN","NAN","NAN",4.886
"2026-01-11 21:30:00",41230,3.11,12.37,0.81,0.74,"NAN","NAN","NAN","NAN",4.88
"2026-01-11 21:40:00",41231,2.64,10.49,0.85,0.78,"NAN","NAN","NAN","NAN",4.871
"2026-01-11 21:50:00",41232,2.45,9.72,0.79,0.71,"NAN","NAN","NAN","NAN",4.876
"2026-01-11 22:00:00",41233,2.4,9.53,0.82,0.75,"NAN","NAN","NAN","NAN",4.87
"2026-01-11 22:10:00",41234,2.86,11.36,0.92,0.84,"NAN","NAN","NAN","NAN",4.844
"2026-01-11 22:20:00",41235,2.43,9.66,0.72,0.65,"NAN","NAN","NAN","NAN",4.82
"2026-01-11 22:30:00",41236,2.55,10.14,0.78,0.71,"NAN","NAN","NAN","NAN",4.84
"2026-01-11 22:40:00",41237,2.34,9.29,0.75,0.68,"NAN","NAN","NAN","NAN",4.838
"2026-01-11 22:50:00",41238,2.83,11.27,0.81,0.74,"NAN","NAN","NAN","NAN",4.807
"2026-01-11 23:00:00",41239,2.31,9.16,0.69,0.62,"NAN","NAN","NAN","NAN",4.821
"2026-01-11 23:10:00",41240,2.14,8.46,0.73,0.66,"NAN","NAN","NAN","NAN",4.815
"2026-01-11 23:20:00",41241,2.51,9.97,0.83,0.76,"NAN","NAN","NAN","NAN",4.822
"2026-01-11 23:30:00",41242,2.72,10.83,0.84,0.76,"NAN","NAN","NAN","NAN",4.823
"2026-01-11 23:40:00",41243,2.42,9.6,0.78,0.71,"NAN","NAN","NAN","NAN",4.834
"2026-01-11 23:50:00",41244,2.73,10.84,0.83,0.76,"NAN","NAN","NAN","NAN",4.842
"2026-01-12 00:00:00",41245,2.17,8.6,0.82,0.74,"NAN","NAN","NAN","NAN",4.834
"2026-01-12 00:10:00",41246,2.5,9.92,0.77,0.7,"NAN","NAN","NAN","NAN",4.864
"2026-01-12 00:20:00",41247,2.85,11.35,0.8,0.73,"NAN","NAN","NAN","NAN",4.878
"2026-01-12 00:30:00",41248,2.52,9.99,0.75,0.68,"NAN","NAN","NAN","NAN",4.878
"2026-01-12 00:40:00",41249,2.04,8.060001,0.73,0.66,"NAN","NAN","NAN","NAN",4.898
"2026-01-12 00:50:00",41250,1.64,6.45,0.64,0.57,"NAN","NAN","NAN","NAN",4.896
"2026-01-12 01:00:00",41251,1.89,7.46,0.67,0.6,"NAN","NAN","NAN","NAN",4.899
"2026-01-12 01:10:00",41252,1.47,5.78,0.56,0.49,"NAN","NAN","NAN","NAN",4.9
"2026-01-12 01:20:00",41253,1.76,6.94,0.7,0.63,"NAN","NAN","NAN","NAN",4.898
"2026-01-12 01:30:00",41254,"NAN","NAN","NAN","NAN","NAN","NAN","NAN","NAN","NAN"
"2026-01-12 01:40:00",41255,2.64,10.51,0.78,0.71,"NAN","NAN","NAN","NAN",4.842
"2026-01-12 01:50:00",41256,2.53,10.03,0.81,0.73,"NAN","NAN","NAN","NAN",4.87
"2026-01-12 02:00:00",41257,2.64,10.48,0.81,0.74,"NAN","NAN","NAN","NAN",4.888
"2026-01-12 02:10:00",41258,2.83,11.25,0.83,0.76,"NAN","NAN","NAN","NAN",4.878
"2026-01-12 02:20:00",41259,1.86,7.33,0.79,0.72,"NAN","NAN","NAN","NAN",4.867
"2026-01-12 02:30:00",41260,2.61,10.38,0.8,0.72,"NAN","NAN","NAN","NAN",4.873
"2026-01-12 02:40:00",41261,1.7,6.7,0.63,0.56,"NAN","NAN","NAN","NAN",4.879
"2026-01-12 02:50:00",41262,1.26,4.93,0.49,0.42,"NAN","NAN","NAN","NAN",4.878
"2026-01-12 03:00:00",41263,1.86,7.34,0.56,0.5,"NAN","NAN","NAN","NAN",4.853
"2026-01-12 03:10:00",41264,1.67,6.56,0.63,0.57,"NAN","NAN","NAN","NAN",4.847
"2026-01-12 03:20:00",41265,2.74,10.88,0.7,0.63,"NAN","NAN","NAN","NAN",4.871
"2026-01-12 03:30:00",41266,1.33,5.21,0.46,0.4,"NAN","NAN","NAN","NAN",4.874
"2026-01-12 03:40:00",41267,1.49,5.84,0.49,0.42,"NAN","NAN","NAN","NAN",4.866
"2026-01-12 03:50:00",41268,2.23,8.84,0.75,0.67,"NAN","NAN","NAN","NAN",4.866
"2026-01-12 04:00:00",41269,1.67,6.59,0.61,0.54,"NAN","NAN","NAN","NAN",4.864
"2026-01-12 04:10:00",41270,2.06,8.16,0.79,0.72,"NAN","NAN","NAN","NAN",4.86
"2026-01-12 04:20:00",41271,1.69,6.65,0.66,0.59,"NAN","NAN","NAN","NAN",4.859
"2026-01-12 04:30:00",41272,2.43,9.64,0.62,0.55,"NAN","NAN","NAN","NAN",4.851
"2026-01-12 04:40:00",41273,2.27,9,0.87,0.79,"NAN","NAN","NAN","NAN",4.836
"2026-01-12 04:50:00",41274,2.16,8.57,0.83,0.75,"NAN","NAN","NAN","NAN",4.828
"2026-01-12 05:00:00",41275,2.05,8.12,0.78,0.71,"NAN","NAN","NAN","NAN",4.829
"2026-01-12 05:10:00",41276,1.83,7.23,0.61,0.54,"NAN","NAN","NAN","NAN",4.819
"2026-01-12 05:20:00",41277,2.23,8.86,0.75,0.68,"NAN","NAN","NAN","NAN",4.794
"2026-01-12 05:30:00",41278,2.84,11.3,0.95,0.87,"NAN","NAN","NAN","NAN",4.789
"2026-01-12 05:40:00",41279,2.03,8.04,0.74,0.67,"NAN","NAN","NAN","NAN",4.761
"2026-01-12 05:50:00",41280,2.4,9.54,0.79,0.71,"NAN","NAN","NAN","NAN",4.728
"2026-01-12 06:00:00",41281,2.6,10.33,0.9,0.83,"NAN","NAN","NAN","NAN",4.715
"2026-01-12 06:10:00",41282,2.18,8.63,0.76,0.69,"NAN","NAN","NAN","NAN",4.705
"2026-01-12 06:20:00",41283,1.96,7.75,0.78,0.7,"NAN","NAN","NAN","NAN",4.717
"2026-01-12 06:30:00",41284,1.86,7.35,0.67,0.6,"NAN","NAN","NAN","NAN",4.695
"2026-01-12 06:40:00",41285,2.28,9.05,0.71,0.64,"NAN","NAN","NAN","NAN",4.709
"2026-01-12 06:50:00",41286,2.35,9.32,0.79,0.72,"NAN","NAN","NAN","NAN",4.721
"2026-01-12 07:00:00",41287,2.48,9.84,0.8,0.73,"NAN","NAN","NAN","NAN",4.708
"2026-01-12 07:10:00",41288,2.5,9.91,0.82,0.75,"NAN","NAN","NAN","NAN",4.68
"2026-01-12 07:20:00",41289,2.91,11.58,0.85,0.78,"NAN","NAN","NAN","NAN",4.659
"2026-01-12 07:30:00",41290,2.33,9.22,0.9,0.83,"NAN","NAN","NAN","NAN",4.638
"2026-01-12 07:40:00",41291,2.97,11.83,0.97,0.89,"NAN","NAN","NAN","NAN",4.618
"2026-01-12 07:50:00",41292,1.9,7.49,0.72,0.65,"NAN","NAN","NAN","NAN",4.629
"2026-01-12 08:00:00",41293,2.02,8,0.66,0.59,"NAN","NAN","NAN","NAN",4.633
"2026-01-12 08:10:00",41294,1.73,6.83,0.54,0.47,"NAN","NAN","NAN","NAN",4.638
"2026-01-12 08:20:00",41295,2.12,8.41,0.73,0.66,"NAN","NAN","NAN","NAN",4.638
"2026-01-12 08:30:00",41296,2.3,9.13,0.71,0.64,"NAN","NAN","NAN","NAN",4.607
"2026-01-12 08:40:00",41297,2.6,10.34,0.84,0.77,"NAN","NAN","NAN","NAN",4.621
"2026-01-12 08:50:00",41298,2.72,10.81,0.78,0.71,"NAN","NAN","NAN","NAN",4.61
"2026-01-12 09:00:00",41299,1.91,7.56,0.69,0.62,"NAN","NAN","NAN","NAN",4.615
"2026-01-12 09:10:00",41300,1.78,7.03,0.7,0.63,"NAN","NAN","NAN","NAN",4.623
"2026-01-12 09:20:00",41301,2.08,8.22,0.71,0.64,"NAN","NAN","NAN","NAN",4.62
"2026-01-12 09:30:00",41302,2.28,9.03,0.73,0.66,"NAN","NAN","NAN","NAN",4.617
"2026-01-12 09:40:00",41303,1.94,7.68,0.69,0.62,"NAN","NAN","NAN","NAN",4.62
"2026-01-12 09:50:00",41304,2.36,9.38,0.68,0.61,"NAN","NAN","NAN","NAN",4.617
"2026-01-12 10:00:00",41305,2.52,10,0.82,0.75,"NAN","NAN","NAN","NAN",4.622
"2026-01-12 10:10:00",41306,2.03,8.04,0.63,0.56,"NAN","NAN","NAN","NAN",4.626
"2026-01-12 10:20:00",41307,"NAN","NAN","NAN","NAN","NAN","NAN","NAN","NAN","NAN"
"2026-01-12 10:30:00",41308,1.62,6.37,0.61,0.55,"NAN","NAN","NAN","NAN",4.653
"2026-01-12 10:40:00",41309,1.47,5.79,0.55,0.49,"NAN","NAN","NAN","NAN",4.656
"2026-01-12 10:50:00",41310,1.82,7.17,0.6,0.53,"NAN","NAN","NAN","NAN",4.674
"2026-01-12 11:00:00",41311,2.01,7.95,0.69,0.62,"NAN","NAN","NAN","NAN",4.679
"2026-01-12 11:10:00",41312,2.2,8.71,0.73,0.66,"NAN","NAN","NAN","NAN",4.69
"2026-01-12 11:20:00",41313,1.65,6.48,0.56,0.49,"NAN","NAN","NAN","NAN",4.692
"2026-01-12 11:30:00",41314,1.54,6.07,0.64,0.57,"NAN","NAN","NAN","NAN",4.698
"2026-01-12 11:40:00",41315,1.73,6.84,0.55,0.48,"NAN","NAN","NAN","NAN",4.714
"2026-01-12 11:50:00",41316,1.78,7,0.62,0.55,"NAN","NAN","NAN","NAN",4.734
"2026-01-12 12:00:00",41317,1.75,6.9,0.63,0.56,"NAN","NAN","NAN","NAN",4.733
"2026-01-12 12:10:00",41318,1.14,4.45,0.45,0.38,"NAN","NAN","NAN","NAN",4.763
"2026-01-12 12:20:00",41319,1.31,5.11,0.53,0.47,"NAN","NAN","NAN","NAN",4.768
"2026-01-12 12:30:00",41320,1.72,6.78,0.66,0.59,"NAN","NAN","NAN","NAN",4.787
"2026-01-12 12:40:00",41321,1.67,6.59,0.6,0.54,"NAN","NAN","NAN","NAN",4.818
"2026-01-12 12:50:00",41322,1.64,6.46,0.51,0.45,"NAN","NAN","NAN","NAN",4.83
"2026-01-12 13:00:00",41323,1.79,7.07,0.67,0.6,"NAN","NAN","NAN","NAN",4.842
"2026-01-12 13:10:00",41324,2.05,8.11,0.67,0.6,"NAN","NAN","NAN","NAN",4.874
"2026-01-12 13:20:00",41325,1.65,6.49,0.61,0.54,"NAN","NAN","NAN","NAN",4.866
"2026-01-12 13:30:00",41326,1.31,5.12,0.58,0.51,"NAN","NAN","NAN","NAN",4.888
"2026-01-12 13:40:00",41327,1.9,7.52,0.62,0.55,"NAN","NAN","NAN","NAN",4.885
"2026-01-12 13:50:00",41328,1.1,4.26,0.46,0.4,"NAN","NAN","NAN","NAN",4.886
"2026-01-12 14:00:00",41329,1.44,5.67,0.5,0.43,"NAN","NAN","NAN","NAN",4.906
"2026-01-12 14:10:00",41330,1.56,6.14,0.56,0.5,"NAN","NAN","NAN","NAN",4.911
"2026-01-12 14:20:00",41331,1.96,7.76,0.7,0.63,"NAN","NAN","NAN","NAN",4.912
"2026-01-12 14:30:00",41332,1.41,5.51,0.45,0.39,"NAN","NAN","NAN","NAN",4.892
"2026-01-12 14:40:00",41333,1.61,6.35,0.53,0.47,"NAN","NAN","NAN","NAN",4.894
"2026-01-12 14:50:00",41334,1.88,7.43,0.55,0.48,"NAN","NAN","NAN","NAN",4.89
"2026-01-12 15:00:00",41335,1.54,6.07,0.59,0.52,"NAN","NAN","NAN","NAN",4.902
"2026-01-12 15:10:00",41336,1.71,6.75,0.51,0.44,"NAN","NAN","NAN","NAN",4.848
"2026-01-12 15:20:00",41337,2.11,8.34,0.66,0.59,"NAN","NAN","NAN","NAN",4.843
"2026-01-12 15:30:00",41338,1.77,6.97,0.55,0.49,"NAN","NAN","NAN","NAN",4.831
"2026-01-12 15:40:00",41339,1.89,7.48,0.6,0.53,"NAN","NAN","NAN","NAN",4.818
"2026-01-12 15:50:00",41340,2.04,8.07,0.6,0.53,"NAN","NAN","NAN","NAN",4.821
"2026-01-12 16:00:00",41341,2.19,8.66,0.75,0.68,"NAN","NAN","NAN","NAN",4.857
"2026-01-12 16:10:00",41342,1.49,5.85,0.57,0.5,"NAN","NAN","NAN","NAN",4.824
"2026-01-12 16:20:00",41343,1.83,7.22,0.58,0.51,"NAN","NAN","NAN","NAN",4.855
"2026-01-12 16:30:00",41344,1.04,4.03,0.45,0.38,"NAN","NAN","NAN","NAN",4.865
"2026-01-12 16:40:00",41345,1.86,7.33,0.65,0.58,"NAN","NAN","NAN","NAN",4.837
"2026-01-12 16:50:00",41346,1.95,7.7,0.57,0.5,"NAN","NAN","NAN","NAN",4.831
"2026-01-12 17:00:00",41347,1.14,4.43,0.43,0.37,"NAN","NAN","NAN","NAN",4.818
"2026-01-12 17:10:00",41348,1.91,7.56,0.64,0.57,"NAN","NAN","NAN","NAN",4.81
"2026-01-12 17:20:00",41349,1.14,4.45,0.46,0.39,"NAN","NAN","NAN","NAN",4.807
"2026-01-12 17:30:00",41350,1.15,4.5,0.43,0.36,"NAN","NAN","NAN","NAN",4.808
"2026-01-12 17:40:00",41351,1.22,4.76,0.47,0.4,"NAN","NAN","NAN","NAN",4.808
"2026-01-12 17:50:00",41352,1.34,5.26,0.5,0.44,"NAN","NAN","NAN","NAN",4.796
"2026-01-12 18:00:00",41353,1.15,4.5,0.44,0.37,"NAN","NAN","NAN","NAN",4.774
"2026-01-12 18:10:00",41354,1.71,6.75,0.68,0.61,"NAN","NAN","NAN","NAN",4.761
"2026-01-12 18:20:00",41355,1.82,7.19,0.72,0.65,"NAN","NAN","NAN","NAN",4.736
"2026-01-12 18:30:00",41356,2.48,9.86,0.74,0.67,"NAN","NAN","NAN","NAN",4.734
"2026-01-12 18:40:00",41357,1.93,7.64,0.73,0.66,"NAN","NAN","NAN","NAN",4.725
"2026-01-12 18:50:00",41358,2.84,11.29,0.84,0.77,"NAN","NAN","NAN","NAN",4.717
"2026-01-12 19:00:00",41359,2.74,10.88,0.81,0.73,"NAN","NAN","NAN","NAN",4.713
"2026-01-12 19:10:00",41360,"NAN","NAN","NAN","NAN","NAN","NAN","NAN","NAN","NAN"
"2026-01-12 19:20:00",41361,2.3,9.12,0.74,0.67,"NAN","NAN","NAN","NAN",4.714
"2026-01-12 19:30:00",41362,2.29,9.1,0.68,0.61,"NAN","NAN","NAN","NAN",4.72
"2026-01-12 19:40:00",41363,1.89,7.48,0.75,0.68,"NAN","NAN","NAN","NAN",4.728
"2026-01-12 19:50:00",41364,1.86,7.36,0.7,0.63,"NAN","NAN","NAN","NAN",4.731
"2026-01-12 20:00:00",41365,2.12,8.41,0.71,0.64,"NAN","NAN","NAN","NAN",4.734
"2026-01-12 20:10:00",41366,2.15,8.5,0.77,0.69,"NAN","NAN","NAN","NAN",4.748
"2026-01-12 20:20:00",41367,2.7,10.75,0.73,0.66,"NAN","NAN","NAN","NAN",4.743
"2026-01-12 20:30:00",41368,1.85,7.31,0.64,0.57,"NAN","NAN","NAN","NAN",4.741
"2026-01-12 20:40:00",41369,3.62,14.45,0.92,0.84,"NAN","NAN","NAN","NAN",4.719
"2026-01-12 20:50:00",41370,2.31,9.16,0.7,0.63,"NAN","NAN","NAN","NAN",4.7
"2026-01-12 21:00:00",41371,1.77,7,0.65,0.58,"NAN","NAN","NAN","NAN",4.718
"2026-01-12 21:10:00",41372,2.18,8.64,0.71,0.64,"NAN","NAN","NAN","NAN",4.706
"2026-01-12 21:20:00",41373,2.16,8.57,0.68,0.61,"NAN","NAN","NAN","NAN",4.695
"2026-01-12 21:30:00",41374,1.94,7.68,0.71,0.63,"NAN","NAN","NAN","NAN",4.661
"2026-01-12 21:40:00",41375,2.14,8.47,0.75,0.68,"NAN","NAN","NAN","NAN",4.631
"2026-01-12 21:50:00",41376,2.18,8.63,0.73,0.66,"NAN","NAN","NAN","NAN",4.632
"2026-01-12 22:00:00",41377,2.32,9.189999,0.77,0.7,"NAN","NAN","NAN","NAN",4.627
"2026-01-12 22:10:00",41378,2.41,9.57,0.78,0.71,"NAN","NAN","NAN","NAN",4.617
"2026-01-12 22:20:00",41379,2.22,8.8,0.82,0.75,"NAN","NAN","NAN","NAN",4.627
"2026-01-12 22:30:00",41380,2.39,9.479999,0.74,0.67,"NAN","NAN","NAN","NAN",4.633
"2026-01-12 22:40:00",41381,2.42,9.62,0.82,0.75,"NAN","NAN","NAN","NAN",4.622
"2026-01-12 22:50:00",41382,2.36,9.38,0.72,0.65,"NAN","NAN","NAN","NAN",4.614
"2026-01-12 23:00:00",41383,1.74,6.85,0.71,0.64,"NAN","NAN","NAN","NAN",4.609
"2026-01-12 23:10:00",41384,2.25,8.91,0.76,0.69,"NAN","NAN","NAN","NAN",4.601
"2026-01-12 23:20:00",41385,2.21,8.75,0.83,0.75,"NAN","NAN","NAN","NAN",4.592
"2026-01-12 23:30:00",41386,2.32,9.2,0.82,0.75,"NAN","NAN","NAN","NAN",4.593
"2026-01-12 23:40:00",41387,1.96,7.74,0.69,0.62,"NAN","NAN","NAN","NAN",4.579
"2026-01-12 23:50:00",41388,2.02,7.98,0.76,0.69,"NAN","NAN","NAN","NAN",4.586
"2026-01-13 00:00:00",41389,2.41,9.55,0.79,0.72,"NAN","NAN","NAN","NAN",4.584
"2026-01-13 00:10:00",41390,2.08,8.25,0.7,0.63,"NAN","NAN","NAN","NAN",4.557
"2026-01-13 00:20:00",41391,1.91,7.54,0.61,0.54,"NAN","NAN","NAN","NAN",4.572
"2026-01-13 00:30:00",41392,2.1,8.3,0.72,0.65,"NAN","NAN","NAN","NAN",4.57
"2026-01-13 00:40:00",41393,2.14,8.49,0.75,0.67,"NAN","NAN","NAN","NAN",4.568
"2026-01-13 00:50:00",41394,2.14,8.49,0.75,0.68,"NAN","NAN","NAN","NAN",4.561
"2026-01-13 01:00:00",41395,1.96,7.76,0.66,0.59,"NAN","NAN","NAN","NAN",4.561
"2026-01-13 01:10:00",41396,2.48,9.84,0.77,0.7,"NAN","NAN","NAN","NAN",4.557
"2026-01-13 01:20:00",41397,2.19,8.689999,0.71,0.64,"NAN","NAN","NAN","NAN",4.536
"2026-01-13 01:30:00",41398,2.44,9.68,0.75,0.68,"NAN","NAN","NAN","NAN",4.547
"2026-01-13 01:40:00",41399,2.71,10.77,0.81,0.74,"NAN","NAN","NAN","NAN",4.531
"2026-01-13 01:50:00",41400,1.96,7.75,0.75,0.67,"NAN","NAN","NAN","NAN",4.525
"2026-01-13 02:00:00",41401,2.13,8.43,0.82,0.74,"NAN","NAN","NAN","NAN",4.521
"2026-01-13 02:10:00",41402,2.7,10.72,0.75,0.68,"NAN","NAN","NAN","NAN",4.515
"2026-01-13 02:20:00",41403,2.44,9.7,0.71,0.64,"NAN","NAN","NAN","NAN",4.513
"2026-01-13 02:30:00",41404,2.54,10.08,0.87,0.8,"NAN","NAN","NAN","NAN",4.508
"2026-01-13 02:40:00",41405,2.02,7.99,0.69,0.62,"NAN","NAN","NAN","NAN",4.5
"2026-01-13 02:50:00",41406,2.5,9.939999,0.88,0.81,"NAN","NAN","NAN","NAN",4.496
"2026-01-13 03:00:00",41407,2.4,9.51,0.8,0.73,"NAN","NAN","NAN","NAN",4.495
"2026-01-13 03:10:00",41408,2.19,8.67,0.58,0.51,"NAN","NAN","NAN","NAN",4.499
"2026-01-13 03:20:00",41409,2.1,8.32,0.69,0.62,"NAN","NAN","NAN","NAN",4.492
"2026-01-13 03:30:00",41410,2.07,8.21,0.67,0.6,"NAN","NAN","NAN","NAN",4.494
"2026-01-13 03:40:00",41411,1.45,5.7,0.64,0.58,"NAN","NAN","NAN","NAN",4.485
"2026-01-13 03:50:00",41412,1.43,5.62,0.64,0.57,"NAN","NAN","NAN","NAN",4.494
"2026-01-13 04:00:00",41413,"NAN","NAN","NAN","NAN","NAN","NAN","NAN","NAN","NAN"
"2026-01-13 04:10:00",41414,1.69,6.64,0.59,0.52,"NAN","NAN","NAN","NAN",4.479
"2026-01-13 04:20:00",41415,1.81,7.14,0.66,0.59,"NAN","NAN","NAN","NAN",4.481
"2026-01-13 04:30:00",41416,2.04,8.07,0.75,0.68,"NAN","NAN","NAN","NAN",4.474
"2026-01-13 04:40:00",41417,1.81,7.12,0.71,0.64,"NAN","NAN","NAN","NAN",4.451
"2026-01-13 04:50:00",41418,1.34,5.26,0.64,0.57,"NAN","NAN","NAN","NAN",4.447
"2026-01-13 05:00:00",41419,2.27,8.99,0.8,0.73,"NAN","NAN","NAN","NAN",4.457
"2026-01-13 05:10:00",41420,2.18,8.65,0.71,0.63,"NAN","NAN","NAN","NAN",4.454
"2026-01-13 05:20:00",41421,2.29,9.09,0.69,0.62,"NAN","NAN","NAN","NAN",4.442
"2026-01-13 05:30:00",41422,2.05,8.11,0.68,0.61,"NAN","NAN","NAN","NAN",4.433
"2026-01-13 05:40:00",41423,2.32,9.22,0.72,0.65,"NAN","NAN","NAN","NAN",4.4
"2026-01-13 05:50:00",41424,1.96,7.76,0.64,0.57,"NAN","NAN","NAN","NAN",4.399
"2026-01-13 06:00:00",41425,2.07,8.21,0.65,0.58,"NAN","NAN","NAN","NAN",4.382
"2026-01-13 06:10:00",41426,2.18,8.66,0.68,0.61,"NAN","NAN","NAN","NAN",4.407
"2026-01-13 06:20:00",41427,2.42,9.6,0.75,0.67,"NAN","NAN","NAN","NAN",4.379
"2026-01-13 06:30:00",41428,2.16,8.55,0.73,0.66,"NAN","NAN","NAN","NAN",4.368
"2026-01-13 06:40:00",41429,2.07,8.18,0.69,0.62,"NAN","NAN","NAN","NAN",4.366
"2026-01-13 06:50:00",41430,2.25,8.939999,0.69,0.61,"NAN","NAN","NAN","NAN",4.345
"2026-01-13 07:00:00",41431,2.03,8.05,0.67,0.6,"NAN","NAN","NAN","NAN",4.343
"2026-01-13 07:10:00",41432,1.87,7.38,0.71,0.64,"NAN","NAN","NAN","NAN",4.337
"2026-01-13 07:20:00",41433,2.1,8.3,0.72,0.65,"NAN","NAN","NAN","NAN",4.332
"2026-01-13 07:30:00",41434,2.33,9.24,0.77,0.7,"NAN","NAN","NAN","NAN",4.342
"2026-01-13 07:40:00",41435,2.68,10.67,0.76,0.68,"NAN","NAN","NAN","NAN",4.329
"2026-01-13 07:50:00",41436,2.24,8.9,0.72,0.65,"NAN","NAN","NAN","NAN",4.312
"2026-01-13 08:00:00",41437,1.68,6.61,0.6,0.53,"NAN","NAN","NAN","NAN",4.318
"2026-01-13 08:10:00",41438,2.14,8.47,0.8,0.73,"NAN","NAN","NAN","NAN",4.331
"2026-01-13 08:20:00",41439,2.15,8.520001,0.72,0.65,"NAN","NAN","NAN","NAN",4.353
"2026-01-13 08:30:00",41440,1.44,5.64,0.55,0.48,"NAN","NAN","NAN","NAN",4.365
"2026-01-13 08:40:00",41441,2.52,9.99,0.82,0.74,"NAN","NAN","NAN","NAN",4.362
"2026-01-13 08:50:00",41442,1.86,7.34,0.69,0.62,"NAN","NAN","NAN","NAN",4.338
"2026-01-13 09:00:00",41443,1.84,7.25,0.63,0.56,"NAN","NAN","NAN","NAN",4.348
"2026-01-13 09:10:00",41444,1.82,7.18,0.69,0.62,"NAN","NAN","NAN","NAN",4.349
"2026-01-13 09:20:00",41445,2.23,8.83,0.68,0.61,"NAN","NAN","NAN","NAN",4.33
"2026-01-13 09:30:00",41446,1.85,7.3,0.6,0.53,"NAN","NAN","NAN","NAN",4.34
"2026-01-13 09:40:00",41447,1.62,6.39,0.61,0.54,"NAN","NAN","NAN","NAN",4.357
"2026-01-13 09:50:00",41448,1.4,5.47,0.42,0.36,"NAN","NAN","NAN","NAN",4.359
"2026-01-13 10:00:00",41449,1.57,6.17,0.58,0.51,"NAN","NAN","NAN","NAN",4.37
"2026-01-13 10:10:00",41450,1.38,5.4,0.64,0.57,"NAN","NAN","NAN","NAN",4.368
"2026-01-13 10:20:00",41451,1.52,5.97,0.56,0.49,"NAN","NAN","NAN","NAN",4.381
"2026-01-13 10:30:00",41452,1.88,7.44,0.7,0.63,"NAN","NAN","NAN","NAN",4.384
"2026-01-13 10:40:00",41453,2.16,8.560001,0.62,0.55,"NAN","NAN","NAN","NAN",4.364
"2026-01-13 10:50:00",41454,2.17,8.61,0.64,0.57,"NAN","NAN","NAN","NAN",4.373
"2026-01-13 11:00:00",41455,1.59,6.26,0.5,0.44,"NAN","NAN","NAN","NAN",4.38
"2026-01-13 11:10:00",41456,1.06,4.1,0.44,0.38,"NAN","NAN","NAN","NAN",4.405
"2026-01-13 11:20:00",41457,0.98,3.78,0.44,0.37,"NAN","NAN","NAN","NAN",4.396
"2026-01-13 11:30:00",41458,0.98,3.79,0.39,0.33,"NAN","NAN","NAN","NAN",4.396
"2026-01-13 11:40:00",41459,1.23,4.79,0.52,0.45,"NAN","NAN","NAN","NAN",4.398
"2026-01-13 11:50:00",41460,1.93,7.64,0.79,0.71,"NAN","NAN","NAN","NAN",4.404
"2026-01-13 12:00:00",41461,1.73,6.83,0.57,0.51,"NAN","NAN","NAN","NAN",4.424
"2026-01-13 12:10:00",41462,1.95,7.7,0.58,0.51,"NAN","NAN","NAN","NAN",4.456
"2026-01-13 12:20:00",41463,0.72,2.73,0.34,0.28,"NAN","NAN","NAN","NAN",4.468
"2026-01-13 12:30:00",41464,0.72,2.75,0.29,0.23,"NAN","NAN","NAN","NAN",4.475
"2026-01-13 12:40:00",41465,0.6,2.27,0.3,0.24,"NAN","NAN","NAN","NAN",4.477
"2026-01-13 12:50:00",41466,"NAN","NAN","NAN","NAN","NAN","NAN","NAN","NAN","NAN"
"2026-01-13 13:00:00",41467,0.89,3.44,0.38,0.32,"NAN","NAN","NAN","NAN",4.518
"2026-01-13 13:10:00",41468,0.66,2.51,0.33,0.27,"NAN","NAN","NAN","NAN",4.521
"2026-01-13 13:20:00",41469,1.53,6.01,0.52,0.45,"NAN","NAN","NAN","NAN",4.519
"2026-01-13 13:30:00",41470,0.88,3.37,0.33,0.27,"NAN","NAN","NAN","NAN",4.532
"2026-01-13 13:40:00",41471,1.79,7.05,0.51,0.45,"NAN","NAN","NAN","NAN",4.481
"2026-01-13 13:50:00",41472,0.9,3.48,0.36,0.29,"NAN","NAN","NAN","NAN",4.508
"2026-01-13 14:00:00",41473,0.61,2.31,0.24,0.18,"NAN","NAN","NAN","NAN",4.518
"2026-01-13 14:10:00",41474,1.33,5.2,0.44,0.37,"NAN","NAN","NAN","NAN",4.503
"2026-01-13 14:20:00",41475,1.22,4.76,0.42,0.35,"NAN","NAN","NAN","NAN",4.513
"2026-01-13 14:30:00",41476,0.74,2.84,0.28,0.22,"NAN","NAN","NAN","NAN",4.546
"2026-01-13 14:40:00",41477,0.99,3.84,0.36,0.3,"NAN","NAN","NAN","NAN",4.576
"2026-01-13 14:50:00",41478,0.53,1.99,0.29,0.23,"NAN","NAN","NAN","NAN",4.581
"2026-01-13 15:00:00",41479,0.51,1.9,0.24,0.18,"NAN","NAN","NAN","NAN",4.579
"2026-01-13 15:10:00",41480,1.2,4.69,0.44,0.38,"NAN","NAN","NAN","NAN",4.561
"2026-01-13 15:20:00",41481,0.75,2.87,0.32,0.26,"NAN","NAN","NAN","NAN",4.57
"2026-01-13 15:30:00",41482,0.9,3.46,0.34,0.28,"NAN","NAN","NAN","NAN",4.551
"2026-01-13 15:40:00",41483,0.62,2.36,0.28,0.22,"NAN","NAN","NAN","NAN",4.613
"2026-01-13 15:50:00",41484,1.25,4.88,0.42,0.35,"NAN","NAN","NAN","NAN",4.63
"2026-01-13 16:00:00",41485,1.37,5.36,0.51,0.45,"NAN","NAN","NAN","NAN",4.568
"2026-01-13 16:10:00",41486,1.73,6.83,0.56,0.49,"NAN","NAN","NAN","NAN",4.519
"2026-01-13 16:20:00",41487,1.65,6.51,0.95,0.87,"NAN","NAN","NAN","NAN",4.481
"2026-01-13 16:30:00",41488,1.21,4.71,0.52,0.45,"NAN","NAN","NAN","NAN",4.485
"2026-01-13 16:40:00",41489,1.38,5.41,0.57,0.51,"NAN","NAN","NAN","NAN",4.488
"2026-01-13 16:50:00",41490,1.15,4.5,0.45,0.39,"NAN","NAN","NAN","NAN",4.481
"2026-01-13 17:00:00",41491,1.28,5.01,0.55,0.49,"NAN","NAN","NAN","NAN",4.467
"2026-01-13 17:10:00",41492,1.37,5.36,0.59,0.52,"NAN","NAN","NAN","NAN",4.482
"2026-01-13 17:20:00",41493,1.23,4.82,0.52,0.45,"NAN","NAN","NAN","NAN",4.492
"2026-01-13 17:30:00",41494,1.8,7.12,0.62,0.55,"NAN","NAN","NAN","NAN",4.494
"2026-01-13 17:40:00",41495,1.14,4.46,0.42,0.36,"NAN","NAN","NAN","NAN",4.486
"2026-01-13 17:50:00",41496,1.69,6.66,0.54,0.47,"NAN","NAN","NAN","NAN",4.483
"2026-01-13 18:00:00",41497,1.64,6.45,0.48,0.41,"NAN","NAN","NAN","NAN",4.623
"2026-01-13 18:10:00",41498,1.41,5.54,0.57,0.51,"NAN","NAN","NAN","NAN",4.677
"2026-01-13 18:20:00",41499,1.28,5.02,0.57,0.5,"NAN","NAN","NAN","NAN",4.676
"2026-01-13 18:30:00",41500,1.11,4.33,0.46,0.39,"NAN","NAN","NAN","NAN",4.654
"2026-01-13 18:40:00",41501,1.47,5.77,0.45,0.39,"NAN","NAN","NAN","NAN",4.66
"2026-01-13 18:50:00",41502,1.2,4.7,0.55,0.49,"NAN","NAN","NAN","NAN",4.761
"2026-01-13 19:00:00",41503,0.94,3.62,0.43,0.37,"NAN","NAN","NAN","NAN",4.81
"2026-01-13 19:10:00",41504,1,3.86,0.51,0.44,"NAN","NAN","NAN","NAN",4.789
"2026-01-13 19:20:00",41505,1.04,4.03,0.38,0.32,"NAN","NAN","NAN","NAN",4.782
"2026-01-13 19:30:00",41506,1.6,6.29,0.59,0.53,"NAN","NAN","NAN","NAN",4.792
"2026-01-13 19:40:00",41507,1.45,5.68,0.55,0.48,"NAN","NAN","NAN","NAN",4.803
"2026-01-13 19:50:00",41508,3.31,13.21,0.66,0.59,"NAN","NAN","NAN","NAN",4.84
"2026-01-13 20:00:00",41509,1.24,4.83,0.56,0.5,"NAN","NAN","NAN","NAN",4.819
"2026-01-13 20:10:00",41510,1.45,5.71,0.54,0.48,"NAN","NAN","NAN","NAN",4.801
"2026-01-13 20:20:00",41511,1.06,4.13,0.39,0.32,"NAN","NAN","NAN","NAN",4.81
"2026-01-13 20:30:00",41512,1.31,5.12,0.42,0.36,"NAN","NAN","NAN","NAN",4.805
"2026-01-13 20:40:00",41513,1.29,5.05,0.54,0.48,"NAN","NAN","NAN","NAN",4.798
"2026-01-13 20:50:00",41514,1.09,4.26,0.45,0.39,"NAN","NAN","NAN","NAN",4.791
"2026-01-13 21:00:00",41515,0.81,3.11,0.48,0.42,"NAN","NAN","NAN","NAN",4.803
"2026-01-13 21:10:00",41516,1.01,3.9,0.42,0.36,"NAN","NAN","NAN","NAN",4.789
"2026-01-13 21:20:00",41517,0.82,3.14,0.4,0.34,"NAN","NAN","NAN","NAN",4.771
"2026-01-13 21:30:00",41518,0.86,3.31,0.37,0.31,"NAN","NAN","NAN","NAN",4.79
"2026-01-13 21:40:00",41519,"NAN","NAN","NAN","NAN","NAN","NAN","NAN","NAN","NAN"
"2026-01-13 21:50:00",41520,1.34,5.23,0.44,0.38,"NAN","NAN","NAN","NAN",4.793
"2026-01-13 22:00:00",41521,1.08,4.18,0.54,0.48,"NAN","NAN","NAN","NAN",4.747
"2026-01-13 22:10:00",41522,1,3.89,0.37,0.31,"NAN","NAN","NAN","NAN",4.753
"2026-01-13 22:20:00",41523,0.92,3.53,0.38,0.32,"NAN","NAN","NAN","NAN",4.746
"2026-01-13 22:30:00",41524,1.69,6.67,0.48,0.42,"NAN","NAN","NAN","NAN",4.752
"2026-01-13 22:40:00",41525,1.15,4.48,0.48,0.42,"NAN","NAN","NAN","NAN",4.768
"2026-01-13 22:50:00",41526,1.17,4.57,0.46,0.39,"NAN","NAN","NAN","NAN",4.756
"2026-01-13 23:00:00",41527,1.21,4.72,0.47,0.41,"NAN","NAN","NAN","NAN",4.748
"2026-01-13 23:10:00",41528,1.13,4.42,0.37,0.31,"NAN","NAN","NAN","NAN",4.738
"2026-01-13 23:20:00",41529,1.07,4.16,0.41,0.35,"NAN","NAN","NAN","NAN",4.711
"2026-01-13 23:30:00",41530,1.02,3.94,0.48,0.42,"NAN","NAN","NAN","NAN",4.716
"2026-01-13 23:40:00",41531,1.71,6.75,0.46,0.4,"NAN","NAN","NAN","NAN",4.703
"2026-01-13 23:50:00",41532,1.04,4.04,0.54,0.48,"NAN","NAN","NAN","NAN",4.689
"2026-01-14 00:00:00",41533,1.36,5.33,0.5,0.43,"NAN","NAN","NAN","NAN",4.642
"2026-01-14 00:10:00",41534,2.01,7.95,0.57,0.5,"NAN","NAN","NAN","NAN",4.589
"2026-01-14 00:20:00",41535,1.3,5.07,0.51,0.44,"NAN","NAN","NAN","NAN",4.569
"2026-01-14 00:30:00",41536,1.35,5.29,0.45,0.38,"NAN","NAN","NAN","NAN",4.605
"2026-01-14 00:40:00",41537,1.75,6.9,0.55,0.49,"NAN","NAN","NAN","NAN",4.627
"2026-01-14 00:50:00",41538,1.4,5.49,0.55,0.48,"NAN","NAN","NAN","NAN",4.64
"2026-01-14 01:00:00",41539,1.17,4.55,0.46,0.4,"NAN","NAN","NAN","NAN",4.637
"2026-01-14 01:10:00",41540,1.29,5.06,0.48,0.41,"NAN","NAN","NAN","NAN",4.623
"2026-01-14 01:20:00",41541,0.98,3.79,0.44,0.37,"NAN","NAN","NAN","NAN",4.583
"2026-01-14 01:30:00",41542,1.42,5.58,0.51,0.45,"NAN","NAN","NAN","NAN",4.588
"2026-01-14 01:40:00",41543,1.58,6.22,0.63,0.56,"NAN","NAN","NAN","NAN",4.596
"2026-01-14 01:50:00",41544,1.65,6.51,0.53,0.46,"NAN","NAN","NAN","NAN",4.584
"2026-01-14 02:00:00",41545,1.42,5.58,0.52,0.45,"NAN","NAN","NAN","NAN",4.576
"2026-01-14 02:10:00",41546,1.47,5.79,0.53,0.46,"NAN","NAN","NAN","NAN",4.57
"2026-01-14 02:20:00",41547,1.41,5.55,0.6,0.53,"NAN","NAN","NAN","NAN",4.545
"2026-01-14 02:30:00",41548,1.42,5.56,0.61,0.54,"NAN","NAN","NAN","NAN",4.541
"2026-01-14 02:40:00",41549,1.43,5.61,0.72,0.65,"NAN","NAN","NAN","NAN",4.54
"2026-01-14 02:50:00",41550,2.05,8.09,0.6,0.53,"NAN","NAN","NAN","NAN",4.544
"2026-01-14 03:00:00",41551,1.53,6.01,0.52,0.45,"NAN","NAN","NAN","NAN",4.547
"2026-01-14 03:10:00",41552,1.59,6.26,0.45,0.39,"NAN","NAN","NAN","NAN",4.556
"2026-01-14 03:20:00",41553,1.67,6.56,0.63,0.56,"NAN","NAN","NAN","NAN",4.539
"2026-01-14 03:30:00",41554,1.23,4.81,0.59,0.52,"NAN","NAN","NAN","NAN",4.527
"2026-01-14 03:40:00",41555,1.82,7.19,0.62,0.56,"NAN","NAN","NAN","NAN",4.513
"2026-01-14 03:50:00",41556,1.8,7.12,0.59,0.53,"NAN","NAN","NAN","NAN",4.506
"2026-01-14 04:00:00",41557,2,7.89,0.66,0.59,"NAN","NAN","NAN","NAN",4.516
"2026-01-14 04:10:00",41558,1.67,6.59,0.63,0.56,"NAN","NAN","NAN","NAN",4.513
"2026-01-14 04:20:00",41559,1.63,6.4,0.57,0.5,"NAN","NAN","NAN","NAN",4.507
"2026-01-14 04:30:00",41560,1.56,6.15,0.58,0.51,"NAN","NAN","NAN","NAN",4.5
"2026-01-14 04:40:00",41561,1.76,6.93,0.58,0.52,"NAN","NAN","NAN","NAN",4.489
"2026-01-14 04:50:00",41562,1.6,6.28,0.55,0.48,"NAN","NAN","NAN","NAN",4.494
"2026-01-14 05:00:00",41563,2.28,9.04,0.67,0.6,"NAN","NAN","NAN","NAN",4.486
"2026-01-14 05:10:00",41564,1.78,7.01,0.65,0.58,"NAN","NAN","NAN","NAN",4.48
"2026-01-14 05:20:00",41565,1.69,6.65,0.62,0.55,"NAN","NAN","NAN","NAN",4.475
"2026-01-14 05:30:00",41566,2.22,8.79,0.7,0.63,"NAN","NAN","NAN","NAN",4.476
"2026-01-14 05:40:00",41567,1.5,5.89,0.61,0.54,"NAN","NAN","NAN","NAN",4.478
"2026-01-14 05:50:00",41568,1.66,6.54,0.67,0.6,"NAN","NAN","NAN","NAN",4.469
"2026-01-14 06:00:00",41569,1.89,7.48,0.74,0.66,"NAN","NAN","NAN","NAN",4.465
"2026-01-14 06:10:00",41570,2.46,9.78,0.73,0.66,"NAN","NAN","NAN","NAN",4.474
"2026-01-14 06:20:00",41571,1.79,7.07,0.63,0.56,"NAN","NAN","NAN","NAN",4.47
"2026-01-14 06:30:00",41572,"NAN","NAN","NAN","NAN","NAN","NAN","NAN","NAN","NAN"
"2026-01-14 06:40:00",41573,1.78,7,0.65,0.58,"NAN","NAN","NAN","NAN",4.465
"2026-01-14 06:50:00",41574,1.75,6.89,0.72,0.65,"NAN","NAN","NAN","NAN",4.466
"2026-01-14 07:00:00",41575,1.97,7.79,0.7,0.63,"NAN","NAN","NAN","NAN",4.463
"2026-01-14 07:10:00",41576,1.78,7,0.65,0.58,"NAN","NAN","NAN","NAN",4.471
"2026-01-14 07:20:00",41577,1.71,6.75,0.6,0.53,"NAN","NAN","NAN","NAN",4.467
"2026-01-14 07:30:00",41578,1.34,5.24,0.48,0.41,"NAN","NAN","NAN","NAN",4.481
"2026-01-14 07:40:00",41579,1.21,4.71,0.56,0.49,"NAN","NAN","NAN","NAN",4.482
"2026-01-14 07:50:00",41580,1.72,6.8,0.65,0.58,"NAN","NAN","NAN","NAN",4.474
"2026-01-14 08:00:00",41581,1.94,7.67,0.76,0.69,"NAN","NAN","NAN","NAN",4.473
"2026-01-14 08:10:00",41582,1.61,6.32,0.62,0.56,"NAN","NAN","NAN","NAN",4.466
"2026-01-14 08:20:00",41583,1.93,7.62,0.67,0.6,"NAN","NAN","NAN","NAN",4.474
"2026-01-14 08:30:00",41584,1.14,4.42,0.48,0.42,"NAN","NAN","NAN","NAN",4.469
"2026-01-14 08:40:00",41585,1.47,5.76,0.44,0.37,"NAN","NAN","NAN","NAN",4.466
"2026-01-14 08:50:00",41586,1.21,4.72,0.5,0.44,"NAN","NAN","NAN","NAN",4.465
"2026-01-14 09:00:00",41587,1.96,7.74,0.67,0.6,"NAN","NAN","NAN","NAN",4.465
"2026-01-14 09:10:00",41588,1.63,6.42,0.6,0.53,"NAN","NAN","NAN","NAN",4.465
"2026-01-14 09:20:00",41589,1.48,5.82,0.55,0.48,"NAN","NAN","NAN","NAN",4.472
"2026-01-14 09:30:00",41590,1.33,5.23,0.45,0.39,"NAN","NAN","NAN","NAN",4.475
"2026-01-14 09:40:00",41591,1.24,4.82,0.54,0.47,"NAN","NAN","NAN","NAN",4.478
"2026-01-14 09:50:00",41592,1.62,6.37,0.52,0.45,"NAN","NAN","NAN","NAN",4.479
"2026-01-14 10:00:00",41593,1.54,6.06,0.55,0.48,"NAN","NAN","NAN","NAN",4.479
"2026-01-14 10:10:00",41594,1.77,6.97,0.59,0.53,"NAN","NAN","NAN","NAN",4.487
"2026-01-14 10:20:00",41595,1.73,6.83,0.55,0.48,"NAN","NAN","NAN","NAN",4.491
"2026-01-14 10:30:00",41596,2.26,8.97,0.64,0.58,"NAN","NAN","NAN","NAN",4.495
"2026-01-14 10:40:00",41597,1.31,5.14,0.44,0.37,"NAN","NAN","NAN","NAN",4.49
"2026-01-14 10:50:00",41598,1.17,4.56,0.48,0.42,"NAN","NAN","NAN","NAN",4.496
"2026-01-14 11:00:00",41599,1.25,4.89,0.45,0.39,"NAN","NAN","NAN","NAN",4.498
"2026-01-14 11:10:00",41600,1.56,6.15,0.5,0.43,"NAN","NAN","NAN","NAN",4.498
"2026-01-14 11:20:00",41601,1.09,4.25,0.43,0.37,"NAN","NAN","NAN","NAN",4.509
"2026-01-14 11:30:00",41602,0.66,2.49,0.31,0.25,"NAN","NAN","NAN","NAN",4.506
"2026-01-14 11:40:00",41603,0.68,2.59,0.32,0.26,"NAN","NAN","NAN","NAN",4.513
"2026-01-14 11:50:00",41604,1.22,4.77,0.41,0.34,"NAN","NAN","NAN","NAN",4.517
"2026-01-14 12:00:00",41605,1.65,6.48,0.59,0.52,"NAN","NAN","NAN","NAN",4.516
"2026-01-14 12:10:00",41606,1.42,5.57,0.57,0.5,"NAN","NAN","NAN","NAN",4.511
"2026-01-14 12:20:00",41607,2.23,8.85,0.46,0.39,"NAN","NAN","NAN","NAN",4.522
"2026-01-14 12:30:00",41608,0.84,3.24,0.42,0.35,"NAN","NAN","NAN","NAN",4.53
"2026-01-14 12:40:00",41609,0.68,2.57,0.32,0.26,"NAN","NAN","NAN","NAN",4.541
"2026-01-14 12:50:00",41610,0.92,3.54,0.46,0.39,"NAN","NAN","NAN","NAN",4.543
"2026-01-14 13:00:00",41611,0.87,3.33,0.4,0.34,"NAN","NAN","NAN","NAN",4.525
"2026-01-14 13:10:00",41612,0.93,3.58,0.44,0.38,"NAN","NAN","NAN","NAN",4.514
"2026-01-14 13:20:00",41613,1.44,5.64,0.39,0.33,"NAN","NAN","NAN","NAN",4.514
"2026-01-14 13:30:00",41614,0.73,2.8,0.35,0.29,"NAN","NAN","NAN","NAN",4.512
"2026-01-14 13:40:00",41615,1.31,5.12,0.37,0.3,"NAN","NAN","NAN","NAN",4.526
"2026-01-14 13:50:00",41616,1.05,4.08,0.38,0.32,"NAN","NAN","NAN","NAN",4.522
"2026-01-14 14:00:00",41617,1.27,4.97,0.49,0.43,"NAN","NAN","NAN","NAN",4.499
"2026-01-14 14:10:00",41618,1.09,4.24,0.47,0.41,"NAN","NAN","NAN","NAN",4.498
"2026-01-14 14:20:00",41619,0.7,2.66,0.32,0.26,"NAN","NAN","NAN","NAN",4.501
"2026-01-14 14:30:00",41620,0.71,2.68,0.32,0.26,"NAN","NAN","NAN","NAN",4.498
"2026-01-14 14:40:00",41621,0.86,3.31,0.35,0.29,"NAN","NAN","NAN","NAN",4.499
"2026-01-14 14:50:00",41622,1.05,4.08,0.43,0.37,"NAN","NAN","NAN","NAN",4.492
"2026-01-14 15:00:00",41623,1.33,5.22,0.46,0.4,"NAN","NAN","NAN","NAN",4.486
"2026-01-14 15:10:00",41624,1.39,5.45,0.47,0.41,"NAN","NAN","NAN","NAN",4.497
"2026-01-14 15:20:00",41625,"NAN","NAN","NAN","NAN","NAN","NAN","NAN","NAN","NAN"
"2026-01-14 15:30:00",41626,0.95,3.68,0.28,0.22,"NAN","NAN","NAN","NAN",4.512
"2026-01-14 15:40:00",41627,0.63,2.36,0.32,0.26,"NAN","NAN","NAN","NAN",4.516
"2026-01-14 15:50:00",41628,0.72,2.75,0.38,0.32,"NAN","NAN","NAN","NAN",4.51
"2026-01-14 16:00:00",41629,0.77,2.93,0.31,0.24,"NAN","NAN","NAN","NAN",4.522
"2026-01-14 16:10:00",41630,0.37,1.33,0.24,0.18,"NAN","NAN","NAN","NAN",4.523
"2026-01-14 16:20:00",41631,0.6,2.25,0.28,0.22,"NAN","NAN","NAN","NAN",4.526
"2026-01-14 16:30:00",41632,0.57,2.14,0.27,0.21,"NAN","NAN","NAN","NAN",4.522
"2026-01-14 16:40:00",41633,0.46,1.71,0.28,0.22,"NAN","NAN","NAN","NAN",4.515
"2026-01-14 16:50:00",41634,0.84,3.22,0.41,0.35,"NAN","NAN","NAN","NAN",4.507
"2026-01-14 17:00:00",41635,0.7,2.67,0.34,0.28,"NAN","NAN","NAN","NAN",4.486
"2026-01-14 17:10:00",41636,1.13,4.38,0.31,0.25,"NAN","NAN","NAN","NAN",4.494
"2026-01-14 17:20:00",41637,1.25,4.87,0.4,0.34,"NAN","NAN","NAN","NAN",4.492
"2026-01-14 17:30:00",41638,0.43,1.56,0.27,0.21,"NAN","NAN","NAN","NAN",4.493
"2026-01-14 17:40:00",41639,0.46,1.71,0.31,0.25,"NAN","NAN","NAN","NAN",4.489
"2026-01-14 17:50:00",41640,0.7,2.67,0.33,0.27,"NAN","NAN","NAN","NAN",4.485
"2026-01-14 18:00:00",41641,1.78,7.02,0.65,0.58,"NAN","NAN","NAN","NAN",4.476
"2026-01-14 18:10:00",41642,0.62,2.36,0.29,0.23,"NAN","NAN","NAN","NAN",4.491
"2026-01-14 18:20:00",41643,0.49,1.83,0.31,0.25,"NAN","NAN","NAN","NAN",4.489
"2026-01-14 18:30:00",41644,0.46,1.71,0.27,0.21,"NAN","NAN","NAN","NAN",4.485
"2026-01-14 18:40:00",41645,1.96,7.73,0.63,0.57,"NAN","NAN","NAN","NAN",4.458
"2026-01-14 18:50:00",41646,1.92,7.58,0.63,0.56,"NAN","NAN","NAN","NAN",4.454
"2026-01-14 19:00:00",41647,1.85,7.32,0.64,0.57,"NAN","NAN","NAN","NAN",4.45
"2026-01-14 19:10:00",41648,2.05,8.13,0.58,0.51,"NAN","NAN","NAN","NAN",4.451
"2026-01-14 19:20:00",41649,1.48,5.82,0.53,0.46,"NAN","NAN","NAN","NAN",4.455
"2026-01-14 19:30:00",41650,1.81,7.16,0.7,0.63,"NAN","NAN","NAN","NAN",4.458
"2026-01-14 19:40:00",41651,1.62,6.36,0.61,0.54,"NAN","NAN","NAN","NAN",4.46
"2026-01-14 19:50:00",41652,1.87,7.38,0.62,0.56,"NAN","NAN","NAN","NAN",4.455
"2026-01-14 20:00:00",41653,2.53,10.03,0.65,0.58,"NAN","NAN","NAN","NAN",4.445
"2026-01-14 20:10:00",41654,1.99,7.85,0.64,0.57,"NAN","NAN","NAN","NAN",4.444
"2026-01-14 20:20:00",41655,1.92,7.57,0.7,0.63,"NAN","NAN","NAN","NAN",4.446
"2026-01-14 20:30:00",41656,1.94,7.66,0.62,0.55,"NAN","NAN","NAN","NAN",4.44
"2026-01-14 20:40:00",41657,1.82,7.19,0.56,0.49,"NAN","NAN","NAN","NAN",4.438
"2026-01-14 20:50:00",41658,2.33,9.229999,0.68,0.61,"NAN","NAN","NAN","NAN",4.437
"2026-01-14 21:00:00",41659,1.63,6.42,0.54,0.48,"NAN","NAN","NAN","NAN",4.444
"2026-01-14 21:10:00",41660,1.91,7.54,0.6,0.54,"NAN","NAN","NAN","NAN",4.447
"2026-01-14 21:20:00",41661,2.07,8.18,0.69,0.62,"NAN","NAN","NAN","NAN",4.446
"2026-01-14 21:30:00",41662,2.3,9.13,0.76,0.69,"NAN","NAN","NAN","NAN",4.454
"2026-01-14 21:40:00",41663,2.04,8.08,0.64,0.57,"NAN","NAN","NAN","NAN",4.462
"2026-01-14 21:50:00",41664,1.85,7.29,0.68,0.61,"NAN","NAN","NAN","NAN",4.458
"2026-01-14 22:00:00",41665,1.5,5.89,0.64,0.57,"NAN","NAN","NAN","NAN",4.456
"2026-01-14 22:10:00",41666,2.03,8.020001,0.71,0.64,"NAN","NAN","NAN","NAN",4.456
"2026-01-14 22:20:00",41667,2.04,8.08,0.66,0.59,"NAN","NAN","NAN","NAN",4.442
"2026-01-14 22:30:00",41668,1.74,6.85,0.6,0.53,"NAN","NAN","NAN","NAN",4.45
"2026-01-14 22:40:00",41669,1.75,6.92,0.75,0.68,"NAN","NAN","NAN","NAN",4.446
"2026-01-14 22:50:00",41670,1.87,7.39,0.6,0.53,"NAN","NAN","NAN","NAN",4.449
"2026-01-14 23:00:00",41671,1.46,5.73,0.53,0.46,"NAN","NAN","NAN","NAN",4.451
"2026-01-14 23:10:00",41672,2.11,8.34,0.7,0.63,"NAN","NAN","NAN","NAN",4.447
"2026-01-14 23:20:00",41673,1.92,7.6,0.66,0.59,"NAN","NAN","NAN","NAN",4.462
"2026-01-14 23:30:00",41674,1.78,7.01,0.61,0.54,"NAN","NAN","NAN","NAN",4.458
"2026-01-14 23:40:00",41675,1.67,6.58,0.67,0.6,"NAN","NAN","NAN","NAN",4.456
"2026-01-14 23:50:00",41676,2.18,8.64,0.65,0.58,"NAN","NAN","NAN","NAN",4.447
"2026-01-15 00:00:00",41677,2.75,10.94,0.74,0.67,"NAN","NAN","NAN","NAN",4.451
"2026-01-15 00:10:00",41678,"NAN","NAN","NAN","NAN","NAN","NAN","NAN","NAN","NAN"
"2026-01-15 00:20:00",41679,1.9,7.51,0.7,0.63,"NAN","NAN","NAN","NAN",4.471
"2026-01-15 00:30:00",41680,2.2,8.729999,0.65,0.58,"NAN","NAN","NAN","NAN",4.45
"2026-01-15 00:40:00",41681,1.87,7.37,0.61,0.54,"NAN","NAN","NAN","NAN",4.441
"2026-01-15 00:50:00",41682,2.22,8.810001,0.69,0.62,"NAN","NAN","NAN","NAN",4.438
"2026-01-15 01:00:00",41683,1.9,7.52,0.71,0.63,"NAN","NAN","NAN","NAN",4.439
"2026-01-15 01:10:00",41684,1.98,7.85,0.7,0.63,"NAN","NAN","NAN","NAN",4.443
"2026-01-15 01:20:00",41685,1.44,5.67,0.56,0.49,"NAN","NAN","NAN","NAN",4.445
"2026-01-15 01:30:00",41686,1.95,7.72,0.76,0.69,"NAN","NAN","NAN","NAN",4.445
"2026-01-15 01:40:00",41687,1.98,7.83,0.67,0.6,"NAN","NAN","NAN","NAN",4.417
"2026-01-15 01:50:00",41688,2.05,8.1,0.77,0.7,"NAN","NAN","NAN","NAN",4.413
"2026-01-15 02:00:00",41689,1.65,6.48,0.66,0.59,"NAN","NAN","NAN","NAN",4.413
"2026-01-15 02:10:00",41690,1.71,6.73,0.64,0.57,"NAN","NAN","NAN","NAN",4.404
"2026-01-15 02:20:00",41691,1.82,7.18,0.65,0.58,"NAN","NAN","NAN","NAN",4.395
"2026-01-15 02:30:00",41692,2,7.93,0.66,0.59,"NAN","NAN","NAN","NAN",4.408
"2026-01-15 02:40:00",41693,1.72,6.78,0.61,0.54,"NAN","NAN","NAN","NAN",4.392
"2026-01-15 02:50:00",41694,2.06,8.15,0.62,0.56,"NAN","NAN","NAN","NAN",4.385
"2026-01-15 03:00:00",41695,1.83,7.21,0.55,0.49,"NAN","NAN","NAN","NAN",4.378
"2026-01-15 03:10:00",41696,1.67,6.56,0.61,0.54,"NAN","NAN","NAN","NAN",4.379
"2026-01-15 03:20:00",41697,1.77,6.99,0.66,0.59,"NAN","NAN","NAN","NAN",4.377
"2026-01-15 03:30:00",41698,1.73,6.83,0.57,0.51,"NAN","NAN","NAN","NAN",4.366
"2026-01-15 03:40:00",41699,1.76,6.95,0.61,0.55,"NAN","NAN","NAN","NAN",4.38
"2026-01-15 03:50:00",41700,1.95,7.7,0.65,0.58,"NAN","NAN","NAN","NAN",4.384
"2026-01-15 04:00:00",41701,1.79,7.06,0.63,0.56,"NAN","NAN","NAN","NAN",4.389
"2026-01-15 04:10:00",41702,1.83,7.21,0.65,0.58,"NAN","NAN","NAN","NAN",4.375
"2026-01-15 04:20:00",41703,2.31,9.17,0.77,0.69,"NAN","NAN","NAN","NAN",4.352
"2026-01-15 04:30:00",41704,2.62,10.43,0.71,0.64,"NAN","NAN","NAN","NAN",4.325
"2026-01-15 04:40:00",41705,2.71,10.76,0.57,0.5,"NAN","NAN","NAN","NAN",4.338
"2026-01-15 04:50:00",41706,1.92,7.59,0.7,0.63,"NAN","NAN","NAN","NAN",4.338
"2026-01-15 05:00:00",41707,1.91,7.55,0.59,0.52,"NAN","NAN","NAN","NAN",4.326
"2026-01-15 05:10:00",41708,1.91,7.53,0.64,0.57,"NAN","NAN","NAN","NAN",4.306
"2026-01-15 05:20:00",41709,1.97,7.8,0.67,0.6,"NAN","NAN","NAN","NAN",4.298
"2026-01-15 05:30:00",41710,2.01,7.94,0.68,0.61,"NAN","NAN","NAN","NAN",4.304
"2026-01-15 05:40:00",41711,2.06,8.15,0.62,0.55,"NAN","NAN","NAN","NAN",4.317
"2026-01-15 05:50:00",41712,2.04,8.060001,0.6,0.54,"NAN","NAN","NAN","NAN",4.289
"2026-01-15 06:00:00",41713,1.87,7.37,0.66,0.59,"NAN","NAN","NAN","NAN",4.274
"2026-01-15 06:10:00",41714,1.82,7.18,0.6,0.53,"NAN","NAN","NAN","NAN",4.248
"2026-01-15 06:20:00",41715,2.26,8.97,0.71,0.64,"NAN","NAN","NAN","NAN",4.26
"2026-01-15 06:30:00",41716,1.55,6.11,0.6,0.53,"NAN","NAN","NAN","NAN",4.28
"2026-01-15 06:40:00",41717,2.86,11.37,0.65,0.58,"NAN","NAN","NAN","NAN",4.253
"2026-01-15 06:50:00",41718,1.8,7.11,0.63,0.57,"NAN","NAN","NAN","NAN",4.24
"2026-01-15 07:00:00",41719,2.36,9.37,0.75,0.68,"NAN","NAN","NAN","NAN",4.227
"2026-01-15 07:10:00",41720,2.05,8.11,0.67,0.6,"NAN","NAN","NAN","NAN",4.207
"2026-01-15 07:20:00",41721,1.94,7.68,0.69,0.62,"NAN","NAN","NAN","NAN",4.221
"2026-01-15 07:30:00",41722,2.3,9.13,0.69,0.62,"NAN","NAN","NAN","NAN",4.211
"2026-01-15 07:40:00",41723,1.68,6.6,0.7,0.63,"NAN","NAN","NAN","NAN",4.244
"2026-01-15 07:50:00",41724,2.03,8.04,0.68,0.61,"NAN","NAN","NAN","NAN",4.233
"2026-01-15 08:00:00",41725,1.6,6.3,0.48,0.42,"NAN","NAN","NAN","NAN",4.242
"2026-01-15 08:10:00",41726,1.6,6.28,0.61,0.54,"NAN","NAN","NAN","NAN",4.266
"2026-01-15 08:20:00",41727,1.43,5.63,0.54,0.47,"NAN","NAN","NAN","NAN",4.254
"2026-01-15 08:30:00",41728,1.34,5.24,0.48,0.42,"NAN","NAN","NAN","NAN",4.262
"2026-01-15 08:40:00",41729,1.68,6.6,0.61,0.54,"NAN","NAN","NAN","NAN",4.237
"2026-01-15 08:50:00",41730,1.27,4.95,0.5,0.43,"NAN","NAN","NAN","NAN",4.279
"2026-01-15 09:00:00",41731,"NAN","NAN","NAN","NAN","NAN","NAN","NAN","NAN","NAN"
"2026-01-15 09:10:00",41732,1.75,6.91,0.72,0.65,"NAN","NAN","NAN","NAN",4.312
"2026-01-15 09:20:00",41733,1.64,6.45,0.55,0.49,"NAN","NAN","NAN","NAN",4.296
"2026-01-15 09:30:00",41734,1.71,6.73,0.54,0.47,"NAN","NAN","NAN","NAN",4.272
"2026-01-15 09:40:00",41735,1.68,6.63,0.58,0.51,"NAN","NAN","NAN","NAN",4.265
"2026-01-15 09:50:00",41736,1.62,6.36,0.52,0.45,"NAN","NAN","NAN","NAN",4.268
"2026-01-15 10:00:00",41737,1.39,5.44,0.51,0.45,"NAN","NAN","NAN","NAN",4.283
"2026-01-15 10:10:00",41738,2.09,8.270001,0.66,0.59,"NAN","NAN","NAN","NAN",4.277
"2026-01-15 10:20:00",41739,1.96,7.75,0.49,0.42,"NAN","NAN","NAN","NAN",4.281
"2026-01-15 10:30:00",41740,3.71,14.79,0.61,0.54,"NAN","NAN","NAN","NAN",4.282
"2026-01-15 10:40:00",41741,1.54,6.06,0.6,0.53,"NAN","NAN","NAN","NAN",4.294
"2026-01-15 10:50:00",41742,1.47,5.76,0.49,0.43,"NAN","NAN","NAN","NAN",4.292
"2026-01-15 11:00:00",41743,1.67,6.57,0.56,0.49,"NAN","NAN","NAN","NAN",4.286
"2026-01-15 11:10:00",41744,1.29,5.03,0.48,0.42,"NAN","NAN","NAN","NAN",4.31
"2026-01-15 11:20:00",41745,1.39,5.45,0.5,0.44,"NAN","NAN","NAN","NAN",4.278
"2026-01-15 11:30:00",41746,1.83,7.2,0.6,0.53,"NAN","NAN","NAN","NAN",4.279
"2026-01-15 11:40:00",41747,1.56,6.12,0.49,0.42,"NAN","NAN","NAN","NAN",4.284
"2026-01-15 11:50:00",41748,1.39,5.44,0.43,0.37,"NAN","NAN","NAN","NAN",4.29
"2026-01-15 12:00:00",41749,0.93,3.61,0.43,0.37,"NAN","NAN","NAN","NAN",4.3
"2026-01-15 12:10:00",41750,1.12,4.37,0.44,0.38,"NAN","NAN","NAN","NAN",4.307
"2026-01-15 12:20:00",41751,1.4,5.47,0.53,0.46,"NAN","NAN","NAN","NAN",4.295
"2026-01-15 12:30:00",41752,1.35,5.27,0.52,0.45,"NAN","NAN","NAN","NAN",4.31
"2026-01-15 12:40:00",41753,1.34,5.25,0.45,0.38,"NAN","NAN","NAN","NAN",4.324
"2026-01-15 12:50:00",41754,1.15,4.5,0.41,0.35,"NAN","NAN","NAN","NAN",4.321
"2026-01-15 13:00:00",41755,1.16,4.52,0.42,0.35,"NAN","NAN","NAN","NAN",4.321
"2026-01-15 13:10:00",41756,1.09,4.24,0.42,0.36,"NAN","NAN","NAN","NAN",4.374
"2026-01-15 13:20:00",41757,1.51,5.94,0.49,0.42,"NAN","NAN","NAN","NAN",4.353
"2026-01-15 13:30:00",41758,1.48,5.8,0.53,0.46,"NAN","NAN","NAN","NAN",4.347
"2026-01-15 13:40:00",41759,1.3,5.08,0.53,0.46,"NAN","NAN","NAN","NAN",4.379
"2026-01-15 13:50:00",41760,1.42,5.56,0.5,0.44,"NAN","NAN","NAN","NAN",4.402
"2026-01-15 14:00:00",41761,1.26,4.91,0.47,0.4,"NAN","NAN","NAN","NAN",4.396
"2026-01-15 14:10:00",41762,1.31,5.13,0.42,0.35,"NAN","NAN","NAN","NAN",4.377
"2026-01-15 14:20:00",41763,1.27,4.98,0.48,0.41,"NAN","NAN","NAN","NAN",4.383
"2026-01-15 14:30:00",41764,1.74,6.87,0.52,0.46,"NAN","NAN","NAN","NAN",4.354
"2026-01-15 14:40:00",41765,1.51,5.94,0.54,0.47,"NAN","NAN","NAN","NAN",4.36
"2026-01-15 14:50:00",41766,1.35,5.3,0.41,0.35,"NAN","NAN","NAN","NAN",4.378
"2026-01-15 15:00:00",41767,1.44,5.66,0.48,0.42,"NAN","NAN","NAN","NAN",4.379
"2026-01-15 15:10:00",41768,1.95,7.72,0.52,0.46,"NAN","NAN","NAN","NAN",4.377
"2026-01-15 15:20:00",41769,1.58,6.21,0.51,0.44,"NAN","NAN","NAN","NAN",4.41
"2026-01-15 15:30:00",41770,1.39,5.44,0.49,0.42,"NAN","NAN","NAN","NAN",4.381
"2026-01-15 15:40:00",41771,1.41,5.52,0.53,0.47,"NAN","NAN","NAN","NAN",4.371
"2026-01-15 15:50:00",41772,1.26,4.91,0.45,0.39,"NAN","NAN","NAN","NAN",4.398
"2026-01-15 16:00:00",41773,1.58,6.22,0.55,0.48,"NAN","NAN","NAN","NAN",4.378
"2026-01-15 16:10:00",41774,1.23,4.78,0.5,0.43,"NAN","NAN","NAN","NAN",4.385
"2026-01-15 16:20:00",41775,1.58,6.22,0.46,0.39,"NAN","NAN","NAN","NAN",4.379
"2026-01-15 16:30:00",41776,1.42,5.58,0.51,0.45,"NAN","NAN","NAN","NAN",4.337
"2026-01-15 16:40:00",41777,1.27,4.96,0.48,0.41,"NAN","NAN","NAN","NAN",4.332
"2026-01-15 16:50:00",41778,1.58,6.22,0.64,0.57,"NAN","NAN","NAN","NAN",4.336
"2026-01-15 17:00:00",41779,1.38,5.39,0.46,0.4,"NAN","NAN","NAN","NAN",4.335
"2026-01-15 17:10:00",41780,1.69,6.65,0.78,0.71,"NAN","NAN","NAN","NAN",4.281
"2026-01-15 17:20:00",41781,1.66,6.53,0.53,0.47,"NAN","NAN","NAN","NAN",4.202
"2026-01-15 17:30:00",41782,1.91,7.54,0.62,0.55,"NAN","NAN","NAN","NAN",4.207
"2026-01-15 17:40:00",41783,1.96,7.76,0.58,0.51,"NAN","NAN","NAN","NAN",4.221
"2026-01-15 17:50:00",41784,"NAN","NAN","NAN","NAN","NAN","NAN","NAN","NAN","NAN"
"2026-01-15 18:00:00",41785,1.58,6.21,0.57,0.5,"NAN","NAN","NAN","NAN",4.246
"2026-01-15 18:10:00",41786,1.81,7.14,0.6,0.53,"NAN","NAN","NAN","NAN",4.266
"2026-01-15 18:20:00",41787,1.18,4.62,0.54,0.47,"NAN","NAN","NAN","NAN",4.27
"2026-01-15 18:30:00",41788,1.94,7.66,0.56,0.49,"NAN","NAN","NAN","NAN",4.276
"2026-01-15 18:40:00",41789,1.85,7.3,0.62,0.55,"NAN","NAN","NAN","NAN",4.229
"2026-01-15 18:50:00",41790,1.65,6.5,0.58,0.51,"NAN","NAN","NAN","NAN",4.215
"2026-01-15 19:00:00",41791,1.45,5.7,0.5,0.43,"NAN","NAN","NAN","NAN",4.206
"2026-01-15 19:10:00",41792,1.07,4.14,0.57,0.5,"NAN","NAN","NAN","NAN",4.211
"2026-01-15 19:20:00",41793,1.37,5.39,0.51,0.44,"NAN","NAN","NAN","NAN",4.204
"2026-01-15 19:30:00",41794,1.66,6.54,0.59,0.52,"NAN","NAN","NAN","NAN",4.24
"2026-01-15 19:40:00",41795,1.5,5.89,0.51,0.44,"NAN","NAN","NAN","NAN",4.287
"2026-01-15 19:50:00",41796,1.48,5.81,0.57,0.5,"NAN","NAN","NAN","NAN",4.289
"2026-01-15 20:00:00",41797,1.97,7.8,0.6,0.53,"NAN","NAN","NAN","NAN",4.281
"2026-01-15 20:10:00",41798,1.85,7.32,0.68,0.61,"NAN","NAN","NAN","NAN",4.233
"2026-01-15 20:20:00",41799,1.7,6.71,0.62,0.55,"NAN","NAN","NAN","NAN",4.21
"2026-01-15 20:30:00",41800,1.8,7.1,0.57,0.5,"NAN","NAN","NAN","NAN",4.212
"2026-01-15 20:40:00",41801,1.61,6.33,0.54,0.47,"NAN","NAN","NAN","NAN",4.211
"2026-01-15 20:50:00",41802,1.74,6.84,0.58,0.51,"NAN","NAN","NAN","NAN",4.184
"2026-01-15 21:00:00",41803,1.39,5.43,0.56,0.49,"NAN","NAN","NAN","NAN",4.183
"2026-01-15 21:10:00",41804,1.53,6.03,0.5,0.43,"NAN","NAN","NAN","NAN",4.178
"2026-01-15 21:20:00",41805,1.79,7.08,0.57,0.5,"NAN","NAN","NAN","NAN",4.175
"2026-01-15 21:30:00",41806,2.5,9.91,0.61,0.54,"NAN","NAN","NAN","NAN",4.156
"2026-01-15 21:40:00",41807,1.94,7.66,0.63,0.56,"NAN","NAN","NAN","NAN",4.15
"2026-01-15 21:50:00",41808,1.57,6.19,0.68,0.61,"NAN","NAN","NAN","NAN",4.141
"2026-01-15 22:00:00",41809,1.74,6.87,0.51,0.45,"NAN","NAN","NAN","NAN",4.135
"2026-01-15 22:10:00",41810,2.02,7.98,0.5,0.43,"NAN","NAN","NAN","NAN",4.083
"2026-01-15 22:20:00",41811,1.69,6.67,0.51,0.44,"NAN","NAN","NAN","NAN",4.054
"2026-01-15 22:30:00",41812,1.32,5.18,0.53,0.47,"NAN","NAN","NAN","NAN",4.053
"2026-01-15 22:40:00",41813,1.81,7.14,0.58,0.51,"NAN","NAN","NAN","NAN",4.036
"2026-01-15 22:50:00",41814,2.22,8.78,0.54,0.47,"NAN","NAN","NAN","NAN",4.024
"2026-01-15 23:00:00",41815,2,7.92,0.61,0.54,"NAN","NAN","NAN","NAN",4.026
"2026-01-15 23:10:00",41816,1.8,7.11,0.67,0.6,"NAN","NAN","NAN","NAN",4.039
"2026-01-15 23:20:00",41817,1.74,6.87,0.6,0.53,"NAN","NAN","NAN","NAN",4.032
"2026-01-15 23:30:00",41818,1.59,6.25,0.51,0.44,"NAN","NAN","NAN","NAN",4.022
"2026-01-15 23:40:00",41819,1.69,6.67,0.56,0.5,"NAN","NAN","NAN","NAN",4.067
"2026-01-15 23:50:00",41820,1.17,4.57,0.45,0.38,"NAN","NAN","NAN","NAN",4.072
"2026-01-16 00:00:00",41821,1.57,6.16,0.58,0.51,"NAN","NAN","NAN","NAN",4.022
"2026-01-16 00:10:00",41822,1.9,7.5,0.62,0.55,"NAN","NAN","NAN","NAN",4.038
"2026-01-16 00:20:00",41823,1.55,6.11,0.58,0.51,"NAN","NAN","NAN","NAN",4.03
"2026-01-16 00:30:00",41824,1.68,6.6,0.59,0.52,"NAN","NAN","NAN","NAN",4.005
"2026-01-16 00:40:00",41825,1.84,7.25,0.63,0.56,"NAN","NAN","NAN","NAN",4.023
"2026-01-16 00:50:00",41826,1.75,6.9,0.61,0.54,"NAN","NAN","NAN","NAN",3.952
"2026-01-16 01:00:00",41827,1.95,7.71,0.62,0.55,"NAN","NAN","NAN","NAN",3.97
"2026-01-16 01:10:00",41828,1.84,7.26,0.67,0.6,"NAN","NAN","NAN","NAN",3.939
"2026-01-16 01:20:00",41829,1.44,5.67,0.54,0.47,"NAN","NAN","NAN","NAN",3.931
"2026-01-16 01:30:00",41830,1.17,4.57,0.48,0.41,"NAN","NAN","NAN","NAN",3.932
"2026-01-16 01:40:00",41831,1.1,4.26,0.45,0.38,"NAN","NAN","NAN","NAN",3.907
"2026-01-16 01:50:00",41832,1.78,7.01,0.62,0.55,"NAN","NAN","NAN","NAN",3.874
"2026-01-16 02:00:00",41833,1.45,5.67,0.55,0.49,"NAN","NAN","NAN","NAN",3.838
"2026-01-16 02:10:00",41834,1.67,6.58,0.63,0.56,"NAN","NAN","NAN","NAN",3.816
"2026-01-16 02:20:00",41835,1.76,6.93,0.6,0.53,"NAN","NAN","NAN","NAN",3.764
"2026-01-16 02:30:00",41836,1.55,6.08,0.64,0.57,"NAN","NAN","NAN","NAN",3.757
"2026-01-16 02:40:00",41837,"NAN","NAN","NAN","NAN","NAN","NAN","NAN","NAN","NAN"
"2026-01-16 02:50:00",41838,1.08,4.22,0.42,0.35,"NAN","NAN","NAN","NAN",3.75
"2026-01-16 03:00:00",41839,1.69,6.65,0.57,0.5,"NAN","NAN","NAN","NAN",3.742
"2026-01-16 03:10:00",41840,1.29,5.04,0.5,0.43,"NAN","NAN","NAN","NAN",3.732
"2026-01-16 03:20:00",41841,1.35,5.3,0.46,0.4,"NAN","NAN","NAN","NAN",3.712
"2026-01-16 03:30:00",41842,1.28,4.99,0.55,0.49,"NAN","NAN","NAN","NAN",3.671
"2026-01-16 03:40:00",41843,1.17,4.54,0.53,0.46,"NAN","NAN","NAN","NAN",3.659
"2026-01-16 03:50:00",41844,1.19,4.66,0.53,0.46,"NAN","NAN","NAN","NAN",3.691
"2026-01-16 04:00:00",41845,1.17,4.54,0.49,0.42,"NAN","NAN","NAN","NAN",3.695
"2026-01-16 04:10:00",41846,1.84,7.28,0.65,0.58,"NAN","NAN","NAN","NAN",3.669
"2026-01-16 04:20:00",41847,1.67,6.59,0.63,0.56,"NAN","NAN","NAN","NAN",3.699
"2026-01-16 04:30:00",41848,1.35,5.29,0.55,0.48,"NAN","NAN","NAN","NAN",3.68
"2026-01-16 04:40:00",41849,1.64,6.48,0.65,0.58,"NAN","NAN","NAN","NAN",3.696
"2026-01-16 04:50:00",41850,0.83,3.2,0.44,0.38,"NAN","NAN","NAN","NAN",3.679
"2026-01-16 05:00:00",41851,1.06,4.14,0.42,0.36,"NAN","NAN","NAN","NAN",3.629
"2026-01-16 05:10:00",41852,0.87,3.34,0.38,0.32,"NAN","NAN","NAN","NAN",3.575
"2026-01-16 05:20:00",41853,1.53,6.03,0.64,0.57,"NAN","NAN","NAN","NAN",3.549
"2026-01-16 05:30:00",41854,1.86,7.33,0.71,0.64,"NAN","NAN","NAN","NAN",3.548
"2026-01-16 05:40:00",41855,0.91,3.53,0.43,0.37,"NAN","NAN","NAN","NAN",3.543
"2026-01-16 05:50:00",41856,1.42,5.58,0.48,0.42,"NAN","NAN","NAN","NAN",3.523
"2026-01-16 06:00:00",41857,1.8,7.11,0.64,0.57,"NAN","NAN","NAN","NAN",3.475
"2026-01-16 06:10:00",41858,1.9,7.5,0.47,0.4,"NAN","NAN","NAN","NAN",3.452
"2026-01-16 06:20:00",41859,2.01,7.94,0.66,0.59,"NAN","NAN","NAN","NAN",3.437
"2026-01-16 06:30:00",41860,1.17,4.58,0.49,0.43,"NAN","NAN","NAN","NAN",3.422
"2026-01-16 06:40:00",41861,1.02,3.94,0.47,0.4,"NAN","NAN","NAN","NAN",3.418
"2026-01-16 06:50:00",41862,1.35,5.3,0.51,0.44,"NAN","NAN","NAN","NAN",3.405
"2026-01-16 07:00:00",41863,1.04,4.02,0.4,0.34,"NAN","NAN","NAN","NAN",3.398
"2026-01-16 07:10:00",41864,0.92,3.54,0.41,0.35,"NAN","NAN","NAN","NAN",3.383
"2026-01-16 07:20:00",41865,1.79,7.07,0.69,0.62,"NAN","NAN","NAN","NAN",3.355
"2026-01-16 07:30:00",41866,1.63,6.41,0.57,0.5,"NAN","NAN","NAN","NAN",3.349
"2026-01-16 07:40:00",41867,1.63,6.42,0.59,0.52,"NAN","NAN","NAN","NAN",3.344
"2026-01-16 07:50:00",41868,1.7,6.71,0.6,0.53,"NAN","NAN","NAN","NAN",3.301
"2026-01-16 08:00:00",41869,1.35,5.3,0.47,0.4,"NAN","NAN","NAN","NAN",3.298
"2026-01-16 08:10:00",41870,1.2,4.67,0.46,0.4,"NAN","NAN","NAN","NAN",3.276
"2026-01-16 08:20:00",41871,1.17,4.57,0.46,0.39,"NAN","NAN","NAN","NAN",3.273
"2026-01-16 08:30:00",41872,1.52,5.95,0.42,0.36,"NAN","NAN","NAN","NAN",3.27
"2026-01-16 08:40:00",41873,1.67,6.59,0.52,0.45,"NAN","NAN","NAN","NAN",3.307
"2026-01-16 08:50:00",41874,1.52,5.98,0.57,0.5,"NAN","NAN","NAN","NAN",3.304
"2026-01-16 09:00:00",41875,1.79,7.06,0.66,0.59,"NAN","NAN","NAN","NAN",3.307
"2026-01-16 09:10:00",41876,1.13,4.4,0.48,0.42,"NAN","NAN","NAN","NAN",3.293
"2026-01-16 09:20:00",41877,1.44,5.65,0.48,0.41,"NAN","NAN","NAN","NAN",3.284
"2026-01-16 09:30:00",41878,1.2,4.67,0.44,0.38,"NAN","NAN","NAN","NAN",3.248
"2026-01-16 09:40:00",41879,1.51,5.92,0.5,0.43,"NAN","NAN","NAN","NAN",3.265
"2026-01-16 09:50:00",41880,1.27,4.96,0.42,0.36,"NAN","NAN","NAN","NAN",3.248
"2026-01-16 10:00:00",41881,1.13,4.39,0.45,0.39,"NAN","NAN","NAN","NAN",3.25
"2026-01-16 10:10:00",41882,1.53,5.99,0.45,0.38,"NAN","NAN","NAN","NAN",3.226
"2026-01-16 10:20:00",41883,1.47,5.77,0.56,0.49,"NAN","NAN","NAN","NAN",3.231
"2026-01-16 10:30:00",41884,1.92,7.58,0.56,0.49,"NAN","NAN","NAN","NAN",3.231
"2026-01-16 10:40:00",41885,1.22,4.75,0.45,0.38,"NAN","NAN","NAN","NAN",3.239
"2026-01-16 10:50:00",41886,1.32,5.15,0.43,0.36,"NAN","NAN","NAN","NAN",3.235
"2026-01-16 11:00:00",41887,1.62,6.38,0.56,0.49,"NAN","NAN","NAN","NAN",3.234
"2026-01-16 11:10:00",41888,0.64,2.44,0.35,0.29,"NAN","NAN","NAN","NAN",3.237
"2026-01-16 11:20:00",41889,0.84,3.22,0.34,0.28,"NAN","NAN","NAN","NAN",3.229
"2026-01-16 11:30:00",41890,"NAN","NAN","NAN","NAN","NAN","NAN","NAN","NAN","NAN"
"2026-01-16 11:40:00",41891,0.79,3.03,0.36,0.29,"NAN","NAN","NAN","NAN",3.253
"2026-01-16 11:50:00",41892,1,3.88,0.38,0.32,"NAN","NAN","NAN","NAN",3.26
"2026-01-16 12:00:00",41893,0.53,1.99,0.27,0.21,"NAN","NAN","NAN","NAN",3.272
"2026-01-16 12:10:00",41894,0.55,2.08,0.28,0.22,"NAN","NAN","NAN","NAN",3.283
"2026-01-16 12:20:00",41895,0.48,1.79,0.26,0.2,"NAN","NAN","NAN","NAN",3.296
"2026-01-16 12:30:00",41896,2.1,8.32,0.48,0.41,"NAN","NAN","NAN","NAN",3.315
"2026-01-16 12:40:00",41897,1.14,4.42,0.37,0.31,"NAN","NAN","NAN","NAN",3.343
"2026-01-16 12:50:00",41898,0.65,2.48,0.3,0.24,"NAN","NAN","NAN","NAN",3.356
"2026-01-16 13:00:00",41899,1.34,5.24,0.38,0.32,"NAN","NAN","NAN","NAN",3.364
"2026-01-16 13:10:00",41900,0.91,3.5,0.4,0.34,"NAN","NAN","NAN","NAN",3.371
"2026-01-16 13:20:00",41901,1.45,5.68,0.52,0.45,"NAN","NAN","NAN","NAN",3.383
"2026-01-16 13:30:00",41902,0.83,3.18,0.35,0.29,"NAN","NAN","NAN","NAN",3.391
"2026-01-16 13:40:00",41903,1.07,4.17,0.52,0.45,"NAN","NAN","NAN","NAN",3.401
"2026-01-16 13:50:00",41904,1.12,4.34,0.38,0.32,"NAN","NAN","NAN","NAN",3.417
"2026-01-16 14:00:00",41905,0.82,3.17,0.34,0.28,"NAN","NAN","NAN","NAN",3.431
"2026-01-16 14:10:00",41906,1.41,5.55,0.44,0.38,"NAN","NAN","NAN","NAN",3.449
"2026-01-16 14:20:00",41907,0.95,3.66,0.39,0.33,"NAN","NAN","NAN","NAN",3.461
"2026-01-16 14:30:00",41908,0.63,2.37,0.3,0.24,"NAN","NAN","NAN","NAN",3.461
"2026-01-16 14:40:00",41909,1.7,6.68,0.52,0.45,"NAN","NAN","NAN","NAN",3.483
"2026-01-16 14:50:00",41910,0.78,3.01,0.34,0.27,"NAN","NAN","NAN","NAN",3.517
"2026-01-16 15:00:00",41911,1.2,4.66,0.31,0.24,"NAN","NAN","NAN","NAN",3.533
"2026-01-16 15:10:00",41912,1.03,4.01,0.39,0.33,"NAN","NAN","NAN","NAN",3.54
"2026-01-16 15:20:00",41913,1.22,4.78,0.45,0.38,"NAN","NAN","NAN","NAN",3.556
"2026-01-16 15:30:00",41914,0.88,3.4,0.41,0.35,"NAN","NAN","NAN","NAN",3.564
"2026-01-16 15:40:00",41915,0.71,2.72,0.36,0.29,"NAN","NAN","NAN","NAN",3.573
"2026-01-16 15:50:00",41916,0.87,3.33,0.37,0.31,"NAN","NAN","NAN","NAN",3.579
"2026-01-16 16:00:00",41917,0.96,3.73,0.39,0.33,"NAN","NAN","NAN","NAN",3.588
"2026-01-16 16:10:00",41918,0.89,3.44,0.4,0.34,"NAN","NAN","NAN","NAN",3.592
"2026-01-16 16:20:00",41919,1.08,4.18,0.46,0.39,"NAN","NAN","NAN","NAN",3.591
"2026-01-16 16:30:00",41920,1.35,5.3,0.48,0.41,"NAN","NAN","NAN","NAN",3.594
"2026-01-16 16:40:00",41921,1.35,5.3,0.42,0.36,"NAN","NAN","NAN","NAN",3.603
"2026-01-16 16:50:00",41922,0.77,2.93,0.37,0.31,"NAN","NAN","NAN","NAN",3.611
"2026-01-16 17:00:00",41923,1.06,4.1,0.42,0.35,"NAN","NAN","NAN","NAN",3.618
"2026-01-16 17:10:00",41924,0.83,3.19,0.39,0.33,"NAN","NAN","NAN","NAN",3.615
"2026-01-16 17:20:00",41925,1.15,4.49,0.39,0.33,"NAN","NAN","NAN","NAN",3.616
"2026-01-16 17:30:00",41926,0.72,2.74,0.4,0.33,"NAN","NAN","NAN","NAN",3.622
"2026-01-16 17:40:00",41927,0.91,3.5,0.41,0.34,"NAN","NAN","NAN","NAN",3.625
"2026-01-16 17:50:00",41928,1.03,4,0.44,0.38,"NAN","NAN","NAN","NAN",3.638
"2026-01-16 18:00:00",41929,0.84,3.21,0.34,0.28,"NAN","NAN","NAN","NAN",3.65
"2026-01-16 18:10:00",41930,0.95,3.69,0.4,0.34,"NAN","NAN","NAN","NAN",3.653
"2026-01-16 18:20:00",41931,0.94,3.64,0.47,0.4,"NAN","NAN","NAN","NAN",3.664
"2026-01-16 18:30:00",41932,0.77,2.95,0.34,0.27,"NAN","NAN","NAN","NAN",3.662
"2026-01-16 18:40:00",41933,1.35,5.3,0.58,0.52,"NAN","NAN","NAN","NAN",3.65
"2026-01-16 18:50:00",41934,1.1,4.27,0.44,0.37,"NAN","NAN","NAN","NAN",3.626
"2026-01-16 19:00:00",41935,1.13,4.41,0.49,0.43,"NAN","NAN","NAN","NAN",3.618
"2026-01-16 19:10:00",41936,1.28,5.02,0.44,0.38,"NAN","NAN","NAN","NAN",3.607
"2026-01-16 19:20:00",41937,1.32,5.15,0.42,0.35,"NAN","NAN","NAN","NAN",3.578
"2026-01-16 19:30:00",41938,1.28,5.02,0.46,0.4,"NAN","NAN","NAN","NAN",3.555
"2026-01-16 19:40:00",41939,1.4,5.48,0.48,0.41,"NAN","NAN","NAN","NAN",3.502
"2026-01-16 19:50:00",41940,1.37,5.36,0.53,0.46,"NAN","NAN","NAN","NAN",3.51
"2026-01-16 20:00:00",41941,1.12,4.36,0.49,0.43,"NAN","NAN","NAN","NAN",3.499
"2026-01-16 20:10:00",41942,1,3.87,0.41,0.34,"NAN","NAN","NAN","NAN",3.491
"2026-01-16 20:20:00",41943,"NAN","NAN","NAN","NAN","NAN","NAN","NAN","NAN","NAN"
"2026-01-16 20:30:00",41944,1.15,4.49,0.49,0.42,"NAN","NAN","NAN","NAN",3.481
"2026-01-16 20:40:00",41945,1.34,5.24,0.51,0.44,"NAN","NAN","NAN","NAN",3.481
"2026-01-16 20:50:00",41946,1.16,4.54,0.41,0.34,"NAN","NAN","NAN","NAN",3.498
"2026-01-16 21:00:00",41947,1.21,4.71,0.44,0.38,"NAN","NAN","NAN","NAN",3.516
"2026-01-16 21:10:00",41948,0.92,3.54,0.39,0.32,"NAN","NAN","NAN","NAN",3.521
"2026-01-16 21:20:00",41949,1.4,5.48,0.51,0.44,"NAN","NAN","NAN","NAN",3.53
"2026-01-16 21:30:00",41950,1.62,6.38,0.5,0.43,"NAN","NAN","NAN","NAN",3.533
"2026-01-16 21:40:00",41951,1.05,4.08,0.4,0.34,"NAN","NAN","NAN","NAN",3.537
"2026-01-16 21:50:00",41952,1.77,6.99,0.51,0.44,"NAN","NAN","NAN","NAN",3.532
"2026-01-16 22:00:00",41953,2.09,8.25,0.57,0.5,"NAN","NAN","NAN","NAN",3.546
"2026-01-16 22:10:00",41954,1.88,7.43,0.57,0.5,"NAN","NAN","NAN","NAN",3.573
"2026-01-16 22:20:00",41955,1.18,4.61,0.52,0.45,"NAN","NAN","NAN","NAN",3.555
"2026-01-16 22:30:00",41956,1.1,4.26,0.47,0.41,"NAN","NAN","NAN","NAN",3.538
"2026-01-16 22:40:00",41957,0.83,3.2,0.51,0.44,"NAN","NAN","NAN","NAN",3.529
"2026-01-16 22:50:00",41958,1.2,4.69,0.49,0.42,"NAN","NAN","NAN","NAN",3.547
"2026-01-16 23:00:00",41959,1.25,4.9,0.5,0.43,"NAN","NAN","NAN","NAN",3.584
"2026-01-16 23:10:00",41960,1.08,4.18,0.41,0.35,"NAN","NAN","NAN","NAN",3.602
"2026-01-16 23:20:00",41961,0.92,3.57,0.39,0.32,"NAN","NAN","NAN","NAN",3.607
"2026-01-16 23:30:00",41962,0.6,2.24,0.39,0.33,"NAN","NAN","NAN","NAN",3.618
"2026-01-16 23:40:00",41963,0.77,2.96,0.37,0.31,"NAN","NAN","NAN","NAN",3.562
"2026-01-16 23:50:00",41964,0.81,3.1,0.33,0.27,"NAN","NAN","NAN","NAN",3.544
"2026-01-17 00:00:00",41965,0.9,3.47,0.4,0.33,"NAN","NAN","NAN","NAN",3.597
"2026-01-17 00:10:00",41966,0.73,2.77,0.4,0.34,"NAN","NAN","NAN","NAN",3.56
"2026-01-17 00:20:00",41967,1.22,4.77,0.45,0.38,"NAN","NAN","NAN","NAN",3.505
"2026-01-17 00:30:00",41968,1.06,4.12,0.42,0.36,"NAN","NAN","NAN","NAN",3.469
"2026-01-17 00:40:00",41969,0.9,3.48,0.36,0.3,"NAN","NAN","NAN","NAN",3.548
"2026-01-17 00:50:00",41970,1.51,5.95,0.49,0.42,"NAN","NAN","NAN","NAN",3.579
"2026-01-17 01:00:00",41971,1.08,4.2,0.6,0.53,"NAN","NAN","NAN","NAN",3.597
"2026-01-17 01:10:00",41972,1.3,5.08,0.53,0.46,"NAN","NAN","NAN","NAN",3.616
"2026-01-17 01:20:00",41973,1.19,4.64,0.44,0.37,"NAN","NAN","NAN","NAN",3.621
"2026-01-17 01:30:00",41974,0.59,2.23,0.34,0.28,"NAN","NAN","NAN","NAN",3.624
"2026-01-17 01:40:00",41975,1.53,6,0.44,0.38,"NAN","NAN","NAN","NAN",3.351
"2026-01-17 01:50:00",41976,1.14,4.42,0.36,0.3,"NAN","NAN","NAN","NAN",3.328
"2026-01-17 02:00:00",41977,1.1,4.29,0.45,0.38,"NAN","NAN","NAN","NAN",3.324
"2026-01-17 02:10:00",41978,1.23,4.8,0.45,0.39,"NAN","NAN","NAN","NAN",3.299
"2026-01-17 02:20:00",41979,1.27,4.96,0.51,0.45,"NAN","NAN","NAN","NAN",3.243
"2026-01-17 02:30:00",41980,0.92,3.57,0.46,0.39,"NAN","NAN","NAN","NAN",3.187
"2026-01-17 02:40:00",41981,1.57,6.18,0.51,0.45,"NAN","NAN","NAN","NAN",3.132
"2026-01-17 02:50:00",41982,1.08,4.21,0.44,0.38,"NAN","NAN","NAN","NAN",3.059
"2026-01-17 03:00:00",41983,1.04,4.05,0.48,0.42,"NAN","NAN","NAN","NAN",3.013
"2026-01-17 03:10:00",41984,0.8,3.06,0.4,0.34,"NAN","NAN","NAN","NAN",2.99
"2026-01-17 03:20:00",41985,1.24,4.82,0.47,0.4,"NAN","NAN","NAN","NAN",2.957
"2026-01-17 03:30:00",41986,0.73,2.78,0.33,0.26,"NAN","NAN","NAN","NAN",2.979
"2026-01-17 03:40:00",41987,0.76,2.9,0.34,0.28,"NAN","NAN","NAN","NAN",2.998
"2026-01-17 03:50:00",41988,0.41,1.5,0.28,0.22,"NAN","NAN","NAN","NAN",2.937
"2026-01-17 04:00:00",41989,0.73,2.79,0.35,0.29,"NAN","NAN","NAN","NAN",2.883
"2026-01-17 04:10:00",41990,0.82,3.13,0.39,0.33,"NAN","NAN","NAN","NAN",2.853
"2026-01-17 04:20:00",41991,1.93,7.61,0.49,0.42,"NAN","NAN","NAN","NAN",2.835
"2026-01-17 04:30:00",41992,0.81,3.1,0.41,0.35,"NAN","NAN","NAN","NAN",2.838
"2026-01-17 04:40:00",41993,0.87,3.35,0.54,0.47,"NAN","NAN","NAN","NAN",2.815
"2026-01-17 04:50:00",41994,0.57,2.12,0.32,0.26,"NAN","NAN","NAN","NAN",2.818
"2026-01-17 05:00:00",41995,0.8,3.08,0.36,0.29,"NAN","NAN","NAN","NAN",2.835
"2026-01-17 05:10:00",41996,"NAN","NAN","NAN","NAN","NAN","NAN","NAN","NAN","NAN"
"2026-01-17 05:20:00",41997,0.58,2.19,0.37,0.3,"NAN","NAN","NAN","NAN",2.852
"2026-01-17 05:30:00",41998,1.07,4.16,0.42,0.36,"NAN","NAN","NAN","NAN",2.872
"2026-01-17 05:40:00",41999,1.1,4.28,0.42,0.35,"NAN","NAN","NAN","NAN",3.003
"2026-01-17 05:50:00",42000,0.95,3.67,0.43,0.37,"NAN","NAN","NAN","NAN",3.047
"2026-01-17 06:00:00",42001,0.68,2.57,0.32,0.26,"NAN","NAN","NAN","NAN",3.076
"2026-01-17 06:10:00",42002,1.2,4.69,0.43,0.37,"NAN","NAN","NAN","NAN",3.021
"2026-01-17 06:20:00",42003,1.17,4.57,0.49,0.42,"NAN","NAN","NAN","NAN",2.833
"2026-01-17 06:30:00",42004,1.35,5.3,0.52,0.45,"NAN","NAN","NAN","NAN",2.807
"2026-01-17 06:40:00",42005,1.17,4.56,0.49,0.43,"NAN","NAN","NAN","NAN",2.804
"2026-01-17 06:50:00",42006,1.08,4.18,0.44,0.37,"NAN","NAN","NAN","NAN",2.81
"2026-01-17 07:00:00",42007,1.47,5.75,0.56,0.49,"NAN","NAN","NAN","NAN",2.841
"2026-01-17 07:10:00",42008,0.96,3.71,0.41,0.35,"NAN","NAN","NAN","NAN",2.832
"2026-01-17 07:20:00",42009,1.3,5.09,0.43,0.36,"NAN","NAN","NAN","NAN",2.832
"2026-01-17 07:30:00",42010,1.01,3.93,0.41,0.35,"NAN","NAN","NAN","NAN",2.845
"2026-01-17 07:40:00",42011,0.94,3.64,0.36,0.29,"NAN","NAN","NAN","NAN",2.854
"2026-01-17 07:50:00",42012,1.17,4.56,0.45,0.39,"NAN","NAN","NAN","NAN",2.87
"2026-01-17 08:00:00",42013,0.81,3.11,0.44,0.38,"NAN","NAN","NAN","NAN",2.975
"2026-01-17 08:10:00",42014,1.04,4.04,0.36,0.29,"NAN","NAN","NAN","NAN",2.941
"2026-01-17 08:20:00",42015,1.57,6.19,0.46,0.39,"NAN","NAN","NAN","NAN",2.948
"2026-01-17 08:30:00",42016,1.08,4.18,0.42,0.36,"NAN","NAN","NAN","NAN",2.972
"2026-01-17 08:40:00",42017,0.66,2.49,0.33,0.27,"NAN","NAN","NAN","NAN",2.962
"2026-01-17 08:50:00",42018,1.24,4.83,0.38,0.32,"NAN","NAN","NAN","NAN",2.945
"2026-01-17 09:00:00",42019,1.13,4.4,0.46,0.39,"NAN","NAN","NAN","NAN",3.245
"2026-01-17 09:10:00",42020,1.27,4.97,0.41,0.34,"NAN","NAN","NAN","NAN",3.054
"2026-01-17 09:20:00",42021,0.77,2.96,0.33,0.27,"NAN","NAN","NAN","NAN",2.916
"2026-01-17 09:30:00",42022,2.15,8.53,0.52,0.46,"NAN","NAN","NAN","NAN",2.908
"2026-01-17 09:40:00",42023,0.95,3.67,0.41,0.34,"NAN","NAN","NAN","NAN",2.861
"2026-01-17 09:50:00",42024,1.12,4.34,0.47,0.41,"NAN","NAN","NAN","NAN",2.832
"2026-01-17 10:00:00",42025,0.88,3.37,0.36,0.3,"NAN","NAN","NAN","NAN",2.869
"2026-01-17 10:10:00",42026,0.56,2.11,0.31,0.25,"NAN","NAN","NAN","NAN",2.882
"2026-01-17 10:20:00",42027,0.77,2.93,0.3,0.24,"NAN","NAN","NAN","NAN",2.984
"2026-01-17 10:30:00",42028,1.06,4.13,0.37,0.3,"NAN","NAN","NAN","NAN",3.077
"2026-01-17 10:40:00",42029,0.76,2.91,0.33,0.26,"NAN","NAN","NAN","NAN",3.078
"2026-01-17 10:50:00",42030,1,3.88,0.33,0.27,"NAN","NAN","NAN","NAN",3.093
"2026-01-17 11:00:00",42031,0.81,3.12,0.36,0.29,"NAN","NAN","NAN","NAN",3.1
"2026-01-17 11:10:00",42032,0.43,1.58,0.27,0.21,"NAN","NAN","NAN","NAN",3.107
"2026-01-17 11:20:00",42033,0.66,2.52,0.26,0.2,"NAN","NAN","NAN","NAN",3.118
"2026-01-17 11:30:00",42034,1.16,4.52,0.49,0.43,"NAN","NAN","NAN","NAN",3.156
"2026-01-17 11:40:00",42035,1.6,6.31,0.42,0.36,"NAN","NAN","NAN","NAN",3.171
"2026-01-17 11:50:00",42036,0.73,2.78,0.37,0.31,"NAN","NAN","NAN","NAN",3.208
"2026-01-17 12:00:00",42037,0.84,3.24,0.32,0.26,"NAN","NAN","NAN","NAN",3.232
"2026-01-17 12:10:00",42038,1.12,4.34,0.4,0.34,"NAN","NAN","NAN","NAN",3.254
"2026-01-17 12:20:00",42039,1.67,6.56,0.48,0.41,"NAN","NAN","NAN","NAN",3.328
"2026-01-17 12:30:00",42040,1.43,5.63,0.49,0.43,"NAN","NAN","NAN","NAN",3.37
"2026-01-17 12:40:00",42041,1.08,4.19,0.4,0.34,"NAN","NAN","NAN","NAN",3.414
"2026-01-17 12:50:00",42042,1.27,4.95,0.54,0.47,"NAN","NAN","NAN","NAN",3.487
"2026-01-17 13:00:00",42043,1.07,4.16,0.38,0.32,"NAN","NAN","NAN","NAN",3.501
"2026-01-17 13:10:00",42044,1.7,6.71,0.52,0.46,"NAN","NAN","NAN","NAN",3.499
"2026-01-17 13:20:00",42045,1.47,5.78,0.47,0.41,"NAN","NAN","NAN","NAN",3.521
"2026-01-17 13:30:00",42046,1.3,5.07,0.49,0.42,"NAN","NAN","NAN","NAN",3.558
"2026-01-17 13:40:00",42047,1.22,4.78,0.48,0.41,"NAN","NAN","NAN","NAN",3.596
"2026-01-17 13:50:00",42048,1.12,4.35,0.38,0.32,"NAN","NAN","NAN","NAN",3.612
"2026-01-17 14:00:00",42049,"NAN","NAN","NAN","NAN","NAN","NAN","NAN","NAN","NAN"
"2026-01-17 14:10:00",42050,1.16,4.54,0.45,0.39,"NAN","NAN","NAN","NAN",3.619
"2026-01-17 14:20:00",42051,0.98,3.81,0.44,0.38,"NAN","NAN","NAN","NAN",3.65
"2026-01-17 14:30:00",42052,1.57,6.17,0.51,0.44,"NAN","NAN","NAN","NAN",3.664
"2026-01-17 14:40:00",42053,1.33,5.22,0.5,0.44,"NAN","NAN","NAN","NAN",3.687
"2026-01-17 14:50:00",42054,1.44,5.63,0.42,0.35,"NAN","NAN","NAN","NAN",3.684
"2026-01-17 15:00:00",42055,1.07,4.16,0.4,0.34,"NAN","NAN","NAN","NAN",3.717
"2026-01-17 15:10:00",42056,1.39,5.46,0.46,0.4,"NAN","NAN","NAN","NAN",3.702
"2026-01-17 15:20:00",42057,1.06,4.1,0.45,0.39,"NAN","NAN","NAN","NAN",3.714
"2026-01-17 15:30:00",42058,1.25,4.88,0.47,0.41,"NAN","NAN","NAN","NAN",3.739
"2026-01-17 15:40:00",42059,1.5,5.88,0.49,0.42,"NAN","NAN","NAN","NAN",3.709
"2026-01-17 15:50:00",42060,1.06,4.14,0.45,0.38,"NAN","NAN","NAN","NAN",3.705
"2026-01-17 16:00:00",42061,1.28,5.01,0.42,0.36,"NAN","NAN","NAN","NAN",3.695
"2026-01-17 16:10:00",42062,1.38,5.39,0.48,0.41,"NAN","NAN","NAN","NAN",3.703
"2026-01-17 16:20:00",42063,1.38,5.39,0.56,0.49,"NAN","NAN","NAN","NAN",3.69
"2026-01-17 16:30:00",42064,1.3,5.08,0.47,0.4,"NAN","NAN","NAN","NAN",3.671
"2026-01-17 16:40:00",42065,1.77,6.97,0.55,0.49,"NAN","NAN","NAN","NAN",3.67
"2026-01-17 16:50:00",42066,1.61,6.32,0.49,0.43,"NAN","NAN","NAN","NAN",3.662
"2026-01-17 17:00:00",42067,1.76,6.96,0.45,0.38,"NAN","NAN","NAN","NAN",3.663
"2026-01-17 17:10:00",42068,1,3.87,0.44,0.38,"NAN","NAN","NAN","NAN",3.659
"2026-01-17 17:20:00",42069,1.28,5.01,0.49,0.43,"NAN","NAN","NAN","NAN",3.656
"2026-01-17 17:30:00",42070,1.33,5.21,0.5,0.44,"NAN","NAN","NAN","NAN",3.647
"2026-01-17 17:40:00",42071,1.21,4.74,0.53,0.46,"NAN","NAN","NAN","NAN",3.644
"2026-01-17 17:50:00",42072,1.33,5.22,0.54,0.48,"NAN","NAN","NAN","NAN",3.643
"2026-01-17 18:00:00",42073,1.47,5.77,0.47,0.41,"NAN","NAN","NAN","NAN",3.642
"2026-01-17 18:10:00",42074,0.91,3.5,0.43,0.37,"NAN","NAN","NAN","NAN",3.642
"2026-01-17 18:20:00",42075,1.89,7.46,0.62,0.55,"NAN","NAN","NAN","NAN",3.639
"2026-01-17 18:30:00",42076,1.14,4.43,0.47,0.41,"NAN","NAN","NAN","NAN",3.625
"2026-01-17 18:40:00",42077,1.12,4.36,0.47,0.4,"NAN","NAN","NAN","NAN",3.609
"2026-01-17 18:50:00",42078,1.83,7.23,0.57,0.5,"NAN","NAN","NAN","NAN",3.585
"2026-01-17 19:00:00",42079,1.67,6.56,0.52,0.45,"NAN","NAN","NAN","NAN",3.561
"2026-01-17 19:10:00",42080,1.23,4.81,0.53,0.46,"NAN","NAN","NAN","NAN",3.547
"2026-01-17 19:20:00",42081,1.71,6.73,0.51,0.44,"NAN","NAN","NAN","NAN",3.526
"2026-01-17 19:30:00",42082,1.37,5.36,0.53,0.46,"NAN","NAN","NAN","NAN",3.544
"2026-01-17 19:40:00",42083,1.11,4.33,0.55,0.48,"NAN","NAN","NAN","NAN",3.54
"2026-01-17 19:50:00",42084,0.99,3.84,0.49,0.43,"NAN","NAN","NAN","NAN",3.536
"2026-01-17 20:00:00",42085,1.63,6.42,0.49,0.43,"NAN","NAN","NAN","NAN",3.53
"2026-01-17 20:10:00",42086,1.5,5.89,0.5,0.43,"NAN","NAN","NAN","NAN",3.529
"2026-01-17 20:20:00",42087,1,3.86,0.45,0.38,"NAN","NAN","NAN","NAN",3.537
"2026-01-17 20:30:00",42088,1.21,4.72,0.49,0.42,"NAN","NAN","NAN","NAN",3.531
"2026-01-17 20:40:00",42089,1.64,6.46,0.56,0.49,"NAN","NAN","NAN","NAN",3.523
"2026-01-17 20:50:00",42090,1.41,5.51,0.44,0.38,"NAN","NAN","NAN","NAN",3.517
"2026-01-17 21:00:00",42091,1.57,6.17,0.49,0.43,"NAN","NAN","NAN","NAN",3.51
"2026-01-17 21:10:00",42092,1.18,4.6,0.48,0.42,"NAN","NAN","NAN","NAN",3.5
"2026-01-17 21:20:00",42093,1.39,5.46,0.48,0.42,"NAN","NAN","NAN","NAN",3.503
"2026-01-17 21:30:00",42094,1.13,4.41,0.45,0.38,"NAN","NAN","NAN","NAN",3.497
"2026-01-17 21:40:00",42095,1.77,6.97,0.58,0.51,"NAN","NAN","NAN","NAN",3.493
"2026-01-17 21:50:00",42096,1.37,5.35,0.5,0.44,"NAN","NAN","NAN","NAN",3.485
"2026-01-17 22:00:00",42097,1.26,4.93,0.52,0.45,"NAN","NAN","NAN","NAN",3.5
"2026-01-17 22:10:00",42098,1.21,4.73,0.42,0.36,"NAN","NAN","NAN","NAN",3.504
"2026-01-17 22:20:00",42099,1.51,5.95,0.53,0.46,"NAN","NAN","NAN","NAN",3.497
"2026-01-17 22:30:00",42100,1.65,6.51,0.49,0.43,"NAN","NAN","NAN","NAN",3.481
"2026-01-17 22:40:00",42101,2.75,10.94,0.53,0.46,"NAN","NAN","NAN","NAN",3.47
"2026-01-17 22:50:00",42102,"NAN","NAN","NAN","NAN","NAN","NAN","NAN","NAN","NAN"
"2026-01-17 23:00:00",42103,1.27,4.98,0.53,0.46,"NAN","NAN","NAN","NAN",3.433
"2026-01-17 23:10:00",42104,1.41,5.52,0.48,0.41,"NAN","NAN","NAN","NAN",3.43
"2026-01-17 23:20:00",42105,0.71,2.7,0.38,0.32,"NAN","NAN","NAN","NAN",3.415
"2026-01-17 23:30:00",42106,1.4,5.5,0.5,0.44,"NAN","NAN","NAN","NAN",3.423
"2026-01-17 23:40:00",42107,1.43,5.61,0.47,0.41,"NAN","NAN","NAN","NAN",3.424
"2026-01-17 23:50:00",42108,0.83,3.2,0.4,0.34,"NAN","NAN","NAN","NAN",3.424
"2026-01-18 00:00:00",42109,1.43,5.6,0.5,0.44,"NAN","NAN","NAN","NAN",3.422
"2026-01-18 00:10:00",42110,1.2,4.69,0.44,0.37,"NAN","NAN","NAN","NAN",3.429
"2026-01-18 00:20:00",42111,0.96,3.7,0.45,0.38,"NAN","NAN","NAN","NAN",3.415
"2026-01-18 00:30:00",42112,1.03,4.01,0.42,0.36,"NAN","NAN","NAN","NAN",3.396
"2026-01-18 00:40:00",42113,1.13,4.39,0.43,0.36,"NAN","NAN","NAN","NAN",3.402
"2026-01-18 00:50:00",42114,1.41,5.51,0.47,0.4,"NAN","NAN","NAN","NAN",3.386
"2026-01-18 01:00:00",42115,1.24,4.84,0.48,0.41,"NAN","NAN","NAN","NAN",3.38
"2026-01-18 01:10:00",42116,1.37,5.36,0.5,0.43,"NAN","NAN","NAN","NAN",3.389
"2026-01-18 01:20:00",42117,1.26,4.92,0.49,0.43,"NAN","NAN","NAN","NAN",3.388
"2026-01-18 01:30:00",42118,1.49,5.87,0.47,0.41,"NAN","NAN","NAN","NAN",3.379
"2026-01-18 01:40:00",42119,1.45,5.69,0.46,0.39,"NAN","NAN","NAN","NAN",3.378
"2026-01-18 01:50:00",42120,1.37,5.37,0.44,0.38,"NAN","NAN","NAN","NAN",3.38
"2026-01-18 02:00:00",42121,1.38,5.39,0.51,0.45,"NAN","NAN","NAN","NAN",3.39
"2026-01-18 02:10:00",42122,1.01,3.92,0.5,0.44,"NAN","NAN","NAN","NAN",3.369
"2026-01-18 02:20:00",42123,1.35,5.28,0.48,0.42,"NAN","NAN","NAN","NAN",3.359
"2026-01-18 02:30:00",42124,1.4,5.47,0.47,0.4,"NAN","NAN","NAN","NAN",3.375
"2026-01-18 02:40:00",42125,1.24,4.83,0.48,0.41,"NAN","NAN","NAN","NAN",3.381
"2026-01-18 02:50:00",42126,1.22,4.76,0.46,0.39,"NAN","NAN","NAN","NAN",3.38
"2026-01-18 03:00:00",42127,1.22,4.77,0.46,0.4,"NAN","NAN","NAN","NAN",3.374
"2026-01-18 03:10:00",42128,1.39,5.45,0.56,0.49,"NAN","NAN","NAN","NAN",3.369
"2026-01-18 03:20:00",42129,1.39,5.44,0.45,0.38,"NAN","NAN","NAN","NAN",3.367
"2026-01-18 03:30:00",42130,1.03,3.99,0.38,0.31,"NAN","NAN","NAN","NAN",3.362
"2026-01-18 03:40:00",42131,0.92,3.54,0.35,0.29,"NAN","NAN","NAN","NAN",3.362
"2026-01-18 03:50:00",42132,0.77,2.94,0.32,0.25,"NAN","NAN","NAN","NAN",3.365
"2026-01-18 04:00:00",42133,1.31,5.13,0.5,0.43,"NAN","NAN","NAN","NAN",3.349
"2026-01-18 04:10:00",42134,0.9,3.48,0.42,0.36,"NAN","NAN","NAN","NAN",3.35
"2026-01-18 04:20:00",42135,1.1,4.29,0.54,0.48,"NAN","NAN","NAN","NAN",3.35
"2026-01-18 04:30:00",42136,1.04,4.04,0.34,0.28,"NAN","NAN","NAN","NAN",3.346
"2026-01-18 04:40:00",42137,0.67,2.55,0.32,0.26,"NAN","NAN","NAN","NAN",3.352
"2026-01-18 04:50:00",42138,0.98,3.79,0.32,0.26,"NAN","NAN","NAN","NAN",3.357
"2026-01-18 05:00:00",42139,0.57,2.14,0.35,0.29,"NAN","NAN","NAN","NAN",3.358
"2026-01-18 05:10:00",42140,0.99,3.83,0.41,0.35,"NAN","NAN","NAN","NAN",3.372
"2026-01-18 05:20:00",42141,0.89,3.43,0.34,0.27,"NAN","NAN","NAN","NAN",3.379
"2026-01-18 05:30:00",42142,0.72,2.74,0.33,0.27,"NAN","NAN","NAN","NAN",3.379
"2026-01-18 05:40:00",42143,0.59,2.23,0.37,0.31,"NAN","NAN","NAN","NAN",3.37
"2026-01-18 05:50:00",42144,1.19,4.62,0.39,0.33,"NAN","NAN","NAN","NAN",3.354
"2026-01-18 06:00:00",42145,1.55,6.1,0.48,0.42,"NAN","NAN","NAN","NAN",3.366
"2026-01-18 06:10:00",42146,0.93,3.6,0.39,0.32,"NAN","NAN","NAN","NAN",3.365
"2026-01-18 06:20:00",42147,1.16,4.5,0.34,0.27,"NAN","NAN","NAN","NAN",3.36
"2026-01-18 06:30:00",42148,0.83,3.21,0.35,0.29,"NAN","NAN","NAN","NAN",3.358
"2026-01-18 06:40:00",42149,0.89,3.42,0.34,0.28,"NAN","NAN","NAN","NAN",3.36
"2026-01-18 06:50:00",42150,0.87,3.35,0.33,0.27,"NAN","NAN","NAN","NAN",3.372
"2026-01-18 07:00:00",42151,1.33,5.22,0.42,0.35,"NAN","NAN","NAN","NAN",3.375
"2026-01-18 07:10:00",42152,0.76,2.92,0.34,0.28,"NAN","NAN","NAN","NAN",3.344
"2026-01-18 07:20:00",42153,1.19,4.65,0.46,0.39,"NAN","NAN","NAN","NAN",3.324
"2026-01-18 07:30:00",42154,1.11,4.31,0.41,0.35,"NAN","NAN","NAN","NAN",3.329
"2026-01-18 07:40:00",42155,"NAN","NAN","NAN","NAN","NAN","NAN","NAN","NAN","NAN"
"2026-01-18 07:50:00",42156,1.14,4.44,0.44,0.37,"NAN","NAN","NAN","NAN",3.319
"2026-01-18 08:00:00",42157,1.48,5.83,0.43,0.36,"NAN","NAN","NAN","NAN",3.31
"2026-01-18 08:10:00",42158,1.88,7.44,0.54,0.47,"NAN","NAN","NAN","NAN",3.31
"2026-01-18 08:20:00",42159,1.4,5.49,0.49,0.43,"NAN","NAN","NAN","NAN",3.303
"2026-01-18 08:30:00",42160,1.01,3.9,0.41,0.34,"NAN","NAN","NAN","NAN",3.3
"2026-01-18 08:40:00",42161,1.04,4.05,0.42,0.35,"NAN","NAN","NAN","NAN",3.309
"2026-01-18 08:50:00",42162,1.35,5.27,0.42,0.36,"NAN","NAN","NAN","NAN",3.283
"2026-01-18 09:00:00",42163,1.38,5.4,0.5,0.44,"NAN","NAN","NAN","NAN",3.291
"2026-01-18 09:10:00",42164,1.29,5.03,0.35,0.29,"NAN","NAN","NAN","NAN",3.286
"2026-01-18 09:20:00",42165,1.4,5.48,0.45,0.38,"NAN","NAN","NAN","NAN",3.286
"2026-01-18 09:30:00",42166,1.18,4.62,0.4,0.34,"NAN","NAN","NAN","NAN",3.292
"2026-01-18 09:40:00",42167,1.24,4.82,0.41,0.34,"NAN","NAN","NAN","NAN",3.287
"2026-01-18 09:50:00",42168,1.19,4.64,0.37,0.31,"NAN","NAN","NAN","NAN",3.287
"2026-01-18 10:00:00",42169,1.28,5,0.43,0.36,"NAN","NAN","NAN","NAN",3.276
"2026-01-18 10:10:00",42170,1.48,5.8,0.45,0.39,"NAN","NAN","NAN","NAN",3.277
"2026-01-18 10:20:00",42171,1.15,4.49,0.39,0.33,"NAN","NAN","NAN","NAN",3.291
"2026-01-18 10:30:00",42172,1.18,4.58,0.4,0.34,"NAN","NAN","NAN","NAN",3.297
"2026-01-18 10:40:00",42173,1.42,5.58,0.4,0.33,"NAN","NAN","NAN","NAN",3.293
"2026-01-18 10:50:00",42174,1.32,5.16,0.4,0.34,"NAN","NAN","NAN","NAN",3.308
"2026-01-18 11:00:00",42175,1.35,5.28,0.4,0.34,"NAN","NAN","NAN","NAN",3.326
"2026-01-18 11:10:00",42176,1.33,5.19,0.46,0.4,"NAN","NAN","NAN","NAN",3.323
"2026-01-18 11:20:00",42177,1.33,5.2,0.4,0.34,"NAN","NAN","NAN","NAN",3.326
"2026-01-18 11:30:00",42178,1.06,4.12,0.44,0.37,"NAN","NAN","NAN","NAN",3.326
"2026-01-18 11:40:00",42179,1.13,4.42,0.46,0.39,"NAN","NAN","NAN","NAN",3.329
"2026-01-18 11:50:00",42180,1.36,5.32,0.44,0.38,"NAN","NAN","NAN","NAN",3.33
"2026-01-18 12:00:00",42181,2.22,8.8,0.48,0.42,"NAN","NAN","NAN","NAN",3.326
"2026-01-18 12:10:00",42182,1.64,6.46,0.46,0.39,"NAN","NAN","NAN","NAN",3.323
"2026-01-18 12:20:00",42183,2.44,9.67,0.48,0.42,"NAN","NAN","NAN","NAN",3.325
"2026-01-18 12:30:00",42184,1.01,3.9,0.4,0.34,"NAN","NAN","NAN","NAN",3.321
"2026-01-18 12:40:00",42185,1.27,4.96,0.39,0.33,"NAN","NAN","NAN","NAN",3.327
"2026-01-18 12:50:00",42186,1.06,4.11,0.43,0.37,"NAN","NAN","NAN","NAN",3.331
"2026-01-18 13:00:00",42187,1.39,5.47,0.4,0.33,"NAN","NAN","NAN","NAN",3.329
"2026-01-18 13:10:00",42188,1.21,4.73,0.4,0.33,"NAN","NAN","NAN","NAN",3.322
"2026-01-18 13:20:00",42189,0.86,3.3,0.36,0.29,"NAN","NAN","NAN","NAN",3.313
"2026-01-18 13:30:00",42190,1.28,4.99,0.45,0.39,"NAN","NAN","NAN","NAN",3.314
"2026-01-18 13:40:00",42191,1.36,5.31,0.38,0.31,"NAN","NAN","NAN","NAN",3.313
"2026-01-18 13:50:00",42192,1.28,5.02,0.47,0.4,"NAN","NAN","NAN","NAN",3.314
"2026-01-18 14:00:00",42193,1.62,6.37,0.54,0.48,"NAN","NAN","NAN","NAN",3.318
"2026-01-18 14:10:00",42194,0.56,2.09,0.32,0.26,"NAN","NAN","NAN","NAN",3.318
"2026-01-18 14:20:00",42195,1.02,3.95,0.38,0.32,"NAN","NAN","NAN","NAN",3.297
"2026-01-18 14:30:00",42196,0.95,3.69,0.36,0.3,"NAN","NAN","NAN","NAN",3.296
"2026-01-18 14:40:00",42197,0.93,3.58,0.42,0.35,"NAN","NAN","NAN","NAN",3.285
"2026-01-18 14:50:00",42198,0.74,2.85,0.32,0.26,"NAN","NAN","NAN","NAN",3.299
"2026-01-18 15:00:00",42199,0.71,2.71,0.33,0.27,"NAN","NAN","NAN","NAN",3.302
"2026-01-18 15:10:00",42200,0.69,2.62,0.32,0.26,"NAN","NAN","NAN","NAN",3.291
"2026-01-18 15:20:00",42201,0.75,2.88,0.34,0.28,"NAN","NAN","NAN","NAN",3.289
"2026-01-18 15:30:00",42202,0.92,3.56,0.42,0.36,"NAN","NAN","NAN","NAN",3.3
"2026-01-18 15:40:00",42203,0.71,2.7,0.34,0.28,"NAN","NAN","NAN","NAN",3.32
"2026-01-18 15:50:00",42204,0.77,2.93,0.41,0.35,"NAN","NAN","NAN","NAN",3.314
"2026-01-18 16:00:00",42205,1.17,4.55,0.41,0.35,"NAN","NAN","NAN","NAN",3.27
"2026-01-18 16:10:00",42206,1.45,5.68,0.55,0.48,"NAN","NAN","NAN","NAN",3.269
"2026-01-18 16:20:00",42207,1.25,4.87,0.47,0.41,"NAN","NAN","NAN","NAN",3.286
"2026-01-18 16:30:00",42208,"NAN","NAN","NAN","NAN","NAN","NAN","NAN","NAN","NAN"
"2026-01-18 16:40:00",42209,0.77,2.94,0.41,0.35,"NAN","NAN","NAN","NAN",3.29
"2026-01-18 16:50:00",42210,0.84,3.22,0.31,0.25,"NAN","NAN","NAN","NAN",3.293
"2026-01-18 17:00:00",42211,0.93,3.59,0.37,0.31,"NAN","NAN","NAN","NAN",3.291
"2026-01-18 17:10:00",42212,1.02,3.96,0.41,0.35,"NAN","NAN","NAN","NAN",3.286
"2026-01-18 17:20:00",42213,1.04,4.04,0.42,0.35,"NAN","NAN","NAN","NAN",3.276
"2026-01-18 17:30:00",42214,0.79,3.02,0.38,0.31,"NAN","NAN","NAN","NAN",3.268
"2026-01-18 17:40:00",42215,1.2,4.7,0.38,0.32,"NAN","NAN","NAN","NAN",3.256
"2026-01-18 17:50:00",42216,0.95,3.66,0.42,0.35,"NAN","NAN","NAN","NAN",3.248
"2026-01-18 18:00:00",42217,1.49,5.86,0.47,0.41,"NAN","NAN","NAN","NAN",3.21
"2026-01-18 18:10:00",42218,1.41,5.53,0.43,0.37,"NAN","NAN","NAN","NAN",3.196
"2026-01-18 18:20:00",42219,1.48,5.8,0.44,0.37,"NAN","NAN","NAN","NAN",3.212
"2026-01-18 18:30:00",42220,1.26,4.91,0.42,0.35,"NAN","NAN","NAN","NAN",3.192
"2026-01-18 18:40:00",42221,1.41,5.54,0.44,0.38,"NAN","NAN","NAN","NAN",3.208
"2026-01-18 18:50:00",42222,1.44,5.65,0.42,0.36,"NAN","NAN","NAN","NAN",3.193
"2026-01-18 19:00:00",42223,2.15,8.5,0.41,0.34,"NAN","NAN","NAN","NAN",3.202
"2026-01-18 19:10:00",42224,1.76,6.95,0.48,0.41,"NAN","NAN","NAN","NAN",3.197
"2026-01-18 19:20:00",42225,1.46,5.74,0.44,0.37,"NAN","NAN","NAN","NAN",3.185
"2026-01-18 19:30:00",42226,1.29,5.06,0.37,0.31,"NAN","NAN","NAN","NAN",3.072
"2026-01-18 19:40:00",42227,1.61,6.33,0.47,0.4,"NAN","NAN","NAN","NAN",3.083
"2026-01-18 19:50:00",42228,1.26,4.91,0.36,0.3,"NAN","NAN","NAN","NAN",3.022
"2026-01-18 20:00:00",42229,0.93,3.6,0.31,0.25,"NAN","NAN","NAN","NAN",2.959
"2026-01-18 20:10:00",42230,1.42,5.58,0.42,0.36,"NAN","NAN","NAN","NAN",2.969
"2026-01-18 20:20:00",42231,1.47,5.77,0.43,0.36,"NAN","NAN","NAN","NAN",3.006
"2026-01-18 20:30:00",42232,2.62,10.42,0.33,0.26,"NAN","NAN","NAN","NAN",3.006
"2026-01-18 20:40:00",42233,1.34,5.24,0.33,0.27,"NAN","NAN","NAN","NAN",2.964
"2026-01-18 20:50:00",42234,1.5,5.9,0.43,0.37,"NAN","NAN","NAN","NAN",2.935
"2026-01-18 21:00:00",42235,1.2,4.67,0.4,0.34,"NAN","NAN","NAN","NAN",2.893
"2026-01-18 21:10:00",42236,0.72,2.73,0.29,0.23,"NAN","NAN","NAN","NAN",2.897
"2026-01-18 21:20:00",42237,1.24,4.86,0.48,0.41,"NAN","NAN","NAN","NAN",2.89
"2026-01-18 21:30:00",42238,0.94,3.64,0.42,0.35,"NAN","NAN","NAN","NAN",2.855
"2026-01-18 21:40:00",42239,1.29,5.04,0.38,0.31,"NAN","NAN","NAN","NAN",2.853
"2026-01-18 21:50:00",42240,1.21,4.72,0.43,0.37,"NAN","NAN","NAN","NAN",2.87
"2026-01-18 22:00:00",42241,1.19,4.64,0.34,0.28,"NAN","NAN","NAN","NAN",2.796
"2026-01-18 22:10:00",42242,1.11,4.32,0.45,0.38,"NAN","NAN","NAN","NAN",2.795
"2026-01-18 22:20:00",42243,1.03,4.01,0.41,0.35,"NAN","NAN","NAN","NAN",2.774
"2026-01-18 22:30:00",42244,0.81,3.09,0.36,0.3,"NAN","NAN","NAN","NAN",2.761
"2026-01-18 22:40:00",42245,1.08,4.2,0.38,0.32,"NAN","NAN","NAN","NAN",2.755
"2026-01-18 22:50:00",42246,1.09,4.22,0.36,0.3,"NAN","NAN","NAN","NAN",2.735
"2026-01-18 23:00:00",42247,0.81,3.12,0.35,0.29,"NAN","NAN","NAN","NAN",2.736
"2026-01-18 23:10:00",42248,0.91,3.51,0.36,0.29,"NAN","NAN","NAN","NAN",2.701
"2026-01-18 23:20:00",42249,0.74,2.84,0.29,0.23,"NAN","NAN","NAN","NAN",2.706
"2026-01-18 23:30:00",42250,0.97,3.74,0.38,0.32,"NAN","NAN","NAN","NAN",2.696
"2026-01-18 23:40:00",42251,0.8,3.07,0.33,0.27,"NAN","NAN","NAN","NAN",2.691
"2026-01-18 23:50:00",42252,0.91,3.51,0.35,0.28,"NAN","NAN","NAN","NAN",2.679
"2026-01-19 00:00:00",42253,0.94,3.64,0.36,0.3,"NAN","NAN","NAN","NAN",2.679
"2026-01-19 00:10:00",42254,1.3,5.08,0.43,0.37,"NAN","NAN","NAN","NAN",2.696
"2026-01-19 00:20:00",42255,1.14,4.42,0.4,0.33,"NAN","NAN","NAN","NAN",2.694
"2026-01-19 00:30:00",42256,1.37,5.37,0.45,0.39,"NAN","NAN","NAN","NAN",2.677
"2026-01-19 00:40:00",42257,0.99,3.82,0.4,0.34,"NAN","NAN","NAN","NAN",2.69
"2026-01-19 00:50:00",42258,0.76,2.89,0.26,0.2,"NAN","NAN","NAN","NAN",2.702
"2026-01-19 01:00:00",42259,1.69,6.66,0.51,0.44,"NAN","NAN","NAN","NAN",2.66
"2026-01-19 01:10:00",42260,1.23,4.79,0.39,0.32,"NAN","NAN","NAN","NAN",2.615
"2026-01-19 01:20:00",42261,"NAN","NAN","NAN","NAN","NAN","NAN","NAN","NAN","NAN"
"2026-01-19 01:30:00",42262,0.92,3.57,0.35,0.29,"NAN","NAN","NAN","NAN",2.562
"2026-01-19 01:40:00",42263,1.02,3.97,0.41,0.34,"NAN","NAN","NAN","NAN",2.586
"2026-01-19 01:50:00",42264,0.89,3.45,0.34,0.28,"NAN","NAN","NAN","NAN",2.633
"2026-01-19 02:00:00",42265,1.53,6.01,0.41,0.35,"NAN","NAN","NAN","NAN",2.689
"2026-01-19 02:10:00",42266,0.78,2.99,0.38,0.32,"NAN","NAN","NAN","NAN",2.686
"2026-01-19 02:20:00",42267,1.14,4.44,0.46,0.4,"NAN","NAN","NAN","NAN",2.694
"2026-01-19 02:30:00",42268,1.26,4.94,0.42,0.35,"NAN","NAN","NAN","NAN",2.447
"2026-01-19 02:40:00",42269,1.46,5.72,0.42,0.36,"NAN","NAN","NAN","NAN",2.385
"2026-01-19 02:50:00",42270,1.24,4.84,0.38,0.32,"NAN","NAN","NAN","NAN",2.369
"2026-01-19 03:00:00",42271,0.96,3.71,0.39,0.33,"NAN","NAN","NAN","NAN",2.263
"2026-01-19 03:10:00",42272,1.27,4.95,0.42,0.35,"NAN","NAN","NAN","NAN",2.256
"2026-01-19 03:20:00",42273,1.12,4.36,0.41,0.35,"NAN","NAN","NAN","NAN",2.22
"2026-01-19 03:30:00",42274,1.37,5.36,0.37,0.31,"NAN","NAN","NAN","NAN",2.158
"2026-01-19 03:40:00",42275,1.28,4.99,0.46,0.39,"NAN","NAN","NAN","NAN",2.199
"2026-01-19 03:50:00",42276,1.49,5.85,0.5,0.44,"NAN","NAN","NAN","NAN",2.199
"2026-01-19 04:00:00",42277,0.77,2.93,0.33,0.26,"NAN","NAN","NAN","NAN",2.216
"2026-01-19 04:10:00",42278,1.18,4.62,0.38,0.31,"NAN","NAN","NAN","NAN",2.193
"2026-01-19 04:20:00",42279,0.93,3.59,0.35,0.28,"NAN","NAN","NAN","NAN",2.149
"2026-01-19 04:30:00",42280,0.94,3.64,0.33,0.27,"NAN","NAN","NAN","NAN",2.118
"2026-01-19 04:40:00",42281,0.86,3.33,0.33,0.27,"NAN","NAN","NAN","NAN",2.166
"2026-01-19 04:50:00",42282,1.32,5.16,0.36,0.3,"NAN","NAN","NAN","NAN",2.305
"2026-01-19 05:00:00",42283,0.83,3.2,0.31,0.25,"NAN","NAN","NAN","NAN",2.414
"2026-01-19 05:10:00",42284,0.93,3.61,0.29,0.23,"NAN","NAN","NAN","NAN",2.504
"2026-01-19 05:20:00",42285,0.96,3.71,0.42,0.35,"NAN","NAN","NAN","NAN",2.542
"2026-01-19 05:30:00",42286,1.04,4.05,0.36,0.3,"NAN","NAN","NAN","NAN",2.557
"2026-01-19 05:40:00",42287,0.9,3.46,0.34,0.28,"NAN","NAN","NAN","NAN",2.553
"2026-01-19 05:50:00",42288,1.1,4.3,0.34,0.28,"NAN","NAN","NAN","NAN",2.573
"2026-01-19 06:00:00",42289,1.09,4.23,0.54,0.47,"NAN","NAN","NAN","NAN",2.531
"2026-01-19 06:10:00",42290,0.99,3.84,0.35,0.29,"NAN","NAN","NAN","NAN",2.499
"2026-01-19 06:20:00",42291,1.56,6.13,0.42,0.36,"NAN","NAN","NAN","NAN",2.489
"2026-01-19 06:30:00",42292,1.31,5.13,0.43,0.36,"NAN","NAN","NAN","NAN",2.552
"2026-01-19 06:40:00",42293,1.29,5.04,0.44,0.37,"NAN","NAN","NAN","NAN",2.688
"2026-01-19 06:50:00",42294,0.86,3.33,0.3,0.24,"NAN","NAN","NAN","NAN",2.78
"2026-01-19 07:00:00",42295,2.08,8.24,0.37,0.3,"NAN","NAN","NAN","NAN",2.848
"2026-01-19 07:10:00",42296,1.26,4.92,0.38,0.31,"NAN","NAN","NAN","NAN",2.85
"2026-01-19 07:20:00",42297,1.09,4.24,0.4,0.34,"NAN","NAN","NAN","NAN",2.828
"2026-01-19 07:30:00",42298,1.54,6.07,0.46,0.4,"NAN","NAN","NAN","NAN",2.775
"2026-01-19 07:40:00",42299,1.57,6.18,0.43,0.37,"NAN","NAN","NAN","NAN",2.765
"2026-01-19 07:50:00",42300,1.27,4.96,0.39,0.33,"NAN","NAN","NAN","NAN",2.773
"2026-01-19 08:00:00",42301,1.4,5.49,0.39,0.33,"NAN","NAN","NAN","NAN",2.695
"2026-01-19 08:10:00",42302,1.15,4.48,0.38,0.32,"NAN","NAN","NAN","NAN",2.798
"2026-01-19 08:20:00",42303,1.51,5.93,0.47,0.4,"NAN","NAN","NAN","NAN",2.769
"2026-01-19 08:30:00",42304,1.25,4.86,0.36,0.3,"NAN","NAN","NAN","NAN",2.761
"2026-01-19 08:40:00",42305,1.24,4.83,0.37,0.31,"NAN","NAN","NAN","NAN",2.901
"2026-01-19 08:50:00",42306,1.1,4.28,0.36,0.29,"NAN","NAN","NAN","NAN",3.018
"2026-01-19 09:00:00",42307,1,3.85,0.4,0.34,"NAN","NAN","NAN","NAN",2.872
"2026-01-19 09:10:00",42308,1.06,4.13,0.37,0.31,"NAN","NAN","NAN","NAN",2.859
"2026-01-19 09:20:00",42309,1.13,4.42,0.35,0.29,"NAN","NAN","NAN","NAN",2.874
"2026-01-19 09:30:00",42310,1.11,4.31,0.33,0.27,"NAN","NAN","NAN","NAN",2.934
"2026-01-19 09:40:00",42311,1.03,4.01,0.38,0.31,"NAN","NAN","NAN","NAN",3.015
"2026-01-19 09:50:00",42312,1.02,3.95,0.31,0.25,"NAN","NAN","NAN","NAN",3.04
"2026-01-19 10:00:00",42313,1.16,4.51,0.37,0.31,"NAN","NAN","NAN","NAN",3.078
"2026-01-19 10:10:00",42314,"NAN","NAN","NAN","NAN","NAN","NAN","NAN","NAN","NAN"
"2026-01-19 10:20:00",42315,1.4,5.49,0.43,0.36,"NAN","NAN","NAN","NAN",3.128
"2026-01-19 10:30:00",42316,1.21,4.72,0.37,0.31,"NAN","NAN","NAN","NAN",3.239
"2026-01-19 10:40:00",42317,1.12,4.34,0.39,0.33,"NAN","NAN","NAN","NAN",3.273
"2026-01-19 10:50:00",42318,1.11,4.3,0.37,0.3,"NAN","NAN","NAN","NAN",3.196
"2026-01-19 11:00:00",42319,1.41,5.53,0.36,0.3,"NAN","NAN","NAN","NAN",3.208
"2026-01-19 11:10:00",42320,1.04,4.04,0.36,0.3,"NAN","NAN","NAN","NAN",3.244
"2026-01-19 11:20:00",42321,1.09,4.24,0.3,0.23,"NAN","NAN","NAN","NAN",3.254
"2026-01-19 11:30:00",42322,1.32,5.15,0.37,0.31,"NAN","NAN","NAN","NAN",3.276
"2026-01-19 11:40:00",42323,0.95,3.68,0.36,0.3,"NAN","NAN","NAN","NAN",3.299
"2026-01-19 11:50:00",42324,0.89,3.44,0.32,0.26,"NAN","NAN","NAN","NAN",3.323
"2026-01-19 12:00:00",42325,1.06,4.1,0.39,0.33,"NAN","NAN","NAN","NAN",3.344
"2026-01-19 12:10:00",42326,1.04,4.02,0.35,0.29,"NAN","NAN","NAN","NAN",3.361
"2026-01-19 12:20:00",42327,0.81,3.13,0.3,0.24,"NAN","NAN","NAN","NAN",3.368
"2026-01-19 12:30:00",42328,0.84,3.24,0.31,0.25,"NAN","NAN","NAN","NAN",3.388
"2026-01-19 12:40:00",42329,0.65,2.46,0.41,0.35,"NAN","NAN","NAN","NAN",3.388
"2026-01-19 12:50:00",42330,1.11,4.32,0.34,0.28,"NAN","NAN","NAN","NAN",3.414
"2026-01-19 13:00:00",42331,1.11,4.33,0.34,0.28,"NAN","NAN","NAN","NAN",3.398
"2026-01-19 13:10:00",42332,1.2,4.67,0.36,0.3,"NAN","NAN","NAN","NAN",3.431
"2026-01-19 13:20:00",42333,1.07,4.18,0.36,0.3,"NAN","NAN","NAN","NAN",3.434
"2026-01-19 13:30:00",42334,0.85,3.28,0.3,0.24,"NAN","NAN","NAN","NAN",3.42
"2026-01-19 13:40:00",42335,0.81,3.1,0.29,0.23,"NAN","NAN","NAN","NAN",3.449
"2026-01-19 13:50:00",42336,0.86,3.32,0.32,0.26,"NAN","NAN","NAN","NAN",3.41
"2026-01-19 14:00:00",42337,0.91,3.52,0.32,0.26,"NAN","NAN","NAN","NAN",3.399
"2026-01-19 14:10:00",42338,1.1,4.29,0.35,0.29,"NAN","NAN","NAN","NAN",3.41
"2026-01-19 14:20:00",42339,1.36,5.32,0.34,0.27,"NAN","NAN","NAN","NAN",3.382
"2026-01-19 14:30:00",42340,0.92,3.56,0.35,0.28,"NAN","NAN","NAN","NAN",3.379
"2026-01-19 14:40:00",42341,0.68,2.6,0.33,0.27,"NAN","NAN","NAN","NAN",3.383
"2026-01-19 14:50:00",42342,1.29,5.06,0.32,0.26,"NAN","NAN","NAN","NAN",3.342
"2026-01-19 15:00:00",42343,0.97,3.73,0.32,0.26,"NAN","NAN","NAN","NAN",3.37
"2026-01-19 15:10:00",42344,0.88,3.39,0.28,0.22,"NAN","NAN","NAN","NAN",3.37
"2026-01-19 15:20:00",42345,1.34,5.26,0.35,0.28,"NAN","NAN","NAN","NAN",3.352
"2026-01-19 15:30:00",42346,0.98,3.81,0.33,0.27,"NAN","NAN","NAN","NAN",3.357
"2026-01-19 15:40:00",42347,0.76,2.9,0.29,0.22,"NAN","NAN","NAN","NAN",3.363
"2026-01-19 15:50:00",42348,1.17,4.58,0.33,0.26,"NAN","NAN","NAN","NAN",3.36
"2026-01-19 16:00:00",42349,0.83,3.2,0.29,0.23,"NAN","NAN","NAN","NAN",3.368
"2026-01-19 16:10:00",42350,1.35,5.29,0.35,0.29,"NAN","NAN","NAN","NAN",3.347
"2026-01-19 16:20:00",42351,1.19,4.65,0.3,0.24,"NAN","NAN","NAN","NAN",3.345
"2026-01-19 16:30:00",42352,1.14,4.46,0.34,0.28,"NAN","NAN","NAN","NAN",3.336
"2026-01-19 16:40:00",42353,1.23,4.8,0.4,0.33,"NAN","NAN","NAN","NAN",3.333
"2026-01-19 16:50:00",42354,1.37,5.37,0.34,0.27,"NAN","NAN","NAN","NAN",3.334
"2026-01-19 17:00:00",42355,1.13,4.41,0.39,0.32,"NAN","NAN","NAN","NAN",3.324
"2026-01-19 17:10:00",42356,1.16,4.5,0.34,0.28,"NAN","NAN","NAN","NAN",3.324
"2026-01-19 17:20:00",42357,1.13,4.39,0.34,0.28,"NAN","NAN","NAN","NAN",3.329
"2026-01-19 17:30:00",42358,1.4,5.48,0.4,0.34,"NAN","NAN","NAN","NAN",3.322
"2026-01-19 17:40:00",42359,0.96,3.72,0.33,0.27,"NAN","NAN","NAN","NAN",3.31
"2026-01-19 17:50:00",42360,1.11,4.33,0.36,0.3,"NAN","NAN","NAN","NAN",3.285
"2026-01-19 18:00:00",42361,1.58,6.21,0.39,0.33,"NAN","NAN","NAN","NAN",3.277
"2026-01-19 18:10:00",42362,1,3.88,0.4,0.34,"NAN","NAN","NAN","NAN",3.289
"2026-01-19 18:20:00",42363,1.19,4.66,0.42,0.35,"NAN","NAN","NAN","NAN",3.28
"2026-01-19 18:30:00",42364,1.19,4.62,0.38,0.32,"NAN","NAN","NAN","NAN",3.294
"2026-01-19 18:40:00",42365,1.32,5.17,0.37,0.31,"NAN","NAN","NAN","NAN",3.302
"2026-01-19 18:50:00",42366,1.3,5.1,0.38,0.32,"NAN","NAN","NAN","NAN",3.273
"2026-01-19 19:00:00",42367,"NAN","NAN","NAN","NAN","NAN","NAN","NAN","NAN","NAN"
"2026-01-19 19:10:00",42368,1.3,5.09,0.35,0.29,"NAN","NAN","NAN","NAN",3.262
"2026-01-19 19:20:00",42369,1.2,4.67,0.38,0.32,"NAN","NAN","NAN","NAN",3.273
"2026-01-19 19:30:00",42370,1.1,4.27,0.39,0.33,"NAN","NAN","NAN","NAN",3.256
"2026-01-19 19:40:00",42371,1.25,4.88,0.42,0.36,"NAN","NAN","NAN","NAN",3.269
"2026-01-19 19:50:00",42372,1.27,4.98,0.36,0.29,"NAN","NAN","NAN","NAN",3.246
"2026-01-19 20:00:00",42373,1.25,4.87,0.33,0.27,"NAN","NAN","NAN","NAN",3.24
"2026-01-19 20:10:00",42374,1.17,4.58,0.35,0.29,"NAN","NAN","NAN","NAN",3.244
"2026-01-19 20:20:00",42375,1.05,4.06,0.38,0.31,"NAN","NAN","NAN","NAN",3.198
"2026-01-19 20:30:00",42376,1.6,6.29,0.39,0.32,"NAN","NAN","NAN","NAN",3.182
"2026-01-19 20:40:00",42377,1.05,4.06,0.35,0.29,"NAN","NAN","NAN","NAN",3.172
"2026-01-19 20:50:00",42378,0.94,3.65,0.36,0.3,"NAN","NAN","NAN","NAN",3.179
"2026-01-19 21:00:00",42379,1.06,4.1,0.33,0.26,"NAN","NAN","NAN","NAN",3.159
"2026-01-19 21:10:00",42380,1.14,4.46,0.4,0.34,"NAN","NAN","NAN","NAN",3.182
"2026-01-19 21:20:00",42381,1.37,5.38,0.39,0.32,"NAN","NAN","NAN","NAN",3.208
"2026-01-19 21:30:00",42382,0.99,3.85,0.32,0.26,"NAN","NAN","NAN","NAN",3.234
"2026-01-19 21:40:00",42383,1.19,4.62,0.4,0.33,"NAN","NAN","NAN","NAN",3.225
"2026-01-19 21:50:00",42384,1,3.87,0.31,0.25,"NAN","NAN","NAN","NAN",3.251
"2026-01-19 22:00:00",42385,0.95,3.69,0.3,0.24,"NAN","NAN","NAN","NAN",3.246
"2026-01-19 22:10:00",42386,1.19,4.65,0.41,0.34,"NAN","NAN","NAN","NAN",3.127
"2026-01-19 22:20:00",42387,1.02,3.96,0.36,0.29,"NAN","NAN","NAN","NAN",3.118
"2026-01-19 22:30:00",42388,1.07,4.16,0.37,0.31,"NAN","NAN","NAN","NAN",3.123
"2026-01-19 22:40:00",42389,1.37,5.38,0.39,0.33,"NAN","NAN","NAN","NAN",3.107
"2026-01-19 22:50:00",42390,1.28,4.99,0.33,0.26,"NAN","NAN","NAN","NAN",3.067
"2026-01-19 23:00:00",42391,1.18,4.61,0.34,0.27,"NAN","NAN","NAN","NAN",3.058
"2026-01-19 23:10:00",42392,1.36,5.34,0.39,0.33,"NAN","NAN","NAN","NAN",3.055
"2026-01-19 23:20:00",42393,1.31,5.11,0.39,0.33,"NAN","NAN","NAN","NAN",3.04
"2026-01-19 23:30:00",42394,1.51,5.93,0.4,0.34,"NAN","NAN","NAN","NAN",3.015
"2026-01-19 23:40:00",42395,1.42,5.55,0.39,0.33,"NAN","NAN","NAN","NAN",2.999
"2026-01-19 23:50:00",42396,1.12,4.36,0.45,0.38,"NAN","NAN","NAN","NAN",2.99
"2026-01-20 00:00:00",42397,0.76,2.92,0.3,0.24,"NAN","NAN","NAN","NAN",2.968
"2026-01-20 00:10:00",42398,1.13,4.4,0.34,0.28,"NAN","NAN","NAN","NAN",2.955
"2026-01-20 00:20:00",42399,1.21,4.74,0.38,0.31,"NAN","NAN","NAN","NAN",2.953
"2026-01-20 00:30:00",42400,0.92,3.54,0.28,0.22,"NAN","NAN","NAN","NAN",2.953
"2026-01-20 00:40:00",42401,1.12,4.36,0.38,0.31,"NAN","NAN","NAN","NAN",2.935
"2026-01-20 00:50:00",42402,1.07,4.15,0.41,0.35,"NAN","NAN","NAN","NAN",2.894
"2026-01-20 01:00:00",42403,0.93,3.6,0.35,0.29,"NAN","NAN","NAN","NAN",2.898
"2026-01-20 01:10:00",42404,0.98,3.81,0.35,0.29,"NAN","NAN","NAN","NAN",2.864
"2026-01-20 01:20:00",42405,1.22,4.77,0.37,0.3,"NAN","NAN","NAN","NAN",2.841
"2026-01-20 01:30:00",42406,1.27,4.98,0.41,0.35,"NAN","NAN","NAN","NAN",2.794
"2026-01-20 01:40:00",42407,1.21,4.74,0.37,0.31,"NAN","NAN","NAN","NAN",2.769
"2026-01-20 01:50:00",42408,1.19,4.64,0.35,0.29,"NAN","NAN","NAN","NAN",2.759
"2026-01-20 02:00:00",42409,0.48,1.79,0.25,0.19,"NAN","NAN","NAN","NAN",2.721
"2026-01-20 02:10:00",42410,1.44,5.64,0.47,0.4,"NAN","NAN","NAN","NAN",2.702
"2026-01-20 02:20:00",42411,1.09,4.24,0.36,0.3,"NAN","NAN","NAN","NAN",2.683
"2026-01-20 02:30:00",42412,0.89,3.44,0.3,0.24,"NAN","NAN","NAN","NAN",2.654
"2026-01-20 02:40:00",42413,1.06,4.1,0.35,0.29,"NAN","NAN","NAN","NAN",2.674
"2026-01-20 02:50:00",42414,0.82,3.14,0.33,0.27,"NAN","NAN","NAN","NAN",2.668
"2026-01-20 03:00:00",42415,1.98,7.83,0.44,0.38,"NAN","NAN","NAN","NAN",2.677
"2026-01-20 03:10:00",42416,1.48,5.82,0.43,0.37,"NAN","NAN","NAN","NAN",2.664
"2026-01-20 03:20:00",42417,0.84,3.25,0.35,0.28,"NAN","NAN","NAN","NAN",2.661
"2026-01-20 03:30:00",42418,1,3.89,0.37,0.31,"NAN","NAN","NAN","NAN",2.675
"2026-01-20 03:40:00",42419,1.21,4.72,0.36,0.3,"NAN","NAN","NAN","NAN",2.707
"2026-01-20 03:50:00",42420,"NAN","NAN","NAN","NAN","NAN","NAN","NAN","NAN","NAN"
"2026-01-20 04:00:00",42421,0.94,3.64,0.36,0.3,"NAN","NAN","NAN","NAN",2.814
"2026-01-20 04:10:00",42422,0.96,3.71,0.33,0.27,"NAN","NAN","NAN","NAN",2.837
"2026-01-20 04:20:00",42423,0.96,3.7,0.32,0.26,"NAN","NAN","NAN","NAN",2.84
"2026-01-20 04:30:00",42424,1.1,4.3,0.37,0.31,"NAN","NAN","NAN","NAN",2.725
"2026-01-20 04:40:00",42425,0.72,2.75,0.28,0.22,"NAN","NAN","NAN","NAN",2.77
"2026-01-20 04:50:00",42426,1.1,4.3,0.35,0.29,"NAN","NAN","NAN","NAN",2.826
"2026-01-20 05:00:00",42427,0.92,3.53,0.34,0.27,"NAN","NAN","NAN","NAN",2.946
"2026-01-20 05:10:00",42428,1.15,4.48,0.32,0.26,"NAN","NAN","NAN","NAN",3.104
"2026-01-20 05:20:00",42429,0.58,2.2,0.29,0.23,"NAN","NAN","NAN","NAN",3.134
"2026-01-20 05:30:00",42430,1.24,4.85,0.36,0.3,"NAN","NAN","NAN","NAN",3.167
"2026-01-20 05:40:00",42431,1.54,6.05,0.44,0.37,"NAN","NAN","NAN","NAN",3.168
"2026-01-20 05:50:00",42432,1.42,5.58,0.36,0.3,"NAN","NAN","NAN","NAN",3.165
"2026-01-20 06:00:00",42433,1.07,4.15,0.41,0.34,"NAN","NAN","NAN","NAN",3.162
"2026-01-20 06:10:00",42434,1.11,4.31,0.38,0.31,"NAN","NAN","NAN","NAN",3.155
"2026-01-20 06:20:00",42435,0.93,3.6,0.44,0.38,"NAN","NAN","NAN","NAN",3.134
"2026-01-20 06:30:00",42436,0.93,3.57,0.28,0.22,"NAN","NAN","NAN","NAN",3.122
"2026-01-20 06:40:00",42437,1.39,5.47,0.44,0.38,"NAN","NAN","NAN","NAN",3.137
"2026-01-20 06:50:00",42438,1.05,4.06,0.31,0.25,"NAN","NAN","NAN","NAN",3.149
"2026-01-20 07:00:00",42439,1.14,4.44,0.38,0.32,"NAN","NAN","NAN","NAN",3.133
"2026-01-20 07:10:00",42440,1.04,4.05,0.37,0.31,"NAN","NAN","NAN","NAN",3.132
"2026-01-20 07:20:00",42441,1.39,5.46,0.4,0.34,"NAN","NAN","NAN","NAN",3.13
"2026-01-20 07:30:00",42442,1.38,5.4,0.39,0.33,"NAN","NAN","NAN","NAN",3.123
"2026-01-20 07:40:00",42443,0.84,3.23,0.36,0.3,"NAN","NAN","NAN","NAN",3.114
"2026-01-20 07:50:00",42444,0.86,3.31,0.3,0.24,"NAN","NAN","NAN","NAN",3.114
"2026-01-20 08:00:00",42445,0.73,2.8,0.28,0.22,"NAN","NAN","NAN","NAN",3.118
"2026-01-20 08:10:00",42446,0.58,2.19,0.24,0.19,"NAN","NAN","NAN","NAN",3.112
"2026-01-20 08:20:00",42447,0.55,2.06,0.29,0.23,"NAN","NAN","NAN","NAN",3.101
"2026-01-20 08:30:00",42448,0.66,2.49,0.25,0.19,"NAN","NAN","NAN","NAN",3.046
"2026-01-20 08:40:00",42449,0.93,3.59,0.27,0.21,"NAN","NAN","NAN","NAN",3.034
"2026-01-20 08:50:00",42450,1.06,4.14,0.32,0.26,"NAN","NAN","NAN","NAN",3.021
"2026-01-20 09:00:00",42451,0.8,3.09,0.29,0.23,"NAN","NAN","NAN","NAN",2.932
"2026-01-20 09:10:00",42452,1.21,4.73,0.37,0.3,"NAN","NAN","NAN","NAN",2.55
"2026-01-20 09:20:00",42453,2.14,8.46,0.41,0.34,"NAN","NAN","NAN","NAN",2.373
"2026-01-20 09:30:00",42454,0.78,2.97,0.3,0.24,"NAN","NAN","NAN","NAN",2.353
"2026-01-20 09:40:00",42455,0.86,3.32,0.33,0.27,"NAN","NAN","NAN","NAN",2.257
"2026-01-20 09:50:00",42456,1.13,4.41,0.35,0.29,"NAN","NAN","NAN","NAN",2.191
"2026-01-20 10:00:00",42457,1.13,4.39,0.35,0.28,"NAN","NAN","NAN","NAN",2.172
"2026-01-20 10:10:00",42458,1.02,3.97,0.35,0.28,"NAN","NAN","NAN","NAN",2.128
"2026-01-20 10:20:00",42459,0.66,2.5,0.27,0.21,"NAN","NAN","NAN","NAN",2.015
"2026-01-20 10:30:00",42460,0.7,2.66,0.34,0.27,"NAN","NAN","NAN","NAN",2.022
"2026-01-20 10:40:00",42461,0.62,2.36,0.3,0.24,"NAN","NAN","NAN","NAN",2.058
"2026-01-20 10:50:00",42462,0.66,2.49,0.27,0.2,"NAN","NAN","NAN","NAN",2.185
"2026-01-20 11:00:00",42463,1.3,5.07,0.32,0.26,"NAN","NAN","NAN","NAN",2.201
"2026-01-20 11:10:00",42464,0.62,2.34,0.25,0.19,"NAN","NAN","NAN","NAN",2.343
"2026-01-20 11:20:00",42465,1.02,3.94,0.34,0.28,"NAN","NAN","NAN","NAN",2.371
"2026-01-20 11:30:00",42466,1.12,4.35,0.32,0.25,"NAN","NAN","NAN","NAN",2.377
"2026-01-20 11:40:00",42467,0.92,3.56,0.31,0.25,"NAN","NAN","NAN","NAN",2.418
"2026-01-20 11:50:00",42468,0.99,3.84,0.29,0.23,"NAN","NAN","NAN","NAN",2.469
"2026-01-20 12:00:00",42469,1.17,4.58,0.35,0.29,"NAN","NAN","NAN","NAN",2.468
"2026-01-20 12:10:00",42470,0.81,3.1,0.32,0.25,"NAN","NAN","NAN","NAN",2.461
"2026-01-20 12:20:00",42471,0.64,2.41,0.27,0.21,"NAN","NAN","NAN","NAN",2.484
"2026-01-20 12:30:00",42472,0.64,2.43,0.28,0.22,"NAN","NAN","NAN","NAN",2.491
"2026-01-20 12:40:00",42473,"NAN","NAN","NAN","NAN","NAN","NAN","NAN","NAN","NAN"
"2026-01-20 12:50:00",42474,1.13,4.39,0.32,0.25,"NAN","NAN","NAN","NAN",2.784
"2026-01-20 13:00:00",42475,0.7,2.68,0.26,0.2,"NAN","NAN","NAN","NAN",2.894
"2026-01-20 13:10:00",42476,0.73,2.8,0.22,0.16,"NAN","NAN","NAN","NAN",2.931
"2026-01-20 13:20:00",42477,0.96,3.71,0.28,0.22,"NAN","NAN","NAN","NAN",2.903
"2026-01-20 13:30:00",42478,0.83,3.18,0.3,0.24,"NAN","NAN","NAN","NAN",2.817
"2026-01-20 13:40:00",42479,0.88,3.4,0.3,0.24,"NAN","NAN","NAN","NAN",2.845
"2026-01-20 13:50:00",42480,0.59,2.23,0.23,0.17,"NAN","NAN","NAN","NAN",2.914
"2026-01-20 14:00:00",42481,0.81,3.12,0.32,0.26,"NAN","NAN","NAN","NAN",2.961
"2026-01-20 14:10:00",42482,0.82,3.14,0.25,0.19,"NAN","NAN","NAN","NAN",2.984
"2026-01-20 14:20:00",42483,0.83,3.19,0.34,0.27,"NAN","NAN","NAN","NAN",2.995
"2026-01-20 14:30:00",42484,0.92,3.57,0.36,0.29,"NAN","NAN","NAN","NAN",3.024
"2026-01-20 14:40:00",42485,0.71,2.71,0.29,0.23,"NAN","NAN","NAN","NAN",3.025
"2026-01-20 14:50:00",42486,0.92,3.56,0.3,0.23,"NAN","NAN","NAN","NAN",3.002
"2026-01-20 15:00:00",42487,0.97,3.76,0.33,0.27,"NAN","NAN","NAN","NAN",2.963
"2026-01-20 15:10:00",42488,0.82,3.14,0.3,0.24,"NAN","NAN","NAN","NAN",2.992
"2026-01-20 15:20:00",42489,1.28,4.99,0.32,0.26,"NAN","NAN","NAN","NAN",3.025
"2026-01-20 15:30:00",42490,0.71,2.71,0.27,0.21,"NAN","NAN","NAN","NAN",3.068
"2026-01-20 15:40:00",42491,0.96,3.73,0.34,0.28,"NAN","NAN","NAN","NAN",3.048
"2026-01-20 15:50:00",42492,1.11,4.31,0.31,0.24,"NAN","NAN","NAN","NAN",3.025
"2026-01-20 16:00:00",42493,0.82,3.15,0.26,0.2,"NAN","NAN","NAN","NAN",3.02
"2026-01-20 16:10:00",42494,0.85,3.25,0.3,0.24,"NAN","NAN","NAN","NAN",2.996
"2026-01-20 16:20:00",42495,0.71,2.72,0.31,0.24,"NAN","NAN","NAN","NAN",3.006
"2026-01-20 16:30:00",42496,0.87,3.36,0.34,0.28,"NAN","NAN","NAN","NAN",2.957
"2026-01-20 16:40:00",42497,0.89,3.44,0.32,0.26,"NAN","NAN","NAN","NAN",2.936
"2026-01-20 16:50:00",42498,1.4,5.48,0.4,0.34,"NAN","NAN","NAN","NAN",2.904
"2026-01-20 17:00:00",42499,0.98,3.79,0.36,0.3,"NAN","NAN","NAN","NAN",2.87
"2026-01-20 17:10:00",42500,0.97,3.74,0.35,0.29,"NAN","NAN","NAN","NAN",2.859
"2026-01-20 17:20:00",42501,1.02,3.95,0.37,0.31,"NAN","NAN","NAN","NAN",2.837
"2026-01-20 17:30:00",42502,1.17,4.56,0.37,0.3,"NAN","NAN","NAN","NAN",2.806
"2026-01-20 17:40:00",42503,0.73,2.79,0.32,0.25,"NAN","NAN","NAN","NAN",2.772
"2026-01-20 17:50:00",42504,1.89,7.45,0.44,0.38,"NAN","NAN","NAN","NAN",2.768
"2026-01-20 18:00:00",42505,2.19,8.689999,0.42,0.35,"NAN","NAN","NAN","NAN",2.76
"2026-01-20 18:10:00",42506,1.25,4.89,0.4,0.33,"NAN","NAN","NAN","NAN",2.741
"2026-01-20 18:20:00",42507,2.67,10.62,0.39,0.33,"NAN","NAN","NAN","NAN",2.724
"2026-01-20 18:30:00",42508,1.02,3.94,0.41,0.34,"NAN","NAN","NAN","NAN",2.705
"2026-01-20 18:40:00",42509,0.73,2.77,0.26,0.2,"NAN","NAN","NAN","NAN",2.697
"2026-01-20 18:50:00",42510,0.87,3.36,0.34,0.28,"NAN","NAN","NAN","NAN",2.664
"2026-01-20 19:00:00",42511,1.01,3.93,0.33,0.27,"NAN","NAN","NAN","NAN",2.621
"2026-01-20 19:10:00",42512,0.66,2.51,0.28,0.21,"NAN","NAN","NAN","NAN",2.594
"2026-01-20 19:20:00",42513,0.87,3.36,0.31,0.25,"NAN","NAN","NAN","NAN",2.549
"2026-01-20 19:30:00",42514,0.95,3.67,0.28,0.22,"NAN","NAN","NAN","NAN",2.48
"2026-01-20 19:40:00",42515,0.51,1.91,0.21,0.15,"NAN","NAN","NAN","NAN",2.447
"2026-01-20 19:50:00",42516,0.95,3.67,0.29,0.23,"NAN","NAN","NAN","NAN",2.396
"2026-01-20 20:00:00",42517,1.33,5.21,0.47,0.41,"NAN","NAN","NAN","NAN",2.331
"2026-01-20 20:10:00",42518,0.71,2.72,0.35,0.28,"NAN","NAN","NAN","NAN",2.25
"2026-01-20 20:20:00",42519,0.78,2.97,0.28,0.21,"NAN","NAN","NAN","NAN",2.145
"2026-01-20 20:30:00",42520,0.66,2.49,0.3,0.24,"NAN","NAN","NAN","NAN",2.105
"2026-01-20 20:40:00",42521,0.86,3.32,0.32,0.26,"NAN","NAN","NAN","NAN",2.058
"2026-01-20 20:50:00",42522,0.86,3.31,0.32,0.26,"NAN","NAN","NAN","NAN",2.036
"2026-01-20 21:00:00",42523,2.01,7.96,0.32,0.26,"NAN","NAN","NAN","NAN",2.032
"2026-01-20 21:10:00",42524,0.67,2.54,0.28,0.22,"NAN","NAN","NAN","NAN",2.031
"2026-01-20 21:20:00",42525,0.36,1.29,0.27,0.21,"NAN","NAN","NAN","NAN",2.004
"2026-01-20 21:30:00",42526,"NAN","NAN","NAN","NAN","NAN","NAN","NAN","NAN","NAN"
"2026-01-20 21:40:00",42527,0.7,2.66,0.27,0.21,"NAN","NAN","NAN","NAN",1.973
"2026-01-20 21:50:00",42528,1.17,4.55,0.36,0.3,"NAN","NAN","NAN","NAN",1.949
"2026-01-20 22:00:00",42529,0.72,2.75,0.29,0.23,"NAN","NAN","NAN","NAN",1.933
"2026-01-20 22:10:00",42530,0.63,2.39,0.26,0.2,"NAN","NAN","NAN","NAN",1.935
"2026-01-20 22:20:00",42531,0.66,2.52,0.33,0.27,"NAN","NAN","NAN","NAN",1.924
"2026-01-20 22:30:00",42532,0.63,2.36,0.31,0.25,"NAN","NAN","NAN","NAN",1.933
"2026-01-20 22:40:00",42533,0.84,3.21,0.37,0.31,"NAN","NAN","NAN","NAN",1.926
"2026-01-20 22:50:00",42534,0.72,2.74,0.25,0.19,"NAN","NAN","NAN","NAN",1.919
"2026-01-20 23:00:00",42535,0.68,2.56,0.31,0.25,"NAN","NAN","NAN","NAN",1.94
"2026-01-20 23:10:00",42536,0.59,2.21,0.26,0.2,"NAN","NAN","NAN","NAN",2.043
"2026-01-20 23:20:00",42537,0.87,3.36,0.3,0.24,"NAN","NAN","NAN","NAN",2.106
"2026-01-20 23:30:00",42538,0.86,3.33,0.31,0.25,"NAN","NAN","NAN","NAN",2.141
"2026-01-20 23:40:00",42539,1.05,4.08,0.32,0.26,"NAN","NAN","NAN","NAN",2.152
"2026-01-20 23:50:00",42540,0.76,2.92,0.25,0.19,"NAN","NAN","NAN","NAN",2.16
"2026-01-21 00:00:00",42541,0.43,1.58,0.25,0.19,"NAN","NAN","NAN","NAN",2.182
"2026-01-21 00:10:00",42542,1.26,4.92,0.31,0.24,"NAN","NAN","NAN","NAN",2.326
"2026-01-21 00:20:00",42543,0.91,3.5,0.32,0.26,"NAN","NAN","NAN","NAN",2.375
"2026-01-21 00:30:00",42544,0.8,3.07,0.32,0.26,"NAN","NAN","NAN","NAN",2.418
"2026-01-21 00:40:00",42545,0.82,3.13,0.31,0.25,"NAN","NAN","NAN","NAN",2.454
"2026-01-21 00:50:00",42546,1.96,7.75,0.58,0.51,"NAN","NAN","NAN","NAN",2.505
"2026-01-21 01:00:00",42547,0.81,3.11,0.32,0.25,"NAN","NAN","NAN","NAN",2.575
"2026-01-21 01:10:00",42548,0.72,2.73,0.34,0.28,"NAN","NAN","NAN","NAN",2.612
"2026-01-21 01:20:00",42549,0.76,2.91,0.29,0.23,"NAN","NAN","NAN","NAN",2.63
"2026-01-21 01:30:00",42550,1.18,4.58,0.34,0.28,"NAN","NAN","NAN","NAN",2.619
"2026-01-21 01:40:00",42551,0.67,2.55,0.3,0.24,"NAN","NAN","NAN","NAN",2.594
"2026-01-21 01:50:00",42552,1.42,5.59,0.37,0.31,"NAN","NAN","NAN","NAN",2.58
"2026-01-21 02:00:00",42553,1.85,7.3,0.44,0.37,"NAN","NAN","NAN","NAN",2.582
"2026-01-21 02:10:00",42554,0.81,3.09,0.36,0.3,"NAN","NAN","NAN","NAN",2.426
"2026-01-21 02:20:00",42555,2.25,8.93,0.48,0.41,"NAN","NAN","NAN","NAN",2.345
"2026-01-21 02:30:00",42556,0.48,1.79,0.28,0.22,"NAN","NAN","NAN","NAN",2.276
"2026-01-21 02:40:00",42557,1.37,5.36,0.4,0.33,"NAN","NAN","NAN","NAN",2.248
"2026-01-21 02:50:00",42558,1.2,4.68,0.33,0.27,"NAN","NAN","NAN","NAN",2.269
"2026-01-21 03:00:00",42559,0.88,3.39,0.27,0.21,"NAN","NAN","NAN","NAN",2.289
"2026-01-21 03:10:00",42560,0.37,1.34,0.22,0.17,"NAN","NAN","NAN","NAN",2.264
"2026-01-21 03:20:00",42561,0.63,2.36,0.29,0.23,"NAN","NAN","NAN","NAN",2.244
"2026-01-21 03:30:00",42562,0.71,2.69,0.32,0.25,"NAN","NAN","NAN","NAN",2.176
"2026-01-21 03:40:00",42563,1.42,5.57,0.32,0.25,"NAN","NAN","NAN","NAN",2.199
"2026-01-21 03:50:00",42564,0.84,3.24,0.32,0.26,"NAN","NAN","NAN","NAN",2.262
"2026-01-21 04:00:00",42565,1.09,4.23,0.3,0.24,"NAN","NAN","NAN","NAN",2.384
"2026-01-21 04:10:00",42566,0.98,3.79,0.29,0.23,"NAN","NAN","NAN","NAN",2.401
"2026-01-21 04:20:00",42567,0.4,1.45,0.26,0.2,"NAN","NAN","NAN","NAN",2.409
"2026-01-21 04:30:00",42568,1.01,3.9,0.26,0.2,"NAN","NAN","NAN","NAN",2.419
"2026-01-21 04:40:00",42569,1.25,4.87,0.34,0.27,"NAN","NAN","NAN","NAN",2.46
"2026-01-21 04:50:00",42570,0.89,3.42,0.32,0.25,"NAN","NAN","NAN","NAN",2.465
"2026-01-21 05:00:00",42571,0.31,1.1,0.24,0.18,"NAN","NAN","NAN","NAN",2.443
"2026-01-21 05:10:00",42572,0.36,1.31,0.26,0.2,"NAN","NAN","NAN","NAN",2.45
"2026-01-21 05:20:00",42573,0.54,2.04,0.24,0.18,"NAN","NAN","NAN","NAN",2.472
"2026-01-21 05:30:00",42574,1.78,7.01,0.45,0.39,"NAN","NAN","NAN","NAN",2.526
"2026-01-21 05:40:00",42575,0.83,3.18,0.45,0.39,"NAN","NAN","NAN","NAN",2.546
"2026-01-21 05:50:00",42576,0.95,3.68,0.32,0.26,"NAN","NAN","NAN","NAN",2.563
"2026-01-21 06:00:00",42577,0.76,2.89,0.28,0.22,"NAN","NAN","NAN","NAN",2.572
"2026-01-21 06:10:00",42578,1.42,5.56,0.38,0.32,"NAN","NAN","NAN","NAN",2.571
"2026-01-21 06:20:00",42579,"NAN","NAN","NAN","NAN","NAN","NAN","NAN","NAN","NAN"
"2026-01-21 06:30:00",42580,0.59,2.22,0.24,0.18,"NAN","NAN","NAN","NAN",2.578
"2026-01-21 06:40:00",42581,0.54,2.01,0.24,0.19,"NAN","NAN","NAN","NAN",2.584
"2026-01-21 06:50:00",42582,0.77,2.93,0.31,0.24,"NAN","NAN","NAN","NAN",2.581
"2026-01-21 07:00:00",42583,0.54,2,0.25,0.19,"NAN","NAN","NAN","NAN",2.582
"2026-01-21 07:10:00",42584,0.57,2.15,0.23,0.17,"NAN","NAN","NAN","NAN",2.586
"2026-01-21 07:20:00",42585,0.82,3.14,0.35,0.29,"NAN","NAN","NAN","NAN",2.596
"2026-01-21 07:30:00",42586,1.08,4.18,0.35,0.28,"NAN","NAN","NAN","NAN",2.551
"2026-01-21 07:40:00",42587,0.79,3.02,0.3,0.24,"NAN","NAN","NAN","NAN",2.524
"2026-01-21 07:50:00",42588,1.4,5.5,0.47,0.4,"NAN","NAN","NAN","NAN",2.507
"2026-01-21 08:00:00",42589,0.77,2.94,0.32,0.25,"NAN","NAN","NAN","NAN",2.493
"2026-01-21 08:10:00",42590,0.83,3.17,0.27,0.21,"NAN","NAN","NAN","NAN",2.494
"2026-01-21 08:20:00",42591,0.55,2.08,0.22,0.16,"NAN","NAN","NAN","NAN",2.491
"2026-01-21 08:30:00",42592,0.61,2.32,0.26,0.2,"NAN","NAN","NAN","NAN",2.479
"2026-01-21 08:40:00",42593,0.37,1.35,0.22,0.16,"NAN","NAN","NAN","NAN",2.472
"2026-01-21 08:50:00",42594,0.61,2.28,0.27,0.21,"NAN","NAN","NAN","NAN",2.478
"2026-01-21 09:00:00",42595,0.52,1.92,0.26,0.2,"NAN","NAN","NAN","NAN",2.492
"2026-01-21 09:10:00",42596,1.13,4.4,0.36,0.3,"NAN","NAN","NAN","NAN",2.52
"2026-01-21 09:20:00",42597,0.49,1.8,0.22,0.16,"NAN","NAN","NAN","NAN",2.528
"2026-01-21 09:30:00",42598,1,3.87,0.23,0.17,"NAN","NAN","NAN","NAN",2.538
"2026-01-21 09:40:00",42599,1.05,4.07,0.28,0.22,"NAN","NAN","NAN","NAN",2.558
"2026-01-21 09:50:00",42600,0.93,3.6,0.29,0.23,"NAN","NAN","NAN","NAN",2.573
"2026-01-21 10:00:00",42601,1.21,4.71,0.3,0.24,"NAN","NAN","NAN","NAN",2.602
"2026-01-21 10:10:00",42602,1.45,5.7,0.38,0.31,"NAN","NAN","NAN","NAN",2.623
"2026-01-21 10:20:00",42603,2.02,8.01,0.57,0.5,"NAN","NAN","NAN","NAN",2.664
"2026-01-21 10:30:00",42604,0.97,3.76,0.29,0.23,"NAN","NAN","NAN","NAN",2.663
"2026-01-21 10:40:00",42605,0.49,1.8,0.32,0.26,"NAN","NAN","NAN","NAN",2.646
"2026-01-21 10:50:00",42606,0.64,2.44,0.25,0.19,"NAN","NAN","NAN","NAN",2.636
"2026-01-21 11:00:00",42607,1.44,5.66,0.26,0.2,"NAN","NAN","NAN","NAN",2.643
"2026-01-21 11:10:00",42608,0.78,3.01,0.25,0.19,"NAN","NAN","NAN","NAN",2.647
"2026-01-21 11:20:00",42609,0.65,2.46,0.24,0.18,"NAN","NAN","NAN","NAN",2.644
"2026-01-21 11:30:00",42610,0.53,1.96,0.21,0.15,"NAN","NAN","NAN","NAN",2.649
"2026-01-21 11:40:00",42611,0.86,3.32,0.25,0.19,"NAN","NAN","NAN","NAN",2.659
"2026-01-21 11:50:00",42612,0.99,3.83,0.26,0.2,"NAN","NAN","NAN","NAN",2.674
"2026-01-21 12:00:00",42613,0.66,2.51,0.24,0.18,"NAN","NAN","NAN","NAN",2.695
"2026-01-21 12:10:00",42614,0.48,1.76,0.22,0.16,"NAN","NAN","NAN","NAN",2.715
"2026-01-21 12:20:00",42615,1,3.86,0.26,0.2,"NAN","NAN","NAN","NAN",2.737
"2026-01-21 12:30:00",42616,0.5,1.85,0.21,0.15,"NAN","NAN","NAN","NAN",2.765
"2026-01-21 12:40:00",42617,0.65,2.45,0.24,0.18,"NAN","NAN","NAN","NAN",2.791
"2026-01-21 12:50:00",42618,0.46,1.68,0.24,0.18,"NAN","NAN","NAN","NAN",2.797
"2026-01-21 13:00:00",42619,0.45,1.66,0.22,0.16,"NAN","NAN","NAN","NAN",2.799
"2026-01-21 13:10:00",42620,0.41,1.5,0.21,0.15,"NAN","NAN","NAN","NAN",2.801
"2026-01-21 13:20:00",42621,0.24,0.81,0.21,0.15,"NAN","NAN","NAN","NAN",2.778
"2026-01-21 13:30:00",42622,0.77,2.96,0.24,0.18,"NAN","NAN","NAN","NAN",2.779
"2026-01-21 13:40:00",42623,0.61,2.3,0.24,0.18,"NAN","NAN","NAN","NAN",2.805
"2026-01-21 13:50:00",42624,0.45,1.66,0.25,0.19,"NAN","NAN","NAN","NAN",2.829
"2026-01-21 14:00:00",42625,0.45,1.66,0.23,0.17,"NAN","NAN","NAN","NAN",2.827
"2026-01-21 14:10:00",42626,0.78,2.97,0.27,0.21,"NAN","NAN","NAN","NAN",2.826
"2026-01-21 14:20:00",42627,1.07,4.15,0.3,0.24,"NAN","NAN","NAN","NAN",2.825
"2026-01-21 14:30:00",42628,0.65,2.46,0.28,0.22,"NAN","NAN","NAN","NAN",2.83
"2026-01-21 14:40:00",42629,0.48,1.76,0.22,0.16,"NAN","NAN","NAN","NAN",2.828
"2026-01-21 14:50:00",42630,0.86,3.31,0.36,0.3,"NAN","NAN","NAN","NAN",2.829
"2026-01-21 15:00:00",42631,0.49,1.8,0.26,0.19,"NAN","NAN","NAN","NAN",2.824
"2026-01-21 15:10:00",42632,"NAN","NAN","NAN","NAN","NAN","NAN","NAN","NAN","NAN"
"2026-01-21 15:20:00",42633,0.42,1.54,0.24,0.18,"NAN","NAN","NAN","NAN",2.843
"2026-01-21 15:30:00",42634,0.74,2.82,0.25,0.19,"NAN","NAN","NAN","NAN",2.846
"2026-01-21 15:40:00",42635,0.66,2.5,0.28,0.22,"NAN","NAN","NAN","NAN",2.85
"2026-01-21 15:50:00",42636,0.33,1.16,0.23,0.17,"NAN","NAN","NAN","NAN",2.848
"2026-01-21 16:00:00",42637,0.9,3.49,0.26,0.2,"NAN","NAN","NAN","NAN",2.841
"2026-01-21 16:10:00",42638,0.71,2.69,0.26,0.2,"NAN","NAN","NAN","NAN",2.841
"2026-01-21 16:20:00",42639,0.34,1.2,0.26,0.2,"NAN","NAN","NAN","NAN",2.841
"2026-01-21 16:30:00",42640,0.85,3.27,0.28,0.22,"NAN","NAN","NAN","NAN",2.836
"2026-01-21 16:40:00",42641,0.52,1.94,0.25,0.19,"NAN","NAN","NAN","NAN",2.828
"2026-01-21 16:50:00",42642,0.52,1.96,0.22,0.16,"NAN","NAN","NAN","NAN",2.821
"2026-01-21 17:00:00",42643,0.48,1.77,0.22,0.16,"NAN","NAN","NAN","NAN",2.815
"2026-01-21 17:10:00",42644,0.56,2.09,0.25,0.19,"NAN","NAN","NAN","NAN",2.816
"2026-01-21 17:20:00",42645,0.38,1.35,0.25,0.19,"NAN","NAN","NAN","NAN",2.813
"2026-01-21 17:30:00",42646,0.44,1.62,0.22,0.17,"NAN","NAN","NAN","NAN",2.808
"2026-01-21 17:40:00",42647,0.35,1.24,0.23,0.17,"NAN","NAN","NAN","NAN",2.808
"2026-01-21 17:50:00",42648,1.36,5.34,0.28,0.22,"NAN","NAN","NAN","NAN",2.796
"2026-01-21 18:00:00",42649,0.9,3.47,0.3,0.24,"NAN","NAN","NAN","NAN",2.804
"2026-01-21 18:10:00",42650,0.89,3.44,0.33,0.27,"NAN","NAN","NAN","NAN",2.803
"2026-01-21 18:20:00",42651,0.62,2.35,0.34,0.28,"NAN","NAN","NAN","NAN",2.8
"2026-01-21 18:30:00",42652,1.04,4.05,0.34,0.28,"NAN","NAN","NAN","NAN",2.799
"2026-01-21 18:40:00",42653,0.68,2.57,0.25,0.19,"NAN","NAN","NAN","NAN",2.798
"2026-01-21 18:50:00",42654,0.9,3.47,0.29,0.23,"NAN","NAN","NAN","NAN",2.806
"2026-01-21 19:00:00",42655,0.59,2.23,0.25,0.19,"NAN","NAN","NAN","NAN",2.802
"2026-01-21 19:10:00",42656,1.2,4.7,0.3,0.24,"NAN","NAN","NAN","NAN",2.804
"2026-01-21 19:20:00",42657,0.64,2.42,0.29,0.23,"NAN","NAN","NAN","NAN",2.805
"2026-01-21 19:30:00",42658,0.61,2.3,0.24,0.18,"NAN","NAN","NAN","NAN",2.806
"2026-01-21 19:40:00",42659,0.62,2.36,0.3,0.24,"NAN","NAN","NAN","NAN",2.808
"2026-01-21 19:50:00",42660,0.85,3.26,0.27,0.21,"NAN","NAN","NAN","NAN",2.81
"2026-01-21 20:00:00",42661,0.96,3.72,0.26,0.2,"NAN","NAN","NAN","NAN",2.808
"2026-01-21 20:10:00",42662,0.73,2.79,0.31,0.25,"NAN","NAN","NAN","NAN",2.805
"2026-01-21 20:20:00",42663,0.91,3.53,0.31,0.25,"NAN","NAN","NAN","NAN",2.806
"2026-01-21 20:30:00",42664,2.06,8.15,0.39,0.33,"NAN","NAN","NAN","NAN",2.802
"2026-01-21 20:40:00",42665,0.67,2.54,0.26,0.2,"NAN","NAN","NAN","NAN",2.811
"2026-01-21 20:50:00",42666,1.23,4.79,0.34,0.28,"NAN","NAN","NAN","NAN",2.808
"2026-01-21 21:00:00",42667,1.39,5.43,0.38,0.32,"NAN","NAN","NAN","NAN",2.807
"2026-01-21 21:10:00",42668,1,3.86,0.27,0.21,"NAN","NAN","NAN","NAN",2.8
"2026-01-21 21:20:00",42669,0.42,1.52,0.29,0.23,"NAN","NAN","NAN","NAN",2.799
"2026-01-21 21:30:00",42670,1.16,4.53,0.43,0.36,"NAN","NAN","NAN","NAN",2.8
"2026-01-21 21:40:00",42671,1.01,3.92,0.3,0.24,"NAN","NAN","NAN","NAN",2.801
"2026-01-21 21:50:00",42672,1.11,4.33,0.3,0.24,"NAN","NAN","NAN","NAN",2.8
"2026-01-21 22:00:00",42673,1.01,3.92,0.32,0.26,"NAN","NAN","NAN","NAN",2.797
"2026-01-21 22:10:00",42674,0.79,3.03,0.32,0.26,"NAN","NAN","NAN","NAN",2.793
"2026-01-21 22:20:00",42675,1.16,4.53,0.29,0.22,"NAN","NAN","NAN","NAN",2.798
"2026-01-21 22:30:00",42676,1.15,4.48,0.34,0.27,"NAN","NAN","NAN","NAN",2.798
"2026-01-21 22:40:00",42677,0.79,3.03,0.34,0.28,"NAN","NAN","NAN","NAN",2.795
"2026-01-21 22:50:00",42678,1.35,5.28,0.35,0.29,"NAN","NAN","NAN","NAN",2.792
"2026-01-21 23:00:00",42679,0.76,2.9,0.27,0.21,"NAN","NAN","NAN","NAN",2.79
"2026-01-21 23:10:00",42680,0.72,2.75,0.28,0.22,"NAN","NAN","NAN","NAN",2.801
"2026-01-21 23:20:00",42681,0.76,2.92,0.34,0.27,"NAN","NAN","NAN","NAN",2.802
"2026-01-21 23:30:00",42682,0.95,3.69,0.38,0.32,"NAN","NAN","NAN","NAN",2.791
"2026-01-21 23:40:00",42683,2.44,9.7,0.42,0.35,"NAN","NAN","NAN","NAN",2.788
"2026-01-21 23:50:00",42684,0.65,2.47,0.29,0.23,"NAN","NAN","NAN","NAN",2.787
"2026-01-22 00:00:00",42685,"NAN","NAN","NAN","NAN","NAN","NAN","NAN","NAN","NAN"
"2026-01-22 00:10:00",42686,0.98,3.81,0.25,0.19,"NAN","NAN","NAN","NAN",2.791
"2026-01-22 00:20:00",42687,0.62,2.33,0.53,0.47,"NAN","NAN","NAN","NAN",2.79
"2026-01-22 00:30:00",42688,2.24,8.87,0.45,0.39,"NAN","NAN","NAN","NAN",2.791
"2026-01-22 00:40:00",42689,1.01,3.91,0.34,0.28,"NAN","NAN","NAN","NAN",2.789
"2026-01-22 00:50:00",42690,0.77,2.96,0.3,0.24,"NAN","NAN","NAN","NAN",2.787
"2026-01-22 01:00:00",42691,0.45,1.67,0.24,0.18,"NAN","NAN","NAN","NAN",2.794
"2026-01-22 01:10:00",42692,1.17,4.58,0.34,0.28,"NAN","NAN","NAN","NAN",2.789
"2026-01-22 01:20:00",42693,0.99,3.85,0.3,0.24,"NAN","NAN","NAN","NAN",2.789
"2026-01-22 01:30:00",42694,0.76,2.9,0.31,0.25,"NAN","NAN","NAN","NAN",2.788
"2026-01-22 01:40:00",42695,0.56,2.09,0.28,0.22,"NAN","NAN","NAN","NAN",2.787
"2026-01-22 01:50:00",42696,0.77,2.97,0.35,0.28,"NAN","NAN","NAN","NAN",2.805
"2026-01-22 02:00:00",42697,0.96,3.71,0.45,0.39,"NAN","NAN","NAN","NAN",2.802
"2026-01-22 02:10:00",42698,0.51,1.91,0.27,0.21,"NAN","NAN","NAN","NAN",2.789
"2026-01-22 02:20:00",42699,1.38,5.39,0.28,0.22,"NAN","NAN","NAN","NAN",2.786
"2026-01-22 02:30:00",42700,1.04,4.05,0.29,0.23,"NAN","NAN","NAN","NAN",2.778
"2026-01-22 02:40:00",42701,1.55,6.09,0.37,0.31,"NAN","NAN","NAN","NAN",2.773
"2026-01-22 02:50:00",42702,0.83,3.17,0.29,0.23,"NAN","NAN","NAN","NAN",2.783
"2026-01-22 03:00:00",42703,1.29,5.05,0.31,0.25,"NAN","NAN","NAN","NAN",2.785
"2026-01-22 03:10:00",42704,2.09,8.270001,0.32,0.26,"NAN","NAN","NAN","NAN",2.77
"2026-01-22 03:20:00",42705,0.54,2.02,0.21,0.15,"NAN","NAN","NAN","NAN",2.764
"2026-01-22 03:30:00",42706,1.31,5.13,0.31,0.25,"NAN","NAN","NAN","NAN",2.754
"2026-01-22 03:40:00",42707,1.31,5.11,0.31,0.25,"NAN","NAN","NAN","NAN",2.762
"2026-01-22 03:50:00",42708,0.6,2.25,0.26,0.2,"NAN","NAN","NAN","NAN",2.761
"2026-01-22 04:00:00",42709,0.79,3.03,0.24,0.18,"NAN","NAN","NAN","NAN",2.767
"2026-01-22 04:10:00",42710,1.05,4.08,0.3,0.24,"NAN","NAN","NAN","NAN",2.769
"2026-01-22 04:20:00",42711,0.64,2.41,0.25,0.19,"NAN","NAN","NAN","NAN",2.772
"2026-01-22 04:30:00",42712,2.03,8.020001,0.37,0.31,"NAN","NAN","NAN","NAN",2.779
"2026-01-22 04:40:00",42713,1.53,6,0.35,0.29,"NAN","NAN","NAN","NAN",2.779
"2026-01-22 04:50:00",42714,0.8,3.05,0.25,0.19,"NAN","NAN","NAN","NAN",2.78
"2026-01-22 05:00:00",42715,0.74,2.82,0.3,0.24,"NAN","NAN","NAN","NAN",2.777
"2026-01-22 05:10:00",42716,1.16,4.52,0.32,0.26,"NAN","NAN","NAN","NAN",2.785
"2026-01-22 05:20:00",42717,1.04,4.04,0.32,0.26,"NAN","NAN","NAN","NAN",2.787
"2026-01-22 05:30:00",42718,0.53,1.96,0.29,0.23,"NAN","NAN","NAN","NAN",2.795
"2026-01-22 05:40:00",42719,1.07,4.14,0.33,0.27,"NAN","NAN","NAN","NAN",2.795
"2026-01-22 05:50:00",42720,0.76,2.9,0.3,0.24,"NAN","NAN","NAN","NAN",2.793
"2026-01-22 06:00:00",42721,1.9,7.52,0.54,0.47,"NAN","NAN","NAN","NAN",2.795
"2026-01-22 06:10:00",42722,1.05,4.07,0.31,0.24,"NAN","NAN","NAN","NAN",2.798
"2026-01-22 06:20:00",42723,0.66,2.49,0.29,0.23,"NAN","NAN","NAN","NAN",2.805
"2026-01-22 06:30:00",42724,0.86,3.3,0.29,0.23,"NAN","NAN","NAN","NAN",2.804
"2026-01-22 06:40:00",42725,0.67,2.53,0.26,0.2,"NAN","NAN","NAN","NAN",2.804
"2026-01-22 06:50:00",42726,1.07,4.14,0.29,0.23,"NAN","NAN","NAN","NAN",2.805
"2026-01-22 07:00:00",42727,0.5,1.84,0.23,0.17,"NAN","NAN","NAN","NAN",2.806
"2026-01-22 07:10:00",42728,0.74,2.83,0.27,0.21,"NAN","NAN","NAN","NAN",2.812
"2026-01-22 07:20:00",42729,0.52,1.95,0.24,0.18,"NAN","NAN","NAN","NAN",2.813
"2026-01-22 07:30:00",42730,0.37,1.34,0.26,0.2,"NAN","NAN","NAN","NAN",2.812
"2026-01-22 07:40:00",42731,1.56,6.15,0.37,0.31,"NAN","NAN","NAN","NAN",2.812
"2026-01-22 07:50:00",42732,0.35,1.24,0.23,0.17,"NAN","NAN","NAN","NAN",2.813
"2026-01-22 08:00:00",42733,0.46,1.69,0.22,0.16,"NAN","NAN","NAN","NAN",2.812
"2026-01-22 08:10:00",42734,0.35,1.25,0.19,0.13,"NAN","NAN","NAN","NAN",2.818
"2026-01-22 08:20:00",42735,0.58,2.18,0.24,0.18,"NAN","NAN","NAN","NAN",2.817
"2026-01-22 08:30:00",42736,0.38,1.39,0.22,0.16,"NAN","NAN","NAN","NAN",2.817
"2026-01-22 08:40:00",42737,0.44,1.6,0.19,0.13,"NAN","NAN","NAN","NAN",2.818
"2026-01-22 08:50:00",42738,"NAN","NAN","NAN","NAN","NAN","NAN","NAN","NAN","NAN"
"2026-01-22 09:00:00",42739,0.28,0.96,0.23,0.17,"NAN","NAN","NAN","NAN",2.821
"2026-01-22 09:10:00",42740,0.6,2.24,0.23,0.17,"NAN","NAN","NAN","NAN",2.823
"2026-01-22 09:20:00",42741,0.36,1.28,0.25,0.19,"NAN","NAN","NAN","NAN",2.819
"2026-01-22 09:30:00",42742,0.89,3.44,0.25,0.19,"NAN","NAN","NAN","NAN",2.827
"2026-01-22 09:40:00",42743,0.72,2.75,0.26,0.2,"NAN","NAN","NAN","NAN",2.843
"2026-01-22 09:50:00",42744,0.78,3,0.23,0.17,"NAN","NAN","NAN","NAN",2.858
"2026-01-22 10:00:00",42745,0.76,2.92,0.29,0.22,"NAN","NAN","NAN","NAN",2.876
"2026-01-22 10:10:00",42746,0.79,3.02,0.33,0.27,"NAN","NAN","NAN","NAN",2.888
"2026-01-22 10:20:00",42747,0.61,2.3,0.27,0.21,"NAN","NAN","NAN","NAN",2.896
"2026-01-22 10:30:00",42748,0.55,2.04,0.2,0.14,"NAN","NAN","NAN","NAN",2.891
"2026-01-22 10:40:00",42749,0.8,3.08,0.23,0.17,"NAN","NAN","NAN","NAN",2.894
"2026-01-22 10:50:00",42750,0.56,2.09,0.25,0.19,"NAN","NAN","NAN","NAN",2.897
"2026-01-22 11:00:00",42751,0.9,3.48,0.3,0.24,"NAN","NAN","NAN","NAN",2.896
"2026-01-22 11:10:00",42752,0.43,1.58,0.24,0.18,"NAN","NAN","NAN","NAN",2.899
"2026-01-22 11:20:00",42753,0.37,1.34,0.2,0.14,"NAN","NAN","NAN","NAN",2.906
"2026-01-22 11:30:00",42754,0.74,2.83,0.26,0.2,"NAN","NAN","NAN","NAN",2.892
"2026-01-22 11:40:00",42755,0.53,1.97,0.21,0.15,"NAN","NAN","NAN","NAN",2.919
"2026-01-22 11:50:00",42756,0.39,1.43,0.23,0.17,"NAN","NAN","NAN","NAN",2.93
"2026-01-22 12:00:00",42757,0.47,1.72,0.21,0.16,"NAN","NAN","NAN","NAN",2.949
"2026-01-22 12:10:00",42758,0.64,2.41,0.24,0.18,"NAN","NAN","NAN","NAN",2.977
"2026-01-22 12:20:00",42759,0.59,2.21,0.26,0.2,"NAN","NAN","NAN","NAN",2.992
"2026-01-22 12:30:00",42760,0.37,1.35,0.22,0.17,"NAN","NAN","NAN","NAN",3.004
"2026-01-22 12:40:00",42761,0.79,3.01,0.26,0.2,"NAN","NAN","NAN","NAN",3.007
"2026-01-22 12:50:00",42762,0.55,2.08,0.27,0.21,"NAN","NAN","NAN","NAN",2.987
"2026-01-22 13:00:00",42763,0.99,3.82,0.29,0.23,"NAN","NAN","NAN","NAN",2.988
"2026-01-22 13:10:00",42764,0.46,1.7,0.24,0.18,"NAN","NAN","NAN","NAN",3.029
"2026-01-22 13:20:00",42765,0.71,2.7,0.27,0.21,"NAN","NAN","NAN","NAN",3.088
"2026-01-22 13:30:00",42766,0.87,3.34,0.29,0.23,"NAN","NAN","NAN","NAN",3.081
"2026-01-22 13:40:00",42767,0.56,2.11,0.23,0.17,"NAN","NAN","NAN","NAN",3.075
"2026-01-22 13:50:00",42768,0.77,2.95,0.27,0.21,"NAN","NAN","NAN","NAN",3.088
"2026-01-22 14:00:00",42769,0.82,3.13,0.25,0.19,"NAN","NAN","NAN","NAN",3.093
"2026-01-22 14:10:00",42770,0.86,3.3,0.28,0.22,"NAN","NAN","NAN","NAN",3.112
"2026-01-22 14:20:00",42771,0.74,2.82,0.27,0.21,"NAN","NAN","NAN","NAN",3.09
"2026-01-22 14:30:00",42772,0.95,3.68,0.26,0.2,"NAN","NAN","NAN","NAN",3.097
"2026-01-22 14:40:00",42773,0.98,3.8,0.32,0.26,"NAN","NAN","NAN","NAN",3.101
"2026-01-22 14:50:00",42774,1.25,4.86,0.35,0.29,"NAN","NAN","NAN","NAN",3.119
"2026-01-22 15:00:00",42775,0.61,2.31,0.22,0.16,"NAN","NAN","NAN","NAN",3.145
"2026-01-22 15:10:00",42776,0.74,2.84,0.26,0.2,"NAN","NAN","NAN","NAN",3.152
"2026-01-22 15:20:00",42777,0.6,2.26,0.22,0.16,"NAN","NAN","NAN","NAN",3.158
"2026-01-22 15:30:00",42778,0.9,3.48,0.28,0.22,"NAN","NAN","NAN","NAN",3.164
"2026-01-22 15:40:00",42779,1.2,4.69,0.26,0.2,"NAN","NAN","NAN","NAN",3.166
"2026-01-22 15:50:00",42780,0.56,2.12,0.28,0.22,"NAN","NAN","NAN","NAN",3.153
"2026-01-22 16:00:00",42781,0.85,3.26,0.28,0.22,"NAN","NAN","NAN","NAN",3.168
"2026-01-22 16:10:00",42782,1.01,3.93,0.3,0.24,"NAN","NAN","NAN","NAN",3.169
"2026-01-22 16:20:00",42783,0.78,2.98,0.25,0.19,"NAN","NAN","NAN","NAN",3.172
"2026-01-22 16:30:00",42784,0.59,2.23,0.26,0.2,"NAN","NAN","NAN","NAN",3.181
"2026-01-22 16:40:00",42785,0.81,3.11,0.25,0.19,"NAN","NAN","NAN","NAN",3.179
"2026-01-22 16:50:00",42786,2.54,10.1,0.35,0.29,"NAN","NAN","NAN","NAN",3.183
"2026-01-22 17:00:00",42787,0.68,2.59,0.3,0.23,"NAN","NAN","NAN","NAN",3.19
"2026-01-22 17:10:00",42788,0.98,3.78,0.26,0.2,"NAN","NAN","NAN","NAN",3.186
"2026-01-22 17:20:00",42789,0.7,2.66,0.25,0.19,"NAN","NAN","NAN","NAN",3.19
"2026-01-22 17:30:00",42790,0.7,2.66,0.24,0.18,"NAN","NAN","NAN","NAN",3.192
"2026-01-22 17:40:00",42791,"NAN","NAN","NAN","NAN","NAN","NAN","NAN","NAN","NAN"
"2026-01-22 17:50:00",42792,0.77,2.95,0.25,0.19,"NAN","NAN","NAN","NAN",3.196
"2026-01-22 18:00:00",42793,1.1,4.26,0.29,0.23,"NAN","NAN","NAN","NAN",3.196
"2026-01-22 18:10:00",42794,1.1,4.29,0.41,0.35,"NAN","NAN","NAN","NAN",3.195
"2026-01-22 18:20:00",42795,1.31,5.14,0.3,0.24,"NAN","NAN","NAN","NAN",3.196
"2026-01-22 18:30:00",42796,0.68,2.57,0.22,0.17,"NAN","NAN","NAN","NAN",3.196
"2026-01-22 18:40:00",42797,0.93,3.59,0.3,0.24,"NAN","NAN","NAN","NAN",3.214
"2026-01-22 18:50:00",42798,1.04,4.04,0.32,0.25,"NAN","NAN","NAN","NAN",3.195
"2026-01-22 19:00:00",42799,0.82,3.16,0.28,0.22,"NAN","NAN","NAN","NAN",3.191
"2026-01-22 19:10:00",42800,0.9,3.46,0.3,0.24,"NAN","NAN","NAN","NAN",3.193
"2026-01-22 19:20:00",42801,1.41,5.51,0.27,0.21,"NAN","NAN","NAN","NAN",3.194
"2026-01-22 19:30:00",42802,0.59,2.21,0.23,0.17,"NAN","NAN","NAN","NAN",3.196
"2026-01-22 19:40:00",42803,0.61,2.31,0.28,0.22,"NAN","NAN","NAN","NAN",3.201
"2026-01-22 19:50:00",42804,0.64,2.42,0.28,0.22,"NAN","NAN","NAN","NAN",3.201
"2026-01-22 20:00:00",42805,0.42,1.54,0.25,0.19,"NAN","NAN","NAN","NAN",3.202
"2026-01-22 20:10:00",42806,0.51,1.88,0.28,0.22,"NAN","NAN","NAN","NAN",3.2
"2026-01-22 20:20:00",42807,0.89,3.43,0.29,0.23,"NAN","NAN","NAN","NAN",3.191
"2026-01-22 20:30:00",42808,0.68,2.6,0.24,0.18,"NAN","NAN","NAN","NAN",3.205
"2026-01-22 20:40:00",42809,0.78,2.99,0.26,0.2,"NAN","NAN","NAN","NAN",3.204
"2026-01-22 20:50:00",42810,0.44,1.61,0.25,0.19,"NAN","NAN","NAN","NAN",3.203
"2026-01-22 21:00:00",42811,0.6,2.28,0.24,0.18,"NAN","NAN","NAN","NAN",3.202
"2026-01-22 21:10:00",42812,0.95,3.66,0.26,0.2,"NAN","NAN","NAN","NAN",3.203
"2026-01-22 21:20:00",42813,0.66,2.51,0.26,0.2,"NAN","NAN","NAN","NAN",3.209
"2026-01-22 21:30:00",42814,0.45,1.67,0.29,0.23,"NAN","NAN","NAN","NAN",3.208
"2026-01-22 21:40:00",42815,1.89,7.45,0.3,0.24,"NAN","NAN","NAN","NAN",3.184
"2026-01-22 21:50:00",42816,0.84,3.24,0.33,0.27,"NAN","NAN","NAN","NAN",3.193
"2026-01-22 22:00:00",42817,0.52,1.92,0.24,0.18,"NAN","NAN","NAN","NAN",3.196
"2026-01-22 22:10:00",42818,0.73,2.78,0.27,0.21,"NAN","NAN","NAN","NAN",3.198
"2026-01-22 22:20:00",42819,0.39,1.41,0.25,0.19,"NAN","NAN","NAN","NAN",3.201
"2026-01-22 22:30:00",42820,0.53,1.98,0.26,0.2,"NAN","NAN","NAN","NAN",3.2
"2026-01-22 22:40:00",42821,0.51,1.91,0.22,0.16,"NAN","NAN","NAN","NAN",3.199
"2026-01-22 22:50:00",42822,0.7,2.68,0.28,0.22,"NAN","NAN","NAN","NAN",3.198
"2026-01-22 23:00:00",42823,0.91,3.52,0.3,0.24,"NAN","NAN","NAN","NAN",3.193
"2026-01-22 23:10:00",42824,0.31,1.1,0.19,0.14,"NAN","NAN","NAN","NAN",3.204
"2026-01-22 23:20:00",42825,0.31,1.1,0.22,0.16,"NAN","NAN","NAN","NAN",3.202
"2026-01-22 23:30:00",42826,0.41,1.51,0.24,0.18,"NAN","NAN","NAN","NAN",3.2
"2026-01-22 23:40:00",42827,0.77,2.93,0.23,0.18,"NAN","NAN","NAN","NAN",3.197
"2026-01-22 23:50:00",42828,0.62,2.34,0.23,0.17,"NAN","NAN","NAN","NAN",3.196
"2026-01-23 00:00:00",42829,0.48,1.78,0.19,0.13,"NAN","NAN","NAN","NAN",3.199
"2026-01-23 00:10:00",42830,0.56,2.12,0.24,0.18,"NAN","NAN","NAN","NAN",3.196
"2026-01-23 00:20:00",42831,0.76,2.89,0.33,0.27,"NAN","NAN","NAN","NAN",3.193
"2026-01-23 00:30:00",42832,1.34,5.26,0.34,0.27,"NAN","NAN","NAN","NAN",3.191
"2026-01-23 00:40:00",42833,0.38,1.38,0.21,0.15,"NAN","NAN","NAN","NAN",3.187
"2026-01-23 00:50:00",42834,0.61,2.3,0.24,0.18,"NAN","NAN","NAN","NAN",3.188
"2026-01-23 01:00:00",42835,0.65,2.48,0.25,0.19,"NAN","NAN","NAN","NAN",3.188
"2026-01-23 01:10:00",42836,0.43,1.58,0.23,0.17,"NAN","NAN","NAN","NAN",3.185
"2026-01-23 01:20:00",42837,1.16,4.53,0.25,0.19,"NAN","NAN","NAN","NAN",3.184
"2026-01-23 01:30:00",42838,0.7,2.68,0.2,0.14,"NAN","NAN","NAN","NAN",3.184
"2026-01-23 01:40:00",42839,0.55,2.07,0.21,0.15,"NAN","NAN","NAN","NAN",3.183
"2026-01-23 01:50:00",42840,0.6,2.24,0.26,0.2,"NAN","NAN","NAN","NAN",3.189
"2026-01-23 02:00:00",42841,0.55,2.07,0.23,0.17,"NAN","NAN","NAN","NAN",3.181
"2026-01-23 02:10:00",42842,0.77,2.95,0.27,0.21,"NAN","NAN","NAN","NAN",3.176
"2026-01-23 02:20:00",42843,1.33,5.2,0.24,0.18,"NAN","NAN","NAN","NAN",3.172
"2026-01-23 02:30:00",42844,"NAN","NAN","NAN","NAN","NAN","NAN","NAN","NAN","NAN"
"2026-01-23 02:40:00",42845,0.38,1.37,0.2,0.14,"NAN","NAN","NAN","NAN",3.171
"2026-01-23 02:50:00",42846,0.53,1.99,0.27,0.21,"NAN","NAN","NAN","NAN",3.168
"2026-01-23 03:00:00",42847,0.68,2.58,0.22,0.16,"NAN","NAN","NAN","NAN",3.165
"2026-01-23 03:10:00",42848,1.32,5.18,0.29,0.23,"NAN","NAN","NAN","NAN",3.165
"2026-01-23 03:20:00",42849,0.57,2.15,0.28,0.22,"NAN","NAN","NAN","NAN",3.165
"2026-01-23 03:30:00",42850,0.71,2.7,0.29,0.23,"NAN","NAN","NAN","NAN",3.172
"2026-01-23 03:40:00",42851,1.36,5.31,0.35,0.29,"NAN","NAN","NAN","NAN",3.17
"2026-01-23 03:50:00",42852,0.46,1.69,0.38,0.32,"NAN","NAN","NAN","NAN",3.168
"2026-01-23 04:00:00",42853,1.59,6.25,0.26,0.2,"NAN","NAN","NAN","NAN",3.151
"2026-01-23 04:10:00",42854,0.86,3.33,0.26,0.2,"NAN","NAN","NAN","NAN",3.109
"2026-01-23 04:20:00",42855,0.84,3.22,0.23,0.17,"NAN","NAN","NAN","NAN",3.041
"2026-01-23 04:30:00",42856,0.78,3,0.25,0.19,"NAN","NAN","NAN","NAN",3.035
"2026-01-23 04:40:00",42857,0.69,2.62,0.28,0.22,"NAN","NAN","NAN","NAN",3.026
"2026-01-23 04:50:00",42858,0.66,2.49,0.28,0.22,"NAN","NAN","NAN","NAN",3.019
"2026-01-23 05:00:00",42859,0.82,3.16,0.26,0.2,"NAN","NAN","NAN","NAN",3.019
"2026-01-23 05:10:00",42860,1.12,4.37,0.37,0.31,"NAN","NAN","NAN","NAN",3.031
"2026-01-23 05:20:00",42861,1.2,4.66,0.34,0.28,"NAN","NAN","NAN","NAN",3.046
"2026-01-23 05:30:00",42862,1.08,4.21,0.35,0.29,"NAN","NAN","NAN","NAN",3.049
"2026-01-23 05:40:00",42863,0.91,3.5,0.3,0.24,"NAN","NAN","NAN","NAN",3.049
"2026-01-23 05:50:00",42864,0.87,3.35,0.32,0.26,"NAN","NAN","NAN","NAN",3.051
"2026-01-23 06:00:00",42865,0.63,2.39,0.26,0.2,"NAN","NAN","NAN","NAN",3.052
"2026-01-23 06:10:00",42866,1.1,4.29,0.29,0.23,"NAN","NAN","NAN","NAN",3.067
"2026-01-23 06:20:00",42867,0.99,3.85,0.3,0.24,"NAN","NAN","NAN","NAN",3.071
"2026-01-23 06:30:00",42868,0.59,2.22,0.22,0.16,"NAN","NAN","NAN","NAN",3.074
"2026-01-23 06:40:00",42869,1.12,4.36,0.35,0.29,"NAN","NAN","NAN","NAN",3.078
"2026-01-23 06:50:00",42870,0.78,3.01,0.27,0.21,"NAN","NAN","NAN","NAN",3.084
"2026-01-23 07:00:00",42871,1.37,5.35,0.34,0.28,"NAN","NAN","NAN","NAN",3.095
"2026-01-23 07:10:00",42872,1.08,4.22,0.39,0.33,"NAN","NAN","NAN","NAN",3.099
"2026-01-23 07:20:00",42873,0.72,2.74,0.32,0.26,"NAN","NAN","NAN","NAN",3.098
"2026-01-23 07:30:00",42874,0.84,3.23,0.27,0.21,"NAN","NAN","NAN","NAN",3.095
"2026-01-23 07:40:00",42875,1.19,4.63,0.33,0.26,"NAN","NAN","NAN","NAN",3.092
"2026-01-23 07:50:00",42876,0.91,3.5,0.32,0.26,"NAN","NAN","NAN","NAN",3.085
"2026-01-23 08:00:00",42877,0.46,1.68,0.24,0.18,"NAN","NAN","NAN","NAN",3.093
"2026-01-23 08:10:00",42878,0.88,3.41,0.25,0.19,"NAN","NAN","NAN","NAN",3.086
"2026-01-23 08:20:00",42879,1.2,4.69,0.49,0.42,"NAN","NAN","NAN","NAN",3.076
"2026-01-23 08:30:00",42880,0.98,3.81,0.29,0.23,"NAN","NAN","NAN","NAN",3.069
"2026-01-23 08:40:00",42881,0.49,1.82,0.23,0.17,"NAN","NAN","NAN","NAN",3.047
"2026-01-23 08:50:00",42882,2.38,9.45,0.41,0.35,"NAN","NAN","NAN","NAN",3.012
"2026-01-23 09:00:00",42883,0.75,2.88,0.26,0.2,"NAN","NAN","NAN","NAN",2.983
"2026-01-23 09:10:00",42884,0.93,3.57,0.29,0.23,"NAN","NAN","NAN","NAN",2.969
"2026-01-23 09:20:00",42885,0.98,3.78,0.27,0.21,"NAN","NAN","NAN","NAN",2.969
"2026-01-23 09:30:00",42886,0.39,1.41,0.24,0.18,"NAN","NAN","NAN","NAN",2.983
"2026-01-23 09:40:00",42887,1.01,3.92,0.29,0.23,"NAN","NAN","NAN","NAN",3.016
"2026-01-23 09:50:00",42888,0.74,2.82,0.36,0.3,"NAN","NAN","NAN","NAN",3.032
"2026-01-23 10:00:00",42889,0.66,2.49,0.22,0.16,"NAN","NAN","NAN","NAN",3.044
"2026-01-23 10:10:00",42890,1.27,4.95,0.31,0.25,"NAN","NAN","NAN","NAN",3.06
"2026-01-23 10:20:00",42891,0.76,2.92,0.24,0.18,"NAN","NAN","NAN","NAN",3.081
"2026-01-23 10:30:00",42892,0.98,3.79,0.28,0.22,"NAN","NAN","NAN","NAN",3.11
"2026-01-23 10:40:00",42893,0.87,3.33,0.27,0.21,"NAN","NAN","NAN","NAN",3.128
"2026-01-23 10:50:00",42894,1.11,4.33,0.31,0.25,"NAN","NAN","NAN","NAN",3.15
"2026-01-23 11:00:00",42895,0.76,2.89,0.25,0.19,"NAN","NAN","NAN","NAN",3.175
"2026-01-23 11:10:00",42896,0.6,2.25,0.23,0.17,"NAN","NAN","NAN","NAN",3.194
"2026-01-23 11:20:00",42897,"NAN","NAN","NAN","NAN","NAN","NAN","NAN","NAN","NAN"
"2026-01-23 11:30:00",42898,0.61,2.31,0.24,0.18,"NAN","NAN","NAN","NAN",3.234
"2026-01-23 11:40:00",42899,0.79,3.03,0.27,0.21,"NAN","NAN","NAN","NAN",3.242
"2026-01-23 11:50:00",42900,0.44,1.61,0.23,0.17,"NAN","NAN","NAN","NAN",3.259
"2026-01-23 12:00:00",42901,0.81,3.09,0.27,0.21,"NAN","NAN","NAN","NAN",3.282
"2026-01-23 12:10:00",42902,1.22,4.75,0.29,0.23,"NAN","NAN","NAN","NAN",3.306
"2026-01-23 12:20:00",42903,0.85,3.26,0.24,0.18,"NAN","NAN","NAN","NAN",3.311
"2026-01-23 12:30:00",42904,0.64,2.4,0.22,0.16,"NAN","NAN","NAN","NAN",3.345
"2026-01-23 12:40:00",42905,0.81,3.1,0.26,0.2,"NAN","NAN","NAN","NAN",3.381
"2026-01-23 12:50:00",42906,0.95,3.66,0.28,0.22,"NAN","NAN","NAN","NAN",3.389
"2026-01-23 13:00:00",42907,0.69,2.63,0.26,0.2,"NAN","NAN","NAN","NAN",3.384
"2026-01-23 13:10:00",42908,0.77,2.95,0.27,0.21,"NAN","NAN","NAN","NAN",3.375
"2026-01-23 13:20:00",42909,0.83,3.2,0.26,0.2,"NAN","NAN","NAN","NAN",3.41
"2026-01-23 13:30:00",42910,0.79,3.03,0.27,0.21,"NAN","NAN","NAN","NAN",3.427
"2026-01-23 13:40:00",42911,0.63,2.39,0.3,0.24,"NAN","NAN","NAN","NAN",3.43
"2026-01-23 13:50:00",42912,0.82,3.15,0.37,0.3,"NAN","NAN","NAN","NAN",3.404
"2026-01-23 14:00:00",42913,0.55,2.06,0.24,0.18,"NAN","NAN","NAN","NAN",3.406
"2026-01-23 14:10:00",42914,0.69,2.63,0.24,0.18,"NAN","NAN","NAN","NAN",3.425
"2026-01-23 14:20:00",42915,0.85,3.26,0.22,0.16,"NAN","NAN","NAN","NAN",3.429
"2026-01-23 14:30:00",42916,0.7,2.65,0.25,0.19,"NAN","NAN","NAN","NAN",3.459
"2026-01-23 14:40:00",42917,0.48,1.79,0.24,0.18,"NAN","NAN","NAN","NAN",3.471
"2026-01-23 14:50:00",42918,0.85,3.26,0.32,0.25,"NAN","NAN","NAN","NAN",3.47
"2026-01-23 15:00:00",42919,0.6,2.27,0.21,0.15,"NAN","NAN","NAN","NAN",3.489
"2026-01-23 15:10:00",42920,0.91,3.52,0.28,0.22,"NAN","NAN","NAN","NAN",3.485
"2026-01-23 15:20:00",42921,0.89,3.43,0.27,0.21,"NAN","NAN","NAN","NAN",3.461
"2026-01-23 15:30:00",42922,0.63,2.39,0.26,0.2,"NAN","NAN","NAN","NAN",3.472
"2026-01-23 15:40:00",42923,0.75,2.87,0.26,0.2,"NAN","NAN","NAN","NAN",3.437
"2026-01-23 15:50:00",42924,0.88,3.4,0.3,0.24,"NAN","NAN","NAN","NAN",3.413
"2026-01-23 16:00:00",42925,1.11,4.33,0.29,0.23,"NAN","NAN","NAN","NAN",3.392
"2026-01-23 16:10:00",42926,0.75,2.88,0.3,0.24,"NAN","NAN","NAN","NAN",3.391
"2026-01-23 16:20:00",42927,0.54,2.01,0.25,0.19,"NAN","NAN","NAN","NAN",3.373
"2026-01-23 16:30:00",42928,0.88,3.38,0.31,0.25,"NAN","NAN","NAN","NAN",3.352
"2026-01-23 16:40:00",42929,0.59,2.23,0.21,0.16,"NAN","NAN","NAN","NAN",3.347
"2026-01-23 16:50:00",42930,0.96,3.71,0.25,0.19,"NAN","NAN","NAN","NAN",3.341
"2026-01-23 17:00:00",42931,0.95,3.69,0.27,0.21,"NAN","NAN","NAN","NAN",3.339
"2026-01-23 17:10:00",42932,0.97,3.75,0.28,0.22,"NAN","NAN","NAN","NAN",3.341
"2026-01-23 17:20:00",42933,0.82,3.14,0.25,0.19,"NAN","NAN","NAN","NAN",3.344
"2026-01-23 17:30:00",42934,0.72,2.74,0.26,0.2,"NAN","NAN","NAN","NAN",3.351
"2026-01-23 17:40:00",42935,0.42,1.55,0.25,0.19,"NAN","NAN","NAN","NAN",3.362
"2026-01-23 17:50:00",42936,0.4,1.47,0.19,0.13,"NAN","NAN","NAN","NAN",3.36
"2026-01-23 18:00:00",42937,0.97,3.76,0.27,0.21,"NAN","NAN","NAN","NAN",3.351
"2026-01-23 18:10:00",42938,0.6,2.27,0.32,0.26,"NAN","NAN","NAN","NAN",3.341
"2026-01-23 18:20:00",42939,0.8,3.06,0.31,0.25,"NAN","NAN","NAN","NAN",3.324
"2026-01-23 18:30:00",42940,1.36,5.34,0.35,0.29,"NAN","NAN","NAN","NAN",3.329
"2026-01-23 18:40:00",42941,0.88,3.39,0.28,0.22,"NAN","NAN","NAN","NAN",3.325
"2026-01-23 18:50:00",42942,0.89,3.43,0.3,0.23,"NAN","NAN","NAN","NAN",3.324
"2026-01-23 19:00:00",42943,1.32,5.18,0.32,0.26,"NAN","NAN","NAN","NAN",3.323
"2026-01-23 19:10:00",42944,0.8,3.08,0.25,0.19,"NAN","NAN","NAN","NAN",3.326
"2026-01-23 19:20:00",42945,1.01,3.93,0.33,0.27,"NAN","NAN","NAN","NAN",3.326
"2026-01-23 19:30:00",42946,0.91,3.5,0.3,0.23,"NAN","NAN","NAN","NAN",3.321
"2026-01-23 19:40:00",42947,0.94,3.62,0.3,0.24,"NAN","NAN","NAN","NAN",3.319
"2026-01-23 19:50:00",42948,1.05,4.07,0.24,0.18,"NAN","NAN","NAN","NAN",3.324
"2026-01-23 20:00:00",42949,0.42,1.53,0.22,0.16,"NAN","NAN","NAN","NAN",3.329
"2026-01-23 20:10:00",42950,"NAN","NAN","NAN","NAN","NAN","NAN","NAN","NAN","NAN"
"2026-01-23 20:20:00",42951,0.45,1.64,0.26,0.2,"NAN","NAN","NAN","NAN",3.339
"2026-01-23 20:30:00",42952,0.5,1.86,0.23,0.17,"NAN","NAN","NAN","NAN",3.34
"2026-01-23 20:40:00",42953,0.28,0.97,0.23,0.17,"NAN","NAN","NAN","NAN",3.341
"2026-01-23 20:50:00",42954,0.63,2.37,0.26,0.2,"NAN","NAN","NAN","NAN",3.341
"2026-01-23 21:00:00",42955,0.7,2.68,0.26,0.2,"NAN","NAN","NAN","NAN",3.331
"2026-01-23 21:10:00",42956,1.05,4.07,0.33,0.27,"NAN","NAN","NAN","NAN",3.314
"2026-01-23 21:20:00",42957,1.25,4.86,0.32,0.26,"NAN","NAN","NAN","NAN",3.318
"2026-01-23 21:30:00",42958,0.62,2.33,0.23,0.17,"NAN","NAN","NAN","NAN",3.309
"2026-01-23 21:40:00",42959,0.69,2.61,0.26,0.2,"NAN","NAN","NAN","NAN",3.304
"2026-01-23 21:50:00",42960,1.1,4.26,0.35,0.29,"NAN","NAN","NAN","NAN",3.3
"2026-01-23 22:00:00",42961,0.88,3.41,0.31,0.25,"NAN","NAN","NAN","NAN",3.285
"2026-01-23 22:10:00",42962,0.89,3.45,0.39,0.33,"NAN","NAN","NAN","NAN",3.26
"2026-01-23 22:20:00",42963,1.19,4.66,0.31,0.24,"NAN","NAN","NAN","NAN",3.257
"2026-01-23 22:30:00",42964,0.68,2.57,0.29,0.23,"NAN","NAN","NAN","NAN",3.245
"2026-01-23 22:40:00",42965,0.72,2.74,0.25,0.19,"NAN","NAN","NAN","NAN",3.24
"2026-01-23 22:50:00",42966,1.19,4.65,0.32,0.26,"NAN","NAN","NAN","NAN",3.221
"2026-01-23 23:00:00",42967,1.03,4,0.32,0.26,"NAN","NAN","NAN","NAN",3.23
"2026-01-23 23:10:00",42968,1.23,4.82,0.34,0.28,"NAN","NAN","NAN","NAN",3.245
"2026-01-23 23:20:00",42969,0.81,3.12,0.42,0.36,"NAN","NAN","NAN","NAN",3.247
"2026-01-23 23:30:00",42970,0.78,2.97,0.31,0.25,"NAN","NAN","NAN","NAN",3.254
"2026-01-23 23:40:00",42971,0.47,1.74,0.23,0.17,"NAN","NAN","NAN","NAN",3.258
"2026-01-23 23:50:00",42972,1.32,5.18,0.34,0.28,"NAN","NAN","NAN","NAN",3.252
"2026-01-24 00:00:00",42973,1.12,4.36,0.33,0.27,"NAN","NAN","NAN","NAN",3.24
"2026-01-24 00:10:00",42974,0.96,3.69,0.35,0.28,"NAN","NAN","NAN","NAN",3.243
"2026-01-24 00:20:00",42975,1.05,4.07,0.28,0.22,"NAN","NAN","NAN","NAN",3.214
"2026-01-24 00:30:00",42976,1.23,4.82,0.34,0.28,"NAN","NAN","NAN","NAN",3.229
"2026-01-24 00:40:00",42977,1.43,5.61,0.43,0.37,"NAN","NAN","NAN","NAN",3.245
"2026-01-24 00:50:00",42978,0.98,3.78,0.27,0.21,"NAN","NAN","NAN","NAN",3.233
"2026-01-24 01:00:00",42979,0.93,3.57,0.32,0.26,"NAN","NAN","NAN","NAN",3.257
"2026-01-24 01:10:00",42980,0.91,3.52,0.36,0.3,"NAN","NAN","NAN","NAN",3.236
"2026-01-24 01:20:00",42981,0.82,3.16,0.29,0.23,"NAN","NAN","NAN","NAN",3.232
"2026-01-24 01:30:00",42982,1.26,4.92,0.35,0.28,"NAN","NAN","NAN","NAN",3.254
"2026-01-24 01:40:00",42983,1.1,4.28,0.33,0.26,"NAN","NAN","NAN","NAN",3.248
"2026-01-24 01:50:00",42984,0.64,2.4,0.28,0.22,"NAN","NAN","NAN","NAN",3.239
"2026-01-24 02:00:00",42985,0.71,2.72,0.28,0.22,"NAN","NAN","NAN","NAN",3.257
"2026-01-24 02:10:00",42986,1.44,5.66,0.36,0.3,"NAN","NAN","NAN","NAN",3.249
"2026-01-24 02:20:00",42987,0.78,2.98,0.31,0.25,"NAN","NAN","NAN","NAN",3.256
"2026-01-24 02:30:00",42988,0.87,3.36,0.31,0.25,"NAN","NAN","NAN","NAN",3.265
"2026-01-24 02:40:00",42989,0.86,3.31,0.29,0.23,"NAN","NAN","NAN","NAN",3.26
"2026-01-24 02:50:00",42990,1.19,4.65,0.33,0.27,"NAN","NAN","NAN","NAN",3.257
"2026-01-24 03:00:00",42991,1.71,6.74,0.45,0.39,"NAN","NAN","NAN","NAN",3.256
"2026-01-24 03:10:00",42992,1.55,6.09,0.4,0.34,"NAN","NAN","NAN","NAN",3.227
"2026-01-24 03:20:00",42993,1.34,5.26,0.34,0.27,"NAN","NAN","NAN","NAN",3.226
"2026-01-24 03:30:00",42994,0.73,2.8,0.24,0.18,"NAN","NAN","NAN","NAN",3.246
"2026-01-24 03:40:00",42995,1.21,4.71,0.32,0.26,"NAN","NAN","NAN","NAN",3.256
"2026-01-24 03:50:00",42996,0.82,3.17,0.27,0.21,"NAN","NAN","NAN","NAN",3.266
"2026-01-24 04:00:00",42997,0.81,3.09,0.33,0.26,"NAN","NAN","NAN","NAN",3.242
"2026-01-24 04:10:00",42998,4.41,17.64,0.34,0.28,"NAN","NAN","NAN","NAN",3.241
"2026-01-24 04:20:00",42999,0.98,3.79,0.33,0.27,"NAN","NAN","NAN","NAN",3.246
"2026-01-24 04:30:00",43000,1.35,5.28,0.36,0.3,"NAN","NAN","NAN","NAN",3.227
"2026-01-24 04:40:00",43001,1.01,3.92,0.28,0.22,"NAN","NAN","NAN","NAN",3.236
"2026-01-24 04:50:00",43002,0.86,3.31,0.29,0.23,"NAN","NAN","NAN","NAN",3.241
"2026-01-24 05:00:00",43003,"NAN","NAN","NAN","NAN","NAN","NAN","NAN","NAN","NAN"
"2026-01-24 05:10:00",43004,0.83,3.17,0.31,0.25,"NAN","NAN","NAN","NAN",3.231
"2026-01-24 05:20:00",43005,3.08,12.28,0.41,0.35,"NAN","NAN","NAN","NAN",3.236
"2026-01-24 05:30:00",43006,0.63,2.39,0.31,0.25,"NAN","NAN","NAN","NAN",3.201
"2026-01-24 05:40:00",43007,0.98,3.77,0.34,0.27,"NAN","NAN","NAN","NAN",3.181
"2026-01-24 05:50:00",43008,1.2,4.7,0.39,0.33,"NAN","NAN","NAN","NAN",3.193
"2026-01-24 06:00:00",43009,1.09,4.26,0.3,0.24,"NAN","NAN","NAN","NAN",3.23
"2026-01-24 06:10:00",43010,1.03,3.98,0.31,0.25,"NAN","NAN","NAN","NAN",3.184
"2026-01-24 06:20:00",43011,0.96,3.73,0.34,0.27,"NAN","NAN","NAN","NAN",3.158
"2026-01-24 06:30:00",43012,0.84,3.22,0.32,0.25,"NAN","NAN","NAN","NAN",3.166
"2026-01-24 06:40:00",43013,1.02,3.97,0.27,0.21,"NAN","NAN","NAN","NAN",3.165
"2026-01-24 06:50:00",43014,1.06,4.12,0.3,0.24,"NAN","NAN","NAN","NAN",3.174
"2026-01-24 07:00:00",43015,1.11,4.33,0.41,0.34,"NAN","NAN","NAN","NAN",3.16
"2026-01-24 07:10:00",43016,1.04,4.06,0.29,0.23,"NAN","NAN","NAN","NAN",3.159
"2026-01-24 07:20:00",43017,0.58,2.17,0.27,0.21,"NAN","NAN","NAN","NAN",3.162
"2026-01-24 07:30:00",43018,0.75,2.87,0.27,0.21,"NAN","NAN","NAN","NAN",3.144
"2026-01-24 07:40:00",43019,0.99,3.84,0.33,0.26,"NAN","NAN","NAN","NAN",3.155
"2026-01-24 07:50:00",43020,0.6,2.24,0.23,0.17,"NAN","NAN","NAN","NAN",3.171
"2026-01-24 08:00:00",43021,1.35,5.27,0.27,0.21,"NAN","NAN","NAN","NAN",3.171
"2026-01-24 08:10:00",43022,2.3,9.13,0.39,0.33,"NAN","NAN","NAN","NAN",3.171
"2026-01-24 08:20:00",43023,0.95,3.68,0.25,0.19,"NAN","NAN","NAN","NAN",3.178
"2026-01-24 08:30:00",43024,0.83,3.18,0.27,0.21,"NAN","NAN","NAN","NAN",3.191
"2026-01-24 08:40:00",43025,1.28,5,0.3,0.24,"NAN","NAN","NAN","NAN",3.195
"2026-01-24 08:50:00",43026,0.99,3.84,0.25,0.19,"NAN","NAN","NAN","NAN",3.199
"2026-01-24 09:00:00",43027,0.72,2.73,0.22,0.16,"NAN","NAN","NAN","NAN",3.203
"2026-01-24 09:10:00",43028,0.63,2.39,0.22,0.16,"NAN","NAN","NAN","NAN",3.208
"2026-01-24 09:20:00",43029,0.97,3.74,0.27,0.21,"NAN","NAN","NAN","NAN",3.207
"2026-01-24 09:30:00",43030,1.18,4.58,0.34,0.28,"NAN","NAN","NAN","NAN",3.22
"2026-01-24 09:40:00",43031,1.21,4.7,0.3,0.24,"NAN","NAN","NAN","NAN",3.212
"2026-01-24 09:50:00",43032,1.13,4.38,0.3,0.24,"NAN","NAN","NAN","NAN",3.218
"2026-01-24 10:00:00",43033,0.38,1.37,0.22,0.16,"NAN","NAN","NAN","NAN",3.24
"2026-01-24 10:10:00",43034,0.53,1.98,0.18,0.13,"NAN","NAN","NAN","NAN",3.253
"2026-01-24 10:20:00",43035,0.71,2.72,0.26,0.2,"NAN","NAN","NAN","NAN",3.279
"2026-01-24 10:30:00",43036,0.72,2.75,0.25,0.19,"NAN","NAN","NAN","NAN",3.322
"2026-01-24 10:40:00",43037,1.41,5.53,0.4,0.34,"NAN","NAN","NAN","NAN",3.342
"2026-01-24 10:50:00",43038,1.36,5.32,0.26,0.2,"NAN","NAN","NAN","NAN",3.373
"2026-01-24 11:00:00",43039,0.53,1.98,0.21,0.15,"NAN","NAN","NAN","NAN",3.411
"2026-01-24 11:10:00",43040,0.86,3.32,0.26,0.2,"NAN","NAN","NAN","NAN",3.428
"2026-01-24 11:20:00",43041,1.06,4.1,0.28,0.22,"NAN","NAN","NAN","NAN",3.442
"2026-01-24 11:30:00",43042,0.95,3.67,0.25,0.19,"NAN","NAN","NAN","NAN",3.444
"2026-01-24 11:40:00",43043,0.95,3.68,0.25,0.19,"NAN","NAN","NAN","NAN",3.45
"2026-01-24 11:50:00",43044,1.29,5.06,0.3,0.24,"NAN","NAN","NAN","NAN",3.451
"2026-01-24 12:00:00",43045,0.54,2.03,0.25,0.19,"NAN","NAN","NAN","NAN",3.457
"2026-01-24 12:10:00",43046,1.83,7.24,0.41,0.35,"NAN","NAN","NAN","NAN",3.467
"2026-01-24 12:20:00",43047,0.78,3,0.27,0.21,"NAN","NAN","NAN","NAN",3.465
"2026-01-24 12:30:00",43048,0.81,3.1,0.23,0.17,"NAN","NAN","NAN","NAN",3.464
"2026-01-24 12:40:00",43049,1.33,5.22,0.3,0.23,"NAN","NAN","NAN","NAN",3.457
"2026-01-24 12:50:00",43050,0.93,3.59,0.26,0.2,"NAN","NAN","NAN","NAN",3.458
"2026-01-24 13:00:00",43051,1.59,6.26,0.33,0.26,"NAN","NAN","NAN","NAN",3.467
"2026-01-24 13:10:00",43052,1.31,5.11,0.35,0.29,"NAN","NAN","NAN","NAN",3.469
"2026-01-24 13:20:00",43053,1.24,4.84,0.32,0.26,"NAN","NAN","NAN","NAN",3.46
"2026-01-24 13:30:00",43054,0.65,2.47,0.18,0.12,"NAN","NAN","NAN","NAN",3.46
"2026-01-24 13:40:00",43055,0.48,1.77,0.27,0.21,"NAN","NAN","NAN","NAN",3.437
"2026-01-24 13:50:00",43056,"NAN","NAN","NAN","NAN","NAN","NAN","NAN","NAN","NAN"
"2026-01-24 14:00:00",43057,0.69,2.62,0.25,0.19,"NAN","NAN","NAN","NAN",3.439
"2026-01-24 14:10:00",43058,0.82,3.14,0.28,0.22,"NAN","NAN","NAN","NAN",3.442
"2026-01-24 14:20:00",43059,0.61,2.3,0.23,0.17,"NAN","NAN","NAN","NAN",3.448
"2026-01-24 14:30:00",43060,0.67,2.56,0.23,0.17,"NAN","NAN","NAN","NAN",3.454
"2026-01-24 14:40:00",43061,0.73,2.79,0.2,0.14,"NAN","NAN","NAN","NAN",3.457
"2026-01-24 14:50:00",43062,1.42,5.57,0.32,0.26,"NAN","NAN","NAN","NAN",3.469
"2026-01-24 15:00:00",43063,0.67,2.54,0.29,0.23,"NAN","NAN","NAN","NAN",3.463
"2026-01-24 15:10:00",43064,1.78,7.01,0.24,0.18,"NAN","NAN","NAN","NAN",3.47
"2026-01-24 15:20:00",43065,1,3.87,0.29,0.23,"NAN","NAN","NAN","NAN",3.472
"2026-01-24 15:30:00",43066,0.96,3.71,0.25,0.19,"NAN","NAN","NAN","NAN",3.478
"2026-01-24 15:40:00",43067,0.53,1.97,0.2,0.14,"NAN","NAN","NAN","NAN",3.478
"2026-01-24 15:50:00",43068,0.86,3.33,0.26,0.2,"NAN","NAN","NAN","NAN",3.472
"2026-01-24 16:00:00",43069,0.72,2.74,0.24,0.18,"NAN","NAN","NAN","NAN",3.47
"2026-01-24 16:10:00",43070,0.74,2.84,0.24,0.18,"NAN","NAN","NAN","NAN",3.466
"2026-01-24 16:20:00",43071,0.55,2.05,0.2,0.14,"NAN","NAN","NAN","NAN",3.464
"2026-01-24 16:30:00",43072,1.34,5.24,0.33,0.27,"NAN","NAN","NAN","NAN",3.457
"2026-01-24 16:40:00",43073,0.82,3.14,0.24,0.18,"NAN","NAN","NAN","NAN",3.475
"2026-01-24 16:50:00",43074,1.19,4.64,0.28,0.22,"NAN","NAN","NAN","NAN",3.476
"2026-01-24 17:00:00",43075,0.7,2.64,0.24,0.18,"NAN","NAN","NAN","NAN",3.478
"2026-01-24 17:10:00",43076,0.89,3.43,0.32,0.26,"NAN","NAN","NAN","NAN",3.48
"2026-01-24 17:20:00",43077,0.58,2.19,0.22,0.16,"NAN","NAN","NAN","NAN",3.482
"2026-01-24 17:30:00",43078,0.55,2.06,0.25,0.19,"NAN","NAN","NAN","NAN",3.493
"2026-01-24 17:40:00",43079,0.57,2.14,0.21,0.15,"NAN","NAN","NAN","NAN",3.497
"2026-01-24 17:50:00",43080,0.73,2.77,0.26,0.2,"NAN","NAN","NAN","NAN",3.498
"2026-01-24 18:00:00",43081,0.58,2.19,0.29,0.23,"NAN","NAN","NAN","NAN",3.499
"2026-01-24 18:10:00",43082,0.71,2.71,0.27,0.21,"NAN","NAN","NAN","NAN",3.498
"2026-01-24 18:20:00",43083,0.67,2.53,0.23,0.17,"NAN","NAN","NAN","NAN",3.493
"2026-01-24 18:30:00",43084,1.13,4.4,0.31,0.25,"NAN","NAN","NAN","NAN",3.483
"2026-01-24 18:40:00",43085,0.84,3.22,0.23,0.17,"NAN","NAN","NAN","NAN",3.461
"2026-01-24 18:50:00",43086,1.52,5.96,0.32,0.26,"NAN","NAN","NAN","NAN",3.433
"2026-01-24 19:00:00",43087,0.59,2.24,0.2,0.14,"NAN","NAN","NAN","NAN",3.435
"2026-01-24 19:10:00",43088,1.29,5.04,0.39,0.32,"NAN","NAN","NAN","NAN",3.438
"2026-01-24 19:20:00",43089,0.78,2.98,0.26,0.2,"NAN","NAN","NAN","NAN",3.453
"2026-01-24 19:30:00",43090,1.29,5.04,0.37,0.3,"NAN","NAN","NAN","NAN",3.445
"2026-01-24 19:40:00",43091,0.65,2.47,0.29,0.23,"NAN","NAN","NAN","NAN",3.444
"2026-01-24 19:50:00",43092,1.47,5.76,0.43,0.37,"NAN","NAN","NAN","NAN",3.442
"2026-01-24 20:00:00",43093,0.83,3.2,0.26,0.2,"NAN","NAN","NAN","NAN",3.42
"2026-01-24 20:10:00",43094,1.37,5.36,0.32,0.26,"NAN","NAN","NAN","NAN",3.42
"2026-01-24 20:20:00",43095,0.75,2.87,0.25,0.19,"NAN","NAN","NAN","NAN",3.42
"2026-01-24 20:30:00",43096,1.08,4.2,0.32,0.26,"NAN","NAN","NAN","NAN",3.409
"2026-01-24 20:40:00",43097,1.46,5.74,0.28,0.22,"NAN","NAN","NAN","NAN",3.407
"2026-01-24 20:50:00",43098,2.05,8.1,0.37,0.3,"NAN","NAN","NAN","NAN",3.402
"2026-01-24 21:00:00",43099,1.42,5.57,0.39,0.33,"NAN","NAN","NAN","NAN",3.406
"2026-01-24 21:10:00",43100,4.94,19.76,0.34,0.28,"NAN","NAN","NAN","NAN",3.407
"2026-01-24 21:20:00",43101,1.02,3.97,0.29,0.23,"NAN","NAN","NAN","NAN",3.408
"2026-01-24 21:30:00",43102,1.25,4.9,0.33,0.27,"NAN","NAN","NAN","NAN",3.404
"2026-01-24 21:40:00",43103,1.16,4.54,0.29,0.23,"NAN","NAN","NAN","NAN",3.407
"2026-01-24 21:50:00",43104,1.5,5.9,0.34,0.28,"NAN","NAN","NAN","NAN",3.407
"2026-01-24 22:00:00",43105,0.68,2.59,0.28,0.22,"NAN","NAN","NAN","NAN",3.409
"2026-01-24 22:10:00",43106,1.14,4.45,0.35,0.29,"NAN","NAN","NAN","NAN",3.409
"2026-01-24 22:20:00",43107,0.6,2.26,0.24,0.18,"NAN","NAN","NAN","NAN",3.408
"2026-01-24 22:30:00",43108,1.03,3.98,0.28,0.22,"NAN","NAN","NAN","NAN",3.411
"2026-01-24 22:40:00",43109,"NAN","NAN","NAN","NAN","NAN","NAN","NAN","NAN","NAN"
"2026-01-24 22:50:00",43110,1.57,6.17,0.3,0.24,"NAN","NAN","NAN","NAN",3.421
"2026-01-24 23:00:00",43111,0.99,3.83,0.29,0.23,"NAN","NAN","NAN","NAN",3.421
"2026-01-24 23:10:00",43112,1.13,4.39,0.34,0.28,"NAN","NAN","NAN","NAN",3.41
"2026-01-24 23:20:00",43113,0.9,3.47,0.34,0.28,"NAN","NAN","NAN","NAN",3.413
"2026-01-24 23:30:00",43114,1.47,5.78,0.38,0.32,"NAN","NAN","NAN","NAN",3.414
"2026-01-24 23:40:00",43115,1.51,5.92,0.3,0.24,"NAN","NAN","NAN","NAN",3.422
"2026-01-24 23:50:00",43116,0.62,2.34,0.28,0.22,"NAN","NAN","NAN","NAN",3.423
"2026-01-25 00:00:00",43117,1.19,4.62,0.32,0.26,"NAN","NAN","NAN","NAN",3.418
"2026-01-25 00:10:00",43118,1.39,5.47,0.38,0.31,"NAN","NAN","NAN","NAN",3.421
"2026-01-25 00:20:00",43119,0.98,3.78,0.32,0.26,"NAN","NAN","NAN","NAN",3.424
"2026-01-25 00:30:00",43120,3.5,13.97,0.47,0.41,"NAN","NAN","NAN","NAN",3.439
"2026-01-25 00:40:00",43121,1.19,4.63,0.34,0.28,"NAN","NAN","NAN","NAN",3.447
"2026-01-25 00:50:00",43122,1.24,4.83,0.3,0.24,"NAN","NAN","NAN","NAN",3.446
"2026-01-25 01:00:00",43123,1.66,6.55,0.33,0.27,"NAN","NAN","NAN","NAN",3.441
"2026-01-25 01:10:00",43124,1.2,4.69,0.28,0.22,"NAN","NAN","NAN","NAN",3.441
"2026-01-25 01:20:00",43125,0.96,3.7,0.31,0.25,"NAN","NAN","NAN","NAN",3.435
"2026-01-25 01:30:00",43126,1.13,4.39,0.27,0.21,"NAN","NAN","NAN","NAN",3.438
"2026-01-25 01:40:00",43127,1.33,5.22,0.33,0.27,"NAN","NAN","NAN","NAN",3.415
"2026-01-25 01:50:00",43128,1.13,4.41,0.36,0.3,"NAN","NAN","NAN","NAN",3.416
"2026-01-25 02:00:00",43129,1.06,4.12,0.3,0.24,"NAN","NAN","NAN","NAN",3.417
"2026-01-25 02:10:00",43130,1.12,4.34,0.34,0.27,"NAN","NAN","NAN","NAN",3.411
"2026-01-25 02:20:00",43131,1.49,5.83,0.34,0.28,"NAN","NAN","NAN","NAN",3.418
"2026-01-25 02:30:00",43132,1.41,5.53,0.47,0.41,"NAN","NAN","NAN","NAN",3.417
"2026-01-25 02:40:00",43133,1,3.87,0.29,0.23,"NAN","NAN","NAN","NAN",3.415
"2026-01-25 02:50:00",43134,0.89,3.41,0.29,0.23,"NAN","NAN","NAN","NAN",3.422
"2026-01-25 03:00:00",43135,1.22,4.75,0.33,0.26,"NAN","NAN","NAN","NAN",3.417
"2026-01-25 03:10:00",43136,1.58,6.21,0.35,0.29,"NAN","NAN","NAN","NAN",3.41
"2026-01-25 03:20:00",43137,1.02,3.95,0.28,0.22,"NAN","NAN","NAN","NAN",3.407
"2026-01-25 03:30:00",43138,0.95,3.68,0.35,0.28,"NAN","NAN","NAN","NAN",3.41
"2026-01-25 03:40:00",43139,1.44,5.66,0.32,0.26,"NAN","NAN","NAN","NAN",3.411
"2026-01-25 03:50:00",43140,1.46,5.75,0.33,0.27,"NAN","NAN","NAN","NAN",3.417
"2026-01-25 04:00:00",43141,2.49,9.89,0.36,0.3,"NAN","NAN","NAN","NAN",3.417
"2026-01-25 04:10:00",43142,1.46,5.74,0.34,0.27,"NAN","NAN","NAN","NAN",3.41
"2026-01-25 04:20:00",43143,0.85,3.25,0.28,0.22,"NAN","NAN","NAN","NAN",3.4
"2026-01-25 04:30:00",43144,1.06,4.13,0.34,0.28,"NAN","NAN","NAN","NAN",3.402
"2026-01-25 04:40:00",43145,0.78,3,0.32,0.26,"NAN","NAN","NAN","NAN",3.403
"2026-01-25 04:50:00",43146,2.38,9.439999,0.48,0.42,"NAN","NAN","NAN","NAN",3.405
"2026-01-25 05:00:00",43147,0.8,3.09,0.33,0.26,"NAN","NAN","NAN","NAN",3.414
"2026-01-25 05:10:00",43148,0.92,3.55,0.27,0.21,"NAN","NAN","NAN","NAN",3.426
"2026-01-25 05:20:00",43149,1.27,4.96,0.3,0.24,"NAN","NAN","NAN","NAN",3.417
"2026-01-25 05:30:00",43150,1.12,4.38,0.26,0.2,"NAN","NAN","NAN","NAN",3.421
"2026-01-25 05:40:00",43151,1.1,4.28,0.35,0.29,"NAN","NAN","NAN","NAN",3.426
"2026-01-25 05:50:00",43152,1.41,5.54,0.33,0.27,"NAN","NAN","NAN","NAN",3.448
"2026-01-25 06:00:00",43153,0.97,3.74,0.28,0.22,"NAN","NAN","NAN","NAN",3.441
"2026-01-25 06:10:00",43154,0.83,3.19,0.28,0.22,"NAN","NAN","NAN","NAN",3.434
"2026-01-25 06:20:00",43155,0.96,3.72,0.31,0.25,"NAN","NAN","NAN","NAN",3.428
"2026-01-25 06:30:00",43156,1.16,4.51,0.32,0.26,"NAN","NAN","NAN","NAN",3.433
"2026-01-25 06:40:00",43157,1.14,4.45,0.27,0.21,"NAN","NAN","NAN","NAN",3.441
"2026-01-25 06:50:00",43158,0.5,1.86,0.23,0.17,"NAN","NAN","NAN","NAN",3.444
"2026-01-25 07:00:00",43159,0.88,3.38,0.24,0.18,"NAN","NAN","NAN","NAN",3.446
"2026-01-25 07:10:00",43160,0.63,2.36,0.26,0.2,"NAN","NAN","NAN","NAN",3.445
"2026-01-25 07:20:00",43161,0.63,2.39,0.23,0.17,"NAN","NAN","NAN","NAN",3.443
"2026-01-25 07:30:00",43162,"NAN","NAN","NAN","NAN","NAN","NAN","NAN","NAN","NAN"
"2026-01-25 07:40:00",43163,0.86,3.32,0.26,0.2,"NAN","NAN","NAN","NAN",3.435
"2026-01-25 07:50:00",43164,0.95,3.65,0.27,0.21,"NAN","NAN","NAN","NAN",3.44
"2026-01-25 08:00:00",43165,1.01,3.93,0.26,0.2,"NAN","NAN","NAN","NAN",3.443
"2026-01-25 08:10:00",43166,0.73,2.8,0.26,0.2,"NAN","NAN","NAN","NAN",3.443
"2026-01-25 08:20:00",43167,0.61,2.3,0.24,0.18,"NAN","NAN","NAN","NAN",3.44
"2026-01-25 08:30:00",43168,0.46,1.71,0.25,0.19,"NAN","NAN","NAN","NAN",3.45
"2026-01-25 08:40:00",43169,0.87,3.36,0.28,0.22,"NAN","NAN","NAN","NAN",3.449
"2026-01-25 08:50:00",43170,1.2,4.68,0.27,0.21,"NAN","NAN","NAN","NAN",3.448
"2026-01-25 09:00:00",43171,0.71,2.71,0.25,0.19,"NAN","NAN","NAN","NAN",3.448
"2026-01-25 09:10:00",43172,0.59,2.21,0.24,0.18,"NAN","NAN","NAN","NAN",3.451
"2026-01-25 09:20:00",43173,1.09,4.23,0.28,0.22,"NAN","NAN","NAN","NAN",3.455
"2026-01-25 09:30:00",43174,0.85,3.29,0.27,0.21,"NAN","NAN","NAN","NAN",3.459
"2026-01-25 09:40:00",43175,0.57,2.16,0.21,0.16,"NAN","NAN","NAN","NAN",3.46
"2026-01-25 09:50:00",43176,0.89,3.45,0.23,0.17,"NAN","NAN","NAN","NAN",3.46
"2026-01-25 10:00:00",43177,1.13,4.38,0.29,0.23,"NAN","NAN","NAN","NAN",3.46
"2026-01-25 10:10:00",43178,0.6,2.27,0.24,0.18,"NAN","NAN","NAN","NAN",3.451
"2026-01-25 10:20:00",43179,0.61,2.3,0.23,0.17,"NAN","NAN","NAN","NAN",3.466
"2026-01-25 10:30:00",43180,1.13,4.41,0.24,0.19,"NAN","NAN","NAN","NAN",3.464
"2026-01-25 10:40:00",43181,0.9,3.49,0.3,0.24,"NAN","NAN","NAN","NAN",3.463
"2026-01-25 10:50:00",43182,0.65,2.45,0.3,0.24,"NAN","NAN","NAN","NAN",3.461
"2026-01-25 11:00:00",43183,0.6,2.26,0.25,0.19,"NAN","NAN","NAN","NAN",3.461
"2026-01-25 11:10:00",43184,0.61,2.3,0.24,0.18,"NAN","NAN","NAN","NAN",3.465
"2026-01-25 11:20:00",43185,0.37,1.35,0.2,0.14,"NAN","NAN","NAN","NAN",3.466
"2026-01-25 11:30:00",43186,0.47,1.73,0.2,0.14,"NAN","NAN","NAN","NAN",3.467
"2026-01-25 11:40:00",43187,0.46,1.71,0.26,0.2,"NAN","NAN","NAN","NAN",3.47
"2026-01-25 11:50:00",43188,0.39,1.4,0.23,0.17,"NAN","NAN","NAN","NAN",3.471
"2026-01-25 12:00:00",43189,0.51,1.9,0.26,0.2,"NAN","NAN","NAN","NAN",3.472
"2026-01-25 12:10:00",43190,0.43,1.59,0.25,0.19,"NAN","NAN","NAN","NAN",3.473
"2026-01-25 12:20:00",43191,0.66,2.5,0.31,0.25,"NAN","NAN","NAN","NAN",3.47
"2026-01-25 12:30:00",43192,0.44,1.6,0.22,0.16,"NAN","NAN","NAN","NAN",3.47
"2026-01-25 12:40:00",43193,0.39,1.42,0.22,0.16,"NAN","NAN","NAN","NAN",3.47
"2026-01-25 12:50:00",43194,0.59,2.21,0.25,0.19,"NAN","NAN","NAN","NAN",3.467
"2026-01-25 13:00:00",43195,1.7,6.69,0.26,0.2,"NAN","NAN","NAN","NAN",3.476
"2026-01-25 13:10:00",43196,1.08,4.21,0.27,0.21,"NAN","NAN","NAN","NAN",3.475
"2026-01-25 13:20:00",43197,0.51,1.9,0.18,0.12,"NAN","NAN","NAN","NAN",3.475
"2026-01-25 13:30:00",43198,0.76,2.91,0.25,0.19,"NAN","NAN","NAN","NAN",3.472
"2026-01-25 13:40:00",43199,0.43,1.56,0.22,0.16,"NAN","NAN","NAN","NAN",3.472
"2026-01-25 13:50:00",43200,0.83,3.17,0.29,0.23,"NAN","NAN","NAN","NAN",3.479
"2026-01-25 14:00:00",43201,0.5,1.86,0.22,0.16,"NAN","NAN","NAN","NAN",3.478
"2026-01-25 14:10:00",43202,0.7,2.66,0.22,0.16,"NAN","NAN","NAN","NAN",3.475
"2026-01-25 14:20:00",43203,0.79,3.03,0.21,0.15,"NAN","NAN","NAN","NAN",3.475
"2026-01-25 14:30:00",43204,0.35,1.24,0.22,0.16,"NAN","NAN","NAN","NAN",3.476
"2026-01-25 14:40:00",43205,0.42,1.53,0.21,0.15,"NAN","NAN","NAN","NAN",3.488
"2026-01-25 14:50:00",43206,0.77,2.95,0.24,0.18,"NAN","NAN","NAN","NAN",3.486
"2026-01-25 15:00:00",43207,0.76,2.92,0.24,0.18,"NAN","NAN","NAN","NAN",3.484
"2026-01-25 15:10:00",43208,0.35,1.24,0.2,0.14,"NAN","NAN","NAN","NAN",3.484
"2026-01-25 15:20:00",43209,0.32,1.15,0.21,0.15,"NAN","NAN","NAN","NAN",3.484
"2026-01-25 15:30:00",43210,0.36,1.3,0.18,0.12,"NAN","NAN","NAN","NAN",3.482
"2026-01-25 15:40:00",43211,0.64,2.43,0.24,0.18,"NAN","NAN","NAN","NAN",3.483
"2026-01-25 15:50:00",43212,0.44,1.63,0.28,0.22,"NAN","NAN","NAN","NAN",3.482
"2026-01-25 16:00:00",43213,0.53,1.97,0.21,0.15,"NAN","NAN","NAN","NAN",3.482
"2026-01-25 16:10:00",43214,0.55,2.07,0.24,0.18,"NAN","NAN","NAN","NAN",3.483
"2026-01-25 16:20:00",43215,"NAN","NAN","NAN","NAN","NAN","NAN","NAN","NAN","NAN"
"2026-01-25 16:30:00",43216,0.69,2.61,0.21,0.15,"NAN","NAN","NAN","NAN",3.499
"2026-01-25 16:40:00",43217,0.4,1.45,0.22,0.16,"NAN","NAN","NAN","NAN",3.495
"2026-01-25 16:50:00",43218,0.4,1.46,0.21,0.15,"NAN","NAN","NAN","NAN",3.492
"2026-01-25 17:00:00",43219,1.29,5.05,0.25,0.19,"NAN","NAN","NAN","NAN",3.49
"2026-01-25 17:10:00",43220,0.31,1.07,0.21,0.15,"NAN","NAN","NAN","NAN",3.489
"2026-01-25 17:20:00",43221,0.38,1.35,0.24,0.18,"NAN","NAN","NAN","NAN",3.493
"2026-01-25 17:30:00",43222,0.4,1.47,0.2,0.15,"NAN","NAN","NAN","NAN",3.491
"2026-01-25 17:40:00",43223,0.33,1.15,0.22,0.16,"NAN","NAN","NAN","NAN",3.491
"2026-01-25 17:50:00",43224,0.53,1.99,0.48,0.42,"NAN","NAN","NAN","NAN",3.489
"2026-01-25 18:00:00",43225,0.33,1.17,0.25,0.19,"NAN","NAN","NAN","NAN",3.487
"2026-01-25 18:10:00",43226,0.45,1.65,0.24,0.18,"NAN","NAN","NAN","NAN",3.501
"2026-01-25 18:20:00",43227,0.79,3.02,0.23,0.17,"NAN","NAN","NAN","NAN",3.5
"2026-01-25 18:30:00",43228,0.67,2.53,0.22,0.16,"NAN","NAN","NAN","NAN",3.495
"2026-01-25 18:40:00",43229,0.37,1.32,0.23,0.17,"NAN","NAN","NAN","NAN",3.49
"2026-01-25 18:50:00",43230,0.87,3.35,0.22,0.16,"NAN","NAN","NAN","NAN",3.483
"2026-01-25 19:00:00",43231,0.63,2.39,0.26,0.2,"NAN","NAN","NAN","NAN",3.471
"2026-01-25 19:10:00",43232,0.46,1.7,0.25,0.19,"NAN","NAN","NAN","NAN",3.488
"2026-01-25 19:20:00",43233,0.68,2.59,0.23,0.17,"NAN","NAN","NAN","NAN",3.485
"2026-01-25 19:30:00",43234,0.55,2.06,0.22,0.16,"NAN","NAN","NAN","NAN",3.486
"2026-01-25 19:40:00",43235,0.47,1.72,0.21,0.15,"NAN","NAN","NAN","NAN",3.483
"2026-01-25 19:50:00",43236,0.66,2.5,0.28,0.22,"NAN","NAN","NAN","NAN",3.481
"2026-01-25 20:00:00",43237,0.6,2.27,0.24,0.18,"NAN","NAN","NAN","NAN",3.486
"2026-01-25 20:10:00",43238,0.53,1.96,0.21,0.16,"NAN","NAN","NAN","NAN",3.486
"2026-01-25 20:20:00",43239,0.26,0.9,0.21,0.15,"NAN","NAN","NAN","NAN",3.484
"2026-01-25 20:30:00",43240,0.44,1.62,0.3,0.24,"NAN","NAN","NAN","NAN",3.485
"2026-01-25 20:40:00",43241,0.35,1.24,0.21,0.15,"NAN","NAN","NAN","NAN",3.486
"2026-01-25 20:50:00",43242,0.86,3.3,0.25,0.19,"NAN","NAN","NAN","NAN",3.488
"2026-01-25 21:00:00",43243,0.39,1.42,0.25,0.19,"NAN","NAN","NAN","NAN",3.491
"2026-01-25 21:10:00",43244,0.43,1.58,0.22,0.16,"NAN","NAN","NAN","NAN",3.49
"2026-01-25 21:20:00",43245,0.56,2.09,0.22,0.17,"NAN","NAN","NAN","NAN",3.49
"2026-01-25 21:30:00",43246,0.54,2.02,0.2,0.14,"NAN","NAN","NAN","NAN",3.491
"2026-01-25 21:40:00",43247,0.68,2.57,0.24,0.18,"NAN","NAN","NAN","NAN",3.488
"2026-01-25 21:50:00",43248,0.27,0.91,0.21,0.15,"NAN","NAN","NAN","NAN",3.498
"2026-01-25 22:00:00",43249,0.33,1.16,0.23,0.17,"NAN","NAN","NAN","NAN",3.497
"2026-01-25 22:10:00",43250,0.34,1.21,0.21,0.15,"NAN","NAN","NAN","NAN",3.495
"2026-01-25 22:20:00",43251,0.68,2.57,0.29,0.23,"NAN","NAN","NAN","NAN",3.485
"2026-01-25 22:30:00",43252,0.92,3.55,0.34,0.27,"NAN","NAN","NAN","NAN",3.481
"2026-01-25 22:40:00",43253,1.02,3.95,0.35,0.28,"NAN","NAN","NAN","NAN",3.492
"2026-01-25 22:50:00",43254,0.8,3.06,0.34,0.28,"NAN","NAN","NAN","NAN",3.491
"2026-01-25 23:00:00",43255,0.81,3.12,0.22,0.16,"NAN","NAN","NAN","NAN",3.493
"2026-01-25 23:10:00",43256,0.95,3.67,0.26,0.2,"NAN","NAN","NAN","NAN",3.491
"2026-01-25 23:20:00",43257,0.82,3.14,0.24,0.18,"NAN","NAN","NAN","NAN",3.493
"2026-01-25 23:30:00",43258,0.59,2.2,0.24,0.18,"NAN","NAN","NAN","NAN",3.503
"2026-01-25 23:40:00",43259,0.58,2.16,0.23,0.17,"NAN","NAN","NAN","NAN",3.505
"2026-01-25 23:50:00",43260,0.51,1.89,0.23,0.17,"NAN","NAN","NAN","NAN",3.503
"2026-01-26 00:00:00",43261,0.79,3.05,0.32,0.26,"NAN","NAN","NAN","NAN",3.502
"2026-01-26 00:10:00",43262,0.96,3.71,0.32,0.26,"NAN","NAN","NAN","NAN",3.501
"2026-01-26 00:20:00",43263,1.07,4.17,0.29,0.23,"NAN","NAN","NAN","NAN",3.496
"2026-01-26 00:30:00",43264,0.9,3.46,0.28,0.22,"NAN","NAN","NAN","NAN",3.477
"2026-01-26 00:40:00",43265,1,3.88,0.29,0.23,"NAN","NAN","NAN","NAN",3.498
"2026-01-26 00:50:00",43266,0.77,2.94,0.27,0.21,"NAN","NAN","NAN","NAN",3.498
"2026-01-26 01:00:00",43267,1.34,5.25,0.34,0.28,"NAN","NAN","NAN","NAN",3.484
"2026-01-26 01:10:00",43268,"NAN","NAN","NAN","NAN","NAN","NAN","NAN","NAN","NAN"
"2026-01-26 01:20:00",43269,1.2,4.69,0.32,0.26,"NAN","NAN","NAN","NAN",3.476
"2026-01-26 01:30:00",43270,0.91,3.52,0.27,0.21,"NAN","NAN","NAN","NAN",3.483
"2026-01-26 01:40:00",43271,0.97,3.75,0.3,0.24,"NAN","NAN","NAN","NAN",3.491
"2026-01-26 01:50:00",43272,0.65,2.45,0.31,0.25,"NAN","NAN","NAN","NAN",3.486
"2026-01-26 02:00:00",43273,0.91,3.49,0.31,0.25,"NAN","NAN","NAN","NAN",3.475
"2026-01-26 02:10:00",43274,1.53,6.02,0.31,0.24,"NAN","NAN","NAN","NAN",3.481
"2026-01-26 02:20:00",43275,0.91,3.5,0.29,0.23,"NAN","NAN","NAN","NAN",3.477
"2026-01-26 02:30:00",43276,1.26,4.92,0.32,0.25,"NAN","NAN","NAN","NAN",3.484
"2026-01-26 02:40:00",43277,1.11,4.33,0.27,0.21,"NAN","NAN","NAN","NAN",3.475
"2026-01-26 02:50:00",43278,0.98,3.79,0.28,0.22,"NAN","NAN","NAN","NAN",3.485
"2026-01-26 03:00:00",43279,0.82,3.15,0.29,0.23,"NAN","NAN","NAN","NAN",3.515
"2026-01-26 03:10:00",43280,0.93,3.59,0.29,0.23,"NAN","NAN","NAN","NAN",3.51
"2026-01-26 03:20:00",43281,1.04,4.03,0.33,0.27,"NAN","NAN","NAN","NAN",3.496
"2026-01-26 03:30:00",43282,1,3.86,0.26,0.2,"NAN","NAN","NAN","NAN",3.487
"2026-01-26 03:40:00",43283,0.93,3.59,0.32,0.26,"NAN","NAN","NAN","NAN",3.499
"2026-01-26 03:50:00",43284,0.86,3.31,0.28,0.22,"NAN","NAN","NAN","NAN",3.506
"2026-01-26 04:00:00",43285,1.3,5.07,0.55,0.48,"NAN","NAN","NAN","NAN",3.527
"2026-01-26 04:10:00",43286,0.82,3.14,0.31,0.25,"NAN","NAN","NAN","NAN",3.516
"2026-01-26 04:20:00",43287,0.79,3.03,0.27,0.2,"NAN","NAN","NAN","NAN",3.518
"2026-01-26 04:30:00",43288,0.96,3.7,0.31,0.25,"NAN","NAN","NAN","NAN",3.519
"2026-01-26 04:40:00",43289,0.83,3.2,0.3,0.24,"NAN","NAN","NAN","NAN",3.525
"2026-01-26 04:50:00",43290,1.53,6.01,0.32,0.26,"NAN","NAN","NAN","NAN",3.518
"2026-01-26 05:00:00",43291,0.79,3.04,0.28,0.22,"NAN","NAN","NAN","NAN",3.53
"2026-01-26 05:10:00",43292,0.68,2.6,0.25,0.19,"NAN","NAN","NAN","NAN",3.539
"2026-01-26 05:20:00",43293,0.71,2.7,0.28,0.22,"NAN","NAN","NAN","NAN",3.541
"2026-01-26 05:30:00",43294,0.84,3.24,0.24,0.18,"NAN","NAN","NAN","NAN",3.544
"2026-01-26 05:40:00",43295,0.87,3.35,0.28,0.21,"NAN","NAN","NAN","NAN",3.548
"2026-01-26 05:50:00",43296,1.55,6.09,0.26,0.2,"NAN","NAN","NAN","NAN",3.546
"2026-01-26 06:00:00",43297,1.15,4.49,0.35,0.29,"NAN","NAN","NAN","NAN",3.542
"2026-01-26 06:10:00",43298,0.84,3.23,0.31,0.25,"NAN","NAN","NAN","NAN",3.53
"2026-01-26 06:20:00",43299,0.81,3.1,0.25,0.19,"NAN","NAN","NAN","NAN",3.523
"2026-01-26 06:30:00",43300,1.74,6.84,0.29,0.23,"NAN","NAN","NAN","NAN",3.532
"2026-01-26 06:40:00",43301,1.14,4.43,0.29,0.23,"NAN","NAN","NAN","NAN",3.527
"2026-01-26 06:50:00",43302,1.37,5.36,0.29,0.23,"NAN","NAN","NAN","NAN",3.523
"2026-01-26 07:00:00",43303,1.02,3.95,0.29,0.23,"NAN","NAN","NAN","NAN",3.521
"2026-01-26 07:10:00",43304,0.62,2.33,0.24,0.18,"NAN","NAN","NAN","NAN",3.526
"2026-01-26 07:20:00",43305,0.69,2.61,0.27,0.21,"NAN","NAN","NAN","NAN",3.531
"2026-01-26 07:30:00",43306,0.73,2.79,0.34,0.28,"NAN","NAN","NAN","NAN",3.537
"2026-01-26 07:40:00",43307,1.21,4.7,0.31,0.24,"NAN","NAN","NAN","NAN",3.524
"2026-01-26 07:50:00",43308,1.16,4.52,0.39,0.33,"NAN","NAN","NAN","NAN",3.507
"2026-01-26 08:00:00",43309,1.19,4.64,0.39,0.32,"NAN","NAN","NAN","NAN",3.497
"2026-01-26 08:10:00",43310,1.01,3.9,0.31,0.24,"NAN","NAN","NAN","NAN",3.499
"2026-01-26 08:20:00",43311,0.5,1.85,0.26,0.2,"NAN","NAN","NAN","NAN",3.508
"2026-01-26 08:30:00",43312,0.65,2.46,0.27,0.21,"NAN","NAN","NAN","NAN",3.509
"2026-01-26 08:40:00",43313,1.03,3.99,0.29,0.23,"NAN","NAN","NAN","NAN",3.508
"2026-01-26 08:50:00",43314,0.73,2.8,0.28,0.22,"NAN","NAN","NAN","NAN",3.507
"2026-01-26 09:00:00",43315,1.02,3.96,0.35,0.29,"NAN","NAN","NAN","NAN",3.51
"2026-01-26 09:10:00",43316,0.98,3.8,0.26,0.2,"NAN","NAN","NAN","NAN",3.517
"2026-01-26 09:20:00",43317,0.96,3.71,0.33,0.27,"NAN","NAN","NAN","NAN",3.513
"2026-01-26 09:30:00",43318,1.01,3.93,0.3,0.23,"NAN","NAN","NAN","NAN",3.509
"2026-01-26 09:40:00",43319,4.25,17,0.36,0.29,"NAN","NAN","NAN","NAN",3.501
"2026-01-26 09:50:00",43320,1.03,4.01,0.43,0.37,"NAN","NAN","NAN","NAN",3.491
"2026-01-26 10:00:00",43321,"NAN","NAN","NAN","NAN","NAN","NAN","NAN","NAN","NAN"
"2026-01-26 10:10:00",43322,0.65,2.47,0.23,0.17,"NAN","NAN","NAN","NAN",3.506
"2026-01-26 10:20:00",43323,0.68,2.56,0.23,0.17,"NAN","NAN","NAN","NAN",3.51
"2026-01-26 10:30:00",43324,0.78,2.98,0.28,0.22,"NAN","NAN","NAN","NAN",3.514
"2026-01-26 10:40:00",43325,0.93,3.6,0.3,0.24,"NAN","NAN","NAN","NAN",3.513
"2026-01-26 10:50:00",43326,0.86,3.31,0.3,0.24,"NAN","NAN","NAN","NAN",3.515
"2026-01-26 11:00:00",43327,0.9,3.46,0.24,0.18,"NAN","NAN","NAN","NAN",3.522
"2026-01-26 11:10:00",43328,0.8,3.07,0.27,0.21,"NAN","NAN","NAN","NAN",3.522
"2026-01-26 11:20:00",43329,0.44,1.63,0.18,0.13,"NAN","NAN","NAN","NAN",3.524
"2026-01-26 11:30:00",43330,0.52,1.94,0.25,0.19,"NAN","NAN","NAN","NAN",3.529
"2026-01-26 11:40:00",43331,0.77,2.93,0.25,0.19,"NAN","NAN","NAN","NAN",3.535
"2026-01-26 11:50:00",43332,0.83,3.21,0.26,0.2,"NAN","NAN","NAN","NAN",3.545
"2026-01-26 12:00:00",43333,0.86,3.31,0.24,0.18,"NAN","NAN","NAN","NAN",3.547
"2026-01-26 12:10:00",43334,0.72,2.75,0.24,0.18,"NAN","NAN","NAN","NAN",3.54
"2026-01-26 12:20:00",43335,0.74,2.84,0.21,0.15,"NAN","NAN","NAN","NAN",3.536
"2026-01-26 12:30:00",43336,0.78,3,0.24,0.18,"NAN","NAN","NAN","NAN",3.533
"2026-01-26 12:40:00",43337,0.9,3.49,0.28,0.22,"NAN","NAN","NAN","NAN",3.528
"2026-01-26 12:50:00",43338,1.18,4.61,0.3,0.24,"NAN","NAN","NAN","NAN",3.536
"2026-01-26 13:00:00",43339,0.9,3.46,0.22,0.16,"NAN","NAN","NAN","NAN",3.54
"2026-01-26 13:10:00",43340,0.79,3.01,0.26,0.2,"NAN","NAN","NAN","NAN",3.541
"2026-01-26 13:20:00",43341,0.79,3.02,0.27,0.21,"NAN","NAN","NAN","NAN",3.542
"2026-01-26 13:30:00",43342,0.44,1.6,0.2,0.15,"NAN","NAN","NAN","NAN",3.55
"2026-01-26 13:40:00",43343,1.13,4.39,0.32,0.26,"NAN","NAN","NAN","NAN",3.561
"2026-01-26 13:50:00",43344,0.58,2.17,0.19,0.13,"NAN","NAN","NAN","NAN",3.557
"2026-01-26 14:00:00",43345,0.71,2.72,0.23,0.17,"NAN","NAN","NAN","NAN",3.556
"2026-01-26 14:10:00",43346,0.72,2.74,0.23,0.17,"NAN","NAN","NAN","NAN",3.558
"2026-01-26 14:20:00",43347,0.68,2.57,0.26,0.2,"NAN","NAN","NAN","NAN",3.56
"2026-01-26 14:30:00",43348,0.79,3.04,0.24,0.18,"NAN","NAN","NAN","NAN",3.561
"2026-01-26 14:40:00",43349,0.6,2.28,0.2,0.14,"NAN","NAN","NAN","NAN",3.552
"2026-01-26 14:50:00",43350,0.69,2.62,0.28,0.22,"NAN","NAN","NAN","NAN",3.541
"2026-01-26 15:00:00",43351,1,3.86,0.28,0.22,"NAN","NAN","NAN","NAN",3.535
"2026-01-26 15:10:00",43352,1.12,4.35,0.28,0.22,"NAN","NAN","NAN","NAN",3.54
"2026-01-26 15:20:00",43353,1.34,5.25,0.33,0.27,"NAN","NAN","NAN","NAN",3.55
"2026-01-26 15:30:00",43354,1.06,4.11,0.27,0.21,"NAN","NAN","NAN","NAN",3.55
"2026-01-26 15:40:00",43355,0.76,2.9,0.25,0.19,"NAN","NAN","NAN","NAN",3.551
"2026-01-26 15:50:00",43356,0.88,3.37,0.29,0.23,"NAN","NAN","NAN","NAN",3.552
"2026-01-26 16:00:00",43357,1.13,4.4,0.34,0.28,"NAN","NAN","NAN","NAN",3.55
"2026-01-26 16:10:00",43358,0.86,3.29,0.3,0.24,"NAN","NAN","NAN","NAN",3.548
"2026-01-26 16:20:00",43359,0.73,2.78,0.26,0.2,"NAN","NAN","NAN","NAN",3.556
"2026-01-26 16:30:00",43360,1.06,4.12,0.25,0.19,"NAN","NAN","NAN","NAN",3.543
"2026-01-26 16:40:00",43361,0.8,3.07,0.25,0.19,"NAN","NAN","NAN","NAN",3.539
"2026-01-26 16:50:00",43362,1,3.89,0.27,0.2,"NAN","NAN","NAN","NAN",3.537
"2026-01-26 17:00:00",43363,0.97,3.74,0.27,0.21,"NAN","NAN","NAN","NAN",3.534
"2026-01-26 17:10:00",43364,0.68,2.57,0.25,0.19,"NAN","NAN","NAN","NAN",3.55
"2026-01-26 17:20:00",43365,0.97,3.75,0.3,0.24,"NAN","NAN","NAN","NAN",3.544
"2026-01-26 17:30:00",43366,0.61,2.29,0.25,0.19,"NAN","NAN","NAN","NAN",3.539
"2026-01-26 17:40:00",43367,0.52,1.93,0.21,0.15,"NAN","NAN","NAN","NAN",3.542
"2026-01-26 17:50:00",43368,0.8,3.06,0.27,0.21,"NAN","NAN","NAN","NAN",3.541
"2026-01-26 18:00:00",43369,0.97,3.74,0.29,0.23,"NAN","NAN","NAN","NAN",3.548
"2026-01-26 18:10:00",43370,0.67,2.53,0.26,0.2,"NAN","NAN","NAN","NAN",3.547
"2026-01-26 18:20:00",43371,1.6,6.31,0.4,0.33,"NAN","NAN","NAN","NAN",3.541
"2026-01-26 18:30:00",43372,0.72,2.75,0.27,0.21,"NAN","NAN","NAN","NAN",3.536
"2026-01-26 18:40:00",43373,0.83,3.18,0.3,0.23,"NAN","NAN","NAN","NAN",3.532
"2026-01-26 18:50:00",43374,"NAN","NAN","NAN","NAN","NAN","NAN","NAN","NAN","NAN"
"2026-01-26 19:00:00",43375,0.66,2.51,0.32,0.26,"NAN","NAN","NAN","NAN",3.541
"2026-01-26 19:10:00",43376,0.76,2.91,0.25,0.19,"NAN","NAN","NAN","NAN",3.54
"2026-01-26 19:20:00",43377,0.68,2.57,0.27,0.21,"NAN","NAN","NAN","NAN",3.532
"2026-01-26 19:30:00",43378,1.08,4.2,0.29,0.23,"NAN","NAN","NAN","NAN",3.519
"2026-01-26 19:40:00",43379,1.02,3.95,0.3,0.24,"NAN","NAN","NAN","NAN",3.521
"2026-01-26 19:50:00",43380,1.05,4.07,0.28,0.22,"NAN","NAN","NAN","NAN",3.524
"2026-01-26 20:00:00",43381,0.93,3.57,0.29,0.22,"NAN","NAN","NAN","NAN",3.53
"2026-01-26 20:10:00",43382,0.75,2.87,0.33,0.27,"NAN","NAN","NAN","NAN",3.532
"2026-01-26 20:20:00",43383,0.86,3.32,0.29,0.23,"NAN","NAN","NAN","NAN",3.536
"2026-01-26 20:30:00",43384,0.65,2.47,0.28,0.22,"NAN","NAN","NAN","NAN",3.533
"2026-01-26 20:40:00",43385,0.8,3.07,0.26,0.2,"NAN","NAN","NAN","NAN",3.551
"2026-01-26 20:50:00",43386,0.95,3.68,0.28,0.22,"NAN","NAN","NAN","NAN",3.543
"2026-01-26 21:00:00",43387,0.74,2.84,0.26,0.2,"NAN","NAN","NAN","NAN",3.536
"2026-01-26 21:10:00",43388,1.12,4.35,0.29,0.23,"NAN","NAN","NAN","NAN",3.526
"2026-01-26 21:20:00",43389,1.04,4.02,0.29,0.23,"NAN","NAN","NAN","NAN",3.53
"2026-01-26 21:30:00",43390,0.88,3.4,0.26,0.2,"NAN","NAN","NAN","NAN",3.527
"2026-01-26 21:40:00",43391,0.7,2.67,0.28,0.22,"NAN","NAN","NAN","NAN",3.532
"2026-01-26 21:50:00",43392,1.05,4.07,0.3,0.24,"NAN","NAN","NAN","NAN",3.527
"2026-01-26 22:00:00",43393,0.91,3.5,0.25,0.19,"NAN","NAN","NAN","NAN",3.522
"2026-01-26 22:10:00",43394,1.05,4.09,0.29,0.23,"NAN","NAN","NAN","NAN",3.526
"2026-01-26 22:20:00",43395,0.83,3.19,0.27,0.21,"NAN","NAN","NAN","NAN",3.53
"2026-01-26 22:30:00",43396,1.23,4.8,0.32,0.26,"NAN","NAN","NAN","NAN",3.53
"2026-01-26 22:40:00",43397,1,3.88,0.31,0.25,"NAN","NAN","NAN","NAN",3.526
"2026-01-26 22:50:00",43398,1.34,5.24,0.35,0.29,"NAN","NAN","NAN","NAN",3.53
"2026-01-26 23:00:00",43399,1.26,4.93,0.32,0.26,"NAN","NAN","NAN","NAN",3.53
"2026-01-26 23:10:00",43400,1.54,6.04,0.39,0.32,"NAN","NAN","NAN","NAN",3.534
"2026-01-26 23:20:00",43401,0.87,3.34,0.26,0.2,"NAN","NAN","NAN","NAN",3.529
"2026-01-26 23:30:00",43402,1.14,4.42,0.31,0.24,"NAN","NAN","NAN","NAN",3.519
"2026-01-26 23:40:00",43403,0.97,3.77,0.25,0.19,"NAN","NAN","NAN","NAN",3.513
"2026-01-26 23:50:00",43404,1.08,4.19,0.29,0.23,"NAN","NAN","NAN","NAN",3.516
"2026-01-27 00:00:00",43405,1.65,6.49,0.43,0.37,"NAN","NAN","NAN","NAN",3.52
"2026-01-27 00:10:00",43406,1.7,6.69,0.31,0.24,"NAN","NAN","NAN","NAN",3.523
"2026-01-27 00:20:00",43407,0.99,3.83,0.29,0.23,"NAN","NAN","NAN","NAN",3.523
"2026-01-27 00:30:00",43408,1.16,4.5,0.33,0.26,"NAN","NAN","NAN","NAN",3.52
"2026-01-27 00:40:00",43409,0.85,3.28,0.26,0.2,"NAN","NAN","NAN","NAN",3.524
"2026-01-27 00:50:00",43410,0.99,3.83,0.27,0.21,"NAN","NAN","NAN","NAN",3.524
"2026-01-27 01:00:00",43411,0.92,3.54,0.3,0.24,"NAN","NAN","NAN","NAN",3.522
"2026-01-27 01:10:00",43412,0.74,2.82,0.4,0.34,"NAN","NAN","NAN","NAN",3.541
"2026-01-27 01:20:00",43413,0.95,3.67,0.3,0.24,"NAN","NAN","NAN","NAN",3.524
"2026-01-27 01:30:00",43414,1.12,4.37,0.32,0.26,"NAN","NAN","NAN","NAN",3.514
"2026-01-27 01:40:00",43415,0.69,2.63,0.27,0.21,"NAN","NAN","NAN","NAN",3.518
"2026-01-27 01:50:00",43416,0.55,2.07,0.26,0.2,"NAN","NAN","NAN","NAN",3.514
"2026-01-27 02:00:00",43417,2.47,9.810001,0.3,0.24,"NAN","NAN","NAN","NAN",3.526
"2026-01-27 02:10:00",43418,1.26,4.93,0.32,0.26,"NAN","NAN","NAN","NAN",3.51
"2026-01-27 02:20:00",43419,1.02,3.95,0.31,0.25,"NAN","NAN","NAN","NAN",3.509
"2026-01-27 02:30:00",43420,1,3.88,0.27,0.21,"NAN","NAN","NAN","NAN",3.517
"2026-01-27 02:40:00",43421,0.78,2.99,0.25,0.19,"NAN","NAN","NAN","NAN",3.518
"2026-01-27 02:50:00",43422,0.7,2.68,0.25,0.19,"NAN","NAN","NAN","NAN",3.522
"2026-01-27 03:00:00",43423,0.42,1.52,0.23,0.17,"NAN","NAN","NAN","NAN",3.531
"2026-01-27 03:10:00",43424,0.81,3.1,0.29,0.23,"NAN","NAN","NAN","NAN",3.526
"2026-01-27 03:20:00",43425,0.54,2.02,0.22,0.16,"NAN","NAN","NAN","NAN",3.523
"2026-01-27 03:30:00",43426,0.37,1.35,0.22,0.17,"NAN","NAN","NAN","NAN",3.523
"2026-01-27 03:40:00",43427,"NAN","NAN","NAN","NAN","NAN","NAN","NAN","NAN","NAN"
"2026-01-27 03:50:00",43428,0.8,3.08,0.24,0.18,"NAN","NAN","NAN","NAN",3.521
"2026-01-27 04:00:00",43429,0.64,2.42,0.24,0.18,"NAN","NAN","NAN","NAN",3.521
"2026-01-27 04:10:00",43430,0.32,1.13,0.19,0.13,"NAN","NAN","NAN","NAN",3.521
"2026-01-27 04:20:00",43431,0.31,1.08,0.18,0.13,"NAN","NAN","NAN","NAN",3.522
"2026-01-27 04:30:00",43432,0.45,1.66,0.27,0.21,"NAN","NAN","NAN","NAN",3.52
"2026-01-27 04:40:00",43433,0.56,2.11,0.25,0.19,"NAN","NAN","NAN","NAN",3.528
"2026-01-27 04:50:00",43434,0.39,1.41,0.21,0.15,"NAN","NAN","NAN","NAN",3.525
"2026-01-27 05:00:00",43435,1.07,4.15,0.33,0.26,"NAN","NAN","NAN","NAN",3.521
"2026-01-27 05:10:00",43436,0.88,3.38,0.24,0.18,"NAN","NAN","NAN","NAN",3.518
"2026-01-27 05:20:00",43437,1.46,5.73,0.32,0.26,"NAN","NAN","NAN","NAN",3.516
"2026-01-27 05:30:00",43438,1.16,4.54,0.29,0.23,"NAN","NAN","NAN","NAN",3.516
"2026-01-27 05:40:00",43439,1.21,4.74,0.44,0.38,"NAN","NAN","NAN","NAN",3.516
"2026-01-27 05:50:00",43440,1.8,7.1,0.32,0.26,"NAN","NAN","NAN","NAN",3.513
"2026-01-27 06:00:00",43441,0.76,2.91,0.29,0.23,"NAN","NAN","NAN","NAN",3.501
"2026-01-27 06:10:00",43442,2.49,9.89,0.43,0.37,"NAN","NAN","NAN","NAN",3.471
"2026-01-27 06:20:00",43443,2.73,10.84,0.38,0.32,"NAN","NAN","NAN","NAN",3.49
"2026-01-27 06:30:00",43444,1.05,4.09,0.31,0.25,"NAN","NAN","NAN","NAN",3.493
"2026-01-27 06:40:00",43445,0.84,3.25,0.3,0.24,"NAN","NAN","NAN","NAN",3.488
"2026-01-27 06:50:00",43446,0.9,3.46,0.29,0.23,"NAN","NAN","NAN","NAN",3.492
"2026-01-27 07:00:00",43447,1.01,3.93,0.34,0.28,"NAN","NAN","NAN","NAN",3.489
"2026-01-27 07:10:00",43448,1.02,3.94,0.27,0.21,"NAN","NAN","NAN","NAN",3.486
"2026-01-27 07:20:00",43449,1.54,6.06,0.27,0.21,"NAN","NAN","NAN","NAN",3.504
"2026-01-27 07:30:00",43450,0.7,2.66,0.28,0.22,"NAN","NAN","NAN","NAN",3.503
"2026-01-27 07:40:00",43451,2.84,11.32,0.47,0.41,"NAN","NAN","NAN","NAN",3.498
"2026-01-27 07:50:00",43452,0.96,3.69,0.28,0.22,"NAN","NAN","NAN","NAN",3.492
"2026-01-27 08:00:00",43453,0.97,3.75,0.32,0.26,"NAN","NAN","NAN","NAN",3.5
"2026-01-27 08:10:00",43454,0.75,2.85,0.24,0.18,"NAN","NAN","NAN","NAN",3.525
"2026-01-27 08:20:00",43455,0.47,1.74,0.22,0.16,"NAN","NAN","NAN","NAN",3.528
"2026-01-27 08:30:00",43456,0.53,1.96,0.23,0.17,"NAN","NAN","NAN","NAN",3.526
"2026-01-27 08:40:00",43457,0.46,1.71,0.23,0.17,"NAN","NAN","NAN","NAN",3.529
"2026-01-27 08:50:00",43458,0.49,1.83,0.22,0.16,"NAN","NAN","NAN","NAN",3.523
"2026-01-27 09:00:00",43459,0.4,1.46,0.21,0.15,"NAN","NAN","NAN","NAN",3.526
"2026-01-27 09:10:00",43460,0.44,1.61,0.19,0.13,"NAN","NAN","NAN","NAN",3.535
"2026-01-27 09:20:00",43461,0.49,1.82,0.19,0.13,"NAN","NAN","NAN","NAN",3.529
"2026-01-27 09:30:00",43462,0.47,1.74,0.2,0.14,"NAN","NAN","NAN","NAN",3.526
"2026-01-27 09:40:00",43463,0.39,1.41,0.22,0.16,"NAN","NAN","NAN","NAN",3.523
"2026-01-27 09:50:00",43464,0.64,2.43,0.22,0.16,"NAN","NAN","NAN","NAN",3.519
"2026-01-27 10:00:00",43465,0.62,2.35,0.25,0.19,"NAN","NAN","NAN","NAN",3.523
"2026-01-27 10:10:00",43466,0.89,3.43,0.24,0.18,"NAN","NAN","NAN","NAN",3.521
"2026-01-27 10:20:00",43467,0.36,1.28,0.21,0.15,"NAN","NAN","NAN","NAN",3.521
"2026-01-27 10:30:00",43468,0.42,1.52,0.2,0.14,"NAN","NAN","NAN","NAN",3.52
"2026-01-27 10:40:00",43469,0.41,1.49,0.23,0.17,"NAN","NAN","NAN","NAN",3.515
"2026-01-27 10:50:00",43470,0.63,2.39,0.23,0.17,"NAN","NAN","NAN","NAN",3.519
"2026-01-27 11:00:00",43471,0.33,1.16,0.21,0.15,"NAN","NAN","NAN","NAN",3.522
"2026-01-27 11:10:00",43472,0.86,3.32,0.31,0.25,"NAN","NAN","NAN","NAN",3.523
"2026-01-27 11:20:00",43473,0.29,1.01,0.21,0.15,"NAN","NAN","NAN","NAN",3.525
"2026-01-27 11:30:00",43474,0.63,2.36,0.24,0.18,"NAN","NAN","NAN","NAN",3.525
"2026-01-27 11:40:00",43475,0.51,1.89,0.25,0.19,"NAN","NAN","NAN","NAN",3.535
"2026-01-27 11:50:00",43476,0.42,1.54,0.24,0.18,"NAN","NAN","NAN","NAN",3.541
"2026-01-27 12:00:00",43477,0.68,2.58,0.27,0.21,"NAN","NAN","NAN","NAN",3.54
"2026-01-27 12:10:00",43478,0.66,2.51,0.26,0.2,"NAN","NAN","NAN","NAN",3.534
"2026-01-27 12:20:00",43479,0.69,2.61,0.23,0.17,"NAN","NAN","NAN","NAN",3.531
"2026-01-27 12:30:00",43480,"NAN","NAN","NAN","NAN","NAN","NAN","NAN","NAN","NAN"
"2026-01-27 12:40:00",43481,1.09,4.23,0.32,0.26,"NAN","NAN","NAN","NAN",3.524
"2026-01-27 12:50:00",43482,0.76,2.92,0.23,0.17,"NAN","NAN","NAN","NAN",3.523
"2026-01-27 13:00:00",43483,1.13,4.41,0.34,0.28,"NAN","NAN","NAN","NAN",3.526
"2026-01-27 13:10:00",43484,0.48,1.77,0.27,0.2,"NAN","NAN","NAN","NAN",3.534
"2026-01-27 13:20:00",43485,0.82,3.14,0.21,0.15,"NAN","NAN","NAN","NAN",3.539
"2026-01-27 13:30:00",43486,0.69,2.62,0.2,0.14,"NAN","NAN","NAN","NAN",3.545
"2026-01-27 13:40:00",43487,0.62,2.34,0.24,0.18,"NAN","NAN","NAN","NAN",3.546
"2026-01-27 13:50:00",43488,0.74,2.84,0.23,0.17,"NAN","NAN","NAN","NAN",3.542
"2026-01-27 14:00:00",43489,0.54,2.02,0.24,0.18,"NAN","NAN","NAN","NAN",3.537
"2026-01-27 14:10:00",43490,0.45,1.67,0.2,0.14,"NAN","NAN","NAN","NAN",3.536
"2026-01-27 14:20:00",43491,0.51,1.9,0.19,0.13,"NAN","NAN","NAN","NAN",3.543
"2026-01-27 14:30:00",43492,0.63,2.4,0.26,0.2,"NAN","NAN","NAN","NAN",3.546
"2026-01-27 14:40:00",43493,0.48,1.76,0.24,0.18,"NAN","NAN","NAN","NAN",3.546
"2026-01-27 14:50:00",43494,0.53,1.98,0.24,0.18,"NAN","NAN","NAN","NAN",3.545
"2026-01-27 15:00:00",43495,0.38,1.38,0.25,0.19,"NAN","NAN","NAN","NAN",3.546
"2026-01-27 15:10:00",43496,0.82,3.14,0.22,0.16,"NAN","NAN","NAN","NAN",3.532
"2026-01-27 15:20:00",43497,0.48,1.77,0.23,0.17,"NAN","NAN","NAN","NAN",3.548
"2026-01-27 15:30:00",43498,0.39,1.42,0.19,0.14,"NAN","NAN","NAN","NAN",3.547
"2026-01-27 15:40:00",43499,0.6,2.27,0.27,0.21,"NAN","NAN","NAN","NAN",3.546
"2026-01-27 15:50:00",43500,0.29,1.02,0.19,0.13,"NAN","NAN","NAN","NAN",3.546
"2026-01-27 16:00:00",43501,0.48,1.79,0.18,0.12,"NAN","NAN","NAN","NAN",3.545
"2026-01-27 16:10:00",43502,0.39,1.43,0.21,0.15,"NAN","NAN","NAN","NAN",3.562
"2026-01-27 16:20:00",43503,0.31,1.1,0.24,0.18,"NAN","NAN","NAN","NAN",3.553
"2026-01-27 16:30:00",43504,0.56,2.11,0.25,0.19,"NAN","NAN","NAN","NAN",3.543
"2026-01-27 16:40:00",43505,0.3,1.03,0.23,0.17,"NAN","NAN","NAN","NAN",3.539
"2026-01-27 16:50:00",43506,0.28,0.97,0.19,0.13,"NAN","NAN","NAN","NAN",3.539
"2026-01-27 17:00:00",43507,0.95,3.69,0.27,0.21,"NAN","NAN","NAN","NAN",3.534
"2026-01-27 17:10:00",43508,0.73,2.79,0.24,0.18,"NAN","NAN","NAN","NAN",3.526
"2026-01-27 17:20:00",43509,0.33,1.16,0.2,0.14,"NAN","NAN","NAN","NAN",3.523
"2026-01-27 17:30:00",43510,0.44,1.63,0.26,0.2,"NAN","NAN","NAN","NAN",3.525
"2026-01-27 17:40:00",43511,0.38,1.38,0.23,0.17,"NAN","NAN","NAN","NAN",3.526
"2026-01-27 17:50:00",43512,0.6,2.24,0.23,0.17,"NAN","NAN","NAN","NAN",3.518
"2026-01-27 18:00:00",43513,0.28,0.98,0.18,0.12,"NAN","NAN","NAN","NAN",3.525
"2026-01-27 18:10:00",43514,0.52,1.96,0.23,0.17,"NAN","NAN","NAN","NAN",3.527
"2026-01-27 18:20:00",43515,0.37,1.33,0.24,0.18,"NAN","NAN","NAN","NAN",3.528
"2026-01-27 18:30:00",43516,0.44,1.63,0.22,0.16,"NAN","NAN","NAN","NAN",3.523
"2026-01-27 18:40:00",43517,0.31,1.08,0.18,0.12,"NAN","NAN","NAN","NAN",3.517
"2026-01-27 18:50:00",43518,0.66,2.48,0.33,0.26,"NAN","NAN","NAN","NAN",3.522
"2026-01-27 19:00:00",43519,0.42,1.54,0.24,0.18,"NAN","NAN","NAN","NAN",3.521
"2026-01-27 19:10:00",43520,0.42,1.53,0.22,0.16,"NAN","NAN","NAN","NAN",3.52
"2026-01-27 19:20:00",43521,0.29,1.02,0.2,0.14,"NAN","NAN","NAN","NAN",3.52
"2026-01-27 19:30:00",43522,3.22,12.83,0.39,0.33,"NAN","NAN","NAN","NAN",3.5
"2026-01-27 19:40:00",43523,1.83,7.22,0.34,0.28,"NAN","NAN","NAN","NAN",3.513
"2026-01-27 19:50:00",43524,1.25,4.9,0.27,0.21,"NAN","NAN","NAN","NAN",3.514
"2026-01-27 20:00:00",43525,1.56,6.12,0.35,0.29,"NAN","NAN","NAN","NAN",3.501
"2026-01-27 20:10:00",43526,1.91,7.54,0.43,0.37,"NAN","NAN","NAN","NAN",3.501
"2026-01-27 20:20:00",43527,0.69,2.62,0.31,0.25,"NAN","NAN","NAN","NAN",3.511
"2026-01-27 20:30:00",43528,0.91,3.49,0.28,0.22,"NAN","NAN","NAN","NAN",3.517
"2026-01-27 20:40:00",43529,1.32,5.15,0.31,0.25,"NAN","NAN","NAN","NAN",3.515
"2026-01-27 20:50:00",43530,0.96,3.73,0.31,0.25,"NAN","NAN","NAN","NAN",3.519
"2026-01-27 21:00:00",43531,0.93,3.59,0.3,0.24,"NAN","NAN","NAN","NAN",3.523
"2026-01-27 21:10:00",43532,0.63,2.37,0.27,0.21,"NAN","NAN","NAN","NAN",3.523
"2026-01-27 21:20:00",43533,"NAN","NAN","NAN","NAN","NAN","NAN","NAN","NAN","NAN"
"2026-01-27 21:30:00",43534,1.2,4.68,0.36,0.3,"NAN","NAN","NAN","NAN",3.523
"2026-01-27 21:40:00",43535,1.97,7.79,0.4,0.34,"NAN","NAN","NAN","NAN",3.518
"2026-01-27 21:50:00",43536,1.02,3.94,0.3,0.24,"NAN","NAN","NAN","NAN",3.514
"2026-01-27 22:00:00",43537,1.37,5.35,0.4,0.34,"NAN","NAN","NAN","NAN",3.514
"2026-01-27 22:10:00",43538,1.08,4.19,0.34,0.27,"NAN","NAN","NAN","NAN",3.512
"2026-01-27 22:20:00",43539,1.85,7.31,0.52,0.45,"NAN","NAN","NAN","NAN",3.506
"2026-01-27 22:30:00",43540,1.63,6.43,0.29,0.23,"NAN","NAN","NAN","NAN",3.514
"2026-01-27 22:40:00",43541,0.89,3.45,0.28,0.22,"NAN","NAN","NAN","NAN",3.519
"2026-01-27 22:50:00",43542,0.88,3.4,0.33,0.26,"NAN","NAN","NAN","NAN",3.518
"2026-01-27 23:00:00",43543,1.23,4.8,0.37,0.31,"NAN","NAN","NAN","NAN",3.517
"2026-01-27 23:10:00",43544,1.45,5.69,0.35,0.29,"NAN","NAN","NAN","NAN",3.522
"2026-01-27 23:20:00",43545,1.33,5.21,0.32,0.26,"NAN","NAN","NAN","NAN",3.516
"2026-01-27 23:30:00",43546,1.95,7.69,0.38,0.32,"NAN","NAN","NAN","NAN",3.512
"2026-01-27 23:40:00",43547,2.67,10.6,0.36,0.3,"NAN","NAN","NAN","NAN",3.512
"2026-01-27 23:50:00",43548,1.02,3.95,0.32,0.26,"NAN","NAN","NAN","NAN",3.521
"2026-01-28 00:00:00",43549,1.13,4.41,0.4,0.33,"NAN","NAN","NAN","NAN",3.52
"2026-01-28 00:10:00",43550,1.11,4.32,0.37,0.31,"NAN","NAN","NAN","NAN",3.522
"2026-01-28 00:20:00",43551,1.02,3.96,0.48,0.42,"NAN","NAN","NAN","NAN",3.516
"2026-01-28 00:30:00",43552,2.12,8.38,0.41,0.35,"NAN","NAN","NAN","NAN",3.507
"2026-01-28 00:40:00",43553,1.63,6.4,0.37,0.31,"NAN","NAN","NAN","NAN",3.499
"2026-01-28 00:50:00",43554,1.51,5.94,0.42,0.35,"NAN","NAN","NAN","NAN",3.5
"2026-01-28 01:00:00",43555,2.01,7.94,0.43,0.36,"NAN","NAN","NAN","NAN",3.51
"2026-01-28 01:10:00",43556,1.14,4.43,0.39,0.33,"NAN","NAN","NAN","NAN",3.51
"2026-01-28 01:20:00",43557,1.58,6.22,0.47,0.4,"NAN","NAN","NAN","NAN",3.508
"2026-01-28 01:30:00",43558,1.74,6.88,0.37,0.31,"NAN","NAN","NAN","NAN",3.509
"2026-01-28 01:40:00",43559,1.65,6.48,0.37,0.31,"NAN","NAN","NAN","NAN",3.506
"2026-01-28 01:50:00",43560,1.2,4.69,0.4,0.33,"NAN","NAN","NAN","NAN",3.514
"2026-01-28 02:00:00",43561,1.19,4.65,0.26,0.2,"NAN","NAN","NAN","NAN",3.515
"2026-01-28 02:10:00",43562,1.27,4.95,0.29,0.23,"NAN","NAN","NAN","NAN",3.518
"2026-01-28 02:20:00",43563,4.06,16.22,0.29,0.23,"NAN","NAN","NAN","NAN",3.517
"2026-01-28 02:30:00",43564,1.5,5.91,0.53,0.46,"NAN","NAN","NAN","NAN",3.524
"2026-01-28 02:40:00",43565,1.38,5.39,0.33,0.27,"NAN","NAN","NAN","NAN",3.525
"2026-01-28 02:50:00",43566,0.97,3.77,0.29,0.23,"NAN","NAN","NAN","NAN",3.526
"2026-01-28 03:00:00",43567,1.21,4.73,0.28,0.22,"NAN","NAN","NAN","NAN",3.516
"2026-01-28 03:10:00",43568,1.04,4.02,0.28,0.21,"NAN","NAN","NAN","NAN",3.524
"2026-01-28 03:20:00",43569,2.45,9.729999,0.33,0.27,"NAN","NAN","NAN","NAN",3.526
"2026-01-28 03:30:00",43570,0.92,3.54,0.29,0.23,"NAN","NAN","NAN","NAN",3.526
"2026-01-28 03:40:00",43571,1.09,4.23,0.29,0.23,"NAN","NAN","NAN","NAN",3.528
"2026-01-28 03:50:00",43572,0.81,3.12,0.23,0.17,"NAN","NAN","NAN","NAN",3.521
"2026-01-28 04:00:00",43573,1.43,5.63,0.34,0.28,"NAN","NAN","NAN","NAN",3.521
"2026-01-28 04:10:00",43574,2.52,10,0.44,0.38,"NAN","NAN","NAN","NAN",3.513
"2026-01-28 04:20:00",43575,3.07,12.23,0.65,0.58,"NAN","NAN","NAN","NAN",3.511
"2026-01-28 04:30:00",43576,0.63,2.39,0.24,0.18,"NAN","NAN","NAN","NAN",3.527
"2026-01-28 04:40:00",43577,1.19,4.65,0.25,0.19,"NAN","NAN","NAN","NAN",3.529
"2026-01-28 04:50:00",43578,0.81,3.12,0.24,0.18,"NAN","NAN","NAN","NAN",3.53
"2026-01-28 05:00:00",43579,0.42,1.53,0.28,0.22,"NAN","NAN","NAN","NAN",3.532
"2026-01-28 05:10:00",43580,0.59,2.2,0.22,0.16,"NAN","NAN","NAN","NAN",3.534
"2026-01-28 05:20:00",43581,1.3,5.07,0.34,0.28,"NAN","NAN","NAN","NAN",3.535
"2026-01-28 05:30:00",43582,0.69,2.63,0.27,0.21,"NAN","NAN","NAN","NAN",3.541
"2026-01-28 05:40:00",43583,0.53,1.96,0.24,0.18,"NAN","NAN","NAN","NAN",3.541
"2026-01-28 05:50:00",43584,2.12,8.38,0.31,0.25,"NAN","NAN","NAN","NAN",3.541
"2026-01-28 06:00:00",43585,1.15,4.47,0.22,0.16,"NAN","NAN","NAN","NAN",3.538
"2026-01-28 06:10:00",43586,"NAN","NAN","NAN","NAN","NAN","NAN","NAN","NAN","NAN"
"2026-01-28 06:20:00",43587,1.6,6.3,0.33,0.27,"NAN","NAN","NAN","NAN",3.536
"2026-01-28 06:30:00",43588,0.55,2.05,0.27,0.21,"NAN","NAN","NAN","NAN",3.536
"2026-01-28 06:40:00",43589,0.93,3.58,0.25,0.19,"NAN","NAN","NAN","NAN",3.537
"2026-01-28 06:50:00",43590,0.53,2,0.27,0.21,"NAN","NAN","NAN","NAN",3.539
"2026-01-28 07:00:00",43591,0.36,1.29,0.23,0.17,"NAN","NAN","NAN","NAN",3.539
"2026-01-28 07:10:00",43592,2.64,10.49,0.41,0.34,"NAN","NAN","NAN","NAN",3.543
"2026-01-28 07:20:00",43593,0.58,2.2,0.24,0.18,"NAN","NAN","NAN","NAN",3.539
"2026-01-28 07:30:00",43594,0.77,2.93,0.23,0.18,"NAN","NAN","NAN","NAN",3.537
"2026-01-28 07:40:00",43595,0.47,1.72,0.21,0.15,"NAN","NAN","NAN","NAN",3.536
"2026-01-28 07:50:00",43596,1.35,5.3,0.26,0.2,"NAN","NAN","NAN","NAN",3.534
"2026-01-28 08:00:00",43597,0.98,3.78,0.29,0.23,"NAN","NAN","NAN","NAN",3.534
"2026-01-28 08:10:00",43598,1.35,5.3,0.24,0.18,"NAN","NAN","NAN","NAN",3.538
"2026-01-28 08:20:00",43599,0.52,1.92,0.23,0.17,"NAN","NAN","NAN","NAN",3.537
"2026-01-28 08:30:00",43600,0.42,1.52,0.21,0.15,"NAN","NAN","NAN","NAN",3.537
"2026-01-28 08:40:00",43601,0.49,1.83,0.27,0.21,"NAN","NAN","NAN","NAN",3.537
"2026-01-28 08:50:00",43602,0.65,2.45,0.3,0.24,"NAN","NAN","NAN","NAN",3.529
"2026-01-28 09:00:00",43603,1.64,6.47,0.42,0.35,"NAN","NAN","NAN","NAN",3.546
"2026-01-28 09:10:00",43604,0.59,2.2,0.26,0.2,"NAN","NAN","NAN","NAN",3.545
"2026-01-28 09:20:00",43605,0.49,1.82,0.21,0.15,"NAN","NAN","NAN","NAN",3.541
"2026-01-28 09:30:00",43606,1.4,5.49,0.34,0.28,"NAN","NAN","NAN","NAN",3.537
"2026-01-28 09:40:00",43607,0.43,1.56,0.22,0.16,"NAN","NAN","NAN","NAN",3.538
"2026-01-28 09:50:00",43608,1.28,5.02,0.24,0.18,"NAN","NAN","NAN","NAN",3.545
"2026-01-28 10:00:00",43609,0.28,0.95,0.2,0.14,"NAN","NAN","NAN","NAN",3.546
"2026-01-28 10:10:00",43610,0.4,1.44,0.2,0.14,"NAN","NAN","NAN","NAN",3.548
"2026-01-28 10:20:00",43611,0.56,2.09,0.19,0.14,"NAN","NAN","NAN","NAN",3.551
"2026-01-28 10:30:00",43612,0.49,1.8,0.23,0.17,"NAN","NAN","NAN","NAN",3.551
"2026-01-28 10:40:00",43613,0.35,1.26,0.22,0.16,"NAN","NAN","NAN","NAN",3.547
"2026-01-28 10:50:00",43614,0.57,2.16,0.2,0.14,"NAN","NAN","NAN","NAN",3.549
"2026-01-28 11:00:00",43615,0.23,0.76,0.17,0.11,"NAN","NAN","NAN","NAN",3.55
"2026-01-28 11:10:00",43616,0.52,1.93,0.21,0.15,"NAN","NAN","NAN","NAN",3.551
"2026-01-28 11:20:00",43617,0.77,2.95,0.26,0.2,"NAN","NAN","NAN","NAN",3.553
"2026-01-28 11:30:00",43618,0.26,0.87,0.26,0.2,"NAN","NAN","NAN","NAN",3.55
"2026-01-28 11:40:00",43619,0.45,1.64,0.22,0.16,"NAN","NAN","NAN","NAN",3.559
"2026-01-28 11:50:00",43620,0.8,3.05,0.23,0.17,"NAN","NAN","NAN","NAN",3.56
"2026-01-28 12:00:00",43621,0.57,2.16,0.21,0.16,"NAN","NAN","NAN","NAN",3.561
"2026-01-28 12:10:00",43622,0.87,3.34,0.22,0.16,"NAN","NAN","NAN","NAN",3.562
"2026-01-28 12:20:00",43623,0.24,0.82,0.15,0.1,"NAN","NAN","NAN","NAN",3.563
"2026-01-28 12:30:00",43624,0.23,0.76,0.21,0.15,"NAN","NAN","NAN","NAN",3.585
"2026-01-28 12:40:00",43625,0.52,1.93,0.26,0.2,"NAN","NAN","NAN","NAN",3.582
"2026-01-28 12:50:00",43626,0.44,1.61,0.18,0.12,"NAN","NAN","NAN","NAN",3.58
"2026-01-28 13:00:00",43627,0.53,1.99,0.2,0.14,"NAN","NAN","NAN","NAN",3.578
"2026-01-28 13:10:00",43628,0.26,0.87,0.16,0.11,"NAN","NAN","NAN","NAN",3.578
"2026-01-28 13:20:00",43629,0.56,2.11,0.25,0.19,"NAN","NAN","NAN","NAN",3.581
"2026-01-28 13:30:00",43630,0.69,2.61,0.21,0.15,"NAN","NAN","NAN","NAN",3.583
"2026-01-28 13:40:00",43631,0.22,0.71,0.2,0.14,"NAN","NAN","NAN","NAN",3.584
"2026-01-28 13:50:00",43632,0.42,1.54,0.21,0.15,"NAN","NAN","NAN","NAN",3.585
"2026-01-28 14:00:00",43633,0.55,2.05,0.2,0.14,"NAN","NAN","NAN","NAN",3.587
"2026-01-28 14:10:00",43634,0.77,2.95,0.19,0.13,"NAN","NAN","NAN","NAN",3.585
"2026-01-28 14:20:00",43635,0.31,1.09,0.18,0.12,"NAN","NAN","NAN","NAN",3.593
"2026-01-28 14:30:00",43636,0.36,1.3,0.18,0.12,"NAN","NAN","NAN","NAN",3.594
"2026-01-28 14:40:00",43637,0.36,1.29,0.2,0.14,"NAN","NAN","NAN","NAN",3.595
"2026-01-28 14:50:00",43638,0.31,1.08,0.22,0.16,"NAN","NAN","NAN","NAN",3.597
"2026-01-28 15:00:00",43639,"NAN","NAN","NAN","NAN","NAN","NAN","NAN","NAN","NAN"
"2026-01-28 15:10:00",43640,0.34,1.21,0.21,0.15,"NAN","NAN","NAN","NAN",3.593
"2026-01-28 15:20:00",43641,0.46,1.68,0.17,0.11,"NAN","NAN","NAN","NAN",3.591
"2026-01-28 15:30:00",43642,0.36,1.28,0.22,0.16,"NAN","NAN","NAN","NAN",3.592
"2026-01-28 15:40:00",43643,0.55,2.08,0.19,0.13,"NAN","NAN","NAN","NAN",3.593
"2026-01-28 15:50:00",43644,0.25,0.87,0.19,0.13,"NAN","NAN","NAN","NAN",3.593
"2026-01-28 16:00:00",43645,0.29,1.02,0.2,0.14,"NAN","NAN","NAN","NAN",3.593
"2026-01-28 16:10:00",43646,0.27,0.92,0.21,0.15,"NAN","NAN","NAN","NAN",3.588
"2026-01-28 16:20:00",43647,0.9,3.46,0.18,0.12,"NAN","NAN","NAN","NAN",3.584
"2026-01-28 16:30:00",43648,0.35,1.25,0.23,0.17,"NAN","NAN","NAN","NAN",3.577
"2026-01-28 16:40:00",43649,0.45,1.66,0.21,0.15,"NAN","NAN","NAN","NAN",3.572
"2026-01-28 16:50:00",43650,0.39,1.41,0.24,0.18,"NAN","NAN","NAN","NAN",3.574
"2026-01-28 17:00:00",43651,0.56,2.11,0.25,0.19,"NAN","NAN","NAN","NAN",3.576
"2026-01-28 17:10:00",43652,1.11,4.31,0.22,0.16,"NAN","NAN","NAN","NAN",3.575
"2026-01-28 17:20:00",43653,0.39,1.42,0.19,0.13,"NAN","NAN","NAN","NAN",3.573
"2026-01-28 17:30:00",43654,0.23,0.78,0.19,0.13,"NAN","NAN","NAN","NAN",3.571
"2026-01-28 17:40:00",43655,0.36,1.31,0.23,0.17,"NAN","NAN","NAN","NAN",3.558
"2026-01-28 17:50:00",43656,0.31,1.11,0.19,0.13,"NAN","NAN","NAN","NAN",3.572
"2026-01-28 18:00:00",43657,0.64,2.41,0.32,0.26,"NAN","NAN","NAN","NAN",3.566
"2026-01-28 18:10:00",43658,0.37,1.33,0.19,0.13,"NAN","NAN","NAN","NAN",3.559
"2026-01-28 18:20:00",43659,0.43,1.59,0.19,0.14,"NAN","NAN","NAN","NAN",3.555
"2026-01-28 18:30:00",43660,0.41,1.48,0.21,0.15,"NAN","NAN","NAN","NAN",3.554
"2026-01-28 18:40:00",43661,0.39,1.41,0.2,0.14,"NAN","NAN","NAN","NAN",3.555
"2026-01-28 18:50:00",43662,0.88,3.41,0.24,0.18,"NAN","NAN","NAN","NAN",3.54
"2026-01-28 19:00:00",43663,0.76,2.93,0.31,0.24,"NAN","NAN","NAN","NAN",3.537
"2026-01-28 19:10:00",43664,2.73,10.84,0.44,0.38,"NAN","NAN","NAN","NAN",3.526
"2026-01-28 19:20:00",43665,1.7,6.71,0.35,0.29,"NAN","NAN","NAN","NAN",3.533
"2026-01-28 19:30:00",43666,2.09,8.270001,0.41,0.35,"NAN","NAN","NAN","NAN",3.546
"2026-01-28 19:40:00",43667,2.28,9.05,0.3,0.23,"NAN","NAN","NAN","NAN",3.545
"2026-01-28 19:50:00",43668,1.88,7.41,0.32,0.26,"NAN","NAN","NAN","NAN",3.545
"2026-01-28 20:00:00",43669,3.31,13.19,0.28,0.22,"NAN","NAN","NAN","NAN",3.548
"2026-01-28 20:10:00",43670,0.89,3.42,0.28,0.22,"NAN","NAN","NAN","NAN",3.554
"2026-01-28 20:20:00",43671,0.62,2.35,0.23,0.17,"NAN","NAN","NAN","NAN",3.551
"2026-01-28 20:30:00",43672,1.11,4.33,0.31,0.25,"NAN","NAN","NAN","NAN",3.554
"2026-01-28 20:40:00",43673,1.24,4.83,0.29,0.23,"NAN","NAN","NAN","NAN",3.537
"2026-01-28 20:50:00",43674,1.08,4.2,0.33,0.27,"NAN","NAN","NAN","NAN",3.53
"2026-01-28 21:00:00",43675,1.71,6.74,0.37,0.31,"NAN","NAN","NAN","NAN",3.54
"2026-01-28 21:10:00",43676,1.5,5.87,0.42,0.35,"NAN","NAN","NAN","NAN",3.521
"2026-01-28 21:20:00",43677,1.67,6.58,0.44,0.37,"NAN","NAN","NAN","NAN",3.523
"2026-01-28 21:30:00",43678,1.37,5.38,0.33,0.26,"NAN","NAN","NAN","NAN",3.523
"2026-01-28 21:40:00",43679,0.94,3.64,0.29,0.23,"NAN","NAN","NAN","NAN",3.53
"2026-01-28 21:50:00",43680,1.13,4.41,0.53,0.47,"NAN","NAN","NAN","NAN",3.532
"2026-01-28 22:00:00",43681,1.26,4.92,0.31,0.25,"NAN","NAN","NAN","NAN",3.538
"2026-01-28 22:10:00",43682,1.08,4.2,0.28,0.22,"NAN","NAN","NAN","NAN",3.544
"2026-01-28 22:20:00",43683,0.67,2.55,0.19,0.14,"NAN","NAN","NAN","NAN",3.541
"2026-01-28 22:30:00",43684,1.24,4.84,0.35,0.29,"NAN","NAN","NAN","NAN",3.543
"2026-01-28 22:40:00",43685,0.87,3.34,0.29,0.23,"NAN","NAN","NAN","NAN",3.539
"2026-01-28 22:50:00",43686,1.21,4.7,0.3,0.24,"NAN","NAN","NAN","NAN",3.54
"2026-01-28 23:00:00",43687,1.02,3.95,0.27,0.21,"NAN","NAN","NAN","NAN",3.551
"2026-01-28 23:10:00",43688,1.3,5.09,0.27,0.21,"NAN","NAN","NAN","NAN",3.551
"2026-01-28 23:20:00",43689,1.39,5.45,0.36,0.3,"NAN","NAN","NAN","NAN",3.528
"2026-01-28 23:30:00",43690,2.31,9.15,0.4,0.34,"NAN","NAN","NAN","NAN",3.526
"2026-01-28 23:40:00",43691,0.87,3.36,0.31,0.25,"NAN","NAN","NAN","NAN",3.534
"2026-01-28 23:50:00",43692,"NAN","NAN","NAN","NAN","NAN","NAN","NAN","NAN","NAN"
"2026-01-29 00:00:00",43693,0.96,3.72,0.38,0.31,"NAN","NAN","NAN","NAN",3.535
"2026-01-29 00:10:00",43694,1.64,6.45,0.42,0.36,"NAN","NAN","NAN","NAN",3.535
"2026-01-29 00:20:00",43695,1.62,6.38,0.39,0.33,"NAN","NAN","NAN","NAN",3.543
"2026-01-29 00:30:00",43696,0.71,2.7,0.32,0.25,"NAN","NAN","NAN","NAN",3.542
"2026-01-29 00:40:00",43697,1.99,7.86,0.34,0.28,"NAN","NAN","NAN","NAN",3.535
"2026-01-29 00:50:00",43698,0.97,3.74,0.28,0.22,"NAN","NAN","NAN","NAN",3.543
"2026-01-29 01:00:00",43699,0.78,2.99,0.26,0.2,"NAN","NAN","NAN","NAN",3.539
"2026-01-29 01:10:00",43700,1.34,5.26,0.26,0.2,"NAN","NAN","NAN","NAN",3.53
"2026-01-29 01:20:00",43701,0.87,3.35,0.29,0.23,"NAN","NAN","NAN","NAN",3.528
"2026-01-29 01:30:00",43702,1.45,5.67,0.32,0.26,"NAN","NAN","NAN","NAN",3.531
"2026-01-29 01:40:00",43703,1.1,4.28,0.33,0.27,"NAN","NAN","NAN","NAN",3.544
"2026-01-29 01:50:00",43704,1.04,4.04,0.28,0.22,"NAN","NAN","NAN","NAN",3.544
"2026-01-29 02:00:00",43705,0.78,2.99,0.28,0.22,"NAN","NAN","NAN","NAN",3.543
"2026-01-29 02:10:00",43706,1.21,4.71,0.29,0.22,"NAN","NAN","NAN","NAN",3.545
"2026-01-29 02:20:00",43707,2.17,8.58,0.31,0.25,"NAN","NAN","NAN","NAN",3.543
"2026-01-29 02:30:00",43708,1.17,4.56,0.34,0.28,"NAN","NAN","NAN","NAN",3.539
"2026-01-29 02:40:00",43709,2.1,8.32,0.39,0.33,"NAN","NAN","NAN","NAN",3.536
"2026-01-29 02:50:00",43710,0.98,3.79,0.31,0.25,"NAN","NAN","NAN","NAN",3.541
"2026-01-29 03:00:00",43711,1.86,7.34,0.33,0.26,"NAN","NAN","NAN","NAN",3.541
"2026-01-29 03:10:00",43712,0.62,2.36,0.38,0.32,"NAN","NAN","NAN","NAN",3.542
"2026-01-29 03:20:00",43713,1.29,5.06,0.3,0.24,"NAN","NAN","NAN","NAN",3.539
"2026-01-29 03:30:00",43714,1.65,6.51,0.33,0.27,"NAN","NAN","NAN","NAN",3.543
"2026-01-29 03:40:00",43715,2.65,10.52,0.48,0.42,"NAN","NAN","NAN","NAN",3.543
"2026-01-29 03:50:00",43716,0.82,3.17,0.24,0.18,"NAN","NAN","NAN","NAN",3.545
"2026-01-29 04:00:00",43717,1.02,3.97,0.25,0.19,"NAN","NAN","NAN","NAN",3.541
"2026-01-29 04:10:00",43718,2.05,8.12,0.41,0.34,"NAN","NAN","NAN","NAN",3.546
"2026-01-29 04:20:00",43719,3.2,12.77,0.48,0.42,"NAN","NAN","NAN","NAN",3.551
"2026-01-29 04:30:00",43720,1.04,4.04,0.3,0.24,"NAN","NAN","NAN","NAN",3.553
"2026-01-29 04:40:00",43721,2.36,9.37,0.48,0.42,"NAN","NAN","NAN","NAN",3.548
"2026-01-29 04:50:00",43722,2.4,9.5,0.43,0.36,"NAN","NAN","NAN","NAN",3.546
"2026-01-29 05:00:00",43723,2.41,9.560001,0.49,0.43,"NAN","NAN","NAN","NAN",3.545
"2026-01-29 05:10:00",43724,2.1,8.310001,0.46,0.4,"NAN","NAN","NAN","NAN",3.545
"2026-01-29 05:20:00",43725,2.9,11.52,0.57,0.51,"NAN","NAN","NAN","NAN",3.562
"2026-01-29 05:30:00",43726,1.85,7.32,0.41,0.35,"NAN","NAN","NAN","NAN",3.554
"2026-01-29 05:40:00",43727,1.49,5.85,0.51,0.44,"NAN","NAN","NAN","NAN",3.55
"2026-01-29 05:50:00",43728,3.65,14.57,0.59,0.52,"NAN","NAN","NAN","NAN",3.549
"2026-01-29 06:00:00",43729,0.74,2.84,0.4,0.34,"NAN","NAN","NAN","NAN",3.537
"2026-01-29 06:10:00",43730,1.41,5.55,0.3,0.24,"NAN","NAN","NAN","NAN",3.548
"2026-01-29 06:20:00",43731,1.84,7.25,0.42,0.36,"NAN","NAN","NAN","NAN",3.543
"2026-01-29 06:30:00",43732,0.73,2.8,0.22,0.16,"NAN","NAN","NAN","NAN",3.543
"2026-01-29 06:40:00",43733,1.3,5.09,0.35,0.29,"NAN","NAN","NAN","NAN",3.539
"2026-01-29 06:50:00",43734,1.18,4.62,0.42,0.36,"NAN","NAN","NAN","NAN",3.539
"2026-01-29 07:00:00",43735,1.47,5.78,0.35,0.28,"NAN","NAN","NAN","NAN",3.549
"2026-01-29 07:10:00",43736,2.64,10.5,0.43,0.37,"NAN","NAN","NAN","NAN",3.55
"2026-01-29 07:20:00",43737,2.32,9.21,0.32,0.26,"NAN","NAN","NAN","NAN",3.55
"2026-01-29 07:30:00",43738,2.8,11.16,0.33,0.27,"NAN","NAN","NAN","NAN",3.547
"2026-01-29 07:40:00",43739,2.37,9.41,0.36,0.3,"NAN","NAN","NAN","NAN",3.542
"2026-01-29 07:50:00",43740,3.36,13.4,0.35,0.29,"NAN","NAN","NAN","NAN",3.54
"2026-01-29 08:00:00",43741,0.73,2.8,0.3,0.24,"NAN","NAN","NAN","NAN",3.543
"2026-01-29 08:10:00",43742,0.95,3.69,0.24,0.18,"NAN","NAN","NAN","NAN",3.542
"2026-01-29 08:20:00",43743,1.04,4.02,0.25,0.19,"NAN","NAN","NAN","NAN",3.541
"2026-01-29 08:30:00",43744,0.74,2.81,0.26,0.2,"NAN","NAN","NAN","NAN",3.541
"2026-01-29 08:40:00",43745,"NAN","NAN","NAN","NAN","NAN","NAN","NAN","NAN","NAN"
"2026-01-29 08:50:00",43746,0.65,2.46,0.26,0.2,"NAN","NAN","NAN","NAN",3.542
"2026-01-29 09:00:00",43747,0.31,1.08,0.19,0.13,"NAN","NAN","NAN","NAN",3.542
"2026-01-29 09:10:00",43748,0.95,3.69,0.28,0.22,"NAN","NAN","NAN","NAN",3.542
"2026-01-29 09:20:00",43749,0.82,3.17,0.38,0.32,"NAN","NAN","NAN","NAN",3.542
"2026-01-29 09:30:00",43750,0.74,2.82,0.56,0.49,"NAN","NAN","NAN","NAN",3.544
"2026-01-29 09:40:00",43751,0.82,3.14,0.23,0.17,"NAN","NAN","NAN","NAN",3.553
"2026-01-29 09:50:00",43752,1.85,7.3,0.22,0.16,"NAN","NAN","NAN","NAN",3.555
"2026-01-29 10:00:00",43753,0.47,1.74,0.23,0.17,"NAN","NAN","NAN","NAN",3.556
"2026-01-29 10:10:00",43754,0.56,2.09,0.23,0.17,"NAN","NAN","NAN","NAN",3.555
"2026-01-29 10:20:00",43755,0.86,3.3,0.22,0.16,"NAN","NAN","NAN","NAN",3.555
"2026-01-29 10:30:00",43756,1.22,4.75,0.21,0.15,"NAN","NAN","NAN","NAN",3.558
"2026-01-29 10:40:00",43757,0.27,0.92,0.18,0.12,"NAN","NAN","NAN","NAN",3.562
"2026-01-29 10:50:00",43758,0.28,0.96,0.21,0.15,"NAN","NAN","NAN","NAN",3.562
"2026-01-29 11:00:00",43759,0.41,1.49,0.21,0.15,"NAN","NAN","NAN","NAN",3.563
"2026-01-29 11:10:00",43760,0.88,3.38,0.25,0.19,"NAN","NAN","NAN","NAN",3.564
"2026-01-29 11:20:00",43761,0.55,2.04,0.18,0.12,"NAN","NAN","NAN","NAN",3.557
"2026-01-29 11:30:00",43762,0.47,1.72,0.22,0.16,"NAN","NAN","NAN","NAN",3.581
"2026-01-29 11:40:00",43763,0.23,0.77,0.18,0.12,"NAN","NAN","NAN","NAN",3.58
"2026-01-29 11:50:00",43764,0.31,1.07,0.18,0.12,"NAN","NAN","NAN","NAN",3.58
"2026-01-29 12:00:00",43765,0.51,1.9,0.23,0.17,"NAN","NAN","NAN","NAN",3.582
"2026-01-29 12:10:00",43766,0.21,0.7,0.17,0.11,"NAN","NAN","NAN","NAN",3.583
"2026-01-29 12:20:00",43767,0.41,1.49,0.2,0.14,"NAN","NAN","NAN","NAN",3.601
"2026-01-29 12:30:00",43768,0.3,1.05,0.21,0.16,"NAN","NAN","NAN","NAN",3.599
"2026-01-29 12:40:00",43769,0.3,1.04,0.21,0.15,"NAN","NAN","NAN","NAN",3.598
"2026-01-29 12:50:00",43770,0.55,2.06,0.15,0.09,"NAN","NAN","NAN","NAN",3.598
"2026-01-29 13:00:00",43771,1.69,6.67,0.3,0.24,"NAN","NAN","NAN","NAN",3.599
"2026-01-29 13:10:00",43772,0.52,1.95,0.24,0.18,"NAN","NAN","NAN","NAN",3.595
"2026-01-29 13:20:00",43773,0.66,2.48,0.22,0.16,"NAN","NAN","NAN","NAN",3.602
"2026-01-29 13:30:00",43774,0.42,1.52,0.22,0.16,"NAN","NAN","NAN","NAN",3.605
"2026-01-29 13:40:00",43775,0.29,1.01,0.18,0.12,"NAN","NAN","NAN","NAN",3.609
"2026-01-29 13:50:00",43776,0.37,1.31,0.18,0.13,"NAN","NAN","NAN","NAN",3.611
"2026-01-29 14:00:00",43777,0.28,0.97,0.16,0.1,"NAN","NAN","NAN","NAN",3.605
"2026-01-29 14:10:00",43778,0.43,1.57,0.2,0.14,"NAN","NAN","NAN","NAN",3.623
"2026-01-29 14:20:00",43779,0.3,1.06,0.17,0.12,"NAN","NAN","NAN","NAN",3.617
"2026-01-29 14:30:00",43780,0.47,1.72,0.18,0.13,"NAN","NAN","NAN","NAN",3.614
"2026-01-29 14:40:00",43781,1.17,4.55,0.24,0.18,"NAN","NAN","NAN","NAN",3.609
"2026-01-29 14:50:00",43782,0.37,1.33,0.22,0.16,"NAN","NAN","NAN","NAN",3.606
"2026-01-29 15:00:00",43783,1.06,4.12,0.37,0.3,"NAN","NAN","NAN","NAN",3.605
"2026-01-29 15:10:00",43784,0.54,2.02,0.15,0.1,"NAN","NAN","NAN","NAN",3.607
"2026-01-29 15:20:00",43785,0.91,3.5,0.24,0.18,"NAN","NAN","NAN","NAN",3.607
"2026-01-29 15:30:00",43786,0.69,2.6,0.22,0.16,"NAN","NAN","NAN","NAN",3.605
"2026-01-29 15:40:00",43787,0.21,0.69,0.18,0.12,"NAN","NAN","NAN","NAN",3.602
"2026-01-29 15:50:00",43788,0.38,1.36,0.18,0.12,"NAN","NAN","NAN","NAN",3.603
"2026-01-29 16:00:00",43789,0.33,1.18,0.19,0.13,"NAN","NAN","NAN","NAN",3.603
"2026-01-29 16:10:00",43790,0.45,1.65,0.19,0.13,"NAN","NAN","NAN","NAN",3.603
"2026-01-29 16:20:00",43791,0.29,1.01,0.18,0.12,"NAN","NAN","NAN","NAN",3.603
"2026-01-29 16:30:00",43792,0.5,1.85,0.26,0.2,"NAN","NAN","NAN","NAN",3.602
"2026-01-29 16:40:00",43793,0.59,2.21,0.24,0.18,"NAN","NAN","NAN","NAN",3.595
"2026-01-29 16:50:00",43794,0.93,3.6,0.21,0.15,"NAN","NAN","NAN","NAN",3.599
"2026-01-29 17:00:00",43795,0.35,1.25,0.21,0.15,"NAN","NAN","NAN","NAN",3.597
"2026-01-29 17:10:00",43796,0.57,2.12,0.22,0.16,"NAN","NAN","NAN","NAN",3.597
"2026-01-29 17:20:00",43797,0.24,0.81,0.2,0.14,"NAN","NAN","NAN","NAN",3.596
"2026-01-29 17:30:00",43798,"NAN","NAN","NAN","NAN","NAN","NAN","NAN","NAN","NAN"
"2026-01-29 17:40:00",43799,0.29,0.99,0.21,0.16,"NAN","NAN","NAN","NAN",3.587
"2026-01-29 17:50:00",43800,0.71,2.71,0.16,0.1,"NAN","NAN","NAN","NAN",3.585
"2026-01-29 18:00:00",43801,0.98,3.8,0.29,0.23,"NAN","NAN","NAN","NAN",3.584
"2026-01-29 18:10:00",43802,0.29,1.02,0.2,0.14,"NAN","NAN","NAN","NAN",3.584
"2026-01-29 18:20:00",43803,0.27,0.93,0.19,0.13,"NAN","NAN","NAN","NAN",3.583
"2026-01-29 18:30:00",43804,1.53,6,0.33,0.27,"NAN","NAN","NAN","NAN",3.58
"2026-01-29 18:40:00",43805,0.55,2.04,0.25,0.19,"NAN","NAN","NAN","NAN",3.575
"2026-01-29 18:50:00",43806,2,7.9,0.23,0.17,"NAN","NAN","NAN","NAN",3.57
"2026-01-29 19:00:00",43807,0.37,1.34,0.24,0.18,"NAN","NAN","NAN","NAN",3.569
"2026-01-29 19:10:00",43808,0.89,3.41,0.27,0.21,"NAN","NAN","NAN","NAN",3.567
"2026-01-29 19:20:00",43809,3.25,12.93,0.48,0.42,"NAN","NAN","NAN","NAN",3.556
"2026-01-29 19:30:00",43810,4.34,17.37,0.62,0.55,"NAN","NAN","NAN","NAN",3.558
"2026-01-29 19:40:00",43811,1.55,6.08,0.37,0.31,"NAN","NAN","NAN","NAN",3.555
"2026-01-29 19:50:00",43812,2.62,10.42,0.39,0.33,"NAN","NAN","NAN","NAN",3.555
"2026-01-29 20:00:00",43813,2.78,11.07,0.45,0.38,"NAN","NAN","NAN","NAN",3.556
"2026-01-29 20:10:00",43814,3.46,13.79,0.4,0.34,"NAN","NAN","NAN","NAN",3.55
"2026-01-29 20:20:00",43815,1.61,6.34,0.32,0.26,"NAN","NAN","NAN","NAN",3.569
"2026-01-29 20:30:00",43816,1.66,6.53,0.41,0.35,"NAN","NAN","NAN","NAN",3.569
"2026-01-29 20:40:00",43817,2.65,10.53,0.37,0.31,"NAN","NAN","NAN","NAN",3.569
"2026-01-29 20:50:00",43818,2.01,7.95,0.36,0.3,"NAN","NAN","NAN","NAN",3.57
"2026-01-29 21:00:00",43819,3.62,14.44,0.59,0.52,"NAN","NAN","NAN","NAN",3.559
"2026-01-29 21:10:00",43820,2.2,8.729999,0.38,0.32,"NAN","NAN","NAN","NAN",3.557
"2026-01-29 21:20:00",43821,2.13,8.45,0.47,0.4,"NAN","NAN","NAN","NAN",3.559
"2026-01-29 21:30:00",43822,3.7,14.79,0.72,0.65,"NAN","NAN","NAN","NAN",3.56
"2026-01-29 21:40:00",43823,2.72,10.8,0.58,0.51,"NAN","NAN","NAN","NAN",3.562
"2026-01-29 21:50:00",43824,1.84,7.27,0.46,0.39,"NAN","NAN","NAN","NAN",3.564
"2026-01-29 22:00:00",43825,4.26,17.02,0.53,0.47,"NAN","NAN","NAN","NAN",3.565
"2026-01-29 22:10:00",43826,3.63,14.47,0.38,0.32,"NAN","NAN","NAN","NAN",3.568
"2026-01-29 22:20:00",43827,3.04,12.11,0.55,0.48,"NAN","NAN","NAN","NAN",3.569
"2026-01-29 22:30:00",43828,4.03,16.1,0.35,0.29,"NAN","NAN","NAN","NAN",3.57
"2026-01-29 22:40:00",43829,2.06,8.16,0.38,0.32,"NAN","NAN","NAN","NAN",3.571
"2026-01-29 22:50:00",43830,2.93,11.65,0.38,0.32,"NAN","NAN","NAN","NAN",3.568
"2026-01-29 23:00:00",43831,2.34,9.3,0.47,0.41,"NAN","NAN","NAN","NAN",3.583
"2026-01-29 23:10:00",43832,3.77,15.04,0.49,0.43,"NAN","NAN","NAN","NAN",3.579
"2026-01-29 23:20:00",43833,1.23,4.8,0.37,0.31,"NAN","NAN","NAN","NAN",3.574
"2026-01-29 23:30:00",43834,0.86,3.29,0.28,0.22,"NAN","NAN","NAN","NAN",3.572
"2026-01-29 23:40:00",43835,0.58,2.19,0.23,0.17,"NAN","NAN","NAN","NAN",3.572
"2026-01-29 23:50:00",43836,3.69,14.75,0.56,0.49,"NAN","NAN","NAN","NAN",3.577
"2026-01-30 00:00:00",43837,5.32,21.31,0.42,0.36,"NAN","NAN","NAN","NAN",3.574
"2026-01-30 00:10:00",43838,3.13,12.46,0.55,0.49,"NAN","NAN","NAN","NAN",3.571
"2026-01-30 00:20:00",43839,1.38,5.42,0.35,0.29,"NAN","NAN","NAN","NAN",3.56
"2026-01-30 00:30:00",43840,2.03,8.03,0.42,0.35,"NAN","NAN","NAN","NAN",3.558
"2026-01-30 00:40:00",43841,3.59,14.33,0.47,0.41,"NAN","NAN","NAN","NAN",3.568
"2026-01-30 00:50:00",43842,2.86,11.39,0.48,0.41,"NAN","NAN","NAN","NAN",3.564
"2026-01-30 01:00:00",43843,1.34,5.25,0.42,0.36,"NAN","NAN","NAN","NAN",3.564
"2026-01-30 01:10:00",43844,2.69,10.7,0.6,0.53,"NAN","NAN","NAN","NAN",3.56
"2026-01-30 01:20:00",43845,7.36,29.53,0.69,0.62,"NAN","NAN","NAN","NAN",3.55
"2026-01-30 01:30:00",43846,5.47,21.93,0.68,0.61,"NAN","NAN","NAN","NAN",3.544
"2026-01-30 01:40:00",43847,2.26,8.96,0.65,0.58,"NAN","NAN","NAN","NAN",3.546
"2026-01-30 01:50:00",43848,3.46,13.82,0.46,0.4,"NAN","NAN","NAN","NAN",3.545
"2026-01-30 02:00:00",43849,2.58,10.24,0.45,0.38,"NAN","NAN","NAN","NAN",3.543
"2026-01-30 02:10:00",43850,3.6,14.37,0.6,0.53,"NAN","NAN","NAN","NAN",3.534
"2026-01-30 02:20:00",43851,"NAN","NAN","NAN","NAN","NAN","NAN","NAN","NAN","NAN"
"2026-01-30 02:30:00",43852,2.99,11.89,0.62,0.55,"NAN","NAN","NAN","NAN",3.543
"2026-01-30 02:40:00",43853,2.66,10.58,0.43,0.37,"NAN","NAN","NAN","NAN",3.537
"2026-01-30 02:50:00",43854,2.67,10.62,0.4,0.34,"NAN","NAN","NAN","NAN",3.532
"2026-01-30 03:00:00",43855,11.68,46.98,1.68,1.58,"NAN","NAN","NAN","NAN",3.534
"2026-01-30 03:10:00",43856,4.1,16.4,0.59,0.52,"NAN","NAN","NAN","NAN",3.527
"2026-01-30 03:20:00",43857,3.21,12.8,0.7,0.63,"NAN","NAN","NAN","NAN",3.545
"2026-01-30 03:30:00",43858,3.93,15.71,0.53,0.46,"NAN","NAN","NAN","NAN",3.544
"2026-01-30 03:40:00",43859,2.26,8.97,0.39,0.32,"NAN","NAN","NAN","NAN",3.524
"2026-01-30 03:50:00",43860,5.08,20.33,0.74,0.67,"NAN","NAN","NAN","NAN",3.53
"2026-01-30 04:00:00",43861,3.32,13.23,0.46,0.4,"NAN","NAN","NAN","NAN",3.533
"2026-01-30 04:10:00",43862,1.3,5.07,0.31,0.25,"NAN","NAN","NAN","NAN",3.545
"2026-01-30 04:20:00",43863,4.8,19.21,0.67,0.6,"NAN","NAN","NAN","NAN",3.553
"2026-01-30 04:30:00",43864,2.44,9.67,0.46,0.39,"NAN","NAN","NAN","NAN",3.553
"2026-01-30 04:40:00",43865,1.18,4.58,0.29,0.23,"NAN","NAN","NAN","NAN",3.55
"2026-01-30 04:50:00",43866,2.29,9.09,0.38,0.32,"NAN","NAN","NAN","NAN",3.549
"2026-01-30 05:00:00",43867,1.9,7.52,0.34,0.28,"NAN","NAN","NAN","NAN",3.527
"2026-01-30 05:10:00",43868,3.76,15.01,0.57,0.5,"NAN","NAN","NAN","NAN",3.54
"2026-01-30 05:20:00",43869,1.87,7.37,0.41,0.35,"NAN","NAN","NAN","NAN",3.542
"2026-01-30 05:30:00",43870,2.82,11.23,0.41,0.34,"NAN","NAN","NAN","NAN",3.539
"2026-01-30 05:40:00",43871,1.91,7.55,0.3,0.24,"NAN","NAN","NAN","NAN",3.543
"2026-01-30 05:50:00",43872,2.36,9.35,0.4,0.33,"NAN","NAN","NAN","NAN",3.546
"2026-01-30 06:00:00",43873,4.16,16.63,1.04,0.96,"NAN","NAN","NAN","NAN",3.531
"2026-01-30 06:10:00",43874,3.37,13.45,0.67,0.6,"NAN","NAN","NAN","NAN",3.52
"2026-01-30 06:20:00",43875,1.26,4.92,0.35,0.29,"NAN","NAN","NAN","NAN",3.528
"2026-01-30 06:30:00",43876,1.41,5.52,0.47,0.4,"NAN","NAN","NAN","NAN",3.531
"2026-01-30 06:40:00",43877,2.6,10.32,0.37,0.31,"NAN","NAN","NAN","NAN",3.527
"2026-01-30 06:50:00",43878,6,24.04,0.74,0.66,"NAN","NAN","NAN","NAN",3.529
"2026-01-30 07:00:00",43879,3.79,15.14,0.56,0.49,"NAN","NAN","NAN","NAN",3.537
"2026-01-30 07:10:00",43880,2.52,10,0.52,0.45,"NAN","NAN","NAN","NAN",3.534
"2026-01-30 07:20:00",43881,2.42,9.59,0.35,0.29,"NAN","NAN","NAN","NAN",3.538
"2026-01-30 07:30:00",43882,2.22,8.78,0.35,0.28,"NAN","NAN","NAN","NAN",3.541
"2026-01-30 07:40:00",43883,3.79,15.12,0.64,0.57,"NAN","NAN","NAN","NAN",3.528
"2026-01-30 07:50:00",43884,2.28,9.060001,0.47,0.4,"NAN","NAN","NAN","NAN",3.534
"2026-01-30 08:00:00",43885,3,11.95,0.43,0.36,"NAN","NAN","NAN","NAN",3.522
"2026-01-30 08:10:00",43886,1.49,5.87,0.26,0.2,"NAN","NAN","NAN","NAN",3.52
"2026-01-30 08:20:00",43887,1.77,6.97,0.41,0.35,"NAN","NAN","NAN","NAN",3.522
"2026-01-30 08:30:00",43888,1.77,6.99,0.34,0.27,"NAN","NAN","NAN","NAN",3.525
"2026-01-30 08:40:00",43889,1.43,5.61,0.39,0.33,"NAN","NAN","NAN","NAN",3.54
"2026-01-30 08:50:00",43890,0.74,2.81,0.23,0.17,"NAN","NAN","NAN","NAN",3.544
"2026-01-30 09:00:00",43891,1.27,4.95,0.3,0.24,"NAN","NAN","NAN","NAN",3.545
"2026-01-30 09:10:00",43892,0.72,2.76,0.3,0.24,"NAN","NAN","NAN","NAN",3.545
"2026-01-30 09:20:00",43893,0.92,3.55,0.26,0.2,"NAN","NAN","NAN","NAN",3.546
"2026-01-30 09:30:00",43894,1.72,6.78,0.43,0.37,"NAN","NAN","NAN","NAN",3.554
"2026-01-30 09:40:00",43895,2.31,9.17,0.36,0.3,"NAN","NAN","NAN","NAN",3.558
"2026-01-30 09:50:00",43896,1.06,4.1,0.28,0.22,"NAN","NAN","NAN","NAN",3.561
"2026-01-30 10:00:00",43897,1.28,4.99,0.23,0.17,"NAN","NAN","NAN","NAN",3.562
"2026-01-30 10:10:00",43898,1.12,4.37,0.23,0.17,"NAN","NAN","NAN","NAN",3.565
"2026-01-30 10:20:00",43899,3.65,14.57,0.64,0.57,"NAN","NAN","NAN","NAN",3.567
"2026-01-30 10:30:00",43900,1.24,4.83,0.26,0.2,"NAN","NAN","NAN","NAN",3.575
"2026-01-30 10:40:00",43901,1.58,6.21,0.28,0.22,"NAN","NAN","NAN","NAN",3.576
"2026-01-30 10:50:00",43902,0.58,2.2,0.21,0.16,"NAN","NAN","NAN","NAN",3.577
"2026-01-30 11:00:00",43903,0.37,1.33,0.19,0.13,"NAN","NAN","NAN","NAN",3.58
"2026-01-30 11:10:00",43904,"NAN","NAN","NAN","NAN","NAN","NAN","NAN","NAN","NAN"
"2026-01-30 11:20:00",43905,0.64,2.42,0.23,0.17,"NAN","NAN","NAN","NAN",3.584
"2026-01-30 11:30:00",43906,0.26,0.91,0.23,0.17,"NAN","NAN","NAN","NAN",3.583
"2026-01-30 11:40:00",43907,0.6,2.27,0.23,0.17,"NAN","NAN","NAN","NAN",3.582
"2026-01-30 11:50:00",43908,0.49,1.82,0.2,0.14,"NAN","NAN","NAN","NAN",3.58
"2026-01-30 12:00:00",43909,1.31,5.12,0.26,0.2,"NAN","NAN","NAN","NAN",3.58
"2026-01-30 12:10:00",43910,1.35,5.27,0.27,0.21,"NAN","NAN","NAN","NAN",3.58
"2026-01-30 12:20:00",43911,0.91,3.5,0.24,0.18,"NAN","NAN","NAN","NAN",3.582
"2026-01-30 12:30:00",43912,1.77,6.97,0.36,0.3,"NAN","NAN","NAN","NAN",3.582
"2026-01-30 12:40:00",43913,1.11,4.31,0.27,0.21,"NAN","NAN","NAN","NAN",3.581
"2026-01-30 12:50:00",43914,0.4,1.46,0.18,0.12,"NAN","NAN","NAN","NAN",3.58
"2026-01-30 13:00:00",43915,2.6,10.35,0.3,0.24,"NAN","NAN","NAN","NAN",3.575
"2026-01-30 13:10:00",43916,0.85,3.27,0.32,0.25,"NAN","NAN","NAN","NAN",3.574
"2026-01-30 13:20:00",43917,0.54,2,0.22,0.16,"NAN","NAN","NAN","NAN",3.574
"2026-01-30 13:30:00",43918,0.82,3.15,0.23,0.17,"NAN","NAN","NAN","NAN",3.575
"2026-01-30 13:40:00",43919,0.49,1.81,0.23,0.17,"NAN","NAN","NAN","NAN",3.575
"2026-01-30 13:50:00",43920,0.72,2.75,0.21,0.15,"NAN","NAN","NAN","NAN",3.562
"2026-01-30 14:00:00",43921,1.1,4.27,0.24,0.18,"NAN","NAN","NAN","NAN",3.574
"2026-01-30 14:10:00",43922,1.41,5.54,0.3,0.24,"NAN","NAN","NAN","NAN",3.574
"2026-01-30 14:20:00",43923,1.11,4.33,0.24,0.18,"NAN","NAN","NAN","NAN",3.574
"2026-01-30 14:30:00",43924,2.18,8.63,0.35,0.29,"NAN","NAN","NAN","NAN",3.577
"2026-01-30 14:40:00",43925,1.58,6.21,0.31,0.25,"NAN","NAN","NAN","NAN",3.576
"2026-01-30 14:50:00",43926,0.35,1.27,0.2,0.14,"NAN","NAN","NAN","NAN",3.579
"2026-01-30 15:00:00",43927,0.58,2.19,0.22,0.17,"NAN","NAN","NAN","NAN",3.581
"2026-01-30 15:10:00",43928,0.46,1.68,0.18,0.12,"NAN","NAN","NAN","NAN",3.581
"2026-01-30 15:20:00",43929,0.97,3.77,0.24,0.18,"NAN","NAN","NAN","NAN",3.582
"2026-01-30 15:30:00",43930,0.65,2.48,0.21,0.15,"NAN","NAN","NAN","NAN",3.582
"2026-01-30 15:40:00",43931,0.78,2.97,0.22,0.16,"NAN","NAN","NAN","NAN",3.579
"2026-01-30 15:50:00",43932,0.6,2.25,0.24,0.18,"NAN","NAN","NAN","NAN",3.582
"2026-01-30 16:00:00",43933,0.4,1.44,0.19,0.13,"NAN","NAN","NAN","NAN",3.584
"2026-01-30 16:10:00",43934,0.39,1.4,0.2,0.14,"NAN","NAN","NAN","NAN",3.585
"2026-01-30 16:20:00",43935,0.3,1.03,0.19,0.13,"NAN","NAN","NAN","NAN",3.586
"2026-01-30 16:30:00",43936,1.81,7.15,0.25,0.19,"NAN","NAN","NAN","NAN",3.58
"2026-01-30 16:40:00",43937,0.48,1.76,0.22,0.16,"NAN","NAN","NAN","NAN",3.59
"2026-01-30 16:50:00",43938,1.41,5.52,0.22,0.16,"NAN","NAN","NAN","NAN",3.588
"2026-01-30 17:00:00",43939,0.47,1.72,0.2,0.14,"NAN","NAN","NAN","NAN",3.589
"2026-01-30 17:10:00",43940,0.4,1.45,0.17,0.11,"NAN","NAN","NAN","NAN",3.59
"2026-01-30 17:20:00",43941,0.45,1.65,0.21,0.15,"NAN","NAN","NAN","NAN",3.589
"2026-01-30 17:30:00",43942,1.02,3.94,0.27,0.21,"NAN","NAN","NAN","NAN",3.592
"2026-01-30 17:40:00",43943,0.43,1.59,0.18,0.13,"NAN","NAN","NAN","NAN",3.59
"2026-01-30 17:50:00",43944,0.38,1.36,0.2,0.14,"NAN","NAN","NAN","NAN",3.59
"2026-01-30 18:00:00",43945,0.31,1.09,0.18,0.12,"NAN","NAN","NAN","NAN",3.59
"2026-01-30 18:10:00",43946,1.1,4.27,0.32,0.25,"NAN","NAN","NAN","NAN",3.591
"2026-01-30 18:20:00",43947,0.84,3.24,0.22,0.16,"NAN","NAN","NAN","NAN",3.594
"2026-01-30 18:30:00",43948,0.26,0.87,0.16,0.1,"NAN","NAN","NAN","NAN",3.595
"2026-01-30 18:40:00",43949,0.17,0.52,0.18,0.12,"NAN","NAN","NAN","NAN",3.594
"2026-01-30 18:50:00",43950,0.17,0.55,0.18,0.12,"NAN","NAN","NAN","NAN",3.593
"2026-01-30 19:00:00",43951,0.26,0.91,0.16,0.1,"NAN","NAN","NAN","NAN",3.591
"2026-01-30 19:10:00",43952,1.58,6.23,0.36,0.3,"NAN","NAN","NAN","NAN",3.595
"2026-01-30 19:20:00",43953,5.46,21.87,0.46,0.4,"NAN","NAN","NAN","NAN",3.603
"2026-01-30 19:30:00",43954,0.53,1.99,0.25,0.19,"NAN","NAN","NAN","NAN",3.596
"2026-01-30 19:40:00",43955,0.61,2.3,0.19,0.13,"NAN","NAN","NAN","NAN",3.593
"2026-01-30 19:50:00",43956,1,3.88,0.25,0.19,"NAN","NAN","NAN","NAN",3.593
"2026-01-30 20:00:00",43957,"NAN","NAN","NAN","NAN","NAN","NAN","NAN","NAN","NAN"
"2026-01-30 20:10:00",43958,3.01,11.97,0.28,0.22,"NAN","NAN","NAN","NAN",3.592
"2026-01-30 20:20:00",43959,3.11,12.39,0.41,0.34,"NAN","NAN","NAN","NAN",3.593
"2026-01-30 20:30:00",43960,0.72,2.75,0.28,0.22,"NAN","NAN","NAN","NAN",3.591
"2026-01-30 20:40:00",43961,1.92,7.58,0.3,0.24,"NAN","NAN","NAN","NAN",3.584
"2026-01-30 20:50:00",43962,1.69,6.66,0.36,0.3,"NAN","NAN","NAN","NAN",3.581
"2026-01-30 21:00:00",43963,1.71,6.73,0.34,0.28,"NAN","NAN","NAN","NAN",3.582
"2026-01-30 21:10:00",43964,3.33,13.26,0.43,0.37,"NAN","NAN","NAN","NAN",3.572
"2026-01-30 21:20:00",43965,2.88,11.47,0.58,0.51,"NAN","NAN","NAN","NAN",3.572
"2026-01-30 21:30:00",43966,3.82,15.27,0.56,0.49,"NAN","NAN","NAN","NAN",3.575
"2026-01-30 21:40:00",43967,6.12,24.54,0.53,0.46,"NAN","NAN","NAN","NAN",3.576
"2026-01-30 21:50:00",43968,5.14,20.59,0.62,0.55,"NAN","NAN","NAN","NAN",3.583
"2026-01-30 22:00:00",43969,2.43,9.65,0.73,0.66,"NAN","NAN","NAN","NAN",3.58
"2026-01-30 22:10:00",43970,2.84,11.29,0.43,0.37,"NAN","NAN","NAN","NAN",3.574
"2026-01-30 22:20:00",43971,2.48,9.87,0.45,0.39,"NAN","NAN","NAN","NAN",3.571
"2026-01-30 22:30:00",43972,3.56,14.22,0.59,0.52,"NAN","NAN","NAN","NAN",3.566
"2026-01-30 22:40:00",43973,3.69,14.73,0.4,0.34,"NAN","NAN","NAN","NAN",3.559
"2026-01-30 22:50:00",43974,3.4,13.54,0.55,0.49,"NAN","NAN","NAN","NAN",3.57
"2026-01-30 23:00:00",43975,3.07,12.24,0.63,0.56,"NAN","NAN","NAN","NAN",3.572
"2026-01-30 23:10:00",43976,3.73,14.88,0.44,0.38,"NAN","NAN","NAN","NAN",3.572
"2026-01-30 23:20:00",43977,1.46,5.75,0.33,0.27,"NAN","NAN","NAN","NAN",3.569
"2026-01-30 23:30:00",43978,2.05,8.12,0.32,0.26,"NAN","NAN","NAN","NAN",3.565
"2026-01-30 23:40:00",43979,1.76,6.95,0.33,0.27,"NAN","NAN","NAN","NAN",3.565
"2026-01-30 23:50:00",43980,3.75,14.97,0.45,0.39,"NAN","NAN","NAN","NAN",3.564
"2026-01-31 00:00:00",43981,1.09,4.23,0.34,0.28,"NAN","NAN","NAN","NAN",3.566
"2026-01-31 00:10:00",43982,2.12,8.4,0.37,0.31,"NAN","NAN","NAN","NAN",3.569
"2026-01-31 00:20:00",43983,2.01,7.97,0.54,0.47,"NAN","NAN","NAN","NAN",3.571
"2026-01-31 00:30:00",43984,2,7.89,0.34,0.27,"NAN","NAN","NAN","NAN",3.57
"2026-01-31 00:40:00",43985,2.19,8.689999,0.45,0.38,"NAN","NAN","NAN","NAN",3.568
"2026-01-31 00:50:00",43986,2.38,9.42,0.47,0.41,"NAN","NAN","NAN","NAN",3.567
"2026-01-31 01:00:00",43987,1.91,7.56,0.45,0.38,"NAN","NAN","NAN","NAN",3.558
"2026-01-31 01:10:00",43988,7.38,29.61,1.15,1.07,"NAN","NAN","NAN","NAN",3.544
"2026-01-31 01:20:00",43989,6.56,26.31,0.96,0.89,"NAN","NAN","NAN","NAN",3.532
"2026-01-31 01:30:00",43990,3.31,13.18,0.51,0.45,"NAN","NAN","NAN","NAN",3.525
"2026-01-31 01:40:00",43991,4.38,17.51,0.62,0.55,"NAN","NAN","NAN","NAN",3.527
"2026-01-31 01:50:00",43992,6,24.05,0.77,0.69,"NAN","NAN","NAN","NAN",3.531
"2026-01-31 02:00:00",43993,6.21,24.91,0.75,0.67,"NAN","NAN","NAN","NAN",3.534
"2026-01-31 02:10:00",43994,3.02,12.03,0.82,0.75,"NAN","NAN","NAN","NAN",3.542
"2026-01-31 02:20:00",43995,3.92,15.66,0.62,0.55,"NAN","NAN","NAN","NAN",3.559
"2026-01-31 02:30:00",43996,3.74,14.92,0.5,0.44,"NAN","NAN","NAN","NAN",3.56
"2026-01-31 02:40:00",43997,3.38,13.49,0.52,0.46,"NAN","NAN","NAN","NAN",3.551
"2026-01-31 02:50:00",43998,2.67,10.6,0.87,0.8,"NAN","NAN","NAN","NAN",3.549
"2026-01-31 03:00:00",43999,2.13,8.42,0.42,0.35,"NAN","NAN","NAN","NAN",3.533
"2026-01-31 03:10:00",44000,4.21,16.82,0.86,0.79,"NAN","NAN","NAN","NAN",3.545
"2026-01-31 03:20:00",44001,6.12,24.53,0.68,0.61,"NAN","NAN","NAN","NAN",3.544
"2026-01-31 03:30:00",44002,4.55,18.2,0.71,0.63,"NAN","NAN","NAN","NAN",3.546
"2026-01-31 03:40:00",44003,1.5,5.88,0.54,0.47,"NAN","NAN","NAN","NAN",3.542
"2026-01-31 03:50:00",44004,3.13,12.48,0.45,0.39,"NAN","NAN","NAN","NAN",3.549
"2026-01-31 04:00:00",44005,6.73,26.98,0.51,0.45,"NAN","NAN","NAN","NAN",3.544
"2026-01-31 04:10:00",44006,4.72,18.89,0.57,0.5,"NAN","NAN","NAN","NAN",3.553
"2026-01-31 04:20:00",44007,2.55,10.12,0.44,0.37,"NAN","NAN","NAN","NAN",3.558
"2026-01-31 04:30:00",44008,3.18,12.65,0.45,0.39,"NAN","NAN","NAN","NAN",3.553
"2026-01-31 04:40:00",44009,4.76,19.05,0.77,0.7,"NAN","NAN","NAN","NAN",3.554
"2026-01-31 04:50:00",44010,"NAN","NAN","NAN","NAN","NAN","NAN","NAN","NAN","NAN"
"2026-01-31 05:00:00",44011,1.75,6.89,0.37,0.3,"NAN","NAN","NAN","NAN",3.543
"2026-01-31 05:10:00",44012,3.26,13.01,0.48,0.41,"NAN","NAN","NAN","NAN",3.542
"2026-01-31 05:20:00",44013,2.06,8.16,0.42,0.35,"NAN","NAN","NAN","NAN",3.542
"2026-01-31 05:30:00",44014,5.22,20.9,0.75,0.68,"NAN","NAN","NAN","NAN",3.545
"2026-01-31 05:40:00",44015,2.53,10.05,0.27,0.21,"NAN","NAN","NAN","NAN",3.547
"2026-01-31 05:50:00",44016,7.78,31.23,0.88,0.81,"NAN","NAN","NAN","NAN",3.553
"2026-01-31 06:00:00",44017,3.05,12.16,0.4,0.33,"NAN","NAN","NAN","NAN",3.554
"2026-01-31 06:10:00",44018,3.61,14.4,0.6,0.53,"NAN","NAN","NAN","NAN",3.555
"2026-01-31 06:20:00",44019,2.35,9.310001,0.45,0.39,"NAN","NAN","NAN","NAN",3.555
"2026-01-31 06:30:00",44020,4.08,16.32,0.34,0.27,"NAN","NAN","NAN","NAN",3.552
"2026-01-31 06:40:00",44021,3.45,13.75,0.39,0.33,"NAN","NAN","NAN","NAN",3.558
"2026-01-31 06:50:00",44022,2.7,10.73,0.45,0.39,"NAN","NAN","NAN","NAN",3.559
"2026-01-31 07:00:00",44023,2.27,9.01,0.38,0.32,"NAN","NAN","NAN","NAN",3.558
"2026-01-31 07:10:00",44024,1.08,4.18,0.24,0.18,"NAN","NAN","NAN","NAN",3.556
"2026-01-31 07:20:00",44025,1.13,4.38,0.25,0.19,"NAN","NAN","NAN","NAN",3.55
"2026-01-31 07:30:00",44026,2.89,11.52,0.48,0.42,"NAN","NAN","NAN","NAN",3.544
"2026-01-31 07:40:00",44027,3.97,15.88,0.54,0.47,"NAN","NAN","NAN","NAN",3.559
"2026-01-31 07:50:00",44028,1.03,4.01,0.28,0.22,"NAN","NAN","NAN","NAN",3.555
"2026-01-31 08:00:00",44029,2.35,9.32,0.61,0.54,"NAN","NAN","NAN","NAN",3.554
"2026-01-31 08:10:00",44030,1.88,7.42,0.39,0.33,"NAN","NAN","NAN","NAN",3.556
"2026-01-31 08:20:00",44031,1.42,5.59,0.33,0.27,"NAN","NAN","NAN","NAN",3.554
"2026-01-31 08:30:00",44032,4.62,18.47,0.55,0.48,"NAN","NAN","NAN","NAN",3.554
"2026-01-31 08:40:00",44033,1.09,4.22,0.36,0.29,"NAN","NAN","NAN","NAN",3.554
"2026-01-31 08:50:00",44034,2.29,9.09,0.41,0.35,"NAN","NAN","NAN","NAN",3.554
"2026-01-31 09:00:00",44035,1.52,5.98,0.27,0.21,"NAN","NAN","NAN","NAN",3.555
"2026-01-31 09:10:00",44036,1.15,4.47,0.33,0.27,"NAN","NAN","NAN","NAN",3.556
"2026-01-31 09:20:00",44037,3.36,13.38,0.45,0.39,"NAN","NAN","NAN","NAN",3.557
"2026-01-31 09:30:00",44038,2.81,11.2,0.63,0.56,"NAN","NAN","NAN","NAN",3.561
"2026-01-31 09:40:00",44039,1.52,5.99,0.28,0.22,"NAN","NAN","NAN","NAN",3.562
"2026-01-31 09:50:00",44040,1.62,6.36,0.3,0.24,"NAN","NAN","NAN","NAN",3.561
"2026-01-31 10:00:00",44041,0.99,3.82,0.28,0.22,"NAN","NAN","NAN","NAN",3.563
"2026-01-31 10:10:00",44042,0.81,3.12,0.24,0.18,"NAN","NAN","NAN","NAN",3.566
"2026-01-31 10:20:00",44043,0.99,3.82,0.3,0.24,"NAN","NAN","NAN","NAN",3.586
"2026-01-31 10:30:00",44044,0.61,2.3,0.21,0.15,"NAN","NAN","NAN","NAN",3.581
"2026-01-31 10:40:00",44045,0.54,2.01,0.2,0.15,"NAN","NAN","NAN","NAN",3.576
"2026-01-31 10:50:00",44046,1.53,6.03,0.28,0.22,"NAN","NAN","NAN","NAN",3.574
"2026-01-31 11:00:00",44047,0.98,3.79,0.2,0.14,"NAN","NAN","NAN","NAN",3.573
"2026-01-31 11:10:00",44048,1.66,6.54,0.35,0.29,"NAN","NAN","NAN","NAN",3.579
"2026-01-31 11:20:00",44049,0.89,3.43,0.25,0.19,"NAN","NAN","NAN","NAN",3.58
"2026-01-31 11:30:00",44050,3.97,15.87,0.44,0.37,"NAN","NAN","NAN","NAN",3.581
"2026-01-31 11:40:00",44051,1.49,5.85,0.27,0.21,"NAN","NAN","NAN","NAN",3.58
"2026-01-31 11:50:00",44052,0.64,2.43,0.27,0.21,"NAN","NAN","NAN","NAN",3.578
"2026-01-31 12:00:00",44053,1.3,5.07,0.29,0.23,"NAN","NAN","NAN","NAN",3.582
"2026-01-31 12:10:00",44054,3.22,12.82,0.45,0.38,"NAN","NAN","NAN","NAN",3.582
"2026-01-31 12:20:00",44055,0.74,2.81,0.25,0.19,"NAN","NAN","NAN","NAN",3.58
"2026-01-31 12:30:00",44056,1.17,4.58,0.28,0.22,"NAN","NAN","NAN","NAN",3.579
"2026-01-31 12:40:00",44057,0.81,3.09,0.23,0.17,"NAN","NAN","NAN","NAN",3.576
"2026-01-31 12:50:00",44058,1.31,5.12,0.35,0.29,"NAN","NAN","NAN","NAN",3.57
"2026-01-31 13:00:00",44059,1.48,5.79,0.37,0.31,"NAN","NAN","NAN","NAN",3.569
"2026-01-31 13:10:00",44060,1.28,4.99,0.27,0.21,"NAN","NAN","NAN","NAN",3.569
"2026-01-31 13:20:00",44061,1.34,5.24,0.3,0.24,"NAN","NAN","NAN","NAN",3.57
"2026-01-31 13:30:00",44062,2.66,10.58,0.34,0.28,"NAN","NAN","NAN","NAN",3.569
"2026-01-31 13:40:00",44063,"NAN","NAN","NAN","NAN","NAN","NAN","NAN","NAN","NAN"
"2026-01-31 13:50:00",44064,2.01,7.94,0.38,0.32,"NAN","NAN","NAN","NAN",3.585
"2026-01-31 14:00:00",44065,0.93,3.61,0.25,0.19,"NAN","NAN","NAN","NAN",3.582
"2026-01-31 14:10:00",44066,0.86,3.29,0.29,0.23,"NAN","NAN","NAN","NAN",3.579
"2026-01-31 14:20:00",44067,1.33,5.22,0.31,0.25,"NAN","NAN","NAN","NAN",3.576
"2026-01-31 14:30:00",44068,2.44,9.67,0.35,0.29,"NAN","NAN","NAN","NAN",3.57
"2026-01-31 14:40:00",44069,1.48,5.81,0.32,0.26,"NAN","NAN","NAN","NAN",3.575
"2026-01-31 14:50:00",44070,0.61,2.29,0.32,0.26,"NAN","NAN","NAN","NAN",3.573
"2026-01-31 15:00:00",44071,1.07,4.16,0.28,0.22,"NAN","NAN","NAN","NAN",3.573
"2026-01-31 15:10:00",44072,0.45,1.64,0.24,0.18,"NAN","NAN","NAN","NAN",3.574
"2026-01-31 15:20:00",44073,0.65,2.48,0.23,0.18,"NAN","NAN","NAN","NAN",3.574
"2026-01-31 15:30:00",44074,1.66,6.52,0.38,0.32,"NAN","NAN","NAN","NAN",3.574
"2026-01-31 15:40:00",44075,2.56,10.15,0.37,0.31,"NAN","NAN","NAN","NAN",3.575
"2026-01-31 15:50:00",44076,0.95,3.68,0.29,0.23,"NAN","NAN","NAN","NAN",3.574
"2026-01-31 16:00:00",44077,0.37,1.33,0.18,0.12,"NAN","NAN","NAN","NAN",3.572
"2026-01-31 16:10:00",44078,0.42,1.53,0.19,0.13,"NAN","NAN","NAN","NAN",3.571
"2026-01-31 16:20:00",44079,1.11,4.31,0.31,0.24,"NAN","NAN","NAN","NAN",3.562
"2026-01-31 16:30:00",44080,1.2,4.66,0.36,0.3,"NAN","NAN","NAN","NAN",3.58
"2026-01-31 16:40:00",44081,0.43,1.57,0.19,0.13,"NAN","NAN","NAN","NAN",3.58
"2026-01-31 16:50:00",44082,0.35,1.26,0.16,0.1,"NAN","NAN","NAN","NAN",3.581
"2026-01-31 17:00:00",44083,0.36,1.29,0.19,0.13,"NAN","NAN","NAN","NAN",3.581
"2026-01-31 17:10:00",44084,0.63,2.39,0.24,0.18,"NAN","NAN","NAN","NAN",3.581
"2026-01-31 17:20:00",44085,0.81,3.11,0.24,0.18,"NAN","NAN","NAN","NAN",3.579
"2026-01-31 17:30:00",44086,0.99,3.82,0.26,0.2,"NAN","NAN","NAN","NAN",3.573
"2026-01-31 17:40:00",44087,1.6,6.3,0.42,0.35,"NAN","NAN","NAN","NAN",3.565
"2026-01-31 17:50:00",44088,1.31,5.13,0.27,0.21,"NAN","NAN","NAN","NAN",3.555
"2026-01-31 18:00:00",44089,2.33,9.229999,0.35,0.29,"NAN","NAN","NAN","NAN",3.556
"2026-01-31 18:10:00",44090,2.82,11.2,0.42,0.36,"NAN","NAN","NAN","NAN",3.555
"2026-01-31 18:20:00",44091,0.9,3.46,0.25,0.19,"NAN","NAN","NAN","NAN",3.55
"2026-01-31 18:30:00",44092,1.28,5.01,0.3,0.24,"NAN","NAN","NAN","NAN",3.551
"2026-01-31 18:40:00",44093,1.09,4.22,0.22,0.16,"NAN","NAN","NAN","NAN",3.554
"2026-01-31 18:50:00",44094,1.3,5.08,0.35,0.29,"NAN","NAN","NAN","NAN",3.563
"2026-01-31 19:00:00",44095,1.02,3.96,0.29,0.23,"NAN","NAN","NAN","NAN",3.569
"2026-01-31 19:10:00",44096,1.06,4.1,0.32,0.26,"NAN","NAN","NAN","NAN",3.564
"2026-01-31 19:20:00",44097,1.34,5.25,0.33,0.27,"NAN","NAN","NAN","NAN",3.554
"2026-01-31 19:30:00",44098,1.55,6.08,0.38,0.31,"NAN","NAN","NAN","NAN",3.55
"2026-01-31 19:40:00",44099,1.43,5.63,0.41,0.34,"NAN","NAN","NAN","NAN",3.554
"2026-01-31 19:50:00",44100,0.6,2.26,0.23,0.17,"NAN","NAN","NAN","NAN",3.556
"2026-01-31 20:00:00",44101,1.91,7.54,0.34,0.28,"NAN","NAN","NAN","NAN",3.554
"2026-01-31 20:10:00",44102,1.19,4.66,0.29,0.23,"NAN","NAN","NAN","NAN",3.553
"2026-01-31 20:20:00",44103,3.22,12.81,0.4,0.34,"NAN","NAN","NAN","NAN",3.525
"2026-01-31 20:30:00",44104,1.83,7.22,0.42,0.36,"NAN","NAN","NAN","NAN",3.516
"2026-01-31 20:40:00",44105,1.09,4.22,0.31,0.24,"NAN","NAN","NAN","NAN",3.529
"2026-01-31 20:50:00",44106,1.09,4.25,0.37,0.31,"NAN","NAN","NAN","NAN",3.545
"2026-01-31 21:00:00",44107,2.21,8.74,0.35,0.28,"NAN","NAN","NAN","NAN",3.543
"2026-01-31 21:10:00",44108,2.04,8.07,0.33,0.27,"NAN","NAN","NAN","NAN",3.529
"2026-01-31 21:20:00",44109,2.2,8.72,0.42,0.35,"NAN","NAN","NAN","NAN",3.523
"2026-01-31 21:30:00",44110,1.53,6.03,0.39,0.33,"NAN","NAN","NAN","NAN",3.538
"2026-01-31 21:40:00",44111,3.67,14.66,0.48,0.42,"NAN","NAN","NAN","NAN",3.539
"2026-01-31 21:50:00",44112,1.19,4.63,0.37,0.31,"NAN","NAN","NAN","NAN",3.538
"2026-01-31 22:00:00",44113,1.65,6.52,0.38,0.32,"NAN","NAN","NAN","NAN",3.533
"2026-01-31 22:10:00",44114,2.98,11.88,0.4,0.34,"NAN","NAN","NAN","NAN",3.528
"2026-01-31 22:20:00",44115,1.48,5.83,0.36,0.3,"NAN","NAN","NAN","NAN",3.544
"2026-01-31 22:30:00",44116,"NAN","NAN","NAN","NAN","NAN","NAN","NAN","NAN","NAN"
"2026-01-31 22:40:00",44117,1.8,7.11,0.37,0.3,"NAN","NAN","NAN","NAN",3.531
"2026-01-31 22:50:00",44118,1.49,5.85,0.35,0.29,"NAN","NAN","NAN","NAN",3.529
"2026-01-31 23:00:00",44119,1.25,4.87,0.27,0.21,"NAN","NAN","NAN","NAN",3.545
"2026-01-31 23:10:00",44120,1.17,4.56,0.3,0.24,"NAN","NAN","NAN","NAN",3.553
"2026-01-31 23:20:00",44121,1.32,5.17,0.42,0.36,"NAN","NAN","NAN","NAN",3.547
"2026-01-31 23:30:00",44122,1,3.89,0.43,0.37,"NAN","NAN","NAN","NAN",3.54
"2026-01-31 23:40:00",44123,3.28,13.09,0.45,0.38,"NAN","NAN","NAN","NAN",3.543
"2026-01-31 23:50:00",44124,0.95,3.67,0.48,0.41,"NAN","NAN","NAN","NAN",3.545
"2026-02-01 00:00:00",44125,0.87,3.36,0.4,0.33,"NAN","NAN","NAN","NAN",3.54
"2026-02-01 00:10:00",44126,1.43,5.61,0.41,0.35,"NAN","NAN","NAN","NAN",3.545
"2026-02-01 00:20:00",44127,1.91,7.55,0.46,0.39,"NAN","NAN","NAN","NAN",3.553
"2026-02-01 00:30:00",44128,1.75,6.9,0.4,0.33,"NAN","NAN","NAN","NAN",3.535
"2026-02-01 00:40:00",44129,0.53,1.97,0.33,0.27,"NAN","NAN","NAN","NAN",3.542
"2026-02-01 00:50:00",44130,3.27,13.05,0.42,0.36,"NAN","NAN","NAN","NAN",3.538
"2026-02-01 01:00:00",44131,6.7,26.86,0.39,0.33,"NAN","NAN","NAN","NAN",3.531
"2026-02-01 01:10:00",44132,1.64,6.46,0.55,0.48,"NAN","NAN","NAN","NAN",3.535
"2026-02-01 01:20:00",44133,2.05,8.13,0.3,0.24,"NAN","NAN","NAN","NAN",3.534
"2026-02-01 01:30:00",44134,2.55,10.11,0.49,0.42,"NAN","NAN","NAN","NAN",3.523
"2026-02-01 01:40:00",44135,1.05,4.09,0.34,0.28,"NAN","NAN","NAN","NAN",3.525
"2026-02-01 01:50:00",44136,2.38,9.42,0.45,0.38,"NAN","NAN","NAN","NAN",3.524
"2026-02-01 02:00:00",44137,2.01,7.95,0.34,0.28,"NAN","NAN","NAN","NAN",3.532
"2026-02-01 02:10:00",44138,1.52,5.99,0.39,0.32,"NAN","NAN","NAN","NAN",3.542
"2026-02-01 02:20:00",44139,2.75,10.92,0.44,0.38,"NAN","NAN","NAN","NAN",3.531
"2026-02-01 02:30:00",44140,2.21,8.78,0.57,0.5,"NAN","NAN","NAN","NAN",3.527
"2026-02-01 02:40:00",44141,2.67,10.6,0.34,0.28,"NAN","NAN","NAN","NAN",3.515
"2026-02-01 02:50:00",44142,2.32,9.18,0.47,0.4,"NAN","NAN","NAN","NAN",3.502
"2026-02-01 03:00:00",44143,1.46,5.73,0.41,0.34,"NAN","NAN","NAN","NAN",3.513
"2026-02-01 03:10:00",44144,2.05,8.11,0.46,0.4,"NAN","NAN","NAN","NAN",3.521
"2026-02-01 03:20:00",44145,1.57,6.18,0.31,0.25,"NAN","NAN","NAN","NAN",3.544
"2026-02-01 03:30:00",44146,2.49,9.89,0.38,0.31,"NAN","NAN","NAN","NAN",3.537
"2026-02-01 03:40:00",44147,4.68,18.73,0.4,0.34,"NAN","NAN","NAN","NAN",3.517
"2026-02-01 03:50:00",44148,7.12,28.55,0.42,0.35,"NAN","NAN","NAN","NAN",3.507
"2026-02-01 04:00:00",44149,1.38,5.42,0.41,0.35,"NAN","NAN","NAN","NAN",3.502
"2026-02-01 04:10:00",44150,0.88,3.38,0.25,0.19,"NAN","NAN","NAN","NAN",3.513
"2026-02-01 04:20:00",44151,2.06,8.15,0.47,0.41,"NAN","NAN","NAN","NAN",3.518
"2026-02-01 04:30:00",44152,4.06,16.2,0.43,0.36,"NAN","NAN","NAN","NAN",3.54
"2026-02-01 04:40:00",44153,2.23,8.84,0.42,0.36,"NAN","NAN","NAN","NAN",3.538
"2026-02-01 04:50:00",44154,3.65,14.59,0.38,0.32,"NAN","NAN","NAN","NAN",3.546
"2026-02-01 05:00:00",44155,3.16,12.59,0.4,0.33,"NAN","NAN","NAN","NAN",3.541
"2026-02-01 05:10:00",44156,2.19,8.689999,0.34,0.28,"NAN","NAN","NAN","NAN",3.537
"2026-02-01 05:20:00",44157,2.16,8.560001,0.39,0.33,"NAN","NAN","NAN","NAN",3.534
"2026-02-01 05:30:00",44158,1.49,5.86,0.51,0.44,"NAN","NAN","NAN","NAN",3.529
"2026-02-01 05:40:00",44159,2.07,8.21,0.41,0.35,"NAN","NAN","NAN","NAN",3.538
"2026-02-01 05:50:00",44160,1.64,6.45,0.39,0.32,"NAN","NAN","NAN","NAN",3.539
"2026-02-01 06:00:00",44161,3.94,15.72,0.46,0.39,"NAN","NAN","NAN","NAN",3.536
"2026-02-01 06:10:00",44162,0.81,3.1,0.36,0.29,"NAN","NAN","NAN","NAN",3.537
"2026-02-01 06:20:00",44163,1.37,5.37,0.77,0.7,"NAN","NAN","NAN","NAN",3.536
"2026-02-01 06:30:00",44164,3.58,14.3,0.41,0.35,"NAN","NAN","NAN","NAN",3.54
"2026-02-01 06:40:00",44165,1.37,5.37,0.37,0.31,"NAN","NAN","NAN","NAN",3.537
"2026-02-01 06:50:00",44166,2.9,11.53,0.42,0.35,"NAN","NAN","NAN","NAN",3.547
"2026-02-01 07:00:00",44167,1.62,6.38,0.41,0.34,"NAN","NAN","NAN","NAN",3.542
"2026-02-01 07:10:00",44168,1.58,6.2,0.29,0.23,"NAN","NAN","NAN","NAN",3.519
"2026-02-01 07:20:00",44169,"NAN","NAN","NAN","NAN","NAN","NAN","NAN","NAN","NAN"
"2026-02-01 07:30:00",44170,0.85,3.26,0.41,0.35,"NAN","NAN","NAN","NAN",3.537
"2026-02-01 07:40:00",44171,1.28,4.99,0.36,0.3,"NAN","NAN","NAN","NAN",3.53
"2026-02-01 07:50:00",44172,1.12,4.38,0.39,0.33,"NAN","NAN","NAN","NAN",3.518
"2026-02-01 08:00:00",44173,0.98,3.8,0.36,0.29,"NAN","NAN","NAN","NAN",3.516
"2026-02-01 08:10:00",44174,1.16,4.54,0.33,0.27,"NAN","NAN","NAN","NAN",3.511
"2026-02-01 08:20:00",44175,1.63,6.42,0.3,0.24,"NAN","NAN","NAN","NAN",3.512
"2026-02-01 08:30:00",44176,0.99,3.83,0.31,0.25,"NAN","NAN","NAN","NAN",3.521
"2026-02-01 08:40:00",44177,0.7,2.68,0.37,0.31,"NAN","NAN","NAN","NAN",3.523
"2026-02-01 08:50:00",44178,1.13,4.41,0.33,0.27,"NAN","NAN","NAN","NAN",3.517
"2026-02-01 09:00:00",44179,1.2,4.67,0.26,0.2,"NAN","NAN","NAN","NAN",3.535
"2026-02-01 09:10:00",44180,1.15,4.48,0.33,0.27,"NAN","NAN","NAN","NAN",3.548
"2026-02-01 09:20:00",44181,1.37,5.37,0.32,0.26,"NAN","NAN","NAN","NAN",3.548
"2026-02-01 09:30:00",44182,0.88,3.39,0.36,0.3,"NAN","NAN","NAN","NAN",3.552
"2026-02-01 09:40:00",44183,1.07,4.18,0.27,0.21,"NAN","NAN","NAN","NAN",3.547
"2026-02-01 09:50:00",44184,2.16,8.57,0.35,0.29,"NAN","NAN","NAN","NAN",3.551
"2026-02-01 10:00:00",44185,0.78,2.97,0.23,0.17,"NAN","NAN","NAN","NAN",3.551
"2026-02-01 10:10:00",44186,2.48,9.85,0.32,0.26,"NAN","NAN","NAN","NAN",3.553
"2026-02-01 10:20:00",44187,1.01,3.93,0.27,0.21,"NAN","NAN","NAN","NAN",3.551
"2026-02-01 10:30:00",44188,0.99,3.82,0.26,0.2,"NAN","NAN","NAN","NAN",3.549
"2026-02-01 10:40:00",44189,2.94,11.71,0.3,0.24,"NAN","NAN","NAN","NAN",3.553
"2026-02-01 10:50:00",44190,1.95,7.72,0.37,0.31,"NAN","NAN","NAN","NAN",3.555
"2026-02-01 11:00:00",44191,1.07,4.16,0.3,0.23,"NAN","NAN","NAN","NAN",3.567
"2026-02-01 11:10:00",44192,0.81,3.12,0.28,0.22,"NAN","NAN","NAN","NAN",3.555
"2026-02-01 11:20:00",44193,0.4,1.46,0.25,0.19,"NAN","NAN","NAN","NAN",3.56
"2026-02-01 11:30:00",44194,1.04,4.03,0.22,0.16,"NAN","NAN","NAN","NAN",3.561
"2026-02-01 11:40:00",44195,0.99,3.84,0.22,0.16,"NAN","NAN","NAN","NAN",3.566
"2026-02-01 11:50:00",44196,0.57,2.13,0.33,0.27,"NAN","NAN","NAN","NAN",3.568
"2026-02-01 12:00:00",44197,1.14,4.45,0.23,0.17,"NAN","NAN","NAN","NAN",3.568
"2026-02-01 12:10:00",44198,0.84,3.22,0.26,0.2,"NAN","NAN","NAN","NAN",3.565
"2026-02-01 12:20:00",44199,0.66,2.5,0.2,0.14,"NAN","NAN","NAN","NAN",3.566
"2026-02-01 12:30:00",44200,0.87,3.35,0.21,0.15,"NAN","NAN","NAN","NAN",3.57
"2026-02-01 12:40:00",44201,0.81,3.09,0.25,0.19,"NAN","NAN","NAN","NAN",3.571
"2026-02-01 12:50:00",44202,0.49,1.83,0.2,0.14,"NAN","NAN","NAN","NAN",3.571
"2026-02-01 13:00:00",44203,0.7,2.66,0.22,0.16,"NAN","NAN","NAN","NAN",3.569
"2026-02-01 13:10:00",44204,0.9,3.46,0.22,0.16,"NAN","NAN","NAN","NAN",3.573
"2026-02-01 13:20:00",44205,0.48,1.79,0.27,0.21,"NAN","NAN","NAN","NAN",3.568
"2026-02-01 13:30:00",44206,1.3,5.09,0.25,0.19,"NAN","NAN","NAN","NAN",3.576
"2026-02-01 13:40:00",44207,0.56,2.08,0.23,0.17,"NAN","NAN","NAN","NAN",3.584
"2026-02-01 13:50:00",44208,1.1,4.27,0.27,0.21,"NAN","NAN","NAN","NAN",3.583
"2026-02-01 14:00:00",44209,0.89,3.44,0.21,0.15,"NAN","NAN","NAN","NAN",3.585
"2026-02-01 14:10:00",44210,0.94,3.61,0.26,0.2,"NAN","NAN","NAN","NAN",3.587
"2026-02-01 14:20:00",44211,0.5,1.87,0.2,0.14,"NAN","NAN","NAN","NAN",3.59
"2026-02-01 14:30:00",44212,1.3,5.09,0.29,0.23,"NAN","NAN","NAN","NAN",3.59
"2026-02-01 14:40:00",44213,1.05,4.1,0.21,0.15,"NAN","NAN","NAN","NAN",3.587
"2026-02-01 14:50:00",44214,1.15,4.47,0.24,0.18,"NAN","NAN","NAN","NAN",3.579
"2026-02-01 15:00:00",44215,1.11,4.33,0.27,0.21,"NAN","NAN","NAN","NAN",3.579
"2026-02-01 15:10:00",44216,0.79,3.02,0.27,0.21,"NAN","NAN","NAN","NAN",3.575
"2026-02-01 15:20:00",44217,1.37,5.35,0.28,0.22,"NAN","NAN","NAN","NAN",3.584
"2026-02-01 15:30:00",44218,0.88,3.41,0.25,0.19,"NAN","NAN","NAN","NAN",3.578
"2026-02-01 15:40:00",44219,0.64,2.42,0.23,0.17,"NAN","NAN","NAN","NAN",3.581
"2026-02-01 15:50:00",44220,1.52,5.99,0.26,0.2,"NAN","NAN","NAN","NAN",3.579
"2026-02-01 16:00:00",44221,0.68,2.59,0.24,0.18,"NAN","NAN","NAN","NAN",3.578
"2026-02-01 16:10:00",44222,"NAN","NAN","NAN","NAN","NAN","NAN","NAN","NAN","NAN"
"2026-02-01 16:20:00",44223,0.88,3.4,0.32,0.26,"NAN","NAN","NAN","NAN",3.579
"2026-02-01 16:30:00",44224,1.47,5.76,0.32,0.26,"NAN","NAN","NAN","NAN",3.577
"2026-02-01 16:40:00",44225,1.43,5.6,0.37,0.3,"NAN","NAN","NAN","NAN",3.573
"2026-02-01 16:50:00",44226,2.07,8.18,0.33,0.26,"NAN","NAN","NAN","NAN",3.575
"2026-02-01 17:00:00",44227,3.26,13.01,0.39,0.33,"NAN","NAN","NAN","NAN",3.576
"2026-02-01 17:10:00",44228,2.01,7.97,0.42,0.36,"NAN","NAN","NAN","NAN",3.58
"2026-02-01 17:20:00",44229,3.36,13.4,0.45,0.38,"NAN","NAN","NAN","NAN",3.571
"2026-02-01 17:30:00",44230,5.17,20.71,0.32,0.26,"NAN","NAN","NAN","NAN",3.576
"2026-02-01 17:40:00",44231,1.15,4.5,0.32,0.26,"NAN","NAN","NAN","NAN",3.577
"2026-02-01 17:50:00",44232,2.04,8.060001,0.41,0.34,"NAN","NAN","NAN","NAN",3.578
"2026-02-01 18:00:00",44233,1,3.86,0.42,0.36,"NAN","NAN","NAN","NAN",3.593
"2026-02-01 18:10:00",44234,1.13,4.41,0.26,0.2,"NAN","NAN","NAN","NAN",3.593
"2026-02-01 18:20:00",44235,0.73,2.79,0.29,0.23,"NAN","NAN","NAN","NAN",3.595
"2026-02-01 18:30:00",44236,0.89,3.42,0.24,0.18,"NAN","NAN","NAN","NAN",3.599
"2026-02-01 18:40:00",44237,1.35,5.31,0.32,0.25,"NAN","NAN","NAN","NAN",3.603
"2026-02-01 18:50:00",44238,0.58,2.18,0.22,0.16,"NAN","NAN","NAN","NAN",3.602
"2026-02-01 19:00:00",44239,1,3.87,0.3,0.24,"NAN","NAN","NAN","NAN",3.611
"2026-02-01 19:10:00",44240,1.27,4.95,0.33,0.27,"NAN","NAN","NAN","NAN",3.609
"2026-02-01 19:20:00",44241,0.63,2.37,0.23,0.17,"NAN","NAN","NAN","NAN",3.61
"2026-02-01 19:30:00",44242,1.03,4.01,0.3,0.24,"NAN","NAN","NAN","NAN",3.611
"2026-02-01 19:40:00",44243,1.21,4.71,0.31,0.24,"NAN","NAN","NAN","NAN",3.613
"2026-02-01 19:50:00",44244,0.98,3.78,0.27,0.21,"NAN","NAN","NAN","NAN",3.62
"2026-02-01 20:00:00",44245,0.8,3.07,0.31,0.25,"NAN","NAN","NAN","NAN",3.613
"2026-02-01 20:10:00",44246,3.41,13.61,0.44,0.38,"NAN","NAN","NAN","NAN",3.596
"2026-02-01 20:20:00",44247,4.81,19.23,0.52,0.45,"NAN","NAN","NAN","NAN",3.584
"2026-02-01 20:30:00",44248,1.15,4.48,0.41,0.35,"NAN","NAN","NAN","NAN",3.588
"2026-02-01 20:40:00",44249,2.16,8.54,0.38,0.32,"NAN","NAN","NAN","NAN",3.573
"2026-02-01 20:50:00",44250,3.68,14.68,0.47,0.4,"NAN","NAN","NAN","NAN",3.582
"2026-02-01 21:00:00",44251,2.3,9.11,0.43,0.37,"NAN","NAN","NAN","NAN",3.565
"2026-02-01 21:10:00",44252,1.56,6.12,0.54,0.47,"NAN","NAN","NAN","NAN",3.572
"2026-02-01 21:20:00",44253,1.73,6.82,0.35,0.28,"NAN","NAN","NAN","NAN",3.56
"2026-02-01 21:30:00",44254,1.9,7.52,0.3,0.24,"NAN","NAN","NAN","NAN",3.578
"2026-02-01 21:40:00",44255,1.43,5.62,0.51,0.44,"NAN","NAN","NAN","NAN",3.579
"2026-02-01 21:50:00",44256,1.58,6.2,0.37,0.31,"NAN","NAN","NAN","NAN",3.561
"2026-02-01 22:00:00",44257,2.24,8.88,0.42,0.35,"NAN","NAN","NAN","NAN",3.552
"2026-02-01 22:10:00",44258,3.53,14.06,0.54,0.48,"NAN","NAN","NAN","NAN",3.557
"2026-02-01 22:20:00",44259,3.32,13.24,0.61,0.55,"NAN","NAN","NAN","NAN",3.552
"2026-02-01 22:30:00",44260,2.06,8.14,0.52,0.46,"NAN","NAN","NAN","NAN",3.566
"2026-02-01 22:40:00",44261,3.43,13.69,0.68,0.61,"NAN","NAN","NAN","NAN",3.557
"2026-02-01 22:50:00",44262,1.36,5.33,0.38,0.31,"NAN","NAN","NAN","NAN",3.555
"2026-02-01 23:00:00",44263,2.87,11.4,0.65,0.58,"NAN","NAN","NAN","NAN",3.553
"2026-02-01 23:10:00",44264,3.9,15.57,0.43,0.37,"NAN","NAN","NAN","NAN",3.548
"2026-02-01 23:20:00",44265,1.5,5.91,0.36,0.3,"NAN","NAN","NAN","NAN",3.555
"2026-02-01 23:30:00",44266,3.43,13.67,0.53,0.46,"NAN","NAN","NAN","NAN",3.563
"2026-02-01 23:40:00",44267,1.35,5.28,0.34,0.28,"NAN","NAN","NAN","NAN",3.567
"2026-02-01 23:50:00",44268,4.27,17.06,0.42,0.36,"NAN","NAN","NAN","NAN",3.565
"2026-02-02 00:00:00",44269,2.33,9.25,0.59,0.52,"NAN","NAN","NAN","NAN",3.576
"2026-02-02 00:10:00",44270,2.81,11.18,0.45,0.38,"NAN","NAN","NAN","NAN",3.584
"2026-02-02 00:20:00",44271,1.57,6.18,0.45,0.39,"NAN","NAN","NAN","NAN",3.581
"2026-02-02 00:30:00",44272,1.63,6.4,0.3,0.24,"NAN","NAN","NAN","NAN",3.587
"2026-02-02 00:40:00",44273,2.85,11.33,0.49,0.42,"NAN","NAN","NAN","NAN",3.59
"2026-02-02 00:50:00",44274,1.62,6.39,0.62,0.55,"NAN","NAN","NAN","NAN",3.591
"2026-02-02 01:00:00",44275,"NAN","NAN","NAN","NAN","NAN","NAN","NAN","NAN","NAN"
"2026-02-02 01:10:00",44276,2.33,9.26,0.56,0.5,"NAN","NAN","NAN","NAN",3.596
"2026-02-02 01:20:00",44277,7.78,31.23,0.55,0.48,"NAN","NAN","NAN","NAN",3.597
"2026-02-02 01:30:00",44278,8.95,35.96,0.5,0.43,"NAN","NAN","NAN","NAN",3.595
"2026-02-02 01:40:00",44279,4.33,17.33,0.5,0.43,"NAN","NAN","NAN","NAN",3.601
"2026-02-02 01:50:00",44280,4.47,17.89,0.45,0.38,"NAN","NAN","NAN","NAN",3.587
"2026-02-02 02:00:00",44281,1.55,6.08,0.52,0.45,"NAN","NAN","NAN","NAN",3.595
"2026-02-02 02:10:00",44282,7.02,28.19,0.48,0.41,"NAN","NAN","NAN","NAN",3.579
"2026-02-02 02:20:00",44283,3.12,12.43,0.49,0.43,"NAN","NAN","NAN","NAN",3.578
"2026-02-02 02:30:00",44284,4.52,18.06,0.62,0.56,"NAN","NAN","NAN","NAN",3.578
"2026-02-02 02:40:00",44285,5.95,23.84,0.44,0.38,"NAN","NAN","NAN","NAN",3.583
"2026-02-02 02:50:00",44286,2.18,8.64,0.57,0.5,"NAN","NAN","NAN","NAN",3.581
"2026-02-02 03:00:00",44287,5.43,21.77,0.75,0.68,"NAN","NAN","NAN","NAN",3.568
"2026-02-02 03:10:00",44288,3.34,13.32,0.5,0.43,"NAN","NAN","NAN","NAN",3.568
"2026-02-02 03:20:00",44289,5.33,21.33,0.61,0.54,"NAN","NAN","NAN","NAN",3.577
"2026-02-02 03:30:00",44290,3.74,14.94,0.49,0.43,"NAN","NAN","NAN","NAN",3.583
"2026-02-02 03:40:00",44291,3.91,15.61,0.49,0.42,"NAN","NAN","NAN","NAN",3.572
"2026-02-02 03:50:00",44292,1.78,7.04,0.49,0.43,"NAN","NAN","NAN","NAN",3.582
"2026-02-02 04:00:00",44293,3.04,12.1,0.42,0.35,"NAN","NAN","NAN","NAN",3.576
"2026-02-02 04:10:00",44294,2.89,11.51,0.5,0.43,"NAN","NAN","NAN","NAN",3.576
"2026-02-02 04:20:00",44295,4.76,19.04,0.59,0.52,"NAN","NAN","NAN","NAN",3.576
"2026-02-02 04:30:00",44296,1.38,5.4,0.38,0.32,"NAN","NAN","NAN","NAN",3.58
"2026-02-02 04:40:00",44297,4.07,16.24,0.41,0.35,"NAN","NAN","NAN","NAN",3.566
"2026-02-02 04:50:00",44298,2.92,11.61,0.71,0.64,"NAN","NAN","NAN","NAN",3.569
"2026-02-02 05:00:00",44299,1.38,5.43,0.47,0.4,"NAN","NAN","NAN","NAN",3.56
"2026-02-02 05:10:00",44300,2.83,11.27,0.58,0.52,"NAN","NAN","NAN","NAN",3.566
"2026-02-02 05:20:00",44301,7.05,28.29,0.39,0.33,"NAN","NAN","NAN","NAN",3.568
"2026-02-02 05:30:00",44302,4.55,18.18,0.41,0.35,"NAN","NAN","NAN","NAN",3.568
"2026-02-02 05:40:00",44303,2.51,9.97,0.42,0.36,"NAN","NAN","NAN","NAN",3.572
"2026-02-02 05:50:00",44304,2.76,11,0.44,0.37,"NAN","NAN","NAN","NAN",3.573
"2026-02-02 06:00:00",44305,4.03,16.09,0.37,0.3,"NAN","NAN","NAN","NAN",3.571
"2026-02-02 06:10:00",44306,4.04,16.14,0.43,0.36,"NAN","NAN","NAN","NAN",3.563
"2026-02-02 06:20:00",44307,3.13,12.47,0.57,0.51,"NAN","NAN","NAN","NAN",3.58
"2026-02-02 06:30:00",44308,5.4,21.63,0.62,0.55,"NAN","NAN","NAN","NAN",3.581
"2026-02-02 06:40:00",44309,1.61,6.34,0.34,0.28,"NAN","NAN","NAN","NAN",3.579
"2026-02-02 06:50:00",44310,2.73,10.87,0.44,0.38,"NAN","NAN","NAN","NAN",3.582
"2026-02-02 07:00:00",44311,1.19,4.63,0.31,0.25,"NAN","NAN","NAN","NAN",3.579
"2026-02-02 07:10:00",44312,2.25,8.91,0.56,0.49,"NAN","NAN","NAN","NAN",3.581
"2026-02-02 07:20:00",44313,4.58,18.33,0.6,0.53,"NAN","NAN","NAN","NAN",3.591
"2026-02-02 07:30:00",44314,2.6,10.34,0.49,0.42,"NAN","NAN","NAN","NAN",3.59
"2026-02-02 07:40:00",44315,2.42,9.61,0.51,0.45,"NAN","NAN","NAN","NAN",3.588
"2026-02-02 07:50:00",44316,2.04,8.07,0.32,0.25,"NAN","NAN","NAN","NAN",3.583
"2026-02-02 08:00:00",44317,2.07,8.18,0.34,0.28,"NAN","NAN","NAN","NAN",3.58
"2026-02-02 08:10:00",44318,2.29,9.1,0.64,0.57,"NAN","NAN","NAN","NAN",3.58
"2026-02-02 08:20:00",44319,3.45,13.75,0.42,0.35,"NAN","NAN","NAN","NAN",3.575
"2026-02-02 08:30:00",44320,1.09,4.25,0.37,0.3,"NAN","NAN","NAN","NAN",3.57
"2026-02-02 08:40:00",44321,1.76,6.95,0.42,0.36,"NAN","NAN","NAN","NAN",3.574
"2026-02-02 08:50:00",44322,1.54,6.07,0.67,0.6,"NAN","NAN","NAN","NAN",3.57
"2026-02-02 09:00:00",44323,4.04,16.12,0.47,0.4,"NAN","NAN","NAN","NAN",3.573
"2026-02-02 09:10:00",44324,4.82,19.3,0.62,0.55,"NAN","NAN","NAN","NAN",3.577
"2026-02-02 09:20:00",44325,0.97,3.77,0.34,0.28,"NAN","NAN","NAN","NAN",3.584
"2026-02-02 09:30:00",44326,1.18,4.62,0.25,0.19,"NAN","NAN","NAN","NAN",3.591
"2026-02-02 09:40:00",44327,0.67,2.54,0.22,0.17,"NAN","NAN","NAN","NAN",3.597
"2026-02-02 09:50:00",44328,"NAN","NAN","NAN","NAN","NAN","NAN","NAN","NAN","NAN"
"2026-02-02 10:00:00",44329,2.39,9.479999,0.31,0.25,"NAN","NAN","NAN","NAN",3.61
"2026-02-02 10:10:00",44330,0.37,1.34,0.21,0.15,"NAN","NAN","NAN","NAN",3.614
"2026-02-02 10:20:00",44331,0.38,1.38,0.18,0.12,"NAN","NAN","NAN","NAN",3.613
"2026-02-02 10:30:00",44332,0.48,1.76,0.2,0.14,"NAN","NAN","NAN","NAN",3.613
"2026-02-02 10:40:00",44333,1.02,3.96,0.25,0.19,"NAN","NAN","NAN","NAN",3.615
"2026-02-02 10:50:00",44334,1.65,6.52,0.25,0.19,"NAN","NAN","NAN","NAN",3.622
"2026-02-02 11:00:00",44335,1.1,4.26,0.2,0.15,"NAN","NAN","NAN","NAN",3.624
"2026-02-02 11:10:00",44336,0.88,3.38,0.25,0.19,"NAN","NAN","NAN","NAN",3.624
"2026-02-02 11:20:00",44337,0.73,2.8,0.27,0.21,"NAN","NAN","NAN","NAN",3.626
"2026-02-02 11:30:00",44338,0.61,2.3,0.18,0.12,"NAN","NAN","NAN","NAN",3.629
"2026-02-02 11:40:00",44339,0.45,1.67,0.23,0.17,"NAN","NAN","NAN","NAN",3.631
"2026-02-02 11:50:00",44340,0.76,2.9,0.26,0.2,"NAN","NAN","NAN","NAN",3.639
"2026-02-02 12:00:00",44341,0.41,1.5,0.2,0.14,"NAN","NAN","NAN","NAN",3.623
"2026-02-02 12:10:00",44342,1.61,6.35,0.37,0.3,"NAN","NAN","NAN","NAN",3.63
"2026-02-02 12:20:00",44343,0.57,2.13,0.23,0.17,"NAN","NAN","NAN","NAN",3.633
"2026-02-02 12:30:00",44344,0.29,1.01,0.2,0.14,"NAN","NAN","NAN","NAN",3.624
"2026-02-02 12:40:00",44345,0.34,1.2,0.19,0.13,"NAN","NAN","NAN","NAN",3.641
"2026-02-02 12:50:00",44346,0.53,1.98,0.22,0.16,"NAN","NAN","NAN","NAN",3.643
"2026-02-02 13:00:00",44347,0.61,2.31,0.2,0.14,"NAN","NAN","NAN","NAN",3.645
"2026-02-02 13:10:00",44348,0.7,2.68,0.21,0.15,"NAN","NAN","NAN","NAN",3.645
"2026-02-02 13:20:00",44349,0.67,2.52,0.24,0.18,"NAN","NAN","NAN","NAN",3.642
"2026-02-02 13:30:00",44350,1.09,4.23,0.26,0.2,"NAN","NAN","NAN","NAN",3.641
"2026-02-02 13:40:00",44351,4.06,16.23,0.34,0.28,"NAN","NAN","NAN","NAN",3.638
"2026-02-02 13:50:00",44352,1.05,4.06,0.21,0.15,"NAN","NAN","NAN","NAN",3.635
"2026-02-02 14:00:00",44353,0.44,1.6,0.2,0.14,"NAN","NAN","NAN","NAN",3.632
"2026-02-02 14:10:00",44354,0.62,2.34,0.25,0.19,"NAN","NAN","NAN","NAN",3.63
"2026-02-02 14:20:00",44355,0.59,2.21,0.21,0.15,"NAN","NAN","NAN","NAN",3.625
"2026-02-02 14:30:00",44356,3.94,15.75,0.51,0.44,"NAN","NAN","NAN","NAN",3.629
"2026-02-02 14:40:00",44357,0.33,1.18,0.17,0.11,"NAN","NAN","NAN","NAN",3.629
"2026-02-02 14:50:00",44358,0.58,2.19,0.22,0.17,"NAN","NAN","NAN","NAN",3.627
"2026-02-02 15:00:00",44359,1.83,7.22,0.31,0.24,"NAN","NAN","NAN","NAN",3.621
"2026-02-02 15:10:00",44360,2.51,9.97,0.33,0.26,"NAN","NAN","NAN","NAN",3.614
"2026-02-02 15:20:00",44361,0.52,1.96,0.2,0.14,"NAN","NAN","NAN","NAN",3.627
"2026-02-02 15:30:00",44362,2.12,8.4,0.32,0.26,"NAN","NAN","NAN","NAN",3.624
"2026-02-02 15:40:00",44363,1.5,5.91,0.33,0.27,"NAN","NAN","NAN","NAN",3.621
"2026-02-02 15:50:00",44364,1.2,4.69,0.26,0.2,"NAN","NAN","NAN","NAN",3.618
"2026-02-02 16:00:00",44365,0.78,2.99,0.32,0.26,"NAN","NAN","NAN","NAN",3.618
"2026-02-02 16:10:00",44366,2.68,10.65,0.43,0.36,"NAN","NAN","NAN","NAN",3.623
"2026-02-02 16:20:00",44367,4.14,16.53,0.49,0.42,"NAN","NAN","NAN","NAN",3.617
"2026-02-02 16:30:00",44368,0.79,3.03,0.28,0.22,"NAN","NAN","NAN","NAN",3.616
"2026-02-02 16:40:00",44369,0.4,1.46,0.2,0.14,"NAN","NAN","NAN","NAN",3.618
"2026-02-02 16:50:00",44370,1.4,5.5,0.27,0.21,"NAN","NAN","NAN","NAN",3.619
"2026-02-02 17:00:00",44371,2.33,9.25,0.32,0.25,"NAN","NAN","NAN","NAN",3.623
"2026-02-02 17:10:00",44372,1.4,5.51,0.26,0.2,"NAN","NAN","NAN","NAN",3.62
"2026-02-02 17:20:00",44373,0.85,3.28,0.2,0.14,"NAN","NAN","NAN","NAN",3.614
"2026-02-02 17:30:00",44374,0.77,2.95,0.36,0.3,"NAN","NAN","NAN","NAN",3.616
"2026-02-02 17:40:00",44375,0.4,1.45,0.21,0.15,"NAN","NAN","NAN","NAN",3.617
"2026-02-02 17:50:00",44376,1.35,5.3,0.24,0.18,"NAN","NAN","NAN","NAN",3.618
"2026-02-02 18:00:00",44377,0.53,1.98,0.27,0.21,"NAN","NAN","NAN","NAN",3.623
"2026-02-02 18:10:00",44378,0.58,2.17,0.22,0.16,"NAN","NAN","NAN","NAN",3.62
"2026-02-02 18:20:00",44379,0.86,3.3,0.28,0.22,"NAN","NAN","NAN","NAN",3.62
"2026-02-02 18:30:00",44380,0.51,1.92,0.21,0.16,"NAN","NAN","NAN","NAN",3.621
"2026-02-02 18:40:00",44381,"NAN","NAN","NAN","NAN","NAN","NAN","NAN","NAN","NAN"
"2026-02-02 18:50:00",44382,3.95,15.79,0.5,0.43,"NAN","NAN","NAN","NAN",3.623
"2026-02-02 19:00:00",44383,1.44,5.66,0.31,0.25,"NAN","NAN","NAN","NAN",3.623
"2026-02-02 19:10:00",44384,1.23,4.8,0.29,0.22,"NAN","NAN","NAN","NAN",3.624
"2026-02-02 19:20:00",44385,0.69,2.64,0.22,0.16,"NAN","NAN","NAN","NAN",3.625
"2026-02-02 19:30:00",44386,1.62,6.36,0.22,0.17,"NAN","NAN","NAN","NAN",3.626
"2026-02-02 19:40:00",44387,6.15,24.68,0.91,0.83,"NAN","NAN","NAN","NAN",3.648
"2026-02-02 19:50:00",44388,0.91,3.5,0.3,0.24,"NAN","NAN","NAN","NAN",3.645
"2026-02-02 20:00:00",44389,0.94,3.63,0.28,0.22,"NAN","NAN","NAN","NAN",3.638
"2026-02-02 20:10:00",44390,0.84,3.24,0.41,0.35,"NAN","NAN","NAN","NAN",3.639
"2026-02-02 20:20:00",44391,4.21,16.84,0.74,0.67,"NAN","NAN","NAN","NAN",3.637
"2026-02-02 20:30:00",44392,2.26,8.96,0.42,0.35,"NAN","NAN","NAN","NAN",3.648
"2026-02-02 20:40:00",44393,2.93,11.65,0.46,0.39,"NAN","NAN","NAN","NAN",3.649
"2026-02-02 20:50:00",44394,3.58,14.29,0.79,0.72,"NAN","NAN","NAN","NAN",3.625
"2026-02-02 21:00:00",44395,1.83,7.21,0.46,0.4,"NAN","NAN","NAN","NAN",3.626
"2026-02-02 21:10:00",44396,3.29,13.12,0.65,0.58,"NAN","NAN","NAN","NAN",3.616
"2026-02-02 21:20:00",44397,2.73,10.84,0.39,0.32,"NAN","NAN","NAN","NAN",3.601
"2026-02-02 21:30:00",44398,6.05,24.23,1.2,1.12,"NAN","NAN","NAN","NAN",3.622
"2026-02-02 21:40:00",44399,5.64,22.61,0.87,0.8,"NAN","NAN","NAN","NAN",3.614
"2026-02-02 21:50:00",44400,2.5,9.92,0.59,0.52,"NAN","NAN","NAN","NAN",3.611
"2026-02-02 22:00:00",44401,3.99,15.93,0.79,0.71,"NAN","NAN","NAN","NAN",3.607
"2026-02-02 22:10:00",44402,7.39,29.65,1.09,1.01,"NAN","NAN","NAN","NAN",3.607
"2026-02-02 22:20:00",44403,1.89,7.47,0.44,0.37,"NAN","NAN","NAN","NAN",3.612
"2026-02-02 22:30:00",44404,3.17,12.61,0.57,0.5,"NAN","NAN","NAN","NAN",3.613
"2026-02-02 22:40:00",44405,2.68,10.64,0.6,0.53,"NAN","NAN","NAN","NAN",3.605
"2026-02-02 22:50:00",44406,2.29,9.08,0.42,0.36,"NAN","NAN","NAN","NAN",3.603
"2026-02-02 23:00:00",44407,2.18,8.63,0.45,0.38,"NAN","NAN","NAN","NAN",3.598
"2026-02-02 23:10:00",44408,3.73,14.88,0.6,0.53,"NAN","NAN","NAN","NAN",3.592
"2026-02-02 23:20:00",44409,1.62,6.37,0.33,0.27,"NAN","NAN","NAN","NAN",3.585
"2026-02-02 23:30:00",44410,2.24,8.87,0.65,0.58,"NAN","NAN","NAN","NAN",3.583
"2026-02-02 23:40:00",44411,1.67,6.56,0.33,0.27,"NAN","NAN","NAN","NAN",3.581
"2026-02-02 23:50:00",44412,1.93,7.62,0.48,0.42,"NAN","NAN","NAN","NAN",3.585
"2026-02-03 00:00:00",44413,3.07,12.23,0.49,0.43,"NAN","NAN","NAN","NAN",3.591
"2026-02-03 00:10:00",44414,2.61,10.39,0.43,0.37,"NAN","NAN","NAN","NAN",3.604
"2026-02-03 00:20:00",44415,7.76,31.16,0.56,0.49,"NAN","NAN","NAN","NAN",3.606
"2026-02-03 00:30:00",44416,2.6,10.32,0.4,0.33,"NAN","NAN","NAN","NAN",3.609
"2026-02-03 00:40:00",44417,3.19,12.7,0.4,0.34,"NAN","NAN","NAN","NAN",3.61
"2026-02-03 00:50:00",44418,2.96,11.8,0.6,0.53,"NAN","NAN","NAN","NAN",3.61
"2026-02-03 01:00:00",44419,5.25,21.04,0.81,0.74,"NAN","NAN","NAN","NAN",3.614
"2026-02-03 01:10:00",44420,4.1,16.39,0.82,0.75,"NAN","NAN","NAN","NAN",3.613
"2026-02-03 01:20:00",44421,1.84,7.26,0.51,0.44,"NAN","NAN","NAN","NAN",3.612
"2026-02-03 01:30:00",44422,4.23,16.93,0.55,0.48,"NAN","NAN","NAN","NAN",3.612
"2026-02-03 01:40:00",44423,3.47,13.86,0.57,0.5,"NAN","NAN","NAN","NAN",3.608
"2026-02-03 01:50:00",44424,5.48,21.95,0.75,0.68,"NAN","NAN","NAN","NAN",3.614
"2026-02-03 02:00:00",44425,2.53,10.07,0.66,0.59,"NAN","NAN","NAN","NAN",3.614
"2026-02-03 02:10:00",44426,3.33,13.26,0.62,0.55,"NAN","NAN","NAN","NAN",3.61
"2026-02-03 02:20:00",44427,4.92,19.7,0.93,0.86,"NAN","NAN","NAN","NAN",3.611
"2026-02-03 02:30:00",44428,2.71,10.77,0.5,0.43,"NAN","NAN","NAN","NAN",3.61
"2026-02-03 02:40:00",44429,6.14,24.62,0.91,0.83,"NAN","NAN","NAN","NAN",3.608
"2026-02-03 02:50:00",44430,7.14,28.64,0.73,0.66,"NAN","NAN","NAN","NAN",3.615
"2026-02-03 03:00:00",44431,2.59,10.29,0.35,0.29,"NAN","NAN","NAN","NAN",3.611
"2026-02-03 03:10:00",44432,2.08,8.24,0.34,0.28,"NAN","NAN","NAN","NAN",3.597
"2026-02-03 03:20:00",44433,9.78,39.32,1.01,0.93,"NAN","NAN","NAN","NAN",3.598
"2026-02-03 03:30:00",44434,"NAN","NAN","NAN","NAN","NAN","NAN","NAN","NAN","NAN"
"2026-02-03 03:40:00",44435,5.47,21.9,0.91,0.83,"NAN","NAN","NAN","NAN",3.6
"2026-02-03 03:50:00",44436,4.58,18.31,0.57,0.5,"NAN","NAN","NAN","NAN",3.6
"2026-02-03 04:00:00",44437,2.99,11.91,0.51,0.45,"NAN","NAN","NAN","NAN",3.601
"2026-02-03 04:10:00",44438,1.55,6.11,0.42,0.36,"NAN","NAN","NAN","NAN",3.599
"2026-02-03 04:20:00",44439,1.78,7.03,0.45,0.38,"NAN","NAN","NAN","NAN",3.601
"2026-02-03 04:30:00",44440,3.61,14.42,0.5,0.43,"NAN","NAN","NAN","NAN",3.606
"2026-02-03 04:40:00",44441,5.64,22.59,0.75,0.68,"NAN","NAN","NAN","NAN",3.604
"2026-02-03 04:50:00",44442,2.46,9.770001,0.47,0.4,"NAN","NAN","NAN","NAN",3.593
"2026-02-03 05:00:00",44443,1.71,6.74,0.43,0.37,"NAN","NAN","NAN","NAN",3.597
"2026-02-03 05:10:00",44444,4.3,17.19,0.71,0.64,"NAN","NAN","NAN","NAN",3.601
"2026-02-03 05:20:00",44445,5.63,22.57,0.81,0.74,"NAN","NAN","NAN","NAN",3.604
"2026-02-03 05:30:00",44446,3.14,12.51,0.39,0.33,"NAN","NAN","NAN","NAN",3.607
"2026-02-03 05:40:00",44447,2.25,8.91,0.34,0.28,"NAN","NAN","NAN","NAN",3.605
"2026-02-03 05:50:00",44448,1.89,7.45,0.48,0.42,"NAN","NAN","NAN","NAN",3.592
"2026-02-03 06:00:00",44449,6.08,24.38,0.72,0.65,"NAN","NAN","NAN","NAN",3.591
"2026-02-03 06:10:00",44450,9.64,38.73,1.18,1.1,"NAN","NAN","NAN","NAN",3.58
"2026-02-03 06:20:00",44451,3.51,14,0.7,0.63,"NAN","NAN","NAN","NAN",3.596
"2026-02-03 06:30:00",44452,4.62,18.5,0.62,0.55,"NAN","NAN","NAN","NAN",3.595
"2026-02-03 06:40:00",44453,7.06,28.35,1.45,1.36,"NAN","NAN","NAN","NAN",3.589
"2026-02-03 06:50:00",44454,2.93,11.66,0.57,0.51,"NAN","NAN","NAN","NAN",3.59
"2026-02-03 07:00:00",44455,3.46,13.8,0.78,0.71,"NAN","NAN","NAN","NAN",3.592
"2026-02-03 07:10:00",44456,5.62,22.54,0.81,0.74,"NAN","NAN","NAN","NAN",3.596
"2026-02-03 07:20:00",44457,6.07,24.35,1.02,0.94,"NAN","NAN","NAN","NAN",3.591
"2026-02-03 07:30:00",44458,6.37,25.56,0.85,0.77,"NAN","NAN","NAN","NAN",3.589
"2026-02-03 07:40:00",44459,8.8,35.34,1.13,1.04,"NAN","NAN","NAN","NAN",3.589
"2026-02-03 07:50:00",44460,6.2,24.85,0.62,0.55,"NAN","NAN","NAN","NAN",3.59
"2026-02-03 08:00:00",44461,7.05,28.3,1.09,1.01,"NAN","NAN","NAN","NAN",3.59
"2026-02-03 08:10:00",44462,3.99,15.96,0.67,0.6,"NAN","NAN","NAN","NAN",3.58
"2026-02-03 08:20:00",44463,9.51,38.2,1.09,1.01,"NAN","NAN","NAN","NAN",3.579
"2026-02-03 08:30:00",44464,6.89,27.64,1.03,0.95,"NAN","NAN","NAN","NAN",3.581
"2026-02-03 08:40:00",44465,2.08,8.229999,0.46,0.39,"NAN","NAN","NAN","NAN",3.585
"2026-02-03 08:50:00",44466,2.35,9.34,0.55,0.48,"NAN","NAN","NAN","NAN",3.591
"2026-02-03 09:00:00",44467,5.41,21.67,0.7,0.63,"NAN","NAN","NAN","NAN",3.597
"2026-02-03 09:10:00",44468,9.92,39.88,1.19,1.11,"NAN","NAN","NAN","NAN",3.598
"2026-02-03 09:20:00",44469,9.9,39.79,1.1,1.02,"NAN","NAN","NAN","NAN",3.602
"2026-02-03 09:30:00",44470,9.2,36.97,1.43,1.34,"NAN","NAN","NAN","NAN",3.596
"2026-02-03 09:40:00",44471,8.99,36.1,1.31,1.22,"NAN","NAN","NAN","NAN",3.603
"2026-02-03 09:50:00",44472,4.21,16.83,0.56,0.5,"NAN","NAN","NAN","NAN",3.617
"2026-02-03 10:00:00",44473,3.9,15.58,0.47,0.41,"NAN","NAN","NAN","NAN",3.615
"2026-02-03 10:10:00",44474,1.56,6.14,0.36,0.29,"NAN","NAN","NAN","NAN",3.618
"2026-02-03 10:20:00",44475,6.13,24.57,0.78,0.71,"NAN","NAN","NAN","NAN",3.613
"2026-02-03 10:30:00",44476,6.06,24.28,0.96,0.88,"NAN","NAN","NAN","NAN",3.606
"2026-02-03 10:40:00",44477,3.91,15.6,0.33,0.27,"NAN","NAN","NAN","NAN",3.619
"2026-02-03 10:50:00",44478,4.36,17.43,0.65,0.58,"NAN","NAN","NAN","NAN",3.618
"2026-02-03 11:00:00",44479,7.03,28.21,0.84,0.77,"NAN","NAN","NAN","NAN",3.616
"2026-02-03 11:10:00",44480,0.85,3.25,0.22,0.16,"NAN","NAN","NAN","NAN",3.618
"2026-02-03 11:20:00",44481,1.84,7.26,0.31,0.24,"NAN","NAN","NAN","NAN",3.622
"2026-02-03 11:30:00",44482,1.15,4.47,0.25,0.19,"NAN","NAN","NAN","NAN",3.623
"2026-02-03 11:40:00",44483,1.33,5.2,0.21,0.15,"NAN","NAN","NAN","NAN",3.631
"2026-02-03 11:50:00",44484,0.87,3.33,0.26,0.2,"NAN","NAN","NAN","NAN",3.632
"2026-02-03 12:00:00",44485,1.03,3.98,0.28,0.22,"NAN","NAN","NAN","NAN",3.635
"2026-02-03 12:10:00",44486,1.2,4.7,0.2,0.14,"NAN","NAN","NAN","NAN",3.638
"2026-02-03 12:20:00",44487,"NAN","NAN","NAN","NAN","NAN","NAN","NAN","NAN","NAN"
"2026-02-03 12:30:00",44488,0.55,2.06,0.22,0.16,"NAN","NAN","NAN","NAN",3.642
"2026-02-03 12:40:00",44489,1.56,6.15,0.27,0.21,"NAN","NAN","NAN","NAN",3.645
"2026-02-03 12:50:00",44490,1.79,7.07,0.31,0.25,"NAN","NAN","NAN","NAN",3.642
"2026-02-03 13:00:00",44491,1.78,7.01,0.33,0.27,"NAN","NAN","NAN","NAN",3.643
"2026-02-03 13:10:00",44492,1.44,5.66,0.32,0.26,"NAN","NAN","NAN","NAN",3.646
"2026-02-03 13:20:00",44493,1.49,5.86,0.29,0.22,"NAN","NAN","NAN","NAN",3.654
"2026-02-03 13:30:00",44494,0.69,2.62,0.21,0.15,"NAN","NAN","NAN","NAN",3.653
"2026-02-03 13:40:00",44495,1.57,6.18,0.38,0.32,"NAN","NAN","NAN","NAN",3.653
"2026-02-03 13:50:00",44496,0.78,2.99,0.22,0.16,"NAN","NAN","NAN","NAN",3.654
"2026-02-03 14:00:00",44497,0.57,2.13,0.21,0.15,"NAN","NAN","NAN","NAN",3.654
"2026-02-03 14:10:00",44498,0.38,1.36,0.2,0.14,"NAN","NAN","NAN","NAN",3.654
"2026-02-03 14:20:00",44499,0.37,1.35,0.15,0.1,"NAN","NAN","NAN","NAN",3.657
"2026-02-03 14:30:00",44500,0.62,2.36,0.28,0.22,"NAN","NAN","NAN","NAN",3.654
"2026-02-03 14:40:00",44501,4.53,18.12,0.48,0.41,"NAN","NAN","NAN","NAN",3.625
"2026-02-03 14:50:00",44502,4.23,16.9,0.93,0.85,"NAN","NAN","NAN","NAN",3.635
"2026-02-03 15:00:00",44503,2.05,8.13,0.54,0.47,"NAN","NAN","NAN","NAN",3.621
"2026-02-03 15:10:00",44504,4.1,16.39,0.46,0.4,"NAN","NAN","NAN","NAN",3.636
"2026-02-03 15:20:00",44505,2.27,8.979999,0.31,0.25,"NAN","NAN","NAN","NAN",3.63
"2026-02-03 15:30:00",44506,0.76,2.92,0.24,0.18,"NAN","NAN","NAN","NAN",3.633
"2026-02-03 15:40:00",44507,1.57,6.19,0.38,0.32,"NAN","NAN","NAN","NAN",3.636
"2026-02-03 15:50:00",44508,1.24,4.83,0.42,0.36,"NAN","NAN","NAN","NAN",3.628
"2026-02-03 16:00:00",44509,2.42,9.61,0.37,0.3,"NAN","NAN","NAN","NAN",3.635
"2026-02-03 16:10:00",44510,1.41,5.53,0.29,0.23,"NAN","NAN","NAN","NAN",3.634
"2026-02-03 16:20:00",44511,0.9,3.48,0.28,0.22,"NAN","NAN","NAN","NAN",3.636
"2026-02-03 16:30:00",44512,0.88,3.38,0.35,0.29,"NAN","NAN","NAN","NAN",3.637
"2026-02-03 16:40:00",44513,0.51,1.9,0.21,0.15,"NAN","NAN","NAN","NAN",3.638
"2026-02-03 16:50:00",44514,2.55,10.11,0.31,0.25,"NAN","NAN","NAN","NAN",3.633
"2026-02-03 17:00:00",44515,3.36,13.38,0.45,0.38,"NAN","NAN","NAN","NAN",3.633
"2026-02-03 17:10:00",44516,1.96,7.77,0.3,0.24,"NAN","NAN","NAN","NAN",3.634
"2026-02-03 17:20:00",44517,0.61,2.32,0.21,0.15,"NAN","NAN","NAN","NAN",3.632
"2026-02-03 17:30:00",44518,1.17,4.57,0.24,0.18,"NAN","NAN","NAN","NAN",3.632
"2026-02-03 17:40:00",44519,1,3.89,0.2,0.14,"NAN","NAN","NAN","NAN",3.631
"2026-02-03 17:50:00",44520,2.56,10.17,0.32,0.26,"NAN","NAN","NAN","NAN",3.642
"2026-02-03 18:00:00",44521,2.35,9.32,0.46,0.4,"NAN","NAN","NAN","NAN",3.642
"2026-02-03 18:10:00",44522,1.71,6.73,0.45,0.39,"NAN","NAN","NAN","NAN",3.642
"2026-02-03 18:20:00",44523,0.97,3.77,0.32,0.26,"NAN","NAN","NAN","NAN",3.635
"2026-02-03 18:30:00",44524,2.02,8,0.32,0.26,"NAN","NAN","NAN","NAN",3.638
"2026-02-03 18:40:00",44525,1.25,4.89,0.24,0.18,"NAN","NAN","NAN","NAN",3.656
"2026-02-03 18:50:00",44526,1.93,7.62,0.31,0.25,"NAN","NAN","NAN","NAN",3.651
"2026-02-03 19:00:00",44527,1.41,5.52,0.34,0.27,"NAN","NAN","NAN","NAN",3.649
"2026-02-03 19:10:00",44528,2.12,8.38,0.4,0.34,"NAN","NAN","NAN","NAN",3.648
"2026-02-03 19:20:00",44529,0.35,1.24,0.24,0.18,"NAN","NAN","NAN","NAN",3.648
"2026-02-03 19:30:00",44530,2.55,10.11,0.58,0.51,"NAN","NAN","NAN","NAN",3.656
"2026-02-03 19:40:00",44531,6.42,25.74,0.8,0.72,"NAN","NAN","NAN","NAN",3.654
"2026-02-03 19:50:00",44532,3.43,13.69,0.52,0.46,"NAN","NAN","NAN","NAN",3.651
"2026-02-03 20:00:00",44533,1.93,7.63,0.33,0.27,"NAN","NAN","NAN","NAN",3.648
"2026-02-03 20:10:00",44534,2.65,10.53,0.4,0.34,"NAN","NAN","NAN","NAN",3.644
"2026-02-03 20:20:00",44535,4.03,16.1,0.63,0.56,"NAN","NAN","NAN","NAN",3.639
"2026-02-03 20:30:00",44536,3.84,15.33,0.57,0.5,"NAN","NAN","NAN","NAN",3.638
"2026-02-03 20:40:00",44537,1.64,6.45,0.47,0.41,"NAN","NAN","NAN","NAN",3.629
"2026-02-03 20:50:00",44538,2.56,10.18,0.36,0.3,"NAN","NAN","NAN","NAN",3.622
"2026-02-03 21:00:00",44539,2.59,10.29,0.44,0.37,"NAN","NAN","NAN","NAN",3.622
"2026-02-03 21:10:00",44540,"NAN","NAN","NAN","NAN","NAN","NAN","NAN","NAN","NAN"
"2026-02-03 21:20:00",44541,7.45,29.9,0.86,0.78,"NAN","NAN","NAN","NAN",3.617
"2026-02-03 21:30:00",44542,4.18,16.72,0.76,0.68,"NAN","NAN","NAN","NAN",3.617
"2026-02-03 21:40:00",44543,4.61,18.43,0.5,0.44,"NAN","NAN","NAN","NAN",3.617
"2026-02-03 21:50:00",44544,2.45,9.71,0.49,0.42,"NAN","NAN","NAN","NAN",3.618
"2026-02-03 22:00:00",44545,4.48,17.93,0.53,0.47,"NAN","NAN","NAN","NAN",3.617
"2026-02-03 22:10:00",44546,2.63,10.44,0.52,0.45,"NAN","NAN","NAN","NAN",3.618
"2026-02-03 22:20:00",44547,6.88,27.59,1,0.92,"NAN","NAN","NAN","NAN",3.625
"2026-02-03 22:30:00",44548,5.07,20.31,0.96,0.88,"NAN","NAN","NAN","NAN",3.627
"2026-02-03 22:40:00",44549,5.83,23.35,1.05,0.98,"NAN","NAN","NAN","NAN",3.627
"2026-02-03 22:50:00",44550,7.88,31.64,0.78,0.71,"NAN","NAN","NAN","NAN",3.627
"2026-02-03 23:00:00",44551,5.25,21.03,0.5,0.43,"NAN","NAN","NAN","NAN",3.629
"2026-02-03 23:10:00",44552,7.86,31.55,0.76,0.69,"NAN","NAN","NAN","NAN",3.627
"2026-02-03 23:20:00",44553,3.19,12.69,0.65,0.58,"NAN","NAN","NAN","NAN",3.627
"2026-02-03 23:30:00",44554,10.72,43.11,1.36,1.27,"NAN","NAN","NAN","NAN",3.628
"2026-02-03 23:40:00",44555,4.99,19.97,0.75,0.68,"NAN","NAN","NAN","NAN",3.629
"2026-02-03 23:50:00",44556,5.48,21.94,0.45,0.38,"NAN","NAN","NAN","NAN",3.618
"2026-02-04 00:00:00",44557,6.15,24.65,0.65,0.58,"NAN","NAN","NAN","NAN",3.631
"2026-02-04 00:10:00",44558,4.83,19.35,0.55,0.49,"NAN","NAN","NAN","NAN",3.631
"2026-02-04 00:20:00",44559,5.05,20.2,0.9,0.83,"NAN","NAN","NAN","NAN",3.628
"2026-02-04 00:30:00",44560,7.18,28.79,1.01,0.93,"NAN","NAN","NAN","NAN",3.625
"2026-02-04 00:40:00",44561,6.87,27.57,1.61,1.51,"NAN","NAN","NAN","NAN",3.624
"2026-02-04 00:50:00",44562,3.91,15.62,0.67,0.6,"NAN","NAN","NAN","NAN",3.62
"2026-02-04 01:00:00",44563,7.97,32,0.95,0.88,"NAN","NAN","NAN","NAN",3.616
"2026-02-04 01:10:00",44564,9.92,39.86,0.94,0.86,"NAN","NAN","NAN","NAN",3.615
"2026-02-04 01:20:00",44565,7.47,29.99,1.11,1.03,"NAN","NAN","NAN","NAN",3.613
"2026-02-04 01:30:00",44566,10.73,43.14,1.37,1.28,"NAN","NAN","NAN","NAN",3.605
"2026-02-04 01:40:00",44567,3.26,13,0.52,0.45,"NAN","NAN","NAN","NAN",3.625
"2026-02-04 01:50:00",44568,5.1,20.44,0.65,0.58,"NAN","NAN","NAN","NAN",3.621
"2026-02-04 02:00:00",44569,4.46,17.83,0.55,0.48,"NAN","NAN","NAN","NAN",3.618
"2026-02-04 02:10:00",44570,9.34,37.54,1.17,1.09,"NAN","NAN","NAN","NAN",3.612
"2026-02-04 02:20:00",44571,9.729999,39.09,1.07,0.99,"NAN","NAN","NAN","NAN",3.602
"2026-02-04 02:30:00",44572,5.37,21.52,0.69,0.62,"NAN","NAN","NAN","NAN",3.589
"2026-02-04 02:40:00",44573,7.23,29.01,0.67,0.6,"NAN","NAN","NAN","NAN",3.593
"2026-02-04 02:50:00",44574,4.7,18.82,0.84,0.77,"NAN","NAN","NAN","NAN",3.59
"2026-02-04 03:00:00",44575,2.71,10.77,0.59,0.52,"NAN","NAN","NAN","NAN",3.595
"2026-02-04 03:10:00",44576,5.01,20.05,0.59,0.52,"NAN","NAN","NAN","NAN",3.598
"2026-02-04 03:20:00",44577,6.69,26.85,0.75,0.67,"NAN","NAN","NAN","NAN",3.601
"2026-02-04 03:30:00",44578,5.05,20.23,0.73,0.66,"NAN","NAN","NAN","NAN",3.606
"2026-02-04 03:40:00",44579,4.61,18.42,0.69,0.62,"NAN","NAN","NAN","NAN",3.602
"2026-02-04 03:50:00",44580,6.55,26.26,1.02,0.94,"NAN","NAN","NAN","NAN",3.606
"2026-02-04 04:00:00",44581,5.6,22.44,0.66,0.59,"NAN","NAN","NAN","NAN",3.607
"2026-02-04 04:10:00",44582,5.5,22.05,0.86,0.78,"NAN","NAN","NAN","NAN",3.608
"2026-02-04 04:20:00",44583,6.32,25.35,0.78,0.7,"NAN","NAN","NAN","NAN",3.609
"2026-02-04 04:30:00",44584,8.6,34.53,0.96,0.89,"NAN","NAN","NAN","NAN",3.606
"2026-02-04 04:40:00",44585,5.4,21.64,0.65,0.58,"NAN","NAN","NAN","NAN",3.608
"2026-02-04 04:50:00",44586,8.42,33.8,0.63,0.56,"NAN","NAN","NAN","NAN",3.612
"2026-02-04 05:00:00",44587,6.76,27.1,1.11,1.03,"NAN","NAN","NAN","NAN",3.621
"2026-02-04 05:10:00",44588,5.78,23.18,0.89,0.81,"NAN","NAN","NAN","NAN",3.628
"2026-02-04 05:20:00",44589,5.63,22.56,0.68,0.61,"NAN","NAN","NAN","NAN",3.634
"2026-02-04 05:30:00",44590,3.55,14.15,1.07,0.99,"NAN","NAN","NAN","NAN",3.636
"2026-02-04 05:40:00",44591,4.23,16.9,0.71,0.64,"NAN","NAN","NAN","NAN",3.638
"2026-02-04 05:50:00",44592,4.08,16.31,0.61,0.54,"NAN","NAN","NAN","NAN",3.639
"2026-02-04 06:00:00",44593,"NAN","NAN","NAN","NAN","NAN","NAN","NAN","NAN","NAN"
"2026-02-04 06:10:00",44594,3.39,13.51,0.56,0.49,"NAN","NAN","NAN","NAN",3.649
"2026-02-04 06:20:00",44595,11.23,45.16,1.07,0.99,"NAN","NAN","NAN","NAN",3.643
"2026-02-04 06:30:00",44596,3.18,12.69,0.6,0.54,"NAN","NAN","NAN","NAN",3.638
"2026-02-04 06:40:00",44597,5.03,20.12,0.53,0.46,"NAN","NAN","NAN","NAN",3.638
"2026-02-04 06:50:00",44598,5.1,20.41,0.65,0.58,"NAN","NAN","NAN","NAN",3.645
"2026-02-04 07:00:00",44599,8.55,34.33,0.85,0.78,"NAN","NAN","NAN","NAN",3.649
"2026-02-04 07:10:00",44600,5.4,21.61,0.69,0.62,"NAN","NAN","NAN","NAN",3.638
"2026-02-04 07:20:00",44601,10.8,43.43,1.32,1.23,"NAN","NAN","NAN","NAN",3.625
"2026-02-04 07:30:00",44602,5.82,23.32,0.87,0.8,"NAN","NAN","NAN","NAN",3.623
"2026-02-04 07:40:00",44603,8.189999,32.88,1.21,1.12,"NAN","NAN","NAN","NAN",3.62
"2026-02-04 07:50:00",44604,4.02,16.06,0.71,0.64,"NAN","NAN","NAN","NAN",3.637
"2026-02-04 08:00:00",44605,5.3,21.23,0.75,0.68,"NAN","NAN","NAN","NAN",3.641
"2026-02-04 08:10:00",44606,4.63,18.51,0.85,0.77,"NAN","NAN","NAN","NAN",3.639
"2026-02-04 08:20:00",44607,6.3,25.27,0.95,0.87,"NAN","NAN","NAN","NAN",3.637
"2026-02-04 08:30:00",44608,5.85,23.44,0.78,0.71,"NAN","NAN","NAN","NAN",3.635
"2026-02-04 08:40:00",44609,1.58,6.2,0.27,0.21,"NAN","NAN","NAN","NAN",3.627
"2026-02-04 08:50:00",44610,4.41,17.64,0.63,0.56,"NAN","NAN","NAN","NAN",3.641
"2026-02-04 09:00:00",44611,2.82,11.21,0.31,0.25,"NAN","NAN","NAN","NAN",3.641
"2026-02-04 09:10:00",44612,3.48,13.88,0.46,0.39,"NAN","NAN","NAN","NAN",3.638
"2026-02-04 09:20:00",44613,2,7.93,0.34,0.28,"NAN","NAN","NAN","NAN",3.641
"2026-02-04 09:30:00",44614,2.55,10.11,0.4,0.33,"NAN","NAN","NAN","NAN",3.642
"2026-02-04 09:40:00",44615,1.43,5.61,0.28,0.21,"NAN","NAN","NAN","NAN",3.647
"2026-02-04 09:50:00",44616,2.26,8.95,0.34,0.28,"NAN","NAN","NAN","NAN",3.648
"2026-02-04 10:00:00",44617,2.2,8.72,0.3,0.24,"NAN","NAN","NAN","NAN",3.648
"2026-02-04 10:10:00",44618,1.99,7.86,0.29,0.23,"NAN","NAN","NAN","NAN",3.648
"2026-02-04 10:20:00",44619,2.35,9.32,0.33,0.27,"NAN","NAN","NAN","NAN",3.649
"2026-02-04 10:30:00",44620,0.62,2.35,0.26,0.2,"NAN","NAN","NAN","NAN",3.648
"2026-02-04 10:40:00",44621,1.03,3.98,0.25,0.19,"NAN","NAN","NAN","NAN",3.65
"2026-02-04 10:50:00",44622,1.46,5.71,0.23,0.17,"NAN","NAN","NAN","NAN",3.65
"2026-02-04 11:00:00",44623,4.92,19.7,0.49,0.42,"NAN","NAN","NAN","NAN",3.649
"2026-02-04 11:10:00",44624,1.74,6.84,0.32,0.25,"NAN","NAN","NAN","NAN",3.649
"2026-02-04 11:20:00",44625,1.19,4.63,0.27,0.21,"NAN","NAN","NAN","NAN",3.645
"2026-02-04 11:30:00",44626,1.53,5.99,0.26,0.2,"NAN","NAN","NAN","NAN",3.654
"2026-02-04 11:40:00",44627,3.1,12.35,0.23,0.17,"NAN","NAN","NAN","NAN",3.652
"2026-02-04 11:50:00",44628,1.64,6.46,0.25,0.19,"NAN","NAN","NAN","NAN",3.651
"2026-02-04 12:00:00",44629,2.5,9.92,0.27,0.21,"NAN","NAN","NAN","NAN",3.651
"2026-02-04 12:10:00",44630,3.49,13.94,0.49,0.42,"NAN","NAN","NAN","NAN",3.65
"2026-02-04 12:20:00",44631,3.5,13.98,0.48,0.42,"NAN","NAN","NAN","NAN",3.654
"2026-02-04 12:30:00",44632,1.84,7.27,0.29,0.23,"NAN","NAN","NAN","NAN",3.652
"2026-02-04 12:40:00",44633,2.06,8.17,0.22,0.16,"NAN","NAN","NAN","NAN",3.654
"2026-02-04 12:50:00",44634,0.97,3.74,0.19,0.13,"NAN","NAN","NAN","NAN",3.655
"2026-02-04 13:00:00",44635,0.62,2.35,0.23,0.18,"NAN","NAN","NAN","NAN",3.656
"2026-02-04 13:10:00",44636,0.57,2.13,0.21,0.15,"NAN","NAN","NAN","NAN",3.658
"2026-02-04 13:20:00",44637,0.95,3.66,0.23,0.17,"NAN","NAN","NAN","NAN",3.66
"2026-02-04 13:30:00",44638,1.76,6.96,0.26,0.2,"NAN","NAN","NAN","NAN",3.661
"2026-02-04 13:40:00",44639,0.28,0.99,0.17,0.11,"NAN","NAN","NAN","NAN",3.661
"2026-02-04 13:50:00",44640,0.52,1.93,0.18,0.12,"NAN","NAN","NAN","NAN",3.657
"2026-02-04 14:00:00",44641,0.38,1.39,0.2,0.14,"NAN","NAN","NAN","NAN",3.654
"2026-02-04 14:10:00",44642,2.57,10.2,0.28,0.22,"NAN","NAN","NAN","NAN",3.66
"2026-02-04 14:20:00",44643,0.93,3.58,0.18,0.12,"NAN","NAN","NAN","NAN",3.661
"2026-02-04 14:30:00",44644,0.72,2.76,0.26,0.2,"NAN","NAN","NAN","NAN",3.662
"2026-02-04 14:40:00",44645,0.68,2.57,0.17,0.11,"NAN","NAN","NAN","NAN",3.662
"2026-02-04 14:50:00",44646,"NAN","NAN","NAN","NAN","NAN","NAN","NAN","NAN","NAN"
"2026-02-04 15:00:00",44647,0.73,2.8,0.16,0.1,"NAN","NAN","NAN","NAN",3.658
"2026-02-04 15:10:00",44648,0.29,1,0.17,0.11,"NAN","NAN","NAN","NAN",3.658
"2026-02-04 15:20:00",44649,0.5,1.85,0.21,0.15,"NAN","NAN","NAN","NAN",3.658
"2026-02-04 15:30:00",44650,0.8,3.06,0.2,0.14,"NAN","NAN","NAN","NAN",3.659
"2026-02-04 15:40:00",44651,0.3,1.06,0.22,0.16,"NAN","NAN","NAN","NAN",3.659
"2026-02-04 15:50:00",44652,1.01,3.92,0.27,0.21,"NAN","NAN","NAN","NAN",3.664
"2026-02-04 16:00:00",44653,0.38,1.39,0.23,0.17,"NAN","NAN","NAN","NAN",3.662
"2026-02-04 16:10:00",44654,0.62,2.36,0.22,0.16,"NAN","NAN","NAN","NAN",3.661
"2026-02-04 16:20:00",44655,0.34,1.22,0.18,0.12,"NAN","NAN","NAN","NAN",3.663
"2026-02-04 16:30:00",44656,0.93,3.57,0.22,0.16,"NAN","NAN","NAN","NAN",3.663
"2026-02-04 16:40:00",44657,0.62,2.34,0.25,0.19,"NAN","NAN","NAN","NAN",3.666
"2026-02-04 16:50:00",44658,0.46,1.69,0.21,0.15,"NAN","NAN","NAN","NAN",3.668
"2026-02-04 17:00:00",44659,0.6,2.25,0.18,0.13,"NAN","NAN","NAN","NAN",3.67
"2026-02-04 17:10:00",44660,0.68,2.6,0.23,0.17,"NAN","NAN","NAN","NAN",3.67
"2026-02-04 17:20:00",44661,1.35,5.29,0.28,0.22,"NAN","NAN","NAN","NAN",3.653
"2026-02-04 17:30:00",44662,3.41,13.61,0.53,0.47,"NAN","NAN","NAN","NAN",3.636
"2026-02-04 17:40:00",44663,5.32,21.31,0.9,0.83,"NAN","NAN","NAN","NAN",3.634
"2026-02-04 17:50:00",44664,5.7,22.84,0.84,0.77,"NAN","NAN","NAN","NAN",3.629
"2026-02-04 18:00:00",44665,4.8,19.21,0.74,0.67,"NAN","NAN","NAN","NAN",3.633
"2026-02-04 18:10:00",44666,7.95,31.93,0.71,0.64,"NAN","NAN","NAN","NAN",3.646
"2026-02-04 18:20:00",44667,3.25,12.96,0.62,0.55,"NAN","NAN","NAN","NAN",3.662
"2026-02-04 18:30:00",44668,5.79,23.22,0.55,0.48,"NAN","NAN","NAN","NAN",3.661
"2026-02-04 18:40:00",44669,3.93,15.69,0.59,0.52,"NAN","NAN","NAN","NAN",3.656
"2026-02-04 18:50:00",44670,1.96,7.74,0.38,0.31,"NAN","NAN","NAN","NAN",3.656
"2026-02-04 19:00:00",44671,2.61,10.37,0.68,0.61,"NAN","NAN","NAN","NAN",3.657
"2026-02-04 19:10:00",44672,4.69,18.75,0.49,0.43,"NAN","NAN","NAN","NAN",3.661
"2026-02-04 19:20:00",44673,5.58,22.34,0.75,0.68,"NAN","NAN","NAN","NAN",3.675
"2026-02-04 19:30:00",44674,4.06,16.23,0.61,0.54,"NAN","NAN","NAN","NAN",3.676
"2026-02-04 19:40:00",44675,6.93,27.81,0.72,0.65,"NAN","NAN","NAN","NAN",3.672
"2026-02-04 19:50:00",44676,4.11,16.41,0.47,0.41,"NAN","NAN","NAN","NAN",3.671
"2026-02-04 20:00:00",44677,3.91,15.6,0.62,0.55,"NAN","NAN","NAN","NAN",3.67
"2026-02-04 20:10:00",44678,3.83,15.31,0.58,0.51,"NAN","NAN","NAN","NAN",3.667
"2026-02-04 20:20:00",44679,6.87,27.55,0.53,0.46,"NAN","NAN","NAN","NAN",3.685
"2026-02-04 20:30:00",44680,1.12,4.36,0.3,0.24,"NAN","NAN","NAN","NAN",3.68
"2026-02-04 20:40:00",44681,3.74,14.91,0.52,0.45,"NAN","NAN","NAN","NAN",3.678
"2026-02-04 20:50:00",44682,4.31,17.25,0.56,0.49,"NAN","NAN","NAN","NAN",3.674
"2026-02-04 21:00:00",44683,4.56,18.24,0.75,0.68,"NAN","NAN","NAN","NAN",3.67
"2026-02-04 21:10:00",44684,5.07,20.3,0.71,0.64,"NAN","NAN","NAN","NAN",3.684
"2026-02-04 21:20:00",44685,1.5,5.88,0.29,0.23,"NAN","NAN","NAN","NAN",3.679
"2026-02-04 21:30:00",44686,3.23,12.88,0.35,0.28,"NAN","NAN","NAN","NAN",3.673
"2026-02-04 21:40:00",44687,3.32,13.25,0.4,0.34,"NAN","NAN","NAN","NAN",3.663
"2026-02-04 21:50:00",44688,4.29,17.15,0.78,0.71,"NAN","NAN","NAN","NAN",3.655
"2026-02-04 22:00:00",44689,5.07,20.31,0.67,0.6,"NAN","NAN","NAN","NAN",3.647
"2026-02-04 22:10:00",44690,2.71,10.79,0.56,0.49,"NAN","NAN","NAN","NAN",3.644
"2026-02-04 22:20:00",44691,1.88,7.41,0.54,0.47,"NAN","NAN","NAN","NAN",3.643
"2026-02-04 22:30:00",44692,2.14,8.46,0.55,0.49,"NAN","NAN","NAN","NAN",3.639
"2026-02-04 22:40:00",44693,4.96,19.84,0.83,0.76,"NAN","NAN","NAN","NAN",3.636
"2026-02-04 22:50:00",44694,2.29,9.09,0.39,0.33,"NAN","NAN","NAN","NAN",3.633
"2026-02-04 23:00:00",44695,3.5,13.98,0.44,0.38,"NAN","NAN","NAN","NAN",3.638
"2026-02-04 23:10:00",44696,5.31,21.27,0.77,0.69,"NAN","NAN","NAN","NAN",3.622
"2026-02-04 23:20:00",44697,4.61,18.45,0.66,0.59,"NAN","NAN","NAN","NAN",3.627
"2026-02-04 23:30:00",44698,5.31,21.28,0.63,0.56,"NAN","NAN","NAN","NAN",3.628
"2026-02-04 23:40:00",44699,"NAN","NAN","NAN","NAN","NAN","NAN","NAN","NAN","NAN"
"2026-02-04 23:50:00",44700,4.27,17.09,0.53,0.47,"NAN","NAN","NAN","NAN",3.629
"2026-02-05 00:00:00",44701,3.24,12.92,0.54,0.47,"NAN","NAN","NAN","NAN",3.631
"2026-02-05 00:10:00",44702,1.63,6.44,0.29,0.23,"NAN","NAN","NAN","NAN",3.625
"2026-02-05 00:20:00",44703,3.55,14.16,0.64,0.57,"NAN","NAN","NAN","NAN",3.626
"2026-02-05 00:30:00",44704,1.74,6.85,0.39,0.32,"NAN","NAN","NAN","NAN",3.632
"2026-02-05 00:40:00",44705,4.24,16.94,0.69,0.62,"NAN","NAN","NAN","NAN",3.641
"2026-02-05 00:50:00",44706,6.78,27.21,0.74,0.67,"NAN","NAN","NAN","NAN",3.634
"2026-02-05 01:00:00",44707,2.64,10.49,0.37,0.31,"NAN","NAN","NAN","NAN",3.633
"2026-02-05 01:10:00",44708,1.32,5.16,0.25,0.19,"NAN","NAN","NAN","NAN",3.631
"2026-02-05 01:20:00",44709,3.76,15,0.36,0.3,"NAN","NAN","NAN","NAN",3.634
"2026-02-05 01:30:00",44710,6.33,25.38,0.75,0.68,"NAN","NAN","NAN","NAN",3.643
"2026-02-05 01:40:00",44711,4.85,19.42,0.6,0.54,"NAN","NAN","NAN","NAN",3.646
"2026-02-05 01:50:00",44712,3.47,13.85,0.59,0.52,"NAN","NAN","NAN","NAN",3.644
"2026-02-05 02:00:00",44713,4.95,19.81,0.65,0.58,"NAN","NAN","NAN","NAN",3.639
"2026-02-05 02:10:00",44714,4.12,16.48,0.58,0.51,"NAN","NAN","NAN","NAN",3.628
"2026-02-05 02:20:00",44715,2.32,9.21,0.53,0.47,"NAN","NAN","NAN","NAN",3.617
"2026-02-05 02:30:00",44716,6.66,26.7,0.92,0.84,"NAN","NAN","NAN","NAN",3.627
"2026-02-05 02:40:00",44717,6.65,26.68,1.17,1.09,"NAN","NAN","NAN","NAN",3.623
"2026-02-05 02:50:00",44718,7.21,28.92,0.83,0.76,"NAN","NAN","NAN","NAN",3.621
"2026-02-05 03:00:00",44719,7.6,30.5,1.35,1.27,"NAN","NAN","NAN","NAN",3.623
"2026-02-05 03:10:00",44720,4.85,19.4,0.59,0.52,"NAN","NAN","NAN","NAN",3.619
"2026-02-05 03:20:00",44721,8.37,33.61,0.75,0.68,"NAN","NAN","NAN","NAN",3.627
"2026-02-05 03:30:00",44722,9.39,37.75,0.99,0.91,"NAN","NAN","NAN","NAN",3.628
"2026-02-05 03:40:00",44723,6.9,27.7,0.82,0.74,"NAN","NAN","NAN","NAN",3.626
"2026-02-05 03:50:00",44724,4.63,18.52,0.49,0.42,"NAN","NAN","NAN","NAN",3.626
"2026-02-05 04:00:00",44725,5.19,20.79,0.69,0.62,"NAN","NAN","NAN","NAN",3.63
"2026-02-05 04:10:00",44726,4.05,16.19,0.59,0.52,"NAN","NAN","NAN","NAN",3.632
"2026-02-05 04:20:00",44727,4.44,17.76,0.79,0.72,"NAN","NAN","NAN","NAN",3.632
"2026-02-05 04:30:00",44728,3.31,13.21,0.55,0.49,"NAN","NAN","NAN","NAN",3.621
"2026-02-05 04:40:00",44729,5.46,21.86,0.91,0.83,"NAN","NAN","NAN","NAN",3.627
"2026-02-05 04:50:00",44730,4.03,16.09,0.65,0.58,"NAN","NAN","NAN","NAN",3.617
"2026-02-05 05:00:00",44731,4.62,18.47,0.87,0.8,"NAN","NAN","NAN","NAN",3.621
"2026-02-05 05:10:00",44732,8.15,32.73,1.12,1.04,"NAN","NAN","NAN","NAN",3.628
"2026-02-05 05:20:00",44733,10.37,41.69,1.42,1.33,"NAN","NAN","NAN","NAN",3.626
"2026-02-05 05:30:00",44734,5.67,22.7,0.86,0.78,"NAN","NAN","NAN","NAN",3.627
"2026-02-05 05:40:00",44735,8.33,33.43,1.14,1.06,"NAN","NAN","NAN","NAN",3.628
"2026-02-05 05:50:00",44736,7.05,28.27,0.88,0.81,"NAN","NAN","NAN","NAN",3.628
"2026-02-05 06:00:00",44737,14.98,60.29,1.67,1.58,"NAN","NAN","NAN","NAN",3.635
"2026-02-05 06:10:00",44738,7.71,30.93,1.35,1.26,"NAN","NAN","NAN","NAN",3.633
"2026-02-05 06:20:00",44739,6.33,25.38,0.72,0.65,"NAN","NAN","NAN","NAN",3.637
"2026-02-05 06:30:00",44740,4.49,17.96,0.63,0.56,"NAN","NAN","NAN","NAN",3.638
"2026-02-05 06:40:00",44741,5.23,20.94,1.01,0.94,"NAN","NAN","NAN","NAN",3.64
"2026-02-05 06:50:00",44742,3.32,13.25,0.39,0.33,"NAN","NAN","NAN","NAN",3.646
"2026-02-05 07:00:00",44743,2.27,9.01,0.39,0.33,"NAN","NAN","NAN","NAN",3.647
"2026-02-05 07:10:00",44744,5.78,23.15,0.76,0.69,"NAN","NAN","NAN","NAN",3.644
"2026-02-05 07:20:00",44745,11.32,45.53,1.25,1.17,"NAN","NAN","NAN","NAN",3.632
"2026-02-05 07:30:00",44746,5.17,20.72,0.72,0.65,"NAN","NAN","NAN","NAN",3.614
"2026-02-05 07:40:00",44747,2.5,9.91,0.43,0.37,"NAN","NAN","NAN","NAN",3.619
"2026-02-05 07:50:00",44748,3.41,13.6,0.63,0.56,"NAN","NAN","NAN","NAN",3.625
"2026-02-05 08:00:00",44749,2.57,10.2,0.48,0.42,"NAN","NAN","NAN","NAN",3.626
"2026-02-05 08:10:00",44750,3.3,13.15,0.49,0.43,"NAN","NAN","NAN","NAN",3.627
"2026-02-05 08:20:00",44751,3.39,13.5,0.42,0.35,"NAN","NAN","NAN","NAN",3.629
"2026-02-05 08:30:00",44752,"NAN","NAN","NAN","NAN","NAN","NAN","NAN","NAN","NAN"
"2026-02-05 08:40:00",44753,4.28,17.1,0.76,0.69,"NAN","NAN","NAN","NAN",3.631
"2026-02-05 08:50:00",44754,9.17,36.85,1.11,1.03,"NAN","NAN","NAN","NAN",3.633
"2026-02-05 09:00:00",44755,5.55,22.25,0.92,0.84,"NAN","NAN","NAN","NAN",3.634
"2026-02-05 09:10:00",44756,5.19,20.79,0.82,0.75,"NAN","NAN","NAN","NAN",3.636
"2026-02-05 09:20:00",44757,5.16,20.65,0.73,0.66,"NAN","NAN","NAN","NAN",3.636
"2026-02-05 09:30:00",44758,4.43,17.72,0.47,0.4,"NAN","NAN","NAN","NAN",3.641
"2026-02-05 09:40:00",44759,3.67,14.66,0.49,0.43,"NAN","NAN","NAN","NAN",3.643
"2026-02-05 09:50:00",44760,1.52,5.99,0.36,0.3,"NAN","NAN","NAN","NAN",3.643
"2026-02-05 10:00:00",44761,0.9,3.47,0.29,0.23,"NAN","NAN","NAN","NAN",3.647
"2026-02-05 10:10:00",44762,2.33,9.22,0.55,0.48,"NAN","NAN","NAN","NAN",3.648
"2026-02-05 10:20:00",44763,0.81,3.1,0.23,0.17,"NAN","NAN","NAN","NAN",3.667
"2026-02-05 10:30:00",44764,1.57,6.16,0.32,0.26,"NAN","NAN","NAN","NAN",3.671
"2026-02-05 10:40:00",44765,1.08,4.21,0.33,0.26,"NAN","NAN","NAN","NAN",3.668
"2026-02-05 10:50:00",44766,0.94,3.62,0.21,0.15,"NAN","NAN","NAN","NAN",3.665
"2026-02-05 11:00:00",44767,2.62,10.4,0.51,0.45,"NAN","NAN","NAN","NAN",3.664
"2026-02-05 11:10:00",44768,0.82,3.14,0.25,0.19,"NAN","NAN","NAN","NAN",3.652
"2026-02-05 11:20:00",44769,1.18,4.58,0.29,0.23,"NAN","NAN","NAN","NAN",3.665
"2026-02-05 11:30:00",44770,1.18,4.61,0.25,0.19,"NAN","NAN","NAN","NAN",3.666
"2026-02-05 11:40:00",44771,1.84,7.27,0.3,0.24,"NAN","NAN","NAN","NAN",3.667
"2026-02-05 11:50:00",44772,0.73,2.77,0.17,0.11,"NAN","NAN","NAN","NAN",3.669
"2026-02-05 12:00:00",44773,1.28,4.99,0.24,0.18,"NAN","NAN","NAN","NAN",3.67
"2026-02-05 12:10:00",44774,1.4,5.5,0.33,0.27,"NAN","NAN","NAN","NAN",3.673
"2026-02-05 12:20:00",44775,0.88,3.4,0.22,0.16,"NAN","NAN","NAN","NAN",3.674
"2026-02-05 12:30:00",44776,0.39,1.4,0.16,0.1,"NAN","NAN","NAN","NAN",3.673
"2026-02-05 12:40:00",44777,0.62,2.33,0.23,0.17,"NAN","NAN","NAN","NAN",3.671
"2026-02-05 12:50:00",44778,1.04,4.02,0.25,0.19,"NAN","NAN","NAN","NAN",3.665
"2026-02-05 13:00:00",44779,1.32,5.18,0.31,0.25,"NAN","NAN","NAN","NAN",3.66
"2026-02-05 13:10:00",44780,1.18,4.62,0.3,0.24,"NAN","NAN","NAN","NAN",3.655
"2026-02-05 13:20:00",44781,0.71,2.72,0.21,0.15,"NAN","NAN","NAN","NAN",3.654
"2026-02-05 13:30:00",44782,2.71,10.78,0.3,0.24,"NAN","NAN","NAN","NAN",3.658
"2026-02-05 13:40:00",44783,3.22,12.83,0.32,0.26,"NAN","NAN","NAN","NAN",3.656
"2026-02-05 13:50:00",44784,0.77,2.94,0.19,0.13,"NAN","NAN","NAN","NAN",3.653
"2026-02-05 14:00:00",44785,2.05,8.13,0.32,0.26,"NAN","NAN","NAN","NAN",3.669
"2026-02-05 14:10:00",44786,0.46,1.71,0.2,0.14,"NAN","NAN","NAN","NAN",3.671
"2026-02-05 14:20:00",44787,3.21,12.78,0.33,0.26,"NAN","NAN","NAN","NAN",3.669
"2026-02-05 14:30:00",44788,2.04,8.060001,0.31,0.25,"NAN","NAN","NAN","NAN",3.666
"2026-02-05 14:40:00",44789,2.32,9.21,0.37,0.31,"NAN","NAN","NAN","NAN",3.667
"2026-02-05 14:50:00",44790,2.31,9.14,0.41,0.35,"NAN","NAN","NAN","NAN",3.685
"2026-02-05 15:00:00",44791,0.87,3.33,0.32,0.26,"NAN","NAN","NAN","NAN",3.684
"2026-02-05 15:10:00",44792,2.09,8.270001,0.35,0.29,"NAN","NAN","NAN","NAN",3.682
"2026-02-05 15:20:00",44793,2.24,8.87,0.39,0.32,"NAN","NAN","NAN","NAN",3.686
"2026-02-05 15:30:00",44794,0.59,2.24,0.21,0.15,"NAN","NAN","NAN","NAN",3.69
"2026-02-05 15:40:00",44795,1.15,4.5,0.34,0.28,"NAN","NAN","NAN","NAN",3.688
"2026-02-05 15:50:00",44796,1.87,7.38,0.31,0.25,"NAN","NAN","NAN","NAN",3.689
"2026-02-05 16:00:00",44797,1.21,4.72,0.4,0.33,"NAN","NAN","NAN","NAN",3.689
"2026-02-05 16:10:00",44798,0.86,3.3,0.19,0.13,"NAN","NAN","NAN","NAN",3.688
"2026-02-05 16:20:00",44799,0.96,3.73,0.21,0.15,"NAN","NAN","NAN","NAN",3.688
"2026-02-05 16:30:00",44800,1.19,4.62,0.24,0.18,"NAN","NAN","NAN","NAN",3.682
"2026-02-05 16:40:00",44801,3.3,13.14,0.45,0.39,"NAN","NAN","NAN","NAN",3.685
"2026-02-05 16:50:00",44802,1.27,4.96,0.34,0.28,"NAN","NAN","NAN","NAN",3.684
"2026-02-05 17:00:00",44803,1.01,3.9,0.26,0.2,"NAN","NAN","NAN","NAN",3.679
"2026-02-05 17:10:00",44804,1.69,6.65,0.38,0.32,"NAN","NAN","NAN","NAN",3.679
"2026-02-05 17:20:00",44805,"NAN","NAN","NAN","NAN","NAN","NAN","NAN","NAN","NAN"
"2026-02-05 17:30:00",44806,1.01,3.91,0.21,0.15,"NAN","NAN","NAN","NAN",3.68
"2026-02-05 17:40:00",44807,1.57,6.17,0.39,0.33,"NAN","NAN","NAN","NAN",3.679
"2026-02-05 17:50:00",44808,3.97,15.84,0.61,0.54,"NAN","NAN","NAN","NAN",3.661
"2026-02-05 18:00:00",44809,2.79,11.08,0.46,0.4,"NAN","NAN","NAN","NAN",3.714
"2026-02-05 18:10:00",44810,1.31,5.11,0.52,0.45,"NAN","NAN","NAN","NAN",3.724
"2026-02-05 18:20:00",44811,5.3,21.24,0.81,0.74,"NAN","NAN","NAN","NAN",3.702
"2026-02-05 18:30:00",44812,4.18,16.7,0.48,0.42,"NAN","NAN","NAN","NAN",3.682
"2026-02-05 18:40:00",44813,2.13,8.42,0.34,0.28,"NAN","NAN","NAN","NAN",3.687
"2026-02-05 18:50:00",44814,2.54,10.07,0.52,0.45,"NAN","NAN","NAN","NAN",3.677
"2026-02-05 19:00:00",44815,3.64,14.52,0.51,0.44,"NAN","NAN","NAN","NAN",3.683
"2026-02-05 19:10:00",44816,1.87,7.37,0.29,0.22,"NAN","NAN","NAN","NAN",3.681
"2026-02-05 19:20:00",44817,2.53,10.04,0.55,0.48,"NAN","NAN","NAN","NAN",3.671
"2026-02-05 19:30:00",44818,3.92,15.65,0.51,0.45,"NAN","NAN","NAN","NAN",3.666
"2026-02-05 19:40:00",44819,2.09,8.29,0.45,0.39,"NAN","NAN","NAN","NAN",3.664
"2026-02-05 19:50:00",44820,5.07,20.3,0.67,0.6,"NAN","NAN","NAN","NAN",3.66
"2026-02-05 20:00:00",44821,4.32,17.29,0.58,0.52,"NAN","NAN","NAN","NAN",3.658
"2026-02-05 20:10:00",44822,7.96,31.94,0.87,0.8,"NAN","NAN","NAN","NAN",3.661
"2026-02-05 20:20:00",44823,7.04,28.27,0.66,0.59,"NAN","NAN","NAN","NAN",3.656
"2026-02-05 20:30:00",44824,6.68,26.79,0.68,0.61,"NAN","NAN","NAN","NAN",3.657
"2026-02-05 20:40:00",44825,2.43,9.64,0.45,0.39,"NAN","NAN","NAN","NAN",3.661
"2026-02-05 20:50:00",44826,5.07,20.28,0.85,0.78,"NAN","NAN","NAN","NAN",3.657
"2026-02-05 21:00:00",44827,6.55,26.29,0.65,0.58,"NAN","NAN","NAN","NAN",3.663
"2026-02-05 21:10:00",44828,5.45,21.83,0.62,0.55,"NAN","NAN","NAN","NAN",3.664
"2026-02-05 21:20:00",44829,4.79,19.16,0.62,0.55,"NAN","NAN","NAN","NAN",3.655
"2026-02-05 21:30:00",44830,4.21,16.82,0.59,0.52,"NAN","NAN","NAN","NAN",3.65
"2026-02-05 21:40:00",44831,3.15,12.54,0.44,0.38,"NAN","NAN","NAN","NAN",3.651
"2026-02-05 21:50:00",44832,4.16,16.61,0.61,0.54,"NAN","NAN","NAN","NAN",3.66
"2026-02-05 22:00:00",44833,7.81,31.34,0.77,0.7,"NAN","NAN","NAN","NAN",3.65
"2026-02-05 22:10:00",44834,4.26,17.04,0.84,0.77,"NAN","NAN","NAN","NAN",3.648
"2026-02-05 22:20:00",44835,7.76,31.13,0.84,0.76,"NAN","NAN","NAN","NAN",3.644
"2026-02-05 22:30:00",44836,3.04,12.12,0.44,0.37,"NAN","NAN","NAN","NAN",3.643
"2026-02-05 22:40:00",44837,7.28,29.22,0.81,0.74,"NAN","NAN","NAN","NAN",3.646
"2026-02-05 22:50:00",44838,2.37,9.41,0.58,0.51,"NAN","NAN","NAN","NAN",3.652
"2026-02-05 23:00:00",44839,5.72,22.92,0.58,0.51,"NAN","NAN","NAN","NAN",3.65
"2026-02-05 23:10:00",44840,5.3,21.23,0.63,0.56,"NAN","NAN","NAN","NAN",3.656
"2026-02-05 23:20:00",44841,6.47,25.96,0.92,0.84,"NAN","NAN","NAN","NAN",3.659
"2026-02-05 23:30:00",44842,8.1,32.53,1.05,0.97,"NAN","NAN","NAN","NAN",3.659
"2026-02-05 23:40:00",44843,7.81,31.35,0.98,0.9,"NAN","NAN","NAN","NAN",3.661
"2026-02-05 23:50:00",44844,7.67,30.78,1.03,0.95,"NAN","NAN","NAN","NAN",3.66
"2026-02-06 00:00:00",44845,6.52,26.15,0.84,0.77,"NAN","NAN","NAN","NAN",3.655
"2026-02-06 00:10:00",44846,2.4,9.51,0.42,0.36,"NAN","NAN","NAN","NAN",3.656
"2026-02-06 00:20:00",44847,4.51,18.03,0.61,0.54,"NAN","NAN","NAN","NAN",3.659
"2026-02-06 00:30:00",44848,5.39,21.6,0.78,0.7,"NAN","NAN","NAN","NAN",3.67
"2026-02-06 00:40:00",44849,10.05,40.41,1.46,1.37,"NAN","NAN","NAN","NAN",3.668
"2026-02-06 00:50:00",44850,7.78,31.23,1.11,1.03,"NAN","NAN","NAN","NAN",3.666
"2026-02-06 01:00:00",44851,8.189999,32.88,0.8,0.73,"NAN","NAN","NAN","NAN",3.664
"2026-02-06 01:10:00",44852,11.11,44.66,0.93,0.86,"NAN","NAN","NAN","NAN",3.662
"2026-02-06 01:20:00",44853,5.78,23.15,0.78,0.7,"NAN","NAN","NAN","NAN",3.66
"2026-02-06 01:30:00",44854,8.189999,32.89,1.17,1.09,"NAN","NAN","NAN","NAN",3.663
"2026-02-06 01:40:00",44855,9.25,37.15,1.66,1.56,"NAN","NAN","NAN","NAN",3.66
"2026-02-06 01:50:00",44856,13.17,53,1.32,1.24,"NAN","NAN","NAN","NAN",3.661
"2026-02-06 02:00:00",44857,6.99,28.04,0.93,0.86,"NAN","NAN","NAN","NAN",3.661
"2026-02-06 02:10:00",44858,"NAN","NAN","NAN","NAN","NAN","NAN","NAN","NAN","NAN"
"2026-02-06 02:20:00",44859,8.35,33.54,0.96,0.89,"NAN","NAN","NAN","NAN",3.674
"2026-02-06 02:30:00",44860,9.229999,37.1,1.23,1.14,"NAN","NAN","NAN","NAN",3.669
"2026-02-06 02:40:00",44861,6.61,26.52,1,0.92,"NAN","NAN","NAN","NAN",3.67
"2026-02-06 02:50:00",44862,5.73,22.94,0.81,0.74,"NAN","NAN","NAN","NAN",3.672
"2026-02-06 03:00:00",44863,8.9,35.77,0.78,0.71,"NAN","NAN","NAN","NAN",3.67
"2026-02-06 03:10:00",44864,5.65,22.62,0.88,0.81,"NAN","NAN","NAN","NAN",3.68
"2026-02-06 03:20:00",44865,11.28,45.36,1.47,1.38,"NAN","NAN","NAN","NAN",3.673
"2026-02-06 03:30:00",44866,10.2,40.99,1.61,1.52,"NAN","NAN","NAN","NAN",3.659
"2026-02-06 03:40:00",44867,6.51,26.11,1.06,0.98,"NAN","NAN","NAN","NAN",3.661
"2026-02-06 03:50:00",44868,7.91,31.78,0.91,0.84,"NAN","NAN","NAN","NAN",3.656
"2026-02-06 04:00:00",44869,6.12,24.52,1.06,0.98,"NAN","NAN","NAN","NAN",3.657
"2026-02-06 04:10:00",44870,5.37,21.51,0.67,0.6,"NAN","NAN","NAN","NAN",3.659
"2026-02-06 04:20:00",44871,8.689999,34.9,1.31,1.23,"NAN","NAN","NAN","NAN",3.653
"2026-02-06 04:30:00",44872,5.14,20.57,0.83,0.76,"NAN","NAN","NAN","NAN",3.655
"2026-02-06 04:40:00",44873,10.92,43.92,1.47,1.38,"NAN","NAN","NAN","NAN",3.654
"2026-02-06 04:50:00",44874,9.13,36.69,1.09,1.01,"NAN","NAN","NAN","NAN",3.644
"2026-02-06 05:00:00",44875,8.22,33,1.19,1.11,"NAN","NAN","NAN","NAN",3.653
"2026-02-06 05:10:00",44876,6.43,25.77,0.72,0.65,"NAN","NAN","NAN","NAN",3.64
"2026-02-06 05:20:00",44877,10.12,40.66,1.33,1.25,"NAN","NAN","NAN","NAN",3.645
"2026-02-06 05:30:00",44878,7.66,30.74,1.63,1.54,"NAN","NAN","NAN","NAN",3.645
"2026-02-06 05:40:00",44879,7.18,28.81,0.73,0.66,"NAN","NAN","NAN","NAN",3.629
"2026-02-06 05:50:00",44880,5.92,23.73,1.09,1.01,"NAN","NAN","NAN","NAN",3.637
"2026-02-06 06:00:00",44881,7.21,28.92,0.97,0.89,"NAN","NAN","NAN","NAN",3.639
"2026-02-06 06:10:00",44882,6.76,27.11,1.14,1.06,"NAN","NAN","NAN","NAN",3.641
"2026-02-06 06:20:00",44883,5.79,23.21,0.96,0.89,"NAN","NAN","NAN","NAN",3.645
"2026-02-06 06:30:00",44884,3.53,14.07,0.85,0.78,"NAN","NAN","NAN","NAN",3.646
"2026-02-06 06:40:00",44885,7.93,31.84,1.12,1.04,"NAN","NAN","NAN","NAN",3.661
"2026-02-06 06:50:00",44886,3.89,15.52,0.66,0.59,"NAN","NAN","NAN","NAN",3.657
"2026-02-06 07:00:00",44887,8.939999,35.91,1.05,0.97,"NAN","NAN","NAN","NAN",3.644
"2026-02-06 07:10:00",44888,6.6,26.49,1.05,0.97,"NAN","NAN","NAN","NAN",3.641
"2026-02-06 07:20:00",44889,10.19,40.98,1.5,1.41,"NAN","NAN","NAN","NAN",3.635
"2026-02-06 07:30:00",44890,6.78,27.19,0.65,0.58,"NAN","NAN","NAN","NAN",3.633
"2026-02-06 07:40:00",44891,4.19,16.74,0.69,0.62,"NAN","NAN","NAN","NAN",3.651
"2026-02-06 07:50:00",44892,4.04,16.15,0.74,0.67,"NAN","NAN","NAN","NAN",3.642
"2026-02-06 08:00:00",44893,6.2,24.87,0.72,0.65,"NAN","NAN","NAN","NAN",3.638
"2026-02-06 08:10:00",44894,3.69,14.71,0.65,0.58,"NAN","NAN","NAN","NAN",3.64
"2026-02-06 08:20:00",44895,9.6,38.56,1.5,1.41,"NAN","NAN","NAN","NAN",3.637
"2026-02-06 08:30:00",44896,8.47,34.02,1.4,1.31,"NAN","NAN","NAN","NAN",3.653
"2026-02-06 08:40:00",44897,5.33,21.34,0.79,0.71,"NAN","NAN","NAN","NAN",3.656
"2026-02-06 08:50:00",44898,5.85,23.44,0.93,0.85,"NAN","NAN","NAN","NAN",3.66
"2026-02-06 09:00:00",44899,5.54,22.2,0.8,0.73,"NAN","NAN","NAN","NAN",3.663
"2026-02-06 09:10:00",44900,9.270001,37.23,1.04,0.96,"NAN","NAN","NAN","NAN",3.66
"2026-02-06 09:20:00",44901,5.47,21.91,0.67,0.6,"NAN","NAN","NAN","NAN",3.667
"2026-02-06 09:30:00",44902,3.69,14.73,0.75,0.68,"NAN","NAN","NAN","NAN",3.67
"2026-02-06 09:40:00",44903,3.59,14.34,0.73,0.66,"NAN","NAN","NAN","NAN",3.659
"2026-02-06 09:50:00",44904,8.36,33.56,0.89,0.82,"NAN","NAN","NAN","NAN",3.656
"2026-02-06 10:00:00",44905,10,40.21,0.98,0.91,"NAN","NAN","NAN","NAN",3.658
"2026-02-06 10:10:00",44906,3.61,14.41,0.53,0.47,"NAN","NAN","NAN","NAN",3.666
"2026-02-06 10:20:00",44907,4.53,18.11,0.71,0.64,"NAN","NAN","NAN","NAN",3.671
"2026-02-06 10:30:00",44908,2.15,8.520001,0.41,0.35,"NAN","NAN","NAN","NAN",3.667
"2026-02-06 10:40:00",44909,4.4,17.61,0.55,0.48,"NAN","NAN","NAN","NAN",3.672
"2026-02-06 10:50:00",44910,5.31,21.25,1.02,0.94,"NAN","NAN","NAN","NAN",3.674
"2026-02-06 11:00:00",44911,"NAN","NAN","NAN","NAN","NAN","NAN","NAN","NAN","NAN"
"2026-02-06 11:10:00",44912,2.92,11.64,0.34,0.28,"NAN","NAN","NAN","NAN",3.681
"2026-02-06 11:20:00",44913,4.34,17.36,0.57,0.5,"NAN","NAN","NAN","NAN",3.677
"2026-02-06 11:30:00",44914,6.71,26.93,0.92,0.84,"NAN","NAN","NAN","NAN",3.675
"2026-02-06 11:40:00",44915,11.74,47.23,1,0.92,"NAN","NAN","NAN","NAN",3.678
"2026-02-06 11:50:00",44916,7.38,29.62,1.02,0.94,"NAN","NAN","NAN","NAN",3.676
"2026-02-06 12:00:00",44917,5.59,22.39,0.78,0.7,"NAN","NAN","NAN","NAN",3.697
"2026-02-06 12:10:00",44918,2.03,8.020001,0.36,0.29,"NAN","NAN","NAN","NAN",3.693
"2026-02-06 12:20:00",44919,1.93,7.64,0.45,0.38,"NAN","NAN","NAN","NAN",3.689
"2026-02-06 12:30:00",44920,7.55,30.29,0.83,0.75,"NAN","NAN","NAN","NAN",3.688
"2026-02-06 12:40:00",44921,10.9,43.83,1.07,0.99,"NAN","NAN","NAN","NAN",3.69
"2026-02-06 12:50:00",44922,2.58,10.26,0.51,0.45,"NAN","NAN","NAN","NAN",3.681
"2026-02-06 13:00:00",44923,8.36,33.58,0.74,0.66,"NAN","NAN","NAN","NAN",3.679
"2026-02-06 13:10:00",44924,3.51,14,0.51,0.45,"NAN","NAN","NAN","NAN",3.675
"2026-02-06 13:20:00",44925,3.91,15.63,0.48,0.41,"NAN","NAN","NAN","NAN",3.675
"2026-02-06 13:30:00",44926,3.35,13.34,0.51,0.44,"NAN","NAN","NAN","NAN",3.676
"2026-02-06 13:40:00",44927,1.2,4.7,0.3,0.24,"NAN","NAN","NAN","NAN",3.659
"2026-02-06 13:50:00",44928,2.41,9.55,0.42,0.36,"NAN","NAN","NAN","NAN",3.667
"2026-02-06 14:00:00",44929,1.78,7.01,0.31,0.25,"NAN","NAN","NAN","NAN",3.664
"2026-02-06 14:10:00",44930,1.49,5.85,0.43,0.36,"NAN","NAN","NAN","NAN",3.664
"2026-02-06 14:20:00",44931,5.45,21.85,0.52,0.46,"NAN","NAN","NAN","NAN",3.666
"2026-02-06 14:30:00",44932,1.88,7.43,0.35,0.29,"NAN","NAN","NAN","NAN",3.666
"2026-02-06 14:40:00",44933,3.84,15.33,0.36,0.3,"NAN","NAN","NAN","NAN",3.674
"2026-02-06 14:50:00",44934,2.76,10.96,0.46,0.39,"NAN","NAN","NAN","NAN",3.679
"2026-02-06 15:00:00",44935,5.38,21.55,0.68,0.61,"NAN","NAN","NAN","NAN",3.682
"2026-02-06 15:10:00",44936,2.34,9.29,0.41,0.35,"NAN","NAN","NAN","NAN",3.685
"2026-02-06 15:20:00",44937,6.28,25.18,0.56,0.49,"NAN","NAN","NAN","NAN",3.684
"2026-02-06 15:30:00",44938,1.27,4.98,0.29,0.23,"NAN","NAN","NAN","NAN",3.684
"2026-02-06 15:40:00",44939,2.17,8.58,0.34,0.28,"NAN","NAN","NAN","NAN",3.687
"2026-02-06 15:50:00",44940,3.24,12.91,0.57,0.5,"NAN","NAN","NAN","NAN",3.689
"2026-02-06 16:00:00",44941,2.74,10.88,0.47,0.4,"NAN","NAN","NAN","NAN",3.69
"2026-02-06 16:10:00",44942,3.23,12.87,0.57,0.5,"NAN","NAN","NAN","NAN",3.682
"2026-02-06 16:20:00",44943,2.27,9.020001,0.3,0.24,"NAN","NAN","NAN","NAN",3.679
"2026-02-06 16:30:00",44944,1.92,7.58,0.42,0.35,"NAN","NAN","NAN","NAN",3.688
"2026-02-06 16:40:00",44945,0.77,2.93,0.31,0.25,"NAN","NAN","NAN","NAN",3.684
"2026-02-06 16:50:00",44946,0.72,2.73,0.24,0.18,"NAN","NAN","NAN","NAN",3.679
"2026-02-06 17:00:00",44947,3.47,13.82,0.34,0.28,"NAN","NAN","NAN","NAN",3.683
"2026-02-06 17:10:00",44948,3.77,15.05,0.64,0.57,"NAN","NAN","NAN","NAN",3.683
"2026-02-06 17:20:00",44949,3.24,12.92,0.57,0.5,"NAN","NAN","NAN","NAN",3.689
"2026-02-06 17:30:00",44950,1.98,7.84,0.41,0.35,"NAN","NAN","NAN","NAN",3.688
"2026-02-06 17:40:00",44951,1.71,6.73,0.45,0.38,"NAN","NAN","NAN","NAN",3.673
"2026-02-06 17:50:00",44952,5.44,21.78,0.51,0.45,"NAN","NAN","NAN","NAN",3.674
"2026-02-06 18:00:00",44953,3.59,14.31,0.53,0.46,"NAN","NAN","NAN","NAN",3.669
"2026-02-06 18:10:00",44954,1.77,7,0.33,0.27,"NAN","NAN","NAN","NAN",3.672
"2026-02-06 18:20:00",44955,1.94,7.67,0.39,0.33,"NAN","NAN","NAN","NAN",3.67
"2026-02-06 18:30:00",44956,1.78,7.02,0.43,0.36,"NAN","NAN","NAN","NAN",3.672
"2026-02-06 18:40:00",44957,4.95,19.8,0.44,0.38,"NAN","NAN","NAN","NAN",3.674
"2026-02-06 18:50:00",44958,3.1,12.37,0.56,0.49,"NAN","NAN","NAN","NAN",3.685
"2026-02-06 19:00:00",44959,2.19,8.689999,0.29,0.23,"NAN","NAN","NAN","NAN",3.694
"2026-02-06 19:10:00",44960,2.13,8.439999,0.3,0.24,"NAN","NAN","NAN","NAN",3.701
"2026-02-06 19:20:00",44961,2.37,9.41,0.31,0.25,"NAN","NAN","NAN","NAN",3.7
"2026-02-06 19:30:00",44962,1.81,7.13,0.32,0.26,"NAN","NAN","NAN","NAN",3.697
"2026-02-06 19:40:00",44963,3.08,12.27,0.44,0.38,"NAN","NAN","NAN","NAN",3.697
"2026-02-06 19:50:00",44964,"NAN","NAN","NAN","NAN","NAN","NAN","NAN","NAN","NAN"
"2026-02-06 20:00:00",44965,1.69,6.65,0.52,0.46,"NAN","NAN","NAN","NAN",3.681
"2026-02-06 20:10:00",44966,2.29,9.07,0.7,0.63,"NAN","NAN","NAN","NAN",3.673
"2026-02-06 20:20:00",44967,2.29,9.09,0.55,0.48,"NAN","NAN","NAN","NAN",3.665
"2026-02-06 20:30:00",44968,4.18,16.72,0.8,0.72,"NAN","NAN","NAN","NAN",3.658
"2026-02-06 20:40:00",44969,2.35,9.32,0.53,0.46,"NAN","NAN","NAN","NAN",3.658
"2026-02-06 20:50:00",44970,4.07,16.25,0.73,0.66,"NAN","NAN","NAN","NAN",3.656
"2026-02-06 21:00:00",44971,3.97,15.85,0.89,0.81,"NAN","NAN","NAN","NAN",3.656
"2026-02-06 21:10:00",44972,3.84,15.34,0.87,0.79,"NAN","NAN","NAN","NAN",3.652
"2026-02-06 21:20:00",44973,6.22,24.93,0.85,0.78,"NAN","NAN","NAN","NAN",3.656
"2026-02-06 21:30:00",44974,6.04,24.2,0.64,0.57,"NAN","NAN","NAN","NAN",3.66
"2026-02-06 21:40:00",44975,3.45,13.78,0.54,0.47,"NAN","NAN","NAN","NAN",3.66
"2026-02-06 21:50:00",44976,4.57,18.27,0.73,0.66,"NAN","NAN","NAN","NAN",3.659
"2026-02-06 22:00:00",44977,5.41,21.69,1.01,0.93,"NAN","NAN","NAN","NAN",3.656
"2026-02-06 22:10:00",44978,4.23,16.9,0.52,0.45,"NAN","NAN","NAN","NAN",3.657
"2026-02-06 22:20:00",44979,3.99,15.94,0.75,0.68,"NAN","NAN","NAN","NAN",3.654
"2026-02-06 22:30:00",44980,2.35,9.310001,0.58,0.51,"NAN","NAN","NAN","NAN",3.65
"2026-02-06 22:40:00",44981,7.24,29.06,0.76,0.69,"NAN","NAN","NAN","NAN",3.651
"2026-02-06 22:50:00",44982,6.63,26.59,0.85,0.78,"NAN","NAN","NAN","NAN",3.645
"2026-02-06 23:00:00",44983,5.09,20.39,0.74,0.67,"NAN","NAN","NAN","NAN",3.645
"2026-02-06 23:10:00",44984,5.06,20.25,1.12,1.04,"NAN","NAN","NAN","NAN",3.65
"2026-02-06 23:20:00",44985,4.37,17.48,0.98,0.91,"NAN","NAN","NAN","NAN",3.641
"2026-02-06 23:30:00",44986,5.81,23.26,0.65,0.58,"NAN","NAN","NAN","NAN",3.646
"2026-02-06 23:40:00",44987,4.53,18.13,0.73,0.66,"NAN","NAN","NAN","NAN",3.643
"2026-02-06 23:50:00",44988,5.76,23.08,0.91,0.84,"NAN","NAN","NAN","NAN",3.648
"2026-02-07 00:00:00",44989,5.56,22.28,0.67,0.6,"NAN","NAN","NAN","NAN",3.647
"2026-02-07 00:10:00",44990,7.93,31.84,0.89,0.82,"NAN","NAN","NAN","NAN",3.643
"2026-02-07 00:20:00",44991,8.55,34.33,1,0.92,"NAN","NAN","NAN","NAN",3.644
"2026-02-07 00:30:00",44992,6.19,24.83,0.65,0.58,"NAN","NAN","NAN","NAN",3.64
"2026-02-07 00:40:00",44993,2.2,8.7,0.51,0.44,"NAN","NAN","NAN","NAN",3.641
"2026-02-07 00:50:00",44994,4.86,19.46,0.64,0.57,"NAN","NAN","NAN","NAN",3.644
"2026-02-07 01:00:00",44995,4.24,16.94,0.58,0.51,"NAN","NAN","NAN","NAN",3.646
"2026-02-07 01:10:00",44996,7.73,31.04,0.65,0.58,"NAN","NAN","NAN","NAN",3.646
"2026-02-07 01:20:00",44997,5.92,23.73,0.98,0.9,"NAN","NAN","NAN","NAN",3.654
"2026-02-07 01:30:00",44998,8.04,32.28,0.77,0.7,"NAN","NAN","NAN","NAN",3.653
"2026-02-07 01:40:00",44999,3.02,12.02,0.67,0.6,"NAN","NAN","NAN","NAN",3.652
"2026-02-07 01:50:00",45000,3.46,13.79,0.57,0.5,"NAN","NAN","NAN","NAN",3.65
"2026-02-07 02:00:00",45001,5.84,23.39,0.9,0.82,"NAN","NAN","NAN","NAN",3.65
"2026-02-07 02:10:00",45002,4.28,17.09,0.76,0.69,"NAN","NAN","NAN","NAN",3.656
"2026-02-07 02:20:00",45003,5.48,21.94,0.78,0.7,"NAN","NAN","NAN","NAN",3.653
"2026-02-07 02:30:00",45004,4.24,16.96,0.89,0.82,"NAN","NAN","NAN","NAN",3.648
"2026-02-07 02:40:00",45005,4.36,17.44,0.72,0.65,"NAN","NAN","NAN","NAN",3.647
"2026-02-07 02:50:00",45006,4.18,16.71,0.62,0.55,"NAN","NAN","NAN","NAN",3.651
"2026-02-07 03:00:00",45007,6.62,26.53,0.83,0.76,"NAN","NAN","NAN","NAN",3.656
"2026-02-07 03:10:00",45008,4.12,16.47,0.52,0.45,"NAN","NAN","NAN","NAN",3.643
"2026-02-07 03:20:00",45009,5.73,22.96,0.98,0.9,"NAN","NAN","NAN","NAN",3.645
"2026-02-07 03:30:00",45010,4.4,17.59,0.54,0.48,"NAN","NAN","NAN","NAN",3.647
"2026-02-07 03:40:00",45011,3.98,15.92,0.55,0.49,"NAN","NAN","NAN","NAN",3.638
"2026-02-07 03:50:00",45012,5.19,20.79,0.71,0.64,"NAN","NAN","NAN","NAN",3.641
"2026-02-07 04:00:00",45013,8.03,32.25,0.88,0.81,"NAN","NAN","NAN","NAN",3.641
"2026-02-07 04:10:00",45014,6.9,27.67,0.78,0.71,"NAN","NAN","NAN","NAN",3.642
"2026-02-07 04:20:00",45015,4.5,18.01,0.54,0.48,"NAN","NAN","NAN","NAN",3.633
"2026-02-07 04:30:00",45016,3.63,14.47,0.79,0.72,"NAN","NAN","NAN","NAN",3.632
"2026-02-07 04:40:00",45017,"NAN","NAN","NAN","NAN","NAN","NAN","NAN","NAN","NAN"
"2026-02-07 04:50:00",45018,6.69,26.82,0.95,0.87,"NAN","NAN","NAN","NAN",3.647
"2026-02-07 05:00:00",45019,7.02,28.17,0.97,0.89,"NAN","NAN","NAN","NAN",3.651
"2026-02-07 05:10:00",45020,7.17,28.77,0.71,0.64,"NAN","NAN","NAN","NAN",3.655
"2026-02-07 05:20:00",45021,5.49,21.98,0.98,0.9,"NAN","NAN","NAN","NAN",3.653
"2026-02-07 05:30:00",45022,4.9,19.6,0.72,0.65,"NAN","NAN","NAN","NAN",3.656
"2026-02-07 05:40:00",45023,3.75,14.96,0.7,0.63,"NAN","NAN","NAN","NAN",3.661
"2026-02-07 05:50:00",45024,8.939999,35.92,0.69,0.62,"NAN","NAN","NAN","NAN",3.652
"2026-02-07 06:00:00",45025,2.92,11.64,0.63,0.56,"NAN","NAN","NAN","NAN",3.654
"2026-02-07 06:10:00",45026,6.02,24.14,0.66,0.59,"NAN","NAN","NAN","NAN",3.653
"2026-02-07 06:20:00",45027,6.17,24.74,1.33,1.25,"NAN","NAN","NAN","NAN",3.655
"2026-02-07 06:30:00",45028,5.44,21.79,0.95,0.87,"NAN","NAN","NAN","NAN",3.665
"2026-02-07 06:40:00",45029,4.6,18.41,0.82,0.75,"NAN","NAN","NAN","NAN",3.666
"2026-02-07 06:50:00",45030,3.08,12.29,0.54,0.47,"NAN","NAN","NAN","NAN",3.661
"2026-02-07 07:00:00",45031,5.41,21.65,1.01,0.93,"NAN","NAN","NAN","NAN",3.66
"2026-02-07 07:10:00",45032,6.84,27.46,0.75,0.68,"NAN","NAN","NAN","NAN",3.66
"2026-02-07 07:20:00",45033,3.76,15,0.56,0.49,"NAN","NAN","NAN","NAN",3.658
"2026-02-07 07:30:00",45034,4.98,19.94,0.51,0.44,"NAN","NAN","NAN","NAN",3.664
"2026-02-07 07:40:00",45035,3.75,14.98,0.51,0.45,"NAN","NAN","NAN","NAN",3.656
"2026-02-07 07:50:00",45036,4.4,17.58,0.58,0.52,"NAN","NAN","NAN","NAN",3.656
"2026-02-07 08:00:00",45037,1.88,7.44,0.53,0.46,"NAN","NAN","NAN","NAN",3.653
"2026-02-07 08:10:00",45038,5.35,21.41,0.65,0.58,"NAN","NAN","NAN","NAN",3.649
"2026-02-07 08:20:00",45039,3.63,14.5,0.48,0.42,"NAN","NAN","NAN","NAN",3.656
"2026-02-07 08:30:00",45040,5.23,20.94,0.45,0.38,"NAN","NAN","NAN","NAN",3.652
"2026-02-07 08:40:00",45041,5.06,20.27,0.47,0.41,"NAN","NAN","NAN","NAN",3.649
"2026-02-07 08:50:00",45042,4.74,18.98,0.6,0.53,"NAN","NAN","NAN","NAN",3.651
"2026-02-07 09:00:00",45043,3.33,13.29,0.47,0.4,"NAN","NAN","NAN","NAN",3.658
"2026-02-07 09:10:00",45044,2.92,11.64,0.63,0.57,"NAN","NAN","NAN","NAN",3.681
"2026-02-07 09:20:00",45045,3.49,13.93,0.42,0.35,"NAN","NAN","NAN","NAN",3.669
"2026-02-07 09:30:00",45046,9.520001,38.26,0.6,0.53,"NAN","NAN","NAN","NAN",3.651
"2026-02-07 09:40:00",45047,4.83,19.31,0.58,0.51,"NAN","NAN","NAN","NAN",3.654
"2026-02-07 09:50:00",45048,4.41,17.63,0.49,0.43,"NAN","NAN","NAN","NAN",3.66
"2026-02-07 10:00:00",45049,2.86,11.39,0.53,0.46,"NAN","NAN","NAN","NAN",3.664
"2026-02-07 10:10:00",45050,3.39,13.5,0.56,0.49,"NAN","NAN","NAN","NAN",3.673
"2026-02-07 10:20:00",45051,1.73,6.81,0.4,0.34,"NAN","NAN","NAN","NAN",3.675
"2026-02-07 10:30:00",45052,2.21,8.74,0.35,0.29,"NAN","NAN","NAN","NAN",3.68
"2026-02-07 10:40:00",45053,5.57,22.3,0.46,0.4,"NAN","NAN","NAN","NAN",3.68
"2026-02-07 10:50:00",45054,1.08,4.18,0.29,0.23,"NAN","NAN","NAN","NAN",3.678
"2026-02-07 11:00:00",45055,1.42,5.56,0.36,0.3,"NAN","NAN","NAN","NAN",3.686
"2026-02-07 11:10:00",45056,3.5,13.97,0.71,0.63,"NAN","NAN","NAN","NAN",3.685
"2026-02-07 11:20:00",45057,1.86,7.34,0.4,0.33,"NAN","NAN","NAN","NAN",3.687
"2026-02-07 11:30:00",45058,3.33,13.28,0.48,0.42,"NAN","NAN","NAN","NAN",3.691
"2026-02-07 11:40:00",45059,1.57,6.19,0.37,0.31,"NAN","NAN","NAN","NAN",3.693
"2026-02-07 11:50:00",45060,1.77,6.99,0.44,0.38,"NAN","NAN","NAN","NAN",3.703
"2026-02-07 12:00:00",45061,1.27,4.95,0.31,0.25,"NAN","NAN","NAN","NAN",3.699
"2026-02-07 12:10:00",45062,2.97,11.83,0.49,0.42,"NAN","NAN","NAN","NAN",3.692
"2026-02-07 12:20:00",45063,2.51,9.96,0.42,0.36,"NAN","NAN","NAN","NAN",3.685
"2026-02-07 12:30:00",45064,5.61,22.48,0.51,0.45,"NAN","NAN","NAN","NAN",3.675
"2026-02-07 12:40:00",45065,2.77,11.01,0.47,0.41,"NAN","NAN","NAN","NAN",3.678
"2026-02-07 12:50:00",45066,4.52,18.08,0.53,0.46,"NAN","NAN","NAN","NAN",3.678
"2026-02-07 13:00:00",45067,1.69,6.66,0.41,0.34,"NAN","NAN","NAN","NAN",3.682
"2026-02-07 13:10:00",45068,5.06,20.27,0.48,0.41,"NAN","NAN","NAN","NAN",3.675
"2026-02-07 13:20:00",45069,5.81,23.28,0.47,0.41,"NAN","NAN","NAN","NAN",3.663
"2026-02-07 13:30:00",45070,"NAN","NAN","NAN","NAN","NAN","NAN","NAN","NAN","NAN"
"2026-02-07 13:40:00",45071,6.38,25.6,0.76,0.69,"NAN","NAN","NAN","NAN",3.663
"2026-02-07 13:50:00",45072,4.95,19.81,0.82,0.75,"NAN","NAN","NAN","NAN",3.668
"2026-02-07 14:00:00",45073,5.69,22.82,0.88,0.8,"NAN","NAN","NAN","NAN",3.656
"2026-02-07 14:10:00",45074,3.33,13.29,0.73,0.66,"NAN","NAN","NAN","NAN",3.658
"2026-02-07 14:20:00",45075,4.8,19.2,0.88,0.81,"NAN","NAN","NAN","NAN",3.671
"2026-02-07 14:30:00",45076,5.03,20.13,0.7,0.63,"NAN","NAN","NAN","NAN",3.667
"2026-02-07 14:40:00",45077,5.4,21.62,0.73,0.66,"NAN","NAN","NAN","NAN",3.668
"2026-02-07 14:50:00",45078,4.59,18.35,0.73,0.66,"NAN","NAN","NAN","NAN",3.671
"2026-02-07 15:00:00",45079,4.96,19.85,0.74,0.66,"NAN","NAN","NAN","NAN",3.678
"2026-02-07 15:10:00",45080,3.61,14.41,0.66,0.59,"NAN","NAN","NAN","NAN",3.679
"2026-02-07 15:20:00",45081,6.31,25.29,0.65,0.58,"NAN","NAN","NAN","NAN",3.686
"2026-02-07 15:30:00",45082,2.67,10.59,0.55,0.48,"NAN","NAN","NAN","NAN",3.681
"2026-02-07 15:40:00",45083,9.62,38.65,0.61,0.55,"NAN","NAN","NAN","NAN",3.682
"2026-02-07 15:50:00",45084,11.83,47.56,0.95,0.87,"NAN","NAN","NAN","NAN",3.682
"2026-02-07 16:00:00",45085,5.83,23.35,0.55,0.49,"NAN","NAN","NAN","NAN",3.677
"2026-02-07 16:10:00",45086,6.4,25.65,0.76,0.69,"NAN","NAN","NAN","NAN",3.676
"2026-02-07 16:20:00",45087,5,20.01,0.65,0.58,"NAN","NAN","NAN","NAN",3.677
"2026-02-07 16:30:00",45088,4.08,16.31,0.76,0.69,"NAN","NAN","NAN","NAN",3.683
"2026-02-07 16:40:00",45089,9.39,37.73,0.7,0.63,"NAN","NAN","NAN","NAN",3.683
"2026-02-07 16:50:00",45090,5.46,21.87,0.91,0.84,"NAN","NAN","NAN","NAN",3.683
"2026-02-07 17:00:00",45091,6.27,25.15,0.69,0.62,"NAN","NAN","NAN","NAN",3.687
"2026-02-07 17:10:00",45092,7.8,31.31,0.79,0.72,"NAN","NAN","NAN","NAN",3.699
"2026-02-07 17:20:00",45093,4.23,16.9,0.81,0.74,"NAN","NAN","NAN","NAN",3.687
"2026-02-07 17:30:00",45094,5.06,20.26,0.74,0.67,"NAN","NAN","NAN","NAN",3.687
"2026-02-07 17:40:00",45095,3.75,14.98,0.8,0.73,"NAN","NAN","NAN","NAN",3.686
"2026-02-07 17:50:00",45096,8.72,35.04,1.5,1.41,"NAN","NAN","NAN","NAN",3.687
"2026-02-07 18:00:00",45097,6.75,27.06,1.01,0.93,"NAN","NAN","NAN","NAN",3.694
"2026-02-07 18:10:00",45098,7.33,29.4,1.03,0.95,"NAN","NAN","NAN","NAN",3.692
"2026-02-07 18:20:00",45099,7.77,31.21,1.13,1.05,"NAN","NAN","NAN","NAN",3.697
"2026-02-07 18:30:00",45100,7.45,29.91,1.32,1.23,"NAN","NAN","NAN","NAN",3.72
"2026-02-07 18:40:00",45101,6.08,24.38,1.13,1.05,"NAN","NAN","NAN","NAN",3.724
"2026-02-07 18:50:00",45102,6.43,25.8,1.01,0.93,"NAN","NAN","NAN","NAN",3.723
"2026-02-07 19:00:00",45103,9.68,38.9,1.24,1.16,"NAN","NAN","NAN","NAN",3.726
"2026-02-07 19:10:00",45104,6.66,26.7,1.29,1.21,"NAN","NAN","NAN","NAN",3.72
"2026-02-07 19:20:00",45105,8.479999,34.06,1.03,0.95,"NAN","NAN","NAN","NAN",3.714
"2026-02-07 19:30:00",45106,8.21,32.96,1.04,0.96,"NAN","NAN","NAN","NAN",3.713
"2026-02-07 19:40:00",45107,10.02,40.26,1.67,1.58,"NAN","NAN","NAN","NAN",3.711
"2026-02-07 19:50:00",45108,12.26,49.3,1.56,1.47,"NAN","NAN","NAN","NAN",3.727
"2026-02-07 20:00:00",45109,11.59,46.59,1.39,1.31,"NAN","NAN","NAN","NAN",3.721
"2026-02-07 20:10:00",45110,10.29,41.37,1.02,0.94,"NAN","NAN","NAN","NAN",3.708
"2026-02-07 20:20:00",45111,4.41,17.63,0.61,0.54,"NAN","NAN","NAN","NAN",3.703
"2026-02-07 20:30:00",45112,9.22,37.05,1.61,1.52,"NAN","NAN","NAN","NAN",3.7
"2026-02-07 20:40:00",45113,6.77,27.16,0.99,0.91,"NAN","NAN","NAN","NAN",3.702
"2026-02-07 20:50:00",45114,5.31,21.28,1.57,1.47,"NAN","NAN","NAN","NAN",3.698
"2026-02-07 21:00:00",45115,6.87,27.55,0.9,0.83,"NAN","NAN","NAN","NAN",3.694
"2026-02-07 21:10:00",45116,7.48,30.01,1.04,0.96,"NAN","NAN","NAN","NAN",3.694
"2026-02-07 21:20:00",45117,5.69,22.8,0.92,0.84,"NAN","NAN","NAN","NAN",3.689
"2026-02-07 21:30:00",45118,6.27,25.15,0.75,0.68,"NAN","NAN","NAN","NAN",3.688
"2026-02-07 21:40:00",45119,8.15,32.72,1.02,0.94,"NAN","NAN","NAN","NAN",3.682
"2026-02-07 21:50:00",45120,7.05,28.27,0.72,0.65,"NAN","NAN","NAN","NAN",3.672
"2026-02-07 22:00:00",45121,7.28,29.21,0.82,0.75,"NAN","NAN","NAN","NAN",3.673
"2026-02-07 22:10:00",45122,8.32,33.41,0.83,0.75,"NAN","NAN","NAN","NAN",3.674
"2026-02-07 22:20:00",45123,"NAN","NAN","NAN","NAN","NAN","NAN","NAN","NAN","NAN"
"2026-02-07 22:30:00",45124,5.06,20.24,1.15,1.07,"NAN","NAN","NAN","NAN",3.678
"2026-02-07 22:40:00",45125,6.79,27.22,0.8,0.72,"NAN","NAN","NAN","NAN",3.677
"2026-02-07 22:50:00",45126,7.37,29.59,0.98,0.9,"NAN","NAN","NAN","NAN",3.677
"2026-02-07 23:00:00",45127,5.57,22.32,0.85,0.77,"NAN","NAN","NAN","NAN",3.687
"2026-02-07 23:10:00",45128,10.17,40.89,0.78,0.71,"NAN","NAN","NAN","NAN",3.681
"2026-02-07 23:20:00",45129,7.75,31.11,0.87,0.8,"NAN","NAN","NAN","NAN",3.668
"2026-02-07 23:30:00",45130,11.44,46.01,1.13,1.05,"NAN","NAN","NAN","NAN",3.663
"2026-02-07 23:40:00",45131,12.22,49.14,1.04,0.96,"NAN","NAN","NAN","NAN",3.666
"2026-02-07 23:50:00",45132,9.4,37.77,0.95,0.88,"NAN","NAN","NAN","NAN",3.666
"2026-02-08 00:00:00",45133,7.11,28.51,0.84,0.77,"NAN","NAN","NAN","NAN",3.676
"2026-02-08 00:10:00",45134,6.88,27.61,1.06,0.98,"NAN","NAN","NAN","NAN",3.695
"2026-02-08 00:20:00",45135,7.49,30.05,0.89,0.82,"NAN","NAN","NAN","NAN",3.696
"2026-02-08 00:30:00",45136,8.04,32.28,0.98,0.9,"NAN","NAN","NAN","NAN",3.697
"2026-02-08 00:40:00",45137,6.64,26.65,0.75,0.68,"NAN","NAN","NAN","NAN",3.689
"2026-02-08 00:50:00",45138,3.58,14.28,0.79,0.71,"NAN","NAN","NAN","NAN",3.692
"2026-02-08 01:00:00",45139,4.2,16.77,0.7,0.63,"NAN","NAN","NAN","NAN",3.699
"2026-02-08 01:10:00",45140,9.14,36.71,1.12,1.04,"NAN","NAN","NAN","NAN",3.706
"2026-02-08 01:20:00",45141,5.71,22.88,0.84,0.77,"NAN","NAN","NAN","NAN",3.711
"2026-02-08 01:30:00",45142,4.07,16.28,0.6,0.53,"NAN","NAN","NAN","NAN",3.714
"2026-02-08 01:40:00",45143,12.46,50.13,1.4,1.31,"NAN","NAN","NAN","NAN",3.717
"2026-02-08 01:50:00",45144,11.12,44.71,0.93,0.85,"NAN","NAN","NAN","NAN",3.719
"2026-02-08 02:00:00",45145,8.63,34.67,0.98,0.9,"NAN","NAN","NAN","NAN",3.728
"2026-02-08 02:10:00",45146,6.47,25.94,0.51,0.44,"NAN","NAN","NAN","NAN",3.728
"2026-02-08 02:20:00",45147,7.16,28.72,1.3,1.22,"NAN","NAN","NAN","NAN",3.728
"2026-02-08 02:30:00",45148,6.33,25.38,0.7,0.63,"NAN","NAN","NAN","NAN",3.729
"2026-02-08 02:40:00",45149,8.96,36,0.95,0.88,"NAN","NAN","NAN","NAN",3.728
"2026-02-08 02:50:00",45150,5.28,21.15,0.96,0.89,"NAN","NAN","NAN","NAN",3.736
"2026-02-08 03:00:00",45151,5.27,21.09,0.72,0.65,"NAN","NAN","NAN","NAN",3.739
"2026-02-08 03:10:00",45152,6.38,25.6,0.91,0.83,"NAN","NAN","NAN","NAN",3.738
"2026-02-08 03:20:00",45153,3.56,14.2,0.74,0.67,"NAN","NAN","NAN","NAN",3.736
"2026-02-08 03:30:00",45154,4.39,17.55,0.93,0.85,"NAN","NAN","NAN","NAN",3.736
"2026-02-08 03:40:00",45155,7.11,28.54,0.68,0.61,"NAN","NAN","NAN","NAN",3.746
"2026-02-08 03:50:00",45156,6.26,25.1,1.05,0.97,"NAN","NAN","NAN","NAN",3.756
"2026-02-08 04:00:00",45157,7.56,30.33,0.68,0.61,"NAN","NAN","NAN","NAN",3.751
"2026-02-08 04:10:00",45158,3.55,14.16,0.77,0.69,"NAN","NAN","NAN","NAN",3.746
"2026-02-08 04:20:00",45159,5.28,21.14,0.79,0.72,"NAN","NAN","NAN","NAN",3.733
"2026-02-08 04:30:00",45160,6.8,27.28,0.79,0.72,"NAN","NAN","NAN","NAN",3.742
"2026-02-08 04:40:00",45161,4.41,17.65,0.71,0.64,"NAN","NAN","NAN","NAN",3.747
"2026-02-08 04:50:00",45162,3.2,12.77,0.54,0.48,"NAN","NAN","NAN","NAN",3.75
"2026-02-08 05:00:00",45163,4.21,16.83,0.63,0.56,"NAN","NAN","NAN","NAN",3.75
"2026-02-08 05:10:00",45164,5.17,20.72,0.55,0.48,"NAN","NAN","NAN","NAN",3.752
"2026-02-08 05:20:00",45165,4.73,18.93,0.74,0.67,"NAN","NAN","NAN","NAN",3.752
"2026-02-08 05:30:00",45166,3.13,12.48,0.46,0.39,"NAN","NAN","NAN","NAN",3.752
"2026-02-08 05:40:00",45167,5.32,21.29,0.89,0.81,"NAN","NAN","NAN","NAN",3.753
"2026-02-08 05:50:00",45168,6.02,24.15,0.82,0.74,"NAN","NAN","NAN","NAN",3.742
"2026-02-08 06:00:00",45169,11.35,45.66,1.31,1.22,"NAN","NAN","NAN","NAN",3.744
"2026-02-08 06:10:00",45170,7.28,29.2,1.1,1.02,"NAN","NAN","NAN","NAN",3.744
"2026-02-08 06:20:00",45171,4.04,16.15,0.54,0.47,"NAN","NAN","NAN","NAN",3.74
"2026-02-08 06:30:00",45172,8.71,34.99,0.91,0.83,"NAN","NAN","NAN","NAN",3.741
"2026-02-08 06:40:00",45173,6.08,24.36,0.9,0.83,"NAN","NAN","NAN","NAN",3.743
"2026-02-08 06:50:00",45174,3.86,15.41,0.77,0.7,"NAN","NAN","NAN","NAN",3.744
"2026-02-08 07:00:00",45175,5.69,22.79,0.77,0.7,"NAN","NAN","NAN","NAN",3.742
"2026-02-08 07:10:00",45176,"NAN","NAN","NAN","NAN","NAN","NAN","NAN","NAN","NAN"
"2026-02-08 07:20:00",45177,4.36,17.42,0.7,0.62,"NAN","NAN","NAN","NAN",3.738
"2026-02-08 07:30:00",45178,3.93,15.72,0.66,0.59,"NAN","NAN","NAN","NAN",3.737
"2026-02-08 07:40:00",45179,3.85,15.38,0.73,0.66,"NAN","NAN","NAN","NAN",3.729
"2026-02-08 07:50:00",45180,3.61,14.42,0.62,0.55,"NAN","NAN","NAN","NAN",3.72
"2026-02-08 08:00:00",45181,2.19,8.68,0.49,0.42,"NAN","NAN","NAN","NAN",3.712
"2026-02-08 08:10:00",45182,2.04,8.08,0.3,0.24,"NAN","NAN","NAN","NAN",3.707
"2026-02-08 08:20:00",45183,0.98,3.79,0.25,0.19,"NAN","NAN","NAN","NAN",3.706
"2026-02-08 08:30:00",45184,5.93,23.78,0.48,0.42,"NAN","NAN","NAN","NAN",3.709
"2026-02-08 08:40:00",45185,2.2,8.729999,0.49,0.42,"NAN","NAN","NAN","NAN",3.712
"2026-02-08 08:50:00",45186,3.66,14.61,0.62,0.55,"NAN","NAN","NAN","NAN",3.713
"2026-02-08 09:00:00",45187,4.18,16.71,0.48,0.42,"NAN","NAN","NAN","NAN",3.721
"2026-02-08 09:10:00",45188,2.19,8.66,0.27,0.21,"NAN","NAN","NAN","NAN",3.726
"2026-02-08 09:20:00",45189,2.51,9.979999,0.33,0.26,"NAN","NAN","NAN","NAN",3.726
"2026-02-08 09:30:00",45190,2.37,9.38,0.51,0.44,"NAN","NAN","NAN","NAN",3.727
"2026-02-08 09:40:00",45191,2.52,10.02,0.3,0.24,"NAN","NAN","NAN","NAN",3.729
"2026-02-08 09:50:00",45192,2.1,8.310001,0.32,0.25,"NAN","NAN","NAN","NAN",3.722
"2026-02-08 10:00:00",45193,0.72,2.73,0.41,0.35,"NAN","NAN","NAN","NAN",3.741
"2026-02-08 10:10:00",45194,2.59,10.28,0.31,0.25,"NAN","NAN","NAN","NAN",3.744
"2026-02-08 10:20:00",45195,2.84,11.29,0.35,0.29,"NAN","NAN","NAN","NAN",3.743
"2026-02-08 10:30:00",45196,1.35,5.3,0.23,0.17,"NAN","NAN","NAN","NAN",3.737
"2026-02-08 10:40:00",45197,4.1,16.38,0.55,0.48,"NAN","NAN","NAN","NAN",3.735
"2026-02-08 10:50:00",45198,3.98,15.9,0.56,0.49,"NAN","NAN","NAN","NAN",3.743
"2026-02-08 11:00:00",45199,1.11,4.32,0.25,0.19,"NAN","NAN","NAN","NAN",3.745
"2026-02-08 11:10:00",45200,1.79,7.06,0.34,0.27,"NAN","NAN","NAN","NAN",3.75
"2026-02-08 11:20:00",45201,2.92,11.62,0.3,0.24,"NAN","NAN","NAN","NAN",3.752
"2026-02-08 11:30:00",45202,0.38,1.39,0.21,0.15,"NAN","NAN","NAN","NAN",3.757
"2026-02-08 11:40:00",45203,3.09,12.3,0.5,0.43,"NAN","NAN","NAN","NAN",3.756
"2026-02-08 11:50:00",45204,1.95,7.7,0.4,0.33,"NAN","NAN","NAN","NAN",3.761
"2026-02-08 12:00:00",45205,1.26,4.93,0.26,0.2,"NAN","NAN","NAN","NAN",3.762
"2026-02-08 12:10:00",45206,1.72,6.8,0.25,0.19,"NAN","NAN","NAN","NAN",3.757
"2026-02-08 12:20:00",45207,4.12,16.46,0.62,0.55,"NAN","NAN","NAN","NAN",3.759
"2026-02-08 12:30:00",45208,3.31,13.2,0.4,0.33,"NAN","NAN","NAN","NAN",3.75
"2026-02-08 12:40:00",45209,1.87,7.37,0.27,0.21,"NAN","NAN","NAN","NAN",3.764
"2026-02-08 12:50:00",45210,4.22,16.86,0.7,0.63,"NAN","NAN","NAN","NAN",3.765
"2026-02-08 13:00:00",45211,2.07,8.2,0.37,0.3,"NAN","NAN","NAN","NAN",3.765
"2026-02-08 13:10:00",45212,1.02,3.97,0.28,0.22,"NAN","NAN","NAN","NAN",3.761
"2026-02-08 13:20:00",45213,1.43,5.62,0.31,0.25,"NAN","NAN","NAN","NAN",3.761
"2026-02-08 13:30:00",45214,1.35,5.28,0.22,0.16,"NAN","NAN","NAN","NAN",3.767
"2026-02-08 13:40:00",45215,0.54,2.02,0.19,0.13,"NAN","NAN","NAN","NAN",3.767
"2026-02-08 13:50:00",45216,0.73,2.78,0.21,0.16,"NAN","NAN","NAN","NAN",3.767
"2026-02-08 14:00:00",45217,1.4,5.48,0.29,0.23,"NAN","NAN","NAN","NAN",3.768
"2026-02-08 14:10:00",45218,1.02,3.95,0.22,0.16,"NAN","NAN","NAN","NAN",3.772
"2026-02-08 14:20:00",45219,1.31,5.11,0.24,0.18,"NAN","NAN","NAN","NAN",3.784
"2026-02-08 14:30:00",45220,0.69,2.6,0.19,0.13,"NAN","NAN","NAN","NAN",3.788
"2026-02-08 14:40:00",45221,1.06,4.12,0.28,0.22,"NAN","NAN","NAN","NAN",3.789
"2026-02-08 14:50:00",45222,2.54,10.08,0.49,0.43,"NAN","NAN","NAN","NAN",3.787
"2026-02-08 15:00:00",45223,2.11,8.37,0.33,0.27,"NAN","NAN","NAN","NAN",3.783
"2026-02-08 15:10:00",45224,3.07,12.23,0.46,0.4,"NAN","NAN","NAN","NAN",3.769
"2026-02-08 15:20:00",45225,1.84,7.28,0.83,0.76,"NAN","NAN","NAN","NAN",3.775
"2026-02-08 15:30:00",45226,2.51,9.979999,0.84,0.76,"NAN","NAN","NAN","NAN",3.762
"2026-02-08 15:40:00",45227,4.91,19.65,0.93,0.85,"NAN","NAN","NAN","NAN",3.753
"2026-02-08 15:50:00",45228,5.45,21.83,0.82,0.75,"NAN","NAN","NAN","NAN",3.758
"2026-02-08 16:00:00",45229,"NAN","NAN","NAN","NAN","NAN","NAN","NAN","NAN","NAN"
"2026-02-08 16:10:00",45230,2.17,8.59,0.48,0.41,"NAN","NAN","NAN","NAN",3.767
"2026-02-08 16:20:00",45231,6.62,26.54,0.71,0.64,"NAN","NAN","NAN","NAN",3.752
"2026-02-08 16:30:00",45232,3.42,13.62,0.4,0.34,"NAN","NAN","NAN","NAN",3.754
"2026-02-08 16:40:00",45233,3.14,12.5,0.53,0.46,"NAN","NAN","NAN","NAN",3.757
"2026-02-08 16:50:00",45234,0.44,1.63,0.22,0.17,"NAN","NAN","NAN","NAN",3.759
"2026-02-08 17:00:00",45235,5.93,23.76,0.97,0.89,"NAN","NAN","NAN","NAN",3.762
"2026-02-08 17:10:00",45236,13.08,52.62,1.7,1.61,"NAN","NAN","NAN","NAN",3.757
"2026-02-08 17:20:00",45237,12.34,49.64,1.31,1.23,"NAN","NAN","NAN","NAN",3.756
"2026-02-08 17:30:00",45238,5.87,23.52,0.8,0.73,"NAN","NAN","NAN","NAN",3.756
"2026-02-08 17:40:00",45239,4.61,18.44,0.64,0.57,"NAN","NAN","NAN","NAN",3.758
"2026-02-08 17:50:00",45240,5.89,23.6,0.9,0.83,"NAN","NAN","NAN","NAN",3.759
"2026-02-08 18:00:00",45241,5.37,21.52,0.88,0.8,"NAN","NAN","NAN","NAN",3.763
"2026-02-08 18:10:00",45242,9.689999,38.95,1.37,1.28,"NAN","NAN","NAN","NAN",3.768
"2026-02-08 18:20:00",45243,9.91,39.81,1.63,1.53,"NAN","NAN","NAN","NAN",3.782
"2026-02-08 18:30:00",45244,8.9,35.76,1.41,1.33,"NAN","NAN","NAN","NAN",3.782
"2026-02-08 18:40:00",45245,4.25,16.97,0.94,0.86,"NAN","NAN","NAN","NAN",3.769
"2026-02-08 18:50:00",45246,9,36.14,1.3,1.22,"NAN","NAN","NAN","NAN",3.785
"2026-02-08 19:00:00",45247,4.7,18.79,0.76,0.69,"NAN","NAN","NAN","NAN",3.783
"2026-02-08 19:10:00",45248,7.27,29.16,1.12,1.04,"NAN","NAN","NAN","NAN",3.784
"2026-02-08 19:20:00",45249,4.47,17.87,0.62,0.55,"NAN","NAN","NAN","NAN",3.786
"2026-02-08 19:30:00",45250,9.03,36.26,1.12,1.04,"NAN","NAN","NAN","NAN",3.78
"2026-02-08 19:40:00",45251,4.45,17.78,0.71,0.64,"NAN","NAN","NAN","NAN",3.779
"2026-02-08 19:50:00",45252,14.24,57.28,1.95,1.85,"NAN","NAN","NAN","NAN",3.771
"2026-02-08 20:00:00",45253,5.31,21.28,0.78,0.7,"NAN","NAN","NAN","NAN",3.769
"2026-02-08 20:10:00",45254,5.22,20.91,0.83,0.76,"NAN","NAN","NAN","NAN",3.766
"2026-02-08 20:20:00",45255,9,36.17,1.31,1.23,"NAN","NAN","NAN","NAN",3.763
"2026-02-08 20:30:00",45256,6.55,26.26,0.94,0.86,"NAN","NAN","NAN","NAN",3.763
"2026-02-08 20:40:00",45257,6.5,26.05,0.71,0.64,"NAN","NAN","NAN","NAN",3.764
"2026-02-08 20:50:00",45258,5.37,21.5,1.23,1.14,"NAN","NAN","NAN","NAN",3.755
"2026-02-08 21:00:00",45259,7.17,28.75,1.11,1.03,"NAN","NAN","NAN","NAN",3.747
"2026-02-08 21:10:00",45260,10.05,40.38,1.01,0.94,"NAN","NAN","NAN","NAN",3.742
"2026-02-08 21:20:00",45261,3.41,13.58,0.46,0.39,"NAN","NAN","NAN","NAN",3.734
"2026-02-08 21:30:00",45262,8.18,32.83,1.4,1.31,"NAN","NAN","NAN","NAN",3.747
"2026-02-08 21:40:00",45263,10.31,41.44,1.45,1.36,"NAN","NAN","NAN","NAN",3.744
"2026-02-08 21:50:00",45264,12.54,50.43,1.42,1.33,"NAN","NAN","NAN","NAN",3.74
"2026-02-08 22:00:00",45265,11.8,47.44,1.59,1.5,"NAN","NAN","NAN","NAN",3.738
"2026-02-08 22:10:00",45266,13.79,55.46,1.56,1.47,"NAN","NAN","NAN","NAN",3.735
"2026-02-08 22:20:00",45267,10.55,42.4,1.49,1.4,"NAN","NAN","NAN","NAN",3.739
"2026-02-08 22:30:00",45268,6.59,26.45,1.59,1.5,"NAN","NAN","NAN","NAN",3.733
"2026-02-08 22:40:00",45269,4.86,19.45,0.77,0.7,"NAN","NAN","NAN","NAN",3.73
"2026-02-08 22:50:00",45270,7.12,28.56,1.03,0.95,"NAN","NAN","NAN","NAN",3.729
"2026-02-08 23:00:00",45271,12,48.25,1.48,1.39,"NAN","NAN","NAN","NAN",3.729
"2026-02-08 23:10:00",45272,13.71,55.17,1.18,1.1,"NAN","NAN","NAN","NAN",3.739
"2026-02-08 23:20:00",45273,7.02,28.18,1.68,1.58,"NAN","NAN","NAN","NAN",3.74
"2026-02-08 23:30:00",45274,6.33,25.36,0.86,0.78,"NAN","NAN","NAN","NAN",3.743
"2026-02-08 23:40:00",45275,9.12,36.65,0.95,0.87,"NAN","NAN","NAN","NAN",3.746
"2026-02-08 23:50:00",45276,4.23,16.92,0.64,0.57,"NAN","NAN","NAN","NAN",3.747
"2026-02-09 00:00:00",45277,8.57,34.43,1.12,1.04,"NAN","NAN","NAN","NAN",3.752
"2026-02-09 00:10:00",45278,5.05,20.23,0.66,0.59,"NAN","NAN","NAN","NAN",3.759
"2026-02-09 00:20:00",45279,10.82,43.49,0.84,0.76,"NAN","NAN","NAN","NAN",3.762
"2026-02-09 00:30:00",45280,11.87,47.72,1.01,0.93,"NAN","NAN","NAN","NAN",3.765
"2026-02-09 00:40:00",45281,8.74,35.12,1.03,0.95,"NAN","NAN","NAN","NAN",3.766
"2026-02-09 00:50:00",45282,"NAN","NAN","NAN","NAN","NAN","NAN","NAN","NAN","NAN"
"2026-02-09 01:00:00",45283,3.46,13.8,0.63,0.56,"NAN","NAN","NAN","NAN",3.765
"2026-02-09 01:10:00",45284,5.59,22.41,1.07,0.99,"NAN","NAN","NAN","NAN",3.76
"2026-02-09 01:20:00",45285,6.86,27.5,1.27,1.18,"NAN","NAN","NAN","NAN",3.765
"2026-02-09 01:30:00",45286,6.34,25.42,0.76,0.69,"NAN","NAN","NAN","NAN",3.768
"2026-02-09 01:40:00",45287,8.99,36.1,1.51,1.42,"NAN","NAN","NAN","NAN",3.764
"2026-02-09 01:50:00",45288,6.47,25.93,0.97,0.89,"NAN","NAN","NAN","NAN",3.771
"2026-02-09 02:00:00",45289,10.16,40.83,1.69,1.6,"NAN","NAN","NAN","NAN",3.773
"2026-02-09 02:10:00",45290,9.47,38.06,1.16,1.08,"NAN","NAN","NAN","NAN",3.766
"2026-02-09 02:20:00",45291,7.45,29.91,0.78,0.71,"NAN","NAN","NAN","NAN",3.764
"2026-02-09 02:30:00",45292,8.4,33.73,0.78,0.71,"NAN","NAN","NAN","NAN",3.757
"2026-02-09 02:40:00",45293,5.78,23.17,0.7,0.62,"NAN","NAN","NAN","NAN",3.742
"2026-02-09 02:50:00",45294,5.82,23.32,0.71,0.64,"NAN","NAN","NAN","NAN",3.735
"2026-02-09 03:00:00",45295,8,32.1,1,0.92,"NAN","NAN","NAN","NAN",3.729
"2026-02-09 03:10:00",45296,9.33,37.5,0.91,0.84,"NAN","NAN","NAN","NAN",3.747
"2026-02-09 03:20:00",45297,4.47,17.89,0.85,0.78,"NAN","NAN","NAN","NAN",3.758
"2026-02-09 03:30:00",45298,7.13,28.6,1.01,0.94,"NAN","NAN","NAN","NAN",3.755
"2026-02-09 03:40:00",45299,7.29,29.27,1.14,1.06,"NAN","NAN","NAN","NAN",3.766
"2026-02-09 03:50:00",45300,6.16,24.71,0.71,0.64,"NAN","NAN","NAN","NAN",3.769
"2026-02-09 04:00:00",45301,6.27,25.14,0.8,0.73,"NAN","NAN","NAN","NAN",3.769
"2026-02-09 04:10:00",45302,7.49,30.05,0.84,0.77,"NAN","NAN","NAN","NAN",3.774
"2026-02-09 04:20:00",45303,3.83,15.29,0.65,0.58,"NAN","NAN","NAN","NAN",3.774
"2026-02-09 04:30:00",45304,4.92,19.7,0.61,0.54,"NAN","NAN","NAN","NAN",3.785
"2026-02-09 04:40:00",45305,7.21,28.95,0.95,0.87,"NAN","NAN","NAN","NAN",3.789
"2026-02-09 04:50:00",45306,5.97,23.92,1.02,0.94,"NAN","NAN","NAN","NAN",3.791
"2026-02-09 05:00:00",45307,7.28,29.21,0.93,0.85,"NAN","NAN","NAN","NAN",3.792
"2026-02-09 05:10:00",45308,2.42,9.62,0.49,0.43,"NAN","NAN","NAN","NAN",3.798
"2026-02-09 05:20:00",45309,4.34,17.33,0.5,0.44,"NAN","NAN","NAN","NAN",3.807
"2026-02-09 05:30:00",45310,6.25,25.05,0.59,0.52,"NAN","NAN","NAN","NAN",3.811
"2026-02-09 05:40:00",45311,4.58,18.34,0.55,0.48,"NAN","NAN","NAN","NAN",3.808
"2026-02-09 05:50:00",45312,3.34,13.33,0.53,0.47,"NAN","NAN","NAN","NAN",3.809
"2026-02-09 06:00:00",45313,11.4,45.85,1.27,1.19,"NAN","NAN","NAN","NAN",3.809
"2026-02-09 06:10:00",45314,3.53,14.07,0.66,0.59,"NAN","NAN","NAN","NAN",3.806
"2026-02-09 06:20:00",45315,2.52,10.02,0.65,0.58,"NAN","NAN","NAN","NAN",3.813
"2026-02-09 06:30:00",45316,1.96,7.74,0.41,0.35,"NAN","NAN","NAN","NAN",3.813
"2026-02-09 06:40:00",45317,3.72,14.83,0.44,0.38,"NAN","NAN","NAN","NAN",3.791
"2026-02-09 06:50:00",45318,2.07,8.18,0.47,0.4,"NAN","NAN","NAN","NAN",3.796
"2026-02-09 07:00:00",45319,6.8,27.29,1,0.92,"NAN","NAN","NAN","NAN",3.793
"2026-02-09 07:10:00",45320,3.81,15.21,0.57,0.5,"NAN","NAN","NAN","NAN",3.798
"2026-02-09 07:20:00",45321,10.13,40.7,1.24,1.15,"NAN","NAN","NAN","NAN",3.796
"2026-02-09 07:30:00",45322,3.39,13.51,0.66,0.59,"NAN","NAN","NAN","NAN",3.792
"2026-02-09 07:40:00",45323,3.25,12.96,0.43,0.36,"NAN","NAN","NAN","NAN",3.778
"2026-02-09 07:50:00",45324,3.37,13.44,0.44,0.38,"NAN","NAN","NAN","NAN",3.773
"2026-02-09 08:00:00",45325,2.51,9.95,0.49,0.43,"NAN","NAN","NAN","NAN",3.772
"2026-02-09 08:10:00",45326,6.98,27.99,0.77,0.7,"NAN","NAN","NAN","NAN",3.771
"2026-02-09 08:20:00",45327,1.2,4.67,0.28,0.22,"NAN","NAN","NAN","NAN",3.768
"2026-02-09 08:30:00",45328,1.23,4.82,0.29,0.22,"NAN","NAN","NAN","NAN",3.768
"2026-02-09 08:40:00",45329,1.93,7.63,0.28,0.22,"NAN","NAN","NAN","NAN",3.765
"2026-02-09 08:50:00",45330,2.14,8.46,0.42,0.36,"NAN","NAN","NAN","NAN",3.763
"2026-02-09 09:00:00",45331,4.15,16.6,0.5,0.44,"NAN","NAN","NAN","NAN",3.768
"2026-02-09 09:10:00",45332,0.78,3,0.21,0.15,"NAN","NAN","NAN","NAN",3.765
"2026-02-09 09:20:00",45333,0.6,2.28,0.21,0.15,"NAN","NAN","NAN","NAN",3.768
"2026-02-09 09:30:00",45334,0.84,3.24,0.27,0.21,"NAN","NAN","NAN","NAN",3.771
"2026-02-09 09:40:00",45335,"NAN","NAN","NAN","NAN","NAN","NAN","NAN","NAN","NAN"
"2026-02-09 09:50:00",45336,1.14,4.43,0.27,0.21,"NAN","NAN","NAN","NAN",3.782
"2026-02-09 10:00:00",45337,2.79,11.1,0.26,0.2,"NAN","NAN","NAN","NAN",3.787
"2026-02-09 10:10:00",45338,1.05,4.07,0.25,0.19,"NAN","NAN","NAN","NAN",3.79
"2026-02-09 10:20:00",45339,0.99,3.85,0.3,0.24,"NAN","NAN","NAN","NAN",3.791
"2026-02-09 10:30:00",45340,1.79,7.05,0.19,0.13,"NAN","NAN","NAN","NAN",3.794
"2026-02-09 10:40:00",45341,1.28,5.01,0.24,0.18,"NAN","NAN","NAN","NAN",3.799
"2026-02-09 10:50:00",45342,0.91,3.52,0.17,0.12,"NAN","NAN","NAN","NAN",3.802
"2026-02-09 11:00:00",45343,0.29,1,0.15,0.09,"NAN","NAN","NAN","NAN",3.803
"2026-02-09 11:10:00",45344,0.37,1.35,0.19,0.13,"NAN","NAN","NAN","NAN",3.804
"2026-02-09 11:20:00",45345,0.26,0.89,0.14,0.08,"NAN","NAN","NAN","NAN",3.807
"2026-02-09 11:30:00",45346,0.99,3.82,0.27,0.21,"NAN","NAN","NAN","NAN",3.806
"2026-02-09 11:40:00",45347,1.12,4.38,0.21,0.15,"NAN","NAN","NAN","NAN",3.813
"2026-02-09 11:50:00",45348,2.69,10.69,0.4,0.34,"NAN","NAN","NAN","NAN",3.803
"2026-02-09 12:00:00",45349,0.73,2.79,0.2,0.14,"NAN","NAN","NAN","NAN",3.806
"2026-02-09 12:10:00",45350,0.91,3.5,0.2,0.14,"NAN","NAN","NAN","NAN",3.81
"2026-02-09 12:20:00",45351,1.33,5.2,0.24,0.18,"NAN","NAN","NAN","NAN",3.802
"2026-02-09 12:30:00",45352,1.05,4.1,0.33,0.26,"NAN","NAN","NAN","NAN",3.815
"2026-02-09 12:40:00",45353,0.47,1.74,0.15,0.09,"NAN","NAN","NAN","NAN",3.816
"2026-02-09 12:50:00",45354,1.43,5.6,0.31,0.25,"NAN","NAN","NAN","NAN",3.815
"2026-02-09 13:00:00",45355,0.75,2.87,0.17,0.11,"NAN","NAN","NAN","NAN",3.813
"2026-02-09 13:10:00",45356,2.51,9.95,0.29,0.23,"NAN","NAN","NAN","NAN",3.812
"2026-02-09 13:20:00",45357,2.12,8.41,0.33,0.27,"NAN","NAN","NAN","NAN",3.811
"2026-02-09 13:30:00",45358,0.9,3.46,0.23,0.17,"NAN","NAN","NAN","NAN",3.81
"2026-02-09 13:40:00",45359,1.2,4.7,0.21,0.15,"NAN","NAN","NAN","NAN",3.81
"2026-02-09 13:50:00",45360,2.25,8.9,0.19,0.13,"NAN","NAN","NAN","NAN",3.809
"2026-02-09 14:00:00",45361,1.14,4.45,0.34,0.28,"NAN","NAN","NAN","NAN",3.81
"2026-02-09 14:10:00",45362,1.94,7.68,0.28,0.22,"NAN","NAN","NAN","NAN",3.798
"2026-02-09 14:20:00",45363,6.78,27.2,0.84,0.77,"NAN","NAN","NAN","NAN",3.795
"2026-02-09 14:30:00",45364,5.67,22.72,0.72,0.65,"NAN","NAN","NAN","NAN",3.797
"2026-02-09 14:40:00",45365,3.17,12.63,0.37,0.31,"NAN","NAN","NAN","NAN",3.797
"2026-02-09 14:50:00",45366,5.46,21.89,0.74,0.67,"NAN","NAN","NAN","NAN",3.796
"2026-02-09 15:00:00",45367,2.61,10.35,0.43,0.37,"NAN","NAN","NAN","NAN",3.788
"2026-02-09 15:10:00",45368,3.59,14.33,0.45,0.39,"NAN","NAN","NAN","NAN",3.799
"2026-02-09 15:20:00",45369,6.3,25.26,0.83,0.76,"NAN","NAN","NAN","NAN",3.799
"2026-02-09 15:30:00",45370,8.75,35.14,0.96,0.89,"NAN","NAN","NAN","NAN",3.798
"2026-02-09 15:40:00",45371,6.02,24.15,0.62,0.55,"NAN","NAN","NAN","NAN",3.794
"2026-02-09 15:50:00",45372,10.67,42.9,0.97,0.9,"NAN","NAN","NAN","NAN",3.792
"2026-02-09 16:00:00",45373,4.33,17.31,0.51,0.44,"NAN","NAN","NAN","NAN",3.799
"2026-02-09 16:10:00",45374,14.53,58.45,1.17,1.09,"NAN","NAN","NAN","NAN",3.799
"2026-02-09 16:20:00",45375,6.3,25.28,0.95,0.88,"NAN","NAN","NAN","NAN",3.791
"2026-02-09 16:30:00",45376,2.38,9.43,0.46,0.39,"NAN","NAN","NAN","NAN",3.787
"2026-02-09 16:40:00",45377,4.82,19.27,0.45,0.39,"NAN","NAN","NAN","NAN",3.787
"2026-02-09 16:50:00",45378,6.19,24.84,1.09,1.01,"NAN","NAN","NAN","NAN",3.789
"2026-02-09 17:00:00",45379,11.26,45.28,1.24,1.15,"NAN","NAN","NAN","NAN",3.787
"2026-02-09 17:10:00",45380,12.88,51.8,1.61,1.51,"NAN","NAN","NAN","NAN",3.784
"2026-02-09 17:20:00",45381,16.81,67.68,1.41,1.33,"NAN","NAN","NAN","NAN",3.782
"2026-02-09 17:30:00",45382,8.41,33.76,1.1,1.02,"NAN","NAN","NAN","NAN",3.78
"2026-02-09 17:40:00",45383,10.09,40.54,1.01,0.93,"NAN","NAN","NAN","NAN",3.776
"2026-02-09 17:50:00",45384,6.07,24.34,1.06,0.98,"NAN","NAN","NAN","NAN",3.782
"2026-02-09 18:00:00",45385,11.67,46.93,1.52,1.43,"NAN","NAN","NAN","NAN",3.78
"2026-02-09 18:10:00",45386,7.85,31.5,0.83,0.75,"NAN","NAN","NAN","NAN",3.788
"2026-02-09 18:20:00",45387,5.38,21.55,0.76,0.69,"NAN","NAN","NAN","NAN",3.886
"2026-02-09 18:30:00",45388,"NAN","NAN","NAN","NAN","NAN","NAN","NAN","NAN","NAN"
"2026-02-09 18:40:00",45389,3.96,15.81,0.61,0.54,"NAN","NAN","NAN","NAN",3.868
"2026-02-09 18:50:00",45390,8.33,33.47,1.06,0.98,"NAN","NAN","NAN","NAN",3.861
"2026-02-09 19:00:00",45391,7.21,28.95,1.03,0.96,"NAN","NAN","NAN","NAN",3.846
"2026-02-09 19:10:00",45392,11.02,44.33,1,0.92,"NAN","NAN","NAN","NAN",3.829
"2026-02-09 19:20:00",45393,5.56,22.29,0.73,0.66,"NAN","NAN","NAN","NAN",3.817
"2026-02-09 19:30:00",45394,4.11,16.43,0.77,0.7,"NAN","NAN","NAN","NAN",3.815
"2026-02-09 19:40:00",45395,7.41,29.75,0.81,0.74,"NAN","NAN","NAN","NAN",3.813
"2026-02-09 19:50:00",45396,5.12,20.49,0.48,0.42,"NAN","NAN","NAN","NAN",3.809
"2026-02-09 20:00:00",45397,7.23,29.03,1,0.93,"NAN","NAN","NAN","NAN",3.791
"2026-02-09 20:10:00",45398,7.02,28.16,1.01,0.93,"NAN","NAN","NAN","NAN",3.794
"2026-02-09 20:20:00",45399,8.37,33.61,1.19,1.11,"NAN","NAN","NAN","NAN",3.802
"2026-02-09 20:30:00",45400,6.21,24.89,1.28,1.2,"NAN","NAN","NAN","NAN",3.803
"2026-02-09 20:40:00",45401,10.03,40.33,1.56,1.47,"NAN","NAN","NAN","NAN",3.802
"2026-02-09 20:50:00",45402,11.56,46.48,1.05,0.97,"NAN","NAN","NAN","NAN",3.797
"2026-02-09 21:00:00",45403,8.25,33.14,1.18,1.09,"NAN","NAN","NAN","NAN",3.8
"2026-02-09 21:10:00",45404,4.99,19.97,1.14,1.06,"NAN","NAN","NAN","NAN",3.794
"2026-02-09 21:20:00",45405,8.34,33.5,0.98,0.9,"NAN","NAN","NAN","NAN",3.809
"2026-02-09 21:30:00",45406,7.7,30.91,0.78,0.71,"NAN","NAN","NAN","NAN",3.809
"2026-02-09 21:40:00",45407,6.86,27.53,0.75,0.67,"NAN","NAN","NAN","NAN",3.804
"2026-02-09 21:50:00",45408,10.49,42.19,1.52,1.43,"NAN","NAN","NAN","NAN",3.803
"2026-02-09 22:00:00",45409,14.26,57.37,1.39,1.31,"NAN","NAN","NAN","NAN",3.797
"2026-02-09 22:10:00",45410,7.73,31.01,0.82,0.75,"NAN","NAN","NAN","NAN",3.794
"2026-02-09 22:20:00",45411,11.25,45.22,1.35,1.27,"NAN","NAN","NAN","NAN",3.791
"2026-02-09 22:30:00",45412,15.13,60.91,1.46,1.37,"NAN","NAN","NAN","NAN",3.789
"2026-02-09 22:40:00",45413,19.15,77.12,1.44,1.35,"NAN","NAN","NAN","NAN",3.791
"2026-02-09 22:50:00",45414,18.73,75.42,1.99,1.89,"NAN","NAN","NAN","NAN",3.793
"2026-02-09 23:00:00",45415,4.66,18.64,0.87,0.79,"NAN","NAN","NAN","NAN",3.8
"2026-02-09 23:10:00",45416,3.08,12.28,0.88,0.8,"NAN","NAN","NAN","NAN",3.805
"2026-02-09 23:20:00",45417,13.04,52.44,1.01,0.93,"NAN","NAN","NAN","NAN",3.807
"2026-02-09 23:30:00",45418,10.87,43.7,1.13,1.05,"NAN","NAN","NAN","NAN",3.809
"2026-02-09 23:40:00",45419,10.3,41.4,1.66,1.57,"NAN","NAN","NAN","NAN",3.808
"2026-02-09 23:50:00",45420,8.76,35.18,1.11,1.03,"NAN","NAN","NAN","NAN",3.797
"2026-02-10 00:00:00",45421,7.42,29.78,1.31,1.23,"NAN","NAN","NAN","NAN",3.807
"2026-02-10 00:10:00",45422,5.82,23.34,1.15,1.07,"NAN","NAN","NAN","NAN",3.808
"2026-02-10 00:20:00",45423,12.17,48.95,0.94,0.86,"NAN","NAN","NAN","NAN",3.808
"2026-02-10 00:30:00",45424,4.12,16.47,0.5,0.43,"NAN","NAN","NAN","NAN",3.818
"2026-02-10 00:40:00",45425,9.560001,38.43,1.68,1.59,"NAN","NAN","NAN","NAN",3.82
"2026-02-10 00:50:00",45426,8.66,34.79,1.39,1.3,"NAN","NAN","NAN","NAN",3.826
"2026-02-10 01:00:00",45427,10.39,41.75,1.45,1.36,"NAN","NAN","NAN","NAN",3.821
"2026-02-10 01:10:00",45428,8.46,33.96,1.23,1.15,"NAN","NAN","NAN","NAN",3.822
"2026-02-10 01:20:00",45429,6.97,27.95,1.18,1.1,"NAN","NAN","NAN","NAN",3.829
"2026-02-10 01:30:00",45430,11.98,48.16,1.65,1.56,"NAN","NAN","NAN","NAN",3.831
"2026-02-10 01:40:00",45431,7.61,30.53,1.02,0.95,"NAN","NAN","NAN","NAN",3.83
"2026-02-10 01:50:00",45432,6.89,27.63,1.07,0.99,"NAN","NAN","NAN","NAN",3.821
"2026-02-10 02:00:00",45433,8.86,35.59,1.34,1.26,"NAN","NAN","NAN","NAN",3.819
"2026-02-10 02:10:00",45434,7.66,30.74,0.83,0.76,"NAN","NAN","NAN","NAN",3.824
"2026-02-10 02:20:00",45435,9.729999,39.08,0.94,0.86,"NAN","NAN","NAN","NAN",3.829
"2026-02-10 02:30:00",45436,5.37,21.51,0.78,0.71,"NAN","NAN","NAN","NAN",3.834
"2026-02-10 02:40:00",45437,7.28,29.22,1.01,0.93,"NAN","NAN","NAN","NAN",3.829
"2026-02-10 02:50:00",45438,6.04,24.21,0.71,0.64,"NAN","NAN","NAN","NAN",3.822
"2026-02-10 03:00:00",45439,7.56,30.36,1.03,0.96,"NAN","NAN","NAN","NAN",3.817
"2026-02-10 03:10:00",45440,10.16,40.83,0.94,0.87,"NAN","NAN","NAN","NAN",3.818
"2026-02-10 03:20:00",45441,"NAN","NAN","NAN","NAN","NAN","NAN","NAN","NAN","NAN"
"2026-02-10 03:30:00",45442,9.28,37.3,1.21,1.13,"NAN","NAN","NAN","NAN",3.81
"2026-02-10 03:40:00",45443,7.8,31.31,1.17,1.08,"NAN","NAN","NAN","NAN",3.814
"2026-02-10 03:50:00",45444,7.51,30.13,0.98,0.91,"NAN","NAN","NAN","NAN",3.814
"2026-02-10 04:00:00",45445,5.08,20.33,0.76,0.69,"NAN","NAN","NAN","NAN",3.82
"2026-02-10 04:10:00",45446,4.92,19.68,0.66,0.59,"NAN","NAN","NAN","NAN",3.824
"2026-02-10 04:20:00",45447,5.29,21.18,0.92,0.84,"NAN","NAN","NAN","NAN",3.84
"2026-02-10 04:30:00",45448,7.04,28.23,1.37,1.28,"NAN","NAN","NAN","NAN",3.837
"2026-02-10 04:40:00",45449,8.91,35.77,0.76,0.69,"NAN","NAN","NAN","NAN",3.833
"2026-02-10 04:50:00",45450,9.55,38.36,0.74,0.67,"NAN","NAN","NAN","NAN",3.832
"2026-02-10 05:00:00",45451,6.19,24.82,0.89,0.81,"NAN","NAN","NAN","NAN",3.832
"2026-02-10 05:10:00",45452,5.79,23.18,0.99,0.91,"NAN","NAN","NAN","NAN",3.844
"2026-02-10 05:20:00",45453,5.73,22.98,1,0.93,"NAN","NAN","NAN","NAN",3.848
"2026-02-10 05:30:00",45454,5.05,20.24,0.82,0.75,"NAN","NAN","NAN","NAN",3.85
"2026-02-10 05:40:00",45455,4.02,16.06,0.62,0.55,"NAN","NAN","NAN","NAN",3.849
"2026-02-10 05:50:00",45456,3.85,15.39,0.58,0.51,"NAN","NAN","NAN","NAN",3.848
"2026-02-10 06:00:00",45457,3.32,13.23,0.58,0.52,"NAN","NAN","NAN","NAN",3.845
"2026-02-10 06:10:00",45458,13.34,53.67,0.85,0.78,"NAN","NAN","NAN","NAN",3.856
"2026-02-10 06:20:00",45459,3.76,15.03,0.6,0.53,"NAN","NAN","NAN","NAN",3.856
"2026-02-10 06:30:00",45460,4.93,19.74,0.79,0.72,"NAN","NAN","NAN","NAN",3.852
"2026-02-10 06:40:00",45461,8.9,35.75,1.03,0.95,"NAN","NAN","NAN","NAN",3.854
"2026-02-10 06:50:00",45462,8.439999,33.91,1.27,1.18,"NAN","NAN","NAN","NAN",3.854
"2026-02-10 07:00:00",45463,7.66,30.75,1.08,1,"NAN","NAN","NAN","NAN",3.86
"2026-02-10 07:10:00",45464,4.44,17.77,0.72,0.65,"NAN","NAN","NAN","NAN",3.859
"2026-02-10 07:20:00",45465,8.189999,32.89,1.1,1.02,"NAN","NAN","NAN","NAN",3.848
"2026-02-10 07:30:00",45466,6.98,28.02,0.87,0.8,"NAN","NAN","NAN","NAN",3.82
"2026-02-10 07:40:00",45467,2.66,10.59,0.64,0.57,"NAN","NAN","NAN","NAN",3.804
"2026-02-10 07:50:00",45468,4.26,17.03,0.63,0.57,"NAN","NAN","NAN","NAN",3.775
"2026-02-10 08:00:00",45469,5.68,22.77,0.61,0.54,"NAN","NAN","NAN","NAN",3.769
"2026-02-10 08:10:00",45470,3.77,15.05,0.79,0.72,"NAN","NAN","NAN","NAN",3.767
"2026-02-10 08:20:00",45471,4.85,19.41,0.7,0.63,"NAN","NAN","NAN","NAN",3.766
"2026-02-10 08:30:00",45472,2.8,11.13,0.37,0.31,"NAN","NAN","NAN","NAN",3.767
"2026-02-10 08:40:00",45473,8.96,35.99,0.82,0.75,"NAN","NAN","NAN","NAN",3.765
"2026-02-10 08:50:00",45474,3.2,12.76,0.49,0.43,"NAN","NAN","NAN","NAN",3.772
"2026-02-10 09:00:00",45475,2.37,9.4,0.36,0.29,"NAN","NAN","NAN","NAN",3.768
"2026-02-10 09:10:00",45476,1.23,4.79,0.39,0.32,"NAN","NAN","NAN","NAN",3.768
"2026-02-10 09:20:00",45477,2.03,8.020001,0.37,0.3,"NAN","NAN","NAN","NAN",3.77
"2026-02-10 09:30:00",45478,2.74,10.9,0.39,0.33,"NAN","NAN","NAN","NAN",3.771
"2026-02-10 09:40:00",45479,3.48,13.87,0.42,0.35,"NAN","NAN","NAN","NAN",3.776
"2026-02-10 09:50:00",45480,1.08,4.22,0.25,0.19,"NAN","NAN","NAN","NAN",3.779
"2026-02-10 10:00:00",45481,1.73,6.81,0.28,0.22,"NAN","NAN","NAN","NAN",3.785
"2026-02-10 10:10:00",45482,1.37,5.37,0.38,0.31,"NAN","NAN","NAN","NAN",3.795
"2026-02-10 10:20:00",45483,2.83,11.25,0.54,0.47,"NAN","NAN","NAN","NAN",3.799
"2026-02-10 10:30:00",45484,3.25,12.96,0.48,0.41,"NAN","NAN","NAN","NAN",3.814
"2026-02-10 10:40:00",45485,2.99,11.9,0.38,0.31,"NAN","NAN","NAN","NAN",3.821
"2026-02-10 10:50:00",45486,1.2,4.69,0.35,0.29,"NAN","NAN","NAN","NAN",3.815
"2026-02-10 11:00:00",45487,1.38,5.42,0.25,0.19,"NAN","NAN","NAN","NAN",3.817
"2026-02-10 11:10:00",45488,0.72,2.76,0.25,0.19,"NAN","NAN","NAN","NAN",3.82
"2026-02-10 11:20:00",45489,4.39,17.54,0.6,0.53,"NAN","NAN","NAN","NAN",3.811
"2026-02-10 11:30:00",45490,2.51,9.96,0.23,0.17,"NAN","NAN","NAN","NAN",3.82
"2026-02-10 11:40:00",45491,1.39,5.46,0.37,0.3,"NAN","NAN","NAN","NAN",3.827
"2026-02-10 11:50:00",45492,1.44,5.66,0.32,0.26,"NAN","NAN","NAN","NAN",3.836
"2026-02-10 12:00:00",45493,0.8,3.05,0.22,0.16,"NAN","NAN","NAN","NAN",3.842
"2026-02-10 12:10:00",45494,"NAN","NAN","NAN","NAN","NAN","NAN","NAN","NAN","NAN"
"2026-02-10 12:20:00",45495,1.26,4.94,0.29,0.23,"NAN","NAN","NAN","NAN",3.862
"2026-02-10 12:30:00",45496,0.9,3.48,0.28,0.21,"NAN","NAN","NAN","NAN",3.859
"2026-02-10 12:40:00",45497,0.37,1.34,0.14,0.08,"NAN","NAN","NAN","NAN",3.864
"2026-02-10 12:50:00",45498,0.33,1.18,0.16,0.11,"NAN","NAN","NAN","NAN",3.869
"2026-02-10 13:00:00",45499,0.36,1.28,0.23,0.17,"NAN","NAN","NAN","NAN",3.873
"2026-02-10 13:10:00",45500,3.3,13.15,0.33,0.27,"NAN","NAN","NAN","NAN",3.868
"2026-02-10 13:20:00",45501,1.44,5.66,0.32,0.26,"NAN","NAN","NAN","NAN",3.866
"2026-02-10 13:30:00",45502,0.77,2.96,0.3,0.24,"NAN","NAN","NAN","NAN",3.859
"2026-02-10 13:40:00",45503,0.65,2.48,0.24,0.18,"NAN","NAN","NAN","NAN",3.849
"2026-02-10 13:50:00",45504,1.18,4.6,0.36,0.3,"NAN","NAN","NAN","NAN",3.84
"2026-02-10 14:00:00",45505,5.95,23.85,0.56,0.49,"NAN","NAN","NAN","NAN",3.828
"2026-02-10 14:10:00",45506,3.3,13.15,0.53,0.47,"NAN","NAN","NAN","NAN",3.838
"2026-02-10 14:20:00",45507,2.27,9.01,0.41,0.34,"NAN","NAN","NAN","NAN",3.839
"2026-02-10 14:30:00",45508,0.84,3.21,0.22,0.16,"NAN","NAN","NAN","NAN",3.842
"2026-02-10 14:40:00",45509,0.54,2,0.19,0.13,"NAN","NAN","NAN","NAN",3.847
"2026-02-10 14:50:00",45510,1.14,4.45,0.26,0.2,"NAN","NAN","NAN","NAN",3.841
"2026-02-10 15:00:00",45511,1.5,5.88,0.42,0.35,"NAN","NAN","NAN","NAN",3.858
"2026-02-10 15:10:00",45512,0.75,2.87,0.2,0.14,"NAN","NAN","NAN","NAN",3.862
"2026-02-10 15:20:00",45513,0.65,2.45,0.18,0.12,"NAN","NAN","NAN","NAN",3.864
"2026-02-10 15:30:00",45514,0.68,2.58,0.22,0.17,"NAN","NAN","NAN","NAN",3.864
"2026-02-10 15:40:00",45515,1.64,6.44,0.34,0.28,"NAN","NAN","NAN","NAN",3.864
"2026-02-10 15:50:00",45516,2.55,10.14,0.38,0.32,"NAN","NAN","NAN","NAN",3.868
"2026-02-10 16:00:00",45517,2.36,9.35,0.44,0.37,"NAN","NAN","NAN","NAN",3.863
"2026-02-10 16:10:00",45518,0.72,2.73,0.22,0.16,"NAN","NAN","NAN","NAN",3.858
"2026-02-10 16:20:00",45519,1.48,5.8,0.35,0.29,"NAN","NAN","NAN","NAN",3.858
"2026-02-10 16:30:00",45520,3.32,13.23,0.42,0.36,"NAN","NAN","NAN","NAN",3.855
"2026-02-10 16:40:00",45521,5.86,23.5,0.76,0.69,"NAN","NAN","NAN","NAN",3.853
"2026-02-10 16:50:00",45522,2.87,11.43,0.42,0.36,"NAN","NAN","NAN","NAN",3.855
"2026-02-10 17:00:00",45523,2.93,11.64,0.52,0.45,"NAN","NAN","NAN","NAN",3.856
"2026-02-10 17:10:00",45524,0.92,3.53,0.22,0.16,"NAN","NAN","NAN","NAN",3.857
"2026-02-10 17:20:00",45525,2.36,9.36,0.33,0.26,"NAN","NAN","NAN","NAN",3.859
"2026-02-10 17:30:00",45526,3.33,13.26,0.74,0.66,"NAN","NAN","NAN","NAN",3.855
"2026-02-10 17:40:00",45527,6.32,25.33,0.81,0.74,"NAN","NAN","NAN","NAN",3.863
"2026-02-10 17:50:00",45528,9.89,39.73,1.31,1.23,"NAN","NAN","NAN","NAN",3.864
"2026-02-10 18:00:00",45529,10.86,43.67,1.09,1.01,"NAN","NAN","NAN","NAN",3.866
"2026-02-10 18:10:00",45530,5.03,20.14,0.49,0.42,"NAN","NAN","NAN","NAN",3.951
"2026-02-10 18:20:00",45531,4.77,19.09,0.69,0.62,"NAN","NAN","NAN","NAN",3.966
"2026-02-10 18:30:00",45532,5.62,22.5,0.87,0.8,"NAN","NAN","NAN","NAN",3.945
"2026-02-10 18:40:00",45533,9.88,39.69,1.01,0.94,"NAN","NAN","NAN","NAN",3.913
"2026-02-10 18:50:00",45534,5.61,22.48,1.23,1.15,"NAN","NAN","NAN","NAN",3.901
"2026-02-10 19:00:00",45535,5.75,23.03,0.97,0.89,"NAN","NAN","NAN","NAN",3.898
"2026-02-10 19:10:00",45536,11.27,45.33,1.34,1.26,"NAN","NAN","NAN","NAN",3.895
"2026-02-10 19:20:00",45537,5.54,22.21,0.76,0.69,"NAN","NAN","NAN","NAN",3.891
"2026-02-10 19:30:00",45538,10.74,43.17,1.39,1.3,"NAN","NAN","NAN","NAN",3.888
"2026-02-10 19:40:00",45539,13.12,52.79,1.47,1.39,"NAN","NAN","NAN","NAN",3.875
"2026-02-10 19:50:00",45540,16.96,68.28,2.08,1.98,"NAN","NAN","NAN","NAN",3.87
"2026-02-10 20:00:00",45541,11.08,44.54,1.2,1.12,"NAN","NAN","NAN","NAN",3.866
"2026-02-10 20:10:00",45542,4.98,19.94,0.82,0.75,"NAN","NAN","NAN","NAN",3.867
"2026-02-10 20:20:00",45543,16.42,66.08,1.98,1.88,"NAN","NAN","NAN","NAN",3.871
"2026-02-10 20:30:00",45544,11.82,47.52,1.72,1.63,"NAN","NAN","NAN","NAN",3.869
"2026-02-10 20:40:00",45545,14.48,58.27,1.35,1.27,"NAN","NAN","NAN","NAN",3.866
"2026-02-10 20:50:00",45546,12.6,50.68,0.9,0.83,"NAN","NAN","NAN","NAN",3.867
"2026-02-10 21:00:00",45547,"NAN","NAN","NAN","NAN","NAN","NAN","NAN","NAN","NAN"
"2026-02-10 21:10:00",45548,13.66,54.96,1.91,1.81,"NAN","NAN","NAN","NAN",3.868
"2026-02-10 21:20:00",45549,10.2,40.98,1.81,1.71,"NAN","NAN","NAN","NAN",3.869
"2026-02-10 21:30:00",45550,18.32,73.76,1.75,1.66,"NAN","NAN","NAN","NAN",3.871
"2026-02-10 21:40:00",45551,25.74,103.68,2.52,2.41,"NAN","NAN","NAN","NAN",3.872
"2026-02-10 21:50:00",45552,8.84,35.53,1.14,1.06,"NAN","NAN","NAN","NAN",3.872
"2026-02-10 22:00:00",45553,4.31,17.22,0.87,0.79,"NAN","NAN","NAN","NAN",3.879
"2026-02-10 22:10:00",45554,8.68,34.87,1.2,1.12,"NAN","NAN","NAN","NAN",3.879
"2026-02-10 22:20:00",45555,16.37,65.88,2.45,2.34,"NAN","NAN","NAN","NAN",3.878
"2026-02-10 22:30:00",45556,9.99,40.15,1.22,1.14,"NAN","NAN","NAN","NAN",3.875
"2026-02-10 22:40:00",45557,13.36,53.74,1.18,1.1,"NAN","NAN","NAN","NAN",3.873
"2026-02-10 22:50:00",45558,6.66,26.7,1.03,0.95,"NAN","NAN","NAN","NAN",3.876
"2026-02-10 23:00:00",45559,10.28,41.34,1.35,1.26,"NAN","NAN","NAN","NAN",3.877
"2026-02-10 23:10:00",45560,10.91,43.86,1.31,1.22,"NAN","NAN","NAN","NAN",3.875
"2026-02-10 23:20:00",45561,25.58,103.06,2.5,2.39,"NAN","NAN","NAN","NAN",3.875
"2026-02-10 23:30:00",45562,4.74,18.97,0.8,0.73,"NAN","NAN","NAN","NAN",3.876
"2026-02-10 23:40:00",45563,7.6,30.5,0.95,0.87,"NAN","NAN","NAN","NAN",3.87
"2026-02-10 23:50:00",45564,8.68,34.87,1.11,1.03,"NAN","NAN","NAN","NAN",3.884
"2026-02-11 00:00:00",45565,8.939999,35.91,1.46,1.37,"NAN","NAN","NAN","NAN",3.877
"2026-02-11 00:10:00",45566,13.62,54.78,1.42,1.33,"NAN","NAN","NAN","NAN",3.874
"2026-02-11 00:20:00",45567,15.54,62.55,1.94,1.84,"NAN","NAN","NAN","NAN",3.875
"2026-02-11 00:30:00",45568,11.79,47.42,1.25,1.17,"NAN","NAN","NAN","NAN",3.873
"2026-02-11 00:40:00",45569,4.99,19.97,0.91,0.83,"NAN","NAN","NAN","NAN",3.881
"2026-02-11 00:50:00",45570,10.67,42.9,0.83,0.76,"NAN","NAN","NAN","NAN",3.881
"2026-02-11 01:00:00",45571,7.54,30.26,1.33,1.24,"NAN","NAN","NAN","NAN",3.88
"2026-02-11 01:10:00",45572,9.36,37.59,0.75,0.68,"NAN","NAN","NAN","NAN",3.882
"2026-02-11 01:20:00",45573,9.770001,39.25,1.39,1.31,"NAN","NAN","NAN","NAN",3.883
"2026-02-11 01:30:00",45574,11.2,45.05,1.23,1.15,"NAN","NAN","NAN","NAN",3.888
"2026-02-11 01:40:00",45575,6.76,27.13,0.66,0.59,"NAN","NAN","NAN","NAN",3.89
"2026-02-11 01:50:00",45576,8.91,35.77,1.23,1.15,"NAN","NAN","NAN","NAN",3.891
"2026-02-11 02:00:00",45577,9.12,36.66,1.63,1.54,"NAN","NAN","NAN","NAN",3.89
"2026-02-11 02:10:00",45578,11.27,45.32,1.15,1.07,"NAN","NAN","NAN","NAN",3.882
"2026-02-11 02:20:00",45579,3.4,13.58,0.61,0.54,"NAN","NAN","NAN","NAN",3.885
"2026-02-11 02:30:00",45580,12.47,50.14,1.73,1.64,"NAN","NAN","NAN","NAN",3.893
"2026-02-11 02:40:00",45581,9.64,38.72,1.11,1.03,"NAN","NAN","NAN","NAN",3.893
"2026-02-11 02:50:00",45582,4.76,19.06,0.66,0.59,"NAN","NAN","NAN","NAN",3.893
"2026-02-11 03:00:00",45583,7.75,31.09,1.2,1.12,"NAN","NAN","NAN","NAN",3.893
"2026-02-11 03:10:00",45584,13.61,54.75,1.95,1.85,"NAN","NAN","NAN","NAN",3.893
"2026-02-11 03:20:00",45585,8.59,34.5,1.08,1,"NAN","NAN","NAN","NAN",3.899
"2026-02-11 03:30:00",45586,9.28,37.27,1.42,1.33,"NAN","NAN","NAN","NAN",3.899
"2026-02-11 03:40:00",45587,11.23,45.15,1.39,1.31,"NAN","NAN","NAN","NAN",3.899
"2026-02-11 03:50:00",45588,9.29,37.32,1.1,1.02,"NAN","NAN","NAN","NAN",3.898
"2026-02-11 04:00:00",45589,5.52,22.13,0.69,0.62,"NAN","NAN","NAN","NAN",3.892
"2026-02-11 04:10:00",45590,5.9,23.66,1.1,1.02,"NAN","NAN","NAN","NAN",3.899
"2026-02-11 04:20:00",45591,4.62,18.5,0.76,0.69,"NAN","NAN","NAN","NAN",3.895
"2026-02-11 04:30:00",45592,14.28,57.44,1.07,0.99,"NAN","NAN","NAN","NAN",3.892
"2026-02-11 04:40:00",45593,3.58,14.27,0.88,0.8,"NAN","NAN","NAN","NAN",3.891
"2026-02-11 04:50:00",45594,9.65,38.78,0.98,0.9,"NAN","NAN","NAN","NAN",3.877
"2026-02-11 05:00:00",45595,6.59,26.44,0.95,0.87,"NAN","NAN","NAN","NAN",3.88
"2026-02-11 05:10:00",45596,5.81,23.28,0.83,0.76,"NAN","NAN","NAN","NAN",3.888
"2026-02-11 05:20:00",45597,9.4,37.76,0.9,0.83,"NAN","NAN","NAN","NAN",3.887
"2026-02-11 05:30:00",45598,5.34,21.39,0.88,0.8,"NAN","NAN","NAN","NAN",3.888
"2026-02-11 05:40:00",45599,7.46,29.93,1.3,1.21,"NAN","NAN","NAN","NAN",3.892
"2026-02-11 05:50:00",45600,"NAN","NAN","NAN","NAN","NAN","NAN","NAN","NAN","NAN"
"2026-02-11 06:00:00",45601,15.16,61.01,1.7,1.61,"NAN","NAN","NAN","NAN",3.901
"2026-02-11 06:10:00",45602,11.34,45.6,1.61,1.52,"NAN","NAN","NAN","NAN",3.907
"2026-02-11 06:20:00",45603,13.67,55.01,1.29,1.2,"NAN","NAN","NAN","NAN",3.909
"2026-02-11 06:30:00",45604,9.189999,36.93,0.74,0.67,"NAN","NAN","NAN","NAN",3.91
"2026-02-11 06:40:00",45605,4.83,19.35,0.65,0.58,"NAN","NAN","NAN","NAN",3.908
"2026-02-11 06:50:00",45606,4.5,17.98,0.98,0.91,"NAN","NAN","NAN","NAN",3.914
"2026-02-11 07:00:00",45607,6.29,25.21,0.91,0.84,"NAN","NAN","NAN","NAN",3.908
"2026-02-11 07:10:00",45608,5.3,21.22,0.87,0.79,"NAN","NAN","NAN","NAN",3.908
"2026-02-11 07:20:00",45609,3.75,14.96,0.54,0.48,"NAN","NAN","NAN","NAN",3.888
"2026-02-11 07:30:00",45610,8.38,33.67,0.84,0.76,"NAN","NAN","NAN","NAN",3.851
"2026-02-11 07:40:00",45611,4.24,16.95,0.84,0.77,"NAN","NAN","NAN","NAN",3.841
"2026-02-11 07:50:00",45612,3.31,13.19,0.47,0.4,"NAN","NAN","NAN","NAN",3.829
"2026-02-11 08:00:00",45613,10.65,42.8,0.73,0.66,"NAN","NAN","NAN","NAN",3.832
"2026-02-11 08:10:00",45614,4.05,16.2,0.58,0.52,"NAN","NAN","NAN","NAN",3.832
"2026-02-11 08:20:00",45615,10.77,43.29,0.77,0.7,"NAN","NAN","NAN","NAN",3.841
"2026-02-11 08:30:00",45616,3.22,12.84,0.71,0.64,"NAN","NAN","NAN","NAN",3.837
"2026-02-11 08:40:00",45617,8.58,34.47,0.86,0.79,"NAN","NAN","NAN","NAN",3.848
"2026-02-11 08:50:00",45618,7.36,29.52,1.1,1.02,"NAN","NAN","NAN","NAN",3.841
"2026-02-11 09:00:00",45619,4.03,16.1,0.52,0.46,"NAN","NAN","NAN","NAN",3.835
"2026-02-11 09:10:00",45620,2.24,8.88,0.4,0.34,"NAN","NAN","NAN","NAN",3.825
"2026-02-11 09:20:00",45621,3.05,12.15,0.66,0.59,"NAN","NAN","NAN","NAN",3.827
"2026-02-11 09:30:00",45622,5.51,22.08,0.69,0.62,"NAN","NAN","NAN","NAN",3.833
"2026-02-11 09:40:00",45623,4.74,18.95,0.71,0.64,"NAN","NAN","NAN","NAN",3.843
"2026-02-11 09:50:00",45624,3.64,14.53,0.65,0.58,"NAN","NAN","NAN","NAN",3.832
"2026-02-11 10:00:00",45625,7.83,31.42,0.54,0.47,"NAN","NAN","NAN","NAN",3.835
"2026-02-11 10:10:00",45626,2.81,11.17,0.46,0.39,"NAN","NAN","NAN","NAN",3.837
"2026-02-11 10:20:00",45627,5.3,21.21,0.72,0.65,"NAN","NAN","NAN","NAN",3.848
"2026-02-11 10:30:00",45628,3.71,14.8,0.44,0.38,"NAN","NAN","NAN","NAN",3.851
"2026-02-11 10:40:00",45629,3.07,12.21,0.41,0.35,"NAN","NAN","NAN","NAN",3.852
"2026-02-11 10:50:00",45630,4.99,19.97,0.38,0.32,"NAN","NAN","NAN","NAN",3.86
"2026-02-11 11:00:00",45631,4.92,19.68,0.47,0.4,"NAN","NAN","NAN","NAN",3.865
"2026-02-11 11:10:00",45632,2.34,9.270001,0.41,0.34,"NAN","NAN","NAN","NAN",3.886
"2026-02-11 11:20:00",45633,4.26,17.01,0.53,0.46,"NAN","NAN","NAN","NAN",3.876
"2026-02-11 11:30:00",45634,3.23,12.88,0.5,0.43,"NAN","NAN","NAN","NAN",3.882
"2026-02-11 11:40:00",45635,6.58,26.41,0.96,0.88,"NAN","NAN","NAN","NAN",3.896
"2026-02-11 11:50:00",45636,3.63,14.51,0.56,0.49,"NAN","NAN","NAN","NAN",3.905
"2026-02-11 12:00:00",45637,4.5,18,1.94,1.84,"NAN","NAN","NAN","NAN",3.908
"2026-02-11 12:10:00",45638,7.34,29.45,0.41,0.34,"NAN","NAN","NAN","NAN",3.903
"2026-02-11 12:20:00",45639,2.92,11.6,0.48,0.41,"NAN","NAN","NAN","NAN",3.904
"2026-02-11 12:30:00",45640,2.15,8.5,0.55,0.49,"NAN","NAN","NAN","NAN",3.901
"2026-02-11 12:40:00",45641,4.46,17.83,0.57,0.5,"NAN","NAN","NAN","NAN",3.901
"2026-02-11 12:50:00",45642,2.58,10.25,0.54,0.47,"NAN","NAN","NAN","NAN",3.892
"2026-02-11 13:00:00",45643,5.48,21.96,0.52,0.46,"NAN","NAN","NAN","NAN",3.901
"2026-02-11 13:10:00",45644,7.06,28.33,0.77,0.7,"NAN","NAN","NAN","NAN",3.904
"2026-02-11 13:20:00",45645,5.31,21.27,0.68,0.61,"NAN","NAN","NAN","NAN",3.89
"2026-02-11 13:30:00",45646,7.76,31.16,0.68,0.61,"NAN","NAN","NAN","NAN",3.893
"2026-02-11 13:40:00",45647,6.48,25.97,0.63,0.56,"NAN","NAN","NAN","NAN",3.884
"2026-02-11 13:50:00",45648,6.93,27.8,0.66,0.59,"NAN","NAN","NAN","NAN",3.899
"2026-02-11 14:00:00",45649,8.29,33.28,0.63,0.56,"NAN","NAN","NAN","NAN",3.892
"2026-02-11 14:10:00",45650,4.53,18.14,0.54,0.47,"NAN","NAN","NAN","NAN",3.894
"2026-02-11 14:20:00",45651,6.08,24.35,0.75,0.68,"NAN","NAN","NAN","NAN",3.892
"2026-02-11 14:30:00",45652,5.69,22.8,0.65,0.58,"NAN","NAN","NAN","NAN",3.895
"2026-02-11 14:40:00",45653,"NAN","NAN","NAN","NAN","NAN","NAN","NAN","NAN","NAN"
"2026-02-11 14:50:00",45654,8.29,33.3,0.62,0.55,"NAN","NAN","NAN","NAN",3.894
"2026-02-11 15:00:00",45655,15.76,63.43,1.2,1.12,"NAN","NAN","NAN","NAN",3.906
"2026-02-11 15:10:00",45656,6.96,27.94,0.85,0.77,"NAN","NAN","NAN","NAN",3.907
"2026-02-11 15:20:00",45657,4.03,16.1,0.56,0.49,"NAN","NAN","NAN","NAN",3.896
"2026-02-11 15:30:00",45658,3.8,15.19,0.61,0.54,"NAN","NAN","NAN","NAN",3.905
"2026-02-11 15:40:00",45659,4.93,19.74,0.7,0.63,"NAN","NAN","NAN","NAN",3.916
"2026-02-11 15:50:00",45660,5.92,23.73,0.95,0.88,"NAN","NAN","NAN","NAN",3.916
"2026-02-11 16:00:00",45661,7.5,30.1,0.93,0.85,"NAN","NAN","NAN","NAN",3.908
"2026-02-11 16:10:00",45662,8.49,34.11,0.8,0.73,"NAN","NAN","NAN","NAN",3.907
"2026-02-11 16:20:00",45663,4.77,19.09,1,0.92,"NAN","NAN","NAN","NAN",3.909
"2026-02-11 16:30:00",45664,4.6,18.4,0.64,0.57,"NAN","NAN","NAN","NAN",3.914
"2026-02-11 16:40:00",45665,5.95,23.84,0.84,0.77,"NAN","NAN","NAN","NAN",3.917
"2026-02-11 16:50:00",45666,7.99,32.06,0.55,0.48,"NAN","NAN","NAN","NAN",3.918
"2026-02-11 17:00:00",45667,9.47,38.06,1.03,0.96,"NAN","NAN","NAN","NAN",3.918
"2026-02-11 17:10:00",45668,3.02,12.04,0.46,0.39,"NAN","NAN","NAN","NAN",3.928
"2026-02-11 17:20:00",45669,3.27,13.02,0.74,0.67,"NAN","NAN","NAN","NAN",3.927
"2026-02-11 17:30:00",45670,10.16,40.84,1.18,1.1,"NAN","NAN","NAN","NAN",3.936
"2026-02-11 17:40:00",45671,5.84,23.42,0.64,0.57,"NAN","NAN","NAN","NAN",3.936
"2026-02-11 17:50:00",45672,7.85,31.52,0.85,0.78,"NAN","NAN","NAN","NAN",3.94
"2026-02-11 18:00:00",45673,5.13,20.54,0.75,0.67,"NAN","NAN","NAN","NAN",3.945
"2026-02-11 18:10:00",45674,5.51,22.08,0.99,0.92,"NAN","NAN","NAN","NAN",3.966
"2026-02-11 18:20:00",45675,2.2,8.729999,0.38,0.32,"NAN","NAN","NAN","NAN",4.107
"2026-02-11 18:30:00",45676,3.67,14.65,0.85,0.78,"NAN","NAN","NAN","NAN",4.067
"2026-02-11 18:40:00",45677,4.95,19.82,0.64,0.57,"NAN","NAN","NAN","NAN",4.047
"2026-02-11 18:50:00",45678,3.23,12.86,0.67,0.6,"NAN","NAN","NAN","NAN",4.031
"2026-02-11 19:00:00",45679,5.27,21.09,0.83,0.76,"NAN","NAN","NAN","NAN",3.986
"2026-02-11 19:10:00",45680,4.01,16,0.6,0.54,"NAN","NAN","NAN","NAN",3.974
"2026-02-11 19:20:00",45681,1.76,6.94,0.4,0.34,"NAN","NAN","NAN","NAN",3.959
"2026-02-11 19:30:00",45682,6.71,26.92,0.85,0.78,"NAN","NAN","NAN","NAN",3.949
"2026-02-11 19:40:00",45683,5.04,20.16,0.68,0.61,"NAN","NAN","NAN","NAN",3.949
"2026-02-11 19:50:00",45684,8.83,35.45,0.8,0.73,"NAN","NAN","NAN","NAN",3.952
"2026-02-11 20:00:00",45685,6.56,26.32,0.94,0.86,"NAN","NAN","NAN","NAN",3.947
"2026-02-11 20:10:00",45686,10.34,41.54,0.9,0.83,"NAN","NAN","NAN","NAN",3.94
"2026-02-11 20:20:00",45687,9.189999,36.91,1.29,1.21,"NAN","NAN","NAN","NAN",3.937
"2026-02-11 20:30:00",45688,5.17,20.68,0.86,0.79,"NAN","NAN","NAN","NAN",3.936
"2026-02-11 20:40:00",45689,6.78,27.2,0.76,0.69,"NAN","NAN","NAN","NAN",3.938
"2026-02-11 20:50:00",45690,4.99,19.99,0.95,0.87,"NAN","NAN","NAN","NAN",3.939
"2026-02-11 21:00:00",45691,10.75,43.24,0.86,0.79,"NAN","NAN","NAN","NAN",3.936
"2026-02-11 21:10:00",45692,7.41,29.75,0.89,0.82,"NAN","NAN","NAN","NAN",3.937
"2026-02-11 21:20:00",45693,8.85,35.55,1.28,1.19,"NAN","NAN","NAN","NAN",3.933
"2026-02-11 21:30:00",45694,4.5,17.98,0.75,0.67,"NAN","NAN","NAN","NAN",3.939
"2026-02-11 21:40:00",45695,9.060001,36.39,1.13,1.05,"NAN","NAN","NAN","NAN",3.937
"2026-02-11 21:50:00",45696,8.060001,32.35,0.96,0.89,"NAN","NAN","NAN","NAN",3.936
"2026-02-11 22:00:00",45697,3.09,12.33,0.58,0.51,"NAN","NAN","NAN","NAN",3.936
"2026-02-11 22:10:00",45698,7.91,31.77,0.73,0.66,"NAN","NAN","NAN","NAN",3.932
"2026-02-11 22:20:00",45699,2.26,8.95,0.74,0.67,"NAN","NAN","NAN","NAN",3.93
"2026-02-11 22:30:00",45700,10.18,40.91,1.08,1,"NAN","NAN","NAN","NAN",3.921
"2026-02-11 22:40:00",45701,5.84,23.4,1.45,1.37,"NAN","NAN","NAN","NAN",3.947
"2026-02-11 22:50:00",45702,8.7,34.95,0.75,0.68,"NAN","NAN","NAN","NAN",3.937
"2026-02-11 23:00:00",45703,3.9,15.57,1.08,1,"NAN","NAN","NAN","NAN",3.946
"2026-02-11 23:10:00",45704,8.03,32.24,0.89,0.81,"NAN","NAN","NAN","NAN",3.951
"2026-02-11 23:20:00",45705,8.1,32.51,0.94,0.87,"NAN","NAN","NAN","NAN",3.943
"2026-02-11 23:30:00",45706,"NAN","NAN","NAN","NAN","NAN","NAN","NAN","NAN","NAN"
"2026-02-11 23:40:00",45707,9.82,39.48,0.87,0.8,"NAN","NAN","NAN","NAN",3.93
"2026-02-11 23:50:00",45708,4.01,16,0.65,0.58,"NAN","NAN","NAN","NAN",3.929
"2026-02-12 00:00:00",45709,8.07,32.42,1.16,1.08,"NAN","NAN","NAN","NAN",3.939
"2026-02-12 00:10:00",45710,6.95,27.87,0.85,0.78,"NAN","NAN","NAN","NAN",3.943
"2026-02-12 00:20:00",45711,5.15,20.61,0.59,0.52,"NAN","NAN","NAN","NAN",3.947
"2026-02-12 00:30:00",45712,12.42,49.94,1.2,1.12,"NAN","NAN","NAN","NAN",3.949
"2026-02-12 00:40:00",45713,7.86,31.56,1.02,0.94,"NAN","NAN","NAN","NAN",3.951
"2026-02-12 00:50:00",45714,7.48,30.02,0.97,0.89,"NAN","NAN","NAN","NAN",3.953
"2026-02-12 01:00:00",45715,4.74,18.96,0.71,0.64,"NAN","NAN","NAN","NAN",3.95
"2026-02-12 01:10:00",45716,4.4,17.61,0.81,0.73,"NAN","NAN","NAN","NAN",3.95
"2026-02-12 01:20:00",45717,6.44,25.83,0.77,0.69,"NAN","NAN","NAN","NAN",3.957
"2026-02-12 01:30:00",45718,5.22,20.89,0.9,0.82,"NAN","NAN","NAN","NAN",3.954
"2026-02-12 01:40:00",45719,10.58,42.53,0.85,0.78,"NAN","NAN","NAN","NAN",3.948
"2026-02-12 01:50:00",45720,12.54,50.44,1.04,0.97,"NAN","NAN","NAN","NAN",3.946
"2026-02-12 02:00:00",45721,6.75,27.06,1.1,1.02,"NAN","NAN","NAN","NAN",3.945
"2026-02-12 02:10:00",45722,5.4,21.62,1.02,0.94,"NAN","NAN","NAN","NAN",3.942
"2026-02-12 02:20:00",45723,5.84,23.4,0.94,0.87,"NAN","NAN","NAN","NAN",3.95
"2026-02-12 02:30:00",45724,4.19,16.75,1.06,0.98,"NAN","NAN","NAN","NAN",3.949
"2026-02-12 02:40:00",45725,8.66,34.77,0.98,0.9,"NAN","NAN","NAN","NAN",3.951
"2026-02-12 02:50:00",45726,7.59,30.45,0.81,0.74,"NAN","NAN","NAN","NAN",3.955
"2026-02-12 03:00:00",45727,9.37,37.65,1.15,1.07,"NAN","NAN","NAN","NAN",3.953
"2026-02-12 03:10:00",45728,16.6,66.84,1.35,1.27,"NAN","NAN","NAN","NAN",3.957
"2026-02-12 03:20:00",45729,8.26,33.17,1.04,0.96,"NAN","NAN","NAN","NAN",3.958
"2026-02-12 03:30:00",45730,5.07,20.29,1.04,0.96,"NAN","NAN","NAN","NAN",3.961
"2026-02-12 03:40:00",45731,5.22,20.91,0.66,0.59,"NAN","NAN","NAN","NAN",3.952
"2026-02-12 03:50:00",45732,8.83,35.45,1.01,0.93,"NAN","NAN","NAN","NAN",3.945
"2026-02-12 04:00:00",45733,3.59,14.33,0.58,0.51,"NAN","NAN","NAN","NAN",3.956
"2026-02-12 04:10:00",45734,8.09,32.47,1.01,0.93,"NAN","NAN","NAN","NAN",3.96
"2026-02-12 04:20:00",45735,6.74,27.05,0.93,0.85,"NAN","NAN","NAN","NAN",3.954
"2026-02-12 04:30:00",45736,13.78,55.45,1.12,1.03,"NAN","NAN","NAN","NAN",3.955
"2026-02-12 04:40:00",45737,17.57,70.75,2.13,2.03,"NAN","NAN","NAN","NAN",3.957
"2026-02-12 04:50:00",45738,11.01,44.25,1.18,1.1,"NAN","NAN","NAN","NAN",3.952
"2026-02-12 05:00:00",45739,13.28,53.41,1.86,1.77,"NAN","NAN","NAN","NAN",3.957
"2026-02-12 05:10:00",45740,9.75,39.19,0.98,0.9,"NAN","NAN","NAN","NAN",3.948
"2026-02-12 05:20:00",45741,23.32,93.93,3.02,2.9,"NAN","NAN","NAN","NAN",3.948
"2026-02-12 05:30:00",45742,6.32,25.35,1.02,0.94,"NAN","NAN","NAN","NAN",3.934
"2026-02-12 05:40:00",45743,10.15,40.8,1.4,1.31,"NAN","NAN","NAN","NAN",3.936
"2026-02-12 05:50:00",45744,17.46,70.28,1.05,0.98,"NAN","NAN","NAN","NAN",3.946
"2026-02-12 06:00:00",45745,13.82,55.62,0.99,0.91,"NAN","NAN","NAN","NAN",3.945
"2026-02-12 06:10:00",45746,8.67,34.81,0.92,0.85,"NAN","NAN","NAN","NAN",3.939
"2026-02-12 06:20:00",45747,7.65,30.69,0.95,0.88,"NAN","NAN","NAN","NAN",3.956
"2026-02-12 06:30:00",45748,10.15,40.8,0.93,0.86,"NAN","NAN","NAN","NAN",3.962
"2026-02-12 06:40:00",45749,6.86,27.51,1.42,1.33,"NAN","NAN","NAN","NAN",3.976
"2026-02-12 06:50:00",45750,6.25,25.04,0.95,0.88,"NAN","NAN","NAN","NAN",3.971
"2026-02-12 07:00:00",45751,6.65,26.65,1.04,0.96,"NAN","NAN","NAN","NAN",3.966
"2026-02-12 07:10:00",45752,14.15,56.95,1.83,1.74,"NAN","NAN","NAN","NAN",3.962
"2026-02-12 07:20:00",45753,16.01,64.44,1.52,1.43,"NAN","NAN","NAN","NAN",3.962
"2026-02-12 07:30:00",45754,5.94,23.79,0.66,0.59,"NAN","NAN","NAN","NAN",3.946
"2026-02-12 07:40:00",45755,10.18,40.92,0.95,0.88,"NAN","NAN","NAN","NAN",3.948
"2026-02-12 07:50:00",45756,10.95,44.02,0.76,0.69,"NAN","NAN","NAN","NAN",3.95
"2026-02-12 08:00:00",45757,7.42,29.77,0.8,0.72,"NAN","NAN","NAN","NAN",3.951
"2026-02-12 08:10:00",45758,3.55,14.18,0.77,0.69,"NAN","NAN","NAN","NAN",3.946
"2026-02-12 08:20:00",45759,"NAN","NAN","NAN","NAN","NAN","NAN","NAN","NAN","NAN"
"2026-02-12 08:30:00",45760,6.28,25.19,1.37,1.28,"NAN","NAN","NAN","NAN",3.957
"2026-02-12 08:40:00",45761,7.1,28.5,0.66,0.59,"NAN","NAN","NAN","NAN",3.957
"2026-02-12 08:50:00",45762,7.55,30.3,0.81,0.73,"NAN","NAN","NAN","NAN",3.953
"2026-02-12 09:00:00",45763,6.99,28.03,0.55,0.48,"NAN","NAN","NAN","NAN",3.949
"2026-02-12 09:10:00",45764,5.95,23.85,0.79,0.72,"NAN","NAN","NAN","NAN",3.952
"2026-02-12 09:20:00",45765,7.93,31.86,0.77,0.7,"NAN","NAN","NAN","NAN",3.959
"2026-02-12 09:30:00",45766,16.43,66.15,1.49,1.4,"NAN","NAN","NAN","NAN",3.953
"2026-02-12 09:40:00",45767,12.51,50.3,1.25,1.17,"NAN","NAN","NAN","NAN",3.933
"2026-02-12 09:50:00",45768,13.96,56.16,1.21,1.12,"NAN","NAN","NAN","NAN",3.932
"2026-02-12 10:00:00",45769,12.14,48.81,1.21,1.13,"NAN","NAN","NAN","NAN",3.938
"2026-02-12 10:10:00",45770,8.09,32.48,0.9,0.82,"NAN","NAN","NAN","NAN",3.953
"2026-02-12 10:20:00",45771,11.75,47.24,1.09,1.01,"NAN","NAN","NAN","NAN",3.956
"2026-02-12 10:30:00",45772,7.28,29.22,0.52,0.46,"NAN","NAN","NAN","NAN",3.961
"2026-02-12 10:40:00",45773,3.72,14.85,0.51,0.45,"NAN","NAN","NAN","NAN",3.948
"2026-02-12 10:50:00",45774,1.88,7.42,0.36,0.3,"NAN","NAN","NAN","NAN",3.953
"2026-02-12 11:00:00",45775,3.91,15.62,0.55,0.48,"NAN","NAN","NAN","NAN",3.952
"2026-02-12 11:10:00",45776,1.41,5.52,0.47,0.4,"NAN","NAN","NAN","NAN",3.971
"2026-02-12 11:20:00",45777,4.63,18.53,0.66,0.59,"NAN","NAN","NAN","NAN",3.97
"2026-02-12 11:30:00",45778,4.94,19.76,0.74,0.66,"NAN","NAN","NAN","NAN",3.976
"2026-02-12 11:40:00",45779,4.29,17.16,0.89,0.81,"NAN","NAN","NAN","NAN",3.985
"2026-02-12 11:50:00",45780,4.54,18.16,0.59,0.53,"NAN","NAN","NAN","NAN",3.995
"2026-02-12 12:00:00",45781,3.59,14.31,0.49,0.43,"NAN","NAN","NAN","NAN",4.009
"2026-02-12 12:10:00",45782,3.09,12.31,0.39,0.33,"NAN","NAN","NAN","NAN",4.015
"2026-02-12 12:20:00",45783,3.16,12.61,0.71,0.64,"NAN","NAN","NAN","NAN",4.018
"2026-02-12 12:30:00",45784,5.52,22.13,0.77,0.7,"NAN","NAN","NAN","NAN",4.022
"2026-02-12 12:40:00",45785,4.69,18.76,0.8,0.72,"NAN","NAN","NAN","NAN",4.03
"2026-02-12 12:50:00",45786,3.17,12.61,0.38,0.32,"NAN","NAN","NAN","NAN",4.036
"2026-02-12 13:00:00",45787,4.89,19.57,0.92,0.84,"NAN","NAN","NAN","NAN",4.045
"2026-02-12 13:10:00",45788,1.81,7.14,0.34,0.28,"NAN","NAN","NAN","NAN",4.05
"2026-02-12 13:20:00",45789,3.27,13.05,0.54,0.48,"NAN","NAN","NAN","NAN",4.048
"2026-02-12 13:30:00",45790,1.78,7.02,0.35,0.29,"NAN","NAN","NAN","NAN",4.038
"2026-02-12 13:40:00",45791,2.58,10.24,0.39,0.33,"NAN","NAN","NAN","NAN",4.026
"2026-02-12 13:50:00",45792,1.43,5.61,0.45,0.39,"NAN","NAN","NAN","NAN",4.04
"2026-02-12 14:00:00",45793,2.18,8.63,0.3,0.23,"NAN","NAN","NAN","NAN",4.042
"2026-02-12 14:10:00",45794,2.03,8.03,0.33,0.26,"NAN","NAN","NAN","NAN",4.04
"2026-02-12 14:20:00",45795,4.5,17.99,0.67,0.6,"NAN","NAN","NAN","NAN",4.042
"2026-02-12 14:30:00",45796,1.81,7.14,0.49,0.42,"NAN","NAN","NAN","NAN",4.045
"2026-02-12 14:40:00",45797,3.78,15.08,0.7,0.63,"NAN","NAN","NAN","NAN",4.061
"2026-02-12 14:50:00",45798,10.43,41.91,0.71,0.64,"NAN","NAN","NAN","NAN",4.069
"2026-02-12 15:00:00",45799,12.66,50.93,1.33,1.25,"NAN","NAN","NAN","NAN",4.076
"2026-02-12 15:10:00",45800,6.5,26.08,0.71,0.64,"NAN","NAN","NAN","NAN",4.068
"2026-02-12 15:20:00",45801,11.88,47.79,0.9,0.82,"NAN","NAN","NAN","NAN",4.072
"2026-02-12 15:30:00",45802,6.42,25.74,0.69,0.62,"NAN","NAN","NAN","NAN",4.091
"2026-02-12 15:40:00",45803,12.44,50.05,0.88,0.8,"NAN","NAN","NAN","NAN",4.081
"2026-02-12 15:50:00",45804,8.47,34.03,1.17,1.09,"NAN","NAN","NAN","NAN",4.072
"2026-02-12 16:00:00",45805,11.01,44.27,1.3,1.22,"NAN","NAN","NAN","NAN",4.076
"2026-02-12 16:10:00",45806,8.78,35.27,0.91,0.83,"NAN","NAN","NAN","NAN",4.077
"2026-02-12 16:20:00",45807,7.08,28.4,0.65,0.58,"NAN","NAN","NAN","NAN",4.067
"2026-02-12 16:30:00",45808,10.67,42.9,1.27,1.18,"NAN","NAN","NAN","NAN",4.071
"2026-02-12 16:40:00",45809,4.36,17.43,0.78,0.71,"NAN","NAN","NAN","NAN",4.076
"2026-02-12 16:50:00",45810,6.41,25.7,0.71,0.64,"NAN","NAN","NAN","NAN",4.074
"2026-02-12 17:00:00",45811,8.16,32.76,0.78,0.71,"NAN","NAN","NAN","NAN",4.077
"2026-02-12 17:10:00",45812,"NAN","NAN","NAN","NAN","NAN","NAN","NAN","NAN","NAN"
"2026-02-12 17:20:00",45813,6.37,25.56,1.18,1.1,"NAN","NAN","NAN","NAN",4.072
"2026-02-12 17:30:00",45814,3.67,14.65,0.71,0.64,"NAN","NAN","NAN","NAN",4.059
"2026-02-12 17:40:00",45815,11.28,45.37,1.05,0.97,"NAN","NAN","NAN","NAN",4.079
"2026-02-12 17:50:00",45816,5.81,23.28,0.8,0.72,"NAN","NAN","NAN","NAN",4.081
"2026-02-12 18:00:00",45817,5.44,21.8,0.83,0.76,"NAN","NAN","NAN","NAN",4.076
"2026-02-12 18:10:00",45818,5.9,23.66,0.91,0.83,"NAN","NAN","NAN","NAN",4.101
"2026-02-12 18:20:00",45819,4.17,16.66,0.64,0.57,"NAN","NAN","NAN","NAN",4.096
"2026-02-12 18:30:00",45820,8.45,33.94,0.86,0.78,"NAN","NAN","NAN","NAN",4.095
"2026-02-12 18:40:00",45821,8.76,35.18,0.96,0.88,"NAN","NAN","NAN","NAN",4.093
"2026-02-12 18:50:00",45822,7.06,28.34,0.9,0.83,"NAN","NAN","NAN","NAN",4.093
"2026-02-12 19:00:00",45823,6.32,25.32,0.99,0.91,"NAN","NAN","NAN","NAN",4.096
"2026-02-12 19:10:00",45824,6.3,25.28,1,0.92,"NAN","NAN","NAN","NAN",4.103
"2026-02-12 19:20:00",45825,6.13,24.59,1.11,1.03,"NAN","NAN","NAN","NAN",4.103
"2026-02-12 19:30:00",45826,6.59,26.41,1.17,1.09,"NAN","NAN","NAN","NAN",4.107
"2026-02-12 19:40:00",45827,13.15,52.89,1.29,1.21,"NAN","NAN","NAN","NAN",4.106
"2026-02-12 19:50:00",45828,9.67,38.86,0.87,0.8,"NAN","NAN","NAN","NAN",4.083
"2026-02-12 20:00:00",45829,7.95,31.93,1.2,1.12,"NAN","NAN","NAN","NAN",4.101
"2026-02-12 20:10:00",45830,10.49,42.15,1.61,1.51,"NAN","NAN","NAN","NAN",4.098
"2026-02-12 20:20:00",45831,14.6,58.76,1.99,1.89,"NAN","NAN","NAN","NAN",4.094
"2026-02-12 20:30:00",45832,10.46,42.03,1.75,1.65,"NAN","NAN","NAN","NAN",4.092
"2026-02-12 20:40:00",45833,10.11,40.62,1.07,0.99,"NAN","NAN","NAN","NAN",4.092
"2026-02-12 20:50:00",45834,11.77,47.33,1.62,1.53,"NAN","NAN","NAN","NAN",4.106
"2026-02-12 21:00:00",45835,12.15,48.85,1.3,1.21,"NAN","NAN","NAN","NAN",4.1
"2026-02-12 21:10:00",45836,15.53,62.52,1.38,1.29,"NAN","NAN","NAN","NAN",4.094
"2026-02-12 21:20:00",45837,12.5,50.27,1.32,1.23,"NAN","NAN","NAN","NAN",4.088
"2026-02-12 21:30:00",45838,7.9,31.71,0.98,0.9,"NAN","NAN","NAN","NAN",4.086
"2026-02-12 21:40:00",45839,5.5,22.01,0.81,0.73,"NAN","NAN","NAN","NAN",4.081
"2026-02-12 21:50:00",45840,7.8,31.31,1.15,1.06,"NAN","NAN","NAN","NAN",4.081
"2026-02-12 22:00:00",45841,11.95,48.06,1.62,1.53,"NAN","NAN","NAN","NAN",4.08
"2026-02-12 22:10:00",45842,10.04,40.34,1.25,1.16,"NAN","NAN","NAN","NAN",4.078
"2026-02-12 22:20:00",45843,12.13,48.78,1.99,1.89,"NAN","NAN","NAN","NAN",4.08
"2026-02-12 22:30:00",45844,5.52,22.12,0.64,0.57,"NAN","NAN","NAN","NAN",4.075
"2026-02-12 22:40:00",45845,8.67,34.82,1.26,1.18,"NAN","NAN","NAN","NAN",4.084
"2026-02-12 22:50:00",45846,6.3,25.27,1.09,1.01,"NAN","NAN","NAN","NAN",4.081
"2026-02-12 23:00:00",45847,9.13,36.67,1.26,1.17,"NAN","NAN","NAN","NAN",4.079
"2026-02-12 23:10:00",45848,8.05,32.33,1.13,1.05,"NAN","NAN","NAN","NAN",4.077
"2026-02-12 23:20:00",45849,8.020001,32.22,0.96,0.88,"NAN","NAN","NAN","NAN",4.079
"2026-02-12 23:30:00",45850,10.58,42.55,0.77,0.69,"NAN","NAN","NAN","NAN",4.08
"2026-02-12 23:40:00",45851,14.28,57.45,1.85,1.75,"NAN","NAN","NAN","NAN",4.079
"2026-02-12 23:50:00",45852,5.29,21.19,1.01,0.93,"NAN","NAN","NAN","NAN",4.077
"2026-02-13 00:00:00",45853,8.51,34.17,1.12,1.03,"NAN","NAN","NAN","NAN",4.076
"2026-02-13 00:10:00",45854,6.59,26.43,1,0.92,"NAN","NAN","NAN","NAN",4.073
"2026-02-13 00:20:00",45855,6.06,24.3,0.97,0.9,"NAN","NAN","NAN","NAN",4.079
"2026-02-13 00:30:00",45856,5.41,21.68,0.95,0.87,"NAN","NAN","NAN","NAN",4.077
"2026-02-13 00:40:00",45857,6.02,24.13,0.7,0.63,"NAN","NAN","NAN","NAN",4.077
"2026-02-13 00:50:00",45858,2.84,11.29,0.56,0.49,"NAN","NAN","NAN","NAN",4.077
"2026-02-13 01:00:00",45859,5.96,23.88,0.82,0.75,"NAN","NAN","NAN","NAN",4.074
"2026-02-13 01:10:00",45860,6.45,25.88,1.57,1.48,"NAN","NAN","NAN","NAN",4.076
"2026-02-13 01:20:00",45861,6.23,24.96,0.95,0.87,"NAN","NAN","NAN","NAN",4.082
"2026-02-13 01:30:00",45862,6.58,26.4,0.77,0.7,"NAN","NAN","NAN","NAN",4.081
"2026-02-13 01:40:00",45863,5.72,22.94,0.79,0.72,"NAN","NAN","NAN","NAN",4.08
"2026-02-13 01:50:00",45864,4.24,16.94,0.93,0.86,"NAN","NAN","NAN","NAN",4.081
"2026-02-13 02:00:00",45865,"NAN","NAN","NAN","NAN","NAN","NAN","NAN","NAN","NAN"
"2026-02-13 02:10:00",45866,8.020001,32.18,1.02,0.94,"NAN","NAN","NAN","NAN",4.085
"2026-02-13 02:20:00",45867,5.46,21.87,1.13,1.05,"NAN","NAN","NAN","NAN",4.087
"2026-02-13 02:30:00",45868,6.49,26.04,0.89,0.82,"NAN","NAN","NAN","NAN",4.087
"2026-02-13 02:40:00",45869,6.27,25.14,1.06,0.98,"NAN","NAN","NAN","NAN",4.087
"2026-02-13 02:50:00",45870,7.86,31.54,1.31,1.23,"NAN","NAN","NAN","NAN",4.086
"2026-02-13 03:00:00",45871,4.6,18.41,0.85,0.78,"NAN","NAN","NAN","NAN",4.094
"2026-02-13 03:10:00",45872,6.12,24.52,0.81,0.73,"NAN","NAN","NAN","NAN",4.096
"2026-02-13 03:20:00",45873,7.98,32.02,1.62,1.53,"NAN","NAN","NAN","NAN",4.093
"2026-02-13 03:30:00",45874,19.36,77.96,1.82,1.72,"NAN","NAN","NAN","NAN",4.093
"2026-02-13 03:40:00",45875,12.52,50.36,1.01,0.93,"NAN","NAN","NAN","NAN",4.094
"2026-02-13 03:50:00",45876,6.91,27.74,1.38,1.29,"NAN","NAN","NAN","NAN",4.096
"2026-02-13 04:00:00",45877,12.11,48.72,1.75,1.66,"NAN","NAN","NAN","NAN",4.095
"2026-02-13 04:10:00",45878,8.520001,34.21,0.97,0.89,"NAN","NAN","NAN","NAN",4.096
"2026-02-13 04:20:00",45879,3.57,14.25,0.77,0.7,"NAN","NAN","NAN","NAN",4.095
"2026-02-13 04:30:00",45880,11.78,47.39,1.74,1.64,"NAN","NAN","NAN","NAN",4.093
"2026-02-13 04:40:00",45881,8,32.12,1.06,0.98,"NAN","NAN","NAN","NAN",4.085
"2026-02-13 04:50:00",45882,4.36,17.42,0.98,0.9,"NAN","NAN","NAN","NAN",4.096
"2026-02-13 05:00:00",45883,7.39,29.68,1.33,1.25,"NAN","NAN","NAN","NAN",4.093
"2026-02-13 05:10:00",45884,11.79,47.42,1.43,1.34,"NAN","NAN","NAN","NAN",4.091
"2026-02-13 05:20:00",45885,7.43,29.83,1.06,0.98,"NAN","NAN","NAN","NAN",4.09
"2026-02-13 05:30:00",45886,10.88,43.72,1.65,1.56,"NAN","NAN","NAN","NAN",4.091
"2026-02-13 05:40:00",45887,9.97,40.06,1.46,1.37,"NAN","NAN","NAN","NAN",4.095
"2026-02-13 05:50:00",45888,9.29,37.31,1.12,1.03,"NAN","NAN","NAN","NAN",4.092
"2026-02-13 06:00:00",45889,6.95,27.87,1.11,1.03,"NAN","NAN","NAN","NAN",4.094
"2026-02-13 06:10:00",45890,6.9,27.68,0.92,0.85,"NAN","NAN","NAN","NAN",4.09
"2026-02-13 06:20:00",45891,7.48,30.02,1.06,0.99,"NAN","NAN","NAN","NAN",4.086
"2026-02-13 06:30:00",45892,6.51,26.13,0.94,0.87,"NAN","NAN","NAN","NAN",4.099
"2026-02-13 06:40:00",45893,15.97,64.27,1.55,1.46,"NAN","NAN","NAN","NAN",4.102
"2026-02-13 06:50:00",45894,13.61,54.76,1.55,1.46,"NAN","NAN","NAN","NAN",4.102
"2026-02-13 07:00:00",45895,11.06,44.46,1.16,1.08,"NAN","NAN","NAN","NAN",4.1
"2026-02-13 07:10:00",45896,7.21,28.93,1.16,1.08,"NAN","NAN","NAN","NAN",4.094
"2026-02-13 07:20:00",45897,6.5,26.05,0.7,0.63,"NAN","NAN","NAN","NAN",4.096
"2026-02-13 07:30:00",45898,5,20.02,0.79,0.72,"NAN","NAN","NAN","NAN",4.093
"2026-02-13 07:40:00",45899,11.85,47.67,1.8,1.7,"NAN","NAN","NAN","NAN",4.107
"2026-02-13 07:50:00",45900,7.54,30.25,1.23,1.14,"NAN","NAN","NAN","NAN",4.105
"2026-02-13 08:00:00",45901,14.75,59.35,1.4,1.31,"NAN","NAN","NAN","NAN",4.106
"2026-02-13 08:10:00",45902,8.729999,35.08,1.23,1.15,"NAN","NAN","NAN","NAN",4.106
"2026-02-13 08:20:00",45903,11.39,45.79,1.18,1.1,"NAN","NAN","NAN","NAN",4.1
"2026-02-13 08:30:00",45904,7.48,30,0.93,0.85,"NAN","NAN","NAN","NAN",4.096
"2026-02-13 08:40:00",45905,6.62,26.56,1.09,1.01,"NAN","NAN","NAN","NAN",4.098
"2026-02-13 08:50:00",45906,11.2,45.03,0.92,0.84,"NAN","NAN","NAN","NAN",4.096
"2026-02-13 09:00:00",45907,6.4,25.66,0.61,0.54,"NAN","NAN","NAN","NAN",4.093
"2026-02-13 09:10:00",45908,9.47,38.04,1.12,1.04,"NAN","NAN","NAN","NAN",4.093
"2026-02-13 09:20:00",45909,7.13,28.62,1.01,0.94,"NAN","NAN","NAN","NAN",4.099
"2026-02-13 09:30:00",45910,6.66,26.69,1.18,1.1,"NAN","NAN","NAN","NAN",4.094
"2026-02-13 09:40:00",45911,15.76,63.44,1.96,1.86,"NAN","NAN","NAN","NAN",4.105
"2026-02-13 09:50:00",45912,4.09,16.35,0.71,0.64,"NAN","NAN","NAN","NAN",4.112
"2026-02-13 10:00:00",45913,3.68,14.67,0.38,0.31,"NAN","NAN","NAN","NAN",4.112
"2026-02-13 10:10:00",45914,1.45,5.68,0.3,0.24,"NAN","NAN","NAN","NAN",4.121
"2026-02-13 10:20:00",45915,0.85,3.28,0.24,0.18,"NAN","NAN","NAN","NAN",4.12
"2026-02-13 10:30:00",45916,0.49,1.8,0.18,0.12,"NAN","NAN","NAN","NAN",4.119
"2026-02-13 10:40:00",45917,0.57,2.13,0.21,0.15,"NAN","NAN","NAN","NAN",4.118
"2026-02-13 10:50:00",45918,"NAN","NAN","NAN","NAN","NAN","NAN","NAN","NAN","NAN"
"2026-02-13 11:00:00",45919,2.6,10.34,0.41,0.35,"NAN","NAN","NAN","NAN",4.121
"2026-02-13 11:10:00",45920,1.38,5.4,0.25,0.19,"NAN","NAN","NAN","NAN",4.125
"2026-02-13 11:20:00",45921,1.24,4.84,0.27,0.21,"NAN","NAN","NAN","NAN",4.129
"2026-02-13 11:30:00",45922,0.58,2.19,0.22,0.16,"NAN","NAN","NAN","NAN",4.133
"2026-02-13 11:40:00",45923,0.45,1.66,0.17,0.11,"NAN","NAN","NAN","NAN",4.138
"2026-02-13 11:50:00",45924,1.29,5.06,0.27,0.21,"NAN","NAN","NAN","NAN",4.144
"2026-02-13 12:00:00",45925,1.41,5.53,0.31,0.25,"NAN","NAN","NAN","NAN",4.151
"2026-02-13 12:10:00",45926,0.73,2.77,0.32,0.26,"NAN","NAN","NAN","NAN",4.156
"2026-02-13 12:20:00",45927,2.49,9.89,0.33,0.27,"NAN","NAN","NAN","NAN",4.163
"2026-02-13 12:30:00",45928,0.66,2.52,0.22,0.16,"NAN","NAN","NAN","NAN",4.168
"2026-02-13 12:40:00",45929,2.01,7.96,0.39,0.33,"NAN","NAN","NAN","NAN",4.176
"2026-02-13 12:50:00",45930,0.8,3.08,0.22,0.16,"NAN","NAN","NAN","NAN",4.189
"2026-02-13 13:00:00",45931,1.02,3.97,0.23,0.17,"NAN","NAN","NAN","NAN",4.195
"2026-02-13 13:10:00",45932,1.02,3.97,0.24,0.18,"NAN","NAN","NAN","NAN",4.199
"2026-02-13 13:20:00",45933,0.65,2.46,0.29,0.23,"NAN","NAN","NAN","NAN",4.206
"2026-02-13 13:30:00",45934,2.26,8.96,0.35,0.29,"NAN","NAN","NAN","NAN",4.189
"2026-02-13 13:40:00",45935,2.21,8.76,0.53,0.46,"NAN","NAN","NAN","NAN",4.212
"2026-02-13 13:50:00",45936,1.9,7.49,0.33,0.27,"NAN","NAN","NAN","NAN",4.216
"2026-02-13 14:00:00",45937,1.27,4.97,0.3,0.24,"NAN","NAN","NAN","NAN",4.217
"2026-02-13 14:10:00",45938,1.81,7.13,0.39,0.33,"NAN","NAN","NAN","NAN",4.213
"2026-02-13 14:20:00",45939,2.54,10.08,0.71,0.64,"NAN","NAN","NAN","NAN",4.21
"2026-02-13 14:30:00",45940,3.57,14.26,0.58,0.51,"NAN","NAN","NAN","NAN",4.205
"2026-02-13 14:40:00",45941,3.19,12.69,0.4,0.34,"NAN","NAN","NAN","NAN",4.207
"2026-02-13 14:50:00",45942,1.06,4.13,0.27,0.21,"NAN","NAN","NAN","NAN",4.205
"2026-02-13 15:00:00",45943,1.2,4.68,0.24,0.18,"NAN","NAN","NAN","NAN",4.204
"2026-02-13 15:10:00",45944,1.45,5.69,0.23,0.17,"NAN","NAN","NAN","NAN",4.201
"2026-02-13 15:20:00",45945,10.69,42.97,1.06,0.98,"NAN","NAN","NAN","NAN",4.194
"2026-02-13 15:30:00",45946,1.16,4.5,0.24,0.18,"NAN","NAN","NAN","NAN",4.191
"2026-02-13 15:40:00",45947,1.44,5.66,0.28,0.22,"NAN","NAN","NAN","NAN",4.185
"2026-02-13 15:50:00",45948,6.05,24.25,0.99,0.91,"NAN","NAN","NAN","NAN",4.178
"2026-02-13 16:00:00",45949,7.1,28.47,0.89,0.81,"NAN","NAN","NAN","NAN",4.173
"2026-02-13 16:10:00",45950,5.8,23.25,0.66,0.59,"NAN","NAN","NAN","NAN",4.159
"2026-02-13 16:20:00",45951,5.92,23.71,0.66,0.59,"NAN","NAN","NAN","NAN",4.166
"2026-02-13 16:30:00",45952,6.06,24.28,0.95,0.87,"NAN","NAN","NAN","NAN",4.164
"2026-02-13 16:40:00",45953,10.71,43.06,1.45,1.36,"NAN","NAN","NAN","NAN",4.16
"2026-02-13 16:50:00",45954,5.86,23.49,1.01,0.93,"NAN","NAN","NAN","NAN",4.156
"2026-02-13 17:00:00",45955,6.64,26.65,1.14,1.06,"NAN","NAN","NAN","NAN",4.154
"2026-02-13 17:10:00",45956,3.82,15.25,0.63,0.56,"NAN","NAN","NAN","NAN",4.153
"2026-02-13 17:20:00",45957,3.86,15.43,0.58,0.52,"NAN","NAN","NAN","NAN",4.159
"2026-02-13 17:30:00",45958,6.57,26.35,0.81,0.74,"NAN","NAN","NAN","NAN",4.158
"2026-02-13 17:40:00",45959,5.38,21.54,0.73,0.66,"NAN","NAN","NAN","NAN",4.151
"2026-02-13 17:50:00",45960,12,48.28,1.11,1.03,"NAN","NAN","NAN","NAN",4.152
"2026-02-13 18:00:00",45961,6.25,25.07,1.07,0.99,"NAN","NAN","NAN","NAN",4.157
"2026-02-13 18:10:00",45962,13.16,52.93,2.08,1.97,"NAN","NAN","NAN","NAN",4.157
"2026-02-13 18:20:00",45963,5.49,21.99,0.88,0.8,"NAN","NAN","NAN","NAN",4.183
"2026-02-13 18:30:00",45964,15.31,61.62,1.78,1.69,"NAN","NAN","NAN","NAN",4.167
"2026-02-13 18:40:00",45965,6.82,27.34,0.83,0.76,"NAN","NAN","NAN","NAN",4.164
"2026-02-13 18:50:00",45966,8.11,32.54,1.31,1.22,"NAN","NAN","NAN","NAN",4.157
"2026-02-13 19:00:00",45967,12.94,52.06,1.66,1.57,"NAN","NAN","NAN","NAN",4.157
"2026-02-13 19:10:00",45968,10.77,43.28,2.12,2.02,"NAN","NAN","NAN","NAN",4.159
"2026-02-13 19:20:00",45969,16.83,67.75,1.93,1.83,"NAN","NAN","NAN","NAN",4.162
"2026-02-13 19:30:00",45970,20.88,84.09,1.35,1.26,"NAN","NAN","NAN","NAN",4.166
"2026-02-13 19:40:00",45971,"NAN","NAN","NAN","NAN","NAN","NAN","NAN","NAN","NAN"
"2026-02-13 19:50:00",45972,7.26,29.13,1.19,1.11,"NAN","NAN","NAN","NAN",4.192
"2026-02-13 20:00:00",45973,18.08,72.8,2.33,2.22,"NAN","NAN","NAN","NAN",4.187
"2026-02-13 20:10:00",45974,11.12,44.71,1.65,1.56,"NAN","NAN","NAN","NAN",4.184
"2026-02-13 20:20:00",45975,10.34,41.56,1.88,1.78,"NAN","NAN","NAN","NAN",4.186
"2026-02-13 20:30:00",45976,33.76,136.08,3.53,3.4,"NAN","NAN","NAN","NAN",4.188
"2026-02-13 20:40:00",45977,7.57,30.37,1.1,1.02,"NAN","NAN","NAN","NAN",4.196
"2026-02-13 20:50:00",45978,13.64,54.86,1.58,1.49,"NAN","NAN","NAN","NAN",4.196
"2026-02-13 21:00:00",45979,20.3,81.74,2.17,2.07,"NAN","NAN","NAN","NAN",4.195
"2026-02-13 21:10:00",45980,17.96,72.33,2.76,2.64,"NAN","NAN","NAN","NAN",4.197
"2026-02-13 21:20:00",45981,13.11,52.75,2.14,2.03,"NAN","NAN","NAN","NAN",4.194
"2026-02-13 21:30:00",45982,13.18,53.02,1.35,1.27,"NAN","NAN","NAN","NAN",4.195
"2026-02-13 21:40:00",45983,15.43,62.1,1.71,1.62,"NAN","NAN","NAN","NAN",4.195
"2026-02-13 21:50:00",45984,19.88,80.07,1.71,1.62,"NAN","NAN","NAN","NAN",4.192
"2026-02-13 22:00:00",45985,16.42,66.11,1.4,1.31,"NAN","NAN","NAN","NAN",4.188
"2026-02-13 22:10:00",45986,15.61,62.83,2.05,1.95,"NAN","NAN","NAN","NAN",4.181
"2026-02-13 22:20:00",45987,12.49,50.22,1.14,1.06,"NAN","NAN","NAN","NAN",4.167
"2026-02-13 22:30:00",45988,20.1,80.95,2.16,2.05,"NAN","NAN","NAN","NAN",4.181
"2026-02-13 22:40:00",45989,10.01,40.25,1.6,1.51,"NAN","NAN","NAN","NAN",4.181
"2026-02-13 22:50:00",45990,13.28,53.44,1.37,1.29,"NAN","NAN","NAN","NAN",4.183
"2026-02-13 23:00:00",45991,9.479999,38.11,1.38,1.29,"NAN","NAN","NAN","NAN",4.183
"2026-02-13 23:10:00",45992,9.95,40,1.46,1.37,"NAN","NAN","NAN","NAN",4.183
"2026-02-13 23:20:00",45993,13.5,54.31,1.45,1.36,"NAN","NAN","NAN","NAN",4.188
"2026-02-13 23:30:00",45994,16.57,66.7,2.45,2.34,"NAN","NAN","NAN","NAN",4.179
"2026-02-13 23:40:00",45995,20.54,82.72,2.7,2.58,"NAN","NAN","NAN","NAN",4.177
"2026-02-13 23:50:00",45996,34.22,137.93,5.08,4.9,"NAN","NAN","NAN","NAN",4.176
"2026-02-14 00:00:00",45997,25.54,102.88,1.75,1.66,"NAN","NAN","NAN","NAN",4.175
"2026-02-14 00:10:00",45998,9.7,38.97,1.51,1.42,"NAN","NAN","NAN","NAN",4.175
"2026-02-14 00:20:00",45999,10.7,43.03,1.49,1.4,"NAN","NAN","NAN","NAN",4.179
"2026-02-14 00:30:00",46000,6.41,25.72,1.39,1.3,"NAN","NAN","NAN","NAN",4.177
"2026-02-14 00:40:00",46001,4.49,17.94,0.58,0.51,"NAN","NAN","NAN","NAN",4.177
"2026-02-14 00:50:00",46002,10.45,42,1.69,1.59,"NAN","NAN","NAN","NAN",4.177
"2026-02-14 01:00:00",46003,7.98,32.05,1.16,1.08,"NAN","NAN","NAN","NAN",4.175
"2026-02-14 01:10:00",46004,14.51,58.38,1.5,1.41,"NAN","NAN","NAN","NAN",4.183
"2026-02-14 01:20:00",46005,7.35,29.51,1.16,1.07,"NAN","NAN","NAN","NAN",4.183
"2026-02-14 01:30:00",46006,9.37,37.66,0.94,0.86,"NAN","NAN","NAN","NAN",4.182
"2026-02-14 01:40:00",46007,8.35,33.54,1.36,1.28,"NAN","NAN","NAN","NAN",4.181
"2026-02-14 01:50:00",46008,12.56,50.53,1.55,1.46,"NAN","NAN","NAN","NAN",4.175
"2026-02-14 02:00:00",46009,15.52,62.45,1.64,1.55,"NAN","NAN","NAN","NAN",4.178
"2026-02-14 02:10:00",46010,16.33,65.72,2.32,2.21,"NAN","NAN","NAN","NAN",4.173
"2026-02-14 02:20:00",46011,17.34,69.8,1.92,1.82,"NAN","NAN","NAN","NAN",4.174
"2026-02-14 02:30:00",46012,15.36,61.81,2.31,2.2,"NAN","NAN","NAN","NAN",4.169
"2026-02-14 02:40:00",46013,16.77,67.52,2.57,2.45,"NAN","NAN","NAN","NAN",4.165
"2026-02-14 02:50:00",46014,13.95,56.13,1.89,1.79,"NAN","NAN","NAN","NAN",4.171
"2026-02-14 03:00:00",46015,14.24,57.3,1.97,1.87,"NAN","NAN","NAN","NAN",4.166
"2026-02-14 03:10:00",46016,26.84,108.15,3.78,3.64,"NAN","NAN","NAN","NAN",4.16
"2026-02-14 03:20:00",46017,13.78,55.44,2.24,2.13,"NAN","NAN","NAN","NAN",4.161
"2026-02-14 03:30:00",46018,15.77,63.49,1.78,1.69,"NAN","NAN","NAN","NAN",4.158
"2026-02-14 03:40:00",46019,8.42,33.82,1.22,1.14,"NAN","NAN","NAN","NAN",4.159
"2026-02-14 03:50:00",46020,15.21,61.2,1.75,1.66,"NAN","NAN","NAN","NAN",4.159
"2026-02-14 04:00:00",46021,9.270001,37.25,1.3,1.22,"NAN","NAN","NAN","NAN",4.16
"2026-02-14 04:10:00",46022,32.04,129.12,5.1,4.93,"NAN","NAN","NAN","NAN",4.158
"2026-02-14 04:20:00",46023,27.99,112.8,3.15,3.03,"NAN","NAN","NAN","NAN",4.156
"2026-02-14 04:30:00",46024,"NAN","NAN","NAN","NAN","NAN","NAN","NAN","NAN","NAN"
"2026-02-14 04:40:00",46025,12.65,50.89,1.74,1.64,"NAN","NAN","NAN","NAN",4.155
"2026-02-14 04:50:00",46026,9.33,37.48,1.3,1.21,"NAN","NAN","NAN","NAN",4.155
"2026-02-14 05:00:00",46027,28.73,115.77,2.79,2.67,"NAN","NAN","NAN","NAN",4.156
"2026-02-14 05:10:00",46028,18.93,76.23,1.66,1.56,"NAN","NAN","NAN","NAN",4.152
"2026-02-14 05:20:00",46029,15.06,60.59,1.73,1.63,"NAN","NAN","NAN","NAN",4.154
"2026-02-14 05:30:00",46030,11.69,47.02,1.46,1.37,"NAN","NAN","NAN","NAN",4.158
"2026-02-14 05:40:00",46031,27.32,110.07,2.19,2.09,"NAN","NAN","NAN","NAN",4.157
"2026-02-14 05:50:00",46032,19.29,77.68,1.65,1.56,"NAN","NAN","NAN","NAN",4.155
"2026-02-14 06:00:00",46033,12.09,48.64,1.32,1.23,"NAN","NAN","NAN","NAN",4.151
"2026-02-14 06:10:00",46034,24.23,97.62,1.35,1.27,"NAN","NAN","NAN","NAN",4.15
"2026-02-14 06:20:00",46035,6.5,26.05,1.01,0.93,"NAN","NAN","NAN","NAN",4.155
"2026-02-14 06:30:00",46036,16.46,66.25,1.7,1.61,"NAN","NAN","NAN","NAN",4.151
"2026-02-14 06:40:00",46037,13.1,52.71,1.27,1.19,"NAN","NAN","NAN","NAN",4.144
"2026-02-14 06:50:00",46038,11.64,46.8,1.17,1.09,"NAN","NAN","NAN","NAN",4.146
"2026-02-14 07:00:00",46039,16.33,65.72,1.67,1.58,"NAN","NAN","NAN","NAN",4.146
"2026-02-14 07:10:00",46040,4.25,17,0.71,0.64,"NAN","NAN","NAN","NAN",4.147
"2026-02-14 07:20:00",46041,8.28,33.25,1.06,0.98,"NAN","NAN","NAN","NAN",4.165
"2026-02-14 07:30:00",46042,7.08,28.41,1.01,0.93,"NAN","NAN","NAN","NAN",4.142
"2026-02-14 07:40:00",46043,8.479999,34.08,1.13,1.05,"NAN","NAN","NAN","NAN",4.136
"2026-02-14 07:50:00",46044,11.61,46.7,0.99,0.92,"NAN","NAN","NAN","NAN",4.13
"2026-02-14 08:00:00",46045,9.020001,36.25,1.32,1.23,"NAN","NAN","NAN","NAN",4.132
"2026-02-14 08:10:00",46046,4.72,18.9,0.76,0.69,"NAN","NAN","NAN","NAN",4.147
"2026-02-14 08:20:00",46047,10.63,42.73,1.11,1.03,"NAN","NAN","NAN","NAN",4.152
"2026-02-14 08:30:00",46048,4.57,18.28,0.63,0.56,"NAN","NAN","NAN","NAN",4.157
"2026-02-14 08:40:00",46049,2.58,10.24,0.52,0.45,"NAN","NAN","NAN","NAN",4.158
"2026-02-14 08:50:00",46050,2.52,10,0.32,0.26,"NAN","NAN","NAN","NAN",4.158
"2026-02-14 09:00:00",46051,3.22,12.84,0.36,0.3,"NAN","NAN","NAN","NAN",4.159
"2026-02-14 09:10:00",46052,1.55,6.1,0.41,0.35,"NAN","NAN","NAN","NAN",4.164
"2026-02-14 09:20:00",46053,3.07,12.23,0.54,0.47,"NAN","NAN","NAN","NAN",4.165
"2026-02-14 09:30:00",46054,3.34,13.32,0.45,0.39,"NAN","NAN","NAN","NAN",4.162
"2026-02-14 09:40:00",46055,2.06,8.13,0.3,0.24,"NAN","NAN","NAN","NAN",4.163
"2026-02-14 09:50:00",46056,1.87,7.38,0.46,0.4,"NAN","NAN","NAN","NAN",4.156
"2026-02-14 10:00:00",46057,1.74,6.84,0.33,0.27,"NAN","NAN","NAN","NAN",4.169
"2026-02-14 10:10:00",46058,2.83,11.28,0.36,0.3,"NAN","NAN","NAN","NAN",4.167
"2026-02-14 10:20:00",46059,1.15,4.49,0.23,0.17,"NAN","NAN","NAN","NAN",4.166
"2026-02-14 10:30:00",46060,1.02,3.97,0.2,0.14,"NAN","NAN","NAN","NAN",4.164
"2026-02-14 10:40:00",46061,1.52,5.98,0.22,0.16,"NAN","NAN","NAN","NAN",4.159
"2026-02-14 10:50:00",46062,1.6,6.29,0.28,0.22,"NAN","NAN","NAN","NAN",4.174
"2026-02-14 11:00:00",46063,1.48,5.82,0.32,0.26,"NAN","NAN","NAN","NAN",4.17
"2026-02-14 11:10:00",46064,6.07,24.35,0.73,0.66,"NAN","NAN","NAN","NAN",4.17
"2026-02-14 11:20:00",46065,1.38,5.41,0.37,0.3,"NAN","NAN","NAN","NAN",4.172
"2026-02-14 11:30:00",46066,1.17,4.57,0.28,0.22,"NAN","NAN","NAN","NAN",4.176
"2026-02-14 11:40:00",46067,12.88,51.8,0.69,0.62,"NAN","NAN","NAN","NAN",4.167
"2026-02-14 11:50:00",46068,6.99,28.06,0.76,0.68,"NAN","NAN","NAN","NAN",4.18
"2026-02-14 12:00:00",46069,1.19,4.64,0.27,0.21,"NAN","NAN","NAN","NAN",4.188
"2026-02-14 12:10:00",46070,3.33,13.29,0.44,0.37,"NAN","NAN","NAN","NAN",4.196
"2026-02-14 12:20:00",46071,0.99,3.84,0.17,0.11,"NAN","NAN","NAN","NAN",4.207
"2026-02-14 12:30:00",46072,4.93,19.75,0.44,0.38,"NAN","NAN","NAN","NAN",4.22
"2026-02-14 12:40:00",46073,0.99,3.83,0.25,0.19,"NAN","NAN","NAN","NAN",4.235
"2026-02-14 12:50:00",46074,1.74,6.87,0.43,0.36,"NAN","NAN","NAN","NAN",4.235
"2026-02-14 13:00:00",46075,6.06,24.28,0.79,0.72,"NAN","NAN","NAN","NAN",4.235
"2026-02-14 13:10:00",46076,4.2,16.79,0.63,0.56,"NAN","NAN","NAN","NAN",4.238
"2026-02-14 13:20:00",46077,"NAN","NAN","NAN","NAN","NAN","NAN","NAN","NAN","NAN"
"2026-02-14 13:30:00",46078,2.39,9.5,0.47,0.41,"NAN","NAN","NAN","NAN",4.241
"2026-02-14 13:40:00",46079,2.09,8.270001,0.29,0.23,"NAN","NAN","NAN","NAN",4.245
"2026-02-14 13:50:00",46080,3.91,15.6,0.51,0.45,"NAN","NAN","NAN","NAN",4.247
"2026-02-14 14:00:00",46081,0.75,2.87,0.19,0.14,"NAN","NAN","NAN","NAN",4.25
"2026-02-14 14:10:00",46082,2.96,11.78,0.48,0.42,"NAN","NAN","NAN","NAN",4.254
"2026-02-14 14:20:00",46083,3.62,14.43,0.65,0.58,"NAN","NAN","NAN","NAN",4.27
"2026-02-14 14:30:00",46084,2.15,8.520001,0.42,0.35,"NAN","NAN","NAN","NAN",4.267
"2026-02-14 14:40:00",46085,4.37,17.49,0.42,0.36,"NAN","NAN","NAN","NAN",4.262
"2026-02-14 14:50:00",46086,6.85,27.49,1.04,0.96,"NAN","NAN","NAN","NAN",4.26
"2026-02-14 15:00:00",46087,3.12,12.44,0.55,0.48,"NAN","NAN","NAN","NAN",4.26
"2026-02-14 15:10:00",46088,1.45,5.68,0.31,0.25,"NAN","NAN","NAN","NAN",4.258
"2026-02-14 15:20:00",46089,2.22,8.79,0.39,0.33,"NAN","NAN","NAN","NAN",4.265
"2026-02-14 15:30:00",46090,6.03,24.16,1.08,1,"NAN","NAN","NAN","NAN",4.272
"2026-02-14 15:40:00",46091,2.53,10.03,0.49,0.43,"NAN","NAN","NAN","NAN",4.273
"2026-02-14 15:50:00",46092,7.48,30.04,1.3,1.22,"NAN","NAN","NAN","NAN",4.285
"2026-02-14 16:00:00",46093,8.1,32.54,1.18,1.1,"NAN","NAN","NAN","NAN",4.311
"2026-02-14 16:10:00",46094,9.04,36.32,1.59,1.5,"NAN","NAN","NAN","NAN",4.322
"2026-02-14 16:20:00",46095,9.16,36.8,1.06,0.99,"NAN","NAN","NAN","NAN",4.326
"2026-02-14 16:30:00",46096,4.5,18,0.67,0.6,"NAN","NAN","NAN","NAN",4.322
"2026-02-14 16:40:00",46097,4.37,17.47,0.44,0.38,"NAN","NAN","NAN","NAN",4.312
"2026-02-14 16:50:00",46098,5.95,23.84,0.83,0.76,"NAN","NAN","NAN","NAN",4.312
"2026-02-14 17:00:00",46099,5.73,22.94,0.81,0.74,"NAN","NAN","NAN","NAN",4.311
"2026-02-14 17:10:00",46100,2.75,10.95,0.55,0.48,"NAN","NAN","NAN","NAN",4.315
"2026-02-14 17:20:00",46101,1.41,5.52,0.27,0.21,"NAN","NAN","NAN","NAN",4.305
"2026-02-14 17:30:00",46102,4.27,17.06,0.55,0.48,"NAN","NAN","NAN","NAN",4.303
"2026-02-14 17:40:00",46103,3.16,12.61,0.5,0.44,"NAN","NAN","NAN","NAN",4.295
"2026-02-14 17:50:00",46104,7.24,29.04,0.52,0.46,"NAN","NAN","NAN","NAN",4.271
"2026-02-14 18:00:00",46105,7.9,31.71,1.1,1.02,"NAN","NAN","NAN","NAN",4.277
"2026-02-14 18:10:00",46106,11.72,47.13,1.69,1.6,"NAN","NAN","NAN","NAN",4.296
"2026-02-14 18:20:00",46107,4.66,18.65,0.97,0.89,"NAN","NAN","NAN","NAN",4.285
"2026-02-14 18:30:00",46108,12.76,51.33,1.2,1.12,"NAN","NAN","NAN","NAN",4.257
"2026-02-14 18:40:00",46109,9.1,36.54,1.42,1.33,"NAN","NAN","NAN","NAN",4.244
"2026-02-14 18:50:00",46110,21.39,86.13,2.24,2.13,"NAN","NAN","NAN","NAN",4.252
"2026-02-14 19:00:00",46111,8.59,34.49,1.7,1.6,"NAN","NAN","NAN","NAN",4.252
"2026-02-14 19:10:00",46112,11.73,47.17,1.6,1.51,"NAN","NAN","NAN","NAN",4.254
"2026-02-14 19:20:00",46113,9.65,38.77,1.21,1.13,"NAN","NAN","NAN","NAN",4.258
"2026-02-14 19:30:00",46114,19.51,78.57,2.46,2.35,"NAN","NAN","NAN","NAN",4.261
"2026-02-14 19:40:00",46115,5.89,23.61,0.79,0.71,"NAN","NAN","NAN","NAN",4.283
"2026-02-14 19:50:00",46116,18.49,74.44,1.91,1.81,"NAN","NAN","NAN","NAN",4.285
"2026-02-14 20:00:00",46117,12.1,48.68,1.44,1.35,"NAN","NAN","NAN","NAN",4.289
"2026-02-14 20:10:00",46118,27.45,110.61,3.3,3.17,"NAN","NAN","NAN","NAN",4.285
"2026-02-14 20:20:00",46119,16.22,65.28,2.08,1.98,"NAN","NAN","NAN","NAN",4.263
"2026-02-14 20:30:00",46120,13.28,53.44,2,1.9,"NAN","NAN","NAN","NAN",4.257
"2026-02-14 20:40:00",46121,19.96,80.4,1.76,1.67,"NAN","NAN","NAN","NAN",4.248
"2026-02-14 20:50:00",46122,21.05,84.77,1.82,1.72,"NAN","NAN","NAN","NAN",4.25
"2026-02-14 21:00:00",46123,12.99,52.24,1.5,1.41,"NAN","NAN","NAN","NAN",4.254
"2026-02-14 21:10:00",46124,23.5,94.66,4.03,3.88,"NAN","NAN","NAN","NAN",4.258
"2026-02-14 21:20:00",46125,7.99,32.07,1.04,0.96,"NAN","NAN","NAN","NAN",4.256
"2026-02-14 21:30:00",46126,8.01,32.17,1.05,0.97,"NAN","NAN","NAN","NAN",4.261
"2026-02-14 21:40:00",46127,22.48,90.53,2.62,2.51,"NAN","NAN","NAN","NAN",4.249
"2026-02-14 21:50:00",46128,13.19,53.07,1.96,1.86,"NAN","NAN","NAN","NAN",4.246
"2026-02-14 22:00:00",46129,7.02,28.16,1.1,1.02,"NAN","NAN","NAN","NAN",4.247
"2026-02-14 22:10:00",46130,"NAN","NAN","NAN","NAN","NAN","NAN","NAN","NAN","NAN"
"2026-02-14 22:20:00",46131,8.84,35.52,1.28,1.19,"NAN","NAN","NAN","NAN",4.245
"2026-02-14 22:30:00",46132,19.84,79.91,1.83,1.73,"NAN","NAN","NAN","NAN",4.238
"2026-02-14 22:40:00",46133,25.02,100.79,2.72,2.6,"NAN","NAN","NAN","NAN",4.239
"2026-02-14 22:50:00",46134,19.17,77.19,1.83,1.73,"NAN","NAN","NAN","NAN",4.238
"2026-02-14 23:00:00",46135,12.76,51.31,1.72,1.62,"NAN","NAN","NAN","NAN",4.236
"2026-02-14 23:10:00",46136,16.18,65.11,2.05,1.95,"NAN","NAN","NAN","NAN",4.251
"2026-02-14 23:20:00",46137,16.1,64.78,1.97,1.87,"NAN","NAN","NAN","NAN",4.247
"2026-02-14 23:30:00",46138,27.89,112.37,2.63,2.52,"NAN","NAN","NAN","NAN",4.242
"2026-02-14 23:40:00",46139,20.59,82.92,2.27,2.17,"NAN","NAN","NAN","NAN",4.242
"2026-02-14 23:50:00",46140,15.01,60.42,2.79,2.67,"NAN","NAN","NAN","NAN",4.242
"2026-02-15 00:00:00",46141,10.19,40.94,1.37,1.28,"NAN","NAN","NAN","NAN",4.242
"2026-02-15 00:10:00",46142,18.07,72.74,2.51,2.39,"NAN","NAN","NAN","NAN",4.241
"2026-02-15 00:20:00",46143,19.3,77.72,1.74,1.65,"NAN","NAN","NAN","NAN",4.24
"2026-02-15 00:30:00",46144,26.82,108.05,3.78,3.64,"NAN","NAN","NAN","NAN",4.239
"2026-02-15 00:40:00",46145,23.47,94.54,1.8,1.7,"NAN","NAN","NAN","NAN",4.238
"2026-02-15 00:50:00",46146,15.52,62.47,0.97,0.89,"NAN","NAN","NAN","NAN",4.23
"2026-02-15 01:00:00",46147,16.35,65.82,2.26,2.16,"NAN","NAN","NAN","NAN",4.244
"2026-02-15 01:10:00",46148,13.06,52.56,1.71,1.61,"NAN","NAN","NAN","NAN",4.244
"2026-02-15 01:20:00",46149,6.62,26.56,1.01,0.94,"NAN","NAN","NAN","NAN",4.244
"2026-02-15 01:30:00",46150,11.79,47.42,1.57,1.48,"NAN","NAN","NAN","NAN",4.245
"2026-02-15 01:40:00",46151,9.189999,36.93,1.25,1.17,"NAN","NAN","NAN","NAN",4.244
"2026-02-15 01:50:00",46152,11.01,44.25,1.42,1.34,"NAN","NAN","NAN","NAN",4.249
"2026-02-15 02:00:00",46153,16.45,66.21,2.51,2.4,"NAN","NAN","NAN","NAN",4.246
"2026-02-15 02:10:00",46154,14.64,58.93,1.48,1.39,"NAN","NAN","NAN","NAN",4.235
"2026-02-15 02:20:00",46155,9.87,39.67,1.03,0.95,"NAN","NAN","NAN","NAN",4.229
"2026-02-15 02:30:00",46156,15.51,62.44,1.38,1.29,"NAN","NAN","NAN","NAN",4.225
"2026-02-15 02:40:00",46157,11.28,45.36,1.55,1.46,"NAN","NAN","NAN","NAN",4.225
"2026-02-15 02:50:00",46158,9.99,40.16,1.19,1.1,"NAN","NAN","NAN","NAN",4.228
"2026-02-15 03:00:00",46159,17.16,69.08,2.21,2.1,"NAN","NAN","NAN","NAN",4.223
"2026-02-15 03:10:00",46160,19.76,79.57,2.42,2.31,"NAN","NAN","NAN","NAN",4.213
"2026-02-15 03:20:00",46161,26.19,105.51,2.93,2.8,"NAN","NAN","NAN","NAN",4.215
"2026-02-15 03:30:00",46162,8.3,33.34,1.41,1.32,"NAN","NAN","NAN","NAN",4.215
"2026-02-15 03:40:00",46163,9.08,36.48,1.27,1.19,"NAN","NAN","NAN","NAN",4.223
"2026-02-15 03:50:00",46164,13.38,53.84,2.16,2.06,"NAN","NAN","NAN","NAN",4.217
"2026-02-15 04:00:00",46165,12.02,48.36,1.32,1.24,"NAN","NAN","NAN","NAN",4.211
"2026-02-15 04:10:00",46166,21.36,86.03,2.44,2.32,"NAN","NAN","NAN","NAN",4.207
"2026-02-15 04:20:00",46167,15.83,63.7,1.81,1.71,"NAN","NAN","NAN","NAN",4.206
"2026-02-15 04:30:00",46168,15.33,61.68,1.96,1.86,"NAN","NAN","NAN","NAN",4.212
"2026-02-15 04:40:00",46169,6.71,26.92,1.18,1.1,"NAN","NAN","NAN","NAN",4.207
"2026-02-15 04:50:00",46170,11.69,46.99,1.74,1.65,"NAN","NAN","NAN","NAN",4.199
"2026-02-15 05:00:00",46171,16.97,68.32,2.13,2.03,"NAN","NAN","NAN","NAN",4.197
"2026-02-15 05:10:00",46172,18.28,73.62,2.54,2.43,"NAN","NAN","NAN","NAN",4.194
"2026-02-15 05:20:00",46173,10.25,41.22,1.51,1.42,"NAN","NAN","NAN","NAN",4.195
"2026-02-15 05:30:00",46174,11.85,47.67,1.39,1.3,"NAN","NAN","NAN","NAN",4.194
"2026-02-15 05:40:00",46175,10.67,42.9,1.36,1.27,"NAN","NAN","NAN","NAN",4.193
"2026-02-15 05:50:00",46176,30.99,124.88,3.97,3.82,"NAN","NAN","NAN","NAN",4.178
"2026-02-15 06:00:00",46177,23.71,95.51,4.09,3.94,"NAN","NAN","NAN","NAN",4.175
"2026-02-15 06:10:00",46178,13.93,56.06,1.6,1.5,"NAN","NAN","NAN","NAN",4.178
"2026-02-15 06:20:00",46179,11.89,47.81,1.48,1.39,"NAN","NAN","NAN","NAN",4.183
"2026-02-15 06:30:00",46180,18.21,73.33,2.26,2.15,"NAN","NAN","NAN","NAN",4.175
"2026-02-15 06:40:00",46181,14.76,59.4,1.74,1.65,"NAN","NAN","NAN","NAN",4.168
"2026-02-15 06:50:00",46182,14.36,57.76,1.68,1.58,"NAN","NAN","NAN","NAN",4.167
"2026-02-15 07:00:00",46183,"NAN","NAN","NAN","NAN","NAN","NAN","NAN","NAN","NAN"
"2026-02-15 07:10:00",46184,22.75,91.62,2.16,2.05,"NAN","NAN","NAN","NAN",4.169
"2026-02-15 07:20:00",46185,11.11,44.66,1.49,1.4,"NAN","NAN","NAN","NAN",4.169
"2026-02-15 07:30:00",46186,14.13,56.87,2.22,2.11,"NAN","NAN","NAN","NAN",4.164
"2026-02-15 07:40:00",46187,13.27,53.38,1.89,1.79,"NAN","NAN","NAN","NAN",4.163
"2026-02-15 07:50:00",46188,12.47,50.16,1.65,1.56,"NAN","NAN","NAN","NAN",4.163
"2026-02-15 08:00:00",46189,7.76,31.15,1.07,0.99,"NAN","NAN","NAN","NAN",4.163
"2026-02-15 08:10:00",46190,9.810001,39.43,1.48,1.39,"NAN","NAN","NAN","NAN",4.161
"2026-02-15 08:20:00",46191,7.72,31,1.16,1.08,"NAN","NAN","NAN","NAN",4.158
"2026-02-15 08:30:00",46192,8.939999,35.9,1.12,1.04,"NAN","NAN","NAN","NAN",4.158
"2026-02-15 08:40:00",46193,6.3,25.27,0.96,0.89,"NAN","NAN","NAN","NAN",4.159
"2026-02-15 08:50:00",46194,6.47,25.94,0.83,0.76,"NAN","NAN","NAN","NAN",4.174
"2026-02-15 09:00:00",46195,2.47,9.810001,0.48,0.42,"NAN","NAN","NAN","NAN",4.173
"2026-02-15 09:10:00",46196,5.58,22.36,0.82,0.75,"NAN","NAN","NAN","NAN",4.171
"2026-02-15 09:20:00",46197,5.89,23.62,0.71,0.64,"NAN","NAN","NAN","NAN",4.172
"2026-02-15 09:30:00",46198,3.12,12.44,0.57,0.5,"NAN","NAN","NAN","NAN",4.171
"2026-02-15 09:40:00",46199,4.78,19.11,0.44,0.37,"NAN","NAN","NAN","NAN",4.164
"2026-02-15 09:50:00",46200,2.36,9.38,0.33,0.27,"NAN","NAN","NAN","NAN",4.18
"2026-02-15 10:00:00",46201,4.61,18.42,0.5,0.44,"NAN","NAN","NAN","NAN",4.183
"2026-02-15 10:10:00",46202,4.61,18.45,0.64,0.57,"NAN","NAN","NAN","NAN",4.184
"2026-02-15 10:20:00",46203,3.37,13.45,0.5,0.44,"NAN","NAN","NAN","NAN",4.184
"2026-02-15 10:30:00",46204,5.06,20.26,0.55,0.48,"NAN","NAN","NAN","NAN",4.183
"2026-02-15 10:40:00",46205,3.38,13.48,0.55,0.49,"NAN","NAN","NAN","NAN",4.19
"2026-02-15 10:50:00",46206,7.48,30.04,0.79,0.71,"NAN","NAN","NAN","NAN",4.189
"2026-02-15 11:00:00",46207,3.55,14.15,0.68,0.61,"NAN","NAN","NAN","NAN",4.188
"2026-02-15 11:10:00",46208,6.19,24.82,0.67,0.6,"NAN","NAN","NAN","NAN",4.189
"2026-02-15 11:20:00",46209,2.67,10.6,0.29,0.23,"NAN","NAN","NAN","NAN",4.189
"2026-02-15 11:30:00",46210,10.04,40.36,0.88,0.8,"NAN","NAN","NAN","NAN",4.188
"2026-02-15 11:40:00",46211,2.08,8.24,0.3,0.24,"NAN","NAN","NAN","NAN",4.192
"2026-02-15 11:50:00",46212,4.03,16.08,0.6,0.53,"NAN","NAN","NAN","NAN",4.192
"2026-02-15 12:00:00",46213,2.48,9.83,0.37,0.3,"NAN","NAN","NAN","NAN",4.192
"2026-02-15 12:10:00",46214,6.32,25.33,0.87,0.79,"NAN","NAN","NAN","NAN",4.19
"2026-02-15 12:20:00",46215,3.92,15.65,0.54,0.48,"NAN","NAN","NAN","NAN",4.195
"2026-02-15 12:30:00",46216,4.79,19.18,0.83,0.76,"NAN","NAN","NAN","NAN",4.206
"2026-02-15 12:40:00",46217,3.35,13.35,0.47,0.4,"NAN","NAN","NAN","NAN",4.209
"2026-02-15 12:50:00",46218,5.91,23.69,0.82,0.75,"NAN","NAN","NAN","NAN",4.211
"2026-02-15 13:00:00",46219,10.87,43.71,1.13,1.05,"NAN","NAN","NAN","NAN",4.211
"2026-02-15 13:10:00",46220,8.53,34.26,1.6,1.51,"NAN","NAN","NAN","NAN",4.212
"2026-02-15 13:20:00",46221,7.43,29.81,1.05,0.97,"NAN","NAN","NAN","NAN",4.222
"2026-02-15 13:30:00",46222,7.94,31.87,1.15,1.07,"NAN","NAN","NAN","NAN",4.22
"2026-02-15 13:40:00",46223,12.2,49.07,1.91,1.81,"NAN","NAN","NAN","NAN",4.215
"2026-02-15 13:50:00",46224,20.63,83.08,2.26,2.15,"NAN","NAN","NAN","NAN",4.214
"2026-02-15 14:00:00",46225,10.75,43.2,1.76,1.67,"NAN","NAN","NAN","NAN",4.211
"2026-02-15 14:10:00",46226,6.45,25.86,0.78,0.71,"NAN","NAN","NAN","NAN",4.23
"2026-02-15 14:20:00",46227,9.75,39.2,1.31,1.22,"NAN","NAN","NAN","NAN",4.232
"2026-02-15 14:30:00",46228,14.33,57.68,1.17,1.09,"NAN","NAN","NAN","NAN",4.238
"2026-02-15 14:40:00",46229,8.05,32.34,0.89,0.82,"NAN","NAN","NAN","NAN",4.241
"2026-02-15 14:50:00",46230,9.2,36.97,0.93,0.86,"NAN","NAN","NAN","NAN",4.244
"2026-02-15 15:00:00",46231,7.57,30.37,1.02,0.94,"NAN","NAN","NAN","NAN",4.249
"2026-02-15 15:10:00",46232,5.59,22.4,0.78,0.71,"NAN","NAN","NAN","NAN",4.254
"2026-02-15 15:20:00",46233,19.12,77.01,1.43,1.34,"NAN","NAN","NAN","NAN",4.256
"2026-02-15 15:30:00",46234,21.55,86.79,2.75,2.63,"NAN","NAN","NAN","NAN",4.261
"2026-02-15 15:40:00",46235,13.57,54.6,1.48,1.39,"NAN","NAN","NAN","NAN",4.262
"2026-02-15 15:50:00",46236,"NAN","NAN","NAN","NAN","NAN","NAN","NAN","NAN","NAN"
"2026-02-15 16:00:00",46237,10.59,42.59,2.01,1.91,"NAN","NAN","NAN","NAN",4.273
"2026-02-15 16:10:00",46238,10.23,41.12,1.43,1.34,"NAN","NAN","NAN","NAN",4.276
"2026-02-15 16:20:00",46239,14.97,60.26,1.74,1.65,"NAN","NAN","NAN","NAN",4.277
"2026-02-15 16:30:00",46240,10.01,40.23,1.44,1.35,"NAN","NAN","NAN","NAN",4.276
"2026-02-15 16:40:00",46241,11.83,47.57,1.43,1.34,"NAN","NAN","NAN","NAN",4.272
"2026-02-15 16:50:00",46242,22.06,88.87,1.67,1.57,"NAN","NAN","NAN","NAN",4.282
"2026-02-15 17:00:00",46243,12.05,48.48,1.32,1.24,"NAN","NAN","NAN","NAN",4.255
"2026-02-15 17:10:00",46244,8.85,35.56,1.58,1.49,"NAN","NAN","NAN","NAN",4.245
"2026-02-15 17:20:00",46245,10.44,41.98,1.34,1.25,"NAN","NAN","NAN","NAN",4.244
"2026-02-15 17:30:00",46246,19.32,77.79,1.98,1.88,"NAN","NAN","NAN","NAN",4.238
"2026-02-15 17:40:00",46247,10.75,43.23,1.53,1.44,"NAN","NAN","NAN","NAN",4.239
"2026-02-15 17:50:00",46248,15.61,62.82,1.32,1.24,"NAN","NAN","NAN","NAN",4.243
"2026-02-15 18:00:00",46249,10.2,40.99,1.07,0.99,"NAN","NAN","NAN","NAN",4.23
"2026-02-15 18:10:00",46250,10.62,42.69,1.37,1.28,"NAN","NAN","NAN","NAN",4.221
"2026-02-15 18:20:00",46251,17.77,71.53,2.9,2.78,"NAN","NAN","NAN","NAN",4.23
"2026-02-15 18:30:00",46252,13.18,53.04,1.42,1.33,"NAN","NAN","NAN","NAN",4.228
"2026-02-15 18:40:00",46253,9.87,39.67,1.49,1.4,"NAN","NAN","NAN","NAN",4.24
"2026-02-15 18:50:00",46254,16.46,66.25,2.33,2.22,"NAN","NAN","NAN","NAN",4.238
"2026-02-15 19:00:00",46255,17.55,70.65,2.72,2.6,"NAN","NAN","NAN","NAN",4.237
"2026-02-15 19:10:00",46256,17.52,70.54,2.14,2.04,"NAN","NAN","NAN","NAN",4.238
"2026-02-15 19:20:00",46257,19.49,78.49,2.29,2.18,"NAN","NAN","NAN","NAN",4.235
"2026-02-15 19:30:00",46258,17.56,70.72,2.21,2.1,"NAN","NAN","NAN","NAN",4.242
"2026-02-15 19:40:00",46259,21.14,85.15,2.81,2.69,"NAN","NAN","NAN","NAN",4.233
"2026-02-15 19:50:00",46260,16.82,67.73,1.61,1.51,"NAN","NAN","NAN","NAN",4.227
"2026-02-15 20:00:00",46261,18.47,74.38,2.04,1.94,"NAN","NAN","NAN","NAN",4.225
"2026-02-15 20:10:00",46262,22.04,88.77,1.9,1.8,"NAN","NAN","NAN","NAN",4.224
"2026-02-15 20:20:00",46263,12.59,50.64,1.48,1.39,"NAN","NAN","NAN","NAN",4.222
"2026-02-15 20:30:00",46264,19.57,78.82,1.67,1.57,"NAN","NAN","NAN","NAN",4.22
"2026-02-15 20:40:00",46265,24.58,99.02,2.58,2.47,"NAN","NAN","NAN","NAN",4.216
"2026-02-15 20:50:00",46266,19.21,77.36,2.84,2.72,"NAN","NAN","NAN","NAN",4.21
"2026-02-15 21:00:00",46267,20.71,83.41,2.25,2.14,"NAN","NAN","NAN","NAN",4.211
"2026-02-15 21:10:00",46268,17.34,69.79,1.64,1.55,"NAN","NAN","NAN","NAN",4.206
"2026-02-15 21:20:00",46269,15.35,61.77,1.46,1.37,"NAN","NAN","NAN","NAN",4.203
"2026-02-15 21:30:00",46270,12.67,50.98,1.53,1.44,"NAN","NAN","NAN","NAN",4.206
"2026-02-15 21:40:00",46271,22.75,91.66,1.86,1.76,"NAN","NAN","NAN","NAN",4.205
"2026-02-15 21:50:00",46272,13.61,54.76,2,1.9,"NAN","NAN","NAN","NAN",4.208
"2026-02-15 22:00:00",46273,31.14,125.5,3.27,3.14,"NAN","NAN","NAN","NAN",4.205
"2026-02-15 22:10:00",46274,14.58,58.66,2.06,1.96,"NAN","NAN","NAN","NAN",4.212
"2026-02-15 22:20:00",46275,23.53,94.8,2.26,2.15,"NAN","NAN","NAN","NAN",4.207
"2026-02-15 22:30:00",46276,18.47,74.35,2.21,2.1,"NAN","NAN","NAN","NAN",4.205
"2026-02-15 22:40:00",46277,18.9,76.09,1.72,1.62,"NAN","NAN","NAN","NAN",4.203
"2026-02-15 22:50:00",46278,14.86,59.78,2.1,2,"NAN","NAN","NAN","NAN",4.199
"2026-02-15 23:00:00",46279,15.93,64.13,2.34,2.23,"NAN","NAN","NAN","NAN",4.205
"2026-02-15 23:10:00",46280,18.87,76,1.67,1.57,"NAN","NAN","NAN","NAN",4.2
"2026-02-15 23:20:00",46281,19.73,79.46,2.5,2.38,"NAN","NAN","NAN","NAN",4.195
"2026-02-15 23:30:00",46282,10.47,42.1,1.29,1.21,"NAN","NAN","NAN","NAN",4.194
"2026-02-15 23:40:00",46283,23.87,96.14,2.9,2.78,"NAN","NAN","NAN","NAN",4.194
"2026-02-15 23:50:00",46284,14.7,59.16,1.62,1.53,"NAN","NAN","NAN","NAN",4.199
"2026-02-16 00:00:00",46285,15.75,63.4,2,1.9,"NAN","NAN","NAN","NAN",4.197
"2026-02-16 00:10:00",46286,17.58,70.79,2.8,2.68,"NAN","NAN","NAN","NAN",4.194
"2026-02-16 00:20:00",46287,10.19,40.97,1.83,1.73,"NAN","NAN","NAN","NAN",4.188
"2026-02-16 00:30:00",46288,25.83,104.06,2.87,2.74,"NAN","NAN","NAN","NAN",4.187
"2026-02-16 00:40:00",46289,"NAN","NAN","NAN","NAN","NAN","NAN","NAN","NAN","NAN"
"2026-02-16 00:50:00",46290,31.62,127.45,3.14,3.01,"NAN","NAN","NAN","NAN",4.191
"2026-02-16 01:00:00",46291,25.25,101.72,3.26,3.12,"NAN","NAN","NAN","NAN",4.189
"2026-02-16 01:10:00",46292,19.68,79.24,2.32,2.21,"NAN","NAN","NAN","NAN",4.187
"2026-02-16 01:20:00",46293,21.32,85.86,1.6,1.51,"NAN","NAN","NAN","NAN",4.185
"2026-02-16 01:30:00",46294,11.58,46.58,1.78,1.68,"NAN","NAN","NAN","NAN",4.187
"2026-02-16 01:40:00",46295,11.73,47.18,1.55,1.46,"NAN","NAN","NAN","NAN",4.2
"2026-02-16 01:50:00",46296,23.73,95.58,2.11,2,"NAN","NAN","NAN","NAN",4.193
"2026-02-16 02:00:00",46297,11.27,45.31,1.75,1.65,"NAN","NAN","NAN","NAN",4.187
"2026-02-16 02:10:00",46298,21.05,84.78,2.1,2,"NAN","NAN","NAN","NAN",4.184
"2026-02-16 02:20:00",46299,18.66,75.12,1.58,1.49,"NAN","NAN","NAN","NAN",4.182
"2026-02-16 02:30:00",46300,15.98,64.32,2.34,2.23,"NAN","NAN","NAN","NAN",4.19
"2026-02-16 02:40:00",46301,9.67,38.87,1.77,1.67,"NAN","NAN","NAN","NAN",4.182
"2026-02-16 02:50:00",46302,13.04,52.47,1.71,1.62,"NAN","NAN","NAN","NAN",4.183
"2026-02-16 03:00:00",46303,14.82,59.65,1.38,1.29,"NAN","NAN","NAN","NAN",4.182
"2026-02-16 03:10:00",46304,14.42,58.03,1.88,1.79,"NAN","NAN","NAN","NAN",4.176
"2026-02-16 03:20:00",46305,19.09,76.88,2,1.9,"NAN","NAN","NAN","NAN",4.173
"2026-02-16 03:30:00",46306,13.32,53.58,1.92,1.82,"NAN","NAN","NAN","NAN",4.18
"2026-02-16 03:40:00",46307,17.42,70.15,1.91,1.81,"NAN","NAN","NAN","NAN",4.178
"2026-02-16 03:50:00",46308,16.35,65.8,2.22,2.11,"NAN","NAN","NAN","NAN",4.169
"2026-02-16 04:00:00",46309,12.44,50.02,1.95,1.85,"NAN","NAN","NAN","NAN",4.171
"2026-02-16 04:10:00",46310,11.28,45.36,1.64,1.55,"NAN","NAN","NAN","NAN",4.164
"2026-02-16 04:20:00",46311,13.86,55.78,1.62,1.53,"NAN","NAN","NAN","NAN",4.17
"2026-02-16 04:30:00",46312,11.72,47.15,1.35,1.26,"NAN","NAN","NAN","NAN",4.171
"2026-02-16 04:40:00",46313,14.34,57.72,1.41,1.33,"NAN","NAN","NAN","NAN",4.171
"2026-02-16 04:50:00",46314,15.41,62.02,1.32,1.23,"NAN","NAN","NAN","NAN",4.174
"2026-02-16 05:00:00",46315,9.07,36.45,1.44,1.36,"NAN","NAN","NAN","NAN",4.174
"2026-02-16 05:10:00",46316,15.94,64.15,1.62,1.52,"NAN","NAN","NAN","NAN",4.179
"2026-02-16 05:20:00",46317,13.31,53.55,1.33,1.24,"NAN","NAN","NAN","NAN",4.176
"2026-02-16 05:30:00",46318,22.21,89.47,1.49,1.4,"NAN","NAN","NAN","NAN",4.177
"2026-02-16 05:40:00",46319,9.88,39.72,1.32,1.24,"NAN","NAN","NAN","NAN",4.177
"2026-02-16 05:50:00",46320,12.93,52.01,1.7,1.61,"NAN","NAN","NAN","NAN",4.175
"2026-02-16 06:00:00",46321,9.75,39.18,1.46,1.37,"NAN","NAN","NAN","NAN",4.179
"2026-02-16 06:10:00",46322,8.520001,34.2,1.21,1.13,"NAN","NAN","NAN","NAN",4.175
"2026-02-16 06:20:00",46323,11.36,45.68,1.65,1.55,"NAN","NAN","NAN","NAN",4.175
"2026-02-16 06:30:00",46324,12.32,49.55,1.15,1.07,"NAN","NAN","NAN","NAN",4.175
"2026-02-16 06:40:00",46325,11.47,46.13,1.79,1.7,"NAN","NAN","NAN","NAN",4.177
"2026-02-16 06:50:00",46326,11.21,45.07,1.34,1.26,"NAN","NAN","NAN","NAN",4.175
"2026-02-16 07:00:00",46327,10.05,40.4,1.07,0.99,"NAN","NAN","NAN","NAN",4.178
"2026-02-16 07:10:00",46328,11.62,46.73,1.21,1.13,"NAN","NAN","NAN","NAN",4.177
"2026-02-16 07:20:00",46329,8.43,33.87,1.12,1.04,"NAN","NAN","NAN","NAN",4.154
"2026-02-16 07:30:00",46330,12.02,48.33,1.12,1.04,"NAN","NAN","NAN","NAN",4.148
"2026-02-16 07:40:00",46331,8.6,34.55,1.09,1.01,"NAN","NAN","NAN","NAN",4.138
"2026-02-16 07:50:00",46332,9.55,38.36,1.25,1.17,"NAN","NAN","NAN","NAN",4.141
"2026-02-16 08:00:00",46333,8.87,35.64,0.69,0.62,"NAN","NAN","NAN","NAN",4.145
"2026-02-16 08:10:00",46334,10.57,42.47,0.72,0.65,"NAN","NAN","NAN","NAN",4.147
"2026-02-16 08:20:00",46335,9.76,39.23,0.78,0.71,"NAN","NAN","NAN","NAN",4.153
"2026-02-16 08:30:00",46336,5.58,22.37,0.75,0.68,"NAN","NAN","NAN","NAN",4.153
"2026-02-16 08:40:00",46337,7.51,30.13,0.8,0.73,"NAN","NAN","NAN","NAN",4.153
"2026-02-16 08:50:00",46338,5.17,20.69,1.1,1.02,"NAN","NAN","NAN","NAN",4.145
"2026-02-16 09:00:00",46339,9.26,37.22,1.11,1.03,"NAN","NAN","NAN","NAN",4.138
"2026-02-16 09:10:00",46340,10.81,43.44,1.2,1.11,"NAN","NAN","NAN","NAN",4.133
"2026-02-16 09:20:00",46341,6.86,27.52,1.17,1.09,"NAN","NAN","NAN","NAN",4.133
"2026-02-16 09:30:00",46342,"NAN","NAN","NAN","NAN","NAN","NAN","NAN","NAN","NAN"
"2026-02-16 09:40:00",46343,9.36,37.63,1.01,0.93,"NAN","NAN","NAN","NAN",4.135
"2026-02-16 09:50:00",46344,17.2,69.25,1.19,1.11,"NAN","NAN","NAN","NAN",4.137
"2026-02-16 10:00:00",46345,15.22,61.24,1.43,1.34,"NAN","NAN","NAN","NAN",4.139
"2026-02-16 10:10:00",46346,10.41,41.84,1.04,0.96,"NAN","NAN","NAN","NAN",4.146
"2026-02-16 10:20:00",46347,5.26,21.07,1.19,1.11,"NAN","NAN","NAN","NAN",4.152
"2026-02-16 10:30:00",46348,9.67,38.84,1.45,1.36,"NAN","NAN","NAN","NAN",4.166
"2026-02-16 10:40:00",46349,10.54,42.38,1.46,1.38,"NAN","NAN","NAN","NAN",4.167
"2026-02-16 10:50:00",46350,12.01,48.31,1.35,1.26,"NAN","NAN","NAN","NAN",4.171
"2026-02-16 11:00:00",46351,11.33,45.56,1.07,0.99,"NAN","NAN","NAN","NAN",4.17
"2026-02-16 11:10:00",46352,6.74,27.03,0.81,0.74,"NAN","NAN","NAN","NAN",4.18
"2026-02-16 11:20:00",46353,15.42,62.06,1.04,0.96,"NAN","NAN","NAN","NAN",4.183
"2026-02-16 11:30:00",46354,14.6,58.74,0.97,0.9,"NAN","NAN","NAN","NAN",4.187
"2026-02-16 11:40:00",46355,12.19,49.02,0.98,0.9,"NAN","NAN","NAN","NAN",4.184
"2026-02-16 11:50:00",46356,10.83,43.55,1.06,0.98,"NAN","NAN","NAN","NAN",4.192
"2026-02-16 12:00:00",46357,11.81,47.49,1.06,0.98,"NAN","NAN","NAN","NAN",4.205
"2026-02-16 12:10:00",46358,11.56,46.49,0.96,0.89,"NAN","NAN","NAN","NAN",4.2
"2026-02-16 12:20:00",46359,10.76,43.25,0.81,0.73,"NAN","NAN","NAN","NAN",4.216
"2026-02-16 12:30:00",46360,10.92,43.92,0.89,0.82,"NAN","NAN","NAN","NAN",4.208
"2026-02-16 12:40:00",46361,11.62,46.74,1.08,1,"NAN","NAN","NAN","NAN",4.222
"2026-02-16 12:50:00",46362,10.89,43.76,1.58,1.49,"NAN","NAN","NAN","NAN",4.268
"2026-02-16 13:00:00",46363,8.51,34.16,0.95,0.87,"NAN","NAN","NAN","NAN",4.276
"2026-02-16 13:10:00",46364,7.17,28.77,0.92,0.85,"NAN","NAN","NAN","NAN",4.25
"2026-02-16 13:20:00",46365,8.36,33.59,1.22,1.14,"NAN","NAN","NAN","NAN",4.246
"2026-02-16 13:30:00",46366,16.58,66.76,1.05,0.97,"NAN","NAN","NAN","NAN",4.276
"2026-02-16 13:40:00",46367,12.98,52.2,1.28,1.19,"NAN","NAN","NAN","NAN",4.301
"2026-02-16 13:50:00",46368,5.7,22.85,1.07,0.99,"NAN","NAN","NAN","NAN",4.324
"2026-02-16 14:00:00",46369,7.59,30.46,1.01,0.93,"NAN","NAN","NAN","NAN",4.355
"2026-02-16 14:10:00",46370,5.54,22.18,0.91,0.83,"NAN","NAN","NAN","NAN",4.367
"2026-02-16 14:20:00",46371,10.62,42.7,1.86,1.76,"NAN","NAN","NAN","NAN",4.374
"2026-02-16 14:30:00",46372,20.83,83.87,1.91,1.81,"NAN","NAN","NAN","NAN",4.384
"2026-02-16 14:40:00",46373,12.36,49.72,1.74,1.65,"NAN","NAN","NAN","NAN",4.391
"2026-02-16 14:50:00",46374,15.64,62.95,1.81,1.71,"NAN","NAN","NAN","NAN",4.368
"2026-02-16 15:00:00",46375,9.12,36.62,1.16,1.08,"NAN","NAN","NAN","NAN",4.365
"2026-02-16 15:10:00",46376,9.38,37.7,1.12,1.04,"NAN","NAN","NAN","NAN",4.36
"2026-02-16 15:20:00",46377,11.31,45.5,1.64,1.54,"NAN","NAN","NAN","NAN",4.376
"2026-02-16 15:30:00",46378,8.939999,35.9,1.23,1.15,"NAN","NAN","NAN","NAN",4.391
"2026-02-16 15:40:00",46379,12.49,50.23,1.64,1.55,"NAN","NAN","NAN","NAN",4.39
"2026-02-16 15:50:00",46380,13.9,55.91,1.46,1.37,"NAN","NAN","NAN","NAN",4.379
"2026-02-16 16:00:00",46381,13.16,52.96,1.59,1.5,"NAN","NAN","NAN","NAN",4.359
"2026-02-16 16:10:00",46382,9.62,38.65,0.89,0.82,"NAN","NAN","NAN","NAN",4.316
"2026-02-16 16:20:00",46383,13.86,55.76,1.91,1.81,"NAN","NAN","NAN","NAN",4.314
"2026-02-16 16:30:00",46384,12.84,51.64,1.66,1.56,"NAN","NAN","NAN","NAN",4.325
"2026-02-16 16:40:00",46385,13.01,52.32,1.58,1.49,"NAN","NAN","NAN","NAN",4.37
"2026-02-16 16:50:00",46386,10.16,40.84,1.28,1.19,"NAN","NAN","NAN","NAN",4.373
"2026-02-16 17:00:00",46387,12.32,49.54,1.89,1.79,"NAN","NAN","NAN","NAN",4.36
"2026-02-16 17:10:00",46388,10.97,44.09,1.8,1.7,"NAN","NAN","NAN","NAN",4.346
"2026-02-16 17:20:00",46389,11.18,44.97,1.5,1.41,"NAN","NAN","NAN","NAN",4.335
"2026-02-16 17:30:00",46390,16.28,65.51,1.58,1.49,"NAN","NAN","NAN","NAN",4.323
"2026-02-16 17:40:00",46391,22.44,90.4,2.25,2.14,"NAN","NAN","NAN","NAN",4.31
"2026-02-16 17:50:00",46392,23.35,94.06,1.94,1.84,"NAN","NAN","NAN","NAN",4.301
"2026-02-16 18:00:00",46393,20.62,83.06,2.16,2.06,"NAN","NAN","NAN","NAN",4.294
"2026-02-16 18:10:00",46394,11.98,48.18,1.85,1.75,"NAN","NAN","NAN","NAN",4.275
"2026-02-16 18:20:00",46395,"NAN","NAN","NAN","NAN","NAN","NAN","NAN","NAN","NAN"
"2026-02-16 18:30:00",46396,13.44,54.06,1.69,1.59,"NAN","NAN","NAN","NAN",4.257
"2026-02-16 18:40:00",46397,14.32,57.6,2.35,2.24,"NAN","NAN","NAN","NAN",4.26
"2026-02-16 18:50:00",46398,15.76,63.45,2.86,2.74,"NAN","NAN","NAN","NAN",4.258
"2026-02-16 19:00:00",46399,15.9,64,1.82,1.73,"NAN","NAN","NAN","NAN",4.26
"2026-02-16 19:10:00",46400,19.92,80.2,1.87,1.77,"NAN","NAN","NAN","NAN",4.258
"2026-02-16 19:20:00",46401,19.48,78.44,2.49,2.38,"NAN","NAN","NAN","NAN",4.265
"2026-02-16 19:30:00",46402,16.11,64.85,1.96,1.86,"NAN","NAN","NAN","NAN",4.261
"2026-02-16 19:40:00",46403,17.95,72.25,2.13,2.03,"NAN","NAN","NAN","NAN",4.26
"2026-02-16 19:50:00",46404,18.25,73.48,2.05,1.95,"NAN","NAN","NAN","NAN",4.262
"2026-02-16 20:00:00",46405,20.71,83.4,2.08,1.98,"NAN","NAN","NAN","NAN",4.258
"2026-02-16 20:10:00",46406,18.96,76.34,2.39,2.28,"NAN","NAN","NAN","NAN",4.271
"2026-02-16 20:20:00",46407,14.04,56.5,1.62,1.53,"NAN","NAN","NAN","NAN",4.265
"2026-02-16 20:30:00",46408,13.09,52.64,1.68,1.59,"NAN","NAN","NAN","NAN",4.259
"2026-02-16 20:40:00",46409,15.59,62.76,1.71,1.61,"NAN","NAN","NAN","NAN",4.258
"2026-02-16 20:50:00",46410,19.7,79.34,2.64,2.52,"NAN","NAN","NAN","NAN",4.258
"2026-02-16 21:00:00",46411,16.97,68.33,2.42,2.3,"NAN","NAN","NAN","NAN",4.253
"2026-02-16 21:10:00",46412,14.95,60.15,1.85,1.75,"NAN","NAN","NAN","NAN",4.264
"2026-02-16 21:20:00",46413,18.79,75.64,1.92,1.82,"NAN","NAN","NAN","NAN",4.26
"2026-02-16 21:30:00",46414,22.42,90.31,3.4,3.27,"NAN","NAN","NAN","NAN",4.262
"2026-02-16 21:40:00",46415,29.28,117.97,2.78,2.66,"NAN","NAN","NAN","NAN",4.262
"2026-02-16 21:50:00",46416,27.02,108.85,2.45,2.34,"NAN","NAN","NAN","NAN",4.26
"2026-02-16 22:00:00",46417,20.46,82.41,2.21,2.11,"NAN","NAN","NAN","NAN",4.263
"2026-02-16 22:10:00",46418,17.04,68.6,1.97,1.87,"NAN","NAN","NAN","NAN",4.261
"2026-02-16 22:20:00",46419,35.3,142.29,3.56,3.42,"NAN","NAN","NAN","NAN",4.261
"2026-02-16 22:30:00",46420,30.44,122.66,2.29,2.18,"NAN","NAN","NAN","NAN",4.264
"2026-02-16 22:40:00",46421,31.58,127.26,3.2,3.07,"NAN","NAN","NAN","NAN",4.258
"2026-02-16 22:50:00",46422,18.75,75.5,2.18,2.07,"NAN","NAN","NAN","NAN",4.261
"2026-02-16 23:00:00",46423,32.35,130.36,3.26,3.13,"NAN","NAN","NAN","NAN",4.259
"2026-02-16 23:10:00",46424,22.87,92.1,1.85,1.76,"NAN","NAN","NAN","NAN",4.255
"2026-02-16 23:20:00",46425,19.42,78.19,2.44,2.33,"NAN","NAN","NAN","NAN",4.267
"2026-02-16 23:30:00",46426,23.5,94.68,2.6,2.49,"NAN","NAN","NAN","NAN",4.262
"2026-02-16 23:40:00",46427,19.06,76.76,1.87,1.77,"NAN","NAN","NAN","NAN",4.257
"2026-02-16 23:50:00",46428,18.77,75.58,2.02,1.92,"NAN","NAN","NAN","NAN",4.266
"2026-02-17 00:00:00",46429,17.08,68.74,2.02,1.92,"NAN","NAN","NAN","NAN",4.263
"2026-02-17 00:10:00",46430,28.96,116.7,2.65,2.54,"NAN","NAN","NAN","NAN",4.267
"2026-02-17 00:20:00",46431,28.72,115.72,2.41,2.3,"NAN","NAN","NAN","NAN",4.269
"2026-02-17 00:30:00",46432,32.65,131.59,2.43,2.31,"NAN","NAN","NAN","NAN",4.271
"2026-02-17 00:40:00",46433,23.66,95.3,2.68,2.56,"NAN","NAN","NAN","NAN",4.283
"2026-02-17 00:50:00",46434,15.64,62.97,2.33,2.22,"NAN","NAN","NAN","NAN",4.287
"2026-02-17 01:00:00",46435,19.94,80.31,2.47,2.35,"NAN","NAN","NAN","NAN",4.288
"2026-02-17 01:10:00",46436,18.65,75.08,1.97,1.87,"NAN","NAN","NAN","NAN",4.284
"2026-02-17 01:20:00",46437,20.21,81.39,1.8,1.71,"NAN","NAN","NAN","NAN",4.284
"2026-02-17 01:30:00",46438,17.22,69.31,2.62,2.5,"NAN","NAN","NAN","NAN",4.291
"2026-02-17 01:40:00",46439,22.07,88.91,2.59,2.48,"NAN","NAN","NAN","NAN",4.291
"2026-02-17 01:50:00",46440,16.04,64.57,1.98,1.88,"NAN","NAN","NAN","NAN",4.278
"2026-02-17 02:00:00",46441,22.44,90.39,2.44,2.33,"NAN","NAN","NAN","NAN",4.277
"2026-02-17 02:10:00",46442,29,116.87,1.92,1.82,"NAN","NAN","NAN","NAN",4.272
"2026-02-17 02:20:00",46443,14.32,57.63,1.57,1.48,"NAN","NAN","NAN","NAN",4.275
"2026-02-17 02:30:00",46444,21.16,85.23,2.46,2.35,"NAN","NAN","NAN","NAN",4.279
"2026-02-17 02:40:00",46445,21.78,87.71,2.18,2.08,"NAN","NAN","NAN","NAN",4.293
"2026-02-17 02:50:00",46446,18.92,76.17,1.67,1.57,"NAN","NAN","NAN","NAN",4.279
"2026-02-17 03:00:00",46447,16.5,66.41,1.87,1.77,"NAN","NAN","NAN","NAN",4.283
"2026-02-17 03:10:00",46448,"NAN","NAN","NAN","NAN","NAN","NAN","NAN","NAN","NAN"
"2026-02-17 03:20:00",46449,28.18,113.54,3.46,3.32,"NAN","NAN","NAN","NAN",4.297
"2026-02-17 03:30:00",46450,14.33,57.66,2.11,2,"NAN","NAN","NAN","NAN",4.271
"2026-02-17 03:40:00",46451,20.15,81.15,1.92,1.82,"NAN","NAN","NAN","NAN",4.265
"2026-02-17 03:50:00",46452,16.66,67.07,1.82,1.72,"NAN","NAN","NAN","NAN",4.264
"2026-02-17 04:00:00",46453,13.84,55.69,2.18,2.08,"NAN","NAN","NAN","NAN",4.26
"2026-02-17 04:10:00",46454,17.25,69.43,1.8,1.7,"NAN","NAN","NAN","NAN",4.291
"2026-02-17 04:20:00",46455,20.61,83.01,2.27,2.16,"NAN","NAN","NAN","NAN",4.294
"2026-02-17 04:30:00",46456,33.63,135.53,2.96,2.84,"NAN","NAN","NAN","NAN",4.283
"2026-02-17 04:40:00",46457,22.07,88.91,2.41,2.3,"NAN","NAN","NAN","NAN",4.276
"2026-02-17 04:50:00",46458,18.6,74.89,2.26,2.15,"NAN","NAN","NAN","NAN",4.274
"2026-02-17 05:00:00",46459,18.66,75.15,1.59,1.5,"NAN","NAN","NAN","NAN",4.275
"2026-02-17 05:10:00",46460,14.1,56.75,1.78,1.68,"NAN","NAN","NAN","NAN",4.292
"2026-02-17 05:20:00",46461,19.27,77.59,1.84,1.74,"NAN","NAN","NAN","NAN",4.282
"2026-02-17 05:30:00",46462,20.86,83.99,2.3,2.19,"NAN","NAN","NAN","NAN",4.275
"2026-02-17 05:40:00",46463,25.12,101.2,2.61,2.49,"NAN","NAN","NAN","NAN",4.278
"2026-02-17 05:50:00",46464,10.6,42.59,1.72,1.62,"NAN","NAN","NAN","NAN",4.272
"2026-02-17 06:00:00",46465,17.76,71.51,1.74,1.64,"NAN","NAN","NAN","NAN",4.28
"2026-02-17 06:10:00",46466,18.39,74.06,2.25,2.14,"NAN","NAN","NAN","NAN",4.286
"2026-02-17 06:20:00",46467,14.39,57.9,1.65,1.56,"NAN","NAN","NAN","NAN",4.272
"2026-02-17 06:30:00",46468,13.06,52.54,1.44,1.35,"NAN","NAN","NAN","NAN",4.276
"2026-02-17 06:40:00",46469,12.82,51.57,1.85,1.75,"NAN","NAN","NAN","NAN",4.275
"2026-02-17 06:50:00",46470,6.81,27.34,1.09,1.01,"NAN","NAN","NAN","NAN",4.301
"2026-02-17 07:00:00",46471,5.83,23.34,0.91,0.83,"NAN","NAN","NAN","NAN",4.316
"2026-02-17 07:10:00",46472,6.2,24.87,0.75,0.67,"NAN","NAN","NAN","NAN",4.323
"2026-02-17 07:20:00",46473,12.69,51.06,1.4,1.31,"NAN","NAN","NAN","NAN",4.324
"2026-02-17 07:30:00",46474,7.33,29.42,0.98,0.9,"NAN","NAN","NAN","NAN",4.329
"2026-02-17 07:40:00",46475,10.6,42.62,1.37,1.28,"NAN","NAN","NAN","NAN",4.363
"2026-02-17 07:50:00",46476,4.92,19.7,0.71,0.64,"NAN","NAN","NAN","NAN",4.368
"2026-02-17 08:00:00",46477,5.54,22.21,0.77,0.7,"NAN","NAN","NAN","NAN",4.371
"2026-02-17 08:10:00",46478,2.63,10.46,0.5,0.44,"NAN","NAN","NAN","NAN",4.375
"2026-02-17 08:20:00",46479,3.92,15.64,0.45,0.39,"NAN","NAN","NAN","NAN",4.381
"2026-02-17 08:30:00",46480,7.14,28.67,0.92,0.84,"NAN","NAN","NAN","NAN",4.386
"2026-02-17 08:40:00",46481,4.04,16.14,0.54,0.47,"NAN","NAN","NAN","NAN",4.408
"2026-02-17 08:50:00",46482,4.51,18.03,0.77,0.7,"NAN","NAN","NAN","NAN",4.404
"2026-02-17 09:00:00",46483,6.68,26.78,0.84,0.77,"NAN","NAN","NAN","NAN",4.406
"2026-02-17 09:10:00",46484,4.53,18.1,0.58,0.51,"NAN","NAN","NAN","NAN",4.407
"2026-02-17 09:20:00",46485,2.26,8.95,0.32,0.26,"NAN","NAN","NAN","NAN",4.417
"2026-02-17 09:30:00",46486,4.12,16.46,0.6,0.53,"NAN","NAN","NAN","NAN",4.43
"2026-02-17 09:40:00",46487,4.3,17.17,0.74,0.67,"NAN","NAN","NAN","NAN",4.434
"2026-02-17 09:50:00",46488,2.16,8.57,0.47,0.4,"NAN","NAN","NAN","NAN",4.435
"2026-02-17 10:00:00",46489,1.23,4.81,0.25,0.19,"NAN","NAN","NAN","NAN",4.438
"2026-02-17 10:10:00",46490,1.86,7.36,0.34,0.28,"NAN","NAN","NAN","NAN",4.436
"2026-02-17 10:20:00",46491,6.9,27.7,0.86,0.78,"NAN","NAN","NAN","NAN",4.442
"2026-02-17 10:30:00",46492,2.5,9.95,0.42,0.35,"NAN","NAN","NAN","NAN",4.448
"2026-02-17 10:40:00",46493,2.79,11.11,0.45,0.38,"NAN","NAN","NAN","NAN",4.451
"2026-02-17 10:50:00",46494,1.42,5.58,0.27,0.21,"NAN","NAN","NAN","NAN",4.452
"2026-02-17 11:00:00",46495,6.94,27.84,0.7,0.63,"NAN","NAN","NAN","NAN",4.45
"2026-02-17 11:10:00",46496,2.35,9.32,0.37,0.3,"NAN","NAN","NAN","NAN",4.434
"2026-02-17 11:20:00",46497,2.27,8.99,0.34,0.28,"NAN","NAN","NAN","NAN",4.446
"2026-02-17 11:30:00",46498,3.24,12.9,0.41,0.35,"NAN","NAN","NAN","NAN",4.44
"2026-02-17 11:40:00",46499,6.34,25.4,0.54,0.48,"NAN","NAN","NAN","NAN",4.425
"2026-02-17 11:50:00",46500,5.58,22.35,0.85,0.77,"NAN","NAN","NAN","NAN",4.426
"2026-02-17 12:00:00",46501,"NAN","NAN","NAN","NAN","NAN","NAN","NAN","NAN","NAN"
"2026-02-17 12:10:00",46502,8.21,32.95,1.34,1.26,"NAN","NAN","NAN","NAN",4.422
"2026-02-17 12:20:00",46503,11.48,46.16,1,0.92,"NAN","NAN","NAN","NAN",4.416
"2026-02-17 12:30:00",46504,5.73,22.96,0.64,0.57,"NAN","NAN","NAN","NAN",4.411
"2026-02-17 12:40:00",46505,4.48,17.92,0.8,0.73,"NAN","NAN","NAN","NAN",4.429
"2026-02-17 12:50:00",46506,12.83,51.6,1.66,1.56,"NAN","NAN","NAN","NAN",4.445
"2026-02-17 13:00:00",46507,11.72,47.12,1.46,1.37,"NAN","NAN","NAN","NAN",4.497
"2026-02-17 13:10:00",46508,14.84,59.71,1.9,1.8,"NAN","NAN","NAN","NAN",4.536
"2026-02-17 13:20:00",46509,17.76,71.51,1.87,1.77,"NAN","NAN","NAN","NAN",4.544
"2026-02-17 13:30:00",46510,17.58,70.76,1.68,1.59,"NAN","NAN","NAN","NAN",4.543
"2026-02-17 13:40:00",46511,9.92,39.86,1.91,1.81,"NAN","NAN","NAN","NAN",4.539
"2026-02-17 13:50:00",46512,14.93,60.07,1.89,1.79,"NAN","NAN","NAN","NAN",4.52
"2026-02-17 14:00:00",46513,19.13,77.04,1.69,1.6,"NAN","NAN","NAN","NAN",4.493
"2026-02-17 14:10:00",46514,20.44,82.33,2.09,1.99,"NAN","NAN","NAN","NAN",4.495
"2026-02-17 14:20:00",46515,19.87,80,1.97,1.87,"NAN","NAN","NAN","NAN",4.494
"2026-02-17 14:30:00",46516,25.82,104.01,2.49,2.38,"NAN","NAN","NAN","NAN",4.499
"2026-02-17 14:40:00",46517,18.7,75.32,2.09,1.99,"NAN","NAN","NAN","NAN",4.488
"2026-02-17 14:50:00",46518,21.63,87.13,2.43,2.31,"NAN","NAN","NAN","NAN",4.48
"2026-02-17 15:00:00",46519,20.09,80.89,2.26,2.16,"NAN","NAN","NAN","NAN",4.462
"2026-02-17 15:10:00",46520,18.72,75.36,1.9,1.8,"NAN","NAN","NAN","NAN",4.467
"2026-02-17 15:20:00",46521,12.59,50.64,1.33,1.24,"NAN","NAN","NAN","NAN",4.462
"2026-02-17 15:30:00",46522,18.42,74.17,1.89,1.79,"NAN","NAN","NAN","NAN",4.491
"2026-02-17 15:40:00",46523,14.26,57.39,1.79,1.69,"NAN","NAN","NAN","NAN",4.468
"2026-02-17 15:50:00",46524,21.03,84.68,2.17,2.06,"NAN","NAN","NAN","NAN",4.482
"2026-02-17 16:00:00",46525,23.5,94.68,2.05,1.95,"NAN","NAN","NAN","NAN",4.47
"2026-02-17 16:10:00",46526,16.61,66.87,2.03,1.93,"NAN","NAN","NAN","NAN",4.49
"2026-02-17 16:20:00",46527,17.61,70.9,2.08,1.98,"NAN","NAN","NAN","NAN",4.482
"2026-02-17 16:30:00",46528,26.48,106.7,2.98,2.86,"NAN","NAN","NAN","NAN",4.508
"2026-02-17 16:40:00",46529,10.61,42.63,1.67,1.58,"NAN","NAN","NAN","NAN",4.478
"2026-02-17 16:50:00",46530,15.38,61.91,2.1,1.99,"NAN","NAN","NAN","NAN",4.473
"2026-02-17 17:00:00",46531,11.13,44.76,1.33,1.25,"NAN","NAN","NAN","NAN",4.467
"2026-02-17 17:10:00",46532,19.16,77.14,1.92,1.82,"NAN","NAN","NAN","NAN",4.45
"2026-02-17 17:20:00",46533,15.1,60.75,1.52,1.43,"NAN","NAN","NAN","NAN",4.443
"2026-02-17 17:30:00",46534,16.96,68.26,1.78,1.69,"NAN","NAN","NAN","NAN",4.445
"2026-02-17 17:40:00",46535,13.37,53.78,1.73,1.63,"NAN","NAN","NAN","NAN",4.437
"2026-02-17 17:50:00",46536,15.26,61.4,1.88,1.78,"NAN","NAN","NAN","NAN",4.4
"2026-02-17 18:00:00",46537,18.83,75.82,2,1.9,"NAN","NAN","NAN","NAN",4.356
"2026-02-17 18:10:00",46538,19.27,77.59,1.61,1.52,"NAN","NAN","NAN","NAN",4.348
"2026-02-17 18:20:00",46539,16.74,67.39,1.63,1.54,"NAN","NAN","NAN","NAN",4.304
"2026-02-17 18:30:00",46540,17.63,70.97,1.65,1.56,"NAN","NAN","NAN","NAN",4.302
"2026-02-17 18:40:00",46541,14.6,58.74,1.87,1.77,"NAN","NAN","NAN","NAN",4.304
"2026-02-17 18:50:00",46542,14.67,59.02,1.94,1.84,"NAN","NAN","NAN","NAN",4.322
"2026-02-17 19:00:00",46543,15.55,62.58,1.66,1.56,"NAN","NAN","NAN","NAN",4.332
"2026-02-17 19:10:00",46544,17.78,71.58,1.79,1.69,"NAN","NAN","NAN","NAN",4.352
"2026-02-17 19:20:00",46545,19.57,78.79,1.95,1.85,"NAN","NAN","NAN","NAN",4.355
"2026-02-17 19:30:00",46546,15.65,63,1.88,1.78,"NAN","NAN","NAN","NAN",4.357
"2026-02-17 19:40:00",46547,19.11,76.94,1.7,1.61,"NAN","NAN","NAN","NAN",4.362
"2026-02-17 19:50:00",46548,14.57,58.65,2.04,1.94,"NAN","NAN","NAN","NAN",4.369
"2026-02-17 20:00:00",46549,12.66,50.94,2.13,2.03,"NAN","NAN","NAN","NAN",4.367
"2026-02-17 20:10:00",46550,15.34,61.72,2.04,1.93,"NAN","NAN","NAN","NAN",4.358
"2026-02-17 20:20:00",46551,19.12,76.99,2.03,1.92,"NAN","NAN","NAN","NAN",4.356
"2026-02-17 20:30:00",46552,28.02,112.89,2.41,2.3,"NAN","NAN","NAN","NAN",4.349
"2026-02-17 20:40:00",46553,22.97,92.54,1.89,1.79,"NAN","NAN","NAN","NAN",4.349
"2026-02-17 20:50:00",46554,"NAN","NAN","NAN","NAN","NAN","NAN","NAN","NAN","NAN"
"2026-02-17 21:00:00",46555,20.14,81.1,1.93,1.83,"NAN","NAN","NAN","NAN",4.352
"2026-02-17 21:10:00",46556,20.98,84.49,2.29,2.18,"NAN","NAN","NAN","NAN",4.355
"2026-02-17 21:20:00",46557,14.53,58.45,2.29,2.18,"NAN","NAN","NAN","NAN",4.353
"2026-02-17 21:30:00",46558,19.11,76.95,2.19,2.08,"NAN","NAN","NAN","NAN",4.353
"2026-02-17 21:40:00",46559,14.53,58.46,1.88,1.78,"NAN","NAN","NAN","NAN",4.35
"2026-02-17 21:50:00",46560,16.03,64.51,1.98,1.88,"NAN","NAN","NAN","NAN",4.36
"2026-02-17 22:00:00",46561,19.8,79.73,2.29,2.18,"NAN","NAN","NAN","NAN",4.362
"2026-02-17 22:10:00",46562,17.45,70.27,2.41,2.3,"NAN","NAN","NAN","NAN",4.357
"2026-02-17 22:20:00",46563,16.95,68.24,2.15,2.04,"NAN","NAN","NAN","NAN",4.355
"2026-02-17 22:30:00",46564,16.56,66.68,2.17,2.07,"NAN","NAN","NAN","NAN",4.355
"2026-02-17 22:40:00",46565,14.79,59.51,2.08,1.98,"NAN","NAN","NAN","NAN",4.362
"2026-02-17 22:50:00",46566,15.7,63.2,2.05,1.94,"NAN","NAN","NAN","NAN",4.359
"2026-02-17 23:00:00",46567,17.83,71.78,1.88,1.78,"NAN","NAN","NAN","NAN",4.355
"2026-02-17 23:10:00",46568,15.11,60.81,2.51,2.4,"NAN","NAN","NAN","NAN",4.361
"2026-02-17 23:20:00",46569,15.88,63.9,1.78,1.69,"NAN","NAN","NAN","NAN",4.356
"2026-02-17 23:30:00",46570,14.78,59.5,1.93,1.83,"NAN","NAN","NAN","NAN",4.363
"2026-02-17 23:40:00",46571,9.54,38.32,1.18,1.1,"NAN","NAN","NAN","NAN",4.375
"2026-02-17 23:50:00",46572,21.54,86.76,2.95,2.82,"NAN","NAN","NAN","NAN",4.378
"2026-02-18 00:00:00",46573,11.38,45.77,1.45,1.36,"NAN","NAN","NAN","NAN",4.387
"2026-02-18 00:10:00",46574,18.51,74.52,2.26,2.15,"NAN","NAN","NAN","NAN",4.399
"2026-02-18 00:20:00",46575,20.92,84.26,2.6,2.48,"NAN","NAN","NAN","NAN",4.411
"2026-02-18 00:30:00",46576,13.23,53.21,1.91,1.81,"NAN","NAN","NAN","NAN",4.407
"2026-02-18 00:40:00",46577,16.83,67.76,2.21,2.11,"NAN","NAN","NAN","NAN",4.372
"2026-02-18 00:50:00",46578,14.67,59.05,2.1,1.99,"NAN","NAN","NAN","NAN",4.368
"2026-02-18 01:00:00",46579,13.52,54.41,1.72,1.62,"NAN","NAN","NAN","NAN",4.371
"2026-02-18 01:10:00",46580,11.65,46.84,1.8,1.71,"NAN","NAN","NAN","NAN",4.375
"2026-02-18 01:20:00",46581,14.43,58.07,1.61,1.52,"NAN","NAN","NAN","NAN",4.391
"2026-02-18 01:30:00",46582,18.05,72.68,1.99,1.89,"NAN","NAN","NAN","NAN",4.396
"2026-02-18 01:40:00",46583,14.13,56.84,1.4,1.32,"NAN","NAN","NAN","NAN",4.398
"2026-02-18 01:50:00",46584,18.29,73.66,1.88,1.78,"NAN","NAN","NAN","NAN",4.401
"2026-02-18 02:00:00",46585,21.85,88.02,2.16,2.05,"NAN","NAN","NAN","NAN",4.41
"2026-02-18 02:10:00",46586,12.1,48.66,1.86,1.76,"NAN","NAN","NAN","NAN",4.409
"2026-02-18 02:20:00",46587,10.16,40.83,1.61,1.51,"NAN","NAN","NAN","NAN",4.42
"2026-02-18 02:30:00",46588,17.14,69,2.33,2.22,"NAN","NAN","NAN","NAN",4.399
"2026-02-18 02:40:00",46589,28.15,113.44,3.38,3.25,"NAN","NAN","NAN","NAN",4.399
"2026-02-18 02:50:00",46590,33.72,135.89,4.4,4.24,"NAN","NAN","NAN","NAN",4.401
"2026-02-18 03:00:00",46591,17.33,69.75,2.43,2.32,"NAN","NAN","NAN","NAN",4.392
"2026-02-18 03:10:00",46592,9.13,36.68,1.35,1.26,"NAN","NAN","NAN","NAN",4.395
"2026-02-18 03:20:00",46593,7.03,28.2,1.11,1.03,"NAN","NAN","NAN","NAN",4.406
"2026-02-18 03:30:00",46594,12.27,49.34,1.85,1.75,"NAN","NAN","NAN","NAN",4.385
"2026-02-18 03:40:00",46595,21.22,85.45,1.97,1.87,"NAN","NAN","NAN","NAN",4.384
"2026-02-18 03:50:00",46596,7.17,28.77,1.09,1.01,"NAN","NAN","NAN","NAN",4.388
"2026-02-18 04:00:00",46597,13.78,55.42,1.6,1.51,"NAN","NAN","NAN","NAN",4.381
"2026-02-18 04:10:00",46598,15.01,60.4,2.46,2.35,"NAN","NAN","NAN","NAN",4.373
"2026-02-18 04:20:00",46599,11.78,47.37,1.75,1.65,"NAN","NAN","NAN","NAN",4.38
"2026-02-18 04:30:00",46600,15.75,63.39,1.92,1.82,"NAN","NAN","NAN","NAN",4.368
"2026-02-18 04:40:00",46601,12.67,50.95,1.61,1.52,"NAN","NAN","NAN","NAN",4.37
"2026-02-18 04:50:00",46602,15.69,63.16,1.59,1.49,"NAN","NAN","NAN","NAN",4.373
"2026-02-18 05:00:00",46603,14.08,56.65,1.81,1.71,"NAN","NAN","NAN","NAN",4.402
"2026-02-18 05:10:00",46604,12.49,50.23,1.55,1.46,"NAN","NAN","NAN","NAN",4.401
"2026-02-18 05:20:00",46605,12.77,51.39,1.85,1.76,"NAN","NAN","NAN","NAN",4.393
"2026-02-18 05:30:00",46606,20.69,83.34,2.57,2.45,"NAN","NAN","NAN","NAN",4.397
"2026-02-18 05:40:00",46607,"NAN","NAN","NAN","NAN","NAN","NAN","NAN","NAN","NAN"
"2026-02-18 05:50:00",46608,25.66,103.38,2.97,2.84,"NAN","NAN","NAN","NAN",4.37
"2026-02-18 06:00:00",46609,21.63,87.1,3.17,3.04,"NAN","NAN","NAN","NAN",4.365
"2026-02-18 06:10:00",46610,26.88,108.29,3.42,3.28,"NAN","NAN","NAN","NAN",4.357
"2026-02-18 06:20:00",46611,21.52,86.65,2.61,2.49,"NAN","NAN","NAN","NAN",4.35
"2026-02-18 06:30:00",46612,19.31,77.75,2.08,1.98,"NAN","NAN","NAN","NAN",4.347
"2026-02-18 06:40:00",46613,25.74,103.71,2.03,1.93,"NAN","NAN","NAN","NAN",4.347
"2026-02-18 06:50:00",46614,11.86,47.71,1.76,1.66,"NAN","NAN","NAN","NAN",4.339
"2026-02-18 07:00:00",46615,14.1,56.73,1.92,1.82,"NAN","NAN","NAN","NAN",4.359
"2026-02-18 07:10:00",46616,14.21,57.16,1.88,1.78,"NAN","NAN","NAN","NAN",4.426
"2026-02-18 07:20:00",46617,35.61,143.52,3.29,3.16,"NAN","NAN","NAN","NAN",4.453
"2026-02-18 07:30:00",46618,9.7,38.99,1.57,1.48,"NAN","NAN","NAN","NAN",4.444
"2026-02-18 07:40:00",46619,11.39,45.81,1.7,1.61,"NAN","NAN","NAN","NAN",4.449
"2026-02-18 07:50:00",46620,14.76,59.41,1.29,1.21,"NAN","NAN","NAN","NAN",4.436
"2026-02-18 08:00:00",46621,17.14,68.99,2.02,1.92,"NAN","NAN","NAN","NAN",4.449
"2026-02-18 08:10:00",46622,9.45,37.96,0.95,0.87,"NAN","NAN","NAN","NAN",4.454
"2026-02-18 08:20:00",46623,12.76,51.33,1.29,1.21,"NAN","NAN","NAN","NAN",4.444
"2026-02-18 08:30:00",46624,4.93,19.73,0.94,0.86,"NAN","NAN","NAN","NAN",4.459
"2026-02-18 08:40:00",46625,6.45,25.87,0.91,0.83,"NAN","NAN","NAN","NAN",4.46
"2026-02-18 08:50:00",46626,8.439999,33.91,1.04,0.96,"NAN","NAN","NAN","NAN",4.459
"2026-02-18 09:00:00",46627,6.02,24.14,1.07,0.99,"NAN","NAN","NAN","NAN",4.457
"2026-02-18 09:10:00",46628,7.75,31.11,0.91,0.83,"NAN","NAN","NAN","NAN",4.455
"2026-02-18 09:20:00",46629,3.1,12.36,0.7,0.63,"NAN","NAN","NAN","NAN",4.459
"2026-02-18 09:30:00",46630,4.4,17.61,0.85,0.78,"NAN","NAN","NAN","NAN",4.446
"2026-02-18 09:40:00",46631,5.81,23.27,0.58,0.52,"NAN","NAN","NAN","NAN",4.444
"2026-02-18 09:50:00",46632,3.37,13.43,0.63,0.56,"NAN","NAN","NAN","NAN",4.447
"2026-02-18 10:00:00",46633,2.54,10.09,0.39,0.33,"NAN","NAN","NAN","NAN",4.451
"2026-02-18 10:10:00",46634,4.42,17.69,0.57,0.5,"NAN","NAN","NAN","NAN",4.475
"2026-02-18 10:20:00",46635,4.91,19.64,0.64,0.57,"NAN","NAN","NAN","NAN",4.482
"2026-02-18 10:30:00",46636,4.93,19.75,0.71,0.63,"NAN","NAN","NAN","NAN",4.476
"2026-02-18 10:40:00",46637,2.63,10.45,0.37,0.31,"NAN","NAN","NAN","NAN",4.467
"2026-02-18 10:50:00",46638,2.11,8.37,0.33,0.27,"NAN","NAN","NAN","NAN",4.464
"2026-02-18 11:00:00",46639,3.63,14.49,0.6,0.53,"NAN","NAN","NAN","NAN",4.446
"2026-02-18 11:10:00",46640,4.24,16.96,0.67,0.6,"NAN","NAN","NAN","NAN",4.464
"2026-02-18 11:20:00",46641,8.71,34.99,1.3,1.21,"NAN","NAN","NAN","NAN",4.462
"2026-02-18 11:30:00",46642,3.76,15.03,0.54,0.48,"NAN","NAN","NAN","NAN",4.459
"2026-02-18 11:40:00",46643,2.17,8.59,0.35,0.29,"NAN","NAN","NAN","NAN",4.468
"2026-02-18 11:50:00",46644,1.23,4.8,0.25,0.19,"NAN","NAN","NAN","NAN",4.477
"2026-02-18 12:00:00",46645,2.22,8.78,0.49,0.43,"NAN","NAN","NAN","NAN",4.468
"2026-02-18 12:10:00",46646,2.11,8.36,0.35,0.28,"NAN","NAN","NAN","NAN",4.466
"2026-02-18 12:20:00",46647,4.79,19.16,0.64,0.57,"NAN","NAN","NAN","NAN",4.439
"2026-02-18 12:30:00",46648,8.11,32.57,1.07,1,"NAN","NAN","NAN","NAN",4.426
"2026-02-18 12:40:00",46649,4.87,19.51,0.6,0.53,"NAN","NAN","NAN","NAN",4.429
"2026-02-18 12:50:00",46650,8.91,35.78,0.65,0.58,"NAN","NAN","NAN","NAN",4.437
"2026-02-18 13:00:00",46651,4.61,18.43,0.49,0.42,"NAN","NAN","NAN","NAN",4.441
"2026-02-18 13:10:00",46652,1.81,7.14,0.53,0.46,"NAN","NAN","NAN","NAN",4.438
"2026-02-18 13:20:00",46653,3.91,15.6,0.49,0.42,"NAN","NAN","NAN","NAN",4.437
"2026-02-18 13:30:00",46654,1.63,6.41,0.54,0.47,"NAN","NAN","NAN","NAN",4.438
"2026-02-18 13:40:00",46655,7.68,30.82,1.02,0.94,"NAN","NAN","NAN","NAN",4.438
"2026-02-18 13:50:00",46656,8.14,32.68,0.97,0.89,"NAN","NAN","NAN","NAN",4.436
"2026-02-18 14:00:00",46657,13.01,52.34,1.5,1.41,"NAN","NAN","NAN","NAN",4.446
"2026-02-18 14:10:00",46658,9.020001,36.26,1.53,1.44,"NAN","NAN","NAN","NAN",4.448
"2026-02-18 14:20:00",46659,11.76,47.3,1.15,1.07,"NAN","NAN","NAN","NAN",4.445
"2026-02-18 14:30:00",46660,"NAN","NAN","NAN","NAN","NAN","NAN","NAN","NAN","NAN"
"2026-02-18 14:40:00",46661,24.63,99.24,3.04,2.91,"NAN","NAN","NAN","NAN",4.495
"2026-02-18 14:50:00",46662,20.97,84.45,2.75,2.63,"NAN","NAN","NAN","NAN",4.512
"2026-02-18 15:00:00",46663,20.03,80.68,2.77,2.65,"NAN","NAN","NAN","NAN",4.526
"2026-02-18 15:10:00",46664,29.93,120.62,3.6,3.46,"NAN","NAN","NAN","NAN",4.568
"2026-02-18 15:20:00",46665,26.42,106.45,2.42,2.31,"NAN","NAN","NAN","NAN",4.586
"2026-02-18 15:30:00",46666,24.71,99.56,2.94,2.82,"NAN","NAN","NAN","NAN",4.572
"2026-02-18 15:40:00",46667,24.47,98.59,2.89,2.77,"NAN","NAN","NAN","NAN",4.556
"2026-02-18 15:50:00",46668,26.53,106.89,3.14,3.01,"NAN","NAN","NAN","NAN",4.547
"2026-02-18 16:00:00",46669,17.2,69.25,2.09,1.99,"NAN","NAN","NAN","NAN",4.513
"2026-02-18 16:10:00",46670,32.71,131.83,3.98,3.83,"NAN","NAN","NAN","NAN",4.496
"2026-02-18 16:20:00",46671,21.96,88.45,2.75,2.63,"NAN","NAN","NAN","NAN",4.556
"2026-02-18 16:30:00",46672,27.27,109.89,3.37,3.23,"NAN","NAN","NAN","NAN",4.568
"2026-02-18 16:40:00",46673,22.91,92.28,2.84,2.72,"NAN","NAN","NAN","NAN",4.575
"2026-02-18 16:50:00",46674,27.45,110.62,2.82,2.7,"NAN","NAN","NAN","NAN",4.579
"2026-02-18 17:00:00",46675,26.42,106.44,2.79,2.67,"NAN","NAN","NAN","NAN",4.576
"2026-02-18 17:10:00",46676,17.55,70.66,2.18,2.07,"NAN","NAN","NAN","NAN",4.527
"2026-02-18 17:20:00",46677,17.92,72.17,2.28,2.17,"NAN","NAN","NAN","NAN",4.5
"2026-02-18 17:30:00",46678,15.53,62.5,1.73,1.64,"NAN","NAN","NAN","NAN",4.537
"2026-02-18 17:40:00",46679,33.71,135.87,3.08,2.95,"NAN","NAN","NAN","NAN",4.531
"2026-02-18 17:50:00",46680,21.26,85.62,2.19,2.08,"NAN","NAN","NAN","NAN",4.494
"2026-02-18 18:00:00",46681,13.81,55.57,2.08,1.98,"NAN","NAN","NAN","NAN",4.477
"2026-02-18 18:10:00",46682,9.15,36.77,0.95,0.87,"NAN","NAN","NAN","NAN",4.41
"2026-02-18 18:20:00",46683,10.54,42.38,1.54,1.45,"NAN","NAN","NAN","NAN",4.386
"2026-02-18 18:30:00",46684,12.72,51.15,1.32,1.23,"NAN","NAN","NAN","NAN",4.344
"2026-02-18 18:40:00",46685,12.59,50.63,1.48,1.39,"NAN","NAN","NAN","NAN",4.349
"2026-02-18 18:50:00",46686,12.28,49.41,1.32,1.24,"NAN","NAN","NAN","NAN",4.366
"2026-02-18 19:00:00",46687,16.31,65.66,1.8,1.71,"NAN","NAN","NAN","NAN",4.387
"2026-02-18 19:10:00",46688,11.3,45.45,1.7,1.6,"NAN","NAN","NAN","NAN",4.402
"2026-02-18 19:20:00",46689,14.92,60.02,1.82,1.73,"NAN","NAN","NAN","NAN",4.406
"2026-02-18 19:30:00",46690,14.01,56.38,1.76,1.67,"NAN","NAN","NAN","NAN",4.408
"2026-02-18 19:40:00",46691,13.7,55.12,1.64,1.55,"NAN","NAN","NAN","NAN",4.401
"2026-02-18 19:50:00",46692,17.46,70.28,2.05,1.94,"NAN","NAN","NAN","NAN",4.448
"2026-02-18 20:00:00",46693,17.44,70.23,2.02,1.91,"NAN","NAN","NAN","NAN",4.434
"2026-02-18 20:10:00",46694,13.64,54.9,1.68,1.58,"NAN","NAN","NAN","NAN",4.449
"2026-02-18 20:20:00",46695,23.41,94.28,2.59,2.48,"NAN","NAN","NAN","NAN",4.48
"2026-02-18 20:30:00",46696,14.19,57.09,1.71,1.61,"NAN","NAN","NAN","NAN",4.473
"2026-02-18 20:40:00",46697,16.52,66.48,2.03,1.93,"NAN","NAN","NAN","NAN",4.455
"2026-02-18 20:50:00",46698,19.02,76.61,2.58,2.47,"NAN","NAN","NAN","NAN",4.457
"2026-02-18 21:00:00",46699,15.17,61.06,1.62,1.53,"NAN","NAN","NAN","NAN",4.445
"2026-02-18 21:10:00",46700,21.02,84.65,2.23,2.13,"NAN","NAN","NAN","NAN",4.429
"2026-02-18 21:20:00",46701,16.05,64.61,2.05,1.95,"NAN","NAN","NAN","NAN",4.435
"2026-02-18 21:30:00",46702,14.68,59.08,1.51,1.42,"NAN","NAN","NAN","NAN",4.427
"2026-02-18 21:40:00",46703,17.84,71.83,2.01,1.9,"NAN","NAN","NAN","NAN",4.479
"2026-02-18 21:50:00",46704,14.2,57.15,2.26,2.15,"NAN","NAN","NAN","NAN",4.499
"2026-02-18 22:00:00",46705,21.84,87.98,2.81,2.69,"NAN","NAN","NAN","NAN",4.509
"2026-02-18 22:10:00",46706,17.58,70.79,1.98,1.88,"NAN","NAN","NAN","NAN",4.508
"2026-02-18 22:20:00",46707,16.72,67.29,1.89,1.79,"NAN","NAN","NAN","NAN",4.498
"2026-02-18 22:30:00",46708,20.16,81.19,2.83,2.71,"NAN","NAN","NAN","NAN",4.475
"2026-02-18 22:40:00",46709,20.02,80.61,2.45,2.33,"NAN","NAN","NAN","NAN",4.506
"2026-02-18 22:50:00",46710,25.31,101.95,3.01,2.88,"NAN","NAN","NAN","NAN",4.51
"2026-02-18 23:00:00",46711,37.08,149.45,4.01,3.86,"NAN","NAN","NAN","NAN",4.508
"2026-02-18 23:10:00",46712,38.41,154.82,3.98,3.83,"NAN","NAN","NAN","NAN",4.501
"2026-02-18 23:20:00",46713,"NAN","NAN","NAN","NAN","NAN","NAN","NAN","NAN","NAN"
"2026-02-18 23:30:00",46714,20.05,80.75,2.7,2.58,"NAN","NAN","NAN","NAN",4.457
"2026-02-18 23:40:00",46715,11.61,46.7,1.72,1.62,"NAN","NAN","NAN","NAN",4.463
"2026-02-18 23:50:00",46716,25.78,103.87,3.2,3.07,"NAN","NAN","NAN","NAN",4.454
"2026-02-19 00:00:00",46717,34.57,139.34,3.08,2.95,"NAN","NAN","NAN","NAN",4.446
"2026-02-19 00:10:00",46718,31.07,125.2,4.45,4.29,"NAN","NAN","NAN","NAN",4.456
"2026-02-19 00:20:00",46719,15.25,61.37,2.29,2.18,"NAN","NAN","NAN","NAN",4.467
"2026-02-19 00:30:00",46720,25.2,101.53,2.62,2.51,"NAN","NAN","NAN","NAN",4.468
"2026-02-19 00:40:00",46721,19.44,78.29,2.44,2.33,"NAN","NAN","NAN","NAN",4.475
"2026-02-19 00:50:00",46722,30.87,124.42,4.04,3.89,"NAN","NAN","NAN","NAN",4.48
"2026-02-19 01:00:00",46723,18.91,76.13,2.1,1.99,"NAN","NAN","NAN","NAN",4.462
"2026-02-19 01:10:00",46724,17.19,69.21,2.13,2.03,"NAN","NAN","NAN","NAN",4.472
"2026-02-19 01:20:00",46725,14.84,59.72,1.68,1.59,"NAN","NAN","NAN","NAN",4.473
"2026-02-19 01:30:00",46726,33.53,135.14,3.53,3.39,"NAN","NAN","NAN","NAN",4.481
"2026-02-19 01:40:00",46727,18.69,75.24,1.99,1.89,"NAN","NAN","NAN","NAN",4.48
"2026-02-19 01:50:00",46728,29.47,118.77,3.3,3.17,"NAN","NAN","NAN","NAN",4.475
"2026-02-19 02:00:00",46729,17.82,71.74,1.81,1.71,"NAN","NAN","NAN","NAN",4.467
"2026-02-19 02:10:00",46730,9.34,37.51,1.47,1.38,"NAN","NAN","NAN","NAN",4.476
"2026-02-19 02:20:00",46731,30.41,122.53,4.28,4.12,"NAN","NAN","NAN","NAN",4.476
"2026-02-19 02:30:00",46732,18.16,73.14,2.94,2.81,"NAN","NAN","NAN","NAN",4.475
"2026-02-19 02:40:00",46733,29.97,120.77,4.19,4.04,"NAN","NAN","NAN","NAN",4.476
"2026-02-19 02:50:00",46734,22.3,89.81,2.55,2.43,"NAN","NAN","NAN","NAN",4.473
"2026-02-19 03:00:00",46735,23.49,94.62,3.45,3.32,"NAN","NAN","NAN","NAN",4.463
"2026-02-19 03:10:00",46736,19.8,79.73,2.65,2.53,"NAN","NAN","NAN","NAN",4.46
"2026-02-19 03:20:00",46737,25.01,100.77,3.55,3.41,"NAN","NAN","NAN","NAN",4.457
"2026-02-19 03:30:00",46738,22.84,92.01,3.76,3.61,"NAN","NAN","NAN","NAN",4.445
"2026-02-19 03:40:00",46739,16.01,64.43,1.95,1.85,"NAN","NAN","NAN","NAN",4.436
"2026-02-19 03:50:00",46740,21.5,86.61,2.71,2.59,"NAN","NAN","NAN","NAN",4.45
"2026-02-19 04:00:00",46741,22.32,89.89,2.29,2.18,"NAN","NAN","NAN","NAN",4.445
"2026-02-19 04:10:00",46742,16.84,67.81,1.75,1.66,"NAN","NAN","NAN","NAN",4.458
"2026-02-19 04:20:00",46743,24.28,97.82,3.33,3.2,"NAN","NAN","NAN","NAN",4.459
"2026-02-19 04:30:00",46744,35.08,141.4,3.82,3.68,"NAN","NAN","NAN","NAN",4.455
"2026-02-19 04:40:00",46745,15.1,60.79,1.64,1.54,"NAN","NAN","NAN","NAN",4.435
"2026-02-19 04:50:00",46746,23.63,95.2,2.6,2.49,"NAN","NAN","NAN","NAN",4.438
"2026-02-19 05:00:00",46747,16.4,66.02,1.83,1.74,"NAN","NAN","NAN","NAN",4.422
"2026-02-19 05:10:00",46748,20.43,82.27,1.74,1.64,"NAN","NAN","NAN","NAN",4.402
"2026-02-19 05:20:00",46749,15.98,64.32,1.82,1.72,"NAN","NAN","NAN","NAN",4.398
"2026-02-19 05:30:00",46750,18.06,72.7,2.28,2.18,"NAN","NAN","NAN","NAN",4.405
"2026-02-19 05:40:00",46751,16.64,66.97,1.79,1.7,"NAN","NAN","NAN","NAN",4.413
"2026-02-19 05:50:00",46752,14.2,57.15,1.73,1.63,"NAN","NAN","NAN","NAN",4.387
"2026-02-19 06:00:00",46753,15.21,61.23,2.27,2.16,"NAN","NAN","NAN","NAN",4.381
"2026-02-19 06:10:00",46754,15.44,62.13,2.01,1.91,"NAN","NAN","NAN","NAN",4.379
"2026-02-19 06:20:00",46755,13.68,55.04,1.55,1.46,"NAN","NAN","NAN","NAN",4.365
"2026-02-19 06:30:00",46756,18.93,76.24,1.79,1.69,"NAN","NAN","NAN","NAN",4.371
"2026-02-19 06:40:00",46757,13.57,54.59,1.61,1.51,"NAN","NAN","NAN","NAN",4.367
"2026-02-19 06:50:00",46758,9.61,38.63,1.32,1.23,"NAN","NAN","NAN","NAN",4.369
"2026-02-19 07:00:00",46759,15.57,62.66,1.73,1.64,"NAN","NAN","NAN","NAN",4.374
"2026-02-19 07:10:00",46760,20.65,83.18,2.38,2.27,"NAN","NAN","NAN","NAN",4.396
"2026-02-19 07:20:00",46761,14.59,58.72,2.07,1.97,"NAN","NAN","NAN","NAN",4.415
"2026-02-19 07:30:00",46762,15.92,64.06,1.77,1.67,"NAN","NAN","NAN","NAN",4.422
"2026-02-19 07:40:00",46763,19.84,79.91,2.88,2.76,"NAN","NAN","NAN","NAN",4.426
"2026-02-19 07:50:00",46764,10.8,43.44,1.42,1.33,"NAN","NAN","NAN","NAN",4.428
"2026-02-19 08:00:00",46765,16.86,67.87,1.88,1.79,"NAN","NAN","NAN","NAN",4.431
"2026-02-19 08:10:00",46766,"NAN","NAN","NAN","NAN","NAN","NAN","NAN","NAN","NAN"
"2026-02-19 08:20:00",46767,20.85,83.97,1.98,1.88,"NAN","NAN","NAN","NAN",4.433
"2026-02-19 08:30:00",46768,15.59,62.73,1.9,1.8,"NAN","NAN","NAN","NAN",4.433
"2026-02-19 08:40:00",46769,28.16,113.48,4.28,4.13,"NAN","NAN","NAN","NAN",4.433
"2026-02-19 08:50:00",46770,13.6,54.72,1.56,1.47,"NAN","NAN","NAN","NAN",4.432
"2026-02-19 09:00:00",46771,13.37,53.77,1.65,1.56,"NAN","NAN","NAN","NAN",4.439
"2026-02-19 09:10:00",46772,6.05,24.24,0.88,0.81,"NAN","NAN","NAN","NAN",4.456
"2026-02-19 09:20:00",46773,13.62,54.8,2.05,1.95,"NAN","NAN","NAN","NAN",4.453
"2026-02-19 09:30:00",46774,9.86,39.63,1.51,1.42,"NAN","NAN","NAN","NAN",4.454
"2026-02-19 09:40:00",46775,11.63,46.76,1.77,1.68,"NAN","NAN","NAN","NAN",4.46
"2026-02-19 09:50:00",46776,11.16,44.87,1.26,1.17,"NAN","NAN","NAN","NAN",4.461
"2026-02-19 10:00:00",46777,9.39,37.72,1.12,1.04,"NAN","NAN","NAN","NAN",4.46
"2026-02-19 10:10:00",46778,14.63,58.86,1.53,1.44,"NAN","NAN","NAN","NAN",4.46
"2026-02-19 10:20:00",46779,9.61,38.6,1.36,1.28,"NAN","NAN","NAN","NAN",4.465
"2026-02-19 10:30:00",46780,11,44.22,0.92,0.85,"NAN","NAN","NAN","NAN",4.467
"2026-02-19 10:40:00",46781,12.68,50.99,1.37,1.29,"NAN","NAN","NAN","NAN",4.469
"2026-02-19 10:50:00",46782,10.02,40.26,1.16,1.08,"NAN","NAN","NAN","NAN",4.474
"2026-02-19 11:00:00",46783,11.14,44.78,1.14,1.06,"NAN","NAN","NAN","NAN",4.472
"2026-02-19 11:10:00",46784,10.65,42.81,1.54,1.45,"NAN","NAN","NAN","NAN",4.479
"2026-02-19 11:20:00",46785,5.06,20.27,0.77,0.7,"NAN","NAN","NAN","NAN",4.482
"2026-02-19 11:30:00",46786,7.09,28.47,1,0.92,"NAN","NAN","NAN","NAN",4.481
"2026-02-19 11:40:00",46787,7.58,30.41,0.75,0.68,"NAN","NAN","NAN","NAN",4.486
"2026-02-19 11:50:00",46788,12.44,50.05,1.08,1,"NAN","NAN","NAN","NAN",4.501
"2026-02-19 12:00:00",46789,8.57,34.41,1.18,1.1,"NAN","NAN","NAN","NAN",4.495
"2026-02-19 12:10:00",46790,8.5,34.14,0.95,0.87,"NAN","NAN","NAN","NAN",4.491
"2026-02-19 12:20:00",46791,11.81,47.49,1.02,0.95,"NAN","NAN","NAN","NAN",4.481
"2026-02-19 12:30:00",46792,18.4,74.07,1.4,1.31,"NAN","NAN","NAN","NAN",4.491
"2026-02-19 12:40:00",46793,13.65,54.93,1.55,1.46,"NAN","NAN","NAN","NAN",4.498
"2026-02-19 12:50:00",46794,8.29,33.3,1.02,0.94,"NAN","NAN","NAN","NAN",4.498
"2026-02-19 13:00:00",46795,14.79,59.53,1.43,1.34,"NAN","NAN","NAN","NAN",4.491
"2026-02-19 13:10:00",46796,10.94,43.99,1.59,1.49,"NAN","NAN","NAN","NAN",4.497
"2026-02-19 13:20:00",46797,11.55,46.44,1.39,1.31,"NAN","NAN","NAN","NAN",4.503
"2026-02-19 13:30:00",46798,13.51,54.35,1.48,1.39,"NAN","NAN","NAN","NAN",4.508
"2026-02-19 13:40:00",46799,20.46,82.39,2.67,2.55,"NAN","NAN","NAN","NAN",4.512
"2026-02-19 13:50:00",46800,24.71,99.54,2.97,2.84,"NAN","NAN","NAN","NAN",4.501
"2026-02-19 14:00:00",46801,20.68,83.27,1.58,1.49,"NAN","NAN","NAN","NAN",4.509
"2026-02-19 14:10:00",46802,19.09,76.86,2.37,2.26,"NAN","NAN","NAN","NAN",4.504
"2026-02-19 14:20:00",46803,14.84,59.71,1.95,1.85,"NAN","NAN","NAN","NAN",4.503
"2026-02-19 14:30:00",46804,12.32,49.57,1.57,1.48,"NAN","NAN","NAN","NAN",4.515
"2026-02-19 14:40:00",46805,7.77,31.19,1.15,1.07,"NAN","NAN","NAN","NAN",4.515
"2026-02-19 14:50:00",46806,12.89,51.84,1.66,1.57,"NAN","NAN","NAN","NAN",4.515
"2026-02-19 15:00:00",46807,7.3,29.3,0.92,0.85,"NAN","NAN","NAN","NAN",4.517
"2026-02-19 15:10:00",46808,4.21,16.82,0.52,0.45,"NAN","NAN","NAN","NAN",4.518
"2026-02-19 15:20:00",46809,25.34,102.08,2.73,2.61,"NAN","NAN","NAN","NAN",4.526
"2026-02-19 15:30:00",46810,14.47,58.22,2.2,2.1,"NAN","NAN","NAN","NAN",4.523
"2026-02-19 15:40:00",46811,22.06,88.84,2.54,2.43,"NAN","NAN","NAN","NAN",4.518
"2026-02-19 15:50:00",46812,25.49,102.71,2.64,2.53,"NAN","NAN","NAN","NAN",4.517
"2026-02-19 16:00:00",46813,17.56,70.71,2.41,2.3,"NAN","NAN","NAN","NAN",4.517
"2026-02-19 16:10:00",46814,22.93,92.38,2.62,2.5,"NAN","NAN","NAN","NAN",4.519
"2026-02-19 16:20:00",46815,16.88,67.95,2.25,2.15,"NAN","NAN","NAN","NAN",4.52
"2026-02-19 16:30:00",46816,7.08,28.41,1.17,1.09,"NAN","NAN","NAN","NAN",4.519
"2026-02-19 16:40:00",46817,22.32,89.92,2.92,2.79,"NAN","NAN","NAN","NAN",4.517
"2026-02-19 16:50:00",46818,9.75,39.18,0.89,0.82,"NAN","NAN","NAN","NAN",4.445
"2026-02-19 17:00:00",46819,"NAN","NAN","NAN","NAN","NAN","NAN","NAN","NAN","NAN"
"2026-02-19 17:10:00",46820,12.27,49.37,1.39,1.31,"NAN","NAN","NAN","NAN",4.527
"2026-02-19 17:20:00",46821,11.33,45.55,1.57,1.47,"NAN","NAN","NAN","NAN",4.542
"2026-02-19 17:30:00",46822,14.52,58.41,1.29,1.21,"NAN","NAN","NAN","NAN",4.539
"2026-02-19 17:40:00",46823,14.39,57.89,1.79,1.69,"NAN","NAN","NAN","NAN",4.528
"2026-02-19 17:50:00",46824,12.96,52.12,1.59,1.5,"NAN","NAN","NAN","NAN",4.499
"2026-02-19 18:00:00",46825,14.18,57.07,2,1.89,"NAN","NAN","NAN","NAN",4.458
"2026-02-19 18:10:00",46826,16.34,65.79,2.14,2.04,"NAN","NAN","NAN","NAN",4.436
"2026-02-19 18:20:00",46827,10.34,41.54,1.01,0.93,"NAN","NAN","NAN","NAN",4.414
"2026-02-19 18:30:00",46828,6.22,24.92,0.71,0.64,"NAN","NAN","NAN","NAN",4.384
"2026-02-19 18:40:00",46829,11.12,44.72,1.17,1.09,"NAN","NAN","NAN","NAN",4.382
"2026-02-19 18:50:00",46830,8.42,33.83,1.01,0.94,"NAN","NAN","NAN","NAN",4.393
"2026-02-19 19:00:00",46831,8.41,33.76,1.21,1.13,"NAN","NAN","NAN","NAN",4.389
"2026-02-19 19:10:00",46832,7.73,31.03,0.94,0.87,"NAN","NAN","NAN","NAN",4.395
"2026-02-19 19:20:00",46833,14.37,57.82,1.4,1.31,"NAN","NAN","NAN","NAN",4.429
"2026-02-19 19:30:00",46834,9.38,37.69,1.46,1.37,"NAN","NAN","NAN","NAN",4.429
"2026-02-19 19:40:00",46835,12.65,50.88,1.53,1.44,"NAN","NAN","NAN","NAN",4.43
"2026-02-19 19:50:00",46836,13.26,53.36,1.58,1.49,"NAN","NAN","NAN","NAN",4.434
"2026-02-19 20:00:00",46837,11.03,44.36,1.37,1.29,"NAN","NAN","NAN","NAN",4.429
"2026-02-19 20:10:00",46838,10.29,41.35,1.31,1.22,"NAN","NAN","NAN","NAN",4.418
"2026-02-19 20:20:00",46839,17.21,69.28,2.19,2.08,"NAN","NAN","NAN","NAN",4.446
"2026-02-19 20:30:00",46840,21.88,88.11,2.43,2.32,"NAN","NAN","NAN","NAN",4.463
"2026-02-19 20:40:00",46841,11.03,44.37,1.58,1.49,"NAN","NAN","NAN","NAN",4.476
"2026-02-19 20:50:00",46842,12.67,50.95,1.7,1.6,"NAN","NAN","NAN","NAN",4.473
"2026-02-19 21:00:00",46843,22.71,91.47,2.79,2.67,"NAN","NAN","NAN","NAN",4.459
"2026-02-19 21:10:00",46844,12.67,50.96,2.08,1.98,"NAN","NAN","NAN","NAN",4.46
"2026-02-19 21:20:00",46845,23.91,96.3,2.28,2.17,"NAN","NAN","NAN","NAN",4.466
"2026-02-19 21:30:00",46846,8.84,35.52,1.04,0.96,"NAN","NAN","NAN","NAN",4.471
"2026-02-19 21:40:00",46847,18.45,74.27,2.13,2.02,"NAN","NAN","NAN","NAN",4.479
"2026-02-19 21:50:00",46848,20.04,80.69,2.46,2.35,"NAN","NAN","NAN","NAN",4.481
"2026-02-19 22:00:00",46849,16.06,64.63,1.89,1.79,"NAN","NAN","NAN","NAN",4.482
"2026-02-19 22:10:00",46850,15,60.37,3.11,2.99,"NAN","NAN","NAN","NAN",4.502
"2026-02-19 22:20:00",46851,8.89,35.7,1.24,1.16,"NAN","NAN","NAN","NAN",4.482
"2026-02-19 22:30:00",46852,17.57,70.75,1.91,1.81,"NAN","NAN","NAN","NAN",4.495
"2026-02-19 22:40:00",46853,11.93,47.98,1.37,1.29,"NAN","NAN","NAN","NAN",4.489
"2026-02-19 22:50:00",46854,23.34,94.03,2.72,2.6,"NAN","NAN","NAN","NAN",4.483
"2026-02-19 23:00:00",46855,17.11,68.9,2.5,2.39,"NAN","NAN","NAN","NAN",4.472
"2026-02-19 23:10:00",46856,19.99,80.51,2.67,2.56,"NAN","NAN","NAN","NAN",4.472
"2026-02-19 23:20:00",46857,12.06,48.49,1.55,1.46,"NAN","NAN","NAN","NAN",4.499
"2026-02-19 23:30:00",46858,12.78,51.42,1.7,1.6,"NAN","NAN","NAN","NAN",4.492
"2026-02-19 23:40:00",46859,9.33,37.51,1.31,1.23,"NAN","NAN","NAN","NAN",4.484
"2026-02-19 23:50:00",46860,16.34,65.76,1.8,1.7,"NAN","NAN","NAN","NAN",4.482
"2026-02-20 00:00:00",46861,16.35,65.81,1.99,1.89,"NAN","NAN","NAN","NAN",4.486
"2026-02-20 00:10:00",46862,12.35,49.68,1.66,1.57,"NAN","NAN","NAN","NAN",4.475
"2026-02-20 00:20:00",46863,11.27,45.32,1.21,1.12,"NAN","NAN","NAN","NAN",4.483
"2026-02-20 00:30:00",46864,9.04,36.32,1.28,1.19,"NAN","NAN","NAN","NAN",4.489
"2026-02-20 00:40:00",46865,13.54,54.47,1.56,1.46,"NAN","NAN","NAN","NAN",4.489
"2026-02-20 00:50:00",46866,16.37,65.88,2.21,2.1,"NAN","NAN","NAN","NAN",4.482
"2026-02-20 01:00:00",46867,14.45,58.15,1.99,1.89,"NAN","NAN","NAN","NAN",4.463
"2026-02-20 01:10:00",46868,27.2,109.61,1.79,1.69,"NAN","NAN","NAN","NAN",4.462
"2026-02-20 01:20:00",46869,12.67,50.95,1.98,1.88,"NAN","NAN","NAN","NAN",4.458
"2026-02-20 01:30:00",46870,15.55,62.59,2.25,2.14,"NAN","NAN","NAN","NAN",4.453
"2026-02-20 01:40:00",46871,8.39,33.68,1.1,1.02,"NAN","NAN","NAN","NAN",4.448
"2026-02-20 01:50:00",46872,"NAN","NAN","NAN","NAN","NAN","NAN","NAN","NAN","NAN"
"2026-02-20 02:00:00",46873,14.3,57.53,1.92,1.82,"NAN","NAN","NAN","NAN",4.449
"2026-02-20 02:10:00",46874,31.65,127.54,3.73,3.59,"NAN","NAN","NAN","NAN",4.462
"2026-02-20 02:20:00",46875,20.77,83.66,2.24,2.14,"NAN","NAN","NAN","NAN",4.457
"2026-02-20 02:30:00",46876,15.78,63.51,1.66,1.57,"NAN","NAN","NAN","NAN",4.44
"2026-02-20 02:40:00",46877,18.93,76.22,1.89,1.79,"NAN","NAN","NAN","NAN",4.443
"2026-02-20 02:50:00",46878,13.02,52.36,1.69,1.6,"NAN","NAN","NAN","NAN",4.45
"2026-02-20 03:00:00",46879,15.49,62.36,1.88,1.78,"NAN","NAN","NAN","NAN",4.447
"2026-02-20 03:10:00",46880,16.21,65.25,1.95,1.85,"NAN","NAN","NAN","NAN",4.445
"2026-02-20 03:20:00",46881,11.89,47.8,1.8,1.7,"NAN","NAN","NAN","NAN",4.433
"2026-02-20 03:30:00",46882,14.54,58.51,1.88,1.78,"NAN","NAN","NAN","NAN",4.435
"2026-02-20 03:40:00",46883,12.53,50.42,1.54,1.45,"NAN","NAN","NAN","NAN",4.434
"2026-02-20 03:50:00",46884,20.86,84.02,2.28,2.17,"NAN","NAN","NAN","NAN",4.437
"2026-02-20 04:00:00",46885,20.52,82.66,2.23,2.12,"NAN","NAN","NAN","NAN",4.436
"2026-02-20 04:10:00",46886,32.23,129.88,3.62,3.48,"NAN","NAN","NAN","NAN",4.43
"2026-02-20 04:20:00",46887,44.97,181.29,5.29,5.11,"NAN","NAN","NAN","NAN",4.435
"2026-02-20 04:30:00",46888,13.17,52.97,1.67,1.58,"NAN","NAN","NAN","NAN",4.429
"2026-02-20 04:40:00",46889,9.61,38.61,1.39,1.31,"NAN","NAN","NAN","NAN",4.445
"2026-02-20 04:50:00",46890,10.5,42.21,1.69,1.59,"NAN","NAN","NAN","NAN",4.442
"2026-02-20 05:00:00",46891,19.92,80.23,2.29,2.18,"NAN","NAN","NAN","NAN",4.431
"2026-02-20 05:10:00",46892,10.75,43.22,1.6,1.51,"NAN","NAN","NAN","NAN",4.429
"2026-02-20 05:20:00",46893,21.17,85.26,2.62,2.5,"NAN","NAN","NAN","NAN",4.424
"2026-02-20 05:30:00",46894,11.86,47.68,1.72,1.63,"NAN","NAN","NAN","NAN",4.44
"2026-02-20 05:40:00",46895,21.02,84.64,3.05,2.93,"NAN","NAN","NAN","NAN",4.433
"2026-02-20 05:50:00",46896,18.59,74.85,2.47,2.36,"NAN","NAN","NAN","NAN",4.422
"2026-02-20 06:00:00",46897,20.07,80.83,2.01,1.91,"NAN","NAN","NAN","NAN",4.415
"2026-02-20 06:10:00",46898,10.84,43.59,1.25,1.17,"NAN","NAN","NAN","NAN",4.416
"2026-02-20 06:20:00",46899,12.15,48.86,1.91,1.81,"NAN","NAN","NAN","NAN",4.431
"2026-02-20 06:30:00",46900,19.26,77.57,1.57,1.48,"NAN","NAN","NAN","NAN",4.407
"2026-02-20 06:40:00",46901,14.69,59.12,1.6,1.51,"NAN","NAN","NAN","NAN",4.403
"2026-02-20 06:50:00",46902,10.72,43.1,1.35,1.26,"NAN","NAN","NAN","NAN",4.408
"2026-02-20 07:00:00",46903,13.66,54.95,1.88,1.79,"NAN","NAN","NAN","NAN",4.413
"2026-02-20 07:10:00",46904,14.75,59.34,1.85,1.75,"NAN","NAN","NAN","NAN",4.441
"2026-02-20 07:20:00",46905,17.88,71.98,1.98,1.88,"NAN","NAN","NAN","NAN",4.474
"2026-02-20 07:30:00",46906,19.47,78.42,1.7,1.61,"NAN","NAN","NAN","NAN",4.483
"2026-02-20 07:40:00",46907,15.24,61.32,1.95,1.85,"NAN","NAN","NAN","NAN",4.494
"2026-02-20 07:50:00",46908,16.17,65.09,1.91,1.81,"NAN","NAN","NAN","NAN",4.502
"2026-02-20 08:00:00",46909,11.75,47.27,1.74,1.65,"NAN","NAN","NAN","NAN",4.498
"2026-02-20 08:10:00",46910,11.03,44.33,1.43,1.34,"NAN","NAN","NAN","NAN",4.51
"2026-02-20 08:20:00",46911,18.15,73.07,1.74,1.64,"NAN","NAN","NAN","NAN",4.511
"2026-02-20 08:30:00",46912,10.29,41.38,1.31,1.23,"NAN","NAN","NAN","NAN",4.503
"2026-02-20 08:40:00",46913,6.02,24.15,0.88,0.81,"NAN","NAN","NAN","NAN",4.501
"2026-02-20 08:50:00",46914,6.38,25.59,0.87,0.79,"NAN","NAN","NAN","NAN",4.497
"2026-02-20 09:00:00",46915,7.41,29.75,1.2,1.12,"NAN","NAN","NAN","NAN",4.501
"2026-02-20 09:10:00",46916,10.02,40.27,1.24,1.16,"NAN","NAN","NAN","NAN",4.503
"2026-02-20 09:20:00",46917,11.85,47.67,1.42,1.33,"NAN","NAN","NAN","NAN",4.502
"2026-02-20 09:30:00",46918,4.2,16.79,0.53,0.47,"NAN","NAN","NAN","NAN",4.504
"2026-02-20 09:40:00",46919,2.67,10.6,0.36,0.3,"NAN","NAN","NAN","NAN",4.505
"2026-02-20 09:50:00",46920,9.810001,39.41,1.04,0.96,"NAN","NAN","NAN","NAN",4.502
"2026-02-20 10:00:00",46921,9.67,38.84,1.36,1.27,"NAN","NAN","NAN","NAN",4.507
"2026-02-20 10:10:00",46922,6.51,26.09,1.09,1.01,"NAN","NAN","NAN","NAN",4.508
"2026-02-20 10:20:00",46923,7.87,31.62,1.03,0.95,"NAN","NAN","NAN","NAN",4.505
"2026-02-20 10:30:00",46924,11.33,45.56,0.96,0.88,"NAN","NAN","NAN","NAN",4.5
"2026-02-20 10:40:00",46925,"NAN","NAN","NAN","NAN","NAN","NAN","NAN","NAN","NAN"
"2026-02-20 10:50:00",46926,10.28,41.32,1.18,1.1,"NAN","NAN","NAN","NAN",4.517
"2026-02-20 11:00:00",46927,7.89,31.69,0.79,0.72,"NAN","NAN","NAN","NAN",4.496
"2026-02-20 11:10:00",46928,6.23,24.96,0.6,0.53,"NAN","NAN","NAN","NAN",4.5
"2026-02-20 11:20:00",46929,8.53,34.26,1.05,0.97,"NAN","NAN","NAN","NAN",4.504
"2026-02-20 11:30:00",46930,8.520001,34.24,1.08,1,"NAN","NAN","NAN","NAN",4.514
"2026-02-20 11:40:00",46931,8.88,35.66,0.86,0.78,"NAN","NAN","NAN","NAN",4.493
"2026-02-20 11:50:00",46932,11.44,46,1.01,0.93,"NAN","NAN","NAN","NAN",4.512
"2026-02-20 12:00:00",46933,6.24,25,0.94,0.86,"NAN","NAN","NAN","NAN",4.542
"2026-02-20 12:10:00",46934,11.94,48.01,1.15,1.07,"NAN","NAN","NAN","NAN",4.509
"2026-02-20 12:20:00",46935,13.19,53.05,1.27,1.19,"NAN","NAN","NAN","NAN",4.513
"2026-02-20 12:30:00",46936,9.479999,38.1,1.03,0.95,"NAN","NAN","NAN","NAN",4.526
"2026-02-20 12:40:00",46937,16.29,65.59,1.67,1.58,"NAN","NAN","NAN","NAN",4.545
"2026-02-20 12:50:00",46938,14.42,58.02,1.94,1.84,"NAN","NAN","NAN","NAN",4.545
"2026-02-20 13:00:00",46939,11.24,45.19,1.23,1.15,"NAN","NAN","NAN","NAN",4.508
"2026-02-20 13:10:00",46940,11.77,47.34,1.28,1.19,"NAN","NAN","NAN","NAN",4.537
"2026-02-20 13:20:00",46941,15.21,61.22,1.54,1.45,"NAN","NAN","NAN","NAN",4.538
"2026-02-20 13:30:00",46942,16.34,65.78,1.48,1.4,"NAN","NAN","NAN","NAN",4.518
"2026-02-20 13:40:00",46943,17.37,69.94,1.69,1.59,"NAN","NAN","NAN","NAN",4.525
"2026-02-20 13:50:00",46944,15.51,62.43,1.38,1.29,"NAN","NAN","NAN","NAN",4.528
"2026-02-20 14:00:00",46945,18.48,74.4,1.62,1.53,"NAN","NAN","NAN","NAN",4.521
"2026-02-20 14:10:00",46946,16.96,68.27,1.26,1.18,"NAN","NAN","NAN","NAN",4.521
"2026-02-20 14:20:00",46947,12.04,48.43,1.23,1.15,"NAN","NAN","NAN","NAN",4.516
"2026-02-20 14:30:00",46948,13.19,53.06,1.45,1.36,"NAN","NAN","NAN","NAN",4.51
"2026-02-20 14:40:00",46949,18.18,73.21,1.48,1.39,"NAN","NAN","NAN","NAN",4.547
"2026-02-20 14:50:00",46950,14.49,58.31,1.38,1.29,"NAN","NAN","NAN","NAN",4.6
"2026-02-20 15:00:00",46951,16.02,64.48,1.42,1.33,"NAN","NAN","NAN","NAN",4.586
"2026-02-20 15:10:00",46952,34.69,139.82,2.88,2.75,"NAN","NAN","NAN","NAN",4.601
"2026-02-20 15:20:00",46953,11.71,47.09,1.24,1.15,"NAN","NAN","NAN","NAN",4.615
"2026-02-20 15:30:00",46954,12.21,49.12,1.49,1.4,"NAN","NAN","NAN","NAN",4.564
"2026-02-20 15:40:00",46955,6.7,26.89,1.27,1.19,"NAN","NAN","NAN","NAN",4.869
"2026-02-20 15:50:00",46956,9.95,39.97,1.38,1.3,"NAN","NAN","NAN","NAN",4.862
"2026-02-20 16:00:00",46957,15.19,61.12,1.36,1.27,"NAN","NAN","NAN","NAN",4.671
"2026-02-20 16:10:00",46958,12.41,49.9,1.31,1.22,"NAN","NAN","NAN","NAN",4.587
"2026-02-20 16:20:00",46959,13.47,54.21,1.41,1.32,"NAN","NAN","NAN","NAN",4.53
"2026-02-20 16:30:00",46960,9.479999,38.07,0.82,0.75,"NAN","NAN","NAN","NAN",4.466
"2026-02-20 16:40:00",46961,12.14,48.85,0.83,0.76,"NAN","NAN","NAN","NAN",4.433
"2026-02-20 16:50:00",46962,8.41,33.76,0.71,0.63,"NAN","NAN","NAN","NAN",4.453
"2026-02-20 17:00:00",46963,6.21,24.9,0.57,0.5,"NAN","NAN","NAN","NAN",4.436
"2026-02-20 17:10:00",46964,6.08,24.38,0.59,0.52,"NAN","NAN","NAN","NAN",4.428
"2026-02-20 17:20:00",46965,7.48,30.01,0.75,0.68,"NAN","NAN","NAN","NAN",4.431
"2026-02-20 17:30:00",46966,5.44,21.78,0.52,0.45,"NAN","NAN","NAN","NAN",4.415
"2026-02-20 17:40:00",46967,4.34,17.37,0.43,0.37,"NAN","NAN","NAN","NAN",4.427
"2026-02-20 17:50:00",46968,4.27,17.05,0.52,0.46,"NAN","NAN","NAN","NAN",4.428
"2026-02-20 18:00:00",46969,4.96,19.85,0.58,0.51,"NAN","NAN","NAN","NAN",4.436
"2026-02-20 18:10:00",46970,8.09,32.5,0.89,0.82,"NAN","NAN","NAN","NAN",4.448
"2026-02-20 18:20:00",46971,6.16,24.68,0.67,0.6,"NAN","NAN","NAN","NAN",4.451
"2026-02-20 18:30:00",46972,6.9,27.67,0.76,0.69,"NAN","NAN","NAN","NAN",4.457
"2026-02-20 18:40:00",46973,7.7,30.9,0.76,0.69,"NAN","NAN","NAN","NAN",4.469
"2026-02-20 18:50:00",46974,8.020001,32.21,0.86,0.78,"NAN","NAN","NAN","NAN",4.472
"2026-02-20 19:00:00",46975,8.1,32.54,0.94,0.86,"NAN","NAN","NAN","NAN",4.476
"2026-02-20 19:10:00",46976,7.9,31.73,0.84,0.76,"NAN","NAN","NAN","NAN",4.476
"2026-02-20 19:20:00",46977,8.74,35.12,0.86,0.79,"NAN","NAN","NAN","NAN",4.475
"2026-02-20 19:30:00",46978,"NAN","NAN","NAN","NAN","NAN","NAN","NAN","NAN","NAN"
"2026-02-20 19:40:00",46979,5.89,23.61,0.75,0.68,"NAN","NAN","NAN","NAN",4.472
"2026-02-20 19:50:00",46980,7.67,30.78,0.99,0.92,"NAN","NAN","NAN","NAN",4.466
"2026-02-20 20:00:00",46981,4.68,18.74,0.69,0.62,"NAN","NAN","NAN","NAN",4.451
"2026-02-20 20:10:00",46982,4.97,19.88,0.72,0.65,"NAN","NAN","NAN","NAN",4.452
"2026-02-20 20:20:00",46983,5.77,23.12,0.7,0.63,"NAN","NAN","NAN","NAN",4.45
"2026-02-20 20:30:00",46984,6.38,25.59,0.71,0.64,"NAN","NAN","NAN","NAN",4.452
"2026-02-20 20:40:00",46985,6.12,24.52,0.86,0.78,"NAN","NAN","NAN","NAN",4.447
"2026-02-20 20:50:00",46986,8.43,33.85,0.86,0.79,"NAN","NAN","NAN","NAN",4.448
"2026-02-20 21:00:00",46987,8.92,35.82,0.94,0.86,"NAN","NAN","NAN","NAN",4.449
"2026-02-20 21:10:00",46988,10.2,40.99,0.93,0.86,"NAN","NAN","NAN","NAN",4.452
"2026-02-20 21:20:00",46989,6.6,26.47,0.92,0.84,"NAN","NAN","NAN","NAN",4.458
"2026-02-20 21:30:00",46990,10.15,40.8,1.15,1.07,"NAN","NAN","NAN","NAN",4.457
"2026-02-20 21:40:00",46991,7.48,30.03,0.86,0.78,"NAN","NAN","NAN","NAN",4.454
"2026-02-20 21:50:00",46992,8.9,35.77,0.76,0.69,"NAN","NAN","NAN","NAN",4.453
"2026-02-20 22:00:00",46993,5.94,23.81,0.87,0.8,"NAN","NAN","NAN","NAN",4.45
"2026-02-20 22:10:00",46994,6.92,27.75,0.77,0.7,"NAN","NAN","NAN","NAN",4.454
"2026-02-20 22:20:00",46995,10.38,41.73,1.05,0.97,"NAN","NAN","NAN","NAN",4.451
"2026-02-20 22:30:00",46996,7.17,28.79,0.87,0.8,"NAN","NAN","NAN","NAN",4.447
"2026-02-20 22:40:00",46997,11.84,47.61,1.06,0.98,"NAN","NAN","NAN","NAN",4.447
"2026-02-20 22:50:00",46998,6.99,28.04,0.78,0.71,"NAN","NAN","NAN","NAN",4.444
"2026-02-20 23:00:00",46999,6.97,27.98,0.77,0.7,"NAN","NAN","NAN","NAN",4.443
"2026-02-20 23:10:00",47000,7.02,28.18,0.84,0.77,"NAN","NAN","NAN","NAN",4.413
"2026-02-20 23:20:00",47001,9.35,37.55,0.91,0.83,"NAN","NAN","NAN","NAN",4.411
"2026-02-20 23:30:00",47002,9.59,38.55,0.84,0.77,"NAN","NAN","NAN","NAN",4.421
"2026-02-20 23:40:00",47003,10.06,40.45,0.97,0.89,"NAN","NAN","NAN","NAN",4.424
"2026-02-20 23:50:00",47004,9.79,39.36,0.99,0.91,"NAN","NAN","NAN","NAN",4.426
"2026-02-21 00:00:00",47005,9.59,38.53,0.98,0.9,"NAN","NAN","NAN","NAN",4.428
"2026-02-21 00:10:00",47006,7.06,28.33,0.77,0.7,"NAN","NAN","NAN","NAN",4.427
"2026-02-21 00:20:00",47007,8.3,33.34,0.89,0.81,"NAN","NAN","NAN","NAN",4.43
"2026-02-21 00:30:00",47008,8.5,34.13,0.97,0.9,"NAN","NAN","NAN","NAN",4.419
"2026-02-21 00:40:00",47009,8.310001,33.38,0.96,0.88,"NAN","NAN","NAN","NAN",4.418
"2026-02-21 00:50:00",47010,6.27,25.13,0.87,0.79,"NAN","NAN","NAN","NAN",4.43
"2026-02-21 01:00:00",47011,9.26,37.2,0.91,0.84,"NAN","NAN","NAN","NAN",4.426
"2026-02-21 01:10:00",47012,7.96,31.96,1.01,0.93,"NAN","NAN","NAN","NAN",4.427
"2026-02-21 01:20:00",47013,14.17,57.01,0.91,0.84,"NAN","NAN","NAN","NAN",4.43
"2026-02-21 01:30:00",47014,9.71,39.01,0.87,0.79,"NAN","NAN","NAN","NAN",4.425
"2026-02-21 01:40:00",47015,9.520001,38.25,0.91,0.84,"NAN","NAN","NAN","NAN",4.421
"2026-02-21 01:50:00",47016,6.31,25.28,1.04,0.97,"NAN","NAN","NAN","NAN",4.416
"2026-02-21 02:00:00",47017,8.09,32.47,0.98,0.91,"NAN","NAN","NAN","NAN",4.389
"2026-02-21 02:10:00",47018,10.83,43.52,1.12,1.04,"NAN","NAN","NAN","NAN",4.379
"2026-02-21 02:20:00",47019,7,28.08,0.82,0.75,"NAN","NAN","NAN","NAN",4.352
"2026-02-21 02:30:00",47020,12.05,48.46,1.04,0.96,"NAN","NAN","NAN","NAN",4.385
"2026-02-21 02:40:00",47021,8.33,33.44,0.96,0.89,"NAN","NAN","NAN","NAN",4.414
"2026-02-21 02:50:00",47022,6.99,28.03,0.82,0.75,"NAN","NAN","NAN","NAN",4.409
"2026-02-21 03:00:00",47023,6.94,27.85,1.08,1,"NAN","NAN","NAN","NAN",4.389
"2026-02-21 03:10:00",47024,7.16,28.72,0.87,0.8,"NAN","NAN","NAN","NAN",4.391
"2026-02-21 03:20:00",47025,8.16,32.76,0.84,0.76,"NAN","NAN","NAN","NAN",4.417
"2026-02-21 03:30:00",47026,9.9,39.8,0.86,0.78,"NAN","NAN","NAN","NAN",4.426
"2026-02-21 03:40:00",47027,7.75,31.11,0.95,0.88,"NAN","NAN","NAN","NAN",4.422
"2026-02-21 03:50:00",47028,8.45,33.92,1.22,1.14,"NAN","NAN","NAN","NAN",4.427
"2026-02-21 04:00:00",47029,8.07,32.4,1.04,0.96,"NAN","NAN","NAN","NAN",4.433
"2026-02-21 04:10:00",47030,10.23,41.12,1.01,0.93,"NAN","NAN","NAN","NAN",4.432
"2026-02-21 04:20:00",47031,"NAN","NAN","NAN","NAN","NAN","NAN","NAN","NAN","NAN"
"2026-02-21 04:30:00",47032,7.15,28.69,0.94,0.86,"NAN","NAN","NAN","NAN",4.438
"2026-02-21 04:40:00",47033,10.42,41.87,1.09,1.01,"NAN","NAN","NAN","NAN",4.437
"2026-02-21 04:50:00",47034,10.68,42.94,1.22,1.13,"NAN","NAN","NAN","NAN",4.436
"2026-02-21 05:00:00",47035,12.15,48.87,1.27,1.18,"NAN","NAN","NAN","NAN",4.437
"2026-02-21 05:10:00",47036,9.61,38.6,1.37,1.28,"NAN","NAN","NAN","NAN",4.432
"2026-02-21 05:20:00",47037,9.34,37.52,1.06,0.98,"NAN","NAN","NAN","NAN",4.443
"2026-02-21 05:30:00",47038,12.06,48.52,1.25,1.16,"NAN","NAN","NAN","NAN",4.436
"2026-02-21 05:40:00",47039,11.86,47.7,1.02,0.95,"NAN","NAN","NAN","NAN",4.431
"2026-02-21 05:50:00",47040,9.520001,38.26,0.93,0.85,"NAN","NAN","NAN","NAN",4.418
"2026-02-21 06:00:00",47041,11.31,45.47,1.04,0.96,"NAN","NAN","NAN","NAN",4.418
"2026-02-21 06:10:00",47042,8.43,33.87,0.94,0.87,"NAN","NAN","NAN","NAN",4.423
"2026-02-21 06:20:00",47043,11.67,46.92,1.19,1.11,"NAN","NAN","NAN","NAN",4.417
"2026-02-21 06:30:00",47044,10.97,44.1,1.01,0.93,"NAN","NAN","NAN","NAN",4.408
"2026-02-21 06:40:00",47045,6.78,27.21,0.91,0.84,"NAN","NAN","NAN","NAN",4.404
"2026-02-21 06:50:00",47046,7.21,28.94,1.04,0.96,"NAN","NAN","NAN","NAN",4.393
"2026-02-21 07:00:00",47047,12.03,48.37,1.27,1.18,"NAN","NAN","NAN","NAN",4.384
"2026-02-21 07:10:00",47048,9.74,39.15,1.33,1.25,"NAN","NAN","NAN","NAN",4.387
"2026-02-21 07:20:00",47049,8.04,32.27,0.95,0.88,"NAN","NAN","NAN","NAN",4.388
"2026-02-21 07:30:00",47050,10.44,41.95,1.59,1.5,"NAN","NAN","NAN","NAN",4.393
"2026-02-21 07:40:00",47051,8.09,32.49,1.16,1.08,"NAN","NAN","NAN","NAN",4.376
"2026-02-21 07:50:00",47052,11.03,44.33,1.25,1.17,"NAN","NAN","NAN","NAN",4.376
"2026-02-21 08:00:00",47053,10.2,41,1.09,1.01,"NAN","NAN","NAN","NAN",4.378
"2026-02-21 08:10:00",47054,12.48,50.22,1.02,0.94,"NAN","NAN","NAN","NAN",4.385
"2026-02-21 08:20:00",47055,6.88,27.59,0.95,0.88,"NAN","NAN","NAN","NAN",4.383
"2026-02-21 08:30:00",47056,9.28,37.29,1.15,1.06,"NAN","NAN","NAN","NAN",4.367
"2026-02-21 08:40:00",47057,7.79,31.27,0.95,0.87,"NAN","NAN","NAN","NAN",4.39
"2026-02-21 08:50:00",47058,10.22,41.08,0.9,0.83,"NAN","NAN","NAN","NAN",4.396
"2026-02-21 09:00:00",47059,8.65,34.75,1.08,1,"NAN","NAN","NAN","NAN",4.374
"2026-02-21 09:10:00",47060,11.36,45.68,1.16,1.08,"NAN","NAN","NAN","NAN",4.356
"2026-02-21 09:20:00",47061,10.59,42.59,0.98,0.91,"NAN","NAN","NAN","NAN",4.351
"2026-02-21 09:30:00",47062,7.37,29.58,0.84,0.76,"NAN","NAN","NAN","NAN",4.361
"2026-02-21 09:40:00",47063,8.36,33.58,1.06,0.98,"NAN","NAN","NAN","NAN",4.372
"2026-02-21 09:50:00",47064,6.65,26.69,1.21,1.13,"NAN","NAN","NAN","NAN",4.369
"2026-02-21 10:00:00",47065,5.71,22.87,0.98,0.9,"NAN","NAN","NAN","NAN",4.388
"2026-02-21 10:10:00",47066,9.64,38.75,0.73,0.65,"NAN","NAN","NAN","NAN",4.423
"2026-02-21 10:20:00",47067,8.13,32.66,0.75,0.68,"NAN","NAN","NAN","NAN",4.458
"2026-02-21 10:30:00",47068,8.76,35.17,0.79,0.72,"NAN","NAN","NAN","NAN",4.447
"2026-02-21 10:40:00",47069,5.29,21.17,0.79,0.72,"NAN","NAN","NAN","NAN",4.407
"2026-02-21 10:50:00",47070,9.64,38.73,0.94,0.86,"NAN","NAN","NAN","NAN",4.41
"2026-02-21 11:00:00",47071,8.08,32.46,0.88,0.81,"NAN","NAN","NAN","NAN",4.415
"2026-02-21 11:10:00",47072,10.42,41.88,0.88,0.8,"NAN","NAN","NAN","NAN",4.412
"2026-02-21 11:20:00",47073,8.96,36.01,0.81,0.73,"NAN","NAN","NAN","NAN",4.445
"2026-02-21 11:30:00",47074,6.97,27.97,0.92,0.85,"NAN","NAN","NAN","NAN",4.451
"2026-02-21 11:40:00",47075,8.58,34.45,0.82,0.75,"NAN","NAN","NAN","NAN",4.453
"2026-02-21 11:50:00",47076,4.18,16.7,0.86,0.79,"NAN","NAN","NAN","NAN",4.555
"2026-02-21 12:00:00",47077,9.28,37.29,0.81,0.74,"NAN","NAN","NAN","NAN",4.557
"2026-02-21 12:10:00",47078,9.03,36.26,0.77,0.69,"NAN","NAN","NAN","NAN",4.58
"2026-02-21 12:20:00",47079,6.02,24.11,0.83,0.75,"NAN","NAN","NAN","NAN",4.584
"2026-02-21 12:30:00",47080,9.65,38.79,1.16,1.08,"NAN","NAN","NAN","NAN",4.527
"2026-02-21 12:40:00",47081,10.39,41.75,1.13,1.05,"NAN","NAN","NAN","NAN",4.564
"2026-02-21 12:50:00",47082,9.59,38.52,0.82,0.74,"NAN","NAN","NAN","NAN",4.511
"2026-02-21 13:00:00",47083,10.06,40.42,0.97,0.89,"NAN","NAN","NAN","NAN",4.618
"2026-02-21 13:10:00",47084,"NAN","NAN","NAN","NAN","NAN","NAN","NAN","NAN","NAN"
"2026-02-21 13:20:00",47085,6.26,25.09,0.79,0.72,"NAN","NAN","NAN","NAN",4.63
"2026-02-21 13:30:00",47086,6.93,27.8,0.86,0.78,"NAN","NAN","NAN","NAN",4.601
"2026-02-21 13:40:00",47087,4.18,16.7,0.72,0.65,"NAN","NAN","NAN","NAN",4.524
"2026-02-21 13:50:00",47088,8.87,35.64,0.96,0.88,"NAN","NAN","NAN","NAN",4.505
"2026-02-21 14:00:00",47089,5.2,20.81,0.88,0.81,"NAN","NAN","NAN","NAN",4.489
"2026-02-21 14:10:00",47090,6.35,25.47,0.71,0.64,"NAN","NAN","NAN","NAN",4.508
"2026-02-21 14:20:00",47091,5.87,23.54,0.69,0.62,"NAN","NAN","NAN","NAN",4.515
"2026-02-21 14:30:00",47092,9.17,36.85,0.66,0.59,"NAN","NAN","NAN","NAN",4.538
"2026-02-21 14:40:00",47093,7.36,29.55,0.87,0.8,"NAN","NAN","NAN","NAN",4.534
"2026-02-21 14:50:00",47094,7.78,31.22,0.9,0.83,"NAN","NAN","NAN","NAN",4.531
"2026-02-21 15:00:00",47095,7.17,28.76,0.95,0.87,"NAN","NAN","NAN","NAN",4.536
"2026-02-21 15:10:00",47096,5.04,20.19,0.69,0.62,"NAN","NAN","NAN","NAN",4.549
"2026-02-21 15:20:00",47097,6.81,27.33,0.69,0.62,"NAN","NAN","NAN","NAN",4.61
"2026-02-21 15:30:00",47098,6.57,26.35,0.75,0.68,"NAN","NAN","NAN","NAN",4.65
"2026-02-21 15:40:00",47099,8.85,35.55,0.77,0.7,"NAN","NAN","NAN","NAN",4.659
"2026-02-21 15:50:00",47100,7.19,28.87,0.85,0.78,"NAN","NAN","NAN","NAN",4.689
"2026-02-21 16:00:00",47101,7.49,30.06,0.8,0.73,"NAN","NAN","NAN","NAN",4.749
"2026-02-21 16:10:00",47102,5.87,23.51,0.96,0.88,"NAN","NAN","NAN","NAN",4.793
"2026-02-21 16:20:00",47103,7.06,28.34,0.95,0.87,"NAN","NAN","NAN","NAN",4.778
"2026-02-21 16:30:00",47104,5.67,22.73,0.86,0.79,"NAN","NAN","NAN","NAN",4.807
"2026-02-21 16:40:00",47105,8.29,33.3,0.95,0.87,"NAN","NAN","NAN","NAN",4.723
"2026-02-21 16:50:00",47106,7.45,29.92,0.7,0.63,"NAN","NAN","NAN","NAN",4.779
"2026-02-21 17:00:00",47107,6.64,26.63,0.91,0.83,"NAN","NAN","NAN","NAN",4.763
"2026-02-21 17:10:00",47108,6.66,26.71,0.87,0.79,"NAN","NAN","NAN","NAN",4.71
"2026-02-21 17:20:00",47109,5.75,23.03,0.92,0.84,"NAN","NAN","NAN","NAN",4.703
"2026-02-21 17:30:00",47110,9.33,37.49,1,0.92,"NAN","NAN","NAN","NAN",4.711
"2026-02-21 17:40:00",47111,7.51,30.14,0.97,0.9,"NAN","NAN","NAN","NAN",4.69
"2026-02-21 17:50:00",47112,11.39,45.79,1.18,1.1,"NAN","NAN","NAN","NAN",4.658
"2026-02-21 18:00:00",47113,6.92,27.77,0.85,0.77,"NAN","NAN","NAN","NAN",4.666
"2026-02-21 18:10:00",47114,9.6,38.59,0.97,0.9,"NAN","NAN","NAN","NAN",4.662
"2026-02-21 18:20:00",47115,5.97,23.93,0.75,0.68,"NAN","NAN","NAN","NAN",4.655
"2026-02-21 18:30:00",47116,6.25,25.05,0.77,0.7,"NAN","NAN","NAN","NAN",4.65
"2026-02-21 18:40:00",47117,5.89,23.59,0.96,0.89,"NAN","NAN","NAN","NAN",4.645
"2026-02-21 18:50:00",47118,6.66,26.7,0.98,0.9,"NAN","NAN","NAN","NAN",4.642
"2026-02-21 19:00:00",47119,6.04,24.22,0.76,0.68,"NAN","NAN","NAN","NAN",4.635
"2026-02-21 19:10:00",47120,4.83,19.34,0.88,0.8,"NAN","NAN","NAN","NAN",4.642
"2026-02-21 19:20:00",47121,5.91,23.68,0.78,0.7,"NAN","NAN","NAN","NAN",4.638
"2026-02-21 19:30:00",47122,5.88,23.55,0.81,0.73,"NAN","NAN","NAN","NAN",4.639
"2026-02-21 19:40:00",47123,7.28,29.21,0.94,0.86,"NAN","NAN","NAN","NAN",4.628
"2026-02-21 19:50:00",47124,6.33,25.38,1.06,0.98,"NAN","NAN","NAN","NAN",4.627
"2026-02-21 20:00:00",47125,6.39,25.64,0.83,0.76,"NAN","NAN","NAN","NAN",4.632
"2026-02-21 20:10:00",47126,6.95,27.9,0.81,0.74,"NAN","NAN","NAN","NAN",4.632
"2026-02-21 20:20:00",47127,6.37,25.54,1.05,0.97,"NAN","NAN","NAN","NAN",4.644
"2026-02-21 20:30:00",47128,9.93,39.91,1.01,0.93,"NAN","NAN","NAN","NAN",4.638
"2026-02-21 20:40:00",47129,7.22,28.99,0.84,0.76,"NAN","NAN","NAN","NAN",4.633
"2026-02-21 20:50:00",47130,3.86,15.4,0.65,0.58,"NAN","NAN","NAN","NAN",4.633
"2026-02-21 21:00:00",47131,10.35,41.6,0.98,0.91,"NAN","NAN","NAN","NAN",4.635
"2026-02-21 21:10:00",47132,7.02,28.17,0.82,0.75,"NAN","NAN","NAN","NAN",4.667
"2026-02-21 21:20:00",47133,8.67,34.84,0.86,0.78,"NAN","NAN","NAN","NAN",4.692
"2026-02-21 21:30:00",47134,10.5,42.21,0.89,0.81,"NAN","NAN","NAN","NAN",4.673
"2026-02-21 21:40:00",47135,7.49,30.05,0.95,0.88,"NAN","NAN","NAN","NAN",4.715
"2026-02-21 21:50:00",47136,7.07,28.38,1.03,0.95,"NAN","NAN","NAN","NAN",4.719
"2026-02-21 22:00:00",47137,"NAN","NAN","NAN","NAN","NAN","NAN","NAN","NAN","NAN"
"2026-02-21 22:10:00",47138,5.86,23.47,0.89,0.82,"NAN","NAN","NAN","NAN",4.735
"2026-02-21 22:20:00",47139,6.11,24.51,0.84,0.77,"NAN","NAN","NAN","NAN",4.723
"2026-02-21 22:30:00",47140,6.75,27.09,0.95,0.88,"NAN","NAN","NAN","NAN",4.716
"2026-02-21 22:40:00",47141,12.35,49.69,0.82,0.75,"NAN","NAN","NAN","NAN",4.697
"2026-02-21 22:50:00",47142,7.36,29.55,0.97,0.9,"NAN","NAN","NAN","NAN",4.695
"2026-02-21 23:00:00",47143,4.96,19.86,0.99,0.91,"NAN","NAN","NAN","NAN",4.7
"2026-02-21 23:10:00",47144,4.55,18.21,0.79,0.71,"NAN","NAN","NAN","NAN",4.67
"2026-02-21 23:20:00",47145,6.64,26.64,0.9,0.82,"NAN","NAN","NAN","NAN",4.672
"2026-02-21 23:30:00",47146,7.39,29.65,0.92,0.84,"NAN","NAN","NAN","NAN",4.674
"2026-02-21 23:40:00",47147,9.45,37.97,0.86,0.78,"NAN","NAN","NAN","NAN",4.677
"2026-02-21 23:50:00",47148,5.48,21.95,0.79,0.72,"NAN","NAN","NAN","NAN",4.689
"2026-02-22 00:00:00",47149,6.34,25.43,0.76,0.68,"NAN","NAN","NAN","NAN",4.679
"2026-02-22 00:10:00",47150,5.15,20.63,0.8,0.73,"NAN","NAN","NAN","NAN",4.679
"2026-02-22 00:20:00",47151,6.81,27.32,0.97,0.89,"NAN","NAN","NAN","NAN",4.681
"2026-02-22 00:30:00",47152,7.04,28.23,0.76,0.69,"NAN","NAN","NAN","NAN",4.69
"2026-02-22 00:40:00",47153,5.77,23.14,0.84,0.76,"NAN","NAN","NAN","NAN",4.73
"2026-02-22 00:50:00",47154,6.94,27.82,1,0.93,"NAN","NAN","NAN","NAN",4.754
"2026-02-22 01:00:00",47155,5.96,23.89,0.96,0.88,"NAN","NAN","NAN","NAN",4.783
"2026-02-22 01:10:00",47156,6.49,26.02,0.86,0.78,"NAN","NAN","NAN","NAN",4.795
"2026-02-22 01:20:00",47157,7.86,31.56,1.16,1.08,"NAN","NAN","NAN","NAN",4.825
"2026-02-22 01:30:00",47158,8.37,33.61,1.04,0.96,"NAN","NAN","NAN","NAN",4.839
"2026-02-22 01:40:00",47159,9.46,37.99,0.89,0.81,"NAN","NAN","NAN","NAN",4.865
"2026-02-22 01:50:00",47160,7.87,31.58,0.9,0.83,"NAN","NAN","NAN","NAN",4.86
"2026-02-22 02:00:00",47161,8.33,33.43,0.95,0.87,"NAN","NAN","NAN","NAN",4.855
"2026-02-22 02:10:00",47162,6.44,25.82,0.75,0.68,"NAN","NAN","NAN","NAN",4.888
"2026-02-22 02:20:00",47163,5.19,20.77,0.83,0.76,"NAN","NAN","NAN","NAN",4.878
"2026-02-22 02:30:00",47164,4.28,17.09,0.97,0.9,"NAN","NAN","NAN","NAN",4.843
"2026-02-22 02:40:00",47165,5.52,22.12,0.98,0.9,"NAN","NAN","NAN","NAN",4.812
"2026-02-22 02:50:00",47166,8.770001,35.25,0.92,0.84,"NAN","NAN","NAN","NAN",4.798
"2026-02-22 03:00:00",47167,4.79,19.17,0.75,0.68,"NAN","NAN","NAN","NAN",4.779
"2026-02-22 03:10:00",47168,9.13,36.66,0.75,0.68,"NAN","NAN","NAN","NAN",4.765
"2026-02-22 03:20:00",47169,9.26,37.22,0.84,0.76,"NAN","NAN","NAN","NAN",4.752
"2026-02-22 03:30:00",47170,5.42,21.73,0.86,0.78,"NAN","NAN","NAN","NAN",4.739
"2026-02-22 03:40:00",47171,5.61,22.48,0.83,0.75,"NAN","NAN","NAN","NAN",4.749
"2026-02-22 03:50:00",47172,7.6,30.49,0.75,0.68,"NAN","NAN","NAN","NAN",4.746
"2026-02-22 04:00:00",47173,6.34,25.43,0.79,0.71,"NAN","NAN","NAN","NAN",4.757
"2026-02-22 04:10:00",47174,5.75,23.05,0.86,0.79,"NAN","NAN","NAN","NAN",4.736
"2026-02-22 04:20:00",47175,7.14,28.63,0.79,0.71,"NAN","NAN","NAN","NAN",4.757
"2026-02-22 04:30:00",47176,5.39,21.59,0.83,0.76,"NAN","NAN","NAN","NAN",4.751
"2026-02-22 04:40:00",47177,6.45,25.88,0.9,0.82,"NAN","NAN","NAN","NAN",4.752
"2026-02-22 04:50:00",47178,8.01,32.17,0.79,0.71,"NAN","NAN","NAN","NAN",4.748
"2026-02-22 05:00:00",47179,6.19,24.8,0.79,0.72,"NAN","NAN","NAN","NAN",4.756
"2026-02-22 05:10:00",47180,6.57,26.36,0.79,0.72,"NAN","NAN","NAN","NAN",4.765
"2026-02-22 05:20:00",47181,7.2,28.89,0.74,0.67,"NAN","NAN","NAN","NAN",4.729
"2026-02-22 05:30:00",47182,8.86,35.6,1.06,0.98,"NAN","NAN","NAN","NAN",4.73
"2026-02-22 05:40:00",47183,5.79,23.22,0.71,0.64,"NAN","NAN","NAN","NAN",4.727
"2026-02-22 05:50:00",47184,6.77,27.16,0.89,0.81,"NAN","NAN","NAN","NAN",4.728
"2026-02-22 06:00:00",47185,5.81,23.3,0.93,0.86,"NAN","NAN","NAN","NAN",4.729
"2026-02-22 06:10:00",47186,9.03,36.27,0.92,0.84,"NAN","NAN","NAN","NAN",4.719
"2026-02-22 06:20:00",47187,7.88,31.63,0.8,0.73,"NAN","NAN","NAN","NAN",4.689
"2026-02-22 06:30:00",47188,7.09,28.45,0.87,0.8,"NAN","NAN","NAN","NAN",4.677
"2026-02-22 06:40:00",47189,8.51,34.16,0.72,0.65,"NAN","NAN","NAN","NAN",4.678
"2026-02-22 06:50:00",47190,"NAN","NAN","NAN","NAN","NAN","NAN","NAN","NAN","NAN"
"2026-02-22 07:00:00",47191,7.1,28.5,0.85,0.78,"NAN","NAN","NAN","NAN",4.679
"2026-02-22 07:10:00",47192,8.54,34.28,0.95,0.87,"NAN","NAN","NAN","NAN",4.679
"2026-02-22 07:20:00",47193,3.85,15.39,0.79,0.72,"NAN","NAN","NAN","NAN",4.681
"2026-02-22 07:30:00",47194,6.62,26.56,0.61,0.55,"NAN","NAN","NAN","NAN",4.681
"2026-02-22 07:40:00",47195,6.1,24.45,0.69,0.62,"NAN","NAN","NAN","NAN",4.687
"2026-02-22 07:50:00",47196,7.23,29,0.7,0.63,"NAN","NAN","NAN","NAN",4.697
"2026-02-22 08:00:00",47197,5.68,22.77,0.8,0.73,"NAN","NAN","NAN","NAN",4.684
"2026-02-22 08:10:00",47198,7.69,30.88,0.8,0.72,"NAN","NAN","NAN","NAN",4.675
"2026-02-22 08:20:00",47199,6.08,24.39,0.85,0.77,"NAN","NAN","NAN","NAN",4.667
"2026-02-22 08:30:00",47200,6.83,27.41,0.75,0.68,"NAN","NAN","NAN","NAN",4.671
"2026-02-22 08:40:00",47201,10.24,41.16,0.84,0.76,"NAN","NAN","NAN","NAN",4.673
"2026-02-22 08:50:00",47202,6.35,25.48,0.72,0.65,"NAN","NAN","NAN","NAN",4.67
"2026-02-22 09:00:00",47203,7.23,29,0.73,0.66,"NAN","NAN","NAN","NAN",4.665
"2026-02-22 09:10:00",47204,6.68,26.78,0.77,0.7,"NAN","NAN","NAN","NAN",4.663
"2026-02-22 09:20:00",47205,7.87,31.59,0.72,0.65,"NAN","NAN","NAN","NAN",4.665
"2026-02-22 09:30:00",47206,7.31,29.35,0.6,0.53,"NAN","NAN","NAN","NAN",4.672
"2026-02-22 09:40:00",47207,4.5,17.99,0.64,0.57,"NAN","NAN","NAN","NAN",4.668
"2026-02-22 09:50:00",47208,5.56,22.26,0.57,0.51,"NAN","NAN","NAN","NAN",4.666
"2026-02-22 10:00:00",47209,8.05,32.33,0.66,0.59,"NAN","NAN","NAN","NAN",4.675
"2026-02-22 10:10:00",47210,5.31,21.28,0.56,0.49,"NAN","NAN","NAN","NAN",4.7
"2026-02-22 10:20:00",47211,8.47,34,0.79,0.72,"NAN","NAN","NAN","NAN",4.705
"2026-02-22 10:30:00",47212,3.48,13.86,0.73,0.66,"NAN","NAN","NAN","NAN",4.712
"2026-02-22 10:40:00",47213,7,28.08,0.72,0.65,"NAN","NAN","NAN","NAN",4.71
"2026-02-22 10:50:00",47214,8.29,33.27,0.68,0.61,"NAN","NAN","NAN","NAN",4.714
"2026-02-22 11:00:00",47215,9.32,37.46,0.75,0.68,"NAN","NAN","NAN","NAN",4.73
"2026-02-22 11:10:00",47216,6.61,26.52,0.71,0.64,"NAN","NAN","NAN","NAN",4.738
"2026-02-22 11:20:00",47217,5.81,23.27,0.72,0.65,"NAN","NAN","NAN","NAN",4.727
"2026-02-22 11:30:00",47218,6.13,24.58,0.77,0.7,"NAN","NAN","NAN","NAN",4.726
"2026-02-22 11:40:00",47219,6,24.03,0.85,0.77,"NAN","NAN","NAN","NAN",4.732
"2026-02-22 11:50:00",47220,6.49,26.01,0.65,0.58,"NAN","NAN","NAN","NAN",4.728
"2026-02-22 12:00:00",47221,8.020001,32.19,0.79,0.72,"NAN","NAN","NAN","NAN",4.726
"2026-02-22 12:10:00",47222,4.9,19.61,0.75,0.68,"NAN","NAN","NAN","NAN",4.73
"2026-02-22 12:20:00",47223,7.29,29.24,0.74,0.67,"NAN","NAN","NAN","NAN",4.732
"2026-02-22 12:30:00",47224,5.85,23.45,0.66,0.59,"NAN","NAN","NAN","NAN",4.729
"2026-02-22 12:40:00",47225,8.4,33.72,0.74,0.67,"NAN","NAN","NAN","NAN",4.739
"2026-02-22 12:50:00",47226,6.53,26.2,0.76,0.69,"NAN","NAN","NAN","NAN",4.745
"2026-02-22 13:00:00",47227,8.09,32.47,0.77,0.7,"NAN","NAN","NAN","NAN",4.745
"2026-02-22 13:10:00",47228,8.24,33.1,0.67,0.6,"NAN","NAN","NAN","NAN",4.748
"2026-02-22 13:20:00",47229,6.44,25.82,0.66,0.59,"NAN","NAN","NAN","NAN",4.747
"2026-02-22 13:30:00",47230,8.21,32.97,0.62,0.55,"NAN","NAN","NAN","NAN",4.74
"2026-02-22 13:40:00",47231,6.73,26.99,0.69,0.62,"NAN","NAN","NAN","NAN",4.745
"2026-02-22 13:50:00",47232,7.1,28.5,0.74,0.67,"NAN","NAN","NAN","NAN",4.747
"2026-02-22 14:00:00",47233,4.96,19.84,0.78,0.71,"NAN","NAN","NAN","NAN",4.756
"2026-02-22 14:10:00",47234,5.09,20.37,0.68,0.61,"NAN","NAN","NAN","NAN",4.75
"2026-02-22 14:20:00",47235,6.79,27.24,0.62,0.55,"NAN","NAN","NAN","NAN",4.749
"2026-02-22 14:30:00",47236,6.72,26.97,0.63,0.56,"NAN","NAN","NAN","NAN",4.756
"2026-02-22 14:40:00",47237,6.95,27.88,0.67,0.6,"NAN","NAN","NAN","NAN",4.767
"2026-02-22 14:50:00",47238,6.32,25.36,0.65,0.58,"NAN","NAN","NAN","NAN",4.763
"2026-02-22 15:00:00",47239,4.68,18.73,0.74,0.67,"NAN","NAN","NAN","NAN",4.783
"2026-02-22 15:10:00",47240,12.62,50.77,0.66,0.59,"NAN","NAN","NAN","NAN",4.79
"2026-02-22 15:20:00",47241,6.57,26.34,0.64,0.57,"NAN","NAN","NAN","NAN",4.781
"2026-02-22 15:30:00",47242,6.59,26.44,0.68,0.61,"NAN","NAN","NAN","NAN",4.822
"2026-02-22 15:40:00",47243,"NAN","NAN","NAN","NAN","NAN","NAN","NAN","NAN","NAN"
"2026-02-22 15:50:00",47244,5.62,22.53,0.61,0.54,"NAN","NAN","NAN","NAN",4.784
"2026-02-22 16:00:00",47245,8.22,33.01,0.66,0.59,"NAN","NAN","NAN","NAN",4.814
"2026-02-22 16:10:00",47246,6.11,24.49,0.74,0.67,"NAN","NAN","NAN","NAN",4.85
"2026-02-22 16:20:00",47247,5.72,22.91,0.64,0.57,"NAN","NAN","NAN","NAN",4.83
"2026-02-22 16:30:00",47248,4.53,18.12,0.64,0.57,"NAN","NAN","NAN","NAN",4.833
"2026-02-22 16:40:00",47249,6.98,28.02,0.72,0.65,"NAN","NAN","NAN","NAN",4.84
"2026-02-22 16:50:00",47250,6.49,26.02,0.64,0.57,"NAN","NAN","NAN","NAN",4.814
"2026-02-22 17:00:00",47251,7.74,31.08,0.66,0.59,"NAN","NAN","NAN","NAN",4.784
"2026-02-22 17:10:00",47252,5.84,23.42,0.74,0.67,"NAN","NAN","NAN","NAN",4.8
"2026-02-22 17:20:00",47253,5.57,22.3,0.72,0.65,"NAN","NAN","NAN","NAN",4.81
"2026-02-22 17:30:00",47254,7.05,28.28,0.73,0.66,"NAN","NAN","NAN","NAN",4.803
"2026-02-22 17:40:00",47255,7.5,30.11,0.66,0.59,"NAN","NAN","NAN","NAN",4.803
"2026-02-22 17:50:00",47256,5.71,22.88,0.85,0.78,"NAN","NAN","NAN","NAN",4.814
"2026-02-22 18:00:00",47257,6.35,25.47,0.63,0.56,"NAN","NAN","NAN","NAN",4.81
"2026-02-22 18:10:00",47258,5.91,23.68,0.72,0.65,"NAN","NAN","NAN","NAN",4.798
"2026-02-22 18:20:00",47259,7.99,32.09,0.89,0.81,"NAN","NAN","NAN","NAN",4.798
"2026-02-22 18:30:00",47260,7.33,29.4,0.7,0.63,"NAN","NAN","NAN","NAN",4.787
"2026-02-22 18:40:00",47261,11.77,47.32,0.85,0.78,"NAN","NAN","NAN","NAN",4.759
"2026-02-22 18:50:00",47262,5.06,20.25,0.76,0.68,"NAN","NAN","NAN","NAN",4.751
"2026-02-22 19:00:00",47263,8.54,34.3,0.81,0.73,"NAN","NAN","NAN","NAN",4.726
"2026-02-22 19:10:00",47264,6.14,24.61,0.84,0.76,"NAN","NAN","NAN","NAN",4.706
"2026-02-22 19:20:00",47265,9.939999,39.96,0.64,0.57,"NAN","NAN","NAN","NAN",4.696
"2026-02-22 19:30:00",47266,6.37,25.56,0.92,0.84,"NAN","NAN","NAN","NAN",4.713
"2026-02-22 19:40:00",47267,6.93,27.79,0.97,0.9,"NAN","NAN","NAN","NAN",4.722
"2026-02-22 19:50:00",47268,7.43,29.81,0.77,0.69,"NAN","NAN","NAN","NAN",4.714
"2026-02-22 20:00:00",47269,7.04,28.24,0.73,0.66,"NAN","NAN","NAN","NAN",4.674
"2026-02-22 20:10:00",47270,6.56,26.31,1.01,0.93,"NAN","NAN","NAN","NAN",4.678
"2026-02-22 20:20:00",47271,5.67,22.7,0.88,0.81,"NAN","NAN","NAN","NAN",4.67
"2026-02-22 20:30:00",47272,5.66,22.67,0.76,0.68,"NAN","NAN","NAN","NAN",4.639
"2026-02-22 20:40:00",47273,10.9,43.82,0.87,0.8,"NAN","NAN","NAN","NAN",4.635
"2026-02-22 20:50:00",47274,7.58,30.42,0.77,0.7,"NAN","NAN","NAN","NAN",4.626
"2026-02-22 21:00:00",47275,5.57,22.3,0.88,0.81,"NAN","NAN","NAN","NAN",4.637
"2026-02-22 21:10:00",47276,9.21,36.98,0.87,0.79,"NAN","NAN","NAN","NAN",4.629
"2026-02-22 21:20:00",47277,4.97,19.9,0.81,0.73,"NAN","NAN","NAN","NAN",4.622
"2026-02-22 21:30:00",47278,7.75,31.1,0.86,0.79,"NAN","NAN","NAN","NAN",4.63
"2026-02-22 21:40:00",47279,8.65,34.72,0.81,0.74,"NAN","NAN","NAN","NAN",4.626
"2026-02-22 21:50:00",47280,9.15,36.77,0.85,0.78,"NAN","NAN","NAN","NAN",4.612
"2026-02-22 22:00:00",47281,6.2,24.86,0.73,0.66,"NAN","NAN","NAN","NAN",4.606
"2026-02-22 22:10:00",47282,6.42,25.75,0.78,0.71,"NAN","NAN","NAN","NAN",4.596
"2026-02-22 22:20:00",47283,10.36,41.64,0.86,0.79,"NAN","NAN","NAN","NAN",4.589
"2026-02-22 22:30:00",47284,6.29,25.22,0.67,0.6,"NAN","NAN","NAN","NAN",4.581
"2026-02-22 22:40:00",47285,7.24,29.05,0.71,0.64,"NAN","NAN","NAN","NAN",4.562
"2026-02-22 22:50:00",47286,7.05,28.27,0.73,0.66,"NAN","NAN","NAN","NAN",4.556
"2026-02-22 23:00:00",47287,7.21,28.94,0.79,0.72,"NAN","NAN","NAN","NAN",4.542
"2026-02-22 23:10:00",47288,6.36,25.51,0.71,0.64,"NAN","NAN","NAN","NAN",4.549
"2026-02-22 23:20:00",47289,6.36,25.52,0.78,0.7,"NAN","NAN","NAN","NAN",4.557
"2026-02-22 23:30:00",47290,6.76,27.13,0.64,0.57,"NAN","NAN","NAN","NAN",4.542
"2026-02-22 23:40:00",47291,9.84,39.53,0.77,0.7,"NAN","NAN","NAN","NAN",4.546
"2026-02-22 23:50:00",47292,8.15,32.73,0.88,0.8,"NAN","NAN","NAN","NAN",4.526
"2026-02-23 00:00:00",47293,7.74,31.08,0.72,0.65,"NAN","NAN","NAN","NAN",4.528
"2026-02-23 00:10:00",47294,8.1,32.51,0.92,0.85,"NAN","NAN","NAN","NAN",4.518
"2026-02-23 00:20:00",47295,12.34,49.64,1,0.92,"NAN","NAN","NAN","NAN",4.513
"2026-02-23 00:30:00",47296,"NAN","NAN","NAN","NAN","NAN","NAN","NAN","NAN","NAN"
"2026-02-23 00:40:00",47297,4.89,19.58,0.84,0.77,"NAN","NAN","NAN","NAN",4.504
"2026-02-23 00:50:00",47298,9.67,38.87,0.89,0.82,"NAN","NAN","NAN","NAN",4.506
"2026-02-23 01:00:00",47299,6.15,24.65,0.95,0.87,"NAN","NAN","NAN","NAN",4.509
"2026-02-23 01:10:00",47300,7.99,32.06,0.82,0.75,"NAN","NAN","NAN","NAN",4.483
"2026-02-23 01:20:00",47301,7.39,29.66,0.85,0.77,"NAN","NAN","NAN","NAN",4.48
"2026-02-23 01:30:00",47302,9.07,36.45,0.88,0.81,"NAN","NAN","NAN","NAN",4.463
"2026-02-23 01:40:00",47303,8.26,33.18,0.84,0.76,"NAN","NAN","NAN","NAN",4.468
"2026-02-23 01:50:00",47304,6.89,27.62,0.69,0.62,"NAN","NAN","NAN","NAN",4.46
"2026-02-23 02:00:00",47305,6.59,26.44,0.99,0.91,"NAN","NAN","NAN","NAN",4.45
"2026-02-23 02:10:00",47306,8.13,32.63,0.7,0.63,"NAN","NAN","NAN","NAN",4.459
"2026-02-23 02:20:00",47307,7.01,28.12,0.93,0.85,"NAN","NAN","NAN","NAN",4.441
"2026-02-23 02:30:00",47308,6.61,26.52,0.84,0.77,"NAN","NAN","NAN","NAN",4.459
"2026-02-23 02:40:00",47309,8.16,32.78,0.88,0.81,"NAN","NAN","NAN","NAN",4.402
"2026-02-23 02:50:00",47310,5.73,22.97,0.88,0.8,"NAN","NAN","NAN","NAN",4.397
"2026-02-23 03:00:00",47311,8.310001,33.39,0.88,0.81,"NAN","NAN","NAN","NAN",4.399
"2026-02-23 03:10:00",47312,6.46,25.91,0.79,0.72,"NAN","NAN","NAN","NAN",4.406
"2026-02-23 03:20:00",47313,4.63,18.54,0.72,0.65,"NAN","NAN","NAN","NAN",4.351
"2026-02-23 03:30:00",47314,12.7,51.07,0.97,0.89,"NAN","NAN","NAN","NAN",4.354
"2026-02-23 03:40:00",47315,6.59,26.42,0.83,0.76,"NAN","NAN","NAN","NAN",4.349
"2026-02-23 03:50:00",47316,8.96,35.98,0.85,0.77,"NAN","NAN","NAN","NAN",4.339
"2026-02-23 04:00:00",47317,7.05,28.28,0.77,0.7,"NAN","NAN","NAN","NAN",4.345
"2026-02-23 04:10:00",47318,10.25,41.2,0.76,0.69,"NAN","NAN","NAN","NAN",4.361
"2026-02-23 04:20:00",47319,5.34,21.37,0.69,0.62,"NAN","NAN","NAN","NAN",4.357
"2026-02-23 04:30:00",47320,9.770001,39.28,0.87,0.79,"NAN","NAN","NAN","NAN",4.358
"2026-02-23 04:40:00",47321,7.06,28.33,0.86,0.79,"NAN","NAN","NAN","NAN",4.335
"2026-02-23 04:50:00",47322,5.53,22.16,0.72,0.65,"NAN","NAN","NAN","NAN",4.336
"2026-02-23 05:00:00",47323,7.2,28.89,0.82,0.75,"NAN","NAN","NAN","NAN",4.322
"2026-02-23 05:10:00",47324,5.36,21.45,0.82,0.74,"NAN","NAN","NAN","NAN",4.326
"2026-02-23 05:20:00",47325,11.89,47.81,0.89,0.81,"NAN","NAN","NAN","NAN",4.305
"2026-02-23 05:30:00",47326,6.77,27.14,0.81,0.73,"NAN","NAN","NAN","NAN",4.31
"2026-02-23 05:40:00",47327,7.46,29.93,0.91,0.83,"NAN","NAN","NAN","NAN",4.323
"2026-02-23 05:50:00",47328,6.87,27.56,0.74,0.67,"NAN","NAN","NAN","NAN",4.313
"2026-02-23 06:00:00",47329,8.49,34.1,0.95,0.87,"NAN","NAN","NAN","NAN",4.296
"2026-02-23 06:10:00",47330,7.63,30.62,0.86,0.78,"NAN","NAN","NAN","NAN",4.266
"2026-02-23 06:20:00",47331,9.63,38.72,0.84,0.76,"NAN","NAN","NAN","NAN",4.258
"2026-02-23 06:30:00",47332,7.36,29.54,0.81,0.74,"NAN","NAN","NAN","NAN",4.249
"2026-02-23 06:40:00",47333,4.98,19.93,0.77,0.7,"NAN","NAN","NAN","NAN",4.248
"2026-02-23 06:50:00",47334,7.43,29.82,0.77,0.69,"NAN","NAN","NAN","NAN",4.215
"2026-02-23 07:00:00",47335,6.65,26.66,0.71,0.64,"NAN","NAN","NAN","NAN",4.212
"2026-02-23 07:10:00",47336,8.7,34.93,0.91,0.83,"NAN","NAN","NAN","NAN",4.293
"2026-02-23 07:20:00",47337,5.66,22.69,0.77,0.7,"NAN","NAN","NAN","NAN",4.267
"2026-02-23 07:30:00",47338,9.74,39.15,0.86,0.78,"NAN","NAN","NAN","NAN",4.226
"2026-02-23 07:40:00",47339,3.93,15.69,0.99,0.92,"NAN","NAN","NAN","NAN",4.218
"2026-02-23 07:50:00",47340,8.18,32.85,0.69,0.62,"NAN","NAN","NAN","NAN",4.201
"2026-02-23 08:00:00",47341,7.52,30.17,0.7,0.63,"NAN","NAN","NAN","NAN",4.177
"2026-02-23 08:10:00",47342,6.99,28.04,0.66,0.59,"NAN","NAN","NAN","NAN",4.164
"2026-02-23 08:20:00",47343,7.04,28.24,0.75,0.68,"NAN","NAN","NAN","NAN",4.136
"2026-02-23 08:30:00",47344,7.05,28.3,0.59,0.52,"NAN","NAN","NAN","NAN",4.141
"2026-02-23 08:40:00",47345,9.22,37.06,0.64,0.57,"NAN","NAN","NAN","NAN",4.117
"2026-02-23 08:50:00",47346,7.69,30.88,0.61,0.54,"NAN","NAN","NAN","NAN",4.057
"2026-02-23 09:00:00",47347,5.85,23.43,0.72,0.65,"NAN","NAN","NAN","NAN",4.052
"2026-02-23 09:10:00",47348,6.32,25.34,0.63,0.56,"NAN","NAN","NAN","NAN",4.028
"2026-02-23 09:20:00",47349,"NAN","NAN","NAN","NAN","NAN","NAN","NAN","NAN","NAN"
"2026-02-23 09:30:00",47350,7.67,30.77,0.63,0.56,"NAN","NAN","NAN","NAN",4.068
"2026-02-23 09:40:00",47351,6.71,26.93,0.63,0.56,"NAN","NAN","NAN","NAN",4.064
"2026-02-23 09:50:00",47352,5.81,23.29,0.64,0.57,"NAN","NAN","NAN","NAN",4.076
"2026-02-23 10:00:00",47353,5.15,20.61,0.64,0.57,"NAN","NAN","NAN","NAN",4.064
"2026-02-23 10:10:00",47354,5.36,21.45,0.66,0.59,"NAN","NAN","NAN","NAN",4.034
"2026-02-23 10:20:00",47355,6.03,24.15,0.65,0.58,"NAN","NAN","NAN","NAN",4.04
"2026-02-23 10:30:00",47356,6.1,24.44,0.65,0.58,"NAN","NAN","NAN","NAN",4.039
"2026-02-23 10:40:00",47357,4.44,17.76,0.61,0.54,"NAN","NAN","NAN","NAN",4.049
"2026-02-23 10:50:00",47358,5.14,20.58,0.59,0.53,"NAN","NAN","NAN","NAN",4.039
"2026-02-23 11:00:00",47359,5.65,22.63,0.72,0.65,"NAN","NAN","NAN","NAN",4.073
"2026-02-23 11:10:00",47360,5.14,20.58,0.66,0.59,"NAN","NAN","NAN","NAN",4.066
"2026-02-23 11:20:00",47361,5.06,20.25,0.69,0.62,"NAN","NAN","NAN","NAN",4.084
"2026-02-23 11:30:00",47362,5.82,23.33,0.68,0.61,"NAN","NAN","NAN","NAN",4.072
"2026-02-23 11:40:00",47363,6.02,24.14,0.63,0.56,"NAN","NAN","NAN","NAN",4.096
"2026-02-23 11:50:00",47364,6.27,25.13,0.59,0.53,"NAN","NAN","NAN","NAN",4.07
"2026-02-23 12:00:00",47365,4.41,17.63,0.6,0.54,"NAN","NAN","NAN","NAN",4.137
"2026-02-23 12:10:00",47366,4.39,17.55,0.65,0.58,"NAN","NAN","NAN","NAN",4.108
"2026-02-23 12:20:00",47367,3.85,15.37,0.57,0.5,"NAN","NAN","NAN","NAN",4.126
"2026-02-23 12:30:00",47368,3.45,13.78,0.53,0.47,"NAN","NAN","NAN","NAN",4.194
"2026-02-23 12:40:00",47369,4.84,19.36,0.58,0.51,"NAN","NAN","NAN","NAN",4.118
"2026-02-23 12:50:00",47370,4.1,16.37,0.57,0.5,"NAN","NAN","NAN","NAN",4.15
"2026-02-23 13:00:00",47371,-0.28,-1.1,-0.18,-0.14,"NAN","NAN","NAN","NAN",8.803001
"2026-02-23 13:10:00",47372,2.72,10.52,0.49,0.53,"NAN","NAN","NAN","NAN",4.052
"2026-02-23 13:20:00",47373,4.37,16.87,0.49,0.53,"NAN","NAN","NAN","NAN",4.028
"2026-02-23 13:30:00",47374,3.62,13.99,0.45,0.5,"NAN","NAN","NAN","NAN",4.102
"2026-02-23 13:40:00",47375,2.46,9.49,0.48,0.52,"NAN","NAN","NAN","NAN",4.146
"2026-02-23 13:50:00",47376,3.26,12.58,0.54,0.59,"NAN","NAN","NAN","NAN",4.165
"2026-02-23 14:00:00",47377,4.98,19.25,0.52,0.56,"NAN","NAN","NAN","NAN",4.17
"2026-02-23 14:10:00",47378,3.08,11.91,0.49,0.53,"NAN","NAN","NAN","NAN",4.19
"2026-02-23 14:20:00",47379,4.08,15.75,0.5,0.54,"NAN","NAN","NAN","NAN",4.18
"2026-02-23 14:30:00",47380,3.47,13.42,0.52,0.56,"NAN","NAN","NAN","NAN",4.084
"2026-02-23 14:40:00",47381,3.4,13.15,0.52,0.56,"NAN","NAN","NAN","NAN",4.148
"2026-02-23 14:50:00",47382,5.67,21.92,0.55,0.59,"NAN","NAN","NAN","NAN",4.184
"2026-02-23 15:00:00",47383,4.62,17.86,0.51,0.55,"NAN","NAN","NAN","NAN",4.075
"2026-02-23 15:10:00",47384,5.99,23.15,0.54,0.58,"NAN","NAN","NAN","NAN",4.057
"2026-02-23 15:20:00",47385,5.38,20.78,0.54,0.58,"NAN","NAN","NAN","NAN",4.057
"2026-02-23 15:30:00",47386,3.68,14.22,0.53,0.57,"NAN","NAN","NAN","NAN",4.182
"2026-02-23 15:40:00",47387,3.34,12.92,0.53,0.57,"NAN","NAN","NAN","NAN",4.201
"2026-02-23 15:50:00",47388,2.93,11.33,0.55,0.59,"NAN","NAN","NAN","NAN",4.131
"2026-02-23 16:00:00",47389,3.59,13.87,0.53,0.57,"NAN","NAN","NAN","NAN",4.163
"2026-02-23 16:10:00",47390,4.15,16.02,0.58,0.62,"NAN","NAN","NAN","NAN",4.184
"2026-02-23 16:20:00",47391,4.58,17.7,0.55,0.59,"NAN","NAN","NAN","NAN",4.148
"2026-02-23 16:30:00",47392,5.53,21.35,0.62,0.66,"NAN","NAN","NAN","NAN",4.162
"2026-02-23 16:40:00",47393,3.76,14.51,0.55,0.59,"NAN","NAN","NAN","NAN",4.147
"2026-02-23 16:50:00",47394,4.6,17.76,0.64,0.68,"NAN","NAN","NAN","NAN",4.229
"2026-02-23 17:00:00",47395,5.77,22.29,0.63,0.67,"NAN","NAN","NAN","NAN",4.258
"2026-02-23 17:10:00",47396,5.92,22.87,0.63,0.67,"NAN","NAN","NAN","NAN",4.192
"2026-02-23 17:20:00",47397,4.2,16.23,0.65,0.69,"NAN","NAN","NAN","NAN",4.182
"2026-02-23 17:30:00",47398,3.22,12.45,0.63,0.67,"NAN","NAN","NAN","NAN",4.114
"2026-02-23 17:40:00",47399,7.13,27.56,0.6,0.65,"NAN","NAN","NAN","NAN",4.127
"2026-02-23 17:50:00",47400,8.9,34.39,0.64,0.68,"NAN","NAN","NAN","NAN",4.125
"2026-02-23 18:00:00",47401,6.72,25.97,0.67,0.71,"NAN","NAN","NAN","NAN",4.093
"2026-02-23 18:10:00",47402,"NAN","NAN","NAN","NAN","NAN","NAN","NAN","NAN","NAN"
"2026-02-23 18:20:00",47403,4.19,16.18,0.6,0.65,"NAN","NAN","NAN","NAN",4.08
"2026-02-23 18:30:00",47404,6.08,23.5,0.73,0.77,"NAN","NAN","NAN","NAN",4.059
"2026-02-23 18:40:00",47405,5.85,22.61,0.65,0.69,"NAN","NAN","NAN","NAN",4.089
"2026-02-23 18:50:00",47406,4.56,17.62,0.61,0.65,"NAN","NAN","NAN","NAN",4.073
"2026-02-23 19:00:00",47407,5.68,21.93,0.62,0.66,"NAN","NAN","NAN","NAN",4.083
"2026-02-23 19:10:00",47408,5.95,22.98,0.73,0.77,"NAN","NAN","NAN","NAN",4.036
"2026-02-23 19:20:00",47409,5.93,22.92,0.74,0.78,"NAN","NAN","NAN","NAN",4.04
"2026-02-23 19:30:00",47410,7.08,27.35,0.85,0.89,"NAN","NAN","NAN","NAN",4.01
"2026-02-23 19:40:00",47411,6.04,23.35,0.8,0.84,"NAN","NAN","NAN","NAN",4.013
"2026-02-23 19:50:00",47412,3.37,13.02,0.7,0.74,"NAN","NAN","NAN","NAN",4.013
"2026-02-23 20:00:00",47413,7.48,28.91,0.74,0.79,"NAN","NAN","NAN","NAN",4.038
"2026-02-23 20:10:00",47414,6.05,23.37,0.68,0.72,"NAN","NAN","NAN","NAN",3.99
"2026-02-23 20:20:00",47415,4.9,18.91,0.7,0.74,"NAN","NAN","NAN","NAN",3.984
"2026-02-23 20:30:00",47416,4.91,18.99,0.76,0.8,"NAN","NAN","NAN","NAN",3.978
"2026-02-23 20:40:00",47417,5.72,22.08,0.83,0.87,"NAN","NAN","NAN","NAN",3.985
"2026-02-23 20:50:00",47418,5.53,21.38,0.67,0.71,"NAN","NAN","NAN","NAN",3.962
"2026-02-23 21:00:00",47419,5.62,21.71,0.72,0.76,"NAN","NAN","NAN","NAN",3.955
"2026-02-23 21:10:00",47420,6.65,25.68,0.7,0.74,"NAN","NAN","NAN","NAN",3.958
"2026-02-23 21:20:00",47421,4.2,16.23,0.85,0.89,"NAN","NAN","NAN","NAN",3.961
"2026-02-23 21:30:00",47422,7.34,28.38,0.85,0.89,"NAN","NAN","NAN","NAN",3.966
"2026-02-23 21:40:00",47423,6.14,23.71,0.84,0.88,"NAN","NAN","NAN","NAN",3.987
"2026-02-23 21:50:00",47424,5.02,19.4,0.6,0.64,"NAN","NAN","NAN","NAN",3.913
"2026-02-23 22:00:00",47425,4.61,17.81,0.75,0.79,"NAN","NAN","NAN","NAN",3.892
"2026-02-23 22:10:00",47426,3.88,15,0.68,0.72,"NAN","NAN","NAN","NAN",3.889
"2026-02-23 22:20:00",47427,5.63,21.77,0.73,0.78,"NAN","NAN","NAN","NAN",3.887
"2026-02-23 22:30:00",47428,5.18,20.01,0.58,0.62,"NAN","NAN","NAN","NAN",3.895
"2026-02-23 22:40:00",47429,5.2,20.09,0.77,0.82,"NAN","NAN","NAN","NAN",3.837
"2026-02-23 22:50:00",47430,7.07,27.33,0.83,0.87,"NAN","NAN","NAN","NAN",3.853
"2026-02-23 23:00:00",47431,3.17,12.27,0.63,0.67,"NAN","NAN","NAN","NAN",3.85
"2026-02-23 23:10:00",47432,6.06,23.42,0.81,0.85,"NAN","NAN","NAN","NAN",3.825
"2026-02-23 23:20:00",47433,6.7,25.89,0.71,0.75,"NAN","NAN","NAN","NAN",3.816
"2026-02-23 23:30:00",47434,6.11,23.62,0.63,0.67,"NAN","NAN","NAN","NAN",3.802
"2026-02-23 23:40:00",47435,5.17,19.99,0.6,0.64,"NAN","NAN","NAN","NAN",3.833
"2026-02-23 23:50:00",47436,5.52,21.34,0.6,0.64,"NAN","NAN","NAN","NAN",3.85
"2026-02-24 00:00:00",47437,7.25,28.02,0.64,0.68,"NAN","NAN","NAN","NAN",3.822
"2026-02-24 00:10:00",47438,4.44,17.15,0.73,0.77,"NAN","NAN","NAN","NAN",3.791
"2026-02-24 00:20:00",47439,4.52,17.48,0.66,0.7,"NAN","NAN","NAN","NAN",3.793
"2026-02-24 00:30:00",47440,4.94,19.08,0.79,0.84,"NAN","NAN","NAN","NAN",3.772
"2026-02-24 00:40:00",47441,5.4,20.88,0.68,0.72,"NAN","NAN","NAN","NAN",3.765
"2026-02-24 00:50:00",47442,4.79,18.51,0.64,0.68,"NAN","NAN","NAN","NAN",3.773
"2026-02-24 01:00:00",47443,6.36,24.58,0.65,0.69,"NAN","NAN","NAN","NAN",3.784
"2026-02-24 01:10:00",47444,3.52,13.61,0.65,0.69,"NAN","NAN","NAN","NAN",3.77
"2026-02-24 01:20:00",47445,4.75,18.33,0.7,0.74,"NAN","NAN","NAN","NAN",3.754
"2026-02-24 01:30:00",47446,9.15,35.34,0.66,0.7,"NAN","NAN","NAN","NAN",3.739
"2026-02-24 01:40:00",47447,4.37,16.88,0.64,0.68,"NAN","NAN","NAN","NAN",3.731
"2026-02-24 01:50:00",47448,5.41,20.9,0.66,0.7,"NAN","NAN","NAN","NAN",3.698
"2026-02-24 02:00:00",47449,5.45,21.06,0.62,0.66,"NAN","NAN","NAN","NAN",3.643
"2026-02-24 02:10:00",47450,4.73,18.26,0.57,0.61,"NAN","NAN","NAN","NAN",3.642
"2026-02-24 02:20:00",47451,4.11,15.89,0.54,0.58,"NAN","NAN","NAN","NAN",3.63
"2026-02-24 02:30:00",47452,4.42,17.09,0.6,0.64,"NAN","NAN","NAN","NAN",3.561
"2026-02-24 02:40:00",47453,4.7,18.15,0.72,0.76,"NAN","NAN","NAN","NAN",3.564
"2026-02-24 02:50:00",47454,4.03,15.58,0.75,0.79,"NAN","NAN","NAN","NAN",3.554
"2026-02-24 03:00:00",47455,"NAN","NAN","NAN","NAN","NAN","NAN","NAN","NAN","NAN"
"2026-02-24 03:10:00",47456,5.44,21.02,0.73,0.78,"NAN","NAN","NAN","NAN",3.515
"2026-02-24 03:20:00",47457,7.06,27.29,0.86,0.9,"NAN","NAN","NAN","NAN",3.538
"2026-02-24 03:30:00",47458,10.75,41.54,0.8,0.84,"NAN","NAN","NAN","NAN",3.499
"2026-02-24 03:40:00",47459,4.19,16.18,0.68,0.72,"NAN","NAN","NAN","NAN",3.54
"2026-02-24 03:50:00",47460,5.15,19.9,0.7,0.74,"NAN","NAN","NAN","NAN",3.565
"2026-02-24 04:00:00",47461,6.47,24.99,0.83,0.87,"NAN","NAN","NAN","NAN",3.568
"2026-02-24 04:10:00",47462,6.65,25.7,0.95,0.99,"NAN","NAN","NAN","NAN",3.543
"2026-02-24 04:20:00",47463,6.23,24.07,0.68,0.72,"NAN","NAN","NAN","NAN",3.459
"2026-02-24 04:30:00",47464,5.02,19.38,0.76,0.81,"NAN","NAN","NAN","NAN",3.528
"2026-02-24 04:40:00",47465,5.62,21.72,0.66,0.7,"NAN","NAN","NAN","NAN",3.481
"2026-02-24 04:50:00",47466,5.26,20.34,0.68,0.72,"NAN","NAN","NAN","NAN",3.42
"2026-02-24 05:00:00",47467,4.74,18.29,0.62,0.67,"NAN","NAN","NAN","NAN",3.358
"2026-02-24 05:10:00",47468,8.2,31.69,0.78,0.82,"NAN","NAN","NAN","NAN",3.372
"2026-02-24 05:20:00",47469,5.6,21.63,0.91,0.95,"NAN","NAN","NAN","NAN",3.394
"2026-02-24 05:30:00",47470,4.43,17.12,0.82,0.86,"NAN","NAN","NAN","NAN",3.407
"2026-02-24 05:40:00",47471,8.92,34.47,0.93,0.97,"NAN","NAN","NAN","NAN",3.385
"2026-02-24 05:50:00",47472,4.61,17.82,0.74,0.78,"NAN","NAN","NAN","NAN",3.377
"2026-02-24 06:00:00",47473,5.83,22.54,0.7,0.74,"NAN","NAN","NAN","NAN",3.365
"2026-02-24 06:10:00",47474,4.74,18.32,0.84,0.88,"NAN","NAN","NAN","NAN",3.352
"2026-02-24 06:20:00",47475,4.57,17.66,0.87,0.91,"NAN","NAN","NAN","NAN",3.298
"2026-02-24 06:30:00",47476,5.56,21.49,0.92,0.96,"NAN","NAN","NAN","NAN",3.26
"2026-02-24 06:40:00",47477,6.08,23.51,0.75,0.79,"NAN","NAN","NAN","NAN",3.307
"2026-02-24 06:50:00",47478,6.54,25.25,0.71,0.75,"NAN","NAN","NAN","NAN",3.265
"2026-02-24 07:00:00",47479,6.44,24.89,0.74,0.78,"NAN","NAN","NAN","NAN",3.241
"2026-02-24 07:10:00",47480,5.9,22.81,0.74,0.78,"NAN","NAN","NAN","NAN",3.197
"2026-02-24 07:20:00",47481,6.53,25.25,0.87,0.91,"NAN","NAN","NAN","NAN",3.169
"2026-02-24 07:30:00",47482,6.54,25.25,0.76,0.8,"NAN","NAN","NAN","NAN",3.149
"2026-02-24 07:40:00",47483,6.45,24.92,0.63,0.67,"NAN","NAN","NAN","NAN",3.119
"2026-02-24 07:50:00",47484,4.98,19.24,0.8,0.84,"NAN","NAN","NAN","NAN",3.091
"2026-02-24 08:00:00",47485,4.58,17.69,0.63,0.68,"NAN","NAN","NAN","NAN",3.055
"2026-02-24 08:10:00",47486,5.03,19.42,0.73,0.77,"NAN","NAN","NAN","NAN",3.047
"2026-02-24 08:20:00",47487,5.66,21.88,0.64,0.68,"NAN","NAN","NAN","NAN",3.028
"2026-02-24 08:30:00",47488,5.08,19.64,0.66,0.7,"NAN","NAN","NAN","NAN",2.972
"2026-02-24 08:40:00",47489,4.71,18.19,0.68,0.72,"NAN","NAN","NAN","NAN",2.978
"2026-02-24 08:50:00",47490,5.18,20.02,0.6,0.65,"NAN","NAN","NAN","NAN",2.983
"2026-02-24 09:00:00",47491,4.53,17.49,0.55,0.59,"NAN","NAN","NAN","NAN",3.062
"2026-02-24 09:10:00",47492,3.93,15.19,0.57,0.61,"NAN","NAN","NAN","NAN",3.03
"2026-02-24 09:20:00",47493,3.17,12.23,0.55,0.59,"NAN","NAN","NAN","NAN",2.992
"2026-02-24 09:30:00",47494,6.24,24.1,0.53,0.57,"NAN","NAN","NAN","NAN",2.952
"2026-02-24 09:40:00",47495,3.15,12.17,0.56,0.6,"NAN","NAN","NAN","NAN",2.974
"2026-02-24 09:50:00",47496,4.97,19.19,0.54,0.58,"NAN","NAN","NAN","NAN",3.082
"2026-02-24 10:00:00",47497,4.36,16.86,0.49,0.53,"NAN","NAN","NAN","NAN",2.986
"2026-02-24 10:10:00",47498,3.79,14.66,0.58,0.62,"NAN","NAN","NAN","NAN",3.035
"2026-02-24 10:20:00",47499,6.39,24.7,0.57,0.62,"NAN","NAN","NAN","NAN",3.034
"2026-02-24 10:30:00",47500,6.11,23.62,0.66,0.7,"NAN","NAN","NAN","NAN",3.046
"2026-02-24 10:40:00",47501,4.45,17.19,0.57,0.61,"NAN","NAN","NAN","NAN",3.07
"2026-02-24 10:50:00",47502,5.15,19.91,0.56,0.6,"NAN","NAN","NAN","NAN",3.094
"2026-02-24 11:00:00",47503,4.54,17.56,0.53,0.57,"NAN","NAN","NAN","NAN",3.111
"2026-02-24 11:10:00",47504,4.56,17.61,0.56,0.6,"NAN","NAN","NAN","NAN",3.13
"2026-02-24 11:20:00",47505,3.81,14.73,0.68,0.72,"NAN","NAN","NAN","NAN",3.166
"2026-02-24 11:30:00",47506,4.16,16.09,0.54,0.58,"NAN","NAN","NAN","NAN",3.186
"2026-02-24 11:40:00",47507,6.66,25.73,0.58,0.62,"NAN","NAN","NAN","NAN",3.184
"2026-02-24 11:50:00",47508,"NAN","NAN","NAN","NAN","NAN","NAN","NAN","NAN","NAN"
"2026-02-24 12:00:00",47509,3.92,15.14,0.55,0.59,"NAN","NAN","NAN","NAN",3.242
"2026-02-24 12:10:00",47510,4.32,16.68,0.51,0.55,"NAN","NAN","NAN","NAN",3.214
"2026-02-24 12:20:00",47511,3.12,12.03,0.52,0.56,"NAN","NAN","NAN","NAN",3.225
"2026-02-24 12:30:00",47512,2.3,8.87,0.46,0.5,"NAN","NAN","NAN","NAN",3.251
"2026-02-24 12:40:00",47513,3.29,12.73,0.47,0.51,"NAN","NAN","NAN","NAN",3.219
"2026-02-24 12:50:00",47514,3,11.59,0.47,0.51,"NAN","NAN","NAN","NAN",3.252
"2026-02-24 13:00:00",47515,2.92,11.3,0.56,0.61,"NAN","NAN","NAN","NAN",3.248
"2026-02-24 13:10:00",47516,4.85,18.75,0.58,0.62,"NAN","NAN","NAN","NAN",3.265
"2026-02-24 13:20:00",47517,3.65,14.1,0.53,0.57,"NAN","NAN","NAN","NAN",3.293
"2026-02-24 13:30:00",47518,5.05,19.52,0.59,0.63,"NAN","NAN","NAN","NAN",3.295
"2026-02-24 13:40:00",47519,5.04,19.49,0.6,0.64,"NAN","NAN","NAN","NAN",3.279
"2026-02-24 13:50:00",47520,5.19,20.07,0.6,0.64,"NAN","NAN","NAN","NAN",3.295
"2026-02-24 14:00:00",47521,5,19.31,0.61,0.66,"NAN","NAN","NAN","NAN",3.293
"2026-02-24 14:10:00",47522,4.49,17.37,0.58,0.62,"NAN","NAN","NAN","NAN",3.294
"2026-02-24 14:20:00",47523,5.29,20.43,0.63,0.67,"NAN","NAN","NAN","NAN",3.298
"2026-02-24 14:30:00",47524,5.21,20.13,0.72,0.76,"NAN","NAN","NAN","NAN",3.299
"2026-02-24 14:40:00",47525,5.97,23.07,0.61,0.65,"NAN","NAN","NAN","NAN",3.31
"2026-02-24 14:50:00",47526,4.88,18.87,0.56,0.6,"NAN","NAN","NAN","NAN",3.323
"2026-02-24 15:00:00",47527,4.8,18.56,0.55,0.59,"NAN","NAN","NAN","NAN",3.309
"2026-02-24 15:10:00",47528,7.06,27.29,0.57,0.61,"NAN","NAN","NAN","NAN",3.307
"2026-02-24 15:20:00",47529,3.65,14.1,0.61,0.65,"NAN","NAN","NAN","NAN",3.323
"2026-02-24 15:30:00",47530,4.41,17.04,0.66,0.7,"NAN","NAN","NAN","NAN",3.35
"2026-02-24 15:40:00",47531,4.92,18.99,0.59,0.63,"NAN","NAN","NAN","NAN",3.348
"2026-02-24 15:50:00",47532,6.15,23.76,0.81,0.86,"NAN","NAN","NAN","NAN",3.359
"2026-02-24 16:00:00",47533,5.39,20.82,0.67,0.71,"NAN","NAN","NAN","NAN",3.372
"2026-02-24 16:10:00",47534,6.08,23.49,0.54,0.58,"NAN","NAN","NAN","NAN",3.386
"2026-02-24 16:20:00",47535,5.36,20.71,0.63,0.67,"NAN","NAN","NAN","NAN",3.4
"2026-02-24 16:30:00",47536,5.52,21.31,0.55,0.59,"NAN","NAN","NAN","NAN",3.415
"2026-02-24 16:40:00",47537,5.16,19.95,0.6,0.64,"NAN","NAN","NAN","NAN",3.418
"2026-02-24 16:50:00",47538,4.24,16.39,0.77,0.81,"NAN","NAN","NAN","NAN",3.411
"2026-02-24 17:00:00",47539,4.65,17.97,0.7,0.74,"NAN","NAN","NAN","NAN",3.405
"2026-02-24 17:10:00",47540,4.95,19.14,0.79,0.83,"NAN","NAN","NAN","NAN",3.402
"2026-02-24 17:20:00",47541,6.1,23.58,0.85,0.89,"NAN","NAN","NAN","NAN",3.401
"2026-02-24 17:30:00",47542,7.78,30.05,0.91,0.96,"NAN","NAN","NAN","NAN",3.371
"2026-02-24 17:40:00",47543,5.81,22.45,0.8,0.84,"NAN","NAN","NAN","NAN",3.373
"2026-02-24 17:50:00",47544,6.86,26.52,0.81,0.85,"NAN","NAN","NAN","NAN",3.379
"2026-02-24 18:00:00",47545,7.78,30.08,0.91,0.95,"NAN","NAN","NAN","NAN",3.387
"2026-02-24 18:10:00",47546,4.07,15.74,0.75,0.8,"NAN","NAN","NAN","NAN",3.415
"2026-02-24 18:20:00",47547,4.07,15.73,0.63,0.67,"NAN","NAN","NAN","NAN",3.407
"2026-02-24 18:30:00",47548,6.07,23.47,0.9,0.94,"NAN","NAN","NAN","NAN",3.401
"2026-02-24 18:40:00",47549,9.96,38.49,1.02,1.06,"NAN","NAN","NAN","NAN",3.398
"2026-02-24 18:50:00",47550,13.41,51.84,1.7,1.75,"NAN","NAN","NAN","NAN",3.395
"2026-02-24 19:00:00",47551,6.84,26.43,0.82,0.86,"NAN","NAN","NAN","NAN",3.407
"2026-02-24 19:10:00",47552,7.85,30.33,0.97,1.02,"NAN","NAN","NAN","NAN",3.385
"2026-02-24 19:20:00",47553,6.82,26.37,0.98,1.02,"NAN","NAN","NAN","NAN",3.258
"2026-02-24 19:30:00",47554,6.38,24.67,0.75,0.8,"NAN","NAN","NAN","NAN",3.267
"2026-02-24 19:40:00",47555,4.47,17.28,0.9,0.95,"NAN","NAN","NAN","NAN",3.251
"2026-02-24 19:50:00",47556,3.85,14.86,0.75,0.79,"NAN","NAN","NAN","NAN",3.269
"2026-02-24 20:00:00",47557,5.45,21.05,0.75,0.79,"NAN","NAN","NAN","NAN",3.248
"2026-02-24 20:10:00",47558,6.3,24.35,0.93,0.97,"NAN","NAN","NAN","NAN",3.24
"2026-02-24 20:20:00",47559,6.24,24.09,0.83,0.88,"NAN","NAN","NAN","NAN",3.24
"2026-02-24 20:30:00",47560,5,19.32,0.72,0.76,"NAN","NAN","NAN","NAN",3.245
"2026-02-24 20:40:00",47561,"NAN","NAN","NAN","NAN","NAN","NAN","NAN","NAN","NAN"
"2026-02-24 20:50:00",47562,6.19,23.92,0.88,0.92,"NAN","NAN","NAN","NAN",3.199
"2026-02-24 21:00:00",47563,5.89,22.75,0.63,0.67,"NAN","NAN","NAN","NAN",3.159
"2026-02-24 21:10:00",47564,6.37,24.62,0.77,0.81,"NAN","NAN","NAN","NAN",3.131
"2026-02-24 21:20:00",47565,6.79,26.24,0.86,0.9,"NAN","NAN","NAN","NAN",3.128
"2026-02-24 21:30:00",47566,5.42,20.94,0.76,0.8,"NAN","NAN","NAN","NAN",3.15
"2026-02-24 21:40:00",47567,4.63,17.91,0.74,0.78,"NAN","NAN","NAN","NAN",3.17
"2026-02-24 21:50:00",47568,5.36,20.7,0.85,0.89,"NAN","NAN","NAN","NAN",3.147
"2026-02-24 22:00:00",47569,5.12,19.79,0.69,0.74,"NAN","NAN","NAN","NAN",3.166
"2026-02-24 22:10:00",47570,4.68,18.07,0.76,0.8,"NAN","NAN","NAN","NAN",3.16
"2026-02-24 22:20:00",47571,6.13,23.68,0.88,0.92,"NAN","NAN","NAN","NAN",3.166
"2026-02-24 22:30:00",47572,4.52,17.48,0.72,0.76,"NAN","NAN","NAN","NAN",3.188
"2026-02-24 22:40:00",47573,4.46,17.24,0.66,0.7,"NAN","NAN","NAN","NAN",3.17
"2026-02-24 22:50:00",47574,5.43,20.99,0.79,0.83,"NAN","NAN","NAN","NAN",3.148
"2026-02-24 23:00:00",47575,7.25,28,0.91,0.95,"NAN","NAN","NAN","NAN",3.151
"2026-02-24 23:10:00",47576,7.45,28.8,0.97,1.02,"NAN","NAN","NAN","NAN",3.152
"2026-02-24 23:20:00",47577,4.77,18.44,0.8,0.84,"NAN","NAN","NAN","NAN",3.162
"2026-02-24 23:30:00",47578,4.29,16.57,0.72,0.76,"NAN","NAN","NAN","NAN",3.164
"2026-02-24 23:40:00",47579,3.77,14.57,0.56,0.6,"NAN","NAN","NAN","NAN",3.173
"2026-02-24 23:50:00",47580,4.7,18.17,0.67,0.72,"NAN","NAN","NAN","NAN",3.177
"2026-02-25 00:00:00",47581,3.3,12.75,0.55,0.59,"NAN","NAN","NAN","NAN",3.182
"2026-02-25 00:10:00",47582,6.4,24.74,1.08,1.12,"NAN","NAN","NAN","NAN",3.196
"2026-02-25 00:20:00",47583,9.189999,35.5,1.23,1.27,"NAN","NAN","NAN","NAN",3.226
"2026-02-25 00:30:00",47584,4.65,17.95,0.91,0.95,"NAN","NAN","NAN","NAN",3.184
"2026-02-25 00:40:00",47585,4.74,18.32,0.76,0.8,"NAN","NAN","NAN","NAN",3.042
"2026-02-25 00:50:00",47586,7.85,30.34,0.97,1.01,"NAN","NAN","NAN","NAN",3.052
"2026-02-25 01:00:00",47587,5.05,19.52,0.85,0.89,"NAN","NAN","NAN","NAN",3.068
"2026-02-25 01:10:00",47588,6.84,26.44,1.06,1.1,"NAN","NAN","NAN","NAN",3.094
"2026-02-25 01:20:00",47589,5.08,19.63,0.77,0.81,"NAN","NAN","NAN","NAN",3.122
"2026-02-25 01:30:00",47590,6.09,23.52,0.82,0.86,"NAN","NAN","NAN","NAN",3.119
"2026-02-25 01:40:00",47591,7.74,29.92,0.84,0.88,"NAN","NAN","NAN","NAN",3.136
"2026-02-25 01:50:00",47592,4.92,19.02,0.9,0.94,"NAN","NAN","NAN","NAN",3.105
"2026-02-25 02:00:00",47593,6.83,26.41,0.95,0.99,"NAN","NAN","NAN","NAN",3.075
"2026-02-25 02:10:00",47594,5.99,23.14,0.8,0.84,"NAN","NAN","NAN","NAN",3.045
"2026-02-25 02:20:00",47595,6.34,24.48,0.85,0.89,"NAN","NAN","NAN","NAN",3.026
"2026-02-25 02:30:00",47596,4.28,16.53,0.8,0.84,"NAN","NAN","NAN","NAN",3.017
"2026-02-25 02:40:00",47597,6.39,24.7,0.81,0.85,"NAN","NAN","NAN","NAN",3.036
"2026-02-25 02:50:00",47598,4.74,18.33,0.69,0.73,"NAN","NAN","NAN","NAN",2.957
"2026-02-25 03:00:00",47599,5.39,20.83,0.72,0.76,"NAN","NAN","NAN","NAN",2.911
"2026-02-25 03:10:00",47600,6.52,25.18,1,1.04,"NAN","NAN","NAN","NAN",2.937
"2026-02-25 03:20:00",47601,5.64,21.79,0.92,0.97,"NAN","NAN","NAN","NAN",2.971
"2026-02-25 03:30:00",47602,5.13,19.81,0.74,0.78,"NAN","NAN","NAN","NAN",2.957
"2026-02-25 03:40:00",47603,4.97,19.2,0.75,0.79,"NAN","NAN","NAN","NAN",2.912
"2026-02-25 03:50:00",47604,6.62,25.56,0.77,0.81,"NAN","NAN","NAN","NAN",2.925
"2026-02-25 04:00:00",47605,5.53,21.37,0.77,0.81,"NAN","NAN","NAN","NAN",2.909
"2026-02-25 04:10:00",47606,4.49,17.34,0.7,0.74,"NAN","NAN","NAN","NAN",2.951
"2026-02-25 04:20:00",47607,4.22,16.29,0.69,0.73,"NAN","NAN","NAN","NAN",2.941
"2026-02-25 04:30:00",47608,5.43,20.97,0.87,0.92,"NAN","NAN","NAN","NAN",2.932
"2026-02-25 04:40:00",47609,6.15,23.75,0.9,0.95,"NAN","NAN","NAN","NAN",3.032
"2026-02-25 04:50:00",47610,6.5,25.11,0.78,0.82,"NAN","NAN","NAN","NAN",3.028
"2026-02-25 05:00:00",47611,6.77,26.16,0.9,0.94,"NAN","NAN","NAN","NAN",3.026
"2026-02-25 05:10:00",47612,4.23,16.32,0.73,0.78,"NAN","NAN","NAN","NAN",3.013
"2026-02-25 05:20:00",47613,5.56,21.47,0.83,0.87,"NAN","NAN","NAN","NAN",2.942
"2026-02-25 05:30:00",47614,"NAN","NAN","NAN","NAN","NAN","NAN","NAN","NAN","NAN"
"2026-02-25 05:40:00",47615,4.51,17.42,0.81,0.85,"NAN","NAN","NAN","NAN",2.914
"2026-02-25 05:50:00",47616,4.84,18.7,0.65,0.69,"NAN","NAN","NAN","NAN",2.905
"2026-02-25 06:00:00",47617,5.06,19.55,0.96,1,"NAN","NAN","NAN","NAN",2.891
"2026-02-25 06:10:00",47618,7.11,27.48,0.93,0.97,"NAN","NAN","NAN","NAN",2.819
"2026-02-25 06:20:00",47619,6.21,24,0.73,0.77,"NAN","NAN","NAN","NAN",2.832
"2026-02-25 06:30:00",47620,4.77,18.42,0.91,0.95,"NAN","NAN","NAN","NAN",2.772
"2026-02-25 06:40:00",47621,6.15,23.77,0.81,0.85,"NAN","NAN","NAN","NAN",2.668
"2026-02-25 06:50:00",47622,4.96,19.17,0.82,0.87,"NAN","NAN","NAN","NAN",2.675
"2026-02-25 07:00:00",47623,4.29,16.48,0.8,0.84,"NAN","NAN","NAN","NAN",2.656
"2026-02-25 07:10:00",47624,5.26,20.31,0.83,0.87,"NAN","NAN","NAN","NAN",2.563
"2026-02-25 07:20:00",47625,4.61,17.81,0.73,0.77,"NAN","NAN","NAN","NAN",2.699
"2026-02-25 07:30:00",47626,5.3,20.49,0.8,0.84,"NAN","NAN","NAN","NAN",2.753
"2026-02-25 07:40:00",47627,4.58,17.69,0.67,0.71,"NAN","NAN","NAN","NAN",2.723
"2026-02-25 07:50:00",47628,5.11,19.75,0.72,0.76,"NAN","NAN","NAN","NAN",2.714
"2026-02-25 08:00:00",47629,4.18,16.16,0.59,0.63,"NAN","NAN","NAN","NAN",2.768
"2026-02-25 08:10:00",47630,7.04,27.19,0.54,0.58,"NAN","NAN","NAN","NAN",2.786
"2026-02-25 08:20:00",47631,4.99,19.29,0.52,0.56,"NAN","NAN","NAN","NAN",2.843
"2026-02-25 08:30:00",47632,4.91,18.98,0.53,0.58,"NAN","NAN","NAN","NAN",2.842
"2026-02-25 08:40:00",47633,2.54,9.8,0.48,0.52,"NAN","NAN","NAN","NAN",2.911
"2026-02-25 08:50:00",47634,3.62,13.99,0.56,0.6,"NAN","NAN","NAN","NAN",3.057
"2026-02-25 09:00:00",47635,4.78,18.49,0.63,0.67,"NAN","NAN","NAN","NAN",3.088
"2026-02-25 09:10:00",47636,4.86,18.78,0.51,0.55,"NAN","NAN","NAN","NAN",3.112
"2026-02-25 09:20:00",47637,5.46,21.08,0.6,0.64,"NAN","NAN","NAN","NAN",3.065
"2026-02-25 09:30:00",47638,6.25,24.15,0.63,0.67,"NAN","NAN","NAN","NAN",3.019
"2026-02-25 09:40:00",47639,4.17,16.13,0.58,0.63,"NAN","NAN","NAN","NAN",3.064
"2026-02-25 09:50:00",47640,5.33,20.58,0.63,0.67,"NAN","NAN","NAN","NAN",2.983
"2026-02-25 10:00:00",47641,3.08,11.89,0.54,0.58,"NAN","NAN","NAN","NAN",2.869
"2026-02-25 10:10:00",47642,5.25,20.27,0.52,0.56,"NAN","NAN","NAN","NAN",2.818
"2026-02-25 10:20:00",47643,5.72,22.12,0.56,0.61,"NAN","NAN","NAN","NAN",2.96
"2026-02-25 10:30:00",47644,5.19,20.06,0.57,0.61,"NAN","NAN","NAN","NAN",3.01
"2026-02-25 10:40:00",47645,5.56,21.48,0.63,0.67,"NAN","NAN","NAN","NAN",3.099
"2026-02-25 10:50:00",47646,5.74,22.2,0.59,0.63,"NAN","NAN","NAN","NAN",3.163
"2026-02-25 11:00:00",47647,5.26,20.34,0.61,0.65,"NAN","NAN","NAN","NAN",3.091
"2026-02-25 11:10:00",47648,4.88,18.84,0.61,0.65,"NAN","NAN","NAN","NAN",3.076
"2026-02-25 11:20:00",47649,4.24,16.37,0.57,0.61,"NAN","NAN","NAN","NAN",3.086
"2026-02-25 11:30:00",47650,3.08,11.91,0.47,0.52,"NAN","NAN","NAN","NAN",3.093
"2026-02-25 11:40:00",47651,6.47,24.99,0.58,0.62,"NAN","NAN","NAN","NAN",3.161
"2026-02-25 11:50:00",47652,5.01,19.38,0.56,0.6,"NAN","NAN","NAN","NAN",3.215
"2026-02-25 12:00:00",47653,4.25,16.41,0.6,0.64,"NAN","NAN","NAN","NAN",3.335
"2026-02-25 12:10:00",47654,4.06,15.7,0.53,0.57,"NAN","NAN","NAN","NAN",3.249
"2026-02-25 12:20:00",47655,3.88,14.97,0.56,0.61,"NAN","NAN","NAN","NAN",3.26
"2026-02-25 12:30:00",47656,4.45,17.17,0.57,0.61,"NAN","NAN","NAN","NAN",3.288
"2026-02-25 12:40:00",47657,4.33,16.73,0.57,0.62,"NAN","NAN","NAN","NAN",3.265
"2026-02-25 12:50:00",47658,5.71,22.04,0.62,0.67,"NAN","NAN","NAN","NAN",3.277
"2026-02-25 13:00:00",47659,2.89,11.17,0.55,0.59,"NAN","NAN","NAN","NAN",3.289
"2026-02-25 13:10:00",47660,4.6,17.78,0.59,0.63,"NAN","NAN","NAN","NAN",3.306
"2026-02-25 13:20:00",47661,4.61,17.81,0.56,0.6,"NAN","NAN","NAN","NAN",3.31
"2026-02-25 13:30:00",47662,3.83,14.79,0.51,0.55,"NAN","NAN","NAN","NAN",3.359
"2026-02-25 13:40:00",47663,2.38,9.2,0.45,0.5,"NAN","NAN","NAN","NAN",3.406
"2026-02-25 13:50:00",47664,2.43,9.38,0.51,0.55,"NAN","NAN","NAN","NAN",3.437
"2026-02-25 14:00:00",47665,3.59,13.88,0.51,0.55,"NAN","NAN","NAN","NAN",3.425
"2026-02-25 14:10:00",47666,1.96,7.59,0.5,0.54,"NAN","NAN","NAN","NAN",3.508
"2026-02-25 14:20:00",47667,"NAN","NAN","NAN","NAN","NAN","NAN","NAN","NAN","NAN"
"2026-02-25 14:30:00",47668,2.92,11.28,0.46,0.5,"NAN","NAN","NAN","NAN",3.489
"2026-02-25 14:40:00",47669,3.13,12.08,0.51,0.56,"NAN","NAN","NAN","NAN",3.541
"2026-02-25 14:50:00",47670,3.93,15.19,0.52,0.56,"NAN","NAN","NAN","NAN",3.519
"2026-02-25 15:00:00",47671,3.26,12.61,0.49,0.53,"NAN","NAN","NAN","NAN",3.525
"2026-02-25 15:10:00",47672,4.79,18.49,0.55,0.59,"NAN","NAN","NAN","NAN",3.57
"2026-02-25 15:20:00",47673,3.91,15.11,0.52,0.56,"NAN","NAN","NAN","NAN",3.48
"2026-02-25 15:30:00",47674,4.45,17.2,0.57,0.61,"NAN","NAN","NAN","NAN",3.486
"2026-02-25 15:40:00",47675,6.37,24.62,0.53,0.57,"NAN","NAN","NAN","NAN",3.48
"2026-02-25 15:50:00",47676,4.69,18.1,0.59,0.63,"NAN","NAN","NAN","NAN",3.511
"2026-02-25 16:00:00",47677,4.01,15.49,0.6,0.64,"NAN","NAN","NAN","NAN",3.525
"2026-02-25 16:10:00",47678,6.44,24.89,0.58,0.62,"NAN","NAN","NAN","NAN",3.537
"2026-02-25 16:20:00",47679,5.66,21.89,0.58,0.62,"NAN","NAN","NAN","NAN",3.483
"2026-02-25 16:30:00",47680,5.49,21.19,0.55,0.6,"NAN","NAN","NAN","NAN",3.504
"2026-02-25 16:40:00",47681,4.37,16.88,0.57,0.62,"NAN","NAN","NAN","NAN",3.549
"2026-02-25 16:50:00",47682,4.41,17.05,0.57,0.61,"NAN","NAN","NAN","NAN",3.536
"2026-02-25 17:00:00",47683,5.61,21.68,0.68,0.72,"NAN","NAN","NAN","NAN",3.512
"2026-02-25 17:10:00",47684,6.17,23.86,0.7,0.74,"NAN","NAN","NAN","NAN",3.498
"2026-02-25 17:20:00",47685,5.27,20.36,0.63,0.67,"NAN","NAN","NAN","NAN",3.524
"2026-02-25 17:30:00",47686,6.22,24.02,0.74,0.78,"NAN","NAN","NAN","NAN",3.527
"2026-02-25 17:40:00",47687,4.49,17.34,0.67,0.71,"NAN","NAN","NAN","NAN",3.536
"2026-02-25 17:50:00",47688,6.48,25.03,0.68,0.73,"NAN","NAN","NAN","NAN",3.539
"2026-02-25 18:00:00",47689,4.06,15.67,0.64,0.68,"NAN","NAN","NAN","NAN",3.535
"2026-02-25 18:10:00",47690,7.15,27.65,0.72,0.76,"NAN","NAN","NAN","NAN",3.537
"2026-02-25 18:20:00",47691,6.99,27,0.85,0.9,"NAN","NAN","NAN","NAN",3.534
"2026-02-25 18:30:00",47692,4.46,17.23,0.75,0.79,"NAN","NAN","NAN","NAN",3.538
"2026-02-25 18:40:00",47693,4.73,18.27,0.66,0.7,"NAN","NAN","NAN","NAN",3.535
"2026-02-25 18:50:00",47694,6.46,24.96,0.8,0.84,"NAN","NAN","NAN","NAN",3.546
"2026-02-25 19:00:00",47695,4.62,17.84,0.66,0.7,"NAN","NAN","NAN","NAN",3.537
"2026-02-25 19:10:00",47696,9.71,37.5,0.85,0.89,"NAN","NAN","NAN","NAN",3.54
"2026-02-25 19:20:00",47697,4.36,16.83,0.8,0.84,"NAN","NAN","NAN","NAN",3.539
"2026-02-25 19:30:00",47698,8.61,33.27,0.81,0.85,"NAN","NAN","NAN","NAN",3.539
"2026-02-25 19:40:00",47699,5.6,21.63,0.73,0.77,"NAN","NAN","NAN","NAN",3.548
"2026-02-25 19:50:00",47700,6.21,23.99,0.85,0.9,"NAN","NAN","NAN","NAN",3.548
"2026-02-25 20:00:00",47701,5.68,21.95,0.79,0.83,"NAN","NAN","NAN","NAN",3.553
"2026-02-25 20:10:00",47702,5.53,21.38,0.94,0.98,"NAN","NAN","NAN","NAN",3.56
"2026-02-25 20:20:00",47703,6.71,25.93,0.86,0.9,"NAN","NAN","NAN","NAN",3.565
"2026-02-25 20:30:00",47704,4.65,17.97,0.65,0.69,"NAN","NAN","NAN","NAN",3.568
"2026-02-25 20:40:00",47705,5.64,21.77,0.86,0.9,"NAN","NAN","NAN","NAN",3.583
"2026-02-25 20:50:00",47706,6.52,25.17,0.87,0.92,"NAN","NAN","NAN","NAN",3.566
"2026-02-25 21:00:00",47707,5.95,23,0.77,0.81,"NAN","NAN","NAN","NAN",3.561
"2026-02-25 21:10:00",47708,7.43,28.71,0.85,0.89,"NAN","NAN","NAN","NAN",3.553
"2026-02-25 21:20:00",47709,5.36,20.7,0.94,0.99,"NAN","NAN","NAN","NAN",3.552
"2026-02-25 21:30:00",47710,4.92,19,0.76,0.8,"NAN","NAN","NAN","NAN",3.556
"2026-02-25 21:40:00",47711,5.52,21.33,0.81,0.86,"NAN","NAN","NAN","NAN",3.545
"2026-02-25 21:50:00",47712,7.87,30.4,0.93,0.97,"NAN","NAN","NAN","NAN",3.53
"2026-02-25 22:00:00",47713,4.14,15.98,0.74,0.78,"NAN","NAN","NAN","NAN",3.513
"2026-02-25 22:10:00",47714,5.4,20.85,0.77,0.81,"NAN","NAN","NAN","NAN",3.52
"2026-02-25 22:20:00",47715,5.8,22.39,0.77,0.82,"NAN","NAN","NAN","NAN",3.533
"2026-02-25 22:30:00",47716,4.8,18.53,0.84,0.88,"NAN","NAN","NAN","NAN",3.516
"2026-02-25 22:40:00",47717,4.26,16.46,0.72,0.76,"NAN","NAN","NAN","NAN",3.512
"2026-02-25 22:50:00",47718,6.03,23.31,0.7,0.74,"NAN","NAN","NAN","NAN",3.508
"2026-02-25 23:00:00",47719,4.8,18.55,0.67,0.71,"NAN","NAN","NAN","NAN",3.513
"2026-02-25 23:10:00",47720,"NAN","NAN","NAN","NAN","NAN","NAN","NAN","NAN","NAN"
"2026-02-25 23:20:00",47721,5.35,20.68,0.81,0.85,"NAN","NAN","NAN","NAN",3.53
"2026-02-25 23:30:00",47722,4.04,15.59,0.73,0.77,"NAN","NAN","NAN","NAN",3.532
"2026-02-25 23:40:00",47723,5.82,22.51,0.75,0.79,"NAN","NAN","NAN","NAN",3.538
"2026-02-25 23:50:00",47724,6.88,26.57,0.66,0.7,"NAN","NAN","NAN","NAN",3.548
"2026-02-26 00:00:00",47725,5.59,21.6,0.82,0.86,"NAN","NAN","NAN","NAN",3.548
"2026-02-26 00:10:00",47726,6.25,24.15,0.82,0.86,"NAN","NAN","NAN","NAN",3.558
"2026-02-26 00:20:00",47727,5.08,19.61,0.87,0.91,"NAN","NAN","NAN","NAN",3.556
"2026-02-26 00:30:00",47728,6,23.17,0.98,1.03,"NAN","NAN","NAN","NAN",3.556
"2026-02-26 00:40:00",47729,5.48,21.17,0.83,0.87,"NAN","NAN","NAN","NAN",3.554
"2026-02-26 00:50:00",47730,6.9,26.65,0.85,0.9,"NAN","NAN","NAN","NAN",3.556
"2026-02-26 01:00:00",47731,8.520001,32.91,0.84,0.88,"NAN","NAN","NAN","NAN",3.564
"2026-02-26 01:10:00",47732,7,27.06,0.91,0.96,"NAN","NAN","NAN","NAN",3.563
"2026-02-26 01:20:00",47733,5.66,21.87,0.83,0.87,"NAN","NAN","NAN","NAN",3.557
"2026-02-26 01:30:00",47734,4.71,18.21,0.82,0.86,"NAN","NAN","NAN","NAN",3.562
"2026-02-26 01:40:00",47735,11.08,42.8,1.41,1.45,"NAN","NAN","NAN","NAN",3.567
"2026-02-26 01:50:00",47736,6.24,24.12,0.87,0.91,"NAN","NAN","NAN","NAN",3.574
"2026-02-26 02:00:00",47737,5.75,22.2,0.8,0.84,"NAN","NAN","NAN","NAN",3.578
"2026-02-26 02:10:00",47738,5.04,19.47,0.83,0.87,"NAN","NAN","NAN","NAN",3.572
"2026-02-26 02:20:00",47739,5.69,21.98,0.72,0.76,"NAN","NAN","NAN","NAN",3.566
"2026-02-26 02:30:00",47740,6.25,24.14,0.86,0.9,"NAN","NAN","NAN","NAN",3.565
"2026-02-26 02:40:00",47741,6.97,26.94,0.99,1.03,"NAN","NAN","NAN","NAN",3.563
"2026-02-26 02:50:00",47742,6.35,24.53,0.83,0.87,"NAN","NAN","NAN","NAN",3.571
"2026-02-26 03:00:00",47743,6.78,26.2,0.96,1,"NAN","NAN","NAN","NAN",3.567
"2026-02-26 03:10:00",47744,6.42,24.82,0.86,0.9,"NAN","NAN","NAN","NAN",3.562
"2026-02-26 03:20:00",47745,5.65,21.84,0.94,0.98,"NAN","NAN","NAN","NAN",3.569
"2026-02-26 03:30:00",47746,5.48,21.19,0.91,0.95,"NAN","NAN","NAN","NAN",3.569
"2026-02-26 03:40:00",47747,7.1,27.42,0.97,1.01,"NAN","NAN","NAN","NAN",3.567
"2026-02-26 03:50:00",47748,4.74,18.3,0.67,0.71,"NAN","NAN","NAN","NAN",3.563
"2026-02-26 04:00:00",47749,5.27,20.36,0.92,0.96,"NAN","NAN","NAN","NAN",3.564
"2026-02-26 04:10:00",47750,4.52,17.48,0.77,0.82,"NAN","NAN","NAN","NAN",3.561
"2026-02-26 04:20:00",47751,4.73,18.29,0.76,0.8,"NAN","NAN","NAN","NAN",3.564
"2026-02-26 04:30:00",47752,4.47,17.28,0.75,0.79,"NAN","NAN","NAN","NAN",3.567
"2026-02-26 04:40:00",47753,7.12,27.52,0.8,0.84,"NAN","NAN","NAN","NAN",3.56
"2026-02-26 04:50:00",47754,4.78,18.46,0.78,0.82,"NAN","NAN","NAN","NAN",3.556
"2026-02-26 05:00:00",47755,6.99,27.02,0.92,0.96,"NAN","NAN","NAN","NAN",3.557
"2026-02-26 05:10:00",47756,4.55,17.58,0.71,0.75,"NAN","NAN","NAN","NAN",3.561
"2026-02-26 05:20:00",47757,6.58,25.44,0.81,0.85,"NAN","NAN","NAN","NAN",3.562
"2026-02-26 05:30:00",47758,5.29,20.43,0.91,0.95,"NAN","NAN","NAN","NAN",3.565
"2026-02-26 05:40:00",47759,6.92,26.74,0.86,0.9,"NAN","NAN","NAN","NAN",3.567
"2026-02-26 05:50:00",47760,5.54,21.4,0.69,0.73,"NAN","NAN","NAN","NAN",3.57
"2026-02-26 06:00:00",47761,6.72,25.97,0.82,0.87,"NAN","NAN","NAN","NAN",3.573
"2026-02-26 06:10:00",47762,6.28,24.26,0.94,0.98,"NAN","NAN","NAN","NAN",3.573
"2026-02-26 06:20:00",47763,5.02,19.4,0.79,0.83,"NAN","NAN","NAN","NAN",3.581
"2026-02-26 06:30:00",47764,7.39,28.56,0.92,0.96,"NAN","NAN","NAN","NAN",3.58
"2026-02-26 06:40:00",47765,5.99,23.15,0.83,0.88,"NAN","NAN","NAN","NAN",3.582
"2026-02-26 06:50:00",47766,5.33,20.58,0.75,0.79,"NAN","NAN","NAN","NAN",3.584
"2026-02-26 07:00:00",47767,5.57,21.51,0.87,0.92,"NAN","NAN","NAN","NAN",3.581
"2026-02-26 07:10:00",47768,6.33,24.46,0.78,0.82,"NAN","NAN","NAN","NAN",3.589
"2026-02-26 07:20:00",47769,7.2,27.83,0.87,0.91,"NAN","NAN","NAN","NAN",3.576
"2026-02-26 07:30:00",47770,5.88,22.71,0.85,0.9,"NAN","NAN","NAN","NAN",3.584
"2026-02-26 07:40:00",47771,7.4,28.59,0.89,0.93,"NAN","NAN","NAN","NAN",3.582
"2026-02-26 07:50:00",47772,8.64,33.4,1.14,1.18,"NAN","NAN","NAN","NAN",3.589
"2026-02-26 08:00:00",47773,"NAN","NAN","NAN","NAN","NAN","NAN","NAN","NAN","NAN"
"2026-02-26 08:10:00",47774,6.34,24.49,0.84,0.88,"NAN","NAN","NAN","NAN",3.598
"2026-02-26 08:20:00",47775,5.12,19.77,0.9,0.94,"NAN","NAN","NAN","NAN",3.595
"2026-02-26 08:30:00",47776,4.86,18.77,0.59,0.63,"NAN","NAN","NAN","NAN",3.603
"2026-02-26 08:40:00",47777,7.1,27.43,0.87,0.91,"NAN","NAN","NAN","NAN",3.603
"2026-02-26 08:50:00",47778,4.34,16.76,0.67,0.71,"NAN","NAN","NAN","NAN",3.618
"2026-02-26 09:00:00",47779,8.2,31.67,0.86,0.9,"NAN","NAN","NAN","NAN",3.623
"2026-02-26 09:10:00",47780,6,23.17,0.75,0.79,"NAN","NAN","NAN","NAN",3.63
"2026-02-26 09:20:00",47781,4.69,18.12,0.72,0.76,"NAN","NAN","NAN","NAN",3.628
"2026-02-26 09:30:00",47782,7.13,27.54,0.78,0.82,"NAN","NAN","NAN","NAN",3.624
"2026-02-26 09:40:00",47783,6.93,26.78,1,1.05,"NAN","NAN","NAN","NAN",3.615
"2026-02-26 09:50:00",47784,6.3,24.33,0.87,0.91,"NAN","NAN","NAN","NAN",3.61
"2026-02-26 10:00:00",47785,4.93,19.04,0.72,0.77,"NAN","NAN","NAN","NAN",3.613
"2026-02-26 10:10:00",47786,4.62,17.86,0.71,0.76,"NAN","NAN","NAN","NAN",3.637
"2026-02-26 10:20:00",47787,6.74,26.03,0.8,0.84,"NAN","NAN","NAN","NAN",3.673
"2026-02-26 10:30:00",47788,7.58,29.28,0.9,0.94,"NAN","NAN","NAN","NAN",3.652
"2026-02-26 10:40:00",47789,5.62,21.71,0.59,0.63,"NAN","NAN","NAN","NAN",3.604
"2026-02-26 10:50:00",47790,4.93,19.06,0.76,0.8,"NAN","NAN","NAN","NAN",3.615
"2026-02-26 11:00:00",47791,3.79,14.62,0.6,0.64,"NAN","NAN","NAN","NAN",3.618
"2026-02-26 11:10:00",47792,4.99,19.26,0.67,0.71,"NAN","NAN","NAN","NAN",3.678
"2026-02-26 11:20:00",47793,7.26,28.07,0.73,0.77,"NAN","NAN","NAN","NAN",3.656
"2026-02-26 11:30:00",47794,5.14,19.86,0.72,0.76,"NAN","NAN","NAN","NAN",3.655
"2026-02-26 11:40:00",47795,6.78,26.21,0.73,0.77,"NAN","NAN","NAN","NAN",3.627
"2026-02-26 11:50:00",47796,3.75,14.48,0.68,0.72,"NAN","NAN","NAN","NAN",3.687
"2026-02-26 12:00:00",47797,3.71,14.35,0.86,0.9,"NAN","NAN","NAN","NAN",3.663
"2026-02-26 12:10:00",47798,3.43,13.27,0.65,0.69,"NAN","NAN","NAN","NAN",3.651
"2026-02-26 12:20:00",47799,4.22,16.3,0.64,0.68,"NAN","NAN","NAN","NAN",3.643
"2026-02-26 12:30:00",47800,4.27,16.51,0.66,0.7,"NAN","NAN","NAN","NAN",3.66
"2026-02-26 12:40:00",47801,1.96,7.56,0.48,0.52,"NAN","NAN","NAN","NAN",3.676
"2026-02-26 12:50:00",47802,2.52,9.729999,0.53,0.57,"NAN","NAN","NAN","NAN",3.693
"2026-02-26 13:00:00",47803,3.19,12.32,0.57,0.61,"NAN","NAN","NAN","NAN",3.737
"2026-02-26 13:10:00",47804,4.37,16.88,0.6,0.65,"NAN","NAN","NAN","NAN",3.73
"2026-02-26 13:20:00",47805,4.47,17.26,0.56,0.6,"NAN","NAN","NAN","NAN",3.688
"2026-02-26 13:30:00",47806,5.71,22.06,0.73,0.77,"NAN","NAN","NAN","NAN",3.691
"2026-02-26 13:40:00",47807,4.4,17,0.73,0.77,"NAN","NAN","NAN","NAN",3.669
"2026-02-26 13:50:00",47808,5.13,19.81,0.74,0.78,"NAN","NAN","NAN","NAN",3.643
"2026-02-26 14:00:00",47809,5.03,19.45,0.8,0.84,"NAN","NAN","NAN","NAN",3.657
"2026-02-26 14:10:00",47810,6.06,23.42,0.89,0.93,"NAN","NAN","NAN","NAN",3.657
"2026-02-26 14:20:00",47811,6.22,24.04,0.92,0.96,"NAN","NAN","NAN","NAN",3.666
"2026-02-26 14:30:00",47812,6.95,26.84,0.97,1.01,"NAN","NAN","NAN","NAN",3.65
"2026-02-26 14:40:00",47813,6.59,25.46,0.92,0.96,"NAN","NAN","NAN","NAN",3.649
"2026-02-26 14:50:00",47814,5.69,21.97,0.77,0.81,"NAN","NAN","NAN","NAN",3.658
"2026-02-26 15:00:00",47815,5.41,20.9,0.82,0.86,"NAN","NAN","NAN","NAN",3.669
"2026-02-26 15:10:00",47816,5.44,21.02,0.79,0.83,"NAN","NAN","NAN","NAN",3.679
"2026-02-26 15:20:00",47817,6.15,23.75,0.75,0.79,"NAN","NAN","NAN","NAN",3.664
"2026-02-26 15:30:00",47818,4.94,19.09,0.69,0.73,"NAN","NAN","NAN","NAN",3.675
"2026-02-26 15:40:00",47819,6.25,24.15,0.88,0.92,"NAN","NAN","NAN","NAN",3.691
"2026-02-26 15:50:00",47820,5.57,21.51,0.82,0.86,"NAN","NAN","NAN","NAN",3.689
"2026-02-26 16:00:00",47821,5.07,19.6,0.62,0.66,"NAN","NAN","NAN","NAN",3.717
"2026-02-26 16:10:00",47822,6.25,24.17,0.73,0.77,"NAN","NAN","NAN","NAN",3.714
"2026-02-26 16:20:00",47823,5.94,22.97,0.82,0.86,"NAN","NAN","NAN","NAN",3.727
"2026-02-26 16:30:00",47824,4.69,18.11,0.73,0.77,"NAN","NAN","NAN","NAN",3.712
"2026-02-26 16:40:00",47825,6.29,24.31,0.72,0.76,"NAN","NAN","NAN","NAN",3.732
"2026-02-26 16:50:00",47826,"NAN","NAN","NAN","NAN","NAN","NAN","NAN","NAN","NAN"
"2026-02-26 17:00:00",47827,7.63,29.5,0.71,0.75,"NAN","NAN","NAN","NAN",3.729
"2026-02-26 17:10:00",47828,6,23.18,0.79,0.83,"NAN","NAN","NAN","NAN",3.729
"2026-02-26 17:20:00",47829,7.06,27.28,0.75,0.79,"NAN","NAN","NAN","NAN",3.73
"2026-02-26 17:30:00",47830,9.62,37.19,0.78,0.82,"NAN","NAN","NAN","NAN",3.729
"2026-02-26 17:40:00",47831,7.14,27.59,0.93,0.97,"NAN","NAN","NAN","NAN",3.734
"2026-02-26 17:50:00",47832,8.26,31.93,0.96,1.01,"NAN","NAN","NAN","NAN",3.753
"2026-02-26 18:00:00",47833,7.27,28.08,0.97,1.02,"NAN","NAN","NAN","NAN",3.737
"2026-02-26 18:10:00",47834,5.61,21.68,0.87,0.91,"NAN","NAN","NAN","NAN",3.739
"2026-02-26 18:20:00",47835,6.09,23.54,0.97,1.01,"NAN","NAN","NAN","NAN",3.743
"2026-02-26 18:30:00",47836,6.75,26.09,0.9,0.94,"NAN","NAN","NAN","NAN",3.746
"2026-02-26 18:40:00",47837,7.51,29.01,1.01,1.05,"NAN","NAN","NAN","NAN",3.773
"2026-02-26 18:50:00",47838,6.69,25.86,0.84,0.88,"NAN","NAN","NAN","NAN",3.789
"2026-02-26 19:00:00",47839,5.95,23,0.83,0.87,"NAN","NAN","NAN","NAN",3.786
"2026-02-26 19:10:00",47840,7.06,27.26,0.94,0.98,"NAN","NAN","NAN","NAN",3.794
"2026-02-26 19:20:00",47841,6.13,23.69,0.77,0.81,"NAN","NAN","NAN","NAN",3.822
"2026-02-26 19:30:00",47842,4.9,18.93,0.87,0.92,"NAN","NAN","NAN","NAN",3.857
"2026-02-26 19:40:00",47843,8.14,31.44,0.84,0.88,"NAN","NAN","NAN","NAN",3.891
"2026-02-26 19:50:00",47844,6.84,26.42,0.93,0.97,"NAN","NAN","NAN","NAN",3.884
"2026-02-26 20:00:00",47845,7.2,27.84,0.76,0.81,"NAN","NAN","NAN","NAN",3.881
"2026-02-26 20:10:00",47846,5.61,21.66,0.69,0.74,"NAN","NAN","NAN","NAN",3.861
"2026-02-26 20:20:00",47847,6.64,25.65,0.82,0.87,"NAN","NAN","NAN","NAN",3.855
"2026-02-26 20:30:00",47848,6.93,26.77,0.87,0.91,"NAN","NAN","NAN","NAN",3.855
"2026-02-26 20:40:00",47849,5.48,21.17,0.85,0.89,"NAN","NAN","NAN","NAN",3.844
"2026-02-26 20:50:00",47850,4.84,18.71,0.8,0.84,"NAN","NAN","NAN","NAN",3.826
"2026-02-26 21:00:00",47851,5.79,22.36,0.95,0.99,"NAN","NAN","NAN","NAN",3.791
"2026-02-26 21:10:00",47852,5.46,21.1,0.84,0.88,"NAN","NAN","NAN","NAN",3.795
"2026-02-26 21:20:00",47853,7.65,29.57,0.77,0.81,"NAN","NAN","NAN","NAN",3.803
"2026-02-26 21:30:00",47854,4.77,18.43,0.69,0.73,"NAN","NAN","NAN","NAN",3.798
"2026-02-26 21:40:00",47855,6.23,24.08,0.91,0.96,"NAN","NAN","NAN","NAN",3.806
"2026-02-26 21:50:00",47856,5.58,21.55,0.93,0.97,"NAN","NAN","NAN","NAN",3.805
"2026-02-26 22:00:00",47857,7.77,30.02,0.77,0.81,"NAN","NAN","NAN","NAN",3.809
"2026-02-26 22:10:00",47858,9.87,38.13,1.01,1.06,"NAN","NAN","NAN","NAN",3.798
"2026-02-26 22:20:00",47859,6.15,23.76,0.97,1.01,"NAN","NAN","NAN","NAN",3.791
"2026-02-26 22:30:00",47860,7.27,28.09,0.83,0.87,"NAN","NAN","NAN","NAN",3.812
"2026-02-26 22:40:00",47861,6.5,25.12,0.84,0.89,"NAN","NAN","NAN","NAN",3.831
"2026-02-26 22:50:00",47862,6.27,24.22,0.94,0.98,"NAN","NAN","NAN","NAN",3.832
"2026-02-26 23:00:00",47863,7.97,30.8,0.92,0.97,"NAN","NAN","NAN","NAN",3.867
"2026-02-26 23:10:00",47864,6.57,25.39,0.84,0.88,"NAN","NAN","NAN","NAN",3.997
"2026-02-26 23:20:00",47865,7.05,27.22,0.89,0.93,"NAN","NAN","NAN","NAN",3.978
"2026-02-26 23:30:00",47866,5.63,21.73,0.83,0.87,"NAN","NAN","NAN","NAN",3.987
"2026-02-26 23:40:00",47867,7.03,27.16,0.82,0.86,"NAN","NAN","NAN","NAN",4.02
"2026-02-26 23:50:00",47868,6.93,26.77,0.9,0.94,"NAN","NAN","NAN","NAN",4.019
"2026-02-27 00:00:00",47869,5.17,19.99,0.86,0.91,"NAN","NAN","NAN","NAN",4.004
"2026-02-27 00:10:00",47870,7,27.04,0.93,0.97,"NAN","NAN","NAN","NAN",3.988
"2026-02-27 00:20:00",47871,7.67,29.65,0.77,0.81,"NAN","NAN","NAN","NAN",3.979
"2026-02-27 00:30:00",47872,5.37,20.75,0.99,1.03,"NAN","NAN","NAN","NAN",3.977
"2026-02-27 00:40:00",47873,9.229999,35.65,0.98,1.02,"NAN","NAN","NAN","NAN",3.952
"2026-02-27 00:50:00",47874,8.11,31.33,0.89,0.93,"NAN","NAN","NAN","NAN",3.925
"2026-02-27 01:00:00",47875,5.96,23.04,0.9,0.94,"NAN","NAN","NAN","NAN",3.912
"2026-02-27 01:10:00",47876,6.46,24.95,0.91,0.95,"NAN","NAN","NAN","NAN",3.92
"2026-02-27 01:20:00",47877,5.77,22.31,0.83,0.87,"NAN","NAN","NAN","NAN",3.924
"2026-02-27 01:30:00",47878,5.34,20.61,0.92,0.96,"NAN","NAN","NAN","NAN",3.969
"2026-02-27 01:40:00",47879,"NAN","NAN","NAN","NAN","NAN","NAN","NAN","NAN","NAN"
"2026-02-27 01:50:00",47880,6.83,26.38,0.77,0.81,"NAN","NAN","NAN","NAN",4.08
"2026-02-27 02:00:00",47881,4.27,16.49,0.77,0.81,"NAN","NAN","NAN","NAN",4.081
"2026-02-27 02:10:00",47882,8.28,31.99,0.85,0.89,"NAN","NAN","NAN","NAN",4.097
"2026-02-27 02:20:00",47883,7.06,27.29,0.91,0.95,"NAN","NAN","NAN","NAN",4.076
"2026-02-27 02:30:00",47884,6.09,23.53,0.94,0.98,"NAN","NAN","NAN","NAN",4.088
"2026-02-27 02:40:00",47885,8.39,32.43,1.04,1.08,"NAN","NAN","NAN","NAN",4.115
"2026-02-27 02:50:00",47886,9.020001,34.84,0.85,0.9,"NAN","NAN","NAN","NAN",4.104
"2026-02-27 03:00:00",47887,6.31,24.38,0.93,0.97,"NAN","NAN","NAN","NAN",4.112
"2026-02-27 03:10:00",47888,7.12,27.5,0.87,0.91,"NAN","NAN","NAN","NAN",4.119
"2026-02-27 03:20:00",47889,7.06,27.27,0.82,0.87,"NAN","NAN","NAN","NAN",4.131
"2026-02-27 03:30:00",47890,4.21,16.25,0.76,0.8,"NAN","NAN","NAN","NAN",4.152
"2026-02-27 03:40:00",47891,5.89,22.75,0.87,0.91,"NAN","NAN","NAN","NAN",4.137
"2026-02-27 03:50:00",47892,4.87,18.81,0.69,0.73,"NAN","NAN","NAN","NAN",4.14
"2026-02-27 04:00:00",47893,6.01,23.22,0.94,0.98,"NAN","NAN","NAN","NAN",4.137
"2026-02-27 04:10:00",47894,7.25,28.01,0.79,0.83,"NAN","NAN","NAN","NAN",4.146
"2026-02-27 04:20:00",47895,5.05,19.51,0.68,0.72,"NAN","NAN","NAN","NAN",4.146
"2026-02-27 04:30:00",47896,6.16,23.82,0.99,1.03,"NAN","NAN","NAN","NAN",4.162
"2026-02-27 04:40:00",47897,8.17,31.56,0.97,1.01,"NAN","NAN","NAN","NAN",4.15
"2026-02-27 04:50:00",47898,5.65,21.83,0.86,0.9,"NAN","NAN","NAN","NAN",4.154
"2026-02-27 05:00:00",47899,7.1,27.44,0.98,1.02,"NAN","NAN","NAN","NAN",4.122
"2026-02-27 05:10:00",47900,5.47,21.12,0.82,0.86,"NAN","NAN","NAN","NAN",4.137
"2026-02-27 05:20:00",47901,4.89,18.89,1,1.04,"NAN","NAN","NAN","NAN",4.145
"2026-02-27 05:30:00",47902,7.89,30.48,0.9,0.94,"NAN","NAN","NAN","NAN",4.14
"2026-02-27 05:40:00",47903,6.77,26.15,1.01,1.05,"NAN","NAN","NAN","NAN",4.17
"2026-02-27 05:50:00",47904,7.37,28.48,0.83,0.88,"NAN","NAN","NAN","NAN",4.165
"2026-02-27 06:00:00",47905,5.99,23.14,1.02,1.06,"NAN","NAN","NAN","NAN",4.148
"2026-02-27 06:10:00",47906,4.96,19.16,0.75,0.79,"NAN","NAN","NAN","NAN",4.124
"2026-02-27 06:20:00",47907,6.04,23.35,0.93,0.97,"NAN","NAN","NAN","NAN",4.122
"2026-02-27 06:30:00",47908,4.92,19.02,0.86,0.9,"NAN","NAN","NAN","NAN",4.115
"2026-02-27 06:40:00",47909,6.09,23.53,0.94,0.98,"NAN","NAN","NAN","NAN",4.112
"2026-02-27 06:50:00",47910,8.310001,32.12,1.07,1.11,"NAN","NAN","NAN","NAN",4.113
"2026-02-27 07:00:00",47911,4.39,16.94,0.69,0.73,"NAN","NAN","NAN","NAN",4.115
"2026-02-27 07:10:00",47912,6.67,25.75,0.92,0.96,"NAN","NAN","NAN","NAN",4.103
"2026-02-27 07:20:00",47913,5.26,20.3,0.71,0.75,"NAN","NAN","NAN","NAN",4.091
"2026-02-27 07:30:00",47914,6.41,24.75,0.88,0.92,"NAN","NAN","NAN","NAN",4.094
"2026-02-27 07:40:00",47915,6.39,24.68,0.77,0.81,"NAN","NAN","NAN","NAN",4.084
"2026-02-27 07:50:00",47916,5.58,21.57,0.93,0.97,"NAN","NAN","NAN","NAN",4.084
"2026-02-27 08:00:00",47917,9.04,34.93,0.93,0.97,"NAN","NAN","NAN","NAN",4.104
"2026-02-27 08:10:00",47918,5.8,22.41,0.78,0.82,"NAN","NAN","NAN","NAN",4.117
"2026-02-27 08:20:00",47919,6.05,23.37,0.86,0.91,"NAN","NAN","NAN","NAN",4.154
"2026-02-27 08:30:00",47920,7.47,28.87,0.94,0.99,"NAN","NAN","NAN","NAN",4.163
"2026-02-27 08:40:00",47921,6.48,25.04,0.79,0.83,"NAN","NAN","NAN","NAN",4.167
"2026-02-27 08:50:00",47922,7.47,28.86,0.93,0.97,"NAN","NAN","NAN","NAN",4.188
"2026-02-27 09:00:00",47923,7.82,30.2,1.06,1.1,"NAN","NAN","NAN","NAN",4.183
"2026-02-27 09:10:00",47924,4.85,18.73,0.65,0.69,"NAN","NAN","NAN","NAN",4.186
"2026-02-27 09:20:00",47925,7.64,29.52,0.9,0.94,"NAN","NAN","NAN","NAN",4.188
"2026-02-27 09:30:00",47926,5.94,22.97,0.9,0.95,"NAN","NAN","NAN","NAN",4.185
"2026-02-27 09:40:00",47927,6.02,23.27,0.75,0.79,"NAN","NAN","NAN","NAN",4.204
"2026-02-27 09:50:00",47928,3.78,14.6,0.57,0.61,"NAN","NAN","NAN","NAN",4.231
"2026-02-27 10:00:00",47929,8.18,31.62,0.71,0.75,"NAN","NAN","NAN","NAN",4.313
"2026-02-27 10:10:00",47930,4.68,18.08,0.57,0.61,"NAN","NAN","NAN","NAN",4.354
"2026-02-27 10:20:00",47931,4.68,18.07,0.58,0.62,"NAN","NAN","NAN","NAN",4.358
"2026-02-27 10:30:00",47932,"NAN","NAN","NAN","NAN","NAN","NAN","NAN","NAN","NAN"
"2026-02-27 10:40:00",47933,5.44,21.02,0.64,0.68,"NAN","NAN","NAN","NAN",4.248
"2026-02-27 10:50:00",47934,5.15,19.91,0.73,0.77,"NAN","NAN","NAN","NAN",4.264
"2026-02-27 11:00:00",47935,6.38,24.67,0.72,0.77,"NAN","NAN","NAN","NAN",4.34
"2026-02-27 11:10:00",47936,6.7,25.9,0.81,0.85,"NAN","NAN","NAN","NAN",4.304
"2026-02-27 11:20:00",47937,7.08,27.37,0.64,0.68,"NAN","NAN","NAN","NAN",4.309
"2026-02-27 11:30:00",47938,7.73,29.85,0.79,0.83,"NAN","NAN","NAN","NAN",4.342
"2026-02-27 11:40:00",47939,6.88,26.58,0.66,0.7,"NAN","NAN","NAN","NAN",4.346
"2026-02-27 11:50:00",47940,6.07,23.45,0.74,0.78,"NAN","NAN","NAN","NAN",4.284
"2026-02-27 12:00:00",47941,6.5,25.12,0.65,0.69,"NAN","NAN","NAN","NAN",4.35
"2026-02-27 12:10:00",47942,5.17,19.99,0.66,0.7,"NAN","NAN","NAN","NAN",4.377
"2026-02-27 12:20:00",47943,7.1,27.43,0.64,0.68,"NAN","NAN","NAN","NAN",4.365
"2026-02-27 12:30:00",47944,5.8,22.42,0.68,0.72,"NAN","NAN","NAN","NAN",4.326
"2026-02-27 12:40:00",47945,5.91,22.83,0.69,0.73,"NAN","NAN","NAN","NAN",4.224
"2026-02-27 12:50:00",47946,4.84,18.7,0.58,0.62,"NAN","NAN","NAN","NAN",4.158
"2026-02-27 13:00:00",47947,4.08,15.75,0.63,0.67,"NAN","NAN","NAN","NAN",4.242
"2026-02-27 13:10:00",47948,6.08,23.47,0.63,0.67,"NAN","NAN","NAN","NAN",4.234
"2026-02-27 13:20:00",47949,6.69,25.87,0.63,0.68,"NAN","NAN","NAN","NAN",4.269
"2026-02-27 13:30:00",47950,6.97,26.95,0.6,0.64,"NAN","NAN","NAN","NAN",4.105
"2026-02-27 13:40:00",47951,5.38,20.77,0.59,0.63,"NAN","NAN","NAN","NAN",4.081
"2026-02-27 13:50:00",47952,6.69,25.85,0.71,0.75,"NAN","NAN","NAN","NAN",4.115
"2026-02-27 14:00:00",47953,5.57,21.53,0.59,0.63,"NAN","NAN","NAN","NAN",4.156
"2026-02-27 14:10:00",47954,3.91,15.09,0.51,0.55,"NAN","NAN","NAN","NAN",4.082
"2026-02-27 14:20:00",47955,4.74,18.33,0.65,0.69,"NAN","NAN","NAN","NAN",4.172
"2026-02-27 14:30:00",47956,3.76,14.53,0.52,0.56,"NAN","NAN","NAN","NAN",4.095
"2026-02-27 14:40:00",47957,5.11,19.72,0.57,0.61,"NAN","NAN","NAN","NAN",4.113
"2026-02-27 14:50:00",47958,4.58,17.71,0.58,0.62,"NAN","NAN","NAN","NAN",4.196
"2026-02-27 15:00:00",47959,4.05,15.64,0.64,0.68,"NAN","NAN","NAN","NAN",4.167
"2026-02-27 15:10:00",47960,4.31,16.66,0.66,0.7,"NAN","NAN","NAN","NAN",4.12
"2026-02-27 15:20:00",47961,5.35,20.69,0.76,0.8,"NAN","NAN","NAN","NAN",4.017
"2026-02-27 15:30:00",47962,4.14,16.01,0.68,0.72,"NAN","NAN","NAN","NAN",3.968
"2026-02-27 15:40:00",47963,7.58,29.29,0.7,0.74,"NAN","NAN","NAN","NAN",4.062
"2026-02-27 15:50:00",47964,5.89,22.74,0.67,0.71,"NAN","NAN","NAN","NAN",4.117
"2026-02-27 16:00:00",47965,5.47,21.14,0.59,0.63,"NAN","NAN","NAN","NAN",4.074
"2026-02-27 16:10:00",47966,6.02,23.27,0.57,0.62,"NAN","NAN","NAN","NAN",4.04
"2026-02-27 16:20:00",47967,4.67,18.03,0.65,0.69,"NAN","NAN","NAN","NAN",4.031
"2026-02-27 16:30:00",47968,7.05,27.24,0.58,0.62,"NAN","NAN","NAN","NAN",3.992
"2026-02-27 16:40:00",47969,4.19,16.2,0.58,0.62,"NAN","NAN","NAN","NAN",4.008
"2026-02-27 16:50:00",47970,2.83,10.92,0.55,0.59,"NAN","NAN","NAN","NAN",3.946
"2026-02-27 17:00:00",47971,5.85,22.61,0.6,0.64,"NAN","NAN","NAN","NAN",3.956
"2026-02-27 17:10:00",47972,6.16,23.78,0.64,0.68,"NAN","NAN","NAN","NAN",3.969
"2026-02-27 17:20:00",47973,5.46,21.11,0.65,0.69,"NAN","NAN","NAN","NAN",3.965
"2026-02-27 17:30:00",47974,4.25,16.44,0.65,0.69,"NAN","NAN","NAN","NAN",3.954
"2026-02-27 17:40:00",47975,6.23,24.07,0.73,0.77,"NAN","NAN","NAN","NAN",3.98
"2026-02-27 17:50:00",47976,6.05,23.38,0.79,0.83,"NAN","NAN","NAN","NAN",3.989
"2026-02-27 18:00:00",47977,5.44,21.02,0.72,0.76,"NAN","NAN","NAN","NAN",3.983
"2026-02-27 18:10:00",47978,5.76,22.26,0.77,0.82,"NAN","NAN","NAN","NAN",3.981
"2026-02-27 18:20:00",47979,5.58,21.56,0.83,0.87,"NAN","NAN","NAN","NAN",3.984
"2026-02-27 18:30:00",47980,7.43,28.7,0.9,0.94,"NAN","NAN","NAN","NAN",3.993
"2026-02-27 18:40:00",47981,3.95,15.26,0.7,0.74,"NAN","NAN","NAN","NAN",3.99
"2026-02-27 18:50:00",47982,6.18,23.86,0.75,0.79,"NAN","NAN","NAN","NAN",3.979
"2026-02-27 19:00:00",47983,6.31,24.37,0.88,0.92,"NAN","NAN","NAN","NAN",3.971
"2026-02-27 19:10:00",47984,5.14,19.84,0.79,0.83,"NAN","NAN","NAN","NAN",3.969
"2026-02-27 19:20:00",47985,"NAN","NAN","NAN","NAN","NAN","NAN","NAN","NAN","NAN"
"2026-02-27 19:30:00",47986,8.05,31.12,0.85,0.89,"NAN","NAN","NAN","NAN",3.964
"2026-02-27 19:40:00",47987,7.35,28.42,0.86,0.91,"NAN","NAN","NAN","NAN",3.974
"2026-02-27 19:50:00",47988,6.37,24.61,0.75,0.79,"NAN","NAN","NAN","NAN",3.982
"2026-02-27 20:00:00",47989,5.76,22.26,0.64,0.68,"NAN","NAN","NAN","NAN",3.987
"2026-02-27 20:10:00",47990,5.43,20.98,0.77,0.81,"NAN","NAN","NAN","NAN",4.007
"2026-02-27 20:20:00",47991,7.06,27.27,0.73,0.77,"NAN","NAN","NAN","NAN",4.169
"2026-02-27 20:30:00",47992,7.73,29.87,0.93,0.97,"NAN","NAN","NAN","NAN",4.209
"2026-02-27 20:40:00",47993,5.26,20.32,0.81,0.85,"NAN","NAN","NAN","NAN",4.19
"2026-02-27 20:50:00",47994,5.73,22.13,0.85,0.89,"NAN","NAN","NAN","NAN",4.348
"2026-02-27 21:00:00",47995,6.83,26.39,0.84,0.88,"NAN","NAN","NAN","NAN",4.299
"2026-02-27 21:10:00",47996,4.89,18.89,0.9,0.94,"NAN","NAN","NAN","NAN",4.316
"2026-02-27 21:20:00",47997,6.71,25.91,0.79,0.83,"NAN","NAN","NAN","NAN",4.258
"2026-02-27 21:30:00",47998,6.83,26.41,0.89,0.94,"NAN","NAN","NAN","NAN",4.314
"2026-02-27 21:40:00",47999,5.11,19.73,0.64,0.68,"NAN","NAN","NAN","NAN",4.314
"2026-02-27 21:50:00",48000,8.229999,31.81,0.8,0.84,"NAN","NAN","NAN","NAN",4.299
"2026-02-27 22:00:00",48001,7.53,29.11,0.88,0.92,"NAN","NAN","NAN","NAN",4.333
"2026-02-27 22:10:00",48002,7.33,28.32,0.96,1.01,"NAN","NAN","NAN","NAN",4.313
"2026-02-27 22:20:00",48003,7.6,29.38,0.98,1.02,"NAN","NAN","NAN","NAN",4.315
"2026-02-27 22:30:00",48004,6.13,23.68,0.98,1.02,"NAN","NAN","NAN","NAN",4.204
"2026-02-27 22:40:00",48005,7.77,30.02,1.01,1.05,"NAN","NAN","NAN","NAN",4.15
"2026-02-27 22:50:00",48006,8.65,33.41,0.94,0.98,"NAN","NAN","NAN","NAN",4.092
"2026-02-27 23:00:00",48007,8.060001,31.16,1.15,1.19,"NAN","NAN","NAN","NAN",4.077
"2026-02-27 23:10:00",48008,6.5,25.11,0.86,0.9,"NAN","NAN","NAN","NAN",4.033
"2026-02-27 23:20:00",48009,6.51,25.16,0.94,0.98,"NAN","NAN","NAN","NAN",4.012
"2026-02-27 23:30:00",48010,8.21,31.7,0.97,1.02,"NAN","NAN","NAN","NAN",4.167
"2026-02-27 23:40:00",48011,7.57,29.24,1.05,1.09,"NAN","NAN","NAN","NAN",4.306
"2026-02-27 23:50:00",48012,6.21,23.99,0.8,0.84,"NAN","NAN","NAN","NAN",4.346
"2026-02-28 00:00:00",48013,7.04,27.2,0.86,0.9,"NAN","NAN","NAN","NAN",4.358
"2026-02-28 00:10:00",48014,8.61,33.27,1.09,1.13,"NAN","NAN","NAN","NAN",4.386
"2026-02-28 00:20:00",48015,5.44,21.02,0.76,0.81,"NAN","NAN","NAN","NAN",4.362
"2026-02-28 00:30:00",48016,5.9,22.81,0.92,0.96,"NAN","NAN","NAN","NAN",4.374
"2026-02-28 00:40:00",48017,6.1,23.59,0.85,0.9,"NAN","NAN","NAN","NAN",4.393
"2026-02-28 00:50:00",48018,9.85,38.07,0.79,0.83,"NAN","NAN","NAN","NAN",4.367
"2026-02-28 01:00:00",48019,6.91,26.72,0.87,0.92,"NAN","NAN","NAN","NAN",4.369
"2026-02-28 01:10:00",48020,8.07,31.2,1.11,1.15,"NAN","NAN","NAN","NAN",4.434
"2026-02-28 01:20:00",48021,8.810001,34.03,0.88,0.93,"NAN","NAN","NAN","NAN",4.432
"2026-02-28 01:30:00",48022,5.69,21.97,0.99,1.03,"NAN","NAN","NAN","NAN",4.434
"2026-02-28 01:40:00",48023,7.46,28.83,1.01,1.05,"NAN","NAN","NAN","NAN",4.409
"2026-02-28 01:50:00",48024,10.51,40.6,1.25,1.29,"NAN","NAN","NAN","NAN",4.378
"2026-02-28 02:00:00",48025,7.81,30.17,1.01,1.06,"NAN","NAN","NAN","NAN",4.383
"2026-02-28 02:10:00",48026,6.24,24.09,0.73,0.78,"NAN","NAN","NAN","NAN",4.284
"2026-02-28 02:20:00",48027,7.11,27.46,0.82,0.86,"NAN","NAN","NAN","NAN",4.192
"2026-02-28 02:30:00",48028,5.37,20.75,0.97,1.01,"NAN","NAN","NAN","NAN",4.279
"2026-02-28 02:40:00",48029,7.64,29.53,0.98,1.03,"NAN","NAN","NAN","NAN",4.337
"2026-02-28 02:50:00",48030,9.07,35.04,1.08,1.12,"NAN","NAN","NAN","NAN",4.348
"2026-02-28 03:00:00",48031,6.36,24.56,0.87,0.91,"NAN","NAN","NAN","NAN",4.358
"2026-02-28 03:10:00",48032,4.95,19.12,0.73,0.77,"NAN","NAN","NAN","NAN",4.366
"2026-02-28 03:20:00",48033,6.81,26.31,0.97,1.01,"NAN","NAN","NAN","NAN",4.378
"2026-02-28 03:30:00",48034,5.92,22.87,0.89,0.93,"NAN","NAN","NAN","NAN",4.393
"2026-02-28 03:40:00",48035,6.98,26.97,0.85,0.89,"NAN","NAN","NAN","NAN",4.395
"2026-02-28 03:50:00",48036,8.65,33.42,1.12,1.16,"NAN","NAN","NAN","NAN",4.401
"2026-02-28 04:00:00",48037,6.18,23.86,0.78,0.82,"NAN","NAN","NAN","NAN",4.405
"2026-02-28 04:10:00",48038,"NAN","NAN","NAN","NAN","NAN","NAN","NAN","NAN","NAN"
"2026-02-28 04:20:00",48039,8.35,32.27,1.06,1.1,"NAN","NAN","NAN","NAN",4.401
"2026-02-28 04:30:00",48040,7.28,28.14,0.96,1,"NAN","NAN","NAN","NAN",4.287
"2026-02-28 04:40:00",48041,10.05,38.84,1.16,1.2,"NAN","NAN","NAN","NAN",4.293
"2026-02-28 04:50:00",48042,7.9,30.54,1.02,1.06,"NAN","NAN","NAN","NAN",4.328
"2026-02-28 05:00:00",48043,8.43,32.59,0.96,1.01,"NAN","NAN","NAN","NAN",4.335
"2026-02-28 05:10:00",48044,6.8,26.28,0.81,0.85,"NAN","NAN","NAN","NAN",4.346
"2026-02-28 05:20:00",48045,7.61,29.41,0.97,1.01,"NAN","NAN","NAN","NAN",4.333
"2026-02-28 05:30:00",48046,5.71,22.07,0.77,0.81,"NAN","NAN","NAN","NAN",4.345
"2026-02-28 05:40:00",48047,5.95,22.99,0.87,0.91,"NAN","NAN","NAN","NAN",4.369
"2026-02-28 05:50:00",48048,7.22,27.89,0.88,0.92,"NAN","NAN","NAN","NAN",4.369
"2026-02-28 06:00:00",48049,6.55,25.31,1.12,1.17,"NAN","NAN","NAN","NAN",4.382
"2026-02-28 06:10:00",48050,6.51,25.14,0.91,0.95,"NAN","NAN","NAN","NAN",4.363
"2026-02-28 06:20:00",48051,7.01,27.09,0.87,0.91,"NAN","NAN","NAN","NAN",4.366
"2026-02-28 06:30:00",48052,7.87,30.41,1.03,1.07,"NAN","NAN","NAN","NAN",4.363
"2026-02-28 06:40:00",48053,7.23,27.94,1.02,1.07,"NAN","NAN","NAN","NAN",4.362
"2026-02-28 06:50:00",48054,5.74,22.16,0.86,0.9,"NAN","NAN","NAN","NAN",4.351
"2026-02-28 07:00:00",48055,7.39,28.54,0.87,0.92,"NAN","NAN","NAN","NAN",4.378
"2026-02-28 07:10:00",48056,5.17,19.97,0.99,1.04,"NAN","NAN","NAN","NAN",4.372
"2026-02-28 07:20:00",48057,5.91,22.84,0.9,0.94,"NAN","NAN","NAN","NAN",4.355
"2026-02-28 07:30:00",48058,4.75,18.37,0.76,0.81,"NAN","NAN","NAN","NAN",4.378
"2026-02-28 07:40:00",48059,6.75,26.08,0.69,0.73,"NAN","NAN","NAN","NAN",4.418
"2026-02-28 07:50:00",48060,6.63,25.61,0.69,0.73,"NAN","NAN","NAN","NAN",4.399
"2026-02-28 08:00:00",48061,6.81,26.31,0.85,0.89,"NAN","NAN","NAN","NAN",4.388
"2026-02-28 08:10:00",48062,9.439999,36.48,0.84,0.89,"NAN","NAN","NAN","NAN",4.401
"2026-02-28 08:20:00",48063,5.56,21.5,0.64,0.68,"NAN","NAN","NAN","NAN",4.402
"2026-02-28 08:30:00",48064,5.41,20.9,0.74,0.78,"NAN","NAN","NAN","NAN",4.392
"2026-02-28 08:40:00",48065,6.75,26.08,0.79,0.84,"NAN","NAN","NAN","NAN",4.433
"2026-02-28 08:50:00",48066,5.49,21.2,0.73,0.78,"NAN","NAN","NAN","NAN",4.415
"2026-02-28 09:00:00",48067,5.29,20.44,0.63,0.67,"NAN","NAN","NAN","NAN",4.446
"2026-02-28 09:10:00",48068,8.32,32.13,0.62,0.67,"NAN","NAN","NAN","NAN",4.411
"2026-02-28 09:20:00",48069,4.24,16.4,0.58,0.62,"NAN","NAN","NAN","NAN",4.44
"2026-02-28 09:30:00",48070,5.83,22.52,0.61,0.65,"NAN","NAN","NAN","NAN",4.469
"2026-02-28 09:40:00",48071,5.75,22.22,0.67,0.72,"NAN","NAN","NAN","NAN",4.465
"2026-02-28 09:50:00",48072,5.03,19.42,0.61,0.65,"NAN","NAN","NAN","NAN",4.592
"2026-02-28 10:00:00",48073,4.87,18.81,0.54,0.58,"NAN","NAN","NAN","NAN",4.687
"2026-02-28 10:10:00",48074,5.59,21.59,0.64,0.68,"NAN","NAN","NAN","NAN",4.674
"2026-02-28 10:20:00",48075,5.16,19.93,0.63,0.67,"NAN","NAN","NAN","NAN",4.658
"2026-02-28 10:30:00",48076,5.22,20.15,0.66,0.7,"NAN","NAN","NAN","NAN",4.698
"2026-02-28 10:40:00",48077,5.66,21.89,0.64,0.68,"NAN","NAN","NAN","NAN",4.712
"2026-02-28 10:50:00",48078,4.05,15.66,0.61,0.65,"NAN","NAN","NAN","NAN",4.734
"2026-02-28 11:00:00",48079,7.14,27.61,0.66,0.7,"NAN","NAN","NAN","NAN",4.745
"2026-02-28 11:10:00",48080,5.93,22.93,0.63,0.67,"NAN","NAN","NAN","NAN",4.853
"2026-02-28 11:20:00",48081,4.49,17.33,0.69,0.73,"NAN","NAN","NAN","NAN",4.886
"2026-02-28 11:30:00",48082,4.24,16.37,0.67,0.71,"NAN","NAN","NAN","NAN",4.902
"2026-02-28 11:40:00",48083,3.4,13.14,0.55,0.59,"NAN","NAN","NAN","NAN",4.918
"2026-02-28 11:50:00",48084,3.03,11.72,0.46,0.5,"NAN","NAN","NAN","NAN",5.179
"2026-02-28 12:00:00",48085,2.61,10.08,0.43,0.48,"NAN","NAN","NAN","NAN",5.466
"2026-02-28 12:10:00",48086,3.9,15.06,0.48,0.53,"NAN","NAN","NAN","NAN",5.515
"2026-02-28 12:20:00",48087,2.07,7.99,0.41,0.45,"NAN","NAN","NAN","NAN",5.607
"2026-02-28 12:30:00",48088,2.69,10.41,0.42,0.46,"NAN","NAN","NAN","NAN",5.686
"2026-02-28 12:40:00",48089,1.98,7.63,0.39,0.43,"NAN","NAN","NAN","NAN",5.786
"2026-02-28 12:50:00",48090,3.28,12.66,0.46,0.5,"NAN","NAN","NAN","NAN",5.745
"2026-02-28 13:00:00",48091,"NAN","NAN","NAN","NAN","NAN","NAN","NAN","NAN","NAN"
"2026-02-28 13:10:00",48092,2.77,10.57,0.42,0.47,"NAN","NAN","NAN","NAN",5.68
"2026-02-28 13:20:00",48093,3.49,13.65,0.52,0.57,"NAN","NAN","NAN","NAN",5.612
"2026-02-28 13:30:00",48094,3.07,11.87,0.47,0.51,"NAN","NAN","NAN","NAN",5.785
"2026-02-28 13:40:00",48095,2.86,11.06,0.45,0.49,"NAN","NAN","NAN","NAN",5.836
"2026-02-28 13:50:00",48096,3,11.58,0.47,0.51,"NAN","NAN","NAN","NAN",5.942
"2026-02-28 14:00:00",48097,3.07,11.87,0.45,0.5,"NAN","NAN","NAN","NAN",5.923
"2026-02-28 14:10:00",48098,3.05,11.8,0.48,0.52,"NAN","NAN","NAN","NAN",5.963
"2026-02-28 14:20:00",48099,3.42,13.2,0.54,0.58,"NAN","NAN","NAN","NAN",5.879
"2026-02-28 14:30:00",48100,4.36,16.84,0.48,0.52,"NAN","NAN","NAN","NAN",5.906
"2026-02-28 14:40:00",48101,4.55,17.58,0.54,0.58,"NAN","NAN","NAN","NAN",5.926
"2026-02-28 14:50:00",48102,3.87,14.99,0.52,0.56,"NAN","NAN","NAN","NAN",5.911
"2026-02-28 15:00:00",48103,4.44,17.16,0.54,0.58,"NAN","NAN","NAN","NAN",5.893
"2026-02-28 15:10:00",48104,3.68,14.22,0.54,0.58,"NAN","NAN","NAN","NAN",5.956
"2026-02-28 15:20:00",48105,5.15,19.9,0.64,0.68,"NAN","NAN","NAN","NAN",5.92
"2026-02-28 15:30:00",48106,5.22,20.19,0.59,0.63,"NAN","NAN","NAN","NAN",5.829
"2026-02-28 15:40:00",48107,5.76,22.25,0.66,0.7,"NAN","NAN","NAN","NAN",5.87
"2026-02-28 15:50:00",48108,6.48,25.02,0.68,0.72,"NAN","NAN","NAN","NAN",5.868
"2026-02-28 16:00:00",48109,6.88,26.58,0.7,0.75,"NAN","NAN","NAN","NAN",5.701
"2026-02-28 16:10:00",48110,5.1,19.7,0.79,0.83,"NAN","NAN","NAN","NAN",5.724
"2026-02-28 16:20:00",48111,7.4,31.42,0.9,0.94,"NAN","NAN","NAN","NAN",5.715
"2026-02-28 16:30:00",48112,6.73,26.01,0.8,0.84,"NAN","NAN","NAN","NAN",5.733
"2026-02-28 16:40:00",48113,9.939999,38.39,0.86,0.9,"NAN","NAN","NAN","NAN",5.643
"2026-02-28 16:50:00",48114,9.25,35.76,0.96,1,"NAN","NAN","NAN","NAN",5.54
"2026-02-28 17:00:00",48115,9.37,36.22,0.87,0.91,"NAN","NAN","NAN","NAN",5.518
"2026-02-28 17:10:00",48116,7.94,30.68,0.79,0.83,"NAN","NAN","NAN","NAN",5.498
"2026-02-28 17:20:00",48117,10.64,41.12,0.96,1.01,"NAN","NAN","NAN","NAN",5.436
"2026-02-28 17:30:00",48118,7,27.07,1.06,1.11,"NAN","NAN","NAN","NAN",5.436
"2026-02-28 17:40:00",48119,11.75,45.41,1.11,1.15,"NAN","NAN","NAN","NAN",5.409
"2026-02-28 17:50:00",48120,7.96,30.77,1.09,1.14,"NAN","NAN","NAN","NAN",5.519
"2026-02-28 18:00:00",48121,9.310001,35.96,1.21,1.26,"NAN","NAN","NAN","NAN",5.492
"2026-02-28 18:10:00",48122,13.21,51.05,1.12,1.17,"NAN","NAN","NAN","NAN",5.531
"2026-02-28 18:20:00",48123,8.64,33.39,1.03,1.07,"NAN","NAN","NAN","NAN",5.567
"2026-02-28 18:30:00",48124,6.24,24.1,0.88,0.92,"NAN","NAN","NAN","NAN",5.704
"2026-02-28 18:40:00",48125,7.94,30.69,0.97,1.01,"NAN","NAN","NAN","NAN",5.659
"2026-02-28 18:50:00",48126,11.7,45.12,1.43,1.48,"NAN","NAN","NAN","NAN",5.578
"2026-02-28 19:00:00",48127,9.92,38.29,1.11,1.16,"NAN","NAN","NAN","NAN",5.51
"2026-02-28 19:10:00",48128,10.84,41.87,1.06,1.1,"NAN","NAN","NAN","NAN",5.551
"2026-02-28 19:20:00",48129,7.62,29.46,0.86,0.9,"NAN","NAN","NAN","NAN",5.689
"2026-02-28 19:30:00",48130,7.05,27.25,0.92,0.96,"NAN","NAN","NAN","NAN",5.857
"2026-02-28 19:40:00",48131,5.75,22.23,0.78,0.82,"NAN","NAN","NAN","NAN",6.084
"2026-02-28 19:50:00",48132,9.59,37.07,1.1,1.14,"NAN","NAN","NAN","NAN",5.751
"2026-02-28 20:00:00",48133,6.57,25.37,1.06,1.1,"NAN","NAN","NAN","NAN",5.586
"2026-02-28 20:10:00",48134,9.28,35.84,1.25,1.29,"NAN","NAN","NAN","NAN",5.547
"2026-02-28 20:20:00",48135,10.19,39.38,1.14,1.18,"NAN","NAN","NAN","NAN",5.577
"2026-02-28 20:30:00",48136,7.81,30.16,0.98,1.02,"NAN","NAN","NAN","NAN",5.622
"2026-02-28 20:40:00",48137,8.75,33.82,1.11,1.15,"NAN","NAN","NAN","NAN",5.767
"2026-02-28 20:50:00",48138,7.35,28.4,1.23,1.27,"NAN","NAN","NAN","NAN",5.765
"2026-02-28 21:00:00",48139,8.35,32.26,0.87,0.91,"NAN","NAN","NAN","NAN",5.864
"2026-02-28 21:10:00",48140,10.53,40.67,1.14,1.18,"NAN","NAN","NAN","NAN",5.659
"2026-02-28 21:20:00",48141,8.55,33.04,1.04,1.08,"NAN","NAN","NAN","NAN",5.449
"2026-02-28 21:30:00",48142,9.65,37.3,1.22,1.26,"NAN","NAN","NAN","NAN",5.516
"2026-02-28 21:40:00",48143,7.8,30.15,1.33,1.37,"NAN","NAN","NAN","NAN",5.659
"2026-02-28 21:50:00",48144,"NAN","NAN","NAN","NAN","NAN","NAN","NAN","NAN","NAN"
"2026-02-28 22:00:00",48145,9.25,35.74,1.13,1.17,"NAN","NAN","NAN","NAN",5.687
"2026-02-28 22:10:00",48146,8.96,34.63,0.94,0.98,"NAN","NAN","NAN","NAN",5.746
"2026-02-28 22:20:00",48147,8.65,33.44,0.98,1.02,"NAN","NAN","NAN","NAN",5.69
"2026-02-28 22:30:00",48148,7.89,30.48,0.82,0.86,"NAN","NAN","NAN","NAN",5.982
"2026-02-28 22:40:00",48149,4.76,18.39,0.85,0.89,"NAN","NAN","NAN","NAN",6.089
"2026-02-28 22:50:00",48150,5.08,19.62,0.81,0.85,"NAN","NAN","NAN","NAN",6.002
"2026-02-28 23:00:00",48151,6.1,23.56,0.73,0.77,"NAN","NAN","NAN","NAN",6.055
"2026-02-28 23:10:00",48152,4.62,17.85,0.73,0.77,"NAN","NAN","NAN","NAN",6.129
"2026-02-28 23:20:00",48153,5.61,21.68,0.7,0.74,"NAN","NAN","NAN","NAN",6.108
"2026-02-28 23:30:00",48154,7.09,27.38,0.73,0.77,"NAN","NAN","NAN","NAN",6.155
"2026-02-28 23:40:00",48155,4.86,18.77,0.75,0.79,"NAN","NAN","NAN","NAN",6.203
"2026-02-28 23:50:00",48156,6.13,23.69,0.71,0.75,"NAN","NAN","NAN","NAN",6.276
"2026-03-01 00:00:00",48157,5.72,22.09,0.67,0.71,"NAN","NAN","NAN","NAN",6.341
"2026-03-01 00:10:00",48158,5.47,21.13,0.65,0.69,"NAN","NAN","NAN","NAN",6.351
"2026-03-01 00:20:00",48159,5,19.32,0.67,0.71,"NAN","NAN","NAN","NAN",6.318
"2026-03-01 00:30:00",48160,3.58,13.83,0.6,0.64,"NAN","NAN","NAN","NAN",6.365
"2026-03-01 00:40:00",48161,7.8,30.13,0.72,0.76,"NAN","NAN","NAN","NAN",6.343
"2026-03-01 00:50:00",48162,4.35,16.79,0.59,0.63,"NAN","NAN","NAN","NAN",6.386
"2026-03-01 01:00:00",48163,4.75,18.35,0.74,0.79,"NAN","NAN","NAN","NAN",6.331
"2026-03-01 01:10:00",48164,4.67,18.05,0.69,0.73,"NAN","NAN","NAN","NAN",6.373
"2026-03-01 01:20:00",48165,5.16,19.93,0.71,0.75,"NAN","NAN","NAN","NAN",6.378
"2026-03-01 01:30:00",48166,3.65,14.12,0.6,0.64,"NAN","NAN","NAN","NAN",6.416
"2026-03-01 01:40:00",48167,6.6,23.4,0.57,0.61,"NAN","NAN","NAN","NAN",6.415
"2026-03-01 01:50:00",48168,6.62,25.58,0.65,0.7,"NAN","NAN","NAN","NAN",6.399
"2026-03-01 02:00:00",48169,4.05,15.66,0.57,0.61,"NAN","NAN","NAN","NAN",6.412
"2026-03-01 02:10:00",48170,5.27,20.38,0.62,0.66,"NAN","NAN","NAN","NAN",6.399
"2026-03-01 02:20:00",48171,4.95,19.14,0.61,0.65,"NAN","NAN","NAN","NAN",6.426
"2026-03-01 02:30:00",48172,4.62,17.87,0.63,0.67,"NAN","NAN","NAN","NAN",6.392
"2026-03-01 02:40:00",48173,3.57,13.79,0.61,0.65,"NAN","NAN","NAN","NAN",6.401
"2026-03-01 02:50:00",48174,4.2,16.22,0.66,0.7,"NAN","NAN","NAN","NAN",6.377
"2026-03-01 03:00:00",48175,6.12,23.1,0.66,0.7,"NAN","NAN","NAN","NAN",6.377
"2026-03-01 03:10:00",48176,4.31,16.64,0.57,0.61,"NAN","NAN","NAN","NAN",6.374
"2026-03-01 03:20:00",48177,4.05,15.65,0.63,0.68,"NAN","NAN","NAN","NAN",6.379
"2026-03-01 03:30:00",48178,5.56,21.5,0.59,0.63,"NAN","NAN","NAN","NAN",6.372
"2026-03-01 03:40:00",48179,4.68,18.08,0.46,0.5,"NAN","NAN","NAN","NAN",6.4
"2026-03-01 03:50:00",48180,3.68,14.22,0.46,0.5,"NAN","NAN","NAN","NAN",6.397
"2026-03-01 04:00:00",48181,3.9,15.07,0.58,0.63,"NAN","NAN","NAN","NAN",6.39
"2026-03-01 04:10:00",48182,4.03,15.56,0.63,0.68,"NAN","NAN","NAN","NAN",6.375
"2026-03-01 04:20:00",48183,5.12,19.78,0.66,0.7,"NAN","NAN","NAN","NAN",6.367
"2026-03-01 04:30:00",48184,3.82,14.74,0.58,0.62,"NAN","NAN","NAN","NAN",6.365
"2026-03-01 04:40:00",48185,4.49,17.34,0.57,0.61,"NAN","NAN","NAN","NAN",6.364
"2026-03-01 04:50:00",48186,6.08,23.5,0.67,0.71,"NAN","NAN","NAN","NAN",6.345
"2026-03-01 05:00:00",48187,4.3,16.61,0.62,0.66,"NAN","NAN","NAN","NAN",6.362
"2026-03-01 05:10:00",48188,5.08,19.62,0.66,0.7,"NAN","NAN","NAN","NAN",6.349
"2026-03-01 05:20:00",48189,4.15,16.03,0.57,0.61,"NAN","NAN","NAN","NAN",6.35
"2026-03-01 05:30:00",48190,4.44,17.15,0.61,0.65,"NAN","NAN","NAN","NAN",6.34
"2026-03-01 05:40:00",48191,4.1,15.82,0.63,0.67,"NAN","NAN","NAN","NAN",6.338
"2026-03-01 05:50:00",48192,5.84,22.55,0.69,0.73,"NAN","NAN","NAN","NAN",6.334
"2026-03-01 06:00:00",48193,3.98,15.39,0.6,0.64,"NAN","NAN","NAN","NAN",6.326
"2026-03-01 06:10:00",48194,4.24,16.39,0.58,0.62,"NAN","NAN","NAN","NAN",6.326
"2026-03-01 06:20:00",48195,4.8,18.55,0.59,0.63,"NAN","NAN","NAN","NAN",6.324
"2026-03-01 06:30:00",48196,5.11,19.73,0.61,0.65,"NAN","NAN","NAN","NAN",6.339
"2026-03-01 06:40:00",48197,"NAN","NAN","NAN","NAN","NAN","NAN","NAN","NAN","NAN"
"2026-03-01 06:50:00",48198,4.3,16.62,0.59,0.64,"NAN","NAN","NAN","NAN",6.331
"2026-03-01 07:00:00",48199,5.17,19.96,0.72,0.77,"NAN","NAN","NAN","NAN",6.319
"2026-03-01 07:10:00",48200,3.86,14.9,0.5,0.55,"NAN","NAN","NAN","NAN",6.308
"2026-03-01 07:20:00",48201,4.07,15.74,0.67,0.71,"NAN","NAN","NAN","NAN",6.316
"2026-03-01 07:30:00",48202,4.57,17.67,0.56,0.61,"NAN","NAN","NAN","NAN",6.302
"2026-03-01 07:40:00",48203,4.59,17.72,0.55,0.59,"NAN","NAN","NAN","NAN",6.278
"2026-03-01 07:50:00",48204,4.66,17.99,0.53,0.58,"NAN","NAN","NAN","NAN",6.27
"2026-03-01 08:00:00",48205,6.42,24.8,0.59,0.63,"NAN","NAN","NAN","NAN",6.213
"2026-03-01 08:10:00",48206,5.72,22.09,0.58,0.62,"NAN","NAN","NAN","NAN",6.188
"2026-03-01 08:20:00",48207,5.76,22.25,0.61,0.65,"NAN","NAN","NAN","NAN",6.186
"2026-03-01 08:30:00",48208,6.16,23.79,0.67,0.71,"NAN","NAN","NAN","NAN",6.197
"2026-03-01 08:40:00",48209,3.61,13.94,0.51,0.55,"NAN","NAN","NAN","NAN",6.203
"2026-03-01 08:50:00",48210,5.94,22.95,0.48,0.52,"NAN","NAN","NAN","NAN",6.2
"2026-03-01 09:00:00",48211,4.73,18.27,0.49,0.53,"NAN","NAN","NAN","NAN",6.192
"2026-03-01 09:10:00",48212,5.14,19.84,0.53,0.57,"NAN","NAN","NAN","NAN",6.202
"2026-03-01 09:20:00",48213,5.68,21.94,0.65,0.69,"NAN","NAN","NAN","NAN",6.196
"2026-03-01 09:30:00",48214,4.68,18.49,0.53,0.57,"NAN","NAN","NAN","NAN",6.199
"2026-03-01 09:40:00",48215,5.53,21.36,0.54,0.59,"NAN","NAN","NAN","NAN",6.191
"2026-03-01 09:50:00",48216,5.04,19.47,0.61,0.65,"NAN","NAN","NAN","NAN",6.193
"2026-03-01 10:00:00",48217,6.12,23.64,0.52,0.56,"NAN","NAN","NAN","NAN",6.195
"2026-03-01 10:10:00",48218,4.64,17.92,0.57,0.61,"NAN","NAN","NAN","NAN",6.203
"2026-03-01 10:20:00",48219,4.53,17.49,0.5,0.54,"NAN","NAN","NAN","NAN",6.302
"2026-03-01 10:30:00",48220,5.2,20.1,0.58,0.62,"NAN","NAN","NAN","NAN",6.265
"2026-03-01 10:40:00",48221,5.34,20.62,0.57,0.61,"NAN","NAN","NAN","NAN",6.294
"2026-03-01 10:50:00",48222,6.67,25.76,0.59,0.63,"NAN","NAN","NAN","NAN",6.299
"2026-03-01 11:00:00",48223,4.68,18.07,0.61,0.65,"NAN","NAN","NAN","NAN",6.302
"2026-03-01 11:10:00",48224,7.37,28.48,0.68,0.72,"NAN","NAN","NAN","NAN",6.284
"2026-03-01 11:20:00",48225,6.31,24.37,0.62,0.67,"NAN","NAN","NAN","NAN",6.275
"2026-03-01 11:30:00",48226,5.2,20.07,0.61,0.65,"NAN","NAN","NAN","NAN",6.218
"2026-03-01 11:40:00",48227,8.24,31.83,0.67,0.71,"NAN","NAN","NAN","NAN",6.25
"2026-03-01 11:50:00",48228,6.58,29.26,0.64,0.68,"NAN","NAN","NAN","NAN",6.16
"2026-03-01 12:00:00",48229,6.62,25.6,0.71,0.75,"NAN","NAN","NAN","NAN",6.185
"2026-03-01 12:10:00",48230,5.28,20.42,0.59,0.64,"NAN","NAN","NAN","NAN",6.14
"2026-03-01 12:20:00",48231,5.72,22.1,0.62,0.67,"NAN","NAN","NAN","NAN",6.165
"2026-03-01 12:30:00",48232,5.98,23.12,0.64,0.68,"NAN","NAN","NAN","NAN",6.291
"2026-03-01 12:40:00",48233,6.49,25.08,0.72,0.76,"NAN","NAN","NAN","NAN",6.28
"2026-03-01 12:50:00",48234,5.87,24.11,0.75,0.79,"NAN","NAN","NAN","NAN",6.235
"2026-03-01 13:00:00",48235,8.689999,31.74,0.82,0.87,"NAN","NAN","NAN","NAN",6.215
"2026-03-01 13:10:00",48236,6.38,24.65,0.78,0.82,"NAN","NAN","NAN","NAN",6.239
"2026-03-01 13:20:00",48237,8.979999,34.68,0.89,0.94,"NAN","NAN","NAN","NAN",6.125
"2026-03-01 13:30:00",48238,6.89,26.61,0.62,0.66,"NAN","NAN","NAN","NAN",6.045
"2026-03-01 13:40:00",48239,6.06,26.27,0.74,0.79,"NAN","NAN","NAN","NAN",6.107
"2026-03-01 13:50:00",48240,6.6,25.48,0.71,0.75,"NAN","NAN","NAN","NAN",5.9
"2026-03-01 14:00:00",48241,6.78,26.21,0.84,0.88,"NAN","NAN","NAN","NAN",5.856
"2026-03-01 14:10:00",48242,7.76,32.68,0.73,0.77,"NAN","NAN","NAN","NAN",5.701
"2026-03-01 14:20:00",48243,7.99,30.87,0.65,0.7,"NAN","NAN","NAN","NAN",5.734
"2026-03-01 14:30:00",48244,4.67,18.02,0.57,0.61,"NAN","NAN","NAN","NAN",5.557
"2026-03-01 14:40:00",48245,5.19,20.06,0.65,0.7,"NAN","NAN","NAN","NAN",5.608
"2026-03-01 14:50:00",48246,6,23.19,0.63,0.67,"NAN","NAN","NAN","NAN",5.616
"2026-03-01 15:00:00",48247,7.45,24.72,0.64,0.68,"NAN","NAN","NAN","NAN",5.63
"2026-03-01 15:10:00",48248,5.61,21.69,0.63,0.67,"NAN","NAN","NAN","NAN",5.512
"2026-03-01 15:20:00",48249,6.52,25.2,0.73,0.78,"NAN","NAN","NAN","NAN",5.641
"2026-03-01 15:30:00",48250,"NAN","NAN","NAN","NAN","NAN","NAN","NAN","NAN","NAN"
"2026-03-01 15:40:00",48251,3.76,14.52,0.48,0.52,"NAN","NAN","NAN","NAN",5.029
"2026-03-01 15:50:00",48252,4.38,16.91,0.45,0.49,"NAN","NAN","NAN","NAN",4.73
"2026-03-01 16:00:00",48253,3.34,12.9,0.44,0.49,"NAN","NAN","NAN","NAN",4.673
"2026-03-01 16:10:00",48254,3.16,12.22,0.56,0.6,"NAN","NAN","NAN","NAN",4.91
"2026-03-01 16:20:00",48255,4.48,17.31,0.63,0.67,"NAN","NAN","NAN","NAN",4.938
"2026-03-01 16:30:00",48256,3.77,14.58,0.6,0.64,"NAN","NAN","NAN","NAN",4.835
"2026-03-01 16:40:00",48257,4.63,17.87,0.53,0.57,"NAN","NAN","NAN","NAN",4.82
"2026-03-01 16:50:00",48258,4.37,16.89,0.52,0.56,"NAN","NAN","NAN","NAN",4.699
"2026-03-01 17:00:00",48259,5.13,19.84,0.56,0.6,"NAN","NAN","NAN","NAN",4.733
"2026-03-01 17:10:00",48260,4.88,18.86,0.51,0.55,"NAN","NAN","NAN","NAN",4.84
"2026-03-01 17:20:00",48261,4.7,18.14,0.72,0.77,"NAN","NAN","NAN","NAN",4.912
"2026-03-01 17:30:00",48262,5.56,21.49,0.81,0.85,"NAN","NAN","NAN","NAN",5.012
"2026-03-01 17:40:00",48263,6.05,23.38,0.8,0.84,"NAN","NAN","NAN","NAN",5.115
"2026-03-01 17:50:00",48264,6.38,24.65,0.73,0.77,"NAN","NAN","NAN","NAN",5.654
"2026-03-01 18:00:00",48265,7.81,30.19,0.87,0.91,"NAN","NAN","NAN","NAN",5.984
"2026-03-01 18:10:00",48266,8.99,34.75,0.86,0.9,"NAN","NAN","NAN","NAN",6.149
"2026-03-01 18:20:00",48267,6.62,25.57,0.85,0.89,"NAN","NAN","NAN","NAN",6.177
"2026-03-01 18:30:00",48268,5.55,21.45,0.93,0.97,"NAN","NAN","NAN","NAN",6.294
"2026-03-01 18:40:00",48269,8.49,32.82,0.89,0.93,"NAN","NAN","NAN","NAN",5.949
"2026-03-01 18:50:00",48270,7.29,28.17,0.85,0.89,"NAN","NAN","NAN","NAN",6.393
"2026-03-01 19:00:00",48271,7.36,28.43,0.85,0.89,"NAN","NAN","NAN","NAN",6.439
"2026-03-01 19:10:00",48272,6.99,27.02,0.68,0.72,"NAN","NAN","NAN","NAN",6.47
"2026-03-01 19:20:00",48273,7.31,26.27,0.91,0.95,"NAN","NAN","NAN","NAN",6.505
"2026-03-01 19:30:00",48274,5.44,23.46,0.75,0.79,"NAN","NAN","NAN","NAN",6.836
"2026-03-01 19:40:00",48275,9.08,35.1,0.92,0.96,"NAN","NAN","NAN","NAN",6.828
"2026-03-01 19:50:00",48276,5.44,21,0.61,0.65,"NAN","NAN","NAN","NAN",6.979
"2026-03-01 20:00:00",48277,7.22,27.91,0.63,0.67,"NAN","NAN","NAN","NAN",6.951
"2026-03-01 20:10:00",48278,5.26,20.33,0.71,0.75,"NAN","NAN","NAN","NAN",6.99
"2026-03-01 20:20:00",48279,6.35,24.53,0.69,0.73,"NAN","NAN","NAN","NAN",7.066
"2026-03-01 20:30:00",48280,6.42,24.8,0.64,0.69,"NAN","NAN","NAN","NAN",7.165
"2026-03-01 20:40:00",48281,6.97,26.95,0.68,0.72,"NAN","NAN","NAN","NAN",7.121
"2026-03-01 20:50:00",48282,5.21,20.12,0.69,0.73,"NAN","NAN","NAN","NAN",7.169
"2026-03-01 21:00:00",48283,8.26,31.91,0.63,0.67,"NAN","NAN","NAN","NAN",7.195
"2026-03-01 21:10:00",48284,6.53,25.24,0.83,0.87,"NAN","NAN","NAN","NAN",7.222
"2026-03-01 21:20:00",48285,5.14,19.85,0.61,0.65,"NAN","NAN","NAN","NAN",7.239
"2026-03-01 21:30:00",48286,4.84,18.69,0.64,0.69,"NAN","NAN","NAN","NAN",7.242
"2026-03-01 21:40:00",48287,6.7,25.91,0.6,0.64,"NAN","NAN","NAN","NAN",7.207
"2026-03-01 21:50:00",48288,5.32,20.56,0.63,0.68,"NAN","NAN","NAN","NAN",7.197
"2026-03-01 22:00:00",48289,4.4,16.99,0.64,0.68,"NAN","NAN","NAN","NAN",7.218
"2026-03-01 22:10:00",48290,8.21,31.72,0.64,0.68,"NAN","NAN","NAN","NAN",7.23
"2026-03-01 22:20:00",48291,4.28,16.53,0.59,0.63,"NAN","NAN","NAN","NAN",7.189
"2026-03-01 22:30:00",48292,5.25,20.29,0.68,0.72,"NAN","NAN","NAN","NAN",7.199
"2026-03-01 22:40:00",48293,4.89,18.88,0.63,0.67,"NAN","NAN","NAN","NAN",7.199
"2026-03-01 22:50:00",48294,5.82,19.91,0.69,0.73,"NAN","NAN","NAN","NAN",7.196
"2026-03-01 23:00:00",48295,4.89,18.9,0.59,0.63,"NAN","NAN","NAN","NAN",7.192
"2026-03-01 23:10:00",48296,5.13,19.81,0.65,0.69,"NAN","NAN","NAN","NAN",7.201
"2026-03-01 23:20:00",48297,7.31,28.25,0.63,0.67,"NAN","NAN","NAN","NAN",7.165
"2026-03-01 23:30:00",48298,4.13,15.97,0.51,0.56,"NAN","NAN","NAN","NAN",7.131
"2026-03-01 23:40:00",48299,5.22,20.16,0.57,0.61,"NAN","NAN","NAN","NAN",7.101
"2026-03-01 23:50:00",48300,5.5,21.24,0.68,0.72,"NAN","NAN","NAN","NAN",7.096
"2026-03-02 00:00:00",48301,4.93,19.05,0.62,0.66,"NAN","NAN","NAN","NAN",7.021
"2026-03-02 00:10:00",48302,5.43,20.99,0.63,0.67,"NAN","NAN","NAN","NAN",7.022
"2026-03-02 00:20:00",48303,"NAN","NAN","NAN","NAN","NAN","NAN","NAN","NAN","NAN"
"2026-03-02 00:30:00",48304,4.95,19.13,0.59,0.63,"NAN","NAN","NAN","NAN",7.1
"2026-03-02 00:40:00",48305,4.27,16.49,0.69,0.73,"NAN","NAN","NAN","NAN",7.108
"2026-03-02 00:50:00",48306,4.17,16.12,0.5,0.54,"NAN","NAN","NAN","NAN",7.067
"2026-03-02 01:00:00",48307,3.6,13.91,0.52,0.56,"NAN","NAN","NAN","NAN",7.102
"2026-03-02 01:10:00",48308,6.02,23.28,0.65,0.7,"NAN","NAN","NAN","NAN",7.036
"2026-03-02 01:20:00",48309,6.15,23.77,0.64,0.68,"NAN","NAN","NAN","NAN",6.931
"2026-03-02 01:30:00",48310,5.54,21.4,0.56,0.6,"NAN","NAN","NAN","NAN",6.889
"2026-03-02 01:40:00",48311,5.93,22.91,0.75,0.79,"NAN","NAN","NAN","NAN",6.832
"2026-03-02 01:50:00",48312,6.5,26.59,0.7,0.75,"NAN","NAN","NAN","NAN",6.868
"2026-03-02 02:00:00",48313,5.29,17.45,0.64,0.68,"NAN","NAN","NAN","NAN",6.809
"2026-03-02 02:10:00",48314,4.4,17.01,0.63,0.67,"NAN","NAN","NAN","NAN",6.819
"2026-03-02 02:20:00",48315,5.11,19.74,0.74,0.78,"NAN","NAN","NAN","NAN",6.875
"2026-03-02 02:30:00",48316,6.38,24.65,0.74,0.78,"NAN","NAN","NAN","NAN",6.867
"2026-03-02 02:40:00",48317,5.48,17.43,0.71,0.76,"NAN","NAN","NAN","NAN",6.89
"2026-03-02 02:50:00",48318,5.32,20.56,0.72,0.76,"NAN","NAN","NAN","NAN",6.893
"2026-03-02 03:00:00",48319,6.76,26.1,0.67,0.71,"NAN","NAN","NAN","NAN",6.898
"2026-03-02 03:10:00",48320,4.97,19.19,0.64,0.68,"NAN","NAN","NAN","NAN",6.875
"2026-03-02 03:20:00",48321,5.42,20.95,0.65,0.69,"NAN","NAN","NAN","NAN",6.868
"2026-03-02 03:30:00",48322,7.81,30.17,0.72,0.76,"NAN","NAN","NAN","NAN",6.862
"2026-03-02 03:40:00",48323,6.35,24.55,0.7,0.74,"NAN","NAN","NAN","NAN",6.857
"2026-03-02 03:50:00",48324,5.36,20.73,0.69,0.73,"NAN","NAN","NAN","NAN",6.821
"2026-03-02 04:00:00",48325,5.78,22.32,0.68,0.72,"NAN","NAN","NAN","NAN",6.829
"2026-03-02 04:10:00",48326,5.56,21.49,0.72,0.76,"NAN","NAN","NAN","NAN",6.829
"2026-03-02 04:20:00",48327,6.98,26.96,0.74,0.79,"NAN","NAN","NAN","NAN",6.797
"2026-03-02 04:30:00",48328,5.52,21.32,0.84,0.88,"NAN","NAN","NAN","NAN",6.768
"2026-03-02 04:40:00",48329,7.35,28.39,0.71,0.75,"NAN","NAN","NAN","NAN",6.736
"2026-03-02 04:50:00",48330,5.88,22.73,0.72,0.76,"NAN","NAN","NAN","NAN",6.752
"2026-03-02 05:00:00",48331,7.7,29.76,1.06,1.1,"NAN","NAN","NAN","NAN",6.751
"2026-03-02 05:10:00",48332,4.93,19.05,0.57,0.61,"NAN","NAN","NAN","NAN",6.752
"2026-03-02 05:20:00",48333,6.77,26.16,0.7,0.74,"NAN","NAN","NAN","NAN",6.752
"2026-03-02 05:30:00",48334,5.89,22.77,0.79,0.83,"NAN","NAN","NAN","NAN",6.748
"2026-03-02 05:40:00",48335,6.39,24.67,0.82,0.86,"NAN","NAN","NAN","NAN",6.714
"2026-03-02 05:50:00",48336,5.69,22.13,0.78,0.82,"NAN","NAN","NAN","NAN",6.706
"2026-03-02 06:00:00",48337,5.92,22.89,0.67,0.72,"NAN","NAN","NAN","NAN",6.68
"2026-03-02 06:10:00",48338,4.34,16.77,0.72,0.76,"NAN","NAN","NAN","NAN",6.687
"2026-03-02 06:20:00",48339,5.96,23.02,0.71,0.75,"NAN","NAN","NAN","NAN",6.687
"2026-03-02 06:30:00",48340,5.47,21.12,0.74,0.78,"NAN","NAN","NAN","NAN",6.674
"2026-03-02 06:40:00",48341,7.11,30.68,0.69,0.73,"NAN","NAN","NAN","NAN",6.649
"2026-03-02 06:50:00",48342,5.81,22.45,0.76,0.8,"NAN","NAN","NAN","NAN",6.63
"2026-03-02 07:00:00",48343,6.45,24.93,0.73,0.77,"NAN","NAN","NAN","NAN",6.632
"2026-03-02 07:10:00",48344,5.98,23.09,0.77,0.81,"NAN","NAN","NAN","NAN",6.611
"2026-03-02 07:20:00",48345,7.86,30.37,0.78,0.82,"NAN","NAN","NAN","NAN",6.603
"2026-03-02 07:30:00",48346,6.36,24.57,0.78,0.82,"NAN","NAN","NAN","NAN",6.611
"2026-03-02 07:40:00",48347,5.2,20.08,0.61,0.65,"NAN","NAN","NAN","NAN",6.625
"2026-03-02 07:50:00",48348,8.41,32.49,0.71,0.75,"NAN","NAN","NAN","NAN",6.611
"2026-03-02 08:00:00",48349,5.32,20.57,0.71,0.75,"NAN","NAN","NAN","NAN",6.592
"2026-03-02 08:10:00",48350,5.38,20.79,0.72,0.76,"NAN","NAN","NAN","NAN",6.594
"2026-03-02 08:20:00",48351,5.43,20.97,0.57,0.61,"NAN","NAN","NAN","NAN",6.612
"2026-03-02 08:30:00",48352,5.72,22.1,0.66,0.7,"NAN","NAN","NAN","NAN",6.595
"2026-03-02 08:40:00",48353,6.55,25.29,0.67,0.72,"NAN","NAN","NAN","NAN",6.586
"2026-03-02 08:50:00",48354,6.89,23.32,0.72,0.76,"NAN","NAN","NAN","NAN",6.587
"2026-03-02 09:00:00",48355,6.35,24.55,0.64,0.68,"NAN","NAN","NAN","NAN",6.587
"2026-03-02 09:10:00",48356,"NAN","NAN","NAN","NAN","NAN","NAN","NAN","NAN","NAN"
"2026-03-02 09:20:00",48357,5.79,22.38,0.64,0.69,"NAN","NAN","NAN","NAN",6.59
"2026-03-02 09:30:00",48358,7.35,29.51,0.58,0.51,"NAN","NAN","NAN","NAN",7.661
"2026-03-02 09:40:00",48359,8.39,33.7,0.79,0.71,"NAN","NAN","NAN","NAN",6.821
"2026-03-02 09:50:00",48360,6.35,25.47,0.78,0.7,"NAN","NAN","NAN","NAN",6.736
"2026-03-02 10:00:00",48361,5.26,21.07,0.68,0.61,"NAN","NAN","NAN","NAN",6.71
"2026-03-02 10:10:00",48362,8.689999,34.89,0.74,0.66,"NAN","NAN","NAN","NAN",6.695
"2026-03-02 10:20:00",48363,6.01,24.1,0.9,0.83,"NAN","NAN","NAN","NAN",6.694
"2026-03-02 10:30:00",48364,6.81,27.33,0.8,0.73,"NAN","NAN","NAN","NAN",6.691
"2026-03-02 10:40:00",48365,7.66,30.75,0.8,0.72,"NAN","NAN","NAN","NAN",6.69
"2026-03-02 10:50:00",48366,8.060001,32.37,0.8,0.72,"NAN","NAN","NAN","NAN",6.667
"2026-03-02 11:00:00",48367,7.2,28.89,0.8,0.72,"NAN","NAN","NAN","NAN",6.658
"2026-03-02 11:10:00",48368,6.35,25.47,0.76,0.69,"NAN","NAN","NAN","NAN",6.655
"2026-03-02 11:20:00",48369,6.12,24.53,0.68,0.61,"NAN","NAN","NAN","NAN",6.673
"2026-03-02 11:30:00",48370,6.67,26.74,0.75,0.67,"NAN","NAN","NAN","NAN",6.68
"2026-03-02 11:40:00",48371,6.79,27.23,0.79,0.72,"NAN","NAN","NAN","NAN",6.671
"2026-03-02 11:50:00",48372,5.66,22.69,0.6,0.53,"NAN","NAN","NAN","NAN",6.663
"2026-03-02 12:00:00",48373,6.02,24.11,0.68,0.61,"NAN","NAN","NAN","NAN",6.671
"2026-03-02 12:10:00",48374,6.33,25.39,0.78,0.71,"NAN","NAN","NAN","NAN",6.67
"2026-03-02 12:20:00",48375,6.44,25.82,0.78,0.71,"NAN","NAN","NAN","NAN",6.67
"2026-03-02 12:30:00",48376,7.32,29.38,0.75,0.68,"NAN","NAN","NAN","NAN",6.653
"2026-03-02 12:40:00",48377,7.17,28.76,0.74,0.67,"NAN","NAN","NAN","NAN",6.639
"2026-03-02 12:50:00",48378,6.2,24.84,0.67,0.6,"NAN","NAN","NAN","NAN",6.613
"2026-03-02 13:00:00",48379,6.18,24.76,0.79,0.71,"NAN","NAN","NAN","NAN",6.596
"2026-03-02 13:10:00",48380,5.7,22.84,0.64,0.58,"NAN","NAN","NAN","NAN",6.591
"2026-03-02 13:20:00",48381,6.86,27.51,0.72,0.65,"NAN","NAN","NAN","NAN",6.465
"2026-03-02 13:30:00",48382,5.06,20.27,0.72,0.64,"NAN","NAN","NAN","NAN",6.496
"2026-03-02 13:40:00",48383,8.55,34.35,0.81,0.73,"NAN","NAN","NAN","NAN",6.64
"2026-03-02 13:50:00",48384,6.98,28.01,0.77,0.7,"NAN","NAN","NAN","NAN",6.675
"2026-03-02 14:00:00",48385,6.13,24.56,0.79,0.71,"NAN","NAN","NAN","NAN",6.604
"2026-03-02 14:10:00",48386,5.51,22.08,0.63,0.56,"NAN","NAN","NAN","NAN",6.587
"2026-03-02 14:20:00",48387,6.63,26.58,0.69,0.62,"NAN","NAN","NAN","NAN",6.586
"2026-03-02 14:30:00",48388,7.23,29.03,0.75,0.68,"NAN","NAN","NAN","NAN",6.596
"2026-03-02 14:40:00",48389,7.58,30.43,0.8,0.73,"NAN","NAN","NAN","NAN",6.592
"2026-03-02 14:50:00",48390,7.69,30.88,0.76,0.69,"NAN","NAN","NAN","NAN",6.588
"2026-03-02 15:00:00",48391,5.81,23.29,0.76,0.68,"NAN","NAN","NAN","NAN",6.587
"2026-03-02 15:10:00",48392,5.99,24.02,0.6,0.54,"NAN","NAN","NAN","NAN",6.585
"2026-03-02 15:20:00",48393,5.37,21.52,0.62,0.55,"NAN","NAN","NAN","NAN",6.46
"2026-03-02 15:30:00",48394,4.58,18.31,0.57,0.51,"NAN","NAN","NAN","NAN",6.435
"2026-03-02 15:40:00",48395,3.97,15.85,0.45,0.38,"NAN","NAN","NAN","NAN",6.429
"2026-03-02 15:50:00",48396,4.47,17.87,0.57,0.5,"NAN","NAN","NAN","NAN",6.434
"2026-03-02 16:00:00",48397,3.94,15.75,0.61,0.54,"NAN","NAN","NAN","NAN",6.405
"2026-03-02 16:10:00",48398,6.65,26.67,0.62,0.55,"NAN","NAN","NAN","NAN",6.339
"2026-03-02 16:20:00",48399,4,15.98,0.49,0.42,"NAN","NAN","NAN","NAN",6.258
"2026-03-02 16:30:00",48400,3.59,14.33,0.56,0.5,"NAN","NAN","NAN","NAN",6.15
"2026-03-02 16:40:00",48401,4.08,16.3,0.51,0.45,"NAN","NAN","NAN","NAN",6.059
"2026-03-02 16:50:00",48402,3.95,15.77,0.55,0.49,"NAN","NAN","NAN","NAN",6.052
"2026-03-02 17:00:00",48403,5.69,22.82,0.58,0.51,"NAN","NAN","NAN","NAN",5.97
"2026-03-02 17:10:00",48404,3.16,12.6,0.41,0.35,"NAN","NAN","NAN","NAN",5.855
"2026-03-02 17:20:00",48405,5.94,23.81,0.61,0.55,"NAN","NAN","NAN","NAN",5.85
"2026-03-02 17:30:00",48406,4.57,18.27,0.61,0.55,"NAN","NAN","NAN","NAN",5.834
"2026-03-02 17:40:00",48407,3.78,15.09,0.53,0.46,"NAN","NAN","NAN","NAN",5.78
"2026-03-02 17:50:00",48408,4.23,16.9,0.58,0.51,"NAN","NAN","NAN","NAN",5.753
"2026-03-02 18:00:00",48409,"NAN","NAN","NAN","NAN","NAN","NAN","NAN","NAN","NAN"
"2026-03-02 18:10:00",48410,5.88,23.56,0.76,0.69,"NAN","NAN","NAN","NAN",5.643
"2026-03-02 18:20:00",48411,5.82,23.32,0.77,0.7,"NAN","NAN","NAN","NAN",5.65
"2026-03-02 18:30:00",48412,5.55,22.23,0.76,0.68,"NAN","NAN","NAN","NAN",5.656
"2026-03-02 18:40:00",48413,5.17,20.71,0.7,0.63,"NAN","NAN","NAN","NAN",5.631
"2026-03-02 18:50:00",48414,6.55,26.27,0.76,0.68,"NAN","NAN","NAN","NAN",5.62
"2026-03-02 19:00:00",48415,5.75,23.06,0.71,0.64,"NAN","NAN","NAN","NAN",5.614
"2026-03-02 19:10:00",48416,5.17,20.72,0.74,0.67,"NAN","NAN","NAN","NAN",5.547
"2026-03-02 19:20:00",48417,4.59,18.37,0.76,0.69,"NAN","NAN","NAN","NAN",5.552
"2026-03-02 19:30:00",48418,6.18,24.77,0.81,0.73,"NAN","NAN","NAN","NAN",5.58
"2026-03-02 19:40:00",48419,6.73,27.02,0.79,0.72,"NAN","NAN","NAN","NAN",5.612
"2026-03-02 19:50:00",48420,5.73,22.97,0.77,0.69,"NAN","NAN","NAN","NAN",5.584
"2026-03-02 20:00:00",48421,5.28,21.15,0.78,0.71,"NAN","NAN","NAN","NAN",5.517
"2026-03-02 20:10:00",48422,5.45,21.84,0.77,0.7,"NAN","NAN","NAN","NAN",5.482
"2026-03-02 20:20:00",48423,5.2,20.83,0.7,0.63,"NAN","NAN","NAN","NAN",5.445
"2026-03-02 20:30:00",48424,5.09,20.39,0.71,0.64,"NAN","NAN","NAN","NAN",5.452
"2026-03-02 20:40:00",48425,4.92,19.68,0.69,0.62,"NAN","NAN","NAN","NAN",5.48
"2026-03-02 20:50:00",48426,5.12,20.48,0.72,0.65,"NAN","NAN","NAN","NAN",5.531
"2026-03-02 21:00:00",48427,6.79,27.23,0.69,0.62,"NAN","NAN","NAN","NAN",5.604
"2026-03-02 21:10:00",48428,5.82,23.31,0.72,0.65,"NAN","NAN","NAN","NAN",5.612
"2026-03-02 21:20:00",48429,5.39,21.58,0.71,0.64,"NAN","NAN","NAN","NAN",5.482
"2026-03-02 21:30:00",48430,5.79,23.18,0.82,0.75,"NAN","NAN","NAN","NAN",5.544
"2026-03-02 21:40:00",48431,7.38,29.61,0.76,0.69,"NAN","NAN","NAN","NAN",5.578
"2026-03-02 21:50:00",48432,5.81,23.29,0.74,0.67,"NAN","NAN","NAN","NAN",5.619
"2026-03-02 22:00:00",48433,6.67,26.76,0.76,0.68,"NAN","NAN","NAN","NAN",5.636
"2026-03-02 22:10:00",48434,6.65,26.66,0.72,0.65,"NAN","NAN","NAN","NAN",5.572
"2026-03-02 22:20:00",48435,4.69,18.76,0.62,0.55,"NAN","NAN","NAN","NAN",5.552
"2026-03-02 22:30:00",48436,5.74,23.02,0.83,0.75,"NAN","NAN","NAN","NAN",5.595
"2026-03-02 22:40:00",48437,5.64,22.6,0.74,0.67,"NAN","NAN","NAN","NAN",5.653
"2026-03-02 22:50:00",48438,4.77,19.07,0.84,0.76,"NAN","NAN","NAN","NAN",5.71
"2026-03-02 23:00:00",48439,6.26,25.1,0.81,0.74,"NAN","NAN","NAN","NAN",5.812
"2026-03-02 23:10:00",48440,4.63,18.51,0.73,0.66,"NAN","NAN","NAN","NAN",5.857
"2026-03-02 23:20:00",48441,5.63,22.57,0.69,0.62,"NAN","NAN","NAN","NAN",5.87
"2026-03-02 23:30:00",48442,6.91,27.71,0.72,0.65,"NAN","NAN","NAN","NAN",5.907
"2026-03-02 23:40:00",48443,4.96,19.86,0.7,0.63,"NAN","NAN","NAN","NAN",5.909
"2026-03-02 23:50:00",48444,4.99,19.97,0.71,0.64,"NAN","NAN","NAN","NAN",5.917
"2026-03-03 00:00:00",48445,4.21,16.84,0.56,0.49,"NAN","NAN","NAN","NAN",5.922
"2026-03-03 00:10:00",48446,5.67,22.71,0.76,0.69,"NAN","NAN","NAN","NAN",5.926
"2026-03-03 00:20:00",48447,5.64,22.61,0.73,0.66,"NAN","NAN","NAN","NAN",5.92
"2026-03-03 00:30:00",48448,5.78,23.18,0.77,0.7,"NAN","NAN","NAN","NAN",5.924
"2026-03-03 00:40:00",48449,5.61,22.47,0.63,0.56,"NAN","NAN","NAN","NAN",5.851
"2026-03-03 00:50:00",48450,4.48,17.93,0.61,0.54,"NAN","NAN","NAN","NAN",5.841
"2026-03-03 01:00:00",48451,4.89,19.57,0.61,0.54,"NAN","NAN","NAN","NAN",5.776
"2026-03-03 01:10:00",48452,5.02,20.09,0.65,0.58,"NAN","NAN","NAN","NAN",5.755
"2026-03-03 01:20:00",48453,4.14,16.56,0.63,0.56,"NAN","NAN","NAN","NAN",5.77
"2026-03-03 01:30:00",48454,6.01,24.09,0.74,0.67,"NAN","NAN","NAN","NAN",5.792
"2026-03-03 01:40:00",48455,5.13,20.52,0.67,0.6,"NAN","NAN","NAN","NAN",5.8
"2026-03-03 01:50:00",48456,5.03,20.14,0.67,0.6,"NAN","NAN","NAN","NAN",5.818
"2026-03-03 02:00:00",48457,6.22,24.92,0.73,0.66,"NAN","NAN","NAN","NAN",5.831
"2026-03-03 02:10:00",48458,6.74,27.05,0.73,0.66,"NAN","NAN","NAN","NAN",5.846
"2026-03-03 02:20:00",48459,4.07,16.24,0.54,0.47,"NAN","NAN","NAN","NAN",5.85
"2026-03-03 02:30:00",48460,8.9,35.77,0.85,0.78,"NAN","NAN","NAN","NAN",5.857
"2026-03-03 02:40:00",48461,4.94,19.78,0.63,0.56,"NAN","NAN","NAN","NAN",5.869
"2026-03-03 02:50:00",48462,"NAN","NAN","NAN","NAN","NAN","NAN","NAN","NAN","NAN"
"2026-03-03 03:00:00",48463,4.26,17.01,0.64,0.57,"NAN","NAN","NAN","NAN",5.871
"2026-03-03 03:10:00",48464,5.97,23.91,0.75,0.68,"NAN","NAN","NAN","NAN",5.889
"2026-03-03 03:20:00",48465,6.06,24.3,0.84,0.77,"NAN","NAN","NAN","NAN",5.892
"2026-03-03 03:30:00",48466,5.2,20.82,0.7,0.63,"NAN","NAN","NAN","NAN",5.886
"2026-03-03 03:40:00",48467,6.13,24.59,0.82,0.75,"NAN","NAN","NAN","NAN",5.891
"2026-03-03 03:50:00",48468,4.74,18.96,0.65,0.58,"NAN","NAN","NAN","NAN",5.91
"2026-03-03 04:00:00",48469,5.67,22.71,0.67,0.6,"NAN","NAN","NAN","NAN",5.889
"2026-03-03 04:10:00",48470,8.64,34.7,0.79,0.72,"NAN","NAN","NAN","NAN",5.9
"2026-03-03 04:20:00",48471,7.14,28.64,0.75,0.68,"NAN","NAN","NAN","NAN",5.912
"2026-03-03 04:30:00",48472,6.6,26.49,0.87,0.79,"NAN","NAN","NAN","NAN",5.913
"2026-03-03 04:40:00",48473,5.6,22.42,0.65,0.58,"NAN","NAN","NAN","NAN",5.924
"2026-03-03 04:50:00",48474,5.61,22.47,0.66,0.59,"NAN","NAN","NAN","NAN",5.889
"2026-03-03 05:00:00",48475,6.4,25.65,0.75,0.68,"NAN","NAN","NAN","NAN",5.906
"2026-03-03 05:10:00",48476,5.45,21.83,0.76,0.69,"NAN","NAN","NAN","NAN",5.903
"2026-03-03 05:20:00",48477,6.92,27.78,0.9,0.83,"NAN","NAN","NAN","NAN",5.896
"2026-03-03 05:30:00",48478,5.34,21.4,0.71,0.64,"NAN","NAN","NAN","NAN",5.869
"2026-03-03 05:40:00",48479,6,24.06,0.79,0.71,"NAN","NAN","NAN","NAN",5.858
"2026-03-03 05:50:00",48480,5.11,20.47,0.64,0.57,"NAN","NAN","NAN","NAN",5.829
"2026-03-03 06:00:00",48481,4.75,19,0.81,0.74,"NAN","NAN","NAN","NAN",5.797
"2026-03-03 06:10:00",48482,5.71,22.86,0.86,0.78,"NAN","NAN","NAN","NAN",5.781
"2026-03-03 06:20:00",48483,5.51,22.06,0.76,0.69,"NAN","NAN","NAN","NAN",5.757
"2026-03-03 06:30:00",48484,5.62,22.52,0.78,0.71,"NAN","NAN","NAN","NAN",5.8
"2026-03-03 06:40:00",48485,4.82,19.3,0.65,0.58,"NAN","NAN","NAN","NAN",5.789
"2026-03-03 06:50:00",48486,5.1,20.42,0.76,0.68,"NAN","NAN","NAN","NAN",5.769
"2026-03-03 07:00:00",48487,5.49,22.01,0.76,0.69,"NAN","NAN","NAN","NAN",5.8
"2026-03-03 07:10:00",48488,5.51,22.09,0.7,0.63,"NAN","NAN","NAN","NAN",5.818
"2026-03-03 07:20:00",48489,5.7,22.84,0.77,0.7,"NAN","NAN","NAN","NAN",5.82
"2026-03-03 07:30:00",48490,5.55,22.22,0.75,0.68,"NAN","NAN","NAN","NAN",5.833
"2026-03-03 07:40:00",48491,5.52,22.13,0.7,0.63,"NAN","NAN","NAN","NAN",5.826
"2026-03-03 07:50:00",48492,5.36,21.48,0.62,0.55,"NAN","NAN","NAN","NAN",5.819
"2026-03-03 08:00:00",48493,6.83,27.4,0.88,0.81,"NAN","NAN","NAN","NAN",5.804
"2026-03-03 08:10:00",48494,4.58,18.31,0.58,0.51,"NAN","NAN","NAN","NAN",5.806
"2026-03-03 08:20:00",48495,5.94,23.79,0.83,0.76,"NAN","NAN","NAN","NAN",5.824
"2026-03-03 08:30:00",48496,5.65,22.63,0.69,0.62,"NAN","NAN","NAN","NAN",5.821
"2026-03-03 08:40:00",48497,5.8,23.23,0.64,0.58,"NAN","NAN","NAN","NAN",5.807
"2026-03-03 08:50:00",48498,5.11,20.44,0.75,0.68,"NAN","NAN","NAN","NAN",5.786
"2026-03-03 09:00:00",48499,4.87,19.51,0.56,0.49,"NAN","NAN","NAN","NAN",5.787
"2026-03-03 09:10:00",48500,5.09,20.38,0.7,0.63,"NAN","NAN","NAN","NAN",5.754
"2026-03-03 09:20:00",48501,5.11,20.45,0.62,0.55,"NAN","NAN","NAN","NAN",5.786
"2026-03-03 09:30:00",48502,5.11,20.46,0.61,0.54,"NAN","NAN","NAN","NAN",5.769
"2026-03-03 09:40:00",48503,5.92,23.71,0.64,0.57,"NAN","NAN","NAN","NAN",5.784
"2026-03-03 09:50:00",48504,3.98,15.91,0.53,0.46,"NAN","NAN","NAN","NAN",5.766
"2026-03-03 10:00:00",48505,4.33,17.29,0.51,0.44,"NAN","NAN","NAN","NAN",5.783
"2026-03-03 10:10:00",48506,3.5,13.98,0.44,0.37,"NAN","NAN","NAN","NAN",5.78
"2026-03-03 10:20:00",48507,5.29,21.2,0.56,0.49,"NAN","NAN","NAN","NAN",5.78
"2026-03-03 10:30:00",48508,4.81,19.25,0.55,0.49,"NAN","NAN","NAN","NAN",5.783
"2026-03-03 10:40:00",48509,4.5,17.99,0.49,0.42,"NAN","NAN","NAN","NAN",5.773
"2026-03-03 10:50:00",48510,4.91,19.66,0.62,0.55,"NAN","NAN","NAN","NAN",5.768
"2026-03-03 11:00:00",48511,4.91,19.67,0.68,0.61,"NAN","NAN","NAN","NAN",5.783
"2026-03-03 11:10:00",48512,3.92,15.64,0.6,0.53,"NAN","NAN","NAN","NAN",5.769
"2026-03-03 11:20:00",48513,5.72,22.93,0.67,0.6,"NAN","NAN","NAN","NAN",5.801
"2026-03-03 11:30:00",48514,5.96,23.88,0.55,0.49,"NAN","NAN","NAN","NAN",5.795
"2026-03-03 11:40:00",48515,"NAN","NAN","NAN","NAN","NAN","NAN","NAN","NAN","NAN"
"2026-03-03 11:50:00",48516,4.39,17.56,0.55,0.48,"NAN","NAN","NAN","NAN",5.781
"2026-03-03 12:00:00",48517,3.8,15.16,0.46,0.39,"NAN","NAN","NAN","NAN",5.736
"2026-03-03 12:10:00",48518,5.4,21.62,0.67,0.6,"NAN","NAN","NAN","NAN",5.662
"2026-03-03 12:20:00",48519,3.6,14.37,0.5,0.43,"NAN","NAN","NAN","NAN",5.643
"2026-03-03 12:30:00",48520,3.78,15.11,0.51,0.45,"NAN","NAN","NAN","NAN",5.65
"2026-03-03 12:40:00",48521,3.6,14.35,0.5,0.43,"NAN","NAN","NAN","NAN",5.604
"2026-03-03 12:50:00",48522,3.71,14.8,0.46,0.4,"NAN","NAN","NAN","NAN",5.539
"2026-03-03 13:00:00",48523,3.37,13.43,0.45,0.38,"NAN","NAN","NAN","NAN",5.503
"2026-03-03 13:10:00",48524,2.54,10.1,0.43,0.37,"NAN","NAN","NAN","NAN",5.445
"2026-03-03 13:20:00",48525,3.08,12.28,0.41,0.34,"NAN","NAN","NAN","NAN",5.412
"2026-03-03 13:30:00",48526,3.05,12.14,0.41,0.34,"NAN","NAN","NAN","NAN",5.352
"2026-03-03 13:40:00",48527,2.68,10.66,0.32,0.26,"NAN","NAN","NAN","NAN",5.333
"2026-03-03 13:50:00",48528,2.33,9.229999,0.37,0.3,"NAN","NAN","NAN","NAN",5.355
"2026-03-03 14:00:00",48529,3.03,12.08,0.4,0.33,"NAN","NAN","NAN","NAN",5.356
"2026-03-03 14:10:00",48530,2.35,9.310001,0.38,0.32,"NAN","NAN","NAN","NAN",5.337
"2026-03-03 14:20:00",48531,2.3,9.14,0.38,0.32,"NAN","NAN","NAN","NAN",5.328
"2026-03-03 14:30:00",48532,3.13,12.46,0.49,0.43,"NAN","NAN","NAN","NAN",5.337
"2026-03-03 14:40:00",48533,3.39,13.54,0.49,0.43,"NAN","NAN","NAN","NAN",5.303
"2026-03-03 14:50:00",48534,2.22,8.810001,0.31,0.25,"NAN","NAN","NAN","NAN",5.312
"2026-03-03 15:00:00",48535,1.77,6.97,0.28,0.22,"NAN","NAN","NAN","NAN",5.342
"2026-03-03 15:10:00",48536,2.15,8.51,0.36,0.3,"NAN","NAN","NAN","NAN",5.352
"2026-03-03 15:20:00",48537,2.74,10.89,0.46,0.4,"NAN","NAN","NAN","NAN",5.378
"2026-03-03 15:30:00",48538,2.51,9.99,0.31,0.25,"NAN","NAN","NAN","NAN",5.389
"2026-03-03 15:40:00",48539,2.33,9.26,0.33,0.27,"NAN","NAN","NAN","NAN",5.413
"2026-03-03 15:50:00",48540,1.94,7.67,0.33,0.27,"NAN","NAN","NAN","NAN",5.445
"2026-03-03 16:00:00",48541,4.39,17.54,0.66,0.59,"NAN","NAN","NAN","NAN",5.468
"2026-03-03 16:10:00",48542,3.2,12.75,0.52,0.46,"NAN","NAN","NAN","NAN",5.506
"2026-03-03 16:20:00",48543,4.14,16.54,0.66,0.59,"NAN","NAN","NAN","NAN",5.536
"2026-03-03 16:30:00",48544,3.71,14.81,0.57,0.5,"NAN","NAN","NAN","NAN",5.563
"2026-03-03 16:40:00",48545,4.7,18.79,0.69,0.62,"NAN","NAN","NAN","NAN",5.581
"2026-03-03 16:50:00",48546,5.07,20.28,0.66,0.59,"NAN","NAN","NAN","NAN",5.597
"2026-03-03 17:00:00",48547,4,15.97,0.54,0.47,"NAN","NAN","NAN","NAN",5.6
"2026-03-03 17:10:00",48548,3.68,14.68,0.52,0.46,"NAN","NAN","NAN","NAN",5.57
"2026-03-03 17:20:00",48549,3.61,14.43,0.45,0.39,"NAN","NAN","NAN","NAN",5.549
"2026-03-03 17:30:00",48550,3.27,13.02,0.45,0.39,"NAN","NAN","NAN","NAN",5.541
"2026-03-03 17:40:00",48551,3.95,15.79,0.5,0.44,"NAN","NAN","NAN","NAN",5.533
"2026-03-03 17:50:00",48552,4.27,17.06,0.58,0.52,"NAN","NAN","NAN","NAN",5.521
"2026-03-03 18:00:00",48553,3.77,15.06,0.54,0.47,"NAN","NAN","NAN","NAN",5.467
"2026-03-03 18:10:00",48554,3.36,13.39,0.47,0.4,"NAN","NAN","NAN","NAN",5.497
"2026-03-03 18:20:00",48555,3.81,15.23,0.69,0.62,"NAN","NAN","NAN","NAN",5.522
"2026-03-03 18:30:00",48556,4.1,16.38,0.61,0.54,"NAN","NAN","NAN","NAN",5.533
"2026-03-03 18:40:00",48557,4.07,16.26,0.62,0.55,"NAN","NAN","NAN","NAN",5.552
"2026-03-03 18:50:00",48558,5.6,22.45,0.84,0.76,"NAN","NAN","NAN","NAN",5.565
"2026-03-03 19:00:00",48559,3.77,15.06,0.55,0.48,"NAN","NAN","NAN","NAN",5.552
"2026-03-03 19:10:00",48560,4.11,16.42,0.59,0.52,"NAN","NAN","NAN","NAN",5.564
"2026-03-03 19:20:00",48561,3.64,14.52,0.5,0.44,"NAN","NAN","NAN","NAN",5.555
"2026-03-03 19:30:00",48562,4.5,17.99,0.56,0.49,"NAN","NAN","NAN","NAN",5.56
"2026-03-03 19:40:00",48563,4.92,19.68,0.7,0.63,"NAN","NAN","NAN","NAN",5.606
"2026-03-03 19:50:00",48564,3.34,13.33,0.53,0.46,"NAN","NAN","NAN","NAN",5.618
"2026-03-03 20:00:00",48565,3.42,13.63,0.51,0.44,"NAN","NAN","NAN","NAN",5.663
"2026-03-03 20:10:00",48566,4.5,17.99,0.63,0.56,"NAN","NAN","NAN","NAN",5.721
"2026-03-03 20:20:00",48567,4.19,16.75,0.46,0.4,"NAN","NAN","NAN","NAN",5.79
"2026-03-03 20:30:00",48568,"NAN","NAN","NAN","NAN","NAN","NAN","NAN","NAN","NAN"
"2026-03-03 20:40:00",48569,3.72,14.86,0.57,0.5,"NAN","NAN","NAN","NAN",5.891
"2026-03-03 20:50:00",48570,3.84,15.33,0.53,0.47,"NAN","NAN","NAN","NAN",5.889
"2026-03-03 21:00:00",48571,4,15.99,0.6,0.53,"NAN","NAN","NAN","NAN",5.897
"2026-03-03 21:10:00",48572,3.83,15.28,0.61,0.54,"NAN","NAN","NAN","NAN",5.905
"2026-03-03 21:20:00",48573,3.37,13.44,0.45,0.39,"NAN","NAN","NAN","NAN",5.917
"2026-03-03 21:30:00",48574,3.64,14.54,0.55,0.49,"NAN","NAN","NAN","NAN",5.92
"2026-03-03 21:40:00",48575,5,20.03,0.65,0.59,"NAN","NAN","NAN","NAN",5.827
"2026-03-03 21:50:00",48576,4.33,17.31,0.59,0.52,"NAN","NAN","NAN","NAN",5.781
"2026-03-03 22:00:00",48577,5.61,22.49,0.63,0.56,"NAN","NAN","NAN","NAN",5.831
"2026-03-03 22:10:00",48578,4.88,19.52,0.66,0.59,"NAN","NAN","NAN","NAN",5.833
"2026-03-03 22:20:00",48579,4.52,18.07,0.62,0.55,"NAN","NAN","NAN","NAN",5.795
"2026-03-03 22:30:00",48580,3.93,15.71,0.6,0.53,"NAN","NAN","NAN","NAN",5.834
"2026-03-03 22:40:00",48581,4.71,18.84,0.68,0.61,"NAN","NAN","NAN","NAN",5.845
"2026-03-03 22:50:00",48582,4.46,17.82,0.56,0.5,"NAN","NAN","NAN","NAN",5.834
"2026-03-03 23:00:00",48583,4.11,16.42,0.57,0.5,"NAN","NAN","NAN","NAN",5.825
"2026-03-03 23:10:00",48584,4.88,19.53,0.67,0.6,"NAN","NAN","NAN","NAN",5.818
"2026-03-03 23:20:00",48585,3.22,12.84,0.46,0.39,"NAN","NAN","NAN","NAN",5.859
"2026-03-03 23:30:00",48586,3.46,13.81,0.51,0.44,"NAN","NAN","NAN","NAN",5.848
"2026-03-03 23:40:00",48587,4.37,17.45,0.63,0.56,"NAN","NAN","NAN","NAN",5.855
"2026-03-03 23:50:00",48588,3.81,15.2,0.52,0.45,"NAN","NAN","NAN","NAN",5.837
"2026-03-04 00:00:00",48589,4.49,17.95,0.58,0.51,"NAN","NAN","NAN","NAN",5.833
"2026-03-04 00:10:00",48590,3.69,14.74,0.5,0.43,"NAN","NAN","NAN","NAN",5.871
"2026-03-04 00:20:00",48591,3.41,13.61,0.45,0.39,"NAN","NAN","NAN","NAN",5.863
"2026-03-04 00:30:00",48592,4.26,17.02,0.61,0.54,"NAN","NAN","NAN","NAN",5.859
"2026-03-04 00:40:00",48593,3.53,14.08,0.54,0.47,"NAN","NAN","NAN","NAN",5.866
"2026-03-04 00:50:00",48594,3.09,12.31,0.46,0.4,"NAN","NAN","NAN","NAN",5.861
"2026-03-04 01:00:00",48595,4.77,19.1,0.62,0.55,"NAN","NAN","NAN","NAN",5.856
"2026-03-04 01:10:00",48596,3.97,15.87,0.56,0.49,"NAN","NAN","NAN","NAN",5.85
"2026-03-04 01:20:00",48597,3.8,15.16,0.58,0.51,"NAN","NAN","NAN","NAN",5.837
"2026-03-04 01:30:00",48598,5.07,20.31,0.61,0.54,"NAN","NAN","NAN","NAN",5.824
"2026-03-04 01:40:00",48599,4.05,16.2,0.54,0.47,"NAN","NAN","NAN","NAN",5.813
"2026-03-04 01:50:00",48600,4.63,18.51,0.65,0.58,"NAN","NAN","NAN","NAN",5.797
"2026-03-04 02:00:00",48601,4.23,16.91,0.57,0.5,"NAN","NAN","NAN","NAN",5.788
"2026-03-04 02:10:00",48602,3.98,15.92,0.61,0.55,"NAN","NAN","NAN","NAN",5.778
"2026-03-04 02:20:00",48603,4.23,16.92,0.65,0.59,"NAN","NAN","NAN","NAN",5.776
"2026-03-04 02:30:00",48604,4.49,17.96,0.64,0.58,"NAN","NAN","NAN","NAN",5.781
"2026-03-04 02:40:00",48605,4.3,17.18,0.57,0.5,"NAN","NAN","NAN","NAN",5.781
"2026-03-04 02:50:00",48606,4.48,17.93,0.61,0.54,"NAN","NAN","NAN","NAN",5.785
"2026-03-04 03:00:00",48607,3.69,14.75,0.51,0.44,"NAN","NAN","NAN","NAN",5.776
"2026-03-04 03:10:00",48608,4.9,19.61,0.68,0.61,"NAN","NAN","NAN","NAN",5.765
"2026-03-04 03:20:00",48609,3.87,15.46,0.55,0.48,"NAN","NAN","NAN","NAN",5.762
"2026-03-04 03:30:00",48610,3.67,14.66,0.59,0.52,"NAN","NAN","NAN","NAN",5.764
"2026-03-04 03:40:00",48611,3.87,15.47,0.52,0.45,"NAN","NAN","NAN","NAN",5.758
"2026-03-04 03:50:00",48612,4.8,19.22,0.63,0.56,"NAN","NAN","NAN","NAN",5.747
"2026-03-04 04:00:00",48613,4.38,17.52,0.62,0.55,"NAN","NAN","NAN","NAN",5.749
"2026-03-04 04:10:00",48614,4.71,18.83,0.62,0.55,"NAN","NAN","NAN","NAN",5.744
"2026-03-04 04:20:00",48615,3.86,15.41,0.57,0.51,"NAN","NAN","NAN","NAN",5.738
"2026-03-04 04:30:00",48616,5.1,20.42,0.69,0.61,"NAN","NAN","NAN","NAN",5.737
"2026-03-04 04:40:00",48617,6.35,25.45,0.62,0.55,"NAN","NAN","NAN","NAN",5.733
"2026-03-04 04:50:00",48618,5.03,20.15,0.64,0.57,"NAN","NAN","NAN","NAN",5.731
"2026-03-04 05:00:00",48619,4.94,19.79,0.64,0.58,"NAN","NAN","NAN","NAN",5.726
"2026-03-04 05:10:00",48620,4.18,16.71,0.54,0.48,"NAN","NAN","NAN","NAN",5.719
"2026-03-04 05:20:00",48621,"NAN","NAN","NAN","NAN","NAN","NAN","NAN","NAN","NAN"
"2026-03-04 05:30:00",48622,4.05,16.17,0.51,0.44,"NAN","NAN","NAN","NAN",5.696
"2026-03-04 05:40:00",48623,4.3,17.18,0.66,0.59,"NAN","NAN","NAN","NAN",5.698
"2026-03-04 05:50:00",48624,6.54,26.22,0.52,0.45,"NAN","NAN","NAN","NAN",5.698
"2026-03-04 06:00:00",48625,3.82,15.24,0.5,0.43,"NAN","NAN","NAN","NAN",5.687
"2026-03-04 06:10:00",48626,3.72,14.84,0.55,0.48,"NAN","NAN","NAN","NAN",5.691
"2026-03-04 06:20:00",48627,4.34,17.34,0.58,0.51,"NAN","NAN","NAN","NAN",5.701
"2026-03-04 06:30:00",48628,4.45,17.78,0.61,0.55,"NAN","NAN","NAN","NAN",5.689
"2026-03-04 06:40:00",48629,4.06,16.23,0.57,0.5,"NAN","NAN","NAN","NAN",5.693
"2026-03-04 06:50:00",48630,4.21,16.81,0.5,0.43,"NAN","NAN","NAN","NAN",5.695
"2026-03-04 07:00:00",48631,4.48,17.91,0.52,0.46,"NAN","NAN","NAN","NAN",5.695
"2026-03-04 07:10:00",48632,4,15.99,0.55,0.49,"NAN","NAN","NAN","NAN",5.695
"2026-03-04 07:20:00",48633,4.2,16.79,0.58,0.51,"NAN","NAN","NAN","NAN",5.697
"2026-03-04 07:30:00",48634,3.96,15.81,0.47,0.41,"NAN","NAN","NAN","NAN",5.701
"2026-03-04 07:40:00",48635,4.04,16.13,0.52,0.45,"NAN","NAN","NAN","NAN",5.698
"2026-03-04 07:50:00",48636,3.44,13.72,0.48,0.42,"NAN","NAN","NAN","NAN",5.709
"2026-03-04 08:00:00",48637,3.75,14.95,0.41,0.35,"NAN","NAN","NAN","NAN",5.705
"2026-03-04 08:10:00",48638,3.54,14.13,0.46,0.4,"NAN","NAN","NAN","NAN",5.715
"2026-03-04 08:20:00",48639,4.33,17.3,0.42,0.35,"NAN","NAN","NAN","NAN",5.716
"2026-03-04 08:30:00",48640,3.41,13.59,0.38,0.31,"NAN","NAN","NAN","NAN",5.719
"2026-03-04 08:40:00",48641,4.7,18.8,0.52,0.45,"NAN","NAN","NAN","NAN",5.726
"2026-03-04 08:50:00",48642,3.89,15.56,0.46,0.4,"NAN","NAN","NAN","NAN",5.722
"2026-03-04 09:00:00",48643,3.24,12.93,0.4,0.34,"NAN","NAN","NAN","NAN",5.728
"2026-03-04 09:10:00",48644,3.5,13.95,0.49,0.43,"NAN","NAN","NAN","NAN",5.731
"2026-03-04 09:20:00",48645,3.53,14.08,0.42,0.36,"NAN","NAN","NAN","NAN",5.733
"2026-03-04 09:30:00",48646,3.42,13.63,0.38,0.32,"NAN","NAN","NAN","NAN",5.741
"2026-03-04 09:40:00",48647,3.39,13.53,0.44,0.38,"NAN","NAN","NAN","NAN",5.75
"2026-03-04 09:50:00",48648,3.65,14.57,0.5,0.43,"NAN","NAN","NAN","NAN",5.755
"2026-03-04 10:00:00",48649,3.47,13.83,0.48,0.41,"NAN","NAN","NAN","NAN",5.742
"2026-03-04 10:10:00",48650,3.43,13.69,0.44,0.37,"NAN","NAN","NAN","NAN",5.756
"2026-03-04 10:20:00",48651,3.59,14.34,0.48,0.41,"NAN","NAN","NAN","NAN",5.753
"2026-03-04 10:30:00",48652,4,15.99,0.5,0.43,"NAN","NAN","NAN","NAN",5.773
"2026-03-04 10:40:00",48653,3.3,13.14,0.47,0.41,"NAN","NAN","NAN","NAN",5.776
"2026-03-04 10:50:00",48654,3.7,14.78,0.55,0.48,"NAN","NAN","NAN","NAN",5.781
"2026-03-04 11:00:00",48655,3.41,13.61,0.46,0.39,"NAN","NAN","NAN","NAN",5.781
"2026-03-04 11:10:00",48656,3.36,13.4,0.46,0.4,"NAN","NAN","NAN","NAN",5.777
"2026-03-04 11:20:00",48657,3.39,13.5,0.49,0.42,"NAN","NAN","NAN","NAN",5.77
"2026-03-04 11:30:00",48658,4.76,19.03,0.66,0.59,"NAN","NAN","NAN","NAN",5.776
"2026-03-04 11:40:00",48659,3.77,15.04,0.54,0.48,"NAN","NAN","NAN","NAN",5.791
"2026-03-04 11:50:00",48660,3.21,12.81,0.41,0.34,"NAN","NAN","NAN","NAN",5.791
"2026-03-04 12:00:00",48661,3.71,14.82,0.5,0.43,"NAN","NAN","NAN","NAN",5.799
"2026-03-04 12:10:00",48662,2.9,11.53,0.53,0.46,"NAN","NAN","NAN","NAN",5.803
"2026-03-04 12:20:00",48663,4.48,17.93,0.51,0.44,"NAN","NAN","NAN","NAN",5.788
"2026-03-04 12:30:00",48664,3.46,13.81,0.48,0.41,"NAN","NAN","NAN","NAN",5.774
"2026-03-04 12:40:00",48665,4.73,18.93,0.53,0.47,"NAN","NAN","NAN","NAN",5.792
"2026-03-04 12:50:00",48666,3.99,15.96,0.53,0.47,"NAN","NAN","NAN","NAN",5.788
"2026-03-04 13:00:00",48667,3.93,15.71,0.58,0.51,"NAN","NAN","NAN","NAN",5.789
"2026-03-04 13:10:00",48668,3.49,13.92,0.48,0.41,"NAN","NAN","NAN","NAN",5.749
"2026-03-04 13:20:00",48669,4.05,16.18,0.56,0.49,"NAN","NAN","NAN","NAN",5.764
"2026-03-04 13:30:00",48670,4.1,16.4,0.52,0.46,"NAN","NAN","NAN","NAN",5.779
"2026-03-04 13:40:00",48671,3.87,15.45,0.55,0.48,"NAN","NAN","NAN","NAN",5.765
"2026-03-04 13:50:00",48672,3.45,13.74,0.45,0.39,"NAN","NAN","NAN","NAN",5.786
"2026-03-04 14:00:00",48673,3.3,13.17,0.4,0.33,"NAN","NAN","NAN","NAN",5.779
"2026-03-04 14:10:00",48674,"NAN","NAN","NAN","NAN","NAN","NAN","NAN","NAN","NAN"
"2026-03-04 14:20:00",48675,3.52,14.06,0.44,0.38,"NAN","NAN","NAN","NAN",5.8
"2026-03-04 14:30:00",48676,3.61,14.41,0.47,0.41,"NAN","NAN","NAN","NAN",5.815
"2026-03-04 14:40:00",48677,3.35,13.36,0.49,0.42,"NAN","NAN","NAN","NAN",5.821
"2026-03-04 14:50:00",48678,4.41,17.65,0.57,0.5,"NAN","NAN","NAN","NAN",5.825
"2026-03-04 15:00:00",48679,3.76,14.99,0.55,0.49,"NAN","NAN","NAN","NAN",5.834
"2026-03-04 15:10:00",48680,4.74,18.97,0.69,0.62,"NAN","NAN","NAN","NAN",5.843
"2026-03-04 15:20:00",48681,5.09,20.36,0.67,0.6,"NAN","NAN","NAN","NAN",5.82
"2026-03-04 15:30:00",48682,3.61,14.4,0.55,0.49,"NAN","NAN","NAN","NAN",5.819
"2026-03-04 15:40:00",48683,4.09,16.36,0.53,0.46,"NAN","NAN","NAN","NAN",5.816
"2026-03-04 15:50:00",48684,3.55,14.14,0.48,0.41,"NAN","NAN","NAN","NAN",5.825
"2026-03-04 16:00:00",48685,4.53,18.13,0.59,0.52,"NAN","NAN","NAN","NAN",5.825
"2026-03-04 16:10:00",48686,3.71,14.81,0.48,0.42,"NAN","NAN","NAN","NAN",5.824
"2026-03-04 16:20:00",48687,3.21,12.8,0.43,0.36,"NAN","NAN","NAN","NAN",5.804
"2026-03-04 16:30:00",48688,3.03,12.05,0.42,0.36,"NAN","NAN","NAN","NAN",5.787
"2026-03-04 16:40:00",48689,4.49,17.95,0.58,0.51,"NAN","NAN","NAN","NAN",5.781
"2026-03-04 16:50:00",48690,6.59,26.44,0.65,0.58,"NAN","NAN","NAN","NAN",5.784
"2026-03-04 17:00:00",48691,3.02,12.02,0.41,0.35,"NAN","NAN","NAN","NAN",5.779
"2026-03-04 17:10:00",48692,3.4,13.56,0.47,0.4,"NAN","NAN","NAN","NAN",5.777
"2026-03-04 17:20:00",48693,3.72,14.84,0.53,0.47,"NAN","NAN","NAN","NAN",5.788
"2026-03-04 17:30:00",48694,3.06,12.2,0.44,0.38,"NAN","NAN","NAN","NAN",5.791
"2026-03-04 17:40:00",48695,3.65,14.55,0.59,0.52,"NAN","NAN","NAN","NAN",5.8
"2026-03-04 17:50:00",48696,5.07,20.29,0.74,0.67,"NAN","NAN","NAN","NAN",5.809
"2026-03-04 18:00:00",48697,3.84,15.35,0.59,0.52,"NAN","NAN","NAN","NAN",5.789
"2026-03-04 18:10:00",48698,3.66,14.61,0.57,0.5,"NAN","NAN","NAN","NAN",5.793
"2026-03-04 18:20:00",48699,7.01,28.13,0.69,0.62,"NAN","NAN","NAN","NAN",5.87
"2026-03-04 18:30:00",48700,4.25,17,0.66,0.59,"NAN","NAN","NAN","NAN",5.819
"2026-03-04 18:40:00",48701,4.37,17.47,0.62,0.55,"NAN","NAN","NAN","NAN",5.766
"2026-03-04 18:50:00",48702,4.48,17.92,0.68,0.61,"NAN","NAN","NAN","NAN",5.77
"2026-03-04 19:00:00",48703,4.73,18.93,0.6,0.53,"NAN","NAN","NAN","NAN",5.757
"2026-03-04 19:10:00",48704,3.67,14.65,0.55,0.49,"NAN","NAN","NAN","NAN",5.776
"2026-03-04 19:20:00",48705,4.86,19.46,0.72,0.65,"NAN","NAN","NAN","NAN",5.795
"2026-03-04 19:30:00",48706,4.8,19.21,0.71,0.64,"NAN","NAN","NAN","NAN",5.877
"2026-03-04 19:40:00",48707,4.68,18.72,0.69,0.62,"NAN","NAN","NAN","NAN",5.818
"2026-03-04 19:50:00",48708,5.06,20.24,0.69,0.62,"NAN","NAN","NAN","NAN",5.819
"2026-03-04 20:00:00",48709,4.73,18.91,0.78,0.71,"NAN","NAN","NAN","NAN",5.797
"2026-03-04 20:10:00",48710,4.63,18.53,0.75,0.68,"NAN","NAN","NAN","NAN",5.814
"2026-03-04 20:20:00",48711,4.01,16.03,0.65,0.58,"NAN","NAN","NAN","NAN",5.836
"2026-03-04 20:30:00",48712,4.21,16.85,0.66,0.59,"NAN","NAN","NAN","NAN",5.872
"2026-03-04 20:40:00",48713,4.56,18.24,0.72,0.65,"NAN","NAN","NAN","NAN",5.815
"2026-03-04 20:50:00",48714,5.18,20.76,0.78,0.7,"NAN","NAN","NAN","NAN",5.831
"2026-03-04 21:00:00",48715,4.54,18.17,0.69,0.62,"NAN","NAN","NAN","NAN",5.769
"2026-03-04 21:10:00",48716,3.79,15.15,0.49,0.42,"NAN","NAN","NAN","NAN",5.77
"2026-03-04 21:20:00",48717,4.59,18.38,0.68,0.61,"NAN","NAN","NAN","NAN",5.791
"2026-03-04 21:30:00",48718,3.5,13.95,0.56,0.49,"NAN","NAN","NAN","NAN",5.804
"2026-03-04 21:40:00",48719,4.11,16.44,0.62,0.55,"NAN","NAN","NAN","NAN",5.825
"2026-03-04 21:50:00",48720,4.26,17.04,0.64,0.57,"NAN","NAN","NAN","NAN",5.937
"2026-03-04 22:00:00",48721,3.84,15.33,0.59,0.52,"NAN","NAN","NAN","NAN",5.931
"2026-03-04 22:10:00",48722,4.21,16.85,0.68,0.61,"NAN","NAN","NAN","NAN",5.874
"2026-03-04 22:20:00",48723,5.99,24.01,0.65,0.58,"NAN","NAN","NAN","NAN",5.931
"2026-03-04 22:30:00",48724,4.04,16.15,0.62,0.56,"NAN","NAN","NAN","NAN",6.242
"2026-03-04 22:40:00",48725,3.03,12.06,0.53,0.47,"NAN","NAN","NAN","NAN",6.924
"2026-03-04 22:50:00",48726,2.6,10.35,0.41,0.35,"NAN","NAN","NAN","NAN",7.387
"2026-03-04 23:00:00",48727,"NAN","NAN","NAN","NAN","NAN","NAN","NAN","NAN","NAN"
"2026-03-04 23:10:00",48728,2.92,11.61,0.43,0.36,"NAN","NAN","NAN","NAN",7.342
"2026-03-04 23:20:00",48729,4.95,19.81,0.47,0.41,"NAN","NAN","NAN","NAN",7.368
"2026-03-04 23:30:00",48730,2.31,9.15,0.34,0.28,"NAN","NAN","NAN","NAN",7.225
"2026-03-04 23:40:00",48731,2.64,10.48,0.43,0.36,"NAN","NAN","NAN","NAN",7.326
"2026-03-04 23:50:00",48732,2.62,10.43,0.41,0.35,"NAN","NAN","NAN","NAN",7.31
"2026-03-05 00:00:00",48733,2.65,10.55,0.43,0.36,"NAN","NAN","NAN","NAN",7.412
"2026-03-05 00:10:00",48734,2.33,9.24,0.39,0.32,"NAN","NAN","NAN","NAN",7.4
"2026-03-05 00:20:00",48735,2.23,8.85,0.33,0.26,"NAN","NAN","NAN","NAN",7.443
"2026-03-05 00:30:00",48736,3.6,14.37,0.36,0.3,"NAN","NAN","NAN","NAN",7.381
"2026-03-05 00:40:00",48737,2.21,8.74,0.33,0.27,"NAN","NAN","NAN","NAN",7.487
"2026-03-05 00:50:00",48738,1.75,6.91,0.35,0.29,"NAN","NAN","NAN","NAN",7.368
"2026-03-05 01:00:00",48739,1.98,7.84,0.46,0.4,"NAN","NAN","NAN","NAN",7.562
"2026-03-05 01:10:00",48740,1.71,6.73,0.3,0.23,"NAN","NAN","NAN","NAN",7.589
"2026-03-05 01:20:00",48741,1.89,7.48,0.35,0.29,"NAN","NAN","NAN","NAN",7.619
"2026-03-05 01:30:00",48742,2.61,10.37,0.41,0.35,"NAN","NAN","NAN","NAN",7.61
"2026-03-05 01:40:00",48743,2.03,8.05,0.32,0.26,"NAN","NAN","NAN","NAN",7.595
"2026-03-05 01:50:00",48744,1.93,7.62,0.29,0.23,"NAN","NAN","NAN","NAN",7.58
"2026-03-05 02:00:00",48745,1.56,6.14,0.29,0.22,"NAN","NAN","NAN","NAN",7.583
"2026-03-05 02:10:00",48746,2.56,10.18,0.52,0.45,"NAN","NAN","NAN","NAN",7.586
"2026-03-05 02:20:00",48747,1.98,7.82,0.33,0.27,"NAN","NAN","NAN","NAN",7.572
"2026-03-05 02:30:00",48748,2.46,9.78,0.32,0.26,"NAN","NAN","NAN","NAN",7.565
"2026-03-05 02:40:00",48749,2.13,8.439999,0.39,0.32,"NAN","NAN","NAN","NAN",7.593
"2026-03-05 02:50:00",48750,2.82,11.22,0.42,0.35,"NAN","NAN","NAN","NAN",7.59
"2026-03-05 03:00:00",48751,2.11,8.35,0.36,0.3,"NAN","NAN","NAN","NAN",7.563
"2026-03-05 03:10:00",48752,1.88,7.43,0.38,0.32,"NAN","NAN","NAN","NAN",7.559
"2026-03-05 03:20:00",48753,2.21,8.770001,0.42,0.36,"NAN","NAN","NAN","NAN",7.566
"2026-03-05 03:30:00",48754,2.02,7.98,0.34,0.28,"NAN","NAN","NAN","NAN",7.561
"2026-03-05 03:40:00",48755,1.91,7.54,0.33,0.27,"NAN","NAN","NAN","NAN",7.545
"2026-03-05 03:50:00",48756,1.91,7.56,0.28,0.22,"NAN","NAN","NAN","NAN",7.52
"2026-03-05 04:00:00",48757,3.51,14.01,0.34,0.28,"NAN","NAN","NAN","NAN",7.528
"2026-03-05 04:10:00",48758,1.95,7.69,0.34,0.28,"NAN","NAN","NAN","NAN",7.503
"2026-03-05 04:20:00",48759,2.03,8.05,0.36,0.3,"NAN","NAN","NAN","NAN",7.514
"2026-03-05 04:30:00",48760,1.82,7.17,0.33,0.27,"NAN","NAN","NAN","NAN",7.508
"2026-03-05 04:40:00",48761,1.97,7.8,0.33,0.27,"NAN","NAN","NAN","NAN",7.48
"2026-03-05 04:50:00",48762,2.46,9.770001,0.34,0.28,"NAN","NAN","NAN","NAN",7.489
"2026-03-05 05:00:00",48763,2.09,8.270001,0.37,0.31,"NAN","NAN","NAN","NAN",7.468
"2026-03-05 05:10:00",48764,1.72,6.78,0.49,0.42,"NAN","NAN","NAN","NAN",7.477
"2026-03-05 05:20:00",48765,1.87,7.39,0.32,0.26,"NAN","NAN","NAN","NAN",7.466
"2026-03-05 05:30:00",48766,2.08,8.22,0.32,0.26,"NAN","NAN","NAN","NAN",7.462
"2026-03-05 05:40:00",48767,2.1,8.32,0.39,0.33,"NAN","NAN","NAN","NAN",7.455
"2026-03-05 05:50:00",48768,2.26,8.95,0.36,0.3,"NAN","NAN","NAN","NAN",7.425
"2026-03-05 06:00:00",48769,1.93,7.62,0.38,0.31,"NAN","NAN","NAN","NAN",7.444
"2026-03-05 06:10:00",48770,1.92,7.58,0.48,0.41,"NAN","NAN","NAN","NAN",7.446
"2026-03-05 06:20:00",48771,2.47,9.82,0.39,0.32,"NAN","NAN","NAN","NAN",7.431
"2026-03-05 06:30:00",48772,2.01,7.95,0.34,0.28,"NAN","NAN","NAN","NAN",7.333
"2026-03-05 06:40:00",48773,1.84,7.27,0.34,0.28,"NAN","NAN","NAN","NAN",7.425
"2026-03-05 06:50:00",48774,2.44,9.7,0.44,0.37,"NAN","NAN","NAN","NAN",7.271
"2026-03-05 07:00:00",48775,3.72,14.86,0.44,0.38,"NAN","NAN","NAN","NAN",7.365
"2026-03-05 07:10:00",48776,2.34,9.29,0.42,0.35,"NAN","NAN","NAN","NAN",7.206
"2026-03-05 07:20:00",48777,1.91,7.56,0.3,0.23,"NAN","NAN","NAN","NAN",7.344
"2026-03-05 07:30:00",48778,1.8,7.11,0.29,0.23,"NAN","NAN","NAN","NAN",7.397
"2026-03-05 07:40:00",48779,4.97,19.9,0.5,0.43,"NAN","NAN","NAN","NAN",7.406
"2026-03-05 07:50:00",48780,"NAN","NAN","NAN","NAN","NAN","NAN","NAN","NAN","NAN"
"2026-03-05 08:00:00",48781,2.99,11.91,0.53,0.46,"NAN","NAN","NAN","NAN",7.418
"2026-03-05 08:10:00",48782,2.33,9.22,0.33,0.27,"NAN","NAN","NAN","NAN",7.319
"2026-03-05 08:20:00",48783,2.28,9.020001,0.36,0.3,"NAN","NAN","NAN","NAN",7.352
"2026-03-05 08:30:00",48784,2.21,8.74,0.26,0.2,"NAN","NAN","NAN","NAN",7.337
"2026-03-05 08:40:00",48785,1.51,5.92,0.25,0.19,"NAN","NAN","NAN","NAN",7.375
"2026-03-05 08:50:00",48786,1.71,6.75,0.28,0.22,"NAN","NAN","NAN","NAN",7.376
"2026-03-05 09:00:00",48787,2.56,10.18,0.38,0.31,"NAN","NAN","NAN","NAN",7.37
"2026-03-05 09:10:00",48788,3.03,12.06,0.27,0.21,"NAN","NAN","NAN","NAN",7.347
"2026-03-05 09:20:00",48789,2.05,8.12,0.32,0.26,"NAN","NAN","NAN","NAN",7.388
"2026-03-05 09:30:00",48790,2.05,8.12,0.3,0.24,"NAN","NAN","NAN","NAN",7.342
"2026-03-05 09:40:00",48791,2.21,8.770001,0.29,0.23,"NAN","NAN","NAN","NAN",7.273
"2026-03-05 09:50:00",48792,1.67,6.56,0.28,0.21,"NAN","NAN","NAN","NAN",6.86
"2026-03-05 10:00:00",48793,2.25,8.92,0.31,0.25,"NAN","NAN","NAN","NAN",6.812
"2026-03-05 10:10:00",48794,2.13,8.42,0.3,0.24,"NAN","NAN","NAN","NAN",6.506
"2026-03-05 10:20:00",48795,2.45,9.729999,0.37,0.31,"NAN","NAN","NAN","NAN",6.805
"2026-03-05 10:30:00",48796,2.58,10.23,0.36,0.29,"NAN","NAN","NAN","NAN",6.196
"2026-03-05 10:40:00",48797,2.61,10.37,0.38,0.32,"NAN","NAN","NAN","NAN",6.003
"2026-03-05 10:50:00",48798,2.72,10.83,0.37,0.31,"NAN","NAN","NAN","NAN",6.058
"2026-03-05 11:00:00",48799,2.51,9.96,0.33,0.27,"NAN","NAN","NAN","NAN",6.012
"2026-03-05 11:10:00",48800,2.84,11.31,0.39,0.32,"NAN","NAN","NAN","NAN",6.098
"2026-03-05 11:20:00",48801,2.51,9.95,0.35,0.29,"NAN","NAN","NAN","NAN",6.129
"2026-03-05 11:30:00",48802,2.3,9.12,0.33,0.26,"NAN","NAN","NAN","NAN",6.309
"2026-03-05 11:40:00",48803,2.58,10.27,0.36,0.3,"NAN","NAN","NAN","NAN",6.156
"2026-03-05 11:50:00",48804,2.55,10.14,0.42,0.35,"NAN","NAN","NAN","NAN",6.02
"2026-03-05 12:00:00",48805,2.76,10.99,0.41,0.34,"NAN","NAN","NAN","NAN",6.067
"2026-03-05 12:10:00",48806,2.23,8.85,0.33,0.26,"NAN","NAN","NAN","NAN",6.004
"2026-03-05 12:20:00",48807,2.08,8.24,0.34,0.28,"NAN","NAN","NAN","NAN",6.14
"2026-03-05 12:30:00",48808,3.76,15.02,0.36,0.3,"NAN","NAN","NAN","NAN",6.01
"2026-03-05 12:40:00",48809,2.26,8.96,0.35,0.29,"NAN","NAN","NAN","NAN",5.972
"2026-03-05 12:50:00",48810,2.34,9.3,0.35,0.29,"NAN","NAN","NAN","NAN",5.942
"2026-03-05 13:00:00",48811,2.73,10.84,0.42,0.36,"NAN","NAN","NAN","NAN",5.799
"2026-03-05 13:10:00",48812,2.75,10.95,0.37,0.31,"NAN","NAN","NAN","NAN",5.836
"2026-03-05 13:20:00",48813,2.8,11.14,0.37,0.31,"NAN","NAN","NAN","NAN",5.806
"2026-03-05 13:30:00",48814,2.72,10.82,0.44,0.37,"NAN","NAN","NAN","NAN",5.839
"2026-03-05 13:40:00",48815,3.04,12.09,0.41,0.35,"NAN","NAN","NAN","NAN",5.82
"2026-03-05 13:50:00",48816,2.67,10.59,0.37,0.3,"NAN","NAN","NAN","NAN",5.829
"2026-03-05 14:00:00",48817,4.08,16.3,0.42,0.36,"NAN","NAN","NAN","NAN",5.85
"2026-03-05 14:10:00",48818,3.04,12.11,0.43,0.37,"NAN","NAN","NAN","NAN",5.833
"2026-03-05 14:20:00",48819,2.73,10.86,0.37,0.31,"NAN","NAN","NAN","NAN",5.829
"2026-03-05 14:30:00",48820,2.68,10.65,0.43,0.37,"NAN","NAN","NAN","NAN",5.852
"2026-03-05 14:40:00",48821,3.9,15.57,0.57,0.51,"NAN","NAN","NAN","NAN",5.827
"2026-03-05 14:50:00",48822,3.02,12.04,0.48,0.41,"NAN","NAN","NAN","NAN",5.722
"2026-03-05 15:00:00",48823,1.67,6.6,0.29,0.23,"NAN","NAN","NAN","NAN",5.727
"2026-03-05 15:10:00",48824,2.97,11.83,0.39,0.33,"NAN","NAN","NAN","NAN",5.714
"2026-03-05 15:20:00",48825,2.81,11.19,0.41,0.34,"NAN","NAN","NAN","NAN",5.727
"2026-03-05 15:30:00",48826,3.48,13.88,0.47,0.4,"NAN","NAN","NAN","NAN",5.733
"2026-03-05 15:40:00",48827,3.31,13.18,0.46,0.4,"NAN","NAN","NAN","NAN",5.713
"2026-03-05 15:50:00",48828,3.36,13.4,0.56,0.49,"NAN","NAN","NAN","NAN",5.652
"2026-03-05 16:00:00",48829,3.04,12.1,0.51,0.44,"NAN","NAN","NAN","NAN",5.742
"2026-03-05 16:10:00",48830,3.05,12.15,0.47,0.41,"NAN","NAN","NAN","NAN",5.744
"2026-03-05 16:20:00",48831,3.03,12.08,0.47,0.4,"NAN","NAN","NAN","NAN",5.609
"2026-03-05 16:30:00",48832,2.3,9.13,0.34,0.27,"NAN","NAN","NAN","NAN",5.622
"2026-03-05 16:40:00",48833,"NAN","NAN","NAN","NAN","NAN","NAN","NAN","NAN","NAN"
"2026-03-05 16:50:00",48834,4.19,16.74,0.39,0.33,"NAN","NAN","NAN","NAN",5.576
"2026-03-05 17:00:00",48835,3.07,12.24,0.47,0.41,"NAN","NAN","NAN","NAN",5.537
"2026-03-05 17:10:00",48836,2.94,11.69,0.45,0.39,"NAN","NAN","NAN","NAN",5.568
"2026-03-05 17:20:00",48837,3.22,12.84,0.53,0.46,"NAN","NAN","NAN","NAN",5.571
"2026-03-05 17:30:00",48838,3.14,12.5,0.55,0.48,"NAN","NAN","NAN","NAN",5.625
"2026-03-05 17:40:00",48839,2.94,11.68,0.52,0.45,"NAN","NAN","NAN","NAN",5.697
"2026-03-05 17:50:00",48840,2.13,8.43,0.36,0.3,"NAN","NAN","NAN","NAN",5.692
"2026-03-05 18:00:00",48841,2.99,11.9,0.49,0.42,"NAN","NAN","NAN","NAN",5.691
"2026-03-05 18:10:00",48842,4.02,16.05,0.52,0.45,"NAN","NAN","NAN","NAN",5.688
"2026-03-05 18:20:00",48843,2.83,11.26,0.53,0.47,"NAN","NAN","NAN","NAN",5.744
"2026-03-05 18:30:00",48844,3.86,15.42,0.61,0.54,"NAN","NAN","NAN","NAN",5.726
"2026-03-05 18:40:00",48845,3.31,13.21,0.55,0.48,"NAN","NAN","NAN","NAN",5.839
"2026-03-05 18:50:00",48846,3.38,13.47,0.54,0.47,"NAN","NAN","NAN","NAN",5.81
"2026-03-05 19:00:00",48847,2.99,11.92,0.5,0.44,"NAN","NAN","NAN","NAN",5.823
"2026-03-05 19:10:00",48848,3.48,13.87,0.49,0.42,"NAN","NAN","NAN","NAN",5.858
"2026-03-05 19:20:00",48849,3.53,14.1,0.55,0.49,"NAN","NAN","NAN","NAN",5.86
"2026-03-05 19:30:00",48850,2.73,10.84,0.49,0.43,"NAN","NAN","NAN","NAN",5.884
"2026-03-05 19:40:00",48851,3.02,12.03,0.49,0.43,"NAN","NAN","NAN","NAN",6.583
"2026-03-05 19:50:00",48852,2.58,10.26,0.5,0.44,"NAN","NAN","NAN","NAN",6.77
"2026-03-05 20:00:00",48853,3.88,15.5,0.51,0.44,"NAN","NAN","NAN","NAN",6.541
"2026-03-05 20:10:00",48854,4.36,17.43,0.48,0.41,"NAN","NAN","NAN","NAN",7.047
"2026-03-05 20:20:00",48855,2.71,10.75,0.43,0.37,"NAN","NAN","NAN","NAN",7.04
"2026-03-05 20:30:00",48856,2.73,10.85,0.47,0.4,"NAN","NAN","NAN","NAN",7.279
"2026-03-05 20:40:00",48857,2.72,10.81,0.43,0.37,"NAN","NAN","NAN","NAN",7.602
"2026-03-05 20:50:00",48858,2.29,9.07,0.41,0.35,"NAN","NAN","NAN","NAN",7.777
"2026-03-05 21:00:00",48859,2.49,9.89,0.38,0.32,"NAN","NAN","NAN","NAN",7.87
"2026-03-05 21:10:00",48860,2.65,10.52,0.49,0.43,"NAN","NAN","NAN","NAN",7.982
"2026-03-05 21:20:00",48861,2.25,8.939999,0.48,0.42,"NAN","NAN","NAN","NAN",7.854
"2026-03-05 21:30:00",48862,2.62,10.39,0.46,0.4,"NAN","NAN","NAN","NAN",7.935
"2026-03-05 21:40:00",48863,3.84,15.32,0.44,0.37,"NAN","NAN","NAN","NAN",7.745
"2026-03-05 21:50:00",48864,2.32,9.2,0.41,0.35,"NAN","NAN","NAN","NAN",7.873
"2026-03-05 22:00:00",48865,1.86,7.33,0.29,0.23,"NAN","NAN","NAN","NAN",8.297
"2026-03-05 22:10:00",48866,1.86,7.33,0.31,0.25,"NAN","NAN","NAN","NAN",8.485
"2026-03-05 22:20:00",48867,1.97,7.77,0.3,0.24,"NAN","NAN","NAN","NAN",8.483
"2026-03-05 22:30:00",48868,2.87,11.41,0.42,0.36,"NAN","NAN","NAN","NAN",8.573
"2026-03-05 22:40:00",48869,1.92,7.6,0.32,0.26,"NAN","NAN","NAN","NAN",8.668
"2026-03-05 22:50:00",48870,1.84,7.25,0.22,0.16,"NAN","NAN","NAN","NAN",8.696999
"2026-03-05 23:00:00",48871,2.25,8.91,0.35,0.28,"NAN","NAN","NAN","NAN",8.324
"2026-03-05 23:10:00",48872,1.52,5.98,0.25,0.19,"NAN","NAN","NAN","NAN",8.238
"2026-03-05 23:20:00",48873,2.11,8.37,0.4,0.34,"NAN","NAN","NAN","NAN",8.247
"2026-03-05 23:30:00",48874,2.28,9.05,0.39,0.33,"NAN","NAN","NAN","NAN",8.367
"2026-03-05 23:40:00",48875,1.49,5.84,0.33,0.27,"NAN","NAN","NAN","NAN",8.386
"2026-03-05 23:50:00",48876,1.64,6.46,0.31,0.25,"NAN","NAN","NAN","NAN",8.42
"2026-03-06 00:00:00",48877,1.45,5.7,0.25,0.19,"NAN","NAN","NAN","NAN",8.380999
"2026-03-06 00:10:00",48878,1.88,7.41,0.29,0.23,"NAN","NAN","NAN","NAN",8.207
"2026-03-06 00:20:00",48879,3.41,13.6,0.54,0.47,"NAN","NAN","NAN","NAN",8.183
"2026-03-06 00:30:00",48880,1.76,6.95,0.29,0.23,"NAN","NAN","NAN","NAN",8.071999
"2026-03-06 00:40:00",48881,3.5,13.96,0.39,0.33,"NAN","NAN","NAN","NAN",7.938
"2026-03-06 00:50:00",48882,2.19,8.67,0.41,0.35,"NAN","NAN","NAN","NAN",7.896
"2026-03-06 01:00:00",48883,3.54,14.13,0.54,0.47,"NAN","NAN","NAN","NAN",7.923
"2026-03-06 01:10:00",48884,2.03,8.04,0.5,0.44,"NAN","NAN","NAN","NAN",8.4
"2026-03-06 01:20:00",48885,1.72,6.78,0.35,0.29,"NAN","NAN","NAN","NAN",8.781
"2026-03-06 01:30:00",48886,"NAN","NAN","NAN","NAN","NAN","NAN","NAN","NAN","NAN"
"2026-03-06 01:40:00",48887,1.53,6.01,0.42,0.35,"NAN","NAN","NAN","NAN",8.349
"2026-03-06 01:50:00",48888,2.25,8.939999,0.37,0.3,"NAN","NAN","NAN","NAN",8.34
"2026-03-06 02:00:00",48889,1.6,6.28,0.3,0.24,"NAN","NAN","NAN","NAN",8.963
"2026-03-06 02:10:00",48890,1.79,7.05,0.32,0.26,"NAN","NAN","NAN","NAN",8.857
"2026-03-06 02:20:00",48891,2.19,8.66,0.28,0.22,"NAN","NAN","NAN","NAN",9.088
"2026-03-06 02:30:00",48892,2.31,9.16,0.38,0.32,"NAN","NAN","NAN","NAN",8.879
"2026-03-06 02:40:00",48893,1.67,6.59,0.3,0.24,"NAN","NAN","NAN","NAN",9.123999
"2026-03-06 02:50:00",48894,1.56,6.14,0.3,0.23,"NAN","NAN","NAN","NAN",9.206
"2026-03-06 03:00:00",48895,1.66,6.53,0.36,0.3,"NAN","NAN","NAN","NAN",9.304
"2026-03-06 03:10:00",48896,1.73,6.82,0.28,0.22,"NAN","NAN","NAN","NAN",9.321999
"2026-03-06 03:20:00",48897,1.56,6.15,0.32,0.26,"NAN","NAN","NAN","NAN",9.439999
"2026-03-06 03:30:00",48898,1.65,6.52,0.34,0.28,"NAN","NAN","NAN","NAN",9.424
"2026-03-06 03:40:00",48899,1.69,6.64,0.31,0.25,"NAN","NAN","NAN","NAN",9.411
"2026-03-06 03:50:00",48900,2.28,9.04,0.35,0.29,"NAN","NAN","NAN","NAN",8.501001
"2026-03-06 04:00:00",48901,2.1,8.33,0.34,0.28,"NAN","NAN","NAN","NAN",8.729
"2026-03-06 04:10:00",48902,5.12,20.49,0.35,0.29,"NAN","NAN","NAN","NAN",8.969
"2026-03-06 04:20:00",48903,2.69,10.68,0.42,0.36,"NAN","NAN","NAN","NAN",8.852
"2026-03-06 04:30:00",48904,1.88,7.41,0.34,0.28,"NAN","NAN","NAN","NAN",9.184
"2026-03-06 04:40:00",48905,1.6,6.29,0.35,0.29,"NAN","NAN","NAN","NAN",9.358
"2026-03-06 04:50:00",48906,1.66,6.52,0.31,0.24,"NAN","NAN","NAN","NAN",9.416
"2026-03-06 05:00:00",48907,1.28,5,0.24,0.18,"NAN","NAN","NAN","NAN",9.478
"2026-03-06 05:10:00",48908,2.39,9.479999,0.37,0.31,"NAN","NAN","NAN","NAN",9.443
"2026-03-06 05:20:00",48909,2.29,9.1,0.41,0.35,"NAN","NAN","NAN","NAN",9.239
"2026-03-06 05:30:00",48910,3.08,12.27,0.32,0.25,"NAN","NAN","NAN","NAN",9.226
"2026-03-06 05:40:00",48911,1.97,7.78,0.41,0.34,"NAN","NAN","NAN","NAN",9.196
"2026-03-06 05:50:00",48912,1.97,7.8,0.37,0.3,"NAN","NAN","NAN","NAN",9.163999
"2026-03-06 06:00:00",48913,1.76,6.95,0.33,0.27,"NAN","NAN","NAN","NAN",9.132
"2026-03-06 06:10:00",48914,2.26,8.95,0.38,0.32,"NAN","NAN","NAN","NAN",9.123999
"2026-03-06 06:20:00",48915,1.84,7.27,0.42,0.35,"NAN","NAN","NAN","NAN",8.997
"2026-03-06 06:30:00",48916,1.93,7.63,0.36,0.3,"NAN","NAN","NAN","NAN",8.523
"2026-03-06 06:40:00",48917,1.76,6.93,0.38,0.31,"NAN","NAN","NAN","NAN",9.012999
"2026-03-06 06:50:00",48918,3.25,12.94,0.4,0.34,"NAN","NAN","NAN","NAN",9.179
"2026-03-06 07:00:00",48919,2.18,8.62,0.38,0.32,"NAN","NAN","NAN","NAN",9.125
"2026-03-06 07:10:00",48920,1.96,7.77,0.34,0.28,"NAN","NAN","NAN","NAN",9.019
"2026-03-06 07:20:00",48921,2.03,8.03,0.35,0.29,"NAN","NAN","NAN","NAN",8.143
"2026-03-06 07:30:00",48922,1.94,7.68,0.29,0.23,"NAN","NAN","NAN","NAN",7.512
"2026-03-06 07:40:00",48923,2.13,8.439999,0.31,0.25,"NAN","NAN","NAN","NAN",7.4
"2026-03-06 07:50:00",48924,1.96,7.76,0.37,0.3,"NAN","NAN","NAN","NAN",7.546
"2026-03-06 08:00:00",48925,1.81,7.13,0.26,0.2,"NAN","NAN","NAN","NAN",7.465
"2026-03-06 08:10:00",48926,1.94,7.67,0.25,0.19,"NAN","NAN","NAN","NAN",7.416
"2026-03-06 08:20:00",48927,2.12,8.38,0.29,0.23,"NAN","NAN","NAN","NAN",7.464
"2026-03-06 08:30:00",48928,2.15,8.53,0.38,0.31,"NAN","NAN","NAN","NAN",7.275
"2026-03-06 08:40:00",48929,2.15,8.5,0.33,0.26,"NAN","NAN","NAN","NAN",6.984
"2026-03-06 08:50:00",48930,2.63,10.47,0.31,0.25,"NAN","NAN","NAN","NAN",6.972
"2026-03-06 09:00:00",48931,2.37,9.41,0.33,0.27,"NAN","NAN","NAN","NAN",7.147
"2026-03-06 09:10:00",48932,1.86,7.36,0.27,0.21,"NAN","NAN","NAN","NAN",6.999
"2026-03-06 09:20:00",48933,2.06,8.14,0.33,0.27,"NAN","NAN","NAN","NAN",7.362
"2026-03-06 09:30:00",48934,1.87,7.4,0.27,0.21,"NAN","NAN","NAN","NAN",7.465
"2026-03-06 09:40:00",48935,2.29,9.09,0.35,0.28,"NAN","NAN","NAN","NAN",7.458
"2026-03-06 09:50:00",48936,1.25,4.9,0.22,0.16,"NAN","NAN","NAN","NAN",7.46
"2026-03-06 10:00:00",48937,1.99,7.88,0.32,0.26,"NAN","NAN","NAN","NAN",7.765
"2026-03-06 10:10:00",48938,1.85,7.28,0.26,0.2,"NAN","NAN","NAN","NAN",7.43
"2026-03-06 10:20:00",48939,"NAN","NAN","NAN","NAN","NAN","NAN","NAN","NAN","NAN"
"2026-03-06 10:30:00",48940,2.15,8.53,0.37,0.31,"NAN","NAN","NAN","NAN",6.623
"2026-03-06 10:40:00",48941,3.56,14.2,0.44,0.37,"NAN","NAN","NAN","NAN",6.721
"2026-03-06 10:50:00",48942,2.39,9.47,0.38,0.31,"NAN","NAN","NAN","NAN",6.866
"2026-03-06 11:00:00",48943,2.69,10.71,0.4,0.34,"NAN","NAN","NAN","NAN",6.767
"2026-03-06 11:10:00",48944,2.65,10.53,0.41,0.34,"NAN","NAN","NAN","NAN",6.692
"2026-03-06 11:20:00",48945,2.5,9.939999,0.34,0.28,"NAN","NAN","NAN","NAN",6.663
"2026-03-06 11:30:00",48946,2.41,9.55,0.38,0.32,"NAN","NAN","NAN","NAN",6.378
"2026-03-06 11:40:00",48947,2.06,8.14,0.28,0.22,"NAN","NAN","NAN","NAN",6.376
"2026-03-06 11:50:00",48948,2.1,8.310001,0.33,0.26,"NAN","NAN","NAN","NAN",6.213
"2026-03-06 12:00:00",48949,2.7,10.73,0.43,0.36,"NAN","NAN","NAN","NAN",6.06
"2026-03-06 12:10:00",48950,2.35,9.310001,0.36,0.3,"NAN","NAN","NAN","NAN",6.023
"2026-03-06 12:20:00",48951,2.7,10.72,0.44,0.38,"NAN","NAN","NAN","NAN",6.126
"2026-03-06 12:30:00",48952,1.65,6.48,0.34,0.28,"NAN","NAN","NAN","NAN",6.057
"2026-03-06 12:40:00",48953,1.57,6.19,0.3,0.24,"NAN","NAN","NAN","NAN",6.031
"2026-03-06 12:50:00",48954,2.52,9.99,0.37,0.3,"NAN","NAN","NAN","NAN",5.865
"2026-03-06 13:00:00",48955,2.58,10.25,0.35,0.29,"NAN","NAN","NAN","NAN",5.864
"2026-03-06 13:10:00",48956,3.7,14.75,0.49,0.42,"NAN","NAN","NAN","NAN",5.801
"2026-03-06 13:20:00",48957,2.48,9.85,0.38,0.31,"NAN","NAN","NAN","NAN",6.022
"2026-03-06 13:30:00",48958,3.01,11.98,0.44,0.38,"NAN","NAN","NAN","NAN",5.882
"2026-03-06 13:40:00",48959,3.21,12.78,0.46,0.4,"NAN","NAN","NAN","NAN",5.683
"2026-03-06 13:50:00",48960,3.6,14.36,0.54,0.47,"NAN","NAN","NAN","NAN",5.764
"2026-03-06 14:00:00",48961,4.6,18.39,0.6,0.54,"NAN","NAN","NAN","NAN",5.73
"2026-03-06 14:10:00",48962,4.18,16.72,0.57,0.5,"NAN","NAN","NAN","NAN",5.681
"2026-03-06 14:20:00",48963,4.07,16.24,0.6,0.53,"NAN","NAN","NAN","NAN",5.738
"2026-03-06 14:30:00",48964,5.29,21.17,0.5,0.43,"NAN","NAN","NAN","NAN",5.891
"2026-03-06 14:40:00",48965,3.45,13.77,0.49,0.42,"NAN","NAN","NAN","NAN",5.949
"2026-03-06 14:50:00",48966,3.73,14.9,0.5,0.43,"NAN","NAN","NAN","NAN",5.915
"2026-03-06 15:00:00",48967,4.24,16.97,0.52,0.45,"NAN","NAN","NAN","NAN",5.959
"2026-03-06 15:10:00",48968,4.43,17.73,0.61,0.54,"NAN","NAN","NAN","NAN",5.929
"2026-03-06 15:20:00",48969,3.67,14.64,0.53,0.47,"NAN","NAN","NAN","NAN",5.985
"2026-03-06 15:30:00",48970,2.6,10.32,0.39,0.33,"NAN","NAN","NAN","NAN",6.299
"2026-03-06 15:40:00",48971,1.97,7.79,0.39,0.33,"NAN","NAN","NAN","NAN",6.466
"2026-03-06 15:50:00",48972,2.35,9.34,0.36,0.3,"NAN","NAN","NAN","NAN",6.906
"2026-03-06 16:00:00",48973,1.92,7.58,0.31,0.25,"NAN","NAN","NAN","NAN",7.111
"2026-03-06 16:10:00",48974,3.66,14.6,0.45,0.39,"NAN","NAN","NAN","NAN",7.922
"2026-03-06 16:20:00",48975,3.7,14.75,0.39,0.33,"NAN","NAN","NAN","NAN",8.343001
"2026-03-06 16:30:00",48976,5.24,20.98,0.57,0.51,"NAN","NAN","NAN","NAN",8.179
"2026-03-06 16:40:00",48977,7.42,29.79,0.57,0.51,"NAN","NAN","NAN","NAN",8.273
"2026-03-06 16:50:00",48978,4.76,19.04,0.53,0.46,"NAN","NAN","NAN","NAN",8.137999
"2026-03-06 17:00:00",48979,6.42,25.74,0.6,0.53,"NAN","NAN","NAN","NAN",7.963
"2026-03-06 17:10:00",48980,2.45,9.729999,0.37,0.31,"NAN","NAN","NAN","NAN",8.325
"2026-03-06 17:20:00",48981,3.19,12.7,0.48,0.42,"NAN","NAN","NAN","NAN",8.459
"2026-03-06 17:30:00",48982,3.96,15.82,0.53,0.46,"NAN","NAN","NAN","NAN",8.613
"2026-03-06 17:40:00",48983,3.84,15.32,0.47,0.4,"NAN","NAN","NAN","NAN",8.403
"2026-03-06 17:50:00",48984,2.85,11.35,0.41,0.34,"NAN","NAN","NAN","NAN",8.833
"2026-03-06 18:00:00",48985,2.82,11.23,0.39,0.33,"NAN","NAN","NAN","NAN",9.126001
"2026-03-06 18:10:00",48986,1.79,7.07,0.31,0.25,"NAN","NAN","NAN","NAN",8.986
"2026-03-06 18:20:00",48987,2.05,8.12,0.31,0.25,"NAN","NAN","NAN","NAN",9.114
"2026-03-06 18:30:00",48988,2.2,8.7,0.34,0.28,"NAN","NAN","NAN","NAN",9.165
"2026-03-06 18:40:00",48989,1.96,7.75,0.35,0.29,"NAN","NAN","NAN","NAN",9.324
"2026-03-06 18:50:00",48990,1.71,6.73,0.25,0.19,"NAN","NAN","NAN","NAN",9.33
"2026-03-06 19:00:00",48991,1.65,6.5,0.31,0.24,"NAN","NAN","NAN","NAN",9.458
"2026-03-06 19:10:00",48992,"NAN","NAN","NAN","NAN","NAN","NAN","NAN","NAN","NAN"
"2026-03-06 19:20:00",48993,5.79,23.2,0.65,0.58,"NAN","NAN","NAN","NAN",8.616
"2026-03-06 19:30:00",48994,3.97,15.85,0.61,0.54,"NAN","NAN","NAN","NAN",8.622
"2026-03-06 19:40:00",48995,5.68,22.74,0.89,0.82,"NAN","NAN","NAN","NAN",8.847999
"2026-03-06 19:50:00",48996,6.18,24.79,0.56,0.49,"NAN","NAN","NAN","NAN",9.060001
"2026-03-06 20:00:00",48997,2.25,8.92,0.35,0.28,"NAN","NAN","NAN","NAN",9.071999
"2026-03-06 20:10:00",48998,2.18,8.64,0.41,0.34,"NAN","NAN","NAN","NAN",9.207
"2026-03-06 20:20:00",48999,2.14,8.46,0.3,0.24,"NAN","NAN","NAN","NAN",9.222999
"2026-03-06 20:30:00",49000,2.21,8.76,0.3,0.24,"NAN","NAN","NAN","NAN",8.804
"2026-03-06 20:40:00",49001,2.31,9.18,0.31,0.25,"NAN","NAN","NAN","NAN",8.872
"2026-03-06 20:50:00",49002,6.14,24.62,0.5,0.44,"NAN","NAN","NAN","NAN",8.788999
"2026-03-06 21:00:00",49003,1.95,7.7,0.32,0.26,"NAN","NAN","NAN","NAN",8.778
"2026-03-06 21:10:00",49004,2.66,10.56,0.47,0.4,"NAN","NAN","NAN","NAN",8.799
"2026-03-06 21:20:00",49005,2.52,10.03,0.39,0.32,"NAN","NAN","NAN","NAN",8.496
"2026-03-06 21:30:00",49006,2.42,9.6,0.38,0.31,"NAN","NAN","NAN","NAN",8.777001
"2026-03-06 21:40:00",49007,4.2,16.8,0.46,0.4,"NAN","NAN","NAN","NAN",8.689
"2026-03-06 21:50:00",49008,2.84,11.29,0.41,0.35,"NAN","NAN","NAN","NAN",8.46
"2026-03-06 22:00:00",49009,2.13,8.42,0.46,0.39,"NAN","NAN","NAN","NAN",8.576
"2026-03-06 22:10:00",49010,2.43,9.64,0.55,0.49,"NAN","NAN","NAN","NAN",8.548
"2026-03-06 22:20:00",49011,4.11,16.44,0.51,0.45,"NAN","NAN","NAN","NAN",8.841
"2026-03-06 22:30:00",49012,3.97,15.87,0.67,0.6,"NAN","NAN","NAN","NAN",8.953
"2026-03-06 22:40:00",49013,5,20.03,0.76,0.69,"NAN","NAN","NAN","NAN",8.861
"2026-03-06 22:50:00",49014,3.53,14.08,0.41,0.34,"NAN","NAN","NAN","NAN",8.92
"2026-03-06 23:00:00",49015,4.33,17.32,0.9,0.83,"NAN","NAN","NAN","NAN",9.22
"2026-03-06 23:10:00",49016,2.06,8.17,0.5,0.44,"NAN","NAN","NAN","NAN",9.153
"2026-03-06 23:20:00",49017,1.97,7.8,0.34,0.28,"NAN","NAN","NAN","NAN",9.097
"2026-03-06 23:30:00",49018,1.91,7.55,0.3,0.24,"NAN","NAN","NAN","NAN",8.814
"2026-03-06 23:40:00",49019,2.49,9.9,0.41,0.34,"NAN","NAN","NAN","NAN",8.686
"2026-03-06 23:50:00",49020,3.7,14.77,0.4,0.34,"NAN","NAN","NAN","NAN",8.413
"2026-03-07 00:00:00",49021,2.16,8.560001,0.37,0.3,"NAN","NAN","NAN","NAN",8.252
"2026-03-07 00:10:00",49022,3.43,13.68,0.53,0.46,"NAN","NAN","NAN","NAN",8.225
"2026-03-07 00:20:00",49023,1.76,6.92,0.31,0.25,"NAN","NAN","NAN","NAN",8.406
"2026-03-07 00:30:00",49024,2.18,8.64,0.37,0.31,"NAN","NAN","NAN","NAN",8.508
"2026-03-07 00:40:00",49025,2.64,10.5,0.39,0.33,"NAN","NAN","NAN","NAN",8.507
"2026-03-07 00:50:00",49026,1.92,7.57,0.36,0.29,"NAN","NAN","NAN","NAN",8.338
"2026-03-07 01:00:00",49027,1.95,7.71,0.37,0.31,"NAN","NAN","NAN","NAN",8.181
"2026-03-07 01:10:00",49028,1.61,6.33,0.32,0.26,"NAN","NAN","NAN","NAN",8.217
"2026-03-07 01:20:00",49029,2.21,8.76,0.37,0.3,"NAN","NAN","NAN","NAN",8.295999
"2026-03-07 01:30:00",49030,2.18,8.64,0.34,0.28,"NAN","NAN","NAN","NAN",8.307
"2026-03-07 01:40:00",49031,1.94,7.66,0.23,0.17,"NAN","NAN","NAN","NAN",8.418
"2026-03-07 01:50:00",49032,1.9,7.53,0.28,0.22,"NAN","NAN","NAN","NAN",8.255999
"2026-03-07 02:00:00",49033,1.95,7.71,0.35,0.29,"NAN","NAN","NAN","NAN",7.997
"2026-03-07 02:10:00",49034,2.15,8.53,0.31,0.25,"NAN","NAN","NAN","NAN",7.918
"2026-03-07 02:20:00",49035,1.68,6.6,0.33,0.27,"NAN","NAN","NAN","NAN",7.974
"2026-03-07 02:30:00",49036,2.39,9.46,0.43,0.37,"NAN","NAN","NAN","NAN",8.008
"2026-03-07 02:40:00",49037,2.19,8.66,0.37,0.31,"NAN","NAN","NAN","NAN",7.825
"2026-03-07 02:50:00",49038,1.91,7.57,0.36,0.29,"NAN","NAN","NAN","NAN",7.833
"2026-03-07 03:00:00",49039,2.79,11.11,0.43,0.37,"NAN","NAN","NAN","NAN",7.72
"2026-03-07 03:10:00",49040,2.42,9.61,0.4,0.33,"NAN","NAN","NAN","NAN",7.493
"2026-03-07 03:20:00",49041,2.52,9.99,0.47,0.41,"NAN","NAN","NAN","NAN",7.55
"2026-03-07 03:30:00",49042,2.64,10.51,0.4,0.34,"NAN","NAN","NAN","NAN",7.686
"2026-03-07 03:40:00",49043,2.73,10.87,0.38,0.32,"NAN","NAN","NAN","NAN",7.93
"2026-03-07 03:50:00",49044,2.37,9.42,0.39,0.32,"NAN","NAN","NAN","NAN",7.938
"2026-03-07 04:00:00",49045,"NAN","NAN","NAN","NAN","NAN","NAN","NAN","NAN","NAN"
"2026-03-07 04:10:00",49046,2.33,9.24,0.37,0.31,"NAN","NAN","NAN","NAN",7.703
"2026-03-07 04:20:00",49047,2.25,8.91,0.38,0.32,"NAN","NAN","NAN","NAN",7.6
"2026-03-07 04:30:00",49048,2.64,10.49,0.4,0.34,"NAN","NAN","NAN","NAN",7.703
"2026-03-07 04:40:00",49049,2.07,8.18,0.36,0.3,"NAN","NAN","NAN","NAN",7.724
"2026-03-07 04:50:00",49050,3.88,15.51,0.57,0.5,"NAN","NAN","NAN","NAN",7.559
"2026-03-07 05:00:00",49051,1.83,7.21,0.3,0.24,"NAN","NAN","NAN","NAN",7.419
"2026-03-07 05:10:00",49052,2.16,8.57,0.45,0.39,"NAN","NAN","NAN","NAN",7.356
"2026-03-07 05:20:00",49053,3.47,13.85,0.42,0.36,"NAN","NAN","NAN","NAN",7.049
"2026-03-07 05:30:00",49054,2.75,10.93,0.49,0.42,"NAN","NAN","NAN","NAN",6.972
"2026-03-07 05:40:00",49055,2.27,8.99,0.45,0.38,"NAN","NAN","NAN","NAN",6.999
"2026-03-07 05:50:00",49056,2.97,11.84,0.55,0.48,"NAN","NAN","NAN","NAN",7.189
"2026-03-07 06:00:00",49057,1.58,6.2,0.28,0.22,"NAN","NAN","NAN","NAN",7.262
"2026-03-07 06:10:00",49058,3.78,15.11,0.46,0.39,"NAN","NAN","NAN","NAN",7.297
"2026-03-07 06:20:00",49059,2.86,11.38,0.56,0.49,"NAN","NAN","NAN","NAN",7.256
"2026-03-07 06:30:00",49060,2.57,10.22,0.44,0.37,"NAN","NAN","NAN","NAN",7.35
"2026-03-07 06:40:00",49061,3.39,13.5,0.5,0.44,"NAN","NAN","NAN","NAN",7.015
"2026-03-07 06:50:00",49062,2.13,8.45,0.45,0.39,"NAN","NAN","NAN","NAN",7.335
"2026-03-07 07:00:00",49063,2.57,10.22,0.42,0.36,"NAN","NAN","NAN","NAN",7.051
"2026-03-07 07:10:00",49064,2.46,9.76,0.38,0.32,"NAN","NAN","NAN","NAN",7.013
"2026-03-07 07:20:00",49065,1.95,7.71,0.3,0.24,"NAN","NAN","NAN","NAN",7.119
"2026-03-07 07:30:00",49066,2.01,7.94,0.31,0.25,"NAN","NAN","NAN","NAN",7.409
"2026-03-07 07:40:00",49067,1.65,6.52,0.22,0.16,"NAN","NAN","NAN","NAN",7.416
"2026-03-07 07:50:00",49068,1.47,5.76,0.25,0.19,"NAN","NAN","NAN","NAN",7.518
"2026-03-07 08:00:00",49069,2.06,8.15,0.33,0.27,"NAN","NAN","NAN","NAN",7.434
"2026-03-07 08:10:00",49070,2.13,8.45,0.35,0.29,"NAN","NAN","NAN","NAN",7.32
"2026-03-07 08:20:00",49071,2.55,10.13,0.42,0.36,"NAN","NAN","NAN","NAN",6.785
"2026-03-07 08:30:00",49072,2.75,10.94,0.4,0.34,"NAN","NAN","NAN","NAN",6.408
"2026-03-07 08:40:00",49073,2.76,10.97,0.4,0.33,"NAN","NAN","NAN","NAN",6.403
"2026-03-07 08:50:00",49074,3.3,13.15,0.48,0.41,"NAN","NAN","NAN","NAN",6.429
"2026-03-07 09:00:00",49075,3.54,14.12,0.37,0.3,"NAN","NAN","NAN","NAN",6.32
"2026-03-07 09:10:00",49076,3.25,12.95,0.43,0.36,"NAN","NAN","NAN","NAN",6.264
"2026-03-07 09:20:00",49077,2.97,11.83,0.48,0.41,"NAN","NAN","NAN","NAN",6.374
"2026-03-07 09:30:00",49078,2.74,10.88,0.4,0.34,"NAN","NAN","NAN","NAN",6.524
"2026-03-07 09:40:00",49079,2.11,8.37,0.35,0.28,"NAN","NAN","NAN","NAN",6.738
"2026-03-07 09:50:00",49080,2.87,11.42,0.43,0.37,"NAN","NAN","NAN","NAN",6.877
"2026-03-07 10:00:00",49081,2.47,9.79,0.38,0.31,"NAN","NAN","NAN","NAN",6.939
"2026-03-07 10:10:00",49082,1.62,6.38,0.28,0.22,"NAN","NAN","NAN","NAN",7.106
"2026-03-07 10:20:00",49083,1.84,7.26,0.29,0.22,"NAN","NAN","NAN","NAN",6.936
"2026-03-07 10:30:00",49084,2.63,10.47,0.47,0.4,"NAN","NAN","NAN","NAN",7.121
"2026-03-07 10:40:00",49085,2.7,10.73,0.43,0.36,"NAN","NAN","NAN","NAN",7.219
"2026-03-07 10:50:00",49086,2.12,8.4,0.38,0.31,"NAN","NAN","NAN","NAN",7.082
"2026-03-07 11:00:00",49087,3.75,14.98,0.46,0.4,"NAN","NAN","NAN","NAN",7.026
"2026-03-07 11:10:00",49088,2.05,8.13,0.32,0.26,"NAN","NAN","NAN","NAN",7.166
"2026-03-07 11:20:00",49089,2.26,8.96,0.34,0.27,"NAN","NAN","NAN","NAN",7.3
"2026-03-07 11:30:00",49090,2.59,10.29,0.36,0.3,"NAN","NAN","NAN","NAN",7.238
"2026-03-07 11:40:00",49091,1.61,6.35,0.27,0.21,"NAN","NAN","NAN","NAN",7.284
"2026-03-07 11:50:00",49092,2.55,10.12,0.36,0.3,"NAN","NAN","NAN","NAN",7.368
"2026-03-07 12:00:00",49093,2.29,9.07,0.38,0.32,"NAN","NAN","NAN","NAN",7.467
"2026-03-07 12:10:00",49094,2.48,9.83,0.34,0.28,"NAN","NAN","NAN","NAN",7.513
"2026-03-07 12:20:00",49095,2.15,8.520001,0.35,0.28,"NAN","NAN","NAN","NAN",7.494
"2026-03-07 12:30:00",49096,2.05,8.1,0.3,0.24,"NAN","NAN","NAN","NAN",7.584
"2026-03-07 12:40:00",49097,1.7,6.69,0.25,0.19,"NAN","NAN","NAN","NAN",7.67
"2026-03-07 12:50:00",49098,"NAN","NAN","NAN","NAN","NAN","NAN","NAN","NAN","NAN"
"2026-03-07 13:00:00",49099,1.6,6.31,0.29,0.23,"NAN","NAN","NAN","NAN",7.951
"2026-03-07 13:10:00",49100,2.02,8.01,0.35,0.29,"NAN","NAN","NAN","NAN",7.963
"2026-03-07 13:20:00",49101,1.99,7.89,0.35,0.29,"NAN","NAN","NAN","NAN",7.957
"2026-03-07 13:30:00",49102,2.07,8.2,0.3,0.24,"NAN","NAN","NAN","NAN",7.759
"2026-03-07 13:40:00",49103,3.98,15.89,0.51,0.44,"NAN","NAN","NAN","NAN",6.86
"2026-03-07 13:50:00",49104,1.91,7.55,0.34,0.27,"NAN","NAN","NAN","NAN",7.359
"2026-03-07 14:00:00",49105,2.65,10.53,0.39,0.33,"NAN","NAN","NAN","NAN",7.106
"2026-03-07 14:10:00",49106,2.07,8.189999,0.33,0.27,"NAN","NAN","NAN","NAN",6.962
"2026-03-07 14:20:00",49107,2.51,9.97,0.41,0.35,"NAN","NAN","NAN","NAN",6.556
"2026-03-07 14:30:00",49108,4.99,19.98,0.65,0.58,"NAN","NAN","NAN","NAN",6.089
"2026-03-07 14:40:00",49109,5.89,23.62,0.68,0.61,"NAN","NAN","NAN","NAN",5.991
"2026-03-07 14:50:00",49110,6.67,26.74,0.68,0.61,"NAN","NAN","NAN","NAN",5.944
"2026-03-07 15:00:00",49111,6.92,27.75,0.69,0.62,"NAN","NAN","NAN","NAN",5.931
"2026-03-07 15:10:00",49112,5.46,21.87,0.75,0.68,"NAN","NAN","NAN","NAN",5.811
"2026-03-07 15:20:00",49113,7.88,31.62,0.88,0.8,"NAN","NAN","NAN","NAN",5.844
"2026-03-07 15:30:00",49114,3.68,14.7,0.46,0.39,"NAN","NAN","NAN","NAN",5.673
"2026-03-07 15:40:00",49115,6.13,24.57,0.75,0.68,"NAN","NAN","NAN","NAN",5.89
"2026-03-07 15:50:00",49116,6.06,24.28,0.72,0.65,"NAN","NAN","NAN","NAN",5.842
"2026-03-07 16:00:00",49117,7.32,29.36,0.72,0.65,"NAN","NAN","NAN","NAN",5.856
"2026-03-07 16:10:00",49118,6.64,26.65,0.82,0.74,"NAN","NAN","NAN","NAN",5.903
"2026-03-07 16:20:00",49119,7.46,29.94,0.85,0.78,"NAN","NAN","NAN","NAN",5.895
"2026-03-07 16:30:00",49120,5.57,22.33,0.73,0.66,"NAN","NAN","NAN","NAN",5.908
"2026-03-07 16:40:00",49121,6.03,24.18,0.72,0.65,"NAN","NAN","NAN","NAN",5.913
"2026-03-07 16:50:00",49122,4.69,18.76,0.62,0.55,"NAN","NAN","NAN","NAN",5.989
"2026-03-07 17:00:00",49123,4.43,17.72,0.54,0.48,"NAN","NAN","NAN","NAN",6.346
"2026-03-07 17:10:00",49124,5.16,20.68,0.63,0.57,"NAN","NAN","NAN","NAN",5.91
"2026-03-07 17:20:00",49125,4.45,17.81,0.52,0.45,"NAN","NAN","NAN","NAN",6.733
"2026-03-07 17:30:00",49126,3.97,15.84,0.45,0.39,"NAN","NAN","NAN","NAN",6.936
"2026-03-07 17:40:00",49127,3.34,13.32,0.46,0.4,"NAN","NAN","NAN","NAN",7.247
"2026-03-07 17:50:00",49128,2.83,11.27,0.46,0.4,"NAN","NAN","NAN","NAN",7.461
"2026-03-07 18:00:00",49129,3.06,12.19,0.47,0.4,"NAN","NAN","NAN","NAN",7.715
"2026-03-07 18:10:00",49130,2.8,11.13,0.42,0.35,"NAN","NAN","NAN","NAN",7.879
"2026-03-07 18:20:00",49131,2.77,11.01,0.42,0.36,"NAN","NAN","NAN","NAN",8.189999
"2026-03-07 18:30:00",49132,2.89,11.51,0.4,0.34,"NAN","NAN","NAN","NAN",8.422
"2026-03-07 18:40:00",49133,4.28,17.12,0.48,0.41,"NAN","NAN","NAN","NAN",8.248999
"2026-03-07 18:50:00",49134,2.76,10.97,0.43,0.36,"NAN","NAN","NAN","NAN",8.299
"2026-03-07 19:00:00",49135,3.29,13.11,0.49,0.42,"NAN","NAN","NAN","NAN",8.597
"2026-03-07 19:10:00",49136,4.02,16.07,0.45,0.39,"NAN","NAN","NAN","NAN",8.469
"2026-03-07 19:20:00",49137,3.63,14.51,0.51,0.44,"NAN","NAN","NAN","NAN",8.518
"2026-03-07 19:30:00",49138,2.26,8.979999,0.4,0.34,"NAN","NAN","NAN","NAN",8.495
"2026-03-07 19:40:00",49139,2.23,8.82,0.49,0.42,"NAN","NAN","NAN","NAN",8.538999
"2026-03-07 19:50:00",49140,2.84,11.3,0.5,0.43,"NAN","NAN","NAN","NAN",8.603
"2026-03-07 20:00:00",49141,2.96,11.79,0.46,0.39,"NAN","NAN","NAN","NAN",8.761
"2026-03-07 20:10:00",49142,2.94,11.69,0.45,0.38,"NAN","NAN","NAN","NAN",8.997
"2026-03-07 20:20:00",49143,2.53,10.04,0.38,0.32,"NAN","NAN","NAN","NAN",9.214
"2026-03-07 20:30:00",49144,2.92,11.62,0.57,0.5,"NAN","NAN","NAN","NAN",8.843001
"2026-03-07 20:40:00",49145,2.97,11.83,0.52,0.45,"NAN","NAN","NAN","NAN",8.63
"2026-03-07 20:50:00",49146,3.35,13.37,0.62,0.55,"NAN","NAN","NAN","NAN",8.823
"2026-03-07 21:00:00",49147,3.19,12.7,0.44,0.37,"NAN","NAN","NAN","NAN",8.724
"2026-03-07 21:10:00",49148,3.41,13.59,0.63,0.56,"NAN","NAN","NAN","NAN",9.129
"2026-03-07 21:20:00",49149,4.7,18.82,0.52,0.45,"NAN","NAN","NAN","NAN",9.203
"2026-03-07 21:30:00",49150,2.76,10.99,0.42,0.35,"NAN","NAN","NAN","NAN",9.279
"2026-03-07 21:40:00",49151,"NAN","NAN","NAN","NAN","NAN","NAN","NAN","NAN","NAN"
"2026-03-07 21:50:00",49152,2.35,9.32,0.48,0.41,"NAN","NAN","NAN","NAN",9.268
"2026-03-07 22:00:00",49153,5.2,20.84,0.51,0.45,"NAN","NAN","NAN","NAN",9.404
"2026-03-07 22:10:00",49154,4.21,16.83,0.53,0.47,"NAN","NAN","NAN","NAN",9.604999
"2026-03-07 22:20:00",49155,2.62,10.42,0.61,0.54,"NAN","NAN","NAN","NAN",9.401
"2026-03-07 22:30:00",49156,4.67,18.7,0.58,0.51,"NAN","NAN","NAN","NAN",9.045999
"2026-03-07 22:40:00",49157,2.56,10.19,0.51,0.44,"NAN","NAN","NAN","NAN",9.25
"2026-03-07 22:50:00",49158,3.01,11.98,0.44,0.37,"NAN","NAN","NAN","NAN",10.321
"2026-03-07 23:00:00",49159,1.82,7.2,0.28,0.22,"NAN","NAN","NAN","NAN",10.624
"2026-03-07 23:10:00",49160,1.45,5.69,0.33,0.26,"NAN","NAN","NAN","NAN",10.801
"2026-03-07 23:20:00",49161,1.96,7.76,0.3,0.24,"NAN","NAN","NAN","NAN",11.074
"2026-03-07 23:30:00",49162,1.6,6.28,0.25,0.19,"NAN","NAN","NAN","NAN",11.241
"2026-03-07 23:40:00",49163,1.6,6.31,0.23,0.17,"NAN","NAN","NAN","NAN",11.325
"2026-03-07 23:50:00",49164,1.67,6.6,0.3,0.24,"NAN","NAN","NAN","NAN",11.325
"2026-03-08 00:00:00",49165,2.95,11.76,0.38,0.32,"NAN","NAN","NAN","NAN",10.23
"2026-03-08 00:10:00",49166,1.93,7.64,0.41,0.35,"NAN","NAN","NAN","NAN",10.551
"2026-03-08 00:20:00",49167,1.77,6.99,0.32,0.26,"NAN","NAN","NAN","NAN",10.944
"2026-03-08 00:30:00",49168,2.26,8.95,0.29,0.23,"NAN","NAN","NAN","NAN",11.003
"2026-03-08 00:40:00",49169,2.89,11.49,0.31,0.24,"NAN","NAN","NAN","NAN",11.009
"2026-03-08 00:50:00",49170,3.35,13.34,0.28,0.22,"NAN","NAN","NAN","NAN",11.153
"2026-03-08 01:00:00",49171,1.21,4.72,0.26,0.2,"NAN","NAN","NAN","NAN",11.334
"2026-03-08 01:10:00",49172,1.52,5.97,0.31,0.24,"NAN","NAN","NAN","NAN",11.318
"2026-03-08 01:20:00",49173,3.11,12.39,0.63,0.57,"NAN","NAN","NAN","NAN",10.181
"2026-03-08 01:30:00",49174,7.37,29.56,0.46,0.4,"NAN","NAN","NAN","NAN",10.301
"2026-03-08 01:40:00",49175,3.71,14.83,0.64,0.57,"NAN","NAN","NAN","NAN",10.419
"2026-03-08 01:50:00",49176,2.72,10.8,0.48,0.41,"NAN","NAN","NAN","NAN",10.223
"2026-03-08 02:00:00",49177,2.17,8.6,0.42,0.36,"NAN","NAN","NAN","NAN",10.126
"2026-03-08 02:10:00",49178,4.19,16.74,0.34,0.28,"NAN","NAN","NAN","NAN",10.265
"2026-03-08 02:20:00",49179,2.58,10.26,0.26,0.2,"NAN","NAN","NAN","NAN",10.165
"2026-03-08 02:30:00",49180,2.03,8.020001,0.35,0.28,"NAN","NAN","NAN","NAN",9.739
"2026-03-08 02:40:00",49181,3.64,14.51,0.61,0.54,"NAN","NAN","NAN","NAN",9.439
"2026-03-08 02:50:00",49182,2.46,9.770001,0.36,0.3,"NAN","NAN","NAN","NAN",9.7
"2026-03-08 03:00:00",49183,2.62,10.4,0.49,0.42,"NAN","NAN","NAN","NAN",9.802
"2026-03-08 03:10:00",49184,1.7,6.69,0.29,0.22,"NAN","NAN","NAN","NAN",10.119
"2026-03-08 03:20:00",49185,2.9,11.54,0.51,0.44,"NAN","NAN","NAN","NAN",9.847999
"2026-03-08 03:30:00",49186,3.08,12.29,0.53,0.46,"NAN","NAN","NAN","NAN",9.795999
"2026-03-08 03:40:00",49187,2.51,9.97,0.35,0.29,"NAN","NAN","NAN","NAN",9.859
"2026-03-08 03:50:00",49188,2.73,10.85,0.32,0.26,"NAN","NAN","NAN","NAN",9.471
"2026-03-08 04:00:00",49189,2.24,8.89,0.35,0.29,"NAN","NAN","NAN","NAN",9.65
"2026-03-08 04:10:00",49190,2.19,8.689999,0.35,0.29,"NAN","NAN","NAN","NAN",10.319
"2026-03-08 04:20:00",49191,2.37,9.42,0.38,0.32,"NAN","NAN","NAN","NAN",9.808
"2026-03-08 04:30:00",49192,2.35,9.34,0.38,0.32,"NAN","NAN","NAN","NAN",8.902001
"2026-03-08 04:40:00",49193,2.48,9.85,0.41,0.34,"NAN","NAN","NAN","NAN",8.812
"2026-03-08 04:50:00",49194,2.48,9.85,0.41,0.34,"NAN","NAN","NAN","NAN",8.646
"2026-03-08 05:00:00",49195,2.23,8.82,0.36,0.3,"NAN","NAN","NAN","NAN",9.327
"2026-03-08 05:10:00",49196,2.48,9.86,0.38,0.32,"NAN","NAN","NAN","NAN",8.670999
"2026-03-08 05:20:00",49197,2.67,10.61,0.45,0.38,"NAN","NAN","NAN","NAN",7.282
"2026-03-08 05:30:00",49198,2.92,11.62,0.47,0.41,"NAN","NAN","NAN","NAN",6.938
"2026-03-08 05:40:00",49199,3.28,13.08,0.53,0.46,"NAN","NAN","NAN","NAN",7.186
"2026-03-08 05:50:00",49200,2.85,11.34,0.42,0.35,"NAN","NAN","NAN","NAN",6.903
"2026-03-08 06:00:00",49201,2.55,10.14,0.39,0.32,"NAN","NAN","NAN","NAN",7.419
"2026-03-08 06:10:00",49202,2.74,10.9,0.47,0.41,"NAN","NAN","NAN","NAN",6.967
"2026-03-08 06:20:00",49203,2.52,10.02,0.44,0.37,"NAN","NAN","NAN","NAN",7.266
"2026-03-08 06:30:00",49204,"NAN","NAN","NAN","NAN","NAN","NAN","NAN","NAN","NAN"
"2026-03-08 06:40:00",49205,3.2,12.76,0.43,0.37,"NAN","NAN","NAN","NAN",7.407
"2026-03-08 06:50:00",49206,2.42,9.6,0.35,0.29,"NAN","NAN","NAN","NAN",8.310001
"2026-03-08 07:00:00",49207,3.36,13.41,0.38,0.32,"NAN","NAN","NAN","NAN",9.992
"2026-03-08 07:10:00",49208,2.35,9.32,0.27,0.21,"NAN","NAN","NAN","NAN",9.62
"2026-03-08 07:20:00",49209,2.47,9.79,0.36,0.3,"NAN","NAN","NAN","NAN",9.245
"2026-03-08 07:30:00",49210,3.23,12.88,0.52,0.46,"NAN","NAN","NAN","NAN",8.204001
"2026-03-08 07:40:00",49211,2.65,10.54,0.39,0.32,"NAN","NAN","NAN","NAN",8.076
"2026-03-08 07:50:00",49212,3.63,14.47,0.48,0.41,"NAN","NAN","NAN","NAN",7.556
"2026-03-08 08:00:00",49213,2.51,9.95,0.34,0.28,"NAN","NAN","NAN","NAN",8.198
"2026-03-08 08:10:00",49214,2.35,9.32,0.32,0.26,"NAN","NAN","NAN","NAN",8.939
"2026-03-08 08:20:00",49215,2.31,9.14,0.31,0.25,"NAN","NAN","NAN","NAN",9.321
"2026-03-08 08:30:00",49216,2.24,8.87,0.26,0.2,"NAN","NAN","NAN","NAN",10.576
"2026-03-08 08:40:00",49217,2.7,10.75,0.36,0.3,"NAN","NAN","NAN","NAN",8.996
"2026-03-08 08:50:00",49218,3.28,13.08,0.45,0.39,"NAN","NAN","NAN","NAN",8.492
"2026-03-08 09:00:00",49219,2.87,11.43,0.36,0.3,"NAN","NAN","NAN","NAN",8.41
"2026-03-08 09:10:00",49220,2.49,9.9,0.36,0.3,"NAN","NAN","NAN","NAN",8.277001
"2026-03-08 09:20:00",49221,2.38,9.439999,0.28,0.22,"NAN","NAN","NAN","NAN",8.55
"2026-03-08 09:30:00",49222,2.45,9.71,0.32,0.26,"NAN","NAN","NAN","NAN",8.604
"2026-03-08 09:40:00",49223,2.93,11.67,0.33,0.27,"NAN","NAN","NAN","NAN",9.262999
"2026-03-08 09:50:00",49224,2.42,9.59,0.32,0.26,"NAN","NAN","NAN","NAN",9.654
"2026-03-08 10:00:00",49225,2.72,10.82,0.31,0.25,"NAN","NAN","NAN","NAN",9.184
"2026-03-08 10:10:00",49226,3.12,12.43,0.39,0.33,"NAN","NAN","NAN","NAN",8.762999
"2026-03-08 10:20:00",49227,3.15,12.54,0.35,0.29,"NAN","NAN","NAN","NAN",9.178001
"2026-03-08 10:30:00",49228,2.73,10.87,0.38,0.31,"NAN","NAN","NAN","NAN",9.057
"2026-03-08 10:40:00",49229,2.46,9.75,0.35,0.28,"NAN","NAN","NAN","NAN",9.071
"2026-03-08 10:50:00",49230,2.32,9.2,0.27,0.21,"NAN","NAN","NAN","NAN",9.614
"2026-03-08 11:00:00",49231,2.68,10.64,0.34,0.27,"NAN","NAN","NAN","NAN",9.929
"2026-03-08 11:10:00",49232,1.99,7.87,0.3,0.24,"NAN","NAN","NAN","NAN",10.188
"2026-03-08 11:20:00",49233,2.24,8.89,0.3,0.24,"NAN","NAN","NAN","NAN",10.203
"2026-03-08 11:30:00",49234,2.49,9.88,0.33,0.27,"NAN","NAN","NAN","NAN",9.496
"2026-03-08 11:40:00",49235,3.08,12.25,0.32,0.26,"NAN","NAN","NAN","NAN",9.601
"2026-03-08 11:50:00",49236,2.69,10.68,0.38,0.32,"NAN","NAN","NAN","NAN",8.058
"2026-03-08 12:00:00",49237,3.14,12.52,0.36,0.3,"NAN","NAN","NAN","NAN",8.863
"2026-03-08 12:10:00",49238,2.9,11.53,0.38,0.32,"NAN","NAN","NAN","NAN",8.804
"2026-03-08 12:20:00",49239,3.53,14.08,0.38,0.32,"NAN","NAN","NAN","NAN",8.802
"2026-03-08 12:30:00",49240,2.8,11.15,0.39,0.33,"NAN","NAN","NAN","NAN",9.005
"2026-03-08 12:40:00",49241,3.59,14.32,0.38,0.32,"NAN","NAN","NAN","NAN",8.871
"2026-03-08 12:50:00",49242,2.97,11.83,0.4,0.33,"NAN","NAN","NAN","NAN",9.068
"2026-03-08 13:00:00",49243,3.34,13.33,0.38,0.32,"NAN","NAN","NAN","NAN",9.043
"2026-03-08 13:10:00",49244,2.24,8.88,0.32,0.26,"NAN","NAN","NAN","NAN",9.199
"2026-03-08 13:20:00",49245,2.37,9.4,0.39,0.33,"NAN","NAN","NAN","NAN",8.868
"2026-03-08 13:30:00",49246,3.95,15.79,0.44,0.37,"NAN","NAN","NAN","NAN",8.805
"2026-03-08 13:40:00",49247,3.91,15.63,0.43,0.37,"NAN","NAN","NAN","NAN",8.983
"2026-03-08 13:50:00",49248,3.49,13.91,0.46,0.39,"NAN","NAN","NAN","NAN",8.906999
"2026-03-08 14:00:00",49249,3.87,15.44,0.41,0.34,"NAN","NAN","NAN","NAN",9.234
"2026-03-08 14:10:00",49250,2.78,11.07,0.43,0.37,"NAN","NAN","NAN","NAN",9.386
"2026-03-08 14:20:00",49251,4.05,16.17,0.52,0.45,"NAN","NAN","NAN","NAN",9.04
"2026-03-08 14:30:00",49252,3.69,14.73,0.46,0.4,"NAN","NAN","NAN","NAN",9.020001
"2026-03-08 14:40:00",49253,3.19,12.73,0.5,0.43,"NAN","NAN","NAN","NAN",8.765
"2026-03-08 14:50:00",49254,6.2,24.84,0.44,0.37,"NAN","NAN","NAN","NAN",8.877
"2026-03-08 15:00:00",49255,3.55,14.17,0.41,0.35,"NAN","NAN","NAN","NAN",9.195
"2026-03-08 15:10:00",49256,3.11,12.37,0.4,0.34,"NAN","NAN","NAN","NAN",9.397
"2026-03-08 15:20:00",49257,"NAN","NAN","NAN","NAN","NAN","NAN","NAN","NAN","NAN"
"2026-03-08 15:30:00",49258,3.88,15.51,0.39,0.33,"NAN","NAN","NAN","NAN",10.212
"2026-03-08 15:40:00",49259,3.86,15.42,0.49,0.42,"NAN","NAN","NAN","NAN",10.48
"2026-03-08 15:50:00",49260,3.18,12.66,0.44,0.37,"NAN","NAN","NAN","NAN",10.562
"2026-03-08 16:00:00",49261,4.46,17.83,0.44,0.38,"NAN","NAN","NAN","NAN",10.367
"2026-03-08 16:10:00",49262,5.81,23.26,0.54,0.47,"NAN","NAN","NAN","NAN",10.491
"2026-03-08 16:20:00",49263,3.42,13.63,0.59,0.52,"NAN","NAN","NAN","NAN",9.739
"2026-03-08 16:30:00",49264,3.69,14.73,0.49,0.42,"NAN","NAN","NAN","NAN",9.758
"2026-03-08 16:40:00",49265,3.52,14.02,0.39,0.33,"NAN","NAN","NAN","NAN",9.392
"2026-03-08 16:50:00",49266,3.37,13.44,0.53,0.46,"NAN","NAN","NAN","NAN",9.392
"2026-03-08 17:00:00",49267,3.47,13.82,0.45,0.38,"NAN","NAN","NAN","NAN",9.59
"2026-03-08 17:10:00",49268,3.51,14,0.51,0.44,"NAN","NAN","NAN","NAN",9.498999
"2026-03-08 17:20:00",49269,4.6,18.42,0.49,0.43,"NAN","NAN","NAN","NAN",9.696999
"2026-03-08 17:30:00",49270,3.08,12.27,0.52,0.45,"NAN","NAN","NAN","NAN",9.658
"2026-03-08 17:40:00",49271,7.56,30.34,0.61,0.54,"NAN","NAN","NAN","NAN",9.543
"2026-03-08 17:50:00",49272,4.28,17.09,0.51,0.44,"NAN","NAN","NAN","NAN",9.757
"2026-03-08 18:00:00",49273,7.02,28.17,0.59,0.52,"NAN","NAN","NAN","NAN",9.802
"2026-03-08 18:10:00",49274,7.58,30.43,0.75,0.68,"NAN","NAN","NAN","NAN",10.273
"2026-03-08 18:20:00",49275,4.09,16.36,0.68,0.61,"NAN","NAN","NAN","NAN",10.275
"2026-03-08 18:30:00",49276,6.65,26.65,0.85,0.78,"NAN","NAN","NAN","NAN",10.386
"2026-03-08 18:40:00",49277,7.45,29.88,0.66,0.59,"NAN","NAN","NAN","NAN",10.308
"2026-03-08 18:50:00",49278,4.73,18.92,0.63,0.56,"NAN","NAN","NAN","NAN",10.279
"2026-03-08 19:00:00",49279,3.24,12.93,0.56,0.5,"NAN","NAN","NAN","NAN",9.49
"2026-03-08 19:10:00",49280,3.08,12.27,0.44,0.38,"NAN","NAN","NAN","NAN",9.145001
"2026-03-08 19:20:00",49281,4.06,16.21,0.56,0.49,"NAN","NAN","NAN","NAN",9.153
"2026-03-08 19:30:00",49282,4.3,17.17,0.67,0.6,"NAN","NAN","NAN","NAN",9.134
"2026-03-08 19:40:00",49283,4.36,17.45,0.56,0.49,"NAN","NAN","NAN","NAN",9.116
"2026-03-08 19:50:00",49284,4.28,17.13,0.64,0.57,"NAN","NAN","NAN","NAN",9.015
"2026-03-08 20:00:00",49285,6,24.06,1,0.92,"NAN","NAN","NAN","NAN",9.295999
"2026-03-08 20:10:00",49286,4.58,18.33,0.62,0.55,"NAN","NAN","NAN","NAN",9.496
"2026-03-08 20:20:00",49287,3.02,12.04,0.6,0.53,"NAN","NAN","NAN","NAN",9.399
"2026-03-08 20:30:00",49288,2.85,11.35,0.63,0.56,"NAN","NAN","NAN","NAN",9.748
"2026-03-08 20:40:00",49289,3.18,12.67,0.54,0.48,"NAN","NAN","NAN","NAN",10.269
"2026-03-08 20:50:00",49290,4.46,17.82,0.69,0.62,"NAN","NAN","NAN","NAN",10.431
"2026-03-08 21:00:00",49291,3.36,13.4,0.58,0.51,"NAN","NAN","NAN","NAN",9.974
"2026-03-08 21:10:00",49292,4.2,16.81,0.54,0.47,"NAN","NAN","NAN","NAN",10.008
"2026-03-08 21:20:00",49293,3.45,13.76,0.56,0.5,"NAN","NAN","NAN","NAN",9.899
"2026-03-08 21:30:00",49294,5.49,22,0.54,0.47,"NAN","NAN","NAN","NAN",9.891
"2026-03-08 21:40:00",49295,3.4,13.56,0.45,0.38,"NAN","NAN","NAN","NAN",9.906
"2026-03-08 21:50:00",49296,2.33,9.24,0.49,0.42,"NAN","NAN","NAN","NAN",10.153
"2026-03-08 22:00:00",49297,2.03,8.03,0.38,0.31,"NAN","NAN","NAN","NAN",10.797
"2026-03-08 22:10:00",49298,4.7,18.8,0.46,0.4,"NAN","NAN","NAN","NAN",10.736
"2026-03-08 22:20:00",49299,3.6,14.38,0.49,0.43,"NAN","NAN","NAN","NAN",11.002
"2026-03-08 22:30:00",49300,2.42,9.6,0.4,0.33,"NAN","NAN","NAN","NAN",11.17
"2026-03-08 22:40:00",49301,4.49,17.98,0.64,0.57,"NAN","NAN","NAN","NAN",10.727
"2026-03-08 22:50:00",49302,3.51,14,0.55,0.48,"NAN","NAN","NAN","NAN",10.343
"2026-03-08 23:00:00",49303,3.44,13.72,0.77,0.69,"NAN","NAN","NAN","NAN",10.695
"2026-03-08 23:10:00",49304,2.83,11.26,0.52,0.45,"NAN","NAN","NAN","NAN",11.006
"2026-03-08 23:20:00",49305,2.94,11.69,0.44,0.38,"NAN","NAN","NAN","NAN",11.458
"2026-03-08 23:30:00",49306,5.81,23.28,0.78,0.71,"NAN","NAN","NAN","NAN",11.017
"2026-03-08 23:40:00",49307,6.12,24.54,0.46,0.39,"NAN","NAN","NAN","NAN",10.91
"2026-03-08 23:50:00",49308,4.37,17.48,0.6,0.53,"NAN","NAN","NAN","NAN",10.665
"2026-03-09 00:00:00",49309,6.74,27.04,0.87,0.8,"NAN","NAN","NAN","NAN",10.017
"2026-03-09 00:10:00",49310,"NAN","NAN","NAN","NAN","NAN","NAN","NAN","NAN","NAN"
"2026-03-09 00:20:00",49311,4.86,19.46,0.41,0.35,"NAN","NAN","NAN","NAN",10.067
"2026-03-09 00:30:00",49312,3.09,12.33,0.5,0.43,"NAN","NAN","NAN","NAN",10.411
"2026-03-09 00:40:00",49313,3.4,13.57,0.52,0.45,"NAN","NAN","NAN","NAN",10.695
"2026-03-09 00:50:00",49314,2.93,11.64,0.43,0.36,"NAN","NAN","NAN","NAN",11.031
"2026-03-09 01:00:00",49315,3.42,13.66,0.54,0.47,"NAN","NAN","NAN","NAN",11.146
"2026-03-09 01:10:00",49316,2.94,11.71,0.44,0.38,"NAN","NAN","NAN","NAN",11.317
"2026-03-09 01:20:00",49317,3.8,15.17,0.44,0.38,"NAN","NAN","NAN","NAN",11.007
"2026-03-09 01:30:00",49318,5.28,21.14,0.38,0.32,"NAN","NAN","NAN","NAN",11.835
"2026-03-09 01:40:00",49319,3,11.93,0.26,0.2,"NAN","NAN","NAN","NAN",12.525
"2026-03-09 01:50:00",49320,2.13,8.42,0.3,0.24,"NAN","NAN","NAN","NAN",12.649
"2026-03-09 02:00:00",49321,2.16,8.55,0.33,0.26,"NAN","NAN","NAN","NAN",11.06
"2026-03-09 02:10:00",49322,5.31,21.26,0.77,0.7,"NAN","NAN","NAN","NAN",11.239
"2026-03-09 02:20:00",49323,2.55,10.15,0.45,0.39,"NAN","NAN","NAN","NAN",11.014
"2026-03-09 02:30:00",49324,5.23,20.93,0.44,0.37,"NAN","NAN","NAN","NAN",10.085
"2026-03-09 02:40:00",49325,3.18,12.66,0.44,0.38,"NAN","NAN","NAN","NAN",10.081
"2026-03-09 02:50:00",49326,5.62,22.53,0.5,0.44,"NAN","NAN","NAN","NAN",12.068
"2026-03-09 03:00:00",49327,3.02,12.04,0.42,0.36,"NAN","NAN","NAN","NAN",11.284
"2026-03-09 03:10:00",49328,2.88,11.47,0.45,0.38,"NAN","NAN","NAN","NAN",9.887999
"2026-03-09 03:20:00",49329,2.23,8.82,0.32,0.26,"NAN","NAN","NAN","NAN",9.557
"2026-03-09 03:30:00",49330,2.66,10.56,0.37,0.31,"NAN","NAN","NAN","NAN",9.781
"2026-03-09 03:40:00",49331,1.88,7.43,0.33,0.27,"NAN","NAN","NAN","NAN",10.137
"2026-03-09 03:50:00",49332,1.76,6.92,0.3,0.24,"NAN","NAN","NAN","NAN",10.504
"2026-03-09 04:00:00",49333,2.3,9.11,0.31,0.25,"NAN","NAN","NAN","NAN",11.721
"2026-03-09 04:10:00",49334,1.88,7.41,0.28,0.22,"NAN","NAN","NAN","NAN",12.083
"2026-03-09 04:20:00",49335,2.18,8.62,0.35,0.29,"NAN","NAN","NAN","NAN",11.431
"2026-03-09 04:30:00",49336,2.05,8.09,0.28,0.22,"NAN","NAN","NAN","NAN",11.605
"2026-03-09 04:40:00",49337,2.09,8.26,0.35,0.29,"NAN","NAN","NAN","NAN",12.054
"2026-03-09 04:50:00",49338,3.2,12.74,0.43,0.36,"NAN","NAN","NAN","NAN",11.973
"2026-03-09 05:00:00",49339,2.24,8.9,0.31,0.25,"NAN","NAN","NAN","NAN",11.942
"2026-03-09 05:10:00",49340,4.35,17.38,0.33,0.27,"NAN","NAN","NAN","NAN",12.349
"2026-03-09 05:20:00",49341,2.07,8.189999,0.3,0.24,"NAN","NAN","NAN","NAN",12.483
"2026-03-09 05:30:00",49342,1.68,6.61,0.28,0.22,"NAN","NAN","NAN","NAN",12.448
"2026-03-09 05:40:00",49343,2.23,8.82,0.34,0.28,"NAN","NAN","NAN","NAN",12.428
"2026-03-09 05:50:00",49344,2.63,10.47,0.49,0.43,"NAN","NAN","NAN","NAN",12.4
"2026-03-09 06:00:00",49345,2.39,9.49,0.29,0.23,"NAN","NAN","NAN","NAN",12.271
"2026-03-09 06:10:00",49346,1.63,6.43,0.3,0.24,"NAN","NAN","NAN","NAN",12.255
"2026-03-09 06:20:00",49347,1.56,6.15,0.3,0.24,"NAN","NAN","NAN","NAN",12.299
"2026-03-09 06:30:00",49348,2.04,8.060001,0.34,0.28,"NAN","NAN","NAN","NAN",12.338
"2026-03-09 06:40:00",49349,1.82,7.19,0.3,0.23,"NAN","NAN","NAN","NAN",12.395
"2026-03-09 06:50:00",49350,2.11,8.37,0.38,0.32,"NAN","NAN","NAN","NAN",12.363
"2026-03-09 07:00:00",49351,2.09,8.28,0.3,0.24,"NAN","NAN","NAN","NAN",12.369
"2026-03-09 07:10:00",49352,2.05,8.11,0.35,0.29,"NAN","NAN","NAN","NAN",12.332
"2026-03-09 07:20:00",49353,2.1,8.33,0.45,0.38,"NAN","NAN","NAN","NAN",12.344
"2026-03-09 07:30:00",49354,1.8,7.08,0.28,0.22,"NAN","NAN","NAN","NAN",12.323
"2026-03-09 07:40:00",49355,1.95,7.72,0.3,0.23,"NAN","NAN","NAN","NAN",12.319
"2026-03-09 07:50:00",49356,1.97,7.79,0.28,0.22,"NAN","NAN","NAN","NAN",12.317
"2026-03-09 08:00:00",49357,2.07,8.189999,0.32,0.26,"NAN","NAN","NAN","NAN",12.248
"2026-03-09 08:10:00",49358,1.71,6.73,0.31,0.25,"NAN","NAN","NAN","NAN",12.247
"2026-03-09 08:20:00",49359,2.3,9.11,0.44,0.37,"NAN","NAN","NAN","NAN",12.251
"2026-03-09 08:30:00",49360,1.83,7.24,0.37,0.3,"NAN","NAN","NAN","NAN",12.265
"2026-03-09 08:40:00",49361,1.77,6.97,0.25,0.19,"NAN","NAN","NAN","NAN",11.626
"2026-03-09 08:50:00",49362,2.27,9.020001,0.28,0.22,"NAN","NAN","NAN","NAN",11.356
"2026-03-09 09:00:00",49363,"NAN","NAN","NAN","NAN","NAN","NAN","NAN","NAN","NAN"
"2026-03-09 09:10:00",49364,2.22,8.8,0.25,0.19,"NAN","NAN","NAN","NAN",11.05
"2026-03-09 09:20:00",49365,2.08,8.24,0.3,0.24,"NAN","NAN","NAN","NAN",9.078
"2026-03-09 09:30:00",49366,2.01,7.95,0.35,0.29,"NAN","NAN","NAN","NAN",9.779
"2026-03-09 09:40:00",49367,1.76,6.94,0.25,0.19,"NAN","NAN","NAN","NAN",10.272
"2026-03-09 09:50:00",49368,2.22,8.79,0.32,0.25,"NAN","NAN","NAN","NAN",9.29
"2026-03-09 10:00:00",49369,2.85,11.34,0.31,0.25,"NAN","NAN","NAN","NAN",8.146
"2026-03-09 10:10:00",49370,2.02,7.98,0.37,0.31,"NAN","NAN","NAN","NAN",8.321
"2026-03-09 10:20:00",49371,2.12,8.41,0.35,0.29,"NAN","NAN","NAN","NAN",8.218001
"2026-03-09 10:30:00",49372,1.94,7.65,0.29,0.23,"NAN","NAN","NAN","NAN",8.75
"2026-03-09 10:40:00",49373,2.99,11.9,0.34,0.28,"NAN","NAN","NAN","NAN",8.502
"2026-03-09 10:50:00",49374,2.83,11.26,0.31,0.25,"NAN","NAN","NAN","NAN",8.391
"2026-03-09 11:00:00",49375,1.99,7.87,0.33,0.27,"NAN","NAN","NAN","NAN",8.234
"2026-03-09 11:10:00",49376,2.17,8.61,0.32,0.26,"NAN","NAN","NAN","NAN",7.936
"2026-03-09 11:20:00",49377,2.06,8.15,0.3,0.24,"NAN","NAN","NAN","NAN",7.52
"2026-03-09 11:30:00",49378,2.01,7.96,0.33,0.27,"NAN","NAN","NAN","NAN",7.73
"2026-03-09 11:40:00",49379,1.65,6.49,0.28,0.22,"NAN","NAN","NAN","NAN",7.667
"2026-03-09 11:50:00",49380,1.66,6.54,0.32,0.26,"NAN","NAN","NAN","NAN",7.658
"2026-03-09 12:00:00",49381,2.08,8.22,0.3,0.24,"NAN","NAN","NAN","NAN",7.787
"2026-03-09 12:10:00",49382,0.18,0.55,0.09,0.04,"NAN","NAN","NAN","NAN",19.589
"2026-03-09 12:20:00",49383,0.2,0.64,0.11,0.05,"NAN","NAN","NAN","NAN",21.128
"2026-03-09 12:30:00",49384,1.07,4.16,0.19,0.14,"NAN","NAN","NAN","NAN",9.16
"2026-03-09 12:40:00",49385,0.03,-0.05,0,-0.06,"NAN","NAN","NAN","NAN",20.276
"2026-03-09 12:50:00",49386,1.01,3.93,0.17,0.12,"NAN","NAN","NAN","NAN",8.251001
"2026-03-09 13:00:00",49387,1.08,4.21,0.22,0.16,"NAN","NAN","NAN","NAN",8.154
"2026-03-09 13:10:00",49388,0.06,0.06,0.23,0.17,"NAN","NAN","NAN","NAN",17.863
"2026-03-09 13:20:00",49389,1.21,4.72,0.27,0.21,"NAN","NAN","NAN","NAN",9.07
"2026-03-09 13:30:00",49390,1.56,6.13,0.37,0.3,"NAN","NAN","NAN","NAN",8.969
"2026-03-09 13:40:00",49391,1.39,5.43,0.39,0.33,"NAN","NAN","NAN","NAN",9.927
"2026-03-09 13:50:00",49392,1.98,7.81,0.28,0.22,"NAN","NAN","NAN","NAN",10.292
"2026-03-09 14:00:00",49393,1.56,6.12,0.3,0.23,"NAN","NAN","NAN","NAN",9.663
"2026-03-09 14:10:00",49394,1.82,7.2,0.35,0.29,"NAN","NAN","NAN","NAN",9.423
"2026-03-09 14:20:00",49395,3.39,13.54,0.34,0.28,"NAN","NAN","NAN","NAN",9.575
"2026-03-09 14:30:00",49396,3.67,14.64,0.49,0.42,"NAN","NAN","NAN","NAN",9.795999
"2026-03-09 14:40:00",49397,6.34,25.43,0.48,0.41,"NAN","NAN","NAN","NAN",10.091
"2026-03-09 14:50:00",49398,3.79,15.12,0.54,0.47,"NAN","NAN","NAN","NAN",10.205
"2026-03-09 15:00:00",49399,2.93,11.67,0.43,0.36,"NAN","NAN","NAN","NAN",9.941
"2026-03-09 15:10:00",49400,4.47,17.88,0.6,0.53,"NAN","NAN","NAN","NAN",10.135
"2026-03-09 15:20:00",49401,4.14,16.53,0.48,0.41,"NAN","NAN","NAN","NAN",10.132
"2026-03-09 15:30:00",49402,3.01,11.97,0.36,0.3,"NAN","NAN","NAN","NAN",9.721
"2026-03-09 15:40:00",49403,2.27,9.01,0.32,0.26,"NAN","NAN","NAN","NAN",9.791
"2026-03-09 15:50:00",49404,2.49,9.87,0.41,0.34,"NAN","NAN","NAN","NAN",9.229999
"2026-03-09 16:00:00",49405,4.54,18.14,0.36,0.3,"NAN","NAN","NAN","NAN",9.448
"2026-03-09 16:10:00",49406,2.23,8.84,0.33,0.27,"NAN","NAN","NAN","NAN",9.667
"2026-03-09 16:20:00",49407,1.83,7.24,0.31,0.25,"NAN","NAN","NAN","NAN",9.795999
"2026-03-09 16:30:00",49408,2.28,9.04,0.46,0.4,"NAN","NAN","NAN","NAN",10.543
"2026-03-09 16:40:00",49409,2.19,8.67,0.42,0.36,"NAN","NAN","NAN","NAN",10.716
"2026-03-09 16:50:00",49410,3.13,12.48,0.57,0.5,"NAN","NAN","NAN","NAN",10.906
"2026-03-09 17:00:00",49411,2.78,11.06,0.39,0.32,"NAN","NAN","NAN","NAN",9.846
"2026-03-09 17:10:00",49412,2.11,8.35,0.35,0.29,"NAN","NAN","NAN","NAN",10.189
"2026-03-09 17:20:00",49413,2.23,8.82,0.33,0.27,"NAN","NAN","NAN","NAN",10.464
"2026-03-09 17:30:00",49414,1.49,5.87,0.2,0.14,"NAN","NAN","NAN","NAN",10.979
"2026-03-09 17:40:00",49415,3.22,12.81,0.45,0.38,"NAN","NAN","NAN","NAN",10.642
"2026-03-09 17:50:00",49416,"NAN","NAN","NAN","NAN","NAN","NAN","NAN","NAN","NAN"
"2026-03-09 18:00:00",49417,1.53,6.02,0.29,0.23,"NAN","NAN","NAN","NAN",10.949
"2026-03-09 18:10:00",49418,2.54,10.08,0.37,0.31,"NAN","NAN","NAN","NAN",11.127
"2026-03-09 18:20:00",49419,2.56,10.18,0.4,0.34,"NAN","NAN","NAN","NAN",11.15
"2026-03-09 18:30:00",49420,2.14,8.46,0.33,0.27,"NAN","NAN","NAN","NAN",11.628
"2026-03-09 18:40:00",49421,1.91,7.57,0.31,0.25,"NAN","NAN","NAN","NAN",11.917
"2026-03-09 18:50:00",49422,1.55,6.1,0.23,0.17,"NAN","NAN","NAN","NAN",12.841
"2026-03-09 19:00:00",49423,1.7,6.71,0.23,0.17,"NAN","NAN","NAN","NAN",12.757
"2026-03-09 19:10:00",49424,2.12,8.38,0.3,0.24,"NAN","NAN","NAN","NAN",12.79
"2026-03-09 19:20:00",49425,1.97,7.77,0.32,0.26,"NAN","NAN","NAN","NAN",12.856
"2026-03-09 19:30:00",49426,1.87,7.38,0.3,0.24,"NAN","NAN","NAN","NAN",12.339
"2026-03-09 19:40:00",49427,2.1,8.33,0.3,0.24,"NAN","NAN","NAN","NAN",12.586
"2026-03-09 19:50:00",49428,1.88,7.42,0.29,0.23,"NAN","NAN","NAN","NAN",11.245
"2026-03-09 20:00:00",49429,2.38,9.45,0.37,0.31,"NAN","NAN","NAN","NAN",11.4
"2026-03-09 20:10:00",49430,3.92,15.67,0.4,0.33,"NAN","NAN","NAN","NAN",11.197
"2026-03-09 20:20:00",49431,2.37,9.4,0.44,0.37,"NAN","NAN","NAN","NAN",11.182
"2026-03-09 20:30:00",49432,2.72,10.82,0.3,0.24,"NAN","NAN","NAN","NAN",11.193
"2026-03-09 20:40:00",49433,2.49,9.9,0.39,0.32,"NAN","NAN","NAN","NAN",11.048
"2026-03-09 20:50:00",49434,2.14,8.479999,0.36,0.3,"NAN","NAN","NAN","NAN",10.868
"2026-03-09 21:00:00",49435,2.12,8.39,0.38,0.31,"NAN","NAN","NAN","NAN",10.683
"2026-03-09 21:10:00",49436,3.95,15.76,0.37,0.31,"NAN","NAN","NAN","NAN",10.668
"2026-03-09 21:20:00",49437,2.01,7.96,0.39,0.33,"NAN","NAN","NAN","NAN",10.52
"2026-03-09 21:30:00",49438,2.04,8.060001,0.39,0.33,"NAN","NAN","NAN","NAN",10.569
"2026-03-09 21:40:00",49439,2.23,8.86,0.38,0.32,"NAN","NAN","NAN","NAN",10.454
"2026-03-09 21:50:00",49440,4.45,17.8,0.39,0.33,"NAN","NAN","NAN","NAN",10.24
"2026-03-09 22:00:00",49441,2.57,10.2,0.39,0.33,"NAN","NAN","NAN","NAN",10.336
"2026-03-09 22:10:00",49442,5,20.02,0.49,0.42,"NAN","NAN","NAN","NAN",10.491
"2026-03-09 22:20:00",49443,2.54,10.1,0.36,0.3,"NAN","NAN","NAN","NAN",10.576
"2026-03-09 22:30:00",49444,2.02,8,0.34,0.28,"NAN","NAN","NAN","NAN",10.613
"2026-03-09 22:40:00",49445,2.41,9.58,0.48,0.41,"NAN","NAN","NAN","NAN",10.544
"2026-03-09 22:50:00",49446,2.82,11.24,0.42,0.36,"NAN","NAN","NAN","NAN",10.696
"2026-03-09 23:00:00",49447,1.95,7.72,0.46,0.39,"NAN","NAN","NAN","NAN",10.833
"2026-03-09 23:10:00",49448,2.46,9.76,0.48,0.41,"NAN","NAN","NAN","NAN",10.925
"2026-03-09 23:20:00",49449,4.29,17.14,0.53,0.47,"NAN","NAN","NAN","NAN",11.292
"2026-03-09 23:30:00",49450,1.99,7.86,0.32,0.26,"NAN","NAN","NAN","NAN",11.125
"2026-03-09 23:40:00",49451,2.51,9.95,0.39,0.32,"NAN","NAN","NAN","NAN",10.927
"2026-03-09 23:50:00",49452,2.23,8.85,0.35,0.28,"NAN","NAN","NAN","NAN",11.404
"2026-03-10 00:00:00",49453,2.76,10.97,0.38,0.32,"NAN","NAN","NAN","NAN",11.826
"2026-03-10 00:10:00",49454,4.89,19.56,0.33,0.27,"NAN","NAN","NAN","NAN",12.247
"2026-03-10 00:20:00",49455,4.27,17.08,0.3,0.24,"NAN","NAN","NAN","NAN",13.003
"2026-03-10 00:30:00",49456,1.54,6.07,0.23,0.17,"NAN","NAN","NAN","NAN",13.1
"2026-03-10 00:40:00",49457,1.54,6.04,0.23,0.17,"NAN","NAN","NAN","NAN",13.02
"2026-03-10 00:50:00",49458,1.41,5.53,0.21,0.15,"NAN","NAN","NAN","NAN",13.168
"2026-03-10 01:00:00",49459,1.33,5.2,0.19,0.13,"NAN","NAN","NAN","NAN",13.245
"2026-03-10 01:10:00",49460,1.7,6.69,0.29,0.23,"NAN","NAN","NAN","NAN",13.292
"2026-03-10 01:20:00",49461,1.67,6.56,0.21,0.15,"NAN","NAN","NAN","NAN",13.139
"2026-03-10 01:30:00",49462,1.31,5.11,0.22,0.17,"NAN","NAN","NAN","NAN",13.275
"2026-03-10 01:40:00",49463,1.33,5.21,0.23,0.17,"NAN","NAN","NAN","NAN",13.254
"2026-03-10 01:50:00",49464,1.21,4.71,0.2,0.14,"NAN","NAN","NAN","NAN",13.273
"2026-03-10 02:00:00",49465,1.09,4.25,0.18,0.13,"NAN","NAN","NAN","NAN",13.205
"2026-03-10 02:10:00",49466,1.36,5.32,0.19,0.13,"NAN","NAN","NAN","NAN",12.968
"2026-03-10 02:20:00",49467,1.62,6.37,0.23,0.17,"NAN","NAN","NAN","NAN",12.696
"2026-03-10 02:30:00",49468,1.6,6.29,0.28,0.22,"NAN","NAN","NAN","NAN",11.89
"2026-03-10 02:40:00",49469,"NAN","NAN","NAN","NAN","NAN","NAN","NAN","NAN","NAN"
"2026-03-10 02:50:00",49470,2.23,8.84,0.29,0.23,"NAN","NAN","NAN","NAN",11.812
"2026-03-10 03:00:00",49471,3.48,13.9,0.24,0.18,"NAN","NAN","NAN","NAN",11.942
"2026-03-10 03:10:00",49472,1.37,5.35,0.18,0.12,"NAN","NAN","NAN","NAN",12.749
"2026-03-10 03:20:00",49473,1.47,5.79,0.26,0.2,"NAN","NAN","NAN","NAN",12.869
"2026-03-10 03:30:00",49474,1.65,6.51,0.22,0.16,"NAN","NAN","NAN","NAN",12.709
"2026-03-10 03:40:00",49475,1.49,5.85,0.19,0.13,"NAN","NAN","NAN","NAN",13.063
"2026-03-10 03:50:00",49476,1.75,6.91,0.26,0.2,"NAN","NAN","NAN","NAN",12.736
"2026-03-10 04:00:00",49477,1.76,6.96,0.3,0.24,"NAN","NAN","NAN","NAN",12.645
"2026-03-10 04:10:00",49478,1.88,7.42,0.26,0.2,"NAN","NAN","NAN","NAN",12.174
"2026-03-10 04:20:00",49479,1.73,6.81,0.27,0.21,"NAN","NAN","NAN","NAN",12.446
"2026-03-10 04:30:00",49480,1.98,7.82,0.27,0.21,"NAN","NAN","NAN","NAN",11.748
"2026-03-10 04:40:00",49481,1.77,6.97,0.27,0.21,"NAN","NAN","NAN","NAN",11.387
"2026-03-10 04:50:00",49482,1.91,7.55,0.33,0.27,"NAN","NAN","NAN","NAN",10.722
"2026-03-10 05:00:00",49483,6.44,25.83,0.62,0.55,"NAN","NAN","NAN","NAN",9.945
"2026-03-10 05:10:00",49484,2.88,11.48,0.5,0.44,"NAN","NAN","NAN","NAN",9.214
"2026-03-10 05:20:00",49485,1.84,7.28,0.31,0.25,"NAN","NAN","NAN","NAN",9.107
"2026-03-10 05:30:00",49486,2.08,8.24,0.36,0.3,"NAN","NAN","NAN","NAN",9.237001
"2026-03-10 05:40:00",49487,1.82,7.19,0.31,0.25,"NAN","NAN","NAN","NAN",9.319
"2026-03-10 05:50:00",49488,2.53,10.03,0.32,0.26,"NAN","NAN","NAN","NAN",10.139
"2026-03-10 06:00:00",49489,1.5,5.89,0.24,0.18,"NAN","NAN","NAN","NAN",11.632
"2026-03-10 06:10:00",49490,1.6,6.3,0.2,0.15,"NAN","NAN","NAN","NAN",12.867
"2026-03-10 06:20:00",49491,1.79,7.05,0.29,0.23,"NAN","NAN","NAN","NAN",12.878
"2026-03-10 06:30:00",49492,1.27,4.96,0.2,0.14,"NAN","NAN","NAN","NAN",12.941
"2026-03-10 06:40:00",49493,1.39,5.46,0.19,0.13,"NAN","NAN","NAN","NAN",12.991
"2026-03-10 06:50:00",49494,1.24,4.86,0.18,0.12,"NAN","NAN","NAN","NAN",13.002
"2026-03-10 07:00:00",49495,1.59,6.25,0.29,0.23,"NAN","NAN","NAN","NAN",13.011
"2026-03-10 07:10:00",49496,1.79,7.07,0.31,0.25,"NAN","NAN","NAN","NAN",13.012
"2026-03-10 07:20:00",49497,1.43,5.62,0.29,0.23,"NAN","NAN","NAN","NAN",12.993
"2026-03-10 07:30:00",49498,1.77,6.99,0.3,0.23,"NAN","NAN","NAN","NAN",13.011
"2026-03-10 07:40:00",49499,3.42,13.62,0.25,0.19,"NAN","NAN","NAN","NAN",13.01
"2026-03-10 07:50:00",49500,1.81,7.15,0.24,0.18,"NAN","NAN","NAN","NAN",12.987
"2026-03-10 08:00:00",49501,1.67,6.56,0.23,0.17,"NAN","NAN","NAN","NAN",12.972
"2026-03-10 08:10:00",49502,1.63,6.43,0.2,0.14,"NAN","NAN","NAN","NAN",12.966
"2026-03-10 08:20:00",49503,1.73,6.8,0.25,0.19,"NAN","NAN","NAN","NAN",12.88
"2026-03-10 08:30:00",49504,1.74,6.85,0.22,0.17,"NAN","NAN","NAN","NAN",12.29
"2026-03-10 08:40:00",49505,2.85,11.35,0.34,0.28,"NAN","NAN","NAN","NAN",10.263
"2026-03-10 08:50:00",49506,2.45,9.729999,0.34,0.28,"NAN","NAN","NAN","NAN",9.328
"2026-03-10 09:00:00",49507,2.31,9.18,0.3,0.24,"NAN","NAN","NAN","NAN",9.09
"2026-03-10 09:10:00",49508,2.37,9.4,0.28,0.22,"NAN","NAN","NAN","NAN",9.064999
"2026-03-10 09:20:00",49509,1.8,7.11,0.27,0.21,"NAN","NAN","NAN","NAN",9.182
"2026-03-10 09:30:00",49510,2.32,9.22,0.37,0.31,"NAN","NAN","NAN","NAN",9.191
"2026-03-10 09:40:00",49511,1.85,7.3,0.27,0.21,"NAN","NAN","NAN","NAN",8.949
"2026-03-10 09:50:00",49512,1.72,6.79,0.24,0.18,"NAN","NAN","NAN","NAN",8.982
"2026-03-10 10:00:00",49513,2.91,11.57,0.31,0.25,"NAN","NAN","NAN","NAN",8.927
"2026-03-10 10:10:00",49514,1.57,6.16,0.24,0.18,"NAN","NAN","NAN","NAN",8.776
"2026-03-10 10:20:00",49515,1.4,5.49,0.27,0.2,"NAN","NAN","NAN","NAN",8.875
"2026-03-10 10:30:00",49516,1.44,5.67,0.26,0.2,"NAN","NAN","NAN","NAN",8.724
"2026-03-10 10:40:00",49517,1.4,5.48,0.26,0.2,"NAN","NAN","NAN","NAN",8.692
"2026-03-10 10:50:00",49518,1.69,6.68,0.3,0.24,"NAN","NAN","NAN","NAN",8.626001
"2026-03-10 11:00:00",49519,1.85,7.32,0.24,0.18,"NAN","NAN","NAN","NAN",8.759
"2026-03-10 11:10:00",49520,1.57,6.18,0.28,0.22,"NAN","NAN","NAN","NAN",8.147
"2026-03-10 11:20:00",49521,1.28,5.02,0.28,0.22,"NAN","NAN","NAN","NAN",7.482
"2026-03-10 11:30:00",49522,"NAN","NAN","NAN","NAN","NAN","NAN","NAN","NAN","NAN"
"2026-03-10 11:40:00",49523,1.14,4.43,0.22,0.16,"NAN","NAN","NAN","NAN",7.375
"2026-03-10 11:50:00",49524,1.37,5.35,0.26,0.2,"NAN","NAN","NAN","NAN",7.523
"2026-03-10 12:00:00",49525,1.42,5.59,0.23,0.17,"NAN","NAN","NAN","NAN",7.669
"2026-03-10 12:10:00",49526,1.16,4.51,0.2,0.14,"NAN","NAN","NAN","NAN",8.095
"2026-03-10 12:20:00",49527,0.97,3.76,0.18,0.12,"NAN","NAN","NAN","NAN",8.198
"2026-03-10 12:30:00",49528,1.15,4.49,0.23,0.17,"NAN","NAN","NAN","NAN",8.323
"2026-03-10 12:40:00",49529,1.09,4.24,0.21,0.15,"NAN","NAN","NAN","NAN",9.112001
"2026-03-10 12:50:00",49530,1.07,4.16,0.16,0.1,"NAN","NAN","NAN","NAN",9.083
"2026-03-10 13:00:00",49531,1.03,3.99,0.22,0.16,"NAN","NAN","NAN","NAN",9.36
"2026-03-10 13:10:00",49532,0.99,3.85,0.2,0.14,"NAN","NAN","NAN","NAN",9.783
"2026-03-10 13:20:00",49533,1.12,4.35,0.16,0.1,"NAN","NAN","NAN","NAN",10.443
"2026-03-10 13:30:00",49534,1.72,6.8,0.28,0.22,"NAN","NAN","NAN","NAN",11.1
"2026-03-10 13:40:00",49535,1.63,6.43,0.34,0.28,"NAN","NAN","NAN","NAN",11.591
"2026-03-10 13:50:00",49536,3.43,13.67,0.34,0.28,"NAN","NAN","NAN","NAN",10.868
"2026-03-10 14:00:00",49537,1.5,5.9,0.35,0.29,"NAN","NAN","NAN","NAN",11.094
"2026-03-10 14:10:00",49538,2.54,10.11,0.31,0.25,"NAN","NAN","NAN","NAN",11.044
"2026-03-10 14:20:00",49539,2.17,8.61,0.22,0.16,"NAN","NAN","NAN","NAN",10.988
"2026-03-10 14:30:00",49540,1.67,6.56,0.24,0.18,"NAN","NAN","NAN","NAN",10.742
"2026-03-10 14:40:00",49541,3.23,12.86,0.29,0.23,"NAN","NAN","NAN","NAN",10.64
"2026-03-10 14:50:00",49542,1.88,7.41,0.34,0.27,"NAN","NAN","NAN","NAN",10.54
"2026-03-10 15:00:00",49543,2.42,9.61,0.34,0.28,"NAN","NAN","NAN","NAN",10.923
"2026-03-10 15:10:00",49544,1.57,6.19,0.3,0.24,"NAN","NAN","NAN","NAN",11.082
"2026-03-10 15:20:00",49545,2.1,8.310001,0.32,0.25,"NAN","NAN","NAN","NAN",11.268
"2026-03-10 15:30:00",49546,1.6,6.31,0.33,0.27,"NAN","NAN","NAN","NAN",11.374
"2026-03-10 15:40:00",49547,2.52,10,0.27,0.21,"NAN","NAN","NAN","NAN",11.431
"2026-03-10 15:50:00",49548,2.09,8.28,0.27,0.21,"NAN","NAN","NAN","NAN",11.441
"2026-03-10 16:00:00",49549,3.66,14.6,0.34,0.28,"NAN","NAN","NAN","NAN",10.699
"2026-03-10 16:10:00",49550,2.89,11.48,0.43,0.37,"NAN","NAN","NAN","NAN",11.114
"2026-03-10 16:20:00",49551,1.88,7.41,0.34,0.28,"NAN","NAN","NAN","NAN",11.426
"2026-03-10 16:30:00",49552,2.82,11.22,0.36,0.3,"NAN","NAN","NAN","NAN",10.274
"2026-03-10 16:40:00",49553,2.82,11.2,0.37,0.3,"NAN","NAN","NAN","NAN",9.991
"2026-03-10 16:50:00",49554,2.02,7.97,0.3,0.24,"NAN","NAN","NAN","NAN",9.823
"2026-03-10 17:00:00",49555,1.87,7.38,0.27,0.21,"NAN","NAN","NAN","NAN",9.625
"2026-03-10 17:10:00",49556,2.39,9.47,0.32,0.26,"NAN","NAN","NAN","NAN",9.396
"2026-03-10 17:20:00",49557,2.03,8.04,0.28,0.22,"NAN","NAN","NAN","NAN",9.123
"2026-03-10 17:30:00",49558,2.06,8.16,0.32,0.25,"NAN","NAN","NAN","NAN",9.087
"2026-03-10 17:40:00",49559,2.49,9.87,0.41,0.34,"NAN","NAN","NAN","NAN",9.201
"2026-03-10 17:50:00",49560,3.65,14.58,0.49,0.43,"NAN","NAN","NAN","NAN",9.694
"2026-03-10 18:00:00",49561,1.97,7.79,0.28,0.21,"NAN","NAN","NAN","NAN",10.767
"2026-03-10 18:10:00",49562,2.06,8.13,0.26,0.2,"NAN","NAN","NAN","NAN",11.477
"2026-03-10 18:20:00",49563,1.8,7.12,0.29,0.22,"NAN","NAN","NAN","NAN",11.985
"2026-03-10 18:30:00",49564,1.46,5.74,0.23,0.17,"NAN","NAN","NAN","NAN",12.3
"2026-03-10 18:40:00",49565,1.56,6.15,0.23,0.17,"NAN","NAN","NAN","NAN",12.59
"2026-03-10 18:50:00",49566,1.7,6.7,0.23,0.17,"NAN","NAN","NAN","NAN",12.709
"2026-03-10 19:00:00",49567,1.69,6.67,0.24,0.18,"NAN","NAN","NAN","NAN",13.034
"2026-03-10 19:10:00",49568,1.42,5.58,0.26,0.2,"NAN","NAN","NAN","NAN",13.379
"2026-03-10 19:20:00",49569,2.17,8.61,0.34,0.27,"NAN","NAN","NAN","NAN",12.531
"2026-03-10 19:30:00",49570,3.59,14.33,0.32,0.25,"NAN","NAN","NAN","NAN",11.776
"2026-03-10 19:40:00",49571,2.4,9.51,0.36,0.3,"NAN","NAN","NAN","NAN",11.462
"2026-03-10 19:50:00",49572,3.08,12.27,0.34,0.28,"NAN","NAN","NAN","NAN",11.787
"2026-03-10 20:00:00",49573,1.91,7.56,0.3,0.24,"NAN","NAN","NAN","NAN",11.768
"2026-03-10 20:10:00",49574,1.7,6.71,0.28,0.22,"NAN","NAN","NAN","NAN",11.868
"2026-03-10 20:20:00",49575,"NAN","NAN","NAN","NAN","NAN","NAN","NAN","NAN","NAN"
"2026-03-10 20:30:00",49576,1.9,7.52,0.27,0.21,"NAN","NAN","NAN","NAN",12.016
"2026-03-10 20:40:00",49577,1.66,6.54,0.28,0.22,"NAN","NAN","NAN","NAN",12.04
"2026-03-10 20:50:00",49578,2.25,8.9,0.32,0.26,"NAN","NAN","NAN","NAN",12.221
"2026-03-10 21:00:00",49579,2.26,8.96,0.34,0.27,"NAN","NAN","NAN","NAN",12.162
"2026-03-10 21:10:00",49580,2.46,9.76,0.29,0.23,"NAN","NAN","NAN","NAN",11.588
"2026-03-10 21:20:00",49581,2.04,8.060001,0.28,0.22,"NAN","NAN","NAN","NAN",11.38
"2026-03-10 21:30:00",49582,2.06,8.15,0.29,0.23,"NAN","NAN","NAN","NAN",11.344
"2026-03-10 21:40:00",49583,1.69,6.64,0.28,0.22,"NAN","NAN","NAN","NAN",11.319
"2026-03-10 21:50:00",49584,3.11,12.37,0.32,0.26,"NAN","NAN","NAN","NAN",11.477
"2026-03-10 22:00:00",49585,2.23,8.84,0.28,0.22,"NAN","NAN","NAN","NAN",11.203
"2026-03-10 22:10:00",49586,1.88,7.41,0.35,0.28,"NAN","NAN","NAN","NAN",10.958
"2026-03-10 22:20:00",49587,2.85,11.34,0.33,0.27,"NAN","NAN","NAN","NAN",11.053
"2026-03-10 22:30:00",49588,3.92,15.67,0.59,0.53,"NAN","NAN","NAN","NAN",10.663
"2026-03-10 22:40:00",49589,1.93,7.63,0.3,0.23,"NAN","NAN","NAN","NAN",9.985
"2026-03-10 22:50:00",49590,2.41,9.58,0.27,0.21,"NAN","NAN","NAN","NAN",9.794
"2026-03-10 23:00:00",49591,1.7,6.69,0.29,0.23,"NAN","NAN","NAN","NAN",10.261
"2026-03-10 23:10:00",49592,1.86,7.34,0.29,0.23,"NAN","NAN","NAN","NAN",10.189
"2026-03-10 23:20:00",49593,3.18,12.69,0.48,0.41,"NAN","NAN","NAN","NAN",10.301
"2026-03-10 23:30:00",49594,1.77,7,0.26,0.2,"NAN","NAN","NAN","NAN",11.444
"2026-03-10 23:40:00",49595,1.85,7.29,0.28,0.22,"NAN","NAN","NAN","NAN",11.809
"2026-03-10 23:50:00",49596,1.92,7.57,0.3,0.24,"NAN","NAN","NAN","NAN",11.274
"2026-03-11 00:00:00",49597,1.9,7.49,0.27,0.2,"NAN","NAN","NAN","NAN",11.425
"2026-03-11 00:10:00",49598,1.95,7.69,0.27,0.21,"NAN","NAN","NAN","NAN",11.623
"2026-03-11 00:20:00",49599,1.45,5.68,0.24,0.18,"NAN","NAN","NAN","NAN",11.922
"2026-03-11 00:30:00",49600,1.33,5.2,0.26,0.2,"NAN","NAN","NAN","NAN",11.83
"2026-03-11 00:40:00",49601,1.37,5.35,0.26,0.2,"NAN","NAN","NAN","NAN",11.13
"2026-03-11 00:50:00",49602,2.35,9.310001,0.29,0.23,"NAN","NAN","NAN","NAN",10.942
"2026-03-11 01:00:00",49603,3.02,12.01,0.31,0.25,"NAN","NAN","NAN","NAN",11.119
"2026-03-11 01:10:00",49604,1.6,6.32,0.24,0.18,"NAN","NAN","NAN","NAN",10.961
"2026-03-11 01:20:00",49605,1.9,7.53,0.33,0.27,"NAN","NAN","NAN","NAN",11.017
"2026-03-11 01:30:00",49606,2.24,8.89,0.3,0.24,"NAN","NAN","NAN","NAN",10.407
"2026-03-11 01:40:00",49607,2.1,8.32,0.32,0.26,"NAN","NAN","NAN","NAN",10.018
"2026-03-11 01:50:00",49608,2.3,9.11,0.32,0.26,"NAN","NAN","NAN","NAN",10.172
"2026-03-11 02:00:00",49609,1.85,7.32,0.37,0.31,"NAN","NAN","NAN","NAN",10.626
"2026-03-11 02:10:00",49610,1.6,6.28,0.28,0.22,"NAN","NAN","NAN","NAN",10.288
"2026-03-11 02:20:00",49611,1.67,6.59,0.26,0.2,"NAN","NAN","NAN","NAN",10.721
"2026-03-11 02:30:00",49612,1.3,5.08,0.23,0.17,"NAN","NAN","NAN","NAN",10.47
"2026-03-11 02:40:00",49613,2.46,9.78,0.37,0.3,"NAN","NAN","NAN","NAN",9.442
"2026-03-11 02:50:00",49614,2.54,10.1,0.42,0.35,"NAN","NAN","NAN","NAN",9.1
"2026-03-11 03:00:00",49615,3.36,13.39,0.3,0.23,"NAN","NAN","NAN","NAN",9.683
"2026-03-11 03:10:00",49616,2.44,9.689999,0.33,0.27,"NAN","NAN","NAN","NAN",10.185
"2026-03-11 03:20:00",49617,1.76,6.96,0.33,0.27,"NAN","NAN","NAN","NAN",9.905
"2026-03-11 03:30:00",49618,2.02,7.98,0.31,0.25,"NAN","NAN","NAN","NAN",9.898
"2026-03-11 03:40:00",49619,1.63,6.43,0.31,0.25,"NAN","NAN","NAN","NAN",9.684
"2026-03-11 03:50:00",49620,1.6,6.3,0.26,0.2,"NAN","NAN","NAN","NAN",9.682
"2026-03-11 04:00:00",49621,1.45,5.71,0.24,0.18,"NAN","NAN","NAN","NAN",9.743
"2026-03-11 04:10:00",49622,2.54,10.07,0.3,0.24,"NAN","NAN","NAN","NAN",9.609
"2026-03-11 04:20:00",49623,1.51,5.92,0.34,0.28,"NAN","NAN","NAN","NAN",9.838
"2026-03-11 04:30:00",49624,2.04,8.08,0.35,0.29,"NAN","NAN","NAN","NAN",9.817
"2026-03-11 04:40:00",49625,2.23,8.85,0.36,0.3,"NAN","NAN","NAN","NAN",9.504
"2026-03-11 04:50:00",49626,2.72,10.82,0.39,0.32,"NAN","NAN","NAN","NAN",9.553001
"2026-03-11 05:00:00",49627,1.49,5.83,0.28,0.22,"NAN","NAN","NAN","NAN",9.683
"2026-03-11 05:10:00",49628,"NAN","NAN","NAN","NAN","NAN","NAN","NAN","NAN","NAN"
"2026-03-11 05:20:00",49629,1.94,7.67,0.31,0.25,"NAN","NAN","NAN","NAN",9.875
"2026-03-11 05:30:00",49630,1.08,4.2,0.17,0.11,"NAN","NAN","NAN","NAN",9.776
"2026-03-11 05:40:00",49631,1.5,5.9,0.28,0.22,"NAN","NAN","NAN","NAN",9.735
"2026-03-11 05:50:00",49632,2.25,8.9,0.4,0.34,"NAN","NAN","NAN","NAN",9.807
"2026-03-11 06:00:00",49633,1.99,7.87,0.26,0.2,"NAN","NAN","NAN","NAN",9.834
"2026-03-11 06:10:00",49634,1.96,7.75,0.32,0.26,"NAN","NAN","NAN","NAN",9.892
"2026-03-11 06:20:00",49635,1.57,6.17,0.31,0.25,"NAN","NAN","NAN","NAN",9.972
"2026-03-11 06:30:00",49636,1.66,6.55,0.26,0.2,"NAN","NAN","NAN","NAN",10.035
"2026-03-11 06:40:00",49637,5.19,20.77,0.54,0.47,"NAN","NAN","NAN","NAN",10.345
"2026-03-11 06:50:00",49638,5.01,20.07,0.48,0.42,"NAN","NAN","NAN","NAN",10.34
"2026-03-11 07:00:00",49639,3.42,13.65,0.45,0.38,"NAN","NAN","NAN","NAN",10.3
"2026-03-11 07:10:00",49640,1.5,5.88,0.25,0.19,"NAN","NAN","NAN","NAN",10.441
"2026-03-11 07:20:00",49641,2.8,11.16,0.43,0.36,"NAN","NAN","NAN","NAN",10.506
"2026-03-11 07:30:00",49642,2.48,9.86,0.38,0.32,"NAN","NAN","NAN","NAN",10.477
"2026-03-11 07:40:00",49643,1.99,7.87,0.32,0.25,"NAN","NAN","NAN","NAN",10.455
"2026-03-11 07:50:00",49644,2.33,9.24,0.37,0.3,"NAN","NAN","NAN","NAN",10.345
"2026-03-11 08:00:00",49645,2.24,8.86,0.3,0.24,"NAN","NAN","NAN","NAN",10.302
"2026-03-11 08:10:00",49646,2.5,9.93,0.3,0.24,"NAN","NAN","NAN","NAN",10.469
"2026-03-11 08:20:00",49647,2.6,10.31,0.3,0.24,"NAN","NAN","NAN","NAN",10.616
"2026-03-11 08:30:00",49648,2.02,8.01,0.31,0.25,"NAN","NAN","NAN","NAN",10.661
"2026-03-11 08:40:00",49649,1.39,5.46,0.3,0.24,"NAN","NAN","NAN","NAN",10.743
"2026-03-11 08:50:00",49650,1.96,7.76,0.26,0.2,"NAN","NAN","NAN","NAN",10.788
"2026-03-11 09:00:00",49651,2.32,9.21,0.32,0.26,"NAN","NAN","NAN","NAN",10.809
"2026-03-11 09:10:00",49652,5.06,20.28,0.44,0.38,"NAN","NAN","NAN","NAN",10.746
"2026-03-11 09:20:00",49653,3.34,13.31,0.34,0.28,"NAN","NAN","NAN","NAN",10.867
"2026-03-11 09:30:00",49654,4.21,16.84,0.49,0.43,"NAN","NAN","NAN","NAN",10.713
"2026-03-11 09:40:00",49655,1.37,5.36,0.21,0.15,"NAN","NAN","NAN","NAN",10.848
"2026-03-11 09:50:00",49656,6.22,24.95,0.77,0.7,"NAN","NAN","NAN","NAN",10.897
"2026-03-11 10:00:00",49657,3.19,12.7,0.44,0.38,"NAN","NAN","NAN","NAN",10.564
"2026-03-11 10:10:00",49658,1.18,4.6,0.27,0.21,"NAN","NAN","NAN","NAN",10.237
"2026-03-11 10:20:00",49659,1.6,6.29,0.32,0.25,"NAN","NAN","NAN","NAN",10.336
"2026-03-11 10:30:00",49660,1.15,4.5,0.2,0.14,"NAN","NAN","NAN","NAN",10.269
"2026-03-11 10:40:00",49661,0.86,3.29,0.15,0.09,"NAN","NAN","NAN","NAN",10.478
"2026-03-11 10:50:00",49662,1.36,5.34,0.18,0.12,"NAN","NAN","NAN","NAN",10.534
"2026-03-11 11:00:00",49663,1.53,6.02,0.25,0.19,"NAN","NAN","NAN","NAN",10.29
"2026-03-11 11:10:00",49664,2.02,7.99,0.22,0.16,"NAN","NAN","NAN","NAN",9.654
"2026-03-11 11:20:00",49665,1.59,6.27,0.25,0.19,"NAN","NAN","NAN","NAN",9.255
"2026-03-11 11:30:00",49666,5.25,21.01,0.48,0.42,"NAN","NAN","NAN","NAN",9.305
"2026-03-11 11:40:00",49667,2.02,7.98,0.35,0.29,"NAN","NAN","NAN","NAN",9.469
"2026-03-11 11:50:00",49668,2.95,11.76,0.36,0.3,"NAN","NAN","NAN","NAN",9.606
"2026-03-11 12:00:00",49669,3.88,15.51,0.37,0.31,"NAN","NAN","NAN","NAN",9.560001
"2026-03-11 12:10:00",49670,2.47,9.8,0.32,0.26,"NAN","NAN","NAN","NAN",9.585
"2026-03-11 12:20:00",49671,1.64,6.47,0.27,0.21,"NAN","NAN","NAN","NAN",9.582
"2026-03-11 12:30:00",49672,2.29,9.07,0.38,0.31,"NAN","NAN","NAN","NAN",9.895001
"2026-03-11 12:40:00",49673,0.93,3.6,0.18,0.13,"NAN","NAN","NAN","NAN",10.026
"2026-03-11 12:50:00",49674,1.53,5.99,0.23,0.17,"NAN","NAN","NAN","NAN",10.129
"2026-03-11 13:00:00",49675,1.79,7.06,0.28,0.22,"NAN","NAN","NAN","NAN",10.182
"2026-03-11 13:10:00",49676,1.23,4.8,0.2,0.14,"NAN","NAN","NAN","NAN",10.592
"2026-03-11 13:20:00",49677,0.68,2.57,0.11,0.06,"NAN","NAN","NAN","NAN",10.772
"2026-03-11 13:30:00",49678,1.12,4.38,0.22,0.16,"NAN","NAN","NAN","NAN",11.071
"2026-03-11 13:40:00",49679,1.11,4.32,0.19,0.13,"NAN","NAN","NAN","NAN",11.214
"2026-03-11 13:50:00",49680,0.88,3.39,0.14,0.08,"NAN","NAN","NAN","NAN",11.27
"2026-03-11 14:00:00",49681,"NAN","NAN","NAN","NAN","NAN","NAN","NAN","NAN","NAN"
"2026-03-11 14:10:00",49682,1.23,4.81,0.23,0.18,"NAN","NAN","NAN","NAN",12.368
"2026-03-11 14:20:00",49683,0.96,3.72,0.14,0.08,"NAN","NAN","NAN","NAN",12.506
"2026-03-11 14:30:00",49684,0.92,3.54,0.17,0.11,"NAN","NAN","NAN","NAN",12.376
"2026-03-11 14:40:00",49685,1.42,5.56,0.23,0.17,"NAN","NAN","NAN","NAN",11.871
"2026-03-11 14:50:00",49686,1.27,4.98,0.18,0.12,"NAN","NAN","NAN","NAN",11.732
"2026-03-11 15:00:00",49687,1.42,5.58,0.19,0.14,"NAN","NAN","NAN","NAN",11.991
"2026-03-11 15:10:00",49688,1.72,6.78,0.27,0.21,"NAN","NAN","NAN","NAN",12.208
"2026-03-11 15:20:00",49689,1.21,4.74,0.18,0.13,"NAN","NAN","NAN","NAN",12.049
"2026-03-11 15:30:00",49690,1.73,6.84,0.24,0.18,"NAN","NAN","NAN","NAN",11.856
"2026-03-11 15:40:00",49691,1.94,7.68,0.28,0.22,"NAN","NAN","NAN","NAN",11.467
"2026-03-11 15:50:00",49692,3.23,12.87,0.33,0.27,"NAN","NAN","NAN","NAN",11.219
"2026-03-11 16:00:00",49693,4.15,16.58,0.3,0.24,"NAN","NAN","NAN","NAN",10.811
"2026-03-11 16:10:00",49694,1.83,7.21,0.22,0.17,"NAN","NAN","NAN","NAN",10.857
"2026-03-11 16:20:00",49695,2.1,8.33,0.27,0.21,"NAN","NAN","NAN","NAN",10.606
"2026-03-11 16:30:00",49696,1.98,7.82,0.26,0.2,"NAN","NAN","NAN","NAN",10.189
"2026-03-11 16:40:00",49697,1.83,7.23,0.21,0.15,"NAN","NAN","NAN","NAN",10.052
"2026-03-11 16:50:00",49698,2,7.91,0.31,0.25,"NAN","NAN","NAN","NAN",10.063
"2026-03-11 17:00:00",49699,2.57,10.21,0.33,0.27,"NAN","NAN","NAN","NAN",9.176
"2026-03-11 17:10:00",49700,1.94,7.67,0.28,0.22,"NAN","NAN","NAN","NAN",8.942
"2026-03-11 17:20:00",49701,3.22,12.84,0.47,0.41,"NAN","NAN","NAN","NAN",8.957
"2026-03-11 17:30:00",49702,5.51,22.07,0.35,0.28,"NAN","NAN","NAN","NAN",8.773
"2026-03-11 17:40:00",49703,2.95,11.74,0.44,0.38,"NAN","NAN","NAN","NAN",8.578
"2026-03-11 17:50:00",49704,2.52,10.02,0.43,0.36,"NAN","NAN","NAN","NAN",8.163999
"2026-03-11 18:00:00",49705,2.02,7.97,0.36,0.29,"NAN","NAN","NAN","NAN",7.575
"2026-03-11 18:10:00",49706,2.34,9.270001,0.36,0.29,"NAN","NAN","NAN","NAN",9.201
"2026-03-11 18:20:00",49707,1.88,7.44,0.31,0.25,"NAN","NAN","NAN","NAN",11.326
"2026-03-11 18:30:00",49708,1.89,7.45,0.28,0.22,"NAN","NAN","NAN","NAN",12.869
"2026-03-11 18:40:00",49709,3.31,13.2,0.31,0.25,"NAN","NAN","NAN","NAN",12.755
"2026-03-11 18:50:00",49710,2.25,8.93,0.32,0.25,"NAN","NAN","NAN","NAN",11.839
"2026-03-11 19:00:00",49711,2.22,8.79,0.4,0.34,"NAN","NAN","NAN","NAN",11.429
"2026-03-11 19:10:00",49712,2.78,11.06,0.31,0.25,"NAN","NAN","NAN","NAN",11.51
"2026-03-11 19:20:00",49713,2.06,8.14,0.32,0.25,"NAN","NAN","NAN","NAN",12.231
"2026-03-11 19:30:00",49714,2.08,8.229999,0.31,0.25,"NAN","NAN","NAN","NAN",12.786
"2026-03-11 19:40:00",49715,2.1,8.32,0.27,0.21,"NAN","NAN","NAN","NAN",13.13
"2026-03-11 19:50:00",49716,2.64,10.51,0.25,0.19,"NAN","NAN","NAN","NAN",13.345
"2026-03-11 20:00:00",49717,2,7.91,0.28,0.22,"NAN","NAN","NAN","NAN",13.961
"2026-03-11 20:10:00",49718,2.05,8.09,0.28,0.22,"NAN","NAN","NAN","NAN",13.868
"2026-03-11 20:20:00",49719,1.8,7.09,0.28,0.22,"NAN","NAN","NAN","NAN",14.056
"2026-03-11 20:30:00",49720,2.34,9.26,0.29,0.22,"NAN","NAN","NAN","NAN",14.277
"2026-03-11 20:40:00",49721,1.72,6.78,0.3,0.24,"NAN","NAN","NAN","NAN",13.852
"2026-03-11 20:50:00",49722,2.16,8.560001,0.26,0.2,"NAN","NAN","NAN","NAN",12.788
"2026-03-11 21:00:00",49723,1.97,7.77,0.32,0.26,"NAN","NAN","NAN","NAN",12.281
"2026-03-11 21:10:00",49724,1.86,7.34,0.3,0.24,"NAN","NAN","NAN","NAN",12.242
"2026-03-11 21:20:00",49725,2.15,8.53,0.35,0.29,"NAN","NAN","NAN","NAN",12.309
"2026-03-11 21:30:00",49726,2.46,9.75,0.3,0.24,"NAN","NAN","NAN","NAN",12.639
"2026-03-11 21:40:00",49727,2.53,10.06,0.27,0.21,"NAN","NAN","NAN","NAN",11.541
"2026-03-11 21:50:00",49728,2.15,8.51,0.28,0.21,"NAN","NAN","NAN","NAN",11.201
"2026-03-11 22:00:00",49729,1.44,5.65,0.23,0.17,"NAN","NAN","NAN","NAN",10.991
"2026-03-11 22:10:00",49730,3.13,12.46,0.43,0.36,"NAN","NAN","NAN","NAN",11.197
"2026-03-11 22:20:00",49731,1.67,6.58,0.31,0.25,"NAN","NAN","NAN","NAN",11.441
"2026-03-11 22:30:00",49732,2.3,9.14,0.34,0.28,"NAN","NAN","NAN","NAN",11.019
"2026-03-11 22:40:00",49733,2.03,8.020001,0.42,0.35,"NAN","NAN","NAN","NAN",10.374
"2026-03-11 22:50:00",49734,"NAN","NAN","NAN","NAN","NAN","NAN","NAN","NAN","NAN"
"2026-03-11 23:00:00",49735,2.8,11.15,0.33,0.27,"NAN","NAN","NAN","NAN",8.945
"2026-03-11 23:10:00",49736,2.51,9.979999,0.38,0.31,"NAN","NAN","NAN","NAN",8.793
"2026-03-11 23:20:00",49737,2.35,9.34,0.34,0.28,"NAN","NAN","NAN","NAN",9.179
"2026-03-11 23:30:00",49738,1.92,7.59,0.29,0.23,"NAN","NAN","NAN","NAN",10.494
"2026-03-11 23:40:00",49739,1.76,6.96,0.29,0.23,"NAN","NAN","NAN","NAN",10.4
"2026-03-11 23:50:00",49740,2.04,8.08,0.27,0.21,"NAN","NAN","NAN","NAN",10.913
"2026-03-12 00:00:00",49741,1.96,7.77,0.3,0.24,"NAN","NAN","NAN","NAN",9.802
"2026-03-12 00:10:00",49742,2.06,8.17,0.3,0.24,"NAN","NAN","NAN","NAN",12.094
"2026-03-12 00:20:00",49743,1.83,7.23,0.3,0.24,"NAN","NAN","NAN","NAN",12.798
"2026-03-12 00:30:00",49744,1.39,5.45,0.28,0.22,"NAN","NAN","NAN","NAN",12.442
"2026-03-12 00:40:00",49745,1.68,6.6,0.24,0.18,"NAN","NAN","NAN","NAN",11.688
"2026-03-12 00:50:00",49746,1.43,5.61,0.32,0.26,"NAN","NAN","NAN","NAN",11.926
"2026-03-12 01:00:00",49747,2.19,8.66,0.29,0.23,"NAN","NAN","NAN","NAN",12.314
"2026-03-12 01:10:00",49748,1.91,7.56,0.26,0.2,"NAN","NAN","NAN","NAN",12.496
"2026-03-12 01:20:00",49749,2.19,8.68,0.42,0.36,"NAN","NAN","NAN","NAN",11.497
"2026-03-12 01:30:00",49750,2.03,8.020001,0.32,0.26,"NAN","NAN","NAN","NAN",10.983
"2026-03-12 01:40:00",49751,2.53,10.04,0.36,0.3,"NAN","NAN","NAN","NAN",11.082
"2026-03-12 01:50:00",49752,2.28,9.05,0.26,0.2,"NAN","NAN","NAN","NAN",11.216
"2026-03-12 02:00:00",49753,2.31,9.16,0.26,0.2,"NAN","NAN","NAN","NAN",12.33
"2026-03-12 02:10:00",49754,1.91,7.57,0.29,0.23,"NAN","NAN","NAN","NAN",13.451
"2026-03-12 02:20:00",49755,1.74,6.85,0.24,0.18,"NAN","NAN","NAN","NAN",12.509
"2026-03-12 02:30:00",49756,1.92,7.6,0.32,0.25,"NAN","NAN","NAN","NAN",13.132
"2026-03-12 02:40:00",49757,3.26,13.01,0.37,0.31,"NAN","NAN","NAN","NAN",11.288
"2026-03-12 02:50:00",49758,4.56,18.25,0.42,0.36,"NAN","NAN","NAN","NAN",10.199
"2026-03-12 03:00:00",49759,2.21,8.75,0.38,0.32,"NAN","NAN","NAN","NAN",10.664
"2026-03-12 03:10:00",49760,2.43,9.65,0.36,0.29,"NAN","NAN","NAN","NAN",9.8
"2026-03-12 03:20:00",49761,1.95,7.69,0.29,0.23,"NAN","NAN","NAN","NAN",10.629
"2026-03-12 03:30:00",49762,2.74,10.91,0.34,0.28,"NAN","NAN","NAN","NAN",10.606
"2026-03-12 03:40:00",49763,2.68,10.64,0.3,0.24,"NAN","NAN","NAN","NAN",11.716
"2026-03-12 03:50:00",49764,2.56,10.17,0.29,0.23,"NAN","NAN","NAN","NAN",10.391
"2026-03-12 04:00:00",49765,2.47,9.83,0.42,0.35,"NAN","NAN","NAN","NAN",10.13
"2026-03-12 04:10:00",49766,5.91,23.68,0.41,0.34,"NAN","NAN","NAN","NAN",10.004
"2026-03-12 04:20:00",49767,1.79,7.05,0.39,0.32,"NAN","NAN","NAN","NAN",9.674
"2026-03-12 04:30:00",49768,1.9,7.52,0.31,0.25,"NAN","NAN","NAN","NAN",10.448
"2026-03-12 04:40:00",49769,1.73,6.81,0.26,0.2,"NAN","NAN","NAN","NAN",11.543
"2026-03-12 04:50:00",49770,1.73,6.8,0.29,0.23,"NAN","NAN","NAN","NAN",14.401
"2026-03-12 05:00:00",49771,1.5,5.88,0.2,0.15,"NAN","NAN","NAN","NAN",15.272
"2026-03-12 05:10:00",49772,1.52,5.99,0.23,0.17,"NAN","NAN","NAN","NAN",15.886
"2026-03-12 05:20:00",49773,1.76,6.93,0.26,0.2,"NAN","NAN","NAN","NAN",16.134
"2026-03-12 05:30:00",49774,1.7,6.68,0.27,0.21,"NAN","NAN","NAN","NAN",16.232
"2026-03-12 05:40:00",49775,1.56,6.14,0.23,0.17,"NAN","NAN","NAN","NAN",16.044
"2026-03-12 05:50:00",49776,1.61,6.32,0.17,0.11,"NAN","NAN","NAN","NAN",15.836
"2026-03-12 06:00:00",49777,2.65,10.53,0.19,0.13,"NAN","NAN","NAN","NAN",15.556
"2026-03-12 06:10:00",49778,1.6,6.28,0.19,0.13,"NAN","NAN","NAN","NAN",15.577
"2026-03-12 06:20:00",49779,1.95,7.73,0.26,0.2,"NAN","NAN","NAN","NAN",15.731
"2026-03-12 06:30:00",49780,2.27,9.020001,0.21,0.15,"NAN","NAN","NAN","NAN",15.468
"2026-03-12 06:40:00",49781,2.65,10.54,0.25,0.19,"NAN","NAN","NAN","NAN",15.608
"2026-03-12 06:50:00",49782,1.66,6.52,0.19,0.13,"NAN","NAN","NAN","NAN",15.445
"2026-03-12 07:00:00",49783,1.91,7.54,0.26,0.2,"NAN","NAN","NAN","NAN",15.322
"2026-03-12 07:10:00",49784,1.73,6.84,0.24,0.18,"NAN","NAN","NAN","NAN",15.381
"2026-03-12 07:20:00",49785,1.61,6.32,0.22,0.16,"NAN","NAN","NAN","NAN",15.402
"2026-03-12 07:30:00",49786,1.59,6.26,0.21,0.15,"NAN","NAN","NAN","NAN",15.308
"2026-03-12 07:40:00",49787,"NAN","NAN","NAN","NAN","NAN","NAN","NAN","NAN","NAN"
"2026-03-12 07:50:00",49788,1.59,6.26,0.24,0.18,"NAN","NAN","NAN","NAN",15.275
"2026-03-12 08:00:00",49789,1.73,6.81,0.25,0.19,"NAN","NAN","NAN","NAN",15.207
"2026-03-12 08:10:00",49790,1.67,6.58,0.21,0.15,"NAN","NAN","NAN","NAN",15.159
"2026-03-12 08:20:00",49791,1.74,6.87,0.23,0.17,"NAN","NAN","NAN","NAN",15.019
"2026-03-12 08:30:00",49792,1.8,7.11,0.22,0.16,"NAN","NAN","NAN","NAN",14.938
"2026-03-12 08:40:00",49793,1.82,7.2,0.23,0.18,"NAN","NAN","NAN","NAN",14.864
"2026-03-12 08:50:00",49794,2.17,8.58,0.25,0.19,"NAN","NAN","NAN","NAN",14.822
"2026-03-12 09:00:00",49795,2.31,9.17,0.23,0.17,"NAN","NAN","NAN","NAN",14.741
"2026-03-12 09:10:00",49796,1.94,7.65,0.24,0.18,"NAN","NAN","NAN","NAN",14.682
"2026-03-12 09:20:00",49797,5.74,22.99,0.27,0.21,"NAN","NAN","NAN","NAN",14.645
"2026-03-12 09:30:00",49798,2.02,8.01,0.24,0.18,"NAN","NAN","NAN","NAN",14.594
"2026-03-12 09:40:00",49799,2.3,9.1,0.25,0.19,"NAN","NAN","NAN","NAN",14.511
"2026-03-12 09:50:00",49800,2.05,8.11,0.23,0.17,"NAN","NAN","NAN","NAN",14.357
"2026-03-12 10:00:00",49801,2.42,9.61,0.27,0.21,"NAN","NAN","NAN","NAN",14.318
"2026-03-12 10:10:00",49802,1.92,7.59,0.22,0.16,"NAN","NAN","NAN","NAN",14.248
"2026-03-12 10:20:00",49803,2.25,8.9,0.27,0.21,"NAN","NAN","NAN","NAN",14.137
"2026-03-12 10:30:00",49804,2,7.91,0.27,0.21,"NAN","NAN","NAN","NAN",13.987
"2026-03-12 10:40:00",49805,1.95,7.7,0.25,0.19,"NAN","NAN","NAN","NAN",13.952
"2026-03-12 10:50:00",49806,1.87,7.38,0.31,0.25,"NAN","NAN","NAN","NAN",13.916
"2026-03-12 11:00:00",49807,2.23,8.82,0.32,0.25,"NAN","NAN","NAN","NAN",13.824
"2026-03-12 11:10:00",49808,2.27,8.99,0.32,0.26,"NAN","NAN","NAN","NAN",13.791
"2026-03-12 11:20:00",49809,2.39,9.47,0.29,0.23,"NAN","NAN","NAN","NAN",13.752
"2026-03-12 11:30:00",49810,2.49,9.9,0.24,0.18,"NAN","NAN","NAN","NAN",13.739
"2026-03-12 11:40:00",49811,2.52,10.01,0.28,0.22,"NAN","NAN","NAN","NAN",13.69
"2026-03-12 11:50:00",49812,1.69,6.67,0.28,0.22,"NAN","NAN","NAN","NAN",13.672
"2026-03-12 12:00:00",49813,2.49,9.9,0.3,0.24,"NAN","NAN","NAN","NAN",13.613
"2026-03-12 12:10:00",49814,2.53,10.04,0.27,0.21,"NAN","NAN","NAN","NAN",13.54
"2026-03-12 12:20:00",49815,2.34,9.26,0.3,0.23,"NAN","NAN","NAN","NAN",13.503
"2026-03-12 12:30:00",49816,2.37,9.41,0.32,0.25,"NAN","NAN","NAN","NAN",13.522
"2026-03-12 12:40:00",49817,2.21,8.770001,0.28,0.22,"NAN","NAN","NAN","NAN",13.476
"2026-03-12 12:50:00",49818,2.25,8.9,0.29,0.23,"NAN","NAN","NAN","NAN",13.443
"2026-03-12 13:00:00",49819,2.33,9.26,0.34,0.28,"NAN","NAN","NAN","NAN",13.492
"2026-03-12 13:10:00",49820,2.29,9.060001,0.29,0.23,"NAN","NAN","NAN","NAN",13.465
"2026-03-12 13:20:00",49821,2.86,11.37,0.37,0.31,"NAN","NAN","NAN","NAN",13.524
"2026-03-12 13:30:00",49822,1.9,7.49,0.35,0.29,"NAN","NAN","NAN","NAN",13.59
"2026-03-12 13:40:00",49823,2.05,8.1,0.29,0.23,"NAN","NAN","NAN","NAN",13.648
"2026-03-12 13:50:00",49824,1.6,6.31,0.35,0.28,"NAN","NAN","NAN","NAN",13.712
"2026-03-12 14:00:00",49825,2.06,8.14,0.3,0.24,"NAN","NAN","NAN","NAN",13.791
"2026-03-12 14:10:00",49826,1.63,6.43,0.27,0.21,"NAN","NAN","NAN","NAN",13.73
"2026-03-12 14:20:00",49827,1.66,6.55,0.28,0.22,"NAN","NAN","NAN","NAN",13.824
"2026-03-12 14:30:00",49828,2.1,8.3,0.28,0.22,"NAN","NAN","NAN","NAN",13.82
"2026-03-12 14:40:00",49829,1.78,7.03,0.28,0.22,"NAN","NAN","NAN","NAN",13.831
"2026-03-12 14:50:00",49830,1.66,6.53,0.26,0.2,"NAN","NAN","NAN","NAN",13.855
"2026-03-12 15:00:00",49831,1.81,7.16,0.28,0.22,"NAN","NAN","NAN","NAN",13.87
"2026-03-12 15:10:00",49832,2,7.9,0.3,0.24,"NAN","NAN","NAN","NAN",13.864
"2026-03-12 15:20:00",49833,1.88,7.42,0.26,0.2,"NAN","NAN","NAN","NAN",13.905
"2026-03-12 15:30:00",49834,2.06,8.16,0.28,0.22,"NAN","NAN","NAN","NAN",13.915
"2026-03-12 15:40:00",49835,3.04,12.09,0.28,0.22,"NAN","NAN","NAN","NAN",13.807
"2026-03-12 15:50:00",49836,1.88,7.41,0.27,0.21,"NAN","NAN","NAN","NAN",13.817
"2026-03-12 16:00:00",49837,2.85,11.35,0.28,0.22,"NAN","NAN","NAN","NAN",13.757
"2026-03-12 16:10:00",49838,2.5,9.939999,0.31,0.24,"NAN","NAN","NAN","NAN",13.636
"2026-03-12 16:20:00",49839,5.73,22.97,0.78,0.7,"NAN","NAN","NAN","NAN",12.995
"2026-03-12 16:30:00",49840,"NAN","NAN","NAN","NAN","NAN","NAN","NAN","NAN","NAN"
"2026-03-12 16:40:00",49841,3.54,14.11,0.3,0.23,"NAN","NAN","NAN","NAN",13.255
"2026-03-12 16:50:00",49842,2.17,8.61,0.25,0.19,"NAN","NAN","NAN","NAN",13.607
"2026-03-12 17:00:00",49843,2.25,8.92,0.28,0.22,"NAN","NAN","NAN","NAN",13.502
"2026-03-12 17:10:00",49844,2.76,10.97,0.32,0.26,"NAN","NAN","NAN","NAN",13.453
"2026-03-12 17:20:00",49845,2.08,8.24,0.25,0.19,"NAN","NAN","NAN","NAN",13.485
"2026-03-12 17:30:00",49846,3.06,12.18,0.27,0.21,"NAN","NAN","NAN","NAN",13.639
"2026-03-12 17:40:00",49847,2.02,7.98,0.24,0.18,"NAN","NAN","NAN","NAN",13.65
"2026-03-12 17:50:00",49848,1.61,6.32,0.31,0.24,"NAN","NAN","NAN","NAN",13.611
"2026-03-12 18:00:00",49849,2.33,9.26,0.3,0.24,"NAN","NAN","NAN","NAN",13.57
"2026-03-12 18:10:00",49850,1.74,6.85,0.3,0.24,"NAN","NAN","NAN","NAN",13.5
"2026-03-12 18:20:00",49851,1.94,7.67,0.29,0.23,"NAN","NAN","NAN","NAN",13.475
"2026-03-12 18:30:00",49852,5.07,20.32,0.3,0.24,"NAN","NAN","NAN","NAN",13.327
"2026-03-12 18:40:00",49853,1.56,6.14,0.35,0.29,"NAN","NAN","NAN","NAN",13.3
"2026-03-12 18:50:00",49854,1.84,7.28,0.24,0.18,"NAN","NAN","NAN","NAN",13.248
"2026-03-12 19:00:00",49855,2.56,10.16,0.31,0.25,"NAN","NAN","NAN","NAN",13.135
"2026-03-12 19:10:00",49856,2.98,11.87,0.28,0.21,"NAN","NAN","NAN","NAN",12.991
"2026-03-12 19:20:00",49857,1.85,7.31,0.35,0.29,"NAN","NAN","NAN","NAN",12.775
"2026-03-12 19:30:00",49858,2.19,8.68,0.38,0.32,"NAN","NAN","NAN","NAN",12.39
"2026-03-12 19:40:00",49859,3.2,12.74,0.36,0.3,"NAN","NAN","NAN","NAN",12.145
"2026-03-12 19:50:00",49860,3.94,15.75,0.38,0.32,"NAN","NAN","NAN","NAN",11.694
"2026-03-12 20:00:00",49861,2.58,10.23,0.36,0.3,"NAN","NAN","NAN","NAN",11.467
"2026-03-12 20:10:00",49862,1.92,7.57,0.26,0.2,"NAN","NAN","NAN","NAN",11.649
"2026-03-12 20:20:00",49863,3.06,12.18,0.45,0.38,"NAN","NAN","NAN","NAN",11.718
"2026-03-12 20:30:00",49864,1.96,7.77,0.31,0.25,"NAN","NAN","NAN","NAN",11.767
"2026-03-12 20:40:00",49865,2.33,9.24,0.35,0.29,"NAN","NAN","NAN","NAN",11.819
"2026-03-12 20:50:00",49866,1.79,7.05,0.31,0.25,"NAN","NAN","NAN","NAN",11.803
"2026-03-12 21:00:00",49867,2.2,8.7,0.27,0.21,"NAN","NAN","NAN","NAN",12.156
"2026-03-12 21:10:00",49868,2.1,8.29,0.31,0.25,"NAN","NAN","NAN","NAN",12.345
"2026-03-12 21:20:00",49869,2.14,8.46,0.28,0.22,"NAN","NAN","NAN","NAN",12.755
"2026-03-12 21:30:00",49870,1.95,7.71,0.29,0.23,"NAN","NAN","NAN","NAN",12.712
"2026-03-12 21:40:00",49871,2.13,8.42,0.38,0.32,"NAN","NAN","NAN","NAN",12.71
"2026-03-12 21:50:00",49872,2.19,8.66,0.32,0.26,"NAN","NAN","NAN","NAN",12.509
"2026-03-12 22:00:00",49873,1.51,5.92,0.24,0.18,"NAN","NAN","NAN","NAN",12.608
"2026-03-12 22:10:00",49874,2.27,8.979999,0.31,0.25,"NAN","NAN","NAN","NAN",12.605
"2026-03-12 22:20:00",49875,2.08,8.24,0.27,0.21,"NAN","NAN","NAN","NAN",12.698
"2026-03-12 22:30:00",49876,2.08,8.229999,0.26,0.2,"NAN","NAN","NAN","NAN",12.631
"2026-03-12 22:40:00",49877,5.44,21.78,0.26,0.2,"NAN","NAN","NAN","NAN",12.591
"2026-03-12 22:50:00",49878,5.15,20.61,0.35,0.28,"NAN","NAN","NAN","NAN",12.489
"2026-03-12 23:00:00",49879,2.15,8.51,0.27,0.21,"NAN","NAN","NAN","NAN",12.516
"2026-03-12 23:10:00",49880,2.23,8.85,0.3,0.24,"NAN","NAN","NAN","NAN",12.47
"2026-03-12 23:20:00",49881,2.07,8.18,0.32,0.25,"NAN","NAN","NAN","NAN",12.503
"2026-03-12 23:30:00",49882,2.3,9.12,0.3,0.24,"NAN","NAN","NAN","NAN",12.463
"2026-03-12 23:40:00",49883,1.68,6.62,0.22,0.16,"NAN","NAN","NAN","NAN",12.472
"2026-03-12 23:50:00",49884,1.83,7.22,0.28,0.22,"NAN","NAN","NAN","NAN",12.37
"2026-03-13 00:00:00",49885,2.05,8.11,0.26,0.2,"NAN","NAN","NAN","NAN",12.241
"2026-03-13 00:10:00",49886,4.55,18.2,0.61,0.54,"NAN","NAN","NAN","NAN",11.38
"2026-03-13 00:20:00",49887,3.67,14.63,0.44,0.38,"NAN","NAN","NAN","NAN",11.285
"2026-03-13 00:30:00",49888,3.29,13.11,0.6,0.53,"NAN","NAN","NAN","NAN",11.32
"2026-03-13 00:40:00",49889,6.25,25.04,0.42,0.36,"NAN","NAN","NAN","NAN",11.813
"2026-03-13 00:50:00",49890,2.47,9.810001,0.68,0.61,"NAN","NAN","NAN","NAN",11.292
"2026-03-13 01:00:00",49891,5.68,22.74,0.98,0.9,"NAN","NAN","NAN","NAN",10.547
"2026-03-13 01:10:00",49892,3.44,13.72,0.88,0.8,"NAN","NAN","NAN","NAN",9.991
"2026-03-13 01:20:00",49893,"NAN","NAN","NAN","NAN","NAN","NAN","NAN","NAN","NAN"
"2026-03-13 01:30:00",49894,5.06,20.26,0.77,0.7,"NAN","NAN","NAN","NAN",9.696999
"2026-03-13 01:40:00",49895,7.39,29.64,1.07,0.99,"NAN","NAN","NAN","NAN",9.66
"2026-03-13 01:50:00",49896,5.87,23.52,0.86,0.79,"NAN","NAN","NAN","NAN",9.607
"2026-03-13 02:00:00",49897,7.88,31.65,0.97,0.9,"NAN","NAN","NAN","NAN",9.614
"2026-03-13 02:10:00",49898,3.89,15.56,0.72,0.65,"NAN","NAN","NAN","NAN",9.724
"2026-03-13 02:20:00",49899,6.44,25.84,0.72,0.65,"NAN","NAN","NAN","NAN",9.706
"2026-03-13 02:30:00",49900,4.21,16.81,0.55,0.48,"NAN","NAN","NAN","NAN",9.67
"2026-03-13 02:40:00",49901,6.34,25.41,0.53,0.46,"NAN","NAN","NAN","NAN",9.489
"2026-03-13 02:50:00",49902,3.09,12.33,0.56,0.49,"NAN","NAN","NAN","NAN",9.677
"2026-03-13 03:00:00",49903,1.64,6.47,0.44,0.38,"NAN","NAN","NAN","NAN",9.642
"2026-03-13 03:10:00",49904,3.02,12.02,0.36,0.3,"NAN","NAN","NAN","NAN",9.629
"2026-03-13 03:20:00",49905,6.12,24.54,0.78,0.7,"NAN","NAN","NAN","NAN",9.679
"2026-03-13 03:30:00",49906,5,20.03,0.92,0.84,"NAN","NAN","NAN","NAN",9.663
"2026-03-13 03:40:00",49907,7.77,31.17,0.55,0.48,"NAN","NAN","NAN","NAN",9.569
"2026-03-13 03:50:00",49908,4.76,19.03,0.7,0.63,"NAN","NAN","NAN","NAN",9.560001
"2026-03-13 04:00:00",49909,1.56,6.15,0.25,0.19,"NAN","NAN","NAN","NAN",9.589
"2026-03-13 04:10:00",49910,7.6,30.51,0.95,0.87,"NAN","NAN","NAN","NAN",9.663
"2026-03-13 04:20:00",49911,4.37,17.46,0.55,0.48,"NAN","NAN","NAN","NAN",9.642
"2026-03-13 04:30:00",49912,7.67,30.81,0.78,0.71,"NAN","NAN","NAN","NAN",9.564999
"2026-03-13 04:40:00",49913,2.88,11.48,0.61,0.54,"NAN","NAN","NAN","NAN",9.549
"2026-03-13 04:50:00",49914,2.64,10.5,0.47,0.4,"NAN","NAN","NAN","NAN",9.633
"2026-03-13 05:00:00",49915,5.01,20.06,0.6,0.53,"NAN","NAN","NAN","NAN",9.681
"2026-03-13 05:10:00",49916,5.24,20.99,0.5,0.44,"NAN","NAN","NAN","NAN",9.743
"2026-03-13 05:20:00",49917,1.83,7.22,0.38,0.31,"NAN","NAN","NAN","NAN",9.838
"2026-03-13 05:30:00",49918,2.04,8.08,0.49,0.43,"NAN","NAN","NAN","NAN",9.867
"2026-03-13 05:40:00",49919,4.64,18.57,0.46,0.4,"NAN","NAN","NAN","NAN",9.857
"2026-03-13 05:50:00",49920,2.35,9.33,0.53,0.47,"NAN","NAN","NAN","NAN",9.844
"2026-03-13 06:00:00",49921,1.76,6.93,0.45,0.38,"NAN","NAN","NAN","NAN",9.788
"2026-03-13 06:10:00",49922,2.9,11.56,0.46,0.39,"NAN","NAN","NAN","NAN",9.892
"2026-03-13 06:20:00",49923,2.49,9.88,0.41,0.35,"NAN","NAN","NAN","NAN",9.997
"2026-03-13 06:30:00",49924,2.14,8.46,0.44,0.38,"NAN","NAN","NAN","NAN",9.912
"2026-03-13 06:40:00",49925,2.95,11.73,0.36,0.3,"NAN","NAN","NAN","NAN",9.955
"2026-03-13 06:50:00",49926,3.91,15.62,0.63,0.56,"NAN","NAN","NAN","NAN",9.968001
"2026-03-13 07:00:00",49927,2.7,10.73,0.55,0.48,"NAN","NAN","NAN","NAN",9.882
"2026-03-13 07:10:00",49928,2.01,7.95,0.4,0.33,"NAN","NAN","NAN","NAN",10.008
"2026-03-13 07:20:00",49929,5.9,23.65,0.36,0.3,"NAN","NAN","NAN","NAN",9.769
"2026-03-13 07:30:00",49930,2.56,10.16,0.51,0.45,"NAN","NAN","NAN","NAN",9.777001
"2026-03-13 07:40:00",49931,8.310001,33.35,0.46,0.4,"NAN","NAN","NAN","NAN",9.691
"2026-03-13 07:50:00",49932,3.05,12.13,0.35,0.29,"NAN","NAN","NAN","NAN",9.751001
"2026-03-13 08:00:00",49933,3.15,12.56,0.44,0.37,"NAN","NAN","NAN","NAN",9.754
"2026-03-13 08:10:00",49934,2.01,7.96,0.35,0.29,"NAN","NAN","NAN","NAN",9.677
"2026-03-13 08:20:00",49935,2.84,11.32,0.33,0.27,"NAN","NAN","NAN","NAN",9.595
"2026-03-13 08:30:00",49936,2.34,9.26,0.35,0.29,"NAN","NAN","NAN","NAN",9.623
"2026-03-13 08:40:00",49937,2.59,10.29,0.31,0.25,"NAN","NAN","NAN","NAN",9.561
"2026-03-13 08:50:00",49938,1.89,7.45,0.28,0.22,"NAN","NAN","NAN","NAN",9.439999
"2026-03-13 09:00:00",49939,1.78,7.02,0.22,0.16,"NAN","NAN","NAN","NAN",9.238
"2026-03-13 09:10:00",49940,1.87,7.38,0.29,0.23,"NAN","NAN","NAN","NAN",9.093001
"2026-03-13 09:20:00",49941,1.43,5.63,0.2,0.14,"NAN","NAN","NAN","NAN",8.755
"2026-03-13 09:30:00",49942,1.94,7.68,0.24,0.18,"NAN","NAN","NAN","NAN",8.432
"2026-03-13 09:40:00",49943,1.61,6.32,0.24,0.18,"NAN","NAN","NAN","NAN",8.11
"2026-03-13 09:50:00",49944,1.99,7.87,0.29,0.23,"NAN","NAN","NAN","NAN",7.807
"2026-03-13 10:00:00",49945,1.69,6.67,0.28,0.22,"NAN","NAN","NAN","NAN",7.723
"2026-03-13 10:10:00",49946,"NAN","NAN","NAN","NAN","NAN","NAN","NAN","NAN","NAN"
"2026-03-13 10:20:00",49947,1.76,6.92,0.25,0.19,"NAN","NAN","NAN","NAN",7.354
"2026-03-13 10:30:00",49948,1.88,7.41,0.29,0.23,"NAN","NAN","NAN","NAN",6.973
"2026-03-13 10:40:00",49949,1.6,6.3,0.28,0.22,"NAN","NAN","NAN","NAN",6.9
"2026-03-13 10:50:00",49950,1.73,6.84,0.27,0.21,"NAN","NAN","NAN","NAN",6.859
"2026-03-13 11:00:00",49951,1.42,5.58,0.26,0.2,"NAN","NAN","NAN","NAN",6.793
"2026-03-13 11:10:00",49952,1.9,7.5,0.31,0.25,"NAN","NAN","NAN","NAN",6.756
"2026-03-13 11:20:00",49953,1.61,6.33,0.27,0.21,"NAN","NAN","NAN","NAN",6.755
"2026-03-13 11:30:00",49954,1.61,6.32,0.27,0.21,"NAN","NAN","NAN","NAN",6.779
"2026-03-13 11:40:00",49955,1.41,5.54,0.29,0.23,"NAN","NAN","NAN","NAN",6.808
"2026-03-13 11:50:00",49956,1.68,6.62,0.31,0.25,"NAN","NAN","NAN","NAN",6.836
"2026-03-13 12:00:00",49957,2.49,9.89,0.38,0.32,"NAN","NAN","NAN","NAN",6.757
"2026-03-13 12:10:00",49958,2.9,11.55,0.42,0.35,"NAN","NAN","NAN","NAN",6.791
"2026-03-13 12:20:00",49959,2.14,8.479999,0.34,0.28,"NAN","NAN","NAN","NAN",6.717
"2026-03-13 12:30:00",49960,1.79,7.06,0.32,0.25,"NAN","NAN","NAN","NAN",7.014
"2026-03-13 12:40:00",49961,2.23,8.85,0.33,0.27,"NAN","NAN","NAN","NAN",6.698
"2026-03-13 12:50:00",49962,1.58,6.24,0.32,0.26,"NAN","NAN","NAN","NAN",7.005
"2026-03-13 13:00:00",49963,1.18,4.59,0.24,0.18,"NAN","NAN","NAN","NAN",7.159
"2026-03-13 13:10:00",49964,2.42,9.59,0.29,0.23,"NAN","NAN","NAN","NAN",6.856
"2026-03-13 13:20:00",49965,1.81,7.16,0.33,0.26,"NAN","NAN","NAN","NAN",8.169
"2026-03-13 13:30:00",49966,2.11,8.36,0.32,0.26,"NAN","NAN","NAN","NAN",8.003
"2026-03-13 13:40:00",49967,1.24,4.83,0.27,0.21,"NAN","NAN","NAN","NAN",8.094
"2026-03-13 13:50:00",49968,2.14,8.47,0.27,0.21,"NAN","NAN","NAN","NAN",8.08
"2026-03-13 14:00:00",49969,2.27,9,0.34,0.28,"NAN","NAN","NAN","NAN",7.99
"2026-03-13 14:10:00",49970,2.36,9.36,0.32,0.26,"NAN","NAN","NAN","NAN",8.630999
"2026-03-13 14:20:00",49971,2.51,9.95,0.31,0.25,"NAN","NAN","NAN","NAN",8.566
"2026-03-13 14:30:00",49972,1.75,6.89,0.33,0.27,"NAN","NAN","NAN","NAN",7.909
"2026-03-13 14:40:00",49973,2.31,9.17,0.36,0.3,"NAN","NAN","NAN","NAN",8.595
"2026-03-13 14:50:00",49974,2.37,9.41,0.29,0.23,"NAN","NAN","NAN","NAN",8.943
"2026-03-13 15:00:00",49975,2.26,8.97,0.35,0.29,"NAN","NAN","NAN","NAN",8.883
"2026-03-13 15:10:00",49976,2.32,9.22,0.33,0.27,"NAN","NAN","NAN","NAN",8.696
"2026-03-13 15:20:00",49977,3.61,14.4,0.42,0.36,"NAN","NAN","NAN","NAN",8.571
"2026-03-13 15:30:00",49978,2.4,9.53,0.34,0.27,"NAN","NAN","NAN","NAN",8.873
"2026-03-13 15:40:00",49979,2.3,9.12,0.35,0.29,"NAN","NAN","NAN","NAN",8.748999
"2026-03-13 15:50:00",49980,2.55,10.13,0.39,0.33,"NAN","NAN","NAN","NAN",8.359
"2026-03-13 16:00:00",49981,2.54,10.08,0.34,0.28,"NAN","NAN","NAN","NAN",8.656
"2026-03-13 16:10:00",49982,5.5,22.01,0.43,0.37,"NAN","NAN","NAN","NAN",9.071
"2026-03-13 16:20:00",49983,3.05,12.15,0.5,0.43,"NAN","NAN","NAN","NAN",9.132
"2026-03-13 16:30:00",49984,2.87,11.41,0.43,0.37,"NAN","NAN","NAN","NAN",9.129
"2026-03-13 16:40:00",49985,4.43,17.71,0.42,0.36,"NAN","NAN","NAN","NAN",8.945
"2026-03-13 16:50:00",49986,4.03,16.09,0.42,0.36,"NAN","NAN","NAN","NAN",8.775
"2026-03-13 17:00:00",49987,2.65,10.53,0.37,0.31,"NAN","NAN","NAN","NAN",8.795
"2026-03-13 17:10:00",49988,2.93,11.68,0.5,0.44,"NAN","NAN","NAN","NAN",8.682
"2026-03-13 17:20:00",49989,2.65,10.52,0.48,0.41,"NAN","NAN","NAN","NAN",8.586001
"2026-03-13 17:30:00",49990,5.07,20.29,0.48,0.42,"NAN","NAN","NAN","NAN",8.694
"2026-03-13 17:40:00",49991,2.74,10.88,0.4,0.33,"NAN","NAN","NAN","NAN",8.89
"2026-03-13 17:50:00",49992,2.73,10.86,0.38,0.32,"NAN","NAN","NAN","NAN",9.075
"2026-03-13 18:00:00",49993,2.86,11.37,0.31,0.25,"NAN","NAN","NAN","NAN",9.022
"2026-03-13 18:10:00",49994,3.04,12.12,0.39,0.33,"NAN","NAN","NAN","NAN",8.887
"2026-03-13 18:20:00",49995,3.08,12.28,0.43,0.37,"NAN","NAN","NAN","NAN",8.979
"2026-03-13 18:30:00",49996,6.64,26.62,0.49,0.42,"NAN","NAN","NAN","NAN",8.805
"2026-03-13 18:40:00",49997,4.17,16.68,0.41,0.35,"NAN","NAN","NAN","NAN",8.995
"2026-03-13 18:50:00",49998,1.62,6.36,0.42,0.36,"NAN","NAN","NAN","NAN",9.155
"2026-03-13 19:00:00",49999,"NAN","NAN","NAN","NAN","NAN","NAN","NAN","NAN","NAN"
"2026-03-13 19:10:00",50000,2.17,8.59,0.4,0.34,"NAN","NAN","NAN","NAN",9.283
"2026-03-13 19:20:00",50001,2.05,8.09,0.36,0.3,"NAN","NAN","NAN","NAN",9.174
"2026-03-13 19:30:00",50002,3.38,13.47,0.44,0.38,"NAN","NAN","NAN","NAN",9.143
"2026-03-13 19:40:00",50003,1.89,7.46,0.39,0.33,"NAN","NAN","NAN","NAN",9.275
"2026-03-13 19:50:00",50004,5.14,20.6,0.44,0.38,"NAN","NAN","NAN","NAN",9.344
"2026-03-13 20:00:00",50005,3.4,13.57,0.48,0.41,"NAN","NAN","NAN","NAN",9.418
"2026-03-13 20:10:00",50006,2.21,8.770001,0.41,0.34,"NAN","NAN","NAN","NAN",9.505
"2026-03-13 20:20:00",50007,2.62,10.4,0.42,0.36,"NAN","NAN","NAN","NAN",9.597999
"2026-03-13 20:30:00",50008,2.37,9.4,0.35,0.28,"NAN","NAN","NAN","NAN",9.634
"2026-03-13 20:40:00",50009,2.01,7.97,0.31,0.25,"NAN","NAN","NAN","NAN",9.549
"2026-03-13 20:50:00",50010,2.5,9.939999,0.35,0.29,"NAN","NAN","NAN","NAN",9.625
"2026-03-13 21:00:00",50011,1.83,7.24,0.33,0.27,"NAN","NAN","NAN","NAN",9.645001
"2026-03-13 21:10:00",50012,3.46,13.8,0.52,0.45,"NAN","NAN","NAN","NAN",9.701
"2026-03-13 21:20:00",50013,2.83,11.24,0.41,0.34,"NAN","NAN","NAN","NAN",9.7
"2026-03-13 21:30:00",50014,1.73,6.8,0.36,0.3,"NAN","NAN","NAN","NAN",9.687
"2026-03-13 21:40:00",50015,4.08,16.3,0.38,0.32,"NAN","NAN","NAN","NAN",9.708
"2026-03-13 21:50:00",50016,1.81,7.16,0.26,0.2,"NAN","NAN","NAN","NAN",9.692
"2026-03-13 22:00:00",50017,2.32,9.22,0.6,0.53,"NAN","NAN","NAN","NAN",9.722
"2026-03-13 22:10:00",50018,2.44,9.7,0.34,0.28,"NAN","NAN","NAN","NAN",9.766
"2026-03-13 22:20:00",50019,3.15,12.54,0.54,0.47,"NAN","NAN","NAN","NAN",9.801
"2026-03-13 22:30:00",50020,1.99,7.88,0.38,0.32,"NAN","NAN","NAN","NAN",9.857
"2026-03-13 22:40:00",50021,2.19,8.689999,0.38,0.32,"NAN","NAN","NAN","NAN",9.893
"2026-03-13 22:50:00",50022,2.18,8.64,0.34,0.28,"NAN","NAN","NAN","NAN",9.873999
"2026-03-13 23:00:00",50023,3.32,13.22,0.35,0.29,"NAN","NAN","NAN","NAN",9.913999
"2026-03-13 23:10:00",50024,2.59,10.29,0.39,0.32,"NAN","NAN","NAN","NAN",9.912
"2026-03-13 23:20:00",50025,1.95,7.73,0.34,0.27,"NAN","NAN","NAN","NAN",9.894
"2026-03-13 23:30:00",50026,2.11,8.36,0.44,0.38,"NAN","NAN","NAN","NAN",9.944
"2026-03-13 23:40:00",50027,1.96,7.75,0.31,0.25,"NAN","NAN","NAN","NAN",9.899
"2026-03-13 23:50:00",50028,2.73,10.87,0.51,0.44,"NAN","NAN","NAN","NAN",9.938
"2026-03-14 00:00:00",50029,3.51,13.98,0.45,0.39,"NAN","NAN","NAN","NAN",9.918
"2026-03-14 00:10:00",50030,2.41,9.58,0.42,0.36,"NAN","NAN","NAN","NAN",9.932
"2026-03-14 00:20:00",50031,3.11,12.39,0.38,0.32,"NAN","NAN","NAN","NAN",9.954001
"2026-03-14 00:30:00",50032,1.83,7.23,0.26,0.2,"NAN","NAN","NAN","NAN",9.937
"2026-03-14 00:40:00",50033,2.77,11.01,0.37,0.3,"NAN","NAN","NAN","NAN",9.929
"2026-03-14 00:50:00",50034,2.32,9.22,0.37,0.3,"NAN","NAN","NAN","NAN",9.946
"2026-03-14 01:00:00",50035,2.18,8.66,0.37,0.31,"NAN","NAN","NAN","NAN",9.936
"2026-03-14 01:10:00",50036,1.72,6.79,0.33,0.27,"NAN","NAN","NAN","NAN",9.922
"2026-03-14 01:20:00",50037,2.57,10.19,0.27,0.21,"NAN","NAN","NAN","NAN",9.945
"2026-03-14 01:30:00",50038,2.63,10.44,0.29,0.22,"NAN","NAN","NAN","NAN",9.939999
"2026-03-14 01:40:00",50039,2.54,10.07,0.35,0.29,"NAN","NAN","NAN","NAN",9.939
"2026-03-14 01:50:00",50040,1.89,7.47,0.29,0.23,"NAN","NAN","NAN","NAN",9.909
"2026-03-14 02:00:00",50041,2.15,8.51,0.36,0.29,"NAN","NAN","NAN","NAN",9.865
"2026-03-14 02:10:00",50042,2.3,9.1,0.27,0.21,"NAN","NAN","NAN","NAN",9.878
"2026-03-14 02:20:00",50043,1.69,6.64,0.38,0.32,"NAN","NAN","NAN","NAN",9.841
"2026-03-14 02:30:00",50044,1.86,7.36,0.31,0.25,"NAN","NAN","NAN","NAN",9.821999
"2026-03-14 02:40:00",50045,3.87,15.46,0.34,0.28,"NAN","NAN","NAN","NAN",9.787
"2026-03-14 02:50:00",50046,2.16,8.57,0.25,0.19,"NAN","NAN","NAN","NAN",9.844
"2026-03-14 03:00:00",50047,2.08,8.24,0.32,0.26,"NAN","NAN","NAN","NAN",9.809
"2026-03-14 03:10:00",50048,5.72,22.94,0.36,0.29,"NAN","NAN","NAN","NAN",9.748
"2026-03-14 03:20:00",50049,1.48,5.83,0.29,0.22,"NAN","NAN","NAN","NAN",9.772
"2026-03-14 03:30:00",50050,3.22,12.84,0.33,0.27,"NAN","NAN","NAN","NAN",9.755
"2026-03-14 03:40:00",50051,1.7,6.7,0.33,0.27,"NAN","NAN","NAN","NAN",9.766
"2026-03-14 03:50:00",50052,"NAN","NAN","NAN","NAN","NAN","NAN","NAN","NAN","NAN"
"2026-03-14 04:00:00",50053,1.85,7.31,0.29,0.23,"NAN","NAN","NAN","NAN",9.737001
"2026-03-14 04:10:00",50054,1.98,7.84,0.31,0.25,"NAN","NAN","NAN","NAN",9.7
"2026-03-14 04:20:00",50055,2.39,9.46,0.33,0.27,"NAN","NAN","NAN","NAN",9.722
"2026-03-14 04:30:00",50056,5.59,22.39,0.31,0.24,"NAN","NAN","NAN","NAN",9.717
"2026-03-14 04:40:00",50057,1.67,6.56,0.32,0.25,"NAN","NAN","NAN","NAN",9.708
"2026-03-14 04:50:00",50058,2.37,9.39,0.43,0.36,"NAN","NAN","NAN","NAN",9.677
"2026-03-14 05:00:00",50059,2.88,11.48,0.38,0.32,"NAN","NAN","NAN","NAN",9.681
"2026-03-14 05:10:00",50060,2.28,9.03,0.31,0.25,"NAN","NAN","NAN","NAN",9.68
"2026-03-14 05:20:00",50061,2.39,9.47,0.34,0.28,"NAN","NAN","NAN","NAN",9.662
"2026-03-14 05:30:00",50062,2.18,8.65,0.31,0.25,"NAN","NAN","NAN","NAN",9.643
"2026-03-14 05:40:00",50063,2.2,8.71,0.32,0.25,"NAN","NAN","NAN","NAN",9.653
"2026-03-14 05:50:00",50064,2.12,8.4,0.3,0.24,"NAN","NAN","NAN","NAN",9.639
"2026-03-14 06:00:00",50065,2.22,8.8,0.35,0.29,"NAN","NAN","NAN","NAN",9.651
"2026-03-14 06:10:00",50066,2.19,8.66,0.3,0.24,"NAN","NAN","NAN","NAN",9.648
"2026-03-14 06:20:00",50067,2.97,11.83,0.35,0.29,"NAN","NAN","NAN","NAN",9.623
"2026-03-14 06:30:00",50068,1.59,6.25,0.34,0.27,"NAN","NAN","NAN","NAN",9.59
"2026-03-14 06:40:00",50069,2.74,10.9,0.32,0.26,"NAN","NAN","NAN","NAN",9.618
"2026-03-14 06:50:00",50070,2.1,8.33,0.34,0.28,"NAN","NAN","NAN","NAN",9.622
"2026-03-14 07:00:00",50071,2.66,10.59,0.37,0.31,"NAN","NAN","NAN","NAN",9.591
"2026-03-14 07:10:00",50072,2.67,10.63,0.25,0.19,"NAN","NAN","NAN","NAN",9.604999
"2026-03-14 07:20:00",50073,3.36,13.41,0.3,0.24,"NAN","NAN","NAN","NAN",9.591
"2026-03-14 07:30:00",50074,1.87,7.38,0.31,0.25,"NAN","NAN","NAN","NAN",9.575
"2026-03-14 07:40:00",50075,2.3,9.11,0.4,0.33,"NAN","NAN","NAN","NAN",9.545999
"2026-03-14 07:50:00",50076,1.98,7.85,0.34,0.28,"NAN","NAN","NAN","NAN",9.54
"2026-03-14 08:00:00",50077,2.25,8.93,0.34,0.28,"NAN","NAN","NAN","NAN",9.528
"2026-03-14 08:10:00",50078,2.37,9.42,0.32,0.26,"NAN","NAN","NAN","NAN",9.527001
"2026-03-14 08:20:00",50079,1.96,7.76,0.33,0.26,"NAN","NAN","NAN","NAN",9.518
"2026-03-14 08:30:00",50080,2.53,10.04,0.33,0.27,"NAN","NAN","NAN","NAN",9.517
"2026-03-14 08:40:00",50081,2.52,10,0.33,0.26,"NAN","NAN","NAN","NAN",9.514
"2026-03-14 08:50:00",50082,3.14,12.51,0.29,0.22,"NAN","NAN","NAN","NAN",9.51
"2026-03-14 09:00:00",50083,2.77,11.02,0.37,0.31,"NAN","NAN","NAN","NAN",9.520001
"2026-03-14 09:10:00",50084,1.79,7.07,0.35,0.29,"NAN","NAN","NAN","NAN",9.531999
"2026-03-14 09:20:00",50085,2.58,10.27,0.33,0.26,"NAN","NAN","NAN","NAN",9.545999
"2026-03-14 09:30:00",50086,2.07,8.2,0.37,0.31,"NAN","NAN","NAN","NAN",9.534
"2026-03-14 09:40:00",50087,2.96,11.8,0.34,0.28,"NAN","NAN","NAN","NAN",9.545999
"2026-03-14 09:50:00",50088,2.17,8.61,0.27,0.21,"NAN","NAN","NAN","NAN",9.538999
"2026-03-14 10:00:00",50089,2.82,11.21,0.32,0.26,"NAN","NAN","NAN","NAN",9.54
"2026-03-14 10:10:00",50090,2.42,9.6,0.32,0.26,"NAN","NAN","NAN","NAN",9.555
"2026-03-14 10:20:00",50091,2.59,10.28,0.32,0.26,"NAN","NAN","NAN","NAN",9.547
"2026-03-14 10:30:00",50092,1.46,5.72,0.23,0.17,"NAN","NAN","NAN","NAN",9.554
"2026-03-14 10:40:00",50093,2.3,9.14,0.31,0.25,"NAN","NAN","NAN","NAN",9.562
"2026-03-14 10:50:00",50094,6.3,25.24,0.34,0.28,"NAN","NAN","NAN","NAN",9.543
"2026-03-14 11:00:00",50095,2.37,9.41,0.37,0.31,"NAN","NAN","NAN","NAN",9.554
"2026-03-14 11:10:00",50096,2.19,8.689999,0.38,0.32,"NAN","NAN","NAN","NAN",9.543
"2026-03-14 11:20:00",50097,4.02,16.05,0.34,0.28,"NAN","NAN","NAN","NAN",9.567
"2026-03-14 11:30:00",50098,2.86,11.38,0.4,0.34,"NAN","NAN","NAN","NAN",9.592
"2026-03-14 11:40:00",50099,1.94,7.66,0.38,0.32,"NAN","NAN","NAN","NAN",9.65
"2026-03-14 11:50:00",50100,3.1,12.33,0.43,0.37,"NAN","NAN","NAN","NAN",9.662
"2026-03-14 12:00:00",50101,2.53,10.05,0.33,0.27,"NAN","NAN","NAN","NAN",9.735
"2026-03-14 12:10:00",50102,3.68,14.71,0.45,0.38,"NAN","NAN","NAN","NAN",9.698
"2026-03-14 12:20:00",50103,2.05,8.12,0.39,0.32,"NAN","NAN","NAN","NAN",9.568
"2026-03-14 12:30:00",50104,2.71,10.79,0.32,0.26,"NAN","NAN","NAN","NAN",9.616
"2026-03-14 12:40:00",50105,"NAN","NAN","NAN","NAN","NAN","NAN","NAN","NAN","NAN"
"2026-03-14 12:50:00",50106,1.92,7.61,0.37,0.31,"NAN","NAN","NAN","NAN",9.604999
"2026-03-14 13:00:00",50107,2.47,9.82,0.33,0.27,"NAN","NAN","NAN","NAN",9.885
"2026-03-14 13:10:00",50108,1.94,7.69,0.29,0.23,"NAN","NAN","NAN","NAN",9.972
"2026-03-14 13:20:00",50109,2.66,10.58,0.47,0.41,"NAN","NAN","NAN","NAN",9.953
"2026-03-14 13:30:00",50110,2.18,8.64,0.42,0.36,"NAN","NAN","NAN","NAN",9.979999
"2026-03-14 13:40:00",50111,4.74,18.97,0.6,0.53,"NAN","NAN","NAN","NAN",9.702
"2026-03-14 13:50:00",50112,7.05,28.3,0.54,0.47,"NAN","NAN","NAN","NAN",9.528
"2026-03-14 14:00:00",50113,3.22,12.84,0.38,0.32,"NAN","NAN","NAN","NAN",9.612001
"2026-03-14 14:10:00",50114,4.18,16.71,0.57,0.51,"NAN","NAN","NAN","NAN",9.669
"2026-03-14 14:20:00",50115,2.22,8.810001,0.31,0.24,"NAN","NAN","NAN","NAN",9.869001
"2026-03-14 14:30:00",50116,2.11,8.35,0.3,0.24,"NAN","NAN","NAN","NAN",10.152
"2026-03-14 14:40:00",50117,5.02,20.08,0.62,0.55,"NAN","NAN","NAN","NAN",10.013
"2026-03-14 14:50:00",50118,4.38,17.53,0.47,0.41,"NAN","NAN","NAN","NAN",9.812
"2026-03-14 15:00:00",50119,5.14,20.59,0.52,0.45,"NAN","NAN","NAN","NAN",9.829001
"2026-03-14 15:10:00",50120,5.12,20.49,0.56,0.5,"NAN","NAN","NAN","NAN",9.688
"2026-03-14 15:20:00",50121,3.13,12.49,0.53,0.46,"NAN","NAN","NAN","NAN",9.696999
"2026-03-14 15:30:00",50122,6.51,26.11,0.48,0.41,"NAN","NAN","NAN","NAN",9.758
"2026-03-14 15:40:00",50123,2.08,8.22,0.31,0.25,"NAN","NAN","NAN","NAN",9.784
"2026-03-14 15:50:00",50124,3.93,15.69,0.45,0.39,"NAN","NAN","NAN","NAN",9.777001
"2026-03-14 16:00:00",50125,2.05,8.1,0.33,0.27,"NAN","NAN","NAN","NAN",9.777001
"2026-03-14 16:10:00",50126,3.58,14.3,0.57,0.5,"NAN","NAN","NAN","NAN",9.735
"2026-03-14 16:20:00",50127,5.18,20.75,0.56,0.5,"NAN","NAN","NAN","NAN",9.725
"2026-03-14 16:30:00",50128,3.15,12.54,0.43,0.37,"NAN","NAN","NAN","NAN",9.681
"2026-03-14 16:40:00",50129,4.15,16.6,0.55,0.49,"NAN","NAN","NAN","NAN",9.683
"2026-03-14 16:50:00",50130,4.86,19.44,0.66,0.59,"NAN","NAN","NAN","NAN",9.699
"2026-03-14 17:00:00",50131,1.12,4.35,0.16,0.11,"NAN","NAN","NAN","NAN",9.722
"2026-03-14 17:10:00",50132,1.98,7.83,0.28,0.22,"NAN","NAN","NAN","NAN",9.74
"2026-03-14 17:20:00",50133,2.95,11.73,0.59,0.52,"NAN","NAN","NAN","NAN",9.76
"2026-03-14 17:30:00",50134,3.14,12.49,0.43,0.37,"NAN","NAN","NAN","NAN",9.764
"2026-03-14 17:40:00",50135,2.8,11.12,0.41,0.34,"NAN","NAN","NAN","NAN",9.751001
"2026-03-14 17:50:00",50136,2.54,10.1,0.29,0.23,"NAN","NAN","NAN","NAN",9.762
"2026-03-14 18:00:00",50137,2.52,10.03,0.51,0.44,"NAN","NAN","NAN","NAN",9.814999
"2026-03-14 18:10:00",50138,2.14,8.46,0.55,0.48,"NAN","NAN","NAN","NAN",9.854999
"2026-03-14 18:20:00",50139,2.83,11.27,0.41,0.34,"NAN","NAN","NAN","NAN",9.862001
"2026-03-14 18:30:00",50140,3.25,12.94,0.5,0.43,"NAN","NAN","NAN","NAN",9.839
"2026-03-14 18:40:00",50141,7.79,31.27,0.53,0.47,"NAN","NAN","NAN","NAN",9.781
"2026-03-14 18:50:00",50142,2.73,10.84,0.41,0.34,"NAN","NAN","NAN","NAN",9.880999
"2026-03-14 19:00:00",50143,4.2,16.79,0.58,0.51,"NAN","NAN","NAN","NAN",9.922
"2026-03-14 19:10:00",50144,2.54,10.1,0.44,0.37,"NAN","NAN","NAN","NAN",9.972
"2026-03-14 19:20:00",50145,3.22,12.84,0.43,0.36,"NAN","NAN","NAN","NAN",9.968001
"2026-03-14 19:30:00",50146,3.85,15.39,0.41,0.35,"NAN","NAN","NAN","NAN",9.992
"2026-03-14 19:40:00",50147,3.38,13.49,0.55,0.48,"NAN","NAN","NAN","NAN",9.995
"2026-03-14 19:50:00",50148,1.79,7.05,0.25,0.19,"NAN","NAN","NAN","NAN",10.068
"2026-03-14 20:00:00",50149,1.9,7.53,0.51,0.45,"NAN","NAN","NAN","NAN",10.033
"2026-03-14 20:10:00",50150,6.47,25.96,0.47,0.41,"NAN","NAN","NAN","NAN",10.041
"2026-03-14 20:20:00",50151,2.94,11.69,0.29,0.23,"NAN","NAN","NAN","NAN",10.262
"2026-03-14 20:30:00",50152,1.58,6.22,0.26,0.2,"NAN","NAN","NAN","NAN",10.286
"2026-03-14 20:40:00",50153,1.77,6.98,0.28,0.22,"NAN","NAN","NAN","NAN",10.326
"2026-03-14 20:50:00",50154,2.46,9.770001,0.36,0.3,"NAN","NAN","NAN","NAN",10.167
"2026-03-14 21:00:00",50155,2.43,9.63,0.44,0.38,"NAN","NAN","NAN","NAN",10.128
"2026-03-14 21:10:00",50156,2.32,9.21,0.33,0.27,"NAN","NAN","NAN","NAN",10.155
"2026-03-14 21:20:00",50157,3.74,14.93,0.55,0.48,"NAN","NAN","NAN","NAN",10.165
"2026-03-14 21:30:00",50158,"NAN","NAN","NAN","NAN","NAN","NAN","NAN","NAN","NAN"
"2026-03-14 21:40:00",50159,2.19,8.67,0.29,0.23,"NAN","NAN","NAN","NAN",10.233
"2026-03-14 21:50:00",50160,1.95,7.71,0.32,0.26,"NAN","NAN","NAN","NAN",10.239
"2026-03-14 22:00:00",50161,2.46,9.770001,0.37,0.31,"NAN","NAN","NAN","NAN",10.231
"2026-03-14 22:10:00",50162,2.58,10.25,0.4,0.33,"NAN","NAN","NAN","NAN",10.217
"2026-03-14 22:20:00",50163,1.77,6.99,0.33,0.27,"NAN","NAN","NAN","NAN",10.223
"2026-03-14 22:30:00",50164,2,7.9,0.32,0.26,"NAN","NAN","NAN","NAN",10.215
"2026-03-14 22:40:00",50165,4.01,16.01,0.35,0.29,"NAN","NAN","NAN","NAN",10.202
"2026-03-14 22:50:00",50166,1.44,5.66,0.25,0.19,"NAN","NAN","NAN","NAN",10.197
"2026-03-14 23:00:00",50167,2.34,9.29,0.31,0.25,"NAN","NAN","NAN","NAN",10.217
"2026-03-14 23:10:00",50168,2.19,8.689999,0.28,0.22,"NAN","NAN","NAN","NAN",10.245
"2026-03-14 23:20:00",50169,1.68,6.61,0.31,0.25,"NAN","NAN","NAN","NAN",10.234
"2026-03-14 23:30:00",50170,1.61,6.33,0.3,0.24,"NAN","NAN","NAN","NAN",10.236
"2026-03-14 23:40:00",50171,2.49,9.88,0.39,0.32,"NAN","NAN","NAN","NAN",10.21
"2026-03-14 23:50:00",50172,1.8,7.1,0.39,0.32,"NAN","NAN","NAN","NAN",10.201
"2026-03-15 00:00:00",50173,1.87,7.4,0.31,0.25,"NAN","NAN","NAN","NAN",10.167
"2026-03-15 00:10:00",50174,2.22,8.8,0.33,0.27,"NAN","NAN","NAN","NAN",10.173
"2026-03-15 00:20:00",50175,2.03,8.04,0.33,0.27,"NAN","NAN","NAN","NAN",10.187
"2026-03-15 00:30:00",50176,1.9,7.49,0.31,0.25,"NAN","NAN","NAN","NAN",10.17
"2026-03-15 00:40:00",50177,2.05,8.12,0.33,0.26,"NAN","NAN","NAN","NAN",10.16
"2026-03-15 00:50:00",50178,2.53,10.07,0.32,0.26,"NAN","NAN","NAN","NAN",10.149
"2026-03-15 01:00:00",50179,1.45,5.68,0.21,0.15,"NAN","NAN","NAN","NAN",10.144
"2026-03-15 01:10:00",50180,1.93,7.63,0.28,0.22,"NAN","NAN","NAN","NAN",10.144
"2026-03-15 01:20:00",50181,2.61,10.39,0.3,0.24,"NAN","NAN","NAN","NAN",10.127
"2026-03-15 01:30:00",50182,1.7,6.71,0.29,0.23,"NAN","NAN","NAN","NAN",10.117
"2026-03-15 01:40:00",50183,2.03,8.05,0.3,0.24,"NAN","NAN","NAN","NAN",10.12
"2026-03-15 01:50:00",50184,1.67,6.59,0.25,0.19,"NAN","NAN","NAN","NAN",10.094
"2026-03-15 02:00:00",50185,2.04,8.09,0.31,0.25,"NAN","NAN","NAN","NAN",10.08
"2026-03-15 02:10:00",50186,1.82,7.2,0.27,0.21,"NAN","NAN","NAN","NAN",10.098
"2026-03-15 02:20:00",50187,1.78,7.02,0.25,0.19,"NAN","NAN","NAN","NAN",10.101
"2026-03-15 02:30:00",50188,4.08,16.31,0.35,0.29,"NAN","NAN","NAN","NAN",10.084
"2026-03-15 02:40:00",50189,3.71,14.82,0.3,0.24,"NAN","NAN","NAN","NAN",10.075
"2026-03-15 02:50:00",50190,1.84,7.26,0.29,0.22,"NAN","NAN","NAN","NAN",10.069
"2026-03-15 03:00:00",50191,1.86,7.34,0.32,0.26,"NAN","NAN","NAN","NAN",10.059
"2026-03-15 03:10:00",50192,3.12,12.45,0.51,0.44,"NAN","NAN","NAN","NAN",10.05
"2026-03-15 03:20:00",50193,2.26,8.939999,0.45,0.38,"NAN","NAN","NAN","NAN",10.055
"2026-03-15 03:30:00",50194,1.93,7.63,0.33,0.27,"NAN","NAN","NAN","NAN",10.042
"2026-03-15 03:40:00",50195,2.15,8.53,0.32,0.26,"NAN","NAN","NAN","NAN",10.036
"2026-03-15 03:50:00",50196,1.83,7.21,0.31,0.25,"NAN","NAN","NAN","NAN",10.043
"2026-03-15 04:00:00",50197,2.51,9.97,0.38,0.32,"NAN","NAN","NAN","NAN",10.038
"2026-03-15 04:10:00",50198,2.37,9.4,0.39,0.32,"NAN","NAN","NAN","NAN",10.033
"2026-03-15 04:20:00",50199,2.59,10.3,0.39,0.33,"NAN","NAN","NAN","NAN",10.021
"2026-03-15 04:30:00",50200,1.65,6.52,0.3,0.24,"NAN","NAN","NAN","NAN",10.006
"2026-03-15 04:40:00",50201,3.4,13.54,0.29,0.23,"NAN","NAN","NAN","NAN",9.997
"2026-03-15 04:50:00",50202,2.26,8.96,0.29,0.23,"NAN","NAN","NAN","NAN",9.998
"2026-03-15 05:00:00",50203,3.04,12.1,0.38,0.32,"NAN","NAN","NAN","NAN",9.987001
"2026-03-15 05:10:00",50204,2.13,8.439999,0.32,0.26,"NAN","NAN","NAN","NAN",9.972
"2026-03-15 05:20:00",50205,2.24,8.87,0.35,0.29,"NAN","NAN","NAN","NAN",9.97
"2026-03-15 05:30:00",50206,2.05,8.1,0.28,0.22,"NAN","NAN","NAN","NAN",9.957
"2026-03-15 05:40:00",50207,1.68,6.62,0.27,0.21,"NAN","NAN","NAN","NAN",9.963
"2026-03-15 05:50:00",50208,1.99,7.87,0.35,0.29,"NAN","NAN","NAN","NAN",9.946
"2026-03-15 06:00:00",50209,2.34,9.28,0.41,0.35,"NAN","NAN","NAN","NAN",9.922
"2026-03-15 06:10:00",50210,3.37,13.44,0.33,0.27,"NAN","NAN","NAN","NAN",9.912
"2026-03-15 06:20:00",50211,"NAN","NAN","NAN","NAN","NAN","NAN","NAN","NAN","NAN"
"2026-03-15 06:30:00",50212,1.77,6.97,0.31,0.25,"NAN","NAN","NAN","NAN",9.912
"2026-03-15 06:40:00",50213,2.46,9.76,0.29,0.23,"NAN","NAN","NAN","NAN",9.905
"2026-03-15 06:50:00",50214,1.48,5.82,0.24,0.18,"NAN","NAN","NAN","NAN",9.903
"2026-03-15 07:00:00",50215,1.8,7.1,0.31,0.24,"NAN","NAN","NAN","NAN",9.893
"2026-03-15 07:10:00",50216,2.1,8.33,0.3,0.24,"NAN","NAN","NAN","NAN",9.882
"2026-03-15 07:20:00",50217,1.96,7.76,0.29,0.23,"NAN","NAN","NAN","NAN",9.88
"2026-03-15 07:30:00",50218,4.08,16.29,0.44,0.38,"NAN","NAN","NAN","NAN",9.873999
"2026-03-15 07:40:00",50219,2.43,9.63,0.33,0.27,"NAN","NAN","NAN","NAN",9.871
"2026-03-15 07:50:00",50220,4.77,19.1,0.3,0.23,"NAN","NAN","NAN","NAN",9.872
"2026-03-15 08:00:00",50221,2.82,11.22,0.4,0.34,"NAN","NAN","NAN","NAN",9.85
"2026-03-15 08:10:00",50222,2.01,7.95,0.31,0.25,"NAN","NAN","NAN","NAN",9.862001
"2026-03-15 08:20:00",50223,2.53,10.05,0.28,0.22,"NAN","NAN","NAN","NAN",9.857
"2026-03-15 08:30:00",50224,2.09,8.26,0.3,0.24,"NAN","NAN","NAN","NAN",9.877
"2026-03-15 08:40:00",50225,3.2,12.76,0.37,0.3,"NAN","NAN","NAN","NAN",9.883
"2026-03-15 08:50:00",50226,1.91,7.53,0.3,0.23,"NAN","NAN","NAN","NAN",9.879
"2026-03-15 09:00:00",50227,2.46,9.78,0.33,0.26,"NAN","NAN","NAN","NAN",9.873
"2026-03-15 09:10:00",50228,2.29,9.1,0.31,0.25,"NAN","NAN","NAN","NAN",9.894
"2026-03-15 09:20:00",50229,2.3,9.13,0.31,0.25,"NAN","NAN","NAN","NAN",9.868
"2026-03-15 09:30:00",50230,2.15,8.51,0.35,0.29,"NAN","NAN","NAN","NAN",9.856
"2026-03-15 09:40:00",50231,3.11,12.4,0.27,0.21,"NAN","NAN","NAN","NAN",9.862001
"2026-03-15 09:50:00",50232,2.2,8.71,0.32,0.26,"NAN","NAN","NAN","NAN",9.869001
"2026-03-15 10:00:00",50233,1.62,6.36,0.21,0.15,"NAN","NAN","NAN","NAN",9.873999
"2026-03-15 10:10:00",50234,2.54,10.08,0.34,0.28,"NAN","NAN","NAN","NAN",9.884
"2026-03-15 10:20:00",50235,2.25,8.91,0.36,0.3,"NAN","NAN","NAN","NAN",9.887999
"2026-03-15 10:30:00",50236,3.06,12.18,0.46,0.4,"NAN","NAN","NAN","NAN",9.908
"2026-03-15 10:40:00",50237,2.38,9.439999,0.35,0.29,"NAN","NAN","NAN","NAN",9.924
"2026-03-15 10:50:00",50238,3.76,15,0.43,0.37,"NAN","NAN","NAN","NAN",9.915
"2026-03-15 11:00:00",50239,2.61,10.36,0.37,0.3,"NAN","NAN","NAN","NAN",9.931
"2026-03-15 11:10:00",50240,3.79,15.13,0.37,0.31,"NAN","NAN","NAN","NAN",9.923
"2026-03-15 11:20:00",50241,2.77,11.03,0.29,0.23,"NAN","NAN","NAN","NAN",9.906
"2026-03-15 11:30:00",50242,1.38,5.43,0.2,0.14,"NAN","NAN","NAN","NAN",9.917
"2026-03-15 11:40:00",50243,7.44,29.86,0.48,0.42,"NAN","NAN","NAN","NAN",9.922
"2026-03-15 11:50:00",50244,3.07,12.23,0.43,0.37,"NAN","NAN","NAN","NAN",9.935001
"2026-03-15 12:00:00",50245,2.07,8.2,0.34,0.27,"NAN","NAN","NAN","NAN",9.938
"2026-03-15 12:10:00",50246,4.88,19.52,0.42,0.35,"NAN","NAN","NAN","NAN",9.933
"2026-03-15 12:20:00",50247,2.69,10.69,0.36,0.3,"NAN","NAN","NAN","NAN",9.920999
"2026-03-15 12:30:00",50248,1.92,7.61,0.42,0.36,"NAN","NAN","NAN","NAN",9.934
"2026-03-15 12:40:00",50249,2.75,10.95,0.4,0.34,"NAN","NAN","NAN","NAN",9.876001
"2026-03-15 12:50:00",50250,3.43,13.66,0.37,0.3,"NAN","NAN","NAN","NAN",9.867
"2026-03-15 13:00:00",50251,2.36,9.37,0.29,0.23,"NAN","NAN","NAN","NAN",9.875
"2026-03-15 13:10:00",50252,3.98,15.89,0.37,0.3,"NAN","NAN","NAN","NAN",9.875
"2026-03-15 13:20:00",50253,3.75,14.96,0.39,0.33,"NAN","NAN","NAN","NAN",9.896
"2026-03-15 13:30:00",50254,7.64,30.65,0.6,0.53,"NAN","NAN","NAN","NAN",9.91
"2026-03-15 13:40:00",50255,6.37,25.54,0.55,0.48,"NAN","NAN","NAN","NAN",9.902001
"2026-03-15 13:50:00",50256,5.01,20.05,0.56,0.49,"NAN","NAN","NAN","NAN",9.887999
"2026-03-15 14:00:00",50257,5.43,21.77,0.46,0.39,"NAN","NAN","NAN","NAN",9.82
"2026-03-15 14:10:00",50258,7.28,29.22,0.5,0.43,"NAN","NAN","NAN","NAN",9.717
"2026-03-15 14:20:00",50259,9.229999,37.07,0.53,0.46,"NAN","NAN","NAN","NAN",9.788
"2026-03-15 14:30:00",50260,3.5,13.98,0.45,0.39,"NAN","NAN","NAN","NAN",9.768
"2026-03-15 14:40:00",50261,5.91,23.67,0.55,0.48,"NAN","NAN","NAN","NAN",9.793
"2026-03-15 14:50:00",50262,4.46,17.83,0.73,0.66,"NAN","NAN","NAN","NAN",9.807
"2026-03-15 15:00:00",50263,5,20.03,0.57,0.5,"NAN","NAN","NAN","NAN",9.788
"2026-03-15 15:10:00",50264,"NAN","NAN","NAN","NAN","NAN","NAN","NAN","NAN","NAN"
"2026-03-15 15:20:00",50265,5.07,20.31,0.75,0.67,"NAN","NAN","NAN","NAN",9.669
"2026-03-15 15:30:00",50266,6.68,26.8,0.52,0.45,"NAN","NAN","NAN","NAN",9.663
"2026-03-15 15:40:00",50267,7.78,31.25,0.81,0.74,"NAN","NAN","NAN","NAN",9.696
"2026-03-15 15:50:00",50268,4.91,19.63,0.63,0.56,"NAN","NAN","NAN","NAN",9.634
"2026-03-15 16:00:00",50269,9.72,39.07,0.94,0.86,"NAN","NAN","NAN","NAN",9.768
"2026-03-15 16:10:00",50270,6.92,27.77,0.69,0.62,"NAN","NAN","NAN","NAN",9.811
"2026-03-15 16:20:00",50271,4.68,18.71,0.67,0.6,"NAN","NAN","NAN","NAN",9.684
"2026-03-15 16:30:00",50272,5.96,23.88,0.79,0.72,"NAN","NAN","NAN","NAN",9.672
"2026-03-15 16:40:00",50273,4.14,16.54,0.46,0.4,"NAN","NAN","NAN","NAN",9.623
"2026-03-15 16:50:00",50274,6.81,27.32,0.74,0.67,"NAN","NAN","NAN","NAN",9.712
"2026-03-15 17:00:00",50275,6.3,25.26,0.76,0.69,"NAN","NAN","NAN","NAN",9.689
"2026-03-15 17:10:00",50276,6.44,25.84,0.45,0.38,"NAN","NAN","NAN","NAN",9.88
"2026-03-15 17:20:00",50277,6.4,25.66,0.87,0.79,"NAN","NAN","NAN","NAN",9.783
"2026-03-15 17:30:00",50278,5.78,23.15,0.66,0.59,"NAN","NAN","NAN","NAN",9.853
"2026-03-15 17:40:00",50279,3.55,14.16,0.45,0.39,"NAN","NAN","NAN","NAN",9.983
"2026-03-15 17:50:00",50280,4.33,17.31,0.47,0.41,"NAN","NAN","NAN","NAN",10.072
"2026-03-15 18:00:00",50281,3.16,12.57,0.41,0.35,"NAN","NAN","NAN","NAN",10.333
"2026-03-15 18:10:00",50282,3.57,14.23,0.34,0.27,"NAN","NAN","NAN","NAN",10.602
"2026-03-15 18:20:00",50283,2.84,11.32,0.3,0.24,"NAN","NAN","NAN","NAN",10.766
"2026-03-15 18:30:00",50284,2.38,9.46,0.41,0.34,"NAN","NAN","NAN","NAN",10.721
"2026-03-15 18:40:00",50285,3.53,14.09,0.46,0.39,"NAN","NAN","NAN","NAN",10.758
"2026-03-15 18:50:00",50286,2.64,10.47,0.29,0.23,"NAN","NAN","NAN","NAN",10.775
"2026-03-15 19:00:00",50287,2.55,10.15,0.3,0.24,"NAN","NAN","NAN","NAN",10.771
"2026-03-15 19:10:00",50288,2.16,8.54,0.3,0.24,"NAN","NAN","NAN","NAN",10.749
"2026-03-15 19:20:00",50289,1.83,7.23,0.27,0.21,"NAN","NAN","NAN","NAN",10.753
"2026-03-15 19:30:00",50290,2.19,8.67,0.31,0.25,"NAN","NAN","NAN","NAN",10.658
"2026-03-15 19:40:00",50291,2.23,8.86,0.37,0.31,"NAN","NAN","NAN","NAN",10.741
"2026-03-15 19:50:00",50292,2.36,9.35,0.34,0.28,"NAN","NAN","NAN","NAN",10.777
"2026-03-15 20:00:00",50293,2.42,9.62,0.36,0.3,"NAN","NAN","NAN","NAN",10.785
"2026-03-15 20:10:00",50294,3.06,12.19,0.36,0.3,"NAN","NAN","NAN","NAN",10.749
"2026-03-15 20:20:00",50295,2.76,10.96,0.36,0.3,"NAN","NAN","NAN","NAN",10.76
"2026-03-15 20:30:00",50296,1.52,5.95,0.37,0.3,"NAN","NAN","NAN","NAN",10.76
"2026-03-15 20:40:00",50297,2.3,9.14,0.34,0.28,"NAN","NAN","NAN","NAN",10.731
"2026-03-15 20:50:00",50298,2.44,9.67,0.34,0.28,"NAN","NAN","NAN","NAN",10.771
"2026-03-15 21:00:00",50299,2.12,8.41,0.34,0.28,"NAN","NAN","NAN","NAN",10.764
"2026-03-15 21:10:00",50300,2.49,9.89,0.37,0.31,"NAN","NAN","NAN","NAN",10.771
"2026-03-15 21:20:00",50301,2.25,8.92,0.35,0.29,"NAN","NAN","NAN","NAN",10.815
"2026-03-15 21:30:00",50302,3.17,12.62,0.43,0.37,"NAN","NAN","NAN","NAN",10.858
"2026-03-15 21:40:00",50303,2.09,8.26,0.33,0.27,"NAN","NAN","NAN","NAN",10.846
"2026-03-15 21:50:00",50304,2.31,9.14,0.29,0.23,"NAN","NAN","NAN","NAN",10.801
"2026-03-15 22:00:00",50305,2.35,9.310001,0.32,0.26,"NAN","NAN","NAN","NAN",10.779
"2026-03-15 22:10:00",50306,2.02,8,0.3,0.24,"NAN","NAN","NAN","NAN",10.727
"2026-03-15 22:20:00",50307,1.94,7.68,0.45,0.39,"NAN","NAN","NAN","NAN",10.759
"2026-03-15 22:30:00",50308,1.78,7.01,0.27,0.21,"NAN","NAN","NAN","NAN",10.746
"2026-03-15 22:40:00",50309,3.34,13.33,0.33,0.27,"NAN","NAN","NAN","NAN",10.768
"2026-03-15 22:50:00",50310,2.77,11.01,0.32,0.26,"NAN","NAN","NAN","NAN",10.812
"2026-03-15 23:00:00",50311,2.98,11.87,0.32,0.26,"NAN","NAN","NAN","NAN",10.838
"2026-03-15 23:10:00",50312,3.04,12.12,0.34,0.28,"NAN","NAN","NAN","NAN",10.74
"2026-03-15 23:20:00",50313,3.37,13.45,0.35,0.29,"NAN","NAN","NAN","NAN",10.786
"2026-03-15 23:30:00",50314,2.41,9.57,0.38,0.31,"NAN","NAN","NAN","NAN",10.786
"2026-03-15 23:40:00",50315,2,7.91,0.26,0.2,"NAN","NAN","NAN","NAN",10.751
"2026-03-15 23:50:00",50316,3.78,15.09,0.34,0.28,"NAN","NAN","NAN","NAN",10.65
"2026-03-16 00:00:00",50317,"NAN","NAN","NAN","NAN","NAN","NAN","NAN","NAN","NAN"
"2026-03-16 00:10:00",50318,2.17,8.59,0.38,0.31,"NAN","NAN","NAN","NAN",10.58
"2026-03-16 00:20:00",50319,2.5,9.91,0.35,0.29,"NAN","NAN","NAN","NAN",10.593
"2026-03-16 00:30:00",50320,2.79,11.08,0.36,0.3,"NAN","NAN","NAN","NAN",10.372
"2026-03-16 00:40:00",50321,2.67,10.63,0.35,0.29,"NAN","NAN","NAN","NAN",10.361
"2026-03-16 00:50:00",50322,2.78,11.04,0.28,0.22,"NAN","NAN","NAN","NAN",10.505
"2026-03-16 01:00:00",50323,2.29,9.08,0.36,0.3,"NAN","NAN","NAN","NAN",10.475
"2026-03-16 01:10:00",50324,3.08,12.25,0.4,0.33,"NAN","NAN","NAN","NAN",10.493
"2026-03-16 01:20:00",50325,2.89,11.5,0.3,0.24,"NAN","NAN","NAN","NAN",10.502
"2026-03-16 01:30:00",50326,1.81,7.14,0.36,0.3,"NAN","NAN","NAN","NAN",10.465
"2026-03-16 01:40:00",50327,2.47,9.79,0.36,0.3,"NAN","NAN","NAN","NAN",10.445
"2026-03-16 01:50:00",50328,2.65,10.53,0.38,0.32,"NAN","NAN","NAN","NAN",10.21
"2026-03-16 02:00:00",50329,2.82,11.22,0.51,0.44,"NAN","NAN","NAN","NAN",10.265
"2026-03-16 02:10:00",50330,4.61,18.43,0.48,0.41,"NAN","NAN","NAN","NAN",10.369
"2026-03-16 02:20:00",50331,3.73,14.89,0.38,0.32,"NAN","NAN","NAN","NAN",10.267
"2026-03-16 02:30:00",50332,5.46,21.88,0.49,0.43,"NAN","NAN","NAN","NAN",9.689
"2026-03-16 02:40:00",50333,8.84,35.5,0.59,0.53,"NAN","NAN","NAN","NAN",9.454001
"2026-03-16 02:50:00",50334,4.32,17.29,0.68,0.61,"NAN","NAN","NAN","NAN",9.642
"2026-03-16 03:00:00",50335,4.4,17.6,0.71,0.64,"NAN","NAN","NAN","NAN",9.398
"2026-03-16 03:10:00",50336,4.94,19.78,0.94,0.86,"NAN","NAN","NAN","NAN",9.373
"2026-03-16 03:20:00",50337,7.33,29.41,0.7,0.63,"NAN","NAN","NAN","NAN",9.36
"2026-03-16 03:30:00",50338,7.75,31.12,0.83,0.75,"NAN","NAN","NAN","NAN",9.505
"2026-03-16 03:40:00",50339,4.68,18.72,0.67,0.6,"NAN","NAN","NAN","NAN",9.497
"2026-03-16 03:50:00",50340,6.05,24.24,0.67,0.6,"NAN","NAN","NAN","NAN",9.301
"2026-03-16 04:00:00",50341,15.64,62.94,0.87,0.8,"NAN","NAN","NAN","NAN",9.126001
"2026-03-16 04:10:00",50342,5.82,23.33,0.71,0.64,"NAN","NAN","NAN","NAN",9.258
"2026-03-16 04:20:00",50343,3.86,15.42,0.66,0.59,"NAN","NAN","NAN","NAN",9.42
"2026-03-16 04:30:00",50344,3.99,15.93,0.54,0.48,"NAN","NAN","NAN","NAN",9.568
"2026-03-16 04:40:00",50345,2.27,8.99,0.55,0.48,"NAN","NAN","NAN","NAN",9.633
"2026-03-16 04:50:00",50346,6.09,24.42,0.81,0.74,"NAN","NAN","NAN","NAN",9.731
"2026-03-16 05:00:00",50347,9.34,37.54,1.44,1.35,"NAN","NAN","NAN","NAN",9.724
"2026-03-16 05:10:00",50348,4.46,17.85,0.81,0.74,"NAN","NAN","NAN","NAN",9.691
"2026-03-16 05:20:00",50349,5.19,20.77,0.77,0.7,"NAN","NAN","NAN","NAN",9.856
"2026-03-16 05:30:00",50350,3.46,13.78,0.46,0.39,"NAN","NAN","NAN","NAN",10.015
"2026-03-16 05:40:00",50351,4.91,19.64,0.89,0.82,"NAN","NAN","NAN","NAN",9.849
"2026-03-16 05:50:00",50352,2.95,11.75,0.77,0.7,"NAN","NAN","NAN","NAN",9.923
"2026-03-16 06:00:00",50353,4.7,18.81,0.67,0.6,"NAN","NAN","NAN","NAN",10.087
"2026-03-16 06:10:00",50354,5.56,22.28,0.65,0.58,"NAN","NAN","NAN","NAN",9.936
"2026-03-16 06:20:00",50355,6.86,27.51,0.71,0.63,"NAN","NAN","NAN","NAN",9.784
"2026-03-16 06:30:00",50356,6.07,24.32,0.94,0.86,"NAN","NAN","NAN","NAN",9.911
"2026-03-16 06:40:00",50357,7.59,30.47,1.25,1.17,"NAN","NAN","NAN","NAN",9.974
"2026-03-16 06:50:00",50358,2.39,9.49,0.58,0.51,"NAN","NAN","NAN","NAN",10.395
"2026-03-16 07:00:00",50359,2.2,8.729999,0.41,0.35,"NAN","NAN","NAN","NAN",10.401
"2026-03-16 07:10:00",50360,3.93,15.71,0.47,0.41,"NAN","NAN","NAN","NAN",10.433
"2026-03-16 07:20:00",50361,3.66,14.61,0.35,0.28,"NAN","NAN","NAN","NAN",10.584
"2026-03-16 07:30:00",50362,4.26,17.05,0.5,0.43,"NAN","NAN","NAN","NAN",10.346
"2026-03-16 07:40:00",50363,5.54,22.19,0.7,0.63,"NAN","NAN","NAN","NAN",10.026
"2026-03-16 07:50:00",50364,8.68,34.85,1.13,1.05,"NAN","NAN","NAN","NAN",9.557
"2026-03-16 08:00:00",50365,10.67,42.89,1.66,1.57,"NAN","NAN","NAN","NAN",9.714
"2026-03-16 08:10:00",50366,11.35,45.64,0.7,0.63,"NAN","NAN","NAN","NAN",9.978
"2026-03-16 08:20:00",50367,15.37,61.86,0.88,0.8,"NAN","NAN","NAN","NAN",10.049
"2026-03-16 08:30:00",50368,11.78,47.38,1.32,1.24,"NAN","NAN","NAN","NAN",10.105
"2026-03-16 08:40:00",50369,5.2,20.84,1.03,0.95,"NAN","NAN","NAN","NAN",9.985
"2026-03-16 08:50:00",50370,"NAN","NAN","NAN","NAN","NAN","NAN","NAN","NAN","NAN"
"2026-03-16 09:00:00",50371,9.39,37.72,0.89,0.81,"NAN","NAN","NAN","NAN",9.887999
"2026-03-16 09:10:00",50372,7.27,29.16,0.76,0.69,"NAN","NAN","NAN","NAN",9.503
"2026-03-16 09:20:00",50373,7.04,28.23,1.12,1.04,"NAN","NAN","NAN","NAN",10.192
"2026-03-16 09:30:00",50374,6.18,24.77,0.94,0.86,"NAN","NAN","NAN","NAN",10.313
"2026-03-16 09:40:00",50375,2.84,11.3,0.34,0.28,"NAN","NAN","NAN","NAN",10.485
"2026-03-16 09:50:00",50376,7.06,28.32,0.62,0.55,"NAN","NAN","NAN","NAN",10.497
"2026-03-16 10:00:00",50377,3.88,15.51,0.58,0.51,"NAN","NAN","NAN","NAN",10.526
"2026-03-16 10:10:00",50378,6.26,25.09,0.63,0.56,"NAN","NAN","NAN","NAN",10.442
"2026-03-16 10:20:00",50379,6.06,24.29,0.63,0.56,"NAN","NAN","NAN","NAN",10.463
"2026-03-16 10:30:00",50380,3.25,12.97,0.7,0.63,"NAN","NAN","NAN","NAN",10.519
"2026-03-16 10:40:00",50381,4.04,16.15,0.5,0.44,"NAN","NAN","NAN","NAN",10.558
"2026-03-16 10:50:00",50382,5.06,20.27,0.53,0.46,"NAN","NAN","NAN","NAN",10.545
"2026-03-16 11:00:00",50383,4.64,18.56,0.5,0.44,"NAN","NAN","NAN","NAN",10.583
"2026-03-16 11:10:00",50384,4.82,19.29,0.59,0.52,"NAN","NAN","NAN","NAN",10.56
"2026-03-16 11:20:00",50385,4.51,18.06,0.57,0.5,"NAN","NAN","NAN","NAN",10.584
"2026-03-16 11:30:00",50386,4.42,17.66,0.6,0.53,"NAN","NAN","NAN","NAN",10.596
"2026-03-16 11:40:00",50387,4.12,16.46,0.54,0.48,"NAN","NAN","NAN","NAN",10.627
"2026-03-16 11:50:00",50388,4.66,18.64,0.49,0.43,"NAN","NAN","NAN","NAN",10.663
"2026-03-16 12:00:00",50389,2.71,10.76,0.45,0.38,"NAN","NAN","NAN","NAN",10.724
"2026-03-16 12:10:00",50390,3.55,14.15,0.48,0.41,"NAN","NAN","NAN","NAN",10.713
"2026-03-16 12:20:00",50391,3.06,12.2,0.43,0.37,"NAN","NAN","NAN","NAN",10.711
"2026-03-16 12:30:00",50392,4.57,18.26,0.45,0.38,"NAN","NAN","NAN","NAN",10.67
"2026-03-16 12:40:00",50393,7.96,31.98,0.61,0.54,"NAN","NAN","NAN","NAN",10.641
"2026-03-16 12:50:00",50394,5.48,21.97,0.95,0.88,"NAN","NAN","NAN","NAN",10.665
"2026-03-16 13:00:00",50395,10.03,40.33,1.06,0.98,"NAN","NAN","NAN","NAN",10.606
"2026-03-16 13:10:00",50396,7.41,29.75,0.85,0.78,"NAN","NAN","NAN","NAN",10.524
"2026-03-16 13:20:00",50397,7.79,31.26,0.94,0.87,"NAN","NAN","NAN","NAN",10.556
"2026-03-16 13:30:00",50398,8.770001,35.23,0.96,0.89,"NAN","NAN","NAN","NAN",10.601
"2026-03-16 13:40:00",50399,13.62,54.78,1.84,1.74,"NAN","NAN","NAN","NAN",10.418
"2026-03-16 13:50:00",50400,14.23,57.27,1.44,1.35,"NAN","NAN","NAN","NAN",10.463
"2026-03-16 14:00:00",50401,12.07,48.56,1.4,1.31,"NAN","NAN","NAN","NAN",10.239
"2026-03-16 14:10:00",50402,9.29,37.31,1.11,1.03,"NAN","NAN","NAN","NAN",10.245
"2026-03-16 14:20:00",50403,8.29,33.28,0.92,0.85,"NAN","NAN","NAN","NAN",10.263
"2026-03-16 14:30:00",50404,9.939999,39.95,1.09,1.01,"NAN","NAN","NAN","NAN",10.238
"2026-03-16 14:40:00",50405,12.95,52.09,1.83,1.74,"NAN","NAN","NAN","NAN",10.306
"2026-03-16 14:50:00",50406,11.28,45.36,1.44,1.35,"NAN","NAN","NAN","NAN",10.263
"2026-03-16 15:00:00",50407,8.16,32.78,0.96,0.88,"NAN","NAN","NAN","NAN",10.216
"2026-03-16 15:10:00",50408,20.4,82.17,1.61,1.52,"NAN","NAN","NAN","NAN",10.313
"2026-03-16 15:20:00",50409,8.17,32.79,0.93,0.86,"NAN","NAN","NAN","NAN",10.218
"2026-03-16 15:30:00",50410,5.85,23.43,0.81,0.74,"NAN","NAN","NAN","NAN",10.201
"2026-03-16 15:40:00",50411,5.15,20.63,0.57,0.5,"NAN","NAN","NAN","NAN",9.972
"2026-03-16 15:50:00",50412,8.03,32.26,1.03,0.95,"NAN","NAN","NAN","NAN",10.081
"2026-03-16 16:00:00",50413,18.87,75.96,2,1.9,"NAN","NAN","NAN","NAN",10.147
"2026-03-16 16:10:00",50414,15.03,60.48,1.37,1.28,"NAN","NAN","NAN","NAN",10.252
"2026-03-16 16:20:00",50415,23.67,95.34,1.72,1.63,"NAN","NAN","NAN","NAN",10.333
"2026-03-16 16:30:00",50416,6.73,27.01,1.05,0.97,"NAN","NAN","NAN","NAN",10.396
"2026-03-16 16:40:00",50417,3.85,15.37,0.53,0.47,"NAN","NAN","NAN","NAN",10.758
"2026-03-16 16:50:00",50418,7.06,28.32,0.58,0.51,"NAN","NAN","NAN","NAN",10.795
"2026-03-16 17:00:00",50419,8.83,35.45,0.68,0.61,"NAN","NAN","NAN","NAN",10.757
"2026-03-16 17:10:00",50420,6.55,26.27,0.7,0.63,"NAN","NAN","NAN","NAN",10.731
"2026-03-16 17:20:00",50421,5.04,20.18,0.64,0.57,"NAN","NAN","NAN","NAN",10.768
"2026-03-16 17:30:00",50422,5.5,22.05,0.68,0.61,"NAN","NAN","NAN","NAN",10.739
"2026-03-16 17:40:00",50423,"NAN","NAN","NAN","NAN","NAN","NAN","NAN","NAN","NAN"
"2026-03-16 17:50:00",50424,4.92,19.71,0.59,0.52,"NAN","NAN","NAN","NAN",10.738
"2026-03-16 18:00:00",50425,5.13,20.53,0.62,0.55,"NAN","NAN","NAN","NAN",10.722
"2026-03-16 18:10:00",50426,4.08,16.32,0.52,0.46,"NAN","NAN","NAN","NAN",10.611
"2026-03-16 18:20:00",50427,5.74,22.98,0.56,0.49,"NAN","NAN","NAN","NAN",10.583
"2026-03-16 18:30:00",50428,3.33,13.29,0.56,0.49,"NAN","NAN","NAN","NAN",10.621
"2026-03-16 18:40:00",50429,3.28,13.07,0.5,0.43,"NAN","NAN","NAN","NAN",10.688
"2026-03-16 18:50:00",50430,4.04,16.16,0.56,0.49,"NAN","NAN","NAN","NAN",10.677
"2026-03-16 19:00:00",50431,3.57,14.23,0.69,0.62,"NAN","NAN","NAN","NAN",10.684
"2026-03-16 19:10:00",50432,6.21,24.88,0.52,0.45,"NAN","NAN","NAN","NAN",10.645
"2026-03-16 19:20:00",50433,5.29,21.17,0.64,0.58,"NAN","NAN","NAN","NAN",10.616
"2026-03-16 19:30:00",50434,6.2,24.85,0.59,0.52,"NAN","NAN","NAN","NAN",10.609
"2026-03-16 19:40:00",50435,7.04,28.24,0.51,0.45,"NAN","NAN","NAN","NAN",10.592
"2026-03-16 19:50:00",50436,4.51,18.04,0.57,0.5,"NAN","NAN","NAN","NAN",10.598
"2026-03-16 20:00:00",50437,6.96,27.91,0.52,0.45,"NAN","NAN","NAN","NAN",10.588
"2026-03-16 20:10:00",50438,5.35,21.43,0.6,0.53,"NAN","NAN","NAN","NAN",10.569
"2026-03-16 20:20:00",50439,3.98,15.88,0.58,0.51,"NAN","NAN","NAN","NAN",10.53
"2026-03-16 20:30:00",50440,3.44,13.71,0.45,0.38,"NAN","NAN","NAN","NAN",10.528
"2026-03-16 20:40:00",50441,3.55,14.16,0.53,0.46,"NAN","NAN","NAN","NAN",10.486
"2026-03-16 20:50:00",50442,3.64,14.53,0.48,0.41,"NAN","NAN","NAN","NAN",10.466
"2026-03-16 21:00:00",50443,3.23,12.88,0.5,0.44,"NAN","NAN","NAN","NAN",10.448
"2026-03-16 21:10:00",50444,4.38,17.52,0.58,0.51,"NAN","NAN","NAN","NAN",10.426
"2026-03-16 21:20:00",50445,6.26,25.09,0.51,0.44,"NAN","NAN","NAN","NAN",10.397
"2026-03-16 21:30:00",50446,4.18,16.71,0.78,0.71,"NAN","NAN","NAN","NAN",10.38
"2026-03-16 21:40:00",50447,4.49,17.97,0.57,0.51,"NAN","NAN","NAN","NAN",10.375
"2026-03-16 21:50:00",50448,2.56,10.17,0.42,0.35,"NAN","NAN","NAN","NAN",10.367
"2026-03-16 22:00:00",50449,4.04,16.15,0.42,0.36,"NAN","NAN","NAN","NAN",10.345
"2026-03-16 22:10:00",50450,5.08,20.34,0.65,0.58,"NAN","NAN","NAN","NAN",10.327
"2026-03-16 22:20:00",50451,3.16,12.6,0.53,0.46,"NAN","NAN","NAN","NAN",10.296
"2026-03-16 22:30:00",50452,2.75,10.95,0.52,0.46,"NAN","NAN","NAN","NAN",10.299
"2026-03-16 22:40:00",50453,2.64,10.5,0.48,0.42,"NAN","NAN","NAN","NAN",10.306
"2026-03-16 22:50:00",50454,6.44,25.81,0.75,0.68,"NAN","NAN","NAN","NAN",10.29
"2026-03-16 23:00:00",50455,6.11,24.49,0.67,0.6,"NAN","NAN","NAN","NAN",10.269
"2026-03-16 23:10:00",50456,3.91,15.61,0.38,0.32,"NAN","NAN","NAN","NAN",10.254
"2026-03-16 23:20:00",50457,2.94,11.71,0.4,0.33,"NAN","NAN","NAN","NAN",10.244
"2026-03-16 23:30:00",50458,4.03,16.09,0.42,0.36,"NAN","NAN","NAN","NAN",10.223
"2026-03-16 23:40:00",50459,3.26,12.99,0.47,0.4,"NAN","NAN","NAN","NAN",10.212
"2026-03-16 23:50:00",50460,2.81,11.18,0.49,0.43,"NAN","NAN","NAN","NAN",10.191
"2026-03-17 00:00:00",50461,4.67,18.68,0.67,0.6,"NAN","NAN","NAN","NAN",10.177
"2026-03-17 00:10:00",50462,2.99,11.92,0.41,0.35,"NAN","NAN","NAN","NAN",10.139
"2026-03-17 00:20:00",50463,4.53,18.12,0.53,0.46,"NAN","NAN","NAN","NAN",10.108
"2026-03-17 00:30:00",50464,4.23,16.89,0.41,0.35,"NAN","NAN","NAN","NAN",10.091
"2026-03-17 00:40:00",50465,5.5,22.02,0.55,0.49,"NAN","NAN","NAN","NAN",10.056
"2026-03-17 00:50:00",50466,5.07,20.29,0.48,0.42,"NAN","NAN","NAN","NAN",10.047
"2026-03-17 01:00:00",50467,3.1,12.35,0.43,0.36,"NAN","NAN","NAN","NAN",10.003
"2026-03-17 01:10:00",50468,5.07,20.31,0.45,0.39,"NAN","NAN","NAN","NAN",10.013
"2026-03-17 01:20:00",50469,3.13,12.48,0.39,0.32,"NAN","NAN","NAN","NAN",9.992
"2026-03-17 01:30:00",50470,3.02,12.03,0.43,0.37,"NAN","NAN","NAN","NAN",9.946999
"2026-03-17 01:40:00",50471,4.86,19.44,0.44,0.37,"NAN","NAN","NAN","NAN",9.927
"2026-03-17 01:50:00",50472,2.83,11.28,0.58,0.51,"NAN","NAN","NAN","NAN",9.912
"2026-03-17 02:00:00",50473,6.46,25.91,0.46,0.4,"NAN","NAN","NAN","NAN",9.858
"2026-03-17 02:10:00",50474,2.56,10.15,0.55,0.49,"NAN","NAN","NAN","NAN",9.847999
"2026-03-17 02:20:00",50475,4.53,18.14,0.84,0.77,"NAN","NAN","NAN","NAN",9.836001
"2026-03-17 02:30:00",50476,"NAN","NAN","NAN","NAN","NAN","NAN","NAN","NAN","NAN"
"2026-03-17 02:40:00",50477,3.88,15.51,0.42,0.35,"NAN","NAN","NAN","NAN",9.784
"2026-03-17 02:50:00",50478,3.34,13.3,0.43,0.36,"NAN","NAN","NAN","NAN",9.747
"2026-03-17 03:00:00",50479,2.64,10.51,0.44,0.38,"NAN","NAN","NAN","NAN",9.708
"2026-03-17 03:10:00",50480,5.51,22.07,0.43,0.37,"NAN","NAN","NAN","NAN",9.706
"2026-03-17 03:20:00",50481,3.8,15.19,0.47,0.41,"NAN","NAN","NAN","NAN",9.679
"2026-03-17 03:30:00",50482,3.14,12.5,0.48,0.42,"NAN","NAN","NAN","NAN",9.66
"2026-03-17 03:40:00",50483,3.42,13.63,0.52,0.45,"NAN","NAN","NAN","NAN",9.618
"2026-03-17 03:50:00",50484,5.51,22.05,0.54,0.48,"NAN","NAN","NAN","NAN",9.611
"2026-03-17 04:00:00",50485,2.63,10.43,0.56,0.49,"NAN","NAN","NAN","NAN",9.591
"2026-03-17 04:10:00",50486,3.03,12.05,0.46,0.39,"NAN","NAN","NAN","NAN",9.581
"2026-03-17 04:20:00",50487,3.06,12.19,0.54,0.48,"NAN","NAN","NAN","NAN",9.552
"2026-03-17 04:30:00",50488,5.23,20.93,0.91,0.84,"NAN","NAN","NAN","NAN",9.54
"2026-03-17 04:40:00",50489,5.83,23.38,0.64,0.57,"NAN","NAN","NAN","NAN",9.51
"2026-03-17 04:50:00",50490,3.94,15.75,0.57,0.51,"NAN","NAN","NAN","NAN",9.496
"2026-03-17 05:00:00",50491,4.46,17.83,0.48,0.42,"NAN","NAN","NAN","NAN",9.483
"2026-03-17 05:10:00",50492,6.06,24.3,0.85,0.77,"NAN","NAN","NAN","NAN",9.456
"2026-03-17 05:20:00",50493,2.97,11.82,0.86,0.79,"NAN","NAN","NAN","NAN",9.445
"2026-03-17 05:30:00",50494,3.67,14.64,0.56,0.49,"NAN","NAN","NAN","NAN",9.42
"2026-03-17 05:40:00",50495,3.55,14.18,0.72,0.65,"NAN","NAN","NAN","NAN",9.413999
"2026-03-17 05:50:00",50496,3.4,13.54,0.45,0.39,"NAN","NAN","NAN","NAN",9.411
"2026-03-17 06:00:00",50497,2.54,10.1,0.46,0.39,"NAN","NAN","NAN","NAN",9.402001
"2026-03-17 06:10:00",50498,3.4,13.57,0.51,0.44,"NAN","NAN","NAN","NAN",9.378
"2026-03-17 06:20:00",50499,7.6,30.52,0.57,0.5,"NAN","NAN","NAN","NAN",9.367
"2026-03-17 06:30:00",50500,3.97,15.86,0.55,0.48,"NAN","NAN","NAN","NAN",9.373999
"2026-03-17 06:40:00",50501,5.87,23.51,0.47,0.41,"NAN","NAN","NAN","NAN",9.364
"2026-03-17 06:50:00",50502,2.99,11.91,0.62,0.55,"NAN","NAN","NAN","NAN",9.357
"2026-03-17 07:00:00",50503,5.55,22.24,0.46,0.39,"NAN","NAN","NAN","NAN",9.363
"2026-03-17 07:10:00",50504,3.29,13.13,0.43,0.36,"NAN","NAN","NAN","NAN",9.331
"2026-03-17 07:20:00",50505,3.65,14.56,0.43,0.37,"NAN","NAN","NAN","NAN",9.324
"2026-03-17 07:30:00",50506,3.39,13.51,0.48,0.41,"NAN","NAN","NAN","NAN",9.325
"2026-03-17 07:40:00",50507,3.03,12.05,0.36,0.3,"NAN","NAN","NAN","NAN",9.3
"2026-03-17 07:50:00",50508,7.63,30.65,0.6,0.53,"NAN","NAN","NAN","NAN",9.307
"2026-03-17 08:00:00",50509,3.67,14.66,0.55,0.49,"NAN","NAN","NAN","NAN",9.310001
"2026-03-17 08:10:00",50510,2.84,11.29,0.44,0.38,"NAN","NAN","NAN","NAN",9.28
"2026-03-17 08:20:00",50511,3.52,14.04,0.44,0.38,"NAN","NAN","NAN","NAN",9.278
"2026-03-17 08:30:00",50512,2.51,9.96,0.75,0.68,"NAN","NAN","NAN","NAN",9.264
"2026-03-17 08:40:00",50513,3.9,15.57,0.57,0.5,"NAN","NAN","NAN","NAN",9.265
"2026-03-17 08:50:00",50514,2.4,9.520001,0.31,0.25,"NAN","NAN","NAN","NAN",9.269
"2026-03-17 09:00:00",50515,2.96,11.79,0.38,0.32,"NAN","NAN","NAN","NAN",9.259
"2026-03-17 09:10:00",50516,5.24,20.98,0.45,0.38,"NAN","NAN","NAN","NAN",9.261
"2026-03-17 09:20:00",50517,3.41,13.61,0.44,0.37,"NAN","NAN","NAN","NAN",9.255999
"2026-03-17 09:30:00",50518,4.12,16.48,0.53,0.46,"NAN","NAN","NAN","NAN",9.265
"2026-03-17 09:40:00",50519,5.16,20.65,0.49,0.42,"NAN","NAN","NAN","NAN",9.275
"2026-03-17 09:50:00",50520,4.62,18.49,0.6,0.53,"NAN","NAN","NAN","NAN",9.257
"2026-03-17 10:00:00",50521,3.71,14.83,0.54,0.48,"NAN","NAN","NAN","NAN",9.262999
"2026-03-17 10:10:00",50522,3.61,14.41,0.45,0.38,"NAN","NAN","NAN","NAN",9.262
"2026-03-17 10:20:00",50523,5.47,21.91,0.58,0.51,"NAN","NAN","NAN","NAN",9.262999
"2026-03-17 10:30:00",50524,5.99,24.02,0.59,0.53,"NAN","NAN","NAN","NAN",9.268
"2026-03-17 10:40:00",50525,3.97,15.87,0.57,0.5,"NAN","NAN","NAN","NAN",9.270001
"2026-03-17 10:50:00",50526,5.59,22.4,0.66,0.59,"NAN","NAN","NAN","NAN",9.28
"2026-03-17 11:00:00",50527,4.2,16.8,0.48,0.42,"NAN","NAN","NAN","NAN",9.321999
"2026-03-17 11:10:00",50528,3.87,15.46,0.5,0.43,"NAN","NAN","NAN","NAN",9.345
"2026-03-17 11:20:00",50529,"NAN","NAN","NAN","NAN","NAN","NAN","NAN","NAN","NAN"
"2026-03-17 11:30:00",50530,5.81,23.3,0.57,0.5,"NAN","NAN","NAN","NAN",9.395001
"2026-03-17 11:40:00",50531,4.53,18.11,0.46,0.39,"NAN","NAN","NAN","NAN",9.375
"2026-03-17 11:50:00",50532,3.91,15.61,0.48,0.41,"NAN","NAN","NAN","NAN",9.366
"2026-03-17 12:00:00",50533,3.34,13.32,0.37,0.31,"NAN","NAN","NAN","NAN",9.327
"2026-03-17 12:10:00",50534,3.47,13.85,0.56,0.49,"NAN","NAN","NAN","NAN",9.331
"2026-03-17 12:20:00",50535,6.02,24.13,0.61,0.54,"NAN","NAN","NAN","NAN",9.333
"2026-03-17 12:30:00",50536,5.6,22.45,0.58,0.52,"NAN","NAN","NAN","NAN",9.337
"2026-03-17 12:40:00",50537,5.51,22.09,0.79,0.71,"NAN","NAN","NAN","NAN",9.349
"2026-03-17 12:50:00",50538,5.41,21.66,0.71,0.64,"NAN","NAN","NAN","NAN",9.347
"2026-03-17 13:00:00",50539,4.84,19.39,0.55,0.48,"NAN","NAN","NAN","NAN",9.281999
"2026-03-17 13:10:00",50540,4.99,19.96,0.66,0.59,"NAN","NAN","NAN","NAN",9.362001
"2026-03-17 13:20:00",50541,6.19,24.82,0.72,0.65,"NAN","NAN","NAN","NAN",9.279
"2026-03-17 13:30:00",50542,7.21,28.94,0.85,0.78,"NAN","NAN","NAN","NAN",9.293
"2026-03-17 13:40:00",50543,4.84,19.37,0.59,0.52,"NAN","NAN","NAN","NAN",9.26
"2026-03-17 13:50:00",50544,5.06,20.25,0.76,0.69,"NAN","NAN","NAN","NAN",9.129
"2026-03-17 14:00:00",50545,5.6,22.43,0.66,0.59,"NAN","NAN","NAN","NAN",9.146
"2026-03-17 14:10:00",50546,6.4,25.67,0.81,0.74,"NAN","NAN","NAN","NAN",9.137
"2026-03-17 14:20:00",50547,4.53,18.13,0.63,0.56,"NAN","NAN","NAN","NAN",9.279
"2026-03-17 14:30:00",50548,6.86,27.52,0.69,0.62,"NAN","NAN","NAN","NAN",9.095
"2026-03-17 14:40:00",50549,5.57,22.31,0.5,0.44,"NAN","NAN","NAN","NAN",9.041
"2026-03-17 14:50:00",50550,3.34,13.31,0.47,0.41,"NAN","NAN","NAN","NAN",9.021
"2026-03-17 15:00:00",50551,4.64,18.56,0.65,0.58,"NAN","NAN","NAN","NAN",9.048
"2026-03-17 15:10:00",50552,5.26,21.08,0.54,0.48,"NAN","NAN","NAN","NAN",9.025
"2026-03-17 15:20:00",50553,3.5,13.95,0.49,0.42,"NAN","NAN","NAN","NAN",8.996
"2026-03-17 15:30:00",50554,3.58,14.29,0.5,0.43,"NAN","NAN","NAN","NAN",9.071999
"2026-03-17 15:40:00",50555,5.17,20.71,0.51,0.45,"NAN","NAN","NAN","NAN",8.924
"2026-03-17 15:50:00",50556,4.69,18.78,0.6,0.53,"NAN","NAN","NAN","NAN",8.979999
"2026-03-17 16:00:00",50557,4.91,19.64,0.56,0.49,"NAN","NAN","NAN","NAN",9.089
"2026-03-17 16:10:00",50558,4.88,19.53,0.55,0.48,"NAN","NAN","NAN","NAN",9.097
"2026-03-17 16:20:00",50559,4.06,16.22,0.55,0.49,"NAN","NAN","NAN","NAN",9.113
"2026-03-17 16:30:00",50560,4.8,19.21,0.45,0.38,"NAN","NAN","NAN","NAN",9.127
"2026-03-17 16:40:00",50561,2.85,11.33,0.51,0.45,"NAN","NAN","NAN","NAN",9.187
"2026-03-17 16:50:00",50562,2.73,10.85,0.52,0.45,"NAN","NAN","NAN","NAN",8.992
"2026-03-17 17:00:00",50563,5.16,20.64,0.52,0.46,"NAN","NAN","NAN","NAN",9.038999
"2026-03-17 17:10:00",50564,2.96,11.79,0.42,0.35,"NAN","NAN","NAN","NAN",8.795999
"2026-03-17 17:20:00",50565,3.53,14.09,0.46,0.39,"NAN","NAN","NAN","NAN",8.878
"2026-03-17 17:30:00",50566,4.81,19.24,0.48,0.42,"NAN","NAN","NAN","NAN",8.969
"2026-03-17 17:40:00",50567,3.97,15.87,0.49,0.42,"NAN","NAN","NAN","NAN",8.966
"2026-03-17 17:50:00",50568,5.04,20.17,0.46,0.39,"NAN","NAN","NAN","NAN",8.895001
"2026-03-17 18:00:00",50569,4.96,19.86,0.62,0.55,"NAN","NAN","NAN","NAN",8.835
"2026-03-17 18:10:00",50570,4.03,16.1,0.73,0.65,"NAN","NAN","NAN","NAN",8.844
"2026-03-17 18:20:00",50571,5.01,20.05,0.77,0.7,"NAN","NAN","NAN","NAN",8.853
"2026-03-17 18:30:00",50572,3.7,14.76,0.45,0.39,"NAN","NAN","NAN","NAN",8.859
"2026-03-17 18:40:00",50573,2.94,11.71,0.54,0.48,"NAN","NAN","NAN","NAN",8.868
"2026-03-17 18:50:00",50574,2.61,10.37,0.54,0.47,"NAN","NAN","NAN","NAN",8.854
"2026-03-17 19:00:00",50575,4.03,16.09,0.44,0.38,"NAN","NAN","NAN","NAN",8.821
"2026-03-17 19:10:00",50576,3.98,15.9,0.75,0.67,"NAN","NAN","NAN","NAN",8.821
"2026-03-17 19:20:00",50577,6.13,24.57,0.59,0.52,"NAN","NAN","NAN","NAN",8.825
"2026-03-17 19:30:00",50578,6.85,27.46,0.8,0.72,"NAN","NAN","NAN","NAN",8.824
"2026-03-17 19:40:00",50579,5.54,22.18,0.96,0.88,"NAN","NAN","NAN","NAN",8.798
"2026-03-17 19:50:00",50580,5.45,21.83,0.51,0.45,"NAN","NAN","NAN","NAN",8.792
"2026-03-17 20:00:00",50581,5.52,22.1,0.46,0.39,"NAN","NAN","NAN","NAN",8.78
"2026-03-17 20:10:00",50582,"NAN","NAN","NAN","NAN","NAN","NAN","NAN","NAN","NAN"
"2026-03-17 20:20:00",50583,3.97,15.84,0.44,0.38,"NAN","NAN","NAN","NAN",8.733
"2026-03-17 20:30:00",50584,4.67,18.69,0.79,0.72,"NAN","NAN","NAN","NAN",8.731
"2026-03-17 20:40:00",50585,4.23,16.9,0.54,0.47,"NAN","NAN","NAN","NAN",8.714
"2026-03-17 20:50:00",50586,3.24,12.91,0.51,0.45,"NAN","NAN","NAN","NAN",8.696999
"2026-03-17 21:00:00",50587,3.62,14.46,0.45,0.39,"NAN","NAN","NAN","NAN",8.679
"2026-03-17 21:10:00",50588,2.98,11.87,0.52,0.45,"NAN","NAN","NAN","NAN",8.678001
"2026-03-17 21:20:00",50589,3.5,13.94,0.56,0.49,"NAN","NAN","NAN","NAN",8.65
"2026-03-17 21:30:00",50590,3.53,14.07,0.54,0.47,"NAN","NAN","NAN","NAN",8.645001
"2026-03-17 21:40:00",50591,3.2,12.75,0.31,0.25,"NAN","NAN","NAN","NAN",8.630999
"2026-03-17 21:50:00",50592,2.54,10.08,0.41,0.35,"NAN","NAN","NAN","NAN",8.606
"2026-03-17 22:00:00",50593,2.58,10.25,0.41,0.35,"NAN","NAN","NAN","NAN",8.604
"2026-03-17 22:10:00",50594,3.37,13.46,0.49,0.42,"NAN","NAN","NAN","NAN",8.566
"2026-03-17 22:20:00",50595,2.6,10.34,0.51,0.44,"NAN","NAN","NAN","NAN",8.549
"2026-03-17 22:30:00",50596,2.6,10.35,0.5,0.44,"NAN","NAN","NAN","NAN",8.545
"2026-03-17 22:40:00",50597,2.31,9.16,0.39,0.33,"NAN","NAN","NAN","NAN",8.533
"2026-03-17 22:50:00",50598,3.61,14.42,0.43,0.37,"NAN","NAN","NAN","NAN",8.479
"2026-03-17 23:00:00",50599,3.67,14.66,0.5,0.43,"NAN","NAN","NAN","NAN",8.508
"2026-03-17 23:10:00",50600,2.29,9.07,0.41,0.35,"NAN","NAN","NAN","NAN",8.511
"2026-03-17 23:20:00",50601,2.39,9.5,0.46,0.4,"NAN","NAN","NAN","NAN",8.489
"2026-03-17 23:30:00",50602,2.58,10.27,0.5,0.43,"NAN","NAN","NAN","NAN",8.494001
"2026-03-17 23:40:00",50603,2.5,9.93,0.44,0.38,"NAN","NAN","NAN","NAN",8.479999
"2026-03-17 23:50:00",50604,1.86,7.35,0.4,0.34,"NAN","NAN","NAN","NAN",8.486
"2026-03-18 00:00:00",50605,2.03,8.020001,0.34,0.27,"NAN","NAN","NAN","NAN",8.489
"2026-03-18 00:10:00",50606,4.08,16.3,0.58,0.51,"NAN","NAN","NAN","NAN",8.494001
"2026-03-18 00:20:00",50607,2.75,10.93,0.52,0.45,"NAN","NAN","NAN","NAN",8.495
"2026-03-18 00:30:00",50608,1.99,7.85,0.33,0.27,"NAN","NAN","NAN","NAN",8.479
"2026-03-18 00:40:00",50609,2.08,8.22,0.46,0.39,"NAN","NAN","NAN","NAN",8.451
"2026-03-18 00:50:00",50610,2.66,10.56,0.51,0.44,"NAN","NAN","NAN","NAN",8.428001
"2026-03-18 01:00:00",50611,2.28,9.020001,0.37,0.31,"NAN","NAN","NAN","NAN",8.425
"2026-03-18 01:10:00",50612,1.43,5.61,0.53,0.47,"NAN","NAN","NAN","NAN",8.412
"2026-03-18 01:20:00",50613,2.25,8.91,0.45,0.39,"NAN","NAN","NAN","NAN",8.404
"2026-03-18 01:30:00",50614,2.67,10.63,0.4,0.34,"NAN","NAN","NAN","NAN",8.4
"2026-03-18 01:40:00",50615,4.84,19.37,0.45,0.39,"NAN","NAN","NAN","NAN",8.373
"2026-03-18 01:50:00",50616,2.38,9.43,0.44,0.37,"NAN","NAN","NAN","NAN",8.37
"2026-03-18 02:00:00",50617,2.63,10.47,0.41,0.34,"NAN","NAN","NAN","NAN",8.333
"2026-03-18 02:10:00",50618,3.37,13.44,0.5,0.43,"NAN","NAN","NAN","NAN",8.343001
"2026-03-18 02:20:00",50619,2.58,10.24,0.42,0.36,"NAN","NAN","NAN","NAN",8.33
"2026-03-18 02:30:00",50620,2.83,11.27,0.37,0.31,"NAN","NAN","NAN","NAN",8.318
"2026-03-18 02:40:00",50621,2.57,10.21,0.38,0.32,"NAN","NAN","NAN","NAN",8.329001
"2026-03-18 02:50:00",50622,2.66,10.57,0.34,0.28,"NAN","NAN","NAN","NAN",8.287
"2026-03-18 03:00:00",50623,3.01,11.98,0.5,0.44,"NAN","NAN","NAN","NAN",8.303001
"2026-03-18 03:10:00",50624,2.59,10.3,0.33,0.27,"NAN","NAN","NAN","NAN",8.259
"2026-03-18 03:20:00",50625,5.69,22.8,0.42,0.36,"NAN","NAN","NAN","NAN",8.25
"2026-03-18 03:30:00",50626,2.86,11.38,0.35,0.29,"NAN","NAN","NAN","NAN",8.269
"2026-03-18 03:40:00",50627,2.91,11.59,0.39,0.32,"NAN","NAN","NAN","NAN",8.24
"2026-03-18 03:50:00",50628,2.14,8.46,0.37,0.31,"NAN","NAN","NAN","NAN",8.205
"2026-03-18 04:00:00",50629,2.27,9.01,0.35,0.29,"NAN","NAN","NAN","NAN",8.175
"2026-03-18 04:10:00",50630,2.02,7.99,0.39,0.32,"NAN","NAN","NAN","NAN",8.165
"2026-03-18 04:20:00",50631,2.55,10.13,0.49,0.43,"NAN","NAN","NAN","NAN",8.178001
"2026-03-18 04:30:00",50632,3.6,14.36,0.65,0.58,"NAN","NAN","NAN","NAN",8.183
"2026-03-18 04:40:00",50633,2.42,9.59,0.43,0.37,"NAN","NAN","NAN","NAN",8.159
"2026-03-18 04:50:00",50634,3.03,12.08,0.61,0.54,"NAN","NAN","NAN","NAN",8.176
"2026-03-18 05:00:00",50635,"NAN","NAN","NAN","NAN","NAN","NAN","NAN","NAN","NAN"
"2026-03-18 05:10:00",50636,3.15,12.54,0.46,0.39,"NAN","NAN","NAN","NAN",8.16
"2026-03-18 05:20:00",50637,4.45,17.81,0.48,0.42,"NAN","NAN","NAN","NAN",8.139
"2026-03-18 05:30:00",50638,3.15,12.53,0.46,0.4,"NAN","NAN","NAN","NAN",8.115
"2026-03-18 05:40:00",50639,2.47,9.8,0.54,0.47,"NAN","NAN","NAN","NAN",8.111
"2026-03-18 05:50:00",50640,2.78,11.06,0.52,0.45,"NAN","NAN","NAN","NAN",8.115
"2026-03-18 06:00:00",50641,2.83,11.28,0.54,0.47,"NAN","NAN","NAN","NAN",8.113
"2026-03-18 06:10:00",50642,2.94,11.7,0.44,0.37,"NAN","NAN","NAN","NAN",8.082
"2026-03-18 06:20:00",50643,3.2,12.77,0.46,0.39,"NAN","NAN","NAN","NAN",8.093001
"2026-03-18 06:30:00",50644,2.88,11.48,0.46,0.4,"NAN","NAN","NAN","NAN",8.071999
"2026-03-18 06:40:00",50645,4.1,16.4,0.43,0.36,"NAN","NAN","NAN","NAN",8.071
"2026-03-18 06:50:00",50646,2.75,10.92,0.43,0.36,"NAN","NAN","NAN","NAN",8.075
"2026-03-18 07:00:00",50647,3.65,14.57,0.43,0.37,"NAN","NAN","NAN","NAN",8.055
"2026-03-18 07:10:00",50648,6.16,24.7,0.52,0.45,"NAN","NAN","NAN","NAN",8.058
"2026-03-18 07:20:00",50649,2.71,10.78,0.49,0.42,"NAN","NAN","NAN","NAN",8.061
"2026-03-18 07:30:00",50650,2.17,8.59,0.39,0.33,"NAN","NAN","NAN","NAN",8.037
"2026-03-18 07:40:00",50651,2.54,10.08,0.4,0.34,"NAN","NAN","NAN","NAN",8.052
"2026-03-18 07:50:00",50652,5.38,21.53,0.54,0.47,"NAN","NAN","NAN","NAN",8.04
"2026-03-18 08:00:00",50653,3.7,14.77,0.53,0.46,"NAN","NAN","NAN","NAN",8.034
"2026-03-18 08:10:00",50654,2.64,10.5,0.42,0.35,"NAN","NAN","NAN","NAN",8.031999
"2026-03-18 08:20:00",50655,2.72,10.83,0.43,0.36,"NAN","NAN","NAN","NAN",8.019
"2026-03-18 08:30:00",50656,3.02,12.03,0.37,0.31,"NAN","NAN","NAN","NAN",8.008
"2026-03-18 08:40:00",50657,2.04,8.07,0.33,0.27,"NAN","NAN","NAN","NAN",8.022
"2026-03-18 08:50:00",50658,2.97,11.84,0.43,0.37,"NAN","NAN","NAN","NAN",8.014
"2026-03-18 09:00:00",50659,2.28,9.04,0.34,0.28,"NAN","NAN","NAN","NAN",8.023
"2026-03-18 09:10:00",50660,2.82,11.2,0.41,0.35,"NAN","NAN","NAN","NAN",8.023
"2026-03-18 09:20:00",50661,2.84,11.3,0.34,0.28,"NAN","NAN","NAN","NAN",8.016
"2026-03-18 09:30:00",50662,2.5,9.939999,0.42,0.36,"NAN","NAN","NAN","NAN",8.014
"2026-03-18 09:40:00",50663,1.62,6.36,0.23,0.17,"NAN","NAN","NAN","NAN",8.012
"2026-03-18 09:50:00",50664,2.02,8.01,0.37,0.3,"NAN","NAN","NAN","NAN",8.015
"2026-03-18 10:00:00",50665,3.94,15.73,0.58,0.51,"NAN","NAN","NAN","NAN",8.001001
"2026-03-18 10:10:00",50666,6.36,25.51,0.51,0.44,"NAN","NAN","NAN","NAN",8.016
"2026-03-18 10:20:00",50667,4.98,19.93,0.54,0.47,"NAN","NAN","NAN","NAN",8.020001
"2026-03-18 10:30:00",50668,3.69,14.72,0.51,0.44,"NAN","NAN","NAN","NAN",8.027001
"2026-03-18 10:40:00",50669,6.19,24.81,0.81,0.74,"NAN","NAN","NAN","NAN",8.029
"2026-03-18 10:50:00",50670,5.17,20.69,0.47,0.41,"NAN","NAN","NAN","NAN",8.024
"2026-03-18 11:00:00",50671,3.65,14.58,0.45,0.39,"NAN","NAN","NAN","NAN",8.038999
"2026-03-18 11:10:00",50672,2.18,8.65,0.3,0.24,"NAN","NAN","NAN","NAN",8.052
"2026-03-18 11:20:00",50673,2.26,8.95,0.36,0.3,"NAN","NAN","NAN","NAN",8.038999
"2026-03-18 11:30:00",50674,3.51,13.99,0.38,0.32,"NAN","NAN","NAN","NAN",8.038999
"2026-03-18 11:40:00",50675,1.71,6.73,0.26,0.2,"NAN","NAN","NAN","NAN",8.031999
"2026-03-18 11:50:00",50676,4.98,19.94,0.56,0.49,"NAN","NAN","NAN","NAN",8.002
"2026-03-18 12:00:00",50677,3.71,14.8,0.47,0.4,"NAN","NAN","NAN","NAN",7.958
"2026-03-18 12:10:00",50678,2.24,8.89,0.44,0.37,"NAN","NAN","NAN","NAN",7.964
"2026-03-18 12:20:00",50679,3.81,15.21,0.47,0.41,"NAN","NAN","NAN","NAN",7.97
"2026-03-18 12:30:00",50680,3.67,14.67,0.45,0.38,"NAN","NAN","NAN","NAN",7.905
"2026-03-18 12:40:00",50681,3.29,13.11,0.47,0.41,"NAN","NAN","NAN","NAN",7.901
"2026-03-18 12:50:00",50682,2.88,11.45,0.49,0.42,"NAN","NAN","NAN","NAN",7.871
"2026-03-18 13:00:00",50683,2.86,11.4,0.44,0.38,"NAN","NAN","NAN","NAN",7.902
"2026-03-18 13:10:00",50684,3.09,12.3,0.42,0.35,"NAN","NAN","NAN","NAN",7.834
"2026-03-18 13:20:00",50685,4.27,17.06,0.4,0.34,"NAN","NAN","NAN","NAN",7.819
