Reservoir,Site,DateTime,WVWA_Pressure_psi,WVWA_Baro_pressure_psi,WVWA_Pressure_psia,WVWA_Flow_cms,WVWA_Temp_C,VT_Pressure_psia,VT_Flow_cms,VT_Temp_C,Flag_WVWA_Pressure_psi,Flag_WVWA_Baro_pressure_psi,Flag_WVWA_Pressure_psia,Flag_WVWA_Flow_cms,Flag_WVWA_Temp_C,Flag_VT_Pressure_psia,Flag_VT_Flow_cms,Flag_VT_Temp_C
FCR,100,2026-01-01 00:00:00,14.332,13.748,0.584,0.03,2.19,0.329,0.017,2.09,0,0,0,0,0,0,0,0
FCR,100,2026-01-01 00:15:00,14.334,13.746,0.588,0.032,2.19,0.329,0.017,2.079,0,0,0,0,0,0,0,0
FCR,100,2026-01-01 00:30:00,14.332,13.747,0.585,0.031,2.19,0.33,0.018,2.073,0,0,0,0,0,0,0,0
FCR,100,2026-01-01 00:45:00,14.333,13.748,0.585,0.031,2.13,0.33,0.018,2.059,0,0,0,0,0,0,0,0
FCR,100,2026-01-01 01:00:00,14.331,13.749,0.582,0.03,2.13,0.33,0.018,2.052,0,0,0,0,0,0,0,0
FCR,100,2026-01-01 01:15:00,14.33,13.746,0.584,0.03,2.13,0.33,0.018,2.047,0,0,0,0,0,0,0,0
FCR,100,2026-01-01 01:30:00,14.332,13.742,0.59,0.032,2.13,0.33,0.018,2.041,0,0,0,0,0,0,0,0
FCR,100,2026-01-01 01:45:00,14.332,13.745,0.587,0.031,2.13,0.329,0.017,2.036,0,0,0,0,0,0,0,0
FCR,100,2026-01-01 02:00:00,14.332,13.742,0.59,0.032,2.13,0.329,0.017,2.034,0,0,0,0,0,0,0,0
FCR,100,2026-01-01 02:15:00,14.333,13.745,0.588,0.032,2.13,0.33,0.018,2.03,0,0,0,0,0,0,0,0
FCR,100,2026-01-01 02:30:00,14.333,13.745,0.588,0.032,2.13,0.329,0.017,2.021,0,0,0,0,0,0,0,0
FCR,100,2026-01-01 02:45:00,14.332,13.747,0.585,0.031,2.06,0.33,0.018,2.008,0,0,0,0,0,0,0,0
FCR,100,2026-01-01 03:00:00,14.327,13.747,0.58,0.029,2.13,0.329,0.017,1.994,0,0,0,0,0,0,0,0
FCR,100,2026-01-01 03:15:00,14.325,13.744,0.581,0.029,2.06,0.329,0.017,1.987,0,0,0,0,0,0,0,0
FCR,100,2026-01-01 03:30:00,14.328,13.742,0.586,0.031,2.06,0.329,0.017,1.984,0,0,0,0,0,0,0,0
FCR,100,2026-01-01 03:45:00,14.324,13.74,0.584,0.03,2.06,0.329,0.017,1.981,0,0,0,0,0,0,0,0
FCR,100,2026-01-01 04:00:00,14.331,13.741,0.59,0.032,2.06,0.329,0.017,1.972,0,0,0,0,0,0,0,0
FCR,100,2026-01-01 04:15:00,14.329,13.741,0.588,0.032,2.06,0.323,0.016,1.969,0,0,0,0,0,0,0,0
FCR,100,2026-01-01 04:30:00,14.331,13.746,0.585,0.031,2.06,0.328,0.017,1.965,0,0,0,0,0,0,0,0
FCR,100,2026-01-01 04:45:00,14.338,13.742,0.596,0.034,2.06,0.328,0.017,1.967,0,0,0,0,0,0,0,0
FCR,100,2026-01-01 05:00:00,14.336,13.744,0.592,0.033,2.13,0.33,0.018,1.978,0,0,0,0,0,0,0,0
FCR,100,2026-01-01 05:15:00,14.338,13.749,0.589,0.032,2.13,0.327,0.017,2,0,0,0,0,0,0,0,0
FCR,100,2026-01-01 05:30:00,14.34,13.751,0.589,0.032,2.13,0.329,0.017,2.02,0,0,0,0,0,0,0,0
FCR,100,2026-01-01 05:45:00,14.339,13.749,0.59,0.032,2.13,0.328,0.017,2.039,0,0,0,0,0,0,0,0
FCR,100,2026-01-01 06:00:00,14.341,13.754,0.587,0.031,2.19,0.328,0.017,2.066,0,0,0,0,0,0,0,0
FCR,100,2026-01-01 06:15:00,14.345,13.752,0.593,0.033,2.13,0.328,0.017,2.076,0,0,0,0,0,0,0,0
FCR,100,2026-01-01 06:30:00,14.35,13.761,0.589,0.032,2.19,0.327,0.017,2.086,0,0,0,0,0,0,0,0
FCR,100,2026-01-01 06:45:00,14.349,13.759,0.59,0.032,2.19,0.327,0.017,2.094,0,0,0,0,0,0,0,0
FCR,100,2026-01-01 07:00:00,14.357,13.762,0.595,0.034,2.19,0.327,0.017,2.103,0,0,0,0,0,0,0,0
FCR,100,2026-01-01 07:15:00,14.358,13.766,0.592,0.033,2.25,0.329,0.017,2.118,0,0,0,0,0,0,0,0
FCR,100,2026-01-01 07:30:00,14.359,13.77,0.589,0.032,2.25,0.326,0.017,2.141,0,0,0,0,0,0,0,0
FCR,100,2026-01-01 07:45:00,14.361,13.775,0.586,0.031,2.25,0.329,0.017,2.161,0,0,0,0,0,0,0,0
FCR,100,2026-01-01 08:00:00,14.364,13.775,0.589,0.032,2.31,0.329,0.017,2.179,0,0,0,0,0,0,0,0
FCR,100,2026-01-01 08:15:00,14.365,13.776,0.589,0.032,2.38,0.328,0.017,2.211,0,0,0,0,0,0,0,0
FCR,100,2026-01-01 08:30:00,14.367,13.78,0.587,0.031,2.38,0.329,0.017,2.263,0,0,0,0,0,0,0,0
FCR,100,2026-01-01 08:45:00,14.37,13.779,0.591,0.033,2.44,0.33,0.018,2.31,0,0,0,0,0,0,0,0
FCR,100,2026-01-01 09:00:00,14.376,13.785,0.591,0.033,2.5,0.328,0.017,2.359,0,0,0,0,0,0,0,0
FCR,100,2026-01-01 09:15:00,14.378,13.787,0.591,0.033,2.5,0.328,0.017,2.409,0,0,0,0,0,0,0,0
FCR,100,2026-01-01 09:30:00,14.379,13.79,0.589,0.032,2.56,0.329,0.017,2.456,0,0,0,0,0,0,0,0
FCR,100,2026-01-01 09:45:00,14.378,13.795,0.583,0.03,2.56,0.327,0.017,2.48,0,0,0,0,0,0,0,0
FCR,100,2026-01-01 10:00:00,14.376,13.79,0.586,0.031,2.5,0.327,0.017,2.455,0,0,0,0,0,0,0,0
FCR,100,2026-01-01 10:15:00,14.371,13.793,0.578,0.028,2.5,0.327,0.017,2.436,0,0,0,0,0,0,0,0
FCR,100,2026-01-01 10:30:00,14.373,13.795,0.578,0.028,2.5,0.326,0.017,2.425,0,0,0,0,0,0,0,0
FCR,100,2026-01-01 10:45:00,14.378,13.79,0.588,0.032,2.5,0.328,0.017,2.426,0,0,0,0,0,0,0,0
FCR,100,2026-01-01 11:00:00,14.383,13.792,0.591,0.033,2.56,0.328,0.017,2.458,0,0,0,0,0,0,0,0
FCR,100,2026-01-01 11:15:00,14.386,13.796,0.59,0.032,2.69,0.327,0.017,2.525,0,0,0,0,0,0,0,0
FCR,100,2026-01-01 11:30:00,14.387,13.801,0.586,0.031,2.75,0.329,0.017,2.618,0,0,0,0,0,0,0,0
FCR,100,2026-01-01 11:45:00,14.388,13.803,0.585,0.031,2.81,0.33,0.018,2.672,0,0,0,0,0,0,0,0
FCR,100,2026-01-01 12:00:00,14.386,13.802,0.584,0.03,3,0.33,0.018,2.754,0,0,0,0,0,0,0,0
FCR,100,2026-01-01 12:15:00,14.385,13.806,0.579,0.029,3.13,0.331,0.018,2.912,0,0,0,0,0,0,0,0
FCR,100,2026-01-01 12:30:00,14.382,13.798,0.584,0.03,3.25,0.331,0.018,3.084,0,0,0,0,0,0,0,0
FCR,100,2026-01-01 12:45:00,14.381,13.797,0.584,0.03,3.38,0.33,0.018,3.233,0,0,0,0,0,0,0,0
FCR,100,2026-01-01 13:00:00,14.386,13.802,0.584,0.03,3.5,0.331,0.018,3.358,0,0,0,0,0,0,0,0
FCR,100,2026-01-01 13:15:00,14.389,13.798,0.591,0.033,3.56,0.33,0.018,3.444,0,0,0,0,0,0,0,0
FCR,100,2026-01-01 13:30:00,14.39,13.803,0.587,0.031,3.63,0.33,0.018,3.517,0,0,0,0,0,0,0,0
FCR,100,2026-01-01 13:45:00,14.388,13.806,0.582,0.03,3.69,0.331,0.018,3.587,0,0,0,0,0,0,0,0
FCR,100,2026-01-01 14:00:00,14.389,13.804,0.585,0.031,3.69,0.331,0.018,3.626,0,0,0,0,0,0,0,0
FCR,100,2026-01-01 14:15:00,14.391,13.804,0.587,0.031,3.69,0.331,0.018,3.621,0,0,0,0,0,0,0,0
FCR,100,2026-01-01 14:30:00,14.394,13.805,0.589,0.032,3.69,0.331,0.018,3.622,0,0,0,0,0,0,0,0
FCR,100,2026-01-01 14:45:00,14.4,13.808,0.592,0.033,3.63,0.331,0.018,3.617,0,0,0,0,0,0,0,0
FCR,100,2026-01-01 15:00:00,14.4,13.81,0.59,0.032,3.63,0.33,0.018,3.592,0,0,0,0,0,0,0,0
FCR,100,2026-01-01 15:15:00,14.4,13.816,0.584,0.03,3.63,0.331,0.018,3.581,0,0,0,0,0,0,0,0
FCR,100,2026-01-01 15:30:00,14.402,13.817,0.585,0.031,3.56,0.331,0.018,3.561,0,0,0,0,0,0,0,0
FCR,100,2026-01-01 15:45:00,14.405,13.815,0.59,0.032,3.5,0.331,0.018,3.525,0,0,0,0,0,0,0,0
FCR,100,2026-01-01 16:00:00,14.405,13.815,0.59,0.032,3.44,0.33,0.018,3.465,0,0,0,0,0,0,0,0
FCR,100,2026-01-01 16:15:00,14.408,13.816,0.592,0.033,3.38,0.331,0.018,3.374,0,0,0,0,0,0,0,0
FCR,100,2026-01-01 16:30:00,14.407,13.814,0.593,0.033,3.25,0.33,0.018,3.286,0,0,0,0,0,0,0,0
FCR,100,2026-01-01 16:45:00,14.404,13.82,0.584,0.03,3.25,0.33,0.018,3.213,0,0,0,0,0,0,0,0
FCR,100,2026-01-01 17:00:00,14.41,13.821,0.589,0.032,3.19,0.33,0.018,3.17,0,0,0,0,0,0,0,0
FCR,100,2026-01-01 17:15:00,14.41,13.818,0.592,0.033,3.13,0.33,0.018,3.136,0,0,0,0,0,0,0,0
FCR,100,2026-01-01 17:30:00,14.409,13.819,0.59,0.032,3.13,0.33,0.018,3.1,0,0,0,0,0,0,0,0
FCR,100,2026-01-01 17:45:00,14.41,13.822,0.588,0.032,3.13,0.331,0.018,3.065,0,0,0,0,0,0,0,0
FCR,100,2026-01-01 18:00:00,14.412,13.822,0.59,0.032,3.13,0.33,0.018,3.04,0,0,0,0,0,0,0,0
FCR,100,2026-01-01 18:15:00,14.411,13.821,0.59,0.032,3.06,0.33,0.018,3.017,0,0,0,0,0,0,0,0
FCR,100,2026-01-01 18:30:00,14.409,13.825,0.584,0.03,3,0.33,0.018,2.971,0,0,0,0,0,0,0,0
FCR,100,2026-01-01 18:45:00,14.411,13.824,0.587,0.031,2.94,0.33,0.018,2.919,0,0,0,0,0,0,0,0
FCR,100,2026-01-01 19:00:00,14.412,13.824,0.588,0.032,2.94,0.329,0.017,2.866,0,0,0,0,0,0,0,0
FCR,100,2026-01-01 19:15:00,14.411,13.824,0.587,0.031,2.81,0.329,0.017,2.808,0,0,0,0,0,0,0,0
FCR,100,2026-01-01 19:30:00,14.411,13.823,0.588,0.032,2.75,0.328,0.017,2.747,0,0,0,0,0,0,0,0
FCR,100,2026-01-01 19:45:00,14.411,13.823,0.588,0.032,2.75,0.329,0.017,2.686,0,0,0,0,0,0,0,0
FCR,100,2026-01-01 20:00:00,14.411,13.825,0.586,0.031,2.69,0.329,0.017,2.629,0,0,0,0,0,0,0,0
FCR,100,2026-01-01 20:15:00,14.407,13.823,0.584,0.03,2.63,0.328,0.017,2.574,0,0,0,0,0,0,0,0
FCR,100,2026-01-01 20:30:00,14.406,13.821,0.585,0.031,2.56,0.329,0.017,2.522,0,0,0,0,0,0,0,0
FCR,100,2026-01-01 20:45:00,14.402,13.819,0.583,0.03,2.5,0.328,0.017,2.471,0,0,0,0,0,0,0,0
FCR,100,2026-01-01 21:00:00,14.404,13.818,0.586,0.031,2.5,0.328,0.017,2.435,0,0,0,0,0,0,0,0
FCR,100,2026-01-01 21:15:00,14.4,13.816,0.584,0.03,2.5,0.328,0.017,2.429,0,0,0,0,0,0,0,0
FCR,100,2026-01-01 21:30:00,14.4,13.818,0.582,0.03,2.5,0.327,0.017,2.42,0,0,0,0,0,0,0,0
FCR,100,2026-01-01 21:45:00,14.399,13.814,0.585,0.031,2.44,0.328,0.017,2.391,0,0,0,0,0,0,0,0
FCR,100,2026-01-01 22:00:00,14.398,13.815,0.583,0.03,2.44,0.328,0.017,2.361,0,0,0,0,0,0,0,0
FCR,100,2026-01-01 22:15:00,14.392,13.813,0.579,0.029,2.38,0.328,0.017,2.333,0,0,0,0,0,0,0,0
FCR,100,2026-01-01 22:30:00,14.394,13.809,0.585,0.031,2.38,0.328,0.017,2.304,0,0,0,0,0,0,0,0
FCR,100,2026-01-01 22:45:00,14.392,13.807,0.585,0.031,2.31,0.327,0.017,2.273,0,0,0,0,0,0,0,0
FCR,100,2026-01-01 23:00:00,14.391,13.806,0.585,0.031,2.31,0.328,0.017,2.244,0,0,0,0,0,0,0,0
FCR,100,2026-01-01 23:15:00,14.387,13.805,0.582,0.03,2.25,0.327,0.017,2.215,0,0,0,0,0,0,0,0
FCR,100,2026-01-01 23:30:00,14.387,13.803,0.584,0.03,2.25,0.328,0.017,2.19,0,0,0,0,0,0,0,0
FCR,100,2026-01-01 23:45:00,14.384,13.8,0.584,0.03,2.25,0.328,0.017,2.169,0,0,0,0,0,0,0,0
FCR,100,2026-01-02 00:00:00,14.381,13.798,0.583,0.03,2.25,0.328,0.017,2.166,0,0,0,0,0,0,0,0
FCR,100,2026-01-02 00:15:00,14.377,13.798,0.579,0.029,2.25,0.328,0.017,2.176,0,0,0,0,0,0,0,0
FCR,100,2026-01-02 00:30:00,14.372,13.793,0.579,0.029,2.25,0.327,0.017,2.186,0,0,0,0,0,0,0,0
FCR,100,2026-01-02 00:45:00,14.369,13.79,0.579,0.029,2.31,0.327,0.017,2.192,0,0,0,0,0,0,0,0
FCR,100,2026-01-02 01:00:00,14.369,13.786,0.583,0.03,2.25,0.328,0.017,2.194,0,0,0,0,0,0,0,0
FCR,100,2026-01-02 01:15:00,14.368,13.783,0.585,0.031,2.25,0.327,0.017,2.187,0,0,0,0,0,0,0,0
FCR,100,2026-01-02 01:30:00,14.366,13.781,0.585,0.031,2.25,0.328,0.017,2.169,0,0,0,0,0,0,0,0
FCR,100,2026-01-02 01:45:00,14.363,13.78,0.583,0.03,2.19,0.328,0.017,2.147,0,0,0,0,0,0,0,0
FCR,100,2026-01-02 02:00:00,14.362,13.779,0.583,0.03,2.19,0.326,0.017,2.12,0,0,0,0,0,0,0,0
FCR,100,2026-01-02 02:15:00,14.363,13.776,0.587,0.031,2.19,0.328,0.017,2.094,0,0,0,0,0,0,0,0
FCR,100,2026-01-02 02:30:00,14.361,13.775,0.586,0.031,2.19,0.327,0.017,2.078,0,0,0,0,0,0,0,0
FCR,100,2026-01-02 02:45:00,14.36,13.774,0.586,0.031,2.19,0.327,0.017,2.092,0,0,0,0,0,0,0,0
FCR,100,2026-01-02 03:00:00,14.36,13.774,0.586,0.031,2.25,0.328,0.017,2.11,0,0,0,0,0,0,0,0
FCR,100,2026-01-02 03:15:00,14.359,13.772,0.587,0.031,2.25,0.327,0.017,2.129,0,0,0,0,0,0,0,0
FCR,100,2026-01-02 03:30:00,14.358,13.772,0.586,0.031,2.25,0.328,0.017,2.15,0,0,0,0,0,0,0,0
FCR,100,2026-01-02 03:45:00,14.356,13.771,0.585,0.031,2.31,0.328,0.017,2.172,0,0,0,0,0,0,0,0
FCR,100,2026-01-02 04:00:00,14.353,13.768,0.585,0.031,2.31,0.328,0.017,2.194,0,0,0,0,0,0,0,0
FCR,100,2026-01-02 04:15:00,14.354,13.768,0.586,0.031,2.31,0.328,0.017,2.214,0,0,0,0,0,0,0,0
FCR,100,2026-01-02 04:30:00,14.352,13.766,0.586,0.031,2.38,0.327,0.017,2.231,0,0,0,0,0,0,0,0
FCR,100,2026-01-02 04:45:00,14.353,13.767,0.586,0.031,2.38,0.328,0.017,2.251,0,0,0,0,0,0,0,0
FCR,100,2026-01-02 05:00:00,14.354,13.766,0.588,0.032,2.38,0.328,0.017,2.264,0,0,0,0,0,0,0,0
FCR,100,2026-01-02 05:15:00,14.352,13.766,0.586,0.031,2.38,0.328,0.017,2.273,0,0,0,0,0,0,0,0
FCR,100,2026-01-02 05:30:00,14.351,13.765,0.586,0.031,2.38,0.328,0.017,2.27,0,0,0,0,0,0,0,0
FCR,100,2026-01-02 05:45:00,14.353,13.766,0.587,0.031,2.38,0.327,0.017,2.271,0,0,0,0,0,0,0,0
FCR,100,2026-01-02 06:00:00,14.354,13.767,0.587,0.031,2.38,0.328,0.017,2.267,0,0,0,0,0,0,0,0
FCR,100,2026-01-02 06:15:00,14.353,13.767,0.586,0.031,2.31,0.327,0.017,2.261,0,0,0,0,0,0,0,0
FCR,100,2026-01-02 06:30:00,14.351,13.768,0.583,0.03,2.31,0.327,0.017,2.255,0,0,0,0,0,0,0,0
FCR,100,2026-01-02 06:45:00,14.352,13.768,0.584,0.03,2.31,0.327,0.017,2.238,0,0,0,0,0,0,0,0
FCR,100,2026-01-02 07:00:00,14.352,13.766,0.586,0.031,2.25,0.327,0.017,2.213,0,0,0,0,0,0,0,0
FCR,100,2026-01-02 07:15:00,14.351,13.768,0.583,0.03,2.25,0.327,0.017,2.187,0,0,0,0,0,0,0,0
FCR,100,2026-01-02 07:30:00,14.352,13.767,0.585,0.031,2.25,0.326,0.017,2.168,0,0,0,0,0,0,0,0
FCR,100,2026-01-02 07:45:00,14.353,13.766,0.587,0.031,2.25,0.327,0.017,2.16,0,0,0,0,0,0,0,0
FCR,100,2026-01-02 08:00:00,14.353,13.767,0.586,0.031,2.25,0.327,0.017,2.156,0,0,0,0,0,0,0,0
FCR,100,2026-01-02 08:15:00,14.352,13.769,0.583,0.03,2.31,0.326,0.017,2.173,0,0,0,0,0,0,0,0
FCR,100,2026-01-02 08:30:00,14.354,13.769,0.585,0.031,2.31,0.327,0.017,2.202,0,0,0,0,0,0,0,0
FCR,100,2026-01-02 08:45:00,14.357,13.769,0.588,0.032,2.38,0.326,0.017,2.23,0,0,0,0,0,0,0,0
FCR,100,2026-01-02 09:00:00,14.357,13.771,0.586,0.031,2.38,0.327,0.017,2.258,0,0,0,0,0,0,0,0
FCR,100,2026-01-02 09:15:00,14.357,13.773,0.584,0.03,2.44,0.326,0.017,2.29,0,0,0,0,0,0,0,0
FCR,100,2026-01-02 09:30:00,14.357,13.773,0.584,0.03,2.44,0.327,0.017,2.33,0,0,0,0,0,0,0,0
FCR,100,2026-01-02 09:45:00,14.36,13.773,0.587,0.031,2.56,0.326,0.017,2.379,0,0,0,0,0,0,0,0
FCR,100,2026-01-02 10:00:00,14.362,13.775,0.587,0.031,2.63,0.327,0.017,2.437,0,0,0,0,0,0,0,0
FCR,100,2026-01-02 10:15:00,14.361,13.779,0.582,0.03,2.63,0.327,0.017,2.503,0,0,0,0,0,0,0,0
FCR,100,2026-01-02 10:30:00,14.359,13.779,0.58,0.029,2.75,0.327,0.017,2.573,0,0,0,0,0,0,0,0
FCR,100,2026-01-02 10:45:00,14.358,13.778,0.58,0.029,2.81,0.329,0.017,2.651,0,0,0,0,0,0,0,0
FCR,100,2026-01-02 11:00:00,14.355,13.777,0.578,0.028,2.94,0.328,0.017,2.743,0,0,0,0,0,0,0,0
FCR,100,2026-01-02 11:15:00,14.351,13.774,0.577,0.028,3.06,0.329,0.017,2.851,0,0,0,0,0,0,0,0
FCR,100,2026-01-02 11:30:00,14.348,13.771,0.577,0.028,3.19,0.329,0.017,2.972,0,0,0,0,0,0,0,0
FCR,100,2026-01-02 11:45:00,14.345,13.767,0.578,0.028,3.31,0.328,0.017,3.103,0,0,0,0,0,0,0,0
FCR,100,2026-01-02 12:00:00,14.344,13.765,0.579,0.029,3.44,0.33,0.018,3.23,0,0,0,0,0,0,0,0
FCR,100,2026-01-02 12:15:00,14.342,13.762,0.58,0.029,3.56,0.329,0.017,3.352,0,0,0,0,0,0,0,0
FCR,100,2026-01-02 12:30:00,14.339,13.758,0.581,0.029,3.75,0.329,0.017,3.493,0,0,0,0,0,0,0,0
FCR,100,2026-01-02 12:45:00,14.339,13.76,0.579,0.029,3.88,0.33,0.018,3.633,0,0,0,0,0,0,0,0
FCR,100,2026-01-02 13:00:00,14.338,13.757,0.581,0.029,3.94,0.331,0.018,3.776,0,0,0,0,0,0,0,0
FCR,100,2026-01-02 13:15:00,14.334,13.752,0.582,0.03,4.06,0.332,0.018,3.889,0,0,0,0,0,0,0,0
FCR,100,2026-01-02 13:30:00,14.333,13.751,0.582,0.03,4.19,0.331,0.018,3.997,0,0,0,0,0,0,0,0
FCR,100,2026-01-02 13:45:00,14.331,13.751,0.58,0.029,4.25,0.331,0.018,4.094,0,0,0,0,0,0,0,0
FCR,100,2026-01-02 14:00:00,14.335,13.747,0.588,0.032,4.38,0.331,0.018,4.197,0,0,0,0,0,0,0,0
FCR,100,2026-01-02 14:15:00,14.333,13.748,0.585,0.031,4.44,0.33,0.018,4.275,0,0,0,0,0,0,0,0
FCR,100,2026-01-02 14:30:00,14.334,13.747,0.587,0.031,4.5,0.33,0.018,4.359,0,0,0,0,0,0,0,0
FCR,100,2026-01-02 14:45:00,14.335,13.746,0.589,0.032,4.56,0.332,0.018,4.423,0,0,0,0,0,0,0,0
FCR,100,2026-01-02 15:00:00,14.339,13.747,0.592,0.033,4.63,0.331,0.018,4.483,0,0,0,0,0,0,0,0
FCR,100,2026-01-02 15:15:00,14.341,13.751,0.59,0.032,4.56,0.332,0.018,4.526,0,0,0,0,0,0,0,0
FCR,100,2026-01-02 15:30:00,14.343,13.753,0.59,0.032,4.63,0.331,0.018,4.549,0,0,0,0,0,0,0,0
FCR,100,2026-01-02 15:45:00,14.345,13.756,0.589,0.032,4.69,0.332,0.018,4.587,0,0,0,0,0,0,0,0
FCR,100,2026-01-02 16:00:00,14.345,13.758,0.587,0.031,4.69,0.332,0.018,4.629,0,0,0,0,0,0,0,0
FCR,100,2026-01-02 16:15:00,14.344,13.76,0.584,0.03,4.75,0.332,0.018,4.652,0,0,0,0,0,0,0,0
FCR,100,2026-01-02 16:30:00,14.344,13.759,0.585,0.031,4.75,0.332,0.018,4.66,0,0,0,0,0,0,0,0
FCR,100,2026-01-02 16:45:00,14.347,13.759,0.588,0.032,4.69,0.332,0.018,4.653,0,0,0,0,0,0,0,0
FCR,100,2026-01-02 17:00:00,14.347,13.759,0.588,0.032,4.69,0.332,0.018,4.641,0,0,0,0,0,0,0,0
FCR,100,2026-01-02 17:15:00,14.348,13.761,0.587,0.031,4.63,0.332,0.018,4.62,0,0,0,0,0,0,0,0
FCR,100,2026-01-02 17:30:00,14.351,13.761,0.59,0.032,4.63,0.332,0.018,4.6,0,0,0,0,0,0,0,0
FCR,100,2026-01-02 17:45:00,14.355,13.762,0.593,0.033,4.63,0.331,0.018,4.584,0,0,0,0,0,0,0,0
FCR,100,2026-01-02 18:00:00,14.355,13.765,0.59,0.032,4.63,0.332,0.018,4.572,0,0,0,0,0,0,0,0
FCR,100,2026-01-02 18:15:00,14.358,13.767,0.591,0.033,4.63,0.332,0.018,4.562,0,0,0,0,0,0,0,0
FCR,100,2026-01-02 18:30:00,14.36,13.772,0.588,0.032,4.63,0.332,0.018,4.551,0,0,0,0,0,0,0,0
FCR,100,2026-01-02 18:45:00,14.361,13.774,0.587,0.031,4.56,0.331,0.018,4.539,0,0,0,0,0,0,0,0
FCR,100,2026-01-02 19:00:00,14.365,13.776,0.589,0.032,4.56,0.331,0.018,4.527,0,0,0,0,0,0,0,0
FCR,100,2026-01-02 19:15:00,14.365,13.778,0.587,0.031,4.56,0.332,0.018,4.516,0,0,0,0,0,0,0,0
FCR,100,2026-01-02 19:30:00,14.367,13.781,0.586,0.031,4.56,0.331,0.018,4.505,0,0,0,0,0,0,0,0
FCR,100,2026-01-02 19:45:00,14.368,13.779,0.589,0.032,4.56,0.332,0.018,4.495,0,0,0,0,0,0,0,0
FCR,100,2026-01-02 20:00:00,14.373,13.782,0.591,0.033,4.56,0.331,0.018,4.487,0,0,0,0,0,0,0,0
FCR,100,2026-01-02 20:15:00,14.374,13.783,0.591,0.033,4.5,0.332,0.018,4.481,0,0,0,0,0,0,0,0
FCR,100,2026-01-02 20:30:00,14.375,13.787,0.588,0.032,4.5,0.331,0.018,4.472,0,0,0,0,0,0,0,0
FCR,100,2026-01-02 20:45:00,14.378,13.79,0.588,0.032,4.5,0.331,0.018,4.463,0,0,0,0,0,0,0,0
FCR,100,2026-01-02 21:00:00,14.378,13.791,0.587,0.031,4.5,0.331,0.018,4.45,0,0,0,0,0,0,0,0
FCR,100,2026-01-02 21:15:00,14.38,13.791,0.589,0.032,4.5,0.332,0.018,4.437,0,0,0,0,0,0,0,0
FCR,100,2026-01-02 21:30:00,14.382,13.793,0.589,0.032,4.44,0.33,0.018,4.426,0,0,0,0,0,0,0,0
FCR,100,2026-01-02 21:45:00,14.384,13.796,0.588,0.032,4.44,0.332,0.018,4.414,0,0,0,0,0,0,0,0
FCR,100,2026-01-02 22:00:00,14.384,13.798,0.586,0.031,4.44,0.331,0.018,4.396,0,0,0,0,0,0,0,0
FCR,100,2026-01-02 22:15:00,14.384,13.798,0.586,0.031,4.44,0.331,0.018,4.375,0,0,0,0,0,0,0,0
FCR,100,2026-01-02 22:30:00,14.387,13.798,0.589,0.032,4.38,0.331,0.018,4.354,0,0,0,0,0,0,0,0
FCR,100,2026-01-02 22:45:00,14.388,13.801,0.587,0.031,4.38,0.331,0.018,4.338,0,0,0,0,0,0,0,0
FCR,100,2026-01-02 23:00:00,14.389,13.803,0.586,0.031,4.38,0.33,0.018,4.32,0,0,0,0,0,0,0,0
FCR,100,2026-01-02 23:15:00,14.39,13.803,0.587,0.031,4.31,0.331,0.018,4.304,0,0,0,0,0,0,0,0
FCR,100,2026-01-02 23:30:00,14.39,13.804,0.586,0.031,4.31,0.331,0.018,4.284,0,0,0,0,0,0,0,0
FCR,100,2026-01-02 23:45:00,14.39,13.806,0.584,0.03,4.31,0.331,0.018,4.265,0,0,0,0,0,0,0,0
FCR,100,2026-01-03 00:00:00,14.391,13.806,0.585,0.031,4.31,0.331,0.018,4.249,0,0,0,0,0,0,0,0
FCR,100,2026-01-03 00:15:00,14.391,13.804,0.587,0.031,4.25,0.33,0.018,4.236,0,0,0,0,0,0,0,0
FCR,100,2026-01-03 00:30:00,14.393,13.805,0.588,0.032,4.25,0.33,0.018,4.227,0,0,0,0,0,0,0,0
FCR,100,2026-01-03 00:45:00,14.392,13.806,0.586,0.031,4.31,0.331,0.018,4.221,0,0,0,0,0,0,0,0
FCR,100,2026-01-03 01:00:00,14.393,13.808,0.585,0.031,4.25,0.33,0.018,4.216,0,0,0,0,0,0,0,0
FCR,100,2026-01-03 01:15:00,14.392,13.808,0.584,0.03,4.25,0.33,0.018,4.211,0,0,0,0,0,0,0,0
FCR,100,2026-01-03 01:30:00,14.395,13.809,0.586,0.031,4.25,0.33,0.018,4.207,0,0,0,0,0,0,0,0
FCR,100,2026-01-03 01:45:00,14.395,13.809,0.586,0.031,4.25,0.33,0.018,4.205,0,0,0,0,0,0,0,0
FCR,100,2026-01-03 02:00:00,14.399,13.809,0.59,0.032,4.25,0.331,0.018,4.203,0,0,0,0,0,0,0,0
FCR,100,2026-01-03 02:15:00,14.401,13.811,0.59,0.032,4.25,0.331,0.018,4.202,0,0,0,0,0,0,0,0
FCR,100,2026-01-03 02:30:00,14.403,13.814,0.589,0.032,4.25,0.33,0.018,4.196,0,0,0,0,0,0,0,0
FCR,100,2026-01-03 02:45:00,14.403,13.817,0.586,0.031,4.25,0.332,0.018,4.189,0,0,0,0,0,0,0,0
FCR,100,2026-01-03 03:00:00,14.405,13.818,0.587,0.031,4.25,0.33,0.018,4.178,0,0,0,0,0,0,0,0
FCR,100,2026-01-03 03:15:00,14.403,13.817,0.586,0.031,4.19,0.331,0.018,4.161,0,0,0,0,0,0,0,0
FCR,100,2026-01-03 03:30:00,14.404,13.818,0.586,0.031,4.19,0.33,0.018,4.142,0,0,0,0,0,0,0,0
FCR,100,2026-01-03 03:45:00,14.404,13.818,0.586,0.031,4.13,0.331,0.018,4.116,0,0,0,0,0,0,0,0
FCR,100,2026-01-03 04:00:00,14.406,13.82,0.586,0.031,4.13,0.331,0.018,4.086,0,0,0,0,0,0,0,0
FCR,100,2026-01-03 04:15:00,14.405,13.818,0.587,0.031,4.06,0.331,0.018,4.051,0,0,0,0,0,0,0,0
FCR,100,2026-01-03 04:30:00,14.41,13.818,0.592,0.033,4.06,0.331,0.018,4.012,0,0,0,0,0,0,0,0
FCR,100,2026-01-03 04:45:00,14.416,13.82,0.596,0.034,4,0.331,0.018,3.968,0,0,0,0,0,0,0,0
FCR,100,2026-01-03 05:00:00,14.418,13.825,0.593,0.033,3.94,0.33,0.018,3.922,0,0,0,0,0,0,0,0
FCR,100,2026-01-03 05:15:00,14.421,13.83,0.591,0.033,3.88,0.331,0.018,3.873,0,0,0,0,0,0,0,0
FCR,100,2026-01-03 05:30:00,14.423,13.832,0.591,0.033,3.81,0.331,0.018,3.811,0,0,0,0,0,0,0,0
FCR,100,2026-01-03 05:45:00,14.424,13.835,0.589,0.032,3.75,0.331,0.018,3.749,0,0,0,0,0,0,0,0
FCR,100,2026-01-03 06:00:00,14.426,13.836,0.59,0.032,3.69,0.33,0.018,3.682,0,0,0,0,0,0,0,0
FCR,100,2026-01-03 06:15:00,14.429,13.837,0.592,0.033,3.63,0.33,0.018,3.614,0,0,0,0,0,0,0,0
FCR,100,2026-01-03 06:30:00,14.43,13.839,0.591,0.033,3.56,0.33,0.018,3.548,0,0,0,0,0,0,0,0
FCR,100,2026-01-03 06:45:00,14.433,13.843,0.59,0.032,3.5,0.329,0.017,3.496,0,0,0,0,0,0,0,0
FCR,100,2026-01-03 07:00:00,14.434,13.845,0.589,0.032,3.5,0.329,0.017,3.449,0,0,0,0,0,0,0,0
FCR,100,2026-01-03 07:15:00,14.435,13.849,0.586,0.031,3.44,0.329,0.017,3.411,0,0,0,0,0,0,0,0
FCR,100,2026-01-03 07:30:00,14.436,13.848,0.588,0.032,3.38,0.329,0.017,3.373,0,0,0,0,0,0,0,0
FCR,100,2026-01-03 07:45:00,14.435,13.85,0.585,0.031,3.38,0.329,0.017,3.341,0,0,0,0,0,0,0,0
FCR,100,2026-01-03 08:00:00,14.439,13.851,0.588,0.032,3.38,0.328,0.017,3.319,0,0,0,0,0,0,0,0
FCR,100,2026-01-03 08:15:00,14.44,13.851,0.589,0.032,3.38,0.329,0.017,3.29,0,0,0,0,0,0,0,0
FCR,100,2026-01-03 08:30:00,14.444,13.853,0.591,0.033,3.31,0.329,0.017,3.274,0,0,0,0,0,0,0,0
FCR,100,2026-01-03 08:45:00,14.444,13.857,0.587,0.031,3.31,0.328,0.017,3.261,0,0,0,0,0,0,0,0
FCR,100,2026-01-03 09:00:00,14.448,13.861,0.587,0.031,3.31,0.329,0.017,3.248,0,0,0,0,0,0,0,0
FCR,100,2026-01-03 09:15:00,14.447,13.86,0.587,0.031,3.31,0.328,0.017,3.241,0,0,0,0,0,0,0,0
FCR,100,2026-01-03 09:30:00,14.448,13.863,0.585,0.031,3.38,0.328,0.017,3.256,0,0,0,0,0,0,0,0
FCR,100,2026-01-03 09:45:00,14.448,13.864,0.584,0.03,3.38,0.329,0.017,3.283,0,0,0,0,0,0,0,0
FCR,100,2026-01-03 10:00:00,14.451,13.865,0.586,0.031,3.44,0.329,0.017,3.306,0,0,0,0,0,0,0,0
FCR,100,2026-01-03 10:15:00,14.449,13.866,0.583,0.03,3.44,0.329,0.017,3.356,0,0,0,0,0,0,0,0
FCR,100,2026-01-03 10:30:00,14.448,13.867,0.581,0.029,3.5,0.329,0.017,3.392,0,0,0,0,0,0,0,0
FCR,100,2026-01-03 10:45:00,14.445,13.865,0.58,0.029,3.56,0.329,0.017,3.43,0,0,0,0,0,0,0,0
FCR,100,2026-01-03 11:00:00,14.444,13.864,0.58,0.029,3.63,0.329,0.017,3.484,0,0,0,0,0,0,0,0
FCR,100,2026-01-03 11:15:00,14.44,13.863,0.577,0.028,3.69,0.329,0.017,3.558,0,0,0,0,0,0,0,0
FCR,100,2026-01-03 11:30:00,14.435,13.858,0.577,0.028,3.81,0.329,0.017,3.625,0,0,0,0,0,0,0,0
FCR,100,2026-01-03 11:45:00,14.432,13.855,0.577,0.028,3.88,0.33,0.018,3.722,0,0,0,0,0,0,0,0
FCR,100,2026-01-03 12:00:00,14.43,13.853,0.577,0.028,3.94,0.33,0.018,3.829,0,0,0,0,0,0,0,0
FCR,100,2026-01-03 12:15:00,14.428,13.848,0.58,0.029,4,0.33,0.018,3.883,0,0,0,0,0,0,0,0
FCR,100,2026-01-03 12:30:00,14.427,13.846,0.581,0.029,4.06,0.33,0.018,3.924,0,0,0,0,0,0,0,0
FCR,100,2026-01-03 12:45:00,14.428,13.845,0.583,0.03,4.06,0.33,0.018,3.971,0,0,0,0,0,0,0,0
FCR,100,2026-01-03 13:00:00,14.429,13.842,0.587,0.031,4.13,0.331,0.018,4.013,0,0,0,0,0,0,0,0
FCR,100,2026-01-03 13:15:00,14.425,13.844,0.581,0.029,4.19,0.33,0.018,4.051,0,0,0,0,0,0,0,0
FCR,100,2026-01-03 13:30:00,14.425,13.843,0.582,0.03,4.19,0.33,0.018,4.103,0,0,0,0,0,0,0,0
FCR,100,2026-01-03 13:45:00,14.424,13.841,0.583,0.03,4.25,0.33,0.018,4.14,0,0,0,0,0,0,0,0
FCR,100,2026-01-03 14:00:00,14.422,13.839,0.583,0.03,4.25,0.33,0.018,4.165,0,0,0,0,0,0,0,0
FCR,100,2026-01-03 14:15:00,14.421,13.838,0.583,0.03,4.25,0.33,0.018,4.178,0,0,0,0,0,0,0,0
FCR,100,2026-01-03 14:30:00,14.42,13.837,0.583,0.03,4.31,0.331,0.018,4.203,0,0,0,0,0,0,0,0
FCR,100,2026-01-03 14:45:00,14.417,13.837,0.58,0.029,4.31,0.331,0.018,4.251,0,0,0,0,0,0,0,0
FCR,100,2026-01-03 15:00:00,14.419,13.836,0.583,0.03,4.31,0.33,0.018,4.261,0,0,0,0,0,0,0,0
FCR,100,2026-01-03 15:15:00,14.42,13.834,0.586,0.031,4.31,0.331,0.018,4.252,0,0,0,0,0,0,0,0
FCR,100,2026-01-03 15:30:00,14.421,13.834,0.587,0.031,4.25,0.33,0.018,4.241,0,0,0,0,0,0,0,0
FCR,100,2026-01-03 15:45:00,14.423,13.836,0.587,0.031,4.25,0.33,0.018,4.231,0,0,0,0,0,0,0,0
FCR,100,2026-01-03 16:00:00,14.424,13.837,0.587,0.031,4.25,0.331,0.018,4.225,0,0,0,0,0,0,0,0
FCR,100,2026-01-03 16:15:00,14.425,13.839,0.586,0.031,4.25,0.331,0.018,4.212,0,0,0,0,0,0,0,0
FCR,100,2026-01-03 16:30:00,14.428,13.839,0.589,0.032,4.25,0.33,0.018,4.188,0,0,0,0,0,0,0,0
FCR,100,2026-01-03 16:45:00,14.431,13.842,0.589,0.032,4.19,0.33,0.018,4.169,0,0,0,0,0,0,0,0
FCR,100,2026-01-03 17:00:00,14.432,13.844,0.588,0.032,4.19,0.33,0.018,4.143,0,0,0,0,0,0,0,0
FCR,100,2026-01-03 17:15:00,14.43,13.845,0.585,0.031,4.13,0.33,0.018,4.118,0,0,0,0,0,0,0,0
FCR,100,2026-01-03 17:30:00,14.433,13.845,0.588,0.032,4.06,0.33,0.018,4.091,0,0,0,0,0,0,0,0
FCR,100,2026-01-03 17:45:00,14.43,13.844,0.586,0.031,4,0.33,0.018,4.039,0,0,0,0,0,0,0,0
FCR,100,2026-01-03 18:00:00,14.432,13.847,0.585,0.031,4,0.33,0.018,3.976,0,0,0,0,0,0,0,0
FCR,100,2026-01-03 18:15:00,14.432,13.846,0.586,0.031,3.94,0.33,0.018,3.92,0,0,0,0,0,0,0,0
FCR,100,2026-01-03 18:30:00,14.43,13.846,0.584,0.03,3.88,0.33,0.018,3.881,0,0,0,0,0,0,0,0
FCR,100,2026-01-03 18:45:00,14.428,13.846,0.582,0.03,3.88,0.329,0.017,3.845,0,0,0,0,0,0,0,0
FCR,100,2026-01-03 19:00:00,14.431,13.844,0.587,0.031,3.81,0.33,0.018,3.808,0,0,0,0,0,0,0,0
FCR,100,2026-01-03 19:15:00,14.431,13.842,0.589,0.032,3.81,0.329,0.017,3.772,0,0,0,0,0,0,0,0
FCR,100,2026-01-03 19:30:00,14.431,13.847,0.584,0.03,3.75,0.328,0.017,3.723,0,0,0,0,0,0,0,0
FCR,100,2026-01-03 19:45:00,14.433,13.846,0.587,0.031,3.69,0.328,0.017,3.677,0,0,0,0,0,0,0,0
FCR,100,2026-01-03 20:00:00,14.432,13.846,0.586,0.031,3.63,0.329,0.017,3.631,0,0,0,0,0,0,0,0
FCR,100,2026-01-03 20:15:00,14.429,13.85,0.579,0.029,3.56,0.329,0.017,3.57,0,0,0,0,0,0,0,0
FCR,100,2026-01-03 20:30:00,14.43,13.847,0.583,0.03,3.5,0.328,0.017,3.513,0,0,0,0,0,0,0,0
FCR,100,2026-01-03 20:45:00,14.429,13.843,0.586,0.031,3.5,0.328,0.017,3.463,0,0,0,0,0,0,0,0
FCR,100,2026-01-03 21:00:00,14.427,13.843,0.584,0.03,3.38,0.329,0.017,3.397,0,0,0,0,0,0,0,0
FCR,100,2026-01-03 21:15:00,14.425,13.842,0.583,0.03,3.31,0.328,0.017,3.326,0,0,0,0,0,0,0,0
FCR,100,2026-01-03 21:30:00,14.426,13.842,0.584,0.03,3.25,0.328,0.017,3.257,0,0,0,0,0,0,0,0
FCR,100,2026-01-03 21:45:00,14.428,13.839,0.589,0.032,3.19,0.328,0.017,3.191,0,0,0,0,0,0,0,0
FCR,100,2026-01-03 22:00:00,14.431,13.841,0.59,0.032,3.13,0.327,0.017,3.126,0,0,0,0,0,0,0,0
FCR,100,2026-01-03 22:15:00,14.431,13.843,0.588,0.032,3.06,0.327,0.017,3.065,0,0,0,0,0,0,0,0
FCR,100,2026-01-03 22:30:00,14.432,13.844,0.588,0.032,3,0.327,0.017,3.007,0,0,0,0,0,0,0,0
FCR,100,2026-01-03 22:45:00,14.434,13.846,0.588,0.032,3,0.327,0.017,2.949,0,0,0,0,0,0,0,0
FCR,100,2026-01-03 23:00:00,14.433,13.848,0.585,0.031,2.88,0.327,0.017,2.892,0,0,0,0,0,0,0,0
FCR,100,2026-01-03 23:15:00,14.434,13.849,0.585,0.031,2.88,0.326,0.017,2.838,0,0,0,0,0,0,0,0
FCR,100,2026-01-03 23:30:00,14.434,13.85,0.584,0.03,2.81,0.327,0.017,2.785,0,0,0,0,0,0,0,0
FCR,100,2026-01-03 23:45:00,14.434,13.849,0.585,0.031,2.75,0.327,0.017,2.735,0,0,0,0,0,0,0,0
FCR,100,2026-01-04 00:00:00,14.435,13.849,0.586,0.031,2.69,0.327,0.017,2.685,0,0,0,0,0,0,0,0
FCR,100,2026-01-04 00:15:00,14.434,13.849,0.585,0.031,2.69,0.326,0.017,2.639,0,0,0,0,0,0,0,0
FCR,100,2026-01-04 00:30:00,14.435,13.851,0.584,0.03,2.63,0.327,0.017,2.594,0,0,0,0,0,0,0,0
FCR,100,2026-01-04 00:45:00,14.437,13.85,0.587,0.031,2.56,0.326,0.017,2.55,0,0,0,0,0,0,0,0
FCR,100,2026-01-04 01:00:00,14.436,13.85,0.586,0.031,2.56,0.326,0.017,2.508,0,0,0,0,0,0,0,0
FCR,100,2026-01-04 01:15:00,14.439,13.852,0.587,0.031,2.5,0.326,0.017,2.467,0,0,0,0,0,0,0,0
FCR,100,2026-01-04 01:30:00,14.437,13.851,0.586,0.031,2.5,0.326,0.017,2.427,0,0,0,0,0,0,0,0
FCR,100,2026-01-04 01:45:00,14.439,13.852,0.587,0.031,2.44,0.326,0.017,2.39,0,0,0,0,0,0,0,0
FCR,100,2026-01-04 02:00:00,14.445,13.853,0.592,0.033,2.44,0.325,0.017,2.364,0,0,0,0,0,0,0,0
FCR,100,2026-01-04 02:15:00,14.445,13.855,0.59,0.032,2.44,0.325,0.017,2.354,0,0,0,0,0,0,0,0
FCR,100,2026-01-04 02:30:00,14.445,13.859,0.586,0.031,2.44,0.325,0.017,2.37,0,0,0,0,0,0,0,0
FCR,100,2026-01-04 02:45:00,14.445,13.859,0.586,0.031,2.5,0.326,0.017,2.385,0,0,0,0,0,0,0,0
FCR,100,2026-01-04 03:00:00,14.446,13.859,0.587,0.031,2.5,0.325,0.017,2.388,0,0,0,0,0,0,0,0
FCR,100,2026-01-04 03:15:00,14.445,13.86,0.585,0.031,2.5,0.325,0.017,2.401,0,0,0,0,0,0,0,0
FCR,100,2026-01-04 03:30:00,14.445,13.859,0.586,0.031,2.5,0.326,0.017,2.41,0,0,0,0,0,0,0,0
FCR,100,2026-01-04 03:45:00,14.446,13.858,0.588,0.032,2.5,0.325,0.017,2.416,0,0,0,0,0,0,0,0
FCR,100,2026-01-04 04:00:00,14.446,13.86,0.586,0.031,2.5,0.325,0.017,2.411,0,0,0,0,0,0,0,0
FCR,100,2026-01-04 04:15:00,14.444,13.86,0.584,0.03,2.44,0.325,0.017,2.391,0,0,0,0,0,0,0,0
FCR,100,2026-01-04 04:30:00,14.445,13.86,0.585,0.031,2.44,0.326,0.017,2.364,0,0,0,0,0,0,0,0
FCR,100,2026-01-04 04:45:00,14.446,13.858,0.588,0.032,2.38,0.325,0.017,2.337,0,0,0,0,0,0,0,0
FCR,100,2026-01-04 05:00:00,14.449,13.859,0.59,0.032,2.38,0.325,0.017,2.308,0,0,0,0,0,0,0,0
FCR,100,2026-01-04 05:15:00,14.452,13.861,0.591,0.033,2.38,0.325,0.017,2.28,0,0,0,0,0,0,0,0
FCR,100,2026-01-04 05:30:00,14.453,13.863,0.59,0.032,2.31,0.325,0.017,2.253,0,0,0,0,0,0,0,0
FCR,100,2026-01-04 05:45:00,14.455,13.866,0.589,0.032,2.31,0.325,0.017,2.23,0,0,0,0,0,0,0,0
FCR,100,2026-01-04 06:00:00,14.459,13.867,0.592,0.033,2.25,0.325,0.017,2.206,0,0,0,0,0,0,0,0
FCR,100,2026-01-04 06:15:00,14.46,13.869,0.591,0.033,2.25,0.325,0.017,2.177,0,0,0,0,0,0,0,0
FCR,100,2026-01-04 06:30:00,14.461,13.87,0.591,0.033,2.19,0.325,0.017,2.147,0,0,0,0,0,0,0,0
FCR,100,2026-01-04 06:45:00,14.463,13.874,0.589,0.032,2.19,0.325,0.017,2.121,0,0,0,0,0,0,0,0
FCR,100,2026-01-04 07:00:00,14.467,13.874,0.593,0.033,2.13,0.325,0.017,2.088,0,0,0,0,0,0,0,0
FCR,100,2026-01-04 07:15:00,14.466,13.877,0.589,0.032,2.13,0.325,0.017,2.054,0,0,0,0,0,0,0,0
FCR,100,2026-01-04 07:30:00,14.468,13.88,0.588,0.032,2.06,0.325,0.017,2.021,0,0,0,0,0,0,0,0
FCR,100,2026-01-04 07:45:00,14.472,13.881,0.591,0.033,2.06,0.324,0.016,1.985,0,0,0,0,0,0,0,0
FCR,100,2026-01-04 08:00:00,14.475,13.884,0.591,0.033,2.06,0.324,0.016,1.96,0,0,0,0,0,0,0,0
FCR,100,2026-01-04 08:15:00,14.478,13.887,0.591,0.033,2,0.324,0.016,1.94,0,0,0,0,0,0,0,0
FCR,100,2026-01-04 08:30:00,14.48,13.89,0.59,0.032,2,0.325,0.017,1.92,0,0,0,0,0,0,0,0
FCR,100,2026-01-04 08:45:00,14.484,13.894,0.59,0.032,2,0.324,0.016,1.91,0,0,0,0,0,0,0,0
FCR,100,2026-01-04 09:00:00,14.487,13.898,0.589,0.032,2,0.324,0.016,1.903,0,0,0,0,0,0,0,0
FCR,100,2026-01-04 09:15:00,14.491,13.9,0.591,0.033,2,0.324,0.016,1.902,0,0,0,0,0,0,0,0
FCR,100,2026-01-04 09:30:00,14.495,13.906,0.589,0.032,2,0.325,0.017,1.91,0,0,0,0,0,0,0,0
FCR,100,2026-01-04 09:45:00,14.5,13.912,0.588,0.032,2.06,0.324,0.016,1.941,0,0,0,0,0,0,0,0
FCR,100,2026-01-04 10:00:00,14.505,13.917,0.588,0.032,2.13,0.324,0.016,1.979,0,0,0,0,0,0,0,0
FCR,100,2026-01-04 10:15:00,14.505,13.921,0.584,0.03,2.13,0.325,0.017,2.021,0,0,0,0,0,0,0,0
FCR,100,2026-01-04 10:30:00,14.505,13.925,0.58,0.029,2.19,0.325,0.017,2.068,0,0,0,0,0,0,0,0
FCR,100,2026-01-04 10:45:00,14.504,13.927,0.577,0.028,2.25,0.325,0.017,2.12,0,0,0,0,0,0,0,0
FCR,100,2026-01-04 11:00:00,14.504,13.926,0.578,0.028,2.38,0.325,0.017,2.187,0,0,0,0,0,0,0,0
FCR,100,2026-01-04 11:15:00,14.5,13.925,0.575,0.027,2.44,0.325,0.017,2.268,0,0,0,0,0,0,0,0
FCR,100,2026-01-04 11:30:00,14.5,13.924,0.576,0.028,2.56,0.325,0.017,2.369,0,0,0,0,0,0,0,0
FCR,100,2026-01-04 11:45:00,14.498,13.921,0.577,0.028,2.69,0.325,0.017,2.479,0,0,0,0,0,0,0,0
FCR,100,2026-01-04 12:00:00,14.497,13.92,0.577,0.028,2.81,0.325,0.017,2.593,0,0,0,0,0,0,0,0
FCR,100,2026-01-04 12:15:00,14.494,13.917,0.577,0.028,2.88,0.325,0.017,2.709,0,0,0,0,0,0,0,0
FCR,100,2026-01-04 12:30:00,14.493,13.914,0.579,0.029,3,0.326,0.017,2.824,0,0,0,0,0,0,0,0
FCR,100,2026-01-04 12:45:00,14.493,13.912,0.581,0.029,3.13,0.326,0.017,2.945,0,0,0,0,0,0,0,0
FCR,100,2026-01-04 13:00:00,14.492,13.911,0.581,0.029,3.25,0.327,0.017,3.06,0,0,0,0,0,0,0,0
FCR,100,2026-01-04 13:15:00,14.494,13.911,0.583,0.03,3.38,0.327,0.017,3.168,0,0,0,0,0,0,0,0
FCR,100,2026-01-04 13:30:00,14.493,13.909,0.584,0.03,3.44,0.327,0.017,3.28,0,0,0,0,0,0,0,0
FCR,100,2026-01-04 13:45:00,14.492,13.911,0.581,0.029,3.56,0.327,0.017,3.391,0,0,0,0,0,0,0,0
FCR,100,2026-01-04 14:00:00,14.494,13.909,0.585,0.031,3.63,0.328,0.017,3.497,0,0,0,0,0,0,0,0
FCR,100,2026-01-04 14:15:00,14.494,13.908,0.586,0.031,3.69,0.328,0.017,3.567,0,0,0,0,0,0,0,0
FCR,100,2026-01-04 14:30:00,14.493,13.911,0.582,0.03,3.75,0.328,0.017,3.62,0,0,0,0,0,0,0,0
FCR,100,2026-01-04 14:45:00,14.493,13.91,0.583,0.03,3.75,0.327,0.017,3.672,0,0,0,0,0,0,0,0
FCR,100,2026-01-04 15:00:00,14.498,13.909,0.589,0.032,3.81,0.328,0.017,3.717,0,0,0,0,0,0,0,0
FCR,100,2026-01-04 15:15:00,14.498,13.909,0.589,0.032,3.81,0.328,0.017,3.756,0,0,0,0,0,0,0,0
FCR,100,2026-01-04 15:30:00,14.499,13.914,0.585,0.031,3.81,0.328,0.017,3.771,0,0,0,0,0,0,0,0
FCR,100,2026-01-04 15:45:00,14.502,13.915,0.587,0.031,3.81,0.329,0.017,3.772,0,0,0,0,0,0,0,0
FCR,100,2026-01-04 16:00:00,14.505,13.913,0.592,0.033,3.81,0.327,0.017,3.742,0,0,0,0,0,0,0,0
FCR,100,2026-01-04 16:15:00,14.502,13.918,0.584,0.03,3.75,0.328,0.017,3.718,0,0,0,0,0,0,0,0
FCR,100,2026-01-04 16:30:00,14.5,13.919,0.581,0.029,3.69,0.328,0.017,3.695,0,0,0,0,0,0,0,0
FCR,100,2026-01-04 16:45:00,14.501,13.918,0.583,0.03,3.69,0.328,0.017,3.668,0,0,0,0,0,0,0,0
FCR,100,2026-01-04 17:00:00,14.504,13.917,0.587,0.031,3.69,0.327,0.017,3.632,0,0,0,0,0,0,0,0
FCR,100,2026-01-04 17:15:00,14.507,13.916,0.591,0.033,3.63,0.327,0.017,3.587,0,0,0,0,0,0,0,0
FCR,100,2026-01-04 17:30:00,14.509,13.921,0.588,0.032,3.56,0.327,0.017,3.536,0,0,0,0,0,0,0,0
FCR,100,2026-01-04 17:45:00,14.512,13.922,0.59,0.032,3.5,0.326,0.017,3.483,0,0,0,0,0,0,0,0
FCR,100,2026-01-04 18:00:00,14.514,13.925,0.589,0.032,3.44,0.327,0.017,3.433,0,0,0,0,0,0,0,0
FCR,100,2026-01-04 18:15:00,14.518,13.928,0.59,0.032,3.38,0.326,0.017,3.381,0,0,0,0,0,0,0,0
FCR,100,2026-01-04 18:30:00,14.518,13.929,0.589,0.032,3.38,0.326,0.017,3.335,0,0,0,0,0,0,0,0
FCR,100,2026-01-04 18:45:00,14.516,13.933,0.583,0.03,3.31,0.327,0.017,3.299,0,0,0,0,0,0,0,0
FCR,100,2026-01-04 19:00:00,14.517,13.932,0.585,0.031,3.31,0.326,0.017,3.264,0,0,0,0,0,0,0,0
FCR,100,2026-01-04 19:15:00,14.522,13.931,0.591,0.033,3.25,0.326,0.017,3.227,0,0,0,0,0,0,0,0
FCR,100,2026-01-04 19:30:00,14.524,13.934,0.59,0.032,3.25,0.326,0.017,3.198,0,0,0,0,0,0,0,0
FCR,100,2026-01-04 19:45:00,14.521,13.937,0.584,0.03,3.25,0.326,0.017,3.176,0,0,0,0,0,0,0,0
FCR,100,2026-01-04 20:00:00,14.525,13.94,0.585,0.031,3.25,0.325,0.017,3.155,0,0,0,0,0,0,0,0
FCR,100,2026-01-04 20:15:00,14.528,13.94,0.588,0.032,3.19,0.325,0.017,3.124,0,0,0,0,0,0,0,0
FCR,100,2026-01-04 20:30:00,14.529,13.945,0.584,0.03,3.13,0.325,0.017,3.102,0,0,0,0,0,0,0,0
FCR,100,2026-01-04 20:45:00,14.529,13.947,0.582,0.03,3.13,0.325,0.017,3.08,0,0,0,0,0,0,0,0
FCR,100,2026-01-04 21:00:00,14.529,13.945,0.584,0.03,3.06,0.326,0.017,3.044,0,0,0,0,0,0,0,0
FCR,100,2026-01-04 21:15:00,14.532,13.944,0.588,0.032,3.06,0.325,0.017,3.006,0,0,0,0,0,0,0,0
FCR,100,2026-01-04 21:30:00,14.534,13.947,0.587,0.031,3,0.325,0.017,2.975,0,0,0,0,0,0,0,0
FCR,100,2026-01-04 21:45:00,14.533,13.949,0.584,0.03,3,0.325,0.017,2.946,0,0,0,0,0,0,0,0
FCR,100,2026-01-04 22:00:00,14.533,13.948,0.585,0.031,3,0.325,0.017,2.916,0,0,0,0,0,0,0,0
FCR,100,2026-01-04 22:15:00,14.536,13.949,0.587,0.031,2.94,0.325,0.017,2.896,0,0,0,0,0,0,0,0
FCR,100,2026-01-04 22:30:00,14.535,13.952,0.583,0.03,2.94,0.325,0.017,2.877,0,0,0,0,0,0,0,0
FCR,100,2026-01-04 22:45:00,14.537,13.954,0.583,0.03,2.88,0.325,0.017,2.856,0,0,0,0,0,0,0,0
FCR,100,2026-01-04 23:00:00,14.536,13.954,0.582,0.03,2.88,0.325,0.017,2.835,0,0,0,0,0,0,0,0
FCR,100,2026-01-04 23:15:00,14.534,13.953,0.581,0.029,2.88,0.325,0.017,2.81,0,0,0,0,0,0,0,0
FCR,100,2026-01-04 23:30:00,14.535,13.953,0.582,0.03,2.81,0.326,0.017,2.786,0,0,0,0,0,0,0,0
FCR,100,2026-01-04 23:45:00,14.536,13.951,0.585,0.031,2.81,0.324,0.016,2.757,0,0,0,0,0,0,0,0
FCR,100,2026-01-05 00:00:00,14.537,13.951,0.586,0.031,2.81,0.325,0.017,2.729,0,0,0,0,0,0,0,0
FCR,100,2026-01-05 00:15:00,14.535,13.953,0.582,0.03,2.75,0.326,0.017,2.696,0,0,0,0,0,0,0,0
FCR,100,2026-01-05 00:30:00,14.533,13.952,0.581,0.029,2.69,0.325,0.017,2.655,0,0,0,0,0,0,0,0
FCR,100,2026-01-05 00:45:00,14.535,13.953,0.582,0.03,2.69,0.325,0.017,2.623,0,0,0,0,0,0,0,0
FCR,100,2026-01-05 01:00:00,14.531,13.952,0.579,0.029,2.63,0.325,0.017,2.59,0,0,0,0,0,0,0,0
FCR,100,2026-01-05 01:15:00,14.533,13.952,0.581,0.029,2.63,0.324,0.016,2.555,0,0,0,0,0,0,0,0
FCR,100,2026-01-05 01:30:00,14.536,13.948,0.588,0.032,2.56,0.325,0.017,2.518,0,0,0,0,0,0,0,0
FCR,100,2026-01-05 01:45:00,14.533,13.952,0.581,0.029,2.5,0.324,0.016,2.482,0,0,0,0,0,0,0,0
FCR,100,2026-01-05 02:00:00,14.534,13.952,0.582,0.03,2.5,0.324,0.016,2.448,0,0,0,0,0,0,0,0
FCR,100,2026-01-05 02:15:00,14.535,13.952,0.583,0.03,2.44,0.324,0.016,2.415,0,0,0,0,0,0,0,0
FCR,100,2026-01-05 02:30:00,14.536,13.951,0.585,0.031,2.44,0.324,0.016,2.382,0,0,0,0,0,0,0,0
FCR,100,2026-01-05 02:45:00,14.537,13.952,0.585,0.031,2.38,0.324,0.016,2.347,0,0,0,0,0,0,0,0
FCR,100,2026-01-05 03:00:00,14.536,13.953,0.583,0.03,2.38,0.324,0.016,2.306,0,0,0,0,0,0,0,0
FCR,100,2026-01-05 03:15:00,14.532,13.953,0.579,0.029,2.31,0.325,0.017,2.269,0,0,0,0,0,0,0,0
FCR,100,2026-01-05 03:30:00,14.534,13.951,0.583,0.03,2.25,0.323,0.016,2.231,0,0,0,0,0,0,0,0
FCR,100,2026-01-05 03:45:00,14.534,13.949,0.585,0.031,2.25,0.323,0.016,2.193,0,0,0,0,0,0,0,0
FCR,100,2026-01-05 04:00:00,14.535,13.95,0.585,0.031,2.25,0.324,0.016,2.156,0,0,0,0,0,0,0,0
FCR,100,2026-01-05 04:15:00,14.532,13.951,0.581,0.029,2.19,0.324,0.016,2.122,0,0,0,0,0,0,0,0
FCR,100,2026-01-05 04:30:00,14.533,13.948,0.585,0.031,2.13,0.324,0.016,2.089,0,0,0,0,0,0,0,0
FCR,100,2026-01-05 04:45:00,14.534,13.947,0.587,0.031,2.13,0.323,0.016,2.058,0,0,0,0,0,0,0,0
FCR,100,2026-01-05 05:00:00,14.533,13.949,0.584,0.03,2.13,0.324,0.016,2.028,0,0,0,0,0,0,0,0
FCR,100,2026-01-05 05:15:00,14.532,13.949,0.583,0.03,2.06,0.322,0.016,2.001,0,0,0,0,0,0,0,0
FCR,100,2026-01-05 05:30:00,14.534,13.948,0.586,0.031,2.06,0.323,0.016,1.985,0,0,0,0,0,0,0,0
FCR,100,2026-01-05 05:45:00,14.528,13.948,0.58,0.029,2.13,0.322,0.016,1.993,0,0,0,0,0,0,0,0
FCR,100,2026-01-05 06:00:00,14.531,13.947,0.584,0.03,2.13,0.323,0.016,2.013,0,0,0,0,0,0,0,0
FCR,100,2026-01-05 06:15:00,14.533,13.944,0.589,0.032,2.19,0.323,0.016,2.041,0,0,0,0,0,0,0,0
FCR,100,2026-01-05 06:30:00,14.537,13.947,0.59,0.032,2.19,0.323,0.016,2.072,0,0,0,0,0,0,0,0
FCR,100,2026-01-05 06:45:00,14.537,13.949,0.588,0.032,2.25,0.323,0.016,2.105,0,0,0,0,0,0,0,0
FCR,100,2026-01-05 07:00:00,14.535,13.952,0.583,0.03,2.25,0.324,0.016,2.14,0,0,0,0,0,0,0,0
FCR,100,2026-01-05 07:15:00,14.537,13.951,0.586,0.031,2.25,0.324,0.016,2.172,0,0,0,0,0,0,0,0
FCR,100,2026-01-05 07:30:00,14.534,13.951,0.583,0.03,2.31,0.323,0.016,2.2,0,0,0,0,0,0,0,0
FCR,100,2026-01-05 07:45:00,14.534,13.952,0.582,0.03,2.38,0.323,0.016,2.228,0,0,0,0,0,0,0,0
FCR,100,2026-01-05 08:00:00,14.532,13.95,0.582,0.03,2.38,0.323,0.016,2.258,0,0,0,0,0,0,0,0
FCR,100,2026-01-05 08:15:00,14.532,13.949,0.583,0.03,2.38,0.325,0.017,2.288,0,0,0,0,0,0,0,0
FCR,100,2026-01-05 08:30:00,14.532,13.948,0.584,0.03,2.44,0.323,0.016,2.32,0,0,0,0,0,0,0,0
FCR,100,2026-01-05 08:45:00,14.535,13.948,0.587,0.031,2.5,0.323,0.016,2.354,0,0,0,0,0,0,0,0
FCR,100,2026-01-05 09:00:00,14.533,13.95,0.583,0.03,2.5,0.325,0.017,2.393,0,0,0,0,0,0,0,0
FCR,100,2026-01-05 09:15:00,14.533,13.951,0.582,0.03,2.56,0.324,0.016,2.43,0,0,0,0,0,0,0,0
FCR,100,2026-01-05 09:30:00,14.534,13.951,0.583,0.03,2.56,0.324,0.016,2.467,0,0,0,0,0,0,0,0
FCR,100,2026-01-05 09:45:00,14.534,13.95,0.584,0.03,2.63,0.325,0.017,2.516,0,0,0,0,0,0,0,0
FCR,100,2026-01-05 10:00:00,14.535,13.951,0.584,0.03,2.69,0.324,0.016,2.565,0,0,0,0,0,0,0,0
FCR,100,2026-01-05 10:15:00,14.531,13.952,0.579,0.029,2.75,0.324,0.016,2.612,0,0,0,0,0,0,0,0
FCR,100,2026-01-05 10:30:00,14.528,13.952,0.576,0.028,2.81,0.324,0.016,2.668,0,0,0,0,0,0,0,0
FCR,100,2026-01-05 10:45:00,14.525,13.947,0.578,0.028,2.88,0.324,0.016,2.729,0,0,0,0,0,0,0,0
FCR,100,2026-01-05 11:00:00,14.524,13.946,0.578,0.028,3,0.325,0.017,2.803,0,0,0,0,0,0,0,0
FCR,100,2026-01-05 11:15:00,14.516,13.94,0.576,0.028,3.06,0.325,0.017,2.889,0,0,0,0,0,0,0,0
FCR,100,2026-01-05 11:30:00,14.51,13.938,0.572,0.026,3.19,0.325,0.017,2.978,0,0,0,0,0,0,0,0
FCR,100,2026-01-05 11:45:00,14.508,13.931,0.577,0.028,3.25,0.325,0.017,3.074,0,0,0,0,0,0,0,0
FCR,100,2026-01-05 12:00:00,14.504,13.925,0.579,0.029,3.38,0.326,0.017,3.182,0,0,0,0,0,0,0,0
FCR,100,2026-01-05 12:15:00,14.498,13.923,0.575,0.027,3.44,0.326,0.017,3.289,0,0,0,0,0,0,0,0
FCR,100,2026-01-05 12:30:00,14.495,13.919,0.576,0.028,3.5,0.326,0.017,3.379,0,0,0,0,0,0,0,0
FCR,100,2026-01-05 12:45:00,14.491,13.913,0.578,0.028,3.63,0.326,0.017,3.452,0,0,0,0,0,0,0,0
FCR,100,2026-01-05 13:00:00,14.49,13.912,0.578,0.028,3.69,0.327,0.017,3.536,0,0,0,0,0,0,0,0
FCR,100,2026-01-05 13:15:00,14.487,13.908,0.579,0.029,3.75,0.327,0.017,3.622,0,0,0,0,0,0,0,0
FCR,100,2026-01-05 13:30:00,14.485,13.906,0.579,0.029,3.88,0.327,0.017,3.703,0,0,0,0,0,0,0,0
FCR,100,2026-01-05 13:45:00,14.48,13.903,0.577,0.028,3.94,0.327,0.017,3.793,0,0,0,0,0,0,0,0
FCR,100,2026-01-05 14:00:00,14.478,13.901,0.577,0.028,4,0.327,0.017,3.869,0,0,0,0,0,0,0,0
FCR,100,2026-01-05 14:15:00,14.479,13.899,0.58,0.029,4,0.327,0.017,3.908,0,0,0,0,0,0,0,0
FCR,100,2026-01-05 14:30:00,14.478,13.895,0.583,0.03,4,0.328,0.017,3.923,0,0,0,0,0,0,0,0
FCR,100,2026-01-05 14:45:00,14.477,13.894,0.583,0.03,4.06,0.328,0.017,3.951,0,0,0,0,0,0,0,0
FCR,100,2026-01-05 15:00:00,14.476,13.894,0.582,0.03,4.13,0.328,0.017,3.991,0,0,0,0,0,0,0,0
FCR,100,2026-01-05 15:15:00,14.475,13.893,0.582,0.03,4.13,0.329,0.017,4.034,0,0,0,0,0,0,0,0
FCR,100,2026-01-05 15:30:00,14.475,13.892,0.583,0.03,4.13,0.328,0.017,4.062,0,0,0,0,0,0,0,0
FCR,100,2026-01-05 15:45:00,14.474,13.892,0.582,0.03,4.13,0.329,0.017,4.07,0,0,0,0,0,0,0,0
FCR,100,2026-01-05 16:00:00,14.475,13.89,0.585,0.031,4.13,0.329,0.017,4.075,0,0,0,0,0,0,0,0
FCR,100,2026-01-05 16:15:00,14.473,13.888,0.585,0.031,4.13,0.329,0.017,4.086,0,0,0,0,0,0,0,0
FCR,100,2026-01-05 16:30:00,14.473,13.889,0.584,0.03,4.13,0.329,0.017,4.093,0,0,0,0,0,0,0,0
FCR,100,2026-01-05 16:45:00,14.471,13.887,0.584,0.03,4.13,0.33,0.018,4.093,0,0,0,0,0,0,0,0
FCR,100,2026-01-05 17:00:00,14.471,13.888,0.583,0.03,4.13,0.328,0.017,4.078,0,0,0,0,0,0,0,0
FCR,100,2026-01-05 17:15:00,14.47,13.886,0.584,0.03,4.06,0.329,0.017,4.049,0,0,0,0,0,0,0,0
FCR,100,2026-01-05 17:30:00,14.472,13.883,0.589,0.032,4.06,0.329,0.017,4.015,0,0,0,0,0,0,0,0
FCR,100,2026-01-05 17:45:00,14.472,13.885,0.587,0.031,4,0.329,0.017,3.979,0,0,0,0,0,0,0,0
FCR,100,2026-01-05 18:00:00,14.471,13.887,0.584,0.03,4,0.329,0.017,3.943,0,0,0,0,0,0,0,0
FCR,100,2026-01-05 18:15:00,14.472,13.886,0.586,0.031,3.94,0.329,0.017,3.912,0,0,0,0,0,0,0,0
FCR,100,2026-01-05 18:30:00,14.472,13.886,0.586,0.031,3.94,0.328,0.017,3.878,0,0,0,0,0,0,0,0
FCR,100,2026-01-05 18:45:00,14.475,13.887,0.588,0.032,3.88,0.328,0.017,3.845,0,0,0,0,0,0,0,0
FCR,100,2026-01-05 19:00:00,14.475,13.888,0.587,0.031,3.88,0.328,0.017,3.815,0,0,0,0,0,0,0,0
FCR,100,2026-01-05 19:15:00,14.473,13.889,0.584,0.03,3.81,0.329,0.017,3.784,0,0,0,0,0,0,0,0
FCR,100,2026-01-05 19:30:00,14.475,13.888,0.587,0.031,3.75,0.328,0.017,3.751,0,0,0,0,0,0,0,0
FCR,100,2026-01-05 19:45:00,14.477,13.887,0.59,0.032,3.75,0.328,0.017,3.716,0,0,0,0,0,0,0,0
FCR,100,2026-01-05 20:00:00,14.476,13.889,0.587,0.031,3.69,0.328,0.017,3.677,0,0,0,0,0,0,0,0
FCR,100,2026-01-05 20:15:00,14.476,13.891,0.585,0.031,3.63,0.326,0.017,3.629,0,0,0,0,0,0,0,0
FCR,100,2026-01-05 20:30:00,14.478,13.892,0.586,0.031,3.56,0.327,0.017,3.58,0,0,0,0,0,0,0,0
FCR,100,2026-01-05 20:45:00,14.477,13.892,0.585,0.031,3.56,0.325,0.017,3.529,0,0,0,0,0,0,0,0
FCR,100,2026-01-05 21:00:00,14.477,13.894,0.583,0.03,3.5,0.326,0.017,3.481,0,0,0,0,0,0,0,0
FCR,100,2026-01-05 21:15:00,14.474,13.894,0.58,0.029,3.44,0.326,0.017,3.434,0,0,0,0,0,0,0,0
FCR,100,2026-01-05 21:30:00,14.474,13.891,0.583,0.03,3.44,0.326,0.017,3.389,0,0,0,0,0,0,0,0
FCR,100,2026-01-05 21:45:00,14.476,13.89,0.586,0.031,3.38,0.325,0.017,3.345,0,0,0,0,0,0,0,0
FCR,100,2026-01-05 22:00:00,14.475,13.889,0.586,0.031,3.38,0.325,0.017,3.303,0,0,0,0,0,0,0,0
FCR,100,2026-01-05 22:15:00,14.47,13.89,0.58,0.029,3.31,0.326,0.017,3.266,0,0,0,0,0,0,0,0
FCR,100,2026-01-05 22:30:00,14.467,13.889,0.578,0.028,3.31,0.326,0.017,3.235,0,0,0,0,0,0,0,0
FCR,100,2026-01-05 22:45:00,14.465,13.885,0.58,0.029,3.25,0.325,0.017,3.211,0,0,0,0,0,0,0,0
FCR,100,2026-01-05 23:00:00,14.468,13.881,0.587,0.031,3.25,0.325,0.017,3.187,0,0,0,0,0,0,0,0
FCR,100,2026-01-05 23:15:00,14.466,13.881,0.585,0.031,3.25,0.326,0.017,3.163,0,0,0,0,0,0,0,0
FCR,100,2026-01-05 23:30:00,14.467,13.883,0.584,0.03,3.19,0.325,0.017,3.141,0,0,0,0,0,0,0,0
FCR,100,2026-01-05 23:45:00,14.462,13.881,0.581,0.029,3.19,0.326,0.017,3.119,0,0,0,0,0,0,0,0
FCR,100,2026-01-06 00:00:00,14.457,13.879,0.578,0.028,3.19,0.325,0.017,3.099,0,0,0,0,0,0,0,0
FCR,100,2026-01-06 00:15:00,14.453,13.875,0.578,0.028,3.13,0.325,0.017,3.084,0,0,0,0,0,0,0,0
FCR,100,2026-01-06 00:30:00,14.451,13.872,0.579,0.029,3.19,0.325,0.017,3.075,0,0,0,0,0,0,0,0
FCR,100,2026-01-06 00:45:00,14.448,13.869,0.579,0.029,3.13,0.325,0.017,3.073,0,0,0,0,0,0,0,0
FCR,100,2026-01-06 01:00:00,14.451,13.866,0.585,0.031,3.19,0.325,0.017,3.077,0,0,0,0,0,0,0,0
FCR,100,2026-01-06 01:15:00,14.45,13.865,0.585,0.031,3.19,0.326,0.017,3.087,0,0,0,0,0,0,0,0
FCR,100,2026-01-06 01:30:00,14.449,13.865,0.584,0.03,3.19,0.326,0.017,3.095,0,0,0,0,0,0,0,0
FCR,100,2026-01-06 01:45:00,14.448,13.867,0.581,0.029,3.19,0.325,0.017,3.102,0,0,0,0,0,0,0,0
FCR,100,2026-01-06 02:00:00,14.448,13.866,0.582,0.03,3.19,0.325,0.017,3.113,0,0,0,0,0,0,0,0
FCR,100,2026-01-06 02:15:00,14.45,13.864,0.586,0.031,3.19,0.325,0.017,3.122,0,0,0,0,0,0,0,0
FCR,100,2026-01-06 02:30:00,14.442,13.864,0.578,0.028,3.19,0.325,0.017,3.128,0,0,0,0,0,0,0,0
FCR,100,2026-01-06 02:45:00,14.439,13.864,0.575,0.027,3.25,0.326,0.017,3.14,0,0,0,0,0,0,0,0
FCR,100,2026-01-06 03:00:00,14.438,13.856,0.582,0.03,3.25,0.325,0.017,3.155,0,0,0,0,0,0,0,0
FCR,100,2026-01-06 03:15:00,14.438,13.854,0.584,0.03,3.25,0.325,0.017,3.168,0,0,0,0,0,0,0,0
FCR,100,2026-01-06 03:30:00,14.439,13.853,0.586,0.031,3.25,0.325,0.017,3.175,0,0,0,0,0,0,0,0
FCR,100,2026-01-06 03:45:00,14.438,13.856,0.582,0.03,3.25,0.326,0.017,3.186,0,0,0,0,0,0,0,0
FCR,100,2026-01-06 04:00:00,14.44,13.855,0.585,0.031,3.31,0.325,0.017,3.192,0,0,0,0,0,0,0,0
FCR,100,2026-01-06 04:15:00,14.436,13.855,0.581,0.029,3.25,0.326,0.017,3.19,0,0,0,0,0,0,0,0
FCR,100,2026-01-06 04:30:00,14.435,13.856,0.579,0.029,3.25,0.325,0.017,3.185,0,0,0,0,0,0,0,0
FCR,100,2026-01-06 04:45:00,14.436,13.852,0.584,0.03,3.25,0.325,0.017,3.178,0,0,0,0,0,0,0,0
FCR,100,2026-01-06 05:00:00,14.435,13.852,0.583,0.03,3.25,0.326,0.017,3.174,0,0,0,0,0,0,0,0
FCR,100,2026-01-06 05:15:00,14.432,13.852,0.58,0.029,3.25,0.325,0.017,3.176,0,0,0,0,0,0,0,0
FCR,100,2026-01-06 05:30:00,14.433,13.85,0.583,0.03,3.25,0.325,0.017,3.177,0,0,0,0,0,0,0,0
FCR,100,2026-01-06 05:45:00,14.432,13.846,0.586,0.031,3.25,0.325,0.017,3.173,0,0,0,0,0,0,0,0
FCR,100,2026-01-06 06:00:00,14.432,13.847,0.585,0.031,3.25,0.325,0.017,3.167,0,0,0,0,0,0,0,0
FCR,100,2026-01-06 06:15:00,14.431,13.846,0.585,0.031,3.25,0.326,0.017,3.168,0,0,0,0,0,0,0,0
FCR,100,2026-01-06 06:30:00,14.427,13.846,0.581,0.029,3.31,0.325,0.017,3.177,0,0,0,0,0,0,0,0
FCR,100,2026-01-06 06:45:00,14.428,13.845,0.583,0.03,3.25,0.326,0.017,3.194,0,0,0,0,0,0,0,0
FCR,100,2026-01-06 07:00:00,14.428,13.843,0.585,0.031,3.31,0.325,0.017,3.213,0,0,0,0,0,0,0,0
FCR,100,2026-01-06 07:15:00,14.432,13.844,0.588,0.032,3.31,0.326,0.017,3.231,0,0,0,0,0,0,0,0
FCR,100,2026-01-06 07:30:00,14.431,13.845,0.586,0.031,3.31,0.325,0.017,3.24,0,0,0,0,0,0,0,0
FCR,100,2026-01-06 07:45:00,14.426,13.848,0.578,0.028,3.31,0.325,0.017,3.237,0,0,0,0,0,0,0,0
FCR,100,2026-01-06 08:00:00,14.427,13.845,0.582,0.03,3.31,0.325,0.017,3.238,0,0,0,0,0,0,0,0
FCR,100,2026-01-06 08:15:00,14.428,13.842,0.586,0.031,3.38,0.325,0.017,3.251,0,0,0,0,0,0,0,0
FCR,100,2026-01-06 08:30:00,14.429,13.843,0.586,0.031,3.44,0.325,0.017,3.282,0,0,0,0,0,0,0,0
FCR,100,2026-01-06 08:45:00,14.431,13.845,0.586,0.031,3.5,0.325,0.017,3.337,0,0,0,0,0,0,0,0
FCR,100,2026-01-06 09:00:00,14.433,13.846,0.587,0.031,3.56,0.325,0.017,3.397,0,0,0,0,0,0,0,0
FCR,100,2026-01-06 09:15:00,14.434,13.847,0.587,0.031,3.69,0.325,0.017,3.498,0,0,0,0,0,0,0,0
FCR,100,2026-01-06 09:30:00,14.433,13.848,0.585,0.031,3.75,0.326,0.017,3.589,0,0,0,0,0,0,0,0
FCR,100,2026-01-06 09:45:00,14.428,13.85,0.578,0.028,3.75,0.326,0.017,3.66,0,0,0,0,0,0,0,0
FCR,100,2026-01-06 10:00:00,14.425,13.848,0.577,0.028,3.88,0.326,0.017,3.712,0,0,0,0,0,0,0,0
FCR,100,2026-01-06 10:15:00,14.418,13.845,0.573,0.027,3.94,0.327,0.017,3.774,0,0,0,0,0,0,0,0
FCR,100,2026-01-06 10:30:00,14.413,13.839,0.574,0.027,3.94,0.326,0.017,3.828,0,0,0,0,0,0,0,0
FCR,100,2026-01-06 10:45:00,14.407,13.837,0.57,0.026,4.06,0.327,0.017,3.889,0,0,0,0,0,0,0,0
FCR,100,2026-01-06 11:00:00,14.402,13.832,0.57,0.026,4.13,0.326,0.017,3.979,0,0,0,0,0,0,0,0
FCR,100,2026-01-06 11:15:00,14.397,13.825,0.572,0.026,4.25,0.327,0.017,4.074,0,0,0,0,0,0,0,0
FCR,100,2026-01-06 11:30:00,14.396,13.82,0.576,0.028,4.44,0.327,0.017,4.189,0,0,0,0,0,0,0,0
FCR,100,2026-01-06 11:45:00,14.394,13.815,0.579,0.029,4.56,0.327,0.017,4.334,0,0,0,0,0,0,0,0
FCR,100,2026-01-06 12:00:00,14.389,13.814,0.575,0.027,4.75,0.327,0.017,4.511,0,0,0,0,0,0,0,0
FCR,100,2026-01-06 12:15:00,14.38,13.81,0.57,0.026,4.88,0.328,0.017,4.665,0,0,0,0,0,0,0,0
FCR,100,2026-01-06 12:30:00,14.379,13.805,0.574,0.027,4.94,0.328,0.017,4.806,0,0,0,0,0,0,0,0
FCR,100,2026-01-06 12:45:00,14.372,13.797,0.575,0.027,5.06,0.328,0.017,4.904,0,0,0,0,0,0,0,0
FCR,100,2026-01-06 13:00:00,14.37,13.794,0.576,0.028,5.25,0.329,0.017,5.036,0,0,0,0,0,0,0,0
FCR,100,2026-01-06 13:15:00,14.365,13.788,0.577,0.028,5.38,0.329,0.017,5.173,0,0,0,0,0,0,0,0
FCR,100,2026-01-06 13:30:00,14.365,13.786,0.579,0.029,5.5,0.329,0.017,5.318,0,0,0,0,0,0,0,0
FCR,100,2026-01-06 13:45:00,14.365,13.781,0.584,0.03,5.63,0.33,0.018,5.459,0,0,0,0,0,0,0,0
FCR,100,2026-01-06 14:00:00,14.365,13.781,0.584,0.03,5.75,0.33,0.018,5.618,0,0,0,0,0,0,0,0
FCR,100,2026-01-06 14:15:00,14.364,13.781,0.583,0.03,5.81,0.331,0.018,5.724,0,0,0,0,0,0,0,0
FCR,100,2026-01-06 14:30:00,14.364,13.776,0.588,0.032,5.88,0.331,0.018,5.792,0,0,0,0,0,0,0,0
FCR,100,2026-01-06 14:45:00,14.362,13.778,0.584,0.03,5.94,0.331,0.018,5.806,0,0,0,0,0,0,0,0
FCR,100,2026-01-06 15:00:00,14.364,13.774,0.59,0.032,6,0.331,0.018,5.874,0,0,0,0,0,0,0,0
FCR,100,2026-01-06 15:15:00,14.366,13.778,0.588,0.032,6.06,0.332,0.018,5.964,0,0,0,0,0,0,0,0
FCR,100,2026-01-06 15:30:00,14.366,13.777,0.589,0.032,6.13,0.332,0.018,6.056,0,0,0,0,0,0,0,0
FCR,100,2026-01-06 15:45:00,14.363,13.777,0.586,0.031,6.19,0.332,0.018,6.106,0,0,0,0,0,0,0,0
FCR,100,2026-01-06 16:00:00,14.365,13.779,0.586,0.031,6.19,0.331,0.018,6.155,0,0,0,0,0,0,0,0
FCR,100,2026-01-06 16:15:00,14.366,13.775,0.591,0.033,6.25,0.332,0.018,6.192,0,0,0,0,0,0,0,0
FCR,100,2026-01-06 16:30:00,14.365,13.775,0.59,0.032,6.25,0.332,0.018,6.199,0,0,0,0,0,0,0,0
FCR,100,2026-01-06 16:45:00,14.364,13.777,0.587,0.031,6.25,0.332,0.018,6.201,0,0,0,0,0,0,0,0
FCR,100,2026-01-06 17:00:00,14.364,13.775,0.589,0.032,6.25,0.332,0.018,6.199,0,0,0,0,0,0,0,0
FCR,100,2026-01-06 17:15:00,14.367,13.774,0.593,0.033,6.19,0.331,0.018,6.179,0,0,0,0,0,0,0,0
FCR,100,2026-01-06 17:30:00,14.363,13.776,0.587,0.031,6.19,0.331,0.018,6.168,0,0,0,0,0,0,0,0
FCR,100,2026-01-06 17:45:00,14.362,13.778,0.584,0.03,6.19,0.332,0.018,6.165,0,0,0,0,0,0,0,0
FCR,100,2026-01-06 18:00:00,14.362,13.775,0.587,0.031,6.19,0.331,0.018,6.158,0,0,0,0,0,0,0,0
FCR,100,2026-01-06 18:15:00,14.359,13.774,0.585,0.031,6.13,0.332,0.018,6.13,0,0,0,0,0,0,0,0
FCR,100,2026-01-06 18:30:00,14.363,13.774,0.589,0.032,6.13,0.333,0.018,6.11,0,0,0,0,0,0,0,0
FCR,100,2026-01-06 18:45:00,14.361,13.773,0.588,0.032,6.06,0.332,0.018,6.063,0,0,0,0,0,0,0,0
FCR,100,2026-01-06 19:00:00,14.366,13.775,0.591,0.033,6.06,0.332,0.018,6.037,0,0,0,0,0,0,0,0
FCR,100,2026-01-06 19:15:00,14.361,13.774,0.587,0.031,6.13,0.332,0.018,6.041,0,0,0,0,0,0,0,0
FCR,100,2026-01-06 19:30:00,14.362,13.776,0.586,0.031,6.13,0.332,0.018,6.067,0,0,0,0,0,0,0,0
FCR,100,2026-01-06 19:45:00,14.366,13.775,0.591,0.033,6.19,0.331,0.018,6.084,0,0,0,0,0,0,0,0
FCR,100,2026-01-06 20:00:00,14.364,13.776,0.588,0.032,6.19,0.332,0.018,6.121,0,0,0,0,0,0,0,0
FCR,100,2026-01-06 20:15:00,14.359,13.781,0.578,0.028,6.25,0.332,0.018,6.161,0,0,0,0,0,0,0,0
FCR,100,2026-01-06 20:30:00,14.358,13.777,0.581,0.029,6.25,0.332,0.018,6.195,0,0,0,0,0,0,0,0
FCR,100,2026-01-06 20:45:00,14.356,13.775,0.581,0.029,6.19,0.333,0.018,6.212,0,0,0,0,0,0,0,0
FCR,100,2026-01-06 21:00:00,14.358,13.772,0.586,0.031,6.25,0.332,0.018,6.194,0,0,0,0,0,0,0,0
FCR,100,2026-01-06 21:15:00,14.356,13.771,0.585,0.031,6.25,0.332,0.018,6.184,0,0,0,0,0,0,0,0
FCR,100,2026-01-06 21:30:00,14.359,13.77,0.589,0.032,6.19,0.332,0.018,6.178,0,0,0,0,0,0,0,0
FCR,100,2026-01-06 21:45:00,14.357,13.771,0.586,0.031,6.19,0.333,0.018,6.166,0,0,0,0,0,0,0,0
FCR,100,2026-01-06 22:00:00,14.361,13.772,0.589,0.032,6.19,0.333,0.018,6.157,0,0,0,0,0,0,0,0
FCR,100,2026-01-06 22:15:00,14.361,13.771,0.59,0.032,6.19,0.331,0.018,6.155,0,0,0,0,0,0,0,0
FCR,100,2026-01-06 22:30:00,14.362,13.773,0.589,0.032,6.19,0.332,0.018,6.154,0,0,0,0,0,0,0,0
FCR,100,2026-01-06 22:45:00,14.36,13.772,0.588,0.032,6.25,0.332,0.018,6.176,0,0,0,0,0,0,0,0
FCR,100,2026-01-06 23:00:00,14.361,13.776,0.585,0.031,6.25,0.332,0.018,6.221,0,0,0,0,0,0,0,0
FCR,100,2026-01-06 23:15:00,14.362,13.775,0.587,0.031,6.19,0.332,0.018,6.198,0,0,0,0,0,0,0,0
FCR,100,2026-01-06 23:30:00,14.366,13.776,0.59,0.032,6.19,0.332,0.018,6.182,0,0,0,0,0,0,0,0
FCR,100,2026-01-06 23:45:00,14.368,13.776,0.592,0.033,6.19,0.332,0.018,6.171,0,0,0,0,0,0,0,0
FCR,100,2026-01-07 00:00:00,14.368,13.78,0.588,0.032,6.25,0.332,0.018,6.179,0,0,0,0,0,0,0,0
FCR,100,2026-01-07 00:15:00,14.368,13.782,0.586,0.031,6.25,0.332,0.018,6.205,0,0,0,0,0,0,0,0
FCR,100,2026-01-07 00:30:00,14.37,13.782,0.588,0.032,6.25,0.331,0.018,6.223,0,0,0,0,0,0,0,0
FCR,100,2026-01-07 00:45:00,14.366,13.785,0.581,0.029,6.25,0.332,0.018,6.226,0,0,0,0,0,0,0,0
FCR,100,2026-01-07 01:00:00,14.369,13.783,0.586,0.031,6.19,0.332,0.018,6.219,0,0,0,0,0,0,0,0
FCR,100,2026-01-07 01:15:00,14.37,13.781,0.589,0.032,6.25,0.332,0.018,6.195,0,0,0,0,0,0,0,0
FCR,100,2026-01-07 01:30:00,14.369,13.782,0.587,0.031,6.19,0.332,0.018,6.192,0,0,0,0,0,0,0,0
FCR,100,2026-01-07 01:45:00,14.37,13.784,0.586,0.031,6.19,0.332,0.018,6.159,0,0,0,0,0,0,0,0
FCR,100,2026-01-07 02:00:00,14.372,13.785,0.587,0.031,6.13,0.332,0.018,6.122,0,0,0,0,0,0,0,0
FCR,100,2026-01-07 02:15:00,14.373,13.786,0.587,0.031,6.06,0.332,0.018,6.087,0,0,0,0,0,0,0,0
FCR,100,2026-01-07 02:30:00,14.375,13.787,0.588,0.032,6,0.331,0.018,6.035,0,0,0,0,0,0,0,0
FCR,100,2026-01-07 02:45:00,14.373,13.786,0.587,0.031,5.94,0.331,0.018,5.98,0,0,0,0,0,0,0,0
FCR,100,2026-01-07 03:00:00,14.375,13.789,0.586,0.031,5.94,0.33,0.018,5.931,0,0,0,0,0,0,0,0
FCR,100,2026-01-07 03:15:00,14.375,13.79,0.585,0.031,5.88,0.331,0.018,5.888,0,0,0,0,0,0,0,0
FCR,100,2026-01-07 03:30:00,14.373,13.789,0.584,0.03,5.81,0.331,0.018,5.848,0,0,0,0,0,0,0,0
FCR,100,2026-01-07 03:45:00,14.372,13.789,0.583,0.03,5.81,0.331,0.018,5.815,0,0,0,0,0,0,0,0
FCR,100,2026-01-07 04:00:00,14.374,13.788,0.586,0.031,5.88,0.331,0.018,5.784,0,0,0,0,0,0,0,0
FCR,100,2026-01-07 04:15:00,14.374,13.787,0.587,0.031,5.81,0.331,0.018,5.764,0,0,0,0,0,0,0,0
FCR,100,2026-01-07 04:30:00,14.373,13.789,0.584,0.03,5.75,0.331,0.018,5.743,0,0,0,0,0,0,0,0
FCR,100,2026-01-07 04:45:00,14.376,13.788,0.588,0.032,5.75,0.331,0.018,5.723,0,0,0,0,0,0,0,0
FCR,100,2026-01-07 05:00:00,14.378,13.79,0.588,0.032,5.75,0.331,0.018,5.711,0,0,0,0,0,0,0,0
FCR,100,2026-01-07 05:15:00,14.378,13.792,0.586,0.031,5.69,0.331,0.018,5.69,0,0,0,0,0,0,0,0
FCR,100,2026-01-07 05:30:00,14.38,13.794,0.586,0.031,5.69,0.331,0.018,5.66,0,0,0,0,0,0,0,0
FCR,100,2026-01-07 05:45:00,14.381,13.797,0.584,0.03,5.63,0.33,0.018,5.628,0,0,0,0,0,0,0,0
FCR,100,2026-01-07 06:00:00,14.385,13.796,0.589,0.032,5.56,0.331,0.018,5.584,0,0,0,0,0,0,0,0
FCR,100,2026-01-07 06:15:00,14.384,13.799,0.585,0.031,5.56,0.33,0.018,5.546,0,0,0,0,0,0,0,0
FCR,100,2026-01-07 06:30:00,14.386,13.799,0.587,0.031,5.5,0.33,0.018,5.514,0,0,0,0,0,0,0,0
FCR,100,2026-01-07 06:45:00,14.388,13.803,0.585,0.031,5.5,0.33,0.018,5.479,0,0,0,0,0,0,0,0
FCR,100,2026-01-07 07:00:00,14.39,13.802,0.588,0.032,5.5,0.33,0.018,5.448,0,0,0,0,0,0,0,0
FCR,100,2026-01-07 07:15:00,14.393,13.804,0.589,0.032,5.44,0.33,0.018,5.427,0,0,0,0,0,0,0,0
FCR,100,2026-01-07 07:30:00,14.396,13.806,0.59,0.032,5.44,0.33,0.018,5.409,0,0,0,0,0,0,0,0
FCR,100,2026-01-07 07:45:00,14.399,13.811,0.588,0.032,5.5,0.33,0.018,5.406,0,0,0,0,0,0,0,0
FCR,100,2026-01-07 08:00:00,14.403,13.814,0.589,0.032,5.5,0.331,0.018,5.425,0,0,0,0,0,0,0,0
FCR,100,2026-01-07 08:15:00,14.403,13.815,0.588,0.032,5.5,0.331,0.018,5.433,0,0,0,0,0,0,0,0
FCR,100,2026-01-07 08:30:00,14.405,13.819,0.586,0.031,5.5,0.33,0.018,5.45,0,0,0,0,0,0,0,0
FCR,100,2026-01-07 08:45:00,14.407,13.82,0.587,0.031,5.5,0.33,0.018,5.456,0,0,0,0,0,0,0,0
FCR,100,2026-01-07 09:00:00,14.41,13.821,0.589,0.032,5.56,0.33,0.018,5.467,0,0,0,0,0,0,0,0
FCR,100,2026-01-07 09:15:00,14.41,13.822,0.588,0.032,5.56,0.331,0.018,5.481,0,0,0,0,0,0,0,0
FCR,100,2026-01-07 09:30:00,14.413,13.825,0.588,0.032,5.56,0.33,0.018,5.51,0,0,0,0,0,0,0,0
FCR,100,2026-01-07 09:45:00,14.413,13.828,0.585,0.031,5.63,0.33,0.018,5.55,0,0,0,0,0,0,0,0
FCR,100,2026-01-07 10:00:00,14.414,13.83,0.584,0.03,5.69,0.331,0.018,5.58,0,0,0,0,0,0,0,0
FCR,100,2026-01-07 10:15:00,14.41,13.83,0.58,0.029,5.75,0.331,0.018,5.641,0,0,0,0,0,0,0,0
FCR,100,2026-01-07 10:30:00,14.414,13.829,0.585,0.031,5.81,0.33,0.018,5.702,0,0,0,0,0,0,0,0
FCR,100,2026-01-07 10:45:00,14.414,13.828,0.586,0.031,5.88,0.332,0.018,5.766,0,0,0,0,0,0,0,0
FCR,100,2026-01-07 11:00:00,14.413,13.832,0.581,0.029,6,0.331,0.018,5.843,0,0,0,0,0,0,0,0
FCR,100,2026-01-07 11:15:00,14.407,13.831,0.576,0.028,6.06,0.332,0.018,5.934,0,0,0,0,0,0,0,0
FCR,100,2026-01-07 11:30:00,14.406,13.828,0.578,0.028,6.19,0.332,0.018,6.046,0,0,0,0,0,0,0,0
FCR,100,2026-01-07 11:45:00,14.403,13.825,0.578,0.028,6.31,0.333,0.018,6.161,0,0,0,0,0,0,0,0
FCR,100,2026-01-07 12:00:00,14.403,13.825,0.578,0.028,6.44,0.332,0.018,6.273,0,0,0,0,0,0,0,0
FCR,100,2026-01-07 12:15:00,14.4,13.821,0.579,0.029,6.5,0.333,0.018,6.397,0,0,0,0,0,0,0,0
FCR,100,2026-01-07 12:30:00,14.402,13.818,0.584,0.03,6.63,0.332,0.018,6.507,0,0,0,0,0,0,0,0
FCR,100,2026-01-07 12:45:00,14.4,13.816,0.584,0.03,6.75,0.332,0.018,6.62,0,0,0,0,0,0,0,0
FCR,100,2026-01-07 13:00:00,14.407,13.82,0.587,0.031,6.88,0.333,0.018,6.728,0,0,0,0,0,0,0,0
FCR,100,2026-01-07 13:15:00,14.403,13.815,0.588,0.032,6.94,0.333,0.018,6.829,0,0,0,0,0,0,0,0
FCR,100,2026-01-07 13:30:00,14.407,13.816,0.591,0.033,7.06,0.332,0.018,6.934,0,0,0,0,0,0,0,0
FCR,100,2026-01-07 13:45:00,14.407,13.818,0.589,0.032,7.13,0.333,0.018,7.032,0,0,0,0,0,0,0,0
FCR,100,2026-01-07 14:00:00,14.413,13.822,0.591,0.033,7.19,0.334,0.019,7.122,0,0,0,0,0,0,0,0
FCR,100,2026-01-07 14:15:00,14.414,13.826,0.588,0.032,7.25,0.334,0.019,7.176,0,0,0,0,0,0,0,0
FCR,100,2026-01-07 14:30:00,14.416,13.827,0.589,0.032,7.25,0.333,0.018,7.222,0,0,0,0,0,0,0,0
FCR,100,2026-01-07 14:45:00,14.419,13.829,0.59,0.032,7.31,0.334,0.019,7.268,0,0,0,0,0,0,0,0
FCR,100,2026-01-07 15:00:00,14.421,13.829,0.592,0.033,7.38,0.334,0.019,7.305,0,0,0,0,0,0,0,0
FCR,100,2026-01-07 15:15:00,14.423,13.832,0.591,0.033,7.38,0.334,0.019,7.339,0,0,0,0,0,0,0,0
FCR,100,2026-01-07 15:30:00,14.427,13.835,0.592,0.033,7.38,0.334,0.019,7.361,0,0,0,0,0,0,0,0
FCR,100,2026-01-07 15:45:00,14.429,13.839,0.59,0.032,7.31,0.335,0.019,7.359,0,0,0,0,0,0,0,0
FCR,100,2026-01-07 16:00:00,14.434,13.84,0.594,0.034,7.31,0.334,0.019,7.323,0,0,0,0,0,0,0,0
FCR,100,2026-01-07 16:15:00,14.437,13.843,0.594,0.034,7.25,0.335,0.019,7.284,0,0,0,0,0,0,0,0
FCR,100,2026-01-07 16:30:00,14.439,13.849,0.59,0.032,7.25,0.333,0.018,7.243,0,0,0,0,0,0,0,0
FCR,100,2026-01-07 16:45:00,14.445,13.849,0.596,0.034,7.19,0.333,0.018,7.199,0,0,0,0,0,0,0,0
FCR,100,2026-01-07 17:00:00,14.451,13.854,0.597,0.035,7.13,0.334,0.019,7.153,0,0,0,0,0,0,0,0
FCR,100,2026-01-07 17:15:00,14.452,13.86,0.592,0.033,7.06,0.334,0.019,7.097,0,0,0,0,0,0,0,0
FCR,100,2026-01-07 17:30:00,14.457,13.864,0.593,0.033,7,0.334,0.019,7.028,0,0,0,0,0,0,0,0
FCR,100,2026-01-07 17:45:00,14.461,13.866,0.595,0.034,6.94,0.334,0.019,6.951,0,0,0,0,0,0,0,0
FCR,100,2026-01-07 18:00:00,14.466,13.871,0.595,0.034,6.88,0.334,0.019,6.876,0,0,0,0,0,0,0,0
FCR,100,2026-01-07 18:15:00,14.467,13.876,0.591,0.033,6.75,0.335,0.019,6.801,0,0,0,0,0,0,0,0
FCR,100,2026-01-07 18:30:00,14.471,13.879,0.592,0.033,6.69,0.334,0.019,6.73,0,0,0,0,0,0,0,0
FCR,100,2026-01-07 18:45:00,14.471,13.882,0.589,0.032,6.63,0.334,0.019,6.663,0,0,0,0,0,0,0,0
FCR,100,2026-01-07 19:00:00,14.473,13.884,0.589,0.032,6.63,0.334,0.019,6.597,0,0,0,0,0,0,0,0
FCR,100,2026-01-07 19:15:00,14.475,13.884,0.591,0.033,6.56,0.333,0.018,6.529,0,0,0,0,0,0,0,0
FCR,100,2026-01-07 19:30:00,14.476,13.886,0.59,0.032,6.44,0.334,0.019,6.463,0,0,0,0,0,0,0,0
FCR,100,2026-01-07 19:45:00,14.479,13.887,0.592,0.033,6.38,0.333,0.018,6.397,0,0,0,0,0,0,0,0
FCR,100,2026-01-07 20:00:00,14.479,13.89,0.589,0.032,6.31,0.333,0.018,6.335,0,0,0,0,0,0,0,0
FCR,100,2026-01-07 20:15:00,14.485,13.891,0.594,0.034,6.25,0.333,0.018,6.274,0,0,0,0,0,0,0,0
FCR,100,2026-01-07 20:30:00,14.487,13.893,0.594,0.034,6.19,0.332,0.018,6.205,0,0,0,0,0,0,0,0
FCR,100,2026-01-07 20:45:00,14.487,13.899,0.588,0.032,6.13,0.332,0.018,6.139,0,0,0,0,0,0,0,0
FCR,100,2026-01-07 21:00:00,14.488,13.9,0.588,0.032,6.06,0.332,0.018,6.073,0,0,0,0,0,0,0,0
FCR,100,2026-01-07 21:15:00,14.49,13.898,0.592,0.033,6,0.333,0.018,6.011,0,0,0,0,0,0,0,0
FCR,100,2026-01-07 21:30:00,14.491,13.9,0.591,0.033,5.94,0.332,0.018,5.944,0,0,0,0,0,0,0,0
FCR,100,2026-01-07 21:45:00,14.491,13.904,0.587,0.031,5.88,0.332,0.018,5.884,0,0,0,0,0,0,0,0
FCR,100,2026-01-07 22:00:00,14.492,13.903,0.589,0.032,5.81,0.332,0.018,5.817,0,0,0,0,0,0,0,0
FCR,100,2026-01-07 22:15:00,14.492,13.902,0.59,0.032,5.75,0.332,0.018,5.75,0,0,0,0,0,0,0,0
FCR,100,2026-01-07 22:30:00,14.492,13.902,0.59,0.032,5.69,0.332,0.018,5.684,0,0,0,0,0,0,0,0
FCR,100,2026-01-07 22:45:00,14.493,13.905,0.588,0.032,5.63,0.331,0.018,5.624,0,0,0,0,0,0,0,0
FCR,100,2026-01-07 23:00:00,14.496,13.906,0.59,0.032,5.56,0.331,0.018,5.567,0,0,0,0,0,0,0,0
FCR,100,2026-01-07 23:15:00,14.496,13.906,0.59,0.032,5.5,0.331,0.018,5.509,0,0,0,0,0,0,0,0
FCR,100,2026-01-07 23:30:00,14.498,13.909,0.589,0.032,5.44,0.331,0.018,5.452,0,0,0,0,0,0,0,0
FCR,100,2026-01-07 23:45:00,14.497,13.912,0.585,0.031,5.44,0.331,0.018,5.397,0,0,0,0,0,0,0,0
FCR,100,2026-01-08 00:00:00,14.497,13.91,0.587,0.031,5.38,0.331,0.018,5.346,0,0,0,0,0,0,0,0
FCR,100,2026-01-08 00:15:00,14.501,13.909,0.592,0.033,5.31,0.331,0.018,5.292,0,0,0,0,0,0,0,0
FCR,100,2026-01-08 00:30:00,14.501,13.911,0.59,0.032,5.25,0.331,0.018,5.242,0,0,0,0,0,0,0,0
FCR,100,2026-01-08 00:45:00,14.502,13.915,0.587,0.031,5.19,0.33,0.018,5.192,0,0,0,0,0,0,0,0
FCR,100,2026-01-08 01:00:00,14.506,13.914,0.592,0.033,5.19,0.33,0.018,5.149,0,0,0,0,0,0,0,0
FCR,100,2026-01-08 01:15:00,14.508,13.915,0.593,0.033,5.13,0.33,0.018,5.106,0,0,0,0,0,0,0,0
FCR,100,2026-01-08 01:30:00,14.509,13.919,0.59,0.032,5.06,0.33,0.018,5.062,0,0,0,0,0,0,0,0
FCR,100,2026-01-08 01:45:00,14.511,13.919,0.592,0.033,5.06,0.329,0.017,5.019,0,0,0,0,0,0,0,0
FCR,100,2026-01-08 02:00:00,14.512,13.923,0.589,0.032,5,0.33,0.018,4.976,0,0,0,0,0,0,0,0
FCR,100,2026-01-08 02:15:00,14.512,13.926,0.586,0.031,5,0.33,0.018,4.942,0,0,0,0,0,0,0,0
FCR,100,2026-01-08 02:30:00,14.51,13.925,0.585,0.031,4.94,0.33,0.018,4.919,0,0,0,0,0,0,0,0
FCR,100,2026-01-08 02:45:00,14.515,13.926,0.589,0.032,4.94,0.33,0.018,4.892,0,0,0,0,0,0,0,0
FCR,100,2026-01-08 03:00:00,14.518,13.925,0.593,0.033,4.88,0.33,0.018,4.859,0,0,0,0,0,0,0,0
FCR,100,2026-01-08 03:15:00,14.518,13.93,0.588,0.032,4.88,0.33,0.018,4.827,0,0,0,0,0,0,0,0
FCR,100,2026-01-08 03:30:00,14.518,13.933,0.585,0.031,4.81,0.329,0.017,4.794,0,0,0,0,0,0,0,0
FCR,100,2026-01-08 03:45:00,14.519,13.933,0.586,0.031,4.81,0.329,0.017,4.758,0,0,0,0,0,0,0,0
FCR,100,2026-01-08 04:00:00,14.519,13.932,0.587,0.031,4.75,0.329,0.017,4.722,0,0,0,0,0,0,0,0
FCR,100,2026-01-08 04:15:00,14.523,13.933,0.59,0.032,4.75,0.329,0.017,4.686,0,0,0,0,0,0,0,0
FCR,100,2026-01-08 04:30:00,14.522,13.932,0.59,0.032,4.69,0.33,0.018,4.648,0,0,0,0,0,0,0,0
FCR,100,2026-01-08 04:45:00,14.523,13.936,0.587,0.031,4.63,0.329,0.017,4.612,0,0,0,0,0,0,0,0
FCR,100,2026-01-08 05:00:00,14.525,13.936,0.589,0.032,4.63,0.329,0.017,4.579,0,0,0,0,0,0,0,0
FCR,100,2026-01-08 05:15:00,14.527,13.938,0.589,0.032,4.56,0.329,0.017,4.545,0,0,0,0,0,0,0,0
FCR,100,2026-01-08 05:30:00,14.529,13.938,0.591,0.033,4.56,0.328,0.017,4.51,0,0,0,0,0,0,0,0
FCR,100,2026-01-08 05:45:00,14.533,13.941,0.592,0.033,4.5,0.329,0.017,4.476,0,0,0,0,0,0,0,0
FCR,100,2026-01-08 06:00:00,14.535,13.943,0.592,0.033,4.5,0.329,0.017,4.441,0,0,0,0,0,0,0,0
FCR,100,2026-01-08 06:15:00,14.534,13.947,0.587,0.031,4.44,0.33,0.018,4.405,0,0,0,0,0,0,0,0
FCR,100,2026-01-08 06:30:00,14.536,13.947,0.589,0.032,4.44,0.329,0.017,4.367,0,0,0,0,0,0,0,0
FCR,100,2026-01-08 06:45:00,14.534,13.948,0.586,0.031,4.38,0.328,0.017,4.331,0,0,0,0,0,0,0,0
FCR,100,2026-01-08 07:00:00,14.537,13.95,0.587,0.031,4.38,0.329,0.017,4.299,0,0,0,0,0,0,0,0
FCR,100,2026-01-08 07:15:00,14.541,13.948,0.593,0.033,4.31,0.328,0.017,4.271,0,0,0,0,0,0,0,0
FCR,100,2026-01-08 07:30:00,14.545,13.953,0.592,0.033,4.31,0.329,0.017,4.246,0,0,0,0,0,0,0,0
FCR,100,2026-01-08 07:45:00,14.549,13.957,0.592,0.033,4.25,0.329,0.017,4.225,0,0,0,0,0,0,0,0
FCR,100,2026-01-08 08:00:00,14.552,13.962,0.59,0.032,4.31,0.328,0.017,4.209,0,0,0,0,0,0,0,0
FCR,100,2026-01-08 08:15:00,14.554,13.964,0.59,0.032,4.31,0.329,0.017,4.206,0,0,0,0,0,0,0,0
FCR,100,2026-01-08 08:30:00,14.557,13.967,0.59,0.032,4.25,0.329,0.017,4.211,0,0,0,0,0,0,0,0
FCR,100,2026-01-08 08:45:00,14.556,13.97,0.586,0.031,4.25,0.329,0.017,4.21,0,0,0,0,0,0,0,0
FCR,100,2026-01-08 09:00:00,14.562,13.973,0.589,0.032,4.31,0.328,0.017,4.219,0,0,0,0,0,0,0,0
FCR,100,2026-01-08 09:15:00,14.561,13.973,0.588,0.032,4.38,0.328,0.017,4.249,0,0,0,0,0,0,0,0
FCR,100,2026-01-08 09:30:00,14.564,13.977,0.587,0.031,4.38,0.329,0.017,4.28,0,0,0,0,0,0,0,0
FCR,100,2026-01-08 09:45:00,14.566,13.979,0.587,0.031,4.44,0.328,0.017,4.319,0,0,0,0,0,0,0,0
FCR,100,2026-01-08 10:00:00,14.566,13.982,0.584,0.03,4.5,0.329,0.017,4.364,0,0,0,0,0,0,0,0
FCR,100,2026-01-08 10:15:00,14.568,13.985,0.583,0.03,4.56,0.33,0.018,4.417,0,0,0,0,0,0,0,0
FCR,100,2026-01-08 10:30:00,14.569,13.986,0.583,0.03,4.63,0.329,0.017,4.494,0,0,0,0,0,0,0,0
FCR,100,2026-01-08 10:45:00,14.57,13.987,0.583,0.03,4.69,0.328,0.017,4.567,0,0,0,0,0,0,0,0
FCR,100,2026-01-08 11:00:00,14.569,13.989,0.58,0.029,4.81,0.329,0.017,4.651,0,0,0,0,0,0,0,0
FCR,100,2026-01-08 11:15:00,14.566,13.988,0.578,0.028,4.88,0.33,0.018,4.748,0,0,0,0,0,0,0,0
FCR,100,2026-01-08 11:30:00,14.566,13.986,0.58,0.029,5,0.329,0.017,4.855,0,0,0,0,0,0,0,0
FCR,100,2026-01-08 11:45:00,14.567,13.986,0.581,0.029,5.13,0.329,0.017,4.964,0,0,0,0,0,0,0,0
FCR,100,2026-01-08 12:00:00,14.565,13.986,0.579,0.029,5.31,0.331,0.018,5.107,0,0,0,0,0,0,0,0
FCR,100,2026-01-08 12:15:00,14.56,13.985,0.575,0.027,5.38,0.33,0.018,5.256,0,0,0,0,0,0,0,0
FCR,100,2026-01-08 12:30:00,14.556,13.979,0.577,0.028,5.56,0.33,0.018,5.378,0,0,0,0,0,0,0,0
FCR,100,2026-01-08 12:45:00,14.552,13.977,0.575,0.027,5.69,0.331,0.018,5.516,0,0,0,0,0,0,0,0
FCR,100,2026-01-08 13:00:00,14.553,13.973,0.58,0.029,5.88,0.331,0.018,5.665,0,0,0,0,0,0,0,0
FCR,100,2026-01-08 13:15:00,14.553,13.967,0.586,0.031,6,0.332,0.018,5.808,0,0,0,0,0,0,0,0
FCR,100,2026-01-08 13:30:00,14.553,13.969,0.584,0.03,6.13,0.331,0.018,5.991,0,0,0,0,0,0,0,0
FCR,100,2026-01-08 13:45:00,14.553,13.969,0.584,0.03,6.25,0.332,0.018,6.114,0,0,0,0,0,0,0,0
FCR,100,2026-01-08 14:00:00,14.556,13.97,0.586,0.031,6.31,0.332,0.018,6.224,0,0,0,0,0,0,0,0
FCR,100,2026-01-08 14:15:00,14.559,13.969,0.59,0.032,6.38,0.333,0.018,6.287,0,0,0,0,0,0,0,0
FCR,100,2026-01-08 14:30:00,14.552,13.973,0.579,0.029,6.38,0.332,0.018,6.333,0,0,0,0,0,0,0,0
FCR,100,2026-01-08 14:45:00,14.548,13.971,0.577,0.028,6.5,0.333,0.018,6.371,0,0,0,0,0,0,0,0
FCR,100,2026-01-08 15:00:00,14.553,13.967,0.586,0.031,6.63,0.332,0.018,6.459,0,0,0,0,0,0,0,0
FCR,100,2026-01-08 15:15:00,14.557,13.963,0.594,0.034,6.69,0.333,0.018,6.596,0,0,0,0,0,0,0,0
FCR,100,2026-01-08 15:30:00,14.561,13.969,0.592,0.033,6.69,0.333,0.018,6.649,0,0,0,0,0,0,0,0
FCR,100,2026-01-08 15:45:00,14.559,13.975,0.584,0.03,6.69,0.334,0.019,6.671,0,0,0,0,0,0,0,0
FCR,100,2026-01-08 16:00:00,14.556,13.974,0.582,0.03,6.69,0.333,0.018,6.668,0,0,0,0,0,0,0,0
FCR,100,2026-01-08 16:15:00,14.56,13.974,0.586,0.031,6.63,0.333,0.018,6.637,0,0,0,0,0,0,0,0
FCR,100,2026-01-08 16:30:00,14.558,13.972,0.586,0.031,6.56,0.333,0.018,6.582,0,0,0,0,0,0,0,0
FCR,100,2026-01-08 16:45:00,14.558,13.974,0.584,0.03,6.56,0.332,0.018,6.54,0,0,0,0,0,0,0,0
FCR,100,2026-01-08 17:00:00,14.561,13.973,0.588,0.032,6.5,0.332,0.018,6.507,0,0,0,0,0,0,0,0
FCR,100,2026-01-08 17:15:00,14.56,13.974,0.586,0.031,6.44,0.332,0.018,6.465,0,0,0,0,0,0,0,0
FCR,100,2026-01-08 17:30:00,14.561,13.976,0.585,0.031,6.44,0.332,0.018,6.424,0,0,0,0,0,0,0,0
FCR,100,2026-01-08 17:45:00,14.571,13.975,0.596,0.034,6.38,0.333,0.018,6.389,0,0,0,0,0,0,0,0
FCR,100,2026-01-08 18:00:00,14.569,13.978,0.591,0.033,6.38,0.332,0.018,6.353,0,0,0,0,0,0,0,0
FCR,100,2026-01-08 18:15:00,14.573,13.984,0.589,0.032,6.31,0.332,0.018,6.319,0,0,0,0,0,0,0,0
FCR,100,2026-01-08 18:30:00,14.573,13.985,0.588,0.032,6.31,0.332,0.018,6.286,0,0,0,0,0,0,0,0
FCR,100,2026-01-08 18:45:00,14.568,13.988,0.58,0.029,6.25,0.332,0.018,6.259,0,0,0,0,0,0,0,0
FCR,100,2026-01-08 19:00:00,14.567,13.987,0.58,0.029,6.25,0.332,0.018,6.221,0,0,0,0,0,0,0,0
FCR,100,2026-01-08 19:15:00,14.568,13.983,0.585,0.031,6.19,0.332,0.018,6.178,0,0,0,0,0,0,0,0
FCR,100,2026-01-08 19:30:00,14.565,13.982,0.583,0.03,6.13,0.332,0.018,6.146,0,0,0,0,0,0,0,0
FCR,100,2026-01-08 19:45:00,14.566,13.983,0.583,0.03,6.13,0.331,0.018,6.12,0,0,0,0,0,0,0,0
FCR,100,2026-01-08 20:00:00,14.577,13.981,0.596,0.034,6.19,0.331,0.018,6.106,0,0,0,0,0,0,0,0
FCR,100,2026-01-08 20:15:00,14.578,13.983,0.595,0.034,6.19,0.331,0.018,6.112,0,0,0,0,0,0,0,0
FCR,100,2026-01-08 20:30:00,14.582,13.99,0.592,0.033,6.13,0.331,0.018,6.12,0,0,0,0,0,0,0,0
FCR,100,2026-01-08 20:45:00,14.578,13.995,0.583,0.03,6.13,0.332,0.018,6.106,0,0,0,0,0,0,0,0
FCR,100,2026-01-08 21:00:00,14.572,13.996,0.576,0.028,6.13,0.331,0.018,6.076,0,0,0,0,0,0,0,0
FCR,100,2026-01-08 21:15:00,14.57,13.991,0.579,0.029,6.06,0.331,0.018,6.054,0,0,0,0,0,0,0,0
FCR,100,2026-01-08 21:30:00,14.568,13.988,0.58,0.029,6.13,0.33,0.018,6.055,0,0,0,0,0,0,0,0
FCR,100,2026-01-08 21:45:00,14.572,13.985,0.587,0.031,6.06,0.332,0.018,6.049,0,0,0,0,0,0,0,0
FCR,100,2026-01-08 22:00:00,14.572,13.983,0.589,0.032,6.06,0.331,0.018,6.031,0,0,0,0,0,0,0,0
FCR,100,2026-01-08 22:15:00,14.568,13.986,0.582,0.03,6,0.332,0.018,6.013,0,0,0,0,0,0,0,0
FCR,100,2026-01-08 22:30:00,14.57,13.986,0.584,0.03,6,0.331,0.018,5.989,0,0,0,0,0,0,0,0
FCR,100,2026-01-08 22:45:00,14.567,13.984,0.583,0.03,6,0.331,0.018,5.966,0,0,0,0,0,0,0,0
FCR,100,2026-01-08 23:00:00,14.565,13.984,0.581,0.029,5.94,0.332,0.018,5.93,0,0,0,0,0,0,0,0
FCR,100,2026-01-08 23:15:00,14.568,13.983,0.585,0.031,5.88,0.331,0.018,5.895,0,0,0,0,0,0,0,0
FCR,100,2026-01-08 23:30:00,14.569,13.979,0.59,0.032,5.88,0.331,0.018,5.857,0,0,0,0,0,0,0,0
FCR,100,2026-01-08 23:45:00,14.571,13.984,0.587,0.031,5.81,0.331,0.018,5.816,0,0,0,0,0,0,0,0
FCR,100,2026-01-09 00:00:00,14.567,13.984,0.583,0.03,5.88,0.331,0.018,5.803,0,0,0,0,0,0,0,0
FCR,100,2026-01-09 00:15:00,14.566,13.985,0.581,0.029,5.81,0.332,0.018,5.812,0,0,0,0,0,0,0,0
FCR,100,2026-01-09 00:30:00,14.567,13.98,0.587,0.031,5.81,0.331,0.018,5.79,0,0,0,0,0,0,0,0
FCR,100,2026-01-09 00:45:00,14.569,13.979,0.59,0.032,5.75,0.331,0.018,5.758,0,0,0,0,0,0,0,0
FCR,100,2026-01-09 01:00:00,14.565,13.981,0.584,0.03,5.75,0.331,0.018,5.733,0,0,0,0,0,0,0,0
FCR,100,2026-01-09 01:15:00,14.566,13.984,0.582,0.03,5.75,0.331,0.018,5.708,0,0,0,0,0,0,0,0
FCR,100,2026-01-09 01:30:00,14.567,13.98,0.587,0.031,5.69,0.331,0.018,5.672,0,0,0,0,0,0,0,0
FCR,100,2026-01-09 01:45:00,14.571,13.982,0.589,0.032,5.69,0.331,0.018,5.64,0,0,0,0,0,0,0,0
FCR,100,2026-01-09 02:00:00,14.571,13.984,0.587,0.031,5.69,0.33,0.018,5.621,0,0,0,0,0,0,0,0
FCR,100,2026-01-09 02:15:00,14.573,13.987,0.586,0.031,5.69,0.33,0.018,5.627,0,0,0,0,0,0,0,0
FCR,100,2026-01-09 02:30:00,14.574,13.985,0.589,0.032,5.75,0.331,0.018,5.654,0,0,0,0,0,0,0,0
FCR,100,2026-01-09 02:45:00,14.573,13.988,0.585,0.031,5.75,0.33,0.018,5.687,0,0,0,0,0,0,0,0
FCR,100,2026-01-09 03:00:00,14.57,13.988,0.582,0.03,5.81,0.33,0.018,5.722,0,0,0,0,0,0,0,0
FCR,100,2026-01-09 03:15:00,14.565,13.989,0.576,0.028,5.81,0.331,0.018,5.752,0,0,0,0,0,0,0,0
FCR,100,2026-01-09 03:30:00,14.563,13.982,0.581,0.029,5.81,0.33,0.018,5.777,0,0,0,0,0,0,0,0
FCR,100,2026-01-09 03:45:00,14.556,13.98,0.576,0.028,5.88,0.331,0.018,5.802,0,0,0,0,0,0,0,0
FCR,100,2026-01-09 04:00:00,14.556,13.975,0.581,0.029,5.88,0.331,0.018,5.827,0,0,0,0,0,0,0,0
FCR,100,2026-01-09 04:15:00,14.559,13.972,0.587,0.031,5.94,0.331,0.018,5.847,0,0,0,0,0,0,0,0
FCR,100,2026-01-09 04:30:00,14.554,13.969,0.585,0.031,5.94,0.331,0.018,5.863,0,0,0,0,0,0,0,0
FCR,100,2026-01-09 04:45:00,14.551,13.97,0.581,0.029,5.94,0.331,0.018,5.884,0,0,0,0,0,0,0,0
FCR,100,2026-01-09 05:00:00,14.551,13.966,0.585,0.031,5.94,0.331,0.018,5.902,0,0,0,0,0,0,0,0
FCR,100,2026-01-09 05:15:00,14.555,13.966,0.589,0.032,5.94,0.332,0.018,5.92,0,0,0,0,0,0,0,0
FCR,100,2026-01-09 05:30:00,14.556,13.968,0.588,0.032,6,0.332,0.018,5.938,0,0,0,0,0,0,0,0
FCR,100,2026-01-09 05:45:00,14.558,13.97,0.588,0.032,6,0.332,0.018,5.954,0,0,0,0,0,0,0,0
FCR,100,2026-01-09 06:00:00,14.565,13.971,0.594,0.034,6,0.331,0.018,5.966,0,0,0,0,0,0,0,0
FCR,100,2026-01-09 06:15:00,14.558,13.974,0.584,0.03,6,0.331,0.018,5.976,0,0,0,0,0,0,0,0
FCR,100,2026-01-09 06:30:00,14.559,13.979,0.58,0.029,6,0.331,0.018,5.984,0,0,0,0,0,0,0,0
FCR,100,2026-01-09 06:45:00,14.558,13.975,0.583,0.03,6.06,0.331,0.018,5.993,0,0,0,0,0,0,0,0
FCR,100,2026-01-09 07:00:00,14.556,13.975,0.581,0.029,6.06,0.331,0.018,5.999,0,0,0,0,0,0,0,0
FCR,100,2026-01-09 07:15:00,14.556,13.976,0.58,0.029,6.06,0.331,0.018,6.005,0,0,0,0,0,0,0,0
FCR,100,2026-01-09 07:30:00,14.561,13.97,0.591,0.033,6.06,0.332,0.018,6.011,0,0,0,0,0,0,0,0
FCR,100,2026-01-09 07:45:00,14.556,13.971,0.585,0.031,6.06,0.332,0.018,6.015,0,0,0,0,0,0,0,0
FCR,100,2026-01-09 08:00:00,14.553,13.977,0.576,0.028,6.06,0.332,0.018,6.017,0,0,0,0,0,0,0,0
FCR,100,2026-01-09 08:15:00,14.552,13.971,0.581,0.029,6.06,0.333,0.018,6.02,0,0,0,0,0,0,0,0
FCR,100,2026-01-09 08:30:00,14.548,13.967,0.581,0.029,6.06,0.332,0.018,6.027,0,0,0,0,0,0,0,0
FCR,100,2026-01-09 08:45:00,14.551,13.966,0.585,0.031,6.13,0.331,0.018,6.041,0,0,0,0,0,0,0,0
FCR,100,2026-01-09 09:00:00,14.551,13.961,0.59,0.032,6.13,0.331,0.018,6.069,0,0,0,0,0,0,0,0
FCR,100,2026-01-09 09:15:00,14.556,13.967,0.589,0.032,6.13,0.332,0.018,6.086,0,0,0,0,0,0,0,0
FCR,100,2026-01-09 09:30:00,14.557,13.966,0.591,0.033,6.19,0.333,0.018,6.108,0,0,0,0,0,0,0,0
FCR,100,2026-01-09 09:45:00,14.554,13.973,0.581,0.029,6.19,0.331,0.018,6.127,0,0,0,0,0,0,0,0
FCR,100,2026-01-09 10:00:00,14.552,13.973,0.579,0.029,6.25,0.332,0.018,6.16,0,0,0,0,0,0,0,0
FCR,100,2026-01-09 10:15:00,14.55,13.97,0.58,0.029,6.31,0.333,0.018,6.204,0,0,0,0,0,0,0,0
FCR,100,2026-01-09 10:30:00,14.552,13.967,0.585,0.031,6.31,0.333,0.018,6.25,0,0,0,0,0,0,0,0
FCR,100,2026-01-09 10:45:00,14.552,13.965,0.587,0.031,6.38,0.333,0.018,6.288,0,0,0,0,0,0,0,0
FCR,100,2026-01-09 11:00:00,14.548,13.967,0.581,0.029,6.44,0.332,0.018,6.327,0,0,0,0,0,0,0,0
FCR,100,2026-01-09 11:15:00,14.548,13.966,0.582,0.03,6.44,0.333,0.018,6.376,0,0,0,0,0,0,0,0
FCR,100,2026-01-09 11:30:00,14.545,13.959,0.586,0.031,6.5,0.332,0.018,6.43,0,0,0,0,0,0,0,0
FCR,100,2026-01-09 11:45:00,14.541,13.961,0.58,0.029,6.56,0.333,0.018,6.471,0,0,0,0,0,0,0,0
FCR,100,2026-01-09 12:00:00,14.538,13.957,0.581,0.029,6.56,0.333,0.018,6.506,0,0,0,0,0,0,0,0
FCR,100,2026-01-09 12:15:00,14.533,13.954,0.579,0.029,6.63,0.333,0.018,6.555,0,0,0,0,0,0,0,0
FCR,100,2026-01-09 12:30:00,NA,NA,NA,NA,NA,0.334,0.019,6.604,7,7,7,7,7,0,0,0
FCR,100,2026-01-09 12:45:00,NA,NA,NA,NA,NA,0.337,0.019,6.719,7,7,7,7,7,0,0,0
FCR,100,2026-01-09 13:00:00,NA,NA,NA,NA,NA,0.338,0.019,6.8,7,7,7,7,7,0,0,0
FCR,100,2026-01-09 13:15:00,NA,NA,NA,NA,NA,0.337,0.019,6.881,7,7,7,7,7,0,0,0
FCR,100,2026-01-09 13:30:00,NA,NA,NA,NA,NA,0.337,0.019,6.925,7,7,7,7,7,0,0,0
FCR,100,2026-01-09 13:45:00,NA,NA,NA,NA,NA,0.338,0.019,6.975,7,7,7,7,7,0,0,0
FCR,100,2026-01-09 14:00:00,NA,NA,NA,NA,NA,0.338,0.019,7.022,7,7,7,7,7,0,0,0
FCR,100,2026-01-09 14:15:00,NA,NA,NA,NA,NA,0.339,0.02,7.06,7,7,7,7,7,0,0,0
FCR,100,2026-01-09 14:30:00,NA,NA,NA,NA,NA,0.338,0.019,7.086,7,7,7,7,7,0,0,0
FCR,100,2026-01-09 14:45:00,NA,NA,NA,NA,NA,0.337,0.019,7.113,7,7,7,7,7,0,0,0
FCR,100,2026-01-09 15:00:00,NA,NA,NA,NA,NA,0.34,0.02,7.128,7,7,7,7,7,0,0,0
FCR,100,2026-01-09 15:15:00,NA,NA,NA,NA,NA,0.339,0.02,7.14,7,7,7,7,7,0,0,0
FCR,100,2026-01-09 15:30:00,NA,NA,NA,NA,NA,0.341,0.02,7.151,7,7,7,7,7,0,0,0
FCR,100,2026-01-09 15:45:00,NA,NA,NA,NA,NA,0.339,0.02,7.153,7,7,7,7,7,0,0,0
FCR,100,2026-01-09 16:00:00,NA,NA,NA,NA,NA,0.341,0.02,7.147,7,7,7,7,7,0,0,0
FCR,100,2026-01-09 16:15:00,NA,NA,NA,NA,NA,0.341,0.02,7.144,7,7,7,7,7,0,0,0
FCR,100,2026-01-09 16:30:00,NA,NA,NA,NA,NA,0.341,0.02,7.141,7,7,7,7,7,0,0,0
FCR,100,2026-01-09 16:45:00,NA,NA,NA,NA,NA,0.341,0.02,7.138,7,7,7,7,7,0,0,0
FCR,100,2026-01-09 17:00:00,NA,NA,NA,NA,NA,0.341,0.02,7.13,7,7,7,7,7,0,0,0
FCR,100,2026-01-09 17:15:00,NA,NA,NA,NA,NA,0.341,0.02,7.118,7,7,7,7,7,0,0,0
FCR,100,2026-01-09 17:30:00,NA,NA,NA,NA,NA,0.341,0.02,7.107,7,7,7,7,7,0,0,0
FCR,100,2026-01-09 17:45:00,NA,NA,NA,NA,NA,0.341,0.02,7.09,7,7,7,7,7,0,0,0
FCR,100,2026-01-09 18:00:00,NA,NA,NA,NA,NA,0.341,0.02,7.077,7,7,7,7,7,0,0,0
FCR,100,2026-01-09 18:15:00,NA,NA,NA,NA,NA,0.341,0.02,7.071,7,7,7,7,7,0,0,0
FCR,100,2026-01-09 18:30:00,NA,NA,NA,NA,NA,0.339,0.02,7.062,7,7,7,7,7,0,0,0
FCR,100,2026-01-09 18:45:00,NA,NA,NA,NA,NA,0.34,0.02,7.046,7,7,7,7,7,0,0,0
FCR,100,2026-01-09 19:00:00,NA,NA,NA,NA,NA,0.341,0.02,7.029,7,7,7,7,7,0,0,0
FCR,100,2026-01-09 19:15:00,NA,NA,NA,NA,NA,0.34,0.02,7.015,7,7,7,7,7,0,0,0
FCR,100,2026-01-09 19:30:00,NA,NA,NA,NA,NA,0.341,0.02,7,7,7,7,7,7,0,0,0
FCR,100,2026-01-09 19:45:00,NA,NA,NA,NA,NA,0.34,0.02,6.993,7,7,7,7,7,0,0,0
FCR,100,2026-01-09 20:00:00,NA,NA,NA,NA,NA,0.339,0.02,6.984,7,7,7,7,7,0,0,0
FCR,100,2026-01-09 20:15:00,NA,NA,NA,NA,NA,0.339,0.02,6.977,7,7,7,7,7,0,0,0
FCR,100,2026-01-09 20:30:00,NA,NA,NA,NA,NA,0.339,0.02,6.974,7,7,7,7,7,0,0,0
FCR,100,2026-01-09 20:45:00,NA,NA,NA,NA,NA,0.339,0.02,6.971,7,7,7,7,7,0,0,0
FCR,100,2026-01-09 21:00:00,NA,NA,NA,NA,NA,0.339,0.02,6.979,7,7,7,7,7,0,0,0
FCR,100,2026-01-09 21:15:00,NA,NA,NA,NA,NA,0.339,0.02,6.975,7,7,7,7,7,0,0,0
FCR,100,2026-01-09 21:30:00,NA,NA,NA,NA,NA,0.34,0.02,6.972,7,7,7,7,7,0,0,0
FCR,100,2026-01-09 21:45:00,NA,NA,NA,NA,NA,0.34,0.02,6.981,7,7,7,7,7,0,0,0
FCR,100,2026-01-09 22:00:00,NA,NA,NA,NA,NA,0.339,0.02,6.989,7,7,7,7,7,0,0,0
FCR,100,2026-01-09 22:15:00,NA,NA,NA,NA,NA,0.339,0.02,7.005,7,7,7,7,7,0,0,0
FCR,100,2026-01-09 22:30:00,NA,NA,NA,NA,NA,0.339,0.02,7.038,7,7,7,7,7,0,0,0
FCR,100,2026-01-09 22:45:00,NA,NA,NA,NA,NA,0.339,0.02,7.049,7,7,7,7,7,0,0,0
FCR,100,2026-01-09 23:00:00,NA,NA,NA,NA,NA,0.34,0.02,7.072,7,7,7,7,7,0,0,0
FCR,100,2026-01-09 23:15:00,NA,NA,NA,NA,NA,0.34,0.02,7.07,7,7,7,7,7,0,0,0
FCR,100,2026-01-09 23:30:00,NA,NA,NA,NA,NA,0.339,0.02,7.065,7,7,7,7,7,0,0,0
FCR,100,2026-01-09 23:45:00,NA,NA,NA,NA,NA,0.339,0.02,7.073,7,7,7,7,7,0,0,0
FCR,100,2026-01-10 00:00:00,NA,NA,NA,NA,NA,0.338,0.019,7.057,7,7,7,7,7,0,0,0
FCR,100,2026-01-10 00:15:00,NA,NA,NA,NA,NA,0.338,0.019,7.053,7,7,7,7,7,0,0,0
FCR,100,2026-01-10 00:30:00,NA,NA,NA,NA,NA,0.341,0.02,7.064,7,7,7,7,7,0,0,0
FCR,100,2026-01-10 00:45:00,NA,NA,NA,NA,NA,0.34,0.02,7.089,7,7,7,7,7,0,0,0
FCR,100,2026-01-10 01:00:00,NA,NA,NA,NA,NA,0.339,0.02,7.106,7,7,7,7,7,0,0,0
FCR,100,2026-01-10 01:15:00,NA,NA,NA,NA,NA,0.339,0.02,7.137,7,7,7,7,7,0,0,0
FCR,100,2026-01-10 01:30:00,NA,NA,NA,NA,NA,0.339,0.02,7.161,7,7,7,7,7,0,0,0
FCR,100,2026-01-10 01:45:00,NA,NA,NA,NA,NA,0.34,0.02,7.167,7,7,7,7,7,0,0,0
FCR,100,2026-01-10 02:00:00,NA,NA,NA,NA,NA,0.34,0.02,7.181,7,7,7,7,7,0,0,0
FCR,100,2026-01-10 02:15:00,NA,NA,NA,NA,NA,0.341,0.02,7.196,7,7,7,7,7,0,0,0
FCR,100,2026-01-10 02:30:00,NA,NA,NA,NA,NA,0.341,0.02,7.196,7,7,7,7,7,0,0,0
FCR,100,2026-01-10 02:45:00,NA,NA,NA,NA,NA,0.341,0.02,7.19,7,7,7,7,7,0,0,0
FCR,100,2026-01-10 03:00:00,NA,NA,NA,NA,NA,0.34,0.02,7.189,7,7,7,7,7,0,0,0
FCR,100,2026-01-10 03:15:00,NA,NA,NA,NA,NA,0.341,0.02,7.19,7,7,7,7,7,0,0,0
FCR,100,2026-01-10 03:30:00,NA,NA,NA,NA,NA,0.339,0.02,7.186,7,7,7,7,7,0,0,0
FCR,100,2026-01-10 03:45:00,NA,NA,NA,NA,NA,0.339,0.02,7.183,7,7,7,7,7,0,0,0
FCR,100,2026-01-10 04:00:00,NA,NA,NA,NA,NA,0.339,0.02,7.191,7,7,7,7,7,0,0,0
FCR,100,2026-01-10 04:15:00,NA,NA,NA,NA,NA,0.34,0.02,7.187,7,7,7,7,7,0,0,0
FCR,100,2026-01-10 04:30:00,NA,NA,NA,NA,NA,0.341,0.02,7.184,7,7,7,7,7,0,0,0
FCR,100,2026-01-10 04:45:00,NA,NA,NA,NA,NA,0.342,0.02,7.186,7,7,7,7,7,0,0,0
FCR,100,2026-01-10 05:00:00,NA,NA,NA,NA,NA,0.34,0.02,7.196,7,7,7,7,7,0,0,0
FCR,100,2026-01-10 05:15:00,NA,NA,NA,NA,NA,0.341,0.02,7.2,7,7,7,7,7,0,0,0
FCR,100,2026-01-10 05:30:00,NA,NA,NA,NA,NA,0.342,0.02,7.204,7,7,7,7,7,0,0,0
FCR,100,2026-01-10 05:45:00,NA,NA,NA,NA,NA,0.342,0.02,7.22,7,7,7,7,7,0,0,0
FCR,100,2026-01-10 06:00:00,NA,NA,NA,NA,NA,0.341,0.02,7.224,7,7,7,7,7,0,0,0
FCR,100,2026-01-10 06:15:00,NA,NA,NA,NA,NA,0.342,0.02,7.223,7,7,7,7,7,0,0,0
FCR,100,2026-01-10 06:30:00,NA,NA,NA,NA,NA,0.342,0.02,7.226,7,7,7,7,7,0,0,0
FCR,100,2026-01-10 06:45:00,NA,NA,NA,NA,NA,0.342,0.02,7.228,7,7,7,7,7,0,0,0
FCR,100,2026-01-10 07:00:00,NA,NA,NA,NA,NA,0.344,0.021,7.255,7,7,7,7,7,0,0,0
FCR,100,2026-01-10 07:15:00,NA,NA,NA,NA,NA,0.347,0.022,7.296,7,7,7,7,7,0,0,0
FCR,100,2026-01-10 07:30:00,NA,NA,NA,NA,NA,0.348,0.022,7.314,7,7,7,7,7,0,0,0
FCR,100,2026-01-10 07:45:00,NA,NA,NA,NA,NA,0.349,0.022,7.316,7,7,7,7,7,0,0,0
FCR,100,2026-01-10 08:00:00,NA,NA,NA,NA,NA,0.35,0.022,7.319,7,7,7,7,7,0,0,0
FCR,100,2026-01-10 08:15:00,NA,NA,NA,NA,NA,0.352,0.023,7.338,7,7,7,7,7,0,0,0
FCR,100,2026-01-10 08:30:00,NA,NA,NA,NA,NA,0.352,0.023,7.361,7,7,7,7,7,0,0,0
FCR,100,2026-01-10 08:45:00,NA,NA,NA,NA,NA,0.353,0.023,7.397,7,7,7,7,7,0,0,0
FCR,100,2026-01-10 09:00:00,NA,NA,NA,NA,NA,0.355,0.024,7.441,7,7,7,7,7,0,0,0
FCR,100,2026-01-10 09:15:00,NA,NA,NA,NA,NA,0.358,0.024,7.501,7,7,7,7,7,0,0,0
FCR,100,2026-01-10 09:30:00,NA,NA,NA,NA,NA,0.36,0.025,7.553,7,7,7,7,7,0,0,0
FCR,100,2026-01-10 09:45:00,NA,NA,NA,NA,NA,0.366,0.027,7.611,7,7,7,7,7,0,0,0
FCR,100,2026-01-10 10:00:00,NA,NA,NA,NA,NA,0.373,0.029,7.706,7,7,7,7,7,0,0,0
FCR,100,2026-01-10 10:15:00,NA,NA,NA,NA,NA,0.382,0.031,7.786,7,7,7,7,7,0,0,0
FCR,100,2026-01-10 10:30:00,NA,NA,NA,NA,NA,0.39,0.034,7.833,7,7,7,7,7,0,0,0
FCR,100,2026-01-10 10:45:00,NA,NA,NA,NA,NA,0.401,0.038,7.894,7,7,7,7,7,0,0,0
FCR,100,2026-01-10 11:00:00,NA,NA,NA,NA,NA,0.415,0.043,7.954,7,7,7,7,7,0,0,0
FCR,100,2026-01-10 11:15:00,NA,NA,NA,NA,NA,0.428,0.048,8,7,7,7,7,7,0,0,0
FCR,100,2026-01-10 11:30:00,NA,NA,NA,NA,NA,0.436,0.051,8.06,7,7,7,7,7,0,0,0
FCR,100,2026-01-10 11:45:00,NA,NA,NA,NA,NA,0.437,0.051,8.08,7,7,7,7,7,0,0,0
FCR,100,2026-01-10 12:00:00,NA,NA,NA,NA,NA,0.439,0.052,8.12,7,7,7,7,7,0,0,0
FCR,100,2026-01-10 12:15:00,NA,NA,NA,NA,NA,0.436,0.051,8.16,7,7,7,7,7,0,0,0
FCR,100,2026-01-10 12:30:00,NA,NA,NA,NA,NA,0.434,0.05,8.21,7,7,7,7,7,0,0,0
FCR,100,2026-01-10 12:45:00,NA,NA,NA,NA,NA,0.433,0.05,8.25,7,7,7,7,7,0,0,0
FCR,100,2026-01-10 13:00:00,NA,NA,NA,NA,NA,0.432,0.049,8.26,7,7,7,7,7,0,0,0
FCR,100,2026-01-10 13:15:00,NA,NA,NA,NA,NA,0.428,0.048,8.3,7,7,7,7,7,0,0,0
FCR,100,2026-01-10 13:30:00,NA,NA,NA,NA,NA,0.429,0.048,8.32,7,7,7,7,7,0,0,0
FCR,100,2026-01-10 13:45:00,NA,NA,NA,NA,NA,0.432,0.049,8.35,7,7,7,7,7,0,0,0
FCR,100,2026-01-10 14:00:00,NA,NA,NA,NA,NA,0.43,0.049,8.36,7,7,7,7,7,0,0,0
FCR,100,2026-01-10 14:15:00,NA,NA,NA,NA,NA,0.443,0.054,8.41,7,7,7,7,7,0,0,0
FCR,100,2026-01-10 14:30:00,NA,NA,NA,NA,NA,0.449,0.057,8.36,7,7,7,7,7,0,0,0
FCR,100,2026-01-10 14:45:00,NA,NA,NA,NA,NA,0.45,0.057,8.31,7,7,7,7,7,0,0,0
FCR,100,2026-01-10 15:00:00,NA,NA,NA,NA,NA,0.449,0.057,8.28,7,7,7,7,7,0,0,0
FCR,100,2026-01-10 15:15:00,NA,NA,NA,NA,NA,0.45,0.057,8.24,7,7,7,7,7,0,0,0
FCR,100,2026-01-10 15:30:00,NA,NA,NA,NA,NA,0.45,0.057,8.22,7,7,7,7,7,0,0,0
FCR,100,2026-01-10 15:45:00,NA,NA,NA,NA,NA,0.447,0.056,8.19,7,7,7,7,7,0,0,0
FCR,100,2026-01-10 16:00:00,NA,NA,NA,NA,NA,0.443,0.054,8.16,7,7,7,7,7,0,0,0
FCR,100,2026-01-10 16:15:00,NA,NA,NA,NA,NA,0.438,0.052,8.13,7,7,7,7,7,0,0,0
FCR,100,2026-01-10 16:30:00,NA,NA,NA,NA,NA,0.439,0.052,8.1,7,7,7,7,7,0,0,0
FCR,100,2026-01-10 16:45:00,NA,NA,NA,NA,NA,0.434,0.05,8.07,7,7,7,7,7,0,0,0
FCR,100,2026-01-10 17:00:00,NA,NA,NA,NA,NA,0.433,0.05,8.05,7,7,7,7,7,0,0,0
FCR,100,2026-01-10 17:15:00,NA,NA,NA,NA,NA,0.433,0.05,8.05,7,7,7,7,7,0,0,0
FCR,100,2026-01-10 17:30:00,NA,NA,NA,NA,NA,0.434,0.05,8.04,7,7,7,7,7,0,0,0
FCR,100,2026-01-10 17:45:00,NA,NA,NA,NA,NA,0.432,0.049,8.03,7,7,7,7,7,0,0,0
FCR,100,2026-01-10 18:00:00,NA,NA,NA,NA,NA,0.432,0.049,8.04,7,7,7,7,7,0,0,0
FCR,100,2026-01-10 18:15:00,NA,NA,NA,NA,NA,0.429,0.048,8.07,7,7,7,7,7,0,0,0
FCR,100,2026-01-10 18:30:00,NA,NA,NA,NA,NA,0.43,0.049,8.11,7,7,7,7,7,0,0,0
FCR,100,2026-01-10 18:45:00,NA,NA,NA,NA,NA,0.429,0.048,8.14,7,7,7,7,7,0,0,0
FCR,100,2026-01-10 19:00:00,NA,NA,NA,NA,NA,0.432,0.049,8.21,7,7,7,7,7,0,0,0
FCR,100,2026-01-10 19:15:00,NA,NA,NA,NA,NA,0.436,0.051,8.24,7,7,7,7,7,0,0,0
FCR,100,2026-01-10 19:30:00,NA,NA,NA,NA,NA,0.437,0.051,8.27,7,7,7,7,7,0,0,0
FCR,100,2026-01-10 19:45:00,NA,NA,NA,NA,NA,0.434,0.05,8.29,7,7,7,7,7,0,0,0
FCR,100,2026-01-10 20:00:00,NA,NA,NA,NA,NA,0.435,0.051,8.29,7,7,7,7,7,0,0,0
FCR,100,2026-01-10 20:15:00,NA,NA,NA,NA,NA,0.434,0.05,8.28,7,7,7,7,7,0,0,0
FCR,100,2026-01-10 20:30:00,NA,NA,NA,NA,NA,0.433,0.05,8.29,7,7,7,7,7,0,0,0
FCR,100,2026-01-10 20:45:00,NA,NA,NA,NA,NA,0.434,0.05,8.28,7,7,7,7,7,0,0,0
FCR,100,2026-01-10 21:00:00,NA,NA,NA,NA,NA,0.433,0.05,8.24,7,7,7,7,7,0,0,0
FCR,100,2026-01-10 21:15:00,NA,NA,NA,NA,NA,0.433,0.05,8.23,7,7,7,7,7,0,0,0
FCR,100,2026-01-10 21:30:00,NA,NA,NA,NA,NA,0.432,0.049,8.2,7,7,7,7,7,0,0,0
FCR,100,2026-01-10 21:45:00,NA,NA,NA,NA,NA,0.429,0.048,8.16,7,7,7,7,7,0,0,0
FCR,100,2026-01-10 22:00:00,NA,NA,NA,NA,NA,0.43,0.049,8.1,7,7,7,7,7,0,0,0
FCR,100,2026-01-10 22:15:00,NA,NA,NA,NA,NA,0.43,0.049,8.07,7,7,7,7,7,0,0,0
FCR,100,2026-01-10 22:30:00,NA,NA,NA,NA,NA,0.431,0.049,8.04,7,7,7,7,7,0,0,0
FCR,100,2026-01-10 22:45:00,NA,NA,NA,NA,NA,0.431,0.049,8.03,7,7,7,7,7,0,0,0
FCR,100,2026-01-10 23:00:00,NA,NA,NA,NA,NA,0.43,0.049,8.02,7,7,7,7,7,0,0,0
FCR,100,2026-01-10 23:15:00,NA,NA,NA,NA,NA,0.429,0.048,8.02,7,7,7,7,7,0,0,0
FCR,100,2026-01-10 23:30:00,NA,NA,NA,NA,NA,0.429,0.048,8.06,7,7,7,7,7,0,0,0
FCR,100,2026-01-10 23:45:00,NA,NA,NA,NA,NA,0.429,0.048,8.11,7,7,7,7,7,0,0,0
FCR,100,2026-01-11 00:00:00,NA,NA,NA,NA,NA,0.429,0.048,8.09,7,7,7,7,7,0,0,0
FCR,100,2026-01-11 00:15:00,NA,NA,NA,NA,NA,0.43,0.049,8.06,7,7,7,7,7,0,0,0
FCR,100,2026-01-11 00:30:00,NA,NA,NA,NA,NA,0.427,0.047,8.02,7,7,7,7,7,0,0,0
FCR,100,2026-01-11 00:45:00,NA,NA,NA,NA,NA,0.429,0.048,7.981,7,7,7,7,7,0,0,0
FCR,100,2026-01-11 01:00:00,NA,NA,NA,NA,NA,0.43,0.049,7.934,7,7,7,7,7,0,0,0
FCR,100,2026-01-11 01:15:00,NA,NA,NA,NA,NA,0.428,0.048,7.88,7,7,7,7,7,0,0,0
FCR,100,2026-01-11 01:30:00,NA,NA,NA,NA,NA,0.429,0.048,7.805,7,7,7,7,7,0,0,0
FCR,100,2026-01-11 01:45:00,NA,NA,NA,NA,NA,0.426,0.047,7.727,7,7,7,7,7,0,0,0
FCR,100,2026-01-11 02:00:00,NA,NA,NA,NA,NA,0.424,0.046,7.656,7,7,7,7,7,0,0,0
FCR,100,2026-01-11 02:15:00,NA,NA,NA,NA,NA,0.426,0.047,7.576,7,7,7,7,7,0,0,0
FCR,100,2026-01-11 02:30:00,NA,NA,NA,NA,NA,0.425,0.047,7.497,7,7,7,7,7,0,0,0
FCR,100,2026-01-11 02:45:00,NA,NA,NA,NA,NA,0.423,0.046,7.427,7,7,7,7,7,0,0,0
FCR,100,2026-01-11 03:00:00,NA,NA,NA,NA,NA,0.425,0.047,7.358,7,7,7,7,7,0,0,0
FCR,100,2026-01-11 03:15:00,NA,NA,NA,NA,NA,0.425,0.047,7.276,7,7,7,7,7,0,0,0
FCR,100,2026-01-11 03:30:00,NA,NA,NA,NA,NA,0.425,0.047,7.189,7,7,7,7,7,0,0,0
FCR,100,2026-01-11 03:45:00,NA,NA,NA,NA,NA,0.423,0.046,7.135,7,7,7,7,7,0,0,0
FCR,100,2026-01-11 04:00:00,NA,NA,NA,NA,NA,0.423,0.046,7.039,7,7,7,7,7,0,0,0
FCR,100,2026-01-11 04:15:00,NA,NA,NA,NA,NA,0.421,0.045,6.932,7,7,7,7,7,0,0,0
FCR,100,2026-01-11 04:30:00,NA,NA,NA,NA,NA,0.421,0.045,6.814,7,7,7,7,7,0,0,0
FCR,100,2026-01-11 04:45:00,NA,NA,NA,NA,NA,0.422,0.045,6.718,7,7,7,7,7,0,0,0
FCR,100,2026-01-11 05:00:00,NA,NA,NA,NA,NA,0.422,0.045,6.61,7,7,7,7,7,0,0,0
FCR,100,2026-01-11 05:15:00,NA,NA,NA,NA,NA,0.421,0.045,6.495,7,7,7,7,7,0,0,0
FCR,100,2026-01-11 05:30:00,NA,NA,NA,NA,NA,0.42,0.045,6.379,7,7,7,7,7,0,0,0
FCR,100,2026-01-11 05:45:00,NA,NA,NA,NA,NA,0.421,0.045,6.278,7,7,7,7,7,0,0,0
FCR,100,2026-01-11 06:00:00,NA,NA,NA,NA,NA,0.421,0.045,6.184,7,7,7,7,7,0,0,0
FCR,100,2026-01-11 06:15:00,NA,NA,NA,NA,NA,0.419,0.044,6.077,7,7,7,7,7,0,0,0
FCR,100,2026-01-11 06:30:00,NA,NA,NA,NA,NA,0.421,0.045,5.981,7,7,7,7,7,0,0,0
FCR,100,2026-01-11 06:45:00,NA,NA,NA,NA,NA,0.42,0.045,5.877,7,7,7,7,7,0,0,0
FCR,100,2026-01-11 07:00:00,NA,NA,NA,NA,NA,0.419,0.044,5.767,7,7,7,7,7,0,0,0
FCR,100,2026-01-11 07:15:00,NA,NA,NA,NA,NA,0.42,0.045,5.649,7,7,7,7,7,0,0,0
FCR,100,2026-01-11 07:30:00,NA,NA,NA,NA,NA,0.417,0.043,5.568,7,7,7,7,7,0,0,0
FCR,100,2026-01-11 07:45:00,NA,NA,NA,NA,NA,0.416,0.043,5.485,7,7,7,7,7,0,0,0
FCR,100,2026-01-11 08:00:00,NA,NA,NA,NA,NA,0.418,0.044,5.408,7,7,7,7,7,0,0,0
FCR,100,2026-01-11 08:15:00,NA,NA,NA,NA,NA,0.418,0.044,5.347,7,7,7,7,7,0,0,0
FCR,100,2026-01-11 08:30:00,NA,NA,NA,NA,NA,0.417,0.043,5.285,7,7,7,7,7,0,0,0
FCR,100,2026-01-11 08:45:00,NA,NA,NA,NA,NA,0.417,0.043,5.226,7,7,7,7,7,0,0,0
FCR,100,2026-01-11 09:00:00,NA,NA,NA,NA,NA,0.418,0.044,5.16,7,7,7,7,7,0,0,0
FCR,100,2026-01-11 09:15:00,NA,NA,NA,NA,NA,0.415,0.043,5.136,7,7,7,7,7,0,0,0
FCR,100,2026-01-11 09:30:00,NA,NA,NA,NA,NA,0.416,0.043,5.116,7,7,7,7,7,0,0,0
FCR,100,2026-01-11 09:45:00,NA,NA,NA,NA,NA,0.416,0.043,5.093,7,7,7,7,7,0,0,0
FCR,100,2026-01-11 10:00:00,NA,NA,NA,NA,NA,0.417,0.043,5.053,7,7,7,7,7,0,0,0
FCR,100,2026-01-11 10:15:00,NA,NA,NA,NA,NA,0.415,0.043,5.079,7,7,7,7,7,0,0,0
FCR,100,2026-01-11 10:30:00,NA,NA,NA,NA,NA,0.415,0.043,5.123,7,7,7,7,7,0,0,0
FCR,100,2026-01-11 10:45:00,NA,NA,NA,NA,NA,0.417,0.043,5.13,7,7,7,7,7,0,0,0
FCR,100,2026-01-11 11:00:00,NA,NA,NA,NA,NA,0.418,0.044,5.14,7,7,7,7,7,0,0,0
FCR,100,2026-01-11 11:15:00,NA,NA,NA,NA,NA,0.414,0.042,5.166,7,7,7,7,7,0,0,0
FCR,100,2026-01-11 11:30:00,NA,NA,NA,NA,NA,0.416,0.043,5.23,7,7,7,7,7,0,0,0
FCR,100,2026-01-11 11:45:00,NA,NA,NA,NA,NA,0.415,0.043,5.272,7,7,7,7,7,0,0,0
FCR,100,2026-01-11 12:00:00,NA,NA,NA,NA,NA,0.417,0.043,5.413,7,7,7,7,7,0,0,0
FCR,100,2026-01-11 12:15:00,NA,NA,NA,NA,NA,0.414,0.042,5.36,7,7,7,7,7,0,0,0
FCR,100,2026-01-11 12:30:00,NA,NA,NA,NA,NA,0.418,0.044,5.312,7,7,7,7,7,0,0,0
FCR,100,2026-01-11 12:45:00,NA,NA,NA,NA,NA,0.415,0.043,5.311,7,7,7,7,7,0,0,0
FCR,100,2026-01-11 13:00:00,NA,NA,NA,NA,NA,0.415,0.043,5.391,7,7,7,7,7,0,0,0
FCR,100,2026-01-11 13:15:00,NA,NA,NA,NA,NA,0.413,0.042,5.451,7,7,7,7,7,0,0,0
FCR,100,2026-01-11 13:30:00,NA,NA,NA,NA,NA,0.415,0.043,5.448,7,7,7,7,7,0,0,0
FCR,100,2026-01-11 13:45:00,NA,NA,NA,NA,NA,0.415,0.043,5.481,7,7,7,7,7,0,0,0
FCR,100,2026-01-11 14:00:00,NA,NA,NA,NA,NA,0.413,0.042,5.465,7,7,7,7,7,0,0,0
FCR,100,2026-01-11 14:15:00,NA,NA,NA,NA,NA,0.415,0.043,5.435,7,7,7,7,7,0,0,0
FCR,100,2026-01-11 14:30:00,NA,NA,NA,NA,NA,0.413,0.042,5.371,7,7,7,7,7,0,0,0
FCR,100,2026-01-11 14:45:00,NA,NA,NA,NA,NA,0.417,0.043,5.424,7,7,7,7,7,0,0,0
FCR,100,2026-01-11 15:00:00,NA,NA,NA,NA,NA,0.417,0.043,5.444,7,7,7,7,7,0,0,0
FCR,100,2026-01-11 15:15:00,NA,NA,NA,NA,NA,0.412,0.042,5.42,7,7,7,7,7,0,0,0
FCR,100,2026-01-11 15:30:00,NA,NA,NA,NA,NA,0.412,0.042,5.337,7,7,7,7,7,0,0,0
FCR,100,2026-01-11 15:45:00,NA,NA,NA,NA,NA,0.415,0.043,5.246,7,7,7,7,7,0,0,0
FCR,100,2026-01-11 16:00:00,NA,NA,NA,NA,NA,0.413,0.042,5.122,7,7,7,7,7,0,0,0
FCR,100,2026-01-11 16:15:00,NA,NA,NA,NA,NA,0.412,0.042,5.031,7,7,7,7,7,0,0,0
FCR,100,2026-01-11 16:30:00,NA,NA,NA,NA,NA,0.408,0.04,4.909,7,7,7,7,7,0,0,0
FCR,100,2026-01-11 16:45:00,NA,NA,NA,NA,NA,0.411,0.041,4.837,7,7,7,7,7,0,0,0
FCR,100,2026-01-11 17:00:00,NA,NA,NA,NA,NA,0.412,0.042,4.722,7,7,7,7,7,0,0,0
FCR,100,2026-01-11 17:15:00,NA,NA,NA,NA,NA,0.411,0.041,4.604,7,7,7,7,7,0,0,0
FCR,100,2026-01-11 17:30:00,NA,NA,NA,NA,NA,0.41,0.041,4.518,7,7,7,7,7,0,0,0
FCR,100,2026-01-11 17:45:00,NA,NA,NA,NA,NA,0.41,0.041,4.39,7,7,7,7,7,0,0,0
FCR,100,2026-01-11 18:00:00,NA,NA,NA,NA,NA,0.41,0.041,4.3,7,7,7,7,7,0,0,0
FCR,100,2026-01-11 18:15:00,NA,NA,NA,NA,NA,0.408,0.04,4.242,7,7,7,7,7,0,0,0
FCR,100,2026-01-11 18:30:00,NA,NA,NA,NA,NA,0.407,0.04,4.107,7,7,7,7,7,0,0,0
FCR,100,2026-01-11 18:45:00,NA,NA,NA,NA,NA,0.408,0.04,4.006,7,7,7,7,7,0,0,0
FCR,100,2026-01-11 19:00:00,NA,NA,NA,NA,NA,0.409,0.04,3.968,7,7,7,7,7,0,0,0
FCR,100,2026-01-11 19:15:00,NA,NA,NA,NA,NA,0.407,0.04,3.868,7,7,7,7,7,0,0,0
FCR,100,2026-01-11 19:30:00,NA,NA,NA,NA,NA,0.406,0.039,3.761,7,7,7,7,7,0,0,0
FCR,100,2026-01-11 19:45:00,NA,NA,NA,NA,NA,0.405,0.039,3.697,7,7,7,7,7,0,0,0
FCR,100,2026-01-11 20:00:00,NA,NA,NA,NA,NA,0.406,0.039,3.638,7,7,7,7,7,0,0,0
FCR,100,2026-01-11 20:15:00,NA,NA,NA,NA,NA,0.407,0.04,3.573,7,7,7,7,7,0,0,0
FCR,100,2026-01-11 20:30:00,NA,NA,NA,NA,NA,0.406,0.039,3.488,7,7,7,7,7,0,0,0
FCR,100,2026-01-11 20:45:00,NA,NA,NA,NA,NA,0.403,0.038,3.381,7,7,7,7,7,0,0,0
FCR,100,2026-01-11 21:00:00,NA,NA,NA,NA,NA,0.404,0.039,3.296,7,7,7,7,7,0,0,0
FCR,100,2026-01-11 21:15:00,NA,NA,NA,NA,NA,0.406,0.039,3.288,7,7,7,7,7,0,0,0
FCR,100,2026-01-11 21:30:00,NA,NA,NA,NA,NA,0.404,0.039,3.31,7,7,7,7,7,0,0,0
FCR,100,2026-01-11 21:45:00,NA,NA,NA,NA,NA,0.405,0.039,3.287,7,7,7,7,7,0,0,0
FCR,100,2026-01-11 22:00:00,NA,NA,NA,NA,NA,0.406,0.039,3.224,7,7,7,7,7,0,0,0
FCR,100,2026-01-11 22:15:00,NA,NA,NA,NA,NA,0.403,0.038,3.168,7,7,7,7,7,0,0,0
FCR,100,2026-01-11 22:30:00,NA,NA,NA,NA,NA,0.401,0.038,3.124,7,7,7,7,7,0,0,0
FCR,100,2026-01-11 22:45:00,NA,NA,NA,NA,NA,0.402,0.038,3.019,7,7,7,7,7,0,0,0
FCR,100,2026-01-11 23:00:00,NA,NA,NA,NA,NA,0.404,0.039,2.97,7,7,7,7,7,0,0,0
FCR,100,2026-01-11 23:15:00,NA,NA,NA,NA,NA,0.404,0.039,2.981,7,7,7,7,7,0,0,0
FCR,100,2026-01-11 23:30:00,NA,NA,NA,NA,NA,0.401,0.038,2.96,7,7,7,7,7,0,0,0
FCR,100,2026-01-11 23:45:00,NA,NA,NA,NA,NA,0.404,0.039,2.963,7,7,7,7,7,0,0,0
FCR,100,2026-01-12 00:00:00,NA,NA,NA,NA,NA,0.403,0.038,2.971,7,7,7,7,7,0,0,0
FCR,100,2026-01-12 00:15:00,NA,NA,NA,NA,NA,0.401,0.038,2.978,7,7,7,7,7,0,0,0
FCR,100,2026-01-12 00:30:00,NA,NA,NA,NA,NA,0.403,0.038,2.955,7,7,7,7,7,0,0,0
FCR,100,2026-01-12 00:45:00,NA,NA,NA,NA,NA,0.403,0.038,2.929,7,7,7,7,7,0,0,0
FCR,100,2026-01-12 01:00:00,NA,NA,NA,NA,NA,0.401,0.038,2.911,7,7,7,7,7,0,0,0
FCR,100,2026-01-12 01:15:00,NA,NA,NA,NA,NA,0.402,0.038,2.93,7,7,7,7,7,0,0,0
FCR,100,2026-01-12 01:30:00,NA,NA,NA,NA,NA,0.401,0.038,2.908,7,7,7,7,7,0,0,0
FCR,100,2026-01-12 01:45:00,NA,NA,NA,NA,NA,0.4,0.037,2.89,7,7,7,7,7,0,0,0
FCR,100,2026-01-12 02:00:00,NA,NA,NA,NA,NA,0.401,0.038,2.874,7,7,7,7,7,0,0,0
FCR,100,2026-01-12 02:15:00,NA,NA,NA,NA,NA,0.401,0.038,2.864,7,7,7,7,7,0,0,0
FCR,100,2026-01-12 02:30:00,NA,NA,NA,NA,NA,0.401,0.038,2.861,7,7,7,7,7,0,0,0
FCR,100,2026-01-12 02:45:00,NA,NA,NA,NA,NA,0.402,0.038,2.849,7,7,7,7,7,0,0,0
FCR,100,2026-01-12 03:00:00,NA,NA,NA,NA,NA,0.401,0.038,2.828,7,7,7,7,7,0,0,0
FCR,100,2026-01-12 03:15:00,NA,NA,NA,NA,NA,0.401,0.038,2.821,7,7,7,7,7,0,0,0
FCR,100,2026-01-12 03:30:00,NA,NA,NA,NA,NA,0.4,0.037,2.802,7,7,7,7,7,0,0,0
FCR,100,2026-01-12 03:45:00,NA,NA,NA,NA,NA,0.4,0.037,2.79,7,7,7,7,7,0,0,0
FCR,100,2026-01-12 04:00:00,NA,NA,NA,NA,NA,0.398,0.037,2.764,7,7,7,7,7,0,0,0
FCR,100,2026-01-12 04:15:00,NA,NA,NA,NA,NA,0.398,0.037,2.741,7,7,7,7,7,0,0,0
FCR,100,2026-01-12 04:30:00,NA,NA,NA,NA,NA,0.398,0.037,2.712,7,7,7,7,7,0,0,0
FCR,100,2026-01-12 04:45:00,NA,NA,NA,NA,NA,0.399,0.037,2.672,7,7,7,7,7,0,0,0
FCR,100,2026-01-12 05:00:00,NA,NA,NA,NA,NA,0.398,0.037,2.648,7,7,7,7,7,0,0,0
FCR,100,2026-01-12 05:15:00,NA,NA,NA,NA,NA,0.399,0.037,2.627,7,7,7,7,7,0,0,0
FCR,100,2026-01-12 05:30:00,NA,NA,NA,NA,NA,0.397,0.036,2.589,7,7,7,7,7,0,0,0
FCR,100,2026-01-12 05:45:00,NA,NA,NA,NA,NA,0.397,0.036,2.553,7,7,7,7,7,0,0,0
FCR,100,2026-01-12 06:00:00,NA,NA,NA,NA,NA,0.398,0.037,2.495,7,7,7,7,7,0,0,0
FCR,100,2026-01-12 06:15:00,NA,NA,NA,NA,NA,0.397,0.036,2.445,7,7,7,7,7,0,0,0
FCR,100,2026-01-12 06:30:00,NA,NA,NA,NA,NA,0.398,0.037,2.436,7,7,7,7,7,0,0,0
FCR,100,2026-01-12 06:45:00,NA,NA,NA,NA,NA,0.398,0.037,2.416,7,7,7,7,7,0,0,0
FCR,100,2026-01-12 07:00:00,NA,NA,NA,NA,NA,0.398,0.037,2.392,7,7,7,7,7,0,0,0
FCR,100,2026-01-12 07:15:00,NA,NA,NA,NA,NA,0.397,0.036,2.391,7,7,7,7,7,0,0,0
FCR,100,2026-01-12 07:30:00,NA,NA,NA,NA,NA,0.397,0.036,2.351,7,7,7,7,7,0,0,0
FCR,100,2026-01-12 07:45:00,NA,NA,NA,NA,NA,0.396,0.036,2.314,7,7,7,7,7,0,0,0
FCR,100,2026-01-12 08:00:00,NA,NA,NA,NA,NA,0.396,0.036,2.316,7,7,7,7,7,0,0,0
FCR,100,2026-01-12 08:15:00,NA,NA,NA,NA,NA,0.397,0.036,2.29,7,7,7,7,7,0,0,0
FCR,100,2026-01-12 08:30:00,NA,NA,NA,NA,NA,0.395,0.036,2.275,7,7,7,7,7,0,0,0
FCR,100,2026-01-12 08:45:00,NA,NA,NA,NA,NA,0.395,0.036,2.262,7,7,7,7,7,0,0,0
FCR,100,2026-01-12 09:00:00,NA,NA,NA,NA,NA,0.395,0.036,2.269,7,7,7,7,7,0,0,0
FCR,100,2026-01-12 09:15:00,NA,NA,NA,NA,NA,0.395,0.036,2.286,7,7,7,7,7,0,0,0
FCR,100,2026-01-12 09:30:00,NA,NA,NA,NA,NA,0.396,0.036,2.269,7,7,7,7,7,0,0,0
FCR,100,2026-01-12 09:45:00,NA,NA,NA,NA,NA,0.396,0.036,2.285,7,7,7,7,7,0,0,0
FCR,100,2026-01-12 10:00:00,NA,NA,NA,NA,NA,0.394,0.035,2.295,7,7,7,7,7,0,0,0
FCR,100,2026-01-12 10:15:00,NA,NA,NA,NA,NA,0.395,0.036,2.322,7,7,7,7,7,0,0,0
FCR,100,2026-01-12 10:30:00,NA,NA,NA,NA,NA,0.394,0.035,2.335,7,7,7,7,7,0,0,0
FCR,100,2026-01-12 10:45:00,NA,NA,NA,NA,NA,0.396,0.036,2.39,7,7,7,7,7,0,0,0
FCR,100,2026-01-12 11:00:00,NA,NA,NA,NA,NA,0.395,0.036,2.469,7,7,7,7,7,0,0,0
FCR,100,2026-01-12 11:15:00,NA,NA,NA,NA,NA,0.396,0.036,2.54,7,7,7,7,7,0,0,0
FCR,100,2026-01-12 11:30:00,NA,NA,NA,NA,NA,0.397,0.036,2.652,7,7,7,7,7,0,0,0
FCR,100,2026-01-12 11:45:00,NA,NA,NA,NA,NA,0.395,0.036,2.764,7,7,7,7,7,0,0,0
FCR,100,2026-01-12 12:00:00,NA,NA,NA,NA,NA,0.397,0.036,2.897,7,7,7,7,7,0,0,0
FCR,100,2026-01-12 12:15:00,NA,NA,NA,NA,NA,0.397,0.036,3.042,7,7,7,7,7,0,0,0
FCR,100,2026-01-12 12:30:00,NA,NA,NA,NA,NA,0.395,0.036,3.189,7,7,7,7,7,0,0,0
FCR,100,2026-01-12 12:45:00,NA,NA,NA,NA,NA,0.395,0.036,3.325,7,7,7,7,7,0,0,0
FCR,100,2026-01-12 13:00:00,NA,NA,NA,NA,NA,0.396,0.036,3.468,7,7,7,7,7,0,0,0
FCR,100,2026-01-12 13:15:00,NA,NA,NA,NA,NA,0.397,0.036,3.614,7,7,7,7,7,0,0,0
FCR,100,2026-01-12 13:30:00,NA,NA,NA,NA,NA,0.396,0.036,3.759,7,7,7,7,7,0,0,0
FCR,100,2026-01-12 13:45:00,NA,NA,NA,NA,NA,0.398,0.037,3.926,7,7,7,7,7,0,0,0
FCR,100,2026-01-12 14:00:00,NA,NA,NA,NA,NA,0.398,0.037,4.047,7,7,7,7,7,0,0,0
FCR,100,2026-01-12 14:15:00,NA,NA,NA,NA,NA,0.398,0.037,4.178,7,7,7,7,7,0,0,0
FCR,100,2026-01-12 14:30:00,NA,NA,NA,NA,NA,0.398,0.037,4.312,7,7,7,7,7,0,0,0
FCR,100,2026-01-12 14:45:00,NA,NA,NA,NA,NA,0.398,0.037,4.415,7,7,7,7,7,0,0,0
FCR,100,2026-01-12 15:00:00,NA,NA,NA,NA,NA,0.397,0.036,4.503,7,7,7,7,7,0,0,0
FCR,100,2026-01-12 15:15:00,NA,NA,NA,NA,NA,0.398,0.037,4.575,7,7,7,7,7,0,0,0
FCR,100,2026-01-12 15:30:00,NA,NA,NA,NA,NA,0.399,0.037,4.63,7,7,7,7,7,0,0,0
FCR,100,2026-01-12 15:45:00,NA,NA,NA,NA,NA,0.399,0.037,4.663,7,7,7,7,7,0,0,0
FCR,100,2026-01-12 16:00:00,NA,NA,NA,NA,NA,0.398,0.037,4.675,7,7,7,7,7,0,0,0
FCR,100,2026-01-12 16:15:00,NA,NA,NA,NA,NA,0.398,0.037,4.659,7,7,7,7,7,0,0,0
FCR,100,2026-01-12 16:30:00,NA,NA,NA,NA,NA,0.397,0.036,4.638,7,7,7,7,7,0,0,0
FCR,100,2026-01-12 16:45:00,NA,NA,NA,NA,NA,0.398,0.037,4.619,7,7,7,7,7,0,0,0
FCR,100,2026-01-12 17:00:00,NA,NA,NA,NA,NA,0.396,0.036,4.562,7,7,7,7,7,0,0,0
FCR,100,2026-01-12 17:15:00,NA,NA,NA,NA,NA,0.396,0.036,4.486,7,7,7,7,7,0,0,0
FCR,100,2026-01-12 17:30:00,NA,NA,NA,NA,NA,0.397,0.036,4.404,7,7,7,7,7,0,0,0
FCR,100,2026-01-12 17:45:00,NA,NA,NA,NA,NA,0.394,0.035,4.326,7,7,7,7,7,0,0,0
FCR,100,2026-01-12 18:00:00,NA,NA,NA,NA,NA,0.396,0.036,4.258,7,7,7,7,7,0,0,0
FCR,100,2026-01-12 18:15:00,NA,NA,NA,NA,NA,0.394,0.035,4.193,7,7,7,7,7,0,0,0
FCR,100,2026-01-12 18:30:00,NA,NA,NA,NA,NA,0.396,0.036,4.14,7,7,7,7,7,0,0,0
FCR,100,2026-01-12 18:45:00,NA,NA,NA,NA,NA,0.394,0.035,4.076,7,7,7,7,7,0,0,0
FCR,100,2026-01-12 19:00:00,NA,NA,NA,NA,NA,0.395,0.036,4.016,7,7,7,7,7,0,0,0
FCR,100,2026-01-12 19:15:00,NA,NA,NA,NA,NA,0.395,0.036,3.951,7,7,7,7,7,0,0,0
FCR,100,2026-01-12 19:30:00,NA,NA,NA,NA,NA,0.397,0.036,3.902,7,7,7,7,7,0,0,0
FCR,100,2026-01-12 19:45:00,NA,NA,NA,NA,NA,0.394,0.035,3.858,7,7,7,7,7,0,0,0
FCR,100,2026-01-12 20:00:00,NA,NA,NA,NA,NA,0.393,0.035,3.804,7,7,7,7,7,0,0,0
FCR,100,2026-01-12 20:15:00,NA,NA,NA,NA,NA,0.393,0.035,3.767,7,7,7,7,7,0,0,0
FCR,100,2026-01-12 20:30:00,NA,NA,NA,NA,NA,0.393,0.035,3.732,7,7,7,7,7,0,0,0
FCR,100,2026-01-12 20:45:00,NA,NA,NA,NA,NA,0.393,0.035,3.695,7,7,7,7,7,0,0,0
FCR,100,2026-01-12 21:00:00,NA,NA,NA,NA,NA,0.394,0.035,3.67,7,7,7,7,7,0,0,0
FCR,100,2026-01-12 21:15:00,NA,NA,NA,NA,NA,0.392,0.035,3.642,7,7,7,7,7,0,0,0
FCR,100,2026-01-12 21:30:00,NA,NA,NA,NA,NA,0.393,0.035,3.611,7,7,7,7,7,0,0,0
FCR,100,2026-01-12 21:45:00,NA,NA,NA,NA,NA,0.393,0.035,3.578,7,7,7,7,7,0,0,0
FCR,100,2026-01-12 22:00:00,NA,NA,NA,NA,NA,0.392,0.035,3.539,7,7,7,7,7,0,0,0
FCR,100,2026-01-12 22:15:00,NA,NA,NA,NA,NA,0.392,0.035,3.511,7,7,7,7,7,0,0,0
FCR,100,2026-01-12 22:30:00,NA,NA,NA,NA,NA,0.391,0.034,3.47,7,7,7,7,7,0,0,0
FCR,100,2026-01-12 22:45:00,NA,NA,NA,NA,NA,0.391,0.034,3.44,7,7,7,7,7,0,0,0
FCR,100,2026-01-12 23:00:00,NA,NA,NA,NA,NA,0.392,0.035,3.418,7,7,7,7,7,0,0,0
FCR,100,2026-01-12 23:15:00,NA,NA,NA,NA,NA,0.392,0.035,3.4,7,7,7,7,7,0,0,0
FCR,100,2026-01-12 23:30:00,NA,NA,NA,NA,NA,0.391,0.034,3.378,7,7,7,7,7,0,0,0
FCR,100,2026-01-12 23:45:00,NA,NA,NA,NA,NA,0.391,0.034,3.349,7,7,7,7,7,0,0,0
FCR,100,2026-01-13 00:00:00,NA,NA,NA,NA,NA,0.391,0.034,3.326,7,7,7,7,7,0,0,0
FCR,100,2026-01-13 00:15:00,NA,NA,NA,NA,NA,0.39,0.034,3.285,7,7,7,7,7,0,0,0
FCR,100,2026-01-13 00:30:00,NA,NA,NA,NA,NA,0.389,0.034,3.247,7,7,7,7,7,0,0,0
FCR,100,2026-01-13 00:45:00,NA,NA,NA,NA,NA,0.391,0.034,3.205,7,7,7,7,7,0,0,0
FCR,100,2026-01-13 01:00:00,NA,NA,NA,NA,NA,0.392,0.035,3.147,7,7,7,7,7,0,0,0
FCR,100,2026-01-13 01:15:00,NA,NA,NA,NA,NA,0.389,0.034,3.097,7,7,7,7,7,0,0,0
FCR,100,2026-01-13 01:30:00,NA,NA,NA,NA,NA,0.388,0.033,3.049,7,7,7,7,7,0,0,0
FCR,100,2026-01-13 01:45:00,NA,NA,NA,NA,NA,0.39,0.034,3.009,7,7,7,7,7,0,0,0
FCR,100,2026-01-13 02:00:00,NA,NA,NA,NA,NA,0.389,0.034,3.01,7,7,7,7,7,0,0,0
FCR,100,2026-01-13 02:15:00,NA,NA,NA,NA,NA,0.388,0.033,2.991,7,7,7,7,7,0,0,0
FCR,100,2026-01-13 02:30:00,NA,NA,NA,NA,NA,0.388,0.033,2.97,7,7,7,7,7,0,0,0
FCR,100,2026-01-13 02:45:00,NA,NA,NA,NA,NA,0.388,0.033,2.945,7,7,7,7,7,0,0,0
FCR,100,2026-01-13 03:00:00,NA,NA,NA,NA,NA,0.388,0.033,2.906,7,7,7,7,7,0,0,0
FCR,100,2026-01-13 03:15:00,NA,NA,NA,NA,NA,0.387,0.033,2.857,7,7,7,7,7,0,0,0
FCR,100,2026-01-13 03:30:00,NA,NA,NA,NA,NA,0.386,0.033,2.829,7,7,7,7,7,0,0,0
FCR,100,2026-01-13 03:45:00,NA,NA,NA,NA,NA,0.387,0.033,2.79,7,7,7,7,7,0,0,0
FCR,100,2026-01-13 04:00:00,NA,NA,NA,NA,NA,0.386,0.033,2.755,7,7,7,7,7,0,0,0
FCR,100,2026-01-13 04:15:00,NA,NA,NA,NA,NA,0.386,0.033,2.736,7,7,7,7,7,0,0,0
FCR,100,2026-01-13 04:30:00,NA,NA,NA,NA,NA,0.387,0.033,2.723,7,7,7,7,7,0,0,0
FCR,100,2026-01-13 04:45:00,NA,NA,NA,NA,NA,0.385,0.032,2.706,7,7,7,7,7,0,0,0
FCR,100,2026-01-13 05:00:00,NA,NA,NA,NA,NA,0.387,0.033,2.677,7,7,7,7,7,0,0,0
FCR,100,2026-01-13 05:15:00,NA,NA,NA,NA,NA,0.386,0.033,2.654,7,7,7,7,7,0,0,0
FCR,100,2026-01-13 05:30:00,NA,NA,NA,NA,NA,0.385,0.032,2.641,7,7,7,7,7,0,0,0
FCR,100,2026-01-13 05:45:00,NA,NA,NA,NA,NA,0.386,0.033,2.647,7,7,7,7,7,0,0,0
FCR,100,2026-01-13 06:00:00,NA,NA,NA,NA,NA,0.385,0.032,2.662,7,7,7,7,7,0,0,0
FCR,100,2026-01-13 06:15:00,NA,NA,NA,NA,NA,0.385,0.032,2.66,7,7,7,7,7,0,0,0
FCR,100,2026-01-13 06:30:00,NA,NA,NA,NA,NA,0.384,0.032,2.632,7,7,7,7,7,0,0,0
FCR,100,2026-01-13 06:45:00,NA,NA,NA,NA,NA,0.386,0.033,2.628,7,7,7,7,7,0,0,0
FCR,100,2026-01-13 07:00:00,NA,NA,NA,NA,NA,0.385,0.032,2.625,7,7,7,7,7,0,0,0
FCR,100,2026-01-13 07:15:00,NA,NA,NA,NA,NA,0.383,0.032,2.616,7,7,7,7,7,0,0,0
FCR,100,2026-01-13 07:30:00,NA,NA,NA,NA,NA,0.384,0.032,2.608,7,7,7,7,7,0,0,0
FCR,100,2026-01-13 07:45:00,NA,NA,NA,NA,NA,0.385,0.032,2.603,7,7,7,7,7,0,0,0
FCR,100,2026-01-13 08:00:00,NA,NA,NA,NA,NA,0.385,0.032,2.604,7,7,7,7,7,0,0,0
FCR,100,2026-01-13 08:15:00,NA,NA,NA,NA,NA,0.385,0.032,2.605,7,7,7,7,7,0,0,0
FCR,100,2026-01-13 08:30:00,NA,NA,NA,NA,NA,0.385,0.032,2.63,7,7,7,7,7,0,0,0
FCR,100,2026-01-13 08:45:00,NA,NA,NA,NA,NA,0.383,0.032,2.64,7,7,7,7,7,0,0,0
FCR,100,2026-01-13 09:00:00,NA,NA,NA,NA,NA,0.384,0.032,2.635,7,7,7,7,7,0,0,0
FCR,100,2026-01-13 09:15:00,NA,NA,NA,NA,NA,0.383,0.032,2.642,7,7,7,7,7,0,0,0
FCR,100,2026-01-13 09:30:00,NA,NA,NA,NA,NA,0.384,0.032,2.666,7,7,7,7,7,0,0,0
FCR,100,2026-01-13 09:45:00,NA,NA,NA,NA,NA,0.384,0.032,2.707,7,7,7,7,7,0,0,0
FCR,100,2026-01-13 10:00:00,NA,NA,NA,NA,NA,0.383,0.032,2.765,7,7,7,7,7,0,0,0
FCR,100,2026-01-13 10:15:00,NA,NA,NA,NA,NA,0.384,0.032,2.835,7,7,7,7,7,0,0,0
FCR,100,2026-01-13 10:30:00,NA,NA,NA,NA,NA,0.385,0.032,2.93,7,7,7,7,7,0,0,0
FCR,100,2026-01-13 10:45:00,NA,NA,NA,NA,NA,0.384,0.032,3.034,7,7,7,7,7,0,0,0
FCR,100,2026-01-13 11:00:00,NA,NA,NA,NA,NA,0.385,0.032,3.157,7,7,7,7,7,0,0,0
FCR,100,2026-01-13 11:15:00,NA,NA,NA,NA,NA,0.385,0.032,3.28,7,7,7,7,7,0,0,0
FCR,100,2026-01-13 11:30:00,NA,NA,NA,NA,NA,0.386,0.033,3.433,7,7,7,7,7,0,0,0
FCR,100,2026-01-13 11:45:00,NA,NA,NA,NA,NA,0.385,0.032,3.578,7,7,7,7,7,0,0,0
FCR,100,2026-01-13 12:00:00,NA,NA,NA,NA,NA,0.385,0.032,3.739,7,7,7,7,7,0,0,0
FCR,100,2026-01-13 12:15:00,NA,NA,NA,NA,NA,0.387,0.033,3.911,7,7,7,7,7,0,0,0
FCR,100,2026-01-13 12:30:00,NA,NA,NA,NA,NA,0.385,0.032,4.08,7,7,7,7,7,0,0,0
FCR,100,2026-01-13 12:45:00,NA,NA,NA,NA,NA,0.388,0.033,4.231,7,7,7,7,7,0,0,0
FCR,100,2026-01-13 13:00:00,NA,NA,NA,NA,NA,0.386,0.033,4.382,7,7,7,7,7,0,0,0
FCR,100,2026-01-13 13:15:00,NA,NA,NA,NA,NA,0.387,0.033,4.554,7,7,7,7,7,0,0,0
FCR,100,2026-01-13 13:30:00,NA,NA,NA,NA,NA,0.388,0.033,4.672,7,7,7,7,7,0,0,0
FCR,100,2026-01-13 13:45:00,NA,NA,NA,NA,NA,0.388,0.033,4.835,7,7,7,7,7,0,0,0
FCR,100,2026-01-13 14:00:00,NA,NA,NA,NA,NA,0.387,0.033,4.978,7,7,7,7,7,0,0,0
FCR,100,2026-01-13 14:15:00,NA,NA,NA,NA,NA,0.387,0.033,5.112,7,7,7,7,7,0,0,0
FCR,100,2026-01-13 14:30:00,NA,NA,NA,NA,NA,0.388,0.033,5.209,7,7,7,7,7,0,0,0
FCR,100,2026-01-13 14:45:00,NA,NA,NA,NA,NA,0.388,0.033,5.276,7,7,7,7,7,0,0,0
FCR,100,2026-01-13 15:00:00,NA,NA,NA,NA,NA,0.387,0.033,5.383,7,7,7,7,7,0,0,0
FCR,100,2026-01-13 15:15:00,NA,NA,NA,NA,NA,0.387,0.033,5.483,7,7,7,7,7,0,0,0
FCR,100,2026-01-13 15:30:00,NA,NA,NA,NA,NA,0.387,0.033,5.554,7,7,7,7,7,0,0,0
FCR,100,2026-01-13 15:45:00,NA,NA,NA,NA,NA,0.388,0.033,5.556,7,7,7,7,7,0,0,0
FCR,100,2026-01-13 16:00:00,NA,NA,NA,NA,NA,0.387,0.033,5.533,7,7,7,7,7,0,0,0
FCR,100,2026-01-13 16:15:00,NA,NA,NA,NA,NA,0.387,0.033,5.489,7,7,7,7,7,0,0,0
FCR,100,2026-01-13 16:30:00,NA,NA,NA,NA,NA,0.389,0.034,5.452,7,7,7,7,7,0,0,0
FCR,100,2026-01-13 16:45:00,NA,NA,NA,NA,NA,0.387,0.033,5.405,7,7,7,7,7,0,0,0
FCR,100,2026-01-13 17:00:00,NA,NA,NA,NA,NA,0.386,0.033,5.342,7,7,7,7,7,0,0,0
FCR,100,2026-01-13 17:15:00,NA,NA,NA,NA,NA,0.387,0.033,5.284,7,7,7,7,7,0,0,0
FCR,100,2026-01-13 17:30:00,NA,NA,NA,NA,NA,0.386,0.033,5.208,7,7,7,7,7,0,0,0
FCR,100,2026-01-13 17:45:00,NA,NA,NA,NA,NA,0.386,0.033,5.142,7,7,7,7,7,0,0,0
FCR,100,2026-01-13 18:00:00,NA,NA,NA,NA,NA,0.385,0.032,5.086,7,7,7,7,7,0,0,0
FCR,100,2026-01-13 18:15:00,NA,NA,NA,NA,NA,0.386,0.033,5.013,7,7,7,7,7,0,0,0
FCR,100,2026-01-13 18:30:00,NA,NA,NA,NA,NA,0.386,0.033,4.933,7,7,7,7,7,0,0,0
FCR,100,2026-01-13 18:45:00,NA,NA,NA,NA,NA,0.385,0.032,4.85,7,7,7,7,7,0,0,0
FCR,100,2026-01-13 19:00:00,NA,NA,NA,NA,NA,0.386,0.033,4.77,7,7,7,7,7,0,0,0
FCR,100,2026-01-13 19:15:00,NA,NA,NA,NA,NA,0.383,0.032,4.693,7,7,7,7,7,0,0,0
FCR,100,2026-01-13 19:30:00,NA,NA,NA,NA,NA,0.384,0.032,4.624,7,7,7,7,7,0,0,0
FCR,100,2026-01-13 19:45:00,NA,NA,NA,NA,NA,0.385,0.032,4.562,7,7,7,7,7,0,0,0
FCR,100,2026-01-13 20:00:00,NA,NA,NA,NA,NA,0.384,0.032,4.506,7,7,7,7,7,0,0,0
FCR,100,2026-01-13 20:15:00,NA,NA,NA,NA,NA,0.384,0.032,4.454,7,7,7,7,7,0,0,0
FCR,100,2026-01-13 20:30:00,NA,NA,NA,NA,NA,0.384,0.032,4.413,7,7,7,7,7,0,0,0
FCR,100,2026-01-13 20:45:00,NA,NA,NA,NA,NA,0.382,0.031,4.376,7,7,7,7,7,0,0,0
FCR,100,2026-01-13 21:00:00,NA,NA,NA,NA,NA,0.384,0.032,4.33,7,7,7,7,7,0,0,0
FCR,100,2026-01-13 21:15:00,NA,NA,NA,NA,NA,0.383,0.032,4.28,7,7,7,7,7,0,0,0
FCR,100,2026-01-13 21:30:00,NA,NA,NA,NA,NA,0.383,0.032,4.238,7,7,7,7,7,0,0,0
FCR,100,2026-01-13 21:45:00,NA,NA,NA,NA,NA,0.381,0.031,4.199,7,7,7,7,7,0,0,0
FCR,100,2026-01-13 22:00:00,NA,NA,NA,NA,NA,0.383,0.032,4.164,7,7,7,7,7,0,0,0
FCR,100,2026-01-13 22:15:00,NA,NA,NA,NA,NA,0.383,0.032,4.132,7,7,7,7,7,0,0,0
FCR,100,2026-01-13 22:30:00,NA,NA,NA,NA,NA,0.381,0.031,4.097,7,7,7,7,7,0,0,0
FCR,100,2026-01-13 22:45:00,NA,NA,NA,NA,NA,0.381,0.031,4.062,7,7,7,7,7,0,0,0
FCR,100,2026-01-13 23:00:00,NA,NA,NA,NA,NA,0.382,0.031,4.028,7,7,7,7,7,0,0,0
FCR,100,2026-01-13 23:15:00,NA,NA,NA,NA,NA,0.382,0.031,3.993,7,7,7,7,7,0,0,0
FCR,100,2026-01-13 23:30:00,NA,NA,NA,NA,NA,0.382,0.031,3.962,7,7,7,7,7,0,0,0
FCR,100,2026-01-13 23:45:00,NA,NA,NA,NA,NA,0.383,0.032,3.934,7,7,7,7,7,0,0,0
FCR,100,2026-01-14 00:00:00,NA,NA,NA,NA,NA,0.381,0.031,3.907,7,7,7,7,7,0,0,0
FCR,100,2026-01-14 00:15:00,NA,NA,NA,NA,NA,0.381,0.031,3.903,7,7,7,7,7,0,0,0
FCR,100,2026-01-14 00:30:00,NA,NA,NA,NA,NA,0.381,0.031,3.934,7,7,7,7,7,0,0,0
FCR,100,2026-01-14 00:45:00,NA,NA,NA,NA,NA,0.381,0.031,3.957,7,7,7,7,7,0,0,0
FCR,100,2026-01-14 01:00:00,NA,NA,NA,NA,NA,0.381,0.031,3.973,7,7,7,7,7,0,0,0
FCR,100,2026-01-14 01:15:00,NA,NA,NA,NA,NA,0.381,0.031,3.987,7,7,7,7,7,0,0,0
FCR,100,2026-01-14 01:30:00,NA,NA,NA,NA,NA,0.38,0.031,3.995,7,7,7,7,7,0,0,0
FCR,100,2026-01-14 01:45:00,NA,NA,NA,NA,NA,0.381,0.031,4,7,7,7,7,7,0,0,0
FCR,100,2026-01-14 02:00:00,NA,NA,NA,NA,NA,0.382,0.031,4.005,7,7,7,7,7,0,0,0
FCR,100,2026-01-14 02:15:00,NA,NA,NA,NA,NA,0.382,0.031,4.003,7,7,7,7,7,0,0,0
FCR,100,2026-01-14 02:30:00,NA,NA,NA,NA,NA,0.381,0.031,4.001,7,7,7,7,7,0,0,0
FCR,100,2026-01-14 02:45:00,NA,NA,NA,NA,NA,0.379,0.03,3.99,7,7,7,7,7,0,0,0
FCR,100,2026-01-14 03:00:00,NA,NA,NA,NA,NA,0.38,0.031,3.991,7,7,7,7,7,0,0,0
FCR,100,2026-01-14 03:15:00,NA,NA,NA,NA,NA,0.381,0.031,3.991,7,7,7,7,7,0,0,0
FCR,100,2026-01-14 03:30:00,NA,NA,NA,NA,NA,0.38,0.031,3.985,7,7,7,7,7,0,0,0
FCR,100,2026-01-14 03:45:00,NA,NA,NA,NA,NA,0.381,0.031,3.989,7,7,7,7,7,0,0,0
FCR,100,2026-01-14 04:00:00,NA,NA,NA,NA,NA,0.38,0.031,3.994,7,7,7,7,7,0,0,0
FCR,100,2026-01-14 04:15:00,NA,NA,NA,NA,NA,0.38,0.031,3.997,7,7,7,7,7,0,0,0
FCR,100,2026-01-14 04:30:00,NA,NA,NA,NA,NA,0.38,0.031,4.001,7,7,7,7,7,0,0,0
FCR,100,2026-01-14 04:45:00,NA,NA,NA,NA,NA,0.38,0.031,4.009,7,7,7,7,7,0,0,0
FCR,100,2026-01-14 05:00:00,NA,NA,NA,NA,NA,0.38,0.031,4.012,7,7,7,7,7,0,0,0
FCR,100,2026-01-14 05:15:00,NA,NA,NA,NA,NA,0.377,0.03,4.011,7,7,7,7,7,0,0,0
FCR,100,2026-01-14 05:30:00,NA,NA,NA,NA,NA,0.379,0.03,4.02,7,7,7,7,7,0,0,0
FCR,100,2026-01-14 05:45:00,NA,NA,NA,NA,NA,0.378,0.03,4.05,7,7,7,7,7,0,0,0
FCR,100,2026-01-14 06:00:00,NA,NA,NA,NA,NA,0.381,0.031,4.077,7,7,7,7,7,0,0,0
FCR,100,2026-01-14 06:15:00,NA,NA,NA,NA,NA,0.379,0.03,4.083,7,7,7,7,7,0,0,0
FCR,100,2026-01-14 06:30:00,NA,NA,NA,NA,NA,0.379,0.03,4.067,7,7,7,7,7,0,0,0
FCR,100,2026-01-14 06:45:00,NA,NA,NA,NA,NA,0.379,0.03,4.053,7,7,7,7,7,0,0,0
FCR,100,2026-01-14 07:00:00,NA,NA,NA,NA,NA,0.379,0.03,4.045,7,7,7,7,7,0,0,0
FCR,100,2026-01-14 07:15:00,NA,NA,NA,NA,NA,0.379,0.03,4.046,7,7,7,7,7,0,0,0
FCR,100,2026-01-14 07:30:00,NA,NA,NA,NA,NA,0.378,0.03,4.042,7,7,7,7,7,0,0,0
FCR,100,2026-01-14 07:45:00,NA,NA,NA,NA,NA,0.379,0.03,4.05,7,7,7,7,7,0,0,0
FCR,100,2026-01-14 08:00:00,NA,NA,NA,NA,NA,0.378,0.03,4.059,7,7,7,7,7,0,0,0
FCR,100,2026-01-14 08:15:00,NA,NA,NA,NA,NA,0.377,0.03,4.074,7,7,7,7,7,0,0,0
FCR,100,2026-01-14 08:30:00,NA,NA,NA,NA,NA,0.377,0.03,4.098,7,7,7,7,7,0,0,0
FCR,100,2026-01-14 08:45:00,NA,NA,NA,NA,NA,0.378,0.03,4.128,7,7,7,7,7,0,0,0
FCR,100,2026-01-14 09:00:00,NA,NA,NA,NA,NA,0.379,0.03,4.172,7,7,7,7,7,0,0,0
FCR,100,2026-01-14 09:15:00,NA,NA,NA,NA,NA,0.378,0.03,4.244,7,7,7,7,7,0,0,0
FCR,100,2026-01-14 09:30:00,NA,NA,NA,NA,NA,0.378,0.03,4.306,7,7,7,7,7,0,0,0
FCR,100,2026-01-14 09:45:00,NA,NA,NA,NA,NA,0.379,0.03,4.363,7,7,7,7,7,0,0,0
FCR,100,2026-01-14 10:00:00,NA,NA,NA,NA,NA,0.378,0.03,4.437,7,7,7,7,7,0,0,0
FCR,100,2026-01-14 10:15:00,NA,NA,NA,NA,NA,0.379,0.03,4.512,7,7,7,7,7,0,0,0
FCR,100,2026-01-14 10:30:00,NA,NA,NA,NA,NA,0.379,0.03,4.602,7,7,7,7,7,0,0,0
FCR,100,2026-01-14 10:45:00,NA,NA,NA,NA,NA,0.38,0.031,4.708,7,7,7,7,7,0,0,0
FCR,100,2026-01-14 11:00:00,NA,NA,NA,NA,NA,0.379,0.03,4.821,7,7,7,7,7,0,0,0
FCR,100,2026-01-14 11:15:00,NA,NA,NA,NA,NA,0.378,0.03,4.901,7,7,7,7,7,0,0,0
FCR,100,2026-01-14 11:30:00,NA,NA,NA,NA,NA,0.378,0.03,4.986,7,7,7,7,7,0,0,0
FCR,100,2026-01-14 11:45:00,NA,NA,NA,NA,NA,0.379,0.03,5.093,7,7,7,7,7,0,0,0
FCR,100,2026-01-14 12:00:00,NA,NA,NA,NA,NA,0.38,0.031,5.18,7,7,7,7,7,0,0,0
FCR,100,2026-01-14 12:15:00,NA,NA,NA,NA,NA,0.378,0.03,5.236,7,7,7,7,7,0,0,0
FCR,100,2026-01-14 12:30:00,NA,NA,NA,NA,NA,0.38,0.031,5.284,7,7,7,7,7,0,0,0
FCR,100,2026-01-14 12:45:00,NA,NA,NA,NA,NA,0.378,0.03,5.339,7,7,7,7,7,0,0,0
FCR,100,2026-01-14 13:00:00,NA,NA,NA,NA,NA,0.38,0.031,5.391,7,7,7,7,7,0,0,0
FCR,100,2026-01-14 13:15:00,NA,NA,NA,NA,NA,0.38,0.031,5.426,7,7,7,7,7,0,0,0
FCR,100,2026-01-14 13:30:00,NA,NA,NA,NA,NA,0.379,0.03,5.458,7,7,7,7,7,0,0,0
FCR,100,2026-01-14 13:45:00,NA,NA,NA,NA,NA,0.379,0.03,5.494,7,7,7,7,7,0,0,0
FCR,100,2026-01-14 14:00:00,NA,NA,NA,NA,NA,0.38,0.031,5.538,7,7,7,7,7,0,0,0
FCR,100,2026-01-14 14:15:00,NA,NA,NA,NA,NA,0.38,0.031,5.561,7,7,7,7,7,0,0,0
FCR,100,2026-01-14 14:30:00,NA,NA,NA,NA,NA,0.379,0.03,5.611,7,7,7,7,7,0,0,0
FCR,100,2026-01-14 14:45:00,NA,NA,NA,NA,NA,0.38,0.031,5.653,7,7,7,7,7,0,0,0
FCR,100,2026-01-14 15:00:00,NA,NA,NA,NA,NA,0.381,0.031,5.719,7,7,7,7,7,0,0,0
FCR,100,2026-01-14 15:15:00,NA,NA,NA,NA,NA,0.38,0.031,5.804,7,7,7,7,7,0,0,0
FCR,100,2026-01-14 15:30:00,NA,NA,NA,NA,NA,0.38,0.031,5.809,7,7,7,7,7,0,0,0
FCR,100,2026-01-14 15:45:00,NA,NA,NA,NA,NA,0.379,0.03,5.749,7,7,7,7,7,0,0,0
FCR,100,2026-01-14 16:00:00,NA,NA,NA,NA,NA,0.38,0.031,5.747,7,7,7,7,7,0,0,0
FCR,100,2026-01-14 16:15:00,NA,NA,NA,NA,NA,0.379,0.03,5.709,7,7,7,7,7,0,0,0
FCR,100,2026-01-14 16:30:00,NA,NA,NA,NA,NA,0.378,0.03,5.667,7,7,7,7,7,0,0,0
FCR,100,2026-01-14 16:45:00,NA,NA,NA,NA,NA,0.379,0.03,5.63,7,7,7,7,7,0,0,0
FCR,100,2026-01-14 17:00:00,NA,NA,NA,NA,NA,0.379,0.03,5.581,7,7,7,7,7,0,0,0
FCR,100,2026-01-14 17:15:00,NA,NA,NA,NA,NA,0.378,0.03,5.527,7,7,7,7,7,0,0,0
FCR,100,2026-01-14 17:30:00,NA,NA,NA,NA,NA,0.377,0.03,5.476,7,7,7,7,7,0,0,0
FCR,100,2026-01-14 17:45:00,NA,NA,NA,NA,NA,0.379,0.03,5.431,7,7,7,7,7,0,0,0
FCR,100,2026-01-14 18:00:00,NA,NA,NA,NA,NA,0.378,0.03,5.388,7,7,7,7,7,0,0,0
FCR,100,2026-01-14 18:15:00,NA,NA,NA,NA,NA,0.379,0.03,5.345,7,7,7,7,7,0,0,0
FCR,100,2026-01-14 18:30:00,NA,NA,NA,NA,NA,0.377,0.03,5.304,7,7,7,7,7,0,0,0
FCR,100,2026-01-14 18:45:00,NA,NA,NA,NA,NA,0.379,0.03,5.28,7,7,7,7,7,0,0,0
FCR,100,2026-01-14 19:00:00,NA,NA,NA,NA,NA,0.377,0.03,5.267,7,7,7,7,7,0,0,0
FCR,100,2026-01-14 19:15:00,NA,NA,NA,NA,NA,0.378,0.03,5.25,7,7,7,7,7,0,0,0
FCR,100,2026-01-14 19:30:00,NA,NA,NA,NA,NA,0.376,0.03,5.234,7,7,7,7,7,0,0,0
FCR,100,2026-01-14 19:45:00,NA,NA,NA,NA,NA,0.376,0.03,5.216,7,7,7,7,7,0,0,0
FCR,100,2026-01-14 20:00:00,NA,NA,NA,NA,NA,0.377,0.03,5.193,7,7,7,7,7,0,0,0
FCR,100,2026-01-14 20:15:00,NA,NA,NA,NA,NA,0.376,0.03,5.171,7,7,7,7,7,0,0,0
FCR,100,2026-01-14 20:30:00,NA,NA,NA,NA,NA,0.376,0.03,5.157,7,7,7,7,7,0,0,0
FCR,100,2026-01-14 20:45:00,NA,NA,NA,NA,NA,0.376,0.03,5.146,7,7,7,7,7,0,0,0
FCR,100,2026-01-14 21:00:00,NA,NA,NA,NA,NA,0.376,0.03,5.129,7,7,7,7,7,0,0,0
FCR,100,2026-01-14 21:15:00,NA,NA,NA,NA,NA,0.377,0.03,5.107,7,7,7,7,7,0,0,0
FCR,100,2026-01-14 21:30:00,NA,NA,NA,NA,NA,0.377,0.03,5.091,7,7,7,7,7,0,0,0
FCR,100,2026-01-14 21:45:00,NA,NA,NA,NA,NA,0.376,0.03,5.067,7,7,7,7,7,0,0,0
FCR,100,2026-01-14 22:00:00,NA,NA,NA,NA,NA,0.375,0.029,5.048,7,7,7,7,7,0,0,0
FCR,100,2026-01-14 22:15:00,NA,NA,NA,NA,NA,0.376,0.03,5.031,7,7,7,7,7,0,0,0
FCR,100,2026-01-14 22:30:00,NA,NA,NA,NA,NA,0.376,0.03,4.979,7,7,7,7,7,0,0,0
FCR,100,2026-01-14 22:45:00,NA,NA,NA,NA,NA,0.375,0.029,4.919,7,7,7,7,7,0,0,0
FCR,100,2026-01-14 23:00:00,NA,NA,NA,NA,NA,0.376,0.03,4.854,7,7,7,7,7,0,0,0
FCR,100,2026-01-14 23:15:00,NA,NA,NA,NA,NA,0.375,0.029,4.773,7,7,7,7,7,0,0,0
FCR,100,2026-01-14 23:30:00,NA,NA,NA,NA,NA,0.373,0.029,4.703,7,7,7,7,7,0,0,0
FCR,100,2026-01-14 23:45:00,NA,NA,NA,NA,NA,0.374,0.029,4.642,7,7,7,7,7,0,0,0
FCR,100,2026-01-15 00:00:00,NA,NA,NA,NA,NA,0.374,0.029,4.541,7,7,7,7,7,0,0,0
FCR,100,2026-01-15 00:15:00,NA,NA,NA,NA,NA,0.373,0.029,4.462,7,7,7,7,7,0,0,0
FCR,100,2026-01-15 00:30:00,NA,NA,NA,NA,NA,0.372,0.028,4.407,7,7,7,7,7,0,0,0
FCR,100,2026-01-15 00:45:00,NA,NA,NA,NA,NA,0.372,0.028,4.331,7,7,7,7,7,0,0,0
FCR,100,2026-01-15 01:00:00,NA,NA,NA,NA,NA,0.371,0.028,4.252,7,7,7,7,7,0,0,0
FCR,100,2026-01-15 01:15:00,NA,NA,NA,NA,NA,0.372,0.028,4.129,7,7,7,7,7,0,0,0
FCR,100,2026-01-15 01:30:00,NA,NA,NA,NA,NA,0.371,0.028,4.015,7,7,7,7,7,0,0,0
FCR,100,2026-01-15 01:45:00,NA,NA,NA,NA,NA,0.37,0.028,3.911,7,7,7,7,7,0,0,0
FCR,100,2026-01-15 02:00:00,NA,NA,NA,NA,NA,0.372,0.028,3.778,7,7,7,7,7,0,0,0
FCR,100,2026-01-15 02:15:00,NA,NA,NA,NA,NA,0.371,0.028,3.669,7,7,7,7,7,0,0,0
FCR,100,2026-01-15 02:30:00,NA,NA,NA,NA,NA,0.37,0.028,3.571,7,7,7,7,7,0,0,0
FCR,100,2026-01-15 02:45:00,NA,NA,NA,NA,NA,0.371,0.028,3.467,7,7,7,7,7,0,0,0
FCR,100,2026-01-15 03:00:00,NA,NA,NA,NA,NA,0.372,0.028,3.366,7,7,7,7,7,0,0,0
FCR,100,2026-01-15 03:15:00,NA,NA,NA,NA,NA,0.369,0.028,3.241,7,7,7,7,7,0,0,0
FCR,100,2026-01-15 03:30:00,NA,NA,NA,NA,NA,0.367,0.027,3.165,7,7,7,7,7,0,0,0
FCR,100,2026-01-15 03:45:00,NA,NA,NA,NA,NA,0.37,0.028,3.006,7,7,7,7,7,0,0,0
FCR,100,2026-01-15 04:00:00,NA,NA,NA,NA,NA,0.368,0.027,2.919,7,7,7,7,7,0,0,0
FCR,100,2026-01-15 04:15:00,NA,NA,NA,NA,NA,0.367,0.027,2.806,7,7,7,7,7,0,0,0
FCR,100,2026-01-15 04:30:00,NA,NA,NA,NA,NA,0.368,0.027,2.711,7,7,7,7,7,0,0,0
FCR,100,2026-01-15 04:45:00,NA,NA,NA,NA,NA,0.368,0.027,2.604,7,7,7,7,7,0,0,0
FCR,100,2026-01-15 05:00:00,NA,NA,NA,NA,NA,0.366,0.027,2.464,7,7,7,7,7,0,0,0
FCR,100,2026-01-15 05:15:00,NA,NA,NA,NA,NA,0.368,0.027,2.375,7,7,7,7,7,0,0,0
FCR,100,2026-01-15 05:30:00,NA,NA,NA,NA,NA,0.366,0.027,2.309,7,7,7,7,7,0,0,0
FCR,100,2026-01-15 05:45:00,NA,NA,NA,NA,NA,0.365,0.026,2.181,7,7,7,7,7,0,0,0
FCR,100,2026-01-15 06:00:00,NA,NA,NA,NA,NA,0.367,0.027,2.08,7,7,7,7,7,0,0,0
FCR,100,2026-01-15 06:15:00,NA,NA,NA,NA,NA,0.364,0.026,2.009,7,7,7,7,7,0,0,0
FCR,100,2026-01-15 06:30:00,NA,NA,NA,NA,NA,0.365,0.026,1.909,7,7,7,7,7,0,0,0
FCR,100,2026-01-15 06:45:00,NA,NA,NA,NA,NA,0.365,0.026,1.844,7,7,7,7,7,0,0,0
FCR,100,2026-01-15 07:00:00,NA,NA,NA,NA,NA,0.365,0.026,1.728,7,7,7,7,7,0,0,0
FCR,100,2026-01-15 07:15:00,NA,NA,NA,NA,NA,0.363,0.026,1.642,7,7,7,7,7,0,0,0
FCR,100,2026-01-15 07:30:00,NA,NA,NA,NA,NA,0.365,0.026,1.599,7,7,7,7,7,0,0,0
FCR,100,2026-01-15 07:45:00,NA,NA,NA,NA,NA,0.364,0.026,1.576,7,7,7,7,7,0,0,0
FCR,100,2026-01-15 08:00:00,NA,NA,NA,NA,NA,0.363,0.026,1.541,7,7,7,7,7,0,0,0
FCR,100,2026-01-15 08:15:00,NA,NA,NA,NA,NA,0.364,0.026,1.494,7,7,7,7,7,0,0,0
FCR,100,2026-01-15 08:30:00,NA,NA,NA,NA,NA,0.363,0.026,1.454,7,7,7,7,7,0,0,0
FCR,100,2026-01-15 08:45:00,NA,NA,NA,NA,NA,0.364,0.026,1.437,7,7,7,7,7,0,0,0
FCR,100,2026-01-15 09:00:00,NA,NA,NA,NA,NA,0.363,0.026,1.441,7,7,7,7,7,0,0,0
FCR,100,2026-01-15 09:15:00,NA,NA,NA,NA,NA,0.362,0.026,1.425,7,7,7,7,7,0,0,0
FCR,100,2026-01-15 09:30:00,NA,NA,NA,NA,NA,0.361,0.025,1.401,7,7,7,7,7,0,0,0
FCR,100,2026-01-15 09:45:00,NA,NA,NA,NA,NA,0.362,0.026,1.353,7,7,7,7,7,0,0,0
FCR,100,2026-01-15 10:00:00,NA,NA,NA,NA,NA,0.362,0.026,1.3,7,7,7,7,7,0,0,0
FCR,100,2026-01-15 10:15:00,NA,NA,NA,NA,NA,0.363,0.026,1.367,7,7,7,7,7,0,0,0
FCR,100,2026-01-15 10:30:00,NA,NA,NA,NA,NA,0.361,0.025,1.344,7,7,7,7,7,0,0,0
FCR,100,2026-01-15 10:45:00,NA,NA,NA,NA,NA,0.361,0.025,1.329,7,7,7,7,7,0,0,0
FCR,100,2026-01-15 11:00:00,NA,NA,NA,NA,NA,0.362,0.026,1.4,7,7,7,7,7,0,0,0
FCR,100,2026-01-15 11:15:00,NA,NA,NA,NA,NA,0.361,0.025,1.463,7,7,7,7,7,0,0,0
FCR,100,2026-01-15 11:30:00,NA,NA,NA,NA,NA,0.361,0.025,1.491,7,7,7,7,7,0,0,0
FCR,100,2026-01-15 11:45:00,NA,NA,NA,NA,NA,0.362,0.026,1.575,7,7,7,7,7,0,0,0
FCR,100,2026-01-15 12:00:00,NA,NA,NA,NA,NA,0.363,0.026,1.691,7,7,7,7,7,0,0,0
FCR,100,2026-01-15 12:15:00,NA,NA,NA,NA,NA,0.363,0.026,1.752,7,7,7,7,7,0,0,0
FCR,100,2026-01-15 12:30:00,NA,NA,NA,NA,NA,0.362,0.026,1.862,7,7,7,7,7,0,0,0
FCR,100,2026-01-15 12:45:00,NA,NA,NA,NA,NA,0.363,0.026,1.992,7,7,7,7,7,0,0,0
FCR,100,2026-01-15 13:00:00,NA,NA,NA,NA,NA,0.363,0.026,2.155,7,7,7,7,7,0,0,0
FCR,100,2026-01-15 13:15:00,NA,NA,NA,NA,NA,0.363,0.026,2.245,7,7,7,7,7,0,0,0
FCR,100,2026-01-15 13:30:00,NA,NA,NA,NA,NA,0.363,0.026,2.29,7,7,7,7,7,0,0,0
FCR,100,2026-01-15 13:45:00,NA,NA,NA,NA,NA,0.363,0.026,2.298,7,7,7,7,7,0,0,0
FCR,100,2026-01-15 14:00:00,NA,NA,NA,NA,NA,0.363,0.026,2.288,7,7,7,7,7,0,0,0
FCR,100,2026-01-15 14:15:00,NA,NA,NA,NA,NA,0.362,0.026,2.275,7,7,7,7,7,0,0,0
FCR,100,2026-01-15 14:30:00,NA,NA,NA,NA,NA,0.363,0.026,2.317,7,7,7,7,7,0,0,0
FCR,100,2026-01-15 14:45:00,NA,NA,NA,NA,NA,0.362,0.026,2.328,7,7,7,7,7,0,0,0
FCR,100,2026-01-15 15:00:00,NA,NA,NA,NA,NA,0.363,0.026,2.431,7,7,7,7,7,0,0,0
FCR,100,2026-01-15 15:15:00,NA,NA,NA,NA,NA,0.362,0.026,2.444,7,7,7,7,7,0,0,0
FCR,100,2026-01-15 15:30:00,NA,NA,NA,NA,NA,0.362,0.026,2.449,7,7,7,7,7,0,0,0
FCR,100,2026-01-15 15:45:00,NA,NA,NA,NA,NA,0.362,0.026,2.36,7,7,7,7,7,0,0,0
FCR,100,2026-01-15 16:00:00,NA,NA,NA,NA,NA,0.362,0.026,2.234,7,7,7,7,7,0,0,0
FCR,100,2026-01-15 16:15:00,NA,NA,NA,NA,NA,0.362,0.026,2.167,7,7,7,7,7,0,0,0
FCR,100,2026-01-15 16:30:00,NA,NA,NA,NA,NA,0.361,0.025,2.095,7,7,7,7,7,0,0,0
FCR,100,2026-01-15 16:45:00,NA,NA,NA,NA,NA,0.361,0.025,2.026,7,7,7,7,7,0,0,0
FCR,100,2026-01-15 17:00:00,NA,NA,NA,NA,NA,0.36,0.025,1.933,7,7,7,7,7,0,0,0
FCR,100,2026-01-15 17:15:00,NA,NA,NA,NA,NA,0.359,0.025,1.801,7,7,7,7,7,0,0,0
FCR,100,2026-01-15 17:30:00,NA,NA,NA,NA,NA,0.358,0.024,1.684,7,7,7,7,7,0,0,0
FCR,100,2026-01-15 17:45:00,NA,NA,NA,NA,NA,0.36,0.025,1.608,7,7,7,7,7,0,0,0
FCR,100,2026-01-15 18:00:00,NA,NA,NA,NA,NA,0.359,0.025,1.53,7,7,7,7,7,0,0,0
FCR,100,2026-01-15 18:15:00,NA,NA,NA,NA,NA,0.358,0.024,1.445,7,7,7,7,7,0,0,0
FCR,100,2026-01-15 18:30:00,NA,NA,NA,NA,NA,0.358,0.024,1.36,7,7,7,7,7,0,0,0
FCR,100,2026-01-15 18:45:00,NA,NA,NA,NA,NA,0.357,0.024,1.241,7,7,7,7,7,0,0,0
FCR,100,2026-01-15 19:00:00,NA,NA,NA,NA,NA,0.359,0.025,1.201,7,7,7,7,7,0,0,0
FCR,100,2026-01-15 19:15:00,NA,NA,NA,NA,NA,0.358,0.024,1.128,7,7,7,7,7,0,0,0
FCR,100,2026-01-15 19:30:00,NA,NA,NA,NA,NA,0.357,0.024,1.079,7,7,7,7,7,0,0,0
FCR,100,2026-01-15 19:45:00,NA,NA,NA,NA,NA,0.357,0.024,1.04,7,7,7,7,7,0,0,0
FCR,100,2026-01-15 20:00:00,NA,NA,NA,NA,NA,0.355,0.024,1,7,7,7,7,7,0,0,0
FCR,100,2026-01-15 20:15:00,NA,NA,NA,NA,NA,0.356,0.024,0.929,7,7,7,7,7,0,0,0
FCR,100,2026-01-15 20:30:00,NA,NA,NA,NA,NA,0.355,0.024,0.822,7,7,7,7,7,0,0,0
FCR,100,2026-01-15 20:45:00,NA,NA,NA,NA,NA,0.355,0.024,0.758,7,7,7,7,7,0,0,0
FCR,100,2026-01-15 21:00:00,NA,NA,NA,NA,NA,0.355,0.024,0.706,7,7,7,7,7,0,0,0
FCR,100,2026-01-15 21:15:00,NA,NA,NA,NA,NA,0.354,0.023,0.623,7,7,7,7,7,0,0,0
FCR,100,2026-01-15 21:30:00,NA,NA,NA,NA,NA,0.354,0.023,0.561,7,7,7,7,7,0,0,0
FCR,100,2026-01-15 21:45:00,NA,NA,NA,NA,NA,0.353,0.023,0.486,7,7,7,7,7,0,0,0
FCR,100,2026-01-15 22:00:00,NA,NA,NA,NA,NA,0.353,0.023,0.428,7,7,7,7,7,0,0,0
FCR,100,2026-01-15 22:15:00,NA,NA,NA,NA,NA,0.354,0.023,0.358,7,7,7,7,7,0,0,0
FCR,100,2026-01-15 22:30:00,NA,NA,NA,NA,NA,0.353,0.023,0.274,7,7,7,7,7,0,0,0
FCR,100,2026-01-15 22:45:00,NA,NA,NA,NA,NA,0.352,0.023,0.211,7,7,7,7,7,0,0,0
FCR,100,2026-01-15 23:00:00,NA,NA,NA,NA,NA,0.355,0.024,0.157,7,7,7,7,7,0,0,0
FCR,100,2026-01-15 23:15:00,NA,NA,NA,NA,NA,0.351,0.023,0.139,7,7,7,7,7,0,0,0
FCR,100,2026-01-15 23:30:00,NA,NA,NA,NA,NA,0.351,0.023,0.088,7,7,7,7,7,0,0,0
FCR,100,2026-01-15 23:45:00,NA,NA,NA,NA,NA,0.351,0.023,0.033,7,7,7,7,7,0,0,0
FCR,100,2026-01-16 00:00:00,NA,NA,NA,NA,NA,0.351,0.023,0.022,7,7,7,7,7,0,0,0
FCR,100,2026-01-16 00:15:00,NA,NA,NA,NA,NA,0.351,0.023,0.029,7,7,7,7,7,0,0,0
FCR,100,2026-01-16 00:30:00,NA,NA,NA,NA,NA,0.35,0.022,0.019,7,7,7,7,7,0,0,0
FCR,100,2026-01-16 00:45:00,NA,NA,NA,NA,NA,0.352,0.023,-0.002,7,7,7,7,7,0,0,0
FCR,100,2026-01-16 01:00:00,NA,NA,NA,NA,NA,0.353,0.023,-0.027,7,7,7,7,7,0,0,0
FCR,100,2026-01-16 01:15:00,NA,NA,NA,NA,NA,0.35,0.022,-0.045,7,7,7,7,7,0,0,0
FCR,100,2026-01-16 01:30:00,NA,NA,NA,NA,NA,0.35,0.022,-0.048,7,7,7,7,7,0,0,0
FCR,100,2026-01-16 01:45:00,NA,NA,NA,NA,NA,0.351,0.023,-0.047,7,7,7,7,7,0,0,0
FCR,100,2026-01-16 02:00:00,NA,NA,NA,NA,NA,0.352,0.023,-0.047,7,7,7,7,7,0,0,0
FCR,100,2026-01-16 02:15:00,NA,NA,NA,NA,NA,0.349,0.022,-0.055,7,7,7,7,7,0,0,0
FCR,100,2026-01-16 02:30:00,NA,NA,NA,NA,NA,0.348,0.022,-0.052,7,7,7,7,7,0,0,0
FCR,100,2026-01-16 02:45:00,NA,NA,NA,NA,NA,0.351,0.023,-0.046,7,7,7,7,7,0,0,0
FCR,100,2026-01-16 03:00:00,NA,NA,NA,NA,NA,0.354,0.023,-0.04,7,7,7,7,7,0,0,0
FCR,100,2026-01-16 03:15:00,NA,NA,NA,NA,NA,0.355,0.024,-0.037,7,7,7,7,7,0,0,0
FCR,100,2026-01-16 03:30:00,NA,NA,NA,NA,NA,0.355,0.024,-0.037,7,7,7,7,7,0,0,0
FCR,100,2026-01-16 03:45:00,NA,NA,NA,NA,NA,0.357,0.024,-0.034,7,7,7,7,7,0,0,0
FCR,100,2026-01-16 04:00:00,NA,NA,NA,NA,NA,0.356,0.024,-0.033,7,7,7,7,7,0,0,0
FCR,100,2026-01-16 04:15:00,NA,NA,NA,NA,NA,0.357,0.024,-0.034,7,7,7,7,7,0,0,0
FCR,100,2026-01-16 04:30:00,NA,NA,NA,NA,NA,0.352,0.023,-0.034,7,7,7,7,7,0,0,0
FCR,100,2026-01-16 04:45:00,NA,NA,NA,NA,NA,0.351,0.023,-0.032,7,7,7,7,7,0,0,0
FCR,100,2026-01-16 05:00:00,NA,NA,NA,NA,NA,0.352,0.023,-0.033,7,7,7,7,7,0,0,0
FCR,100,2026-01-16 05:15:00,NA,NA,NA,NA,NA,0.351,0.023,-0.034,7,7,7,7,7,0,0,0
FCR,100,2026-01-16 05:30:00,NA,NA,NA,NA,NA,0.351,0.023,-0.034,7,7,7,7,7,0,0,0
FCR,100,2026-01-16 05:45:00,NA,NA,NA,NA,NA,0.352,0.023,-0.031,7,7,7,7,7,0,0,0
FCR,100,2026-01-16 06:00:00,NA,NA,NA,NA,NA,0.351,0.023,-0.03,7,7,7,7,7,0,0,0
FCR,100,2026-01-16 06:15:00,NA,NA,NA,NA,NA,0.35,0.022,-0.031,7,7,7,7,7,0,0,0
FCR,100,2026-01-16 06:30:00,NA,NA,NA,NA,NA,0.35,0.022,-0.029,7,7,7,7,7,0,0,0
FCR,100,2026-01-16 06:45:00,NA,NA,NA,NA,NA,0.349,0.022,-0.028,7,7,7,7,7,0,0,0
FCR,100,2026-01-16 07:00:00,NA,NA,NA,NA,NA,0.349,0.022,-0.028,7,7,7,7,7,0,0,0
FCR,100,2026-01-16 07:15:00,NA,NA,NA,NA,NA,0.349,0.022,-0.025,7,7,7,7,7,0,0,0
FCR,100,2026-01-16 07:30:00,NA,NA,NA,NA,NA,0.349,0.022,-0.026,7,7,7,7,7,0,0,0
FCR,100,2026-01-16 07:45:00,NA,NA,NA,NA,NA,0.35,0.022,-0.024,7,7,7,7,7,0,0,0
FCR,100,2026-01-16 08:00:00,NA,NA,NA,NA,NA,0.351,0.023,-0.018,7,7,7,7,7,0,0,0
FCR,100,2026-01-16 08:15:00,NA,NA,NA,NA,NA,0.352,0.023,-0.014,7,7,7,7,7,0,0,0
FCR,100,2026-01-16 08:30:00,NA,NA,NA,NA,NA,0.352,0.023,-0.009,7,7,7,7,7,0,0,0
FCR,100,2026-01-16 08:45:00,NA,NA,NA,NA,NA,0.353,0.023,-0.006,7,7,7,7,7,0,0,0
FCR,100,2026-01-16 09:00:00,NA,NA,NA,NA,NA,0.352,0.023,-0.001,7,7,7,7,7,0,0,0
FCR,100,2026-01-16 09:15:00,NA,NA,NA,NA,NA,0.353,0.023,-0.003,7,7,7,7,7,0,0,0
FCR,100,2026-01-16 09:30:00,NA,NA,NA,NA,NA,0.353,0.023,0.002,7,7,7,7,7,0,0,0
FCR,100,2026-01-16 09:45:00,NA,NA,NA,NA,NA,0.351,0.023,0.011,7,7,7,7,7,0,0,0
FCR,100,2026-01-16 10:00:00,NA,NA,NA,NA,NA,0.35,0.022,0.017,7,7,7,7,7,0,0,0
FCR,100,2026-01-16 10:15:00,NA,NA,NA,NA,NA,0.351,0.023,0.046,7,7,7,7,7,0,0,0
FCR,100,2026-01-16 10:30:00,NA,NA,NA,NA,NA,0.35,0.022,0.066,7,7,7,7,7,0,0,0
FCR,100,2026-01-16 10:45:00,NA,NA,NA,NA,NA,0.35,0.022,0.086,7,7,7,7,7,0,0,0
FCR,100,2026-01-16 11:00:00,NA,NA,NA,NA,NA,0.35,0.022,0.11,7,7,7,7,7,0,0,0
FCR,100,2026-01-16 11:15:00,NA,NA,NA,NA,NA,0.349,0.022,0.132,7,7,7,7,7,0,0,0
FCR,100,2026-01-16 11:30:00,NA,NA,NA,NA,NA,0.35,0.022,0.158,7,7,7,7,7,0,0,0
FCR,100,2026-01-16 11:45:00,NA,NA,NA,NA,NA,0.349,0.022,0.197,7,7,7,7,7,0,0,0
FCR,100,2026-01-16 12:00:00,NA,NA,NA,NA,NA,0.35,0.022,0.212,7,7,7,7,7,0,0,0
FCR,100,2026-01-16 12:15:00,NA,NA,NA,NA,NA,0.35,0.022,0.243,7,7,7,7,7,0,0,0
FCR,100,2026-01-16 12:30:00,NA,NA,NA,NA,NA,0.348,0.022,0.291,7,7,7,7,7,0,0,0
FCR,100,2026-01-16 12:45:00,NA,NA,NA,NA,NA,0.349,0.022,0.362,7,7,7,7,7,0,0,0
FCR,100,2026-01-16 13:00:00,NA,NA,NA,NA,NA,0.351,0.023,0.451,7,7,7,7,7,0,0,0
FCR,100,2026-01-16 13:15:00,NA,NA,NA,NA,NA,0.35,0.022,0.562,7,7,7,7,7,0,0,0
FCR,100,2026-01-16 13:30:00,NA,NA,NA,NA,NA,0.35,0.022,0.674,7,7,7,7,7,0,0,0
FCR,100,2026-01-16 13:45:00,NA,NA,NA,NA,NA,0.35,0.022,0.789,7,7,7,7,7,0,0,0
FCR,100,2026-01-16 14:00:00,NA,NA,NA,NA,NA,0.35,0.022,0.882,7,7,7,7,7,0,0,0
FCR,100,2026-01-16 14:15:00,NA,NA,NA,NA,NA,0.35,0.022,1.027,7,7,7,7,7,0,0,0
FCR,100,2026-01-16 14:30:00,NA,NA,NA,NA,NA,0.351,0.023,1.169,7,7,7,7,7,0,0,0
FCR,100,2026-01-16 14:45:00,NA,NA,NA,NA,NA,0.35,0.022,1.277,7,7,7,7,7,0,0,0
FCR,100,2026-01-16 15:00:00,NA,NA,NA,NA,NA,0.351,0.023,1.357,7,7,7,7,7,0,0,0
FCR,100,2026-01-16 15:15:00,NA,NA,NA,NA,NA,0.351,0.023,1.419,7,7,7,7,7,0,0,0
FCR,100,2026-01-16 15:30:00,NA,NA,NA,NA,NA,0.35,0.022,1.501,7,7,7,7,7,0,0,0
FCR,100,2026-01-16 15:45:00,NA,NA,NA,NA,NA,0.351,0.023,1.602,7,7,7,7,7,0,0,0
FCR,100,2026-01-16 16:00:00,NA,NA,NA,NA,NA,0.352,0.023,1.644,7,7,7,7,7,0,0,0
FCR,100,2026-01-16 16:15:00,NA,NA,NA,NA,NA,0.351,0.023,1.682,7,7,7,7,7,0,0,0
FCR,100,2026-01-16 16:30:00,NA,NA,NA,NA,NA,0.352,0.023,1.705,7,7,7,7,7,0,0,0
FCR,100,2026-01-16 16:45:00,NA,NA,NA,NA,NA,0.352,0.023,1.697,7,7,7,7,7,0,0,0
FCR,100,2026-01-16 17:00:00,NA,NA,NA,NA,NA,0.352,0.023,1.707,7,7,7,7,7,0,0,0
FCR,100,2026-01-16 17:15:00,NA,NA,NA,NA,NA,0.352,0.023,1.703,7,7,7,7,7,0,0,0
FCR,100,2026-01-16 17:30:00,NA,NA,NA,NA,NA,0.351,0.023,1.676,7,7,7,7,7,0,0,0
FCR,100,2026-01-16 17:45:00,NA,NA,NA,NA,NA,0.35,0.022,1.625,7,7,7,7,7,0,0,0
FCR,100,2026-01-16 18:00:00,NA,NA,NA,NA,NA,0.351,0.023,1.585,7,7,7,7,7,0,0,0
FCR,100,2026-01-16 18:15:00,NA,NA,NA,NA,NA,0.35,0.022,1.539,7,7,7,7,7,0,0,0
FCR,100,2026-01-16 18:30:00,NA,NA,NA,NA,NA,0.35,0.022,1.497,7,7,7,7,7,0,0,0
FCR,100,2026-01-16 18:45:00,NA,NA,NA,NA,NA,0.351,0.023,1.456,7,7,7,7,7,0,0,0
FCR,100,2026-01-16 19:00:00,NA,NA,NA,NA,NA,0.35,0.022,1.412,7,7,7,7,7,0,0,0
FCR,100,2026-01-16 19:15:00,NA,NA,NA,NA,NA,0.349,0.022,1.368,7,7,7,7,7,0,0,0
FCR,100,2026-01-16 19:30:00,NA,NA,NA,NA,NA,0.35,0.022,1.328,7,7,7,7,7,0,0,0
FCR,100,2026-01-16 19:45:00,NA,NA,NA,NA,NA,0.348,0.022,1.29,7,7,7,7,7,0,0,0
FCR,100,2026-01-16 20:00:00,NA,NA,NA,NA,NA,0.349,0.022,1.261,7,7,7,7,7,0,0,0
FCR,100,2026-01-16 20:15:00,NA,NA,NA,NA,NA,0.35,0.022,1.259,7,7,7,7,7,0,0,0
FCR,100,2026-01-16 20:30:00,NA,NA,NA,NA,NA,0.348,0.022,1.262,7,7,7,7,7,0,0,0
FCR,100,2026-01-16 20:45:00,NA,NA,NA,NA,NA,0.348,0.022,1.261,7,7,7,7,7,0,0,0
FCR,100,2026-01-16 21:00:00,NA,NA,NA,NA,NA,0.348,0.022,1.251,7,7,7,7,7,0,0,0
FCR,100,2026-01-16 21:15:00,NA,NA,NA,NA,NA,0.349,0.022,1.244,7,7,7,7,7,0,0,0
FCR,100,2026-01-16 21:30:00,NA,NA,NA,NA,NA,0.349,0.022,1.234,7,7,7,7,7,0,0,0
FCR,100,2026-01-16 21:45:00,NA,NA,NA,NA,NA,0.348,0.022,1.213,7,7,7,7,7,0,0,0
FCR,100,2026-01-16 22:00:00,NA,NA,NA,NA,NA,0.348,0.022,1.196,7,7,7,7,7,0,0,0
FCR,100,2026-01-16 22:15:00,NA,NA,NA,NA,NA,0.347,0.022,1.217,7,7,7,7,7,0,0,0
FCR,100,2026-01-16 22:30:00,NA,NA,NA,NA,NA,0.348,0.022,1.241,7,7,7,7,7,0,0,0
FCR,100,2026-01-16 22:45:00,NA,NA,NA,NA,NA,0.349,0.022,1.276,7,7,7,7,7,0,0,0
FCR,100,2026-01-16 23:00:00,NA,NA,NA,NA,NA,0.348,0.022,1.293,7,7,7,7,7,0,0,0
FCR,100,2026-01-16 23:15:00,NA,NA,NA,NA,NA,0.348,0.022,1.312,7,7,7,7,7,0,0,0
FCR,100,2026-01-16 23:30:00,NA,NA,NA,NA,NA,0.349,0.022,1.322,7,7,7,7,7,0,0,0
FCR,100,2026-01-16 23:45:00,NA,NA,NA,NA,NA,0.347,0.022,1.325,7,7,7,7,7,0,0,0
FCR,100,2026-01-17 00:00:00,NA,NA,NA,NA,NA,0.348,0.022,1.339,7,7,7,7,7,0,0,0
FCR,100,2026-01-17 00:15:00,NA,NA,NA,NA,NA,0.346,0.021,1.359,7,7,7,7,7,0,0,0
FCR,100,2026-01-17 00:30:00,NA,NA,NA,NA,NA,0.348,0.022,1.345,7,7,7,7,7,0,0,0
FCR,100,2026-01-17 00:45:00,NA,NA,NA,NA,NA,0.348,0.022,1.325,7,7,7,7,7,0,0,0
FCR,100,2026-01-17 01:00:00,NA,NA,NA,NA,NA,0.347,0.022,1.312,7,7,7,7,7,0,0,0
FCR,100,2026-01-17 01:15:00,NA,NA,NA,NA,NA,0.347,0.022,1.303,7,7,7,7,7,0,0,0
FCR,100,2026-01-17 01:30:00,NA,NA,NA,NA,NA,0.346,0.021,1.28,7,7,7,7,7,0,0,0
FCR,100,2026-01-17 01:45:00,NA,NA,NA,NA,NA,0.347,0.022,1.251,7,7,7,7,7,0,0,0
FCR,100,2026-01-17 02:00:00,NA,NA,NA,NA,NA,0.347,0.022,1.22,7,7,7,7,7,0,0,0
FCR,100,2026-01-17 02:15:00,NA,NA,NA,NA,NA,0.346,0.021,1.19,7,7,7,7,7,0,0,0
FCR,100,2026-01-17 02:30:00,NA,NA,NA,NA,NA,0.346,0.021,1.158,7,7,7,7,7,0,0,0
FCR,100,2026-01-17 02:45:00,NA,NA,NA,NA,NA,0.348,0.022,1.132,7,7,7,7,7,0,0,0
FCR,100,2026-01-17 03:00:00,NA,NA,NA,NA,NA,0.346,0.021,1.116,7,7,7,7,7,0,0,0
FCR,100,2026-01-17 03:15:00,NA,NA,NA,NA,NA,0.346,0.021,1.143,7,7,7,7,7,0,0,0
FCR,100,2026-01-17 03:30:00,NA,NA,NA,NA,NA,0.347,0.022,1.153,7,7,7,7,7,0,0,0
FCR,100,2026-01-17 03:45:00,NA,NA,NA,NA,NA,0.348,0.022,1.182,7,7,7,7,7,0,0,0
FCR,100,2026-01-17 04:00:00,NA,NA,NA,NA,NA,0.347,0.022,1.208,7,7,7,7,7,0,0,0
FCR,100,2026-01-17 04:15:00,NA,NA,NA,NA,NA,0.347,0.022,1.243,7,7,7,7,7,0,0,0
FCR,100,2026-01-17 04:30:00,NA,NA,NA,NA,NA,0.347,0.022,1.279,7,7,7,7,7,0,0,0
FCR,100,2026-01-17 04:45:00,NA,NA,NA,NA,NA,0.347,0.022,1.316,7,7,7,7,7,0,0,0
FCR,100,2026-01-17 05:00:00,NA,NA,NA,NA,NA,0.348,0.022,1.356,7,7,7,7,7,0,0,0
FCR,100,2026-01-17 05:15:00,NA,NA,NA,NA,NA,0.348,0.022,1.392,7,7,7,7,7,0,0,0
FCR,100,2026-01-17 05:30:00,NA,NA,NA,NA,NA,0.347,0.022,1.426,7,7,7,7,7,0,0,0
FCR,100,2026-01-17 05:45:00,NA,NA,NA,NA,NA,0.347,0.022,1.455,7,7,7,7,7,0,0,0
FCR,100,2026-01-17 06:00:00,NA,NA,NA,NA,NA,0.347,0.022,1.491,7,7,7,7,7,0,0,0
FCR,100,2026-01-17 06:15:00,NA,NA,NA,NA,NA,0.347,0.022,1.514,7,7,7,7,7,0,0,0
FCR,100,2026-01-17 06:30:00,NA,NA,NA,NA,NA,0.347,0.022,1.542,7,7,7,7,7,0,0,0
FCR,100,2026-01-17 06:45:00,NA,NA,NA,NA,NA,0.348,0.022,1.566,7,7,7,7,7,0,0,0
FCR,100,2026-01-17 07:00:00,NA,NA,NA,NA,NA,0.348,0.022,1.578,7,7,7,7,7,0,0,0
FCR,100,2026-01-17 07:15:00,NA,NA,NA,NA,NA,0.347,0.022,1.566,7,7,7,7,7,0,0,0
FCR,100,2026-01-17 07:30:00,NA,NA,NA,NA,NA,0.347,0.022,1.502,7,7,7,7,7,0,0,0
FCR,100,2026-01-17 07:45:00,NA,NA,NA,NA,NA,0.348,0.022,1.531,7,7,7,7,7,0,0,0
FCR,100,2026-01-17 08:00:00,NA,NA,NA,NA,NA,0.348,0.022,1.557,7,7,7,7,7,0,0,0
FCR,100,2026-01-17 08:15:00,NA,NA,NA,NA,NA,0.348,0.022,1.589,7,7,7,7,7,0,0,0
FCR,100,2026-01-17 08:30:00,NA,NA,NA,NA,NA,0.348,0.022,1.622,7,7,7,7,7,0,0,0
FCR,100,2026-01-17 08:45:00,NA,NA,NA,NA,NA,0.347,0.022,1.66,7,7,7,7,7,0,0,0
FCR,100,2026-01-17 09:00:00,NA,NA,NA,NA,NA,0.347,0.022,1.692,7,7,7,7,7,0,0,0
FCR,100,2026-01-17 09:15:00,NA,NA,NA,NA,NA,0.347,0.022,1.731,7,7,7,7,7,0,0,0
FCR,100,2026-01-17 09:30:00,NA,NA,NA,NA,NA,0.347,0.022,1.73,7,7,7,7,7,0,0,0
FCR,100,2026-01-17 09:45:00,NA,NA,NA,NA,NA,0.348,0.022,1.78,7,7,7,7,7,0,0,0
FCR,100,2026-01-17 10:00:00,NA,NA,NA,NA,NA,0.347,0.022,1.876,7,7,7,7,7,0,0,0
FCR,100,2026-01-17 10:15:00,NA,NA,NA,NA,NA,0.348,0.022,1.927,7,7,7,7,7,0,0,0
FCR,100,2026-01-17 10:30:00,NA,NA,NA,NA,NA,0.349,0.022,2.025,7,7,7,7,7,0,0,0
FCR,100,2026-01-17 10:45:00,NA,NA,NA,NA,NA,0.348,0.022,2.136,7,7,7,7,7,0,0,0
FCR,100,2026-01-17 11:00:00,NA,NA,NA,NA,NA,0.349,0.022,2.247,7,7,7,7,7,0,0,0
FCR,100,2026-01-17 11:15:00,NA,NA,NA,NA,NA,0.349,0.022,2.404,7,7,7,7,7,0,0,0
FCR,100,2026-01-17 11:30:00,NA,NA,NA,NA,NA,0.349,0.022,2.514,7,7,7,7,7,0,0,0
FCR,100,2026-01-17 11:45:00,NA,NA,NA,NA,NA,0.349,0.022,2.608,7,7,7,7,7,0,0,0
FCR,100,2026-01-17 12:00:00,NA,NA,NA,NA,NA,0.349,0.022,2.689,7,7,7,7,7,0,0,0
FCR,100,2026-01-17 12:15:00,NA,NA,NA,NA,NA,0.349,0.022,2.792,7,7,7,7,7,0,0,0
FCR,100,2026-01-17 12:30:00,NA,NA,NA,NA,NA,0.35,0.022,2.866,7,7,7,7,7,0,0,0
FCR,100,2026-01-17 12:45:00,NA,NA,NA,NA,NA,0.351,0.023,3.012,7,7,7,7,7,0,0,0
FCR,100,2026-01-17 13:00:00,NA,NA,NA,NA,NA,0.35,0.022,3.154,7,7,7,7,7,0,0,0
FCR,100,2026-01-17 13:15:00,NA,NA,NA,NA,NA,0.351,0.023,3.278,7,7,7,7,7,0,0,0
FCR,100,2026-01-17 13:30:00,NA,NA,NA,NA,NA,0.352,0.023,3.381,7,7,7,7,7,0,0,0
FCR,100,2026-01-17 13:45:00,NA,NA,NA,NA,NA,0.351,0.023,3.492,7,7,7,7,7,0,0,0
FCR,100,2026-01-17 14:00:00,NA,NA,NA,NA,NA,0.352,0.023,3.578,7,7,7,7,7,0,0,0
FCR,100,2026-01-17 14:15:00,NA,NA,NA,NA,NA,0.351,0.023,3.548,7,7,7,7,7,0,0,0
FCR,100,2026-01-17 14:30:00,NA,NA,NA,NA,NA,0.352,0.023,3.635,7,7,7,7,7,0,0,0
FCR,100,2026-01-17 14:45:00,NA,NA,NA,NA,NA,0.352,0.023,3.679,7,7,7,7,7,0,0,0
FCR,100,2026-01-17 15:00:00,NA,NA,NA,NA,NA,0.352,0.023,3.726,7,7,7,7,7,0,0,0
FCR,100,2026-01-17 15:15:00,NA,NA,NA,NA,NA,0.352,0.023,3.785,7,7,7,7,7,0,0,0
FCR,100,2026-01-17 15:30:00,NA,NA,NA,NA,NA,0.353,0.023,3.768,7,7,7,7,7,0,0,0
FCR,100,2026-01-17 15:45:00,NA,NA,NA,NA,NA,0.352,0.023,3.74,7,7,7,7,7,0,0,0
FCR,100,2026-01-17 16:00:00,NA,NA,NA,NA,NA,0.353,0.023,3.69,7,7,7,7,7,0,0,0
FCR,100,2026-01-17 16:15:00,NA,NA,NA,NA,NA,0.352,0.023,3.635,7,7,7,7,7,0,0,0
FCR,100,2026-01-17 16:30:00,NA,NA,NA,NA,NA,0.35,0.022,3.582,7,7,7,7,7,0,0,0
FCR,100,2026-01-17 16:45:00,NA,NA,NA,NA,NA,0.352,0.023,3.547,7,7,7,7,7,0,0,0
FCR,100,2026-01-17 17:00:00,NA,NA,NA,NA,NA,0.351,0.023,3.498,7,7,7,7,7,0,0,0
FCR,100,2026-01-17 17:15:00,NA,NA,NA,NA,NA,0.351,0.023,3.436,7,7,7,7,7,0,0,0
FCR,100,2026-01-17 17:30:00,NA,NA,NA,NA,NA,0.351,0.023,3.369,7,7,7,7,7,0,0,0
FCR,100,2026-01-17 17:45:00,NA,NA,NA,NA,NA,0.352,0.023,3.279,7,7,7,7,7,0,0,0
FCR,100,2026-01-17 18:00:00,NA,NA,NA,NA,NA,0.351,0.023,3.182,7,7,7,7,7,0,0,0
FCR,100,2026-01-17 18:15:00,NA,NA,NA,NA,NA,0.35,0.022,3.105,7,7,7,7,7,0,0,0
FCR,100,2026-01-17 18:30:00,NA,NA,NA,NA,NA,0.35,0.022,3.002,7,7,7,7,7,0,0,0
FCR,100,2026-01-17 18:45:00,NA,NA,NA,NA,NA,0.351,0.023,2.903,7,7,7,7,7,0,0,0
FCR,100,2026-01-17 19:00:00,NA,NA,NA,NA,NA,0.35,0.022,2.81,7,7,7,7,7,0,0,0
FCR,100,2026-01-17 19:15:00,NA,NA,NA,NA,NA,0.348,0.022,2.728,7,7,7,7,7,0,0,0
FCR,100,2026-01-17 19:30:00,NA,NA,NA,NA,NA,0.35,0.022,2.69,7,7,7,7,7,0,0,0
FCR,100,2026-01-17 19:45:00,NA,NA,NA,NA,NA,0.349,0.022,2.626,7,7,7,7,7,0,0,0
FCR,100,2026-01-17 20:00:00,NA,NA,NA,NA,NA,0.349,0.022,2.596,7,7,7,7,7,0,0,0
FCR,100,2026-01-17 20:15:00,NA,NA,NA,NA,NA,0.35,0.022,2.577,7,7,7,7,7,0,0,0
FCR,100,2026-01-17 20:30:00,NA,NA,NA,NA,NA,0.349,0.022,2.559,7,7,7,7,7,0,0,0
FCR,100,2026-01-17 20:45:00,NA,NA,NA,NA,NA,0.349,0.022,2.544,7,7,7,7,7,0,0,0
FCR,100,2026-01-17 21:00:00,NA,NA,NA,NA,NA,0.349,0.022,2.51,7,7,7,7,7,0,0,0
FCR,100,2026-01-17 21:15:00,NA,NA,NA,NA,NA,0.348,0.022,2.499,7,7,7,7,7,0,0,0
FCR,100,2026-01-17 21:30:00,NA,NA,NA,NA,NA,0.349,0.022,2.51,7,7,7,7,7,0,0,0
FCR,100,2026-01-17 21:45:00,NA,NA,NA,NA,NA,0.348,0.022,2.52,7,7,7,7,7,0,0,0
FCR,100,2026-01-17 22:00:00,NA,NA,NA,NA,NA,0.349,0.022,2.536,7,7,7,7,7,0,0,0
FCR,100,2026-01-17 22:15:00,NA,NA,NA,NA,NA,0.349,0.022,2.552,7,7,7,7,7,0,0,0
FCR,100,2026-01-17 22:30:00,NA,NA,NA,NA,NA,0.349,0.022,2.561,7,7,7,7,7,0,0,0
FCR,100,2026-01-17 22:45:00,NA,NA,NA,NA,NA,0.349,0.022,2.576,7,7,7,7,7,0,0,0
FCR,100,2026-01-17 23:00:00,NA,NA,NA,NA,NA,0.348,0.022,2.599,7,7,7,7,7,0,0,0
FCR,100,2026-01-17 23:15:00,NA,NA,NA,NA,NA,0.347,0.022,2.623,7,7,7,7,7,0,0,0
FCR,100,2026-01-17 23:30:00,NA,NA,NA,NA,NA,0.348,0.022,2.65,7,7,7,7,7,0,0,0
FCR,100,2026-01-17 23:45:00,NA,NA,NA,NA,NA,0.348,0.022,2.673,7,7,7,7,7,0,0,0
FCR,100,2026-01-18 00:00:00,NA,NA,NA,NA,NA,0.349,0.022,2.683,7,7,7,7,7,0,0,0
FCR,100,2026-01-18 00:15:00,NA,NA,NA,NA,NA,0.35,0.022,2.702,7,7,7,7,7,0,0,0
FCR,100,2026-01-18 00:30:00,NA,NA,NA,NA,NA,0.348,0.022,2.706,7,7,7,7,7,0,0,0
FCR,100,2026-01-18 00:45:00,NA,NA,NA,NA,NA,0.348,0.022,2.707,7,7,7,7,7,0,0,0
FCR,100,2026-01-18 01:00:00,NA,NA,NA,NA,NA,0.348,0.022,2.706,7,7,7,7,7,0,0,0
FCR,100,2026-01-18 01:15:00,NA,NA,NA,NA,NA,0.348,0.022,2.693,7,7,7,7,7,0,0,0
FCR,100,2026-01-18 01:30:00,NA,NA,NA,NA,NA,0.349,0.022,2.679,7,7,7,7,7,0,0,0
FCR,100,2026-01-18 01:45:00,NA,NA,NA,NA,NA,0.349,0.022,2.67,7,7,7,7,7,0,0,0
FCR,100,2026-01-18 02:00:00,NA,NA,NA,NA,NA,0.348,0.022,2.659,7,7,7,7,7,0,0,0
FCR,100,2026-01-18 02:15:00,NA,NA,NA,NA,NA,0.348,0.022,2.654,7,7,7,7,7,0,0,0
FCR,100,2026-01-18 02:30:00,NA,NA,NA,NA,NA,0.348,0.022,2.654,7,7,7,7,7,0,0,0
FCR,100,2026-01-18 02:45:00,NA,NA,NA,NA,NA,0.349,0.022,2.665,7,7,7,7,7,0,0,0
FCR,100,2026-01-18 03:00:00,NA,NA,NA,NA,NA,0.348,0.022,2.671,7,7,7,7,7,0,0,0
FCR,100,2026-01-18 03:15:00,NA,NA,NA,NA,NA,0.348,0.022,2.674,7,7,7,7,7,0,0,0
FCR,100,2026-01-18 03:30:00,NA,NA,NA,NA,NA,0.349,0.022,2.674,7,7,7,7,7,0,0,0
FCR,100,2026-01-18 03:45:00,NA,NA,NA,NA,NA,0.347,0.022,2.668,7,7,7,7,7,0,0,0
FCR,100,2026-01-18 04:00:00,NA,NA,NA,NA,NA,0.348,0.022,2.66,7,7,7,7,7,0,0,0
FCR,100,2026-01-18 04:15:00,NA,NA,NA,NA,NA,0.348,0.022,2.65,7,7,7,7,7,0,0,0
FCR,100,2026-01-18 04:30:00,NA,NA,NA,NA,NA,0.348,0.022,2.647,7,7,7,7,7,0,0,0
FCR,100,2026-01-18 04:45:00,NA,NA,NA,NA,NA,0.348,0.022,2.631,7,7,7,7,7,0,0,0
FCR,100,2026-01-18 05:00:00,NA,NA,NA,NA,NA,0.347,0.022,2.62,7,7,7,7,7,0,0,0
FCR,100,2026-01-18 05:15:00,NA,NA,NA,NA,NA,0.347,0.022,2.61,7,7,7,7,7,0,0,0
FCR,100,2026-01-18 05:30:00,NA,NA,NA,NA,NA,0.348,0.022,2.579,7,7,7,7,7,0,0,0
FCR,100,2026-01-18 05:45:00,NA,NA,NA,NA,NA,0.347,0.022,2.549,7,7,7,7,7,0,0,0
FCR,100,2026-01-18 06:00:00,NA,NA,NA,NA,NA,0.346,0.021,2.521,7,7,7,7,7,0,0,0
FCR,100,2026-01-18 06:15:00,NA,NA,NA,NA,NA,0.348,0.022,2.487,7,7,7,7,7,0,0,0
FCR,100,2026-01-18 06:30:00,NA,NA,NA,NA,NA,0.347,0.022,2.456,7,7,7,7,7,0,0,0
FCR,100,2026-01-18 06:45:00,NA,NA,NA,NA,NA,0.347,0.022,2.415,7,7,7,7,7,0,0,0
FCR,100,2026-01-18 07:00:00,NA,NA,NA,NA,NA,0.346,0.021,2.364,7,7,7,7,7,0,0,0
FCR,100,2026-01-18 07:15:00,NA,NA,NA,NA,NA,0.346,0.021,2.323,7,7,7,7,7,0,0,0
FCR,100,2026-01-18 07:30:00,NA,NA,NA,NA,NA,0.347,0.022,2.29,7,7,7,7,7,0,0,0
FCR,100,2026-01-18 07:45:00,NA,NA,NA,NA,NA,0.346,0.021,2.269,7,7,7,7,7,0,0,0
FCR,100,2026-01-18 08:00:00,NA,NA,NA,NA,NA,0.347,0.022,2.258,7,7,7,7,7,0,0,0
FCR,100,2026-01-18 08:15:00,NA,NA,NA,NA,NA,0.346,0.021,2.249,7,7,7,7,7,0,0,0
FCR,100,2026-01-18 08:30:00,NA,NA,NA,NA,NA,0.345,0.021,2.232,7,7,7,7,7,0,0,0
FCR,100,2026-01-18 08:45:00,NA,NA,NA,NA,NA,0.345,0.021,2.196,7,7,7,7,7,0,0,0
FCR,100,2026-01-18 09:00:00,NA,NA,NA,NA,NA,0.345,0.021,2.173,7,7,7,7,7,0,0,0
FCR,100,2026-01-18 09:15:00,NA,NA,NA,NA,NA,0.345,0.021,2.152,7,7,7,7,7,0,0,0
FCR,100,2026-01-18 09:30:00,NA,NA,NA,NA,NA,0.345,0.021,2.134,7,7,7,7,7,0,0,0
FCR,100,2026-01-18 09:45:00,NA,NA,NA,NA,NA,0.344,0.021,2.108,7,7,7,7,7,0,0,0
FCR,100,2026-01-18 10:00:00,NA,NA,NA,NA,NA,0.345,0.021,2.095,7,7,7,7,7,0,0,0
FCR,100,2026-01-18 10:15:00,NA,NA,NA,NA,NA,0.345,0.021,2.087,7,7,7,7,7,0,0,0
FCR,100,2026-01-18 10:30:00,NA,NA,NA,NA,NA,0.344,0.021,2.086,7,7,7,7,7,0,0,0
FCR,100,2026-01-18 10:45:00,NA,NA,NA,NA,NA,0.345,0.021,2.099,7,7,7,7,7,0,0,0
FCR,100,2026-01-18 11:00:00,NA,NA,NA,NA,NA,0.345,0.021,2.114,7,7,7,7,7,0,0,0
FCR,100,2026-01-18 11:15:00,NA,NA,NA,NA,NA,0.343,0.021,2.091,7,7,7,7,7,0,0,0
FCR,100,2026-01-18 11:30:00,NA,NA,NA,NA,NA,0.344,0.021,2.06,7,7,7,7,7,0,0,0
FCR,100,2026-01-18 11:45:00,NA,NA,NA,NA,NA,0.345,0.021,2.055,7,7,7,7,7,0,0,0
FCR,100,2026-01-18 12:00:00,NA,NA,NA,NA,NA,0.345,0.021,2.037,7,7,7,7,7,0,0,0
FCR,100,2026-01-18 12:15:00,NA,NA,NA,NA,NA,0.344,0.021,2.027,7,7,7,7,7,0,0,0
FCR,100,2026-01-18 12:30:00,NA,NA,NA,NA,NA,0.345,0.021,2.023,7,7,7,7,7,0,0,0
FCR,100,2026-01-18 12:45:00,NA,NA,NA,NA,NA,0.344,0.021,2.022,7,7,7,7,7,0,0,0
FCR,100,2026-01-18 13:00:00,NA,NA,NA,NA,NA,0.344,0.021,2.001,7,7,7,7,7,0,0,0
FCR,100,2026-01-18 13:15:00,NA,NA,NA,NA,NA,0.344,0.021,1.986,7,7,7,7,7,0,0,0
FCR,100,2026-01-18 13:30:00,NA,NA,NA,NA,NA,0.345,0.021,1.967,7,7,7,7,7,0,0,0
FCR,100,2026-01-18 13:45:00,NA,NA,NA,NA,NA,0.345,0.021,1.949,7,7,7,7,7,0,0,0
FCR,100,2026-01-18 14:00:00,NA,NA,NA,NA,NA,0.343,0.021,1.953,7,7,7,7,7,0,0,0
FCR,100,2026-01-18 14:15:00,NA,NA,NA,NA,NA,0.345,0.021,1.957,7,7,7,7,7,0,0,0
FCR,100,2026-01-18 14:30:00,NA,NA,NA,NA,NA,0.345,0.021,1.928,7,7,7,7,7,0,0,0
FCR,100,2026-01-18 14:45:00,NA,NA,NA,NA,NA,0.344,0.021,1.899,7,7,7,7,7,0,0,0
FCR,100,2026-01-18 15:00:00,NA,NA,NA,NA,NA,0.344,0.021,1.929,7,7,7,7,7,0,0,0
FCR,100,2026-01-18 15:15:00,NA,NA,NA,NA,NA,0.343,0.021,1.988,7,7,7,7,7,0,0,0
FCR,100,2026-01-18 15:30:00,NA,NA,NA,NA,NA,0.344,0.021,2.072,7,7,7,7,7,0,0,0
FCR,100,2026-01-18 15:45:00,NA,NA,NA,NA,NA,0.343,0.021,2.036,7,7,7,7,7,0,0,0
FCR,100,2026-01-18 16:00:00,NA,NA,NA,NA,NA,0.344,0.021,1.967,7,7,7,7,7,0,0,0
FCR,100,2026-01-18 16:15:00,NA,NA,NA,NA,NA,0.343,0.021,1.873,7,7,7,7,7,0,0,0
FCR,100,2026-01-18 16:30:00,NA,NA,NA,NA,NA,0.343,0.021,1.793,7,7,7,7,7,0,0,0
FCR,100,2026-01-18 16:45:00,NA,NA,NA,NA,NA,0.343,0.021,1.725,7,7,7,7,7,0,0,0
FCR,100,2026-01-18 17:00:00,NA,NA,NA,NA,NA,0.343,0.021,1.637,7,7,7,7,7,0,0,0
FCR,100,2026-01-18 17:15:00,NA,NA,NA,NA,NA,0.343,0.021,1.549,7,7,7,7,7,0,0,0
FCR,100,2026-01-18 17:30:00,NA,NA,NA,NA,NA,0.342,0.02,1.475,7,7,7,7,7,0,0,0
FCR,100,2026-01-18 17:45:00,NA,NA,NA,NA,NA,0.342,0.02,1.397,7,7,7,7,7,0,0,0
FCR,100,2026-01-18 18:00:00,NA,NA,NA,NA,NA,0.342,0.02,1.326,7,7,7,7,7,0,0,0
FCR,100,2026-01-18 18:15:00,NA,NA,NA,NA,NA,0.342,0.02,1.267,7,7,7,7,7,0,0,0
FCR,100,2026-01-18 18:30:00,NA,NA,NA,NA,NA,0.342,0.02,1.223,7,7,7,7,7,0,0,0
FCR,100,2026-01-18 18:45:00,NA,NA,NA,NA,NA,0.341,0.02,1.158,7,7,7,7,7,0,0,0
FCR,100,2026-01-18 19:00:00,NA,NA,NA,NA,NA,0.341,0.02,1.089,7,7,7,7,7,0,0,0
FCR,100,2026-01-18 19:15:00,NA,NA,NA,NA,NA,0.341,0.02,1.046,7,7,7,7,7,0,0,0
FCR,100,2026-01-18 19:30:00,NA,NA,NA,NA,NA,0.34,0.02,0.993,7,7,7,7,7,0,0,0
FCR,100,2026-01-18 19:45:00,NA,NA,NA,NA,NA,0.341,0.02,0.928,7,7,7,7,7,0,0,0
FCR,100,2026-01-18 20:00:00,NA,NA,NA,NA,NA,0.34,0.02,0.908,7,7,7,7,7,0,0,0
FCR,100,2026-01-18 20:15:00,NA,NA,NA,NA,NA,0.34,0.02,0.853,7,7,7,7,7,0,0,0
FCR,100,2026-01-18 20:30:00,NA,NA,NA,NA,NA,0.341,0.02,0.826,7,7,7,7,7,0,0,0
FCR,100,2026-01-18 20:45:00,NA,NA,NA,NA,NA,0.34,0.02,0.782,7,7,7,7,7,0,0,0
FCR,100,2026-01-18 21:00:00,NA,NA,NA,NA,NA,0.339,0.02,0.734,7,7,7,7,7,0,0,0
FCR,100,2026-01-18 21:15:00,NA,NA,NA,NA,NA,0.34,0.02,0.688,7,7,7,7,7,0,0,0
FCR,100,2026-01-18 21:30:00,NA,NA,NA,NA,NA,0.34,0.02,0.65,7,7,7,7,7,0,0,0
FCR,100,2026-01-18 21:45:00,NA,NA,NA,NA,NA,0.338,0.019,0.599,7,7,7,7,7,0,0,0
FCR,100,2026-01-18 22:00:00,NA,NA,NA,NA,NA,0.339,0.02,0.565,7,7,7,7,7,0,0,0
FCR,100,2026-01-18 22:15:00,NA,NA,NA,NA,NA,0.339,0.02,0.534,7,7,7,7,7,0,0,0
FCR,100,2026-01-18 22:30:00,NA,NA,NA,NA,NA,0.339,0.02,0.503,7,7,7,7,7,0,0,0
FCR,100,2026-01-18 22:45:00,NA,NA,NA,NA,NA,0.338,0.019,0.479,7,7,7,7,7,0,0,0
FCR,100,2026-01-18 23:00:00,NA,NA,NA,NA,NA,0.339,0.02,0.448,7,7,7,7,7,0,0,0
FCR,100,2026-01-18 23:15:00,NA,NA,NA,NA,NA,0.338,0.019,0.416,7,7,7,7,7,0,0,0
FCR,100,2026-01-18 23:30:00,NA,NA,NA,NA,NA,0.338,0.019,0.374,7,7,7,7,7,0,0,0
FCR,100,2026-01-18 23:45:00,NA,NA,NA,NA,NA,0.338,0.019,0.348,7,7,7,7,7,0,0,0
FCR,100,2026-01-19 00:00:00,NA,NA,NA,NA,NA,0.338,0.019,0.321,7,7,7,7,7,0,0,0
FCR,100,2026-01-19 00:15:00,NA,NA,NA,NA,NA,0.338,0.019,0.297,7,7,7,7,7,0,0,0
FCR,100,2026-01-19 00:30:00,NA,NA,NA,NA,NA,0.338,0.019,0.269,7,7,7,7,7,0,0,0
FCR,100,2026-01-19 00:45:00,NA,NA,NA,NA,NA,0.337,0.019,0.248,7,7,7,7,7,0,0,0
FCR,100,2026-01-19 01:00:00,NA,NA,NA,NA,NA,0.338,0.019,0.232,7,7,7,7,7,0,0,0
FCR,100,2026-01-19 01:15:00,NA,NA,NA,NA,NA,0.337,0.019,0.221,7,7,7,7,7,0,0,0
FCR,100,2026-01-19 01:30:00,NA,NA,NA,NA,NA,0.337,0.019,0.207,7,7,7,7,7,0,0,0
FCR,100,2026-01-19 01:45:00,NA,NA,NA,NA,NA,0.338,0.019,0.192,7,7,7,7,7,0,0,0
FCR,100,2026-01-19 02:00:00,NA,NA,NA,NA,NA,0.337,0.019,0.188,7,7,7,7,7,0,0,0
FCR,100,2026-01-19 02:15:00,NA,NA,NA,NA,NA,0.338,0.019,0.168,7,7,7,7,7,0,0,0
FCR,100,2026-01-19 02:30:00,NA,NA,NA,NA,NA,0.338,0.019,0.154,7,7,7,7,7,0,0,0
FCR,100,2026-01-19 02:45:00,NA,NA,NA,NA,NA,0.338,0.019,0.144,7,7,7,7,7,0,0,0
FCR,100,2026-01-19 03:00:00,NA,NA,NA,NA,NA,0.337,0.019,0.13,7,7,7,7,7,0,0,0
FCR,100,2026-01-19 03:15:00,NA,NA,NA,NA,NA,0.337,0.019,0.118,7,7,7,7,7,0,0,0
FCR,100,2026-01-19 03:30:00,NA,NA,NA,NA,NA,0.337,0.019,0.105,7,7,7,7,7,0,0,0
FCR,100,2026-01-19 03:45:00,NA,NA,NA,NA,NA,0.337,0.019,0.095,7,7,7,7,7,0,0,0
FCR,100,2026-01-19 04:00:00,NA,NA,NA,NA,NA,0.337,0.019,0.091,7,7,7,7,7,0,0,0
FCR,100,2026-01-19 04:15:00,NA,NA,NA,NA,NA,0.337,0.019,0.079,7,7,7,7,7,0,0,0
FCR,100,2026-01-19 04:30:00,NA,NA,NA,NA,NA,0.337,0.019,0.078,7,7,7,7,7,0,0,0
FCR,100,2026-01-19 04:45:00,NA,NA,NA,NA,NA,0.337,0.019,0.069,7,7,7,7,7,0,0,0
FCR,100,2026-01-19 05:00:00,NA,NA,NA,NA,NA,0.337,0.019,0.054,7,7,7,7,7,0,0,0
FCR,100,2026-01-19 05:15:00,NA,NA,NA,NA,NA,0.337,0.019,0.039,7,7,7,7,7,0,0,0
FCR,100,2026-01-19 05:30:00,NA,NA,NA,NA,NA,0.336,0.019,0.021,7,7,7,7,7,0,0,0
FCR,100,2026-01-19 05:45:00,NA,NA,NA,NA,NA,0.336,0.019,0.018,7,7,7,7,7,0,0,0
FCR,100,2026-01-19 06:00:00,NA,NA,NA,NA,NA,0.336,0.019,0.015,7,7,7,7,7,0,0,0
FCR,100,2026-01-19 06:15:00,NA,NA,NA,NA,NA,0.336,0.019,0.011,7,7,7,7,7,0,0,0
FCR,100,2026-01-19 06:30:00,NA,NA,NA,NA,NA,0.336,0.019,0.002,7,7,7,7,7,0,0,0
FCR,100,2026-01-19 06:45:00,NA,NA,NA,NA,NA,0.336,0.019,0.001,7,7,7,7,7,0,0,0
FCR,100,2026-01-19 07:00:00,NA,NA,NA,NA,NA,0.335,0.019,-0.011,7,7,7,7,7,0,0,0
FCR,100,2026-01-19 07:15:00,NA,NA,NA,NA,NA,0.336,0.019,-0.017,7,7,7,7,7,0,0,0
FCR,100,2026-01-19 07:30:00,NA,NA,NA,NA,NA,0.335,0.019,-0.028,7,7,7,7,7,0,0,0
FCR,100,2026-01-19 07:45:00,NA,NA,NA,NA,NA,0.335,0.019,-0.027,7,7,7,7,7,0,0,0
FCR,100,2026-01-19 08:00:00,NA,NA,NA,NA,NA,0.335,0.019,-0.031,7,7,7,7,7,0,0,0
FCR,100,2026-01-19 08:15:00,NA,NA,NA,NA,NA,0.336,0.019,-0.03,7,7,7,7,7,0,0,0
FCR,100,2026-01-19 08:30:00,NA,NA,NA,NA,NA,0.335,0.019,-0.028,7,7,7,7,7,0,0,0
FCR,100,2026-01-19 08:45:00,NA,NA,NA,NA,NA,0.335,0.019,-0.025,7,7,7,7,7,0,0,0
FCR,100,2026-01-19 09:00:00,NA,NA,NA,NA,NA,0.334,0.019,-0.02,7,7,7,7,7,0,0,0
FCR,100,2026-01-19 09:15:00,NA,NA,NA,NA,NA,0.335,0.019,-0.014,7,7,7,7,7,0,0,0
FCR,100,2026-01-19 09:30:00,NA,NA,NA,NA,NA,0.335,0.019,-0.01,7,7,7,7,7,0,0,0
FCR,100,2026-01-19 09:45:00,NA,NA,NA,NA,NA,0.335,0.019,-0.001,7,7,7,7,7,0,0,0
FCR,100,2026-01-19 10:00:00,NA,NA,NA,NA,NA,0.336,0.019,0.013,7,7,7,7,7,0,0,0
FCR,100,2026-01-19 10:15:00,NA,NA,NA,NA,NA,0.336,0.019,0.027,7,7,7,7,7,0,0,0
FCR,100,2026-01-19 10:30:00,NA,NA,NA,NA,NA,0.335,0.019,0.05,7,7,7,7,7,0,0,0
FCR,100,2026-01-19 10:45:00,NA,NA,NA,NA,NA,0.336,0.019,0.085,7,7,7,7,7,0,0,0
FCR,100,2026-01-19 11:00:00,NA,NA,NA,NA,NA,0.337,0.019,0.133,7,7,7,7,7,0,0,0
FCR,100,2026-01-19 11:15:00,NA,NA,NA,NA,NA,0.336,0.019,0.192,7,7,7,7,7,0,0,0
FCR,100,2026-01-19 11:30:00,NA,NA,NA,NA,NA,0.336,0.019,0.274,7,7,7,7,7,0,0,0
FCR,100,2026-01-19 11:45:00,NA,NA,NA,NA,NA,0.335,0.019,0.332,7,7,7,7,7,0,0,0
FCR,100,2026-01-19 12:00:00,NA,NA,NA,NA,NA,0.338,0.019,0.443,7,7,7,7,7,0,0,0
FCR,100,2026-01-19 12:15:00,NA,NA,NA,NA,NA,0.336,0.019,0.574,7,7,7,7,7,0,0,0
FCR,100,2026-01-19 12:30:00,NA,NA,NA,NA,NA,0.338,0.019,0.691,7,7,7,7,7,0,0,0
FCR,100,2026-01-19 12:45:00,NA,NA,NA,NA,NA,0.338,0.019,0.823,7,7,7,7,7,0,0,0
FCR,100,2026-01-19 13:00:00,NA,NA,NA,NA,NA,0.337,0.019,0.964,7,7,7,7,7,0,0,0
FCR,100,2026-01-19 13:15:00,NA,NA,NA,NA,NA,0.339,0.02,1.103,7,7,7,7,7,0,0,0
FCR,100,2026-01-19 13:30:00,NA,NA,NA,NA,NA,0.337,0.019,1.225,7,7,7,7,7,0,0,0
FCR,100,2026-01-19 13:45:00,NA,NA,NA,NA,NA,0.339,0.02,1.35,7,7,7,7,7,0,0,0
FCR,100,2026-01-19 14:00:00,NA,NA,NA,NA,NA,0.339,0.02,1.482,7,7,7,7,7,0,0,0
FCR,100,2026-01-19 14:15:00,NA,NA,NA,NA,NA,0.339,0.02,1.564,7,7,7,7,7,0,0,0
FCR,100,2026-01-19 14:30:00,NA,NA,NA,NA,NA,0.339,0.02,1.65,7,7,7,7,7,0,0,0
FCR,100,2026-01-19 14:45:00,NA,NA,NA,NA,NA,0.339,0.02,1.739,7,7,7,7,7,0,0,0
FCR,100,2026-01-19 15:00:00,NA,NA,NA,NA,NA,0.339,0.02,1.817,7,7,7,7,7,0,0,0
FCR,100,2026-01-19 15:15:00,NA,NA,NA,NA,NA,0.34,0.02,1.896,7,7,7,7,7,0,0,0
FCR,100,2026-01-19 15:30:00,NA,NA,NA,NA,NA,0.34,0.02,1.901,7,7,7,7,7,0,0,0
FCR,100,2026-01-19 15:45:00,NA,NA,NA,NA,NA,0.339,0.02,1.901,7,7,7,7,7,0,0,0
FCR,100,2026-01-19 16:00:00,NA,NA,NA,NA,NA,0.338,0.019,1.899,7,7,7,7,7,0,0,0
FCR,100,2026-01-19 16:15:00,NA,NA,NA,NA,NA,0.339,0.02,1.867,7,7,7,7,7,0,0,0
FCR,100,2026-01-19 16:30:00,NA,NA,NA,NA,NA,0.339,0.02,1.837,7,7,7,7,7,0,0,0
FCR,100,2026-01-19 16:45:00,NA,NA,NA,NA,NA,0.338,0.019,1.817,7,7,7,7,7,0,0,0
FCR,100,2026-01-19 17:00:00,NA,NA,NA,NA,NA,0.339,0.02,1.78,7,7,7,7,7,0,0,0
FCR,100,2026-01-19 17:15:00,NA,NA,NA,NA,NA,0.338,0.019,1.723,7,7,7,7,7,0,0,0
FCR,100,2026-01-19 17:30:00,NA,NA,NA,NA,NA,0.337,0.019,1.659,7,7,7,7,7,0,0,0
FCR,100,2026-01-19 17:45:00,NA,NA,NA,NA,NA,0.338,0.019,1.586,7,7,7,7,7,0,0,0
FCR,100,2026-01-19 18:00:00,NA,NA,NA,NA,NA,0.338,0.019,1.521,7,7,7,7,7,0,0,0
FCR,100,2026-01-19 18:15:00,NA,NA,NA,NA,NA,0.336,0.019,1.462,7,7,7,7,7,0,0,0
FCR,100,2026-01-19 18:30:00,NA,NA,NA,NA,NA,0.336,0.019,1.4,7,7,7,7,7,0,0,0
FCR,100,2026-01-19 18:45:00,NA,NA,NA,NA,NA,0.337,0.019,1.331,7,7,7,7,7,0,0,0
FCR,100,2026-01-19 19:00:00,NA,NA,NA,NA,NA,0.336,0.019,1.256,7,7,7,7,7,0,0,0
FCR,100,2026-01-19 19:15:00,NA,NA,NA,NA,NA,0.337,0.019,1.191,7,7,7,7,7,0,0,0
FCR,100,2026-01-19 19:30:00,NA,NA,NA,NA,NA,0.335,0.019,1.139,7,7,7,7,7,0,0,0
FCR,100,2026-01-19 19:45:00,NA,NA,NA,NA,NA,0.336,0.019,1.098,7,7,7,7,7,0,0,0
FCR,100,2026-01-19 20:00:00,NA,NA,NA,NA,NA,0.336,0.019,1.042,7,7,7,7,7,0,0,0
FCR,100,2026-01-19 20:15:00,NA,NA,NA,NA,NA,0.336,0.019,0.997,7,7,7,7,7,0,0,0
FCR,100,2026-01-19 20:30:00,NA,NA,NA,NA,NA,0.335,0.019,0.975,7,7,7,7,7,0,0,0
FCR,100,2026-01-19 20:45:00,NA,NA,NA,NA,NA,0.335,0.019,0.952,7,7,7,7,7,0,0,0
FCR,100,2026-01-19 21:00:00,NA,NA,NA,NA,NA,0.336,0.019,0.91,7,7,7,7,7,0,0,0
FCR,100,2026-01-19 21:15:00,NA,NA,NA,NA,NA,0.335,0.019,0.838,7,7,7,7,7,0,0,0
FCR,100,2026-01-19 21:30:00,NA,NA,NA,NA,NA,0.335,0.019,0.786,7,7,7,7,7,0,0,0
FCR,100,2026-01-19 21:45:00,NA,NA,NA,NA,NA,0.335,0.019,0.734,7,7,7,7,7,0,0,0
FCR,100,2026-01-19 22:00:00,NA,NA,NA,NA,NA,0.334,0.019,0.679,7,7,7,7,7,0,0,0
FCR,100,2026-01-19 22:15:00,NA,NA,NA,NA,NA,0.334,0.019,0.62,7,7,7,7,7,0,0,0
FCR,100,2026-01-19 22:30:00,NA,NA,NA,NA,NA,0.335,0.019,0.573,7,7,7,7,7,0,0,0
FCR,100,2026-01-19 22:45:00,NA,NA,NA,NA,NA,0.334,0.019,0.549,7,7,7,7,7,0,0,0
FCR,100,2026-01-19 23:00:00,NA,NA,NA,NA,NA,0.332,0.018,0.511,7,7,7,7,7,0,0,0
FCR,100,2026-01-19 23:15:00,NA,NA,NA,NA,NA,0.333,0.018,0.471,7,7,7,7,7,0,0,0
FCR,100,2026-01-19 23:30:00,NA,NA,NA,NA,NA,0.333,0.018,0.439,7,7,7,7,7,0,0,0
FCR,100,2026-01-19 23:45:00,NA,NA,NA,NA,NA,0.333,0.018,0.396,7,7,7,7,7,0,0,0
FCR,100,2026-01-20 00:00:00,NA,NA,NA,NA,NA,0.332,0.018,0.338,7,7,7,7,7,0,0,0
FCR,100,2026-01-20 00:15:00,NA,NA,NA,NA,NA,0.333,0.018,0.303,7,7,7,7,7,0,0,0
FCR,100,2026-01-20 00:30:00,NA,NA,NA,NA,NA,0.332,0.018,0.272,7,7,7,7,7,0,0,0
FCR,100,2026-01-20 00:45:00,NA,NA,NA,NA,NA,0.332,0.018,0.238,7,7,7,7,7,0,0,0
FCR,100,2026-01-20 01:00:00,NA,NA,NA,NA,NA,0.331,0.018,0.168,7,7,7,7,7,0,0,0
FCR,100,2026-01-20 01:15:00,NA,NA,NA,NA,NA,0.332,0.018,0.128,7,7,7,7,7,0,0,0
FCR,100,2026-01-20 01:30:00,NA,NA,NA,NA,NA,0.332,0.018,0.087,7,7,7,7,7,0,0,0
FCR,100,2026-01-20 01:45:00,NA,NA,NA,NA,NA,0.331,0.018,0.043,7,7,7,7,7,0,0,0
FCR,100,2026-01-20 02:00:00,NA,NA,NA,NA,NA,0.331,0.018,-0.007,7,7,7,7,7,0,0,0
FCR,100,2026-01-20 02:15:00,NA,NA,NA,NA,NA,0.331,0.018,-0.059,7,7,7,7,7,0,0,0
FCR,100,2026-01-20 02:30:00,NA,NA,NA,NA,NA,0.328,0.017,-0.077,7,7,7,7,7,0,0,0
FCR,100,2026-01-20 02:45:00,NA,NA,NA,NA,NA,0.329,0.017,-0.05,7,7,7,7,7,0,0,0
FCR,100,2026-01-20 03:00:00,NA,NA,NA,NA,NA,0.33,0.018,-0.047,7,7,7,7,7,0,0,0
FCR,100,2026-01-20 03:15:00,NA,NA,NA,NA,NA,0.333,0.018,-0.042,7,7,7,7,7,0,0,0
FCR,100,2026-01-20 03:30:00,NA,NA,NA,NA,NA,0.333,0.018,-0.045,7,7,7,7,7,0,0,0
FCR,100,2026-01-20 03:45:00,NA,NA,NA,NA,NA,0.332,0.018,-0.045,7,7,7,7,7,0,0,0
FCR,100,2026-01-20 04:00:00,NA,NA,NA,NA,NA,0.333,0.018,-0.043,7,7,7,7,7,0,0,0
FCR,100,2026-01-20 04:15:00,NA,NA,NA,NA,NA,0.332,0.018,-0.042,7,7,7,7,7,0,0,0
FCR,100,2026-01-20 04:30:00,NA,NA,NA,NA,NA,0.331,0.018,-0.04,7,7,7,7,7,0,0,0
FCR,100,2026-01-20 04:45:00,NA,NA,NA,NA,NA,0.333,0.018,-0.039,7,7,7,7,7,0,0,0
FCR,100,2026-01-20 05:00:00,NA,NA,NA,NA,NA,0.334,0.019,-0.039,7,7,7,7,7,0,0,0
FCR,100,2026-01-20 05:15:00,NA,NA,NA,NA,NA,0.336,0.019,-0.038,7,7,7,7,7,0,0,0
FCR,100,2026-01-20 05:30:00,NA,NA,NA,NA,NA,0.337,0.019,-0.035,7,7,7,7,7,0,0,0
FCR,100,2026-01-20 05:45:00,NA,NA,NA,NA,NA,0.338,0.019,-0.037,7,7,7,7,7,0,0,0
FCR,100,2026-01-20 06:00:00,NA,NA,NA,NA,NA,0.338,0.019,-0.035,7,7,7,7,7,0,0,0
FCR,100,2026-01-20 06:15:00,NA,NA,NA,NA,NA,0.341,0.02,-0.035,7,7,7,7,7,0,0,0
FCR,100,2026-01-20 06:30:00,NA,NA,NA,NA,NA,0.341,0.02,-0.035,7,7,7,7,7,0,0,0
FCR,100,2026-01-20 06:45:00,NA,NA,NA,NA,NA,0.34,0.02,-0.035,7,7,7,7,7,0,0,0
FCR,100,2026-01-20 07:00:00,NA,NA,NA,NA,NA,0.338,0.019,-0.034,7,7,7,7,7,0,0,0
FCR,100,2026-01-20 07:15:00,NA,NA,NA,NA,NA,0.339,0.02,-0.035,7,7,7,7,7,0,0,0
FCR,100,2026-01-20 07:30:00,NA,NA,NA,NA,NA,0.339,0.02,-0.034,7,7,7,7,7,0,0,0
FCR,100,2026-01-20 07:45:00,NA,NA,NA,NA,NA,0.339,0.02,-0.033,7,7,7,7,7,0,0,0
FCR,100,2026-01-20 08:00:00,NA,NA,NA,NA,NA,0.338,0.019,-0.032,7,7,7,7,7,0,0,0
FCR,100,2026-01-20 08:15:00,NA,NA,NA,NA,NA,0.339,0.02,-0.031,7,7,7,7,7,0,0,0
FCR,100,2026-01-20 08:30:00,NA,NA,NA,NA,NA,0.337,0.019,-0.03,7,7,7,7,7,0,0,0
FCR,100,2026-01-20 08:45:00,NA,NA,NA,NA,NA,0.337,0.019,-0.029,7,7,7,7,7,0,0,0
FCR,100,2026-01-20 09:00:00,NA,NA,NA,NA,NA,0.328,0.017,-0.028,7,7,7,7,7,0,0,0
FCR,100,2026-01-20 09:15:00,NA,NA,NA,NA,NA,0.329,0.017,-0.027,7,7,7,7,7,0,0,0
FCR,100,2026-01-20 09:30:00,NA,NA,NA,NA,NA,0.329,0.017,-0.025,7,7,7,7,7,0,0,0
FCR,100,2026-01-20 09:45:00,NA,NA,NA,NA,NA,0.33,0.018,-0.024,7,7,7,7,7,0,0,0
FCR,100,2026-01-20 10:00:00,NA,NA,NA,NA,NA,0.33,0.018,-0.022,7,7,7,7,7,0,0,0
FCR,100,2026-01-20 10:15:00,NA,NA,NA,NA,NA,0.332,0.018,-0.017,7,7,7,7,7,0,0,0
FCR,100,2026-01-20 10:30:00,NA,NA,NA,NA,NA,0.333,0.018,-0.014,7,7,7,7,7,0,0,0
FCR,100,2026-01-20 10:45:00,NA,NA,NA,NA,NA,0.334,0.019,-0.009,7,7,7,7,7,0,0,0
FCR,100,2026-01-20 11:00:00,NA,NA,NA,NA,NA,0.335,0.019,-0.002,7,7,7,7,7,0,0,0
FCR,100,2026-01-20 11:15:00,NA,NA,NA,NA,NA,0.338,0.019,0.007,7,7,7,7,7,0,0,0
FCR,100,2026-01-20 11:30:00,NA,NA,NA,NA,NA,0.34,0.02,0.018,7,7,7,7,7,0,0,0
FCR,100,2026-01-20 11:45:00,NA,NA,NA,NA,NA,0.342,0.02,0.019,7,7,7,7,7,0,0,0
FCR,100,2026-01-20 12:00:00,NA,NA,NA,NA,NA,0.346,0.021,0.02,7,7,7,7,7,0,0,0
FCR,100,2026-01-20 12:15:00,NA,NA,NA,NA,NA,0.351,0.023,0.03,7,7,7,7,7,0,0,0
FCR,100,2026-01-20 12:30:00,NA,NA,NA,NA,NA,0.351,0.023,0.03,7,7,7,7,7,0,0,0
FCR,100,2026-01-20 12:45:00,NA,NA,NA,NA,NA,0.354,0.023,0.028,7,7,7,7,7,0,0,0
FCR,100,2026-01-20 13:00:00,NA,NA,NA,NA,NA,0.351,0.023,0.036,7,7,7,7,7,0,0,0
FCR,100,2026-01-20 13:15:00,NA,NA,NA,NA,NA,0.347,0.022,0.043,7,7,7,7,7,0,0,0
FCR,100,2026-01-20 13:30:00,NA,NA,NA,NA,NA,0.34,0.02,0.059,7,7,7,7,7,0,0,0
FCR,100,2026-01-20 13:45:00,NA,NA,NA,NA,NA,0.336,0.019,0.082,7,7,7,7,7,0,0,0
FCR,100,2026-01-20 14:00:00,NA,NA,NA,NA,NA,0.334,0.019,0.109,7,7,7,7,7,0,0,0
FCR,100,2026-01-20 14:15:00,NA,NA,NA,NA,NA,0.332,0.018,0.128,7,7,7,7,7,0,0,0
FCR,100,2026-01-20 14:30:00,NA,NA,NA,NA,NA,0.332,0.018,0.135,7,7,7,7,7,0,0,0
FCR,100,2026-01-20 14:45:00,NA,NA,NA,NA,NA,0.331,0.018,0.144,7,7,7,7,7,0,0,0
FCR,100,2026-01-20 15:00:00,NA,NA,NA,NA,NA,0.33,0.018,0.151,7,7,7,7,7,0,0,0
FCR,100,2026-01-20 15:15:00,NA,NA,NA,NA,NA,0.33,0.018,0.162,7,7,7,7,7,0,0,0
FCR,100,2026-01-20 15:30:00,NA,NA,NA,NA,NA,0.33,0.018,0.148,7,7,7,7,7,0,0,0
FCR,100,2026-01-20 15:45:00,NA,NA,NA,NA,NA,0.33,0.018,0.138,7,7,7,7,7,0,0,0
FCR,100,2026-01-20 16:00:00,NA,NA,NA,NA,NA,0.33,0.018,0.131,7,7,7,7,7,0,0,0
FCR,100,2026-01-20 16:15:00,NA,NA,NA,NA,NA,0.33,0.018,0.132,7,7,7,7,7,0,0,0
FCR,100,2026-01-20 16:30:00,NA,NA,NA,NA,NA,0.329,0.017,0.137,7,7,7,7,7,0,0,0
FCR,100,2026-01-20 16:45:00,NA,NA,NA,NA,NA,0.329,0.017,0.148,7,7,7,7,7,0,0,0
FCR,100,2026-01-20 17:00:00,NA,NA,NA,NA,NA,0.329,0.017,0.151,7,7,7,7,7,0,0,0
FCR,100,2026-01-20 17:15:00,NA,NA,NA,NA,NA,0.329,0.017,0.151,7,7,7,7,7,0,0,0
FCR,100,2026-01-20 17:30:00,NA,NA,NA,NA,NA,0.329,0.017,0.151,7,7,7,7,7,0,0,0
FCR,100,2026-01-20 17:45:00,NA,NA,NA,NA,NA,0.329,0.017,0.149,7,7,7,7,7,0,0,0
FCR,100,2026-01-20 18:00:00,NA,NA,NA,NA,NA,0.328,0.017,0.142,7,7,7,7,7,0,0,0
FCR,100,2026-01-20 18:15:00,NA,NA,NA,NA,NA,0.328,0.017,0.131,7,7,7,7,7,0,0,0
FCR,100,2026-01-20 18:30:00,NA,NA,NA,NA,NA,0.328,0.017,0.114,7,7,7,7,7,0,0,0
FCR,100,2026-01-20 18:45:00,NA,NA,NA,NA,NA,0.328,0.017,0.092,7,7,7,7,7,0,0,0
FCR,100,2026-01-20 19:00:00,NA,NA,NA,NA,NA,0.328,0.017,0.074,7,7,7,7,7,0,0,0
FCR,100,2026-01-20 19:15:00,NA,NA,NA,NA,NA,0.326,0.017,0.055,7,7,7,7,7,0,0,0
FCR,100,2026-01-20 19:30:00,NA,NA,NA,NA,NA,0.328,0.017,0.032,7,7,7,7,7,0,0,0
FCR,100,2026-01-20 19:45:00,NA,NA,NA,NA,NA,0.326,0.017,0.015,7,7,7,7,7,0,0,0
FCR,100,2026-01-20 20:00:00,NA,NA,NA,NA,NA,0.327,0.017,0,7,7,7,7,7,0,0,0
FCR,100,2026-01-20 20:15:00,NA,NA,NA,NA,NA,0.326,0.017,-0.018,7,7,7,7,7,0,0,0
FCR,100,2026-01-20 20:30:00,NA,NA,NA,NA,NA,0.326,0.017,-0.034,7,7,7,7,7,0,0,0
FCR,100,2026-01-20 20:45:00,NA,NA,NA,NA,NA,0.326,0.017,-0.044,7,7,7,7,7,0,0,0
FCR,100,2026-01-20 21:00:00,NA,NA,NA,NA,NA,0.325,0.017,-0.05,7,7,7,7,7,0,0,0
FCR,100,2026-01-20 21:15:00,NA,NA,NA,NA,NA,0.325,0.017,-0.047,7,7,7,7,7,0,0,0
FCR,100,2026-01-20 21:30:00,NA,NA,NA,NA,NA,0.324,0.016,-0.043,7,7,7,7,7,0,0,0
FCR,100,2026-01-20 21:45:00,NA,NA,NA,NA,NA,0.324,0.016,-0.04,7,7,7,7,7,0,0,0
FCR,100,2026-01-20 22:00:00,NA,NA,NA,NA,NA,0.322,0.016,-0.039,7,7,7,7,7,0,0,0
FCR,100,2026-01-20 22:15:00,NA,NA,NA,NA,NA,0.322,0.016,-0.039,7,7,7,7,7,0,0,0
FCR,100,2026-01-20 22:30:00,NA,NA,NA,NA,NA,0.321,0.016,-0.037,7,7,7,7,7,0,0,0
FCR,100,2026-01-20 22:45:00,NA,NA,NA,NA,NA,0.321,0.016,-0.037,7,7,7,7,7,0,0,0
FCR,100,2026-01-20 23:00:00,NA,NA,NA,NA,NA,0.321,0.016,-0.036,7,7,7,7,7,0,0,0
FCR,100,2026-01-20 23:15:00,NA,NA,NA,NA,NA,0.321,0.016,-0.036,7,7,7,7,7,0,0,0
FCR,100,2026-01-20 23:30:00,NA,NA,NA,NA,NA,0.321,0.016,-0.035,7,7,7,7,7,0,0,0
FCR,100,2026-01-20 23:45:00,NA,NA,NA,NA,NA,0.322,0.016,-0.035,7,7,7,7,7,0,0,0
FCR,100,2026-01-21 00:00:00,NA,NA,NA,NA,NA,0.321,0.016,-0.035,7,7,7,7,7,0,0,0
FCR,100,2026-01-21 00:15:00,NA,NA,NA,NA,NA,0.32,0.016,-0.035,7,7,7,7,7,0,0,0
FCR,100,2026-01-21 00:30:00,NA,NA,NA,NA,NA,0.321,0.016,-0.034,7,7,7,7,7,0,0,0
FCR,100,2026-01-21 00:45:00,NA,NA,NA,NA,NA,0.321,0.016,-0.034,7,7,7,7,7,0,0,0
FCR,100,2026-01-21 01:00:00,NA,NA,NA,NA,NA,0.321,0.016,-0.033,7,7,7,7,7,0,0,0
FCR,100,2026-01-21 01:15:00,NA,NA,NA,NA,NA,0.321,0.016,-0.033,7,7,7,7,7,0,0,0
FCR,100,2026-01-21 01:30:00,NA,NA,NA,NA,NA,0.321,0.016,-0.032,7,7,7,7,7,0,0,0
FCR,100,2026-01-21 01:45:00,NA,NA,NA,NA,NA,0.321,0.016,-0.032,7,7,7,7,7,0,0,0
FCR,100,2026-01-21 02:00:00,NA,NA,NA,NA,NA,0.321,0.016,-0.032,7,7,7,7,7,0,0,0
FCR,100,2026-01-21 02:15:00,NA,NA,NA,NA,NA,0.321,0.016,-0.031,7,7,7,7,7,0,0,0
FCR,100,2026-01-21 02:30:00,NA,NA,NA,NA,NA,0.322,0.016,-0.031,7,7,7,7,7,0,0,0
FCR,100,2026-01-21 02:45:00,NA,NA,NA,NA,NA,0.322,0.016,-0.031,7,7,7,7,7,0,0,0
FCR,100,2026-01-21 03:00:00,NA,NA,NA,NA,NA,0.323,0.016,-0.03,7,7,7,7,7,0,0,0
FCR,100,2026-01-21 03:15:00,NA,NA,NA,NA,NA,0.323,0.016,-0.03,7,7,7,7,7,0,0,0
FCR,100,2026-01-21 03:30:00,NA,NA,NA,NA,NA,0.323,0.016,-0.029,7,7,7,7,7,0,0,0
FCR,100,2026-01-21 03:45:00,NA,NA,NA,NA,NA,0.324,0.016,-0.029,7,7,7,7,7,0,0,0
FCR,100,2026-01-21 04:00:00,NA,NA,NA,NA,NA,0.325,0.017,-0.029,7,7,7,7,7,0,0,0
FCR,100,2026-01-21 04:15:00,NA,NA,NA,NA,NA,0.325,0.017,-0.029,7,7,7,7,7,0,0,0
FCR,100,2026-01-21 04:30:00,NA,NA,NA,NA,NA,0.325,0.017,-0.028,7,7,7,7,7,0,0,0
FCR,100,2026-01-21 04:45:00,NA,NA,NA,NA,NA,0.326,0.017,-0.028,7,7,7,7,7,0,0,0
FCR,100,2026-01-21 05:00:00,NA,NA,NA,NA,NA,0.327,0.017,-0.028,7,7,7,7,7,0,0,0
FCR,100,2026-01-21 05:15:00,NA,NA,NA,NA,NA,0.325,0.017,-0.028,7,7,7,7,7,0,0,0
FCR,100,2026-01-21 05:30:00,NA,NA,NA,NA,NA,0.325,0.017,-0.028,7,7,7,7,7,0,0,0
FCR,100,2026-01-21 05:45:00,NA,NA,NA,NA,NA,0.325,0.017,-0.028,7,7,7,7,7,0,0,0
FCR,100,2026-01-21 06:00:00,NA,NA,NA,NA,NA,0.325,0.017,-0.027,7,7,7,7,7,0,0,0
FCR,100,2026-01-21 06:15:00,NA,NA,NA,NA,NA,0.325,0.017,-0.027,7,7,7,7,7,0,0,0
FCR,100,2026-01-21 06:30:00,NA,NA,NA,NA,NA,0.325,0.017,-0.027,7,7,7,7,7,0,0,0
FCR,100,2026-01-21 06:45:00,NA,NA,NA,NA,NA,0.326,0.017,-0.026,7,7,7,7,7,0,0,0
FCR,100,2026-01-21 07:00:00,NA,NA,NA,NA,NA,0.325,0.017,-0.026,7,7,7,7,7,0,0,0
FCR,100,2026-01-21 07:15:00,NA,NA,NA,NA,NA,0.324,0.016,-0.025,7,7,7,7,7,0,0,0
FCR,100,2026-01-21 07:30:00,NA,NA,NA,NA,NA,0.325,0.017,-0.025,7,7,7,7,7,0,0,0
FCR,100,2026-01-21 07:45:00,NA,NA,NA,NA,NA,0.327,0.017,-0.023,7,7,7,7,7,0,0,0
FCR,100,2026-01-21 08:00:00,NA,NA,NA,NA,NA,0.327,0.017,-0.021,7,7,7,7,7,0,0,0
FCR,100,2026-01-21 08:15:00,NA,NA,NA,NA,NA,0.327,0.017,-0.02,7,7,7,7,7,0,0,0
FCR,100,2026-01-21 08:30:00,NA,NA,NA,NA,NA,0.329,0.017,-0.019,7,7,7,7,7,0,0,0
FCR,100,2026-01-21 08:45:00,NA,NA,NA,NA,NA,0.329,0.017,-0.017,7,7,7,7,7,0,0,0
FCR,100,2026-01-21 09:00:00,NA,NA,NA,NA,NA,0.332,0.018,-0.016,7,7,7,7,7,0,0,0
FCR,100,2026-01-21 09:15:00,NA,NA,NA,NA,NA,0.333,0.018,-0.015,7,7,7,7,7,0,0,0
FCR,100,2026-01-21 09:30:00,NA,NA,NA,NA,NA,0.335,0.019,-0.014,7,7,7,7,7,0,0,0
FCR,100,2026-01-21 09:45:00,NA,NA,NA,NA,NA,0.337,0.019,-0.012,7,7,7,7,7,0,0,0
FCR,100,2026-01-21 10:00:00,NA,NA,NA,NA,NA,0.337,0.019,-0.011,7,7,7,7,7,0,0,0
FCR,100,2026-01-21 10:15:00,NA,NA,NA,NA,NA,0.341,0.02,-0.009,7,7,7,7,7,0,0,0
FCR,100,2026-01-21 10:30:00,NA,NA,NA,NA,NA,0.341,0.02,-0.005,7,7,7,7,7,0,0,0
FCR,100,2026-01-21 10:45:00,NA,NA,NA,NA,NA,0.342,0.02,-0.001,7,7,7,7,7,0,0,0
FCR,100,2026-01-21 11:00:00,NA,NA,NA,NA,NA,0.344,0.021,0.003,7,7,7,7,7,0,0,0
FCR,100,2026-01-21 11:15:00,NA,NA,NA,NA,NA,0.345,0.021,0.013,7,7,7,7,7,0,0,0
FCR,100,2026-01-21 11:30:00,NA,NA,NA,NA,NA,0.345,0.021,0.025,7,7,7,7,7,0,0,0
FCR,100,2026-01-21 11:45:00,NA,NA,NA,NA,NA,0.345,0.021,0.033,7,7,7,7,7,0,0,0
FCR,100,2026-01-21 12:00:00,NA,NA,NA,NA,NA,0.345,0.021,0.042,7,7,7,7,7,0,0,0
FCR,100,2026-01-21 12:15:00,NA,NA,NA,NA,NA,0.341,0.02,0.054,7,7,7,7,7,0,0,0
FCR,100,2026-01-21 12:30:00,NA,NA,NA,NA,NA,0.335,0.019,0.063,7,7,7,7,7,0,0,0
FCR,100,2026-01-21 12:45:00,NA,NA,NA,NA,NA,0.332,0.018,0.08,7,7,7,7,7,0,0,0
FCR,100,2026-01-21 13:00:00,NA,NA,NA,NA,NA,0.332,0.018,0.099,7,7,7,7,7,0,0,0
FCR,100,2026-01-21 13:15:00,NA,NA,NA,NA,NA,0.331,0.018,0.126,7,7,7,7,7,0,0,0
FCR,100,2026-01-21 13:30:00,NA,NA,NA,NA,NA,0.331,0.018,0.125,7,7,7,7,7,0,0,0
FCR,100,2026-01-21 13:45:00,NA,NA,NA,NA,NA,0.329,0.017,0.132,7,7,7,7,7,0,0,0
FCR,100,2026-01-21 14:00:00,NA,NA,NA,NA,NA,0.33,0.018,0.141,7,7,7,7,7,0,0,0
FCR,100,2026-01-21 14:15:00,NA,NA,NA,NA,NA,0.328,0.017,0.14,7,7,7,7,7,0,0,0
FCR,100,2026-01-21 14:30:00,NA,NA,NA,NA,NA,0.327,0.017,0.133,7,7,7,7,7,0,0,0
FCR,100,2026-01-21 14:45:00,NA,NA,NA,NA,NA,0.327,0.017,0.153,7,7,7,7,7,0,0,0
FCR,100,2026-01-21 15:00:00,NA,NA,NA,NA,NA,0.328,0.017,0.165,7,7,7,7,7,0,0,0
FCR,100,2026-01-21 15:15:00,NA,NA,NA,NA,NA,0.328,0.017,0.185,7,7,7,7,7,0,0,0
FCR,100,2026-01-21 15:30:00,NA,NA,NA,NA,NA,0.328,0.017,0.188,7,7,7,7,7,0,0,0
FCR,100,2026-01-21 15:45:00,NA,NA,NA,NA,NA,0.328,0.017,0.197,7,7,7,7,7,0,0,0
FCR,100,2026-01-21 16:00:00,NA,NA,NA,NA,NA,0.328,0.017,0.204,7,7,7,7,7,0,0,0
FCR,100,2026-01-21 16:15:00,NA,NA,NA,NA,NA,0.327,0.017,0.232,7,7,7,7,7,0,0,0
FCR,100,2026-01-21 16:30:00,NA,NA,NA,NA,NA,0.327,0.017,0.275,7,7,7,7,7,0,0,0
FCR,100,2026-01-21 16:45:00,NA,NA,NA,NA,NA,0.328,0.017,0.27,7,7,7,7,7,0,0,0
FCR,100,2026-01-21 17:00:00,NA,NA,NA,NA,NA,0.326,0.017,0.318,7,7,7,7,7,0,0,0
FCR,100,2026-01-21 17:15:00,NA,NA,NA,NA,NA,0.328,0.017,0.365,7,7,7,7,7,0,0,0
FCR,100,2026-01-21 17:30:00,NA,NA,NA,NA,NA,0.327,0.017,0.404,7,7,7,7,7,0,0,0
FCR,100,2026-01-21 17:45:00,NA,NA,NA,NA,NA,0.326,0.017,0.445,7,7,7,7,7,0,0,0
FCR,100,2026-01-21 18:00:00,NA,NA,NA,NA,NA,0.326,0.017,0.487,7,7,7,7,7,0,0,0
FCR,100,2026-01-21 18:15:00,NA,NA,NA,NA,NA,0.326,0.017,0.525,7,7,7,7,7,0,0,0
FCR,100,2026-01-21 18:30:00,NA,NA,NA,NA,NA,0.327,0.017,0.555,7,7,7,7,7,0,0,0
FCR,100,2026-01-21 18:45:00,NA,NA,NA,NA,NA,0.326,0.017,0.585,7,7,7,7,7,0,0,0
FCR,100,2026-01-21 19:00:00,NA,NA,NA,NA,NA,0.326,0.017,0.609,7,7,7,7,7,0,0,0
FCR,100,2026-01-21 19:15:00,NA,NA,NA,NA,NA,0.327,0.017,0.627,7,7,7,7,7,0,0,0
FCR,100,2026-01-21 19:30:00,NA,NA,NA,NA,NA,0.327,0.017,0.638,7,7,7,7,7,0,0,0
FCR,100,2026-01-21 19:45:00,NA,NA,NA,NA,NA,0.327,0.017,0.66,7,7,7,7,7,0,0,0
FCR,100,2026-01-21 20:00:00,NA,NA,NA,NA,NA,0.327,0.017,0.678,7,7,7,7,7,0,0,0
FCR,100,2026-01-21 20:15:00,NA,NA,NA,NA,NA,0.326,0.017,0.686,7,7,7,7,7,0,0,0
FCR,100,2026-01-21 20:30:00,NA,NA,NA,NA,NA,0.327,0.017,0.708,7,7,7,7,7,0,0,0
FCR,100,2026-01-21 20:45:00,NA,NA,NA,NA,NA,0.327,0.017,0.726,7,7,7,7,7,0,0,0
FCR,100,2026-01-21 21:00:00,NA,NA,NA,NA,NA,0.326,0.017,0.743,7,7,7,7,7,0,0,0
FCR,100,2026-01-21 21:15:00,NA,NA,NA,NA,NA,0.326,0.017,0.755,7,7,7,7,7,0,0,0
FCR,100,2026-01-21 21:30:00,NA,NA,NA,NA,NA,0.327,0.017,0.761,7,7,7,7,7,0,0,0
FCR,100,2026-01-21 21:45:00,NA,NA,NA,NA,NA,0.327,0.017,0.773,7,7,7,7,7,0,0,0
FCR,100,2026-01-21 22:00:00,NA,NA,NA,NA,NA,0.327,0.017,0.793,7,7,7,7,7,0,0,0
FCR,100,2026-01-21 22:15:00,NA,NA,NA,NA,NA,0.326,0.017,0.801,7,7,7,7,7,0,0,0
FCR,100,2026-01-21 22:30:00,NA,NA,NA,NA,NA,0.327,0.017,0.801,7,7,7,7,7,0,0,0
FCR,100,2026-01-21 22:45:00,NA,NA,NA,NA,NA,0.327,0.017,0.805,7,7,7,7,7,0,0,0
FCR,100,2026-01-21 23:00:00,NA,NA,NA,NA,NA,0.326,0.017,0.814,7,7,7,7,7,0,0,0
FCR,100,2026-01-21 23:15:00,NA,NA,NA,NA,NA,0.327,0.017,0.816,7,7,7,7,7,0,0,0
FCR,100,2026-01-21 23:30:00,NA,NA,NA,NA,NA,0.327,0.017,0.819,7,7,7,7,7,0,0,0
FCR,100,2026-01-21 23:45:00,NA,NA,NA,NA,NA,0.327,0.017,0.812,7,7,7,7,7,0,0,0
FCR,100,2026-01-22 00:00:00,NA,NA,NA,NA,NA,0.326,0.017,0.83,7,7,7,7,7,0,0,0
FCR,100,2026-01-22 00:15:00,NA,NA,NA,NA,NA,0.326,0.017,0.85,7,7,7,7,7,0,0,0
FCR,100,2026-01-22 00:30:00,NA,NA,NA,NA,NA,0.328,0.017,0.864,7,7,7,7,7,0,0,0
FCR,100,2026-01-22 00:45:00,NA,NA,NA,NA,NA,0.326,0.017,0.896,7,7,7,7,7,0,0,0
FCR,100,2026-01-22 01:00:00,NA,NA,NA,NA,NA,0.327,0.017,0.913,7,7,7,7,7,0,0,0
FCR,100,2026-01-22 01:15:00,NA,NA,NA,NA,NA,0.327,0.017,0.932,7,7,7,7,7,0,0,0
FCR,100,2026-01-22 01:30:00,NA,NA,NA,NA,NA,0.327,0.017,0.944,7,7,7,7,7,0,0,0
FCR,100,2026-01-22 01:45:00,NA,NA,NA,NA,NA,0.327,0.017,0.973,7,7,7,7,7,0,0,0
FCR,100,2026-01-22 02:00:00,NA,NA,NA,NA,NA,0.327,0.017,0.993,7,7,7,7,7,0,0,0
FCR,100,2026-01-22 02:15:00,NA,NA,NA,NA,NA,0.328,0.017,1.013,7,7,7,7,7,0,0,0
FCR,100,2026-01-22 02:30:00,NA,NA,NA,NA,NA,0.327,0.017,1.033,7,7,7,7,7,0,0,0
FCR,100,2026-01-22 02:45:00,NA,NA,NA,NA,NA,0.328,0.017,1.055,7,7,7,7,7,0,0,0
FCR,100,2026-01-22 03:00:00,NA,NA,NA,NA,NA,0.327,0.017,1.083,7,7,7,7,7,0,0,0
FCR,100,2026-01-22 03:15:00,NA,NA,NA,NA,NA,0.327,0.017,1.111,7,7,7,7,7,0,0,0
FCR,100,2026-01-22 03:30:00,NA,NA,NA,NA,NA,0.327,0.017,1.108,7,7,7,7,7,0,0,0
FCR,100,2026-01-22 03:45:00,NA,NA,NA,NA,NA,0.328,0.017,1.151,7,7,7,7,7,0,0,0
FCR,100,2026-01-22 04:00:00,NA,NA,NA,NA,NA,0.328,0.017,1.172,7,7,7,7,7,0,0,0
FCR,100,2026-01-22 04:15:00,NA,NA,NA,NA,NA,0.328,0.017,1.202,7,7,7,7,7,0,0,0
FCR,100,2026-01-22 04:30:00,NA,NA,NA,NA,NA,0.328,0.017,1.216,7,7,7,7,7,0,0,0
FCR,100,2026-01-22 04:45:00,NA,NA,NA,NA,NA,0.328,0.017,1.222,7,7,7,7,7,0,0,0
FCR,100,2026-01-22 05:00:00,NA,NA,NA,NA,NA,0.328,0.017,1.241,7,7,7,7,7,0,0,0
FCR,100,2026-01-22 05:15:00,NA,NA,NA,NA,NA,0.328,0.017,1.256,7,7,7,7,7,0,0,0
FCR,100,2026-01-22 05:30:00,NA,NA,NA,NA,NA,0.328,0.017,1.262,7,7,7,7,7,0,0,0
FCR,100,2026-01-22 05:45:00,NA,NA,NA,NA,NA,0.329,0.017,1.272,7,7,7,7,7,0,0,0
FCR,100,2026-01-22 06:00:00,NA,NA,NA,NA,NA,0.328,0.017,1.286,7,7,7,7,7,0,0,0
FCR,100,2026-01-22 06:15:00,NA,NA,NA,NA,NA,0.327,0.017,1.292,7,7,7,7,7,0,0,0
FCR,100,2026-01-22 06:30:00,NA,NA,NA,NA,NA,0.328,0.017,1.303,7,7,7,7,7,0,0,0
FCR,100,2026-01-22 06:45:00,NA,NA,NA,NA,NA,0.328,0.017,1.291,7,7,7,7,7,0,0,0
FCR,100,2026-01-22 07:00:00,NA,NA,NA,NA,NA,0.329,0.017,1.305,7,7,7,7,7,0,0,0
FCR,100,2026-01-22 07:15:00,NA,NA,NA,NA,NA,0.328,0.017,1.303,7,7,7,7,7,0,0,0
FCR,100,2026-01-22 07:30:00,NA,NA,NA,NA,NA,0.328,0.017,1.302,7,7,7,7,7,0,0,0
FCR,100,2026-01-22 07:45:00,NA,NA,NA,NA,NA,0.327,0.017,1.286,7,7,7,7,7,0,0,0
FCR,100,2026-01-22 08:00:00,NA,NA,NA,NA,NA,0.327,0.017,1.295,7,7,7,7,7,0,0,0
FCR,100,2026-01-22 08:15:00,NA,NA,NA,NA,NA,0.328,0.017,1.296,7,7,7,7,7,0,0,0
FCR,100,2026-01-22 08:30:00,NA,NA,NA,NA,NA,0.327,0.017,1.29,7,7,7,7,7,0,0,0
FCR,100,2026-01-22 08:45:00,NA,NA,NA,NA,NA,0.328,0.017,1.296,7,7,7,7,7,0,0,0
FCR,100,2026-01-22 09:00:00,NA,NA,NA,NA,NA,0.328,0.017,1.308,7,7,7,7,7,0,0,0
FCR,100,2026-01-22 09:15:00,NA,NA,NA,NA,NA,0.329,0.017,1.325,7,7,7,7,7,0,0,0
FCR,100,2026-01-22 09:30:00,NA,NA,NA,NA,NA,0.329,0.017,1.341,7,7,7,7,7,0,0,0
FCR,100,2026-01-22 09:45:00,NA,NA,NA,NA,NA,0.328,0.017,1.369,7,7,7,7,7,0,0,0
FCR,100,2026-01-22 10:00:00,NA,NA,NA,NA,NA,0.329,0.017,1.361,7,7,7,7,7,0,0,0
FCR,100,2026-01-22 10:15:00,NA,NA,NA,NA,NA,0.327,0.017,1.418,7,7,7,7,7,0,0,0
FCR,100,2026-01-22 10:30:00,NA,NA,NA,NA,NA,0.328,0.017,1.413,7,7,7,7,7,0,0,0
FCR,100,2026-01-22 10:45:00,NA,NA,NA,NA,NA,0.329,0.017,1.497,7,7,7,7,7,0,0,0
FCR,100,2026-01-22 11:00:00,NA,NA,NA,NA,NA,0.329,0.017,1.547,7,7,7,7,7,0,0,0
FCR,100,2026-01-22 11:15:00,NA,NA,NA,NA,NA,0.328,0.017,1.621,7,7,7,7,7,0,0,0
FCR,100,2026-01-22 11:30:00,NA,NA,NA,NA,NA,0.329,0.017,1.693,7,7,7,7,7,0,0,0
FCR,100,2026-01-22 11:45:00,NA,NA,NA,NA,NA,0.33,0.018,1.763,7,7,7,7,7,0,0,0
FCR,100,2026-01-22 12:00:00,NA,NA,NA,NA,NA,0.331,0.018,1.874,7,7,7,7,7,0,0,0
FCR,100,2026-01-22 12:15:00,NA,NA,NA,NA,NA,0.33,0.018,2.009,7,7,7,7,7,0,0,0
FCR,100,2026-01-22 12:30:00,NA,NA,NA,NA,NA,0.331,0.018,2.098,7,7,7,7,7,0,0,0
FCR,100,2026-01-22 12:45:00,NA,NA,NA,NA,NA,0.331,0.018,2.202,7,7,7,7,7,0,0,0
FCR,100,2026-01-22 13:00:00,NA,NA,NA,NA,NA,0.333,0.018,2.303,7,7,7,7,7,0,0,0
FCR,100,2026-01-22 13:15:00,NA,NA,NA,NA,NA,0.332,0.018,2.394,7,7,7,7,7,0,0,0
FCR,100,2026-01-22 13:30:00,NA,NA,NA,NA,NA,0.333,0.018,2.516,7,7,7,7,7,0,0,0
FCR,100,2026-01-22 13:45:00,NA,NA,NA,NA,NA,0.333,0.018,2.631,7,7,7,7,7,0,0,0
FCR,100,2026-01-22 14:00:00,NA,NA,NA,NA,NA,0.332,0.018,2.787,7,7,7,7,7,0,0,0
FCR,100,2026-01-22 14:15:00,NA,NA,NA,NA,NA,0.334,0.019,2.868,7,7,7,7,7,0,0,0
FCR,100,2026-01-22 14:30:00,NA,NA,NA,NA,NA,0.333,0.018,2.959,7,7,7,7,7,0,0,0
FCR,100,2026-01-22 14:45:00,NA,NA,NA,NA,NA,0.334,0.019,3.024,7,7,7,7,7,0,0,0
FCR,100,2026-01-22 15:00:00,NA,NA,NA,NA,NA,0.335,0.019,3.064,7,7,7,7,7,0,0,0
FCR,100,2026-01-22 15:15:00,NA,NA,NA,NA,NA,0.333,0.018,3.109,7,7,7,7,7,0,0,0
FCR,100,2026-01-22 15:30:00,NA,NA,NA,NA,NA,0.333,0.018,3.145,7,7,7,7,7,0,0,0
FCR,100,2026-01-22 15:45:00,NA,NA,NA,NA,NA,0.333,0.018,3.131,7,7,7,7,7,0,0,0
FCR,100,2026-01-22 16:00:00,NA,NA,NA,NA,NA,0.333,0.018,3.117,7,7,7,7,7,0,0,0
FCR,100,2026-01-22 16:15:00,NA,NA,NA,NA,NA,0.331,0.018,3.115,7,7,7,7,7,0,0,0
FCR,100,2026-01-22 16:30:00,NA,NA,NA,NA,NA,0.332,0.018,3.093,7,7,7,7,7,0,0,0
FCR,100,2026-01-22 16:45:00,NA,NA,NA,NA,NA,0.332,0.018,3.078,7,7,7,7,7,0,0,0
FCR,100,2026-01-22 17:00:00,NA,NA,NA,NA,NA,0.332,0.018,3.036,7,7,7,7,7,0,0,0
FCR,100,2026-01-22 17:15:00,NA,NA,NA,NA,NA,0.333,0.018,2.986,7,7,7,7,7,0,0,0
FCR,100,2026-01-22 17:30:00,NA,NA,NA,NA,NA,0.333,0.018,2.927,7,7,7,7,7,0,0,0
FCR,100,2026-01-22 17:45:00,NA,NA,NA,NA,NA,0.331,0.018,2.853,7,7,7,7,7,0,0,0
FCR,100,2026-01-22 18:00:00,NA,NA,NA,NA,NA,0.332,0.018,2.772,7,7,7,7,7,0,0,0
FCR,100,2026-01-22 18:15:00,NA,NA,NA,NA,NA,0.331,0.018,2.683,7,7,7,7,7,0,0,0
FCR,100,2026-01-22 18:30:00,NA,NA,NA,NA,NA,0.331,0.018,2.598,7,7,7,7,7,0,0,0
FCR,100,2026-01-22 18:45:00,NA,NA,NA,NA,NA,0.331,0.018,2.528,7,7,7,7,7,0,0,0
FCR,100,2026-01-22 19:00:00,NA,NA,NA,NA,NA,0.329,0.017,2.451,7,7,7,7,7,0,0,0
FCR,100,2026-01-22 19:15:00,NA,NA,NA,NA,NA,0.33,0.018,2.374,7,7,7,7,7,0,0,0
FCR,100,2026-01-22 19:30:00,NA,NA,NA,NA,NA,0.33,0.018,2.311,7,7,7,7,7,0,0,0
FCR,100,2026-01-22 19:45:00,NA,NA,NA,NA,NA,0.33,0.018,2.244,7,7,7,7,7,0,0,0
FCR,100,2026-01-22 20:00:00,NA,NA,NA,NA,NA,0.329,0.017,2.174,7,7,7,7,7,0,0,0
FCR,100,2026-01-22 20:15:00,NA,NA,NA,NA,NA,0.33,0.018,2.101,7,7,7,7,7,0,0,0
FCR,100,2026-01-22 20:30:00,NA,NA,NA,NA,NA,0.331,0.018,2.041,7,7,7,7,7,0,0,0
FCR,100,2026-01-22 20:45:00,NA,NA,NA,NA,NA,0.329,0.017,1.98,7,7,7,7,7,0,0,0
FCR,100,2026-01-22 21:00:00,NA,NA,NA,NA,NA,0.33,0.018,1.925,7,7,7,7,7,0,0,0
FCR,100,2026-01-22 21:15:00,NA,NA,NA,NA,NA,0.328,0.017,1.875,7,7,7,7,7,0,0,0
FCR,100,2026-01-22 21:30:00,NA,NA,NA,NA,NA,0.33,0.018,1.829,7,7,7,7,7,0,0,0
FCR,100,2026-01-22 21:45:00,NA,NA,NA,NA,NA,0.328,0.017,1.786,7,7,7,7,7,0,0,0
FCR,100,2026-01-22 22:00:00,NA,NA,NA,NA,NA,0.329,0.017,1.748,7,7,7,7,7,0,0,0
FCR,100,2026-01-22 22:15:00,NA,NA,NA,NA,NA,0.328,0.017,1.702,7,7,7,7,7,0,0,0
FCR,100,2026-01-22 22:30:00,NA,NA,NA,NA,NA,0.329,0.017,1.679,7,7,7,7,7,0,0,0
FCR,100,2026-01-22 22:45:00,NA,NA,NA,NA,NA,0.329,0.017,1.646,7,7,7,7,7,0,0,0
FCR,100,2026-01-22 23:00:00,NA,NA,NA,NA,NA,0.328,0.017,1.612,7,7,7,7,7,0,0,0
FCR,100,2026-01-22 23:15:00,NA,NA,NA,NA,NA,0.329,0.017,1.573,7,7,7,7,7,0,0,0
FCR,100,2026-01-22 23:30:00,NA,NA,NA,NA,NA,0.329,0.017,1.532,7,7,7,7,7,0,0,0
FCR,100,2026-01-22 23:45:00,NA,NA,NA,NA,NA,0.327,0.017,1.492,7,7,7,7,7,0,0,0
FCR,100,2026-01-23 00:00:00,NA,NA,NA,NA,NA,0.328,0.017,1.452,7,7,7,7,7,0,0,0
FCR,100,2026-01-23 00:15:00,NA,NA,NA,NA,NA,0.327,0.017,1.4,7,7,7,7,7,0,0,0
FCR,100,2026-01-23 00:30:00,NA,NA,NA,NA,NA,0.327,0.017,1.354,7,7,7,7,7,0,0,0
FCR,100,2026-01-23 00:45:00,NA,NA,NA,NA,NA,0.327,0.017,1.319,7,7,7,7,7,0,0,0
FCR,100,2026-01-23 01:00:00,NA,NA,NA,NA,NA,0.326,0.017,1.288,7,7,7,7,7,0,0,0
FCR,100,2026-01-23 01:15:00,NA,NA,NA,NA,NA,0.326,0.017,1.267,7,7,7,7,7,0,0,0
FCR,100,2026-01-23 01:30:00,NA,NA,NA,NA,NA,0.327,0.017,1.252,7,7,7,7,7,0,0,0
FCR,100,2026-01-23 01:45:00,NA,NA,NA,NA,NA,0.326,0.017,1.229,7,7,7,7,7,0,0,0
FCR,100,2026-01-23 02:00:00,NA,NA,NA,NA,NA,0.326,0.017,1.204,7,7,7,7,7,0,0,0
FCR,100,2026-01-23 02:15:00,NA,NA,NA,NA,NA,0.326,0.017,1.206,7,7,7,7,7,0,0,0
FCR,100,2026-01-23 02:30:00,NA,NA,NA,NA,NA,0.327,0.017,1.205,7,7,7,7,7,0,0,0
FCR,100,2026-01-23 02:45:00,NA,NA,NA,NA,NA,0.326,0.017,1.207,7,7,7,7,7,0,0,0
FCR,100,2026-01-23 03:00:00,NA,NA,NA,NA,NA,0.326,0.017,1.204,7,7,7,7,7,0,0,0
FCR,100,2026-01-23 03:15:00,NA,NA,NA,NA,NA,0.326,0.017,1.204,7,7,7,7,7,0,0,0
FCR,100,2026-01-23 03:30:00,NA,NA,NA,NA,NA,0.326,0.017,1.201,7,7,7,7,7,0,0,0
FCR,100,2026-01-23 03:45:00,NA,NA,NA,NA,NA,0.326,0.017,1.214,7,7,7,7,7,0,0,0
FCR,100,2026-01-23 04:00:00,NA,NA,NA,NA,NA,0.327,0.017,1.213,7,7,7,7,7,0,0,0
FCR,100,2026-01-23 04:15:00,NA,NA,NA,NA,NA,0.326,0.017,1.195,7,7,7,7,7,0,0,0
FCR,100,2026-01-23 04:30:00,NA,NA,NA,NA,NA,0.326,0.017,1.181,7,7,7,7,7,0,0,0
FCR,100,2026-01-23 04:45:00,NA,NA,NA,NA,NA,0.327,0.017,1.171,7,7,7,7,7,0,0,0
FCR,100,2026-01-23 05:00:00,NA,NA,NA,NA,NA,0.327,0.017,1.164,7,7,7,7,7,0,0,0
FCR,100,2026-01-23 05:15:00,NA,NA,NA,NA,NA,0.326,0.017,1.163,7,7,7,7,7,0,0,0
FCR,100,2026-01-23 05:30:00,NA,NA,NA,NA,NA,0.326,0.017,1.168,7,7,7,7,7,0,0,0
FCR,100,2026-01-23 05:45:00,NA,NA,NA,NA,NA,0.326,0.017,1.167,7,7,7,7,7,0,0,0
FCR,100,2026-01-23 06:00:00,NA,NA,NA,NA,NA,0.326,0.017,1.176,7,7,7,7,7,0,0,0
FCR,100,2026-01-23 06:15:00,NA,NA,NA,NA,NA,0.325,0.017,1.175,7,7,7,7,7,0,0,0
FCR,100,2026-01-23 06:30:00,NA,NA,NA,NA,NA,0.326,0.017,1.15,7,7,7,7,7,0,0,0
FCR,100,2026-01-23 06:45:00,NA,NA,NA,NA,NA,0.327,0.017,1.155,7,7,7,7,7,0,0,0
FCR,100,2026-01-23 07:00:00,NA,NA,NA,NA,NA,0.326,0.017,1.162,7,7,7,7,7,0,0,0
FCR,100,2026-01-23 07:15:00,NA,NA,NA,NA,NA,0.326,0.017,1.158,7,7,7,7,7,0,0,0
FCR,100,2026-01-23 07:30:00,NA,NA,NA,NA,NA,0.326,0.017,1.14,7,7,7,7,7,0,0,0
FCR,100,2026-01-23 07:45:00,NA,NA,NA,NA,NA,0.326,0.017,1.138,7,7,7,7,7,0,0,0
FCR,100,2026-01-23 08:00:00,NA,NA,NA,NA,NA,0.325,0.017,1.162,7,7,7,7,7,0,0,0
FCR,100,2026-01-23 08:15:00,NA,NA,NA,NA,NA,0.327,0.017,1.211,7,7,7,7,7,0,0,0
FCR,100,2026-01-23 08:30:00,NA,NA,NA,NA,NA,0.326,0.017,1.258,7,7,7,7,7,0,0,0
FCR,100,2026-01-23 08:45:00,NA,NA,NA,NA,NA,0.326,0.017,1.291,7,7,7,7,7,0,0,0
FCR,100,2026-01-23 09:00:00,NA,NA,NA,NA,NA,0.327,0.017,1.33,7,7,7,7,7,0,0,0
FCR,100,2026-01-23 09:15:00,NA,NA,NA,NA,NA,0.326,0.017,1.346,7,7,7,7,7,0,0,0
FCR,100,2026-01-23 09:30:00,NA,NA,NA,NA,NA,0.326,0.017,1.365,7,7,7,7,7,0,0,0
FCR,100,2026-01-23 09:45:00,NA,NA,NA,NA,NA,0.327,0.017,1.348,7,7,7,7,7,0,0,0
FCR,100,2026-01-23 10:00:00,NA,NA,NA,NA,NA,0.326,0.017,1.32,7,7,7,7,7,0,0,0
FCR,100,2026-01-23 10:15:00,NA,NA,NA,NA,NA,0.325,0.017,1.327,7,7,7,7,7,0,0,0
FCR,100,2026-01-23 10:30:00,NA,NA,NA,NA,NA,0.327,0.017,1.357,7,7,7,7,7,0,0,0
FCR,100,2026-01-23 10:45:00,NA,NA,NA,NA,NA,0.326,0.017,1.413,7,7,7,7,7,0,0,0
FCR,100,2026-01-23 11:00:00,NA,NA,NA,NA,NA,0.326,0.017,1.525,7,7,7,7,7,0,0,0
FCR,100,2026-01-23 11:15:00,NA,NA,NA,NA,NA,0.328,0.017,1.629,7,7,7,7,7,0,0,0
FCR,100,2026-01-23 11:30:00,NA,NA,NA,NA,NA,0.327,0.017,1.75,7,7,7,7,7,0,0,0
FCR,100,2026-01-23 11:45:00,NA,NA,NA,NA,NA,0.327,0.017,1.859,7,7,7,7,7,0,0,0
FCR,100,2026-01-23 12:00:00,NA,NA,NA,NA,NA,0.328,0.017,2.097,7,7,7,7,7,0,0,0
FCR,100,2026-01-23 12:15:00,NA,NA,NA,NA,NA,0.328,0.017,2.235,7,7,7,7,7,0,0,0
FCR,100,2026-01-23 12:30:00,NA,NA,NA,NA,NA,0.329,0.017,2.381,7,7,7,7,7,0,0,0
FCR,100,2026-01-23 12:45:00,NA,NA,NA,NA,NA,0.329,0.017,2.535,7,7,7,7,7,0,0,0
FCR,100,2026-01-23 13:00:00,NA,NA,NA,NA,NA,0.329,0.017,2.552,7,7,7,7,7,0,0,0
FCR,100,2026-01-23 13:15:00,NA,NA,NA,NA,NA,0.329,0.017,2.657,7,7,7,7,7,0,0,0
FCR,100,2026-01-23 13:30:00,NA,NA,NA,NA,NA,0.33,0.018,2.764,7,7,7,7,7,0,0,0
FCR,100,2026-01-23 13:45:00,NA,NA,NA,NA,NA,0.33,0.018,2.878,7,7,7,7,7,0,0,0
FCR,100,2026-01-23 14:00:00,NA,NA,NA,NA,NA,0.33,0.018,2.985,7,7,7,7,7,0,0,0
FCR,100,2026-01-23 14:15:00,NA,NA,NA,NA,NA,0.332,0.018,3.073,7,7,7,7,7,0,0,0
FCR,100,2026-01-23 14:30:00,NA,NA,NA,NA,NA,0.33,0.018,3.132,7,7,7,7,7,0,0,0
FCR,100,2026-01-23 14:45:00,NA,NA,NA,NA,NA,0.331,0.018,3.164,7,7,7,7,7,0,0,0
FCR,100,2026-01-23 15:00:00,NA,NA,NA,NA,NA,0.33,0.018,3.214,7,7,7,7,7,0,0,0
FCR,100,2026-01-23 15:15:00,NA,NA,NA,NA,NA,0.33,0.018,3.225,7,7,7,7,7,0,0,0
FCR,100,2026-01-23 15:30:00,NA,NA,NA,NA,NA,0.33,0.018,3.188,7,7,7,7,7,0,0,0
FCR,100,2026-01-23 15:45:00,NA,NA,NA,NA,NA,0.332,0.018,3.102,7,7,7,7,7,0,0,0
FCR,100,2026-01-23 16:00:00,NA,NA,NA,NA,NA,0.333,0.018,3.061,7,7,7,7,7,0,0,0
FCR,100,2026-01-23 16:15:00,NA,NA,NA,NA,NA,0.331,0.018,2.986,7,7,7,7,7,0,0,0
FCR,100,2026-01-23 16:30:00,NA,NA,NA,NA,NA,0.332,0.018,2.926,7,7,7,7,7,0,0,0
FCR,100,2026-01-23 16:45:00,NA,NA,NA,NA,NA,0.331,0.018,2.842,7,7,7,7,7,0,0,0
FCR,100,2026-01-23 17:00:00,NA,NA,NA,NA,NA,0.33,0.018,2.795,7,7,7,7,7,0,0,0
FCR,100,2026-01-23 17:15:00,NA,NA,NA,NA,NA,0.33,0.018,2.727,7,7,7,7,7,0,0,0
FCR,100,2026-01-23 17:30:00,NA,NA,NA,NA,NA,0.331,0.018,2.647,7,7,7,7,7,0,0,0
FCR,100,2026-01-23 17:45:00,NA,NA,NA,NA,NA,0.33,0.018,2.564,7,7,7,7,7,0,0,0
FCR,100,2026-01-23 18:00:00,NA,NA,NA,NA,NA,0.329,0.017,2.482,7,7,7,7,7,0,0,0
FCR,100,2026-01-23 18:15:00,NA,NA,NA,NA,NA,0.33,0.018,2.406,7,7,7,7,7,0,0,0
FCR,100,2026-01-23 18:30:00,NA,NA,NA,NA,NA,0.328,0.017,2.318,7,7,7,7,7,0,0,0
FCR,100,2026-01-23 18:45:00,NA,NA,NA,NA,NA,0.329,0.017,2.232,7,7,7,7,7,0,0,0
FCR,100,2026-01-23 19:00:00,NA,NA,NA,NA,NA,0.328,0.017,2.157,7,7,7,7,7,0,0,0
FCR,100,2026-01-23 19:15:00,NA,NA,NA,NA,NA,0.328,0.017,2.084,7,7,7,7,7,0,0,0
FCR,100,2026-01-23 19:30:00,NA,NA,NA,NA,NA,0.328,0.017,2.01,7,7,7,7,7,0,0,0
FCR,100,2026-01-23 19:45:00,NA,NA,NA,NA,NA,0.328,0.017,1.926,7,7,7,7,7,0,0,0
FCR,100,2026-01-23 20:00:00,NA,NA,NA,NA,NA,0.329,0.017,1.845,7,7,7,7,7,0,0,0
FCR,100,2026-01-23 20:15:00,NA,NA,NA,NA,NA,0.327,0.017,1.793,7,7,7,7,7,0,0,0
FCR,100,2026-01-23 20:30:00,NA,NA,NA,NA,NA,0.326,0.017,1.74,7,7,7,7,7,0,0,0
FCR,100,2026-01-23 20:45:00,NA,NA,NA,NA,NA,0.328,0.017,1.693,7,7,7,7,7,0,0,0
FCR,100,2026-01-23 21:00:00,NA,NA,NA,NA,NA,0.327,0.017,1.637,7,7,7,7,7,0,0,0
FCR,100,2026-01-23 21:15:00,NA,NA,NA,NA,NA,0.327,0.017,1.584,7,7,7,7,7,0,0,0
FCR,100,2026-01-23 21:30:00,NA,NA,NA,NA,NA,0.327,0.017,1.506,7,7,7,7,7,0,0,0
FCR,100,2026-01-23 21:45:00,NA,NA,NA,NA,NA,0.326,0.017,1.453,7,7,7,7,7,0,0,0
FCR,100,2026-01-23 22:00:00,NA,NA,NA,NA,NA,0.325,0.017,1.384,7,7,7,7,7,0,0,0
FCR,100,2026-01-23 22:15:00,NA,NA,NA,NA,NA,0.326,0.017,1.334,7,7,7,7,7,0,0,0
FCR,100,2026-01-23 22:30:00,NA,NA,NA,NA,NA,0.325,0.017,1.285,7,7,7,7,7,0,0,0
FCR,100,2026-01-23 22:45:00,NA,NA,NA,NA,NA,0.326,0.017,1.224,7,7,7,7,7,0,0,0
FCR,100,2026-01-23 23:00:00,NA,NA,NA,NA,NA,0.325,0.017,1.157,7,7,7,7,7,0,0,0
FCR,100,2026-01-23 23:15:00,NA,NA,NA,NA,NA,0.324,0.016,1.101,7,7,7,7,7,0,0,0
FCR,100,2026-01-23 23:30:00,NA,NA,NA,NA,NA,0.325,0.017,1.044,7,7,7,7,7,0,0,0
FCR,100,2026-01-23 23:45:00,NA,NA,NA,NA,NA,0.324,0.016,0.994,7,7,7,7,7,0,0,0
FCR,100,2026-01-24 00:00:00,NA,NA,NA,NA,NA,0.324,0.016,0.958,7,7,7,7,7,0,0,0
FCR,100,2026-01-24 00:15:00,NA,NA,NA,NA,NA,0.324,0.016,0.907,7,7,7,7,7,0,0,0
FCR,100,2026-01-24 00:30:00,NA,NA,NA,NA,NA,0.325,0.017,0.842,7,7,7,7,7,0,0,0
FCR,100,2026-01-24 00:45:00,NA,NA,NA,NA,NA,0.324,0.016,0.786,7,7,7,7,7,0,0,0
FCR,100,2026-01-24 01:00:00,NA,NA,NA,NA,NA,0.324,0.016,0.746,7,7,7,7,7,0,0,0
FCR,100,2026-01-24 01:15:00,NA,NA,NA,NA,NA,0.324,0.016,0.687,7,7,7,7,7,0,0,0
FCR,100,2026-01-24 01:30:00,NA,NA,NA,NA,NA,0.324,0.016,0.624,7,7,7,7,7,0,0,0
FCR,100,2026-01-24 01:45:00,NA,NA,NA,NA,NA,0.324,0.016,0.571,7,7,7,7,7,0,0,0
FCR,100,2026-01-24 02:00:00,NA,NA,NA,NA,NA,0.323,0.016,0.515,7,7,7,7,7,0,0,0
FCR,100,2026-01-24 02:15:00,NA,NA,NA,NA,NA,0.324,0.016,0.466,7,7,7,7,7,0,0,0
FCR,100,2026-01-24 02:30:00,NA,NA,NA,NA,NA,0.324,0.016,0.429,7,7,7,7,7,0,0,0
FCR,100,2026-01-24 02:45:00,NA,NA,NA,NA,NA,0.324,0.016,0.378,7,7,7,7,7,0,0,0
FCR,100,2026-01-24 03:00:00,NA,NA,NA,NA,NA,0.323,0.016,0.34,7,7,7,7,7,0,0,0
FCR,100,2026-01-24 03:15:00,NA,NA,NA,NA,NA,0.323,0.016,0.287,7,7,7,7,7,0,0,0
FCR,100,2026-01-24 03:30:00,NA,NA,NA,NA,NA,0.322,0.016,0.269,7,7,7,7,7,0,0,0
FCR,100,2026-01-24 03:45:00,NA,NA,NA,NA,NA,0.322,0.016,0.25,7,7,7,7,7,0,0,0
FCR,100,2026-01-24 04:00:00,NA,NA,NA,NA,NA,0.322,0.016,0.249,7,7,7,7,7,0,0,0
FCR,100,2026-01-24 04:15:00,NA,NA,NA,NA,NA,0.323,0.016,0.222,7,7,7,7,7,0,0,0
FCR,100,2026-01-24 04:30:00,NA,NA,NA,NA,NA,0.322,0.016,0.208,7,7,7,7,7,0,0,0
FCR,100,2026-01-24 04:45:00,NA,NA,NA,NA,NA,0.323,0.016,0.196,7,7,7,7,7,0,0,0
FCR,100,2026-01-24 05:00:00,NA,NA,NA,NA,NA,0.322,0.016,0.185,7,7,7,7,7,0,0,0
FCR,100,2026-01-24 05:15:00,NA,NA,NA,NA,NA,0.322,0.016,0.182,7,7,7,7,7,0,0,0
FCR,100,2026-01-24 05:30:00,NA,NA,NA,NA,NA,0.322,0.016,0.165,7,7,7,7,7,0,0,0
FCR,100,2026-01-24 05:45:00,NA,NA,NA,NA,NA,0.322,0.016,0.146,7,7,7,7,7,0,0,0
FCR,100,2026-01-24 06:00:00,NA,NA,NA,NA,NA,0.322,0.016,0.14,7,7,7,7,7,0,0,0
FCR,100,2026-01-24 06:15:00,NA,NA,NA,NA,NA,0.323,0.016,0.13,7,7,7,7,7,0,0,0
FCR,100,2026-01-24 06:30:00,NA,NA,NA,NA,NA,0.323,0.016,0.111,7,7,7,7,7,0,0,0
FCR,100,2026-01-24 06:45:00,NA,NA,NA,NA,NA,0.322,0.016,0.106,7,7,7,7,7,0,0,0
FCR,100,2026-01-24 07:00:00,NA,NA,NA,NA,NA,0.322,0.016,0.102,7,7,7,7,7,0,0,0
FCR,100,2026-01-24 07:15:00,NA,NA,NA,NA,NA,0.322,0.016,0.096,7,7,7,7,7,0,0,0
FCR,100,2026-01-24 07:30:00,NA,NA,NA,NA,NA,0.323,0.016,0.077,7,7,7,7,7,0,0,0
FCR,100,2026-01-24 07:45:00,NA,NA,NA,NA,NA,0.321,0.016,0.052,7,7,7,7,7,0,0,0
FCR,100,2026-01-24 08:00:00,NA,NA,NA,NA,NA,0.322,0.016,0.036,7,7,7,7,7,0,0,0
FCR,100,2026-01-24 08:15:00,NA,NA,NA,NA,NA,0.321,0.016,0.028,7,7,7,7,7,0,0,0
FCR,100,2026-01-24 08:30:00,NA,NA,NA,NA,NA,0.321,0.016,0.044,7,7,7,7,7,0,0,0
FCR,100,2026-01-24 08:45:00,NA,NA,NA,NA,NA,0.321,0.016,0.066,7,7,7,7,7,0,0,0
FCR,100,2026-01-24 09:00:00,NA,NA,NA,NA,NA,0.321,0.016,0.081,7,7,7,7,7,0,0,0
FCR,100,2026-01-24 09:15:00,NA,NA,NA,NA,NA,0.323,0.016,0.092,7,7,7,7,7,0,0,0
FCR,100,2026-01-24 09:30:00,NA,NA,NA,NA,NA,0.322,0.016,0.099,7,7,7,7,7,0,0,0
FCR,100,2026-01-24 09:45:00,NA,NA,NA,NA,NA,0.322,0.016,0.116,7,7,7,7,7,0,0,0
FCR,100,2026-01-24 10:00:00,NA,NA,NA,NA,NA,0.323,0.016,0.125,7,7,7,7,7,0,0,0
FCR,100,2026-01-24 10:15:00,NA,NA,NA,NA,NA,0.322,0.016,0.124,7,7,7,7,7,0,0,0
FCR,100,2026-01-24 10:30:00,NA,NA,NA,NA,NA,0.322,0.016,0.147,7,7,7,7,7,0,0,0
FCR,100,2026-01-24 10:45:00,NA,NA,NA,NA,NA,0.323,0.016,0.164,7,7,7,7,7,0,0,0
FCR,100,2026-01-24 11:00:00,NA,NA,NA,NA,NA,0.322,0.016,0.177,7,7,7,7,7,0,0,0
FCR,100,2026-01-24 11:15:00,NA,NA,NA,NA,NA,0.321,0.016,0.203,7,7,7,7,7,0,0,0
FCR,100,2026-01-24 11:30:00,NA,NA,NA,NA,NA,0.322,0.016,0.202,7,7,7,7,7,0,0,0
FCR,100,2026-01-24 11:45:00,NA,NA,NA,NA,NA,0.323,0.016,0.202,7,7,7,7,7,0,0,0
FCR,100,2026-01-24 12:00:00,NA,NA,NA,NA,NA,0.321,0.016,0.244,7,7,7,7,7,0,0,0
FCR,100,2026-01-24 12:15:00,NA,NA,NA,NA,NA,0.322,0.016,0.221,7,7,7,7,7,0,0,0
FCR,100,2026-01-24 12:30:00,NA,NA,NA,NA,NA,0.321,0.016,0.223,7,7,7,7,7,0,0,0
FCR,100,2026-01-24 12:45:00,NA,NA,NA,NA,NA,0.322,0.016,0.235,7,7,7,7,7,0,0,0
FCR,100,2026-01-24 13:00:00,NA,NA,NA,NA,NA,0.322,0.016,0.216,7,7,7,7,7,0,0,0
FCR,100,2026-01-24 13:15:00,NA,NA,NA,NA,NA,0.322,0.016,0.211,7,7,7,7,7,0,0,0
FCR,100,2026-01-24 13:30:00,NA,NA,NA,NA,NA,0.322,0.016,0.215,7,7,7,7,7,0,0,0
FCR,100,2026-01-24 13:45:00,NA,NA,NA,NA,NA,0.323,0.016,0.222,7,7,7,7,7,0,0,0
FCR,100,2026-01-24 14:00:00,NA,NA,NA,NA,NA,0.322,0.016,0.191,7,7,7,7,7,0,0,0
FCR,100,2026-01-24 14:15:00,NA,NA,NA,NA,NA,0.322,0.016,0.197,7,7,7,7,7,0,0,0
FCR,100,2026-01-24 14:30:00,NA,NA,NA,NA,NA,0.321,0.016,0.184,7,7,7,7,7,0,0,0
FCR,100,2026-01-24 14:45:00,NA,NA,NA,NA,NA,0.321,0.016,0.157,7,7,7,7,7,0,0,0
FCR,100,2026-01-24 15:00:00,NA,NA,NA,NA,NA,0.322,0.016,0.135,7,7,7,7,7,0,0,0
FCR,100,2026-01-24 15:15:00,NA,NA,NA,NA,NA,0.32,0.016,0.117,7,7,7,7,7,0,0,0
FCR,100,2026-01-24 15:30:00,NA,NA,NA,NA,NA,0.321,0.016,0.095,7,7,7,7,7,0,0,0
FCR,100,2026-01-24 15:45:00,NA,NA,NA,NA,NA,0.32,0.016,0.054,7,7,7,7,7,0,0,0
FCR,100,2026-01-24 16:00:00,NA,NA,NA,NA,NA,0.32,0.016,0.015,7,7,7,7,7,0,0,0
FCR,100,2026-01-24 16:15:00,NA,NA,NA,NA,NA,0.322,0.016,0.001,7,7,7,7,7,0,0,0
FCR,100,2026-01-24 16:30:00,NA,NA,NA,NA,NA,0.322,0.016,-0.02,7,7,7,7,7,0,0,0
FCR,100,2026-01-24 16:45:00,NA,NA,NA,NA,NA,0.32,0.016,-0.034,7,7,7,7,7,0,0,0
FCR,100,2026-01-24 17:00:00,NA,NA,NA,NA,NA,0.318,0.015,-0.042,7,7,7,7,7,0,0,0
FCR,100,2026-01-24 17:15:00,NA,NA,NA,NA,NA,0.318,0.015,-0.039,7,7,7,7,7,0,0,0
FCR,100,2026-01-24 17:30:00,NA,NA,NA,NA,NA,0.318,0.015,-0.039,7,7,7,7,7,0,0,0
FCR,100,2026-01-24 17:45:00,NA,NA,NA,NA,NA,0.317,0.015,-0.037,7,7,7,7,7,0,0,0
FCR,100,2026-01-24 18:00:00,NA,NA,NA,NA,NA,0.314,0.014,-0.036,7,7,7,7,7,0,0,0
FCR,100,2026-01-24 18:15:00,NA,NA,NA,NA,NA,0.313,0.014,-0.035,7,7,7,7,7,0,0,0
FCR,100,2026-01-24 18:30:00,NA,NA,NA,NA,NA,0.31,0.014,-0.034,7,7,7,7,7,0,0,0
FCR,100,2026-01-24 18:45:00,NA,NA,NA,NA,NA,0.308,0.013,-0.034,7,7,7,7,7,0,0,0
FCR,100,2026-01-24 19:00:00,NA,NA,NA,NA,NA,0.309,0.013,-0.034,7,7,7,7,7,0,0,0
FCR,100,2026-01-24 19:15:00,NA,NA,NA,NA,NA,0.304,0.013,-0.033,7,7,7,7,7,0,0,0
FCR,100,2026-01-24 19:30:00,NA,NA,NA,NA,NA,0.305,0.013,-0.033,7,7,7,7,7,0,0,0
FCR,100,2026-01-24 19:45:00,NA,NA,NA,NA,NA,0.312,0.014,-0.032,7,7,7,7,7,0,0,0
FCR,100,2026-01-24 20:00:00,NA,NA,NA,NA,NA,0.3,0.012,-0.032,7,7,7,7,7,0,0,0
FCR,100,2026-01-24 20:15:00,NA,NA,NA,NA,NA,0.301,0.012,-0.032,7,7,7,7,7,0,0,0
FCR,100,2026-01-24 20:30:00,NA,NA,NA,NA,NA,0.305,0.013,-0.032,7,7,7,7,7,0,0,0
FCR,100,2026-01-24 20:45:00,NA,NA,NA,NA,NA,0.316,0.015,-0.032,7,7,7,7,7,0,0,0
FCR,100,2026-01-24 21:00:00,NA,NA,NA,NA,NA,0.299,0.012,-0.032,7,7,7,7,7,0,0,0
FCR,100,2026-01-24 21:15:00,NA,NA,NA,NA,NA,0.297,0.011,-0.032,7,7,7,7,7,0,0,0
FCR,100,2026-01-24 21:30:00,NA,NA,NA,NA,NA,0.295,0.011,-0.032,7,7,7,7,7,0,0,0
FCR,100,2026-01-24 21:45:00,NA,NA,NA,NA,NA,0.297,0.011,-0.032,7,7,7,7,7,0,0,0
FCR,100,2026-01-24 22:00:00,NA,NA,NA,NA,NA,0.298,0.011,-0.032,7,7,7,7,7,0,0,0
FCR,100,2026-01-24 22:15:00,NA,NA,NA,NA,NA,0.297,0.011,-0.032,7,7,7,7,7,0,0,0
FCR,100,2026-01-24 22:30:00,NA,NA,NA,NA,NA,0.302,0.012,-0.032,7,7,7,7,7,0,0,0
FCR,100,2026-01-24 22:45:00,NA,NA,NA,NA,NA,0.316,0.015,-0.032,7,7,7,7,7,0,0,0
FCR,100,2026-01-24 23:00:00,NA,NA,NA,NA,NA,0.316,0.015,-0.032,7,7,7,7,7,0,0,0
FCR,100,2026-01-24 23:15:00,NA,NA,NA,NA,NA,0.322,0.016,-0.032,7,7,7,7,7,0,0,0
FCR,100,2026-01-24 23:30:00,NA,NA,NA,NA,NA,0.322,0.016,-0.032,7,7,7,7,7,0,0,0
FCR,100,2026-01-24 23:45:00,NA,NA,NA,NA,NA,0.315,0.015,-0.031,7,7,7,7,7,0,0,0
FCR,100,2026-01-25 00:00:00,NA,NA,NA,NA,NA,0.317,0.015,-0.031,7,7,7,7,7,0,0,0
FCR,100,2026-01-25 00:15:00,NA,NA,NA,NA,NA,0.322,0.016,-0.031,7,7,7,7,7,0,0,0
FCR,100,2026-01-25 00:30:00,NA,NA,NA,NA,NA,0.325,0.017,-0.031,7,7,7,7,7,0,0,0
FCR,100,2026-01-25 00:45:00,NA,NA,NA,NA,NA,0.33,0.018,-0.031,7,7,7,7,7,0,0,0
FCR,100,2026-01-25 01:00:00,NA,NA,NA,NA,NA,0.333,0.018,-0.031,7,7,7,7,7,0,0,0
FCR,100,2026-01-25 01:15:00,NA,NA,NA,NA,NA,0.334,0.019,-0.031,7,7,7,7,7,0,0,0
FCR,100,2026-01-25 01:30:00,NA,NA,NA,NA,NA,0.336,0.019,-0.031,7,7,7,7,7,0,0,0
FCR,100,2026-01-25 01:45:00,NA,NA,NA,NA,NA,0.339,0.02,-0.031,7,7,7,7,7,0,0,0
FCR,100,2026-01-25 02:00:00,NA,NA,NA,NA,NA,0.34,0.02,-0.031,7,7,7,7,7,0,0,0
FCR,100,2026-01-25 02:15:00,NA,NA,NA,NA,NA,0.343,0.021,-0.031,7,7,7,7,7,0,0,0
FCR,100,2026-01-25 02:30:00,NA,NA,NA,NA,NA,0.34,0.02,-0.031,7,7,7,7,7,0,0,0
FCR,100,2026-01-25 02:45:00,NA,NA,NA,NA,NA,0.34,0.02,-0.031,7,7,7,7,7,0,0,0
FCR,100,2026-01-25 03:00:00,NA,NA,NA,NA,NA,0.345,0.021,-0.031,7,7,7,7,7,0,0,0
FCR,100,2026-01-25 03:15:00,NA,NA,NA,NA,NA,0.343,0.021,-0.031,7,7,7,7,7,0,0,0
FCR,100,2026-01-25 03:30:00,NA,NA,NA,NA,NA,0.346,0.021,-0.031,7,7,7,7,7,0,0,0
FCR,100,2026-01-25 03:45:00,NA,NA,NA,NA,NA,0.349,0.022,-0.031,7,7,7,7,7,0,0,0
FCR,100,2026-01-25 04:00:00,NA,NA,NA,NA,NA,0.348,0.022,-0.03,7,7,7,7,7,0,0,0
FCR,100,2026-01-25 04:15:00,NA,NA,NA,NA,NA,0.348,0.022,-0.031,7,7,7,7,7,0,0,0
FCR,100,2026-01-25 04:30:00,NA,NA,NA,NA,NA,0.35,0.022,-0.03,7,7,7,7,7,0,0,0
FCR,100,2026-01-25 04:45:00,NA,NA,NA,NA,NA,0.35,0.022,-0.031,7,7,7,7,7,0,0,0
FCR,100,2026-01-25 05:00:00,NA,NA,NA,NA,NA,0.349,0.022,-0.031,7,7,7,7,7,0,0,0
FCR,100,2026-01-25 05:15:00,NA,NA,NA,NA,NA,0.348,0.022,-0.03,7,7,7,7,7,0,0,0
FCR,100,2026-01-25 05:30:00,NA,NA,NA,NA,NA,0.348,0.022,-0.03,7,7,7,7,7,0,0,0
FCR,100,2026-01-25 05:45:00,NA,NA,NA,NA,NA,0.349,0.022,-0.03,7,7,7,7,7,0,0,0
FCR,100,2026-01-25 06:00:00,NA,NA,NA,NA,NA,0.35,0.022,-0.03,7,7,7,7,7,0,0,0
FCR,100,2026-01-25 06:15:00,NA,NA,NA,NA,NA,0.349,0.022,-0.03,7,7,7,7,7,0,0,0
FCR,100,2026-01-25 06:30:00,NA,NA,NA,NA,NA,0.351,0.023,-0.03,7,7,7,7,7,0,0,0
FCR,100,2026-01-25 06:45:00,NA,NA,NA,NA,NA,0.352,0.023,-0.03,7,7,7,7,7,0,0,0
FCR,100,2026-01-25 07:00:00,NA,NA,NA,NA,NA,0.354,0.023,-0.029,7,7,7,7,7,0,0,0
FCR,100,2026-01-25 07:15:00,NA,NA,NA,NA,NA,0.352,0.023,-0.029,7,7,7,7,7,0,0,0
FCR,100,2026-01-25 07:30:00,NA,NA,NA,NA,NA,0.352,0.023,-0.029,7,7,7,7,7,0,0,0
FCR,100,2026-01-25 07:45:00,NA,NA,NA,NA,NA,0.353,0.023,-0.029,7,7,7,7,7,0,0,0
FCR,100,2026-01-25 08:00:00,NA,NA,NA,NA,NA,0.355,0.024,-0.029,7,7,7,7,7,0,0,0
FCR,100,2026-01-25 08:15:00,NA,NA,NA,NA,NA,0.356,0.024,-0.028,7,7,7,7,7,0,0,0
FCR,100,2026-01-25 08:30:00,NA,NA,NA,NA,NA,0.357,0.024,-0.028,7,7,7,7,7,0,0,0
FCR,100,2026-01-25 08:45:00,NA,NA,NA,NA,NA,0.358,0.024,-0.028,7,7,7,7,7,0,0,0
FCR,100,2026-01-25 09:00:00,NA,NA,NA,NA,NA,0.359,0.025,-0.028,7,7,7,7,7,0,0,0
FCR,100,2026-01-25 09:15:00,NA,NA,NA,NA,NA,0.36,0.025,-0.028,7,7,7,7,7,0,0,0
FCR,100,2026-01-25 09:30:00,NA,NA,NA,NA,NA,0.361,0.025,-0.028,7,7,7,7,7,0,0,0
FCR,100,2026-01-25 09:45:00,NA,NA,NA,NA,NA,0.362,0.026,-0.028,7,7,7,7,7,0,0,0
FCR,100,2026-01-25 10:00:00,NA,NA,NA,NA,NA,0.364,0.026,-0.027,7,7,7,7,7,0,0,0
FCR,100,2026-01-25 10:15:00,NA,NA,NA,NA,NA,0.365,0.026,-0.028,7,7,7,7,7,0,0,0
FCR,100,2026-01-25 10:30:00,NA,NA,NA,NA,NA,0.365,0.026,-0.028,7,7,7,7,7,0,0,0
FCR,100,2026-01-25 10:45:00,NA,NA,NA,NA,NA,0.368,0.027,-0.027,7,7,7,7,7,0,0,0
FCR,100,2026-01-25 11:00:00,NA,NA,NA,NA,NA,0.369,0.028,-0.027,7,7,7,7,7,0,0,0
FCR,100,2026-01-25 11:15:00,NA,NA,NA,NA,NA,0.369,0.028,-0.027,7,7,7,7,7,0,0,0
FCR,100,2026-01-25 11:30:00,NA,NA,NA,NA,NA,0.371,0.028,-0.027,7,7,7,7,7,0,0,0
FCR,100,2026-01-25 11:45:00,NA,NA,NA,NA,NA,0.372,0.028,-0.027,7,7,7,7,7,0,0,0
FCR,100,2026-01-25 12:00:00,NA,NA,NA,NA,NA,0.375,0.029,-0.027,7,7,7,7,7,0,0,0
FCR,100,2026-01-25 12:15:00,NA,NA,NA,NA,NA,0.375,0.029,-0.026,7,7,7,7,7,0,0,0
FCR,100,2026-01-25 12:30:00,NA,NA,NA,NA,NA,0.378,0.03,-0.026,7,7,7,7,7,0,0,0
FCR,100,2026-01-25 12:45:00,NA,NA,NA,NA,NA,0.377,0.03,-0.027,7,7,7,7,7,0,0,0
FCR,100,2026-01-25 13:00:00,NA,NA,NA,NA,NA,0.378,0.03,-0.027,7,7,7,7,7,0,0,0
FCR,100,2026-01-25 13:15:00,NA,NA,NA,NA,NA,0.38,0.031,-0.027,7,7,7,7,7,0,0,0
FCR,100,2026-01-25 13:30:00,NA,NA,NA,NA,NA,0.381,0.031,-0.027,7,7,7,7,7,0,0,0
FCR,100,2026-01-25 13:45:00,NA,NA,NA,NA,NA,0.384,0.032,-0.026,7,7,7,7,7,0,0,0
FCR,100,2026-01-25 14:00:00,NA,NA,NA,NA,NA,0.385,0.032,-0.026,7,7,7,7,7,0,0,0
FCR,100,2026-01-25 14:15:00,NA,NA,NA,NA,NA,0.385,0.032,-0.027,7,7,7,7,7,0,0,0
FCR,100,2026-01-25 14:30:00,NA,NA,NA,NA,NA,0.386,0.033,-0.027,7,7,7,7,7,0,0,0
FCR,100,2026-01-25 14:45:00,NA,NA,NA,NA,NA,0.387,0.033,-0.027,7,7,7,7,7,0,0,0
FCR,100,2026-01-25 15:00:00,NA,NA,NA,NA,NA,0.386,0.033,-0.027,7,7,7,7,7,0,0,0
FCR,100,2026-01-25 15:15:00,NA,NA,NA,NA,NA,0.386,0.033,-0.027,7,7,7,7,7,0,0,0
FCR,100,2026-01-25 15:30:00,NA,NA,NA,NA,NA,0.387,0.033,-0.027,7,7,7,7,7,0,0,0
FCR,100,2026-01-25 15:45:00,NA,NA,NA,NA,NA,0.388,0.033,-0.027,7,7,7,7,7,0,0,0
FCR,100,2026-01-25 16:00:00,NA,NA,NA,NA,NA,0.391,0.034,-0.028,7,7,7,7,7,0,0,0
FCR,100,2026-01-25 16:15:00,NA,NA,NA,NA,NA,0.393,0.035,-0.027,7,7,7,7,7,0,0,0
FCR,100,2026-01-25 16:30:00,NA,NA,NA,NA,NA,0.396,0.036,-0.028,7,7,7,7,7,0,0,0
FCR,100,2026-01-25 16:45:00,NA,NA,NA,NA,NA,0.396,0.036,-0.028,7,7,7,7,7,0,0,0
FCR,100,2026-01-25 17:00:00,NA,NA,NA,NA,NA,0.397,0.036,-0.028,7,7,7,7,7,0,0,0
FCR,100,2026-01-25 17:15:00,NA,NA,NA,NA,NA,0.393,0.035,-0.028,7,7,7,7,7,0,0,0
FCR,100,2026-01-25 17:30:00,NA,NA,NA,NA,NA,0.39,0.034,-0.028,7,7,7,7,7,0,0,0
FCR,100,2026-01-25 17:45:00,NA,NA,NA,NA,NA,0.389,0.034,-0.028,7,7,7,7,7,0,0,0
FCR,100,2026-01-25 18:00:00,NA,NA,NA,NA,NA,0.388,0.033,-0.028,7,7,7,7,7,0,0,0
FCR,100,2026-01-25 18:15:00,NA,NA,NA,NA,NA,0.386,0.033,-0.028,7,7,7,7,7,0,0,0
FCR,100,2026-01-25 18:30:00,NA,NA,NA,NA,NA,0.384,0.032,-0.029,7,7,7,7,7,0,0,0
FCR,100,2026-01-25 18:45:00,NA,NA,NA,NA,NA,0.385,0.032,-0.028,7,7,7,7,7,0,0,0
FCR,100,2026-01-25 19:00:00,NA,NA,NA,NA,NA,0.386,0.033,-0.028,7,7,7,7,7,0,0,0
FCR,100,2026-01-25 19:15:00,NA,NA,NA,NA,NA,0.388,0.033,-0.029,7,7,7,7,7,0,0,0
FCR,100,2026-01-25 19:30:00,NA,NA,NA,NA,NA,0.388,0.033,-0.028,7,7,7,7,7,0,0,0
FCR,100,2026-01-25 19:45:00,NA,NA,NA,NA,NA,0.386,0.033,-0.028,7,7,7,7,7,0,0,0
FCR,100,2026-01-25 20:00:00,NA,NA,NA,NA,NA,0.386,0.033,-0.028,7,7,7,7,7,0,0,0
FCR,100,2026-01-25 20:15:00,NA,NA,NA,NA,NA,0.391,0.034,-0.029,7,7,7,7,7,0,0,0
FCR,100,2026-01-25 20:30:00,NA,NA,NA,NA,NA,0.39,0.034,-0.029,7,7,7,7,7,0,0,0
FCR,100,2026-01-25 20:45:00,NA,NA,NA,NA,NA,0.393,0.035,-0.029,7,7,7,7,7,0,0,0
FCR,100,2026-01-25 21:00:00,NA,NA,NA,NA,NA,0.388,0.033,-0.029,7,7,7,7,7,0,0,0
FCR,100,2026-01-25 21:15:00,NA,NA,NA,NA,NA,0.386,0.033,-0.028,7,7,7,7,7,0,0,0
FCR,100,2026-01-25 21:30:00,NA,NA,NA,NA,NA,0.384,0.032,-0.028,7,7,7,7,7,0,0,0
FCR,100,2026-01-25 21:45:00,NA,NA,NA,NA,NA,0.381,0.031,-0.028,7,7,7,7,7,0,0,0
FCR,100,2026-01-25 22:00:00,NA,NA,NA,NA,NA,0.38,0.031,-0.029,7,7,7,7,7,0,0,0
FCR,100,2026-01-25 22:15:00,NA,NA,NA,NA,NA,0.381,0.031,-0.029,7,7,7,7,7,0,0,0
FCR,100,2026-01-25 22:30:00,NA,NA,NA,NA,NA,0.383,0.032,-0.029,7,7,7,7,7,0,0,0
FCR,100,2026-01-25 22:45:00,NA,NA,NA,NA,NA,0.383,0.032,-0.029,7,7,7,7,7,0,0,0
FCR,100,2026-01-25 23:00:00,NA,NA,NA,NA,NA,0.381,0.031,-0.029,7,7,7,7,7,0,0,0
FCR,100,2026-01-25 23:15:00,NA,NA,NA,NA,NA,0.38,0.031,-0.029,7,7,7,7,7,0,0,0
FCR,100,2026-01-25 23:30:00,NA,NA,NA,NA,NA,0.38,0.031,-0.029,7,7,7,7,7,0,0,0
FCR,100,2026-01-25 23:45:00,NA,NA,NA,NA,NA,0.383,0.032,-0.029,7,7,7,7,7,0,0,0
FCR,100,2026-01-26 00:00:00,NA,NA,NA,NA,NA,0.378,0.03,-0.029,7,7,7,7,7,0,0,0
FCR,100,2026-01-26 00:15:00,NA,NA,NA,NA,NA,0.378,0.03,-0.029,7,7,7,7,7,0,0,0
FCR,100,2026-01-26 00:30:00,NA,NA,NA,NA,NA,0.378,0.03,-0.028,7,7,7,7,7,0,0,0
FCR,100,2026-01-26 00:45:00,NA,NA,NA,NA,NA,0.376,0.03,-0.028,7,7,7,7,7,0,0,0
FCR,100,2026-01-26 01:00:00,NA,NA,NA,NA,NA,0.376,0.03,-0.028,7,7,7,7,7,0,0,0
FCR,100,2026-01-26 01:15:00,NA,NA,NA,NA,NA,0.376,0.03,-0.028,7,7,7,7,7,0,0,0
FCR,100,2026-01-26 01:30:00,NA,NA,NA,NA,NA,0.376,0.03,-0.028,7,7,7,7,7,0,0,0
FCR,100,2026-01-26 01:45:00,NA,NA,NA,NA,NA,0.375,0.029,-0.028,7,7,7,7,7,0,0,0
FCR,100,2026-01-26 02:00:00,NA,NA,NA,NA,NA,0.374,0.029,-0.028,7,7,7,7,7,0,0,0
FCR,100,2026-01-26 02:15:00,NA,NA,NA,NA,NA,0.375,0.029,-0.028,7,7,7,7,7,0,0,0
FCR,100,2026-01-26 02:30:00,NA,NA,NA,NA,NA,0.374,0.029,-0.028,7,7,7,7,7,0,0,0
FCR,100,2026-01-26 02:45:00,NA,NA,NA,NA,NA,0.372,0.028,-0.025,7,7,7,7,7,0,0,0
FCR,100,2026-01-26 03:00:00,NA,NA,NA,NA,NA,0.371,0.028,-0.014,7,7,7,7,7,0,0,0
FCR,100,2026-01-26 03:15:00,NA,NA,NA,NA,NA,0.371,0.028,0.017,7,7,7,7,7,0,0,0
FCR,100,2026-01-26 03:30:00,NA,NA,NA,NA,NA,0.371,0.028,0.098,7,7,7,7,7,0,0,0
FCR,100,2026-01-26 03:45:00,NA,NA,NA,NA,NA,0.371,0.028,0.191,7,7,7,7,7,0,0,0
FCR,100,2026-01-26 04:00:00,NA,NA,NA,NA,NA,0.368,0.027,0.302,7,7,7,7,7,0,0,0
FCR,100,2026-01-26 04:15:00,NA,NA,NA,NA,NA,0.363,0.026,0.433,7,7,7,7,7,0,0,0
FCR,100,2026-01-26 04:30:00,NA,NA,NA,NA,NA,0.359,0.025,0.549,7,7,7,7,7,0,0,0
FCR,100,2026-01-26 04:45:00,NA,NA,NA,NA,NA,0.357,0.024,0.628,7,7,7,7,7,0,0,0
FCR,100,2026-01-26 05:00:00,NA,NA,NA,NA,NA,0.356,0.024,0.675,7,7,7,7,7,0,0,0
FCR,100,2026-01-26 05:15:00,NA,NA,NA,NA,NA,0.354,0.023,0.72,7,7,7,7,7,0,0,0
FCR,100,2026-01-26 05:30:00,NA,NA,NA,NA,NA,0.356,0.024,0.742,7,7,7,7,7,0,0,0
FCR,100,2026-01-26 05:45:00,NA,NA,NA,NA,NA,0.356,0.024,0.77,7,7,7,7,7,0,0,0
FCR,100,2026-01-26 06:00:00,NA,NA,NA,NA,NA,0.355,0.024,0.84,7,7,7,7,7,0,0,0
FCR,100,2026-01-26 06:15:00,NA,NA,NA,NA,NA,0.356,0.024,0.902,7,7,7,7,7,0,0,0
FCR,100,2026-01-26 06:30:00,NA,NA,NA,NA,NA,0.357,0.024,0.919,7,7,7,7,7,0,0,0
FCR,100,2026-01-26 06:45:00,NA,NA,NA,NA,NA,0.356,0.024,0.954,7,7,7,7,7,0,0,0
FCR,100,2026-01-26 07:00:00,NA,NA,NA,NA,NA,0.357,0.024,0.942,7,7,7,7,7,0,0,0
FCR,100,2026-01-26 07:15:00,NA,NA,NA,NA,NA,0.356,0.024,0.991,7,7,7,7,7,0,0,0
FCR,100,2026-01-26 07:30:00,NA,NA,NA,NA,NA,0.356,0.024,0.996,7,7,7,7,7,0,0,0
FCR,100,2026-01-26 07:45:00,NA,NA,NA,NA,NA,0.356,0.024,0.986,7,7,7,7,7,0,0,0
FCR,100,2026-01-26 08:00:00,NA,NA,NA,NA,NA,0.355,0.024,1.043,7,7,7,7,7,0,0,0
FCR,100,2026-01-26 08:15:00,NA,NA,NA,NA,NA,0.356,0.024,1.039,7,7,7,7,7,0,0,0
FCR,100,2026-01-26 08:30:00,NA,NA,NA,NA,NA,0.356,0.024,1.066,7,7,7,7,7,0,0,0
FCR,100,2026-01-26 08:45:00,NA,NA,NA,NA,NA,0.356,0.024,1.057,7,7,7,7,7,0,0,0
FCR,100,2026-01-26 09:00:00,NA,NA,NA,NA,NA,0.356,0.024,1.072,7,7,7,7,7,0,0,0
FCR,100,2026-01-26 09:15:00,NA,NA,NA,NA,NA,0.357,0.024,1.07,7,7,7,7,7,0,0,0
FCR,100,2026-01-26 09:30:00,NA,NA,NA,NA,NA,0.356,0.024,1.067,7,7,7,7,7,0,0,0
FCR,100,2026-01-26 09:45:00,NA,NA,NA,NA,NA,0.355,0.024,1.095,7,7,7,7,7,0,0,0
FCR,100,2026-01-26 10:00:00,NA,NA,NA,NA,NA,0.356,0.024,1.098,7,7,7,7,7,0,0,0
FCR,100,2026-01-26 10:15:00,NA,NA,NA,NA,NA,0.356,0.024,1.134,7,7,7,7,7,0,0,0
FCR,100,2026-01-26 10:30:00,NA,NA,NA,NA,NA,0.354,0.023,1.147,7,7,7,7,7,0,0,0
FCR,100,2026-01-26 10:45:00,NA,NA,NA,NA,NA,0.355,0.024,1.144,7,7,7,7,7,0,0,0
FCR,100,2026-01-26 11:00:00,NA,NA,NA,NA,NA,0.354,0.023,1.161,7,7,7,7,7,0,0,0
FCR,100,2026-01-26 11:15:00,NA,NA,NA,NA,NA,0.357,0.024,1.085,7,7,7,7,7,0,0,0
FCR,100,2026-01-26 11:30:00,NA,NA,NA,NA,NA,0.355,0.024,1.168,7,7,7,7,7,0,0,0
FCR,100,2026-01-26 11:45:00,NA,NA,NA,NA,NA,0.355,0.024,1.215,7,7,7,7,7,0,0,0
FCR,100,2026-01-26 12:00:00,NA,NA,NA,NA,NA,0.356,0.024,1.227,7,7,7,7,7,0,0,0
FCR,100,2026-01-26 12:15:00,NA,NA,NA,NA,NA,0.357,0.024,1.19,7,7,7,7,7,0,0,0
FCR,100,2026-01-26 12:30:00,NA,NA,NA,NA,NA,0.356,0.024,1.25,7,7,7,7,7,0,0,0
FCR,100,2026-01-26 12:45:00,NA,NA,NA,NA,NA,0.355,0.024,1.202,7,7,7,7,7,0,0,0
FCR,100,2026-01-26 13:00:00,NA,NA,NA,NA,NA,0.356,0.024,1.227,7,7,7,7,7,0,0,0
FCR,100,2026-01-26 13:15:00,NA,NA,NA,NA,NA,0.356,0.024,1.251,7,7,7,7,7,0,0,0
FCR,100,2026-01-26 13:30:00,NA,NA,NA,NA,NA,0.356,0.024,1.279,7,7,7,7,7,0,0,0
FCR,100,2026-01-26 13:45:00,NA,NA,NA,NA,NA,0.355,0.024,1.319,7,7,7,7,7,0,0,0
FCR,100,2026-01-26 14:00:00,NA,NA,NA,NA,NA,0.354,0.023,1.32,7,7,7,7,7,0,0,0
FCR,100,2026-01-26 14:15:00,NA,NA,NA,NA,NA,0.356,0.024,1.31,7,7,7,7,7,0,0,0
FCR,100,2026-01-26 14:30:00,NA,NA,NA,NA,NA,0.356,0.024,1.29,7,7,7,7,7,0,0,0
FCR,100,2026-01-26 14:45:00,NA,NA,NA,NA,NA,0.356,0.024,1.306,7,7,7,7,7,0,0,0
FCR,100,2026-01-26 15:00:00,NA,NA,NA,NA,NA,0.355,0.024,1.388,7,7,7,7,7,0,0,0
FCR,100,2026-01-26 15:15:00,NA,NA,NA,NA,NA,0.354,0.023,1.357,7,7,7,7,7,0,0,0
FCR,100,2026-01-26 15:30:00,NA,NA,NA,NA,NA,0.356,0.024,1.365,7,7,7,7,7,0,0,0
FCR,100,2026-01-26 15:45:00,NA,NA,NA,NA,NA,0.356,0.024,1.409,7,7,7,7,7,0,0,0
FCR,100,2026-01-26 16:00:00,NA,NA,NA,NA,NA,0.356,0.024,1.398,7,7,7,7,7,0,0,0
FCR,100,2026-01-26 16:15:00,NA,NA,NA,NA,NA,0.355,0.024,1.381,7,7,7,7,7,0,0,0
FCR,100,2026-01-26 16:30:00,NA,NA,NA,NA,NA,0.356,0.024,1.342,7,7,7,7,7,0,0,0
FCR,100,2026-01-26 16:45:00,NA,NA,NA,NA,NA,0.354,0.023,1.338,7,7,7,7,7,0,0,0
FCR,100,2026-01-26 17:00:00,NA,NA,NA,NA,NA,0.355,0.024,1.321,7,7,7,7,7,0,0,0
FCR,100,2026-01-26 17:15:00,NA,NA,NA,NA,NA,0.354,0.023,1.288,7,7,7,7,7,0,0,0
FCR,100,2026-01-26 17:30:00,NA,NA,NA,NA,NA,0.354,0.023,1.281,7,7,7,7,7,0,0,0
FCR,100,2026-01-26 17:45:00,NA,NA,NA,NA,NA,0.354,0.023,1.244,7,7,7,7,7,0,0,0
FCR,100,2026-01-26 18:00:00,NA,NA,NA,NA,NA,0.355,0.024,1.201,7,7,7,7,7,0,0,0
FCR,100,2026-01-26 18:15:00,NA,NA,NA,NA,NA,0.354,0.023,1.194,7,7,7,7,7,0,0,0
FCR,100,2026-01-26 18:30:00,NA,NA,NA,NA,NA,0.354,0.023,1.161,7,7,7,7,7,0,0,0
FCR,100,2026-01-26 18:45:00,NA,NA,NA,NA,NA,0.353,0.023,1.055,7,7,7,7,7,0,0,0
FCR,100,2026-01-26 19:00:00,NA,NA,NA,NA,NA,0.353,0.023,1.091,7,7,7,7,7,0,0,0
FCR,100,2026-01-26 19:15:00,NA,NA,NA,NA,NA,0.353,0.023,1.069,7,7,7,7,7,0,0,0
FCR,100,2026-01-26 19:30:00,NA,NA,NA,NA,NA,0.352,0.023,1.046,7,7,7,7,7,0,0,0
FCR,100,2026-01-26 19:45:00,NA,NA,NA,NA,NA,0.353,0.023,1.005,7,7,7,7,7,0,0,0
FCR,100,2026-01-26 20:00:00,NA,NA,NA,NA,NA,0.354,0.023,0.994,7,7,7,7,7,0,0,0
FCR,100,2026-01-26 20:15:00,NA,NA,NA,NA,NA,0.353,0.023,0.937,7,7,7,7,7,0,0,0
FCR,100,2026-01-26 20:30:00,NA,NA,NA,NA,NA,0.352,0.023,0.957,7,7,7,7,7,0,0,0
FCR,100,2026-01-26 20:45:00,NA,NA,NA,NA,NA,0.352,0.023,0.938,7,7,7,7,7,0,0,0
FCR,100,2026-01-26 21:00:00,NA,NA,NA,NA,NA,0.354,0.023,0.909,7,7,7,7,7,0,0,0
FCR,100,2026-01-26 21:15:00,NA,NA,NA,NA,NA,0.352,0.023,0.882,7,7,7,7,7,0,0,0
FCR,100,2026-01-26 21:30:00,NA,NA,NA,NA,NA,0.351,0.023,0.849,7,7,7,7,7,0,0,0
FCR,100,2026-01-26 21:45:00,NA,NA,NA,NA,NA,0.353,0.023,0.823,7,7,7,7,7,0,0,0
FCR,100,2026-01-26 22:00:00,NA,NA,NA,NA,NA,0.353,0.023,0.794,7,7,7,7,7,0,0,0
FCR,100,2026-01-26 22:15:00,NA,NA,NA,NA,NA,0.352,0.023,0.789,7,7,7,7,7,0,0,0
FCR,100,2026-01-26 22:30:00,NA,NA,NA,NA,NA,0.352,0.023,0.752,7,7,7,7,7,0,0,0
FCR,100,2026-01-26 22:45:00,NA,NA,NA,NA,NA,0.352,0.023,0.735,7,7,7,7,7,0,0,0
FCR,100,2026-01-26 23:00:00,NA,NA,NA,NA,NA,0.352,0.023,0.712,7,7,7,7,7,0,0,0
FCR,100,2026-01-26 23:15:00,NA,NA,NA,NA,NA,0.352,0.023,0.693,7,7,7,7,7,0,0,0
FCR,100,2026-01-26 23:30:00,NA,NA,NA,NA,NA,0.351,0.023,0.674,7,7,7,7,7,0,0,0
FCR,100,2026-01-26 23:45:00,NA,NA,NA,NA,NA,0.352,0.023,0.653,7,7,7,7,7,0,0,0
FCR,100,2026-01-27 00:00:00,NA,NA,NA,NA,NA,0.351,0.023,0.624,7,7,7,7,7,0,0,0
FCR,100,2026-01-27 00:15:00,NA,NA,NA,NA,NA,0.352,0.023,0.607,7,7,7,7,7,0,0,0
FCR,100,2026-01-27 00:30:00,NA,NA,NA,NA,NA,0.35,0.022,0.592,7,7,7,7,7,0,0,0
FCR,100,2026-01-27 00:45:00,NA,NA,NA,NA,NA,0.35,0.022,0.578,7,7,7,7,7,0,0,0
FCR,100,2026-01-27 01:00:00,NA,NA,NA,NA,NA,0.35,0.022,0.555,7,7,7,7,7,0,0,0
FCR,100,2026-01-27 01:15:00,NA,NA,NA,NA,NA,0.35,0.022,0.539,7,7,7,7,7,0,0,0
FCR,100,2026-01-27 01:30:00,NA,NA,NA,NA,NA,0.35,0.022,0.516,7,7,7,7,7,0,0,0
FCR,100,2026-01-27 01:45:00,NA,NA,NA,NA,NA,0.35,0.022,0.481,7,7,7,7,7,0,0,0
FCR,100,2026-01-27 02:00:00,NA,NA,NA,NA,NA,0.35,0.022,0.454,7,7,7,7,7,0,0,0
FCR,100,2026-01-27 02:15:00,NA,NA,NA,NA,NA,0.35,0.022,0.447,7,7,7,7,7,0,0,0
FCR,100,2026-01-27 02:30:00,NA,NA,NA,NA,NA,0.349,0.022,0.437,7,7,7,7,7,0,0,0
FCR,100,2026-01-27 02:45:00,NA,NA,NA,NA,NA,0.35,0.022,0.431,7,7,7,7,7,0,0,0
FCR,100,2026-01-27 03:00:00,NA,NA,NA,NA,NA,0.35,0.022,0.421,7,7,7,7,7,0,0,0
FCR,100,2026-01-27 03:15:00,NA,NA,NA,NA,NA,0.349,0.022,0.4,7,7,7,7,7,0,0,0
FCR,100,2026-01-27 03:30:00,NA,NA,NA,NA,NA,0.349,0.022,0.384,7,7,7,7,7,0,0,0
FCR,100,2026-01-27 03:45:00,NA,NA,NA,NA,NA,0.349,0.022,0.367,7,7,7,7,7,0,0,0
FCR,100,2026-01-27 04:00:00,NA,NA,NA,NA,NA,0.349,0.022,0.344,7,7,7,7,7,0,0,0
FCR,100,2026-01-27 04:15:00,NA,NA,NA,NA,NA,0.35,0.022,0.338,7,7,7,7,7,0,0,0
FCR,100,2026-01-27 04:30:00,NA,NA,NA,NA,NA,0.349,0.022,0.325,7,7,7,7,7,0,0,0
FCR,100,2026-01-27 04:45:00,NA,NA,NA,NA,NA,0.348,0.022,0.31,7,7,7,7,7,0,0,0
FCR,100,2026-01-27 05:00:00,NA,NA,NA,NA,NA,0.348,0.022,0.282,7,7,7,7,7,0,0,0
FCR,100,2026-01-27 05:15:00,NA,NA,NA,NA,NA,0.348,0.022,0.269,7,7,7,7,7,0,0,0
FCR,100,2026-01-27 05:30:00,NA,NA,NA,NA,NA,0.348,0.022,0.254,7,7,7,7,7,0,0,0
FCR,100,2026-01-27 05:45:00,NA,NA,NA,NA,NA,0.348,0.022,0.237,7,7,7,7,7,0,0,0
FCR,100,2026-01-27 06:00:00,NA,NA,NA,NA,NA,0.347,0.022,0.226,7,7,7,7,7,0,0,0
FCR,100,2026-01-27 06:15:00,NA,NA,NA,NA,NA,0.348,0.022,0.214,7,7,7,7,7,0,0,0
FCR,100,2026-01-27 06:30:00,NA,NA,NA,NA,NA,0.347,0.022,0.197,7,7,7,7,7,0,0,0
FCR,100,2026-01-27 06:45:00,NA,NA,NA,NA,NA,0.346,0.021,0.19,7,7,7,7,7,0,0,0
FCR,100,2026-01-27 07:00:00,NA,NA,NA,NA,NA,0.345,0.021,0.175,7,7,7,7,7,0,0,0
FCR,100,2026-01-27 07:15:00,NA,NA,NA,NA,NA,0.346,0.021,0.165,7,7,7,7,7,0,0,0
FCR,100,2026-01-27 07:30:00,NA,NA,NA,NA,NA,0.346,0.021,0.151,7,7,7,7,7,0,0,0
FCR,100,2026-01-27 07:45:00,NA,NA,NA,NA,NA,0.344,0.021,0.14,7,7,7,7,7,0,0,0
FCR,100,2026-01-27 08:00:00,NA,NA,NA,NA,NA,0.344,0.021,0.127,7,7,7,7,7,0,0,0
FCR,100,2026-01-27 08:15:00,NA,NA,NA,NA,NA,0.344,0.021,0.121,7,7,7,7,7,0,0,0
FCR,100,2026-01-27 08:30:00,NA,NA,NA,NA,NA,0.343,0.021,0.115,7,7,7,7,7,0,0,0
FCR,100,2026-01-27 08:45:00,NA,NA,NA,NA,NA,0.344,0.021,0.106,7,7,7,7,7,0,0,0
FCR,100,2026-01-27 09:00:00,NA,NA,NA,NA,NA,0.343,0.021,0.098,7,7,7,7,7,0,0,0
FCR,100,2026-01-27 09:15:00,NA,NA,NA,NA,NA,0.342,0.02,0.092,7,7,7,7,7,0,0,0
FCR,100,2026-01-27 09:30:00,NA,NA,NA,NA,NA,0.342,0.02,0.085,7,7,7,7,7,0,0,0
FCR,100,2026-01-27 09:45:00,NA,NA,NA,NA,NA,0.342,0.02,0.08,7,7,7,7,7,0,0,0
FCR,100,2026-01-27 10:00:00,NA,NA,NA,NA,NA,0.342,0.02,0.073,7,7,7,7,7,0,0,0
FCR,100,2026-01-27 10:15:00,NA,NA,NA,NA,NA,0.342,0.02,0.071,7,7,7,7,7,0,0,0
FCR,100,2026-01-27 10:30:00,NA,NA,NA,NA,NA,0.343,0.021,0.068,7,7,7,7,7,0,0,0
FCR,100,2026-01-27 10:45:00,NA,NA,NA,NA,NA,0.342,0.02,0.072,7,7,7,7,7,0,0,0
FCR,100,2026-01-27 11:00:00,NA,NA,NA,NA,NA,0.343,0.021,0.084,7,7,7,7,7,0,0,0
FCR,100,2026-01-27 11:15:00,NA,NA,NA,NA,NA,0.342,0.02,0.087,7,7,7,7,7,0,0,0
FCR,100,2026-01-27 11:30:00,NA,NA,NA,NA,NA,0.343,0.021,0.098,7,7,7,7,7,0,0,0
FCR,100,2026-01-27 11:45:00,NA,NA,NA,NA,NA,0.344,0.021,0.117,7,7,7,7,7,0,0,0
FCR,100,2026-01-27 12:00:00,NA,NA,NA,NA,NA,0.343,0.021,0.131,7,7,7,7,7,0,0,0
FCR,100,2026-01-27 12:15:00,NA,NA,NA,NA,NA,0.344,0.021,0.159,7,7,7,7,7,0,0,0
FCR,100,2026-01-27 12:30:00,NA,NA,NA,NA,NA,0.344,0.021,0.175,7,7,7,7,7,0,0,0
FCR,100,2026-01-27 12:45:00,NA,NA,NA,NA,NA,0.345,0.021,0.203,7,7,7,7,7,0,0,0
FCR,100,2026-01-27 13:00:00,NA,NA,NA,NA,NA,0.345,0.021,0.227,7,7,7,7,7,0,0,0
FCR,100,2026-01-27 13:15:00,NA,NA,NA,NA,NA,0.346,0.021,0.263,7,7,7,7,7,0,0,0
FCR,100,2026-01-27 13:30:00,NA,NA,NA,NA,NA,0.346,0.021,0.308,7,7,7,7,7,0,0,0
FCR,100,2026-01-27 13:45:00,NA,NA,NA,NA,NA,0.347,0.022,0.369,7,7,7,7,7,0,0,0
FCR,100,2026-01-27 14:00:00,NA,NA,NA,NA,NA,0.348,0.022,0.427,7,7,7,7,7,0,0,0
FCR,100,2026-01-27 14:15:00,NA,NA,NA,NA,NA,0.348,0.022,0.482,7,7,7,7,7,0,0,0
FCR,100,2026-01-27 14:30:00,NA,NA,NA,NA,NA,0.349,0.022,0.538,7,7,7,7,7,0,0,0
FCR,100,2026-01-27 14:45:00,NA,NA,NA,NA,NA,0.348,0.022,0.589,7,7,7,7,7,0,0,0
FCR,100,2026-01-27 15:00:00,NA,NA,NA,NA,NA,0.348,0.022,0.642,7,7,7,7,7,0,0,0
FCR,100,2026-01-27 15:15:00,NA,NA,NA,NA,NA,0.347,0.022,0.702,7,7,7,7,7,0,0,0
FCR,100,2026-01-27 15:30:00,NA,NA,NA,NA,NA,0.349,0.022,0.757,7,7,7,7,7,0,0,0
FCR,100,2026-01-27 15:45:00,NA,NA,NA,NA,NA,0.348,0.022,0.803,7,7,7,7,7,0,0,0
FCR,100,2026-01-27 16:00:00,NA,NA,NA,NA,NA,0.348,0.022,0.854,7,7,7,7,7,0,0,0
FCR,100,2026-01-27 16:15:00,NA,NA,NA,NA,NA,0.348,0.022,0.899,7,7,7,7,7,0,0,0
FCR,100,2026-01-27 16:30:00,NA,NA,NA,NA,NA,0.348,0.022,0.939,7,7,7,7,7,0,0,0
FCR,100,2026-01-27 16:45:00,NA,NA,NA,NA,NA,0.348,0.022,0.977,7,7,7,7,7,0,0,0
FCR,100,2026-01-27 17:00:00,NA,NA,NA,NA,NA,0.348,0.022,1.007,7,7,7,7,7,0,0,0
FCR,100,2026-01-27 17:15:00,NA,NA,NA,NA,NA,0.348,0.022,1.027,7,7,7,7,7,0,0,0
FCR,100,2026-01-27 17:30:00,NA,NA,NA,NA,NA,0.347,0.022,1.05,7,7,7,7,7,0,0,0
FCR,100,2026-01-27 17:45:00,NA,NA,NA,NA,NA,0.348,0.022,1.061,7,7,7,7,7,0,0,0
FCR,100,2026-01-27 18:00:00,NA,NA,NA,NA,NA,0.347,0.022,1.071,7,7,7,7,7,0,0,0
FCR,100,2026-01-27 18:15:00,NA,NA,NA,NA,NA,0.347,0.022,1.079,7,7,7,7,7,0,0,0
FCR,100,2026-01-27 18:30:00,NA,NA,NA,NA,NA,0.348,0.022,1.084,7,7,7,7,7,0,0,0
FCR,100,2026-01-27 18:45:00,NA,NA,NA,NA,NA,0.347,0.022,1.088,7,7,7,7,7,0,0,0
FCR,100,2026-01-27 19:00:00,NA,NA,NA,NA,NA,0.348,0.022,1.081,7,7,7,7,7,0,0,0
FCR,100,2026-01-27 19:15:00,NA,NA,NA,NA,NA,0.347,0.022,1.083,7,7,7,7,7,0,0,0
FCR,100,2026-01-27 19:30:00,NA,NA,NA,NA,NA,0.347,0.022,1.084,7,7,7,7,7,0,0,0
FCR,100,2026-01-27 19:45:00,NA,NA,NA,NA,NA,0.347,0.022,1.084,7,7,7,7,7,0,0,0
FCR,100,2026-01-27 20:00:00,NA,NA,NA,NA,NA,0.347,0.022,1.083,7,7,7,7,7,0,0,0
FCR,100,2026-01-27 20:15:00,NA,NA,NA,NA,NA,0.346,0.021,1.083,7,7,7,7,7,0,0,0
FCR,100,2026-01-27 20:30:00,NA,NA,NA,NA,NA,0.347,0.022,1.078,7,7,7,7,7,0,0,0
FCR,100,2026-01-27 20:45:00,NA,NA,NA,NA,NA,0.346,0.021,1.066,7,7,7,7,7,0,0,0
FCR,100,2026-01-27 21:00:00,NA,NA,NA,NA,NA,0.346,0.021,1.053,7,7,7,7,7,0,0,0
FCR,100,2026-01-27 21:15:00,NA,NA,NA,NA,NA,0.345,0.021,1.042,7,7,7,7,7,0,0,0
FCR,100,2026-01-27 21:30:00,NA,NA,NA,NA,NA,0.347,0.022,1.037,7,7,7,7,7,0,0,0
FCR,100,2026-01-27 21:45:00,NA,NA,NA,NA,NA,0.345,0.021,1.026,7,7,7,7,7,0,0,0
FCR,100,2026-01-27 22:00:00,NA,NA,NA,NA,NA,0.345,0.021,1.015,7,7,7,7,7,0,0,0
FCR,100,2026-01-27 22:15:00,NA,NA,NA,NA,NA,0.347,0.022,1,7,7,7,7,7,0,0,0
FCR,100,2026-01-27 22:30:00,NA,NA,NA,NA,NA,0.346,0.021,0.993,7,7,7,7,7,0,0,0
FCR,100,2026-01-27 22:45:00,NA,NA,NA,NA,NA,0.345,0.021,0.987,7,7,7,7,7,0,0,0
FCR,100,2026-01-27 23:00:00,NA,NA,NA,NA,NA,0.345,0.021,0.979,7,7,7,7,7,0,0,0
FCR,100,2026-01-27 23:15:00,NA,NA,NA,NA,NA,0.346,0.021,0.961,7,7,7,7,7,0,0,0
FCR,100,2026-01-27 23:30:00,NA,NA,NA,NA,NA,0.345,0.021,0.953,7,7,7,7,7,0,0,0
FCR,100,2026-01-27 23:45:00,NA,NA,NA,NA,NA,0.345,0.021,0.944,7,7,7,7,7,0,0,0
FCR,100,2026-01-28 00:00:00,NA,NA,NA,NA,NA,0.345,0.021,0.933,7,7,7,7,7,0,0,0
FCR,100,2026-01-28 00:15:00,NA,NA,NA,NA,NA,0.345,0.021,0.919,7,7,7,7,7,0,0,0
FCR,100,2026-01-28 00:30:00,NA,NA,NA,NA,NA,0.345,0.021,0.905,7,7,7,7,7,0,0,0
FCR,100,2026-01-28 00:45:00,NA,NA,NA,NA,NA,0.345,0.021,0.895,7,7,7,7,7,0,0,0
FCR,100,2026-01-28 01:00:00,NA,NA,NA,NA,NA,0.345,0.021,0.89,7,7,7,7,7,0,0,0
FCR,100,2026-01-28 01:15:00,NA,NA,NA,NA,NA,0.345,0.021,0.87,7,7,7,7,7,0,0,0
FCR,100,2026-01-28 01:30:00,NA,NA,NA,NA,NA,0.344,0.021,0.867,7,7,7,7,7,0,0,0
FCR,100,2026-01-28 01:45:00,NA,NA,NA,NA,NA,0.344,0.021,0.859,7,7,7,7,7,0,0,0
FCR,100,2026-01-28 02:00:00,NA,NA,NA,NA,NA,0.344,0.021,0.856,7,7,7,7,7,0,0,0
FCR,100,2026-01-28 02:15:00,NA,NA,NA,NA,NA,0.344,0.021,0.852,7,7,7,7,7,0,0,0
FCR,100,2026-01-28 02:30:00,NA,NA,NA,NA,NA,0.343,0.021,0.844,7,7,7,7,7,0,0,0
FCR,100,2026-01-28 02:45:00,NA,NA,NA,NA,NA,0.344,0.021,0.829,7,7,7,7,7,0,0,0
FCR,100,2026-01-28 03:00:00,NA,NA,NA,NA,NA,0.344,0.021,0.813,7,7,7,7,7,0,0,0
FCR,100,2026-01-28 03:15:00,NA,NA,NA,NA,NA,0.343,0.021,0.804,7,7,7,7,7,0,0,0
FCR,100,2026-01-28 03:30:00,NA,NA,NA,NA,NA,0.342,0.02,0.807,7,7,7,7,7,0,0,0
FCR,100,2026-01-28 03:45:00,NA,NA,NA,NA,NA,0.344,0.021,0.801,7,7,7,7,7,0,0,0
FCR,100,2026-01-28 04:00:00,NA,NA,NA,NA,NA,0.344,0.021,0.789,7,7,7,7,7,0,0,0
FCR,100,2026-01-28 04:15:00,NA,NA,NA,NA,NA,0.343,0.021,0.789,7,7,7,7,7,0,0,0
FCR,100,2026-01-28 04:30:00,NA,NA,NA,NA,NA,0.344,0.021,0.783,7,7,7,7,7,0,0,0
FCR,100,2026-01-28 04:45:00,NA,NA,NA,NA,NA,0.344,0.021,0.774,7,7,7,7,7,0,0,0
FCR,100,2026-01-28 05:00:00,NA,NA,NA,NA,NA,0.344,0.021,0.762,7,7,7,7,7,0,0,0
FCR,100,2026-01-28 05:15:00,NA,NA,NA,NA,NA,0.342,0.02,0.76,7,7,7,7,7,0,0,0
FCR,100,2026-01-28 05:30:00,NA,NA,NA,NA,NA,0.342,0.02,0.764,7,7,7,7,7,0,0,0
FCR,100,2026-01-28 05:45:00,NA,NA,NA,NA,NA,0.342,0.02,0.767,7,7,7,7,7,0,0,0
FCR,100,2026-01-28 06:00:00,NA,NA,NA,NA,NA,0.342,0.02,0.764,7,7,7,7,7,0,0,0
FCR,100,2026-01-28 06:15:00,NA,NA,NA,NA,NA,0.342,0.02,0.754,7,7,7,7,7,0,0,0
FCR,100,2026-01-28 06:30:00,NA,NA,NA,NA,NA,0.343,0.021,0.742,7,7,7,7,7,0,0,0
FCR,100,2026-01-28 06:45:00,NA,NA,NA,NA,NA,0.343,0.021,0.745,7,7,7,7,7,0,0,0
FCR,100,2026-01-28 07:00:00,NA,NA,NA,NA,NA,0.342,0.02,0.751,7,7,7,7,7,0,0,0
FCR,100,2026-01-28 07:15:00,NA,NA,NA,NA,NA,0.342,0.02,0.744,7,7,7,7,7,0,0,0
FCR,100,2026-01-28 07:30:00,NA,NA,NA,NA,NA,0.342,0.02,0.734,7,7,7,7,7,0,0,0
FCR,100,2026-01-28 07:45:00,NA,NA,NA,NA,NA,0.342,0.02,0.734,7,7,7,7,7,0,0,0
FCR,100,2026-01-28 08:00:00,NA,NA,NA,NA,NA,0.342,0.02,0.734,7,7,7,7,7,0,0,0
FCR,100,2026-01-28 08:15:00,NA,NA,NA,NA,NA,0.342,0.02,0.74,7,7,7,7,7,0,0,0
FCR,100,2026-01-28 08:30:00,NA,NA,NA,NA,NA,0.342,0.02,0.738,7,7,7,7,7,0,0,0
FCR,100,2026-01-28 08:45:00,NA,NA,NA,NA,NA,0.342,0.02,0.745,7,7,7,7,7,0,0,0
FCR,100,2026-01-28 09:00:00,NA,NA,NA,NA,NA,0.342,0.02,0.76,7,7,7,7,7,0,0,0
FCR,100,2026-01-28 09:15:00,NA,NA,NA,NA,NA,0.343,0.021,0.768,7,7,7,7,7,0,0,0
FCR,100,2026-01-28 09:30:00,NA,NA,NA,NA,NA,0.342,0.02,0.773,7,7,7,7,7,0,0,0
FCR,100,2026-01-28 09:45:00,NA,NA,NA,NA,NA,0.342,0.02,0.795,7,7,7,7,7,0,0,0
FCR,100,2026-01-28 10:00:00,NA,NA,NA,NA,NA,0.341,0.02,0.8,7,7,7,7,7,0,0,0
FCR,100,2026-01-28 10:15:00,NA,NA,NA,NA,NA,0.342,0.02,0.816,7,7,7,7,7,0,0,0
FCR,100,2026-01-28 10:30:00,NA,NA,NA,NA,NA,0.343,0.021,0.81,7,7,7,7,7,0,0,0
FCR,100,2026-01-28 10:45:00,NA,NA,NA,NA,NA,0.342,0.02,0.831,7,7,7,7,7,0,0,0
FCR,100,2026-01-28 11:00:00,NA,NA,NA,NA,NA,0.342,0.02,0.853,7,7,7,7,7,0,0,0
FCR,100,2026-01-28 11:15:00,NA,NA,NA,NA,NA,0.342,0.02,0.876,7,7,7,7,7,0,0,0
FCR,100,2026-01-28 11:30:00,NA,NA,NA,NA,NA,0.342,0.02,0.912,7,7,7,7,7,0,0,0
FCR,100,2026-01-28 11:45:00,NA,NA,NA,NA,NA,0.342,0.02,0.94,7,7,7,7,7,0,0,0
FCR,100,2026-01-28 12:00:00,NA,NA,NA,NA,NA,0.342,0.02,0.959,7,7,7,7,7,0,0,0
FCR,100,2026-01-28 12:15:00,NA,NA,NA,NA,NA,0.343,0.021,1.005,7,7,7,7,7,0,0,0
FCR,100,2026-01-28 12:30:00,NA,NA,NA,NA,NA,0.342,0.02,1.033,7,7,7,7,7,0,0,0
FCR,100,2026-01-28 12:45:00,NA,NA,NA,NA,NA,0.342,0.02,1.064,7,7,7,7,7,0,0,0
FCR,100,2026-01-28 13:00:00,NA,NA,NA,NA,NA,0.342,0.02,1.096,7,7,7,7,7,0,0,0
FCR,100,2026-01-28 13:15:00,NA,NA,NA,NA,NA,0.343,0.021,1.129,7,7,7,7,7,0,0,0
FCR,100,2026-01-28 13:30:00,NA,NA,NA,NA,NA,0.342,0.02,1.167,7,7,7,7,7,0,0,0
FCR,100,2026-01-28 13:45:00,NA,NA,NA,NA,NA,0.344,0.021,1.198,7,7,7,7,7,0,0,0
FCR,100,2026-01-28 14:00:00,NA,NA,NA,NA,NA,0.342,0.02,1.236,7,7,7,7,7,0,0,0
FCR,100,2026-01-28 14:15:00,NA,NA,NA,NA,NA,0.343,0.021,1.276,7,7,7,7,7,0,0,0
FCR,100,2026-01-28 14:30:00,NA,NA,NA,NA,NA,0.343,0.021,1.313,7,7,7,7,7,0,0,0
FCR,100,2026-01-28 14:45:00,NA,NA,NA,NA,NA,0.343,0.021,1.347,7,7,7,7,7,0,0,0
FCR,100,2026-01-28 15:00:00,NA,NA,NA,NA,NA,0.343,0.021,1.358,7,7,7,7,7,0,0,0
FCR,100,2026-01-28 15:15:00,NA,NA,NA,NA,NA,0.342,0.02,1.401,7,7,7,7,7,0,0,0
FCR,100,2026-01-28 15:30:00,NA,NA,NA,NA,NA,0.344,0.021,1.418,7,7,7,7,7,0,0,0
FCR,100,2026-01-28 15:45:00,NA,NA,NA,NA,NA,0.342,0.02,1.433,7,7,7,7,7,0,0,0
FCR,100,2026-01-28 16:00:00,NA,NA,NA,NA,NA,0.343,0.021,1.452,7,7,7,7,7,0,0,0
FCR,100,2026-01-28 16:15:00,NA,NA,NA,NA,NA,0.344,0.021,1.461,7,7,7,7,7,0,0,0
FCR,100,2026-01-28 16:30:00,NA,NA,NA,NA,NA,0.343,0.021,1.465,7,7,7,7,7,0,0,0
FCR,100,2026-01-28 16:45:00,NA,NA,NA,NA,NA,0.342,0.02,1.467,7,7,7,7,7,0,0,0
FCR,100,2026-01-28 17:00:00,NA,NA,NA,NA,NA,0.343,0.021,1.472,7,7,7,7,7,0,0,0
FCR,100,2026-01-28 17:15:00,NA,NA,NA,NA,NA,0.342,0.02,1.48,7,7,7,7,7,0,0,0
FCR,100,2026-01-28 17:30:00,NA,NA,NA,NA,NA,0.342,0.02,1.475,7,7,7,7,7,0,0,0
FCR,100,2026-01-28 17:45:00,NA,NA,NA,NA,NA,0.342,0.02,1.464,7,7,7,7,7,0,0,0
FCR,100,2026-01-28 18:00:00,NA,NA,NA,NA,NA,0.342,0.02,1.456,7,7,7,7,7,0,0,0
FCR,100,2026-01-28 18:15:00,NA,NA,NA,NA,NA,0.342,0.02,1.446,7,7,7,7,7,0,0,0
FCR,100,2026-01-28 18:30:00,NA,NA,NA,NA,NA,0.342,0.02,1.424,7,7,7,7,7,0,0,0
FCR,100,2026-01-28 18:45:00,NA,NA,NA,NA,NA,0.342,0.02,1.401,7,7,7,7,7,0,0,0
FCR,100,2026-01-28 19:00:00,NA,NA,NA,NA,NA,0.342,0.02,1.386,7,7,7,7,7,0,0,0
FCR,100,2026-01-28 19:15:00,NA,NA,NA,NA,NA,0.341,0.02,1.375,7,7,7,7,7,0,0,0
FCR,100,2026-01-28 19:30:00,NA,NA,NA,NA,NA,0.341,0.02,1.343,7,7,7,7,7,0,0,0
FCR,100,2026-01-28 19:45:00,NA,NA,NA,NA,NA,0.341,0.02,1.323,7,7,7,7,7,0,0,0
FCR,100,2026-01-28 20:00:00,NA,NA,NA,NA,NA,0.342,0.02,1.294,7,7,7,7,7,0,0,0
FCR,100,2026-01-28 20:15:00,NA,NA,NA,NA,NA,0.341,0.02,1.266,7,7,7,7,7,0,0,0
FCR,100,2026-01-28 20:30:00,NA,NA,NA,NA,NA,0.342,0.02,1.238,7,7,7,7,7,0,0,0
FCR,100,2026-01-28 20:45:00,NA,NA,NA,NA,NA,0.342,0.02,1.214,7,7,7,7,7,0,0,0
FCR,100,2026-01-28 21:00:00,NA,NA,NA,NA,NA,0.341,0.02,1.189,7,7,7,7,7,0,0,0
FCR,100,2026-01-28 21:15:00,NA,NA,NA,NA,NA,0.34,0.02,1.165,7,7,7,7,7,0,0,0
FCR,100,2026-01-28 21:30:00,NA,NA,NA,NA,NA,0.34,0.02,1.145,7,7,7,7,7,0,0,0
FCR,100,2026-01-28 21:45:00,NA,NA,NA,NA,NA,0.34,0.02,1.113,7,7,7,7,7,0,0,0
FCR,100,2026-01-28 22:00:00,NA,NA,NA,NA,NA,0.339,0.02,1.086,7,7,7,7,7,0,0,0
FCR,100,2026-01-28 22:15:00,NA,NA,NA,NA,NA,0.34,0.02,1.06,7,7,7,7,7,0,0,0
FCR,100,2026-01-28 22:30:00,NA,NA,NA,NA,NA,0.339,0.02,1.041,7,7,7,7,7,0,0,0
FCR,100,2026-01-28 22:45:00,NA,NA,NA,NA,NA,0.34,0.02,1.022,7,7,7,7,7,0,0,0
FCR,100,2026-01-28 23:00:00,NA,NA,NA,NA,NA,0.339,0.02,0.994,7,7,7,7,7,0,0,0
FCR,100,2026-01-28 23:15:00,NA,NA,NA,NA,NA,0.339,0.02,0.964,7,7,7,7,7,0,0,0
FCR,100,2026-01-28 23:30:00,NA,NA,NA,NA,NA,0.339,0.02,0.936,7,7,7,7,7,0,0,0
FCR,100,2026-01-28 23:45:00,NA,NA,NA,NA,NA,0.338,0.019,0.916,7,7,7,7,7,0,0,0
FCR,100,2026-01-29 00:00:00,NA,NA,NA,NA,NA,0.339,0.02,0.902,7,7,7,7,7,0,0,0
FCR,100,2026-01-29 00:15:00,NA,NA,NA,NA,NA,0.339,0.02,0.876,7,7,7,7,7,0,0,0
FCR,100,2026-01-29 00:30:00,NA,NA,NA,NA,NA,0.338,0.019,0.833,7,7,7,7,7,0,0,0
FCR,100,2026-01-29 00:45:00,NA,NA,NA,NA,NA,0.339,0.02,0.8,7,7,7,7,7,0,0,0
FCR,100,2026-01-29 01:00:00,NA,NA,NA,NA,NA,0.338,0.019,0.758,7,7,7,7,7,0,0,0
FCR,100,2026-01-29 01:15:00,NA,NA,NA,NA,NA,0.337,0.019,0.732,7,7,7,7,7,0,0,0
FCR,100,2026-01-29 01:30:00,NA,NA,NA,NA,NA,0.338,0.019,0.694,7,7,7,7,7,0,0,0
FCR,100,2026-01-29 01:45:00,NA,NA,NA,NA,NA,0.338,0.019,0.665,7,7,7,7,7,0,0,0
FCR,100,2026-01-29 02:00:00,NA,NA,NA,NA,NA,0.337,0.019,0.618,7,7,7,7,7,0,0,0
FCR,100,2026-01-29 02:15:00,NA,NA,NA,NA,NA,0.338,0.019,0.6,7,7,7,7,7,0,0,0
FCR,100,2026-01-29 02:30:00,NA,NA,NA,NA,NA,0.338,0.019,0.569,7,7,7,7,7,0,0,0
FCR,100,2026-01-29 02:45:00,NA,NA,NA,NA,NA,0.337,0.019,0.563,7,7,7,7,7,0,0,0
FCR,100,2026-01-29 03:00:00,NA,NA,NA,NA,NA,0.338,0.019,0.544,7,7,7,7,7,0,0,0
FCR,100,2026-01-29 03:15:00,NA,NA,NA,NA,NA,0.338,0.019,0.518,7,7,7,7,7,0,0,0
FCR,100,2026-01-29 03:30:00,NA,NA,NA,NA,NA,0.337,0.019,0.496,7,7,7,7,7,0,0,0
FCR,100,2026-01-29 03:45:00,NA,NA,NA,NA,NA,0.338,0.019,0.478,7,7,7,7,7,0,0,0
FCR,100,2026-01-29 04:00:00,NA,NA,NA,NA,NA,0.337,0.019,0.463,7,7,7,7,7,0,0,0
FCR,100,2026-01-29 04:15:00,NA,NA,NA,NA,NA,0.337,0.019,0.445,7,7,7,7,7,0,0,0
FCR,100,2026-01-29 04:30:00,NA,NA,NA,NA,NA,0.337,0.019,0.426,7,7,7,7,7,0,0,0
FCR,100,2026-01-29 04:45:00,NA,NA,NA,NA,NA,0.336,0.019,0.409,7,7,7,7,7,0,0,0
FCR,100,2026-01-29 05:00:00,NA,NA,NA,NA,NA,0.337,0.019,0.4,7,7,7,7,7,0,0,0
FCR,100,2026-01-29 05:15:00,NA,NA,NA,NA,NA,0.336,0.019,0.388,7,7,7,7,7,0,0,0
FCR,100,2026-01-29 05:30:00,NA,NA,NA,NA,NA,0.336,0.019,0.373,7,7,7,7,7,0,0,0
FCR,100,2026-01-29 05:45:00,NA,NA,NA,NA,NA,0.336,0.019,0.361,7,7,7,7,7,0,0,0
FCR,100,2026-01-29 06:00:00,NA,NA,NA,NA,NA,0.335,0.019,0.351,7,7,7,7,7,0,0,0
FCR,100,2026-01-29 06:15:00,NA,NA,NA,NA,NA,0.336,0.019,0.344,7,7,7,7,7,0,0,0
FCR,100,2026-01-29 06:30:00,NA,NA,NA,NA,NA,0.335,0.019,0.331,7,7,7,7,7,0,0,0
FCR,100,2026-01-29 06:45:00,NA,NA,NA,NA,NA,0.335,0.019,0.313,7,7,7,7,7,0,0,0
FCR,100,2026-01-29 07:00:00,NA,NA,NA,NA,NA,0.335,0.019,0.308,7,7,7,7,7,0,0,0
FCR,100,2026-01-29 07:15:00,NA,NA,NA,NA,NA,0.335,0.019,0.302,7,7,7,7,7,0,0,0
FCR,100,2026-01-29 07:30:00,NA,NA,NA,NA,NA,0.335,0.019,0.285,7,7,7,7,7,0,0,0
FCR,100,2026-01-29 07:45:00,NA,NA,NA,NA,NA,0.334,0.019,0.279,7,7,7,7,7,0,0,0
FCR,100,2026-01-29 08:00:00,NA,NA,NA,NA,NA,0.334,0.019,0.268,7,7,7,7,7,0,0,0
FCR,100,2026-01-29 08:15:00,NA,NA,NA,NA,NA,0.334,0.019,0.265,7,7,7,7,7,0,0,0
FCR,100,2026-01-29 08:30:00,NA,NA,NA,NA,NA,0.334,0.019,0.258,7,7,7,7,7,0,0,0
FCR,100,2026-01-29 08:45:00,NA,NA,NA,NA,NA,0.334,0.019,0.242,7,7,7,7,7,0,0,0
FCR,100,2026-01-29 09:00:00,NA,NA,NA,NA,NA,0.334,0.019,0.24,7,7,7,7,7,0,0,0
FCR,100,2026-01-29 09:15:00,NA,NA,NA,NA,NA,0.335,0.019,0.23,7,7,7,7,7,0,0,0
FCR,100,2026-01-29 09:30:00,NA,NA,NA,NA,NA,0.334,0.019,0.232,7,7,7,7,7,0,0,0
FCR,100,2026-01-29 09:45:00,NA,NA,NA,NA,NA,0.333,0.018,0.229,7,7,7,7,7,0,0,0
FCR,100,2026-01-29 10:00:00,NA,NA,NA,NA,NA,0.334,0.019,0.226,7,7,7,7,7,0,0,0
FCR,100,2026-01-29 10:15:00,NA,NA,NA,NA,NA,0.334,0.019,0.223,7,7,7,7,7,0,0,0
FCR,100,2026-01-29 10:30:00,NA,NA,NA,NA,NA,0.334,0.019,0.22,7,7,7,7,7,0,0,0
FCR,100,2026-01-29 10:45:00,NA,NA,NA,NA,NA,0.334,0.019,0.227,7,7,7,7,7,0,0,0
FCR,100,2026-01-29 11:00:00,NA,NA,NA,NA,NA,0.334,0.019,0.24,7,7,7,7,7,0,0,0
FCR,100,2026-01-29 11:15:00,NA,NA,NA,NA,NA,0.334,0.019,0.263,7,7,7,7,7,0,0,0
FCR,100,2026-01-29 11:30:00,NA,NA,NA,NA,NA,0.335,0.019,0.28,7,7,7,7,7,0,0,0
FCR,100,2026-01-29 11:45:00,NA,NA,NA,NA,NA,0.335,0.019,0.293,7,7,7,7,7,0,0,0
FCR,100,2026-01-29 12:00:00,NA,NA,NA,NA,NA,0.334,0.019,0.334,7,7,7,7,7,0,0,0
FCR,100,2026-01-29 12:15:00,NA,NA,NA,NA,NA,0.335,0.019,0.37,7,7,7,7,7,0,0,0
FCR,100,2026-01-29 12:30:00,NA,NA,NA,NA,NA,0.335,0.019,0.393,7,7,7,7,7,0,0,0
FCR,100,2026-01-29 12:45:00,NA,NA,NA,NA,NA,0.335,0.019,0.424,7,7,7,7,7,0,0,0
FCR,100,2026-01-29 13:00:00,NA,NA,NA,NA,NA,0.336,0.019,0.474,7,7,7,7,7,0,0,0
FCR,100,2026-01-29 13:15:00,NA,NA,NA,NA,NA,0.335,0.019,0.516,7,7,7,7,7,0,0,0
FCR,100,2026-01-29 13:30:00,NA,NA,NA,NA,NA,0.335,0.019,0.568,7,7,7,7,7,0,0,0
FCR,100,2026-01-29 13:45:00,NA,NA,NA,NA,NA,0.336,0.019,0.629,7,7,7,7,7,0,0,0
FCR,100,2026-01-29 14:00:00,NA,NA,NA,NA,NA,0.336,0.019,0.675,7,7,7,7,7,0,0,0
FCR,100,2026-01-29 14:15:00,NA,NA,NA,NA,NA,0.336,0.019,0.735,7,7,7,7,7,0,0,0
FCR,100,2026-01-29 14:30:00,NA,NA,NA,NA,NA,0.336,0.019,0.788,7,7,7,7,7,0,0,0
FCR,100,2026-01-29 14:45:00,NA,NA,NA,NA,NA,0.336,0.019,0.822,7,7,7,7,7,0,0,0
FCR,100,2026-01-29 15:00:00,NA,NA,NA,NA,NA,0.337,0.019,0.872,7,7,7,7,7,0,0,0
FCR,100,2026-01-29 15:15:00,NA,NA,NA,NA,NA,0.336,0.019,0.923,7,7,7,7,7,0,0,0
FCR,100,2026-01-29 15:30:00,NA,NA,NA,NA,NA,0.336,0.019,0.964,7,7,7,7,7,0,0,0
FCR,100,2026-01-29 15:45:00,NA,NA,NA,NA,NA,0.336,0.019,0.993,7,7,7,7,7,0,0,0
FCR,100,2026-01-29 16:00:00,NA,NA,NA,NA,NA,0.337,0.019,1.035,7,7,7,7,7,0,0,0
FCR,100,2026-01-29 16:15:00,NA,NA,NA,NA,NA,0.337,0.019,1.072,7,7,7,7,7,0,0,0
FCR,100,2026-01-29 16:30:00,NA,NA,NA,NA,NA,0.336,0.019,1.102,7,7,7,7,7,0,0,0
FCR,100,2026-01-29 16:45:00,NA,NA,NA,NA,NA,0.336,0.019,1.12,7,7,7,7,7,0,0,0
FCR,100,2026-01-29 17:00:00,NA,NA,NA,NA,NA,0.336,0.019,1.143,7,7,7,7,7,0,0,0
FCR,100,2026-01-29 17:15:00,NA,NA,NA,NA,NA,0.336,0.019,1.155,7,7,7,7,7,0,0,0
FCR,100,2026-01-29 17:30:00,NA,NA,NA,NA,NA,0.336,0.019,1.167,7,7,7,7,7,0,0,0
FCR,100,2026-01-29 17:45:00,NA,NA,NA,NA,NA,0.335,0.019,1.171,7,7,7,7,7,0,0,0
FCR,100,2026-01-29 18:00:00,NA,NA,NA,NA,NA,0.336,0.019,1.173,7,7,7,7,7,0,0,0
FCR,100,2026-01-29 18:15:00,NA,NA,NA,NA,NA,0.336,0.019,1.172,7,7,7,7,7,0,0,0
FCR,100,2026-01-29 18:30:00,NA,NA,NA,NA,NA,0.336,0.019,1.165,7,7,7,7,7,0,0,0
FCR,100,2026-01-29 18:45:00,NA,NA,NA,NA,NA,0.336,0.019,1.155,7,7,7,7,7,0,0,0
FCR,100,2026-01-29 19:00:00,NA,NA,NA,NA,NA,0.336,0.019,1.148,7,7,7,7,7,0,0,0
FCR,100,2026-01-29 19:15:00,NA,NA,NA,NA,NA,0.335,0.019,1.14,7,7,7,7,7,0,0,0
FCR,100,2026-01-29 19:30:00,NA,NA,NA,NA,NA,0.336,0.019,1.125,7,7,7,7,7,0,0,0
FCR,100,2026-01-29 19:45:00,NA,NA,NA,NA,NA,0.335,0.019,1.11,7,7,7,7,7,0,0,0
FCR,100,2026-01-29 20:00:00,NA,NA,NA,NA,NA,0.334,0.019,1.1,7,7,7,7,7,0,0,0
FCR,100,2026-01-29 20:15:00,NA,NA,NA,NA,NA,0.335,0.019,1.087,7,7,7,7,7,0,0,0
FCR,100,2026-01-29 20:30:00,NA,NA,NA,NA,NA,0.336,0.019,1.075,7,7,7,7,7,0,0,0
FCR,100,2026-01-29 20:45:00,NA,NA,NA,NA,NA,0.335,0.019,1.056,7,7,7,7,7,0,0,0
FCR,100,2026-01-29 21:00:00,NA,NA,NA,NA,NA,0.335,0.019,1.042,7,7,7,7,7,0,0,0
FCR,100,2026-01-29 21:15:00,NA,NA,NA,NA,NA,0.335,0.019,1.028,7,7,7,7,7,0,0,0
FCR,100,2026-01-29 21:30:00,NA,NA,NA,NA,NA,0.334,0.019,1.015,7,7,7,7,7,0,0,0
FCR,100,2026-01-29 21:45:00,NA,NA,NA,NA,NA,0.334,0.019,1.003,7,7,7,7,7,0,0,0
FCR,100,2026-01-29 22:00:00,NA,NA,NA,NA,NA,0.334,0.019,0.984,7,7,7,7,7,0,0,0
FCR,100,2026-01-29 22:15:00,NA,NA,NA,NA,NA,0.334,0.019,0.97,7,7,7,7,7,0,0,0
FCR,100,2026-01-29 22:30:00,NA,NA,NA,NA,NA,0.334,0.019,0.953,7,7,7,7,7,0,0,0
FCR,100,2026-01-29 22:45:00,NA,NA,NA,NA,NA,0.335,0.019,0.933,7,7,7,7,7,0,0,0
FCR,100,2026-01-29 23:00:00,NA,NA,NA,NA,NA,0.334,0.019,0.92,7,7,7,7,7,0,0,0
FCR,100,2026-01-29 23:15:00,NA,NA,NA,NA,NA,0.334,0.019,0.91,7,7,7,7,7,0,0,0
FCR,100,2026-01-29 23:30:00,NA,NA,NA,NA,NA,0.334,0.019,0.893,7,7,7,7,7,0,0,0
FCR,100,2026-01-29 23:45:00,NA,NA,NA,NA,NA,0.333,0.018,0.876,7,7,7,7,7,0,0,0
FCR,100,2026-01-30 00:00:00,NA,NA,NA,NA,NA,0.333,0.018,0.852,7,7,7,7,7,0,0,0
FCR,100,2026-01-30 00:15:00,NA,NA,NA,NA,NA,0.333,0.018,0.832,7,7,7,7,7,0,0,0
FCR,100,2026-01-30 00:30:00,NA,NA,NA,NA,NA,0.333,0.018,0.809,7,7,7,7,7,0,0,0
FCR,100,2026-01-30 00:45:00,NA,NA,NA,NA,NA,0.334,0.019,0.793,7,7,7,7,7,0,0,0
FCR,100,2026-01-30 01:00:00,NA,NA,NA,NA,NA,0.334,0.019,0.779,7,7,7,7,7,0,0,0
FCR,100,2026-01-30 01:15:00,NA,NA,NA,NA,NA,0.333,0.018,0.763,7,7,7,7,7,0,0,0
FCR,100,2026-01-30 01:30:00,NA,NA,NA,NA,NA,0.333,0.018,0.746,7,7,7,7,7,0,0,0
FCR,100,2026-01-30 01:45:00,NA,NA,NA,NA,NA,0.333,0.018,0.731,7,7,7,7,7,0,0,0
FCR,100,2026-01-30 02:00:00,NA,NA,NA,NA,NA,0.333,0.018,0.716,7,7,7,7,7,0,0,0
FCR,100,2026-01-30 02:15:00,NA,NA,NA,NA,NA,0.333,0.018,0.704,7,7,7,7,7,0,0,0
FCR,100,2026-01-30 02:30:00,NA,NA,NA,NA,NA,0.333,0.018,0.687,7,7,7,7,7,0,0,0
FCR,100,2026-01-30 02:45:00,NA,NA,NA,NA,NA,0.332,0.018,0.675,7,7,7,7,7,0,0,0
FCR,100,2026-01-30 03:00:00,NA,NA,NA,NA,NA,0.333,0.018,0.672,7,7,7,7,7,0,0,0
FCR,100,2026-01-30 03:15:00,NA,NA,NA,NA,NA,0.332,0.018,0.668,7,7,7,7,7,0,0,0
FCR,100,2026-01-30 03:30:00,NA,NA,NA,NA,NA,0.332,0.018,0.657,7,7,7,7,7,0,0,0
FCR,100,2026-01-30 03:45:00,NA,NA,NA,NA,NA,0.332,0.018,0.648,7,7,7,7,7,0,0,0
FCR,100,2026-01-30 04:00:00,NA,NA,NA,NA,NA,0.332,0.018,0.638,7,7,7,7,7,0,0,0
FCR,100,2026-01-30 04:15:00,NA,NA,NA,NA,NA,0.333,0.018,0.632,7,7,7,7,7,0,0,0
FCR,100,2026-01-30 04:30:00,NA,NA,NA,NA,NA,0.332,0.018,0.623,7,7,7,7,7,0,0,0
FCR,100,2026-01-30 04:45:00,NA,NA,NA,NA,NA,0.332,0.018,0.611,7,7,7,7,7,0,0,0
FCR,100,2026-01-30 05:00:00,NA,NA,NA,NA,NA,0.332,0.018,0.601,7,7,7,7,7,0,0,0
FCR,100,2026-01-30 05:15:00,NA,NA,NA,NA,NA,0.332,0.018,0.606,7,7,7,7,7,0,0,0
FCR,100,2026-01-30 05:30:00,NA,NA,NA,NA,NA,0.331,0.018,0.607,7,7,7,7,7,0,0,0
FCR,100,2026-01-30 05:45:00,NA,NA,NA,NA,NA,0.332,0.018,0.598,7,7,7,7,7,0,0,0
FCR,100,2026-01-30 06:00:00,NA,NA,NA,NA,NA,0.332,0.018,0.599,7,7,7,7,7,0,0,0
FCR,100,2026-01-30 06:15:00,NA,NA,NA,NA,NA,0.332,0.018,0.603,7,7,7,7,7,0,0,0
FCR,100,2026-01-30 06:30:00,NA,NA,NA,NA,NA,0.332,0.018,0.607,7,7,7,7,7,0,0,0
FCR,100,2026-01-30 06:45:00,NA,NA,NA,NA,NA,0.332,0.018,0.618,7,7,7,7,7,0,0,0
FCR,100,2026-01-30 07:00:00,NA,NA,NA,NA,NA,0.332,0.018,0.624,7,7,7,7,7,0,0,0
FCR,100,2026-01-30 07:15:00,NA,NA,NA,NA,NA,0.331,0.018,0.637,7,7,7,7,7,0,0,0
FCR,100,2026-01-30 07:30:00,NA,NA,NA,NA,NA,0.332,0.018,0.647,7,7,7,7,7,0,0,0
FCR,100,2026-01-30 07:45:00,NA,NA,NA,NA,NA,0.331,0.018,0.655,7,7,7,7,7,0,0,0
FCR,100,2026-01-30 08:00:00,NA,NA,NA,NA,NA,0.331,0.018,0.672,7,7,7,7,7,0,0,0
FCR,100,2026-01-30 08:15:00,NA,NA,NA,NA,NA,0.331,0.018,0.684,7,7,7,7,7,0,0,0
FCR,100,2026-01-30 08:30:00,NA,NA,NA,NA,NA,0.332,0.018,0.713,7,7,7,7,7,0,0,0
FCR,100,2026-01-30 08:45:00,NA,NA,NA,NA,NA,0.332,0.018,0.731,7,7,7,7,7,0,0,0
FCR,100,2026-01-30 09:00:00,NA,NA,NA,NA,NA,0.331,0.018,0.746,7,7,7,7,7,0,0,0
FCR,100,2026-01-30 09:15:00,NA,NA,NA,NA,NA,0.332,0.018,0.774,7,7,7,7,7,0,0,0
FCR,100,2026-01-30 09:30:00,NA,NA,NA,NA,NA,0.332,0.018,0.788,7,7,7,7,7,0,0,0
FCR,100,2026-01-30 09:45:00,NA,NA,NA,NA,NA,0.332,0.018,0.812,7,7,7,7,7,0,0,0
FCR,100,2026-01-30 10:00:00,NA,NA,NA,NA,NA,0.332,0.018,0.825,7,7,7,7,7,0,0,0
FCR,100,2026-01-30 10:15:00,NA,NA,NA,NA,NA,0.331,0.018,0.856,7,7,7,7,7,0,0,0
FCR,100,2026-01-30 10:30:00,NA,NA,NA,NA,NA,0.332,0.018,0.873,7,7,7,7,7,0,0,0
FCR,100,2026-01-30 10:45:00,NA,NA,NA,NA,NA,0.332,0.018,0.892,7,7,7,7,7,0,0,0
FCR,100,2026-01-30 11:00:00,NA,NA,NA,NA,NA,0.332,0.018,0.928,7,7,7,7,7,0,0,0
FCR,100,2026-01-30 11:15:00,NA,NA,NA,NA,NA,0.332,0.018,0.963,7,7,7,7,7,0,0,0
FCR,100,2026-01-30 11:30:00,NA,NA,NA,NA,NA,0.333,0.018,1.015,7,7,7,7,7,0,0,0
FCR,100,2026-01-30 11:45:00,NA,NA,NA,NA,NA,0.332,0.018,1.032,7,7,7,7,7,0,0,0
FCR,100,2026-01-30 12:00:00,NA,NA,NA,NA,NA,0.333,0.018,1.043,7,7,7,7,7,0,0,0
FCR,100,2026-01-30 12:15:00,NA,NA,NA,NA,NA,0.332,0.018,1.084,7,7,7,7,7,0,0,0
FCR,100,2026-01-30 12:30:00,NA,NA,NA,NA,NA,0.333,0.018,1.123,7,7,7,7,7,0,0,0
FCR,100,2026-01-30 12:45:00,NA,NA,NA,NA,NA,0.333,0.018,1.139,7,7,7,7,7,0,0,0
FCR,100,2026-01-30 13:00:00,NA,NA,NA,NA,NA,0.333,0.018,1.167,7,7,7,7,7,0,0,0
FCR,100,2026-01-30 13:15:00,NA,NA,NA,NA,NA,0.333,0.018,1.193,7,7,7,7,7,0,0,0
FCR,100,2026-01-30 13:30:00,NA,NA,NA,NA,NA,0.333,0.018,1.221,7,7,7,7,7,0,0,0
FCR,100,2026-01-30 13:45:00,NA,NA,NA,NA,NA,0.334,0.019,1.238,7,7,7,7,7,0,0,0
FCR,100,2026-01-30 14:00:00,NA,NA,NA,NA,NA,0.333,0.018,1.27,7,7,7,7,7,0,0,0
FCR,100,2026-01-30 14:15:00,NA,NA,NA,NA,NA,0.333,0.018,1.288,7,7,7,7,7,0,0,0
FCR,100,2026-01-30 14:30:00,NA,NA,NA,NA,NA,0.333,0.018,1.319,7,7,7,7,7,0,0,0
FCR,100,2026-01-30 14:45:00,NA,NA,NA,NA,NA,0.333,0.018,1.339,7,7,7,7,7,0,0,0
FCR,100,2026-01-30 15:00:00,NA,NA,NA,NA,NA,0.333,0.018,1.349,7,7,7,7,7,0,0,0
FCR,100,2026-01-30 15:15:00,NA,NA,NA,NA,NA,0.333,0.018,1.368,7,7,7,7,7,0,0,0
FCR,100,2026-01-30 15:30:00,NA,NA,NA,NA,NA,0.333,0.018,1.366,7,7,7,7,7,0,0,0
FCR,100,2026-01-30 15:45:00,NA,NA,NA,NA,NA,0.333,0.018,1.39,7,7,7,7,7,0,0,0
FCR,100,2026-01-30 16:00:00,NA,NA,NA,NA,NA,0.333,0.018,1.413,7,7,7,7,7,0,0,0
FCR,100,2026-01-30 16:15:00,NA,NA,NA,NA,NA,0.333,0.018,1.424,7,7,7,7,7,0,0,0
FCR,100,2026-01-30 16:30:00,NA,NA,NA,NA,NA,0.334,0.019,1.431,7,7,7,7,7,0,0,0
FCR,100,2026-01-30 16:45:00,NA,NA,NA,NA,NA,0.334,0.019,1.436,7,7,7,7,7,0,0,0
FCR,100,2026-01-30 17:00:00,NA,NA,NA,NA,NA,0.333,0.018,1.435,7,7,7,7,7,0,0,0
FCR,100,2026-01-30 17:15:00,NA,NA,NA,NA,NA,0.334,0.019,1.442,7,7,7,7,7,0,0,0
FCR,100,2026-01-30 17:30:00,NA,NA,NA,NA,NA,0.334,0.019,1.437,7,7,7,7,7,0,0,0
FCR,100,2026-01-30 17:45:00,NA,NA,NA,NA,NA,0.334,0.019,1.441,7,7,7,7,7,0,0,0
FCR,100,2026-01-30 18:00:00,NA,NA,NA,NA,NA,0.333,0.018,1.439,7,7,7,7,7,0,0,0
FCR,100,2026-01-30 18:15:00,NA,NA,NA,NA,NA,0.333,0.018,1.441,7,7,7,7,7,0,0,0
FCR,100,2026-01-30 18:30:00,NA,NA,NA,NA,NA,0.333,0.018,1.444,7,7,7,7,7,0,0,0
FCR,100,2026-01-30 18:45:00,NA,NA,NA,NA,NA,0.334,0.019,1.439,7,7,7,7,7,0,0,0
FCR,100,2026-01-30 19:00:00,NA,NA,NA,NA,NA,0.333,0.018,1.443,7,7,7,7,7,0,0,0
FCR,100,2026-01-30 19:15:00,NA,NA,NA,NA,NA,0.333,0.018,1.433,7,7,7,7,7,0,0,0
FCR,100,2026-01-30 19:30:00,NA,NA,NA,NA,NA,0.333,0.018,1.435,7,7,7,7,7,0,0,0
FCR,100,2026-01-30 19:45:00,NA,NA,NA,NA,NA,0.333,0.018,1.429,7,7,7,7,7,0,0,0
FCR,100,2026-01-30 20:00:00,NA,NA,NA,NA,NA,0.333,0.018,1.422,7,7,7,7,7,0,0,0
FCR,100,2026-01-30 20:15:00,NA,NA,NA,NA,NA,0.333,0.018,1.412,7,7,7,7,7,0,0,0
FCR,100,2026-01-30 20:30:00,NA,NA,NA,NA,NA,0.333,0.018,1.404,7,7,7,7,7,0,0,0
FCR,100,2026-01-30 20:45:00,NA,NA,NA,NA,NA,0.333,0.018,1.402,7,7,7,7,7,0,0,0
FCR,100,2026-01-30 21:00:00,NA,NA,NA,NA,NA,0.333,0.018,1.394,7,7,7,7,7,0,0,0
FCR,100,2026-01-30 21:15:00,NA,NA,NA,NA,NA,0.333,0.018,1.38,7,7,7,7,7,0,0,0
FCR,100,2026-01-30 21:30:00,NA,NA,NA,NA,NA,0.333,0.018,1.367,7,7,7,7,7,0,0,0
FCR,100,2026-01-30 21:45:00,NA,NA,NA,NA,NA,0.333,0.018,1.359,7,7,7,7,7,0,0,0
FCR,100,2026-01-30 22:00:00,NA,NA,NA,NA,NA,0.333,0.018,1.352,7,7,7,7,7,0,0,0
FCR,100,2026-01-30 22:15:00,NA,NA,NA,NA,NA,0.332,0.018,1.347,7,7,7,7,7,0,0,0
FCR,100,2026-01-30 22:30:00,NA,NA,NA,NA,NA,0.332,0.018,1.333,7,7,7,7,7,0,0,0
FCR,100,2026-01-30 22:45:00,NA,NA,NA,NA,NA,0.333,0.018,1.328,7,7,7,7,7,0,0,0
FCR,100,2026-01-30 23:00:00,NA,NA,NA,NA,NA,0.333,0.018,1.316,7,7,7,7,7,0,0,0
FCR,100,2026-01-30 23:15:00,NA,NA,NA,NA,NA,0.332,0.018,1.31,7,7,7,7,7,0,0,0
FCR,100,2026-01-30 23:30:00,NA,NA,NA,NA,NA,0.332,0.018,1.301,7,7,7,7,7,0,0,0
FCR,100,2026-01-30 23:45:00,NA,NA,NA,NA,NA,0.332,0.018,1.3,7,7,7,7,7,0,0,0
FCR,100,2026-01-31 00:00:00,NA,NA,NA,NA,NA,0.332,0.018,1.293,7,7,7,7,7,0,0,0
FCR,100,2026-01-31 00:15:00,NA,NA,NA,NA,NA,0.332,0.018,1.289,7,7,7,7,7,0,0,0
FCR,100,2026-01-31 00:30:00,NA,NA,NA,NA,NA,0.332,0.018,1.279,7,7,7,7,7,0,0,0
FCR,100,2026-01-31 00:45:00,NA,NA,NA,NA,NA,0.333,0.018,1.277,7,7,7,7,7,0,0,0
FCR,100,2026-01-31 01:00:00,NA,NA,NA,NA,NA,0.332,0.018,1.267,7,7,7,7,7,0,0,0
FCR,100,2026-01-31 01:15:00,NA,NA,NA,NA,NA,0.332,0.018,1.264,7,7,7,7,7,0,0,0
FCR,100,2026-01-31 01:30:00,NA,NA,NA,NA,NA,0.333,0.018,1.257,7,7,7,7,7,0,0,0
FCR,100,2026-01-31 01:45:00,NA,NA,NA,NA,NA,0.333,0.018,1.248,7,7,7,7,7,0,0,0
FCR,100,2026-01-31 02:00:00,NA,NA,NA,NA,NA,0.332,0.018,1.246,7,7,7,7,7,0,0,0
FCR,100,2026-01-31 02:15:00,NA,NA,NA,NA,NA,0.333,0.018,1.259,7,7,7,7,7,0,0,0
FCR,100,2026-01-31 02:30:00,NA,NA,NA,NA,NA,0.332,0.018,1.253,7,7,7,7,7,0,0,0
FCR,100,2026-01-31 02:45:00,NA,NA,NA,NA,NA,0.333,0.018,1.249,7,7,7,7,7,0,0,0
FCR,100,2026-01-31 03:00:00,NA,NA,NA,NA,NA,0.333,0.018,1.249,7,7,7,7,7,0,0,0
FCR,100,2026-01-31 03:15:00,NA,NA,NA,NA,NA,0.332,0.018,1.237,7,7,7,7,7,0,0,0
FCR,100,2026-01-31 03:30:00,NA,NA,NA,NA,NA,0.333,0.018,1.245,7,7,7,7,7,0,0,0
FCR,100,2026-01-31 03:45:00,NA,NA,NA,NA,NA,0.333,0.018,1.241,7,7,7,7,7,0,0,0
FCR,100,2026-01-31 04:00:00,NA,NA,NA,NA,NA,0.333,0.018,1.237,7,7,7,7,7,0,0,0
FCR,100,2026-01-31 04:15:00,NA,NA,NA,NA,NA,0.333,0.018,1.234,7,7,7,7,7,0,0,0
FCR,100,2026-01-31 04:30:00,NA,NA,NA,NA,NA,0.333,0.018,1.231,7,7,7,7,7,0,0,0
FCR,100,2026-01-31 04:45:00,NA,NA,NA,NA,NA,0.333,0.018,1.23,7,7,7,7,7,0,0,0
FCR,100,2026-01-31 05:00:00,NA,NA,NA,NA,NA,0.333,0.018,1.229,7,7,7,7,7,0,0,0
FCR,100,2026-01-31 05:15:00,NA,NA,NA,NA,NA,0.332,0.018,1.221,7,7,7,7,7,0,0,0
FCR,100,2026-01-31 05:30:00,NA,NA,NA,NA,NA,0.333,0.018,1.214,7,7,7,7,7,0,0,0
FCR,100,2026-01-31 05:45:00,NA,NA,NA,NA,NA,0.333,0.018,1.215,7,7,7,7,7,0,0,0
FCR,100,2026-01-31 06:00:00,NA,NA,NA,NA,NA,0.333,0.018,1.223,7,7,7,7,7,0,0,0
FCR,100,2026-01-31 06:15:00,NA,NA,NA,NA,NA,0.333,0.018,1.223,7,7,7,7,7,0,0,0
FCR,100,2026-01-31 06:30:00,NA,NA,NA,NA,NA,0.333,0.018,1.223,7,7,7,7,7,0,0,0
FCR,100,2026-01-31 06:45:00,NA,NA,NA,NA,NA,0.333,0.018,1.211,7,7,7,7,7,0,0,0
FCR,100,2026-01-31 07:00:00,NA,NA,NA,NA,NA,0.333,0.018,1.213,7,7,7,7,7,0,0,0
FCR,100,2026-01-31 07:15:00,NA,NA,NA,NA,NA,0.333,0.018,1.21,7,7,7,7,7,0,0,0
FCR,100,2026-01-31 07:30:00,NA,NA,NA,NA,NA,0.333,0.018,1.215,7,7,7,7,7,0,0,0
FCR,100,2026-01-31 07:45:00,NA,NA,NA,NA,NA,0.333,0.018,1.212,7,7,7,7,7,0,0,0
FCR,100,2026-01-31 08:00:00,NA,NA,NA,NA,NA,0.332,0.018,1.217,7,7,7,7,7,0,0,0
FCR,100,2026-01-31 08:15:00,NA,NA,NA,NA,NA,0.333,0.018,1.221,7,7,7,7,7,0,0,0
FCR,100,2026-01-31 08:30:00,NA,NA,NA,NA,NA,0.333,0.018,1.232,7,7,7,7,7,0,0,0
FCR,100,2026-01-31 08:45:00,NA,NA,NA,NA,NA,0.334,0.019,1.237,7,7,7,7,7,0,0,0
FCR,100,2026-01-31 09:00:00,NA,NA,NA,NA,NA,0.333,0.018,1.234,7,7,7,7,7,0,0,0
FCR,100,2026-01-31 09:15:00,NA,NA,NA,NA,NA,0.332,0.018,1.245,7,7,7,7,7,0,0,0
FCR,100,2026-01-31 09:30:00,NA,NA,NA,NA,NA,0.333,0.018,1.247,7,7,7,7,7,0,0,0
FCR,100,2026-01-31 09:45:00,NA,NA,NA,NA,NA,0.332,0.018,1.242,7,7,7,7,7,0,0,0
FCR,100,2026-01-31 10:00:00,NA,NA,NA,NA,NA,0.333,0.018,1.244,7,7,7,7,7,0,0,0
FCR,100,2026-01-31 10:15:00,NA,NA,NA,NA,NA,0.333,0.018,1.257,7,7,7,7,7,0,0,0
FCR,100,2026-01-31 10:30:00,NA,NA,NA,NA,NA,0.333,0.018,1.259,7,7,7,7,7,0,0,0
FCR,100,2026-01-31 10:45:00,NA,NA,NA,NA,NA,0.333,0.018,1.262,7,7,7,7,7,0,0,0
FCR,100,2026-01-31 11:00:00,NA,NA,NA,NA,NA,0.334,0.019,1.275,7,7,7,7,7,0,0,0
FCR,100,2026-01-31 11:15:00,NA,NA,NA,NA,NA,0.333,0.018,1.291,7,7,7,7,7,0,0,0
FCR,100,2026-01-31 11:30:00,NA,NA,NA,NA,NA,0.334,0.019,1.301,7,7,7,7,7,0,0,0
FCR,100,2026-01-31 11:45:00,NA,NA,NA,NA,NA,0.333,0.018,1.302,7,7,7,7,7,0,0,0
FCR,100,2026-01-31 12:00:00,NA,NA,NA,NA,NA,0.333,0.018,1.316,7,7,7,7,7,0,0,0
FCR,100,2026-01-31 12:15:00,NA,NA,NA,NA,NA,0.333,0.018,1.314,7,7,7,7,7,0,0,0
FCR,100,2026-01-31 12:30:00,NA,NA,NA,NA,NA,0.333,0.018,1.328,7,7,7,7,7,0,0,0
FCR,100,2026-01-31 12:45:00,NA,NA,NA,NA,NA,0.333,0.018,1.328,7,7,7,7,7,0,0,0
FCR,100,2026-01-31 13:00:00,NA,NA,NA,NA,NA,0.334,0.019,1.359,7,7,7,7,7,0,0,0
FCR,100,2026-01-31 13:15:00,NA,NA,NA,NA,NA,0.333,0.018,1.358,7,7,7,7,7,0,0,0
FCR,100,2026-01-31 13:30:00,NA,NA,NA,NA,NA,0.333,0.018,1.361,7,7,7,7,7,0,0,0
FCR,100,2026-01-31 13:45:00,NA,NA,NA,NA,NA,0.333,0.018,1.367,7,7,7,7,7,0,0,0
FCR,100,2026-01-31 14:00:00,NA,NA,NA,NA,NA,0.333,0.018,1.366,7,7,7,7,7,0,0,0
FCR,100,2026-01-31 14:15:00,NA,NA,NA,NA,NA,0.333,0.018,1.375,7,7,7,7,7,0,0,0
FCR,100,2026-01-31 14:30:00,NA,NA,NA,NA,NA,0.333,0.018,1.376,7,7,7,7,7,0,0,0
FCR,100,2026-01-31 14:45:00,NA,NA,NA,NA,NA,0.333,0.018,1.37,7,7,7,7,7,0,0,0
FCR,100,2026-01-31 15:00:00,NA,NA,NA,NA,NA,0.333,0.018,1.38,7,7,7,7,7,0,0,0
FCR,100,2026-01-31 15:15:00,NA,NA,NA,NA,NA,0.334,0.019,1.392,7,7,7,7,7,0,0,0
FCR,100,2026-01-31 15:30:00,NA,NA,NA,NA,NA,0.334,0.019,1.386,7,7,7,7,7,0,0,0
FCR,100,2026-01-31 15:45:00,NA,NA,NA,NA,NA,0.333,0.018,1.392,7,7,7,7,7,0,0,0
FCR,100,2026-01-31 16:00:00,NA,NA,NA,NA,NA,0.333,0.018,1.399,7,7,7,7,7,0,0,0
FCR,100,2026-01-31 16:15:00,NA,NA,NA,NA,NA,0.333,0.018,1.412,7,7,7,7,7,0,0,0
FCR,100,2026-01-31 16:30:00,NA,NA,NA,NA,NA,0.334,0.019,1.411,7,7,7,7,7,0,0,0
FCR,100,2026-01-31 16:45:00,NA,NA,NA,NA,NA,0.333,0.018,1.421,7,7,7,7,7,0,0,0
FCR,100,2026-01-31 17:00:00,NA,NA,NA,NA,NA,0.333,0.018,1.409,7,7,7,7,7,0,0,0
FCR,100,2026-01-31 17:15:00,NA,NA,NA,NA,NA,0.333,0.018,1.42,7,7,7,7,7,0,0,0
FCR,100,2026-01-31 17:30:00,NA,NA,NA,NA,NA,0.333,0.018,1.417,7,7,7,7,7,0,0,0
FCR,100,2026-01-31 17:45:00,NA,NA,NA,NA,NA,0.333,0.018,1.422,7,7,7,7,7,0,0,0
FCR,100,2026-01-31 18:00:00,NA,NA,NA,NA,NA,0.334,0.019,1.418,7,7,7,7,7,0,0,0
FCR,100,2026-01-31 18:15:00,NA,NA,NA,NA,NA,0.333,0.018,1.418,7,7,7,7,7,0,0,0
FCR,100,2026-01-31 18:30:00,NA,NA,NA,NA,NA,0.333,0.018,1.413,7,7,7,7,7,0,0,0
FCR,100,2026-01-31 18:45:00,NA,NA,NA,NA,NA,0.334,0.019,1.411,7,7,7,7,7,0,0,0
FCR,100,2026-01-31 19:00:00,NA,NA,NA,NA,NA,0.332,0.018,1.409,7,7,7,7,7,0,0,0
FCR,100,2026-01-31 19:15:00,NA,NA,NA,NA,NA,0.334,0.019,1.405,7,7,7,7,7,0,0,0
FCR,100,2026-01-31 19:30:00,NA,NA,NA,NA,NA,0.333,0.018,1.404,7,7,7,7,7,0,0,0
FCR,100,2026-01-31 19:45:00,NA,NA,NA,NA,NA,0.332,0.018,1.402,7,7,7,7,7,0,0,0
FCR,100,2026-01-31 20:00:00,NA,NA,NA,NA,NA,0.333,0.018,1.397,7,7,7,7,7,0,0,0
FCR,100,2026-01-31 20:15:00,NA,NA,NA,NA,NA,0.332,0.018,1.394,7,7,7,7,7,0,0,0
FCR,100,2026-01-31 20:30:00,NA,NA,NA,NA,NA,0.333,0.018,1.386,7,7,7,7,7,0,0,0
FCR,100,2026-01-31 20:45:00,NA,NA,NA,NA,NA,0.332,0.018,1.371,7,7,7,7,7,0,0,0
FCR,100,2026-01-31 21:00:00,NA,NA,NA,NA,NA,0.332,0.018,1.366,7,7,7,7,7,0,0,0
FCR,100,2026-01-31 21:15:00,NA,NA,NA,NA,NA,0.333,0.018,1.367,7,7,7,7,7,0,0,0
FCR,100,2026-01-31 21:30:00,NA,NA,NA,NA,NA,0.332,0.018,1.364,7,7,7,7,7,0,0,0
FCR,100,2026-01-31 21:45:00,NA,NA,NA,NA,NA,0.333,0.018,1.366,7,7,7,7,7,0,0,0
FCR,100,2026-01-31 22:00:00,NA,NA,NA,NA,NA,0.331,0.018,1.345,7,7,7,7,7,0,0,0
FCR,100,2026-01-31 22:15:00,NA,NA,NA,NA,NA,0.332,0.018,1.342,7,7,7,7,7,0,0,0
FCR,100,2026-01-31 22:30:00,NA,NA,NA,NA,NA,0.331,0.018,1.335,7,7,7,7,7,0,0,0
FCR,100,2026-01-31 22:45:00,NA,NA,NA,NA,NA,0.331,0.018,1.324,7,7,7,7,7,0,0,0
FCR,100,2026-01-31 23:00:00,NA,NA,NA,NA,NA,0.332,0.018,1.322,7,7,7,7,7,0,0,0
FCR,100,2026-01-31 23:15:00,NA,NA,NA,NA,NA,0.332,0.018,1.313,7,7,7,7,7,0,0,0
FCR,100,2026-01-31 23:30:00,NA,NA,NA,NA,NA,0.331,0.018,1.302,7,7,7,7,7,0,0,0
FCR,100,2026-01-31 23:45:00,NA,NA,NA,NA,NA,0.33,0.018,1.284,7,7,7,7,7,0,0,0
FCR,100,2026-02-01 00:00:00,NA,NA,NA,NA,NA,0.332,0.018,1.282,7,7,7,7,7,0,0,0
FCR,100,2026-02-01 00:15:00,NA,NA,NA,NA,NA,0.332,0.018,1.281,7,7,7,7,7,0,0,0
FCR,100,2026-02-01 00:30:00,NA,NA,NA,NA,NA,0.331,0.018,1.268,7,7,7,7,7,0,0,0
FCR,100,2026-02-01 00:45:00,NA,NA,NA,NA,NA,0.332,0.018,1.255,7,7,7,7,7,0,0,0
FCR,100,2026-02-01 01:00:00,NA,NA,NA,NA,NA,0.331,0.018,1.246,7,7,7,7,7,0,0,0
FCR,100,2026-02-01 01:15:00,NA,NA,NA,NA,NA,0.332,0.018,1.234,7,7,7,7,7,0,0,0
FCR,100,2026-02-01 01:30:00,NA,NA,NA,NA,NA,0.331,0.018,1.201,7,7,7,7,7,0,0,0
FCR,100,2026-02-01 01:45:00,NA,NA,NA,NA,NA,0.331,0.018,1.195,7,7,7,7,7,0,0,0
FCR,100,2026-02-01 02:00:00,NA,NA,NA,NA,NA,0.333,0.018,1.187,7,7,7,7,7,0,0,0
FCR,100,2026-02-01 02:15:00,NA,NA,NA,NA,NA,0.331,0.018,1.171,7,7,7,7,7,0,0,0
FCR,100,2026-02-01 02:30:00,NA,NA,NA,NA,NA,0.331,0.018,1.15,7,7,7,7,7,0,0,0
FCR,100,2026-02-01 02:45:00,NA,NA,NA,NA,NA,0.331,0.018,1.141,7,7,7,7,7,0,0,0
FCR,100,2026-02-01 03:00:00,NA,NA,NA,NA,NA,0.331,0.018,1.139,7,7,7,7,7,0,0,0
FCR,100,2026-02-01 03:15:00,NA,NA,NA,NA,NA,0.332,0.018,1.124,7,7,7,7,7,0,0,0
FCR,100,2026-02-01 03:30:00,NA,NA,NA,NA,NA,0.33,0.018,1.121,7,7,7,7,7,0,0,0
FCR,100,2026-02-01 03:45:00,NA,NA,NA,NA,NA,0.33,0.018,1.1,7,7,7,7,7,0,0,0
FCR,100,2026-02-01 04:00:00,NA,NA,NA,NA,NA,0.331,0.018,1.095,7,7,7,7,7,0,0,0
FCR,100,2026-02-01 04:15:00,NA,NA,NA,NA,NA,0.331,0.018,1.077,7,7,7,7,7,0,0,0
FCR,100,2026-02-01 04:30:00,NA,NA,NA,NA,NA,0.332,0.018,1.063,7,7,7,7,7,0,0,0
FCR,100,2026-02-01 04:45:00,NA,NA,NA,NA,NA,0.33,0.018,1.053,7,7,7,7,7,0,0,0
FCR,100,2026-02-01 05:00:00,NA,NA,NA,NA,NA,0.331,0.018,1.033,7,7,7,7,7,0,0,0
FCR,100,2026-02-01 05:15:00,NA,NA,NA,NA,NA,0.33,0.018,1.008,7,7,7,7,7,0,0,0
FCR,100,2026-02-01 05:30:00,NA,NA,NA,NA,NA,0.33,0.018,0.994,7,7,7,7,7,0,0,0
FCR,100,2026-02-01 05:45:00,NA,NA,NA,NA,NA,0.329,0.017,0.98,7,7,7,7,7,0,0,0
FCR,100,2026-02-01 06:00:00,NA,NA,NA,NA,NA,0.33,0.018,0.972,7,7,7,7,7,0,0,0
FCR,100,2026-02-01 06:15:00,NA,NA,NA,NA,NA,0.33,0.018,0.947,7,7,7,7,7,0,0,0
FCR,100,2026-02-01 06:30:00,NA,NA,NA,NA,NA,0.329,0.017,0.93,7,7,7,7,7,0,0,0
FCR,100,2026-02-01 06:45:00,NA,NA,NA,NA,NA,0.329,0.017,0.916,7,7,7,7,7,0,0,0
FCR,100,2026-02-01 07:00:00,NA,NA,NA,NA,NA,0.33,0.018,0.903,7,7,7,7,7,0,0,0
FCR,100,2026-02-01 07:15:00,NA,NA,NA,NA,NA,0.33,0.018,0.887,7,7,7,7,7,0,0,0
FCR,100,2026-02-01 07:30:00,NA,NA,NA,NA,NA,0.33,0.018,0.855,7,7,7,7,7,0,0,0
FCR,100,2026-02-01 07:45:00,NA,NA,NA,NA,NA,0.329,0.017,0.827,7,7,7,7,7,0,0,0
FCR,100,2026-02-01 08:00:00,NA,NA,NA,NA,NA,0.328,0.017,0.829,7,7,7,7,7,0,0,0
FCR,100,2026-02-01 08:15:00,NA,NA,NA,NA,NA,0.329,0.017,0.816,7,7,7,7,7,0,0,0
FCR,100,2026-02-01 08:30:00,NA,NA,NA,NA,NA,0.329,0.017,0.827,7,7,7,7,7,0,0,0
FCR,100,2026-02-01 08:45:00,NA,NA,NA,NA,NA,0.328,0.017,0.819,7,7,7,7,7,0,0,0
FCR,100,2026-02-01 09:00:00,NA,NA,NA,NA,NA,0.329,0.017,0.811,7,7,7,7,7,0,0,0
FCR,100,2026-02-01 09:15:00,NA,NA,NA,NA,NA,0.329,0.017,0.79,7,7,7,7,7,0,0,0
FCR,100,2026-02-01 09:30:00,NA,NA,NA,NA,NA,0.328,0.017,0.767,7,7,7,7,7,0,0,0
FCR,100,2026-02-01 09:45:00,NA,NA,NA,NA,NA,0.328,0.017,0.76,7,7,7,7,7,0,0,0
FCR,100,2026-02-01 10:00:00,NA,NA,NA,NA,NA,0.329,0.017,0.71,7,7,7,7,7,0,0,0
FCR,100,2026-02-01 10:15:00,NA,NA,NA,NA,NA,0.33,0.018,0.726,7,7,7,7,7,0,0,0
FCR,100,2026-02-01 10:30:00,NA,NA,NA,NA,NA,0.328,0.017,0.737,7,7,7,7,7,0,0,0
FCR,100,2026-02-01 10:45:00,NA,NA,NA,NA,NA,0.328,0.017,0.743,7,7,7,7,7,0,0,0
FCR,100,2026-02-01 11:00:00,NA,NA,NA,NA,NA,0.329,0.017,0.737,7,7,7,7,7,0,0,0
FCR,100,2026-02-01 11:15:00,NA,NA,NA,NA,NA,0.328,0.017,0.781,7,7,7,7,7,0,0,0
FCR,100,2026-02-01 11:30:00,NA,NA,NA,NA,NA,0.329,0.017,0.776,7,7,7,7,7,0,0,0
FCR,100,2026-02-01 11:45:00,NA,NA,NA,NA,NA,0.328,0.017,0.81,7,7,7,7,7,0,0,0
FCR,100,2026-02-01 12:00:00,NA,NA,NA,NA,NA,0.327,0.017,0.832,7,7,7,7,7,0,0,0
FCR,100,2026-02-01 12:15:00,NA,NA,NA,NA,NA,0.329,0.017,0.849,7,7,7,7,7,0,0,0
FCR,100,2026-02-01 12:30:00,NA,NA,NA,NA,NA,0.329,0.017,0.88,7,7,7,7,7,0,0,0
FCR,100,2026-02-01 12:45:00,NA,NA,NA,NA,NA,0.329,0.017,0.899,7,7,7,7,7,0,0,0
FCR,100,2026-02-01 13:00:00,NA,NA,NA,NA,NA,0.329,0.017,0.926,7,7,7,7,7,0,0,0
FCR,100,2026-02-01 13:15:00,NA,NA,NA,NA,NA,0.328,0.017,0.905,7,7,7,7,7,0,0,0
FCR,100,2026-02-01 13:30:00,NA,NA,NA,NA,NA,0.329,0.017,0.965,7,7,7,7,7,0,0,0
FCR,100,2026-02-01 13:45:00,NA,NA,NA,NA,NA,0.329,0.017,1.013,7,7,7,7,7,0,0,0
FCR,100,2026-02-01 14:00:00,NA,NA,NA,NA,NA,0.329,0.017,1.04,7,7,7,7,7,0,0,0
FCR,100,2026-02-01 14:15:00,NA,NA,NA,NA,NA,0.331,0.018,1.056,7,7,7,7,7,0,0,0
FCR,100,2026-02-01 14:30:00,NA,NA,NA,NA,NA,0.33,0.018,1.085,7,7,7,7,7,0,0,0
FCR,100,2026-02-01 14:45:00,NA,NA,NA,NA,NA,0.329,0.017,1.107,7,7,7,7,7,0,0,0
FCR,100,2026-02-01 15:00:00,NA,NA,NA,NA,NA,0.33,0.018,1.13,7,7,7,7,7,0,0,0
FCR,100,2026-02-01 15:15:00,NA,NA,NA,NA,NA,0.329,0.017,1.159,7,7,7,7,7,0,0,0
FCR,100,2026-02-01 15:30:00,NA,NA,NA,NA,NA,0.329,0.017,1.172,7,7,7,7,7,0,0,0
FCR,100,2026-02-01 15:45:00,NA,NA,NA,NA,NA,0.33,0.018,1.165,7,7,7,7,7,0,0,0
FCR,100,2026-02-01 16:00:00,NA,NA,NA,NA,NA,0.329,0.017,1.191,7,7,7,7,7,0,0,0
FCR,100,2026-02-01 16:15:00,NA,NA,NA,NA,NA,0.329,0.017,1.217,7,7,7,7,7,0,0,0
FCR,100,2026-02-01 16:30:00,NA,NA,NA,NA,NA,0.33,0.018,1.233,7,7,7,7,7,0,0,0
FCR,100,2026-02-01 16:45:00,NA,NA,NA,NA,NA,0.329,0.017,1.241,7,7,7,7,7,0,0,0
FCR,100,2026-02-01 17:00:00,NA,NA,NA,NA,NA,0.33,0.018,1.261,7,7,7,7,7,0,0,0
FCR,100,2026-02-01 17:15:00,NA,NA,NA,NA,NA,0.329,0.017,1.274,7,7,7,7,7,0,0,0
FCR,100,2026-02-01 17:30:00,NA,NA,NA,NA,NA,0.329,0.017,1.278,7,7,7,7,7,0,0,0
FCR,100,2026-02-01 17:45:00,NA,NA,NA,NA,NA,0.33,0.018,1.282,7,7,7,7,7,0,0,0
FCR,100,2026-02-01 18:00:00,NA,NA,NA,NA,NA,0.329,0.017,1.28,7,7,7,7,7,0,0,0
FCR,100,2026-02-01 18:15:00,NA,NA,NA,NA,NA,0.329,0.017,1.277,7,7,7,7,7,0,0,0
FCR,100,2026-02-01 18:30:00,NA,NA,NA,NA,NA,0.33,0.018,1.276,7,7,7,7,7,0,0,0
FCR,100,2026-02-01 18:45:00,NA,NA,NA,NA,NA,0.329,0.017,1.28,7,7,7,7,7,0,0,0
FCR,100,2026-02-01 19:00:00,NA,NA,NA,NA,NA,0.329,0.017,1.272,7,7,7,7,7,0,0,0
FCR,100,2026-02-01 19:15:00,NA,NA,NA,NA,NA,0.33,0.018,1.27,7,7,7,7,7,0,0,0
FCR,100,2026-02-01 19:30:00,NA,NA,NA,NA,NA,0.329,0.017,1.26,7,7,7,7,7,0,0,0
FCR,100,2026-02-01 19:45:00,NA,NA,NA,NA,NA,0.328,0.017,1.247,7,7,7,7,7,0,0,0
FCR,100,2026-02-01 20:00:00,NA,NA,NA,NA,NA,0.328,0.017,1.235,7,7,7,7,7,0,0,0
FCR,100,2026-02-01 20:15:00,NA,NA,NA,NA,NA,0.329,0.017,1.224,7,7,7,7,7,0,0,0
FCR,100,2026-02-01 20:30:00,NA,NA,NA,NA,NA,0.329,0.017,1.199,7,7,7,7,7,0,0,0
FCR,100,2026-02-01 20:45:00,NA,NA,NA,NA,NA,0.329,0.017,1.181,7,7,7,7,7,0,0,0
FCR,100,2026-02-01 21:00:00,NA,NA,NA,NA,NA,0.329,0.017,1.163,7,7,7,7,7,0,0,0
FCR,100,2026-02-01 21:15:00,NA,NA,NA,NA,NA,0.328,0.017,1.158,7,7,7,7,7,0,0,0
FCR,100,2026-02-01 21:30:00,NA,NA,NA,NA,NA,0.328,0.017,1.14,7,7,7,7,7,0,0,0
FCR,100,2026-02-01 21:45:00,NA,NA,NA,NA,NA,0.327,0.017,1.127,7,7,7,7,7,0,0,0
FCR,100,2026-02-01 22:00:00,NA,NA,NA,NA,NA,0.328,0.017,1.119,7,7,7,7,7,0,0,0
FCR,100,2026-02-01 22:15:00,NA,NA,NA,NA,NA,0.327,0.017,1.11,7,7,7,7,7,0,0,0
FCR,100,2026-02-01 22:30:00,NA,NA,NA,NA,NA,0.327,0.017,1.103,7,7,7,7,7,0,0,0
FCR,100,2026-02-01 22:45:00,NA,NA,NA,NA,NA,0.326,0.017,1.089,7,7,7,7,7,0,0,0
FCR,100,2026-02-01 23:00:00,NA,NA,NA,NA,NA,0.327,0.017,1.076,7,7,7,7,7,0,0,0
FCR,100,2026-02-01 23:15:00,NA,NA,NA,NA,NA,0.326,0.017,1.063,7,7,7,7,7,0,0,0
FCR,100,2026-02-01 23:30:00,NA,NA,NA,NA,NA,0.327,0.017,1.048,7,7,7,7,7,0,0,0
FCR,100,2026-02-01 23:45:00,NA,NA,NA,NA,NA,0.328,0.017,1.022,7,7,7,7,7,0,0,0
FCR,100,2026-02-02 00:00:00,NA,NA,NA,NA,NA,0.327,0.017,0.999,7,7,7,7,7,0,0,0
FCR,100,2026-02-02 00:15:00,NA,NA,NA,NA,NA,0.327,0.017,0.973,7,7,7,7,7,0,0,0
FCR,100,2026-02-02 00:30:00,NA,NA,NA,NA,NA,0.327,0.017,0.97,7,7,7,7,7,0,0,0
FCR,100,2026-02-02 00:45:00,NA,NA,NA,NA,NA,0.326,0.017,0.961,7,7,7,7,7,0,0,0
FCR,100,2026-02-02 01:00:00,NA,NA,NA,NA,NA,0.328,0.017,0.955,7,7,7,7,7,0,0,0
FCR,100,2026-02-02 01:15:00,NA,NA,NA,NA,NA,0.327,0.017,0.94,7,7,7,7,7,0,0,0
FCR,100,2026-02-02 01:30:00,NA,NA,NA,NA,NA,0.328,0.017,0.92,7,7,7,7,7,0,0,0
FCR,100,2026-02-02 01:45:00,NA,NA,NA,NA,NA,0.327,0.017,0.902,7,7,7,7,7,0,0,0
FCR,100,2026-02-02 02:00:00,NA,NA,NA,NA,NA,0.327,0.017,0.895,7,7,7,7,7,0,0,0
FCR,100,2026-02-02 02:15:00,NA,NA,NA,NA,NA,0.326,0.017,0.887,7,7,7,7,7,0,0,0
FCR,100,2026-02-02 02:30:00,NA,NA,NA,NA,NA,0.327,0.017,0.863,7,7,7,7,7,0,0,0
FCR,100,2026-02-02 02:45:00,NA,NA,NA,NA,NA,0.327,0.017,0.845,7,7,7,7,7,0,0,0
FCR,100,2026-02-02 03:00:00,NA,NA,NA,NA,NA,0.326,0.017,0.842,7,7,7,7,7,0,0,0
FCR,100,2026-02-02 03:15:00,NA,NA,NA,NA,NA,0.327,0.017,0.843,7,7,7,7,7,0,0,0
FCR,100,2026-02-02 03:30:00,NA,NA,NA,NA,NA,0.327,0.017,0.843,7,7,7,7,7,0,0,0
FCR,100,2026-02-02 03:45:00,NA,NA,NA,NA,NA,0.326,0.017,0.838,7,7,7,7,7,0,0,0
FCR,100,2026-02-02 04:00:00,NA,NA,NA,NA,NA,0.326,0.017,0.829,7,7,7,7,7,0,0,0
FCR,100,2026-02-02 04:15:00,NA,NA,NA,NA,NA,0.326,0.017,0.825,7,7,7,7,7,0,0,0
FCR,100,2026-02-02 04:30:00,NA,NA,NA,NA,NA,0.327,0.017,0.815,7,7,7,7,7,0,0,0
FCR,100,2026-02-02 04:45:00,NA,NA,NA,NA,NA,0.326,0.017,0.809,7,7,7,7,7,0,0,0
FCR,100,2026-02-02 05:00:00,NA,NA,NA,NA,NA,0.326,0.017,0.816,7,7,7,7,7,0,0,0
FCR,100,2026-02-02 05:15:00,NA,NA,NA,NA,NA,0.326,0.017,0.822,7,7,7,7,7,0,0,0
FCR,100,2026-02-02 05:30:00,NA,NA,NA,NA,NA,0.326,0.017,0.821,7,7,7,7,7,0,0,0
FCR,100,2026-02-02 05:45:00,NA,NA,NA,NA,NA,0.325,0.017,0.826,7,7,7,7,7,0,0,0
FCR,100,2026-02-02 06:00:00,NA,NA,NA,NA,NA,0.325,0.017,0.819,7,7,7,7,7,0,0,0
FCR,100,2026-02-02 06:15:00,NA,NA,NA,NA,NA,0.326,0.017,0.808,7,7,7,7,7,0,0,0
FCR,100,2026-02-02 06:30:00,NA,NA,NA,NA,NA,0.326,0.017,0.802,7,7,7,7,7,0,0,0
FCR,100,2026-02-02 06:45:00,NA,NA,NA,NA,NA,0.325,0.017,0.805,7,7,7,7,7,0,0,0
FCR,100,2026-02-02 07:00:00,NA,NA,NA,NA,NA,0.325,0.017,0.8,7,7,7,7,7,0,0,0
FCR,100,2026-02-02 07:15:00,NA,NA,NA,NA,NA,0.325,0.017,0.79,7,7,7,7,7,0,0,0
FCR,100,2026-02-02 07:30:00,NA,NA,NA,NA,NA,0.325,0.017,0.787,7,7,7,7,7,0,0,0
FCR,100,2026-02-02 07:45:00,NA,NA,NA,NA,NA,0.325,0.017,0.78,7,7,7,7,7,0,0,0
FCR,100,2026-02-02 08:00:00,NA,NA,NA,NA,NA,0.325,0.017,0.779,7,7,7,7,7,0,0,0
FCR,100,2026-02-02 08:15:00,NA,NA,NA,NA,NA,0.325,0.017,0.781,7,7,7,7,7,0,0,0
FCR,100,2026-02-02 08:30:00,NA,NA,NA,NA,NA,0.325,0.017,0.764,7,7,7,7,7,0,0,0
FCR,100,2026-02-02 08:45:00,NA,NA,NA,NA,NA,0.326,0.017,0.761,7,7,7,7,7,0,0,0
FCR,100,2026-02-02 09:00:00,NA,NA,NA,NA,NA,0.326,0.017,0.764,7,7,7,7,7,0,0,0
FCR,100,2026-02-02 09:15:00,NA,NA,NA,NA,NA,0.325,0.017,0.755,7,7,7,7,7,0,0,0
FCR,100,2026-02-02 09:30:00,NA,NA,NA,NA,NA,0.325,0.017,0.763,7,7,7,7,7,0,0,0
FCR,100,2026-02-02 09:45:00,NA,NA,NA,NA,NA,0.326,0.017,0.767,7,7,7,7,7,0,0,0
FCR,100,2026-02-02 10:00:00,NA,NA,NA,NA,NA,0.326,0.017,0.783,7,7,7,7,7,0,0,0
FCR,100,2026-02-02 10:15:00,NA,NA,NA,NA,NA,0.325,0.017,0.766,7,7,7,7,7,0,0,0
FCR,100,2026-02-02 10:30:00,NA,NA,NA,NA,NA,0.325,0.017,0.776,7,7,7,7,7,0,0,0
FCR,100,2026-02-02 10:45:00,NA,NA,NA,NA,NA,0.325,0.017,0.799,7,7,7,7,7,0,0,0
FCR,100,2026-02-02 11:00:00,NA,NA,NA,NA,NA,0.325,0.017,0.82,7,7,7,7,7,0,0,0
FCR,100,2026-02-02 11:15:00,NA,NA,NA,NA,NA,0.325,0.017,0.837,7,7,7,7,7,0,0,0
FCR,100,2026-02-02 11:30:00,NA,NA,NA,NA,NA,0.326,0.017,0.839,7,7,7,7,7,0,0,0
FCR,100,2026-02-02 11:45:00,NA,NA,NA,NA,NA,0.326,0.017,0.892,7,7,7,7,7,0,0,0
FCR,100,2026-02-02 12:00:00,NA,NA,NA,NA,NA,0.327,0.017,0.931,7,7,7,7,7,0,0,0
FCR,100,2026-02-02 12:15:00,NA,NA,NA,NA,NA,0.326,0.017,0.959,7,7,7,7,7,0,0,0
FCR,100,2026-02-02 12:30:00,NA,NA,NA,NA,NA,0.327,0.017,0.977,7,7,7,7,7,0,0,0
FCR,100,2026-02-02 12:45:00,NA,NA,NA,NA,NA,0.326,0.017,0.991,7,7,7,7,7,0,0,0
FCR,100,2026-02-02 13:00:00,NA,NA,NA,NA,NA,0.327,0.017,1.03,7,7,7,7,7,0,0,0
FCR,100,2026-02-02 13:15:00,NA,NA,NA,NA,NA,0.327,0.017,1.045,7,7,7,7,7,0,0,0
FCR,100,2026-02-02 13:30:00,NA,NA,NA,NA,NA,0.327,0.017,1.09,7,7,7,7,7,0,0,0
FCR,100,2026-02-02 13:45:00,NA,NA,NA,NA,NA,0.327,0.017,1.073,7,7,7,7,7,0,0,0
FCR,100,2026-02-02 14:00:00,NA,NA,NA,NA,NA,0.327,0.017,1.164,7,7,7,7,7,0,0,0
FCR,100,2026-02-02 14:15:00,NA,NA,NA,NA,NA,0.328,0.017,1.148,7,7,7,7,7,0,0,0
FCR,100,2026-02-02 14:30:00,NA,NA,NA,NA,NA,0.328,0.017,1.239,7,7,7,7,7,0,0,0
FCR,100,2026-02-02 14:45:00,NA,NA,NA,NA,NA,0.327,0.017,1.267,7,7,7,7,7,0,0,0
FCR,100,2026-02-02 15:00:00,NA,NA,NA,NA,NA,0.328,0.017,1.249,7,7,7,7,7,0,0,0
FCR,100,2026-02-02 15:15:00,NA,NA,NA,NA,NA,0.328,0.017,1.32,7,7,7,7,7,0,0,0
FCR,100,2026-02-02 15:30:00,NA,NA,NA,NA,NA,0.327,0.017,1.313,7,7,7,7,7,0,0,0
FCR,100,2026-02-02 15:45:00,NA,NA,NA,NA,NA,0.327,0.017,1.345,7,7,7,7,7,0,0,0
FCR,100,2026-02-02 16:00:00,NA,NA,NA,NA,NA,0.328,0.017,1.369,7,7,7,7,7,0,0,0
FCR,100,2026-02-02 16:15:00,NA,NA,NA,NA,NA,0.328,0.017,1.398,7,7,7,7,7,0,0,0
FCR,100,2026-02-02 16:30:00,NA,NA,NA,NA,NA,0.328,0.017,1.404,7,7,7,7,7,0,0,0
FCR,100,2026-02-02 16:45:00,NA,NA,NA,NA,NA,0.328,0.017,1.438,7,7,7,7,7,0,0,0
FCR,100,2026-02-02 17:00:00,NA,NA,NA,NA,NA,0.328,0.017,1.45,7,7,7,7,7,0,0,0
FCR,100,2026-02-02 17:15:00,NA,NA,NA,NA,NA,0.328,0.017,1.461,7,7,7,7,7,0,0,0
FCR,100,2026-02-02 17:30:00,NA,NA,NA,NA,NA,0.328,0.017,1.472,7,7,7,7,7,0,0,0
FCR,100,2026-02-02 17:45:00,NA,NA,NA,NA,NA,0.327,0.017,1.48,7,7,7,7,7,0,0,0
FCR,100,2026-02-02 18:00:00,NA,NA,NA,NA,NA,0.328,0.017,1.482,7,7,7,7,7,0,0,0
FCR,100,2026-02-02 18:15:00,NA,NA,NA,NA,NA,0.328,0.017,1.486,7,7,7,7,7,0,0,0
FCR,100,2026-02-02 18:30:00,NA,NA,NA,NA,NA,0.328,0.017,1.5,7,7,7,7,7,0,0,0
FCR,100,2026-02-02 18:45:00,NA,NA,NA,NA,NA,0.327,0.017,1.505,7,7,7,7,7,0,0,0
FCR,100,2026-02-02 19:00:00,NA,NA,NA,NA,NA,0.327,0.017,1.505,7,7,7,7,7,0,0,0
FCR,100,2026-02-02 19:15:00,NA,NA,NA,NA,NA,0.328,0.017,1.513,7,7,7,7,7,0,0,0
FCR,100,2026-02-02 19:30:00,NA,NA,NA,NA,NA,0.327,0.017,1.509,7,7,7,7,7,0,0,0
FCR,100,2026-02-02 19:45:00,NA,NA,NA,NA,NA,0.328,0.017,1.514,7,7,7,7,7,0,0,0
FCR,100,2026-02-02 20:00:00,NA,NA,NA,NA,NA,0.327,0.017,1.515,7,7,7,7,7,0,0,0
FCR,100,2026-02-02 20:15:00,NA,NA,NA,NA,NA,0.327,0.017,1.52,7,7,7,7,7,0,0,0
FCR,100,2026-02-02 20:30:00,NA,NA,NA,NA,NA,0.327,0.017,1.516,7,7,7,7,7,0,0,0
FCR,100,2026-02-02 20:45:00,NA,NA,NA,NA,NA,0.327,0.017,1.527,7,7,7,7,7,0,0,0
FCR,100,2026-02-02 21:00:00,NA,NA,NA,NA,NA,0.327,0.017,1.525,7,7,7,7,7,0,0,0
FCR,100,2026-02-02 21:15:00,NA,NA,NA,NA,NA,0.328,0.017,1.528,7,7,7,7,7,0,0,0
FCR,100,2026-02-02 21:30:00,NA,NA,NA,NA,NA,0.327,0.017,1.524,7,7,7,7,7,0,0,0
FCR,100,2026-02-02 21:45:00,NA,NA,NA,NA,NA,0.328,0.017,1.526,7,7,7,7,7,0,0,0
FCR,100,2026-02-02 22:00:00,NA,NA,NA,NA,NA,0.328,0.017,1.534,7,7,7,7,7,0,0,0
FCR,100,2026-02-02 22:15:00,NA,NA,NA,NA,NA,0.328,0.017,1.522,7,7,7,7,7,0,0,0
FCR,100,2026-02-02 22:30:00,NA,NA,NA,NA,NA,0.327,0.017,1.521,7,7,7,7,7,0,0,0
FCR,100,2026-02-02 22:45:00,NA,NA,NA,NA,NA,0.327,0.017,1.529,7,7,7,7,7,0,0,0
FCR,100,2026-02-02 23:00:00,NA,NA,NA,NA,NA,0.328,0.017,1.537,7,7,7,7,7,0,0,0
FCR,100,2026-02-02 23:15:00,NA,NA,NA,NA,NA,0.327,0.017,1.538,7,7,7,7,7,0,0,0
FCR,100,2026-02-02 23:30:00,NA,NA,NA,NA,NA,0.327,0.017,1.539,7,7,7,7,7,0,0,0
FCR,100,2026-02-02 23:45:00,NA,NA,NA,NA,NA,0.327,0.017,1.535,7,7,7,7,7,0,0,0
FCR,100,2026-02-03 00:00:00,NA,NA,NA,NA,NA,0.327,0.017,1.535,7,7,7,7,7,0,0,0
FCR,100,2026-02-03 00:15:00,NA,NA,NA,NA,NA,0.327,0.017,1.541,7,7,7,7,7,0,0,0
FCR,100,2026-02-03 00:30:00,NA,NA,NA,NA,NA,0.327,0.017,1.543,7,7,7,7,7,0,0,0
FCR,100,2026-02-03 00:45:00,NA,NA,NA,NA,NA,0.328,0.017,1.543,7,7,7,7,7,0,0,0
FCR,100,2026-02-03 01:00:00,NA,NA,NA,NA,NA,0.327,0.017,1.55,7,7,7,7,7,0,0,0
FCR,100,2026-02-03 01:15:00,NA,NA,NA,NA,NA,0.327,0.017,1.544,7,7,7,7,7,0,0,0
FCR,100,2026-02-03 01:30:00,NA,NA,NA,NA,NA,0.327,0.017,1.543,7,7,7,7,7,0,0,0
FCR,100,2026-02-03 01:45:00,NA,NA,NA,NA,NA,0.328,0.017,1.547,7,7,7,7,7,0,0,0
FCR,100,2026-02-03 02:00:00,NA,NA,NA,NA,NA,0.327,0.017,1.555,7,7,7,7,7,0,0,0
FCR,100,2026-02-03 02:15:00,NA,NA,NA,NA,NA,0.328,0.017,1.556,7,7,7,7,7,0,0,0
FCR,100,2026-02-03 02:30:00,NA,NA,NA,NA,NA,0.327,0.017,1.546,7,7,7,7,7,0,0,0
FCR,100,2026-02-03 02:45:00,NA,NA,NA,NA,NA,0.327,0.017,1.553,7,7,7,7,7,0,0,0
FCR,100,2026-02-03 03:00:00,NA,NA,NA,NA,NA,0.327,0.017,1.552,7,7,7,7,7,0,0,0
FCR,100,2026-02-03 03:15:00,NA,NA,NA,NA,NA,0.327,0.017,1.55,7,7,7,7,7,0,0,0
FCR,100,2026-02-03 03:30:00,NA,NA,NA,NA,NA,0.328,0.017,1.551,7,7,7,7,7,0,0,0
FCR,100,2026-02-03 03:45:00,NA,NA,NA,NA,NA,0.326,0.017,1.561,7,7,7,7,7,0,0,0
FCR,100,2026-02-03 04:00:00,NA,NA,NA,NA,NA,0.326,0.017,1.556,7,7,7,7,7,0,0,0
FCR,100,2026-02-03 04:15:00,NA,NA,NA,NA,NA,0.327,0.017,1.564,7,7,7,7,7,0,0,0
FCR,100,2026-02-03 04:30:00,NA,NA,NA,NA,NA,0.327,0.017,1.555,7,7,7,7,7,0,0,0
FCR,100,2026-02-03 04:45:00,NA,NA,NA,NA,NA,0.328,0.017,1.558,7,7,7,7,7,0,0,0
FCR,100,2026-02-03 05:00:00,NA,NA,NA,NA,NA,0.327,0.017,1.557,7,7,7,7,7,0,0,0
FCR,100,2026-02-03 05:15:00,NA,NA,NA,NA,NA,0.327,0.017,1.559,7,7,7,7,7,0,0,0
FCR,100,2026-02-03 05:30:00,NA,NA,NA,NA,NA,0.328,0.017,1.559,7,7,7,7,7,0,0,0
FCR,100,2026-02-03 05:45:00,NA,NA,NA,NA,NA,0.327,0.017,1.567,7,7,7,7,7,0,0,0
FCR,100,2026-02-03 06:00:00,NA,NA,NA,NA,NA,0.328,0.017,1.568,7,7,7,7,7,0,0,0
FCR,100,2026-02-03 06:15:00,NA,NA,NA,NA,NA,0.327,0.017,1.562,7,7,7,7,7,0,0,0
FCR,100,2026-02-03 06:30:00,NA,NA,NA,NA,NA,0.327,0.017,1.571,7,7,7,7,7,0,0,0
FCR,100,2026-02-03 06:45:00,NA,NA,NA,NA,NA,0.327,0.017,1.57,7,7,7,7,7,0,0,0
FCR,100,2026-02-03 07:00:00,NA,NA,NA,NA,NA,0.327,0.017,1.574,7,7,7,7,7,0,0,0
FCR,100,2026-02-03 07:15:00,NA,NA,NA,NA,NA,0.328,0.017,1.574,7,7,7,7,7,0,0,0
FCR,100,2026-02-03 07:30:00,NA,NA,NA,NA,NA,0.326,0.017,1.575,7,7,7,7,7,0,0,0
FCR,100,2026-02-03 07:45:00,NA,NA,NA,NA,NA,0.327,0.017,1.572,7,7,7,7,7,0,0,0
FCR,100,2026-02-03 08:00:00,NA,NA,NA,NA,NA,0.327,0.017,1.579,7,7,7,7,7,0,0,0
FCR,100,2026-02-03 08:15:00,NA,NA,NA,NA,NA,0.327,0.017,1.585,7,7,7,7,7,0,0,0
FCR,100,2026-02-03 08:30:00,NA,NA,NA,NA,NA,0.327,0.017,1.591,7,7,7,7,7,0,0,0
FCR,100,2026-02-03 08:45:00,NA,NA,NA,NA,NA,0.326,0.017,1.601,7,7,7,7,7,0,0,0
FCR,100,2026-02-03 09:00:00,NA,NA,NA,NA,NA,0.326,0.017,1.607,7,7,7,7,7,0,0,0
FCR,100,2026-02-03 09:15:00,NA,NA,NA,NA,NA,0.326,0.017,1.608,7,7,7,7,7,0,0,0
FCR,100,2026-02-03 09:30:00,NA,NA,NA,NA,NA,0.327,0.017,1.612,7,7,7,7,7,0,0,0
FCR,100,2026-02-03 09:45:00,NA,NA,NA,NA,NA,0.327,0.017,1.609,7,7,7,7,7,0,0,0
FCR,100,2026-02-03 10:00:00,NA,NA,NA,NA,NA,0.326,0.017,1.618,7,7,7,7,7,0,0,0
FCR,100,2026-02-03 10:15:00,NA,NA,NA,NA,NA,0.326,0.017,1.628,7,7,7,7,7,0,0,0
FCR,100,2026-02-03 10:30:00,NA,NA,NA,NA,NA,0.327,0.017,1.63,7,7,7,7,7,0,0,0
FCR,100,2026-02-03 10:45:00,NA,NA,NA,NA,NA,0.327,0.017,1.64,7,7,7,7,7,0,0,0
FCR,100,2026-02-03 11:00:00,NA,NA,NA,NA,NA,0.328,0.017,1.643,7,7,7,7,7,0,0,0
FCR,100,2026-02-03 11:15:00,NA,NA,NA,NA,NA,0.327,0.017,1.681,7,7,7,7,7,0,0,0
FCR,100,2026-02-03 11:30:00,NA,NA,NA,NA,NA,0.328,0.017,1.67,7,7,7,7,7,0,0,0
FCR,100,2026-02-03 11:45:00,NA,NA,NA,NA,NA,0.328,0.017,1.689,7,7,7,7,7,0,0,0
FCR,100,2026-02-03 12:00:00,NA,NA,NA,NA,NA,0.328,0.017,1.694,7,7,7,7,7,0,0,0
FCR,100,2026-02-03 12:15:00,NA,NA,NA,NA,NA,0.327,0.017,1.681,7,7,7,7,7,0,0,0
FCR,100,2026-02-03 12:30:00,NA,NA,NA,NA,NA,0.327,0.017,1.68,7,7,7,7,7,0,0,0
FCR,100,2026-02-03 12:45:00,NA,NA,NA,NA,NA,0.327,0.017,1.704,7,7,7,7,7,0,0,0
FCR,100,2026-02-03 13:00:00,NA,NA,NA,NA,NA,0.327,0.017,1.696,7,7,7,7,7,0,0,0
FCR,100,2026-02-03 13:15:00,NA,NA,NA,NA,NA,0.327,0.017,1.683,7,7,7,7,7,0,0,0
FCR,100,2026-02-03 13:30:00,NA,NA,NA,NA,NA,0.328,0.017,1.662,7,7,7,7,7,0,0,0
FCR,100,2026-02-03 13:45:00,NA,NA,NA,NA,NA,0.328,0.017,1.619,7,7,7,7,7,0,0,0
FCR,100,2026-02-03 14:00:00,NA,NA,NA,NA,NA,0.327,0.017,1.666,7,7,7,7,7,0,0,0
FCR,100,2026-02-03 14:15:00,NA,NA,NA,NA,NA,0.328,0.017,1.662,7,7,7,7,7,0,0,0
FCR,100,2026-02-03 14:30:00,NA,NA,NA,NA,NA,0.327,0.017,1.687,7,7,7,7,7,0,0,0
FCR,100,2026-02-03 14:45:00,NA,NA,NA,NA,NA,0.327,0.017,1.698,7,7,7,7,7,0,0,0
FCR,100,2026-02-03 15:00:00,NA,NA,NA,NA,NA,0.328,0.017,1.686,7,7,7,7,7,0,0,0
FCR,100,2026-02-03 15:15:00,NA,NA,NA,NA,NA,0.328,0.017,1.68,7,7,7,7,7,0,0,0
FCR,100,2026-02-03 15:30:00,NA,NA,NA,NA,NA,0.327,0.017,1.705,7,7,7,7,7,0,0,0
FCR,100,2026-02-03 15:45:00,NA,NA,NA,NA,NA,0.328,0.017,1.686,7,7,7,7,7,0,0,0
FCR,100,2026-02-03 16:00:00,NA,NA,NA,NA,NA,0.327,0.017,1.682,7,7,7,7,7,0,0,0
FCR,100,2026-02-03 16:15:00,NA,NA,NA,NA,NA,0.327,0.017,1.657,7,7,7,7,7,0,0,0
FCR,100,2026-02-03 16:30:00,NA,NA,NA,NA,NA,0.327,0.017,1.658,7,7,7,7,7,0,0,0
FCR,100,2026-02-03 16:45:00,NA,NA,NA,NA,NA,0.327,0.017,1.643,7,7,7,7,7,0,0,0
FCR,100,2026-02-03 17:00:00,NA,NA,NA,NA,NA,0.328,0.017,1.649,7,7,7,7,7,0,0,0
FCR,100,2026-02-03 17:15:00,NA,NA,NA,NA,NA,0.328,0.017,1.62,7,7,7,7,7,0,0,0
FCR,100,2026-02-03 17:30:00,NA,NA,NA,NA,NA,0.328,0.017,1.606,7,7,7,7,7,0,0,0
FCR,100,2026-02-03 17:45:00,NA,NA,NA,NA,NA,0.327,0.017,1.621,7,7,7,7,7,0,0,0
FCR,100,2026-02-03 18:00:00,NA,NA,NA,NA,NA,0.328,0.017,1.605,7,7,7,7,7,0,0,0
FCR,100,2026-02-03 18:15:00,NA,NA,NA,NA,NA,0.328,0.017,1.543,7,7,7,7,7,0,0,0
FCR,100,2026-02-03 18:30:00,NA,NA,NA,NA,NA,0.328,0.017,1.593,7,7,7,7,7,0,0,0
FCR,100,2026-02-03 18:45:00,NA,NA,NA,NA,NA,0.328,0.017,1.601,7,7,7,7,7,0,0,0
FCR,100,2026-02-03 19:00:00,NA,NA,NA,NA,NA,0.327,0.017,1.588,7,7,7,7,7,0,0,0
FCR,100,2026-02-03 19:15:00,NA,NA,NA,NA,NA,0.327,0.017,1.527,7,7,7,7,7,0,0,0
FCR,100,2026-02-03 19:30:00,NA,NA,NA,NA,NA,0.328,0.017,1.575,7,7,7,7,7,0,0,0
FCR,100,2026-02-03 19:45:00,NA,NA,NA,NA,NA,0.327,0.017,1.579,7,7,7,7,7,0,0,0
FCR,100,2026-02-03 20:00:00,NA,NA,NA,NA,NA,0.328,0.017,1.492,7,7,7,7,7,0,0,0
FCR,100,2026-02-03 20:15:00,NA,NA,NA,NA,NA,0.326,0.017,1.549,7,7,7,7,7,0,0,0
FCR,100,2026-02-03 20:30:00,NA,NA,NA,NA,NA,0.327,0.017,1.558,7,7,7,7,7,0,0,0
FCR,100,2026-02-03 20:45:00,NA,NA,NA,NA,NA,0.329,0.017,1.41,7,7,7,7,7,0,0,0
FCR,100,2026-02-03 21:00:00,NA,NA,NA,NA,NA,0.327,0.017,1.514,7,7,7,7,7,0,0,0
FCR,100,2026-02-03 21:15:00,NA,NA,NA,NA,NA,0.327,0.017,1.519,7,7,7,7,7,0,0,0
FCR,100,2026-02-03 21:30:00,NA,NA,NA,NA,NA,0.327,0.017,1.503,7,7,7,7,7,0,0,0
FCR,100,2026-02-03 21:45:00,NA,NA,NA,NA,NA,0.328,0.017,1.492,7,7,7,7,7,0,0,0
FCR,100,2026-02-03 22:00:00,NA,NA,NA,NA,NA,0.328,0.017,1.384,7,7,7,7,7,0,0,0
FCR,100,2026-02-03 22:15:00,NA,NA,NA,NA,NA,0.328,0.017,1.468,7,7,7,7,7,0,0,0
FCR,100,2026-02-03 22:30:00,NA,NA,NA,NA,NA,0.327,0.017,1.489,7,7,7,7,7,0,0,0
FCR,100,2026-02-03 22:45:00,NA,NA,NA,NA,NA,0.327,0.017,1.496,7,7,7,7,7,0,0,0
FCR,100,2026-02-03 23:00:00,NA,NA,NA,NA,NA,0.328,0.017,1.473,7,7,7,7,7,0,0,0
FCR,100,2026-02-03 23:15:00,NA,NA,NA,NA,NA,0.328,0.017,1.419,7,7,7,7,7,0,0,0
FCR,100,2026-02-03 23:30:00,NA,NA,NA,NA,NA,0.328,0.017,1.461,7,7,7,7,7,0,0,0
FCR,100,2026-02-03 23:45:00,NA,NA,NA,NA,NA,0.328,0.017,1.464,7,7,7,7,7,0,0,0
FCR,100,2026-02-04 00:00:00,NA,NA,NA,NA,NA,0.329,0.017,1.313,7,7,7,7,7,0,0,0
FCR,100,2026-02-04 00:15:00,NA,NA,NA,NA,NA,0.328,0.017,1.411,7,7,7,7,7,0,0,0
FCR,100,2026-02-04 00:30:00,NA,NA,NA,NA,NA,0.328,0.017,1.451,7,7,7,7,7,0,0,0
FCR,100,2026-02-04 00:45:00,NA,NA,NA,NA,NA,0.328,0.017,1.453,7,7,7,7,7,0,0,0
FCR,100,2026-02-04 01:00:00,NA,NA,NA,NA,NA,0.327,0.017,1.455,7,7,7,7,7,0,0,0
FCR,100,2026-02-04 01:15:00,NA,NA,NA,NA,NA,0.329,0.017,1.452,7,7,7,7,7,0,0,0
FCR,100,2026-02-04 01:30:00,NA,NA,NA,NA,NA,0.328,0.017,1.439,7,7,7,7,7,0,0,0
FCR,100,2026-02-04 01:45:00,NA,NA,NA,NA,NA,0.328,0.017,1.444,7,7,7,7,7,0,0,0
FCR,100,2026-02-04 02:00:00,NA,NA,NA,NA,NA,0.328,0.017,1.45,7,7,7,7,7,0,0,0
FCR,100,2026-02-04 02:15:00,NA,NA,NA,NA,NA,0.328,0.017,1.399,7,7,7,7,7,0,0,0
FCR,100,2026-02-04 02:30:00,NA,NA,NA,NA,NA,0.329,0.017,1.411,7,7,7,7,7,0,0,0
FCR,100,2026-02-04 02:45:00,NA,NA,NA,NA,NA,0.328,0.017,1.453,7,7,7,7,7,0,0,0
FCR,100,2026-02-04 03:00:00,NA,NA,NA,NA,NA,0.328,0.017,1.429,7,7,7,7,7,0,0,0
FCR,100,2026-02-04 03:15:00,NA,NA,NA,NA,NA,0.328,0.017,1.441,7,7,7,7,7,0,0,0
FCR,100,2026-02-04 03:30:00,NA,NA,NA,NA,NA,0.328,0.017,1.443,7,7,7,7,7,0,0,0
FCR,100,2026-02-04 03:45:00,NA,NA,NA,NA,NA,0.328,0.017,1.435,7,7,7,7,7,0,0,0
FCR,100,2026-02-04 04:00:00,NA,NA,NA,NA,NA,0.329,0.017,1.451,7,7,7,7,7,0,0,0
FCR,100,2026-02-04 04:15:00,NA,NA,NA,NA,NA,0.328,0.017,1.402,7,7,7,7,7,0,0,0
FCR,100,2026-02-04 04:30:00,NA,NA,NA,NA,NA,0.328,0.017,1.45,7,7,7,7,7,0,0,0
FCR,100,2026-02-04 04:45:00,NA,NA,NA,NA,NA,0.328,0.017,1.445,7,7,7,7,7,0,0,0
FCR,100,2026-02-04 05:00:00,NA,NA,NA,NA,NA,0.328,0.017,1.433,7,7,7,7,7,0,0,0
FCR,100,2026-02-04 05:15:00,NA,NA,NA,NA,NA,0.329,0.017,1.437,7,7,7,7,7,0,0,0
FCR,100,2026-02-04 05:30:00,NA,NA,NA,NA,NA,0.329,0.017,1.357,7,7,7,7,7,0,0,0
FCR,100,2026-02-04 05:45:00,NA,NA,NA,NA,NA,0.329,0.017,1.429,7,7,7,7,7,0,0,0
FCR,100,2026-02-04 06:00:00,NA,NA,NA,NA,NA,0.329,0.017,1.442,7,7,7,7,7,0,0,0
FCR,100,2026-02-04 06:15:00,NA,NA,NA,NA,NA,0.329,0.017,1.409,7,7,7,7,7,0,0,0
FCR,100,2026-02-04 06:30:00,NA,NA,NA,NA,NA,0.33,0.018,1.371,7,7,7,7,7,0,0,0
FCR,100,2026-02-04 06:45:00,NA,NA,NA,NA,NA,0.329,0.017,1.353,7,7,7,7,7,0,0,0
FCR,100,2026-02-04 07:00:00,NA,NA,NA,NA,NA,0.329,0.017,1.401,7,7,7,7,7,0,0,0
FCR,100,2026-02-04 07:15:00,NA,NA,NA,NA,NA,0.329,0.017,1.418,7,7,7,7,7,0,0,0
FCR,100,2026-02-04 07:30:00,NA,NA,NA,NA,NA,0.33,0.018,1.395,7,7,7,7,7,0,0,0
FCR,100,2026-02-04 07:45:00,NA,NA,NA,NA,NA,0.329,0.017,1.417,7,7,7,7,7,0,0,0
FCR,100,2026-02-04 08:00:00,NA,NA,NA,NA,NA,0.329,0.017,1.417,7,7,7,7,7,0,0,0
FCR,100,2026-02-04 08:15:00,NA,NA,NA,NA,NA,0.33,0.018,1.411,7,7,7,7,7,0,0,0
FCR,100,2026-02-04 08:30:00,NA,NA,NA,NA,NA,0.329,0.017,1.43,7,7,7,7,7,0,0,0
FCR,100,2026-02-04 08:45:00,NA,NA,NA,NA,NA,0.329,0.017,1.446,7,7,7,7,7,0,0,0
FCR,100,2026-02-04 09:00:00,NA,NA,NA,NA,NA,0.33,0.018,1.398,7,7,7,7,7,0,0,0
FCR,100,2026-02-04 09:15:00,NA,NA,NA,NA,NA,0.33,0.018,1.47,7,7,7,7,7,0,0,0
FCR,100,2026-02-04 09:30:00,NA,NA,NA,NA,NA,0.33,0.018,1.455,7,7,7,7,7,0,0,0
FCR,100,2026-02-04 09:45:00,NA,NA,NA,NA,NA,0.329,0.017,1.396,7,7,7,7,7,0,0,0
FCR,100,2026-02-04 10:00:00,NA,NA,NA,NA,NA,0.329,0.017,1.486,7,7,7,7,7,0,0,0
FCR,100,2026-02-04 10:15:00,NA,NA,NA,NA,NA,0.331,0.018,1.449,7,7,7,7,7,0,0,0
FCR,100,2026-02-04 10:30:00,NA,NA,NA,NA,NA,0.329,0.017,1.464,7,7,7,7,7,0,0,0
FCR,100,2026-02-04 10:45:00,NA,NA,NA,NA,NA,0.33,0.018,1.497,7,7,7,7,7,0,0,0
FCR,100,2026-02-04 11:00:00,NA,NA,NA,NA,NA,0.33,0.018,1.507,7,7,7,7,7,0,0,0
FCR,100,2026-02-04 11:15:00,NA,NA,NA,NA,NA,0.332,0.018,1.367,7,7,7,7,7,0,0,0
FCR,100,2026-02-04 11:30:00,NA,NA,NA,NA,NA,0.33,0.018,1.474,7,7,7,7,7,0,0,0
FCR,100,2026-02-04 11:45:00,NA,NA,NA,NA,NA,0.33,0.018,1.5,7,7,7,7,7,0,0,0
FCR,100,2026-02-04 12:00:00,NA,NA,NA,NA,NA,0.331,0.018,1.436,7,7,7,7,7,0,0,0
FCR,100,2026-02-04 12:15:00,NA,NA,NA,NA,NA,0.331,0.018,1.419,7,7,7,7,7,0,0,0
FCR,100,2026-02-04 12:30:00,NA,NA,NA,NA,NA,0.33,0.018,1.487,7,7,7,7,7,0,0,0
FCR,100,2026-02-04 12:45:00,NA,NA,NA,NA,NA,0.33,0.018,1.485,7,7,7,7,7,0,0,0
FCR,100,2026-02-04 13:00:00,NA,NA,NA,NA,NA,0.33,0.018,1.423,7,7,7,7,7,0,0,0
FCR,100,2026-02-04 13:15:00,NA,NA,NA,NA,NA,0.331,0.018,1.466,7,7,7,7,7,0,0,0
FCR,100,2026-02-04 13:30:00,NA,NA,NA,NA,NA,0.331,0.018,1.383,7,7,7,7,7,0,0,0
FCR,100,2026-02-04 13:45:00,NA,NA,NA,NA,NA,0.331,0.018,1.464,7,7,7,7,7,0,0,0
FCR,100,2026-02-04 14:00:00,NA,NA,NA,NA,NA,0.33,0.018,1.479,7,7,7,7,7,0,0,0
FCR,100,2026-02-04 14:15:00,NA,NA,NA,NA,NA,0.331,0.018,1.39,7,7,7,7,7,0,0,0
FCR,100,2026-02-04 14:30:00,NA,NA,NA,NA,NA,0.33,0.018,1.461,7,7,7,7,7,0,0,0
FCR,100,2026-02-04 14:45:00,NA,NA,NA,NA,NA,0.331,0.018,1.467,7,7,7,7,7,0,0,0
FCR,100,2026-02-04 15:00:00,NA,NA,NA,NA,NA,0.331,0.018,1.283,7,7,7,7,7,0,0,0
FCR,100,2026-02-04 15:15:00,NA,NA,NA,NA,NA,0.331,0.018,1.422,7,7,7,7,7,0,0,0
FCR,100,2026-02-04 15:30:00,NA,NA,NA,NA,NA,0.332,0.018,1.459,7,7,7,7,7,0,0,0
FCR,100,2026-02-04 15:45:00,NA,NA,NA,NA,NA,0.33,0.018,1.439,7,7,7,7,7,0,0,0
FCR,100,2026-02-04 16:00:00,NA,NA,NA,NA,NA,0.331,0.018,1.461,7,7,7,7,7,0,0,0
FCR,100,2026-02-04 16:15:00,NA,NA,NA,NA,NA,0.33,0.018,1.352,7,7,7,7,7,0,0,0
FCR,100,2026-02-04 16:30:00,NA,NA,NA,NA,NA,0.331,0.018,1.429,7,7,7,7,7,0,0,0
FCR,100,2026-02-04 16:45:00,NA,NA,NA,NA,NA,0.33,0.018,1.44,7,7,7,7,7,0,0,0
FCR,100,2026-02-04 17:00:00,NA,NA,NA,NA,NA,0.331,0.018,1.414,7,7,7,7,7,0,0,0
FCR,100,2026-02-04 17:15:00,NA,NA,NA,NA,NA,0.332,0.018,1.325,7,7,7,7,7,0,0,0
FCR,100,2026-02-04 17:30:00,NA,NA,NA,NA,NA,0.331,0.018,1.309,7,7,7,7,7,0,0,0
FCR,100,2026-02-04 17:45:00,NA,NA,NA,NA,NA,0.33,0.018,1.391,7,7,7,7,7,0,0,0
FCR,100,2026-02-04 18:00:00,NA,NA,NA,NA,NA,0.33,0.018,1.414,7,7,7,7,7,0,0,0
FCR,100,2026-02-04 18:15:00,NA,NA,NA,NA,NA,0.331,0.018,1.411,7,7,7,7,7,0,0,0
FCR,100,2026-02-04 18:30:00,NA,NA,NA,NA,NA,0.331,0.018,1.352,7,7,7,7,7,0,0,0
FCR,100,2026-02-04 18:45:00,NA,NA,NA,NA,NA,0.331,0.018,1.377,7,7,7,7,7,0,0,0
FCR,100,2026-02-04 19:00:00,NA,NA,NA,NA,NA,0.33,0.018,1.389,7,7,7,7,7,0,0,0
FCR,100,2026-02-04 19:15:00,NA,NA,NA,NA,NA,0.33,0.018,1.371,7,7,7,7,7,0,0,0
FCR,100,2026-02-04 19:30:00,NA,NA,NA,NA,NA,0.33,0.018,1.396,7,7,7,7,7,0,0,0
FCR,100,2026-02-04 19:45:00,NA,NA,NA,NA,NA,0.33,0.018,1.372,7,7,7,7,7,0,0,0
FCR,100,2026-02-04 20:00:00,NA,NA,NA,NA,NA,0.332,0.018,1.105,7,7,7,7,7,0,0,0
FCR,100,2026-02-04 20:15:00,NA,NA,NA,NA,NA,0.331,0.018,1.26,7,7,7,7,7,0,0,0
FCR,100,2026-02-04 20:30:00,NA,NA,NA,NA,NA,0.332,0.018,1.329,7,7,7,7,7,0,0,0
FCR,100,2026-02-04 20:45:00,NA,NA,NA,NA,NA,0.331,0.018,1.364,7,7,7,7,7,0,0,0
FCR,100,2026-02-04 21:00:00,NA,NA,NA,NA,NA,0.331,0.018,1.37,7,7,7,7,7,0,0,0
FCR,100,2026-02-04 21:15:00,NA,NA,NA,NA,NA,0.33,0.018,1.365,7,7,7,7,7,0,0,0
FCR,100,2026-02-04 21:30:00,NA,NA,NA,NA,NA,0.33,0.018,1.377,7,7,7,7,7,0,0,0
FCR,100,2026-02-04 21:45:00,NA,NA,NA,NA,NA,0.332,0.018,1.318,7,7,7,7,7,0,0,0
FCR,100,2026-02-04 22:00:00,NA,NA,NA,NA,NA,0.331,0.018,1.325,7,7,7,7,7,0,0,0
FCR,100,2026-02-04 22:15:00,NA,NA,NA,NA,NA,0.331,0.018,1.343,7,7,7,7,7,0,0,0
FCR,100,2026-02-04 22:30:00,NA,NA,NA,NA,NA,0.331,0.018,1.333,7,7,7,7,7,0,0,0
FCR,100,2026-02-04 22:45:00,NA,NA,NA,NA,NA,0.331,0.018,1.28,7,7,7,7,7,0,0,0
FCR,100,2026-02-04 23:00:00,NA,NA,NA,NA,NA,0.331,0.018,1.278,7,7,7,7,7,0,0,0
FCR,100,2026-02-04 23:15:00,NA,NA,NA,NA,NA,0.33,0.018,1.276,7,7,7,7,7,0,0,0
FCR,100,2026-02-04 23:30:00,NA,NA,NA,NA,NA,0.33,0.018,1.317,7,7,7,7,7,0,0,0
FCR,100,2026-02-04 23:45:00,NA,NA,NA,NA,NA,0.331,0.018,1.33,7,7,7,7,7,0,0,0
FCR,100,2026-02-05 00:00:00,NA,NA,NA,NA,NA,0.331,0.018,1.321,7,7,7,7,7,0,0,0
FCR,100,2026-02-05 00:15:00,NA,NA,NA,NA,NA,0.331,0.018,1.321,7,7,7,7,7,0,0,0
FCR,100,2026-02-05 00:30:00,NA,NA,NA,NA,NA,0.332,0.018,1.332,7,7,7,7,7,0,0,0
FCR,100,2026-02-05 00:45:00,NA,NA,NA,NA,NA,0.332,0.018,1.337,7,7,7,7,7,0,0,0
FCR,100,2026-02-05 01:00:00,NA,NA,NA,NA,NA,0.332,0.018,1.325,7,7,7,7,7,0,0,0
FCR,100,2026-02-05 01:15:00,NA,NA,NA,NA,NA,0.332,0.018,1.333,7,7,7,7,7,0,0,0
FCR,100,2026-02-05 01:30:00,NA,NA,NA,NA,NA,0.331,0.018,1.336,7,7,7,7,7,0,0,0
FCR,100,2026-02-05 01:45:00,NA,NA,NA,NA,NA,0.332,0.018,1.337,7,7,7,7,7,0,0,0
FCR,100,2026-02-05 02:00:00,NA,NA,NA,NA,NA,0.331,0.018,1.347,7,7,7,7,7,0,0,0
FCR,100,2026-02-05 02:15:00,NA,NA,NA,NA,NA,0.331,0.018,1.352,7,7,7,7,7,0,0,0
FCR,100,2026-02-05 02:30:00,NA,NA,NA,NA,NA,0.33,0.018,1.356,7,7,7,7,7,0,0,0
FCR,100,2026-02-05 02:45:00,NA,NA,NA,NA,NA,0.331,0.018,1.161,7,7,7,7,7,0,0,0
FCR,100,2026-02-05 03:00:00,NA,NA,NA,NA,NA,0.331,0.018,1.297,7,7,7,7,7,0,0,0
FCR,100,2026-02-05 03:15:00,NA,NA,NA,NA,NA,0.332,0.018,1.345,7,7,7,7,7,0,0,0
FCR,100,2026-02-05 03:30:00,NA,NA,NA,NA,NA,0.332,0.018,1.357,7,7,7,7,7,0,0,0
FCR,100,2026-02-05 03:45:00,NA,NA,NA,NA,NA,0.331,0.018,1.366,7,7,7,7,7,0,0,0
FCR,100,2026-02-05 04:00:00,NA,NA,NA,NA,NA,0.332,0.018,1.376,7,7,7,7,7,0,0,0
FCR,100,2026-02-05 04:15:00,NA,NA,NA,NA,NA,0.332,0.018,1.382,7,7,7,7,7,0,0,0
FCR,100,2026-02-05 04:30:00,NA,NA,NA,NA,NA,0.331,0.018,1.393,7,7,7,7,7,0,0,0
FCR,100,2026-02-05 04:45:00,NA,NA,NA,NA,NA,0.331,0.018,1.394,7,7,7,7,7,0,0,0
FCR,100,2026-02-05 05:00:00,NA,NA,NA,NA,NA,0.332,0.018,1.396,7,7,7,7,7,0,0,0
FCR,100,2026-02-05 05:15:00,NA,NA,NA,NA,NA,0.332,0.018,1.402,7,7,7,7,7,0,0,0
FCR,100,2026-02-05 05:30:00,NA,NA,NA,NA,NA,0.332,0.018,1.398,7,7,7,7,7,0,0,0
FCR,100,2026-02-05 05:45:00,NA,NA,NA,NA,NA,0.332,0.018,1.403,7,7,7,7,7,0,0,0
FCR,100,2026-02-05 06:00:00,NA,NA,NA,NA,NA,0.331,0.018,1.408,7,7,7,7,7,0,0,0
FCR,100,2026-02-05 06:15:00,NA,NA,NA,NA,NA,0.332,0.018,1.412,7,7,7,7,7,0,0,0
FCR,100,2026-02-05 06:30:00,NA,NA,NA,NA,NA,0.332,0.018,1.406,7,7,7,7,7,0,0,0
FCR,100,2026-02-05 06:45:00,NA,NA,NA,NA,NA,0.332,0.018,1.407,7,7,7,7,7,0,0,0
FCR,100,2026-02-05 07:00:00,NA,NA,NA,NA,NA,0.332,0.018,1.416,7,7,7,7,7,0,0,0
FCR,100,2026-02-05 07:15:00,NA,NA,NA,NA,NA,0.331,0.018,1.417,7,7,7,7,7,0,0,0
FCR,100,2026-02-05 07:30:00,NA,NA,NA,NA,NA,0.332,0.018,1.421,7,7,7,7,7,0,0,0
FCR,100,2026-02-05 07:45:00,NA,NA,NA,NA,NA,0.331,0.018,1.428,7,7,7,7,7,0,0,0
FCR,100,2026-02-05 08:00:00,NA,NA,NA,NA,NA,0.332,0.018,1.432,7,7,7,7,7,0,0,0
FCR,100,2026-02-05 08:15:00,NA,NA,NA,NA,NA,0.331,0.018,1.439,7,7,7,7,7,0,0,0
FCR,100,2026-02-05 08:30:00,NA,NA,NA,NA,NA,0.332,0.018,1.443,7,7,7,7,7,0,0,0
FCR,100,2026-02-05 08:45:00,NA,NA,NA,NA,NA,0.332,0.018,1.453,7,7,7,7,7,0,0,0
FCR,100,2026-02-05 09:00:00,NA,NA,NA,NA,NA,0.331,0.018,1.457,7,7,7,7,7,0,0,0
FCR,100,2026-02-05 09:15:00,NA,NA,NA,NA,NA,0.332,0.018,1.463,7,7,7,7,7,0,0,0
FCR,100,2026-02-05 09:30:00,NA,NA,NA,NA,NA,0.331,0.018,1.477,7,7,7,7,7,0,0,0
FCR,100,2026-02-05 09:45:00,NA,NA,NA,NA,NA,0.332,0.018,1.498,7,7,7,7,7,0,0,0
FCR,100,2026-02-05 10:00:00,NA,NA,NA,NA,NA,0.332,0.018,1.515,7,7,7,7,7,0,0,0
FCR,100,2026-02-05 10:15:00,NA,NA,NA,NA,NA,0.332,0.018,1.532,7,7,7,7,7,0,0,0
FCR,100,2026-02-05 10:30:00,NA,NA,NA,NA,NA,0.331,0.018,1.543,7,7,7,7,7,0,0,0
FCR,100,2026-02-05 10:45:00,NA,NA,NA,NA,NA,0.333,0.018,1.557,7,7,7,7,7,0,0,0
FCR,100,2026-02-05 11:00:00,NA,NA,NA,NA,NA,0.332,0.018,1.605,7,7,7,7,7,0,0,0
FCR,100,2026-02-05 11:15:00,NA,NA,NA,NA,NA,0.333,0.018,1.651,7,7,7,7,7,0,0,0
FCR,100,2026-02-05 11:30:00,NA,NA,NA,NA,NA,0.333,0.018,1.676,7,7,7,7,7,0,0,0
FCR,100,2026-02-05 11:45:00,NA,NA,NA,NA,NA,0.333,0.018,1.69,7,7,7,7,7,0,0,0
FCR,100,2026-02-05 12:00:00,NA,NA,NA,NA,NA,0.333,0.018,1.706,7,7,7,7,7,0,0,0
FCR,100,2026-02-05 12:15:00,NA,NA,NA,NA,NA,0.332,0.018,1.728,7,7,7,7,7,0,0,0
FCR,100,2026-02-05 12:30:00,NA,NA,NA,NA,NA,0.333,0.018,1.755,7,7,7,7,7,0,0,0
FCR,100,2026-02-05 12:45:00,NA,NA,NA,NA,NA,0.333,0.018,1.799,7,7,7,7,7,0,0,0
FCR,100,2026-02-05 13:00:00,NA,NA,NA,NA,NA,0.333,0.018,1.792,7,7,7,7,7,0,0,0
FCR,100,2026-02-05 13:15:00,NA,NA,NA,NA,NA,0.333,0.018,1.85,7,7,7,7,7,0,0,0
FCR,100,2026-02-05 13:30:00,NA,NA,NA,NA,NA,0.334,0.019,1.877,7,7,7,7,7,0,0,0
FCR,100,2026-02-05 13:45:00,NA,NA,NA,NA,NA,0.334,0.019,1.865,7,7,7,7,7,0,0,0
FCR,100,2026-02-05 14:00:00,NA,NA,NA,NA,NA,0.333,0.018,1.868,7,7,7,7,7,0,0,0
FCR,100,2026-02-05 14:15:00,NA,NA,NA,NA,NA,0.333,0.018,1.91,7,7,7,7,7,0,0,0
FCR,100,2026-02-05 14:30:00,NA,NA,NA,NA,NA,0.335,0.019,1.933,7,7,7,7,7,0,0,0
FCR,100,2026-02-05 14:45:00,NA,NA,NA,NA,NA,0.335,0.019,1.929,7,7,7,7,7,0,0,0
FCR,100,2026-02-05 15:00:00,NA,NA,NA,NA,NA,0.334,0.019,1.927,7,7,7,7,7,0,0,0
FCR,100,2026-02-05 15:15:00,NA,NA,NA,NA,NA,0.334,0.019,1.962,7,7,7,7,7,0,0,0
FCR,100,2026-02-05 15:30:00,NA,NA,NA,NA,NA,0.335,0.019,1.883,7,7,7,7,7,0,0,0
FCR,100,2026-02-05 15:45:00,NA,NA,NA,NA,NA,0.334,0.019,1.94,7,7,7,7,7,0,0,0
FCR,100,2026-02-05 16:00:00,NA,NA,NA,NA,NA,0.335,0.019,1.893,7,7,7,7,7,0,0,0
FCR,100,2026-02-05 16:15:00,NA,NA,NA,NA,NA,0.334,0.019,1.905,7,7,7,7,7,0,0,0
FCR,100,2026-02-05 16:30:00,NA,NA,NA,NA,NA,0.334,0.019,1.899,7,7,7,7,7,0,0,0
FCR,100,2026-02-05 16:45:00,NA,NA,NA,NA,NA,0.335,0.019,1.894,7,7,7,7,7,0,0,0
FCR,100,2026-02-05 17:00:00,NA,NA,NA,NA,NA,0.335,0.019,1.888,7,7,7,7,7,0,0,0
FCR,100,2026-02-05 17:15:00,NA,NA,NA,NA,NA,0.334,0.019,1.866,7,7,7,7,7,0,0,0
FCR,100,2026-02-05 17:30:00,NA,NA,NA,NA,NA,0.334,0.019,1.858,7,7,7,7,7,0,0,0
FCR,100,2026-02-05 17:45:00,NA,NA,NA,NA,NA,0.335,0.019,1.843,7,7,7,7,7,0,0,0
FCR,100,2026-02-05 18:00:00,NA,NA,NA,NA,NA,0.335,0.019,1.821,7,7,7,7,7,0,0,0
FCR,100,2026-02-05 18:15:00,NA,NA,NA,NA,NA,0.333,0.018,1.798,7,7,7,7,7,0,0,0
FCR,100,2026-02-05 18:30:00,NA,NA,NA,NA,NA,0.334,0.019,1.778,7,7,7,7,7,0,0,0
FCR,100,2026-02-05 18:45:00,NA,NA,NA,NA,NA,0.335,0.019,1.759,7,7,7,7,7,0,0,0
FCR,100,2026-02-05 19:00:00,NA,NA,NA,NA,NA,0.333,0.018,1.738,7,7,7,7,7,0,0,0
FCR,100,2026-02-05 19:15:00,NA,NA,NA,NA,NA,0.334,0.019,1.721,7,7,7,7,7,0,0,0
FCR,100,2026-02-05 19:30:00,NA,NA,NA,NA,NA,0.333,0.018,1.703,7,7,7,7,7,0,0,0
FCR,100,2026-02-05 19:45:00,NA,NA,NA,NA,NA,0.334,0.019,1.691,7,7,7,7,7,0,0,0
FCR,100,2026-02-05 20:00:00,NA,NA,NA,NA,NA,0.334,0.019,1.677,7,7,7,7,7,0,0,0
FCR,100,2026-02-05 20:15:00,NA,NA,NA,NA,NA,0.333,0.018,1.656,7,7,7,7,7,0,0,0
FCR,100,2026-02-05 20:30:00,NA,NA,NA,NA,NA,0.333,0.018,1.633,7,7,7,7,7,0,0,0
FCR,100,2026-02-05 20:45:00,NA,NA,NA,NA,NA,0.333,0.018,1.62,7,7,7,7,7,0,0,0
FCR,100,2026-02-05 21:00:00,NA,NA,NA,NA,NA,0.333,0.018,1.601,7,7,7,7,7,0,0,0
FCR,100,2026-02-05 21:15:00,NA,NA,NA,NA,NA,0.333,0.018,1.593,7,7,7,7,7,0,0,0
FCR,100,2026-02-05 21:30:00,NA,NA,NA,NA,NA,0.333,0.018,1.579,7,7,7,7,7,0,0,0
FCR,100,2026-02-05 21:45:00,NA,NA,NA,NA,NA,0.333,0.018,1.562,7,7,7,7,7,0,0,0
FCR,100,2026-02-05 22:00:00,NA,NA,NA,NA,NA,0.333,0.018,1.545,7,7,7,7,7,0,0,0
FCR,100,2026-02-05 22:15:00,NA,NA,NA,NA,NA,0.332,0.018,1.53,7,7,7,7,7,0,0,0
FCR,100,2026-02-05 22:30:00,NA,NA,NA,NA,NA,0.331,0.018,1.515,7,7,7,7,7,0,0,0
FCR,100,2026-02-05 22:45:00,NA,NA,NA,NA,NA,0.333,0.018,1.503,7,7,7,7,7,0,0,0
FCR,100,2026-02-05 23:00:00,NA,NA,NA,NA,NA,0.332,0.018,1.493,7,7,7,7,7,0,0,0
FCR,100,2026-02-05 23:15:00,NA,NA,NA,NA,NA,0.333,0.018,1.476,7,7,7,7,7,0,0,0
FCR,100,2026-02-05 23:30:00,NA,NA,NA,NA,NA,0.332,0.018,1.463,7,7,7,7,7,0,0,0
FCR,100,2026-02-05 23:45:00,NA,NA,NA,NA,NA,0.333,0.018,1.453,7,7,7,7,7,0,0,0
FCR,100,2026-02-06 00:00:00,NA,NA,NA,NA,NA,0.332,0.018,1.427,7,7,7,7,7,0,0,0
FCR,100,2026-02-06 00:15:00,NA,NA,NA,NA,NA,0.331,0.018,1.407,7,7,7,7,7,0,0,0
FCR,100,2026-02-06 00:30:00,NA,NA,NA,NA,NA,0.332,0.018,1.394,7,7,7,7,7,0,0,0
FCR,100,2026-02-06 00:45:00,NA,NA,NA,NA,NA,0.332,0.018,1.377,7,7,7,7,7,0,0,0
FCR,100,2026-02-06 01:00:00,NA,NA,NA,NA,NA,0.332,0.018,1.359,7,7,7,7,7,0,0,0
FCR,100,2026-02-06 01:15:00,NA,NA,NA,NA,NA,0.332,0.018,1.338,7,7,7,7,7,0,0,0
FCR,100,2026-02-06 01:30:00,NA,NA,NA,NA,NA,0.331,0.018,1.324,7,7,7,7,7,0,0,0
FCR,100,2026-02-06 01:45:00,NA,NA,NA,NA,NA,0.331,0.018,1.304,7,7,7,7,7,0,0,0
FCR,100,2026-02-06 02:00:00,NA,NA,NA,NA,NA,0.332,0.018,1.291,7,7,7,7,7,0,0,0
FCR,100,2026-02-06 02:15:00,NA,NA,NA,NA,NA,0.331,0.018,1.274,7,7,7,7,7,0,0,0
FCR,100,2026-02-06 02:30:00,NA,NA,NA,NA,NA,0.331,0.018,1.259,7,7,7,7,7,0,0,0
FCR,100,2026-02-06 02:45:00,NA,NA,NA,NA,NA,0.331,0.018,1.243,7,7,7,7,7,0,0,0
FCR,100,2026-02-06 03:00:00,NA,NA,NA,NA,NA,0.331,0.018,1.225,7,7,7,7,7,0,0,0
FCR,100,2026-02-06 03:15:00,NA,NA,NA,NA,NA,0.331,0.018,1.204,7,7,7,7,7,0,0,0
FCR,100,2026-02-06 03:30:00,NA,NA,NA,NA,NA,0.33,0.018,1.187,7,7,7,7,7,0,0,0
FCR,100,2026-02-06 03:45:00,NA,NA,NA,NA,NA,0.331,0.018,1.167,7,7,7,7,7,0,0,0
FCR,100,2026-02-06 04:00:00,NA,NA,NA,NA,NA,0.33,0.018,1.162,7,7,7,7,7,0,0,0
FCR,100,2026-02-06 04:15:00,NA,NA,NA,NA,NA,0.331,0.018,1.155,7,7,7,7,7,0,0,0
FCR,100,2026-02-06 04:30:00,NA,NA,NA,NA,NA,0.331,0.018,1.139,7,7,7,7,7,0,0,0
FCR,100,2026-02-06 04:45:00,NA,NA,NA,NA,NA,0.331,0.018,1.122,7,7,7,7,7,0,0,0
FCR,100,2026-02-06 05:00:00,NA,NA,NA,NA,NA,0.33,0.018,1.118,7,7,7,7,7,0,0,0
FCR,100,2026-02-06 05:15:00,NA,NA,NA,NA,NA,0.331,0.018,1.119,7,7,7,7,7,0,0,0
FCR,100,2026-02-06 05:30:00,NA,NA,NA,NA,NA,0.33,0.018,1.123,7,7,7,7,7,0,0,0
FCR,100,2026-02-06 05:45:00,NA,NA,NA,NA,NA,0.33,0.018,1.123,7,7,7,7,7,0,0,0
FCR,100,2026-02-06 06:00:00,NA,NA,NA,NA,NA,0.33,0.018,1.112,7,7,7,7,7,0,0,0
FCR,100,2026-02-06 06:15:00,NA,NA,NA,NA,NA,0.331,0.018,1.102,7,7,7,7,7,0,0,0
FCR,100,2026-02-06 06:30:00,NA,NA,NA,NA,NA,0.332,0.018,1.078,7,7,7,7,7,0,0,0
FCR,100,2026-02-06 06:45:00,NA,NA,NA,NA,NA,0.33,0.018,1.071,7,7,7,7,7,0,0,0
FCR,100,2026-02-06 07:00:00,NA,NA,NA,NA,NA,0.331,0.018,1.068,7,7,7,7,7,0,0,0
FCR,100,2026-02-06 07:15:00,NA,NA,NA,NA,NA,0.33,0.018,1.062,7,7,7,7,7,0,0,0
FCR,100,2026-02-06 07:30:00,NA,NA,NA,NA,NA,0.33,0.018,1.063,7,7,7,7,7,0,0,0
FCR,100,2026-02-06 07:45:00,NA,NA,NA,NA,NA,0.331,0.018,1.066,7,7,7,7,7,0,0,0
FCR,100,2026-02-06 08:00:00,NA,NA,NA,NA,NA,0.331,0.018,1.085,7,7,7,7,7,0,0,0
FCR,100,2026-02-06 08:15:00,NA,NA,NA,NA,NA,0.331,0.018,1.081,7,7,7,7,7,0,0,0
FCR,100,2026-02-06 08:30:00,NA,NA,NA,NA,NA,0.331,0.018,1.093,7,7,7,7,7,0,0,0
FCR,100,2026-02-06 08:45:00,NA,NA,NA,NA,NA,0.331,0.018,1.115,7,7,7,7,7,0,0,0
FCR,100,2026-02-06 09:00:00,NA,NA,NA,NA,NA,0.331,0.018,1.115,7,7,7,7,7,0,0,0
FCR,100,2026-02-06 09:15:00,NA,NA,NA,NA,NA,0.33,0.018,1.154,7,7,7,7,7,0,0,0
FCR,100,2026-02-06 09:30:00,NA,NA,NA,NA,NA,0.331,0.018,1.186,7,7,7,7,7,0,0,0
FCR,100,2026-02-06 09:45:00,NA,NA,NA,NA,NA,0.332,0.018,1.22,7,7,7,7,7,0,0,0
FCR,100,2026-02-06 10:00:00,NA,NA,NA,NA,NA,0.331,0.018,1.224,7,7,7,7,7,0,0,0
FCR,100,2026-02-06 10:15:00,NA,NA,NA,NA,NA,0.331,0.018,1.256,7,7,7,7,7,0,0,0
FCR,100,2026-02-06 10:30:00,NA,NA,NA,NA,NA,0.331,0.018,1.269,7,7,7,7,7,0,0,0
FCR,100,2026-02-06 10:45:00,NA,NA,NA,NA,NA,0.331,0.018,1.287,7,7,7,7,7,0,0,0
FCR,100,2026-02-06 11:00:00,NA,NA,NA,NA,NA,0.331,0.018,1.327,7,7,7,7,7,0,0,0
FCR,100,2026-02-06 11:15:00,NA,NA,NA,NA,NA,0.332,0.018,1.359,7,7,7,7,7,0,0,0
FCR,100,2026-02-06 11:30:00,NA,NA,NA,NA,NA,0.332,0.018,1.382,7,7,7,7,7,0,0,0
FCR,100,2026-02-06 11:45:00,NA,NA,NA,NA,NA,0.332,0.018,1.402,7,7,7,7,7,0,0,0
FCR,100,2026-02-06 12:00:00,NA,NA,NA,NA,NA,0.332,0.018,1.425,7,7,7,7,7,0,0,0
FCR,100,2026-02-06 12:15:00,NA,NA,NA,NA,NA,0.333,0.018,1.434,7,7,7,7,7,0,0,0
FCR,100,2026-02-06 12:30:00,NA,NA,NA,NA,NA,0.332,0.018,1.477,7,7,7,7,7,0,0,0
FCR,100,2026-02-06 12:45:00,NA,NA,NA,NA,NA,0.332,0.018,1.495,7,7,7,7,7,0,0,0
FCR,100,2026-02-06 13:00:00,NA,NA,NA,NA,NA,0.332,0.018,1.499,7,7,7,7,7,0,0,0
FCR,100,2026-02-06 13:15:00,NA,NA,NA,NA,NA,0.331,0.018,1.515,7,7,7,7,7,0,0,0
FCR,100,2026-02-06 13:30:00,NA,NA,NA,NA,NA,0.332,0.018,1.494,7,7,7,7,7,0,0,0
FCR,100,2026-02-06 13:45:00,NA,NA,NA,NA,NA,0.332,0.018,1.5,7,7,7,7,7,0,0,0
FCR,100,2026-02-06 14:00:00,NA,NA,NA,NA,NA,0.333,0.018,1.599,7,7,7,7,7,0,0,0
FCR,100,2026-02-06 14:15:00,NA,NA,NA,NA,NA,0.332,0.018,1.58,7,7,7,7,7,0,0,0
FCR,100,2026-02-06 14:30:00,NA,NA,NA,NA,NA,0.333,0.018,1.604,7,7,7,7,7,0,0,0
FCR,100,2026-02-06 14:45:00,NA,NA,NA,NA,NA,0.332,0.018,1.586,7,7,7,7,7,0,0,0
FCR,100,2026-02-06 15:00:00,NA,NA,NA,NA,NA,0.332,0.018,1.609,7,7,7,7,7,0,0,0
FCR,100,2026-02-06 15:15:00,NA,NA,NA,NA,NA,0.333,0.018,1.649,7,7,7,7,7,0,0,0
FCR,100,2026-02-06 15:30:00,NA,NA,NA,NA,NA,0.333,0.018,1.628,7,7,7,7,7,0,0,0
FCR,100,2026-02-06 15:45:00,NA,NA,NA,NA,NA,0.334,0.019,1.632,7,7,7,7,7,0,0,0
FCR,100,2026-02-06 16:00:00,NA,NA,NA,NA,NA,0.333,0.018,1.633,7,7,7,7,7,0,0,0
FCR,100,2026-02-06 16:15:00,NA,NA,NA,NA,NA,0.333,0.018,1.629,7,7,7,7,7,0,0,0
FCR,100,2026-02-06 16:30:00,NA,NA,NA,NA,NA,0.334,0.019,1.634,7,7,7,7,7,0,0,0
FCR,100,2026-02-06 16:45:00,NA,NA,NA,NA,NA,0.334,0.019,1.638,7,7,7,7,7,0,0,0
FCR,100,2026-02-06 17:00:00,NA,NA,NA,NA,NA,0.334,0.019,1.642,7,7,7,7,7,0,0,0
FCR,100,2026-02-06 17:15:00,NA,NA,NA,NA,NA,0.334,0.019,1.647,7,7,7,7,7,0,0,0
FCR,100,2026-02-06 17:30:00,NA,NA,NA,NA,NA,0.333,0.018,1.653,7,7,7,7,7,0,0,0
FCR,100,2026-02-06 17:45:00,NA,NA,NA,NA,NA,0.332,0.018,1.654,7,7,7,7,7,0,0,0
FCR,100,2026-02-06 18:00:00,NA,NA,NA,NA,NA,0.334,0.019,1.657,7,7,7,7,7,0,0,0
FCR,100,2026-02-06 18:15:00,NA,NA,NA,NA,NA,0.334,0.019,1.656,7,7,7,7,7,0,0,0
FCR,100,2026-02-06 18:30:00,NA,NA,NA,NA,NA,0.334,0.019,1.656,7,7,7,7,7,0,0,0
FCR,100,2026-02-06 18:45:00,NA,NA,NA,NA,NA,0.333,0.018,1.654,7,7,7,7,7,0,0,0
FCR,100,2026-02-06 19:00:00,NA,NA,NA,NA,NA,0.333,0.018,1.653,7,7,7,7,7,0,0,0
FCR,100,2026-02-06 19:15:00,NA,NA,NA,NA,NA,0.334,0.019,1.659,7,7,7,7,7,0,0,0
FCR,100,2026-02-06 19:30:00,NA,NA,NA,NA,NA,0.332,0.018,1.662,7,7,7,7,7,0,0,0
FCR,100,2026-02-06 19:45:00,NA,NA,NA,NA,NA,0.334,0.019,1.654,7,7,7,7,7,0,0,0
FCR,100,2026-02-06 20:00:00,NA,NA,NA,NA,NA,0.333,0.018,1.643,7,7,7,7,7,0,0,0
FCR,100,2026-02-06 20:15:00,NA,NA,NA,NA,NA,0.333,0.018,1.635,7,7,7,7,7,0,0,0
FCR,100,2026-02-06 20:30:00,NA,NA,NA,NA,NA,0.333,0.018,1.613,7,7,7,7,7,0,0,0
FCR,100,2026-02-06 20:45:00,NA,NA,NA,NA,NA,0.334,0.019,1.535,7,7,7,7,7,0,0,0
FCR,100,2026-02-06 21:00:00,NA,NA,NA,NA,NA,0.333,0.018,1.505,7,7,7,7,7,0,0,0
FCR,100,2026-02-06 21:15:00,NA,NA,NA,NA,NA,0.335,0.019,1.517,7,7,7,7,7,0,0,0
FCR,100,2026-02-06 21:30:00,NA,NA,NA,NA,NA,0.334,0.019,1.531,7,7,7,7,7,0,0,0
FCR,100,2026-02-06 21:45:00,NA,NA,NA,NA,NA,0.333,0.018,1.535,7,7,7,7,7,0,0,0
FCR,100,2026-02-06 22:00:00,NA,NA,NA,NA,NA,0.333,0.018,1.538,7,7,7,7,7,0,0,0
FCR,100,2026-02-06 22:15:00,NA,NA,NA,NA,NA,0.333,0.018,1.534,7,7,7,7,7,0,0,0
FCR,100,2026-02-06 22:30:00,NA,NA,NA,NA,NA,0.332,0.018,1.521,7,7,7,7,7,0,0,0
FCR,100,2026-02-06 22:45:00,NA,NA,NA,NA,NA,0.331,0.018,1.507,7,7,7,7,7,0,0,0
FCR,100,2026-02-06 23:00:00,NA,NA,NA,NA,NA,0.333,0.018,1.498,7,7,7,7,7,0,0,0
FCR,100,2026-02-06 23:15:00,NA,NA,NA,NA,NA,0.332,0.018,1.489,7,7,7,7,7,0,0,0
FCR,100,2026-02-06 23:30:00,NA,NA,NA,NA,NA,0.332,0.018,1.472,7,7,7,7,7,0,0,0
FCR,100,2026-02-06 23:45:00,NA,NA,NA,NA,NA,0.332,0.018,1.464,7,7,7,7,7,0,0,0
FCR,100,2026-02-07 00:00:00,NA,NA,NA,NA,NA,0.332,0.018,1.464,7,7,7,7,7,0,0,0
FCR,100,2026-02-07 00:15:00,NA,NA,NA,NA,NA,0.332,0.018,1.455,7,7,7,7,7,0,0,0
FCR,100,2026-02-07 00:30:00,NA,NA,NA,NA,NA,0.333,0.018,1.436,7,7,7,7,7,0,0,0
FCR,100,2026-02-07 00:45:00,NA,NA,NA,NA,NA,0.332,0.018,1.423,7,7,7,7,7,0,0,0
FCR,100,2026-02-07 01:00:00,NA,NA,NA,NA,NA,0.333,0.018,1.4,7,7,7,7,7,0,0,0
FCR,100,2026-02-07 01:15:00,NA,NA,NA,NA,NA,0.333,0.018,1.389,7,7,7,7,7,0,0,0
FCR,100,2026-02-07 01:30:00,NA,NA,NA,NA,NA,0.331,0.018,1.398,7,7,7,7,7,0,0,0
FCR,100,2026-02-07 01:45:00,NA,NA,NA,NA,NA,0.331,0.018,1.4,7,7,7,7,7,0,0,0
FCR,100,2026-02-07 02:00:00,NA,NA,NA,NA,NA,0.332,0.018,1.374,7,7,7,7,7,0,0,0
FCR,100,2026-02-07 02:15:00,NA,NA,NA,NA,NA,0.331,0.018,1.35,7,7,7,7,7,0,0,0
FCR,100,2026-02-07 02:30:00,NA,NA,NA,NA,NA,0.332,0.018,1.341,7,7,7,7,7,0,0,0
FCR,100,2026-02-07 02:45:00,NA,NA,NA,NA,NA,0.332,0.018,1.307,7,7,7,7,7,0,0,0
FCR,100,2026-02-07 03:00:00,NA,NA,NA,NA,NA,0.331,0.018,1.314,7,7,7,7,7,0,0,0
FCR,100,2026-02-07 03:15:00,NA,NA,NA,NA,NA,0.331,0.018,1.305,7,7,7,7,7,0,0,0
FCR,100,2026-02-07 03:30:00,NA,NA,NA,NA,NA,0.333,0.018,1.291,7,7,7,7,7,0,0,0
FCR,100,2026-02-07 03:45:00,NA,NA,NA,NA,NA,0.332,0.018,1.269,7,7,7,7,7,0,0,0
FCR,100,2026-02-07 04:00:00,NA,NA,NA,NA,NA,0.331,0.018,1.268,7,7,7,7,7,0,0,0
FCR,100,2026-02-07 04:15:00,NA,NA,NA,NA,NA,0.331,0.018,1.244,7,7,7,7,7,0,0,0
FCR,100,2026-02-07 04:30:00,NA,NA,NA,NA,NA,0.331,0.018,1.21,7,7,7,7,7,0,0,0
FCR,100,2026-02-07 04:45:00,NA,NA,NA,NA,NA,0.331,0.018,1.174,7,7,7,7,7,0,0,0
FCR,100,2026-02-07 05:00:00,NA,NA,NA,NA,NA,0.332,0.018,1.158,7,7,7,7,7,0,0,0
FCR,100,2026-02-07 05:15:00,NA,NA,NA,NA,NA,0.33,0.018,1.127,7,7,7,7,7,0,0,0
FCR,100,2026-02-07 05:30:00,NA,NA,NA,NA,NA,0.33,0.018,1.089,7,7,7,7,7,0,0,0
FCR,100,2026-02-07 05:45:00,NA,NA,NA,NA,NA,0.334,0.019,1.025,7,7,7,7,7,0,0,0
FCR,100,2026-02-07 06:00:00,NA,NA,NA,NA,NA,0.33,0.018,0.975,7,7,7,7,7,0,0,0
FCR,100,2026-02-07 06:15:00,NA,NA,NA,NA,NA,0.331,0.018,0.947,7,7,7,7,7,0,0,0
FCR,100,2026-02-07 06:30:00,NA,NA,NA,NA,NA,0.328,0.017,0.892,7,7,7,7,7,0,0,0
FCR,100,2026-02-07 06:45:00,NA,NA,NA,NA,NA,0.329,0.017,0.866,7,7,7,7,7,0,0,0
FCR,100,2026-02-07 07:00:00,NA,NA,NA,NA,NA,0.33,0.018,0.855,7,7,7,7,7,0,0,0
FCR,100,2026-02-07 07:15:00,NA,NA,NA,NA,NA,0.329,0.017,0.805,7,7,7,7,7,0,0,0
FCR,100,2026-02-07 07:30:00,NA,NA,NA,NA,NA,0.33,0.018,0.761,7,7,7,7,7,0,0,0
FCR,100,2026-02-07 07:45:00,NA,NA,NA,NA,NA,0.329,0.017,0.725,7,7,7,7,7,0,0,0
FCR,100,2026-02-07 08:00:00,NA,NA,NA,NA,NA,0.328,0.017,0.654,7,7,7,7,7,0,0,0
FCR,100,2026-02-07 08:15:00,NA,NA,NA,NA,NA,0.328,0.017,0.617,7,7,7,7,7,0,0,0
FCR,100,2026-02-07 08:30:00,NA,NA,NA,NA,NA,0.327,0.017,0.583,7,7,7,7,7,0,0,0
FCR,100,2026-02-07 08:45:00,NA,NA,NA,NA,NA,0.327,0.017,0.561,7,7,7,7,7,0,0,0
FCR,100,2026-02-07 09:00:00,NA,NA,NA,NA,NA,0.328,0.017,0.544,7,7,7,7,7,0,0,0
FCR,100,2026-02-07 09:15:00,NA,NA,NA,NA,NA,0.328,0.017,0.529,7,7,7,7,7,0,0,0
FCR,100,2026-02-07 09:30:00,NA,NA,NA,NA,NA,0.327,0.017,0.497,7,7,7,7,7,0,0,0
FCR,100,2026-02-07 09:45:00,NA,NA,NA,NA,NA,0.329,0.017,0.461,7,7,7,7,7,0,0,0
FCR,100,2026-02-07 10:00:00,NA,NA,NA,NA,NA,0.327,0.017,0.441,7,7,7,7,7,0,0,0
FCR,100,2026-02-07 10:15:00,NA,NA,NA,NA,NA,0.328,0.017,0.44,7,7,7,7,7,0,0,0
FCR,100,2026-02-07 10:30:00,NA,NA,NA,NA,NA,0.326,0.017,0.419,7,7,7,7,7,0,0,0
FCR,100,2026-02-07 10:45:00,NA,NA,NA,NA,NA,0.329,0.017,0.451,7,7,7,7,7,0,0,0
FCR,100,2026-02-07 11:00:00,NA,NA,NA,NA,NA,0.327,0.017,0.482,7,7,7,7,7,0,0,0
FCR,100,2026-02-07 11:15:00,NA,NA,NA,NA,NA,0.327,0.017,0.531,7,7,7,7,7,0,0,0
FCR,100,2026-02-07 11:30:00,NA,NA,NA,NA,NA,0.328,0.017,0.573,7,7,7,7,7,0,0,0
FCR,100,2026-02-07 11:45:00,NA,NA,NA,NA,NA,0.328,0.017,0.625,7,7,7,7,7,0,0,0
FCR,100,2026-02-07 12:00:00,NA,NA,NA,NA,NA,0.329,0.017,0.681,7,7,7,7,7,0,0,0
FCR,100,2026-02-07 12:15:00,NA,NA,NA,NA,NA,0.328,0.017,0.75,7,7,7,7,7,0,0,0
FCR,100,2026-02-07 12:30:00,NA,NA,NA,NA,NA,0.329,0.017,0.801,7,7,7,7,7,0,0,0
FCR,100,2026-02-07 12:45:00,NA,NA,NA,NA,NA,0.329,0.017,0.834,7,7,7,7,7,0,0,0
FCR,100,2026-02-07 13:00:00,NA,NA,NA,NA,NA,0.329,0.017,0.855,7,7,7,7,7,0,0,0
FCR,100,2026-02-07 13:15:00,NA,NA,NA,NA,NA,0.328,0.017,0.923,7,7,7,7,7,0,0,0
FCR,100,2026-02-07 13:30:00,NA,NA,NA,NA,NA,0.33,0.018,0.994,7,7,7,7,7,0,0,0
FCR,100,2026-02-07 13:45:00,NA,NA,NA,NA,NA,0.33,0.018,1.04,7,7,7,7,7,0,0,0
FCR,100,2026-02-07 14:00:00,NA,NA,NA,NA,NA,0.329,0.017,1.06,7,7,7,7,7,0,0,0
FCR,100,2026-02-07 14:15:00,NA,NA,NA,NA,NA,0.33,0.018,1.117,7,7,7,7,7,0,0,0
FCR,100,2026-02-07 14:30:00,NA,NA,NA,NA,NA,0.33,0.018,1.164,7,7,7,7,7,0,0,0
FCR,100,2026-02-07 14:45:00,NA,NA,NA,NA,NA,0.33,0.018,1.216,7,7,7,7,7,0,0,0
FCR,100,2026-02-07 15:00:00,NA,NA,NA,NA,NA,0.33,0.018,1.221,7,7,7,7,7,0,0,0
FCR,100,2026-02-07 15:15:00,NA,NA,NA,NA,NA,0.329,0.017,1.262,7,7,7,7,7,0,0,0
FCR,100,2026-02-07 15:30:00,NA,NA,NA,NA,NA,0.329,0.017,1.244,7,7,7,7,7,0,0,0
FCR,100,2026-02-07 15:45:00,NA,NA,NA,NA,NA,0.328,0.017,1.219,7,7,7,7,7,0,0,0
FCR,100,2026-02-07 16:00:00,NA,NA,NA,NA,NA,0.329,0.017,1.202,7,7,7,7,7,0,0,0
FCR,100,2026-02-07 16:15:00,NA,NA,NA,NA,NA,0.33,0.018,1.192,7,7,7,7,7,0,0,0
FCR,100,2026-02-07 16:30:00,NA,NA,NA,NA,NA,0.328,0.017,1.167,7,7,7,7,7,0,0,0
FCR,100,2026-02-07 16:45:00,NA,NA,NA,NA,NA,0.328,0.017,1.13,7,7,7,7,7,0,0,0
FCR,100,2026-02-07 17:00:00,NA,NA,NA,NA,NA,0.329,0.017,1.116,7,7,7,7,7,0,0,0
FCR,100,2026-02-07 17:15:00,NA,NA,NA,NA,NA,0.328,0.017,1.067,7,7,7,7,7,0,0,0
FCR,100,2026-02-07 17:30:00,NA,NA,NA,NA,NA,0.327,0.017,1.024,7,7,7,7,7,0,0,0
FCR,100,2026-02-07 17:45:00,NA,NA,NA,NA,NA,0.328,0.017,0.95,7,7,7,7,7,0,0,0
FCR,100,2026-02-07 18:00:00,NA,NA,NA,NA,NA,0.328,0.017,0.896,7,7,7,7,7,0,0,0
FCR,100,2026-02-07 18:15:00,NA,NA,NA,NA,NA,0.328,0.017,0.844,7,7,7,7,7,0,0,0
FCR,100,2026-02-07 18:30:00,NA,NA,NA,NA,NA,0.328,0.017,0.797,7,7,7,7,7,0,0,0
FCR,100,2026-02-07 18:45:00,NA,NA,NA,NA,NA,0.327,0.017,0.747,7,7,7,7,7,0,0,0
FCR,100,2026-02-07 19:00:00,NA,NA,NA,NA,NA,0.327,0.017,0.684,7,7,7,7,7,0,0,0
FCR,100,2026-02-07 19:15:00,NA,NA,NA,NA,NA,0.327,0.017,0.609,7,7,7,7,7,0,0,0
FCR,100,2026-02-07 19:30:00,NA,NA,NA,NA,NA,0.327,0.017,0.576,7,7,7,7,7,0,0,0
FCR,100,2026-02-07 19:45:00,NA,NA,NA,NA,NA,0.327,0.017,0.521,7,7,7,7,7,0,0,0
FCR,100,2026-02-07 20:00:00,NA,NA,NA,NA,NA,0.326,0.017,0.485,7,7,7,7,7,0,0,0
FCR,100,2026-02-07 20:15:00,NA,NA,NA,NA,NA,0.327,0.017,0.442,7,7,7,7,7,0,0,0
FCR,100,2026-02-07 20:30:00,NA,NA,NA,NA,NA,0.325,0.017,0.4,7,7,7,7,7,0,0,0
FCR,100,2026-02-07 20:45:00,NA,NA,NA,NA,NA,0.327,0.017,0.368,7,7,7,7,7,0,0,0
FCR,100,2026-02-07 21:00:00,NA,NA,NA,NA,NA,0.327,0.017,0.342,7,7,7,7,7,0,0,0
FCR,100,2026-02-07 21:15:00,NA,NA,NA,NA,NA,0.326,0.017,0.317,7,7,7,7,7,0,0,0
FCR,100,2026-02-07 21:30:00,NA,NA,NA,NA,NA,0.326,0.017,0.296,7,7,7,7,7,0,0,0
FCR,100,2026-02-07 21:45:00,NA,NA,NA,NA,NA,0.326,0.017,0.273,7,7,7,7,7,0,0,0
FCR,100,2026-02-07 22:00:00,NA,NA,NA,NA,NA,0.325,0.017,0.253,7,7,7,7,7,0,0,0
FCR,100,2026-02-07 22:15:00,NA,NA,NA,NA,NA,0.326,0.017,0.222,7,7,7,7,7,0,0,0
FCR,100,2026-02-07 22:30:00,NA,NA,NA,NA,NA,0.326,0.017,0.199,7,7,7,7,7,0,0,0
FCR,100,2026-02-07 22:45:00,NA,NA,NA,NA,NA,0.325,0.017,0.17,7,7,7,7,7,0,0,0
FCR,100,2026-02-07 23:00:00,NA,NA,NA,NA,NA,0.324,0.016,0.143,7,7,7,7,7,0,0,0
FCR,100,2026-02-07 23:15:00,NA,NA,NA,NA,NA,0.323,0.016,0.124,7,7,7,7,7,0,0,0
FCR,100,2026-02-07 23:30:00,NA,NA,NA,NA,NA,0.324,0.016,0.097,7,7,7,7,7,0,0,0
FCR,100,2026-02-07 23:45:00,NA,NA,NA,NA,NA,0.324,0.016,0.065,7,7,7,7,7,0,0,0
FCR,100,2026-02-08 00:00:00,NA,NA,NA,NA,NA,0.324,0.016,0.04,7,7,7,7,7,0,0,0
FCR,100,2026-02-08 00:15:00,NA,NA,NA,NA,NA,0.323,0.016,0.025,7,7,7,7,7,0,0,0
FCR,100,2026-02-08 00:30:00,NA,NA,NA,NA,NA,0.324,0.016,0.017,7,7,7,7,7,0,0,0
FCR,100,2026-02-08 00:45:00,NA,NA,NA,NA,NA,0.322,0.016,0.006,7,7,7,7,7,0,0,0
FCR,100,2026-02-08 01:00:00,NA,NA,NA,NA,NA,0.322,0.016,-0.001,7,7,7,7,7,0,0,0
FCR,100,2026-02-08 01:15:00,NA,NA,NA,NA,NA,0.323,0.016,-0.003,7,7,7,7,7,0,0,0
FCR,100,2026-02-08 01:30:00,NA,NA,NA,NA,NA,0.322,0.016,-0.019,7,7,7,7,7,0,0,0
FCR,100,2026-02-08 01:45:00,NA,NA,NA,NA,NA,0.322,0.016,-0.015,7,7,7,7,7,0,0,0
FCR,100,2026-02-08 02:00:00,NA,NA,NA,NA,NA,0.323,0.016,-0.015,7,7,7,7,7,0,0,0
FCR,100,2026-02-08 02:15:00,NA,NA,NA,NA,NA,0.323,0.016,-0.016,7,7,7,7,7,0,0,0
FCR,100,2026-02-08 02:30:00,NA,NA,NA,NA,NA,0.323,0.016,-0.014,7,7,7,7,7,0,0,0
FCR,100,2026-02-08 02:45:00,NA,NA,NA,NA,NA,0.323,0.016,-0.015,7,7,7,7,7,0,0,0
FCR,100,2026-02-08 03:00:00,NA,NA,NA,NA,NA,0.322,0.016,-0.015,7,7,7,7,7,0,0,0
FCR,100,2026-02-08 03:15:00,NA,NA,NA,NA,NA,0.323,0.016,-0.018,7,7,7,7,7,0,0,0
FCR,100,2026-02-08 03:30:00,NA,NA,NA,NA,NA,0.322,0.016,-0.02,7,7,7,7,7,0,0,0
FCR,100,2026-02-08 03:45:00,NA,NA,NA,NA,NA,0.323,0.016,-0.016,7,7,7,7,7,0,0,0
FCR,100,2026-02-08 04:00:00,NA,NA,NA,NA,NA,0.323,0.016,-0.017,7,7,7,7,7,0,0,0
FCR,100,2026-02-08 04:15:00,NA,NA,NA,NA,NA,0.322,0.016,-0.016,7,7,7,7,7,0,0,0
FCR,100,2026-02-08 04:30:00,NA,NA,NA,NA,NA,0.323,0.016,-0.015,7,7,7,7,7,0,0,0
FCR,100,2026-02-08 04:45:00,NA,NA,NA,NA,NA,0.323,0.016,-0.015,7,7,7,7,7,0,0,0
FCR,100,2026-02-08 05:00:00,NA,NA,NA,NA,NA,0.323,0.016,-0.015,7,7,7,7,7,0,0,0
FCR,100,2026-02-08 05:15:00,NA,NA,NA,NA,NA,0.323,0.016,-0.015,7,7,7,7,7,0,0,0
FCR,100,2026-02-08 05:30:00,NA,NA,NA,NA,NA,0.324,0.016,-0.016,7,7,7,7,7,0,0,0
FCR,100,2026-02-08 05:45:00,NA,NA,NA,NA,NA,0.324,0.016,-0.016,7,7,7,7,7,0,0,0
FCR,100,2026-02-08 06:00:00,NA,NA,NA,NA,NA,0.323,0.016,-0.015,7,7,7,7,7,0,0,0
FCR,100,2026-02-08 06:15:00,NA,NA,NA,NA,NA,0.323,0.016,-0.016,7,7,7,7,7,0,0,0
FCR,100,2026-02-08 06:30:00,NA,NA,NA,NA,NA,0.324,0.016,-0.015,7,7,7,7,7,0,0,0
FCR,100,2026-02-08 06:45:00,NA,NA,NA,NA,NA,0.324,0.016,-0.015,7,7,7,7,7,0,0,0
FCR,100,2026-02-08 07:00:00,NA,NA,NA,NA,NA,0.324,0.016,-0.015,7,7,7,7,7,0,0,0
FCR,100,2026-02-08 07:15:00,NA,NA,NA,NA,NA,0.324,0.016,-0.015,7,7,7,7,7,0,0,0
FCR,100,2026-02-08 07:30:00,NA,NA,NA,NA,NA,0.325,0.017,-0.014,7,7,7,7,7,0,0,0
FCR,100,2026-02-08 07:45:00,NA,NA,NA,NA,NA,0.325,0.017,-0.013,7,7,7,7,7,0,0,0
FCR,100,2026-02-08 08:00:00,NA,NA,NA,NA,NA,0.325,0.017,-0.012,7,7,7,7,7,0,0,0
FCR,100,2026-02-08 08:15:00,NA,NA,NA,NA,NA,0.326,0.017,-0.01,7,7,7,7,7,0,0,0
FCR,100,2026-02-08 08:30:00,NA,NA,NA,NA,NA,0.326,0.017,-0.007,7,7,7,7,7,0,0,0
FCR,100,2026-02-08 08:45:00,NA,NA,NA,NA,NA,0.326,0.017,-0.004,7,7,7,7,7,0,0,0
FCR,100,2026-02-08 09:00:00,NA,NA,NA,NA,NA,0.326,0.017,-0.001,7,7,7,7,7,0,0,0
FCR,100,2026-02-08 09:15:00,NA,NA,NA,NA,NA,0.326,0.017,0,7,7,7,7,7,0,0,0
FCR,100,2026-02-08 09:30:00,NA,NA,NA,NA,NA,0.327,0.017,0.004,7,7,7,7,7,0,0,0
FCR,100,2026-02-08 09:45:00,NA,NA,NA,NA,NA,0.327,0.017,0.007,7,7,7,7,7,0,0,0
FCR,100,2026-02-08 10:00:00,NA,NA,NA,NA,NA,0.327,0.017,0.012,7,7,7,7,7,0,0,0
FCR,100,2026-02-08 10:15:00,NA,NA,NA,NA,NA,0.327,0.017,0.023,7,7,7,7,7,0,0,0
FCR,100,2026-02-08 10:30:00,NA,NA,NA,NA,NA,0.327,0.017,0.031,7,7,7,7,7,0,0,0
FCR,100,2026-02-08 10:45:00,NA,NA,NA,NA,NA,0.328,0.017,0.045,7,7,7,7,7,0,0,0
FCR,100,2026-02-08 11:00:00,NA,NA,NA,NA,NA,0.328,0.017,0.056,7,7,7,7,7,0,0,0
FCR,100,2026-02-08 11:15:00,NA,NA,NA,NA,NA,0.327,0.017,0.072,7,7,7,7,7,0,0,0
FCR,100,2026-02-08 11:30:00,NA,NA,NA,NA,NA,0.327,0.017,0.092,7,7,7,7,7,0,0,0
FCR,100,2026-02-08 11:45:00,NA,NA,NA,NA,NA,0.327,0.017,0.111,7,7,7,7,7,0,0,0
FCR,100,2026-02-08 12:00:00,NA,NA,NA,NA,NA,0.326,0.017,0.108,7,7,7,7,7,0,0,0
FCR,100,2026-02-08 12:15:00,NA,NA,NA,NA,NA,0.326,0.017,0.126,7,7,7,7,7,0,0,0
FCR,100,2026-02-08 12:30:00,NA,NA,NA,NA,NA,0.324,0.016,0.098,7,7,7,7,7,0,0,0
FCR,100,2026-02-08 12:45:00,NA,NA,NA,NA,NA,0.325,0.017,0.12,7,7,7,7,7,0,0,0
FCR,100,2026-02-08 13:00:00,NA,NA,NA,NA,NA,0.325,0.017,0.149,7,7,7,7,7,0,0,0
FCR,100,2026-02-08 13:15:00,NA,NA,NA,NA,NA,0.325,0.017,0.138,7,7,7,7,7,0,0,0
FCR,100,2026-02-08 13:30:00,NA,NA,NA,NA,NA,0.325,0.017,0.118,7,7,7,7,7,0,0,0
FCR,100,2026-02-08 13:45:00,NA,NA,NA,NA,NA,0.325,0.017,0.162,7,7,7,7,7,0,0,0
FCR,100,2026-02-08 14:00:00,NA,NA,NA,NA,NA,0.325,0.017,0.192,7,7,7,7,7,0,0,0
FCR,100,2026-02-08 14:15:00,NA,NA,NA,NA,NA,0.325,0.017,0.185,7,7,7,7,7,0,0,0
FCR,100,2026-02-08 14:30:00,NA,NA,NA,NA,NA,0.326,0.017,0.278,7,7,7,7,7,0,0,0
FCR,100,2026-02-08 14:45:00,NA,NA,NA,NA,NA,0.326,0.017,0.354,7,7,7,7,7,0,0,0
FCR,100,2026-02-08 15:00:00,NA,NA,NA,NA,NA,0.326,0.017,0.455,7,7,7,7,7,0,0,0
FCR,100,2026-02-08 15:15:00,NA,NA,NA,NA,NA,0.327,0.017,0.564,7,7,7,7,7,0,0,0
FCR,100,2026-02-08 15:30:00,NA,NA,NA,NA,NA,0.326,0.017,0.652,7,7,7,7,7,0,0,0
FCR,100,2026-02-08 15:45:00,NA,NA,NA,NA,NA,0.326,0.017,0.727,7,7,7,7,7,0,0,0
FCR,100,2026-02-08 16:00:00,NA,NA,NA,NA,NA,0.327,0.017,0.804,7,7,7,7,7,0,0,0
FCR,100,2026-02-08 16:15:00,NA,NA,NA,NA,NA,0.327,0.017,0.87,7,7,7,7,7,0,0,0
FCR,100,2026-02-08 16:30:00,NA,NA,NA,NA,NA,0.326,0.017,0.91,7,7,7,7,7,0,0,0
FCR,100,2026-02-08 16:45:00,NA,NA,NA,NA,NA,0.326,0.017,0.96,7,7,7,7,7,0,0,0
FCR,100,2026-02-08 17:00:00,NA,NA,NA,NA,NA,0.326,0.017,0.996,7,7,7,7,7,0,0,0
FCR,100,2026-02-08 17:15:00,NA,NA,NA,NA,NA,0.326,0.017,1.025,7,7,7,7,7,0,0,0
FCR,100,2026-02-08 17:30:00,NA,NA,NA,NA,NA,0.325,0.017,1.038,7,7,7,7,7,0,0,0
FCR,100,2026-02-08 17:45:00,NA,NA,NA,NA,NA,0.326,0.017,1.059,7,7,7,7,7,0,0,0
FCR,100,2026-02-08 18:00:00,NA,NA,NA,NA,NA,0.326,0.017,1.059,7,7,7,7,7,0,0,0
FCR,100,2026-02-08 18:15:00,NA,NA,NA,NA,NA,0.326,0.017,1.056,7,7,7,7,7,0,0,0
FCR,100,2026-02-08 18:30:00,NA,NA,NA,NA,NA,0.326,0.017,1.048,7,7,7,7,7,0,0,0
FCR,100,2026-02-08 18:45:00,NA,NA,NA,NA,NA,0.326,0.017,1.041,7,7,7,7,7,0,0,0
FCR,100,2026-02-08 19:00:00,NA,NA,NA,NA,NA,0.325,0.017,1.028,7,7,7,7,7,0,0,0
FCR,100,2026-02-08 19:15:00,NA,NA,NA,NA,NA,0.326,0.017,1.009,7,7,7,7,7,0,0,0
FCR,100,2026-02-08 19:30:00,NA,NA,NA,NA,NA,0.325,0.017,0.99,7,7,7,7,7,0,0,0
FCR,100,2026-02-08 19:45:00,NA,NA,NA,NA,NA,0.326,0.017,0.974,7,7,7,7,7,0,0,0
FCR,100,2026-02-08 20:00:00,NA,NA,NA,NA,NA,0.326,0.017,0.951,7,7,7,7,7,0,0,0
FCR,100,2026-02-08 20:15:00,NA,NA,NA,NA,NA,0.325,0.017,0.928,7,7,7,7,7,0,0,0
FCR,100,2026-02-08 20:30:00,NA,NA,NA,NA,NA,0.325,0.017,0.904,7,7,7,7,7,0,0,0
FCR,100,2026-02-08 20:45:00,NA,NA,NA,NA,NA,0.324,0.016,0.878,7,7,7,7,7,0,0,0
FCR,100,2026-02-08 21:00:00,NA,NA,NA,NA,NA,0.325,0.017,0.856,7,7,7,7,7,0,0,0
FCR,100,2026-02-08 21:15:00,NA,NA,NA,NA,NA,0.325,0.017,0.835,7,7,7,7,7,0,0,0
FCR,100,2026-02-08 21:30:00,NA,NA,NA,NA,NA,0.325,0.017,0.808,7,7,7,7,7,0,0,0
FCR,100,2026-02-08 21:45:00,NA,NA,NA,NA,NA,0.324,0.016,0.787,7,7,7,7,7,0,0,0
FCR,100,2026-02-08 22:00:00,NA,NA,NA,NA,NA,0.324,0.016,0.761,7,7,7,7,7,0,0,0
FCR,100,2026-02-08 22:15:00,NA,NA,NA,NA,NA,0.324,0.016,0.736,7,7,7,7,7,0,0,0
FCR,100,2026-02-08 22:30:00,NA,NA,NA,NA,NA,0.324,0.016,0.715,7,7,7,7,7,0,0,0
FCR,100,2026-02-08 22:45:00,NA,NA,NA,NA,NA,0.324,0.016,0.692,7,7,7,7,7,0,0,0
FCR,100,2026-02-08 23:00:00,NA,NA,NA,NA,NA,0.324,0.016,0.662,7,7,7,7,7,0,0,0
FCR,100,2026-02-08 23:15:00,NA,NA,NA,NA,NA,0.324,0.016,0.643,7,7,7,7,7,0,0,0
FCR,100,2026-02-08 23:30:00,NA,NA,NA,NA,NA,0.323,0.016,0.608,7,7,7,7,7,0,0,0
FCR,100,2026-02-08 23:45:00,NA,NA,NA,NA,NA,0.324,0.016,0.587,7,7,7,7,7,0,0,0
FCR,100,2026-02-09 00:00:00,NA,NA,NA,NA,NA,0.323,0.016,0.566,7,7,7,7,7,0,0,0
FCR,100,2026-02-09 00:15:00,NA,NA,NA,NA,NA,0.323,0.016,0.544,7,7,7,7,7,0,0,0
FCR,100,2026-02-09 00:30:00,NA,NA,NA,NA,NA,0.323,0.016,0.517,7,7,7,7,7,0,0,0
FCR,100,2026-02-09 00:45:00,NA,NA,NA,NA,NA,0.323,0.016,0.495,7,7,7,7,7,0,0,0
FCR,100,2026-02-09 01:00:00,NA,NA,NA,NA,NA,0.324,0.016,0.47,7,7,7,7,7,0,0,0
FCR,100,2026-02-09 01:15:00,NA,NA,NA,NA,NA,0.324,0.016,0.444,7,7,7,7,7,0,0,0
FCR,100,2026-02-09 01:30:00,NA,NA,NA,NA,NA,0.323,0.016,0.425,7,7,7,7,7,0,0,0
FCR,100,2026-02-09 01:45:00,NA,NA,NA,NA,NA,0.323,0.016,0.4,7,7,7,7,7,0,0,0
FCR,100,2026-02-09 02:00:00,NA,NA,NA,NA,NA,0.323,0.016,0.378,7,7,7,7,7,0,0,0
FCR,100,2026-02-09 02:15:00,NA,NA,NA,NA,NA,0.323,0.016,0.356,7,7,7,7,7,0,0,0
FCR,100,2026-02-09 02:30:00,NA,NA,NA,NA,NA,0.323,0.016,0.336,7,7,7,7,7,0,0,0
FCR,100,2026-02-09 02:45:00,NA,NA,NA,NA,NA,0.323,0.016,0.314,7,7,7,7,7,0,0,0
FCR,100,2026-02-09 03:00:00,NA,NA,NA,NA,NA,0.322,0.016,0.293,7,7,7,7,7,0,0,0
FCR,100,2026-02-09 03:15:00,NA,NA,NA,NA,NA,0.323,0.016,0.273,7,7,7,7,7,0,0,0
FCR,100,2026-02-09 03:30:00,NA,NA,NA,NA,NA,0.322,0.016,0.254,7,7,7,7,7,0,0,0
FCR,100,2026-02-09 03:45:00,NA,NA,NA,NA,NA,0.322,0.016,0.231,7,7,7,7,7,0,0,0
FCR,100,2026-02-09 04:00:00,NA,NA,NA,NA,NA,0.322,0.016,0.212,7,7,7,7,7,0,0,0
FCR,100,2026-02-09 04:15:00,NA,NA,NA,NA,NA,0.322,0.016,0.192,7,7,7,7,7,0,0,0
FCR,100,2026-02-09 04:30:00,NA,NA,NA,NA,NA,0.322,0.016,0.173,7,7,7,7,7,0,0,0
FCR,100,2026-02-09 04:45:00,NA,NA,NA,NA,NA,0.321,0.016,0.157,7,7,7,7,7,0,0,0
FCR,100,2026-02-09 05:00:00,NA,NA,NA,NA,NA,0.321,0.016,0.136,7,7,7,7,7,0,0,0
FCR,100,2026-02-09 05:15:00,NA,NA,NA,NA,NA,0.322,0.016,0.122,7,7,7,7,7,0,0,0
FCR,100,2026-02-09 05:30:00,NA,NA,NA,NA,NA,0.321,0.016,0.105,7,7,7,7,7,0,0,0
FCR,100,2026-02-09 05:45:00,NA,NA,NA,NA,NA,0.321,0.016,0.092,7,7,7,7,7,0,0,0
FCR,100,2026-02-09 06:00:00,NA,NA,NA,NA,NA,0.321,0.016,0.08,7,7,7,7,7,0,0,0
FCR,100,2026-02-09 06:15:00,NA,NA,NA,NA,NA,0.32,0.016,0.068,7,7,7,7,7,0,0,0
FCR,100,2026-02-09 06:30:00,NA,NA,NA,NA,NA,0.32,0.016,0.054,7,7,7,7,7,0,0,0
FCR,100,2026-02-09 06:45:00,NA,NA,NA,NA,NA,0.32,0.016,0.044,7,7,7,7,7,0,0,0
FCR,100,2026-02-09 07:00:00,NA,NA,NA,NA,NA,0.319,0.015,0.034,7,7,7,7,7,0,0,0
FCR,100,2026-02-09 07:15:00,NA,NA,NA,NA,NA,0.319,0.015,0.027,7,7,7,7,7,0,0,0
FCR,100,2026-02-09 07:30:00,NA,NA,NA,NA,NA,0.318,0.015,0.023,7,7,7,7,7,0,0,0
FCR,100,2026-02-09 07:45:00,NA,NA,NA,NA,NA,0.318,0.015,0.019,7,7,7,7,7,0,0,0
FCR,100,2026-02-09 08:00:00,NA,NA,NA,NA,NA,0.319,0.015,0.018,7,7,7,7,7,0,0,0
FCR,100,2026-02-09 08:15:00,NA,NA,NA,NA,NA,0.319,0.015,0.017,7,7,7,7,7,0,0,0
FCR,100,2026-02-09 08:30:00,NA,NA,NA,NA,NA,0.318,0.015,0.017,7,7,7,7,7,0,0,0
FCR,100,2026-02-09 08:45:00,NA,NA,NA,NA,NA,0.318,0.015,0.021,7,7,7,7,7,0,0,0
FCR,100,2026-02-09 09:00:00,NA,NA,NA,NA,NA,0.318,0.015,0.024,7,7,7,7,7,0,0,0
FCR,100,2026-02-09 09:15:00,NA,NA,NA,NA,NA,0.318,0.015,0.028,7,7,7,7,7,0,0,0
FCR,100,2026-02-09 09:30:00,NA,NA,NA,NA,NA,0.318,0.015,0.035,7,7,7,7,7,0,0,0
FCR,100,2026-02-09 09:45:00,NA,NA,NA,NA,NA,0.319,0.015,0.043,7,7,7,7,7,0,0,0
FCR,100,2026-02-09 10:00:00,NA,NA,NA,NA,NA,0.318,0.015,0.056,7,7,7,7,7,0,0,0
FCR,100,2026-02-09 10:15:00,NA,NA,NA,NA,NA,0.32,0.016,0.077,7,7,7,7,7,0,0,0
FCR,100,2026-02-09 10:30:00,NA,NA,NA,NA,NA,0.319,0.015,0.109,7,7,7,7,7,0,0,0
FCR,100,2026-02-09 10:45:00,NA,NA,NA,NA,NA,0.32,0.016,0.149,7,7,7,7,7,0,0,0
FCR,100,2026-02-09 11:00:00,NA,NA,NA,NA,NA,0.321,0.016,0.211,7,7,7,7,7,0,0,0
FCR,100,2026-02-09 11:15:00,NA,NA,NA,NA,NA,0.322,0.016,0.264,7,7,7,7,7,0,0,0
FCR,100,2026-02-09 11:30:00,NA,NA,NA,NA,NA,0.322,0.016,0.331,7,7,7,7,7,0,0,0
FCR,100,2026-02-09 11:45:00,NA,NA,NA,NA,NA,0.322,0.016,0.427,7,7,7,7,7,0,0,0
FCR,100,2026-02-09 12:00:00,NA,NA,NA,NA,NA,0.321,0.016,0.518,7,7,7,7,7,0,0,0
FCR,100,2026-02-09 12:15:00,NA,NA,NA,NA,NA,0.323,0.016,0.626,7,7,7,7,7,0,0,0
FCR,100,2026-02-09 12:30:00,NA,NA,NA,NA,NA,0.323,0.016,0.72,7,7,7,7,7,0,0,0
FCR,100,2026-02-09 12:45:00,NA,NA,NA,NA,NA,0.324,0.016,0.803,7,7,7,7,7,0,0,0
FCR,100,2026-02-09 13:00:00,NA,NA,NA,NA,NA,0.323,0.016,0.894,7,7,7,7,7,0,0,0
FCR,100,2026-02-09 13:15:00,NA,NA,NA,NA,NA,0.324,0.016,0.986,7,7,7,7,7,0,0,0
FCR,100,2026-02-09 13:30:00,NA,NA,NA,NA,NA,0.324,0.016,1.072,7,7,7,7,7,0,0,0
FCR,100,2026-02-09 13:45:00,NA,NA,NA,NA,NA,0.325,0.017,1.197,7,7,7,7,7,0,0,0
FCR,100,2026-02-09 14:00:00,NA,NA,NA,NA,NA,0.324,0.016,1.275,7,7,7,7,7,0,0,0
FCR,100,2026-02-09 14:15:00,NA,NA,NA,NA,NA,0.325,0.017,1.349,7,7,7,7,7,0,0,0
FCR,100,2026-02-09 14:30:00,NA,NA,NA,NA,NA,0.325,0.017,1.478,7,7,7,7,7,0,0,0
FCR,100,2026-02-09 14:45:00,NA,NA,NA,NA,NA,0.325,0.017,1.489,7,7,7,7,7,0,0,0
FCR,100,2026-02-09 15:00:00,NA,NA,NA,NA,NA,0.324,0.016,1.56,7,7,7,7,7,0,0,0
FCR,100,2026-02-09 15:15:00,NA,NA,NA,NA,NA,0.325,0.017,1.627,7,7,7,7,7,0,0,0
FCR,100,2026-02-09 15:30:00,NA,NA,NA,NA,NA,0.325,0.017,1.622,7,7,7,7,7,0,0,0
FCR,100,2026-02-09 15:45:00,NA,NA,NA,NA,NA,0.326,0.017,1.641,7,7,7,7,7,0,0,0
FCR,100,2026-02-09 16:00:00,NA,NA,NA,NA,NA,0.325,0.017,1.668,7,7,7,7,7,0,0,0
FCR,100,2026-02-09 16:15:00,NA,NA,NA,NA,NA,0.326,0.017,1.68,7,7,7,7,7,0,0,0
FCR,100,2026-02-09 16:30:00,NA,NA,NA,NA,NA,0.325,0.017,1.681,7,7,7,7,7,0,0,0
FCR,100,2026-02-09 16:45:00,NA,NA,NA,NA,NA,0.325,0.017,1.704,7,7,7,7,7,0,0,0
FCR,100,2026-02-09 17:00:00,NA,NA,NA,NA,NA,0.325,0.017,1.7,7,7,7,7,7,0,0,0
FCR,100,2026-02-09 17:15:00,NA,NA,NA,NA,NA,0.325,0.017,1.691,7,7,7,7,7,0,0,0
FCR,100,2026-02-09 17:30:00,NA,NA,NA,NA,NA,0.324,0.016,1.687,7,7,7,7,7,0,0,0
FCR,100,2026-02-09 17:45:00,NA,NA,NA,NA,NA,0.325,0.017,1.68,7,7,7,7,7,0,0,0
FCR,100,2026-02-09 18:00:00,NA,NA,NA,NA,NA,0.325,0.017,1.668,7,7,7,7,7,0,0,0
FCR,100,2026-02-09 18:15:00,NA,NA,NA,NA,NA,0.324,0.016,1.658,7,7,7,7,7,0,0,0
FCR,100,2026-02-09 18:30:00,NA,NA,NA,NA,NA,0.324,0.016,1.64,7,7,7,7,7,0,0,0
FCR,100,2026-02-09 18:45:00,NA,NA,NA,NA,NA,0.325,0.017,1.614,7,7,7,7,7,0,0,0
FCR,100,2026-02-09 19:00:00,NA,NA,NA,NA,NA,0.324,0.016,1.59,7,7,7,7,7,0,0,0
FCR,100,2026-02-09 19:15:00,NA,NA,NA,NA,NA,0.324,0.016,1.568,7,7,7,7,7,0,0,0
FCR,100,2026-02-09 19:30:00,NA,NA,NA,NA,NA,0.324,0.016,1.553,7,7,7,7,7,0,0,0
FCR,100,2026-02-09 19:45:00,NA,NA,NA,NA,NA,0.323,0.016,1.531,7,7,7,7,7,0,0,0
FCR,100,2026-02-09 20:00:00,NA,NA,NA,NA,NA,0.324,0.016,1.514,7,7,7,7,7,0,0,0
FCR,100,2026-02-09 20:15:00,NA,NA,NA,NA,NA,0.323,0.016,1.496,7,7,7,7,7,0,0,0
FCR,100,2026-02-09 20:30:00,NA,NA,NA,NA,NA,0.324,0.016,1.478,7,7,7,7,7,0,0,0
FCR,100,2026-02-09 20:45:00,NA,NA,NA,NA,NA,0.323,0.016,1.463,7,7,7,7,7,0,0,0
FCR,100,2026-02-09 21:00:00,NA,NA,NA,NA,NA,0.324,0.016,1.442,7,7,7,7,7,0,0,0
FCR,100,2026-02-09 21:15:00,NA,NA,NA,NA,NA,0.323,0.016,1.421,7,7,7,7,7,0,0,0
FCR,100,2026-02-09 21:30:00,NA,NA,NA,NA,NA,0.324,0.016,1.402,7,7,7,7,7,0,0,0
FCR,100,2026-02-09 21:45:00,NA,NA,NA,NA,NA,0.323,0.016,1.383,7,7,7,7,7,0,0,0
FCR,100,2026-02-09 22:00:00,NA,NA,NA,NA,NA,0.323,0.016,1.365,7,7,7,7,7,0,0,0
FCR,100,2026-02-09 22:15:00,NA,NA,NA,NA,NA,0.323,0.016,1.348,7,7,7,7,7,0,0,0
FCR,100,2026-02-09 22:30:00,NA,NA,NA,NA,NA,0.323,0.016,1.331,7,7,7,7,7,0,0,0
FCR,100,2026-02-09 22:45:00,NA,NA,NA,NA,NA,0.324,0.016,1.311,7,7,7,7,7,0,0,0
FCR,100,2026-02-09 23:00:00,NA,NA,NA,NA,NA,0.323,0.016,1.297,7,7,7,7,7,0,0,0
FCR,100,2026-02-09 23:15:00,NA,NA,NA,NA,NA,0.324,0.016,1.287,7,7,7,7,7,0,0,0
FCR,100,2026-02-09 23:30:00,NA,NA,NA,NA,NA,0.324,0.016,1.273,7,7,7,7,7,0,0,0
FCR,100,2026-02-09 23:45:00,NA,NA,NA,NA,NA,0.323,0.016,1.26,7,7,7,7,7,0,0,0
FCR,100,2026-02-10 00:00:00,NA,NA,NA,NA,NA,0.323,0.016,1.247,7,7,7,7,7,0,0,0
FCR,100,2026-02-10 00:15:00,NA,NA,NA,NA,NA,0.324,0.016,1.235,7,7,7,7,7,0,0,0
FCR,100,2026-02-10 00:30:00,NA,NA,NA,NA,NA,NA,NA,NA,7,7,7,7,7,7,7,7
FCR,100,2026-02-10 01:00:00,NA,NA,NA,NA,NA,NA,NA,NA,7,7,7,7,7,7,7,7
FCR,100,2026-02-10 01:15:00,NA,NA,NA,NA,NA,0.323,0.016,1.175,7,7,7,7,7,0,0,0
FCR,100,2026-02-10 01:30:00,NA,NA,NA,NA,NA,0.322,0.016,1.164,7,7,7,7,7,0,0,0
FCR,100,2026-02-10 01:45:00,NA,NA,NA,NA,NA,0.322,0.016,1.15,7,7,7,7,7,0,0,0
FCR,100,2026-02-10 02:00:00,NA,NA,NA,NA,NA,0.323,0.016,1.136,7,7,7,7,7,0,0,0
FCR,100,2026-02-10 02:15:00,NA,NA,NA,NA,NA,0.323,0.016,1.122,7,7,7,7,7,0,0,0
FCR,100,2026-02-10 02:30:00,NA,NA,NA,NA,NA,0.323,0.016,1.108,7,7,7,7,7,0,0,0
FCR,100,2026-02-10 02:45:00,NA,NA,NA,NA,NA,0.322,0.016,1.095,7,7,7,7,7,0,0,0
FCR,100,2026-02-10 03:00:00,NA,NA,NA,NA,NA,0.323,0.016,1.084,7,7,7,7,7,0,0,0
FCR,100,2026-02-10 03:15:00,NA,NA,NA,NA,NA,0.322,0.016,1.069,7,7,7,7,7,0,0,0
FCR,100,2026-02-10 03:30:00,NA,NA,NA,NA,NA,0.323,0.016,1.057,7,7,7,7,7,0,0,0
FCR,100,2026-02-10 03:45:00,NA,NA,NA,NA,NA,0.323,0.016,1.049,7,7,7,7,7,0,0,0
FCR,100,2026-02-10 04:00:00,NA,NA,NA,NA,NA,0.322,0.016,1.046,7,7,7,7,7,0,0,0
FCR,100,2026-02-10 04:15:00,NA,NA,NA,NA,NA,0.324,0.016,1.042,7,7,7,7,7,0,0,0
FCR,100,2026-02-10 04:30:00,NA,NA,NA,NA,NA,0.323,0.016,1.04,7,7,7,7,7,0,0,0
FCR,100,2026-02-10 04:45:00,NA,NA,NA,NA,NA,0.322,0.016,1.04,7,7,7,7,7,0,0,0
FCR,100,2026-02-10 05:00:00,NA,NA,NA,NA,NA,0.323,0.016,1.037,7,7,7,7,7,0,0,0
FCR,100,2026-02-10 05:15:00,NA,NA,NA,NA,NA,0.321,0.016,1.024,7,7,7,7,7,0,0,0
FCR,100,2026-02-10 05:30:00,NA,NA,NA,NA,NA,0.322,0.016,1.015,7,7,7,7,7,0,0,0
FCR,100,2026-02-10 05:45:00,NA,NA,NA,NA,NA,0.322,0.016,1.011,7,7,7,7,7,0,0,0
FCR,100,2026-02-10 06:00:00,NA,NA,NA,NA,NA,0.322,0.016,1.007,7,7,7,7,7,0,0,0
FCR,100,2026-02-10 07:00:00,NA,NA,NA,NA,NA,NA,NA,NA,7,7,7,7,7,7,7,7
FCR,100,2026-02-10 07:15:00,NA,NA,NA,NA,NA,0.322,0.016,1.081,7,7,7,7,7,0,0,0
FCR,100,2026-02-10 07:30:00,NA,NA,NA,NA,NA,0.323,0.016,1.104,7,7,7,7,7,0,0,0
FCR,100,2026-02-10 07:45:00,NA,NA,NA,NA,NA,0.323,0.016,1.128,7,7,7,7,7,0,0,0
FCR,100,2026-02-10 08:00:00,NA,NA,NA,NA,NA,0.321,0.016,1.155,7,7,7,7,7,0,0,0
FCR,100,2026-02-10 08:15:00,NA,NA,NA,NA,NA,0.322,0.016,1.183,7,7,7,7,7,0,0,0
FCR,100,2026-02-10 08:30:00,NA,NA,NA,NA,NA,0.322,0.016,1.218,7,7,7,7,7,0,0,0
FCR,100,2026-02-10 08:45:00,NA,NA,NA,NA,NA,0.321,0.016,1.249,7,7,7,7,7,0,0,0
FCR,100,2026-02-10 09:00:00,NA,NA,NA,NA,NA,0.323,0.016,1.288,7,7,7,7,7,0,0,0
FCR,100,2026-02-10 09:15:00,NA,NA,NA,NA,NA,0.324,0.016,1.32,7,7,7,7,7,0,0,0
FCR,100,2026-02-10 09:30:00,NA,NA,NA,NA,NA,0.323,0.016,1.357,7,7,7,7,7,0,0,0
FCR,100,2026-02-10 09:45:00,NA,NA,NA,NA,NA,0.324,0.016,1.396,7,7,7,7,7,0,0,0
FCR,100,2026-02-10 10:00:00,NA,NA,NA,NA,NA,0.322,0.016,1.442,7,7,7,7,7,0,0,0
FCR,100,2026-02-10 11:00:00,NA,NA,NA,NA,NA,NA,NA,NA,7,7,7,7,7,7,7,7
FCR,100,2026-02-10 11:15:00,NA,NA,NA,NA,NA,0.325,0.017,1.808,7,7,7,7,7,0,0,0
FCR,100,2026-02-10 11:30:00,NA,NA,NA,NA,NA,0.325,0.017,1.897,7,7,7,7,7,0,0,0
FCR,100,2026-02-10 11:45:00,NA,NA,NA,NA,NA,0.325,0.017,2.013,7,7,7,7,7,0,0,0
FCR,100,2026-02-10 12:00:00,NA,NA,NA,NA,NA,0.326,0.017,2.099,7,7,7,7,7,0,0,0
FCR,100,2026-02-10 13:00:00,NA,NA,NA,NA,NA,NA,NA,NA,7,7,7,7,7,7,7,7
FCR,100,2026-02-10 13:15:00,NA,NA,NA,NA,NA,0.328,0.017,2.423,7,7,7,7,7,0,0,0
FCR,100,2026-02-10 13:30:00,NA,NA,NA,NA,NA,0.33,0.018,2.502,7,7,7,7,7,0,0,0
FCR,100,2026-02-10 13:45:00,NA,NA,NA,NA,NA,0.331,0.018,2.537,7,7,7,7,7,0,0,0
FCR,100,2026-02-10 14:00:00,NA,NA,NA,NA,NA,0.332,0.018,2.564,7,7,7,7,7,0,0,0
FCR,100,2026-02-10 14:15:00,NA,NA,NA,NA,NA,0.332,0.018,2.576,7,7,7,7,7,0,0,0
FCR,100,2026-02-10 15:00:00,NA,NA,NA,NA,NA,NA,NA,NA,7,7,7,7,7,7,7,7
FCR,100,2026-02-10 15:15:00,NA,NA,NA,NA,NA,0.338,0.019,2.535,7,7,7,7,7,0,0,0
FCR,100,2026-02-10 15:30:00,NA,NA,NA,NA,NA,0.337,0.019,2.665,7,7,7,7,7,0,0,0
FCR,100,2026-02-10 15:45:00,NA,NA,NA,NA,NA,0.338,0.019,2.54,7,7,7,7,7,0,0,0
FCR,100,2026-02-10 16:00:00,NA,NA,NA,NA,NA,0.339,0.02,2.556,7,7,7,7,7,0,0,0
FCR,100,2026-02-10 16:15:00,NA,NA,NA,NA,NA,0.34,0.02,2.607,7,7,7,7,7,0,0,0
FCR,100,2026-02-10 16:30:00,NA,NA,NA,NA,NA,0.342,0.02,2.527,7,7,7,7,7,0,0,0
FCR,100,2026-02-10 16:45:00,NA,NA,NA,NA,NA,0.342,0.02,2.606,7,7,7,7,7,0,0,0
FCR,100,2026-02-10 17:00:00,NA,NA,NA,NA,NA,0.344,0.021,2.506,7,7,7,7,7,0,0,0
FCR,100,2026-02-10 17:15:00,NA,NA,NA,NA,NA,0.344,0.021,2.553,7,7,7,7,7,0,0,0
FCR,100,2026-02-10 17:30:00,NA,NA,NA,NA,NA,0.345,0.021,2.466,7,7,7,7,7,0,0,0
FCR,100,2026-02-10 17:45:00,NA,NA,NA,NA,NA,0.345,0.021,2.404,7,7,7,7,7,0,0,0
FCR,100,2026-02-10 18:00:00,NA,NA,NA,NA,NA,0.346,0.021,2.331,7,7,7,7,7,0,0,0
FCR,100,2026-02-10 18:15:00,NA,NA,NA,NA,NA,0.347,0.022,2.169,7,7,7,7,7,0,0,0
FCR,100,2026-02-10 18:30:00,NA,NA,NA,NA,NA,0.348,0.022,2.099,7,7,7,7,7,0,0,0
FCR,100,2026-02-10 18:45:00,NA,NA,NA,NA,NA,0.35,0.022,2.165,7,7,7,7,7,0,0,0
FCR,100,2026-02-10 19:00:00,NA,NA,NA,NA,NA,0.351,0.023,2.013,7,7,7,7,7,0,0,0
FCR,100,2026-02-10 19:15:00,NA,NA,NA,NA,NA,0.35,0.022,2.067,7,7,7,7,7,0,0,0
FCR,100,2026-02-10 19:30:00,NA,NA,NA,NA,NA,0.352,0.023,2.023,7,7,7,7,7,0,0,0
FCR,100,2026-02-10 19:45:00,NA,NA,NA,NA,NA,0.351,0.023,2.045,7,7,7,7,7,0,0,0
FCR,100,2026-02-10 20:00:00,NA,NA,NA,NA,NA,0.351,0.023,1.885,7,7,7,7,7,0,0,0
FCR,100,2026-02-10 20:15:00,NA,NA,NA,NA,NA,0.353,0.023,1.976,7,7,7,7,7,0,0,0
FCR,100,2026-02-10 20:30:00,NA,NA,NA,NA,NA,0.354,0.023,1.948,7,7,7,7,7,0,0,0
FCR,100,2026-02-10 20:45:00,NA,NA,NA,NA,NA,0.353,0.023,1.949,7,7,7,7,7,0,0,0
FCR,100,2026-02-10 21:00:00,NA,NA,NA,NA,NA,0.355,0.024,1.952,7,7,7,7,7,0,0,0
FCR,100,2026-02-10 21:15:00,NA,NA,NA,NA,NA,0.354,0.023,1.954,7,7,7,7,7,0,0,0
FCR,100,2026-02-10 21:30:00,NA,NA,NA,NA,NA,0.355,0.024,1.938,7,7,7,7,7,0,0,0
FCR,100,2026-02-10 21:45:00,NA,NA,NA,NA,NA,0.355,0.024,1.955,7,7,7,7,7,0,0,0
FCR,100,2026-02-10 22:00:00,NA,NA,NA,NA,NA,0.354,0.023,1.952,7,7,7,7,7,0,0,0
FCR,100,2026-02-10 22:15:00,NA,NA,NA,NA,NA,0.354,0.023,1.94,7,7,7,7,7,0,0,0
FCR,100,2026-02-10 22:30:00,NA,NA,NA,NA,NA,0.356,0.024,1.977,7,7,7,7,7,0,0,0
FCR,100,2026-02-10 22:45:00,NA,NA,NA,NA,NA,0.354,0.023,2.002,7,7,7,7,7,0,0,0
FCR,100,2026-02-10 23:00:00,NA,NA,NA,NA,NA,0.355,0.024,1.997,7,7,7,7,7,0,0,0
FCR,100,2026-02-10 23:15:00,NA,NA,NA,NA,NA,0.356,0.024,2.08,7,7,7,7,7,0,0,0
FCR,100,2026-02-10 23:30:00,NA,NA,NA,NA,NA,0.356,0.024,2.114,7,7,7,7,7,0,0,0
FCR,100,2026-02-10 23:45:00,NA,NA,NA,NA,NA,0.358,0.024,2.136,7,7,7,7,7,0,0,0
FCR,100,2026-02-11 00:00:00,NA,NA,NA,NA,NA,0.357,0.024,2.17,7,7,7,7,7,0,0,0
FCR,100,2026-02-11 00:15:00,NA,NA,NA,NA,NA,0.358,0.024,2.186,7,7,7,7,7,0,0,0
FCR,100,2026-02-11 00:30:00,NA,NA,NA,NA,NA,0.358,0.024,2.2,7,7,7,7,7,0,0,0
FCR,100,2026-02-11 00:45:00,NA,NA,NA,NA,NA,0.358,0.024,2.138,7,7,7,7,7,0,0,0
FCR,100,2026-02-11 01:00:00,NA,NA,NA,NA,NA,0.36,0.025,2.175,7,7,7,7,7,0,0,0
FCR,100,2026-02-11 01:15:00,NA,NA,NA,NA,NA,0.361,0.025,2.152,7,7,7,7,7,0,0,0
FCR,100,2026-02-11 01:30:00,NA,NA,NA,NA,NA,0.36,0.025,2.181,7,7,7,7,7,0,0,0
FCR,100,2026-02-11 01:45:00,NA,NA,NA,NA,NA,0.363,0.026,2.033,7,7,7,7,7,0,0,0
FCR,100,2026-02-11 02:00:00,NA,NA,NA,NA,NA,0.363,0.026,2.149,7,7,7,7,7,0,0,0
FCR,100,2026-02-11 02:15:00,NA,NA,NA,NA,NA,0.366,0.027,2.146,7,7,7,7,7,0,0,0
FCR,100,2026-02-11 02:30:00,NA,NA,NA,NA,NA,0.366,0.027,2.147,7,7,7,7,7,0,0,0
FCR,100,2026-02-11 02:45:00,NA,NA,NA,NA,NA,0.368,0.027,2.184,7,7,7,7,7,0,0,0
FCR,100,2026-02-11 03:00:00,NA,NA,NA,NA,NA,0.368,0.027,2.196,7,7,7,7,7,0,0,0
FCR,100,2026-02-11 03:15:00,NA,NA,NA,NA,NA,0.369,0.028,2.169,7,7,7,7,7,0,0,0
FCR,100,2026-02-11 03:30:00,NA,NA,NA,NA,NA,0.37,0.028,2.041,7,7,7,7,7,0,0,0
FCR,100,2026-02-11 03:45:00,NA,NA,NA,NA,NA,0.373,0.029,2.12,7,7,7,7,7,0,0,0
FCR,100,2026-02-11 04:00:00,NA,NA,NA,NA,NA,0.374,0.029,2.116,7,7,7,7,7,0,0,0
FCR,100,2026-02-11 04:15:00,NA,NA,NA,NA,NA,0.376,0.03,2.1,7,7,7,7,7,0,0,0
FCR,100,2026-02-11 04:30:00,NA,NA,NA,NA,NA,0.376,0.03,2.03,7,7,7,7,7,0,0,0
FCR,100,2026-02-11 04:45:00,NA,NA,NA,NA,NA,0.377,0.03,2.061,7,7,7,7,7,0,0,0
FCR,100,2026-02-11 05:00:00,NA,NA,NA,NA,NA,0.379,0.03,2.109,7,7,7,7,7,0,0,0
FCR,100,2026-02-11 05:15:00,NA,NA,NA,NA,NA,0.38,0.031,2.125,7,7,7,7,7,0,0,0
FCR,100,2026-02-11 05:30:00,NA,NA,NA,NA,NA,0.384,0.032,2.109,7,7,7,7,7,0,0,0
FCR,100,2026-02-11 05:45:00,NA,NA,NA,NA,NA,0.381,0.031,2.119,7,7,7,7,7,0,0,0
FCR,100,2026-02-11 06:00:00,NA,NA,NA,NA,NA,0.383,0.032,2.089,7,7,7,7,7,0,0,0
FCR,100,2026-02-11 06:15:00,NA,NA,NA,NA,NA,0.386,0.033,1.994,7,7,7,7,7,0,0,0
FCR,100,2026-02-11 06:30:00,NA,NA,NA,NA,NA,0.385,0.032,2.013,7,7,7,7,7,0,0,0
FCR,100,2026-02-11 06:45:00,NA,NA,NA,NA,NA,0.384,0.032,1.985,7,7,7,7,7,0,0,0
FCR,100,2026-02-11 07:00:00,NA,NA,NA,NA,NA,0.382,0.031,1.988,7,7,7,7,7,0,0,0
FCR,100,2026-02-11 07:15:00,NA,NA,NA,NA,NA,0.382,0.031,2.022,7,7,7,7,7,0,0,0
FCR,100,2026-02-11 07:30:00,NA,NA,NA,NA,NA,0.381,0.031,2.062,7,7,7,7,7,0,0,0
FCR,100,2026-02-11 07:45:00,NA,NA,NA,NA,NA,0.381,0.031,2.095,7,7,7,7,7,0,0,0
FCR,100,2026-02-11 08:00:00,NA,NA,NA,NA,NA,0.381,0.031,2.122,7,7,7,7,7,0,0,0
FCR,100,2026-02-11 08:15:00,NA,NA,NA,NA,NA,0.38,0.031,2.143,7,7,7,7,7,0,0,0
FCR,100,2026-02-11 08:30:00,NA,NA,NA,NA,NA,0.381,0.031,2.152,7,7,7,7,7,0,0,0
FCR,100,2026-02-11 08:45:00,NA,NA,NA,NA,NA,0.379,0.03,2.171,7,7,7,7,7,0,0,0
FCR,100,2026-02-11 09:00:00,NA,NA,NA,NA,NA,0.378,0.03,2.171,7,7,7,7,7,0,0,0
FCR,100,2026-02-11 09:15:00,NA,NA,NA,NA,NA,0.377,0.03,2.161,7,7,7,7,7,0,0,0
FCR,100,2026-02-11 09:30:00,NA,NA,NA,NA,NA,0.376,0.03,2.178,7,7,7,7,7,0,0,0
FCR,100,2026-02-11 09:45:00,NA,NA,NA,NA,NA,0.377,0.03,2.205,7,7,7,7,7,0,0,0
FCR,100,2026-02-11 10:00:00,NA,NA,NA,NA,NA,0.377,0.03,2.245,7,7,7,7,7,0,0,0
FCR,100,2026-02-11 10:15:00,NA,NA,NA,NA,NA,0.376,0.03,2.298,7,7,7,7,7,0,0,0
FCR,100,2026-02-11 10:30:00,NA,NA,NA,NA,NA,0.374,0.029,2.366,7,7,7,7,7,0,0,0
FCR,100,2026-02-11 10:45:00,NA,NA,NA,NA,NA,0.376,0.03,2.458,7,7,7,7,7,0,0,0
FCR,100,2026-02-11 11:00:00,NA,NA,NA,NA,NA,0.376,0.03,2.538,7,7,7,7,7,0,0,0
FCR,100,2026-02-11 11:15:00,NA,NA,NA,NA,NA,0.376,0.03,2.622,7,7,7,7,7,0,0,0
FCR,100,2026-02-11 11:30:00,NA,NA,NA,NA,NA,0.377,0.03,2.711,7,7,7,7,7,0,0,0
FCR,100,2026-02-11 11:45:00,NA,NA,NA,NA,NA,0.379,0.03,2.83,7,7,7,7,7,0,0,0
FCR,100,2026-02-11 12:00:00,NA,NA,NA,NA,NA,0.38,0.031,2.918,7,7,7,7,7,0,0,0
FCR,100,2026-02-11 12:15:00,NA,NA,NA,NA,NA,0.38,0.031,3.012,7,7,7,7,7,0,0,0
FCR,100,2026-02-11 12:30:00,NA,NA,NA,NA,NA,0.382,0.031,3.095,7,7,7,7,7,0,0,0
FCR,100,2026-02-11 12:45:00,NA,NA,NA,NA,NA,0.382,0.031,3.161,7,7,7,7,7,0,0,0
FCR,100,2026-02-11 13:00:00,NA,NA,NA,NA,NA,0.386,0.033,3.234,7,7,7,7,7,0,0,0
FCR,100,2026-02-11 13:15:00,NA,NA,NA,NA,NA,0.388,0.033,3.306,7,7,7,7,7,0,0,0
FCR,100,2026-02-11 13:30:00,NA,NA,NA,NA,NA,0.39,0.034,3.301,7,7,7,7,7,0,0,0
FCR,100,2026-02-11 13:45:00,NA,NA,NA,NA,NA,0.392,0.035,3.393,7,7,7,7,7,0,0,0
FCR,100,2026-02-11 14:00:00,NA,NA,NA,NA,NA,0.394,0.035,3.454,7,7,7,7,7,0,0,0
FCR,100,2026-02-11 14:15:00,NA,NA,NA,NA,NA,0.394,0.035,3.496,7,7,7,7,7,0,0,0
FCR,100,2026-02-11 14:30:00,NA,NA,NA,NA,NA,0.397,0.036,3.503,7,7,7,7,7,0,0,0
FCR,100,2026-02-11 14:45:00,NA,NA,NA,NA,NA,0.398,0.037,3.575,7,7,7,7,7,0,0,0
FCR,100,2026-02-11 15:00:00,NA,NA,NA,NA,NA,0.399,0.037,3.593,7,7,7,7,7,0,0,0
FCR,100,2026-02-11 15:15:00,NA,NA,NA,NA,NA,0.399,0.037,3.622,7,7,7,7,7,0,0,0
FCR,100,2026-02-11 15:30:00,NA,NA,NA,NA,NA,0.399,0.037,3.606,7,7,7,7,7,0,0,0
FCR,100,2026-02-11 15:45:00,NA,NA,NA,NA,NA,0.402,0.038,3.549,7,7,7,7,7,0,0,0
FCR,100,2026-02-11 16:00:00,NA,NA,NA,NA,NA,0.399,0.037,3.502,7,7,7,7,7,0,0,0
FCR,100,2026-02-11 16:15:00,NA,NA,NA,NA,NA,0.399,0.037,3.447,7,7,7,7,7,0,0,0
FCR,100,2026-02-11 16:30:00,NA,NA,NA,NA,NA,0.399,0.037,3.389,7,7,7,7,7,0,0,0
FCR,100,2026-02-11 16:45:00,NA,NA,NA,NA,NA,0.399,0.037,3.329,7,7,7,7,7,0,0,0
FCR,100,2026-02-11 17:00:00,NA,NA,NA,NA,NA,0.399,0.037,3.288,7,7,7,7,7,0,0,0
FCR,100,2026-02-11 17:15:00,NA,NA,NA,NA,NA,0.399,0.037,3.205,7,7,7,7,7,0,0,0
FCR,100,2026-02-11 17:30:00,NA,NA,NA,NA,NA,0.399,0.037,3.108,7,7,7,7,7,0,0,0
FCR,100,2026-02-11 17:45:00,NA,NA,NA,NA,NA,0.397,0.036,3.002,7,7,7,7,7,0,0,0
FCR,100,2026-02-11 18:00:00,NA,NA,NA,NA,NA,0.396,0.036,2.917,7,7,7,7,7,0,0,0
FCR,100,2026-02-11 18:15:00,NA,NA,NA,NA,NA,0.396,0.036,2.843,7,7,7,7,7,0,0,0
FCR,100,2026-02-11 18:30:00,NA,NA,NA,NA,NA,0.394,0.035,2.769,7,7,7,7,7,0,0,0
FCR,100,2026-02-11 18:45:00,NA,NA,NA,NA,NA,0.393,0.035,2.699,7,7,7,7,7,0,0,0
FCR,100,2026-02-11 19:00:00,NA,NA,NA,NA,NA,0.393,0.035,2.638,7,7,7,7,7,0,0,0
FCR,100,2026-02-11 19:15:00,NA,NA,NA,NA,NA,0.393,0.035,2.569,7,7,7,7,7,0,0,0
FCR,100,2026-02-11 19:30:00,NA,NA,NA,NA,NA,0.392,0.035,2.514,7,7,7,7,7,0,0,0
FCR,100,2026-02-11 19:45:00,NA,NA,NA,NA,NA,0.391,0.034,2.471,7,7,7,7,7,0,0,0
FCR,100,2026-02-11 20:00:00,NA,NA,NA,NA,NA,0.391,0.034,2.434,7,7,7,7,7,0,0,0
FCR,100,2026-02-11 20:15:00,NA,NA,NA,NA,NA,0.392,0.035,2.398,7,7,7,7,7,0,0,0
FCR,100,2026-02-11 20:30:00,NA,NA,NA,NA,NA,0.39,0.034,2.36,7,7,7,7,7,0,0,0
FCR,100,2026-02-11 20:45:00,NA,NA,NA,NA,NA,0.39,0.034,2.323,7,7,7,7,7,0,0,0
FCR,100,2026-02-11 21:00:00,NA,NA,NA,NA,NA,0.391,0.034,2.297,7,7,7,7,7,0,0,0
FCR,100,2026-02-11 21:15:00,NA,NA,NA,NA,NA,0.389,0.034,2.273,7,7,7,7,7,0,0,0
FCR,100,2026-02-11 21:30:00,NA,NA,NA,NA,NA,0.389,0.034,2.246,7,7,7,7,7,0,0,0
FCR,100,2026-02-11 21:45:00,NA,NA,NA,NA,NA,0.388,0.033,2.216,7,7,7,7,7,0,0,0
FCR,100,2026-02-11 22:00:00,NA,NA,NA,NA,NA,0.387,0.033,2.198,7,7,7,7,7,0,0,0
FCR,100,2026-02-11 22:15:00,NA,NA,NA,NA,NA,0.388,0.033,2.169,7,7,7,7,7,0,0,0
FCR,100,2026-02-11 22:30:00,NA,NA,NA,NA,NA,0.388,0.033,2.151,7,7,7,7,7,0,0,0
FCR,100,2026-02-11 22:45:00,NA,NA,NA,NA,NA,0.388,0.033,2.129,7,7,7,7,7,0,0,0
FCR,100,2026-02-11 23:00:00,NA,NA,NA,NA,NA,0.387,0.033,2.11,7,7,7,7,7,0,0,0
FCR,100,2026-02-11 23:15:00,NA,NA,NA,NA,NA,0.386,0.033,2.092,7,7,7,7,7,0,0,0
FCR,100,2026-02-11 23:30:00,NA,NA,NA,NA,NA,0.386,0.033,2.062,7,7,7,7,7,0,0,0
FCR,100,2026-02-11 23:45:00,NA,NA,NA,NA,NA,0.386,0.033,2.037,7,7,7,7,7,0,0,0
FCR,100,2026-02-12 00:00:00,NA,NA,NA,NA,NA,0.386,0.033,2,7,7,7,7,7,0,0,0
FCR,100,2026-02-12 00:15:00,NA,NA,NA,NA,NA,0.386,0.033,1.972,7,7,7,7,7,0,0,0
FCR,100,2026-02-12 00:30:00,NA,NA,NA,NA,NA,0.386,0.033,1.941,7,7,7,7,7,0,0,0
FCR,100,2026-02-12 00:45:00,NA,NA,NA,NA,NA,0.385,0.032,1.908,7,7,7,7,7,0,0,0
FCR,100,2026-02-12 01:00:00,NA,NA,NA,NA,NA,0.385,0.032,1.893,7,7,7,7,7,0,0,0
FCR,100,2026-02-12 01:15:00,NA,NA,NA,NA,NA,0.387,0.033,1.875,7,7,7,7,7,0,0,0
FCR,100,2026-02-12 01:30:00,NA,NA,NA,NA,NA,0.387,0.033,1.849,7,7,7,7,7,0,0,0
FCR,100,2026-02-12 01:45:00,NA,NA,NA,NA,NA,0.385,0.032,1.834,7,7,7,7,7,0,0,0
FCR,100,2026-02-12 02:00:00,NA,NA,NA,NA,NA,0.386,0.033,1.827,7,7,7,7,7,0,0,0
FCR,100,2026-02-12 02:15:00,NA,NA,NA,NA,NA,0.385,0.032,1.805,7,7,7,7,7,0,0,0
FCR,100,2026-02-12 02:30:00,NA,NA,NA,NA,NA,0.386,0.033,1.782,7,7,7,7,7,0,0,0
FCR,100,2026-02-12 02:45:00,NA,NA,NA,NA,NA,0.384,0.032,1.732,7,7,7,7,7,0,0,0
FCR,100,2026-02-12 03:00:00,NA,NA,NA,NA,NA,0.384,0.032,1.7,7,7,7,7,7,0,0,0
FCR,100,2026-02-12 03:15:00,NA,NA,NA,NA,NA,0.383,0.032,1.68,7,7,7,7,7,0,0,0
FCR,100,2026-02-12 03:30:00,NA,NA,NA,NA,NA,0.383,0.032,1.643,7,7,7,7,7,0,0,0
FCR,100,2026-02-12 03:45:00,NA,NA,NA,NA,NA,0.384,0.032,1.627,7,7,7,7,7,0,0,0
FCR,100,2026-02-12 04:00:00,NA,NA,NA,NA,NA,0.385,0.032,1.613,7,7,7,7,7,0,0,0
FCR,100,2026-02-12 04:15:00,NA,NA,NA,NA,NA,0.384,0.032,1.599,7,7,7,7,7,0,0,0
FCR,100,2026-02-12 04:30:00,NA,NA,NA,NA,NA,0.384,0.032,1.579,7,7,7,7,7,0,0,0
FCR,100,2026-02-12 04:45:00,NA,NA,NA,NA,NA,0.383,0.032,1.557,7,7,7,7,7,0,0,0
FCR,100,2026-02-12 05:00:00,NA,NA,NA,NA,NA,0.384,0.032,1.526,7,7,7,7,7,0,0,0
FCR,100,2026-02-12 05:15:00,NA,NA,NA,NA,NA,0.384,0.032,1.519,7,7,7,7,7,0,0,0
FCR,100,2026-02-12 05:30:00,NA,NA,NA,NA,NA,0.384,0.032,1.507,7,7,7,7,7,0,0,0
FCR,100,2026-02-12 05:45:00,NA,NA,NA,NA,NA,0.382,0.031,1.493,7,7,7,7,7,0,0,0
FCR,100,2026-02-12 06:00:00,NA,NA,NA,NA,NA,0.383,0.032,1.474,7,7,7,7,7,0,0,0
FCR,100,2026-02-12 06:15:00,NA,NA,NA,NA,NA,0.383,0.032,1.453,7,7,7,7,7,0,0,0
FCR,100,2026-02-12 06:30:00,NA,NA,NA,NA,NA,0.384,0.032,1.444,7,7,7,7,7,0,0,0
FCR,100,2026-02-12 06:45:00,NA,NA,NA,NA,NA,0.383,0.032,1.423,7,7,7,7,7,0,0,0
FCR,100,2026-02-12 07:00:00,NA,NA,NA,NA,NA,0.383,0.032,1.412,7,7,7,7,7,0,0,0
FCR,100,2026-02-12 07:15:00,NA,NA,NA,NA,NA,0.382,0.031,1.395,7,7,7,7,7,0,0,0
FCR,100,2026-02-12 07:30:00,NA,NA,NA,NA,NA,0.382,0.031,1.385,7,7,7,7,7,0,0,0
FCR,100,2026-02-12 07:45:00,NA,NA,NA,NA,NA,0.381,0.031,1.38,7,7,7,7,7,0,0,0
FCR,100,2026-02-12 08:00:00,NA,NA,NA,NA,NA,0.382,0.031,1.386,7,7,7,7,7,0,0,0
FCR,100,2026-02-12 08:15:00,NA,NA,NA,NA,NA,0.382,0.031,1.401,7,7,7,7,7,0,0,0
FCR,100,2026-02-12 08:30:00,NA,NA,NA,NA,NA,0.382,0.031,1.406,7,7,7,7,7,0,0,0
FCR,100,2026-02-12 08:45:00,NA,NA,NA,NA,NA,0.382,0.031,1.417,7,7,7,7,7,0,0,0
FCR,100,2026-02-12 09:00:00,NA,NA,NA,NA,NA,0.382,0.031,1.43,7,7,7,7,7,0,0,0
FCR,100,2026-02-12 09:15:00,NA,NA,NA,NA,NA,0.381,0.031,1.435,7,7,7,7,7,0,0,0
FCR,100,2026-02-12 09:30:00,NA,NA,NA,NA,NA,0.382,0.031,1.468,7,7,7,7,7,0,0,0
FCR,100,2026-02-12 09:45:00,NA,NA,NA,NA,NA,0.383,0.032,1.521,7,7,7,7,7,0,0,0
FCR,100,2026-02-12 10:00:00,NA,NA,NA,NA,NA,0.382,0.031,1.558,7,7,7,7,7,0,0,0
FCR,100,2026-02-12 10:15:00,NA,NA,NA,NA,NA,0.38,0.031,1.645,7,7,7,7,7,0,0,0
FCR,100,2026-02-12 10:30:00,NA,NA,NA,NA,NA,0.382,0.031,1.755,7,7,7,7,7,0,0,0
FCR,100,2026-02-12 10:45:00,NA,NA,NA,NA,NA,0.381,0.031,1.883,7,7,7,7,7,0,0,0
FCR,100,2026-02-12 11:00:00,NA,NA,NA,NA,NA,0.381,0.031,2.02,7,7,7,7,7,0,0,0
FCR,100,2026-02-12 11:15:00,NA,NA,NA,NA,NA,0.381,0.031,2.163,7,7,7,7,7,0,0,0
FCR,100,2026-02-12 11:30:00,NA,NA,NA,NA,NA,0.382,0.031,2.327,7,7,7,7,7,0,0,0
FCR,100,2026-02-12 11:45:00,NA,NA,NA,NA,NA,0.384,0.032,2.502,7,7,7,7,7,0,0,0
FCR,100,2026-02-12 12:00:00,NA,NA,NA,NA,NA,0.384,0.032,2.702,7,7,7,7,7,0,0,0
FCR,100,2026-02-12 12:15:00,NA,NA,NA,NA,NA,0.384,0.032,2.896,7,7,7,7,7,0,0,0
FCR,100,2026-02-12 12:30:00,NA,NA,NA,NA,NA,0.384,0.032,3.101,7,7,7,7,7,0,0,0
FCR,100,2026-02-12 12:45:00,NA,NA,NA,NA,NA,0.385,0.032,3.277,7,7,7,7,7,0,0,0
FCR,100,2026-02-12 13:00:00,NA,NA,NA,NA,NA,0.385,0.032,3.416,7,7,7,7,7,0,0,0
FCR,100,2026-02-12 13:15:00,NA,NA,NA,NA,NA,0.386,0.033,3.538,7,7,7,7,7,0,0,0
FCR,100,2026-02-12 13:30:00,NA,NA,NA,NA,NA,0.386,0.033,3.665,7,7,7,7,7,0,0,0
FCR,100,2026-02-12 13:45:00,NA,NA,NA,NA,NA,0.386,0.033,3.76,7,7,7,7,7,0,0,0
FCR,100,2026-02-12 14:00:00,NA,NA,NA,NA,NA,0.387,0.033,3.834,7,7,7,7,7,0,0,0
FCR,100,2026-02-12 14:15:00,NA,NA,NA,NA,NA,0.387,0.033,3.94,7,7,7,7,7,0,0,0
FCR,100,2026-02-12 14:30:00,NA,NA,NA,NA,NA,0.389,0.034,4.052,7,7,7,7,7,0,0,0
FCR,100,2026-02-12 14:45:00,NA,NA,NA,NA,NA,0.388,0.033,4.123,7,7,7,7,7,0,0,0
FCR,100,2026-02-12 15:00:00,NA,NA,NA,NA,NA,0.389,0.034,4.159,7,7,7,7,7,0,0,0
FCR,100,2026-02-12 15:15:00,NA,NA,NA,NA,NA,0.388,0.033,4.145,7,7,7,7,7,0,0,0
FCR,100,2026-02-12 15:30:00,NA,NA,NA,NA,NA,0.388,0.033,4.093,7,7,7,7,7,0,0,0
FCR,100,2026-02-12 15:45:00,NA,NA,NA,NA,NA,0.389,0.034,4.027,7,7,7,7,7,0,0,0
FCR,100,2026-02-12 16:00:00,NA,NA,NA,NA,NA,0.388,0.033,3.967,7,7,7,7,7,0,0,0
FCR,100,2026-02-12 16:15:00,NA,NA,NA,NA,NA,0.391,0.034,3.89,7,7,7,7,7,0,0,0
FCR,100,2026-02-12 16:30:00,NA,NA,NA,NA,NA,0.389,0.034,3.776,7,7,7,7,7,0,0,0
FCR,100,2026-02-12 16:45:00,NA,NA,NA,NA,NA,0.387,0.033,3.694,7,7,7,7,7,0,0,0
FCR,100,2026-02-12 17:00:00,NA,NA,NA,NA,NA,0.387,0.033,3.578,7,7,7,7,7,0,0,0
FCR,100,2026-02-12 17:15:00,NA,NA,NA,NA,NA,0.386,0.033,3.449,7,7,7,7,7,0,0,0
FCR,100,2026-02-12 17:30:00,NA,NA,NA,NA,NA,0.387,0.033,3.329,7,7,7,7,7,0,0,0
FCR,100,2026-02-12 17:45:00,NA,NA,NA,NA,NA,0.386,0.033,3.191,7,7,7,7,7,0,0,0
FCR,100,2026-02-12 18:00:00,NA,NA,NA,NA,NA,0.385,0.032,3.072,7,7,7,7,7,0,0,0
FCR,100,2026-02-12 18:15:00,NA,NA,NA,NA,NA,0.385,0.032,2.95,7,7,7,7,7,0,0,0
FCR,100,2026-02-12 18:30:00,NA,NA,NA,NA,NA,0.385,0.032,2.864,7,7,7,7,7,0,0,0
FCR,100,2026-02-12 18:45:00,NA,NA,NA,NA,NA,0.385,0.032,2.783,7,7,7,7,7,0,0,0
FCR,100,2026-02-12 19:00:00,NA,NA,NA,NA,NA,0.384,0.032,2.686,7,7,7,7,7,0,0,0
FCR,100,2026-02-12 19:15:00,NA,NA,NA,NA,NA,0.385,0.032,2.602,7,7,7,7,7,0,0,0
FCR,100,2026-02-12 19:30:00,NA,NA,NA,NA,NA,0.384,0.032,2.531,7,7,7,7,7,0,0,0
FCR,100,2026-02-12 19:45:00,NA,NA,NA,NA,NA,0.385,0.032,2.454,7,7,7,7,7,0,0,0
FCR,100,2026-02-12 20:00:00,NA,NA,NA,NA,NA,0.384,0.032,2.41,7,7,7,7,7,0,0,0
FCR,100,2026-02-12 20:15:00,NA,NA,NA,NA,NA,0.384,0.032,2.375,7,7,7,7,7,0,0,0
FCR,100,2026-02-12 20:30:00,NA,NA,NA,NA,NA,NA,NA,NA,7,7,7,7,7,7,7,7
FCR,100,2026-02-12 21:00:00,NA,NA,NA,NA,NA,NA,NA,NA,7,7,7,7,7,7,7,7
FCR,100,2026-02-12 21:15:00,NA,NA,NA,NA,NA,0.384,0.032,2.205,7,7,7,7,7,0,0,0
FCR,100,2026-02-12 21:30:00,NA,NA,NA,NA,NA,0.382,0.031,2.162,7,7,7,7,7,0,0,0
FCR,100,2026-02-12 21:45:00,NA,NA,NA,NA,NA,0.381,0.031,2.119,7,7,7,7,7,0,0,0
FCR,100,2026-02-12 22:00:00,NA,NA,NA,NA,NA,0.381,0.031,2.091,7,7,7,7,7,0,0,0
FCR,100,2026-02-12 22:15:00,NA,NA,NA,NA,NA,0.382,0.031,2.05,7,7,7,7,7,0,0,0
FCR,100,2026-02-12 22:30:00,NA,NA,NA,NA,NA,0.381,0.031,2.023,7,7,7,7,7,0,0,0
FCR,100,2026-02-12 22:45:00,NA,NA,NA,NA,NA,0.381,0.031,1.997,7,7,7,7,7,0,0,0
FCR,100,2026-02-12 23:00:00,NA,NA,NA,NA,NA,0.381,0.031,1.967,7,7,7,7,7,0,0,0
FCR,100,2026-02-12 23:15:00,NA,NA,NA,NA,NA,0.381,0.031,1.938,7,7,7,7,7,0,0,0
FCR,100,2026-02-12 23:30:00,NA,NA,NA,NA,NA,0.381,0.031,1.907,7,7,7,7,7,0,0,0
FCR,100,2026-02-12 23:45:00,NA,NA,NA,NA,NA,0.381,0.031,1.878,7,7,7,7,7,0,0,0
FCR,100,2026-02-13 00:00:00,NA,NA,NA,NA,NA,0.38,0.031,1.863,7,7,7,7,7,0,0,0
FCR,100,2026-02-13 00:15:00,NA,NA,NA,NA,NA,0.38,0.031,1.833,7,7,7,7,7,0,0,0
FCR,100,2026-02-13 01:00:00,NA,NA,NA,NA,NA,NA,NA,NA,7,7,7,7,7,7,7,7
FCR,100,2026-02-13 01:15:00,NA,NA,NA,NA,NA,0.381,0.031,1.754,7,7,7,7,7,0,0,0
FCR,100,2026-02-13 01:30:00,NA,NA,NA,NA,NA,0.381,0.031,1.732,7,7,7,7,7,0,0,0
FCR,100,2026-02-13 01:45:00,NA,NA,NA,NA,NA,0.38,0.031,1.714,7,7,7,7,7,0,0,0
FCR,100,2026-02-13 02:00:00,NA,NA,NA,NA,NA,0.38,0.031,1.694,7,7,7,7,7,0,0,0
FCR,100,2026-02-13 02:15:00,NA,NA,NA,NA,NA,0.379,0.03,1.671,7,7,7,7,7,0,0,0
FCR,100,2026-02-13 02:30:00,NA,NA,NA,NA,NA,0.379,0.03,1.657,7,7,7,7,7,0,0,0
FCR,100,2026-02-13 02:45:00,NA,NA,NA,NA,NA,0.378,0.03,1.634,7,7,7,7,7,0,0,0
FCR,100,2026-02-13 03:00:00,NA,NA,NA,NA,NA,0.379,0.03,1.608,7,7,7,7,7,0,0,0
FCR,100,2026-02-13 03:15:00,NA,NA,NA,NA,NA,0.379,0.03,1.599,7,7,7,7,7,0,0,0
FCR,100,2026-02-13 03:30:00,NA,NA,NA,NA,NA,0.378,0.03,1.58,7,7,7,7,7,0,0,0
FCR,100,2026-02-13 03:45:00,NA,NA,NA,NA,NA,0.381,0.031,1.546,7,7,7,7,7,0,0,0
FCR,100,2026-02-13 04:00:00,NA,NA,NA,NA,NA,0.379,0.03,1.508,7,7,7,7,7,0,0,0
FCR,100,2026-02-13 04:15:00,NA,NA,NA,NA,NA,0.378,0.03,1.487,7,7,7,7,7,0,0,0
FCR,100,2026-02-13 04:30:00,NA,NA,NA,NA,NA,0.377,0.03,1.445,7,7,7,7,7,0,0,0
FCR,100,2026-02-13 04:45:00,NA,NA,NA,NA,NA,0.379,0.03,1.443,7,7,7,7,7,0,0,0
FCR,100,2026-02-13 05:00:00,NA,NA,NA,NA,NA,0.38,0.031,1.438,7,7,7,7,7,0,0,0
FCR,100,2026-02-13 05:15:00,NA,NA,NA,NA,NA,0.378,0.03,1.428,7,7,7,7,7,0,0,0
FCR,100,2026-02-13 05:30:00,NA,NA,NA,NA,NA,0.377,0.03,1.411,7,7,7,7,7,0,0,0
FCR,100,2026-02-13 05:45:00,NA,NA,NA,NA,NA,0.377,0.03,1.392,7,7,7,7,7,0,0,0
FCR,100,2026-02-13 06:00:00,NA,NA,NA,NA,NA,0.377,0.03,1.377,7,7,7,7,7,0,0,0
FCR,100,2026-02-13 07:45:00,NA,NA,NA,NA,NA,NA,NA,NA,7,7,7,7,7,7,7,7
FCR,100,2026-02-13 08:00:00,NA,NA,NA,NA,NA,0.377,0.03,1.289,7,7,7,7,7,0,0,0
FCR,100,2026-02-13 08:15:00,NA,NA,NA,NA,NA,0.376,0.03,1.309,7,7,7,7,7,0,0,0
FCR,100,2026-02-13 08:30:00,NA,NA,NA,NA,NA,0.376,0.03,1.33,7,7,7,7,7,0,0,0
FCR,100,2026-02-13 08:45:00,NA,NA,NA,NA,NA,0.377,0.03,1.358,7,7,7,7,7,0,0,0
FCR,100,2026-02-13 09:00:00,NA,NA,NA,NA,NA,0.378,0.03,1.385,7,7,7,7,7,0,0,0
FCR,100,2026-02-13 09:15:00,NA,NA,NA,NA,NA,0.377,0.03,1.428,7,7,7,7,7,0,0,0
FCR,100,2026-02-13 09:30:00,NA,NA,NA,NA,NA,0.376,0.03,1.471,7,7,7,7,7,0,0,0
FCR,100,2026-02-13 09:45:00,NA,NA,NA,NA,NA,0.376,0.03,1.529,7,7,7,7,7,0,0,0
FCR,100,2026-02-13 10:00:00,NA,NA,NA,NA,NA,0.376,0.03,1.615,7,7,7,7,7,0,0,0
FCR,100,2026-02-13 19:00:00,NA,NA,NA,NA,NA,NA,NA,NA,7,7,7,7,7,7,7,7
FCR,100,2026-02-13 19:15:00,NA,NA,NA,NA,NA,0.38,0.031,3.072,7,7,7,7,7,0,0,0
FCR,100,2026-02-13 19:30:00,NA,NA,NA,NA,NA,0.38,0.031,2.991,7,7,7,7,7,0,0,0
FCR,100,2026-02-13 19:45:00,NA,NA,NA,NA,NA,0.379,0.03,2.919,7,7,7,7,7,0,0,0
FCR,100,2026-02-13 20:00:00,NA,NA,NA,NA,NA,0.378,0.03,2.838,7,7,7,7,7,0,0,0
FCR,100,2026-02-13 20:15:00,NA,NA,NA,NA,NA,0.379,0.03,2.775,7,7,7,7,7,0,0,0
FCR,100,2026-02-13 20:30:00,NA,NA,NA,NA,NA,0.378,0.03,2.723,7,7,7,7,7,0,0,0
FCR,100,2026-02-13 20:45:00,NA,NA,NA,NA,NA,0.378,0.03,2.669,7,7,7,7,7,0,0,0
FCR,100,2026-02-13 21:00:00,NA,NA,NA,NA,NA,0.379,0.03,2.611,7,7,7,7,7,0,0,0
FCR,100,2026-02-13 21:15:00,NA,NA,NA,NA,NA,0.377,0.03,2.565,7,7,7,7,7,0,0,0
FCR,100,2026-02-13 21:30:00,NA,NA,NA,NA,NA,0.379,0.03,2.521,7,7,7,7,7,0,0,0
FCR,100,2026-02-13 21:45:00,NA,NA,NA,NA,NA,0.377,0.03,2.483,7,7,7,7,7,0,0,0
FCR,100,2026-02-13 22:00:00,NA,NA,NA,NA,NA,0.376,0.03,2.451,7,7,7,7,7,0,0,0
FCR,100,2026-02-13 22:15:00,NA,NA,NA,NA,NA,0.376,0.03,2.409,7,7,7,7,7,0,0,0
FCR,100,2026-02-13 22:30:00,NA,NA,NA,NA,NA,0.376,0.03,2.38,7,7,7,7,7,0,0,0
FCR,100,2026-02-13 22:45:00,NA,NA,NA,NA,NA,0.376,0.03,2.359,7,7,7,7,7,0,0,0
FCR,100,2026-02-13 23:00:00,NA,NA,NA,NA,NA,0.376,0.03,2.334,7,7,7,7,7,0,0,0
FCR,100,2026-02-13 23:15:00,NA,NA,NA,NA,NA,0.377,0.03,2.317,7,7,7,7,7,0,0,0
FCR,100,2026-02-13 23:30:00,NA,NA,NA,NA,NA,0.376,0.03,2.3,7,7,7,7,7,0,0,0
FCR,100,2026-02-13 23:45:00,NA,NA,NA,NA,NA,0.376,0.03,2.276,7,7,7,7,7,0,0,0
FCR,100,2026-02-14 00:00:00,NA,NA,NA,NA,NA,0.376,0.03,2.285,7,7,7,7,7,0,0,0
FCR,100,2026-02-14 00:15:00,NA,NA,NA,NA,NA,0.376,0.03,2.308,7,7,7,7,7,0,0,0
FCR,100,2026-02-14 00:30:00,NA,NA,NA,NA,NA,0.376,0.03,2.285,7,7,7,7,7,0,0,0
FCR,100,2026-02-14 00:45:00,NA,NA,NA,NA,NA,0.376,0.03,2.258,7,7,7,7,7,0,0,0
FCR,100,2026-02-14 01:00:00,NA,NA,NA,NA,NA,0.375,0.029,2.227,7,7,7,7,7,0,0,0
FCR,100,2026-02-14 01:15:00,NA,NA,NA,NA,NA,0.375,0.029,2.198,7,7,7,7,7,0,0,0
FCR,100,2026-02-14 01:30:00,NA,NA,NA,NA,NA,0.375,0.029,2.172,7,7,7,7,7,0,0,0
FCR,100,2026-02-14 01:45:00,NA,NA,NA,NA,NA,0.374,0.029,2.143,7,7,7,7,7,0,0,0
FCR,100,2026-02-14 02:00:00,NA,NA,NA,NA,NA,0.377,0.03,2.122,7,7,7,7,7,0,0,0
FCR,100,2026-02-14 02:15:00,NA,NA,NA,NA,NA,0.375,0.029,2.099,7,7,7,7,7,0,0,0
FCR,100,2026-02-14 02:30:00,NA,NA,NA,NA,NA,0.374,0.029,2.081,7,7,7,7,7,0,0,0
FCR,100,2026-02-14 02:45:00,NA,NA,NA,NA,NA,0.376,0.03,2.062,7,7,7,7,7,0,0,0
FCR,100,2026-02-14 03:00:00,NA,NA,NA,NA,NA,0.374,0.029,2.048,7,7,7,7,7,0,0,0
FCR,100,2026-02-14 03:15:00,NA,NA,NA,NA,NA,0.375,0.029,2.036,7,7,7,7,7,0,0,0
FCR,100,2026-02-14 03:30:00,NA,NA,NA,NA,NA,0.375,0.029,2.021,7,7,7,7,7,0,0,0
FCR,100,2026-02-14 03:45:00,NA,NA,NA,NA,NA,0.376,0.03,2.005,7,7,7,7,7,0,0,0
FCR,100,2026-02-14 04:00:00,NA,NA,NA,NA,NA,0.374,0.029,1.995,7,7,7,7,7,0,0,0
FCR,100,2026-02-16 05:15:00,NA,NA,NA,NA,NA,NA,NA,NA,7,7,7,7,7,7,7,7
FCR,100,2026-02-16 05:30:00,NA,NA,NA,NA,NA,0.464,0.063,3.335,7,7,7,7,7,0,0,0
FCR,100,2026-02-16 05:45:00,NA,NA,NA,NA,NA,0.465,0.064,3.33,7,7,7,7,7,0,0,0
FCR,100,2026-02-16 06:00:00,NA,NA,NA,NA,NA,0.466,0.064,3.32,7,7,7,7,7,0,0,0
FCR,100,2026-02-16 06:15:00,NA,NA,NA,NA,NA,0.465,0.064,3.309,7,7,7,7,7,0,0,0
FCR,100,2026-02-16 06:30:00,NA,NA,NA,NA,NA,0.465,0.064,3.306,7,7,7,7,7,0,0,0
FCR,100,2026-02-16 08:45:00,NA,NA,NA,NA,NA,NA,NA,NA,7,7,7,7,7,7,7,7
FCR,100,2026-02-16 09:00:00,NA,NA,NA,NA,NA,0.465,0.064,3.31,7,7,7,7,7,0,0,0
FCR,100,2026-02-16 09:15:00,NA,NA,NA,NA,NA,0.463,0.063,3.356,7,7,7,7,7,0,0,0
FCR,100,2026-02-16 09:30:00,NA,NA,NA,NA,NA,0.464,0.063,3.416,7,7,7,7,7,0,0,0
FCR,100,2026-02-16 09:45:00,NA,NA,NA,NA,NA,0.464,0.063,3.487,7,7,7,7,7,0,0,0
FCR,100,2026-02-16 12:15:00,NA,NA,NA,NA,NA,NA,NA,NA,7,7,7,7,7,7,7,7
FCR,100,2026-02-16 12:30:00,NA,NA,NA,NA,NA,0.468,0.065,5.377,7,7,7,7,7,0,0,0
FCR,100,2026-02-16 14:00:00,NA,NA,NA,NA,NA,NA,NA,NA,7,7,7,7,7,7,7,7
FCR,100,2026-02-16 14:15:00,NA,NA,NA,NA,NA,0.477,0.07,6.347,7,7,7,7,7,0,0,0
FCR,100,2026-02-16 15:45:00,NA,NA,NA,NA,NA,NA,NA,NA,7,7,7,7,7,7,7,7
FCR,100,2026-02-16 16:00:00,NA,NA,NA,NA,NA,0.477,0.07,6.197,7,7,7,7,7,0,0,0
FCR,100,2026-02-16 16:15:00,NA,NA,NA,NA,NA,0.476,0.069,6.073,7,7,7,7,7,0,0,0
FCR,100,2026-02-16 17:30:00,NA,NA,NA,NA,NA,NA,NA,NA,7,7,7,7,7,7,7,7
FCR,100,2026-02-16 17:45:00,NA,NA,NA,NA,NA,0.473,0.068,5.218,7,7,7,7,7,0,0,0
FCR,100,2026-02-16 18:00:00,NA,NA,NA,NA,NA,0.474,0.068,5.106,7,7,7,7,7,0,0,0
FCR,100,2026-02-16 19:15:00,NA,NA,NA,NA,NA,NA,NA,NA,7,7,7,7,7,7,7,7
FCR,100,2026-02-16 19:30:00,NA,NA,NA,NA,NA,0.47,0.066,4.599,7,7,7,7,7,0,0,0
FCR,100,2026-02-16 23:00:00,NA,NA,NA,NA,NA,NA,NA,NA,7,7,7,7,7,7,7,7
FCR,100,2026-02-23 11:45:00,NA,NA,NA,NA,NA,NA,NA,NA,7,7,7,7,7,7,7,7
FCR,100,2026-02-23 12:00:00,NA,NA,NA,NA,NA,0.45,0.057,2.834,7,7,7,7,7,0,0,0
FCR,100,2026-02-23 12:15:00,NA,NA,NA,NA,NA,0.449,0.057,3.056,7,7,7,7,7,0,0,0
FCR,100,2026-02-23 12:30:00,NA,NA,NA,NA,NA,0.449,0.057,3.283,7,7,7,7,7,0,0,0
FCR,100,2026-02-23 12:45:00,NA,NA,NA,NA,NA,0.45,0.057,3.461,7,7,7,7,7,0,0,0
FCR,100,2026-02-23 13:00:00,NA,NA,NA,NA,NA,0.45,0.057,3.627,7,7,7,7,7,0,0,0
FCR,100,2026-02-23 13:15:00,NA,NA,NA,NA,NA,0.447,0.056,3.762,7,7,7,7,7,0,0,0
FCR,100,2026-02-23 13:30:00,NA,NA,NA,NA,NA,0.448,0.056,3.867,7,7,7,7,7,0,0,0
FCR,100,2026-02-23 13:45:00,NA,NA,NA,NA,NA,0.449,0.057,4.019,7,7,7,7,7,0,0,0
FCR,100,2026-02-23 14:00:00,NA,NA,NA,NA,NA,0.449,0.057,4.127,7,7,7,7,7,0,0,0
FCR,100,2026-02-23 14:15:00,NA,NA,NA,NA,NA,0.449,0.057,4.189,7,7,7,7,7,0,0,0
FCR,100,2026-02-23 14:30:00,NA,NA,NA,NA,NA,0.449,0.057,4.161,7,7,7,7,7,0,0,0
FCR,100,2026-02-23 14:45:00,NA,NA,NA,NA,NA,0.45,0.057,4.14,7,7,7,7,7,0,0,0
FCR,100,2026-02-23 15:00:00,NA,NA,NA,NA,NA,0.452,0.058,4.249,7,7,7,7,7,0,0,0
FCR,100,2026-02-23 15:15:00,NA,NA,NA,NA,NA,0.45,0.057,4.256,7,7,7,7,7,0,0,0
FCR,100,2026-02-23 15:30:00,NA,NA,NA,NA,NA,0.448,0.056,4.211,7,7,7,7,7,0,0,0
FCR,100,2026-02-23 15:45:00,NA,NA,NA,NA,NA,0.448,0.056,4.09,7,7,7,7,7,0,0,0
FCR,100,2026-02-23 16:00:00,NA,NA,NA,NA,NA,0.447,0.056,3.961,7,7,7,7,7,0,0,0
FCR,100,2026-02-23 16:15:00,NA,NA,NA,NA,NA,0.448,0.056,3.82,7,7,7,7,7,0,0,0
FCR,100,2026-02-23 16:30:00,NA,NA,NA,NA,NA,0.444,0.054,3.626,7,7,7,7,7,0,0,0
FCR,100,2026-02-23 16:45:00,NA,NA,NA,NA,NA,0.447,0.056,3.427,7,7,7,7,7,0,0,0
FCR,100,2026-02-23 17:00:00,NA,NA,NA,NA,NA,0.445,0.055,3.276,7,7,7,7,7,0,0,0
FCR,100,2026-02-23 17:15:00,NA,NA,NA,NA,NA,0.446,0.055,3.104,7,7,7,7,7,0,0,0
FCR,100,2026-02-23 17:30:00,NA,NA,NA,NA,NA,0.443,0.054,2.99,7,7,7,7,7,0,0,0
FCR,100,2026-02-23 17:45:00,NA,NA,NA,NA,NA,0.442,0.054,2.856,7,7,7,7,7,0,0,0
FCR,100,2026-02-23 18:00:00,NA,NA,NA,NA,NA,0.442,0.054,2.707,7,7,7,7,7,0,0,0
FCR,100,2026-02-23 18:15:00,NA,NA,NA,NA,NA,0.442,0.054,2.582,7,7,7,7,7,0,0,0
FCR,100,2026-02-23 18:30:00,NA,NA,NA,NA,NA,0.443,0.054,2.456,7,7,7,7,7,0,0,0
FCR,100,2026-02-23 18:45:00,NA,NA,NA,NA,NA,0.441,0.053,2.349,7,7,7,7,7,0,0,0
FCR,100,2026-02-23 19:00:00,NA,NA,NA,NA,NA,0.443,0.054,2.266,7,7,7,7,7,0,0,0
FCR,100,2026-02-23 19:15:00,NA,NA,NA,NA,NA,0.441,0.053,2.196,7,7,7,7,7,0,0,0
FCR,100,2026-02-23 19:30:00,NA,NA,NA,NA,NA,0.44,0.053,2.059,7,7,7,7,7,0,0,0
FCR,100,2026-02-23 19:45:00,NA,NA,NA,NA,NA,0.441,0.053,1.994,7,7,7,7,7,0,0,0
FCR,100,2026-02-23 20:00:00,NA,NA,NA,NA,NA,0.438,0.052,1.926,7,7,7,7,7,0,0,0
FCR,100,2026-02-23 20:15:00,NA,NA,NA,NA,NA,0.441,0.053,1.858,7,7,7,7,7,0,0,0
FCR,100,2026-02-23 20:30:00,NA,NA,NA,NA,NA,0.44,0.053,1.78,7,7,7,7,7,0,0,0
FCR,100,2026-02-23 20:45:00,NA,NA,NA,NA,NA,0.437,0.051,1.732,7,7,7,7,7,0,0,0
FCR,100,2026-02-23 21:00:00,NA,NA,NA,NA,NA,0.436,0.051,1.687,7,7,7,7,7,0,0,0
FCR,100,2026-02-23 21:15:00,NA,NA,NA,NA,NA,0.437,0.051,1.629,7,7,7,7,7,0,0,0
FCR,100,2026-02-23 21:30:00,NA,NA,NA,NA,NA,0.437,0.051,1.58,7,7,7,7,7,0,0,0
FCR,100,2026-02-23 21:45:00,NA,NA,NA,NA,NA,0.438,0.052,1.531,7,7,7,7,7,0,0,0
FCR,100,2026-02-23 22:00:00,NA,NA,NA,NA,NA,0.436,0.051,1.491,7,7,7,7,7,0,0,0
FCR,100,2026-02-23 22:15:00,NA,NA,NA,NA,NA,0.435,0.051,1.428,7,7,7,7,7,0,0,0
FCR,100,2026-02-23 22:30:00,NA,NA,NA,NA,NA,0.435,0.051,1.386,7,7,7,7,7,0,0,0
FCR,100,2026-02-23 22:45:00,NA,NA,NA,NA,NA,0.435,0.051,1.32,7,7,7,7,7,0,0,0
FCR,100,2026-02-23 23:00:00,NA,NA,NA,NA,NA,0.435,0.051,1.328,7,7,7,7,7,0,0,0
FCR,100,2026-02-23 23:15:00,NA,NA,NA,NA,NA,0.436,0.051,1.293,7,7,7,7,7,0,0,0
FCR,100,2026-02-23 23:30:00,NA,NA,NA,NA,NA,0.435,0.051,1.279,7,7,7,7,7,0,0,0
FCR,100,2026-02-23 23:45:00,NA,NA,NA,NA,NA,0.435,0.051,1.252,7,7,7,7,7,0,0,0
FCR,100,2026-02-24 00:00:00,NA,NA,NA,NA,NA,0.435,0.051,1.202,7,7,7,7,7,0,0,0
FCR,100,2026-02-24 00:15:00,NA,NA,NA,NA,NA,0.434,0.05,1.165,7,7,7,7,7,0,0,0
FCR,100,2026-02-24 00:30:00,NA,NA,NA,NA,NA,0.434,0.05,1.107,7,7,7,7,7,0,0,0
FCR,100,2026-02-24 00:45:00,NA,NA,NA,NA,NA,0.434,0.05,1.045,7,7,7,7,7,0,0,0
FCR,100,2026-02-24 01:00:00,NA,NA,NA,NA,NA,0.434,0.05,1.003,7,7,7,7,7,0,0,0
FCR,100,2026-02-24 01:15:00,NA,NA,NA,NA,NA,0.435,0.051,0.953,7,7,7,7,7,0,0,0
FCR,100,2026-02-24 01:30:00,NA,NA,NA,NA,NA,0.434,0.05,0.913,7,7,7,7,7,0,0,0
FCR,100,2026-02-24 01:45:00,NA,NA,NA,NA,NA,0.432,0.049,0.838,7,7,7,7,7,0,0,0
FCR,100,2026-02-24 02:00:00,NA,NA,NA,NA,NA,0.433,0.05,0.764,7,7,7,7,7,0,0,0
FCR,100,2026-02-24 02:15:00,NA,NA,NA,NA,NA,0.433,0.05,0.703,7,7,7,7,7,0,0,0
FCR,100,2026-02-24 02:30:00,NA,NA,NA,NA,NA,0.432,0.049,0.652,7,7,7,7,7,0,0,0
FCR,100,2026-02-24 02:45:00,NA,NA,NA,NA,NA,0.431,0.049,0.624,7,7,7,7,7,0,0,0
FCR,100,2026-02-24 03:00:00,NA,NA,NA,NA,NA,0.431,0.049,0.585,7,7,7,7,7,0,0,0
FCR,100,2026-02-24 03:15:00,NA,NA,NA,NA,NA,0.432,0.049,0.561,7,7,7,7,7,0,0,0
FCR,100,2026-02-24 03:30:00,NA,NA,NA,NA,NA,0.432,0.049,0.55,7,7,7,7,7,0,0,0
FCR,100,2026-02-24 03:45:00,NA,NA,NA,NA,NA,0.432,0.049,0.543,7,7,7,7,7,0,0,0
FCR,100,2026-02-24 04:00:00,NA,NA,NA,NA,NA,0.43,0.049,0.527,7,7,7,7,7,0,0,0
FCR,100,2026-02-24 04:15:00,NA,NA,NA,NA,NA,0.43,0.049,0.482,7,7,7,7,7,0,0,0
FCR,100,2026-02-24 04:30:00,NA,NA,NA,NA,NA,0.43,0.049,0.456,7,7,7,7,7,0,0,0
FCR,100,2026-02-24 04:45:00,NA,NA,NA,NA,NA,0.428,0.048,0.432,7,7,7,7,7,0,0,0
FCR,100,2026-02-24 05:00:00,NA,NA,NA,NA,NA,0.429,0.048,0.418,7,7,7,7,7,0,0,0
FCR,100,2026-02-24 05:15:00,NA,NA,NA,NA,NA,0.43,0.049,0.411,7,7,7,7,7,0,0,0
FCR,100,2026-02-24 05:30:00,NA,NA,NA,NA,NA,0.43,0.049,0.401,7,7,7,7,7,0,0,0
FCR,100,2026-02-24 05:45:00,NA,NA,NA,NA,NA,0.428,0.048,0.424,7,7,7,7,7,0,0,0
FCR,100,2026-02-24 06:00:00,NA,NA,NA,NA,NA,0.43,0.049,0.428,7,7,7,7,7,0,0,0
FCR,100,2026-02-24 06:15:00,NA,NA,NA,NA,NA,0.429,0.048,0.41,7,7,7,7,7,0,0,0
FCR,100,2026-02-24 06:30:00,NA,NA,NA,NA,NA,0.429,0.048,0.396,7,7,7,7,7,0,0,0
FCR,100,2026-02-24 06:45:00,NA,NA,NA,NA,NA,0.428,0.048,0.375,7,7,7,7,7,0,0,0
FCR,100,2026-02-24 07:00:00,NA,NA,NA,NA,NA,0.428,0.048,0.339,7,7,7,7,7,0,0,0
FCR,100,2026-02-24 07:15:00,NA,NA,NA,NA,NA,0.428,0.048,0.336,7,7,7,7,7,0,0,0
FCR,100,2026-02-24 07:30:00,NA,NA,NA,NA,NA,0.428,0.048,0.351,7,7,7,7,7,0,0,0
FCR,100,2026-02-24 07:45:00,NA,NA,NA,NA,NA,0.429,0.048,0.362,7,7,7,7,7,0,0,0
FCR,100,2026-02-24 08:00:00,NA,NA,NA,NA,NA,0.428,0.048,0.376,7,7,7,7,7,0,0,0
FCR,100,2026-02-24 08:15:00,NA,NA,NA,NA,NA,0.426,0.047,0.39,7,7,7,7,7,0,0,0
FCR,100,2026-02-24 08:30:00,NA,NA,NA,NA,NA,0.426,0.047,0.396,7,7,7,7,7,0,0,0
FCR,100,2026-02-24 08:45:00,NA,NA,NA,NA,NA,0.426,0.047,0.419,7,7,7,7,7,0,0,0
FCR,100,2026-02-24 09:00:00,NA,NA,NA,NA,NA,0.428,0.048,0.446,7,7,7,7,7,0,0,0
FCR,100,2026-02-24 09:15:00,NA,NA,NA,NA,NA,0.427,0.047,0.49,7,7,7,7,7,0,0,0
FCR,100,2026-02-24 09:30:00,NA,NA,NA,NA,NA,0.427,0.047,0.523,7,7,7,7,7,0,0,0
FCR,100,2026-02-24 09:45:00,NA,NA,NA,NA,NA,0.426,0.047,0.632,7,7,7,7,7,0,0,0
FCR,100,2026-02-24 10:00:00,NA,NA,NA,NA,NA,0.427,0.047,0.744,7,7,7,7,7,0,0,0
FCR,100,2026-02-24 10:15:00,NA,NA,NA,NA,NA,0.428,0.048,0.867,7,7,7,7,7,0,0,0
FCR,100,2026-02-24 10:30:00,NA,NA,NA,NA,NA,0.429,0.048,0.981,7,7,7,7,7,0,0,0
FCR,100,2026-02-24 10:45:00,NA,NA,NA,NA,NA,0.429,0.048,1.139,7,7,7,7,7,0,0,0
FCR,100,2026-02-24 11:00:00,NA,NA,NA,NA,NA,0.428,0.048,1.313,7,7,7,7,7,0,0,0
FCR,100,2026-02-24 11:15:00,NA,NA,NA,NA,NA,0.429,0.048,1.508,7,7,7,7,7,0,0,0
FCR,100,2026-02-24 11:30:00,NA,NA,NA,NA,NA,0.428,0.048,1.728,7,7,7,7,7,0,0,0
FCR,100,2026-02-24 11:45:00,NA,NA,NA,NA,NA,0.429,0.048,1.969,7,7,7,7,7,0,0,0
FCR,100,2026-02-24 12:00:00,NA,NA,NA,NA,NA,0.429,0.048,2.206,7,7,7,7,7,0,0,0
FCR,100,2026-02-24 12:15:00,NA,NA,NA,NA,NA,0.43,0.049,2.397,7,7,7,7,7,0,0,0
FCR,100,2026-02-24 12:30:00,NA,NA,NA,NA,NA,0.432,0.049,2.599,7,7,7,7,7,0,0,0
FCR,100,2026-02-24 12:45:00,NA,NA,NA,NA,NA,0.43,0.049,2.797,7,7,7,7,7,0,0,0
FCR,100,2026-02-24 13:00:00,NA,NA,NA,NA,NA,0.431,0.049,2.98,7,7,7,7,7,0,0,0
FCR,100,2026-02-24 13:15:00,NA,NA,NA,NA,NA,0.431,0.049,3.017,7,7,7,7,7,0,0,0
FCR,100,2026-02-24 13:30:00,NA,NA,NA,NA,NA,0.43,0.049,3.039,7,7,7,7,7,0,0,0
FCR,100,2026-02-24 13:45:00,NA,NA,NA,NA,NA,0.43,0.049,3.052,7,7,7,7,7,0,0,0
FCR,100,2026-02-24 14:00:00,NA,NA,NA,NA,NA,0.43,0.049,3.071,7,7,7,7,7,0,0,0
FCR,100,2026-02-24 14:15:00,NA,NA,NA,NA,NA,0.43,0.049,3.044,7,7,7,7,7,0,0,0
FCR,100,2026-02-24 14:30:00,NA,NA,NA,NA,NA,0.43,0.049,3.005,7,7,7,7,7,0,0,0
FCR,100,2026-02-24 14:45:00,NA,NA,NA,NA,NA,0.429,0.048,2.947,7,7,7,7,7,0,0,0
FCR,100,2026-02-24 15:00:00,NA,NA,NA,NA,NA,0.428,0.048,2.914,7,7,7,7,7,0,0,0
FCR,100,2026-02-24 15:15:00,NA,NA,NA,NA,NA,0.429,0.048,2.859,7,7,7,7,7,0,0,0
FCR,100,2026-02-24 15:30:00,NA,NA,NA,NA,NA,0.428,0.048,2.825,7,7,7,7,7,0,0,0
FCR,100,2026-02-24 15:45:00,NA,NA,NA,NA,NA,0.429,0.048,2.783,7,7,7,7,7,0,0,0
FCR,100,2026-02-24 16:00:00,NA,NA,NA,NA,NA,0.428,0.048,2.869,7,7,7,7,7,0,0,0
FCR,100,2026-02-24 16:15:00,NA,NA,NA,NA,NA,0.43,0.049,2.938,7,7,7,7,7,0,0,0
FCR,100,2026-02-24 16:30:00,NA,NA,NA,NA,NA,0.429,0.048,2.955,7,7,7,7,7,0,0,0
FCR,100,2026-02-24 16:45:00,NA,NA,NA,NA,NA,0.428,0.048,2.946,7,7,7,7,7,0,0,0
FCR,100,2026-02-24 17:00:00,NA,NA,NA,NA,NA,0.43,0.049,2.889,7,7,7,7,7,0,0,0
FCR,100,2026-02-24 17:15:00,NA,NA,NA,NA,NA,0.429,0.048,2.831,7,7,7,7,7,0,0,0
FCR,100,2026-02-24 17:30:00,NA,NA,NA,NA,NA,0.428,0.048,2.765,7,7,7,7,7,0,0,0
FCR,100,2026-02-24 17:45:00,NA,NA,NA,NA,NA,0.428,0.048,2.683,7,7,7,7,7,0,0,0
FCR,100,2026-02-24 18:00:00,NA,NA,NA,NA,NA,0.428,0.048,2.586,7,7,7,7,7,0,0,0
FCR,100,2026-02-24 18:15:00,NA,NA,NA,NA,NA,0.427,0.047,2.5,7,7,7,7,7,0,0,0
FCR,100,2026-02-24 18:30:00,NA,NA,NA,NA,NA,0.425,0.047,2.436,7,7,7,7,7,0,0,0
FCR,100,2026-02-24 18:45:00,NA,NA,NA,NA,NA,0.427,0.047,2.376,7,7,7,7,7,0,0,0
FCR,100,2026-02-24 19:00:00,NA,NA,NA,NA,NA,0.425,0.047,2.321,7,7,7,7,7,0,0,0
FCR,100,2026-02-24 19:15:00,NA,NA,NA,NA,NA,0.425,0.047,2.267,7,7,7,7,7,0,0,0
FCR,100,2026-02-24 19:30:00,NA,NA,NA,NA,NA,0.426,0.047,2.224,7,7,7,7,7,0,0,0
FCR,100,2026-02-24 19:45:00,NA,NA,NA,NA,NA,0.425,0.047,2.187,7,7,7,7,7,0,0,0
FCR,100,2026-02-24 20:00:00,NA,NA,NA,NA,NA,0.425,0.047,2.154,7,7,7,7,7,0,0,0
FCR,100,2026-02-24 20:15:00,NA,NA,NA,NA,NA,0.424,0.046,2.127,7,7,7,7,7,0,0,0
FCR,100,2026-02-24 20:30:00,NA,NA,NA,NA,NA,0.424,0.046,2.093,7,7,7,7,7,0,0,0
FCR,100,2026-02-24 20:45:00,NA,NA,NA,NA,NA,0.426,0.047,2.053,7,7,7,7,7,0,0,0
FCR,100,2026-02-24 21:00:00,NA,NA,NA,NA,NA,0.424,0.046,2.017,7,7,7,7,7,0,0,0
FCR,100,2026-02-24 21:15:00,NA,NA,NA,NA,NA,0.425,0.047,1.983,7,7,7,7,7,0,0,0
FCR,100,2026-02-24 21:30:00,NA,NA,NA,NA,NA,0.424,0.046,1.959,7,7,7,7,7,0,0,0
FCR,100,2026-02-24 21:45:00,NA,NA,NA,NA,NA,0.424,0.046,1.944,7,7,7,7,7,0,0,0
FCR,100,2026-02-24 22:00:00,NA,NA,NA,NA,NA,0.424,0.046,1.934,7,7,7,7,7,0,0,0
FCR,100,2026-02-24 22:15:00,NA,NA,NA,NA,NA,0.424,0.046,1.93,7,7,7,7,7,0,0,0
FCR,100,2026-02-24 22:30:00,NA,NA,NA,NA,NA,0.424,0.046,1.936,7,7,7,7,7,0,0,0
FCR,100,2026-02-24 22:45:00,NA,NA,NA,NA,NA,0.423,0.046,1.944,7,7,7,7,7,0,0,0
FCR,100,2026-02-24 23:00:00,NA,NA,NA,NA,NA,0.421,0.045,1.947,7,7,7,7,7,0,0,0
FCR,100,2026-02-24 23:15:00,NA,NA,NA,NA,NA,0.422,0.045,1.946,7,7,7,7,7,0,0,0
FCR,100,2026-02-24 23:30:00,NA,NA,NA,NA,NA,0.422,0.045,1.942,7,7,7,7,7,0,0,0
FCR,100,2026-02-24 23:45:00,NA,NA,NA,NA,NA,0.423,0.046,1.934,7,7,7,7,7,0,0,0
FCR,100,2026-02-25 00:00:00,NA,NA,NA,NA,NA,0.424,0.046,1.921,7,7,7,7,7,0,0,0
FCR,100,2026-02-25 00:15:00,NA,NA,NA,NA,NA,0.422,0.045,1.911,7,7,7,7,7,0,0,0
FCR,100,2026-02-25 00:30:00,NA,NA,NA,NA,NA,0.423,0.046,1.896,7,7,7,7,7,0,0,0
FCR,100,2026-02-25 00:45:00,NA,NA,NA,NA,NA,0.423,0.046,1.881,7,7,7,7,7,0,0,0
FCR,100,2026-02-25 01:00:00,NA,NA,NA,NA,NA,0.422,0.045,1.877,7,7,7,7,7,0,0,0
FCR,100,2026-02-25 01:15:00,NA,NA,NA,NA,NA,0.422,0.045,1.88,7,7,7,7,7,0,0,0
FCR,100,2026-02-25 01:30:00,NA,NA,NA,NA,NA,0.421,0.045,1.889,7,7,7,7,7,0,0,0
FCR,100,2026-02-25 01:45:00,NA,NA,NA,NA,NA,0.422,0.045,1.896,7,7,7,7,7,0,0,0
FCR,100,2026-02-25 02:00:00,NA,NA,NA,NA,NA,0.422,0.045,1.899,7,7,7,7,7,0,0,0
FCR,100,2026-02-25 02:15:00,NA,NA,NA,NA,NA,0.422,0.045,1.908,7,7,7,7,7,0,0,0
FCR,100,2026-02-25 02:30:00,NA,NA,NA,NA,NA,0.421,0.045,1.915,7,7,7,7,7,0,0,0
FCR,100,2026-02-25 02:45:00,NA,NA,NA,NA,NA,0.419,0.044,1.917,7,7,7,7,7,0,0,0
FCR,100,2026-02-25 03:00:00,NA,NA,NA,NA,NA,0.42,0.045,1.915,7,7,7,7,7,0,0,0
FCR,100,2026-02-25 03:15:00,NA,NA,NA,NA,NA,0.421,0.045,1.917,7,7,7,7,7,0,0,0
FCR,100,2026-02-25 03:30:00,NA,NA,NA,NA,NA,0.42,0.045,1.918,7,7,7,7,7,0,0,0
FCR,100,2026-02-25 03:45:00,NA,NA,NA,NA,NA,0.421,0.045,1.912,7,7,7,7,7,0,0,0
FCR,100,2026-02-25 04:00:00,NA,NA,NA,NA,NA,0.42,0.045,1.916,7,7,7,7,7,0,0,0
FCR,100,2026-02-25 04:15:00,NA,NA,NA,NA,NA,0.421,0.045,1.925,7,7,7,7,7,0,0,0
FCR,100,2026-02-25 04:30:00,NA,NA,NA,NA,NA,0.42,0.045,1.918,7,7,7,7,7,0,0,0
FCR,100,2026-02-25 04:45:00,NA,NA,NA,NA,NA,0.419,0.044,1.895,7,7,7,7,7,0,0,0
FCR,100,2026-02-25 05:00:00,NA,NA,NA,NA,NA,0.42,0.045,1.884,7,7,7,7,7,0,0,0
FCR,100,2026-02-25 05:15:00,NA,NA,NA,NA,NA,0.418,0.044,1.873,7,7,7,7,7,0,0,0
FCR,100,2026-02-25 05:30:00,NA,NA,NA,NA,NA,0.419,0.044,1.867,7,7,7,7,7,0,0,0
FCR,100,2026-02-25 05:45:00,NA,NA,NA,NA,NA,0.419,0.044,1.864,7,7,7,7,7,0,0,0
FCR,100,2026-02-25 06:00:00,NA,NA,NA,NA,NA,0.418,0.044,1.879,7,7,7,7,7,0,0,0
FCR,100,2026-02-25 06:15:00,NA,NA,NA,NA,NA,0.418,0.044,1.896,7,7,7,7,7,0,0,0
FCR,100,2026-02-25 06:30:00,NA,NA,NA,NA,NA,0.418,0.044,1.91,7,7,7,7,7,0,0,0
FCR,100,2026-02-25 06:45:00,NA,NA,NA,NA,NA,0.418,0.044,1.925,7,7,7,7,7,0,0,0
FCR,100,2026-02-25 07:00:00,NA,NA,NA,NA,NA,0.418,0.044,1.948,7,7,7,7,7,0,0,0
FCR,100,2026-02-25 07:15:00,NA,NA,NA,NA,NA,0.418,0.044,1.979,7,7,7,7,7,0,0,0
FCR,100,2026-02-25 07:30:00,NA,NA,NA,NA,NA,0.419,0.044,2.022,7,7,7,7,7,0,0,0
FCR,100,2026-02-25 07:45:00,NA,NA,NA,NA,NA,0.419,0.044,2.069,7,7,7,7,7,0,0,0
FCR,100,2026-02-25 08:00:00,NA,NA,NA,NA,NA,0.42,0.045,2.14,7,7,7,7,7,0,0,0
FCR,100,2026-02-25 08:15:00,NA,NA,NA,NA,NA,0.42,0.045,2.221,7,7,7,7,7,0,0,0
FCR,100,2026-02-25 08:30:00,NA,NA,NA,NA,NA,0.419,0.044,2.328,7,7,7,7,7,0,0,0
FCR,100,2026-02-25 08:45:00,NA,NA,NA,NA,NA,0.418,0.044,2.432,7,7,7,7,7,0,0,0
FCR,100,2026-02-25 09:00:00,NA,NA,NA,NA,NA,0.42,0.045,2.547,7,7,7,7,7,0,0,0
FCR,100,2026-02-25 09:15:00,NA,NA,NA,NA,NA,0.419,0.044,2.626,7,7,7,7,7,0,0,0
FCR,100,2026-02-25 09:30:00,NA,NA,NA,NA,NA,0.42,0.045,2.696,7,7,7,7,7,0,0,0
FCR,100,2026-02-25 09:45:00,NA,NA,NA,NA,NA,0.42,0.045,2.803,7,7,7,7,7,0,0,0
FCR,100,2026-02-25 10:00:00,NA,NA,NA,NA,NA,0.419,0.044,2.902,7,7,7,7,7,0,0,0
FCR,100,2026-02-25 10:15:00,NA,NA,NA,NA,NA,0.419,0.044,3.043,7,7,7,7,7,0,0,0
FCR,100,2026-02-25 10:30:00,NA,NA,NA,NA,NA,0.421,0.045,3.265,7,7,7,7,7,0,0,0
FCR,100,2026-02-25 10:45:00,NA,NA,NA,NA,NA,0.42,0.045,3.468,7,7,7,7,7,0,0,0
FCR,100,2026-02-25 11:00:00,NA,NA,NA,NA,NA,0.42,0.045,3.628,7,7,7,7,7,0,0,0
FCR,100,2026-02-25 11:15:00,NA,NA,NA,NA,NA,0.42,0.045,3.799,7,7,7,7,7,0,0,0
FCR,100,2026-02-25 11:30:00,NA,NA,NA,NA,NA,0.421,0.045,4.052,7,7,7,7,7,0,0,0
FCR,100,2026-02-25 11:45:00,NA,NA,NA,NA,NA,0.422,0.045,4.137,7,7,7,7,7,0,0,0
FCR,100,2026-02-25 12:00:00,NA,NA,NA,NA,NA,0.423,0.046,4.151,7,7,7,7,7,0,0,0
FCR,100,2026-02-25 12:15:00,NA,NA,NA,NA,NA,0.421,0.045,4.229,7,7,7,7,7,0,0,0
FCR,100,2026-02-25 12:30:00,NA,NA,NA,NA,NA,0.422,0.045,4.395,7,7,7,7,7,0,0,0
FCR,100,2026-02-25 12:45:00,NA,NA,NA,NA,NA,0.423,0.046,4.486,7,7,7,7,7,0,0,0
FCR,100,2026-02-25 13:00:00,NA,NA,NA,NA,NA,0.423,0.046,4.564,7,7,7,7,7,0,0,0
FCR,100,2026-02-25 13:15:00,NA,NA,NA,NA,NA,0.423,0.046,4.661,7,7,7,7,7,0,0,0
FCR,100,2026-02-25 13:30:00,NA,NA,NA,NA,NA,0.424,0.046,4.807,7,7,7,7,7,0,0,0
FCR,100,2026-02-25 13:45:00,NA,NA,NA,NA,NA,0.423,0.046,5.051,7,7,7,7,7,0,0,0
FCR,100,2026-02-25 14:00:00,NA,NA,NA,NA,NA,0.423,0.046,5.32,7,7,7,7,7,0,0,0
FCR,100,2026-02-25 14:15:00,NA,NA,NA,NA,NA,0.424,0.046,5.543,7,7,7,7,7,0,0,0
FCR,100,2026-02-25 14:30:00,NA,NA,NA,NA,NA,0.425,0.047,5.699,7,7,7,7,7,0,0,0
FCR,100,2026-02-25 14:45:00,NA,NA,NA,NA,NA,0.425,0.047,5.835,7,7,7,7,7,0,0,0
FCR,100,2026-02-25 15:00:00,NA,NA,NA,NA,NA,0.424,0.046,6.027,7,7,7,7,7,0,0,0
FCR,100,2026-02-25 15:15:00,NA,NA,NA,NA,NA,0.424,0.046,6.105,7,7,7,7,7,0,0,0
FCR,100,2026-02-25 15:30:00,NA,NA,NA,NA,NA,0.423,0.046,6.115,7,7,7,7,7,0,0,0
FCR,100,2026-02-25 15:45:00,NA,NA,NA,NA,NA,0.424,0.046,6.088,7,7,7,7,7,0,0,0
FCR,100,2026-02-25 16:00:00,NA,NA,NA,NA,NA,0.423,0.046,5.987,7,7,7,7,7,0,0,0
FCR,100,2026-02-25 16:15:00,NA,NA,NA,NA,NA,0.424,0.046,5.957,7,7,7,7,7,0,0,0
FCR,100,2026-02-25 16:30:00,NA,NA,NA,NA,NA,0.425,0.047,5.901,7,7,7,7,7,0,0,0
FCR,100,2026-02-25 16:45:00,NA,NA,NA,NA,NA,0.425,0.047,5.84,7,7,7,7,7,0,0,0
FCR,100,2026-02-25 17:00:00,NA,NA,NA,NA,NA,0.423,0.046,5.74,7,7,7,7,7,0,0,0
FCR,100,2026-02-25 17:15:00,NA,NA,NA,NA,NA,0.422,0.045,5.628,7,7,7,7,7,0,0,0
FCR,100,2026-02-25 17:30:00,NA,NA,NA,NA,NA,0.421,0.045,5.513,7,7,7,7,7,0,0,0
FCR,100,2026-02-25 17:45:00,NA,NA,NA,NA,NA,0.423,0.046,5.418,7,7,7,7,7,0,0,0
FCR,100,2026-02-25 18:00:00,NA,NA,NA,NA,NA,0.421,0.045,5.356,7,7,7,7,7,0,0,0
FCR,100,2026-02-25 18:15:00,NA,NA,NA,NA,NA,0.421,0.045,5.299,7,7,7,7,7,0,0,0
FCR,100,2026-02-25 18:30:00,NA,NA,NA,NA,NA,0.421,0.045,5.245,7,7,7,7,7,0,0,0
FCR,100,2026-02-25 18:45:00,NA,NA,NA,NA,NA,0.421,0.045,5.188,7,7,7,7,7,0,0,0
FCR,100,2026-02-25 19:00:00,NA,NA,NA,NA,NA,0.42,0.045,5.119,7,7,7,7,7,0,0,0
FCR,100,2026-02-25 19:15:00,NA,NA,NA,NA,NA,0.421,0.045,5.05,7,7,7,7,7,0,0,0
FCR,100,2026-02-25 19:30:00,NA,NA,NA,NA,NA,0.42,0.045,4.997,7,7,7,7,7,0,0,0
FCR,100,2026-02-25 19:45:00,NA,NA,NA,NA,NA,0.42,0.045,4.945,7,7,7,7,7,0,0,0
FCR,100,2026-02-25 20:00:00,NA,NA,NA,NA,NA,0.419,0.044,4.901,7,7,7,7,7,0,0,0
FCR,100,2026-02-25 20:15:00,NA,NA,NA,NA,NA,0.42,0.045,4.849,7,7,7,7,7,0,0,0
FCR,100,2026-02-25 20:30:00,NA,NA,NA,NA,NA,0.419,0.044,4.785,7,7,7,7,7,0,0,0
FCR,100,2026-02-25 20:45:00,NA,NA,NA,NA,NA,0.419,0.044,4.711,7,7,7,7,7,0,0,0
FCR,100,2026-02-25 21:00:00,NA,NA,NA,NA,NA,0.419,0.044,4.639,7,7,7,7,7,0,0,0
FCR,100,2026-02-25 21:15:00,NA,NA,NA,NA,NA,0.418,0.044,4.572,7,7,7,7,7,0,0,0
FCR,100,2026-02-25 21:30:00,NA,NA,NA,NA,NA,0.418,0.044,4.505,7,7,7,7,7,0,0,0
FCR,100,2026-02-25 21:45:00,NA,NA,NA,NA,NA,0.419,0.044,4.451,7,7,7,7,7,0,0,0
FCR,100,2026-02-25 22:00:00,NA,NA,NA,NA,NA,0.418,0.044,4.415,7,7,7,7,7,0,0,0
FCR,100,2026-02-25 22:15:00,NA,NA,NA,NA,NA,0.417,0.043,4.406,7,7,7,7,7,0,0,0
FCR,100,2026-02-25 22:30:00,NA,NA,NA,NA,NA,0.418,0.044,4.43,7,7,7,7,7,0,0,0
FCR,100,2026-02-25 22:45:00,NA,NA,NA,NA,NA,0.419,0.044,4.46,7,7,7,7,7,0,0,0
FCR,100,2026-02-25 23:00:00,NA,NA,NA,NA,NA,0.418,0.044,4.488,7,7,7,7,7,0,0,0
FCR,100,2026-02-25 23:15:00,NA,NA,NA,NA,NA,0.417,0.043,4.502,7,7,7,7,7,0,0,0
FCR,100,2026-02-25 23:30:00,NA,NA,NA,NA,NA,0.418,0.044,4.51,7,7,7,7,7,0,0,0
FCR,100,2026-02-25 23:45:00,NA,NA,NA,NA,NA,0.418,0.044,4.511,7,7,7,7,7,0,0,0
FCR,100,2026-02-26 00:00:00,NA,NA,NA,NA,NA,0.418,0.044,4.519,7,7,7,7,7,0,0,0
FCR,100,2026-02-26 00:15:00,NA,NA,NA,NA,NA,0.416,0.043,4.512,7,7,7,7,7,0,0,0
FCR,100,2026-02-26 00:30:00,NA,NA,NA,NA,NA,0.417,0.043,4.496,7,7,7,7,7,0,0,0
FCR,100,2026-02-26 00:45:00,NA,NA,NA,NA,NA,0.416,0.043,4.5,7,7,7,7,7,0,0,0
FCR,100,2026-02-26 01:00:00,NA,NA,NA,NA,NA,0.416,0.043,4.506,7,7,7,7,7,0,0,0
FCR,100,2026-02-26 01:15:00,NA,NA,NA,NA,NA,0.417,0.043,4.515,7,7,7,7,7,0,0,0
FCR,100,2026-02-26 01:30:00,NA,NA,NA,NA,NA,0.417,0.043,4.502,7,7,7,7,7,0,0,0
FCR,100,2026-02-26 01:45:00,NA,NA,NA,NA,NA,0.416,0.043,4.481,7,7,7,7,7,0,0,0
FCR,100,2026-02-26 02:00:00,NA,NA,NA,NA,NA,0.417,0.043,4.475,7,7,7,7,7,0,0,0
FCR,100,2026-02-26 02:15:00,NA,NA,NA,NA,NA,0.416,0.043,4.471,7,7,7,7,7,0,0,0
FCR,100,2026-02-26 02:30:00,NA,NA,NA,NA,NA,0.415,0.043,4.464,7,7,7,7,7,0,0,0
FCR,100,2026-02-26 02:45:00,NA,NA,NA,NA,NA,0.415,0.043,4.463,7,7,7,7,7,0,0,0
FCR,100,2026-02-26 03:00:00,NA,NA,NA,NA,NA,0.416,0.043,4.453,7,7,7,7,7,0,0,0
FCR,100,2026-02-26 03:15:00,NA,NA,NA,NA,NA,0.416,0.043,4.448,7,7,7,7,7,0,0,0
FCR,100,2026-02-26 03:30:00,NA,NA,NA,NA,NA,0.416,0.043,4.446,7,7,7,7,7,0,0,0
FCR,100,2026-02-26 03:45:00,NA,NA,NA,NA,NA,0.416,0.043,4.438,7,7,7,7,7,0,0,0
FCR,100,2026-02-26 04:00:00,NA,NA,NA,NA,NA,0.415,0.043,4.42,7,7,7,7,7,0,0,0
FCR,100,2026-02-26 04:15:00,NA,NA,NA,NA,NA,0.416,0.043,4.408,7,7,7,7,7,0,0,0
FCR,100,2026-02-26 04:30:00,NA,NA,NA,NA,NA,0.415,0.043,4.405,7,7,7,7,7,0,0,0
FCR,100,2026-02-26 04:45:00,NA,NA,NA,NA,NA,0.413,0.042,4.411,7,7,7,7,7,0,0,0
FCR,100,2026-02-26 05:00:00,NA,NA,NA,NA,NA,0.413,0.042,4.415,7,7,7,7,7,0,0,0
FCR,100,2026-02-26 05:15:00,NA,NA,NA,NA,NA,0.415,0.043,4.427,7,7,7,7,7,0,0,0
FCR,100,2026-02-26 05:30:00,NA,NA,NA,NA,NA,0.415,0.043,4.44,7,7,7,7,7,0,0,0
FCR,100,2026-02-26 05:45:00,NA,NA,NA,NA,NA,0.415,0.043,4.444,7,7,7,7,7,0,0,0
FCR,100,2026-02-26 06:00:00,NA,NA,NA,NA,NA,0.414,0.042,4.449,7,7,7,7,7,0,0,0
FCR,100,2026-02-26 06:15:00,NA,NA,NA,NA,NA,0.417,0.043,4.454,7,7,7,7,7,0,0,0
FCR,100,2026-02-26 06:30:00,NA,NA,NA,NA,NA,0.418,0.044,4.453,7,7,7,7,7,0,0,0
FCR,100,2026-02-26 06:45:00,NA,NA,NA,NA,NA,0.418,0.044,4.455,7,7,7,7,7,0,0,0
FCR,100,2026-02-26 07:00:00,NA,NA,NA,NA,NA,0.418,0.044,4.457,7,7,7,7,7,0,0,0
FCR,100,2026-02-26 07:15:00,NA,NA,NA,NA,NA,0.419,0.044,4.466,7,7,7,7,7,0,0,0
FCR,100,2026-02-26 07:30:00,NA,NA,NA,NA,NA,0.419,0.044,4.474,7,7,7,7,7,0,0,0
FCR,100,2026-02-26 07:45:00,NA,NA,NA,NA,NA,0.42,0.045,4.483,7,7,7,7,7,0,0,0
FCR,100,2026-02-26 08:00:00,NA,NA,NA,NA,NA,0.419,0.044,4.506,7,7,7,7,7,0,0,0
FCR,100,2026-02-26 08:15:00,NA,NA,NA,NA,NA,0.418,0.044,4.524,7,7,7,7,7,0,0,0
FCR,100,2026-02-26 08:30:00,NA,NA,NA,NA,NA,0.419,0.044,4.548,7,7,7,7,7,0,0,0
FCR,100,2026-02-26 08:45:00,NA,NA,NA,NA,NA,0.419,0.044,4.591,7,7,7,7,7,0,0,0
FCR,100,2026-02-26 09:00:00,NA,NA,NA,NA,NA,0.419,0.044,4.6,7,7,7,7,7,0,0,0
FCR,100,2026-02-26 09:15:00,NA,NA,NA,NA,NA,0.42,0.045,4.641,7,7,7,7,7,0,0,0
FCR,100,2026-02-26 09:30:00,NA,NA,NA,NA,NA,0.42,0.045,4.669,7,7,7,7,7,0,0,0
FCR,100,2026-02-26 09:45:00,NA,NA,NA,NA,NA,0.42,0.045,4.704,7,7,7,7,7,0,0,0
FCR,100,2026-02-26 10:00:00,NA,NA,NA,NA,NA,0.419,0.044,4.789,7,7,7,7,7,0,0,0
FCR,100,2026-02-26 10:15:00,NA,NA,NA,NA,NA,0.419,0.044,4.924,7,7,7,7,7,0,0,0
FCR,100,2026-02-26 10:30:00,NA,NA,NA,NA,NA,0.419,0.044,5.043,7,7,7,7,7,0,0,0
FCR,100,2026-02-26 10:45:00,NA,NA,NA,NA,NA,0.419,0.044,5.148,7,7,7,7,7,0,0,0
FCR,100,2026-02-26 11:00:00,NA,NA,NA,NA,NA,0.419,0.044,5.252,7,7,7,7,7,0,0,0
FCR,100,2026-02-26 11:15:00,NA,NA,NA,NA,NA,0.42,0.045,5.318,7,7,7,7,7,0,0,0
FCR,100,2026-02-26 11:30:00,NA,NA,NA,NA,NA,0.419,0.044,5.348,7,7,7,7,7,0,0,0
FCR,100,2026-02-26 11:45:00,NA,NA,NA,NA,NA,0.42,0.045,5.395,7,7,7,7,7,0,0,0
FCR,100,2026-02-26 12:00:00,NA,NA,NA,NA,NA,0.419,0.044,5.385,7,7,7,7,7,0,0,0
FCR,100,2026-02-26 12:15:00,NA,NA,NA,NA,NA,0.42,0.045,5.365,7,7,7,7,7,0,0,0
FCR,100,2026-02-26 12:30:00,NA,NA,NA,NA,NA,0.422,0.045,5.406,7,7,7,7,7,0,0,0
FCR,100,2026-02-26 12:45:00,NA,NA,NA,NA,NA,0.421,0.045,5.597,7,7,7,7,7,0,0,0
FCR,100,2026-02-26 13:00:00,NA,NA,NA,NA,NA,0.423,0.046,5.858,7,7,7,7,7,0,0,0
FCR,100,2026-02-26 13:15:00,NA,NA,NA,NA,NA,0.422,0.045,6.148,7,7,7,7,7,0,0,0
FCR,100,2026-02-26 13:30:00,NA,NA,NA,NA,NA,0.422,0.045,6.186,7,7,7,7,7,0,0,0
FCR,100,2026-02-26 13:45:00,NA,NA,NA,NA,NA,0.422,0.045,6.156,7,7,7,7,7,0,0,0
FCR,100,2026-02-26 14:00:00,NA,NA,NA,NA,NA,0.422,0.045,6.116,7,7,7,7,7,0,0,0
FCR,100,2026-02-26 14:15:00,NA,NA,NA,NA,NA,0.421,0.045,6.114,7,7,7,7,7,0,0,0
FCR,100,2026-02-26 14:30:00,NA,NA,NA,NA,NA,0.42,0.045,6.082,7,7,7,7,7,0,0,0
FCR,100,2026-02-26 14:45:00,NA,NA,NA,NA,NA,0.421,0.045,6.021,7,7,7,7,7,0,0,0
FCR,100,2026-02-26 15:00:00,NA,NA,NA,NA,NA,0.419,0.044,5.941,7,7,7,7,7,0,0,0
FCR,100,2026-02-26 15:15:00,NA,NA,NA,NA,NA,0.42,0.045,5.884,7,7,7,7,7,0,0,0
FCR,100,2026-02-26 15:30:00,NA,NA,NA,NA,NA,0.419,0.044,5.833,7,7,7,7,7,0,0,0
FCR,100,2026-02-26 15:45:00,NA,NA,NA,NA,NA,0.42,0.045,5.809,7,7,7,7,7,0,0,0
FCR,100,2026-02-26 16:00:00,NA,NA,NA,NA,NA,0.421,0.045,5.798,7,7,7,7,7,0,0,0
FCR,100,2026-02-26 16:15:00,NA,NA,NA,NA,NA,0.42,0.045,5.771,7,7,7,7,7,0,0,0
FCR,100,2026-02-26 16:30:00,NA,NA,NA,NA,NA,0.418,0.044,5.751,7,7,7,7,7,0,0,0
FCR,100,2026-02-26 16:45:00,NA,NA,NA,NA,NA,0.42,0.045,5.719,7,7,7,7,7,0,0,0
FCR,100,2026-02-26 17:00:00,NA,NA,NA,NA,NA,0.419,0.044,5.695,7,7,7,7,7,0,0,0
FCR,100,2026-02-26 17:15:00,NA,NA,NA,NA,NA,0.419,0.044,5.671,7,7,7,7,7,0,0,0
FCR,100,2026-02-26 17:30:00,NA,NA,NA,NA,NA,0.419,0.044,5.652,7,7,7,7,7,0,0,0
FCR,100,2026-02-26 17:45:00,NA,NA,NA,NA,NA,0.419,0.044,5.63,7,7,7,7,7,0,0,0
FCR,100,2026-02-26 18:00:00,NA,NA,NA,NA,NA,0.418,0.044,5.603,7,7,7,7,7,0,0,0
FCR,100,2026-02-26 18:15:00,NA,NA,NA,NA,NA,0.419,0.044,5.582,7,7,7,7,7,0,0,0
FCR,100,2026-02-26 18:30:00,NA,NA,NA,NA,NA,0.419,0.044,5.568,7,7,7,7,7,0,0,0
FCR,100,2026-02-26 18:45:00,NA,NA,NA,NA,NA,0.418,0.044,5.554,7,7,7,7,7,0,0,0
FCR,100,2026-02-26 19:00:00,NA,NA,NA,NA,NA,0.418,0.044,5.541,7,7,7,7,7,0,0,0
FCR,100,2026-02-26 19:15:00,NA,NA,NA,NA,NA,0.418,0.044,5.535,7,7,7,7,7,0,0,0
FCR,100,2026-02-26 19:30:00,NA,NA,NA,NA,NA,0.418,0.044,5.529,7,7,7,7,7,0,0,0
FCR,100,2026-02-26 19:45:00,NA,NA,NA,NA,NA,0.418,0.044,5.511,7,7,7,7,7,0,0,0
FCR,100,2026-02-26 20:00:00,NA,NA,NA,NA,NA,0.418,0.044,5.482,7,7,7,7,7,0,0,0
FCR,100,2026-02-26 20:15:00,NA,NA,NA,NA,NA,0.416,0.043,5.462,7,7,7,7,7,0,0,0
FCR,100,2026-02-26 20:30:00,NA,NA,NA,NA,NA,0.417,0.043,5.417,7,7,7,7,7,0,0,0
FCR,100,2026-02-26 20:45:00,NA,NA,NA,NA,NA,0.417,0.043,5.338,7,7,7,7,7,0,0,0
FCR,100,2026-02-26 21:00:00,NA,NA,NA,NA,NA,0.416,0.043,5.251,7,7,7,7,7,0,0,0
FCR,100,2026-02-26 21:15:00,NA,NA,NA,NA,NA,0.416,0.043,5.164,7,7,7,7,7,0,0,0
FCR,100,2026-02-26 21:30:00,NA,NA,NA,NA,NA,0.416,0.043,5.08,7,7,7,7,7,0,0,0
FCR,100,2026-02-26 21:45:00,NA,NA,NA,NA,NA,0.415,0.043,5.001,7,7,7,7,7,0,0,0
FCR,100,2026-02-26 22:00:00,NA,NA,NA,NA,NA,0.415,0.043,4.925,7,7,7,7,7,0,0,0
FCR,100,2026-02-26 22:15:00,NA,NA,NA,NA,NA,0.415,0.043,4.854,7,7,7,7,7,0,0,0
FCR,100,2026-02-26 22:30:00,NA,NA,NA,NA,NA,0.415,0.043,4.786,7,7,7,7,7,0,0,0
FCR,100,2026-02-26 22:45:00,NA,NA,NA,NA,NA,0.415,0.043,4.719,7,7,7,7,7,0,0,0
FCR,100,2026-02-26 23:00:00,NA,NA,NA,NA,NA,0.414,0.042,4.657,7,7,7,7,7,0,0,0
FCR,100,2026-02-26 23:15:00,NA,NA,NA,NA,NA,0.414,0.042,4.609,7,7,7,7,7,0,0,0
FCR,100,2026-02-26 23:30:00,NA,NA,NA,NA,NA,0.414,0.042,4.559,7,7,7,7,7,0,0,0
FCR,100,2026-02-26 23:45:00,NA,NA,NA,NA,NA,0.413,0.042,4.522,7,7,7,7,7,0,0,0
FCR,100,2026-02-27 00:00:00,NA,NA,NA,NA,NA,0.415,0.043,4.529,7,7,7,7,7,0,0,0
FCR,100,2026-02-27 00:15:00,NA,NA,NA,NA,NA,0.414,0.042,4.526,7,7,7,7,7,0,0,0
FCR,100,2026-02-27 00:30:00,NA,NA,NA,NA,NA,0.414,0.042,4.488,7,7,7,7,7,0,0,0
FCR,100,2026-02-27 00:45:00,NA,NA,NA,NA,NA,0.413,0.042,4.467,7,7,7,7,7,0,0,0
FCR,100,2026-02-27 01:00:00,NA,NA,NA,NA,NA,0.414,0.042,4.474,7,7,7,7,7,0,0,0
FCR,100,2026-02-27 01:15:00,NA,NA,NA,NA,NA,0.413,0.042,4.438,7,7,7,7,7,0,0,0
FCR,100,2026-02-27 01:30:00,NA,NA,NA,NA,NA,0.413,0.042,4.394,7,7,7,7,7,0,0,0
FCR,100,2026-02-27 01:45:00,NA,NA,NA,NA,NA,0.413,0.042,4.358,7,7,7,7,7,0,0,0
FCR,100,2026-02-27 02:00:00,NA,NA,NA,NA,NA,0.413,0.042,4.36,7,7,7,7,7,0,0,0
FCR,100,2026-02-27 02:15:00,NA,NA,NA,NA,NA,0.412,0.042,4.365,7,7,7,7,7,0,0,0
FCR,100,2026-02-27 02:30:00,NA,NA,NA,NA,NA,0.413,0.042,4.364,7,7,7,7,7,0,0,0
FCR,100,2026-02-27 02:45:00,NA,NA,NA,NA,NA,0.413,0.042,4.324,7,7,7,7,7,0,0,0
FCR,100,2026-02-27 03:00:00,NA,NA,NA,NA,NA,0.413,0.042,4.282,7,7,7,7,7,0,0,0
FCR,100,2026-02-27 03:15:00,NA,NA,NA,NA,NA,0.412,0.042,4.265,7,7,7,7,7,0,0,0
FCR,100,2026-02-27 03:30:00,NA,NA,NA,NA,NA,0.412,0.042,4.258,7,7,7,7,7,0,0,0
FCR,100,2026-02-27 03:45:00,NA,NA,NA,NA,NA,0.412,0.042,4.249,7,7,7,7,7,0,0,0
FCR,100,2026-02-27 04:00:00,NA,NA,NA,NA,NA,0.412,0.042,4.241,7,7,7,7,7,0,0,0
FCR,100,2026-02-27 04:15:00,NA,NA,NA,NA,NA,0.412,0.042,4.237,7,7,7,7,7,0,0,0
FCR,100,2026-02-27 04:30:00,NA,NA,NA,NA,NA,0.412,0.042,4.239,7,7,7,7,7,0,0,0
FCR,100,2026-02-27 04:45:00,NA,NA,NA,NA,NA,0.412,0.042,4.248,7,7,7,7,7,0,0,0
FCR,100,2026-02-27 05:00:00,NA,NA,NA,NA,NA,0.412,0.042,4.257,7,7,7,7,7,0,0,0
FCR,100,2026-02-27 05:15:00,NA,NA,NA,NA,NA,0.412,0.042,4.266,7,7,7,7,7,0,0,0
FCR,100,2026-02-27 05:30:00,NA,NA,NA,NA,NA,0.412,0.042,4.271,7,7,7,7,7,0,0,0
FCR,100,2026-02-27 05:45:00,NA,NA,NA,NA,NA,0.412,0.042,4.276,7,7,7,7,7,0,0,0
FCR,100,2026-02-27 06:00:00,NA,NA,NA,NA,NA,0.411,0.041,4.251,7,7,7,7,7,0,0,0
FCR,100,2026-02-27 06:15:00,NA,NA,NA,NA,NA,0.411,0.041,4.229,7,7,7,7,7,0,0,0
FCR,100,2026-02-27 06:30:00,NA,NA,NA,NA,NA,0.412,0.042,4.215,7,7,7,7,7,0,0,0
FCR,100,2026-02-27 06:45:00,NA,NA,NA,NA,NA,0.411,0.041,4.208,7,7,7,7,7,0,0,0
FCR,100,2026-02-27 07:00:00,NA,NA,NA,NA,NA,0.41,0.041,4.196,7,7,7,7,7,0,0,0
FCR,100,2026-02-27 07:15:00,NA,NA,NA,NA,NA,0.41,0.041,4.185,7,7,7,7,7,0,0,0
FCR,100,2026-02-27 07:30:00,NA,NA,NA,NA,NA,0.41,0.041,4.181,7,7,7,7,7,0,0,0
FCR,100,2026-02-27 07:45:00,NA,NA,NA,NA,NA,0.41,0.041,4.188,7,7,7,7,7,0,0,0
FCR,100,2026-02-27 08:00:00,NA,NA,NA,NA,NA,0.411,0.041,4.207,7,7,7,7,7,0,0,0
FCR,100,2026-02-27 08:15:00,NA,NA,NA,NA,NA,0.411,0.041,4.238,7,7,7,7,7,0,0,0
FCR,100,2026-02-27 08:30:00,NA,NA,NA,NA,NA,0.41,0.041,4.275,7,7,7,7,7,0,0,0
FCR,100,2026-02-27 08:45:00,NA,NA,NA,NA,NA,0.411,0.041,4.313,7,7,7,7,7,0,0,0
FCR,100,2026-02-27 09:00:00,NA,NA,NA,NA,NA,0.41,0.041,4.353,7,7,7,7,7,0,0,0
FCR,100,2026-02-27 09:15:00,NA,NA,NA,NA,NA,0.411,0.041,4.418,7,7,7,7,7,0,0,0
FCR,100,2026-02-27 09:30:00,NA,NA,NA,NA,NA,0.41,0.041,4.485,7,7,7,7,7,0,0,0
FCR,100,2026-02-27 09:45:00,NA,NA,NA,NA,NA,0.409,0.04,4.632,7,7,7,7,7,0,0,0
FCR,100,2026-02-27 10:00:00,NA,NA,NA,NA,NA,0.412,0.042,4.897,7,7,7,7,7,0,0,0
FCR,100,2026-02-27 10:15:00,NA,NA,NA,NA,NA,0.41,0.041,5.097,7,7,7,7,7,0,0,0
FCR,100,2026-02-27 10:30:00,NA,NA,NA,NA,NA,0.411,0.041,5.162,7,7,7,7,7,0,0,0
FCR,100,2026-02-27 10:45:00,NA,NA,NA,NA,NA,0.411,0.041,5.332,7,7,7,7,7,0,0,0
FCR,100,2026-02-27 11:00:00,NA,NA,NA,NA,NA,0.411,0.041,5.495,7,7,7,7,7,0,0,0
FCR,100,2026-02-27 11:15:00,NA,NA,NA,NA,NA,0.412,0.042,5.52,7,7,7,7,7,0,0,0
FCR,100,2026-02-27 11:30:00,NA,NA,NA,NA,NA,0.412,0.042,5.6,7,7,7,7,7,0,0,0
FCR,100,2026-02-27 11:45:00,NA,NA,NA,NA,NA,0.412,0.042,5.647,7,7,7,7,7,0,0,0
FCR,100,2026-02-27 12:00:00,NA,NA,NA,NA,NA,0.412,0.042,5.775,7,7,7,7,7,0,0,0
FCR,100,2026-02-27 12:15:00,NA,NA,NA,NA,NA,0.412,0.042,5.903,7,7,7,7,7,0,0,0
FCR,100,2026-02-27 12:30:00,NA,NA,NA,NA,NA,0.413,0.042,6.099,7,7,7,7,7,0,0,0
FCR,100,2026-02-27 12:45:00,NA,NA,NA,NA,NA,0.414,0.042,6.427,7,7,7,7,7,0,0,0
FCR,100,2026-02-27 13:00:00,NA,NA,NA,NA,NA,0.413,0.042,6.559,7,7,7,7,7,0,0,0
FCR,100,2026-02-27 13:15:00,NA,NA,NA,NA,NA,0.412,0.042,6.743,7,7,7,7,7,0,0,0
FCR,100,2026-02-27 13:30:00,NA,NA,NA,NA,NA,0.413,0.042,7.16,7,7,7,7,7,0,0,0
FCR,100,2026-02-27 13:45:00,NA,NA,NA,NA,NA,0.415,0.043,7.498,7,7,7,7,7,0,0,0
FCR,100,2026-02-27 14:00:00,NA,NA,NA,NA,NA,0.415,0.043,7.583,7,7,7,7,7,0,0,0
FCR,100,2026-02-27 14:15:00,NA,NA,NA,NA,NA,0.414,0.042,7.562,7,7,7,7,7,0,0,0
FCR,100,2026-02-27 14:30:00,NA,NA,NA,NA,NA,0.414,0.042,7.608,7,7,7,7,7,0,0,0
FCR,100,2026-02-27 14:45:00,NA,NA,NA,NA,NA,0.414,0.042,7.762,7,7,7,7,7,0,0,0
FCR,100,2026-02-27 15:00:00,NA,NA,NA,NA,NA,0.415,0.043,7.885,7,7,7,7,7,0,0,0
FCR,100,2026-02-27 15:15:00,NA,NA,NA,NA,NA,0.414,0.042,7.783,7,7,7,7,7,0,0,0
FCR,100,2026-02-27 15:30:00,NA,NA,NA,NA,NA,0.414,0.042,7.699,7,7,7,7,7,0,0,0
FCR,100,2026-02-27 15:45:00,NA,NA,NA,NA,NA,0.415,0.043,7.594,7,7,7,7,7,0,0,0
FCR,100,2026-02-27 16:00:00,NA,NA,NA,NA,NA,0.414,0.042,7.526,7,7,7,7,7,0,0,0
FCR,100,2026-02-27 16:15:00,NA,NA,NA,NA,NA,0.412,0.042,7.43,7,7,7,7,7,0,0,0
FCR,100,2026-02-27 16:30:00,NA,NA,NA,NA,NA,0.413,0.042,7.322,7,7,7,7,7,0,0,0
FCR,100,2026-02-27 16:45:00,NA,NA,NA,NA,NA,0.412,0.042,7.209,7,7,7,7,7,0,0,0
FCR,100,2026-02-27 17:00:00,NA,NA,NA,NA,NA,0.412,0.042,7.064,7,7,7,7,7,0,0,0
FCR,100,2026-02-27 17:15:00,NA,NA,NA,NA,NA,0.412,0.042,6.928,7,7,7,7,7,0,0,0
FCR,100,2026-02-27 17:30:00,NA,NA,NA,NA,NA,0.411,0.041,6.812,7,7,7,7,7,0,0,0
FCR,100,2026-02-27 17:45:00,NA,NA,NA,NA,NA,0.411,0.041,6.677,7,7,7,7,7,0,0,0
FCR,100,2026-02-27 18:00:00,NA,NA,NA,NA,NA,0.411,0.041,6.543,7,7,7,7,7,0,0,0
FCR,100,2026-02-27 18:15:00,NA,NA,NA,NA,NA,0.411,0.041,6.408,7,7,7,7,7,0,0,0
FCR,100,2026-02-27 18:30:00,NA,NA,NA,NA,NA,0.41,0.041,6.258,7,7,7,7,7,0,0,0
FCR,100,2026-02-27 18:45:00,NA,NA,NA,NA,NA,0.409,0.04,6.102,7,7,7,7,7,0,0,0
FCR,100,2026-02-27 19:00:00,NA,NA,NA,NA,NA,0.409,0.04,5.957,7,7,7,7,7,0,0,0
FCR,100,2026-02-27 19:15:00,NA,NA,NA,NA,NA,0.408,0.04,5.834,7,7,7,7,7,0,0,0
FCR,100,2026-02-27 19:30:00,NA,NA,NA,NA,NA,0.409,0.04,5.73,7,7,7,7,7,0,0,0
FCR,100,2026-02-27 19:45:00,NA,NA,NA,NA,NA,0.408,0.04,5.653,7,7,7,7,7,0,0,0
FCR,100,2026-02-27 20:00:00,NA,NA,NA,NA,NA,0.408,0.04,5.614,7,7,7,7,7,0,0,0
FCR,100,2026-02-27 20:15:00,NA,NA,NA,NA,NA,0.408,0.04,5.591,7,7,7,7,7,0,0,0
FCR,100,2026-02-27 20:30:00,NA,NA,NA,NA,NA,0.408,0.04,5.577,7,7,7,7,7,0,0,0
FCR,100,2026-02-27 20:45:00,NA,NA,NA,NA,NA,0.408,0.04,5.57,7,7,7,7,7,0,0,0
FCR,100,2026-02-27 21:00:00,NA,NA,NA,NA,NA,0.408,0.04,5.561,7,7,7,7,7,0,0,0
FCR,100,2026-02-27 21:15:00,NA,NA,NA,NA,NA,0.407,0.04,5.548,7,7,7,7,7,0,0,0
FCR,100,2026-02-27 21:30:00,NA,NA,NA,NA,NA,0.407,0.04,5.531,7,7,7,7,7,0,0,0
FCR,100,2026-02-27 21:45:00,NA,NA,NA,NA,NA,0.407,0.04,5.514,7,7,7,7,7,0,0,0
FCR,100,2026-02-27 22:00:00,NA,NA,NA,NA,NA,0.407,0.04,5.495,7,7,7,7,7,0,0,0
FCR,100,2026-02-27 22:15:00,NA,NA,NA,NA,NA,0.407,0.04,5.468,7,7,7,7,7,0,0,0
FCR,100,2026-02-27 22:30:00,NA,NA,NA,NA,NA,0.407,0.04,5.443,7,7,7,7,7,0,0,0
FCR,100,2026-02-27 22:45:00,NA,NA,NA,NA,NA,0.406,0.039,5.42,7,7,7,7,7,0,0,0
FCR,100,2026-02-27 23:00:00,NA,NA,NA,NA,NA,0.406,0.039,5.396,7,7,7,7,7,0,0,0
FCR,100,2026-02-27 23:15:00,NA,NA,NA,NA,NA,0.407,0.04,5.372,7,7,7,7,7,0,0,0
FCR,100,2026-02-27 23:30:00,NA,NA,NA,NA,NA,0.406,0.039,5.346,7,7,7,7,7,0,0,0
FCR,100,2026-02-27 23:45:00,NA,NA,NA,NA,NA,0.405,0.039,5.322,7,7,7,7,7,0,0,0
FCR,100,2026-02-28 00:00:00,NA,NA,NA,NA,NA,0.405,0.039,5.298,7,7,7,7,7,0,0,0
FCR,100,2026-02-28 00:15:00,NA,NA,NA,NA,NA,0.406,0.039,5.272,7,7,7,7,7,0,0,0
FCR,100,2026-02-28 00:30:00,NA,NA,NA,NA,NA,0.405,0.039,5.253,7,7,7,7,7,0,0,0
FCR,100,2026-02-28 00:45:00,NA,NA,NA,NA,NA,0.405,0.039,5.242,7,7,7,7,7,0,0,0
FCR,100,2026-02-28 01:00:00,NA,NA,NA,NA,NA,0.406,0.039,5.235,7,7,7,7,7,0,0,0
FCR,100,2026-02-28 01:15:00,NA,NA,NA,NA,NA,0.405,0.039,5.232,7,7,7,7,7,0,0,0
FCR,100,2026-02-28 01:30:00,NA,NA,NA,NA,NA,0.406,0.039,5.232,7,7,7,7,7,0,0,0
FCR,100,2026-02-28 01:45:00,NA,NA,NA,NA,NA,0.406,0.039,5.236,7,7,7,7,7,0,0,0
FCR,100,2026-02-28 02:00:00,NA,NA,NA,NA,NA,0.405,0.039,5.247,7,7,7,7,7,0,0,0
FCR,100,2026-02-28 02:15:00,NA,NA,NA,NA,NA,0.405,0.039,5.261,7,7,7,7,7,0,0,0
FCR,100,2026-02-28 02:30:00,NA,NA,NA,NA,NA,0.405,0.039,5.276,7,7,7,7,7,0,0,0
FCR,100,2026-02-28 02:45:00,NA,NA,NA,NA,NA,0.405,0.039,5.288,7,7,7,7,7,0,0,0
FCR,100,2026-02-28 03:00:00,NA,NA,NA,NA,NA,0.406,0.039,5.299,7,7,7,7,7,0,0,0
FCR,100,2026-02-28 03:15:00,NA,NA,NA,NA,NA,0.404,0.039,5.303,7,7,7,7,7,0,0,0
FCR,100,2026-02-28 03:30:00,NA,NA,NA,NA,NA,0.405,0.039,5.282,7,7,7,7,7,0,0,0
FCR,100,2026-02-28 03:45:00,NA,NA,NA,NA,NA,0.404,0.039,5.235,7,7,7,7,7,0,0,0
FCR,100,2026-02-28 04:00:00,NA,NA,NA,NA,NA,0.405,0.039,5.167,7,7,7,7,7,0,0,0
FCR,100,2026-02-28 04:15:00,NA,NA,NA,NA,NA,0.403,0.038,5.095,7,7,7,7,7,0,0,0
FCR,100,2026-02-28 04:30:00,NA,NA,NA,NA,NA,0.404,0.039,5.025,7,7,7,7,7,0,0,0
FCR,100,2026-02-28 04:45:00,NA,NA,NA,NA,NA,0.403,0.038,4.957,7,7,7,7,7,0,0,0
FCR,100,2026-02-28 05:00:00,NA,NA,NA,NA,NA,0.403,0.038,4.888,7,7,7,7,7,0,0,0
FCR,100,2026-02-28 05:15:00,NA,NA,NA,NA,NA,0.403,0.038,4.838,7,7,7,7,7,0,0,0
FCR,100,2026-02-28 05:30:00,NA,NA,NA,NA,NA,0.403,0.038,4.827,7,7,7,7,7,0,0,0
FCR,100,2026-02-28 05:45:00,NA,NA,NA,NA,NA,0.404,0.039,4.829,7,7,7,7,7,0,0,0
FCR,100,2026-02-28 06:00:00,NA,NA,NA,NA,NA,0.402,0.038,4.83,7,7,7,7,7,0,0,0
FCR,100,2026-02-28 06:15:00,NA,NA,NA,NA,NA,0.402,0.038,4.82,7,7,7,7,7,0,0,0
FCR,100,2026-02-28 06:30:00,NA,NA,NA,NA,NA,0.402,0.038,4.798,7,7,7,7,7,0,0,0
FCR,100,2026-02-28 06:45:00,NA,NA,NA,NA,NA,0.402,0.038,4.771,7,7,7,7,7,0,0,0
FCR,100,2026-02-28 07:00:00,NA,NA,NA,NA,NA,0.402,0.038,4.719,7,7,7,7,7,0,0,0
FCR,100,2026-02-28 07:15:00,NA,NA,NA,NA,NA,0.402,0.038,4.678,7,7,7,7,7,0,0,0
FCR,100,2026-02-28 07:30:00,NA,NA,NA,NA,NA,0.401,0.038,4.645,7,7,7,7,7,0,0,0
FCR,100,2026-02-28 07:45:00,NA,NA,NA,NA,NA,0.402,0.038,4.617,7,7,7,7,7,0,0,0
FCR,100,2026-02-28 08:00:00,NA,NA,NA,NA,NA,0.403,0.038,4.604,7,7,7,7,7,0,0,0
FCR,100,2026-02-28 08:15:00,NA,NA,NA,NA,NA,0.402,0.038,4.617,7,7,7,7,7,0,0,0
FCR,100,2026-02-28 08:30:00,NA,NA,NA,NA,NA,0.401,0.038,4.649,7,7,7,7,7,0,0,0
FCR,100,2026-02-28 08:45:00,NA,NA,NA,NA,NA,0.401,0.038,4.694,7,7,7,7,7,0,0,0
FCR,100,2026-02-28 09:00:00,NA,NA,NA,NA,NA,0.403,0.038,4.767,7,7,7,7,7,0,0,0
FCR,100,2026-02-28 09:15:00,NA,NA,NA,NA,NA,0.401,0.038,4.848,7,7,7,7,7,0,0,0
FCR,100,2026-02-28 09:30:00,NA,NA,NA,NA,NA,0.402,0.038,4.967,7,7,7,7,7,0,0,0
FCR,100,2026-02-28 09:45:00,NA,NA,NA,NA,NA,0.401,0.038,5.118,7,7,7,7,7,0,0,0
FCR,100,2026-02-28 10:00:00,NA,NA,NA,NA,NA,0.401,0.038,5.298,7,7,7,7,7,0,0,0
FCR,100,2026-02-28 10:15:00,NA,NA,NA,NA,NA,0.402,0.038,5.472,7,7,7,7,7,0,0,0
FCR,100,2026-02-28 10:30:00,NA,NA,NA,NA,NA,0.402,0.038,5.675,7,7,7,7,7,0,0,0
FCR,100,2026-02-28 10:45:00,NA,NA,NA,NA,NA,0.403,0.038,5.911,7,7,7,7,7,0,0,0
FCR,100,2026-02-28 11:00:00,NA,NA,NA,NA,NA,0.403,0.038,6.203,7,7,7,7,7,0,0,0
FCR,100,2026-02-28 11:15:00,NA,NA,NA,NA,NA,0.403,0.038,6.502,7,7,7,7,7,0,0,0
FCR,100,2026-02-28 11:30:00,NA,NA,NA,NA,NA,0.404,0.039,6.843,7,7,7,7,7,0,0,0
FCR,100,2026-02-28 11:45:00,NA,NA,NA,NA,NA,0.405,0.039,7.204,7,7,7,7,7,0,0,0
FCR,100,2026-02-28 12:00:00,NA,NA,NA,NA,NA,0.407,0.04,7.558,7,7,7,7,7,0,0,0
FCR,100,2026-02-28 12:15:00,NA,NA,NA,NA,NA,0.406,0.039,7.892,7,7,7,7,7,0,0,0
FCR,100,2026-02-28 12:30:00,NA,NA,NA,NA,NA,0.407,0.04,8.2,7,7,7,7,7,0,0,0
FCR,100,2026-02-28 12:45:00,NA,NA,NA,NA,NA,0.407,0.04,8.48,7,7,7,7,7,0,0,0
FCR,100,2026-02-28 13:00:00,NA,NA,NA,NA,NA,0.408,0.04,8.76,7,7,7,7,7,0,0,0
FCR,100,2026-02-28 13:15:00,NA,NA,NA,NA,NA,0.409,0.04,9.04,7,7,7,7,7,0,0,0
FCR,100,2026-02-28 13:30:00,NA,NA,NA,NA,NA,0.409,0.04,9.28,7,7,7,7,7,0,0,0
FCR,100,2026-02-28 13:45:00,NA,NA,NA,NA,NA,0.41,0.041,9.49,7,7,7,7,7,0,0,0
FCR,100,2026-02-28 14:00:00,NA,NA,NA,NA,NA,0.409,0.04,9.72,7,7,7,7,7,0,0,0
FCR,100,2026-02-28 14:15:00,NA,NA,NA,NA,NA,0.409,0.04,9.95,7,7,7,7,7,0,0,0
FCR,100,2026-02-28 14:30:00,NA,NA,NA,NA,NA,0.41,0.041,10.11,7,7,7,7,7,0,0,0
FCR,100,2026-02-28 14:45:00,NA,NA,NA,NA,NA,0.409,0.04,10.24,7,7,7,7,7,0,0,0
FCR,100,2026-02-28 15:00:00,NA,NA,NA,NA,NA,0.41,0.041,10.33,7,7,7,7,7,0,0,0
FCR,100,2026-02-28 15:15:00,NA,NA,NA,NA,NA,0.411,0.041,10.37,7,7,7,7,7,0,0,0
FCR,100,2026-02-28 15:30:00,NA,NA,NA,NA,NA,0.411,0.041,10.35,7,7,7,7,7,0,0,0
FCR,100,2026-02-28 15:45:00,NA,NA,NA,NA,NA,0.411,0.041,10.3,7,7,7,7,7,0,0,0
FCR,100,2026-02-28 16:00:00,NA,NA,NA,NA,NA,0.41,0.041,10.2,7,7,7,7,7,0,0,0
FCR,100,2026-02-28 16:15:00,NA,NA,NA,NA,NA,0.41,0.041,10.08,7,7,7,7,7,0,0,0
FCR,100,2026-02-28 16:30:00,NA,NA,NA,NA,NA,0.409,0.04,9.96,7,7,7,7,7,0,0,0
FCR,100,2026-02-28 16:45:00,NA,NA,NA,NA,NA,0.408,0.04,9.83,7,7,7,7,7,0,0,0
FCR,100,2026-02-28 17:00:00,NA,NA,NA,NA,NA,0.408,0.04,9.68,7,7,7,7,7,0,0,0
FCR,100,2026-02-28 17:15:00,NA,NA,NA,NA,NA,0.408,0.04,9.52,7,7,7,7,7,0,0,0
FCR,100,2026-02-28 17:30:00,NA,NA,NA,NA,NA,0.407,0.04,9.35,7,7,7,7,7,0,0,0
FCR,100,2026-02-28 17:45:00,NA,NA,NA,NA,NA,0.409,0.04,9.18,7,7,7,7,7,0,0,0
FCR,100,2026-02-28 18:00:00,NA,NA,NA,NA,NA,0.408,0.04,8.99,7,7,7,7,7,0,0,0
FCR,100,2026-02-28 18:15:00,NA,NA,NA,NA,NA,0.406,0.039,8.79,7,7,7,7,7,0,0,0
FCR,100,2026-02-28 18:30:00,NA,NA,NA,NA,NA,0.406,0.039,8.6,7,7,7,7,7,0,0,0
FCR,100,2026-02-28 18:45:00,NA,NA,NA,NA,NA,0.406,0.039,8.4,7,7,7,7,7,0,0,0
FCR,100,2026-02-28 19:00:00,NA,NA,NA,NA,NA,0.404,0.039,8.21,7,7,7,7,7,0,0,0
FCR,100,2026-02-28 19:15:00,NA,NA,NA,NA,NA,0.404,0.039,8.02,7,7,7,7,7,0,0,0
FCR,100,2026-02-28 19:30:00,NA,NA,NA,NA,NA,0.403,0.038,7.837,7,7,7,7,7,0,0,0
FCR,100,2026-02-28 19:45:00,NA,NA,NA,NA,NA,0.403,0.038,7.668,7,7,7,7,7,0,0,0
FCR,100,2026-02-28 20:00:00,NA,NA,NA,NA,NA,0.403,0.038,7.509,7,7,7,7,7,0,0,0
FCR,100,2026-02-28 20:15:00,NA,NA,NA,NA,NA,0.403,0.038,7.361,7,7,7,7,7,0,0,0
FCR,100,2026-02-28 20:30:00,NA,NA,NA,NA,NA,0.403,0.038,7.219,7,7,7,7,7,0,0,0
FCR,100,2026-02-28 20:45:00,NA,NA,NA,NA,NA,0.402,0.038,7.085,7,7,7,7,7,0,0,0
FCR,100,2026-02-28 21:00:00,NA,NA,NA,NA,NA,0.402,0.038,6.959,7,7,7,7,7,0,0,0
FCR,100,2026-02-28 21:15:00,NA,NA,NA,NA,NA,0.401,0.038,6.846,7,7,7,7,7,0,0,0
FCR,100,2026-02-28 21:30:00,NA,NA,NA,NA,NA,0.401,0.038,6.748,7,7,7,7,7,0,0,0
FCR,100,2026-02-28 21:45:00,NA,NA,NA,NA,NA,0.401,0.038,6.661,7,7,7,7,7,0,0,0
FCR,100,2026-02-28 22:00:00,NA,NA,NA,NA,NA,0.4,0.037,6.586,7,7,7,7,7,0,0,0
FCR,100,2026-02-28 22:15:00,NA,NA,NA,NA,NA,0.401,0.038,6.519,7,7,7,7,7,0,0,0
FCR,100,2026-02-28 22:30:00,NA,NA,NA,NA,NA,0.4,0.037,6.459,7,7,7,7,7,0,0,0
FCR,100,2026-02-28 22:45:00,NA,NA,NA,NA,NA,0.4,0.037,6.404,7,7,7,7,7,0,0,0
FCR,100,2026-02-28 23:00:00,NA,NA,NA,NA,NA,0.4,0.037,6.351,7,7,7,7,7,0,0,0
FCR,100,2026-02-28 23:15:00,NA,NA,NA,NA,NA,0.399,0.037,6.304,7,7,7,7,7,0,0,0
FCR,100,2026-02-28 23:30:00,NA,NA,NA,NA,NA,0.399,0.037,6.264,7,7,7,7,7,0,0,0
FCR,100,2026-02-28 23:45:00,NA,NA,NA,NA,NA,0.399,0.037,6.238,7,7,7,7,7,0,0,0
FCR,100,2026-03-01 00:00:00,NA,NA,NA,NA,NA,0.399,0.037,6.225,7,7,7,7,7,0,0,0
FCR,100,2026-03-01 00:15:00,NA,NA,NA,NA,NA,0.399,0.037,6.217,7,7,7,7,7,0,0,0
FCR,100,2026-03-01 00:30:00,NA,NA,NA,NA,NA,0.399,0.037,6.211,7,7,7,7,7,0,0,0
FCR,100,2026-03-01 00:45:00,NA,NA,NA,NA,NA,0.399,0.037,6.204,7,7,7,7,7,0,0,0
FCR,100,2026-03-01 01:00:00,NA,NA,NA,NA,NA,0.398,0.037,6.197,7,7,7,7,7,0,0,0
FCR,100,2026-03-01 01:15:00,NA,NA,NA,NA,NA,0.399,0.037,6.188,7,7,7,7,7,0,0,0
FCR,100,2026-03-01 01:30:00,NA,NA,NA,NA,NA,0.398,0.037,6.179,7,7,7,7,7,0,0,0
FCR,100,2026-03-01 01:45:00,NA,NA,NA,NA,NA,0.397,0.036,6.17,7,7,7,7,7,0,0,0
FCR,100,2026-03-01 02:00:00,NA,NA,NA,NA,NA,0.397,0.036,6.181,7,7,7,7,7,0,0,0
FCR,100,2026-03-01 02:15:00,NA,NA,NA,NA,NA,0.398,0.037,6.193,7,7,7,7,7,0,0,0
FCR,100,2026-03-01 02:30:00,NA,NA,NA,NA,NA,0.398,0.037,6.202,7,7,7,7,7,0,0,0
FCR,100,2026-03-01 02:45:00,NA,NA,NA,NA,NA,0.397,0.036,6.227,7,7,7,7,7,0,0,0
FCR,100,2026-03-01 03:00:00,NA,NA,NA,NA,NA,0.396,0.036,6.242,7,7,7,7,7,0,0,0
FCR,100,2026-03-01 03:15:00,NA,NA,NA,NA,NA,0.397,0.036,6.248,7,7,7,7,7,0,0,0
FCR,100,2026-03-01 03:30:00,NA,NA,NA,NA,NA,0.396,0.036,6.244,7,7,7,7,7,0,0,0
FCR,100,2026-03-01 03:45:00,NA,NA,NA,NA,NA,0.396,0.036,6.226,7,7,7,7,7,0,0,0
FCR,100,2026-03-01 04:00:00,NA,NA,NA,NA,NA,0.398,0.037,6.211,7,7,7,7,7,0,0,0
FCR,100,2026-03-01 04:15:00,NA,NA,NA,NA,NA,0.398,0.037,6.207,7,7,7,7,7,0,0,0
FCR,100,2026-03-01 04:30:00,NA,NA,NA,NA,NA,0.397,0.036,6.199,7,7,7,7,7,0,0,0
FCR,100,2026-03-01 04:45:00,NA,NA,NA,NA,NA,0.397,0.036,6.209,7,7,7,7,7,0,0,0
FCR,100,2026-03-01 05:00:00,NA,NA,NA,NA,NA,0.396,0.036,6.212,7,7,7,7,7,0,0,0
FCR,100,2026-03-01 05:15:00,NA,NA,NA,NA,NA,0.397,0.036,6.197,7,7,7,7,7,0,0,0
FCR,100,2026-03-01 05:30:00,NA,NA,NA,NA,NA,0.397,0.036,6.177,7,7,7,7,7,0,0,0
FCR,100,2026-03-01 05:45:00,NA,NA,NA,NA,NA,0.396,0.036,6.165,7,7,7,7,7,0,0,0
FCR,100,2026-03-01 06:00:00,NA,NA,NA,NA,NA,0.395,0.036,6.149,7,7,7,7,7,0,0,0
FCR,100,2026-03-01 06:15:00,NA,NA,NA,NA,NA,0.395,0.036,6.116,7,7,7,7,7,0,0,0
FCR,100,2026-03-01 06:30:00,NA,NA,NA,NA,NA,0.396,0.036,6.079,7,7,7,7,7,0,0,0
FCR,100,2026-03-01 06:45:00,NA,NA,NA,NA,NA,0.395,0.036,6.037,7,7,7,7,7,0,0,0
FCR,100,2026-03-01 07:00:00,NA,NA,NA,NA,NA,0.395,0.036,6.005,7,7,7,7,7,0,0,0
FCR,100,2026-03-01 07:15:00,NA,NA,NA,NA,NA,0.396,0.036,5.986,7,7,7,7,7,0,0,0
FCR,100,2026-03-01 07:30:00,NA,NA,NA,NA,NA,0.396,0.036,5.98,7,7,7,7,7,0,0,0
FCR,100,2026-03-01 07:45:00,NA,NA,NA,NA,NA,0.396,0.036,5.977,7,7,7,7,7,0,0,0
FCR,100,2026-03-01 08:00:00,NA,NA,NA,NA,NA,0.395,0.036,5.986,7,7,7,7,7,0,0,0
FCR,100,2026-03-01 08:15:00,NA,NA,NA,NA,NA,0.395,0.036,6.009,7,7,7,7,7,0,0,0
FCR,100,2026-03-01 08:30:00,NA,NA,NA,NA,NA,0.395,0.036,6.053,7,7,7,7,7,0,0,0
FCR,100,2026-03-01 08:45:00,NA,NA,NA,NA,NA,0.396,0.036,6.114,7,7,7,7,7,0,0,0
FCR,100,2026-03-01 09:00:00,NA,NA,NA,NA,NA,0.395,0.036,6.184,7,7,7,7,7,0,0,0
FCR,100,2026-03-01 09:15:00,NA,NA,NA,NA,NA,0.396,0.036,6.265,7,7,7,7,7,0,0,0
FCR,100,2026-03-01 09:30:00,NA,NA,NA,NA,NA,0.395,0.036,6.372,7,7,7,7,7,0,0,0
FCR,100,2026-03-01 09:45:00,NA,NA,NA,NA,NA,0.396,0.036,6.593,7,7,7,7,7,0,0,0
FCR,100,2026-03-01 10:00:00,NA,NA,NA,NA,NA,0.396,0.036,6.744,7,7,7,7,7,0,0,0
FCR,100,2026-03-01 10:15:00,NA,NA,NA,NA,NA,0.397,0.036,6.903,7,7,7,7,7,0,0,0
FCR,100,2026-03-01 10:30:00,NA,NA,NA,NA,NA,0.396,0.036,7.055,7,7,7,7,7,0,0,0
FCR,100,2026-03-01 10:45:00,NA,NA,NA,NA,NA,0.397,0.036,7.251,7,7,7,7,7,0,0,0
FCR,100,2026-03-01 11:00:00,NA,NA,NA,NA,NA,0.397,0.036,7.497,7,7,7,7,7,0,0,0
FCR,100,2026-03-01 11:15:00,NA,NA,NA,NA,NA,0.399,0.037,7.756,7,7,7,7,7,0,0,0
FCR,100,2026-03-01 11:30:00,NA,NA,NA,NA,NA,0.399,0.037,8.04,7,7,7,7,7,0,0,0
FCR,100,2026-03-01 11:45:00,NA,NA,NA,NA,NA,0.399,0.037,8.35,7,7,7,7,7,0,0,0
FCR,100,2026-03-01 12:00:00,NA,NA,NA,NA,NA,0.399,0.037,8.68,7,7,7,7,7,0,0,0
FCR,100,2026-03-01 12:15:00,NA,NA,NA,NA,NA,0.4,0.037,9.02,7,7,7,7,7,0,0,0
FCR,100,2026-03-01 12:30:00,NA,NA,NA,NA,NA,0.402,0.038,9.22,7,7,7,7,7,0,0,0
FCR,100,2026-03-01 12:45:00,NA,NA,NA,NA,NA,0.4,0.037,9.19,7,7,7,7,7,0,0,0
FCR,100,2026-03-01 13:00:00,NA,NA,NA,NA,NA,0.4,0.037,9.17,7,7,7,7,7,0,0,0
FCR,100,2026-03-01 13:15:00,NA,NA,NA,NA,NA,0.399,0.037,9.17,7,7,7,7,7,0,0,0
FCR,100,2026-03-01 13:30:00,NA,NA,NA,NA,NA,0.399,0.037,9.22,7,7,7,7,7,0,0,0
FCR,100,2026-03-01 13:45:00,NA,NA,NA,NA,NA,0.4,0.037,9.22,7,7,7,7,7,0,0,0
FCR,100,2026-03-01 14:00:00,NA,NA,NA,NA,NA,0.4,0.037,9.31,7,7,7,7,7,0,0,0
FCR,100,2026-03-01 14:15:00,NA,NA,NA,NA,NA,0.399,0.037,9.45,7,7,7,7,7,0,0,0
FCR,100,2026-03-01 14:30:00,NA,NA,NA,NA,NA,0.4,0.037,9.6,7,7,7,7,7,0,0,0
FCR,100,2026-03-01 14:45:00,NA,NA,NA,NA,NA,0.4,0.037,9.67,7,7,7,7,7,0,0,0
FCR,100,2026-03-01 15:00:00,NA,NA,NA,NA,NA,0.402,0.038,9.74,7,7,7,7,7,0,0,0
FCR,100,2026-03-01 15:15:00,NA,NA,NA,NA,NA,0.401,0.038,9.78,7,7,7,7,7,0,0,0
FCR,100,2026-03-01 15:30:00,NA,NA,NA,NA,NA,0.4,0.037,9.82,7,7,7,7,7,0,0,0
FCR,100,2026-03-01 15:45:00,NA,NA,NA,NA,NA,0.4,0.037,9.84,7,7,7,7,7,0,0,0
FCR,100,2026-03-01 16:00:00,NA,NA,NA,NA,NA,0.399,0.037,9.82,7,7,7,7,7,0,0,0
FCR,100,2026-03-01 16:15:00,NA,NA,NA,NA,NA,0.399,0.037,9.78,7,7,7,7,7,0,0,0
FCR,100,2026-03-01 16:30:00,NA,NA,NA,NA,NA,0.399,0.037,9.71,7,7,7,7,7,0,0,0
FCR,100,2026-03-01 16:45:00,NA,NA,NA,NA,NA,0.399,0.037,9.65,7,7,7,7,7,0,0,0
FCR,100,2026-03-01 17:00:00,NA,NA,NA,NA,NA,0.4,0.037,9.6,7,7,7,7,7,0,0,0
FCR,100,2026-03-01 17:15:00,NA,NA,NA,NA,NA,0.399,0.037,9.5,7,7,7,7,7,0,0,0
FCR,100,2026-03-01 17:30:00,NA,NA,NA,NA,NA,0.398,0.037,9.41,7,7,7,7,7,0,0,0
FCR,100,2026-03-01 17:45:00,NA,NA,NA,NA,NA,0.397,0.036,9.29,7,7,7,7,7,0,0,0
FCR,100,2026-03-01 18:00:00,NA,NA,NA,NA,NA,0.398,0.037,9.18,7,7,7,7,7,0,0,0
FCR,100,2026-03-01 18:15:00,NA,NA,NA,NA,NA,0.397,0.036,9.04,7,7,7,7,7,0,0,0
FCR,100,2026-03-01 18:30:00,NA,NA,NA,NA,NA,0.397,0.036,8.89,7,7,7,7,7,0,0,0
FCR,100,2026-03-01 18:45:00,NA,NA,NA,NA,NA,0.397,0.036,8.74,7,7,7,7,7,0,0,0
FCR,100,2026-03-01 19:00:00,NA,NA,NA,NA,NA,0.396,0.036,8.6,7,7,7,7,7,0,0,0
FCR,100,2026-03-01 19:15:00,NA,NA,NA,NA,NA,0.396,0.036,8.45,7,7,7,7,7,0,0,0
FCR,100,2026-03-01 19:30:00,NA,NA,NA,NA,NA,0.396,0.036,8.32,7,7,7,7,7,0,0,0
FCR,100,2026-03-01 19:45:00,NA,NA,NA,NA,NA,0.395,0.036,8.18,7,7,7,7,7,0,0,0
FCR,100,2026-03-01 20:00:00,NA,NA,NA,NA,NA,0.395,0.036,8.04,7,7,7,7,7,0,0,0
FCR,100,2026-03-01 20:15:00,NA,NA,NA,NA,NA,0.395,0.036,7.914,7,7,7,7,7,0,0,0
FCR,100,2026-03-01 20:30:00,NA,NA,NA,NA,NA,0.394,0.035,7.788,7,7,7,7,7,0,0,0
FCR,100,2026-03-01 20:45:00,NA,NA,NA,NA,NA,0.394,0.035,7.665,7,7,7,7,7,0,0,0
FCR,100,2026-03-01 21:00:00,NA,NA,NA,NA,NA,0.393,0.035,7.557,7,7,7,7,7,0,0,0
FCR,100,2026-03-01 21:15:00,NA,NA,NA,NA,NA,0.394,0.035,7.46,7,7,7,7,7,0,0,0
FCR,100,2026-03-01 21:30:00,NA,NA,NA,NA,NA,0.392,0.035,7.364,7,7,7,7,7,0,0,0
FCR,100,2026-03-01 21:45:00,NA,NA,NA,NA,NA,0.392,0.035,7.284,7,7,7,7,7,0,0,0
FCR,100,2026-03-01 22:00:00,NA,NA,NA,NA,NA,0.392,0.035,7.208,7,7,7,7,7,0,0,0
FCR,100,2026-03-01 22:15:00,NA,NA,NA,NA,NA,0.392,0.035,7.122,7,7,7,7,7,0,0,0
FCR,100,2026-03-01 22:30:00,NA,NA,NA,NA,NA,0.391,0.034,7.04,7,7,7,7,7,0,0,0
FCR,100,2026-03-01 22:45:00,NA,NA,NA,NA,NA,0.392,0.035,6.965,7,7,7,7,7,0,0,0
FCR,100,2026-03-01 23:00:00,NA,NA,NA,NA,NA,0.392,0.035,6.884,7,7,7,7,7,0,0,0
FCR,100,2026-03-01 23:15:00,NA,NA,NA,NA,NA,0.391,0.034,6.788,7,7,7,7,7,0,0,0
FCR,100,2026-03-01 23:30:00,NA,NA,NA,NA,NA,0.391,0.034,6.694,7,7,7,7,7,0,0,0
FCR,100,2026-03-01 23:45:00,NA,NA,NA,NA,NA,0.391,0.034,6.587,7,7,7,7,7,0,0,0
FCR,100,2026-03-02 00:00:00,NA,NA,NA,NA,NA,0.391,0.034,6.484,7,7,7,7,7,0,0,0
FCR,100,2026-03-02 00:15:00,NA,NA,NA,NA,NA,0.389,0.034,6.384,7,7,7,7,7,0,0,0
FCR,100,2026-03-02 00:30:00,NA,NA,NA,NA,NA,0.39,0.034,6.294,7,7,7,7,7,0,0,0
FCR,100,2026-03-02 00:45:00,NA,NA,NA,NA,NA,0.39,0.034,6.204,7,7,7,7,7,0,0,0
FCR,100,2026-03-02 01:00:00,NA,NA,NA,NA,NA,0.389,0.034,6.114,7,7,7,7,7,0,0,0
FCR,100,2026-03-02 01:15:00,NA,NA,NA,NA,NA,0.388,0.033,6.028,7,7,7,7,7,0,0,0
FCR,100,2026-03-02 01:30:00,NA,NA,NA,NA,NA,0.388,0.033,5.944,7,7,7,7,7,0,0,0
FCR,100,2026-03-02 01:45:00,NA,NA,NA,NA,NA,0.389,0.034,5.87,7,7,7,7,7,0,0,0
FCR,100,2026-03-02 02:00:00,NA,NA,NA,NA,NA,0.388,0.033,5.79,7,7,7,7,7,0,0,0
FCR,100,2026-03-02 02:15:00,NA,NA,NA,NA,NA,0.388,0.033,5.705,7,7,7,7,7,0,0,0
FCR,100,2026-03-02 02:30:00,NA,NA,NA,NA,NA,0.388,0.033,5.638,7,7,7,7,7,0,0,0
FCR,100,2026-03-02 02:45:00,NA,NA,NA,NA,NA,0.386,0.033,5.562,7,7,7,7,7,0,0,0
FCR,100,2026-03-02 03:00:00,NA,NA,NA,NA,NA,0.387,0.033,5.494,7,7,7,7,7,0,0,0
FCR,100,2026-03-02 03:15:00,NA,NA,NA,NA,NA,0.387,0.033,5.425,7,7,7,7,7,0,0,0
FCR,100,2026-03-02 03:30:00,NA,NA,NA,NA,NA,0.386,0.033,5.371,7,7,7,7,7,0,0,0
FCR,100,2026-03-02 03:45:00,NA,NA,NA,NA,NA,0.386,0.033,5.313,7,7,7,7,7,0,0,0
FCR,100,2026-03-02 04:00:00,NA,NA,NA,NA,NA,0.387,0.033,5.27,7,7,7,7,7,0,0,0
FCR,100,2026-03-02 04:15:00,NA,NA,NA,NA,NA,0.386,0.033,5.211,7,7,7,7,7,0,0,0
FCR,100,2026-03-02 04:30:00,NA,NA,NA,NA,NA,0.385,0.032,5.145,7,7,7,7,7,0,0,0
FCR,100,2026-03-02 04:45:00,NA,NA,NA,NA,NA,0.385,0.032,5.088,7,7,7,7,7,0,0,0
FCR,100,2026-03-02 05:00:00,NA,NA,NA,NA,NA,0.385,0.032,5.031,7,7,7,7,7,0,0,0
FCR,100,2026-03-02 05:15:00,NA,NA,NA,NA,NA,0.385,0.032,4.983,7,7,7,7,7,0,0,0
FCR,100,2026-03-02 05:30:00,NA,NA,NA,NA,NA,0.385,0.032,4.928,7,7,7,7,7,0,0,0
FCR,100,2026-03-02 05:45:00,NA,NA,NA,NA,NA,0.385,0.032,4.873,7,7,7,7,7,0,0,0
FCR,100,2026-03-02 06:00:00,NA,NA,NA,NA,NA,0.386,0.033,4.82,7,7,7,7,7,0,0,0
FCR,100,2026-03-02 06:15:00,NA,NA,NA,NA,NA,0.385,0.032,4.77,7,7,7,7,7,0,0,0
FCR,100,2026-03-02 06:30:00,NA,NA,NA,NA,NA,0.385,0.032,4.721,7,7,7,7,7,0,0,0
FCR,100,2026-03-02 06:45:00,NA,NA,NA,NA,NA,0.385,0.032,4.679,7,7,7,7,7,0,0,0
FCR,100,2026-03-02 07:00:00,NA,NA,NA,NA,NA,0.384,0.032,4.666,7,7,7,7,7,0,0,0
FCR,100,2026-03-02 07:15:00,NA,NA,NA,NA,NA,0.384,0.032,4.674,7,7,7,7,7,0,0,0
FCR,100,2026-03-02 07:30:00,NA,NA,NA,NA,NA,0.385,0.032,4.684,7,7,7,7,7,0,0,0
FCR,100,2026-03-02 07:45:00,NA,NA,NA,NA,NA,0.382,0.031,4.698,7,7,7,7,7,0,0,0
FCR,100,2026-03-02 08:00:00,NA,NA,NA,NA,NA,0.385,0.032,4.699,7,7,7,7,7,0,0,0
FCR,100,2026-03-02 08:15:00,NA,NA,NA,NA,NA,0.384,0.032,4.696,7,7,7,7,7,0,0,0
FCR,100,2026-03-02 08:30:00,NA,NA,NA,NA,NA,0.383,0.032,4.703,7,7,7,7,7,0,0,0
FCR,100,2026-03-02 08:45:00,NA,NA,NA,NA,NA,0.384,0.032,4.703,7,7,7,7,7,0,0,0
FCR,100,2026-03-02 09:00:00,NA,NA,NA,NA,NA,0.384,0.032,4.721,7,7,7,7,7,0,0,0
FCR,100,2026-03-02 09:15:00,NA,NA,NA,NA,NA,0.384,0.032,4.75,7,7,7,7,7,0,0,0
FCR,100,2026-03-02 09:30:00,NA,NA,NA,NA,NA,0.384,0.032,4.815,7,7,7,7,7,0,0,0
FCR,100,2026-03-02 09:45:00,NA,NA,NA,NA,NA,0.383,0.032,4.865,7,7,7,7,7,0,0,0
FCR,100,2026-03-02 10:00:00,NA,NA,NA,NA,NA,0.383,0.032,4.868,7,7,7,7,7,0,0,0
FCR,100,2026-03-02 10:15:00,NA,NA,NA,NA,NA,0.384,0.032,4.921,7,7,7,7,7,0,0,0
FCR,100,2026-03-02 10:30:00,NA,NA,NA,NA,NA,0.383,0.032,4.954,7,7,7,7,7,0,0,0
FCR,100,2026-03-02 10:45:00,NA,NA,NA,NA,NA,0.384,0.032,4.956,7,7,7,7,7,0,0,0
FCR,100,2026-03-02 11:00:00,NA,NA,NA,NA,NA,0.383,0.032,5.017,7,7,7,7,7,0,0,0
FCR,100,2026-03-02 11:15:00,NA,NA,NA,NA,NA,0.384,0.032,5.061,7,7,7,7,7,0,0,0
FCR,100,2026-03-02 11:30:00,NA,NA,NA,NA,NA,0.384,0.032,5.113,7,7,7,7,7,0,0,0
FCR,100,2026-03-02 11:45:00,NA,NA,NA,NA,NA,0.384,0.032,5.164,7,7,7,7,7,0,0,0
FCR,100,2026-03-02 12:00:00,NA,NA,NA,NA,NA,0.384,0.032,5.177,7,7,7,7,7,0,0,0
FCR,100,2026-03-02 12:15:00,NA,NA,NA,NA,NA,0.384,0.032,5.228,7,7,7,7,7,0,0,0
FCR,100,2026-03-02 12:30:00,NA,NA,NA,NA,NA,0.384,0.032,5.274,7,7,7,7,7,0,0,0
FCR,100,2026-03-02 12:45:00,NA,NA,NA,NA,NA,0.384,0.032,5.315,7,7,7,7,7,0,0,0
FCR,100,2026-03-02 13:00:00,NA,NA,NA,NA,NA,0.385,0.032,5.337,7,7,7,7,7,0,0,0
FCR,100,2026-03-02 13:15:00,NA,NA,NA,NA,NA,0.385,0.032,5.36,7,7,7,7,7,0,0,0
FCR,100,2026-03-02 13:30:00,NA,NA,NA,NA,NA,0.384,0.032,5.359,7,7,7,7,7,0,0,0
FCR,100,2026-03-02 13:45:00,NA,NA,NA,NA,NA,0.386,0.033,5.352,7,7,7,7,7,0,0,0
FCR,100,2026-03-02 14:00:00,NA,NA,NA,NA,NA,0.386,0.033,5.342,7,7,7,7,7,0,0,0
FCR,100,2026-03-02 14:15:00,NA,NA,NA,NA,NA,0.386,0.033,5.318,7,7,7,7,7,0,0,0
FCR,100,2026-03-02 14:30:00,NA,NA,NA,NA,NA,0.387,0.033,5.297,7,7,7,7,7,0,0,0
FCR,100,2026-03-02 14:45:00,NA,NA,NA,NA,NA,0.387,0.033,5.292,7,7,7,7,7,0,0,0
FCR,100,2026-03-02 15:00:00,NA,NA,NA,NA,NA,0.388,0.033,5.281,7,7,7,7,7,0,0,0
FCR,100,2026-03-02 15:15:00,NA,NA,NA,NA,NA,0.387,0.033,5.262,7,7,7,7,7,0,0,0
FCR,100,2026-03-02 15:30:00,NA,NA,NA,NA,NA,0.388,0.033,5.247,7,7,7,7,7,0,0,0
FCR,100,2026-03-02 15:45:00,NA,NA,NA,NA,NA,0.388,0.033,5.23,7,7,7,7,7,0,0,0
FCR,100,2026-03-02 16:00:00,NA,NA,NA,NA,NA,0.387,0.033,5.222,7,7,7,7,7,0,0,0
FCR,100,2026-03-02 16:15:00,NA,NA,NA,NA,NA,0.388,0.033,5.216,7,7,7,7,7,0,0,0
FCR,100,2026-03-02 16:30:00,NA,NA,NA,NA,NA,0.388,0.033,5.197,7,7,7,7,7,0,0,0
FCR,100,2026-03-02 16:45:00,NA,NA,NA,NA,NA,0.388,0.033,5.178,7,7,7,7,7,0,0,0
FCR,100,2026-03-02 17:00:00,NA,NA,NA,NA,NA,0.387,0.033,5.166,7,7,7,7,7,0,0,0
FCR,100,2026-03-02 17:15:00,NA,NA,NA,NA,NA,0.387,0.033,5.15,7,7,7,7,7,0,0,0
FCR,100,2026-03-02 17:30:00,NA,NA,NA,NA,NA,0.387,0.033,5.118,7,7,7,7,7,0,0,0
FCR,100,2026-03-02 17:45:00,NA,NA,NA,NA,NA,0.387,0.033,5.078,7,7,7,7,7,0,0,0
FCR,100,2026-03-02 18:00:00,NA,NA,NA,NA,NA,0.388,0.033,5.04,7,7,7,7,7,0,0,0
FCR,100,2026-03-02 18:15:00,NA,NA,NA,NA,NA,0.389,0.034,5.015,7,7,7,7,7,0,0,0
FCR,100,2026-03-02 18:30:00,NA,NA,NA,NA,NA,0.388,0.033,4.976,7,7,7,7,7,0,0,0
FCR,100,2026-03-02 18:45:00,NA,NA,NA,NA,NA,0.388,0.033,4.942,7,7,7,7,7,0,0,0
FCR,100,2026-03-02 19:00:00,NA,NA,NA,NA,NA,0.388,0.033,4.917,7,7,7,7,7,0,0,0
FCR,100,2026-03-02 19:15:00,NA,NA,NA,NA,NA,0.388,0.033,4.884,7,7,7,7,7,0,0,0
FCR,100,2026-03-02 19:30:00,NA,NA,NA,NA,NA,0.388,0.033,4.854,7,7,7,7,7,0,0,0
FCR,100,2026-03-02 19:45:00,NA,NA,NA,NA,NA,0.388,0.033,4.819,7,7,7,7,7,0,0,0
FCR,100,2026-03-02 20:00:00,NA,NA,NA,NA,NA,0.388,0.033,4.795,7,7,7,7,7,0,0,0
FCR,100,2026-03-02 20:15:00,NA,NA,NA,NA,NA,0.388,0.033,4.757,7,7,7,7,7,0,0,0
FCR,100,2026-03-02 20:30:00,NA,NA,NA,NA,NA,0.389,0.034,4.743,7,7,7,7,7,0,0,0
FCR,100,2026-03-02 20:45:00,NA,NA,NA,NA,NA,0.389,0.034,4.716,7,7,7,7,7,0,0,0
FCR,100,2026-03-02 21:00:00,NA,NA,NA,NA,NA,0.389,0.034,4.67,7,7,7,7,7,0,0,0
FCR,100,2026-03-02 21:15:00,NA,NA,NA,NA,NA,0.388,0.033,4.658,7,7,7,7,7,0,0,0
FCR,100,2026-03-02 21:30:00,NA,NA,NA,NA,NA,0.389,0.034,4.644,7,7,7,7,7,0,0,0
FCR,100,2026-03-02 21:45:00,NA,NA,NA,NA,NA,0.389,0.034,4.624,7,7,7,7,7,0,0,0
FCR,100,2026-03-02 22:00:00,NA,NA,NA,NA,NA,0.389,0.034,4.611,7,7,7,7,7,0,0,0
FCR,100,2026-03-02 22:15:00,NA,NA,NA,NA,NA,0.388,0.033,4.595,7,7,7,7,7,0,0,0
FCR,100,2026-03-02 22:30:00,NA,NA,NA,NA,NA,0.387,0.033,4.588,7,7,7,7,7,0,0,0
FCR,100,2026-03-02 22:45:00,NA,NA,NA,NA,NA,0.388,0.033,4.576,7,7,7,7,7,0,0,0
FCR,100,2026-03-02 23:00:00,NA,NA,NA,NA,NA,0.388,0.033,4.566,7,7,7,7,7,0,0,0
FCR,100,2026-03-02 23:15:00,NA,NA,NA,NA,NA,0.387,0.033,4.552,7,7,7,7,7,0,0,0
FCR,100,2026-03-02 23:30:00,NA,NA,NA,NA,NA,0.387,0.033,4.546,7,7,7,7,7,0,0,0
FCR,100,2026-03-02 23:45:00,NA,NA,NA,NA,NA,0.387,0.033,4.541,7,7,7,7,7,0,0,0
FCR,100,2026-03-03 00:00:00,NA,NA,NA,NA,NA,0.387,0.033,4.53,7,7,7,7,7,0,0,0
FCR,100,2026-03-03 00:15:00,NA,NA,NA,NA,NA,0.387,0.033,4.514,7,7,7,7,7,0,0,0
FCR,100,2026-03-03 00:30:00,NA,NA,NA,NA,NA,0.387,0.033,4.499,7,7,7,7,7,0,0,0
FCR,100,2026-03-03 00:45:00,NA,NA,NA,NA,NA,0.386,0.033,4.488,7,7,7,7,7,0,0,0
FCR,100,2026-03-03 01:00:00,NA,NA,NA,NA,NA,0.386,0.033,4.482,7,7,7,7,7,0,0,0
FCR,100,2026-03-03 01:15:00,NA,NA,NA,NA,NA,0.387,0.033,4.479,7,7,7,7,7,0,0,0
FCR,100,2026-03-03 01:30:00,NA,NA,NA,NA,NA,0.387,0.033,4.474,7,7,7,7,7,0,0,0
FCR,100,2026-03-03 01:45:00,NA,NA,NA,NA,NA,0.386,0.033,4.47,7,7,7,7,7,0,0,0
FCR,100,2026-03-03 02:00:00,NA,NA,NA,NA,NA,0.387,0.033,4.47,7,7,7,7,7,0,0,0
FCR,100,2026-03-03 02:15:00,NA,NA,NA,NA,NA,0.386,0.033,4.454,7,7,7,7,7,0,0,0
FCR,100,2026-03-03 02:30:00,NA,NA,NA,NA,NA,0.387,0.033,4.451,7,7,7,7,7,0,0,0
FCR,100,2026-03-03 02:45:00,NA,NA,NA,NA,NA,0.386,0.033,4.448,7,7,7,7,7,0,0,0
FCR,100,2026-03-03 03:00:00,NA,NA,NA,NA,NA,0.387,0.033,4.442,7,7,7,7,7,0,0,0
FCR,100,2026-03-03 03:15:00,NA,NA,NA,NA,NA,0.386,0.033,4.434,7,7,7,7,7,0,0,0
FCR,100,2026-03-03 03:30:00,NA,NA,NA,NA,NA,0.386,0.033,4.431,7,7,7,7,7,0,0,0
FCR,100,2026-03-03 03:45:00,NA,NA,NA,NA,NA,0.387,0.033,4.425,7,7,7,7,7,0,0,0
FCR,100,2026-03-03 04:00:00,NA,NA,NA,NA,NA,0.387,0.033,4.421,7,7,7,7,7,0,0,0
FCR,100,2026-03-03 04:15:00,NA,NA,NA,NA,NA,0.387,0.033,4.421,7,7,7,7,7,0,0,0
FCR,100,2026-03-03 04:30:00,NA,NA,NA,NA,NA,0.386,0.033,4.418,7,7,7,7,7,0,0,0
FCR,100,2026-03-03 04:45:00,NA,NA,NA,NA,NA,0.387,0.033,4.412,7,7,7,7,7,0,0,0
FCR,100,2026-03-03 05:00:00,NA,NA,NA,NA,NA,0.386,0.033,4.41,7,7,7,7,7,0,0,0
FCR,100,2026-03-03 05:15:00,NA,NA,NA,NA,NA,0.387,0.033,4.406,7,7,7,7,7,0,0,0
FCR,100,2026-03-03 05:30:00,NA,NA,NA,NA,NA,0.386,0.033,4.402,7,7,7,7,7,0,0,0
FCR,100,2026-03-03 05:45:00,NA,NA,NA,NA,NA,0.387,0.033,4.406,7,7,7,7,7,0,0,0
FCR,100,2026-03-03 06:00:00,NA,NA,NA,NA,NA,0.387,0.033,4.404,7,7,7,7,7,0,0,0
FCR,100,2026-03-03 06:15:00,NA,NA,NA,NA,NA,0.387,0.033,4.405,7,7,7,7,7,0,0,0
FCR,100,2026-03-03 06:30:00,NA,NA,NA,NA,NA,0.386,0.033,4.404,7,7,7,7,7,0,0,0
FCR,100,2026-03-03 06:45:00,NA,NA,NA,NA,NA,0.386,0.033,4.407,7,7,7,7,7,0,0,0
FCR,100,2026-03-03 07:00:00,NA,NA,NA,NA,NA,0.387,0.033,4.409,7,7,7,7,7,0,0,0
FCR,100,2026-03-03 07:15:00,NA,NA,NA,NA,NA,0.386,0.033,4.41,7,7,7,7,7,0,0,0
FCR,100,2026-03-03 07:30:00,NA,NA,NA,NA,NA,0.386,0.033,4.409,7,7,7,7,7,0,0,0
FCR,100,2026-03-03 07:45:00,NA,NA,NA,NA,NA,0.386,0.033,4.406,7,7,7,7,7,0,0,0
FCR,100,2026-03-03 08:00:00,NA,NA,NA,NA,NA,0.387,0.033,4.415,7,7,7,7,7,0,0,0
FCR,100,2026-03-03 08:15:00,NA,NA,NA,NA,NA,0.387,0.033,4.419,7,7,7,7,7,0,0,0
FCR,100,2026-03-03 08:30:00,NA,NA,NA,NA,NA,0.387,0.033,4.437,7,7,7,7,7,0,0,0
FCR,100,2026-03-03 08:45:00,NA,NA,NA,NA,NA,0.386,0.033,4.45,7,7,7,7,7,0,0,0
FCR,100,2026-03-03 09:00:00,NA,NA,NA,NA,NA,0.386,0.033,4.475,7,7,7,7,7,0,0,0
FCR,100,2026-03-03 09:15:00,NA,NA,NA,NA,NA,0.387,0.033,4.516,7,7,7,7,7,0,0,0
FCR,100,2026-03-03 09:30:00,NA,NA,NA,NA,NA,0.387,0.033,4.587,7,7,7,7,7,0,0,0
FCR,100,2026-03-03 09:45:00,NA,NA,NA,NA,NA,0.387,0.033,4.65,7,7,7,7,7,0,0,0
FCR,100,2026-03-03 10:00:00,NA,NA,NA,NA,NA,0.387,0.033,4.721,7,7,7,7,7,0,0,0
FCR,100,2026-03-03 10:15:00,NA,NA,NA,NA,NA,0.387,0.033,4.815,7,7,7,7,7,0,0,0
FCR,100,2026-03-03 10:30:00,NA,NA,NA,NA,NA,0.389,0.034,4.95,7,7,7,7,7,0,0,0
FCR,100,2026-03-03 10:45:00,NA,NA,NA,NA,NA,0.388,0.033,5.042,7,7,7,7,7,0,0,0
FCR,100,2026-03-03 11:00:00,NA,NA,NA,NA,NA,0.388,0.033,5.126,7,7,7,7,7,0,0,0
FCR,100,2026-03-03 11:15:00,NA,NA,NA,NA,NA,0.389,0.034,5.316,7,7,7,7,7,0,0,0
FCR,100,2026-03-03 11:30:00,NA,NA,NA,NA,NA,0.389,0.034,5.472,7,7,7,7,7,0,0,0
FCR,100,2026-03-03 11:45:00,NA,NA,NA,NA,NA,0.389,0.034,5.571,7,7,7,7,7,0,0,0
FCR,100,2026-03-03 12:00:00,NA,NA,NA,NA,NA,0.389,0.034,5.664,7,7,7,7,7,0,0,0
FCR,100,2026-03-03 12:15:00,NA,NA,NA,NA,NA,0.389,0.034,5.732,7,7,7,7,7,0,0,0
FCR,100,2026-03-03 12:30:00,NA,NA,NA,NA,NA,0.39,0.034,5.778,7,7,7,7,7,0,0,0
FCR,100,2026-03-03 12:45:00,NA,NA,NA,NA,NA,0.39,0.034,5.803,7,7,7,7,7,0,0,0
FCR,100,2026-03-03 13:00:00,NA,NA,NA,NA,NA,0.39,0.034,5.819,7,7,7,7,7,0,0,0
FCR,100,2026-03-03 13:15:00,NA,NA,NA,NA,NA,0.39,0.034,5.834,7,7,7,7,7,0,0,0
FCR,100,2026-03-03 13:30:00,NA,NA,NA,NA,NA,0.39,0.034,5.838,7,7,7,7,7,0,0,0
FCR,100,2026-03-03 13:45:00,NA,NA,NA,NA,NA,0.389,0.034,5.831,7,7,7,7,7,0,0,0
FCR,100,2026-03-03 14:00:00,NA,NA,NA,NA,NA,0.389,0.034,5.83,7,7,7,7,7,0,0,0
FCR,100,2026-03-03 14:15:00,NA,NA,NA,NA,NA,0.39,0.034,5.84,7,7,7,7,7,0,0,0
FCR,100,2026-03-03 14:30:00,NA,NA,NA,NA,NA,0.389,0.034,5.856,7,7,7,7,7,0,0,0
FCR,100,2026-03-03 14:45:00,NA,NA,NA,NA,NA,0.389,0.034,5.863,7,7,7,7,7,0,0,0
FCR,100,2026-03-03 15:00:00,NA,NA,NA,NA,NA,0.389,0.034,5.862,7,7,7,7,7,0,0,0
FCR,100,2026-03-03 15:15:00,NA,NA,NA,NA,NA,0.388,0.033,5.843,7,7,7,7,7,0,0,0
FCR,100,2026-03-03 15:30:00,NA,NA,NA,NA,NA,0.389,0.034,5.83,7,7,7,7,7,0,0,0
FCR,100,2026-03-03 15:45:00,NA,NA,NA,NA,NA,0.389,0.034,5.821,7,7,7,7,7,0,0,0
FCR,100,2026-03-03 16:00:00,NA,NA,NA,NA,NA,0.389,0.034,5.822,7,7,7,7,7,0,0,0
FCR,100,2026-03-03 16:15:00,NA,NA,NA,NA,NA,0.389,0.034,5.873,7,7,7,7,7,0,0,0
FCR,100,2026-03-03 16:30:00,NA,NA,NA,NA,NA,0.388,0.033,5.919,7,7,7,7,7,0,0,0
FCR,100,2026-03-03 16:45:00,NA,NA,NA,NA,NA,0.388,0.033,5.942,7,7,7,7,7,0,0,0
FCR,100,2026-03-03 17:00:00,NA,NA,NA,NA,NA,0.389,0.034,5.97,7,7,7,7,7,0,0,0
FCR,100,2026-03-03 17:15:00,NA,NA,NA,NA,NA,0.389,0.034,6.004,7,7,7,7,7,0,0,0
FCR,100,2026-03-03 17:30:00,NA,NA,NA,NA,NA,0.389,0.034,6.005,7,7,7,7,7,0,0,0
FCR,100,2026-03-03 17:45:00,NA,NA,NA,NA,NA,0.389,0.034,5.995,7,7,7,7,7,0,0,0
FCR,100,2026-03-03 18:00:00,NA,NA,NA,NA,NA,0.388,0.033,5.983,7,7,7,7,7,0,0,0
FCR,100,2026-03-03 18:15:00,NA,NA,NA,NA,NA,0.389,0.034,5.959,7,7,7,7,7,0,0,0
FCR,100,2026-03-03 18:30:00,NA,NA,NA,NA,NA,0.388,0.033,5.927,7,7,7,7,7,0,0,0
FCR,100,2026-03-03 18:45:00,NA,NA,NA,NA,NA,0.389,0.034,5.885,7,7,7,7,7,0,0,0
FCR,100,2026-03-03 19:00:00,NA,NA,NA,NA,NA,0.388,0.033,5.844,7,7,7,7,7,0,0,0
FCR,100,2026-03-03 19:15:00,NA,NA,NA,NA,NA,0.388,0.033,5.807,7,7,7,7,7,0,0,0
FCR,100,2026-03-03 19:30:00,NA,NA,NA,NA,NA,0.386,0.033,5.791,7,7,7,7,7,0,0,0
FCR,100,2026-03-03 19:45:00,NA,NA,NA,NA,NA,0.387,0.033,5.753,7,7,7,7,7,0,0,0
FCR,100,2026-03-03 20:00:00,NA,NA,NA,NA,NA,0.388,0.033,5.721,7,7,7,7,7,0,0,0
FCR,100,2026-03-03 20:15:00,NA,NA,NA,NA,NA,0.387,0.033,5.685,7,7,7,7,7,0,0,0
FCR,100,2026-03-03 20:30:00,NA,NA,NA,NA,NA,0.387,0.033,5.644,7,7,7,7,7,0,0,0
FCR,100,2026-03-03 20:45:00,NA,NA,NA,NA,NA,0.387,0.033,5.595,7,7,7,7,7,0,0,0
FCR,100,2026-03-03 21:00:00,NA,NA,NA,NA,NA,0.387,0.033,5.543,7,7,7,7,7,0,0,0
FCR,100,2026-03-03 21:15:00,NA,NA,NA,NA,NA,0.386,0.033,5.496,7,7,7,7,7,0,0,0
FCR,100,2026-03-03 21:30:00,NA,NA,NA,NA,NA,0.387,0.033,5.45,7,7,7,7,7,0,0,0
FCR,100,2026-03-03 21:45:00,NA,NA,NA,NA,NA,0.386,0.033,5.404,7,7,7,7,7,0,0,0
FCR,100,2026-03-03 22:00:00,NA,NA,NA,NA,NA,0.386,0.033,5.359,7,7,7,7,7,0,0,0
FCR,100,2026-03-03 22:15:00,NA,NA,NA,NA,NA,0.386,0.033,5.316,7,7,7,7,7,0,0,0
FCR,100,2026-03-03 22:30:00,NA,NA,NA,NA,NA,0.387,0.033,5.284,7,7,7,7,7,0,0,0
FCR,100,2026-03-03 22:45:00,NA,NA,NA,NA,NA,0.386,0.033,5.255,7,7,7,7,7,0,0,0
FCR,100,2026-03-03 23:00:00,NA,NA,NA,NA,NA,0.385,0.032,5.235,7,7,7,7,7,0,0,0
FCR,100,2026-03-03 23:15:00,NA,NA,NA,NA,NA,0.387,0.033,5.209,7,7,7,7,7,0,0,0
FCR,100,2026-03-03 23:30:00,NA,NA,NA,NA,NA,0.385,0.032,5.191,7,7,7,7,7,0,0,0
FCR,100,2026-03-03 23:45:00,NA,NA,NA,NA,NA,0.384,0.032,5.182,7,7,7,7,7,0,0,0
FCR,100,2026-03-04 00:00:00,NA,NA,NA,NA,NA,0.385,0.032,5.166,7,7,7,7,7,0,0,0
FCR,100,2026-03-04 00:15:00,NA,NA,NA,NA,NA,0.385,0.032,5.15,7,7,7,7,7,0,0,0
FCR,100,2026-03-04 00:30:00,NA,NA,NA,NA,NA,0.386,0.033,5.124,7,7,7,7,7,0,0,0
FCR,100,2026-03-04 00:45:00,NA,NA,NA,NA,NA,0.385,0.032,5.099,7,7,7,7,7,0,0,0
FCR,100,2026-03-04 01:00:00,NA,NA,NA,NA,NA,0.385,0.032,5.078,7,7,7,7,7,0,0,0
FCR,100,2026-03-04 01:15:00,NA,NA,NA,NA,NA,0.384,0.032,5.057,7,7,7,7,7,0,0,0
FCR,100,2026-03-04 01:30:00,NA,NA,NA,NA,NA,0.386,0.033,5.039,7,7,7,7,7,0,0,0
FCR,100,2026-03-04 01:45:00,NA,NA,NA,NA,NA,0.385,0.032,5.019,7,7,7,7,7,0,0,0
FCR,100,2026-03-04 02:00:00,NA,NA,NA,NA,NA,0.384,0.032,5.001,7,7,7,7,7,0,0,0
FCR,100,2026-03-04 02:15:00,NA,NA,NA,NA,NA,0.385,0.032,4.994,7,7,7,7,7,0,0,0
FCR,100,2026-03-04 02:30:00,NA,NA,NA,NA,NA,0.384,0.032,4.998,7,7,7,7,7,0,0,0
FCR,100,2026-03-04 02:45:00,NA,NA,NA,NA,NA,0.384,0.032,5.012,7,7,7,7,7,0,0,0
FCR,100,2026-03-04 03:00:00,NA,NA,NA,NA,NA,0.384,0.032,5.025,7,7,7,7,7,0,0,0
FCR,100,2026-03-04 03:15:00,NA,NA,NA,NA,NA,0.385,0.032,5.021,7,7,7,7,7,0,0,0
FCR,100,2026-03-04 03:30:00,NA,NA,NA,NA,NA,0.385,0.032,5.016,7,7,7,7,7,0,0,0
FCR,100,2026-03-04 03:45:00,NA,NA,NA,NA,NA,0.385,0.032,5.007,7,7,7,7,7,0,0,0
FCR,100,2026-03-04 04:00:00,NA,NA,NA,NA,NA,0.384,0.032,5.005,7,7,7,7,7,0,0,0
FCR,100,2026-03-04 04:15:00,NA,NA,NA,NA,NA,0.384,0.032,4.998,7,7,7,7,7,0,0,0
FCR,100,2026-03-04 04:30:00,NA,NA,NA,NA,NA,0.384,0.032,5.007,7,7,7,7,7,0,0,0
FCR,100,2026-03-04 04:45:00,NA,NA,NA,NA,NA,0.384,0.032,5.055,7,7,7,7,7,0,0,0
FCR,100,2026-03-04 05:00:00,NA,NA,NA,NA,NA,0.385,0.032,5.087,7,7,7,7,7,0,0,0
FCR,100,2026-03-04 05:15:00,NA,NA,NA,NA,NA,0.384,0.032,5.129,7,7,7,7,7,0,0,0
FCR,100,2026-03-04 05:30:00,NA,NA,NA,NA,NA,0.384,0.032,5.169,7,7,7,7,7,0,0,0
FCR,100,2026-03-04 05:45:00,NA,NA,NA,NA,NA,0.385,0.032,5.203,7,7,7,7,7,0,0,0
FCR,100,2026-03-04 06:00:00,NA,NA,NA,NA,NA,0.384,0.032,5.247,7,7,7,7,7,0,0,0
FCR,100,2026-03-04 06:15:00,NA,NA,NA,NA,NA,0.384,0.032,5.285,7,7,7,7,7,0,0,0
FCR,100,2026-03-04 06:30:00,NA,NA,NA,NA,NA,0.386,0.033,5.312,7,7,7,7,7,0,0,0
FCR,100,2026-03-04 06:45:00,NA,NA,NA,NA,NA,0.386,0.033,5.336,7,7,7,7,7,0,0,0
FCR,100,2026-03-04 07:00:00,NA,NA,NA,NA,NA,0.384,0.032,5.382,7,7,7,7,7,0,0,0
FCR,100,2026-03-04 07:15:00,NA,NA,NA,NA,NA,0.384,0.032,5.414,7,7,7,7,7,0,0,0
FCR,100,2026-03-04 07:30:00,NA,NA,NA,NA,NA,0.384,0.032,5.423,7,7,7,7,7,0,0,0
FCR,100,2026-03-04 07:45:00,NA,NA,NA,NA,NA,0.385,0.032,5.499,7,7,7,7,7,0,0,0
FCR,100,2026-03-04 08:00:00,NA,NA,NA,NA,NA,0.385,0.032,5.584,7,7,7,7,7,0,0,0
FCR,100,2026-03-04 08:15:00,NA,NA,NA,NA,NA,0.385,0.032,5.668,7,7,7,7,7,0,0,0
FCR,100,2026-03-04 08:30:00,NA,NA,NA,NA,NA,0.385,0.032,5.752,7,7,7,7,7,0,0,0
FCR,100,2026-03-04 08:45:00,NA,NA,NA,NA,NA,0.385,0.032,5.866,7,7,7,7,7,0,0,0
FCR,100,2026-03-04 09:00:00,NA,NA,NA,NA,NA,0.385,0.032,5.968,7,7,7,7,7,0,0,0
FCR,100,2026-03-04 09:15:00,NA,NA,NA,NA,NA,0.386,0.033,6.079,7,7,7,7,7,0,0,0
FCR,100,2026-03-04 09:30:00,NA,NA,NA,NA,NA,0.386,0.033,6.186,7,7,7,7,7,0,0,0
FCR,100,2026-03-04 09:45:00,NA,NA,NA,NA,NA,0.386,0.033,6.333,7,7,7,7,7,0,0,0
FCR,100,2026-03-04 10:00:00,NA,NA,NA,NA,NA,0.386,0.033,6.474,7,7,7,7,7,0,0,0
FCR,100,2026-03-04 10:15:00,NA,NA,NA,NA,NA,0.388,0.033,6.612,7,7,7,7,7,0,0,0
FCR,100,2026-03-04 10:30:00,NA,NA,NA,NA,NA,0.388,0.033,6.796,7,7,7,7,7,0,0,0
FCR,100,2026-03-04 10:45:00,NA,NA,NA,NA,NA,0.388,0.033,6.998,7,7,7,7,7,0,0,0
FCR,100,2026-03-04 11:00:00,NA,NA,NA,NA,NA,0.388,0.033,7.123,7,7,7,7,7,0,0,0
FCR,100,2026-03-04 11:15:00,NA,NA,NA,NA,NA,0.388,0.033,7.226,7,7,7,7,7,0,0,0
FCR,100,2026-03-04 11:30:00,NA,NA,NA,NA,NA,0.388,0.033,7.358,7,7,7,7,7,0,0,0
FCR,100,2026-03-04 11:45:00,NA,NA,NA,NA,NA,0.39,0.034,7.543,7,7,7,7,7,0,0,0
FCR,100,2026-03-04 12:00:00,NA,NA,NA,NA,NA,0.389,0.034,7.721,7,7,7,7,7,0,0,0
FCR,100,2026-03-04 12:15:00,NA,NA,NA,NA,NA,0.39,0.034,7.976,7,7,7,7,7,0,0,0
FCR,100,2026-03-04 12:30:00,NA,NA,NA,NA,NA,0.389,0.034,8.15,7,7,7,7,7,0,0,0
FCR,100,2026-03-04 12:45:00,NA,NA,NA,NA,NA,0.39,0.034,8.45,7,7,7,7,7,0,0,0
FCR,100,2026-03-04 13:00:00,NA,NA,NA,NA,NA,0.391,0.034,8.65,7,7,7,7,7,0,0,0
FCR,100,2026-03-04 13:15:00,NA,NA,NA,NA,NA,0.392,0.035,8.81,7,7,7,7,7,0,0,0
FCR,100,2026-03-04 13:30:00,NA,NA,NA,NA,NA,0.392,0.035,9.05,7,7,7,7,7,0,0,0
FCR,100,2026-03-04 13:45:00,NA,NA,NA,NA,NA,0.392,0.035,9.24,7,7,7,7,7,0,0,0
FCR,100,2026-03-04 14:00:00,NA,NA,NA,NA,NA,0.393,0.035,9.49,7,7,7,7,7,0,0,0
FCR,100,2026-03-04 14:15:00,NA,NA,NA,NA,NA,0.393,0.035,9.61,7,7,7,7,7,0,0,0
FCR,100,2026-03-04 14:30:00,NA,NA,NA,NA,NA,0.393,0.035,9.78,7,7,7,7,7,0,0,0
FCR,100,2026-03-04 14:45:00,NA,NA,NA,NA,NA,0.394,0.035,9.84,7,7,7,7,7,0,0,0
FCR,100,2026-03-04 15:00:00,NA,NA,NA,NA,NA,0.392,0.035,9.81,7,7,7,7,7,0,0,0
FCR,100,2026-03-04 15:15:00,NA,NA,NA,NA,NA,0.393,0.035,9.81,7,7,7,7,7,0,0,0
FCR,100,2026-03-04 15:30:00,NA,NA,NA,NA,NA,0.393,0.035,9.78,7,7,7,7,7,0,0,0
FCR,100,2026-03-04 15:45:00,NA,NA,NA,NA,NA,0.393,0.035,9.75,7,7,7,7,7,0,0,0
FCR,100,2026-03-04 16:00:00,NA,NA,NA,NA,NA,0.393,0.035,9.7,7,7,7,7,7,0,0,0
FCR,100,2026-03-04 16:15:00,NA,NA,NA,NA,NA,0.393,0.035,9.72,7,7,7,7,7,0,0,0
FCR,100,2026-03-04 16:30:00,NA,NA,NA,NA,NA,0.393,0.035,9.72,7,7,7,7,7,0,0,0
FCR,100,2026-03-04 16:45:00,NA,NA,NA,NA,NA,0.393,0.035,9.66,7,7,7,7,7,0,0,0
FCR,100,2026-03-04 17:00:00,NA,NA,NA,NA,NA,0.391,0.034,9.57,7,7,7,7,7,0,0,0
FCR,100,2026-03-04 17:15:00,NA,NA,NA,NA,NA,0.392,0.035,9.44,7,7,7,7,7,0,0,0
FCR,100,2026-03-04 17:30:00,NA,NA,NA,NA,NA,0.392,0.035,9.31,7,7,7,7,7,0,0,0
FCR,100,2026-03-04 17:45:00,NA,NA,NA,NA,NA,0.391,0.034,9.19,7,7,7,7,7,0,0,0
FCR,100,2026-03-04 18:00:00,NA,NA,NA,NA,NA,0.392,0.035,9.09,7,7,7,7,7,0,0,0
FCR,100,2026-03-04 18:15:00,NA,NA,NA,NA,NA,0.391,0.034,8.99,7,7,7,7,7,0,0,0
FCR,100,2026-03-04 18:30:00,NA,NA,NA,NA,NA,0.39,0.034,8.91,7,7,7,7,7,0,0,0
FCR,100,2026-03-04 18:45:00,NA,NA,NA,NA,NA,0.391,0.034,8.83,7,7,7,7,7,0,0,0
FCR,100,2026-03-04 19:00:00,NA,NA,NA,NA,NA,0.39,0.034,8.79,7,7,7,7,7,0,0,0
FCR,100,2026-03-04 19:15:00,NA,NA,NA,NA,NA,0.39,0.034,8.75,7,7,7,7,7,0,0,0
FCR,100,2026-03-04 19:30:00,NA,NA,NA,NA,NA,0.39,0.034,8.71,7,7,7,7,7,0,0,0
FCR,100,2026-03-04 19:45:00,NA,NA,NA,NA,NA,0.389,0.034,8.67,7,7,7,7,7,0,0,0
FCR,100,2026-03-04 20:00:00,NA,NA,NA,NA,NA,0.39,0.034,8.61,7,7,7,7,7,0,0,0
FCR,100,2026-03-04 20:15:00,NA,NA,NA,NA,NA,0.388,0.033,8.55,7,7,7,7,7,0,0,0
FCR,100,2026-03-04 20:30:00,NA,NA,NA,NA,NA,0.389,0.034,8.49,7,7,7,7,7,0,0,0
FCR,100,2026-03-04 20:45:00,NA,NA,NA,NA,NA,0.389,0.034,8.42,7,7,7,7,7,0,0,0
FCR,100,2026-03-04 21:00:00,NA,NA,NA,NA,NA,0.389,0.034,8.36,7,7,7,7,7,0,0,0
FCR,100,2026-03-04 21:15:00,NA,NA,NA,NA,NA,0.389,0.034,8.3,7,7,7,7,7,0,0,0
FCR,100,2026-03-04 21:30:00,NA,NA,NA,NA,NA,0.389,0.034,8.25,7,7,7,7,7,0,0,0
FCR,100,2026-03-04 21:45:00,NA,NA,NA,NA,NA,0.389,0.034,8.2,7,7,7,7,7,0,0,0
FCR,100,2026-03-04 22:00:00,NA,NA,NA,NA,NA,0.389,0.034,8.15,7,7,7,7,7,0,0,0
FCR,100,2026-03-04 22:15:00,NA,NA,NA,NA,NA,0.387,0.033,8.1,7,7,7,7,7,0,0,0
FCR,100,2026-03-04 22:30:00,NA,NA,NA,NA,NA,0.388,0.033,8.06,7,7,7,7,7,0,0,0
FCR,100,2026-03-04 22:45:00,NA,NA,NA,NA,NA,0.389,0.034,8.01,7,7,7,7,7,0,0,0
FCR,100,2026-03-04 23:00:00,NA,NA,NA,NA,NA,0.388,0.033,7.963,7,7,7,7,7,0,0,0
FCR,100,2026-03-04 23:15:00,NA,NA,NA,NA,NA,0.388,0.033,7.936,7,7,7,7,7,0,0,0
FCR,100,2026-03-04 23:30:00,NA,NA,NA,NA,NA,0.387,0.033,7.92,7,7,7,7,7,0,0,0
FCR,100,2026-03-04 23:45:00,NA,NA,NA,NA,NA,0.388,0.033,7.906,7,7,7,7,7,0,0,0
FCR,100,2026-03-05 00:00:00,NA,NA,NA,NA,NA,0.388,0.033,7.895,7,7,7,7,7,0,0,0
FCR,100,2026-03-05 00:15:00,NA,NA,NA,NA,NA,0.387,0.033,7.884,7,7,7,7,7,0,0,0
FCR,100,2026-03-05 00:30:00,NA,NA,NA,NA,NA,0.387,0.033,7.877,7,7,7,7,7,0,0,0
FCR,100,2026-03-05 00:45:00,NA,NA,NA,NA,NA,0.387,0.033,7.871,7,7,7,7,7,0,0,0
FCR,100,2026-03-05 01:00:00,NA,NA,NA,NA,NA,0.387,0.033,7.861,7,7,7,7,7,0,0,0
FCR,100,2026-03-05 01:15:00,NA,NA,NA,NA,NA,0.387,0.033,7.851,7,7,7,7,7,0,0,0
FCR,100,2026-03-05 01:30:00,NA,NA,NA,NA,NA,0.387,0.033,7.837,7,7,7,7,7,0,0,0
FCR,100,2026-03-05 01:45:00,NA,NA,NA,NA,NA,0.388,0.033,7.823,7,7,7,7,7,0,0,0
FCR,100,2026-03-05 02:00:00,NA,NA,NA,NA,NA,0.388,0.033,7.811,7,7,7,7,7,0,0,0
FCR,100,2026-03-05 02:15:00,NA,NA,NA,NA,NA,0.386,0.033,7.801,7,7,7,7,7,0,0,0
FCR,100,2026-03-05 02:30:00,NA,NA,NA,NA,NA,0.387,0.033,7.79,7,7,7,7,7,0,0,0
FCR,100,2026-03-05 02:45:00,NA,NA,NA,NA,NA,0.387,0.033,7.778,7,7,7,7,7,0,0,0
FCR,100,2026-03-05 03:00:00,NA,NA,NA,NA,NA,0.387,0.033,7.764,7,7,7,7,7,0,0,0
FCR,100,2026-03-05 03:15:00,NA,NA,NA,NA,NA,0.387,0.033,7.753,7,7,7,7,7,0,0,0
FCR,100,2026-03-05 03:30:00,NA,NA,NA,NA,NA,0.387,0.033,7.735,7,7,7,7,7,0,0,0
FCR,100,2026-03-05 03:45:00,NA,NA,NA,NA,NA,0.387,0.033,7.714,7,7,7,7,7,0,0,0
FCR,100,2026-03-05 04:00:00,NA,NA,NA,NA,NA,0.387,0.033,7.693,7,7,7,7,7,0,0,0
FCR,100,2026-03-05 04:15:00,NA,NA,NA,NA,NA,0.387,0.033,7.677,7,7,7,7,7,0,0,0
FCR,100,2026-03-05 04:30:00,NA,NA,NA,NA,NA,0.385,0.032,7.662,7,7,7,7,7,0,0,0
FCR,100,2026-03-05 04:45:00,NA,NA,NA,NA,NA,0.387,0.033,7.637,7,7,7,7,7,0,0,0
FCR,100,2026-03-05 05:00:00,NA,NA,NA,NA,NA,0.386,0.033,7.614,7,7,7,7,7,0,0,0
FCR,100,2026-03-05 05:15:00,NA,NA,NA,NA,NA,0.385,0.032,7.59,7,7,7,7,7,0,0,0
FCR,100,2026-03-05 05:30:00,NA,NA,NA,NA,NA,0.386,0.033,7.564,7,7,7,7,7,0,0,0
FCR,100,2026-03-05 05:45:00,NA,NA,NA,NA,NA,0.386,0.033,7.537,7,7,7,7,7,0,0,0
FCR,100,2026-03-05 06:00:00,NA,NA,NA,NA,NA,0.385,0.032,7.508,7,7,7,7,7,0,0,0
FCR,100,2026-03-05 06:15:00,NA,NA,NA,NA,NA,0.386,0.033,7.482,7,7,7,7,7,0,0,0
FCR,100,2026-03-05 06:30:00,NA,NA,NA,NA,NA,0.385,0.032,7.456,7,7,7,7,7,0,0,0
FCR,100,2026-03-05 06:45:00,NA,NA,NA,NA,NA,0.386,0.033,7.434,7,7,7,7,7,0,0,0
FCR,100,2026-03-05 07:00:00,NA,NA,NA,NA,NA,0.387,0.033,7.418,7,7,7,7,7,0,0,0
FCR,100,2026-03-05 07:15:00,NA,NA,NA,NA,NA,0.385,0.032,7.41,7,7,7,7,7,0,0,0
FCR,100,2026-03-05 07:30:00,NA,NA,NA,NA,NA,0.385,0.032,7.422,7,7,7,7,7,0,0,0
FCR,100,2026-03-05 07:45:00,NA,NA,NA,NA,NA,0.385,0.032,7.445,7,7,7,7,7,0,0,0
FCR,100,2026-03-05 08:00:00,NA,NA,NA,NA,NA,0.385,0.032,7.475,7,7,7,7,7,0,0,0
FCR,100,2026-03-05 08:15:00,NA,NA,NA,NA,NA,0.385,0.032,7.521,7,7,7,7,7,0,0,0
FCR,100,2026-03-05 08:30:00,NA,NA,NA,NA,NA,0.385,0.032,7.561,7,7,7,7,7,0,0,0
FCR,100,2026-03-05 08:45:00,NA,NA,NA,NA,NA,0.385,0.032,7.634,7,7,7,7,7,0,0,0
FCR,100,2026-03-05 09:00:00,NA,NA,NA,NA,NA,0.385,0.032,7.758,7,7,7,7,7,0,0,0
FCR,100,2026-03-05 09:15:00,NA,NA,NA,NA,NA,0.385,0.032,7.859,7,7,7,7,7,0,0,0
FCR,100,2026-03-05 09:30:00,NA,NA,NA,NA,NA,0.386,0.033,7.985,7,7,7,7,7,0,0,0
FCR,100,2026-03-05 09:45:00,NA,NA,NA,NA,NA,0.385,0.032,8.13,7,7,7,7,7,0,0,0
FCR,100,2026-03-05 10:00:00,NA,NA,NA,NA,NA,0.386,0.033,8.3,7,7,7,7,7,0,0,0
FCR,100,2026-03-05 10:15:00,NA,NA,NA,NA,NA,0.387,0.033,8.46,7,7,7,7,7,0,0,0
FCR,100,2026-03-05 10:30:00,NA,NA,NA,NA,NA,0.386,0.033,8.66,7,7,7,7,7,0,0,0
FCR,100,2026-03-05 10:45:00,NA,NA,NA,NA,NA,0.388,0.033,8.95,7,7,7,7,7,0,0,0
FCR,100,2026-03-05 11:00:00,NA,NA,NA,NA,NA,0.388,0.033,9.27,7,7,7,7,7,0,0,0
FCR,100,2026-03-05 11:15:00,NA,NA,NA,NA,NA,0.39,0.034,9.61,7,7,7,7,7,0,0,0
FCR,100,2026-03-05 11:30:00,NA,NA,NA,NA,NA,0.389,0.034,9.89,7,7,7,7,7,0,0,0
FCR,100,2026-03-05 11:45:00,NA,NA,NA,NA,NA,0.391,0.034,10.19,7,7,7,7,7,0,0,0
FCR,100,2026-03-05 12:00:00,NA,NA,NA,NA,NA,0.39,0.034,10.5,7,7,7,7,7,0,0,0
FCR,100,2026-03-05 12:15:00,NA,NA,NA,NA,NA,0.39,0.034,10.84,7,7,7,7,7,0,0,0
FCR,100,2026-03-05 12:30:00,NA,NA,NA,NA,NA,0.393,0.035,11.24,7,7,7,7,7,0,0,0
FCR,100,2026-03-05 12:45:00,NA,NA,NA,NA,NA,0.392,0.035,11.6,7,7,7,7,7,0,0,0
FCR,100,2026-03-05 13:00:00,NA,NA,NA,NA,NA,0.393,0.035,11.82,7,7,7,7,7,0,0,0
FCR,100,2026-03-05 13:15:00,NA,NA,NA,NA,NA,0.394,0.035,12,7,7,7,7,7,0,0,0
FCR,100,2026-03-05 13:30:00,NA,NA,NA,NA,NA,0.394,0.035,12.22,7,7,7,7,7,0,0,0
FCR,100,2026-03-05 13:45:00,NA,NA,NA,NA,NA,0.394,0.035,12.26,7,7,7,7,7,0,0,0
FCR,100,2026-03-05 14:00:00,NA,NA,NA,NA,NA,0.394,0.035,12.38,7,7,7,7,7,0,0,0
FCR,100,2026-03-05 14:15:00,NA,NA,NA,NA,NA,0.395,0.036,12.53,7,7,7,7,7,0,0,0
FCR,100,2026-03-05 14:30:00,NA,NA,NA,NA,NA,0.395,0.036,12.47,7,7,7,7,7,0,0,0
FCR,100,2026-03-05 14:45:00,NA,NA,NA,NA,NA,0.394,0.035,12.26,7,7,7,7,7,0,0,0
FCR,100,2026-03-05 15:00:00,NA,NA,NA,NA,NA,0.394,0.035,12.19,7,7,7,7,7,0,0,0
FCR,100,2026-03-05 15:15:00,NA,NA,NA,NA,NA,0.392,0.035,12.21,7,7,7,7,7,0,0,0
FCR,100,2026-03-05 15:30:00,NA,NA,NA,NA,NA,0.393,0.035,12.34,7,7,7,7,7,0,0,0
FCR,100,2026-03-05 15:45:00,NA,NA,NA,NA,NA,0.394,0.035,12.29,7,7,7,7,7,0,0,0
FCR,100,2026-03-05 16:00:00,NA,NA,NA,NA,NA,0.393,0.035,12.23,7,7,7,7,7,0,0,0
FCR,100,2026-03-05 16:15:00,NA,NA,NA,NA,NA,0.393,0.035,12.14,7,7,7,7,7,0,0,0
FCR,100,2026-03-05 16:30:00,NA,NA,NA,NA,NA,0.393,0.035,12.07,7,7,7,7,7,0,0,0
FCR,100,2026-03-05 16:45:00,NA,NA,NA,NA,NA,0.393,0.035,12.03,7,7,7,7,7,0,0,0
FCR,100,2026-03-05 17:00:00,NA,NA,NA,NA,NA,0.392,0.035,11.86,7,7,7,7,7,0,0,0
FCR,100,2026-03-05 17:15:00,NA,NA,NA,NA,NA,0.392,0.035,11.71,7,7,7,7,7,0,0,0
FCR,100,2026-03-05 17:30:00,NA,NA,NA,NA,NA,0.392,0.035,11.59,7,7,7,7,7,0,0,0
FCR,100,2026-03-05 17:45:00,NA,NA,NA,NA,NA,0.392,0.035,11.47,7,7,7,7,7,0,0,0
FCR,100,2026-03-05 18:00:00,NA,NA,NA,NA,NA,0.391,0.034,11.36,7,7,7,7,7,0,0,0
FCR,100,2026-03-05 18:15:00,NA,NA,NA,NA,NA,0.39,0.034,11.27,7,7,7,7,7,0,0,0
FCR,100,2026-03-05 18:30:00,NA,NA,NA,NA,NA,0.391,0.034,11.18,7,7,7,7,7,0,0,0
FCR,100,2026-03-05 18:45:00,NA,NA,NA,NA,NA,0.39,0.034,11.08,7,7,7,7,7,0,0,0
FCR,100,2026-03-05 19:00:00,NA,NA,NA,NA,NA,0.39,0.034,10.98,7,7,7,7,7,0,0,0
FCR,100,2026-03-05 19:15:00,NA,NA,NA,NA,NA,0.391,0.034,10.89,7,7,7,7,7,0,0,0
FCR,100,2026-03-05 19:30:00,NA,NA,NA,NA,NA,0.39,0.034,10.81,7,7,7,7,7,0,0,0
FCR,100,2026-03-05 19:45:00,NA,NA,NA,NA,NA,0.389,0.034,10.72,7,7,7,7,7,0,0,0
FCR,100,2026-03-05 20:00:00,NA,NA,NA,NA,NA,0.389,0.034,10.65,7,7,7,7,7,0,0,0
FCR,100,2026-03-05 20:15:00,NA,NA,NA,NA,NA,0.389,0.034,10.58,7,7,7,7,7,0,0,0
FCR,100,2026-03-05 20:30:00,NA,NA,NA,NA,NA,0.389,0.034,10.51,7,7,7,7,7,0,0,0
FCR,100,2026-03-05 20:45:00,NA,NA,NA,NA,NA,0.388,0.033,10.45,7,7,7,7,7,0,0,0
FCR,100,2026-03-05 21:00:00,NA,NA,NA,NA,NA,0.388,0.033,10.39,7,7,7,7,7,0,0,0
FCR,100,2026-03-05 21:15:00,NA,NA,NA,NA,NA,0.389,0.034,10.32,7,7,7,7,7,0,0,0
FCR,100,2026-03-05 21:30:00,NA,NA,NA,NA,NA,0.389,0.034,10.25,7,7,7,7,7,0,0,0
FCR,100,2026-03-05 21:45:00,NA,NA,NA,NA,NA,0.388,0.033,10.18,7,7,7,7,7,0,0,0
FCR,100,2026-03-05 22:00:00,NA,NA,NA,NA,NA,0.388,0.033,10.13,7,7,7,7,7,0,0,0
FCR,100,2026-03-05 22:15:00,NA,NA,NA,NA,NA,0.388,0.033,10.08,7,7,7,7,7,0,0,0
FCR,100,2026-03-05 22:30:00,NA,NA,NA,NA,NA,0.387,0.033,10.04,7,7,7,7,7,0,0,0
FCR,100,2026-03-05 22:45:00,NA,NA,NA,NA,NA,0.387,0.033,10.01,7,7,7,7,7,0,0,0
FCR,100,2026-03-05 23:00:00,NA,NA,NA,NA,NA,0.388,0.033,9.97,7,7,7,7,7,0,0,0
FCR,100,2026-03-05 23:15:00,NA,NA,NA,NA,NA,0.387,0.033,9.93,7,7,7,7,7,0,0,0
FCR,100,2026-03-05 23:30:00,NA,NA,NA,NA,NA,0.387,0.033,9.9,7,7,7,7,7,0,0,0
FCR,100,2026-03-05 23:45:00,NA,NA,NA,NA,NA,0.387,0.033,9.87,7,7,7,7,7,0,0,0
FCR,100,2026-03-06 00:00:00,NA,NA,NA,NA,NA,0.387,0.033,9.84,7,7,7,7,7,0,0,0
FCR,100,2026-03-06 00:15:00,NA,NA,NA,NA,NA,0.388,0.033,9.81,7,7,7,7,7,0,0,0
FCR,100,2026-03-06 00:30:00,NA,NA,NA,NA,NA,0.387,0.033,9.8,7,7,7,7,7,0,0,0
FCR,100,2026-03-06 00:45:00,NA,NA,NA,NA,NA,0.387,0.033,9.77,7,7,7,7,7,0,0,0
FCR,100,2026-03-06 01:00:00,NA,NA,NA,NA,NA,0.387,0.033,9.75,7,7,7,7,7,0,0,0
FCR,100,2026-03-06 01:15:00,NA,NA,NA,NA,NA,0.387,0.033,9.75,7,7,7,7,7,0,0,0
FCR,100,2026-03-06 01:30:00,NA,NA,NA,NA,NA,0.386,0.033,9.75,7,7,7,7,7,0,0,0
FCR,100,2026-03-06 01:45:00,NA,NA,NA,NA,NA,0.386,0.033,9.76,7,7,7,7,7,0,0,0
FCR,100,2026-03-06 02:00:00,NA,NA,NA,NA,NA,0.386,0.033,9.75,7,7,7,7,7,0,0,0
FCR,100,2026-03-06 02:15:00,NA,NA,NA,NA,NA,0.386,0.033,9.74,7,7,7,7,7,0,0,0
FCR,100,2026-03-06 02:30:00,NA,NA,NA,NA,NA,0.386,0.033,9.71,7,7,7,7,7,0,0,0
FCR,100,2026-03-06 02:45:00,NA,NA,NA,NA,NA,0.385,0.032,9.69,7,7,7,7,7,0,0,0
FCR,100,2026-03-06 03:00:00,NA,NA,NA,NA,NA,0.385,0.032,9.69,7,7,7,7,7,0,0,0
FCR,100,2026-03-06 03:15:00,NA,NA,NA,NA,NA,0.386,0.033,9.7,7,7,7,7,7,0,0,0
FCR,100,2026-03-06 03:30:00,NA,NA,NA,NA,NA,0.386,0.033,9.69,7,7,7,7,7,0,0,0
FCR,100,2026-03-06 03:45:00,NA,NA,NA,NA,NA,0.386,0.033,9.68,7,7,7,7,7,0,0,0
FCR,100,2026-03-06 04:00:00,NA,NA,NA,NA,NA,0.386,0.033,9.66,7,7,7,7,7,0,0,0
FCR,100,2026-03-06 04:15:00,NA,NA,NA,NA,NA,0.387,0.033,9.64,7,7,7,7,7,0,0,0
FCR,100,2026-03-06 04:30:00,NA,NA,NA,NA,NA,0.386,0.033,9.63,7,7,7,7,7,0,0,0
FCR,100,2026-03-06 04:45:00,NA,NA,NA,NA,NA,0.385,0.032,9.62,7,7,7,7,7,0,0,0
FCR,100,2026-03-06 05:00:00,NA,NA,NA,NA,NA,0.386,0.033,9.62,7,7,7,7,7,0,0,0
FCR,100,2026-03-06 05:15:00,NA,NA,NA,NA,NA,0.386,0.033,9.61,7,7,7,7,7,0,0,0
FCR,100,2026-03-06 05:30:00,NA,NA,NA,NA,NA,0.386,0.033,9.59,7,7,7,7,7,0,0,0
FCR,100,2026-03-06 05:45:00,NA,NA,NA,NA,NA,0.385,0.032,9.57,7,7,7,7,7,0,0,0
FCR,100,2026-03-06 06:00:00,NA,NA,NA,NA,NA,0.386,0.033,9.54,7,7,7,7,7,0,0,0
FCR,100,2026-03-06 06:15:00,NA,NA,NA,NA,NA,0.385,0.032,9.51,7,7,7,7,7,0,0,0
FCR,100,2026-03-06 06:30:00,NA,NA,NA,NA,NA,0.385,0.032,9.49,7,7,7,7,7,0,0,0
FCR,100,2026-03-06 06:45:00,NA,NA,NA,NA,NA,0.385,0.032,9.47,7,7,7,7,7,0,0,0
FCR,100,2026-03-06 07:00:00,NA,NA,NA,NA,NA,0.385,0.032,9.47,7,7,7,7,7,0,0,0
FCR,100,2026-03-06 07:15:00,NA,NA,NA,NA,NA,0.385,0.032,9.47,7,7,7,7,7,0,0,0
FCR,100,2026-03-06 07:30:00,NA,NA,NA,NA,NA,0.384,0.032,9.48,7,7,7,7,7,0,0,0
FCR,100,2026-03-06 07:45:00,NA,NA,NA,NA,NA,0.385,0.032,9.52,7,7,7,7,7,0,0,0
FCR,100,2026-03-06 08:00:00,NA,NA,NA,NA,NA,0.384,0.032,9.57,7,7,7,7,7,0,0,0
FCR,100,2026-03-06 08:15:00,NA,NA,NA,NA,NA,0.385,0.032,9.61,7,7,7,7,7,0,0,0
FCR,100,2026-03-06 08:30:00,NA,NA,NA,NA,NA,0.385,0.032,9.67,7,7,7,7,7,0,0,0
FCR,100,2026-03-06 08:45:00,NA,NA,NA,NA,NA,0.385,0.032,9.75,7,7,7,7,7,0,0,0
FCR,100,2026-03-06 09:00:00,NA,NA,NA,NA,NA,0.385,0.032,9.79,7,7,7,7,7,0,0,0
FCR,100,2026-03-06 09:15:00,NA,NA,NA,NA,NA,0.385,0.032,9.86,7,7,7,7,7,0,0,0
FCR,100,2026-03-06 09:30:00,NA,NA,NA,NA,NA,0.386,0.033,9.96,7,7,7,7,7,0,0,0
FCR,100,2026-03-06 09:45:00,NA,NA,NA,NA,NA,0.386,0.033,10.09,7,7,7,7,7,0,0,0
FCR,100,2026-03-06 10:00:00,NA,NA,NA,NA,NA,0.386,0.033,10.28,7,7,7,7,7,0,0,0
FCR,100,2026-03-06 10:15:00,NA,NA,NA,NA,NA,0.387,0.033,10.45,7,7,7,7,7,0,0,0
FCR,100,2026-03-06 10:30:00,NA,NA,NA,NA,NA,0.388,0.033,10.69,7,7,7,7,7,0,0,0
FCR,100,2026-03-06 10:45:00,NA,NA,NA,NA,NA,0.388,0.033,10.95,7,7,7,7,7,0,0,0
FCR,100,2026-03-06 11:00:00,NA,NA,NA,NA,NA,0.388,0.033,11.25,7,7,7,7,7,0,0,0
FCR,100,2026-03-06 11:15:00,NA,NA,NA,NA,NA,0.389,0.034,11.57,7,7,7,7,7,0,0,0
FCR,100,2026-03-06 11:30:00,NA,NA,NA,NA,NA,0.389,0.034,11.93,7,7,7,7,7,0,0,0
FCR,100,2026-03-06 11:45:00,NA,NA,NA,NA,NA,0.39,0.034,12.3,7,7,7,7,7,0,0,0
FCR,100,2026-03-06 12:00:00,NA,NA,NA,NA,NA,0.392,0.035,12.67,7,7,7,7,7,0,0,0
FCR,100,2026-03-06 12:15:00,NA,NA,NA,NA,NA,0.392,0.035,13.08,7,7,7,7,7,0,0,0
FCR,100,2026-03-06 12:30:00,NA,NA,NA,NA,NA,0.392,0.035,13.38,7,7,7,7,7,0,0,0
FCR,100,2026-03-06 12:45:00,NA,NA,NA,NA,NA,0.393,0.035,13.67,7,7,7,7,7,0,0,0
FCR,100,2026-03-06 13:00:00,NA,NA,NA,NA,NA,0.393,0.035,13.92,7,7,7,7,7,0,0,0
FCR,100,2026-03-06 13:15:00,NA,NA,NA,NA,NA,0.393,0.035,13.83,7,7,7,7,7,0,0,0
FCR,100,2026-03-06 13:30:00,NA,NA,NA,NA,NA,0.393,0.035,13.96,7,7,7,7,7,0,0,0
FCR,100,2026-03-06 13:45:00,NA,NA,NA,NA,NA,0.393,0.035,14.16,7,7,7,7,7,0,0,0
FCR,100,2026-03-06 14:00:00,NA,NA,NA,NA,NA,0.393,0.035,14.35,7,7,7,7,7,0,0,0
FCR,100,2026-03-06 14:15:00,NA,NA,NA,NA,NA,0.394,0.035,14.55,7,7,7,7,7,0,0,0
FCR,100,2026-03-06 14:30:00,NA,NA,NA,NA,NA,0.394,0.035,14.67,7,7,7,7,7,0,0,0
FCR,100,2026-03-06 14:45:00,NA,NA,NA,NA,NA,0.394,0.035,14.53,7,7,7,7,7,0,0,0
FCR,100,2026-03-06 15:00:00,NA,NA,NA,NA,NA,0.393,0.035,14.68,7,7,7,7,7,0,0,0
FCR,100,2026-03-06 15:15:00,NA,NA,NA,NA,NA,0.394,0.035,14.56,7,7,7,7,7,0,0,0
FCR,100,2026-03-06 15:30:00,NA,NA,NA,NA,NA,0.393,0.035,14.67,7,7,7,7,7,0,0,0
FCR,100,2026-03-06 15:45:00,NA,NA,NA,NA,NA,0.393,0.035,14.64,7,7,7,7,7,0,0,0
FCR,100,2026-03-06 16:00:00,NA,NA,NA,NA,NA,0.394,0.035,14.51,7,7,7,7,7,0,0,0
FCR,100,2026-03-06 16:15:00,NA,NA,NA,NA,NA,0.393,0.035,14.37,7,7,7,7,7,0,0,0
FCR,100,2026-03-06 16:30:00,NA,NA,NA,NA,NA,0.393,0.035,14.32,7,7,7,7,7,0,0,0
FCR,100,2026-03-06 16:45:00,NA,NA,NA,NA,NA,0.393,0.035,14.23,7,7,7,7,7,0,0,0
FCR,100,2026-03-06 17:00:00,NA,NA,NA,NA,NA,0.393,0.035,14.08,7,7,7,7,7,0,0,0
FCR,100,2026-03-06 17:15:00,NA,NA,NA,NA,NA,0.392,0.035,13.9,7,7,7,7,7,0,0,0
FCR,100,2026-03-06 17:30:00,NA,NA,NA,NA,NA,0.392,0.035,13.72,7,7,7,7,7,0,0,0
FCR,100,2026-03-06 17:45:00,NA,NA,NA,NA,NA,0.391,0.034,13.54,7,7,7,7,7,0,0,0
FCR,100,2026-03-06 18:00:00,NA,NA,NA,NA,NA,0.391,0.034,13.36,7,7,7,7,7,0,0,0
FCR,100,2026-03-06 18:15:00,NA,NA,NA,NA,NA,0.39,0.034,13.17,7,7,7,7,7,0,0,0
FCR,100,2026-03-06 18:30:00,NA,NA,NA,NA,NA,0.39,0.034,12.99,7,7,7,7,7,0,0,0
FCR,100,2026-03-06 18:45:00,NA,NA,NA,NA,NA,0.389,0.034,12.83,7,7,7,7,7,0,0,0
FCR,100,2026-03-06 19:00:00,NA,NA,NA,NA,NA,0.39,0.034,12.68,7,7,7,7,7,0,0,0
FCR,100,2026-03-06 19:15:00,NA,NA,NA,NA,NA,0.389,0.034,12.55,7,7,7,7,7,0,0,0
FCR,100,2026-03-06 19:30:00,NA,NA,NA,NA,NA,0.388,0.033,12.44,7,7,7,7,7,0,0,0
FCR,100,2026-03-06 19:45:00,NA,NA,NA,NA,NA,0.389,0.034,12.34,7,7,7,7,7,0,0,0
FCR,100,2026-03-06 20:00:00,NA,NA,NA,NA,NA,0.388,0.033,12.25,7,7,7,7,7,0,0,0
FCR,100,2026-03-06 20:15:00,NA,NA,NA,NA,NA,NA,NA,NA,7,7,7,7,7,7,7,7
FCR,100,2026-03-06 20:30:00,NA,NA,NA,NA,NA,0.388,0.033,12.09,7,7,7,7,7,0,0,0
FCR,100,2026-03-06 20:45:00,NA,NA,NA,NA,NA,0.388,0.033,12.02,7,7,7,7,7,0,0,0
FCR,100,2026-03-06 21:00:00,NA,NA,NA,NA,NA,0.387,0.033,11.96,7,7,7,7,7,0,0,0
FCR,100,2026-03-06 21:15:00,NA,NA,NA,NA,NA,0.386,0.033,11.91,7,7,7,7,7,0,0,0
FCR,100,2026-03-06 21:30:00,NA,NA,NA,NA,NA,0.387,0.033,11.86,7,7,7,7,7,0,0,0
FCR,100,2026-03-06 21:45:00,NA,NA,NA,NA,NA,0.388,0.033,11.82,7,7,7,7,7,0,0,0
FCR,100,2026-03-06 22:00:00,NA,NA,NA,NA,NA,0.388,0.033,11.78,7,7,7,7,7,0,0,0
FCR,100,2026-03-06 22:15:00,NA,NA,NA,NA,NA,0.386,0.033,11.75,7,7,7,7,7,0,0,0
FCR,100,2026-03-06 22:30:00,NA,NA,NA,NA,NA,0.387,0.033,11.71,7,7,7,7,7,0,0,0
FCR,100,2026-03-06 22:45:00,NA,NA,NA,NA,NA,0.386,0.033,11.69,7,7,7,7,7,0,0,0
FCR,100,2026-03-06 23:00:00,NA,NA,NA,NA,NA,0.386,0.033,11.67,7,7,7,7,7,0,0,0
FCR,100,2026-03-06 23:15:00,NA,NA,NA,NA,NA,0.387,0.033,11.67,7,7,7,7,7,0,0,0
FCR,100,2026-03-06 23:30:00,NA,NA,NA,NA,NA,0.386,0.033,11.65,7,7,7,7,7,0,0,0
FCR,100,2026-03-06 23:45:00,NA,NA,NA,NA,NA,0.387,0.033,11.63,7,7,7,7,7,0,0,0
FCR,100,2026-03-07 00:00:00,NA,NA,NA,NA,NA,0.387,0.033,11.6,7,7,7,7,7,0,0,0
FCR,100,2026-03-07 00:15:00,NA,NA,NA,NA,NA,0.386,0.033,11.57,7,7,7,7,7,0,0,0
FCR,100,2026-03-07 00:30:00,NA,NA,NA,NA,NA,0.386,0.033,11.54,7,7,7,7,7,0,0,0
FCR,100,2026-03-07 00:45:00,NA,NA,NA,NA,NA,0.386,0.033,11.52,7,7,7,7,7,0,0,0
FCR,100,2026-03-07 01:00:00,NA,NA,NA,NA,NA,0.387,0.033,11.5,7,7,7,7,7,0,0,0
FCR,100,2026-03-07 01:15:00,NA,NA,NA,NA,NA,0.387,0.033,11.48,7,7,7,7,7,0,0,0
FCR,100,2026-03-07 01:30:00,NA,NA,NA,NA,NA,0.386,0.033,11.45,7,7,7,7,7,0,0,0
FCR,100,2026-03-07 01:45:00,NA,NA,NA,NA,NA,0.387,0.033,11.44,7,7,7,7,7,0,0,0
FCR,100,2026-03-07 02:00:00,NA,NA,NA,NA,NA,0.386,0.033,11.4,7,7,7,7,7,0,0,0
FCR,100,2026-03-07 02:15:00,NA,NA,NA,NA,NA,0.386,0.033,11.36,7,7,7,7,7,0,0,0
FCR,100,2026-03-07 02:30:00,NA,NA,NA,NA,NA,0.386,0.033,11.33,7,7,7,7,7,0,0,0
FCR,100,2026-03-07 02:45:00,NA,NA,NA,NA,NA,0.384,0.032,11.3,7,7,7,7,7,0,0,0
FCR,100,2026-03-07 03:00:00,NA,NA,NA,NA,NA,0.385,0.032,11.26,7,7,7,7,7,0,0,0
FCR,100,2026-03-07 03:15:00,NA,NA,NA,NA,NA,0.385,0.032,11.23,7,7,7,7,7,0,0,0
FCR,100,2026-03-07 03:30:00,NA,NA,NA,NA,NA,0.385,0.032,11.19,7,7,7,7,7,0,0,0
FCR,100,2026-03-07 03:45:00,NA,NA,NA,NA,NA,0.384,0.032,11.15,7,7,7,7,7,0,0,0
FCR,100,2026-03-07 04:00:00,NA,NA,NA,NA,NA,0.385,0.032,11.1,7,7,7,7,7,0,0,0
FCR,100,2026-03-07 04:15:00,NA,NA,NA,NA,NA,0.385,0.032,11.06,7,7,7,7,7,0,0,0
FCR,100,2026-03-07 04:30:00,NA,NA,NA,NA,NA,0.385,0.032,11.02,7,7,7,7,7,0,0,0
FCR,100,2026-03-07 04:45:00,NA,NA,NA,NA,NA,0.384,0.032,10.97,7,7,7,7,7,0,0,0
FCR,100,2026-03-07 05:00:00,NA,NA,NA,NA,NA,0.385,0.032,10.92,7,7,7,7,7,0,0,0
FCR,100,2026-03-07 05:15:00,NA,NA,NA,NA,NA,0.385,0.032,10.86,7,7,7,7,7,0,0,0
FCR,100,2026-03-07 05:30:00,NA,NA,NA,NA,NA,0.385,0.032,10.8,7,7,7,7,7,0,0,0
FCR,100,2026-03-07 05:45:00,NA,NA,NA,NA,NA,0.384,0.032,10.74,7,7,7,7,7,0,0,0
FCR,100,2026-03-07 06:00:00,NA,NA,NA,NA,NA,0.384,0.032,10.68,7,7,7,7,7,0,0,0
FCR,100,2026-03-07 06:15:00,NA,NA,NA,NA,NA,0.384,0.032,10.63,7,7,7,7,7,0,0,0
FCR,100,2026-03-07 06:30:00,NA,NA,NA,NA,NA,0.384,0.032,10.58,7,7,7,7,7,0,0,0
FCR,100,2026-03-07 06:45:00,NA,NA,NA,NA,NA,0.383,0.032,10.55,7,7,7,7,7,0,0,0
FCR,100,2026-03-07 07:00:00,NA,NA,NA,NA,NA,0.383,0.032,10.56,7,7,7,7,7,0,0,0
FCR,100,2026-03-07 07:15:00,NA,NA,NA,NA,NA,0.383,0.032,10.6,7,7,7,7,7,0,0,0
FCR,100,2026-03-07 07:30:00,NA,NA,NA,NA,NA,0.383,0.032,10.65,7,7,7,7,7,0,0,0
FCR,100,2026-03-07 07:45:00,NA,NA,NA,NA,NA,0.383,0.032,10.69,7,7,7,7,7,0,0,0
FCR,100,2026-03-07 08:00:00,NA,NA,NA,NA,NA,0.384,0.032,10.77,7,7,7,7,7,0,0,0
FCR,100,2026-03-07 08:15:00,NA,NA,NA,NA,NA,0.384,0.032,10.86,7,7,7,7,7,0,0,0
FCR,100,2026-03-07 08:30:00,NA,NA,NA,NA,NA,0.384,0.032,10.97,7,7,7,7,7,0,0,0
FCR,100,2026-03-07 08:45:00,NA,NA,NA,NA,NA,0.384,0.032,11.08,7,7,7,7,7,0,0,0
FCR,100,2026-03-07 09:00:00,NA,NA,NA,NA,NA,0.384,0.032,11.2,7,7,7,7,7,0,0,0
FCR,100,2026-03-07 09:15:00,NA,NA,NA,NA,NA,0.384,0.032,11.33,7,7,7,7,7,0,0,0
FCR,100,2026-03-07 09:30:00,NA,NA,NA,NA,NA,0.384,0.032,11.46,7,7,7,7,7,0,0,0
FCR,100,2026-03-07 09:45:00,NA,NA,NA,NA,NA,0.385,0.032,11.61,7,7,7,7,7,0,0,0
FCR,100,2026-03-07 10:00:00,NA,NA,NA,NA,NA,0.386,0.033,11.75,7,7,7,7,7,0,0,0
FCR,100,2026-03-07 10:15:00,NA,NA,NA,NA,NA,0.385,0.032,11.89,7,7,7,7,7,0,0,0
FCR,100,2026-03-07 10:30:00,NA,NA,NA,NA,NA,0.386,0.033,12.02,7,7,7,7,7,0,0,0
FCR,100,2026-03-07 10:45:00,NA,NA,NA,NA,NA,0.386,0.033,12.16,7,7,7,7,7,0,0,0
FCR,100,2026-03-07 11:00:00,NA,NA,NA,NA,NA,0.386,0.033,12.3,7,7,7,7,7,0,0,0
FCR,100,2026-03-07 11:15:00,NA,NA,NA,NA,NA,0.387,0.033,12.37,7,7,7,7,7,0,0,0
FCR,100,2026-03-07 11:30:00,NA,NA,NA,NA,NA,0.387,0.033,12.47,7,7,7,7,7,0,0,0
FCR,100,2026-03-07 11:45:00,NA,NA,NA,NA,NA,0.387,0.033,12.62,7,7,7,7,7,0,0,0
FCR,100,2026-03-07 12:00:00,NA,NA,NA,NA,NA,0.387,0.033,13.02,7,7,7,7,7,0,0,0
FCR,100,2026-03-07 12:15:00,NA,NA,NA,NA,NA,0.388,0.033,13.38,7,7,7,7,7,0,0,0
FCR,100,2026-03-07 12:30:00,NA,NA,NA,NA,NA,0.388,0.033,13.61,7,7,7,7,7,0,0,0
FCR,100,2026-03-07 12:45:00,NA,NA,NA,NA,NA,0.389,0.034,13.9,7,7,7,7,7,0,0,0
FCR,100,2026-03-07 13:00:00,NA,NA,NA,NA,NA,0.389,0.034,14.15,7,7,7,7,7,0,0,0
FCR,100,2026-03-07 13:15:00,NA,NA,NA,NA,NA,0.391,0.034,14.44,7,7,7,7,7,0,0,0
FCR,100,2026-03-07 13:30:00,NA,NA,NA,NA,NA,0.39,0.034,14.68,7,7,7,7,7,0,0,0
FCR,100,2026-03-07 13:45:00,NA,NA,NA,NA,NA,0.391,0.034,14.93,7,7,7,7,7,0,0,0
FCR,100,2026-03-07 14:00:00,NA,NA,NA,NA,NA,0.391,0.034,15.23,7,7,7,7,7,0,0,0
FCR,100,2026-03-07 14:15:00,NA,NA,NA,NA,NA,0.393,0.035,15.51,7,7,7,7,7,0,0,0
FCR,100,2026-03-07 14:30:00,NA,NA,NA,NA,NA,0.392,0.035,15.71,7,7,7,7,7,0,0,0
FCR,100,2026-03-07 14:45:00,NA,NA,NA,NA,NA,0.392,0.035,15.79,7,7,7,7,7,0,0,0
FCR,100,2026-03-07 15:00:00,NA,NA,NA,NA,NA,0.392,0.035,15.84,7,7,7,7,7,0,0,0
FCR,100,2026-03-07 15:15:00,NA,NA,NA,NA,NA,0.391,0.034,15.71,7,7,7,7,7,0,0,0
FCR,100,2026-03-07 15:30:00,NA,NA,NA,NA,NA,0.394,0.035,15.74,7,7,7,7,7,0,0,0
FCR,100,2026-03-07 15:45:00,NA,NA,NA,NA,NA,0.392,0.035,15.65,7,7,7,7,7,0,0,0
FCR,100,2026-03-07 16:00:00,NA,NA,NA,NA,NA,0.392,0.035,15.66,7,7,7,7,7,0,0,0
FCR,100,2026-03-07 16:15:00,NA,NA,NA,NA,NA,0.392,0.035,15.68,7,7,7,7,7,0,0,0
FCR,100,2026-03-07 16:30:00,NA,NA,NA,NA,NA,0.392,0.035,15.66,7,7,7,7,7,0,0,0
FCR,100,2026-03-07 16:45:00,NA,NA,NA,NA,NA,0.392,0.035,15.53,7,7,7,7,7,0,0,0
FCR,100,2026-03-07 17:00:00,NA,NA,NA,NA,NA,0.39,0.034,15.35,7,7,7,7,7,0,0,0
FCR,100,2026-03-07 17:15:00,NA,NA,NA,NA,NA,0.39,0.034,15.2,7,7,7,7,7,0,0,0
FCR,100,2026-03-07 17:30:00,NA,NA,NA,NA,NA,0.391,0.034,15.16,7,7,7,7,7,0,0,0
FCR,100,2026-03-07 17:45:00,NA,NA,NA,NA,NA,0.391,0.034,15.09,7,7,7,7,7,0,0,0
FCR,100,2026-03-07 18:00:00,NA,NA,NA,NA,NA,0.391,0.034,14.96,7,7,7,7,7,0,0,0
FCR,100,2026-03-07 18:15:00,NA,NA,NA,NA,NA,0.39,0.034,14.8,7,7,7,7,7,0,0,0
FCR,100,2026-03-07 18:30:00,NA,NA,NA,NA,NA,0.39,0.034,14.67,7,7,7,7,7,0,0,0
FCR,100,2026-03-07 18:45:00,NA,NA,NA,NA,NA,0.39,0.034,14.53,7,7,7,7,7,0,0,0
FCR,100,2026-03-07 19:00:00,NA,NA,NA,NA,NA,0.389,0.034,14.42,7,7,7,7,7,0,0,0
FCR,100,2026-03-07 19:15:00,NA,NA,NA,NA,NA,0.389,0.034,14.32,7,7,7,7,7,0,0,0
FCR,100,2026-03-07 19:30:00,NA,NA,NA,NA,NA,0.389,0.034,14.22,7,7,7,7,7,0,0,0
FCR,100,2026-03-07 19:45:00,NA,NA,NA,NA,NA,0.389,0.034,14.14,7,7,7,7,7,0,0,0
FCR,100,2026-03-07 20:00:00,NA,NA,NA,NA,NA,0.388,0.033,14.06,7,7,7,7,7,0,0,0
FCR,100,2026-03-07 20:15:00,NA,NA,NA,NA,NA,0.39,0.034,14.01,7,7,7,7,7,0,0,0
FCR,100,2026-03-07 20:30:00,NA,NA,NA,NA,NA,0.388,0.033,13.97,7,7,7,7,7,0,0,0
FCR,100,2026-03-07 20:45:00,NA,NA,NA,NA,NA,0.388,0.033,13.92,7,7,7,7,7,0,0,0
FCR,100,2026-03-07 21:00:00,NA,NA,NA,NA,NA,0.389,0.034,13.87,7,7,7,7,7,0,0,0
FCR,100,2026-03-07 21:15:00,NA,NA,NA,NA,NA,0.389,0.034,13.82,7,7,7,7,7,0,0,0
FCR,100,2026-03-07 21:30:00,NA,NA,NA,NA,NA,0.388,0.033,13.74,7,7,7,7,7,0,0,0
FCR,100,2026-03-07 21:45:00,NA,NA,NA,NA,NA,0.389,0.034,13.69,7,7,7,7,7,0,0,0
FCR,100,2026-03-07 22:00:00,NA,NA,NA,NA,NA,0.388,0.033,13.63,7,7,7,7,7,0,0,0
FCR,100,2026-03-07 22:15:00,NA,NA,NA,NA,NA,0.388,0.033,13.57,7,7,7,7,7,0,0,0
FCR,100,2026-03-07 22:30:00,NA,NA,NA,NA,NA,0.387,0.033,13.5,7,7,7,7,7,0,0,0
FCR,100,2026-03-07 22:45:00,NA,NA,NA,NA,NA,0.388,0.033,13.43,7,7,7,7,7,0,0,0
FCR,100,2026-03-07 23:00:00,NA,NA,NA,NA,NA,0.387,0.033,13.4,7,7,7,7,7,0,0,0
FCR,100,2026-03-07 23:15:00,NA,NA,NA,NA,NA,0.388,0.033,13.4,7,7,7,7,7,0,0,0
FCR,100,2026-03-07 23:30:00,NA,NA,NA,NA,NA,0.387,0.033,13.39,7,7,7,7,7,0,0,0
FCR,100,2026-03-07 23:45:00,NA,NA,NA,NA,NA,0.386,0.033,13.36,7,7,7,7,7,0,0,0
FCR,100,2026-03-08 00:00:00,NA,NA,NA,NA,NA,0.387,0.033,13.34,7,7,7,7,7,0,0,0
FCR,100,2026-03-08 00:15:00,NA,NA,NA,NA,NA,0.386,0.033,13.31,7,7,7,7,7,0,0,0
FCR,100,2026-03-08 00:30:00,NA,NA,NA,NA,NA,0.386,0.033,13.28,7,7,7,7,7,0,0,0
FCR,100,2026-03-08 00:45:00,NA,NA,NA,NA,NA,0.386,0.033,13.25,7,7,7,7,7,0,0,0
FCR,100,2026-03-08 01:00:00,NA,NA,NA,NA,NA,0.387,0.033,13.23,7,7,7,7,7,0,0,0
FCR,100,2026-03-08 01:15:00,NA,NA,NA,NA,NA,0.386,0.033,13.2,7,7,7,7,7,0,0,0
FCR,100,2026-03-08 01:30:00,NA,NA,NA,NA,NA,0.386,0.033,13.18,7,7,7,7,7,0,0,0
FCR,100,2026-03-08 01:45:00,NA,NA,NA,NA,NA,0.386,0.033,13.16,7,7,7,7,7,0,0,0
FCR,100,2026-03-08 02:00:00,NA,NA,NA,NA,NA,0.387,0.033,13.15,7,7,7,7,7,0,0,0
FCR,100,2026-03-08 02:15:00,NA,NA,NA,NA,NA,0.385,0.032,13.13,7,7,7,7,7,0,0,0
FCR,100,2026-03-08 02:30:00,NA,NA,NA,NA,NA,0.387,0.033,13.1,7,7,7,7,7,0,0,0
FCR,100,2026-03-08 02:45:00,NA,NA,NA,NA,NA,0.386,0.033,13.04,7,7,7,7,7,0,0,0
FCR,100,2026-03-08 03:00:00,NA,NA,NA,NA,NA,0.387,0.033,12.99,7,7,7,7,7,0,0,0
FCR,100,2026-03-08 03:15:00,NA,NA,NA,NA,NA,0.386,0.033,12.95,7,7,7,7,7,0,0,0
FCR,100,2026-03-08 03:30:00,NA,NA,NA,NA,NA,0.384,0.032,12.92,7,7,7,7,7,0,0,0
FCR,100,2026-03-08 03:45:00,NA,NA,NA,NA,NA,0.385,0.032,12.91,7,7,7,7,7,0,0,0
FCR,100,2026-03-08 04:00:00,NA,NA,NA,NA,NA,0.386,0.033,12.92,7,7,7,7,7,0,0,0
FCR,100,2026-03-08 04:15:00,NA,NA,NA,NA,NA,0.386,0.033,12.91,7,7,7,7,7,0,0,0
FCR,100,2026-03-08 04:30:00,NA,NA,NA,NA,NA,0.384,0.032,12.91,7,7,7,7,7,0,0,0
FCR,100,2026-03-08 04:45:00,NA,NA,NA,NA,NA,0.384,0.032,12.9,7,7,7,7,7,0,0,0
FCR,100,2026-03-08 05:00:00,NA,NA,NA,NA,NA,0.385,0.032,12.89,7,7,7,7,7,0,0,0
FCR,100,2026-03-08 05:15:00,NA,NA,NA,NA,NA,0.384,0.032,12.88,7,7,7,7,7,0,0,0
FCR,100,2026-03-08 05:30:00,NA,NA,NA,NA,NA,0.384,0.032,12.86,7,7,7,7,7,0,0,0
FCR,100,2026-03-08 05:45:00,NA,NA,NA,NA,NA,0.386,0.033,12.81,7,7,7,7,7,0,0,0
FCR,100,2026-03-08 06:00:00,NA,NA,NA,NA,NA,0.385,0.032,12.77,7,7,7,7,7,0,0,0
FCR,100,2026-03-08 06:15:00,NA,NA,NA,NA,NA,0.385,0.032,12.72,7,7,7,7,7,0,0,0
FCR,100,2026-03-08 06:30:00,NA,NA,NA,NA,NA,0.384,0.032,12.68,7,7,7,7,7,0,0,0
FCR,100,2026-03-08 06:45:00,NA,NA,NA,NA,NA,0.383,0.032,12.65,7,7,7,7,7,0,0,0
FCR,100,2026-03-08 07:00:00,NA,NA,NA,NA,NA,0.385,0.032,12.62,7,7,7,7,7,0,0,0
FCR,100,2026-03-08 07:15:00,NA,NA,NA,NA,NA,0.384,0.032,12.61,7,7,7,7,7,0,0,0
FCR,100,2026-03-08 07:30:00,NA,NA,NA,NA,NA,0.384,0.032,12.61,7,7,7,7,7,0,0,0
FCR,100,2026-03-08 07:45:00,NA,NA,NA,NA,NA,0.384,0.032,12.61,7,7,7,7,7,0,0,0
FCR,100,2026-03-08 08:00:00,NA,NA,NA,NA,NA,0.384,0.032,12.62,7,7,7,7,7,0,0,0
FCR,100,2026-03-08 08:15:00,NA,NA,NA,NA,NA,0.384,0.032,12.64,7,7,7,7,7,0,0,0
FCR,100,2026-03-08 08:30:00,NA,NA,NA,NA,NA,0.384,0.032,12.67,7,7,7,7,7,0,0,0
FCR,100,2026-03-08 08:45:00,NA,NA,NA,NA,NA,0.384,0.032,12.7,7,7,7,7,7,0,0,0
FCR,100,2026-03-08 09:00:00,NA,NA,NA,NA,NA,0.385,0.032,12.71,7,7,7,7,7,0,0,0
FCR,100,2026-03-08 09:15:00,NA,NA,NA,NA,NA,0.385,0.032,12.74,7,7,7,7,7,0,0,0
FCR,100,2026-03-08 09:30:00,NA,NA,NA,NA,NA,0.384,0.032,12.77,7,7,7,7,7,0,0,0
FCR,100,2026-03-08 09:45:00,NA,NA,NA,NA,NA,0.385,0.032,12.83,7,7,7,7,7,0,0,0
FCR,100,2026-03-08 10:00:00,NA,NA,NA,NA,NA,0.384,0.032,12.9,7,7,7,7,7,0,0,0
FCR,100,2026-03-08 10:15:00,NA,NA,NA,NA,NA,0.385,0.032,12.97,7,7,7,7,7,0,0,0
FCR,100,2026-03-08 10:30:00,NA,NA,NA,NA,NA,0.384,0.032,13.05,7,7,7,7,7,0,0,0
FCR,100,2026-03-08 10:45:00,NA,NA,NA,NA,NA,0.386,0.033,13.12,7,7,7,7,7,0,0,0
FCR,100,2026-03-08 11:00:00,NA,NA,NA,NA,NA,0.385,0.032,13.18,7,7,7,7,7,0,0,0
FCR,100,2026-03-08 11:15:00,NA,NA,NA,NA,NA,0.385,0.032,13.28,7,7,7,7,7,0,0,0
FCR,100,2026-03-08 11:30:00,NA,NA,NA,NA,NA,0.385,0.032,13.34,7,7,7,7,7,0,0,0
FCR,100,2026-03-08 11:45:00,NA,NA,NA,NA,NA,0.386,0.033,13.42,7,7,7,7,7,0,0,0
FCR,100,2026-03-08 12:00:00,NA,NA,NA,NA,NA,0.386,0.033,13.52,7,7,7,7,7,0,0,0
FCR,100,2026-03-08 12:15:00,NA,NA,NA,NA,NA,0.386,0.033,13.62,7,7,7,7,7,0,0,0
FCR,100,2026-03-08 12:30:00,NA,NA,NA,NA,NA,0.385,0.032,13.69,7,7,7,7,7,0,0,0
FCR,100,2026-03-08 12:45:00,NA,NA,NA,NA,NA,0.386,0.033,13.72,7,7,7,7,7,0,0,0
FCR,100,2026-03-08 13:00:00,NA,NA,NA,NA,NA,0.386,0.033,13.69,7,7,7,7,7,0,0,0
FCR,100,2026-03-08 13:15:00,NA,NA,NA,NA,NA,0.385,0.032,13.7,7,7,7,7,7,0,0,0
FCR,100,2026-03-08 13:30:00,NA,NA,NA,NA,NA,0.386,0.033,13.68,7,7,7,7,7,0,0,0
FCR,100,2026-03-08 13:45:00,NA,NA,NA,NA,NA,0.385,0.032,13.65,7,7,7,7,7,0,0,0
FCR,100,2026-03-08 14:00:00,NA,NA,NA,NA,NA,0.385,0.032,13.6,7,7,7,7,7,0,0,0
FCR,100,2026-03-08 14:15:00,NA,NA,NA,NA,NA,0.386,0.033,13.58,7,7,7,7,7,0,0,0
FCR,100,2026-03-08 14:30:00,NA,NA,NA,NA,NA,0.385,0.032,13.55,7,7,7,7,7,0,0,0
FCR,100,2026-03-08 14:45:00,NA,NA,NA,NA,NA,0.385,0.032,13.52,7,7,7,7,7,0,0,0
FCR,100,2026-03-08 15:00:00,NA,NA,NA,NA,NA,0.386,0.033,13.54,7,7,7,7,7,0,0,0
FCR,100,2026-03-08 15:15:00,NA,NA,NA,NA,NA,0.385,0.032,13.59,7,7,7,7,7,0,0,0
FCR,100,2026-03-08 15:30:00,NA,NA,NA,NA,NA,0.386,0.033,13.57,7,7,7,7,7,0,0,0
FCR,100,2026-03-08 15:45:00,NA,NA,NA,NA,NA,0.384,0.032,13.51,7,7,7,7,7,0,0,0
FCR,100,2026-03-08 16:00:00,NA,NA,NA,NA,NA,0.384,0.032,13.47,7,7,7,7,7,0,0,0
FCR,100,2026-03-08 16:15:00,NA,NA,NA,NA,NA,0.385,0.032,13.43,7,7,7,7,7,0,0,0
FCR,100,2026-03-08 16:30:00,NA,NA,NA,NA,NA,0.384,0.032,13.41,7,7,7,7,7,0,0,0
FCR,100,2026-03-08 16:45:00,NA,NA,NA,NA,NA,0.385,0.032,13.37,7,7,7,7,7,0,0,0
FCR,100,2026-03-08 17:00:00,NA,NA,NA,NA,NA,0.386,0.033,13.31,7,7,7,7,7,0,0,0
FCR,100,2026-03-08 17:15:00,NA,NA,NA,NA,NA,0.385,0.032,13.26,7,7,7,7,7,0,0,0
FCR,100,2026-03-08 17:30:00,NA,NA,NA,NA,NA,0.384,0.032,13.22,7,7,7,7,7,0,0,0
FCR,100,2026-03-08 17:45:00,NA,NA,NA,NA,NA,0.384,0.032,13.18,7,7,7,7,7,0,0,0
FCR,100,2026-03-08 18:00:00,NA,NA,NA,NA,NA,0.383,0.032,13.13,7,7,7,7,7,0,0,0
FCR,100,2026-03-08 18:15:00,NA,NA,NA,NA,NA,0.383,0.032,13.07,7,7,7,7,7,0,0,0
FCR,100,2026-03-08 18:30:00,NA,NA,NA,NA,NA,0.383,0.032,13,7,7,7,7,7,0,0,0
FCR,100,2026-03-08 18:45:00,NA,NA,NA,NA,NA,0.384,0.032,12.93,7,7,7,7,7,0,0,0
FCR,100,2026-03-08 19:00:00,NA,NA,NA,NA,NA,0.383,0.032,12.88,7,7,7,7,7,0,0,0
FCR,100,2026-03-08 19:15:00,NA,NA,NA,NA,NA,0.384,0.032,12.82,7,7,7,7,7,0,0,0
FCR,100,2026-03-08 19:30:00,NA,NA,NA,NA,NA,0.382,0.031,12.75,7,7,7,7,7,0,0,0
FCR,100,2026-03-08 19:45:00,NA,NA,NA,NA,NA,0.381,0.031,12.69,7,7,7,7,7,0,0,0
FCR,100,2026-03-08 20:00:00,NA,NA,NA,NA,NA,0.382,0.031,12.61,7,7,7,7,7,0,0,0
FCR,100,2026-03-08 20:15:00,NA,NA,NA,NA,NA,0.382,0.031,12.52,7,7,7,7,7,0,0,0
FCR,100,2026-03-08 20:30:00,NA,NA,NA,NA,NA,0.381,0.031,12.43,7,7,7,7,7,0,0,0
FCR,100,2026-03-08 20:45:00,NA,NA,NA,NA,NA,0.382,0.031,12.37,7,7,7,7,7,0,0,0
FCR,100,2026-03-08 21:00:00,NA,NA,NA,NA,NA,0.38,0.031,12.31,7,7,7,7,7,0,0,0
FCR,100,2026-03-08 21:15:00,NA,NA,NA,NA,NA,0.38,0.031,12.22,7,7,7,7,7,0,0,0
FCR,100,2026-03-08 21:30:00,NA,NA,NA,NA,NA,0.382,0.031,12.14,7,7,7,7,7,0,0,0
FCR,100,2026-03-08 21:45:00,NA,NA,NA,NA,NA,0.381,0.031,12.07,7,7,7,7,7,0,0,0
FCR,100,2026-03-08 22:00:00,NA,NA,NA,NA,NA,0.381,0.031,12.01,7,7,7,7,7,0,0,0
FCR,100,2026-03-08 22:15:00,NA,NA,NA,NA,NA,0.381,0.031,11.92,7,7,7,7,7,0,0,0
FCR,100,2026-03-08 22:30:00,NA,NA,NA,NA,NA,0.379,0.03,11.82,7,7,7,7,7,0,0,0
FCR,100,2026-03-08 22:45:00,NA,NA,NA,NA,NA,0.381,0.031,11.73,7,7,7,7,7,0,0,0
FCR,100,2026-03-08 23:00:00,NA,NA,NA,NA,NA,0.379,0.03,11.64,7,7,7,7,7,0,0,0
FCR,100,2026-03-08 23:15:00,NA,NA,NA,NA,NA,0.381,0.031,11.56,7,7,7,7,7,0,0,0
FCR,100,2026-03-08 23:30:00,NA,NA,NA,NA,NA,0.379,0.03,11.49,7,7,7,7,7,0,0,0
FCR,100,2026-03-08 23:45:00,NA,NA,NA,NA,NA,0.38,0.031,11.42,7,7,7,7,7,0,0,0
FCR,100,2026-03-09 00:00:00,NA,NA,NA,NA,NA,0.379,0.03,11.37,7,7,7,7,7,0,0,0
FCR,100,2026-03-09 00:15:00,NA,NA,NA,NA,NA,0.379,0.03,11.32,7,7,7,7,7,0,0,0
FCR,100,2026-03-09 00:30:00,NA,NA,NA,NA,NA,0.379,0.03,11.26,7,7,7,7,7,0,0,0
FCR,100,2026-03-09 00:45:00,NA,NA,NA,NA,NA,0.379,0.03,11.2,7,7,7,7,7,0,0,0
FCR,100,2026-03-09 01:00:00,NA,NA,NA,NA,NA,0.379,0.03,11.15,7,7,7,7,7,0,0,0
FCR,100,2026-03-09 01:15:00,NA,NA,NA,NA,NA,0.379,0.03,11.11,7,7,7,7,7,0,0,0
FCR,100,2026-03-09 01:30:00,NA,NA,NA,NA,NA,0.379,0.03,11.07,7,7,7,7,7,0,0,0
FCR,100,2026-03-09 01:45:00,NA,NA,NA,NA,NA,0.379,0.03,11.02,7,7,7,7,7,0,0,0
FCR,100,2026-03-09 02:00:00,NA,NA,NA,NA,NA,0.379,0.03,10.98,7,7,7,7,7,0,0,0
FCR,100,2026-03-09 02:15:00,NA,NA,NA,NA,NA,0.378,0.03,10.93,7,7,7,7,7,0,0,0
FCR,100,2026-03-09 02:30:00,NA,NA,NA,NA,NA,0.378,0.03,10.89,7,7,7,7,7,0,0,0
FCR,100,2026-03-09 02:45:00,NA,NA,NA,NA,NA,0.377,0.03,10.84,7,7,7,7,7,0,0,0
FCR,100,2026-03-09 03:00:00,NA,NA,NA,NA,NA,0.377,0.03,10.8,7,7,7,7,7,0,0,0
FCR,100,2026-03-09 03:15:00,NA,NA,NA,NA,NA,0.377,0.03,10.76,7,7,7,7,7,0,0,0
FCR,100,2026-03-09 03:30:00,NA,NA,NA,NA,NA,0.378,0.03,10.71,7,7,7,7,7,0,0,0
FCR,100,2026-03-09 03:45:00,NA,NA,NA,NA,NA,0.377,0.03,10.68,7,7,7,7,7,0,0,0
FCR,100,2026-03-09 04:00:00,NA,NA,NA,NA,NA,0.378,0.03,10.63,7,7,7,7,7,0,0,0
FCR,100,2026-03-09 04:15:00,NA,NA,NA,NA,NA,0.376,0.03,10.59,7,7,7,7,7,0,0,0
FCR,100,2026-03-09 04:30:00,NA,NA,NA,NA,NA,0.377,0.03,10.55,7,7,7,7,7,0,0,0
FCR,100,2026-03-09 04:45:00,NA,NA,NA,NA,NA,0.377,0.03,10.52,7,7,7,7,7,0,0,0
FCR,100,2026-03-09 05:00:00,NA,NA,NA,NA,NA,0.378,0.03,10.51,7,7,7,7,7,0,0,0
FCR,100,2026-03-09 05:15:00,NA,NA,NA,NA,NA,0.376,0.03,10.5,7,7,7,7,7,0,0,0
FCR,100,2026-03-09 05:30:00,NA,NA,NA,NA,NA,0.376,0.03,10.47,7,7,7,7,7,0,0,0
FCR,100,2026-03-09 05:45:00,NA,NA,NA,NA,NA,0.377,0.03,10.43,7,7,7,7,7,0,0,0
FCR,100,2026-03-09 06:00:00,NA,NA,NA,NA,NA,0.377,0.03,10.4,7,7,7,7,7,0,0,0
FCR,100,2026-03-09 06:15:00,NA,NA,NA,NA,NA,0.377,0.03,10.36,7,7,7,7,7,0,0,0
FCR,100,2026-03-09 06:30:00,NA,NA,NA,NA,NA,0.376,0.03,10.33,7,7,7,7,7,0,0,0
FCR,100,2026-03-09 06:45:00,NA,NA,NA,NA,NA,0.377,0.03,10.29,7,7,7,7,7,0,0,0
FCR,100,2026-03-09 07:00:00,NA,NA,NA,NA,NA,0.377,0.03,10.27,7,7,7,7,7,0,0,0
FCR,100,2026-03-09 07:15:00,NA,NA,NA,NA,NA,0.375,0.029,10.26,7,7,7,7,7,0,0,0
FCR,100,2026-03-09 07:30:00,NA,NA,NA,NA,NA,0.376,0.03,10.25,7,7,7,7,7,0,0,0
FCR,100,2026-03-09 07:45:00,NA,NA,NA,NA,NA,0.375,0.029,10.25,7,7,7,7,7,0,0,0
FCR,100,2026-03-09 08:00:00,NA,NA,NA,NA,NA,0.375,0.029,10.27,7,7,7,7,7,0,0,0
FCR,100,2026-03-09 08:15:00,NA,NA,NA,NA,NA,0.376,0.03,10.31,7,7,7,7,7,0,0,0
FCR,100,2026-03-09 08:30:00,NA,NA,NA,NA,NA,0.376,0.03,10.38,7,7,7,7,7,0,0,0
FCR,100,2026-03-09 08:45:00,NA,NA,NA,NA,NA,0.376,0.03,10.45,7,7,7,7,7,0,0,0
FCR,100,2026-03-09 09:00:00,NA,NA,NA,NA,NA,0.376,0.03,10.54,7,7,7,7,7,0,0,0
FCR,100,2026-03-09 09:15:00,NA,NA,NA,NA,NA,0.376,0.03,10.65,7,7,7,7,7,0,0,0
FCR,100,2026-03-09 09:30:00,NA,NA,NA,NA,NA,0.376,0.03,10.8,7,7,7,7,7,0,0,0
FCR,100,2026-03-09 09:45:00,NA,NA,NA,NA,NA,0.378,0.03,10.97,7,7,7,7,7,0,0,0
FCR,100,2026-03-09 10:00:00,NA,NA,NA,NA,NA,0.378,0.03,11.18,7,7,7,7,7,0,0,0
FCR,100,2026-03-09 10:15:00,NA,NA,NA,NA,NA,0.377,0.03,11.39,7,7,7,7,7,0,0,0
FCR,100,2026-03-09 10:30:00,NA,NA,NA,NA,NA,0.379,0.03,11.67,7,7,7,7,7,0,0,0
FCR,100,2026-03-09 10:45:00,NA,NA,NA,NA,NA,0.379,0.03,11.94,7,7,7,7,7,0,0,0
FCR,100,2026-03-09 11:00:00,NA,NA,NA,NA,NA,0.38,0.031,12.26,7,7,7,7,7,0,0,0
FCR,100,2026-03-09 11:15:00,NA,NA,NA,NA,NA,0.381,0.031,12.5,7,7,7,7,7,0,0,0
FCR,100,2026-03-09 11:30:00,NA,NA,NA,NA,NA,0.381,0.031,12.84,7,7,7,7,7,0,0,0
FCR,100,2026-03-09 11:45:00,NA,NA,NA,NA,NA,0.381,0.031,13.11,7,7,7,7,7,0,0,0
FCR,100,2026-03-09 12:00:00,NA,NA,NA,NA,NA,0.382,0.031,13.19,7,7,7,7,7,0,0,0
FCR,100,2026-03-09 12:15:00,NA,NA,NA,NA,NA,0.383,0.032,13.61,7,7,7,7,7,0,0,0
FCR,100,2026-03-09 12:30:00,NA,NA,NA,NA,NA,0.383,0.032,13.86,7,7,7,7,7,0,0,0
FCR,100,2026-03-09 12:45:00,NA,NA,NA,NA,NA,0.384,0.032,14.21,7,7,7,7,7,0,0,0
FCR,100,2026-03-09 13:00:00,NA,NA,NA,NA,NA,0.384,0.032,14.45,7,7,7,7,7,0,0,0
FCR,100,2026-03-09 13:15:00,NA,NA,NA,NA,NA,0.384,0.032,14.68,7,7,7,7,7,0,0,0
FCR,100,2026-03-09 13:30:00,NA,NA,NA,NA,NA,0.384,0.032,14.87,7,7,7,7,7,0,0,0
FCR,100,2026-03-09 13:45:00,NA,NA,NA,NA,NA,0.384,0.032,15.03,7,7,7,7,7,0,0,0
FCR,100,2026-03-09 14:00:00,NA,NA,NA,NA,NA,0.384,0.032,15.22,7,7,7,7,7,0,0,0
FCR,100,2026-03-09 14:15:00,NA,NA,NA,NA,NA,0.387,0.033,15.4,7,7,7,7,7,0,0,0
FCR,100,2026-03-09 14:30:00,NA,NA,NA,NA,NA,NA,NA,NA,7,7,7,7,7,7,7,7
FCR,100,2026-03-09 14:45:00,NA,NA,NA,NA,NA,0.385,0.032,15.58,7,7,7,7,7,0,0,0
FCR,100,2026-03-09 15:00:00,NA,NA,NA,NA,NA,NA,NA,NA,7,7,7,7,7,7,7,7
FCR,100,2026-03-09 15:15:00,NA,NA,NA,NA,NA,0.385,0.032,15.67,7,7,7,7,7,0,0,0
FCR,100,2026-03-09 15:30:00,NA,NA,NA,NA,NA,0.386,0.033,15.65,7,7,7,7,7,0,0,0
FCR,100,2026-03-09 15:45:00,NA,NA,NA,NA,NA,0.385,0.032,15.55,7,7,7,7,7,0,0,0
FCR,100,2026-03-09 16:00:00,NA,NA,NA,NA,NA,0.385,0.032,15.46,7,7,7,7,7,0,0,0
FCR,100,2026-03-09 16:15:00,NA,NA,NA,NA,NA,0.385,0.032,15.38,7,7,7,7,7,0,0,0
FCR,100,2026-03-09 16:30:00,NA,NA,NA,NA,NA,0.385,0.032,15.27,7,7,7,7,7,0,0,0
FCR,100,2026-03-09 16:45:00,NA,NA,NA,NA,NA,0.386,0.033,15.14,7,7,7,7,7,0,0,0
FCR,100,2026-03-09 17:00:00,NA,NA,NA,NA,NA,0.384,0.032,14.96,7,7,7,7,7,0,0,0
FCR,100,2026-03-09 17:15:00,NA,NA,NA,NA,NA,0.384,0.032,14.79,7,7,7,7,7,0,0,0
FCR,100,2026-03-09 17:30:00,NA,NA,NA,NA,NA,0.383,0.032,14.6,7,7,7,7,7,0,0,0
FCR,100,2026-03-09 17:45:00,NA,NA,NA,NA,NA,0.382,0.031,14.4,7,7,7,7,7,0,0,0
FCR,100,2026-03-09 18:00:00,NA,NA,NA,NA,NA,0.382,0.031,14.2,7,7,7,7,7,0,0,0
FCR,100,2026-03-09 18:15:00,NA,NA,NA,NA,NA,0.382,0.031,13.98,7,7,7,7,7,0,0,0
FCR,100,2026-03-09 18:30:00,NA,NA,NA,NA,NA,0.382,0.031,13.78,7,7,7,7,7,0,0,0
FCR,100,2026-03-09 18:45:00,NA,NA,NA,NA,NA,0.382,0.031,13.58,7,7,7,7,7,0,0,0
FCR,100,2026-03-09 19:00:00,NA,NA,NA,NA,NA,0.381,0.031,13.4,7,7,7,7,7,0,0,0
FCR,100,2026-03-09 19:15:00,NA,NA,NA,NA,NA,0.38,0.031,13.24,7,7,7,7,7,0,0,0
FCR,100,2026-03-09 19:30:00,NA,NA,NA,NA,NA,0.38,0.031,13.08,7,7,7,7,7,0,0,0
FCR,100,2026-03-09 19:45:00,NA,NA,NA,NA,NA,0.379,0.03,12.94,7,7,7,7,7,0,0,0
FCR,100,2026-03-09 20:00:00,NA,NA,NA,NA,NA,0.379,0.03,12.81,7,7,7,7,7,0,0,0
FCR,100,2026-03-09 20:15:00,NA,NA,NA,NA,NA,NA,NA,NA,7,7,7,7,7,7,7,7
FCR,100,2026-03-09 20:30:00,NA,NA,NA,NA,NA,NA,NA,NA,7,7,7,7,7,7,7,7
FCR,100,2026-03-09 20:45:00,NA,NA,NA,NA,NA,0.379,0.03,12.42,7,7,7,7,7,0,0,0
FCR,100,2026-03-09 21:00:00,NA,NA,NA,NA,NA,NA,NA,NA,7,7,7,7,7,7,7,7
FCR,100,2026-03-09 21:15:00,NA,NA,NA,NA,NA,0.378,0.03,12.22,7,7,7,7,7,0,0,0
FCR,100,2026-03-09 21:30:00,NA,NA,NA,NA,NA,0.377,0.03,12.14,7,7,7,7,7,0,0,0
FCR,100,2026-03-09 21:45:00,NA,NA,NA,NA,NA,0.377,0.03,12.08,7,7,7,7,7,0,0,0
FCR,100,2026-03-09 22:00:00,NA,NA,NA,NA,NA,0.377,0.03,12.01,7,7,7,7,7,0,0,0
FCR,100,2026-03-09 22:15:00,NA,NA,NA,NA,NA,0.377,0.03,11.96,7,7,7,7,7,0,0,0
FCR,100,2026-03-09 22:30:00,NA,NA,NA,NA,NA,0.376,0.03,11.89,7,7,7,7,7,0,0,0
FCR,100,2026-03-09 22:45:00,NA,NA,NA,NA,NA,0.376,0.03,11.83,7,7,7,7,7,0,0,0
FCR,100,2026-03-09 23:00:00,NA,NA,NA,NA,NA,0.376,0.03,11.77,7,7,7,7,7,0,0,0
FCR,100,2026-03-09 23:15:00,NA,NA,NA,NA,NA,0.377,0.03,11.72,7,7,7,7,7,0,0,0
FCR,100,2026-03-09 23:30:00,NA,NA,NA,NA,NA,0.376,0.03,11.66,7,7,7,7,7,0,0,0
FCR,100,2026-03-09 23:45:00,NA,NA,NA,NA,NA,0.376,0.03,11.61,7,7,7,7,7,0,0,0
FCR,100,2026-03-10 00:00:00,NA,NA,NA,NA,NA,0.376,0.03,11.55,7,7,7,7,7,0,0,0
FCR,100,2026-03-10 00:15:00,NA,NA,NA,NA,NA,0.376,0.03,11.51,7,7,7,7,7,0,0,0
FCR,100,2026-03-10 00:30:00,NA,NA,NA,NA,NA,NA,NA,NA,7,7,7,7,7,7,7,7
FCR,100,2026-03-10 00:45:00,NA,NA,NA,NA,NA,0.375,0.029,11.43,7,7,7,7,7,0,0,0
FCR,100,2026-03-10 01:00:00,NA,NA,NA,NA,NA,NA,NA,NA,7,7,7,7,7,7,7,7
FCR,100,2026-03-10 01:15:00,NA,NA,NA,NA,NA,0.375,0.029,11.39,7,7,7,7,7,0,0,0
FCR,100,2026-03-10 01:30:00,NA,NA,NA,NA,NA,0.377,0.03,11.36,7,7,7,7,7,0,0,0
FCR,100,2026-03-10 01:45:00,NA,NA,NA,NA,NA,0.375,0.029,11.34,7,7,7,7,7,0,0,0
FCR,100,2026-03-10 02:00:00,NA,NA,NA,NA,NA,0.376,0.03,11.33,7,7,7,7,7,0,0,0
FCR,100,2026-03-10 02:15:00,NA,NA,NA,NA,NA,0.375,0.029,11.29,7,7,7,7,7,0,0,0
FCR,100,2026-03-10 02:30:00,NA,NA,NA,NA,NA,0.374,0.029,11.25,7,7,7,7,7,0,0,0
FCR,100,2026-03-10 02:45:00,NA,NA,NA,NA,NA,0.375,0.029,11.19,7,7,7,7,7,0,0,0
FCR,100,2026-03-10 03:00:00,NA,NA,NA,NA,NA,0.374,0.029,11.13,7,7,7,7,7,0,0,0
FCR,100,2026-03-10 03:15:00,NA,NA,NA,NA,NA,0.375,0.029,11.08,7,7,7,7,7,0,0,0
FCR,100,2026-03-10 03:30:00,NA,NA,NA,NA,NA,0.374,0.029,11.03,7,7,7,7,7,0,0,0
FCR,100,2026-03-10 03:45:00,NA,NA,NA,NA,NA,0.374,0.029,10.97,7,7,7,7,7,0,0,0
FCR,100,2026-03-10 04:00:00,NA,NA,NA,NA,NA,0.374,0.029,10.92,7,7,7,7,7,0,0,0
FCR,100,2026-03-10 04:15:00,NA,NA,NA,NA,NA,0.375,0.029,10.88,7,7,7,7,7,0,0,0
FCR,100,2026-03-10 04:30:00,NA,NA,NA,NA,NA,0.373,0.029,10.84,7,7,7,7,7,0,0,0
FCR,100,2026-03-10 04:45:00,NA,NA,NA,NA,NA,0.373,0.029,10.8,7,7,7,7,7,0,0,0
FCR,100,2026-03-10 05:00:00,NA,NA,NA,NA,NA,0.374,0.029,10.77,7,7,7,7,7,0,0,0
FCR,100,2026-03-10 05:15:00,NA,NA,NA,NA,NA,0.373,0.029,10.75,7,7,7,7,7,0,0,0
FCR,100,2026-03-10 05:30:00,NA,NA,NA,NA,NA,0.374,0.029,10.72,7,7,7,7,7,0,0,0
FCR,100,2026-03-10 05:45:00,NA,NA,NA,NA,NA,0.372,0.028,10.69,7,7,7,7,7,0,0,0
FCR,100,2026-03-10 06:00:00,NA,NA,NA,NA,NA,0.373,0.029,10.66,7,7,7,7,7,0,0,0
FCR,100,2026-03-10 06:15:00,NA,NA,NA,NA,NA,NA,NA,NA,7,7,7,7,7,7,7,7
FCR,100,2026-03-10 06:30:00,NA,NA,NA,NA,NA,NA,NA,NA,7,7,7,7,7,7,7,7
FCR,100,2026-03-10 06:45:00,NA,NA,NA,NA,NA,NA,NA,NA,7,7,7,7,7,7,7,7
FCR,100,2026-03-10 07:00:00,NA,NA,NA,NA,NA,NA,NA,NA,7,7,7,7,7,7,7,7
FCR,100,2026-03-10 07:15:00,NA,NA,NA,NA,NA,0.373,0.029,10.63,7,7,7,7,7,0,0,0
FCR,100,2026-03-10 07:30:00,NA,NA,NA,NA,NA,0.373,0.029,10.64,7,7,7,7,7,0,0,0
FCR,100,2026-03-10 07:45:00,NA,NA,NA,NA,NA,0.372,0.028,10.66,7,7,7,7,7,0,0,0
FCR,100,2026-03-10 08:00:00,NA,NA,NA,NA,NA,0.372,0.028,10.7,7,7,7,7,7,0,0,0
FCR,100,2026-03-10 08:15:00,NA,NA,NA,NA,NA,0.373,0.029,10.74,7,7,7,7,7,0,0,0
FCR,100,2026-03-10 08:30:00,NA,NA,NA,NA,NA,0.372,0.028,10.82,7,7,7,7,7,0,0,0
FCR,100,2026-03-10 08:45:00,NA,NA,NA,NA,NA,0.374,0.029,10.91,7,7,7,7,7,0,0,0
FCR,100,2026-03-10 09:00:00,NA,NA,NA,NA,NA,0.374,0.029,11.02,7,7,7,7,7,0,0,0
FCR,100,2026-03-10 09:15:00,NA,NA,NA,NA,NA,0.373,0.029,11.17,7,7,7,7,7,0,0,0
FCR,100,2026-03-10 09:30:00,NA,NA,NA,NA,NA,0.374,0.029,11.32,7,7,7,7,7,0,0,0
FCR,100,2026-03-10 09:45:00,NA,NA,NA,NA,NA,0.375,0.029,11.52,7,7,7,7,7,0,0,0
FCR,100,2026-03-10 10:00:00,NA,NA,NA,NA,NA,0.376,0.03,11.75,7,7,7,7,7,0,0,0
FCR,100,2026-03-10 10:15:00,NA,NA,NA,NA,NA,NA,NA,NA,7,7,7,7,7,7,7,7
FCR,100,2026-03-10 10:30:00,NA,NA,NA,NA,NA,NA,NA,NA,7,7,7,7,7,7,7,7
FCR,100,2026-03-10 10:45:00,NA,NA,NA,NA,NA,NA,NA,NA,7,7,7,7,7,7,7,7
FCR,100,2026-03-10 11:00:00,NA,NA,NA,NA,NA,NA,NA,NA,7,7,7,7,7,7,7,7
FCR,100,2026-03-10 11:15:00,NA,NA,NA,NA,NA,0.377,0.03,13.25,7,7,7,7,7,0,0,0
FCR,100,2026-03-10 11:30:00,NA,NA,NA,NA,NA,0.378,0.03,13.61,7,7,7,7,7,0,0,0
FCR,100,2026-03-10 11:45:00,NA,NA,NA,NA,NA,0.38,0.031,13.96,7,7,7,7,7,0,0,0
FCR,100,2026-03-10 12:00:00,NA,NA,NA,NA,NA,0.38,0.031,14.3,7,7,7,7,7,0,0,0
FCR,100,2026-03-10 12:15:00,NA,NA,NA,NA,NA,NA,NA,NA,7,7,7,7,7,7,7,7
FCR,100,2026-03-10 12:30:00,NA,NA,NA,NA,NA,NA,NA,NA,7,7,7,7,7,7,7,7
FCR,100,2026-03-10 12:45:00,NA,NA,NA,NA,NA,NA,NA,NA,7,7,7,7,7,7,7,7
FCR,100,2026-03-10 13:00:00,NA,NA,NA,NA,NA,NA,NA,NA,7,7,7,7,7,7,7,7
FCR,100,2026-03-10 13:15:00,NA,NA,NA,NA,NA,0.383,0.032,15.93,7,7,7,7,7,0,0,0
FCR,100,2026-03-10 13:30:00,NA,NA,NA,NA,NA,0.382,0.031,16.11,7,7,7,7,7,0,0,0
FCR,100,2026-03-10 13:45:00,NA,NA,NA,NA,NA,0.383,0.032,16.19,7,7,7,7,7,0,0,0
FCR,100,2026-03-10 14:00:00,NA,NA,NA,NA,NA,0.383,0.032,16.49,7,7,7,7,7,0,0,0
FCR,100,2026-03-10 14:15:00,NA,NA,NA,NA,NA,0.384,0.032,16.72,7,7,7,7,7,0,0,0
FCR,100,2026-03-10 14:30:00,NA,NA,NA,NA,NA,NA,NA,NA,7,7,7,7,7,7,7,7
FCR,100,2026-03-10 14:45:00,NA,NA,NA,NA,NA,NA,NA,NA,7,7,7,7,7,7,7,7
FCR,100,2026-03-10 15:00:00,NA,NA,NA,NA,NA,0.384,0.032,17.06,7,7,7,7,7,0,0,0
FCR,100,2026-03-10 15:15:00,NA,NA,NA,NA,NA,0.385,0.032,17.09,7,7,7,7,7,0,0,0
FCR,100,2026-03-10 15:30:00,NA,NA,NA,NA,NA,0.384,0.032,17.07,7,7,7,7,7,0,0,0
FCR,100,2026-03-10 15:45:00,NA,NA,NA,NA,NA,0.384,0.032,16.99,7,7,7,7,7,0,0,0
FCR,100,2026-03-10 16:00:00,NA,NA,NA,NA,NA,0.383,0.032,16.89,7,7,7,7,7,0,0,0
FCR,100,2026-03-10 16:15:00,NA,NA,NA,NA,NA,0.385,0.032,16.88,7,7,7,7,7,0,0,0
FCR,100,2026-03-10 16:30:00,NA,NA,NA,NA,NA,0.383,0.032,16.72,7,7,7,7,7,0,0,0
FCR,100,2026-03-10 16:45:00,NA,NA,NA,NA,NA,0.382,0.031,16.57,7,7,7,7,7,0,0,0
FCR,100,2026-03-10 17:00:00,NA,NA,NA,NA,NA,0.383,0.032,16.5,7,7,7,7,7,0,0,0
FCR,100,2026-03-10 17:15:00,NA,NA,NA,NA,NA,0.382,0.031,16.37,7,7,7,7,7,0,0,0
FCR,100,2026-03-10 17:30:00,NA,NA,NA,NA,NA,0.382,0.031,16.2,7,7,7,7,7,0,0,0
FCR,100,2026-03-10 17:45:00,NA,NA,NA,NA,NA,0.382,0.031,16.01,7,7,7,7,7,0,0,0
FCR,100,2026-03-10 18:00:00,NA,NA,NA,NA,NA,0.383,0.032,15.83,7,7,7,7,7,0,0,0
FCR,100,2026-03-10 18:15:00,NA,NA,NA,NA,NA,0.381,0.031,15.65,7,7,7,7,7,0,0,0
FCR,100,2026-03-10 18:30:00,NA,NA,NA,NA,NA,0.382,0.031,15.47,7,7,7,7,7,0,0,0
FCR,100,2026-03-10 18:45:00,NA,NA,NA,NA,NA,0.382,0.031,15.31,7,7,7,7,7,0,0,0
FCR,100,2026-03-10 19:00:00,NA,NA,NA,NA,NA,0.381,0.031,15.15,7,7,7,7,7,0,0,0
FCR,100,2026-03-10 19:15:00,NA,NA,NA,NA,NA,0.38,0.031,15,7,7,7,7,7,0,0,0
FCR,100,2026-03-10 19:30:00,NA,NA,NA,NA,NA,0.379,0.03,14.87,7,7,7,7,7,0,0,0
FCR,100,2026-03-10 19:45:00,NA,NA,NA,NA,NA,0.38,0.031,14.74,7,7,7,7,7,0,0,0
FCR,100,2026-03-10 20:00:00,NA,NA,NA,NA,NA,0.379,0.03,14.63,7,7,7,7,7,0,0,0
FCR,100,2026-03-10 20:15:00,NA,NA,NA,NA,NA,NA,NA,NA,7,7,7,7,7,7,7,7
FCR,100,2026-03-10 20:30:00,NA,NA,NA,NA,NA,NA,NA,NA,7,7,7,7,7,7,7,7
FCR,100,2026-03-10 20:45:00,NA,NA,NA,NA,NA,NA,NA,NA,7,7,7,7,7,7,7,7
FCR,100,2026-03-10 21:00:00,NA,NA,NA,NA,NA,NA,NA,NA,7,7,7,7,7,7,7,7
FCR,100,2026-03-10 21:15:00,NA,NA,NA,NA,NA,0.378,0.03,14.31,7,7,7,7,7,0,0,0
FCR,100,2026-03-10 21:30:00,NA,NA,NA,NA,NA,0.379,0.03,14.26,7,7,7,7,7,0,0,0
FCR,100,2026-03-10 21:45:00,NA,NA,NA,NA,NA,0.377,0.03,14.21,7,7,7,7,7,0,0,0
FCR,100,2026-03-10 22:00:00,NA,NA,NA,NA,NA,0.378,0.03,14.16,7,7,7,7,7,0,0,0
FCR,100,2026-03-10 22:15:00,NA,NA,NA,NA,NA,0.377,0.03,14.13,7,7,7,7,7,0,0,0
FCR,100,2026-03-10 22:30:00,NA,NA,NA,NA,NA,0.377,0.03,14.08,7,7,7,7,7,0,0,0
FCR,100,2026-03-10 22:45:00,NA,NA,NA,NA,NA,0.377,0.03,14.02,7,7,7,7,7,0,0,0
FCR,100,2026-03-10 23:00:00,NA,NA,NA,NA,NA,0.378,0.03,14,7,7,7,7,7,0,0,0
FCR,100,2026-03-10 23:15:00,NA,NA,NA,NA,NA,0.378,0.03,13.96,7,7,7,7,7,0,0,0
FCR,100,2026-03-10 23:30:00,NA,NA,NA,NA,NA,0.376,0.03,13.94,7,7,7,7,7,0,0,0
FCR,100,2026-03-10 23:45:00,NA,NA,NA,NA,NA,0.377,0.03,13.93,7,7,7,7,7,0,0,0
FCR,100,2026-03-11 00:00:00,NA,NA,NA,NA,NA,0.377,0.03,13.92,7,7,7,7,7,0,0,0
FCR,100,2026-03-11 00:15:00,NA,NA,NA,NA,NA,0.376,0.03,13.9,7,7,7,7,7,0,0,0
FCR,100,2026-03-11 00:30:00,NA,NA,NA,NA,NA,NA,NA,NA,7,7,7,7,7,7,7,7
FCR,100,2026-03-11 00:45:00,NA,NA,NA,NA,NA,NA,NA,NA,7,7,7,7,7,7,7,7
FCR,100,2026-03-11 01:00:00,NA,NA,NA,NA,NA,NA,NA,NA,7,7,7,7,7,7,7,7
FCR,100,2026-03-11 01:15:00,NA,NA,NA,NA,NA,0.377,0.03,13.82,7,7,7,7,7,0,0,0
FCR,100,2026-03-11 01:30:00,NA,NA,NA,NA,NA,0.377,0.03,13.77,7,7,7,7,7,0,0,0
FCR,100,2026-03-11 01:45:00,NA,NA,NA,NA,NA,0.377,0.03,13.74,7,7,7,7,7,0,0,0
FCR,100,2026-03-11 02:00:00,NA,NA,NA,NA,NA,0.377,0.03,13.71,7,7,7,7,7,0,0,0
FCR,100,2026-03-11 02:15:00,NA,NA,NA,NA,NA,0.377,0.03,13.69,7,7,7,7,7,0,0,0
FCR,100,2026-03-11 02:30:00,NA,NA,NA,NA,NA,0.377,0.03,13.67,7,7,7,7,7,0,0,0
FCR,100,2026-03-11 02:45:00,NA,NA,NA,NA,NA,0.377,0.03,13.65,7,7,7,7,7,0,0,0
FCR,100,2026-03-11 03:00:00,NA,NA,NA,NA,NA,0.376,0.03,13.64,7,7,7,7,7,0,0,0
FCR,100,2026-03-11 03:15:00,NA,NA,NA,NA,NA,0.376,0.03,13.63,7,7,7,7,7,0,0,0
FCR,100,2026-03-11 03:30:00,NA,NA,NA,NA,NA,0.377,0.03,13.62,7,7,7,7,7,0,0,0
FCR,100,2026-03-11 03:45:00,NA,NA,NA,NA,NA,0.377,0.03,13.6,7,7,7,7,7,0,0,0
FCR,100,2026-03-11 04:00:00,NA,NA,NA,NA,NA,0.377,0.03,13.57,7,7,7,7,7,0,0,0
FCR,100,2026-03-11 04:15:00,NA,NA,NA,NA,NA,0.376,0.03,13.55,7,7,7,7,7,0,0,0
FCR,100,2026-03-11 04:30:00,NA,NA,NA,NA,NA,0.376,0.03,13.53,7,7,7,7,7,0,0,0
FCR,100,2026-03-11 04:45:00,NA,NA,NA,NA,NA,0.376,0.03,13.51,7,7,7,7,7,0,0,0
FCR,100,2026-03-11 05:00:00,NA,NA,NA,NA,NA,0.376,0.03,13.49,7,7,7,7,7,0,0,0
FCR,100,2026-03-11 05:15:00,NA,NA,NA,NA,NA,0.376,0.03,13.48,7,7,7,7,7,0,0,0
FCR,100,2026-03-11 05:30:00,NA,NA,NA,NA,NA,0.375,0.029,13.48,7,7,7,7,7,0,0,0
FCR,100,2026-03-11 05:45:00,NA,NA,NA,NA,NA,0.376,0.03,13.47,7,7,7,7,7,0,0,0
FCR,100,2026-03-11 06:00:00,NA,NA,NA,NA,NA,0.376,0.03,13.46,7,7,7,7,7,0,0,0
FCR,100,2026-03-11 06:15:00,NA,NA,NA,NA,NA,NA,NA,NA,7,7,7,7,7,7,7,7
FCR,100,2026-03-11 06:30:00,NA,NA,NA,NA,NA,NA,NA,NA,7,7,7,7,7,7,7,7
FCR,100,2026-03-11 06:45:00,NA,NA,NA,NA,NA,NA,NA,NA,7,7,7,7,7,7,7,7
FCR,100,2026-03-11 07:00:00,NA,NA,NA,NA,NA,NA,NA,NA,7,7,7,7,7,7,7,7
FCR,100,2026-03-11 07:15:00,NA,NA,NA,NA,NA,0.375,0.029,13.47,7,7,7,7,7,0,0,0
FCR,100,2026-03-11 07:30:00,NA,NA,NA,NA,NA,0.375,0.029,13.51,7,7,7,7,7,0,0,0
FCR,100,2026-03-11 07:45:00,NA,NA,NA,NA,NA,0.376,0.03,13.54,7,7,7,7,7,0,0,0
FCR,100,2026-03-11 08:00:00,NA,NA,NA,NA,NA,0.376,0.03,13.57,7,7,7,7,7,0,0,0
FCR,100,2026-03-11 08:15:00,NA,NA,NA,NA,NA,0.376,0.03,13.6,7,7,7,7,7,0,0,0
FCR,100,2026-03-11 08:30:00,NA,NA,NA,NA,NA,0.376,0.03,13.64,7,7,7,7,7,0,0,0
FCR,100,2026-03-11 08:45:00,NA,NA,NA,NA,NA,0.377,0.03,13.7,7,7,7,7,7,0,0,0
FCR,100,2026-03-11 09:00:00,NA,NA,NA,NA,NA,0.376,0.03,13.78,7,7,7,7,7,0,0,0
FCR,100,2026-03-11 09:15:00,NA,NA,NA,NA,NA,0.376,0.03,13.99,7,7,7,7,7,0,0,0
FCR,100,2026-03-11 09:30:00,NA,NA,NA,NA,NA,0.378,0.03,14.18,7,7,7,7,7,0,0,0
FCR,100,2026-03-11 09:45:00,NA,NA,NA,NA,NA,0.378,0.03,14.37,7,7,7,7,7,0,0,0
FCR,100,2026-03-11 10:00:00,NA,NA,NA,NA,NA,0.378,0.03,14.47,7,7,7,7,7,0,0,0
FCR,100,2026-03-11 10:15:00,NA,NA,NA,NA,NA,NA,NA,NA,7,7,7,7,7,7,7,7
FCR,100,2026-03-11 10:30:00,NA,NA,NA,NA,NA,NA,NA,NA,7,7,7,7,7,7,7,7
FCR,100,2026-03-11 11:00:00,NA,NA,NA,NA,NA,NA,NA,NA,7,7,7,7,7,7,7,7
FCR,100,2026-03-11 11:15:00,NA,NA,NA,NA,NA,0.38,0.031,15.31,7,7,7,7,7,0,0,0
FCR,100,2026-03-11 11:30:00,NA,NA,NA,NA,NA,0.381,0.031,15.65,7,7,7,7,7,0,0,0
FCR,100,2026-03-11 11:45:00,NA,NA,NA,NA,NA,0.38,0.031,15.75,7,7,7,7,7,0,0,0
FCR,100,2026-03-11 12:00:00,NA,NA,NA,NA,NA,0.38,0.031,15.99,7,7,7,7,7,0,0,0
FCR,100,2026-03-11 12:15:00,NA,NA,NA,NA,NA,NA,NA,NA,7,7,7,7,7,7,7,7
FCR,100,2026-03-11 12:30:00,NA,NA,NA,NA,NA,NA,NA,NA,7,7,7,7,7,7,7,7
FCR,100,2026-03-11 13:00:00,NA,NA,NA,NA,NA,NA,NA,NA,7,7,7,7,7,7,7,7
FCR,100,2026-03-11 13:15:00,NA,NA,NA,NA,NA,0.383,0.032,17.27,7,7,7,7,7,0,0,0
FCR,100,2026-03-11 13:30:00,NA,NA,NA,NA,NA,0.383,0.032,17.37,7,7,7,7,7,0,0,0
FCR,100,2026-03-11 13:45:00,NA,NA,NA,NA,NA,0.383,0.032,17.45,7,7,7,7,7,0,0,0
FCR,100,2026-03-11 14:00:00,NA,NA,NA,NA,NA,0.384,0.032,17.59,7,7,7,7,7,0,0,0
FCR,100,2026-03-11 14:15:00,NA,NA,NA,NA,NA,0.384,0.032,17.77,7,7,7,7,7,0,0,0
FCR,100,2026-03-11 14:30:00,NA,NA,NA,NA,NA,NA,NA,NA,7,7,7,7,7,7,7,7
FCR,100,2026-03-11 15:00:00,NA,NA,NA,NA,NA,NA,NA,NA,7,7,7,7,7,7,7,7
FCR,100,2026-03-11 15:15:00,NA,NA,NA,NA,NA,0.384,0.032,17.86,7,7,7,7,7,0,0,0
FCR,100,2026-03-11 15:30:00,NA,NA,NA,NA,NA,0.384,0.032,17.85,7,7,7,7,7,0,0,0
FCR,100,2026-03-11 15:45:00,NA,NA,NA,NA,NA,0.384,0.032,17.82,7,7,7,7,7,0,0,0
FCR,100,2026-03-11 16:00:00,NA,NA,NA,NA,NA,0.385,0.032,17.72,7,7,7,7,7,0,0,0
FCR,100,2026-03-11 16:15:00,NA,NA,NA,NA,NA,0.383,0.032,17.68,7,7,7,7,7,0,0,0
FCR,100,2026-03-11 16:30:00,NA,NA,NA,NA,NA,0.383,0.032,17.62,7,7,7,7,7,0,0,0
FCR,100,2026-03-11 16:45:00,NA,NA,NA,NA,NA,0.384,0.032,17.6,7,7,7,7,7,0,0,0
FCR,100,2026-03-11 17:00:00,NA,NA,NA,NA,NA,0.383,0.032,17.48,7,7,7,7,7,0,0,0
FCR,100,2026-03-11 17:15:00,NA,NA,NA,NA,NA,0.382,0.031,17.37,7,7,7,7,7,0,0,0
FCR,100,2026-03-11 17:30:00,NA,NA,NA,NA,NA,0.381,0.031,17.26,7,7,7,7,7,0,0,0
FCR,100,2026-03-11 17:45:00,NA,NA,NA,NA,NA,0.387,0.033,17.14,7,7,7,7,7,0,0,0
FCR,100,2026-03-11 18:00:00,NA,NA,NA,NA,NA,0.391,0.034,17.03,7,7,7,7,7,0,0,0
FCR,100,2026-03-11 18:15:00,NA,NA,NA,NA,NA,0.393,0.035,16.92,7,7,7,7,7,0,0,0
FCR,100,2026-03-11 18:30:00,NA,NA,NA,NA,NA,0.394,0.035,16.76,7,7,7,7,7,0,0,0
FCR,100,2026-03-11 18:45:00,NA,NA,NA,NA,NA,0.391,0.034,16.61,7,7,7,7,7,0,0,0
FCR,100,2026-03-11 19:00:00,NA,NA,NA,NA,NA,0.391,0.034,16.47,7,7,7,7,7,0,0,0
FCR,100,2026-03-11 19:15:00,NA,NA,NA,NA,NA,0.391,0.034,16.33,7,7,7,7,7,0,0,0
FCR,100,2026-03-11 19:30:00,NA,NA,NA,NA,NA,0.391,0.034,16.19,7,7,7,7,7,0,0,0
FCR,100,2026-03-11 19:45:00,NA,NA,NA,NA,NA,0.391,0.034,16.04,7,7,7,7,7,0,0,0
FCR,100,2026-03-11 20:00:00,NA,NA,NA,NA,NA,0.389,0.034,15.9,7,7,7,7,7,0,0,0
FCR,100,2026-03-11 20:15:00,NA,NA,NA,NA,NA,NA,NA,NA,7,7,7,7,7,7,7,7
FCR,100,2026-03-11 21:00:00,NA,NA,NA,NA,NA,NA,NA,NA,7,7,7,7,7,7,7,7
FCR,100,2026-03-11 21:15:00,NA,NA,NA,NA,NA,0.383,0.032,15.52,7,7,7,7,7,0,0,0
FCR,100,2026-03-11 21:30:00,NA,NA,NA,NA,NA,0.383,0.032,15.46,7,7,7,7,7,0,0,0
FCR,100,2026-03-11 21:45:00,NA,NA,NA,NA,NA,0.383,0.032,15.42,7,7,7,7,7,0,0,0
FCR,100,2026-03-11 22:00:00,NA,NA,NA,NA,NA,0.384,0.032,15.39,7,7,7,7,7,0,0,0
FCR,100,2026-03-11 22:15:00,NA,NA,NA,NA,NA,0.383,0.032,15.35,7,7,7,7,7,0,0,0
FCR,100,2026-03-11 22:30:00,NA,NA,NA,NA,NA,0.384,0.032,15.31,7,7,7,7,7,0,0,0
FCR,100,2026-03-11 22:45:00,NA,NA,NA,NA,NA,0.383,0.032,15.28,7,7,7,7,7,0,0,0
FCR,100,2026-03-11 23:00:00,NA,NA,NA,NA,NA,0.383,0.032,15.29,7,7,7,7,7,0,0,0
FCR,100,2026-03-11 23:15:00,NA,NA,NA,NA,NA,0.382,0.031,15.29,7,7,7,7,7,0,0,0
FCR,100,2026-03-11 23:30:00,NA,NA,NA,NA,NA,0.383,0.032,15.28,7,7,7,7,7,0,0,0
FCR,100,2026-03-11 23:45:00,NA,NA,NA,NA,NA,0.382,0.031,15.27,7,7,7,7,7,0,0,0
FCR,100,2026-03-12 00:00:00,NA,NA,NA,NA,NA,0.383,0.032,15.24,7,7,7,7,7,0,0,0
FCR,100,2026-03-12 00:15:00,NA,NA,NA,NA,NA,0.383,0.032,15.2,7,7,7,7,7,0,0,0
FCR,100,2026-03-12 01:00:00,NA,NA,NA,NA,NA,NA,NA,NA,7,7,7,7,7,7,7,7
FCR,100,2026-03-12 01:15:00,NA,NA,NA,NA,NA,0.382,0.031,15.13,7,7,7,7,7,0,0,0
FCR,100,2026-03-12 01:30:00,NA,NA,NA,NA,NA,0.381,0.031,15.1,7,7,7,7,7,0,0,0
FCR,100,2026-03-12 01:45:00,NA,NA,NA,NA,NA,0.382,0.031,15.08,7,7,7,7,7,0,0,0
FCR,100,2026-03-12 02:00:00,NA,NA,NA,NA,NA,0.382,0.031,15.06,7,7,7,7,7,0,0,0
FCR,100,2026-03-12 02:15:00,NA,NA,NA,NA,NA,0.381,0.031,15.04,7,7,7,7,7,0,0,0
FCR,100,2026-03-12 02:30:00,NA,NA,NA,NA,NA,0.382,0.031,15.02,7,7,7,7,7,0,0,0
FCR,100,2026-03-12 02:45:00,NA,NA,NA,NA,NA,0.38,0.031,15,7,7,7,7,7,0,0,0
FCR,100,2026-03-12 03:00:00,NA,NA,NA,NA,NA,0.38,0.031,14.98,7,7,7,7,7,0,0,0
FCR,100,2026-03-12 03:15:00,NA,NA,NA,NA,NA,0.38,0.031,14.96,7,7,7,7,7,0,0,0
FCR,100,2026-03-12 03:30:00,NA,NA,NA,NA,NA,0.381,0.031,14.94,7,7,7,7,7,0,0,0
FCR,100,2026-03-12 03:45:00,NA,NA,NA,NA,NA,0.381,0.031,14.91,7,7,7,7,7,0,0,0
FCR,100,2026-03-12 04:00:00,NA,NA,NA,NA,NA,0.381,0.031,14.89,7,7,7,7,7,0,0,0
FCR,100,2026-03-12 04:15:00,NA,NA,NA,NA,NA,0.38,0.031,14.88,7,7,7,7,7,0,0,0
FCR,100,2026-03-12 04:30:00,NA,NA,NA,NA,NA,0.381,0.031,14.78,7,7,7,7,7,0,0,0
FCR,100,2026-03-12 04:45:00,NA,NA,NA,NA,NA,0.38,0.031,14.64,7,7,7,7,7,0,0,0
FCR,100,2026-03-12 05:00:00,NA,NA,NA,NA,NA,0.38,0.031,14.48,7,7,7,7,7,0,0,0
FCR,100,2026-03-12 05:15:00,NA,NA,NA,NA,NA,0.378,0.03,14.27,7,7,7,7,7,0,0,0
FCR,100,2026-03-12 05:30:00,NA,NA,NA,NA,NA,0.379,0.03,14.08,7,7,7,7,7,0,0,0
FCR,100,2026-03-12 05:45:00,NA,NA,NA,NA,NA,0.377,0.03,13.89,7,7,7,7,7,0,0,0
FCR,100,2026-03-12 06:00:00,NA,NA,NA,NA,NA,0.38,0.031,13.64,7,7,7,7,7,0,0,0
FCR,100,2026-03-12 07:00:00,NA,NA,NA,NA,NA,NA,NA,NA,7,7,7,7,7,7,7,7
FCR,100,2026-03-12 07:15:00,NA,NA,NA,NA,NA,0.388,0.033,12.56,7,7,7,7,7,0,0,0
FCR,100,2026-03-12 07:30:00,NA,NA,NA,NA,NA,0.389,0.034,12.39,7,7,7,7,7,0,0,0
FCR,100,2026-03-12 07:45:00,NA,NA,NA,NA,NA,0.39,0.034,12.18,7,7,7,7,7,0,0,0
FCR,100,2026-03-12 08:00:00,NA,NA,NA,NA,NA,0.389,0.034,11.98,7,7,7,7,7,0,0,0
FCR,100,2026-03-12 08:15:00,NA,NA,NA,NA,NA,0.389,0.034,11.77,7,7,7,7,7,0,0,0
FCR,100,2026-03-12 08:30:00,NA,NA,NA,NA,NA,0.39,0.034,11.57,7,7,7,7,7,0,0,0
FCR,100,2026-03-12 08:45:00,NA,NA,NA,NA,NA,0.39,0.034,11.36,7,7,7,7,7,0,0,0
FCR,100,2026-03-12 09:00:00,NA,NA,NA,NA,NA,0.391,0.034,11.12,7,7,7,7,7,0,0,0
FCR,100,2026-03-12 09:15:00,NA,NA,NA,NA,NA,0.393,0.035,10.7,7,7,7,7,7,0,0,0
FCR,100,2026-03-12 09:30:00,NA,NA,NA,NA,NA,0.396,0.036,10.36,7,7,7,7,7,0,0,0
FCR,100,2026-03-12 09:45:00,NA,NA,NA,NA,NA,0.401,0.038,9.36,7,7,7,7,7,0,0,0
FCR,100,2026-03-12 10:00:00,NA,NA,NA,NA,NA,0.406,0.039,7.912,7,7,7,7,7,0,0,0
FCR,100,2026-03-12 11:00:00,NA,NA,NA,NA,NA,NA,NA,NA,7,7,7,7,7,7,7,7
FCR,100,2026-03-12 11:15:00,NA,NA,NA,NA,NA,0.41,0.041,6.462,7,7,7,7,7,0,0,0
FCR,100,2026-03-12 11:30:00,NA,NA,NA,NA,NA,0.408,0.04,6.573,7,7,7,7,7,0,0,0
FCR,100,2026-03-12 11:45:00,NA,NA,NA,NA,NA,0.405,0.039,6.722,7,7,7,7,7,0,0,0
FCR,100,2026-03-12 12:00:00,NA,NA,NA,NA,NA,0.403,0.038,6.89,7,7,7,7,7,0,0,0
FCR,100,2026-03-12 12:15:00,NA,NA,NA,NA,NA,NA,NA,NA,7,7,7,7,7,7,7,7
FCR,100,2026-03-12 12:30:00,NA,NA,NA,NA,NA,0.404,0.039,7.435,7,7,7,7,7,0,0,0
FCR,100,2026-03-12 12:45:00,NA,NA,NA,NA,NA,0.404,0.039,7.599,7,7,7,7,7,0,0,0
FCR,100,2026-03-12 13:00:00,NA,NA,NA,NA,NA,0.405,0.039,8.05,7,7,7,7,7,0,0,0
FCR,100,2026-03-12 13:15:00,NA,NA,NA,NA,NA,0.406,0.039,8.48,7,7,7,7,7,0,0,0
FCR,100,2026-03-12 13:30:00,NA,NA,NA,NA,NA,0.407,0.04,8.82,7,7,7,7,7,0,0,0
FCR,100,2026-03-12 13:45:00,NA,NA,NA,NA,NA,0.408,0.04,9.09,7,7,7,7,7,0,0,0
FCR,100,2026-03-12 14:00:00,NA,NA,NA,NA,NA,0.41,0.041,9.4,7,7,7,7,7,0,0,0
FCR,100,2026-03-12 14:15:00,NA,NA,NA,NA,NA,0.412,0.042,9.63,7,7,7,7,7,0,0,0
FCR,100,2026-03-12 14:30:00,NA,NA,NA,NA,NA,NA,NA,NA,7,7,7,7,7,7,7,7
FCR,100,2026-03-12 14:45:00,NA,NA,NA,NA,NA,0.413,0.042,9.98,7,7,7,7,7,0,0,0
FCR,100,2026-03-12 15:00:00,NA,NA,NA,NA,NA,0.414,0.042,10.09,7,7,7,7,7,0,0,0
FCR,100,2026-03-12 15:15:00,NA,NA,NA,NA,NA,0.415,0.043,10.13,7,7,7,7,7,0,0,0
FCR,100,2026-03-12 15:30:00,NA,NA,NA,NA,NA,0.416,0.043,10.13,7,7,7,7,7,0,0,0
FCR,100,2026-03-12 15:45:00,NA,NA,NA,NA,NA,0.418,0.044,10.09,7,7,7,7,7,0,0,0
FCR,100,2026-03-12 16:00:00,NA,NA,NA,NA,NA,0.416,0.043,9.97,7,7,7,7,7,0,0,0
FCR,100,2026-03-12 16:15:00,NA,NA,NA,NA,NA,0.417,0.043,9.79,7,7,7,7,7,0,0,0
FCR,100,2026-03-12 16:30:00,NA,NA,NA,NA,NA,0.418,0.044,9.63,7,7,7,7,7,0,0,0
FCR,100,2026-03-12 16:45:00,NA,NA,NA,NA,NA,0.417,0.043,9.47,7,7,7,7,7,0,0,0
FCR,100,2026-03-12 17:00:00,NA,NA,NA,NA,NA,0.416,0.043,9.23,7,7,7,7,7,0,0,0
FCR,100,2026-03-12 17:15:00,NA,NA,NA,NA,NA,0.417,0.043,9.03,7,7,7,7,7,0,0,0
FCR,100,2026-03-12 17:30:00,NA,NA,NA,NA,NA,0.416,0.043,8.83,7,7,7,7,7,0,0,0
FCR,100,2026-03-12 17:45:00,NA,NA,NA,NA,NA,0.416,0.043,8.67,7,7,7,7,7,0,0,0
FCR,100,2026-03-12 18:00:00,NA,NA,NA,NA,NA,0.417,0.043,8.57,7,7,7,7,7,0,0,0
FCR,100,2026-03-12 18:15:00,NA,NA,NA,NA,NA,0.416,0.043,8.4,7,7,7,7,7,0,0,0
FCR,100,2026-03-12 18:30:00,NA,NA,NA,NA,NA,0.416,0.043,8.29,7,7,7,7,7,0,0,0
FCR,100,2026-03-12 18:45:00,NA,NA,NA,NA,NA,0.415,0.043,8.14,7,7,7,7,7,0,0,0
FCR,100,2026-03-12 19:00:00,NA,NA,NA,NA,NA,0.414,0.042,8.04,7,7,7,7,7,0,0,0
FCR,100,2026-03-12 19:15:00,NA,NA,NA,NA,NA,0.415,0.043,7.92,7,7,7,7,7,0,0,0
FCR,100,2026-03-12 19:30:00,NA,NA,NA,NA,NA,0.413,0.042,7.801,7,7,7,7,7,0,0,0
FCR,100,2026-03-12 19:45:00,NA,NA,NA,NA,NA,0.413,0.042,7.725,7,7,7,7,7,0,0,0
FCR,100,2026-03-12 20:00:00,NA,NA,NA,NA,NA,0.413,0.042,7.646,7,7,7,7,7,0,0,0
FCR,100,2026-03-12 20:15:00,NA,NA,NA,NA,NA,NA,NA,NA,7,7,7,7,7,7,7,7
FCR,100,2026-03-12 20:30:00,NA,NA,NA,NA,NA,0.411,0.041,7.497,7,7,7,7,7,0,0,0
FCR,100,2026-03-12 20:45:00,NA,NA,NA,NA,NA,0.412,0.042,7.429,7,7,7,7,7,0,0,0
FCR,100,2026-03-12 21:00:00,NA,NA,NA,NA,NA,0.41,0.041,7.37,7,7,7,7,7,0,0,0
FCR,100,2026-03-12 21:15:00,NA,NA,NA,NA,NA,0.411,0.041,7.3,7,7,7,7,7,0,0,0
FCR,100,2026-03-12 21:30:00,NA,NA,NA,NA,NA,0.411,0.041,7.237,7,7,7,7,7,0,0,0
FCR,100,2026-03-12 21:45:00,NA,NA,NA,NA,NA,0.411,0.041,7.183,7,7,7,7,7,0,0,0
FCR,100,2026-03-12 22:00:00,NA,NA,NA,NA,NA,0.411,0.041,7.13,7,7,7,7,7,0,0,0
FCR,100,2026-03-12 22:15:00,NA,NA,NA,NA,NA,0.411,0.041,7.088,7,7,7,7,7,0,0,0
FCR,100,2026-03-12 22:30:00,NA,NA,NA,NA,NA,0.41,0.041,7.025,7,7,7,7,7,0,0,0
FCR,100,2026-03-12 22:45:00,NA,NA,NA,NA,NA,0.41,0.041,6.977,7,7,7,7,7,0,0,0
FCR,100,2026-03-12 23:00:00,NA,NA,NA,NA,NA,0.41,0.041,6.946,7,7,7,7,7,0,0,0
FCR,100,2026-03-12 23:15:00,NA,NA,NA,NA,NA,0.41,0.041,6.909,7,7,7,7,7,0,0,0
FCR,100,2026-03-12 23:30:00,NA,NA,NA,NA,NA,0.41,0.041,6.881,7,7,7,7,7,0,0,0
FCR,100,2026-03-12 23:45:00,NA,NA,NA,NA,NA,0.409,0.04,6.846,7,7,7,7,7,0,0,0
FCR,100,2026-03-13 00:00:00,NA,NA,NA,NA,NA,0.409,0.04,6.806,7,7,7,7,7,0,0,0
FCR,100,2026-03-13 00:15:00,NA,NA,NA,NA,NA,0.409,0.04,6.771,7,7,7,7,7,0,0,0
FCR,100,2026-03-13 00:30:00,NA,NA,NA,NA,NA,NA,NA,NA,7,7,7,7,7,7,7,7
FCR,100,2026-03-13 00:45:00,NA,NA,NA,NA,NA,0.408,0.04,6.712,7,7,7,7,7,0,0,0
FCR,100,2026-03-13 01:00:00,NA,NA,NA,NA,NA,0.409,0.04,6.681,7,7,7,7,7,0,0,0
FCR,100,2026-03-13 01:15:00,NA,NA,NA,NA,NA,0.408,0.04,6.651,7,7,7,7,7,0,0,0
FCR,100,2026-03-13 01:30:00,NA,NA,NA,NA,NA,0.408,0.04,6.63,7,7,7,7,7,0,0,0
FCR,100,2026-03-13 01:45:00,NA,NA,NA,NA,NA,0.408,0.04,6.62,7,7,7,7,7,0,0,0
FCR,100,2026-03-13 02:00:00,NA,NA,NA,NA,NA,0.408,0.04,6.623,7,7,7,7,7,0,0,0
FCR,100,2026-03-13 02:15:00,NA,NA,NA,NA,NA,0.408,0.04,6.628,7,7,7,7,7,0,0,0
FCR,100,2026-03-13 02:30:00,NA,NA,NA,NA,NA,0.408,0.04,6.644,7,7,7,7,7,0,0,0
FCR,100,2026-03-13 02:45:00,NA,NA,NA,NA,NA,0.408,0.04,6.667,7,7,7,7,7,0,0,0
FCR,100,2026-03-13 03:00:00,NA,NA,NA,NA,NA,0.408,0.04,6.684,7,7,7,7,7,0,0,0
FCR,100,2026-03-13 03:15:00,NA,NA,NA,NA,NA,0.407,0.04,6.693,7,7,7,7,7,0,0,0
FCR,100,2026-03-13 03:30:00,NA,NA,NA,NA,NA,0.408,0.04,6.708,7,7,7,7,7,0,0,0
FCR,100,2026-03-13 03:45:00,NA,NA,NA,NA,NA,0.408,0.04,6.715,7,7,7,7,7,0,0,0
FCR,100,2026-03-13 04:00:00,NA,NA,NA,NA,NA,0.408,0.04,6.721,7,7,7,7,7,0,0,0
FCR,100,2026-03-13 04:15:00,NA,NA,NA,NA,NA,0.408,0.04,6.727,7,7,7,7,7,0,0,0
FCR,100,2026-03-13 04:30:00,NA,NA,NA,NA,NA,0.407,0.04,6.727,7,7,7,7,7,0,0,0
FCR,100,2026-03-13 04:45:00,NA,NA,NA,NA,NA,0.408,0.04,6.73,7,7,7,7,7,0,0,0
FCR,100,2026-03-13 05:00:00,NA,NA,NA,NA,NA,0.407,0.04,6.729,7,7,7,7,7,0,0,0
FCR,100,2026-03-13 05:15:00,NA,NA,NA,NA,NA,0.408,0.04,6.726,7,7,7,7,7,0,0,0
FCR,100,2026-03-13 05:30:00,NA,NA,NA,NA,NA,0.407,0.04,6.719,7,7,7,7,7,0,0,0
FCR,100,2026-03-13 05:45:00,NA,NA,NA,NA,NA,0.407,0.04,6.713,7,7,7,7,7,0,0,0
FCR,100,2026-03-13 06:00:00,NA,NA,NA,NA,NA,0.407,0.04,6.707,7,7,7,7,7,0,0,0
FCR,100,2026-03-13 06:15:00,NA,NA,NA,NA,NA,NA,NA,NA,7,7,7,7,7,7,7,7
FCR,100,2026-03-13 06:30:00,NA,NA,NA,NA,NA,0.407,0.04,6.696,7,7,7,7,7,0,0,0
FCR,100,2026-03-13 06:45:00,NA,NA,NA,NA,NA,0.407,0.04,6.701,7,7,7,7,7,0,0,0
FCR,100,2026-03-13 07:00:00,NA,NA,NA,NA,NA,0.408,0.04,6.72,7,7,7,7,7,0,0,0
FCR,100,2026-03-13 07:15:00,NA,NA,NA,NA,NA,0.406,0.039,6.756,7,7,7,7,7,0,0,0
FCR,100,2026-03-13 07:30:00,NA,NA,NA,NA,NA,0.408,0.04,6.811,7,7,7,7,7,0,0,0
FCR,100,2026-03-13 07:45:00,NA,NA,NA,NA,NA,0.407,0.04,6.88,7,7,7,7,7,0,0,0
FCR,100,2026-03-13 08:00:00,NA,NA,NA,NA,NA,0.407,0.04,6.937,7,7,7,7,7,0,0,0
FCR,100,2026-03-13 08:15:00,NA,NA,NA,NA,NA,0.407,0.04,6.952,7,7,7,7,7,0,0,0
FCR,100,2026-03-13 08:30:00,NA,NA,NA,NA,NA,0.407,0.04,6.99,7,7,7,7,7,0,0,0
FCR,100,2026-03-13 08:45:00,NA,NA,NA,NA,NA,0.408,0.04,7.042,7,7,7,7,7,0,0,0
FCR,100,2026-03-13 09:00:00,NA,NA,NA,NA,NA,0.407,0.04,7.1,7,7,7,7,7,0,0,0
FCR,100,2026-03-13 09:15:00,NA,NA,NA,NA,NA,0.407,0.04,7.166,7,7,7,7,7,0,0,0
FCR,100,2026-03-13 09:30:00,NA,NA,NA,NA,NA,0.408,0.04,7.305,7,7,7,7,7,0,0,0
FCR,100,2026-03-13 09:45:00,NA,NA,NA,NA,NA,0.408,0.04,7.488,7,7,7,7,7,0,0,0
FCR,100,2026-03-13 10:00:00,NA,NA,NA,NA,NA,0.408,0.04,7.642,7,7,7,7,7,0,0,0
FCR,100,2026-03-13 11:00:00,NA,NA,NA,NA,NA,NA,NA,NA,7,7,7,7,7,7,7,7
FCR,100,2026-03-13 11:15:00,NA,NA,NA,NA,NA,0.411,0.041,8.73,7,7,7,7,7,0,0,0
FCR,100,2026-03-13 11:30:00,NA,NA,NA,NA,NA,0.412,0.042,8.98,7,7,7,7,7,0,0,0
FCR,100,2026-03-13 11:45:00,NA,NA,NA,NA,NA,0.411,0.041,9.19,7,7,7,7,7,0,0,0
FCR,100,2026-03-13 12:00:00,NA,NA,NA,NA,NA,0.412,0.042,9.46,7,7,7,7,7,0,0,0
FCR,100,2026-03-13 13:00:00,NA,NA,NA,NA,NA,NA,NA,NA,7,7,7,7,7,7,7,7
FCR,100,2026-03-13 13:15:00,NA,NA,NA,NA,NA,0.416,0.043,10.8,7,7,7,7,7,0,0,0
FCR,100,2026-03-13 13:30:00,NA,NA,NA,NA,NA,0.416,0.043,10.95,7,7,7,7,7,0,0,0
FCR,100,2026-03-13 13:45:00,NA,NA,NA,NA,NA,0.415,0.043,11.02,7,7,7,7,7,0,0,0
FCR,100,2026-03-13 14:00:00,NA,NA,NA,NA,NA,0.416,0.043,11.19,7,7,7,7,7,0,0,0
FCR,100,2026-03-13 14:15:00,NA,NA,NA,NA,NA,0.419,0.044,11.33,7,7,7,7,7,0,0,0
FCR,100,2026-03-13 15:00:00,NA,NA,NA,NA,NA,NA,NA,NA,7,7,7,7,7,7,7,7
FCR,100,2026-03-13 15:15:00,NA,NA,NA,NA,NA,0.418,0.044,11.47,7,7,7,7,7,0,0,0
FCR,100,2026-03-13 15:30:00,NA,NA,NA,NA,NA,0.418,0.044,11.42,7,7,7,7,7,0,0,0
FCR,100,2026-03-13 15:45:00,NA,NA,NA,NA,NA,0.417,0.043,11.32,7,7,7,7,7,0,0,0
FCR,100,2026-03-13 16:00:00,NA,NA,NA,NA,NA,0.415,0.043,11.2,7,7,7,7,7,0,0,0
FCR,100,2026-03-13 16:15:00,NA,NA,NA,NA,NA,0.416,0.043,11.14,7,7,7,7,7,0,0,0
FCR,100,2026-03-13 16:30:00,NA,NA,NA,NA,NA,0.416,0.043,11.05,7,7,7,7,7,0,0,0
FCR,100,2026-03-13 16:45:00,NA,NA,NA,NA,NA,0.415,0.043,10.86,7,7,7,7,7,0,0,0
FCR,100,2026-03-13 17:00:00,NA,NA,NA,NA,NA,0.416,0.043,10.69,7,7,7,7,7,0,0,0
FCR,100,2026-03-13 17:15:00,NA,NA,NA,NA,NA,0.413,0.042,10.57,7,7,7,7,7,0,0,0
FCR,100,2026-03-13 17:30:00,NA,NA,NA,NA,NA,0.414,0.042,10.41,7,7,7,7,7,0,0,0
FCR,100,2026-03-13 17:45:00,NA,NA,NA,NA,NA,0.414,0.042,10.23,7,7,7,7,7,0,0,0
FCR,100,2026-03-13 18:00:00,NA,NA,NA,NA,NA,0.414,0.042,10.08,7,7,7,7,7,0,0,0
FCR,100,2026-03-13 18:15:00,NA,NA,NA,NA,NA,0.413,0.042,9.94,7,7,7,7,7,0,0,0
FCR,100,2026-03-13 18:30:00,NA,NA,NA,NA,NA,0.413,0.042,9.81,7,7,7,7,7,0,0,0
FCR,100,2026-03-13 18:45:00,NA,NA,NA,NA,NA,0.412,0.042,9.68,7,7,7,7,7,0,0,0
FCR,100,2026-03-13 19:00:00,NA,NA,NA,NA,NA,0.412,0.042,9.57,7,7,7,7,7,0,0,0
FCR,100,2026-03-13 19:15:00,NA,NA,NA,NA,NA,0.413,0.042,9.48,7,7,7,7,7,0,0,0
FCR,100,2026-03-13 19:30:00,NA,NA,NA,NA,NA,0.411,0.041,9.4,7,7,7,7,7,0,0,0
FCR,100,2026-03-13 19:45:00,NA,NA,NA,NA,NA,0.411,0.041,9.32,7,7,7,7,7,0,0,0
FCR,100,2026-03-13 20:00:00,NA,NA,NA,NA,NA,0.412,0.042,9.25,7,7,7,7,7,0,0,0
FCR,100,2026-03-13 20:15:00,NA,NA,NA,NA,NA,0.412,0.042,9.19,7,7,7,7,7,0,0,0
FCR,100,2026-03-13 20:30:00,NA,NA,NA,NA,NA,0.412,0.042,9.13,7,7,7,7,7,0,0,0
FCR,100,2026-03-13 20:45:00,NA,NA,NA,NA,NA,0.412,0.042,9.08,7,7,7,7,7,0,0,0
FCR,100,2026-03-13 21:00:00,NA,NA,NA,NA,NA,0.411,0.041,9.03,7,7,7,7,7,0,0,0
FCR,100,2026-03-13 21:15:00,NA,NA,NA,NA,NA,0.41,0.041,8.97,7,7,7,7,7,0,0,0
FCR,100,2026-03-13 21:30:00,NA,NA,NA,NA,NA,0.411,0.041,8.91,7,7,7,7,7,0,0,0
FCR,100,2026-03-13 21:45:00,NA,NA,NA,NA,NA,0.41,0.041,8.85,7,7,7,7,7,0,0,0
FCR,100,2026-03-13 22:00:00,NA,NA,NA,NA,NA,0.409,0.04,8.78,7,7,7,7,7,0,0,0
FCR,100,2026-03-13 22:15:00,NA,NA,NA,NA,NA,0.409,0.04,8.72,7,7,7,7,7,0,0,0
FCR,100,2026-03-13 22:30:00,NA,NA,NA,NA,NA,0.41,0.041,8.66,7,7,7,7,7,0,0,0
FCR,100,2026-03-13 22:45:00,NA,NA,NA,NA,NA,0.409,0.04,8.6,7,7,7,7,7,0,0,0
FCR,100,2026-03-13 23:00:00,NA,NA,NA,NA,NA,0.409,0.04,8.56,7,7,7,7,7,0,0,0
FCR,100,2026-03-13 23:15:00,NA,NA,NA,NA,NA,0.408,0.04,8.55,7,7,7,7,7,0,0,0
FCR,100,2026-03-13 23:30:00,NA,NA,NA,NA,NA,0.409,0.04,8.55,7,7,7,7,7,0,0,0
FCR,100,2026-03-13 23:45:00,NA,NA,NA,NA,NA,0.409,0.04,8.56,7,7,7,7,7,0,0,0
FCR,100,2026-03-14 00:00:00,NA,NA,NA,NA,NA,0.409,0.04,8.57,7,7,7,7,7,0,0,0
FCR,100,2026-03-14 00:15:00,NA,NA,NA,NA,NA,0.409,0.04,8.58,7,7,7,7,7,0,0,0
FCR,100,2026-03-14 01:00:00,NA,NA,NA,NA,NA,NA,NA,NA,7,7,7,7,7,7,7,7
FCR,100,2026-03-14 01:15:00,NA,NA,NA,NA,NA,0.409,0.04,8.54,7,7,7,7,7,0,0,0
FCR,100,2026-03-14 01:30:00,NA,NA,NA,NA,NA,0.408,0.04,8.53,7,7,7,7,7,0,0,0
FCR,100,2026-03-14 01:45:00,NA,NA,NA,NA,NA,0.407,0.04,8.53,7,7,7,7,7,0,0,0
FCR,100,2026-03-14 02:00:00,NA,NA,NA,NA,NA,0.408,0.04,8.51,7,7,7,7,7,0,0,0
FCR,100,2026-03-14 02:15:00,NA,NA,NA,NA,NA,0.408,0.04,8.5,7,7,7,7,7,0,0,0
FCR,100,2026-03-14 02:30:00,NA,NA,NA,NA,NA,0.408,0.04,8.49,7,7,7,7,7,0,0,0
FCR,100,2026-03-14 11:45:00,NA,NA,NA,NA,NA,NA,NA,NA,7,7,7,7,7,7,7,7
FCR,100,2026-03-14 12:00:00,NA,NA,NA,NA,NA,0.407,0.04,9.53,7,7,7,7,7,0,0,0
FCR,100,2026-03-14 12:15:00,NA,NA,NA,NA,NA,0.406,0.039,9.81,7,7,7,7,7,0,0,0
FCR,100,2026-03-14 12:30:00,NA,NA,NA,NA,NA,0.408,0.04,10.03,7,7,7,7,7,0,0,0
FCR,100,2026-03-14 12:45:00,NA,NA,NA,NA,NA,0.407,0.04,10.21,7,7,7,7,7,0,0,0
FCR,100,2026-03-14 13:00:00,NA,NA,NA,NA,NA,0.408,0.04,10.35,7,7,7,7,7,0,0,0
FCR,100,2026-03-14 13:15:00,NA,NA,NA,NA,NA,0.408,0.04,10.43,7,7,7,7,7,0,0,0
FCR,100,2026-03-14 13:30:00,NA,NA,NA,NA,NA,0.407,0.04,10.56,7,7,7,7,7,0,0,0
FCR,100,2026-03-14 13:45:00,NA,NA,NA,NA,NA,0.408,0.04,10.71,7,7,7,7,7,0,0,0
FCR,100,2026-03-16 10:00:00,NA,NA,NA,NA,NA,NA,NA,NA,7,7,7,7,7,7,7,7
FCR,100,2026-03-16 10:15:00,NA,NA,NA,NA,NA,0.477,0.07,11.43,7,7,7,7,7,0,0,0
FCR,100,2026-03-16 10:30:00,NA,NA,NA,NA,NA,0.479,0.071,11.47,7,7,7,7,7,0,0,0
FCR,100,2026-03-16 10:45:00,NA,NA,NA,NA,NA,0.477,0.07,11.56,7,7,7,7,7,0,0,0
FCR,100,2026-03-16 11:00:00,NA,NA,NA,NA,NA,0.479,0.071,11.64,7,7,7,7,7,0,0,0
FCR,100,2026-03-16 11:15:00,NA,NA,NA,NA,NA,0.479,0.071,11.69,7,7,7,7,7,0,0,0
FCR,100,2026-03-16 11:30:00,NA,NA,NA,NA,NA,0.479,0.071,11.73,7,7,7,7,7,0,0,0
FCR,100,2026-03-16 11:45:00,NA,NA,NA,NA,NA,0.478,0.07,11.77,7,7,7,7,7,0,0,0
FCR,100,2026-03-16 12:00:00,NA,NA,NA,NA,NA,0.478,0.07,11.81,7,7,7,7,7,0,0,0
FCR,100,2026-03-16 12:15:00,NA,NA,NA,NA,NA,0.474,0.068,11.88,7,7,7,7,7,0,0,0
FCR,100,2026-03-16 12:30:00,NA,NA,NA,NA,NA,0.478,0.07,11.89,7,7,7,7,7,0,0,0
FCR,100,2026-03-16 12:45:00,NA,NA,NA,NA,NA,0.478,0.07,11.97,7,7,7,7,7,0,0,0
FCR,100,2026-03-16 13:00:00,NA,NA,NA,NA,NA,0.478,0.07,12,7,7,7,7,7,0,0,0
FCR,100,2026-03-16 13:15:00,NA,NA,NA,NA,NA,0.477,0.07,12.01,7,7,7,7,7,0,0,0
FCR,100,2026-03-16 13:30:00,NA,NA,NA,NA,NA,0.478,0.07,12.06,7,7,7,7,7,0,0,0
FCR,100,2026-03-16 13:45:00,NA,NA,NA,NA,NA,0.477,0.07,12.02,7,7,7,7,7,0,0,0
FCR,100,2026-03-16 14:00:00,NA,NA,NA,NA,NA,0.478,0.07,12.08,7,7,7,7,7,0,0,0
FCR,100,2026-03-16 14:15:00,NA,NA,NA,NA,NA,0.477,0.07,12.06,7,7,7,7,7,0,0,0
FCR,100,2026-03-16 14:30:00,NA,NA,NA,NA,NA,0.477,0.07,12.05,7,7,7,7,7,0,0,0
FCR,100,2026-03-16 14:45:00,NA,NA,NA,NA,NA,0.477,0.07,12.05,7,7,7,7,7,0,0,0
FCR,100,2026-03-16 15:00:00,NA,NA,NA,NA,NA,0.477,0.07,12.04,7,7,7,7,7,0,0,0
FCR,100,2026-03-16 15:15:00,NA,NA,NA,NA,NA,0.476,0.069,12.01,7,7,7,7,7,0,0,0
FCR,100,2026-03-16 15:30:00,NA,NA,NA,NA,NA,0.477,0.07,11.98,7,7,7,7,7,0,0,0
FCR,100,2026-03-16 15:45:00,NA,NA,NA,NA,NA,0.478,0.07,11.95,7,7,7,7,7,0,0,0
FCR,100,2026-03-16 16:00:00,NA,NA,NA,NA,NA,0.478,0.07,11.93,7,7,7,7,7,0,0,0
FCR,100,2026-03-16 16:15:00,NA,NA,NA,NA,NA,0.488,0.075,11.75,7,7,7,7,7,0,0,0
FCR,100,2026-03-16 16:30:00,NA,NA,NA,NA,NA,0.496,0.08,11.53,7,7,7,7,7,0,0,0
FCR,100,2026-03-16 16:45:00,NA,NA,NA,NA,NA,0.498,0.081,11.32,7,7,7,7,7,0,0,0
FCR,100,2026-03-16 17:00:00,NA,NA,NA,NA,NA,0.5,0.082,11.08,7,7,7,7,7,0,0,0
FCR,100,2026-03-16 17:15:00,NA,NA,NA,NA,NA,0.5,0.082,10.79,7,7,7,7,7,0,0,0
FCR,100,2026-03-16 17:30:00,NA,NA,NA,NA,NA,0.499,0.081,10.52,7,7,7,7,7,0,0,0
FCR,100,2026-03-16 17:45:00,NA,NA,NA,NA,NA,0.501,0.082,10.11,7,7,7,7,7,0,0,0
FCR,100,2026-03-16 18:00:00,NA,NA,NA,NA,NA,0.502,0.083,9.8,7,7,7,7,7,0,0,0
FCR,100,2026-03-16 18:15:00,NA,NA,NA,NA,NA,0.504,0.084,9.54,7,7,7,7,7,0,0,0
FCR,100,2026-03-16 18:30:00,NA,NA,NA,NA,NA,0.504,0.084,9.45,7,7,7,7,7,0,0,0
FCR,100,2026-03-16 18:45:00,NA,NA,NA,NA,NA,0.502,0.083,9.34,7,7,7,7,7,0,0,0
FCR,100,2026-03-16 19:00:00,NA,NA,NA,NA,NA,0.503,0.084,9.29,7,7,7,7,7,0,0,0
FCR,100,2026-03-16 19:15:00,NA,NA,NA,NA,NA,0.501,0.082,9.21,7,7,7,7,7,0,0,0
FCR,100,2026-03-16 19:30:00,NA,NA,NA,NA,NA,0.502,0.083,9.06,7,7,7,7,7,0,0,0
FCR,100,2026-03-16 19:45:00,NA,NA,NA,NA,NA,0.501,0.082,8.9,7,7,7,7,7,0,0,0
FCR,100,2026-03-16 20:00:00,NA,NA,NA,NA,NA,0.5,0.082,8.72,7,7,7,7,7,0,0,0
FCR,100,2026-03-16 20:15:00,NA,NA,NA,NA,NA,0.498,0.081,8.6,7,7,7,7,7,0,0,0
FCR,100,2026-03-16 20:30:00,NA,NA,NA,NA,NA,0.498,0.081,8.43,7,7,7,7,7,0,0,0
FCR,100,2026-03-16 20:45:00,NA,NA,NA,NA,NA,0.497,0.08,8.26,7,7,7,7,7,0,0,0
FCR,100,2026-03-16 21:00:00,NA,NA,NA,NA,NA,0.496,0.08,8.13,7,7,7,7,7,0,0,0
FCR,100,2026-03-16 21:15:00,NA,NA,NA,NA,NA,0.5,0.082,7.981,7,7,7,7,7,0,0,0
FCR,100,2026-03-16 21:30:00,NA,NA,NA,NA,NA,0.499,0.081,7.867,7,7,7,7,7,0,0,0
FCR,100,2026-03-16 21:45:00,NA,NA,NA,NA,NA,0.496,0.08,7.732,7,7,7,7,7,0,0,0
FCR,100,2026-03-16 22:00:00,NA,NA,NA,NA,NA,0.499,0.081,7.599,7,7,7,7,7,0,0,0
FCR,100,2026-03-16 22:15:00,NA,NA,NA,NA,NA,0.497,0.08,7.466,7,7,7,7,7,0,0,0
FCR,100,2026-03-16 22:30:00,NA,NA,NA,NA,NA,0.5,0.082,7.331,7,7,7,7,7,0,0,0
FCR,100,2026-03-16 22:45:00,NA,NA,NA,NA,NA,0.502,0.083,7.237,7,7,7,7,7,0,0,0
FCR,100,2026-03-16 23:00:00,NA,NA,NA,NA,NA,0.499,0.081,7.17,7,7,7,7,7,0,0,0
FCR,100,2026-03-16 23:15:00,NA,NA,NA,NA,NA,0.492,0.077,7.07,7,7,7,7,7,0,0,0
FCR,100,2026-03-16 23:30:00,NA,NA,NA,NA,NA,0.497,0.08,6.949,7,7,7,7,7,0,0,0
FCR,100,2026-03-16 23:45:00,NA,NA,NA,NA,NA,0.496,0.08,6.817,7,7,7,7,7,0,0,0
FCR,100,2026-03-17 00:00:00,NA,NA,NA,NA,NA,0.497,0.08,6.785,7,7,7,7,7,0,0,0
FCR,100,2026-03-17 00:15:00,NA,NA,NA,NA,NA,0.497,0.08,6.745,7,7,7,7,7,0,0,0
FCR,100,2026-03-17 00:30:00,NA,NA,NA,NA,NA,0.497,0.08,6.711,7,7,7,7,7,0,0,0
FCR,100,2026-03-17 00:45:00,NA,NA,NA,NA,NA,0.499,0.081,6.66,7,7,7,7,7,0,0,0
FCR,100,2026-03-17 01:00:00,NA,NA,NA,NA,NA,0.496,0.08,6.568,7,7,7,7,7,0,0,0
FCR,100,2026-03-17 01:15:00,NA,NA,NA,NA,NA,0.496,0.08,6.442,7,7,7,7,7,0,0,0
FCR,100,2026-03-17 01:30:00,NA,NA,NA,NA,NA,0.496,0.08,6.35,7,7,7,7,7,0,0,0
FCR,100,2026-03-17 01:45:00,NA,NA,NA,NA,NA,0.494,0.079,6.236,7,7,7,7,7,0,0,0
FCR,100,2026-03-17 02:00:00,NA,NA,NA,NA,NA,0.496,0.08,6.182,7,7,7,7,7,0,0,0
FCR,100,2026-03-17 02:15:00,NA,NA,NA,NA,NA,0.498,0.081,6.141,7,7,7,7,7,0,0,0
FCR,100,2026-03-17 02:30:00,NA,NA,NA,NA,NA,0.495,0.079,6.088,7,7,7,7,7,0,0,0
FCR,100,2026-03-17 02:45:00,NA,NA,NA,NA,NA,0.496,0.08,6.01,7,7,7,7,7,0,0,0
FCR,100,2026-03-17 03:00:00,NA,NA,NA,NA,NA,0.497,0.08,5.988,7,7,7,7,7,0,0,0
FCR,100,2026-03-17 03:15:00,NA,NA,NA,NA,NA,0.494,0.079,5.955,7,7,7,7,7,0,0,0
FCR,100,2026-03-17 03:30:00,NA,NA,NA,NA,NA,0.494,0.079,5.905,7,7,7,7,7,0,0,0
FCR,100,2026-03-17 03:45:00,NA,NA,NA,NA,NA,0.493,0.078,5.849,7,7,7,7,7,0,0,0
FCR,100,2026-03-17 04:00:00,NA,NA,NA,NA,NA,0.494,0.079,5.808,7,7,7,7,7,0,0,0
FCR,100,2026-03-17 04:15:00,NA,NA,NA,NA,NA,0.496,0.08,5.751,7,7,7,7,7,0,0,0
FCR,100,2026-03-17 04:30:00,NA,NA,NA,NA,NA,0.495,0.079,5.739,7,7,7,7,7,0,0,0
FCR,100,2026-03-17 04:45:00,NA,NA,NA,NA,NA,0.495,0.079,5.723,7,7,7,7,7,0,0,0
FCR,100,2026-03-17 05:00:00,NA,NA,NA,NA,NA,0.494,0.079,5.701,7,7,7,7,7,0,0,0
FCR,100,2026-03-17 05:15:00,NA,NA,NA,NA,NA,0.495,0.079,5.647,7,7,7,7,7,0,0,0
FCR,100,2026-03-17 05:30:00,NA,NA,NA,NA,NA,0.495,0.079,5.654,7,7,7,7,7,0,0,0
FCR,100,2026-03-17 05:45:00,NA,NA,NA,NA,NA,0.494,0.079,5.651,7,7,7,7,7,0,0,0
FCR,100,2026-03-17 06:00:00,NA,NA,NA,NA,NA,0.496,0.08,5.665,7,7,7,7,7,0,0,0
FCR,100,2026-03-17 06:15:00,NA,NA,NA,NA,NA,0.494,0.079,5.68,7,7,7,7,7,0,0,0
FCR,100,2026-03-17 06:30:00,NA,NA,NA,NA,NA,0.493,0.078,5.663,7,7,7,7,7,0,0,0
FCR,100,2026-03-17 06:45:00,NA,NA,NA,NA,NA,0.494,0.079,5.698,7,7,7,7,7,0,0,0
FCR,100,2026-03-17 07:00:00,NA,NA,NA,NA,NA,0.495,0.079,5.708,7,7,7,7,7,0,0,0
FCR,100,2026-03-17 07:15:00,NA,NA,NA,NA,NA,0.495,0.079,5.753,7,7,7,7,7,0,0,0
FCR,100,2026-03-17 07:30:00,NA,NA,NA,NA,NA,0.493,0.078,5.744,7,7,7,7,7,0,0,0
FCR,100,2026-03-17 07:45:00,NA,NA,NA,NA,NA,0.495,0.079,5.784,7,7,7,7,7,0,0,0
FCR,100,2026-03-17 08:00:00,NA,NA,NA,NA,NA,0.494,0.079,5.821,7,7,7,7,7,0,0,0
FCR,100,2026-03-17 08:15:00,NA,NA,NA,NA,NA,0.494,0.079,5.84,7,7,7,7,7,0,0,0
FCR,100,2026-03-17 08:30:00,NA,NA,NA,NA,NA,0.495,0.079,5.875,7,7,7,7,7,0,0,0
FCR,100,2026-03-17 08:45:00,NA,NA,NA,NA,NA,0.496,0.08,5.9,7,7,7,7,7,0,0,0
FCR,100,2026-03-17 09:00:00,NA,NA,NA,NA,NA,0.495,0.079,5.93,7,7,7,7,7,0,0,0
FCR,100,2026-03-17 09:15:00,NA,NA,NA,NA,NA,0.494,0.079,5.996,7,7,7,7,7,0,0,0
FCR,100,2026-03-17 09:30:00,NA,NA,NA,NA,NA,0.497,0.08,6.083,7,7,7,7,7,0,0,0
FCR,100,2026-03-17 09:45:00,NA,NA,NA,NA,NA,0.497,0.08,6.196,7,7,7,7,7,0,0,0
FCR,100,2026-03-17 10:00:00,NA,NA,NA,NA,NA,0.495,0.079,6.308,7,7,7,7,7,0,0,0
FCR,100,2026-03-17 10:15:00,NA,NA,NA,NA,NA,0.495,0.079,6.383,7,7,7,7,7,0,0,0
FCR,100,2026-03-17 10:30:00,NA,NA,NA,NA,NA,0.495,0.079,6.568,7,7,7,7,7,0,0,0
FCR,100,2026-03-17 10:45:00,NA,NA,NA,NA,NA,0.494,0.079,6.679,7,7,7,7,7,0,0,0
FCR,100,2026-03-17 11:00:00,NA,NA,NA,NA,NA,0.498,0.081,6.779,7,7,7,7,7,0,0,0
FCR,100,2026-03-17 11:15:00,NA,NA,NA,NA,NA,0.497,0.08,6.868,7,7,7,7,7,0,0,0
FCR,100,2026-03-17 11:30:00,NA,NA,NA,NA,NA,0.497,0.08,6.982,7,7,7,7,7,0,0,0
FCR,100,2026-03-17 11:45:00,NA,NA,NA,NA,NA,0.497,0.08,7.174,7,7,7,7,7,0,0,0
FCR,100,2026-03-17 12:00:00,NA,NA,NA,NA,NA,0.495,0.079,7.28,7,7,7,7,7,0,0,0
FCR,100,2026-03-17 12:15:00,NA,NA,NA,NA,NA,0.497,0.08,7.274,7,7,7,7,7,0,0,0
FCR,100,2026-03-17 12:30:00,NA,NA,NA,NA,NA,0.495,0.079,7.277,7,7,7,7,7,0,0,0
FCR,100,2026-03-17 12:45:00,NA,NA,NA,NA,NA,0.496,0.08,7.365,7,7,7,7,7,0,0,0
FCR,100,2026-03-17 13:00:00,NA,NA,NA,NA,NA,0.497,0.08,7.591,7,7,7,7,7,0,0,0
FCR,100,2026-03-17 13:15:00,NA,NA,NA,NA,NA,0.498,0.081,7.489,7,7,7,7,7,0,0,0
FCR,100,2026-03-17 13:30:00,NA,NA,NA,NA,NA,0.494,0.079,7.59,7,7,7,7,7,0,0,0
FCR,100,2026-03-17 13:45:00,NA,NA,NA,NA,NA,0.496,0.08,7.719,7,7,7,7,7,0,0,0
FCR,100,2026-03-17 14:00:00,NA,NA,NA,NA,NA,0.497,0.08,7.835,7,7,7,7,7,0,0,0
FCR,100,2026-03-17 14:15:00,NA,NA,NA,NA,NA,0.497,0.08,8.09,7,7,7,7,7,0,0,0
FCR,100,2026-03-17 14:30:00,NA,NA,NA,NA,NA,0.498,0.081,8.37,7,7,7,7,7,0,0,0
FCR,100,2026-03-17 14:45:00,NA,NA,NA,NA,NA,0.497,0.08,8.57,7,7,7,7,7,0,0,0
FCR,100,2026-03-17 15:00:00,NA,NA,NA,NA,NA,0.496,0.08,8.49,7,7,7,7,7,0,0,0
FCR,100,2026-03-17 15:15:00,NA,NA,NA,NA,NA,0.497,0.08,8.3,7,7,7,7,7,0,0,0
FCR,100,2026-03-17 15:30:00,NA,NA,NA,NA,NA,0.492,0.077,8.12,7,7,7,7,7,0,0,0
FCR,100,2026-03-17 15:45:00,NA,NA,NA,NA,NA,0.493,0.078,7.948,7,7,7,7,7,0,0,0
FCR,100,2026-03-17 16:00:00,NA,NA,NA,NA,NA,0.493,0.078,7.813,7,7,7,7,7,0,0,0
FCR,100,2026-03-17 16:15:00,NA,NA,NA,NA,NA,0.493,0.078,7.67,7,7,7,7,7,0,0,0
FCR,100,2026-03-17 16:30:00,NA,NA,NA,NA,NA,0.492,0.077,7.505,7,7,7,7,7,0,0,0
FCR,100,2026-03-17 16:45:00,NA,NA,NA,NA,NA,0.494,0.079,7.456,7,7,7,7,7,0,0,0
FCR,100,2026-03-17 17:00:00,NA,NA,NA,NA,NA,0.493,0.078,7.307,7,7,7,7,7,0,0,0
FCR,100,2026-03-17 17:15:00,NA,NA,NA,NA,NA,0.49,0.076,7.218,7,7,7,7,7,0,0,0
FCR,100,2026-03-17 17:30:00,NA,NA,NA,NA,NA,0.492,0.077,7.022,7,7,7,7,7,0,0,0
FCR,100,2026-03-17 17:45:00,NA,NA,NA,NA,NA,0.493,0.078,6.852,7,7,7,7,7,0,0,0
FCR,100,2026-03-17 18:00:00,NA,NA,NA,NA,NA,0.49,0.076,6.763,7,7,7,7,7,0,0,0
FCR,100,2026-03-17 18:15:00,NA,NA,NA,NA,NA,0.491,0.077,6.596,7,7,7,7,7,0,0,0
FCR,100,2026-03-17 18:30:00,NA,NA,NA,NA,NA,0.488,0.075,6.436,7,7,7,7,7,0,0,0
FCR,100,2026-03-17 18:45:00,NA,NA,NA,NA,NA,0.489,0.076,6.306,7,7,7,7,7,0,0,0
FCR,100,2026-03-17 19:00:00,NA,NA,NA,NA,NA,0.491,0.077,6.194,7,7,7,7,7,0,0,0
FCR,100,2026-03-17 19:15:00,NA,NA,NA,NA,NA,0.489,0.076,6.108,7,7,7,7,7,0,0,0
FCR,100,2026-03-17 19:30:00,NA,NA,NA,NA,NA,0.489,0.076,6.026,7,7,7,7,7,0,0,0
FCR,100,2026-03-17 19:45:00,NA,NA,NA,NA,NA,0.489,0.076,5.955,7,7,7,7,7,0,0,0
FCR,100,2026-03-17 20:00:00,NA,NA,NA,NA,NA,0.487,0.075,5.897,7,7,7,7,7,0,0,0
FCR,100,2026-03-17 20:15:00,NA,NA,NA,NA,NA,0.488,0.075,5.819,7,7,7,7,7,0,0,0
FCR,100,2026-03-17 20:30:00,NA,NA,NA,NA,NA,0.49,0.076,5.716,7,7,7,7,7,0,0,0
FCR,100,2026-03-17 20:45:00,NA,NA,NA,NA,NA,0.488,0.075,5.686,7,7,7,7,7,0,0,0
FCR,100,2026-03-17 21:00:00,NA,NA,NA,NA,NA,0.488,0.075,5.616,7,7,7,7,7,0,0,0
FCR,100,2026-03-17 21:15:00,NA,NA,NA,NA,NA,0.487,0.075,5.571,7,7,7,7,7,0,0,0
FCR,100,2026-03-17 21:30:00,NA,NA,NA,NA,NA,0.489,0.076,5.533,7,7,7,7,7,0,0,0
FCR,100,2026-03-17 21:45:00,NA,NA,NA,NA,NA,0.489,0.076,5.515,7,7,7,7,7,0,0,0
FCR,100,2026-03-17 22:00:00,NA,NA,NA,NA,NA,0.487,0.075,5.48,7,7,7,7,7,0,0,0
FCR,100,2026-03-17 22:15:00,NA,NA,NA,NA,NA,0.486,0.074,5.453,7,7,7,7,7,0,0,0
FCR,100,2026-03-17 22:30:00,NA,NA,NA,NA,NA,0.487,0.075,5.418,7,7,7,7,7,0,0,0
FCR,100,2026-03-17 22:45:00,NA,NA,NA,NA,NA,0.485,0.074,5.389,7,7,7,7,7,0,0,0
FCR,100,2026-03-17 23:00:00,NA,NA,NA,NA,NA,0.486,0.074,5.371,7,7,7,7,7,0,0,0
FCR,100,2026-03-17 23:15:00,NA,NA,NA,NA,NA,0.486,0.074,5.334,7,7,7,7,7,0,0,0
FCR,100,2026-03-17 23:30:00,NA,NA,NA,NA,NA,0.486,0.074,5.292,7,7,7,7,7,0,0,0
FCR,100,2026-03-17 23:45:00,NA,NA,NA,NA,NA,0.485,0.074,5.25,7,7,7,7,7,0,0,0
FCR,100,2026-03-18 00:00:00,NA,NA,NA,NA,NA,0.486,0.074,5.217,7,7,7,7,7,0,0,0
FCR,100,2026-03-18 00:15:00,NA,NA,NA,NA,NA,0.487,0.075,5.172,7,7,7,7,7,0,0,0
FCR,100,2026-03-18 00:30:00,NA,NA,NA,NA,NA,0.486,0.074,5.138,7,7,7,7,7,0,0,0
FCR,100,2026-03-18 00:45:00,NA,NA,NA,NA,NA,0.487,0.075,5.103,7,7,7,7,7,0,0,0
FCR,100,2026-03-18 01:00:00,NA,NA,NA,NA,NA,0.485,0.074,5.061,7,7,7,7,7,0,0,0
FCR,100,2026-03-18 01:15:00,NA,NA,NA,NA,NA,0.486,0.074,5.039,7,7,7,7,7,0,0,0
FCR,100,2026-03-18 01:30:00,NA,NA,NA,NA,NA,0.484,0.073,5.024,7,7,7,7,7,0,0,0
FCR,100,2026-03-18 01:45:00,NA,NA,NA,NA,NA,0.486,0.074,5.011,7,7,7,7,7,0,0,0
FCR,100,2026-03-18 02:00:00,NA,NA,NA,NA,NA,0.485,0.074,5.024,7,7,7,7,7,0,0,0
FCR,100,2026-03-18 02:15:00,NA,NA,NA,NA,NA,0.484,0.073,4.988,7,7,7,7,7,0,0,0
FCR,100,2026-03-18 02:30:00,NA,NA,NA,NA,NA,0.484,0.073,4.989,7,7,7,7,7,0,0,0
FCR,100,2026-03-18 02:45:00,NA,NA,NA,NA,NA,0.484,0.073,4.96,7,7,7,7,7,0,0,0
FCR,100,2026-03-18 03:00:00,NA,NA,NA,NA,NA,0.483,0.073,4.943,7,7,7,7,7,0,0,0
FCR,100,2026-03-18 03:15:00,NA,NA,NA,NA,NA,0.483,0.073,4.915,7,7,7,7,7,0,0,0
FCR,100,2026-03-18 03:30:00,NA,NA,NA,NA,NA,0.484,0.073,4.895,7,7,7,7,7,0,0,0
FCR,100,2026-03-18 03:45:00,NA,NA,NA,NA,NA,0.482,0.072,4.864,7,7,7,7,7,0,0,0
FCR,100,2026-03-18 04:00:00,NA,NA,NA,NA,NA,0.483,0.073,4.83,7,7,7,7,7,0,0,0
FCR,100,2026-03-18 04:15:00,NA,NA,NA,NA,NA,0.481,0.072,4.827,7,7,7,7,7,0,0,0
FCR,100,2026-03-18 04:30:00,NA,NA,NA,NA,NA,0.483,0.073,4.789,7,7,7,7,7,0,0,0
FCR,100,2026-03-18 04:45:00,NA,NA,NA,NA,NA,0.482,0.072,4.747,7,7,7,7,7,0,0,0
FCR,100,2026-03-18 05:00:00,NA,NA,NA,NA,NA,0.482,0.072,4.682,7,7,7,7,7,0,0,0
FCR,100,2026-03-18 05:15:00,NA,NA,NA,NA,NA,0.482,0.072,4.607,7,7,7,7,7,0,0,0
FCR,100,2026-03-18 05:30:00,NA,NA,NA,NA,NA,0.482,0.072,4.514,7,7,7,7,7,0,0,0
FCR,100,2026-03-18 05:45:00,NA,NA,NA,NA,NA,0.482,0.072,4.43,7,7,7,7,7,0,0,0
FCR,100,2026-03-18 06:00:00,NA,NA,NA,NA,NA,0.48,0.071,4.368,7,7,7,7,7,0,0,0
FCR,100,2026-03-18 06:15:00,NA,NA,NA,NA,NA,0.478,0.07,4.35,7,7,7,7,7,0,0,0
FCR,100,2026-03-18 06:30:00,NA,NA,NA,NA,NA,0.481,0.072,4.354,7,7,7,7,7,0,0,0
FCR,100,2026-03-18 06:45:00,NA,NA,NA,NA,NA,0.48,0.071,4.356,7,7,7,7,7,0,0,0
FCR,100,2026-03-18 07:00:00,NA,NA,NA,NA,NA,0.48,0.071,4.374,7,7,7,7,7,0,0,0
FCR,100,2026-03-18 07:15:00,NA,NA,NA,NA,NA,0.48,0.071,4.397,7,7,7,7,7,0,0,0
FCR,100,2026-03-18 07:30:00,NA,NA,NA,NA,NA,0.48,0.071,4.433,7,7,7,7,7,0,0,0
FCR,100,2026-03-18 07:45:00,NA,NA,NA,NA,NA,0.479,0.071,4.483,7,7,7,7,7,0,0,0
FCR,100,2026-03-18 08:00:00,NA,NA,NA,NA,NA,0.479,0.071,4.538,7,7,7,7,7,0,0,0
FCR,100,2026-03-18 08:15:00,NA,NA,NA,NA,NA,0.48,0.071,4.59,7,7,7,7,7,0,0,0
FCR,100,2026-03-18 08:30:00,NA,NA,NA,NA,NA,0.478,0.07,4.661,7,7,7,7,7,0,0,0
FCR,100,2026-03-18 08:45:00,NA,NA,NA,NA,NA,0.48,0.071,4.719,7,7,7,7,7,0,0,0
FCR,100,2026-03-18 09:00:00,NA,NA,NA,NA,NA,0.48,0.071,4.786,7,7,7,7,7,0,0,0
FCR,100,2026-03-18 09:15:00,NA,NA,NA,NA,NA,0.479,0.071,4.896,7,7,7,7,7,0,0,0
FCR,100,2026-03-18 09:30:00,NA,NA,NA,NA,NA,0.481,0.072,5.034,7,7,7,7,7,0,0,0
FCR,100,2026-03-18 09:45:00,NA,NA,NA,NA,NA,0.48,0.071,5.157,7,7,7,7,7,0,0,0
FCR,100,2026-03-18 10:00:00,NA,NA,NA,NA,NA,0.479,0.071,5.326,7,7,7,7,7,0,0,0
FCR,100,2026-03-18 10:15:00,NA,NA,NA,NA,NA,0.48,0.071,5.519,7,7,7,7,7,0,0,0
FCR,100,2026-03-18 10:30:00,NA,NA,NA,NA,NA,0.481,0.072,5.777,7,7,7,7,7,0,0,0
FCR,100,2026-03-18 10:45:00,NA,NA,NA,NA,NA,0.479,0.071,6.001,7,7,7,7,7,0,0,0
FCR,100,2026-03-18 11:00:00,NA,NA,NA,NA,NA,0.481,0.072,6.26,7,7,7,7,7,0,0,0
FCR,100,2026-03-18 11:15:00,NA,NA,NA,NA,NA,0.483,0.073,6.562,7,7,7,7,7,0,0,0
FCR,100,2026-03-18 11:30:00,NA,NA,NA,NA,NA,0.485,0.074,6.831,7,7,7,7,7,0,0,0
FCR,100,2026-03-18 11:45:00,NA,NA,NA,NA,NA,0.483,0.073,7.13,7,7,7,7,7,0,0,0
FCR,100,2026-03-18 12:00:00,NA,NA,NA,NA,NA,0.483,0.073,7.422,7,7,7,7,7,0,0,0
FCR,100,2026-03-18 12:15:00,NA,NA,NA,NA,NA,0.483,0.073,7.703,7,7,7,7,7,0,0,0
FCR,100,2026-03-18 12:30:00,NA,NA,NA,NA,NA,0.484,0.073,7.946,7,7,7,7,7,0,0,0
FCR,100,2026-03-18 12:45:00,NA,NA,NA,NA,NA,0.484,0.073,8.2,7,7,7,7,7,0,0,0
FCR,100,2026-03-18 13:00:00,NA,NA,NA,NA,NA,0.484,0.073,8.4,7,7,7,7,7,0,0,0
FCR,100,2026-03-18 13:15:00,NA,NA,NA,NA,NA,0.483,0.073,8.62,7,7,7,7,7,0,0,0
FCR,100,2026-03-18 13:30:00,NA,NA,NA,NA,NA,0.485,0.074,8.81,7,7,7,7,7,0,0,0
FCR,100,2026-03-18 13:45:00,NA,NA,NA,NA,NA,0.485,0.074,8.99,7,7,7,7,7,0,0,0
FCR,100,2026-03-18 14:00:00,NA,NA,NA,NA,NA,0.486,0.074,9.19,7,7,7,7,7,0,0,0
FCR,100,2026-03-18 14:15:00,NA,NA,NA,NA,NA,0.486,0.074,9.3,7,7,7,7,7,0,0,0
FCR,100,2026-03-18 14:30:00,NA,NA,NA,NA,NA,0.486,0.074,9.37,7,7,7,7,7,0,0,0
FCR,100,2026-03-18 14:45:00,NA,NA,NA,NA,NA,0.486,0.074,9.4,7,7,7,7,7,0,0,0
FCR,100,2026-03-18 15:00:00,NA,NA,NA,NA,NA,0.485,0.074,9.38,7,7,7,7,7,0,0,0
FCR,100,2026-03-18 15:15:00,NA,NA,NA,NA,NA,0.486,0.074,9.31,7,7,7,7,7,0,0,0
FCR,100,2026-03-18 15:30:00,NA,NA,NA,NA,NA,0.486,0.074,9.27,7,7,7,7,7,0,0,0
FCR,100,2026-03-18 15:45:00,NA,NA,NA,NA,NA,0.483,0.073,9.21,7,7,7,7,7,0,0,0
FCR,100,2026-03-18 16:00:00,NA,NA,NA,NA,NA,0.483,0.073,9.1,7,7,7,7,7,0,0,0
FCR,100,2026-03-18 16:15:00,NA,NA,NA,NA,NA,0.483,0.073,8.95,7,7,7,7,7,0,0,0
FCR,100,2026-03-18 16:30:00,NA,NA,NA,NA,NA,0.483,0.073,8.8,7,7,7,7,7,0,0,0
FCR,100,2026-03-18 16:45:00,NA,NA,NA,NA,NA,0.483,0.073,8.66,7,7,7,7,7,0,0,0
FCR,100,2026-03-18 17:00:00,NA,NA,NA,NA,NA,0.482,0.072,8.44,7,7,7,7,7,0,0,0
FCR,100,2026-03-18 17:15:00,NA,NA,NA,NA,NA,0.482,0.072,8.25,7,7,7,7,7,0,0,0
FCR,100,2026-03-18 17:30:00,NA,NA,NA,NA,NA,0.481,0.072,8.07,7,7,7,7,7,0,0,0
FCR,100,2026-03-18 17:45:00,NA,NA,NA,NA,NA,0.48,0.071,7.94,7,7,7,7,7,0,0,0
FCR,100,2026-03-18 18:00:00,NA,NA,NA,NA,NA,0.482,0.072,7.785,7,7,7,7,7,0,0,0
FCR,100,2026-03-18 18:15:00,NA,NA,NA,NA,NA,0.48,0.071,7.646,7,7,7,7,7,0,0,0
FCR,100,2026-03-18 18:30:00,NA,NA,NA,NA,NA,0.478,0.07,7.513,7,7,7,7,7,0,0,0
FCR,100,2026-03-18 18:45:00,NA,NA,NA,NA,NA,0.48,0.071,7.416,7,7,7,7,7,0,0,0
FCR,100,2026-03-18 19:00:00,NA,NA,NA,NA,NA,0.479,0.071,7.332,7,7,7,7,7,0,0,0
FCR,100,2026-03-18 19:15:00,NA,NA,NA,NA,NA,0.478,0.07,7.265,7,7,7,7,7,0,0,0
FCR,100,2026-03-18 19:30:00,NA,NA,NA,NA,NA,0.479,0.071,7.208,7,7,7,7,7,0,0,0
FCR,100,2026-03-18 19:45:00,NA,NA,NA,NA,NA,0.479,0.071,7.161,7,7,7,7,7,0,0,0
FCR,100,2026-03-18 20:00:00,NA,NA,NA,NA,NA,0.479,0.071,7.106,7,7,7,7,7,0,0,0
FCR,100,2026-03-18 20:15:00,NA,NA,NA,NA,NA,0.478,0.07,7.043,7,7,7,7,7,0,0,0
FCR,100,2026-03-18 20:30:00,NA,NA,NA,NA,NA,0.478,0.07,6.999,7,7,7,7,7,0,0,0
FCR,100,2026-03-18 20:45:00,NA,NA,NA,NA,NA,0.476,0.069,6.945,7,7,7,7,7,0,0,0
FCR,100,2026-03-18 21:00:00,NA,NA,NA,NA,NA,0.478,0.07,6.909,7,7,7,7,7,0,0,0
FCR,100,2026-03-18 21:15:00,NA,NA,NA,NA,NA,0.478,0.07,6.89,7,7,7,7,7,0,0,0
FCR,100,2026-03-18 21:30:00,NA,NA,NA,NA,NA,0.478,0.07,6.872,7,7,7,7,7,0,0,0
FCR,100,2026-03-18 21:45:00,NA,NA,NA,NA,NA,0.476,0.069,6.862,7,7,7,7,7,0,0,0
FCR,100,2026-03-18 22:00:00,NA,NA,NA,NA,NA,0.477,0.07,6.858,7,7,7,7,7,0,0,0
FCR,100,2026-03-18 22:15:00,NA,NA,NA,NA,NA,0.477,0.07,6.852,7,7,7,7,7,0,0,0
FCR,100,2026-03-18 22:30:00,NA,NA,NA,NA,NA,0.476,0.069,6.85,7,7,7,7,7,0,0,0
FCR,100,2026-03-18 22:45:00,NA,NA,NA,NA,NA,0.477,0.07,6.849,7,7,7,7,7,0,0,0
FCR,100,2026-03-18 23:00:00,NA,NA,NA,NA,NA,0.477,0.07,6.847,7,7,7,7,7,0,0,0
FCR,100,2026-03-18 23:15:00,NA,NA,NA,NA,NA,0.476,0.069,6.838,7,7,7,7,7,0,0,0
FCR,100,2026-03-18 23:30:00,NA,NA,NA,NA,NA,0.477,0.07,6.832,7,7,7,7,7,0,0,0
FCR,100,2026-03-18 23:45:00,NA,NA,NA,NA,NA,0.475,0.069,6.838,7,7,7,7,7,0,0,0
FCR,100,2026-03-19 00:00:00,NA,NA,NA,NA,NA,0.476,0.069,6.843,7,7,7,7,7,0,0,0
FCR,100,2026-03-19 00:15:00,NA,NA,NA,NA,NA,0.475,0.069,6.842,7,7,7,7,7,0,0,0
FCR,100,2026-03-19 00:30:00,NA,NA,NA,NA,NA,0.476,0.069,6.842,7,7,7,7,7,0,0,0
FCR,100,2026-03-19 00:45:00,NA,NA,NA,NA,NA,0.473,0.068,6.836,7,7,7,7,7,0,0,0
FCR,100,2026-03-19 01:00:00,NA,NA,NA,NA,NA,0.476,0.069,6.828,7,7,7,7,7,0,0,0
FCR,100,2026-03-19 01:15:00,NA,NA,NA,NA,NA,0.476,0.069,6.809,7,7,7,7,7,0,0,0
FCR,100,2026-03-19 01:30:00,NA,NA,NA,NA,NA,0.474,0.068,6.782,7,7,7,7,7,0,0,0
FCR,100,2026-03-19 01:45:00,NA,NA,NA,NA,NA,0.474,0.068,6.729,7,7,7,7,7,0,0,0
FCR,100,2026-03-19 02:00:00,NA,NA,NA,NA,NA,0.473,0.068,6.664,7,7,7,7,7,0,0,0
FCR,100,2026-03-19 02:15:00,NA,NA,NA,NA,NA,0.475,0.069,6.591,7,7,7,7,7,0,0,0
FCR,100,2026-03-19 02:30:00,NA,NA,NA,NA,NA,0.472,0.067,6.518,7,7,7,7,7,0,0,0
FCR,100,2026-03-19 02:45:00,NA,NA,NA,NA,NA,0.474,0.068,6.461,7,7,7,7,7,0,0,0
FCR,100,2026-03-19 03:00:00,NA,NA,NA,NA,NA,0.473,0.068,6.401,7,7,7,7,7,0,0,0
FCR,100,2026-03-19 03:15:00,NA,NA,NA,NA,NA,0.474,0.068,6.36,7,7,7,7,7,0,0,0
FCR,100,2026-03-19 03:30:00,NA,NA,NA,NA,NA,0.473,0.068,6.323,7,7,7,7,7,0,0,0
FCR,100,2026-03-19 03:45:00,NA,NA,NA,NA,NA,0.472,0.067,6.285,7,7,7,7,7,0,0,0
FCR,100,2026-03-19 04:00:00,NA,NA,NA,NA,NA,0.472,0.067,6.256,7,7,7,7,7,0,0,0
FCR,100,2026-03-19 04:15:00,NA,NA,NA,NA,NA,0.473,0.068,6.234,7,7,7,7,7,0,0,0
FCR,100,2026-03-19 04:30:00,NA,NA,NA,NA,NA,0.471,0.067,6.229,7,7,7,7,7,0,0,0
FCR,100,2026-03-19 04:45:00,NA,NA,NA,NA,NA,0.47,0.066,6.225,7,7,7,7,7,0,0,0
FCR,100,2026-03-19 05:00:00,NA,NA,NA,NA,NA,0.472,0.067,6.237,7,7,7,7,7,0,0,0
FCR,100,2026-03-19 05:15:00,NA,NA,NA,NA,NA,0.471,0.067,6.236,7,7,7,7,7,0,0,0
FCR,100,2026-03-19 05:30:00,NA,NA,NA,NA,NA,0.472,0.067,6.207,7,7,7,7,7,0,0,0
FCR,100,2026-03-19 05:45:00,NA,NA,NA,NA,NA,0.472,0.067,6.177,7,7,7,7,7,0,0,0
FCR,100,2026-03-19 06:00:00,NA,NA,NA,NA,NA,0.471,0.067,6.143,7,7,7,7,7,0,0,0
FCR,100,2026-03-19 06:15:00,NA,NA,NA,NA,NA,0.471,0.067,6.099,7,7,7,7,7,0,0,0
FCR,100,2026-03-19 06:30:00,NA,NA,NA,NA,NA,0.471,0.067,6.054,7,7,7,7,7,0,0,0
FCR,100,2026-03-19 06:45:00,NA,NA,NA,NA,NA,0.469,0.066,6.021,7,7,7,7,7,0,0,0
FCR,100,2026-03-19 07:00:00,NA,NA,NA,NA,NA,0.47,0.066,6.016,7,7,7,7,7,0,0,0
FCR,100,2026-03-19 07:15:00,NA,NA,NA,NA,NA,0.469,0.066,6.027,7,7,7,7,7,0,0,0
FCR,100,2026-03-19 07:30:00,NA,NA,NA,NA,NA,0.468,0.065,6.095,7,7,7,7,7,0,0,0
FCR,100,2026-03-19 07:45:00,NA,NA,NA,NA,NA,0.471,0.067,6.228,7,7,7,7,7,0,0,0
FCR,100,2026-03-19 08:00:00,NA,NA,NA,NA,NA,0.47,0.066,6.341,7,7,7,7,7,0,0,0
FCR,100,2026-03-19 08:15:00,NA,NA,NA,NA,NA,0.471,0.067,6.472,7,7,7,7,7,0,0,0
FCR,100,2026-03-19 08:30:00,NA,NA,NA,NA,NA,0.469,0.066,6.569,7,7,7,7,7,0,0,0
FCR,100,2026-03-19 08:45:00,NA,NA,NA,NA,NA,0.468,0.065,6.631,7,7,7,7,7,0,0,0
FCR,100,2026-03-19 09:00:00,NA,NA,NA,NA,NA,0.47,0.066,6.7,7,7,7,7,7,0,0,0
FCR,100,2026-03-19 09:15:00,NA,NA,NA,NA,NA,0.469,0.066,6.788,7,7,7,7,7,0,0,0
FCR,100,2026-03-19 09:30:00,NA,NA,NA,NA,NA,0.471,0.067,6.958,7,7,7,7,7,0,0,0
FCR,100,2026-03-19 09:45:00,NA,NA,NA,NA,NA,0.47,0.066,7.149,7,7,7,7,7,0,0,0
FCR,100,2026-03-19 10:00:00,NA,NA,NA,NA,NA,0.47,0.066,7.337,7,7,7,7,7,0,0,0
FCR,100,2026-03-19 10:15:00,NA,NA,NA,NA,NA,0.47,0.066,7.504,7,7,7,7,7,0,0,0
FCR,100,2026-03-19 10:30:00,NA,NA,NA,NA,NA,0.471,0.067,7.644,7,7,7,7,7,0,0,0
FCR,100,2026-03-19 10:45:00,NA,NA,NA,NA,NA,0.471,0.067,7.81,7,7,7,7,7,0,0,0
FCR,100,2026-03-19 11:00:00,NA,NA,NA,NA,NA,0.471,0.067,7.963,7,7,7,7,7,0,0,0
FCR,100,2026-03-19 11:15:00,NA,NA,NA,NA,NA,0.472,0.067,8.1,7,7,7,7,7,0,0,0
FCR,100,2026-03-19 11:30:00,NA,NA,NA,NA,NA,0.472,0.067,8.2,7,7,7,7,7,0,0,0
FCR,100,2026-03-19 11:45:00,NA,NA,NA,NA,NA,0.471,0.067,8.34,7,7,7,7,7,0,0,0
FCR,100,2026-03-19 12:00:00,NA,NA,NA,NA,NA,0.472,0.067,8.5,7,7,7,7,7,0,0,0
FCR,100,2026-03-19 12:15:00,NA,NA,NA,NA,NA,0.472,0.067,8.56,7,7,7,7,7,0,0,0
FCR,100,2026-03-19 12:30:00,NA,NA,NA,NA,NA,0.473,0.068,8.73,7,7,7,7,7,0,0,0
FCR,100,2026-03-19 12:45:00,NA,NA,NA,NA,NA,0.472,0.067,8.8,7,7,7,7,7,0,0,0
FCR,100,2026-03-19 13:00:00,NA,NA,NA,NA,NA,0.474,0.068,8.85,7,7,7,7,7,0,0,0
FCR,100,2026-03-19 13:15:00,NA,NA,NA,NA,NA,0.47,0.066,8.93,7,7,7,7,7,0,0,0
FCR,100,2026-03-19 13:30:00,NA,NA,NA,NA,NA,0.473,0.068,9.07,7,7,7,7,7,0,0,0
FCR,100,2026-03-19 13:45:00,NA,NA,NA,NA,NA,0.473,0.068,9.2,7,7,7,7,7,0,0,0
FCR,100,2026-03-19 14:00:00,NA,NA,NA,NA,NA,0.473,0.068,9.22,7,7,7,7,7,0,0,0
FCR,100,2026-03-19 14:15:00,NA,NA,NA,NA,NA,0.472,0.067,9.29,7,7,7,7,7,0,0,0
FCR,100,2026-03-19 14:30:00,NA,NA,NA,NA,NA,0.472,0.067,9.41,7,7,7,7,7,0,0,0
FCR,100,2026-03-19 14:45:00,NA,NA,NA,NA,NA,0.471,0.067,9.66,7,7,7,7,7,0,0,0
FCR,100,2026-03-19 15:00:00,NA,NA,NA,NA,NA,0.471,0.067,9.73,7,7,7,7,7,0,0,0
FCR,100,2026-03-19 15:15:00,NA,NA,NA,NA,NA,0.472,0.067,9.65,7,7,7,7,7,0,0,0
FCR,100,2026-03-19 15:30:00,NA,NA,NA,NA,NA,0.472,0.067,9.63,7,7,7,7,7,0,0,0
FCR,100,2026-03-19 15:45:00,NA,NA,NA,NA,NA,0.473,0.068,9.61,7,7,7,7,7,0,0,0
FCR,100,2026-03-19 16:00:00,NA,NA,NA,NA,NA,0.471,0.067,9.55,7,7,7,7,7,0,0,0
FCR,100,2026-03-19 16:15:00,NA,NA,NA,NA,NA,0.471,0.067,9.45,7,7,7,7,7,0,0,0
FCR,100,2026-03-19 16:30:00,NA,NA,NA,NA,NA,0.472,0.067,9.33,7,7,7,7,7,0,0,0
FCR,100,2026-03-19 16:45:00,NA,NA,NA,NA,NA,0.472,0.067,9.26,7,7,7,7,7,0,0,0
FCR,100,2026-03-19 17:00:00,NA,NA,NA,NA,NA,0.471,0.067,9.21,7,7,7,7,7,0,0,0
FCR,100,2026-03-19 17:15:00,NA,NA,NA,NA,NA,0.471,0.067,9.11,7,7,7,7,7,0,0,0
FCR,100,2026-03-19 17:30:00,NA,NA,NA,NA,NA,0.472,0.067,9.05,7,7,7,7,7,0,0,0
FCR,100,2026-03-19 17:45:00,NA,NA,NA,NA,NA,0.47,0.066,8.97,7,7,7,7,7,0,0,0
FCR,100,2026-03-19 18:00:00,NA,NA,NA,NA,NA,0.47,0.066,8.84,7,7,7,7,7,0,0,0
FCR,100,2026-03-19 18:15:00,NA,NA,NA,NA,NA,0.47,0.066,8.69,7,7,7,7,7,0,0,0
FCR,100,2026-03-19 18:30:00,NA,NA,NA,NA,NA,0.469,0.066,8.52,7,7,7,7,7,0,0,0
FCR,100,2026-03-19 18:45:00,NA,NA,NA,NA,NA,0.467,0.065,8.36,7,7,7,7,7,0,0,0
FCR,100,2026-03-19 19:00:00,NA,NA,NA,NA,NA,0.468,0.065,8.22,7,7,7,7,7,0,0,0
FCR,100,2026-03-19 19:15:00,NA,NA,NA,NA,NA,0.468,0.065,8.1,7,7,7,7,7,0,0,0
FCR,100,2026-03-19 19:30:00,NA,NA,NA,NA,NA,0.467,0.065,7.993,7,7,7,7,7,0,0,0
FCR,100,2026-03-19 19:45:00,NA,NA,NA,NA,NA,0.467,0.065,7.899,7,7,7,7,7,0,0,0
FCR,100,2026-03-19 20:00:00,NA,NA,NA,NA,NA,0.466,0.064,7.817,7,7,7,7,7,0,0,0
FCR,100,2026-03-19 20:15:00,NA,NA,NA,NA,NA,0.466,0.064,7.747,7,7,7,7,7,0,0,0
FCR,100,2026-03-19 20:30:00,NA,NA,NA,NA,NA,0.465,0.064,7.686,7,7,7,7,7,0,0,0
FCR,100,2026-03-19 20:45:00,NA,NA,NA,NA,NA,0.465,0.064,7.632,7,7,7,7,7,0,0,0
FCR,100,2026-03-19 21:00:00,NA,NA,NA,NA,NA,0.466,0.064,7.584,7,7,7,7,7,0,0,0
FCR,100,2026-03-19 21:15:00,NA,NA,NA,NA,NA,0.466,0.064,7.541,7,7,7,7,7,0,0,0
FCR,100,2026-03-19 21:30:00,NA,NA,NA,NA,NA,0.465,0.064,7.503,7,7,7,7,7,0,0,0
FCR,100,2026-03-19 21:45:00,NA,NA,NA,NA,NA,0.466,0.064,7.471,7,7,7,7,7,0,0,0
FCR,100,2026-03-19 22:00:00,NA,NA,NA,NA,NA,0.464,0.063,7.441,7,7,7,7,7,0,0,0
FCR,100,2026-03-19 22:15:00,NA,NA,NA,NA,NA,0.464,0.063,7.411,7,7,7,7,7,0,0,0
FCR,100,2026-03-19 22:30:00,NA,NA,NA,NA,NA,0.463,0.063,7.382,7,7,7,7,7,0,0,0
FCR,100,2026-03-19 22:45:00,NA,NA,NA,NA,NA,0.464,0.063,7.355,7,7,7,7,7,0,0,0
FCR,100,2026-03-19 23:00:00,NA,NA,NA,NA,NA,0.464,0.063,7.328,7,7,7,7,7,0,0,0
FCR,100,2026-03-19 23:15:00,NA,NA,NA,NA,NA,0.463,0.063,7.301,7,7,7,7,7,0,0,0
FCR,100,2026-03-19 23:30:00,NA,NA,NA,NA,NA,0.463,0.063,7.274,7,7,7,7,7,0,0,0
FCR,100,2026-03-19 23:45:00,NA,NA,NA,NA,NA,0.463,0.063,7.246,7,7,7,7,7,0,0,0
FCR,100,2026-03-20 00:00:00,NA,NA,NA,NA,NA,0.463,0.063,7.217,7,7,7,7,7,0,0,0
FCR,100,2026-03-20 00:15:00,NA,NA,NA,NA,NA,0.461,0.062,7.186,7,7,7,7,7,0,0,0
FCR,100,2026-03-20 00:30:00,NA,NA,NA,NA,NA,0.462,0.062,7.156,7,7,7,7,7,0,0,0
FCR,100,2026-03-20 00:45:00,NA,NA,NA,NA,NA,0.463,0.063,7.126,7,7,7,7,7,0,0,0
FCR,100,2026-03-20 01:00:00,NA,NA,NA,NA,NA,0.461,0.062,7.096,7,7,7,7,7,0,0,0
FCR,100,2026-03-20 01:15:00,NA,NA,NA,NA,NA,0.461,0.062,7.074,7,7,7,7,7,0,0,0
FCR,100,2026-03-20 01:30:00,NA,NA,NA,NA,NA,0.462,0.062,7.054,7,7,7,7,7,0,0,0
FCR,100,2026-03-20 01:45:00,NA,NA,NA,NA,NA,0.462,0.062,7.032,7,7,7,7,7,0,0,0
FCR,100,2026-03-20 02:00:00,NA,NA,NA,NA,NA,0.462,0.062,7.015,7,7,7,7,7,0,0,0
FCR,100,2026-03-20 02:15:00,NA,NA,NA,NA,NA,0.461,0.062,7.002,7,7,7,7,7,0,0,0
FCR,100,2026-03-20 02:30:00,NA,NA,NA,NA,NA,0.46,0.062,6.979,7,7,7,7,7,0,0,0
FCR,100,2026-03-20 02:45:00,NA,NA,NA,NA,NA,0.46,0.062,6.967,7,7,7,7,7,0,0,0
FCR,100,2026-03-20 03:00:00,NA,NA,NA,NA,NA,0.46,0.062,6.951,7,7,7,7,7,0,0,0
FCR,100,2026-03-20 03:15:00,NA,NA,NA,NA,NA,0.46,0.062,6.938,7,7,7,7,7,0,0,0
FCR,100,2026-03-20 03:30:00,NA,NA,NA,NA,NA,0.461,0.062,6.923,7,7,7,7,7,0,0,0
FCR,100,2026-03-20 03:45:00,NA,NA,NA,NA,NA,0.461,0.062,6.912,7,7,7,7,7,0,0,0
FCR,100,2026-03-20 04:00:00,NA,NA,NA,NA,NA,0.46,0.062,6.906,7,7,7,7,7,0,0,0
FCR,100,2026-03-20 04:15:00,NA,NA,NA,NA,NA,0.461,0.062,6.898,7,7,7,7,7,0,0,0
FCR,100,2026-03-20 04:30:00,NA,NA,NA,NA,NA,0.46,0.062,6.899,7,7,7,7,7,0,0,0
FCR,100,2026-03-20 04:45:00,NA,NA,NA,NA,NA,0.459,0.061,6.898,7,7,7,7,7,0,0,0
FCR,100,2026-03-20 05:00:00,NA,NA,NA,NA,NA,0.459,0.061,6.891,7,7,7,7,7,0,0,0
FCR,100,2026-03-20 05:15:00,NA,NA,NA,NA,NA,0.459,0.061,6.884,7,7,7,7,7,0,0,0
FCR,100,2026-03-20 05:30:00,NA,NA,NA,NA,NA,0.459,0.061,6.874,7,7,7,7,7,0,0,0
FCR,100,2026-03-20 05:45:00,NA,NA,NA,NA,NA,0.459,0.061,6.863,7,7,7,7,7,0,0,0
FCR,100,2026-03-20 06:00:00,NA,NA,NA,NA,NA,0.458,0.061,6.85,7,7,7,7,7,0,0,0
FCR,100,2026-03-20 06:15:00,NA,NA,NA,NA,NA,0.459,0.061,6.835,7,7,7,7,7,0,0,0
FCR,100,2026-03-20 06:30:00,NA,NA,NA,NA,NA,0.458,0.061,6.828,7,7,7,7,7,0,0,0
FCR,100,2026-03-20 06:45:00,NA,NA,NA,NA,NA,0.458,0.061,6.825,7,7,7,7,7,0,0,0
FCR,100,2026-03-20 07:00:00,NA,NA,NA,NA,NA,0.458,0.061,6.836,7,7,7,7,7,0,0,0
FCR,100,2026-03-20 07:15:00,NA,NA,NA,NA,NA,0.459,0.061,6.847,7,7,7,7,7,0,0,0
FCR,100,2026-03-20 07:30:00,NA,NA,NA,NA,NA,0.457,0.06,6.856,7,7,7,7,7,0,0,0
FCR,100,2026-03-20 07:45:00,NA,NA,NA,NA,NA,0.452,0.058,6.898,7,7,7,7,7,0,0,0
FCR,100,2026-03-20 08:00:00,NA,NA,NA,NA,NA,0.452,0.058,6.992,7,7,7,7,7,0,0,0
FCR,100,2026-03-20 08:15:00,NA,NA,NA,NA,NA,0.452,0.058,7.084,7,7,7,7,7,0,0,0
FCR,100,2026-03-20 08:30:00,NA,NA,NA,NA,NA,0.451,0.057,7.147,7,7,7,7,7,0,0,0
FCR,100,2026-03-20 08:45:00,NA,NA,NA,NA,NA,0.453,0.058,7.24,7,7,7,7,7,0,0,0
FCR,100,2026-03-20 09:00:00,NA,NA,NA,NA,NA,0.454,0.059,7.388,7,7,7,7,7,0,0,0
FCR,100,2026-03-20 09:15:00,NA,NA,NA,NA,NA,0.453,0.058,7.594,7,7,7,7,7,0,0,0
FCR,100,2026-03-20 09:30:00,NA,NA,NA,NA,NA,0.454,0.059,7.824,7,7,7,7,7,0,0,0
FCR,100,2026-03-20 09:45:00,NA,NA,NA,NA,NA,0.453,0.058,8.02,7,7,7,7,7,0,0,0
FCR,100,2026-03-20 10:00:00,NA,NA,NA,NA,NA,0.454,0.059,8.25,7,7,7,7,7,0,0,0
FCR,100,2026-03-20 10:15:00,NA,NA,NA,NA,NA,0.454,0.059,8.54,7,7,7,7,7,0,0,0
FCR,100,2026-03-20 10:30:00,NA,NA,NA,NA,NA,0.455,0.059,8.85,7,7,7,7,7,0,0,0
FCR,100,2026-03-20 10:45:00,NA,NA,NA,NA,NA,0.455,0.059,9.15,7,7,7,7,7,0,0,0
FCR,100,2026-03-20 11:00:00,NA,NA,NA,NA,NA,0.454,0.059,9.51,7,7,7,7,7,0,0,0
FCR,100,2026-03-20 11:15:00,NA,NA,NA,NA,NA,0.456,0.06,9.87,7,7,7,7,7,0,0,0
FCR,100,2026-03-20 11:30:00,NA,NA,NA,NA,NA,0.456,0.06,10.22,7,7,7,7,7,0,0,0
FCR,100,2026-03-20 11:45:00,NA,NA,NA,NA,NA,0.456,0.06,10.56,7,7,7,7,7,0,0,0
FCR,100,2026-03-20 12:00:00,NA,NA,NA,NA,NA,0.458,0.061,10.9,7,7,7,7,7,0,0,0
FCR,100,2026-03-20 12:15:00,NA,NA,NA,NA,NA,0.458,0.061,11.16,7,7,7,7,7,0,0,0
FCR,100,2026-03-20 12:30:00,NA,NA,NA,NA,NA,0.459,0.061,11.29,7,7,7,7,7,0,0,0
FCR,100,2026-03-20 12:45:00,NA,NA,NA,NA,NA,0.458,0.061,11.43,7,7,7,7,7,0,0,0
FCR,100,2026-03-20 13:00:00,NA,NA,NA,NA,NA,0.459,0.061,11.56,7,7,7,7,7,0,0,0
FCR,100,2026-03-20 13:15:00,NA,NA,NA,NA,NA,0.459,0.061,11.49,7,7,7,7,7,0,0,0
FCR,100,2026-03-20 13:30:00,NA,NA,NA,NA,NA,0.457,0.06,11.55,7,7,7,7,7,0,0,0
FCR,100,2026-03-20 13:45:00,NA,NA,NA,NA,NA,0.458,0.061,11.56,7,7,7,7,7,0,0,0
FCR,100,2026-03-20 14:00:00,NA,NA,NA,NA,NA,0.458,0.061,11.46,7,7,7,7,7,0,0,0
FCR,100,2026-03-20 14:15:00,NA,NA,NA,NA,NA,0.457,0.06,11.36,7,7,7,7,7,0,0,0
FCR,100,2026-03-20 14:30:00,NA,NA,NA,NA,NA,0.455,0.059,11.29,7,7,7,7,7,0,0,0
FCR,100,2026-03-20 14:45:00,NA,NA,NA,NA,NA,0.456,0.06,11.25,7,7,7,7,7,0,0,0
FCR,100,2026-03-20 15:00:00,NA,NA,NA,NA,NA,0.456,0.06,11.2,7,7,7,7,7,0,0,0
FCR,100,2026-03-20 15:15:00,NA,NA,NA,NA,NA,0.457,0.06,11.15,7,7,7,7,7,0,0,0
FCR,100,2026-03-20 15:30:00,NA,NA,NA,NA,NA,0.456,0.06,11.11,7,7,7,7,7,0,0,0
FCR,100,2026-03-20 15:45:00,NA,NA,NA,NA,NA,0.457,0.06,11.06,7,7,7,7,7,0,0,0
FCR,100,2026-03-20 16:00:00,NA,NA,NA,NA,NA,0.456,0.06,11.02,7,7,7,7,7,0,0,0
FCR,100,2026-03-20 16:15:00,NA,NA,NA,NA,NA,0.453,0.058,10.95,7,7,7,7,7,0,0,0
FCR,100,2026-03-20 16:30:00,NA,NA,NA,NA,NA,0.457,0.06,10.89,7,7,7,7,7,0,0,0
FCR,100,2026-03-20 16:45:00,NA,NA,NA,NA,NA,0.456,0.06,10.83,7,7,7,7,7,0,0,0
FCR,100,2026-03-20 17:00:00,NA,NA,NA,NA,NA,0.455,0.059,10.76,7,7,7,7,7,0,0,0
FCR,100,2026-03-20 17:15:00,NA,NA,NA,NA,NA,0.456,0.06,10.68,7,7,7,7,7,0,0,0
FCR,100,2026-03-20 17:30:00,NA,NA,NA,NA,NA,0.454,0.059,10.61,7,7,7,7,7,0,0,0
FCR,100,2026-03-20 17:45:00,NA,NA,NA,NA,NA,0.455,0.059,10.58,7,7,7,7,7,0,0,0
FCR,100,2026-03-20 18:00:00,NA,NA,NA,NA,NA,0.454,0.059,10.55,7,7,7,7,7,0,0,0
FCR,100,2026-03-20 18:15:00,NA,NA,NA,NA,NA,0.454,0.059,10.51,7,7,7,7,7,0,0,0
FCR,100,2026-03-20 18:30:00,NA,NA,NA,NA,NA,0.454,0.059,10.45,7,7,7,7,7,0,0,0
FCR,100,2026-03-20 18:45:00,NA,NA,NA,NA,NA,0.454,0.059,10.37,7,7,7,7,7,0,0,0
FCR,100,2026-03-20 19:00:00,NA,NA,NA,NA,NA,0.453,0.058,10.28,7,7,7,7,7,0,0,0
FCR,100,2026-03-20 19:15:00,NA,NA,NA,NA,NA,0.453,0.058,10.19,7,7,7,7,7,0,0,0
FCR,100,2026-03-20 19:30:00,NA,NA,NA,NA,NA,0.454,0.059,10.1,7,7,7,7,7,0,0,0
FCR,100,2026-03-20 19:45:00,NA,NA,NA,NA,NA,0.452,0.058,10.02,7,7,7,7,7,0,0,0
FCR,100,2026-03-20 20:00:00,NA,NA,NA,NA,NA,0.452,0.058,9.95,7,7,7,7,7,0,0,0
FCR,100,2026-03-20 20:15:00,NA,NA,NA,NA,NA,0.451,0.057,9.88,7,7,7,7,7,0,0,0
FCR,100,2026-03-20 20:30:00,NA,NA,NA,NA,NA,0.451,0.057,9.81,7,7,7,7,7,0,0,0
FCR,100,2026-03-20 20:45:00,NA,NA,NA,NA,NA,0.452,0.058,9.73,7,7,7,7,7,0,0,0
FCR,100,2026-03-20 21:00:00,NA,NA,NA,NA,NA,0.451,0.057,9.65,7,7,7,7,7,0,0,0
FCR,100,2026-03-20 21:15:00,NA,NA,NA,NA,NA,0.451,0.057,9.57,7,7,7,7,7,0,0,0
FCR,100,2026-03-20 21:30:00,NA,NA,NA,NA,NA,0.45,0.057,9.49,7,7,7,7,7,0,0,0
FCR,100,2026-03-20 21:45:00,NA,NA,NA,NA,NA,0.45,0.057,9.43,7,7,7,7,7,0,0,0
FCR,100,2026-03-20 22:00:00,NA,NA,NA,NA,NA,0.45,0.057,9.37,7,7,7,7,7,0,0,0
FCR,100,2026-03-20 22:15:00,NA,NA,NA,NA,NA,0.45,0.057,9.32,7,7,7,7,7,0,0,0
FCR,100,2026-03-20 22:30:00,NA,NA,NA,NA,NA,0.449,0.057,9.28,7,7,7,7,7,0,0,0
FCR,100,2026-03-20 22:45:00,NA,NA,NA,NA,NA,0.45,0.057,9.26,7,7,7,7,7,0,0,0
FCR,100,2026-03-20 23:00:00,NA,NA,NA,NA,NA,0.449,0.057,9.24,7,7,7,7,7,0,0,0
FCR,100,2026-03-20 23:15:00,NA,NA,NA,NA,NA,0.449,0.057,9.26,7,7,7,7,7,0,0,0
FCR,100,2026-03-20 23:30:00,NA,NA,NA,NA,NA,0.448,0.056,9.29,7,7,7,7,7,0,0,0
FCR,100,2026-03-20 23:45:00,NA,NA,NA,NA,NA,0.45,0.057,9.31,7,7,7,7,7,0,0,0
FCR,100,2026-03-21 00:00:00,NA,NA,NA,NA,NA,0.449,0.057,9.31,7,7,7,7,7,0,0,0
FCR,100,2026-03-21 00:15:00,NA,NA,NA,NA,NA,0.449,0.057,9.33,7,7,7,7,7,0,0,0
FCR,100,2026-03-21 00:30:00,NA,NA,NA,NA,NA,0.448,0.056,9.36,7,7,7,7,7,0,0,0
FCR,100,2026-03-21 00:45:00,NA,NA,NA,NA,NA,0.448,0.056,9.39,7,7,7,7,7,0,0,0
FCR,100,2026-03-21 01:00:00,NA,NA,NA,NA,NA,0.447,0.056,9.43,7,7,7,7,7,0,0,0
FCR,100,2026-03-21 01:15:00,NA,NA,NA,NA,NA,0.447,0.056,9.44,7,7,7,7,7,0,0,0
FCR,100,2026-03-21 01:30:00,NA,NA,NA,NA,NA,0.448,0.056,9.45,7,7,7,7,7,0,0,0
FCR,100,2026-03-21 01:45:00,NA,NA,NA,NA,NA,0.448,0.056,9.44,7,7,7,7,7,0,0,0
FCR,100,2026-03-21 02:00:00,NA,NA,NA,NA,NA,0.448,0.056,9.44,7,7,7,7,7,0,0,0
FCR,100,2026-03-21 02:15:00,NA,NA,NA,NA,NA,0.446,0.055,9.42,7,7,7,7,7,0,0,0
FCR,100,2026-03-21 02:30:00,NA,NA,NA,NA,NA,0.448,0.056,9.4,7,7,7,7,7,0,0,0
FCR,100,2026-03-21 02:45:00,NA,NA,NA,NA,NA,0.448,0.056,9.37,7,7,7,7,7,0,0,0
FCR,100,2026-03-21 03:00:00,NA,NA,NA,NA,NA,0.448,0.056,9.35,7,7,7,7,7,0,0,0
FCR,100,2026-03-21 03:15:00,NA,NA,NA,NA,NA,0.446,0.055,9.33,7,7,7,7,7,0,0,0
FCR,100,2026-03-21 03:30:00,NA,NA,NA,NA,NA,0.447,0.056,9.3,7,7,7,7,7,0,0,0
FCR,100,2026-03-21 03:45:00,NA,NA,NA,NA,NA,0.446,0.055,9.27,7,7,7,7,7,0,0,0
FCR,100,2026-03-21 04:00:00,NA,NA,NA,NA,NA,0.447,0.056,9.24,7,7,7,7,7,0,0,0
FCR,100,2026-03-21 04:15:00,NA,NA,NA,NA,NA,0.448,0.056,9.21,7,7,7,7,7,0,0,0
FCR,100,2026-03-21 04:30:00,NA,NA,NA,NA,NA,0.445,0.055,9.17,7,7,7,7,7,0,0,0
FCR,100,2026-03-21 04:45:00,NA,NA,NA,NA,NA,0.446,0.055,9.14,7,7,7,7,7,0,0,0
FCR,100,2026-03-21 05:00:00,NA,NA,NA,NA,NA,0.447,0.056,9.1,7,7,7,7,7,0,0,0
FCR,100,2026-03-21 05:15:00,NA,NA,NA,NA,NA,0.446,0.055,9.06,7,7,7,7,7,0,0,0
FCR,100,2026-03-21 05:30:00,NA,NA,NA,NA,NA,0.445,0.055,9.02,7,7,7,7,7,0,0,0
FCR,100,2026-03-21 05:45:00,NA,NA,NA,NA,NA,0.445,0.055,8.99,7,7,7,7,7,0,0,0
FCR,100,2026-03-21 06:00:00,NA,NA,NA,NA,NA,0.445,0.055,8.96,7,7,7,7,7,0,0,0
FCR,100,2026-03-21 06:15:00,NA,NA,NA,NA,NA,0.444,0.054,8.93,7,7,7,7,7,0,0,0
FCR,100,2026-03-21 06:30:00,NA,NA,NA,NA,NA,0.446,0.055,8.91,7,7,7,7,7,0,0,0
FCR,100,2026-03-21 06:45:00,NA,NA,NA,NA,NA,0.444,0.054,8.89,7,7,7,7,7,0,0,0
FCR,100,2026-03-21 07:00:00,NA,NA,NA,NA,NA,0.445,0.055,8.89,7,7,7,7,7,0,0,0
FCR,100,2026-03-21 07:15:00,NA,NA,NA,NA,NA,0.444,0.054,8.89,7,7,7,7,7,0,0,0
FCR,100,2026-03-21 07:30:00,NA,NA,NA,NA,NA,0.444,0.054,8.93,7,7,7,7,7,0,0,0
FCR,100,2026-03-21 07:45:00,NA,NA,NA,NA,NA,0.445,0.055,8.99,7,7,7,7,7,0,0,0
FCR,100,2026-03-21 08:00:00,NA,NA,NA,NA,NA,0.443,0.054,9.05,7,7,7,7,7,0,0,0
FCR,100,2026-03-21 08:15:00,NA,NA,NA,NA,NA,0.444,0.054,9.12,7,7,7,7,7,0,0,0
FCR,100,2026-03-21 08:30:00,NA,NA,NA,NA,NA,0.444,0.054,9.21,7,7,7,7,7,0,0,0
FCR,100,2026-03-21 08:45:00,NA,NA,NA,NA,NA,0.444,0.054,9.33,7,7,7,7,7,0,0,0
FCR,100,2026-03-21 09:00:00,NA,NA,NA,NA,NA,0.446,0.055,9.46,7,7,7,7,7,0,0,0
FCR,100,2026-03-21 09:15:00,NA,NA,NA,NA,NA,0.444,0.054,9.65,7,7,7,7,7,0,0,0
FCR,100,2026-03-21 09:30:00,NA,NA,NA,NA,NA,0.444,0.054,9.8,7,7,7,7,7,0,0,0
FCR,100,2026-03-21 09:45:00,NA,NA,NA,NA,NA,0.445,0.055,9.96,7,7,7,7,7,0,0,0
FCR,100,2026-03-21 10:00:00,NA,NA,NA,NA,NA,0.445,0.055,10.15,7,7,7,7,7,0,0,0
FCR,100,2026-03-21 10:15:00,NA,NA,NA,NA,NA,0.446,0.055,10.34,7,7,7,7,7,0,0,0
FCR,100,2026-03-21 10:30:00,NA,NA,NA,NA,NA,0.446,0.055,10.55,7,7,7,7,7,0,0,0
FCR,100,2026-03-21 10:45:00,NA,NA,NA,NA,NA,0.445,0.055,10.73,7,7,7,7,7,0,0,0
FCR,100,2026-03-21 11:00:00,NA,NA,NA,NA,NA,0.447,0.056,10.9,7,7,7,7,7,0,0,0
FCR,100,2026-03-21 11:15:00,NA,NA,NA,NA,NA,0.446,0.055,11.1,7,7,7,7,7,0,0,0
FCR,100,2026-03-21 11:30:00,NA,NA,NA,NA,NA,0.446,0.055,11.28,7,7,7,7,7,0,0,0
FCR,100,2026-03-21 11:45:00,NA,NA,NA,NA,NA,0.447,0.056,11.45,7,7,7,7,7,0,0,0
FCR,100,2026-03-21 12:00:00,NA,NA,NA,NA,NA,0.447,0.056,11.61,7,7,7,7,7,0,0,0
FCR,100,2026-03-21 12:15:00,NA,NA,NA,NA,NA,0.447,0.056,11.71,7,7,7,7,7,0,0,0
FCR,100,2026-03-21 12:30:00,NA,NA,NA,NA,NA,0.449,0.057,11.84,7,7,7,7,7,0,0,0
FCR,100,2026-03-21 12:45:00,NA,NA,NA,NA,NA,0.448,0.056,12,7,7,7,7,7,0,0,0
FCR,100,2026-03-21 13:00:00,NA,NA,NA,NA,NA,0.447,0.056,12.15,7,7,7,7,7,0,0,0
FCR,100,2026-03-21 13:15:00,NA,NA,NA,NA,NA,0.449,0.057,12.28,7,7,7,7,7,0,0,0
FCR,100,2026-03-21 13:30:00,NA,NA,NA,NA,NA,0.448,0.056,12.39,7,7,7,7,7,0,0,0
FCR,100,2026-03-21 13:45:00,NA,NA,NA,NA,NA,0.449,0.057,12.4,7,7,7,7,7,0,0,0
FCR,100,2026-03-21 14:00:00,NA,NA,NA,NA,NA,0.448,0.056,12.39,7,7,7,7,7,0,0,0
FCR,100,2026-03-21 14:15:00,NA,NA,NA,NA,NA,0.448,0.056,12.41,7,7,7,7,7,0,0,0
FCR,100,2026-03-21 14:30:00,NA,NA,NA,NA,NA,0.448,0.056,12.45,7,7,7,7,7,0,0,0
FCR,100,2026-03-21 14:45:00,NA,NA,NA,NA,NA,0.448,0.056,12.52,7,7,7,7,7,0,0,0
FCR,100,2026-03-21 15:00:00,NA,NA,NA,NA,NA,0.449,0.057,12.56,7,7,7,7,7,0,0,0
FCR,100,2026-03-21 15:15:00,NA,NA,NA,NA,NA,0.449,0.057,12.56,7,7,7,7,7,0,0,0
FCR,100,2026-03-21 15:30:00,NA,NA,NA,NA,NA,0.447,0.056,12.43,7,7,7,7,7,0,0,0
FCR,100,2026-03-21 15:45:00,NA,NA,NA,NA,NA,0.448,0.056,12.34,7,7,7,7,7,0,0,0
FCR,100,2026-03-21 16:00:00,NA,NA,NA,NA,NA,0.447,0.056,12.3,7,7,7,7,7,0,0,0
FCR,100,2026-03-21 16:15:00,NA,NA,NA,NA,NA,0.449,0.057,12.31,7,7,7,7,7,0,0,0
FCR,100,2026-03-21 16:30:00,NA,NA,NA,NA,NA,0.449,0.057,12.3,7,7,7,7,7,0,0,0
FCR,100,2026-03-21 16:45:00,NA,NA,NA,NA,NA,0.447,0.056,12.23,7,7,7,7,7,0,0,0
FCR,100,2026-03-21 17:00:00,NA,NA,NA,NA,NA,0.446,0.055,12.18,7,7,7,7,7,0,0,0
FCR,100,2026-03-21 17:15:00,NA,NA,NA,NA,NA,0.447,0.056,12.13,7,7,7,7,7,0,0,0
FCR,100,2026-03-21 17:30:00,NA,NA,NA,NA,NA,0.447,0.056,12.06,7,7,7,7,7,0,0,0
FCR,100,2026-03-21 17:45:00,NA,NA,NA,NA,NA,0.447,0.056,11.97,7,7,7,7,7,0,0,0
FCR,100,2026-03-21 18:00:00,NA,NA,NA,NA,NA,0.446,0.055,11.83,7,7,7,7,7,0,0,0
FCR,100,2026-03-21 18:15:00,NA,NA,NA,NA,NA,0.445,0.055,11.69,7,7,7,7,7,0,0,0
FCR,100,2026-03-21 18:30:00,NA,NA,NA,NA,NA,0.446,0.055,11.54,7,7,7,7,7,0,0,0
FCR,100,2026-03-21 18:45:00,NA,NA,NA,NA,NA,0.444,0.054,11.41,7,7,7,7,7,0,0,0
FCR,100,2026-03-21 19:00:00,NA,NA,NA,NA,NA,0.445,0.055,11.32,7,7,7,7,7,0,0,0
FCR,100,2026-03-21 19:15:00,NA,NA,NA,NA,NA,0.445,0.055,11.23,7,7,7,7,7,0,0,0
FCR,100,2026-03-21 19:30:00,NA,NA,NA,NA,NA,0.445,0.055,11.15,7,7,7,7,7,0,0,0
FCR,100,2026-03-21 19:45:00,NA,NA,NA,NA,NA,0.445,0.055,11.07,7,7,7,7,7,0,0,0
FCR,100,2026-03-21 20:00:00,NA,NA,NA,NA,NA,0.444,0.054,10.99,7,7,7,7,7,0,0,0
FCR,100,2026-03-21 20:15:00,NA,NA,NA,NA,NA,0.444,0.054,10.92,7,7,7,7,7,0,0,0
FCR,100,2026-03-21 20:30:00,NA,NA,NA,NA,NA,0.442,0.054,10.87,7,7,7,7,7,0,0,0
FCR,100,2026-03-21 20:45:00,NA,NA,NA,NA,NA,0.443,0.054,10.81,7,7,7,7,7,0,0,0
FCR,100,2026-03-21 21:00:00,NA,NA,NA,NA,NA,0.443,0.054,10.77,7,7,7,7,7,0,0,0
FCR,100,2026-03-21 21:15:00,NA,NA,NA,NA,NA,0.444,0.054,10.73,7,7,7,7,7,0,0,0
FCR,100,2026-03-21 21:30:00,NA,NA,NA,NA,NA,0.443,0.054,10.69,7,7,7,7,7,0,0,0
FCR,100,2026-03-21 21:45:00,NA,NA,NA,NA,NA,0.442,0.054,10.66,7,7,7,7,7,0,0,0
FCR,100,2026-03-21 22:00:00,NA,NA,NA,NA,NA,0.443,0.054,10.62,7,7,7,7,7,0,0,0
FCR,100,2026-03-21 22:15:00,NA,NA,NA,NA,NA,0.441,0.053,10.58,7,7,7,7,7,0,0,0
FCR,100,2026-03-21 22:30:00,NA,NA,NA,NA,NA,0.442,0.054,10.55,7,7,7,7,7,0,0,0
FCR,100,2026-03-21 22:45:00,NA,NA,NA,NA,NA,0.442,0.054,10.51,7,7,7,7,7,0,0,0
FCR,100,2026-03-21 23:00:00,NA,NA,NA,NA,NA,0.443,0.054,10.48,7,7,7,7,7,0,0,0
FCR,100,2026-03-21 23:15:00,NA,NA,NA,NA,NA,0.442,0.054,10.44,7,7,7,7,7,0,0,0
FCR,100,2026-03-21 23:30:00,NA,NA,NA,NA,NA,0.441,0.053,10.41,7,7,7,7,7,0,0,0
FCR,100,2026-03-21 23:45:00,NA,NA,NA,NA,NA,0.441,0.053,10.39,7,7,7,7,7,0,0,0
FCR,100,2026-03-22 00:00:00,NA,NA,NA,NA,NA,0.441,0.053,10.36,7,7,7,7,7,0,0,0
FCR,100,2026-03-22 00:15:00,NA,NA,NA,NA,NA,0.442,0.054,10.34,7,7,7,7,7,0,0,0
FCR,100,2026-03-22 00:30:00,NA,NA,NA,NA,NA,0.441,0.053,10.32,7,7,7,7,7,0,0,0
FCR,100,2026-03-22 00:45:00,NA,NA,NA,NA,NA,0.44,0.053,10.3,7,7,7,7,7,0,0,0
FCR,100,2026-03-22 01:00:00,NA,NA,NA,NA,NA,0.44,0.053,10.28,7,7,7,7,7,0,0,0
FCR,100,2026-03-22 01:15:00,NA,NA,NA,NA,NA,0.441,0.053,10.27,7,7,7,7,7,0,0,0
FCR,100,2026-03-22 01:30:00,NA,NA,NA,NA,NA,0.442,0.054,10.25,7,7,7,7,7,0,0,0
FCR,100,2026-03-22 01:45:00,NA,NA,NA,NA,NA,0.441,0.053,10.23,7,7,7,7,7,0,0,0
FCR,100,2026-03-22 02:00:00,NA,NA,NA,NA,NA,0.441,0.053,10.22,7,7,7,7,7,0,0,0
FCR,100,2026-03-22 02:15:00,NA,NA,NA,NA,NA,0.44,0.053,10.2,7,7,7,7,7,0,0,0
FCR,100,2026-03-22 02:30:00,NA,NA,NA,NA,NA,0.44,0.053,10.18,7,7,7,7,7,0,0,0
FCR,100,2026-03-22 02:45:00,NA,NA,NA,NA,NA,0.44,0.053,10.16,7,7,7,7,7,0,0,0
FCR,100,2026-03-22 03:00:00,NA,NA,NA,NA,NA,0.44,0.053,10.14,7,7,7,7,7,0,0,0
FCR,100,2026-03-22 03:15:00,NA,NA,NA,NA,NA,0.44,0.053,10.11,7,7,7,7,7,0,0,0
FCR,100,2026-03-22 03:30:00,NA,NA,NA,NA,NA,0.44,0.053,10.08,7,7,7,7,7,0,0,0
FCR,100,2026-03-22 03:45:00,NA,NA,NA,NA,NA,0.44,0.053,10.05,7,7,7,7,7,0,0,0
FCR,100,2026-03-22 04:00:00,NA,NA,NA,NA,NA,0.44,0.053,10.02,7,7,7,7,7,0,0,0
FCR,100,2026-03-22 04:15:00,NA,NA,NA,NA,NA,0.438,0.052,9.98,7,7,7,7,7,0,0,0
FCR,100,2026-03-22 04:30:00,NA,NA,NA,NA,NA,0.438,0.052,9.95,7,7,7,7,7,0,0,0
FCR,100,2026-03-22 04:45:00,NA,NA,NA,NA,NA,0.44,0.053,9.92,7,7,7,7,7,0,0,0
FCR,100,2026-03-22 05:00:00,NA,NA,NA,NA,NA,0.439,0.052,9.89,7,7,7,7,7,0,0,0
FCR,100,2026-03-22 05:15:00,NA,NA,NA,NA,NA,0.439,0.052,9.86,7,7,7,7,7,0,0,0
FCR,100,2026-03-22 05:30:00,NA,NA,NA,NA,NA,0.439,0.052,9.83,7,7,7,7,7,0,0,0
FCR,100,2026-03-22 05:45:00,NA,NA,NA,NA,NA,0.438,0.052,9.81,7,7,7,7,7,0,0,0
FCR,100,2026-03-22 06:00:00,NA,NA,NA,NA,NA,0.438,0.052,9.78,7,7,7,7,7,0,0,0
FCR,100,2026-03-22 06:15:00,NA,NA,NA,NA,NA,0.438,0.052,9.76,7,7,7,7,7,0,0,0
FCR,100,2026-03-22 06:30:00,NA,NA,NA,NA,NA,0.439,0.052,9.75,7,7,7,7,7,0,0,0
FCR,100,2026-03-22 06:45:00,NA,NA,NA,NA,NA,0.438,0.052,9.75,7,7,7,7,7,0,0,0
FCR,100,2026-03-22 07:00:00,NA,NA,NA,NA,NA,0.438,0.052,9.77,7,7,7,7,7,0,0,0
FCR,100,2026-03-22 07:15:00,NA,NA,NA,NA,NA,0.439,0.052,9.81,7,7,7,7,7,0,0,0
FCR,100,2026-03-22 07:30:00,NA,NA,NA,NA,NA,0.438,0.052,9.92,7,7,7,7,7,0,0,0
FCR,100,2026-03-22 07:45:00,NA,NA,NA,NA,NA,0.439,0.052,10.03,7,7,7,7,7,0,0,0
FCR,100,2026-03-22 08:00:00,NA,NA,NA,NA,NA,0.438,0.052,10.1,7,7,7,7,7,0,0,0
FCR,100,2026-03-22 08:15:00,NA,NA,NA,NA,NA,0.439,0.052,10.19,7,7,7,7,7,0,0,0
FCR,100,2026-03-22 08:30:00,NA,NA,NA,NA,NA,0.44,0.053,10.29,7,7,7,7,7,0,0,0
FCR,100,2026-03-22 08:45:00,NA,NA,NA,NA,NA,0.44,0.053,10.4,7,7,7,7,7,0,0,0
FCR,100,2026-03-22 09:00:00,NA,NA,NA,NA,NA,0.439,0.052,10.53,7,7,7,7,7,0,0,0
FCR,100,2026-03-22 09:15:00,NA,NA,NA,NA,NA,0.441,0.053,10.69,7,7,7,7,7,0,0,0
FCR,100,2026-03-22 09:30:00,NA,NA,NA,NA,NA,0.44,0.053,10.88,7,7,7,7,7,0,0,0
FCR,100,2026-03-22 09:45:00,NA,NA,NA,NA,NA,0.44,0.053,11.09,7,7,7,7,7,0,0,0
FCR,100,2026-03-22 10:00:00,NA,NA,NA,NA,NA,0.442,0.054,11.35,7,7,7,7,7,0,0,0
FCR,100,2026-03-22 10:15:00,NA,NA,NA,NA,NA,0.442,0.054,11.64,7,7,7,7,7,0,0,0
FCR,100,2026-03-22 10:30:00,NA,NA,NA,NA,NA,0.442,0.054,11.98,7,7,7,7,7,0,0,0
FCR,100,2026-03-22 10:45:00,NA,NA,NA,NA,NA,0.443,0.054,12.33,7,7,7,7,7,0,0,0
FCR,100,2026-03-22 11:00:00,NA,NA,NA,NA,NA,0.445,0.055,12.64,7,7,7,7,7,0,0,0
FCR,100,2026-03-22 11:15:00,NA,NA,NA,NA,NA,0.445,0.055,13.01,7,7,7,7,7,0,0,0
FCR,100,2026-03-22 11:30:00,NA,NA,NA,NA,NA,0.445,0.055,13.41,7,7,7,7,7,0,0,0
FCR,100,2026-03-22 11:45:00,NA,NA,NA,NA,NA,0.446,0.055,13.7,7,7,7,7,7,0,0,0
FCR,100,2026-03-22 12:00:00,NA,NA,NA,NA,NA,0.446,0.055,13.96,7,7,7,7,7,0,0,0
FCR,100,2026-03-22 12:15:00,NA,NA,NA,NA,NA,0.445,0.055,14.29,7,7,7,7,7,0,0,0
FCR,100,2026-03-22 12:30:00,NA,NA,NA,NA,NA,0.447,0.056,14.61,7,7,7,7,7,0,0,0
FCR,100,2026-03-22 12:45:00,NA,NA,NA,NA,NA,0.448,0.056,14.93,7,7,7,7,7,0,0,0
FCR,100,2026-03-22 13:00:00,NA,NA,NA,NA,NA,0.447,0.056,15.24,7,7,7,7,7,0,0,0
FCR,100,2026-03-22 13:15:00,NA,NA,NA,NA,NA,0.448,0.056,15.45,7,7,7,7,7,0,0,0
FCR,100,2026-03-22 13:30:00,NA,NA,NA,NA,NA,0.448,0.056,15.68,7,7,7,7,7,0,0,0
FCR,100,2026-03-22 13:45:00,NA,NA,NA,NA,NA,0.449,0.057,15.74,7,7,7,7,7,0,0,0
FCR,100,2026-03-22 14:00:00,NA,NA,NA,NA,NA,0.448,0.056,15.81,7,7,7,7,7,0,0,0
FCR,100,2026-03-22 14:15:00,NA,NA,NA,NA,NA,0.448,0.056,15.87,7,7,7,7,7,0,0,0
FCR,100,2026-03-22 14:30:00,NA,NA,NA,NA,NA,0.449,0.057,15.99,7,7,7,7,7,0,0,0
FCR,100,2026-03-22 14:45:00,NA,NA,NA,NA,NA,0.448,0.056,16.06,7,7,7,7,7,0,0,0
FCR,100,2026-03-22 15:00:00,NA,NA,NA,NA,NA,0.45,0.057,16.07,7,7,7,7,7,0,0,0
FCR,100,2026-03-22 15:15:00,NA,NA,NA,NA,NA,0.448,0.056,16.05,7,7,7,7,7,0,0,0
FCR,100,2026-03-22 15:30:00,NA,NA,NA,NA,NA,0.449,0.057,16.01,7,7,7,7,7,0,0,0
FCR,100,2026-03-22 15:45:00,NA,NA,NA,NA,NA,0.448,0.056,15.95,7,7,7,7,7,0,0,0
FCR,100,2026-03-22 16:00:00,NA,NA,NA,NA,NA,0.448,0.056,15.83,7,7,7,7,7,0,0,0
FCR,100,2026-03-22 16:15:00,NA,NA,NA,NA,NA,0.448,0.056,15.64,7,7,7,7,7,0,0,0
FCR,100,2026-03-22 16:30:00,NA,NA,NA,NA,NA,0.447,0.056,15.39,7,7,7,7,7,0,0,0
FCR,100,2026-03-22 16:45:00,NA,NA,NA,NA,NA,0.446,0.055,15.16,7,7,7,7,7,0,0,0
FCR,100,2026-03-22 17:00:00,NA,NA,NA,NA,NA,0.446,0.055,14.95,7,7,7,7,7,0,0,0
FCR,100,2026-03-22 17:15:00,NA,NA,NA,NA,NA,0.445,0.055,14.75,7,7,7,7,7,0,0,0
FCR,100,2026-03-22 17:30:00,NA,NA,NA,NA,NA,0.444,0.054,14.58,7,7,7,7,7,0,0,0
FCR,100,2026-03-22 17:45:00,NA,NA,NA,NA,NA,0.444,0.054,14.41,7,7,7,7,7,0,0,0
FCR,100,2026-03-22 18:00:00,NA,NA,NA,NA,NA,0.445,0.055,14.23,7,7,7,7,7,0,0,0
FCR,100,2026-03-22 18:15:00,NA,NA,NA,NA,NA,0.444,0.054,14.05,7,7,7,7,7,0,0,0
FCR,100,2026-03-22 18:30:00,NA,NA,NA,NA,NA,0.443,0.054,13.88,7,7,7,7,7,0,0,0
FCR,100,2026-03-22 18:45:00,NA,NA,NA,NA,NA,0.444,0.054,13.7,7,7,7,7,7,0,0,0
FCR,100,2026-03-22 19:00:00,NA,NA,NA,NA,NA,0.443,0.054,13.53,7,7,7,7,7,0,0,0
FCR,100,2026-03-22 19:15:00,NA,NA,NA,NA,NA,0.442,0.054,13.37,7,7,7,7,7,0,0,0
FCR,100,2026-03-22 19:30:00,NA,NA,NA,NA,NA,0.441,0.053,13.22,7,7,7,7,7,0,0,0
FCR,100,2026-03-22 19:45:00,NA,NA,NA,NA,NA,0.442,0.054,13.09,7,7,7,7,7,0,0,0
FCR,100,2026-03-22 20:00:00,NA,NA,NA,NA,NA,0.442,0.054,12.97,7,7,7,7,7,0,0,0
FCR,100,2026-03-22 20:15:00,NA,NA,NA,NA,NA,0.441,0.053,12.86,7,7,7,7,7,0,0,0
FCR,100,2026-03-22 20:30:00,NA,NA,NA,NA,NA,0.441,0.053,12.76,7,7,7,7,7,0,0,0
FCR,100,2026-03-22 20:45:00,NA,NA,NA,NA,NA,0.44,0.053,12.66,7,7,7,7,7,0,0,0
FCR,100,2026-03-22 21:00:00,NA,NA,NA,NA,NA,0.44,0.053,12.58,7,7,7,7,7,0,0,0
FCR,100,2026-03-22 21:15:00,NA,NA,NA,NA,NA,0.44,0.053,12.5,7,7,7,7,7,0,0,0
FCR,100,2026-03-22 21:30:00,NA,NA,NA,NA,NA,0.44,0.053,12.43,7,7,7,7,7,0,0,0
FCR,100,2026-03-22 21:45:00,NA,NA,NA,NA,NA,0.438,0.052,12.38,7,7,7,7,7,0,0,0
FCR,100,2026-03-22 22:00:00,NA,NA,NA,NA,NA,0.44,0.053,12.35,7,7,7,7,7,0,0,0
FCR,100,2026-03-22 22:15:00,NA,NA,NA,NA,NA,0.439,0.052,12.34,7,7,7,7,7,0,0,0
FCR,100,2026-03-22 22:30:00,NA,NA,NA,NA,NA,0.438,0.052,12.34,7,7,7,7,7,0,0,0
FCR,100,2026-03-22 22:45:00,NA,NA,NA,NA,NA,0.438,0.052,12.34,7,7,7,7,7,0,0,0
FCR,100,2026-03-22 23:00:00,NA,NA,NA,NA,NA,0.438,0.052,12.34,7,7,7,7,7,0,0,0
FCR,100,2026-03-22 23:15:00,NA,NA,NA,NA,NA,0.438,0.052,12.34,7,7,7,7,7,0,0,0
FCR,100,2026-03-22 23:30:00,NA,NA,NA,NA,NA,0.439,0.052,12.35,7,7,7,7,7,0,0,0
FCR,100,2026-03-22 23:45:00,NA,NA,NA,NA,NA,0.438,0.052,12.36,7,7,7,7,7,0,0,0
FCR,100,2026-03-23 00:00:00,NA,NA,NA,NA,NA,0.438,0.052,12.39,7,7,7,7,7,0,0,0
FCR,100,2026-03-23 00:15:00,NA,NA,NA,NA,NA,0.438,0.052,12.43,7,7,7,7,7,0,0,0
FCR,100,2026-03-23 00:30:00,NA,NA,NA,NA,NA,0.437,0.051,12.47,7,7,7,7,7,0,0,0
FCR,100,2026-03-23 00:45:00,NA,NA,NA,NA,NA,0.438,0.052,12.52,7,7,7,7,7,0,0,0
FCR,100,2026-03-23 01:00:00,NA,NA,NA,NA,NA,0.439,0.052,12.57,7,7,7,7,7,0,0,0
FCR,100,2026-03-23 01:15:00,NA,NA,NA,NA,NA,0.439,0.052,12.61,7,7,7,7,7,0,0,0
FCR,100,2026-03-23 01:30:00,NA,NA,NA,NA,NA,0.436,0.051,12.64,7,7,7,7,7,0,0,0
FCR,100,2026-03-23 01:45:00,NA,NA,NA,NA,NA,0.438,0.052,12.67,7,7,7,7,7,0,0,0
FCR,100,2026-03-23 02:00:00,NA,NA,NA,NA,NA,0.438,0.052,12.7,7,7,7,7,7,0,0,0
FCR,100,2026-03-23 02:15:00,NA,NA,NA,NA,NA,0.439,0.052,12.75,7,7,7,7,7,0,0,0
FCR,100,2026-03-23 02:30:00,NA,NA,NA,NA,NA,0.438,0.052,12.79,7,7,7,7,7,0,0,0
FCR,100,2026-03-23 02:45:00,NA,NA,NA,NA,NA,0.439,0.052,12.79,7,7,7,7,7,0,0,0
FCR,100,2026-03-23 03:00:00,NA,NA,NA,NA,NA,0.439,0.052,12.81,7,7,7,7,7,0,0,0
FCR,100,2026-03-23 03:15:00,NA,NA,NA,NA,NA,0.438,0.052,12.83,7,7,7,7,7,0,0,0
FCR,100,2026-03-23 03:30:00,NA,NA,NA,NA,NA,0.438,0.052,12.85,7,7,7,7,7,0,0,0
FCR,100,2026-03-23 03:45:00,NA,NA,NA,NA,NA,0.439,0.052,12.89,7,7,7,7,7,0,0,0
FCR,100,2026-03-23 04:00:00,NA,NA,NA,NA,NA,0.438,0.052,12.92,7,7,7,7,7,0,0,0
FCR,100,2026-03-23 04:15:00,NA,NA,NA,NA,NA,0.437,0.051,12.93,7,7,7,7,7,0,0,0
FCR,100,2026-03-23 04:30:00,NA,NA,NA,NA,NA,0.438,0.052,12.91,7,7,7,7,7,0,0,0
FCR,100,2026-03-23 04:45:00,NA,NA,NA,NA,NA,0.437,0.051,12.88,7,7,7,7,7,0,0,0
FCR,100,2026-03-23 05:00:00,NA,NA,NA,NA,NA,0.437,0.051,12.84,7,7,7,7,7,0,0,0
FCR,100,2026-03-23 05:15:00,NA,NA,NA,NA,NA,0.437,0.051,12.81,7,7,7,7,7,0,0,0
FCR,100,2026-03-23 05:30:00,NA,NA,NA,NA,NA,0.436,0.051,12.8,7,7,7,7,7,0,0,0
FCR,100,2026-03-23 05:45:00,NA,NA,NA,NA,NA,0.44,0.053,12.79,7,7,7,7,7,0,0,0
FCR,100,2026-03-23 06:00:00,NA,NA,NA,NA,NA,0.439,0.052,12.75,7,7,7,7,7,0,0,0
FCR,100,2026-03-23 06:15:00,NA,NA,NA,NA,NA,0.441,0.053,12.71,7,7,7,7,7,0,0,0
FCR,100,2026-03-23 06:30:00,NA,NA,NA,NA,NA,0.44,0.053,12.66,7,7,7,7,7,0,0,0
FCR,100,2026-03-23 06:45:00,NA,NA,NA,NA,NA,0.44,0.053,12.61,7,7,7,7,7,0,0,0
FCR,100,2026-03-23 07:00:00,NA,NA,NA,NA,NA,0.438,0.052,12.55,7,7,7,7,7,0,0,0
FCR,100,2026-03-23 07:15:00,NA,NA,NA,NA,NA,0.439,0.052,12.48,7,7,7,7,7,0,0,0
FCR,100,2026-03-23 07:30:00,NA,NA,NA,NA,NA,0.439,0.052,12.46,7,7,7,7,7,0,0,0
FCR,100,2026-03-23 07:45:00,NA,NA,NA,NA,NA,0.44,0.053,12.44,7,7,7,7,7,0,0,0
FCR,100,2026-03-23 08:00:00,NA,NA,NA,NA,NA,0.439,0.052,12.45,7,7,7,7,7,0,0,0
FCR,100,2026-03-23 08:15:00,NA,NA,NA,NA,NA,0.438,0.052,12.49,7,7,7,7,7,0,0,0
FCR,100,2026-03-23 08:30:00,NA,NA,NA,NA,NA,0.44,0.053,12.55,7,7,7,7,7,0,0,0
FCR,100,2026-03-23 08:45:00,NA,NA,NA,NA,NA,0.439,0.052,12.59,7,7,7,7,7,0,0,0
FCR,100,2026-03-23 09:00:00,NA,NA,NA,NA,NA,0.438,0.052,12.62,7,7,7,7,7,0,0,0
FCR,100,2026-03-23 09:15:00,NA,NA,NA,NA,NA,0.439,0.052,12.68,7,7,7,7,7,0,0,0
FCR,100,2026-03-23 09:30:00,NA,NA,NA,NA,NA,0.439,0.052,12.74,7,7,7,7,7,0,0,0
FCR,100,2026-03-23 09:45:00,NA,NA,NA,NA,NA,0.439,0.052,12.86,7,7,7,7,7,0,0,0
FCR,100,2026-03-23 10:00:00,NA,NA,NA,NA,NA,0.44,0.053,12.98,7,7,7,7,7,0,0,0
FCR,100,2026-03-23 10:15:00,NA,NA,NA,NA,NA,0.44,0.053,13.08,7,7,7,7,7,0,0,0
FCR,100,2026-03-23 10:30:00,NA,NA,NA,NA,NA,0.441,0.053,13.23,7,7,7,7,7,0,0,0
FCR,100,2026-03-23 10:45:00,NA,NA,NA,NA,NA,0.438,0.052,13.3,7,7,7,7,7,0,0,0
FCR,100,2026-03-23 11:00:00,NA,NA,NA,NA,NA,0.439,0.052,13.36,7,7,7,7,7,0,0,0
FCR,100,2026-03-23 11:15:00,NA,NA,NA,NA,NA,0.44,0.053,13.44,7,7,7,7,7,0,0,0
FCR,100,2026-03-23 11:30:00,NA,NA,NA,NA,NA,0.44,0.053,13.35,7,7,7,7,7,0,0,0
FCR,100,2026-03-23 11:45:00,NA,NA,NA,NA,NA,0.437,0.051,13.26,7,7,7,7,7,0,0,0
FCR,100,2026-03-23 12:00:00,NA,NA,NA,NA,NA,0.439,0.052,13.31,7,7,7,7,7,0,0,0
FCR,100,2026-03-23 12:15:00,NA,NA,NA,NA,NA,0.439,0.052,13.35,7,7,7,7,7,0,0,0
FCR,100,2026-03-23 12:30:00,NA,NA,NA,NA,NA,0.438,0.052,13.24,7,7,7,7,7,0,0,0
FCR,100,2026-03-23 12:45:00,NA,NA,NA,NA,NA,0.438,0.052,13.44,7,7,7,7,7,0,0,0
FCR,100,2026-03-23 13:00:00,NA,NA,NA,NA,NA,0.439,0.052,13.42,7,7,7,7,7,0,0,0
FCR,100,2026-03-23 13:15:00,NA,NA,NA,NA,NA,0.439,0.052,13.7,7,7,7,7,7,0,0,0
FCR,100,2026-03-23 13:30:00,NA,NA,NA,NA,NA,0.44,0.053,13.89,7,7,7,7,7,0,0,0
FCR,100,2026-03-23 13:45:00,NA,NA,NA,NA,NA,0.44,0.053,14.08,7,7,7,7,7,0,0,0
FCR,100,2026-03-23 14:00:00,NA,NA,NA,NA,NA,0.44,0.053,14.28,7,7,7,7,7,0,0,0
FCR,100,2026-03-23 14:15:00,NA,NA,NA,NA,NA,0.44,0.053,14.37,7,7,7,7,7,0,0,0
FCR,100,2026-03-23 14:30:00,NA,NA,NA,NA,NA,0.439,0.052,14.47,7,7,7,7,7,0,0,0
FCR,100,2026-03-23 14:45:00,NA,NA,NA,NA,NA,0.44,0.053,14.49,7,7,7,7,7,0,0,0
FCR,100,2026-03-23 15:00:00,NA,NA,NA,NA,NA,0.438,0.052,14.45,7,7,7,7,7,0,0,0
FCR,100,2026-03-23 15:15:00,NA,NA,NA,NA,NA,0.439,0.052,14.36,7,7,7,7,7,0,0,0
FCR,100,2026-03-23 15:30:00,NA,NA,NA,NA,NA,0.439,0.052,14.19,7,7,7,7,7,0,0,0
FCR,100,2026-03-23 15:45:00,NA,NA,NA,NA,NA,0.441,0.053,14.06,7,7,7,7,7,0,0,0
FCR,100,2026-03-23 16:00:00,NA,NA,NA,NA,NA,0.439,0.052,13.84,7,7,7,7,7,0,0,0
FCR,100,2026-03-23 16:15:00,NA,NA,NA,NA,NA,0.436,0.051,13.59,7,7,7,7,7,0,0,0
FCR,100,2026-03-23 16:30:00,NA,NA,NA,NA,NA,0.438,0.052,13.34,7,7,7,7,7,0,0,0
FCR,100,2026-03-23 16:45:00,NA,NA,NA,NA,NA,0.435,0.051,13,7,7,7,7,7,0,0,0
FCR,100,2026-03-23 17:00:00,NA,NA,NA,NA,NA,0.435,0.051,12.7,7,7,7,7,7,0,0,0
FCR,100,2026-03-23 17:15:00,NA,NA,NA,NA,NA,0.435,0.051,12.4,7,7,7,7,7,0,0,0
FCR,100,2026-03-23 17:30:00,NA,NA,NA,NA,NA,0.434,0.05,12.11,7,7,7,7,7,0,0,0
FCR,100,2026-03-23 17:45:00,NA,NA,NA,NA,NA,0.435,0.051,11.87,7,7,7,7,7,0,0,0
FCR,100,2026-03-23 18:00:00,NA,NA,NA,NA,NA,0.433,0.05,11.61,7,7,7,7,7,0,0,0
FCR,100,2026-03-23 18:15:00,NA,NA,NA,NA,NA,0.433,0.05,11.34,7,7,7,7,7,0,0,0
FCR,100,2026-03-23 18:30:00,NA,NA,NA,NA,NA,0.431,0.049,11.13,7,7,7,7,7,0,0,0
FCR,100,2026-03-23 18:45:00,NA,NA,NA,NA,NA,0.431,0.049,10.89,7,7,7,7,7,0,0,0
FCR,100,2026-03-23 19:00:00,NA,NA,NA,NA,NA,0.43,0.049,10.7,7,7,7,7,7,0,0,0
FCR,100,2026-03-23 19:15:00,NA,NA,NA,NA,NA,0.43,0.049,10.5,7,7,7,7,7,0,0,0
FCR,100,2026-03-23 19:30:00,NA,NA,NA,NA,NA,0.431,0.049,10.33,7,7,7,7,7,0,0,0
FCR,100,2026-03-23 19:45:00,NA,NA,NA,NA,NA,0.428,0.048,10.16,7,7,7,7,7,0,0,0
FCR,100,2026-03-23 20:00:00,NA,NA,NA,NA,NA,0.428,0.048,10.03,7,7,7,7,7,0,0,0
FCR,100,2026-03-23 20:15:00,NA,NA,NA,NA,NA,0.429,0.048,9.9,7,7,7,7,7,0,0,0
FCR,100,2026-03-23 20:30:00,NA,NA,NA,NA,NA,0.429,0.048,9.8,7,7,7,7,7,0,0,0
FCR,100,2026-03-23 20:45:00,NA,NA,NA,NA,NA,0.428,0.048,9.66,7,7,7,7,7,0,0,0
FCR,100,2026-03-23 21:00:00,NA,NA,NA,NA,NA,0.427,0.047,9.54,7,7,7,7,7,0,0,0
FCR,100,2026-03-23 21:15:00,NA,NA,NA,NA,NA,0.426,0.047,9.45,7,7,7,7,7,0,0,0
FCR,100,2026-03-23 21:30:00,NA,NA,NA,NA,NA,0.425,0.047,9.41,7,7,7,7,7,0,0,0
FCR,100,2026-03-23 21:45:00,NA,NA,NA,NA,NA,0.427,0.047,9.36,7,7,7,7,7,0,0,0
FCR,100,2026-03-23 22:00:00,NA,NA,NA,NA,NA,0.425,0.047,9.3,7,7,7,7,7,0,0,0
FCR,100,2026-03-23 22:15:00,NA,NA,NA,NA,NA,0.425,0.047,9.23,7,7,7,7,7,0,0,0
FCR,100,2026-03-23 22:30:00,NA,NA,NA,NA,NA,0.427,0.047,9.15,7,7,7,7,7,0,0,0
FCR,100,2026-03-23 22:45:00,NA,NA,NA,NA,NA,0.425,0.047,9.06,7,7,7,7,7,0,0,0
FCR,100,2026-03-23 23:00:00,NA,NA,NA,NA,NA,0.426,0.047,9.01,7,7,7,7,7,0,0,0
FCR,100,2026-03-23 23:15:00,NA,NA,NA,NA,NA,0.426,0.047,8.94,7,7,7,7,7,0,0,0
FCR,100,2026-03-23 23:30:00,NA,NA,NA,NA,NA,0.425,0.047,8.88,7,7,7,7,7,0,0,0
FCR,100,2026-03-23 23:45:00,NA,NA,NA,NA,NA,0.423,0.046,8.82,7,7,7,7,7,0,0,0
FCR,100,2026-03-24 00:00:00,NA,NA,NA,NA,NA,0.425,0.047,8.76,7,7,7,7,7,0,0,0
FCR,100,2026-03-24 00:15:00,NA,NA,NA,NA,NA,0.424,0.046,8.7,7,7,7,7,7,0,0,0
FCR,100,2026-03-24 00:30:00,NA,NA,NA,NA,NA,0.423,0.046,8.63,7,7,7,7,7,0,0,0
FCR,100,2026-03-24 00:45:00,NA,NA,NA,NA,NA,0.424,0.046,8.6,7,7,7,7,7,0,0,0
FCR,100,2026-03-24 01:00:00,NA,NA,NA,NA,NA,0.423,0.046,8.58,7,7,7,7,7,0,0,0
FCR,100,2026-03-24 01:15:00,NA,NA,NA,NA,NA,0.425,0.047,8.56,7,7,7,7,7,0,0,0
FCR,100,2026-03-24 01:30:00,NA,NA,NA,NA,NA,0.423,0.046,8.5,7,7,7,7,7,0,0,0
FCR,100,2026-03-24 01:45:00,NA,NA,NA,NA,NA,0.422,0.045,8.45,7,7,7,7,7,0,0,0
FCR,100,2026-03-24 02:00:00,NA,NA,NA,NA,NA,0.424,0.046,8.41,7,7,7,7,7,0,0,0
FCR,100,2026-03-24 02:15:00,NA,NA,NA,NA,NA,0.423,0.046,8.35,7,7,7,7,7,0,0,0
FCR,100,2026-03-24 02:30:00,NA,NA,NA,NA,NA,0.423,0.046,8.32,7,7,7,7,7,0,0,0
FCR,100,2026-03-24 02:45:00,NA,NA,NA,NA,NA,0.421,0.045,8.28,7,7,7,7,7,0,0,0
FCR,100,2026-03-24 03:00:00,NA,NA,NA,NA,NA,0.422,0.045,8.24,7,7,7,7,7,0,0,0
FCR,100,2026-03-24 03:15:00,NA,NA,NA,NA,NA,0.422,0.045,8.22,7,7,7,7,7,0,0,0
FCR,100,2026-03-24 03:30:00,NA,NA,NA,NA,NA,0.42,0.045,8.2,7,7,7,7,7,0,0,0
FCR,100,2026-03-24 03:45:00,NA,NA,NA,NA,NA,0.421,0.045,8.16,7,7,7,7,7,0,0,0
FCR,100,2026-03-24 04:00:00,NA,NA,NA,NA,NA,0.422,0.045,8.11,7,7,7,7,7,0,0,0
FCR,100,2026-03-24 04:15:00,NA,NA,NA,NA,NA,0.422,0.045,8.06,7,7,7,7,7,0,0,0
FCR,100,2026-03-24 04:30:00,NA,NA,NA,NA,NA,0.42,0.045,7.978,7,7,7,7,7,0,0,0
FCR,100,2026-03-24 04:45:00,NA,NA,NA,NA,NA,0.421,0.045,7.957,7,7,7,7,7,0,0,0
FCR,100,2026-03-24 05:00:00,NA,NA,NA,NA,NA,0.42,0.045,7.903,7,7,7,7,7,0,0,0
FCR,100,2026-03-24 05:15:00,NA,NA,NA,NA,NA,0.42,0.045,7.86,7,7,7,7,7,0,0,0
FCR,100,2026-03-24 05:30:00,NA,NA,NA,NA,NA,0.421,0.045,7.816,7,7,7,7,7,0,0,0
FCR,100,2026-03-24 05:45:00,NA,NA,NA,NA,NA,0.421,0.045,7.778,7,7,7,7,7,0,0,0
FCR,100,2026-03-24 06:00:00,NA,NA,NA,NA,NA,0.42,0.045,7.724,7,7,7,7,7,0,0,0
FCR,100,2026-03-24 06:15:00,NA,NA,NA,NA,NA,0.421,0.045,7.682,7,7,7,7,7,0,0,0
FCR,100,2026-03-24 06:30:00,NA,NA,NA,NA,NA,0.42,0.045,7.631,7,7,7,7,7,0,0,0
FCR,100,2026-03-24 06:45:00,NA,NA,NA,NA,NA,0.42,0.045,7.605,7,7,7,7,7,0,0,0
FCR,100,2026-03-24 07:00:00,NA,NA,NA,NA,NA,0.418,0.044,7.586,7,7,7,7,7,0,0,0
FCR,100,2026-03-24 07:15:00,NA,NA,NA,NA,NA,0.419,0.044,7.587,7,7,7,7,7,0,0,0
FCR,100,2026-03-24 07:30:00,NA,NA,NA,NA,NA,0.42,0.045,7.596,7,7,7,7,7,0,0,0
FCR,100,2026-03-24 07:45:00,NA,NA,NA,NA,NA,0.419,0.044,7.61,7,7,7,7,7,0,0,0
FCR,100,2026-03-24 08:00:00,NA,NA,NA,NA,NA,0.42,0.045,7.629,7,7,7,7,7,0,0,0
FCR,100,2026-03-24 08:15:00,NA,NA,NA,NA,NA,0.42,0.045,7.672,7,7,7,7,7,0,0,0
FCR,100,2026-03-24 08:30:00,NA,NA,NA,NA,NA,0.419,0.044,7.726,7,7,7,7,7,0,0,0
FCR,100,2026-03-24 08:45:00,NA,NA,NA,NA,NA,0.419,0.044,7.81,7,7,7,7,7,0,0,0
FCR,100,2026-03-24 09:00:00,NA,NA,NA,NA,NA,0.42,0.045,7.889,7,7,7,7,7,0,0,0
FCR,100,2026-03-24 09:15:00,NA,NA,NA,NA,NA,0.419,0.044,8.02,7,7,7,7,7,0,0,0
FCR,100,2026-03-24 09:30:00,NA,NA,NA,NA,NA,0.422,0.045,8.14,7,7,7,7,7,0,0,0
FCR,100,2026-03-24 09:45:00,NA,NA,NA,NA,NA,0.419,0.044,8.26,7,7,7,7,7,0,0,0
FCR,100,2026-03-24 10:00:00,NA,NA,NA,NA,NA,0.421,0.045,8.44,7,7,7,7,7,0,0,0
FCR,100,2026-03-24 10:15:00,NA,NA,NA,NA,NA,0.42,0.045,8.66,7,7,7,7,7,0,0,0
FCR,100,2026-03-24 10:30:00,NA,NA,NA,NA,NA,0.421,0.045,8.97,7,7,7,7,7,0,0,0
FCR,100,2026-03-24 10:45:00,NA,NA,NA,NA,NA,0.422,0.045,9.16,7,7,7,7,7,0,0,0
FCR,100,2026-03-24 11:00:00,NA,NA,NA,NA,NA,0.421,0.045,9.44,7,7,7,7,7,0,0,0
FCR,100,2026-03-24 11:15:00,NA,NA,NA,NA,NA,0.424,0.046,9.77,7,7,7,7,7,0,0,0
FCR,100,2026-03-24 11:30:00,NA,NA,NA,NA,NA,0.424,0.046,10.13,7,7,7,7,7,0,0,0
FCR,100,2026-03-24 11:45:00,NA,NA,NA,NA,NA,0.423,0.046,10.3,7,7,7,7,7,0,0,0
FCR,100,2026-03-24 12:00:00,NA,NA,NA,NA,NA,0.426,0.047,10.64,7,7,7,7,7,0,0,0
FCR,100,2026-03-24 12:15:00,NA,NA,NA,NA,NA,0.424,0.046,10.97,7,7,7,7,7,0,0,0
FCR,100,2026-03-24 12:30:00,NA,NA,NA,NA,NA,0.424,0.046,11.25,7,7,7,7,7,0,0,0
FCR,100,2026-03-24 12:45:00,NA,NA,NA,NA,NA,0.426,0.047,11.54,7,7,7,7,7,0,0,0
FCR,100,2026-03-24 13:00:00,NA,NA,NA,NA,NA,0.426,0.047,11.82,7,7,7,7,7,0,0,0
FCR,100,2026-03-24 13:15:00,NA,NA,NA,NA,NA,0.425,0.047,12.05,7,7,7,7,7,0,0,0
FCR,100,2026-03-24 13:30:00,NA,NA,NA,NA,NA,0.425,0.047,12.29,7,7,7,7,7,0,0,0
FCR,100,2026-03-24 13:45:00,NA,NA,NA,NA,NA,0.427,0.047,12.52,7,7,7,7,7,0,0,0
FCR,100,2026-03-24 14:00:00,NA,NA,NA,NA,NA,0.428,0.048,12.7,7,7,7,7,7,0,0,0
FCR,100,2026-03-24 14:15:00,NA,NA,NA,NA,NA,0.427,0.047,12.84,7,7,7,7,7,0,0,0
FCR,100,2026-03-24 14:30:00,NA,NA,NA,NA,NA,0.429,0.048,12.96,7,7,7,7,7,0,0,0
FCR,100,2026-03-24 14:45:00,NA,NA,NA,NA,NA,0.429,0.048,13.04,7,7,7,7,7,0,0,0
FCR,100,2026-03-24 15:00:00,NA,NA,NA,NA,NA,0.428,0.048,13.06,7,7,7,7,7,0,0,0
FCR,100,2026-03-24 15:15:00,NA,NA,NA,NA,NA,0.428,0.048,13.01,7,7,7,7,7,0,0,0
FCR,100,2026-03-24 15:30:00,NA,NA,NA,NA,NA,0.427,0.047,12.9,7,7,7,7,7,0,0,0
FCR,100,2026-03-24 15:45:00,NA,NA,NA,NA,NA,0.426,0.047,12.81,7,7,7,7,7,0,0,0
FCR,100,2026-03-24 16:00:00,NA,NA,NA,NA,NA,0.429,0.048,12.67,7,7,7,7,7,0,0,0
FCR,100,2026-03-24 16:15:00,NA,NA,NA,NA,NA,0.428,0.048,12.49,7,7,7,7,7,0,0,0
FCR,100,2026-03-24 16:30:00,NA,NA,NA,NA,NA,0.424,0.046,12.29,7,7,7,7,7,0,0,0
FCR,100,2026-03-24 16:45:00,NA,NA,NA,NA,NA,0.425,0.047,12.11,7,7,7,7,7,0,0,0
FCR,100,2026-03-24 17:00:00,NA,NA,NA,NA,NA,0.424,0.046,11.9,7,7,7,7,7,0,0,0
FCR,100,2026-03-24 17:15:00,NA,NA,NA,NA,NA,0.423,0.046,11.69,7,7,7,7,7,0,0,0
FCR,100,2026-03-24 17:30:00,NA,NA,NA,NA,NA,0.423,0.046,11.49,7,7,7,7,7,0,0,0
FCR,100,2026-03-24 17:45:00,NA,NA,NA,NA,NA,0.424,0.046,11.31,7,7,7,7,7,0,0,0
FCR,100,2026-03-24 18:00:00,NA,NA,NA,NA,NA,0.423,0.046,11.13,7,7,7,7,7,0,0,0
FCR,100,2026-03-24 18:15:00,NA,NA,NA,NA,NA,0.421,0.045,10.96,7,7,7,7,7,0,0,0
FCR,100,2026-03-24 18:30:00,NA,NA,NA,NA,NA,0.422,0.045,10.79,7,7,7,7,7,0,0,0
FCR,100,2026-03-24 18:45:00,NA,NA,NA,NA,NA,0.422,0.045,10.62,7,7,7,7,7,0,0,0
FCR,100,2026-03-24 19:00:00,NA,NA,NA,NA,NA,0.42,0.045,10.46,7,7,7,7,7,0,0,0
FCR,100,2026-03-24 19:15:00,NA,NA,NA,NA,NA,0.421,0.045,10.33,7,7,7,7,7,0,0,0
FCR,100,2026-03-24 19:30:00,NA,NA,NA,NA,NA,0.42,0.045,10.21,7,7,7,7,7,0,0,0
FCR,100,2026-03-24 19:45:00,NA,NA,NA,NA,NA,0.419,0.044,10.09,7,7,7,7,7,0,0,0
FCR,100,2026-03-24 20:00:00,NA,NA,NA,NA,NA,0.42,0.045,9.99,7,7,7,7,7,0,0,0
FCR,100,2026-03-24 20:15:00,NA,NA,NA,NA,NA,0.42,0.045,9.9,7,7,7,7,7,0,0,0
FCR,100,2026-03-24 20:30:00,NA,NA,NA,NA,NA,0.42,0.045,9.83,7,7,7,7,7,0,0,0
FCR,100,2026-03-24 20:45:00,NA,NA,NA,NA,NA,0.419,0.044,9.78,7,7,7,7,7,0,0,0
FCR,100,2026-03-24 21:00:00,NA,NA,NA,NA,NA,0.418,0.044,9.75,7,7,7,7,7,0,0,0
FCR,100,2026-03-24 21:15:00,NA,NA,NA,NA,NA,0.418,0.044,9.7,7,7,7,7,7,0,0,0
FCR,100,2026-03-24 21:30:00,NA,NA,NA,NA,NA,0.419,0.044,9.65,7,7,7,7,7,0,0,0
FCR,100,2026-03-24 21:45:00,NA,NA,NA,NA,NA,0.419,0.044,9.62,7,7,7,7,7,0,0,0
FCR,100,2026-03-24 22:00:00,NA,NA,NA,NA,NA,0.417,0.043,9.59,7,7,7,7,7,0,0,0
FCR,100,2026-03-24 22:15:00,NA,NA,NA,NA,NA,0.418,0.044,9.55,7,7,7,7,7,0,0,0
FCR,100,2026-03-24 22:30:00,NA,NA,NA,NA,NA,0.418,0.044,9.51,7,7,7,7,7,0,0,0
FCR,100,2026-03-24 22:45:00,NA,NA,NA,NA,NA,0.418,0.044,9.48,7,7,7,7,7,0,0,0
FCR,100,2026-03-24 23:00:00,NA,NA,NA,NA,NA,0.419,0.044,9.45,7,7,7,7,7,0,0,0
FCR,100,2026-03-24 23:15:00,NA,NA,NA,NA,NA,0.418,0.044,9.43,7,7,7,7,7,0,0,0
FCR,100,2026-03-24 23:30:00,NA,NA,NA,NA,NA,0.419,0.044,9.39,7,7,7,7,7,0,0,0
FCR,100,2026-03-24 23:45:00,NA,NA,NA,NA,NA,0.417,0.043,9.34,7,7,7,7,7,0,0,0
FCR,100,2026-03-25 00:00:00,NA,NA,NA,NA,NA,0.417,0.043,9.28,7,7,7,7,7,0,0,0
FCR,100,2026-03-25 00:15:00,NA,NA,NA,NA,NA,0.417,0.043,9.22,7,7,7,7,7,0,0,0
FCR,100,2026-03-25 00:30:00,NA,NA,NA,NA,NA,0.417,0.043,9.14,7,7,7,7,7,0,0,0
FCR,100,2026-03-25 00:45:00,NA,NA,NA,NA,NA,0.417,0.043,9.07,7,7,7,7,7,0,0,0
FCR,100,2026-03-25 01:00:00,NA,NA,NA,NA,NA,0.416,0.043,9.01,7,7,7,7,7,0,0,0
FCR,100,2026-03-25 01:15:00,NA,NA,NA,NA,NA,0.418,0.044,8.95,7,7,7,7,7,0,0,0
FCR,100,2026-03-25 01:30:00,NA,NA,NA,NA,NA,0.418,0.044,8.9,7,7,7,7,7,0,0,0
FCR,100,2026-03-25 01:45:00,NA,NA,NA,NA,NA,0.416,0.043,8.85,7,7,7,7,7,0,0,0
FCR,100,2026-03-25 02:00:00,NA,NA,NA,NA,NA,0.416,0.043,8.8,7,7,7,7,7,0,0,0
FCR,100,2026-03-25 02:15:00,NA,NA,NA,NA,NA,0.415,0.043,8.75,7,7,7,7,7,0,0,0
FCR,100,2026-03-25 02:30:00,NA,NA,NA,NA,NA,0.415,0.043,8.7,7,7,7,7,7,0,0,0
FCR,100,2026-03-25 02:45:00,NA,NA,NA,NA,NA,0.415,0.043,8.66,7,7,7,7,7,0,0,0
FCR,100,2026-03-25 03:00:00,NA,NA,NA,NA,NA,0.416,0.043,8.61,7,7,7,7,7,0,0,0
FCR,100,2026-03-25 03:15:00,NA,NA,NA,NA,NA,0.415,0.043,8.56,7,7,7,7,7,0,0,0
FCR,100,2026-03-25 03:30:00,NA,NA,NA,NA,NA,0.415,0.043,8.52,7,7,7,7,7,0,0,0
FCR,100,2026-03-25 03:45:00,NA,NA,NA,NA,NA,0.416,0.043,8.48,7,7,7,7,7,0,0,0
FCR,100,2026-03-25 04:00:00,NA,NA,NA,NA,NA,0.414,0.042,8.44,7,7,7,7,7,0,0,0
FCR,100,2026-03-25 04:15:00,NA,NA,NA,NA,NA,0.415,0.043,8.4,7,7,7,7,7,0,0,0
FCR,100,2026-03-25 04:30:00,NA,NA,NA,NA,NA,0.416,0.043,8.37,7,7,7,7,7,0,0,0
FCR,100,2026-03-25 04:45:00,NA,NA,NA,NA,NA,0.415,0.043,8.35,7,7,7,7,7,0,0,0
FCR,100,2026-03-25 05:00:00,NA,NA,NA,NA,NA,0.414,0.042,8.35,7,7,7,7,7,0,0,0
FCR,100,2026-03-25 05:15:00,NA,NA,NA,NA,NA,0.416,0.043,8.34,7,7,7,7,7,0,0,0
FCR,100,2026-03-25 05:30:00,NA,NA,NA,NA,NA,0.415,0.043,8.33,7,7,7,7,7,0,0,0
FCR,100,2026-03-25 05:45:00,NA,NA,NA,NA,NA,0.414,0.042,8.33,7,7,7,7,7,0,0,0
FCR,100,2026-03-25 06:00:00,NA,NA,NA,NA,NA,0.414,0.042,8.32,7,7,7,7,7,0,0,0
FCR,100,2026-03-25 06:15:00,NA,NA,NA,NA,NA,0.415,0.043,8.32,7,7,7,7,7,0,0,0
FCR,100,2026-03-25 06:30:00,NA,NA,NA,NA,NA,0.414,0.042,8.33,7,7,7,7,7,0,0,0
FCR,100,2026-03-25 06:45:00,NA,NA,NA,NA,NA,0.413,0.042,8.33,7,7,7,7,7,0,0,0
FCR,100,2026-03-25 07:00:00,NA,NA,NA,NA,NA,0.414,0.042,8.34,7,7,7,7,7,0,0,0
FCR,100,2026-03-25 07:15:00,NA,NA,NA,NA,NA,0.415,0.043,8.34,7,7,7,7,7,0,0,0
FCR,100,2026-03-25 07:30:00,NA,NA,NA,NA,NA,0.415,0.043,8.36,7,7,7,7,7,0,0,0
FCR,100,2026-03-25 07:45:00,NA,NA,NA,NA,NA,0.413,0.042,8.41,7,7,7,7,7,0,0,0
FCR,100,2026-03-25 08:00:00,NA,NA,NA,NA,NA,0.414,0.042,8.46,7,7,7,7,7,0,0,0
FCR,100,2026-03-25 08:15:00,NA,NA,NA,NA,NA,0.415,0.043,8.53,7,7,7,7,7,0,0,0
FCR,100,2026-03-25 08:30:00,NA,NA,NA,NA,NA,0.414,0.042,8.59,7,7,7,7,7,0,0,0
FCR,100,2026-03-25 08:45:00,NA,NA,NA,NA,NA,0.415,0.043,8.65,7,7,7,7,7,0,0,0
FCR,100,2026-03-25 09:00:00,NA,NA,NA,NA,NA,0.416,0.043,8.74,7,7,7,7,7,0,0,0
FCR,100,2026-03-25 09:15:00,NA,NA,NA,NA,NA,0.415,0.043,8.89,7,7,7,7,7,0,0,0
FCR,100,2026-03-25 09:30:00,NA,NA,NA,NA,NA,0.415,0.043,9.03,7,7,7,7,7,0,0,0
FCR,100,2026-03-25 09:45:00,NA,NA,NA,NA,NA,0.416,0.043,9.2,7,7,7,7,7,0,0,0
FCR,100,2026-03-25 10:00:00,NA,NA,NA,NA,NA,0.418,0.044,9.41,7,7,7,7,7,0,0,0
FCR,100,2026-03-25 10:15:00,NA,NA,NA,NA,NA,0.418,0.044,9.66,7,7,7,7,7,0,0,0
FCR,100,2026-03-25 11:00:00,NA,NA,NA,NA,NA,NA,NA,NA,7,7,7,7,7,7,7,7
FCR,100,2026-03-25 11:15:00,NA,NA,NA,NA,NA,0.42,0.045,10.77,7,7,7,7,7,0,0,0
FCR,100,2026-03-25 11:30:00,NA,NA,NA,NA,NA,0.42,0.045,10.94,7,7,7,7,7,0,0,0
FCR,100,2026-03-25 11:45:00,NA,NA,NA,NA,NA,0.42,0.045,11.19,7,7,7,7,7,0,0,0
FCR,100,2026-03-25 12:00:00,NA,NA,NA,NA,NA,0.42,0.045,11.59,7,7,7,7,7,0,0,0
FCR,100,2026-03-25 13:00:00,NA,NA,NA,NA,NA,NA,NA,NA,7,7,7,7,7,7,7,7
FCR,100,2026-03-25 13:15:00,NA,NA,NA,NA,NA,0.424,0.046,12.96,7,7,7,7,7,0,0,0
FCR,100,2026-03-25 13:30:00,NA,NA,NA,NA,NA,0.423,0.046,13.16,7,7,7,7,7,0,0,0
FCR,100,2026-03-25 13:45:00,NA,NA,NA,NA,NA,0.425,0.047,13.38,7,7,7,7,7,0,0,0
FCR,100,2026-03-25 14:00:00,NA,NA,NA,NA,NA,0.422,0.045,13.54,7,7,7,7,7,0,0,0
FCR,100,2026-03-25 14:15:00,NA,NA,NA,NA,NA,0.423,0.046,13.7,7,7,7,7,7,0,0,0
FCR,100,2026-03-25 14:30:00,NA,NA,NA,NA,NA,0.424,0.046,13.8,7,7,7,7,7,0,0,0
FCR,100,2026-03-25 14:45:00,NA,NA,NA,NA,NA,0.424,0.046,13.71,7,7,7,7,7,0,0,0
FCR,100,2026-03-25 15:00:00,NA,NA,NA,NA,NA,0.424,0.046,13.68,7,7,7,7,7,0,0,0
FCR,100,2026-03-25 15:15:00,NA,NA,NA,NA,NA,0.425,0.047,13.61,7,7,7,7,7,0,0,0
FCR,100,2026-03-25 15:30:00,NA,NA,NA,NA,NA,0.423,0.046,13.55,7,7,7,7,7,0,0,0
FCR,100,2026-03-25 15:45:00,NA,NA,NA,NA,NA,0.423,0.046,13.49,7,7,7,7,7,0,0,0
FCR,100,2026-03-25 16:00:00,NA,NA,NA,NA,NA,0.424,0.046,13.27,7,7,7,7,7,0,0,0
FCR,100,2026-03-25 16:15:00,NA,NA,NA,NA,NA,0.421,0.045,13.09,7,7,7,7,7,0,0,0
FCR,100,2026-03-25 16:30:00,NA,NA,NA,NA,NA,0.421,0.045,12.88,7,7,7,7,7,0,0,0
FCR,100,2026-03-25 16:45:00,NA,NA,NA,NA,NA,0.421,0.045,12.71,7,7,7,7,7,0,0,0
FCR,100,2026-03-25 17:00:00,NA,NA,NA,NA,NA,0.421,0.045,12.55,7,7,7,7,7,0,0,0
FCR,100,2026-03-25 17:15:00,NA,NA,NA,NA,NA,0.419,0.044,12.41,7,7,7,7,7,0,0,0
FCR,100,2026-03-25 17:30:00,NA,NA,NA,NA,NA,0.419,0.044,12.31,7,7,7,7,7,0,0,0
FCR,100,2026-03-25 17:45:00,NA,NA,NA,NA,NA,0.418,0.044,12.15,7,7,7,7,7,0,0,0
FCR,100,2026-03-25 18:00:00,NA,NA,NA,NA,NA,0.418,0.044,12.01,7,7,7,7,7,0,0,0
FCR,100,2026-03-25 18:15:00,NA,NA,NA,NA,NA,0.418,0.044,11.9,7,7,7,7,7,0,0,0
FCR,100,2026-03-25 18:30:00,NA,NA,NA,NA,NA,0.417,0.043,11.79,7,7,7,7,7,0,0,0
FCR,100,2026-03-25 18:45:00,NA,NA,NA,NA,NA,0.418,0.044,11.66,7,7,7,7,7,0,0,0
FCR,100,2026-03-25 19:00:00,NA,NA,NA,NA,NA,0.418,0.044,11.57,7,7,7,7,7,0,0,0
FCR,100,2026-03-25 19:15:00,NA,NA,NA,NA,NA,0.416,0.043,11.48,7,7,7,7,7,0,0,0
FCR,100,2026-03-25 19:30:00,NA,NA,NA,NA,NA,0.417,0.043,11.38,7,7,7,7,7,0,0,0
FCR,100,2026-03-25 19:45:00,NA,NA,NA,NA,NA,0.417,0.043,11.27,7,7,7,7,7,0,0,0
FCR,100,2026-03-25 20:00:00,NA,NA,NA,NA,NA,0.416,0.043,11.17,7,7,7,7,7,0,0,0
FCR,100,2026-03-25 20:15:00,NA,NA,NA,NA,NA,0.415,0.043,11.08,7,7,7,7,7,0,0,0
FCR,100,2026-03-25 20:30:00,NA,NA,NA,NA,NA,0.416,0.043,11.02,7,7,7,7,7,0,0,0
FCR,100,2026-03-25 20:45:00,NA,NA,NA,NA,NA,0.415,0.043,10.96,7,7,7,7,7,0,0,0
FCR,100,2026-03-25 21:00:00,NA,NA,NA,NA,NA,0.415,0.043,10.9,7,7,7,7,7,0,0,0
FCR,100,2026-03-25 21:15:00,NA,NA,NA,NA,NA,0.415,0.043,10.86,7,7,7,7,7,0,0,0
FCR,100,2026-03-25 21:30:00,NA,NA,NA,NA,NA,0.416,0.043,10.8,7,7,7,7,7,0,0,0
FCR,100,2026-03-25 21:45:00,NA,NA,NA,NA,NA,0.415,0.043,10.76,7,7,7,7,7,0,0,0
FCR,100,2026-03-25 22:00:00,NA,NA,NA,NA,NA,0.415,0.043,10.72,7,7,7,7,7,0,0,0
FCR,100,2026-03-25 22:15:00,NA,NA,NA,NA,NA,0.415,0.043,10.71,7,7,7,7,7,0,0,0
FCR,100,2026-03-25 22:30:00,NA,NA,NA,NA,NA,0.415,0.043,10.69,7,7,7,7,7,0,0,0
FCR,100,2026-03-25 22:45:00,NA,NA,NA,NA,NA,0.415,0.043,10.67,7,7,7,7,7,0,0,0
FCR,100,2026-03-25 23:00:00,NA,NA,NA,NA,NA,0.417,0.043,10.66,7,7,7,7,7,0,0,0
FCR,100,2026-03-25 23:15:00,NA,NA,NA,NA,NA,0.415,0.043,10.64,7,7,7,7,7,0,0,0
FCR,100,2026-03-25 23:30:00,NA,NA,NA,NA,NA,0.416,0.043,10.61,7,7,7,7,7,0,0,0
FCR,100,2026-03-25 23:45:00,NA,NA,NA,NA,NA,0.413,0.042,10.57,7,7,7,7,7,0,0,0
FCR,100,2026-03-26 00:00:00,NA,NA,NA,NA,NA,0.414,0.042,10.53,7,7,7,7,7,0,0,0
FCR,100,2026-03-26 00:15:00,NA,NA,NA,NA,NA,0.415,0.043,10.47,7,7,7,7,7,0,0,0
FCR,100,2026-03-26 00:30:00,NA,NA,NA,NA,NA,0.412,0.042,10.42,7,7,7,7,7,0,0,0
FCR,100,2026-03-26 00:45:00,NA,NA,NA,NA,NA,0.414,0.042,10.36,7,7,7,7,7,0,0,0
FCR,100,2026-03-26 01:00:00,NA,NA,NA,NA,NA,0.413,0.042,10.31,7,7,7,7,7,0,0,0
FCR,100,2026-03-26 01:15:00,NA,NA,NA,NA,NA,0.412,0.042,10.25,7,7,7,7,7,0,0,0
FCR,100,2026-03-26 01:30:00,NA,NA,NA,NA,NA,0.413,0.042,10.2,7,7,7,7,7,0,0,0
FCR,100,2026-03-26 01:45:00,NA,NA,NA,NA,NA,0.412,0.042,10.16,7,7,7,7,7,0,0,0
FCR,100,2026-03-26 02:00:00,NA,NA,NA,NA,NA,0.413,0.042,10.11,7,7,7,7,7,0,0,0
FCR,100,2026-03-26 02:15:00,NA,NA,NA,NA,NA,0.412,0.042,10.07,7,7,7,7,7,0,0,0
FCR,100,2026-03-26 02:30:00,NA,NA,NA,NA,NA,0.413,0.042,10.03,7,7,7,7,7,0,0,0
FCR,100,2026-03-26 02:45:00,NA,NA,NA,NA,NA,0.413,0.042,9.99,7,7,7,7,7,0,0,0
FCR,100,2026-03-26 03:00:00,NA,NA,NA,NA,NA,0.414,0.042,9.96,7,7,7,7,7,0,0,0
FCR,100,2026-03-26 03:15:00,NA,NA,NA,NA,NA,0.412,0.042,9.92,7,7,7,7,7,0,0,0
FCR,100,2026-03-26 03:30:00,NA,NA,NA,NA,NA,0.412,0.042,9.9,7,7,7,7,7,0,0,0
FCR,100,2026-03-26 03:45:00,NA,NA,NA,NA,NA,0.412,0.042,9.87,7,7,7,7,7,0,0,0
FCR,100,2026-03-26 04:00:00,NA,NA,NA,NA,NA,0.413,0.042,9.84,7,7,7,7,7,0,0,0
FCR,100,2026-03-26 04:15:00,NA,NA,NA,NA,NA,0.412,0.042,9.83,7,7,7,7,7,0,0,0
FCR,100,2026-03-26 04:30:00,NA,NA,NA,NA,NA,0.41,0.041,9.82,7,7,7,7,7,0,0,0
FCR,100,2026-03-26 04:45:00,NA,NA,NA,NA,NA,0.411,0.041,9.83,7,7,7,7,7,0,0,0
FCR,100,2026-03-26 05:00:00,NA,NA,NA,NA,NA,0.414,0.042,9.83,7,7,7,7,7,0,0,0
FCR,100,2026-03-26 05:15:00,NA,NA,NA,NA,NA,0.412,0.042,9.85,7,7,7,7,7,0,0,0
FCR,100,2026-03-26 05:30:00,NA,NA,NA,NA,NA,0.412,0.042,9.87,7,7,7,7,7,0,0,0
FCR,100,2026-03-26 05:45:00,NA,NA,NA,NA,NA,0.412,0.042,9.89,7,7,7,7,7,0,0,0
FCR,100,2026-03-26 06:00:00,NA,NA,NA,NA,NA,0.414,0.042,9.9,7,7,7,7,7,0,0,0
FCR,100,2026-03-26 06:15:00,NA,NA,NA,NA,NA,0.412,0.042,9.92,7,7,7,7,7,0,0,0
FCR,100,2026-03-26 06:30:00,NA,NA,NA,NA,NA,0.412,0.042,9.93,7,7,7,7,7,0,0,0
FCR,100,2026-03-26 06:45:00,NA,NA,NA,NA,NA,0.413,0.042,9.94,7,7,7,7,7,0,0,0
FCR,100,2026-03-26 07:00:00,NA,NA,NA,NA,NA,0.413,0.042,9.97,7,7,7,7,7,0,0,0
FCR,100,2026-03-26 07:15:00,NA,NA,NA,NA,NA,0.412,0.042,10.02,7,7,7,7,7,0,0,0
FCR,100,2026-03-26 07:30:00,NA,NA,NA,NA,NA,0.412,0.042,10.08,7,7,7,7,7,0,0,0
FCR,100,2026-03-26 07:45:00,NA,NA,NA,NA,NA,0.413,0.042,10.18,7,7,7,7,7,0,0,0
FCR,100,2026-03-26 08:00:00,NA,NA,NA,NA,NA,0.413,0.042,10.28,7,7,7,7,7,0,0,0
FCR,100,2026-03-26 08:15:00,NA,NA,NA,NA,NA,0.412,0.042,10.4,7,7,7,7,7,0,0,0
FCR,100,2026-03-26 08:30:00,NA,NA,NA,NA,NA,0.413,0.042,10.59,7,7,7,7,7,0,0,0
FCR,100,2026-03-26 08:45:00,NA,NA,NA,NA,NA,0.413,0.042,10.78,7,7,7,7,7,0,0,0
FCR,100,2026-03-26 09:00:00,NA,NA,NA,NA,NA,0.413,0.042,10.94,7,7,7,7,7,0,0,0
FCR,100,2026-03-26 09:15:00,NA,NA,NA,NA,NA,0.414,0.042,11.16,7,7,7,7,7,0,0,0
FCR,100,2026-03-26 09:30:00,NA,NA,NA,NA,NA,0.415,0.043,11.35,7,7,7,7,7,0,0,0
FCR,100,2026-03-26 09:45:00,NA,NA,NA,NA,NA,0.415,0.043,11.5,7,7,7,7,7,0,0,0
FCR,100,2026-03-26 10:00:00,NA,NA,NA,NA,NA,0.416,0.043,11.67,7,7,7,7,7,0,0,0
FCR,100,2026-03-26 10:15:00,NA,NA,NA,NA,NA,0.416,0.043,11.83,7,7,7,7,7,0,0,0
FCR,100,2026-03-26 10:30:00,NA,NA,NA,NA,NA,0.418,0.044,12.02,7,7,7,7,7,0,0,0
FCR,100,2026-03-26 10:45:00,NA,NA,NA,NA,NA,0.418,0.044,12.15,7,7,7,7,7,0,0,0
FCR,100,2026-03-26 11:00:00,NA,NA,NA,NA,NA,NA,NA,NA,7,7,7,7,7,7,7,7
FCR,100,2026-03-26 11:15:00,NA,NA,NA,NA,NA,0.417,0.043,12.42,7,7,7,7,7,0,0,0
FCR,100,2026-03-26 11:30:00,NA,NA,NA,NA,NA,0.417,0.043,12.44,7,7,7,7,7,0,0,0
FCR,100,2026-03-26 11:45:00,NA,NA,NA,NA,NA,0.418,0.044,12.47,7,7,7,7,7,0,0,0
FCR,100,2026-03-26 12:00:00,NA,NA,NA,NA,NA,0.416,0.043,12.54,7,7,7,7,7,0,0,0
FCR,100,2026-03-26 12:15:00,NA,NA,NA,NA,NA,0.418,0.044,12.61,7,7,7,7,7,0,0,0
FCR,100,2026-03-26 12:30:00,NA,NA,NA,NA,NA,0.418,0.044,12.76,7,7,7,7,7,0,0,0
FCR,100,2026-03-26 13:00:00,NA,NA,NA,NA,NA,NA,NA,NA,7,7,7,7,7,7,7,7
FCR,100,2026-03-26 13:15:00,NA,NA,NA,NA,NA,0.418,0.044,13.64,7,7,7,7,7,0,0,0
FCR,100,2026-03-26 13:30:00,NA,NA,NA,NA,NA,0.419,0.044,13.77,7,7,7,7,7,0,0,0
FCR,100,2026-03-26 13:45:00,NA,NA,NA,NA,NA,0.419,0.044,14.01,7,7,7,7,7,0,0,0
FCR,100,2026-03-26 14:00:00,NA,NA,NA,NA,NA,0.42,0.045,14.04,7,7,7,7,7,0,0,0
FCR,100,2026-03-26 14:15:00,NA,NA,NA,NA,NA,0.421,0.045,14.03,7,7,7,7,7,0,0,0
FCR,100,2026-03-26 15:00:00,NA,NA,NA,NA,NA,NA,NA,NA,7,7,7,7,7,7,7,7
FCR,100,2026-03-26 15:15:00,NA,NA,NA,NA,NA,0.423,0.046,14.75,7,7,7,7,7,0,0,0
FCR,100,2026-03-26 15:30:00,NA,NA,NA,NA,NA,0.421,0.045,14.7,7,7,7,7,7,0,0,0
FCR,100,2026-03-26 15:45:00,NA,NA,NA,NA,NA,0.42,0.045,14.78,7,7,7,7,7,0,0,0
FCR,100,2026-03-26 16:00:00,NA,NA,NA,NA,NA,0.421,0.045,14.82,7,7,7,7,7,0,0,0
FCR,100,2026-03-26 16:15:00,NA,NA,NA,NA,NA,0.421,0.045,14.83,7,7,7,7,7,0,0,0
FCR,100,2026-03-26 16:30:00,NA,NA,NA,NA,NA,0.42,0.045,14.75,7,7,7,7,7,0,0,0
FCR,100,2026-03-26 16:45:00,NA,NA,NA,NA,NA,0.419,0.044,14.68,7,7,7,7,7,0,0,0
FCR,100,2026-03-26 17:00:00,NA,NA,NA,NA,NA,0.42,0.045,14.58,7,7,7,7,7,0,0,0
FCR,100,2026-03-26 17:15:00,NA,NA,NA,NA,NA,0.42,0.045,14.5,7,7,7,7,7,0,0,0
FCR,100,2026-03-26 17:30:00,NA,NA,NA,NA,NA,0.42,0.045,14.4,7,7,7,7,7,0,0,0
FCR,100,2026-03-26 17:45:00,NA,NA,NA,NA,NA,0.421,0.045,14.28,7,7,7,7,7,0,0,0
FCR,100,2026-03-26 18:00:00,NA,NA,NA,NA,NA,0.42,0.045,14.14,7,7,7,7,7,0,0,0
FCR,100,2026-03-26 18:15:00,NA,NA,NA,NA,NA,0.418,0.044,14,7,7,7,7,7,0,0,0
FCR,100,2026-03-26 18:30:00,NA,NA,NA,NA,NA,0.418,0.044,13.87,7,7,7,7,7,0,0,0
FCR,100,2026-03-26 18:45:00,NA,NA,NA,NA,NA,0.418,0.044,13.73,7,7,7,7,7,0,0,0
FCR,100,2026-03-26 19:00:00,NA,NA,NA,NA,NA,0.415,0.043,13.59,7,7,7,7,7,0,0,0
FCR,100,2026-03-26 19:15:00,NA,NA,NA,NA,NA,0.417,0.043,13.45,7,7,7,7,7,0,0,0
FCR,100,2026-03-26 19:30:00,NA,NA,NA,NA,NA,0.416,0.043,13.32,7,7,7,7,7,0,0,0
FCR,100,2026-03-26 19:45:00,NA,NA,NA,NA,NA,0.417,0.043,13.21,7,7,7,7,7,0,0,0
FCR,100,2026-03-26 20:00:00,NA,NA,NA,NA,NA,0.416,0.043,13.1,7,7,7,7,7,0,0,0
FCR,100,2026-03-26 21:00:00,NA,NA,NA,NA,NA,NA,NA,NA,7,7,7,7,7,7,7,7
FCR,100,2026-03-26 21:15:00,NA,NA,NA,NA,NA,0.416,0.043,12.78,7,7,7,7,7,0,0,0
FCR,100,2026-03-26 21:30:00,NA,NA,NA,NA,NA,0.416,0.043,12.72,7,7,7,7,7,0,0,0
FCR,100,2026-03-26 21:45:00,NA,NA,NA,NA,NA,0.416,0.043,12.66,7,7,7,7,7,0,0,0
FCR,100,2026-03-26 22:00:00,NA,NA,NA,NA,NA,0.416,0.043,12.6,7,7,7,7,7,0,0,0
FCR,100,2026-03-26 22:15:00,NA,NA,NA,NA,NA,0.416,0.043,12.56,7,7,7,7,7,0,0,0
FCR,100,2026-03-26 22:30:00,NA,NA,NA,NA,NA,0.415,0.043,12.54,7,7,7,7,7,0,0,0
FCR,100,2026-03-26 22:45:00,NA,NA,NA,NA,NA,0.415,0.043,12.51,7,7,7,7,7,0,0,0
FCR,100,2026-03-26 23:00:00,NA,NA,NA,NA,NA,0.416,0.043,12.46,7,7,7,7,7,0,0,0
FCR,100,2026-03-26 23:15:00,NA,NA,NA,NA,NA,0.415,0.043,12.42,7,7,7,7,7,0,0,0
FCR,100,2026-03-26 23:30:00,NA,NA,NA,NA,NA,0.414,0.042,12.38,7,7,7,7,7,0,0,0
FCR,100,2026-03-26 23:45:00,NA,NA,NA,NA,NA,0.414,0.042,12.34,7,7,7,7,7,0,0,0
FCR,100,2026-03-27 00:00:00,NA,NA,NA,NA,NA,0.414,0.042,12.3,7,7,7,7,7,0,0,0
FCR,100,2026-03-27 00:15:00,NA,NA,NA,NA,NA,0.415,0.043,12.27,7,7,7,7,7,0,0,0
FCR,100,2026-03-27 00:30:00,NA,NA,NA,NA,NA,NA,NA,NA,7,7,7,7,7,7,7,7
FCR,100,2026-03-27 00:45:00,NA,NA,NA,NA,NA,0.414,0.042,12.28,7,7,7,7,7,0,0,0
FCR,100,2026-03-27 01:00:00,NA,NA,NA,NA,NA,0.415,0.043,12.31,7,7,7,7,7,0,0,0
FCR,100,2026-03-27 01:15:00,NA,NA,NA,NA,NA,0.413,0.042,12.32,7,7,7,7,7,0,0,0
FCR,100,2026-03-27 01:30:00,NA,NA,NA,NA,NA,0.414,0.042,12.35,7,7,7,7,7,0,0,0
FCR,100,2026-03-27 01:45:00,NA,NA,NA,NA,NA,0.414,0.042,12.38,7,7,7,7,7,0,0,0
FCR,100,2026-03-27 02:00:00,NA,NA,NA,NA,NA,0.414,0.042,12.41,7,7,7,7,7,0,0,0
FCR,100,2026-03-27 02:15:00,NA,NA,NA,NA,NA,0.414,0.042,12.45,7,7,7,7,7,0,0,0
FCR,100,2026-03-27 02:30:00,NA,NA,NA,NA,NA,0.414,0.042,12.46,7,7,7,7,7,0,0,0
FCR,100,2026-03-27 02:45:00,NA,NA,NA,NA,NA,0.415,0.043,12.45,7,7,7,7,7,0,0,0
FCR,100,2026-03-27 03:00:00,NA,NA,NA,NA,NA,0.415,0.043,12.45,7,7,7,7,7,0,0,0
FCR,100,2026-03-27 03:15:00,NA,NA,NA,NA,NA,0.413,0.042,12.44,7,7,7,7,7,0,0,0
FCR,100,2026-03-27 03:30:00,NA,NA,NA,NA,NA,0.415,0.043,12.42,7,7,7,7,7,0,0,0
FCR,100,2026-03-27 03:45:00,NA,NA,NA,NA,NA,0.415,0.043,12.42,7,7,7,7,7,0,0,0
FCR,100,2026-03-27 04:00:00,NA,NA,NA,NA,NA,0.414,0.042,12.41,7,7,7,7,7,0,0,0
FCR,100,2026-03-27 04:15:00,NA,NA,NA,NA,NA,0.415,0.043,12.38,7,7,7,7,7,0,0,0
FCR,100,2026-03-27 04:30:00,NA,NA,NA,NA,NA,0.414,0.042,12.35,7,7,7,7,7,0,0,0
FCR,100,2026-03-27 04:45:00,NA,NA,NA,NA,NA,0.414,0.042,12.34,7,7,7,7,7,0,0,0
FCR,100,2026-03-27 05:00:00,NA,NA,NA,NA,NA,0.413,0.042,12.33,7,7,7,7,7,0,0,0
FCR,100,2026-03-27 05:15:00,NA,NA,NA,NA,NA,0.412,0.042,12.32,7,7,7,7,7,0,0,0
FCR,100,2026-03-27 05:30:00,NA,NA,NA,NA,NA,0.414,0.042,12.32,7,7,7,7,7,0,0,0
FCR,100,2026-03-27 05:45:00,NA,NA,NA,NA,NA,0.415,0.043,12.33,7,7,7,7,7,0,0,0
FCR,100,2026-03-27 06:00:00,NA,NA,NA,NA,NA,0.413,0.042,12.34,7,7,7,7,7,0,0,0
FCR,100,2026-03-27 06:15:00,NA,NA,NA,NA,NA,NA,NA,NA,7,7,7,7,7,7,7,7
FCR,100,2026-03-27 06:30:00,NA,NA,NA,NA,NA,0.414,0.042,12.42,7,7,7,7,7,0,0,0
FCR,100,2026-03-27 06:45:00,NA,NA,NA,NA,NA,0.413,0.042,12.47,7,7,7,7,7,0,0,0
FCR,100,2026-03-27 07:00:00,NA,NA,NA,NA,NA,0.413,0.042,12.54,7,7,7,7,7,0,0,0
FCR,100,2026-03-27 07:15:00,NA,NA,NA,NA,NA,0.415,0.043,12.61,7,7,7,7,7,0,0,0
FCR,100,2026-03-27 07:30:00,NA,NA,NA,NA,NA,0.415,0.043,12.75,7,7,7,7,7,0,0,0
FCR,100,2026-03-27 07:45:00,NA,NA,NA,NA,NA,0.414,0.042,12.88,7,7,7,7,7,0,0,0
FCR,100,2026-03-27 08:00:00,NA,NA,NA,NA,NA,0.415,0.043,13.01,7,7,7,7,7,0,0,0
FCR,100,2026-03-27 08:15:00,NA,NA,NA,NA,NA,0.415,0.043,13.17,7,7,7,7,7,0,0,0
FCR,100,2026-03-27 08:30:00,NA,NA,NA,NA,NA,0.415,0.043,13.34,7,7,7,7,7,0,0,0
FCR,100,2026-03-27 08:45:00,NA,NA,NA,NA,NA,0.418,0.044,13.53,7,7,7,7,7,0,0,0
FCR,100,2026-03-27 09:00:00,NA,NA,NA,NA,NA,0.417,0.043,13.71,7,7,7,7,7,0,0,0
FCR,100,2026-03-27 09:15:00,NA,NA,NA,NA,NA,0.415,0.043,13.88,7,7,7,7,7,0,0,0
FCR,100,2026-03-27 09:30:00,NA,NA,NA,NA,NA,0.416,0.043,14.01,7,7,7,7,7,0,0,0
FCR,100,2026-03-27 09:45:00,NA,NA,NA,NA,NA,0.418,0.044,14.11,7,7,7,7,7,0,0,0
FCR,100,2026-03-27 10:00:00,NA,NA,NA,NA,NA,0.418,0.044,14.21,7,7,7,7,7,0,0,0
FCR,100,2026-03-27 10:15:00,NA,NA,NA,NA,NA,NA,NA,NA,7,7,7,7,7,7,7,7
FCR,100,2026-03-27 10:30:00,NA,NA,NA,NA,NA,0.418,0.044,14.27,7,7,7,7,7,0,0,0
FCR,100,2026-03-27 10:45:00,NA,NA,NA,NA,NA,0.417,0.043,14.39,7,7,7,7,7,0,0,0
FCR,100,2026-03-27 11:00:00,NA,NA,NA,NA,NA,0.418,0.044,14.33,7,7,7,7,7,0,0,0
FCR,100,2026-03-27 11:15:00,NA,NA,NA,NA,NA,0.418,0.044,14.27,7,7,7,7,7,0,0,0
FCR,100,2026-03-27 11:30:00,NA,NA,NA,NA,NA,0.418,0.044,14.25,7,7,7,7,7,0,0,0
FCR,100,2026-03-27 11:45:00,NA,NA,NA,NA,NA,0.417,0.043,14.24,7,7,7,7,7,0,0,0
FCR,100,2026-03-27 12:00:00,NA,NA,NA,NA,NA,0.417,0.043,14.23,7,7,7,7,7,0,0,0
