[post-receive] Starting sync task...
[post-receive] Processing branch: main-exp
[post-receive] WORKDIR does not exist, initializing...
fatal: repository '/data/fcre-data-exp-remote.git' does not exist
[post-receive] Starting sync task...
[post-receive] Processing branch: main-exp
[post-receive] WORKDIR does not exist, initializing...
Cloning into '/data/main-exp'...
done.
warning: remote HEAD refers to nonexistent ref, unable to checkout.

fatal: not a git repository: '.'
[post-receive] Starting sync task...
[post-receive] Processing branch: main-exp
[post-receive] WORKDIR already exists.
fatal: not a git repository: '.'
fatal: not a git repository: '.'
[post-receive] Starting sync task...
[post-receive] Processing branch: main-exp
[post-receive] WORKDIR does not exist, initializing...
Cloning into '/data/main-exp'...
done.
warning: remote HEAD refers to nonexistent ref, unable to checkout.

fatal: not a git repository: '.'
+ BARE_REPO=/data/fcre-data-exp-remote.git
+ WORKDIR_BASE=/data
+ echo '[post-receive] Starting sync task...'
[post-receive] Starting sync task...
+ read oldrev newrev refname
+ [[ refs/heads/main-exp =~ ^refs/heads/ ]]
+ branch=main-exp
+ echo '[post-receive] Processing branch: main-exp'
[post-receive] Processing branch: main-exp
+ WORKDIR=/data/main-exp
+ '[' '!' -d /data/main-exp/.git ']'
+ echo '[post-receive] WORKDIR already exists.'
[post-receive] WORKDIR already exists.
+ cd /data/main-exp
+ git checkout main-exp
fatal: not a git repository: '.'
+ git checkout -b main-exp origin/main-exp
fatal: not a git repository: '.'
+ BARE_REPO=/data/fcre-data-exp-remote.git
+ WORKDIR_BASE=/data
+ echo '[post-receive] Starting sync task...'
[post-receive] Starting sync task...
+ read oldrev newrev refname
+ [[ refs/heads/main-exp =~ ^refs/heads/ ]]
+ branch=main-exp
+ echo '[post-receive] Processing branch: main-exp'
[post-receive] Processing branch: main-exp
+ WORKDIR=/data/main-exp
+ '[' '!' -d /data/main-exp/.git ']'
+ echo '[post-receive] WORKDIR does not exist, initializing...'
[post-receive] WORKDIR does not exist, initializing...
+ git clone /data/fcre-data-exp-worktree.git /data/main-exp
Cloning into '/data/main-exp'...
done.
warning: remote HEAD refers to nonexistent ref, unable to checkout.

+ cd /data/main-exp
+ git remote add github git@github.com:FLARE-forecast/TEST-data.git
fatal: not a git repository: '.'
+ BARE_REPO=/data/fcre-data-exp-remote.git
+ WORKDIR_BASE=/data
+ echo '[post-receive] Starting sync task...'
[post-receive] Starting sync task...
+ read oldrev newrev refname
+ [[ refs/heads/main-exp =~ ^refs/heads/ ]]
+ branch=main-exp
+ echo '[post-receive] Processing branch: main-exp'
[post-receive] Processing branch: main-exp
+ WORKDIR=/data/main-exp
+ '[' '!' -d /data/main-exp/.git ']'
+ echo '[post-receive] WORKDIR does not exist, initializing...'
[post-receive] WORKDIR does not exist, initializing...
+ git clone /data/fcre-data-exp-worktree.git /data/main-exp
Cloning into '/data/main-exp'...
done.
warning: remote HEAD refers to nonexistent ref, unable to checkout.

+ cd /data/main-exp
+ git checkout origin/main-exp
fatal: not a git repository: '.'
+ BARE_REPO=/data/fcre-data-exp-remote.git
+ WORKDIR_BASE=/data
+ echo '[post-receive] Starting sync task...'
[post-receive] Starting sync task...
+ read oldrev newrev refname
+ [[ refs/heads/main-exp =~ ^refs/heads/ ]]
+ branch=main-exp
+ echo '[post-receive] Processing branch: main-exp'
[post-receive] Processing branch: main-exp
+ WORKDIR=/data/main-exp
+ '[' '!' -d /data/main-exp/.git ']'
+ echo '[post-receive] WORKDIR does not exist, initializing...'
[post-receive] WORKDIR does not exist, initializing...
+ git clone /data/fcre-data-exp-worktree.git /data/main-exp
Cloning into '/data/main-exp'...
done.
+ cd /data/main-exp
+ git checkout origin/main-exp
fatal: not a git repository: '.'
+ WORKDIR_BASE=/data
+ echo '[post-receive] Starting sync task...'
[post-receive] Starting sync task...
+ read oldrev newrev refname
+ [[ refs/heads/main-exp =~ ^refs/heads/ ]]
+ branch=main-exp
+ echo '[post-receive] Processing branch: main-exp'
[post-receive] Processing branch: main-exp
+ WORKDIR=/data/main-exp
+ '[' '!' -d /data/main-exp/.git ']'
+ echo '[post-receive] WORKDIR does not exist, initializing...'
[post-receive] WORKDIR does not exist, initializing...
+ git clone --no-checkout /data/fcre-data-exp-worktree.git /data/main-exp
Cloning into '/data/main-exp'...
done.
+ cd /data/main-exp
+ git fetch origin
fatal: not a git repository: '.'
+ WORKDIR_BASE=/data
+ echo '[post-receive] Starting sync task...'
[post-receive] Starting sync task...
+ read oldrev newrev refname
+ [[ refs/heads/main-exp =~ ^refs/heads/ ]]
+ branch=main-exp
+ echo '[post-receive] Processing branch: main-exp'
[post-receive] Processing branch: main-exp
+ WORKDIR=/data/main-exp
+ '[' '!' -d /data/main-exp/.git ']'
+ echo '[post-receive] WORKDIR does not exist, initializing...'
[post-receive] WORKDIR does not exist, initializing...
+ git clone --no-checkout /data/fcre-data-exp-worktree.git /data/main-exp
Cloning into '/data/main-exp'...
done.
+ cd /data/main-exp
+ unset GIT_DIR
+ unset GIT_WORK_TREE
+ git fetch origin
+ git checkout -B main-exp origin/main-exp
Reset branch 'main-exp'
Branch 'main-exp' set up to track remote branch 'main-exp' from 'origin'.
Your branch is up to date with 'origin/main-exp'.
+ git remote add github git@github.com:FLARE-forecast/TEST-data.git
+ git checkout main-exp
Already on 'main-exp'
Your branch is up to date with 'origin/main-exp'.
+ git fetch origin
+ git reset --hard origin/main-exp
HEAD is now at 4aafdc6 initial commit123
+ git push github main-exp
remote: 
remote: Create a pull request for 'main-exp' on GitHub by visiting:        
remote:      https://github.com/FLARE-forecast/TEST-data/pull/new/main-exp        
remote: 
To github.com:FLARE-forecast/TEST-data.git
 * [new branch]      main-exp -> main-exp
+ echo '[post-receive] Sync complete for main-exp.'
[post-receive] Sync complete for main-exp.
+ read oldrev newrev refname
+ WORKDIR_BASE=/data
+ echo '[post-receive] Starting sync task...'
[post-receive] Starting sync task...
+ read oldrev newrev refname
+ [[ refs/heads/main-exp =~ ^refs/heads/ ]]
+ branch=main-exp
+ echo '[post-receive] Processing branch: main-exp'
[post-receive] Processing branch: main-exp
+ WORKDIR=/data/main-exp
+ '[' '!' -d /data/main-exp/.git ']'
+ echo '[post-receive] WORKDIR already exists.'
[post-receive] WORKDIR already exists.
+ cd /data/main-exp
+ git checkout main-exp
fatal: not a git repository: '.'
+ git checkout -b main-exp origin/main-exp
fatal: not a git repository: '.'
+ WORKDIR_BASE=/data
+ echo '[post-receive] Starting sync task...'
[post-receive] Starting sync task...
+ read oldrev newrev refname
+ [[ refs/heads/main-exp =~ ^refs/heads/ ]]
+ branch=main-exp
+ echo '[post-receive] Processing branch: main-exp'
[post-receive] Processing branch: main-exp
+ WORKDIR=/data/main-exp
+ '[' '!' -d /data/main-exp/.git ']'
+ echo '[post-receive] WORKDIR does not exist, initializing...'
[post-receive] WORKDIR does not exist, initializing...
+ git clone --no-checkout /data/fcre-data-exp-worktree.git /data/main-exp
Cloning into '/data/main-exp'...
done.
+ cd /data/main-exp
+ unset GIT_DIR
+ unset GIT_WORK_TREE
+ git fetch origin
+ git checkout -B main-exp origin/main-exp
Reset branch 'main-exp'
Branch 'main-exp' set up to track remote branch 'main-exp' from 'origin'.
Your branch is up to date with 'origin/main-exp'.
+ git remote add github git@github.com:FLARE-forecast/TEST-data.git
+ git checkout main-exp
Already on 'main-exp'
Your branch is up to date with 'origin/main-exp'.
+ git fetch origin
+ git reset --hard origin/main-exp
HEAD is now at 946d215 final test1
+ git push github main-exp
To github.com:FLARE-forecast/TEST-data.git
   4aafdc6..946d215  main-exp -> main-exp
+ echo '[post-receive] Sync complete for main-exp.'
[post-receive] Sync complete for main-exp.
+ read oldrev newrev refname
+ WORKDIR_BASE=/data
+ echo '[post-receive] Starting sync task...'
[post-receive] Starting sync task...
+ read oldrev newrev refname
+ [[ refs/heads/main-exp =~ ^refs/heads/ ]]
+ branch=main-exp
+ echo '[post-receive] Processing branch: main-exp'
[post-receive] Processing branch: main-exp
+ WORKDIR=/data/main-exp
+ '[' '!' -d /data/main-exp/.git ']'
+ echo '[post-receive] WORKDIR already exists.'
[post-receive] WORKDIR already exists.
+ cd /data/main-exp
+ unset GIT_DIR
+ unset GIT_WORK_TREE
+ git checkout main-exp
Already on 'main-exp'
Your branch is up to date with 'origin/main-exp'.
+ git fetch origin
From /data/fcre-data-exp-worktree
   946d215..3b70e4c  main-exp   -> origin/main-exp
+ git reset --hard origin/main-exp
HEAD is now at 3b70e4c final test12
+ git push github main-exp
To github.com:FLARE-forecast/TEST-data.git
   946d215..3b70e4c  main-exp -> main-exp
+ echo '[post-receive] Sync complete for main-exp.'
[post-receive] Sync complete for main-exp.
+ read oldrev newrev refname
+ WORKDIR_BASE=/data
+ echo '[post-receive] Starting sync task...'
[post-receive] Starting sync task...
+ read oldrev newrev refname
+ [[ refs/heads/main-exp =~ ^refs/heads/ ]]
+ branch=main-exp
+ echo '[post-receive] Processing branch: main-exp'
[post-receive] Processing branch: main-exp
+ WORKDIR=/data/main-exp
+ LOCKFILE=/tmp/git-post-receive-main-exp.lock
+ exec
+ flock -x 9
+ echo '[post-receive] Acquired lock for main-exp'
[post-receive] Acquired lock for main-exp
+ '[' '!' -d /data/main-exp/.git ']'
+ echo '[post-receive] WORKDIR already exists.'
[post-receive] WORKDIR already exists.
+ cd /data/main-exp
+ unset GIT_DIR
+ unset GIT_WORK_TREE
+ git checkout main-exp
Already on 'main-exp'
Your branch is up to date with 'origin/main-exp'.
+ git fetch origin
From /data/fcre-data-exp-worktree
   3b70e4c..1f404a1  main-exp   -> origin/main-exp
+ git reset --hard origin/main-exp
HEAD is now at 1f404a1 test
+ git push github main-exp
To github.com:FLARE-forecast/TEST-data.git
   3b70e4c..1f404a1  main-exp -> main-exp
+ echo '[post-receive] Sync complete for main-exp.'
[post-receive] Sync complete for main-exp.
+ exec
+ read oldrev newrev refname
+ WORKDIR_BASE=/data
+ echo '[post-receive] Starting sync task...'
[post-receive] Starting sync task...
+ read oldrev newrev refname
+ [[ refs/heads/exp-fcre-weir-data =~ ^refs/heads/ ]]
+ branch=exp-fcre-weir-data
+ echo '[post-receive] Processing branch: exp-fcre-weir-data'
[post-receive] Processing branch: exp-fcre-weir-data
+ WORKDIR=/data/exp-fcre-weir-data
+ LOCKFILE=/tmp/git-post-receive-exp-fcre-weir-data.lock
+ exec
+ flock -x 9
+ echo '[post-receive] Acquired lock for exp-fcre-weir-data'
[post-receive] Acquired lock for exp-fcre-weir-data
+ '[' '!' -d /data/exp-fcre-weir-data/.git ']'
+ echo '[post-receive] WORKDIR does not exist, initializing...'
[post-receive] WORKDIR does not exist, initializing...
+ git clone --no-checkout /data/fcre-data-exp-worktree.git /data/exp-fcre-weir-data
Cloning into '/data/exp-fcre-weir-data'...
done.
+ cd /data/exp-fcre-weir-data
+ unset GIT_DIR
+ unset GIT_WORK_TREE
+ git fetch origin
+ git checkout -B exp-fcre-weir-data origin/exp-fcre-weir-data
Switched to a new branch 'exp-fcre-weir-data'
Branch 'exp-fcre-weir-data' set up to track remote branch 'exp-fcre-weir-data' from 'origin'.
+ git remote add github git@github.com:FLARE-forecast/TEST-data.git
+ unset GIT_DIR
+ unset GIT_WORK_TREE
+ git checkout exp-fcre-weir-data
Already on 'exp-fcre-weir-data'
Your branch is up to date with 'origin/exp-fcre-weir-data'.
+ git fetch origin
+ git reset --hard origin/exp-fcre-weir-data
HEAD is now at 4f2077a Wed 2025-07-23 14:57:22 EDT
+ git push github exp-fcre-weir-data
To github.com:FLARE-forecast/TEST-data.git
   b0fdebd..4f2077a  exp-fcre-weir-data -> exp-fcre-weir-data
+ echo '[post-receive] Sync complete for exp-fcre-weir-data.'
[post-receive] Sync complete for exp-fcre-weir-data.
+ exec
+ read oldrev newrev refname
+ WORKDIR_BASE=/data
+ echo '[post-receive] Starting sync task...'
[post-receive] Starting sync task...
+ read oldrev newrev refname
+ [[ refs/heads/exp-fcre-weir-data =~ ^refs/heads/ ]]
+ branch=exp-fcre-weir-data
+ echo '[post-receive] Processing branch: exp-fcre-weir-data'
[post-receive] Processing branch: exp-fcre-weir-data
+ WORKDIR=/data/exp-fcre-weir-data
+ LOCKFILE=/tmp/git-post-receive-exp-fcre-weir-data.lock
+ exec
+ flock -x 9
+ echo '[post-receive] Acquired lock for exp-fcre-weir-data'
[post-receive] Acquired lock for exp-fcre-weir-data
+ '[' '!' -d /data/exp-fcre-weir-data/.git ']'
+ echo '[post-receive] WORKDIR already exists.'
[post-receive] WORKDIR already exists.
+ cd /data/exp-fcre-weir-data
+ unset GIT_DIR
+ unset GIT_WORK_TREE
+ git checkout exp-fcre-weir-data
Already on 'exp-fcre-weir-data'
Your branch is up to date with 'origin/exp-fcre-weir-data'.
+ git fetch origin
From /data/fcre-data-exp-worktree
   4f2077a..59d3346  exp-fcre-weir-data -> origin/exp-fcre-weir-data
+ git reset --hard origin/exp-fcre-weir-data
HEAD is now at 59d3346 Mon 2025-07-28 12:28:08 EDT
+ git push github exp-fcre-weir-data
To github.com:FLARE-forecast/TEST-data.git
   4f2077a..59d3346  exp-fcre-weir-data -> exp-fcre-weir-data
+ echo '[post-receive] Sync complete for exp-fcre-weir-data.'
[post-receive] Sync complete for exp-fcre-weir-data.
+ exec
+ read oldrev newrev refname
+ WORKDIR_BASE=/data
+ echo '[post-receive] Starting sync task...'
[post-receive] Starting sync task...
+ read oldrev newrev refname
+ [[ refs/heads/exp-fcre-weir-data =~ ^refs/heads/ ]]
+ branch=exp-fcre-weir-data
+ echo '[post-receive] Processing branch: exp-fcre-weir-data'
[post-receive] Processing branch: exp-fcre-weir-data
+ WORKDIR=/data/exp-fcre-weir-data
+ LOCKFILE=/tmp/git-post-receive-exp-fcre-weir-data.lock
+ exec
+ flock -x 9
+ echo '[post-receive] Acquired lock for exp-fcre-weir-data'
[post-receive] Acquired lock for exp-fcre-weir-data
+ '[' '!' -d /data/exp-fcre-weir-data/.git ']'
+ echo '[post-receive] WORKDIR already exists.'
[post-receive] WORKDIR already exists.
+ cd /data/exp-fcre-weir-data
+ unset GIT_DIR
+ unset GIT_WORK_TREE
+ git checkout exp-fcre-weir-data
Already on 'exp-fcre-weir-data'
Your branch is up to date with 'origin/exp-fcre-weir-data'.
+ git fetch origin
From /data/fcre-data-exp-worktree
   59d3346..7519c7e  exp-fcre-weir-data -> origin/exp-fcre-weir-data
+ git reset --hard origin/exp-fcre-weir-data
HEAD is now at 7519c7e Mon 2025-07-28 15:35:46 EDT
+ git push github exp-fcre-weir-data
To github.com:FLARE-forecast/TEST-data.git
   59d3346..7519c7e  exp-fcre-weir-data -> exp-fcre-weir-data
+ echo '[post-receive] Sync complete for exp-fcre-weir-data.'
[post-receive] Sync complete for exp-fcre-weir-data.
+ exec
+ read oldrev newrev refname
+ WORKDIR_BASE=/data
+ echo '[post-receive] Starting sync task...'
[post-receive] Starting sync task...
+ read oldrev newrev refname
+ [[ refs/heads/exp-fcre-weir-data =~ ^refs/heads/ ]]
+ branch=exp-fcre-weir-data
+ echo '[post-receive] Processing branch: exp-fcre-weir-data'
[post-receive] Processing branch: exp-fcre-weir-data
+ WORKDIR=/data/exp-fcre-weir-data
+ LOCKFILE=/tmp/git-post-receive-exp-fcre-weir-data.lock
+ exec
+ flock -x 9
+ echo '[post-receive] Acquired lock for exp-fcre-weir-data'
[post-receive] Acquired lock for exp-fcre-weir-data
+ '[' '!' -d /data/exp-fcre-weir-data/.git ']'
+ echo '[post-receive] WORKDIR already exists.'
[post-receive] WORKDIR already exists.
+ cd /data/exp-fcre-weir-data
+ unset GIT_DIR
+ unset GIT_WORK_TREE
+ git checkout exp-fcre-weir-data
Already on 'exp-fcre-weir-data'
Your branch is up to date with 'origin/exp-fcre-weir-data'.
+ git fetch origin
From /data/fcre-data-exp-worktree
   7519c7e..6271aa0  exp-fcre-weir-data -> origin/exp-fcre-weir-data
+ git reset --hard origin/exp-fcre-weir-data
HEAD is now at 6271aa0 Mon 2025-07-28 21:09:31 EDT
+ git push github exp-fcre-weir-data
To github.com:FLARE-forecast/TEST-data.git
   7519c7e..6271aa0  exp-fcre-weir-data -> exp-fcre-weir-data
+ echo '[post-receive] Sync complete for exp-fcre-weir-data.'
[post-receive] Sync complete for exp-fcre-weir-data.
+ exec
+ read oldrev newrev refname
+ WORKDIR_BASE=/data
+ echo '[post-receive] Starting sync task...'
[post-receive] Starting sync task...
+ read oldrev newrev refname
+ [[ refs/heads/exp-mia-logs =~ ^refs/heads/ ]]
+ branch=exp-mia-logs
+ echo '[post-receive] Processing branch: exp-mia-logs'
[post-receive] Processing branch: exp-mia-logs
+ WORKDIR=/data/exp-mia-logs
+ LOCKFILE=/tmp/git-post-receive-exp-mia-logs.lock
+ exec
+ flock -x 9
+ echo '[post-receive] Acquired lock for exp-mia-logs'
[post-receive] Acquired lock for exp-mia-logs
+ '[' '!' -d /data/exp-mia-logs/.git ']'
+ echo '[post-receive] WORKDIR does not exist, initializing...'
[post-receive] WORKDIR does not exist, initializing...
+ git clone --no-checkout /data/fcre-data-exp-worktree.git /data/exp-mia-logs
Cloning into '/data/exp-mia-logs'...
done.
+ cd /data/exp-mia-logs
+ unset GIT_DIR
+ unset GIT_WORK_TREE
+ git fetch origin
+ git checkout -B exp-mia-logs origin/exp-mia-logs
Switched to a new branch 'exp-mia-logs'
Branch 'exp-mia-logs' set up to track remote branch 'exp-mia-logs' from 'origin'.
+ git remote add github git@github.com:FLARE-forecast/TEST-data.git
+ unset GIT_DIR
+ unset GIT_WORK_TREE
+ git checkout exp-mia-logs
Already on 'exp-mia-logs'
Your branch is up to date with 'origin/exp-mia-logs'.
+ git fetch origin
+ git reset --hard origin/exp-mia-logs
HEAD is now at ab5efa2 Wed 2025-07-23 14:10:22 EDT
+ git push github exp-mia-logs
ssh: Could not resolve hostname github.com: Temporary failure in name resolution
fatal: Could not read from remote repository.

Please make sure you have the correct access rights
and the repository exists.
+ WORKDIR_BASE=/data
+ echo '[post-receive] Starting sync task...'
[post-receive] Starting sync task...
+ read oldrev newrev refname
+ [[ refs/heads/exp-mia-logs =~ ^refs/heads/ ]]
+ branch=exp-mia-logs
+ echo '[post-receive] Processing branch: exp-mia-logs'
[post-receive] Processing branch: exp-mia-logs
+ WORKDIR=/data/exp-mia-logs
+ LOCKFILE=/tmp/git-post-receive-exp-mia-logs.lock
+ exec
+ flock -x 9
+ echo '[post-receive] Acquired lock for exp-mia-logs'
[post-receive] Acquired lock for exp-mia-logs
+ '[' '!' -d /data/exp-mia-logs/.git ']'
+ echo '[post-receive] WORKDIR already exists.'
[post-receive] WORKDIR already exists.
+ cd /data/exp-mia-logs
+ unset GIT_DIR
+ unset GIT_WORK_TREE
+ git checkout exp-mia-logs
Already on 'exp-mia-logs'
Your branch is up to date with 'origin/exp-mia-logs'.
+ git fetch origin
From /data/fcre-data-exp-worktree
   ab5efa2..580a29c  exp-mia-logs -> origin/exp-mia-logs
+ git reset --hard origin/exp-mia-logs
HEAD is now at 580a29c Wed 2025-07-23 14:10:44 EDT
+ git push github exp-mia-logs
To github.com:FLARE-forecast/TEST-data.git
   2be5a4c..580a29c  exp-mia-logs -> exp-mia-logs
+ echo '[post-receive] Sync complete for exp-mia-logs.'
[post-receive] Sync complete for exp-mia-logs.
+ exec
+ read oldrev newrev refname
+ WORKDIR_BASE=/data
+ echo '[post-receive] Starting sync task...'
[post-receive] Starting sync task...
+ read oldrev newrev refname
+ [[ refs/heads/exp-mia-logs =~ ^refs/heads/ ]]
+ branch=exp-mia-logs
+ echo '[post-receive] Processing branch: exp-mia-logs'
[post-receive] Processing branch: exp-mia-logs
+ WORKDIR=/data/exp-mia-logs
+ LOCKFILE=/tmp/git-post-receive-exp-mia-logs.lock
+ exec
+ flock -x 9
+ echo '[post-receive] Acquired lock for exp-mia-logs'
[post-receive] Acquired lock for exp-mia-logs
+ '[' '!' -d /data/exp-mia-logs/.git ']'
+ echo '[post-receive] WORKDIR already exists.'
[post-receive] WORKDIR already exists.
+ cd /data/exp-mia-logs
+ unset GIT_DIR
+ unset GIT_WORK_TREE
+ git checkout exp-mia-logs
Already on 'exp-mia-logs'
Your branch is up to date with 'origin/exp-mia-logs'.
+ git fetch origin
From /data/fcre-data-exp-worktree
   580a29c..08ca16b  exp-mia-logs -> origin/exp-mia-logs
+ git reset --hard origin/exp-mia-logs
HEAD is now at 08ca16b Mon 2025-07-28 12:47:33 EDT
+ git push github exp-mia-logs
To github.com:FLARE-forecast/TEST-data.git
   580a29c..08ca16b  exp-mia-logs -> exp-mia-logs
+ echo '[post-receive] Sync complete for exp-mia-logs.'
[post-receive] Sync complete for exp-mia-logs.
+ exec
+ read oldrev newrev refname
+ WORKDIR_BASE=/data
+ echo '[post-receive] Starting sync task...'
[post-receive] Starting sync task...
+ read oldrev newrev refname
+ [[ refs/heads/exp-fcre-weir-data =~ ^refs/heads/ ]]
+ branch=exp-fcre-weir-data
+ echo '[post-receive] Processing branch: exp-fcre-weir-data'
[post-receive] Processing branch: exp-fcre-weir-data
+ WORKDIR=/data/exp-fcre-weir-data
+ LOCKFILE=/tmp/git-post-receive-exp-fcre-weir-data.lock
+ exec
+ flock -x 9
+ echo '[post-receive] Acquired lock for exp-fcre-weir-data'
[post-receive] Acquired lock for exp-fcre-weir-data
+ '[' '!' -d /data/exp-fcre-weir-data/.git ']'
+ echo '[post-receive] WORKDIR already exists.'
[post-receive] WORKDIR already exists.
+ cd /data/exp-fcre-weir-data
+ unset GIT_DIR
+ unset GIT_WORK_TREE
+ git checkout exp-fcre-weir-data
Already on 'exp-fcre-weir-data'
Your branch is up to date with 'origin/exp-fcre-weir-data'.
+ git fetch origin
From /data/fcre-data-exp-worktree
   6271aa0..91e7bf9  exp-fcre-weir-data -> origin/exp-fcre-weir-data
   2be5a4c..08ca16b  exp-mia-logs       -> origin/exp-mia-logs
+ git reset --hard origin/exp-fcre-weir-data
HEAD is now at 91e7bf9 Tue 2025-07-29 01:19:22 EDT
+ git push github exp-fcre-weir-data
To github.com:FLARE-forecast/TEST-data.git
   6271aa0..91e7bf9  exp-fcre-weir-data -> exp-fcre-weir-data
+ echo '[post-receive] Sync complete for exp-fcre-weir-data.'
[post-receive] Sync complete for exp-fcre-weir-data.
+ exec
+ read oldrev newrev refname
+ WORKDIR_BASE=/data
+ echo '[post-receive] Starting sync task...'
[post-receive] Starting sync task...
+ read oldrev newrev refname
+ [[ refs/heads/exp-fcre-weir-data =~ ^refs/heads/ ]]
+ branch=exp-fcre-weir-data
+ echo '[post-receive] Processing branch: exp-fcre-weir-data'
[post-receive] Processing branch: exp-fcre-weir-data
+ WORKDIR=/data/exp-fcre-weir-data
+ LOCKFILE=/tmp/git-post-receive-exp-fcre-weir-data.lock
+ exec
+ flock -x 9
+ echo '[post-receive] Acquired lock for exp-fcre-weir-data'
[post-receive] Acquired lock for exp-fcre-weir-data
+ '[' '!' -d /data/exp-fcre-weir-data/.git ']'
+ echo '[post-receive] WORKDIR already exists.'
[post-receive] WORKDIR already exists.
+ cd /data/exp-fcre-weir-data
+ unset GIT_DIR
+ unset GIT_WORK_TREE
+ git checkout exp-fcre-weir-data
Already on 'exp-fcre-weir-data'
Your branch is up to date with 'origin/exp-fcre-weir-data'.
+ git fetch origin
From /data/fcre-data-exp-worktree
   91e7bf9..522c2e9  exp-fcre-weir-data -> origin/exp-fcre-weir-data
+ git reset --hard origin/exp-fcre-weir-data
HEAD is now at 522c2e9 Tue 2025-07-29 07:22:25 EDT
+ git push github exp-fcre-weir-data
To github.com:FLARE-forecast/TEST-data.git
   91e7bf9..522c2e9  exp-fcre-weir-data -> exp-fcre-weir-data
+ echo '[post-receive] Sync complete for exp-fcre-weir-data.'
[post-receive] Sync complete for exp-fcre-weir-data.
+ exec
+ read oldrev newrev refname
+ WORKDIR_BASE=/data
+ echo '[post-receive] Starting sync task...'
[post-receive] Starting sync task...
+ read oldrev newrev refname
+ [[ refs/heads/exp-mia-logs =~ ^refs/heads/ ]]
+ branch=exp-mia-logs
+ echo '[post-receive] Processing branch: exp-mia-logs'
[post-receive] Processing branch: exp-mia-logs
+ WORKDIR=/data/exp-mia-logs
+ LOCKFILE=/tmp/git-post-receive-exp-mia-logs.lock
+ exec
+ flock -x 9
+ echo '[post-receive] Acquired lock for exp-mia-logs'
[post-receive] Acquired lock for exp-mia-logs
+ '[' '!' -d /data/exp-mia-logs/.git ']'
+ echo '[post-receive] WORKDIR already exists.'
[post-receive] WORKDIR already exists.
+ cd /data/exp-mia-logs
+ unset GIT_DIR
+ unset GIT_WORK_TREE
+ git checkout exp-mia-logs
Already on 'exp-mia-logs'
Your branch is up to date with 'origin/exp-mia-logs'.
+ git fetch origin
From /data/fcre-data-exp-worktree
   08ca16b..0727398  exp-mia-logs       -> origin/exp-mia-logs
   6271aa0..522c2e9  exp-fcre-weir-data -> origin/exp-fcre-weir-data
+ git reset --hard origin/exp-mia-logs
HEAD is now at 0727398 Mon 2025-07-28 21:21:33 EDT
+ git push github exp-mia-logs
To github.com:FLARE-forecast/TEST-data.git
   08ca16b..0727398  exp-mia-logs -> exp-mia-logs
+ echo '[post-receive] Sync complete for exp-mia-logs.'
[post-receive] Sync complete for exp-mia-logs.
+ exec
+ read oldrev newrev refname
+ WORKDIR_BASE=/data
+ echo '[post-receive] Starting sync task...'
[post-receive] Starting sync task...
+ read oldrev newrev refname
+ [[ refs/heads/exp-mia-logs =~ ^refs/heads/ ]]
+ branch=exp-mia-logs
+ echo '[post-receive] Processing branch: exp-mia-logs'
[post-receive] Processing branch: exp-mia-logs
+ WORKDIR=/data/exp-mia-logs
+ LOCKFILE=/tmp/git-post-receive-exp-mia-logs.lock
+ exec
+ flock -x 9
+ echo '[post-receive] Acquired lock for exp-mia-logs'
[post-receive] Acquired lock for exp-mia-logs
+ '[' '!' -d /data/exp-mia-logs/.git ']'
+ echo '[post-receive] WORKDIR already exists.'
[post-receive] WORKDIR already exists.
+ cd /data/exp-mia-logs
+ unset GIT_DIR
+ unset GIT_WORK_TREE
+ git checkout exp-mia-logs
Already on 'exp-mia-logs'
Your branch is up to date with 'origin/exp-mia-logs'.
+ git fetch origin
From /data/fcre-data-exp-worktree
   0727398..9bde9ed  exp-mia-logs -> origin/exp-mia-logs
+ git reset --hard origin/exp-mia-logs
HEAD is now at 9bde9ed Tue 2025-07-29 01:19:52 EDT
+ git push github exp-mia-logs
To github.com:FLARE-forecast/TEST-data.git
   0727398..9bde9ed  exp-mia-logs -> exp-mia-logs
+ echo '[post-receive] Sync complete for exp-mia-logs.'
[post-receive] Sync complete for exp-mia-logs.
+ exec
+ read oldrev newrev refname
+ WORKDIR_BASE=/data
+ echo '[post-receive] Starting sync task...'
[post-receive] Starting sync task...
+ read oldrev newrev refname
+ [[ refs/heads/exp-mia-logs =~ ^refs/heads/ ]]
+ branch=exp-mia-logs
+ echo '[post-receive] Processing branch: exp-mia-logs'
[post-receive] Processing branch: exp-mia-logs
+ WORKDIR=/data/exp-mia-logs
+ LOCKFILE=/tmp/git-post-receive-exp-mia-logs.lock
+ exec
+ flock -x 9
+ echo '[post-receive] Acquired lock for exp-mia-logs'
[post-receive] Acquired lock for exp-mia-logs
+ '[' '!' -d /data/exp-mia-logs/.git ']'
+ echo '[post-receive] WORKDIR already exists.'
[post-receive] WORKDIR already exists.
+ cd /data/exp-mia-logs
+ unset GIT_DIR
+ unset GIT_WORK_TREE
+ git checkout exp-mia-logs
Already on 'exp-mia-logs'
Your branch is up to date with 'origin/exp-mia-logs'.
+ git fetch origin
From /data/fcre-data-exp-worktree
   9bde9ed..2a195aa  exp-mia-logs -> origin/exp-mia-logs
+ git reset --hard origin/exp-mia-logs
HEAD is now at 2a195aa Tue 2025-07-29 01:21:09 EDT
+ git push github exp-mia-logs
To github.com:FLARE-forecast/TEST-data.git
   9bde9ed..2a195aa  exp-mia-logs -> exp-mia-logs
+ echo '[post-receive] Sync complete for exp-mia-logs.'
[post-receive] Sync complete for exp-mia-logs.
+ exec
+ read oldrev newrev refname
+ WORKDIR_BASE=/data
+ echo '[post-receive] Starting sync task...'
[post-receive] Starting sync task...
+ read oldrev newrev refname
+ [[ refs/heads/exp-mia-logs =~ ^refs/heads/ ]]
+ branch=exp-mia-logs
+ echo '[post-receive] Processing branch: exp-mia-logs'
[post-receive] Processing branch: exp-mia-logs
+ WORKDIR=/data/exp-mia-logs
+ LOCKFILE=/tmp/git-post-receive-exp-mia-logs.lock
+ exec
+ flock -x 9
+ echo '[post-receive] Acquired lock for exp-mia-logs'
[post-receive] Acquired lock for exp-mia-logs
+ '[' '!' -d /data/exp-mia-logs/.git ']'
+ echo '[post-receive] WORKDIR already exists.'
[post-receive] WORKDIR already exists.
+ cd /data/exp-mia-logs
+ unset GIT_DIR
+ unset GIT_WORK_TREE
+ git checkout exp-mia-logs
Already on 'exp-mia-logs'
Your branch is up to date with 'origin/exp-mia-logs'.
+ git fetch origin
From /data/fcre-data-exp-worktree
   2a195aa..b2b5448  exp-mia-logs -> origin/exp-mia-logs
+ git reset --hard origin/exp-mia-logs
HEAD is now at b2b5448 Tue 2025-07-29 07:40:10 EDT
+ git push github exp-mia-logs
To github.com:FLARE-forecast/TEST-data.git
   2a195aa..b2b5448  exp-mia-logs -> exp-mia-logs
+ echo '[post-receive] Sync complete for exp-mia-logs.'
[post-receive] Sync complete for exp-mia-logs.
+ exec
+ read oldrev newrev refname
+ WORKDIR_BASE=/data
+ echo '[post-receive] Starting sync task...'
[post-receive] Starting sync task...
+ read oldrev newrev refname
+ [[ refs/heads/exp-fcre-weir-data =~ ^refs/heads/ ]]
+ branch=exp-fcre-weir-data
+ echo '[post-receive] Processing branch: exp-fcre-weir-data'
[post-receive] Processing branch: exp-fcre-weir-data
+ WORKDIR=/data/exp-fcre-weir-data
+ LOCKFILE=/tmp/git-post-receive-exp-fcre-weir-data.lock
+ exec
+ flock -x 9
+ echo '[post-receive] Acquired lock for exp-fcre-weir-data'
[post-receive] Acquired lock for exp-fcre-weir-data
+ '[' '!' -d /data/exp-fcre-weir-data/.git ']'
+ echo '[post-receive] WORKDIR already exists.'
[post-receive] WORKDIR already exists.
+ cd /data/exp-fcre-weir-data
+ unset GIT_DIR
+ unset GIT_WORK_TREE
+ git checkout exp-fcre-weir-data
Already on 'exp-fcre-weir-data'
Your branch is up to date with 'origin/exp-fcre-weir-data'.
+ git fetch origin
From /data/fcre-data-exp-worktree
   522c2e9..2f1c26b  exp-fcre-weir-data -> origin/exp-fcre-weir-data
   08ca16b..b2b5448  exp-mia-logs       -> origin/exp-mia-logs
+ git reset --hard origin/exp-fcre-weir-data
HEAD is now at 2f1c26b Tue 2025-07-29 10:29:44 EDT
+ git push github exp-fcre-weir-data
To github.com:FLARE-forecast/TEST-data.git
   522c2e9..2f1c26b  exp-fcre-weir-data -> exp-fcre-weir-data
+ echo '[post-receive] Sync complete for exp-fcre-weir-data.'
[post-receive] Sync complete for exp-fcre-weir-data.
+ exec
+ read oldrev newrev refname
+ WORKDIR_BASE=/data
+ echo '[post-receive] Starting sync task...'
[post-receive] Starting sync task...
+ read oldrev newrev refname
+ [[ refs/heads/exp-mia-logs =~ ^refs/heads/ ]]
+ branch=exp-mia-logs
+ echo '[post-receive] Processing branch: exp-mia-logs'
[post-receive] Processing branch: exp-mia-logs
+ WORKDIR=/data/exp-mia-logs
+ LOCKFILE=/tmp/git-post-receive-exp-mia-logs.lock
+ exec
+ flock -x 9
+ echo '[post-receive] Acquired lock for exp-mia-logs'
[post-receive] Acquired lock for exp-mia-logs
+ '[' '!' -d /data/exp-mia-logs/.git ']'
+ echo '[post-receive] WORKDIR already exists.'
[post-receive] WORKDIR already exists.
+ cd /data/exp-mia-logs
+ unset GIT_DIR
+ unset GIT_WORK_TREE
+ git checkout exp-mia-logs
Already on 'exp-mia-logs'
Your branch is up to date with 'origin/exp-mia-logs'.
+ git fetch origin
From /data/fcre-data-exp-worktree
   b2b5448..b623a96  exp-mia-logs       -> origin/exp-mia-logs
   522c2e9..2f1c26b  exp-fcre-weir-data -> origin/exp-fcre-weir-data
+ git reset --hard origin/exp-mia-logs
HEAD is now at b623a96 Tue 2025-07-29 10:50:50 EDT
+ git push github exp-mia-logs
To github.com:FLARE-forecast/TEST-data.git
   b2b5448..b623a96  exp-mia-logs -> exp-mia-logs
+ echo '[post-receive] Sync complete for exp-mia-logs.'
[post-receive] Sync complete for exp-mia-logs.
+ exec
+ read oldrev newrev refname
+ WORKDIR_BASE=/data
+ echo '[post-receive] Starting sync task...'
[post-receive] Starting sync task...
+ read oldrev newrev refname
+ [[ refs/heads/exp-mia-logs =~ ^refs/heads/ ]]
+ branch=exp-mia-logs
+ echo '[post-receive] Processing branch: exp-mia-logs'
[post-receive] Processing branch: exp-mia-logs
+ WORKDIR=/data/exp-mia-logs
+ LOCKFILE=/tmp/git-post-receive-exp-mia-logs.lock
+ exec
+ flock -x 9
+ echo '[post-receive] Acquired lock for exp-mia-logs'
[post-receive] Acquired lock for exp-mia-logs
+ '[' '!' -d /data/exp-mia-logs/.git ']'
+ echo '[post-receive] WORKDIR already exists.'
[post-receive] WORKDIR already exists.
+ cd /data/exp-mia-logs
+ unset GIT_DIR
+ unset GIT_WORK_TREE
+ git checkout exp-mia-logs
Already on 'exp-mia-logs'
Your branch is up to date with 'origin/exp-mia-logs'.
+ git fetch origin
From /data/fcre-data-exp-worktree
   b623a96..6e52fd4  exp-mia-logs -> origin/exp-mia-logs
+ git reset --hard origin/exp-mia-logs
HEAD is now at 6e52fd4 Tue 2025-07-29 12:38:39 EDT
+ git push github exp-mia-logs
To github.com:FLARE-forecast/TEST-data.git
   b623a96..6e52fd4  exp-mia-logs -> exp-mia-logs
+ echo '[post-receive] Sync complete for exp-mia-logs.'
[post-receive] Sync complete for exp-mia-logs.
+ exec
+ read oldrev newrev refname
+ WORKDIR_BASE=/data
+ echo '[post-receive] Starting sync task...'
[post-receive] Starting sync task...
+ read oldrev newrev refname
+ [[ refs/heads/exp-mia-logs =~ ^refs/heads/ ]]
+ branch=exp-mia-logs
+ echo '[post-receive] Processing branch: exp-mia-logs'
[post-receive] Processing branch: exp-mia-logs
+ WORKDIR=/data/exp-mia-logs
+ LOCKFILE=/tmp/git-post-receive-exp-mia-logs.lock
+ exec
+ flock -x 9
+ echo '[post-receive] Acquired lock for exp-mia-logs'
[post-receive] Acquired lock for exp-mia-logs
+ '[' '!' -d /data/exp-mia-logs/.git ']'
+ echo '[post-receive] WORKDIR already exists.'
[post-receive] WORKDIR already exists.
+ cd /data/exp-mia-logs
+ unset GIT_DIR
+ unset GIT_WORK_TREE
+ git checkout exp-mia-logs
Already on 'exp-mia-logs'
Your branch is up to date with 'origin/exp-mia-logs'.
+ git fetch origin
From /data/fcre-data-exp-worktree
   6e52fd4..eb1684b  exp-mia-logs -> origin/exp-mia-logs
+ git reset --hard origin/exp-mia-logs
HEAD is now at eb1684b Tue 2025-07-29 21:40:30 EDT
+ git push github exp-mia-logs
To github.com:FLARE-forecast/TEST-data.git
   6e52fd4..eb1684b  exp-mia-logs -> exp-mia-logs
+ echo '[post-receive] Sync complete for exp-mia-logs.'
[post-receive] Sync complete for exp-mia-logs.
+ exec
+ read oldrev newrev refname
+ WORKDIR_BASE=/data
+ echo '[post-receive] Starting sync task...'
[post-receive] Starting sync task...
+ read oldrev newrev refname
+ [[ refs/heads/exp-mia-logs =~ ^refs/heads/ ]]
+ branch=exp-mia-logs
+ echo '[post-receive] Processing branch: exp-mia-logs'
[post-receive] Processing branch: exp-mia-logs
+ WORKDIR=/data/exp-mia-logs
+ LOCKFILE=/tmp/git-post-receive-exp-mia-logs.lock
+ exec
+ flock -x 9
+ echo '[post-receive] Acquired lock for exp-mia-logs'
[post-receive] Acquired lock for exp-mia-logs
+ '[' '!' -d /data/exp-mia-logs/.git ']'
+ echo '[post-receive] WORKDIR already exists.'
[post-receive] WORKDIR already exists.
+ cd /data/exp-mia-logs
+ unset GIT_DIR
+ unset GIT_WORK_TREE
+ git checkout exp-mia-logs
Already on 'exp-mia-logs'
Your branch is up to date with 'origin/exp-mia-logs'.
+ git fetch origin
From /data/fcre-data-exp-worktree
   eb1684b..4a39604  exp-mia-logs -> origin/exp-mia-logs
+ git reset --hard origin/exp-mia-logs
HEAD is now at 4a39604 Wed 2025-07-30 01:19:52 EDT
+ git push github exp-mia-logs
To github.com:FLARE-forecast/TEST-data.git
   eb1684b..4a39604  exp-mia-logs -> exp-mia-logs
+ echo '[post-receive] Sync complete for exp-mia-logs.'
[post-receive] Sync complete for exp-mia-logs.
+ exec
+ read oldrev newrev refname
+ WORKDIR_BASE=/data
+ echo '[post-receive] Starting sync task...'
[post-receive] Starting sync task...
+ read oldrev newrev refname
+ [[ refs/heads/exp-mia-logs =~ ^refs/heads/ ]]
+ branch=exp-mia-logs
+ echo '[post-receive] Processing branch: exp-mia-logs'
[post-receive] Processing branch: exp-mia-logs
+ WORKDIR=/data/exp-mia-logs
+ LOCKFILE=/tmp/git-post-receive-exp-mia-logs.lock
+ exec
+ flock -x 9
+ echo '[post-receive] Acquired lock for exp-mia-logs'
[post-receive] Acquired lock for exp-mia-logs
+ '[' '!' -d /data/exp-mia-logs/.git ']'
+ echo '[post-receive] WORKDIR already exists.'
[post-receive] WORKDIR already exists.
+ cd /data/exp-mia-logs
+ unset GIT_DIR
+ unset GIT_WORK_TREE
+ git checkout exp-mia-logs
Already on 'exp-mia-logs'
Your branch is up to date with 'origin/exp-mia-logs'.
+ git fetch origin
From /data/fcre-data-exp-worktree
   4a39604..4cac709  exp-mia-logs -> origin/exp-mia-logs
+ git reset --hard origin/exp-mia-logs
HEAD is now at 4cac709 Wed 2025-07-30 01:21:09 EDT
+ git push github exp-mia-logs
To github.com:FLARE-forecast/TEST-data.git
   4a39604..4cac709  exp-mia-logs -> exp-mia-logs
+ echo '[post-receive] Sync complete for exp-mia-logs.'
[post-receive] Sync complete for exp-mia-logs.
+ exec
+ read oldrev newrev refname
+ WORKDIR_BASE=/data
+ echo '[post-receive] Starting sync task...'
[post-receive] Starting sync task...
+ read oldrev newrev refname
+ [[ refs/heads/exp-mia-logs =~ ^refs/heads/ ]]
+ branch=exp-mia-logs
+ echo '[post-receive] Processing branch: exp-mia-logs'
[post-receive] Processing branch: exp-mia-logs
+ WORKDIR=/data/exp-mia-logs
+ LOCKFILE=/tmp/git-post-receive-exp-mia-logs.lock
+ exec
+ flock -x 9
+ echo '[post-receive] Acquired lock for exp-mia-logs'
[post-receive] Acquired lock for exp-mia-logs
+ '[' '!' -d /data/exp-mia-logs/.git ']'
+ echo '[post-receive] WORKDIR already exists.'
[post-receive] WORKDIR already exists.
+ cd /data/exp-mia-logs
+ unset GIT_DIR
+ unset GIT_WORK_TREE
+ git checkout exp-mia-logs
Already on 'exp-mia-logs'
Your branch is up to date with 'origin/exp-mia-logs'.
+ git fetch origin
From /data/fcre-data-exp-worktree
   4cac709..e8ca50a  exp-mia-logs -> origin/exp-mia-logs
+ git reset --hard origin/exp-mia-logs
HEAD is now at e8ca50a Wed 2025-07-30 07:35:49 EDT
+ git push github exp-mia-logs
To github.com:FLARE-forecast/TEST-data.git
   4cac709..e8ca50a  exp-mia-logs -> exp-mia-logs
+ echo '[post-receive] Sync complete for exp-mia-logs.'
[post-receive] Sync complete for exp-mia-logs.
+ exec
+ read oldrev newrev refname
+ WORKDIR_BASE=/data
+ echo '[post-receive] Starting sync task...'
[post-receive] Starting sync task...
+ read oldrev newrev refname
+ [[ refs/heads/exp-fcre-weir-data =~ ^refs/heads/ ]]
+ branch=exp-fcre-weir-data
+ echo '[post-receive] Processing branch: exp-fcre-weir-data'
[post-receive] Processing branch: exp-fcre-weir-data
+ WORKDIR=/data/exp-fcre-weir-data
+ LOCKFILE=/tmp/git-post-receive-exp-fcre-weir-data.lock
+ exec
+ flock -x 9
+ echo '[post-receive] Acquired lock for exp-fcre-weir-data'
[post-receive] Acquired lock for exp-fcre-weir-data
+ '[' '!' -d /data/exp-fcre-weir-data/.git ']'
+ echo '[post-receive] WORKDIR already exists.'
[post-receive] WORKDIR already exists.
+ cd /data/exp-fcre-weir-data
+ unset GIT_DIR
+ unset GIT_WORK_TREE
+ git checkout exp-fcre-weir-data
Already on 'exp-fcre-weir-data'
Your branch is up to date with 'origin/exp-fcre-weir-data'.
+ git fetch origin
From /data/fcre-data-exp-worktree
   2f1c26b..b7bffdc  exp-fcre-weir-data -> origin/exp-fcre-weir-data
   b2b5448..e8ca50a  exp-mia-logs       -> origin/exp-mia-logs
+ git reset --hard origin/exp-fcre-weir-data
HEAD is now at b7bffdc Tue 2025-07-29 12:27:09 EDT
+ git push github exp-fcre-weir-data
To github.com:FLARE-forecast/TEST-data.git
   2f1c26b..b7bffdc  exp-fcre-weir-data -> exp-fcre-weir-data
+ echo '[post-receive] Sync complete for exp-fcre-weir-data.'
[post-receive] Sync complete for exp-fcre-weir-data.
+ exec
+ read oldrev newrev refname
+ WORKDIR_BASE=/data
+ echo '[post-receive] Starting sync task...'
[post-receive] Starting sync task...
+ read oldrev newrev refname
+ [[ refs/heads/exp-fcre-weir-data =~ ^refs/heads/ ]]
+ branch=exp-fcre-weir-data
+ echo '[post-receive] Processing branch: exp-fcre-weir-data'
[post-receive] Processing branch: exp-fcre-weir-data
+ WORKDIR=/data/exp-fcre-weir-data
+ LOCKFILE=/tmp/git-post-receive-exp-fcre-weir-data.lock
+ exec
+ flock -x 9
+ echo '[post-receive] Acquired lock for exp-fcre-weir-data'
[post-receive] Acquired lock for exp-fcre-weir-data
+ '[' '!' -d /data/exp-fcre-weir-data/.git ']'
+ echo '[post-receive] WORKDIR already exists.'
[post-receive] WORKDIR already exists.
+ cd /data/exp-fcre-weir-data
+ unset GIT_DIR
+ unset GIT_WORK_TREE
+ git checkout exp-fcre-weir-data
Already on 'exp-fcre-weir-data'
Your branch is up to date with 'origin/exp-fcre-weir-data'.
+ git fetch origin
From /data/fcre-data-exp-worktree
   b7bffdc..810b9a8  exp-fcre-weir-data -> origin/exp-fcre-weir-data
+ git reset --hard origin/exp-fcre-weir-data
HEAD is now at 810b9a8 Tue 2025-07-29 15:35:45 EDT
+ git push github exp-fcre-weir-data
To github.com:FLARE-forecast/TEST-data.git
   b7bffdc..810b9a8  exp-fcre-weir-data -> exp-fcre-weir-data
+ echo '[post-receive] Sync complete for exp-fcre-weir-data.'
[post-receive] Sync complete for exp-fcre-weir-data.
+ exec
+ read oldrev newrev refname
+ WORKDIR_BASE=/data
+ echo '[post-receive] Starting sync task...'
[post-receive] Starting sync task...
+ read oldrev newrev refname
+ [[ refs/heads/exp-mia-logs =~ ^refs/heads/ ]]
+ branch=exp-mia-logs
+ echo '[post-receive] Processing branch: exp-mia-logs'
[post-receive] Processing branch: exp-mia-logs
+ WORKDIR=/data/exp-mia-logs
+ LOCKFILE=/tmp/git-post-receive-exp-mia-logs.lock
+ exec
+ flock -x 9
+ echo '[post-receive] Acquired lock for exp-mia-logs'
[post-receive] Acquired lock for exp-mia-logs
+ '[' '!' -d /data/exp-mia-logs/.git ']'
+ echo '[post-receive] WORKDIR already exists.'
[post-receive] WORKDIR already exists.
+ cd /data/exp-mia-logs
+ unset GIT_DIR
+ unset GIT_WORK_TREE
+ git checkout exp-mia-logs
Already on 'exp-mia-logs'
Your branch is up to date with 'origin/exp-mia-logs'.
+ git fetch origin
From /data/fcre-data-exp-worktree
   e8ca50a..50df639  exp-mia-logs       -> origin/exp-mia-logs
   2f1c26b..810b9a8  exp-fcre-weir-data -> origin/exp-fcre-weir-data
+ git reset --hard origin/exp-mia-logs
HEAD is now at 50df639 Wed 2025-07-30 10:36:24 EDT
+ git push github exp-mia-logs
To github.com:FLARE-forecast/TEST-data.git
   e8ca50a..50df639  exp-mia-logs -> exp-mia-logs
+ echo '[post-receive] Sync complete for exp-mia-logs.'
[post-receive] Sync complete for exp-mia-logs.
+ exec
+ read oldrev newrev refname
+ WORKDIR_BASE=/data
+ echo '[post-receive] Starting sync task...'
[post-receive] Starting sync task...
+ read oldrev newrev refname
+ [[ refs/heads/exp-fcre-weir-data =~ ^refs/heads/ ]]
+ branch=exp-fcre-weir-data
+ echo '[post-receive] Processing branch: exp-fcre-weir-data'
[post-receive] Processing branch: exp-fcre-weir-data
+ WORKDIR=/data/exp-fcre-weir-data
+ LOCKFILE=/tmp/git-post-receive-exp-fcre-weir-data.lock
+ exec
+ flock -x 9
+ echo '[post-receive] Acquired lock for exp-fcre-weir-data'
[post-receive] Acquired lock for exp-fcre-weir-data
+ '[' '!' -d /data/exp-fcre-weir-data/.git ']'
+ echo '[post-receive] WORKDIR already exists.'
[post-receive] WORKDIR already exists.
+ cd /data/exp-fcre-weir-data
+ unset GIT_DIR
+ unset GIT_WORK_TREE
+ git checkout exp-fcre-weir-data
Already on 'exp-fcre-weir-data'
Your branch is up to date with 'origin/exp-fcre-weir-data'.
+ git fetch origin
From /data/fcre-data-exp-worktree
   810b9a8..e0deeb9  exp-fcre-weir-data -> origin/exp-fcre-weir-data
   e8ca50a..50df639  exp-mia-logs       -> origin/exp-mia-logs
+ git reset --hard origin/exp-fcre-weir-data
HEAD is now at e0deeb9 Tue 2025-07-29 21:38:14 EDT
+ git push github exp-fcre-weir-data
To github.com:FLARE-forecast/TEST-data.git
   810b9a8..e0deeb9  exp-fcre-weir-data -> exp-fcre-weir-data
+ echo '[post-receive] Sync complete for exp-fcre-weir-data.'
[post-receive] Sync complete for exp-fcre-weir-data.
+ exec
+ read oldrev newrev refname
+ WORKDIR_BASE=/data
+ echo '[post-receive] Starting sync task...'
[post-receive] Starting sync task...
+ read oldrev newrev refname
+ [[ refs/heads/exp-fcre-weir-data =~ ^refs/heads/ ]]
+ branch=exp-fcre-weir-data
+ echo '[post-receive] Processing branch: exp-fcre-weir-data'
[post-receive] Processing branch: exp-fcre-weir-data
+ WORKDIR=/data/exp-fcre-weir-data
+ LOCKFILE=/tmp/git-post-receive-exp-fcre-weir-data.lock
+ exec
+ flock -x 9
+ echo '[post-receive] Acquired lock for exp-fcre-weir-data'
[post-receive] Acquired lock for exp-fcre-weir-data
+ '[' '!' -d /data/exp-fcre-weir-data/.git ']'
+ echo '[post-receive] WORKDIR already exists.'
[post-receive] WORKDIR already exists.
+ cd /data/exp-fcre-weir-data
+ unset GIT_DIR
+ unset GIT_WORK_TREE
+ git checkout exp-fcre-weir-data
Already on 'exp-fcre-weir-data'
Your branch is up to date with 'origin/exp-fcre-weir-data'.
+ git fetch origin
From /data/fcre-data-exp-worktree
   e0deeb9..17850f3  exp-fcre-weir-data -> origin/exp-fcre-weir-data
+ git reset --hard origin/exp-fcre-weir-data
HEAD is now at 17850f3 Wed 2025-07-30 01:19:21 EDT
+ git push github exp-fcre-weir-data
To github.com:FLARE-forecast/TEST-data.git
   e0deeb9..17850f3  exp-fcre-weir-data -> exp-fcre-weir-data
+ echo '[post-receive] Sync complete for exp-fcre-weir-data.'
[post-receive] Sync complete for exp-fcre-weir-data.
+ exec
+ read oldrev newrev refname
+ WORKDIR_BASE=/data
+ echo '[post-receive] Starting sync task...'
[post-receive] Starting sync task...
+ read oldrev newrev refname
+ [[ refs/heads/exp-fcre-weir-data =~ ^refs/heads/ ]]
+ branch=exp-fcre-weir-data
+ echo '[post-receive] Processing branch: exp-fcre-weir-data'
[post-receive] Processing branch: exp-fcre-weir-data
+ WORKDIR=/data/exp-fcre-weir-data
+ LOCKFILE=/tmp/git-post-receive-exp-fcre-weir-data.lock
+ exec
+ flock -x 9
+ echo '[post-receive] Acquired lock for exp-fcre-weir-data'
[post-receive] Acquired lock for exp-fcre-weir-data
+ '[' '!' -d /data/exp-fcre-weir-data/.git ']'
+ echo '[post-receive] WORKDIR already exists.'
[post-receive] WORKDIR already exists.
+ cd /data/exp-fcre-weir-data
+ unset GIT_DIR
+ unset GIT_WORK_TREE
+ git checkout exp-fcre-weir-data
Already on 'exp-fcre-weir-data'
Your branch is up to date with 'origin/exp-fcre-weir-data'.
+ git fetch origin
From /data/fcre-data-exp-worktree
   17850f3..874ca90  exp-fcre-weir-data -> origin/exp-fcre-weir-data
+ git reset --hard origin/exp-fcre-weir-data
HEAD is now at 874ca90 Wed 2025-07-30 07:22:32 EDT
+ git push github exp-fcre-weir-data
To github.com:FLARE-forecast/TEST-data.git
   17850f3..874ca90  exp-fcre-weir-data -> exp-fcre-weir-data
+ echo '[post-receive] Sync complete for exp-fcre-weir-data.'
[post-receive] Sync complete for exp-fcre-weir-data.
+ exec
+ read oldrev newrev refname
+ WORKDIR_BASE=/data
+ echo '[post-receive] Starting sync task...'
[post-receive] Starting sync task...
+ read oldrev newrev refname
+ [[ refs/heads/exp-fcre-weir-data =~ ^refs/heads/ ]]
+ branch=exp-fcre-weir-data
+ echo '[post-receive] Processing branch: exp-fcre-weir-data'
[post-receive] Processing branch: exp-fcre-weir-data
+ WORKDIR=/data/exp-fcre-weir-data
+ LOCKFILE=/tmp/git-post-receive-exp-fcre-weir-data.lock
+ exec
+ flock -x 9
+ echo '[post-receive] Acquired lock for exp-fcre-weir-data'
[post-receive] Acquired lock for exp-fcre-weir-data
+ '[' '!' -d /data/exp-fcre-weir-data/.git ']'
+ echo '[post-receive] WORKDIR already exists.'
[post-receive] WORKDIR already exists.
+ cd /data/exp-fcre-weir-data
+ unset GIT_DIR
+ unset GIT_WORK_TREE
+ git checkout exp-fcre-weir-data
Already on 'exp-fcre-weir-data'
Your branch is up to date with 'origin/exp-fcre-weir-data'.
+ git fetch origin
From /data/fcre-data-exp-worktree
   874ca90..8efec2c  exp-fcre-weir-data -> origin/exp-fcre-weir-data
+ git reset --hard origin/exp-fcre-weir-data
HEAD is now at 8efec2c Wed 2025-07-30 10:27:50 EDT
+ git push github exp-fcre-weir-data
To github.com:FLARE-forecast/TEST-data.git
   874ca90..8efec2c  exp-fcre-weir-data -> exp-fcre-weir-data
+ echo '[post-receive] Sync complete for exp-fcre-weir-data.'
[post-receive] Sync complete for exp-fcre-weir-data.
+ exec
+ read oldrev newrev refname
+ WORKDIR_BASE=/data
+ echo '[post-receive] Starting sync task...'
[post-receive] Starting sync task...
+ read oldrev newrev refname
+ [[ refs/heads/exp-fcre-weir-data =~ ^refs/heads/ ]]
+ branch=exp-fcre-weir-data
+ echo '[post-receive] Processing branch: exp-fcre-weir-data'
[post-receive] Processing branch: exp-fcre-weir-data
+ WORKDIR=/data/exp-fcre-weir-data
+ LOCKFILE=/tmp/git-post-receive-exp-fcre-weir-data.lock
+ exec
+ flock -x 9
+ echo '[post-receive] Acquired lock for exp-fcre-weir-data'
[post-receive] Acquired lock for exp-fcre-weir-data
+ '[' '!' -d /data/exp-fcre-weir-data/.git ']'
+ echo '[post-receive] WORKDIR already exists.'
[post-receive] WORKDIR already exists.
+ cd /data/exp-fcre-weir-data
+ unset GIT_DIR
+ unset GIT_WORK_TREE
+ git checkout exp-fcre-weir-data
Already on 'exp-fcre-weir-data'
Your branch is up to date with 'origin/exp-fcre-weir-data'.
+ git fetch origin
From /data/fcre-data-exp-worktree
   8efec2c..9abeb08  exp-fcre-weir-data -> origin/exp-fcre-weir-data
+ git reset --hard origin/exp-fcre-weir-data
HEAD is now at 9abeb08 Wed 2025-07-30 12:29:04 EDT
+ git push github exp-fcre-weir-data
To github.com:FLARE-forecast/TEST-data.git
   8efec2c..9abeb08  exp-fcre-weir-data -> exp-fcre-weir-data
+ echo '[post-receive] Sync complete for exp-fcre-weir-data.'
[post-receive] Sync complete for exp-fcre-weir-data.
+ exec
+ read oldrev newrev refname
+ WORKDIR_BASE=/data
+ echo '[post-receive] Starting sync task...'
[post-receive] Starting sync task...
+ read oldrev newrev refname
+ [[ refs/heads/exp-fcre-weir-data =~ ^refs/heads/ ]]
+ branch=exp-fcre-weir-data
+ echo '[post-receive] Processing branch: exp-fcre-weir-data'
[post-receive] Processing branch: exp-fcre-weir-data
+ WORKDIR=/data/exp-fcre-weir-data
+ LOCKFILE=/tmp/git-post-receive-exp-fcre-weir-data.lock
+ exec
+ flock -x 9
+ echo '[post-receive] Acquired lock for exp-fcre-weir-data'
[post-receive] Acquired lock for exp-fcre-weir-data
+ '[' '!' -d /data/exp-fcre-weir-data/.git ']'
+ echo '[post-receive] WORKDIR already exists.'
[post-receive] WORKDIR already exists.
+ cd /data/exp-fcre-weir-data
+ unset GIT_DIR
+ unset GIT_WORK_TREE
+ git checkout exp-fcre-weir-data
Already on 'exp-fcre-weir-data'
Your branch is up to date with 'origin/exp-fcre-weir-data'.
+ git fetch origin
From /data/fcre-data-exp-worktree
   9abeb08..7194a5a  exp-fcre-weir-data -> origin/exp-fcre-weir-data
+ git reset --hard origin/exp-fcre-weir-data
HEAD is now at 7194a5a Wed 2025-07-30 15:37:37 EDT
+ git push github exp-fcre-weir-data
To github.com:FLARE-forecast/TEST-data.git
   9abeb08..7194a5a  exp-fcre-weir-data -> exp-fcre-weir-data
+ echo '[post-receive] Sync complete for exp-fcre-weir-data.'
[post-receive] Sync complete for exp-fcre-weir-data.
+ exec
+ read oldrev newrev refname
+ WORKDIR_BASE=/data
+ echo '[post-receive] Starting sync task...'
[post-receive] Starting sync task...
+ read oldrev newrev refname
+ [[ refs/heads/exp-fcre-weir-data =~ ^refs/heads/ ]]
+ branch=exp-fcre-weir-data
+ echo '[post-receive] Processing branch: exp-fcre-weir-data'
[post-receive] Processing branch: exp-fcre-weir-data
+ WORKDIR=/data/exp-fcre-weir-data
+ LOCKFILE=/tmp/git-post-receive-exp-fcre-weir-data.lock
+ exec
+ flock -x 9
+ echo '[post-receive] Acquired lock for exp-fcre-weir-data'
[post-receive] Acquired lock for exp-fcre-weir-data
+ '[' '!' -d /data/exp-fcre-weir-data/.git ']'
+ echo '[post-receive] WORKDIR already exists.'
[post-receive] WORKDIR already exists.
+ cd /data/exp-fcre-weir-data
+ unset GIT_DIR
+ unset GIT_WORK_TREE
+ git checkout exp-fcre-weir-data
Already on 'exp-fcre-weir-data'
Your branch is up to date with 'origin/exp-fcre-weir-data'.
+ git fetch origin
From /data/fcre-data-exp-worktree
   7194a5a..042680e  exp-fcre-weir-data -> origin/exp-fcre-weir-data
+ git reset --hard origin/exp-fcre-weir-data
HEAD is now at 042680e Wed 2025-07-30 21:09:53 EDT
+ git push github exp-fcre-weir-data
To github.com:FLARE-forecast/TEST-data.git
   7194a5a..042680e  exp-fcre-weir-data -> exp-fcre-weir-data
+ echo '[post-receive] Sync complete for exp-fcre-weir-data.'
[post-receive] Sync complete for exp-fcre-weir-data.
+ exec
+ read oldrev newrev refname
+ WORKDIR_BASE=/data
+ echo '[post-receive] Starting sync task...'
[post-receive] Starting sync task...
+ read oldrev newrev refname
+ [[ refs/heads/exp-fcre-weir-data =~ ^refs/heads/ ]]
+ branch=exp-fcre-weir-data
+ echo '[post-receive] Processing branch: exp-fcre-weir-data'
[post-receive] Processing branch: exp-fcre-weir-data
+ WORKDIR=/data/exp-fcre-weir-data
+ LOCKFILE=/tmp/git-post-receive-exp-fcre-weir-data.lock
+ exec
+ flock -x 9
+ echo '[post-receive] Acquired lock for exp-fcre-weir-data'
[post-receive] Acquired lock for exp-fcre-weir-data
+ '[' '!' -d /data/exp-fcre-weir-data/.git ']'
+ echo '[post-receive] WORKDIR already exists.'
[post-receive] WORKDIR already exists.
+ cd /data/exp-fcre-weir-data
+ unset GIT_DIR
+ unset GIT_WORK_TREE
+ git checkout exp-fcre-weir-data
Already on 'exp-fcre-weir-data'
Your branch is up to date with 'origin/exp-fcre-weir-data'.
+ git fetch origin
From /data/fcre-data-exp-worktree
   042680e..eb674d1  exp-fcre-weir-data -> origin/exp-fcre-weir-data
+ git reset --hard origin/exp-fcre-weir-data
HEAD is now at eb674d1 Thu 2025-07-31 01:19:22 EDT
+ git push github exp-fcre-weir-data
To github.com:FLARE-forecast/TEST-data.git
   042680e..eb674d1  exp-fcre-weir-data -> exp-fcre-weir-data
+ echo '[post-receive] Sync complete for exp-fcre-weir-data.'
[post-receive] Sync complete for exp-fcre-weir-data.
+ exec
+ read oldrev newrev refname
+ WORKDIR_BASE=/data
+ echo '[post-receive] Starting sync task...'
[post-receive] Starting sync task...
+ read oldrev newrev refname
+ [[ refs/heads/exp-fcre-weir-data =~ ^refs/heads/ ]]
+ branch=exp-fcre-weir-data
+ echo '[post-receive] Processing branch: exp-fcre-weir-data'
[post-receive] Processing branch: exp-fcre-weir-data
+ WORKDIR=/data/exp-fcre-weir-data
+ LOCKFILE=/tmp/git-post-receive-exp-fcre-weir-data.lock
+ exec
+ flock -x 9
+ echo '[post-receive] Acquired lock for exp-fcre-weir-data'
[post-receive] Acquired lock for exp-fcre-weir-data
+ '[' '!' -d /data/exp-fcre-weir-data/.git ']'
+ echo '[post-receive] WORKDIR already exists.'
[post-receive] WORKDIR already exists.
+ cd /data/exp-fcre-weir-data
+ unset GIT_DIR
+ unset GIT_WORK_TREE
+ git checkout exp-fcre-weir-data
Already on 'exp-fcre-weir-data'
Your branch is up to date with 'origin/exp-fcre-weir-data'.
+ git fetch origin
From /data/fcre-data-exp-worktree
   eb674d1..99b326c  exp-fcre-weir-data -> origin/exp-fcre-weir-data
+ git reset --hard origin/exp-fcre-weir-data
HEAD is now at 99b326c Thu 2025-07-31 07:25:24 EDT
+ git push github exp-fcre-weir-data
To github.com:FLARE-forecast/TEST-data.git
   eb674d1..99b326c  exp-fcre-weir-data -> exp-fcre-weir-data
+ echo '[post-receive] Sync complete for exp-fcre-weir-data.'
[post-receive] Sync complete for exp-fcre-weir-data.
+ exec
+ read oldrev newrev refname
+ WORKDIR_BASE=/data
+ echo '[post-receive] Starting sync task...'
[post-receive] Starting sync task...
+ read oldrev newrev refname
+ [[ refs/heads/exp-fcre-weir-data =~ ^refs/heads/ ]]
+ branch=exp-fcre-weir-data
+ echo '[post-receive] Processing branch: exp-fcre-weir-data'
[post-receive] Processing branch: exp-fcre-weir-data
+ WORKDIR=/data/exp-fcre-weir-data
+ LOCKFILE=/tmp/git-post-receive-exp-fcre-weir-data.lock
+ exec
+ flock -x 9
+ echo '[post-receive] Acquired lock for exp-fcre-weir-data'
[post-receive] Acquired lock for exp-fcre-weir-data
+ '[' '!' -d /data/exp-fcre-weir-data/.git ']'
+ echo '[post-receive] WORKDIR already exists.'
[post-receive] WORKDIR already exists.
+ cd /data/exp-fcre-weir-data
+ unset GIT_DIR
+ unset GIT_WORK_TREE
+ git checkout exp-fcre-weir-data
Already on 'exp-fcre-weir-data'
Your branch is up to date with 'origin/exp-fcre-weir-data'.
+ git fetch origin
From /data/fcre-data-exp-worktree
   99b326c..36656f4  exp-fcre-weir-data -> origin/exp-fcre-weir-data
+ git reset --hard origin/exp-fcre-weir-data
HEAD is now at 36656f4 Thu 2025-07-31 10:09:37 EDT
+ git push github exp-fcre-weir-data
To github.com:FLARE-forecast/TEST-data.git
   99b326c..36656f4  exp-fcre-weir-data -> exp-fcre-weir-data
+ echo '[post-receive] Sync complete for exp-fcre-weir-data.'
[post-receive] Sync complete for exp-fcre-weir-data.
+ exec
+ read oldrev newrev refname
+ WORKDIR_BASE=/data
+ echo '[post-receive] Starting sync task...'
[post-receive] Starting sync task...
+ read oldrev newrev refname
+ [[ refs/heads/exp-fcre-weir-data =~ ^refs/heads/ ]]
+ branch=exp-fcre-weir-data
+ echo '[post-receive] Processing branch: exp-fcre-weir-data'
[post-receive] Processing branch: exp-fcre-weir-data
+ WORKDIR=/data/exp-fcre-weir-data
+ LOCKFILE=/tmp/git-post-receive-exp-fcre-weir-data.lock
+ exec
+ flock -x 9
+ echo '[post-receive] Acquired lock for exp-fcre-weir-data'
[post-receive] Acquired lock for exp-fcre-weir-data
+ '[' '!' -d /data/exp-fcre-weir-data/.git ']'
+ echo '[post-receive] WORKDIR already exists.'
[post-receive] WORKDIR already exists.
+ cd /data/exp-fcre-weir-data
+ unset GIT_DIR
+ unset GIT_WORK_TREE
+ git checkout exp-fcre-weir-data
Already on 'exp-fcre-weir-data'
Your branch is up to date with 'origin/exp-fcre-weir-data'.
+ git fetch origin
From /data/fcre-data-exp-worktree
   36656f4..f52e863  exp-fcre-weir-data -> origin/exp-fcre-weir-data
+ git reset --hard origin/exp-fcre-weir-data
HEAD is now at f52e863 Thu 2025-07-31 12:27:19 EDT
+ git push github exp-fcre-weir-data
To github.com:FLARE-forecast/TEST-data.git
   36656f4..f52e863  exp-fcre-weir-data -> exp-fcre-weir-data
+ echo '[post-receive] Sync complete for exp-fcre-weir-data.'
[post-receive] Sync complete for exp-fcre-weir-data.
+ exec
+ read oldrev newrev refname
+ WORKDIR_BASE=/data
+ echo '[post-receive] Starting sync task...'
[post-receive] Starting sync task...
+ read oldrev newrev refname
+ [[ refs/heads/exp-fcre-weir-data =~ ^refs/heads/ ]]
+ branch=exp-fcre-weir-data
+ echo '[post-receive] Processing branch: exp-fcre-weir-data'
[post-receive] Processing branch: exp-fcre-weir-data
+ WORKDIR=/data/exp-fcre-weir-data
+ LOCKFILE=/tmp/git-post-receive-exp-fcre-weir-data.lock
+ exec
+ flock -x 9
+ echo '[post-receive] Acquired lock for exp-fcre-weir-data'
[post-receive] Acquired lock for exp-fcre-weir-data
+ '[' '!' -d /data/exp-fcre-weir-data/.git ']'
+ echo '[post-receive] WORKDIR already exists.'
[post-receive] WORKDIR already exists.
+ cd /data/exp-fcre-weir-data
+ unset GIT_DIR
+ unset GIT_WORK_TREE
+ git checkout exp-fcre-weir-data
Already on 'exp-fcre-weir-data'
Your branch is up to date with 'origin/exp-fcre-weir-data'.
+ git fetch origin
From /data/fcre-data-exp-worktree
   f52e863..f141cce  exp-fcre-weir-data -> origin/exp-fcre-weir-data
+ git reset --hard origin/exp-fcre-weir-data
HEAD is now at f141cce Thu 2025-07-31 21:26:53 EDT
+ git push github exp-fcre-weir-data
To github.com:FLARE-forecast/TEST-data.git
   f52e863..f141cce  exp-fcre-weir-data -> exp-fcre-weir-data
+ echo '[post-receive] Sync complete for exp-fcre-weir-data.'
[post-receive] Sync complete for exp-fcre-weir-data.
+ exec
+ read oldrev newrev refname
+ WORKDIR_BASE=/data
+ echo '[post-receive] Starting sync task...'
[post-receive] Starting sync task...
+ read oldrev newrev refname
+ [[ refs/heads/exp-fcre-weir-data =~ ^refs/heads/ ]]
+ branch=exp-fcre-weir-data
+ echo '[post-receive] Processing branch: exp-fcre-weir-data'
[post-receive] Processing branch: exp-fcre-weir-data
+ WORKDIR=/data/exp-fcre-weir-data
+ LOCKFILE=/tmp/git-post-receive-exp-fcre-weir-data.lock
+ exec
+ flock -x 9
+ echo '[post-receive] Acquired lock for exp-fcre-weir-data'
[post-receive] Acquired lock for exp-fcre-weir-data
+ '[' '!' -d /data/exp-fcre-weir-data/.git ']'
+ echo '[post-receive] WORKDIR already exists.'
[post-receive] WORKDIR already exists.
+ cd /data/exp-fcre-weir-data
+ unset GIT_DIR
+ unset GIT_WORK_TREE
+ git checkout exp-fcre-weir-data
Already on 'exp-fcre-weir-data'
Your branch is up to date with 'origin/exp-fcre-weir-data'.
+ git fetch origin
From /data/fcre-data-exp-worktree
   f141cce..d1006a1  exp-fcre-weir-data -> origin/exp-fcre-weir-data
+ git reset --hard origin/exp-fcre-weir-data
HEAD is now at d1006a1 Fri 2025-08-01 01:19:25 EDT
+ git push github exp-fcre-weir-data
To github.com:FLARE-forecast/TEST-data.git
   f141cce..d1006a1  exp-fcre-weir-data -> exp-fcre-weir-data
+ echo '[post-receive] Sync complete for exp-fcre-weir-data.'
[post-receive] Sync complete for exp-fcre-weir-data.
+ exec
+ read oldrev newrev refname
+ WORKDIR_BASE=/data
+ echo '[post-receive] Starting sync task...'
[post-receive] Starting sync task...
+ read oldrev newrev refname
+ [[ refs/heads/exp-fcre-weir-data =~ ^refs/heads/ ]]
+ branch=exp-fcre-weir-data
+ echo '[post-receive] Processing branch: exp-fcre-weir-data'
[post-receive] Processing branch: exp-fcre-weir-data
+ WORKDIR=/data/exp-fcre-weir-data
+ LOCKFILE=/tmp/git-post-receive-exp-fcre-weir-data.lock
+ exec
+ flock -x 9
+ echo '[post-receive] Acquired lock for exp-fcre-weir-data'
[post-receive] Acquired lock for exp-fcre-weir-data
+ '[' '!' -d /data/exp-fcre-weir-data/.git ']'
+ echo '[post-receive] WORKDIR already exists.'
[post-receive] WORKDIR already exists.
+ cd /data/exp-fcre-weir-data
+ unset GIT_DIR
+ unset GIT_WORK_TREE
+ git checkout exp-fcre-weir-data
Already on 'exp-fcre-weir-data'
Your branch is up to date with 'origin/exp-fcre-weir-data'.
+ git fetch origin
From /data/fcre-data-exp-worktree
   d1006a1..5a2cf07  exp-fcre-weir-data -> origin/exp-fcre-weir-data
+ git reset --hard origin/exp-fcre-weir-data
HEAD is now at 5a2cf07 Fri 2025-08-01 07:04:25 EDT
+ git push github exp-fcre-weir-data
To github.com:FLARE-forecast/TEST-data.git
   d1006a1..5a2cf07  exp-fcre-weir-data -> exp-fcre-weir-data
+ echo '[post-receive] Sync complete for exp-fcre-weir-data.'
[post-receive] Sync complete for exp-fcre-weir-data.
+ exec
+ read oldrev newrev refname
+ WORKDIR_BASE=/data
+ echo '[post-receive] Starting sync task...'
[post-receive] Starting sync task...
+ read oldrev newrev refname
+ [[ refs/heads/exp-fcre-weir-data =~ ^refs/heads/ ]]
+ branch=exp-fcre-weir-data
+ echo '[post-receive] Processing branch: exp-fcre-weir-data'
[post-receive] Processing branch: exp-fcre-weir-data
+ WORKDIR=/data/exp-fcre-weir-data
+ LOCKFILE=/tmp/git-post-receive-exp-fcre-weir-data.lock
+ exec
+ flock -x 9
+ echo '[post-receive] Acquired lock for exp-fcre-weir-data'
[post-receive] Acquired lock for exp-fcre-weir-data
+ '[' '!' -d /data/exp-fcre-weir-data/.git ']'
+ echo '[post-receive] WORKDIR already exists.'
[post-receive] WORKDIR already exists.
+ cd /data/exp-fcre-weir-data
+ unset GIT_DIR
+ unset GIT_WORK_TREE
+ git checkout exp-fcre-weir-data
Already on 'exp-fcre-weir-data'
Your branch is up to date with 'origin/exp-fcre-weir-data'.
+ git fetch origin
From /data/fcre-data-exp-worktree
   5a2cf07..e1b31fa  exp-fcre-weir-data -> origin/exp-fcre-weir-data
+ git reset --hard origin/exp-fcre-weir-data
HEAD is now at e1b31fa Fri 2025-08-01 10:27:57 EDT
+ git push github exp-fcre-weir-data
To github.com:FLARE-forecast/TEST-data.git
   5a2cf07..e1b31fa  exp-fcre-weir-data -> exp-fcre-weir-data
+ echo '[post-receive] Sync complete for exp-fcre-weir-data.'
[post-receive] Sync complete for exp-fcre-weir-data.
+ exec
+ read oldrev newrev refname
+ WORKDIR_BASE=/data
+ echo '[post-receive] Starting sync task...'
[post-receive] Starting sync task...
+ read oldrev newrev refname
+ [[ refs/heads/exp-fcre-weir-data =~ ^refs/heads/ ]]
+ branch=exp-fcre-weir-data
+ echo '[post-receive] Processing branch: exp-fcre-weir-data'
[post-receive] Processing branch: exp-fcre-weir-data
+ WORKDIR=/data/exp-fcre-weir-data
+ LOCKFILE=/tmp/git-post-receive-exp-fcre-weir-data.lock
+ exec
+ flock -x 9
+ echo '[post-receive] Acquired lock for exp-fcre-weir-data'
[post-receive] Acquired lock for exp-fcre-weir-data
+ '[' '!' -d /data/exp-fcre-weir-data/.git ']'
+ echo '[post-receive] WORKDIR already exists.'
[post-receive] WORKDIR already exists.
+ cd /data/exp-fcre-weir-data
+ unset GIT_DIR
+ unset GIT_WORK_TREE
+ git checkout exp-fcre-weir-data
Already on 'exp-fcre-weir-data'
Your branch is up to date with 'origin/exp-fcre-weir-data'.
+ git fetch origin
From /data/fcre-data-exp-worktree
   e1b31fa..91cda36  exp-fcre-weir-data -> origin/exp-fcre-weir-data
+ git reset --hard origin/exp-fcre-weir-data
HEAD is now at 91cda36 Fri 2025-08-01 12:26:00 EDT
+ git push github exp-fcre-weir-data
To github.com:FLARE-forecast/TEST-data.git
   e1b31fa..91cda36  exp-fcre-weir-data -> exp-fcre-weir-data
+ echo '[post-receive] Sync complete for exp-fcre-weir-data.'
[post-receive] Sync complete for exp-fcre-weir-data.
+ exec
+ read oldrev newrev refname
+ WORKDIR_BASE=/data
+ echo '[post-receive] Starting sync task...'
[post-receive] Starting sync task...
+ read oldrev newrev refname
+ [[ refs/heads/exp-fcre-weir-data =~ ^refs/heads/ ]]
+ branch=exp-fcre-weir-data
+ echo '[post-receive] Processing branch: exp-fcre-weir-data'
[post-receive] Processing branch: exp-fcre-weir-data
+ WORKDIR=/data/exp-fcre-weir-data
+ LOCKFILE=/tmp/git-post-receive-exp-fcre-weir-data.lock
+ exec
+ flock -x 9
+ echo '[post-receive] Acquired lock for exp-fcre-weir-data'
[post-receive] Acquired lock for exp-fcre-weir-data
+ '[' '!' -d /data/exp-fcre-weir-data/.git ']'
+ echo '[post-receive] WORKDIR already exists.'
[post-receive] WORKDIR already exists.
+ cd /data/exp-fcre-weir-data
+ unset GIT_DIR
+ unset GIT_WORK_TREE
+ git checkout exp-fcre-weir-data
Already on 'exp-fcre-weir-data'
Your branch is up to date with 'origin/exp-fcre-weir-data'.
+ git fetch origin
From /data/fcre-data-exp-worktree
   91cda36..a9f20b6  exp-fcre-weir-data -> origin/exp-fcre-weir-data
+ git reset --hard origin/exp-fcre-weir-data
HEAD is now at a9f20b6 Fri 2025-08-01 15:37:14 EDT
+ git push github exp-fcre-weir-data
To github.com:FLARE-forecast/TEST-data.git
   91cda36..a9f20b6  exp-fcre-weir-data -> exp-fcre-weir-data
+ echo '[post-receive] Sync complete for exp-fcre-weir-data.'
[post-receive] Sync complete for exp-fcre-weir-data.
+ exec
+ read oldrev newrev refname
+ WORKDIR_BASE=/data
+ echo '[post-receive] Starting sync task...'
[post-receive] Starting sync task...
+ read oldrev newrev refname
+ [[ refs/heads/exp-fcre-weir-data =~ ^refs/heads/ ]]
+ branch=exp-fcre-weir-data
+ echo '[post-receive] Processing branch: exp-fcre-weir-data'
[post-receive] Processing branch: exp-fcre-weir-data
+ WORKDIR=/data/exp-fcre-weir-data
+ LOCKFILE=/tmp/git-post-receive-exp-fcre-weir-data.lock
+ exec
+ flock -x 9
+ echo '[post-receive] Acquired lock for exp-fcre-weir-data'
[post-receive] Acquired lock for exp-fcre-weir-data
+ '[' '!' -d /data/exp-fcre-weir-data/.git ']'
+ echo '[post-receive] WORKDIR already exists.'
[post-receive] WORKDIR already exists.
+ cd /data/exp-fcre-weir-data
+ unset GIT_DIR
+ unset GIT_WORK_TREE
+ git checkout exp-fcre-weir-data
Already on 'exp-fcre-weir-data'
Your branch is up to date with 'origin/exp-fcre-weir-data'.
+ git fetch origin
From /data/fcre-data-exp-worktree
   a9f20b6..1bfd2c5  exp-fcre-weir-data -> origin/exp-fcre-weir-data
+ git reset --hard origin/exp-fcre-weir-data
HEAD is now at 1bfd2c5 Fri 2025-08-01 21:26:37 EDT
+ git push github exp-fcre-weir-data
To github.com:FLARE-forecast/TEST-data.git
   a9f20b6..1bfd2c5  exp-fcre-weir-data -> exp-fcre-weir-data
+ echo '[post-receive] Sync complete for exp-fcre-weir-data.'
[post-receive] Sync complete for exp-fcre-weir-data.
+ exec
+ read oldrev newrev refname
+ WORKDIR_BASE=/data
+ echo '[post-receive] Starting sync task...'
[post-receive] Starting sync task...
+ read oldrev newrev refname
+ [[ refs/heads/exp-fcre-weir-data =~ ^refs/heads/ ]]
+ branch=exp-fcre-weir-data
+ echo '[post-receive] Processing branch: exp-fcre-weir-data'
[post-receive] Processing branch: exp-fcre-weir-data
+ WORKDIR=/data/exp-fcre-weir-data
+ LOCKFILE=/tmp/git-post-receive-exp-fcre-weir-data.lock
+ exec
+ flock -x 9
+ echo '[post-receive] Acquired lock for exp-fcre-weir-data'
[post-receive] Acquired lock for exp-fcre-weir-data
+ '[' '!' -d /data/exp-fcre-weir-data/.git ']'
+ echo '[post-receive] WORKDIR already exists.'
[post-receive] WORKDIR already exists.
+ cd /data/exp-fcre-weir-data
+ unset GIT_DIR
+ unset GIT_WORK_TREE
+ git checkout exp-fcre-weir-data
Already on 'exp-fcre-weir-data'
Your branch is up to date with 'origin/exp-fcre-weir-data'.
+ git fetch origin
From /data/fcre-data-exp-worktree
   1bfd2c5..ff64f7f  exp-fcre-weir-data -> origin/exp-fcre-weir-data
+ git reset --hard origin/exp-fcre-weir-data
HEAD is now at ff64f7f Sat 2025-08-02 01:19:22 EDT
+ git push github exp-fcre-weir-data
To github.com:FLARE-forecast/TEST-data.git
   1bfd2c5..ff64f7f  exp-fcre-weir-data -> exp-fcre-weir-data
+ echo '[post-receive] Sync complete for exp-fcre-weir-data.'
[post-receive] Sync complete for exp-fcre-weir-data.
+ exec
+ read oldrev newrev refname
+ WORKDIR_BASE=/data
+ echo '[post-receive] Starting sync task...'
[post-receive] Starting sync task...
+ read oldrev newrev refname
+ [[ refs/heads/exp-fcre-weir-data =~ ^refs/heads/ ]]
+ branch=exp-fcre-weir-data
+ echo '[post-receive] Processing branch: exp-fcre-weir-data'
[post-receive] Processing branch: exp-fcre-weir-data
+ WORKDIR=/data/exp-fcre-weir-data
+ LOCKFILE=/tmp/git-post-receive-exp-fcre-weir-data.lock
+ exec
+ flock -x 9
+ echo '[post-receive] Acquired lock for exp-fcre-weir-data'
[post-receive] Acquired lock for exp-fcre-weir-data
+ '[' '!' -d /data/exp-fcre-weir-data/.git ']'
+ echo '[post-receive] WORKDIR already exists.'
[post-receive] WORKDIR already exists.
+ cd /data/exp-fcre-weir-data
+ unset GIT_DIR
+ unset GIT_WORK_TREE
+ git checkout exp-fcre-weir-data
Already on 'exp-fcre-weir-data'
Your branch is up to date with 'origin/exp-fcre-weir-data'.
+ git fetch origin
From /data/fcre-data-exp-worktree
   ff64f7f..dee8d10  exp-fcre-weir-data -> origin/exp-fcre-weir-data
+ git reset --hard origin/exp-fcre-weir-data
HEAD is now at dee8d10 Sat 2025-08-02 07:21:48 EDT
+ git push github exp-fcre-weir-data
To github.com:FLARE-forecast/TEST-data.git
   ff64f7f..dee8d10  exp-fcre-weir-data -> exp-fcre-weir-data
+ echo '[post-receive] Sync complete for exp-fcre-weir-data.'
[post-receive] Sync complete for exp-fcre-weir-data.
+ exec
+ read oldrev newrev refname
+ WORKDIR_BASE=/data
+ echo '[post-receive] Starting sync task...'
[post-receive] Starting sync task...
+ read oldrev newrev refname
+ [[ refs/heads/exp-fcre-weir-data =~ ^refs/heads/ ]]
+ branch=exp-fcre-weir-data
+ echo '[post-receive] Processing branch: exp-fcre-weir-data'
[post-receive] Processing branch: exp-fcre-weir-data
+ WORKDIR=/data/exp-fcre-weir-data
+ LOCKFILE=/tmp/git-post-receive-exp-fcre-weir-data.lock
+ exec
+ flock -x 9
+ echo '[post-receive] Acquired lock for exp-fcre-weir-data'
[post-receive] Acquired lock for exp-fcre-weir-data
+ '[' '!' -d /data/exp-fcre-weir-data/.git ']'
+ echo '[post-receive] WORKDIR already exists.'
[post-receive] WORKDIR already exists.
+ cd /data/exp-fcre-weir-data
+ unset GIT_DIR
+ unset GIT_WORK_TREE
+ git checkout exp-fcre-weir-data
Already on 'exp-fcre-weir-data'
Your branch is up to date with 'origin/exp-fcre-weir-data'.
+ git fetch origin
From /data/fcre-data-exp-worktree
   dee8d10..78e9982  exp-fcre-weir-data -> origin/exp-fcre-weir-data
+ git reset --hard origin/exp-fcre-weir-data
HEAD is now at 78e9982 Sat 2025-08-02 10:26:17 EDT
+ git push github exp-fcre-weir-data
To github.com:FLARE-forecast/TEST-data.git
   dee8d10..78e9982  exp-fcre-weir-data -> exp-fcre-weir-data
+ echo '[post-receive] Sync complete for exp-fcre-weir-data.'
[post-receive] Sync complete for exp-fcre-weir-data.
+ exec
+ read oldrev newrev refname
+ WORKDIR_BASE=/data
+ echo '[post-receive] Starting sync task...'
[post-receive] Starting sync task...
+ read oldrev newrev refname
+ [[ refs/heads/exp-fcre-weir-data =~ ^refs/heads/ ]]
+ branch=exp-fcre-weir-data
+ echo '[post-receive] Processing branch: exp-fcre-weir-data'
[post-receive] Processing branch: exp-fcre-weir-data
+ WORKDIR=/data/exp-fcre-weir-data
+ LOCKFILE=/tmp/git-post-receive-exp-fcre-weir-data.lock
+ exec
+ flock -x 9
+ echo '[post-receive] Acquired lock for exp-fcre-weir-data'
[post-receive] Acquired lock for exp-fcre-weir-data
+ '[' '!' -d /data/exp-fcre-weir-data/.git ']'
+ echo '[post-receive] WORKDIR already exists.'
[post-receive] WORKDIR already exists.
+ cd /data/exp-fcre-weir-data
+ unset GIT_DIR
+ unset GIT_WORK_TREE
+ git checkout exp-fcre-weir-data
Already on 'exp-fcre-weir-data'
Your branch is up to date with 'origin/exp-fcre-weir-data'.
+ git fetch origin
From /data/fcre-data-exp-worktree
   78e9982..3e8e4a9  exp-fcre-weir-data -> origin/exp-fcre-weir-data
+ git reset --hard origin/exp-fcre-weir-data
HEAD is now at 3e8e4a9 Sat 2025-08-02 12:27:02 EDT
+ git push github exp-fcre-weir-data
To github.com:FLARE-forecast/TEST-data.git
   78e9982..3e8e4a9  exp-fcre-weir-data -> exp-fcre-weir-data
+ echo '[post-receive] Sync complete for exp-fcre-weir-data.'
[post-receive] Sync complete for exp-fcre-weir-data.
+ exec
+ read oldrev newrev refname
+ WORKDIR_BASE=/data
+ echo '[post-receive] Starting sync task...'
[post-receive] Starting sync task...
+ read oldrev newrev refname
+ [[ refs/heads/exp-fcre-weir-data =~ ^refs/heads/ ]]
+ branch=exp-fcre-weir-data
+ echo '[post-receive] Processing branch: exp-fcre-weir-data'
[post-receive] Processing branch: exp-fcre-weir-data
+ WORKDIR=/data/exp-fcre-weir-data
+ LOCKFILE=/tmp/git-post-receive-exp-fcre-weir-data.lock
+ exec
+ flock -x 9
+ echo '[post-receive] Acquired lock for exp-fcre-weir-data'
[post-receive] Acquired lock for exp-fcre-weir-data
+ '[' '!' -d /data/exp-fcre-weir-data/.git ']'
+ echo '[post-receive] WORKDIR already exists.'
[post-receive] WORKDIR already exists.
+ cd /data/exp-fcre-weir-data
+ unset GIT_DIR
+ unset GIT_WORK_TREE
+ git checkout exp-fcre-weir-data
Already on 'exp-fcre-weir-data'
Your branch is up to date with 'origin/exp-fcre-weir-data'.
+ git fetch origin
From /data/fcre-data-exp-worktree
   3e8e4a9..9366a0d  exp-fcre-weir-data -> origin/exp-fcre-weir-data
+ git reset --hard origin/exp-fcre-weir-data
HEAD is now at 9366a0d Sat 2025-08-02 15:38:05 EDT
+ git push github exp-fcre-weir-data
To github.com:FLARE-forecast/TEST-data.git
   3e8e4a9..9366a0d  exp-fcre-weir-data -> exp-fcre-weir-data
+ echo '[post-receive] Sync complete for exp-fcre-weir-data.'
[post-receive] Sync complete for exp-fcre-weir-data.
+ exec
+ read oldrev newrev refname
+ WORKDIR_BASE=/data
+ echo '[post-receive] Starting sync task...'
[post-receive] Starting sync task...
+ read oldrev newrev refname
+ [[ refs/heads/exp-fcre-weir-data =~ ^refs/heads/ ]]
+ branch=exp-fcre-weir-data
+ echo '[post-receive] Processing branch: exp-fcre-weir-data'
[post-receive] Processing branch: exp-fcre-weir-data
+ WORKDIR=/data/exp-fcre-weir-data
+ LOCKFILE=/tmp/git-post-receive-exp-fcre-weir-data.lock
+ exec
+ flock -x 9
+ echo '[post-receive] Acquired lock for exp-fcre-weir-data'
[post-receive] Acquired lock for exp-fcre-weir-data
+ '[' '!' -d /data/exp-fcre-weir-data/.git ']'
+ echo '[post-receive] WORKDIR already exists.'
[post-receive] WORKDIR already exists.
+ cd /data/exp-fcre-weir-data
+ unset GIT_DIR
+ unset GIT_WORK_TREE
+ git checkout exp-fcre-weir-data
Already on 'exp-fcre-weir-data'
Your branch is up to date with 'origin/exp-fcre-weir-data'.
+ git fetch origin
From /data/fcre-data-exp-worktree
   9366a0d..536583d  exp-fcre-weir-data -> origin/exp-fcre-weir-data
+ git reset --hard origin/exp-fcre-weir-data
HEAD is now at 536583d Sat 2025-08-02 21:26:26 EDT
+ git push github exp-fcre-weir-data
To github.com:FLARE-forecast/TEST-data.git
   9366a0d..536583d  exp-fcre-weir-data -> exp-fcre-weir-data
+ echo '[post-receive] Sync complete for exp-fcre-weir-data.'
[post-receive] Sync complete for exp-fcre-weir-data.
+ exec
+ read oldrev newrev refname
+ WORKDIR_BASE=/data
+ echo '[post-receive] Starting sync task...'
[post-receive] Starting sync task...
+ read oldrev newrev refname
+ [[ refs/heads/exp-fcre-weir-data =~ ^refs/heads/ ]]
+ branch=exp-fcre-weir-data
+ echo '[post-receive] Processing branch: exp-fcre-weir-data'
[post-receive] Processing branch: exp-fcre-weir-data
+ WORKDIR=/data/exp-fcre-weir-data
+ LOCKFILE=/tmp/git-post-receive-exp-fcre-weir-data.lock
+ exec
+ flock -x 9
+ echo '[post-receive] Acquired lock for exp-fcre-weir-data'
[post-receive] Acquired lock for exp-fcre-weir-data
+ '[' '!' -d /data/exp-fcre-weir-data/.git ']'
+ echo '[post-receive] WORKDIR already exists.'
[post-receive] WORKDIR already exists.
+ cd /data/exp-fcre-weir-data
+ unset GIT_DIR
+ unset GIT_WORK_TREE
+ git checkout exp-fcre-weir-data
Already on 'exp-fcre-weir-data'
Your branch is up to date with 'origin/exp-fcre-weir-data'.
+ git fetch origin
From /data/fcre-data-exp-worktree
   536583d..450b773  exp-fcre-weir-data -> origin/exp-fcre-weir-data
+ git reset --hard origin/exp-fcre-weir-data
HEAD is now at 450b773 Sun 2025-08-03 01:19:24 EDT
+ git push github exp-fcre-weir-data
To github.com:FLARE-forecast/TEST-data.git
   536583d..450b773  exp-fcre-weir-data -> exp-fcre-weir-data
+ echo '[post-receive] Sync complete for exp-fcre-weir-data.'
[post-receive] Sync complete for exp-fcre-weir-data.
+ exec
+ read oldrev newrev refname
+ WORKDIR_BASE=/data
+ echo '[post-receive] Starting sync task...'
[post-receive] Starting sync task...
+ read oldrev newrev refname
+ [[ refs/heads/exp-fcre-weir-data =~ ^refs/heads/ ]]
+ branch=exp-fcre-weir-data
+ echo '[post-receive] Processing branch: exp-fcre-weir-data'
[post-receive] Processing branch: exp-fcre-weir-data
+ WORKDIR=/data/exp-fcre-weir-data
+ LOCKFILE=/tmp/git-post-receive-exp-fcre-weir-data.lock
+ exec
+ flock -x 9
+ echo '[post-receive] Acquired lock for exp-fcre-weir-data'
[post-receive] Acquired lock for exp-fcre-weir-data
+ '[' '!' -d /data/exp-fcre-weir-data/.git ']'
+ echo '[post-receive] WORKDIR already exists.'
[post-receive] WORKDIR already exists.
+ cd /data/exp-fcre-weir-data
+ unset GIT_DIR
+ unset GIT_WORK_TREE
+ git checkout exp-fcre-weir-data
Already on 'exp-fcre-weir-data'
Your branch is up to date with 'origin/exp-fcre-weir-data'.
+ git fetch origin
From /data/fcre-data-exp-worktree
   450b773..111af0f  exp-fcre-weir-data -> origin/exp-fcre-weir-data
+ git reset --hard origin/exp-fcre-weir-data
HEAD is now at 111af0f Sun 2025-08-03 07:04:49 EDT
+ git push github exp-fcre-weir-data
To github.com:FLARE-forecast/TEST-data.git
   450b773..111af0f  exp-fcre-weir-data -> exp-fcre-weir-data
+ echo '[post-receive] Sync complete for exp-fcre-weir-data.'
[post-receive] Sync complete for exp-fcre-weir-data.
+ exec
+ read oldrev newrev refname
+ WORKDIR_BASE=/data
+ echo '[post-receive] Starting sync task...'
[post-receive] Starting sync task...
+ read oldrev newrev refname
+ [[ refs/heads/exp-fcre-weir-data =~ ^refs/heads/ ]]
+ branch=exp-fcre-weir-data
+ echo '[post-receive] Processing branch: exp-fcre-weir-data'
[post-receive] Processing branch: exp-fcre-weir-data
+ WORKDIR=/data/exp-fcre-weir-data
+ LOCKFILE=/tmp/git-post-receive-exp-fcre-weir-data.lock
+ exec
+ flock -x 9
+ echo '[post-receive] Acquired lock for exp-fcre-weir-data'
[post-receive] Acquired lock for exp-fcre-weir-data
+ '[' '!' -d /data/exp-fcre-weir-data/.git ']'
+ echo '[post-receive] WORKDIR already exists.'
[post-receive] WORKDIR already exists.
+ cd /data/exp-fcre-weir-data
+ unset GIT_DIR
+ unset GIT_WORK_TREE
+ git checkout exp-fcre-weir-data
Already on 'exp-fcre-weir-data'
Your branch is up to date with 'origin/exp-fcre-weir-data'.
+ git fetch origin
From /data/fcre-data-exp-worktree
   111af0f..3cf69b8  exp-fcre-weir-data -> origin/exp-fcre-weir-data
+ git reset --hard origin/exp-fcre-weir-data
HEAD is now at 3cf69b8 Sun 2025-08-03 10:28:12 EDT
+ git push github exp-fcre-weir-data
To github.com:FLARE-forecast/TEST-data.git
   111af0f..3cf69b8  exp-fcre-weir-data -> exp-fcre-weir-data
+ echo '[post-receive] Sync complete for exp-fcre-weir-data.'
[post-receive] Sync complete for exp-fcre-weir-data.
+ exec
+ read oldrev newrev refname
+ WORKDIR_BASE=/data
+ echo '[post-receive] Starting sync task...'
[post-receive] Starting sync task...
+ read oldrev newrev refname
+ [[ refs/heads/exp-fcre-weir-data =~ ^refs/heads/ ]]
+ branch=exp-fcre-weir-data
+ echo '[post-receive] Processing branch: exp-fcre-weir-data'
[post-receive] Processing branch: exp-fcre-weir-data
+ WORKDIR=/data/exp-fcre-weir-data
+ LOCKFILE=/tmp/git-post-receive-exp-fcre-weir-data.lock
+ exec
+ flock -x 9
+ echo '[post-receive] Acquired lock for exp-fcre-weir-data'
[post-receive] Acquired lock for exp-fcre-weir-data
+ '[' '!' -d /data/exp-fcre-weir-data/.git ']'
+ echo '[post-receive] WORKDIR already exists.'
[post-receive] WORKDIR already exists.
+ cd /data/exp-fcre-weir-data
+ unset GIT_DIR
+ unset GIT_WORK_TREE
+ git checkout exp-fcre-weir-data
Already on 'exp-fcre-weir-data'
Your branch is up to date with 'origin/exp-fcre-weir-data'.
+ git fetch origin
From /data/fcre-data-exp-worktree
   3cf69b8..747cbc9  exp-fcre-weir-data -> origin/exp-fcre-weir-data
+ git reset --hard origin/exp-fcre-weir-data
HEAD is now at 747cbc9 Sun 2025-08-03 12:26:48 EDT
+ git push github exp-fcre-weir-data
To github.com:FLARE-forecast/TEST-data.git
   3cf69b8..747cbc9  exp-fcre-weir-data -> exp-fcre-weir-data
+ echo '[post-receive] Sync complete for exp-fcre-weir-data.'
[post-receive] Sync complete for exp-fcre-weir-data.
+ exec
+ read oldrev newrev refname
+ WORKDIR_BASE=/data
+ echo '[post-receive] Starting sync task...'
[post-receive] Starting sync task...
+ read oldrev newrev refname
+ [[ refs/heads/exp-fcre-weir-data =~ ^refs/heads/ ]]
+ branch=exp-fcre-weir-data
+ echo '[post-receive] Processing branch: exp-fcre-weir-data'
[post-receive] Processing branch: exp-fcre-weir-data
+ WORKDIR=/data/exp-fcre-weir-data
+ LOCKFILE=/tmp/git-post-receive-exp-fcre-weir-data.lock
+ exec
+ flock -x 9
+ echo '[post-receive] Acquired lock for exp-fcre-weir-data'
[post-receive] Acquired lock for exp-fcre-weir-data
+ '[' '!' -d /data/exp-fcre-weir-data/.git ']'
+ echo '[post-receive] WORKDIR already exists.'
[post-receive] WORKDIR already exists.
+ cd /data/exp-fcre-weir-data
+ unset GIT_DIR
+ unset GIT_WORK_TREE
+ git checkout exp-fcre-weir-data
Already on 'exp-fcre-weir-data'
Your branch is up to date with 'origin/exp-fcre-weir-data'.
+ git fetch origin
From /data/fcre-data-exp-worktree
   747cbc9..a21cc77  exp-fcre-weir-data -> origin/exp-fcre-weir-data
+ git reset --hard origin/exp-fcre-weir-data
HEAD is now at a21cc77 Sun 2025-08-03 15:36:59 EDT
+ git push github exp-fcre-weir-data
To github.com:FLARE-forecast/TEST-data.git
   747cbc9..a21cc77  exp-fcre-weir-data -> exp-fcre-weir-data
+ echo '[post-receive] Sync complete for exp-fcre-weir-data.'
[post-receive] Sync complete for exp-fcre-weir-data.
+ exec
+ read oldrev newrev refname
+ WORKDIR_BASE=/data
+ echo '[post-receive] Starting sync task...'
[post-receive] Starting sync task...
+ read oldrev newrev refname
+ [[ refs/heads/exp-fcre-weir-data =~ ^refs/heads/ ]]
+ branch=exp-fcre-weir-data
+ echo '[post-receive] Processing branch: exp-fcre-weir-data'
[post-receive] Processing branch: exp-fcre-weir-data
+ WORKDIR=/data/exp-fcre-weir-data
+ LOCKFILE=/tmp/git-post-receive-exp-fcre-weir-data.lock
+ exec
+ flock -x 9
+ echo '[post-receive] Acquired lock for exp-fcre-weir-data'
[post-receive] Acquired lock for exp-fcre-weir-data
+ '[' '!' -d /data/exp-fcre-weir-data/.git ']'
+ echo '[post-receive] WORKDIR already exists.'
[post-receive] WORKDIR already exists.
+ cd /data/exp-fcre-weir-data
+ unset GIT_DIR
+ unset GIT_WORK_TREE
+ git checkout exp-fcre-weir-data
Already on 'exp-fcre-weir-data'
Your branch is up to date with 'origin/exp-fcre-weir-data'.
+ git fetch origin
From /data/fcre-data-exp-worktree
   a21cc77..61a3805  exp-fcre-weir-data -> origin/exp-fcre-weir-data
+ git reset --hard origin/exp-fcre-weir-data
HEAD is now at 61a3805 Sun 2025-08-03 21:09:55 EDT
+ git push github exp-fcre-weir-data
To github.com:FLARE-forecast/TEST-data.git
   a21cc77..61a3805  exp-fcre-weir-data -> exp-fcre-weir-data
+ echo '[post-receive] Sync complete for exp-fcre-weir-data.'
[post-receive] Sync complete for exp-fcre-weir-data.
+ exec
+ read oldrev newrev refname
+ WORKDIR_BASE=/data
+ echo '[post-receive] Starting sync task...'
[post-receive] Starting sync task...
+ read oldrev newrev refname
+ [[ refs/heads/exp-mia-logs =~ ^refs/heads/ ]]
+ branch=exp-mia-logs
+ echo '[post-receive] Processing branch: exp-mia-logs'
[post-receive] Processing branch: exp-mia-logs
+ WORKDIR=/data/exp-mia-logs
+ LOCKFILE=/tmp/git-post-receive-exp-mia-logs.lock
+ exec
+ flock -x 9
+ echo '[post-receive] Acquired lock for exp-mia-logs'
[post-receive] Acquired lock for exp-mia-logs
+ '[' '!' -d /data/exp-mia-logs/.git ']'
+ echo '[post-receive] WORKDIR already exists.'
[post-receive] WORKDIR already exists.
+ cd /data/exp-mia-logs
+ unset GIT_DIR
+ unset GIT_WORK_TREE
+ git checkout exp-mia-logs
Already on 'exp-mia-logs'
Your branch is up to date with 'origin/exp-mia-logs'.
+ git fetch origin
From /data/fcre-data-exp-worktree
   50df639..9c57203  exp-mia-logs       -> origin/exp-mia-logs
   810b9a8..61a3805  exp-fcre-weir-data -> origin/exp-fcre-weir-data
+ git reset --hard origin/exp-mia-logs
HEAD is now at 9c57203 Wed 2025-07-30 12:49:55 EDT
+ git push github exp-mia-logs
To github.com:FLARE-forecast/TEST-data.git
   50df639..9c57203  exp-mia-logs -> exp-mia-logs
+ echo '[post-receive] Sync complete for exp-mia-logs.'
[post-receive] Sync complete for exp-mia-logs.
+ exec
+ read oldrev newrev refname
+ WORKDIR_BASE=/data
+ echo '[post-receive] Starting sync task...'
[post-receive] Starting sync task...
+ read oldrev newrev refname
+ [[ refs/heads/exp-fcre-weir-data =~ ^refs/heads/ ]]
+ branch=exp-fcre-weir-data
+ echo '[post-receive] Processing branch: exp-fcre-weir-data'
[post-receive] Processing branch: exp-fcre-weir-data
+ WORKDIR=/data/exp-fcre-weir-data
+ LOCKFILE=/tmp/git-post-receive-exp-fcre-weir-data.lock
+ exec
+ flock -x 9
+ echo '[post-receive] Acquired lock for exp-fcre-weir-data'
[post-receive] Acquired lock for exp-fcre-weir-data
+ '[' '!' -d /data/exp-fcre-weir-data/.git ']'
+ echo '[post-receive] WORKDIR already exists.'
[post-receive] WORKDIR already exists.
+ cd /data/exp-fcre-weir-data
+ unset GIT_DIR
+ unset GIT_WORK_TREE
+ git checkout exp-fcre-weir-data
Already on 'exp-fcre-weir-data'
Your branch is up to date with 'origin/exp-fcre-weir-data'.
+ git fetch origin
From /data/fcre-data-exp-worktree
   61a3805..02d3929  exp-fcre-weir-data -> origin/exp-fcre-weir-data
   50df639..9c57203  exp-mia-logs       -> origin/exp-mia-logs
+ git reset --hard origin/exp-fcre-weir-data
HEAD is now at 02d3929 Mon 2025-08-04 01:19:24 EDT
+ git push github exp-fcre-weir-data
To github.com:FLARE-forecast/TEST-data.git
   61a3805..02d3929  exp-fcre-weir-data -> exp-fcre-weir-data
+ echo '[post-receive] Sync complete for exp-fcre-weir-data.'
[post-receive] Sync complete for exp-fcre-weir-data.
+ exec
+ read oldrev newrev refname
+ WORKDIR_BASE=/data
+ echo '[post-receive] Starting sync task...'
[post-receive] Starting sync task...
+ read oldrev newrev refname
+ [[ refs/heads/exp-fcre-weir-data =~ ^refs/heads/ ]]
+ branch=exp-fcre-weir-data
+ echo '[post-receive] Processing branch: exp-fcre-weir-data'
[post-receive] Processing branch: exp-fcre-weir-data
+ WORKDIR=/data/exp-fcre-weir-data
+ LOCKFILE=/tmp/git-post-receive-exp-fcre-weir-data.lock
+ exec
+ flock -x 9
+ echo '[post-receive] Acquired lock for exp-fcre-weir-data'
[post-receive] Acquired lock for exp-fcre-weir-data
+ '[' '!' -d /data/exp-fcre-weir-data/.git ']'
+ echo '[post-receive] WORKDIR already exists.'
[post-receive] WORKDIR already exists.
+ cd /data/exp-fcre-weir-data
+ unset GIT_DIR
+ unset GIT_WORK_TREE
+ git checkout exp-fcre-weir-data
Already on 'exp-fcre-weir-data'
Your branch is up to date with 'origin/exp-fcre-weir-data'.
+ git fetch origin
From /data/fcre-data-exp-worktree
   02d3929..c4ea8ca  exp-fcre-weir-data -> origin/exp-fcre-weir-data
+ git reset --hard origin/exp-fcre-weir-data
HEAD is now at c4ea8ca Mon 2025-08-04 07:23:03 EDT
+ git push github exp-fcre-weir-data
To github.com:FLARE-forecast/TEST-data.git
   02d3929..c4ea8ca  exp-fcre-weir-data -> exp-fcre-weir-data
+ echo '[post-receive] Sync complete for exp-fcre-weir-data.'
[post-receive] Sync complete for exp-fcre-weir-data.
+ exec
+ read oldrev newrev refname
+ WORKDIR_BASE=/data
+ echo '[post-receive] Starting sync task...'
[post-receive] Starting sync task...
+ read oldrev newrev refname
+ [[ refs/heads/exp-fcre-weir-data =~ ^refs/heads/ ]]
+ branch=exp-fcre-weir-data
+ echo '[post-receive] Processing branch: exp-fcre-weir-data'
[post-receive] Processing branch: exp-fcre-weir-data
+ WORKDIR=/data/exp-fcre-weir-data
+ LOCKFILE=/tmp/git-post-receive-exp-fcre-weir-data.lock
+ exec
+ flock -x 9
+ echo '[post-receive] Acquired lock for exp-fcre-weir-data'
[post-receive] Acquired lock for exp-fcre-weir-data
+ '[' '!' -d /data/exp-fcre-weir-data/.git ']'
+ echo '[post-receive] WORKDIR already exists.'
[post-receive] WORKDIR already exists.
+ cd /data/exp-fcre-weir-data
+ unset GIT_DIR
+ unset GIT_WORK_TREE
+ git checkout exp-fcre-weir-data
Already on 'exp-fcre-weir-data'
Your branch is up to date with 'origin/exp-fcre-weir-data'.
+ git fetch origin
From /data/fcre-data-exp-worktree
   c4ea8ca..8bfc50d  exp-fcre-weir-data -> origin/exp-fcre-weir-data
+ git reset --hard origin/exp-fcre-weir-data
HEAD is now at 8bfc50d Mon 2025-08-04 12:28:13 EDT
+ git push github exp-fcre-weir-data
To github.com:FLARE-forecast/TEST-data.git
   c4ea8ca..8bfc50d  exp-fcre-weir-data -> exp-fcre-weir-data
+ echo '[post-receive] Sync complete for exp-fcre-weir-data.'
[post-receive] Sync complete for exp-fcre-weir-data.
+ exec
+ read oldrev newrev refname
+ WORKDIR_BASE=/data
+ echo '[post-receive] Starting sync task...'
[post-receive] Starting sync task...
+ read oldrev newrev refname
+ [[ refs/heads/exp-mia-logs =~ ^refs/heads/ ]]
+ branch=exp-mia-logs
+ echo '[post-receive] Processing branch: exp-mia-logs'
[post-receive] Processing branch: exp-mia-logs
+ WORKDIR=/data/exp-mia-logs
+ LOCKFILE=/tmp/git-post-receive-exp-mia-logs.lock
+ exec
+ flock -x 9
+ echo '[post-receive] Acquired lock for exp-mia-logs'
[post-receive] Acquired lock for exp-mia-logs
+ '[' '!' -d /data/exp-mia-logs/.git ']'
+ echo '[post-receive] WORKDIR already exists.'
[post-receive] WORKDIR already exists.
+ cd /data/exp-mia-logs
+ unset GIT_DIR
+ unset GIT_WORK_TREE
+ git checkout exp-mia-logs
Already on 'exp-mia-logs'
Your branch is up to date with 'origin/exp-mia-logs'.
+ git fetch origin
From /data/fcre-data-exp-worktree
   9c57203..a1115af  exp-mia-logs       -> origin/exp-mia-logs
   61a3805..8bfc50d  exp-fcre-weir-data -> origin/exp-fcre-weir-data
+ git reset --hard origin/exp-mia-logs
HEAD is now at a1115af Wed 2025-07-30 21:29:00 EDT
+ git push github exp-mia-logs
To github.com:FLARE-forecast/TEST-data.git
   9c57203..a1115af  exp-mia-logs -> exp-mia-logs
+ echo '[post-receive] Sync complete for exp-mia-logs.'
[post-receive] Sync complete for exp-mia-logs.
+ exec
+ read oldrev newrev refname
+ WORKDIR_BASE=/data
+ echo '[post-receive] Starting sync task...'
[post-receive] Starting sync task...
+ read oldrev newrev refname
+ [[ refs/heads/exp-mia-logs =~ ^refs/heads/ ]]
+ branch=exp-mia-logs
+ echo '[post-receive] Processing branch: exp-mia-logs'
[post-receive] Processing branch: exp-mia-logs
+ WORKDIR=/data/exp-mia-logs
+ LOCKFILE=/tmp/git-post-receive-exp-mia-logs.lock
+ exec
+ flock -x 9
+ echo '[post-receive] Acquired lock for exp-mia-logs'
[post-receive] Acquired lock for exp-mia-logs
+ '[' '!' -d /data/exp-mia-logs/.git ']'
+ echo '[post-receive] WORKDIR already exists.'
[post-receive] WORKDIR already exists.
+ cd /data/exp-mia-logs
+ unset GIT_DIR
+ unset GIT_WORK_TREE
+ git checkout exp-mia-logs
Already on 'exp-mia-logs'
Your branch is up to date with 'origin/exp-mia-logs'.
+ git fetch origin
From /data/fcre-data-exp-worktree
   a1115af..45ead72  exp-mia-logs -> origin/exp-mia-logs
+ git reset --hard origin/exp-mia-logs
HEAD is now at 45ead72 Thu 2025-07-31 01:19:53 EDT
+ git push github exp-mia-logs
To github.com:FLARE-forecast/TEST-data.git
   a1115af..45ead72  exp-mia-logs -> exp-mia-logs
+ echo '[post-receive] Sync complete for exp-mia-logs.'
[post-receive] Sync complete for exp-mia-logs.
+ exec
+ read oldrev newrev refname
+ WORKDIR_BASE=/data
+ echo '[post-receive] Starting sync task...'
[post-receive] Starting sync task...
+ read oldrev newrev refname
+ [[ refs/heads/exp-mia-logs =~ ^refs/heads/ ]]
+ branch=exp-mia-logs
+ echo '[post-receive] Processing branch: exp-mia-logs'
[post-receive] Processing branch: exp-mia-logs
+ WORKDIR=/data/exp-mia-logs
+ LOCKFILE=/tmp/git-post-receive-exp-mia-logs.lock
+ exec
+ flock -x 9
+ echo '[post-receive] Acquired lock for exp-mia-logs'
[post-receive] Acquired lock for exp-mia-logs
+ '[' '!' -d /data/exp-mia-logs/.git ']'
+ echo '[post-receive] WORKDIR already exists.'
[post-receive] WORKDIR already exists.
+ cd /data/exp-mia-logs
+ unset GIT_DIR
+ unset GIT_WORK_TREE
+ git checkout exp-mia-logs
Already on 'exp-mia-logs'
Your branch is up to date with 'origin/exp-mia-logs'.
+ git fetch origin
From /data/fcre-data-exp-worktree
   45ead72..b5e85be  exp-mia-logs -> origin/exp-mia-logs
+ git reset --hard origin/exp-mia-logs
HEAD is now at b5e85be Thu 2025-07-31 01:21:09 EDT
+ git push github exp-mia-logs
To github.com:FLARE-forecast/TEST-data.git
   45ead72..b5e85be  exp-mia-logs -> exp-mia-logs
+ echo '[post-receive] Sync complete for exp-mia-logs.'
[post-receive] Sync complete for exp-mia-logs.
+ exec
+ read oldrev newrev refname
+ WORKDIR_BASE=/data
+ echo '[post-receive] Starting sync task...'
[post-receive] Starting sync task...
+ read oldrev newrev refname
+ [[ refs/heads/exp-mia-logs =~ ^refs/heads/ ]]
+ branch=exp-mia-logs
+ echo '[post-receive] Processing branch: exp-mia-logs'
[post-receive] Processing branch: exp-mia-logs
+ WORKDIR=/data/exp-mia-logs
+ LOCKFILE=/tmp/git-post-receive-exp-mia-logs.lock
+ exec
+ flock -x 9
+ echo '[post-receive] Acquired lock for exp-mia-logs'
[post-receive] Acquired lock for exp-mia-logs
+ '[' '!' -d /data/exp-mia-logs/.git ']'
+ echo '[post-receive] WORKDIR already exists.'
[post-receive] WORKDIR already exists.
+ cd /data/exp-mia-logs
+ unset GIT_DIR
+ unset GIT_WORK_TREE
+ git checkout exp-mia-logs
Already on 'exp-mia-logs'
Your branch is up to date with 'origin/exp-mia-logs'.
+ git fetch origin
From /data/fcre-data-exp-worktree
   b5e85be..d53a520  exp-mia-logs -> origin/exp-mia-logs
+ git reset --hard origin/exp-mia-logs
HEAD is now at d53a520 Thu 2025-07-31 07:36:42 EDT
+ git push github exp-mia-logs
To github.com:FLARE-forecast/TEST-data.git
   b5e85be..d53a520  exp-mia-logs -> exp-mia-logs
+ echo '[post-receive] Sync complete for exp-mia-logs.'
[post-receive] Sync complete for exp-mia-logs.
+ exec
+ read oldrev newrev refname
+ WORKDIR_BASE=/data
+ echo '[post-receive] Starting sync task...'
[post-receive] Starting sync task...
+ read oldrev newrev refname
+ [[ refs/heads/exp-fcre-weir-data =~ ^refs/heads/ ]]
+ branch=exp-fcre-weir-data
+ echo '[post-receive] Processing branch: exp-fcre-weir-data'
[post-receive] Processing branch: exp-fcre-weir-data
+ WORKDIR=/data/exp-fcre-weir-data
+ LOCKFILE=/tmp/git-post-receive-exp-fcre-weir-data.lock
+ exec
+ flock -x 9
+ echo '[post-receive] Acquired lock for exp-fcre-weir-data'
[post-receive] Acquired lock for exp-fcre-weir-data
+ '[' '!' -d /data/exp-fcre-weir-data/.git ']'
+ echo '[post-receive] WORKDIR already exists.'
[post-receive] WORKDIR already exists.
+ cd /data/exp-fcre-weir-data
+ unset GIT_DIR
+ unset GIT_WORK_TREE
+ git checkout exp-fcre-weir-data
Already on 'exp-fcre-weir-data'
Your branch is up to date with 'origin/exp-fcre-weir-data'.
+ git fetch origin
From /data/fcre-data-exp-worktree
   8bfc50d..446c7d7  exp-fcre-weir-data -> origin/exp-fcre-weir-data
   9c57203..d53a520  exp-mia-logs       -> origin/exp-mia-logs
+ git reset --hard origin/exp-fcre-weir-data
HEAD is now at 446c7d7 Mon 2025-08-04 21:29:35 EDT
+ git push github exp-fcre-weir-data
To github.com:FLARE-forecast/TEST-data.git
   8bfc50d..446c7d7  exp-fcre-weir-data -> exp-fcre-weir-data
+ echo '[post-receive] Sync complete for exp-fcre-weir-data.'
[post-receive] Sync complete for exp-fcre-weir-data.
+ exec
+ read oldrev newrev refname
+ WORKDIR_BASE=/data
+ echo '[post-receive] Starting sync task...'
[post-receive] Starting sync task...
+ read oldrev newrev refname
+ [[ refs/heads/exp-fcre-weir-data =~ ^refs/heads/ ]]
+ branch=exp-fcre-weir-data
+ echo '[post-receive] Processing branch: exp-fcre-weir-data'
[post-receive] Processing branch: exp-fcre-weir-data
+ WORKDIR=/data/exp-fcre-weir-data
+ LOCKFILE=/tmp/git-post-receive-exp-fcre-weir-data.lock
+ exec
+ flock -x 9
+ echo '[post-receive] Acquired lock for exp-fcre-weir-data'
[post-receive] Acquired lock for exp-fcre-weir-data
+ '[' '!' -d /data/exp-fcre-weir-data/.git ']'
+ echo '[post-receive] WORKDIR already exists.'
[post-receive] WORKDIR already exists.
+ cd /data/exp-fcre-weir-data
+ unset GIT_DIR
+ unset GIT_WORK_TREE
+ git checkout exp-fcre-weir-data
Already on 'exp-fcre-weir-data'
Your branch is up to date with 'origin/exp-fcre-weir-data'.
+ git fetch origin
From /data/fcre-data-exp-worktree
   446c7d7..21076f0  exp-fcre-weir-data -> origin/exp-fcre-weir-data
+ git reset --hard origin/exp-fcre-weir-data
HEAD is now at 21076f0 Tue 2025-08-05 01:19:24 EDT
+ git push github exp-fcre-weir-data
To github.com:FLARE-forecast/TEST-data.git
   446c7d7..21076f0  exp-fcre-weir-data -> exp-fcre-weir-data
+ echo '[post-receive] Sync complete for exp-fcre-weir-data.'
[post-receive] Sync complete for exp-fcre-weir-data.
+ exec
+ read oldrev newrev refname
+ WORKDIR_BASE=/data
+ echo '[post-receive] Starting sync task...'
[post-receive] Starting sync task...
+ read oldrev newrev refname
+ [[ refs/heads/exp-fcre-weir-data =~ ^refs/heads/ ]]
+ branch=exp-fcre-weir-data
+ echo '[post-receive] Processing branch: exp-fcre-weir-data'
[post-receive] Processing branch: exp-fcre-weir-data
+ WORKDIR=/data/exp-fcre-weir-data
+ LOCKFILE=/tmp/git-post-receive-exp-fcre-weir-data.lock
+ exec
+ flock -x 9
+ echo '[post-receive] Acquired lock for exp-fcre-weir-data'
[post-receive] Acquired lock for exp-fcre-weir-data
+ '[' '!' -d /data/exp-fcre-weir-data/.git ']'
+ echo '[post-receive] WORKDIR already exists.'
[post-receive] WORKDIR already exists.
+ cd /data/exp-fcre-weir-data
+ unset GIT_DIR
+ unset GIT_WORK_TREE
+ git checkout exp-fcre-weir-data
Already on 'exp-fcre-weir-data'
Your branch is up to date with 'origin/exp-fcre-weir-data'.
+ git fetch origin
From /data/fcre-data-exp-worktree
   21076f0..b691ba1  exp-fcre-weir-data -> origin/exp-fcre-weir-data
+ git reset --hard origin/exp-fcre-weir-data
HEAD is now at b691ba1 Tue 2025-08-05 07:23:48 EDT
+ git push github exp-fcre-weir-data
To github.com:FLARE-forecast/TEST-data.git
   21076f0..b691ba1  exp-fcre-weir-data -> exp-fcre-weir-data
+ echo '[post-receive] Sync complete for exp-fcre-weir-data.'
[post-receive] Sync complete for exp-fcre-weir-data.
+ exec
+ read oldrev newrev refname
+ WORKDIR_BASE=/data
+ echo '[post-receive] Starting sync task...'
[post-receive] Starting sync task...
+ read oldrev newrev refname
+ [[ refs/heads/exp-fcre-weir-data =~ ^refs/heads/ ]]
+ branch=exp-fcre-weir-data
+ echo '[post-receive] Processing branch: exp-fcre-weir-data'
[post-receive] Processing branch: exp-fcre-weir-data
+ WORKDIR=/data/exp-fcre-weir-data
+ LOCKFILE=/tmp/git-post-receive-exp-fcre-weir-data.lock
+ exec
+ flock -x 9
+ echo '[post-receive] Acquired lock for exp-fcre-weir-data'
[post-receive] Acquired lock for exp-fcre-weir-data
+ '[' '!' -d /data/exp-fcre-weir-data/.git ']'
+ echo '[post-receive] WORKDIR already exists.'
[post-receive] WORKDIR already exists.
+ cd /data/exp-fcre-weir-data
+ unset GIT_DIR
+ unset GIT_WORK_TREE
+ git checkout exp-fcre-weir-data
Already on 'exp-fcre-weir-data'
Your branch is up to date with 'origin/exp-fcre-weir-data'.
+ git fetch origin
From /data/fcre-data-exp-worktree
   b691ba1..7091328  exp-fcre-weir-data -> origin/exp-fcre-weir-data
+ git reset --hard origin/exp-fcre-weir-data
HEAD is now at 7091328 Tue 2025-08-05 10:11:26 EDT
+ git push github exp-fcre-weir-data
To github.com:FLARE-forecast/TEST-data.git
   b691ba1..7091328  exp-fcre-weir-data -> exp-fcre-weir-data
+ echo '[post-receive] Sync complete for exp-fcre-weir-data.'
[post-receive] Sync complete for exp-fcre-weir-data.
+ exec
+ read oldrev newrev refname
+ WORKDIR_BASE=/data
+ echo '[post-receive] Starting sync task...'
[post-receive] Starting sync task...
+ read oldrev newrev refname
+ [[ refs/heads/exp-fcre-weir-data =~ ^refs/heads/ ]]
+ branch=exp-fcre-weir-data
+ echo '[post-receive] Processing branch: exp-fcre-weir-data'
[post-receive] Processing branch: exp-fcre-weir-data
+ WORKDIR=/data/exp-fcre-weir-data
+ LOCKFILE=/tmp/git-post-receive-exp-fcre-weir-data.lock
+ exec
+ flock -x 9
+ echo '[post-receive] Acquired lock for exp-fcre-weir-data'
[post-receive] Acquired lock for exp-fcre-weir-data
+ '[' '!' -d /data/exp-fcre-weir-data/.git ']'
+ echo '[post-receive] WORKDIR already exists.'
[post-receive] WORKDIR already exists.
+ cd /data/exp-fcre-weir-data
+ unset GIT_DIR
+ unset GIT_WORK_TREE
+ git checkout exp-fcre-weir-data
Already on 'exp-fcre-weir-data'
Your branch is up to date with 'origin/exp-fcre-weir-data'.
+ git fetch origin
From /data/fcre-data-exp-worktree
   7091328..c185f1c  exp-fcre-weir-data -> origin/exp-fcre-weir-data
+ git reset --hard origin/exp-fcre-weir-data
HEAD is now at c185f1c Tue 2025-08-05 12:11:26 EDT
+ git push github exp-fcre-weir-data
To github.com:FLARE-forecast/TEST-data.git
   7091328..c185f1c  exp-fcre-weir-data -> exp-fcre-weir-data
+ echo '[post-receive] Sync complete for exp-fcre-weir-data.'
[post-receive] Sync complete for exp-fcre-weir-data.
+ exec
+ read oldrev newrev refname
+ WORKDIR_BASE=/data
+ echo '[post-receive] Starting sync task...'
[post-receive] Starting sync task...
+ read oldrev newrev refname
+ [[ refs/heads/exp-fcre-weir-data =~ ^refs/heads/ ]]
+ branch=exp-fcre-weir-data
+ echo '[post-receive] Processing branch: exp-fcre-weir-data'
[post-receive] Processing branch: exp-fcre-weir-data
+ WORKDIR=/data/exp-fcre-weir-data
+ LOCKFILE=/tmp/git-post-receive-exp-fcre-weir-data.lock
+ exec
+ flock -x 9
+ echo '[post-receive] Acquired lock for exp-fcre-weir-data'
[post-receive] Acquired lock for exp-fcre-weir-data
+ '[' '!' -d /data/exp-fcre-weir-data/.git ']'
+ echo '[post-receive] WORKDIR already exists.'
[post-receive] WORKDIR already exists.
+ cd /data/exp-fcre-weir-data
+ unset GIT_DIR
+ unset GIT_WORK_TREE
+ git checkout exp-fcre-weir-data
Already on 'exp-fcre-weir-data'
Your branch is up to date with 'origin/exp-fcre-weir-data'.
+ git fetch origin
From /data/fcre-data-exp-worktree
   c185f1c..9f2f3ae  exp-fcre-weir-data -> origin/exp-fcre-weir-data
+ git reset --hard origin/exp-fcre-weir-data
HEAD is now at 9f2f3ae Tue 2025-08-05 15:37:28 EDT
+ git push github exp-fcre-weir-data
To github.com:FLARE-forecast/TEST-data.git
   c185f1c..9f2f3ae  exp-fcre-weir-data -> exp-fcre-weir-data
+ echo '[post-receive] Sync complete for exp-fcre-weir-data.'
[post-receive] Sync complete for exp-fcre-weir-data.
+ exec
+ read oldrev newrev refname
+ WORKDIR_BASE=/data
+ echo '[post-receive] Starting sync task...'
[post-receive] Starting sync task...
+ read oldrev newrev refname
+ [[ refs/heads/exp-fcre-weir-data =~ ^refs/heads/ ]]
+ branch=exp-fcre-weir-data
+ echo '[post-receive] Processing branch: exp-fcre-weir-data'
[post-receive] Processing branch: exp-fcre-weir-data
+ WORKDIR=/data/exp-fcre-weir-data
+ LOCKFILE=/tmp/git-post-receive-exp-fcre-weir-data.lock
+ exec
+ flock -x 9
+ echo '[post-receive] Acquired lock for exp-fcre-weir-data'
[post-receive] Acquired lock for exp-fcre-weir-data
+ '[' '!' -d /data/exp-fcre-weir-data/.git ']'
+ echo '[post-receive] WORKDIR already exists.'
[post-receive] WORKDIR already exists.
+ cd /data/exp-fcre-weir-data
+ unset GIT_DIR
+ unset GIT_WORK_TREE
+ git checkout exp-fcre-weir-data
Already on 'exp-fcre-weir-data'
Your branch is up to date with 'origin/exp-fcre-weir-data'.
+ git fetch origin
From /data/fcre-data-exp-worktree
   9f2f3ae..1dcb65b  exp-fcre-weir-data -> origin/exp-fcre-weir-data
+ git reset --hard origin/exp-fcre-weir-data
HEAD is now at 1dcb65b Tue 2025-08-05 21:28:49 EDT
+ git push github exp-fcre-weir-data
To github.com:FLARE-forecast/TEST-data.git
   9f2f3ae..1dcb65b  exp-fcre-weir-data -> exp-fcre-weir-data
+ echo '[post-receive] Sync complete for exp-fcre-weir-data.'
[post-receive] Sync complete for exp-fcre-weir-data.
+ exec
+ read oldrev newrev refname
+ WORKDIR_BASE=/data
+ echo '[post-receive] Starting sync task...'
[post-receive] Starting sync task...
+ read oldrev newrev refname
+ [[ refs/heads/exp-fcre-weir-data =~ ^refs/heads/ ]]
+ branch=exp-fcre-weir-data
+ echo '[post-receive] Processing branch: exp-fcre-weir-data'
[post-receive] Processing branch: exp-fcre-weir-data
+ WORKDIR=/data/exp-fcre-weir-data
+ LOCKFILE=/tmp/git-post-receive-exp-fcre-weir-data.lock
+ exec
+ flock -x 9
+ echo '[post-receive] Acquired lock for exp-fcre-weir-data'
[post-receive] Acquired lock for exp-fcre-weir-data
+ '[' '!' -d /data/exp-fcre-weir-data/.git ']'
+ echo '[post-receive] WORKDIR already exists.'
[post-receive] WORKDIR already exists.
+ cd /data/exp-fcre-weir-data
+ unset GIT_DIR
+ unset GIT_WORK_TREE
+ git checkout exp-fcre-weir-data
Already on 'exp-fcre-weir-data'
Your branch is up to date with 'origin/exp-fcre-weir-data'.
+ git fetch origin
From /data/fcre-data-exp-worktree
   1dcb65b..632dccb  exp-fcre-weir-data -> origin/exp-fcre-weir-data
+ git reset --hard origin/exp-fcre-weir-data
HEAD is now at 632dccb Wed 2025-08-06 01:19:25 EDT
+ git push github exp-fcre-weir-data
To github.com:FLARE-forecast/TEST-data.git
   1dcb65b..632dccb  exp-fcre-weir-data -> exp-fcre-weir-data
+ echo '[post-receive] Sync complete for exp-fcre-weir-data.'
[post-receive] Sync complete for exp-fcre-weir-data.
+ exec
+ read oldrev newrev refname
+ WORKDIR_BASE=/data
+ echo '[post-receive] Starting sync task...'
[post-receive] Starting sync task...
+ read oldrev newrev refname
+ [[ refs/heads/exp-fcre-weir-data =~ ^refs/heads/ ]]
+ branch=exp-fcre-weir-data
+ echo '[post-receive] Processing branch: exp-fcre-weir-data'
[post-receive] Processing branch: exp-fcre-weir-data
+ WORKDIR=/data/exp-fcre-weir-data
+ LOCKFILE=/tmp/git-post-receive-exp-fcre-weir-data.lock
+ exec
+ flock -x 9
+ echo '[post-receive] Acquired lock for exp-fcre-weir-data'
[post-receive] Acquired lock for exp-fcre-weir-data
+ '[' '!' -d /data/exp-fcre-weir-data/.git ']'
+ echo '[post-receive] WORKDIR already exists.'
[post-receive] WORKDIR already exists.
+ cd /data/exp-fcre-weir-data
+ unset GIT_DIR
+ unset GIT_WORK_TREE
+ git checkout exp-fcre-weir-data
Already on 'exp-fcre-weir-data'
Your branch is up to date with 'origin/exp-fcre-weir-data'.
+ git fetch origin
From /data/fcre-data-exp-worktree
   632dccb..710833b  exp-fcre-weir-data -> origin/exp-fcre-weir-data
+ git reset --hard origin/exp-fcre-weir-data
HEAD is now at 710833b Wed 2025-08-06 07:22:43 EDT
+ git push github exp-fcre-weir-data
To github.com:FLARE-forecast/TEST-data.git
   632dccb..710833b  exp-fcre-weir-data -> exp-fcre-weir-data
+ echo '[post-receive] Sync complete for exp-fcre-weir-data.'
[post-receive] Sync complete for exp-fcre-weir-data.
+ exec
+ read oldrev newrev refname
+ WORKDIR_BASE=/data
+ echo '[post-receive] Starting sync task...'
[post-receive] Starting sync task...
+ read oldrev newrev refname
+ [[ refs/heads/exp-fcre-weir-data =~ ^refs/heads/ ]]
+ branch=exp-fcre-weir-data
+ echo '[post-receive] Processing branch: exp-fcre-weir-data'
[post-receive] Processing branch: exp-fcre-weir-data
+ WORKDIR=/data/exp-fcre-weir-data
+ LOCKFILE=/tmp/git-post-receive-exp-fcre-weir-data.lock
+ exec
+ flock -x 9
+ echo '[post-receive] Acquired lock for exp-fcre-weir-data'
[post-receive] Acquired lock for exp-fcre-weir-data
+ '[' '!' -d /data/exp-fcre-weir-data/.git ']'
+ echo '[post-receive] WORKDIR already exists.'
[post-receive] WORKDIR already exists.
+ cd /data/exp-fcre-weir-data
+ unset GIT_DIR
+ unset GIT_WORK_TREE
+ git checkout exp-fcre-weir-data
Already on 'exp-fcre-weir-data'
Your branch is up to date with 'origin/exp-fcre-weir-data'.
+ git fetch origin
From /data/fcre-data-exp-worktree
   710833b..0f2b57f  exp-fcre-weir-data -> origin/exp-fcre-weir-data
+ git reset --hard origin/exp-fcre-weir-data
HEAD is now at 0f2b57f Wed 2025-08-06 10:09:27 EDT
+ git push github exp-fcre-weir-data
To github.com:FLARE-forecast/TEST-data.git
   710833b..0f2b57f  exp-fcre-weir-data -> exp-fcre-weir-data
+ echo '[post-receive] Sync complete for exp-fcre-weir-data.'
[post-receive] Sync complete for exp-fcre-weir-data.
+ exec
+ read oldrev newrev refname
+ WORKDIR_BASE=/data
+ echo '[post-receive] Starting sync task...'
[post-receive] Starting sync task...
+ read oldrev newrev refname
+ [[ refs/heads/exp-fcre-weir-data =~ ^refs/heads/ ]]
+ branch=exp-fcre-weir-data
+ echo '[post-receive] Processing branch: exp-fcre-weir-data'
[post-receive] Processing branch: exp-fcre-weir-data
+ WORKDIR=/data/exp-fcre-weir-data
+ LOCKFILE=/tmp/git-post-receive-exp-fcre-weir-data.lock
+ exec
+ flock -x 9
+ echo '[post-receive] Acquired lock for exp-fcre-weir-data'
[post-receive] Acquired lock for exp-fcre-weir-data
+ '[' '!' -d /data/exp-fcre-weir-data/.git ']'
+ echo '[post-receive] WORKDIR already exists.'
[post-receive] WORKDIR already exists.
+ cd /data/exp-fcre-weir-data
+ unset GIT_DIR
+ unset GIT_WORK_TREE
+ git checkout exp-fcre-weir-data
Already on 'exp-fcre-weir-data'
Your branch is up to date with 'origin/exp-fcre-weir-data'.
+ git fetch origin
From /data/fcre-data-exp-worktree
   0f2b57f..61e7cc1  exp-fcre-weir-data -> origin/exp-fcre-weir-data
+ git reset --hard origin/exp-fcre-weir-data
HEAD is now at 61e7cc1 Wed 2025-08-06 12:11:26 EDT
+ git push github exp-fcre-weir-data
To github.com:FLARE-forecast/TEST-data.git
   0f2b57f..61e7cc1  exp-fcre-weir-data -> exp-fcre-weir-data
+ echo '[post-receive] Sync complete for exp-fcre-weir-data.'
[post-receive] Sync complete for exp-fcre-weir-data.
+ exec
+ read oldrev newrev refname
+ WORKDIR_BASE=/data
+ echo '[post-receive] Starting sync task...'
[post-receive] Starting sync task...
+ read oldrev newrev refname
+ [[ refs/heads/exp-fcre-weir-data =~ ^refs/heads/ ]]
+ branch=exp-fcre-weir-data
+ echo '[post-receive] Processing branch: exp-fcre-weir-data'
[post-receive] Processing branch: exp-fcre-weir-data
+ WORKDIR=/data/exp-fcre-weir-data
+ LOCKFILE=/tmp/git-post-receive-exp-fcre-weir-data.lock
+ exec
+ flock -x 9
+ echo '[post-receive] Acquired lock for exp-fcre-weir-data'
[post-receive] Acquired lock for exp-fcre-weir-data
+ '[' '!' -d /data/exp-fcre-weir-data/.git ']'
+ echo '[post-receive] WORKDIR already exists.'
[post-receive] WORKDIR already exists.
+ cd /data/exp-fcre-weir-data
+ unset GIT_DIR
+ unset GIT_WORK_TREE
+ git checkout exp-fcre-weir-data
Already on 'exp-fcre-weir-data'
Your branch is up to date with 'origin/exp-fcre-weir-data'.
+ git fetch origin
From /data/fcre-data-exp-worktree
   61e7cc1..b86bae6  exp-fcre-weir-data -> origin/exp-fcre-weir-data
+ git reset --hard origin/exp-fcre-weir-data
HEAD is now at b86bae6 Wed 2025-08-06 15:36:41 EDT
+ git push github exp-fcre-weir-data
To github.com:FLARE-forecast/TEST-data.git
   61e7cc1..b86bae6  exp-fcre-weir-data -> exp-fcre-weir-data
+ echo '[post-receive] Sync complete for exp-fcre-weir-data.'
[post-receive] Sync complete for exp-fcre-weir-data.
+ exec
+ read oldrev newrev refname
+ WORKDIR_BASE=/data
+ echo '[post-receive] Starting sync task...'
[post-receive] Starting sync task...
+ read oldrev newrev refname
+ [[ refs/heads/exp-fcre-weir-data =~ ^refs/heads/ ]]
+ branch=exp-fcre-weir-data
+ echo '[post-receive] Processing branch: exp-fcre-weir-data'
[post-receive] Processing branch: exp-fcre-weir-data
+ WORKDIR=/data/exp-fcre-weir-data
+ LOCKFILE=/tmp/git-post-receive-exp-fcre-weir-data.lock
+ exec
+ flock -x 9
+ echo '[post-receive] Acquired lock for exp-fcre-weir-data'
[post-receive] Acquired lock for exp-fcre-weir-data
+ '[' '!' -d /data/exp-fcre-weir-data/.git ']'
+ echo '[post-receive] WORKDIR already exists.'
[post-receive] WORKDIR already exists.
+ cd /data/exp-fcre-weir-data
+ unset GIT_DIR
+ unset GIT_WORK_TREE
+ git checkout exp-fcre-weir-data
Already on 'exp-fcre-weir-data'
Your branch is up to date with 'origin/exp-fcre-weir-data'.
+ git fetch origin
From /data/fcre-data-exp-worktree
   b86bae6..bb43175  exp-fcre-weir-data -> origin/exp-fcre-weir-data
+ git reset --hard origin/exp-fcre-weir-data
HEAD is now at bb43175 Wed 2025-08-06 21:27:31 EDT
+ git push github exp-fcre-weir-data
To github.com:FLARE-forecast/TEST-data.git
   b86bae6..bb43175  exp-fcre-weir-data -> exp-fcre-weir-data
+ echo '[post-receive] Sync complete for exp-fcre-weir-data.'
[post-receive] Sync complete for exp-fcre-weir-data.
+ exec
+ read oldrev newrev refname
+ WORKDIR_BASE=/data
+ echo '[post-receive] Starting sync task...'
[post-receive] Starting sync task...
+ read oldrev newrev refname
+ [[ refs/heads/exp-fcre-weir-data =~ ^refs/heads/ ]]
+ branch=exp-fcre-weir-data
+ echo '[post-receive] Processing branch: exp-fcre-weir-data'
[post-receive] Processing branch: exp-fcre-weir-data
+ WORKDIR=/data/exp-fcre-weir-data
+ LOCKFILE=/tmp/git-post-receive-exp-fcre-weir-data.lock
+ exec
+ flock -x 9
+ echo '[post-receive] Acquired lock for exp-fcre-weir-data'
[post-receive] Acquired lock for exp-fcre-weir-data
+ '[' '!' -d /data/exp-fcre-weir-data/.git ']'
+ echo '[post-receive] WORKDIR already exists.'
[post-receive] WORKDIR already exists.
+ cd /data/exp-fcre-weir-data
+ unset GIT_DIR
+ unset GIT_WORK_TREE
+ git checkout exp-fcre-weir-data
Already on 'exp-fcre-weir-data'
Your branch is up to date with 'origin/exp-fcre-weir-data'.
+ git fetch origin
From /data/fcre-data-exp-worktree
   bb43175..37cf028  exp-fcre-weir-data -> origin/exp-fcre-weir-data
+ git reset --hard origin/exp-fcre-weir-data
HEAD is now at 37cf028 Thu 2025-08-07 01:19:28 EDT
+ git push github exp-fcre-weir-data
To github.com:FLARE-forecast/TEST-data.git
   bb43175..37cf028  exp-fcre-weir-data -> exp-fcre-weir-data
+ echo '[post-receive] Sync complete for exp-fcre-weir-data.'
[post-receive] Sync complete for exp-fcre-weir-data.
+ exec
+ read oldrev newrev refname
+ WORKDIR_BASE=/data
+ echo '[post-receive] Starting sync task...'
[post-receive] Starting sync task...
+ read oldrev newrev refname
+ [[ refs/heads/exp-fcre-weir-data =~ ^refs/heads/ ]]
+ branch=exp-fcre-weir-data
+ echo '[post-receive] Processing branch: exp-fcre-weir-data'
[post-receive] Processing branch: exp-fcre-weir-data
+ WORKDIR=/data/exp-fcre-weir-data
+ LOCKFILE=/tmp/git-post-receive-exp-fcre-weir-data.lock
+ exec
+ flock -x 9
+ echo '[post-receive] Acquired lock for exp-fcre-weir-data'
[post-receive] Acquired lock for exp-fcre-weir-data
+ '[' '!' -d /data/exp-fcre-weir-data/.git ']'
+ echo '[post-receive] WORKDIR already exists.'
[post-receive] WORKDIR already exists.
+ cd /data/exp-fcre-weir-data
+ unset GIT_DIR
+ unset GIT_WORK_TREE
+ git checkout exp-fcre-weir-data
Already on 'exp-fcre-weir-data'
Your branch is up to date with 'origin/exp-fcre-weir-data'.
+ git fetch origin
From /data/fcre-data-exp-worktree
   37cf028..b5347f1  exp-fcre-weir-data -> origin/exp-fcre-weir-data
+ git reset --hard origin/exp-fcre-weir-data
HEAD is now at b5347f1 Thu 2025-08-07 07:23:53 EDT
+ git push github exp-fcre-weir-data
To github.com:FLARE-forecast/TEST-data.git
   37cf028..b5347f1  exp-fcre-weir-data -> exp-fcre-weir-data
+ echo '[post-receive] Sync complete for exp-fcre-weir-data.'
[post-receive] Sync complete for exp-fcre-weir-data.
+ exec
+ read oldrev newrev refname
+ WORKDIR_BASE=/data
+ echo '[post-receive] Starting sync task...'
[post-receive] Starting sync task...
+ read oldrev newrev refname
+ [[ refs/heads/exp-fcre-weir-data =~ ^refs/heads/ ]]
+ branch=exp-fcre-weir-data
+ echo '[post-receive] Processing branch: exp-fcre-weir-data'
[post-receive] Processing branch: exp-fcre-weir-data
+ WORKDIR=/data/exp-fcre-weir-data
+ LOCKFILE=/tmp/git-post-receive-exp-fcre-weir-data.lock
+ exec
+ flock -x 9
+ echo '[post-receive] Acquired lock for exp-fcre-weir-data'
[post-receive] Acquired lock for exp-fcre-weir-data
+ '[' '!' -d /data/exp-fcre-weir-data/.git ']'
+ echo '[post-receive] WORKDIR already exists.'
[post-receive] WORKDIR already exists.
+ cd /data/exp-fcre-weir-data
+ unset GIT_DIR
+ unset GIT_WORK_TREE
+ git checkout exp-fcre-weir-data
Already on 'exp-fcre-weir-data'
Your branch is up to date with 'origin/exp-fcre-weir-data'.
+ git fetch origin
From /data/fcre-data-exp-worktree
   b5347f1..1f2add5  exp-fcre-weir-data -> origin/exp-fcre-weir-data
+ git reset --hard origin/exp-fcre-weir-data
HEAD is now at 1f2add5 Thu 2025-08-07 10:28:55 EDT
+ git push github exp-fcre-weir-data
To github.com:FLARE-forecast/TEST-data.git
   b5347f1..1f2add5  exp-fcre-weir-data -> exp-fcre-weir-data
+ echo '[post-receive] Sync complete for exp-fcre-weir-data.'
[post-receive] Sync complete for exp-fcre-weir-data.
+ exec
+ read oldrev newrev refname
+ WORKDIR_BASE=/data
+ echo '[post-receive] Starting sync task...'
[post-receive] Starting sync task...
+ read oldrev newrev refname
+ [[ refs/heads/exp-fcre-weir-data =~ ^refs/heads/ ]]
+ branch=exp-fcre-weir-data
+ echo '[post-receive] Processing branch: exp-fcre-weir-data'
[post-receive] Processing branch: exp-fcre-weir-data
+ WORKDIR=/data/exp-fcre-weir-data
+ LOCKFILE=/tmp/git-post-receive-exp-fcre-weir-data.lock
+ exec
+ flock -x 9
+ echo '[post-receive] Acquired lock for exp-fcre-weir-data'
[post-receive] Acquired lock for exp-fcre-weir-data
+ '[' '!' -d /data/exp-fcre-weir-data/.git ']'
+ echo '[post-receive] WORKDIR already exists.'
[post-receive] WORKDIR already exists.
+ cd /data/exp-fcre-weir-data
+ unset GIT_DIR
+ unset GIT_WORK_TREE
+ git checkout exp-fcre-weir-data
Already on 'exp-fcre-weir-data'
Your branch is up to date with 'origin/exp-fcre-weir-data'.
+ git fetch origin
From /data/fcre-data-exp-worktree
   1f2add5..c76c5b1  exp-fcre-weir-data -> origin/exp-fcre-weir-data
+ git reset --hard origin/exp-fcre-weir-data
HEAD is now at c76c5b1 Thu 2025-08-07 12:29:40 EDT
+ git push github exp-fcre-weir-data
To github.com:FLARE-forecast/TEST-data.git
   1f2add5..c76c5b1  exp-fcre-weir-data -> exp-fcre-weir-data
+ echo '[post-receive] Sync complete for exp-fcre-weir-data.'
[post-receive] Sync complete for exp-fcre-weir-data.
+ exec
+ read oldrev newrev refname
+ WORKDIR_BASE=/data
+ echo '[post-receive] Starting sync task...'
[post-receive] Starting sync task...
+ read oldrev newrev refname
+ [[ refs/heads/exp-fcre-weir-data =~ ^refs/heads/ ]]
+ branch=exp-fcre-weir-data
+ echo '[post-receive] Processing branch: exp-fcre-weir-data'
[post-receive] Processing branch: exp-fcre-weir-data
+ WORKDIR=/data/exp-fcre-weir-data
+ LOCKFILE=/tmp/git-post-receive-exp-fcre-weir-data.lock
+ exec
+ flock -x 9
+ echo '[post-receive] Acquired lock for exp-fcre-weir-data'
[post-receive] Acquired lock for exp-fcre-weir-data
+ '[' '!' -d /data/exp-fcre-weir-data/.git ']'
+ echo '[post-receive] WORKDIR already exists.'
[post-receive] WORKDIR already exists.
+ cd /data/exp-fcre-weir-data
+ unset GIT_DIR
+ unset GIT_WORK_TREE
+ git checkout exp-fcre-weir-data
Already on 'exp-fcre-weir-data'
Your branch is up to date with 'origin/exp-fcre-weir-data'.
+ git fetch origin
From /data/fcre-data-exp-worktree
   c76c5b1..163b5d5  exp-fcre-weir-data -> origin/exp-fcre-weir-data
+ git reset --hard origin/exp-fcre-weir-data
HEAD is now at 163b5d5 Thu 2025-08-07 15:35:22 EDT
+ git push github exp-fcre-weir-data
To github.com:FLARE-forecast/TEST-data.git
   c76c5b1..163b5d5  exp-fcre-weir-data -> exp-fcre-weir-data
+ echo '[post-receive] Sync complete for exp-fcre-weir-data.'
[post-receive] Sync complete for exp-fcre-weir-data.
+ exec
+ read oldrev newrev refname
+ WORKDIR_BASE=/data
+ echo '[post-receive] Starting sync task...'
[post-receive] Starting sync task...
+ read oldrev newrev refname
+ [[ refs/heads/exp-fcre-weir-data =~ ^refs/heads/ ]]
+ branch=exp-fcre-weir-data
+ echo '[post-receive] Processing branch: exp-fcre-weir-data'
[post-receive] Processing branch: exp-fcre-weir-data
+ WORKDIR=/data/exp-fcre-weir-data
+ LOCKFILE=/tmp/git-post-receive-exp-fcre-weir-data.lock
+ exec
+ flock -x 9
+ echo '[post-receive] Acquired lock for exp-fcre-weir-data'
[post-receive] Acquired lock for exp-fcre-weir-data
+ '[' '!' -d /data/exp-fcre-weir-data/.git ']'
+ echo '[post-receive] WORKDIR already exists.'
[post-receive] WORKDIR already exists.
+ cd /data/exp-fcre-weir-data
+ unset GIT_DIR
+ unset GIT_WORK_TREE
+ git checkout exp-fcre-weir-data
Already on 'exp-fcre-weir-data'
Your branch is up to date with 'origin/exp-fcre-weir-data'.
+ git fetch origin
From /data/fcre-data-exp-worktree
   163b5d5..9c8b2aa  exp-fcre-weir-data -> origin/exp-fcre-weir-data
+ git reset --hard origin/exp-fcre-weir-data
HEAD is now at 9c8b2aa Fri 2025-08-08 01:19:26 EDT
+ git push github exp-fcre-weir-data
To github.com:FLARE-forecast/TEST-data.git
   163b5d5..9c8b2aa  exp-fcre-weir-data -> exp-fcre-weir-data
+ echo '[post-receive] Sync complete for exp-fcre-weir-data.'
[post-receive] Sync complete for exp-fcre-weir-data.
+ exec
+ read oldrev newrev refname
+ WORKDIR_BASE=/data
+ echo '[post-receive] Starting sync task...'
[post-receive] Starting sync task...
+ read oldrev newrev refname
+ [[ refs/heads/exp-mia-logs =~ ^refs/heads/ ]]
+ branch=exp-mia-logs
+ echo '[post-receive] Processing branch: exp-mia-logs'
[post-receive] Processing branch: exp-mia-logs
+ WORKDIR=/data/exp-mia-logs
+ LOCKFILE=/tmp/git-post-receive-exp-mia-logs.lock
+ exec
+ flock -x 9
+ echo '[post-receive] Acquired lock for exp-mia-logs'
[post-receive] Acquired lock for exp-mia-logs
+ '[' '!' -d /data/exp-mia-logs/.git ']'
+ echo '[post-receive] WORKDIR already exists.'
[post-receive] WORKDIR already exists.
+ cd /data/exp-mia-logs
+ unset GIT_DIR
+ unset GIT_WORK_TREE
+ git checkout exp-mia-logs
Already on 'exp-mia-logs'
Your branch is up to date with 'origin/exp-mia-logs'.
+ git fetch origin
From /data/fcre-data-exp-worktree
   d53a520..db50640  exp-mia-logs       -> origin/exp-mia-logs
   8bfc50d..9c8b2aa  exp-fcre-weir-data -> origin/exp-fcre-weir-data
+ git reset --hard origin/exp-mia-logs
HEAD is now at db50640 Thu 2025-07-31 10:32:35 EDT
+ git push github exp-mia-logs
To github.com:FLARE-forecast/TEST-data.git
   d53a520..db50640  exp-mia-logs -> exp-mia-logs
+ echo '[post-receive] Sync complete for exp-mia-logs.'
[post-receive] Sync complete for exp-mia-logs.
+ exec
+ read oldrev newrev refname
+ WORKDIR_BASE=/data
+ echo '[post-receive] Starting sync task...'
[post-receive] Starting sync task...
+ read oldrev newrev refname
+ [[ refs/heads/exp-fcre-weir-data =~ ^refs/heads/ ]]
+ branch=exp-fcre-weir-data
+ echo '[post-receive] Processing branch: exp-fcre-weir-data'
[post-receive] Processing branch: exp-fcre-weir-data
+ WORKDIR=/data/exp-fcre-weir-data
+ LOCKFILE=/tmp/git-post-receive-exp-fcre-weir-data.lock
+ exec
+ flock -x 9
+ echo '[post-receive] Acquired lock for exp-fcre-weir-data'
[post-receive] Acquired lock for exp-fcre-weir-data
+ '[' '!' -d /data/exp-fcre-weir-data/.git ']'
+ echo '[post-receive] WORKDIR already exists.'
[post-receive] WORKDIR already exists.
+ cd /data/exp-fcre-weir-data
+ unset GIT_DIR
+ unset GIT_WORK_TREE
+ git checkout exp-fcre-weir-data
Already on 'exp-fcre-weir-data'
Your branch is up to date with 'origin/exp-fcre-weir-data'.
+ git fetch origin
From /data/fcre-data-exp-worktree
   9c8b2aa..6b6aa08  exp-fcre-weir-data -> origin/exp-fcre-weir-data
   d53a520..db50640  exp-mia-logs       -> origin/exp-mia-logs
+ git reset --hard origin/exp-fcre-weir-data
HEAD is now at 6b6aa08 Fri 2025-08-08 07:23:44 EDT
+ git push github exp-fcre-weir-data
To github.com:FLARE-forecast/TEST-data.git
   9c8b2aa..6b6aa08  exp-fcre-weir-data -> exp-fcre-weir-data
+ echo '[post-receive] Sync complete for exp-fcre-weir-data.'
[post-receive] Sync complete for exp-fcre-weir-data.
+ exec
+ read oldrev newrev refname
+ WORKDIR_BASE=/data
+ echo '[post-receive] Starting sync task...'
[post-receive] Starting sync task...
+ read oldrev newrev refname
+ [[ refs/heads/exp-fcre-weir-data =~ ^refs/heads/ ]]
+ branch=exp-fcre-weir-data
+ echo '[post-receive] Processing branch: exp-fcre-weir-data'
[post-receive] Processing branch: exp-fcre-weir-data
+ WORKDIR=/data/exp-fcre-weir-data
+ LOCKFILE=/tmp/git-post-receive-exp-fcre-weir-data.lock
+ exec
+ flock -x 9
+ echo '[post-receive] Acquired lock for exp-fcre-weir-data'
[post-receive] Acquired lock for exp-fcre-weir-data
+ '[' '!' -d /data/exp-fcre-weir-data/.git ']'
+ echo '[post-receive] WORKDIR already exists.'
[post-receive] WORKDIR already exists.
+ cd /data/exp-fcre-weir-data
+ unset GIT_DIR
+ unset GIT_WORK_TREE
+ git checkout exp-fcre-weir-data
Already on 'exp-fcre-weir-data'
Your branch is up to date with 'origin/exp-fcre-weir-data'.
+ git fetch origin
From /data/fcre-data-exp-worktree
   6b6aa08..f048160  exp-fcre-weir-data -> origin/exp-fcre-weir-data
+ git reset --hard origin/exp-fcre-weir-data
HEAD is now at f048160 Fri 2025-08-08 10:29:10 EDT
+ git push github exp-fcre-weir-data
To github.com:FLARE-forecast/TEST-data.git
   6b6aa08..f048160  exp-fcre-weir-data -> exp-fcre-weir-data
+ echo '[post-receive] Sync complete for exp-fcre-weir-data.'
[post-receive] Sync complete for exp-fcre-weir-data.
+ exec
+ read oldrev newrev refname
+ WORKDIR_BASE=/data
+ echo '[post-receive] Starting sync task...'
[post-receive] Starting sync task...
+ read oldrev newrev refname
+ [[ refs/heads/exp-fcre-weir-data =~ ^refs/heads/ ]]
+ branch=exp-fcre-weir-data
+ echo '[post-receive] Processing branch: exp-fcre-weir-data'
[post-receive] Processing branch: exp-fcre-weir-data
+ WORKDIR=/data/exp-fcre-weir-data
+ LOCKFILE=/tmp/git-post-receive-exp-fcre-weir-data.lock
+ exec
+ flock -x 9
+ echo '[post-receive] Acquired lock for exp-fcre-weir-data'
[post-receive] Acquired lock for exp-fcre-weir-data
+ '[' '!' -d /data/exp-fcre-weir-data/.git ']'
+ echo '[post-receive] WORKDIR already exists.'
[post-receive] WORKDIR already exists.
+ cd /data/exp-fcre-weir-data
+ unset GIT_DIR
+ unset GIT_WORK_TREE
+ git checkout exp-fcre-weir-data
Already on 'exp-fcre-weir-data'
Your branch is up to date with 'origin/exp-fcre-weir-data'.
+ git fetch origin
From /data/fcre-data-exp-worktree
   f048160..1f842fc  exp-fcre-weir-data -> origin/exp-fcre-weir-data
+ git reset --hard origin/exp-fcre-weir-data
HEAD is now at 1f842fc Fri 2025-08-08 12:31:41 EDT
+ git push github exp-fcre-weir-data
To github.com:FLARE-forecast/TEST-data.git
   f048160..1f842fc  exp-fcre-weir-data -> exp-fcre-weir-data
+ echo '[post-receive] Sync complete for exp-fcre-weir-data.'
[post-receive] Sync complete for exp-fcre-weir-data.
+ exec
+ read oldrev newrev refname
+ WORKDIR_BASE=/data
+ echo '[post-receive] Starting sync task...'
[post-receive] Starting sync task...
+ read oldrev newrev refname
+ [[ refs/heads/exp-mia-logs =~ ^refs/heads/ ]]
+ branch=exp-mia-logs
+ echo '[post-receive] Processing branch: exp-mia-logs'
[post-receive] Processing branch: exp-mia-logs
+ WORKDIR=/data/exp-mia-logs
+ LOCKFILE=/tmp/git-post-receive-exp-mia-logs.lock
+ exec
+ flock -x 9
+ echo '[post-receive] Acquired lock for exp-mia-logs'
[post-receive] Acquired lock for exp-mia-logs
+ '[' '!' -d /data/exp-mia-logs/.git ']'
+ echo '[post-receive] WORKDIR already exists.'
[post-receive] WORKDIR already exists.
+ cd /data/exp-mia-logs
+ unset GIT_DIR
+ unset GIT_WORK_TREE
+ git checkout exp-mia-logs
Already on 'exp-mia-logs'
Your branch is up to date with 'origin/exp-mia-logs'.
+ git fetch origin
From /data/fcre-data-exp-worktree
   db50640..b736e02  exp-mia-logs       -> origin/exp-mia-logs
   9c8b2aa..1f842fc  exp-fcre-weir-data -> origin/exp-fcre-weir-data
+ git reset --hard origin/exp-mia-logs
HEAD is now at b736e02 Fri 2025-08-01 01:19:56 EDT
+ git push github exp-mia-logs
To github.com:FLARE-forecast/TEST-data.git
   db50640..b736e02  exp-mia-logs -> exp-mia-logs
+ echo '[post-receive] Sync complete for exp-mia-logs.'
[post-receive] Sync complete for exp-mia-logs.
+ exec
+ read oldrev newrev refname
+ WORKDIR_BASE=/data
+ echo '[post-receive] Starting sync task...'
[post-receive] Starting sync task...
+ read oldrev newrev refname
+ [[ refs/heads/exp-fcre-weir-data =~ ^refs/heads/ ]]
+ branch=exp-fcre-weir-data
+ echo '[post-receive] Processing branch: exp-fcre-weir-data'
[post-receive] Processing branch: exp-fcre-weir-data
+ WORKDIR=/data/exp-fcre-weir-data
+ LOCKFILE=/tmp/git-post-receive-exp-fcre-weir-data.lock
+ exec
+ flock -x 9
+ echo '[post-receive] Acquired lock for exp-fcre-weir-data'
[post-receive] Acquired lock for exp-fcre-weir-data
+ '[' '!' -d /data/exp-fcre-weir-data/.git ']'
+ echo '[post-receive] WORKDIR already exists.'
[post-receive] WORKDIR already exists.
+ cd /data/exp-fcre-weir-data
+ unset GIT_DIR
+ unset GIT_WORK_TREE
+ git checkout exp-fcre-weir-data
Already on 'exp-fcre-weir-data'
Your branch is up to date with 'origin/exp-fcre-weir-data'.
+ git fetch origin
From /data/fcre-data-exp-worktree
   1f842fc..b12674b  exp-fcre-weir-data -> origin/exp-fcre-weir-data
   db50640..b736e02  exp-mia-logs       -> origin/exp-mia-logs
+ git reset --hard origin/exp-fcre-weir-data
HEAD is now at b12674b Fri 2025-08-08 15:19:56 EDT
+ git push github exp-fcre-weir-data
To github.com:FLARE-forecast/TEST-data.git
   1f842fc..b12674b  exp-fcre-weir-data -> exp-fcre-weir-data
+ echo '[post-receive] Sync complete for exp-fcre-weir-data.'
[post-receive] Sync complete for exp-fcre-weir-data.
+ exec
+ read oldrev newrev refname
+ WORKDIR_BASE=/data
+ echo '[post-receive] Starting sync task...'
[post-receive] Starting sync task...
+ read oldrev newrev refname
+ [[ refs/heads/exp-fcre-weir-data =~ ^refs/heads/ ]]
+ branch=exp-fcre-weir-data
+ echo '[post-receive] Processing branch: exp-fcre-weir-data'
[post-receive] Processing branch: exp-fcre-weir-data
+ WORKDIR=/data/exp-fcre-weir-data
+ LOCKFILE=/tmp/git-post-receive-exp-fcre-weir-data.lock
+ exec
+ flock -x 9
+ echo '[post-receive] Acquired lock for exp-fcre-weir-data'
[post-receive] Acquired lock for exp-fcre-weir-data
+ '[' '!' -d /data/exp-fcre-weir-data/.git ']'
+ echo '[post-receive] WORKDIR already exists.'
[post-receive] WORKDIR already exists.
+ cd /data/exp-fcre-weir-data
+ unset GIT_DIR
+ unset GIT_WORK_TREE
+ git checkout exp-fcre-weir-data
Already on 'exp-fcre-weir-data'
Your branch is up to date with 'origin/exp-fcre-weir-data'.
+ git fetch origin
From /data/fcre-data-exp-worktree
   b12674b..acb353c  exp-fcre-weir-data -> origin/exp-fcre-weir-data
+ git reset --hard origin/exp-fcre-weir-data
HEAD is now at acb353c Fri 2025-08-08 21:29:41 EDT
+ git push github exp-fcre-weir-data
To github.com:FLARE-forecast/TEST-data.git
   b12674b..acb353c  exp-fcre-weir-data -> exp-fcre-weir-data
+ echo '[post-receive] Sync complete for exp-fcre-weir-data.'
[post-receive] Sync complete for exp-fcre-weir-data.
+ exec
+ read oldrev newrev refname
+ WORKDIR_BASE=/data
+ echo '[post-receive] Starting sync task...'
[post-receive] Starting sync task...
+ read oldrev newrev refname
+ [[ refs/heads/exp-mia-logs =~ ^refs/heads/ ]]
+ branch=exp-mia-logs
+ echo '[post-receive] Processing branch: exp-mia-logs'
[post-receive] Processing branch: exp-mia-logs
+ WORKDIR=/data/exp-mia-logs
+ LOCKFILE=/tmp/git-post-receive-exp-mia-logs.lock
+ exec
+ flock -x 9
+ echo '[post-receive] Acquired lock for exp-mia-logs'
[post-receive] Acquired lock for exp-mia-logs
+ '[' '!' -d /data/exp-mia-logs/.git ']'
+ echo '[post-receive] WORKDIR already exists.'
[post-receive] WORKDIR already exists.
+ cd /data/exp-mia-logs
+ unset GIT_DIR
+ unset GIT_WORK_TREE
+ git checkout exp-mia-logs
Already on 'exp-mia-logs'
Your branch is up to date with 'origin/exp-mia-logs'.
+ git fetch origin
From /data/fcre-data-exp-worktree
   b736e02..c56c095  exp-mia-logs       -> origin/exp-mia-logs
   1f842fc..acb353c  exp-fcre-weir-data -> origin/exp-fcre-weir-data
+ git reset --hard origin/exp-mia-logs
HEAD is now at c56c095 Fri 2025-08-01 01:21:12 EDT
+ git push github exp-mia-logs
To github.com:FLARE-forecast/TEST-data.git
   b736e02..c56c095  exp-mia-logs -> exp-mia-logs
+ echo '[post-receive] Sync complete for exp-mia-logs.'
[post-receive] Sync complete for exp-mia-logs.
+ exec
+ read oldrev newrev refname
+ WORKDIR_BASE=/data
+ echo '[post-receive] Starting sync task...'
[post-receive] Starting sync task...
+ read oldrev newrev refname
+ [[ refs/heads/exp-mia-logs =~ ^refs/heads/ ]]
+ branch=exp-mia-logs
+ echo '[post-receive] Processing branch: exp-mia-logs'
[post-receive] Processing branch: exp-mia-logs
+ WORKDIR=/data/exp-mia-logs
+ LOCKFILE=/tmp/git-post-receive-exp-mia-logs.lock
+ exec
+ flock -x 9
+ echo '[post-receive] Acquired lock for exp-mia-logs'
[post-receive] Acquired lock for exp-mia-logs
+ '[' '!' -d /data/exp-mia-logs/.git ']'
+ echo '[post-receive] WORKDIR already exists.'
[post-receive] WORKDIR already exists.
+ cd /data/exp-mia-logs
+ unset GIT_DIR
+ unset GIT_WORK_TREE
+ git checkout exp-mia-logs
Already on 'exp-mia-logs'
Your branch is up to date with 'origin/exp-mia-logs'.
+ git fetch origin
From /data/fcre-data-exp-worktree
   c56c095..e2152f8  exp-mia-logs -> origin/exp-mia-logs
+ git reset --hard origin/exp-mia-logs
HEAD is now at e2152f8 Fri 2025-08-01 07:04:56 EDT
+ git push github exp-mia-logs
To github.com:FLARE-forecast/TEST-data.git
   c56c095..e2152f8  exp-mia-logs -> exp-mia-logs
+ echo '[post-receive] Sync complete for exp-mia-logs.'
[post-receive] Sync complete for exp-mia-logs.
+ exec
+ read oldrev newrev refname
+ WORKDIR_BASE=/data
+ echo '[post-receive] Starting sync task...'
[post-receive] Starting sync task...
+ read oldrev newrev refname
+ [[ refs/heads/exp-mia-logs =~ ^refs/heads/ ]]
+ branch=exp-mia-logs
+ echo '[post-receive] Processing branch: exp-mia-logs'
[post-receive] Processing branch: exp-mia-logs
+ WORKDIR=/data/exp-mia-logs
+ LOCKFILE=/tmp/git-post-receive-exp-mia-logs.lock
+ exec
+ flock -x 9
+ echo '[post-receive] Acquired lock for exp-mia-logs'
[post-receive] Acquired lock for exp-mia-logs
+ '[' '!' -d /data/exp-mia-logs/.git ']'
+ echo '[post-receive] WORKDIR already exists.'
[post-receive] WORKDIR already exists.
+ cd /data/exp-mia-logs
+ unset GIT_DIR
+ unset GIT_WORK_TREE
+ git checkout exp-mia-logs
Already on 'exp-mia-logs'
Your branch is up to date with 'origin/exp-mia-logs'.
+ git fetch origin
From /data/fcre-data-exp-worktree
   e2152f8..5cd13cf  exp-mia-logs -> origin/exp-mia-logs
+ git reset --hard origin/exp-mia-logs
HEAD is now at 5cd13cf Fri 2025-08-01 07:06:13 EDT
+ git push github exp-mia-logs
To github.com:FLARE-forecast/TEST-data.git
   e2152f8..5cd13cf  exp-mia-logs -> exp-mia-logs
+ echo '[post-receive] Sync complete for exp-mia-logs.'
[post-receive] Sync complete for exp-mia-logs.
+ exec
+ read oldrev newrev refname
+ WORKDIR_BASE=/data
+ echo '[post-receive] Starting sync task...'
[post-receive] Starting sync task...
+ read oldrev newrev refname
+ [[ refs/heads/exp-fcre-weir-data =~ ^refs/heads/ ]]
+ branch=exp-fcre-weir-data
+ echo '[post-receive] Processing branch: exp-fcre-weir-data'
[post-receive] Processing branch: exp-fcre-weir-data
+ WORKDIR=/data/exp-fcre-weir-data
+ LOCKFILE=/tmp/git-post-receive-exp-fcre-weir-data.lock
+ exec
+ flock -x 9
+ echo '[post-receive] Acquired lock for exp-fcre-weir-data'
[post-receive] Acquired lock for exp-fcre-weir-data
+ '[' '!' -d /data/exp-fcre-weir-data/.git ']'
+ echo '[post-receive] WORKDIR already exists.'
[post-receive] WORKDIR already exists.
+ cd /data/exp-fcre-weir-data
+ unset GIT_DIR
+ unset GIT_WORK_TREE
+ git checkout exp-fcre-weir-data
Already on 'exp-fcre-weir-data'
Your branch is up to date with 'origin/exp-fcre-weir-data'.
+ git fetch origin
From /data/fcre-data-exp-worktree
   acb353c..1f946bd  exp-fcre-weir-data -> origin/exp-fcre-weir-data
   b736e02..5cd13cf  exp-mia-logs       -> origin/exp-mia-logs
+ git reset --hard origin/exp-fcre-weir-data
HEAD is now at 1f946bd Sat 2025-08-09 01:19:27 EDT
+ git push github exp-fcre-weir-data
To github.com:FLARE-forecast/TEST-data.git
   acb353c..1f946bd  exp-fcre-weir-data -> exp-fcre-weir-data
+ echo '[post-receive] Sync complete for exp-fcre-weir-data.'
[post-receive] Sync complete for exp-fcre-weir-data.
+ exec
+ read oldrev newrev refname
+ WORKDIR_BASE=/data
+ echo '[post-receive] Starting sync task...'
[post-receive] Starting sync task...
+ read oldrev newrev refname
+ [[ refs/heads/exp-fcre-weir-data =~ ^refs/heads/ ]]
+ branch=exp-fcre-weir-data
+ echo '[post-receive] Processing branch: exp-fcre-weir-data'
[post-receive] Processing branch: exp-fcre-weir-data
+ WORKDIR=/data/exp-fcre-weir-data
+ LOCKFILE=/tmp/git-post-receive-exp-fcre-weir-data.lock
+ exec
+ flock -x 9
+ echo '[post-receive] Acquired lock for exp-fcre-weir-data'
[post-receive] Acquired lock for exp-fcre-weir-data
+ '[' '!' -d /data/exp-fcre-weir-data/.git ']'
+ echo '[post-receive] WORKDIR already exists.'
[post-receive] WORKDIR already exists.
+ cd /data/exp-fcre-weir-data
+ unset GIT_DIR
+ unset GIT_WORK_TREE
+ git checkout exp-fcre-weir-data
Already on 'exp-fcre-weir-data'
Your branch is up to date with 'origin/exp-fcre-weir-data'.
+ git fetch origin
From /data/fcre-data-exp-worktree
   1f946bd..be5df20  exp-fcre-weir-data -> origin/exp-fcre-weir-data
+ git reset --hard origin/exp-fcre-weir-data
HEAD is now at be5df20 Sat 2025-08-09 07:22:37 EDT
+ git push github exp-fcre-weir-data
To github.com:FLARE-forecast/TEST-data.git
   1f946bd..be5df20  exp-fcre-weir-data -> exp-fcre-weir-data
+ echo '[post-receive] Sync complete for exp-fcre-weir-data.'
[post-receive] Sync complete for exp-fcre-weir-data.
+ exec
+ read oldrev newrev refname
+ WORKDIR_BASE=/data
+ echo '[post-receive] Starting sync task...'
[post-receive] Starting sync task...
+ read oldrev newrev refname
+ [[ refs/heads/exp-fcre-weir-data =~ ^refs/heads/ ]]
+ branch=exp-fcre-weir-data
+ echo '[post-receive] Processing branch: exp-fcre-weir-data'
[post-receive] Processing branch: exp-fcre-weir-data
+ WORKDIR=/data/exp-fcre-weir-data
+ LOCKFILE=/tmp/git-post-receive-exp-fcre-weir-data.lock
+ exec
+ flock -x 9
+ echo '[post-receive] Acquired lock for exp-fcre-weir-data'
[post-receive] Acquired lock for exp-fcre-weir-data
+ '[' '!' -d /data/exp-fcre-weir-data/.git ']'
+ echo '[post-receive] WORKDIR already exists.'
[post-receive] WORKDIR already exists.
+ cd /data/exp-fcre-weir-data
+ unset GIT_DIR
+ unset GIT_WORK_TREE
+ git checkout exp-fcre-weir-data
Already on 'exp-fcre-weir-data'
Your branch is up to date with 'origin/exp-fcre-weir-data'.
+ git fetch origin
From /data/fcre-data-exp-worktree
   be5df20..0219924  exp-fcre-weir-data -> origin/exp-fcre-weir-data
+ git reset --hard origin/exp-fcre-weir-data
HEAD is now at 0219924 Sat 2025-08-09 10:29:39 EDT
+ git push github exp-fcre-weir-data
To github.com:FLARE-forecast/TEST-data.git
   be5df20..0219924  exp-fcre-weir-data -> exp-fcre-weir-data
+ echo '[post-receive] Sync complete for exp-fcre-weir-data.'
[post-receive] Sync complete for exp-fcre-weir-data.
+ exec
+ read oldrev newrev refname
+ WORKDIR_BASE=/data
+ echo '[post-receive] Starting sync task...'
[post-receive] Starting sync task...
+ read oldrev newrev refname
+ [[ refs/heads/exp-fcre-weir-data =~ ^refs/heads/ ]]
+ branch=exp-fcre-weir-data
+ echo '[post-receive] Processing branch: exp-fcre-weir-data'
[post-receive] Processing branch: exp-fcre-weir-data
+ WORKDIR=/data/exp-fcre-weir-data
+ LOCKFILE=/tmp/git-post-receive-exp-fcre-weir-data.lock
+ exec
+ flock -x 9
+ echo '[post-receive] Acquired lock for exp-fcre-weir-data'
[post-receive] Acquired lock for exp-fcre-weir-data
+ '[' '!' -d /data/exp-fcre-weir-data/.git ']'
+ echo '[post-receive] WORKDIR already exists.'
[post-receive] WORKDIR already exists.
+ cd /data/exp-fcre-weir-data
+ unset GIT_DIR
+ unset GIT_WORK_TREE
+ git checkout exp-fcre-weir-data
Already on 'exp-fcre-weir-data'
Your branch is up to date with 'origin/exp-fcre-weir-data'.
+ git fetch origin
From /data/fcre-data-exp-worktree
   0219924..e96630e  exp-fcre-weir-data -> origin/exp-fcre-weir-data
+ git reset --hard origin/exp-fcre-weir-data
HEAD is now at e96630e Sat 2025-08-09 12:26:21 EDT
+ git push github exp-fcre-weir-data
To github.com:FLARE-forecast/TEST-data.git
   0219924..e96630e  exp-fcre-weir-data -> exp-fcre-weir-data
+ echo '[post-receive] Sync complete for exp-fcre-weir-data.'
[post-receive] Sync complete for exp-fcre-weir-data.
+ exec
+ read oldrev newrev refname
+ WORKDIR_BASE=/data
+ echo '[post-receive] Starting sync task...'
[post-receive] Starting sync task...
+ read oldrev newrev refname
+ [[ refs/heads/exp-fcre-weir-data =~ ^refs/heads/ ]]
+ branch=exp-fcre-weir-data
+ echo '[post-receive] Processing branch: exp-fcre-weir-data'
[post-receive] Processing branch: exp-fcre-weir-data
+ WORKDIR=/data/exp-fcre-weir-data
+ LOCKFILE=/tmp/git-post-receive-exp-fcre-weir-data.lock
+ exec
+ flock -x 9
+ echo '[post-receive] Acquired lock for exp-fcre-weir-data'
[post-receive] Acquired lock for exp-fcre-weir-data
+ '[' '!' -d /data/exp-fcre-weir-data/.git ']'
+ echo '[post-receive] WORKDIR already exists.'
[post-receive] WORKDIR already exists.
+ cd /data/exp-fcre-weir-data
+ unset GIT_DIR
+ unset GIT_WORK_TREE
+ git checkout exp-fcre-weir-data
Already on 'exp-fcre-weir-data'
Your branch is up to date with 'origin/exp-fcre-weir-data'.
+ git fetch origin
From /data/fcre-data-exp-worktree
   e96630e..04840a8  exp-fcre-weir-data -> origin/exp-fcre-weir-data
+ git reset --hard origin/exp-fcre-weir-data
HEAD is now at 04840a8 Sat 2025-08-09 15:37:28 EDT
+ git push github exp-fcre-weir-data
To github.com:FLARE-forecast/TEST-data.git
   e96630e..04840a8  exp-fcre-weir-data -> exp-fcre-weir-data
+ echo '[post-receive] Sync complete for exp-fcre-weir-data.'
[post-receive] Sync complete for exp-fcre-weir-data.
+ exec
+ read oldrev newrev refname
+ WORKDIR_BASE=/data
+ echo '[post-receive] Starting sync task...'
[post-receive] Starting sync task...
+ read oldrev newrev refname
+ [[ refs/heads/exp-fcre-weir-data =~ ^refs/heads/ ]]
+ branch=exp-fcre-weir-data
+ echo '[post-receive] Processing branch: exp-fcre-weir-data'
[post-receive] Processing branch: exp-fcre-weir-data
+ WORKDIR=/data/exp-fcre-weir-data
+ LOCKFILE=/tmp/git-post-receive-exp-fcre-weir-data.lock
+ exec
+ flock -x 9
+ echo '[post-receive] Acquired lock for exp-fcre-weir-data'
[post-receive] Acquired lock for exp-fcre-weir-data
+ '[' '!' -d /data/exp-fcre-weir-data/.git ']'
+ echo '[post-receive] WORKDIR already exists.'
[post-receive] WORKDIR already exists.
+ cd /data/exp-fcre-weir-data
+ unset GIT_DIR
+ unset GIT_WORK_TREE
+ git checkout exp-fcre-weir-data
Already on 'exp-fcre-weir-data'
Your branch is up to date with 'origin/exp-fcre-weir-data'.
+ git fetch origin
From /data/fcre-data-exp-worktree
   04840a8..8515a55  exp-fcre-weir-data -> origin/exp-fcre-weir-data
+ git reset --hard origin/exp-fcre-weir-data
HEAD is now at 8515a55 Sun 2025-08-10 01:19:27 EDT
+ git push github exp-fcre-weir-data
To github.com:FLARE-forecast/TEST-data.git
   04840a8..8515a55  exp-fcre-weir-data -> exp-fcre-weir-data
+ echo '[post-receive] Sync complete for exp-fcre-weir-data.'
[post-receive] Sync complete for exp-fcre-weir-data.
+ exec
+ read oldrev newrev refname
+ WORKDIR_BASE=/data
+ echo '[post-receive] Starting sync task...'
[post-receive] Starting sync task...
+ read oldrev newrev refname
+ [[ refs/heads/exp-fcre-weir-data =~ ^refs/heads/ ]]
+ branch=exp-fcre-weir-data
+ echo '[post-receive] Processing branch: exp-fcre-weir-data'
[post-receive] Processing branch: exp-fcre-weir-data
+ WORKDIR=/data/exp-fcre-weir-data
+ LOCKFILE=/tmp/git-post-receive-exp-fcre-weir-data.lock
+ exec
+ flock -x 9
+ echo '[post-receive] Acquired lock for exp-fcre-weir-data'
[post-receive] Acquired lock for exp-fcre-weir-data
+ '[' '!' -d /data/exp-fcre-weir-data/.git ']'
+ echo '[post-receive] WORKDIR already exists.'
[post-receive] WORKDIR already exists.
+ cd /data/exp-fcre-weir-data
+ unset GIT_DIR
+ unset GIT_WORK_TREE
+ git checkout exp-fcre-weir-data
Already on 'exp-fcre-weir-data'
Your branch is up to date with 'origin/exp-fcre-weir-data'.
+ git fetch origin
From /data/fcre-data-exp-worktree
   8515a55..4130b65  exp-fcre-weir-data -> origin/exp-fcre-weir-data
+ git reset --hard origin/exp-fcre-weir-data
HEAD is now at 4130b65 Sun 2025-08-10 07:04:39 EDT
+ git push github exp-fcre-weir-data
To github.com:FLARE-forecast/TEST-data.git
   8515a55..4130b65  exp-fcre-weir-data -> exp-fcre-weir-data
+ echo '[post-receive] Sync complete for exp-fcre-weir-data.'
[post-receive] Sync complete for exp-fcre-weir-data.
+ exec
+ read oldrev newrev refname
+ WORKDIR_BASE=/data
+ echo '[post-receive] Starting sync task...'
[post-receive] Starting sync task...
+ read oldrev newrev refname
+ [[ refs/heads/exp-fcre-weir-data =~ ^refs/heads/ ]]
+ branch=exp-fcre-weir-data
+ echo '[post-receive] Processing branch: exp-fcre-weir-data'
[post-receive] Processing branch: exp-fcre-weir-data
+ WORKDIR=/data/exp-fcre-weir-data
+ LOCKFILE=/tmp/git-post-receive-exp-fcre-weir-data.lock
+ exec
+ flock -x 9
+ echo '[post-receive] Acquired lock for exp-fcre-weir-data'
[post-receive] Acquired lock for exp-fcre-weir-data
+ '[' '!' -d /data/exp-fcre-weir-data/.git ']'
+ echo '[post-receive] WORKDIR already exists.'
[post-receive] WORKDIR already exists.
+ cd /data/exp-fcre-weir-data
+ unset GIT_DIR
+ unset GIT_WORK_TREE
+ git checkout exp-fcre-weir-data
Already on 'exp-fcre-weir-data'
Your branch is up to date with 'origin/exp-fcre-weir-data'.
+ git fetch origin
From /data/fcre-data-exp-worktree
   4130b65..b6d511f  exp-fcre-weir-data -> origin/exp-fcre-weir-data
+ git reset --hard origin/exp-fcre-weir-data
HEAD is now at b6d511f Sun 2025-08-10 12:11:28 EDT
+ git push github exp-fcre-weir-data
To github.com:FLARE-forecast/TEST-data.git
   4130b65..b6d511f  exp-fcre-weir-data -> exp-fcre-weir-data
+ echo '[post-receive] Sync complete for exp-fcre-weir-data.'
[post-receive] Sync complete for exp-fcre-weir-data.
+ exec
+ read oldrev newrev refname
+ WORKDIR_BASE=/data
+ echo '[post-receive] Starting sync task...'
[post-receive] Starting sync task...
+ read oldrev newrev refname
+ [[ refs/heads/exp-fcre-weir-data =~ ^refs/heads/ ]]
+ branch=exp-fcre-weir-data
+ echo '[post-receive] Processing branch: exp-fcre-weir-data'
[post-receive] Processing branch: exp-fcre-weir-data
+ WORKDIR=/data/exp-fcre-weir-data
+ LOCKFILE=/tmp/git-post-receive-exp-fcre-weir-data.lock
+ exec
+ flock -x 9
+ echo '[post-receive] Acquired lock for exp-fcre-weir-data'
[post-receive] Acquired lock for exp-fcre-weir-data
+ '[' '!' -d /data/exp-fcre-weir-data/.git ']'
+ echo '[post-receive] WORKDIR already exists.'
[post-receive] WORKDIR already exists.
+ cd /data/exp-fcre-weir-data
+ unset GIT_DIR
+ unset GIT_WORK_TREE
+ git checkout exp-fcre-weir-data
Already on 'exp-fcre-weir-data'
Your branch is up to date with 'origin/exp-fcre-weir-data'.
+ git fetch origin
From /data/fcre-data-exp-worktree
   b6d511f..969d329  exp-fcre-weir-data -> origin/exp-fcre-weir-data
+ git reset --hard origin/exp-fcre-weir-data
HEAD is now at 969d329 Sun 2025-08-10 15:36:15 EDT
+ git push github exp-fcre-weir-data
To github.com:FLARE-forecast/TEST-data.git
   b6d511f..969d329  exp-fcre-weir-data -> exp-fcre-weir-data
+ echo '[post-receive] Sync complete for exp-fcre-weir-data.'
[post-receive] Sync complete for exp-fcre-weir-data.
+ exec
+ read oldrev newrev refname
+ WORKDIR_BASE=/data
+ echo '[post-receive] Starting sync task...'
[post-receive] Starting sync task...
+ read oldrev newrev refname
+ [[ refs/heads/exp-fcre-weir-data =~ ^refs/heads/ ]]
+ branch=exp-fcre-weir-data
+ echo '[post-receive] Processing branch: exp-fcre-weir-data'
[post-receive] Processing branch: exp-fcre-weir-data
+ WORKDIR=/data/exp-fcre-weir-data
+ LOCKFILE=/tmp/git-post-receive-exp-fcre-weir-data.lock
+ exec
+ flock -x 9
+ echo '[post-receive] Acquired lock for exp-fcre-weir-data'
[post-receive] Acquired lock for exp-fcre-weir-data
+ '[' '!' -d /data/exp-fcre-weir-data/.git ']'
+ echo '[post-receive] WORKDIR already exists.'
[post-receive] WORKDIR already exists.
+ cd /data/exp-fcre-weir-data
+ unset GIT_DIR
+ unset GIT_WORK_TREE
+ git checkout exp-fcre-weir-data
Already on 'exp-fcre-weir-data'
Your branch is up to date with 'origin/exp-fcre-weir-data'.
+ git fetch origin
From /data/fcre-data-exp-worktree
   969d329..0c7d7c4  exp-fcre-weir-data -> origin/exp-fcre-weir-data
+ git reset --hard origin/exp-fcre-weir-data
HEAD is now at 0c7d7c4 Sun 2025-08-10 21:29:03 EDT
+ git push github exp-fcre-weir-data
To github.com:FLARE-forecast/TEST-data.git
   969d329..0c7d7c4  exp-fcre-weir-data -> exp-fcre-weir-data
+ echo '[post-receive] Sync complete for exp-fcre-weir-data.'
[post-receive] Sync complete for exp-fcre-weir-data.
+ exec
+ read oldrev newrev refname
+ WORKDIR_BASE=/data
+ echo '[post-receive] Starting sync task...'
[post-receive] Starting sync task...
+ read oldrev newrev refname
+ [[ refs/heads/exp-fcre-weir-data =~ ^refs/heads/ ]]
+ branch=exp-fcre-weir-data
+ echo '[post-receive] Processing branch: exp-fcre-weir-data'
[post-receive] Processing branch: exp-fcre-weir-data
+ WORKDIR=/data/exp-fcre-weir-data
+ LOCKFILE=/tmp/git-post-receive-exp-fcre-weir-data.lock
+ exec
+ flock -x 9
+ echo '[post-receive] Acquired lock for exp-fcre-weir-data'
[post-receive] Acquired lock for exp-fcre-weir-data
+ '[' '!' -d /data/exp-fcre-weir-data/.git ']'
+ echo '[post-receive] WORKDIR already exists.'
[post-receive] WORKDIR already exists.
+ cd /data/exp-fcre-weir-data
+ unset GIT_DIR
+ unset GIT_WORK_TREE
+ git checkout exp-fcre-weir-data
Already on 'exp-fcre-weir-data'
Your branch is up to date with 'origin/exp-fcre-weir-data'.
+ git fetch origin
From /data/fcre-data-exp-worktree
   0c7d7c4..9def9a8  exp-fcre-weir-data -> origin/exp-fcre-weir-data
+ git reset --hard origin/exp-fcre-weir-data
HEAD is now at 9def9a8 Mon 2025-08-11 01:19:27 EDT
+ git push github exp-fcre-weir-data
To github.com:FLARE-forecast/TEST-data.git
   0c7d7c4..9def9a8  exp-fcre-weir-data -> exp-fcre-weir-data
+ echo '[post-receive] Sync complete for exp-fcre-weir-data.'
[post-receive] Sync complete for exp-fcre-weir-data.
+ exec
+ read oldrev newrev refname
+ WORKDIR_BASE=/data
+ echo '[post-receive] Starting sync task...'
[post-receive] Starting sync task...
+ read oldrev newrev refname
+ [[ refs/heads/exp-fcre-weir-data =~ ^refs/heads/ ]]
+ branch=exp-fcre-weir-data
+ echo '[post-receive] Processing branch: exp-fcre-weir-data'
[post-receive] Processing branch: exp-fcre-weir-data
+ WORKDIR=/data/exp-fcre-weir-data
+ LOCKFILE=/tmp/git-post-receive-exp-fcre-weir-data.lock
+ exec
+ flock -x 9
+ echo '[post-receive] Acquired lock for exp-fcre-weir-data'
[post-receive] Acquired lock for exp-fcre-weir-data
+ '[' '!' -d /data/exp-fcre-weir-data/.git ']'
+ echo '[post-receive] WORKDIR already exists.'
[post-receive] WORKDIR already exists.
+ cd /data/exp-fcre-weir-data
+ unset GIT_DIR
+ unset GIT_WORK_TREE
+ git checkout exp-fcre-weir-data
Already on 'exp-fcre-weir-data'
Your branch is up to date with 'origin/exp-fcre-weir-data'.
+ git fetch origin
From /data/fcre-data-exp-worktree
   9def9a8..86c695e  exp-fcre-weir-data -> origin/exp-fcre-weir-data
+ git reset --hard origin/exp-fcre-weir-data
HEAD is now at 86c695e Mon 2025-08-11 07:22:42 EDT
+ git push github exp-fcre-weir-data
To github.com:FLARE-forecast/TEST-data.git
   9def9a8..86c695e  exp-fcre-weir-data -> exp-fcre-weir-data
+ echo '[post-receive] Sync complete for exp-fcre-weir-data.'
[post-receive] Sync complete for exp-fcre-weir-data.
+ exec
+ read oldrev newrev refname
+ WORKDIR_BASE=/data
+ echo '[post-receive] Starting sync task...'
[post-receive] Starting sync task...
+ read oldrev newrev refname
+ [[ refs/heads/exp-fcre-weir-data =~ ^refs/heads/ ]]
+ branch=exp-fcre-weir-data
+ echo '[post-receive] Processing branch: exp-fcre-weir-data'
[post-receive] Processing branch: exp-fcre-weir-data
+ WORKDIR=/data/exp-fcre-weir-data
+ LOCKFILE=/tmp/git-post-receive-exp-fcre-weir-data.lock
+ exec
+ flock -x 9
+ echo '[post-receive] Acquired lock for exp-fcre-weir-data'
[post-receive] Acquired lock for exp-fcre-weir-data
+ '[' '!' -d /data/exp-fcre-weir-data/.git ']'
+ echo '[post-receive] WORKDIR already exists.'
[post-receive] WORKDIR already exists.
+ cd /data/exp-fcre-weir-data
+ unset GIT_DIR
+ unset GIT_WORK_TREE
+ git checkout exp-fcre-weir-data
Already on 'exp-fcre-weir-data'
Your branch is up to date with 'origin/exp-fcre-weir-data'.
+ git fetch origin
From /data/fcre-data-exp-worktree
   86c695e..6a61a0c  exp-fcre-weir-data -> origin/exp-fcre-weir-data
+ git reset --hard origin/exp-fcre-weir-data
HEAD is now at 6a61a0c Mon 2025-08-11 10:28:18 EDT
+ git push github exp-fcre-weir-data
To github.com:FLARE-forecast/TEST-data.git
   86c695e..6a61a0c  exp-fcre-weir-data -> exp-fcre-weir-data
+ echo '[post-receive] Sync complete for exp-fcre-weir-data.'
[post-receive] Sync complete for exp-fcre-weir-data.
+ exec
+ read oldrev newrev refname
+ WORKDIR_BASE=/data
+ echo '[post-receive] Starting sync task...'
[post-receive] Starting sync task...
+ read oldrev newrev refname
+ [[ refs/heads/exp-fcre-weir-data =~ ^refs/heads/ ]]
+ branch=exp-fcre-weir-data
+ echo '[post-receive] Processing branch: exp-fcre-weir-data'
[post-receive] Processing branch: exp-fcre-weir-data
+ WORKDIR=/data/exp-fcre-weir-data
+ LOCKFILE=/tmp/git-post-receive-exp-fcre-weir-data.lock
+ exec
+ flock -x 9
+ echo '[post-receive] Acquired lock for exp-fcre-weir-data'
[post-receive] Acquired lock for exp-fcre-weir-data
+ '[' '!' -d /data/exp-fcre-weir-data/.git ']'
+ echo '[post-receive] WORKDIR already exists.'
[post-receive] WORKDIR already exists.
+ cd /data/exp-fcre-weir-data
+ unset GIT_DIR
+ unset GIT_WORK_TREE
+ git checkout exp-fcre-weir-data
Already on 'exp-fcre-weir-data'
Your branch is up to date with 'origin/exp-fcre-weir-data'.
+ git fetch origin
From /data/fcre-data-exp-worktree
   6a61a0c..c7eb902  exp-fcre-weir-data -> origin/exp-fcre-weir-data
+ git reset --hard origin/exp-fcre-weir-data
HEAD is now at c7eb902 Mon 2025-08-11 12:11:29 EDT
+ git push github exp-fcre-weir-data
To github.com:FLARE-forecast/TEST-data.git
   6a61a0c..c7eb902  exp-fcre-weir-data -> exp-fcre-weir-data
+ echo '[post-receive] Sync complete for exp-fcre-weir-data.'
[post-receive] Sync complete for exp-fcre-weir-data.
+ exec
+ read oldrev newrev refname
+ WORKDIR_BASE=/data
+ echo '[post-receive] Starting sync task...'
[post-receive] Starting sync task...
+ read oldrev newrev refname
+ [[ refs/heads/exp-fcre-weir-data =~ ^refs/heads/ ]]
+ branch=exp-fcre-weir-data
+ echo '[post-receive] Processing branch: exp-fcre-weir-data'
[post-receive] Processing branch: exp-fcre-weir-data
+ WORKDIR=/data/exp-fcre-weir-data
+ LOCKFILE=/tmp/git-post-receive-exp-fcre-weir-data.lock
+ exec
+ flock -x 9
+ echo '[post-receive] Acquired lock for exp-fcre-weir-data'
[post-receive] Acquired lock for exp-fcre-weir-data
+ '[' '!' -d /data/exp-fcre-weir-data/.git ']'
+ echo '[post-receive] WORKDIR already exists.'
[post-receive] WORKDIR already exists.
+ cd /data/exp-fcre-weir-data
+ unset GIT_DIR
+ unset GIT_WORK_TREE
+ git checkout exp-fcre-weir-data
Already on 'exp-fcre-weir-data'
Your branch is up to date with 'origin/exp-fcre-weir-data'.
+ git fetch origin
From /data/fcre-data-exp-worktree
   c7eb902..95a3c00  exp-fcre-weir-data -> origin/exp-fcre-weir-data
+ git reset --hard origin/exp-fcre-weir-data
HEAD is now at 95a3c00 Mon 2025-08-11 15:23:14 EDT
+ git push github exp-fcre-weir-data
To github.com:FLARE-forecast/TEST-data.git
   c7eb902..95a3c00  exp-fcre-weir-data -> exp-fcre-weir-data
+ echo '[post-receive] Sync complete for exp-fcre-weir-data.'
[post-receive] Sync complete for exp-fcre-weir-data.
+ exec
+ read oldrev newrev refname
+ WORKDIR_BASE=/data
+ echo '[post-receive] Starting sync task...'
[post-receive] Starting sync task...
+ read oldrev newrev refname
+ [[ refs/heads/exp-fcre-weir-data =~ ^refs/heads/ ]]
+ branch=exp-fcre-weir-data
+ echo '[post-receive] Processing branch: exp-fcre-weir-data'
[post-receive] Processing branch: exp-fcre-weir-data
+ WORKDIR=/data/exp-fcre-weir-data
+ LOCKFILE=/tmp/git-post-receive-exp-fcre-weir-data.lock
+ exec
+ flock -x 9
+ echo '[post-receive] Acquired lock for exp-fcre-weir-data'
[post-receive] Acquired lock for exp-fcre-weir-data
+ '[' '!' -d /data/exp-fcre-weir-data/.git ']'
+ echo '[post-receive] WORKDIR already exists.'
[post-receive] WORKDIR already exists.
+ cd /data/exp-fcre-weir-data
+ unset GIT_DIR
+ unset GIT_WORK_TREE
+ git checkout exp-fcre-weir-data
Already on 'exp-fcre-weir-data'
Your branch is up to date with 'origin/exp-fcre-weir-data'.
+ git fetch origin
From /data/fcre-data-exp-worktree
   95a3c00..83702fb  exp-fcre-weir-data -> origin/exp-fcre-weir-data
+ git reset --hard origin/exp-fcre-weir-data
HEAD is now at 83702fb Mon 2025-08-11 21:26:26 EDT
+ git push github exp-fcre-weir-data
To github.com:FLARE-forecast/TEST-data.git
   95a3c00..83702fb  exp-fcre-weir-data -> exp-fcre-weir-data
+ echo '[post-receive] Sync complete for exp-fcre-weir-data.'
[post-receive] Sync complete for exp-fcre-weir-data.
+ exec
+ read oldrev newrev refname
+ WORKDIR_BASE=/data
+ echo '[post-receive] Starting sync task...'
[post-receive] Starting sync task...
+ read oldrev newrev refname
+ [[ refs/heads/exp-fcre-weir-data =~ ^refs/heads/ ]]
+ branch=exp-fcre-weir-data
+ echo '[post-receive] Processing branch: exp-fcre-weir-data'
[post-receive] Processing branch: exp-fcre-weir-data
+ WORKDIR=/data/exp-fcre-weir-data
+ LOCKFILE=/tmp/git-post-receive-exp-fcre-weir-data.lock
+ exec
+ flock -x 9
+ echo '[post-receive] Acquired lock for exp-fcre-weir-data'
[post-receive] Acquired lock for exp-fcre-weir-data
+ '[' '!' -d /data/exp-fcre-weir-data/.git ']'
+ echo '[post-receive] WORKDIR already exists.'
[post-receive] WORKDIR already exists.
+ cd /data/exp-fcre-weir-data
+ unset GIT_DIR
+ unset GIT_WORK_TREE
+ git checkout exp-fcre-weir-data
Already on 'exp-fcre-weir-data'
Your branch is up to date with 'origin/exp-fcre-weir-data'.
+ git fetch origin
From /data/fcre-data-exp-worktree
   83702fb..05485c9  exp-fcre-weir-data -> origin/exp-fcre-weir-data
+ git reset --hard origin/exp-fcre-weir-data
HEAD is now at 05485c9 Tue 2025-08-12 01:19:28 EDT
+ git push github exp-fcre-weir-data
To github.com:FLARE-forecast/TEST-data.git
   83702fb..05485c9  exp-fcre-weir-data -> exp-fcre-weir-data
+ echo '[post-receive] Sync complete for exp-fcre-weir-data.'
[post-receive] Sync complete for exp-fcre-weir-data.
+ exec
+ read oldrev newrev refname
+ WORKDIR_BASE=/data
+ echo '[post-receive] Starting sync task...'
[post-receive] Starting sync task...
+ read oldrev newrev refname
+ [[ refs/heads/exp-fcre-weir-data =~ ^refs/heads/ ]]
+ branch=exp-fcre-weir-data
+ echo '[post-receive] Processing branch: exp-fcre-weir-data'
[post-receive] Processing branch: exp-fcre-weir-data
+ WORKDIR=/data/exp-fcre-weir-data
+ LOCKFILE=/tmp/git-post-receive-exp-fcre-weir-data.lock
+ exec
+ flock -x 9
+ echo '[post-receive] Acquired lock for exp-fcre-weir-data'
[post-receive] Acquired lock for exp-fcre-weir-data
+ '[' '!' -d /data/exp-fcre-weir-data/.git ']'
+ echo '[post-receive] WORKDIR already exists.'
[post-receive] WORKDIR already exists.
+ cd /data/exp-fcre-weir-data
+ unset GIT_DIR
+ unset GIT_WORK_TREE
+ git checkout exp-fcre-weir-data
Already on 'exp-fcre-weir-data'
Your branch is up to date with 'origin/exp-fcre-weir-data'.
+ git fetch origin
From /data/fcre-data-exp-worktree
   05485c9..10dc378  exp-fcre-weir-data -> origin/exp-fcre-weir-data
+ git reset --hard origin/exp-fcre-weir-data
HEAD is now at 10dc378 Tue 2025-08-12 07:06:32 EDT
+ git push github exp-fcre-weir-data
To github.com:FLARE-forecast/TEST-data.git
   05485c9..10dc378  exp-fcre-weir-data -> exp-fcre-weir-data
+ echo '[post-receive] Sync complete for exp-fcre-weir-data.'
[post-receive] Sync complete for exp-fcre-weir-data.
+ exec
+ read oldrev newrev refname
+ WORKDIR_BASE=/data
+ echo '[post-receive] Starting sync task...'
[post-receive] Starting sync task...
+ read oldrev newrev refname
+ [[ refs/heads/exp-fcre-weir-data =~ ^refs/heads/ ]]
+ branch=exp-fcre-weir-data
+ echo '[post-receive] Processing branch: exp-fcre-weir-data'
[post-receive] Processing branch: exp-fcre-weir-data
+ WORKDIR=/data/exp-fcre-weir-data
+ LOCKFILE=/tmp/git-post-receive-exp-fcre-weir-data.lock
+ exec
+ flock -x 9
+ echo '[post-receive] Acquired lock for exp-fcre-weir-data'
[post-receive] Acquired lock for exp-fcre-weir-data
+ '[' '!' -d /data/exp-fcre-weir-data/.git ']'
+ echo '[post-receive] WORKDIR already exists.'
[post-receive] WORKDIR already exists.
+ cd /data/exp-fcre-weir-data
+ unset GIT_DIR
+ unset GIT_WORK_TREE
+ git checkout exp-fcre-weir-data
Already on 'exp-fcre-weir-data'
Your branch is up to date with 'origin/exp-fcre-weir-data'.
+ git fetch origin
From /data/fcre-data-exp-worktree
   10dc378..94c82b6  exp-fcre-weir-data -> origin/exp-fcre-weir-data
+ git reset --hard origin/exp-fcre-weir-data
HEAD is now at 94c82b6 Tue 2025-08-12 10:11:29 EDT
+ git push github exp-fcre-weir-data
To github.com:FLARE-forecast/TEST-data.git
   10dc378..94c82b6  exp-fcre-weir-data -> exp-fcre-weir-data
+ echo '[post-receive] Sync complete for exp-fcre-weir-data.'
[post-receive] Sync complete for exp-fcre-weir-data.
+ exec
+ read oldrev newrev refname
+ WORKDIR_BASE=/data
+ echo '[post-receive] Starting sync task...'
[post-receive] Starting sync task...
+ read oldrev newrev refname
+ [[ refs/heads/exp-fcre-weir-data =~ ^refs/heads/ ]]
+ branch=exp-fcre-weir-data
+ echo '[post-receive] Processing branch: exp-fcre-weir-data'
[post-receive] Processing branch: exp-fcre-weir-data
+ WORKDIR=/data/exp-fcre-weir-data
+ LOCKFILE=/tmp/git-post-receive-exp-fcre-weir-data.lock
+ exec
+ flock -x 9
+ echo '[post-receive] Acquired lock for exp-fcre-weir-data'
[post-receive] Acquired lock for exp-fcre-weir-data
+ '[' '!' -d /data/exp-fcre-weir-data/.git ']'
+ echo '[post-receive] WORKDIR already exists.'
[post-receive] WORKDIR already exists.
+ cd /data/exp-fcre-weir-data
+ unset GIT_DIR
+ unset GIT_WORK_TREE
+ git checkout exp-fcre-weir-data
Already on 'exp-fcre-weir-data'
Your branch is up to date with 'origin/exp-fcre-weir-data'.
+ git fetch origin
From /data/fcre-data-exp-worktree
   94c82b6..a3ab2a7  exp-fcre-weir-data -> origin/exp-fcre-weir-data
+ git reset --hard origin/exp-fcre-weir-data
HEAD is now at a3ab2a7 Tue 2025-08-12 12:13:03 EDT
+ git push github exp-fcre-weir-data
To github.com:FLARE-forecast/TEST-data.git
   94c82b6..a3ab2a7  exp-fcre-weir-data -> exp-fcre-weir-data
+ echo '[post-receive] Sync complete for exp-fcre-weir-data.'
[post-receive] Sync complete for exp-fcre-weir-data.
+ exec
+ read oldrev newrev refname
+ WORKDIR_BASE=/data
+ echo '[post-receive] Starting sync task...'
[post-receive] Starting sync task...
+ read oldrev newrev refname
+ [[ refs/heads/exp-fcre-weir-data =~ ^refs/heads/ ]]
+ branch=exp-fcre-weir-data
+ echo '[post-receive] Processing branch: exp-fcre-weir-data'
[post-receive] Processing branch: exp-fcre-weir-data
+ WORKDIR=/data/exp-fcre-weir-data
+ LOCKFILE=/tmp/git-post-receive-exp-fcre-weir-data.lock
+ exec
+ flock -x 9
+ echo '[post-receive] Acquired lock for exp-fcre-weir-data'
[post-receive] Acquired lock for exp-fcre-weir-data
+ '[' '!' -d /data/exp-fcre-weir-data/.git ']'
+ echo '[post-receive] WORKDIR already exists.'
[post-receive] WORKDIR already exists.
+ cd /data/exp-fcre-weir-data
+ unset GIT_DIR
+ unset GIT_WORK_TREE
+ git checkout exp-fcre-weir-data
Already on 'exp-fcre-weir-data'
Your branch is up to date with 'origin/exp-fcre-weir-data'.
+ git fetch origin
From /data/fcre-data-exp-worktree
   a3ab2a7..bdc8eb3  exp-fcre-weir-data -> origin/exp-fcre-weir-data
+ git reset --hard origin/exp-fcre-weir-data
HEAD is now at bdc8eb3 Tue 2025-08-12 15:35:32 EDT
+ git push github exp-fcre-weir-data
To github.com:FLARE-forecast/TEST-data.git
   a3ab2a7..bdc8eb3  exp-fcre-weir-data -> exp-fcre-weir-data
+ echo '[post-receive] Sync complete for exp-fcre-weir-data.'
[post-receive] Sync complete for exp-fcre-weir-data.
+ exec
+ read oldrev newrev refname
+ WORKDIR_BASE=/data
+ echo '[post-receive] Starting sync task...'
[post-receive] Starting sync task...
+ read oldrev newrev refname
+ [[ refs/heads/exp-fcre-weir-data =~ ^refs/heads/ ]]
+ branch=exp-fcre-weir-data
+ echo '[post-receive] Processing branch: exp-fcre-weir-data'
[post-receive] Processing branch: exp-fcre-weir-data
+ WORKDIR=/data/exp-fcre-weir-data
+ LOCKFILE=/tmp/git-post-receive-exp-fcre-weir-data.lock
+ exec
+ flock -x 9
+ echo '[post-receive] Acquired lock for exp-fcre-weir-data'
[post-receive] Acquired lock for exp-fcre-weir-data
+ '[' '!' -d /data/exp-fcre-weir-data/.git ']'
+ echo '[post-receive] WORKDIR already exists.'
[post-receive] WORKDIR already exists.
+ cd /data/exp-fcre-weir-data
+ unset GIT_DIR
+ unset GIT_WORK_TREE
+ git checkout exp-fcre-weir-data
Already on 'exp-fcre-weir-data'
Your branch is up to date with 'origin/exp-fcre-weir-data'.
+ git fetch origin
From /data/fcre-data-exp-worktree
   bdc8eb3..5783a32  exp-fcre-weir-data -> origin/exp-fcre-weir-data
+ git reset --hard origin/exp-fcre-weir-data
HEAD is now at 5783a32 Wed 2025-08-13 01:19:35 EDT
+ git push github exp-fcre-weir-data
To github.com:FLARE-forecast/TEST-data.git
   bdc8eb3..5783a32  exp-fcre-weir-data -> exp-fcre-weir-data
+ echo '[post-receive] Sync complete for exp-fcre-weir-data.'
[post-receive] Sync complete for exp-fcre-weir-data.
+ exec
+ read oldrev newrev refname
+ WORKDIR_BASE=/data
+ echo '[post-receive] Starting sync task...'
[post-receive] Starting sync task...
+ read oldrev newrev refname
+ [[ refs/heads/exp-fcre-weir-data =~ ^refs/heads/ ]]
+ branch=exp-fcre-weir-data
+ echo '[post-receive] Processing branch: exp-fcre-weir-data'
[post-receive] Processing branch: exp-fcre-weir-data
+ WORKDIR=/data/exp-fcre-weir-data
+ LOCKFILE=/tmp/git-post-receive-exp-fcre-weir-data.lock
+ exec
+ flock -x 9
+ echo '[post-receive] Acquired lock for exp-fcre-weir-data'
[post-receive] Acquired lock for exp-fcre-weir-data
+ '[' '!' -d /data/exp-fcre-weir-data/.git ']'
+ echo '[post-receive] WORKDIR already exists.'
[post-receive] WORKDIR already exists.
+ cd /data/exp-fcre-weir-data
+ unset GIT_DIR
+ unset GIT_WORK_TREE
+ git checkout exp-fcre-weir-data
Already on 'exp-fcre-weir-data'
Your branch is up to date with 'origin/exp-fcre-weir-data'.
+ git fetch origin
From /data/fcre-data-exp-worktree
   5783a32..d84f9f3  exp-fcre-weir-data -> origin/exp-fcre-weir-data
+ git reset --hard origin/exp-fcre-weir-data
HEAD is now at d84f9f3 Wed 2025-08-13 07:25:24 EDT
+ git push github exp-fcre-weir-data
To github.com:FLARE-forecast/TEST-data.git
   5783a32..d84f9f3  exp-fcre-weir-data -> exp-fcre-weir-data
+ echo '[post-receive] Sync complete for exp-fcre-weir-data.'
[post-receive] Sync complete for exp-fcre-weir-data.
+ exec
+ read oldrev newrev refname
+ WORKDIR_BASE=/data
+ echo '[post-receive] Starting sync task...'
[post-receive] Starting sync task...
+ read oldrev newrev refname
+ [[ refs/heads/exp-fcre-weir-data =~ ^refs/heads/ ]]
+ branch=exp-fcre-weir-data
+ echo '[post-receive] Processing branch: exp-fcre-weir-data'
[post-receive] Processing branch: exp-fcre-weir-data
+ WORKDIR=/data/exp-fcre-weir-data
+ LOCKFILE=/tmp/git-post-receive-exp-fcre-weir-data.lock
+ exec
+ flock -x 9
+ echo '[post-receive] Acquired lock for exp-fcre-weir-data'
[post-receive] Acquired lock for exp-fcre-weir-data
+ '[' '!' -d /data/exp-fcre-weir-data/.git ']'
+ echo '[post-receive] WORKDIR already exists.'
[post-receive] WORKDIR already exists.
+ cd /data/exp-fcre-weir-data
+ unset GIT_DIR
+ unset GIT_WORK_TREE
+ git checkout exp-fcre-weir-data
Already on 'exp-fcre-weir-data'
Your branch is up to date with 'origin/exp-fcre-weir-data'.
+ git fetch origin
From /data/fcre-data-exp-worktree
   d84f9f3..b684d17  exp-fcre-weir-data -> origin/exp-fcre-weir-data
+ git reset --hard origin/exp-fcre-weir-data
HEAD is now at b684d17 Wed 2025-08-13 10:25:33 EDT
+ git push github exp-fcre-weir-data
To github.com:FLARE-forecast/TEST-data.git
   d84f9f3..b684d17  exp-fcre-weir-data -> exp-fcre-weir-data
+ echo '[post-receive] Sync complete for exp-fcre-weir-data.'
[post-receive] Sync complete for exp-fcre-weir-data.
+ exec
+ read oldrev newrev refname
+ WORKDIR_BASE=/data
+ echo '[post-receive] Starting sync task...'
[post-receive] Starting sync task...
+ read oldrev newrev refname
+ [[ refs/heads/exp-fcre-weir-data =~ ^refs/heads/ ]]
+ branch=exp-fcre-weir-data
+ echo '[post-receive] Processing branch: exp-fcre-weir-data'
[post-receive] Processing branch: exp-fcre-weir-data
+ WORKDIR=/data/exp-fcre-weir-data
+ LOCKFILE=/tmp/git-post-receive-exp-fcre-weir-data.lock
+ exec
+ flock -x 9
+ echo '[post-receive] Acquired lock for exp-fcre-weir-data'
[post-receive] Acquired lock for exp-fcre-weir-data
+ '[' '!' -d /data/exp-fcre-weir-data/.git ']'
+ echo '[post-receive] WORKDIR already exists.'
[post-receive] WORKDIR already exists.
+ cd /data/exp-fcre-weir-data
+ unset GIT_DIR
+ unset GIT_WORK_TREE
+ git checkout exp-fcre-weir-data
Already on 'exp-fcre-weir-data'
Your branch is up to date with 'origin/exp-fcre-weir-data'.
+ git fetch origin
From /data/fcre-data-exp-worktree
   b684d17..50edae2  exp-fcre-weir-data -> origin/exp-fcre-weir-data
+ git reset --hard origin/exp-fcre-weir-data
HEAD is now at 50edae2 Wed 2025-08-13 12:29:00 EDT
+ git push github exp-fcre-weir-data
To github.com:FLARE-forecast/TEST-data.git
   b684d17..50edae2  exp-fcre-weir-data -> exp-fcre-weir-data
+ echo '[post-receive] Sync complete for exp-fcre-weir-data.'
[post-receive] Sync complete for exp-fcre-weir-data.
+ exec
+ read oldrev newrev refname
+ WORKDIR_BASE=/data
+ echo '[post-receive] Starting sync task...'
[post-receive] Starting sync task...
+ read oldrev newrev refname
+ [[ refs/heads/exp-fcre-weir-data =~ ^refs/heads/ ]]
+ branch=exp-fcre-weir-data
+ echo '[post-receive] Processing branch: exp-fcre-weir-data'
[post-receive] Processing branch: exp-fcre-weir-data
+ WORKDIR=/data/exp-fcre-weir-data
+ LOCKFILE=/tmp/git-post-receive-exp-fcre-weir-data.lock
+ exec
+ flock -x 9
+ echo '[post-receive] Acquired lock for exp-fcre-weir-data'
[post-receive] Acquired lock for exp-fcre-weir-data
+ '[' '!' -d /data/exp-fcre-weir-data/.git ']'
+ echo '[post-receive] WORKDIR already exists.'
[post-receive] WORKDIR already exists.
+ cd /data/exp-fcre-weir-data
+ unset GIT_DIR
+ unset GIT_WORK_TREE
+ git checkout exp-fcre-weir-data
Already on 'exp-fcre-weir-data'
Your branch is up to date with 'origin/exp-fcre-weir-data'.
+ git fetch origin
From /data/fcre-data-exp-worktree
   50edae2..384ff9b  exp-fcre-weir-data -> origin/exp-fcre-weir-data
+ git reset --hard origin/exp-fcre-weir-data
HEAD is now at 384ff9b Wed 2025-08-13 15:40:20 EDT
+ git push github exp-fcre-weir-data
ssh: Could not resolve hostname github.com: Temporary failure in name resolution
fatal: Could not read from remote repository.

Please make sure you have the correct access rights
and the repository exists.
+ WORKDIR_BASE=/data
+ echo '[post-receive] Starting sync task...'
[post-receive] Starting sync task...
+ read oldrev newrev refname
+ [[ refs/heads/exp-fcre-weir-data =~ ^refs/heads/ ]]
+ branch=exp-fcre-weir-data
+ echo '[post-receive] Processing branch: exp-fcre-weir-data'
[post-receive] Processing branch: exp-fcre-weir-data
+ WORKDIR=/data/exp-fcre-weir-data
+ LOCKFILE=/tmp/git-post-receive-exp-fcre-weir-data.lock
+ exec
+ flock -x 9
+ echo '[post-receive] Acquired lock for exp-fcre-weir-data'
[post-receive] Acquired lock for exp-fcre-weir-data
+ '[' '!' -d /data/exp-fcre-weir-data/.git ']'
+ echo '[post-receive] WORKDIR already exists.'
[post-receive] WORKDIR already exists.
+ cd /data/exp-fcre-weir-data
+ unset GIT_DIR
+ unset GIT_WORK_TREE
+ git checkout exp-fcre-weir-data
Already on 'exp-fcre-weir-data'
Your branch is up to date with 'origin/exp-fcre-weir-data'.
+ git fetch origin
From /data/fcre-data-exp-worktree
   384ff9b..c70b67e  exp-fcre-weir-data -> origin/exp-fcre-weir-data
+ git reset --hard origin/exp-fcre-weir-data
HEAD is now at c70b67e Wed 2025-08-13 21:27:59 EDT
+ git push github exp-fcre-weir-data
To github.com:FLARE-forecast/TEST-data.git
   50edae2..c70b67e  exp-fcre-weir-data -> exp-fcre-weir-data
+ echo '[post-receive] Sync complete for exp-fcre-weir-data.'
[post-receive] Sync complete for exp-fcre-weir-data.
+ exec
+ read oldrev newrev refname
+ WORKDIR_BASE=/data
+ echo '[post-receive] Starting sync task...'
[post-receive] Starting sync task...
+ read oldrev newrev refname
+ [[ refs/heads/exp-fcre-weir-data =~ ^refs/heads/ ]]
+ branch=exp-fcre-weir-data
+ echo '[post-receive] Processing branch: exp-fcre-weir-data'
[post-receive] Processing branch: exp-fcre-weir-data
+ WORKDIR=/data/exp-fcre-weir-data
+ LOCKFILE=/tmp/git-post-receive-exp-fcre-weir-data.lock
+ exec
+ flock -x 9
+ echo '[post-receive] Acquired lock for exp-fcre-weir-data'
[post-receive] Acquired lock for exp-fcre-weir-data
+ '[' '!' -d /data/exp-fcre-weir-data/.git ']'
+ echo '[post-receive] WORKDIR already exists.'
[post-receive] WORKDIR already exists.
+ cd /data/exp-fcre-weir-data
+ unset GIT_DIR
+ unset GIT_WORK_TREE
+ git checkout exp-fcre-weir-data
Already on 'exp-fcre-weir-data'
Your branch is up to date with 'origin/exp-fcre-weir-data'.
+ git fetch origin
From /data/fcre-data-exp-worktree
   c70b67e..21b3840  exp-fcre-weir-data -> origin/exp-fcre-weir-data
+ git reset --hard origin/exp-fcre-weir-data
HEAD is now at 21b3840 Thu 2025-08-14 01:19:25 EDT
+ git push github exp-fcre-weir-data
To github.com:FLARE-forecast/TEST-data.git
   c70b67e..21b3840  exp-fcre-weir-data -> exp-fcre-weir-data
+ echo '[post-receive] Sync complete for exp-fcre-weir-data.'
[post-receive] Sync complete for exp-fcre-weir-data.
+ exec
+ read oldrev newrev refname
+ WORKDIR_BASE=/data
+ echo '[post-receive] Starting sync task...'
[post-receive] Starting sync task...
+ read oldrev newrev refname
+ [[ refs/heads/exp-mia-logs =~ ^refs/heads/ ]]
+ branch=exp-mia-logs
+ echo '[post-receive] Processing branch: exp-mia-logs'
[post-receive] Processing branch: exp-mia-logs
+ WORKDIR=/data/exp-mia-logs
+ LOCKFILE=/tmp/git-post-receive-exp-mia-logs.lock
+ exec
+ flock -x 9
+ echo '[post-receive] Acquired lock for exp-mia-logs'
[post-receive] Acquired lock for exp-mia-logs
+ '[' '!' -d /data/exp-mia-logs/.git ']'
+ echo '[post-receive] WORKDIR already exists.'
[post-receive] WORKDIR already exists.
+ cd /data/exp-mia-logs
+ unset GIT_DIR
+ unset GIT_WORK_TREE
+ git checkout exp-mia-logs
Already on 'exp-mia-logs'
Your branch is up to date with 'origin/exp-mia-logs'.
+ git fetch origin
From /data/fcre-data-exp-worktree
   5cd13cf..5b910f4  exp-mia-logs       -> origin/exp-mia-logs
   acb353c..21b3840  exp-fcre-weir-data -> origin/exp-fcre-weir-data
+ git reset --hard origin/exp-mia-logs
HEAD is now at 5b910f4 Fri 2025-08-01 10:38:40 EDT
+ git push github exp-mia-logs
ssh: connect to host github.com port 22: Connection timed out
fatal: Could not read from remote repository.

Please make sure you have the correct access rights
and the repository exists.
+ WORKDIR_BASE=/data
+ echo '[post-receive] Starting sync task...'
[post-receive] Starting sync task...
+ read oldrev newrev refname
+ [[ refs/heads/exp-mia-logs =~ ^refs/heads/ ]]
+ branch=exp-mia-logs
+ echo '[post-receive] Processing branch: exp-mia-logs'
[post-receive] Processing branch: exp-mia-logs
+ WORKDIR=/data/exp-mia-logs
+ LOCKFILE=/tmp/git-post-receive-exp-mia-logs.lock
+ exec
+ flock -x 9
+ echo '[post-receive] Acquired lock for exp-mia-logs'
[post-receive] Acquired lock for exp-mia-logs
+ '[' '!' -d /data/exp-mia-logs/.git ']'
+ echo '[post-receive] WORKDIR already exists.'
[post-receive] WORKDIR already exists.
+ cd /data/exp-mia-logs
+ unset GIT_DIR
+ unset GIT_WORK_TREE
+ git checkout exp-mia-logs
Already on 'exp-mia-logs'
Your branch is up to date with 'origin/exp-mia-logs'.
+ git fetch origin
From /data/fcre-data-exp-worktree
   5b910f4..98d1f5b  exp-mia-logs -> origin/exp-mia-logs
+ git reset --hard origin/exp-mia-logs
HEAD is now at 98d1f5b Fri 2025-08-01 12:48:40 EDT
+ git push github exp-mia-logs
ssh: connect to host github.com port 22: Connection timed out
fatal: Could not read from remote repository.

Please make sure you have the correct access rights
and the repository exists.
+ WORKDIR_BASE=/data
+ echo '[post-receive] Starting sync task...'
[post-receive] Starting sync task...
+ read oldrev newrev refname
+ [[ refs/heads/exp-mia-logs =~ ^refs/heads/ ]]
+ branch=exp-mia-logs
+ echo '[post-receive] Processing branch: exp-mia-logs'
[post-receive] Processing branch: exp-mia-logs
+ WORKDIR=/data/exp-mia-logs
+ LOCKFILE=/tmp/git-post-receive-exp-mia-logs.lock
+ exec
+ flock -x 9
+ echo '[post-receive] Acquired lock for exp-mia-logs'
[post-receive] Acquired lock for exp-mia-logs
+ '[' '!' -d /data/exp-mia-logs/.git ']'
+ echo '[post-receive] WORKDIR already exists.'
[post-receive] WORKDIR already exists.
+ cd /data/exp-mia-logs
+ unset GIT_DIR
+ unset GIT_WORK_TREE
+ git checkout exp-mia-logs
Already on 'exp-mia-logs'
Your branch is up to date with 'origin/exp-mia-logs'.
+ git fetch origin
From /data/fcre-data-exp-worktree
   98d1f5b..d3162cd  exp-mia-logs -> origin/exp-mia-logs
+ git reset --hard origin/exp-mia-logs
HEAD is now at d3162cd Sat 2025-08-02 01:19:52 EDT
+ git push github exp-mia-logs
ssh: connect to host github.com port 22: Connection timed out
fatal: Could not read from remote repository.

Please make sure you have the correct access rights
and the repository exists.
+ WORKDIR_BASE=/data
+ echo '[post-receive] Starting sync task...'
[post-receive] Starting sync task...
+ read oldrev newrev refname
+ [[ refs/heads/exp-mia-logs =~ ^refs/heads/ ]]
+ branch=exp-mia-logs
+ echo '[post-receive] Processing branch: exp-mia-logs'
[post-receive] Processing branch: exp-mia-logs
+ WORKDIR=/data/exp-mia-logs
+ LOCKFILE=/tmp/git-post-receive-exp-mia-logs.lock
+ exec
+ flock -x 9
+ echo '[post-receive] Acquired lock for exp-mia-logs'
[post-receive] Acquired lock for exp-mia-logs
+ '[' '!' -d /data/exp-mia-logs/.git ']'
+ echo '[post-receive] WORKDIR already exists.'
[post-receive] WORKDIR already exists.
+ cd /data/exp-mia-logs
+ unset GIT_DIR
+ unset GIT_WORK_TREE
+ git checkout exp-mia-logs
Already on 'exp-mia-logs'
Your branch is up to date with 'origin/exp-mia-logs'.
+ git fetch origin
From /data/fcre-data-exp-worktree
   d3162cd..3e20336  exp-mia-logs -> origin/exp-mia-logs
+ git reset --hard origin/exp-mia-logs
HEAD is now at 3e20336 Sat 2025-08-02 01:21:09 EDT
+ git push github exp-mia-logs
ssh: connect to host github.com port 22: Connection timed out
fatal: Could not read from remote repository.

Please make sure you have the correct access rights
and the repository exists.
+ WORKDIR_BASE=/data
+ echo '[post-receive] Starting sync task...'
[post-receive] Starting sync task...
+ read oldrev newrev refname
+ [[ refs/heads/exp-fcre-weir-data =~ ^refs/heads/ ]]
+ branch=exp-fcre-weir-data
+ echo '[post-receive] Processing branch: exp-fcre-weir-data'
[post-receive] Processing branch: exp-fcre-weir-data
+ WORKDIR=/data/exp-fcre-weir-data
+ LOCKFILE=/tmp/git-post-receive-exp-fcre-weir-data.lock
+ exec
+ flock -x 9
+ echo '[post-receive] Acquired lock for exp-fcre-weir-data'
[post-receive] Acquired lock for exp-fcre-weir-data
+ '[' '!' -d /data/exp-fcre-weir-data/.git ']'
+ echo '[post-receive] WORKDIR already exists.'
[post-receive] WORKDIR already exists.
+ cd /data/exp-fcre-weir-data
+ unset GIT_DIR
+ unset GIT_WORK_TREE
+ git checkout exp-fcre-weir-data
Already on 'exp-fcre-weir-data'
Your branch is up to date with 'origin/exp-fcre-weir-data'.
+ git fetch origin
From /data/fcre-data-exp-worktree
   21b3840..609f982  exp-fcre-weir-data -> origin/exp-fcre-weir-data
   5cd13cf..3e20336  exp-mia-logs       -> origin/exp-mia-logs
+ git reset --hard origin/exp-fcre-weir-data
HEAD is now at 609f982 Thu 2025-08-14 07:23:22 EDT
+ git push github exp-fcre-weir-data
To github.com:FLARE-forecast/TEST-data.git
   21b3840..609f982  exp-fcre-weir-data -> exp-fcre-weir-data
+ echo '[post-receive] Sync complete for exp-fcre-weir-data.'
[post-receive] Sync complete for exp-fcre-weir-data.
+ exec
+ read oldrev newrev refname
+ WORKDIR_BASE=/data
+ echo '[post-receive] Starting sync task...'
[post-receive] Starting sync task...
+ read oldrev newrev refname
+ [[ refs/heads/exp-fcre-weir-data =~ ^refs/heads/ ]]
+ branch=exp-fcre-weir-data
+ echo '[post-receive] Processing branch: exp-fcre-weir-data'
[post-receive] Processing branch: exp-fcre-weir-data
+ WORKDIR=/data/exp-fcre-weir-data
+ LOCKFILE=/tmp/git-post-receive-exp-fcre-weir-data.lock
+ exec
+ flock -x 9
+ echo '[post-receive] Acquired lock for exp-fcre-weir-data'
[post-receive] Acquired lock for exp-fcre-weir-data
+ '[' '!' -d /data/exp-fcre-weir-data/.git ']'
+ echo '[post-receive] WORKDIR already exists.'
[post-receive] WORKDIR already exists.
+ cd /data/exp-fcre-weir-data
+ unset GIT_DIR
+ unset GIT_WORK_TREE
+ git checkout exp-fcre-weir-data
Already on 'exp-fcre-weir-data'
Your branch is up to date with 'origin/exp-fcre-weir-data'.
+ git fetch origin
From /data/fcre-data-exp-worktree
   609f982..0e2859f  exp-fcre-weir-data -> origin/exp-fcre-weir-data
+ git reset --hard origin/exp-fcre-weir-data
HEAD is now at 0e2859f Thu 2025-08-14 10:26:47 EDT
+ git push github exp-fcre-weir-data
To github.com:FLARE-forecast/TEST-data.git
   609f982..0e2859f  exp-fcre-weir-data -> exp-fcre-weir-data
+ echo '[post-receive] Sync complete for exp-fcre-weir-data.'
[post-receive] Sync complete for exp-fcre-weir-data.
+ exec
+ read oldrev newrev refname
+ WORKDIR_BASE=/data
+ echo '[post-receive] Starting sync task...'
[post-receive] Starting sync task...
+ read oldrev newrev refname
+ [[ refs/heads/exp-fcre-weir-data =~ ^refs/heads/ ]]
+ branch=exp-fcre-weir-data
+ echo '[post-receive] Processing branch: exp-fcre-weir-data'
[post-receive] Processing branch: exp-fcre-weir-data
+ WORKDIR=/data/exp-fcre-weir-data
+ LOCKFILE=/tmp/git-post-receive-exp-fcre-weir-data.lock
+ exec
+ flock -x 9
+ echo '[post-receive] Acquired lock for exp-fcre-weir-data'
[post-receive] Acquired lock for exp-fcre-weir-data
+ '[' '!' -d /data/exp-fcre-weir-data/.git ']'
+ echo '[post-receive] WORKDIR already exists.'
[post-receive] WORKDIR already exists.
+ cd /data/exp-fcre-weir-data
+ unset GIT_DIR
+ unset GIT_WORK_TREE
+ git checkout exp-fcre-weir-data
Already on 'exp-fcre-weir-data'
Your branch is up to date with 'origin/exp-fcre-weir-data'.
+ git fetch origin
From /data/fcre-data-exp-worktree
   0e2859f..c16b54e  exp-fcre-weir-data -> origin/exp-fcre-weir-data
+ git reset --hard origin/exp-fcre-weir-data
HEAD is now at c16b54e Thu 2025-08-14 12:26:12 EDT
+ git push github exp-fcre-weir-data
To github.com:FLARE-forecast/TEST-data.git
   0e2859f..c16b54e  exp-fcre-weir-data -> exp-fcre-weir-data
+ echo '[post-receive] Sync complete for exp-fcre-weir-data.'
[post-receive] Sync complete for exp-fcre-weir-data.
+ exec
+ read oldrev newrev refname
+ WORKDIR_BASE=/data
+ echo '[post-receive] Starting sync task...'
[post-receive] Starting sync task...
+ read oldrev newrev refname
+ [[ refs/heads/exp-fcre-weir-data =~ ^refs/heads/ ]]
+ branch=exp-fcre-weir-data
+ echo '[post-receive] Processing branch: exp-fcre-weir-data'
[post-receive] Processing branch: exp-fcre-weir-data
+ WORKDIR=/data/exp-fcre-weir-data
+ LOCKFILE=/tmp/git-post-receive-exp-fcre-weir-data.lock
+ exec
+ flock -x 9
+ echo '[post-receive] Acquired lock for exp-fcre-weir-data'
[post-receive] Acquired lock for exp-fcre-weir-data
+ '[' '!' -d /data/exp-fcre-weir-data/.git ']'
+ echo '[post-receive] WORKDIR already exists.'
[post-receive] WORKDIR already exists.
+ cd /data/exp-fcre-weir-data
+ unset GIT_DIR
+ unset GIT_WORK_TREE
+ git checkout exp-fcre-weir-data
Already on 'exp-fcre-weir-data'
Your branch is up to date with 'origin/exp-fcre-weir-data'.
+ git fetch origin
From /data/fcre-data-exp-worktree
   c16b54e..3676acc  exp-fcre-weir-data -> origin/exp-fcre-weir-data
+ git reset --hard origin/exp-fcre-weir-data
HEAD is now at 3676acc Thu 2025-08-14 21:28:16 EDT
+ git push github exp-fcre-weir-data
To github.com:FLARE-forecast/TEST-data.git
   c16b54e..3676acc  exp-fcre-weir-data -> exp-fcre-weir-data
+ echo '[post-receive] Sync complete for exp-fcre-weir-data.'
[post-receive] Sync complete for exp-fcre-weir-data.
+ exec
+ read oldrev newrev refname
+ WORKDIR_BASE=/data
+ echo '[post-receive] Starting sync task...'
[post-receive] Starting sync task...
+ read oldrev newrev refname
+ [[ refs/heads/exp-fcre-weir-data =~ ^refs/heads/ ]]
+ branch=exp-fcre-weir-data
+ echo '[post-receive] Processing branch: exp-fcre-weir-data'
[post-receive] Processing branch: exp-fcre-weir-data
+ WORKDIR=/data/exp-fcre-weir-data
+ LOCKFILE=/tmp/git-post-receive-exp-fcre-weir-data.lock
+ exec
+ flock -x 9
+ echo '[post-receive] Acquired lock for exp-fcre-weir-data'
[post-receive] Acquired lock for exp-fcre-weir-data
+ '[' '!' -d /data/exp-fcre-weir-data/.git ']'
+ echo '[post-receive] WORKDIR already exists.'
[post-receive] WORKDIR already exists.
+ cd /data/exp-fcre-weir-data
+ unset GIT_DIR
+ unset GIT_WORK_TREE
+ git checkout exp-fcre-weir-data
Already on 'exp-fcre-weir-data'
Your branch is up to date with 'origin/exp-fcre-weir-data'.
+ git fetch origin
From /data/fcre-data-exp-worktree
   3676acc..f727a18  exp-fcre-weir-data -> origin/exp-fcre-weir-data
+ git reset --hard origin/exp-fcre-weir-data
HEAD is now at f727a18 Fri 2025-08-15 01:19:29 EDT
+ git push github exp-fcre-weir-data
To github.com:FLARE-forecast/TEST-data.git
   3676acc..f727a18  exp-fcre-weir-data -> exp-fcre-weir-data
+ echo '[post-receive] Sync complete for exp-fcre-weir-data.'
[post-receive] Sync complete for exp-fcre-weir-data.
+ exec
+ read oldrev newrev refname
+ WORKDIR_BASE=/data
+ echo '[post-receive] Starting sync task...'
[post-receive] Starting sync task...
+ read oldrev newrev refname
+ [[ refs/heads/exp-mia-logs =~ ^refs/heads/ ]]
+ branch=exp-mia-logs
+ echo '[post-receive] Processing branch: exp-mia-logs'
[post-receive] Processing branch: exp-mia-logs
+ WORKDIR=/data/exp-mia-logs
+ LOCKFILE=/tmp/git-post-receive-exp-mia-logs.lock
+ exec
+ flock -x 9
+ echo '[post-receive] Acquired lock for exp-mia-logs'
[post-receive] Acquired lock for exp-mia-logs
+ '[' '!' -d /data/exp-mia-logs/.git ']'
+ echo '[post-receive] WORKDIR already exists.'
[post-receive] WORKDIR already exists.
+ cd /data/exp-mia-logs
+ unset GIT_DIR
+ unset GIT_WORK_TREE
+ git checkout exp-mia-logs
Already on 'exp-mia-logs'
Your branch is up to date with 'origin/exp-mia-logs'.
+ git fetch origin
From /data/fcre-data-exp-worktree
   3e20336..997ce6b  exp-mia-logs       -> origin/exp-mia-logs
   21b3840..f727a18  exp-fcre-weir-data -> origin/exp-fcre-weir-data
+ git reset --hard origin/exp-mia-logs
HEAD is now at 997ce6b Sat 2025-08-02 07:26:29 EDT
+ git push github exp-mia-logs
To github.com:FLARE-forecast/TEST-data.git
   5cd13cf..997ce6b  exp-mia-logs -> exp-mia-logs
+ echo '[post-receive] Sync complete for exp-mia-logs.'
[post-receive] Sync complete for exp-mia-logs.
+ exec
+ read oldrev newrev refname
+ WORKDIR_BASE=/data
+ echo '[post-receive] Starting sync task...'
[post-receive] Starting sync task...
+ read oldrev newrev refname
+ [[ refs/heads/exp-mia-logs =~ ^refs/heads/ ]]
+ branch=exp-mia-logs
+ echo '[post-receive] Processing branch: exp-mia-logs'
[post-receive] Processing branch: exp-mia-logs
+ WORKDIR=/data/exp-mia-logs
+ LOCKFILE=/tmp/git-post-receive-exp-mia-logs.lock
+ exec
+ flock -x 9
+ echo '[post-receive] Acquired lock for exp-mia-logs'
[post-receive] Acquired lock for exp-mia-logs
+ '[' '!' -d /data/exp-mia-logs/.git ']'
+ echo '[post-receive] WORKDIR already exists.'
[post-receive] WORKDIR already exists.
+ cd /data/exp-mia-logs
+ unset GIT_DIR
+ unset GIT_WORK_TREE
+ git checkout exp-mia-logs
Already on 'exp-mia-logs'
Your branch is up to date with 'origin/exp-mia-logs'.
+ git fetch origin
From /data/fcre-data-exp-worktree
   997ce6b..4065518  exp-mia-logs -> origin/exp-mia-logs
+ git reset --hard origin/exp-mia-logs
HEAD is now at 4065518 Sat 2025-08-02 10:33:03 EDT
+ git push github exp-mia-logs
To github.com:FLARE-forecast/TEST-data.git
   997ce6b..4065518  exp-mia-logs -> exp-mia-logs
+ echo '[post-receive] Sync complete for exp-mia-logs.'
[post-receive] Sync complete for exp-mia-logs.
+ exec
+ read oldrev newrev refname
+ WORKDIR_BASE=/data
+ echo '[post-receive] Starting sync task...'
[post-receive] Starting sync task...
+ read oldrev newrev refname
+ [[ refs/heads/exp-mia-logs =~ ^refs/heads/ ]]
+ branch=exp-mia-logs
+ echo '[post-receive] Processing branch: exp-mia-logs'
[post-receive] Processing branch: exp-mia-logs
+ WORKDIR=/data/exp-mia-logs
+ LOCKFILE=/tmp/git-post-receive-exp-mia-logs.lock
+ exec
+ flock -x 9
+ echo '[post-receive] Acquired lock for exp-mia-logs'
[post-receive] Acquired lock for exp-mia-logs
+ '[' '!' -d /data/exp-mia-logs/.git ']'
+ echo '[post-receive] WORKDIR already exists.'
[post-receive] WORKDIR already exists.
+ cd /data/exp-mia-logs
+ unset GIT_DIR
+ unset GIT_WORK_TREE
+ git checkout exp-mia-logs
Already on 'exp-mia-logs'
Your branch is up to date with 'origin/exp-mia-logs'.
+ git fetch origin
From /data/fcre-data-exp-worktree
   4065518..761df67  exp-mia-logs -> origin/exp-mia-logs
+ git reset --hard origin/exp-mia-logs
HEAD is now at 761df67 Sat 2025-08-02 12:46:11 EDT
+ git push github exp-mia-logs
To github.com:FLARE-forecast/TEST-data.git
   4065518..761df67  exp-mia-logs -> exp-mia-logs
+ echo '[post-receive] Sync complete for exp-mia-logs.'
[post-receive] Sync complete for exp-mia-logs.
+ exec
+ read oldrev newrev refname
+ WORKDIR_BASE=/data
+ echo '[post-receive] Starting sync task...'
[post-receive] Starting sync task...
+ read oldrev newrev refname
+ [[ refs/heads/exp-fcre-weir-data =~ ^refs/heads/ ]]
+ branch=exp-fcre-weir-data
+ echo '[post-receive] Processing branch: exp-fcre-weir-data'
[post-receive] Processing branch: exp-fcre-weir-data
+ WORKDIR=/data/exp-fcre-weir-data
+ LOCKFILE=/tmp/git-post-receive-exp-fcre-weir-data.lock
+ exec
+ flock -x 9
+ echo '[post-receive] Acquired lock for exp-fcre-weir-data'
[post-receive] Acquired lock for exp-fcre-weir-data
+ '[' '!' -d /data/exp-fcre-weir-data/.git ']'
+ echo '[post-receive] WORKDIR already exists.'
[post-receive] WORKDIR already exists.
+ cd /data/exp-fcre-weir-data
+ unset GIT_DIR
+ unset GIT_WORK_TREE
+ git checkout exp-fcre-weir-data
Already on 'exp-fcre-weir-data'
Your branch is up to date with 'origin/exp-fcre-weir-data'.
+ git fetch origin
From /data/fcre-data-exp-worktree
   f727a18..950bfb3  exp-fcre-weir-data -> origin/exp-fcre-weir-data
   3e20336..761df67  exp-mia-logs       -> origin/exp-mia-logs
+ git reset --hard origin/exp-fcre-weir-data
HEAD is now at 950bfb3 Fri 2025-08-15 07:21:11 EDT
+ git push github exp-fcre-weir-data
ssh: connect to host github.com port 22: Connection timed out
fatal: Could not read from remote repository.

Please make sure you have the correct access rights
and the repository exists.
+ WORKDIR_BASE=/data
+ echo '[post-receive] Starting sync task...'
[post-receive] Starting sync task...
+ read oldrev newrev refname
+ [[ refs/heads/exp-fcre-weir-data =~ ^refs/heads/ ]]
+ branch=exp-fcre-weir-data
+ echo '[post-receive] Processing branch: exp-fcre-weir-data'
[post-receive] Processing branch: exp-fcre-weir-data
+ WORKDIR=/data/exp-fcre-weir-data
+ LOCKFILE=/tmp/git-post-receive-exp-fcre-weir-data.lock
+ exec
+ flock -x 9
+ echo '[post-receive] Acquired lock for exp-fcre-weir-data'
[post-receive] Acquired lock for exp-fcre-weir-data
+ '[' '!' -d /data/exp-fcre-weir-data/.git ']'
+ echo '[post-receive] WORKDIR already exists.'
[post-receive] WORKDIR already exists.
+ cd /data/exp-fcre-weir-data
+ unset GIT_DIR
+ unset GIT_WORK_TREE
+ git checkout exp-fcre-weir-data
Already on 'exp-fcre-weir-data'
Your branch is up to date with 'origin/exp-fcre-weir-data'.
+ git fetch origin
From /data/fcre-data-exp-worktree
   950bfb3..49ce2dc  exp-fcre-weir-data -> origin/exp-fcre-weir-data
+ git reset --hard origin/exp-fcre-weir-data
HEAD is now at 49ce2dc Fri 2025-08-15 10:29:25 EDT
+ git push github exp-fcre-weir-data
To github.com:FLARE-forecast/TEST-data.git
   f727a18..49ce2dc  exp-fcre-weir-data -> exp-fcre-weir-data
+ echo '[post-receive] Sync complete for exp-fcre-weir-data.'
[post-receive] Sync complete for exp-fcre-weir-data.
+ exec
+ read oldrev newrev refname
+ WORKDIR_BASE=/data
+ echo '[post-receive] Starting sync task...'
[post-receive] Starting sync task...
+ read oldrev newrev refname
+ [[ refs/heads/exp-fcre-weir-data =~ ^refs/heads/ ]]
+ branch=exp-fcre-weir-data
+ echo '[post-receive] Processing branch: exp-fcre-weir-data'
[post-receive] Processing branch: exp-fcre-weir-data
+ WORKDIR=/data/exp-fcre-weir-data
+ LOCKFILE=/tmp/git-post-receive-exp-fcre-weir-data.lock
+ exec
+ flock -x 9
+ echo '[post-receive] Acquired lock for exp-fcre-weir-data'
[post-receive] Acquired lock for exp-fcre-weir-data
+ '[' '!' -d /data/exp-fcre-weir-data/.git ']'
+ echo '[post-receive] WORKDIR already exists.'
[post-receive] WORKDIR already exists.
+ cd /data/exp-fcre-weir-data
+ unset GIT_DIR
+ unset GIT_WORK_TREE
+ git checkout exp-fcre-weir-data
Already on 'exp-fcre-weir-data'
Your branch is up to date with 'origin/exp-fcre-weir-data'.
+ git fetch origin
From /data/fcre-data-exp-worktree
   49ce2dc..9a59cd2  exp-fcre-weir-data -> origin/exp-fcre-weir-data
+ git reset --hard origin/exp-fcre-weir-data
HEAD is now at 9a59cd2 Fri 2025-08-15 12:30:14 EDT
+ git push github exp-fcre-weir-data
ssh: connect to host github.com port 22: Connection timed out
fatal: Could not read from remote repository.

Please make sure you have the correct access rights
and the repository exists.
+ WORKDIR_BASE=/data
+ echo '[post-receive] Starting sync task...'
[post-receive] Starting sync task...
+ read oldrev newrev refname
+ [[ refs/heads/exp-fcre-weir-data =~ ^refs/heads/ ]]
+ branch=exp-fcre-weir-data
+ echo '[post-receive] Processing branch: exp-fcre-weir-data'
[post-receive] Processing branch: exp-fcre-weir-data
+ WORKDIR=/data/exp-fcre-weir-data
+ LOCKFILE=/tmp/git-post-receive-exp-fcre-weir-data.lock
+ exec
+ flock -x 9
+ echo '[post-receive] Acquired lock for exp-fcre-weir-data'
[post-receive] Acquired lock for exp-fcre-weir-data
+ '[' '!' -d /data/exp-fcre-weir-data/.git ']'
+ echo '[post-receive] WORKDIR already exists.'
[post-receive] WORKDIR already exists.
+ cd /data/exp-fcre-weir-data
+ unset GIT_DIR
+ unset GIT_WORK_TREE
+ git checkout exp-fcre-weir-data
Already on 'exp-fcre-weir-data'
Your branch is up to date with 'origin/exp-fcre-weir-data'.
+ git fetch origin
From /data/fcre-data-exp-worktree
   9a59cd2..8c4152f  exp-fcre-weir-data -> origin/exp-fcre-weir-data
+ git reset --hard origin/exp-fcre-weir-data
HEAD is now at 8c4152f Fri 2025-08-15 15:37:34 EDT
+ git push github exp-fcre-weir-data
To github.com:FLARE-forecast/TEST-data.git
   49ce2dc..8c4152f  exp-fcre-weir-data -> exp-fcre-weir-data
+ echo '[post-receive] Sync complete for exp-fcre-weir-data.'
[post-receive] Sync complete for exp-fcre-weir-data.
+ exec
+ read oldrev newrev refname
+ WORKDIR_BASE=/data
+ echo '[post-receive] Starting sync task...'
[post-receive] Starting sync task...
+ read oldrev newrev refname
+ [[ refs/heads/exp-fcre-weir-data =~ ^refs/heads/ ]]
+ branch=exp-fcre-weir-data
+ echo '[post-receive] Processing branch: exp-fcre-weir-data'
[post-receive] Processing branch: exp-fcre-weir-data
+ WORKDIR=/data/exp-fcre-weir-data
+ LOCKFILE=/tmp/git-post-receive-exp-fcre-weir-data.lock
+ exec
+ flock -x 9
+ echo '[post-receive] Acquired lock for exp-fcre-weir-data'
[post-receive] Acquired lock for exp-fcre-weir-data
+ '[' '!' -d /data/exp-fcre-weir-data/.git ']'
+ echo '[post-receive] WORKDIR already exists.'
[post-receive] WORKDIR already exists.
+ cd /data/exp-fcre-weir-data
+ unset GIT_DIR
+ unset GIT_WORK_TREE
+ git checkout exp-fcre-weir-data
Already on 'exp-fcre-weir-data'
Your branch is up to date with 'origin/exp-fcre-weir-data'.
+ git fetch origin
From /data/fcre-data-exp-worktree
   8c4152f..d2b6389  exp-fcre-weir-data -> origin/exp-fcre-weir-data
+ git reset --hard origin/exp-fcre-weir-data
HEAD is now at d2b6389 Fri 2025-08-15 21:10:02 EDT
+ git push github exp-fcre-weir-data
To github.com:FLARE-forecast/TEST-data.git
   8c4152f..d2b6389  exp-fcre-weir-data -> exp-fcre-weir-data
+ echo '[post-receive] Sync complete for exp-fcre-weir-data.'
[post-receive] Sync complete for exp-fcre-weir-data.
+ exec
+ read oldrev newrev refname
+ WORKDIR_BASE=/data
+ echo '[post-receive] Starting sync task...'
[post-receive] Starting sync task...
+ read oldrev newrev refname
+ [[ refs/heads/exp-fcre-weir-data =~ ^refs/heads/ ]]
+ branch=exp-fcre-weir-data
+ echo '[post-receive] Processing branch: exp-fcre-weir-data'
[post-receive] Processing branch: exp-fcre-weir-data
+ WORKDIR=/data/exp-fcre-weir-data
+ LOCKFILE=/tmp/git-post-receive-exp-fcre-weir-data.lock
+ exec
+ flock -x 9
+ echo '[post-receive] Acquired lock for exp-fcre-weir-data'
[post-receive] Acquired lock for exp-fcre-weir-data
+ '[' '!' -d /data/exp-fcre-weir-data/.git ']'
+ echo '[post-receive] WORKDIR already exists.'
[post-receive] WORKDIR already exists.
+ cd /data/exp-fcre-weir-data
+ unset GIT_DIR
+ unset GIT_WORK_TREE
+ git checkout exp-fcre-weir-data
Already on 'exp-fcre-weir-data'
Your branch is up to date with 'origin/exp-fcre-weir-data'.
+ git fetch origin
From /data/fcre-data-exp-worktree
   d2b6389..27f7468  exp-fcre-weir-data -> origin/exp-fcre-weir-data
+ git reset --hard origin/exp-fcre-weir-data
HEAD is now at 27f7468 Sat 2025-08-16 01:19:29 EDT
+ git push github exp-fcre-weir-data
To github.com:FLARE-forecast/TEST-data.git
   d2b6389..27f7468  exp-fcre-weir-data -> exp-fcre-weir-data
+ echo '[post-receive] Sync complete for exp-fcre-weir-data.'
[post-receive] Sync complete for exp-fcre-weir-data.
+ exec
+ read oldrev newrev refname
+ WORKDIR_BASE=/data
+ echo '[post-receive] Starting sync task...'
[post-receive] Starting sync task...
+ read oldrev newrev refname
+ [[ refs/heads/exp-fcre-weir-data =~ ^refs/heads/ ]]
+ branch=exp-fcre-weir-data
+ echo '[post-receive] Processing branch: exp-fcre-weir-data'
[post-receive] Processing branch: exp-fcre-weir-data
+ WORKDIR=/data/exp-fcre-weir-data
+ LOCKFILE=/tmp/git-post-receive-exp-fcre-weir-data.lock
+ exec
+ flock -x 9
+ echo '[post-receive] Acquired lock for exp-fcre-weir-data'
[post-receive] Acquired lock for exp-fcre-weir-data
+ '[' '!' -d /data/exp-fcre-weir-data/.git ']'
+ echo '[post-receive] WORKDIR already exists.'
[post-receive] WORKDIR already exists.
+ cd /data/exp-fcre-weir-data
+ unset GIT_DIR
+ unset GIT_WORK_TREE
+ git checkout exp-fcre-weir-data
Already on 'exp-fcre-weir-data'
Your branch is up to date with 'origin/exp-fcre-weir-data'.
+ git fetch origin
From /data/fcre-data-exp-worktree
   27f7468..59dc7e7  exp-fcre-weir-data -> origin/exp-fcre-weir-data
+ git reset --hard origin/exp-fcre-weir-data
HEAD is now at 59dc7e7 Sat 2025-08-16 07:05:07 EDT
+ git push github exp-fcre-weir-data
To github.com:FLARE-forecast/TEST-data.git
   27f7468..59dc7e7  exp-fcre-weir-data -> exp-fcre-weir-data
+ echo '[post-receive] Sync complete for exp-fcre-weir-data.'
[post-receive] Sync complete for exp-fcre-weir-data.
+ exec
+ read oldrev newrev refname
+ WORKDIR_BASE=/data
+ echo '[post-receive] Starting sync task...'
[post-receive] Starting sync task...
+ read oldrev newrev refname
+ [[ refs/heads/exp-fcre-weir-data =~ ^refs/heads/ ]]
+ branch=exp-fcre-weir-data
+ echo '[post-receive] Processing branch: exp-fcre-weir-data'
[post-receive] Processing branch: exp-fcre-weir-data
+ WORKDIR=/data/exp-fcre-weir-data
+ LOCKFILE=/tmp/git-post-receive-exp-fcre-weir-data.lock
+ exec
+ flock -x 9
+ echo '[post-receive] Acquired lock for exp-fcre-weir-data'
[post-receive] Acquired lock for exp-fcre-weir-data
+ '[' '!' -d /data/exp-fcre-weir-data/.git ']'
+ echo '[post-receive] WORKDIR already exists.'
[post-receive] WORKDIR already exists.
+ cd /data/exp-fcre-weir-data
+ unset GIT_DIR
+ unset GIT_WORK_TREE
+ git checkout exp-fcre-weir-data
Already on 'exp-fcre-weir-data'
Your branch is up to date with 'origin/exp-fcre-weir-data'.
+ git fetch origin
From /data/fcre-data-exp-worktree
   59dc7e7..73572d1  exp-fcre-weir-data -> origin/exp-fcre-weir-data
+ git reset --hard origin/exp-fcre-weir-data
HEAD is now at 73572d1 Sat 2025-08-16 10:28:05 EDT
+ git push github exp-fcre-weir-data
To github.com:FLARE-forecast/TEST-data.git
   59dc7e7..73572d1  exp-fcre-weir-data -> exp-fcre-weir-data
+ echo '[post-receive] Sync complete for exp-fcre-weir-data.'
[post-receive] Sync complete for exp-fcre-weir-data.
+ exec
+ read oldrev newrev refname
+ WORKDIR_BASE=/data
+ echo '[post-receive] Starting sync task...'
[post-receive] Starting sync task...
+ read oldrev newrev refname
+ [[ refs/heads/exp-fcre-weir-data =~ ^refs/heads/ ]]
+ branch=exp-fcre-weir-data
+ echo '[post-receive] Processing branch: exp-fcre-weir-data'
[post-receive] Processing branch: exp-fcre-weir-data
+ WORKDIR=/data/exp-fcre-weir-data
+ LOCKFILE=/tmp/git-post-receive-exp-fcre-weir-data.lock
+ exec
+ flock -x 9
+ echo '[post-receive] Acquired lock for exp-fcre-weir-data'
[post-receive] Acquired lock for exp-fcre-weir-data
+ '[' '!' -d /data/exp-fcre-weir-data/.git ']'
+ echo '[post-receive] WORKDIR already exists.'
[post-receive] WORKDIR already exists.
+ cd /data/exp-fcre-weir-data
+ unset GIT_DIR
+ unset GIT_WORK_TREE
+ git checkout exp-fcre-weir-data
Already on 'exp-fcre-weir-data'
Your branch is up to date with 'origin/exp-fcre-weir-data'.
+ git fetch origin
From /data/fcre-data-exp-worktree
   73572d1..4f8733a  exp-fcre-weir-data -> origin/exp-fcre-weir-data
+ git reset --hard origin/exp-fcre-weir-data
HEAD is now at 4f8733a Sat 2025-08-16 12:29:09 EDT
+ git push github exp-fcre-weir-data
To github.com:FLARE-forecast/TEST-data.git
   73572d1..4f8733a  exp-fcre-weir-data -> exp-fcre-weir-data
+ echo '[post-receive] Sync complete for exp-fcre-weir-data.'
[post-receive] Sync complete for exp-fcre-weir-data.
+ exec
+ read oldrev newrev refname
+ WORKDIR_BASE=/data
+ echo '[post-receive] Starting sync task...'
[post-receive] Starting sync task...
+ read oldrev newrev refname
+ [[ refs/heads/exp-fcre-weir-data =~ ^refs/heads/ ]]
+ branch=exp-fcre-weir-data
+ echo '[post-receive] Processing branch: exp-fcre-weir-data'
[post-receive] Processing branch: exp-fcre-weir-data
+ WORKDIR=/data/exp-fcre-weir-data
+ LOCKFILE=/tmp/git-post-receive-exp-fcre-weir-data.lock
+ exec
+ flock -x 9
+ echo '[post-receive] Acquired lock for exp-fcre-weir-data'
[post-receive] Acquired lock for exp-fcre-weir-data
+ '[' '!' -d /data/exp-fcre-weir-data/.git ']'
+ echo '[post-receive] WORKDIR already exists.'
[post-receive] WORKDIR already exists.
+ cd /data/exp-fcre-weir-data
+ unset GIT_DIR
+ unset GIT_WORK_TREE
+ git checkout exp-fcre-weir-data
Already on 'exp-fcre-weir-data'
Your branch is up to date with 'origin/exp-fcre-weir-data'.
+ git fetch origin
From /data/fcre-data-exp-worktree
   4f8733a..b08dbac  exp-fcre-weir-data -> origin/exp-fcre-weir-data
+ git reset --hard origin/exp-fcre-weir-data
HEAD is now at b08dbac Sat 2025-08-16 15:21:31 EDT
+ git push github exp-fcre-weir-data
To github.com:FLARE-forecast/TEST-data.git
   4f8733a..b08dbac  exp-fcre-weir-data -> exp-fcre-weir-data
+ echo '[post-receive] Sync complete for exp-fcre-weir-data.'
[post-receive] Sync complete for exp-fcre-weir-data.
+ exec
+ read oldrev newrev refname
+ WORKDIR_BASE=/data
+ echo '[post-receive] Starting sync task...'
[post-receive] Starting sync task...
+ read oldrev newrev refname
+ [[ refs/heads/exp-fcre-weir-data =~ ^refs/heads/ ]]
+ branch=exp-fcre-weir-data
+ echo '[post-receive] Processing branch: exp-fcre-weir-data'
[post-receive] Processing branch: exp-fcre-weir-data
+ WORKDIR=/data/exp-fcre-weir-data
+ LOCKFILE=/tmp/git-post-receive-exp-fcre-weir-data.lock
+ exec
+ flock -x 9
+ echo '[post-receive] Acquired lock for exp-fcre-weir-data'
[post-receive] Acquired lock for exp-fcre-weir-data
+ '[' '!' -d /data/exp-fcre-weir-data/.git ']'
+ echo '[post-receive] WORKDIR already exists.'
[post-receive] WORKDIR already exists.
+ cd /data/exp-fcre-weir-data
+ unset GIT_DIR
+ unset GIT_WORK_TREE
+ git checkout exp-fcre-weir-data
Already on 'exp-fcre-weir-data'
Your branch is up to date with 'origin/exp-fcre-weir-data'.
+ git fetch origin
From /data/fcre-data-exp-worktree
   b08dbac..c108873  exp-fcre-weir-data -> origin/exp-fcre-weir-data
+ git reset --hard origin/exp-fcre-weir-data
HEAD is now at c108873 Sat 2025-08-16 21:29:09 EDT
+ git push github exp-fcre-weir-data
To github.com:FLARE-forecast/TEST-data.git
   b08dbac..c108873  exp-fcre-weir-data -> exp-fcre-weir-data
+ echo '[post-receive] Sync complete for exp-fcre-weir-data.'
[post-receive] Sync complete for exp-fcre-weir-data.
+ exec
+ read oldrev newrev refname
+ WORKDIR_BASE=/data
+ echo '[post-receive] Starting sync task...'
[post-receive] Starting sync task...
+ read oldrev newrev refname
+ [[ refs/heads/exp-fcre-weir-data =~ ^refs/heads/ ]]
+ branch=exp-fcre-weir-data
+ echo '[post-receive] Processing branch: exp-fcre-weir-data'
[post-receive] Processing branch: exp-fcre-weir-data
+ WORKDIR=/data/exp-fcre-weir-data
+ LOCKFILE=/tmp/git-post-receive-exp-fcre-weir-data.lock
+ exec
+ flock -x 9
+ echo '[post-receive] Acquired lock for exp-fcre-weir-data'
[post-receive] Acquired lock for exp-fcre-weir-data
+ '[' '!' -d /data/exp-fcre-weir-data/.git ']'
+ echo '[post-receive] WORKDIR already exists.'
[post-receive] WORKDIR already exists.
+ cd /data/exp-fcre-weir-data
+ unset GIT_DIR
+ unset GIT_WORK_TREE
+ git checkout exp-fcre-weir-data
Already on 'exp-fcre-weir-data'
Your branch is up to date with 'origin/exp-fcre-weir-data'.
+ git fetch origin
From /data/fcre-data-exp-worktree
   c108873..d5965f3  exp-fcre-weir-data -> origin/exp-fcre-weir-data
+ git reset --hard origin/exp-fcre-weir-data
HEAD is now at d5965f3 Sun 2025-08-17 01:19:31 EDT
+ git push github exp-fcre-weir-data
To github.com:FLARE-forecast/TEST-data.git
   c108873..d5965f3  exp-fcre-weir-data -> exp-fcre-weir-data
+ echo '[post-receive] Sync complete for exp-fcre-weir-data.'
[post-receive] Sync complete for exp-fcre-weir-data.
+ exec
+ read oldrev newrev refname
+ WORKDIR_BASE=/data
+ echo '[post-receive] Starting sync task...'
[post-receive] Starting sync task...
+ read oldrev newrev refname
+ [[ refs/heads/exp-fcre-weir-data =~ ^refs/heads/ ]]
+ branch=exp-fcre-weir-data
+ echo '[post-receive] Processing branch: exp-fcre-weir-data'
[post-receive] Processing branch: exp-fcre-weir-data
+ WORKDIR=/data/exp-fcre-weir-data
+ LOCKFILE=/tmp/git-post-receive-exp-fcre-weir-data.lock
+ exec
+ flock -x 9
+ echo '[post-receive] Acquired lock for exp-fcre-weir-data'
[post-receive] Acquired lock for exp-fcre-weir-data
+ '[' '!' -d /data/exp-fcre-weir-data/.git ']'
+ echo '[post-receive] WORKDIR already exists.'
[post-receive] WORKDIR already exists.
+ cd /data/exp-fcre-weir-data
+ unset GIT_DIR
+ unset GIT_WORK_TREE
+ git checkout exp-fcre-weir-data
Already on 'exp-fcre-weir-data'
Your branch is up to date with 'origin/exp-fcre-weir-data'.
+ git fetch origin
From /data/fcre-data-exp-worktree
   d5965f3..be5581e  exp-fcre-weir-data -> origin/exp-fcre-weir-data
+ git reset --hard origin/exp-fcre-weir-data
HEAD is now at be5581e Sun 2025-08-17 07:23:12 EDT
+ git push github exp-fcre-weir-data
To github.com:FLARE-forecast/TEST-data.git
   d5965f3..be5581e  exp-fcre-weir-data -> exp-fcre-weir-data
+ echo '[post-receive] Sync complete for exp-fcre-weir-data.'
[post-receive] Sync complete for exp-fcre-weir-data.
+ exec
+ read oldrev newrev refname
+ WORKDIR_BASE=/data
+ echo '[post-receive] Starting sync task...'
[post-receive] Starting sync task...
+ read oldrev newrev refname
+ [[ refs/heads/exp-fcre-weir-data =~ ^refs/heads/ ]]
+ branch=exp-fcre-weir-data
+ echo '[post-receive] Processing branch: exp-fcre-weir-data'
[post-receive] Processing branch: exp-fcre-weir-data
+ WORKDIR=/data/exp-fcre-weir-data
+ LOCKFILE=/tmp/git-post-receive-exp-fcre-weir-data.lock
+ exec
+ flock -x 9
+ echo '[post-receive] Acquired lock for exp-fcre-weir-data'
[post-receive] Acquired lock for exp-fcre-weir-data
+ '[' '!' -d /data/exp-fcre-weir-data/.git ']'
+ echo '[post-receive] WORKDIR already exists.'
[post-receive] WORKDIR already exists.
+ cd /data/exp-fcre-weir-data
+ unset GIT_DIR
+ unset GIT_WORK_TREE
+ git checkout exp-fcre-weir-data
Already on 'exp-fcre-weir-data'
Your branch is up to date with 'origin/exp-fcre-weir-data'.
+ git fetch origin
From /data/fcre-data-exp-worktree
   be5581e..c9d79c7  exp-fcre-weir-data -> origin/exp-fcre-weir-data
+ git reset --hard origin/exp-fcre-weir-data
HEAD is now at c9d79c7 Sun 2025-08-17 10:27:45 EDT
+ git push github exp-fcre-weir-data
To github.com:FLARE-forecast/TEST-data.git
   be5581e..c9d79c7  exp-fcre-weir-data -> exp-fcre-weir-data
+ echo '[post-receive] Sync complete for exp-fcre-weir-data.'
[post-receive] Sync complete for exp-fcre-weir-data.
+ exec
+ read oldrev newrev refname
+ WORKDIR_BASE=/data
+ echo '[post-receive] Starting sync task...'
[post-receive] Starting sync task...
+ read oldrev newrev refname
+ [[ refs/heads/mia-logs =~ ^refs/heads/ ]]
+ branch=mia-logs
+ echo '[post-receive] Processing branch: mia-logs'
[post-receive] Processing branch: mia-logs
+ WORKDIR=/data/mia-logs
+ LOCKFILE=/tmp/git-post-receive-mia-logs.lock
+ exec
+ flock -x 9
+ echo '[post-receive] Acquired lock for mia-logs'
[post-receive] Acquired lock for mia-logs
+ '[' '!' -d /data/mia-logs/.git ']'
+ echo '[post-receive] WORKDIR already exists.'
[post-receive] WORKDIR already exists.
+ cd /data/mia-logs
+ unset GIT_DIR
+ unset GIT_WORK_TREE
+ git checkout mia-logs
Already on 'mia-logs'
Your branch is up to date with 'origin/mia-logs'.
+ git fetch origin
From /data/fcre-data-exp-worktree
   c4993e6..b6d2cec  mia-logs   -> origin/mia-logs
+ git reset --hard origin/mia-logs
HEAD is now at b6d2cec test
+ git push github mia-logs
To github.com:FLARE-forecast/FCRE-data.git
   c4993e6..b6d2cec  mia-logs -> mia-logs
+ echo '[post-receive] Sync complete for mia-logs.'
[post-receive] Sync complete for mia-logs.
+ exec
+ read oldrev newrev refname
+ WORKDIR_BASE=/data
+ echo '[post-receive] Starting sync task...'
[post-receive] Starting sync task...
+ read oldrev newrev refname
+ [[ refs/heads/mia-logs =~ ^refs/heads/ ]]
+ branch=mia-logs
+ echo '[post-receive] Processing branch: mia-logs'
[post-receive] Processing branch: mia-logs
+ WORKDIR=/data/mia-logs
+ LOCKFILE=/tmp/git-post-receive-mia-logs.lock
+ exec
+ flock -x 9
+ echo '[post-receive] Acquired lock for mia-logs'
[post-receive] Acquired lock for mia-logs
+ '[' '!' -d /data/mia-logs/.git ']'
+ echo '[post-receive] WORKDIR already exists.'
[post-receive] WORKDIR already exists.
+ cd /data/mia-logs
+ unset GIT_DIR
+ unset GIT_WORK_TREE
+ git checkout mia-logs
Already on 'mia-logs'
Your branch is up to date with 'origin/mia-logs'.
+ git fetch origin
From /data/fcre-data-exp-worktree
   b6d2cec..b60d452  mia-logs   -> origin/mia-logs
+ git reset --hard origin/mia-logs
HEAD is now at b60d452 clean test
+ git push github mia-logs
To github.com:FLARE-forecast/FCRE-data.git
   b6d2cec..b60d452  mia-logs -> mia-logs
+ echo '[post-receive] Sync complete for mia-logs.'
[post-receive] Sync complete for mia-logs.
+ exec
+ read oldrev newrev refname
+ WORKDIR_BASE=/data
+ echo '[post-receive] Starting sync task...'
[post-receive] Starting sync task...
+ read oldrev newrev refname
+ [[ refs/heads/fcre-weir-data =~ ^refs/heads/ ]]
+ branch=fcre-weir-data
+ echo '[post-receive] Processing branch: fcre-weir-data'
[post-receive] Processing branch: fcre-weir-data
+ WORKDIR=/data/fcre-weir-data
+ LOCKFILE=/tmp/git-post-receive-fcre-weir-data.lock
+ exec
+ flock -x 9
+ echo '[post-receive] Acquired lock for fcre-weir-data'
[post-receive] Acquired lock for fcre-weir-data
+ '[' '!' -d /data/fcre-weir-data/.git ']'
+ echo '[post-receive] WORKDIR already exists.'
[post-receive] WORKDIR already exists.
+ cd /data/fcre-weir-data
+ unset GIT_DIR
+ unset GIT_WORK_TREE
+ git checkout fcre-weir-data
Already on 'fcre-weir-data'
Your branch is up to date with 'origin/fcre-weir-data'.
+ git fetch origin
From /data/fcre-data-exp-worktree
   8d4fa34..ad5eff2  fcre-weir-data -> origin/fcre-weir-data
   761df67..b60d452  mia-logs       -> origin/mia-logs
+ git reset --hard origin/fcre-weir-data
HEAD is now at ad5eff2 test
+ git push github fcre-weir-data
To github.com:FLARE-forecast/FCRE-data.git
   8d4fa34..ad5eff2  fcre-weir-data -> fcre-weir-data
+ echo '[post-receive] Sync complete for fcre-weir-data.'
[post-receive] Sync complete for fcre-weir-data.
+ exec
+ read oldrev newrev refname
+ WORKDIR_BASE=/data
+ echo '[post-receive] Starting sync task...'
[post-receive] Starting sync task...
+ read oldrev newrev refname
+ [[ refs/heads/fcre-weir-data =~ ^refs/heads/ ]]
+ branch=fcre-weir-data
+ echo '[post-receive] Processing branch: fcre-weir-data'
[post-receive] Processing branch: fcre-weir-data
+ WORKDIR=/data/fcre-weir-data
+ LOCKFILE=/tmp/git-post-receive-fcre-weir-data.lock
+ exec
+ flock -x 9
+ echo '[post-receive] Acquired lock for fcre-weir-data'
[post-receive] Acquired lock for fcre-weir-data
+ '[' '!' -d /data/fcre-weir-data/.git ']'
+ echo '[post-receive] WORKDIR already exists.'
[post-receive] WORKDIR already exists.
+ cd /data/fcre-weir-data
+ unset GIT_DIR
+ unset GIT_WORK_TREE
+ git checkout fcre-weir-data
Already on 'fcre-weir-data'
Your branch is up to date with 'origin/fcre-weir-data'.
+ git fetch origin
From /data/fcre-data-exp-worktree
   ad5eff2..3b65483  fcre-weir-data -> origin/fcre-weir-data
+ git reset --hard origin/fcre-weir-data
HEAD is now at 3b65483 remove test
+ git push github fcre-weir-data
To github.com:FLARE-forecast/FCRE-data.git
   ad5eff2..3b65483  fcre-weir-data -> fcre-weir-data
+ echo '[post-receive] Sync complete for fcre-weir-data.'
[post-receive] Sync complete for fcre-weir-data.
+ exec
+ read oldrev newrev refname
+ WORKDIR_BASE=/data
+ echo '[post-receive] Starting sync task...'
[post-receive] Starting sync task...
+ read oldrev newrev refname
+ [[ refs/heads/fcre-weir-data =~ ^refs/heads/ ]]
+ branch=fcre-weir-data
+ echo '[post-receive] Processing branch: fcre-weir-data'
[post-receive] Processing branch: fcre-weir-data
+ WORKDIR=/data/fcre-weir-data
+ LOCKFILE=/tmp/git-post-receive-fcre-weir-data.lock
+ exec
+ flock -x 9
+ echo '[post-receive] Acquired lock for fcre-weir-data'
[post-receive] Acquired lock for fcre-weir-data
+ '[' '!' -d /data/fcre-weir-data/.git ']'
+ echo '[post-receive] WORKDIR already exists.'
[post-receive] WORKDIR already exists.
+ cd /data/fcre-weir-data
+ unset GIT_DIR
+ unset GIT_WORK_TREE
+ git checkout fcre-weir-data
Already on 'fcre-weir-data'
Your branch is up to date with 'origin/fcre-weir-data'.
+ git fetch origin
From /data/fcre-data-exp-worktree
   3b65483..42e4165  fcre-weir-data -> origin/fcre-weir-data
+ git reset --hard origin/fcre-weir-data
HEAD is now at 42e4165 Mon 2025-09-08 11:09:31 EDT
+ git push github fcre-weir-data
To github.com:FLARE-forecast/FCRE-data.git
   3b65483..42e4165  fcre-weir-data -> fcre-weir-data
+ echo '[post-receive] Sync complete for fcre-weir-data.'
[post-receive] Sync complete for fcre-weir-data.
+ exec
+ read oldrev newrev refname
+ WORKDIR_BASE=/data
+ echo '[post-receive] Starting sync task...'
[post-receive] Starting sync task...
+ read oldrev newrev refname
+ [[ refs/heads/mia-logs =~ ^refs/heads/ ]]
+ branch=mia-logs
+ echo '[post-receive] Processing branch: mia-logs'
[post-receive] Processing branch: mia-logs
+ WORKDIR=/data/mia-logs
+ LOCKFILE=/tmp/git-post-receive-mia-logs.lock
+ exec
+ flock -x 9
+ echo '[post-receive] Acquired lock for mia-logs'
[post-receive] Acquired lock for mia-logs
+ '[' '!' -d /data/mia-logs/.git ']'
+ echo '[post-receive] WORKDIR already exists.'
[post-receive] WORKDIR already exists.
+ cd /data/mia-logs
+ unset GIT_DIR
+ unset GIT_WORK_TREE
+ git checkout mia-logs
Already on 'mia-logs'
Your branch is up to date with 'origin/mia-logs'.
+ git fetch origin
From /data/fcre-data-exp-worktree
   b60d452..10a227c  mia-logs       -> origin/mia-logs
   3b65483..42e4165  fcre-weir-data -> origin/fcre-weir-data
+ git reset --hard origin/mia-logs
HEAD is now at 10a227c Tue 2025-09-09 15:22:11 EDT
+ git push github mia-logs
To github.com:FLARE-forecast/FCRE-data.git
   b60d452..10a227c  mia-logs -> mia-logs
+ echo '[post-receive] Sync complete for mia-logs.'
[post-receive] Sync complete for mia-logs.
+ exec
+ read oldrev newrev refname
+ WORKDIR_BASE=/data
+ echo '[post-receive] Starting sync task...'
[post-receive] Starting sync task...
+ read oldrev newrev refname
+ [[ refs/heads/fcre-weir-data =~ ^refs/heads/ ]]
+ branch=fcre-weir-data
+ echo '[post-receive] Processing branch: fcre-weir-data'
[post-receive] Processing branch: fcre-weir-data
+ WORKDIR=/data/fcre-weir-data
+ LOCKFILE=/tmp/git-post-receive-fcre-weir-data.lock
+ exec
+ flock -x 9
+ echo '[post-receive] Acquired lock for fcre-weir-data'
[post-receive] Acquired lock for fcre-weir-data
+ '[' '!' -d /data/fcre-weir-data/.git ']'
+ echo '[post-receive] WORKDIR already exists.'
[post-receive] WORKDIR already exists.
+ cd /data/fcre-weir-data
+ unset GIT_DIR
+ unset GIT_WORK_TREE
+ git checkout fcre-weir-data
Already on 'fcre-weir-data'
Your branch is up to date with 'origin/fcre-weir-data'.
+ git fetch origin
From /data/fcre-data-exp-worktree
   42e4165..92d8c14  fcre-weir-data -> origin/fcre-weir-data
   b60d452..10a227c  mia-logs       -> origin/mia-logs
+ git reset --hard origin/fcre-weir-data
HEAD is now at 92d8c14 remove test
+ git push github fcre-weir-data
To github.com:FLARE-forecast/FCRE-data.git
   42e4165..92d8c14  fcre-weir-data -> fcre-weir-data
+ echo '[post-receive] Sync complete for fcre-weir-data.'
[post-receive] Sync complete for fcre-weir-data.
+ exec
+ read oldrev newrev refname
+ WORKDIR_BASE=/data
+ echo '[post-receive] Starting sync task...'
[post-receive] Starting sync task...
+ read oldrev newrev refname
+ [[ refs/heads/mia-logs =~ ^refs/heads/ ]]
+ branch=mia-logs
+ echo '[post-receive] Processing branch: mia-logs'
[post-receive] Processing branch: mia-logs
+ WORKDIR=/data/mia-logs
+ LOCKFILE=/tmp/git-post-receive-mia-logs.lock
+ exec
+ flock -x 9
+ echo '[post-receive] Acquired lock for mia-logs'
[post-receive] Acquired lock for mia-logs
+ '[' '!' -d /data/mia-logs/.git ']'
+ echo '[post-receive] WORKDIR already exists.'
[post-receive] WORKDIR already exists.
+ cd /data/mia-logs
+ unset GIT_DIR
+ unset GIT_WORK_TREE
+ git checkout mia-logs
Already on 'mia-logs'
Your branch is up to date with 'origin/mia-logs'.
+ git fetch origin
From /data/fcre-data-exp-worktree
   10a227c..c98b139  mia-logs       -> origin/mia-logs
   42e4165..92d8c14  fcre-weir-data -> origin/fcre-weir-data
+ git reset --hard origin/mia-logs
HEAD is now at c98b139 Tue 2025-09-09 20:30:02 EDT
+ git push github mia-logs
To github.com:FLARE-forecast/FCRE-data.git
   10a227c..c98b139  mia-logs -> mia-logs
+ echo '[post-receive] Sync complete for mia-logs.'
[post-receive] Sync complete for mia-logs.
+ exec
+ read oldrev newrev refname
+ WORKDIR_BASE=/data
+ echo '[post-receive] Starting sync task...'
[post-receive] Starting sync task...
+ read oldrev newrev refname
+ [[ refs/heads/mia-logs =~ ^refs/heads/ ]]
+ branch=mia-logs
+ echo '[post-receive] Processing branch: mia-logs'
[post-receive] Processing branch: mia-logs
+ WORKDIR=/data/mia-logs
+ LOCKFILE=/tmp/git-post-receive-mia-logs.lock
+ exec
+ flock -x 9
+ echo '[post-receive] Acquired lock for mia-logs'
[post-receive] Acquired lock for mia-logs
+ '[' '!' -d /data/mia-logs/.git ']'
+ echo '[post-receive] WORKDIR already exists.'
[post-receive] WORKDIR already exists.
+ cd /data/mia-logs
+ unset GIT_DIR
+ unset GIT_WORK_TREE
+ git checkout mia-logs
Already on 'mia-logs'
Your branch is up to date with 'origin/mia-logs'.
+ git fetch origin
From /data/fcre-data-exp-worktree
   c98b139..af9c035  mia-logs   -> origin/mia-logs
+ git reset --hard origin/mia-logs
HEAD is now at af9c035 Tue 2025-09-09 20:30:12 EDT
+ git push github mia-logs
To github.com:FLARE-forecast/FCRE-data.git
   c98b139..af9c035  mia-logs -> mia-logs
+ echo '[post-receive] Sync complete for mia-logs.'
[post-receive] Sync complete for mia-logs.
+ exec
+ read oldrev newrev refname
+ WORKDIR_BASE=/data
+ echo '[post-receive] Starting sync task...'
[post-receive] Starting sync task...
+ read oldrev newrev refname
+ [[ refs/heads/mia-logs =~ ^refs/heads/ ]]
+ branch=mia-logs
+ echo '[post-receive] Processing branch: mia-logs'
[post-receive] Processing branch: mia-logs
+ WORKDIR=/data/mia-logs
+ LOCKFILE=/tmp/git-post-receive-mia-logs.lock
+ exec
+ flock -x 9
+ echo '[post-receive] Acquired lock for mia-logs'
[post-receive] Acquired lock for mia-logs
+ '[' '!' -d /data/mia-logs/.git ']'
+ echo '[post-receive] WORKDIR already exists.'
[post-receive] WORKDIR already exists.
+ cd /data/mia-logs
+ unset GIT_DIR
+ unset GIT_WORK_TREE
+ git checkout mia-logs
Already on 'mia-logs'
Your branch is up to date with 'origin/mia-logs'.
+ git fetch origin
From /data/fcre-data-exp-worktree
   af9c035..37b1102  mia-logs   -> origin/mia-logs
+ git reset --hard origin/mia-logs
HEAD is now at 37b1102 Wed 2025-09-10 00:30:12 EDT
+ git push github mia-logs
To github.com:FLARE-forecast/FCRE-data.git
   af9c035..37b1102  mia-logs -> mia-logs
+ echo '[post-receive] Sync complete for mia-logs.'
[post-receive] Sync complete for mia-logs.
+ exec
+ read oldrev newrev refname
+ WORKDIR_BASE=/data
+ echo '[post-receive] Starting sync task...'
[post-receive] Starting sync task...
+ read oldrev newrev refname
+ [[ refs/heads/mia-logs =~ ^refs/heads/ ]]
+ branch=mia-logs
+ echo '[post-receive] Processing branch: mia-logs'
[post-receive] Processing branch: mia-logs
+ WORKDIR=/data/mia-logs
+ LOCKFILE=/tmp/git-post-receive-mia-logs.lock
+ exec
+ flock -x 9
+ echo '[post-receive] Acquired lock for mia-logs'
[post-receive] Acquired lock for mia-logs
+ '[' '!' -d /data/mia-logs/.git ']'
+ echo '[post-receive] WORKDIR already exists.'
[post-receive] WORKDIR already exists.
+ cd /data/mia-logs
+ unset GIT_DIR
+ unset GIT_WORK_TREE
+ git checkout mia-logs
Already on 'mia-logs'
Your branch is up to date with 'origin/mia-logs'.
+ git fetch origin
From /data/fcre-data-exp-worktree
   37b1102..5ae24db  mia-logs   -> origin/mia-logs
+ git reset --hard origin/mia-logs
HEAD is now at 5ae24db Wed 2025-09-10 08:30:02 EDT
+ git push github mia-logs
To github.com:FLARE-forecast/FCRE-data.git
   37b1102..5ae24db  mia-logs -> mia-logs
+ echo '[post-receive] Sync complete for mia-logs.'
[post-receive] Sync complete for mia-logs.
+ exec
+ read oldrev newrev refname
+ WORKDIR_BASE=/data
+ echo '[post-receive] Starting sync task...'
[post-receive] Starting sync task...
+ read oldrev newrev refname
+ [[ refs/heads/mia-logs =~ ^refs/heads/ ]]
+ branch=mia-logs
+ echo '[post-receive] Processing branch: mia-logs'
[post-receive] Processing branch: mia-logs
+ WORKDIR=/data/mia-logs
+ LOCKFILE=/tmp/git-post-receive-mia-logs.lock
+ exec
+ flock -x 9
+ echo '[post-receive] Acquired lock for mia-logs'
[post-receive] Acquired lock for mia-logs
+ '[' '!' -d /data/mia-logs/.git ']'
+ echo '[post-receive] WORKDIR already exists.'
[post-receive] WORKDIR already exists.
+ cd /data/mia-logs
+ unset GIT_DIR
+ unset GIT_WORK_TREE
+ git checkout mia-logs
Already on 'mia-logs'
Your branch is up to date with 'origin/mia-logs'.
+ git fetch origin
From /data/fcre-data-exp-worktree
   5ae24db..47ab1ae  mia-logs   -> origin/mia-logs
+ git reset --hard origin/mia-logs
HEAD is now at 47ab1ae Wed 2025-09-10 08:30:13 EDT
+ git push github mia-logs
To github.com:FLARE-forecast/FCRE-data.git
   5ae24db..47ab1ae  mia-logs -> mia-logs
+ echo '[post-receive] Sync complete for mia-logs.'
[post-receive] Sync complete for mia-logs.
+ exec
+ read oldrev newrev refname
+ WORKDIR_BASE=/data
+ echo '[post-receive] Starting sync task...'
[post-receive] Starting sync task...
+ read oldrev newrev refname
+ [[ refs/heads/mia-logs =~ ^refs/heads/ ]]
+ branch=mia-logs
+ echo '[post-receive] Processing branch: mia-logs'
[post-receive] Processing branch: mia-logs
+ WORKDIR=/data/mia-logs
+ LOCKFILE=/tmp/git-post-receive-mia-logs.lock
+ exec
+ flock -x 9
+ echo '[post-receive] Acquired lock for mia-logs'
[post-receive] Acquired lock for mia-logs
+ '[' '!' -d /data/mia-logs/.git ']'
+ echo '[post-receive] WORKDIR already exists.'
[post-receive] WORKDIR already exists.
+ cd /data/mia-logs
+ unset GIT_DIR
+ unset GIT_WORK_TREE
+ git checkout mia-logs
Already on 'mia-logs'
Your branch is up to date with 'origin/mia-logs'.
+ git fetch origin
From /data/fcre-data-exp-worktree
   47ab1ae..dfce685  mia-logs   -> origin/mia-logs
+ git reset --hard origin/mia-logs
HEAD is now at dfce685 Wed 2025-09-10 14:30:02 EDT
+ git push github mia-logs
To github.com:FLARE-forecast/FCRE-data.git
   47ab1ae..dfce685  mia-logs -> mia-logs
+ echo '[post-receive] Sync complete for mia-logs.'
[post-receive] Sync complete for mia-logs.
+ exec
+ read oldrev newrev refname
+ WORKDIR_BASE=/data
+ echo '[post-receive] Starting sync task...'
[post-receive] Starting sync task...
+ read oldrev newrev refname
+ [[ refs/heads/mia-logs =~ ^refs/heads/ ]]
+ branch=mia-logs
+ echo '[post-receive] Processing branch: mia-logs'
[post-receive] Processing branch: mia-logs
+ WORKDIR=/data/mia-logs
+ LOCKFILE=/tmp/git-post-receive-mia-logs.lock
+ exec
+ flock -x 9
+ echo '[post-receive] Acquired lock for mia-logs'
[post-receive] Acquired lock for mia-logs
+ '[' '!' -d /data/mia-logs/.git ']'
+ echo '[post-receive] WORKDIR already exists.'
[post-receive] WORKDIR already exists.
+ cd /data/mia-logs
+ unset GIT_DIR
+ unset GIT_WORK_TREE
+ git checkout mia-logs
Already on 'mia-logs'
Your branch is up to date with 'origin/mia-logs'.
+ git fetch origin
From /data/fcre-data-exp-worktree
   dfce685..e15e946  mia-logs   -> origin/mia-logs
+ git reset --hard origin/mia-logs
HEAD is now at e15e946 Wed 2025-09-10 14:30:13 EDT
+ git push github mia-logs
To github.com:FLARE-forecast/FCRE-data.git
   dfce685..e15e946  mia-logs -> mia-logs
+ echo '[post-receive] Sync complete for mia-logs.'
[post-receive] Sync complete for mia-logs.
+ exec
+ read oldrev newrev refname
+ WORKDIR_BASE=/data
+ echo '[post-receive] Starting sync task...'
[post-receive] Starting sync task...
+ read oldrev newrev refname
+ [[ refs/heads/mia-logs =~ ^refs/heads/ ]]
+ branch=mia-logs
+ echo '[post-receive] Processing branch: mia-logs'
[post-receive] Processing branch: mia-logs
+ WORKDIR=/data/mia-logs
+ LOCKFILE=/tmp/git-post-receive-mia-logs.lock
+ exec
+ flock -x 9
+ echo '[post-receive] Acquired lock for mia-logs'
[post-receive] Acquired lock for mia-logs
+ '[' '!' -d /data/mia-logs/.git ']'
+ echo '[post-receive] WORKDIR already exists.'
[post-receive] WORKDIR already exists.
+ cd /data/mia-logs
+ unset GIT_DIR
+ unset GIT_WORK_TREE
+ git checkout mia-logs
Already on 'mia-logs'
Your branch is up to date with 'origin/mia-logs'.
+ git fetch origin
From /data/fcre-data-exp-worktree
   e15e946..cecc80b  mia-logs   -> origin/mia-logs
+ git reset --hard origin/mia-logs
HEAD is now at cecc80b Wed 2025-09-10 20:30:02 EDT
+ git push github mia-logs
To github.com:FLARE-forecast/FCRE-data.git
   e15e946..cecc80b  mia-logs -> mia-logs
+ echo '[post-receive] Sync complete for mia-logs.'
[post-receive] Sync complete for mia-logs.
+ exec
+ read oldrev newrev refname
+ WORKDIR_BASE=/data
+ echo '[post-receive] Starting sync task...'
[post-receive] Starting sync task...
+ read oldrev newrev refname
+ [[ refs/heads/mia-logs =~ ^refs/heads/ ]]
+ branch=mia-logs
+ echo '[post-receive] Processing branch: mia-logs'
[post-receive] Processing branch: mia-logs
+ WORKDIR=/data/mia-logs
+ LOCKFILE=/tmp/git-post-receive-mia-logs.lock
+ exec
+ flock -x 9
+ echo '[post-receive] Acquired lock for mia-logs'
[post-receive] Acquired lock for mia-logs
+ '[' '!' -d /data/mia-logs/.git ']'
+ echo '[post-receive] WORKDIR already exists.'
[post-receive] WORKDIR already exists.
+ cd /data/mia-logs
+ unset GIT_DIR
+ unset GIT_WORK_TREE
+ git checkout mia-logs
Already on 'mia-logs'
Your branch is up to date with 'origin/mia-logs'.
+ git fetch origin
From /data/fcre-data-exp-worktree
   cecc80b..2b99c87  mia-logs   -> origin/mia-logs
+ git reset --hard origin/mia-logs
HEAD is now at 2b99c87 Wed 2025-09-10 20:30:13 EDT
+ git push github mia-logs
To github.com:FLARE-forecast/FCRE-data.git
   cecc80b..2b99c87  mia-logs -> mia-logs
+ echo '[post-receive] Sync complete for mia-logs.'
[post-receive] Sync complete for mia-logs.
+ exec
+ read oldrev newrev refname
+ WORKDIR_BASE=/data
+ echo '[post-receive] Starting sync task...'
[post-receive] Starting sync task...
+ read oldrev newrev refname
+ [[ refs/heads/mia-logs =~ ^refs/heads/ ]]
+ branch=mia-logs
+ echo '[post-receive] Processing branch: mia-logs'
[post-receive] Processing branch: mia-logs
+ WORKDIR=/data/mia-logs
+ LOCKFILE=/tmp/git-post-receive-mia-logs.lock
+ exec
+ flock -x 9
+ echo '[post-receive] Acquired lock for mia-logs'
[post-receive] Acquired lock for mia-logs
+ '[' '!' -d /data/mia-logs/.git ']'
+ echo '[post-receive] WORKDIR already exists.'
[post-receive] WORKDIR already exists.
+ cd /data/mia-logs
+ unset GIT_DIR
+ unset GIT_WORK_TREE
+ git checkout mia-logs
Already on 'mia-logs'
Your branch is up to date with 'origin/mia-logs'.
+ git fetch origin
From /data/fcre-data-exp-worktree
   2b99c87..f10e92e  mia-logs   -> origin/mia-logs
+ git reset --hard origin/mia-logs
HEAD is now at f10e92e Thu 2025-09-11 00:30:01 EDT
+ git push github mia-logs
To github.com:FLARE-forecast/FCRE-data.git
   2b99c87..f10e92e  mia-logs -> mia-logs
+ echo '[post-receive] Sync complete for mia-logs.'
[post-receive] Sync complete for mia-logs.
+ exec
+ read oldrev newrev refname
+ WORKDIR_BASE=/data
+ echo '[post-receive] Starting sync task...'
[post-receive] Starting sync task...
+ read oldrev newrev refname
+ [[ refs/heads/mia-logs =~ ^refs/heads/ ]]
+ branch=mia-logs
+ echo '[post-receive] Processing branch: mia-logs'
[post-receive] Processing branch: mia-logs
+ WORKDIR=/data/mia-logs
+ LOCKFILE=/tmp/git-post-receive-mia-logs.lock
+ exec
+ flock -x 9
+ echo '[post-receive] Acquired lock for mia-logs'
[post-receive] Acquired lock for mia-logs
+ '[' '!' -d /data/mia-logs/.git ']'
+ echo '[post-receive] WORKDIR already exists.'
[post-receive] WORKDIR already exists.
+ cd /data/mia-logs
+ unset GIT_DIR
+ unset GIT_WORK_TREE
+ git checkout mia-logs
Already on 'mia-logs'
Your branch is up to date with 'origin/mia-logs'.
+ git fetch origin
From /data/fcre-data-exp-worktree
   f10e92e..75f4505  mia-logs   -> origin/mia-logs
+ git reset --hard origin/mia-logs
HEAD is now at 75f4505 Thu 2025-09-11 00:30:12 EDT
+ git push github mia-logs
To github.com:FLARE-forecast/FCRE-data.git
   f10e92e..75f4505  mia-logs -> mia-logs
+ echo '[post-receive] Sync complete for mia-logs.'
[post-receive] Sync complete for mia-logs.
+ exec
+ read oldrev newrev refname
+ WORKDIR_BASE=/data
+ echo '[post-receive] Starting sync task...'
[post-receive] Starting sync task...
+ read oldrev newrev refname
+ [[ refs/heads/mia-logs =~ ^refs/heads/ ]]
+ branch=mia-logs
+ echo '[post-receive] Processing branch: mia-logs'
[post-receive] Processing branch: mia-logs
+ WORKDIR=/data/mia-logs
+ LOCKFILE=/tmp/git-post-receive-mia-logs.lock
+ exec
+ flock -x 9
+ echo '[post-receive] Acquired lock for mia-logs'
[post-receive] Acquired lock for mia-logs
+ '[' '!' -d /data/mia-logs/.git ']'
+ echo '[post-receive] WORKDIR already exists.'
[post-receive] WORKDIR already exists.
+ cd /data/mia-logs
+ unset GIT_DIR
+ unset GIT_WORK_TREE
+ git checkout mia-logs
Already on 'mia-logs'
Your branch is up to date with 'origin/mia-logs'.
+ git fetch origin
From /data/fcre-data-exp-worktree
   75f4505..be0e155  mia-logs   -> origin/mia-logs
+ git reset --hard origin/mia-logs
HEAD is now at be0e155 Thu 2025-09-11 08:30:02 EDT
+ git push github mia-logs
To github.com:FLARE-forecast/FCRE-data.git
   75f4505..be0e155  mia-logs -> mia-logs
+ echo '[post-receive] Sync complete for mia-logs.'
[post-receive] Sync complete for mia-logs.
+ exec
+ read oldrev newrev refname
+ WORKDIR_BASE=/data
+ echo '[post-receive] Starting sync task...'
[post-receive] Starting sync task...
+ read oldrev newrev refname
+ [[ refs/heads/mia-logs =~ ^refs/heads/ ]]
+ branch=mia-logs
+ echo '[post-receive] Processing branch: mia-logs'
[post-receive] Processing branch: mia-logs
+ WORKDIR=/data/mia-logs
+ LOCKFILE=/tmp/git-post-receive-mia-logs.lock
+ exec
+ flock -x 9
+ echo '[post-receive] Acquired lock for mia-logs'
[post-receive] Acquired lock for mia-logs
+ '[' '!' -d /data/mia-logs/.git ']'
+ echo '[post-receive] WORKDIR already exists.'
[post-receive] WORKDIR already exists.
+ cd /data/mia-logs
+ unset GIT_DIR
+ unset GIT_WORK_TREE
+ git checkout mia-logs
Already on 'mia-logs'
Your branch is up to date with 'origin/mia-logs'.
+ git fetch origin
From /data/fcre-data-exp-worktree
   be0e155..c41a554  mia-logs   -> origin/mia-logs
+ git reset --hard origin/mia-logs
HEAD is now at c41a554 Thu 2025-09-11 08:30:12 EDT
+ git push github mia-logs
To github.com:FLARE-forecast/FCRE-data.git
   be0e155..c41a554  mia-logs -> mia-logs
+ echo '[post-receive] Sync complete for mia-logs.'
[post-receive] Sync complete for mia-logs.
+ exec
+ read oldrev newrev refname
+ WORKDIR_BASE=/data
+ echo '[post-receive] Starting sync task...'
[post-receive] Starting sync task...
+ read oldrev newrev refname
+ [[ refs/heads/mia-logs =~ ^refs/heads/ ]]
+ branch=mia-logs
+ echo '[post-receive] Processing branch: mia-logs'
[post-receive] Processing branch: mia-logs
+ WORKDIR=/data/mia-logs
+ LOCKFILE=/tmp/git-post-receive-mia-logs.lock
+ exec
+ flock -x 9
+ echo '[post-receive] Acquired lock for mia-logs'
[post-receive] Acquired lock for mia-logs
+ '[' '!' -d /data/mia-logs/.git ']'
+ echo '[post-receive] WORKDIR already exists.'
[post-receive] WORKDIR already exists.
+ cd /data/mia-logs
+ unset GIT_DIR
+ unset GIT_WORK_TREE
+ git checkout mia-logs
Already on 'mia-logs'
Your branch is up to date with 'origin/mia-logs'.
+ git fetch origin
From /data/fcre-data-exp-worktree
   c41a554..7a4b448  mia-logs   -> origin/mia-logs
+ git reset --hard origin/mia-logs
HEAD is now at 7a4b448 Thu 2025-09-11 14:30:02 EDT
+ git push github mia-logs
To github.com:FLARE-forecast/FCRE-data.git
   c41a554..7a4b448  mia-logs -> mia-logs
+ echo '[post-receive] Sync complete for mia-logs.'
[post-receive] Sync complete for mia-logs.
+ exec
+ read oldrev newrev refname
+ WORKDIR_BASE=/data
+ echo '[post-receive] Starting sync task...'
[post-receive] Starting sync task...
+ read oldrev newrev refname
+ [[ refs/heads/mia-logs =~ ^refs/heads/ ]]
+ branch=mia-logs
+ echo '[post-receive] Processing branch: mia-logs'
[post-receive] Processing branch: mia-logs
+ WORKDIR=/data/mia-logs
+ LOCKFILE=/tmp/git-post-receive-mia-logs.lock
+ exec
+ flock -x 9
+ echo '[post-receive] Acquired lock for mia-logs'
[post-receive] Acquired lock for mia-logs
+ '[' '!' -d /data/mia-logs/.git ']'
+ echo '[post-receive] WORKDIR already exists.'
[post-receive] WORKDIR already exists.
+ cd /data/mia-logs
+ unset GIT_DIR
+ unset GIT_WORK_TREE
+ git checkout mia-logs
Already on 'mia-logs'
Your branch is up to date with 'origin/mia-logs'.
+ git fetch origin
From /data/fcre-data-exp-worktree
   7a4b448..0241e0e  mia-logs   -> origin/mia-logs
+ git reset --hard origin/mia-logs
HEAD is now at 0241e0e Thu 2025-09-11 14:30:13 EDT
+ git push github mia-logs
To github.com:FLARE-forecast/FCRE-data.git
   7a4b448..0241e0e  mia-logs -> mia-logs
+ echo '[post-receive] Sync complete for mia-logs.'
[post-receive] Sync complete for mia-logs.
+ exec
+ read oldrev newrev refname
+ WORKDIR_BASE=/data
+ echo '[post-receive] Starting sync task...'
[post-receive] Starting sync task...
+ read oldrev newrev refname
+ [[ refs/heads/mia-logs =~ ^refs/heads/ ]]
+ branch=mia-logs
+ echo '[post-receive] Processing branch: mia-logs'
[post-receive] Processing branch: mia-logs
+ WORKDIR=/data/mia-logs
+ LOCKFILE=/tmp/git-post-receive-mia-logs.lock
+ exec
+ flock -x 9
+ echo '[post-receive] Acquired lock for mia-logs'
[post-receive] Acquired lock for mia-logs
+ '[' '!' -d /data/mia-logs/.git ']'
+ echo '[post-receive] WORKDIR already exists.'
[post-receive] WORKDIR already exists.
+ cd /data/mia-logs
+ unset GIT_DIR
+ unset GIT_WORK_TREE
+ git checkout mia-logs
Already on 'mia-logs'
Your branch is up to date with 'origin/mia-logs'.
+ git fetch origin
From /data/fcre-data-exp-worktree
   0241e0e..7d1fbcc  mia-logs   -> origin/mia-logs
+ git reset --hard origin/mia-logs
HEAD is now at 7d1fbcc Thu 2025-09-11 20:30:02 EDT
+ git push github mia-logs
To github.com:FLARE-forecast/FCRE-data.git
   0241e0e..7d1fbcc  mia-logs -> mia-logs
+ echo '[post-receive] Sync complete for mia-logs.'
[post-receive] Sync complete for mia-logs.
+ exec
+ read oldrev newrev refname
+ WORKDIR_BASE=/data
+ echo '[post-receive] Starting sync task...'
[post-receive] Starting sync task...
+ read oldrev newrev refname
+ [[ refs/heads/mia-logs =~ ^refs/heads/ ]]
+ branch=mia-logs
+ echo '[post-receive] Processing branch: mia-logs'
[post-receive] Processing branch: mia-logs
+ WORKDIR=/data/mia-logs
+ LOCKFILE=/tmp/git-post-receive-mia-logs.lock
+ exec
+ flock -x 9
+ echo '[post-receive] Acquired lock for mia-logs'
[post-receive] Acquired lock for mia-logs
+ '[' '!' -d /data/mia-logs/.git ']'
+ echo '[post-receive] WORKDIR already exists.'
[post-receive] WORKDIR already exists.
+ cd /data/mia-logs
+ unset GIT_DIR
+ unset GIT_WORK_TREE
+ git checkout mia-logs
Already on 'mia-logs'
Your branch is up to date with 'origin/mia-logs'.
+ git fetch origin
From /data/fcre-data-exp-worktree
   7d1fbcc..6a8b8c7  mia-logs   -> origin/mia-logs
+ git reset --hard origin/mia-logs
HEAD is now at 6a8b8c7 Thu 2025-09-11 20:30:13 EDT
+ git push github mia-logs
To github.com:FLARE-forecast/FCRE-data.git
   7d1fbcc..6a8b8c7  mia-logs -> mia-logs
+ echo '[post-receive] Sync complete for mia-logs.'
[post-receive] Sync complete for mia-logs.
+ exec
+ read oldrev newrev refname
+ WORKDIR_BASE=/data
+ echo '[post-receive] Starting sync task...'
[post-receive] Starting sync task...
+ read oldrev newrev refname
+ [[ refs/heads/mia-logs =~ ^refs/heads/ ]]
+ branch=mia-logs
+ echo '[post-receive] Processing branch: mia-logs'
[post-receive] Processing branch: mia-logs
+ WORKDIR=/data/mia-logs
+ LOCKFILE=/tmp/git-post-receive-mia-logs.lock
+ exec
+ flock -x 9
+ echo '[post-receive] Acquired lock for mia-logs'
[post-receive] Acquired lock for mia-logs
+ '[' '!' -d /data/mia-logs/.git ']'
+ echo '[post-receive] WORKDIR already exists.'
[post-receive] WORKDIR already exists.
+ cd /data/mia-logs
+ unset GIT_DIR
+ unset GIT_WORK_TREE
+ git checkout mia-logs
Already on 'mia-logs'
Your branch is up to date with 'origin/mia-logs'.
+ git fetch origin
From /data/fcre-data-exp-worktree
   6a8b8c7..a39053d  mia-logs   -> origin/mia-logs
+ git reset --hard origin/mia-logs
HEAD is now at a39053d Fri 2025-09-12 00:30:02 EDT
+ git push github mia-logs
To github.com:FLARE-forecast/FCRE-data.git
   6a8b8c7..a39053d  mia-logs -> mia-logs
+ echo '[post-receive] Sync complete for mia-logs.'
[post-receive] Sync complete for mia-logs.
+ exec
+ read oldrev newrev refname
+ WORKDIR_BASE=/data
+ echo '[post-receive] Starting sync task...'
[post-receive] Starting sync task...
+ read oldrev newrev refname
+ [[ refs/heads/mia-logs =~ ^refs/heads/ ]]
+ branch=mia-logs
+ echo '[post-receive] Processing branch: mia-logs'
[post-receive] Processing branch: mia-logs
+ WORKDIR=/data/mia-logs
+ LOCKFILE=/tmp/git-post-receive-mia-logs.lock
+ exec
+ flock -x 9
+ echo '[post-receive] Acquired lock for mia-logs'
[post-receive] Acquired lock for mia-logs
+ '[' '!' -d /data/mia-logs/.git ']'
+ echo '[post-receive] WORKDIR already exists.'
[post-receive] WORKDIR already exists.
+ cd /data/mia-logs
+ unset GIT_DIR
+ unset GIT_WORK_TREE
+ git checkout mia-logs
Already on 'mia-logs'
Your branch is up to date with 'origin/mia-logs'.
+ git fetch origin
From /data/fcre-data-exp-worktree
   a39053d..6598716  mia-logs   -> origin/mia-logs
+ git reset --hard origin/mia-logs
HEAD is now at 6598716 Fri 2025-09-12 00:30:13 EDT
+ git push github mia-logs
To github.com:FLARE-forecast/FCRE-data.git
   a39053d..6598716  mia-logs -> mia-logs
+ echo '[post-receive] Sync complete for mia-logs.'
[post-receive] Sync complete for mia-logs.
+ exec
+ read oldrev newrev refname
+ WORKDIR_BASE=/data
+ echo '[post-receive] Starting sync task...'
[post-receive] Starting sync task...
+ read oldrev newrev refname
+ [[ refs/heads/mia-logs =~ ^refs/heads/ ]]
+ branch=mia-logs
+ echo '[post-receive] Processing branch: mia-logs'
[post-receive] Processing branch: mia-logs
+ WORKDIR=/data/mia-logs
+ LOCKFILE=/tmp/git-post-receive-mia-logs.lock
+ exec
+ flock -x 9
+ echo '[post-receive] Acquired lock for mia-logs'
[post-receive] Acquired lock for mia-logs
+ '[' '!' -d /data/mia-logs/.git ']'
+ echo '[post-receive] WORKDIR already exists.'
[post-receive] WORKDIR already exists.
+ cd /data/mia-logs
+ unset GIT_DIR
+ unset GIT_WORK_TREE
+ git checkout mia-logs
Already on 'mia-logs'
Your branch is up to date with 'origin/mia-logs'.
+ git fetch origin
From /data/fcre-data-exp-worktree
   6598716..fb19a63  mia-logs   -> origin/mia-logs
+ git reset --hard origin/mia-logs
HEAD is now at fb19a63 Fri 2025-09-12 08:30:02 EDT
+ git push github mia-logs
To github.com:FLARE-forecast/FCRE-data.git
   6598716..fb19a63  mia-logs -> mia-logs
+ echo '[post-receive] Sync complete for mia-logs.'
[post-receive] Sync complete for mia-logs.
+ exec
+ read oldrev newrev refname
+ WORKDIR_BASE=/data
+ echo '[post-receive] Starting sync task...'
[post-receive] Starting sync task...
+ read oldrev newrev refname
+ [[ refs/heads/mia-logs =~ ^refs/heads/ ]]
+ branch=mia-logs
+ echo '[post-receive] Processing branch: mia-logs'
[post-receive] Processing branch: mia-logs
+ WORKDIR=/data/mia-logs
+ LOCKFILE=/tmp/git-post-receive-mia-logs.lock
+ exec
+ flock -x 9
+ echo '[post-receive] Acquired lock for mia-logs'
[post-receive] Acquired lock for mia-logs
+ '[' '!' -d /data/mia-logs/.git ']'
+ echo '[post-receive] WORKDIR already exists.'
[post-receive] WORKDIR already exists.
+ cd /data/mia-logs
+ unset GIT_DIR
+ unset GIT_WORK_TREE
+ git checkout mia-logs
Already on 'mia-logs'
Your branch is up to date with 'origin/mia-logs'.
+ git fetch origin
From /data/fcre-data-exp-worktree
   fb19a63..8a195b3  mia-logs   -> origin/mia-logs
+ git reset --hard origin/mia-logs
HEAD is now at 8a195b3 Fri 2025-09-12 08:30:12 EDT
+ git push github mia-logs
To github.com:FLARE-forecast/FCRE-data.git
   fb19a63..8a195b3  mia-logs -> mia-logs
+ echo '[post-receive] Sync complete for mia-logs.'
[post-receive] Sync complete for mia-logs.
+ exec
+ read oldrev newrev refname
+ WORKDIR_BASE=/data
+ echo '[post-receive] Starting sync task...'
[post-receive] Starting sync task...
+ read oldrev newrev refname
+ [[ refs/heads/mia-logs =~ ^refs/heads/ ]]
+ branch=mia-logs
+ echo '[post-receive] Processing branch: mia-logs'
[post-receive] Processing branch: mia-logs
+ WORKDIR=/data/mia-logs
+ LOCKFILE=/tmp/git-post-receive-mia-logs.lock
+ exec
+ flock -x 9
+ echo '[post-receive] Acquired lock for mia-logs'
[post-receive] Acquired lock for mia-logs
+ '[' '!' -d /data/mia-logs/.git ']'
+ echo '[post-receive] WORKDIR already exists.'
[post-receive] WORKDIR already exists.
+ cd /data/mia-logs
+ unset GIT_DIR
+ unset GIT_WORK_TREE
+ git checkout mia-logs
Already on 'mia-logs'
Your branch is up to date with 'origin/mia-logs'.
+ git fetch origin
From /data/fcre-data-exp-worktree
   8a195b3..6d63864  mia-logs   -> origin/mia-logs
+ git reset --hard origin/mia-logs
HEAD is now at 6d63864 Fri 2025-09-12 14:30:01 EDT
+ git push github mia-logs
To github.com:FLARE-forecast/FCRE-data.git
   8a195b3..6d63864  mia-logs -> mia-logs
+ echo '[post-receive] Sync complete for mia-logs.'
[post-receive] Sync complete for mia-logs.
+ exec
+ read oldrev newrev refname
+ WORKDIR_BASE=/data
+ echo '[post-receive] Starting sync task...'
[post-receive] Starting sync task...
+ read oldrev newrev refname
+ [[ refs/heads/mia-logs =~ ^refs/heads/ ]]
+ branch=mia-logs
+ echo '[post-receive] Processing branch: mia-logs'
[post-receive] Processing branch: mia-logs
+ WORKDIR=/data/mia-logs
+ LOCKFILE=/tmp/git-post-receive-mia-logs.lock
+ exec
+ flock -x 9
+ echo '[post-receive] Acquired lock for mia-logs'
[post-receive] Acquired lock for mia-logs
+ '[' '!' -d /data/mia-logs/.git ']'
+ echo '[post-receive] WORKDIR already exists.'
[post-receive] WORKDIR already exists.
+ cd /data/mia-logs
+ unset GIT_DIR
+ unset GIT_WORK_TREE
+ git checkout mia-logs
Already on 'mia-logs'
Your branch is up to date with 'origin/mia-logs'.
+ git fetch origin
From /data/fcre-data-exp-worktree
   6d63864..a5b718c  mia-logs   -> origin/mia-logs
+ git reset --hard origin/mia-logs
HEAD is now at a5b718c Fri 2025-09-12 14:30:12 EDT
+ git push github mia-logs
To github.com:FLARE-forecast/FCRE-data.git
   6d63864..a5b718c  mia-logs -> mia-logs
+ echo '[post-receive] Sync complete for mia-logs.'
[post-receive] Sync complete for mia-logs.
+ exec
+ read oldrev newrev refname
+ WORKDIR_BASE=/data
+ echo '[post-receive] Starting sync task...'
[post-receive] Starting sync task...
+ read oldrev newrev refname
+ [[ refs/heads/mia-logs =~ ^refs/heads/ ]]
+ branch=mia-logs
+ echo '[post-receive] Processing branch: mia-logs'
[post-receive] Processing branch: mia-logs
+ WORKDIR=/data/mia-logs
+ LOCKFILE=/tmp/git-post-receive-mia-logs.lock
+ exec
+ flock -x 9
+ echo '[post-receive] Acquired lock for mia-logs'
[post-receive] Acquired lock for mia-logs
+ '[' '!' -d /data/mia-logs/.git ']'
+ echo '[post-receive] WORKDIR already exists.'
[post-receive] WORKDIR already exists.
+ cd /data/mia-logs
+ unset GIT_DIR
+ unset GIT_WORK_TREE
+ git checkout mia-logs
Already on 'mia-logs'
Your branch is up to date with 'origin/mia-logs'.
+ git fetch origin
From /data/fcre-data-exp-worktree
   a5b718c..5a7319d  mia-logs   -> origin/mia-logs
+ git reset --hard origin/mia-logs
HEAD is now at 5a7319d Mon 2025-09-15 13:11:50 EDT
+ git push github mia-logs
To github.com:FLARE-forecast/FCRE-data.git
   a5b718c..5a7319d  mia-logs -> mia-logs
+ echo '[post-receive] Sync complete for mia-logs.'
[post-receive] Sync complete for mia-logs.
+ exec
+ read oldrev newrev refname
+ WORKDIR_BASE=/data
+ echo '[post-receive] Starting sync task...'
[post-receive] Starting sync task...
+ read oldrev newrev refname
+ [[ refs/heads/mia-logs =~ ^refs/heads/ ]]
+ branch=mia-logs
+ echo '[post-receive] Processing branch: mia-logs'
[post-receive] Processing branch: mia-logs
+ WORKDIR=/data/mia-logs
+ LOCKFILE=/tmp/git-post-receive-mia-logs.lock
+ exec
+ flock -x 9
+ echo '[post-receive] Acquired lock for mia-logs'
[post-receive] Acquired lock for mia-logs
+ '[' '!' -d /data/mia-logs/.git ']'
+ echo '[post-receive] WORKDIR already exists.'
[post-receive] WORKDIR already exists.
+ cd /data/mia-logs
+ unset GIT_DIR
+ unset GIT_WORK_TREE
+ git checkout mia-logs
Already on 'mia-logs'
Your branch is up to date with 'origin/mia-logs'.
+ git fetch origin
From /data/fcre-data-exp-worktree
   5a7319d..68c9a05  mia-logs   -> origin/mia-logs
+ git reset --hard origin/mia-logs
HEAD is now at 68c9a05 Mon 2025-09-15 13:12:01 EDT
+ git push github mia-logs
To github.com:FLARE-forecast/FCRE-data.git
   5a7319d..68c9a05  mia-logs -> mia-logs
+ echo '[post-receive] Sync complete for mia-logs.'
[post-receive] Sync complete for mia-logs.
+ exec
+ read oldrev newrev refname
+ WORKDIR_BASE=/data
+ echo '[post-receive] Starting sync task...'
[post-receive] Starting sync task...
+ read oldrev newrev refname
+ [[ refs/heads/mia-logs =~ ^refs/heads/ ]]
+ branch=mia-logs
+ echo '[post-receive] Processing branch: mia-logs'
[post-receive] Processing branch: mia-logs
+ WORKDIR=/data/mia-logs
+ LOCKFILE=/tmp/git-post-receive-mia-logs.lock
+ exec
+ flock -x 9
+ echo '[post-receive] Acquired lock for mia-logs'
[post-receive] Acquired lock for mia-logs
+ '[' '!' -d /data/mia-logs/.git ']'
+ echo '[post-receive] WORKDIR already exists.'
[post-receive] WORKDIR already exists.
+ cd /data/mia-logs
+ unset GIT_DIR
+ unset GIT_WORK_TREE
+ git checkout mia-logs
Already on 'mia-logs'
Your branch is up to date with 'origin/mia-logs'.
+ git fetch origin
From /data/fcre-data-exp-worktree
   68c9a05..b52fdd2  mia-logs   -> origin/mia-logs
+ git reset --hard origin/mia-logs
HEAD is now at b52fdd2 Mon 2025-09-15 15:19:44 EDT
+ git push github mia-logs
To github.com:FLARE-forecast/FCRE-data.git
   68c9a05..b52fdd2  mia-logs -> mia-logs
+ echo '[post-receive] Sync complete for mia-logs.'
[post-receive] Sync complete for mia-logs.
+ exec
+ read oldrev newrev refname
+ WORKDIR_BASE=/data
+ echo '[post-receive] Starting sync task...'
[post-receive] Starting sync task...
+ read oldrev newrev refname
+ [[ refs/heads/mia-logs =~ ^refs/heads/ ]]
+ branch=mia-logs
+ echo '[post-receive] Processing branch: mia-logs'
[post-receive] Processing branch: mia-logs
+ WORKDIR=/data/mia-logs
+ LOCKFILE=/tmp/git-post-receive-mia-logs.lock
+ exec
+ flock -x 9
+ echo '[post-receive] Acquired lock for mia-logs'
[post-receive] Acquired lock for mia-logs
+ '[' '!' -d /data/mia-logs/.git ']'
+ echo '[post-receive] WORKDIR already exists.'
[post-receive] WORKDIR already exists.
+ cd /data/mia-logs
+ unset GIT_DIR
+ unset GIT_WORK_TREE
+ git checkout mia-logs
Already on 'mia-logs'
Your branch is up to date with 'origin/mia-logs'.
+ git fetch origin
From /data/fcre-data-exp-worktree
   b52fdd2..f342a92  mia-logs   -> origin/mia-logs
+ git reset --hard origin/mia-logs
HEAD is now at f342a92 Mon 2025-09-15 15:19:55 EDT
+ git push github mia-logs
To github.com:FLARE-forecast/FCRE-data.git
   b52fdd2..f342a92  mia-logs -> mia-logs
+ echo '[post-receive] Sync complete for mia-logs.'
[post-receive] Sync complete for mia-logs.
+ exec
+ read oldrev newrev refname
+ WORKDIR_BASE=/data
+ echo '[post-receive] Starting sync task...'
[post-receive] Starting sync task...
+ read oldrev newrev refname
+ [[ refs/heads/mia-logs =~ ^refs/heads/ ]]
+ branch=mia-logs
+ echo '[post-receive] Processing branch: mia-logs'
[post-receive] Processing branch: mia-logs
+ WORKDIR=/data/mia-logs
+ LOCKFILE=/tmp/git-post-receive-mia-logs.lock
+ exec
+ flock -x 9
+ echo '[post-receive] Acquired lock for mia-logs'
[post-receive] Acquired lock for mia-logs
+ '[' '!' -d /data/mia-logs/.git ']'
+ echo '[post-receive] WORKDIR already exists.'
[post-receive] WORKDIR already exists.
+ cd /data/mia-logs
+ unset GIT_DIR
+ unset GIT_WORK_TREE
+ git checkout mia-logs
Already on 'mia-logs'
Your branch is up to date with 'origin/mia-logs'.
+ git fetch origin
From /data/fcre-data-exp-worktree
   f342a92..c86fff7  mia-logs   -> origin/mia-logs
+ git reset --hard origin/mia-logs
HEAD is now at c86fff7 Mon 2025-09-15 21:09:44 EDT
+ git push github mia-logs
To github.com:FLARE-forecast/FCRE-data.git
   f342a92..c86fff7  mia-logs -> mia-logs
+ echo '[post-receive] Sync complete for mia-logs.'
[post-receive] Sync complete for mia-logs.
+ exec
+ read oldrev newrev refname
+ WORKDIR_BASE=/data
+ echo '[post-receive] Starting sync task...'
[post-receive] Starting sync task...
+ read oldrev newrev refname
+ [[ refs/heads/mia-logs =~ ^refs/heads/ ]]
+ branch=mia-logs
+ echo '[post-receive] Processing branch: mia-logs'
[post-receive] Processing branch: mia-logs
+ WORKDIR=/data/mia-logs
+ LOCKFILE=/tmp/git-post-receive-mia-logs.lock
+ exec
+ flock -x 9
+ echo '[post-receive] Acquired lock for mia-logs'
[post-receive] Acquired lock for mia-logs
+ '[' '!' -d /data/mia-logs/.git ']'
+ echo '[post-receive] WORKDIR already exists.'
[post-receive] WORKDIR already exists.
+ cd /data/mia-logs
+ unset GIT_DIR
+ unset GIT_WORK_TREE
+ git checkout mia-logs
Already on 'mia-logs'
Your branch is up to date with 'origin/mia-logs'.
+ git fetch origin
From /data/fcre-data-exp-worktree
   c86fff7..65cd9df  mia-logs   -> origin/mia-logs
+ git reset --hard origin/mia-logs
HEAD is now at 65cd9df Mon 2025-09-15 21:09:55 EDT
+ git push github mia-logs
To github.com:FLARE-forecast/FCRE-data.git
   c86fff7..65cd9df  mia-logs -> mia-logs
+ echo '[post-receive] Sync complete for mia-logs.'
[post-receive] Sync complete for mia-logs.
+ exec
+ read oldrev newrev refname
+ WORKDIR_BASE=/data
+ echo '[post-receive] Starting sync task...'
[post-receive] Starting sync task...
+ read oldrev newrev refname
+ [[ refs/heads/mia-logs =~ ^refs/heads/ ]]
+ branch=mia-logs
+ echo '[post-receive] Processing branch: mia-logs'
[post-receive] Processing branch: mia-logs
+ WORKDIR=/data/mia-logs
+ LOCKFILE=/tmp/git-post-receive-mia-logs.lock
+ exec
+ flock -x 9
+ echo '[post-receive] Acquired lock for mia-logs'
[post-receive] Acquired lock for mia-logs
+ '[' '!' -d /data/mia-logs/.git ']'
+ echo '[post-receive] WORKDIR already exists.'
[post-receive] WORKDIR already exists.
+ cd /data/mia-logs
+ unset GIT_DIR
+ unset GIT_WORK_TREE
+ git checkout mia-logs
Already on 'mia-logs'
Your branch is up to date with 'origin/mia-logs'.
+ git fetch origin
From /data/fcre-data-exp-worktree
   65cd9df..0352cfc  mia-logs   -> origin/mia-logs
+ git reset --hard origin/mia-logs
HEAD is now at 0352cfc Tue 2025-09-16 01:19:45 EDT
+ git push github mia-logs
To github.com:FLARE-forecast/FCRE-data.git
   65cd9df..0352cfc  mia-logs -> mia-logs
+ echo '[post-receive] Sync complete for mia-logs.'
[post-receive] Sync complete for mia-logs.
+ exec
+ read oldrev newrev refname
+ WORKDIR_BASE=/data
+ echo '[post-receive] Starting sync task...'
[post-receive] Starting sync task...
+ read oldrev newrev refname
+ [[ refs/heads/mia-logs =~ ^refs/heads/ ]]
+ branch=mia-logs
+ echo '[post-receive] Processing branch: mia-logs'
[post-receive] Processing branch: mia-logs
+ WORKDIR=/data/mia-logs
+ LOCKFILE=/tmp/git-post-receive-mia-logs.lock
+ exec
+ flock -x 9
+ echo '[post-receive] Acquired lock for mia-logs'
[post-receive] Acquired lock for mia-logs
+ '[' '!' -d /data/mia-logs/.git ']'
+ echo '[post-receive] WORKDIR already exists.'
[post-receive] WORKDIR already exists.
+ cd /data/mia-logs
+ unset GIT_DIR
+ unset GIT_WORK_TREE
+ git checkout mia-logs
Already on 'mia-logs'
Your branch is up to date with 'origin/mia-logs'.
+ git fetch origin
From /data/fcre-data-exp-worktree
   0352cfc..fb66e05  mia-logs   -> origin/mia-logs
+ git reset --hard origin/mia-logs
HEAD is now at fb66e05 Tue 2025-09-16 01:19:56 EDT
+ git push github mia-logs
To github.com:FLARE-forecast/FCRE-data.git
   0352cfc..fb66e05  mia-logs -> mia-logs
+ echo '[post-receive] Sync complete for mia-logs.'
[post-receive] Sync complete for mia-logs.
+ exec
+ read oldrev newrev refname
+ WORKDIR_BASE=/data
+ echo '[post-receive] Starting sync task...'
[post-receive] Starting sync task...
+ read oldrev newrev refname
+ [[ refs/heads/mia-logs =~ ^refs/heads/ ]]
+ branch=mia-logs
+ echo '[post-receive] Processing branch: mia-logs'
[post-receive] Processing branch: mia-logs
+ WORKDIR=/data/mia-logs
+ LOCKFILE=/tmp/git-post-receive-mia-logs.lock
+ exec
+ flock -x 9
+ echo '[post-receive] Acquired lock for mia-logs'
[post-receive] Acquired lock for mia-logs
+ '[' '!' -d /data/mia-logs/.git ']'
+ echo '[post-receive] WORKDIR already exists.'
[post-receive] WORKDIR already exists.
+ cd /data/mia-logs
+ unset GIT_DIR
+ unset GIT_WORK_TREE
+ git checkout mia-logs
Already on 'mia-logs'
Your branch is up to date with 'origin/mia-logs'.
+ git fetch origin
From /data/fcre-data-exp-worktree
   fb66e05..2d4f770  mia-logs   -> origin/mia-logs
+ git reset --hard origin/mia-logs
HEAD is now at 2d4f770 Tue 2025-09-16 07:04:45 EDT
+ git push github mia-logs
To github.com:FLARE-forecast/FCRE-data.git
   fb66e05..2d4f770  mia-logs -> mia-logs
+ echo '[post-receive] Sync complete for mia-logs.'
[post-receive] Sync complete for mia-logs.
+ exec
+ read oldrev newrev refname
+ WORKDIR_BASE=/data
+ echo '[post-receive] Starting sync task...'
[post-receive] Starting sync task...
+ read oldrev newrev refname
+ [[ refs/heads/mia-logs =~ ^refs/heads/ ]]
+ branch=mia-logs
+ echo '[post-receive] Processing branch: mia-logs'
[post-receive] Processing branch: mia-logs
+ WORKDIR=/data/mia-logs
+ LOCKFILE=/tmp/git-post-receive-mia-logs.lock
+ exec
+ flock -x 9
+ echo '[post-receive] Acquired lock for mia-logs'
[post-receive] Acquired lock for mia-logs
+ '[' '!' -d /data/mia-logs/.git ']'
+ echo '[post-receive] WORKDIR already exists.'
[post-receive] WORKDIR already exists.
+ cd /data/mia-logs
+ unset GIT_DIR
+ unset GIT_WORK_TREE
+ git checkout mia-logs
Already on 'mia-logs'
Your branch is up to date with 'origin/mia-logs'.
+ git fetch origin
From /data/fcre-data-exp-worktree
   2d4f770..dc6a3d8  mia-logs   -> origin/mia-logs
+ git reset --hard origin/mia-logs
HEAD is now at dc6a3d8 Tue 2025-09-16 07:04:56 EDT
+ git push github mia-logs
To github.com:FLARE-forecast/FCRE-data.git
   2d4f770..dc6a3d8  mia-logs -> mia-logs
+ echo '[post-receive] Sync complete for mia-logs.'
[post-receive] Sync complete for mia-logs.
+ exec
+ read oldrev newrev refname
+ WORKDIR_BASE=/data
+ echo '[post-receive] Starting sync task...'
[post-receive] Starting sync task...
+ read oldrev newrev refname
+ [[ refs/heads/mia-logs =~ ^refs/heads/ ]]
+ branch=mia-logs
+ echo '[post-receive] Processing branch: mia-logs'
[post-receive] Processing branch: mia-logs
+ WORKDIR=/data/mia-logs
+ LOCKFILE=/tmp/git-post-receive-mia-logs.lock
+ exec
+ flock -x 9
+ echo '[post-receive] Acquired lock for mia-logs'
[post-receive] Acquired lock for mia-logs
+ '[' '!' -d /data/mia-logs/.git ']'
+ echo '[post-receive] WORKDIR already exists.'
[post-receive] WORKDIR already exists.
+ cd /data/mia-logs
+ unset GIT_DIR
+ unset GIT_WORK_TREE
+ git checkout mia-logs
Already on 'mia-logs'
Your branch is up to date with 'origin/mia-logs'.
+ git fetch origin
From /data/fcre-data-exp-worktree
   dc6a3d8..76d8070  mia-logs   -> origin/mia-logs
+ git reset --hard origin/mia-logs
HEAD is now at 76d8070 Tue 2025-09-16 11:09:50 EDT
+ git push github mia-logs
To github.com:FLARE-forecast/FCRE-data.git
   dc6a3d8..76d8070  mia-logs -> mia-logs
+ echo '[post-receive] Sync complete for mia-logs.'
[post-receive] Sync complete for mia-logs.
+ exec
+ read oldrev newrev refname
+ WORKDIR_BASE=/data
+ echo '[post-receive] Starting sync task...'
[post-receive] Starting sync task...
+ read oldrev newrev refname
+ [[ refs/heads/mia-logs =~ ^refs/heads/ ]]
+ branch=mia-logs
+ echo '[post-receive] Processing branch: mia-logs'
[post-receive] Processing branch: mia-logs
+ WORKDIR=/data/mia-logs
+ LOCKFILE=/tmp/git-post-receive-mia-logs.lock
+ exec
+ flock -x 9
+ echo '[post-receive] Acquired lock for mia-logs'
[post-receive] Acquired lock for mia-logs
+ '[' '!' -d /data/mia-logs/.git ']'
+ echo '[post-receive] WORKDIR already exists.'
[post-receive] WORKDIR already exists.
+ cd /data/mia-logs
+ unset GIT_DIR
+ unset GIT_WORK_TREE
+ git checkout mia-logs
Already on 'mia-logs'
Your branch is up to date with 'origin/mia-logs'.
+ git fetch origin
From /data/fcre-data-exp-worktree
   76d8070..ae07a9c  mia-logs   -> origin/mia-logs
+ git reset --hard origin/mia-logs
HEAD is now at ae07a9c Tue 2025-09-16 11:10:01 EDT
+ git push github mia-logs
To github.com:FLARE-forecast/FCRE-data.git
   76d8070..ae07a9c  mia-logs -> mia-logs
+ echo '[post-receive] Sync complete for mia-logs.'
[post-receive] Sync complete for mia-logs.
+ exec
+ read oldrev newrev refname
+ WORKDIR_BASE=/data
+ echo '[post-receive] Starting sync task...'
[post-receive] Starting sync task...
+ read oldrev newrev refname
+ [[ refs/heads/mia-logs =~ ^refs/heads/ ]]
+ branch=mia-logs
+ echo '[post-receive] Processing branch: mia-logs'
[post-receive] Processing branch: mia-logs
+ WORKDIR=/data/mia-logs
+ LOCKFILE=/tmp/git-post-receive-mia-logs.lock
+ exec
+ flock -x 9
+ echo '[post-receive] Acquired lock for mia-logs'
[post-receive] Acquired lock for mia-logs
+ '[' '!' -d /data/mia-logs/.git ']'
+ echo '[post-receive] WORKDIR already exists.'
[post-receive] WORKDIR already exists.
+ cd /data/mia-logs
+ unset GIT_DIR
+ unset GIT_WORK_TREE
+ git checkout mia-logs
Already on 'mia-logs'
Your branch is up to date with 'origin/mia-logs'.
+ git fetch origin
From /data/fcre-data-exp-worktree
   ae07a9c..bd2891a  mia-logs   -> origin/mia-logs
+ git reset --hard origin/mia-logs
HEAD is now at bd2891a Tue 2025-09-16 13:09:45 EDT
+ git push github mia-logs
To github.com:FLARE-forecast/FCRE-data.git
   ae07a9c..bd2891a  mia-logs -> mia-logs
+ echo '[post-receive] Sync complete for mia-logs.'
[post-receive] Sync complete for mia-logs.
+ exec
+ read oldrev newrev refname
+ WORKDIR_BASE=/data
+ echo '[post-receive] Starting sync task...'
[post-receive] Starting sync task...
+ read oldrev newrev refname
+ [[ refs/heads/mia-logs =~ ^refs/heads/ ]]
+ branch=mia-logs
+ echo '[post-receive] Processing branch: mia-logs'
[post-receive] Processing branch: mia-logs
+ WORKDIR=/data/mia-logs
+ LOCKFILE=/tmp/git-post-receive-mia-logs.lock
+ exec
+ flock -x 9
+ echo '[post-receive] Acquired lock for mia-logs'
[post-receive] Acquired lock for mia-logs
+ '[' '!' -d /data/mia-logs/.git ']'
+ echo '[post-receive] WORKDIR already exists.'
[post-receive] WORKDIR already exists.
+ cd /data/mia-logs
+ unset GIT_DIR
+ unset GIT_WORK_TREE
+ git checkout mia-logs
Already on 'mia-logs'
Your branch is up to date with 'origin/mia-logs'.
+ git fetch origin
From /data/fcre-data-exp-worktree
   bd2891a..966050b  mia-logs   -> origin/mia-logs
+ git reset --hard origin/mia-logs
HEAD is now at 966050b Tue 2025-09-16 13:09:57 EDT
+ git push github mia-logs
To github.com:FLARE-forecast/FCRE-data.git
   bd2891a..966050b  mia-logs -> mia-logs
+ echo '[post-receive] Sync complete for mia-logs.'
[post-receive] Sync complete for mia-logs.
+ exec
+ read oldrev newrev refname
+ WORKDIR_BASE=/data
+ echo '[post-receive] Starting sync task...'
[post-receive] Starting sync task...
+ read oldrev newrev refname
+ [[ refs/heads/mia-logs =~ ^refs/heads/ ]]
+ branch=mia-logs
+ echo '[post-receive] Processing branch: mia-logs'
[post-receive] Processing branch: mia-logs
+ WORKDIR=/data/mia-logs
+ LOCKFILE=/tmp/git-post-receive-mia-logs.lock
+ exec
+ flock -x 9
+ echo '[post-receive] Acquired lock for mia-logs'
[post-receive] Acquired lock for mia-logs
+ '[' '!' -d /data/mia-logs/.git ']'
+ echo '[post-receive] WORKDIR already exists.'
[post-receive] WORKDIR already exists.
+ cd /data/mia-logs
+ unset GIT_DIR
+ unset GIT_WORK_TREE
+ git checkout mia-logs
Already on 'mia-logs'
Your branch is up to date with 'origin/mia-logs'.
+ git fetch origin
From /data/fcre-data-exp-worktree
   966050b..59b06e5  mia-logs   -> origin/mia-logs
+ git reset --hard origin/mia-logs
HEAD is now at 59b06e5 Tue 2025-09-16 15:19:46 EDT
+ git push github mia-logs
To github.com:FLARE-forecast/FCRE-data.git
   966050b..59b06e5  mia-logs -> mia-logs
+ echo '[post-receive] Sync complete for mia-logs.'
[post-receive] Sync complete for mia-logs.
+ exec
+ read oldrev newrev refname
+ WORKDIR_BASE=/data
+ echo '[post-receive] Starting sync task...'
[post-receive] Starting sync task...
+ read oldrev newrev refname
+ [[ refs/heads/mia-logs =~ ^refs/heads/ ]]
+ branch=mia-logs
+ echo '[post-receive] Processing branch: mia-logs'
[post-receive] Processing branch: mia-logs
+ WORKDIR=/data/mia-logs
+ LOCKFILE=/tmp/git-post-receive-mia-logs.lock
+ exec
+ flock -x 9
+ echo '[post-receive] Acquired lock for mia-logs'
[post-receive] Acquired lock for mia-logs
+ '[' '!' -d /data/mia-logs/.git ']'
+ echo '[post-receive] WORKDIR already exists.'
[post-receive] WORKDIR already exists.
+ cd /data/mia-logs
+ unset GIT_DIR
+ unset GIT_WORK_TREE
+ git checkout mia-logs
Already on 'mia-logs'
Your branch is up to date with 'origin/mia-logs'.
+ git fetch origin
From /data/fcre-data-exp-worktree
   59b06e5..6d9a2f9  mia-logs   -> origin/mia-logs
+ git reset --hard origin/mia-logs
HEAD is now at 6d9a2f9 Tue 2025-09-16 15:19:57 EDT
+ git push github mia-logs
To github.com:FLARE-forecast/FCRE-data.git
   59b06e5..6d9a2f9  mia-logs -> mia-logs
+ echo '[post-receive] Sync complete for mia-logs.'
[post-receive] Sync complete for mia-logs.
+ exec
+ read oldrev newrev refname
+ WORKDIR_BASE=/data
+ echo '[post-receive] Starting sync task...'
[post-receive] Starting sync task...
+ read oldrev newrev refname
+ [[ refs/heads/mia-logs =~ ^refs/heads/ ]]
+ branch=mia-logs
+ echo '[post-receive] Processing branch: mia-logs'
[post-receive] Processing branch: mia-logs
+ WORKDIR=/data/mia-logs
+ LOCKFILE=/tmp/git-post-receive-mia-logs.lock
+ exec
+ flock -x 9
+ echo '[post-receive] Acquired lock for mia-logs'
[post-receive] Acquired lock for mia-logs
+ '[' '!' -d /data/mia-logs/.git ']'
+ echo '[post-receive] WORKDIR already exists.'
[post-receive] WORKDIR already exists.
+ cd /data/mia-logs
+ unset GIT_DIR
+ unset GIT_WORK_TREE
+ git checkout mia-logs
Already on 'mia-logs'
Your branch is up to date with 'origin/mia-logs'.
+ git fetch origin
From /data/fcre-data-exp-worktree
   6d9a2f9..a51cf11  mia-logs   -> origin/mia-logs
+ git reset --hard origin/mia-logs
HEAD is now at a51cf11 Tue 2025-09-16 21:09:45 EDT
+ git push github mia-logs
To github.com:FLARE-forecast/FCRE-data.git
   6d9a2f9..a51cf11  mia-logs -> mia-logs
+ echo '[post-receive] Sync complete for mia-logs.'
[post-receive] Sync complete for mia-logs.
+ exec
+ read oldrev newrev refname
+ WORKDIR_BASE=/data
+ echo '[post-receive] Starting sync task...'
[post-receive] Starting sync task...
+ read oldrev newrev refname
+ [[ refs/heads/mia-logs =~ ^refs/heads/ ]]
+ branch=mia-logs
+ echo '[post-receive] Processing branch: mia-logs'
[post-receive] Processing branch: mia-logs
+ WORKDIR=/data/mia-logs
+ LOCKFILE=/tmp/git-post-receive-mia-logs.lock
+ exec
+ flock -x 9
+ echo '[post-receive] Acquired lock for mia-logs'
[post-receive] Acquired lock for mia-logs
+ '[' '!' -d /data/mia-logs/.git ']'
+ echo '[post-receive] WORKDIR already exists.'
[post-receive] WORKDIR already exists.
+ cd /data/mia-logs
+ unset GIT_DIR
+ unset GIT_WORK_TREE
+ git checkout mia-logs
Already on 'mia-logs'
Your branch is up to date with 'origin/mia-logs'.
+ git fetch origin
From /data/fcre-data-exp-worktree
   a51cf11..f8172d8  mia-logs   -> origin/mia-logs
+ git reset --hard origin/mia-logs
HEAD is now at f8172d8 Tue 2025-09-16 21:09:57 EDT
+ git push github mia-logs
To github.com:FLARE-forecast/FCRE-data.git
   a51cf11..f8172d8  mia-logs -> mia-logs
+ echo '[post-receive] Sync complete for mia-logs.'
[post-receive] Sync complete for mia-logs.
+ exec
+ read oldrev newrev refname
+ WORKDIR_BASE=/data
+ echo '[post-receive] Starting sync task...'
[post-receive] Starting sync task...
+ read oldrev newrev refname
+ [[ refs/heads/mia-logs =~ ^refs/heads/ ]]
+ branch=mia-logs
+ echo '[post-receive] Processing branch: mia-logs'
[post-receive] Processing branch: mia-logs
+ WORKDIR=/data/mia-logs
+ LOCKFILE=/tmp/git-post-receive-mia-logs.lock
+ exec
+ flock -x 9
+ echo '[post-receive] Acquired lock for mia-logs'
[post-receive] Acquired lock for mia-logs
+ '[' '!' -d /data/mia-logs/.git ']'
+ echo '[post-receive] WORKDIR already exists.'
[post-receive] WORKDIR already exists.
+ cd /data/mia-logs
+ unset GIT_DIR
+ unset GIT_WORK_TREE
+ git checkout mia-logs
Already on 'mia-logs'
Your branch is up to date with 'origin/mia-logs'.
+ git fetch origin
From /data/fcre-data-exp-worktree
   f8172d8..f1de313  mia-logs   -> origin/mia-logs
+ git reset --hard origin/mia-logs
HEAD is now at f1de313 Wed 2025-09-17 01:19:45 EDT
+ git push github mia-logs
To github.com:FLARE-forecast/FCRE-data.git
   f8172d8..f1de313  mia-logs -> mia-logs
+ echo '[post-receive] Sync complete for mia-logs.'
[post-receive] Sync complete for mia-logs.
+ exec
+ read oldrev newrev refname
+ WORKDIR_BASE=/data
+ echo '[post-receive] Starting sync task...'
[post-receive] Starting sync task...
+ read oldrev newrev refname
+ [[ refs/heads/mia-logs =~ ^refs/heads/ ]]
+ branch=mia-logs
+ echo '[post-receive] Processing branch: mia-logs'
[post-receive] Processing branch: mia-logs
+ WORKDIR=/data/mia-logs
+ LOCKFILE=/tmp/git-post-receive-mia-logs.lock
+ exec
+ flock -x 9
+ echo '[post-receive] Acquired lock for mia-logs'
[post-receive] Acquired lock for mia-logs
+ '[' '!' -d /data/mia-logs/.git ']'
+ echo '[post-receive] WORKDIR already exists.'
[post-receive] WORKDIR already exists.
+ cd /data/mia-logs
+ unset GIT_DIR
+ unset GIT_WORK_TREE
+ git checkout mia-logs
Already on 'mia-logs'
Your branch is up to date with 'origin/mia-logs'.
+ git fetch origin
From /data/fcre-data-exp-worktree
   f1de313..9616647  mia-logs   -> origin/mia-logs
+ git reset --hard origin/mia-logs
HEAD is now at 9616647 Wed 2025-09-17 01:19:57 EDT
+ git push github mia-logs
To github.com:FLARE-forecast/FCRE-data.git
   f1de313..9616647  mia-logs -> mia-logs
+ echo '[post-receive] Sync complete for mia-logs.'
[post-receive] Sync complete for mia-logs.
+ exec
+ read oldrev newrev refname
+ WORKDIR_BASE=/data
+ echo '[post-receive] Starting sync task...'
[post-receive] Starting sync task...
+ read oldrev newrev refname
+ [[ refs/heads/mia-logs =~ ^refs/heads/ ]]
+ branch=mia-logs
+ echo '[post-receive] Processing branch: mia-logs'
[post-receive] Processing branch: mia-logs
+ WORKDIR=/data/mia-logs
+ LOCKFILE=/tmp/git-post-receive-mia-logs.lock
+ exec
+ flock -x 9
+ echo '[post-receive] Acquired lock for mia-logs'
[post-receive] Acquired lock for mia-logs
+ '[' '!' -d /data/mia-logs/.git ']'
+ echo '[post-receive] WORKDIR already exists.'
[post-receive] WORKDIR already exists.
+ cd /data/mia-logs
+ unset GIT_DIR
+ unset GIT_WORK_TREE
+ git checkout mia-logs
Already on 'mia-logs'
Your branch is up to date with 'origin/mia-logs'.
+ git fetch origin
From /data/fcre-data-exp-worktree
   9616647..737d622  mia-logs   -> origin/mia-logs
+ git reset --hard origin/mia-logs
HEAD is now at 737d622 Wed 2025-09-17 07:04:46 EDT
+ git push github mia-logs
To github.com:FLARE-forecast/FCRE-data.git
   9616647..737d622  mia-logs -> mia-logs
+ echo '[post-receive] Sync complete for mia-logs.'
[post-receive] Sync complete for mia-logs.
+ exec
+ read oldrev newrev refname
+ WORKDIR_BASE=/data
+ echo '[post-receive] Starting sync task...'
[post-receive] Starting sync task...
+ read oldrev newrev refname
+ [[ refs/heads/mia-logs =~ ^refs/heads/ ]]
+ branch=mia-logs
+ echo '[post-receive] Processing branch: mia-logs'
[post-receive] Processing branch: mia-logs
+ WORKDIR=/data/mia-logs
+ LOCKFILE=/tmp/git-post-receive-mia-logs.lock
+ exec
+ flock -x 9
+ echo '[post-receive] Acquired lock for mia-logs'
[post-receive] Acquired lock for mia-logs
+ '[' '!' -d /data/mia-logs/.git ']'
+ echo '[post-receive] WORKDIR already exists.'
[post-receive] WORKDIR already exists.
+ cd /data/mia-logs
+ unset GIT_DIR
+ unset GIT_WORK_TREE
+ git checkout mia-logs
Already on 'mia-logs'
Your branch is up to date with 'origin/mia-logs'.
+ git fetch origin
From /data/fcre-data-exp-worktree
   737d622..1901378  mia-logs   -> origin/mia-logs
+ git reset --hard origin/mia-logs
HEAD is now at 1901378 Wed 2025-09-17 07:04:58 EDT
+ git push github mia-logs
To github.com:FLARE-forecast/FCRE-data.git
   737d622..1901378  mia-logs -> mia-logs
+ echo '[post-receive] Sync complete for mia-logs.'
[post-receive] Sync complete for mia-logs.
+ exec
+ read oldrev newrev refname
+ WORKDIR_BASE=/data
+ echo '[post-receive] Starting sync task...'
[post-receive] Starting sync task...
+ read oldrev newrev refname
+ [[ refs/heads/mia-logs =~ ^refs/heads/ ]]
+ branch=mia-logs
+ echo '[post-receive] Processing branch: mia-logs'
[post-receive] Processing branch: mia-logs
+ WORKDIR=/data/mia-logs
+ LOCKFILE=/tmp/git-post-receive-mia-logs.lock
+ exec
+ flock -x 9
+ echo '[post-receive] Acquired lock for mia-logs'
[post-receive] Acquired lock for mia-logs
+ '[' '!' -d /data/mia-logs/.git ']'
+ echo '[post-receive] WORKDIR already exists.'
[post-receive] WORKDIR already exists.
+ cd /data/mia-logs
+ unset GIT_DIR
+ unset GIT_WORK_TREE
+ git checkout mia-logs
Already on 'mia-logs'
Your branch is up to date with 'origin/mia-logs'.
+ git fetch origin
From /data/fcre-data-exp-worktree
   1901378..d981d0c  mia-logs   -> origin/mia-logs
+ git reset --hard origin/mia-logs
HEAD is now at d981d0c Wed 2025-09-17 11:09:46 EDT
+ git push github mia-logs
To github.com:FLARE-forecast/FCRE-data.git
   1901378..d981d0c  mia-logs -> mia-logs
+ echo '[post-receive] Sync complete for mia-logs.'
[post-receive] Sync complete for mia-logs.
+ exec
+ read oldrev newrev refname
+ WORKDIR_BASE=/data
+ echo '[post-receive] Starting sync task...'
[post-receive] Starting sync task...
+ read oldrev newrev refname
+ [[ refs/heads/mia-logs =~ ^refs/heads/ ]]
+ branch=mia-logs
+ echo '[post-receive] Processing branch: mia-logs'
[post-receive] Processing branch: mia-logs
+ WORKDIR=/data/mia-logs
+ LOCKFILE=/tmp/git-post-receive-mia-logs.lock
+ exec
+ flock -x 9
+ echo '[post-receive] Acquired lock for mia-logs'
[post-receive] Acquired lock for mia-logs
+ '[' '!' -d /data/mia-logs/.git ']'
+ echo '[post-receive] WORKDIR already exists.'
[post-receive] WORKDIR already exists.
+ cd /data/mia-logs
+ unset GIT_DIR
+ unset GIT_WORK_TREE
+ git checkout mia-logs
Already on 'mia-logs'
Your branch is up to date with 'origin/mia-logs'.
+ git fetch origin
From /data/fcre-data-exp-worktree
   d981d0c..f57456a  mia-logs   -> origin/mia-logs
+ git reset --hard origin/mia-logs
HEAD is now at f57456a Wed 2025-09-17 11:09:58 EDT
+ git push github mia-logs
To github.com:FLARE-forecast/FCRE-data.git
   d981d0c..f57456a  mia-logs -> mia-logs
+ echo '[post-receive] Sync complete for mia-logs.'
[post-receive] Sync complete for mia-logs.
+ exec
+ read oldrev newrev refname
+ WORKDIR_BASE=/data
+ echo '[post-receive] Starting sync task...'
[post-receive] Starting sync task...
+ read oldrev newrev refname
+ [[ refs/heads/mia-logs =~ ^refs/heads/ ]]
+ branch=mia-logs
+ echo '[post-receive] Processing branch: mia-logs'
[post-receive] Processing branch: mia-logs
+ WORKDIR=/data/mia-logs
+ LOCKFILE=/tmp/git-post-receive-mia-logs.lock
+ exec
+ flock -x 9
+ echo '[post-receive] Acquired lock for mia-logs'
[post-receive] Acquired lock for mia-logs
+ '[' '!' -d /data/mia-logs/.git ']'
+ echo '[post-receive] WORKDIR already exists.'
[post-receive] WORKDIR already exists.
+ cd /data/mia-logs
+ unset GIT_DIR
+ unset GIT_WORK_TREE
+ git checkout mia-logs
Already on 'mia-logs'
Your branch is up to date with 'origin/mia-logs'.
+ git fetch origin
From /data/fcre-data-exp-worktree
   f57456a..5a85e47  mia-logs   -> origin/mia-logs
+ git reset --hard origin/mia-logs
HEAD is now at 5a85e47 Wed 2025-09-17 13:09:46 EDT
+ git push github mia-logs
To github.com:FLARE-forecast/FCRE-data.git
   f57456a..5a85e47  mia-logs -> mia-logs
+ echo '[post-receive] Sync complete for mia-logs.'
[post-receive] Sync complete for mia-logs.
+ exec
+ read oldrev newrev refname
+ WORKDIR_BASE=/data
+ echo '[post-receive] Starting sync task...'
[post-receive] Starting sync task...
+ read oldrev newrev refname
+ [[ refs/heads/mia-logs =~ ^refs/heads/ ]]
+ branch=mia-logs
+ echo '[post-receive] Processing branch: mia-logs'
[post-receive] Processing branch: mia-logs
+ WORKDIR=/data/mia-logs
+ LOCKFILE=/tmp/git-post-receive-mia-logs.lock
+ exec
+ flock -x 9
+ echo '[post-receive] Acquired lock for mia-logs'
[post-receive] Acquired lock for mia-logs
+ '[' '!' -d /data/mia-logs/.git ']'
+ echo '[post-receive] WORKDIR already exists.'
[post-receive] WORKDIR already exists.
+ cd /data/mia-logs
+ unset GIT_DIR
+ unset GIT_WORK_TREE
+ git checkout mia-logs
Already on 'mia-logs'
Your branch is up to date with 'origin/mia-logs'.
+ git fetch origin
From /data/fcre-data-exp-worktree
   5a85e47..8f299bf  mia-logs   -> origin/mia-logs
+ git reset --hard origin/mia-logs
HEAD is now at 8f299bf Wed 2025-09-17 13:09:58 EDT
+ git push github mia-logs
To github.com:FLARE-forecast/FCRE-data.git
   5a85e47..8f299bf  mia-logs -> mia-logs
+ echo '[post-receive] Sync complete for mia-logs.'
[post-receive] Sync complete for mia-logs.
+ exec
+ read oldrev newrev refname
+ WORKDIR_BASE=/data
+ echo '[post-receive] Starting sync task...'
[post-receive] Starting sync task...
+ read oldrev newrev refname
+ [[ refs/heads/mia-logs =~ ^refs/heads/ ]]
+ branch=mia-logs
+ echo '[post-receive] Processing branch: mia-logs'
[post-receive] Processing branch: mia-logs
+ WORKDIR=/data/mia-logs
+ LOCKFILE=/tmp/git-post-receive-mia-logs.lock
+ exec
+ flock -x 9
+ echo '[post-receive] Acquired lock for mia-logs'
[post-receive] Acquired lock for mia-logs
+ '[' '!' -d /data/mia-logs/.git ']'
+ echo '[post-receive] WORKDIR already exists.'
[post-receive] WORKDIR already exists.
+ cd /data/mia-logs
+ unset GIT_DIR
+ unset GIT_WORK_TREE
+ git checkout mia-logs
Already on 'mia-logs'
Your branch is up to date with 'origin/mia-logs'.
+ git fetch origin
From /data/fcre-data-exp-worktree
   8f299bf..5fd2984  mia-logs   -> origin/mia-logs
+ git reset --hard origin/mia-logs
HEAD is now at 5fd2984 Wed 2025-09-17 15:19:46 EDT
+ git push github mia-logs
To github.com:FLARE-forecast/FCRE-data.git
   8f299bf..5fd2984  mia-logs -> mia-logs
+ echo '[post-receive] Sync complete for mia-logs.'
[post-receive] Sync complete for mia-logs.
+ exec
+ read oldrev newrev refname
+ WORKDIR_BASE=/data
+ echo '[post-receive] Starting sync task...'
[post-receive] Starting sync task...
+ read oldrev newrev refname
+ [[ refs/heads/mia-logs =~ ^refs/heads/ ]]
+ branch=mia-logs
+ echo '[post-receive] Processing branch: mia-logs'
[post-receive] Processing branch: mia-logs
+ WORKDIR=/data/mia-logs
+ LOCKFILE=/tmp/git-post-receive-mia-logs.lock
+ exec
+ flock -x 9
+ echo '[post-receive] Acquired lock for mia-logs'
[post-receive] Acquired lock for mia-logs
+ '[' '!' -d /data/mia-logs/.git ']'
+ echo '[post-receive] WORKDIR already exists.'
[post-receive] WORKDIR already exists.
+ cd /data/mia-logs
+ unset GIT_DIR
+ unset GIT_WORK_TREE
+ git checkout mia-logs
Already on 'mia-logs'
Your branch is up to date with 'origin/mia-logs'.
+ git fetch origin
From /data/fcre-data-exp-worktree
   5fd2984..db50250  mia-logs   -> origin/mia-logs
+ git reset --hard origin/mia-logs
HEAD is now at db50250 Wed 2025-09-17 15:19:58 EDT
+ git push github mia-logs
To github.com:FLARE-forecast/FCRE-data.git
   5fd2984..db50250  mia-logs -> mia-logs
+ echo '[post-receive] Sync complete for mia-logs.'
[post-receive] Sync complete for mia-logs.
+ exec
+ read oldrev newrev refname
+ WORKDIR_BASE=/data
+ echo '[post-receive] Starting sync task...'
[post-receive] Starting sync task...
+ read oldrev newrev refname
+ [[ refs/heads/mia-logs =~ ^refs/heads/ ]]
+ branch=mia-logs
+ echo '[post-receive] Processing branch: mia-logs'
[post-receive] Processing branch: mia-logs
+ WORKDIR=/data/mia-logs
+ LOCKFILE=/tmp/git-post-receive-mia-logs.lock
+ exec
+ flock -x 9
+ echo '[post-receive] Acquired lock for mia-logs'
[post-receive] Acquired lock for mia-logs
+ '[' '!' -d /data/mia-logs/.git ']'
+ echo '[post-receive] WORKDIR already exists.'
[post-receive] WORKDIR already exists.
+ cd /data/mia-logs
+ unset GIT_DIR
+ unset GIT_WORK_TREE
+ git checkout mia-logs
Already on 'mia-logs'
Your branch is up to date with 'origin/mia-logs'.
+ git fetch origin
From /data/fcre-data-exp-worktree
   db50250..b77bafc  mia-logs   -> origin/mia-logs
+ git reset --hard origin/mia-logs
HEAD is now at b77bafc Wed 2025-09-17 21:09:46 EDT
+ git push github mia-logs
To github.com:FLARE-forecast/FCRE-data.git
   db50250..b77bafc  mia-logs -> mia-logs
+ echo '[post-receive] Sync complete for mia-logs.'
[post-receive] Sync complete for mia-logs.
+ exec
+ read oldrev newrev refname
+ WORKDIR_BASE=/data
+ echo '[post-receive] Starting sync task...'
[post-receive] Starting sync task...
+ read oldrev newrev refname
+ [[ refs/heads/mia-logs =~ ^refs/heads/ ]]
+ branch=mia-logs
+ echo '[post-receive] Processing branch: mia-logs'
[post-receive] Processing branch: mia-logs
+ WORKDIR=/data/mia-logs
+ LOCKFILE=/tmp/git-post-receive-mia-logs.lock
+ exec
+ flock -x 9
+ echo '[post-receive] Acquired lock for mia-logs'
[post-receive] Acquired lock for mia-logs
+ '[' '!' -d /data/mia-logs/.git ']'
+ echo '[post-receive] WORKDIR already exists.'
[post-receive] WORKDIR already exists.
+ cd /data/mia-logs
+ unset GIT_DIR
+ unset GIT_WORK_TREE
+ git checkout mia-logs
Already on 'mia-logs'
Your branch is up to date with 'origin/mia-logs'.
+ git fetch origin
From /data/fcre-data-exp-worktree
   b77bafc..ea7b029  mia-logs   -> origin/mia-logs
+ git reset --hard origin/mia-logs
HEAD is now at ea7b029 Wed 2025-09-17 21:09:57 EDT
+ git push github mia-logs
To github.com:FLARE-forecast/FCRE-data.git
   b77bafc..ea7b029  mia-logs -> mia-logs
+ echo '[post-receive] Sync complete for mia-logs.'
[post-receive] Sync complete for mia-logs.
+ exec
+ read oldrev newrev refname
+ WORKDIR_BASE=/data
+ echo '[post-receive] Starting sync task...'
[post-receive] Starting sync task...
+ read oldrev newrev refname
+ [[ refs/heads/mia-logs =~ ^refs/heads/ ]]
+ branch=mia-logs
+ echo '[post-receive] Processing branch: mia-logs'
[post-receive] Processing branch: mia-logs
+ WORKDIR=/data/mia-logs
+ LOCKFILE=/tmp/git-post-receive-mia-logs.lock
+ exec
+ flock -x 9
+ echo '[post-receive] Acquired lock for mia-logs'
[post-receive] Acquired lock for mia-logs
+ '[' '!' -d /data/mia-logs/.git ']'
+ echo '[post-receive] WORKDIR already exists.'
[post-receive] WORKDIR already exists.
+ cd /data/mia-logs
+ unset GIT_DIR
+ unset GIT_WORK_TREE
+ git checkout mia-logs
Already on 'mia-logs'
Your branch is up to date with 'origin/mia-logs'.
+ git fetch origin
From /data/fcre-data-exp-worktree
   ea7b029..3e28dd0  mia-logs   -> origin/mia-logs
+ git reset --hard origin/mia-logs
HEAD is now at 3e28dd0 Thu 2025-09-18 01:19:46 EDT
+ git push github mia-logs
To github.com:FLARE-forecast/FCRE-data.git
   ea7b029..3e28dd0  mia-logs -> mia-logs
+ echo '[post-receive] Sync complete for mia-logs.'
[post-receive] Sync complete for mia-logs.
+ exec
+ read oldrev newrev refname
+ WORKDIR_BASE=/data
+ echo '[post-receive] Starting sync task...'
[post-receive] Starting sync task...
+ read oldrev newrev refname
+ [[ refs/heads/mia-logs =~ ^refs/heads/ ]]
+ branch=mia-logs
+ echo '[post-receive] Processing branch: mia-logs'
[post-receive] Processing branch: mia-logs
+ WORKDIR=/data/mia-logs
+ LOCKFILE=/tmp/git-post-receive-mia-logs.lock
+ exec
+ flock -x 9
+ echo '[post-receive] Acquired lock for mia-logs'
[post-receive] Acquired lock for mia-logs
+ '[' '!' -d /data/mia-logs/.git ']'
+ echo '[post-receive] WORKDIR already exists.'
[post-receive] WORKDIR already exists.
+ cd /data/mia-logs
+ unset GIT_DIR
+ unset GIT_WORK_TREE
+ git checkout mia-logs
Already on 'mia-logs'
Your branch is up to date with 'origin/mia-logs'.
+ git fetch origin
From /data/fcre-data-exp-worktree
   3e28dd0..a070f96  mia-logs   -> origin/mia-logs
+ git reset --hard origin/mia-logs
HEAD is now at a070f96 Thu 2025-09-18 01:19:58 EDT
+ git push github mia-logs
To github.com:FLARE-forecast/FCRE-data.git
   3e28dd0..a070f96  mia-logs -> mia-logs
+ echo '[post-receive] Sync complete for mia-logs.'
[post-receive] Sync complete for mia-logs.
+ exec
+ read oldrev newrev refname
+ WORKDIR_BASE=/data
+ echo '[post-receive] Starting sync task...'
[post-receive] Starting sync task...
+ read oldrev newrev refname
+ [[ refs/heads/mia-logs =~ ^refs/heads/ ]]
+ branch=mia-logs
+ echo '[post-receive] Processing branch: mia-logs'
[post-receive] Processing branch: mia-logs
+ WORKDIR=/data/mia-logs
+ LOCKFILE=/tmp/git-post-receive-mia-logs.lock
+ exec
+ flock -x 9
+ echo '[post-receive] Acquired lock for mia-logs'
[post-receive] Acquired lock for mia-logs
+ '[' '!' -d /data/mia-logs/.git ']'
+ echo '[post-receive] WORKDIR already exists.'
[post-receive] WORKDIR already exists.
+ cd /data/mia-logs
+ unset GIT_DIR
+ unset GIT_WORK_TREE
+ git checkout mia-logs
Already on 'mia-logs'
Your branch is up to date with 'origin/mia-logs'.
+ git fetch origin
From /data/fcre-data-exp-worktree
   a070f96..ffc8fbf  mia-logs   -> origin/mia-logs
+ git reset --hard origin/mia-logs
HEAD is now at ffc8fbf Thu 2025-09-18 07:04:47 EDT
+ git push github mia-logs
To github.com:FLARE-forecast/FCRE-data.git
   a070f96..ffc8fbf  mia-logs -> mia-logs
+ echo '[post-receive] Sync complete for mia-logs.'
[post-receive] Sync complete for mia-logs.
+ exec
+ read oldrev newrev refname
+ WORKDIR_BASE=/data
+ echo '[post-receive] Starting sync task...'
[post-receive] Starting sync task...
+ read oldrev newrev refname
+ [[ refs/heads/mia-logs =~ ^refs/heads/ ]]
+ branch=mia-logs
+ echo '[post-receive] Processing branch: mia-logs'
[post-receive] Processing branch: mia-logs
+ WORKDIR=/data/mia-logs
+ LOCKFILE=/tmp/git-post-receive-mia-logs.lock
+ exec
+ flock -x 9
+ echo '[post-receive] Acquired lock for mia-logs'
[post-receive] Acquired lock for mia-logs
+ '[' '!' -d /data/mia-logs/.git ']'
+ echo '[post-receive] WORKDIR already exists.'
[post-receive] WORKDIR already exists.
+ cd /data/mia-logs
+ unset GIT_DIR
+ unset GIT_WORK_TREE
+ git checkout mia-logs
Already on 'mia-logs'
Your branch is up to date with 'origin/mia-logs'.
+ git fetch origin
From /data/fcre-data-exp-worktree
   ffc8fbf..525933b  mia-logs   -> origin/mia-logs
+ git reset --hard origin/mia-logs
HEAD is now at 525933b Thu 2025-09-18 07:05:01 EDT
+ git push github mia-logs
To github.com:FLARE-forecast/FCRE-data.git
   ffc8fbf..525933b  mia-logs -> mia-logs
+ echo '[post-receive] Sync complete for mia-logs.'
[post-receive] Sync complete for mia-logs.
+ exec
+ read oldrev newrev refname
+ WORKDIR_BASE=/data
+ echo '[post-receive] Starting sync task...'
[post-receive] Starting sync task...
+ read oldrev newrev refname
+ [[ refs/heads/mia-logs =~ ^refs/heads/ ]]
+ branch=mia-logs
+ echo '[post-receive] Processing branch: mia-logs'
[post-receive] Processing branch: mia-logs
+ WORKDIR=/data/mia-logs
+ LOCKFILE=/tmp/git-post-receive-mia-logs.lock
+ exec
+ flock -x 9
+ echo '[post-receive] Acquired lock for mia-logs'
[post-receive] Acquired lock for mia-logs
+ '[' '!' -d /data/mia-logs/.git ']'
+ echo '[post-receive] WORKDIR already exists.'
[post-receive] WORKDIR already exists.
+ cd /data/mia-logs
+ unset GIT_DIR
+ unset GIT_WORK_TREE
+ git checkout mia-logs
Already on 'mia-logs'
Your branch is up to date with 'origin/mia-logs'.
+ git fetch origin
From /data/fcre-data-exp-worktree
   525933b..7959613  mia-logs   -> origin/mia-logs
+ git reset --hard origin/mia-logs
HEAD is now at 7959613 Thu 2025-09-18 11:09:45 EDT
+ git push github mia-logs
To github.com:FLARE-forecast/FCRE-data.git
   525933b..7959613  mia-logs -> mia-logs
+ echo '[post-receive] Sync complete for mia-logs.'
[post-receive] Sync complete for mia-logs.
+ exec
+ read oldrev newrev refname
+ WORKDIR_BASE=/data
+ echo '[post-receive] Starting sync task...'
[post-receive] Starting sync task...
+ read oldrev newrev refname
+ [[ refs/heads/mia-logs =~ ^refs/heads/ ]]
+ branch=mia-logs
+ echo '[post-receive] Processing branch: mia-logs'
[post-receive] Processing branch: mia-logs
+ WORKDIR=/data/mia-logs
+ LOCKFILE=/tmp/git-post-receive-mia-logs.lock
+ exec
+ flock -x 9
+ echo '[post-receive] Acquired lock for mia-logs'
[post-receive] Acquired lock for mia-logs
+ '[' '!' -d /data/mia-logs/.git ']'
+ echo '[post-receive] WORKDIR already exists.'
[post-receive] WORKDIR already exists.
+ cd /data/mia-logs
+ unset GIT_DIR
+ unset GIT_WORK_TREE
+ git checkout mia-logs
Already on 'mia-logs'
Your branch is up to date with 'origin/mia-logs'.
+ git fetch origin
From /data/fcre-data-exp-worktree
   7959613..558a944  mia-logs   -> origin/mia-logs
+ git reset --hard origin/mia-logs
HEAD is now at 558a944 Thu 2025-09-18 11:09:59 EDT
+ git push github mia-logs
To github.com:FLARE-forecast/FCRE-data.git
   7959613..558a944  mia-logs -> mia-logs
+ echo '[post-receive] Sync complete for mia-logs.'
[post-receive] Sync complete for mia-logs.
+ exec
+ read oldrev newrev refname
+ WORKDIR_BASE=/data
+ echo '[post-receive] Starting sync task...'
[post-receive] Starting sync task...
+ read oldrev newrev refname
+ [[ refs/heads/mia-logs =~ ^refs/heads/ ]]
+ branch=mia-logs
+ echo '[post-receive] Processing branch: mia-logs'
[post-receive] Processing branch: mia-logs
+ WORKDIR=/data/mia-logs
+ LOCKFILE=/tmp/git-post-receive-mia-logs.lock
+ exec
+ flock -x 9
+ echo '[post-receive] Acquired lock for mia-logs'
[post-receive] Acquired lock for mia-logs
+ '[' '!' -d /data/mia-logs/.git ']'
+ echo '[post-receive] WORKDIR already exists.'
[post-receive] WORKDIR already exists.
+ cd /data/mia-logs
+ unset GIT_DIR
+ unset GIT_WORK_TREE
+ git checkout mia-logs
Already on 'mia-logs'
Your branch is up to date with 'origin/mia-logs'.
+ git fetch origin
From /data/fcre-data-exp-worktree
   558a944..5046bf2  mia-logs   -> origin/mia-logs
+ git reset --hard origin/mia-logs
HEAD is now at 5046bf2 Thu 2025-09-18 13:09:47 EDT
+ git push github mia-logs
To github.com:FLARE-forecast/FCRE-data.git
   558a944..5046bf2  mia-logs -> mia-logs
+ echo '[post-receive] Sync complete for mia-logs.'
[post-receive] Sync complete for mia-logs.
+ exec
+ read oldrev newrev refname
+ WORKDIR_BASE=/data
+ echo '[post-receive] Starting sync task...'
[post-receive] Starting sync task...
+ read oldrev newrev refname
+ [[ refs/heads/mia-logs =~ ^refs/heads/ ]]
+ branch=mia-logs
+ echo '[post-receive] Processing branch: mia-logs'
[post-receive] Processing branch: mia-logs
+ WORKDIR=/data/mia-logs
+ LOCKFILE=/tmp/git-post-receive-mia-logs.lock
+ exec
+ flock -x 9
+ echo '[post-receive] Acquired lock for mia-logs'
[post-receive] Acquired lock for mia-logs
+ '[' '!' -d /data/mia-logs/.git ']'
+ echo '[post-receive] WORKDIR already exists.'
[post-receive] WORKDIR already exists.
+ cd /data/mia-logs
+ unset GIT_DIR
+ unset GIT_WORK_TREE
+ git checkout mia-logs
Already on 'mia-logs'
Your branch is up to date with 'origin/mia-logs'.
+ git fetch origin
From /data/fcre-data-exp-worktree
   5046bf2..d1aa991  mia-logs   -> origin/mia-logs
+ git reset --hard origin/mia-logs
HEAD is now at d1aa991 Thu 2025-09-18 13:10:01 EDT
+ git push github mia-logs
To github.com:FLARE-forecast/FCRE-data.git
   5046bf2..d1aa991  mia-logs -> mia-logs
+ echo '[post-receive] Sync complete for mia-logs.'
[post-receive] Sync complete for mia-logs.
+ exec
+ read oldrev newrev refname
+ WORKDIR_BASE=/data
+ echo '[post-receive] Starting sync task...'
[post-receive] Starting sync task...
+ read oldrev newrev refname
+ [[ refs/heads/mia-logs =~ ^refs/heads/ ]]
+ branch=mia-logs
+ echo '[post-receive] Processing branch: mia-logs'
[post-receive] Processing branch: mia-logs
+ WORKDIR=/data/mia-logs
+ LOCKFILE=/tmp/git-post-receive-mia-logs.lock
+ exec
+ flock -x 9
+ echo '[post-receive] Acquired lock for mia-logs'
[post-receive] Acquired lock for mia-logs
+ '[' '!' -d /data/mia-logs/.git ']'
+ echo '[post-receive] WORKDIR already exists.'
[post-receive] WORKDIR already exists.
+ cd /data/mia-logs
+ unset GIT_DIR
+ unset GIT_WORK_TREE
+ git checkout mia-logs
Already on 'mia-logs'
Your branch is up to date with 'origin/mia-logs'.
+ git fetch origin
From /data/fcre-data-exp-worktree
   d1aa991..985f2cf  mia-logs   -> origin/mia-logs
+ git reset --hard origin/mia-logs
HEAD is now at 985f2cf Thu 2025-09-18 15:19:47 EDT
+ git push github mia-logs
To github.com:FLARE-forecast/FCRE-data.git
   d1aa991..985f2cf  mia-logs -> mia-logs
+ echo '[post-receive] Sync complete for mia-logs.'
[post-receive] Sync complete for mia-logs.
+ exec
+ read oldrev newrev refname
+ WORKDIR_BASE=/data
+ echo '[post-receive] Starting sync task...'
[post-receive] Starting sync task...
+ read oldrev newrev refname
+ [[ refs/heads/mia-logs =~ ^refs/heads/ ]]
+ branch=mia-logs
+ echo '[post-receive] Processing branch: mia-logs'
[post-receive] Processing branch: mia-logs
+ WORKDIR=/data/mia-logs
+ LOCKFILE=/tmp/git-post-receive-mia-logs.lock
+ exec
+ flock -x 9
+ echo '[post-receive] Acquired lock for mia-logs'
[post-receive] Acquired lock for mia-logs
+ '[' '!' -d /data/mia-logs/.git ']'
+ echo '[post-receive] WORKDIR already exists.'
[post-receive] WORKDIR already exists.
+ cd /data/mia-logs
+ unset GIT_DIR
+ unset GIT_WORK_TREE
+ git checkout mia-logs
Already on 'mia-logs'
Your branch is up to date with 'origin/mia-logs'.
+ git fetch origin
From /data/fcre-data-exp-worktree
   985f2cf..1b71141  mia-logs   -> origin/mia-logs
+ git reset --hard origin/mia-logs
HEAD is now at 1b71141 Thu 2025-09-18 15:20:01 EDT
+ git push github mia-logs
To github.com:FLARE-forecast/FCRE-data.git
   985f2cf..1b71141  mia-logs -> mia-logs
+ echo '[post-receive] Sync complete for mia-logs.'
[post-receive] Sync complete for mia-logs.
+ exec
+ read oldrev newrev refname
+ WORKDIR_BASE=/data
+ echo '[post-receive] Starting sync task...'
[post-receive] Starting sync task...
+ read oldrev newrev refname
+ [[ refs/heads/mia-logs =~ ^refs/heads/ ]]
+ branch=mia-logs
+ echo '[post-receive] Processing branch: mia-logs'
[post-receive] Processing branch: mia-logs
+ WORKDIR=/data/mia-logs
+ LOCKFILE=/tmp/git-post-receive-mia-logs.lock
+ exec
+ flock -x 9
+ echo '[post-receive] Acquired lock for mia-logs'
[post-receive] Acquired lock for mia-logs
+ '[' '!' -d /data/mia-logs/.git ']'
+ echo '[post-receive] WORKDIR already exists.'
[post-receive] WORKDIR already exists.
+ cd /data/mia-logs
+ unset GIT_DIR
+ unset GIT_WORK_TREE
+ git checkout mia-logs
Already on 'mia-logs'
Your branch is up to date with 'origin/mia-logs'.
+ git fetch origin
From /data/fcre-data-exp-worktree
   1b71141..16bcbe9  mia-logs   -> origin/mia-logs
+ git reset --hard origin/mia-logs
HEAD is now at 16bcbe9 Thu 2025-09-18 21:09:48 EDT
+ git push github mia-logs
To github.com:FLARE-forecast/FCRE-data.git
   1b71141..16bcbe9  mia-logs -> mia-logs
+ echo '[post-receive] Sync complete for mia-logs.'
[post-receive] Sync complete for mia-logs.
+ exec
+ read oldrev newrev refname
+ WORKDIR_BASE=/data
+ echo '[post-receive] Starting sync task...'
[post-receive] Starting sync task...
+ read oldrev newrev refname
+ [[ refs/heads/mia-logs =~ ^refs/heads/ ]]
+ branch=mia-logs
+ echo '[post-receive] Processing branch: mia-logs'
[post-receive] Processing branch: mia-logs
+ WORKDIR=/data/mia-logs
+ LOCKFILE=/tmp/git-post-receive-mia-logs.lock
+ exec
+ flock -x 9
+ echo '[post-receive] Acquired lock for mia-logs'
[post-receive] Acquired lock for mia-logs
+ '[' '!' -d /data/mia-logs/.git ']'
+ echo '[post-receive] WORKDIR already exists.'
[post-receive] WORKDIR already exists.
+ cd /data/mia-logs
+ unset GIT_DIR
+ unset GIT_WORK_TREE
+ git checkout mia-logs
Already on 'mia-logs'
Your branch is up to date with 'origin/mia-logs'.
+ git fetch origin
From /data/fcre-data-exp-worktree
   16bcbe9..257adab  mia-logs   -> origin/mia-logs
+ git reset --hard origin/mia-logs
HEAD is now at 257adab Thu 2025-09-18 21:10:03 EDT
+ git push github mia-logs
To github.com:FLARE-forecast/FCRE-data.git
   16bcbe9..257adab  mia-logs -> mia-logs
+ echo '[post-receive] Sync complete for mia-logs.'
[post-receive] Sync complete for mia-logs.
+ exec
+ read oldrev newrev refname
+ WORKDIR_BASE=/data
+ echo '[post-receive] Starting sync task...'
[post-receive] Starting sync task...
+ read oldrev newrev refname
+ [[ refs/heads/mia-logs =~ ^refs/heads/ ]]
+ branch=mia-logs
+ echo '[post-receive] Processing branch: mia-logs'
[post-receive] Processing branch: mia-logs
+ WORKDIR=/data/mia-logs
+ LOCKFILE=/tmp/git-post-receive-mia-logs.lock
+ exec
+ flock -x 9
+ echo '[post-receive] Acquired lock for mia-logs'
[post-receive] Acquired lock for mia-logs
+ '[' '!' -d /data/mia-logs/.git ']'
+ echo '[post-receive] WORKDIR already exists.'
[post-receive] WORKDIR already exists.
+ cd /data/mia-logs
+ unset GIT_DIR
+ unset GIT_WORK_TREE
+ git checkout mia-logs
Already on 'mia-logs'
Your branch is up to date with 'origin/mia-logs'.
+ git fetch origin
From /data/fcre-data-exp-worktree
   257adab..26bef73  mia-logs   -> origin/mia-logs
+ git reset --hard origin/mia-logs
HEAD is now at 26bef73 Fri 2025-09-19 01:19:47 EDT
+ git push github mia-logs
To github.com:FLARE-forecast/FCRE-data.git
   257adab..26bef73  mia-logs -> mia-logs
+ echo '[post-receive] Sync complete for mia-logs.'
[post-receive] Sync complete for mia-logs.
+ exec
+ read oldrev newrev refname
+ WORKDIR_BASE=/data
+ echo '[post-receive] Starting sync task...'
[post-receive] Starting sync task...
+ read oldrev newrev refname
+ [[ refs/heads/mia-logs =~ ^refs/heads/ ]]
+ branch=mia-logs
+ echo '[post-receive] Processing branch: mia-logs'
[post-receive] Processing branch: mia-logs
+ WORKDIR=/data/mia-logs
+ LOCKFILE=/tmp/git-post-receive-mia-logs.lock
+ exec
+ flock -x 9
+ echo '[post-receive] Acquired lock for mia-logs'
[post-receive] Acquired lock for mia-logs
+ '[' '!' -d /data/mia-logs/.git ']'
+ echo '[post-receive] WORKDIR already exists.'
[post-receive] WORKDIR already exists.
+ cd /data/mia-logs
+ unset GIT_DIR
+ unset GIT_WORK_TREE
+ git checkout mia-logs
Already on 'mia-logs'
Your branch is up to date with 'origin/mia-logs'.
+ git fetch origin
From /data/fcre-data-exp-worktree
   26bef73..9861f98  mia-logs   -> origin/mia-logs
+ git reset --hard origin/mia-logs
HEAD is now at 9861f98 Fri 2025-09-19 01:20:01 EDT
+ git push github mia-logs
To github.com:FLARE-forecast/FCRE-data.git
   26bef73..9861f98  mia-logs -> mia-logs
+ echo '[post-receive] Sync complete for mia-logs.'
[post-receive] Sync complete for mia-logs.
+ exec
+ read oldrev newrev refname
+ WORKDIR_BASE=/data
+ echo '[post-receive] Starting sync task...'
[post-receive] Starting sync task...
+ read oldrev newrev refname
+ [[ refs/heads/mia-logs =~ ^refs/heads/ ]]
+ branch=mia-logs
+ echo '[post-receive] Processing branch: mia-logs'
[post-receive] Processing branch: mia-logs
+ WORKDIR=/data/mia-logs
+ LOCKFILE=/tmp/git-post-receive-mia-logs.lock
+ exec
+ flock -x 9
+ echo '[post-receive] Acquired lock for mia-logs'
[post-receive] Acquired lock for mia-logs
+ '[' '!' -d /data/mia-logs/.git ']'
+ echo '[post-receive] WORKDIR already exists.'
[post-receive] WORKDIR already exists.
+ cd /data/mia-logs
+ unset GIT_DIR
+ unset GIT_WORK_TREE
+ git checkout mia-logs
Already on 'mia-logs'
Your branch is up to date with 'origin/mia-logs'.
+ git fetch origin
From /data/fcre-data-exp-worktree
   9861f98..0bdf231  mia-logs   -> origin/mia-logs
+ git reset --hard origin/mia-logs
HEAD is now at 0bdf231 Fri 2025-09-19 07:04:48 EDT
+ git push github mia-logs
To github.com:FLARE-forecast/FCRE-data.git
   9861f98..0bdf231  mia-logs -> mia-logs
+ echo '[post-receive] Sync complete for mia-logs.'
[post-receive] Sync complete for mia-logs.
+ exec
+ read oldrev newrev refname
+ WORKDIR_BASE=/data
+ echo '[post-receive] Starting sync task...'
[post-receive] Starting sync task...
+ read oldrev newrev refname
+ [[ refs/heads/mia-logs =~ ^refs/heads/ ]]
+ branch=mia-logs
+ echo '[post-receive] Processing branch: mia-logs'
[post-receive] Processing branch: mia-logs
+ WORKDIR=/data/mia-logs
+ LOCKFILE=/tmp/git-post-receive-mia-logs.lock
+ exec
+ flock -x 9
+ echo '[post-receive] Acquired lock for mia-logs'
[post-receive] Acquired lock for mia-logs
+ '[' '!' -d /data/mia-logs/.git ']'
+ echo '[post-receive] WORKDIR already exists.'
[post-receive] WORKDIR already exists.
+ cd /data/mia-logs
+ unset GIT_DIR
+ unset GIT_WORK_TREE
+ git checkout mia-logs
Already on 'mia-logs'
Your branch is up to date with 'origin/mia-logs'.
+ git fetch origin
From /data/fcre-data-exp-worktree
   0bdf231..7f8e7d0  mia-logs   -> origin/mia-logs
+ git reset --hard origin/mia-logs
HEAD is now at 7f8e7d0 Fri 2025-09-19 07:05:02 EDT
+ git push github mia-logs
To github.com:FLARE-forecast/FCRE-data.git
   0bdf231..7f8e7d0  mia-logs -> mia-logs
+ echo '[post-receive] Sync complete for mia-logs.'
[post-receive] Sync complete for mia-logs.
+ exec
+ read oldrev newrev refname
+ WORKDIR_BASE=/data
+ echo '[post-receive] Starting sync task...'
[post-receive] Starting sync task...
+ read oldrev newrev refname
+ [[ refs/heads/mia-logs =~ ^refs/heads/ ]]
+ branch=mia-logs
+ echo '[post-receive] Processing branch: mia-logs'
[post-receive] Processing branch: mia-logs
+ WORKDIR=/data/mia-logs
+ LOCKFILE=/tmp/git-post-receive-mia-logs.lock
+ exec
+ flock -x 9
+ echo '[post-receive] Acquired lock for mia-logs'
[post-receive] Acquired lock for mia-logs
+ '[' '!' -d /data/mia-logs/.git ']'
+ echo '[post-receive] WORKDIR already exists.'
[post-receive] WORKDIR already exists.
+ cd /data/mia-logs
+ unset GIT_DIR
+ unset GIT_WORK_TREE
+ git checkout mia-logs
Already on 'mia-logs'
Your branch is up to date with 'origin/mia-logs'.
+ git fetch origin
From /data/fcre-data-exp-worktree
   7f8e7d0..fcbc887  mia-logs   -> origin/mia-logs
+ git reset --hard origin/mia-logs
HEAD is now at fcbc887 Fri 2025-09-19 11:09:48 EDT
+ git push github mia-logs
To github.com:FLARE-forecast/FCRE-data.git
   7f8e7d0..fcbc887  mia-logs -> mia-logs
+ echo '[post-receive] Sync complete for mia-logs.'
[post-receive] Sync complete for mia-logs.
+ exec
+ read oldrev newrev refname
+ WORKDIR_BASE=/data
+ echo '[post-receive] Starting sync task...'
[post-receive] Starting sync task...
+ read oldrev newrev refname
+ [[ refs/heads/mia-logs =~ ^refs/heads/ ]]
+ branch=mia-logs
+ echo '[post-receive] Processing branch: mia-logs'
[post-receive] Processing branch: mia-logs
+ WORKDIR=/data/mia-logs
+ LOCKFILE=/tmp/git-post-receive-mia-logs.lock
+ exec
+ flock -x 9
+ echo '[post-receive] Acquired lock for mia-logs'
[post-receive] Acquired lock for mia-logs
+ '[' '!' -d /data/mia-logs/.git ']'
+ echo '[post-receive] WORKDIR already exists.'
[post-receive] WORKDIR already exists.
+ cd /data/mia-logs
+ unset GIT_DIR
+ unset GIT_WORK_TREE
+ git checkout mia-logs
Already on 'mia-logs'
Your branch is up to date with 'origin/mia-logs'.
+ git fetch origin
From /data/fcre-data-exp-worktree
   fcbc887..9dbc640  mia-logs   -> origin/mia-logs
+ git reset --hard origin/mia-logs
HEAD is now at 9dbc640 Fri 2025-09-19 11:10:02 EDT
+ git push github mia-logs
To github.com:FLARE-forecast/FCRE-data.git
   fcbc887..9dbc640  mia-logs -> mia-logs
+ echo '[post-receive] Sync complete for mia-logs.'
[post-receive] Sync complete for mia-logs.
+ exec
+ read oldrev newrev refname
+ WORKDIR_BASE=/data
+ echo '[post-receive] Starting sync task...'
[post-receive] Starting sync task...
+ read oldrev newrev refname
+ [[ refs/heads/mia-logs =~ ^refs/heads/ ]]
+ branch=mia-logs
+ echo '[post-receive] Processing branch: mia-logs'
[post-receive] Processing branch: mia-logs
+ WORKDIR=/data/mia-logs
+ LOCKFILE=/tmp/git-post-receive-mia-logs.lock
+ exec
+ flock -x 9
+ echo '[post-receive] Acquired lock for mia-logs'
[post-receive] Acquired lock for mia-logs
+ '[' '!' -d /data/mia-logs/.git ']'
+ echo '[post-receive] WORKDIR already exists.'
[post-receive] WORKDIR already exists.
+ cd /data/mia-logs
+ unset GIT_DIR
+ unset GIT_WORK_TREE
+ git checkout mia-logs
Already on 'mia-logs'
Your branch is up to date with 'origin/mia-logs'.
+ git fetch origin
From /data/fcre-data-exp-worktree
   9dbc640..43071bb  mia-logs   -> origin/mia-logs
+ git reset --hard origin/mia-logs
HEAD is now at 43071bb Fri 2025-09-19 13:09:48 EDT
+ git push github mia-logs
To github.com:FLARE-forecast/FCRE-data.git
   9dbc640..43071bb  mia-logs -> mia-logs
+ echo '[post-receive] Sync complete for mia-logs.'
[post-receive] Sync complete for mia-logs.
+ exec
+ read oldrev newrev refname
+ WORKDIR_BASE=/data
+ echo '[post-receive] Starting sync task...'
[post-receive] Starting sync task...
+ read oldrev newrev refname
+ [[ refs/heads/mia-logs =~ ^refs/heads/ ]]
+ branch=mia-logs
+ echo '[post-receive] Processing branch: mia-logs'
[post-receive] Processing branch: mia-logs
+ WORKDIR=/data/mia-logs
+ LOCKFILE=/tmp/git-post-receive-mia-logs.lock
+ exec
+ flock -x 9
+ echo '[post-receive] Acquired lock for mia-logs'
[post-receive] Acquired lock for mia-logs
+ '[' '!' -d /data/mia-logs/.git ']'
+ echo '[post-receive] WORKDIR already exists.'
[post-receive] WORKDIR already exists.
+ cd /data/mia-logs
+ unset GIT_DIR
+ unset GIT_WORK_TREE
+ git checkout mia-logs
Already on 'mia-logs'
Your branch is up to date with 'origin/mia-logs'.
+ git fetch origin
From /data/fcre-data-exp-worktree
   43071bb..7d5fe14  mia-logs   -> origin/mia-logs
+ git reset --hard origin/mia-logs
HEAD is now at 7d5fe14 manual fix
+ git push github mia-logs
To github.com:FLARE-forecast/FCRE-data.git
   43071bb..7d5fe14  mia-logs -> mia-logs
+ echo '[post-receive] Sync complete for mia-logs.'
[post-receive] Sync complete for mia-logs.
+ exec
+ read oldrev newrev refname
+ WORKDIR_BASE=/data
+ echo '[post-receive] Starting sync task...'
[post-receive] Starting sync task...
+ read oldrev newrev refname
+ [[ refs/heads/fcre-weir-data =~ ^refs/heads/ ]]
+ branch=fcre-weir-data
+ echo '[post-receive] Processing branch: fcre-weir-data'
[post-receive] Processing branch: fcre-weir-data
+ WORKDIR=/data/fcre-weir-data
+ LOCKFILE=/tmp/git-post-receive-fcre-weir-data.lock
+ exec
+ flock -x 9
+ echo '[post-receive] Acquired lock for fcre-weir-data'
[post-receive] Acquired lock for fcre-weir-data
+ '[' '!' -d /data/fcre-weir-data/.git ']'
+ echo '[post-receive] WORKDIR already exists.'
[post-receive] WORKDIR already exists.
+ cd /data/fcre-weir-data
+ unset GIT_DIR
+ unset GIT_WORK_TREE
+ git checkout fcre-weir-data
Already on 'fcre-weir-data'
Your branch is up to date with 'origin/fcre-weir-data'.
+ git fetch origin
From /data/fcre-data-exp-worktree
   92d8c14..f5584f4  fcre-weir-data -> origin/fcre-weir-data
   10a227c..7d5fe14  mia-logs       -> origin/mia-logs
+ git reset --hard origin/fcre-weir-data
HEAD is now at f5584f4 Mon 2025-09-22 13:28:23 EST
+ git push github fcre-weir-data
To github.com:FLARE-forecast/FCRE-data.git
   92d8c14..f5584f4  fcre-weir-data -> fcre-weir-data
+ echo '[post-receive] Sync complete for fcre-weir-data.'
[post-receive] Sync complete for fcre-weir-data.
+ exec
+ read oldrev newrev refname
+ WORKDIR_BASE=/data
+ echo '[post-receive] Starting sync task...'
[post-receive] Starting sync task...
+ read oldrev newrev refname
+ [[ refs/heads/mia-logs =~ ^refs/heads/ ]]
+ branch=mia-logs
+ echo '[post-receive] Processing branch: mia-logs'
[post-receive] Processing branch: mia-logs
+ WORKDIR=/data/mia-logs
+ LOCKFILE=/tmp/git-post-receive-mia-logs.lock
+ exec
+ flock -x 9
+ echo '[post-receive] Acquired lock for mia-logs'
[post-receive] Acquired lock for mia-logs
+ '[' '!' -d /data/mia-logs/.git ']'
+ echo '[post-receive] WORKDIR already exists.'
[post-receive] WORKDIR already exists.
+ cd /data/mia-logs
+ unset GIT_DIR
+ unset GIT_WORK_TREE
+ git checkout mia-logs
Already on 'mia-logs'
Your branch is up to date with 'origin/mia-logs'.
+ git fetch origin
From /data/fcre-data-exp-worktree
   7d5fe14..33e712b  mia-logs       -> origin/mia-logs
   92d8c14..f5584f4  fcre-weir-data -> origin/fcre-weir-data
+ git reset --hard origin/mia-logs
HEAD is now at 33e712b Mon 2025-09-22 13:40:37 EST
+ git push github mia-logs
To github.com:FLARE-forecast/FCRE-data.git
   7d5fe14..33e712b  mia-logs -> mia-logs
+ echo '[post-receive] Sync complete for mia-logs.'
[post-receive] Sync complete for mia-logs.
+ exec
+ read oldrev newrev refname
+ WORKDIR_BASE=/data
+ echo '[post-receive] Starting sync task...'
[post-receive] Starting sync task...
+ read oldrev newrev refname
+ [[ refs/heads/fcre-weir-data =~ ^refs/heads/ ]]
+ branch=fcre-weir-data
+ echo '[post-receive] Processing branch: fcre-weir-data'
[post-receive] Processing branch: fcre-weir-data
+ WORKDIR=/data/fcre-weir-data
+ LOCKFILE=/tmp/git-post-receive-fcre-weir-data.lock
+ exec
+ flock -x 9
+ echo '[post-receive] Acquired lock for fcre-weir-data'
[post-receive] Acquired lock for fcre-weir-data
+ '[' '!' -d /data/fcre-weir-data/.git ']'
+ echo '[post-receive] WORKDIR already exists.'
[post-receive] WORKDIR already exists.
+ cd /data/fcre-weir-data
+ unset GIT_DIR
+ unset GIT_WORK_TREE
+ git checkout fcre-weir-data
Already on 'fcre-weir-data'
Your branch is up to date with 'origin/fcre-weir-data'.
+ git fetch origin
From /data/fcre-data-exp-worktree
   f5584f4..b4f3f5a  fcre-weir-data -> origin/fcre-weir-data
   7d5fe14..33e712b  mia-logs       -> origin/mia-logs
+ git reset --hard origin/fcre-weir-data
HEAD is now at b4f3f5a Mon 2025-09-22 20:09:39 EST
+ git push github fcre-weir-data
To github.com:FLARE-forecast/FCRE-data.git
   f5584f4..b4f3f5a  fcre-weir-data -> fcre-weir-data
+ echo '[post-receive] Sync complete for fcre-weir-data.'
[post-receive] Sync complete for fcre-weir-data.
+ exec
+ read oldrev newrev refname
+ WORKDIR_BASE=/data
+ echo '[post-receive] Starting sync task...'
[post-receive] Starting sync task...
+ read oldrev newrev refname
+ [[ refs/heads/mia-logs =~ ^refs/heads/ ]]
+ branch=mia-logs
+ echo '[post-receive] Processing branch: mia-logs'
[post-receive] Processing branch: mia-logs
+ WORKDIR=/data/mia-logs
+ LOCKFILE=/tmp/git-post-receive-mia-logs.lock
+ exec
+ flock -x 9
+ echo '[post-receive] Acquired lock for mia-logs'
[post-receive] Acquired lock for mia-logs
+ '[' '!' -d /data/mia-logs/.git ']'
+ echo '[post-receive] WORKDIR already exists.'
[post-receive] WORKDIR already exists.
+ cd /data/mia-logs
+ unset GIT_DIR
+ unset GIT_WORK_TREE
+ git checkout mia-logs
Already on 'mia-logs'
Your branch is up to date with 'origin/mia-logs'.
+ git fetch origin
From /data/fcre-data-exp-worktree
   33e712b..b1948a5  mia-logs       -> origin/mia-logs
   f5584f4..b4f3f5a  fcre-weir-data -> origin/fcre-weir-data
+ git reset --hard origin/mia-logs
HEAD is now at b1948a5 Mon 2025-09-22 20:11:31 EST
+ git push github mia-logs
ssh: Could not resolve hostname github.com: Temporary failure in name resolution
fatal: Could not read from remote repository.

Please make sure you have the correct access rights
and the repository exists.
+ WORKDIR_BASE=/data
+ echo '[post-receive] Starting sync task...'
[post-receive] Starting sync task...
+ read oldrev newrev refname
+ [[ refs/heads/mia-logs =~ ^refs/heads/ ]]
+ branch=mia-logs
+ echo '[post-receive] Processing branch: mia-logs'
[post-receive] Processing branch: mia-logs
+ WORKDIR=/data/mia-logs
+ LOCKFILE=/tmp/git-post-receive-mia-logs.lock
+ exec
+ flock -x 9
+ echo '[post-receive] Acquired lock for mia-logs'
[post-receive] Acquired lock for mia-logs
+ '[' '!' -d /data/mia-logs/.git ']'
+ echo '[post-receive] WORKDIR already exists.'
[post-receive] WORKDIR already exists.
+ cd /data/mia-logs
+ unset GIT_DIR
+ unset GIT_WORK_TREE
+ git checkout mia-logs
Already on 'mia-logs'
Your branch is up to date with 'origin/mia-logs'.
+ git fetch origin
From /data/fcre-data-exp-worktree
   b1948a5..7e46158  mia-logs   -> origin/mia-logs
+ git reset --hard origin/mia-logs
HEAD is now at 7e46158 Mon 2025-09-22 20:14:36 EST
+ git push github mia-logs
To github.com:FLARE-forecast/FCRE-data.git
   33e712b..7e46158  mia-logs -> mia-logs
+ echo '[post-receive] Sync complete for mia-logs.'
[post-receive] Sync complete for mia-logs.
+ exec
+ read oldrev newrev refname
+ WORKDIR_BASE=/data
+ echo '[post-receive] Starting sync task...'
[post-receive] Starting sync task...
+ read oldrev newrev refname
+ [[ refs/heads/mia-logs =~ ^refs/heads/ ]]
+ branch=mia-logs
+ echo '[post-receive] Processing branch: mia-logs'
[post-receive] Processing branch: mia-logs
+ WORKDIR=/data/mia-logs
+ LOCKFILE=/tmp/git-post-receive-mia-logs.lock
+ exec
+ flock -x 9
+ echo '[post-receive] Acquired lock for mia-logs'
[post-receive] Acquired lock for mia-logs
+ '[' '!' -d /data/mia-logs/.git ']'
+ echo '[post-receive] WORKDIR already exists.'
[post-receive] WORKDIR already exists.
+ cd /data/mia-logs
+ unset GIT_DIR
+ unset GIT_WORK_TREE
+ git checkout mia-logs
Already on 'mia-logs'
Your branch is up to date with 'origin/mia-logs'.
+ git fetch origin
From /data/fcre-data-exp-worktree
   7e46158..8d115f1  mia-logs   -> origin/mia-logs
+ git reset --hard origin/mia-logs
HEAD is now at 8d115f1 Mon 2025-09-22 20:30:02 EST
+ git push github mia-logs
To github.com:FLARE-forecast/FCRE-data.git
   7e46158..8d115f1  mia-logs -> mia-logs
+ echo '[post-receive] Sync complete for mia-logs.'
[post-receive] Sync complete for mia-logs.
+ exec
+ read oldrev newrev refname
+ WORKDIR_BASE=/data
+ echo '[post-receive] Starting sync task...'
[post-receive] Starting sync task...
+ read oldrev newrev refname
+ [[ refs/heads/mia-logs =~ ^refs/heads/ ]]
+ branch=mia-logs
+ echo '[post-receive] Processing branch: mia-logs'
[post-receive] Processing branch: mia-logs
+ WORKDIR=/data/mia-logs
+ LOCKFILE=/tmp/git-post-receive-mia-logs.lock
+ exec
+ flock -x 9
+ echo '[post-receive] Acquired lock for mia-logs'
[post-receive] Acquired lock for mia-logs
+ '[' '!' -d /data/mia-logs/.git ']'
+ echo '[post-receive] WORKDIR already exists.'
[post-receive] WORKDIR already exists.
+ cd /data/mia-logs
+ unset GIT_DIR
+ unset GIT_WORK_TREE
+ git checkout mia-logs
Already on 'mia-logs'
Your branch is up to date with 'origin/mia-logs'.
+ git fetch origin
From /data/fcre-data-exp-worktree
   8d115f1..5b31aac  mia-logs   -> origin/mia-logs
+ git reset --hard origin/mia-logs
HEAD is now at 5b31aac Mon 2025-09-22 20:31:33 EST
+ git push github mia-logs
To github.com:FLARE-forecast/FCRE-data.git
   8d115f1..5b31aac  mia-logs -> mia-logs
+ echo '[post-receive] Sync complete for mia-logs.'
[post-receive] Sync complete for mia-logs.
+ exec
+ read oldrev newrev refname
+ WORKDIR_BASE=/data
+ echo '[post-receive] Starting sync task...'
[post-receive] Starting sync task...
+ read oldrev newrev refname
+ [[ refs/heads/fcre-weir-data =~ ^refs/heads/ ]]
+ branch=fcre-weir-data
+ echo '[post-receive] Processing branch: fcre-weir-data'
[post-receive] Processing branch: fcre-weir-data
+ WORKDIR=/data/fcre-weir-data
+ LOCKFILE=/tmp/git-post-receive-fcre-weir-data.lock
+ exec
+ flock -x 9
+ echo '[post-receive] Acquired lock for fcre-weir-data'
[post-receive] Acquired lock for fcre-weir-data
+ '[' '!' -d /data/fcre-weir-data/.git ']'
+ echo '[post-receive] WORKDIR already exists.'
[post-receive] WORKDIR already exists.
+ cd /data/fcre-weir-data
+ unset GIT_DIR
+ unset GIT_WORK_TREE
+ git checkout fcre-weir-data
Already on 'fcre-weir-data'
Your branch is up to date with 'origin/fcre-weir-data'.
+ git fetch origin
From /data/fcre-data-exp-worktree
   b4f3f5a..a2774c3  fcre-weir-data -> origin/fcre-weir-data
   33e712b..5b31aac  mia-logs       -> origin/mia-logs
+ git reset --hard origin/fcre-weir-data
HEAD is now at a2774c3 Tue 2025-09-23 00:19:39 EST
+ git push github fcre-weir-data
To github.com:FLARE-forecast/FCRE-data.git
   b4f3f5a..a2774c3  fcre-weir-data -> fcre-weir-data
+ echo '[post-receive] Sync complete for fcre-weir-data.'
[post-receive] Sync complete for fcre-weir-data.
+ exec
+ read oldrev newrev refname
+ WORKDIR_BASE=/data
+ echo '[post-receive] Starting sync task...'
[post-receive] Starting sync task...
+ read oldrev newrev refname
+ [[ refs/heads/mia-logs =~ ^refs/heads/ ]]
+ branch=mia-logs
+ echo '[post-receive] Processing branch: mia-logs'
[post-receive] Processing branch: mia-logs
+ WORKDIR=/data/mia-logs
+ LOCKFILE=/tmp/git-post-receive-mia-logs.lock
+ exec
+ flock -x 9
+ echo '[post-receive] Acquired lock for mia-logs'
[post-receive] Acquired lock for mia-logs
+ '[' '!' -d /data/mia-logs/.git ']'
+ echo '[post-receive] WORKDIR already exists.'
[post-receive] WORKDIR already exists.
+ cd /data/mia-logs
+ unset GIT_DIR
+ unset GIT_WORK_TREE
+ git checkout mia-logs
Already on 'mia-logs'
Your branch is up to date with 'origin/mia-logs'.
+ git fetch origin
From /data/fcre-data-exp-worktree
   5b31aac..38138c9  mia-logs       -> origin/mia-logs
   b4f3f5a..a2774c3  fcre-weir-data -> origin/fcre-weir-data
+ git reset --hard origin/mia-logs
HEAD is now at 38138c9 Tue 2025-09-23 00:19:48 EST
+ git push github mia-logs
To github.com:FLARE-forecast/FCRE-data.git
   5b31aac..38138c9  mia-logs -> mia-logs
+ echo '[post-receive] Sync complete for mia-logs.'
[post-receive] Sync complete for mia-logs.
+ exec
+ read oldrev newrev refname
+ WORKDIR_BASE=/data
+ echo '[post-receive] Starting sync task...'
[post-receive] Starting sync task...
+ read oldrev newrev refname
+ [[ refs/heads/mia-logs =~ ^refs/heads/ ]]
+ branch=mia-logs
+ echo '[post-receive] Processing branch: mia-logs'
[post-receive] Processing branch: mia-logs
+ WORKDIR=/data/mia-logs
+ LOCKFILE=/tmp/git-post-receive-mia-logs.lock
+ exec
+ flock -x 9
+ echo '[post-receive] Acquired lock for mia-logs'
[post-receive] Acquired lock for mia-logs
+ '[' '!' -d /data/mia-logs/.git ']'
+ echo '[post-receive] WORKDIR already exists.'
[post-receive] WORKDIR already exists.
+ cd /data/mia-logs
+ unset GIT_DIR
+ unset GIT_WORK_TREE
+ git checkout mia-logs
Already on 'mia-logs'
Your branch is up to date with 'origin/mia-logs'.
+ git fetch origin
From /data/fcre-data-exp-worktree
   38138c9..60b7c39  mia-logs   -> origin/mia-logs
+ git reset --hard origin/mia-logs
HEAD is now at 60b7c39 Tue 2025-09-23 00:20:19 EST
+ git push github mia-logs
To github.com:FLARE-forecast/FCRE-data.git
   38138c9..60b7c39  mia-logs -> mia-logs
+ echo '[post-receive] Sync complete for mia-logs.'
[post-receive] Sync complete for mia-logs.
+ exec
+ read oldrev newrev refname
+ WORKDIR_BASE=/data
+ echo '[post-receive] Starting sync task...'
[post-receive] Starting sync task...
+ read oldrev newrev refname
+ [[ refs/heads/mia-logs =~ ^refs/heads/ ]]
+ branch=mia-logs
+ echo '[post-receive] Processing branch: mia-logs'
[post-receive] Processing branch: mia-logs
+ WORKDIR=/data/mia-logs
+ LOCKFILE=/tmp/git-post-receive-mia-logs.lock
+ exec
+ flock -x 9
+ echo '[post-receive] Acquired lock for mia-logs'
[post-receive] Acquired lock for mia-logs
+ '[' '!' -d /data/mia-logs/.git ']'
+ echo '[post-receive] WORKDIR already exists.'
[post-receive] WORKDIR already exists.
+ cd /data/mia-logs
+ unset GIT_DIR
+ unset GIT_WORK_TREE
+ git checkout mia-logs
Already on 'mia-logs'
Your branch is up to date with 'origin/mia-logs'.
+ git fetch origin
From /data/fcre-data-exp-worktree
   60b7c39..4b17658  mia-logs   -> origin/mia-logs
+ git reset --hard origin/mia-logs
HEAD is now at 4b17658 Tue 2025-09-23 00:31:09 EST
+ git push github mia-logs
To github.com:FLARE-forecast/FCRE-data.git
   60b7c39..4b17658  mia-logs -> mia-logs
+ echo '[post-receive] Sync complete for mia-logs.'
[post-receive] Sync complete for mia-logs.
+ exec
+ read oldrev newrev refname
+ WORKDIR_BASE=/data
+ echo '[post-receive] Starting sync task...'
[post-receive] Starting sync task...
+ read oldrev newrev refname
+ [[ refs/heads/mia-logs =~ ^refs/heads/ ]]
+ branch=mia-logs
+ echo '[post-receive] Processing branch: mia-logs'
[post-receive] Processing branch: mia-logs
+ WORKDIR=/data/mia-logs
+ LOCKFILE=/tmp/git-post-receive-mia-logs.lock
+ exec
+ flock -x 9
+ echo '[post-receive] Acquired lock for mia-logs'
[post-receive] Acquired lock for mia-logs
+ '[' '!' -d /data/mia-logs/.git ']'
+ echo '[post-receive] WORKDIR already exists.'
[post-receive] WORKDIR already exists.
+ cd /data/mia-logs
+ unset GIT_DIR
+ unset GIT_WORK_TREE
+ git checkout mia-logs
Already on 'mia-logs'
Your branch is up to date with 'origin/mia-logs'.
+ git fetch origin
From /data/fcre-data-exp-worktree
   4b17658..7c4bfdd  mia-logs   -> origin/mia-logs
+ git reset --hard origin/mia-logs
HEAD is now at 7c4bfdd Tue 2025-09-23 00:36:04 EST
+ git push github mia-logs
To github.com:FLARE-forecast/FCRE-data.git
   4b17658..7c4bfdd  mia-logs -> mia-logs
+ echo '[post-receive] Sync complete for mia-logs.'
[post-receive] Sync complete for mia-logs.
+ exec
+ read oldrev newrev refname
+ WORKDIR_BASE=/data
+ echo '[post-receive] Starting sync task...'
[post-receive] Starting sync task...
+ read oldrev newrev refname
+ [[ refs/heads/mia-logs =~ ^refs/heads/ ]]
+ branch=mia-logs
+ echo '[post-receive] Processing branch: mia-logs'
[post-receive] Processing branch: mia-logs
+ WORKDIR=/data/mia-logs
+ LOCKFILE=/tmp/git-post-receive-mia-logs.lock
+ exec
+ flock -x 9
+ echo '[post-receive] Acquired lock for mia-logs'
[post-receive] Acquired lock for mia-logs
+ '[' '!' -d /data/mia-logs/.git ']'
+ echo '[post-receive] WORKDIR already exists.'
[post-receive] WORKDIR already exists.
+ cd /data/mia-logs
+ unset GIT_DIR
+ unset GIT_WORK_TREE
+ git checkout mia-logs
Already on 'mia-logs'
Your branch is up to date with 'origin/mia-logs'.
+ git fetch origin
From /data/fcre-data-exp-worktree
   7c4bfdd..c6dfcb6  mia-logs   -> origin/mia-logs
+ git reset --hard origin/mia-logs
HEAD is now at c6dfcb6 Tue 2025-09-23 06:07:00 EST
+ git push github mia-logs
ssh: Could not resolve hostname github.com: Temporary failure in name resolution
fatal: Could not read from remote repository.

Please make sure you have the correct access rights
and the repository exists.
+ WORKDIR_BASE=/data
+ echo '[post-receive] Starting sync task...'
[post-receive] Starting sync task...
+ read oldrev newrev refname
+ [[ refs/heads/fcre-weir-data =~ ^refs/heads/ ]]
+ branch=fcre-weir-data
+ echo '[post-receive] Processing branch: fcre-weir-data'
[post-receive] Processing branch: fcre-weir-data
+ WORKDIR=/data/fcre-weir-data
+ LOCKFILE=/tmp/git-post-receive-fcre-weir-data.lock
+ exec
+ flock -x 9
+ echo '[post-receive] Acquired lock for fcre-weir-data'
[post-receive] Acquired lock for fcre-weir-data
+ '[' '!' -d /data/fcre-weir-data/.git ']'
+ echo '[post-receive] WORKDIR already exists.'
[post-receive] WORKDIR already exists.
+ cd /data/fcre-weir-data
+ unset GIT_DIR
+ unset GIT_WORK_TREE
+ git checkout fcre-weir-data
Already on 'fcre-weir-data'
Your branch is up to date with 'origin/fcre-weir-data'.
+ git fetch origin
From /data/fcre-data-exp-worktree
   a2774c3..01847c8  fcre-weir-data -> origin/fcre-weir-data
   5b31aac..c6dfcb6  mia-logs       -> origin/mia-logs
+ git reset --hard origin/fcre-weir-data
HEAD is now at 01847c8 Tue 2025-09-23 06:04:41 EST
+ git push github fcre-weir-data
To github.com:FLARE-forecast/FCRE-data.git
   a2774c3..01847c8  fcre-weir-data -> fcre-weir-data
+ echo '[post-receive] Sync complete for fcre-weir-data.'
[post-receive] Sync complete for fcre-weir-data.
+ exec
+ read oldrev newrev refname
+ WORKDIR_BASE=/data
+ echo '[post-receive] Starting sync task...'
[post-receive] Starting sync task...
+ read oldrev newrev refname
+ [[ refs/heads/mia-logs =~ ^refs/heads/ ]]
+ branch=mia-logs
+ echo '[post-receive] Processing branch: mia-logs'
[post-receive] Processing branch: mia-logs
+ WORKDIR=/data/mia-logs
+ LOCKFILE=/tmp/git-post-receive-mia-logs.lock
+ exec
+ flock -x 9
+ echo '[post-receive] Acquired lock for mia-logs'
[post-receive] Acquired lock for mia-logs
+ '[' '!' -d /data/mia-logs/.git ']'
+ echo '[post-receive] WORKDIR already exists.'
[post-receive] WORKDIR already exists.
+ cd /data/mia-logs
+ unset GIT_DIR
+ unset GIT_WORK_TREE
+ git checkout mia-logs
Already on 'mia-logs'
Your branch is up to date with 'origin/mia-logs'.
+ git fetch origin
From /data/fcre-data-exp-worktree
   c6dfcb6..b597bff  mia-logs       -> origin/mia-logs
   a2774c3..01847c8  fcre-weir-data -> origin/fcre-weir-data
+ git reset --hard origin/mia-logs
HEAD is now at b597bff Tue 2025-09-23 06:13:36 EST
+ git push github mia-logs
ssh: Could not resolve hostname github.com: Temporary failure in name resolution
fatal: Could not read from remote repository.

Please make sure you have the correct access rights
and the repository exists.
+ WORKDIR_BASE=/data
+ echo '[post-receive] Starting sync task...'
[post-receive] Starting sync task...
+ read oldrev newrev refname
+ [[ refs/heads/fcre-weir-data =~ ^refs/heads/ ]]
+ branch=fcre-weir-data
+ echo '[post-receive] Processing branch: fcre-weir-data'
[post-receive] Processing branch: fcre-weir-data
+ WORKDIR=/data/fcre-weir-data
+ LOCKFILE=/tmp/git-post-receive-fcre-weir-data.lock
+ exec
+ flock -x 9
+ echo '[post-receive] Acquired lock for fcre-weir-data'
[post-receive] Acquired lock for fcre-weir-data
+ '[' '!' -d /data/fcre-weir-data/.git ']'
+ echo '[post-receive] WORKDIR already exists.'
[post-receive] WORKDIR already exists.
+ cd /data/fcre-weir-data
+ unset GIT_DIR
+ unset GIT_WORK_TREE
+ git checkout fcre-weir-data
Already on 'fcre-weir-data'
Your branch is up to date with 'origin/fcre-weir-data'.
+ git fetch origin
From /data/fcre-data-exp-worktree
   01847c8..6862c9f  fcre-weir-data -> origin/fcre-weir-data
   c6dfcb6..b597bff  mia-logs       -> origin/mia-logs
+ git reset --hard origin/fcre-weir-data
HEAD is now at 6862c9f Tue 2025-09-23 10:09:40 EST
+ git push github fcre-weir-data
To github.com:FLARE-forecast/FCRE-data.git
   01847c8..6862c9f  fcre-weir-data -> fcre-weir-data
+ echo '[post-receive] Sync complete for fcre-weir-data.'
[post-receive] Sync complete for fcre-weir-data.
+ exec
+ read oldrev newrev refname
+ WORKDIR_BASE=/data
+ echo '[post-receive] Starting sync task...'
[post-receive] Starting sync task...
+ read oldrev newrev refname
+ [[ refs/heads/mia-logs =~ ^refs/heads/ ]]
+ branch=mia-logs
+ echo '[post-receive] Processing branch: mia-logs'
[post-receive] Processing branch: mia-logs
+ WORKDIR=/data/mia-logs
+ LOCKFILE=/tmp/git-post-receive-mia-logs.lock
+ exec
+ flock -x 9
+ echo '[post-receive] Acquired lock for mia-logs'
[post-receive] Acquired lock for mia-logs
+ '[' '!' -d /data/mia-logs/.git ']'
+ echo '[post-receive] WORKDIR already exists.'
[post-receive] WORKDIR already exists.
+ cd /data/mia-logs
+ unset GIT_DIR
+ unset GIT_WORK_TREE
+ git checkout mia-logs
Already on 'mia-logs'
Your branch is up to date with 'origin/mia-logs'.
+ git fetch origin
From /data/fcre-data-exp-worktree
   b597bff..15541bf  mia-logs       -> origin/mia-logs
   01847c8..6862c9f  fcre-weir-data -> origin/fcre-weir-data
+ git reset --hard origin/mia-logs
HEAD is now at 15541bf Tue 2025-09-23 10:12:10 EST
+ git push github mia-logs
To github.com:FLARE-forecast/FCRE-data.git
   7c4bfdd..15541bf  mia-logs -> mia-logs
+ echo '[post-receive] Sync complete for mia-logs.'
[post-receive] Sync complete for mia-logs.
+ exec
+ read oldrev newrev refname
+ WORKDIR_BASE=/data
+ echo '[post-receive] Starting sync task...'
[post-receive] Starting sync task...
+ read oldrev newrev refname
+ [[ refs/heads/mia-logs =~ ^refs/heads/ ]]
+ branch=mia-logs
+ echo '[post-receive] Processing branch: mia-logs'
[post-receive] Processing branch: mia-logs
+ WORKDIR=/data/mia-logs
+ LOCKFILE=/tmp/git-post-receive-mia-logs.lock
+ exec
+ flock -x 9
+ echo '[post-receive] Acquired lock for mia-logs'
[post-receive] Acquired lock for mia-logs
+ '[' '!' -d /data/mia-logs/.git ']'
+ echo '[post-receive] WORKDIR already exists.'
[post-receive] WORKDIR already exists.
+ cd /data/mia-logs
+ unset GIT_DIR
+ unset GIT_WORK_TREE
+ git checkout mia-logs
Already on 'mia-logs'
Your branch is up to date with 'origin/mia-logs'.
+ git fetch origin
From /data/fcre-data-exp-worktree
   15541bf..68d8372  mia-logs   -> origin/mia-logs
+ git reset --hard origin/mia-logs
HEAD is now at 68d8372 Tue 2025-09-23 10:15:31 EST
+ git push github mia-logs
ssh: Could not resolve hostname github.com: Temporary failure in name resolution
fatal: Could not read from remote repository.

Please make sure you have the correct access rights
and the repository exists.
+ WORKDIR_BASE=/data
+ echo '[post-receive] Starting sync task...'
[post-receive] Starting sync task...
+ read oldrev newrev refname
+ [[ refs/heads/fcre-weir-data =~ ^refs/heads/ ]]
+ branch=fcre-weir-data
+ echo '[post-receive] Processing branch: fcre-weir-data'
[post-receive] Processing branch: fcre-weir-data
+ WORKDIR=/data/fcre-weir-data
+ LOCKFILE=/tmp/git-post-receive-fcre-weir-data.lock
+ exec
+ flock -x 9
+ echo '[post-receive] Acquired lock for fcre-weir-data'
[post-receive] Acquired lock for fcre-weir-data
+ '[' '!' -d /data/fcre-weir-data/.git ']'
+ echo '[post-receive] WORKDIR already exists.'
[post-receive] WORKDIR already exists.
+ cd /data/fcre-weir-data
+ unset GIT_DIR
+ unset GIT_WORK_TREE
+ git checkout fcre-weir-data
Already on 'fcre-weir-data'
Your branch is up to date with 'origin/fcre-weir-data'.
+ git fetch origin
From /data/fcre-data-exp-worktree
   6862c9f..ec2911d  fcre-weir-data -> origin/fcre-weir-data
   b597bff..68d8372  mia-logs       -> origin/mia-logs
+ git reset --hard origin/fcre-weir-data
HEAD is now at ec2911d Tue 2025-09-23 12:09:41 EST
+ git push github fcre-weir-data
To github.com:FLARE-forecast/FCRE-data.git
   6862c9f..ec2911d  fcre-weir-data -> fcre-weir-data
+ echo '[post-receive] Sync complete for fcre-weir-data.'
[post-receive] Sync complete for fcre-weir-data.
+ exec
+ read oldrev newrev refname
+ WORKDIR_BASE=/data
+ echo '[post-receive] Starting sync task...'
[post-receive] Starting sync task...
+ read oldrev newrev refname
+ [[ refs/heads/mia-logs =~ ^refs/heads/ ]]
+ branch=mia-logs
+ echo '[post-receive] Processing branch: mia-logs'
[post-receive] Processing branch: mia-logs
+ WORKDIR=/data/mia-logs
+ LOCKFILE=/tmp/git-post-receive-mia-logs.lock
+ exec
+ flock -x 9
+ echo '[post-receive] Acquired lock for mia-logs'
[post-receive] Acquired lock for mia-logs
+ '[' '!' -d /data/mia-logs/.git ']'
+ echo '[post-receive] WORKDIR already exists.'
[post-receive] WORKDIR already exists.
+ cd /data/mia-logs
+ unset GIT_DIR
+ unset GIT_WORK_TREE
+ git checkout mia-logs
Already on 'mia-logs'
Your branch is up to date with 'origin/mia-logs'.
+ git fetch origin
From /data/fcre-data-exp-worktree
   68d8372..b7a6c64  mia-logs       -> origin/mia-logs
   6862c9f..ec2911d  fcre-weir-data -> origin/fcre-weir-data
+ git reset --hard origin/mia-logs
HEAD is now at b7a6c64 Tue 2025-09-23 12:12:02 EST
+ git push github mia-logs
To github.com:FLARE-forecast/FCRE-data.git
   15541bf..b7a6c64  mia-logs -> mia-logs
+ echo '[post-receive] Sync complete for mia-logs.'
[post-receive] Sync complete for mia-logs.
+ exec
+ read oldrev newrev refname
+ WORKDIR_BASE=/data
+ echo '[post-receive] Starting sync task...'
[post-receive] Starting sync task...
+ read oldrev newrev refname
+ [[ refs/heads/mia-logs =~ ^refs/heads/ ]]
+ branch=mia-logs
+ echo '[post-receive] Processing branch: mia-logs'
[post-receive] Processing branch: mia-logs
+ WORKDIR=/data/mia-logs
+ LOCKFILE=/tmp/git-post-receive-mia-logs.lock
+ exec
+ flock -x 9
+ echo '[post-receive] Acquired lock for mia-logs'
[post-receive] Acquired lock for mia-logs
+ '[' '!' -d /data/mia-logs/.git ']'
+ echo '[post-receive] WORKDIR already exists.'
[post-receive] WORKDIR already exists.
+ cd /data/mia-logs
+ unset GIT_DIR
+ unset GIT_WORK_TREE
+ git checkout mia-logs
Already on 'mia-logs'
Your branch is up to date with 'origin/mia-logs'.
+ git fetch origin
From /data/fcre-data-exp-worktree
   b7a6c64..9ae61d9  mia-logs   -> origin/mia-logs
+ git reset --hard origin/mia-logs
HEAD is now at 9ae61d9 Tue 2025-09-23 12:15:25 EST
+ git push github mia-logs
To github.com:FLARE-forecast/FCRE-data.git
   b7a6c64..9ae61d9  mia-logs -> mia-logs
+ echo '[post-receive] Sync complete for mia-logs.'
[post-receive] Sync complete for mia-logs.
+ exec
+ read oldrev newrev refname
+ WORKDIR_BASE=/data
+ echo '[post-receive] Starting sync task...'
[post-receive] Starting sync task...
+ read oldrev newrev refname
+ [[ refs/heads/fcre-weir-data =~ ^refs/heads/ ]]
+ branch=fcre-weir-data
+ echo '[post-receive] Processing branch: fcre-weir-data'
[post-receive] Processing branch: fcre-weir-data
+ WORKDIR=/data/fcre-weir-data
+ LOCKFILE=/tmp/git-post-receive-fcre-weir-data.lock
+ exec
+ flock -x 9
+ echo '[post-receive] Acquired lock for fcre-weir-data'
[post-receive] Acquired lock for fcre-weir-data
+ '[' '!' -d /data/fcre-weir-data/.git ']'
+ echo '[post-receive] WORKDIR already exists.'
[post-receive] WORKDIR already exists.
+ cd /data/fcre-weir-data
+ unset GIT_DIR
+ unset GIT_WORK_TREE
+ git checkout fcre-weir-data
Already on 'fcre-weir-data'
Your branch is up to date with 'origin/fcre-weir-data'.
+ git fetch origin
From /data/fcre-data-exp-worktree
   ec2911d..10171fb  fcre-weir-data -> origin/fcre-weir-data
   68d8372..9ae61d9  mia-logs       -> origin/mia-logs
+ git reset --hard origin/fcre-weir-data
HEAD is now at 10171fb Tue 2025-09-23 14:19:41 EST
+ git push github fcre-weir-data
To github.com:FLARE-forecast/FCRE-data.git
   ec2911d..10171fb  fcre-weir-data -> fcre-weir-data
+ echo '[post-receive] Sync complete for fcre-weir-data.'
[post-receive] Sync complete for fcre-weir-data.
+ exec
+ read oldrev newrev refname
+ WORKDIR_BASE=/data
+ echo '[post-receive] Starting sync task...'
[post-receive] Starting sync task...
+ read oldrev newrev refname
+ [[ refs/heads/mia-logs =~ ^refs/heads/ ]]
+ branch=mia-logs
+ echo '[post-receive] Processing branch: mia-logs'
[post-receive] Processing branch: mia-logs
+ WORKDIR=/data/mia-logs
+ LOCKFILE=/tmp/git-post-receive-mia-logs.lock
+ exec
+ flock -x 9
+ echo '[post-receive] Acquired lock for mia-logs'
[post-receive] Acquired lock for mia-logs
+ '[' '!' -d /data/mia-logs/.git ']'
+ echo '[post-receive] WORKDIR already exists.'
[post-receive] WORKDIR already exists.
+ cd /data/mia-logs
+ unset GIT_DIR
+ unset GIT_WORK_TREE
+ git checkout mia-logs
Already on 'mia-logs'
Your branch is up to date with 'origin/mia-logs'.
+ git fetch origin
From /data/fcre-data-exp-worktree
   9ae61d9..052243d  mia-logs       -> origin/mia-logs
   ec2911d..10171fb  fcre-weir-data -> origin/fcre-weir-data
+ git reset --hard origin/mia-logs
HEAD is now at 052243d Tue 2025-09-23 14:20:43 EST
+ git push github mia-logs
To github.com:FLARE-forecast/FCRE-data.git
   9ae61d9..052243d  mia-logs -> mia-logs
+ echo '[post-receive] Sync complete for mia-logs.'
[post-receive] Sync complete for mia-logs.
+ exec
+ read oldrev newrev refname
+ WORKDIR_BASE=/data
+ echo '[post-receive] Starting sync task...'
[post-receive] Starting sync task...
+ read oldrev newrev refname
+ [[ refs/heads/fcre-weir-data =~ ^refs/heads/ ]]
+ branch=fcre-weir-data
+ echo '[post-receive] Processing branch: fcre-weir-data'
[post-receive] Processing branch: fcre-weir-data
+ WORKDIR=/data/fcre-weir-data
+ LOCKFILE=/tmp/git-post-receive-fcre-weir-data.lock
+ exec
+ flock -x 9
+ echo '[post-receive] Acquired lock for fcre-weir-data'
[post-receive] Acquired lock for fcre-weir-data
+ '[' '!' -d /data/fcre-weir-data/.git ']'
+ echo '[post-receive] WORKDIR already exists.'
[post-receive] WORKDIR already exists.
+ cd /data/fcre-weir-data
+ unset GIT_DIR
+ unset GIT_WORK_TREE
+ git checkout fcre-weir-data
Already on 'fcre-weir-data'
Your branch is up to date with 'origin/fcre-weir-data'.
+ git fetch origin
From /data/fcre-data-exp-worktree
   10171fb..272c0ea  fcre-weir-data -> origin/fcre-weir-data
   9ae61d9..052243d  mia-logs       -> origin/mia-logs
+ git reset --hard origin/fcre-weir-data
HEAD is now at 272c0ea Tue 2025-09-23 20:09:42 EST
+ git push github fcre-weir-data
To github.com:FLARE-forecast/FCRE-data.git
   10171fb..272c0ea  fcre-weir-data -> fcre-weir-data
+ echo '[post-receive] Sync complete for fcre-weir-data.'
[post-receive] Sync complete for fcre-weir-data.
+ exec
+ read oldrev newrev refname
+ WORKDIR_BASE=/data
+ echo '[post-receive] Starting sync task...'
[post-receive] Starting sync task...
+ read oldrev newrev refname
+ [[ refs/heads/mia-logs =~ ^refs/heads/ ]]
+ branch=mia-logs
+ echo '[post-receive] Processing branch: mia-logs'
[post-receive] Processing branch: mia-logs
+ WORKDIR=/data/mia-logs
+ LOCKFILE=/tmp/git-post-receive-mia-logs.lock
+ exec
+ flock -x 9
+ echo '[post-receive] Acquired lock for mia-logs'
[post-receive] Acquired lock for mia-logs
+ '[' '!' -d /data/mia-logs/.git ']'
+ echo '[post-receive] WORKDIR already exists.'
[post-receive] WORKDIR already exists.
+ cd /data/mia-logs
+ unset GIT_DIR
+ unset GIT_WORK_TREE
+ git checkout mia-logs
Already on 'mia-logs'
Your branch is up to date with 'origin/mia-logs'.
+ git fetch origin
From /data/fcre-data-exp-worktree
   052243d..5a35038  mia-logs       -> origin/mia-logs
   10171fb..272c0ea  fcre-weir-data -> origin/fcre-weir-data
+ git reset --hard origin/mia-logs
HEAD is now at 5a35038 Tue 2025-09-23 14:22:56 EST
+ git push github mia-logs
To github.com:FLARE-forecast/FCRE-data.git
   052243d..5a35038  mia-logs -> mia-logs
+ echo '[post-receive] Sync complete for mia-logs.'
[post-receive] Sync complete for mia-logs.
+ exec
+ read oldrev newrev refname
+ WORKDIR_BASE=/data
+ echo '[post-receive] Starting sync task...'
[post-receive] Starting sync task...
+ read oldrev newrev refname
+ [[ refs/heads/mia-logs =~ ^refs/heads/ ]]
+ branch=mia-logs
+ echo '[post-receive] Processing branch: mia-logs'
[post-receive] Processing branch: mia-logs
+ WORKDIR=/data/mia-logs
+ LOCKFILE=/tmp/git-post-receive-mia-logs.lock
+ exec
+ flock -x 9
+ echo '[post-receive] Acquired lock for mia-logs'
[post-receive] Acquired lock for mia-logs
+ '[' '!' -d /data/mia-logs/.git ']'
+ echo '[post-receive] WORKDIR already exists.'
[post-receive] WORKDIR already exists.
+ cd /data/mia-logs
+ unset GIT_DIR
+ unset GIT_WORK_TREE
+ git checkout mia-logs
Already on 'mia-logs'
Your branch is up to date with 'origin/mia-logs'.
+ git fetch origin
From /data/fcre-data-exp-worktree
   5a35038..1ae500f  mia-logs   -> origin/mia-logs
+ git reset --hard origin/mia-logs
HEAD is now at 1ae500f Tue 2025-09-23 14:34:44 EST
+ git push github mia-logs
To github.com:FLARE-forecast/FCRE-data.git
   5a35038..1ae500f  mia-logs -> mia-logs
+ echo '[post-receive] Sync complete for mia-logs.'
[post-receive] Sync complete for mia-logs.
+ exec
+ read oldrev newrev refname
+ WORKDIR_BASE=/data
+ echo '[post-receive] Starting sync task...'
[post-receive] Starting sync task...
+ read oldrev newrev refname
+ [[ refs/heads/mia-logs =~ ^refs/heads/ ]]
+ branch=mia-logs
+ echo '[post-receive] Processing branch: mia-logs'
[post-receive] Processing branch: mia-logs
+ WORKDIR=/data/mia-logs
+ LOCKFILE=/tmp/git-post-receive-mia-logs.lock
+ exec
+ flock -x 9
+ echo '[post-receive] Acquired lock for mia-logs'
[post-receive] Acquired lock for mia-logs
+ '[' '!' -d /data/mia-logs/.git ']'
+ echo '[post-receive] WORKDIR already exists.'
[post-receive] WORKDIR already exists.
+ cd /data/mia-logs
+ unset GIT_DIR
+ unset GIT_WORK_TREE
+ git checkout mia-logs
Already on 'mia-logs'
Your branch is up to date with 'origin/mia-logs'.
+ git fetch origin
From /data/fcre-data-exp-worktree
   1ae500f..3418609  mia-logs   -> origin/mia-logs
+ git reset --hard origin/mia-logs
HEAD is now at 3418609 Tue 2025-09-23 20:11:47 EST
+ git push github mia-logs
To github.com:FLARE-forecast/FCRE-data.git
   1ae500f..3418609  mia-logs -> mia-logs
+ echo '[post-receive] Sync complete for mia-logs.'
[post-receive] Sync complete for mia-logs.
+ exec
+ read oldrev newrev refname
+ WORKDIR_BASE=/data
+ echo '[post-receive] Starting sync task...'
[post-receive] Starting sync task...
+ read oldrev newrev refname
+ [[ refs/heads/mia-logs =~ ^refs/heads/ ]]
+ branch=mia-logs
+ echo '[post-receive] Processing branch: mia-logs'
[post-receive] Processing branch: mia-logs
+ WORKDIR=/data/mia-logs
+ LOCKFILE=/tmp/git-post-receive-mia-logs.lock
+ exec
+ flock -x 9
+ echo '[post-receive] Acquired lock for mia-logs'
[post-receive] Acquired lock for mia-logs
+ '[' '!' -d /data/mia-logs/.git ']'
+ echo '[post-receive] WORKDIR already exists.'
[post-receive] WORKDIR already exists.
+ cd /data/mia-logs
+ unset GIT_DIR
+ unset GIT_WORK_TREE
+ git checkout mia-logs
Already on 'mia-logs'
Your branch is up to date with 'origin/mia-logs'.
+ git fetch origin
From /data/fcre-data-exp-worktree
   3418609..bc1b276  mia-logs   -> origin/mia-logs
+ git reset --hard origin/mia-logs
HEAD is now at bc1b276 Tue 2025-09-23 20:22:46 EST
+ git push github mia-logs
To github.com:FLARE-forecast/FCRE-data.git
   3418609..bc1b276  mia-logs -> mia-logs
+ echo '[post-receive] Sync complete for mia-logs.'
[post-receive] Sync complete for mia-logs.
+ exec
+ read oldrev newrev refname
+ WORKDIR_BASE=/data
+ echo '[post-receive] Starting sync task...'
[post-receive] Starting sync task...
+ read oldrev newrev refname
+ [[ refs/heads/mia-logs =~ ^refs/heads/ ]]
+ branch=mia-logs
+ echo '[post-receive] Processing branch: mia-logs'
[post-receive] Processing branch: mia-logs
+ WORKDIR=/data/mia-logs
+ LOCKFILE=/tmp/git-post-receive-mia-logs.lock
+ exec
+ flock -x 9
+ echo '[post-receive] Acquired lock for mia-logs'
[post-receive] Acquired lock for mia-logs
+ '[' '!' -d /data/mia-logs/.git ']'
+ echo '[post-receive] WORKDIR already exists.'
[post-receive] WORKDIR already exists.
+ cd /data/mia-logs
+ unset GIT_DIR
+ unset GIT_WORK_TREE
+ git checkout mia-logs
Already on 'mia-logs'
Your branch is up to date with 'origin/mia-logs'.
+ git fetch origin
From /data/fcre-data-exp-worktree
   bc1b276..ee359ab  mia-logs   -> origin/mia-logs
+ git reset --hard origin/mia-logs
HEAD is now at ee359ab Tue 2025-09-23 20:30:01 EST
+ git push github mia-logs
To github.com:FLARE-forecast/FCRE-data.git
   bc1b276..ee359ab  mia-logs -> mia-logs
+ echo '[post-receive] Sync complete for mia-logs.'
[post-receive] Sync complete for mia-logs.
+ exec
+ read oldrev newrev refname
+ WORKDIR_BASE=/data
+ echo '[post-receive] Starting sync task...'
[post-receive] Starting sync task...
+ read oldrev newrev refname
+ [[ refs/heads/mia-logs =~ ^refs/heads/ ]]
+ branch=mia-logs
+ echo '[post-receive] Processing branch: mia-logs'
[post-receive] Processing branch: mia-logs
+ WORKDIR=/data/mia-logs
+ LOCKFILE=/tmp/git-post-receive-mia-logs.lock
+ exec
+ flock -x 9
+ echo '[post-receive] Acquired lock for mia-logs'
[post-receive] Acquired lock for mia-logs
+ '[' '!' -d /data/mia-logs/.git ']'
+ echo '[post-receive] WORKDIR already exists.'
[post-receive] WORKDIR already exists.
+ cd /data/mia-logs
+ unset GIT_DIR
+ unset GIT_WORK_TREE
+ git checkout mia-logs
Already on 'mia-logs'
Your branch is up to date with 'origin/mia-logs'.
+ git fetch origin
From /data/fcre-data-exp-worktree
   ee359ab..8b4a146  mia-logs   -> origin/mia-logs
+ git reset --hard origin/mia-logs
HEAD is now at 8b4a146 Tue 2025-09-23 20:33:19 EST
+ git push github mia-logs
To github.com:FLARE-forecast/FCRE-data.git
   ee359ab..8b4a146  mia-logs -> mia-logs
+ echo '[post-receive] Sync complete for mia-logs.'
[post-receive] Sync complete for mia-logs.
+ exec
+ read oldrev newrev refname
+ WORKDIR_BASE=/data
+ echo '[post-receive] Starting sync task...'
[post-receive] Starting sync task...
+ read oldrev newrev refname
+ [[ refs/heads/fcre-weir-data =~ ^refs/heads/ ]]
+ branch=fcre-weir-data
+ echo '[post-receive] Processing branch: fcre-weir-data'
[post-receive] Processing branch: fcre-weir-data
+ WORKDIR=/data/fcre-weir-data
+ LOCKFILE=/tmp/git-post-receive-fcre-weir-data.lock
+ exec
+ flock -x 9
+ echo '[post-receive] Acquired lock for fcre-weir-data'
[post-receive] Acquired lock for fcre-weir-data
+ '[' '!' -d /data/fcre-weir-data/.git ']'
+ echo '[post-receive] WORKDIR already exists.'
[post-receive] WORKDIR already exists.
+ cd /data/fcre-weir-data
+ unset GIT_DIR
+ unset GIT_WORK_TREE
+ git checkout fcre-weir-data
Already on 'fcre-weir-data'
Your branch is up to date with 'origin/fcre-weir-data'.
+ git fetch origin
From /data/fcre-data-exp-worktree
   272c0ea..28050aa  fcre-weir-data -> origin/fcre-weir-data
   052243d..8b4a146  mia-logs       -> origin/mia-logs
+ git reset --hard origin/fcre-weir-data
HEAD is now at 28050aa Wed 2025-09-24 00:19:40 EST
+ git push github fcre-weir-data
To github.com:FLARE-forecast/FCRE-data.git
   272c0ea..28050aa  fcre-weir-data -> fcre-weir-data
+ echo '[post-receive] Sync complete for fcre-weir-data.'
[post-receive] Sync complete for fcre-weir-data.
+ exec
+ read oldrev newrev refname
+ WORKDIR_BASE=/data
+ echo '[post-receive] Starting sync task...'
[post-receive] Starting sync task...
+ read oldrev newrev refname
+ [[ refs/heads/mia-logs =~ ^refs/heads/ ]]
+ branch=mia-logs
+ echo '[post-receive] Processing branch: mia-logs'
[post-receive] Processing branch: mia-logs
+ WORKDIR=/data/mia-logs
+ LOCKFILE=/tmp/git-post-receive-mia-logs.lock
+ exec
+ flock -x 9
+ echo '[post-receive] Acquired lock for mia-logs'
[post-receive] Acquired lock for mia-logs
+ '[' '!' -d /data/mia-logs/.git ']'
+ echo '[post-receive] WORKDIR already exists.'
[post-receive] WORKDIR already exists.
+ cd /data/mia-logs
+ unset GIT_DIR
+ unset GIT_WORK_TREE
+ git checkout mia-logs
Already on 'mia-logs'
Your branch is up to date with 'origin/mia-logs'.
+ git fetch origin
From /data/fcre-data-exp-worktree
   8b4a146..4f81626  mia-logs       -> origin/mia-logs
   272c0ea..28050aa  fcre-weir-data -> origin/fcre-weir-data
+ git reset --hard origin/mia-logs
HEAD is now at 4f81626 Wed 2025-09-24 00:19:51 EST
+ git push github mia-logs
ssh: Could not resolve hostname github.com: Temporary failure in name resolution
fatal: Could not read from remote repository.

Please make sure you have the correct access rights
and the repository exists.
+ WORKDIR_BASE=/data
+ echo '[post-receive] Starting sync task...'
[post-receive] Starting sync task...
+ read oldrev newrev refname
+ [[ refs/heads/mia-logs =~ ^refs/heads/ ]]
+ branch=mia-logs
+ echo '[post-receive] Processing branch: mia-logs'
[post-receive] Processing branch: mia-logs
+ WORKDIR=/data/mia-logs
+ LOCKFILE=/tmp/git-post-receive-mia-logs.lock
+ exec
+ flock -x 9
+ echo '[post-receive] Acquired lock for mia-logs'
[post-receive] Acquired lock for mia-logs
+ '[' '!' -d /data/mia-logs/.git ']'
+ echo '[post-receive] WORKDIR already exists.'
[post-receive] WORKDIR already exists.
+ cd /data/mia-logs
+ unset GIT_DIR
+ unset GIT_WORK_TREE
+ git checkout mia-logs
Already on 'mia-logs'
Your branch is up to date with 'origin/mia-logs'.
+ git fetch origin
From /data/fcre-data-exp-worktree
   4f81626..0d4bdb8  mia-logs   -> origin/mia-logs
+ git reset --hard origin/mia-logs
HEAD is now at 0d4bdb8 Wed 2025-09-24 00:20:21 EST
+ git push github mia-logs
To github.com:FLARE-forecast/FCRE-data.git
   8b4a146..0d4bdb8  mia-logs -> mia-logs
+ echo '[post-receive] Sync complete for mia-logs.'
[post-receive] Sync complete for mia-logs.
+ exec
+ read oldrev newrev refname
+ WORKDIR_BASE=/data
+ echo '[post-receive] Starting sync task...'
[post-receive] Starting sync task...
+ read oldrev newrev refname
+ [[ refs/heads/mia-logs =~ ^refs/heads/ ]]
+ branch=mia-logs
+ echo '[post-receive] Processing branch: mia-logs'
[post-receive] Processing branch: mia-logs
+ WORKDIR=/data/mia-logs
+ LOCKFILE=/tmp/git-post-receive-mia-logs.lock
+ exec
+ flock -x 9
+ echo '[post-receive] Acquired lock for mia-logs'
[post-receive] Acquired lock for mia-logs
+ '[' '!' -d /data/mia-logs/.git ']'
+ echo '[post-receive] WORKDIR already exists.'
[post-receive] WORKDIR already exists.
+ cd /data/mia-logs
+ unset GIT_DIR
+ unset GIT_WORK_TREE
+ git checkout mia-logs
Already on 'mia-logs'
Your branch is up to date with 'origin/mia-logs'.
+ git fetch origin
From /data/fcre-data-exp-worktree
   0d4bdb8..ff5713d  mia-logs   -> origin/mia-logs
+ git reset --hard origin/mia-logs
HEAD is now at ff5713d Wed 2025-09-24 00:32:39 EST
+ git push github mia-logs
To github.com:FLARE-forecast/FCRE-data.git
   0d4bdb8..ff5713d  mia-logs -> mia-logs
+ echo '[post-receive] Sync complete for mia-logs.'
[post-receive] Sync complete for mia-logs.
+ exec
+ read oldrev newrev refname
+ WORKDIR_BASE=/data
+ echo '[post-receive] Starting sync task...'
[post-receive] Starting sync task...
+ read oldrev newrev refname
+ [[ refs/heads/mia-logs =~ ^refs/heads/ ]]
+ branch=mia-logs
+ echo '[post-receive] Processing branch: mia-logs'
[post-receive] Processing branch: mia-logs
+ WORKDIR=/data/mia-logs
+ LOCKFILE=/tmp/git-post-receive-mia-logs.lock
+ exec
+ flock -x 9
+ echo '[post-receive] Acquired lock for mia-logs'
[post-receive] Acquired lock for mia-logs
+ '[' '!' -d /data/mia-logs/.git ']'
+ echo '[post-receive] WORKDIR already exists.'
[post-receive] WORKDIR already exists.
+ cd /data/mia-logs
+ unset GIT_DIR
+ unset GIT_WORK_TREE
+ git checkout mia-logs
Already on 'mia-logs'
Your branch is up to date with 'origin/mia-logs'.
+ git fetch origin
From /data/fcre-data-exp-worktree
   ff5713d..a2be488  mia-logs   -> origin/mia-logs
+ git reset --hard origin/mia-logs
HEAD is now at a2be488 Wed 2025-09-24 00:44:35 EST
+ git push github mia-logs
To github.com:FLARE-forecast/FCRE-data.git
   ff5713d..a2be488  mia-logs -> mia-logs
+ echo '[post-receive] Sync complete for mia-logs.'
[post-receive] Sync complete for mia-logs.
+ exec
+ read oldrev newrev refname
+ WORKDIR_BASE=/data
+ echo '[post-receive] Starting sync task...'
[post-receive] Starting sync task...
+ read oldrev newrev refname
+ [[ refs/heads/fcre-weir-data =~ ^refs/heads/ ]]
+ branch=fcre-weir-data
+ echo '[post-receive] Processing branch: fcre-weir-data'
[post-receive] Processing branch: fcre-weir-data
+ WORKDIR=/data/fcre-weir-data
+ LOCKFILE=/tmp/git-post-receive-fcre-weir-data.lock
+ exec
+ flock -x 9
+ echo '[post-receive] Acquired lock for fcre-weir-data'
[post-receive] Acquired lock for fcre-weir-data
+ '[' '!' -d /data/fcre-weir-data/.git ']'
+ echo '[post-receive] WORKDIR already exists.'
[post-receive] WORKDIR already exists.
+ cd /data/fcre-weir-data
+ unset GIT_DIR
+ unset GIT_WORK_TREE
+ git checkout fcre-weir-data
Already on 'fcre-weir-data'
Your branch is up to date with 'origin/fcre-weir-data'.
+ git fetch origin
From /data/fcre-data-exp-worktree
   28050aa..2c11bff  fcre-weir-data -> origin/fcre-weir-data
   8b4a146..a2be488  mia-logs       -> origin/mia-logs
+ git reset --hard origin/fcre-weir-data
HEAD is now at 2c11bff Wed 2025-09-24 06:04:42 EST
+ git push github fcre-weir-data
To github.com:FLARE-forecast/FCRE-data.git
   28050aa..2c11bff  fcre-weir-data -> fcre-weir-data
+ echo '[post-receive] Sync complete for fcre-weir-data.'
[post-receive] Sync complete for fcre-weir-data.
+ exec
+ read oldrev newrev refname
+ WORKDIR_BASE=/data
+ echo '[post-receive] Starting sync task...'
[post-receive] Starting sync task...
+ read oldrev newrev refname
+ [[ refs/heads/mia-logs =~ ^refs/heads/ ]]
+ branch=mia-logs
+ echo '[post-receive] Processing branch: mia-logs'
[post-receive] Processing branch: mia-logs
+ WORKDIR=/data/mia-logs
+ LOCKFILE=/tmp/git-post-receive-mia-logs.lock
+ exec
+ flock -x 9
+ echo '[post-receive] Acquired lock for mia-logs'
[post-receive] Acquired lock for mia-logs
+ '[' '!' -d /data/mia-logs/.git ']'
+ echo '[post-receive] WORKDIR already exists.'
[post-receive] WORKDIR already exists.
+ cd /data/mia-logs
+ unset GIT_DIR
+ unset GIT_WORK_TREE
+ git checkout mia-logs
Already on 'mia-logs'
Your branch is up to date with 'origin/mia-logs'.
+ git fetch origin
From /data/fcre-data-exp-worktree
   a2be488..22e77a6  mia-logs       -> origin/mia-logs
   28050aa..2c11bff  fcre-weir-data -> origin/fcre-weir-data
+ git reset --hard origin/mia-logs
HEAD is now at 22e77a6 Wed 2025-09-24 06:06:59 EST
+ git push github mia-logs
To github.com:FLARE-forecast/FCRE-data.git
   a2be488..22e77a6  mia-logs -> mia-logs
+ echo '[post-receive] Sync complete for mia-logs.'
[post-receive] Sync complete for mia-logs.
+ exec
+ read oldrev newrev refname
+ WORKDIR_BASE=/data
+ echo '[post-receive] Starting sync task...'
[post-receive] Starting sync task...
+ read oldrev newrev refname
+ [[ refs/heads/mia-logs =~ ^refs/heads/ ]]
+ branch=mia-logs
+ echo '[post-receive] Processing branch: mia-logs'
[post-receive] Processing branch: mia-logs
+ WORKDIR=/data/mia-logs
+ LOCKFILE=/tmp/git-post-receive-mia-logs.lock
+ exec
+ flock -x 9
+ echo '[post-receive] Acquired lock for mia-logs'
[post-receive] Acquired lock for mia-logs
+ '[' '!' -d /data/mia-logs/.git ']'
+ echo '[post-receive] WORKDIR already exists.'
[post-receive] WORKDIR already exists.
+ cd /data/mia-logs
+ unset GIT_DIR
+ unset GIT_WORK_TREE
+ git checkout mia-logs
Already on 'mia-logs'
Your branch is up to date with 'origin/mia-logs'.
+ git fetch origin
From /data/fcre-data-exp-worktree
   22e77a6..6bed9b9  mia-logs   -> origin/mia-logs
+ git reset --hard origin/mia-logs
HEAD is now at 6bed9b9 Wed 2025-09-24 06:10:35 EST
+ git push github mia-logs
To github.com:FLARE-forecast/FCRE-data.git
   22e77a6..6bed9b9  mia-logs -> mia-logs
+ echo '[post-receive] Sync complete for mia-logs.'
[post-receive] Sync complete for mia-logs.
+ exec
+ read oldrev newrev refname
+ WORKDIR_BASE=/data
+ echo '[post-receive] Starting sync task...'
[post-receive] Starting sync task...
+ read oldrev newrev refname
+ [[ refs/heads/mia-logs =~ ^refs/heads/ ]]
+ branch=mia-logs
+ echo '[post-receive] Processing branch: mia-logs'
[post-receive] Processing branch: mia-logs
+ WORKDIR=/data/mia-logs
+ LOCKFILE=/tmp/git-post-receive-mia-logs.lock
+ exec
+ flock -x 9
+ echo '[post-receive] Acquired lock for mia-logs'
[post-receive] Acquired lock for mia-logs
+ '[' '!' -d /data/mia-logs/.git ']'
+ echo '[post-receive] WORKDIR already exists.'
[post-receive] WORKDIR already exists.
+ cd /data/mia-logs
+ unset GIT_DIR
+ unset GIT_WORK_TREE
+ git checkout mia-logs
Already on 'mia-logs'
Your branch is up to date with 'origin/mia-logs'.
+ git fetch origin
From /data/fcre-data-exp-worktree
   6bed9b9..6d1e6d1  mia-logs   -> origin/mia-logs
+ git reset --hard origin/mia-logs
HEAD is now at 6d1e6d1 Wed 2025-09-24 10:15:04 EST
+ git push github mia-logs
To github.com:FLARE-forecast/FCRE-data.git
   6bed9b9..6d1e6d1  mia-logs -> mia-logs
+ echo '[post-receive] Sync complete for mia-logs.'
[post-receive] Sync complete for mia-logs.
+ exec
+ read oldrev newrev refname
+ WORKDIR_BASE=/data
+ echo '[post-receive] Starting sync task...'
[post-receive] Starting sync task...
+ read oldrev newrev refname
+ [[ refs/heads/fcre-weir-data =~ ^refs/heads/ ]]
+ branch=fcre-weir-data
+ echo '[post-receive] Processing branch: fcre-weir-data'
[post-receive] Processing branch: fcre-weir-data
+ WORKDIR=/data/fcre-weir-data
+ LOCKFILE=/tmp/git-post-receive-fcre-weir-data.lock
+ exec
+ flock -x 9
+ echo '[post-receive] Acquired lock for fcre-weir-data'
[post-receive] Acquired lock for fcre-weir-data
+ '[' '!' -d /data/fcre-weir-data/.git ']'
+ echo '[post-receive] WORKDIR already exists.'
[post-receive] WORKDIR already exists.
+ cd /data/fcre-weir-data
+ unset GIT_DIR
+ unset GIT_WORK_TREE
+ git checkout fcre-weir-data
Already on 'fcre-weir-data'
Your branch is up to date with 'origin/fcre-weir-data'.
+ git fetch origin
From /data/fcre-data-exp-worktree
   2c11bff..6e26627  fcre-weir-data -> origin/fcre-weir-data
   a2be488..6d1e6d1  mia-logs       -> origin/mia-logs
+ git reset --hard origin/fcre-weir-data
HEAD is now at 6e26627 Wed 2025-09-24 10:09:40 EST
+ git push github fcre-weir-data
To github.com:FLARE-forecast/FCRE-data.git
   2c11bff..6e26627  fcre-weir-data -> fcre-weir-data
+ echo '[post-receive] Sync complete for fcre-weir-data.'
[post-receive] Sync complete for fcre-weir-data.
+ exec
+ read oldrev newrev refname
+ WORKDIR_BASE=/data
+ echo '[post-receive] Starting sync task...'
[post-receive] Starting sync task...
+ read oldrev newrev refname
+ [[ refs/heads/mia-logs =~ ^refs/heads/ ]]
+ branch=mia-logs
+ echo '[post-receive] Processing branch: mia-logs'
[post-receive] Processing branch: mia-logs
+ WORKDIR=/data/mia-logs
+ LOCKFILE=/tmp/git-post-receive-mia-logs.lock
+ exec
+ flock -x 9
+ echo '[post-receive] Acquired lock for mia-logs'
[post-receive] Acquired lock for mia-logs
+ '[' '!' -d /data/mia-logs/.git ']'
+ echo '[post-receive] WORKDIR already exists.'
[post-receive] WORKDIR already exists.
+ cd /data/mia-logs
+ unset GIT_DIR
+ unset GIT_WORK_TREE
+ git checkout mia-logs
Already on 'mia-logs'
Your branch is up to date with 'origin/mia-logs'.
+ git fetch origin
From /data/fcre-data-exp-worktree
   6d1e6d1..3ce4e27  mia-logs       -> origin/mia-logs
   2c11bff..6e26627  fcre-weir-data -> origin/fcre-weir-data
+ git reset --hard origin/mia-logs
HEAD is now at 3ce4e27 Wed 2025-09-24 10:21:11 EST
+ git push github mia-logs
To github.com:FLARE-forecast/FCRE-data.git
   6d1e6d1..3ce4e27  mia-logs -> mia-logs
+ echo '[post-receive] Sync complete for mia-logs.'
[post-receive] Sync complete for mia-logs.
+ exec
+ read oldrev newrev refname
+ WORKDIR_BASE=/data
+ echo '[post-receive] Starting sync task...'
[post-receive] Starting sync task...
+ read oldrev newrev refname
+ [[ refs/heads/fcre-weir-data =~ ^refs/heads/ ]]
+ branch=fcre-weir-data
+ echo '[post-receive] Processing branch: fcre-weir-data'
[post-receive] Processing branch: fcre-weir-data
+ WORKDIR=/data/fcre-weir-data
+ LOCKFILE=/tmp/git-post-receive-fcre-weir-data.lock
+ exec
+ flock -x 9
+ echo '[post-receive] Acquired lock for fcre-weir-data'
[post-receive] Acquired lock for fcre-weir-data
+ '[' '!' -d /data/fcre-weir-data/.git ']'
+ echo '[post-receive] WORKDIR already exists.'
[post-receive] WORKDIR already exists.
+ cd /data/fcre-weir-data
+ unset GIT_DIR
+ unset GIT_WORK_TREE
+ git checkout fcre-weir-data
Already on 'fcre-weir-data'
Your branch is up to date with 'origin/fcre-weir-data'.
+ git fetch origin
From /data/fcre-data-exp-worktree
   6e26627..af642ec  fcre-weir-data -> origin/fcre-weir-data
   6d1e6d1..3ce4e27  mia-logs       -> origin/mia-logs
+ git reset --hard origin/fcre-weir-data
HEAD is now at af642ec Wed 2025-09-24 12:09:42 EST
+ git push github fcre-weir-data
To github.com:FLARE-forecast/FCRE-data.git
   6e26627..af642ec  fcre-weir-data -> fcre-weir-data
+ echo '[post-receive] Sync complete for fcre-weir-data.'
[post-receive] Sync complete for fcre-weir-data.
+ exec
+ read oldrev newrev refname
+ WORKDIR_BASE=/data
+ echo '[post-receive] Starting sync task...'
[post-receive] Starting sync task...
+ read oldrev newrev refname
+ [[ refs/heads/mia-logs =~ ^refs/heads/ ]]
+ branch=mia-logs
+ echo '[post-receive] Processing branch: mia-logs'
[post-receive] Processing branch: mia-logs
+ WORKDIR=/data/mia-logs
+ LOCKFILE=/tmp/git-post-receive-mia-logs.lock
+ exec
+ flock -x 9
+ echo '[post-receive] Acquired lock for mia-logs'
[post-receive] Acquired lock for mia-logs
+ '[' '!' -d /data/mia-logs/.git ']'
+ echo '[post-receive] WORKDIR already exists.'
[post-receive] WORKDIR already exists.
+ cd /data/mia-logs
+ unset GIT_DIR
+ unset GIT_WORK_TREE
+ git checkout mia-logs
Already on 'mia-logs'
Your branch is up to date with 'origin/mia-logs'.
+ git fetch origin
From /data/fcre-data-exp-worktree
   3ce4e27..fcd6638  mia-logs       -> origin/mia-logs
   6e26627..af642ec  fcre-weir-data -> origin/fcre-weir-data
+ git reset --hard origin/mia-logs
HEAD is now at fcd6638 Wed 2025-09-24 12:11:36 EST
+ git push github mia-logs
To github.com:FLARE-forecast/FCRE-data.git
   3ce4e27..fcd6638  mia-logs -> mia-logs
+ echo '[post-receive] Sync complete for mia-logs.'
[post-receive] Sync complete for mia-logs.
+ exec
+ read oldrev newrev refname
+ WORKDIR_BASE=/data
+ echo '[post-receive] Starting sync task...'
[post-receive] Starting sync task...
+ read oldrev newrev refname
+ [[ refs/heads/mia-logs =~ ^refs/heads/ ]]
+ branch=mia-logs
+ echo '[post-receive] Processing branch: mia-logs'
[post-receive] Processing branch: mia-logs
+ WORKDIR=/data/mia-logs
+ LOCKFILE=/tmp/git-post-receive-mia-logs.lock
+ exec
+ flock -x 9
+ echo '[post-receive] Acquired lock for mia-logs'
[post-receive] Acquired lock for mia-logs
+ '[' '!' -d /data/mia-logs/.git ']'
+ echo '[post-receive] WORKDIR already exists.'
[post-receive] WORKDIR already exists.
+ cd /data/mia-logs
+ unset GIT_DIR
+ unset GIT_WORK_TREE
+ git checkout mia-logs
Already on 'mia-logs'
Your branch is up to date with 'origin/mia-logs'.
+ git fetch origin
From /data/fcre-data-exp-worktree
   fcd6638..a418db4  mia-logs   -> origin/mia-logs
+ git reset --hard origin/mia-logs
HEAD is now at a418db4 Wed 2025-09-24 12:13:18 EST
+ git push github mia-logs
ssh: Could not resolve hostname github.com: Temporary failure in name resolution
fatal: Could not read from remote repository.

Please make sure you have the correct access rights
and the repository exists.
+ WORKDIR_BASE=/data
+ echo '[post-receive] Starting sync task...'
[post-receive] Starting sync task...
+ read oldrev newrev refname
+ [[ refs/heads/fcre-weir-data =~ ^refs/heads/ ]]
+ branch=fcre-weir-data
+ echo '[post-receive] Processing branch: fcre-weir-data'
[post-receive] Processing branch: fcre-weir-data
+ WORKDIR=/data/fcre-weir-data
+ LOCKFILE=/tmp/git-post-receive-fcre-weir-data.lock
+ exec
+ flock -x 9
+ echo '[post-receive] Acquired lock for fcre-weir-data'
[post-receive] Acquired lock for fcre-weir-data
+ '[' '!' -d /data/fcre-weir-data/.git ']'
+ echo '[post-receive] WORKDIR already exists.'
[post-receive] WORKDIR already exists.
+ cd /data/fcre-weir-data
+ unset GIT_DIR
+ unset GIT_WORK_TREE
+ git checkout fcre-weir-data
Already on 'fcre-weir-data'
Your branch is up to date with 'origin/fcre-weir-data'.
+ git fetch origin
From /data/fcre-data-exp-worktree
   af642ec..040bac0  fcre-weir-data -> origin/fcre-weir-data
   3ce4e27..a418db4  mia-logs       -> origin/mia-logs
+ git reset --hard origin/fcre-weir-data
HEAD is now at 040bac0 Wed 2025-09-24 14:19:40 EST
+ git push github fcre-weir-data
To github.com:FLARE-forecast/FCRE-data.git
   af642ec..040bac0  fcre-weir-data -> fcre-weir-data
+ echo '[post-receive] Sync complete for fcre-weir-data.'
[post-receive] Sync complete for fcre-weir-data.
+ exec
+ read oldrev newrev refname
+ WORKDIR_BASE=/data
+ echo '[post-receive] Starting sync task...'
[post-receive] Starting sync task...
+ read oldrev newrev refname
+ [[ refs/heads/mia-logs =~ ^refs/heads/ ]]
+ branch=mia-logs
+ echo '[post-receive] Processing branch: mia-logs'
[post-receive] Processing branch: mia-logs
+ WORKDIR=/data/mia-logs
+ LOCKFILE=/tmp/git-post-receive-mia-logs.lock
+ exec
+ flock -x 9
+ echo '[post-receive] Acquired lock for mia-logs'
[post-receive] Acquired lock for mia-logs
+ '[' '!' -d /data/mia-logs/.git ']'
+ echo '[post-receive] WORKDIR already exists.'
[post-receive] WORKDIR already exists.
+ cd /data/mia-logs
+ unset GIT_DIR
+ unset GIT_WORK_TREE
+ git checkout mia-logs
Already on 'mia-logs'
Your branch is up to date with 'origin/mia-logs'.
+ git fetch origin
From /data/fcre-data-exp-worktree
   a418db4..02ba4f9  mia-logs       -> origin/mia-logs
   af642ec..040bac0  fcre-weir-data -> origin/fcre-weir-data
+ git reset --hard origin/mia-logs
HEAD is now at 02ba4f9 Wed 2025-09-24 14:22:21 EST
+ git push github mia-logs
To github.com:FLARE-forecast/FCRE-data.git
   fcd6638..02ba4f9  mia-logs -> mia-logs
+ echo '[post-receive] Sync complete for mia-logs.'
[post-receive] Sync complete for mia-logs.
+ exec
+ read oldrev newrev refname
+ WORKDIR_BASE=/data
+ echo '[post-receive] Starting sync task...'
[post-receive] Starting sync task...
+ read oldrev newrev refname
+ [[ refs/heads/mia-logs =~ ^refs/heads/ ]]
+ branch=mia-logs
+ echo '[post-receive] Processing branch: mia-logs'
[post-receive] Processing branch: mia-logs
+ WORKDIR=/data/mia-logs
+ LOCKFILE=/tmp/git-post-receive-mia-logs.lock
+ exec
+ flock -x 9
+ echo '[post-receive] Acquired lock for mia-logs'
[post-receive] Acquired lock for mia-logs
+ '[' '!' -d /data/mia-logs/.git ']'
+ echo '[post-receive] WORKDIR already exists.'
[post-receive] WORKDIR already exists.
+ cd /data/mia-logs
+ unset GIT_DIR
+ unset GIT_WORK_TREE
+ git checkout mia-logs
Already on 'mia-logs'
Your branch is up to date with 'origin/mia-logs'.
+ git fetch origin
From /data/fcre-data-exp-worktree
   02ba4f9..302896f  mia-logs   -> origin/mia-logs
+ git reset --hard origin/mia-logs
HEAD is now at 302896f Wed 2025-09-24 14:25:01 EST
+ git push github mia-logs
To github.com:FLARE-forecast/FCRE-data.git
   02ba4f9..302896f  mia-logs -> mia-logs
+ echo '[post-receive] Sync complete for mia-logs.'
[post-receive] Sync complete for mia-logs.
+ exec
+ read oldrev newrev refname
+ WORKDIR_BASE=/data
+ echo '[post-receive] Starting sync task...'
[post-receive] Starting sync task...
+ read oldrev newrev refname
+ [[ refs/heads/mia-logs =~ ^refs/heads/ ]]
+ branch=mia-logs
+ echo '[post-receive] Processing branch: mia-logs'
[post-receive] Processing branch: mia-logs
+ WORKDIR=/data/mia-logs
+ LOCKFILE=/tmp/git-post-receive-mia-logs.lock
+ exec
+ flock -x 9
+ echo '[post-receive] Acquired lock for mia-logs'
[post-receive] Acquired lock for mia-logs
+ '[' '!' -d /data/mia-logs/.git ']'
+ echo '[post-receive] WORKDIR already exists.'
[post-receive] WORKDIR already exists.
+ cd /data/mia-logs
+ unset GIT_DIR
+ unset GIT_WORK_TREE
+ git checkout mia-logs
Already on 'mia-logs'
Your branch is up to date with 'origin/mia-logs'.
+ git fetch origin
From /data/fcre-data-exp-worktree
   302896f..fc353f3  mia-logs   -> origin/mia-logs
+ git reset --hard origin/mia-logs
HEAD is now at fc353f3 Wed 2025-09-24 14:30:01 EST
+ git push github mia-logs
To github.com:FLARE-forecast/FCRE-data.git
   302896f..fc353f3  mia-logs -> mia-logs
+ echo '[post-receive] Sync complete for mia-logs.'
[post-receive] Sync complete for mia-logs.
+ exec
+ read oldrev newrev refname
+ WORKDIR_BASE=/data
+ echo '[post-receive] Starting sync task...'
[post-receive] Starting sync task...
+ read oldrev newrev refname
+ [[ refs/heads/mia-logs =~ ^refs/heads/ ]]
+ branch=mia-logs
+ echo '[post-receive] Processing branch: mia-logs'
[post-receive] Processing branch: mia-logs
+ WORKDIR=/data/mia-logs
+ LOCKFILE=/tmp/git-post-receive-mia-logs.lock
+ exec
+ flock -x 9
+ echo '[post-receive] Acquired lock for mia-logs'
[post-receive] Acquired lock for mia-logs
+ '[' '!' -d /data/mia-logs/.git ']'
+ echo '[post-receive] WORKDIR already exists.'
[post-receive] WORKDIR already exists.
+ cd /data/mia-logs
+ unset GIT_DIR
+ unset GIT_WORK_TREE
+ git checkout mia-logs
Already on 'mia-logs'
Your branch is up to date with 'origin/mia-logs'.
+ git fetch origin
From /data/fcre-data-exp-worktree
   fc353f3..0f8b0c9  mia-logs   -> origin/mia-logs
+ git reset --hard origin/mia-logs
HEAD is now at 0f8b0c9 Wed 2025-09-24 14:32:31 EST
+ git push github mia-logs
To github.com:FLARE-forecast/FCRE-data.git
   fc353f3..0f8b0c9  mia-logs -> mia-logs
+ echo '[post-receive] Sync complete for mia-logs.'
[post-receive] Sync complete for mia-logs.
+ exec
+ read oldrev newrev refname
+ WORKDIR_BASE=/data
+ echo '[post-receive] Starting sync task...'
[post-receive] Starting sync task...
+ read oldrev newrev refname
+ [[ refs/heads/fcre-weir-data =~ ^refs/heads/ ]]
+ branch=fcre-weir-data
+ echo '[post-receive] Processing branch: fcre-weir-data'
[post-receive] Processing branch: fcre-weir-data
+ WORKDIR=/data/fcre-weir-data
+ LOCKFILE=/tmp/git-post-receive-fcre-weir-data.lock
+ exec
+ flock -x 9
+ echo '[post-receive] Acquired lock for fcre-weir-data'
[post-receive] Acquired lock for fcre-weir-data
+ '[' '!' -d /data/fcre-weir-data/.git ']'
+ echo '[post-receive] WORKDIR already exists.'
[post-receive] WORKDIR already exists.
+ cd /data/fcre-weir-data
+ unset GIT_DIR
+ unset GIT_WORK_TREE
+ git checkout fcre-weir-data
Already on 'fcre-weir-data'
Your branch is up to date with 'origin/fcre-weir-data'.
+ git fetch origin
From /data/fcre-data-exp-worktree
   040bac0..c024ec3  fcre-weir-data -> origin/fcre-weir-data
   a418db4..0f8b0c9  mia-logs       -> origin/mia-logs
+ git reset --hard origin/fcre-weir-data
HEAD is now at c024ec3 Wed 2025-09-24 20:09:42 EST
+ git push github fcre-weir-data
To github.com:FLARE-forecast/FCRE-data.git
   040bac0..c024ec3  fcre-weir-data -> fcre-weir-data
+ echo '[post-receive] Sync complete for fcre-weir-data.'
[post-receive] Sync complete for fcre-weir-data.
+ exec
+ read oldrev newrev refname
+ WORKDIR_BASE=/data
+ echo '[post-receive] Starting sync task...'
[post-receive] Starting sync task...
+ read oldrev newrev refname
+ [[ refs/heads/mia-logs =~ ^refs/heads/ ]]
+ branch=mia-logs
+ echo '[post-receive] Processing branch: mia-logs'
[post-receive] Processing branch: mia-logs
+ WORKDIR=/data/mia-logs
+ LOCKFILE=/tmp/git-post-receive-mia-logs.lock
+ exec
+ flock -x 9
+ echo '[post-receive] Acquired lock for mia-logs'
[post-receive] Acquired lock for mia-logs
+ '[' '!' -d /data/mia-logs/.git ']'
+ echo '[post-receive] WORKDIR already exists.'
[post-receive] WORKDIR already exists.
+ cd /data/mia-logs
+ unset GIT_DIR
+ unset GIT_WORK_TREE
+ git checkout mia-logs
Already on 'mia-logs'
Your branch is up to date with 'origin/mia-logs'.
+ git fetch origin
From /data/fcre-data-exp-worktree
   0f8b0c9..802e1c2  mia-logs       -> origin/mia-logs
   040bac0..c024ec3  fcre-weir-data -> origin/fcre-weir-data
+ git reset --hard origin/mia-logs
HEAD is now at 802e1c2 Wed 2025-09-24 20:11:08 EST
+ git push github mia-logs
To github.com:FLARE-forecast/FCRE-data.git
   0f8b0c9..802e1c2  mia-logs -> mia-logs
+ echo '[post-receive] Sync complete for mia-logs.'
[post-receive] Sync complete for mia-logs.
+ exec
+ read oldrev newrev refname
+ WORKDIR_BASE=/data
+ echo '[post-receive] Starting sync task...'
[post-receive] Starting sync task...
+ read oldrev newrev refname
+ [[ refs/heads/mia-logs =~ ^refs/heads/ ]]
+ branch=mia-logs
+ echo '[post-receive] Processing branch: mia-logs'
[post-receive] Processing branch: mia-logs
+ WORKDIR=/data/mia-logs
+ LOCKFILE=/tmp/git-post-receive-mia-logs.lock
+ exec
+ flock -x 9
+ echo '[post-receive] Acquired lock for mia-logs'
[post-receive] Acquired lock for mia-logs
+ '[' '!' -d /data/mia-logs/.git ']'
+ echo '[post-receive] WORKDIR already exists.'
[post-receive] WORKDIR already exists.
+ cd /data/mia-logs
+ unset GIT_DIR
+ unset GIT_WORK_TREE
+ git checkout mia-logs
Already on 'mia-logs'
Your branch is up to date with 'origin/mia-logs'.
+ git fetch origin
From /data/fcre-data-exp-worktree
   802e1c2..a42b758  mia-logs   -> origin/mia-logs
+ git reset --hard origin/mia-logs
HEAD is now at a42b758 Wed 2025-09-24 20:13:58 EST
+ git push github mia-logs
To github.com:FLARE-forecast/FCRE-data.git
   802e1c2..a42b758  mia-logs -> mia-logs
+ echo '[post-receive] Sync complete for mia-logs.'
[post-receive] Sync complete for mia-logs.
+ exec
+ read oldrev newrev refname
+ WORKDIR_BASE=/data
+ echo '[post-receive] Starting sync task...'
[post-receive] Starting sync task...
+ read oldrev newrev refname
+ [[ refs/heads/mia-logs =~ ^refs/heads/ ]]
+ branch=mia-logs
+ echo '[post-receive] Processing branch: mia-logs'
[post-receive] Processing branch: mia-logs
+ WORKDIR=/data/mia-logs
+ LOCKFILE=/tmp/git-post-receive-mia-logs.lock
+ exec
+ flock -x 9
+ echo '[post-receive] Acquired lock for mia-logs'
[post-receive] Acquired lock for mia-logs
+ '[' '!' -d /data/mia-logs/.git ']'
+ echo '[post-receive] WORKDIR already exists.'
[post-receive] WORKDIR already exists.
+ cd /data/mia-logs
+ unset GIT_DIR
+ unset GIT_WORK_TREE
+ git checkout mia-logs
Already on 'mia-logs'
Your branch is up to date with 'origin/mia-logs'.
+ git fetch origin
From /data/fcre-data-exp-worktree
   a42b758..c67eab5  mia-logs   -> origin/mia-logs
+ git reset --hard origin/mia-logs
HEAD is now at c67eab5 Wed 2025-09-24 20:30:02 EST
+ git push github mia-logs
To github.com:FLARE-forecast/FCRE-data.git
   a42b758..c67eab5  mia-logs -> mia-logs
+ echo '[post-receive] Sync complete for mia-logs.'
[post-receive] Sync complete for mia-logs.
+ exec
+ read oldrev newrev refname
+ WORKDIR_BASE=/data
+ echo '[post-receive] Starting sync task...'
[post-receive] Starting sync task...
+ read oldrev newrev refname
+ [[ refs/heads/fcre-weir-data =~ ^refs/heads/ ]]
+ branch=fcre-weir-data
+ echo '[post-receive] Processing branch: fcre-weir-data'
[post-receive] Processing branch: fcre-weir-data
+ WORKDIR=/data/fcre-weir-data
+ LOCKFILE=/tmp/git-post-receive-fcre-weir-data.lock
+ exec
+ flock -x 9
+ echo '[post-receive] Acquired lock for fcre-weir-data'
[post-receive] Acquired lock for fcre-weir-data
+ '[' '!' -d /data/fcre-weir-data/.git ']'
+ echo '[post-receive] WORKDIR already exists.'
[post-receive] WORKDIR already exists.
+ cd /data/fcre-weir-data
+ unset GIT_DIR
+ unset GIT_WORK_TREE
+ git checkout fcre-weir-data
Already on 'fcre-weir-data'
Your branch is up to date with 'origin/fcre-weir-data'.
+ git fetch origin
From /data/fcre-data-exp-worktree
   c024ec3..2b8e135  fcre-weir-data -> origin/fcre-weir-data
   0f8b0c9..c67eab5  mia-logs       -> origin/mia-logs
+ git reset --hard origin/fcre-weir-data
HEAD is now at 2b8e135 Thu 2025-09-25 00:19:40 EST
+ git push github fcre-weir-data
To github.com:FLARE-forecast/FCRE-data.git
   c024ec3..2b8e135  fcre-weir-data -> fcre-weir-data
+ echo '[post-receive] Sync complete for fcre-weir-data.'
[post-receive] Sync complete for fcre-weir-data.
+ exec
+ read oldrev newrev refname
+ WORKDIR_BASE=/data
+ echo '[post-receive] Starting sync task...'
[post-receive] Starting sync task...
+ read oldrev newrev refname
+ [[ refs/heads/fcre-weir-data =~ ^refs/heads/ ]]
+ branch=fcre-weir-data
+ echo '[post-receive] Processing branch: fcre-weir-data'
[post-receive] Processing branch: fcre-weir-data
+ WORKDIR=/data/fcre-weir-data
+ LOCKFILE=/tmp/git-post-receive-fcre-weir-data.lock
+ exec
+ flock -x 9
+ echo '[post-receive] Acquired lock for fcre-weir-data'
[post-receive] Acquired lock for fcre-weir-data
+ '[' '!' -d /data/fcre-weir-data/.git ']'
+ echo '[post-receive] WORKDIR already exists.'
[post-receive] WORKDIR already exists.
+ cd /data/fcre-weir-data
+ unset GIT_DIR
+ unset GIT_WORK_TREE
+ git checkout fcre-weir-data
Already on 'fcre-weir-data'
Your branch is up to date with 'origin/fcre-weir-data'.
+ git fetch origin
From /data/fcre-data-exp-worktree
   2b8e135..6c2e09c  fcre-weir-data -> origin/fcre-weir-data
+ git reset --hard origin/fcre-weir-data
HEAD is now at 6c2e09c Thu 2025-09-25 06:04:43 EST
+ git push github fcre-weir-data
To github.com:FLARE-forecast/FCRE-data.git
   2b8e135..6c2e09c  fcre-weir-data -> fcre-weir-data
+ echo '[post-receive] Sync complete for fcre-weir-data.'
[post-receive] Sync complete for fcre-weir-data.
+ exec
+ read oldrev newrev refname
+ WORKDIR_BASE=/data
+ echo '[post-receive] Starting sync task...'
[post-receive] Starting sync task...
+ read oldrev newrev refname
+ [[ refs/heads/mia-logs =~ ^refs/heads/ ]]
+ branch=mia-logs
+ echo '[post-receive] Processing branch: mia-logs'
[post-receive] Processing branch: mia-logs
+ WORKDIR=/data/mia-logs
+ LOCKFILE=/tmp/git-post-receive-mia-logs.lock
+ exec
+ flock -x 9
+ echo '[post-receive] Acquired lock for mia-logs'
[post-receive] Acquired lock for mia-logs
+ '[' '!' -d /data/mia-logs/.git ']'
+ echo '[post-receive] WORKDIR already exists.'
[post-receive] WORKDIR already exists.
+ cd /data/mia-logs
+ unset GIT_DIR
+ unset GIT_WORK_TREE
+ git checkout mia-logs
Already on 'mia-logs'
Your branch is up to date with 'origin/mia-logs'.
+ git fetch origin
From /data/fcre-data-exp-worktree
   c67eab5..6c5fa34  mia-logs       -> origin/mia-logs
   c024ec3..6c2e09c  fcre-weir-data -> origin/fcre-weir-data
+ git reset --hard origin/mia-logs
HEAD is now at 6c5fa34 Wed 2025-09-24 20:33:07 EST
+ git push github mia-logs
To github.com:FLARE-forecast/FCRE-data.git
   c67eab5..6c5fa34  mia-logs -> mia-logs
+ echo '[post-receive] Sync complete for mia-logs.'
[post-receive] Sync complete for mia-logs.
+ exec
+ read oldrev newrev refname
+ WORKDIR_BASE=/data
+ echo '[post-receive] Starting sync task...'
[post-receive] Starting sync task...
+ read oldrev newrev refname
+ [[ refs/heads/mia-logs =~ ^refs/heads/ ]]
+ branch=mia-logs
+ echo '[post-receive] Processing branch: mia-logs'
[post-receive] Processing branch: mia-logs
+ WORKDIR=/data/mia-logs
+ LOCKFILE=/tmp/git-post-receive-mia-logs.lock
+ exec
+ flock -x 9
+ echo '[post-receive] Acquired lock for mia-logs'
[post-receive] Acquired lock for mia-logs
+ '[' '!' -d /data/mia-logs/.git ']'
+ echo '[post-receive] WORKDIR already exists.'
[post-receive] WORKDIR already exists.
+ cd /data/mia-logs
+ unset GIT_DIR
+ unset GIT_WORK_TREE
+ git checkout mia-logs
Already on 'mia-logs'
Your branch is up to date with 'origin/mia-logs'.
+ git fetch origin
From /data/fcre-data-exp-worktree
   6c5fa34..57c0778  mia-logs   -> origin/mia-logs
+ git reset --hard origin/mia-logs
HEAD is now at 57c0778 Thu 2025-09-25 00:19:49 EST
+ git push github mia-logs
ssh: Could not resolve hostname github.com: Temporary failure in name resolution
fatal: Could not read from remote repository.

Please make sure you have the correct access rights
and the repository exists.
+ WORKDIR_BASE=/data
+ echo '[post-receive] Starting sync task...'
[post-receive] Starting sync task...
+ read oldrev newrev refname
+ [[ refs/heads/mia-logs =~ ^refs/heads/ ]]
+ branch=mia-logs
+ echo '[post-receive] Processing branch: mia-logs'
[post-receive] Processing branch: mia-logs
+ WORKDIR=/data/mia-logs
+ LOCKFILE=/tmp/git-post-receive-mia-logs.lock
+ exec
+ flock -x 9
+ echo '[post-receive] Acquired lock for mia-logs'
[post-receive] Acquired lock for mia-logs
+ '[' '!' -d /data/mia-logs/.git ']'
+ echo '[post-receive] WORKDIR already exists.'
[post-receive] WORKDIR already exists.
+ cd /data/mia-logs
+ unset GIT_DIR
+ unset GIT_WORK_TREE
+ git checkout mia-logs
Already on 'mia-logs'
Your branch is up to date with 'origin/mia-logs'.
+ git fetch origin
From /data/fcre-data-exp-worktree
   57c0778..fdd37ac  mia-logs   -> origin/mia-logs
+ git reset --hard origin/mia-logs
HEAD is now at fdd37ac Thu 2025-09-25 00:20:35 EST
+ git push github mia-logs
To github.com:FLARE-forecast/FCRE-data.git
   6c5fa34..fdd37ac  mia-logs -> mia-logs
+ echo '[post-receive] Sync complete for mia-logs.'
[post-receive] Sync complete for mia-logs.
+ exec
+ read oldrev newrev refname
+ WORKDIR_BASE=/data
+ echo '[post-receive] Starting sync task...'
[post-receive] Starting sync task...
+ read oldrev newrev refname
+ [[ refs/heads/mia-logs =~ ^refs/heads/ ]]
+ branch=mia-logs
+ echo '[post-receive] Processing branch: mia-logs'
[post-receive] Processing branch: mia-logs
+ WORKDIR=/data/mia-logs
+ LOCKFILE=/tmp/git-post-receive-mia-logs.lock
+ exec
+ flock -x 9
+ echo '[post-receive] Acquired lock for mia-logs'
[post-receive] Acquired lock for mia-logs
+ '[' '!' -d /data/mia-logs/.git ']'
+ echo '[post-receive] WORKDIR already exists.'
[post-receive] WORKDIR already exists.
+ cd /data/mia-logs
+ unset GIT_DIR
+ unset GIT_WORK_TREE
+ git checkout mia-logs
Already on 'mia-logs'
Your branch is up to date with 'origin/mia-logs'.
+ git fetch origin
From /data/fcre-data-exp-worktree
   fdd37ac..6e524c4  mia-logs   -> origin/mia-logs
+ git reset --hard origin/mia-logs
HEAD is now at 6e524c4 Thu 2025-09-25 00:32:23 EST
+ git push github mia-logs
To github.com:FLARE-forecast/FCRE-data.git
   fdd37ac..6e524c4  mia-logs -> mia-logs
+ echo '[post-receive] Sync complete for mia-logs.'
[post-receive] Sync complete for mia-logs.
+ exec
+ read oldrev newrev refname
+ WORKDIR_BASE=/data
+ echo '[post-receive] Starting sync task...'
[post-receive] Starting sync task...
+ read oldrev newrev refname
+ [[ refs/heads/mia-logs =~ ^refs/heads/ ]]
+ branch=mia-logs
+ echo '[post-receive] Processing branch: mia-logs'
[post-receive] Processing branch: mia-logs
+ WORKDIR=/data/mia-logs
+ LOCKFILE=/tmp/git-post-receive-mia-logs.lock
+ exec
+ flock -x 9
+ echo '[post-receive] Acquired lock for mia-logs'
[post-receive] Acquired lock for mia-logs
+ '[' '!' -d /data/mia-logs/.git ']'
+ echo '[post-receive] WORKDIR already exists.'
[post-receive] WORKDIR already exists.
+ cd /data/mia-logs
+ unset GIT_DIR
+ unset GIT_WORK_TREE
+ git checkout mia-logs
Already on 'mia-logs'
Your branch is up to date with 'origin/mia-logs'.
+ git fetch origin
From /data/fcre-data-exp-worktree
   6e524c4..1199c14  mia-logs   -> origin/mia-logs
+ git reset --hard origin/mia-logs
HEAD is now at 1199c14 Thu 2025-09-25 06:10:30 EST
+ git push github mia-logs
ssh: Could not resolve hostname github.com: Temporary failure in name resolution
fatal: Could not read from remote repository.

Please make sure you have the correct access rights
and the repository exists.
+ WORKDIR_BASE=/data
+ echo '[post-receive] Starting sync task...'
[post-receive] Starting sync task...
+ read oldrev newrev refname
+ [[ refs/heads/mia-logs =~ ^refs/heads/ ]]
+ branch=mia-logs
+ echo '[post-receive] Processing branch: mia-logs'
[post-receive] Processing branch: mia-logs
+ WORKDIR=/data/mia-logs
+ LOCKFILE=/tmp/git-post-receive-mia-logs.lock
+ exec
+ flock -x 9
+ echo '[post-receive] Acquired lock for mia-logs'
[post-receive] Acquired lock for mia-logs
+ '[' '!' -d /data/mia-logs/.git ']'
+ echo '[post-receive] WORKDIR already exists.'
[post-receive] WORKDIR already exists.
+ cd /data/mia-logs
+ unset GIT_DIR
+ unset GIT_WORK_TREE
+ git checkout mia-logs
Already on 'mia-logs'
Your branch is up to date with 'origin/mia-logs'.
+ git fetch origin
From /data/fcre-data-exp-worktree
   1199c14..7cd59ea  mia-logs   -> origin/mia-logs
+ git reset --hard origin/mia-logs
HEAD is now at 7cd59ea Thu 2025-09-25 06:26:05 EST
+ git push github mia-logs
To github.com:FLARE-forecast/FCRE-data.git
   6e524c4..7cd59ea  mia-logs -> mia-logs
+ echo '[post-receive] Sync complete for mia-logs.'
[post-receive] Sync complete for mia-logs.
+ exec
+ read oldrev newrev refname
+ WORKDIR_BASE=/data
+ echo '[post-receive] Starting sync task...'
[post-receive] Starting sync task...
+ read oldrev newrev refname
+ [[ refs/heads/fcre-weir-data =~ ^refs/heads/ ]]
+ branch=fcre-weir-data
+ echo '[post-receive] Processing branch: fcre-weir-data'
[post-receive] Processing branch: fcre-weir-data
+ WORKDIR=/data/fcre-weir-data
+ LOCKFILE=/tmp/git-post-receive-fcre-weir-data.lock
+ exec
+ flock -x 9
+ echo '[post-receive] Acquired lock for fcre-weir-data'
[post-receive] Acquired lock for fcre-weir-data
+ '[' '!' -d /data/fcre-weir-data/.git ']'
+ echo '[post-receive] WORKDIR already exists.'
[post-receive] WORKDIR already exists.
+ cd /data/fcre-weir-data
+ unset GIT_DIR
+ unset GIT_WORK_TREE
+ git checkout fcre-weir-data
Already on 'fcre-weir-data'
Your branch is up to date with 'origin/fcre-weir-data'.
+ git fetch origin
From /data/fcre-data-exp-worktree
   6c2e09c..1e7cc43  fcre-weir-data -> origin/fcre-weir-data
   c67eab5..7cd59ea  mia-logs       -> origin/mia-logs
+ git reset --hard origin/fcre-weir-data
HEAD is now at 1e7cc43 Thu 2025-09-25 10:09:41 EST
+ git push github fcre-weir-data
To github.com:FLARE-forecast/FCRE-data.git
   6c2e09c..1e7cc43  fcre-weir-data -> fcre-weir-data
+ echo '[post-receive] Sync complete for fcre-weir-data.'
[post-receive] Sync complete for fcre-weir-data.
+ exec
+ read oldrev newrev refname
+ WORKDIR_BASE=/data
+ echo '[post-receive] Starting sync task...'
[post-receive] Starting sync task...
+ read oldrev newrev refname
+ [[ refs/heads/mia-logs =~ ^refs/heads/ ]]
+ branch=mia-logs
+ echo '[post-receive] Processing branch: mia-logs'
[post-receive] Processing branch: mia-logs
+ WORKDIR=/data/mia-logs
+ LOCKFILE=/tmp/git-post-receive-mia-logs.lock
+ exec
+ flock -x 9
+ echo '[post-receive] Acquired lock for mia-logs'
[post-receive] Acquired lock for mia-logs
+ '[' '!' -d /data/mia-logs/.git ']'
+ echo '[post-receive] WORKDIR already exists.'
[post-receive] WORKDIR already exists.
+ cd /data/mia-logs
+ unset GIT_DIR
+ unset GIT_WORK_TREE
+ git checkout mia-logs
Already on 'mia-logs'
Your branch is up to date with 'origin/mia-logs'.
+ git fetch origin
From /data/fcre-data-exp-worktree
   7cd59ea..ee4bc24  mia-logs       -> origin/mia-logs
   6c2e09c..1e7cc43  fcre-weir-data -> origin/fcre-weir-data
+ git reset --hard origin/mia-logs
HEAD is now at ee4bc24 Thu 2025-09-25 10:22:49 EST
+ git push github mia-logs
To github.com:FLARE-forecast/FCRE-data.git
   7cd59ea..ee4bc24  mia-logs -> mia-logs
+ echo '[post-receive] Sync complete for mia-logs.'
[post-receive] Sync complete for mia-logs.
+ exec
+ read oldrev newrev refname
+ WORKDIR_BASE=/data
+ echo '[post-receive] Starting sync task...'
[post-receive] Starting sync task...
+ read oldrev newrev refname
+ [[ refs/heads/fcre-weir-data =~ ^refs/heads/ ]]
+ branch=fcre-weir-data
+ echo '[post-receive] Processing branch: fcre-weir-data'
[post-receive] Processing branch: fcre-weir-data
+ WORKDIR=/data/fcre-weir-data
+ LOCKFILE=/tmp/git-post-receive-fcre-weir-data.lock
+ exec
+ flock -x 9
+ echo '[post-receive] Acquired lock for fcre-weir-data'
[post-receive] Acquired lock for fcre-weir-data
+ '[' '!' -d /data/fcre-weir-data/.git ']'
+ echo '[post-receive] WORKDIR already exists.'
[post-receive] WORKDIR already exists.
+ cd /data/fcre-weir-data
+ unset GIT_DIR
+ unset GIT_WORK_TREE
+ git checkout fcre-weir-data
Already on 'fcre-weir-data'
Your branch is up to date with 'origin/fcre-weir-data'.
+ git fetch origin
From /data/fcre-data-exp-worktree
   1e7cc43..7013191  fcre-weir-data -> origin/fcre-weir-data
   7cd59ea..ee4bc24  mia-logs       -> origin/mia-logs
+ git reset --hard origin/fcre-weir-data
HEAD is now at 7013191 Thu 2025-09-25 14:19:41 EST
+ git push github fcre-weir-data
To github.com:FLARE-forecast/FCRE-data.git
   1e7cc43..7013191  fcre-weir-data -> fcre-weir-data
+ echo '[post-receive] Sync complete for fcre-weir-data.'
[post-receive] Sync complete for fcre-weir-data.
+ exec
+ read oldrev newrev refname
+ WORKDIR_BASE=/data
+ echo '[post-receive] Starting sync task...'
[post-receive] Starting sync task...
+ read oldrev newrev refname
+ [[ refs/heads/fcre-weir-data =~ ^refs/heads/ ]]
+ branch=fcre-weir-data
+ echo '[post-receive] Processing branch: fcre-weir-data'
[post-receive] Processing branch: fcre-weir-data
+ WORKDIR=/data/fcre-weir-data
+ LOCKFILE=/tmp/git-post-receive-fcre-weir-data.lock
+ exec
+ flock -x 9
+ echo '[post-receive] Acquired lock for fcre-weir-data'
[post-receive] Acquired lock for fcre-weir-data
+ '[' '!' -d /data/fcre-weir-data/.git ']'
+ echo '[post-receive] WORKDIR already exists.'
[post-receive] WORKDIR already exists.
+ cd /data/fcre-weir-data
+ unset GIT_DIR
+ unset GIT_WORK_TREE
+ git checkout fcre-weir-data
Already on 'fcre-weir-data'
Your branch is up to date with 'origin/fcre-weir-data'.
+ git fetch origin
From /data/fcre-data-exp-worktree
   7013191..69b7290  fcre-weir-data -> origin/fcre-weir-data
+ git reset --hard origin/fcre-weir-data
HEAD is now at 69b7290 Thu 2025-09-25 20:09:43 EST
+ git push github fcre-weir-data
To github.com:FLARE-forecast/FCRE-data.git
   7013191..69b7290  fcre-weir-data -> fcre-weir-data
+ echo '[post-receive] Sync complete for fcre-weir-data.'
[post-receive] Sync complete for fcre-weir-data.
+ exec
+ read oldrev newrev refname
+ WORKDIR_BASE=/data
+ echo '[post-receive] Starting sync task...'
[post-receive] Starting sync task...
+ read oldrev newrev refname
+ [[ refs/heads/mia-logs =~ ^refs/heads/ ]]
+ branch=mia-logs
+ echo '[post-receive] Processing branch: mia-logs'
[post-receive] Processing branch: mia-logs
+ WORKDIR=/data/mia-logs
+ LOCKFILE=/tmp/git-post-receive-mia-logs.lock
+ exec
+ flock -x 9
+ echo '[post-receive] Acquired lock for mia-logs'
[post-receive] Acquired lock for mia-logs
+ '[' '!' -d /data/mia-logs/.git ']'
+ echo '[post-receive] WORKDIR already exists.'
[post-receive] WORKDIR already exists.
+ cd /data/mia-logs
+ unset GIT_DIR
+ unset GIT_WORK_TREE
+ git checkout mia-logs
Already on 'mia-logs'
Your branch is up to date with 'origin/mia-logs'.
+ git fetch origin
From /data/fcre-data-exp-worktree
   ee4bc24..9ac4841  mia-logs       -> origin/mia-logs
   1e7cc43..69b7290  fcre-weir-data -> origin/fcre-weir-data
+ git reset --hard origin/mia-logs
HEAD is now at 9ac4841 Thu 2025-09-25 14:26:16 EST
+ git push github mia-logs
To github.com:FLARE-forecast/FCRE-data.git
   ee4bc24..9ac4841  mia-logs -> mia-logs
+ echo '[post-receive] Sync complete for mia-logs.'
[post-receive] Sync complete for mia-logs.
+ exec
+ read oldrev newrev refname
+ WORKDIR_BASE=/data
+ echo '[post-receive] Starting sync task...'
[post-receive] Starting sync task...
+ read oldrev newrev refname
+ [[ refs/heads/mia-logs =~ ^refs/heads/ ]]
+ branch=mia-logs
+ echo '[post-receive] Processing branch: mia-logs'
[post-receive] Processing branch: mia-logs
+ WORKDIR=/data/mia-logs
+ LOCKFILE=/tmp/git-post-receive-mia-logs.lock
+ exec
+ flock -x 9
+ echo '[post-receive] Acquired lock for mia-logs'
[post-receive] Acquired lock for mia-logs
+ '[' '!' -d /data/mia-logs/.git ']'
+ echo '[post-receive] WORKDIR already exists.'
[post-receive] WORKDIR already exists.
+ cd /data/mia-logs
+ unset GIT_DIR
+ unset GIT_WORK_TREE
+ git checkout mia-logs
Already on 'mia-logs'
Your branch is up to date with 'origin/mia-logs'.
+ git fetch origin
From /data/fcre-data-exp-worktree
   9ac4841..a3eb925  mia-logs   -> origin/mia-logs
+ git reset --hard origin/mia-logs
HEAD is now at a3eb925 Thu 2025-09-25 14:48:37 EST
+ git push github mia-logs
To github.com:FLARE-forecast/FCRE-data.git
   9ac4841..a3eb925  mia-logs -> mia-logs
+ echo '[post-receive] Sync complete for mia-logs.'
[post-receive] Sync complete for mia-logs.
+ exec
+ read oldrev newrev refname
+ WORKDIR_BASE=/data
+ echo '[post-receive] Starting sync task...'
[post-receive] Starting sync task...
+ read oldrev newrev refname
+ [[ refs/heads/mia-logs =~ ^refs/heads/ ]]
+ branch=mia-logs
+ echo '[post-receive] Processing branch: mia-logs'
[post-receive] Processing branch: mia-logs
+ WORKDIR=/data/mia-logs
+ LOCKFILE=/tmp/git-post-receive-mia-logs.lock
+ exec
+ flock -x 9
+ echo '[post-receive] Acquired lock for mia-logs'
[post-receive] Acquired lock for mia-logs
+ '[' '!' -d /data/mia-logs/.git ']'
+ echo '[post-receive] WORKDIR already exists.'
[post-receive] WORKDIR already exists.
+ cd /data/mia-logs
+ unset GIT_DIR
+ unset GIT_WORK_TREE
+ git checkout mia-logs
Already on 'mia-logs'
Your branch is up to date with 'origin/mia-logs'.
+ git fetch origin
From /data/fcre-data-exp-worktree
   a3eb925..12d61d9  mia-logs   -> origin/mia-logs
+ git reset --hard origin/mia-logs
HEAD is now at 12d61d9 Thu 2025-09-25 20:12:44 EST
+ git push github mia-logs
To github.com:FLARE-forecast/FCRE-data.git
   a3eb925..12d61d9  mia-logs -> mia-logs
+ echo '[post-receive] Sync complete for mia-logs.'
[post-receive] Sync complete for mia-logs.
+ exec
+ read oldrev newrev refname
+ WORKDIR_BASE=/data
+ echo '[post-receive] Starting sync task...'
[post-receive] Starting sync task...
+ read oldrev newrev refname
+ [[ refs/heads/fcre-weir-data =~ ^refs/heads/ ]]
+ branch=fcre-weir-data
+ echo '[post-receive] Processing branch: fcre-weir-data'
[post-receive] Processing branch: fcre-weir-data
+ WORKDIR=/data/fcre-weir-data
+ LOCKFILE=/tmp/git-post-receive-fcre-weir-data.lock
+ exec
+ flock -x 9
+ echo '[post-receive] Acquired lock for fcre-weir-data'
[post-receive] Acquired lock for fcre-weir-data
+ '[' '!' -d /data/fcre-weir-data/.git ']'
+ echo '[post-receive] WORKDIR already exists.'
[post-receive] WORKDIR already exists.
+ cd /data/fcre-weir-data
+ unset GIT_DIR
+ unset GIT_WORK_TREE
+ git checkout fcre-weir-data
Already on 'fcre-weir-data'
Your branch is up to date with 'origin/fcre-weir-data'.
+ git fetch origin
From /data/fcre-data-exp-worktree
   69b7290..f5b7a3a  fcre-weir-data -> origin/fcre-weir-data
   ee4bc24..12d61d9  mia-logs       -> origin/mia-logs
+ git reset --hard origin/fcre-weir-data
HEAD is now at f5b7a3a Fri 2025-09-26 00:19:41 EST
+ git push github fcre-weir-data
To github.com:FLARE-forecast/FCRE-data.git
   69b7290..f5b7a3a  fcre-weir-data -> fcre-weir-data
+ echo '[post-receive] Sync complete for fcre-weir-data.'
[post-receive] Sync complete for fcre-weir-data.
+ exec
+ read oldrev newrev refname
+ WORKDIR_BASE=/data
+ echo '[post-receive] Starting sync task...'
[post-receive] Starting sync task...
+ read oldrev newrev refname
+ [[ refs/heads/mia-logs =~ ^refs/heads/ ]]
+ branch=mia-logs
+ echo '[post-receive] Processing branch: mia-logs'
[post-receive] Processing branch: mia-logs
+ WORKDIR=/data/mia-logs
+ LOCKFILE=/tmp/git-post-receive-mia-logs.lock
+ exec
+ flock -x 9
+ echo '[post-receive] Acquired lock for mia-logs'
[post-receive] Acquired lock for mia-logs
+ '[' '!' -d /data/mia-logs/.git ']'
+ echo '[post-receive] WORKDIR already exists.'
[post-receive] WORKDIR already exists.
+ cd /data/mia-logs
+ unset GIT_DIR
+ unset GIT_WORK_TREE
+ git checkout mia-logs
Already on 'mia-logs'
Your branch is up to date with 'origin/mia-logs'.
+ git fetch origin
From /data/fcre-data-exp-worktree
   12d61d9..5f386cb  mia-logs       -> origin/mia-logs
   69b7290..f5b7a3a  fcre-weir-data -> origin/fcre-weir-data
+ git reset --hard origin/mia-logs
HEAD is now at 5f386cb Thu 2025-09-25 20:30:02 EST
+ git push github mia-logs
To github.com:FLARE-forecast/FCRE-data.git
   12d61d9..5f386cb  mia-logs -> mia-logs
+ echo '[post-receive] Sync complete for mia-logs.'
[post-receive] Sync complete for mia-logs.
+ exec
+ read oldrev newrev refname
+ WORKDIR_BASE=/data
+ echo '[post-receive] Starting sync task...'
[post-receive] Starting sync task...
+ read oldrev newrev refname
+ [[ refs/heads/mia-logs =~ ^refs/heads/ ]]
+ branch=mia-logs
+ echo '[post-receive] Processing branch: mia-logs'
[post-receive] Processing branch: mia-logs
+ WORKDIR=/data/mia-logs
+ LOCKFILE=/tmp/git-post-receive-mia-logs.lock
+ exec
+ flock -x 9
+ echo '[post-receive] Acquired lock for mia-logs'
[post-receive] Acquired lock for mia-logs
+ '[' '!' -d /data/mia-logs/.git ']'
+ echo '[post-receive] WORKDIR already exists.'
[post-receive] WORKDIR already exists.
+ cd /data/mia-logs
+ unset GIT_DIR
+ unset GIT_WORK_TREE
+ git checkout mia-logs
Already on 'mia-logs'
Your branch is up to date with 'origin/mia-logs'.
+ git fetch origin
From /data/fcre-data-exp-worktree
   5f386cb..a716fd0  mia-logs   -> origin/mia-logs
+ git reset --hard origin/mia-logs
HEAD is now at a716fd0 Thu 2025-09-25 20:34:54 EST
+ git push github mia-logs
client_loop: send disconnect: Broken pipe
send-pack: unexpected disconnect while reading sideband packet
fatal: the remote end hung up unexpectedly
+ WORKDIR_BASE=/data
+ echo '[post-receive] Starting sync task...'
[post-receive] Starting sync task...
+ read oldrev newrev refname
+ [[ refs/heads/fcre-weir-data =~ ^refs/heads/ ]]
+ branch=fcre-weir-data
+ echo '[post-receive] Processing branch: fcre-weir-data'
[post-receive] Processing branch: fcre-weir-data
+ WORKDIR=/data/fcre-weir-data
+ LOCKFILE=/tmp/git-post-receive-fcre-weir-data.lock
+ exec
+ flock -x 9
+ echo '[post-receive] Acquired lock for fcre-weir-data'
[post-receive] Acquired lock for fcre-weir-data
+ '[' '!' -d /data/fcre-weir-data/.git ']'
+ echo '[post-receive] WORKDIR already exists.'
[post-receive] WORKDIR already exists.
+ cd /data/fcre-weir-data
+ unset GIT_DIR
+ unset GIT_WORK_TREE
+ git checkout fcre-weir-data
Already on 'fcre-weir-data'
Your branch is up to date with 'origin/fcre-weir-data'.
+ git fetch origin
From /data/fcre-data-exp-worktree
   f5b7a3a..6adc00a  fcre-weir-data -> origin/fcre-weir-data
   12d61d9..a716fd0  mia-logs       -> origin/mia-logs
+ git reset --hard origin/fcre-weir-data
HEAD is now at 6adc00a Fri 2025-09-26 06:04:42 EST
+ git push github fcre-weir-data
To github.com:FLARE-forecast/FCRE-data.git
   f5b7a3a..6adc00a  fcre-weir-data -> fcre-weir-data
+ echo '[post-receive] Sync complete for fcre-weir-data.'
[post-receive] Sync complete for fcre-weir-data.
+ exec
+ read oldrev newrev refname
+ WORKDIR_BASE=/data
+ echo '[post-receive] Starting sync task...'
[post-receive] Starting sync task...
+ read oldrev newrev refname
+ [[ refs/heads/mia-logs =~ ^refs/heads/ ]]
+ branch=mia-logs
+ echo '[post-receive] Processing branch: mia-logs'
[post-receive] Processing branch: mia-logs
+ WORKDIR=/data/mia-logs
+ LOCKFILE=/tmp/git-post-receive-mia-logs.lock
+ exec
+ flock -x 9
+ echo '[post-receive] Acquired lock for mia-logs'
[post-receive] Acquired lock for mia-logs
+ '[' '!' -d /data/mia-logs/.git ']'
+ echo '[post-receive] WORKDIR already exists.'
[post-receive] WORKDIR already exists.
+ cd /data/mia-logs
+ unset GIT_DIR
+ unset GIT_WORK_TREE
+ git checkout mia-logs
Already on 'mia-logs'
Your branch is up to date with 'origin/mia-logs'.
+ git fetch origin
From /data/fcre-data-exp-worktree
   a716fd0..28ed9fd  mia-logs       -> origin/mia-logs
   f5b7a3a..6adc00a  fcre-weir-data -> origin/fcre-weir-data
+ git reset --hard origin/mia-logs
HEAD is now at 28ed9fd Fri 2025-09-26 00:33:03 EST
+ git push github mia-logs
To github.com:FLARE-forecast/FCRE-data.git
   a716fd0..28ed9fd  mia-logs -> mia-logs
+ echo '[post-receive] Sync complete for mia-logs.'
[post-receive] Sync complete for mia-logs.
+ exec
+ read oldrev newrev refname
+ WORKDIR_BASE=/data
+ echo '[post-receive] Starting sync task...'
[post-receive] Starting sync task...
+ read oldrev newrev refname
+ [[ refs/heads/mia-logs =~ ^refs/heads/ ]]
+ branch=mia-logs
+ echo '[post-receive] Processing branch: mia-logs'
[post-receive] Processing branch: mia-logs
+ WORKDIR=/data/mia-logs
+ LOCKFILE=/tmp/git-post-receive-mia-logs.lock
+ exec
+ flock -x 9
+ echo '[post-receive] Acquired lock for mia-logs'
[post-receive] Acquired lock for mia-logs
+ '[' '!' -d /data/mia-logs/.git ']'
+ echo '[post-receive] WORKDIR already exists.'
[post-receive] WORKDIR already exists.
+ cd /data/mia-logs
+ unset GIT_DIR
+ unset GIT_WORK_TREE
+ git checkout mia-logs
Already on 'mia-logs'
Your branch is up to date with 'origin/mia-logs'.
+ git fetch origin
From /data/fcre-data-exp-worktree
   28ed9fd..8d3e1a4  mia-logs   -> origin/mia-logs
+ git reset --hard origin/mia-logs
HEAD is now at 8d3e1a4 Fri 2025-09-26 10:15:05 EST
+ git push github mia-logs
To github.com:FLARE-forecast/FCRE-data.git
   28ed9fd..8d3e1a4  mia-logs -> mia-logs
+ echo '[post-receive] Sync complete for mia-logs.'
[post-receive] Sync complete for mia-logs.
+ exec
+ read oldrev newrev refname
+ WORKDIR_BASE=/data
+ echo '[post-receive] Starting sync task...'
[post-receive] Starting sync task...
+ read oldrev newrev refname
+ [[ refs/heads/mia-logs =~ ^refs/heads/ ]]
+ branch=mia-logs
+ echo '[post-receive] Processing branch: mia-logs'
[post-receive] Processing branch: mia-logs
+ WORKDIR=/data/mia-logs
+ LOCKFILE=/tmp/git-post-receive-mia-logs.lock
+ exec
+ flock -x 9
+ echo '[post-receive] Acquired lock for mia-logs'
[post-receive] Acquired lock for mia-logs
+ '[' '!' -d /data/mia-logs/.git ']'
+ echo '[post-receive] WORKDIR already exists.'
[post-receive] WORKDIR already exists.
+ cd /data/mia-logs
+ unset GIT_DIR
+ unset GIT_WORK_TREE
+ git checkout mia-logs
Already on 'mia-logs'
Your branch is up to date with 'origin/mia-logs'.
+ git fetch origin
From /data/fcre-data-exp-worktree
   8d3e1a4..11b4b0f  mia-logs   -> origin/mia-logs
+ git reset --hard origin/mia-logs
HEAD is now at 11b4b0f Fri 2025-09-26 12:17:05 EST
+ git push github mia-logs
To github.com:FLARE-forecast/FCRE-data.git
   8d3e1a4..11b4b0f  mia-logs -> mia-logs
+ echo '[post-receive] Sync complete for mia-logs.'
[post-receive] Sync complete for mia-logs.
+ exec
+ read oldrev newrev refname
+ WORKDIR_BASE=/data
+ echo '[post-receive] Starting sync task...'
[post-receive] Starting sync task...
+ read oldrev newrev refname
+ [[ refs/heads/fcre-weir-data =~ ^refs/heads/ ]]
+ branch=fcre-weir-data
+ echo '[post-receive] Processing branch: fcre-weir-data'
[post-receive] Processing branch: fcre-weir-data
+ WORKDIR=/data/fcre-weir-data
+ LOCKFILE=/tmp/git-post-receive-fcre-weir-data.lock
+ exec
+ flock -x 9
+ echo '[post-receive] Acquired lock for fcre-weir-data'
[post-receive] Acquired lock for fcre-weir-data
+ '[' '!' -d /data/fcre-weir-data/.git ']'
+ echo '[post-receive] WORKDIR already exists.'
[post-receive] WORKDIR already exists.
+ cd /data/fcre-weir-data
+ unset GIT_DIR
+ unset GIT_WORK_TREE
+ git checkout fcre-weir-data
Already on 'fcre-weir-data'
Your branch is up to date with 'origin/fcre-weir-data'.
+ git fetch origin
From /data/fcre-data-exp-worktree
   6adc00a..5226245  fcre-weir-data -> origin/fcre-weir-data
   a716fd0..11b4b0f  mia-logs       -> origin/mia-logs
+ git reset --hard origin/fcre-weir-data
HEAD is now at 5226245 Fri 2025-09-26 10:09:41 EST
+ git push github fcre-weir-data
ssh: Could not resolve hostname github.com: Temporary failure in name resolution
fatal: Could not read from remote repository.

Please make sure you have the correct access rights
and the repository exists.
+ WORKDIR_BASE=/data
+ echo '[post-receive] Starting sync task...'
[post-receive] Starting sync task...
+ read oldrev newrev refname
+ [[ refs/heads/mia-logs =~ ^refs/heads/ ]]
+ branch=mia-logs
+ echo '[post-receive] Processing branch: mia-logs'
[post-receive] Processing branch: mia-logs
+ WORKDIR=/data/mia-logs
+ LOCKFILE=/tmp/git-post-receive-mia-logs.lock
+ exec
+ flock -x 9
+ echo '[post-receive] Acquired lock for mia-logs'
[post-receive] Acquired lock for mia-logs
+ '[' '!' -d /data/mia-logs/.git ']'
+ echo '[post-receive] WORKDIR already exists.'
[post-receive] WORKDIR already exists.
+ cd /data/mia-logs
+ unset GIT_DIR
+ unset GIT_WORK_TREE
+ git checkout mia-logs
Already on 'mia-logs'
Your branch is up to date with 'origin/mia-logs'.
+ git fetch origin
From /data/fcre-data-exp-worktree
   11b4b0f..acca441  mia-logs       -> origin/mia-logs
   6adc00a..5226245  fcre-weir-data -> origin/fcre-weir-data
+ git reset --hard origin/mia-logs
HEAD is now at acca441 Fri 2025-09-26 12:40:52 EST
+ git push github mia-logs
To github.com:FLARE-forecast/FCRE-data.git
   11b4b0f..acca441  mia-logs -> mia-logs
+ echo '[post-receive] Sync complete for mia-logs.'
[post-receive] Sync complete for mia-logs.
+ exec
+ read oldrev newrev refname
+ WORKDIR_BASE=/data
+ echo '[post-receive] Starting sync task...'
[post-receive] Starting sync task...
+ read oldrev newrev refname
+ [[ refs/heads/mia-logs =~ ^refs/heads/ ]]
+ branch=mia-logs
+ echo '[post-receive] Processing branch: mia-logs'
[post-receive] Processing branch: mia-logs
+ WORKDIR=/data/mia-logs
+ LOCKFILE=/tmp/git-post-receive-mia-logs.lock
+ exec
+ flock -x 9
+ echo '[post-receive] Acquired lock for mia-logs'
[post-receive] Acquired lock for mia-logs
+ '[' '!' -d /data/mia-logs/.git ']'
+ echo '[post-receive] WORKDIR already exists.'
[post-receive] WORKDIR already exists.
+ cd /data/mia-logs
+ unset GIT_DIR
+ unset GIT_WORK_TREE
+ git checkout mia-logs
Already on 'mia-logs'
Your branch is up to date with 'origin/mia-logs'.
+ git fetch origin
From /data/fcre-data-exp-worktree
   acca441..c75c555  mia-logs   -> origin/mia-logs
+ git reset --hard origin/mia-logs
HEAD is now at c75c555 Fri 2025-09-26 14:30:54 EST
+ git push github mia-logs
To github.com:FLARE-forecast/FCRE-data.git
   acca441..c75c555  mia-logs -> mia-logs
+ echo '[post-receive] Sync complete for mia-logs.'
[post-receive] Sync complete for mia-logs.
+ exec
+ read oldrev newrev refname
+ WORKDIR_BASE=/data
+ echo '[post-receive] Starting sync task...'
[post-receive] Starting sync task...
+ read oldrev newrev refname
+ [[ refs/heads/mia-logs =~ ^refs/heads/ ]]
+ branch=mia-logs
+ echo '[post-receive] Processing branch: mia-logs'
[post-receive] Processing branch: mia-logs
+ WORKDIR=/data/mia-logs
+ LOCKFILE=/tmp/git-post-receive-mia-logs.lock
+ exec
+ flock -x 9
+ echo '[post-receive] Acquired lock for mia-logs'
[post-receive] Acquired lock for mia-logs
+ '[' '!' -d /data/mia-logs/.git ']'
+ echo '[post-receive] WORKDIR already exists.'
[post-receive] WORKDIR already exists.
+ cd /data/mia-logs
+ unset GIT_DIR
+ unset GIT_WORK_TREE
+ git checkout mia-logs
Already on 'mia-logs'
Your branch is up to date with 'origin/mia-logs'.
+ git fetch origin
From /data/fcre-data-exp-worktree
   c75c555..73bd3ba  mia-logs   -> origin/mia-logs
+ git reset --hard origin/mia-logs
HEAD is now at 73bd3ba Fri 2025-09-26 14:34:55 EST
+ git push github mia-logs
To github.com:FLARE-forecast/FCRE-data.git
   c75c555..73bd3ba  mia-logs -> mia-logs
+ echo '[post-receive] Sync complete for mia-logs.'
[post-receive] Sync complete for mia-logs.
+ exec
+ read oldrev newrev refname
+ WORKDIR_BASE=/data
+ echo '[post-receive] Starting sync task...'
[post-receive] Starting sync task...
+ read oldrev newrev refname
+ [[ refs/heads/mia-logs =~ ^refs/heads/ ]]
+ branch=mia-logs
+ echo '[post-receive] Processing branch: mia-logs'
[post-receive] Processing branch: mia-logs
+ WORKDIR=/data/mia-logs
+ LOCKFILE=/tmp/git-post-receive-mia-logs.lock
+ exec
+ flock -x 9
+ echo '[post-receive] Acquired lock for mia-logs'
[post-receive] Acquired lock for mia-logs
+ '[' '!' -d /data/mia-logs/.git ']'
+ echo '[post-receive] WORKDIR already exists.'
[post-receive] WORKDIR already exists.
+ cd /data/mia-logs
+ unset GIT_DIR
+ unset GIT_WORK_TREE
+ git checkout mia-logs
Already on 'mia-logs'
Your branch is up to date with 'origin/mia-logs'.
+ git fetch origin
From /data/fcre-data-exp-worktree
   73bd3ba..836c43c  mia-logs   -> origin/mia-logs
+ git reset --hard origin/mia-logs
HEAD is now at 836c43c Fri 2025-09-26 14:46:58 EST
+ git push github mia-logs
To github.com:FLARE-forecast/FCRE-data.git
   73bd3ba..836c43c  mia-logs -> mia-logs
+ echo '[post-receive] Sync complete for mia-logs.'
[post-receive] Sync complete for mia-logs.
+ exec
+ read oldrev newrev refname
+ WORKDIR_BASE=/data
+ echo '[post-receive] Starting sync task...'
[post-receive] Starting sync task...
+ read oldrev newrev refname
+ [[ refs/heads/fcre-weir-data =~ ^refs/heads/ ]]
+ branch=fcre-weir-data
+ echo '[post-receive] Processing branch: fcre-weir-data'
[post-receive] Processing branch: fcre-weir-data
+ WORKDIR=/data/fcre-weir-data
+ LOCKFILE=/tmp/git-post-receive-fcre-weir-data.lock
+ exec
+ flock -x 9
+ echo '[post-receive] Acquired lock for fcre-weir-data'
[post-receive] Acquired lock for fcre-weir-data
+ '[' '!' -d /data/fcre-weir-data/.git ']'
+ echo '[post-receive] WORKDIR already exists.'
[post-receive] WORKDIR already exists.
+ cd /data/fcre-weir-data
+ unset GIT_DIR
+ unset GIT_WORK_TREE
+ git checkout fcre-weir-data
Already on 'fcre-weir-data'
Your branch is up to date with 'origin/fcre-weir-data'.
+ git fetch origin
From /data/fcre-data-exp-worktree
   5226245..6212cf9  fcre-weir-data -> origin/fcre-weir-data
   11b4b0f..836c43c  mia-logs       -> origin/mia-logs
+ git reset --hard origin/fcre-weir-data
HEAD is now at 6212cf9 Fri 2025-09-26 12:09:42 EST
+ git push github fcre-weir-data
ssh: Could not resolve hostname github.com: Temporary failure in name resolution
fatal: Could not read from remote repository.

Please make sure you have the correct access rights
and the repository exists.
+ WORKDIR_BASE=/data
+ echo '[post-receive] Starting sync task...'
[post-receive] Starting sync task...
+ read oldrev newrev refname
+ [[ refs/heads/fcre-weir-data =~ ^refs/heads/ ]]
+ branch=fcre-weir-data
+ echo '[post-receive] Processing branch: fcre-weir-data'
[post-receive] Processing branch: fcre-weir-data
+ WORKDIR=/data/fcre-weir-data
+ LOCKFILE=/tmp/git-post-receive-fcre-weir-data.lock
+ exec
+ flock -x 9
+ echo '[post-receive] Acquired lock for fcre-weir-data'
[post-receive] Acquired lock for fcre-weir-data
+ '[' '!' -d /data/fcre-weir-data/.git ']'
+ echo '[post-receive] WORKDIR already exists.'
[post-receive] WORKDIR already exists.
+ cd /data/fcre-weir-data
+ unset GIT_DIR
+ unset GIT_WORK_TREE
+ git checkout fcre-weir-data
Already on 'fcre-weir-data'
Your branch is up to date with 'origin/fcre-weir-data'.
+ git fetch origin
From /data/fcre-data-exp-worktree
   6212cf9..44697d9  fcre-weir-data -> origin/fcre-weir-data
+ git reset --hard origin/fcre-weir-data
HEAD is now at 44697d9 Fri 2025-09-26 14:19:41 EST
+ git push github fcre-weir-data
To github.com:FLARE-forecast/FCRE-data.git
   6adc00a..44697d9  fcre-weir-data -> fcre-weir-data
+ echo '[post-receive] Sync complete for fcre-weir-data.'
[post-receive] Sync complete for fcre-weir-data.
+ exec
+ read oldrev newrev refname
+ WORKDIR_BASE=/data
+ echo '[post-receive] Starting sync task...'
[post-receive] Starting sync task...
+ read oldrev newrev refname
+ [[ refs/heads/fcre-weir-data =~ ^refs/heads/ ]]
+ branch=fcre-weir-data
+ echo '[post-receive] Processing branch: fcre-weir-data'
[post-receive] Processing branch: fcre-weir-data
+ WORKDIR=/data/fcre-weir-data
+ LOCKFILE=/tmp/git-post-receive-fcre-weir-data.lock
+ exec
+ flock -x 9
+ echo '[post-receive] Acquired lock for fcre-weir-data'
[post-receive] Acquired lock for fcre-weir-data
+ '[' '!' -d /data/fcre-weir-data/.git ']'
+ echo '[post-receive] WORKDIR already exists.'
[post-receive] WORKDIR already exists.
+ cd /data/fcre-weir-data
+ unset GIT_DIR
+ unset GIT_WORK_TREE
+ git checkout fcre-weir-data
Already on 'fcre-weir-data'
Your branch is up to date with 'origin/fcre-weir-data'.
+ git fetch origin
From /data/fcre-data-exp-worktree
   44697d9..4236961  fcre-weir-data -> origin/fcre-weir-data
+ git reset --hard origin/fcre-weir-data
HEAD is now at 4236961 Sat 2025-09-27 00:19:41 EST
+ git push github fcre-weir-data
To github.com:FLARE-forecast/FCRE-data.git
   44697d9..4236961  fcre-weir-data -> fcre-weir-data
+ echo '[post-receive] Sync complete for fcre-weir-data.'
[post-receive] Sync complete for fcre-weir-data.
+ exec
+ read oldrev newrev refname
+ WORKDIR_BASE=/data
+ echo '[post-receive] Starting sync task...'
[post-receive] Starting sync task...
+ read oldrev newrev refname
+ [[ refs/heads/fcre-weir-data =~ ^refs/heads/ ]]
+ branch=fcre-weir-data
+ echo '[post-receive] Processing branch: fcre-weir-data'
[post-receive] Processing branch: fcre-weir-data
+ WORKDIR=/data/fcre-weir-data
+ LOCKFILE=/tmp/git-post-receive-fcre-weir-data.lock
+ exec
+ flock -x 9
+ echo '[post-receive] Acquired lock for fcre-weir-data'
[post-receive] Acquired lock for fcre-weir-data
+ '[' '!' -d /data/fcre-weir-data/.git ']'
+ echo '[post-receive] WORKDIR already exists.'
[post-receive] WORKDIR already exists.
+ cd /data/fcre-weir-data
+ unset GIT_DIR
+ unset GIT_WORK_TREE
+ git checkout fcre-weir-data
Already on 'fcre-weir-data'
Your branch is up to date with 'origin/fcre-weir-data'.
+ git fetch origin
From /data/fcre-data-exp-worktree
   4236961..f9e61eb  fcre-weir-data -> origin/fcre-weir-data
+ git reset --hard origin/fcre-weir-data
HEAD is now at f9e61eb Sat 2025-09-27 06:04:43 EST
+ git push github fcre-weir-data
To github.com:FLARE-forecast/FCRE-data.git
   4236961..f9e61eb  fcre-weir-data -> fcre-weir-data
+ echo '[post-receive] Sync complete for fcre-weir-data.'
[post-receive] Sync complete for fcre-weir-data.
+ exec
+ read oldrev newrev refname
+ WORKDIR_BASE=/data
+ echo '[post-receive] Starting sync task...'
[post-receive] Starting sync task...
+ read oldrev newrev refname
+ [[ refs/heads/mia-logs =~ ^refs/heads/ ]]
+ branch=mia-logs
+ echo '[post-receive] Processing branch: mia-logs'
[post-receive] Processing branch: mia-logs
+ WORKDIR=/data/mia-logs
+ LOCKFILE=/tmp/git-post-receive-mia-logs.lock
+ exec
+ flock -x 9
+ echo '[post-receive] Acquired lock for mia-logs'
[post-receive] Acquired lock for mia-logs
+ '[' '!' -d /data/mia-logs/.git ']'
+ echo '[post-receive] WORKDIR already exists.'
[post-receive] WORKDIR already exists.
+ cd /data/mia-logs
+ unset GIT_DIR
+ unset GIT_WORK_TREE
+ git checkout mia-logs
Already on 'mia-logs'
Your branch is up to date with 'origin/mia-logs'.
+ git fetch origin
From /data/fcre-data-exp-worktree
   836c43c..39c71db  mia-logs       -> origin/mia-logs
   5226245..f9e61eb  fcre-weir-data -> origin/fcre-weir-data
+ git reset --hard origin/mia-logs
HEAD is now at 39c71db Fri 2025-09-26 14:48:11 EST
+ git push github mia-logs
To github.com:FLARE-forecast/FCRE-data.git
   836c43c..39c71db  mia-logs -> mia-logs
+ echo '[post-receive] Sync complete for mia-logs.'
[post-receive] Sync complete for mia-logs.
+ exec
+ read oldrev newrev refname
+ WORKDIR_BASE=/data
+ echo '[post-receive] Starting sync task...'
[post-receive] Starting sync task...
+ read oldrev newrev refname
+ [[ refs/heads/mia-logs =~ ^refs/heads/ ]]
+ branch=mia-logs
+ echo '[post-receive] Processing branch: mia-logs'
[post-receive] Processing branch: mia-logs
+ WORKDIR=/data/mia-logs
+ LOCKFILE=/tmp/git-post-receive-mia-logs.lock
+ exec
+ flock -x 9
+ echo '[post-receive] Acquired lock for mia-logs'
[post-receive] Acquired lock for mia-logs
+ '[' '!' -d /data/mia-logs/.git ']'
+ echo '[post-receive] WORKDIR already exists.'
[post-receive] WORKDIR already exists.
+ cd /data/mia-logs
+ unset GIT_DIR
+ unset GIT_WORK_TREE
+ git checkout mia-logs
Already on 'mia-logs'
Your branch is up to date with 'origin/mia-logs'.
+ git fetch origin
From /data/fcre-data-exp-worktree
   39c71db..20732d9  mia-logs   -> origin/mia-logs
+ git reset --hard origin/mia-logs
HEAD is now at 20732d9 Sat 2025-09-27 00:42:48 EST
+ git push github mia-logs
To github.com:FLARE-forecast/FCRE-data.git
   39c71db..20732d9  mia-logs -> mia-logs
+ echo '[post-receive] Sync complete for mia-logs.'
[post-receive] Sync complete for mia-logs.
+ exec
+ read oldrev newrev refname
+ WORKDIR_BASE=/data
+ echo '[post-receive] Starting sync task...'
[post-receive] Starting sync task...
+ read oldrev newrev refname
+ [[ refs/heads/fcre-weir-data =~ ^refs/heads/ ]]
+ branch=fcre-weir-data
+ echo '[post-receive] Processing branch: fcre-weir-data'
[post-receive] Processing branch: fcre-weir-data
+ WORKDIR=/data/fcre-weir-data
+ LOCKFILE=/tmp/git-post-receive-fcre-weir-data.lock
+ exec
+ flock -x 9
+ echo '[post-receive] Acquired lock for fcre-weir-data'
[post-receive] Acquired lock for fcre-weir-data
+ '[' '!' -d /data/fcre-weir-data/.git ']'
+ echo '[post-receive] WORKDIR already exists.'
[post-receive] WORKDIR already exists.
+ cd /data/fcre-weir-data
+ unset GIT_DIR
+ unset GIT_WORK_TREE
+ git checkout fcre-weir-data
Already on 'fcre-weir-data'
Your branch is up to date with 'origin/fcre-weir-data'.
+ git fetch origin
From /data/fcre-data-exp-worktree
   f9e61eb..7b33f48  fcre-weir-data -> origin/fcre-weir-data
   836c43c..20732d9  mia-logs       -> origin/mia-logs
+ git reset --hard origin/fcre-weir-data
HEAD is now at 7b33f48 Sat 2025-09-27 10:09:42 EST
+ git push github fcre-weir-data
To github.com:FLARE-forecast/FCRE-data.git
   f9e61eb..7b33f48  fcre-weir-data -> fcre-weir-data
+ echo '[post-receive] Sync complete for fcre-weir-data.'
[post-receive] Sync complete for fcre-weir-data.
+ exec
+ read oldrev newrev refname
+ WORKDIR_BASE=/data
+ echo '[post-receive] Starting sync task...'
[post-receive] Starting sync task...
+ read oldrev newrev refname
+ [[ refs/heads/fcre-weir-data =~ ^refs/heads/ ]]
+ branch=fcre-weir-data
+ echo '[post-receive] Processing branch: fcre-weir-data'
[post-receive] Processing branch: fcre-weir-data
+ WORKDIR=/data/fcre-weir-data
+ LOCKFILE=/tmp/git-post-receive-fcre-weir-data.lock
+ exec
+ flock -x 9
+ echo '[post-receive] Acquired lock for fcre-weir-data'
[post-receive] Acquired lock for fcre-weir-data
+ '[' '!' -d /data/fcre-weir-data/.git ']'
+ echo '[post-receive] WORKDIR already exists.'
[post-receive] WORKDIR already exists.
+ cd /data/fcre-weir-data
+ unset GIT_DIR
+ unset GIT_WORK_TREE
+ git checkout fcre-weir-data
Already on 'fcre-weir-data'
Your branch is up to date with 'origin/fcre-weir-data'.
+ git fetch origin
From /data/fcre-data-exp-worktree
   7b33f48..2075ccb  fcre-weir-data -> origin/fcre-weir-data
+ git reset --hard origin/fcre-weir-data
HEAD is now at 2075ccb Sat 2025-09-27 12:09:43 EST
+ git push github fcre-weir-data
To github.com:FLARE-forecast/FCRE-data.git
   7b33f48..2075ccb  fcre-weir-data -> fcre-weir-data
+ echo '[post-receive] Sync complete for fcre-weir-data.'
[post-receive] Sync complete for fcre-weir-data.
+ exec
+ read oldrev newrev refname
+ WORKDIR_BASE=/data
+ echo '[post-receive] Starting sync task...'
[post-receive] Starting sync task...
+ read oldrev newrev refname
+ [[ refs/heads/mia-logs =~ ^refs/heads/ ]]
+ branch=mia-logs
+ echo '[post-receive] Processing branch: mia-logs'
[post-receive] Processing branch: mia-logs
+ WORKDIR=/data/mia-logs
+ LOCKFILE=/tmp/git-post-receive-mia-logs.lock
+ exec
+ flock -x 9
+ echo '[post-receive] Acquired lock for mia-logs'
[post-receive] Acquired lock for mia-logs
+ '[' '!' -d /data/mia-logs/.git ']'
+ echo '[post-receive] WORKDIR already exists.'
[post-receive] WORKDIR already exists.
+ cd /data/mia-logs
+ unset GIT_DIR
+ unset GIT_WORK_TREE
+ git checkout mia-logs
Already on 'mia-logs'
Your branch is up to date with 'origin/mia-logs'.
+ git fetch origin
From /data/fcre-data-exp-worktree
   20732d9..4b465a0  mia-logs       -> origin/mia-logs
   f9e61eb..2075ccb  fcre-weir-data -> origin/fcre-weir-data
+ git reset --hard origin/mia-logs
HEAD is now at 4b465a0 Sat 2025-09-27 06:43:08 EST
+ git push github mia-logs
To github.com:FLARE-forecast/FCRE-data.git
   20732d9..4b465a0  mia-logs -> mia-logs
+ echo '[post-receive] Sync complete for mia-logs.'
[post-receive] Sync complete for mia-logs.
+ exec
+ read oldrev newrev refname
+ WORKDIR_BASE=/data
+ echo '[post-receive] Starting sync task...'
[post-receive] Starting sync task...
+ read oldrev newrev refname
+ [[ refs/heads/mia-logs =~ ^refs/heads/ ]]
+ branch=mia-logs
+ echo '[post-receive] Processing branch: mia-logs'
[post-receive] Processing branch: mia-logs
+ WORKDIR=/data/mia-logs
+ LOCKFILE=/tmp/git-post-receive-mia-logs.lock
+ exec
+ flock -x 9
+ echo '[post-receive] Acquired lock for mia-logs'
[post-receive] Acquired lock for mia-logs
+ '[' '!' -d /data/mia-logs/.git ']'
+ echo '[post-receive] WORKDIR already exists.'
[post-receive] WORKDIR already exists.
+ cd /data/mia-logs
+ unset GIT_DIR
+ unset GIT_WORK_TREE
+ git checkout mia-logs
Already on 'mia-logs'
Your branch is up to date with 'origin/mia-logs'.
+ git fetch origin
From /data/fcre-data-exp-worktree
   4b465a0..42485c8  mia-logs   -> origin/mia-logs
+ git reset --hard origin/mia-logs
HEAD is now at 42485c8 Sat 2025-09-27 12:33:43 EST
+ git push github mia-logs
To github.com:FLARE-forecast/FCRE-data.git
   4b465a0..42485c8  mia-logs -> mia-logs
+ echo '[post-receive] Sync complete for mia-logs.'
[post-receive] Sync complete for mia-logs.
+ exec
+ read oldrev newrev refname
+ WORKDIR_BASE=/data
+ echo '[post-receive] Starting sync task...'
[post-receive] Starting sync task...
+ read oldrev newrev refname
+ [[ refs/heads/fcre-weir-data =~ ^refs/heads/ ]]
+ branch=fcre-weir-data
+ echo '[post-receive] Processing branch: fcre-weir-data'
[post-receive] Processing branch: fcre-weir-data
+ WORKDIR=/data/fcre-weir-data
+ LOCKFILE=/tmp/git-post-receive-fcre-weir-data.lock
+ exec
+ flock -x 9
+ echo '[post-receive] Acquired lock for fcre-weir-data'
[post-receive] Acquired lock for fcre-weir-data
+ '[' '!' -d /data/fcre-weir-data/.git ']'
+ echo '[post-receive] WORKDIR already exists.'
[post-receive] WORKDIR already exists.
+ cd /data/fcre-weir-data
+ unset GIT_DIR
+ unset GIT_WORK_TREE
+ git checkout fcre-weir-data
Already on 'fcre-weir-data'
Your branch is up to date with 'origin/fcre-weir-data'.
+ git fetch origin
From /data/fcre-data-exp-worktree
   2075ccb..7bc6b69  fcre-weir-data -> origin/fcre-weir-data
   20732d9..42485c8  mia-logs       -> origin/mia-logs
+ git reset --hard origin/fcre-weir-data
HEAD is now at 7bc6b69 Sat 2025-09-27 14:19:43 EST
+ git push github fcre-weir-data
To github.com:FLARE-forecast/FCRE-data.git
   2075ccb..7bc6b69  fcre-weir-data -> fcre-weir-data
+ echo '[post-receive] Sync complete for fcre-weir-data.'
[post-receive] Sync complete for fcre-weir-data.
+ exec
+ read oldrev newrev refname
+ WORKDIR_BASE=/data
+ echo '[post-receive] Starting sync task...'
[post-receive] Starting sync task...
+ read oldrev newrev refname
+ [[ refs/heads/mia-logs =~ ^refs/heads/ ]]
+ branch=mia-logs
+ echo '[post-receive] Processing branch: mia-logs'
[post-receive] Processing branch: mia-logs
+ WORKDIR=/data/mia-logs
+ LOCKFILE=/tmp/git-post-receive-mia-logs.lock
+ exec
+ flock -x 9
+ echo '[post-receive] Acquired lock for mia-logs'
[post-receive] Acquired lock for mia-logs
+ '[' '!' -d /data/mia-logs/.git ']'
+ echo '[post-receive] WORKDIR already exists.'
[post-receive] WORKDIR already exists.
+ cd /data/mia-logs
+ unset GIT_DIR
+ unset GIT_WORK_TREE
+ git checkout mia-logs
Already on 'mia-logs'
Your branch is up to date with 'origin/mia-logs'.
+ git fetch origin
From /data/fcre-data-exp-worktree
   42485c8..2858ceb  mia-logs       -> origin/mia-logs
   2075ccb..7bc6b69  fcre-weir-data -> origin/fcre-weir-data
+ git reset --hard origin/mia-logs
HEAD is now at 2858ceb Sat 2025-09-27 14:25:16 EST
+ git push github mia-logs
To github.com:FLARE-forecast/FCRE-data.git
   42485c8..2858ceb  mia-logs -> mia-logs
+ echo '[post-receive] Sync complete for mia-logs.'
[post-receive] Sync complete for mia-logs.
+ exec
+ read oldrev newrev refname
+ WORKDIR_BASE=/data
+ echo '[post-receive] Starting sync task...'
[post-receive] Starting sync task...
+ read oldrev newrev refname
+ [[ refs/heads/fcre-weir-data =~ ^refs/heads/ ]]
+ branch=fcre-weir-data
+ echo '[post-receive] Processing branch: fcre-weir-data'
[post-receive] Processing branch: fcre-weir-data
+ WORKDIR=/data/fcre-weir-data
+ LOCKFILE=/tmp/git-post-receive-fcre-weir-data.lock
+ exec
+ flock -x 9
+ echo '[post-receive] Acquired lock for fcre-weir-data'
[post-receive] Acquired lock for fcre-weir-data
+ '[' '!' -d /data/fcre-weir-data/.git ']'
+ echo '[post-receive] WORKDIR already exists.'
[post-receive] WORKDIR already exists.
+ cd /data/fcre-weir-data
+ unset GIT_DIR
+ unset GIT_WORK_TREE
+ git checkout fcre-weir-data
Already on 'fcre-weir-data'
Your branch is up to date with 'origin/fcre-weir-data'.
+ git fetch origin
From /data/fcre-data-exp-worktree
   7bc6b69..ff15fc8  fcre-weir-data -> origin/fcre-weir-data
   42485c8..2858ceb  mia-logs       -> origin/mia-logs
+ git reset --hard origin/fcre-weir-data
HEAD is now at ff15fc8 Sat 2025-09-27 20:09:43 EST
+ git push github fcre-weir-data
To github.com:FLARE-forecast/FCRE-data.git
   7bc6b69..ff15fc8  fcre-weir-data -> fcre-weir-data
+ echo '[post-receive] Sync complete for fcre-weir-data.'
[post-receive] Sync complete for fcre-weir-data.
+ exec
+ read oldrev newrev refname
+ WORKDIR_BASE=/data
+ echo '[post-receive] Starting sync task...'
[post-receive] Starting sync task...
+ read oldrev newrev refname
+ [[ refs/heads/mia-logs =~ ^refs/heads/ ]]
+ branch=mia-logs
+ echo '[post-receive] Processing branch: mia-logs'
[post-receive] Processing branch: mia-logs
+ WORKDIR=/data/mia-logs
+ LOCKFILE=/tmp/git-post-receive-mia-logs.lock
+ exec
+ flock -x 9
+ echo '[post-receive] Acquired lock for mia-logs'
[post-receive] Acquired lock for mia-logs
+ '[' '!' -d /data/mia-logs/.git ']'
+ echo '[post-receive] WORKDIR already exists.'
[post-receive] WORKDIR already exists.
+ cd /data/mia-logs
+ unset GIT_DIR
+ unset GIT_WORK_TREE
+ git checkout mia-logs
Already on 'mia-logs'
Your branch is up to date with 'origin/mia-logs'.
+ git fetch origin
From /data/fcre-data-exp-worktree
   2858ceb..29d8245  mia-logs       -> origin/mia-logs
   7bc6b69..ff15fc8  fcre-weir-data -> origin/fcre-weir-data
+ git reset --hard origin/mia-logs
HEAD is now at 29d8245 Sat 2025-09-27 14:30:01 EST
+ git push github mia-logs
To github.com:FLARE-forecast/FCRE-data.git
   2858ceb..29d8245  mia-logs -> mia-logs
+ echo '[post-receive] Sync complete for mia-logs.'
[post-receive] Sync complete for mia-logs.
+ exec
+ read oldrev newrev refname
+ WORKDIR_BASE=/data
+ echo '[post-receive] Starting sync task...'
[post-receive] Starting sync task...
+ read oldrev newrev refname
+ [[ refs/heads/mia-logs =~ ^refs/heads/ ]]
+ branch=mia-logs
+ echo '[post-receive] Processing branch: mia-logs'
[post-receive] Processing branch: mia-logs
+ WORKDIR=/data/mia-logs
+ LOCKFILE=/tmp/git-post-receive-mia-logs.lock
+ exec
+ flock -x 9
+ echo '[post-receive] Acquired lock for mia-logs'
[post-receive] Acquired lock for mia-logs
+ '[' '!' -d /data/mia-logs/.git ']'
+ echo '[post-receive] WORKDIR already exists.'
[post-receive] WORKDIR already exists.
+ cd /data/mia-logs
+ unset GIT_DIR
+ unset GIT_WORK_TREE
+ git checkout mia-logs
Already on 'mia-logs'
Your branch is up to date with 'origin/mia-logs'.
+ git fetch origin
From /data/fcre-data-exp-worktree
   29d8245..1603f3f  mia-logs   -> origin/mia-logs
+ git reset --hard origin/mia-logs
HEAD is now at 1603f3f Sat 2025-09-27 14:42:02 EST
+ git push github mia-logs
To github.com:FLARE-forecast/FCRE-data.git
   29d8245..1603f3f  mia-logs -> mia-logs
+ echo '[post-receive] Sync complete for mia-logs.'
[post-receive] Sync complete for mia-logs.
+ exec
+ read oldrev newrev refname
+ WORKDIR_BASE=/data
+ echo '[post-receive] Starting sync task...'
[post-receive] Starting sync task...
+ read oldrev newrev refname
+ [[ refs/heads/mia-logs =~ ^refs/heads/ ]]
+ branch=mia-logs
+ echo '[post-receive] Processing branch: mia-logs'
[post-receive] Processing branch: mia-logs
+ WORKDIR=/data/mia-logs
+ LOCKFILE=/tmp/git-post-receive-mia-logs.lock
+ exec
+ flock -x 9
+ echo '[post-receive] Acquired lock for mia-logs'
[post-receive] Acquired lock for mia-logs
+ '[' '!' -d /data/mia-logs/.git ']'
+ echo '[post-receive] WORKDIR already exists.'
[post-receive] WORKDIR already exists.
+ cd /data/mia-logs
+ unset GIT_DIR
+ unset GIT_WORK_TREE
+ git checkout mia-logs
Already on 'mia-logs'
Your branch is up to date with 'origin/mia-logs'.
+ git fetch origin
From /data/fcre-data-exp-worktree
   1603f3f..2a2613d  mia-logs   -> origin/mia-logs
+ git reset --hard origin/mia-logs
HEAD is now at 2a2613d Sat 2025-09-27 20:11:30 EST
+ git push github mia-logs
To github.com:FLARE-forecast/FCRE-data.git
   1603f3f..2a2613d  mia-logs -> mia-logs
+ echo '[post-receive] Sync complete for mia-logs.'
[post-receive] Sync complete for mia-logs.
+ exec
+ read oldrev newrev refname
+ WORKDIR_BASE=/data
+ echo '[post-receive] Starting sync task...'
[post-receive] Starting sync task...
+ read oldrev newrev refname
+ [[ refs/heads/mia-logs =~ ^refs/heads/ ]]
+ branch=mia-logs
+ echo '[post-receive] Processing branch: mia-logs'
[post-receive] Processing branch: mia-logs
+ WORKDIR=/data/mia-logs
+ LOCKFILE=/tmp/git-post-receive-mia-logs.lock
+ exec
+ flock -x 9
+ echo '[post-receive] Acquired lock for mia-logs'
[post-receive] Acquired lock for mia-logs
+ '[' '!' -d /data/mia-logs/.git ']'
+ echo '[post-receive] WORKDIR already exists.'
[post-receive] WORKDIR already exists.
+ cd /data/mia-logs
+ unset GIT_DIR
+ unset GIT_WORK_TREE
+ git checkout mia-logs
Already on 'mia-logs'
Your branch is up to date with 'origin/mia-logs'.
+ git fetch origin
From /data/fcre-data-exp-worktree
   2a2613d..385f784  mia-logs   -> origin/mia-logs
+ git reset --hard origin/mia-logs
HEAD is now at 385f784 Sat 2025-09-27 20:21:42 EST
+ git push github mia-logs
To github.com:FLARE-forecast/FCRE-data.git
   2a2613d..385f784  mia-logs -> mia-logs
+ echo '[post-receive] Sync complete for mia-logs.'
[post-receive] Sync complete for mia-logs.
+ exec
+ read oldrev newrev refname
+ WORKDIR_BASE=/data
+ echo '[post-receive] Starting sync task...'
[post-receive] Starting sync task...
+ read oldrev newrev refname
+ [[ refs/heads/mia-logs =~ ^refs/heads/ ]]
+ branch=mia-logs
+ echo '[post-receive] Processing branch: mia-logs'
[post-receive] Processing branch: mia-logs
+ WORKDIR=/data/mia-logs
+ LOCKFILE=/tmp/git-post-receive-mia-logs.lock
+ exec
+ flock -x 9
+ echo '[post-receive] Acquired lock for mia-logs'
[post-receive] Acquired lock for mia-logs
+ '[' '!' -d /data/mia-logs/.git ']'
+ echo '[post-receive] WORKDIR already exists.'
[post-receive] WORKDIR already exists.
+ cd /data/mia-logs
+ unset GIT_DIR
+ unset GIT_WORK_TREE
+ git checkout mia-logs
Already on 'mia-logs'
Your branch is up to date with 'origin/mia-logs'.
+ git fetch origin
From /data/fcre-data-exp-worktree
   385f784..9324e02  mia-logs   -> origin/mia-logs
+ git reset --hard origin/mia-logs
HEAD is now at 9324e02 Sun 2025-09-28 00:20:52 EST
+ git push github mia-logs
To github.com:FLARE-forecast/FCRE-data.git
   385f784..9324e02  mia-logs -> mia-logs
+ echo '[post-receive] Sync complete for mia-logs.'
[post-receive] Sync complete for mia-logs.
+ exec
+ read oldrev newrev refname
+ WORKDIR_BASE=/data
+ echo '[post-receive] Starting sync task...'
[post-receive] Starting sync task...
+ read oldrev newrev refname
+ [[ refs/heads/mia-logs =~ ^refs/heads/ ]]
+ branch=mia-logs
+ echo '[post-receive] Processing branch: mia-logs'
[post-receive] Processing branch: mia-logs
+ WORKDIR=/data/mia-logs
+ LOCKFILE=/tmp/git-post-receive-mia-logs.lock
+ exec
+ flock -x 9
+ echo '[post-receive] Acquired lock for mia-logs'
[post-receive] Acquired lock for mia-logs
+ '[' '!' -d /data/mia-logs/.git ']'
+ echo '[post-receive] WORKDIR already exists.'
[post-receive] WORKDIR already exists.
+ cd /data/mia-logs
+ unset GIT_DIR
+ unset GIT_WORK_TREE
+ git checkout mia-logs
Already on 'mia-logs'
Your branch is up to date with 'origin/mia-logs'.
+ git fetch origin
From /data/fcre-data-exp-worktree
   9324e02..5f89725  mia-logs   -> origin/mia-logs
+ git reset --hard origin/mia-logs
HEAD is now at 5f89725 Sun 2025-09-28 00:42:37 EST
+ git push github mia-logs
To github.com:FLARE-forecast/FCRE-data.git
   9324e02..5f89725  mia-logs -> mia-logs
+ echo '[post-receive] Sync complete for mia-logs.'
[post-receive] Sync complete for mia-logs.
+ exec
+ read oldrev newrev refname
+ WORKDIR_BASE=/data
+ echo '[post-receive] Starting sync task...'
[post-receive] Starting sync task...
+ read oldrev newrev refname
+ [[ refs/heads/fcre-weir-data =~ ^refs/heads/ ]]
+ branch=fcre-weir-data
+ echo '[post-receive] Processing branch: fcre-weir-data'
[post-receive] Processing branch: fcre-weir-data
+ WORKDIR=/data/fcre-weir-data
+ LOCKFILE=/tmp/git-post-receive-fcre-weir-data.lock
+ exec
+ flock -x 9
+ echo '[post-receive] Acquired lock for fcre-weir-data'
[post-receive] Acquired lock for fcre-weir-data
+ '[' '!' -d /data/fcre-weir-data/.git ']'
+ echo '[post-receive] WORKDIR already exists.'
[post-receive] WORKDIR already exists.
+ cd /data/fcre-weir-data
+ unset GIT_DIR
+ unset GIT_WORK_TREE
+ git checkout fcre-weir-data
Already on 'fcre-weir-data'
Your branch is up to date with 'origin/fcre-weir-data'.
+ git fetch origin
From /data/fcre-data-exp-worktree
   ff15fc8..d4716cb  fcre-weir-data -> origin/fcre-weir-data
   2858ceb..5f89725  mia-logs       -> origin/mia-logs
+ git reset --hard origin/fcre-weir-data
HEAD is now at d4716cb Sun 2025-09-28 00:19:41 EST
+ git push github fcre-weir-data
To github.com:FLARE-forecast/FCRE-data.git
   ff15fc8..d4716cb  fcre-weir-data -> fcre-weir-data
+ echo '[post-receive] Sync complete for fcre-weir-data.'
[post-receive] Sync complete for fcre-weir-data.
+ exec
+ read oldrev newrev refname
+ WORKDIR_BASE=/data
+ echo '[post-receive] Starting sync task...'
[post-receive] Starting sync task...
+ read oldrev newrev refname
+ [[ refs/heads/fcre-weir-data =~ ^refs/heads/ ]]
+ branch=fcre-weir-data
+ echo '[post-receive] Processing branch: fcre-weir-data'
[post-receive] Processing branch: fcre-weir-data
+ WORKDIR=/data/fcre-weir-data
+ LOCKFILE=/tmp/git-post-receive-fcre-weir-data.lock
+ exec
+ flock -x 9
+ echo '[post-receive] Acquired lock for fcre-weir-data'
[post-receive] Acquired lock for fcre-weir-data
+ '[' '!' -d /data/fcre-weir-data/.git ']'
+ echo '[post-receive] WORKDIR already exists.'
[post-receive] WORKDIR already exists.
+ cd /data/fcre-weir-data
+ unset GIT_DIR
+ unset GIT_WORK_TREE
+ git checkout fcre-weir-data
Already on 'fcre-weir-data'
Your branch is up to date with 'origin/fcre-weir-data'.
+ git fetch origin
From /data/fcre-data-exp-worktree
   d4716cb..143db10  fcre-weir-data -> origin/fcre-weir-data
+ git reset --hard origin/fcre-weir-data
HEAD is now at 143db10 Sun 2025-09-28 06:04:43 EST
+ git push github fcre-weir-data
To github.com:FLARE-forecast/FCRE-data.git
   d4716cb..143db10  fcre-weir-data -> fcre-weir-data
+ echo '[post-receive] Sync complete for fcre-weir-data.'
[post-receive] Sync complete for fcre-weir-data.
+ exec
+ read oldrev newrev refname
+ WORKDIR_BASE=/data
+ echo '[post-receive] Starting sync task...'
[post-receive] Starting sync task...
+ read oldrev newrev refname
+ [[ refs/heads/fcre-weir-data =~ ^refs/heads/ ]]
+ branch=fcre-weir-data
+ echo '[post-receive] Processing branch: fcre-weir-data'
[post-receive] Processing branch: fcre-weir-data
+ WORKDIR=/data/fcre-weir-data
+ LOCKFILE=/tmp/git-post-receive-fcre-weir-data.lock
+ exec
+ flock -x 9
+ echo '[post-receive] Acquired lock for fcre-weir-data'
[post-receive] Acquired lock for fcre-weir-data
+ '[' '!' -d /data/fcre-weir-data/.git ']'
+ echo '[post-receive] WORKDIR already exists.'
[post-receive] WORKDIR already exists.
+ cd /data/fcre-weir-data
+ unset GIT_DIR
+ unset GIT_WORK_TREE
+ git checkout fcre-weir-data
Already on 'fcre-weir-data'
Your branch is up to date with 'origin/fcre-weir-data'.
+ git fetch origin
From /data/fcre-data-exp-worktree
   143db10..a65bb96  fcre-weir-data -> origin/fcre-weir-data
+ git reset --hard origin/fcre-weir-data
HEAD is now at a65bb96 Sun 2025-09-28 10:09:43 EST
+ git push github fcre-weir-data
To github.com:FLARE-forecast/FCRE-data.git
   143db10..a65bb96  fcre-weir-data -> fcre-weir-data
+ echo '[post-receive] Sync complete for fcre-weir-data.'
[post-receive] Sync complete for fcre-weir-data.
+ exec
+ read oldrev newrev refname
+ WORKDIR_BASE=/data
+ echo '[post-receive] Starting sync task...'
[post-receive] Starting sync task...
+ read oldrev newrev refname
+ [[ refs/heads/fcre-weir-data =~ ^refs/heads/ ]]
+ branch=fcre-weir-data
+ echo '[post-receive] Processing branch: fcre-weir-data'
[post-receive] Processing branch: fcre-weir-data
+ WORKDIR=/data/fcre-weir-data
+ LOCKFILE=/tmp/git-post-receive-fcre-weir-data.lock
+ exec
+ flock -x 9
+ echo '[post-receive] Acquired lock for fcre-weir-data'
[post-receive] Acquired lock for fcre-weir-data
+ '[' '!' -d /data/fcre-weir-data/.git ']'
+ echo '[post-receive] WORKDIR already exists.'
[post-receive] WORKDIR already exists.
+ cd /data/fcre-weir-data
+ unset GIT_DIR
+ unset GIT_WORK_TREE
+ git checkout fcre-weir-data
Already on 'fcre-weir-data'
Your branch is up to date with 'origin/fcre-weir-data'.
+ git fetch origin
From /data/fcre-data-exp-worktree
   a65bb96..73f59f9  fcre-weir-data -> origin/fcre-weir-data
+ git reset --hard origin/fcre-weir-data
HEAD is now at 73f59f9 Sun 2025-09-28 12:09:43 EST
+ git push github fcre-weir-data
To github.com:FLARE-forecast/FCRE-data.git
   a65bb96..73f59f9  fcre-weir-data -> fcre-weir-data
+ echo '[post-receive] Sync complete for fcre-weir-data.'
[post-receive] Sync complete for fcre-weir-data.
+ exec
+ read oldrev newrev refname
+ WORKDIR_BASE=/data
+ echo '[post-receive] Starting sync task...'
[post-receive] Starting sync task...
+ read oldrev newrev refname
+ [[ refs/heads/mia-logs =~ ^refs/heads/ ]]
+ branch=mia-logs
+ echo '[post-receive] Processing branch: mia-logs'
[post-receive] Processing branch: mia-logs
+ WORKDIR=/data/mia-logs
+ LOCKFILE=/tmp/git-post-receive-mia-logs.lock
+ exec
+ flock -x 9
+ echo '[post-receive] Acquired lock for mia-logs'
[post-receive] Acquired lock for mia-logs
+ '[' '!' -d /data/mia-logs/.git ']'
+ echo '[post-receive] WORKDIR already exists.'
[post-receive] WORKDIR already exists.
+ cd /data/mia-logs
+ unset GIT_DIR
+ unset GIT_WORK_TREE
+ git checkout mia-logs
Already on 'mia-logs'
Your branch is up to date with 'origin/mia-logs'.
+ git fetch origin
From /data/fcre-data-exp-worktree
   5f89725..789e8a9  mia-logs       -> origin/mia-logs
   ff15fc8..73f59f9  fcre-weir-data -> origin/fcre-weir-data
+ git reset --hard origin/mia-logs
HEAD is now at 789e8a9 Sun 2025-09-28 06:15:59 EST
+ git push github mia-logs
To github.com:FLARE-forecast/FCRE-data.git
   5f89725..789e8a9  mia-logs -> mia-logs
+ echo '[post-receive] Sync complete for mia-logs.'
[post-receive] Sync complete for mia-logs.
+ exec
+ read oldrev newrev refname
+ WORKDIR_BASE=/data
+ echo '[post-receive] Starting sync task...'
[post-receive] Starting sync task...
+ read oldrev newrev refname
+ [[ refs/heads/mia-logs =~ ^refs/heads/ ]]
+ branch=mia-logs
+ echo '[post-receive] Processing branch: mia-logs'
[post-receive] Processing branch: mia-logs
+ WORKDIR=/data/mia-logs
+ LOCKFILE=/tmp/git-post-receive-mia-logs.lock
+ exec
+ flock -x 9
+ echo '[post-receive] Acquired lock for mia-logs'
[post-receive] Acquired lock for mia-logs
+ '[' '!' -d /data/mia-logs/.git ']'
+ echo '[post-receive] WORKDIR already exists.'
[post-receive] WORKDIR already exists.
+ cd /data/mia-logs
+ unset GIT_DIR
+ unset GIT_WORK_TREE
+ git checkout mia-logs
Already on 'mia-logs'
Your branch is up to date with 'origin/mia-logs'.
+ git fetch origin
From /data/fcre-data-exp-worktree
   789e8a9..a36011d  mia-logs   -> origin/mia-logs
+ git reset --hard origin/mia-logs
HEAD is now at a36011d Sun 2025-09-28 10:16:57 EST
+ git push github mia-logs
To github.com:FLARE-forecast/FCRE-data.git
   789e8a9..a36011d  mia-logs -> mia-logs
+ echo '[post-receive] Sync complete for mia-logs.'
[post-receive] Sync complete for mia-logs.
+ exec
+ read oldrev newrev refname
+ WORKDIR_BASE=/data
+ echo '[post-receive] Starting sync task...'
[post-receive] Starting sync task...
+ read oldrev newrev refname
+ [[ refs/heads/mia-logs =~ ^refs/heads/ ]]
+ branch=mia-logs
+ echo '[post-receive] Processing branch: mia-logs'
[post-receive] Processing branch: mia-logs
+ WORKDIR=/data/mia-logs
+ LOCKFILE=/tmp/git-post-receive-mia-logs.lock
+ exec
+ flock -x 9
+ echo '[post-receive] Acquired lock for mia-logs'
[post-receive] Acquired lock for mia-logs
+ '[' '!' -d /data/mia-logs/.git ']'
+ echo '[post-receive] WORKDIR already exists.'
[post-receive] WORKDIR already exists.
+ cd /data/mia-logs
+ unset GIT_DIR
+ unset GIT_WORK_TREE
+ git checkout mia-logs
Already on 'mia-logs'
Your branch is up to date with 'origin/mia-logs'.
+ git fetch origin
From /data/fcre-data-exp-worktree
   a36011d..856fd1c  mia-logs   -> origin/mia-logs
+ git reset --hard origin/mia-logs
HEAD is now at 856fd1c Sun 2025-09-28 12:21:35 EST
+ git push github mia-logs
+ WORKDIR_BASE=/data
+ echo '[post-receive] Starting sync task...'
[post-receive] Starting sync task...
+ read oldrev newrev refname
+ [[ refs/heads/fcre-weir-data =~ ^refs/heads/ ]]
+ branch=fcre-weir-data
+ echo '[post-receive] Processing branch: fcre-weir-data'
[post-receive] Processing branch: fcre-weir-data
+ WORKDIR=/data/fcre-weir-data
+ LOCKFILE=/tmp/git-post-receive-fcre-weir-data.lock
+ exec
+ flock -x 9
+ echo '[post-receive] Acquired lock for fcre-weir-data'
[post-receive] Acquired lock for fcre-weir-data
+ '[' '!' -d /data/fcre-weir-data/.git ']'
+ echo '[post-receive] WORKDIR already exists.'
[post-receive] WORKDIR already exists.
+ cd /data/fcre-weir-data
+ unset GIT_DIR
+ unset GIT_WORK_TREE
+ git checkout fcre-weir-data
Already on 'fcre-weir-data'
Your branch is up to date with 'origin/fcre-weir-data'.
+ git fetch origin
From /data/fcre-data-exp-worktree
   73f59f9..a068494  fcre-weir-data -> origin/fcre-weir-data
   5f89725..856fd1c  mia-logs       -> origin/mia-logs
+ git reset --hard origin/fcre-weir-data
HEAD is now at a068494 Sun 2025-09-28 14:19:43 EST
+ git push github fcre-weir-data
To github.com:FLARE-forecast/FCRE-data.git
   73f59f9..a068494  fcre-weir-data -> fcre-weir-data
+ echo '[post-receive] Sync complete for fcre-weir-data.'
[post-receive] Sync complete for fcre-weir-data.
+ exec
+ read oldrev newrev refname
+ WORKDIR_BASE=/data
+ echo '[post-receive] Starting sync task...'
[post-receive] Starting sync task...
+ read oldrev newrev refname
+ [[ refs/heads/mia-logs =~ ^refs/heads/ ]]
+ branch=mia-logs
+ echo '[post-receive] Processing branch: mia-logs'
[post-receive] Processing branch: mia-logs
+ WORKDIR=/data/mia-logs
+ LOCKFILE=/tmp/git-post-receive-mia-logs.lock
+ exec
+ flock -x 9
+ WORKDIR_BASE=/data
+ echo '[post-receive] Starting sync task...'
[post-receive] Starting sync task...
+ read oldrev newrev refname
+ [[ refs/heads/mia-logs =~ ^refs/heads/ ]]
+ branch=mia-logs
+ echo '[post-receive] Processing branch: mia-logs'
[post-receive] Processing branch: mia-logs
+ WORKDIR=/data/mia-logs
+ LOCKFILE=/tmp/git-post-receive-mia-logs.lock
+ exec
+ flock -x 9
client_loop: send disconnect: Broken pipe
send-pack: unexpected disconnect while reading sideband packet
fatal: the remote end hung up unexpectedly
+ echo '[post-receive] Acquired lock for mia-logs'
[post-receive] Acquired lock for mia-logs
+ '[' '!' -d /data/mia-logs/.git ']'
+ echo '[post-receive] WORKDIR already exists.'
[post-receive] WORKDIR already exists.
+ cd /data/mia-logs
+ unset GIT_DIR
+ unset GIT_WORK_TREE
+ git checkout mia-logs
Already on 'mia-logs'
Your branch is up to date with 'origin/mia-logs'.
+ git fetch origin
From /data/fcre-data-exp-worktree
   856fd1c..5f6cf47  mia-logs       -> origin/mia-logs
   73f59f9..a068494  fcre-weir-data -> origin/fcre-weir-data
+ git reset --hard origin/mia-logs
HEAD is now at 5f6cf47 Sun 2025-09-28 14:30:02 EST
+ git push github mia-logs
To github.com:FLARE-forecast/FCRE-data.git
   856fd1c..5f6cf47  mia-logs -> mia-logs
+ echo '[post-receive] Sync complete for mia-logs.'
[post-receive] Sync complete for mia-logs.
+ exec
+ read oldrev newrev refname
+ echo '[post-receive] Acquired lock for mia-logs'
[post-receive] Acquired lock for mia-logs
+ '[' '!' -d /data/mia-logs/.git ']'
+ echo '[post-receive] WORKDIR already exists.'
[post-receive] WORKDIR already exists.
+ cd /data/mia-logs
+ unset GIT_DIR
+ unset GIT_WORK_TREE
+ git checkout mia-logs
Already on 'mia-logs'
Your branch is up to date with 'origin/mia-logs'.
+ git fetch origin
+ git reset --hard origin/mia-logs
HEAD is now at 5f6cf47 Sun 2025-09-28 14:30:02 EST
+ git push github mia-logs
Everything up-to-date
+ echo '[post-receive] Sync complete for mia-logs.'
[post-receive] Sync complete for mia-logs.
+ exec
+ read oldrev newrev refname
+ WORKDIR_BASE=/data
+ echo '[post-receive] Starting sync task...'
[post-receive] Starting sync task...
+ read oldrev newrev refname
+ [[ refs/heads/mia-logs =~ ^refs/heads/ ]]
+ branch=mia-logs
+ echo '[post-receive] Processing branch: mia-logs'
[post-receive] Processing branch: mia-logs
+ WORKDIR=/data/mia-logs
+ LOCKFILE=/tmp/git-post-receive-mia-logs.lock
+ exec
+ flock -x 9
+ echo '[post-receive] Acquired lock for mia-logs'
[post-receive] Acquired lock for mia-logs
+ '[' '!' -d /data/mia-logs/.git ']'
+ echo '[post-receive] WORKDIR already exists.'
[post-receive] WORKDIR already exists.
+ cd /data/mia-logs
+ unset GIT_DIR
+ unset GIT_WORK_TREE
+ git checkout mia-logs
Already on 'mia-logs'
Your branch is up to date with 'origin/mia-logs'.
+ git fetch origin
From /data/fcre-data-exp-worktree
   5f6cf47..6def118  mia-logs   -> origin/mia-logs
+ git reset --hard origin/mia-logs
HEAD is now at 6def118 Sun 2025-09-28 14:46:18 EST
+ git push github mia-logs
To github.com:FLARE-forecast/FCRE-data.git
   5f6cf47..6def118  mia-logs -> mia-logs
+ echo '[post-receive] Sync complete for mia-logs.'
[post-receive] Sync complete for mia-logs.
+ exec
+ read oldrev newrev refname
+ WORKDIR_BASE=/data
+ echo '[post-receive] Starting sync task...'
[post-receive] Starting sync task...
+ read oldrev newrev refname
+ [[ refs/heads/fcre-weir-data =~ ^refs/heads/ ]]
+ branch=fcre-weir-data
+ echo '[post-receive] Processing branch: fcre-weir-data'
[post-receive] Processing branch: fcre-weir-data
+ WORKDIR=/data/fcre-weir-data
+ LOCKFILE=/tmp/git-post-receive-fcre-weir-data.lock
+ exec
+ flock -x 9
+ echo '[post-receive] Acquired lock for fcre-weir-data'
[post-receive] Acquired lock for fcre-weir-data
+ '[' '!' -d /data/fcre-weir-data/.git ']'
+ echo '[post-receive] WORKDIR already exists.'
[post-receive] WORKDIR already exists.
+ cd /data/fcre-weir-data
+ unset GIT_DIR
+ unset GIT_WORK_TREE
+ git checkout fcre-weir-data
Already on 'fcre-weir-data'
Your branch is up to date with 'origin/fcre-weir-data'.
+ git fetch origin
From /data/fcre-data-exp-worktree
   a068494..5ab54d7  fcre-weir-data -> origin/fcre-weir-data
   856fd1c..6def118  mia-logs       -> origin/mia-logs
+ git reset --hard origin/fcre-weir-data
HEAD is now at 5ab54d7 Sun 2025-09-28 20:09:45 EST
+ git push github fcre-weir-data
To github.com:FLARE-forecast/FCRE-data.git
   a068494..5ab54d7  fcre-weir-data -> fcre-weir-data
+ echo '[post-receive] Sync complete for fcre-weir-data.'
[post-receive] Sync complete for fcre-weir-data.
+ exec
+ read oldrev newrev refname
+ WORKDIR_BASE=/data
+ echo '[post-receive] Starting sync task...'
[post-receive] Starting sync task...
+ read oldrev newrev refname
+ [[ refs/heads/mia-logs =~ ^refs/heads/ ]]
+ branch=mia-logs
+ echo '[post-receive] Processing branch: mia-logs'
[post-receive] Processing branch: mia-logs
+ WORKDIR=/data/mia-logs
+ LOCKFILE=/tmp/git-post-receive-mia-logs.lock
+ exec
+ flock -x 9
+ echo '[post-receive] Acquired lock for mia-logs'
[post-receive] Acquired lock for mia-logs
+ '[' '!' -d /data/mia-logs/.git ']'
+ echo '[post-receive] WORKDIR already exists.'
[post-receive] WORKDIR already exists.
+ cd /data/mia-logs
+ unset GIT_DIR
+ unset GIT_WORK_TREE
+ git checkout mia-logs
Already on 'mia-logs'
Your branch is up to date with 'origin/mia-logs'.
+ git fetch origin
From /data/fcre-data-exp-worktree
   6def118..904ef54  mia-logs       -> origin/mia-logs
   a068494..5ab54d7  fcre-weir-data -> origin/fcre-weir-data
+ git reset --hard origin/mia-logs
HEAD is now at 904ef54 Sun 2025-09-28 20:12:09 EST
+ git push github mia-logs
To github.com:FLARE-forecast/FCRE-data.git
   6def118..904ef54  mia-logs -> mia-logs
+ echo '[post-receive] Sync complete for mia-logs.'
[post-receive] Sync complete for mia-logs.
+ exec
+ read oldrev newrev refname
+ WORKDIR_BASE=/data
+ echo '[post-receive] Starting sync task...'
[post-receive] Starting sync task...
+ read oldrev newrev refname
+ [[ refs/heads/mia-logs =~ ^refs/heads/ ]]
+ branch=mia-logs
+ echo '[post-receive] Processing branch: mia-logs'
[post-receive] Processing branch: mia-logs
+ WORKDIR=/data/mia-logs
+ LOCKFILE=/tmp/git-post-receive-mia-logs.lock
+ exec
+ flock -x 9
+ echo '[post-receive] Acquired lock for mia-logs'
[post-receive] Acquired lock for mia-logs
+ '[' '!' -d /data/mia-logs/.git ']'
+ echo '[post-receive] WORKDIR already exists.'
[post-receive] WORKDIR already exists.
+ cd /data/mia-logs
+ unset GIT_DIR
+ unset GIT_WORK_TREE
+ git checkout mia-logs
Already on 'mia-logs'
Your branch is up to date with 'origin/mia-logs'.
+ git fetch origin
From /data/fcre-data-exp-worktree
   904ef54..879ce37  mia-logs   -> origin/mia-logs
+ git reset --hard origin/mia-logs
HEAD is now at 879ce37 Sun 2025-09-28 20:14:29 EST
+ git push github mia-logs
To github.com:FLARE-forecast/FCRE-data.git
   904ef54..879ce37  mia-logs -> mia-logs
+ echo '[post-receive] Sync complete for mia-logs.'
[post-receive] Sync complete for mia-logs.
+ exec
+ read oldrev newrev refname
+ WORKDIR_BASE=/data
+ echo '[post-receive] Starting sync task...'
[post-receive] Starting sync task...
+ read oldrev newrev refname
+ [[ refs/heads/mia-logs =~ ^refs/heads/ ]]
+ branch=mia-logs
+ echo '[post-receive] Processing branch: mia-logs'
[post-receive] Processing branch: mia-logs
+ WORKDIR=/data/mia-logs
+ LOCKFILE=/tmp/git-post-receive-mia-logs.lock
+ exec
+ flock -x 9
+ echo '[post-receive] Acquired lock for mia-logs'
[post-receive] Acquired lock for mia-logs
+ '[' '!' -d /data/mia-logs/.git ']'
+ echo '[post-receive] WORKDIR already exists.'
[post-receive] WORKDIR already exists.
+ cd /data/mia-logs
+ unset GIT_DIR
+ unset GIT_WORK_TREE
+ git checkout mia-logs
Already on 'mia-logs'
Your branch is up to date with 'origin/mia-logs'.
+ git fetch origin
From /data/fcre-data-exp-worktree
   879ce37..80d80f6  mia-logs   -> origin/mia-logs
+ git reset --hard origin/mia-logs
HEAD is now at 80d80f6 Sun 2025-09-28 20:30:02 EST
+ git push github mia-logs
kex_exchange_identification: read: Network is unreachable
banner exchange: Connection to 140.82.113.4 port 22: Network is unreachable
fatal: Could not read from remote repository.

Please make sure you have the correct access rights
and the repository exists.
+ WORKDIR_BASE=/data
+ echo '[post-receive] Starting sync task...'
[post-receive] Starting sync task...
+ read oldrev newrev refname
+ [[ refs/heads/mia-logs =~ ^refs/heads/ ]]
+ branch=mia-logs
+ echo '[post-receive] Processing branch: mia-logs'
[post-receive] Processing branch: mia-logs
+ WORKDIR=/data/mia-logs
+ LOCKFILE=/tmp/git-post-receive-mia-logs.lock
+ exec
+ flock -x 9
+ echo '[post-receive] Acquired lock for mia-logs'
[post-receive] Acquired lock for mia-logs
+ '[' '!' -d /data/mia-logs/.git ']'
+ echo '[post-receive] WORKDIR already exists.'
[post-receive] WORKDIR already exists.
+ cd /data/mia-logs
+ unset GIT_DIR
+ unset GIT_WORK_TREE
+ git checkout mia-logs
Already on 'mia-logs'
Your branch is up to date with 'origin/mia-logs'.
+ git fetch origin
From /data/fcre-data-exp-worktree
   80d80f6..37c1f86  mia-logs   -> origin/mia-logs
+ git reset --hard origin/mia-logs
HEAD is now at 37c1f86 Mon 2025-09-29 00:19:53 EST
+ git push github mia-logs
To github.com:FLARE-forecast/FCRE-data.git
   879ce37..37c1f86  mia-logs -> mia-logs
+ echo '[post-receive] Sync complete for mia-logs.'
[post-receive] Sync complete for mia-logs.
+ exec
+ read oldrev newrev refname
+ WORKDIR_BASE=/data
+ echo '[post-receive] Starting sync task...'
[post-receive] Starting sync task...
+ read oldrev newrev refname
+ [[ refs/heads/fcre-weir-data =~ ^refs/heads/ ]]
+ branch=fcre-weir-data
+ echo '[post-receive] Processing branch: fcre-weir-data'
[post-receive] Processing branch: fcre-weir-data
+ WORKDIR=/data/fcre-weir-data
+ LOCKFILE=/tmp/git-post-receive-fcre-weir-data.lock
+ exec
+ flock -x 9
+ echo '[post-receive] Acquired lock for fcre-weir-data'
[post-receive] Acquired lock for fcre-weir-data
+ '[' '!' -d /data/fcre-weir-data/.git ']'
+ echo '[post-receive] WORKDIR already exists.'
[post-receive] WORKDIR already exists.
+ cd /data/fcre-weir-data
+ unset GIT_DIR
+ unset GIT_WORK_TREE
+ git checkout fcre-weir-data
Already on 'fcre-weir-data'
Your branch is up to date with 'origin/fcre-weir-data'.
+ git fetch origin
From /data/fcre-data-exp-worktree
   5ab54d7..583ad30  fcre-weir-data -> origin/fcre-weir-data
   6def118..37c1f86  mia-logs       -> origin/mia-logs
+ git reset --hard origin/fcre-weir-data
HEAD is now at 583ad30 Mon 2025-09-29 00:19:42 EST
+ git push github fcre-weir-data
To github.com:FLARE-forecast/FCRE-data.git
   5ab54d7..583ad30  fcre-weir-data -> fcre-weir-data
+ echo '[post-receive] Sync complete for fcre-weir-data.'
[post-receive] Sync complete for fcre-weir-data.
+ exec
+ read oldrev newrev refname
+ WORKDIR_BASE=/data
+ echo '[post-receive] Starting sync task...'
[post-receive] Starting sync task...
+ read oldrev newrev refname
+ [[ refs/heads/fcre-weir-data =~ ^refs/heads/ ]]
+ branch=fcre-weir-data
+ echo '[post-receive] Processing branch: fcre-weir-data'
[post-receive] Processing branch: fcre-weir-data
+ WORKDIR=/data/fcre-weir-data
+ LOCKFILE=/tmp/git-post-receive-fcre-weir-data.lock
+ exec
+ flock -x 9
+ echo '[post-receive] Acquired lock for fcre-weir-data'
[post-receive] Acquired lock for fcre-weir-data
+ '[' '!' -d /data/fcre-weir-data/.git ']'
+ echo '[post-receive] WORKDIR already exists.'
[post-receive] WORKDIR already exists.
+ cd /data/fcre-weir-data
+ unset GIT_DIR
+ unset GIT_WORK_TREE
+ git checkout fcre-weir-data
Already on 'fcre-weir-data'
Your branch is up to date with 'origin/fcre-weir-data'.
+ git fetch origin
From /data/fcre-data-exp-worktree
   583ad30..4a16d82  fcre-weir-data -> origin/fcre-weir-data
+ git reset --hard origin/fcre-weir-data
HEAD is now at 4a16d82 Mon 2025-09-29 06:04:43 EST
+ git push github fcre-weir-data
To github.com:FLARE-forecast/FCRE-data.git
   583ad30..4a16d82  fcre-weir-data -> fcre-weir-data
+ echo '[post-receive] Sync complete for fcre-weir-data.'
[post-receive] Sync complete for fcre-weir-data.
+ exec
+ read oldrev newrev refname
+ WORKDIR_BASE=/data
+ echo '[post-receive] Starting sync task...'
[post-receive] Starting sync task...
+ read oldrev newrev refname
+ [[ refs/heads/mia-logs =~ ^refs/heads/ ]]
+ branch=mia-logs
+ echo '[post-receive] Processing branch: mia-logs'
[post-receive] Processing branch: mia-logs
+ WORKDIR=/data/mia-logs
+ LOCKFILE=/tmp/git-post-receive-mia-logs.lock
+ exec
+ flock -x 9
+ echo '[post-receive] Acquired lock for mia-logs'
[post-receive] Acquired lock for mia-logs
+ '[' '!' -d /data/mia-logs/.git ']'
+ echo '[post-receive] WORKDIR already exists.'
[post-receive] WORKDIR already exists.
+ cd /data/mia-logs
+ unset GIT_DIR
+ unset GIT_WORK_TREE
+ git checkout mia-logs
Already on 'mia-logs'
Your branch is up to date with 'origin/mia-logs'.
+ git fetch origin
From /data/fcre-data-exp-worktree
   37c1f86..45932ba  mia-logs       -> origin/mia-logs
   5ab54d7..4a16d82  fcre-weir-data -> origin/fcre-weir-data
+ git reset --hard origin/mia-logs
HEAD is now at 45932ba Mon 2025-09-29 00:32:21 EST
+ git push github mia-logs
To github.com:FLARE-forecast/FCRE-data.git
   37c1f86..45932ba  mia-logs -> mia-logs
+ echo '[post-receive] Sync complete for mia-logs.'
[post-receive] Sync complete for mia-logs.
+ exec
+ read oldrev newrev refname
+ WORKDIR_BASE=/data
+ echo '[post-receive] Starting sync task...'
[post-receive] Starting sync task...
+ read oldrev newrev refname
+ [[ refs/heads/mia-logs =~ ^refs/heads/ ]]
+ branch=mia-logs
+ echo '[post-receive] Processing branch: mia-logs'
[post-receive] Processing branch: mia-logs
+ WORKDIR=/data/mia-logs
+ LOCKFILE=/tmp/git-post-receive-mia-logs.lock
+ exec
+ flock -x 9
+ echo '[post-receive] Acquired lock for mia-logs'
[post-receive] Acquired lock for mia-logs
+ '[' '!' -d /data/mia-logs/.git ']'
+ echo '[post-receive] WORKDIR already exists.'
[post-receive] WORKDIR already exists.
+ cd /data/mia-logs
+ unset GIT_DIR
+ unset GIT_WORK_TREE
+ git checkout mia-logs
Already on 'mia-logs'
Your branch is up to date with 'origin/mia-logs'.
+ git fetch origin
From /data/fcre-data-exp-worktree
   45932ba..6d12073  mia-logs   -> origin/mia-logs
+ git reset --hard origin/mia-logs
HEAD is now at 6d12073 Mon 2025-09-29 06:09:06 EST
+ git push github mia-logs
To github.com:FLARE-forecast/FCRE-data.git
   45932ba..6d12073  mia-logs -> mia-logs
+ echo '[post-receive] Sync complete for mia-logs.'
[post-receive] Sync complete for mia-logs.
+ exec
+ read oldrev newrev refname
+ WORKDIR_BASE=/data
+ echo '[post-receive] Starting sync task...'
[post-receive] Starting sync task...
+ read oldrev newrev refname
+ [[ refs/heads/mia-logs =~ ^refs/heads/ ]]
+ branch=mia-logs
+ echo '[post-receive] Processing branch: mia-logs'
[post-receive] Processing branch: mia-logs
+ WORKDIR=/data/mia-logs
+ LOCKFILE=/tmp/git-post-receive-mia-logs.lock
+ exec
+ flock -x 9
+ echo '[post-receive] Acquired lock for mia-logs'
[post-receive] Acquired lock for mia-logs
+ '[' '!' -d /data/mia-logs/.git ']'
+ echo '[post-receive] WORKDIR already exists.'
[post-receive] WORKDIR already exists.
+ cd /data/mia-logs
+ unset GIT_DIR
+ unset GIT_WORK_TREE
+ git checkout mia-logs
Already on 'mia-logs'
Your branch is up to date with 'origin/mia-logs'.
+ git fetch origin
From /data/fcre-data-exp-worktree
   6d12073..28ad97a  mia-logs   -> origin/mia-logs
+ git reset --hard origin/mia-logs
HEAD is now at 28ad97a Mon 2025-09-29 10:15:49 EST
+ git push github mia-logs
To github.com:FLARE-forecast/FCRE-data.git
   6d12073..28ad97a  mia-logs -> mia-logs
+ echo '[post-receive] Sync complete for mia-logs.'
[post-receive] Sync complete for mia-logs.
+ exec
+ read oldrev newrev refname
+ WORKDIR_BASE=/data
+ echo '[post-receive] Starting sync task...'
[post-receive] Starting sync task...
+ read oldrev newrev refname
+ [[ refs/heads/fcre-weir-data =~ ^refs/heads/ ]]
+ branch=fcre-weir-data
+ echo '[post-receive] Processing branch: fcre-weir-data'
[post-receive] Processing branch: fcre-weir-data
+ WORKDIR=/data/fcre-weir-data
+ LOCKFILE=/tmp/git-post-receive-fcre-weir-data.lock
+ exec
+ flock -x 9
+ echo '[post-receive] Acquired lock for fcre-weir-data'
[post-receive] Acquired lock for fcre-weir-data
+ '[' '!' -d /data/fcre-weir-data/.git ']'
+ echo '[post-receive] WORKDIR already exists.'
[post-receive] WORKDIR already exists.
+ cd /data/fcre-weir-data
+ unset GIT_DIR
+ unset GIT_WORK_TREE
+ git checkout fcre-weir-data
Already on 'fcre-weir-data'
Your branch is up to date with 'origin/fcre-weir-data'.
+ git fetch origin
From /data/fcre-data-exp-worktree
   4a16d82..6345d7e  fcre-weir-data -> origin/fcre-weir-data
   37c1f86..28ad97a  mia-logs       -> origin/mia-logs
+ git reset --hard origin/fcre-weir-data
HEAD is now at 6345d7e Mon 2025-09-29 10:09:43 EST
+ git push github fcre-weir-data
To github.com:FLARE-forecast/FCRE-data.git
   4a16d82..6345d7e  fcre-weir-data -> fcre-weir-data
+ echo '[post-receive] Sync complete for fcre-weir-data.'
[post-receive] Sync complete for fcre-weir-data.
+ exec
+ read oldrev newrev refname
+ WORKDIR_BASE=/data
+ echo '[post-receive] Starting sync task...'
[post-receive] Starting sync task...
+ read oldrev newrev refname
+ [[ refs/heads/mia-logs =~ ^refs/heads/ ]]
+ branch=mia-logs
+ echo '[post-receive] Processing branch: mia-logs'
[post-receive] Processing branch: mia-logs
+ WORKDIR=/data/mia-logs
+ LOCKFILE=/tmp/git-post-receive-mia-logs.lock
+ exec
+ flock -x 9
+ echo '[post-receive] Acquired lock for mia-logs'
[post-receive] Acquired lock for mia-logs
+ '[' '!' -d /data/mia-logs/.git ']'
+ echo '[post-receive] WORKDIR already exists.'
[post-receive] WORKDIR already exists.
+ cd /data/mia-logs
+ unset GIT_DIR
+ unset GIT_WORK_TREE
+ git checkout mia-logs
Already on 'mia-logs'
Your branch is up to date with 'origin/mia-logs'.
+ git fetch origin
From /data/fcre-data-exp-worktree
   28ad97a..b1f1eee  mia-logs       -> origin/mia-logs
   4a16d82..6345d7e  fcre-weir-data -> origin/fcre-weir-data
+ git reset --hard origin/mia-logs
HEAD is now at b1f1eee Mon 2025-09-29 10:39:49 EST
+ git push github mia-logs
To github.com:FLARE-forecast/FCRE-data.git
   28ad97a..b1f1eee  mia-logs -> mia-logs
+ echo '[post-receive] Sync complete for mia-logs.'
[post-receive] Sync complete for mia-logs.
+ exec
+ read oldrev newrev refname
+ WORKDIR_BASE=/data
+ echo '[post-receive] Starting sync task...'
[post-receive] Starting sync task...
+ read oldrev newrev refname
+ [[ refs/heads/fcre-weir-data =~ ^refs/heads/ ]]
+ branch=fcre-weir-data
+ echo '[post-receive] Processing branch: fcre-weir-data'
[post-receive] Processing branch: fcre-weir-data
+ WORKDIR=/data/fcre-weir-data
+ LOCKFILE=/tmp/git-post-receive-fcre-weir-data.lock
+ exec
+ flock -x 9
+ echo '[post-receive] Acquired lock for fcre-weir-data'
[post-receive] Acquired lock for fcre-weir-data
+ '[' '!' -d /data/fcre-weir-data/.git ']'
+ echo '[post-receive] WORKDIR already exists.'
[post-receive] WORKDIR already exists.
+ cd /data/fcre-weir-data
+ unset GIT_DIR
+ unset GIT_WORK_TREE
+ git checkout fcre-weir-data
Already on 'fcre-weir-data'
Your branch is up to date with 'origin/fcre-weir-data'.
+ git fetch origin
From /data/fcre-data-exp-worktree
   6345d7e..5b83983  fcre-weir-data -> origin/fcre-weir-data
   28ad97a..b1f1eee  mia-logs       -> origin/mia-logs
+ git reset --hard origin/fcre-weir-data
HEAD is now at 5b83983 Mon 2025-09-29 12:09:43 EST
+ git push github fcre-weir-data
To github.com:FLARE-forecast/FCRE-data.git
   6345d7e..5b83983  fcre-weir-data -> fcre-weir-data
+ echo '[post-receive] Sync complete for fcre-weir-data.'
[post-receive] Sync complete for fcre-weir-data.
+ exec
+ read oldrev newrev refname
+ WORKDIR_BASE=/data
+ echo '[post-receive] Starting sync task...'
[post-receive] Starting sync task...
+ read oldrev newrev refname
+ [[ refs/heads/mia-logs =~ ^refs/heads/ ]]
+ branch=mia-logs
+ echo '[post-receive] Processing branch: mia-logs'
[post-receive] Processing branch: mia-logs
+ WORKDIR=/data/mia-logs
+ LOCKFILE=/tmp/git-post-receive-mia-logs.lock
+ exec
+ flock -x 9
+ echo '[post-receive] Acquired lock for mia-logs'
[post-receive] Acquired lock for mia-logs
+ '[' '!' -d /data/mia-logs/.git ']'
+ echo '[post-receive] WORKDIR already exists.'
[post-receive] WORKDIR already exists.
+ cd /data/mia-logs
+ unset GIT_DIR
+ unset GIT_WORK_TREE
+ git checkout mia-logs
Already on 'mia-logs'
Your branch is up to date with 'origin/mia-logs'.
+ git fetch origin
From /data/fcre-data-exp-worktree
   b1f1eee..424613b  mia-logs       -> origin/mia-logs
   6345d7e..5b83983  fcre-weir-data -> origin/fcre-weir-data
+ git reset --hard origin/mia-logs
HEAD is now at 424613b Mon 2025-09-29 12:12:17 EST
+ git push github mia-logs
To github.com:FLARE-forecast/FCRE-data.git
   b1f1eee..424613b  mia-logs -> mia-logs
+ echo '[post-receive] Sync complete for mia-logs.'
[post-receive] Sync complete for mia-logs.
+ exec
+ read oldrev newrev refname
+ WORKDIR_BASE=/data
+ echo '[post-receive] Starting sync task...'
[post-receive] Starting sync task...
+ read oldrev newrev refname
+ [[ refs/heads/mia-logs =~ ^refs/heads/ ]]
+ branch=mia-logs
+ echo '[post-receive] Processing branch: mia-logs'
[post-receive] Processing branch: mia-logs
+ WORKDIR=/data/mia-logs
+ LOCKFILE=/tmp/git-post-receive-mia-logs.lock
+ exec
+ flock -x 9
+ echo '[post-receive] Acquired lock for mia-logs'
[post-receive] Acquired lock for mia-logs
+ '[' '!' -d /data/mia-logs/.git ']'
+ echo '[post-receive] WORKDIR already exists.'
[post-receive] WORKDIR already exists.
+ cd /data/mia-logs
+ unset GIT_DIR
+ unset GIT_WORK_TREE
+ git checkout mia-logs
Already on 'mia-logs'
Your branch is up to date with 'origin/mia-logs'.
+ git fetch origin
From /data/fcre-data-exp-worktree
   424613b..58db499  mia-logs   -> origin/mia-logs
+ git reset --hard origin/mia-logs
HEAD is now at 58db499 Mon 2025-09-29 14:21:45 EST
+ git push github mia-logs
To github.com:FLARE-forecast/FCRE-data.git
   424613b..58db499  mia-logs -> mia-logs
+ echo '[post-receive] Sync complete for mia-logs.'
[post-receive] Sync complete for mia-logs.
+ exec
+ read oldrev newrev refname
+ WORKDIR_BASE=/data
+ echo '[post-receive] Starting sync task...'
[post-receive] Starting sync task...
+ read oldrev newrev refname
+ [[ refs/heads/mia-logs =~ ^refs/heads/ ]]
+ branch=mia-logs
+ echo '[post-receive] Processing branch: mia-logs'
[post-receive] Processing branch: mia-logs
+ WORKDIR=/data/mia-logs
+ LOCKFILE=/tmp/git-post-receive-mia-logs.lock
+ exec
+ flock -x 9
+ echo '[post-receive] Acquired lock for mia-logs'
[post-receive] Acquired lock for mia-logs
+ '[' '!' -d /data/mia-logs/.git ']'
+ echo '[post-receive] WORKDIR already exists.'
[post-receive] WORKDIR already exists.
+ cd /data/mia-logs
+ unset GIT_DIR
+ unset GIT_WORK_TREE
+ git checkout mia-logs
Already on 'mia-logs'
Your branch is up to date with 'origin/mia-logs'.
+ git fetch origin
From /data/fcre-data-exp-worktree
   58db499..847c9a2  mia-logs   -> origin/mia-logs
+ git reset --hard origin/mia-logs
HEAD is now at 847c9a2 Mon 2025-09-29 14:32:32 EST
+ git push github mia-logs
To github.com:FLARE-forecast/FCRE-data.git
   58db499..847c9a2  mia-logs -> mia-logs
+ echo '[post-receive] Sync complete for mia-logs.'
[post-receive] Sync complete for mia-logs.
+ exec
+ read oldrev newrev refname
+ WORKDIR_BASE=/data
+ echo '[post-receive] Starting sync task...'
[post-receive] Starting sync task...
+ read oldrev newrev refname
+ [[ refs/heads/fcre-weir-data =~ ^refs/heads/ ]]
+ branch=fcre-weir-data
+ echo '[post-receive] Processing branch: fcre-weir-data'
[post-receive] Processing branch: fcre-weir-data
+ WORKDIR=/data/fcre-weir-data
+ LOCKFILE=/tmp/git-post-receive-fcre-weir-data.lock
+ exec
+ flock -x 9
+ echo '[post-receive] Acquired lock for fcre-weir-data'
[post-receive] Acquired lock for fcre-weir-data
+ '[' '!' -d /data/fcre-weir-data/.git ']'
+ echo '[post-receive] WORKDIR already exists.'
[post-receive] WORKDIR already exists.
+ cd /data/fcre-weir-data
+ unset GIT_DIR
+ unset GIT_WORK_TREE
+ git checkout fcre-weir-data
Already on 'fcre-weir-data'
Your branch is up to date with 'origin/fcre-weir-data'.
+ git fetch origin
From /data/fcre-data-exp-worktree
   5b83983..21f39a6  fcre-weir-data -> origin/fcre-weir-data
   b1f1eee..847c9a2  mia-logs       -> origin/mia-logs
+ git reset --hard origin/fcre-weir-data
HEAD is now at 21f39a6 Mon 2025-09-29 14:19:42 EST
+ git push github fcre-weir-data
To github.com:FLARE-forecast/FCRE-data.git
   5b83983..21f39a6  fcre-weir-data -> fcre-weir-data
+ echo '[post-receive] Sync complete for fcre-weir-data.'
[post-receive] Sync complete for fcre-weir-data.
+ exec
+ read oldrev newrev refname
+ WORKDIR_BASE=/data
+ echo '[post-receive] Starting sync task...'
[post-receive] Starting sync task...
+ read oldrev newrev refname
+ [[ refs/heads/fcre-weir-data =~ ^refs/heads/ ]]
+ branch=fcre-weir-data
+ echo '[post-receive] Processing branch: fcre-weir-data'
[post-receive] Processing branch: fcre-weir-data
+ WORKDIR=/data/fcre-weir-data
+ LOCKFILE=/tmp/git-post-receive-fcre-weir-data.lock
+ exec
+ flock -x 9
+ echo '[post-receive] Acquired lock for fcre-weir-data'
[post-receive] Acquired lock for fcre-weir-data
+ '[' '!' -d /data/fcre-weir-data/.git ']'
+ echo '[post-receive] WORKDIR already exists.'
[post-receive] WORKDIR already exists.
+ cd /data/fcre-weir-data
+ unset GIT_DIR
+ unset GIT_WORK_TREE
+ git checkout fcre-weir-data
Already on 'fcre-weir-data'
Your branch is up to date with 'origin/fcre-weir-data'.
+ git fetch origin
From /data/fcre-data-exp-worktree
   21f39a6..f72bce3  fcre-weir-data -> origin/fcre-weir-data
+ git reset --hard origin/fcre-weir-data
HEAD is now at f72bce3 Mon 2025-09-29 20:09:43 EST
+ git push github fcre-weir-data
To github.com:FLARE-forecast/FCRE-data.git
   21f39a6..f72bce3  fcre-weir-data -> fcre-weir-data
+ echo '[post-receive] Sync complete for fcre-weir-data.'
[post-receive] Sync complete for fcre-weir-data.
+ exec
+ read oldrev newrev refname
+ WORKDIR_BASE=/data
+ echo '[post-receive] Starting sync task...'
[post-receive] Starting sync task...
+ read oldrev newrev refname
+ [[ refs/heads/mia-logs =~ ^refs/heads/ ]]
+ branch=mia-logs
+ echo '[post-receive] Processing branch: mia-logs'
[post-receive] Processing branch: mia-logs
+ WORKDIR=/data/mia-logs
+ LOCKFILE=/tmp/git-post-receive-mia-logs.lock
+ exec
+ flock -x 9
+ echo '[post-receive] Acquired lock for mia-logs'
[post-receive] Acquired lock for mia-logs
+ '[' '!' -d /data/mia-logs/.git ']'
+ echo '[post-receive] WORKDIR already exists.'
[post-receive] WORKDIR already exists.
+ cd /data/mia-logs
+ unset GIT_DIR
+ unset GIT_WORK_TREE
+ git checkout mia-logs
Already on 'mia-logs'
Your branch is up to date with 'origin/mia-logs'.
+ git fetch origin
From /data/fcre-data-exp-worktree
   847c9a2..418ce14  mia-logs       -> origin/mia-logs
   5b83983..f72bce3  fcre-weir-data -> origin/fcre-weir-data
+ git reset --hard origin/mia-logs
HEAD is now at 418ce14 Mon 2025-09-29 14:52:20 EST
+ git push github mia-logs
+ WORKDIR_BASE=/data
+ echo '[post-receive] Starting sync task...'
[post-receive] Starting sync task...
+ read oldrev newrev refname
+ [[ refs/heads/mia-logs =~ ^refs/heads/ ]]
+ branch=mia-logs
+ echo '[post-receive] Processing branch: mia-logs'
[post-receive] Processing branch: mia-logs
+ WORKDIR=/data/mia-logs
+ LOCKFILE=/tmp/git-post-receive-mia-logs.lock
+ exec
+ flock -x 9
client_loop: send disconnect: Broken pipe
send-pack: unexpected disconnect while reading sideband packet
fatal: the remote end hung up unexpectedly
+ echo '[post-receive] Acquired lock for mia-logs'
[post-receive] Acquired lock for mia-logs
+ '[' '!' -d /data/mia-logs/.git ']'
+ echo '[post-receive] WORKDIR already exists.'
[post-receive] WORKDIR already exists.
+ cd /data/mia-logs
+ unset GIT_DIR
+ unset GIT_WORK_TREE
+ git checkout mia-logs
Already on 'mia-logs'
Your branch is up to date with 'origin/mia-logs'.
+ git fetch origin
From /data/fcre-data-exp-worktree
   418ce14..0435b77  mia-logs   -> origin/mia-logs
+ git reset --hard origin/mia-logs
HEAD is now at 0435b77 Mon 2025-09-29 20:14:57 EST
+ git push github mia-logs
To github.com:FLARE-forecast/FCRE-data.git
   418ce14..0435b77  mia-logs -> mia-logs
+ echo '[post-receive] Sync complete for mia-logs.'
[post-receive] Sync complete for mia-logs.
+ exec
+ read oldrev newrev refname
+ WORKDIR_BASE=/data
+ echo '[post-receive] Starting sync task...'
[post-receive] Starting sync task...
+ read oldrev newrev refname
+ [[ refs/heads/mia-logs =~ ^refs/heads/ ]]
+ branch=mia-logs
+ echo '[post-receive] Processing branch: mia-logs'
[post-receive] Processing branch: mia-logs
+ WORKDIR=/data/mia-logs
+ LOCKFILE=/tmp/git-post-receive-mia-logs.lock
+ exec
+ flock -x 9
+ echo '[post-receive] Acquired lock for mia-logs'
[post-receive] Acquired lock for mia-logs
+ '[' '!' -d /data/mia-logs/.git ']'
+ echo '[post-receive] WORKDIR already exists.'
[post-receive] WORKDIR already exists.
+ cd /data/mia-logs
+ unset GIT_DIR
+ unset GIT_WORK_TREE
+ git checkout mia-logs
Already on 'mia-logs'
Your branch is up to date with 'origin/mia-logs'.
+ git fetch origin
From /data/fcre-data-exp-worktree
   0435b77..f3eab9d  mia-logs   -> origin/mia-logs
+ git reset --hard origin/mia-logs
HEAD is now at f3eab9d Tue 2025-09-30 00:20:53 EST
+ git push github mia-logs
To github.com:FLARE-forecast/FCRE-data.git
   0435b77..f3eab9d  mia-logs -> mia-logs
+ echo '[post-receive] Sync complete for mia-logs.'
[post-receive] Sync complete for mia-logs.
+ exec
+ read oldrev newrev refname
+ WORKDIR_BASE=/data
+ echo '[post-receive] Starting sync task...'
[post-receive] Starting sync task...
+ read oldrev newrev refname
+ [[ refs/heads/fcre-weir-data =~ ^refs/heads/ ]]
+ branch=fcre-weir-data
+ echo '[post-receive] Processing branch: fcre-weir-data'
[post-receive] Processing branch: fcre-weir-data
+ WORKDIR=/data/fcre-weir-data
+ LOCKFILE=/tmp/git-post-receive-fcre-weir-data.lock
+ exec
+ flock -x 9
+ echo '[post-receive] Acquired lock for fcre-weir-data'
[post-receive] Acquired lock for fcre-weir-data
+ '[' '!' -d /data/fcre-weir-data/.git ']'
+ echo '[post-receive] WORKDIR already exists.'
[post-receive] WORKDIR already exists.
+ cd /data/fcre-weir-data
+ unset GIT_DIR
+ unset GIT_WORK_TREE
+ git checkout fcre-weir-data
Already on 'fcre-weir-data'
Your branch is up to date with 'origin/fcre-weir-data'.
+ git fetch origin
From /data/fcre-data-exp-worktree
   f72bce3..e396296  fcre-weir-data -> origin/fcre-weir-data
   847c9a2..f3eab9d  mia-logs       -> origin/mia-logs
+ git reset --hard origin/fcre-weir-data
HEAD is now at e396296 Tue 2025-09-30 06:04:44 EST
+ git push github fcre-weir-data
To github.com:FLARE-forecast/FCRE-data.git
   f72bce3..e396296  fcre-weir-data -> fcre-weir-data
+ echo '[post-receive] Sync complete for fcre-weir-data.'
[post-receive] Sync complete for fcre-weir-data.
+ exec
+ read oldrev newrev refname
+ WORKDIR_BASE=/data
+ echo '[post-receive] Starting sync task...'
[post-receive] Starting sync task...
+ read oldrev newrev refname
+ [[ refs/heads/mia-logs =~ ^refs/heads/ ]]
+ branch=mia-logs
+ echo '[post-receive] Processing branch: mia-logs'
[post-receive] Processing branch: mia-logs
+ WORKDIR=/data/mia-logs
+ LOCKFILE=/tmp/git-post-receive-mia-logs.lock
+ exec
+ flock -x 9
+ echo '[post-receive] Acquired lock for mia-logs'
[post-receive] Acquired lock for mia-logs
+ '[' '!' -d /data/mia-logs/.git ']'
+ echo '[post-receive] WORKDIR already exists.'
[post-receive] WORKDIR already exists.
+ cd /data/mia-logs
+ unset GIT_DIR
+ unset GIT_WORK_TREE
+ git checkout mia-logs
Already on 'mia-logs'
Your branch is up to date with 'origin/mia-logs'.
+ git fetch origin
From /data/fcre-data-exp-worktree
   f3eab9d..44bd70c  mia-logs       -> origin/mia-logs
   f72bce3..e396296  fcre-weir-data -> origin/fcre-weir-data
+ git reset --hard origin/mia-logs
HEAD is now at 44bd70c Tue 2025-09-30 00:32:18 EST
+ git push github mia-logs
To github.com:FLARE-forecast/FCRE-data.git
   f3eab9d..44bd70c  mia-logs -> mia-logs
+ echo '[post-receive] Sync complete for mia-logs.'
[post-receive] Sync complete for mia-logs.
+ exec
+ read oldrev newrev refname
+ WORKDIR_BASE=/data
+ echo '[post-receive] Starting sync task...'
[post-receive] Starting sync task...
+ read oldrev newrev refname
+ [[ refs/heads/mia-logs =~ ^refs/heads/ ]]
+ branch=mia-logs
+ echo '[post-receive] Processing branch: mia-logs'
[post-receive] Processing branch: mia-logs
+ WORKDIR=/data/mia-logs
+ LOCKFILE=/tmp/git-post-receive-mia-logs.lock
+ exec
+ flock -x 9
+ echo '[post-receive] Acquired lock for mia-logs'
[post-receive] Acquired lock for mia-logs
+ '[' '!' -d /data/mia-logs/.git ']'
+ echo '[post-receive] WORKDIR already exists.'
[post-receive] WORKDIR already exists.
+ cd /data/mia-logs
+ unset GIT_DIR
+ unset GIT_WORK_TREE
+ git checkout mia-logs
Already on 'mia-logs'
Your branch is up to date with 'origin/mia-logs'.
+ git fetch origin
From /data/fcre-data-exp-worktree
   44bd70c..53b82b0  mia-logs   -> origin/mia-logs
+ git reset --hard origin/mia-logs
HEAD is now at 53b82b0 Tue 2025-09-30 00:48:30 EST
+ git push github mia-logs
To github.com:FLARE-forecast/FCRE-data.git
   44bd70c..53b82b0  mia-logs -> mia-logs
+ echo '[post-receive] Sync complete for mia-logs.'
[post-receive] Sync complete for mia-logs.
+ exec
+ read oldrev newrev refname
+ WORKDIR_BASE=/data
+ echo '[post-receive] Starting sync task...'
[post-receive] Starting sync task...
+ read oldrev newrev refname
+ [[ refs/heads/mia-logs =~ ^refs/heads/ ]]
+ branch=mia-logs
+ echo '[post-receive] Processing branch: mia-logs'
[post-receive] Processing branch: mia-logs
+ WORKDIR=/data/mia-logs
+ LOCKFILE=/tmp/git-post-receive-mia-logs.lock
+ exec
+ flock -x 9
+ echo '[post-receive] Acquired lock for mia-logs'
[post-receive] Acquired lock for mia-logs
+ '[' '!' -d /data/mia-logs/.git ']'
+ echo '[post-receive] WORKDIR already exists.'
[post-receive] WORKDIR already exists.
+ cd /data/mia-logs
+ unset GIT_DIR
+ unset GIT_WORK_TREE
+ git checkout mia-logs
Already on 'mia-logs'
Your branch is up to date with 'origin/mia-logs'.
+ git fetch origin
From /data/fcre-data-exp-worktree
   53b82b0..19f7cae  mia-logs   -> origin/mia-logs
+ git reset --hard origin/mia-logs
HEAD is now at 19f7cae Tue 2025-09-30 14:37:34 EST
+ git push github mia-logs
To github.com:FLARE-forecast/FCRE-data.git
   53b82b0..19f7cae  mia-logs -> mia-logs
+ echo '[post-receive] Sync complete for mia-logs.'
[post-receive] Sync complete for mia-logs.
+ exec
+ read oldrev newrev refname
+ WORKDIR_BASE=/data
+ echo '[post-receive] Starting sync task...'
[post-receive] Starting sync task...
+ read oldrev newrev refname
+ [[ refs/heads/fcre-weir-data =~ ^refs/heads/ ]]
+ branch=fcre-weir-data
+ echo '[post-receive] Processing branch: fcre-weir-data'
[post-receive] Processing branch: fcre-weir-data
+ WORKDIR=/data/fcre-weir-data
+ LOCKFILE=/tmp/git-post-receive-fcre-weir-data.lock
+ exec
+ flock -x 9
+ echo '[post-receive] Acquired lock for fcre-weir-data'
[post-receive] Acquired lock for fcre-weir-data
+ '[' '!' -d /data/fcre-weir-data/.git ']'
+ echo '[post-receive] WORKDIR already exists.'
[post-receive] WORKDIR already exists.
+ cd /data/fcre-weir-data
+ unset GIT_DIR
+ unset GIT_WORK_TREE
+ git checkout fcre-weir-data
Already on 'fcre-weir-data'
Your branch is up to date with 'origin/fcre-weir-data'.
+ git fetch origin
From /data/fcre-data-exp-worktree
   e396296..cb18b2f  fcre-weir-data -> origin/fcre-weir-data
   f3eab9d..19f7cae  mia-logs       -> origin/mia-logs
+ git reset --hard origin/fcre-weir-data
HEAD is now at cb18b2f Tue 2025-09-30 12:09:43 EST
+ git push github fcre-weir-data
To github.com:FLARE-forecast/FCRE-data.git
   e396296..cb18b2f  fcre-weir-data -> fcre-weir-data
+ echo '[post-receive] Sync complete for fcre-weir-data.'
[post-receive] Sync complete for fcre-weir-data.
+ exec
+ read oldrev newrev refname
+ WORKDIR_BASE=/data
+ echo '[post-receive] Starting sync task...'
[post-receive] Starting sync task...
+ read oldrev newrev refname
+ [[ refs/heads/fcre-weir-data =~ ^refs/heads/ ]]
+ branch=fcre-weir-data
+ echo '[post-receive] Processing branch: fcre-weir-data'
[post-receive] Processing branch: fcre-weir-data
+ WORKDIR=/data/fcre-weir-data
+ LOCKFILE=/tmp/git-post-receive-fcre-weir-data.lock
+ exec
+ flock -x 9
+ echo '[post-receive] Acquired lock for fcre-weir-data'
[post-receive] Acquired lock for fcre-weir-data
+ '[' '!' -d /data/fcre-weir-data/.git ']'
+ echo '[post-receive] WORKDIR already exists.'
[post-receive] WORKDIR already exists.
+ cd /data/fcre-weir-data
+ unset GIT_DIR
+ unset GIT_WORK_TREE
+ git checkout fcre-weir-data
Already on 'fcre-weir-data'
Your branch is up to date with 'origin/fcre-weir-data'.
+ git fetch origin
From /data/fcre-data-exp-worktree
   cb18b2f..10bc202  fcre-weir-data -> origin/fcre-weir-data
+ git reset --hard origin/fcre-weir-data
HEAD is now at 10bc202 Tue 2025-09-30 14:19:43 EST
+ git push github fcre-weir-data
To github.com:FLARE-forecast/FCRE-data.git
   cb18b2f..10bc202  fcre-weir-data -> fcre-weir-data
+ echo '[post-receive] Sync complete for fcre-weir-data.'
[post-receive] Sync complete for fcre-weir-data.
+ exec
+ read oldrev newrev refname
+ WORKDIR_BASE=/data
+ echo '[post-receive] Starting sync task...'
[post-receive] Starting sync task...
+ read oldrev newrev refname
+ [[ refs/heads/fcre-weir-data =~ ^refs/heads/ ]]
+ branch=fcre-weir-data
+ echo '[post-receive] Processing branch: fcre-weir-data'
[post-receive] Processing branch: fcre-weir-data
+ WORKDIR=/data/fcre-weir-data
+ LOCKFILE=/tmp/git-post-receive-fcre-weir-data.lock
+ exec
+ flock -x 9
+ echo '[post-receive] Acquired lock for fcre-weir-data'
[post-receive] Acquired lock for fcre-weir-data
+ '[' '!' -d /data/fcre-weir-data/.git ']'
+ echo '[post-receive] WORKDIR already exists.'
[post-receive] WORKDIR already exists.
+ cd /data/fcre-weir-data
+ unset GIT_DIR
+ unset GIT_WORK_TREE
+ git checkout fcre-weir-data
Already on 'fcre-weir-data'
Your branch is up to date with 'origin/fcre-weir-data'.
+ git fetch origin
From /data/fcre-data-exp-worktree
   10bc202..dcb2a5f  fcre-weir-data -> origin/fcre-weir-data
+ git reset --hard origin/fcre-weir-data
HEAD is now at dcb2a5f Tue 2025-09-30 20:09:43 EST
+ git push github fcre-weir-data
To github.com:FLARE-forecast/FCRE-data.git
   10bc202..dcb2a5f  fcre-weir-data -> fcre-weir-data
+ echo '[post-receive] Sync complete for fcre-weir-data.'
[post-receive] Sync complete for fcre-weir-data.
+ exec
+ read oldrev newrev refname
+ WORKDIR_BASE=/data
+ echo '[post-receive] Starting sync task...'
[post-receive] Starting sync task...
+ read oldrev newrev refname
+ [[ refs/heads/mia-logs =~ ^refs/heads/ ]]
+ branch=mia-logs
+ echo '[post-receive] Processing branch: mia-logs'
[post-receive] Processing branch: mia-logs
+ WORKDIR=/data/mia-logs
+ LOCKFILE=/tmp/git-post-receive-mia-logs.lock
+ exec
+ flock -x 9
+ echo '[post-receive] Acquired lock for mia-logs'
[post-receive] Acquired lock for mia-logs
+ '[' '!' -d /data/mia-logs/.git ']'
+ echo '[post-receive] WORKDIR already exists.'
[post-receive] WORKDIR already exists.
+ cd /data/mia-logs
+ unset GIT_DIR
+ unset GIT_WORK_TREE
+ git checkout mia-logs
Already on 'mia-logs'
Your branch is up to date with 'origin/mia-logs'.
+ git fetch origin
From /data/fcre-data-exp-worktree
   19f7cae..581bb70  mia-logs       -> origin/mia-logs
   e396296..dcb2a5f  fcre-weir-data -> origin/fcre-weir-data
+ git reset --hard origin/mia-logs
HEAD is now at 581bb70 Tue 2025-09-30 20:21:13 EST
+ git push github mia-logs
To github.com:FLARE-forecast/FCRE-data.git
   19f7cae..581bb70  mia-logs -> mia-logs
+ echo '[post-receive] Sync complete for mia-logs.'
[post-receive] Sync complete for mia-logs.
+ exec
+ read oldrev newrev refname
+ WORKDIR_BASE=/data
+ echo '[post-receive] Starting sync task...'
[post-receive] Starting sync task...
+ read oldrev newrev refname
+ [[ refs/heads/mia-logs =~ ^refs/heads/ ]]
+ branch=mia-logs
+ echo '[post-receive] Processing branch: mia-logs'
[post-receive] Processing branch: mia-logs
+ WORKDIR=/data/mia-logs
+ LOCKFILE=/tmp/git-post-receive-mia-logs.lock
+ exec
+ flock -x 9
+ echo '[post-receive] Acquired lock for mia-logs'
[post-receive] Acquired lock for mia-logs
+ '[' '!' -d /data/mia-logs/.git ']'
+ echo '[post-receive] WORKDIR already exists.'
[post-receive] WORKDIR already exists.
+ cd /data/mia-logs
+ unset GIT_DIR
+ unset GIT_WORK_TREE
+ git checkout mia-logs
Already on 'mia-logs'
Your branch is up to date with 'origin/mia-logs'.
+ git fetch origin
From /data/fcre-data-exp-worktree
   581bb70..3c590b6  mia-logs   -> origin/mia-logs
+ git reset --hard origin/mia-logs
HEAD is now at 3c590b6 Tue 2025-09-30 20:35:30 EST
+ git push github mia-logs
To github.com:FLARE-forecast/FCRE-data.git
   581bb70..3c590b6  mia-logs -> mia-logs
+ echo '[post-receive] Sync complete for mia-logs.'
[post-receive] Sync complete for mia-logs.
+ exec
+ read oldrev newrev refname
+ WORKDIR_BASE=/data
+ echo '[post-receive] Starting sync task...'
[post-receive] Starting sync task...
+ read oldrev newrev refname
+ [[ refs/heads/mia-logs =~ ^refs/heads/ ]]
+ branch=mia-logs
+ echo '[post-receive] Processing branch: mia-logs'
[post-receive] Processing branch: mia-logs
+ WORKDIR=/data/mia-logs
+ LOCKFILE=/tmp/git-post-receive-mia-logs.lock
+ exec
+ flock -x 9
+ echo '[post-receive] Acquired lock for mia-logs'
[post-receive] Acquired lock for mia-logs
+ '[' '!' -d /data/mia-logs/.git ']'
+ echo '[post-receive] WORKDIR already exists.'
[post-receive] WORKDIR already exists.
+ cd /data/mia-logs
+ unset GIT_DIR
+ unset GIT_WORK_TREE
+ git checkout mia-logs
Already on 'mia-logs'
Your branch is up to date with 'origin/mia-logs'.
+ git fetch origin
From /data/fcre-data-exp-worktree
   3c590b6..04c08bb  mia-logs   -> origin/mia-logs
+ git reset --hard origin/mia-logs
HEAD is now at 04c08bb Tue 2025-09-30 20:44:44 EST
+ git push github mia-logs
To github.com:FLARE-forecast/FCRE-data.git
   3c590b6..04c08bb  mia-logs -> mia-logs
+ echo '[post-receive] Sync complete for mia-logs.'
[post-receive] Sync complete for mia-logs.
+ exec
+ read oldrev newrev refname
+ WORKDIR_BASE=/data
+ echo '[post-receive] Starting sync task...'
[post-receive] Starting sync task...
+ read oldrev newrev refname
+ [[ refs/heads/fcre-weir-data =~ ^refs/heads/ ]]
+ branch=fcre-weir-data
+ echo '[post-receive] Processing branch: fcre-weir-data'
[post-receive] Processing branch: fcre-weir-data
+ WORKDIR=/data/fcre-weir-data
+ LOCKFILE=/tmp/git-post-receive-fcre-weir-data.lock
+ exec
+ flock -x 9
+ echo '[post-receive] Acquired lock for fcre-weir-data'
[post-receive] Acquired lock for fcre-weir-data
+ '[' '!' -d /data/fcre-weir-data/.git ']'
+ echo '[post-receive] WORKDIR already exists.'
[post-receive] WORKDIR already exists.
+ cd /data/fcre-weir-data
+ unset GIT_DIR
+ unset GIT_WORK_TREE
+ git checkout fcre-weir-data
Already on 'fcre-weir-data'
Your branch is up to date with 'origin/fcre-weir-data'.
+ git fetch origin
From /data/fcre-data-exp-worktree
   dcb2a5f..a8f268a  fcre-weir-data -> origin/fcre-weir-data
   19f7cae..04c08bb  mia-logs       -> origin/mia-logs
+ git reset --hard origin/fcre-weir-data
HEAD is now at a8f268a Wed 2025-10-01 06:04:46 EST
+ git push github fcre-weir-data
To github.com:FLARE-forecast/FCRE-data.git
   dcb2a5f..a8f268a  fcre-weir-data -> fcre-weir-data
+ echo '[post-receive] Sync complete for fcre-weir-data.'
[post-receive] Sync complete for fcre-weir-data.
+ exec
+ read oldrev newrev refname
+ WORKDIR_BASE=/data
+ echo '[post-receive] Starting sync task...'
[post-receive] Starting sync task...
+ read oldrev newrev refname
+ [[ refs/heads/fcre-weir-data =~ ^refs/heads/ ]]
+ branch=fcre-weir-data
+ echo '[post-receive] Processing branch: fcre-weir-data'
[post-receive] Processing branch: fcre-weir-data
+ WORKDIR=/data/fcre-weir-data
+ LOCKFILE=/tmp/git-post-receive-fcre-weir-data.lock
+ exec
+ flock -x 9
+ echo '[post-receive] Acquired lock for fcre-weir-data'
[post-receive] Acquired lock for fcre-weir-data
+ '[' '!' -d /data/fcre-weir-data/.git ']'
+ echo '[post-receive] WORKDIR already exists.'
[post-receive] WORKDIR already exists.
+ cd /data/fcre-weir-data
+ unset GIT_DIR
+ unset GIT_WORK_TREE
+ git checkout fcre-weir-data
Already on 'fcre-weir-data'
Your branch is up to date with 'origin/fcre-weir-data'.
+ git fetch origin
From /data/fcre-data-exp-worktree
   a8f268a..ce9ef0e  fcre-weir-data -> origin/fcre-weir-data
+ git reset --hard origin/fcre-weir-data
HEAD is now at ce9ef0e Wed 2025-10-01 12:09:43 EST
+ git push github fcre-weir-data
To github.com:FLARE-forecast/FCRE-data.git
   a8f268a..ce9ef0e  fcre-weir-data -> fcre-weir-data
+ echo '[post-receive] Sync complete for fcre-weir-data.'
[post-receive] Sync complete for fcre-weir-data.
+ exec
+ read oldrev newrev refname
+ WORKDIR_BASE=/data
+ echo '[post-receive] Starting sync task...'
[post-receive] Starting sync task...
+ read oldrev newrev refname
+ [[ refs/heads/fcre-weir-data =~ ^refs/heads/ ]]
+ branch=fcre-weir-data
+ echo '[post-receive] Processing branch: fcre-weir-data'
[post-receive] Processing branch: fcre-weir-data
+ WORKDIR=/data/fcre-weir-data
+ LOCKFILE=/tmp/git-post-receive-fcre-weir-data.lock
+ exec
+ flock -x 9
+ echo '[post-receive] Acquired lock for fcre-weir-data'
[post-receive] Acquired lock for fcre-weir-data
+ '[' '!' -d /data/fcre-weir-data/.git ']'
+ echo '[post-receive] WORKDIR already exists.'
[post-receive] WORKDIR already exists.
+ cd /data/fcre-weir-data
+ unset GIT_DIR
+ unset GIT_WORK_TREE
+ git checkout fcre-weir-data
Already on 'fcre-weir-data'
Your branch is up to date with 'origin/fcre-weir-data'.
+ git fetch origin
From /data/fcre-data-exp-worktree
   ce9ef0e..6510500  fcre-weir-data -> origin/fcre-weir-data
+ git reset --hard origin/fcre-weir-data
HEAD is now at 6510500 Wed 2025-10-01 14:19:44 EST
+ git push github fcre-weir-data
To github.com:FLARE-forecast/FCRE-data.git
   ce9ef0e..6510500  fcre-weir-data -> fcre-weir-data
+ echo '[post-receive] Sync complete for fcre-weir-data.'
[post-receive] Sync complete for fcre-weir-data.
+ exec
+ read oldrev newrev refname
+ WORKDIR_BASE=/data
+ echo '[post-receive] Starting sync task...'
[post-receive] Starting sync task...
+ read oldrev newrev refname
+ [[ refs/heads/fcre-weir-data =~ ^refs/heads/ ]]
+ branch=fcre-weir-data
+ echo '[post-receive] Processing branch: fcre-weir-data'
[post-receive] Processing branch: fcre-weir-data
+ WORKDIR=/data/fcre-weir-data
+ LOCKFILE=/tmp/git-post-receive-fcre-weir-data.lock
+ exec
+ flock -x 9
+ echo '[post-receive] Acquired lock for fcre-weir-data'
[post-receive] Acquired lock for fcre-weir-data
+ '[' '!' -d /data/fcre-weir-data/.git ']'
+ echo '[post-receive] WORKDIR already exists.'
[post-receive] WORKDIR already exists.
+ cd /data/fcre-weir-data
+ unset GIT_DIR
+ unset GIT_WORK_TREE
+ git checkout fcre-weir-data
Already on 'fcre-weir-data'
Your branch is up to date with 'origin/fcre-weir-data'.
+ git fetch origin
From /data/fcre-data-exp-worktree
   6510500..933ac8d  fcre-weir-data -> origin/fcre-weir-data
+ git reset --hard origin/fcre-weir-data
HEAD is now at 933ac8d Wed 2025-10-01 20:09:45 EST
+ git push github fcre-weir-data
To github.com:FLARE-forecast/FCRE-data.git
   6510500..933ac8d  fcre-weir-data -> fcre-weir-data
+ echo '[post-receive] Sync complete for fcre-weir-data.'
[post-receive] Sync complete for fcre-weir-data.
+ exec
+ read oldrev newrev refname
+ WORKDIR_BASE=/data
+ echo '[post-receive] Starting sync task...'
[post-receive] Starting sync task...
+ read oldrev newrev refname
+ [[ refs/heads/fcre-weir-data =~ ^refs/heads/ ]]
+ branch=fcre-weir-data
+ echo '[post-receive] Processing branch: fcre-weir-data'
[post-receive] Processing branch: fcre-weir-data
+ WORKDIR=/data/fcre-weir-data
+ LOCKFILE=/tmp/git-post-receive-fcre-weir-data.lock
+ exec
+ flock -x 9
+ echo '[post-receive] Acquired lock for fcre-weir-data'
[post-receive] Acquired lock for fcre-weir-data
+ '[' '!' -d /data/fcre-weir-data/.git ']'
+ echo '[post-receive] WORKDIR already exists.'
[post-receive] WORKDIR already exists.
+ cd /data/fcre-weir-data
+ unset GIT_DIR
+ unset GIT_WORK_TREE
+ git checkout fcre-weir-data
Already on 'fcre-weir-data'
Your branch is up to date with 'origin/fcre-weir-data'.
+ git fetch origin
From /data/fcre-data-exp-worktree
   933ac8d..ad032af  fcre-weir-data -> origin/fcre-weir-data
+ git reset --hard origin/fcre-weir-data
HEAD is now at ad032af Thu 2025-10-02 00:19:44 EST
+ git push github fcre-weir-data
To github.com:FLARE-forecast/FCRE-data.git
   933ac8d..ad032af  fcre-weir-data -> fcre-weir-data
+ echo '[post-receive] Sync complete for fcre-weir-data.'
[post-receive] Sync complete for fcre-weir-data.
+ exec
+ read oldrev newrev refname
+ WORKDIR_BASE=/data
+ echo '[post-receive] Starting sync task...'
[post-receive] Starting sync task...
+ read oldrev newrev refname
+ [[ refs/heads/fcre-weir-data =~ ^refs/heads/ ]]
+ branch=fcre-weir-data
+ echo '[post-receive] Processing branch: fcre-weir-data'
[post-receive] Processing branch: fcre-weir-data
+ WORKDIR=/data/fcre-weir-data
+ LOCKFILE=/tmp/git-post-receive-fcre-weir-data.lock
+ exec
+ flock -x 9
+ echo '[post-receive] Acquired lock for fcre-weir-data'
[post-receive] Acquired lock for fcre-weir-data
+ '[' '!' -d /data/fcre-weir-data/.git ']'
+ echo '[post-receive] WORKDIR already exists.'
[post-receive] WORKDIR already exists.
+ cd /data/fcre-weir-data
+ unset GIT_DIR
+ unset GIT_WORK_TREE
+ git checkout fcre-weir-data
Already on 'fcre-weir-data'
Your branch is up to date with 'origin/fcre-weir-data'.
+ git fetch origin
From /data/fcre-data-exp-worktree
   ad032af..f18aa76  fcre-weir-data -> origin/fcre-weir-data
+ git reset --hard origin/fcre-weir-data
HEAD is now at f18aa76 Thu 2025-10-02 06:04:47 EST
+ git push github fcre-weir-data
ssh: Could not resolve hostname github.com: Temporary failure in name resolution
fatal: Could not read from remote repository.

Please make sure you have the correct access rights
and the repository exists.
+ WORKDIR_BASE=/data
+ echo '[post-receive] Starting sync task...'
[post-receive] Starting sync task...
+ read oldrev newrev refname
+ [[ refs/heads/fcre-weir-data =~ ^refs/heads/ ]]
+ branch=fcre-weir-data
+ echo '[post-receive] Processing branch: fcre-weir-data'
[post-receive] Processing branch: fcre-weir-data
+ WORKDIR=/data/fcre-weir-data
+ LOCKFILE=/tmp/git-post-receive-fcre-weir-data.lock
+ exec
+ flock -x 9
+ echo '[post-receive] Acquired lock for fcre-weir-data'
[post-receive] Acquired lock for fcre-weir-data
+ '[' '!' -d /data/fcre-weir-data/.git ']'
+ echo '[post-receive] WORKDIR already exists.'
[post-receive] WORKDIR already exists.
+ cd /data/fcre-weir-data
+ unset GIT_DIR
+ unset GIT_WORK_TREE
+ git checkout fcre-weir-data
Already on 'fcre-weir-data'
Your branch is up to date with 'origin/fcre-weir-data'.
+ git fetch origin
From /data/fcre-data-exp-worktree
   f18aa76..9aef197  fcre-weir-data -> origin/fcre-weir-data
+ git reset --hard origin/fcre-weir-data
HEAD is now at 9aef197 Thu 2025-10-02 10:09:44 EST
+ git push github fcre-weir-data
ssh: Could not resolve hostname github.com: Temporary failure in name resolution
fatal: Could not read from remote repository.

Please make sure you have the correct access rights
and the repository exists.
+ WORKDIR_BASE=/data
+ echo '[post-receive] Starting sync task...'
[post-receive] Starting sync task...
+ read oldrev newrev refname
+ [[ refs/heads/fcre-weir-data =~ ^refs/heads/ ]]
+ branch=fcre-weir-data
+ echo '[post-receive] Processing branch: fcre-weir-data'
[post-receive] Processing branch: fcre-weir-data
+ WORKDIR=/data/fcre-weir-data
+ LOCKFILE=/tmp/git-post-receive-fcre-weir-data.lock
+ exec
+ flock -x 9
+ echo '[post-receive] Acquired lock for fcre-weir-data'
[post-receive] Acquired lock for fcre-weir-data
+ '[' '!' -d /data/fcre-weir-data/.git ']'
+ echo '[post-receive] WORKDIR already exists.'
[post-receive] WORKDIR already exists.
+ cd /data/fcre-weir-data
+ unset GIT_DIR
+ unset GIT_WORK_TREE
+ git checkout fcre-weir-data
Already on 'fcre-weir-data'
Your branch is up to date with 'origin/fcre-weir-data'.
+ git fetch origin
From /data/fcre-data-exp-worktree
   9aef197..4e65472  fcre-weir-data -> origin/fcre-weir-data
+ git reset --hard origin/fcre-weir-data
HEAD is now at 4e65472 Thu 2025-10-02 12:09:45 EST
+ git push github fcre-weir-data
To github.com:FLARE-forecast/FCRE-data.git
   ad032af..4e65472  fcre-weir-data -> fcre-weir-data
+ echo '[post-receive] Sync complete for fcre-weir-data.'
[post-receive] Sync complete for fcre-weir-data.
+ exec
+ read oldrev newrev refname
+ WORKDIR_BASE=/data
+ echo '[post-receive] Starting sync task...'
[post-receive] Starting sync task...
+ read oldrev newrev refname
+ [[ refs/heads/fcre-weir-data =~ ^refs/heads/ ]]
+ branch=fcre-weir-data
+ echo '[post-receive] Processing branch: fcre-weir-data'
[post-receive] Processing branch: fcre-weir-data
+ WORKDIR=/data/fcre-weir-data
+ LOCKFILE=/tmp/git-post-receive-fcre-weir-data.lock
+ exec
+ flock -x 9
+ echo '[post-receive] Acquired lock for fcre-weir-data'
[post-receive] Acquired lock for fcre-weir-data
+ '[' '!' -d /data/fcre-weir-data/.git ']'
+ echo '[post-receive] WORKDIR already exists.'
[post-receive] WORKDIR already exists.
+ cd /data/fcre-weir-data
+ unset GIT_DIR
+ unset GIT_WORK_TREE
+ git checkout fcre-weir-data
Already on 'fcre-weir-data'
Your branch is up to date with 'origin/fcre-weir-data'.
+ git fetch origin
From /data/fcre-data-exp-worktree
   4e65472..748a271  fcre-weir-data -> origin/fcre-weir-data
+ git reset --hard origin/fcre-weir-data
HEAD is now at 748a271 Thu 2025-10-02 20:09:46 EST
+ git push github fcre-weir-data
To github.com:FLARE-forecast/FCRE-data.git
   4e65472..748a271  fcre-weir-data -> fcre-weir-data
+ echo '[post-receive] Sync complete for fcre-weir-data.'
[post-receive] Sync complete for fcre-weir-data.
+ exec
+ read oldrev newrev refname
+ WORKDIR_BASE=/data
+ echo '[post-receive] Starting sync task...'
[post-receive] Starting sync task...
+ read oldrev newrev refname
+ [[ refs/heads/fcre-weir-data =~ ^refs/heads/ ]]
+ branch=fcre-weir-data
+ echo '[post-receive] Processing branch: fcre-weir-data'
[post-receive] Processing branch: fcre-weir-data
+ WORKDIR=/data/fcre-weir-data
+ LOCKFILE=/tmp/git-post-receive-fcre-weir-data.lock
+ exec
+ flock -x 9
+ echo '[post-receive] Acquired lock for fcre-weir-data'
[post-receive] Acquired lock for fcre-weir-data
+ '[' '!' -d /data/fcre-weir-data/.git ']'
+ echo '[post-receive] WORKDIR already exists.'
[post-receive] WORKDIR already exists.
+ cd /data/fcre-weir-data
+ unset GIT_DIR
+ unset GIT_WORK_TREE
+ git checkout fcre-weir-data
Already on 'fcre-weir-data'
Your branch is up to date with 'origin/fcre-weir-data'.
+ git fetch origin
From /data/fcre-data-exp-worktree
   748a271..e3c6444  fcre-weir-data -> origin/fcre-weir-data
+ git reset --hard origin/fcre-weir-data
HEAD is now at e3c6444 Fri 2025-10-03 00:19:45 EST
+ git push github fcre-weir-data
To github.com:FLARE-forecast/FCRE-data.git
   748a271..e3c6444  fcre-weir-data -> fcre-weir-data
+ echo '[post-receive] Sync complete for fcre-weir-data.'
[post-receive] Sync complete for fcre-weir-data.
+ exec
+ read oldrev newrev refname
+ WORKDIR_BASE=/data
+ echo '[post-receive] Starting sync task...'
[post-receive] Starting sync task...
+ read oldrev newrev refname
+ [[ refs/heads/fcre-weir-data =~ ^refs/heads/ ]]
+ branch=fcre-weir-data
+ echo '[post-receive] Processing branch: fcre-weir-data'
[post-receive] Processing branch: fcre-weir-data
+ WORKDIR=/data/fcre-weir-data
+ LOCKFILE=/tmp/git-post-receive-fcre-weir-data.lock
+ exec
+ flock -x 9
+ echo '[post-receive] Acquired lock for fcre-weir-data'
[post-receive] Acquired lock for fcre-weir-data
+ '[' '!' -d /data/fcre-weir-data/.git ']'
+ echo '[post-receive] WORKDIR already exists.'
[post-receive] WORKDIR already exists.
+ cd /data/fcre-weir-data
+ unset GIT_DIR
+ unset GIT_WORK_TREE
+ git checkout fcre-weir-data
Already on 'fcre-weir-data'
Your branch is up to date with 'origin/fcre-weir-data'.
+ git fetch origin
From /data/fcre-data-exp-worktree
   e3c6444..acbdeee  fcre-weir-data -> origin/fcre-weir-data
+ git reset --hard origin/fcre-weir-data
HEAD is now at acbdeee Fri 2025-10-03 06:04:47 EST
+ git push github fcre-weir-data
To github.com:FLARE-forecast/FCRE-data.git
   e3c6444..acbdeee  fcre-weir-data -> fcre-weir-data
+ echo '[post-receive] Sync complete for fcre-weir-data.'
[post-receive] Sync complete for fcre-weir-data.
+ exec
+ read oldrev newrev refname
+ WORKDIR_BASE=/data
+ echo '[post-receive] Starting sync task...'
[post-receive] Starting sync task...
+ read oldrev newrev refname
+ [[ refs/heads/fcre-weir-data =~ ^refs/heads/ ]]
+ branch=fcre-weir-data
+ echo '[post-receive] Processing branch: fcre-weir-data'
[post-receive] Processing branch: fcre-weir-data
+ WORKDIR=/data/fcre-weir-data
+ LOCKFILE=/tmp/git-post-receive-fcre-weir-data.lock
+ exec
+ flock -x 9
+ echo '[post-receive] Acquired lock for fcre-weir-data'
[post-receive] Acquired lock for fcre-weir-data
+ '[' '!' -d /data/fcre-weir-data/.git ']'
+ echo '[post-receive] WORKDIR already exists.'
[post-receive] WORKDIR already exists.
+ cd /data/fcre-weir-data
+ unset GIT_DIR
+ unset GIT_WORK_TREE
+ git checkout fcre-weir-data
Already on 'fcre-weir-data'
Your branch is up to date with 'origin/fcre-weir-data'.
+ git fetch origin
From /data/fcre-data-exp-worktree
   acbdeee..b119e89  fcre-weir-data -> origin/fcre-weir-data
+ git reset --hard origin/fcre-weir-data
HEAD is now at b119e89 Fri 2025-10-03 10:09:46 EST
+ git push github fcre-weir-data
To github.com:FLARE-forecast/FCRE-data.git
   acbdeee..b119e89  fcre-weir-data -> fcre-weir-data
+ echo '[post-receive] Sync complete for fcre-weir-data.'
[post-receive] Sync complete for fcre-weir-data.
+ exec
+ read oldrev newrev refname
+ WORKDIR_BASE=/data
+ echo '[post-receive] Starting sync task...'
[post-receive] Starting sync task...
+ read oldrev newrev refname
+ [[ refs/heads/fcre-weir-data =~ ^refs/heads/ ]]
+ branch=fcre-weir-data
+ echo '[post-receive] Processing branch: fcre-weir-data'
[post-receive] Processing branch: fcre-weir-data
+ WORKDIR=/data/fcre-weir-data
+ LOCKFILE=/tmp/git-post-receive-fcre-weir-data.lock
+ exec
+ flock -x 9
+ echo '[post-receive] Acquired lock for fcre-weir-data'
[post-receive] Acquired lock for fcre-weir-data
+ '[' '!' -d /data/fcre-weir-data/.git ']'
+ echo '[post-receive] WORKDIR already exists.'
[post-receive] WORKDIR already exists.
+ cd /data/fcre-weir-data
+ unset GIT_DIR
+ unset GIT_WORK_TREE
+ git checkout fcre-weir-data
Already on 'fcre-weir-data'
Your branch is up to date with 'origin/fcre-weir-data'.
+ git fetch origin
From /data/fcre-data-exp-worktree
   b119e89..e27f8a2  fcre-weir-data -> origin/fcre-weir-data
+ git reset --hard origin/fcre-weir-data
HEAD is now at e27f8a2 Fri 2025-10-03 12:09:46 EST
+ git push github fcre-weir-data
ssh: Could not resolve hostname github.com: Temporary failure in name resolution
fatal: Could not read from remote repository.

Please make sure you have the correct access rights
and the repository exists.
+ WORKDIR_BASE=/data
+ echo '[post-receive] Starting sync task...'
[post-receive] Starting sync task...
+ read oldrev newrev refname
+ [[ refs/heads/fcre-weir-data =~ ^refs/heads/ ]]
+ branch=fcre-weir-data
+ echo '[post-receive] Processing branch: fcre-weir-data'
[post-receive] Processing branch: fcre-weir-data
+ WORKDIR=/data/fcre-weir-data
+ LOCKFILE=/tmp/git-post-receive-fcre-weir-data.lock
+ exec
+ flock -x 9
+ echo '[post-receive] Acquired lock for fcre-weir-data'
[post-receive] Acquired lock for fcre-weir-data
+ '[' '!' -d /data/fcre-weir-data/.git ']'
+ echo '[post-receive] WORKDIR already exists.'
[post-receive] WORKDIR already exists.
+ cd /data/fcre-weir-data
+ unset GIT_DIR
+ unset GIT_WORK_TREE
+ git checkout fcre-weir-data
Already on 'fcre-weir-data'
Your branch is up to date with 'origin/fcre-weir-data'.
+ git fetch origin
From /data/fcre-data-exp-worktree
   e27f8a2..336fae9  fcre-weir-data -> origin/fcre-weir-data
+ git reset --hard origin/fcre-weir-data
HEAD is now at 336fae9 Fri 2025-10-03 14:19:47 EST
+ git push github fcre-weir-data
To github.com:FLARE-forecast/FCRE-data.git
   b119e89..336fae9  fcre-weir-data -> fcre-weir-data
+ echo '[post-receive] Sync complete for fcre-weir-data.'
[post-receive] Sync complete for fcre-weir-data.
+ exec
+ read oldrev newrev refname
+ WORKDIR_BASE=/data
+ echo '[post-receive] Starting sync task...'
[post-receive] Starting sync task...
+ read oldrev newrev refname
+ [[ refs/heads/fcre-weir-data =~ ^refs/heads/ ]]
+ branch=fcre-weir-data
+ echo '[post-receive] Processing branch: fcre-weir-data'
[post-receive] Processing branch: fcre-weir-data
+ WORKDIR=/data/fcre-weir-data
+ LOCKFILE=/tmp/git-post-receive-fcre-weir-data.lock
+ exec
+ flock -x 9
+ echo '[post-receive] Acquired lock for fcre-weir-data'
[post-receive] Acquired lock for fcre-weir-data
+ '[' '!' -d /data/fcre-weir-data/.git ']'
+ echo '[post-receive] WORKDIR already exists.'
[post-receive] WORKDIR already exists.
+ cd /data/fcre-weir-data
+ unset GIT_DIR
+ unset GIT_WORK_TREE
+ git checkout fcre-weir-data
Already on 'fcre-weir-data'
Your branch is up to date with 'origin/fcre-weir-data'.
+ git fetch origin
From /data/fcre-data-exp-worktree
   336fae9..dfb8b93  fcre-weir-data -> origin/fcre-weir-data
+ git reset --hard origin/fcre-weir-data
HEAD is now at dfb8b93 Fri 2025-10-03 20:09:48 EST
+ git push github fcre-weir-data
To github.com:FLARE-forecast/FCRE-data.git
   336fae9..dfb8b93  fcre-weir-data -> fcre-weir-data
+ echo '[post-receive] Sync complete for fcre-weir-data.'
[post-receive] Sync complete for fcre-weir-data.
+ exec
+ read oldrev newrev refname
+ WORKDIR_BASE=/data
+ echo '[post-receive] Starting sync task...'
[post-receive] Starting sync task...
+ read oldrev newrev refname
+ [[ refs/heads/fcre-weir-data =~ ^refs/heads/ ]]
+ branch=fcre-weir-data
+ echo '[post-receive] Processing branch: fcre-weir-data'
[post-receive] Processing branch: fcre-weir-data
+ WORKDIR=/data/fcre-weir-data
+ LOCKFILE=/tmp/git-post-receive-fcre-weir-data.lock
+ exec
+ flock -x 9
+ echo '[post-receive] Acquired lock for fcre-weir-data'
[post-receive] Acquired lock for fcre-weir-data
+ '[' '!' -d /data/fcre-weir-data/.git ']'
+ echo '[post-receive] WORKDIR already exists.'
[post-receive] WORKDIR already exists.
+ cd /data/fcre-weir-data
+ unset GIT_DIR
+ unset GIT_WORK_TREE
+ git checkout fcre-weir-data
Already on 'fcre-weir-data'
Your branch is up to date with 'origin/fcre-weir-data'.
+ git fetch origin
From /data/fcre-data-exp-worktree
   dfb8b93..4a0ec66  fcre-weir-data -> origin/fcre-weir-data
+ git reset --hard origin/fcre-weir-data
HEAD is now at 4a0ec66 Sat 2025-10-04 00:19:47 EST
+ git push github fcre-weir-data
To github.com:FLARE-forecast/FCRE-data.git
   dfb8b93..4a0ec66  fcre-weir-data -> fcre-weir-data
+ echo '[post-receive] Sync complete for fcre-weir-data.'
[post-receive] Sync complete for fcre-weir-data.
+ exec
+ read oldrev newrev refname
+ WORKDIR_BASE=/data
+ echo '[post-receive] Starting sync task...'
[post-receive] Starting sync task...
+ read oldrev newrev refname
+ [[ refs/heads/fcre-weir-data =~ ^refs/heads/ ]]
+ branch=fcre-weir-data
+ echo '[post-receive] Processing branch: fcre-weir-data'
[post-receive] Processing branch: fcre-weir-data
+ WORKDIR=/data/fcre-weir-data
+ LOCKFILE=/tmp/git-post-receive-fcre-weir-data.lock
+ exec
+ flock -x 9
+ echo '[post-receive] Acquired lock for fcre-weir-data'
[post-receive] Acquired lock for fcre-weir-data
+ '[' '!' -d /data/fcre-weir-data/.git ']'
+ echo '[post-receive] WORKDIR already exists.'
[post-receive] WORKDIR already exists.
+ cd /data/fcre-weir-data
+ unset GIT_DIR
+ unset GIT_WORK_TREE
+ git checkout fcre-weir-data
Already on 'fcre-weir-data'
Your branch is up to date with 'origin/fcre-weir-data'.
+ git fetch origin
From /data/fcre-data-exp-worktree
   4a0ec66..bb4bb2a  fcre-weir-data -> origin/fcre-weir-data
+ git reset --hard origin/fcre-weir-data
HEAD is now at bb4bb2a Sat 2025-10-04 10:09:48 EST
+ git push github fcre-weir-data
To github.com:FLARE-forecast/FCRE-data.git
   4a0ec66..bb4bb2a  fcre-weir-data -> fcre-weir-data
+ echo '[post-receive] Sync complete for fcre-weir-data.'
[post-receive] Sync complete for fcre-weir-data.
+ exec
+ read oldrev newrev refname
+ WORKDIR_BASE=/data
+ echo '[post-receive] Starting sync task...'
[post-receive] Starting sync task...
+ read oldrev newrev refname
+ [[ refs/heads/fcre-weir-data =~ ^refs/heads/ ]]
+ branch=fcre-weir-data
+ echo '[post-receive] Processing branch: fcre-weir-data'
[post-receive] Processing branch: fcre-weir-data
+ WORKDIR=/data/fcre-weir-data
+ LOCKFILE=/tmp/git-post-receive-fcre-weir-data.lock
+ exec
+ flock -x 9
+ echo '[post-receive] Acquired lock for fcre-weir-data'
[post-receive] Acquired lock for fcre-weir-data
+ '[' '!' -d /data/fcre-weir-data/.git ']'
+ echo '[post-receive] WORKDIR already exists.'
[post-receive] WORKDIR already exists.
+ cd /data/fcre-weir-data
+ unset GIT_DIR
+ unset GIT_WORK_TREE
+ git checkout fcre-weir-data
Already on 'fcre-weir-data'
Your branch is up to date with 'origin/fcre-weir-data'.
+ git fetch origin
From /data/fcre-data-exp-worktree
   bb4bb2a..22055e2  fcre-weir-data -> origin/fcre-weir-data
+ git reset --hard origin/fcre-weir-data
HEAD is now at 22055e2 Sun 2025-10-05 00:19:48 EST
+ git push github fcre-weir-data
To github.com:FLARE-forecast/FCRE-data.git
   bb4bb2a..22055e2  fcre-weir-data -> fcre-weir-data
+ echo '[post-receive] Sync complete for fcre-weir-data.'
[post-receive] Sync complete for fcre-weir-data.
+ exec
+ read oldrev newrev refname
+ WORKDIR_BASE=/data
+ echo '[post-receive] Starting sync task...'
[post-receive] Starting sync task...
+ read oldrev newrev refname
+ [[ refs/heads/fcre-weir-data =~ ^refs/heads/ ]]
+ branch=fcre-weir-data
+ echo '[post-receive] Processing branch: fcre-weir-data'
[post-receive] Processing branch: fcre-weir-data
+ WORKDIR=/data/fcre-weir-data
+ LOCKFILE=/tmp/git-post-receive-fcre-weir-data.lock
+ exec
+ flock -x 9
+ echo '[post-receive] Acquired lock for fcre-weir-data'
[post-receive] Acquired lock for fcre-weir-data
+ '[' '!' -d /data/fcre-weir-data/.git ']'
+ echo '[post-receive] WORKDIR already exists.'
[post-receive] WORKDIR already exists.
+ cd /data/fcre-weir-data
+ unset GIT_DIR
+ unset GIT_WORK_TREE
+ git checkout fcre-weir-data
Already on 'fcre-weir-data'
Your branch is up to date with 'origin/fcre-weir-data'.
+ git fetch origin
From /data/fcre-data-exp-worktree
   22055e2..b7650b5  fcre-weir-data -> origin/fcre-weir-data
+ git reset --hard origin/fcre-weir-data
HEAD is now at b7650b5 Sun 2025-10-05 06:04:50 EST
+ git push github fcre-weir-data
To github.com:FLARE-forecast/FCRE-data.git
   22055e2..b7650b5  fcre-weir-data -> fcre-weir-data
+ echo '[post-receive] Sync complete for fcre-weir-data.'
[post-receive] Sync complete for fcre-weir-data.
+ exec
+ read oldrev newrev refname
+ WORKDIR_BASE=/data
+ echo '[post-receive] Starting sync task...'
[post-receive] Starting sync task...
+ read oldrev newrev refname
+ [[ refs/heads/fcre-weir-data =~ ^refs/heads/ ]]
+ branch=fcre-weir-data
+ echo '[post-receive] Processing branch: fcre-weir-data'
[post-receive] Processing branch: fcre-weir-data
+ WORKDIR=/data/fcre-weir-data
+ LOCKFILE=/tmp/git-post-receive-fcre-weir-data.lock
+ exec
+ flock -x 9
+ echo '[post-receive] Acquired lock for fcre-weir-data'
[post-receive] Acquired lock for fcre-weir-data
+ '[' '!' -d /data/fcre-weir-data/.git ']'
+ echo '[post-receive] WORKDIR already exists.'
[post-receive] WORKDIR already exists.
+ cd /data/fcre-weir-data
+ unset GIT_DIR
+ unset GIT_WORK_TREE
+ git checkout fcre-weir-data
Already on 'fcre-weir-data'
Your branch is up to date with 'origin/fcre-weir-data'.
+ git fetch origin
From /data/fcre-data-exp-worktree
   b7650b5..5e0ced7  fcre-weir-data -> origin/fcre-weir-data
+ git reset --hard origin/fcre-weir-data
HEAD is now at 5e0ced7 Sun 2025-10-05 10:09:48 EST
+ git push github fcre-weir-data
To github.com:FLARE-forecast/FCRE-data.git
   b7650b5..5e0ced7  fcre-weir-data -> fcre-weir-data
+ echo '[post-receive] Sync complete for fcre-weir-data.'
[post-receive] Sync complete for fcre-weir-data.
+ exec
+ read oldrev newrev refname
+ WORKDIR_BASE=/data
+ echo '[post-receive] Starting sync task...'
[post-receive] Starting sync task...
+ read oldrev newrev refname
+ [[ refs/heads/fcre-weir-data =~ ^refs/heads/ ]]
+ branch=fcre-weir-data
+ echo '[post-receive] Processing branch: fcre-weir-data'
[post-receive] Processing branch: fcre-weir-data
+ WORKDIR=/data/fcre-weir-data
+ LOCKFILE=/tmp/git-post-receive-fcre-weir-data.lock
+ exec
+ flock -x 9
+ echo '[post-receive] Acquired lock for fcre-weir-data'
[post-receive] Acquired lock for fcre-weir-data
+ '[' '!' -d /data/fcre-weir-data/.git ']'
+ echo '[post-receive] WORKDIR already exists.'
[post-receive] WORKDIR already exists.
+ cd /data/fcre-weir-data
+ unset GIT_DIR
+ unset GIT_WORK_TREE
+ git checkout fcre-weir-data
Already on 'fcre-weir-data'
Your branch is up to date with 'origin/fcre-weir-data'.
+ git fetch origin
From /data/fcre-data-exp-worktree
   5e0ced7..d9d52e0  fcre-weir-data -> origin/fcre-weir-data
+ git reset --hard origin/fcre-weir-data
HEAD is now at d9d52e0 Sun 2025-10-05 12:09:48 EST
+ git push github fcre-weir-data
To github.com:FLARE-forecast/FCRE-data.git
   5e0ced7..d9d52e0  fcre-weir-data -> fcre-weir-data
+ echo '[post-receive] Sync complete for fcre-weir-data.'
[post-receive] Sync complete for fcre-weir-data.
+ exec
+ read oldrev newrev refname
+ WORKDIR_BASE=/data
+ echo '[post-receive] Starting sync task...'
[post-receive] Starting sync task...
+ read oldrev newrev refname
+ [[ refs/heads/fcre-weir-data =~ ^refs/heads/ ]]
+ branch=fcre-weir-data
+ echo '[post-receive] Processing branch: fcre-weir-data'
[post-receive] Processing branch: fcre-weir-data
+ WORKDIR=/data/fcre-weir-data
+ LOCKFILE=/tmp/git-post-receive-fcre-weir-data.lock
+ exec
+ flock -x 9
+ echo '[post-receive] Acquired lock for fcre-weir-data'
[post-receive] Acquired lock for fcre-weir-data
+ '[' '!' -d /data/fcre-weir-data/.git ']'
+ echo '[post-receive] WORKDIR already exists.'
[post-receive] WORKDIR already exists.
+ cd /data/fcre-weir-data
+ unset GIT_DIR
+ unset GIT_WORK_TREE
+ git checkout fcre-weir-data
Already on 'fcre-weir-data'
Your branch is up to date with 'origin/fcre-weir-data'.
+ git fetch origin
From /data/fcre-data-exp-worktree
   d9d52e0..e63ed2e  fcre-weir-data -> origin/fcre-weir-data
+ git reset --hard origin/fcre-weir-data
HEAD is now at e63ed2e Sun 2025-10-05 20:09:51 EST
+ git push github fcre-weir-data
+ WORKDIR_BASE=/data
+ echo '[post-receive] Starting sync task...'
[post-receive] Starting sync task...
+ read oldrev newrev refname
+ [[ refs/heads/fcre-weir-data =~ ^refs/heads/ ]]
+ branch=fcre-weir-data
+ echo '[post-receive] Processing branch: fcre-weir-data'
[post-receive] Processing branch: fcre-weir-data
+ WORKDIR=/data/fcre-weir-data
+ LOCKFILE=/tmp/git-post-receive-fcre-weir-data.lock
+ exec
+ flock -x 9
client_loop: send disconnect: Broken pipe
send-pack: unexpected disconnect while reading sideband packet
fatal: the remote end hung up unexpectedly
+ echo '[post-receive] Acquired lock for fcre-weir-data'
[post-receive] Acquired lock for fcre-weir-data
+ '[' '!' -d /data/fcre-weir-data/.git ']'
+ echo '[post-receive] WORKDIR already exists.'
[post-receive] WORKDIR already exists.
+ cd /data/fcre-weir-data
+ unset GIT_DIR
+ unset GIT_WORK_TREE
+ git checkout fcre-weir-data
Already on 'fcre-weir-data'
Your branch is up to date with 'origin/fcre-weir-data'.
+ git fetch origin
From /data/fcre-data-exp-worktree
   e63ed2e..76025d8  fcre-weir-data -> origin/fcre-weir-data
+ git reset --hard origin/fcre-weir-data
HEAD is now at 76025d8 Mon 2025-10-06 00:19:49 EST
+ git push github fcre-weir-data
To github.com:FLARE-forecast/FCRE-data.git
   e63ed2e..76025d8  fcre-weir-data -> fcre-weir-data
+ echo '[post-receive] Sync complete for fcre-weir-data.'
[post-receive] Sync complete for fcre-weir-data.
+ exec
+ read oldrev newrev refname
+ WORKDIR_BASE=/data
+ echo '[post-receive] Starting sync task...'
[post-receive] Starting sync task...
+ read oldrev newrev refname
+ [[ refs/heads/mia-logs =~ ^refs/heads/ ]]
+ branch=mia-logs
+ echo '[post-receive] Processing branch: mia-logs'
[post-receive] Processing branch: mia-logs
+ WORKDIR=/data/mia-logs
+ LOCKFILE=/tmp/git-post-receive-mia-logs.lock
+ exec
+ flock -x 9
+ echo '[post-receive] Acquired lock for mia-logs'
[post-receive] Acquired lock for mia-logs
+ '[' '!' -d /data/mia-logs/.git ']'
+ echo '[post-receive] WORKDIR already exists.'
[post-receive] WORKDIR already exists.
+ cd /data/mia-logs
+ unset GIT_DIR
+ unset GIT_WORK_TREE
+ git checkout mia-logs
Already on 'mia-logs'
Your branch is up to date with 'origin/mia-logs'.
+ git fetch origin
From /data/fcre-data-exp-worktree
   04c08bb..321d2a0  mia-logs       -> origin/mia-logs
   dcb2a5f..76025d8  fcre-weir-data -> origin/fcre-weir-data
+ git reset --hard origin/mia-logs
HEAD is now at 321d2a0 Wed 2025-10-01 06:05:10 EST
+ git push github mia-logs
To github.com:FLARE-forecast/FCRE-data.git
   04c08bb..321d2a0  mia-logs -> mia-logs
+ echo '[post-receive] Sync complete for mia-logs.'
[post-receive] Sync complete for mia-logs.
+ exec
+ read oldrev newrev refname
+ WORKDIR_BASE=/data
+ echo '[post-receive] Starting sync task...'
[post-receive] Starting sync task...
+ read oldrev newrev refname
+ [[ refs/heads/mia-logs =~ ^refs/heads/ ]]
+ branch=mia-logs
+ echo '[post-receive] Processing branch: mia-logs'
[post-receive] Processing branch: mia-logs
+ WORKDIR=/data/mia-logs
+ LOCKFILE=/tmp/git-post-receive-mia-logs.lock
+ exec
+ flock -x 9
+ echo '[post-receive] Acquired lock for mia-logs'
[post-receive] Acquired lock for mia-logs
+ '[' '!' -d /data/mia-logs/.git ']'
+ echo '[post-receive] WORKDIR already exists.'
[post-receive] WORKDIR already exists.
+ cd /data/mia-logs
+ unset GIT_DIR
+ unset GIT_WORK_TREE
+ git checkout mia-logs
Already on 'mia-logs'
Your branch is up to date with 'origin/mia-logs'.
+ git fetch origin
From /data/fcre-data-exp-worktree
   321d2a0..e3ba56e  mia-logs   -> origin/mia-logs
+ git reset --hard origin/mia-logs
HEAD is now at e3ba56e Wed 2025-10-01 06:06:57 EST
+ git push github mia-logs
To github.com:FLARE-forecast/FCRE-data.git
   321d2a0..e3ba56e  mia-logs -> mia-logs
+ echo '[post-receive] Sync complete for mia-logs.'
[post-receive] Sync complete for mia-logs.
+ exec
+ read oldrev newrev refname
+ WORKDIR_BASE=/data
+ echo '[post-receive] Starting sync task...'
[post-receive] Starting sync task...
+ read oldrev newrev refname
+ [[ refs/heads/mia-logs =~ ^refs/heads/ ]]
+ branch=mia-logs
+ echo '[post-receive] Processing branch: mia-logs'
[post-receive] Processing branch: mia-logs
+ WORKDIR=/data/mia-logs
+ LOCKFILE=/tmp/git-post-receive-mia-logs.lock
+ exec
+ flock -x 9
+ echo '[post-receive] Acquired lock for mia-logs'
[post-receive] Acquired lock for mia-logs
+ '[' '!' -d /data/mia-logs/.git ']'
+ echo '[post-receive] WORKDIR already exists.'
[post-receive] WORKDIR already exists.
+ cd /data/mia-logs
+ unset GIT_DIR
+ unset GIT_WORK_TREE
+ git checkout mia-logs
Already on 'mia-logs'
Your branch is up to date with 'origin/mia-logs'.
+ git fetch origin
From /data/fcre-data-exp-worktree
   e3ba56e..3a127ed  mia-logs   -> origin/mia-logs
+ git reset --hard origin/mia-logs
HEAD is now at 3a127ed Wed 2025-10-01 10:10:24 EST
+ git push github mia-logs
ssh: Could not resolve hostname github.com: Temporary failure in name resolution
fatal: Could not read from remote repository.

Please make sure you have the correct access rights
and the repository exists.
+ WORKDIR_BASE=/data
+ echo '[post-receive] Starting sync task...'
[post-receive] Starting sync task...
+ read oldrev newrev refname
+ [[ refs/heads/mia-logs =~ ^refs/heads/ ]]
+ branch=mia-logs
+ echo '[post-receive] Processing branch: mia-logs'
[post-receive] Processing branch: mia-logs
+ WORKDIR=/data/mia-logs
+ LOCKFILE=/tmp/git-post-receive-mia-logs.lock
+ exec
+ flock -x 9
+ echo '[post-receive] Acquired lock for mia-logs'
[post-receive] Acquired lock for mia-logs
+ '[' '!' -d /data/mia-logs/.git ']'
+ echo '[post-receive] WORKDIR already exists.'
[post-receive] WORKDIR already exists.
+ cd /data/mia-logs
+ unset GIT_DIR
+ unset GIT_WORK_TREE
+ git checkout mia-logs
Already on 'mia-logs'
Your branch is up to date with 'origin/mia-logs'.
+ git fetch origin
From /data/fcre-data-exp-worktree
   3a127ed..8ca492f  mia-logs   -> origin/mia-logs
+ git reset --hard origin/mia-logs
HEAD is now at 8ca492f Wed 2025-10-01 12:10:38 EST
+ git push github mia-logs
ssh: Could not resolve hostname github.com: Temporary failure in name resolution
fatal: Could not read from remote repository.

Please make sure you have the correct access rights
and the repository exists.
+ WORKDIR_BASE=/data
+ echo '[post-receive] Starting sync task...'
[post-receive] Starting sync task...
+ read oldrev newrev refname
+ [[ refs/heads/fcre-weir-data =~ ^refs/heads/ ]]
+ branch=fcre-weir-data
+ echo '[post-receive] Processing branch: fcre-weir-data'
[post-receive] Processing branch: fcre-weir-data
+ WORKDIR=/data/fcre-weir-data
+ LOCKFILE=/tmp/git-post-receive-fcre-weir-data.lock
+ exec
+ flock -x 9
+ echo '[post-receive] Acquired lock for fcre-weir-data'
[post-receive] Acquired lock for fcre-weir-data
+ '[' '!' -d /data/fcre-weir-data/.git ']'
+ echo '[post-receive] WORKDIR already exists.'
[post-receive] WORKDIR already exists.
+ cd /data/fcre-weir-data
+ unset GIT_DIR
+ unset GIT_WORK_TREE
+ git checkout fcre-weir-data
Already on 'fcre-weir-data'
Your branch is up to date with 'origin/fcre-weir-data'.
+ git fetch origin
From /data/fcre-data-exp-worktree
   76025d8..b594b16  fcre-weir-data -> origin/fcre-weir-data
   04c08bb..8ca492f  mia-logs       -> origin/mia-logs
+ git reset --hard origin/fcre-weir-data
HEAD is now at b594b16 Mon 2025-10-06 06:04:50 EST
+ git push github fcre-weir-data
To github.com:FLARE-forecast/FCRE-data.git
   76025d8..b594b16  fcre-weir-data -> fcre-weir-data
+ echo '[post-receive] Sync complete for fcre-weir-data.'
[post-receive] Sync complete for fcre-weir-data.
+ exec
+ read oldrev newrev refname
+ WORKDIR_BASE=/data
+ echo '[post-receive] Starting sync task...'
[post-receive] Starting sync task...
+ read oldrev newrev refname
+ [[ refs/heads/mia-logs =~ ^refs/heads/ ]]
+ branch=mia-logs
+ echo '[post-receive] Processing branch: mia-logs'
[post-receive] Processing branch: mia-logs
+ WORKDIR=/data/mia-logs
+ LOCKFILE=/tmp/git-post-receive-mia-logs.lock
+ exec
+ flock -x 9
+ echo '[post-receive] Acquired lock for mia-logs'
[post-receive] Acquired lock for mia-logs
+ '[' '!' -d /data/mia-logs/.git ']'
+ echo '[post-receive] WORKDIR already exists.'
[post-receive] WORKDIR already exists.
+ cd /data/mia-logs
+ unset GIT_DIR
+ unset GIT_WORK_TREE
+ git checkout mia-logs
Already on 'mia-logs'
Your branch is up to date with 'origin/mia-logs'.
+ git fetch origin
From /data/fcre-data-exp-worktree
   8ca492f..aebe1ae  mia-logs       -> origin/mia-logs
   76025d8..b594b16  fcre-weir-data -> origin/fcre-weir-data
+ git reset --hard origin/mia-logs
HEAD is now at aebe1ae Wed 2025-10-01 12:13:57 EST
+ git push github mia-logs
To github.com:FLARE-forecast/FCRE-data.git
   e3ba56e..aebe1ae  mia-logs -> mia-logs
+ echo '[post-receive] Sync complete for mia-logs.'
[post-receive] Sync complete for mia-logs.
+ exec
+ read oldrev newrev refname
+ WORKDIR_BASE=/data
+ echo '[post-receive] Starting sync task...'
[post-receive] Starting sync task...
+ read oldrev newrev refname
+ [[ refs/heads/fcre-weir-data =~ ^refs/heads/ ]]
+ branch=fcre-weir-data
+ echo '[post-receive] Processing branch: fcre-weir-data'
[post-receive] Processing branch: fcre-weir-data
+ WORKDIR=/data/fcre-weir-data
+ LOCKFILE=/tmp/git-post-receive-fcre-weir-data.lock
+ exec
+ flock -x 9
+ echo '[post-receive] Acquired lock for fcre-weir-data'
[post-receive] Acquired lock for fcre-weir-data
+ '[' '!' -d /data/fcre-weir-data/.git ']'
+ echo '[post-receive] WORKDIR already exists.'
[post-receive] WORKDIR already exists.
+ cd /data/fcre-weir-data
+ unset GIT_DIR
+ unset GIT_WORK_TREE
+ git checkout fcre-weir-data
Already on 'fcre-weir-data'
Your branch is up to date with 'origin/fcre-weir-data'.
+ git fetch origin
From /data/fcre-data-exp-worktree
   b594b16..442f01e  fcre-weir-data -> origin/fcre-weir-data
   8ca492f..aebe1ae  mia-logs       -> origin/mia-logs
+ git reset --hard origin/fcre-weir-data
HEAD is now at 442f01e Mon 2025-10-06 10:09:49 EST
+ git push github fcre-weir-data
To github.com:FLARE-forecast/FCRE-data.git
   b594b16..442f01e  fcre-weir-data -> fcre-weir-data
+ echo '[post-receive] Sync complete for fcre-weir-data.'
[post-receive] Sync complete for fcre-weir-data.
+ exec
+ read oldrev newrev refname
+ WORKDIR_BASE=/data
+ echo '[post-receive] Starting sync task...'
[post-receive] Starting sync task...
+ read oldrev newrev refname
+ [[ refs/heads/fcre-weir-data =~ ^refs/heads/ ]]
+ branch=fcre-weir-data
+ echo '[post-receive] Processing branch: fcre-weir-data'
[post-receive] Processing branch: fcre-weir-data
+ WORKDIR=/data/fcre-weir-data
+ LOCKFILE=/tmp/git-post-receive-fcre-weir-data.lock
+ exec
+ flock -x 9
+ echo '[post-receive] Acquired lock for fcre-weir-data'
[post-receive] Acquired lock for fcre-weir-data
+ '[' '!' -d /data/fcre-weir-data/.git ']'
+ echo '[post-receive] WORKDIR already exists.'
[post-receive] WORKDIR already exists.
+ cd /data/fcre-weir-data
+ unset GIT_DIR
+ unset GIT_WORK_TREE
+ git checkout fcre-weir-data
Already on 'fcre-weir-data'
Your branch is up to date with 'origin/fcre-weir-data'.
+ git fetch origin
From /data/fcre-data-exp-worktree
   442f01e..5169d2d  fcre-weir-data -> origin/fcre-weir-data
+ git reset --hard origin/fcre-weir-data
HEAD is now at 5169d2d Mon 2025-10-06 14:19:47 EST
+ git push github fcre-weir-data
To github.com:FLARE-forecast/FCRE-data.git
   442f01e..5169d2d  fcre-weir-data -> fcre-weir-data
+ echo '[post-receive] Sync complete for fcre-weir-data.'
[post-receive] Sync complete for fcre-weir-data.
+ exec
+ read oldrev newrev refname
+ WORKDIR_BASE=/data
+ echo '[post-receive] Starting sync task...'
[post-receive] Starting sync task...
+ read oldrev newrev refname
+ [[ refs/heads/mia-logs =~ ^refs/heads/ ]]
+ branch=mia-logs
+ echo '[post-receive] Processing branch: mia-logs'
[post-receive] Processing branch: mia-logs
+ WORKDIR=/data/mia-logs
+ LOCKFILE=/tmp/git-post-receive-mia-logs.lock
+ exec
+ flock -x 9
+ echo '[post-receive] Acquired lock for mia-logs'
[post-receive] Acquired lock for mia-logs
+ '[' '!' -d /data/mia-logs/.git ']'
+ echo '[post-receive] WORKDIR already exists.'
[post-receive] WORKDIR already exists.
+ cd /data/mia-logs
+ unset GIT_DIR
+ unset GIT_WORK_TREE
+ git checkout mia-logs
Already on 'mia-logs'
Your branch is up to date with 'origin/mia-logs'.
+ git fetch origin
From /data/fcre-data-exp-worktree
   aebe1ae..709ad6e  mia-logs       -> origin/mia-logs
   b594b16..5169d2d  fcre-weir-data -> origin/fcre-weir-data
+ git reset --hard origin/mia-logs
HEAD is now at 709ad6e Wed 2025-10-01 14:31:13 EST
+ git push github mia-logs
To github.com:FLARE-forecast/FCRE-data.git
   aebe1ae..709ad6e  mia-logs -> mia-logs
+ echo '[post-receive] Sync complete for mia-logs.'
[post-receive] Sync complete for mia-logs.
+ exec
+ read oldrev newrev refname
+ WORKDIR_BASE=/data
+ echo '[post-receive] Starting sync task...'
[post-receive] Starting sync task...
+ read oldrev newrev refname
+ [[ refs/heads/fcre-weir-data =~ ^refs/heads/ ]]
+ branch=fcre-weir-data
+ echo '[post-receive] Processing branch: fcre-weir-data'
[post-receive] Processing branch: fcre-weir-data
+ WORKDIR=/data/fcre-weir-data
+ LOCKFILE=/tmp/git-post-receive-fcre-weir-data.lock
+ exec
+ flock -x 9
+ echo '[post-receive] Acquired lock for fcre-weir-data'
[post-receive] Acquired lock for fcre-weir-data
+ '[' '!' -d /data/fcre-weir-data/.git ']'
+ echo '[post-receive] WORKDIR already exists.'
[post-receive] WORKDIR already exists.
+ cd /data/fcre-weir-data
+ unset GIT_DIR
+ unset GIT_WORK_TREE
+ git checkout fcre-weir-data
Already on 'fcre-weir-data'
Your branch is up to date with 'origin/fcre-weir-data'.
+ git fetch origin
From /data/fcre-data-exp-worktree
   5169d2d..f8b40f3  fcre-weir-data -> origin/fcre-weir-data
   aebe1ae..709ad6e  mia-logs       -> origin/mia-logs
+ git reset --hard origin/fcre-weir-data
HEAD is now at f8b40f3 Mon 2025-10-06 20:09:49 EST
+ git push github fcre-weir-data
To github.com:FLARE-forecast/FCRE-data.git
   5169d2d..f8b40f3  fcre-weir-data -> fcre-weir-data
+ echo '[post-receive] Sync complete for fcre-weir-data.'
[post-receive] Sync complete for fcre-weir-data.
+ exec
+ read oldrev newrev refname
+ WORKDIR_BASE=/data
+ echo '[post-receive] Starting sync task...'
[post-receive] Starting sync task...
+ read oldrev newrev refname
+ [[ refs/heads/fcre-weir-data =~ ^refs/heads/ ]]
+ branch=fcre-weir-data
+ echo '[post-receive] Processing branch: fcre-weir-data'
[post-receive] Processing branch: fcre-weir-data
+ WORKDIR=/data/fcre-weir-data
+ LOCKFILE=/tmp/git-post-receive-fcre-weir-data.lock
+ exec
+ flock -x 9
+ echo '[post-receive] Acquired lock for fcre-weir-data'
[post-receive] Acquired lock for fcre-weir-data
+ '[' '!' -d /data/fcre-weir-data/.git ']'
+ echo '[post-receive] WORKDIR already exists.'
[post-receive] WORKDIR already exists.
+ cd /data/fcre-weir-data
+ unset GIT_DIR
+ unset GIT_WORK_TREE
+ git checkout fcre-weir-data
Already on 'fcre-weir-data'
Your branch is up to date with 'origin/fcre-weir-data'.
+ git fetch origin
From /data/fcre-data-exp-worktree
   f8b40f3..a4f41c6  fcre-weir-data -> origin/fcre-weir-data
+ git reset --hard origin/fcre-weir-data
HEAD is now at a4f41c6 Tue 2025-10-07 00:19:47 EST
+ git push github fcre-weir-data
ssh_dispatch_run_fatal: Connection to 140.82.114.3 port 22: Network is unreachable
fatal: Could not read from remote repository.

Please make sure you have the correct access rights
and the repository exists.
+ WORKDIR_BASE=/data
+ echo '[post-receive] Starting sync task...'
[post-receive] Starting sync task...
+ read oldrev newrev refname
+ [[ refs/heads/fcre-weir-data =~ ^refs/heads/ ]]
+ branch=fcre-weir-data
+ echo '[post-receive] Processing branch: fcre-weir-data'
[post-receive] Processing branch: fcre-weir-data
+ WORKDIR=/data/fcre-weir-data
+ LOCKFILE=/tmp/git-post-receive-fcre-weir-data.lock
+ exec
+ flock -x 9
+ echo '[post-receive] Acquired lock for fcre-weir-data'
[post-receive] Acquired lock for fcre-weir-data
+ '[' '!' -d /data/fcre-weir-data/.git ']'
+ echo '[post-receive] WORKDIR already exists.'
[post-receive] WORKDIR already exists.
+ cd /data/fcre-weir-data
+ unset GIT_DIR
+ unset GIT_WORK_TREE
+ git checkout fcre-weir-data
Already on 'fcre-weir-data'
Your branch is up to date with 'origin/fcre-weir-data'.
+ git fetch origin
From /data/fcre-data-exp-worktree
   a4f41c6..6aa15c5  fcre-weir-data -> origin/fcre-weir-data
+ git reset --hard origin/fcre-weir-data
HEAD is now at 6aa15c5 Tue 2025-10-07 06:04:50 EST
+ git push github fcre-weir-data
To github.com:FLARE-forecast/FCRE-data.git
   f8b40f3..6aa15c5  fcre-weir-data -> fcre-weir-data
+ echo '[post-receive] Sync complete for fcre-weir-data.'
[post-receive] Sync complete for fcre-weir-data.
+ exec
+ read oldrev newrev refname
+ WORKDIR_BASE=/data
+ echo '[post-receive] Starting sync task...'
[post-receive] Starting sync task...
+ read oldrev newrev refname
+ [[ refs/heads/mia-logs =~ ^refs/heads/ ]]
+ branch=mia-logs
+ echo '[post-receive] Processing branch: mia-logs'
[post-receive] Processing branch: mia-logs
+ WORKDIR=/data/mia-logs
+ LOCKFILE=/tmp/git-post-receive-mia-logs.lock
+ exec
+ flock -x 9
+ echo '[post-receive] Acquired lock for mia-logs'
[post-receive] Acquired lock for mia-logs
+ '[' '!' -d /data/mia-logs/.git ']'
+ echo '[post-receive] WORKDIR already exists.'
[post-receive] WORKDIR already exists.
+ cd /data/mia-logs
+ unset GIT_DIR
+ unset GIT_WORK_TREE
+ git checkout mia-logs
Already on 'mia-logs'
Your branch is up to date with 'origin/mia-logs'.
+ git fetch origin
From /data/fcre-data-exp-worktree
   709ad6e..87442c4  mia-logs       -> origin/mia-logs
   5169d2d..6aa15c5  fcre-weir-data -> origin/fcre-weir-data
+ git reset --hard origin/mia-logs
HEAD is now at 87442c4 Wed 2025-10-01 14:35:49 EST
+ git push github mia-logs
To github.com:FLARE-forecast/FCRE-data.git
   709ad6e..87442c4  mia-logs -> mia-logs
+ echo '[post-receive] Sync complete for mia-logs.'
[post-receive] Sync complete for mia-logs.
+ exec
+ read oldrev newrev refname
+ WORKDIR_BASE=/data
+ echo '[post-receive] Starting sync task...'
[post-receive] Starting sync task...
+ read oldrev newrev refname
+ [[ refs/heads/mia-logs =~ ^refs/heads/ ]]
+ branch=mia-logs
+ echo '[post-receive] Processing branch: mia-logs'
[post-receive] Processing branch: mia-logs
+ WORKDIR=/data/mia-logs
+ LOCKFILE=/tmp/git-post-receive-mia-logs.lock
+ exec
+ flock -x 9
+ echo '[post-receive] Acquired lock for mia-logs'
[post-receive] Acquired lock for mia-logs
+ '[' '!' -d /data/mia-logs/.git ']'
+ echo '[post-receive] WORKDIR already exists.'
[post-receive] WORKDIR already exists.
+ cd /data/mia-logs
+ unset GIT_DIR
+ unset GIT_WORK_TREE
+ git checkout mia-logs
Already on 'mia-logs'
Your branch is up to date with 'origin/mia-logs'.
+ git fetch origin
From /data/fcre-data-exp-worktree
   87442c4..b144a32  mia-logs   -> origin/mia-logs
+ git reset --hard origin/mia-logs
HEAD is now at b144a32 Wed 2025-10-01 20:11:13 EST
+ git push github mia-logs
To github.com:FLARE-forecast/FCRE-data.git
   87442c4..b144a32  mia-logs -> mia-logs
+ echo '[post-receive] Sync complete for mia-logs.'
[post-receive] Sync complete for mia-logs.
+ exec
+ read oldrev newrev refname
+ WORKDIR_BASE=/data
+ echo '[post-receive] Starting sync task...'
[post-receive] Starting sync task...
+ read oldrev newrev refname
+ [[ refs/heads/mia-logs =~ ^refs/heads/ ]]
+ branch=mia-logs
+ echo '[post-receive] Processing branch: mia-logs'
[post-receive] Processing branch: mia-logs
+ WORKDIR=/data/mia-logs
+ LOCKFILE=/tmp/git-post-receive-mia-logs.lock
+ exec
+ flock -x 9
+ echo '[post-receive] Acquired lock for mia-logs'
[post-receive] Acquired lock for mia-logs
+ '[' '!' -d /data/mia-logs/.git ']'
+ echo '[post-receive] WORKDIR already exists.'
[post-receive] WORKDIR already exists.
+ cd /data/mia-logs
+ unset GIT_DIR
+ unset GIT_WORK_TREE
+ git checkout mia-logs
Already on 'mia-logs'
Your branch is up to date with 'origin/mia-logs'.
+ git fetch origin
From /data/fcre-data-exp-worktree
   b144a32..a3506f0  mia-logs   -> origin/mia-logs
+ git reset --hard origin/mia-logs
HEAD is now at a3506f0 Wed 2025-10-01 20:16:35 EST
+ git push github mia-logs
To github.com:FLARE-forecast/FCRE-data.git
   b144a32..a3506f0  mia-logs -> mia-logs
+ echo '[post-receive] Sync complete for mia-logs.'
[post-receive] Sync complete for mia-logs.
+ exec
+ read oldrev newrev refname
+ WORKDIR_BASE=/data
+ echo '[post-receive] Starting sync task...'
[post-receive] Starting sync task...
+ read oldrev newrev refname
+ [[ refs/heads/mia-logs =~ ^refs/heads/ ]]
+ branch=mia-logs
+ echo '[post-receive] Processing branch: mia-logs'
[post-receive] Processing branch: mia-logs
+ WORKDIR=/data/mia-logs
+ LOCKFILE=/tmp/git-post-receive-mia-logs.lock
+ exec
+ flock -x 9
+ echo '[post-receive] Acquired lock for mia-logs'
[post-receive] Acquired lock for mia-logs
+ '[' '!' -d /data/mia-logs/.git ']'
+ echo '[post-receive] WORKDIR already exists.'
[post-receive] WORKDIR already exists.
+ cd /data/mia-logs
+ unset GIT_DIR
+ unset GIT_WORK_TREE
+ git checkout mia-logs
Already on 'mia-logs'
Your branch is up to date with 'origin/mia-logs'.
+ git fetch origin
From /data/fcre-data-exp-worktree
   a3506f0..bdaec1e  mia-logs   -> origin/mia-logs
+ git reset --hard origin/mia-logs
HEAD is now at bdaec1e Wed 2025-10-01 20:31:32 EST
+ git push github mia-logs
To github.com:FLARE-forecast/FCRE-data.git
   a3506f0..bdaec1e  mia-logs -> mia-logs
+ echo '[post-receive] Sync complete for mia-logs.'
[post-receive] Sync complete for mia-logs.
+ exec
+ read oldrev newrev refname
+ WORKDIR_BASE=/data
+ echo '[post-receive] Starting sync task...'
[post-receive] Starting sync task...
+ read oldrev newrev refname
+ [[ refs/heads/mia-logs =~ ^refs/heads/ ]]
+ branch=mia-logs
+ echo '[post-receive] Processing branch: mia-logs'
[post-receive] Processing branch: mia-logs
+ WORKDIR=/data/mia-logs
+ LOCKFILE=/tmp/git-post-receive-mia-logs.lock
+ exec
+ flock -x 9
+ echo '[post-receive] Acquired lock for mia-logs'
[post-receive] Acquired lock for mia-logs
+ '[' '!' -d /data/mia-logs/.git ']'
+ echo '[post-receive] WORKDIR already exists.'
[post-receive] WORKDIR already exists.
+ cd /data/mia-logs
+ unset GIT_DIR
+ unset GIT_WORK_TREE
+ git checkout mia-logs
Already on 'mia-logs'
Your branch is up to date with 'origin/mia-logs'.
+ git fetch origin
From /data/fcre-data-exp-worktree
   bdaec1e..b385115  mia-logs   -> origin/mia-logs
+ git reset --hard origin/mia-logs
HEAD is now at b385115 Wed 2025-10-01 20:37:25 EST
+ git push github mia-logs
To github.com:FLARE-forecast/FCRE-data.git
   bdaec1e..b385115  mia-logs -> mia-logs
+ echo '[post-receive] Sync complete for mia-logs.'
[post-receive] Sync complete for mia-logs.
+ exec
+ read oldrev newrev refname
+ WORKDIR_BASE=/data
+ echo '[post-receive] Starting sync task...'
[post-receive] Starting sync task...
+ read oldrev newrev refname
+ [[ refs/heads/mia-logs =~ ^refs/heads/ ]]
+ branch=mia-logs
+ echo '[post-receive] Processing branch: mia-logs'
[post-receive] Processing branch: mia-logs
+ WORKDIR=/data/mia-logs
+ LOCKFILE=/tmp/git-post-receive-mia-logs.lock
+ exec
+ flock -x 9
+ echo '[post-receive] Acquired lock for mia-logs'
[post-receive] Acquired lock for mia-logs
+ '[' '!' -d /data/mia-logs/.git ']'
+ echo '[post-receive] WORKDIR already exists.'
[post-receive] WORKDIR already exists.
+ cd /data/mia-logs
+ unset GIT_DIR
+ unset GIT_WORK_TREE
+ git checkout mia-logs
Already on 'mia-logs'
Your branch is up to date with 'origin/mia-logs'.
+ git fetch origin
From /data/fcre-data-exp-worktree
   b385115..3ea5fd2  mia-logs   -> origin/mia-logs
+ git reset --hard origin/mia-logs
HEAD is now at 3ea5fd2 Thu 2025-10-02 00:21:25 EST
+ git push github mia-logs
To github.com:FLARE-forecast/FCRE-data.git
   b385115..3ea5fd2  mia-logs -> mia-logs
+ echo '[post-receive] Sync complete for mia-logs.'
[post-receive] Sync complete for mia-logs.
+ exec
+ read oldrev newrev refname
+ WORKDIR_BASE=/data
+ echo '[post-receive] Starting sync task...'
[post-receive] Starting sync task...
+ read oldrev newrev refname
+ [[ refs/heads/mia-logs =~ ^refs/heads/ ]]
+ branch=mia-logs
+ echo '[post-receive] Processing branch: mia-logs'
[post-receive] Processing branch: mia-logs
+ WORKDIR=/data/mia-logs
+ LOCKFILE=/tmp/git-post-receive-mia-logs.lock
+ exec
+ flock -x 9
+ echo '[post-receive] Acquired lock for mia-logs'
[post-receive] Acquired lock for mia-logs
+ '[' '!' -d /data/mia-logs/.git ']'
+ echo '[post-receive] WORKDIR already exists.'
[post-receive] WORKDIR already exists.
+ cd /data/mia-logs
+ unset GIT_DIR
+ unset GIT_WORK_TREE
+ git checkout mia-logs
Already on 'mia-logs'
Your branch is up to date with 'origin/mia-logs'.
+ git fetch origin
From /data/fcre-data-exp-worktree
   3ea5fd2..1f0cdc0  mia-logs   -> origin/mia-logs
+ git reset --hard origin/mia-logs
HEAD is now at 1f0cdc0 Thu 2025-10-02 00:28:10 EST
+ git push github mia-logs
To github.com:FLARE-forecast/FCRE-data.git
   3ea5fd2..1f0cdc0  mia-logs -> mia-logs
+ echo '[post-receive] Sync complete for mia-logs.'
[post-receive] Sync complete for mia-logs.
+ exec
+ read oldrev newrev refname
+ WORKDIR_BASE=/data
+ echo '[post-receive] Starting sync task...'
[post-receive] Starting sync task...
+ read oldrev newrev refname
+ [[ refs/heads/mia-logs =~ ^refs/heads/ ]]
+ branch=mia-logs
+ echo '[post-receive] Processing branch: mia-logs'
[post-receive] Processing branch: mia-logs
+ WORKDIR=/data/mia-logs
+ LOCKFILE=/tmp/git-post-receive-mia-logs.lock
+ exec
+ flock -x 9
+ echo '[post-receive] Acquired lock for mia-logs'
[post-receive] Acquired lock for mia-logs
+ '[' '!' -d /data/mia-logs/.git ']'
+ echo '[post-receive] WORKDIR already exists.'
[post-receive] WORKDIR already exists.
+ cd /data/mia-logs
+ unset GIT_DIR
+ unset GIT_WORK_TREE
+ git checkout mia-logs
Already on 'mia-logs'
Your branch is up to date with 'origin/mia-logs'.
+ git fetch origin
From /data/fcre-data-exp-worktree
   1f0cdc0..7468d7d  mia-logs   -> origin/mia-logs
+ git reset --hard origin/mia-logs
HEAD is now at 7468d7d Thu 2025-10-02 00:31:45 EST
+ git push github mia-logs
To github.com:FLARE-forecast/FCRE-data.git
   1f0cdc0..7468d7d  mia-logs -> mia-logs
+ echo '[post-receive] Sync complete for mia-logs.'
[post-receive] Sync complete for mia-logs.
+ exec
+ read oldrev newrev refname
+ WORKDIR_BASE=/data
+ echo '[post-receive] Starting sync task...'
[post-receive] Starting sync task...
+ read oldrev newrev refname
+ [[ refs/heads/mia-logs =~ ^refs/heads/ ]]
+ branch=mia-logs
+ echo '[post-receive] Processing branch: mia-logs'
[post-receive] Processing branch: mia-logs
+ WORKDIR=/data/mia-logs
+ LOCKFILE=/tmp/git-post-receive-mia-logs.lock
+ exec
+ flock -x 9
+ echo '[post-receive] Acquired lock for mia-logs'
[post-receive] Acquired lock for mia-logs
+ '[' '!' -d /data/mia-logs/.git ']'
+ echo '[post-receive] WORKDIR already exists.'
[post-receive] WORKDIR already exists.
+ cd /data/mia-logs
+ unset GIT_DIR
+ unset GIT_WORK_TREE
+ git checkout mia-logs
Already on 'mia-logs'
Your branch is up to date with 'origin/mia-logs'.
+ git fetch origin
From /data/fcre-data-exp-worktree
   7468d7d..49dafc6  mia-logs   -> origin/mia-logs
+ git reset --hard origin/mia-logs
HEAD is now at 49dafc6 Thu 2025-10-02 00:38:55 EST
+ git push github mia-logs
To github.com:FLARE-forecast/FCRE-data.git
   7468d7d..49dafc6  mia-logs -> mia-logs
+ echo '[post-receive] Sync complete for mia-logs.'
[post-receive] Sync complete for mia-logs.
+ exec
+ read oldrev newrev refname
+ WORKDIR_BASE=/data
+ echo '[post-receive] Starting sync task...'
[post-receive] Starting sync task...
+ read oldrev newrev refname
+ [[ refs/heads/mia-logs =~ ^refs/heads/ ]]
+ branch=mia-logs
+ echo '[post-receive] Processing branch: mia-logs'
[post-receive] Processing branch: mia-logs
+ WORKDIR=/data/mia-logs
+ LOCKFILE=/tmp/git-post-receive-mia-logs.lock
+ exec
+ flock -x 9
+ echo '[post-receive] Acquired lock for mia-logs'
[post-receive] Acquired lock for mia-logs
+ '[' '!' -d /data/mia-logs/.git ']'
+ echo '[post-receive] WORKDIR already exists.'
[post-receive] WORKDIR already exists.
+ cd /data/mia-logs
+ unset GIT_DIR
+ unset GIT_WORK_TREE
+ git checkout mia-logs
Already on 'mia-logs'
Your branch is up to date with 'origin/mia-logs'.
+ git fetch origin
From /data/fcre-data-exp-worktree
   49dafc6..cfc4993  mia-logs   -> origin/mia-logs
+ git reset --hard origin/mia-logs
HEAD is now at cfc4993 Thu 2025-10-02 06:06:46 EST
+ git push github mia-logs
To github.com:FLARE-forecast/FCRE-data.git
   49dafc6..cfc4993  mia-logs -> mia-logs
+ echo '[post-receive] Sync complete for mia-logs.'
[post-receive] Sync complete for mia-logs.
+ exec
+ read oldrev newrev refname
+ WORKDIR_BASE=/data
+ echo '[post-receive] Starting sync task...'
[post-receive] Starting sync task...
+ read oldrev newrev refname
+ [[ refs/heads/mia-logs =~ ^refs/heads/ ]]
+ branch=mia-logs
+ echo '[post-receive] Processing branch: mia-logs'
[post-receive] Processing branch: mia-logs
+ WORKDIR=/data/mia-logs
+ LOCKFILE=/tmp/git-post-receive-mia-logs.lock
+ exec
+ flock -x 9
+ echo '[post-receive] Acquired lock for mia-logs'
[post-receive] Acquired lock for mia-logs
+ '[' '!' -d /data/mia-logs/.git ']'
+ echo '[post-receive] WORKDIR already exists.'
[post-receive] WORKDIR already exists.
+ cd /data/mia-logs
+ unset GIT_DIR
+ unset GIT_WORK_TREE
+ git checkout mia-logs
Already on 'mia-logs'
Your branch is up to date with 'origin/mia-logs'.
+ git fetch origin
From /data/fcre-data-exp-worktree
   cfc4993..abc1599  mia-logs   -> origin/mia-logs
+ git reset --hard origin/mia-logs
HEAD is now at abc1599 Thu 2025-10-02 06:14:42 EST
+ git push github mia-logs
To github.com:FLARE-forecast/FCRE-data.git
   cfc4993..abc1599  mia-logs -> mia-logs
+ echo '[post-receive] Sync complete for mia-logs.'
[post-receive] Sync complete for mia-logs.
+ exec
+ read oldrev newrev refname
+ WORKDIR_BASE=/data
+ echo '[post-receive] Starting sync task...'
[post-receive] Starting sync task...
+ read oldrev newrev refname
+ [[ refs/heads/mia-logs =~ ^refs/heads/ ]]
+ branch=mia-logs
+ echo '[post-receive] Processing branch: mia-logs'
[post-receive] Processing branch: mia-logs
+ WORKDIR=/data/mia-logs
+ LOCKFILE=/tmp/git-post-receive-mia-logs.lock
+ exec
+ flock -x 9
+ echo '[post-receive] Acquired lock for mia-logs'
[post-receive] Acquired lock for mia-logs
+ '[' '!' -d /data/mia-logs/.git ']'
+ echo '[post-receive] WORKDIR already exists.'
[post-receive] WORKDIR already exists.
+ cd /data/mia-logs
+ unset GIT_DIR
+ unset GIT_WORK_TREE
+ git checkout mia-logs
Already on 'mia-logs'
Your branch is up to date with 'origin/mia-logs'.
+ git fetch origin
From /data/fcre-data-exp-worktree
   abc1599..d51f9ae  mia-logs   -> origin/mia-logs
+ git reset --hard origin/mia-logs
HEAD is now at d51f9ae Thu 2025-10-02 10:11:56 EST
+ git push github mia-logs
To github.com:FLARE-forecast/FCRE-data.git
   abc1599..d51f9ae  mia-logs -> mia-logs
+ echo '[post-receive] Sync complete for mia-logs.'
[post-receive] Sync complete for mia-logs.
+ exec
+ read oldrev newrev refname
+ WORKDIR_BASE=/data
+ echo '[post-receive] Starting sync task...'
[post-receive] Starting sync task...
+ read oldrev newrev refname
+ [[ refs/heads/mia-logs =~ ^refs/heads/ ]]
+ branch=mia-logs
+ echo '[post-receive] Processing branch: mia-logs'
[post-receive] Processing branch: mia-logs
+ WORKDIR=/data/mia-logs
+ LOCKFILE=/tmp/git-post-receive-mia-logs.lock
+ exec
+ flock -x 9
+ echo '[post-receive] Acquired lock for mia-logs'
[post-receive] Acquired lock for mia-logs
+ '[' '!' -d /data/mia-logs/.git ']'
+ echo '[post-receive] WORKDIR already exists.'
[post-receive] WORKDIR already exists.
+ cd /data/mia-logs
+ unset GIT_DIR
+ unset GIT_WORK_TREE
+ git checkout mia-logs
Already on 'mia-logs'
Your branch is up to date with 'origin/mia-logs'.
+ git fetch origin
From /data/fcre-data-exp-worktree
   d51f9ae..d79c491  mia-logs   -> origin/mia-logs
+ git reset --hard origin/mia-logs
HEAD is now at d79c491 Thu 2025-10-02 10:20:38 EST
+ git push github mia-logs
To github.com:FLARE-forecast/FCRE-data.git
   d51f9ae..d79c491  mia-logs -> mia-logs
+ echo '[post-receive] Sync complete for mia-logs.'
[post-receive] Sync complete for mia-logs.
+ exec
+ read oldrev newrev refname
+ WORKDIR_BASE=/data
+ echo '[post-receive] Starting sync task...'
[post-receive] Starting sync task...
+ read oldrev newrev refname
+ [[ refs/heads/mia-logs =~ ^refs/heads/ ]]
+ branch=mia-logs
+ echo '[post-receive] Processing branch: mia-logs'
[post-receive] Processing branch: mia-logs
+ WORKDIR=/data/mia-logs
+ LOCKFILE=/tmp/git-post-receive-mia-logs.lock
+ exec
+ flock -x 9
+ echo '[post-receive] Acquired lock for mia-logs'
[post-receive] Acquired lock for mia-logs
+ '[' '!' -d /data/mia-logs/.git ']'
+ echo '[post-receive] WORKDIR already exists.'
[post-receive] WORKDIR already exists.
+ cd /data/mia-logs
+ unset GIT_DIR
+ unset GIT_WORK_TREE
+ git checkout mia-logs
Already on 'mia-logs'
Your branch is up to date with 'origin/mia-logs'.
+ git fetch origin
From /data/fcre-data-exp-worktree
   d79c491..5aee25a  mia-logs   -> origin/mia-logs
+ git reset --hard origin/mia-logs
HEAD is now at 5aee25a Thu 2025-10-02 12:12:14 EST
+ git push github mia-logs
To github.com:FLARE-forecast/FCRE-data.git
   d79c491..5aee25a  mia-logs -> mia-logs
+ echo '[post-receive] Sync complete for mia-logs.'
[post-receive] Sync complete for mia-logs.
+ exec
+ read oldrev newrev refname
+ WORKDIR_BASE=/data
+ echo '[post-receive] Starting sync task...'
[post-receive] Starting sync task...
+ read oldrev newrev refname
+ [[ refs/heads/mia-logs =~ ^refs/heads/ ]]
+ branch=mia-logs
+ echo '[post-receive] Processing branch: mia-logs'
[post-receive] Processing branch: mia-logs
+ WORKDIR=/data/mia-logs
+ LOCKFILE=/tmp/git-post-receive-mia-logs.lock
+ exec
+ flock -x 9
+ echo '[post-receive] Acquired lock for mia-logs'
[post-receive] Acquired lock for mia-logs
+ '[' '!' -d /data/mia-logs/.git ']'
+ echo '[post-receive] WORKDIR already exists.'
[post-receive] WORKDIR already exists.
+ cd /data/mia-logs
+ unset GIT_DIR
+ unset GIT_WORK_TREE
+ git checkout mia-logs
Already on 'mia-logs'
Your branch is up to date with 'origin/mia-logs'.
+ git fetch origin
From /data/fcre-data-exp-worktree
   5aee25a..274e00d  mia-logs   -> origin/mia-logs
+ git reset --hard origin/mia-logs
HEAD is now at 274e00d Thu 2025-10-02 12:21:42 EST
+ git push github mia-logs
To github.com:FLARE-forecast/FCRE-data.git
   5aee25a..274e00d  mia-logs -> mia-logs
+ echo '[post-receive] Sync complete for mia-logs.'
[post-receive] Sync complete for mia-logs.
+ exec
+ read oldrev newrev refname
+ WORKDIR_BASE=/data
+ echo '[post-receive] Starting sync task...'
[post-receive] Starting sync task...
+ read oldrev newrev refname
+ [[ refs/heads/fcre-weir-data =~ ^refs/heads/ ]]
+ branch=fcre-weir-data
+ echo '[post-receive] Processing branch: fcre-weir-data'
[post-receive] Processing branch: fcre-weir-data
+ WORKDIR=/data/fcre-weir-data
+ LOCKFILE=/tmp/git-post-receive-fcre-weir-data.lock
+ exec
+ flock -x 9
+ echo '[post-receive] Acquired lock for fcre-weir-data'
[post-receive] Acquired lock for fcre-weir-data
+ '[' '!' -d /data/fcre-weir-data/.git ']'
+ echo '[post-receive] WORKDIR already exists.'
[post-receive] WORKDIR already exists.
+ cd /data/fcre-weir-data
+ unset GIT_DIR
+ unset GIT_WORK_TREE
+ git checkout fcre-weir-data
Already on 'fcre-weir-data'
Your branch is up to date with 'origin/fcre-weir-data'.
+ git fetch origin
From /data/fcre-data-exp-worktree
   6aa15c5..cc7b452  fcre-weir-data -> origin/fcre-weir-data
   709ad6e..274e00d  mia-logs       -> origin/mia-logs
+ git reset --hard origin/fcre-weir-data
HEAD is now at cc7b452 Tue 2025-10-07 10:09:47 EST
+ git push github fcre-weir-data
To github.com:FLARE-forecast/FCRE-data.git
   6aa15c5..cc7b452  fcre-weir-data -> fcre-weir-data
+ echo '[post-receive] Sync complete for fcre-weir-data.'
[post-receive] Sync complete for fcre-weir-data.
+ exec
+ read oldrev newrev refname
+ WORKDIR_BASE=/data
+ echo '[post-receive] Starting sync task...'
[post-receive] Starting sync task...
+ read oldrev newrev refname
+ [[ refs/heads/mia-logs =~ ^refs/heads/ ]]
+ branch=mia-logs
+ echo '[post-receive] Processing branch: mia-logs'
[post-receive] Processing branch: mia-logs
+ WORKDIR=/data/mia-logs
+ LOCKFILE=/tmp/git-post-receive-mia-logs.lock
+ exec
+ flock -x 9
+ echo '[post-receive] Acquired lock for mia-logs'
[post-receive] Acquired lock for mia-logs
+ '[' '!' -d /data/mia-logs/.git ']'
+ echo '[post-receive] WORKDIR already exists.'
[post-receive] WORKDIR already exists.
+ cd /data/mia-logs
+ unset GIT_DIR
+ unset GIT_WORK_TREE
+ git checkout mia-logs
Already on 'mia-logs'
Your branch is up to date with 'origin/mia-logs'.
+ git fetch origin
From /data/fcre-data-exp-worktree
   274e00d..9a75512  mia-logs       -> origin/mia-logs
   6aa15c5..cc7b452  fcre-weir-data -> origin/fcre-weir-data
+ git reset --hard origin/mia-logs
HEAD is now at 9a75512 Thu 2025-10-02 14:22:28 EST
+ git push github mia-logs
ssh: Could not resolve hostname github.com: Temporary failure in name resolution
fatal: Could not read from remote repository.

Please make sure you have the correct access rights
and the repository exists.
+ WORKDIR_BASE=/data
+ echo '[post-receive] Starting sync task...'
[post-receive] Starting sync task...
+ read oldrev newrev refname
+ [[ refs/heads/mia-logs =~ ^refs/heads/ ]]
+ branch=mia-logs
+ echo '[post-receive] Processing branch: mia-logs'
[post-receive] Processing branch: mia-logs
+ WORKDIR=/data/mia-logs
+ LOCKFILE=/tmp/git-post-receive-mia-logs.lock
+ exec
+ flock -x 9
+ echo '[post-receive] Acquired lock for mia-logs'
[post-receive] Acquired lock for mia-logs
+ '[' '!' -d /data/mia-logs/.git ']'
+ echo '[post-receive] WORKDIR already exists.'
[post-receive] WORKDIR already exists.
+ cd /data/mia-logs
+ unset GIT_DIR
+ unset GIT_WORK_TREE
+ git checkout mia-logs
Already on 'mia-logs'
Your branch is up to date with 'origin/mia-logs'.
+ git fetch origin
From /data/fcre-data-exp-worktree
   9a75512..ed11856  mia-logs   -> origin/mia-logs
+ git reset --hard origin/mia-logs
HEAD is now at ed11856 Thu 2025-10-02 14:43:15 EST
+ git push github mia-logs
To github.com:FLARE-forecast/FCRE-data.git
   274e00d..ed11856  mia-logs -> mia-logs
+ echo '[post-receive] Sync complete for mia-logs.'
[post-receive] Sync complete for mia-logs.
+ exec
+ read oldrev newrev refname
+ WORKDIR_BASE=/data
+ echo '[post-receive] Starting sync task...'
[post-receive] Starting sync task...
+ read oldrev newrev refname
+ [[ refs/heads/mia-logs =~ ^refs/heads/ ]]
+ branch=mia-logs
+ echo '[post-receive] Processing branch: mia-logs'
[post-receive] Processing branch: mia-logs
+ WORKDIR=/data/mia-logs
+ LOCKFILE=/tmp/git-post-receive-mia-logs.lock
+ exec
+ flock -x 9
+ echo '[post-receive] Acquired lock for mia-logs'
[post-receive] Acquired lock for mia-logs
+ '[' '!' -d /data/mia-logs/.git ']'
+ echo '[post-receive] WORKDIR already exists.'
[post-receive] WORKDIR already exists.
+ cd /data/mia-logs
+ unset GIT_DIR
+ unset GIT_WORK_TREE
+ git checkout mia-logs
Already on 'mia-logs'
Your branch is up to date with 'origin/mia-logs'.
+ git fetch origin
From /data/fcre-data-exp-worktree
   ed11856..cdb65ce  mia-logs   -> origin/mia-logs
+ git reset --hard origin/mia-logs
HEAD is now at cdb65ce Thu 2025-10-02 20:12:47 EST
+ git push github mia-logs
To github.com:FLARE-forecast/FCRE-data.git
   ed11856..cdb65ce  mia-logs -> mia-logs
+ echo '[post-receive] Sync complete for mia-logs.'
[post-receive] Sync complete for mia-logs.
+ exec
+ read oldrev newrev refname
+ WORKDIR_BASE=/data
+ echo '[post-receive] Starting sync task...'
[post-receive] Starting sync task...
+ read oldrev newrev refname
+ [[ refs/heads/mia-logs =~ ^refs/heads/ ]]
+ branch=mia-logs
+ echo '[post-receive] Processing branch: mia-logs'
[post-receive] Processing branch: mia-logs
+ WORKDIR=/data/mia-logs
+ LOCKFILE=/tmp/git-post-receive-mia-logs.lock
+ exec
+ flock -x 9
+ echo '[post-receive] Acquired lock for mia-logs'
[post-receive] Acquired lock for mia-logs
+ '[' '!' -d /data/mia-logs/.git ']'
+ echo '[post-receive] WORKDIR already exists.'
[post-receive] WORKDIR already exists.
+ cd /data/mia-logs
+ unset GIT_DIR
+ unset GIT_WORK_TREE
+ git checkout mia-logs
Already on 'mia-logs'
Your branch is up to date with 'origin/mia-logs'.
+ git fetch origin
From /data/fcre-data-exp-worktree
   cdb65ce..a9a6727  mia-logs   -> origin/mia-logs
+ git reset --hard origin/mia-logs
HEAD is now at a9a6727 Thu 2025-10-02 20:33:00 EST
+ git push github mia-logs
To github.com:FLARE-forecast/FCRE-data.git
   cdb65ce..a9a6727  mia-logs -> mia-logs
+ echo '[post-receive] Sync complete for mia-logs.'
[post-receive] Sync complete for mia-logs.
+ exec
+ read oldrev newrev refname
+ WORKDIR_BASE=/data
+ echo '[post-receive] Starting sync task...'
[post-receive] Starting sync task...
+ read oldrev newrev refname
+ [[ refs/heads/mia-logs =~ ^refs/heads/ ]]
+ branch=mia-logs
+ echo '[post-receive] Processing branch: mia-logs'
[post-receive] Processing branch: mia-logs
+ WORKDIR=/data/mia-logs
+ LOCKFILE=/tmp/git-post-receive-mia-logs.lock
+ exec
+ flock -x 9
+ echo '[post-receive] Acquired lock for mia-logs'
[post-receive] Acquired lock for mia-logs
+ '[' '!' -d /data/mia-logs/.git ']'
+ echo '[post-receive] WORKDIR already exists.'
[post-receive] WORKDIR already exists.
+ cd /data/mia-logs
+ unset GIT_DIR
+ unset GIT_WORK_TREE
+ git checkout mia-logs
Already on 'mia-logs'
Your branch is up to date with 'origin/mia-logs'.
+ git fetch origin
From /data/fcre-data-exp-worktree
   a9a6727..b8be1cd  mia-logs   -> origin/mia-logs
+ git reset --hard origin/mia-logs
HEAD is now at b8be1cd Thu 2025-10-02 20:45:02 EST
+ git push github mia-logs
To github.com:FLARE-forecast/FCRE-data.git
   a9a6727..b8be1cd  mia-logs -> mia-logs
+ echo '[post-receive] Sync complete for mia-logs.'
[post-receive] Sync complete for mia-logs.
+ exec
+ read oldrev newrev refname
+ WORKDIR_BASE=/data
+ echo '[post-receive] Starting sync task...'
[post-receive] Starting sync task...
+ read oldrev newrev refname
+ [[ refs/heads/mia-logs =~ ^refs/heads/ ]]
+ branch=mia-logs
+ echo '[post-receive] Processing branch: mia-logs'
[post-receive] Processing branch: mia-logs
+ WORKDIR=/data/mia-logs
+ LOCKFILE=/tmp/git-post-receive-mia-logs.lock
+ exec
+ flock -x 9
+ echo '[post-receive] Acquired lock for mia-logs'
[post-receive] Acquired lock for mia-logs
+ '[' '!' -d /data/mia-logs/.git ']'
+ echo '[post-receive] WORKDIR already exists.'
[post-receive] WORKDIR already exists.
+ cd /data/mia-logs
+ unset GIT_DIR
+ unset GIT_WORK_TREE
+ git checkout mia-logs
Already on 'mia-logs'
Your branch is up to date with 'origin/mia-logs'.
+ git fetch origin
From /data/fcre-data-exp-worktree
   b8be1cd..859f791  mia-logs   -> origin/mia-logs
+ git reset --hard origin/mia-logs
HEAD is now at 859f791 Fri 2025-10-03 00:22:58 EST
+ git push github mia-logs
To github.com:FLARE-forecast/FCRE-data.git
   b8be1cd..859f791  mia-logs -> mia-logs
+ echo '[post-receive] Sync complete for mia-logs.'
[post-receive] Sync complete for mia-logs.
+ exec
+ read oldrev newrev refname
+ WORKDIR_BASE=/data
+ echo '[post-receive] Starting sync task...'
[post-receive] Starting sync task...
+ read oldrev newrev refname
+ [[ refs/heads/mia-logs =~ ^refs/heads/ ]]
+ branch=mia-logs
+ echo '[post-receive] Processing branch: mia-logs'
[post-receive] Processing branch: mia-logs
+ WORKDIR=/data/mia-logs
+ LOCKFILE=/tmp/git-post-receive-mia-logs.lock
+ exec
+ flock -x 9
+ echo '[post-receive] Acquired lock for mia-logs'
[post-receive] Acquired lock for mia-logs
+ '[' '!' -d /data/mia-logs/.git ']'
+ echo '[post-receive] WORKDIR already exists.'
[post-receive] WORKDIR already exists.
+ cd /data/mia-logs
+ unset GIT_DIR
+ unset GIT_WORK_TREE
+ git checkout mia-logs
Already on 'mia-logs'
Your branch is up to date with 'origin/mia-logs'.
+ git fetch origin
From /data/fcre-data-exp-worktree
   859f791..7cccfb4  mia-logs   -> origin/mia-logs
+ git reset --hard origin/mia-logs
HEAD is now at 7cccfb4 Fri 2025-10-03 00:33:16 EST
+ git push github mia-logs
To github.com:FLARE-forecast/FCRE-data.git
   859f791..7cccfb4  mia-logs -> mia-logs
+ echo '[post-receive] Sync complete for mia-logs.'
[post-receive] Sync complete for mia-logs.
+ exec
+ read oldrev newrev refname
+ WORKDIR_BASE=/data
+ echo '[post-receive] Starting sync task...'
[post-receive] Starting sync task...
+ read oldrev newrev refname
+ [[ refs/heads/mia-logs =~ ^refs/heads/ ]]
+ branch=mia-logs
+ echo '[post-receive] Processing branch: mia-logs'
[post-receive] Processing branch: mia-logs
+ WORKDIR=/data/mia-logs
+ LOCKFILE=/tmp/git-post-receive-mia-logs.lock
+ exec
+ flock -x 9
+ echo '[post-receive] Acquired lock for mia-logs'
[post-receive] Acquired lock for mia-logs
+ '[' '!' -d /data/mia-logs/.git ']'
+ echo '[post-receive] WORKDIR already exists.'
[post-receive] WORKDIR already exists.
+ cd /data/mia-logs
+ unset GIT_DIR
+ unset GIT_WORK_TREE
+ git checkout mia-logs
Already on 'mia-logs'
Your branch is up to date with 'origin/mia-logs'.
+ git fetch origin
From /data/fcre-data-exp-worktree
   7cccfb4..92145b7  mia-logs   -> origin/mia-logs
+ git reset --hard origin/mia-logs
HEAD is now at 92145b7 Fri 2025-10-03 00:35:49 EST
+ git push github mia-logs
To github.com:FLARE-forecast/FCRE-data.git
   7cccfb4..92145b7  mia-logs -> mia-logs
+ echo '[post-receive] Sync complete for mia-logs.'
[post-receive] Sync complete for mia-logs.
+ exec
+ read oldrev newrev refname
+ WORKDIR_BASE=/data
+ echo '[post-receive] Starting sync task...'
[post-receive] Starting sync task...
+ read oldrev newrev refname
+ [[ refs/heads/mia-logs =~ ^refs/heads/ ]]
+ branch=mia-logs
+ echo '[post-receive] Processing branch: mia-logs'
[post-receive] Processing branch: mia-logs
+ WORKDIR=/data/mia-logs
+ LOCKFILE=/tmp/git-post-receive-mia-logs.lock
+ exec
+ flock -x 9
+ echo '[post-receive] Acquired lock for mia-logs'
[post-receive] Acquired lock for mia-logs
+ '[' '!' -d /data/mia-logs/.git ']'
+ echo '[post-receive] WORKDIR already exists.'
[post-receive] WORKDIR already exists.
+ cd /data/mia-logs
+ unset GIT_DIR
+ unset GIT_WORK_TREE
+ git checkout mia-logs
Already on 'mia-logs'
Your branch is up to date with 'origin/mia-logs'.
+ git fetch origin
From /data/fcre-data-exp-worktree
   92145b7..c13f773  mia-logs   -> origin/mia-logs
+ git reset --hard origin/mia-logs
HEAD is now at c13f773 Fri 2025-10-03 00:46:19 EST
+ git push github mia-logs
To github.com:FLARE-forecast/FCRE-data.git
   92145b7..c13f773  mia-logs -> mia-logs
+ echo '[post-receive] Sync complete for mia-logs.'
[post-receive] Sync complete for mia-logs.
+ exec
+ read oldrev newrev refname
+ WORKDIR_BASE=/data
+ echo '[post-receive] Starting sync task...'
[post-receive] Starting sync task...
+ read oldrev newrev refname
+ [[ refs/heads/mia-logs =~ ^refs/heads/ ]]
+ branch=mia-logs
+ echo '[post-receive] Processing branch: mia-logs'
[post-receive] Processing branch: mia-logs
+ WORKDIR=/data/mia-logs
+ LOCKFILE=/tmp/git-post-receive-mia-logs.lock
+ exec
+ flock -x 9
+ echo '[post-receive] Acquired lock for mia-logs'
[post-receive] Acquired lock for mia-logs
+ '[' '!' -d /data/mia-logs/.git ']'
+ echo '[post-receive] WORKDIR already exists.'
[post-receive] WORKDIR already exists.
+ cd /data/mia-logs
+ unset GIT_DIR
+ unset GIT_WORK_TREE
+ git checkout mia-logs
Already on 'mia-logs'
Your branch is up to date with 'origin/mia-logs'.
+ git fetch origin
From /data/fcre-data-exp-worktree
   c13f773..10213e0  mia-logs   -> origin/mia-logs
+ git reset --hard origin/mia-logs
HEAD is now at 10213e0 Fri 2025-10-03 06:08:16 EST
+ git push github mia-logs
To github.com:FLARE-forecast/FCRE-data.git
   c13f773..10213e0  mia-logs -> mia-logs
+ echo '[post-receive] Sync complete for mia-logs.'
[post-receive] Sync complete for mia-logs.
+ exec
+ read oldrev newrev refname
+ WORKDIR_BASE=/data
+ echo '[post-receive] Starting sync task...'
[post-receive] Starting sync task...
+ read oldrev newrev refname
+ [[ refs/heads/mia-logs =~ ^refs/heads/ ]]
+ branch=mia-logs
+ echo '[post-receive] Processing branch: mia-logs'
[post-receive] Processing branch: mia-logs
+ WORKDIR=/data/mia-logs
+ LOCKFILE=/tmp/git-post-receive-mia-logs.lock
+ exec
+ flock -x 9
+ echo '[post-receive] Acquired lock for mia-logs'
[post-receive] Acquired lock for mia-logs
+ '[' '!' -d /data/mia-logs/.git ']'
+ echo '[post-receive] WORKDIR already exists.'
[post-receive] WORKDIR already exists.
+ cd /data/mia-logs
+ unset GIT_DIR
+ unset GIT_WORK_TREE
+ git checkout mia-logs
Already on 'mia-logs'
Your branch is up to date with 'origin/mia-logs'.
+ git fetch origin
From /data/fcre-data-exp-worktree
   10213e0..5d39493  mia-logs   -> origin/mia-logs
+ git reset --hard origin/mia-logs
HEAD is now at 5d39493 Fri 2025-10-03 06:22:21 EST
+ git push github mia-logs
ssh: Could not resolve hostname github.com: Temporary failure in name resolution
fatal: Could not read from remote repository.

Please make sure you have the correct access rights
and the repository exists.
+ WORKDIR_BASE=/data
+ echo '[post-receive] Starting sync task...'
[post-receive] Starting sync task...
+ read oldrev newrev refname
+ [[ refs/heads/fcre-weir-data =~ ^refs/heads/ ]]
+ branch=fcre-weir-data
+ echo '[post-receive] Processing branch: fcre-weir-data'
[post-receive] Processing branch: fcre-weir-data
+ WORKDIR=/data/fcre-weir-data
+ LOCKFILE=/tmp/git-post-receive-fcre-weir-data.lock
+ exec
+ flock -x 9
+ echo '[post-receive] Acquired lock for fcre-weir-data'
[post-receive] Acquired lock for fcre-weir-data
+ '[' '!' -d /data/fcre-weir-data/.git ']'
+ echo '[post-receive] WORKDIR already exists.'
[post-receive] WORKDIR already exists.
+ cd /data/fcre-weir-data
+ unset GIT_DIR
+ unset GIT_WORK_TREE
+ git checkout fcre-weir-data
Already on 'fcre-weir-data'
Your branch is up to date with 'origin/fcre-weir-data'.
+ git fetch origin
From /data/fcre-data-exp-worktree
   cc7b452..678ff52  fcre-weir-data -> origin/fcre-weir-data
   274e00d..5d39493  mia-logs       -> origin/mia-logs
+ git reset --hard origin/fcre-weir-data
HEAD is now at 678ff52 Tue 2025-10-07 12:09:48 EST
+ git push github fcre-weir-data
To github.com:FLARE-forecast/FCRE-data.git
   cc7b452..678ff52  fcre-weir-data -> fcre-weir-data
+ echo '[post-receive] Sync complete for fcre-weir-data.'
[post-receive] Sync complete for fcre-weir-data.
+ exec
+ read oldrev newrev refname
+ WORKDIR_BASE=/data
+ echo '[post-receive] Starting sync task...'
[post-receive] Starting sync task...
+ read oldrev newrev refname
+ [[ refs/heads/fcre-weir-data =~ ^refs/heads/ ]]
+ branch=fcre-weir-data
+ echo '[post-receive] Processing branch: fcre-weir-data'
[post-receive] Processing branch: fcre-weir-data
+ WORKDIR=/data/fcre-weir-data
+ LOCKFILE=/tmp/git-post-receive-fcre-weir-data.lock
+ exec
+ flock -x 9
+ echo '[post-receive] Acquired lock for fcre-weir-data'
[post-receive] Acquired lock for fcre-weir-data
+ '[' '!' -d /data/fcre-weir-data/.git ']'
+ echo '[post-receive] WORKDIR already exists.'
[post-receive] WORKDIR already exists.
+ cd /data/fcre-weir-data
+ unset GIT_DIR
+ unset GIT_WORK_TREE
+ git checkout fcre-weir-data
Already on 'fcre-weir-data'
Your branch is up to date with 'origin/fcre-weir-data'.
+ git fetch origin
From /data/fcre-data-exp-worktree
   678ff52..cd6f0b9  fcre-weir-data -> origin/fcre-weir-data
+ git reset --hard origin/fcre-weir-data
HEAD is now at cd6f0b9 Tue 2025-10-07 20:09:49 EST
+ git push github fcre-weir-data
To github.com:FLARE-forecast/FCRE-data.git
   678ff52..cd6f0b9  fcre-weir-data -> fcre-weir-data
+ echo '[post-receive] Sync complete for fcre-weir-data.'
[post-receive] Sync complete for fcre-weir-data.
+ exec
+ read oldrev newrev refname
+ WORKDIR_BASE=/data
+ echo '[post-receive] Starting sync task...'
[post-receive] Starting sync task...
+ read oldrev newrev refname
+ [[ refs/heads/mia-logs =~ ^refs/heads/ ]]
+ branch=mia-logs
+ echo '[post-receive] Processing branch: mia-logs'
[post-receive] Processing branch: mia-logs
+ WORKDIR=/data/mia-logs
+ LOCKFILE=/tmp/git-post-receive-mia-logs.lock
+ exec
+ flock -x 9
+ echo '[post-receive] Acquired lock for mia-logs'
[post-receive] Acquired lock for mia-logs
+ '[' '!' -d /data/mia-logs/.git ']'
+ echo '[post-receive] WORKDIR already exists.'
[post-receive] WORKDIR already exists.
+ cd /data/mia-logs
+ unset GIT_DIR
+ unset GIT_WORK_TREE
+ git checkout mia-logs
Already on 'mia-logs'
Your branch is up to date with 'origin/mia-logs'.
+ git fetch origin
From /data/fcre-data-exp-worktree
   5d39493..3bdebc6  mia-logs       -> origin/mia-logs
   cc7b452..cd6f0b9  fcre-weir-data -> origin/fcre-weir-data
+ git reset --hard origin/mia-logs
HEAD is now at 3bdebc6 Fri 2025-10-03 10:28:24 EST
+ git push github mia-logs
To github.com:FLARE-forecast/FCRE-data.git
   10213e0..3bdebc6  mia-logs -> mia-logs
+ echo '[post-receive] Sync complete for mia-logs.'
[post-receive] Sync complete for mia-logs.
+ exec
+ read oldrev newrev refname
+ WORKDIR_BASE=/data
+ echo '[post-receive] Starting sync task...'
[post-receive] Starting sync task...
+ read oldrev newrev refname
+ [[ refs/heads/mia-logs =~ ^refs/heads/ ]]
+ branch=mia-logs
+ echo '[post-receive] Processing branch: mia-logs'
[post-receive] Processing branch: mia-logs
+ WORKDIR=/data/mia-logs
+ LOCKFILE=/tmp/git-post-receive-mia-logs.lock
+ exec
+ flock -x 9
+ echo '[post-receive] Acquired lock for mia-logs'
[post-receive] Acquired lock for mia-logs
+ '[' '!' -d /data/mia-logs/.git ']'
+ echo '[post-receive] WORKDIR already exists.'
[post-receive] WORKDIR already exists.
+ cd /data/mia-logs
+ unset GIT_DIR
+ unset GIT_WORK_TREE
+ git checkout mia-logs
Already on 'mia-logs'
Your branch is up to date with 'origin/mia-logs'.
+ git fetch origin
From /data/fcre-data-exp-worktree
   3bdebc6..af55ceb  mia-logs   -> origin/mia-logs
+ git reset --hard origin/mia-logs
HEAD is now at af55ceb Fri 2025-10-03 12:13:45 EST
+ git push github mia-logs
To github.com:FLARE-forecast/FCRE-data.git
   3bdebc6..af55ceb  mia-logs -> mia-logs
+ echo '[post-receive] Sync complete for mia-logs.'
[post-receive] Sync complete for mia-logs.
+ exec
+ read oldrev newrev refname
+ WORKDIR_BASE=/data
+ echo '[post-receive] Starting sync task...'
[post-receive] Starting sync task...
+ read oldrev newrev refname
+ [[ refs/heads/mia-logs =~ ^refs/heads/ ]]
+ branch=mia-logs
+ echo '[post-receive] Processing branch: mia-logs'
[post-receive] Processing branch: mia-logs
+ WORKDIR=/data/mia-logs
+ LOCKFILE=/tmp/git-post-receive-mia-logs.lock
+ exec
+ flock -x 9
+ echo '[post-receive] Acquired lock for mia-logs'
[post-receive] Acquired lock for mia-logs
+ '[' '!' -d /data/mia-logs/.git ']'
+ echo '[post-receive] WORKDIR already exists.'
[post-receive] WORKDIR already exists.
+ cd /data/mia-logs
+ unset GIT_DIR
+ unset GIT_WORK_TREE
+ git checkout mia-logs
Already on 'mia-logs'
Your branch is up to date with 'origin/mia-logs'.
+ git fetch origin
From /data/fcre-data-exp-worktree
   af55ceb..53d2d6d  mia-logs   -> origin/mia-logs
+ git reset --hard origin/mia-logs
HEAD is now at 53d2d6d Fri 2025-10-03 12:29:25 EST
+ git push github mia-logs
To github.com:FLARE-forecast/FCRE-data.git
   af55ceb..53d2d6d  mia-logs -> mia-logs
+ echo '[post-receive] Sync complete for mia-logs.'
[post-receive] Sync complete for mia-logs.
+ exec
+ read oldrev newrev refname
+ WORKDIR_BASE=/data
+ echo '[post-receive] Starting sync task...'
[post-receive] Starting sync task...
+ read oldrev newrev refname
+ [[ refs/heads/mia-logs =~ ^refs/heads/ ]]
+ branch=mia-logs
+ echo '[post-receive] Processing branch: mia-logs'
[post-receive] Processing branch: mia-logs
+ WORKDIR=/data/mia-logs
+ LOCKFILE=/tmp/git-post-receive-mia-logs.lock
+ exec
+ flock -x 9
+ echo '[post-receive] Acquired lock for mia-logs'
[post-receive] Acquired lock for mia-logs
+ '[' '!' -d /data/mia-logs/.git ']'
+ echo '[post-receive] WORKDIR already exists.'
[post-receive] WORKDIR already exists.
+ cd /data/mia-logs
+ unset GIT_DIR
+ unset GIT_WORK_TREE
+ git checkout mia-logs
Already on 'mia-logs'
Your branch is up to date with 'origin/mia-logs'.
+ git fetch origin
From /data/fcre-data-exp-worktree
   53d2d6d..a4a78cc  mia-logs   -> origin/mia-logs
+ git reset --hard origin/mia-logs
HEAD is now at a4a78cc Fri 2025-10-03 14:24:02 EST
+ git push github mia-logs
To github.com:FLARE-forecast/FCRE-data.git
   53d2d6d..a4a78cc  mia-logs -> mia-logs
+ echo '[post-receive] Sync complete for mia-logs.'
[post-receive] Sync complete for mia-logs.
+ exec
+ read oldrev newrev refname
+ WORKDIR_BASE=/data
+ echo '[post-receive] Starting sync task...'
[post-receive] Starting sync task...
+ read oldrev newrev refname
+ [[ refs/heads/mia-logs =~ ^refs/heads/ ]]
+ branch=mia-logs
+ echo '[post-receive] Processing branch: mia-logs'
[post-receive] Processing branch: mia-logs
+ WORKDIR=/data/mia-logs
+ LOCKFILE=/tmp/git-post-receive-mia-logs.lock
+ exec
+ flock -x 9
+ echo '[post-receive] Acquired lock for mia-logs'
[post-receive] Acquired lock for mia-logs
+ '[' '!' -d /data/mia-logs/.git ']'
+ echo '[post-receive] WORKDIR already exists.'
[post-receive] WORKDIR already exists.
+ cd /data/mia-logs
+ unset GIT_DIR
+ unset GIT_WORK_TREE
+ git checkout mia-logs
Already on 'mia-logs'
Your branch is up to date with 'origin/mia-logs'.
+ git fetch origin
From /data/fcre-data-exp-worktree
   a4a78cc..3b3a6ac  mia-logs   -> origin/mia-logs
+ git reset --hard origin/mia-logs
HEAD is now at 3b3a6ac Fri 2025-10-03 14:40:40 EST
+ git push github mia-logs
To github.com:FLARE-forecast/FCRE-data.git
   a4a78cc..3b3a6ac  mia-logs -> mia-logs
+ echo '[post-receive] Sync complete for mia-logs.'
[post-receive] Sync complete for mia-logs.
+ exec
+ read oldrev newrev refname
+ WORKDIR_BASE=/data
+ echo '[post-receive] Starting sync task...'
[post-receive] Starting sync task...
+ read oldrev newrev refname
+ [[ refs/heads/mia-logs =~ ^refs/heads/ ]]
+ branch=mia-logs
+ echo '[post-receive] Processing branch: mia-logs'
[post-receive] Processing branch: mia-logs
+ WORKDIR=/data/mia-logs
+ LOCKFILE=/tmp/git-post-receive-mia-logs.lock
+ exec
+ flock -x 9
+ echo '[post-receive] Acquired lock for mia-logs'
[post-receive] Acquired lock for mia-logs
+ '[' '!' -d /data/mia-logs/.git ']'
+ echo '[post-receive] WORKDIR already exists.'
[post-receive] WORKDIR already exists.
+ cd /data/mia-logs
+ unset GIT_DIR
+ unset GIT_WORK_TREE
+ git checkout mia-logs
Already on 'mia-logs'
Your branch is up to date with 'origin/mia-logs'.
+ git fetch origin
From /data/fcre-data-exp-worktree
   3b3a6ac..6ab1493  mia-logs   -> origin/mia-logs
+ git reset --hard origin/mia-logs
HEAD is now at 6ab1493 Fri 2025-10-03 14:50:54 EST
+ git push github mia-logs
To github.com:FLARE-forecast/FCRE-data.git
   3b3a6ac..6ab1493  mia-logs -> mia-logs
+ echo '[post-receive] Sync complete for mia-logs.'
[post-receive] Sync complete for mia-logs.
+ exec
+ read oldrev newrev refname
+ WORKDIR_BASE=/data
+ echo '[post-receive] Starting sync task...'
[post-receive] Starting sync task...
+ read oldrev newrev refname
+ [[ refs/heads/mia-logs =~ ^refs/heads/ ]]
+ branch=mia-logs
+ echo '[post-receive] Processing branch: mia-logs'
[post-receive] Processing branch: mia-logs
+ WORKDIR=/data/mia-logs
+ LOCKFILE=/tmp/git-post-receive-mia-logs.lock
+ exec
+ flock -x 9
+ echo '[post-receive] Acquired lock for mia-logs'
[post-receive] Acquired lock for mia-logs
+ '[' '!' -d /data/mia-logs/.git ']'
+ echo '[post-receive] WORKDIR already exists.'
[post-receive] WORKDIR already exists.
+ cd /data/mia-logs
+ unset GIT_DIR
+ unset GIT_WORK_TREE
+ git checkout mia-logs
Already on 'mia-logs'
Your branch is up to date with 'origin/mia-logs'.
+ git fetch origin
From /data/fcre-data-exp-worktree
   6ab1493..a387fa8  mia-logs   -> origin/mia-logs
+ git reset --hard origin/mia-logs
HEAD is now at a387fa8 Fri 2025-10-03 20:32:14 EST
+ git push github mia-logs
To github.com:FLARE-forecast/FCRE-data.git
   6ab1493..a387fa8  mia-logs -> mia-logs
+ echo '[post-receive] Sync complete for mia-logs.'
[post-receive] Sync complete for mia-logs.
+ exec
+ read oldrev newrev refname
+ WORKDIR_BASE=/data
+ echo '[post-receive] Starting sync task...'
[post-receive] Starting sync task...
+ read oldrev newrev refname
+ [[ refs/heads/fcre-weir-data =~ ^refs/heads/ ]]
+ branch=fcre-weir-data
+ echo '[post-receive] Processing branch: fcre-weir-data'
[post-receive] Processing branch: fcre-weir-data
+ WORKDIR=/data/fcre-weir-data
+ LOCKFILE=/tmp/git-post-receive-fcre-weir-data.lock
+ exec
+ flock -x 9
+ echo '[post-receive] Acquired lock for fcre-weir-data'
[post-receive] Acquired lock for fcre-weir-data
+ '[' '!' -d /data/fcre-weir-data/.git ']'
+ echo '[post-receive] WORKDIR already exists.'
[post-receive] WORKDIR already exists.
+ cd /data/fcre-weir-data
+ unset GIT_DIR
+ unset GIT_WORK_TREE
+ git checkout fcre-weir-data
Already on 'fcre-weir-data'
Your branch is up to date with 'origin/fcre-weir-data'.
+ git fetch origin
From /data/fcre-data-exp-worktree
   cd6f0b9..c94239d  fcre-weir-data -> origin/fcre-weir-data
   5d39493..a387fa8  mia-logs       -> origin/mia-logs
+ git reset --hard origin/fcre-weir-data
HEAD is now at c94239d Wed 2025-10-08 06:04:50 EST
+ git push github fcre-weir-data
To github.com:FLARE-forecast/FCRE-data.git
   cd6f0b9..c94239d  fcre-weir-data -> fcre-weir-data
+ echo '[post-receive] Sync complete for fcre-weir-data.'
[post-receive] Sync complete for fcre-weir-data.
+ exec
+ read oldrev newrev refname
+ WORKDIR_BASE=/data
+ echo '[post-receive] Starting sync task...'
[post-receive] Starting sync task...
+ read oldrev newrev refname
+ [[ refs/heads/mia-logs =~ ^refs/heads/ ]]
+ branch=mia-logs
+ echo '[post-receive] Processing branch: mia-logs'
[post-receive] Processing branch: mia-logs
+ WORKDIR=/data/mia-logs
+ LOCKFILE=/tmp/git-post-receive-mia-logs.lock
+ exec
+ flock -x 9
+ echo '[post-receive] Acquired lock for mia-logs'
[post-receive] Acquired lock for mia-logs
+ '[' '!' -d /data/mia-logs/.git ']'
+ echo '[post-receive] WORKDIR already exists.'
[post-receive] WORKDIR already exists.
+ cd /data/mia-logs
+ unset GIT_DIR
+ unset GIT_WORK_TREE
+ git checkout mia-logs
Already on 'mia-logs'
Your branch is up to date with 'origin/mia-logs'.
+ git fetch origin
From /data/fcre-data-exp-worktree
   a387fa8..ffb5d51  mia-logs       -> origin/mia-logs
   cd6f0b9..c94239d  fcre-weir-data -> origin/fcre-weir-data
+ git reset --hard origin/mia-logs
HEAD is now at ffb5d51 Fri 2025-10-03 20:34:32 EST
+ git push github mia-logs
To github.com:FLARE-forecast/FCRE-data.git
   a387fa8..ffb5d51  mia-logs -> mia-logs
+ echo '[post-receive] Sync complete for mia-logs.'
[post-receive] Sync complete for mia-logs.
+ exec
+ read oldrev newrev refname
+ WORKDIR_BASE=/data
+ echo '[post-receive] Starting sync task...'
[post-receive] Starting sync task...
+ read oldrev newrev refname
+ [[ refs/heads/mia-logs =~ ^refs/heads/ ]]
+ branch=mia-logs
+ echo '[post-receive] Processing branch: mia-logs'
[post-receive] Processing branch: mia-logs
+ WORKDIR=/data/mia-logs
+ LOCKFILE=/tmp/git-post-receive-mia-logs.lock
+ exec
+ flock -x 9
+ echo '[post-receive] Acquired lock for mia-logs'
[post-receive] Acquired lock for mia-logs
+ '[' '!' -d /data/mia-logs/.git ']'
+ echo '[post-receive] WORKDIR already exists.'
[post-receive] WORKDIR already exists.
+ cd /data/mia-logs
+ unset GIT_DIR
+ unset GIT_WORK_TREE
+ git checkout mia-logs
Already on 'mia-logs'
Your branch is up to date with 'origin/mia-logs'.
+ git fetch origin
From /data/fcre-data-exp-worktree
   ffb5d51..502e6f3  mia-logs   -> origin/mia-logs
+ git reset --hard origin/mia-logs
HEAD is now at 502e6f3 Fri 2025-10-03 20:52:43 EST
+ git push github mia-logs
+ WORKDIR_BASE=/data
+ echo '[post-receive] Starting sync task...'
[post-receive] Starting sync task...
+ read oldrev newrev refname
+ [[ refs/heads/fcre-weir-data =~ ^refs/heads/ ]]
+ branch=fcre-weir-data
+ echo '[post-receive] Processing branch: fcre-weir-data'
[post-receive] Processing branch: fcre-weir-data
+ WORKDIR=/data/fcre-weir-data
+ LOCKFILE=/tmp/git-post-receive-fcre-weir-data.lock
+ exec
+ flock -x 9
+ echo '[post-receive] Acquired lock for fcre-weir-data'
[post-receive] Acquired lock for fcre-weir-data
+ '[' '!' -d /data/fcre-weir-data/.git ']'
+ echo '[post-receive] WORKDIR already exists.'
[post-receive] WORKDIR already exists.
+ cd /data/fcre-weir-data
+ unset GIT_DIR
+ unset GIT_WORK_TREE
+ git checkout fcre-weir-data
Already on 'fcre-weir-data'
Your branch is up to date with 'origin/fcre-weir-data'.
+ git fetch origin
From /data/fcre-data-exp-worktree
   c94239d..73638aa  fcre-weir-data -> origin/fcre-weir-data
   a387fa8..502e6f3  mia-logs       -> origin/mia-logs
+ git reset --hard origin/fcre-weir-data
HEAD is now at 73638aa Wed 2025-10-08 10:09:48 EST
+ git push github fcre-weir-data
To github.com:FLARE-forecast/FCRE-data.git
   c94239d..73638aa  fcre-weir-data -> fcre-weir-data
+ echo '[post-receive] Sync complete for fcre-weir-data.'
[post-receive] Sync complete for fcre-weir-data.
+ exec
+ read oldrev newrev refname
client_loop: send disconnect: Broken pipe
send-pack: unexpected disconnect while reading sideband packet
fatal: the remote end hung up unexpectedly
+ WORKDIR_BASE=/data
+ echo '[post-receive] Starting sync task...'
[post-receive] Starting sync task...
+ read oldrev newrev refname
+ [[ refs/heads/mia-logs =~ ^refs/heads/ ]]
+ branch=mia-logs
+ echo '[post-receive] Processing branch: mia-logs'
[post-receive] Processing branch: mia-logs
+ WORKDIR=/data/mia-logs
+ LOCKFILE=/tmp/git-post-receive-mia-logs.lock
+ exec
+ flock -x 9
+ echo '[post-receive] Acquired lock for mia-logs'
[post-receive] Acquired lock for mia-logs
+ '[' '!' -d /data/mia-logs/.git ']'
+ echo '[post-receive] WORKDIR already exists.'
[post-receive] WORKDIR already exists.
+ cd /data/mia-logs
+ unset GIT_DIR
+ unset GIT_WORK_TREE
+ git checkout mia-logs
Already on 'mia-logs'
Your branch is up to date with 'origin/mia-logs'.
+ git fetch origin
From /data/fcre-data-exp-worktree
   502e6f3..b547304  mia-logs       -> origin/mia-logs
   c94239d..73638aa  fcre-weir-data -> origin/fcre-weir-data
+ git reset --hard origin/mia-logs
HEAD is now at b547304 Sat 2025-10-04 12:38:07 EST
+ git push github mia-logs
To github.com:FLARE-forecast/FCRE-data.git
   502e6f3..b547304  mia-logs -> mia-logs
+ echo '[post-receive] Sync complete for mia-logs.'
[post-receive] Sync complete for mia-logs.
+ exec
+ read oldrev newrev refname
+ WORKDIR_BASE=/data
+ echo '[post-receive] Starting sync task...'
[post-receive] Starting sync task...
+ read oldrev newrev refname
+ [[ refs/heads/fcre-weir-data =~ ^refs/heads/ ]]
+ branch=fcre-weir-data
+ echo '[post-receive] Processing branch: fcre-weir-data'
[post-receive] Processing branch: fcre-weir-data
+ WORKDIR=/data/fcre-weir-data
+ LOCKFILE=/tmp/git-post-receive-fcre-weir-data.lock
+ exec
+ flock -x 9
+ echo '[post-receive] Acquired lock for fcre-weir-data'
[post-receive] Acquired lock for fcre-weir-data
+ '[' '!' -d /data/fcre-weir-data/.git ']'
+ echo '[post-receive] WORKDIR already exists.'
[post-receive] WORKDIR already exists.
+ cd /data/fcre-weir-data
+ unset GIT_DIR
+ unset GIT_WORK_TREE
+ git checkout fcre-weir-data
Already on 'fcre-weir-data'
Your branch is up to date with 'origin/fcre-weir-data'.
+ git fetch origin
From /data/fcre-data-exp-worktree
   73638aa..cf31cdb  fcre-weir-data -> origin/fcre-weir-data
   502e6f3..b547304  mia-logs       -> origin/mia-logs
+ git reset --hard origin/fcre-weir-data
HEAD is now at cf31cdb Wed 2025-10-08 14:19:49 EST
+ git push github fcre-weir-data
To github.com:FLARE-forecast/FCRE-data.git
   73638aa..cf31cdb  fcre-weir-data -> fcre-weir-data
+ echo '[post-receive] Sync complete for fcre-weir-data.'
[post-receive] Sync complete for fcre-weir-data.
+ exec
+ read oldrev newrev refname
+ WORKDIR_BASE=/data
+ echo '[post-receive] Starting sync task...'
[post-receive] Starting sync task...
+ read oldrev newrev refname
+ [[ refs/heads/fcre-weir-data =~ ^refs/heads/ ]]
+ branch=fcre-weir-data
+ echo '[post-receive] Processing branch: fcre-weir-data'
[post-receive] Processing branch: fcre-weir-data
+ WORKDIR=/data/fcre-weir-data
+ LOCKFILE=/tmp/git-post-receive-fcre-weir-data.lock
+ exec
+ flock -x 9
+ echo '[post-receive] Acquired lock for fcre-weir-data'
[post-receive] Acquired lock for fcre-weir-data
+ '[' '!' -d /data/fcre-weir-data/.git ']'
+ echo '[post-receive] WORKDIR already exists.'
[post-receive] WORKDIR already exists.
+ cd /data/fcre-weir-data
+ unset GIT_DIR
+ unset GIT_WORK_TREE
+ git checkout fcre-weir-data
Already on 'fcre-weir-data'
Your branch is up to date with 'origin/fcre-weir-data'.
+ git fetch origin
From /data/fcre-data-exp-worktree
   cf31cdb..96faf70  fcre-weir-data -> origin/fcre-weir-data
+ git reset --hard origin/fcre-weir-data
HEAD is now at 96faf70 Wed 2025-10-08 20:09:50 EST
+ git push github fcre-weir-data
To github.com:FLARE-forecast/FCRE-data.git
   cf31cdb..96faf70  fcre-weir-data -> fcre-weir-data
+ echo '[post-receive] Sync complete for fcre-weir-data.'
[post-receive] Sync complete for fcre-weir-data.
+ exec
+ read oldrev newrev refname
+ WORKDIR_BASE=/data
+ echo '[post-receive] Starting sync task...'
[post-receive] Starting sync task...
+ read oldrev newrev refname
+ [[ refs/heads/fcre-weir-data =~ ^refs/heads/ ]]
+ branch=fcre-weir-data
+ echo '[post-receive] Processing branch: fcre-weir-data'
[post-receive] Processing branch: fcre-weir-data
+ WORKDIR=/data/fcre-weir-data
+ LOCKFILE=/tmp/git-post-receive-fcre-weir-data.lock
+ exec
+ flock -x 9
+ echo '[post-receive] Acquired lock for fcre-weir-data'
[post-receive] Acquired lock for fcre-weir-data
+ '[' '!' -d /data/fcre-weir-data/.git ']'
+ echo '[post-receive] WORKDIR already exists.'
[post-receive] WORKDIR already exists.
+ cd /data/fcre-weir-data
+ unset GIT_DIR
+ unset GIT_WORK_TREE
+ git checkout fcre-weir-data
Already on 'fcre-weir-data'
Your branch is up to date with 'origin/fcre-weir-data'.
+ git fetch origin
From /data/fcre-data-exp-worktree
   96faf70..adfe2a0  fcre-weir-data -> origin/fcre-weir-data
+ git reset --hard origin/fcre-weir-data
HEAD is now at adfe2a0 Thu 2025-10-09 10:09:49 EST
+ git push github fcre-weir-data
To github.com:FLARE-forecast/FCRE-data.git
   96faf70..adfe2a0  fcre-weir-data -> fcre-weir-data
+ echo '[post-receive] Sync complete for fcre-weir-data.'
[post-receive] Sync complete for fcre-weir-data.
+ exec
+ read oldrev newrev refname
+ WORKDIR_BASE=/data
+ echo '[post-receive] Starting sync task...'
[post-receive] Starting sync task...
+ read oldrev newrev refname
+ [[ refs/heads/mia-logs =~ ^refs/heads/ ]]
+ branch=mia-logs
+ echo '[post-receive] Processing branch: mia-logs'
[post-receive] Processing branch: mia-logs
+ WORKDIR=/data/mia-logs
+ LOCKFILE=/tmp/git-post-receive-mia-logs.lock
+ exec
+ flock -x 9
+ echo '[post-receive] Acquired lock for mia-logs'
[post-receive] Acquired lock for mia-logs
+ '[' '!' -d /data/mia-logs/.git ']'
+ echo '[post-receive] WORKDIR already exists.'
[post-receive] WORKDIR already exists.
+ cd /data/mia-logs
+ unset GIT_DIR
+ unset GIT_WORK_TREE
+ git checkout mia-logs
Already on 'mia-logs'
Your branch is up to date with 'origin/mia-logs'.
+ git fetch origin
From /data/fcre-data-exp-worktree
   b547304..85eafae  mia-logs       -> origin/mia-logs
   73638aa..adfe2a0  fcre-weir-data -> origin/fcre-weir-data
+ git reset --hard origin/mia-logs
HEAD is now at 85eafae Sat 2025-10-04 14:35:50 EST
+ git push github mia-logs
To github.com:FLARE-forecast/FCRE-data.git
   b547304..85eafae  mia-logs -> mia-logs
+ echo '[post-receive] Sync complete for mia-logs.'
[post-receive] Sync complete for mia-logs.
+ exec
+ read oldrev newrev refname
+ WORKDIR_BASE=/data
+ echo '[post-receive] Starting sync task...'
[post-receive] Starting sync task...
+ read oldrev newrev refname
+ [[ refs/heads/mia-logs =~ ^refs/heads/ ]]
+ branch=mia-logs
+ echo '[post-receive] Processing branch: mia-logs'
[post-receive] Processing branch: mia-logs
+ WORKDIR=/data/mia-logs
+ LOCKFILE=/tmp/git-post-receive-mia-logs.lock
+ exec
+ flock -x 9
+ echo '[post-receive] Acquired lock for mia-logs'
[post-receive] Acquired lock for mia-logs
+ '[' '!' -d /data/mia-logs/.git ']'
+ echo '[post-receive] WORKDIR already exists.'
[post-receive] WORKDIR already exists.
+ cd /data/mia-logs
+ unset GIT_DIR
+ unset GIT_WORK_TREE
+ git checkout mia-logs
Already on 'mia-logs'
Your branch is up to date with 'origin/mia-logs'.
+ git fetch origin
From /data/fcre-data-exp-worktree
   85eafae..c971d36  mia-logs   -> origin/mia-logs
+ git reset --hard origin/mia-logs
HEAD is now at c971d36 Sat 2025-10-04 14:48:23 EST
+ git push github mia-logs
To github.com:FLARE-forecast/FCRE-data.git
   85eafae..c971d36  mia-logs -> mia-logs
+ echo '[post-receive] Sync complete for mia-logs.'
[post-receive] Sync complete for mia-logs.
+ exec
+ read oldrev newrev refname
+ WORKDIR_BASE=/data
+ echo '[post-receive] Starting sync task...'
[post-receive] Starting sync task...
+ read oldrev newrev refname
+ [[ refs/heads/mia-logs =~ ^refs/heads/ ]]
+ branch=mia-logs
+ echo '[post-receive] Processing branch: mia-logs'
[post-receive] Processing branch: mia-logs
+ WORKDIR=/data/mia-logs
+ LOCKFILE=/tmp/git-post-receive-mia-logs.lock
+ exec
+ flock -x 9
+ echo '[post-receive] Acquired lock for mia-logs'
[post-receive] Acquired lock for mia-logs
+ '[' '!' -d /data/mia-logs/.git ']'
+ echo '[post-receive] WORKDIR already exists.'
[post-receive] WORKDIR already exists.
+ cd /data/mia-logs
+ unset GIT_DIR
+ unset GIT_WORK_TREE
+ git checkout mia-logs
Already on 'mia-logs'
Your branch is up to date with 'origin/mia-logs'.
+ git fetch origin
From /data/fcre-data-exp-worktree
   c971d36..1e2b1ef  mia-logs   -> origin/mia-logs
+ git reset --hard origin/mia-logs
HEAD is now at 1e2b1ef Sat 2025-10-04 20:15:54 EST
+ git push github mia-logs
ssh: Could not resolve hostname github.com: Temporary failure in name resolution
fatal: Could not read from remote repository.

Please make sure you have the correct access rights
and the repository exists.
+ WORKDIR_BASE=/data
+ echo '[post-receive] Starting sync task...'
[post-receive] Starting sync task...
+ read oldrev newrev refname
+ [[ refs/heads/mia-logs =~ ^refs/heads/ ]]
+ branch=mia-logs
+ echo '[post-receive] Processing branch: mia-logs'
[post-receive] Processing branch: mia-logs
+ WORKDIR=/data/mia-logs
+ LOCKFILE=/tmp/git-post-receive-mia-logs.lock
+ exec
+ flock -x 9
+ echo '[post-receive] Acquired lock for mia-logs'
[post-receive] Acquired lock for mia-logs
+ '[' '!' -d /data/mia-logs/.git ']'
+ echo '[post-receive] WORKDIR already exists.'
[post-receive] WORKDIR already exists.
+ cd /data/mia-logs
+ unset GIT_DIR
+ unset GIT_WORK_TREE
+ git checkout mia-logs
Already on 'mia-logs'
Your branch is up to date with 'origin/mia-logs'.
+ git fetch origin
From /data/fcre-data-exp-worktree
   1e2b1ef..fdf8b65  mia-logs   -> origin/mia-logs
+ git reset --hard origin/mia-logs
HEAD is now at fdf8b65 Sat 2025-10-04 20:36:05 EST
+ git push github mia-logs
To github.com:FLARE-forecast/FCRE-data.git
   c971d36..fdf8b65  mia-logs -> mia-logs
+ echo '[post-receive] Sync complete for mia-logs.'
[post-receive] Sync complete for mia-logs.
+ exec
+ read oldrev newrev refname
+ WORKDIR_BASE=/data
+ echo '[post-receive] Starting sync task...'
[post-receive] Starting sync task...
+ read oldrev newrev refname
+ [[ refs/heads/mia-logs =~ ^refs/heads/ ]]
+ branch=mia-logs
+ echo '[post-receive] Processing branch: mia-logs'
[post-receive] Processing branch: mia-logs
+ WORKDIR=/data/mia-logs
+ LOCKFILE=/tmp/git-post-receive-mia-logs.lock
+ exec
+ flock -x 9
+ echo '[post-receive] Acquired lock for mia-logs'
[post-receive] Acquired lock for mia-logs
+ '[' '!' -d /data/mia-logs/.git ']'
+ echo '[post-receive] WORKDIR already exists.'
[post-receive] WORKDIR already exists.
+ cd /data/mia-logs
+ unset GIT_DIR
+ unset GIT_WORK_TREE
+ git checkout mia-logs
Already on 'mia-logs'
Your branch is up to date with 'origin/mia-logs'.
+ git fetch origin
From /data/fcre-data-exp-worktree
   fdf8b65..ebf2f06  mia-logs   -> origin/mia-logs
+ git reset --hard origin/mia-logs
HEAD is now at ebf2f06 Sun 2025-10-05 00:26:20 EST
+ git push github mia-logs
To github.com:FLARE-forecast/FCRE-data.git
   fdf8b65..ebf2f06  mia-logs -> mia-logs
+ echo '[post-receive] Sync complete for mia-logs.'
[post-receive] Sync complete for mia-logs.
+ exec
+ read oldrev newrev refname
+ WORKDIR_BASE=/data
+ echo '[post-receive] Starting sync task...'
[post-receive] Starting sync task...
+ read oldrev newrev refname
+ [[ refs/heads/mia-logs =~ ^refs/heads/ ]]
+ branch=mia-logs
+ echo '[post-receive] Processing branch: mia-logs'
[post-receive] Processing branch: mia-logs
+ WORKDIR=/data/mia-logs
+ LOCKFILE=/tmp/git-post-receive-mia-logs.lock
+ exec
+ flock -x 9
+ echo '[post-receive] Acquired lock for mia-logs'
[post-receive] Acquired lock for mia-logs
+ '[' '!' -d /data/mia-logs/.git ']'
+ echo '[post-receive] WORKDIR already exists.'
[post-receive] WORKDIR already exists.
+ cd /data/mia-logs
+ unset GIT_DIR
+ unset GIT_WORK_TREE
+ git checkout mia-logs
Already on 'mia-logs'
Your branch is up to date with 'origin/mia-logs'.
+ git fetch origin
From /data/fcre-data-exp-worktree
   ebf2f06..05b7cea  mia-logs   -> origin/mia-logs
+ git reset --hard origin/mia-logs
HEAD is now at 05b7cea Sun 2025-10-05 00:36:19 EST
+ git push github mia-logs
To github.com:FLARE-forecast/FCRE-data.git
   ebf2f06..05b7cea  mia-logs -> mia-logs
+ echo '[post-receive] Sync complete for mia-logs.'
[post-receive] Sync complete for mia-logs.
+ exec
+ read oldrev newrev refname
+ WORKDIR_BASE=/data
+ echo '[post-receive] Starting sync task...'
[post-receive] Starting sync task...
+ read oldrev newrev refname
+ [[ refs/heads/mia-logs =~ ^refs/heads/ ]]
+ branch=mia-logs
+ echo '[post-receive] Processing branch: mia-logs'
[post-receive] Processing branch: mia-logs
+ WORKDIR=/data/mia-logs
+ LOCKFILE=/tmp/git-post-receive-mia-logs.lock
+ exec
+ flock -x 9
+ echo '[post-receive] Acquired lock for mia-logs'
[post-receive] Acquired lock for mia-logs
+ '[' '!' -d /data/mia-logs/.git ']'
+ echo '[post-receive] WORKDIR already exists.'
[post-receive] WORKDIR already exists.
+ cd /data/mia-logs
+ unset GIT_DIR
+ unset GIT_WORK_TREE
+ git checkout mia-logs
Already on 'mia-logs'
Your branch is up to date with 'origin/mia-logs'.
+ git fetch origin
From /data/fcre-data-exp-worktree
   05b7cea..4b4d576  mia-logs   -> origin/mia-logs
+ git reset --hard origin/mia-logs
HEAD is now at 4b4d576 Sun 2025-10-05 00:50:55 EST
+ git push github mia-logs
To github.com:FLARE-forecast/FCRE-data.git
   05b7cea..4b4d576  mia-logs -> mia-logs
+ echo '[post-receive] Sync complete for mia-logs.'
[post-receive] Sync complete for mia-logs.
+ exec
+ read oldrev newrev refname
+ WORKDIR_BASE=/data
+ echo '[post-receive] Starting sync task...'
[post-receive] Starting sync task...
+ read oldrev newrev refname
+ [[ refs/heads/fcre-weir-data =~ ^refs/heads/ ]]
+ branch=fcre-weir-data
+ echo '[post-receive] Processing branch: fcre-weir-data'
[post-receive] Processing branch: fcre-weir-data
+ WORKDIR=/data/fcre-weir-data
+ LOCKFILE=/tmp/git-post-receive-fcre-weir-data.lock
+ exec
+ flock -x 9
+ echo '[post-receive] Acquired lock for fcre-weir-data'
[post-receive] Acquired lock for fcre-weir-data
+ '[' '!' -d /data/fcre-weir-data/.git ']'
+ echo '[post-receive] WORKDIR already exists.'
[post-receive] WORKDIR already exists.
+ cd /data/fcre-weir-data
+ unset GIT_DIR
+ unset GIT_WORK_TREE
+ git checkout fcre-weir-data
Already on 'fcre-weir-data'
Your branch is up to date with 'origin/fcre-weir-data'.
+ git fetch origin
From /data/fcre-data-exp-worktree
   adfe2a0..d120f69  fcre-weir-data -> origin/fcre-weir-data
   b547304..4b4d576  mia-logs       -> origin/mia-logs
+ git reset --hard origin/fcre-weir-data
HEAD is now at d120f69 Thu 2025-10-09 12:09:48 EST
+ git push github fcre-weir-data
To github.com:FLARE-forecast/FCRE-data.git
   adfe2a0..d120f69  fcre-weir-data -> fcre-weir-data
+ echo '[post-receive] Sync complete for fcre-weir-data.'
[post-receive] Sync complete for fcre-weir-data.
+ exec
+ read oldrev newrev refname
+ WORKDIR_BASE=/data
+ echo '[post-receive] Starting sync task...'
[post-receive] Starting sync task...
+ read oldrev newrev refname
+ [[ refs/heads/fcre-weir-data =~ ^refs/heads/ ]]
+ branch=fcre-weir-data
+ echo '[post-receive] Processing branch: fcre-weir-data'
[post-receive] Processing branch: fcre-weir-data
+ WORKDIR=/data/fcre-weir-data
+ LOCKFILE=/tmp/git-post-receive-fcre-weir-data.lock
+ exec
+ flock -x 9
+ echo '[post-receive] Acquired lock for fcre-weir-data'
[post-receive] Acquired lock for fcre-weir-data
+ '[' '!' -d /data/fcre-weir-data/.git ']'
+ echo '[post-receive] WORKDIR already exists.'
[post-receive] WORKDIR already exists.
+ cd /data/fcre-weir-data
+ unset GIT_DIR
+ unset GIT_WORK_TREE
+ git checkout fcre-weir-data
Already on 'fcre-weir-data'
Your branch is up to date with 'origin/fcre-weir-data'.
+ git fetch origin
From /data/fcre-data-exp-worktree
   d120f69..d0f579a  fcre-weir-data -> origin/fcre-weir-data
+ git reset --hard origin/fcre-weir-data
HEAD is now at d0f579a Thu 2025-10-09 14:19:49 EST
+ git push github fcre-weir-data
To github.com:FLARE-forecast/FCRE-data.git
   d120f69..d0f579a  fcre-weir-data -> fcre-weir-data
+ echo '[post-receive] Sync complete for fcre-weir-data.'
[post-receive] Sync complete for fcre-weir-data.
+ exec
+ read oldrev newrev refname
+ WORKDIR_BASE=/data
+ echo '[post-receive] Starting sync task...'
[post-receive] Starting sync task...
+ read oldrev newrev refname
+ [[ refs/heads/fcre-weir-data =~ ^refs/heads/ ]]
+ branch=fcre-weir-data
+ echo '[post-receive] Processing branch: fcre-weir-data'
[post-receive] Processing branch: fcre-weir-data
+ WORKDIR=/data/fcre-weir-data
+ LOCKFILE=/tmp/git-post-receive-fcre-weir-data.lock
+ exec
+ flock -x 9
+ echo '[post-receive] Acquired lock for fcre-weir-data'
[post-receive] Acquired lock for fcre-weir-data
+ '[' '!' -d /data/fcre-weir-data/.git ']'
+ echo '[post-receive] WORKDIR already exists.'
[post-receive] WORKDIR already exists.
+ cd /data/fcre-weir-data
+ unset GIT_DIR
+ unset GIT_WORK_TREE
+ git checkout fcre-weir-data
Already on 'fcre-weir-data'
Your branch is up to date with 'origin/fcre-weir-data'.
+ git fetch origin
From /data/fcre-data-exp-worktree
   d0f579a..a6af37c  fcre-weir-data -> origin/fcre-weir-data
+ git reset --hard origin/fcre-weir-data
HEAD is now at a6af37c Thu 2025-10-09 20:09:50 EST
+ git push github fcre-weir-data
ssh: Could not resolve hostname github.com: Temporary failure in name resolution
fatal: Could not read from remote repository.

Please make sure you have the correct access rights
and the repository exists.
+ WORKDIR_BASE=/data
+ echo '[post-receive] Starting sync task...'
[post-receive] Starting sync task...
+ read oldrev newrev refname
+ [[ refs/heads/mia-logs =~ ^refs/heads/ ]]
+ branch=mia-logs
+ echo '[post-receive] Processing branch: mia-logs'
[post-receive] Processing branch: mia-logs
+ WORKDIR=/data/mia-logs
+ LOCKFILE=/tmp/git-post-receive-mia-logs.lock
+ exec
+ flock -x 9
+ echo '[post-receive] Acquired lock for mia-logs'
[post-receive] Acquired lock for mia-logs
+ '[' '!' -d /data/mia-logs/.git ']'
+ echo '[post-receive] WORKDIR already exists.'
[post-receive] WORKDIR already exists.
+ cd /data/mia-logs
+ unset GIT_DIR
+ unset GIT_WORK_TREE
+ git checkout mia-logs
Already on 'mia-logs'
Your branch is up to date with 'origin/mia-logs'.
+ git fetch origin
From /data/fcre-data-exp-worktree
   4b4d576..c8fe18c  mia-logs       -> origin/mia-logs
   adfe2a0..a6af37c  fcre-weir-data -> origin/fcre-weir-data
+ git reset --hard origin/mia-logs
HEAD is now at c8fe18c Sun 2025-10-05 06:37:08 EST
+ git push github mia-logs
ssh: connect to host github.com port 22: Network is unreachable
fatal: Could not read from remote repository.

Please make sure you have the correct access rights
and the repository exists.
+ WORKDIR_BASE=/data
+ echo '[post-receive] Starting sync task...'
[post-receive] Starting sync task...
+ read oldrev newrev refname
+ [[ refs/heads/mia-logs =~ ^refs/heads/ ]]
+ branch=mia-logs
+ echo '[post-receive] Processing branch: mia-logs'
[post-receive] Processing branch: mia-logs
+ WORKDIR=/data/mia-logs
+ LOCKFILE=/tmp/git-post-receive-mia-logs.lock
+ exec
+ flock -x 9
+ echo '[post-receive] Acquired lock for mia-logs'
[post-receive] Acquired lock for mia-logs
+ '[' '!' -d /data/mia-logs/.git ']'
+ echo '[post-receive] WORKDIR already exists.'
[post-receive] WORKDIR already exists.
+ cd /data/mia-logs
+ unset GIT_DIR
+ unset GIT_WORK_TREE
+ git checkout mia-logs
Already on 'mia-logs'
Your branch is up to date with 'origin/mia-logs'.
+ git fetch origin
From /data/fcre-data-exp-worktree
   c8fe18c..a88c30c  mia-logs   -> origin/mia-logs
+ git reset --hard origin/mia-logs
HEAD is now at a88c30c Sun 2025-10-05 10:16:36 EST
+ git push github mia-logs
To github.com:FLARE-forecast/FCRE-data.git
   4b4d576..a88c30c  mia-logs -> mia-logs
+ echo '[post-receive] Sync complete for mia-logs.'
[post-receive] Sync complete for mia-logs.
+ exec
+ read oldrev newrev refname
+ WORKDIR_BASE=/data
+ echo '[post-receive] Starting sync task...'
[post-receive] Starting sync task...
+ read oldrev newrev refname
+ [[ refs/heads/mia-logs =~ ^refs/heads/ ]]
+ branch=mia-logs
+ echo '[post-receive] Processing branch: mia-logs'
[post-receive] Processing branch: mia-logs
+ WORKDIR=/data/mia-logs
+ LOCKFILE=/tmp/git-post-receive-mia-logs.lock
+ exec
+ flock -x 9
+ echo '[post-receive] Acquired lock for mia-logs'
[post-receive] Acquired lock for mia-logs
+ '[' '!' -d /data/mia-logs/.git ']'
+ echo '[post-receive] WORKDIR already exists.'
[post-receive] WORKDIR already exists.
+ cd /data/mia-logs
+ unset GIT_DIR
+ unset GIT_WORK_TREE
+ git checkout mia-logs
Already on 'mia-logs'
Your branch is up to date with 'origin/mia-logs'.
+ git fetch origin
From /data/fcre-data-exp-worktree
   a88c30c..902e9a3  mia-logs   -> origin/mia-logs
+ git reset --hard origin/mia-logs
HEAD is now at 902e9a3 Sun 2025-10-05 12:16:52 EST
+ git push github mia-logs
To github.com:FLARE-forecast/FCRE-data.git
   a88c30c..902e9a3  mia-logs -> mia-logs
+ echo '[post-receive] Sync complete for mia-logs.'
[post-receive] Sync complete for mia-logs.
+ exec
+ read oldrev newrev refname
+ WORKDIR_BASE=/data
+ echo '[post-receive] Starting sync task...'
[post-receive] Starting sync task...
+ read oldrev newrev refname
+ [[ refs/heads/mia-logs =~ ^refs/heads/ ]]
+ branch=mia-logs
+ echo '[post-receive] Processing branch: mia-logs'
[post-receive] Processing branch: mia-logs
+ WORKDIR=/data/mia-logs
+ LOCKFILE=/tmp/git-post-receive-mia-logs.lock
+ exec
+ flock -x 9
+ echo '[post-receive] Acquired lock for mia-logs'
[post-receive] Acquired lock for mia-logs
+ '[' '!' -d /data/mia-logs/.git ']'
+ echo '[post-receive] WORKDIR already exists.'
[post-receive] WORKDIR already exists.
+ cd /data/mia-logs
+ unset GIT_DIR
+ unset GIT_WORK_TREE
+ git checkout mia-logs
Already on 'mia-logs'
Your branch is up to date with 'origin/mia-logs'.
+ git fetch origin
From /data/fcre-data-exp-worktree
   902e9a3..4474d6f  mia-logs   -> origin/mia-logs
+ git reset --hard origin/mia-logs
HEAD is now at 4474d6f Tue 2025-10-07 10:13:07 EST
+ git push github mia-logs
+ WORKDIR_BASE=/data
+ echo '[post-receive] Starting sync task...'
[post-receive] Starting sync task...
+ read oldrev newrev refname
+ [[ refs/heads/fcre-weir-data =~ ^refs/heads/ ]]
+ branch=fcre-weir-data
+ echo '[post-receive] Processing branch: fcre-weir-data'
[post-receive] Processing branch: fcre-weir-data
+ WORKDIR=/data/fcre-weir-data
+ LOCKFILE=/tmp/git-post-receive-fcre-weir-data.lock
+ exec
+ flock -x 9
+ echo '[post-receive] Acquired lock for fcre-weir-data'
[post-receive] Acquired lock for fcre-weir-data
+ '[' '!' -d /data/fcre-weir-data/.git ']'
+ echo '[post-receive] WORKDIR already exists.'
[post-receive] WORKDIR already exists.
+ cd /data/fcre-weir-data
+ unset GIT_DIR
+ unset GIT_WORK_TREE
+ git checkout fcre-weir-data
Already on 'fcre-weir-data'
Your branch is up to date with 'origin/fcre-weir-data'.
+ git fetch origin
From /data/fcre-data-exp-worktree
   a6af37c..bbb01d3  fcre-weir-data -> origin/fcre-weir-data
   4b4d576..4474d6f  mia-logs       -> origin/mia-logs
+ git reset --hard origin/fcre-weir-data
HEAD is now at bbb01d3 Fri 2025-10-10 00:19:50 EST
+ git push github fcre-weir-data
ssh: connect to host github.com port 22: Connection timed out
fatal: Could not read from remote repository.

Please make sure you have the correct access rights
and the repository exists.
ssh: connect to host github.com port 22: Connection timed out
fatal: Could not read from remote repository.

Please make sure you have the correct access rights
and the repository exists.
+ WORKDIR_BASE=/data
+ echo '[post-receive] Starting sync task...'
[post-receive] Starting sync task...
+ read oldrev newrev refname
+ [[ refs/heads/mia-logs =~ ^refs/heads/ ]]
+ branch=mia-logs
+ echo '[post-receive] Processing branch: mia-logs'
[post-receive] Processing branch: mia-logs
+ WORKDIR=/data/mia-logs
+ LOCKFILE=/tmp/git-post-receive-mia-logs.lock
+ exec
+ flock -x 9
+ echo '[post-receive] Acquired lock for mia-logs'
[post-receive] Acquired lock for mia-logs
+ '[' '!' -d /data/mia-logs/.git ']'
+ echo '[post-receive] WORKDIR already exists.'
[post-receive] WORKDIR already exists.
+ cd /data/mia-logs
+ unset GIT_DIR
+ unset GIT_WORK_TREE
+ git checkout mia-logs
Already on 'mia-logs'
Your branch is up to date with 'origin/mia-logs'.
+ git fetch origin
From /data/fcre-data-exp-worktree
   4474d6f..c7ee52b  mia-logs       -> origin/mia-logs
   a6af37c..bbb01d3  fcre-weir-data -> origin/fcre-weir-data
+ git reset --hard origin/mia-logs
HEAD is now at c7ee52b Tue 2025-10-07 14:26:06 EST
+ git push github mia-logs
+ WORKDIR_BASE=/data
+ echo '[post-receive] Starting sync task...'
[post-receive] Starting sync task...
+ read oldrev newrev refname
+ [[ refs/heads/mia-logs =~ ^refs/heads/ ]]
+ branch=mia-logs
+ echo '[post-receive] Processing branch: mia-logs'
[post-receive] Processing branch: mia-logs
+ WORKDIR=/data/mia-logs
+ LOCKFILE=/tmp/git-post-receive-mia-logs.lock
+ exec
+ flock -x 9
client_loop: send disconnect: Broken pipe
send-pack: unexpected disconnect while reading sideband packet
fatal: the remote end hung up unexpectedly
+ echo '[post-receive] Acquired lock for mia-logs'
[post-receive] Acquired lock for mia-logs
+ '[' '!' -d /data/mia-logs/.git ']'
+ echo '[post-receive] WORKDIR already exists.'
[post-receive] WORKDIR already exists.
+ cd /data/mia-logs
+ unset GIT_DIR
+ unset GIT_WORK_TREE
+ git checkout mia-logs
Already on 'mia-logs'
Your branch is up to date with 'origin/mia-logs'.
+ git fetch origin
From /data/fcre-data-exp-worktree
   c7ee52b..178d607  mia-logs   -> origin/mia-logs
+ git reset --hard origin/mia-logs
HEAD is now at 178d607 Tue 2025-10-07 14:32:20 EST
+ git push github mia-logs
To github.com:FLARE-forecast/FCRE-data.git
   c7ee52b..178d607  mia-logs -> mia-logs
+ echo '[post-receive] Sync complete for mia-logs.'
[post-receive] Sync complete for mia-logs.
+ exec
+ read oldrev newrev refname
+ WORKDIR_BASE=/data
+ echo '[post-receive] Starting sync task...'
[post-receive] Starting sync task...
+ read oldrev newrev refname
+ [[ refs/heads/mia-logs =~ ^refs/heads/ ]]
+ branch=mia-logs
+ echo '[post-receive] Processing branch: mia-logs'
[post-receive] Processing branch: mia-logs
+ WORKDIR=/data/mia-logs
+ LOCKFILE=/tmp/git-post-receive-mia-logs.lock
+ exec
+ flock -x 9
+ echo '[post-receive] Acquired lock for mia-logs'
[post-receive] Acquired lock for mia-logs
+ '[' '!' -d /data/mia-logs/.git ']'
+ echo '[post-receive] WORKDIR already exists.'
[post-receive] WORKDIR already exists.
+ cd /data/mia-logs
+ unset GIT_DIR
+ unset GIT_WORK_TREE
+ git checkout mia-logs
Already on 'mia-logs'
Your branch is up to date with 'origin/mia-logs'.
+ git fetch origin
From /data/fcre-data-exp-worktree
   178d607..65b97d8  mia-logs   -> origin/mia-logs
+ git reset --hard origin/mia-logs
HEAD is now at 65b97d8 Tue 2025-10-07 20:13:38 EST
+ git push github mia-logs
ssh: Could not resolve hostname github.com: Temporary failure in name resolution
fatal: Could not read from remote repository.

Please make sure you have the correct access rights
and the repository exists.
+ WORKDIR_BASE=/data
+ echo '[post-receive] Starting sync task...'
[post-receive] Starting sync task...
+ read oldrev newrev refname
+ [[ refs/heads/mia-logs =~ ^refs/heads/ ]]
+ branch=mia-logs
+ echo '[post-receive] Processing branch: mia-logs'
[post-receive] Processing branch: mia-logs
+ WORKDIR=/data/mia-logs
+ LOCKFILE=/tmp/git-post-receive-mia-logs.lock
+ exec
+ flock -x 9
+ echo '[post-receive] Acquired lock for mia-logs'
[post-receive] Acquired lock for mia-logs
+ '[' '!' -d /data/mia-logs/.git ']'
+ echo '[post-receive] WORKDIR already exists.'
[post-receive] WORKDIR already exists.
+ cd /data/mia-logs
+ unset GIT_DIR
+ unset GIT_WORK_TREE
+ git checkout mia-logs
Already on 'mia-logs'
Your branch is up to date with 'origin/mia-logs'.
+ git fetch origin
From /data/fcre-data-exp-worktree
   65b97d8..621ad90  mia-logs   -> origin/mia-logs
+ git reset --hard origin/mia-logs
HEAD is now at 621ad90 Tue 2025-10-07 20:30:02 EST
+ git push github mia-logs
To github.com:FLARE-forecast/FCRE-data.git
   178d607..621ad90  mia-logs -> mia-logs
+ echo '[post-receive] Sync complete for mia-logs.'
[post-receive] Sync complete for mia-logs.
+ exec
+ read oldrev newrev refname
+ WORKDIR_BASE=/data
+ echo '[post-receive] Starting sync task...'
[post-receive] Starting sync task...
+ read oldrev newrev refname
+ [[ refs/heads/fcre-weir-data =~ ^refs/heads/ ]]
+ branch=fcre-weir-data
+ echo '[post-receive] Processing branch: fcre-weir-data'
[post-receive] Processing branch: fcre-weir-data
+ WORKDIR=/data/fcre-weir-data
+ LOCKFILE=/tmp/git-post-receive-fcre-weir-data.lock
+ exec
+ flock -x 9
+ echo '[post-receive] Acquired lock for fcre-weir-data'
[post-receive] Acquired lock for fcre-weir-data
+ '[' '!' -d /data/fcre-weir-data/.git ']'
+ echo '[post-receive] WORKDIR already exists.'
[post-receive] WORKDIR already exists.
+ cd /data/fcre-weir-data
+ unset GIT_DIR
+ unset GIT_WORK_TREE
+ git checkout fcre-weir-data
Already on 'fcre-weir-data'
Your branch is up to date with 'origin/fcre-weir-data'.
+ git fetch origin
From /data/fcre-data-exp-worktree
   bbb01d3..ae93c98  fcre-weir-data -> origin/fcre-weir-data
   4474d6f..621ad90  mia-logs       -> origin/mia-logs
+ git reset --hard origin/fcre-weir-data
HEAD is now at ae93c98 Fri 2025-10-10 06:04:52 EST
+ git push github fcre-weir-data
To github.com:FLARE-forecast/FCRE-data.git
   d0f579a..ae93c98  fcre-weir-data -> fcre-weir-data
+ echo '[post-receive] Sync complete for fcre-weir-data.'
[post-receive] Sync complete for fcre-weir-data.
+ exec
+ read oldrev newrev refname
+ WORKDIR_BASE=/data
+ echo '[post-receive] Starting sync task...'
[post-receive] Starting sync task...
+ read oldrev newrev refname
+ [[ refs/heads/fcre-weir-data =~ ^refs/heads/ ]]
+ branch=fcre-weir-data
+ echo '[post-receive] Processing branch: fcre-weir-data'
[post-receive] Processing branch: fcre-weir-data
+ WORKDIR=/data/fcre-weir-data
+ LOCKFILE=/tmp/git-post-receive-fcre-weir-data.lock
+ exec
+ flock -x 9
+ echo '[post-receive] Acquired lock for fcre-weir-data'
[post-receive] Acquired lock for fcre-weir-data
+ '[' '!' -d /data/fcre-weir-data/.git ']'
+ echo '[post-receive] WORKDIR already exists.'
[post-receive] WORKDIR already exists.
+ cd /data/fcre-weir-data
+ unset GIT_DIR
+ unset GIT_WORK_TREE
+ git checkout fcre-weir-data
Already on 'fcre-weir-data'
Your branch is up to date with 'origin/fcre-weir-data'.
+ git fetch origin
From /data/fcre-data-exp-worktree
   ae93c98..57ff773  fcre-weir-data -> origin/fcre-weir-data
+ git reset --hard origin/fcre-weir-data
HEAD is now at 57ff773 Fri 2025-10-10 10:09:50 EST
+ git push github fcre-weir-data
To github.com:FLARE-forecast/FCRE-data.git
   ae93c98..57ff773  fcre-weir-data -> fcre-weir-data
+ echo '[post-receive] Sync complete for fcre-weir-data.'
[post-receive] Sync complete for fcre-weir-data.
+ exec
+ read oldrev newrev refname
+ WORKDIR_BASE=/data
+ echo '[post-receive] Starting sync task...'
[post-receive] Starting sync task...
+ read oldrev newrev refname
+ [[ refs/heads/mia-logs =~ ^refs/heads/ ]]
+ branch=mia-logs
+ echo '[post-receive] Processing branch: mia-logs'
[post-receive] Processing branch: mia-logs
+ WORKDIR=/data/mia-logs
+ LOCKFILE=/tmp/git-post-receive-mia-logs.lock
+ exec
+ flock -x 9
+ echo '[post-receive] Acquired lock for mia-logs'
[post-receive] Acquired lock for mia-logs
+ '[' '!' -d /data/mia-logs/.git ']'
+ echo '[post-receive] WORKDIR already exists.'
[post-receive] WORKDIR already exists.
+ cd /data/mia-logs
+ unset GIT_DIR
+ unset GIT_WORK_TREE
+ git checkout mia-logs
Already on 'mia-logs'
Your branch is up to date with 'origin/mia-logs'.
+ git fetch origin
From /data/fcre-data-exp-worktree
   621ad90..40670f7  mia-logs       -> origin/mia-logs
   bbb01d3..57ff773  fcre-weir-data -> origin/fcre-weir-data
+ git reset --hard origin/mia-logs
HEAD is now at 40670f7 Wed 2025-10-08 00:19:58 EST
+ git push github mia-logs
To github.com:FLARE-forecast/FCRE-data.git
   621ad90..40670f7  mia-logs -> mia-logs
+ echo '[post-receive] Sync complete for mia-logs.'
[post-receive] Sync complete for mia-logs.
+ exec
+ read oldrev newrev refname
+ WORKDIR_BASE=/data
+ echo '[post-receive] Starting sync task...'
[post-receive] Starting sync task...
+ read oldrev newrev refname
+ [[ refs/heads/mia-logs =~ ^refs/heads/ ]]
+ branch=mia-logs
+ echo '[post-receive] Processing branch: mia-logs'
[post-receive] Processing branch: mia-logs
+ WORKDIR=/data/mia-logs
+ LOCKFILE=/tmp/git-post-receive-mia-logs.lock
+ exec
+ flock -x 9
+ echo '[post-receive] Acquired lock for mia-logs'
[post-receive] Acquired lock for mia-logs
+ '[' '!' -d /data/mia-logs/.git ']'
+ echo '[post-receive] WORKDIR already exists.'
[post-receive] WORKDIR already exists.
+ cd /data/mia-logs
+ unset GIT_DIR
+ unset GIT_WORK_TREE
+ git checkout mia-logs
Already on 'mia-logs'
Your branch is up to date with 'origin/mia-logs'.
+ git fetch origin
From /data/fcre-data-exp-worktree
   40670f7..6727727  mia-logs   -> origin/mia-logs
+ git reset --hard origin/mia-logs
HEAD is now at 6727727 Wed 2025-10-08 06:10:11 EST
+ git push github mia-logs
To github.com:FLARE-forecast/FCRE-data.git
   40670f7..6727727  mia-logs -> mia-logs
+ echo '[post-receive] Sync complete for mia-logs.'
[post-receive] Sync complete for mia-logs.
+ exec
+ read oldrev newrev refname
+ WORKDIR_BASE=/data
+ echo '[post-receive] Starting sync task...'
[post-receive] Starting sync task...
+ read oldrev newrev refname
+ [[ refs/heads/mia-logs =~ ^refs/heads/ ]]
+ branch=mia-logs
+ echo '[post-receive] Processing branch: mia-logs'
[post-receive] Processing branch: mia-logs
+ WORKDIR=/data/mia-logs
+ LOCKFILE=/tmp/git-post-receive-mia-logs.lock
+ exec
+ flock -x 9
+ echo '[post-receive] Acquired lock for mia-logs'
[post-receive] Acquired lock for mia-logs
+ '[' '!' -d /data/mia-logs/.git ']'
+ echo '[post-receive] WORKDIR already exists.'
[post-receive] WORKDIR already exists.
+ cd /data/mia-logs
+ unset GIT_DIR
+ unset GIT_WORK_TREE
+ git checkout mia-logs
Already on 'mia-logs'
Your branch is up to date with 'origin/mia-logs'.
+ git fetch origin
From /data/fcre-data-exp-worktree
   6727727..83c0916  mia-logs   -> origin/mia-logs
+ git reset --hard origin/mia-logs
HEAD is now at 83c0916 Wed 2025-10-08 20:19:45 EST
+ git push github mia-logs
To github.com:FLARE-forecast/FCRE-data.git
   6727727..83c0916  mia-logs -> mia-logs
+ echo '[post-receive] Sync complete for mia-logs.'
[post-receive] Sync complete for mia-logs.
+ exec
+ read oldrev newrev refname
+ WORKDIR_BASE=/data
+ echo '[post-receive] Starting sync task...'
[post-receive] Starting sync task...
+ read oldrev newrev refname
+ [[ refs/heads/mia-logs =~ ^refs/heads/ ]]
+ branch=mia-logs
+ echo '[post-receive] Processing branch: mia-logs'
[post-receive] Processing branch: mia-logs
+ WORKDIR=/data/mia-logs
+ LOCKFILE=/tmp/git-post-receive-mia-logs.lock
+ exec
+ flock -x 9
+ echo '[post-receive] Acquired lock for mia-logs'
[post-receive] Acquired lock for mia-logs
+ '[' '!' -d /data/mia-logs/.git ']'
+ echo '[post-receive] WORKDIR already exists.'
[post-receive] WORKDIR already exists.
+ cd /data/mia-logs
+ unset GIT_DIR
+ unset GIT_WORK_TREE
+ git checkout mia-logs
Already on 'mia-logs'
Your branch is up to date with 'origin/mia-logs'.
+ git fetch origin
From /data/fcre-data-exp-worktree
   83c0916..e8e93c5  mia-logs   -> origin/mia-logs
+ git reset --hard origin/mia-logs
HEAD is now at e8e93c5 Wed 2025-10-08 20:36:55 EST
+ git push github mia-logs
To github.com:FLARE-forecast/FCRE-data.git
   83c0916..e8e93c5  mia-logs -> mia-logs
+ echo '[post-receive] Sync complete for mia-logs.'
[post-receive] Sync complete for mia-logs.
+ exec
+ read oldrev newrev refname
+ WORKDIR_BASE=/data
+ echo '[post-receive] Starting sync task...'
[post-receive] Starting sync task...
+ read oldrev newrev refname
+ [[ refs/heads/mia-logs =~ ^refs/heads/ ]]
+ branch=mia-logs
+ echo '[post-receive] Processing branch: mia-logs'
[post-receive] Processing branch: mia-logs
+ WORKDIR=/data/mia-logs
+ LOCKFILE=/tmp/git-post-receive-mia-logs.lock
+ exec
+ flock -x 9
+ echo '[post-receive] Acquired lock for mia-logs'
[post-receive] Acquired lock for mia-logs
+ '[' '!' -d /data/mia-logs/.git ']'
+ echo '[post-receive] WORKDIR already exists.'
[post-receive] WORKDIR already exists.
+ cd /data/mia-logs
+ unset GIT_DIR
+ unset GIT_WORK_TREE
+ git checkout mia-logs
Already on 'mia-logs'
Your branch is up to date with 'origin/mia-logs'.
+ git fetch origin
From /data/fcre-data-exp-worktree
   e8e93c5..52e5ea6  mia-logs   -> origin/mia-logs
+ git reset --hard origin/mia-logs
HEAD is now at 52e5ea6 Thu 2025-10-09 00:20:43 EST
+ git push github mia-logs
To github.com:FLARE-forecast/FCRE-data.git
   e8e93c5..52e5ea6  mia-logs -> mia-logs
+ echo '[post-receive] Sync complete for mia-logs.'
[post-receive] Sync complete for mia-logs.
+ exec
+ read oldrev newrev refname
+ WORKDIR_BASE=/data
+ echo '[post-receive] Starting sync task...'
[post-receive] Starting sync task...
+ read oldrev newrev refname
+ [[ refs/heads/mia-logs =~ ^refs/heads/ ]]
+ branch=mia-logs
+ echo '[post-receive] Processing branch: mia-logs'
[post-receive] Processing branch: mia-logs
+ WORKDIR=/data/mia-logs
+ LOCKFILE=/tmp/git-post-receive-mia-logs.lock
+ exec
+ flock -x 9
+ echo '[post-receive] Acquired lock for mia-logs'
[post-receive] Acquired lock for mia-logs
+ '[' '!' -d /data/mia-logs/.git ']'
+ echo '[post-receive] WORKDIR already exists.'
[post-receive] WORKDIR already exists.
+ cd /data/mia-logs
+ unset GIT_DIR
+ unset GIT_WORK_TREE
+ git checkout mia-logs
Already on 'mia-logs'
Your branch is up to date with 'origin/mia-logs'.
+ git fetch origin
From /data/fcre-data-exp-worktree
   52e5ea6..eee0898  mia-logs   -> origin/mia-logs
+ git reset --hard origin/mia-logs
HEAD is now at eee0898 Thu 2025-10-09 00:39:12 EST
+ git push github mia-logs
To github.com:FLARE-forecast/FCRE-data.git
   52e5ea6..eee0898  mia-logs -> mia-logs
+ echo '[post-receive] Sync complete for mia-logs.'
[post-receive] Sync complete for mia-logs.
+ exec
+ read oldrev newrev refname
+ WORKDIR_BASE=/data
+ echo '[post-receive] Starting sync task...'
[post-receive] Starting sync task...
+ read oldrev newrev refname
+ [[ refs/heads/fcre-weir-data =~ ^refs/heads/ ]]
+ branch=fcre-weir-data
+ echo '[post-receive] Processing branch: fcre-weir-data'
[post-receive] Processing branch: fcre-weir-data
+ WORKDIR=/data/fcre-weir-data
+ LOCKFILE=/tmp/git-post-receive-fcre-weir-data.lock
+ exec
+ flock -x 9
+ echo '[post-receive] Acquired lock for fcre-weir-data'
[post-receive] Acquired lock for fcre-weir-data
+ '[' '!' -d /data/fcre-weir-data/.git ']'
+ echo '[post-receive] WORKDIR already exists.'
[post-receive] WORKDIR already exists.
+ cd /data/fcre-weir-data
+ unset GIT_DIR
+ unset GIT_WORK_TREE
+ git checkout fcre-weir-data
Already on 'fcre-weir-data'
Your branch is up to date with 'origin/fcre-weir-data'.
+ git fetch origin
From /data/fcre-data-exp-worktree
   57ff773..1b139bb  fcre-weir-data -> origin/fcre-weir-data
   621ad90..eee0898  mia-logs       -> origin/mia-logs
+ git reset --hard origin/fcre-weir-data
HEAD is now at 1b139bb Fri 2025-10-10 12:09:50 EST
+ git push github fcre-weir-data
ssh: Could not resolve hostname github.com: Temporary failure in name resolution
fatal: Could not read from remote repository.

Please make sure you have the correct access rights
and the repository exists.
+ WORKDIR_BASE=/data
+ echo '[post-receive] Starting sync task...'
[post-receive] Starting sync task...
+ read oldrev newrev refname
+ [[ refs/heads/mia-logs =~ ^refs/heads/ ]]
+ branch=mia-logs
+ echo '[post-receive] Processing branch: mia-logs'
[post-receive] Processing branch: mia-logs
+ WORKDIR=/data/mia-logs
+ LOCKFILE=/tmp/git-post-receive-mia-logs.lock
+ exec
+ flock -x 9
+ echo '[post-receive] Acquired lock for mia-logs'
[post-receive] Acquired lock for mia-logs
+ '[' '!' -d /data/mia-logs/.git ']'
+ echo '[post-receive] WORKDIR already exists.'
[post-receive] WORKDIR already exists.
+ cd /data/mia-logs
+ unset GIT_DIR
+ unset GIT_WORK_TREE
+ git checkout mia-logs
Already on 'mia-logs'
Your branch is up to date with 'origin/mia-logs'.
+ git fetch origin
From /data/fcre-data-exp-worktree
   eee0898..3748772  mia-logs       -> origin/mia-logs
   57ff773..1b139bb  fcre-weir-data -> origin/fcre-weir-data
+ git reset --hard origin/mia-logs
HEAD is now at 3748772 Thu 2025-10-09 06:20:04 EST
+ git push github mia-logs
To github.com:FLARE-forecast/FCRE-data.git
   eee0898..3748772  mia-logs -> mia-logs
+ echo '[post-receive] Sync complete for mia-logs.'
[post-receive] Sync complete for mia-logs.
+ exec
+ read oldrev newrev refname
+ WORKDIR_BASE=/data
+ echo '[post-receive] Starting sync task...'
[post-receive] Starting sync task...
+ read oldrev newrev refname
+ [[ refs/heads/mia-logs =~ ^refs/heads/ ]]
+ branch=mia-logs
+ echo '[post-receive] Processing branch: mia-logs'
[post-receive] Processing branch: mia-logs
+ WORKDIR=/data/mia-logs
+ LOCKFILE=/tmp/git-post-receive-mia-logs.lock
+ exec
+ flock -x 9
+ echo '[post-receive] Acquired lock for mia-logs'
[post-receive] Acquired lock for mia-logs
+ '[' '!' -d /data/mia-logs/.git ']'
+ echo '[post-receive] WORKDIR already exists.'
[post-receive] WORKDIR already exists.
+ cd /data/mia-logs
+ unset GIT_DIR
+ unset GIT_WORK_TREE
+ git checkout mia-logs
Already on 'mia-logs'
Your branch is up to date with 'origin/mia-logs'.
+ git fetch origin
From /data/fcre-data-exp-worktree
   3748772..58b4cb0  mia-logs   -> origin/mia-logs
+ git reset --hard origin/mia-logs
HEAD is now at 58b4cb0 Thu 2025-10-09 10:27:29 EST
+ git push github mia-logs
To github.com:FLARE-forecast/FCRE-data.git
   3748772..58b4cb0  mia-logs -> mia-logs
+ echo '[post-receive] Sync complete for mia-logs.'
[post-receive] Sync complete for mia-logs.
+ exec
+ read oldrev newrev refname
+ WORKDIR_BASE=/data
+ echo '[post-receive] Starting sync task...'
[post-receive] Starting sync task...
+ read oldrev newrev refname
+ [[ refs/heads/mia-logs =~ ^refs/heads/ ]]
+ branch=mia-logs
+ echo '[post-receive] Processing branch: mia-logs'
[post-receive] Processing branch: mia-logs
+ WORKDIR=/data/mia-logs
+ LOCKFILE=/tmp/git-post-receive-mia-logs.lock
+ exec
+ flock -x 9
+ echo '[post-receive] Acquired lock for mia-logs'
[post-receive] Acquired lock for mia-logs
+ '[' '!' -d /data/mia-logs/.git ']'
+ echo '[post-receive] WORKDIR already exists.'
[post-receive] WORKDIR already exists.
+ cd /data/mia-logs
+ unset GIT_DIR
+ unset GIT_WORK_TREE
+ git checkout mia-logs
Already on 'mia-logs'
Your branch is up to date with 'origin/mia-logs'.
+ git fetch origin
From /data/fcre-data-exp-worktree
   58b4cb0..0057804  mia-logs   -> origin/mia-logs
+ git reset --hard origin/mia-logs
HEAD is now at 0057804 Thu 2025-10-09 12:12:09 EST
+ git push github mia-logs
To github.com:FLARE-forecast/FCRE-data.git
   58b4cb0..0057804  mia-logs -> mia-logs
+ echo '[post-receive] Sync complete for mia-logs.'
[post-receive] Sync complete for mia-logs.
+ exec
+ read oldrev newrev refname
+ WORKDIR_BASE=/data
+ echo '[post-receive] Starting sync task...'
[post-receive] Starting sync task...
+ read oldrev newrev refname
+ [[ refs/heads/mia-logs =~ ^refs/heads/ ]]
+ branch=mia-logs
+ echo '[post-receive] Processing branch: mia-logs'
[post-receive] Processing branch: mia-logs
+ WORKDIR=/data/mia-logs
+ LOCKFILE=/tmp/git-post-receive-mia-logs.lock
+ exec
+ flock -x 9
+ echo '[post-receive] Acquired lock for mia-logs'
[post-receive] Acquired lock for mia-logs
+ '[' '!' -d /data/mia-logs/.git ']'
+ echo '[post-receive] WORKDIR already exists.'
[post-receive] WORKDIR already exists.
+ cd /data/mia-logs
+ unset GIT_DIR
+ unset GIT_WORK_TREE
+ git checkout mia-logs
Already on 'mia-logs'
Your branch is up to date with 'origin/mia-logs'.
+ git fetch origin
From /data/fcre-data-exp-worktree
   0057804..dec71f8  mia-logs   -> origin/mia-logs
+ git reset --hard origin/mia-logs
HEAD is now at dec71f8 Thu 2025-10-09 14:24:36 EST
+ git push github mia-logs
To github.com:FLARE-forecast/FCRE-data.git
   0057804..dec71f8  mia-logs -> mia-logs
+ echo '[post-receive] Sync complete for mia-logs.'
[post-receive] Sync complete for mia-logs.
+ exec
+ read oldrev newrev refname
+ WORKDIR_BASE=/data
+ echo '[post-receive] Starting sync task...'
[post-receive] Starting sync task...
+ read oldrev newrev refname
+ [[ refs/heads/mia-logs =~ ^refs/heads/ ]]
+ branch=mia-logs
+ echo '[post-receive] Processing branch: mia-logs'
[post-receive] Processing branch: mia-logs
+ WORKDIR=/data/mia-logs
+ LOCKFILE=/tmp/git-post-receive-mia-logs.lock
+ exec
+ flock -x 9
+ echo '[post-receive] Acquired lock for mia-logs'
[post-receive] Acquired lock for mia-logs
+ '[' '!' -d /data/mia-logs/.git ']'
+ echo '[post-receive] WORKDIR already exists.'
[post-receive] WORKDIR already exists.
+ cd /data/mia-logs
+ unset GIT_DIR
+ unset GIT_WORK_TREE
+ git checkout mia-logs
Already on 'mia-logs'
Your branch is up to date with 'origin/mia-logs'.
+ git fetch origin
From /data/fcre-data-exp-worktree
   dec71f8..6eaea55  mia-logs   -> origin/mia-logs
+ git reset --hard origin/mia-logs
HEAD is now at 6eaea55 Thu 2025-10-09 14:38:00 EST
+ git push github mia-logs
To github.com:FLARE-forecast/FCRE-data.git
   dec71f8..6eaea55  mia-logs -> mia-logs
+ echo '[post-receive] Sync complete for mia-logs.'
[post-receive] Sync complete for mia-logs.
+ exec
+ read oldrev newrev refname
+ WORKDIR_BASE=/data
+ echo '[post-receive] Starting sync task...'
[post-receive] Starting sync task...
+ read oldrev newrev refname
+ [[ refs/heads/mia-logs =~ ^refs/heads/ ]]
+ branch=mia-logs
+ echo '[post-receive] Processing branch: mia-logs'
[post-receive] Processing branch: mia-logs
+ WORKDIR=/data/mia-logs
+ LOCKFILE=/tmp/git-post-receive-mia-logs.lock
+ exec
+ flock -x 9
+ echo '[post-receive] Acquired lock for mia-logs'
[post-receive] Acquired lock for mia-logs
+ '[' '!' -d /data/mia-logs/.git ']'
+ echo '[post-receive] WORKDIR already exists.'
[post-receive] WORKDIR already exists.
+ cd /data/mia-logs
+ unset GIT_DIR
+ unset GIT_WORK_TREE
+ git checkout mia-logs
Already on 'mia-logs'
Your branch is up to date with 'origin/mia-logs'.
+ git fetch origin
From /data/fcre-data-exp-worktree
   6eaea55..60245c2  mia-logs   -> origin/mia-logs
+ git reset --hard origin/mia-logs
HEAD is now at 60245c2 Thu 2025-10-09 20:30:02 EST
+ git push github mia-logs
To github.com:FLARE-forecast/FCRE-data.git
   6eaea55..60245c2  mia-logs -> mia-logs
+ echo '[post-receive] Sync complete for mia-logs.'
[post-receive] Sync complete for mia-logs.
+ exec
+ read oldrev newrev refname
+ WORKDIR_BASE=/data
+ echo '[post-receive] Starting sync task...'
[post-receive] Starting sync task...
+ read oldrev newrev refname
+ [[ refs/heads/mia-logs =~ ^refs/heads/ ]]
+ branch=mia-logs
+ echo '[post-receive] Processing branch: mia-logs'
[post-receive] Processing branch: mia-logs
+ WORKDIR=/data/mia-logs
+ LOCKFILE=/tmp/git-post-receive-mia-logs.lock
+ exec
+ flock -x 9
+ echo '[post-receive] Acquired lock for mia-logs'
[post-receive] Acquired lock for mia-logs
+ '[' '!' -d /data/mia-logs/.git ']'
+ echo '[post-receive] WORKDIR already exists.'
[post-receive] WORKDIR already exists.
+ cd /data/mia-logs
+ unset GIT_DIR
+ unset GIT_WORK_TREE
+ git checkout mia-logs
Already on 'mia-logs'
Your branch is up to date with 'origin/mia-logs'.
+ git fetch origin
From /data/fcre-data-exp-worktree
   60245c2..d73a0c4  mia-logs   -> origin/mia-logs
+ git reset --hard origin/mia-logs
HEAD is now at d73a0c4 Fri 2025-10-10 00:20:00 EST
+ git push github mia-logs
To github.com:FLARE-forecast/FCRE-data.git
   60245c2..d73a0c4  mia-logs -> mia-logs
+ echo '[post-receive] Sync complete for mia-logs.'
[post-receive] Sync complete for mia-logs.
+ exec
+ read oldrev newrev refname
+ WORKDIR_BASE=/data
+ echo '[post-receive] Starting sync task...'
[post-receive] Starting sync task...
+ read oldrev newrev refname
+ [[ refs/heads/mia-logs =~ ^refs/heads/ ]]
+ branch=mia-logs
+ echo '[post-receive] Processing branch: mia-logs'
[post-receive] Processing branch: mia-logs
+ WORKDIR=/data/mia-logs
+ LOCKFILE=/tmp/git-post-receive-mia-logs.lock
+ exec
+ flock -x 9
+ echo '[post-receive] Acquired lock for mia-logs'
[post-receive] Acquired lock for mia-logs
+ '[' '!' -d /data/mia-logs/.git ']'
+ echo '[post-receive] WORKDIR already exists.'
[post-receive] WORKDIR already exists.
+ cd /data/mia-logs
+ unset GIT_DIR
+ unset GIT_WORK_TREE
+ git checkout mia-logs
Already on 'mia-logs'
Your branch is up to date with 'origin/mia-logs'.
+ git fetch origin
From /data/fcre-data-exp-worktree
   d73a0c4..2efc2ab  mia-logs   -> origin/mia-logs
+ git reset --hard origin/mia-logs
HEAD is now at 2efc2ab Fri 2025-10-10 00:35:27 EST
+ git push github mia-logs
To github.com:FLARE-forecast/FCRE-data.git
   d73a0c4..2efc2ab  mia-logs -> mia-logs
+ echo '[post-receive] Sync complete for mia-logs.'
[post-receive] Sync complete for mia-logs.
+ exec
+ read oldrev newrev refname
+ WORKDIR_BASE=/data
+ echo '[post-receive] Starting sync task...'
[post-receive] Starting sync task...
+ read oldrev newrev refname
+ [[ refs/heads/mia-logs =~ ^refs/heads/ ]]
+ branch=mia-logs
+ echo '[post-receive] Processing branch: mia-logs'
[post-receive] Processing branch: mia-logs
+ WORKDIR=/data/mia-logs
+ LOCKFILE=/tmp/git-post-receive-mia-logs.lock
+ exec
+ flock -x 9
+ echo '[post-receive] Acquired lock for mia-logs'
[post-receive] Acquired lock for mia-logs
+ '[' '!' -d /data/mia-logs/.git ']'
+ echo '[post-receive] WORKDIR already exists.'
[post-receive] WORKDIR already exists.
+ cd /data/mia-logs
+ unset GIT_DIR
+ unset GIT_WORK_TREE
+ git checkout mia-logs
Already on 'mia-logs'
Your branch is up to date with 'origin/mia-logs'.
+ git fetch origin
From /data/fcre-data-exp-worktree
   2efc2ab..82b5205  mia-logs   -> origin/mia-logs
+ git reset --hard origin/mia-logs
HEAD is now at 82b5205 Fri 2025-10-10 06:07:12 EST
+ git push github mia-logs
To github.com:FLARE-forecast/FCRE-data.git
   2efc2ab..82b5205  mia-logs -> mia-logs
+ echo '[post-receive] Sync complete for mia-logs.'
[post-receive] Sync complete for mia-logs.
+ exec
+ read oldrev newrev refname
+ WORKDIR_BASE=/data
+ echo '[post-receive] Starting sync task...'
[post-receive] Starting sync task...
+ read oldrev newrev refname
+ [[ refs/heads/mia-logs =~ ^refs/heads/ ]]
+ branch=mia-logs
+ echo '[post-receive] Processing branch: mia-logs'
[post-receive] Processing branch: mia-logs
+ WORKDIR=/data/mia-logs
+ LOCKFILE=/tmp/git-post-receive-mia-logs.lock
+ exec
+ flock -x 9
+ echo '[post-receive] Acquired lock for mia-logs'
[post-receive] Acquired lock for mia-logs
+ '[' '!' -d /data/mia-logs/.git ']'
+ echo '[post-receive] WORKDIR already exists.'
[post-receive] WORKDIR already exists.
+ cd /data/mia-logs
+ unset GIT_DIR
+ unset GIT_WORK_TREE
+ git checkout mia-logs
Already on 'mia-logs'
Your branch is up to date with 'origin/mia-logs'.
+ git fetch origin
From /data/fcre-data-exp-worktree
   82b5205..2610c49  mia-logs   -> origin/mia-logs
+ git reset --hard origin/mia-logs
HEAD is now at 2610c49 Fri 2025-10-10 10:14:55 EST
+ git push github mia-logs
To github.com:FLARE-forecast/FCRE-data.git
   82b5205..2610c49  mia-logs -> mia-logs
+ echo '[post-receive] Sync complete for mia-logs.'
[post-receive] Sync complete for mia-logs.
+ exec
+ read oldrev newrev refname
+ WORKDIR_BASE=/data
+ echo '[post-receive] Starting sync task...'
[post-receive] Starting sync task...
+ read oldrev newrev refname
+ [[ refs/heads/fcre-weir-data =~ ^refs/heads/ ]]
+ branch=fcre-weir-data
+ echo '[post-receive] Processing branch: fcre-weir-data'
[post-receive] Processing branch: fcre-weir-data
+ WORKDIR=/data/fcre-weir-data
+ LOCKFILE=/tmp/git-post-receive-fcre-weir-data.lock
+ exec
+ flock -x 9
+ echo '[post-receive] Acquired lock for fcre-weir-data'
[post-receive] Acquired lock for fcre-weir-data
+ '[' '!' -d /data/fcre-weir-data/.git ']'
+ echo '[post-receive] WORKDIR already exists.'
[post-receive] WORKDIR already exists.
+ cd /data/fcre-weir-data
+ unset GIT_DIR
+ unset GIT_WORK_TREE
+ git checkout fcre-weir-data
Already on 'fcre-weir-data'
Your branch is up to date with 'origin/fcre-weir-data'.
+ git fetch origin
From /data/fcre-data-exp-worktree
   1b139bb..981672f  fcre-weir-data -> origin/fcre-weir-data
   eee0898..2610c49  mia-logs       -> origin/mia-logs
+ git reset --hard origin/fcre-weir-data
HEAD is now at 981672f Fri 2025-10-10 14:19:51 EST
+ git push github fcre-weir-data
To github.com:FLARE-forecast/FCRE-data.git
   57ff773..981672f  fcre-weir-data -> fcre-weir-data
+ echo '[post-receive] Sync complete for fcre-weir-data.'
[post-receive] Sync complete for fcre-weir-data.
+ exec
+ read oldrev newrev refname
+ WORKDIR_BASE=/data
+ echo '[post-receive] Starting sync task...'
[post-receive] Starting sync task...
+ read oldrev newrev refname
+ [[ refs/heads/mia-logs =~ ^refs/heads/ ]]
+ branch=mia-logs
+ echo '[post-receive] Processing branch: mia-logs'
[post-receive] Processing branch: mia-logs
+ WORKDIR=/data/mia-logs
+ LOCKFILE=/tmp/git-post-receive-mia-logs.lock
+ exec
+ flock -x 9
+ echo '[post-receive] Acquired lock for mia-logs'
[post-receive] Acquired lock for mia-logs
+ '[' '!' -d /data/mia-logs/.git ']'
+ echo '[post-receive] WORKDIR already exists.'
[post-receive] WORKDIR already exists.
+ cd /data/mia-logs
+ unset GIT_DIR
+ unset GIT_WORK_TREE
+ git checkout mia-logs
Already on 'mia-logs'
Your branch is up to date with 'origin/mia-logs'.
+ git fetch origin
From /data/fcre-data-exp-worktree
   2610c49..3688035  mia-logs       -> origin/mia-logs
   1b139bb..981672f  fcre-weir-data -> origin/fcre-weir-data
+ git reset --hard origin/mia-logs
HEAD is now at 3688035 Fri 2025-10-10 12:11:59 EST
+ git push github mia-logs
To github.com:FLARE-forecast/FCRE-data.git
   2610c49..3688035  mia-logs -> mia-logs
+ echo '[post-receive] Sync complete for mia-logs.'
[post-receive] Sync complete for mia-logs.
+ exec
+ read oldrev newrev refname
+ WORKDIR_BASE=/data
+ echo '[post-receive] Starting sync task...'
[post-receive] Starting sync task...
+ read oldrev newrev refname
+ [[ refs/heads/mia-logs =~ ^refs/heads/ ]]
+ branch=mia-logs
+ echo '[post-receive] Processing branch: mia-logs'
[post-receive] Processing branch: mia-logs
+ WORKDIR=/data/mia-logs
+ LOCKFILE=/tmp/git-post-receive-mia-logs.lock
+ exec
+ flock -x 9
+ echo '[post-receive] Acquired lock for mia-logs'
[post-receive] Acquired lock for mia-logs
+ '[' '!' -d /data/mia-logs/.git ']'
+ echo '[post-receive] WORKDIR already exists.'
[post-receive] WORKDIR already exists.
+ cd /data/mia-logs
+ unset GIT_DIR
+ unset GIT_WORK_TREE
+ git checkout mia-logs
Already on 'mia-logs'
Your branch is up to date with 'origin/mia-logs'.
+ git fetch origin
From /data/fcre-data-exp-worktree
   3688035..b9c05b1  mia-logs   -> origin/mia-logs
+ git reset --hard origin/mia-logs
HEAD is now at b9c05b1 Fri 2025-10-10 14:22:40 EST
+ git push github mia-logs
To github.com:FLARE-forecast/FCRE-data.git
   3688035..b9c05b1  mia-logs -> mia-logs
+ echo '[post-receive] Sync complete for mia-logs.'
[post-receive] Sync complete for mia-logs.
+ exec
+ read oldrev newrev refname
+ WORKDIR_BASE=/data
+ echo '[post-receive] Starting sync task...'
[post-receive] Starting sync task...
+ read oldrev newrev refname
+ [[ refs/heads/mia-logs =~ ^refs/heads/ ]]
+ branch=mia-logs
+ echo '[post-receive] Processing branch: mia-logs'
[post-receive] Processing branch: mia-logs
+ WORKDIR=/data/mia-logs
+ LOCKFILE=/tmp/git-post-receive-mia-logs.lock
+ exec
+ flock -x 9
+ echo '[post-receive] Acquired lock for mia-logs'
[post-receive] Acquired lock for mia-logs
+ '[' '!' -d /data/mia-logs/.git ']'
+ echo '[post-receive] WORKDIR already exists.'
[post-receive] WORKDIR already exists.
+ cd /data/mia-logs
+ unset GIT_DIR
+ unset GIT_WORK_TREE
+ git checkout mia-logs
Already on 'mia-logs'
Your branch is up to date with 'origin/mia-logs'.
+ git fetch origin
From /data/fcre-data-exp-worktree
   b9c05b1..214f8af  mia-logs   -> origin/mia-logs
+ git reset --hard origin/mia-logs
HEAD is now at 214f8af Fri 2025-10-10 14:28:40 EST
+ git push github mia-logs
To github.com:FLARE-forecast/FCRE-data.git
   b9c05b1..214f8af  mia-logs -> mia-logs
+ echo '[post-receive] Sync complete for mia-logs.'
[post-receive] Sync complete for mia-logs.
+ exec
+ read oldrev newrev refname
+ WORKDIR_BASE=/data
+ echo '[post-receive] Starting sync task...'
[post-receive] Starting sync task...
+ read oldrev newrev refname
+ [[ refs/heads/mia-logs =~ ^refs/heads/ ]]
+ branch=mia-logs
+ echo '[post-receive] Processing branch: mia-logs'
[post-receive] Processing branch: mia-logs
+ WORKDIR=/data/mia-logs
+ LOCKFILE=/tmp/git-post-receive-mia-logs.lock
+ exec
+ flock -x 9
+ echo '[post-receive] Acquired lock for mia-logs'
[post-receive] Acquired lock for mia-logs
+ '[' '!' -d /data/mia-logs/.git ']'
+ echo '[post-receive] WORKDIR already exists.'
[post-receive] WORKDIR already exists.
+ cd /data/mia-logs
+ unset GIT_DIR
+ unset GIT_WORK_TREE
+ git checkout mia-logs
Already on 'mia-logs'
Your branch is up to date with 'origin/mia-logs'.
+ git fetch origin
From /data/fcre-data-exp-worktree
   214f8af..84b9f95  mia-logs   -> origin/mia-logs
+ git reset --hard origin/mia-logs
HEAD is now at 84b9f95 Fri 2025-10-10 14:30:02 EST
+ git push github mia-logs
To github.com:FLARE-forecast/FCRE-data.git
   214f8af..84b9f95  mia-logs -> mia-logs
+ echo '[post-receive] Sync complete for mia-logs.'
[post-receive] Sync complete for mia-logs.
+ exec
+ read oldrev newrev refname
+ WORKDIR_BASE=/data
+ echo '[post-receive] Starting sync task...'
[post-receive] Starting sync task...
+ read oldrev newrev refname
+ [[ refs/heads/mia-logs =~ ^refs/heads/ ]]
+ branch=mia-logs
+ echo '[post-receive] Processing branch: mia-logs'
[post-receive] Processing branch: mia-logs
+ WORKDIR=/data/mia-logs
+ LOCKFILE=/tmp/git-post-receive-mia-logs.lock
+ exec
+ flock -x 9
+ echo '[post-receive] Acquired lock for mia-logs'
[post-receive] Acquired lock for mia-logs
+ '[' '!' -d /data/mia-logs/.git ']'
+ echo '[post-receive] WORKDIR already exists.'
[post-receive] WORKDIR already exists.
+ cd /data/mia-logs
+ unset GIT_DIR
+ unset GIT_WORK_TREE
+ git checkout mia-logs
Already on 'mia-logs'
Your branch is up to date with 'origin/mia-logs'.
+ git fetch origin
From /data/fcre-data-exp-worktree
   84b9f95..e585a7c  mia-logs   -> origin/mia-logs
+ git reset --hard origin/mia-logs
HEAD is now at e585a7c Fri 2025-10-10 14:34:42 EST
+ git push github mia-logs
To github.com:FLARE-forecast/FCRE-data.git
   84b9f95..e585a7c  mia-logs -> mia-logs
+ echo '[post-receive] Sync complete for mia-logs.'
[post-receive] Sync complete for mia-logs.
+ exec
+ read oldrev newrev refname
+ WORKDIR_BASE=/data
+ echo '[post-receive] Starting sync task...'
[post-receive] Starting sync task...
+ read oldrev newrev refname
+ [[ refs/heads/fcre-weir-data =~ ^refs/heads/ ]]
+ branch=fcre-weir-data
+ echo '[post-receive] Processing branch: fcre-weir-data'
[post-receive] Processing branch: fcre-weir-data
+ WORKDIR=/data/fcre-weir-data
+ LOCKFILE=/tmp/git-post-receive-fcre-weir-data.lock
+ exec
+ flock -x 9
+ echo '[post-receive] Acquired lock for fcre-weir-data'
[post-receive] Acquired lock for fcre-weir-data
+ '[' '!' -d /data/fcre-weir-data/.git ']'
+ echo '[post-receive] WORKDIR already exists.'
[post-receive] WORKDIR already exists.
+ cd /data/fcre-weir-data
+ unset GIT_DIR
+ unset GIT_WORK_TREE
+ git checkout fcre-weir-data
Already on 'fcre-weir-data'
Your branch is up to date with 'origin/fcre-weir-data'.
+ git fetch origin
From /data/fcre-data-exp-worktree
   981672f..4499a6a  fcre-weir-data -> origin/fcre-weir-data
   2610c49..e585a7c  mia-logs       -> origin/mia-logs
+ git reset --hard origin/fcre-weir-data
HEAD is now at 4499a6a Fri 2025-10-10 20:09:52 EST
+ git push github fcre-weir-data
To github.com:FLARE-forecast/FCRE-data.git
   981672f..4499a6a  fcre-weir-data -> fcre-weir-data
+ echo '[post-receive] Sync complete for fcre-weir-data.'
[post-receive] Sync complete for fcre-weir-data.
+ exec
+ read oldrev newrev refname
+ WORKDIR_BASE=/data
+ echo '[post-receive] Starting sync task...'
[post-receive] Starting sync task...
+ read oldrev newrev refname
+ [[ refs/heads/mia-logs =~ ^refs/heads/ ]]
+ branch=mia-logs
+ echo '[post-receive] Processing branch: mia-logs'
[post-receive] Processing branch: mia-logs
+ WORKDIR=/data/mia-logs
+ LOCKFILE=/tmp/git-post-receive-mia-logs.lock
+ exec
+ flock -x 9
+ echo '[post-receive] Acquired lock for mia-logs'
[post-receive] Acquired lock for mia-logs
+ '[' '!' -d /data/mia-logs/.git ']'
+ echo '[post-receive] WORKDIR already exists.'
[post-receive] WORKDIR already exists.
+ cd /data/mia-logs
+ unset GIT_DIR
+ unset GIT_WORK_TREE
+ git checkout mia-logs
Already on 'mia-logs'
Your branch is up to date with 'origin/mia-logs'.
+ git fetch origin
From /data/fcre-data-exp-worktree
   e585a7c..f57e9a9  mia-logs       -> origin/mia-logs
   981672f..4499a6a  fcre-weir-data -> origin/fcre-weir-data
+ git reset --hard origin/mia-logs
HEAD is now at f57e9a9 Fri 2025-10-10 20:16:14 EST
+ git push github mia-logs
client_loop: send disconnect: Broken pipe
send-pack: unexpected disconnect while reading sideband packet
fatal: the remote end hung up unexpectedly
+ WORKDIR_BASE=/data
+ echo '[post-receive] Starting sync task...'
[post-receive] Starting sync task...
+ read oldrev newrev refname
+ [[ refs/heads/mia-logs =~ ^refs/heads/ ]]
+ branch=mia-logs
+ echo '[post-receive] Processing branch: mia-logs'
[post-receive] Processing branch: mia-logs
+ WORKDIR=/data/mia-logs
+ LOCKFILE=/tmp/git-post-receive-mia-logs.lock
+ exec
+ flock -x 9
+ echo '[post-receive] Acquired lock for mia-logs'
[post-receive] Acquired lock for mia-logs
+ '[' '!' -d /data/mia-logs/.git ']'
+ echo '[post-receive] WORKDIR already exists.'
[post-receive] WORKDIR already exists.
+ cd /data/mia-logs
+ unset GIT_DIR
+ unset GIT_WORK_TREE
+ git checkout mia-logs
Already on 'mia-logs'
Your branch is up to date with 'origin/mia-logs'.
+ git fetch origin
From /data/fcre-data-exp-worktree
   f57e9a9..ad9da67  mia-logs   -> origin/mia-logs
+ git reset --hard origin/mia-logs
HEAD is now at ad9da67 Fri 2025-10-10 20:30:01 EST
+ git push github mia-logs
To github.com:FLARE-forecast/FCRE-data.git
   e585a7c..ad9da67  mia-logs -> mia-logs
+ echo '[post-receive] Sync complete for mia-logs.'
[post-receive] Sync complete for mia-logs.
+ exec
+ read oldrev newrev refname
+ WORKDIR_BASE=/data
+ echo '[post-receive] Starting sync task...'
[post-receive] Starting sync task...
+ read oldrev newrev refname
+ [[ refs/heads/mia-logs =~ ^refs/heads/ ]]
+ branch=mia-logs
+ echo '[post-receive] Processing branch: mia-logs'
[post-receive] Processing branch: mia-logs
+ WORKDIR=/data/mia-logs
+ LOCKFILE=/tmp/git-post-receive-mia-logs.lock
+ exec
+ flock -x 9
+ echo '[post-receive] Acquired lock for mia-logs'
[post-receive] Acquired lock for mia-logs
+ '[' '!' -d /data/mia-logs/.git ']'
+ echo '[post-receive] WORKDIR already exists.'
[post-receive] WORKDIR already exists.
+ cd /data/mia-logs
+ unset GIT_DIR
+ unset GIT_WORK_TREE
+ git checkout mia-logs
Already on 'mia-logs'
Your branch is up to date with 'origin/mia-logs'.
+ git fetch origin
From /data/fcre-data-exp-worktree
   ad9da67..8e1c296  mia-logs   -> origin/mia-logs
+ git reset --hard origin/mia-logs
HEAD is now at 8e1c296 Fri 2025-10-10 20:36:54 EST
+ git push github mia-logs
To github.com:FLARE-forecast/FCRE-data.git
   ad9da67..8e1c296  mia-logs -> mia-logs
+ echo '[post-receive] Sync complete for mia-logs.'
[post-receive] Sync complete for mia-logs.
+ exec
+ read oldrev newrev refname
+ WORKDIR_BASE=/data
+ echo '[post-receive] Starting sync task...'
[post-receive] Starting sync task...
+ read oldrev newrev refname
+ [[ refs/heads/fcre-weir-data =~ ^refs/heads/ ]]
+ branch=fcre-weir-data
+ echo '[post-receive] Processing branch: fcre-weir-data'
[post-receive] Processing branch: fcre-weir-data
+ WORKDIR=/data/fcre-weir-data
+ LOCKFILE=/tmp/git-post-receive-fcre-weir-data.lock
+ exec
+ flock -x 9
+ echo '[post-receive] Acquired lock for fcre-weir-data'
[post-receive] Acquired lock for fcre-weir-data
+ '[' '!' -d /data/fcre-weir-data/.git ']'
+ echo '[post-receive] WORKDIR already exists.'
[post-receive] WORKDIR already exists.
+ cd /data/fcre-weir-data
+ unset GIT_DIR
+ unset GIT_WORK_TREE
+ git checkout fcre-weir-data
Already on 'fcre-weir-data'
Your branch is up to date with 'origin/fcre-weir-data'.
+ git fetch origin
From /data/fcre-data-exp-worktree
   4499a6a..9feba7a  fcre-weir-data -> origin/fcre-weir-data
   e585a7c..8e1c296  mia-logs       -> origin/mia-logs
+ git reset --hard origin/fcre-weir-data
HEAD is now at 9feba7a Sat 2025-10-11 00:19:50 EST
+ git push github fcre-weir-data
To github.com:FLARE-forecast/FCRE-data.git
   4499a6a..9feba7a  fcre-weir-data -> fcre-weir-data
+ echo '[post-receive] Sync complete for fcre-weir-data.'
[post-receive] Sync complete for fcre-weir-data.
+ exec
+ read oldrev newrev refname
+ WORKDIR_BASE=/data
+ echo '[post-receive] Starting sync task...'
[post-receive] Starting sync task...
+ read oldrev newrev refname
+ [[ refs/heads/mia-logs =~ ^refs/heads/ ]]
+ branch=mia-logs
+ echo '[post-receive] Processing branch: mia-logs'
[post-receive] Processing branch: mia-logs
+ WORKDIR=/data/mia-logs
+ LOCKFILE=/tmp/git-post-receive-mia-logs.lock
+ exec
+ flock -x 9
+ echo '[post-receive] Acquired lock for mia-logs'
[post-receive] Acquired lock for mia-logs
+ '[' '!' -d /data/mia-logs/.git ']'
+ echo '[post-receive] WORKDIR already exists.'
[post-receive] WORKDIR already exists.
+ cd /data/mia-logs
+ unset GIT_DIR
+ unset GIT_WORK_TREE
+ git checkout mia-logs
Already on 'mia-logs'
Your branch is up to date with 'origin/mia-logs'.
+ git fetch origin
From /data/fcre-data-exp-worktree
   8e1c296..4b28f2f  mia-logs       -> origin/mia-logs
   4499a6a..9feba7a  fcre-weir-data -> origin/fcre-weir-data
+ git reset --hard origin/mia-logs
HEAD is now at 4b28f2f Sat 2025-10-11 00:20:00 EST
+ git push github mia-logs
ssh: Could not resolve hostname github.com: Temporary failure in name resolution
fatal: Could not read from remote repository.

Please make sure you have the correct access rights
and the repository exists.
+ WORKDIR_BASE=/data
+ echo '[post-receive] Starting sync task...'
[post-receive] Starting sync task...
+ read oldrev newrev refname
+ [[ refs/heads/mia-logs =~ ^refs/heads/ ]]
+ branch=mia-logs
+ echo '[post-receive] Processing branch: mia-logs'
[post-receive] Processing branch: mia-logs
+ WORKDIR=/data/mia-logs
+ LOCKFILE=/tmp/git-post-receive-mia-logs.lock
+ exec
+ flock -x 9
+ echo '[post-receive] Acquired lock for mia-logs'
[post-receive] Acquired lock for mia-logs
+ '[' '!' -d /data/mia-logs/.git ']'
+ echo '[post-receive] WORKDIR already exists.'
[post-receive] WORKDIR already exists.
+ cd /data/mia-logs
+ unset GIT_DIR
+ unset GIT_WORK_TREE
+ git checkout mia-logs
Already on 'mia-logs'
Your branch is up to date with 'origin/mia-logs'.
+ git fetch origin
From /data/fcre-data-exp-worktree
   4b28f2f..9819fe4  mia-logs   -> origin/mia-logs
+ git reset --hard origin/mia-logs
HEAD is now at 9819fe4 Sat 2025-10-11 00:20:30 EST
+ git push github mia-logs
To github.com:FLARE-forecast/FCRE-data.git
   8e1c296..9819fe4  mia-logs -> mia-logs
+ echo '[post-receive] Sync complete for mia-logs.'
[post-receive] Sync complete for mia-logs.
+ exec
+ read oldrev newrev refname
+ WORKDIR_BASE=/data
+ echo '[post-receive] Starting sync task...'
[post-receive] Starting sync task...
+ read oldrev newrev refname
+ [[ refs/heads/mia-logs =~ ^refs/heads/ ]]
+ branch=mia-logs
+ echo '[post-receive] Processing branch: mia-logs'
[post-receive] Processing branch: mia-logs
+ WORKDIR=/data/mia-logs
+ LOCKFILE=/tmp/git-post-receive-mia-logs.lock
+ exec
+ flock -x 9
+ echo '[post-receive] Acquired lock for mia-logs'
[post-receive] Acquired lock for mia-logs
+ '[' '!' -d /data/mia-logs/.git ']'
+ echo '[post-receive] WORKDIR already exists.'
[post-receive] WORKDIR already exists.
+ cd /data/mia-logs
+ unset GIT_DIR
+ unset GIT_WORK_TREE
+ git checkout mia-logs
Already on 'mia-logs'
Your branch is up to date with 'origin/mia-logs'.
+ git fetch origin
From /data/fcre-data-exp-worktree
   9819fe4..165a70f  mia-logs   -> origin/mia-logs
+ git reset --hard origin/mia-logs
HEAD is now at 165a70f Sat 2025-10-11 00:32:46 EST
+ git push github mia-logs
To github.com:FLARE-forecast/FCRE-data.git
   9819fe4..165a70f  mia-logs -> mia-logs
+ echo '[post-receive] Sync complete for mia-logs.'
[post-receive] Sync complete for mia-logs.
+ exec
+ read oldrev newrev refname
+ WORKDIR_BASE=/data
+ echo '[post-receive] Starting sync task...'
[post-receive] Starting sync task...
+ read oldrev newrev refname
+ [[ refs/heads/mia-logs =~ ^refs/heads/ ]]
+ branch=mia-logs
+ echo '[post-receive] Processing branch: mia-logs'
[post-receive] Processing branch: mia-logs
+ WORKDIR=/data/mia-logs
+ LOCKFILE=/tmp/git-post-receive-mia-logs.lock
+ exec
+ flock -x 9
+ echo '[post-receive] Acquired lock for mia-logs'
[post-receive] Acquired lock for mia-logs
+ '[' '!' -d /data/mia-logs/.git ']'
+ echo '[post-receive] WORKDIR already exists.'
[post-receive] WORKDIR already exists.
+ cd /data/mia-logs
+ unset GIT_DIR
+ unset GIT_WORK_TREE
+ git checkout mia-logs
Already on 'mia-logs'
Your branch is up to date with 'origin/mia-logs'.
+ git fetch origin
From /data/fcre-data-exp-worktree
   165a70f..3aca45d  mia-logs   -> origin/mia-logs
+ git reset --hard origin/mia-logs
HEAD is now at 3aca45d Sat 2025-10-11 00:41:34 EST
+ git push github mia-logs
To github.com:FLARE-forecast/FCRE-data.git
   165a70f..3aca45d  mia-logs -> mia-logs
+ echo '[post-receive] Sync complete for mia-logs.'
[post-receive] Sync complete for mia-logs.
+ exec
+ read oldrev newrev refname
+ WORKDIR_BASE=/data
+ echo '[post-receive] Starting sync task...'
[post-receive] Starting sync task...
+ read oldrev newrev refname
+ [[ refs/heads/fcre-weir-data =~ ^refs/heads/ ]]
+ branch=fcre-weir-data
+ echo '[post-receive] Processing branch: fcre-weir-data'
[post-receive] Processing branch: fcre-weir-data
+ WORKDIR=/data/fcre-weir-data
+ LOCKFILE=/tmp/git-post-receive-fcre-weir-data.lock
+ exec
+ flock -x 9
+ echo '[post-receive] Acquired lock for fcre-weir-data'
[post-receive] Acquired lock for fcre-weir-data
+ '[' '!' -d /data/fcre-weir-data/.git ']'
+ echo '[post-receive] WORKDIR already exists.'
[post-receive] WORKDIR already exists.
+ cd /data/fcre-weir-data
+ unset GIT_DIR
+ unset GIT_WORK_TREE
+ git checkout fcre-weir-data
Already on 'fcre-weir-data'
Your branch is up to date with 'origin/fcre-weir-data'.
+ git fetch origin
From /data/fcre-data-exp-worktree
   9feba7a..c928fc6  fcre-weir-data -> origin/fcre-weir-data
   8e1c296..3aca45d  mia-logs       -> origin/mia-logs
+ git reset --hard origin/fcre-weir-data
HEAD is now at c928fc6 Sat 2025-10-11 06:04:52 EST
+ git push github fcre-weir-data
To github.com:FLARE-forecast/FCRE-data.git
   9feba7a..c928fc6  fcre-weir-data -> fcre-weir-data
+ echo '[post-receive] Sync complete for fcre-weir-data.'
[post-receive] Sync complete for fcre-weir-data.
+ exec
+ read oldrev newrev refname
+ WORKDIR_BASE=/data
+ echo '[post-receive] Starting sync task...'
[post-receive] Starting sync task...
+ read oldrev newrev refname
+ [[ refs/heads/mia-logs =~ ^refs/heads/ ]]
+ branch=mia-logs
+ echo '[post-receive] Processing branch: mia-logs'
[post-receive] Processing branch: mia-logs
+ WORKDIR=/data/mia-logs
+ LOCKFILE=/tmp/git-post-receive-mia-logs.lock
+ exec
+ flock -x 9
+ echo '[post-receive] Acquired lock for mia-logs'
[post-receive] Acquired lock for mia-logs
+ '[' '!' -d /data/mia-logs/.git ']'
+ echo '[post-receive] WORKDIR already exists.'
[post-receive] WORKDIR already exists.
+ cd /data/mia-logs
+ unset GIT_DIR
+ unset GIT_WORK_TREE
+ git checkout mia-logs
Already on 'mia-logs'
Your branch is up to date with 'origin/mia-logs'.
+ git fetch origin
From /data/fcre-data-exp-worktree
   3aca45d..7e87456  mia-logs       -> origin/mia-logs
   9feba7a..c928fc6  fcre-weir-data -> origin/fcre-weir-data
+ git reset --hard origin/mia-logs
HEAD is now at 7e87456 Sat 2025-10-11 06:07:27 EST
+ git push github mia-logs
To github.com:FLARE-forecast/FCRE-data.git
   3aca45d..7e87456  mia-logs -> mia-logs
+ echo '[post-receive] Sync complete for mia-logs.'
[post-receive] Sync complete for mia-logs.
+ exec
+ read oldrev newrev refname
+ WORKDIR_BASE=/data
+ echo '[post-receive] Starting sync task...'
[post-receive] Starting sync task...
+ read oldrev newrev refname
+ [[ refs/heads/mia-logs =~ ^refs/heads/ ]]
+ branch=mia-logs
+ echo '[post-receive] Processing branch: mia-logs'
[post-receive] Processing branch: mia-logs
+ WORKDIR=/data/mia-logs
+ LOCKFILE=/tmp/git-post-receive-mia-logs.lock
+ exec
+ flock -x 9
+ echo '[post-receive] Acquired lock for mia-logs'
[post-receive] Acquired lock for mia-logs
+ '[' '!' -d /data/mia-logs/.git ']'
+ echo '[post-receive] WORKDIR already exists.'
[post-receive] WORKDIR already exists.
+ cd /data/mia-logs
+ unset GIT_DIR
+ unset GIT_WORK_TREE
+ git checkout mia-logs
Already on 'mia-logs'
Your branch is up to date with 'origin/mia-logs'.
+ git fetch origin
From /data/fcre-data-exp-worktree
   7e87456..de43c28  mia-logs   -> origin/mia-logs
+ git reset --hard origin/mia-logs
HEAD is now at de43c28 Sat 2025-10-11 06:10:12 EST
+ git push github mia-logs
To github.com:FLARE-forecast/FCRE-data.git
   7e87456..de43c28  mia-logs -> mia-logs
+ echo '[post-receive] Sync complete for mia-logs.'
[post-receive] Sync complete for mia-logs.
+ exec
+ read oldrev newrev refname
+ WORKDIR_BASE=/data
+ echo '[post-receive] Starting sync task...'
[post-receive] Starting sync task...
+ read oldrev newrev refname
+ [[ refs/heads/mia-logs =~ ^refs/heads/ ]]
+ branch=mia-logs
+ echo '[post-receive] Processing branch: mia-logs'
[post-receive] Processing branch: mia-logs
+ WORKDIR=/data/mia-logs
+ LOCKFILE=/tmp/git-post-receive-mia-logs.lock
+ exec
+ flock -x 9
+ echo '[post-receive] Acquired lock for mia-logs'
[post-receive] Acquired lock for mia-logs
+ '[' '!' -d /data/mia-logs/.git ']'
+ echo '[post-receive] WORKDIR already exists.'
[post-receive] WORKDIR already exists.
+ cd /data/mia-logs
+ unset GIT_DIR
+ unset GIT_WORK_TREE
+ git checkout mia-logs
Already on 'mia-logs'
Your branch is up to date with 'origin/mia-logs'.
+ git fetch origin
From /data/fcre-data-exp-worktree
   de43c28..21478a7  mia-logs   -> origin/mia-logs
+ git reset --hard origin/mia-logs
HEAD is now at 21478a7 Sat 2025-10-11 10:11:53 EST
+ git push github mia-logs
To github.com:FLARE-forecast/FCRE-data.git
   de43c28..21478a7  mia-logs -> mia-logs
+ echo '[post-receive] Sync complete for mia-logs.'
[post-receive] Sync complete for mia-logs.
+ exec
+ read oldrev newrev refname
+ WORKDIR_BASE=/data
+ echo '[post-receive] Starting sync task...'
[post-receive] Starting sync task...
+ read oldrev newrev refname
+ [[ refs/heads/fcre-weir-data =~ ^refs/heads/ ]]
+ branch=fcre-weir-data
+ echo '[post-receive] Processing branch: fcre-weir-data'
[post-receive] Processing branch: fcre-weir-data
+ WORKDIR=/data/fcre-weir-data
+ LOCKFILE=/tmp/git-post-receive-fcre-weir-data.lock
+ exec
+ flock -x 9
+ echo '[post-receive] Acquired lock for fcre-weir-data'
[post-receive] Acquired lock for fcre-weir-data
+ '[' '!' -d /data/fcre-weir-data/.git ']'
+ echo '[post-receive] WORKDIR already exists.'
[post-receive] WORKDIR already exists.
+ cd /data/fcre-weir-data
+ unset GIT_DIR
+ unset GIT_WORK_TREE
+ git checkout fcre-weir-data
Already on 'fcre-weir-data'
Your branch is up to date with 'origin/fcre-weir-data'.
+ git fetch origin
From /data/fcre-data-exp-worktree
   c928fc6..c9d2bf8  fcre-weir-data -> origin/fcre-weir-data
   3aca45d..21478a7  mia-logs       -> origin/mia-logs
+ git reset --hard origin/fcre-weir-data
HEAD is now at c9d2bf8 Sat 2025-10-11 10:09:50 EST
+ git push github fcre-weir-data
To github.com:FLARE-forecast/FCRE-data.git
   c928fc6..c9d2bf8  fcre-weir-data -> fcre-weir-data
+ echo '[post-receive] Sync complete for fcre-weir-data.'
[post-receive] Sync complete for fcre-weir-data.
+ exec
+ read oldrev newrev refname
+ WORKDIR_BASE=/data
+ echo '[post-receive] Starting sync task...'
[post-receive] Starting sync task...
+ read oldrev newrev refname
+ [[ refs/heads/mia-logs =~ ^refs/heads/ ]]
+ branch=mia-logs
+ echo '[post-receive] Processing branch: mia-logs'
[post-receive] Processing branch: mia-logs
+ WORKDIR=/data/mia-logs
+ LOCKFILE=/tmp/git-post-receive-mia-logs.lock
+ exec
+ flock -x 9
+ echo '[post-receive] Acquired lock for mia-logs'
[post-receive] Acquired lock for mia-logs
+ '[' '!' -d /data/mia-logs/.git ']'
+ echo '[post-receive] WORKDIR already exists.'
[post-receive] WORKDIR already exists.
+ cd /data/mia-logs
+ unset GIT_DIR
+ unset GIT_WORK_TREE
+ git checkout mia-logs
Already on 'mia-logs'
Your branch is up to date with 'origin/mia-logs'.
+ git fetch origin
From /data/fcre-data-exp-worktree
   21478a7..8e121c7  mia-logs       -> origin/mia-logs
   c928fc6..c9d2bf8  fcre-weir-data -> origin/fcre-weir-data
+ git reset --hard origin/mia-logs
HEAD is now at 8e121c7 Sat 2025-10-11 10:16:57 EST
+ git push github mia-logs
To github.com:FLARE-forecast/FCRE-data.git
   21478a7..8e121c7  mia-logs -> mia-logs
+ echo '[post-receive] Sync complete for mia-logs.'
[post-receive] Sync complete for mia-logs.
+ exec
+ read oldrev newrev refname
+ WORKDIR_BASE=/data
+ echo '[post-receive] Starting sync task...'
[post-receive] Starting sync task...
+ read oldrev newrev refname
+ [[ refs/heads/mia-logs =~ ^refs/heads/ ]]
+ branch=mia-logs
+ echo '[post-receive] Processing branch: mia-logs'
[post-receive] Processing branch: mia-logs
+ WORKDIR=/data/mia-logs
+ LOCKFILE=/tmp/git-post-receive-mia-logs.lock
+ exec
+ flock -x 9
+ echo '[post-receive] Acquired lock for mia-logs'
[post-receive] Acquired lock for mia-logs
+ '[' '!' -d /data/mia-logs/.git ']'
+ echo '[post-receive] WORKDIR already exists.'
[post-receive] WORKDIR already exists.
+ cd /data/mia-logs
+ unset GIT_DIR
+ unset GIT_WORK_TREE
+ git checkout mia-logs
Already on 'mia-logs'
Your branch is up to date with 'origin/mia-logs'.
+ git fetch origin
From /data/fcre-data-exp-worktree
   8e121c7..61896da  mia-logs   -> origin/mia-logs
+ git reset --hard origin/mia-logs
HEAD is now at 61896da Sat 2025-10-11 12:12:21 EST
+ git push github mia-logs
To github.com:FLARE-forecast/FCRE-data.git
   8e121c7..61896da  mia-logs -> mia-logs
+ echo '[post-receive] Sync complete for mia-logs.'
[post-receive] Sync complete for mia-logs.
+ exec
+ read oldrev newrev refname
+ WORKDIR_BASE=/data
+ echo '[post-receive] Starting sync task...'
[post-receive] Starting sync task...
+ read oldrev newrev refname
+ [[ refs/heads/mia-logs =~ ^refs/heads/ ]]
+ branch=mia-logs
+ echo '[post-receive] Processing branch: mia-logs'
[post-receive] Processing branch: mia-logs
+ WORKDIR=/data/mia-logs
+ LOCKFILE=/tmp/git-post-receive-mia-logs.lock
+ exec
+ flock -x 9
+ echo '[post-receive] Acquired lock for mia-logs'
[post-receive] Acquired lock for mia-logs
+ '[' '!' -d /data/mia-logs/.git ']'
+ echo '[post-receive] WORKDIR already exists.'
[post-receive] WORKDIR already exists.
+ cd /data/mia-logs
+ unset GIT_DIR
+ unset GIT_WORK_TREE
+ git checkout mia-logs
Already on 'mia-logs'
Your branch is up to date with 'origin/mia-logs'.
+ git fetch origin
From /data/fcre-data-exp-worktree
   61896da..03198a4  mia-logs   -> origin/mia-logs
+ git reset --hard origin/mia-logs
HEAD is now at 03198a4 Sat 2025-10-11 12:21:19 EST
+ git push github mia-logs
To github.com:FLARE-forecast/FCRE-data.git
   61896da..03198a4  mia-logs -> mia-logs
+ echo '[post-receive] Sync complete for mia-logs.'
[post-receive] Sync complete for mia-logs.
+ exec
+ read oldrev newrev refname
+ WORKDIR_BASE=/data
+ echo '[post-receive] Starting sync task...'
[post-receive] Starting sync task...
+ read oldrev newrev refname
+ [[ refs/heads/fcre-weir-data =~ ^refs/heads/ ]]
+ branch=fcre-weir-data
+ echo '[post-receive] Processing branch: fcre-weir-data'
[post-receive] Processing branch: fcre-weir-data
+ WORKDIR=/data/fcre-weir-data
+ LOCKFILE=/tmp/git-post-receive-fcre-weir-data.lock
+ exec
+ flock -x 9
+ echo '[post-receive] Acquired lock for fcre-weir-data'
[post-receive] Acquired lock for fcre-weir-data
+ '[' '!' -d /data/fcre-weir-data/.git ']'
+ echo '[post-receive] WORKDIR already exists.'
[post-receive] WORKDIR already exists.
+ cd /data/fcre-weir-data
+ unset GIT_DIR
+ unset GIT_WORK_TREE
+ git checkout fcre-weir-data
Already on 'fcre-weir-data'
Your branch is up to date with 'origin/fcre-weir-data'.
+ git fetch origin
From /data/fcre-data-exp-worktree
   c9d2bf8..3ac45b6  fcre-weir-data -> origin/fcre-weir-data
   21478a7..03198a4  mia-logs       -> origin/mia-logs
+ git reset --hard origin/fcre-weir-data
HEAD is now at 3ac45b6 Sat 2025-10-11 12:09:52 EST
+ git push github fcre-weir-data
To github.com:FLARE-forecast/FCRE-data.git
   c9d2bf8..3ac45b6  fcre-weir-data -> fcre-weir-data
+ echo '[post-receive] Sync complete for fcre-weir-data.'
[post-receive] Sync complete for fcre-weir-data.
+ exec
+ read oldrev newrev refname
+ WORKDIR_BASE=/data
+ echo '[post-receive] Starting sync task...'
[post-receive] Starting sync task...
+ read oldrev newrev refname
+ [[ refs/heads/fcre-weir-data =~ ^refs/heads/ ]]
+ branch=fcre-weir-data
+ echo '[post-receive] Processing branch: fcre-weir-data'
[post-receive] Processing branch: fcre-weir-data
+ WORKDIR=/data/fcre-weir-data
+ LOCKFILE=/tmp/git-post-receive-fcre-weir-data.lock
+ exec
+ flock -x 9
+ echo '[post-receive] Acquired lock for fcre-weir-data'
[post-receive] Acquired lock for fcre-weir-data
+ '[' '!' -d /data/fcre-weir-data/.git ']'
+ echo '[post-receive] WORKDIR already exists.'
[post-receive] WORKDIR already exists.
+ cd /data/fcre-weir-data
+ unset GIT_DIR
+ unset GIT_WORK_TREE
+ git checkout fcre-weir-data
Already on 'fcre-weir-data'
Your branch is up to date with 'origin/fcre-weir-data'.
+ git fetch origin
From /data/fcre-data-exp-worktree
   3ac45b6..935cf85  fcre-weir-data -> origin/fcre-weir-data
+ git reset --hard origin/fcre-weir-data
HEAD is now at 935cf85 Sat 2025-10-11 14:19:52 EST
+ git push github fcre-weir-data
To github.com:FLARE-forecast/FCRE-data.git
   3ac45b6..935cf85  fcre-weir-data -> fcre-weir-data
+ echo '[post-receive] Sync complete for fcre-weir-data.'
[post-receive] Sync complete for fcre-weir-data.
+ exec
+ read oldrev newrev refname
+ WORKDIR_BASE=/data
+ echo '[post-receive] Starting sync task...'
[post-receive] Starting sync task...
+ read oldrev newrev refname
+ [[ refs/heads/mia-logs =~ ^refs/heads/ ]]
+ branch=mia-logs
+ echo '[post-receive] Processing branch: mia-logs'
[post-receive] Processing branch: mia-logs
+ WORKDIR=/data/mia-logs
+ LOCKFILE=/tmp/git-post-receive-mia-logs.lock
+ exec
+ flock -x 9
+ echo '[post-receive] Acquired lock for mia-logs'
[post-receive] Acquired lock for mia-logs
+ '[' '!' -d /data/mia-logs/.git ']'
+ echo '[post-receive] WORKDIR already exists.'
[post-receive] WORKDIR already exists.
+ cd /data/mia-logs
+ unset GIT_DIR
+ unset GIT_WORK_TREE
+ git checkout mia-logs
Already on 'mia-logs'
Your branch is up to date with 'origin/mia-logs'.
+ git fetch origin
From /data/fcre-data-exp-worktree
   03198a4..f07819e  mia-logs       -> origin/mia-logs
   c9d2bf8..935cf85  fcre-weir-data -> origin/fcre-weir-data
+ git reset --hard origin/mia-logs
HEAD is now at f07819e Sat 2025-10-11 14:25:15 EST
+ git push github mia-logs
To github.com:FLARE-forecast/FCRE-data.git
   03198a4..f07819e  mia-logs -> mia-logs
+ echo '[post-receive] Sync complete for mia-logs.'
[post-receive] Sync complete for mia-logs.
+ exec
+ read oldrev newrev refname
+ WORKDIR_BASE=/data
+ echo '[post-receive] Starting sync task...'
[post-receive] Starting sync task...
+ read oldrev newrev refname
+ [[ refs/heads/mia-logs =~ ^refs/heads/ ]]
+ branch=mia-logs
+ echo '[post-receive] Processing branch: mia-logs'
[post-receive] Processing branch: mia-logs
+ WORKDIR=/data/mia-logs
+ LOCKFILE=/tmp/git-post-receive-mia-logs.lock
+ exec
+ flock -x 9
+ echo '[post-receive] Acquired lock for mia-logs'
[post-receive] Acquired lock for mia-logs
+ '[' '!' -d /data/mia-logs/.git ']'
+ echo '[post-receive] WORKDIR already exists.'
[post-receive] WORKDIR already exists.
+ cd /data/mia-logs
+ unset GIT_DIR
+ unset GIT_WORK_TREE
+ git checkout mia-logs
Already on 'mia-logs'
Your branch is up to date with 'origin/mia-logs'.
+ git fetch origin
From /data/fcre-data-exp-worktree
   f07819e..31aca40  mia-logs   -> origin/mia-logs
+ git reset --hard origin/mia-logs
HEAD is now at 31aca40 Sat 2025-10-11 14:28:49 EST
+ git push github mia-logs
To github.com:FLARE-forecast/FCRE-data.git
   f07819e..31aca40  mia-logs -> mia-logs
+ echo '[post-receive] Sync complete for mia-logs.'
[post-receive] Sync complete for mia-logs.
+ exec
+ read oldrev newrev refname
+ WORKDIR_BASE=/data
+ echo '[post-receive] Starting sync task...'
[post-receive] Starting sync task...
+ read oldrev newrev refname
+ [[ refs/heads/mia-logs =~ ^refs/heads/ ]]
+ branch=mia-logs
+ echo '[post-receive] Processing branch: mia-logs'
[post-receive] Processing branch: mia-logs
+ WORKDIR=/data/mia-logs
+ LOCKFILE=/tmp/git-post-receive-mia-logs.lock
+ exec
+ flock -x 9
+ echo '[post-receive] Acquired lock for mia-logs'
[post-receive] Acquired lock for mia-logs
+ '[' '!' -d /data/mia-logs/.git ']'
+ echo '[post-receive] WORKDIR already exists.'
[post-receive] WORKDIR already exists.
+ cd /data/mia-logs
+ unset GIT_DIR
+ unset GIT_WORK_TREE
+ git checkout mia-logs
Already on 'mia-logs'
Your branch is up to date with 'origin/mia-logs'.
+ git fetch origin
From /data/fcre-data-exp-worktree
   31aca40..2f33503  mia-logs   -> origin/mia-logs
+ git reset --hard origin/mia-logs
HEAD is now at 2f33503 Sat 2025-10-11 14:36:09 EST
+ git push github mia-logs
To github.com:FLARE-forecast/FCRE-data.git
   31aca40..2f33503  mia-logs -> mia-logs
+ echo '[post-receive] Sync complete for mia-logs.'
[post-receive] Sync complete for mia-logs.
+ exec
+ read oldrev newrev refname
+ WORKDIR_BASE=/data
+ echo '[post-receive] Starting sync task...'
[post-receive] Starting sync task...
+ read oldrev newrev refname
+ [[ refs/heads/fcre-weir-data =~ ^refs/heads/ ]]
+ branch=fcre-weir-data
+ echo '[post-receive] Processing branch: fcre-weir-data'
[post-receive] Processing branch: fcre-weir-data
+ WORKDIR=/data/fcre-weir-data
+ LOCKFILE=/tmp/git-post-receive-fcre-weir-data.lock
+ exec
+ flock -x 9
+ echo '[post-receive] Acquired lock for fcre-weir-data'
[post-receive] Acquired lock for fcre-weir-data
+ '[' '!' -d /data/fcre-weir-data/.git ']'
+ echo '[post-receive] WORKDIR already exists.'
[post-receive] WORKDIR already exists.
+ cd /data/fcre-weir-data
+ unset GIT_DIR
+ unset GIT_WORK_TREE
+ git checkout fcre-weir-data
Already on 'fcre-weir-data'
Your branch is up to date with 'origin/fcre-weir-data'.
+ git fetch origin
From /data/fcre-data-exp-worktree
   935cf85..6943832  fcre-weir-data -> origin/fcre-weir-data
   03198a4..2f33503  mia-logs       -> origin/mia-logs
+ git reset --hard origin/fcre-weir-data
HEAD is now at 6943832 Sat 2025-10-11 20:09:53 EST
+ git push github fcre-weir-data
ssh: Could not resolve hostname github.com: Temporary failure in name resolution
fatal: Could not read from remote repository.

Please make sure you have the correct access rights
and the repository exists.
+ WORKDIR_BASE=/data
+ echo '[post-receive] Starting sync task...'
[post-receive] Starting sync task...
+ read oldrev newrev refname
+ [[ refs/heads/mia-logs =~ ^refs/heads/ ]]
+ branch=mia-logs
+ echo '[post-receive] Processing branch: mia-logs'
[post-receive] Processing branch: mia-logs
+ WORKDIR=/data/mia-logs
+ LOCKFILE=/tmp/git-post-receive-mia-logs.lock
+ exec
+ flock -x 9
+ echo '[post-receive] Acquired lock for mia-logs'
[post-receive] Acquired lock for mia-logs
+ '[' '!' -d /data/mia-logs/.git ']'
+ echo '[post-receive] WORKDIR already exists.'
[post-receive] WORKDIR already exists.
+ cd /data/mia-logs
+ unset GIT_DIR
+ unset GIT_WORK_TREE
+ git checkout mia-logs
Already on 'mia-logs'
Your branch is up to date with 'origin/mia-logs'.
+ git fetch origin
From /data/fcre-data-exp-worktree
   2f33503..d944ae3  mia-logs       -> origin/mia-logs
   935cf85..6943832  fcre-weir-data -> origin/fcre-weir-data
+ git reset --hard origin/mia-logs
HEAD is now at d944ae3 Sat 2025-10-11 20:15:22 EST
+ git push github mia-logs
To github.com:FLARE-forecast/FCRE-data.git
   2f33503..d944ae3  mia-logs -> mia-logs
+ echo '[post-receive] Sync complete for mia-logs.'
[post-receive] Sync complete for mia-logs.
+ exec
+ read oldrev newrev refname
+ WORKDIR_BASE=/data
+ echo '[post-receive] Starting sync task...'
[post-receive] Starting sync task...
+ read oldrev newrev refname
+ [[ refs/heads/mia-logs =~ ^refs/heads/ ]]
+ branch=mia-logs
+ echo '[post-receive] Processing branch: mia-logs'
[post-receive] Processing branch: mia-logs
+ WORKDIR=/data/mia-logs
+ LOCKFILE=/tmp/git-post-receive-mia-logs.lock
+ exec
+ flock -x 9
+ echo '[post-receive] Acquired lock for mia-logs'
[post-receive] Acquired lock for mia-logs
+ '[' '!' -d /data/mia-logs/.git ']'
+ echo '[post-receive] WORKDIR already exists.'
[post-receive] WORKDIR already exists.
+ cd /data/mia-logs
+ unset GIT_DIR
+ unset GIT_WORK_TREE
+ git checkout mia-logs
Already on 'mia-logs'
Your branch is up to date with 'origin/mia-logs'.
+ git fetch origin
From /data/fcre-data-exp-worktree
   d944ae3..ee358d8  mia-logs   -> origin/mia-logs
+ git reset --hard origin/mia-logs
HEAD is now at ee358d8 Sat 2025-10-11 20:30:01 EST
+ git push github mia-logs
To github.com:FLARE-forecast/FCRE-data.git
   d944ae3..ee358d8  mia-logs -> mia-logs
+ echo '[post-receive] Sync complete for mia-logs.'
[post-receive] Sync complete for mia-logs.
+ exec
+ read oldrev newrev refname
+ WORKDIR_BASE=/data
+ echo '[post-receive] Starting sync task...'
[post-receive] Starting sync task...
+ read oldrev newrev refname
+ [[ refs/heads/mia-logs =~ ^refs/heads/ ]]
+ branch=mia-logs
+ echo '[post-receive] Processing branch: mia-logs'
[post-receive] Processing branch: mia-logs
+ WORKDIR=/data/mia-logs
+ LOCKFILE=/tmp/git-post-receive-mia-logs.lock
+ exec
+ flock -x 9
+ echo '[post-receive] Acquired lock for mia-logs'
[post-receive] Acquired lock for mia-logs
+ '[' '!' -d /data/mia-logs/.git ']'
+ echo '[post-receive] WORKDIR already exists.'
[post-receive] WORKDIR already exists.
+ cd /data/mia-logs
+ unset GIT_DIR
+ unset GIT_WORK_TREE
+ git checkout mia-logs
Already on 'mia-logs'
Your branch is up to date with 'origin/mia-logs'.
+ git fetch origin
From /data/fcre-data-exp-worktree
   ee358d8..7bc8f82  mia-logs   -> origin/mia-logs
+ git reset --hard origin/mia-logs
HEAD is now at 7bc8f82 Sat 2025-10-11 20:36:23 EST
+ git push github mia-logs
To github.com:FLARE-forecast/FCRE-data.git
   ee358d8..7bc8f82  mia-logs -> mia-logs
+ echo '[post-receive] Sync complete for mia-logs.'
[post-receive] Sync complete for mia-logs.
+ exec
+ read oldrev newrev refname
+ WORKDIR_BASE=/data
+ echo '[post-receive] Starting sync task...'
[post-receive] Starting sync task...
+ read oldrev newrev refname
+ [[ refs/heads/fcre-weir-data =~ ^refs/heads/ ]]
+ branch=fcre-weir-data
+ echo '[post-receive] Processing branch: fcre-weir-data'
[post-receive] Processing branch: fcre-weir-data
+ WORKDIR=/data/fcre-weir-data
+ LOCKFILE=/tmp/git-post-receive-fcre-weir-data.lock
+ exec
+ flock -x 9
+ echo '[post-receive] Acquired lock for fcre-weir-data'
[post-receive] Acquired lock for fcre-weir-data
+ '[' '!' -d /data/fcre-weir-data/.git ']'
+ echo '[post-receive] WORKDIR already exists.'
[post-receive] WORKDIR already exists.
+ cd /data/fcre-weir-data
+ unset GIT_DIR
+ unset GIT_WORK_TREE
+ git checkout fcre-weir-data
Already on 'fcre-weir-data'
Your branch is up to date with 'origin/fcre-weir-data'.
+ git fetch origin
From /data/fcre-data-exp-worktree
   6943832..d9dd530  fcre-weir-data -> origin/fcre-weir-data
   2f33503..7bc8f82  mia-logs       -> origin/mia-logs
+ git reset --hard origin/fcre-weir-data
HEAD is now at d9dd530 Sun 2025-10-12 00:19:52 EST
+ git push github fcre-weir-data
To github.com:FLARE-forecast/FCRE-data.git
   935cf85..d9dd530  fcre-weir-data -> fcre-weir-data
+ echo '[post-receive] Sync complete for fcre-weir-data.'
[post-receive] Sync complete for fcre-weir-data.
+ exec
+ read oldrev newrev refname
+ WORKDIR_BASE=/data
+ echo '[post-receive] Starting sync task...'
[post-receive] Starting sync task...
+ read oldrev newrev refname
+ [[ refs/heads/mia-logs =~ ^refs/heads/ ]]
+ branch=mia-logs
+ echo '[post-receive] Processing branch: mia-logs'
[post-receive] Processing branch: mia-logs
+ WORKDIR=/data/mia-logs
+ LOCKFILE=/tmp/git-post-receive-mia-logs.lock
+ exec
+ flock -x 9
+ echo '[post-receive] Acquired lock for mia-logs'
[post-receive] Acquired lock for mia-logs
+ '[' '!' -d /data/mia-logs/.git ']'
+ echo '[post-receive] WORKDIR already exists.'
[post-receive] WORKDIR already exists.
+ cd /data/mia-logs
+ unset GIT_DIR
+ unset GIT_WORK_TREE
+ git checkout mia-logs
Already on 'mia-logs'
Your branch is up to date with 'origin/mia-logs'.
+ git fetch origin
From /data/fcre-data-exp-worktree
   7bc8f82..ca8546d  mia-logs       -> origin/mia-logs
   6943832..d9dd530  fcre-weir-data -> origin/fcre-weir-data
+ git reset --hard origin/mia-logs
HEAD is now at ca8546d Sun 2025-10-12 00:20:02 EST
+ git push github mia-logs
To github.com:FLARE-forecast/FCRE-data.git
   7bc8f82..ca8546d  mia-logs -> mia-logs
+ echo '[post-receive] Sync complete for mia-logs.'
[post-receive] Sync complete for mia-logs.
+ exec
+ read oldrev newrev refname
+ WORKDIR_BASE=/data
+ echo '[post-receive] Starting sync task...'
[post-receive] Starting sync task...
+ read oldrev newrev refname
+ [[ refs/heads/fcre-weir-data =~ ^refs/heads/ ]]
+ branch=fcre-weir-data
+ echo '[post-receive] Processing branch: fcre-weir-data'
[post-receive] Processing branch: fcre-weir-data
+ WORKDIR=/data/fcre-weir-data
+ LOCKFILE=/tmp/git-post-receive-fcre-weir-data.lock
+ exec
+ flock -x 9
+ echo '[post-receive] Acquired lock for fcre-weir-data'
[post-receive] Acquired lock for fcre-weir-data
+ '[' '!' -d /data/fcre-weir-data/.git ']'
+ echo '[post-receive] WORKDIR already exists.'
[post-receive] WORKDIR already exists.
+ cd /data/fcre-weir-data
+ unset GIT_DIR
+ unset GIT_WORK_TREE
+ git checkout fcre-weir-data
Already on 'fcre-weir-data'
Your branch is up to date with 'origin/fcre-weir-data'.
+ git fetch origin
From /data/fcre-data-exp-worktree
   d9dd530..6623a33  fcre-weir-data -> origin/fcre-weir-data
   7bc8f82..ca8546d  mia-logs       -> origin/mia-logs
+ git reset --hard origin/fcre-weir-data
HEAD is now at 6623a33 Sun 2025-10-12 10:09:51 EST
+ git push github fcre-weir-data
To github.com:FLARE-forecast/FCRE-data.git
   d9dd530..6623a33  fcre-weir-data -> fcre-weir-data
+ echo '[post-receive] Sync complete for fcre-weir-data.'
[post-receive] Sync complete for fcre-weir-data.
+ exec
+ read oldrev newrev refname
+ WORKDIR_BASE=/data
+ echo '[post-receive] Starting sync task...'
[post-receive] Starting sync task...
+ read oldrev newrev refname
+ [[ refs/heads/fcre-weir-data =~ ^refs/heads/ ]]
+ branch=fcre-weir-data
+ echo '[post-receive] Processing branch: fcre-weir-data'
[post-receive] Processing branch: fcre-weir-data
+ WORKDIR=/data/fcre-weir-data
+ LOCKFILE=/tmp/git-post-receive-fcre-weir-data.lock
+ exec
+ flock -x 9
+ echo '[post-receive] Acquired lock for fcre-weir-data'
[post-receive] Acquired lock for fcre-weir-data
+ '[' '!' -d /data/fcre-weir-data/.git ']'
+ echo '[post-receive] WORKDIR already exists.'
[post-receive] WORKDIR already exists.
+ cd /data/fcre-weir-data
+ unset GIT_DIR
+ unset GIT_WORK_TREE
+ git checkout fcre-weir-data
Already on 'fcre-weir-data'
Your branch is up to date with 'origin/fcre-weir-data'.
+ git fetch origin
From /data/fcre-data-exp-worktree
   6623a33..165436c  fcre-weir-data -> origin/fcre-weir-data
+ git reset --hard origin/fcre-weir-data
HEAD is now at 165436c Sun 2025-10-12 14:19:52 EST
+ git push github fcre-weir-data
To github.com:FLARE-forecast/FCRE-data.git
   6623a33..165436c  fcre-weir-data -> fcre-weir-data
+ echo '[post-receive] Sync complete for fcre-weir-data.'
[post-receive] Sync complete for fcre-weir-data.
+ exec
+ read oldrev newrev refname
+ WORKDIR_BASE=/data
+ echo '[post-receive] Starting sync task...'
[post-receive] Starting sync task...
+ read oldrev newrev refname
+ [[ refs/heads/mia-logs =~ ^refs/heads/ ]]
+ branch=mia-logs
+ echo '[post-receive] Processing branch: mia-logs'
[post-receive] Processing branch: mia-logs
+ WORKDIR=/data/mia-logs
+ LOCKFILE=/tmp/git-post-receive-mia-logs.lock
+ exec
+ flock -x 9
+ echo '[post-receive] Acquired lock for mia-logs'
[post-receive] Acquired lock for mia-logs
+ '[' '!' -d /data/mia-logs/.git ']'
+ echo '[post-receive] WORKDIR already exists.'
[post-receive] WORKDIR already exists.
+ cd /data/mia-logs
+ unset GIT_DIR
+ unset GIT_WORK_TREE
+ git checkout mia-logs
Already on 'mia-logs'
Your branch is up to date with 'origin/mia-logs'.
+ git fetch origin
From /data/fcre-data-exp-worktree
   ca8546d..21b187d  mia-logs       -> origin/mia-logs
   d9dd530..165436c  fcre-weir-data -> origin/fcre-weir-data
+ git reset --hard origin/mia-logs
HEAD is now at 21b187d Sun 2025-10-12 00:20:33 EST
+ git push github mia-logs
To github.com:FLARE-forecast/FCRE-data.git
   ca8546d..21b187d  mia-logs -> mia-logs
+ echo '[post-receive] Sync complete for mia-logs.'
[post-receive] Sync complete for mia-logs.
+ exec
+ read oldrev newrev refname
+ WORKDIR_BASE=/data
+ echo '[post-receive] Starting sync task...'
[post-receive] Starting sync task...
+ read oldrev newrev refname
+ [[ refs/heads/fcre-weir-data =~ ^refs/heads/ ]]
+ branch=fcre-weir-data
+ echo '[post-receive] Processing branch: fcre-weir-data'
[post-receive] Processing branch: fcre-weir-data
+ WORKDIR=/data/fcre-weir-data
+ LOCKFILE=/tmp/git-post-receive-fcre-weir-data.lock
+ exec
+ flock -x 9
+ echo '[post-receive] Acquired lock for fcre-weir-data'
[post-receive] Acquired lock for fcre-weir-data
+ '[' '!' -d /data/fcre-weir-data/.git ']'
+ echo '[post-receive] WORKDIR already exists.'
[post-receive] WORKDIR already exists.
+ cd /data/fcre-weir-data
+ unset GIT_DIR
+ unset GIT_WORK_TREE
+ git checkout fcre-weir-data
Already on 'fcre-weir-data'
Your branch is up to date with 'origin/fcre-weir-data'.
+ git fetch origin
From /data/fcre-data-exp-worktree
   165436c..351e060  fcre-weir-data -> origin/fcre-weir-data
   ca8546d..21b187d  mia-logs       -> origin/mia-logs
+ git reset --hard origin/fcre-weir-data
HEAD is now at 351e060 Mon 2025-10-13 10:09:52 EST
+ git push github fcre-weir-data
To github.com:FLARE-forecast/FCRE-data.git
   165436c..351e060  fcre-weir-data -> fcre-weir-data
+ echo '[post-receive] Sync complete for fcre-weir-data.'
[post-receive] Sync complete for fcre-weir-data.
+ exec
+ read oldrev newrev refname
+ WORKDIR_BASE=/data
+ echo '[post-receive] Starting sync task...'
[post-receive] Starting sync task...
+ read oldrev newrev refname
+ [[ refs/heads/mia-logs =~ ^refs/heads/ ]]
+ branch=mia-logs
+ echo '[post-receive] Processing branch: mia-logs'
[post-receive] Processing branch: mia-logs
+ WORKDIR=/data/mia-logs
+ LOCKFILE=/tmp/git-post-receive-mia-logs.lock
+ exec
+ flock -x 9
+ echo '[post-receive] Acquired lock for mia-logs'
[post-receive] Acquired lock for mia-logs
+ '[' '!' -d /data/mia-logs/.git ']'
+ echo '[post-receive] WORKDIR already exists.'
[post-receive] WORKDIR already exists.
+ cd /data/mia-logs
+ unset GIT_DIR
+ unset GIT_WORK_TREE
+ git checkout mia-logs
Already on 'mia-logs'
Your branch is up to date with 'origin/mia-logs'.
+ git fetch origin
From /data/fcre-data-exp-worktree
   21b187d..9fa12fd  mia-logs       -> origin/mia-logs
   165436c..351e060  fcre-weir-data -> origin/fcre-weir-data
+ git reset --hard origin/mia-logs
HEAD is now at 9fa12fd Sun 2025-10-12 00:36:26 EST
+ git push github mia-logs
To github.com:FLARE-forecast/FCRE-data.git
   21b187d..9fa12fd  mia-logs -> mia-logs
+ echo '[post-receive] Sync complete for mia-logs.'
[post-receive] Sync complete for mia-logs.
+ exec
+ read oldrev newrev refname
+ WORKDIR_BASE=/data
+ echo '[post-receive] Starting sync task...'
[post-receive] Starting sync task...
+ read oldrev newrev refname
+ [[ refs/heads/mia-logs =~ ^refs/heads/ ]]
+ branch=mia-logs
+ echo '[post-receive] Processing branch: mia-logs'
[post-receive] Processing branch: mia-logs
+ WORKDIR=/data/mia-logs
+ LOCKFILE=/tmp/git-post-receive-mia-logs.lock
+ exec
+ flock -x 9
+ echo '[post-receive] Acquired lock for mia-logs'
[post-receive] Acquired lock for mia-logs
+ '[' '!' -d /data/mia-logs/.git ']'
+ echo '[post-receive] WORKDIR already exists.'
[post-receive] WORKDIR already exists.
+ cd /data/mia-logs
+ unset GIT_DIR
+ unset GIT_WORK_TREE
+ git checkout mia-logs
Already on 'mia-logs'
Your branch is up to date with 'origin/mia-logs'.
+ git fetch origin
From /data/fcre-data-exp-worktree
   9fa12fd..8d218b6  mia-logs   -> origin/mia-logs
+ git reset --hard origin/mia-logs
HEAD is now at 8d218b6 Sun 2025-10-12 00:43:35 EST
+ git push github mia-logs
To github.com:FLARE-forecast/FCRE-data.git
   9fa12fd..8d218b6  mia-logs -> mia-logs
+ echo '[post-receive] Sync complete for mia-logs.'
[post-receive] Sync complete for mia-logs.
+ exec
+ read oldrev newrev refname
+ WORKDIR_BASE=/data
+ echo '[post-receive] Starting sync task...'
[post-receive] Starting sync task...
+ read oldrev newrev refname
+ [[ refs/heads/mia-logs =~ ^refs/heads/ ]]
+ branch=mia-logs
+ echo '[post-receive] Processing branch: mia-logs'
[post-receive] Processing branch: mia-logs
+ WORKDIR=/data/mia-logs
+ LOCKFILE=/tmp/git-post-receive-mia-logs.lock
+ exec
+ flock -x 9
+ echo '[post-receive] Acquired lock for mia-logs'
[post-receive] Acquired lock for mia-logs
+ '[' '!' -d /data/mia-logs/.git ']'
+ echo '[post-receive] WORKDIR already exists.'
[post-receive] WORKDIR already exists.
+ cd /data/mia-logs
+ unset GIT_DIR
+ unset GIT_WORK_TREE
+ git checkout mia-logs
Already on 'mia-logs'
Your branch is up to date with 'origin/mia-logs'.
+ git fetch origin
From /data/fcre-data-exp-worktree
   8d218b6..13737c2  mia-logs   -> origin/mia-logs
+ git reset --hard origin/mia-logs
HEAD is now at 13737c2 Sun 2025-10-12 06:08:03 EST
+ git push github mia-logs
To github.com:FLARE-forecast/FCRE-data.git
   8d218b6..13737c2  mia-logs -> mia-logs
+ echo '[post-receive] Sync complete for mia-logs.'
[post-receive] Sync complete for mia-logs.
+ exec
+ read oldrev newrev refname
+ WORKDIR_BASE=/data
+ echo '[post-receive] Starting sync task...'
[post-receive] Starting sync task...
+ read oldrev newrev refname
+ [[ refs/heads/mia-logs =~ ^refs/heads/ ]]
+ branch=mia-logs
+ echo '[post-receive] Processing branch: mia-logs'
[post-receive] Processing branch: mia-logs
+ WORKDIR=/data/mia-logs
+ LOCKFILE=/tmp/git-post-receive-mia-logs.lock
+ exec
+ flock -x 9
+ echo '[post-receive] Acquired lock for mia-logs'
[post-receive] Acquired lock for mia-logs
+ '[' '!' -d /data/mia-logs/.git ']'
+ echo '[post-receive] WORKDIR already exists.'
[post-receive] WORKDIR already exists.
+ cd /data/mia-logs
+ unset GIT_DIR
+ unset GIT_WORK_TREE
+ git checkout mia-logs
Already on 'mia-logs'
Your branch is up to date with 'origin/mia-logs'.
+ git fetch origin
From /data/fcre-data-exp-worktree
   13737c2..7671804  mia-logs   -> origin/mia-logs
+ git reset --hard origin/mia-logs
HEAD is now at 7671804 Sun 2025-10-12 06:19:40 EST
+ git push github mia-logs
To github.com:FLARE-forecast/FCRE-data.git
   13737c2..7671804  mia-logs -> mia-logs
+ echo '[post-receive] Sync complete for mia-logs.'
[post-receive] Sync complete for mia-logs.
+ exec
+ read oldrev newrev refname
+ WORKDIR_BASE=/data
+ echo '[post-receive] Starting sync task...'
[post-receive] Starting sync task...
+ read oldrev newrev refname
+ [[ refs/heads/mia-logs =~ ^refs/heads/ ]]
+ branch=mia-logs
+ echo '[post-receive] Processing branch: mia-logs'
[post-receive] Processing branch: mia-logs
+ WORKDIR=/data/mia-logs
+ LOCKFILE=/tmp/git-post-receive-mia-logs.lock
+ exec
+ flock -x 9
+ echo '[post-receive] Acquired lock for mia-logs'
[post-receive] Acquired lock for mia-logs
+ '[' '!' -d /data/mia-logs/.git ']'
+ echo '[post-receive] WORKDIR already exists.'
[post-receive] WORKDIR already exists.
+ cd /data/mia-logs
+ unset GIT_DIR
+ unset GIT_WORK_TREE
+ git checkout mia-logs
Already on 'mia-logs'
Your branch is up to date with 'origin/mia-logs'.
+ git fetch origin
From /data/fcre-data-exp-worktree
   7671804..c1c36fb  mia-logs   -> origin/mia-logs
+ git reset --hard origin/mia-logs
HEAD is now at c1c36fb Sun 2025-10-12 10:14:12 EST
+ git push github mia-logs
To github.com:FLARE-forecast/FCRE-data.git
   7671804..c1c36fb  mia-logs -> mia-logs
+ echo '[post-receive] Sync complete for mia-logs.'
[post-receive] Sync complete for mia-logs.
+ exec
+ read oldrev newrev refname
+ WORKDIR_BASE=/data
+ echo '[post-receive] Starting sync task...'
[post-receive] Starting sync task...
+ read oldrev newrev refname
+ [[ refs/heads/mia-logs =~ ^refs/heads/ ]]
+ branch=mia-logs
+ echo '[post-receive] Processing branch: mia-logs'
[post-receive] Processing branch: mia-logs
+ WORKDIR=/data/mia-logs
+ LOCKFILE=/tmp/git-post-receive-mia-logs.lock
+ exec
+ flock -x 9
+ echo '[post-receive] Acquired lock for mia-logs'
[post-receive] Acquired lock for mia-logs
+ '[' '!' -d /data/mia-logs/.git ']'
+ echo '[post-receive] WORKDIR already exists.'
[post-receive] WORKDIR already exists.
+ cd /data/mia-logs
+ unset GIT_DIR
+ unset GIT_WORK_TREE
+ git checkout mia-logs
Already on 'mia-logs'
Your branch is up to date with 'origin/mia-logs'.
+ git fetch origin
From /data/fcre-data-exp-worktree
   c1c36fb..57d275c  mia-logs   -> origin/mia-logs
+ git reset --hard origin/mia-logs
HEAD is now at 57d275c Sun 2025-10-12 12:16:53 EST
+ git push github mia-logs
To github.com:FLARE-forecast/FCRE-data.git
   c1c36fb..57d275c  mia-logs -> mia-logs
+ echo '[post-receive] Sync complete for mia-logs.'
[post-receive] Sync complete for mia-logs.
+ exec
+ read oldrev newrev refname
+ WORKDIR_BASE=/data
+ echo '[post-receive] Starting sync task...'
[post-receive] Starting sync task...
+ read oldrev newrev refname
+ [[ refs/heads/mia-logs =~ ^refs/heads/ ]]
+ branch=mia-logs
+ echo '[post-receive] Processing branch: mia-logs'
[post-receive] Processing branch: mia-logs
+ WORKDIR=/data/mia-logs
+ LOCKFILE=/tmp/git-post-receive-mia-logs.lock
+ exec
+ flock -x 9
+ echo '[post-receive] Acquired lock for mia-logs'
[post-receive] Acquired lock for mia-logs
+ '[' '!' -d /data/mia-logs/.git ']'
+ echo '[post-receive] WORKDIR already exists.'
[post-receive] WORKDIR already exists.
+ cd /data/mia-logs
+ unset GIT_DIR
+ unset GIT_WORK_TREE
+ git checkout mia-logs
Already on 'mia-logs'
Your branch is up to date with 'origin/mia-logs'.
+ git fetch origin
From /data/fcre-data-exp-worktree
   57d275c..a1eb4ff  mia-logs   -> origin/mia-logs
+ git reset --hard origin/mia-logs
HEAD is now at a1eb4ff Sun 2025-10-12 14:48:40 EST
+ git push github mia-logs
To github.com:FLARE-forecast/FCRE-data.git
   57d275c..a1eb4ff  mia-logs -> mia-logs
+ echo '[post-receive] Sync complete for mia-logs.'
[post-receive] Sync complete for mia-logs.
+ exec
+ read oldrev newrev refname
+ WORKDIR_BASE=/data
+ echo '[post-receive] Starting sync task...'
[post-receive] Starting sync task...
+ read oldrev newrev refname
+ [[ refs/heads/mia-logs =~ ^refs/heads/ ]]
+ branch=mia-logs
+ echo '[post-receive] Processing branch: mia-logs'
[post-receive] Processing branch: mia-logs
+ WORKDIR=/data/mia-logs
+ LOCKFILE=/tmp/git-post-receive-mia-logs.lock
+ exec
+ flock -x 9
+ echo '[post-receive] Acquired lock for mia-logs'
[post-receive] Acquired lock for mia-logs
+ '[' '!' -d /data/mia-logs/.git ']'
+ echo '[post-receive] WORKDIR already exists.'
[post-receive] WORKDIR already exists.
+ cd /data/mia-logs
+ unset GIT_DIR
+ unset GIT_WORK_TREE
+ git checkout mia-logs
Already on 'mia-logs'
Your branch is up to date with 'origin/mia-logs'.
+ git fetch origin
From /data/fcre-data-exp-worktree
   a1eb4ff..2166c23  mia-logs   -> origin/mia-logs
+ git reset --hard origin/mia-logs
HEAD is now at 2166c23 Mon 2025-10-13 00:20:49 EST
+ git push github mia-logs
To github.com:FLARE-forecast/FCRE-data.git
   a1eb4ff..2166c23  mia-logs -> mia-logs
+ echo '[post-receive] Sync complete for mia-logs.'
[post-receive] Sync complete for mia-logs.
+ exec
+ read oldrev newrev refname
+ WORKDIR_BASE=/data
+ echo '[post-receive] Starting sync task...'
[post-receive] Starting sync task...
+ read oldrev newrev refname
+ [[ refs/heads/mia-logs =~ ^refs/heads/ ]]
+ branch=mia-logs
+ echo '[post-receive] Processing branch: mia-logs'
[post-receive] Processing branch: mia-logs
+ WORKDIR=/data/mia-logs
+ LOCKFILE=/tmp/git-post-receive-mia-logs.lock
+ exec
+ flock -x 9
+ echo '[post-receive] Acquired lock for mia-logs'
[post-receive] Acquired lock for mia-logs
+ '[' '!' -d /data/mia-logs/.git ']'
+ echo '[post-receive] WORKDIR already exists.'
[post-receive] WORKDIR already exists.
+ cd /data/mia-logs
+ unset GIT_DIR
+ unset GIT_WORK_TREE
+ git checkout mia-logs
Already on 'mia-logs'
Your branch is up to date with 'origin/mia-logs'.
+ git fetch origin
From /data/fcre-data-exp-worktree
   2166c23..643078a  mia-logs   -> origin/mia-logs
+ git reset --hard origin/mia-logs
HEAD is now at 643078a Mon 2025-10-13 00:46:32 EST
+ git push github mia-logs
To github.com:FLARE-forecast/FCRE-data.git
   2166c23..643078a  mia-logs -> mia-logs
+ echo '[post-receive] Sync complete for mia-logs.'
[post-receive] Sync complete for mia-logs.
+ exec
+ read oldrev newrev refname
+ WORKDIR_BASE=/data
+ echo '[post-receive] Starting sync task...'
[post-receive] Starting sync task...
+ read oldrev newrev refname
+ [[ refs/heads/mia-logs =~ ^refs/heads/ ]]
+ branch=mia-logs
+ echo '[post-receive] Processing branch: mia-logs'
[post-receive] Processing branch: mia-logs
+ WORKDIR=/data/mia-logs
+ LOCKFILE=/tmp/git-post-receive-mia-logs.lock
+ exec
+ flock -x 9
+ echo '[post-receive] Acquired lock for mia-logs'
[post-receive] Acquired lock for mia-logs
+ '[' '!' -d /data/mia-logs/.git ']'
+ echo '[post-receive] WORKDIR already exists.'
[post-receive] WORKDIR already exists.
+ cd /data/mia-logs
+ unset GIT_DIR
+ unset GIT_WORK_TREE
+ git checkout mia-logs
Already on 'mia-logs'
Your branch is up to date with 'origin/mia-logs'.
+ git fetch origin
From /data/fcre-data-exp-worktree
   643078a..96848d8  mia-logs   -> origin/mia-logs
+ git reset --hard origin/mia-logs
HEAD is now at 96848d8 Mon 2025-10-13 10:19:16 EST
+ git push github mia-logs
To github.com:FLARE-forecast/FCRE-data.git
   643078a..96848d8  mia-logs -> mia-logs
+ echo '[post-receive] Sync complete for mia-logs.'
[post-receive] Sync complete for mia-logs.
+ exec
+ read oldrev newrev refname
+ WORKDIR_BASE=/data
+ echo '[post-receive] Starting sync task...'
[post-receive] Starting sync task...
+ read oldrev newrev refname
+ [[ refs/heads/fcre-weir-data =~ ^refs/heads/ ]]
+ branch=fcre-weir-data
+ echo '[post-receive] Processing branch: fcre-weir-data'
[post-receive] Processing branch: fcre-weir-data
+ WORKDIR=/data/fcre-weir-data
+ LOCKFILE=/tmp/git-post-receive-fcre-weir-data.lock
+ exec
+ flock -x 9
+ echo '[post-receive] Acquired lock for fcre-weir-data'
[post-receive] Acquired lock for fcre-weir-data
+ '[' '!' -d /data/fcre-weir-data/.git ']'
+ echo '[post-receive] WORKDIR already exists.'
[post-receive] WORKDIR already exists.
+ cd /data/fcre-weir-data
+ unset GIT_DIR
+ unset GIT_WORK_TREE
+ git checkout fcre-weir-data
Already on 'fcre-weir-data'
Your branch is up to date with 'origin/fcre-weir-data'.
+ git fetch origin
From /data/fcre-data-exp-worktree
   351e060..950aa13  fcre-weir-data -> origin/fcre-weir-data
   21b187d..96848d8  mia-logs       -> origin/mia-logs
+ git reset --hard origin/fcre-weir-data
HEAD is now at 950aa13 Mon 2025-10-13 14:19:52 EST
+ git push github fcre-weir-data
To github.com:FLARE-forecast/FCRE-data.git
   351e060..950aa13  fcre-weir-data -> fcre-weir-data
+ echo '[post-receive] Sync complete for fcre-weir-data.'
[post-receive] Sync complete for fcre-weir-data.
+ exec
+ read oldrev newrev refname
+ WORKDIR_BASE=/data
+ echo '[post-receive] Starting sync task...'
[post-receive] Starting sync task...
+ read oldrev newrev refname
+ [[ refs/heads/mia-logs =~ ^refs/heads/ ]]
+ branch=mia-logs
+ echo '[post-receive] Processing branch: mia-logs'
[post-receive] Processing branch: mia-logs
+ WORKDIR=/data/mia-logs
+ LOCKFILE=/tmp/git-post-receive-mia-logs.lock
+ exec
+ flock -x 9
+ echo '[post-receive] Acquired lock for mia-logs'
[post-receive] Acquired lock for mia-logs
+ '[' '!' -d /data/mia-logs/.git ']'
+ echo '[post-receive] WORKDIR already exists.'
[post-receive] WORKDIR already exists.
+ cd /data/mia-logs
+ unset GIT_DIR
+ unset GIT_WORK_TREE
+ git checkout mia-logs
Already on 'mia-logs'
Your branch is up to date with 'origin/mia-logs'.
+ git fetch origin
From /data/fcre-data-exp-worktree
   96848d8..97ede27  mia-logs       -> origin/mia-logs
   351e060..950aa13  fcre-weir-data -> origin/fcre-weir-data
+ git reset --hard origin/mia-logs
HEAD is now at 97ede27 Mon 2025-10-13 12:12:00 EST
+ git push github mia-logs
To github.com:FLARE-forecast/FCRE-data.git
   96848d8..97ede27  mia-logs -> mia-logs
+ echo '[post-receive] Sync complete for mia-logs.'
[post-receive] Sync complete for mia-logs.
+ exec
+ read oldrev newrev refname
