DATAH	filename	date	time	DOY	daytime	file_records	used_records	Tau	qc_Tau	rand_err_Tau	H	qc_H	rand_err_H	LE	qc_LE	rand_err_LE	co2_flux	qc_co2_flux	rand_err_co2_flux	h2o_flux	qc_h2o_flux	rand_err_h2o_flux	ch4_flux	qc_ch4_flux	rand_err_ch4_flux	none_flux	qc_none_flux	rand_err_none_flux	H_strg	LE_strg	co2_strg	h2o_strg	ch4_strg	none_strg	co2_v-adv	h2o_v-adv	ch4_v-adv	none_v-adv	co2_molar_density	co2_mole_fraction	co2_mixing_ratio	co2_time_lag	co2_def_timelag	h2o_molar_density	h2o_mole_fraction	h2o_mixing_ratio	h2o_time_lag	h2o_def_timelag	ch4_molar_density	ch4_mole_fraction	ch4_mixing_ratio	ch4_time_lag	ch4_def_timelag	none_molar_density	none_mole_fraction	none_mixing_ratio	none_time_lag	none_def_timelag	sonic_temperature	air_temperature	air_pressure	air_density	air_heat_capacity	air_molar_volume	ET	water_vapor_density	e	es	specific_humidity	RH	VPD	Tdew	u_unrot	v_unrot	w_unrot	u_rot	v_rot	w_rot	wind_speed	max_wind_speed	wind_dir	yaw	pitch	roll	u*	TKE	L	(z-d)/L	bowen_ratio	T*	model	x_peak	x_offset	x_10%	x_30%	x_50%	x_70%	x_90%	un_Tau	Tau_scf	un_H	H_scf	un_LE	LE_scf	un_co2_flux	co2_scf	un_h2o_flux	h2o_scf	un_ch4_flux	ch4_scf	un_none_flux	un_none_scf	spikes_hf	amplitude_resolution_hf	drop_out_hf	absolute_limits_hf	skewness_kurtosis_hf	skewness_kurtosis_sf	discontinuities_hf	discontinuities_sf	timelag_hf	timelag_sf	attack_angle_hf	non_steady_wind_hf	u_spikes	v_spikes	w_spikes	ts_spikes	co2_spikes	h2o_spikes	ch4_spikes	none_spikes	head_detect_LI-7200	t_out_LI-7200	t_in_LI-7200	aux_in_LI-7200	delta_p_LI-7200	chopper_LI-7200	detector_LI-7200	pll_LI-7200	sync_LI-7200	chopper_LI-7500	detector_LI-7500	pll_LI-7500	sync_LI-7500	not_ready_LI-7700	no_signal_LI-7700	re_unlocked_LI-7700	bad_temp_LI-7700	laser_temp_unregulated_LI-7700	block_temp_unregulated_LI-7700	motor_spinning_LI-7700	pump_on_LI-7700	top_heater_on_LI-7700	bottom_heater_on_LI-7700	calibrating_LI-7700	motor_failure_LI-7700	bad_aux_tc1_LI-7700	bad_aux_tc2_LI-7700	bad_aux_tc3_LI-7700	box_connected_LI-7700	mean_value_RSSI_LI-7200	mean_value_LI-7500	u_var	v_var	w_var	ts_var	co2_var	h2o_var	ch4_var	none_var	w/ts_cov	w/co2_cov	w/h2o_cov	w/ch4_cov	w/none_cov	co2_mean	h2o_mean	air_p_mean	vin_sf_mean	dew_point_mean	avg_signal_strength_7200_mean	co2_signal_strength_7200_mean	h2o_signal_strength_7200_mean	delta_signal_strength_7200_mean	flowrate_mean	hit_power_mean	hit_vin_mean	ch4_mean	rssi_77_mean	ch4_aux-1_mean	ch4_aux-2_mean	ch4_aux-3_mean	ch4_aux-4_mean	CHK
DATAU		[yyyy-mm-dd]	[HH:MM]	[ddd.ddd]	[1=daytime]	[#]	[#]	[kg+1m-1s-2]	[#]	[kg+1m-1s-2]	[W+1m-2]	[#]	[W+1m-2]	[W+1m-2]	[#]	[W+1m-2]	[µmol+1s-1m-2]	[#]	[µmol+1s-1m-2]	[mmol+1s-1m-2]	[#]	[mmol+1s-1m-2]	[µmol+1s-1m-2]	[#]	[µmol+1s-1m-2]	[µmol+1s-1m-2]	[#]	[µmol+1s-1m-2]	[W+1m-2]	[W+1m-2]	[µmol+1s-1m-2]	[mmol+1s-1m-2]	[µmol+1s-1m-2]	[µmol+1s-1m-2]	[µmol+1s-1m-2]	[mmol+1s-1m-2]	[µmol+1s-1m-2]	[µmol+1s-1m-2]	[mmol+1m-3]	[µmol+1mol_a-1]	[µmol+1mol_d-1]	[s]	[1=default]	[mmol+1m-3]	[mmol+1mol_a-1]	[mmol+1mol_d-1]	[s]	[1=default]	[mmol+1m-3]	[µmol+1mol_a-1]	[µmol+1mol_d-1]	[s]	[1=default]	[mmol+1m-3]	[µmol+1mol_a-1]	[µmol+1mol_d-1]	[s]	[1=default]	[K]	[K]	[Pa]	[kg+1m-3]	[J+1kg-1K-1]	[m+3mol-1]	[mm]	[kg+1m-3]	[Pa]	[Pa]	[kg+1kg-1]	[%]	[Pa]	[K]	[m+1s-1]	[m+1s-1]	[m+1s-1]	[m+1s-1]	[m+1s-1]	[m+1s-1]	[m+1s-1]	[m+1s-1]	[deg_from_north]	[deg]	[deg]	[deg]	[m+1s-1]	[m+2s-2]	[m]	[#]	[#]	[K]	[0=KJ/1=KM/2=HS]	[m]	[m]	[m]	[m]	[m]	[m]	[m]	[kg+1m-1s-2]	[#]	[W+1m-2]	[#]	[W+1m-2]	[#]	[µmol+1s-1m-2]	[#]	[mmol+1s-1m-2]	[#]	[µmol+1s-1m-2]	[#]	[µmol+1s-1m-2]	[#]	8u/v/w/ts/co2/h2o/ch4/none	8u/v/w/ts/co2/h2o/ch4/none	8u/v/w/ts/co2/h2o/ch4/none	8u/v/w/ts/co2/h2o/ch4/none	8u/v/w/ts/co2/h2o/ch4/none	8u/v/w/ts/co2/h2o/ch4/none	8u/v/w/ts/co2/h2o/ch4/none	8u/v/w/ts/co2/h2o/ch4/none	8co2/h2o/ch4/none	8co2/h2o/ch4/none	8aa	8U	[#]	[#]	[#]	[#]	[#]	[#]	[#]	[#]	[#_flagged_recs]	[#_flagged_recs]	[#_flagged_recs]	[#_flagged_recs]	[#_flagged_recs]	[#_flagged_recs]	[#_flagged_recs]	[#_flagged_recs]	[#_flagged_recs]	[#_flagged_recs]	[#_flagged_recs]	[#_flagged_recs]	[#_flagged_recs]	[#_flagged_recs]	[#_flagged_recs]	[#_flagged_recs]	[#_flagged_recs]	[#_flagged_recs]	[#_flagged_recs]	[#_flagged_recs]	[#_flagged_recs]	[#_flagged_recs]	[#_flagged_recs]	[#_flagged_recs]	[#_flagged_recs]	[#_flagged_recs]	[#_flagged_recs]	[#_flagged_recs]	[#_flagged_recs]	[#]	[#]	[m+2s-2]	[m+2s-2]	[m+2s-2]	[K+2]	--	--	--	--	[m+1s-1K+1]	--	--	--	--	--	--	--	--	--	--	--	--	--	--	--	--	--	--	--	--	--	--	207
DATA	2025-06-02T233000_AIU-0547.ghg	2025-06-03	00:00:00	154	0	18000	18000	0.00993101982937435	0	NaN	33.52815106546964	0	NaN	22.78560825482882	1	NaN	1.462451165423802	1	NaN	0.51175257727846	1	NaN	-0.00017737160376474258	0	NaN	NaN	NaN	NaN	NaN	NaN	NaN	NaN	NaN	NaN	-9.909401809856548e-11	-2.793305871504316e-12	-5.447611890480111e-13	NaN	16.293334393764447	408.31014996920436	413.06436655962364	0.1	1	459.28369342351147	11.509626526288747	11.643640479615497	0.1	1	0.08957126159800424	2.090584749664323	2.114926766881581	0	0	NaN	NaN	NaN	NaN	9	286.2161332083808	285.50773895348436	95570.63398632813	1.1611008148963387	1011.6459142950501	0.024837245947315165	0.03316156700764421	0.008350502064411207	1100.2773626720702	1431.628630071233	0.0071918837341929925	76.85494265487861	331.3512673991627	281.53035772776184	1.0786979686750355	0.2539232659284253	0.24865392756102178	1.1357354922229659	9.340644198951041e-15	-6.08187469205133e-15	1.1357354922229659	2.276990833798971	318.75384438294844	13.246155617051514	12.646574864784327	NaN	0.09248301074863698	0.14120854059630267	-1.9928148875159981	-1.4552279883932366	1.4714617529845497	0.3086378487740816	1	17.000915414026128	8	13	22	32	51	112	0.009813710939302906	1.0119535709577132	34.42854936058296	1.014511830722145	20.977393665498425	1.0861982483698327	1.3463943323593552	1.0861982483698327	0.47114104450683725	1.0861982483698327	-0.011878064627821643	1.1480336646603073	NaN	NaN	800000009	800000009	800000009	800000009	800000009	800010009	899999999	899999999	89999	89999	89	89	0	1	0	52	11	0	2	NaN	0	0	0	0	0	0	0	0	0	NaN	NaN	NaN	NaN	0	0	0	0	0	0	0	0	15027	0	0	0	18000	18000	18000	18000	93	NaN	0.11695217395325207	0.13031650873587486	0.03514839850347839	0.11313838676450738	1.724285766567981	0.055938746418558664	1.0242476840579449e-7	NaN	0.029310299921128494	0.033830204640794934	0.011838135059892752	-0.000011878064627821643	NaN	408.3100944759383	11.50956829071468	95959.13871614584	11.450302593972948	8.371401510450562	95.83936794439951	96.04449691200256	95.63424399820964	0.41024673931797345	0.0002786922054365278	-1	0	2.080479313126869	78.83729966142434	1.0001676512824165	-273.1499938964844	9.001077332496642	-273.1499938964844	251
DATA	2025-06-03T000000_AIU-0547.ghg	2025-06-03	00:30:00	154.02	0	18000	18000	0.007196362566835381	0	NaN	21.86954303052006	0	NaN	4.880036486503678	0	NaN	-0.8328363786542232	0	NaN	0.10956129595390574	0	NaN	-0.006935544391048555	0	NaN	NaN	NaN	NaN	NaN	NaN	NaN	NaN	NaN	NaN	-4.7817034680426154e-11	-1.3292995018301136e-12	-2.6330958608381124e-13	NaN	16.31476588138622	408.1828310618572	412.8677916252848	0.2	0	453.5456935701467	11.347362662960023	11.4776031888454	0.1	1	0.08983899315363832	2.0928685205325355	2.116889634937634	0	0	NaN	NaN	NaN	NaN	9	285.7839589301215	285.1108011160957	95583.18774782986	1.1629417177925974	1011.5481114239366	0.024799457481297887	0.007099571977813092	0.008245320642367524	1084.90803291077	1394.6986479628777	0.007090054915235245	77.78798914700367	309.79061505210757	281.3231470739054	1.035728971659319	0.15862910362064864	0.21501042751042557	1.069638807816984	-1.1048272567048964e-14	-2.9309053545770694e-15	1.069638807816984	2.304672665335962	323.2924164524318	8.707583547568138	11.596154740413173	NaN	0.07866427472422885	0.0900236868728461	-1.880221905772641	-1.5423711377345648	4.481430229262196	0.23632935620802464	1	18.868854702376275	8	15	24	36	56	122	0.0071079616919954266	1.0124368811581395	21.8982135586379	1.0147799849410932	4.493353970451043	1.0860565445312158	-0.7668443994448814	1.0860565445312158	0.10087991873498323	1.0860565445312158	-0.013453881653708902	1.1481956022775641	NaN	NaN	800000009	800000009	800000009	800000009	800000009	800010009	899999999	899999999	89999	89999	89	89	11	2	0	43	9	0	2	NaN	0	0	0	0	0	0	0	0	0	NaN	NaN	NaN	NaN	0	0	0	0	0	0	0	0	16911	0	0	0	18000	18000	18000	18000	93	NaN	0.06824830430905143	0.0812241164298729	0.03057495300676789	0.049340874677392337	1.4388310495901402	0.01901874454426361	4.633245774433863e-8	NaN	0.018615049403814806	-0.019235657611467914	0.0025304893379459593	-0.000013453881653708902	NaN	408.18270371783933	11.347340699997037	95971.7910952691	11.460000038146973	8.165912621498093	95.88162134446038	96.08678574583266	95.6764515217675	0.41033528839796796	0.00027814358715841077	-1	0	2.082905066099432	78.98768101068418	1.0001692425542408	-273.1499938964844	9.001084951612684	-273.1499938964844	196
DATA	2025-06-03T003000_AIU-0547.ghg	2025-06-03	01:00:00	154.041	0	18000	18000	0.010828911954110829	0	NaN	29.43096221309013	0	NaN	5.4904686149265975	1	NaN	-0.539381815223699	1	NaN	0.12322712943035428	1	NaN	-0.0017730174111915782	0	NaN	NaN	NaN	NaN	NaN	NaN	NaN	NaN	NaN	NaN	-4.457082043422685e-11	-1.2495099809768894e-12	-2.452449861164736e-13	NaN	16.348870071790998	406.39110240519227	411.0744214691886	0.1	1	458.32847888772693	11.392873940582588	11.524167326200166	0.1	1	0.08995747385205081	2.092502508401831	2.1166168574391477	0	0	NaN	NaN	NaN	NaN	9	285.4649305903116	284.7813307723999	95594.05420963542	1.16439939093738	1011.5674088089066	0.02476798377909034	0.007985117987086957	0.008288910141332935	1089.3831462138044	1364.6847693470163	0.007118614288058059	79.82672414048118	275.30162313321193	281.3837466793716	1.1585426238212546	0.334495834079745	0.23727939072850335	1.2289873813395413	2.253573996317969e-14	-2.72623246979809e-15	1.2289873813395413	2.4727680260779303	315.8954491538916	16.104550846108406	11.131943209750629	NaN	0.09643649700527203	0.14816000948778832	-2.5743763424385047	-1.1264864239907741	5.3603734539303245	0.2590992980597153	1	19.5637505835278	9	15	25	37	59	130	0.010707235007013342	1.0113639933201977	29.426751957371394	1.0141986916472756	5.053336577071691	1.0865036458957216	-0.49643810884686784	1.0865036458957216	0.11341621346218764	1.0865036458957216	-0.011032756839062229	1.1479199503406403	NaN	NaN	800000009	800000009	800000009	800000009	800000009	800010019	899999999	899999999	89999	89999	89	89	6	3	0	53	8	0	18	NaN	0	0	412	0	0	0	0	0	0	NaN	NaN	NaN	NaN	0	0	0	0	0	0	0	0	15524	0	0	0	18000	18000	18000	18000	93	NaN	0.11515094203976221	0.14818807345276652	0.03298100348304789	0.07335790544847828	14.172282074915978	0.021595896331900916	8.356448926428289e-8	NaN	0.024983054211240863	-0.01243750799723521	0.0028414721529511247	-0.000011032756839062228	NaN	406.39083174095015	11.392849559445871	95982.38120551215	11.45636384381188	8.226325914409403	95.89469183731079	96.09829305521647	95.6910922434065	0.40719850076072733	0.0002761506815861342	-1	0	2.082526252080997	78.7566412232716	1.0001248288816875	-273.1903688981798	9.00084359131919	-273.1499938964844	088
DATA	2025-06-03T010000_AIU-0547.ghg	2025-06-03	01:30:00	154.062	0	18000	18000	0.0034066551141006185	1	NaN	23.346803518604517	0	NaN	2.552751013237512	1	NaN	-3.103492952666475	1	NaN	0.05728049060943903	1	NaN	-0.000051036877857220426	0	NaN	NaN	NaN	NaN	NaN	NaN	NaN	NaN	NaN	NaN	-5.119864258327771e-11	-1.4194786922408913e-12	-2.804909917018448e-13	NaN	16.391337657321813	406.8389628126426	411.48028807420394	0.1	1	454.448660509868	11.279581054255353	11.408261464128124	0.1	1	0.08979969629748827	2.086447746821356	2.110250488248335	0	0	NaN	NaN	NaN	NaN	9	285.20229018168976	284.54433152601456	95610.64975434028	1.1656216900834306	1011.4999629659717	0.02474307598981559	0.0037117757914916488	0.008214744769968684	1078.7373558335205	1343.4476223346169	0.007047522227714126	80.29619747727209	264.7102665010964	281.2392244933549	1.0937937805371183	0.08006944267861048	0.17692100936527574	1.1108991824406709	-2.613915369681706e-14	-3.123518266394073e-15	1.1108991824406709	2.3812085413852357	327.81322109966163	4.186778900338293	9.163905093501885	NaN	0.054061149273316296	0.09631953139013825	-0.5717736883387071	-5.07193678048735	9.145742533266127	0.36628460274599917	1	18.54732440586737	8	14	23	34	53	111	0.0033658337012074007	1.012128172844242	23.23399817169539	1.0146076863782094	2.3503014037795116	1.086137722222538	-2.8573659575287293	1.086137722222538	0.05273777849481861	1.086137722222538	-0.0073600591563499395	1.1480858416707744	NaN	NaN	800000009	800000009	800000009	800000009	800000019	800011019	899999999	899999999	89999	89999	89	89	9	14	1	79	12	0	14	NaN	0	0	35	0	0	0	0	0	0	NaN	NaN	NaN	NaN	0	0	0	0	0	0	0	0	17307	17997	0	0	18000	18000	18000	18000	93	NaN	0.08163178981824576	0.08342323095961868	0.027584042002412084	0.051967429870027365	14.82856868582558	0.003530205833010231	4.481925346274693e-8	NaN	0.019706089884160054	-0.07150680618717498	0.0013197854813223526	-0.0000073600591563499395	NaN	406.83936646331813	11.279573982056924	96001.17735481772	11.449999809265137	8.083192961745791	95.90391610760159	96.10649604776171	95.70134396468268	0.4051434441299901	0.00027591668925985386	-1	0	2.0766228243443705	78.28148416980082	1.0001521481838491	-273.1499938964844	9.000980276372697	-273.1499938964844	134
DATA	2025-06-03T013000_AIU-0547.ghg	2025-06-03	02:00:00	154.083	0	18000	18000	0.009153030245556894	1	NaN	35.168253033400816	0	NaN	7.283505917419157	1	NaN	2.5098939984399458	1	NaN	0.1634162875485712	1	NaN	-0.0017292396211017352	0	NaN	NaN	NaN	NaN	NaN	NaN	NaN	NaN	NaN	NaN	-2.463414611978187e-10	-6.9000134355260516e-12	-1.3466374476198663e-12	NaN	16.405432350046738	403.43900572720867	408.0500978020562	0	0	459.51543471618646	11.300308711320016	11.429465196445133	0.1	1	0.08968108510660627	2.082734161141638	2.106538698749854	0	0	NaN	NaN	NaN	NaN	9	285.1151372587416	284.4400236324734	95597.03516601563	1.16587392093382	1011.5096041029213	0.024737528233732015	0.010589375433147414	0.008231686065922663	1080.5657818667157	1334.1932859341493	0.0070605285169509585	80.99019784154784	253.62750406743362	281.2641355369522	1.374389412180465	0.32664298522855956	0.274173537633495	1.4390319749230893	8.71634957448442e-14	-1.5015846942742527e-14	1.4390319749230893	3.169910903816197	318.63088315211456	13.369116847885472	10.983504101155983	NaN	0.0886046786499214	0.3015492351274199	-1.6709809715814121	-1.7355074948911282	4.828478679380597	0.33656778311439445	1	22.33414401544094	10	17	28	42	66	142	0.009059400784054625	1.0103350611959971	35.21772366109116	1.013708845873207	6.697124518861078	1.0875571891946545	2.30782714084079	1.0875571891946545	0.15025994878447024	1.0875571891946545	-0.012819432140744007	1.1480539404458063	NaN	NaN	800000009	800000009	800000009	800000009	800000009	800010019	899999999	899999999	89999	89999	89	89	6	5	0	33	3	0	5	NaN	0	0	9695	0	0	0	0	0	0	NaN	NaN	NaN	NaN	0	0	0	0	0	0	0	0	15821	18000	0	0	18000	18000	18000	18000	93	NaN	0.31642871744850287	0.2461070521851746	0.040562700621162344	0.09252712262758557	8.896568999364241	0.0332173323266094	6.501073815531015e-8	NaN	0.029863429673411223	0.05774262355586335	0.003759555256388906	-0.000012819432140744006	NaN	403.4386680619981	11.30027304363817	95989.14923784722	11.436063488165539	8.106895846737753	95.90647463417054	96.10705421362982	95.70589803801643	0.4011546675711871	0.0002733478818990987	-1	0	2.072951371735997	76.72641777896862	1.0001584783908393	-273.1499938964844	9.001029988818699	-273.1499938964844	213
DATA	2025-06-03T020000_AIU-0547.ghg	2025-06-03	02:30:00	154.104	0	18000	18000	0.004737165806451757	0	NaN	22.509593119664924	0	NaN	-0.23397953447412279	2	NaN	-2.5438758430195825	0	NaN	-0.005249865189210132	2	NaN	-0.0010255496319156452	0	NaN	NaN	NaN	NaN	NaN	NaN	NaN	NaN	NaN	NaN	5.229927638313508e-11	1.4576034151568826e-12	2.87021228799533e-13	NaN	16.39051461857994	403.2214800273914	407.80436787842956	0.1	1	456.8107196971659	11.237956755785357	11.3656838190437	0.1	1	0.089952021745344	2.089297727766156	2.1130440251437923	0	0	NaN	NaN	NaN	NaN	9	285.13374968465166	284.4770681949192	95617.7160904948	1.1660018950422142	1011.4755539869619	0.02473539885364061	-0.00034019126426081657	0.008186970641032897	1074.83599457314	1337.4734850954358	0.007021404232569016	80.36316282535087	262.6374905222958	281.1859464014903	1.0162328535988803	0.1769483089431207	0.21323314772631935	1.053331995175671	-7.692035932758983e-14	3.1908257672306235e-15	1.053331995175671	2.6899783367490695	322.1225829084837	9.877417091516326	11.679492161094984	NaN	0.06373964858873131	0.2168315494136599	-0.9720227361074157	-2.983469308149525	-96.2032562816061	0.29943553130988004	1	18.234500177679415	8	14	23	34	53	113	0.004678378407267934	1.012565764046041	22.247004098154832	1.0148529719120154	-0.21544417301911167	1.0860332456212072	-2.342355405118832	1.0860332456212072	-0.004833982026219858	1.0860332456212072	-0.007841297599980687	1.14824658964824	NaN	NaN	800000009	800000009	800000009	800000009	800000009	800010019	899999999	899999999	89999	89999	89	89	0	0	1	51	0	0	7	NaN	0	0	5107	0	0	0	0	0	0	NaN	NaN	NaN	NaN	0	0	0	0	0	0	0	0	16317	604	0	0	18000	18000	18000	18000	93	NaN	0.14642601537742608	0.2598801989928844	0.027356884457009328	0.060063327575525655	19.1319409670496	0.03276721206726792	5.386388964051508e-8	NaN	0.018863265941462884	-0.05859779128794366	-0.00012092984234718723	-0.000007841297599980686	NaN	403.2208723560681	11.237921722995372	96009.98610980903	11.430908630424076	8.028773244380927	95.906179573271	96.10689942508273	95.70546370230781	0.40143232487556013	0.0002736833908533702	-1	0	2.079500738912158	75.85053615347555	1.000165704054965	-273.1499938964844	9.001043446143468	-273.1499938964844	006
DATA	2025-06-03T023000_AIU-0547.ghg	2025-06-03	03:00:00	154.124	0	18000	18000	0.023315215708916415	0	NaN	37.00512289990486	0	NaN	0.15669093978744375	2	NaN	-1.227690731083469	1	NaN	0.0035160378144584283	2	NaN	-0.010103263998848767	0	NaN	NaN	NaN	NaN	NaN	NaN	NaN	NaN	NaN	NaN	-6.932709766913822e-11	-1.9459651400265465e-12	-3.8105760096060445e-13	NaN	16.438973346930894	409.6133508439419	414.37768817661924	0.1	1	461.4309576844383	11.497572066782332	11.631303820691373	0.1	1	0.09035710359219877	2.0998408981000294	2.124264785560945	0	0	NaN	NaN	NaN	NaN	9	285.24985909864637	284.57167491997615	95622.0131844618	1.1655517174904775	1011.6219990989624	0.024742513010269227	0.00022783925037690614	0.008373694786270309	1099.7158958007985	1345.8828894077715	0.0071843185168132375	81.70962752076493	246.16699360697294	281.52283303071425	1.3743544119399926	0.6474376417243713	0.27267386054829784	1.5434949250862178	8.919623502078736e-14	-4.217240104114007e-15	1.5434949250862178	3.4647020967068	306.77558226838164	25.22441773161835	10.175276117993128	NaN	0.14143403922151493	0.32490875101945665	-6.460245884149342	-0.4488993224105215	236.16632174204514	0.2219004038131535	1	21.32450604513376	9	17	28	43	69	160	0.023085762113110777	1.0099391821972958	36.65325648184671	1.0135504571453489	0.14398707297577873	1.0882292177284698	-1.1281545386606198	1.0882292177284698	0.003230971708145898	1.0882292177284698	-0.02078337717068408	1.1482806983705838	NaN	NaN	800000009	800000009	800000009	800000009	800000009	800001019	899999999	899999999	89999	89999	89	89	5	0	0	49	6	1	4	NaN	0	0	0	0	0	0	0	0	0	NaN	NaN	NaN	NaN	0	0	0	0	0	0	0	0	15323	0	0	0	18000	18000	18000	18000	93	NaN	0.31118227815197286	0.2831348126068456	0.05550041128009491	0.07996906718422542	6.526109475940793	0.008900937622609953	4.8208131215231366e-8	NaN	0.03108585036108124	-0.028238135436911952	0.0000808724457163232	-0.00002078337717068408	NaN	409.61342873184657	11.497560088320155	96013.56072439236	11.460000038146973	8.366602711412643	95.90844666523404	96.10968988757664	95.70720541360643	0.4024871815641721	0.0002768999675237055	-1	0	2.089733911229504	77.13805690670016	1.0001395058499443	-273.1499938964844	9.000888509353002	-273.1499938964844	157
DATA	2025-06-03T030000_AIU-0547.ghg	2025-06-03	03:30:00	154.145	0	18000	18000	0.024296387009499022	0	NaN	28.44804734667305	0	NaN	9.526643449661195	1	NaN	-0.23238260952615547	2	NaN	0.21387305980040194	1	NaN	0.00009670021202967494	0	NaN	NaN	NaN	NaN	NaN	NaN	NaN	NaN	NaN	NaN	9.122726088776009e-11	2.5519814829150076e-12	4.982050742611688e-13	NaN	16.481953497230666	408.13377538138803	412.847289999217	0.1	0	461.0643761292881	11.417089882890911	11.548945228618633	0.1	1	0.09001029720885387	2.096465588965241	2.120677555225884	0	0	NaN	NaN	NaN	NaN	9	285.7654704827203	285.0677653495534	95615.45390976583	1.1634791094347452	1011.5862026189758	0.024787346649557847	0.013858974275066046	0.008300039779304661	1091.943055099737	1390.7455232590353	0.00713381075087552	78.5149430171026	298.8024681592983	281.41831297183893	1.255067659515099	1.0983040912992394	0.2425041305588061	1.6853115321101382	-1.788483444949877e-14	5.534978660332241e-15	1.6853115321101382	3.7477245357711886	290.8109751560659	41.189024843934085	8.273166728599499	NaN	0.1445078878754629	0.28181545263723395	-8.96288653260908	-0.32355647808874083	2.9861564040884487	0.16726282270806528	1	25.192178166241618	11	20	34	51	84	197	0.02406788386420353	1.0094941103499069	28.697787613939436	1.013404683051133	8.74588020291295	1.0892721176867024	-0.21333751755224273	1.0892721176867024	0.19634493192996275	1.0892721176867024	-0.00925437765642959	1.1487241771387118	NaN	NaN	800000009	800000009	800000009	800000019	800000019	800010019	899999999	899999999	89999	89999	89	89	1	2	1	44	20	0	10	NaN	0	0	3588	0	0	0	0	0	0	NaN	NaN	NaN	NaN	0	1	0	0	0	0	0	0	16116	0	0	0	18000	18000	18000	18000	93	NaN	0.2907643942034675	0.20533952827719237	0.06752698279380805	0.12526725676443837	22.983948616227536	0.036841516204410465	8.413823460853602e-8	NaN	0.024382988290992617	-0.005349159214343945	0.004923092355594225	-0.00000925437765642959	NaN	408.13283775639474	11.417050583427867	96010.02912456598	11.460000038146973	8.26099871296351	95.8963661725786	96.09947288958232	95.69325629679363	0.40622058534622163	0.0002751814744163611	-1	0	2.0864938619512103	77.73549201054037	1.000143176883459	-273.1499938964844	9.000850358830558	-273.1499938964844	187
DATA	2025-06-03T033000_AIU-0547.ghg	2025-06-03	04:00:00	154.166	0	18000	18000	0.028406348818193084	0	NaN	36.05702926837554	0	NaN	18.589545741313035	0	NaN	0.9022563704456628	2	NaN	0.41758328722628985	0	NaN	-0.003934276939567697	0	NaN	NaN	NaN	NaN	NaN	NaN	NaN	NaN	NaN	NaN	2.3327112207362556e-11	6.659804671630108e-13	1.281153737347239e-13	NaN	16.309028132717064	402.4443268650484	407.12201115004007	0.1	0	465.61675008248415	11.489637398327226	11.6231835628789	0.1	1	0.08957119149166265	2.0921702864267884	2.1164879657107276	0	0	NaN	NaN	NaN	NaN	9	286.4177541412777	285.6875718883938	95653.71885373264	1.161387522721095	1011.638263542718	0.024831302965984157	0.02705939701226358	0.0083379945768021	1099.321347667584	1448.6409239238428	0.007179338862937357	75.88639320570353	349.31957625625887	281.51754332736596	1.074464504431004	0.9026159741515521	0.2826480120440697	1.4314606060902153	6.446569172513105e-15	1.4303189630635758e-15	1.4314606060902153	3.062735640720058	291.96768387632824	40.03231612367173	11.388131129836502	NaN	0.15639365515981485	0.23889905473955453	-8.966596002043245	-0.32342262318266246	1.939640148830701	0.19623135791339436	1	18.100999478495513	8	14	24	37	61	146	0.02811490067161358	1.0103663231815636	36.72590403339472	1.01372220771562	17.093619222981687	1.0875137382445104	0.8296505494285578	1.0875137382445104	0.38397978116613257	1.0875137382445104	-0.015861456533212873	1.1480417922963368	NaN	NaN	800000009	800000009	800000009	800000009	800001009	800011019	899999999	899999999	89999	89999	89	89	3	0	0	42	44	0	17	NaN	0	0	17789	0	0	0	0	0	0	NaN	NaN	NaN	NaN	0	0	0	0	0	0	0	0	16613	0	0	0	18000	18000	18000	18000	93	NaN	0.2019396150596804	0.2094049540733673	0.06645354034606135	0.06982080822882593	3.0642907009117932	0.0304368933017709	4.164609145896809e-8	NaN	0.03125864092585388	0.020840821865941408	0.009645572132650814	-0.00001586145653321287	NaN	402.4419788153105	11.489604296542007	96048.36568532986	11.460000038146973	8.36070518231392	95.84914051437377	96.05304327922397	95.64524054188198	0.40779947375423375	0.00027400728117208924	-1	0	2.0821462657379888	77.76875674925897	1.000132234096527	-273.1499938964844	9.000841942681207	-273.1499938964844	190
DATA	2025-06-03T040000_AIU-0547.ghg	2025-06-03	04:30:00	154.187	0	18000	18000	0.0982270516036734	0	NaN	45.38909719442557	0	NaN	5.131456365841542	1	NaN	1.2971958899800484	1	NaN	0.11528153842199174	1	NaN	-0.0009891509330479803	0	NaN	NaN	NaN	NaN	NaN	NaN	NaN	NaN	NaN	NaN	6.315302312593068e-11	1.8164504626084155e-12	3.4904153378973566e-13	NaN	16.220541136199262	400.42704599313424	405.09264244573853	0.2	0	466.546302808901	11.517356682747577	11.651551760278197	0.1	1	0.08964958883739989	2.095026077002257	2.119436381777581	-0.1	0	NaN	NaN	NaN	NaN	9	286.5416084459092	285.79507325978886	95674.32272935247	1.1611885139596674	1011.6557664484985	0.024835297196756714	0.007470243689745064	0.00835676615161353	1102.210877368817	1458.8952817433324	0.007196735113333883	75.55106190018729	356.68440437451545	281.5562445299675	1.606929699920648	1.029312770876985	0.3542062803298607	1.9409198669195005	-4.269846325893272e-14	3.893398043607346e-15	1.9409198669195005	4.3760000670987935	299.3585596681621	32.6414403318379	10.515063580506373	NaN	0.2908467321264871	0.546918360461726	-45.8216690281574	-0.06328883389686113	8.845266130794021	0.13284703422611355	0	77.73090839751015	-11.795965237086053	26.682505484268127	66.44321138574419	101.3300896779924	142.11689155235783	212.91700063373682	0.09736105647148262	1.008894676820238	45.24084994980694	1.013298510656468	4.701572091699616	1.091434155588269	1.1885241847510961	1.091434155588269	0.10562390578647089	1.091434155588269	-0.01513970827133905	1.1498423787594243	NaN	NaN	800000009	800000009	800000009	800000019	800001019	800011019	899999999	899999999	89999	89999	89	89	1	0	1	35	10	0	15	NaN	0	0	17130	0	0	0	0	0	0	NaN	NaN	NaN	NaN	0	3	0	0	0	0	0	0	15811	0	0	0	18000	18000	18000	18000	93	NaN	0.6278388224964936	0.38171662726398614	0.08428127116297245	0.19698414465962563	10.330992090924086	0.046887106890478245	6.714633655654322e-8	NaN	0.038511928165207605	0.029861367629832058	0.0026537737487008625	-0.00001513970827133905	NaN	400.42693757422694	11.517307849809644	96066.50713151041	11.453031545321148	8.398238301595063	95.83369223340353	96.03765483326382	95.62973346604241	0.4079251330031288	0.00027482658528283027	-1	0	2.0849218979846538	75.64387871646876	1.0001436946988105	-273.1499938964844	9.000886703809103	-273.1499938964844	216
DATA	2025-06-03T043000_AIU-0547.ghg	2025-06-03	05:00:00	154.208	0	18000	18000	0.13833986809760818	1	NaN	39.91857871951825	1	NaN	17.731556891558323	1	NaN	5.027255165085858	1	NaN	0.39830455674539667	1	NaN	-0.009785158347967617	1	NaN	NaN	NaN	NaN	NaN	NaN	NaN	NaN	NaN	NaN	-1.0747939379622352e-11	-3.072498608098209e-13	-5.997597051980917e-14	NaN	16.132495092956223	397.8666510900059	402.4439516413497	-0.1	0	461.1774124092688	11.373759085396811	11.504609745008041	0.1	1	0.09002302822256014	2.102436799898598	2.1266245147949747	-0.1	0	NaN	NaN	NaN	NaN	9	286.39711993832054	285.67334786477625	95687.94865782805	1.1619121057302235	1011.5734911495127	0.024821184354582235	0.025810135277101704	0.008257266829118303	1088.6236088609462	1447.2888794002938	0.007106619156815552	75.21812848531206	358.6652705393476	281.373476914332	1.9046039952641782	1.1591057782817868	0.36464602377815347	2.2592054591558446	2.5210795700715667e-15	-6.66229204948906e-16	2.2592054591558446	4.624165775788755	300.676101109107	31.323898890893016	9.28843029613125	NaN	0.3450539793973515	0.7640741868625087	-87.00585033332334	-0.03333109197703337	2.251273194094015	0.09842769464487229	0	83.03717556522707	-12.601211751496848	28.50397529238546	70.97892875174814	108.24734484771798	151.81844028205745	227.45168848446767	0.13718670124352628	1.0084058209988944	40.507578304832116	1.0133714706293315	16.200365885752422	1.094515828630298	4.593131532302351	1.094515828630298	0.3639093618626274	1.094515828630298	-0.022395247353586036	1.151673179664201	NaN	NaN	800000009	800000009	800000009	800000019	800001019	800011019	899999999	899999999	89999	89999	89	89	3	1	4	26	8	0	4	NaN	0	0	14348	0	0	0	0	0	0	NaN	NaN	NaN	NaN	0	19	0	0	0	0	0	0	14625	0	0	0	18000	18000	18000	18000	93	NaN	0.8281172666824027	0.5994584979362865	0.10057260910632806	0.14965053562030162	7.3977082244189605	0.05659923420695799	8.354303416074793e-8	NaN	0.03446399064696064	0.11531892603625737	0.009136606798521678	-0.000022395247353586037	NaN	397.86618839647304	11.37370056530867	96077.81396636285	11.450302038404677	8.214626237206998	95.82796870729658	96.03131474403806	95.62461881086561	0.406696126650605	0.0002742317298689158	-1	0	2.0922089690526326	75.9093341739707	1.0001196051041286	-273.1499938964844	9.000767191383574	-273.1499938964844	212
DATA	2025-06-03T050000_AIU-0547.ghg	2025-06-03	05:30:00	154.229	1	18000	18000	0.03764993854720598	0	NaN	33.239324547444944	0	NaN	9.185606634247907	1	NaN	0.730314907556851	1	NaN	0.2062754905082555	1	NaN	-0.0036835090498918335	0	NaN	NaN	NaN	NaN	NaN	NaN	NaN	NaN	NaN	NaN	-6.596091341747003e-11	-1.893010929424948e-12	-3.667678801295678e-13	NaN	16.219416246798858	400.0858995862815	404.7330678205132	0.1	0	465.48070112004916	11.482057196998294	11.615426184819906	0.1	1	0.090186151245776	2.1033590386678847	2.127790450321705	-0.1	0	NaN	NaN	NaN	NaN	9	286.0943838187324	285.36459128763255	95698.29437777855	1.1632471800072284	1011.6280238094548	0.024791677086736918	0.013366651784934956	0.00834581192353902	1099.1080347339011	1418.2126230418141	0.0071745816942252625	77.49952418111394	319.104588307913	281.51468274551894	1.5655641592273384	0.6357017811511403	0.3469673768326483	1.7249621015552414	-4.741096968774039e-14	-4.0667871404119365e-15	1.7249621015552414	3.5822160999495702	309.90024825487797	22.099751745121996	11.60391925726686	NaN	0.17990620050408643	0.3675059393239399	-14.81111261839543	-0.19579892981153854	3.618631394851418	0.15700489703053122	1	21.09993356621716	9	17	29	45	75	186	0.03729985939804175	1.0093855353562704	33.426436122826914	1.0133761766663862	8.430378999921059	1.089584066663423	0.6702694449206262	1.089584066663423	0.18931581033478426	1.089584066663423	-0.014220419589250046	1.1488727300464419	NaN	NaN	800000009	800000009	800000009	800000019	800000019	800000019	899999999	899999999	89999	89999	89	89	0	0	0	27	10	0	0	NaN	0	0	18000	0	0	0	0	0	0	NaN	NaN	NaN	NaN	0	5	0	0	0	0	0	0	15002	0	0	0	18000	18000	18000	18000	93	NaN	0.36238056679163144	0.3137329877122378	0.05889832414401057	0.09579339166920915	1.97704985993832	0.03584143255783803	6.188492858864902e-8	NaN	0.028405158392152036	0.016810170756012693	0.0047479877274093875	-0.000014220419589250046	NaN	400.08582026360136	11.48201869647963	96088.23461002605	11.460000038146973	8.356714781204847	95.8522981707255	96.0562172609965	95.64838045480516	0.4078341518739859	0.00027436701009153495	-1	0	2.0930374966926046	76.47249093472954	1.0001117197838094	-273.1499938964844	9.000759072847444	-273.1499938964844	192
DATA	2025-06-03T053000_AIU-0547.ghg	2025-06-03	06:00:00	154.249	1	18000	18000	0.016043065776374432	1	NaN	27.17908350759294	0	NaN	11.518818073476364	1	NaN	1.4782267041027246	1	NaN	0.2585950174000357	1	NaN	-0.0006427552251445303	0	NaN	NaN	NaN	NaN	NaN	NaN	NaN	NaN	NaN	NaN	1.2322719337154166e-10	3.5268558931408623e-12	6.842687642326857e-13	NaN	16.294386290099695	401.7018929333638	406.3739800102694	0.1	1	466.35771488425013	11.497013358944681	11.630732040589647	0.1	1	0.09048116138650511	2.1072953205242126	2.131804707727618	-0.1	0	NaN	NaN	NaN	NaN	9	285.7735078362359	285.0583080861663	95702.34986078882	1.164539774499428	1011.6306793265652	0.024764018614755173	0.01675695712752231	0.008366016336075102	1100.5863362973605	1389.8781321202537	0.007183967880934935	79.18581571021772	289.29179582289316	281.5344971030581	1.8742165768220653	0.5866513086242735	0.36166984412860936	1.9969107668840942	3.695656098446895e-14	7.562555052865861e-15	1.9969107668840942	4.950759435735031	314.61928075796277	17.380719242037213	10.434693185361843	NaN	0.11737254428663735	0.47076013624552426	-5.030116475535672	-0.5765274053005245	2.3595375266995884	0.1965585642704384	1	35.001102271272806	16	27	45	68	108	243	0.015903260610929077	1.0087909749368804	27.552570958600946	1.0132969516052965	10.548845536034184	1.0919505868323522	1.353748715306728	1.0919505868323522	0.23681934010420372	1.0919505868323522	-0.009697972868761435	1.150133405876558	NaN	NaN	800000009	800000009	800000009	800000019	800000019	800000019	899999999	899999999	89999	89999	89	89	0	0	0	27	23	0	2	NaN	0	0	12192	0	0	0	0	0	0	NaN	NaN	NaN	NaN	0	8	0	0	0	0	0	0	14852	0	0	0	18000	18000	18000	18000	93	NaN	0.6031115066498165	0.2803927373049588	0.058016028536273224	0.09683884822015755	7.125346763980656	0.05106808276436253	5.201732289770067e-8	NaN	0.02338760830485682	0.033914275858160106	0.005932826630252158	-0.000009697972868761436	NaN	401.7012003672856	11.496961354772194	96090.82444487847	11.45636384381188	8.375623856465065	95.87110920100741	96.07434617911444	95.66787161170112	0.4064776328528922	0.00027417636902666556	-1	0	2.09710867422488	75.90983957241306	1.000133258342743	-273.1499938964844	9.000830336358812	-273.1499938964844	244
DATA	2025-06-03T060000_AIU-0547.ghg	2025-06-03	06:30:00	154.27	1	18000	18000	0.02611624410244949	0	NaN	24.802872154339283	0	NaN	-0.32845378739922204	2	NaN	-1.7288704385576883	0	NaN	-0.0073726698517275115	2	NaN	-0.005189848896417661	0	NaN	NaN	NaN	NaN	NaN	NaN	NaN	NaN	NaN	NaN	1.2595624413722818e-10	3.577569916419533e-12	6.994140488829042e-13	NaN	16.315782003329428	401.58748350127	406.22100273610044	0.1	1	463.4216529541487	11.406399973466101	11.538007097314765	0.1	1	0.09059882048568188	2.1085078705049822	2.132835849279613	0	0	NaN	NaN	NaN	NaN	9	285.609946252611	284.9100686141461	95716.46003919709	1.1653575769125826	1011.5774568895096	0.02474749180535909	-0.0004777490063919427	0.008305622754023826	1092.0730857398833	1376.344115506003	0.007127102374902102	79.3459334360136	284.2710297661197	281.42006685984427	1.654291321229627	0.5121057376992912	0.2937371089921597	1.7564775977163112	-9.69688089965163e-14	7.719902368855217e-15	1.7564775977163112	3.781534780832078	314.7994617122224	17.2005382877776	9.626849286393462	NaN	0.14970136402549825	0.3317719393699088	-11.437376087673742	-0.2535546595451539	-75.51403913084556	0.14054579955834123	1	26.672895852420787	12	21	36	55	91	218	0.025875500583684655	1.0093039173478495	24.547210920327345	1.0133569399375806	-0.30137817140568274	1.089839339947063	-1.586353488250539	1.089839339947063	-0.006764914406636877	1.089839339947063	-0.012439219484564796	1.14899788582576	NaN	NaN	800000009	800000009	800000009	800000019	800000019	800010019	899999999	899999999	89999	89999	89	89	0	11	0	36	5	0	5	NaN	0	0	139	0	0	0	0	0	0	NaN	NaN	NaN	NaN	0	6	0	0	0	0	0	0	16217	0	0	0	18000	18000	18000	18000	93	NaN	0.29968690721269403	0.3077568000992388	0.0561001714278848	0.07856123017874846	7.060806113095307	0.02197609974635	7.256024494901355e-8	NaN	0.020823024379080495	-0.039711355052793995	-0.00016934681954145284	-0.000012439219484564796	NaN	401.5870886030739	11.40637528294291	96106.40783463542	11.449999809265137	8.262721856991451	95.88526510662503	96.08898465771145	95.68155339071485	0.40744214366873094	0.000273849059166322	-1	0	2.0983988223020678	78.01722924368492	1.0001537194185788	-273.1499938964844	9.000932941357295	-273.1499938964844	151
DATA	2025-06-03T063000_AIU-0547.ghg	2025-06-03	07:00:00	154.291	1	18000	18000	0.03252692665187388	0	NaN	38.94851207939308	1	NaN	15.055998486883547	1	NaN	-1.666118344837861	1	NaN	0.3380710269100687	1	NaN	-0.006153966327518831	0	NaN	NaN	NaN	NaN	NaN	NaN	NaN	NaN	NaN	NaN	9.317681191584173e-11	2.7192380010925898e-12	5.18810645680801e-13	NaN	16.225734122143724	402.9286349311094	407.7230180644666	0.1	1	473.5258903299787	11.758921917425617	11.898839441324133	0.1	1	0.09034526319872041	2.1063043311018816	2.131366908152229	-0.1	0	NaN	NaN	NaN	NaN	9	285.9959753672281	285.2652017142544	95739.18651784722	1.1640272929808375	1011.78060906568	0.02477245706083153	0.02190700254377245	0.008553684281791965	1126.0915998489668	1408.9628455768548	0.007348353714188021	79.923441798632	282.871245727888	281.8727128437539	1.689764575122235	0.6652817424440224	0.3255919162118194	1.8449699759264073	1.159645051864009e-14	5.742532893391903e-15	1.8449699759264073	4.118526243907171	310.5098111627902	21.490188837209804	10.164531920773017	NaN	0.16716291411602224	0.4624231791194623	-10.143380422576106	-0.2859007430644595	2.5869099358188805	0.19783422345975743	1	24.011181995825734	11	19	32	49	81	193	0.03223380539727332	1.0090935975752138	39.40867052223172	1.013318001223212	13.805462466695543	1.090582696755347	-1.5277322387333139	1.090582696755347	0.30999118903672557	1.090582696755347	-0.018635481859356037	1.1493800865075239	NaN	NaN	800000009	800000009	800000009	800000019	800000019	800000019	899999999	899999999	89999	89999	89	89	0	0	7	15	2	0	1	NaN	0	0	0	0	0	0	0	0	0	NaN	NaN	NaN	NaN	0	7	0	0	0	0	0	0	15921	0	0	0	18000	18000	18000	18000	93	NaN	0.4978879790847758	0.3781405367421762	0.04881784241197264	0.18335554438445117	11.375551842913811	0.07806145490405403	9.220377253140369e-8	NaN	0.03346125832162679	-0.03829612320080143	0.007770642305981795	-0.000018635481859356036	NaN	402.9282186743326	11.758843273419522	96132.87082638888	11.463935683780244	8.713462689373232	95.8644200806088	96.06721335856119	95.66162533866036	0.4055911595382622	0.0002759500326000206	-1	0	2.095787852704525	80.92362197558636	1.0001541641652585	-273.1499938964844	9.00094677122434	-273.1499938964844	136
DATA	2025-06-03T070000_AIU-0547.ghg	2025-06-03	07:30:00	154.312	1	18000	18000	0.03905289156895142	0	NaN	0.264836630527655	2	NaN	14.106328988289118	0	NaN	3.473037325814364	2	NaN	0.3172059254322109	0	NaN	0.004904932779855724	2	NaN	NaN	NaN	NaN	NaN	NaN	NaN	NaN	NaN	NaN	7.946063416694186e-11	2.4377022895459797e-12	4.4579697492610996e-13	NaN	15.973026125561725	394.21835341333497	399.04434588029716	0	0	490.02229551118774	12.093875071242936	12.241927411994826	0.1	1	0.08961326324467705	2.103949134038765	2.129705526616197	-0.8	0	NaN	NaN	NaN	NaN	9	287.60073314497225	286.7741568879726	95763.52239668711	1.1580493651526649	1011.9960377655251	0.02489716627684411	0.020554943968007264	0.008753270556757953	1158.462738282115	1555.2656001089838	0.007558633353772458	74.48648888015892	396.8028618268688	282.29238093107443	1.680170860646231	1.0773687448306903	0.3599872137701365	2.028124337258654	-2.2632063903344686e-14	4.9746762787660224e-15	2.028124337258654	4.0612654272936455	299.3309636173139	32.66903638268608	10.224036210623877	NaN	0.18363821445098974	0.37400487530063503	-1978.2488904211932	-0.0014659429427924789	0.018774312632827347	0.0012305778890564691	1	26.327808111890203	11	23	44	75	146	489	0.0387146522708285	1.0087367257170945	1.042190595547639	1.0132990336315535	12.915018154299979	1.0922422887646115	3.179731604919425	1.0922422887646115	0.2904171800480175	1.0922422887646115	0.0035538697746602035	1.1503013592246358	NaN	NaN	800000009	800000009	800000009	800000019	800000019	800000019	899999999	899999999	89999	89999	89	89	2	4	3	8	12	0	4	NaN	0	0	11394	0	0	0	0	0	0	NaN	NaN	NaN	NaN	0	4	0	0	0	0	0	0	14924	0	0	0	18000	18000	18000	18000	93	NaN	0.3693715706590449	0.30521618653034094	0.07342199341188417	0.530816911185375	17.16798251269547	0.04907859161263858	2.6141700389729535e-7	NaN	0.0008892856102293313	0.08013571780792168	0.007319104905236191	0.0000035538697746602035	NaN	394.2180162590873	12.093823729955433	96163.7772046441	11.46969803788927	9.135555769125615	95.75048817740544	95.95208563401965	95.5488910376231	0.40319250731170225	0.0002741982613418563	-1	0	2.093261428069185	82.57785965899014	1.0001542805400159	-273.1499938964844	9.00100311168035	-273.1499938964844	224
DATA	2025-06-03T073000_AIU-0547.ghg	2025-06-03	08:00:00	154.333	1	18000	18000	0.05822085039265949	0	NaN	30.2673114983579	1	NaN	14.142091198101994	2	NaN	1.9140175317387456	2	NaN	0.3186929811815236	2	NaN	-0.07643222103049768	1	NaN	NaN	NaN	NaN	NaN	NaN	NaN	NaN	NaN	NaN	-5.838295643450438e-11	-1.7557008991020225e-12	-3.2880764043182994e-13	NaN	15.494006038706305	390.684020968291	395.32862136631434	0.1	1	465.938040725391	11.748707649779794	11.888380759755426	0.1	1	0.08726086991053202	2.069365127457601	2.0939665280237763	0.5	0	NaN	NaN	NaN	NaN	9	289.78093532647034	289.0053681691487	95776.32809288194	1.1494132138438666	1011.8490353774523	0.02508752088123617	0.02065130518056273	0.008438925331789804	1125.549914417998	1796.0451272675716	0.007341942158093309	62.66824242497531	670.4952128495736	281.86560027267984	0.9552624094334142	0.26922274381748273	0.27108736185506754	1.0288321118738175	6.994231148964389e-14	-3.768099501746364e-15	1.0288321118738175	3.6164701836531017	316.2605079670571	15.739492032942902	15.277270082416548	NaN	0.2250614846992757	0.5428839564288083	-31.866532205577233	-0.09100456809330656	2.140228844120314	0.11563272471764648	0	54.0105641489523	-8.196311483693597	18.540078892979942	46.167417888134246	70.40822526843908	98.74853705021397	147.94330284064088	0.05748690337275119	1.0127672039516429	30.726774092043154	1.0149680415530533	13.022106518451174	1.0860064136369874	1.7624366741341662	1.0860064136369874	0.2934540507124953	1.0860064136369874	-0.08040214161512352	1.1483333800066216	NaN	NaN	800000009	800000009	800000009	800000009	800000009	800000009	899999999	899999999	89999	89999	89	89	1	0	0	0	11	0	0	NaN	0	0	0	0	0	0	0	0	0	NaN	NaN	NaN	NaN	0	0	0	0	0	0	0	0	12898	0	0	0	18000	18000	18000	18000	93	NaN	0.5277711746860478	0.4325981540445426	0.12539858412702612	0.3063443302260962	21.443537231276842	0.31009551408568353	9.398600165120014e-7	NaN	0.026419528331995516	0.04474095627911518	0.007449581051930334	-0.00008040214161512352	NaN	390.6830106012836	11.74840501936495	96183.24113064236	11.460000038146973	8.697329284217615	95.5806343252394	95.78446696387397	95.37680061001248	0.407666069681446	0.0002802595614080527	-1	0	2.0591662069227974	85.70944346025253	1.000153392177489	-273.1499938964844	9.001046317127015	-273.1499938964844	067
DATA	2025-06-03T080000_AIU-0547.ghg	2025-06-03	08:30:00	154.354	1	18000	18000	0.16584793617598215	1	NaN	92.69156782963371	1	NaN	-107.28101494090541	1	NaN	-10.607942909150445	2	NaN	-2.420364138257563	1	NaN	0.06119049093882686	1	NaN	NaN	NaN	NaN	NaN	NaN	NaN	NaN	NaN	NaN	-2.799268607920837e-10	-8.896780673694134e-12	-1.5988628201703543e-12	NaN	15.31926956553437	389.13727168368587	394.010297503033	0.1	1	486.88497066734953	12.367762594604809	12.522639628588987	0.1	1	0.08749932204145532	2.086822640042266	2.1129551679322955	0	1	NaN	NaN	NaN	NaN	9	290.4380393786961	290.1984749103123	95815.9025060764	1.1448912985815698	1012.2190568498694	0.025180685640896913	-0.15683959615909007	0.008850715542526129	1185.3462062892559	1937.7534689762108	0.007730616481662031	61.17115645859324	752.4072626869549	282.6331209228628	0.402931714431187	0.08891367085883513	0.218876314970352	0.4670829140688932	3.577075950397013e-14	-1.8272859524704057e-14	0.4670829140688932	2.654849113586566	319.5561429466896	12.443857053310412	27.943632981542628	NaN	0.38060361455470876	0.3955277214865241	-50.34639407572125	-0.05760094746087246	-0.8640071859936436	0.21014959413592801	0	89.93966701341438	-13.64869145874171	30.873377242244455	76.87907462467211	117.24543958076242	164.43839608608013	246.3586819359315	0.1621260631038658	1.0229566610134235	85.09060060512816	1.0213971054133868	-98.34539505932001	1.0908595656786535	-9.724389135782987	1.0908595656786535	-2.218767854642947	1.0908595656786535	0.03460872667661428	1.1564033717513822	NaN	NaN	800000009	800000009	800000009	800000009	800000009	800000009	899999999	899999999	89999	89999	89	89	4	4	1	12	10	0	0	NaN	0	0	0	0	0	0	0	0	0	NaN	NaN	NaN	NaN	0	0	0	0	0	0	0	0	8726	0	0	0	18000	18000	18000	18000	93	NaN	0.4176168138897102	0.27321856264118316	0.10022006644215475	0.5514937019450911	43.16070773522655	0.39559591841645786	3.105276136296986e-7	NaN	0.07342480892481708	-0.2479339972210051	-0.05656992695642535	0.00003460872667661428	NaN	389.13114166302137	12.367377343976052	96229.34756662327	11.460000038146973	9.46366291472641	95.38711714002824	95.59401769171822	95.18021477678087	0.41380280097905175	0.00028281365324963	-1	0	2.0760674181712964	86.44232533253914	1.0001442952056725	-273.1499938964844	9.001105491452748	-273.1499938964844	243
DATA	2025-06-03T083000_AIU-0547.ghg	2025-06-03	09:00:00	154.374	1	18000	18000	0.035738824358787946	1	NaN	29.400206056170283	1	NaN	72.59711031433406	1	NaN	18.918053753962212	1	NaN	1.6389437316297533	1	NaN	0.0030317320037076636	1	NaN	NaN	NaN	NaN	NaN	NaN	NaN	NaN	NaN	NaN	1.1200297828016974e-11	3.6553886535121526e-13	6.428461541515062e-14	NaN	15.278894764215881	390.414658230894	395.4534389619408	0.1	1	498.6501199960441	12.741780029207561	12.90622835187386	0.1	1	0.08769390680212613	2.098311202730761	2.1253924862664992	-0.5	0	NaN	NaN	NaN	NaN	9	290.7889891662597	290.8838078197902	95833.04154904514	1.1422358772052044	1012.4423404286038	0.025235638346885303	0.10620355380960801	0.009098516823875398	1221.4110776798595	2023.507213901844	0.007965532343579886	60.361093318005224	802.0961362219844	283.0796919227656	0.1392764447426541	-0.40737692232143685	0.1707359621519317	0.4631464710781175	-6.327532619778945e-14	7.330568081566192e-16	0.4631464710781175	1.3966391622869996	43.125162717551234	288.87483728244877	21.631986182956755	NaN	0.17688549958830688	0.10893310007737647	-15.93696923772258	-0.1819668443066164	0.4049776351823374	0.14372491005941537	1	2.4581548258819756	1	2	4	6	10	27	0.034931584103457	1.0231091797308745	32.980144977283175	1.021496834978294	66.54377469681155	1.0909677223016407	17.34061729530397	1.0909677223016407	1.5022843463893087	1.0909677223016407	-0.010628324722356242	1.156544373696208	NaN	NaN	800000009	800000009	800000009	800000009	800000009	800110009	899999999	899999999	89999	89999	89	89	2	3	8	18	0	3	0	NaN	0	0	0	0	0	0	0	0	0	NaN	NaN	NaN	NaN	0	0	0	0	0	0	0	0	2409	0	0	0	18000	18000	18000	18000	93	NaN	0.08727501905661339	0.11015044742945207	0.020440733668687476	0.1553617851054852	64.92132595781511	0.2981679974796206	7.274057937733453e-8	NaN	0.028518485898213493	0.44325086678224607	0.0384005267719501	-0.000010628324722356242	NaN	390.411490279666	12.741476243877111	96240.72836935763	11.460000038146973	9.914368273099313	95.20167371241251	95.41145623482596	94.99188716570538	0.41956493306739445	0.00028452992674364287	-1	0	2.0871510026786053	90.15507933547755	1.0001078990134928	-295.881120235022	9.00095466958152	-273.1499938964844	094
DATA	2025-06-03T090000_AIU-0547.ghg	2025-06-03	09:30:00	154.395	1	18000	18000	0.11286440213981418	1	NaN	-35.244799580818984	2	NaN	38.534000537804566	2	NaN	0.6702603605360237	1	NaN	0.870815468113149	2	NaN	0.020435833548551323	2	NaN	NaN	NaN	NaN	NaN	NaN	NaN	NaN	NaN	NaN	-6.639699136348175e-10	-2.2485605392933054e-11	-3.867728147199825e-12	NaN	15.006610600891316	385.1522722996339	390.2423337890517	0.1	1	508.20484080342777	13.043334996477366	13.215711954719728	0.1	1	0.0874158437351385	2.1018610799267208	2.1296386705278687	0	1	NaN	NaN	NaN	NaN	9	291.98677615695544	291.92769778272833	95854.385796875	1.1382744674707628	1012.6336808146779	0.025320561591295806	0.056428842333732056	0.009282610095997092	1250.5962340721142	2160.5183214928843	0.00815498402298611	57.884083723389665	909.9220874207701	283.43264954929214	0.24426587001549563	-0.45520294533628053	0.19630192976099775	0.5526391085737882	8.566076691458371e-14	-4.424516176859957e-14	0.5526391085737882	3.452510002773319	33.78160518365445	298.21839481634555	20.806203544632837	NaN	0.31488719157231415	0.4320267665219977	75.01544903827829	0.03865870346947081	-0.9146415915534478	-0.09710479757071833	0	83.748846762496	-12.70921060132746	28.748268984760887	71.58725458727639	109.17508012995245	153.1196022065519	229.40106615010646	0.11157704968206217	1.0115377890114527	-32.70275808895784	1.0154581329502819	34.87396308738219	1.1049504308200242	0.6065976733803333	1.1049504308200242	0.7881036504659172	1.1049504308200242	0.026054275930209852	1.1922980080859957	NaN	NaN	800000009	800000009	800000009	800000009	800100009	800101009	899999999	899999999	89999	89999	89	89	7	0	1	8	14	0	0	NaN	0	0	0	0	0	0	0	0	0	NaN	NaN	NaN	NaN	0	0	0	0	0	0	0	0	3520	0	0	0	18000	18000	18000	18000	93	NaN	0.3266133977875407	0.45545219796196207	0.08198793729449251	0.756400036412318	52.55155698113659	0.3133979526107229	2.2451951702849466e-7	NaN	-0.028371677804400364	0.01556243424199982	0.020219021230181804	0.000026054275930209852	NaN	385.1498306777131	13.043028938193439	96253.90198784722	11.453031545321148	10.265695163461956	95.04113956663343	95.24973126390245	94.83254853269787	0.41718221558961616	0.0002852157887957421	-1	0	2.0904244137141443	88.73050307083084	1.0000939148333337	-273.1499943531367	9.0008949628671	-273.1499938964844	054
DATA	2025-06-03T093000_AIU-0547.ghg	2025-06-03	10:00:00	154.416	1	18000	18000	0.10156526302305234	1	NaN	65.69955793152171	1	NaN	70.49557896128822	1	NaN	-6.994273249380887	0	NaN	1.5952649728952746	1	NaN	0.024733488370455418	2	NaN	NaN	NaN	NaN	NaN	NaN	NaN	NaN	NaN	NaN	-2.0975221796831363e-10	-7.382366377030418e-12	-1.2220739432970176e-12	NaN	14.838620678898456	382.2301006103855	387.44229915917094	0.1	1	522.254951306196	13.452838164797548	13.636284898708954	0.1	1	0.08645387334540373	2.0924368898586407	2.1209699554213217	0.1	0	NaN	NaN	NaN	NaN	9	293.41229515075685	293.3317611389159	95847.44815538195	1.1325677370734861	1012.8942260279994	0.025444185620418183	0.10337317024361378	0.009527526307963597	1289.7660818644833	2357.580568468361	0.008412323604222012	54.707190036877506	1067.8144866038776	283.8951263437204	0.2037805496803012	-0.17367629450243008	0.17913617406763624	0.3221486249539124	-5.08595491178203e-14	-1.4135560339957728e-14	0.3221486249539124	3.3120425436187553	12.439999369399516	319.5600006306005	33.784228869736616	NaN	0.2994611622507223	0.29002118505346597	-34.61477702683191	-0.08377924831790894	0.9319670665815769	0.1912465723458343	0	75.76481387712269	-11.49760280837605	26.00760885814677	64.76262336077983	98.76708690118899	138.52224371540368	207.53156314338156	0.09853201530160223	1.0307843873097031	68.26640092226843	1.0265427956455881	64.27612976535448	1.0967614138971709	-6.377205799507321	1.0967614138971709	1.4545232469719636	1.0967614138971709	-0.0015859769952031276	1.1638707405778406	NaN	NaN	800000009	800000009	800000009	800000009	800100019	801101019	899999999	899999999	89999	89999	89	89	9	8	8	3	3	0	1	NaN	0	0	0	0	0	0	0	0	0	NaN	NaN	NaN	NaN	0	0	0	0	0	0	0	0	4517	0	0	0	18000	18000	18000	18000	93	NaN	0.1874413168799221	0.29734355579320415	0.09525749743380563	0.36021165764274016	38.23356923712368	0.5725354675626807	2.353433158686e-7	NaN	0.05950846194006123	-0.16447607160079605	0.03751396414593761	-0.0000015859769952031276	NaN	382.2272402881362	13.452283640054528	96256.83075	11.449999809265137	10.721568473498037	94.93691842227514	95.14496006096735	94.72887661743164	0.4160863645159534	0.0002866633567448136	-1	0	2.0807779549956322	88.78504431512647	1.0000925960673226	-273.1499938964844	9.00088648978869	-273.1499938964844	162
DATA	2025-06-03T100000_AIU-0547.ghg	2025-06-03	10:30:00	154.437	1	18000	18000	0.09624173363347421	1	NaN	-3.56878597238109	2	NaN	101.56465046853211	1	NaN	9.004704893360728	1	NaN	2.3006152459829394	1	NaN	-0.04452202088046004	1	NaN	NaN	NaN	NaN	NaN	NaN	NaN	NaN	NaN	NaN	1.1057652640571391e-10	3.94978819705652e-12	6.594032416413828e-13	NaN	14.650403170235043	379.2415695878837	384.44951127808537	0.1	1	523.3116955727019	13.546490598695533	13.732518025017853	0.1	1	0.08736504623378169	2.1244666948903643	2.1536409720714964	-0.3	0	NaN	NaN	NaN	NaN	9	294.7316576868693	294.3568620147705	95846.73321809896	1.1285749677307833	1012.9708501314351	0.025533295383391077	0.14907986793969447	0.00956037053210875	1298.7351489881012	2511.219144803755	0.00847118783019945	51.71731633519359	1212.483995815654	283.9992808989812	-0.41671418865258053	-0.23958633013200978	0.17371848210315155	0.5111070686604728	1.2052692209158013e-14	7.547678048230798e-15	0.5111070686604728	3.1015922376715164	122.10361208545544	209.8963879145446	19.869969847550347	NaN	0.2920226328073399	0.23206353471147506	590.944347239501	0.004907399509863951	-0.03513807172001061	-0.010689973529652867	0	76.16685682646954	-11.55861437703106	26.145617192566313	65.10628362695081	99.29119049075962	139.2573064518318	208.63282106851875	0.09422546337676438	1.0213983586225275	2.3047953085246227	1.0203823806164383	93.19737164490807	1.0897802016939304	8.262863354797611	1.0897802016939304	2.1110818882623423	1.0897802016939304	-0.045767036789392604	1.1549755570146614	NaN	NaN	800000009	800000009	800000009	800000009	800001009	800001119	899999999	899999999	89999	89999	89	89	1	9	0	13	27	2	0	NaN	0	0	0	0	0	0	0	0	0	NaN	NaN	NaN	NaN	0	0	0	0	0	0	0	0	1910	0	0	0	18000	18000	18000	18000	93	NaN	0.2241287451709964	0.15060501860662015	0.08939330564533354	0.3795489759550605	15.335786871659941	0.22570171061324765	5.699458631238329e-7	NaN	0.0020160671815116138	0.21387617956891183	0.05464330095166307	-0.0000457670367893926	NaN	379.24030036614704	13.546269631318266	96253.40390104166	11.449999809265137	10.837708197858621	94.7992682870229	95.00535470411512	94.59318220180937	0.41216761454194845	0.0002877180231864461	-1	0	2.112543771511977	89.83446507412101	1.0000767018099626	-337.2654965888176	9.00063787097401	-300.4788231690697	204
DATA	2025-06-03T103000_AIU-0547.ghg	2025-06-03	11:00:00	154.458	1	18000	18000	0.2800223805953149	1	NaN	23.61724628172878	2	NaN	-46.21975603655876	2	NaN	-7.035451260664861	1	NaN	-1.046975508206723	2	NaN	-0.006081289277351433	2	NaN	NaN	NaN	NaN	NaN	NaN	NaN	NaN	NaN	NaN	3.9243073070520586e-10	1.3577256303184441e-11	2.3509177478615763e-12	NaN	14.641101809105582	379.45450967681285	384.5023749208601	-0.1	0	506.5505228553877	13.128307062046618	13.302952304734939	0.1	1	0.08770981321829988	2.1326353064310823	2.1610056521959287	-0.2	0	NaN	NaN	NaN	NaN	9	295.08280135260685	294.3746141114693	95856.1698875563	1.1287974022106784	1012.7385709153762	0.025532321441527495	-0.06784401293179564	0.009265592940824215	1258.7667923954816	2513.955098234721	0.008208375500048225	50.07117244374721	1255.1883058392393	283.5301617442363	-0.6021237549131029	0.02884981259006696	0.13508567033063298	0.6177648956081713	-1.9302825991242672e-14	2.680336055454144e-14	0.6177648956081713	3.9422297195129534	154.74313929555015	177.25686070444974	12.63083461807504	NaN	0.49806769162073333	0.5812178785235125	-443.05062877749924	-0.006545527331722589	-0.5109773029318476	0.04147892911054045	0	97.28662899598771	-14.763621284357951	33.39535154351226	83.15914722532608	126.8229465455312	177.8709857835667	266.48314904108776	0.27493834695146335	1.018491540740765	20.631500131632443	1.0185056749198391	-42.4837247524447	1.0879402949219765	-6.466762278686828	1.0879402949219765	-0.9623464753475361	1.0879402949219765	-0.009860332608813412	1.1524108743408064	NaN	NaN	800000009	800000009	800000009	800000019	800000019	800010019	899999999	899999999	89999	89999	89	89	9	11	0	19	3	5	2	NaN	0	0	0	0	0	0	0	0	0	NaN	NaN	NaN	NaN	0	16	0	0	0	0	0	0	1107	0	0	0	18000	18000	18000	18000	93	NaN	0.7995317505143386	0.22186770463645075	0.14103630189623578	0.24031725520710376	1.4926588044985762	0.07826384332610666	6.30275496067494e-8	NaN	0.018047516809722892	-0.16730851999179697	-0.024897894428618738	-0.000009860332608813412	NaN	379.45435753970685	13.128215943901367	96249.14333463542	11.449999809265137	10.371265231106022	94.76364863141377	94.96821510632833	94.55907817459106	0.40913648884329545	0.0002883381807397301	-1	0	2.1223525576061677	87.98519269134152	1.0000798779345221	-316.87612073262096	9.00059636036555	-273.1499938964844	090
DATA	2025-06-03T110000_AIU-0547.ghg	2025-06-03	11:30:00	154.479	1	18000	18000	0.17205886786546884	1	NaN	64.12501524315458	1	NaN	19.165095728745936	1	NaN	-1.3461077027213928	1	NaN	0.4340355150224136	1	NaN	-0.0001247575572378576	1	NaN	NaN	NaN	NaN	NaN	NaN	NaN	NaN	NaN	NaN	1.8802011498401255e-10	6.50899518648718e-12	1.1171021237660056e-12	NaN	14.742739407157453	381.61479883250803	386.7237969375239	0.1	1	510.37315791973793	13.210974202969071	13.3878406200338	0.1	1	0.087592465855394	2.127646925296363	2.1561315232279354	-0.2	0	NaN	NaN	NaN	NaN	9	295.35649655320907	294.14942942301434	95869.35663107639	1.1297814599453806	1012.7790964697681	0.025509280985726412	0.0281255013734524	0.009332358656036772	1266.867329929073	2479.44205639455	0.008260322006424098	51.09485525833472	1212.574726465477	283.6262894616984	-1.1513834595434145	0.01378976390427987	0.15772241435632078	1.1622178747932868	1.3150820146548593e-14	1.2753404220977457e-14	1.1622178747932868	4.078443683829107	152.68618103857068	179.31381896142955	7.799569593793675	NaN	0.3902485595388723	0.4702667919109872	-78.49831545293883	-0.03694346793643748	3.3459272080218607	0.14360745974188568	0	88.95214976337286	-13.498831906181977	30.534394526317694	76.03495973209897	115.95811110913894	162.63289960053115	243.65371919604345	0.1700562888815447	1.0117759772196315	64.5842563397297	1.0144156820402073	17.64301163109511	1.086271217719327	-1.2392003771835212	1.086271217719327	0.39956459118348897	1.086271217719327	-0.021014031093759194	1.1479886665862478	NaN	NaN	800000009	800000009	800000009	800000009	800000009	801000009	899999999	899999999	89999	89999	89	89	1	30	0	1	4	8	0	NaN	0	0	0	0	0	0	0	0	0	NaN	NaN	NaN	NaN	0	0	0	0	0	0	0	0	1209	0	0	0	18000	18000	18000	18000	93	NaN	0.5158971484289352	0.31632394185185797	0.10831249354118128	0.23395805923345553	0.2637476888159963	0.0328493824659503	5.474314802960942e-8	NaN	0.05644396197874171	-0.03203443017031717	0.010329099498735221	-0.000021014031093759192	NaN	381.6147468829684	13.210921184904977	96257.91829947916	11.449999809265137	10.468326475302355	94.79718399175007	95.00190526644388	94.59246354717678	0.4094367607401477	0.00028818213398173814	-1	0	2.115999359435505	89.57759985410188	1.0000765559789206	-273.1499938964844	9.000777831157048	-273.1499938964844	173
DATA	2025-06-03T113000_AIU-0547.ghg	2025-06-03	12:00:00	154.499	1	18000	18000	0.20599877563049934	1	NaN	8.044609415845942	2	NaN	9.57156443158917	1	NaN	-0.3301633979346602	1	NaN	0.2169000661273979	1	NaN	0.010418653254803876	2	NaN	NaN	NaN	NaN	NaN	NaN	NaN	NaN	NaN	NaN	5.0490941662212104e-11	1.777594882796408e-12	3.015449783452634e-13	NaN	14.667387888208946	380.2593907366869	385.4191875575391	0.1	1	516.383192622911	13.38749337714768	13.569150286745	0.1	1	0.08759743862019646	2.133977307838925	2.1629335666374945	0	1	NaN	NaN	NaN	NaN	9	295.9277491395739	294.7741245744493	95874.34953624132	1.1273702724984256	1012.8925625433891	0.02556212463048384	0.014055124285055383	0.009437503270050017	1283.8615093617443	2576.2208931325254	0.008371254325462265	49.83507092827929	1292.359383770781	283.82620994664427	-0.8033365839926118	-0.014941470854717804	0.19179427135808474	0.8260496094412142	-2.3481668659138012e-14	3.442394927238651e-15	0.8260496094412142	3.6055140072771232	150.93446340984838	181.06553659015185	13.425599340204037	NaN	0.42746349291677255	0.44264557524047976	-822.4162588862113	-0.0035261948784031045	0.8404696508437224	0.01648071206219312	0	91.19922365832126	-13.839834039006968	31.305742279246275	77.95572470036514	118.88739887873217	166.74126734795794	249.80880272431094	0.20297536478308115	1.0148954571440199	8.502397098981271	1.016239619344965	8.811399421759882	1.0862706334651056	-0.3039421188083385	1.0862706334651056	0.19967405860499626	1.0862706334651056	0.0064322825722623565	1.1495839396235272	NaN	NaN	800000009	800000009	800000009	800000009	800000009	800000009	899999999	899999999	89999	89999	89	89	2	20	0	10	0	10	0	NaN	0	0	0	0	0	0	0	0	0	NaN	NaN	NaN	NaN	0	0	0	0	0	0	0	0	2116	0	0	0	18000	18000	18000	18000	93	NaN	0.46944333451948567	0.2937501773430903	0.12209763861838364	0.29897486553787683	0.6871618421937856	0.039529399239186774	6.322627264436236e-8	NaN	0.007445800977486902	-0.007874859226208758	0.0051733702087917565	0.000006432282572262357	NaN	380.25935602752423	13.387428675116974	96269.14367751736	11.449999809265137	10.669203759617265	94.7355219569736	94.93781892140706	94.5332227766249	0.4045922045318616	0.0002884662965144444	-1	0	2.12213779722982	89.20475113983512	1.0000708879546987	-273.1499938964844	9.000699563423792	-273.1499938964844	050
DATA	2025-06-03T120000_AIU-0547.ghg	2025-06-03	12:30:00	154.52	1	18000	18000	0.3293036254178137	1	NaN	-41.17737096182537	2	NaN	131.12325944223443	1	NaN	3.1228428394000924	2	NaN	2.973718241258687	1	NaN	0.02963030367829787	2	NaN	NaN	NaN	NaN	NaN	NaN	NaN	NaN	NaN	NaN	4.087416755931999e-10	1.4581599000004732e-11	2.446428656697084e-12	NaN	14.530775670454869	377.5826787112375	382.73817014071574	0.3	0	518.3761691980567	13.470021627533999	13.653940501388767	0.1	1	0.08697059323017803	2.126682559240993	2.1557201563702106	0	1	NaN	NaN	NaN	NaN	9	296.73759869554306	295.59064572058776	95866.11903059896	1.1241243220237067	1012.9587757206556	0.02563513213397695	0.1926969420335629	0.009468638297570706	1291.6650792605717	2707.686625631556	0.008423123770264817	47.703639964587715	1416.0215463709844	283.9172318265146	-0.7130435232890239	0.23739943658897864	0.21163901439823057	0.7807564479482013	6.897187515907002e-15	2.812937759573882e-14	0.7807564479482013	4.327578951245747	170.41457156472217	161.58542843527786	15.727899516275793	NaN	0.5412414935114322	0.6945041423235877	326.1387050892136	0.008891922224339242	-0.31403559625487965	-0.06681306810968594	0	91.1312839280007	-13.829523922817664	31.28242076835375	77.89765084073527	118.79883257855623	166.61705185266632	249.62270527733725	0.3261770786811011	1.0095854274903524	-33.271132788173155	1.0132191308877452	119.90644294243381	1.0935464035505225	2.855702171632459	1.0935464035505225	2.719334297660922	1.0935464035505225	0.03078483204066762	1.17033785644635	NaN	NaN	800000009	800000009	800000009	800000009	800000009	800000009	899999999	899999999	89999	89999	89	89	4	13	0	10	7	5	0	NaN	0	0	0	0	0	0	0	0	0	NaN	NaN	NaN	NaN	0	0	0	0	0	0	0	0	1913	0	0	0	18000	18000	18000	18000	93	NaN	0.6555733040433283	0.5373246359774537	0.1961103446263934	0.34675276190408416	0.5741565933815124	0.17896437711562105	1.4619987639931777e-7	NaN	-0.02921873918800933	0.07420612878561594	0.07066257577834706	0.00003078483204066762	NaN	377.58273943957164	13.469840805837425	96257.25600173611	11.449999809265137	10.754687646335979	94.70415220514933	94.9076473115285	94.50065377044677	0.40699199236018757	0.0002889514016343228	-1	0	2.114833387460973	88.59962776873905	1.0000788487311867	-445.4705011325403	9.000516332043542	-352.32537222121135	196
DATA	2025-06-03T123000_AIU-0547.ghg	2025-06-03	13:00:00	154.541	1	18000	18000	0.5707053425656493	1	NaN	-239.68269908632652	1	NaN	-118.37693419062305	1	NaN	-0.4062727952606427	2	NaN	-2.6858933113932357	1	NaN	0.03683137545218175	1	NaN	NaN	NaN	NaN	NaN	NaN	NaN	NaN	NaN	NaN	1.49389960304886e-10	5.291530931637222e-12	8.943176954455053e-13	NaN	14.498087848880868	377.3773328545143	382.49009908136446	0.1	1	513.5357164924404	13.367055092745124	13.548154013853297	0.1	1	0.08679228836339384	2.1268889005797242	2.155704318975133	0	1	NaN	NaN	NaN	NaN	9	297.17524199422195	296.0697814449734	95851.77687912327	1.1221811389630694	1012.913655456396	0.02568052719604444	-0.17404588657828166	0.009379649220576543	1281.5996656347916	2787.5286277518107	0.008358409257567485	45.97619744154605	1505.9289621170192	283.7997364262203	-0.13447161804408778	0.0996999950975328	0.22843390358462393	0.28320443744535195	1.272928008387592e-14	1.0304114712369994e-14	0.28320443744535195	3.830631043591268	188.55399037319987	143.44600962680013	53.7654721940941	NaN	0.7131394907323828	0.8097965496514187	128.15210228128245	0.022629359553031428	2.0247415657881804	-0.29568330849635166	0	66.28238174997104	-10.058607149623507	22.752596759960245	56.65718299909881	86.40577892706874	121.18533352035739	181.55771247253588	0.5606227891780133	1.0179845585699772	-243.20182505230494	1.0180718514183922	-107.33385792798947	1.1028853008343593	-0.3683726630079189	1.1028853008343593	-2.4353333110535544	1.1028853008343593	0.11065139318595298	1.1875211804540495	NaN	NaN	800000009	800000009	800000009	800000009	800000009	800010009	899999999	899999999	89999	89999	89	89	4	7	4	6	17	0	1	NaN	0	0	0	0	0	0	0	0	0	NaN	NaN	NaN	NaN	0	0	0	0	0	0	0	0	2638	0	0	0	18000	18000	18000	18000	93	NaN	0.36691454853291106	0.4980369082709863	0.75464164249894	0.3615291462269078	0.2935349552588189	0.2194105409168514	1.1035667242763009e-7	NaN	-0.21395943312815632	-0.009588204629364114	-0.0633881839559478	0.00011065139318595297	NaN	377.3772808757183	13.366839546370255	96243.81043771701	11.449999809265137	10.635613802856906	94.66846305274963	94.87105874337091	94.46586097674898	0.40520283075256497	0.00028991275024276946	-1	0	2.1151411080824	88.29225571038975	1.0000577780438793	-273.1499938964844	9.000602470768822	-273.1499938964844	010
DATA	2025-06-03T130000_AIU-0547.ghg	2025-06-03	13:30:00	154.562	1	18000	18000	0.18708615942021886	1	NaN	76.92850016871301	1	NaN	61.62530449801558	1	NaN	-1.0187933576367783	1	NaN	1.3992758169586852	1	NaN	0.0025632819956500604	1	NaN	NaN	NaN	NaN	NaN	NaN	NaN	NaN	NaN	NaN	5.728103622206107e-12	1.9360657197636687e-13	3.4022048992816645e-14	NaN	14.504012418338528	378.49975995381715	383.4046836064657	0	0	490.2271867658155	12.793071817774381	12.958855385395903	0.1	1	0.08614652485966831	2.1179913944699704	2.14543813865842	-0.2	0	NaN	NaN	NaN	NaN	9	297.90328726704917	296.83602703687876	95822.87768815106	1.1191909939644382	1012.6148168790576	0.02575475490118553	0.0906730729389228	0.008951013472683832	1226.1977824208977	2919.4900273203552	0.007997753306589105	42.000410035528006	1693.2922448994575	283.138086946371	-1.1468928255673034	0.14089224374548767	0.12103237643916755	1.1618358807645108	-3.1349510132557725e-14	3.9493234402941e-16	1.1618358807645108	5.332194400661889	159.00351945469876	172.9964805453012	5.979543830429161	NaN	0.4088544476144778	0.6058737514343723	-75.21958810750033	-0.0385537872908245	1.2483264917772572	0.16602368698663805	0	83.4808366316817	-12.668539029986686	28.65626977964776	71.35816355846518	108.82570185623997	152.62959420997623	228.66694488008838	0.18490822246606847	1.0117784754247479	79.73156237682632	1.0144170274951185	56.73111630401666	1.0862699081712308	-0.9378823347430738	1.0862699081712308	1.2881474543600397	1.0862699081712308	-0.024964974610990613	1.1479892274802252	NaN	NaN	800000009	800000009	800000009	800000009	800000009	801000019	899999999	899999999	89999	89999	89	89	8	30	0	5	1	8	0	NaN	0	0	0	0	0	0	0	0	0	NaN	NaN	NaN	NaN	0	0	0	0	0	0	0	0	3493	0	0	0	18000	18000	18000	18000	93	NaN	0.6952750349719591	0.37713833198503366	0.13933413591175176	0.3158028491444788	0.5891350411954671	0.4229590461723576	1.0636088530259508e-7	NaN	0.0703528652848573	-0.024468034950478525	0.03360596075549887	-0.000024964974610990613	NaN	378.5001905301298	12.79266419954597	96212.87568055556	11.446363614930045	9.964654758400446	94.62668343544007	94.82818563312955	94.42518006091646	0.40300666068245977	0.00029005541450331085	-1	0	2.1068184071116978	89.4781299351445	1.0000408634361293	-273.1499938964844	9.000515610191558	-273.1499938964844	103
DATA	2025-06-03T133000_AIU-0547.ghg	2025-06-03	14:00:00	154.583	1	18000	18000	0.28560268905850916	1	NaN	48.49960729447917	1	NaN	7.084045891880601	2	NaN	1.8826218052839252	1	NaN	0.16092583421176856	2	NaN	0.0054709686826612605	2	NaN	NaN	NaN	NaN	NaN	NaN	NaN	NaN	NaN	NaN	-3.098397213771066e-11	-1.1055445415286842e-12	-1.848944441340978e-13	NaN	14.397316883776096	376.4584359466729	381.5840559359144	0.1	1	513.7131876692131	13.432479448518556	13.615367593907747	0.1	1	0.08591486883659877	2.1174496221137646	2.1462794770804248	-0.2	0	NaN	NaN	NaN	NaN	9	298.3741785413954	297.31117623053655	95810.33722547743	1.1169846758898843	1012.9822256855723	0.02579935725895117	0.010427994056922603	0.009382143957312305	1287.3156019191304	3004.030639135211	0.008399527907433195	42.8529451447179	1716.7150372160806	283.8665588740362	-1.029305468841676	0.12094693217412208	0.18450826512515428	1.0526828622567819	1.754502687989901e-14	-2.1520657208445256e-15	1.0526828622567819	4.772363804066733	158.7017201907214	173.29827980927865	10.094621799307157	NaN	0.5056587637927499	0.6741935596515635	-225.71367260056965	-0.012848136165556684	6.846314667451143	0.08476794277685322	0	87.74344965132556	-13.315407000983923	30.119486891331526	75.00178105578617	114.38244843810453	160.4230103005799	240.34290233016188	0.2820569578034526	1.0125709760279247	48.40861483657906	1.0148559335630842	6.52287804061586	1.0860307134014358	1.733488548760813	1.0860307134014358	0.14817797712898073	1.0860307134014358	-0.010213536411475243	1.148248749397063	NaN	NaN	800000009	800000009	800000009	800000009	800000009	801000009	899999999	899999999	89999	89999	89	89	24	26	2	3	0	0	0	NaN	0	0	0	0	0	0	0	0	0	NaN	NaN	NaN	NaN	0	0	0	0	0	0	0	0	4220	0	0	0	18000	18000	18000	18000	93	NaN	0.7753730759142158	0.3848375492564589	0.1881764941324522	0.2931131177421946	1.2042518786452479	0.1478477674853966	1.6807838221545912e-7	NaN	0.04278323458192478	0.04533197452653241	0.0038749608639790894	-0.000010213536411475243	NaN	376.4587048913605	13.432332851402016	96200.19551757812	11.4399995803833	10.704692379686582	94.54788147269355	94.74517527304755	94.35058622021145	0.3945898275160134	0.0002907869803586638	-1	0	2.105733575185139	89.45359367428884	1.0000403548876444	-273.1499938964844	9.000520047982533	-273.1499938964844	083
DATA	2025-06-03T140000_AIU-0547.ghg	2025-06-03	14:30:00	154.604	1	18000	18000	0.2576556836811493	0	NaN	74.51486462797055	0	NaN	90.70129905857131	1	NaN	-2.4535759257531566	1	NaN	2.061091647788494	1	NaN	-0.005106498760234851	0	NaN	NaN	NaN	NaN	NaN	NaN	NaN	NaN	NaN	NaN	7.721727040638446e-11	2.6335410025453824e-12	4.583978325586249e-13	NaN	14.379699291212026	376.58486835709726	381.4845225225389	0.1	1	490.4282097564087	12.843651252331384	13.010756876177885	0.5	0	0.08536462054726271	2.106571924107577	2.133980019254323	-0.2	0	NaN	NaN	NaN	NaN	9	298.6698494627211	297.6419564124214	95797.14813064237	1.1158393972108314	1012.6642799316018	0.025831616847697473	0.1335587387766944	0.00895966369031775	1230.71519935279	3064.138535563236	0.008029528006192879	40.1651291241819	1833.423336210446	283.193012906819	-1.2452450091110958	0.026568012257865082	0.173065666685439	1.2574946190646634	-9.166261595771888e-15	5.3698807494239346e-15	1.2574946190646634	6.819560218443546	153.2222526870168	178.7777473129832	7.910575059063902	NaN	0.48052835324263843	0.8545665355366865	-126.05374936843982	-0.02300605903854277	0.8215413164022248	0.1372324182907562	0	78.97315380337447	-11.984480770039411	27.10892813309753	67.50506407467348	102.94948202748846	144.3881123481293	216.31970325641896	0.25480133936077315	1.0112022343663376	79.07378093975763	1.0141161823030804	83.47122781074754	1.0866175260320399	-2.257994065964302	1.0866175260320399	1.8967958811734835	1.0866175260320399	-0.0328788076964252	1.1479087571416853	NaN	NaN	800000009	800000009	800000009	800000009	800000009	801101009	899999999	899999999	89999	89999	89	89	13	41	5	3	11	1	0	NaN	0	0	0	0	0	0	0	0	0	NaN	NaN	NaN	NaN	0	0	0	0	0	0	0	0	5050	0	0	0	18000	18000	18000	18000	93	NaN	0.8195469765296372	0.6684669279083041	0.22111916663543169	0.22365439945275992	0.5987948985941437	0.3395157884961819	6.369177199678119e-8	NaN	0.06997861180032702	-0.059086730480331556	0.04963496968236607	-0.0000328788076964252	NaN	376.585214577249	12.84332029258386	96186.20336523438	11.4399995803833	10.023157245980348	94.52887557411194	94.72445935058593	94.33329720094468	0.3911614025036494	0.000291334714776086	-1	0	2.0954476098352006	89.34391646487629	1.0000366665224234	-273.1499938964844	9.000508105913799	-273.1499938964844	039
DATA	2025-06-03T143000_AIU-0547.ghg	2025-06-03	15:00:00	154.624	1	18000	18000	0.31692821234243934	0	NaN	51.18805044435822	0	NaN	59.61969288163192	1	NaN	-1.7869298870888213	2	NaN	1.3552141929636932	1	NaN	0.014036538554139895	2	NaN	NaN	NaN	NaN	NaN	NaN	NaN	NaN	NaN	NaN	-5.000410554563404e-11	-1.6738719019746808e-12	-2.938079686657507e-13	NaN	14.387509507366262	377.468962704697	382.2995686522854	0.1	1	481.61741203021455	12.635656285508496	12.797359319228415	0.1	1	0.08453635749290069	2.088980681924343	2.1157141183218555	-0.2	0	NaN	NaN	NaN	NaN	9	298.8750238893297	297.9608128272163	95797.24314865451	1.1147345047476906	1012.5576366487288	0.025859263966514986	0.08781787970404731	0.008805143505282609	1210.7857308852151	3123.0703070455415	0.007898870509328648	38.76908336497335	1912.2845761603264	282.9493449125371	-0.998137385061841	0.24303617092772367	0.15400661008646294	1.0387795029685851	-1.107838807230313e-15	-3.4755219810650645e-15	1.0387795029685851	6.120321276082906	165.68463840256132	166.31536159743868	8.525946113923423	NaN	0.5332056324591525	0.7616875255874798	-250.695257659053	-0.011567829511733392	0.858576218196666	0.08505163431510751	0	86.16984944101029	-13.076607098080114	29.579320860760248	73.65669126375721	112.33110163519412	157.5459672420775	236.03256756263872	0.3129585981583333	1.0126841512182954	54.12418144841869	1.0149204933192282	54.897726782438056	1.0860138729952735	-1.6454024497499198	1.0860138729952735	1.2478792644019852	1.0860138729952735	-0.0062517787678345454	1.1482968608969517	NaN	NaN	800000009	800000009	800000009	800000009	800000009	801000009	899999999	899999999	89999	89999	89	89	12	26	5	5	1	3	0	NaN	0	0	0	0	0	0	0	0	0	NaN	NaN	NaN	NaN	0	0	0	0	0	0	0	0	3388	0	0	0	18000	18000	18000	18000	93	NaN	0.9625678231069194	0.3418858469848777	0.21892138108316242	0.24591541532487746	1.4932612700447563	0.4599148027835992	1.5546680193166982e-7	NaN	0.04795127327331809	-0.043093557723231514	0.03268231253715699	-0.000006251778767834546	NaN	377.4696813888885	12.635206146686329	96186.86562391493	11.4399995803833	9.774252898454753	94.52281407356261	94.71890198050605	94.32672771538628	0.3921733625539476	0.0002917149079779241	-1	0	2.078137656807901	88.18201095623441	1.0000317783802748	-273.1499938964844	9.000426974243588	-273.1499938964844	187
DATA	2025-06-03T150000_AIU-0547.ghg	2025-06-03	15:30:00	154.645	1	18000	18000	0.2432087716543164	1	NaN	20.46907933019908	1	NaN	37.55073500456792	1	NaN	-0.1525978305069449	1	NaN	0.8534846397564853	1	NaN	0.008240121519314489	2	NaN	NaN	NaN	NaN	NaN	NaN	NaN	NaN	NaN	NaN	-1.9611566904371938e-11	-7.169380668522955e-13	-1.1530602948891208e-13	NaN	14.35654511208022	376.9355529212666	382.20214361741796	0	0	524.8307669408117	13.77959486648823	13.972125089647466	0.1	1	0.08440917659074894	2.0859247415447784	2.115069542961233	0	1	NaN	NaN	NaN	NaN	9	298.85164007398816	297.8637044143677	95784.6632265625	1.1144668982354033	1013.1897369972241	0.025854231304686573	0.05530580465622024	0.009604165013545989	1320.2278958742827	3105.0186937155177	0.008617721198137683	42.51916094889837	1784.790797841235	284.2463141606973	-0.8879979222738812	0.17191719834130337	0.1593380777628261	0.9184140983638003	-2.125389033013906e-14	-1.3660366579331063e-15	0.9184140983638003	5.820732468028328	162.95696282765138	169.04303717234862	9.990950441599958	NaN	0.46714965272099007	0.5821009630341624	-421.64000558421634	-0.0068779052309844635	0.5451046251880046	0.03880469936937945	0	86.48367506172437	-13.124231346770468	29.68704704096883	73.92494468424644	112.74020502721402	158.119740566291	236.89218455749943	0.23989578662247563	1.013810100954605	22.440566255958885	1.0155804893804836	34.576207826648776	1.0860281495539428	-0.14051001400803506	1.0860281495539428	0.7858770880911617	1.0860281495539428	-0.0009465828969217778	1.148882471241555	NaN	NaN	800000009	800000009	800000009	800000009	800000009	800000009	899999999	899999999	89999	89999	89	89	25	15	4	1	0	0	1	NaN	0	0	0	0	0	0	0	0	0	NaN	NaN	NaN	NaN	0	0	0	0	0	0	0	0	2619	0	0	0	18000	18000	18000	18000	93	NaN	0.6909541270634123	0.30672880536864894	0.16651899363626346	0.2655658999075698	0.7433286687228784	0.3322706580615221	7.501860279469025e-8	NaN	0.019873568491435047	-0.00368354984253829	0.02060221432991323	-9.465828969217777e-7	NaN	376.9359147017636	13.779271047163899	96174.39853993055	11.4399995803833	11.078316861629471	94.51470397906834	94.7099261258443	94.31948429616293	0.3904434598378008	0.0002917755392958901	-1	0	2.0741274551086955	87.84625417178827	1.0000190566447047	-273.1499938964844	9.000342393159867	-273.1499938964844	181
DATA	2025-06-03T153000_AIU-0547.ghg	2025-06-03	16:00:00	154.666	1	18000	18000	0.2381680789154849	1	NaN	15.057552812351773	0	NaN	30.15426566107456	1	NaN	0.013862706799246718	2	NaN	0.6855876754516913	1	NaN	-0.001615131561337808	0	NaN	NaN	NaN	NaN	NaN	NaN	NaN	NaN	NaN	NaN	-2.697660838400963e-11	-1.0875902338654515e-12	-1.5959846753927266e-13	NaN	14.23699973119208	374.35457696495735	380.09110077445166	0.1	1	573.979562099723	15.092497029806562	15.323770998080528	0.1	1	0.0842286512489146	2.085731387512109	2.1176926576578534	-0.2	0	NaN	NaN	NaN	NaN	9	299.3023890533447	298.1885799950494	95751.42867274306	1.1123110497083601	1013.9292758840144	0.025891413720331897	0.04442608136926959	0.010504130986226717	1445.5157931721708	3165.7698483042855	0.009443519408515113	45.66079855572721	1720.2540551321147	285.619607014072	-0.7871649668832517	0.4423104899520045	0.2169551701175638	0.9286209132098101	7.03011685868026e-15	-1.894823972280208e-15	0.9286209132098101	5.591222574586969	181.33177024229516	150.66822975770484	13.510972757444394	NaN	0.462731059278347	0.8726761986876893	-557.052426261738	-0.005205973196205771	0.4993506716958197	0.02885305672551511	0	76.43521325622032	-11.599338500571474	26.237735270898117	65.33567066688441	99.64102020011092	139.7479475933097	209.36789090497453	0.23494854022618203	1.0137031653237916	16.668395846238123	1.0155166541075984	27.76597495072441	1.0860150135044273	0.012764746920499368	1.0860150135044273	0.6312874747830514	1.0860150135044273	-0.007842776912046953	1.1488197529311859	NaN	NaN	800000009	800000009	800000009	800000009	800001009	801001009	899999999	899999999	89999	89999	89	89	10	11	3	9	6	0	0	NaN	0	0	0	0	0	0	0	0	0	NaN	NaN	NaN	NaN	0	0	0	0	0	0	0	0	2616	0	0	0	18000	18000	18000	18000	93	NaN	0.6371942173238264	0.8856680981540224	0.22249008189752997	0.18617835651726083	0.30567548308743053	0.09220759250518215	5.585647297677251e-8	NaN	0.014779505083290782	0.00033556318847421273	0.016595459291232673	-0.000007842776912046953	NaN	374.3543164770208	15.092374988301389	96138.2408984375	11.4399995803833	12.459845793194203	94.46460452503628	94.65764969168768	94.27155521096122	0.38609370189408443	0.000292345313297119	-1	0	2.072888147531616	88.2541706570166	1.0000590058912833	-273.1499938964844	9.00050377869606	-273.1499938964844	253
DATA	2025-06-03T160000_AIU-0547.ghg	2025-06-03	16:30:00	154.687	1	18000	18000	0.29145242704083146	0	NaN	19.91895553518462	0	NaN	37.07522263730111	0	NaN	0.2349494296013636	2	NaN	0.843142639829342	0	NaN	-0.008306350299162626	1	NaN	NaN	NaN	NaN	NaN	NaN	NaN	NaN	NaN	NaN	-2.4728013761701727e-11	-1.0375764388981476e-12	-1.4793356695003628e-13	NaN	14.158195463774506	372.5969732317998	378.5146727503402	0.1	1	594.0715729169875	15.634002971513812	15.882307006447101	0.7	0	0.08470038785629698	2.100257018073112	2.1336139448265943	-0.2	0	NaN	NaN	NaN	NaN	9	299.57468279859756	298.4328973448012	95729.71808268229	1.1109196147872027	1014.2378909391093	0.025918504287056145	0.05463564306094136	0.010869637200260995	1497.040154454073	3212.1372325098278	0.009784359782271988	46.605734627481944	1715.0970780557548	286.1541413466164	-0.8735299216691128	0.369759752392477	0.17403449565245557	0.9643986749356483	-4.187723226488788e-15	-1.7465512342283599e-15	0.9643986749356483	5.691271862148584	174.94263657690487	157.05736342309513	10.396500931775565	NaN	0.5122034751003586	0.8324501929855197	-571.0812720395525	-0.005078086328488722	0.5372578805540146	0.034514499122760445	0	80.61911940317538	-12.234262399985125	27.67393486013857	68.91201071322246	105.09516442427437	147.3974624183687	220.82825803701823	0.2876138156730656	1.0133464081298837	21.89588351476898	1.0153052308678703	34.13965829179157	1.0859869281765884	0.21634646191906956	1.0859869281765884	0.7763837832238084	1.0859869281765884	-0.015873638467787554	1.1486199916826914	NaN	NaN	800000009	800000009	800000009	800000009	800000009	811000009	899999999	899999999	89999	89999	89	89	18	25	1	1	8	2	3	NaN	0	0	0	0	0	0	0	0	0	NaN	NaN	NaN	NaN	0	0	0	0	0	0	0	0	3319	0	0	0	18000	18000	18000	18000	93	NaN	0.8982257112706662	0.5280710845786085	0.23860359012176474	0.14072681953292804	0.5583136824561149	0.06008654769444613	1.439349613603889e-7	NaN	0.01943300702881485	0.005696459047401526	0.02044238850485801	-0.000015873638467787552	NaN	372.59696448657945	15.633938877987882	96119.42962825521	11.4399995803833	12.996077463361948	94.44477295981513	94.63642717276679	94.25312029096816	0.3833063854070172	0.00029265802038005664	-1	0	2.086835720274185	88.52669540118286	1.0000375690145624	-273.1499938964844	9.000428133328755	-273.3518689049614	154
DATA	2025-06-03T163000_AIU-0547.ghg	2025-06-03	17:00:00	154.708	1	18000	18000	0.2114258404001875	1	NaN	18.36839589064216	0	NaN	30.635400581408373	0	NaN	1.955944567269774	0	NaN	0.696816650337217	0	NaN	-0.0012467764401883292	0	NaN	NaN	NaN	NaN	NaN	NaN	NaN	NaN	NaN	NaN	9.403115700354374e-11	3.9926490567597295e-12	5.637467560096983e-13	NaN	14.09984568125518	371.45086868714554	377.40332837552256	0.1	1	598.6923627622664	15.772144124956595	16.024891015642023	0.1	1	0.08453306878639597	2.097980893297371	2.131600808465361	-0.1	0	NaN	NaN	NaN	NaN	9	299.76383771514895	298.6170223196661	95731.08649485359	1.1101921614307773	1014.3199056358085	0.025934124582396457	0.045153718941851655	0.01095907598879657	1510.28950396744	3247.4713679722126	0.009871332521995914	46.50663032359529	1737.1818640047727	286.2889771343158	-0.7424737745194921	0.5517344193318506	0.2151001341460599	0.9497085042444807	2.287155595504924e-14	6.668949372158874e-15	0.9497085042444807	5.7401675658380205	188.61614762486437	143.38385237513563	13.090551572249849	NaN	0.4363951893515865	0.6370984039571014	-383.0207296322225	-0.007571391769799476	0.5995807315080235	0.037378181760379374	0	72.28548099599828	-10.969600620313257	24.813266471107717	61.78854194493311	94.23142508876103	132.16091353240085	198.0011313431136	0.20861173162133778	1.0134896956991746	19.983557451720916	1.015389784257469	28.20953767505539	1.0859944226770537	1.8010631789878175	1.0859944226770537	0.6416392531920323	1.0859944226770537	-0.008569738825491972	1.148698350162865	NaN	NaN	800000009	800000009	800000009	800000019	800001019	811101119	899999999	899999999	89999	89999	89	89	45	20	0	2	30	2	6	NaN	0	0	0	0	0	0	0	0	0	NaN	NaN	NaN	NaN	0	2	0	0	0	0	0	0	2011	0	0	0	18000	18000	18000	18000	93	NaN	0.42776675899493527	0.6189102062751167	0.22751984264415076	0.13813026678458457	0.7029943134782513	0.08840461262825884	4.4194604298428884e-8	NaN	0.01774596817510007	0.04745770744614842	0.016907084837004815	-0.000008569738825491972	NaN	371.450529974081	15.772019191466189	96119.14343012153	11.433031752109528	13.129861778577181	94.45756704690722	94.65029980723064	94.26483858002557	0.3854587672559752	0.00029296769491500335	-1	0	2.0844429972895875	87.18696631033842	1.0000199567443795	-273.1499938964844	9.000336644119686	-273.1499938964844	118
DATA	2025-06-03T170000_AIU-0547.ghg	2025-06-03	17:30:00	154.729	1	18000	18000	0.20779003124400935	1	NaN	24.608566063303297	0	NaN	72.63168921040698	0	NaN	2.752492923122559	0	NaN	1.6520443650343637	0	NaN	0.002702953289588298	0	NaN	NaN	NaN	NaN	NaN	NaN	NaN	NaN	NaN	NaN	1.5439482217974813e-10	6.571038996999498e-12	9.244477760400373e-13	NaN	14.104907900629529	371.5447005396033	377.5143083629294	0.1	1	600.304456817984	15.812931301102108	16.06699763085377	0.8	0	0.08445393800062853	2.096066542492198	2.1297440386645317	0	0	NaN	NaN	NaN	NaN	9	299.7733230675591	298.61845665740964	95730.71006336805	1.1101652385638545	1014.3427268905265	0.025934351129395097	0.10705247485422677	0.010987320465680045	1514.1891979407958	3247.7479466417117	0.009897013601230747	46.62274360011595	1733.5587487009159	286.32846531047664	-0.7609724861012579	0.49098745179896836	0.19801589010971737	0.9270156930511511	9.668267227965808e-15	1.0946177264500764e-14	0.9270156930511511	5.181972479698353	184.83053331682905	147.16946668317095	12.333743062338417	NaN	0.4326319030044493	0.6502731709875639	-278.5638639972929	-0.010410539107212348	0.3388130763696637	0.05051209974556098	0	73.5053492563025	-11.15472033509629	25.232007769989725	62.83126698640128	95.82164656899683	134.39122176926395	201.34253949730657	0.2049777792038275	1.0137197897796784	28.62778643117133	1.01552659181685	66.87896826329808	1.086016891356051	2.53448444957948	1.086016891356051	1.5211958287053384	1.086016891356051	-0.009456234826933764	1.1488293933962617	NaN	NaN	800000009	800000009	800000009	800000009	800001019	810001119	899999999	899999999	89999	89999	89	89	20	15	4	9	38	8	7	NaN	0	0	0	0	0	0	0	0	0	NaN	NaN	NaN	NaN	0	0	0	0	0	0	0	0	3418	0	0	0	18000	18000	18000	18000	93	NaN	0.44294403857753245	0.6431519442195357	0.2144503591780595	0.15365477910440953	2.264765096908564	0.10459784658584484	2.7677601862576316e-8	NaN	0.025422334250635104	0.06678658460702397	0.04008526228461875	-0.000009456234826933764	NaN	371.5444058496108	15.812812839470313	96118.59225889757	11.430303061008454	13.168811870204074	94.46482101779515	94.65676159795126	94.27287960094876	0.38387232863571913	0.0002928021505245448	-1	0	2.082525058089583	86.88535110809177	1.00002326823771	-273.1499938964844	9.00035106423166	-273.1499938964844	071
DATA	2025-06-03T173000_AIU-0547.ghg	2025-06-03	18:00:00	154.749	1	18000	18000	0.2702478944628666	1	NaN	10.747495170626657	1	NaN	43.076691965163995	0	NaN	4.319239509194914	0	NaN	0.9796924171794338	0	NaN	-0.002364852050377449	1	NaN	NaN	NaN	NaN	NaN	NaN	NaN	NaN	NaN	NaN	-1.8059746532606126e-10	-7.509856818920745e-12	-1.078387881912895e-12	NaN	14.182844992531985	373.2372112834538	379.1213538767903	0.1	1	589.7709305419144	15.52047262220089	15.765155283157888	0.1	1	0.08468894147202838	2.100535349775012	2.1336506157419772	-0.1	0	NaN	NaN	NaN	NaN	9	299.6050751452975	298.50429488627117	95740.88052907986	1.1108313752888648	1014.1764041185539	0.02592168250354309	0.06348406863322731	0.010789381491954088	1486.3423037485522	3225.798635205476	0.009712888681370182	46.07672306408164	1739.4563314569236	286.0445035543501	-0.8491467690338607	0.5143098579671346	0.23566816278130262	1.020345210363441	2.321720103619311e-14	-1.2733514708872257e-14	1.020345210363441	5.490469560730013	183.20238415163607	148.79761584836393	13.354130409612358	NaN	0.4932386388257862	0.753279579120065	-945.2126203073163	-0.0030680927631469043	0.24949676217751648	0.019341427680045466	0	74.22009488032268	-11.263185741047616	25.477356813580545	63.44222079567555	96.75338967700914	135.69800472639778	203.30033849412544	0.2668221030147399	1.0128392341167383	13.172937787148403	1.0150094729121275	39.665553938094334	1.085997488712584	3.977209481686037	1.085997488712584	0.9021129674441775	1.085997488712584	-0.008076609434170321	1.1483664982522321	NaN	NaN	800000009	800000009	800000009	800000009	800001109	800101109	899999999	899999999	89999	89999	89	89	26	48	5	5	29	2	7	NaN	0	0	0	0	0	0	0	0	0	NaN	NaN	NaN	NaN	0	0	0	0	0	0	0	0	4327	0	0	0	18000	18000	18000	18000	93	NaN	0.5672046651059601	0.6672739562092725	0.2720805369248973	0.13569144801899066	3.7407318923612425	0.06694032472172771	4.902077887487738e-8	NaN	0.011692866759094742	0.1047217281264412	0.02375304327092616	-0.000008076609434170321	NaN	373.236757462512	15.52039243973748	96127.69696961806	11.4399995803833	12.885837233357957	94.44696437030368	94.63544032033285	94.25849229939779	0.3769433543872498	0.00029252167218267753	-1	0	2.0872009793818007	87.44253125458827	1.0000182587355375	-273.1499938964844	9.00029948894183	-273.1499938964844	204
DATA	2025-06-03T180000_AIU-0547.ghg	2025-06-03	18:30:00	154.77	1	18000	18000	0.23520612412136985	1	NaN	4.128328883101486	2	NaN	40.02461471478737	0	NaN	4.507415133188964	1	NaN	0.9101014152071992	0	NaN	-0.006269660602092014	0	NaN	NaN	NaN	NaN	NaN	NaN	NaN	NaN	NaN	NaN	8.65471530357404e-12	3.5758707294359767e-13	5.1983743635071675e-14	NaN	14.281864612673672	375.56858256149906	381.4882795730422	0.2	0	590.0841314692053	15.517375836994043	15.761960095727142	0.1	1	0.0857826933197259	2.1257148868246842	2.159220320045708	-0.1	0	NaN	NaN	NaN	NaN	9	299.3986609454258	298.3033109571788	95741.43338389757	1.1115875337920325	1014.1693734481942	0.025904079766107858	0.058974571705426505	0.010794558999911092	1486.0543164331962	3187.470666302509	0.00971093923938396	46.6217409353301	1701.4163498693129	286.0415425105259	-0.8264866454995068	0.4566511687244169	0.21518008823091436	0.968459052029296	-5.167539158753331e-15	6.059933725946316e-16	0.968459052029296	5.743262467200325	180.92156901336136	151.07843098663864	12.837583917504785	NaN	0.45999433041113924	0.7074766485116564	-1995.9420992093264	-0.0014529479593364996	0.10314475011239138	0.007961000482530102	0	75.49141984598027	-11.456114209389266	25.913761534273767	64.52893025494475	98.41069016964151	138.02239223192132	206.78269453625907	0.23211718680314417	1.0133076630850493	6.436640479814363	1.0152823847174721	36.85558398697012	1.0859850905886506	4.15053132151727	1.0859850905886506	0.8380422743316717	1.0859850905886506	-0.009489492375657698	1.1485992918903374	NaN	NaN	800000009	800000009	800000009	800000009	800001009	801111109	899999999	899999999	89999	89999	89	89	19	29	1	43	40	13	1	NaN	0	0	0	0	0	0	0	0	0	NaN	NaN	NaN	NaN	0	0	0	0	0	0	0	0	5419	0	0	0	18000	18000	18000	18000	93	NaN	0.4765056258391785	0.7116450698724507	0.2268026013116836	0.1315353689201738	6.0032612012690425	0.10339396810581997	1.4933266753592049e-7	NaN	0.005709592236962095	0.10921081425051565	0.0220509790352958	-0.000009489492375657699	NaN	375.5658393489372	15.517224404552097	96129.19497439236	11.443635774718391	12.881903070481574	94.45336180411445	94.64135879643759	94.26536461745368	0.375989154778421	0.00029241896837225393	-1	0	2.112211472984646	87.74852991358797	1.0000229089044863	-273.1499938964844	9.00036163134045	-273.1499938964844	083
DATA	2025-06-03T183000_AIU-0547.ghg	2025-06-03	19:00:00	154.791	1	18000	18000	0.25327276964412254	1	NaN	-31.983604174435644	0	NaN	94.8394119629134	0	NaN	13.249093846666678	0	NaN	2.155690928869116	0	NaN	0.010071432195871536	0	NaN	NaN	NaN	NaN	NaN	NaN	NaN	NaN	NaN	NaN	4.3804731022738747e-11	1.7822084391838954e-12	2.6002956011247423e-13	NaN	14.428480471984813	378.78149616873554	384.710202474372	0.3	0	587.0269959750035	15.410837215920804	15.652048385688364	0.1	1	0.08564900052174924	2.1185359767700946	2.151695404385322	0	1	NaN	NaN	NaN	NaN	9	298.94854642910434	297.91203352016873	95741.54169335938	1.1130938554371528	1014.0996464921495	0.025870072727881256	0.1396887721907187	0.010734538488163128	1475.8530896430937	3113.991245811255	0.009643875433978818	47.39425942922346	1638.1381561681612	285.93632796670994	-0.5663452682754396	0.4500229197232184	0.24920124030692956	0.7650940134027281	-1.0440914335439772e-14	3.0359905956689333e-15	0.7650940134027281	4.7675037811665515	190.4709620203262	141.5290379796738	19.00879124161317	NaN	0.4770109593835657	0.6246891013214491	287.28341106610515	0.010094561287886886	-0.33723958755609657	-0.05940002506487166	0	76.95798297485234	-11.678670822232366	26.417185198500597	65.78252635964827	100.32250332647585	140.70373736781934	210.79983815489035	0.2508422507782552	1.0096894317377814	-26.20195258445127	1.0133169508351096	86.69382465183818	1.0939581030573728	12.111152894830587	1.0939581030573728	1.970542494126999	1.0939581030573728	0.012692652117163156	1.171179184146366	NaN	NaN	800000009	800000009	800000009	800000009	800000009	800011119	899999999	899999999	89999	89999	89	89	28	28	6	20	44	12	0	NaN	0	0	0	0	0	0	0	0	0	NaN	NaN	NaN	NaN	0	0	0	0	0	0	0	0	6454	0	0	0	18000	18000	18000	18000	93	NaN	0.34899526797435737	0.6679436230182008	0.23243931165033993	0.24209277052114092	11.270634764843615	0.190796518085789	7.643309538598219e-8	NaN	-0.023212463814430588	0.31822178581073746	0.05177620635643126	0.000012692652117163156	NaN	378.776011349453	15.410611672536282	96126.48121484375	11.449999809265137	12.773736529164848	94.4832549088796	94.67284813245138	94.29366304397583	0.37918376606702775	0.0002916146598581691	-1	0	2.1051226392984383	87.2458360359403	1.0000277435067628	-273.1499938964844	9.000375330766042	-273.1499938964844	232
DATA	2025-06-03T190000_AIU-0547.ghg	2025-06-03	19:30:00	154.812	0	18000	18000	0.1898211210414201	1	NaN	-39.901091856292865	2	NaN	79.02350728937942	1	NaN	16.279673639643125	1	NaN	1.7954634297287284	1	NaN	0.0030128904245033277	2	NaN	NaN	NaN	NaN	NaN	NaN	NaN	NaN	NaN	NaN	2.690965791995673e-10	1.1094959827383946e-11	1.5822681531688098e-12	NaN	14.574996217905808	381.4240997931383	387.5183169042095	0.1	1	600.9329364310175	15.726268527785724	15.977535542133557	0.1	1	0.08569990899455213	2.1159770920944956	2.1497851912897756	0	1	NaN	NaN	NaN	NaN	9	298.29023173692497	297.4912045983208	95762.09369661458	1.114773947330474	1014.2650325725432	0.02582798453494838	0.1163460302464216	0.01097210521180076	1506.3843635561934	3036.615690935808	0.009842448541316768	49.60734307119265	1530.2313273796144	286.2493438422481	-0.19516484014148894	0.4222287230119904	0.23670576481935415	0.5219157292729476	-5.5789097284947773e-14	1.8462891871558385e-14	0.5219157292729476	4.322226057847692	217.19242103304845	114.80757896695157	26.97055476565039	NaN	0.4126471611562051	0.5457034871638639	149.10422715785097	0.0194494821191748	-0.5049268657511925	-0.08551999257982205	0	70.99814079916351	-10.774241778853314	24.37136423980351	60.688142906930885	92.55324712480028	129.80724507648944	194.47490710161117	0.18756405431336803	1.012033578269113	-34.94397319014274	1.0148646249781397	71.99362880765783	1.097645841696673	14.831444734923801	1.097645841696673	1.6357402010045536	1.097645841696673	0.009658453821645685	1.1788616848718836	NaN	NaN	800000009	800000009	800000009	800000009	800001109	800001109	899999999	899999999	89999	89999	89	89	24	24	1	11	44	2	0	NaN	0	0	0	0	0	0	0	0	0	NaN	NaN	NaN	NaN	0	0	0	0	0	0	0	0	8830	0	0	0	18000	18000	18000	18000	93	NaN	0.3002983268425306	0.5783303445380358	0.21277830294716135	0.36547719687081276	25.778958054459594	0.24790749143848104	6.737509885729683e-8	NaN	-0.03090537515457994	0.38918844905685546	0.0429230734609336	0.000009658453821645685	NaN	381.41812839886353	15.726009814340095	96143.95848480903	11.443031872007584	13.085096234507013	94.53216799651251	94.72336447376675	94.34097673458523	0.38238791444607895	0.0002911720239968014	-1	0	2.1022981448504665	88.44966755676269	1.000033064029283	-273.1499938964844	9.00042313448588	-273.1499938964844	092
DATA	2025-06-03T193000_AIU-0547.ghg	2025-06-03	20:00:00	154.833	0	18000	18000	0.0930098801579077	1	NaN	-45.696360736907764	1	NaN	84.9046387972685	1	NaN	18.802931648305357	1	NaN	1.9268521295382468	1	NaN	-0.02171808869486353	2	NaN	NaN	NaN	NaN	NaN	NaN	NaN	NaN	NaN	NaN	1.995305024268395e-10	8.21593411556579e-12	1.1466791250563816e-12	NaN	14.858203655683878	386.5101954365916	392.7610152502231	0.1	1	611.8063194649528	15.915071941774158	16.17245777066967	0.1	1	0.08538840809091923	2.096970583701613	2.130883751912864	0	1	NaN	NaN	NaN	NaN	9	297.5332034793431	296.29621017456043	95787.91732921007	1.1194913708674168	1014.3407325630244	0.0257173008880118	0.12486001799407839	0.011151621336680377	1524.8805188147146	2825.9703061927175	0.009961328534439486	53.95953791422199	1301.089787378003	286.4362683463666	-0.06294217546342032	0.40005100212174444	0.24366821691380258	0.47262746607093875	2.525466561321948e-14	1.3428978835574838e-14	0.47262746607093875	3.368988674270822	233.0586454341963	98.94135456580368	31.034950177788797	NaN	0.28823994564755184	0.29962827884501936	44.38169320872371	0.0653422569157405	-0.5382080577012934	-0.1396120264784111	0	70.43145803555457	-10.688245483199562	24.176840384884553	60.20375100379531	91.81451890922591	128.77116825041466	192.92267521823442	0.0918568944613899	1.012551977761478	-40.34156381063687	1.0169276515287649	76.24254925200107	1.113612275956789	16.884630363966064	1.113612275956789	1.730271990655582	1.113612275956789	-0.010740813618104458	1.2084599705227934	NaN	NaN	800000009	800000009	800000009	800000009	800000009	801101109	899999999	899999999	89999	89999	89	89	2	21	5	0	6	2	0	NaN	0	0	0	0	0	0	0	0	0	NaN	NaN	NaN	NaN	0	0	0	0	0	0	0	0	10619	0	0	0	18000	18000	18000	18000	93	NaN	0.20413283953257533	0.2892035419229523	0.10592017623451108	0.32206642897583626	41.76405431142371	0.2789048868979937	1.0733921267629828e-7	NaN	-0.03552614739263268	0.4412515533944231	0.045217762379981395	-0.000010740813618104458	NaN	386.50566664409183	15.914799915909072	96157.6314513889	11.44060403866238	13.269303437762781	94.63003967878555	94.82381489520601	94.43626361719768	0.38754881609562364	0.00028919574020579223	-1	0	2.0832308295634068	89.21949377674527	1.0000436459845967	-273.1499938964844	9.000527422481113	-273.1499938964844	188
DATA	2025-06-03T200000_AIU-0547.ghg	2025-06-03	20:30:00	154.854	0	18000	18000	0.057468343435420205	1	NaN	88.86401004036948	1	NaN	-59.395572871104214	1	NaN	-37.12794920731109	1	NaN	-1.3461015507035345	1	NaN	-0.033062714518619765	1	NaN	NaN	NaN	NaN	NaN	NaN	NaN	NaN	NaN	NaN	1.5556270598360533e-10	6.596828242447248e-12	8.69038441041281e-13	NaN	15.419498663668463	398.4806045721931	405.329893873362	0.1	1	653.8828418141936	16.898061072467687	17.188513625455577	0.1	1	0.08613977878299951	2.1027136817780754	2.13885620454775	0	1	NaN	NaN	NaN	NaN	9	296.27828761291516	294.8859227649658	95807.59483042441	1.1246556760192081	1014.858833889432	0.02558963687802938	-0.08722738048558903	0.011899468022722024	1619.396858227029	2593.88484554843	0.010580543251105053	62.43133194621973	974.4879873214009	287.361428614591	-0.09677944458628121	-0.04422147012773722	0.21401122371370418	0.23900335393070873	4.5176621619550755e-14	1.0088700636561117e-14	0.23900335393070873	2.498630526285869	127.44289832267486	204.55710167732514	63.563958044271345	NaN	0.22605001985841244	0.15182851654217522	-11.011177201163047	-0.2633687522251199	-1.496138613448774	0.344426169536353	0	54.324956868832324	-8.244021791870269	18.647999739980897	46.43615605646108	70.81806793149707	99.32334721256983	148.80447320797552	0.05531065751363483	1.039010310467806	83.18615068242039	1.0320005061813484	-53.83110277363825	1.1033690526620783	-33.6496198780754	1.1033690526620783	-1.2199921209098805	1.1033690526620783	-0.05233260870794222	1.1720155592187338	NaN	NaN	800000009	800000009	800000009	800000019	800100019	801100019	899999999	899999999	89999	89999	89	89	12	6	10	13	4	0	2	NaN	0	0	0	0	0	0	0	0	0	NaN	NaN	NaN	NaN	0	13	0	0	0	0	0	0	11922	0	0	0	18000	18000	18000	18000	93	NaN	0.04444861284681377	0.1345281653647401	0.12468025487279655	0.3354725187698467	69.43363837390517	0.3043425005665576	5.780736173728032e-7	NaN	0.07288292815263694	-0.8758863041768123	-0.03175591266054158	-0.00005233260870794222	NaN	398.47288753353183	16.89776359273893	96182.79070551215	11.460000038146973	14.195158104260747	94.77632961400352	94.97025689993966	94.58240227911206	0.38784921486179036	0.00028701578705901443	-1	0	2.0880003046327182	88.99137346987908	1.0000780964642764	-386.7652486673819	9.000587234947416	-332.339746381972	210
DATA	2025-06-03T203000_AIU-0547.ghg	2025-06-03	21:00:00	154.874	0	18000	18000	0.03422937236930885	1	NaN	14.383403187182005	1	NaN	66.70439545346264	1	NaN	15.016411061877285	1	NaN	1.510187230105703	1	NaN	0.012478488909935671	2	NaN	NaN	NaN	NaN	NaN	NaN	NaN	NaN	NaN	NaN	-2.7337045034906592e-11	-1.1318787453254946e-12	-1.5079244413172088e-13	NaN	15.912535262697034	409.25353583638434	416.30785958089655	0.1	1	658.8517678151	16.944968926634825	17.237050206775482	0.1	1	0.08777430338686493	2.1322844981656495	2.1690387931156594	0	1	NaN	NaN	NaN	NaN	9	295.2615495257908	293.821004636331	95815.08989325391	1.1288000025094889	1014.8613207029491	0.025495230816648732	0.09786013251084956	0.01197668487434744	1624.0192300900069	2429.848843981301	0.0106101035149907	66.83622457062208	805.829613891294	287.40544505121494	0.00465463187831923	-0.3073039853523427	0.23514158801643265	0.3869741224245496	1.2463183634945323e-14	-1.7179566036212639e-15	0.3869741224245496	1.8722795542883623	61.13222612637884	270.86777387362116	37.41917239583572	NaN	0.17413696346761884	0.08955352255126744	-31.101033839667117	-0.09324448875076492	0.2156290164898775	0.07210194579553468	1	1.8345895468485696	1	1	3	4	8	22	0.03334177094601091	1.0266213040913514	17.949229822932555	1.023798237670639	60.99811086941478	1.0935485460568428	13.731819328939723	1.0935485460568428	1.380996971328974	1.0935485460568428	0.0027121174984396325	1.15985130962639	NaN	NaN	800000009	800000009	800000009	800000019	800100019	810111019	899999999	899999999	89999	89999	89	89	0	2	0	12	8	0	2	NaN	0	0	0	0	0	0	0	0	0	NaN	NaN	NaN	NaN	0	9	0	0	0	0	0	0	15711	0	0	0	18000	18000	18000	18000	93	NaN	0.040814329107166446	0.10654308593587863	0.031749630059489796	0.14892085007890896	59.463736614635145	0.17320902691013043	0.000001615571655502301	NaN	0.015668308573650893	0.35613217061935226	0.03581589862471003	0.0000027121174984396325	NaN	409.2502949891258	16.944797007108537	96192.90516384548	11.460000038146973	14.242956416924853	94.8706604309082	95.06180958027309	94.6795102113088	0.3822947674509548	0.0002862051355607239	-1	0	2.117290769027339	86.48475174863952	1.000085262129704	-273.1499938964844	9.000873500294155	-273.1499938964844	070
DATA	2025-06-03T210000_AIU-0547.ghg	2025-06-03	21:30:00	154.895	0	18000	18000	0.03368401992103558	1	NaN	11.691572840408696	1	NaN	47.123483166056786	1	NaN	7.133137578235745	1	NaN	1.0661299252216516	1	NaN	0.0001514837961832369	1	NaN	NaN	NaN	NaN	NaN	NaN	NaN	NaN	NaN	NaN	-1.4237955373454393e-10	-5.865920155341712e-12	-7.874333016874991e-13	NaN	15.894113788229705	407.48137435619225	414.4389322415359	0.1	1	654.8243759458492	16.78789646453576	17.07454210965195	0.1	1	0.08790275126860447	2.128219789625752	2.164558168042311	-0.3	0	NaN	NaN	NaN	NaN	9	294.4887008878919	293.0977725271452	95830.3288986524	1.1318329953219444	1014.7571589888661	0.025428430735824726	0.06908521915436303	0.011896837151182556	1609.2211805034003	2323.686988754108	0.010511124167924225	69.25292383576227	714.4658082507076	287.2641404581831	-0.02347189113143149	-0.3170146992060079	0.22807582082768904	0.3912388391151646	-1.896013411602278e-15	-8.958005185541222e-15	0.3912388391151646	1.1284494489306711	66.23447522100707	265.7655247789929	35.658864426922186	NaN	0.17251258488202592	0.049036811230447876	-37.20349016373054	-0.07794967588355978	0.24810502227115033	0.05900756356253635	1	1.9211752096882875	1	2	3	5	9	24	0.03281789327191647	1.0263919027934765	14.175389775932821	1.0236472007200086	43.09908628014404	1.0933754571907666	6.523959845013415	1.0933754571907666	0.9750812661927519	1.0933754571907666	-0.006383362225388189	1.1596328227751849	NaN	NaN	800000009	800000009	800000009	800000019	800000019	800000119	899999999	899999999	89999	89999	89	89	0	0	0	3	1	0	5	NaN	0	0	0	0	0	0	0	0	0	NaN	NaN	NaN	NaN	0	5	0	0	0	0	0	0	17702	0	0	0	18000	18000	18000	18000	93	NaN	0.046005367411426884	0.027158202741260004	0.024910052308208863	0.066825501077897	30.73384297203802	0.1218701173196693	5.180632799029327e-8	NaN	0.012342141894982728	0.16872739895571562	0.02521826156561981	-0.0000063833622253881895	NaN	407.4803504377968	16.787772746594513	96212.3299249132	11.460000038146973	14.10339668326908	94.94082945336235	95.13137185266282	94.7502854270935	0.3810887318617769	0.00028521527219951766	-1	0	2.1134013837840815	83.00563346552184	1.0000962304191456	-297.9806199391716	9.000921520921919	-273.1499938964844	246
DATA	2025-06-03T213000_AIU-0547.ghg	2025-06-03	22:00:00	154.916	0	18000	18000	0.024198352144561067	1	NaN	16.610985395813678	1	NaN	18.982968807197555	1	NaN	1.3088204409476125	2	NaN	0.42924594380847847	1	NaN	0.00772867083965159	2	NaN	NaN	NaN	NaN	NaN	NaN	NaN	NaN	NaN	NaN	9.678412120005422e-11	4.015812080678068e-12	5.381826957569942e-13	NaN	15.791611248151279	403.87052174230814	410.75376276194015	0.1	1	655.2329290939725	16.75758482003561	17.043187479832675	0.1	1	0.08781163486838342	2.1206183587777376	2.156760455039562	0	1	NaN	NaN	NaN	NaN	9	293.9262748777602	292.5478872027927	95863.19698828126	1.134362449091573	1014.7284362145506	0.025372021908484303	0.027815137158789402	0.011901758745131873	1606.8665640097463	2245.708787906325	0.010492024621110398	71.55275753753577	638.8422238965788	287.2415512939296	0.03273159318477997	-0.3666008024792218	0.22755457597664236	0.43272230196597694	2.423146990159096e-15	6.1288312939811455e-15	0.43272230196597694	1.1287040733479028	56.89793108567619	275.1020689143238	31.72665832210281	NaN	0.14605518375049034	0.047436185852898105	-15.894572753231236	-0.18245221466619502	0.8750467624176615	0.09880450537716344	1	3.1199959947022218	1	3	5	7	13	34	0.023622542476686763	1.0243754315794997	17.419023270949996	1.0223247397511481	17.38558500693877	1.0918797842937846	1.198685477810309	1.0918797842937846	0.39312564440059655	1.0918797842937846	0.0007716099882084094	1.1577253157991665	NaN	NaN	800000009	800000009	800000009	800000009	800000009	800000009	899999999	899999999	89999	89999	89	89	0	0	0	2	0	0	0	NaN	0	0	0	0	0	0	0	0	0	NaN	NaN	NaN	NaN	0	0	0	0	0	0	0	0	16709	0	0	0	18000	18000	18000	18000	93	NaN	0.024826502342881276	0.05398225088801954	0.01606361847489538	0.06300465463862433	61.802530616269316	0.08517377771699325	4.469201955406641e-8	NaN	0.015132898765491471	0.030931551338258256	0.010144434280104976	7.716099882084095e-7	NaN	403.8689235498834	16.757496320748984	96245.92941710069	11.45303210088942	14.081724582460199	94.98847642940945	95.17750109693739	94.79945035552979	0.37805063314570336	0.0002841030784701515	-1	0	2.10584099205335	82.87943273486384	1.0000913916263316	-273.1499938964844	9.000871532069311	-273.1499938964844	027
DATA	2025-06-03T220000_AIU-0547.ghg	2025-06-03	22:30:00	154.937	0	18000	18000	0.014131757914873902	1	NaN	-6.872623612891742	2	NaN	34.84368830816271	0	NaN	10.522365946373561	1	NaN	0.7875564831421457	0	NaN	0.00884472476305172	2	NaN	NaN	NaN	NaN	NaN	NaN	NaN	NaN	NaN	NaN	5.176024297505833e-11	2.16429811738426e-12	2.821663292739208e-13	NaN	16.06793853115357	410.1977538884057	417.35623627243035	0.1	1	671.8633281914668	17.151971773465736	17.451295908295215	0.1	1	0.08759292796440912	2.111397904504151	2.148244534115807	-0.8	0	NaN	NaN	NaN	NaN	9	293.51703207566993	292.10794025552076	95893.92869497325	1.1362645683576627	1014.9417967962161	0.02532574739960264	0.05103366010761103	0.012204123012709534	1645.2111503528895	2184.980035651194	0.01074056461194523	75.29639280491475	539.7688852983047	287.60584565069075	0.17462401259849852	-0.10329425732256778	0.27201550949579667	0.3393459691495965	-4.3234802775627545e-14	3.2213368799427624e-15	0.3393459691495965	1.180340346706371	2.6053243593773914	329.39467564062255	53.28197230006939	NaN	0.11152143840332476	0.12225534146717286	17.106902085328944	0.16952221889941546	-0.19724156501772275	-0.05343718787400305	1	2.4954574863107464	1	2	5	8	18	72	0.013922109344013634	1.0150586786585192	-4.8634262672015955	1.0208518386678922	30.63071696950436	1.1375407354275364	9.250100342489104	1.1375407354275364	0.6923325544435543	1.1375407354275364	0.007331342359308667	1.252736686444453	NaN	NaN	800000009	800000009	800000009	800000019	800000019	800000019	899999999	899999999	89999	89999	89	89	2	0	0	1	3	0	1	NaN	0	0	0	0	0	0	0	0	0	NaN	NaN	NaN	NaN	0	199	0	0	0	0	0	0	17205	0	0	0	18000	18000	18000	18000	93	NaN	0.018384049144690082	0.19800189813530433	0.028124735654351318	0.12066581270247465	32.17511856893279	0.1503542488211801	2.3445499867241794e-7	NaN	-0.004217176073345895	0.23835506059857817	0.017839911120829683	0.000007331342359308667	NaN	410.195841348147	17.15182101651691	96278.42314930556	11.450302593972948	14.44488480292429	95.0221999443902	95.209150935279	94.83524777242873	0.37390112801392883	0.0002838620403328807	-1	0	2.090548720071764	77.5216468810717	1.000104505262441	-273.1499938964844	9.000993008878496	-273.1499938964844	053
DATA	2025-06-03T223000_AIU-0547.ghg	2025-06-03	23:00:00	154.958	0	18000	18000	0.08847259953784153	1	NaN	1.1598471891418567	1	NaN	-62.93383403596386	1	NaN	-25.637492246559432	1	NaN	-1.4218849046673843	1	NaN	-0.025541756363025952	1	NaN	NaN	NaN	NaN	NaN	NaN	NaN	NaN	NaN	NaN	3.502207208355106e-12	1.4656513311581466e-13	1.9258706076542095e-14	NaN	16.057552860827318	409.2829901455596	416.41545039279214	0.1	1	671.9983234991834	17.128231530565756	17.426720432959936	0.1	1	0.08830079788467354	2.1243495999709854	2.16137004655155	0.6	0	NaN	NaN	NaN	NaN	9	293.09341840277773	291.6848385192761	95892.85873330903	1.1379103552039036	1014.9198041794727	0.02528934666755219	-0.09213814182244649	0.012204773081986725	1642.9156630668804	2127.9379824565985	0.010725601560941711	77.20693350142733	485.0223193897182	287.58424838858144	0.34514507525551175	0.007747232810667982	0.28091784232283873	0.44508423553823284	-8.999707242301008e-14	2.1810342078330018e-16	0.44508423553823284	1.5057643709310864	330.71413718755775	1.2858628124423692	39.135504286133866	NaN	0.27883697926783635	0.1421063508190434	-1584.3832023527766	-0.0018303652776004943	-0.01842962862359627	0.0036017256478874248	0	94.19144769425203	-14.293915580533675	32.332875962550034	80.51343280170545	122.78806511496029	172.21200720654878	258.00496793180463	0.08728809609895061	1.013570045536887	-2.427361244691857	1.0149890063876925	-57.585974810385025	1.0928673907698514	-23.45892325371658	1.0928673907698514	-1.3010589543400706	1.0928673907698514	-0.019386141592018142	1.169917141277115	NaN	NaN	800000009	800000009	800000009	800000019	800000019	800000019	899999999	899999999	89999	89999	89	89	0	0	0	5	15	0	4	NaN	0	0	0	0	0	0	0	0	0	NaN	NaN	NaN	NaN	0	176	0	0	0	0	0	0	17604	0	0	0	18000	18000	18000	18000	93	NaN	0.07849493874496351	0.15779309450626613	0.04792466838685714	0.03309353782657385	28.83748592113333	0.09261511473020471	1.4768188180191868e-7	NaN	-0.0021018157257626006	-0.603602255017568	-0.033476477596901116	-0.000019386141592018143	NaN	409.28295463283484	17.128135618418252	96277.69877170138	11.460000038146973	14.424580730809101	95.06156225691902	95.2484705435435	94.87465091239082	0.37381647662487305	0.0002831706276936327	-1	0	2.1078543747049787	73.8037022554467	1.0001076221780645	-273.1499938964844	9.000990425931082	-273.1499938964844	033
DATA	2025-06-03T230000_AIU-0547.ghg	2025-06-03	23:30:00	154.979	0	18000	18000	0.07420657375796351	1	NaN	-6.16332578399931	1	NaN	-26.312072012175545	1	NaN	6.7311218169313625	1	NaN	-0.5943203379223634	1	NaN	-0.023215691906263523	1	NaN	NaN	NaN	NaN	NaN	NaN	NaN	NaN	NaN	NaN	-1.8931506730305377e-10	-7.833505174919471e-12	-1.012192957498207e-12	NaN	16.409551837673703	417.75337760658044	425.1016236267143	0.1	1	678.9967173228413	17.28585733793017	17.589914083361606	0.1	1	0.08773539815088535	2.1082264779367654	2.145310000551941	0	1	NaN	NaN	NaN	NaN	9	292.83666886138917	291.4110656128588	95911.15944900569	1.1391284184471395	1015.003438079398	0.025260789395351483	-0.038511957897369144	0.012331014272414885	1658.3513352512423	2091.7271926069006	0.010824955354221195	79.2814350319008	433.37585735565835	287.72896875364694	0.40009035268153126	0.18775306195018798	0.2887789918688424	0.5279363680646465	-1.8138181729724738e-14	-1.1536882248570415e-14	0.5279363680646465	1.6293007382548814	306.8604309343283	25.139569065671747	33.161157471026506	NaN	0.2552318372465922	0.11820942288687604	228.70108027811486	0.012680307397207822	0.23423946928798756	-0.020885269221184985	0	86.6919112842717	-13.155831996922515	29.75852779765481	74.10294187530107	113.01166197452024	158.50046279464436	237.46257583224616	0.07332931517481336	1.0119632725473953	-7.5953964507763585	1.0147647693185233	-23.984121792507413	1.0970621413536759	6.135588462314235	1.0970621413536759	-0.5417380798402409	1.0970621413536759	-0.017274965707177733	1.177774004648619	NaN	NaN	800000009	800000009	800000009	800000019	800000019	800001119	899999999	899999999	89999	89999	89	89	0	0	4	9	3	0	6	NaN	0	0	0	0	0	0	0	0	0	NaN	NaN	NaN	NaN	0	381	0	0	0	0	0	0	17703	0	0	0	18000	18000	18000	18000	93	NaN	0.10737790778570612	0.0796314553480951	0.04940948263995084	0.043404920630269905	28.42034525488795	0.07044006560353565	2.926531543411817e-7	NaN	-0.006569166166028061	0.15771680952545872	-0.013925510499220169	-0.000017274965707177732	NaN	417.7526945356487	17.285782199878497	96297.20671853298	11.460000038146973	14.569960573302374	95.07518570624457	95.25952657487657	94.89084398184882	0.3686783577187192	0.0002832019081365111	-1	0	2.082574197062874	68.62434696638678	1.000107040449977	-291.60136967129273	9.000974075714748	-273.1499938964844	065
