DATAH	filename	date	time	DOY	daytime	file_records	used_records	Tau	qc_Tau	rand_err_Tau	H	qc_H	rand_err_H	LE	qc_LE	rand_err_LE	co2_flux	qc_co2_flux	rand_err_co2_flux	h2o_flux	qc_h2o_flux	rand_err_h2o_flux	ch4_flux	qc_ch4_flux	rand_err_ch4_flux	none_flux	qc_none_flux	rand_err_none_flux	H_strg	LE_strg	co2_strg	h2o_strg	ch4_strg	none_strg	co2_v-adv	h2o_v-adv	ch4_v-adv	none_v-adv	co2_molar_density	co2_mole_fraction	co2_mixing_ratio	co2_time_lag	co2_def_timelag	h2o_molar_density	h2o_mole_fraction	h2o_mixing_ratio	h2o_time_lag	h2o_def_timelag	ch4_molar_density	ch4_mole_fraction	ch4_mixing_ratio	ch4_time_lag	ch4_def_timelag	none_molar_density	none_mole_fraction	none_mixing_ratio	none_time_lag	none_def_timelag	sonic_temperature	air_temperature	air_pressure	air_density	air_heat_capacity	air_molar_volume	ET	water_vapor_density	e	es	specific_humidity	RH	VPD	Tdew	u_unrot	v_unrot	w_unrot	u_rot	v_rot	w_rot	wind_speed	max_wind_speed	wind_dir	yaw	pitch	roll	u*	TKE	L	(z-d)/L	bowen_ratio	T*	model	x_peak	x_offset	x_10%	x_30%	x_50%	x_70%	x_90%	un_Tau	Tau_scf	un_H	H_scf	un_LE	LE_scf	un_co2_flux	co2_scf	un_h2o_flux	h2o_scf	un_ch4_flux	ch4_scf	un_none_flux	un_none_scf	spikes_hf	amplitude_resolution_hf	drop_out_hf	absolute_limits_hf	skewness_kurtosis_hf	skewness_kurtosis_sf	discontinuities_hf	discontinuities_sf	timelag_hf	timelag_sf	attack_angle_hf	non_steady_wind_hf	u_spikes	v_spikes	w_spikes	ts_spikes	co2_spikes	h2o_spikes	ch4_spikes	none_spikes	head_detect_LI-7200	t_out_LI-7200	t_in_LI-7200	aux_in_LI-7200	delta_p_LI-7200	chopper_LI-7200	detector_LI-7200	pll_LI-7200	sync_LI-7200	chopper_LI-7500	detector_LI-7500	pll_LI-7500	sync_LI-7500	not_ready_LI-7700	no_signal_LI-7700	re_unlocked_LI-7700	bad_temp_LI-7700	laser_temp_unregulated_LI-7700	block_temp_unregulated_LI-7700	motor_spinning_LI-7700	pump_on_LI-7700	top_heater_on_LI-7700	bottom_heater_on_LI-7700	calibrating_LI-7700	motor_failure_LI-7700	bad_aux_tc1_LI-7700	bad_aux_tc2_LI-7700	bad_aux_tc3_LI-7700	box_connected_LI-7700	mean_value_RSSI_LI-7200	mean_value_LI-7500	u_var	v_var	w_var	ts_var	co2_var	h2o_var	ch4_var	none_var	w/ts_cov	w/co2_cov	w/h2o_cov	w/ch4_cov	w/none_cov	co2_mean	h2o_mean	air_p_mean	vin_sf_mean	dew_point_mean	avg_signal_strength_7200_mean	co2_signal_strength_7200_mean	h2o_signal_strength_7200_mean	delta_signal_strength_7200_mean	flowrate_mean	hit_power_mean	hit_vin_mean	ch4_mean	rssi_77_mean	ch4_aux-1_mean	ch4_aux-2_mean	ch4_aux-3_mean	ch4_aux-4_mean	CHK
DATAU		[yyyy-mm-dd]	[HH:MM]	[ddd.ddd]	[1=daytime]	[#]	[#]	[kg+1m-1s-2]	[#]	[kg+1m-1s-2]	[W+1m-2]	[#]	[W+1m-2]	[W+1m-2]	[#]	[W+1m-2]	[µmol+1s-1m-2]	[#]	[µmol+1s-1m-2]	[mmol+1s-1m-2]	[#]	[mmol+1s-1m-2]	[µmol+1s-1m-2]	[#]	[µmol+1s-1m-2]	[µmol+1s-1m-2]	[#]	[µmol+1s-1m-2]	[W+1m-2]	[W+1m-2]	[µmol+1s-1m-2]	[mmol+1s-1m-2]	[µmol+1s-1m-2]	[µmol+1s-1m-2]	[µmol+1s-1m-2]	[mmol+1s-1m-2]	[µmol+1s-1m-2]	[µmol+1s-1m-2]	[mmol+1m-3]	[µmol+1mol_a-1]	[µmol+1mol_d-1]	[s]	[1=default]	[mmol+1m-3]	[mmol+1mol_a-1]	[mmol+1mol_d-1]	[s]	[1=default]	[mmol+1m-3]	[µmol+1mol_a-1]	[µmol+1mol_d-1]	[s]	[1=default]	[mmol+1m-3]	[µmol+1mol_a-1]	[µmol+1mol_d-1]	[s]	[1=default]	[K]	[K]	[Pa]	[kg+1m-3]	[J+1kg-1K-1]	[m+3mol-1]	[mm]	[kg+1m-3]	[Pa]	[Pa]	[kg+1kg-1]	[%]	[Pa]	[K]	[m+1s-1]	[m+1s-1]	[m+1s-1]	[m+1s-1]	[m+1s-1]	[m+1s-1]	[m+1s-1]	[m+1s-1]	[deg_from_north]	[deg]	[deg]	[deg]	[m+1s-1]	[m+2s-2]	[m]	[#]	[#]	[K]	[0=KJ/1=KM/2=HS]	[m]	[m]	[m]	[m]	[m]	[m]	[m]	[kg+1m-1s-2]	[#]	[W+1m-2]	[#]	[W+1m-2]	[#]	[µmol+1s-1m-2]	[#]	[mmol+1s-1m-2]	[#]	[µmol+1s-1m-2]	[#]	[µmol+1s-1m-2]	[#]	8u/v/w/ts/co2/h2o/ch4/none	8u/v/w/ts/co2/h2o/ch4/none	8u/v/w/ts/co2/h2o/ch4/none	8u/v/w/ts/co2/h2o/ch4/none	8u/v/w/ts/co2/h2o/ch4/none	8u/v/w/ts/co2/h2o/ch4/none	8u/v/w/ts/co2/h2o/ch4/none	8u/v/w/ts/co2/h2o/ch4/none	8co2/h2o/ch4/none	8co2/h2o/ch4/none	8aa	8U	[#]	[#]	[#]	[#]	[#]	[#]	[#]	[#]	[#_flagged_recs]	[#_flagged_recs]	[#_flagged_recs]	[#_flagged_recs]	[#_flagged_recs]	[#_flagged_recs]	[#_flagged_recs]	[#_flagged_recs]	[#_flagged_recs]	[#_flagged_recs]	[#_flagged_recs]	[#_flagged_recs]	[#_flagged_recs]	[#_flagged_recs]	[#_flagged_recs]	[#_flagged_recs]	[#_flagged_recs]	[#_flagged_recs]	[#_flagged_recs]	[#_flagged_recs]	[#_flagged_recs]	[#_flagged_recs]	[#_flagged_recs]	[#_flagged_recs]	[#_flagged_recs]	[#_flagged_recs]	[#_flagged_recs]	[#_flagged_recs]	[#_flagged_recs]	[#]	[#]	[m+2s-2]	[m+2s-2]	[m+2s-2]	[K+2]	--	--	--	--	[m+1s-1K+1]	--	--	--	--	--	--	--	--	--	--	--	--	--	--	--	--	--	--	--	--	--	--	207
DATA	2025-02-19T233000_AIU-0547.ghg	2025-02-20	00:00:00	51	0	18000	18000	0.013369204266760948	1	NaN	13.123545795134829	0	NaN	0.1131836006309561	2	NaN	-0.018240431143258226	2	NaN	0.0024959542885256603	2	NaN	NaN	NaN	NaN	NaN	NaN	NaN	NaN	NaN	NaN	NaN	NaN	NaN	-1.6346394975362584e-11	-1.404651926881386e-13	NaN	NaN	17.67578273499238	417.488736861424	418.9918687524673	0.1	1	151.88867218285884	3.5874965676991266	3.6004130371120655	0.1	1	NaN	NaN	NaN	NaN	0	NaN	NaN	NaN	NaN	9	266.55972458902994	266.2565845168271	94993.25826490286	1.241256982021184	1007.0012860589917	0.023329840356176156	0.00016173783789646278	0.002770987210826377	340.4913000533741	363.95249526762495	0.0022324041282041993	93.55377541868503	23.461195214250836	265.35991773531396	-0.45822237967931695	0.04258825869177998	0.013900373527591292	0.4604071343947451	-1.947670165930723e-14	-9.247904446687933e-16	0.4604071343947451	1.381911050069306	157.30994908689382	174.69005091310612	1.7301073804828493	NaN	0.10378197405807248	0.05939893715006143	-7.152101621037538	-0.4054752230407073	115.94918099420751	0.10116668845761664	1	5.715307336204105	3	5	8	12	20	50	0.013065853061868969	1.0232170990639158	12.866776407636264	1.0215671453360164	0.1037387203370206	1.0910448891527822	-0.016718314090103367	1.0910448891527822	0.002287673324297241	1.0910448891527822	NaN	1	NaN	NaN	800000009	800000019	800000009	800000019	800000009	801010109	899999999	899999999	89999	89999	89	89	23	18	1	25	1	3	0	NaN	0	0	0	0	0	0	0	0	0	NaN	NaN	NaN	NaN	0	18000	0	0	0	0	101	0	0	0	0	18000	18000	18000	18000	18000	80	NaN	0.05905478454335562	0.0448560079077471	0.014887081849020123	0.03576509539232479	0.0885161567201021	0.00026960202518419194	NaN	NaN	0.01029385447905923	-0.0003914386610377027	0.000053563043386334986	NaN	NaN	417.48869760325636	3.5874959810209686	95832.00275802953	11.437012019157411	-7.71957407324843	80.26726234351264	81.57206972969902	78.96245698038737	2.609613045718935	0.0002626944709174697	-1	0	9.102787408510812	0.3471869715733674	1.0000030747668611	-273.1499938964844	9.00022347858217	-273.1499938964844	099
DATA	2025-02-20T000000_AIU-0547.ghg	2025-02-20	00:30:00	51.02	0	18000	18000	0.028022984757437565	1	NaN	22.95510175233879	1	NaN	2.9798883308300477	1	NaN	-0.49842565281765816	1	NaN	0.06572023964229888	1	NaN	NaN	NaN	NaN	NaN	NaN	NaN	NaN	NaN	NaN	NaN	NaN	NaN	6.626490921520575e-11	5.769036986953111e-13	NaN	NaN	17.666107579097634	417.7612775819943	419.2862377725208	0.1	1	153.80150557260595	3.637038502927991	3.6503148385435833	0.1	1	NaN	NaN	NaN	NaN	0	NaN	NaN	NaN	NaN	9	266.67656733364527	266.3691102183869	95239.16833792735	1.243921283612293	1007.0292505034428	0.023279801992233333	0.004258671528820967	0.0028152917695593352	346.08150971027914	367.1161607903075	0.002263239488421527	94.27030097646856	21.034651080028368	265.5700554108008	-0.47150963485926184	0.07115008602694661	0.01979411103584078	0.4772582920583507	3.5050411427000268e-15	3.750962622553581e-15	0.4772582920583507	1.902579220349603	160.58110514164846	171.4188948583515	2.3770030482369937	NaN	0.15009310635467119	0.0684914939488024	-12.391609976310816	-0.23402931544359154	7.703342945721945	0.12209095537619925	1	3.4698967148609667	2	3	5	8	14	36	0.02740439110586155	1.0225727931405746	22.654604783638355	1.0211467424282732	2.7323641408525328	1.0905897520307393	-0.4570239651432279	1.0905897520307393	0.06026119310210288	1.0905897520307393	NaN	1	NaN	NaN	800000009	800000019	800000009	800000019	800000009	800000009	899999999	899999999	89999	89999	89	89	3	14	0	4	9	0	0	NaN	0	0	0	0	0	0	0	0	0	NaN	NaN	NaN	NaN	0	18000	0	0	0	0	101	0	802	17997	0	18000	18000	18000	18000	18000	80	NaN	0.09195621610171212	0.028463503490558317	0.016563268305334368	0.05412971157370699	0.12598156215812317	0.001398174191543811	NaN	NaN	0.01808512463509056	-0.010678230126060404	0.0014079850001160346	NaN	NaN	417.7612224608317	3.6370367235432406	95787.76568728298	11.438615137259166	-7.549110173967143	80.29383388201396	81.60128501553007	78.9863867755466	2.6149002384615834	0.0002625649401064341	-1	0	26.107025246210128	0.1469751963487077	1.0000072363449468	-273.1499938964844	9.00020576847924	-273.1499938964844	033
DATA	2025-02-20T003000_AIU-0547.ghg	2025-02-20	01:00:00	51.041	0	18000	18000	0.029793567282280317	1	NaN	12.240383901845354	1	NaN	0.13997089653442363	1	NaN	0.10366893492610424	1	NaN	0.0030894677697879567	1	NaN	0.00010166867620548277	1	NaN	NaN	NaN	NaN	NaN	NaN	NaN	NaN	NaN	NaN	2.6975467906857345e-11	2.307520229695623e-13	1.5667975280070272e-13	NaN	17.6487592530382	417.05091147843297	418.54407304074675	0.1	0	150.9700189299068	3.5675133360887727	3.580286054334624	0.1	1	0.10250807313344903	2.1927607932091413	2.2006115040975596	-0.2	0	NaN	NaN	NaN	NaN	9	266.4725118238661	267.2165106209357	95353.98393844994	1.2415004514045087	1007.0021670433608	0.023298848957758335	0.0002001975114822596	0.002759217484707108	340.26785812400743	391.7506858899321	0.0022224860905895013	86.8582673572167	51.48282776592464	265.351454877164	-0.7066618231685206	0.17943432106423643	-0.004761242738392294	0.7291023778126139	2.198223862710842e-15	1.5284625689601136e-15	0.7291023778126139	1.9674607445383883	166.24734029986442	165.75265970013555	-0.3741601473066497	NaN	0.1549129813012545	0.08954394949830528	-25.572029655095225	-0.11340515552007328	87.44949275105218	0.06320187171886883	1	7.430584136990002	3	6	11	17	30	82	0.029315043956750195	1.0163234728979464	12.054934370361494	1.0171280746525022	0.1287901161861471	1.0868139627431994	0.09538793066702614	1.0868139627431994	0.002842683178259791	1.0868139627431994	-0.003940770300393508	1.150637556619875	NaN	NaN	800000009	800000009	800000009	800000019	800000019	800010019	899999999	899999999	89999	89999	89	89	0	4	0	12	0	7	1	NaN	0	0	0	0	0	0	0	0	0	NaN	NaN	NaN	NaN	0	34	0	0	0	0	101	0	0	18000	0	19	18000	18000	18000	18000	80	NaN	0.13563842482321553	0.02640843314971461	0.017041041023680426	0.03206985241591921	0.18641517296185858	0.00020283209706306037	2.139657698279993e-8	NaN	0.00964245372631612	0.002230388062526581	0.00006646843664601564	-0.0000039407703003935085	NaN	417.05086767549653	3.567512769825995	95752.07139561632	11.399999618530273	-7.802144852836922	80.21300722376505	81.51429560512967	78.91172083621555	2.602575375874838	0.000262665327512271	-1	0	2.199980942807949	81.77566089122887	1.0000230688369935	-273.1499938964844	9.000278115537432	-273.1499938964844	094
DATA	2025-02-20T010000_AIU-0547.ghg	2025-02-20	01:30:00	51.062	0	18000	18000	0.023241211408174912	1	NaN	14.326705304107987	1	NaN	0.0691970763659896	1	NaN	0.04662603580657681	1	NaN	0.001527336240774499	1	NaN	0.0001606089477646141	1	NaN	NaN	NaN	NaN	NaN	NaN	NaN	NaN	NaN	NaN	3.946245454491418e-11	3.373921066668319e-13	2.2961580044173134e-13	NaN	17.639473054554323	416.79169919978375	418.28222429741754	0	0	150.81218446752453	3.5634435580841637	3.5761870989644726	0.8	0	0.10263684232266881	2.195547825216259	2.203399515023957	-0.2	0	NaN	NaN	NaN	NaN	9	266.4644371982151	267.21892095608183	95336.05899869792	1.2412577867007233	1006.9999793506624	0.02330343977045671	0.00009897138840218754	0.002755526851375156	339.8157928372252	391.822773212789	0.0022199472832306467	86.72691228508046	52.006980375563785	265.3343177873602	-0.5933237505368756	0.12742520822987186	-0.008202811992353383	0.6069081831448409	-1.2672306879943534e-14	2.2371674268764734e-15	0.6069081831448409	1.8639986105435822	164.1210129800905	167.8789870199095	-0.7744183233559144	NaN	0.13683537527988573	0.07917827255173773	-15.05521863470613	-0.19262423684201824	207.04206097281838	0.08376382339654372	1	6.419817215774755	3	5	9	14	25	64	0.02281360650638356	1.0187434153241708	14.083574017607624	1.0186671431972556	0.06359507286818787	1.088088640285276	0.04285132118864172	1.088088640285276	0.0014036873322876165	1.088088640285276	-0.004566167938873203	1.1526262926643456	NaN	NaN	800000009	800000009	800000009	800000009	800000009	800000009	899999999	899999999	89999	89999	89	89	0	5	0	7	1	1	0	NaN	0	0	0	0	0	0	0	0	0	NaN	NaN	NaN	NaN	0	0	0	0	0	0	0	0	101	604	0	0	18000	18000	18000	18000	80	NaN	0.11403202811547683	0.030148016274247506	0.014176500713751133	0.04143233992492726	0.08584389786405928	0.0003232551978257687	2.055052519271153e-8	NaN	0.011267340865177111	0.0010021552640399856	0.00003282775443318528	-0.000004566167938873203	NaN	416.79165714942087	3.563442964297287	95737.09020659722	11.407358675850764	-7.81899095953835	80.18519687483045	81.484308207194	78.88608624013264	2.5982232326666512	0.000262865219889338	-1	0	2.1921022946437203	83.51028531147985	1.0000115619505998	-273.1499938964844	9.000193730221854	-273.1499938964844	041
DATA	2025-02-20T013000_AIU-0547.ghg	2025-02-20	02:00:00	51.083	0	18000	18000	0.10405647777548778	1	NaN	41.49802870695539	1	NaN	8.244697324931085	1	NaN	-0.5871493368379964	2	NaN	0.18203153905029348	1	NaN	-0.004031344719343615	1	NaN	NaN	NaN	NaN	NaN	NaN	NaN	NaN	NaN	NaN	-3.7942899381987116e-10	-3.2969844279111116e-12	-2.2054160913179707e-12	NaN	17.651075371572595	417.5628141491285	419.083391957199	0.3	0	153.3760508127843	3.6283418461636776	3.641554651290045	0.1	1	0.10259618080745053	2.1978430704463316	2.2058466361023212	-0.4	0	NaN	NaN	NaN	NaN	9	266.76072613186307	267.5242431165907	95311.91090104167	1.2394966503936036	1007.0383110789518	0.023335976964942235	0.011795643730459018	0.002801799182710555	345.9169584394678	401.05021009018725	0.002260433040961297	86.25278075821947	55.133251650719444	265.5639131434082	-0.0043831560672095956	0.04224272836188705	0.03463951080473236	0.05480470659856624	-1.5769849985589298e-13	-2.1496083713457426e-14	0.05480470659856624	2.8507607880390737	236.07612022101162	95.92387977898838	39.201794703638356	NaN	0.28974228575692923	0.36534175039220507	-49.33711116630926	-0.05877928260178146	5.033299231188242	0.1147424805818405	0	76.3346614412822	-11.58407937472323	26.203219086681933	65.24972048782581	99.5099407539161	139.5641068062463	209.09246390577596	0.0931842996816391	1.1166739260904797	38.67537492122175	1.084991876923252	7.035072449006911	1.171942063808444	-0.5010054293383287	1.171942063808444	0.15532469110183494	1.171942063808444	-0.016521841415136837	1.2576113757781648	NaN	NaN	800000009	800000009	800000009	800000009	800000009	801100009	899999999	899999999	89999	89999	89	89	0	4	1	14	0	0	0	NaN	0	0	0	0	0	0	0	0	0	NaN	NaN	NaN	NaN	0	0	0	0	0	0	0	0	1161	0	0	0	18000	18000	18000	18000	80	NaN	0.10985648753197712	0.5333072040391905	0.08751980921324258	0.09732874814002666	0.23633731409872036	0.0016331289508506306	3.623295659696996e-8	NaN	0.030984406527194426	-0.011734037678603837	0.0036378563406258856	-0.000016521841415136838	NaN	417.56277190268474	3.6283398680345473	95713.06882812499	11.420000076293945	-7.5898584674199325	80.23740424770779	81.54148191409641	78.93332415135701	2.608157829390632	0.00026332975444286915	-1	0	2.194329520371225	82.28046766365901	1.0000059808674786	-273.1499938964844	9.000182934761048	-273.1499938964844	046
DATA	2025-02-20T020000_AIU-0547.ghg	2025-02-20	02:30:00	51.104	0	18000	18000	0.03252258461784062	0	NaN	29.848538163175984	0	NaN	5.712610289316111	1	NaN	0.82939725652026	1	NaN	0.12615719137963152	1	NaN	0.004054279133043244	1	NaN	NaN	NaN	NaN	NaN	NaN	NaN	NaN	NaN	NaN	-8.87060478550968e-11	-7.634781358488497e-13	-5.139318987592707e-13	NaN	17.659406167040636	418.1872656700666	419.69787076030997	0.1	1	151.99155893670212	3.5992679388789313	3.612269464549275	0.1	1	0.10231243936392892	2.1943610397729376	2.202287663151106	-0.1	0	NaN	NaN	NaN	NaN	9	267.1493786773682	267.7818146769206	95273.2721015625	1.237816041072055	1007.0251929995325	0.023367917970221634	0.008174986001400122	0.002775549343015114	343.006016766741	408.98429559477455	0.002242295503466937	83.86777205416087	65.97827882803352	265.454823494271	1.024633998331308	0.0812424984275443	0.1081561991651191	1.0335245219659812	5.0265273444567355e-14	-5.0231614254763e-15	1.0335245219659812	3.48920044005965	327.4665429595097	4.533457040490212	6.006882538425249	NaN	0.1620930793882287	0.36720735957513334	-12.006302505925754	-0.24153980782748846	5.2250261529304005	0.1477277731781606	1	11.221673454406647	5	9	15	24	40	100	0.032113848903305486	1.0127277087142632	29.730213259399175	1.0149454777431048	5.260171059845805	1.0860122654420992	0.7637089220006414	1.0860122654420992	0.11616553090058777	1.0860122654420992	-0.006390236411640971	1.148315844901801	NaN	NaN	800000009	800000009	800000009	800000009	800000009	800010009	899999999	899999999	89999	89999	89	89	7	0	0	61	29	0	0	NaN	0	0	0	0	0	0	0	0	0	NaN	NaN	NaN	NaN	0	0	0	0	0	0	0	0	3210	0	0	0	18000	18000	18000	18000	80	NaN	0.39664556970557885	0.27624575544693686	0.061523393997750975	0.045668800880699065	0.32781320798655855	0.0031286928433227495	3.343000972859714e-8	NaN	0.0238507248596797	0.017910770396316777	0.0027243549106067953	-0.000006390236411640971	NaN	418.187236396556	3.5992644917230505	95670.50893967014	11.420000076293945	-7.700294186962961	80.34885016674464	81.66066839090983	79.03702928246395	2.623638925155002	0.00026350074015661244	-1	0	2.190891477988825	82.45606701363452	1.000017300447932	-273.1499938964844	9.00031858531634	-273.1499938964844	094
DATA	2025-02-20T023000_AIU-0547.ghg	2025-02-20	03:00:00	51.124	0	18000	18000	0.04395890699530431	0	NaN	44.63017501761857	0	NaN	6.899197907072879	0	NaN	-0.5529706447622676	1	NaN	0.1523762420326837	0	NaN	0.0002664769317538525	0	NaN	NaN	NaN	NaN	NaN	NaN	NaN	NaN	NaN	NaN	1.0604661633450403e-10	8.837833572807565e-13	6.132631839005962e-13	NaN	17.604256876042548	416.844734725788	418.297879841998	0.1	1	146.71235898056239	3.4739480791986197	3.4860584653081514	0.1	1	0.10180468736458068	2.184386144833853	2.1920010426455527	-0.1	0	NaN	NaN	NaN	NaN	9	267.2615525199043	267.882496041192	95237.9289296875	1.2369504956245938	1006.9582619312291	0.02338537909335213	0.009873980483717903	0.002676909585679691	330.9403677169283	412.1233706979909	0.002164120225626325	80.30128627659059	81.1830029810626	264.9936891509265	1.1826215598946939	0.22202852827995967	0.09409376947337122	1.2069565272833724	8.995484435260406e-14	6.023918935131069e-15	1.2069565272833724	3.346717400815332	321.3669136034342	10.633086396565819	4.471289328915365	NaN	0.18851559505298982	0.42885002762436397	-12.627834389906821	-0.2296514121469563	6.468893285676712	0.19007172585976648	1	11.380629602948567	5	9	16	25	41	103	0.04345936527200014	1.0114944551117504	44.39830737850591	1.0142664833594521	6.350380056707447	1.0864228353995529	-0.5089828994241474	1.0864228353995529	0.14025500667670007	1.0864228353995529	-0.01488673738097269	1.1479357540777746	NaN	NaN	800000009	800000009	800000009	800000009	800000009	800011019	899999999	899999999	89999	89999	89	89	2	5	1	31	0	0	0	NaN	0	0	0	0	0	0	0	0	0	NaN	NaN	NaN	NaN	0	0	0	0	0	0	0	0	9658	0	0	0	18000	18000	18000	18000	80	NaN	0.4474446358892353	0.32437397322852696	0.0858814461309657	0.07806730417624928	0.49126683240972896	0.003107114167242844	2.278773893232784e-8	NaN	0.035645328797687705	-0.011944262934605319	0.0032913535592976988	-0.00001488673738097269	NaN	416.84473713403725	3.473944692189405	95637.66317556423	11.42034619532691	-8.160987091037958	80.48233218680488	81.8017693778144	79.16289396031698	2.638876946356562	0.0002633124104015426	-1	0	2.1810567173428006	82.45290971459285	1.0000193339486916	-273.1499938964844	9.000348617394765	-273.1499938964844	173
DATA	2025-02-20T030000_AIU-0547.ghg	2025-02-20	03:30:00	51.145	0	18000	18000	0.01848380316328247	0	NaN	26.761614948357185	0	NaN	5.905875728711476	0	NaN	-0.24539135564255316	1	NaN	0.13045804789145096	0	NaN	0.0026387318241189307	1	NaN	NaN	NaN	NaN	NaN	NaN	NaN	NaN	NaN	NaN	-1.3613582432527172e-10	-1.134285780210457e-12	-7.874352371384392e-13	NaN	17.584353335836937	416.950827202002	418.4043810505477	0.1	1	146.51310220430722	3.4740406993254838	3.486151732327614	0.1	1	0.1017112101649826	2.184072979797066	2.1916869895991153	-0.1	0	NaN	NaN	NaN	NaN	9	267.31047621748183	268.0482755940755	95197.19012934028	1.2356566483230365	1006.96005732499	0.02340986493678338	0.008453681503366022	0.0026741809337010322	330.80762481821125	417.3387974964395	0.002164177999875839	79.26596491931319	86.53117267822824	264.9885332398761	0.5051781742419791	-0.07431254270133683	0.03754685758144931	0.5119932697286458	-2.190478317276384e-14	-7.74187265947544e-15	0.5119932697286458	2.462434103193152	340.36828791210144	351.63171208789856	4.205542403920312	NaN	0.1223057182511947	0.28995280013737296	-5.749256383371492	-0.5044130591197213	4.531354227156409	0.17585531594655016	1	4.95642824971346	2	4	7	10	17	42	0.01809707634643002	1.0213695742588134	26.55297119356626	1.0203636464038313	5.419421159106435	1.0897613518719866	-0.22517898549165935	1.0897613518719866	0.11971249270984953	1.0897613518719866	-0.00665211855893013	1.1549495721125578	NaN	NaN	800000009	800000009	800000009	800000009	800000009	800010019	899999999	899999999	89999	89999	89	89	4	28	1	43	0	0	0	NaN	0	0	0	0	0	0	0	0	0	NaN	NaN	NaN	NaN	0	0	0	0	0	0	0	0	2205	0	0	0	18000	18000	18000	18000	80	NaN	0.258785536885659	0.26471799014911424	0.05640207323997266	0.04506238252919695	0.13688303457420023	0.002529374593262704	3.9856659146227935e-8	NaN	0.021340425292516365	-0.005289791517406642	0.0028122256927373105	-0.00000665211855893013	NaN	416.95079802746204	3.474037811593073	95601.41549175346	11.430000305175781	-8.16545397959815	80.6476760114034	81.97835198360019	79.31699868520101	2.6613526955048243	0.00026368733515199787	-1	0	2.180739856885539	77.46927231237606	1.0000037828154034	-273.1499938964844	9.000247466829087	-273.1499938964844	076
DATA	2025-02-20T033000_AIU-0547.ghg	2025-02-20	04:00:00	51.166	0	18000	18000	0.020910105982645425	0	NaN	24.205695065081546	0	NaN	4.098717227696967	0	NaN	-0.33260418895921356	1	NaN	0.09054185619349558	0	NaN	-0.002917618284795054	1	NaN	NaN	NaN	NaN	NaN	NaN	NaN	NaN	NaN	NaN	-4.358851347772199e-11	-3.6610282117654113e-13	-2.5283293133719407e-13	NaN	17.547520533168136	416.41838977177656	417.8799355972793	0.1	1	147.3827909990446	3.4975257268903617	3.5098013473991645	0.1	1	0.10178349065214248	2.1860310155358778	2.193703550139662	-0.5	0	NaN	NaN	NaN	NaN	9	267.3109890992906	268.08455732387966	95170.93606597222	1.2351377045468828	1006.9731725272462	0.023419492354742624	0.005867112281338514	0.002691152042229023	332.95208426472055	418.48801737657806	0.002178827536656155	79.56072108155783	85.5359331118575	265.07160253485455	0.4689208012311906	-0.18001562617383055	0.010073778410773119	0.5023881213817875	8.237925994650745e-15	-2.4840269253614174e-15	0.5023881213817875	2.4155374165083034	353.0014691073156	338.9985308926844	1.1489596342739012	NaN	0.1301129211566296	0.2081730322820094	-7.65144914225567	-0.3790131707188047	5.905675781074196	0.14957666669826344	1	4.571425822043742	2	4	6	10	17	41	0.02046625727706736	1.0216868526359923	23.94992517548467	1.0205699193055182	3.760371834784687	1.0899765788538442	-0.30514801456464385	1.0899765788538442	0.08306770801323467	1.0899765788538442	-0.010949854459638735	1.1552372073093515	NaN	NaN	800000009	800000009	800000009	800000009	800000009	800010009	899999999	899999999	89999	89999	89	89	5	1	0	34	0	0	0	NaN	0	0	0	0	0	0	0	0	0	NaN	NaN	NaN	NaN	0	0	0	0	0	0	0	0	604	0	0	0	18000	18000	18000	18000	80	NaN	0.1356743987136197	0.21780930550374242	0.06286236034665671	0.03337064678934977	0.20218592526580967	0.001484030819298826	4.778340856696172e-7	NaN	0.0192562129967468	-0.007171500830935608	0.0019522333707159972	-0.000010949854459638735	NaN	416.41836459515224	3.4975238991642037	95573.3298515625	11.43367948293686	-8.082029224501712	80.68184169324239	82.01574833806356	79.34793738449945	2.6678094150953817	0.000263844974410151	-1	0	2.182664236068724	69.70392074585102	1.0000151437073945	-273.1499938964844	9.000278933551577	-273.1499938964844	014
DATA	2025-02-20T040000_AIU-0547.ghg	2025-02-20	04:30:00	51.187	0	18000	18000	0.026443144647654564	1	NaN	36.07912579023664	0	NaN	5.7632166238265485	0	NaN	-0.7403196268787477	1	NaN	0.12729248933797907	0	NaN	0.0008509038013212483	0	NaN	NaN	NaN	NaN	NaN	NaN	NaN	NaN	NaN	NaN	-5.735653018645219e-11	-4.843400220450386e-13	-3.324323832432861e-13	NaN	17.545924431469412	416.2197825182222	417.6878365258574	0.1	1	148.1643571937303	3.5147157260930966	3.527112523948719	0.1	1	0.10169432244242893	2.1825711257494764	2.1902692997015163	0	0	NaN	NaN	NaN	NaN	9	267.30446244049074	267.92931687418616	95175.76037630209	1.2359079559878905	1006.9808513754697	0.023404744355965526	0.008248553309101044	0.0027060828995224685	334.60547204403804	413.59044948795827	0.002189550513378994	80.90261089401197	78.98497744392023	265.135325020067	1.2693293230497742	0.2569791966952243	0.11254574052219472	1.299962223142583	2.131224257549982e-14	-3.268937490895643e-15	1.299962223142583	3.3934839422506324	320.5550050138237	11.444994986176287	4.966666490353593	NaN	0.1462727701851186	0.4303470220579726	-7.293745885102644	-0.39760090983197016	6.260241137054731	0.19819157065858842	1	16.59088190988043	7	13	22	34	55	130	0.026156072651225944	1.0109753478764392	35.91070626621797	1.0140034561310154	5.302870672991584	1.0868107067327861	-0.6811854376226438	1.0868107067327861	0.11712480246044948	1.0868107067327861	-0.01144422806970329	1.1479106927201828	NaN	NaN	800000009	800000009	800000009	800000009	800010009	800010109	899999999	899999999	89999	89999	89	89	0	1	0	74	0	1	0	NaN	0	0	0	0	0	0	0	0	0	NaN	NaN	NaN	NaN	0	0	0	0	0	0	0	0	3511	0	0	0	18000	18000	18000	18000	80	NaN	0.5205130369219376	0.27970852301006544	0.06047248418394212	0.06493923386374831	0.2783974587914644	0.0019343983569708064	1.0948247228183465e-7	NaN	0.02885470286774805	-0.015999218816371695	0.002750947451150781	-0.000011444228069703291	NaN	416.2197564154361	3.514713477867167	95569.16726757813	11.4399995803833	-8.01953441607952	80.56772257592941	81.89412823698258	79.24131667603386	2.652812962287002	0.00026381359182576293	-1	0	2.179198803285758	77.78287995783506	1.0000093536277612	-273.1499938964844	9.0002549864716	-273.1499938964844	229
DATA	2025-02-20T043000_AIU-0547.ghg	2025-02-20	05:00:00	51.208	0	18000	18000	0.024952573755116354	0	NaN	36.2175087641272	0	NaN	7.202796753441887	0	NaN	-0.7150412385569941	0	NaN	0.15908500935676587	0	NaN	-0.002518023635380186	1	NaN	NaN	NaN	NaN	NaN	NaN	NaN	NaN	NaN	NaN	-9.25036832012883e-11	-7.841245223235858e-13	-5.384211444674065e-13	NaN	17.540618720424067	415.8233498917901	417.2942299606787	0.1	1	148.68628793389618	3.524803276161356	3.5372714621999903	0.1	1	0.10209582666634416	2.1909740334284957	2.1987241033513634	-0.1	0	NaN	NaN	NaN	NaN	9	267.27794488016764	267.9055454915365	95154.02373220486	1.2357306118585425	1006.9860679280312	0.023408013848002757	0.010308708606318428	0.0027134705463333175	335.4891818800327	412.8450203164549	0.002195843107141491	81.26274155441496	77.35583843642223	265.16926891597086	0.9030599082146553	0.06319865523782486	0.1037768432494612	0.9111975093488001	2.7430855691925166e-14	-5.273684165631981e-15	0.9111975093488001	2.998538519779677	327.9968081028402	4.0031918971598115	6.539641473235034	NaN	0.14210055408174363	0.29976191811555974	-6.6606203431003905	-0.4353948807492165	5.0282563848300335	0.204821496685768	1	10.102611283683864	4	8	14	21	34	82	0.024610803127783937	1.0138870164276184	36.06296877851687	1.0156265855590316	6.632159615763277	1.08604092343048	-0.6583925367180379	1.08604092343048	0.1464815974468657	1.08604092343048	-0.014825394330705873	1.1489286978386024	NaN	NaN	800000009	800000009	800000009	800000009	800000009	800011009	899999999	899999999	89999	89999	89	89	0	1	0	42	0	0	0	NaN	0	0	0	0	0	0	0	0	0	NaN	NaN	NaN	NaN	0	0	0	0	0	0	0	0	4815	0	0	0	18000	18000	18000	18000	80	NaN	0.2945884940990066	0.24728626913448598	0.05764907299762694	0.06237967827188224	0.2268593070075189	0.0019438460140069197	2.2660026365951725e-7	NaN	0.028981056172850825	-0.015466191522613594	0.0034409752758510328	-0.000014825394330705873	NaN	415.82332418261524	3.5248010387433397	95554.55642013889	11.425976594765979	-7.984745483769318	80.47028757222493	81.78941076872084	79.15116612921821	2.6382447048690576	0.0002630994416087763	-1	0	2.1875768076181408	64.71020045291066	1.0000115506599347	-273.1499938964844	9.000274878872766	-273.1499938964844	011
DATA	2025-02-20T050000_AIU-0547.ghg	2025-02-20	05:30:00	51.229	0	18000	18000	0.016791757414980128	0	NaN	42.15530835357218	0	NaN	9.231608923951882	1	NaN	-1.9337940660120685	1	NaN	0.20392330294073763	1	NaN	0.028202783403369222	2	NaN	NaN	NaN	NaN	NaN	NaN	NaN	NaN	NaN	NaN	1.2024481382001655e-12	1.0398632370640817e-14	7.020138238845159e-15	NaN	17.505024615306088	415.25781910494203	416.7544265815737	0.1	1	151.38142746517758	3.5911015724717634	3.6040440607656365	0.1	1	0.10219791504503084	2.194747462816809	2.2026574293750545	0	1	NaN	NaN	NaN	NaN	9	267.464202173445	268.0553223259883	95142.97397870453	1.2348657248138333	1007.023614470586	0.023423820557859458	0.013214230030559798	0.0027626428952892703	341.7597323111013	417.5617821523535	0.002237201049292839	81.84650677307562	75.8020498412522	265.407866177209	1.0097473075077668	0.29008220382155014	0.11643573638071432	1.057021565863104	-2.3024519607424736e-14	6.869159939076955e-17	1.057021565863104	2.8513170323682084	315.9715954083237	16.028404591676292	6.324224852265271	NaN	0.11661064768557224	0.2633213549709996	-3.1621143526478237	-0.9171078830756578	4.566409680136912	0.29070645262760725	1	13.468512429590998	6	11	17	26	42	95	0.016583860553497677	1.012536095610054	42.05179068630588	1.0148362210114423	8.500254963678348	1.0860390615809308	-1.780593474416172	1.0860390615809308	0.18776792672990006	1.0860390615809308	0.012226035038032624	1.1482345061349546	NaN	NaN	800000009	800000009	800000009	800000019	800000019	800111019	899999999	899999999	89999	89999	89	89	5	0	0	62	3	0	0	NaN	0	0	0	0	0	0	0	0	0	NaN	NaN	NaN	NaN	0	2	0	0	0	0	101	0	7513	0	0	16	18000	18000	18000	18000	80	NaN	0.275926703523395	0.18614063921576304	0.06457536720284124	0.10164311856137546	0.8000181836245176	0.004105030058985804	0.0000016699018113966098	NaN	0.03381622331613141	-0.04185866105616124	0.004414097948315844	0.000012226035038032623	NaN	415.25782717977086	3.5910971700115213	95542.53230425347	11.42034619532691	-7.747212772104501	80.40448258082071	81.7200564520094	79.08890952301027	2.631148728291193	0.00026390160729998665	-1	0	2.1912366862996904	70.1060152827848	1	-273.1499938964844	9.000199999570846	-273.1499938964844	219
DATA	2025-02-20T053000_AIU-0547.ghg	2025-02-20	06:00:00	51.249	0	18000	18000	0.01454619651982512	1	NaN	26.39531916037318	0	NaN	4.028291714124902	1	NaN	-0.10541177439213956	0	NaN	0.08899169980659528	1	NaN	-0.0010582781068897457	1	NaN	NaN	NaN	NaN	NaN	NaN	NaN	NaN	NaN	NaN	2.3503718552687522e-11	2.0487933198334605e-13	1.377200882545873e-13	NaN	17.517426187714282	415.80494931277997	417.3175275640576	0.1	1	152.6974792248819	3.6245260535946313	3.6377110320055843	0.1	1	0.10264339556131101	2.2053107812423067	2.2133330646002327	0	0	NaN	NaN	NaN	NaN	9	267.48998014916316	268.1508262046728	95148.00883984375	1.2344756191232618	1007.0427680803097	0.02343092615651326	0.005766662147467374	0.0027875108379657185	344.95894375867664	420.5943418852835	0.0022580525648173105	82.0170195852905	75.63539812660684	265.5281012795108	0.7044533226511928	0.034319359538655184	0.058179199628869235	0.7076843374717963	-5.593647931505327e-14	1.3417335572489343e-15	0.7076843374717963	2.179243195271979	329.210885453468	2.7891145465321148	4.715646169087506	NaN	0.10855090955480515	0.19686874458883877	-4.073876644896959	-0.7118526781198967	6.552484535273347	0.19559737354573487	1	9.132292190528313	4	7	12	18	30	69	0.014307409967367584	1.0166897120444693	26.177768322439633	1.0173588946827288	3.705937292602308	1.086983236917168	-0.096976448957117	1.086983236917168	0.08187035161552982	1.086983236917168	-0.010025755482659288	1.1509247798751188	NaN	NaN	800000009	800000009	800000009	800000009	800000009	800010009	899999999	899999999	89999	89999	89	89	0	1	0	51	18	0	0	NaN	0	0	0	0	0	0	0	0	0	NaN	NaN	NaN	NaN	0	0	0	0	0	0	0	0	1205	0	0	0	18000	18000	18000	18000	80	NaN	0.10701807575276986	0.2484368696466019	0.03828254377830581	0.04112677074186889	0.048092661624415375	0.001929825197627521	6.987936604313528e-7	NaN	0.02105727591581758	-0.002280516021380816	0.0019252782561450382	-0.000010025755482659289	NaN	415.80496037604047	3.6245237868046325	95549.04577712674	11.430000305175781	-7.625792774041464	80.46355450758662	81.78219512878933	79.14491722961073	2.6372863889535267	0.00026374931908665323	-1	0	2.201794966578483	63.60134275245551	1.0000061803220046	-273.1499938964844	9.000267826504178	-273.1499938964844	123
DATA	2025-02-20T060000_AIU-0547.ghg	2025-02-20	06:30:00	51.27	0	18000	18000	0.051331975824293205	1	NaN	32.916423497616144	0	NaN	5.967244130616348	1	NaN	-0.749674975971464	1	NaN	0.13180286410552008	1	NaN	0.004823058223430026	1	NaN	NaN	NaN	NaN	NaN	NaN	NaN	NaN	NaN	NaN	8.395887282094038e-11	7.256188006621227e-13	4.8906830167711e-13	NaN	17.539031110468766	415.97335690544554	417.47420621539516	0.1	1	151.58196259132984	3.595070755521677	3.6080419215184243	0.1	1	0.10216649974032942	2.193099450129776	2.201012244883903	-0.1	0	NaN	NaN	NaN	NaN	9	267.3795742848714	267.961552508884	95187.04303298611	1.2358681680970753	1007.024784888267	0.02340478574155128	0.008540825594037701	0.0027679457030650974	342.29594735444465	414.6032146490668	0.0022396771553126367	82.55988744423381	72.30726729462214	265.42808824210846	1.122043701468019	-0.3619303617468006	0.08210164849565967	1.1818275404829641	-1.0336869413875961e-13	4.786973253660898e-15	1.1818275404829641	3.7800670170977226	349.8778076767608	342.12219232323923	3.9835506856063176	NaN	0.20380175397028133	0.3712491922102951	-21.625680225658687	-0.13409982806271104	5.516185156348925	0.12977541250254968	0	70.56040825615067	-10.707814176668155	24.221104822792025	60.313975712883874	91.98261854534722	129.0069303802278	193.27588985017945	0.05074085591779051	1.011649781932343	32.78849079006845	1.0143483202092936	5.492995928029607	1.0863368931636657	-0.690094371910942	1.0863368931636657	0.12132779889457633	1.0863368931636657	-0.006696078064490194	1.1479619010550093	NaN	NaN	800000009	800000009	800000009	800000009	800000009	800010109	899999999	899999999	89999	89999	89	89	2	0	0	72	0	0	1	NaN	0	0	0	0	0	0	0	0	0	NaN	NaN	NaN	NaN	0	0	0	0	0	0	0	0	3510	0	0	0	18000	18000	18000	18000	80	NaN	0.14780042702701135	0.5419870879003774	0.05271086949320146	0.057200399535884384	0.20891809386650542	0.002036091214161149	7.703986769132217e-8	NaN	0.02634566233060359	-0.016209801932662013	0.0028498994761556144	-0.000006696078064490194	NaN	415.9733370943025	3.595068376311605	95580.43429709201	11.430000305175781	-7.726885044362816	80.42371167882284	81.7395206451416	79.10790202204387	2.6316187015374504	0.00026367746016088263	-1	0	2.1896153712007735	75.74241564581152	1.0000074265417125	-273.1499938964844	9.000269125594032	-273.1499938964844	077
DATA	2025-02-20T063000_AIU-0547.ghg	2025-02-20	07:00:00	51.291	1	18000	18000	0.030585722393479595	0	NaN	35.09672533267752	0	NaN	2.306808490109576	1	NaN	-0.4482589454587241	2	NaN	0.050914108940736544	1	NaN	NaN	NaN	NaN	NaN	NaN	NaN	NaN	NaN	NaN	NaN	NaN	NaN	1.1499256985206802e-12	1.0079455307185553e-14	NaN	NaN	17.56899331453268	416.61300596509966	418.1399452391318	0.1	1	153.9976740531025	3.6517421772724488	3.66512627347031	0.1	1	NaN	NaN	NaN	NaN	0	NaN	NaN	NaN	NaN	9	267.47894908735486	267.1693213441913	95089.45865610677	1.2382391876072367	1007.045055229265	0.023386608927439212	0.003299234259359728	0.002813763866582854	346.9327964873496	390.3310313868895	0.002272391226787248	88.88168467022949	43.39823489953989	265.60179030007174	0.7528047937296641	-0.5493753467642871	0.05808916310526805	0.9337572917867613	7.587368521532477e-15	6.54519970458118e-17	0.9337572917867613	4.2395971143456554	8.120895691563305	323.8791043084367	3.5666810250411527	NaN	0.15716545675060845	0.4894593394166928	-9.294927567047496	-0.31199812791238085	15.214407907355323	0.17908369733523155	1	9.62728583330645	4	8	13	20	34	83	0.03017383921953096	1.013650340314733	34.71782738188473	1.0154851066188657	2.124111663940348	1.0860109330741656	-0.4127573045603139	1.0860109330741656	0.04688176462147967	1.0860109330741656	NaN	1	NaN	NaN	800000009	800000019	800000009	800000019	800000009	800110009	899999999	899999999	89999	89999	89	89	10	0	1	72	0	0	0	NaN	0	0	0	0	0	0	0	0	0	NaN	NaN	NaN	NaN	0	8541	0	0	0	0	0	0	7974	0	0	0	18000	18000	18000	18000	80	NaN	0.4317103753186969	0.46457222636151607	0.08263607715317257	0.05058889630437012	1.2025462700397378	0.0015051843116852476	NaN	NaN	0.027841914392597786	-0.00968834146613037	0.0011004203660828847	NaN	NaN	416.6129558755461	3.651740377654939	95602.28342013889	11.430000305175781	-7.521593825605149	80.33025120099384	81.64087394120959	79.01963171810573	2.6212415969173106	0.0002638824712630594	-1	0	5.05751835435669	25.885895949349187	1.0000198599464363	-273.1499938964844	9.000356230311924	-273.1499938964844	224
DATA	2025-02-20T070000_AIU-0547.ghg	2025-02-20	07:30:00	51.312	1	18000	18000	0.1489927409906402	0	NaN	29.5473261866221	0	NaN	7.054382762084935	0	NaN	-2.0363636856055503	1	NaN	0.15571124345344267	0	NaN	NaN	NaN	NaN	NaN	NaN	NaN	NaN	NaN	NaN	NaN	NaN	NaN	7.172270267901849e-10	6.3418860447182005e-12	NaN	NaN	17.64496588366061	418.578516620444	420.13350101650894	0.1	1	156.02083959093682	3.7011673487181627	3.7149168777693644	0.1	1	NaN	NaN	NaN	NaN	0	NaN	NaN	NaN	NaN	9	267.5671365780301	267.25321864499546	95089.45865610677	1.2378274073305997	1007.0726767577064	0.023394319464525404	0.010090088575783085	0.0028509073267884164	351.62289862701215	392.83874405672856	0.0023031541472623043	89.50820252501252	41.21584542971641	265.7753995291299	0.2599101738744903	0.1139420670441093	0.05623643119579166	0.28930715393757395	-3.490549123369915e-14	4.064768566395151e-14	0.28930715393757395	5.18553142721535	308.32782688349266	23.672173116507366	11.208690242826291	NaN	0.3469385090012455	0.7751602400264037	-118.7639039612553	-0.024418193603218664	4.188506235503635	0.06831951447813378	0	78.24686149535961	-11.8742631102445	26.85961548654149	66.88424033358856	102.00268665070962	143.06021837002723	214.33027610325794	0.14415937847519217	1.0335279089475249	29.1176030444557	1.0283585029232438	6.4192865192111315	1.0989356435443622	-1.8530327026592124	1.0989356435443622	0.1416927773415667	1.0989356435443622	NaN	1	NaN	NaN	800000009	800000019	800000009	800000019	800000009	800110019	899999999	899999999	89999	89999	89	89	3	14	0	41	8	0	0	NaN	0	0	0	0	0	0	0	0	0	NaN	NaN	NaN	NaN	0	16046	0	0	0	0	101	0	8053	0	0	16	18000	18000	18000	18000	80	NaN	0.8563135419415485	0.5760496563317491	0.11795728177950976	0.057307953851491435	0.9697670029111494	0.002590237934226804	NaN	NaN	0.023357949413945107	-0.043511335744150476	0.0033271091214864025	NaN	NaN	418.57849431288247	3.7011644123222975	95618.59752408855	11.430000305175781	-7.346097581942868	80.2666121682061	81.5735005408393	78.95972471491496	2.6137765168282727	0.00026363346594573364	-1	0	13.995120734585328	4.735788611073156	1.0000157580094204	-273.1499938964844	9.000360273520151	-273.1499938964844	090
DATA	2025-02-20T073000_AIU-0547.ghg	2025-02-20	08:00:00	51.333	1	18000	18000	0.0739412898866686	1	NaN	52.56699138476321	0	NaN	13.759098453303721	1	NaN	-0.5468074322832093	1	NaN	0.3035855656802875	1	NaN	NaN	NaN	NaN	NaN	NaN	NaN	NaN	NaN	NaN	NaN	NaN	NaN	4.3640364517571355e-10	3.6748103255837536e-12	NaN	NaN	17.610010350709146	417.2458975545387	418.7170554436117	0.1	1	148.2880553034027	3.513489288164658	3.525877420713717	0.1	1	NaN	NaN	NaN	NaN	0	NaN	NaN	NaN	NaN	9	267.1358890050253	266.83835510219285	95164.86432895123	1.2408228260571321	1006.9669048009117	0.023338106945759746	0.019672344656082627	0.002712862624405251	334.0774959324482	380.57633738303554	0.0021863416496178648	87.7819935494865	46.49884145058735	265.11500702526456	1.401764524931629	-0.3796633182130556	0.13261379165632126	1.4583121875271883	-4.4452142590313396e-14	2.478156664786627e-14	1.4583121875271883	7.665003372798087	347.15478241977314	344.84521758022686	5.2174849521211275	NaN	0.24411171630409748	1.5964417332185972	-23.26637888716282	-0.12464337549321305	3.8205258551763075	0.1723453323670538	0	49.4269996035933	-7.500737880430179	16.966689508494685	42.24945585390636	64.43308595769136	90.36831920836404	135.38820943792138	0.07319057217475847	1.010257027505095	52.60645382255949	1.0136759035649583	12.64997528674551	1.0876778919655548	-0.5027291961364292	1.0876778919655548	0.2791134838014172	1.0876778919655548	NaN	1	NaN	NaN	800000009	800000019	800000009	800000019	800000009	801110109	899999999	899999999	89999	89999	89	89	7	0	0	40	1	0	2	NaN	0	0	0	0	0	0	0	0	0	NaN	NaN	NaN	NaN	0	14015	0	0	0	0	101	0	1904	0	0	21	18000	18000	18000	18000	80	NaN	1.5947012347972218	1.414039879592251	0.18414235204772175	0.20894349134047166	0.33867133205042216	0.02733606740640553	NaN	NaN	0.042103098285369345	-0.011774080808245237	0.0065369283069386455	NaN	NaN	417.2458856204224	3.5134618826737682	95658.78202387152	11.429308067109849	-8.023886129326183	80.50873105197485	81.83058984883624	79.18687445110746	2.6437210729718226	0.00026313887080080657	-1	0	18.265374138539322	11.79266055293871	1.0000136724197202	-273.1499938964844	9.00028971171379	-273.1499938964844	163
DATA	2025-02-20T080000_AIU-0547.ghg	2025-02-20	08:30:00	51.354	1	18000	18000	0.07230373657136932	1	NaN	64.52657064581918	1	NaN	4.3565832432432625	1	NaN	-0.7010468709664938	1	NaN	0.0960290164564693	1	NaN	NaN	NaN	NaN	NaN	NaN	NaN	NaN	NaN	NaN	NaN	NaN	NaN	3.631570105467273e-10	2.8056684790986828e-12	NaN	NaN	17.696500869180753	416.95384840411623	418.301318515532	0.1	1	136.71914141008816	3.2212906146163944	3.231700862273283	0.1	1	NaN	NaN	NaN	NaN	0	NaN	NaN	NaN	NaN	9	266.047367909043	265.77566951009203	95127.73406632093	1.245435337957216	1006.7986315225602	0.023252081409336246	0.006222680266379211	0.0024964499671268165	306.20292734818196	350.70399865326715	0.0020044797919589593	87.31093130503984	44.50107130508519	263.9994890493496	2.249401477805409	-0.7822429559872077	0.19899735582427697	2.3898349311552036	-4.40804494874053e-14	2.0521402125274463e-14	2.3898349311552036	6.416475760845744	351.1754278313102	340.8245721686898	4.776449440012239	NaN	0.24094603210242416	1.660660484208495	-18.220112900311285	-0.1591647656557855	14.811279170642521	0.21357725724447496	0	41.29283831893683	-6.266347523688479	14.17449516055471	35.296497129710126	53.829385197957336	75.49647812232908	113.10748148677864	0.07171100946899361	1.0082654965641222	63.95123573285231	1.0134508805205897	3.9754277327565877	1.09587786173197	-0.6397125952143341	1.09587786173197	0.08762748095367226	1.09587786173197	NaN	1	NaN	NaN	800000009	800000009	800000009	800000019	800000019	800010019	899999999	899999999	89999	89999	89	89	3	0	1	114	4	0	1	NaN	0	0	0	0	0	0	0	0	0	NaN	NaN	NaN	NaN	0	1911	0	0	0	0	101	0	3111	0	0	17997	18000	18000	18000	18000	80	NaN	1.275202727652833	1.764902403016505	0.2812158377476521	0.0858365826003431	0.17365088842712414	0.0018407052883732018	NaN	NaN	0.05100175726862656	-0.014922683381999055	0.0020441009972543733	NaN	NaN	416.9538180121674	3.221288564768271	95740.20434418402	11.40999984741211	-9.113202152093278	80.42570159954496	81.74091057840981	79.1104960661994	2.630418681124848	0.00026200371391961306	-1	0	2.388093313826464	52.47661778543775	1.000049758664436	-395.2439990234231	9.000480506910218	-325.879746110688	097
DATA	2025-02-20T083000_AIU-0547.ghg	2025-02-20	09:00:00	51.374	1	18000	18000	0.08099450515488169	1	NaN	49.01482012758092	0	NaN	23.12313455696236	1	NaN	-2.612886879259103	1	NaN	0.5100767470570182	1	NaN	-0.01252207934802659	0	NaN	NaN	NaN	NaN	NaN	NaN	NaN	NaN	NaN	NaN	-1.8117476220471738e-10	-1.3063889110691714e-12	-1.1044090779777414e-12	NaN	17.765098726456905	417.90402914619693	419.16713155800204	0.1	1	128.09801816694795	3.013362252689654	3.02247004984775	0.1	1	0.1082928773627995	2.3092446505648416	2.316224273358945	-0.2	0	NaN	NaN	NaN	NaN	9	266.04023933113945	266.58829880099825	95379.59714583334	1.24502147896916	1006.6956876797537	0.023237832645095456	0.03305297320929478	0.002336740674277557	287.4903732852278	373.3597408117632	0.001876867759913915	77.00090338078842	85.86936752653537	263.19874944639633	1.7941073849048623	-0.3018137317919243	0.12942150881034753	1.8239141329052118	-1.2786146446694847e-13	-1.0198353805650429e-14	1.8239141329052118	6.256530876512525	341.54917351099743	350.45082648900257	4.069020018843375	NaN	0.255058238639518	1.589400683945433	-28.505565330429448	-0.10173451978180116	2.119730783334589	0.15332501110916075	0	47.17417620884895	-7.158863238829442	16.193368138339707	40.32377629969002	61.49630313443239	86.24943954160136	129.2173771389662	0.08026082136511721	1.0091412444737744	49.569094908019615	1.0133253204311683	21.205964178198325	1.0904071308738255	-2.396248892067681	1.0904071308738255	0.46778559366927036	1.0904071308738255	-0.030503251965618358	1.1492854825183598	NaN	NaN	800000009	800000009	800000009	800000009	800010009	800011019	899999999	899999999	89999	89999	89	89	2	1	1	75	11	0	0	NaN	0	0	0	0	0	0	0	0	0	NaN	NaN	NaN	NaN	0	0	0	0	0	0	0	0	16068	0	0	18000	18000	18000	18000	18000	80	NaN	1.0711844521725473	1.8817227792997764	0.22589413641854234	0.07064587429879207	0.8515861702694979	0.020813537342524425	4.203095004900572e-8	NaN	0.03954903917251289	-0.05585197811775722	0.010903187405910012	-0.00003050325196561836	NaN	417.9042091617601	3.0133414196831745	95777.00201236979	11.40999984741211	-9.967959211402398	80.63281081220839	81.95756293487544	79.30805606714888	2.649508119146031	0.00026165995916785	-1	0	2.3061843019061623	82.20270809618604	1.0000498765657346	-609.4737580193423	9.000460505763689	-517.9840041775178	096
DATA	2025-02-20T090000_AIU-0547.ghg	2025-02-20	09:30:00	51.395	1	18000	18000	0.1045978009793456	0	NaN	47.81249971805032	0	NaN	16.874406656320698	0	NaN	0.12748046960355652	1	NaN	0.37266847644573037	0	NaN	0.003572976994567594	1	NaN	NaN	NaN	NaN	NaN	NaN	NaN	NaN	NaN	NaN	5.799681569260254e-13	3.664003936959552e-15	3.5266220331936084e-15	NaN	17.782263527233034	418.7910742347327	419.9020310423217	0.2	0	112.34113941214964	2.6457524028432124	2.652770978032535	0.1	1	0.10812890605508521	2.318493106315423	2.324643537540625	-0.1	0	NaN	NaN	NaN	NaN	9	266.33061443696204	267.8226652645535	95379.06812934027	1.2394488935496004	1006.5097168539493	0.0233455587549878	0.024148917273683325	0.0020422068118600965	252.4170887390076	410.2553754595025	0.001647673270344786	61.52682057030705	157.8382867204949	261.5639714873272	1.3871844541408695	-0.462802802738047	0.08545740479799614	1.464844739918559	-2.3467043407949997e-14	3.261497930439623e-17	1.464844739918559	8.598964940776241	350.45011361528964	341.54988638471036	3.3444706763723477	NaN	0.290500554060709	1.6020808845510428	-43.17346697222949	-0.06717088534644136	2.8334329432638774	0.1319313142838123	0	50.0725007102564	-7.598695163725512	17.188269150026198	42.801220491216604	65.27456184384619	91.54850110336304	137.15633697392823	0.10353848185688333	1.010231163365197	48.0523767676017	1.0136651159286412	15.51357018459175	1.087719103696746	0.11719980753330397	1.087719103696746	0.34261462833480727	1.087719103696746	-0.014455849792740042	1.14810190628278	NaN	NaN	800000009	800000009	800000009	800000009	800010009	800010109	899999999	899999999	89999	89999	89	89	2	10	4	76	6	4	0	NaN	0	0	0	0	0	0	0	0	0	NaN	NaN	NaN	NaN	0	0	0	0	0	0	0	0	14554	0	0	18000	18000	18000	18000	18000	80	NaN	1.0588241796532303	1.8928832824175503	0.25245430703130506	0.11742600561047425	0.12865162205708286	0.00819215822725359	1.3846981736039727e-7	NaN	0.03851840343447076	0.00274335517834262	0.008019753910868292	-0.000014455849792740042	NaN	418.79109562703707	2.6457425551756493	95801.95258203126	11.40999984741211	-11.592243561956634	81.18581993505691	82.53957229932153	79.83206854777863	2.7075011940929663	0.00026170501430654747	-1	0	2.315790037963125	83.58913355039675	1.0000525643108067	-421.93187514409425	9.000493584473928	-342.75649681938074	069
DATA	2025-02-20T093000_AIU-0547.ghg	2025-02-20	10:00:00	51.416	1	18000	18000	0.0762189456507686	1	NaN	90.7175134213496	1	NaN	34.43579118135481	1	NaN	0.8856414476784095	2	NaN	0.7616432498433315	1	NaN	-0.046507452293961714	1	NaN	NaN	NaN	NaN	NaN	NaN	NaN	NaN	NaN	NaN	-3.6296843582669107e-10	-2.2348887410992115e-12	-2.1653864477662427e-12	NaN	17.71341376732054	419.32542177391787	420.410877676459	0.1	0	109.06598229361892	2.5818930008191465	2.588576428181153	0.1	1	0.10567416427842269	2.282300141122513	2.288208049469857	-0.2	0	NaN	NaN	NaN	NaN	9	266.9659493001302	269.4019387173123	95383.68541059027	1.2322724980334685	1006.4927546683641	0.02348208405718671	0.049354482589847884	0.0019813280864943747	246.33652920046268	462.1694033372675	0.0016078652162214869	53.30005132786753	215.83287413680483	261.26015671812485	1.5169202506638513	0.12380056542045803	0.18027732107192448	1.532603516688274	-2.1490542432717263e-14	-2.0491162268016977e-14	1.532603516688274	8.82115123514526	327.33425447283184	4.665745527168211	6.7552362374518165	NaN	0.2487013200555365	2.6520882135738733	-14.278375628027492	-0.20310433592372334	2.634396083528013	0.2941004156747502	0	41.114455595845534	-6.239277257254425	14.11326214417413	35.14401826097868	53.596845302303365	75.17033761226665	112.61886357212305	0.07546597390384754	1.0099776324079568	91.30671879281677	1.0135647663921676	31.64591952223894	1.0881589696629073	0.8138897646111081	1.0881589696629073	0.6999374825530091	1.0881589696629073	-0.07747655756204534	1.148252979299488	NaN	NaN	800000009	800000009	800000009	800000009	800000009	800010009	899999999	899999999	89999	89999	89	89	4	0	3	43	11	4	0	NaN	0	0	0	0	0	0	0	0	0	NaN	NaN	NaN	NaN	0	0	0	0	0	0	0	0	8116	0	0	18000	18000	18000	18000	18000	80	NaN	2.3000040245299784	2.7013019695723344	0.3028704330454335	0.11760841427566202	0.4482749910852424	0.014870802289232737	0.0000012550525046546355	NaN	0.0736182225086622	0.019161313597810713	0.016478548060459695	-0.00007747655756204534	NaN	419.32553199095366	2.5818781178754975	95795.75400933159	11.41701223013136	-11.903362211545318	81.45092230521306	82.81339251963296	80.08845121086969	2.7249417334993686	0.0002630879894374327	-1	0	2.279707134962083	81.55432632997307	1.0000076477875313	-273.1499938964844	9.0002805454731	-273.1499938964844	011
DATA	2025-02-20T100000_AIU-0547.ghg	2025-02-20	10:30:00	51.437	1	18000	18000	0.36520337407243236	0	NaN	66.5202126165119	0	NaN	26.598342160039245	0	NaN	0.5646708244345974	2	NaN	0.5881421042565077	0	NaN	-0.01636857291393063	1	NaN	NaN	NaN	NaN	NaN	NaN	NaN	NaN	NaN	NaN	-9.080539475242839e-11	-5.272206369192508e-13	-5.297093157210018e-13	NaN	17.686178199789	419.50827279058524	420.53255800859387	0.1	1	102.68683001249505	2.4356858904314422	2.441632941336268	0.1	1	0.10317155029689896	2.2252599937300874	2.230693261833816	-0.1	0	NaN	NaN	NaN	NaN	9	267.0077798877292	269.12442660692005	95388.43093793403	1.2336728142105906	1006.4107833695773	0.023456728041430914	0.0381116083558217	0.0018711501629755933	232.3985770869351	452.64497679825854	0.0015167312932748017	51.34235195335303	220.24639971132345	260.53770484089955	1.261626311716495	-0.5833504735139088	0.1493181284139211	1.397960882441795	6.608163279195916e-14	-5.134257595205714e-15	1.397960882441795	8.835604585582098	356.8148658922702	335.1851341077298	6.131537861985393	NaN	0.5440858023789947	3.2773958238457217	-203.88642421209533	-0.014223605182183388	2.5009157419010264	0.09847159201361462	0	67.15873379135762	-10.191596952891732	23.053420057056766	57.40627554329506	87.54819232186753	122.78758455016025	183.95817648354515	0.36140523837823585	1.0105093542950296	67.0033539757241	1.0137849737254172	24.46228244805221	1.0873205399587362	0.5193232388087018	1.0873205399587362	0.5409095870467302	1.0873205399587362	-0.03951517130101754	1.14799180490315	NaN	NaN	800000009	800000009	800000009	800000009	800000009	800100109	899999999	899999999	89999	89999	89	89	21	5	9	32	28	3	1	NaN	0	0	0	0	0	0	0	0	0	NaN	NaN	NaN	NaN	0	0	0	0	0	0	0	0	4110	0	0	18000	18000	18000	18000	18000	80	NaN	2.8740055061920424	3.2557111095380193	0.4250750319613816	0.11325384423346305	0.21353670061231222	0.010585837474592715	9.924146820620162e-8	NaN	0.053966128939457875	0.012211375030459964	0.012718956771799624	-0.00003951517130101754	NaN	419.50833274425486	2.435669984014255	95778.65638020834	11.42069228135215	-12.626259215672818	81.53885143237645	82.90070642217	80.17699538866678	2.72371072193649	0.0002635256122674844	-1	0	2.222888637827503	81.71371097782276	1.000020997390151	-273.1499938964844	9.000349183983273	-273.1499938964844	046
DATA	2025-02-20T103000_AIU-0547.ghg	2025-02-20	11:00:00	51.458	1	18000	18000	0.3484380269257546	0	NaN	104.3286994508735	0	NaN	54.70051564047086	0	NaN	-0.101821186041024	2	NaN	1.2091866991385531	0	NaN	-0.0009541270559626807	0	NaN	NaN	NaN	NaN	NaN	NaN	NaN	NaN	NaN	NaN	-1.7138566865541128e-10	-1.0121374750877643e-12	-9.98476429122649e-13	NaN	17.66694654836035	419.3210393492145	420.3620019033758	-0.2	0	104.33415356286476	2.4763478845562785	2.482495406805342	0.1	1	0.1029259321476562	2.216875750191806	2.222379134059115	-0.2	0	NaN	NaN	NaN	NaN	9	267.08640558200415	268.8177395850287	95390.82237651909	1.2350922349256253	1006.4292265596575	0.02342940999175275	0.07835529810417824	0.001904605777951276	236.28422494358983	442.3224639801631	0.001542075744704174	53.41899726670597	206.03823903657326	260.7429132450349	1.0919717547954157	-0.78938256621735	0.06364511417640725	1.3489172879303324	1.835146555705257e-14	-9.700921898771318e-15	1.3489172879303324	9.474031771409777	7.863034873014442	324.13696512698556	2.704354679879777	NaN	0.5311449751931916	2.4482337699569583	-120.94397686103841	-0.023978044010674687	1.9072708589548397	0.15801855455668906	0	66.32807919019196	-10.065541912478881	22.768283212421032	56.69624448368687	86.46535015569712	121.26888301553224	181.6828848410192	0.34473792586285473	1.0107330838451811	105.73074311010556	1.0138875051579601	50.320004363809936	1.0870530782348535	-0.09366717051789253	1.0870530782348535	1.1123529506967764	1.0870530782348535	-0.03930156185665959	1.1479382005337777	NaN	NaN	800000009	800000009	800000009	800000009	800000009	800010109	899999999	899999999	89999	89999	89	89	9	2	4	45	17	4	0	NaN	0	0	0	0	0	0	0	0	0	NaN	NaN	NaN	NaN	0	0	0	0	0	0	0	0	1403	0	0	18000	18000	18000	18000	18000	80	NaN	2.189137271421791	2.2894328765896774	0.4178973919024481	0.11555426127634415	0.08891230141888462	0.013749181184610555	5.752378169233976e-8	NaN	0.08505868282091238	-0.002200016007186171	0.026126488967724383	-0.00003930156185665959	NaN	419.3211115861417	2.47633157866459	95770.51694270833	11.4399995803833	-12.424794801950446	81.4904097588857	82.84800532277424	80.13281628100077	2.715187283025847	0.0002635991491632821	-1	0	2.2144772056407396	81.83312459203924	1.0000179065962633	-273.1499938964844	9.000301526175605	-273.1499938964844	250
DATA	2025-02-20T110000_AIU-0547.ghg	2025-02-20	11:30:00	51.479	1	18000	18000	0.2117683691202822	1	NaN	70.37881859261472	0	NaN	47.48031204425161	0	NaN	-0.12079392165042548	2	NaN	1.049736336894849	0	NaN	0.0003630241063986059	0	NaN	NaN	NaN	NaN	NaN	NaN	NaN	NaN	NaN	NaN	-1.151885815595778e-10	-6.543699699533614e-13	-6.663936574598334e-13	NaN	17.66461094326754	418.92618973327313	419.92555383648016	0.1	1	100.3501456106147	2.37986017777857	2.3855374232948696	0.1	1	0.10219402422279641	2.202612996649484	2.2078674123820266	-0.2	0	NaN	NaN	NaN	NaN	9	267.3596441786024	268.9755918731689	95392.9836827257	1.2344404493343746	1006.3790283332493	0.023442636811437545	0.0680229146307862	0.0018293625193831927	227.08285934437794	447.6090478993406	0.001481936629968345	50.73241043944332	220.5261885549627	260.25195880166575	0.8375473545703827	-0.5692998303648695	0.07700151598933032	1.0156363037356262	-5.606468078198536e-15	-6.520867169366064e-15	1.0156363037356262	7.370281310760538	6.204830755475541	325.79516924452446	4.3481110828212595	NaN	0.4141860561862848	2.446549561502598	-85.01478870113404	-0.03411171214216423	1.4822737164621353	0.13677753614934965	0	58.061350886160426	-8.811033999100184	19.930582896592213	49.629969465204326	75.68883489734792	106.1546671379974	159.03903528573994	0.20907553702820678	1.0128797090771655	71.78094366154303	1.0150328741556236	43.720517638087436	1.085996109133182	-0.11122868731715853	1.085996109133182	0.9666115081505451	1.085996109133182	-0.026084257452759968	1.1483850794204384	NaN	NaN	800000009	800000009	800000009	800000009	800000009	800000009	899999999	899999999	89999	89999	89	89	18	1	5	24	7	2	0	NaN	0	0	0	0	0	0	0	0	0	NaN	NaN	NaN	NaN	0	0	0	0	0	0	0	0	7911	0	0	18000	18000	18000	18000	18000	80	NaN	2.0633434971064495	2.4753013942639663	0.3544542316347803	0.1689452690393772	0.41996775212160037	0.013469726558233069	6.211176172682658e-8	NaN	0.057779987218071344	-0.0026137156661426666	0.022713993151091794	-0.000026084257452759967	NaN	418.926164547492	2.379848334165248	95804.93545920138	11.432640873961976	-12.912737514972685	81.51048294745551	82.86720914459228	80.1537559521993	2.7134524564809275	0.00026351296232153093	-1	0	2.2003218059804697	81.77978428565116	1.0000165831281078	-273.1499938964844	9.000298598130543	-273.1499938964844	106
DATA	2025-02-20T113000_AIU-0547.ghg	2025-02-20	12:00:00	51.499	1	18000	18000	0.21842499918782235	1	NaN	61.31421421899564	0	NaN	36.13531452858922	0	NaN	1.6884767874466975	0	NaN	0.7990842799908121	0	NaN	0.0006704013155442996	0	NaN	NaN	NaN	NaN	NaN	NaN	NaN	NaN	NaN	NaN	-8.985024452780727e-11	-4.929110036935321e-13	-5.178087874635125e-13	NaN	17.62525447482154	419.08804596740197	420.05378419952723	0.3	0	96.69068703368414	2.299082328149058	2.3043802881468713	0.7	0	0.10157470017255962	2.1914993936001705	2.1965494416042683	-0.2	0	NaN	NaN	NaN	NaN	9	267.432108446757	269.2049973619249	95387.69739973958	1.2333578654713249	1006.3381494807609	0.02346393097935451	0.05178066134340462	0.001765665961920254	219.36299543649113	455.3920940983952	0.0014315925745083799	48.17013696094031	236.02909866190407	259.8261685472776	0.5088903896229287	-0.7189082672577599	0.05009762399494064	0.8822178287203548	8.146663253116722e-14	-5.097812610658322e-15	0.8822178287203548	8.642626472945794	26.706638187724025	305.29336181227603	3.2553494511914427	NaN	0.42082992770669425	3.118810255288735	-102.34983978894175	-0.028334191885206316	1.6967948119141345	0.1173874057432793	0	54.6412445841509	-8.292019672915677	18.756571077593936	46.70651403838708	71.23038091249786	99.90162203096513	149.67083426140024	0.2153649705422003	1.014208571792888	62.22445888173111	1.0158204727136386	33.27077508821802	1.0860977669674305	1.554626884245616	1.0860977669674305	0.7357388112692572	1.0860977669674305	-0.021908194143244072	1.1491274233633175	NaN	NaN	800000009	800000009	800000009	800000009	800000009	800110109	899999999	899999999	89999	89999	89	89	6	1	2	51	17	5	0	NaN	0	0	0	0	0	0	0	0	0	NaN	NaN	NaN	NaN	0	0	0	0	0	0	0	0	2259	0	0	18000	18000	18000	18000	18000	80	NaN	2.75088051841399	3.0608486263516896	0.4258913658117902	0.09394774728406961	0.26286808086011665	0.010021400172513932	8.490354084131975e-8	NaN	0.05013350677609748	0.03656173890618249	0.01730311664706921	-0.00002190819414324407	NaN	419.08806381229823	2.2990684335031597	95777.26514149306	11.420000076293945	-13.338397165748814	81.53990528064304	82.901866402732	80.17794514507717	2.7239398487342728	0.0002642528232309915	-1	0	2.1892948241214722	82.10829154441133	1.000020511455006	-273.1499938964844	9.000336727221807	-273.1499938964844	139
DATA	2025-02-20T120000_AIU-0547.ghg	2025-02-20	12:30:00	51.52	1	18000	18000	0.23727630946917783	1	NaN	87.40146709714276	0	NaN	56.32169188098895	0	NaN	1.676929119623915	0	NaN	1.2463919799095373	0	NaN	0.0019429097492228327	0	NaN	NaN	NaN	NaN	NaN	NaN	NaN	NaN	NaN	NaN	-1.9260889967725287e-10	-1.0721062079741588e-12	-1.1085982058553514e-12	NaN	17.56075050222575	418.23860252970155	419.2145398195747	0.1	1	97.74724668314497	2.3280139336130867	2.3334462289474134	0.7	0	0.1010743352610517	2.1885399432205723	2.193646783497981	-0.2	0	NaN	NaN	NaN	NaN	9	267.8968177261352	269.9805308380126	95364.96310264757	1.2295084078100988	1006.3627745960999	0.02353713628527499	0.08076620029813801	0.0017823243785494696	222.0705149720752	482.6016662337521	0.0014496235790074847	46.01528144424464	260.5311512616769	259.9770026122335	1.449889745173885	-0.35839263912923697	0.12358725136457005	1.4986324985273614	-3.612954826193308e-14	-1.0968147383726025e-14	1.4986324985273614	12.54850752500828	345.88440426814674	346.11559573185326	4.730364935180295	NaN	0.4393002373877283	3.8008989347324813	-81.66313178053692	-0.035511741183200225	1.5518260225887248	0.1607945105031775	0	53.664094620703096	-8.143733396093786	18.421147115669886	45.87126094646497	69.95656724601325	98.11508025178595	146.99426912565386	0.23490345515084218	1.0101014023689516	89.13214232594662	1.0136126064575008	51.769317640648126	1.0879357590134895	1.541386157896408	1.0879357590134895	1.1456485087315555	1.0879357590134895	-0.030583917277929605	1.148172169525545	NaN	NaN	800000009	800000009	800000009	800000009	800000009	800000109	899999999	899999999	89999	89999	89	89	19	10	5	49	6	13	0	NaN	0	0	0	0	0	0	0	0	0	NaN	NaN	NaN	NaN	0	0	0	0	0	0	0	0	7054	0	0	18000	18000	18000	18000	18000	80	NaN	3.1733508680837677	3.942934499938674	0.48551250144251995	0.24199764393068507	0.19022806496445951	0.022983098384994197	1.3559652837666936e-7	NaN	0.07203578253180533	0.03636449582797879	0.02702822404539764	-0.000030583917277929606	NaN	418.2385762767111	2.327981567963192	95787.29692013889	11.427011347876654	-13.194951044771399	81.50515014076232	82.8664908182356	80.14381143760681	2.7226794619626458	0.00026470701434138587	-1	0	2.18630492093828	83.17447862750932	1.0000087163166866	-273.1499938964844	9.000246452887852	-273.1499938964844	193
DATA	2025-02-20T123000_AIU-0547.ghg	2025-02-20	13:00:00	51.541	1	18000	18000	0.29902435161722907	0	NaN	93.08153904408495	0	NaN	44.1497018888439	0	NaN	-1.7255968079986854	1	NaN	0.9769278109350222	0	NaN	0.005255353949342646	0	NaN	NaN	NaN	NaN	NaN	NaN	NaN	NaN	NaN	NaN	2.8554658086797895e-10	1.579352973814754e-12	1.6391702798332235e-12	NaN	17.53877182472755	418.86112685095657	419.833761316411	0.1	1	97.00662972129508	2.316713316253337	2.3220929398887553	0.8	0	0.10068071357212885	2.178937952325302	2.1839976487608523	-0.2	0	NaN	NaN	NaN	NaN	9	267.8426657062106	269.87270441860625	95351.1348938802	1.2298265584358783	1006.3554106647605	0.023531147972527155	0.06330492214858943	0.0017741240131129757	220.9604983487724	478.73418340091433	0.0014425806638696658	46.15515373877737	257.7736850521419	259.9153638255454	0.9677119549411256	-0.4823848629232083	0.14210014170620472	1.0905750932358114	2.014932069445059e-14	1.6280876661237632e-14	1.0905750932358114	9.955646548853583	358.49532803430037	333.50467196569963	7.486833500347284	NaN	0.493095847152059	2.7496994657985114	-108.4287951611999	-0.02674566286279029	2.108316365950492	0.1525235683093083	0	68.48862492881635	-10.393413063753941	23.50992864933071	58.54304648535482	89.28183973444527	125.21904969645873	187.60095434366048	0.2953976857117399	1.0122772319517364	94.03128896648317	1.0146904398833623	40.649922172078945	1.0860956068242817	-1.5888074651588826	1.0860956068242817	0.8994860165133495	1.0860956068242817	-0.028367286352883443	1.1481362498711205	NaN	NaN	800000009	800000009	800000009	800000009	800000009	800100009	899999999	899999999	89999	89999	89	89	3	1	4	19	0	2	0	NaN	0	0	0	0	0	0	0	0	0	NaN	NaN	NaN	NaN	0	0	0	0	0	0	0	0	2102	0	0	18000	18000	18000	18000	18000	80	NaN	2.5837349484614482	2.5832313644934555	0.33243261864211987	0.17769937849431866	0.2622816848805152	0.014571121570517	5.8753085631024604e-8	NaN	0.07597612437621598	-0.0374733017468475	0.021215101044671822	-0.000028367286352883443	NaN	418.8610585753842	2.316692827853399	95738.51963411458	11.43034639120102	-13.253012653165422	81.49175923665365	82.85543320761786	80.1280857134925	2.7273487164576844	0.00026552436982941194	-1	0	2.1767360852426956	83.12381557782491	1.0000027027030787	-273.1499938964844	9.000168481138017	-273.1499938964844	190
DATA	2025-02-20T130000_AIU-0547.ghg	2025-02-20	13:30:00	51.562	1	18000	18000	0.34138420833043676	0	NaN	54.82745992652752	0	NaN	37.373525863287604	0	NaN	0.8467554007768425	1	NaN	0.8262702640775763	0	NaN	-0.008967692084027855	0	NaN	NaN	NaN	NaN	NaN	NaN	NaN	NaN	NaN	NaN	1.4660846656893108e-10	7.813527992264698e-13	8.374022087458727e-13	NaN	17.591394019776793	418.59688037555094	419.53282478536846	0.2	0	93.75369159315116	2.2309205728928667	2.2359087076278237	0.8	0	0.10047900064594084	2.165346945306933	2.17018846339698	-0.2	0	NaN	NaN	NaN	NaN	9	267.37389930809866	268.95458476087776	95328.72243532987	1.2337747674730555	1006.2986180798771	0.023456607416708852	0.053542313112226944	0.0017138535295472548	212.72785476152998	446.90228162789947	0.0013891137788929404	47.600530027871244	234.1744268663695	259.4493868236523	0.29045900798744057	-0.6658142252534066	0.1224455321211342	0.7366599800499609	1.3262207247009159e-14	8.334101686546802e-15	0.7366599800499609	8.932450700675567	38.430940420131776	293.5690595798682	9.567949247828953	NaN	0.526021834886165	2.7380406390946233	-223.43131346075856	-0.01297938035220533	1.467013311162731	0.0839521057598529	0	65.61489940124348	-9.957314128040716	22.523471669339973	56.08662912668093	85.53564827184528	119.96496290430696	179.72937490905014	0.3359423119246837	1.0161989014559532	55.82788288489645	1.0170499918438063	34.389895319659466	1.0867589306653835	0.779156606753997	1.0867589306653835	0.7603068544112912	1.0867589306653835	-0.02873043130913177	1.1505410377694967	NaN	NaN	800000009	800000009	800000009	800000009	800100009	801100009	899999999	899999999	89999	89999	89	89	13	5	6	21	31	5	0	NaN	0	0	0	0	0	0	0	0	0	NaN	NaN	NaN	NaN	0	0	0	0	0	0	0	0	2059	0	0	18000	18000	18000	18000	18000	80	NaN	2.058963884008752	2.996014299321872	0.4211030948586229	0.1657491185103485	0.1251093839851171	0.02056568724934234	4.427252130277112e-8	NaN	0.04496642888849506	0.018317245922953224	0.017874105806762026	-0.00002873043130913177	NaN	418.59706935888926	2.2308904008899333	95713.086078125	11.4399995803833	-13.726994406594134	81.53837414042155	82.9012450266944	80.17550537109375	2.725738560729557	0.00026468495860818735	-1	0	2.1632429376377007	83.43954094208611	1.0000031665398015	-273.1499938964844	9.00022431286176	-273.1499938964844	121
DATA	2025-02-20T133000_AIU-0547.ghg	2025-02-20	14:00:00	51.583	1	18000	18000	0.20276162796911182	1	NaN	97.30873814083867	0	NaN	56.4038157304485	0	NaN	2.4145651171795763	0	NaN	1.2471640722652133	0	NaN	0.002967278019309411	0	NaN	NaN	NaN	NaN	NaN	NaN	NaN	NaN	NaN	NaN	2.4812254952029543e-11	1.3520879419978854e-13	1.4145786744374685e-13	NaN	17.585434923877365	417.9572676351816	418.9113650718022	0.1	1	95.82786635608957	2.277563981719799	2.282763120782491	0.8	0	0.10025683385939113	2.1619875069544476	2.1669228123029156	-0.1	0	NaN	NaN	NaN	NaN	9	267.47736210547555	269.09371285502107	95324.9674392361	1.2330665355701074	1006.3252936147688	0.023469665805055252	0.08081623188278582	0.0017487127424265737	217.16694951203297	451.6016521893198	0.0014181819812489338	48.08816541286536	234.43470267728682	259.7026036041589	2.228597070427893	-0.06907152768837437	0.23344920664891253	2.2418551046717874	-1.7957161982796034e-13	1.410954864604438e-15	2.2418551046717874	12.488967259646676	333.77521573178655	358.22478426821334	5.977168698448328	NaN	0.4055081890371064	4.733862432198841	-57.67259947887437	-0.05028384408201121	1.7252155174372086	0.1933870157647434	0	50.41590789370723	-7.650808528687568	17.30614972346431	43.09475978661145	65.72222779053997	92.17635895881484	138.09698245207593	0.20106725860124905	1.008426878546263	98.91627018062366	1.0133628358657507	51.5412093886628	1.0943440481793447	2.206404029150318	1.0943440481793447	1.1396453193491702	1.0943440481793447	-0.032389804787921625	1.1515632596762524	NaN	NaN	800000009	800000009	800000009	800000009	800000009	800000109	899999999	899999999	89999	89999	89	89	19	22	9	35	15	4	0	NaN	0	0	0	0	0	0	0	0	0	NaN	NaN	NaN	NaN	0	0	0	0	0	0	0	0	10260	0	0	18000	18000	18000	18000	18000	80	NaN	3.5930779664213004	5.391068007144317	0.4835788908320651	0.15624356866668068	0.14732821451281308	0.016693137260062402	4.1743662914976317e-8	NaN	0.07971551055202993	0.051901806588855036	0.026808168478342102	-0.000032389804787921625	NaN	417.9571635324006	2.2775231347501745	95729.2401141493	11.432640873961976	-13.466314692682687	81.52788922288684	82.8883726671007	80.16740801260207	2.7209765052298707	0.00026404536066143515	-1	0	2.1598362425168354	83.3975808479521	1.0000021374028314	-273.1499938964844	9.000224887106153	-273.1499938964844	248
DATA	2025-02-20T140000_AIU-0547.ghg	2025-02-20	14:30:00	51.604	1	18000	18000	0.17287734247943737	1	NaN	87.32697995502362	1	NaN	55.33301678364848	1	NaN	2.4828438413447715	1	NaN	1.2235722814425622	1	NaN	0.0018120145524695248	1	NaN	NaN	NaN	NaN	NaN	NaN	NaN	NaN	NaN	NaN	-1.7675879577160302e-10	-9.932008398746083e-13	-1.005888032655558e-12	NaN	17.571948967119088	417.79247331339974	418.7755739975124	0.1	1	98.73610190763837	2.347559755523194	2.353083760260156	0.7	0	0.09999736137203818	2.157165156600927	2.1622411468991234	-0.2	0	NaN	NaN	NaN	NaN	9	267.4192064844767	269.16728746541344	95354.09888585069	1.2330735457822048	1006.3638110809861	0.023468910661789247	0.07928748383747802	0.001802513466814515	223.9094903126006	454.1045096908892	0.00146180531808513	49.30792043113968	230.19501937828858	260.07851798729763	1.422095208793907	-0.8221614393181359	0.1211915415931499	1.6471161479780125	5.991042138929636e-14	-1.0059145749988058e-14	1.6471161479780125	10.405046574792802	2.033662327903812	329.9663376720962	4.219522975466778	NaN	0.3744333716773443	3.354295156899008	-50.6054803435597	-0.057306046307869264	1.5782074614957504	0.18794462107066337	0	49.207162568686506	-7.4673767622463645	16.891226568327454	42.06154246292899	64.14650617982834	89.96638699512825	134.7860417408555	0.171232685070855	1.0096048100156918	89.01445435234405	1.0134369382452881	50.811811933362364	1.0889794061313047	2.279973181646559	1.0889794061313047	1.123595427565899	1.0889794061313047	-0.030171705469905708	1.1485907786179732	NaN	NaN	800000009	800000009	800000009	800000009	800000009	800100109	899999999	899999999	89999	89999	89	89	10	17	7	30	3	10	0	NaN	0	0	0	0	0	0	0	0	0	NaN	NaN	NaN	NaN	0	0	0	0	0	0	0	0	7669	0	0	18000	18000	18000	18000	18000	80	NaN	2.8389098111908155	3.4315884775085244	0.43809202509867623	0.16005645950157554	0.2981035580597068	0.021437791916282915	6.462860097984552e-8	NaN	0.07173259502931084	0.053634430716431744	0.026431627177983506	-0.00003017170546990571	NaN	417.7924016832452	2.347538363481051	95746.86395095487	11.420000076293945	-13.096270285155983	81.49180847973294	82.85155748727587	80.13206167538961	2.719492945935991	0.0002643877376605006	-1	0	2.1549464599357706	83.41477647569444	1.0000022119300234	-273.1499938964844	9.000217443598642	-273.1499938964844	154
DATA	2025-02-20T143000_AIU-0547.ghg	2025-02-20	15:00:00	51.624	1	18000	18000	0.3166878331051295	1	NaN	84.5075015357733	0	NaN	47.579733583173784	0	NaN	-1.6099705368505268	1	NaN	1.0529236441775165	0	NaN	0.0109454748990624	1	NaN	NaN	NaN	NaN	NaN	NaN	NaN	NaN	NaN	NaN	1.2385050532597727e-10	6.615840982734994e-13	7.036466271119227e-13	NaN	17.50306624668178	417.11622748324567	418.0477003310215	0.1	1	93.49780422255145	2.228149675355953	2.2331254130200024	0.7	0	0.09944225496842551	2.1530050367758786	2.157812967037863	-0.2	0	NaN	NaN	NaN	NaN	9	267.45936910163033	269.9705877583822	95369.02464713542	1.2296525297848537	1006.3089195399108	0.02353526708412875	0.06822945214270307	0.0017060039171994988	212.5534612328142	482.2438734427152	0.001387386986060192	44.07592774904646	269.690412209901	259.4393430686079	-0.7681123913867606	-0.6073854390093518	0.026200595009592383	0.9795918479149935	-1.0557330078534666e-13	7.075931929895813e-15	0.9795918479149935	7.476605277232164	113.66478926878597	218.335210731214	1.532640925654342	NaN	0.5074864902412181	2.0320158172759504	-130.2102019325975	-0.022271680382625985	1.7761238908167982	0.1345727250558431	0	76.70492896767725	-11.640268900354936	26.330319946653344	65.56621960037614	99.99262187044941	140.24107393526714	210.10668402461138	0.31256107939367533	1.0132030312905864	85.6993558329328	1.0152208359995174	43.81245382202059	1.0859865045782877	-1.4824958966462605	1.0859865045782877	0.9695549988315828	1.0859865045782877	-0.02002100258017508	1.1485449621565997	NaN	NaN	800000009	800000009	800000009	800000009	800000009	800100109	899999999	899999999	89999	89999	89	89	4	7	6	19	18	5	0	NaN	0	0	0	0	0	0	0	0	0	NaN	NaN	NaN	NaN	0	0	0	0	0	0	0	0	6509	0	0	18000	18000	18000	18000	18000	80	NaN	1.9774468140364359	1.8213211050134233	0.26526371550204125	0.1451154139969422	0.20485585359040331	0.014076469604950874	6.388997564305094e-8	NaN	0.06925702431388601	-0.034968873663306345	0.022869706648408126	-0.00002002100258017508	NaN	417.11616531712014	2.228129645487894	95757.64667404516	11.420000076293945	-13.729867069641733	81.51252444712321	82.87674984147813	80.14829905022515	2.7284504732423356	0.0002651603257771866	-1	0	2.150905761917432	83.36572866524591	1.0000210002677308	-273.1499938964844	9.00030200960901	-273.1499938964844	062
DATA	2025-02-20T150000_AIU-0547.ghg	2025-02-20	15:30:00	51.645	1	18000	18000	0.28007004466614643	1	NaN	73.37501873492107	0	NaN	43.12125706392083	0	NaN	0.0340680326511765	2	NaN	0.9539213528340521	0	NaN	-0.003361650074258695	0	NaN	NaN	NaN	NaN	NaN	NaN	NaN	NaN	NaN	NaN	-2.448362799543017e-10	-1.2160688791268393e-12	-1.3849960510757756e-12	NaN	17.47963538919191	416.0135992456427	416.8749811848677	0.1	1	86.8189984721542	2.0662836056429077	2.0705619739040535	0.7	0	0.09887924286708566	2.136972137598648	2.1413968708460525	-0.2	0	NaN	NaN	NaN	NaN	9	267.2038303731282	269.59602001783566	95381.32197417534	1.2315951859133871	1006.2174660785848	0.02349958318920296	0.06181410366364657	0.001584471984539799	197.1377278076706	468.9358004261422	0.001286520118511756	42.03938526948104	271.79807261847156	258.5210589218645	0.8487103499689725	-0.7386799122723975	0.06405733565752514	1.1269696593927012	3.016436955977292e-13	-1.4006944338535232e-14	1.1269696593927012	12.882498704528377	13.034867847969053	318.96513215203095	3.2584676360446374	NaN	0.47686927230250165	5.187529530295125	-124.43533577897348	-0.023305277249792488	1.7015973960627715	0.12416210072114411	0	52.28119806979251	-7.933873509244065	17.946443480210643	44.68918177421498	68.15382192361785	95.58670430448794	143.20630122618115	0.276745178102999	1.0120141806478378	74.54204605548283	1.01454502808779	39.70004528734774	1.0861765207523177	0.03136509766163973	1.0861765207523177	0.8782378688993737	1.0861765207523177	-0.02949889582798626	1.148050834603782	NaN	NaN	800000009	800000009	800000009	800000009	800000009	800100119	899999999	899999999	89999	89999	89	89	19	12	11	44	19	13	0	NaN	0	0	0	0	0	0	0	0	0	NaN	NaN	NaN	NaN	0	0	0	0	0	0	0	0	7208	0	0	18000	18000	18000	18000	18000	80	NaN	5.370096300679186	4.394271214338544	0.6106915455725205	0.14062089208617012	0.1739722586241064	0.013185925502177107	2.5884819934692342e-8	NaN	0.060150809306473436	0.0007385932742828175	0.020680968067983408	-0.00002949889582798626	NaN	416.013620673832	2.0662457686364313	95759.47460546876	11.42034563975864	-14.650589888360768	81.57326535352072	82.94016447936164	80.20636398633322	2.733793729682764	0.0002643715460338475	-1	0	2.135054963515866	83.38368499904209	1.000016594749496	-273.1499938964844	9.000284247901705	-273.1499938964844	029
DATA	2025-02-20T153000_AIU-0547.ghg	2025-02-20	16:00:00	51.666	1	18000	18000	0.18372849363343838	1	NaN	72.20511744598842	1	NaN	50.059317924543215	1	NaN	1.0697602274073907	1	NaN	1.1064561013879612	1	NaN	-0.0010535878805509416	1	NaN	NaN	NaN	NaN	NaN	NaN	NaN	NaN	NaN	NaN	-7.213619698183484e-10	-3.5953878299696987e-12	-4.064973240022174e-12	NaN	17.53306665462428	415.4165500151148	416.27845666583255	0.1	1	87.38771533514277	2.07050505957287	2.074800945427985	0.5	0	0.09880122566555624	2.1263570906469	2.1307688583488913	-0.1	0	NaN	NaN	NaN	NaN	9	267.02423130741823	268.68924318610306	95449.35920117187	1.2366311018937104	1006.209382363509	0.023403848769074132	0.07169835536993989	0.001594203679100762	197.68139288019216	438.0600756248627	0.0012891505612785284	45.126548589988076	240.37868274467053	258.55451721250483	2.864745623866132	0.22779452142781276	0.2968969524775093	2.889083874490714	-1.6308081214799488e-13	-4.114294344669544e-14	2.889083874490714	10.31876552500359	327.4536066132247	4.546393386775346	5.898418805254724	NaN	0.38545011062470486	4.9182464649325555	-66.81091288761746	-0.04340608254938958	1.4423911559247895	0.15054671258754343	0	47.44816436300987	-7.200441998276425	16.287419405419165	40.5579772529454	61.853474365339075	86.75037727144738	129.96787314108147	0.1822785696435739	1.0079544402433027	73.74095153394607	1.0139461776778647	45.44892943984051	1.1014410799445862	0.9712369067088098	1.1014410799445862	1.0045531454516181	1.1014410799445862	-0.027059245513125694	1.1562741267683883	NaN	NaN	800000009	800000009	800000009	800000009	800000009	800110119	899999999	899999999	89999	89999	89	89	9	5	6	57	6	11	0	NaN	0	0	0	0	0	0	0	0	0	NaN	NaN	NaN	NaN	0	0	0	0	0	0	0	0	8814	0	0	18000	18000	18000	18000	18000	80	NaN	3.689313116779833	5.638698650498439	0.5084811625868376	0.09878261230718702	0.09374694744793459	0.012865179235039475	2.4411239226599e-8	NaN	0.05926253294138432	0.022777856000268805	0.023559202429046747	-0.000027059245513125695	NaN	415.416584957811	2.0704886035741583	95836.2454157986	11.430000305175781	-14.615992827150523	81.57804730436537	82.93892775874667	80.21716666581895	2.7217594556079963	0.0002632133490114939	-1	0	2.1244319624370993	83.10264429473874	1.0000160644186868	-273.1499938964844	9.000295240693623	-273.1499938964844	081
DATA	2025-02-20T160000_AIU-0547.ghg	2025-02-20	16:30:00	51.687	1	18000	18000	0.187534825333414	1	NaN	64.55172464292666	1	NaN	35.935129960025535	1	NaN	3.4532549630708536	1	NaN	0.7938365777327193	1	NaN	-0.0012319399989538036	1	NaN	NaN	NaN	NaN	NaN	NaN	NaN	NaN	NaN	NaN	3.3557632347922406e-10	1.6519917556473271e-12	1.8882095442278725e-12	NaN	17.59324011368976	415.5727176847518	416.4246400334754	0.1	1	86.60887431391956	2.0458019694874796	2.049995855045172	0.6	0	0.09899305038014203	2.1247721878156263	2.1291279619935635	-0.2	0	NaN	NaN	NaN	NaN	9	266.7420399487813	268.11006151326495	95482.83870833334	1.2397488031368382	1006.1897478980105	0.023345211365471703	0.05144061023708021	0.0015791397877996927	195.3913770951766	419.297543024967	0.001273757864338421	46.59969521537169	223.9061659297904	258.41302474902193	1.7464761532048239	-0.2868531834412534	0.1706230264680255	1.778082090265668	5.345136033237022e-14	1.907416265057983e-14	1.778082090265668	9.961596071791439	341.32737064496837	350.6726293550316	5.506520175716906	NaN	0.3889323926266343	4.348696819259263	-76.79442408103084	-0.03776315838946874	1.7963403698479568	0.13305161453448092	0	47.872406549181704	-7.26482238676483	16.43304801947445	40.92061309286655	62.40651690216547	87.526027292875	131.1299382151196	0.1858160298146481	1.0092499851626386	65.54052790309471	1.013345428367527	32.96729192548934	1.0900237132380761	3.168054897459479	1.0900237132380761	0.7282745944806198	1.0900237132380761	-0.024032723031274295	1.1490871671878886	NaN	NaN	800000009	800000009	800000009	800000009	800000009	800010119	899999999	899999999	89999	89999	89	89	7	1	4	63	14	11	1	NaN	0	0	0	0	0	0	0	0	0	NaN	NaN	NaN	NaN	0	0	0	0	0	0	0	0	12211	0	0	18000	18000	18000	18000	18000	80	NaN	3.718394247012337	4.472682824147544	0.5063165673586446	0.06131285519279078	0.1642977583182974	0.008037964193943214	1.6861970868991382e-8	NaN	0.05254075986938798	0.07411056741264684	0.01703658717292299	-0.000024032723031274294	NaN	415.57266755281296	2.04577504665014	95875.07362174478	11.426320776515535	-14.751217794418325	81.59410063934327	82.9526102663676	80.23559132215712	2.7170093061327933	0.00026260727161004775	-1	0	2.1228666116506965	82.70083904817366	1.0000138106710381	-273.1499938964844	9.000330894788107	-273.1499938964844	013
DATA	2025-02-20T163000_AIU-0547.ghg	2025-02-20	17:00:00	51.708	1	18000	18000	0.2924351272972185	1	NaN	76.85915958731987	0	NaN	44.94449953316899	0	NaN	1.2322129365249606	0	NaN	0.9923984372161033	0	NaN	-0.0006389613777815782	0	NaN	NaN	NaN	NaN	NaN	NaN	NaN	NaN	NaN	NaN	-4.951791718744291e-10	-2.3800496221089823e-12	-2.776425579644866e-12	NaN	17.63956787564316	415.5662717222762	416.3979829259466	0.3	0	84.78354753425816	1.997394890883369	2.0013924619615433	0.6	0	0.0989034883644842	2.1179746341852397	2.1222135326527236	-0.2	0	NaN	NaN	NaN	NaN	9	266.56882999928786	267.61605372450083	95512.21637282986	1.2424422290382895	1006.1584692147524	0.023295029213649666	0.06430741873160349	0.0015450960039718712	190.82678653869868	403.8624483157411	0.001243595853279915	47.25044067219382	213.03566177704244	258.1265209703208	1.031792768031875	-0.2204606151369518	0.10098392959748333	1.059904218798111	-1.5936891299951883e-13	-2.8072069302682632e-14	1.059904218798111	14.65503887310435	344.06088859181057	347.93911140818943	5.467232397807659	NaN	0.4851507056344849	4.813553944158983	-125.21011321196309	-0.023161068428160497	1.7100904534624508	0.12672910645413699	0	55.07458459779031	-8.35778069182193	18.90532268141357	47.07692656439156	71.79528338628076	100.69390578260675	150.85781969436147	0.28882104542009035	1.0125132220606412	78.03836265136296	1.014823230737135	41.38368147233512	1.0860440138273888	1.1345883968205392	1.0860440138273888	0.9137736818959447	1.0860440138273888	-0.027904018507788165	1.1482252906535337	NaN	NaN	800000009	800000009	800000009	800000009	800010109	801011119	899999999	899999999	89999	89999	89	89	19	16	5	57	78	12	0	NaN	0	0	0	0	0	0	0	0	0	NaN	NaN	NaN	NaN	0	0	0	0	0	0	0	0	15704	0	0	18000	18000	18000	18000	18000	80	NaN	4.497073531771814	4.57507354421031	0.5549608123358416	0.08146953366903689	0.07639153107940923	0.011053230833655092	1.8110864283501718e-8	NaN	0.062426007108968985	0.026483181409804553	0.021328998474662755	-0.000027904018507788166	NaN	415.5664706447631	1.9973699893966788	95901.78660177952	11.420000076293945	-15.041267674552078	81.62070290756226	82.98122233200073	80.26018525038825	2.721025198896726	0.0002618184487283644	-1	0	2.116123267147276	82.20429738574558	1.0000383492757876	-295.15436982048647	9.000471695952946	-273.1499938964844	038
DATA	2025-02-20T170000_AIU-0547.ghg	2025-02-20	17:30:00	51.729	1	18000	18000	0.17907443584697316	1	NaN	92.13371509894624	1	NaN	63.38804789363981	1	NaN	0.06031553949988427	2	NaN	1.3989293577102366	1	NaN	0.00031926157881613027	1	NaN	NaN	NaN	NaN	NaN	NaN	NaN	NaN	NaN	NaN	6.830113667399589e-10	3.3780221437771108e-12	3.817848091298697e-12	NaN	17.70829974329325	416.00961088847976	416.86731159221443	0.1	1	87.5813076830709	2.0574909086987656	2.061732905407807	0.7	0	0.09898458747146648	2.11448569129638	2.1188451960241395	-0.2	0	NaN	NaN	NaN	NaN	9	266.44529271740385	267.07600410630965	95552.55097309028	1.24545196707874	1006.1851783023112	0.02323820636421514	0.09065062237962333	0.0015954754092854678	196.65124039788992	387.5688087834888	0.0012810413018397831	50.739697297918276	190.91756838559888	258.491049562697	2.4295832167176057	-0.6531907747921084	0.20043035949893892	2.523827475133356	-5.112759733004749e-14	3.857012681291659e-14	2.523827475133356	11.452148988760559	347.04808545077174	344.95191454922826	4.5549543965198165	NaN	0.3791868819049602	5.096394074344346	-49.886029600611906	-0.05813250770240549	1.4534871818980672	0.19389221885593105	0	43.3798531989703	-6.583060083488497	14.890899833165303	37.08044605939611	56.55001987614244	79.3122069422868	118.82413857590304	0.17762675383703092	1.0081501349243283	94.10391848508615	1.0135565751948066	57.76613412039156	1.0973219665614373	0.05496612784385311	1.0973219665614373	1.274857699325855	1.0973219665614373	-0.032824094725119324	1.1534746188358818	NaN	NaN	800000009	800000009	800000009	800000009	800000009	800010119	899999999	899999999	89999	89999	89	89	9	17	5	109	10	8	0	NaN	0	0	0	0	0	0	0	0	0	NaN	NaN	NaN	NaN	0	0	0	0	0	0	0	0	18000	0	0	18000	18000	18000	18000	18000	80	NaN	3.3428502468238936	6.234231780237299	0.6157061216274995	0.08244428397618266	0.1476247485342846	0.017612446114668775	2.4922956015183258e-8	NaN	0.07509357999526065	0.001279948410499223	0.029686502394716246	-0.000032824094725119326	NaN	416.00958614454277	2.0574634788247486	95941.56104296875	11.405976421991987	-14.684762384017302	81.56059256596035	82.91184704526265	80.20933995861476	2.7024996370474486	0.0002612634303901966	-1	0	2.112583744943142	81.93221201515196	1.0000627707295395	-546.7310053846666	9.000481986045838	-427.2613753678897	014
DATA	2025-02-20T173000_AIU-0547.ghg	2025-02-20	18:00:00	51.749	0	18000	18000	0.12165861551836339	1	NaN	75.91555410734493	1	NaN	47.001563859264394	1	NaN	-0.14681853307897183	1	NaN	1.037149895594681	1	NaN	-0.001068984020331877	1	NaN	NaN	NaN	NaN	NaN	NaN	NaN	NaN	NaN	NaN	-2.993120055725636e-10	-1.5131106635429039e-12	-1.6722282941427741e-12	NaN	17.754790709739055	416.6323231553264	417.51168607996533	0.1	1	89.75571527940482	2.10619954831763	2.1106449878376727	0.1	1	0.09919436183194134	2.117575309282829	2.1220447589957354	-0.1	0	NaN	NaN	NaN	NaN	9	266.36524383587306	266.93139973280165	95602.50370572918	1.246755129868545	1006.2099023264796	0.02321348888737857	0.06720731323453533	0.0016349854472592009	201.41196226161273	383.3064820968867	0.001311392596741583	52.54593169408042	181.894519835274	258.7819136848525	2.5558575573933098	-0.2620553021232525	0.27598062198970724	2.58403679129552	-5.648632293047897e-15	-1.6858098215057056e-14	2.58403679129552	11.366938563155808	337.85415156922556	354.1458484307744	6.131004682770914	NaN	0.31237829706471315	2.8730939299757297	-33.86211912560417	-0.08564142100035384	1.6151708129256501	0.19372254346543313	0	46.34178006962549	-7.032543913297424	15.907633480044822	39.61225659954364	60.411190697513675	84.72755391996863	126.93731515389057	0.12068029066853406	1.0081067491999705	77.27449646737222	1.013611197977811	42.807268909592935	1.0979809050310971	-0.1337168364278736	1.0979809050310971	0.9445973885723511	1.0979809050310971	-0.027980349994928648	1.1539134260685115	NaN	NaN	800000009	800000009	800000009	800000009	800010009	800010119	899999999	899999999	89999	89999	89	89	12	6	2	97	47	7	0	NaN	0	0	0	0	0	0	0	0	0	NaN	NaN	NaN	NaN	0	0	0	0	0	0	0	0	18000	0	0	18000	18000	18000	18000	18000	80	NaN	1.9439806842470133	3.4479513634998384	0.35425581220460806	0.09164922367734805	0.07219912143449835	0.018912292158732604	3.0772782621299226e-8	NaN	0.06159797468560872	-0.003110587571988374	0.02197369438223818	-0.000027980349994928648	NaN	416.63280336710733	2.1061689319514714	95992.98361545139	11.400345737563239	-14.39448784679838	81.52663302866618	82.87438938437568	80.1788865316179	2.6954943546652794	0.0002607822380135379	-1	0	2.115631552994251	81.48598472139571	1.0000837009549142	-403.96499938964956	9.00058115638627	-273.1499938964844	221
DATA	2025-02-20T180000_AIU-0547.ghg	2025-02-20	18:30:00	51.77	0	18000	17999	0.0251713823180242	2	NaN	75.2756229617954	2	NaN	48.695564376601304	2	NaN	1.7774057813208124	2	NaN	1.0742097818447527	2	NaN	0.00005838497875384592	2	NaN	NaN	NaN	NaN	NaN	NaN	NaN	NaN	NaN	NaN	-1.443199626295069e-10	-7.005081812465494e-13	-8.058968615531175e-13	NaN	17.811269042712038	417.31248093009356	418.1594940538214	0.1	1	86.45331841467792	2.0255742982575913	2.0296855771963043	0.8	0	0.09945987762378397	2.1200544459512662	2.1243574898830846	-0.1	0	NaN	NaN	NaN	NaN	9	266.0750700782493	266.61489015197753	95652.51510980903	1.2489262839521542	1006.1633925612656	0.02317384121242232	0.06960879386353996	0.0015750884432761101	193.8032478989319	374.12234799651196	0.0012611540516961777	51.8021040274073	180.31910009758008	258.31402760515266	2.119929243797563	-0.2145942703060286	0.1771425175688329	2.13834142137222	-4.2007392090143645e-14	-8.10273329112163e-15	2.13834142137222	12.4470138831182	337.7801956675506	354.21449706044405	4.751890077840853	NaN	0.14196625638514038	3.9562501814017743	-3.2067028522716345	-0.9043556991710767	1.54584147294463	0.42195283608860756	1	26.018896952990044	12	20	33	50	79	174	0.02495763466281001	1.0085644195895174	76.75274442967104	1.0133216565397638	44.53950100395779	1.0933118530509403	1.6257079591343262	1.0933118530509403	0.9825282501484984	1.0933118530509403	-0.02691287810305213	1.1509298527962022	NaN	NaN	800000009	800000009	800000009	800100009	800110009	800110119	899999999	899999999	89999	89999	89	89	14	10	3	108	2	4	0	NaN	0	0	0	0	0	0	0	0	0	NaN	NaN	NaN	NaN	0	0	0	0	0	0	0	0	18000	0	0	18000	18000	18000	18000	18000	80	NaN	2.514127516526555	4.887743797656133	0.5106290486208604	0.07033832695867569	0.08370364121943887	0.013963299557900734	1.712153344618101e-8	NaN	0.06107853273122794	0.0377503848232485	0.02281517989403785	-0.00002691287810305213	NaN	417.3124285094492	2.0255585870195723	96040.94501345487	11.40999984741211	-14.857780225912766	81.55335460133023	82.90218151050144	80.20452855851916	2.6976520446075334	0.0002603896355689763	-1	0	2.1181799398627548	81.37744151560463	1.0000640599578619	-349.57987210591654	9.000572447617849	-273.1499938964844	071
DATA	2025-02-20T183000_AIU-0547.ghg	2025-02-20	19:00:00	51.791	0	18000	18000	0.22285600735125086	1	NaN	68.80260239199305	0	NaN	46.11111199566964	0	NaN	1.4039202876445156	0	NaN	1.0169292962325651	0	NaN	-0.0012523976116984546	0	NaN	NaN	NaN	NaN	NaN	NaN	NaN	NaN	NaN	NaN	7.496252955339646e-11	3.645366005758713e-13	4.180498007084317e-13	NaN	17.83670273228683	417.3604190279262	418.2092119724118	0.2	0	86.73841475531682	2.0295893064679538	2.0337169165742157	0.6	0	0.09947143015253543	2.1175761242981457	2.1218826746842643	-0.2	0	NaN	NaN	NaN	NaN	9	265.8115279654044	266.33492008972166	95657.80235351562	1.250306357577812	1006.1627972256387	0.02314822702535739	0.06589701839587021	0.00157995685324534	194.1981303603621	366.1622488170484	0.0012636557781775595	53.03608741418683	171.96411845668632	258.3387103413782	2.0364133772047364	-0.4620385505585778	0.1881785073704137	2.096633066537135	-3.320707741978949e-14	4.202712276955998e-15	2.096633066537135	13.685917162461603	344.7833249473249	347.2166750526751	5.149381056166677	NaN	0.42218612183065596	4.259216093276375	-92.27433037585237	-0.03142802541278492	1.4921046015644646	0.12954367625745633	0	53.31770422102201	-8.091167316559467	18.302242500636666	45.5751716427056	69.50501237566769	97.48176812561721	146.04545215607396	0.22095002256152002	1.008626316339027	70.23115477689981	1.0133103972316397	42.19138050220189	1.0929036084340304	1.284578325856318	1.0929036084340304	0.9304839771639831	1.0929036084340304	-0.02591571813048222	1.1506858475829078	NaN	NaN	800000009	800000009	800000009	800000009	800010009	800010119	899999999	899999999	89999	89999	89	89	7	11	7	91	14	9	0	NaN	0	0	0	0	0	0	0	0	0	NaN	NaN	NaN	NaN	0	0	0	0	0	0	0	0	18000	0	0	18000	18000	18000	18000	18000	80	NaN	2.503593826815686	5.559099185474191	0.455739174262873	0.06543219710629906	0.06906751815653892	0.011004628493209496	1.4789853600068367e-8	NaN	0.05582710592034419	0.029796200991204672	0.021582870459994522	-0.00002591571813048222	NaN	417.36044156120835	2.029572644319297	96049.81894249131	11.406320318751863	-14.828882903655385	81.56951407051086	82.92190166685316	80.21712461132473	2.7047745975322197	0.0002600547884293418	-1	0	2.1156947497063214	81.1837219728894	1.0000553911162746	-273.1499938964844	9.000635983652538	-273.1499938964844	220
DATA	2025-02-20T190000_AIU-0547.ghg	2025-02-20	19:30:00	51.812	0	18000	18000	0.5685498034669696	0	NaN	42.97363029028612	0	NaN	26.60330008411343	0	NaN	1.0058780794323723	0	NaN	0.5865577860823954	0	NaN	-0.0023769102320015723	0	NaN	NaN	NaN	NaN	NaN	NaN	NaN	NaN	NaN	NaN	2.8864886855205106e-10	1.3878651710675598e-12	1.6084205277023631e-12	NaN	17.850776018308824	417.28294198113406	418.1218433550738	0.1	1	85.82909206128198	2.006356250628394	2.0103898087874543	0.1	1	0.09946879309553751	2.114886620004996	2.119138366512595	-0.2	0	NaN	NaN	NaN	NaN	9	265.5311853297198	266.0662796359592	95658.63500390625	1.2515906585145868	1006.1477115748517	0.02312467712719331	0.03800894453813922	0.001563461407782191	191.97678219676763	358.6663539642221	0.0012491795118043936	53.525171813556234	166.68957176745445	258.1992741539075	0.2607364611799956	-0.6397571604897189	0.10793201729730964	0.6992296096022271	1.9580342052539764e-13	1.6170101975174383e-14	0.6992296096022271	10.263532243081299	39.82638412727391	292.1736158727261	8.879591902265414	NaN	0.6739894527927409	2.990214327565947	-601.0784699198367	-0.0048246612466201965	1.6153496052900775	0.05063197707742555	0	82.86110491016656	-12.57449235030648	28.44353593414143	70.82842620399474	108.01781896625387	151.49652696975156	226.96940368234763	0.5591337670104722	1.0168404002978433	43.58904101201409	1.017453934417538	24.472795946915085	1.0870560168858396	0.9253231331297691	1.0870560168858396	0.5395837721065615	1.0870560168858396	-0.017531779913345185	1.1510450531732341	NaN	NaN	800000009	800000009	800000009	800000009	800010019	801110119	899999999	899999999	89999	89999	89	89	14	19	9	73	20	7	1	NaN	0	0	0	0	0	0	0	0	0	NaN	NaN	NaN	NaN	0	0	0	0	0	0	0	0	18000	0	0	18000	18000	18000	18000	18000	80	NaN	2.6118040204891204	2.982865287287171	0.38575934735560324	0.04326473250469741	0.04450134092204608	0.007450662112934704	9.80557360129687e-9	NaN	0.03461411701912895	0.02144082817067463	0.0125027922973139	-0.000017531779913345184	NaN	417.28296118927	2.0063408852365323	96052.66112999132	11.399999618530273	-14.964106620444174	81.60090115208097	82.95729971991645	80.2445044631958	2.7127847944166934	0.0002595467461538242	-1	0	2.1130271424386238	81.13172773710886	1.0000404535995588	-273.1499938964844	9.00055953725179	-273.1499938964844	105
DATA	2025-02-20T193000_AIU-0547.ghg	2025-02-20	20:00:00	51.833	0	18000	18000	0.12217375349550806	2	NaN	30.005490675693657	1	NaN	21.634787828499228	1	NaN	0.7346682285881749	1	NaN	0.47691381259138926	1	NaN	0.00000492682560870749	1	NaN	NaN	NaN	NaN	NaN	NaN	NaN	NaN	NaN	NaN	-1.7792064161576001e-10	-8.331086023954495e-13	-9.901450084449952e-13	NaN	17.852517369088822	416.9330700282639	417.74863142727975	0.3	0	83.59393075212829	1.9522778476363316	1.9560966918757152	0.1	1	0.0993509285974557	2.1102357346558986	2.114363559795537	-0.3	0	NaN	NaN	NaN	NaN	9	265.3229429897732	265.85099461534287	95675.45773263888	1.2528501150003613	1006.116601843609	0.023101903263515196	0.030904015055922024	0.0015228203068764598	186.83517981343763	352.75816732994963	0.0012154848282677619	52.96409753673621	165.922987516512	257.87092161439284	-1.7600967755313603	-0.661077164857867	-0.0417311714598824	1.880612976612712	-5.106629657202498e-15	-9.966137432462329e-15	1.880612976612712	10.2332554440163	131.41425474922528	200.5857452507747	-1.2715089691392738	NaN	0.31227656948530264	2.8955431544577124	-85.63304103809348	-0.03386543283812551	1.3869094032051386	0.07622789039399841	0	45.52650020222093	-6.908822048048922	15.6277742839836	38.91536763111061	59.34839104960151	83.23696230217574	124.70413728908112	0.12108201656889142	1.0090165076330346	30.70296464116045	1.0133081485261293	19.832058278012063	1.0908997707255559	0.6734516298408865	1.0908997707255559	0.4371747298784328	1.0908997707255559	-0.010853737646728218	1.149546302111449	NaN	NaN	800000009	800000009	800000009	800000009	800010009	800110119	899999999	899999999	89999	89999	89	89	13	13	10	75	22	14	0	NaN	0	0	0	0	0	0	0	0	0	NaN	NaN	NaN	NaN	0	0	0	0	0	0	0	0	18000	0	0	18000	18000	18000	18000	18000	80	NaN	3.2269124154970976	2.194085731785913	0.3700881616324143	0.026381661718408368	0.09246019056327204	0.006190234507853702	1.1608072291499763e-8	NaN	0.024357509463232053	0.015588455565048457	0.010119329360717612	-0.000010853737646728217	NaN	416.9330213270884	1.9522716352108909	96069.27413172743	11.407011445681253	-15.2912774793572	81.6305446779463	82.98929896397061	80.27178813150194	2.7174959925015765	0.00025931824352624564	-1	0	2.1084246043854282	81.1087124648624	1.0000324688255786	-273.1499938964844	9.000519298341539	-273.1499938964844	234
DATA	2025-02-20T200000_AIU-0547.ghg	2025-02-20	20:30:00	51.854	0	18000	18000	0.12620446878266817	1	NaN	39.17873029578881	0	NaN	29.269116016852365	0	NaN	0.7867589673338392	0	NaN	0.6452729040072027	0	NaN	0.00028028613330528573	0	NaN	NaN	NaN	NaN	NaN	NaN	NaN	NaN	NaN	NaN	-8.384169282911018e-11	-4.0016429697387513e-13	-4.662014980154336e-13	NaN	17.854445883477077	416.82882498549753	417.6597439312221	0.1	0	85.21669283780288	1.989463810669319	1.993429666850633	0.1	1	0.0992795962991632	2.109801178630813	2.114006918891452	-0.3	0	NaN	NaN	NaN	NaN	9	265.3735773671468	265.964871705797	95772.34766427951	1.2535642576771118	1006.1376708047567	0.02308841745336818	0.04181368417966674	0.0015527326008774281	190.58672890393456	355.87247447989006	0.0012386541745811126	53.554782280500426	165.2857455759555	258.1112846227688	-0.6914546147119512	-0.5564441416819166	0.01973732827020775	0.8877663708126058	-8.553584484326815e-14	-4.695844014218288e-15	0.8877663708126058	7.879394905564634	113.1748268231205	218.82517317687953	1.2739374104728434	NaN	0.3172956120406574	1.623969688623563	-68.84661450014356	-0.04212262318278487	1.3385689637237679	0.09789990730064844	0	62.496596059914815	-9.484099565502804	21.453059040413606	53.42115033138347	81.47062492741028	114.26370986451674	171.18785895111847	0.12444414850431826	1.0141454644473606	40.05318328332277	1.0157822385506123	26.94917614903596	1.086085743585872	0.7243985771659599	1.086085743585872	0.5941270363026212	1.086085743585872	-0.013959533954113404	1.1490876175994844	NaN	NaN	800000009	800000009	800000009	800000009	800000009	800110119	899999999	899999999	89999	89999	89	89	6	0	3	54	8	4	0	NaN	0	0	0	0	0	0	0	0	0	NaN	NaN	NaN	NaN	0	0	0	0	0	0	0	0	18000	0	0	18000	18000	18000	18000	18000	80	NaN	1.8248981948019327	1.2499901156457416	0.1730510667994517	0.04390798059240341	0.04985850625110429	0.010298646658315477	1.1230377709495431e-8	NaN	0.031756528973397535	0.016758566256572353	0.013744805161892743	-0.000013959533954113405	NaN	416.8288288897452	1.9894528339502493	96170.72112608507	11.409653728379144	-15.05531093788149	81.6305062567393	82.9909539542728	80.27006019910178	2.720890474776427	0.00025980480306316163	-1	0	2.107955553319719	81.49588984002011	1.0000501803474293	-273.1499938964844	9.000646796120538	-273.1499938964844	164
DATA	2025-02-20T203000_AIU-0547.ghg	2025-02-20	21:00:00	51.874	0	18000	18000	0.1479338967817513	1	NaN	53.135359371743824	0	NaN	25.28134346326688	0	NaN	0.9285735085755517	0	NaN	0.5573636439745948	0	NaN	-0.002735546375358891	0	NaN	NaN	NaN	NaN	NaN	NaN	NaN	NaN	NaN	NaN	4.160405332392194e-10	2.0414407654129988e-12	2.31434512809832e-12	NaN	17.85361334375312	416.917889011672	417.7725454428254	0.1	1	87.60467112684515	2.045745802294166	2.0499394573339638	0.1	1	0.09931585929707457	2.110715987311297	2.115042827296912	-0.2	0	NaN	NaN	NaN	NaN	9	265.41898815049063	265.9762810643514	95804.88304427083	1.2539096156975524	1006.1680326278786	0.023081566727106984	0.03611716412955374	0.0015971333499504449	196.04501022366307	356.1858422482105	0.001273722866430015	55.04009058480426	160.14083202454745	258.4535608914147	1.3094657175403042	0.1027853524850331	0.15827596030559157	1.3229953037367361	-1.0159881528674457e-14	2.3302875738864907e-14	1.3229953037367361	11.829091148174811	327.5118211148347	4.488178885165336	6.87101244338249	NaN	0.343479428995788	2.945726675219059	-64.41225464364086	-0.04502248859388908	2.1017616982637053	0.12261571701157696	0	53.496204079127864	-8.11825535868389	18.36351572567726	45.727750636685705	69.73770496864341	97.80812279584454	146.53439092168168	0.1463447536106178	1.0108589008620137	53.69789095410064	1.013947124567374	23.25955788056452	1.0869227864555306	0.8543141427770062	1.0869227864555306	0.5127904676579327	1.0869227864555306	-0.02097611414626495	1.1479202828725568	NaN	NaN	800000009	800000009	800000009	800000009	800010019	811110119	899999999	899999999	89999	89999	89	89	14	13	4	84	18	11	1	NaN	0	0	0	0	0	0	0	0	0	NaN	NaN	NaN	NaN	0	0	0	0	0	0	0	0	18000	0	0	18000	18000	18000	18000	18000	80	NaN	2.4897447987869796	3.1025639948182793	0.2991445568328586	0.057286091085925	0.05077567788690359	0.011172584271674928	1.4547020008800895e-8	NaN	0.04256184842608069	0.019759342326972466	0.011860277016514476	-0.00002097611414626495	NaN	416.91788405986347	2.0457283418849794	96197.63737282986	11.399999618530273	-14.714232438882219	81.60511478932699	82.96427562904358	80.24595642640855	2.718324239320226	0.000259579070968256	-1	0	2.1088226782282193	81.75288548024498	1.000052120036549	-273.1499938964844	9.00060140021642	-273.1499938964844	089
DATA	2025-02-20T210000_AIU-0547.ghg	2025-02-20	21:30:00	51.895	0	18000	18000	0.36573249977637406	0	NaN	78.27850422699764	0	NaN	40.36842077593933	0	NaN	0.7928637656548536	0	NaN	0.8899606425378986	0	NaN	-0.002630672710353203	0	NaN	NaN	NaN	NaN	NaN	NaN	NaN	NaN	NaN	NaN	2.147838371643815e-10	1.1085066184355687e-12	1.1949599640412994e-12	NaN	17.85680543874915	416.68449488674776	417.58251557137424	0.1	1	92.15957436229412	2.150522713810796	2.155157428813297	0.1	1	0.09934717559147303	2.1112448664297845	2.1157949314877142	-0.2	0	NaN	NaN	NaN	NaN	9	265.4253658824497	265.95317743937176	95824.10365668403	1.2542203966996435	1006.2241599085845	0.02307493243195814	0.05766944963645583	0.001679416400508191	206.12718805305357	355.55153620720927	0.0013390121903035612	57.973927001380254	149.4243481541557	259.06401125276216	1.9148614338154342	-0.5764003050943348	0.16647373746886798	2.006650225548379	-5.494015332660645e-14	1.2028122157746201e-14	2.006650225548379	10.291597307430802	348.752535828696	343.247464171304	4.758785396465856	NaN	0.540001352541881	3.2885370306667916	-169.9265189176362	-0.017066200252155092	1.9391024648071877	0.11486271326717068	0	66.19610658719716	-10.04551456082086	22.722981288440245	56.58343628758208	86.29331053886783	121.02759500675485	181.32139143543873	0.3625515403511967	1.0087738130200634	79.3057122977417	1.0132973973996038	36.96596591082914	1.092042904365538	0.7260371936718885	1.092042904365538	0.8149502542255459	1.092042904365538	-0.029718216765793948	1.1501851347933303	NaN	NaN	800000009	800000009	800000009	800000009	800010009	800010119	899999999	899999999	89999	89999	89	89	9	5	5	85	41	3	2	NaN	0	0	0	0	0	0	0	0	0	NaN	NaN	NaN	NaN	0	0	0	0	0	0	0	0	18000	0	0	18000	18000	18000	18000	18000	80	NaN	1.996973065275422	4.145995147905448	0.43410584815271347	0.07042190950228745	0.046544825130345205	0.010442626121771216	1.656727126163865e-8	NaN	0.06283995570661378	0.016789374803967957	0.018845460513645634	-0.00002971821676579395	NaN	416.68470579094674	2.150494831887553	96217.3816310764	11.399999618530273	-14.101506638447399	81.54251635678608	82.8961852285597	80.18885252931383	2.707333632740709	0.00025931555220934876	-1	0	2.109251304023796	81.3155200595856	1.000036357856459	-273.1499938964844	9.000588819503784	-273.1499938964844	056
DATA	2025-02-20T213000_AIU-0547.ghg	2025-02-20	22:00:00	51.916	0	18000	18000	0.2403658810736132	1	NaN	83.46590654933775	0	NaN	38.51152849819845	0	NaN	0.8923073336524799	0	NaN	0.8491968784151607	0	NaN	-0.002954177590282035	0	NaN	NaN	NaN	NaN	NaN	NaN	NaN	NaN	NaN	NaN	8.337975454506312e-11	4.5399172427258084e-13	4.645554745451649e-13	NaN	17.84843395340736	416.7531196006944	417.70095221558364	0.2	0	97.18235979806516	2.2691655593833713	2.274326382481295	0.1	1	0.09944365692072106	2.1154824081577415	2.12029370561029	-0.2	0	NaN	NaN	NaN	NaN	9	265.62047288725114	266.16981580437556	95862.49711610243	1.253645398399699	1006.2900870824649	0.02308447949063349	0.05502795772130241	0.0017713357625104402	217.58622644260188	361.5389965608944	0.001412948003296293	60.183335272922236	143.95277011829253	259.72628089275264	2.105373936734347	-0.4627527056608463	0.19164358005063434	2.164131867944159	-4.623907078763163e-14	4.6715445603083564e-15	2.164131867944159	13.901202642584177	344.3962676452522	347.60373235474776	5.080453046047493	NaN	0.437873895912451	3.9591822713382414	-84.99440880325295	-0.03411989142383457	2.167296646074233	0.15109919621935514	0	51.11324262705625	-7.756631764807902	17.545522171703343	43.69083102840868	66.63127404411624	93.45130925488304	140.00709032194814	0.23833337370207555	1.0085280015130333	84.33623237336249	1.0133302385836707	35.216452402988985	1.0935663836181806	0.8159608296482069	1.0935663836181806	0.7765389382265964	1.0935663836181806	-0.03154850767364327	1.1510834031953723	NaN	NaN	800000009	800000009	800000009	800000009	800000009	800110119	899999999	899999999	89999	89999	89	89	9	17	4	127	34	1	0	NaN	0	0	0	0	0	0	0	0	0	NaN	NaN	NaN	NaN	0	0	0	0	0	0	0	0	18000	0	0	18000	18000	18000	18000	18000	80	NaN	2.9478598320568445	4.425686538755836	0.5448181718638018	0.07732840612293995	0.04970351072286078	0.011725780623034905	1.906176431867002e-8	NaN	0.06685229025416133	0.018878881836829123	0.01796677772240274	-0.00003154850767364327	NaN	416.75334796042875	2.2691501327021584	96256.8205078125	11.399999618530273	-13.439611650043068	81.48217667643229	82.831287753635	80.13306763161555	2.6982202448513775	0.00025935766087948454	-1	0	2.1133786272737716	81.63360968666078	1.000054677421848	-273.1499938964844	9.000613681104449	-273.1499938964844	112
DATA	2025-02-20T220000_AIU-0547.ghg	2025-02-20	22:30:00	51.937	0	18000	18000	0.33110110806993615	0	NaN	84.40327090905235	0	NaN	38.24709219549616	0	NaN	-0.2653679378870501	1	NaN	0.8433551083344962	0	NaN	-0.0005488003764247084	0	NaN	NaN	NaN	NaN	NaN	NaN	NaN	NaN	NaN	NaN	1.1914111850376685e-10	6.657288706530772e-13	6.647830445606975e-13	NaN	17.835959651225053	416.4646616156604	417.4360744837251	0.1	1	99.6625969668775	2.3270937215143213	2.3325217181599474	0.1	1	0.0995210025599035	2.117040562087292	2.1219786051765857	-0.2	0	NaN	NaN	NaN	NaN	9	265.6195226864991	266.15618169742163	95877.68770703125	1.253880793657609	1006.3211492052557	0.02307963977389585	0.05464941102007535	0.0018169360523387639	223.17621369939943	361.1595469636015	0.0014490500704127584	61.794355313523425	137.98333326420206	260.0381290146117	2.0890327083559845	-0.7567211091084675	0.14884167390907463	2.2268449289170724	-1.28877732189873e-14	6.6798266442357485e-15	2.2268449289170724	11.39888666006877	351.9121679876253	340.0878320123747	3.832490665635523	NaN	0.513868731511651	3.3885738958173377	-135.86344502352216	-0.021344961475825378	2.2067892240705134	0.130170998170568	0	64.77329644072752	-9.829597631857416	22.234576607227684	55.36723957416901	84.43853381351124	118.4262442769865	177.42409401407903	0.3283282286933385	1.0084454492007373	85.24723630585255	1.0133557576637726	34.954565674964755	1.0941944623528703	-0.24252356141194828	1.0941944623528703	0.770754319594171	1.0941944623528703	-0.029564532376680244	1.151468964995388	NaN	NaN	800000009	800000009	800000009	800000009	800010019	800010119	899999999	899999999	89999	89999	89	89	13	8	6	97	18	8	0	NaN	0	0	0	0	0	0	0	0	0	NaN	NaN	NaN	NaN	0	0	0	0	0	0	0	0	18000	0	0	18000	18000	18000	18000	18000	80	NaN	1.9185439581026638	4.443552854545878	0.41505097898613397	0.07531763659029485	0.04923374964190193	0.008287528429043699	1.756098344028555e-8	NaN	0.06755966042065249	-0.005610415899809636	0.017830235810173345	-0.000029564532376680243	NaN	416.4647359160809	2.3270840327390943	96270.05127886284	11.399999618530273	-13.124388467364845	81.40488522783915	82.74392823304069	80.06584145991008	2.6780832129518193	0.0002596922142321192	-1	0	2.1148881033636906	81.74038722439164	1.0000621676163541	-273.1499938964844	9.000633205890656	-273.1499938964844	116
DATA	2025-02-20T223000_AIU-0547.ghg	2025-02-20	23:00:00	51.958	0	18000	18000	0.22152271855992192	1	NaN	84.51284351410695	0	NaN	33.72882681037692	0	NaN	-0.8614524340817165	1	NaN	0.7437050621132505	0	NaN	-0.0035647179874419605	0	NaN	NaN	NaN	NaN	NaN	NaN	NaN	NaN	NaN	NaN	-1.0504273308261186e-10	-5.905267256468673e-13	-5.852700223411162e-13	NaN	17.86059644362829	416.8915490952221	417.87090098433345	0.1	1	100.40827410365439	2.3436709443140322	2.349176641351429	0.1	1	0.0995144678058492	2.116623845701564	2.1215961689984133	-0.2	0	NaN	NaN	NaN	NaN	9	265.62493056933084	266.1254828448825	95870.11004947916	1.2539184564363837	1006.3297816674703	0.023078801758237615	0.04819208802493863	0.0018299455744091094	224.7482615263151	360.3064674069869	0.0014593816408203972	62.37697123333871	135.55820588067178	260.1245732160856	3.0639891067917517	-0.05360765943121768	0.3138239018059679	3.080485102874657	-1.4725005892425163e-14	-5.88125561283176e-15	3.080485102874657	9.536622021490118	333.0023466727082	358.99765332729174	5.8471418787359735	NaN	0.4203146125543545	3.7584207038973743	-74.24762537469212	-0.03905848820571826	2.5056561851153965	0.1593450603452034	0	52.6993643285217	-7.997331852301972	18.089986424991604	45.04662400274321	68.69894387537286	96.35124559273275	144.35172339363524	0.21978483378050434	1.0079072097447506	85.04834058647897	1.0141984676616456	30.56021546146732	1.1036841953193959	-0.7805243907043719	1.1036841953193959	0.673838644484738	1.1036841953193959	-0.031973166499477214	1.1578560918769492	NaN	NaN	800000009	800000009	800000009	800000009	800010019	800010119	899999999	899999999	89999	89999	89	89	6	2	4	92	10	3	0	NaN	0	0	0	0	0	0	0	0	0	NaN	NaN	NaN	NaN	0	0	0	0	0	0	0	0	18000	0	0	18000	18000	18000	18000	18000	80	NaN	2.8204930720505126	4.231273765119098	0.465074570625138	0.08156176591017326	0.0896548919583544	0.008475843327677814	1.990135114295038e-8	NaN	0.06739943004309622	-0.01805589611073218	0.015587931274297941	-0.00003197316649947722	NaN	416.8916022008614	2.3436589036506286	96259.68293294271	11.399999618530273	-13.038503707249967	81.37830042245653	82.7154390320248	80.04116096538968	2.6742729633980336	0.0002592717373400874	-1	0	2.1144577120158408	81.71391351593866	1.0000495828853713	-273.1499938964844	9.000659934414758	-273.1499938964844	122
DATA	2025-02-20T230000_AIU-0547.ghg	2025-02-20	23:30:00	51.979	0	18000	18000	0.19151531220178922	1	NaN	97.70484452747002	1	NaN	33.14794440862335	1	NaN	-0.29763875192460715	1	NaN	0.7309211391492987	1	NaN	-0.001743062909243936	1	NaN	NaN	NaN	NaN	NaN	NaN	NaN	NaN	NaN	NaN	4.6385627221000594e-11	2.618680356738928e-13	2.5790014842032967e-13	NaN	17.88471238994958	417.28949023180076	418.27485780002235	0.1	1	100.9673638740462	2.3557896197831028	2.36135246941921	0.1	1	0.09943748217194873	2.1153351248711343	2.1203301766918976	-0.2	0	NaN	NaN	NaN	NaN	9	265.6896086684333	266.16073799472383	95877.48756032986	1.253843094234616	1006.3366491129071	0.02308008305177705	0.047363689816874555	0.0018393057590222958	225.92777644821615	361.28631340391945	0.0014669345530391616	62.53427491332284	135.3585369557033	260.18907930339327	3.4445882292344026	-0.21922994385994937	0.36832674800149207	3.4711546249855063	9.373464188098558e-14	2.5935908953765042e-15	3.4711546249855063	12.659219804037923	335.6416636101406	356.3583363898593	6.091164179264795	NaN	0.3908230370063537	4.069685687560275	-51.63343483328556	-0.05616515750624654	2.9475385659827626	0.19812964490250132	0	48.16923164997142	-7.309866740968237	16.534938471329042	41.17433472462093	62.79345839946392	88.06871824462904	131.94298815208623	0.1900143067827226	1.0078994337030789	97.97433098129304	1.0147920916534519	29.90613294015185	1.108399553862715	-0.26853019823704505	1.108399553862715	0.6594383195140023	1.108399553862715	-0.03423783876391096	1.1612754974008352	NaN	NaN	800000009	800000009	800000009	800000009	800000009	800010019	899999999	899999999	89999	89999	89	89	23	14	5	97	2	0	0	NaN	0	0	0	0	0	0	0	0	0	NaN	NaN	NaN	NaN	0	0	0	0	0	0	0	0	18000	0	0	18000	18000	18000	18000	18000	80	NaN	2.6236684197826405	5.0122915265438435	0.503411428794067	0.10132172298531428	0.11061625895632608	0.01107885067268551	2.1804352176172673e-8	NaN	0.07764720456288941	-0.006212338164657606	0.015255840372702483	-0.000034237838763910965	NaN	417.2894987051961	2.355778526058392	96267.15431532118	11.399999618530273	-12.976376321315778	81.36323565970527	82.69733067618475	80.02914268154568	2.668194779223866	0.0002592748777129196	-1	0	2.1131670151866144	81.34059673245748	1.0000351308054394	-273.1499938964844	9.000632733345032	-273.1499938964844	122
