DATAH	filename	date	time	DOY	daytime	file_records	used_records	Tau	qc_Tau	rand_err_Tau	H	qc_H	rand_err_H	LE	qc_LE	rand_err_LE	co2_flux	qc_co2_flux	rand_err_co2_flux	h2o_flux	qc_h2o_flux	rand_err_h2o_flux	ch4_flux	qc_ch4_flux	rand_err_ch4_flux	none_flux	qc_none_flux	rand_err_none_flux	H_strg	LE_strg	co2_strg	h2o_strg	ch4_strg	none_strg	co2_v-adv	h2o_v-adv	ch4_v-adv	none_v-adv	co2_molar_density	co2_mole_fraction	co2_mixing_ratio	co2_time_lag	co2_def_timelag	h2o_molar_density	h2o_mole_fraction	h2o_mixing_ratio	h2o_time_lag	h2o_def_timelag	ch4_molar_density	ch4_mole_fraction	ch4_mixing_ratio	ch4_time_lag	ch4_def_timelag	none_molar_density	none_mole_fraction	none_mixing_ratio	none_time_lag	none_def_timelag	sonic_temperature	air_temperature	air_pressure	air_density	air_heat_capacity	air_molar_volume	ET	water_vapor_density	e	es	specific_humidity	RH	VPD	Tdew	u_unrot	v_unrot	w_unrot	u_rot	v_rot	w_rot	wind_speed	max_wind_speed	wind_dir	yaw	pitch	roll	u*	TKE	L	(z-d)/L	bowen_ratio	T*	model	x_peak	x_offset	x_10%	x_30%	x_50%	x_70%	x_90%	un_Tau	Tau_scf	un_H	H_scf	un_LE	LE_scf	un_co2_flux	co2_scf	un_h2o_flux	h2o_scf	un_ch4_flux	ch4_scf	un_none_flux	un_none_scf	spikes_hf	amplitude_resolution_hf	drop_out_hf	absolute_limits_hf	skewness_kurtosis_hf	skewness_kurtosis_sf	discontinuities_hf	discontinuities_sf	timelag_hf	timelag_sf	attack_angle_hf	non_steady_wind_hf	u_spikes	v_spikes	w_spikes	ts_spikes	co2_spikes	h2o_spikes	ch4_spikes	none_spikes	head_detect_LI-7200	t_out_LI-7200	t_in_LI-7200	aux_in_LI-7200	delta_p_LI-7200	chopper_LI-7200	detector_LI-7200	pll_LI-7200	sync_LI-7200	chopper_LI-7500	detector_LI-7500	pll_LI-7500	sync_LI-7500	not_ready_LI-7700	no_signal_LI-7700	re_unlocked_LI-7700	bad_temp_LI-7700	laser_temp_unregulated_LI-7700	block_temp_unregulated_LI-7700	motor_spinning_LI-7700	pump_on_LI-7700	top_heater_on_LI-7700	bottom_heater_on_LI-7700	calibrating_LI-7700	motor_failure_LI-7700	bad_aux_tc1_LI-7700	bad_aux_tc2_LI-7700	bad_aux_tc3_LI-7700	box_connected_LI-7700	mean_value_RSSI_LI-7200	mean_value_LI-7500	u_var	v_var	w_var	ts_var	co2_var	h2o_var	ch4_var	none_var	w/ts_cov	w/co2_cov	w/h2o_cov	w/ch4_cov	w/none_cov	co2_mean	h2o_mean	air_p_mean	vin_sf_mean	dew_point_mean	avg_signal_strength_7200_mean	co2_signal_strength_7200_mean	h2o_signal_strength_7200_mean	delta_signal_strength_7200_mean	flowrate_mean	hit_power_mean	hit_vin_mean	ch4_mean	rssi_77_mean	ch4_aux-1_mean	ch4_aux-2_mean	ch4_aux-3_mean	ch4_aux-4_mean	CHK
DATAU		[yyyy-mm-dd]	[HH:MM]	[ddd.ddd]	[1=daytime]	[#]	[#]	[kg+1m-1s-2]	[#]	[kg+1m-1s-2]	[W+1m-2]	[#]	[W+1m-2]	[W+1m-2]	[#]	[W+1m-2]	[µmol+1s-1m-2]	[#]	[µmol+1s-1m-2]	[mmol+1s-1m-2]	[#]	[mmol+1s-1m-2]	[µmol+1s-1m-2]	[#]	[µmol+1s-1m-2]	[µmol+1s-1m-2]	[#]	[µmol+1s-1m-2]	[W+1m-2]	[W+1m-2]	[µmol+1s-1m-2]	[mmol+1s-1m-2]	[µmol+1s-1m-2]	[µmol+1s-1m-2]	[µmol+1s-1m-2]	[mmol+1s-1m-2]	[µmol+1s-1m-2]	[µmol+1s-1m-2]	[mmol+1m-3]	[µmol+1mol_a-1]	[µmol+1mol_d-1]	[s]	[1=default]	[mmol+1m-3]	[mmol+1mol_a-1]	[mmol+1mol_d-1]	[s]	[1=default]	[mmol+1m-3]	[µmol+1mol_a-1]	[µmol+1mol_d-1]	[s]	[1=default]	[mmol+1m-3]	[µmol+1mol_a-1]	[µmol+1mol_d-1]	[s]	[1=default]	[K]	[K]	[Pa]	[kg+1m-3]	[J+1kg-1K-1]	[m+3mol-1]	[mm]	[kg+1m-3]	[Pa]	[Pa]	[kg+1kg-1]	[%]	[Pa]	[K]	[m+1s-1]	[m+1s-1]	[m+1s-1]	[m+1s-1]	[m+1s-1]	[m+1s-1]	[m+1s-1]	[m+1s-1]	[deg_from_north]	[deg]	[deg]	[deg]	[m+1s-1]	[m+2s-2]	[m]	[#]	[#]	[K]	[0=KJ/1=KM/2=HS]	[m]	[m]	[m]	[m]	[m]	[m]	[m]	[kg+1m-1s-2]	[#]	[W+1m-2]	[#]	[W+1m-2]	[#]	[µmol+1s-1m-2]	[#]	[mmol+1s-1m-2]	[#]	[µmol+1s-1m-2]	[#]	[µmol+1s-1m-2]	[#]	8u/v/w/ts/co2/h2o/ch4/none	8u/v/w/ts/co2/h2o/ch4/none	8u/v/w/ts/co2/h2o/ch4/none	8u/v/w/ts/co2/h2o/ch4/none	8u/v/w/ts/co2/h2o/ch4/none	8u/v/w/ts/co2/h2o/ch4/none	8u/v/w/ts/co2/h2o/ch4/none	8u/v/w/ts/co2/h2o/ch4/none	8co2/h2o/ch4/none	8co2/h2o/ch4/none	8aa	8U	[#]	[#]	[#]	[#]	[#]	[#]	[#]	[#]	[#_flagged_recs]	[#_flagged_recs]	[#_flagged_recs]	[#_flagged_recs]	[#_flagged_recs]	[#_flagged_recs]	[#_flagged_recs]	[#_flagged_recs]	[#_flagged_recs]	[#_flagged_recs]	[#_flagged_recs]	[#_flagged_recs]	[#_flagged_recs]	[#_flagged_recs]	[#_flagged_recs]	[#_flagged_recs]	[#_flagged_recs]	[#_flagged_recs]	[#_flagged_recs]	[#_flagged_recs]	[#_flagged_recs]	[#_flagged_recs]	[#_flagged_recs]	[#_flagged_recs]	[#_flagged_recs]	[#_flagged_recs]	[#_flagged_recs]	[#_flagged_recs]	[#_flagged_recs]	[#]	[#]	[m+2s-2]	[m+2s-2]	[m+2s-2]	[K+2]	--	--	--	--	[m+1s-1K+1]	--	--	--	--	--	--	--	--	--	--	--	--	--	--	--	--	--	--	--	--	--	--	207
DATA	2025-11-24T233000_AIU-0547.ghg	2025-11-25	00:00:00	329	0	18000	18000	0.05361921533857044	1	NaN	33.830296262650265	1	NaN	-21.486416771002858	1	NaN	-8.052600426618671	1	NaN	-0.4799117400819628	1	NaN	0.011982350528003206	2	NaN	NaN	NaN	NaN	NaN	NaN	NaN	NaN	NaN	NaN	-2.833765969786069e-10	-4.10893900747213e-12	-1.4789912516096291e-12	NaN	17.844659568863303	437.0279489414869	439.8150002457138	0.1	1	258.74620049551453	6.336871872650724	6.37728390364363	0.1	1	0.09313435079571272	2.1119815792232823	2.1254502853532546	0	1	NaN	NaN	NaN	NaN	9	279.6811137144301	279.72553055826813	95853.06807052951	1.1909392359785123	1008.6830112605574	0.024262531266607105	-0.03109828075731119	0.004706451764942199	607.571541893356	970.2592254169449	0.00395188236541324	62.619506826360464	362.68768352358893	273.07255120792144	0.6053873071354081	0.18753120712292948	0.1459870287035245	0.650364480760916	-3.610094141163399e-14	-1.5880190702716658e-14	0.650364480760916	2.423676836512786	314.78855434205536	17.211445657944644	12.971688340953122	NaN	0.21218536462887896	0.24113737781984557	-23.879471223892548	-0.12144322513718026	-1.5744968843900569	0.132722962168817	0	94.86521439088227	-14.396162276155865	32.56415826644408	81.08935844019074	123.66638805237464	173.44386761485524	259.8505192978042	0.05268233365567361	1.0177836025454035	32.15110331321479	1.0180529996969754	-19.756851089367082	1.0875425782080532	-7.404400147612576	1.0875425782080532	-0.44128087460512555	1.0875425782080532	0.0020025395023270088	1.151814621930848	NaN	NaN	800000009	800000009	800000009	800000009	810010009	810110009	899999999	899999999	89999	89999	89	89	10	0	0	2	0	0	0	NaN	0	0	0	0	0	0	0	0	0	NaN	NaN	NaN	NaN	0	0	0	0	0	0	0	0	14919	0	0	0	18000	18000	18000	18000	100	NaN	0.25261498847832686	0.2023982245378559	0.02726154262350838	0.21446207637552225	18.650562953221613	0.12111189624357688	3.8907246122515174e-8	NaN	0.02676403389345254	-0.1807954751691538	-0.010774888419964402	0.0000020025395023270087	NaN	437.0267308958569	6.336751909386868	96244.47290082465	11.390760843753814	-0.10155222377450258	97.57060077624851	97.34745949978299	97.79374195586311	-0.44628508928500965	0.0002722645172131403	-1	0	2.106244475483896	79.74175928168827	1.0001103361116515	-273.1499938964844	9.00064357580079	-273.1499938964844	218
DATA	2025-11-25T000000_AIU-0547.ghg	2025-11-25	00:30:00	329.02	0	18000	18000	0.018811253200028147	1	NaN	13.771754739054453	1	NaN	0.15497770684785928	2	NaN	-0.3030845137187864	2	NaN	0.0034591447015879725	2	NaN	-0.0010197765242444385	0	NaN	NaN	NaN	NaN	NaN	NaN	NaN	NaN	NaN	NaN	4.508630145611832e-11	6.729555152635771e-13	2.313885256171734e-13	NaN	18.08464794456518	441.8614910010957	444.7950025281147	0.1	1	269.9304041991613	6.595198935117427	6.638984357683483	0.1	1	0.09281267012490166	2.0979956325438565	2.111924192730803	0	0	NaN	NaN	NaN	NaN	9	278.98680600653756	279.00623911624484	95860.06443229166	1.1939797648384767	1008.8125367054864	0.02419837589041985	0.00022415257666290062	0.004911300137880256	632.3857801658515	923.2460984046432	0.004113386409479614	68.49590604916777	290.8603182387917	273.6245935526532	0.8342518164500671	0.30948772796816715	0.15376201139749146	0.9029958489174034	2.784778582834538e-14	2.493070453697591e-15	0.9029958489174034	1.8819683968513374	311.646335250388	20.35366474961198	9.804091401732945	NaN	0.12551926319401907	0.10720969148552133	-12.144005779469454	-0.23880094037032767	88.86281142728551	0.09109015923518227	1	13.504830992895705	6	11	19	29	48	119	0.018551973370791997	1.0139758625162947	13.59590672586303	1.015680053852052	0.14269792148921287	1.0860544094160105	-0.2790693643808877	1.0860544094160105	0.003185056541916728	1.0860544094160105	-0.005214211648920432	1.1489824022154123	NaN	NaN	800000009	800000009	800000009	800000009	800000009	800000009	899999999	899999999	89999	89999	89	89	2	0	0	10	22	0	0	NaN	0	0	0	0	0	0	0	0	0	NaN	NaN	NaN	NaN	0	0	0	0	0	0	0	0	17802	17995	0	0	18000	18000	18000	18000	100	NaN	0.1157843019773965	0.08181798729094404	0.01681709370270209	0.03995991011869701	6.564417266236262	0.030303486322441387	2.8279073390626328e-8	NaN	0.011287577345211752	-0.006797870714547641	0.00007758502133871967	-0.000005214211648920432	NaN	441.861822477042	6.595168076831037	96253.40190972222	11.387427506658765	0.46520734150779425	97.5970641158775	97.36879977268643	97.82533512348598	-0.45654124933067286	0.00027145716505603764	-1	0	2.092047468430467	80.05431697066918	1.000117042321298	-273.1499938964844	9.00065381995837	-273.1499938964844	109
DATA	2025-11-25T003000_AIU-0547.ghg	2025-11-25	01:00:00	329.041	0	18000	18000	0.020579145522022883	0	NaN	11.186014732563047	0	NaN	5.62776097151438	0	NaN	-1.4055640190662708	1	NaN	0.1256406526725154	0	NaN	-0.003221241260840091	0	NaN	NaN	NaN	NaN	NaN	NaN	NaN	NaN	NaN	NaN	5.4963841466253746e-11	8.396607240227694e-13	2.812341010274196e-13	NaN	18.11663881169285	442.79346710778617	445.8090889760801	0.1	1	276.7606785785644	6.764379513257794	6.810447967968429	0.1	1	0.09269760798966528	2.0977612455802337	2.1120479393924785	0.1	0	NaN	NaN	NaN	NaN	9	279.22816387261287	279.23578951432967	95848.90898828126	1.1927829016367464	1008.9091806148789	0.02422110359447052	0.008141514293178997	0.005032558505932364	648.5323116048179	938.02614090413	0.00421917391591265	69.13797849809609	289.4938292993121	273.97359119757783	0.6779714492382198	0.32373254339260327	0.1509616926995421	0.7663142164258028	4.3521411631874397e-14	3.033887358331555e-15	0.7663142164258028	2.147273163720504	306.4754436859446	25.52455631405542	11.361413384360539	NaN	0.13135087392156386	0.11602660718597589	-17.13252115804907	-0.16926872427281633	1.9876492248307038	0.07076669958466608	1	10.231591182935388	5	8	14	23	39	100	0.020260368425725865	1.0157340226790865	11.325380134076974	1.01675894310993	5.17940285631502	1.0865655998649915	-1.293584132647781	1.0865655998649915	0.1156309869262625	1.0865655998649915	-0.006802797671352092	1.1501882237626686	NaN	NaN	800000009	800000009	800000009	800000009	800000009	800010009	899999999	899999999	89999	89999	89	89	2	2	0	9	10	0	0	NaN	0	0	0	0	0	0	0	0	0	NaN	NaN	NaN	NaN	0	0	0	0	0	0	0	0	16811	18000	0	0	18000	18000	18000	18000	100	NaN	0.132606303550725	0.07694384659869016	0.02250306422253662	0.06066263265947978	7.1252608071540875	0.04924649921322402	1.5591965605959734e-8	NaN	0.009411076616310417	-0.03154547810930826	0.002819789354847712	-0.000006802797671352092	NaN	442.79507485031576	6.764330038846052	96244.80034071181	11.380000114440918	0.8119836165008837	97.56687395773994	97.3362716017829	97.79747695202298	-0.46120762249910185	0.00027126260181830724	-1	0	2.0916644156111612	79.97534114769006	1.0000851901123922	-288.97699456108916	9.00064511876636	-273.1499938964844	051
DATA	2025-11-25T010000_AIU-0547.ghg	2025-11-25	01:30:00	329.062	0	18000	18000	0.02984147281648953	1	NaN	9.294638222343954	1	NaN	5.963718074255797	2	NaN	-1.89200227423285	1	NaN	0.1331620933992371	2	NaN	-0.0027232519697237972	1	NaN	NaN	NaN	NaN	NaN	NaN	NaN	NaN	NaN	NaN	1.9412512599669885e-10	2.898484305805518e-12	1.0034475381901919e-12	NaN	17.942374736975616	438.8104463156791	441.7044423220588	0.1	1	267.8977866311319	6.551883406845229	6.595093691770932	0.1	1	0.09274549941263265	2.10029536602028	2.1141470107395754	0	0	NaN	NaN	NaN	NaN	9	279.3786630944146	279.4023363384671	95810.43703298611	1.1916894207126136	1008.7953557558611	0.02424528158156984	0.008628903652270564	0.004869604859693859	627.9071968903295	948.8799587665919	0.004086303675316596	66.17351236994392	320.97276187626244	273.52639420466943	0.5425545889768602	0.12643825660049798	0.1094877509322517	0.5677496652190048	1.1370882247616785e-14	1.081936637944843e-14	0.5677496652190048	1.961759094725935	318.88178396381664	13.118216036183341	11.118868773213462	NaN	0.15824448560360582	0.15125858042632662	-36.04230230790938	-0.08046100871207673	1.5585307867699325	0.04885823198318153	1	4.6731795979721324	2	4	7	11	20	58	0.02926418235785934	1.0197268610334214	9.455161605373423	1.0193001081183943	5.477892395929351	1.0886884303692175	-1.7378730419604045	1.0886884303692175	0.1223142358131578	1.0886884303692175	-0.00576632156969308	1.1534812300589437	NaN	NaN	800000009	800000009	800000009	800000009	800010009	810111009	899999999	899999999	89999	89999	89	89	11	11	8	28	0	0	0	NaN	0	0	0	0	0	0	0	0	0	NaN	NaN	NaN	NaN	0	0	0	0	0	0	0	0	15710	606	0	0	18000	18000	18000	18000	100	NaN	0.18442062082033178	0.09516676982102903	0.022929770211292364	0.11796361021795335	23.41071393896613	0.10747669775126348	2.5488274428261643e-8	NaN	0.007865073726713067	-0.0424131820188882	0.002985106404086146	-0.00000576632156969308	NaN	438.80920545458383	6.551776866090512	96210.34246354166	11.385905249595643	0.35712413222159306	97.56930584165785	97.34106950675117	97.79754534361098	-0.4564756848480961	0.0002718123017823221	-1	0	2.0943934672673548	79.11624829620783	1.0000745355569653	-372.59362307230384	9.000616399606068	-273.1499938964844	084
DATA	2025-11-25T013000_AIU-0547.ghg	2025-11-25	02:00:00	329.083	0	18000	18000	0.11196841355459673	1	NaN	-57.132475508106516	1	NaN	-13.80334468898751	1	NaN	-2.520053066867353	0	NaN	-0.3085323828567816	1	NaN	-0.008324880693434117	0	NaN	NaN	NaN	NaN	NaN	NaN	NaN	NaN	NaN	NaN	3.024975361812735e-10	4.2642465605530585e-12	1.5918691373535784e-12	NaN	17.662062284654148	433.23664372441493	435.89878628443336	0.1	1	248.978518305938	6.107249305992049	6.144776991005846	0.1	1	0.09294519290269218	2.1150172466428083	2.1280135559555595	0.9	0	NaN	NaN	NaN	NaN	9	280.48994642130555	280.4953747829863	95767.56722070313	1.1867144748667098	1008.5706512441684	0.024351026277731377	-0.019992898409119445	0.004519424895050271	585.0332953503258	1022.9057249233763	0.003808350694936865	57.19327608555026	437.87242957305045	272.553554426973	-0.01142988367032791	0.1420922874328082	0.10780122714195763	0.17872315172332867	-6.844054206306473e-14	1.7126965770248776e-14	0.17872315172332867	2.8503627263992515	237.40103777870192	94.59896222129808	37.097586135297895	NaN	0.3071670611596538	0.3540872261608384	42.868453236350526	0.06764881354620302	4.139031285199127	-0.1554017243790353	0	73.78527082439477	-11.197199512998612	25.328095786066815	63.07053973264362	96.18655260421951	134.9030076721418	202.10928803941943	0.1094294830612544	1.0232015214027936	-56.6843669380974	1.0227738408117313	-12.285777636293492	1.123522262702441	-2.242993441719433	1.123522262702441	-0.27461172163572406	1.123522262702441	0.010237492531354352	1.2242086858941617	NaN	NaN	800000009	800000009	800000009	800000009	800000009	800110009	899999999	899999999	89999	89999	89	89	26	14	8	26	9	0	0	NaN	0	0	0	0	0	0	0	0	0	NaN	NaN	NaN	NaN	0	0	0	0	0	0	0	0	15759	0	0	0	18000	18000	18000	18000	100	NaN	0.17243728561387445	0.4286562319127251	0.10708093479507719	0.9991591598494609	46.21456359108057	0.28368176541501533	2.640499393949139e-8	NaN	-0.047359895421763436	-0.05495490557643133	-0.00672817893801054	0.000010237492531354352	NaN	433.2342439909307	6.1069698060602216	96170.07862890625	11.390000343322754	-0.6462173315619076	97.53474126942953	97.31118521033395	97.7582978125678	-0.447112811527318	0.00027242293697781855	-1	0	2.1095168406764673	78.38289063715027	1.0001269953880045	-273.1499938964844	9.000711910777621	-273.1499938964844	232
DATA	2025-11-25T020000_AIU-0547.ghg	2025-11-25	02:30:00	329.104	0	18000	18000	0.06879232815149362	1	NaN	-20.386877302658995	0	NaN	11.307891465674388	0	NaN	2.1747868889037383	0	NaN	0.2529469074557734	0	NaN	-0.004878603566943803	1	NaN	NaN	NaN	NaN	NaN	NaN	NaN	NaN	NaN	NaN	-2.5397363930923536e-10	-3.3594972434882916e-12	-1.3589791293789458e-12	NaN	17.393124446925462	428.2388770048275	430.67851249609606	0.1	1	230.07172631781913	5.66463248219448	5.69690334593579	0.1	1	0.09306829315967874	2.125173666473334	2.1372805754445605	0.6	0	NaN	NaN	NaN	NaN	9	281.2267904747858	281.2942542249891	95765.3983969184	1.1835158971181097	1008.3431820362632	0.024420933539413072	0.016390959603134116	0.004179884397677485	542.6212998166108	1080.186826870393	0.003531751798058316	50.23402307068846	537.5655270537821	271.5269304451283	-0.42553707644965866	0.1413305191882271	0.116660341195613	0.4633203581704834	6.283554180473048e-14	-1.460195608237194e-14	0.4633203581704834	3.3835436165483506	170.37249796815973	161.62750203184027	14.583576529924441	NaN	0.24109208671305096	0.2498977213724243	58.084860734999204	0.04992695107302885	-1.8028893684153475	-0.0708574128514978	0	71.31990298035294	-10.823070431215248	24.481814784396548	60.96318037994454	92.9726966249679	130.39552896448802	195.35626356519285	0.06792905690587131	1.0127084238313295	-19.495505666025917	1.016582465726301	10.18831431103128	1.1098883603768384	1.959464543051282	1.1098883603768384	0.227903018435017	1.1098883603768384	0.0010605081611327958	1.2015769227551119	NaN	NaN	800000009	800000009	800000009	800000009	800000009	810100009	899999999	899999999	89999	89999	89	89	27	9	4	12	1	0	0	NaN	0	0	0	0	0	0	0	0	0	NaN	NaN	NaN	NaN	0	0	0	0	0	0	0	0	12071	0	0	0	18000	18000	18000	18000	100	NaN	0.15776340227969057	0.2702152304880421	0.07181680997711597	0.4478873700137876	5.596935870875242	0.08699992395491965	1.6180989512222827e-8	NaN	-0.016336237636095926	0.04812463487289595	0.005597319730795979	0.0000010605081611327958	NaN	428.2383089343721	5.664546092912009	96166.76410047742	11.390000343322754	-1.6429463193209155	97.46532216220433	97.24548864746093	97.68515736961365	-0.4396660024126371	0.0002740402377983426	-1	0	2.1200479357242585	77.59185628000898	1.0001214086711407	-273.1499938964844	9.00072509238455	-273.1499938964844	171
DATA	2025-11-25T023000_AIU-0547.ghg	2025-11-25	03:00:00	329.124	0	18000	18000	0.14836186463471868	1	NaN	-86.69272330059373	2	NaN	80.45646039107758	2	NaN	17.262888746238062	2	NaN	1.799555680319224	2	NaN	-0.02989884785597847	1	NaN	NaN	NaN	NaN	NaN	NaN	NaN	NaN	NaN	NaN	-1.3086809934031103e-9	-1.768098394523649e-11	-6.98368198139279e-12	NaN	17.446931848666004	430.1702158665399	432.6849073961045	0	0	235.71743111186052	5.811830934196504	5.845805769000083	0.1	1	0.09310429676622153	2.125122826997152	2.137545882279045	0	1	NaN	NaN	NaN	NaN	9	281.0626259596082	281.18970103285056	95756.06674956597	1.1837745551254162	1008.4216238167284	0.024414235606619837	0.11661120808468571	0.004289677420833885	556.6673509533963	1072.5328308469816	0.0036237283545762734	51.902126904012334	515.8654798935853	271.8745718825517	-0.1488627303148466	0.0023739424437812747	0.08097745631386874	0.1694788969477449	7.48282366493017e-14	-7.50092339876465e-14	0.1694788969477449	2.7042709324951804	152.91362931489888	179.08637068510126	28.54198394088755	NaN	0.3540190571753728	0.22753876393449143	43.245548773628	0.0670589247272653	-1.077511027445196	-0.20513740348095438	0	81.1123425866675	-12.309110920947274	27.84324241835203	69.33361047214366	105.73813065797559	148.2992317032585	222.17927274966152	0.14483952518754062	1.024318910481219	-80.70826578574295	1.0231015115989803	71.67977377795559	1.1224430010104351	15.379746437634541	1.1224430010104351	1.6032490546952003	1.1224430010104351	-0.005515282114037525	1.2218032702964214	NaN	NaN	800000009	800000009	800000009	800000009	800000009	800110009	899999999	899999999	89999	89999	89	89	4	11	3	1	5	0	0	NaN	0	0	0	0	0	0	0	0	0	NaN	NaN	NaN	NaN	0	0	0	0	0	0	0	0	10064	0	0	0	18000	18000	18000	18000	100	NaN	0.19884393499961767	0.14397412500661694	0.11225946786274826	0.3519921507002171	10.497006652063492	0.13992040383569357	1.3020198838652526e-8	NaN	-0.06760936625529236	0.3776803562656355	0.039370979008998344	-0.000005515282114037525	NaN	430.1691150936546	5.811692430189032	96155.21678559028	11.392572934627534	-1.3043968378699826	97.40248710780673	97.1811085311042	97.62386769082812	-0.4427588187588588	0.0002740525025971389	-1	0	2.1198675315512556	78.30419684918732	1.000129358753562	-273.1499938964844	9.00079907125897	-273.1499938964844	185
DATA	2025-11-25T030000_AIU-0547.ghg	2025-11-25	03:30:00	329.145	0	18000	18000	0.09346626990667842	1	NaN	-78.7067562333759	1	NaN	65.37873307991265	1	NaN	14.81613973545496	1	NaN	1.4622258489640438	1	NaN	-0.033708955220681534	1	NaN	NaN	NaN	NaN	NaN	NaN	NaN	NaN	NaN	NaN	5.154575751208308e-10	7.308400305325469e-12	2.7351234909554207e-12	NaN	17.537250372848252	432.44770462074104	435.11559293068666	0.1	1	248.6513966730407	6.131447259741318	6.169273836903192	0.1	1	0.09305624318412609	2.123715320963056	2.136817102329704	0	1	NaN	NaN	NaN	NaN	9	281.09426124233664	281.12603768327494	95741.80833789063	1.183722929807605	1008.5951123374981	0.024412343132793626	0.09475223501287004	0.004525935135051158	587.1933145280796	1067.8957088159336	0.0038234750895522274	54.986016862934164	480.7023942878541	272.60405432059434	-0.1025403543593237	-0.01656902925544969	0.08617222197357159	0.13496187921954342	9.816544252035354e-14	2.939215465149994e-14	0.13496187921954342	2.7142249446484623	142.82117293054944	189.17882706945056	39.67954163935475	NaN	0.2809974801118159	0.16094168902231404	23.81855024350696	0.12175384187333368	-1.2038586941899343	-0.2346079199894882	0	74.63036526249394	-11.325445854375372	25.61818935944937	63.792913747680075	97.28821855621173	136.44810983403406	204.42413263241139	0.09104215336626714	1.026626309360884	-73.47592740866403	1.0266381378066938	57.17691201177217	1.1434463803580683	12.957441634311975	1.1434463803580683	1.278788296575962	1.1434463803580683	-0.009990016331829952	1.2601403326850111	NaN	NaN	800000009	800000009	800000009	800000009	800000019	810110019	899999999	899999999	89999	89999	89	89	2	3	1	6	0	0	0	NaN	0	0	0	0	0	0	0	0	0	NaN	NaN	NaN	NaN	0	0	0	0	0	0	0	0	16161	0	0	0	18000	18000	18000	18000	100	NaN	0.08146567902492716	0.15332074029011727	0.08709695872958363	0.20608785847397512	9.03205841584885	0.1279193425556527	2.2942408195873807e-8	NaN	-0.061542928307669574	0.3182735120161851	0.03141086441004354	-0.000009990016331829951	NaN	432.44679812737513	6.131320660919247	96138.58411024306	11.399999618530273	-0.5711274567339586	97.37021447266474	97.14638109249537	97.5940528740353	-0.4476765008577043	0.00027421492915083136	-1	0	2.118174926261107	78.50584106275772	1.0000883536272578	-346.4709969753801	9.000681219445335	-273.1499938964844	015
DATA	2025-11-25T033000_AIU-0547.ghg	2025-11-25	04:00:00	329.166	0	18000	18000	0.09876558898625955	1	NaN	-30.525343886654795	1	NaN	45.133122407359345	1	NaN	7.1324863534838645	1	NaN	1.0100890997268048	1	NaN	-0.01756837121189268	1	NaN	NaN	NaN	NaN	NaN	NaN	NaN	NaN	NaN	NaN	-8.444704414796124e-11	-1.1579272531928874e-12	-4.533336878345099e-13	NaN	17.321979284594825	427.86778527706235	430.3928438320811	0.2	0	237.51680233747084	5.866869282807858	5.901492568279416	0.1	1	0.0929888882305887	2.128655845209195	2.141218091860121	0	1	NaN	NaN	NaN	NaN	9	281.83555746629503	281.8160955946181	95740.01851888021	1.1809207861715638	1008.4631512561159	0.024472723684627287	0.06545377366229695	0.004319951781828639	561.8448422999699	1119.1137862917394	0.0036581215543114655	50.204442942453724	557.2689439917696	272.00075639870664	-0.3505295138498821	0.12681659221494243	0.10914463002117564	0.38841464751387245	1.8092422474457755e-14	-4.8751382714712975e-15	0.38841464751387245	2.789506742976827	171.88940322316662	160.11059677683338	16.31991442506943	NaN	0.28919610904875864	0.3086493903719159	66.94494032094404	0.04331918119721919	-0.6763401745427959	-0.0886313407053049	0	78.43105666459365	-11.902215437805276	26.922843727592387	67.04168759386067	102.24280365694977	143.39698588542322	214.83481520839712	0.09738392541896713	1.0141877990782173	-27.68493127179247	1.0169679506876517	40.75996367508942	1.107290545377561	6.441386484567019	1.107290545377561	0.9122168557687697	1.107290545377561	-0.009290041186357513	1.1966461033146014	NaN	NaN	800000009	800000009	800000009	800000009	800000019	800000019	899999999	899999999	89999	89999	89	89	17	3	2	0	5	0	1	NaN	0	0	0	0	0	0	0	0	0	NaN	NaN	NaN	NaN	0	0	0	0	0	0	0	0	13617	0	0	0	18000	18000	18000	18000	100	NaN	0.22795950600533518	0.30785913154009104	0.08148014319840556	0.20590388150585953	7.482555707467012	0.08214031874421465	3.892074965178399e-8	NaN	-0.023246771606208295	0.15856882368741795	0.022456214064107957	-0.000009290041186357514	NaN	427.867177024525	5.866787659949044	96136.7048062066	11.399999618530273	-1.1678183943999418	97.339339474784	97.11650112660726	97.56219023980034	-0.44568049863560333	0.00027459493735578784	-1	0	2.123344290117423	78.41832345284355	1.0000692355963918	-413.25124977959337	9.000621308750576	-273.1499938964844	171
DATA	2025-11-25T040000_AIU-0547.ghg	2025-11-25	04:30:00	329.187	0	18000	18000	0.08274077623430631	1	NaN	-27.336951884904252	1	NaN	19.517629451622145	1	NaN	5.218740764017261	1	NaN	0.436924426141376	1	NaN	-0.0014793219502012309	1	NaN	NaN	NaN	NaN	NaN	NaN	NaN	NaN	NaN	NaN	2.3790591060589634e-10	3.293890572915399e-12	1.2875588158438644e-12	NaN	17.23274561252774	426.1849324615043	428.7146401530914	0.2	0	238.59339254746322	5.900679507198181	5.935704195304202	0.1	1	0.09326449047901395	2.137682854978977	2.1503715080695054	-0.5	0	NaN	NaN	NaN	NaN	9	282.0381512993706	282.0929843699138	95754.08475520833	1.179919865053876	1008.4867675172761	0.02449316995768052	0.028312702813961164	0.0043412202963224586	565.1657247143435	1140.2663168798354	0.0036792501125694965	49.56436196947684	575.1005921654919	272.0811506889205	-0.4074632202197777	0.19093878415893512	0.09271936353218554	0.459435278904181	3.430086802126269e-15	1.3805455958970648e-14	0.459435278904181	3.2046487673197865	177.1079634939992	154.8920365060008	11.642915834328456	NaN	0.26480948639877494	0.26195899608883977	57.39864979428093	0.05052383654308449	-1.400628695849753	-0.08675486379769397	0	86.35486095451895	-13.10468330903404	29.642829326383758	73.81483632283702	112.5722828286445	157.88422729516714	236.539342761219	0.0816975720783722	1.0127690961848093	-25.90968701507947	1.016620270604585	17.583985642874662	1.1099661844600646	4.701711490927881	1.1099661844600646	0.3936376010895457	1.1099661844600646	0.005697584247048637	1.201722391988598	NaN	NaN	800000009	800000009	800000009	800000009	800000009	810000019	899999999	899999999	89999	89999	89	89	15	25	8	1	0	2	1	NaN	0	0	0	0	0	0	0	0	0	NaN	NaN	NaN	NaN	0	0	0	0	0	0	0	0	15008	0	0	0	18000	18000	18000	18000	100	NaN	0.21013742475021285	0.2600727921946291	0.05370777523283754	0.18214218548799782	5.922289540879951	0.06664441244835353	1.0415487648418547e-8	NaN	-0.021774061724467726	0.11584355770283648	0.009698676799674006	0.000005697584247048637	NaN	426.18440243360334	5.900613116875168	96151.02256944444	11.399999618530273	-1.0846639626003396	97.2881054579417	97.06572265964084	97.51048851776122	-0.44476219442155573	0.00027473978915723926	-1	0	2.132321883764531	78.38601393424139	1.000069152954552	-412.84749976264	9.000621028926638	-273.1499938964844	108
DATA	2025-11-25T043000_AIU-0547.ghg	2025-11-25	05:00:00	329.208	0	18000	18000	0.0585043886173263	1	NaN	10.939834155847473	1	NaN	6.925735056213042	0	NaN	-0.356669288621416	0	NaN	0.1549417019120341	0	NaN	-0.004394254067872504	0	NaN	NaN	NaN	NaN	NaN	NaN	NaN	NaN	NaN	NaN	-3.7333420480843677e-10	-5.350278216853564e-12	-2.0025809621820592e-12	NaN	17.40915920462971	430.0575918069716	432.7245532763362	0.1	1	249.49186028657488	6.1631849849332205	6.201405393540171	0.1	1	0.09338348948946924	2.134140460574936	2.1473751307377174	-0.1	0	NaN	NaN	NaN	NaN	9	281.43284336683485	281.4261013912625	95745.12026866319	1.182487494048818	1008.6179009929692	0.024437554628387172	0.01004022228389981	0.004544668933543064	590.2531743273865	1089.907563971575	0.0038433124717304127	54.1562600204856	499.6543896441884	272.67531093674745	-0.262800843762122	0.049945534344362386	0.11063643627928064	0.2894810199574193	-2.1704516499577296e-14	-2.144470048324643e-14	0.2894810199574193	2.321822396837098	162.7607812719971	169.2392187280029	22.469335019472112	NaN	0.222431322717702	0.19054607257091516	-84.99873686431114	-0.03411815406891815	1.5795917786420957	0.041237427567593965	0	76.93067538846586	-11.674526790644874	26.407811387766348	65.75918424552512	100.28690512963912	140.65381039059687	210.72503844512465	0.05660736575062939	1.033511943923584	11.027690415142338	1.0283479041114036	6.302294694410089	1.0989227562392347	-0.32456265610698604	1.0989227562392347	0.14099417000179346	1.0989227562392347	-0.007846422428162391	1.1665455440892156	NaN	NaN	800000009	800000009	800000009	800000009	800000009	800100009	899999999	899999999	89999	89999	89	89	23	4	2	3	6	0	0	NaN	0	0	0	0	0	0	0	0	0	NaN	NaN	NaN	NaN	0	0	0	0	0	0	0	0	13209	0	0	0	18000	18000	18000	18000	100	NaN	0.09271386119990031	0.23779231375953627	0.05058597018239372	0.12206254041324352	8.40291475278055	0.08627664377967167	1.4428729322585973e-8	NaN	0.009246158572573195	-0.007980717470829101	0.003466925768094062	-0.000007846422428162392	NaN	430.05737184984116	6.163099277734129	96138.06106901042	11.390761399269104	-0.4933150434008758	97.29734673394097	97.07252141910129	97.52217273373074	-0.44965094816684725	0.0002744668311627013	-1	0	2.1285422319438725	78.21266894806763	1.000050835730301	-382.36437348259904	9.000518269353442	-273.1499938964844	179
DATA	2025-11-25T050000_AIU-0547.ghg	2025-11-25	05:30:00	329.229	0	18000	18000	0.034263836717944376	1	NaN	12.462139321732224	1	NaN	-8.546869439641792	1	NaN	-3.07454649162549	1	NaN	-0.19120516627610987	1	NaN	0.006677566743940224	1	NaN	NaN	NaN	NaN	NaN	NaN	NaN	NaN	NaN	NaN	-1.1844547756223444e-10	-1.7943259673917932e-12	-6.311012262458565e-13	NaN	17.497880525094097	432.1861754925441	435.0344205345867	0.1	1	265.0747166264639	6.547171689409238	6.590319643603999	0.1	1	0.09323221184437473	2.1308003146238947	2.144842969793958	0	1	NaN	NaN	NaN	NaN	9	281.3925887993706	281.4022528584798	95746.38913758681	1.1824312696521395	1008.8276124242741	0.024435159919226256	-0.012390094774691919	0.004828289900888976	627.0361990427879	1088.1435832126444	0.004083357760243786	57.624398904372605	461.1073841698566	273.5072243206642	0.07244604724029403	-0.07349234046834745	0.08938354873777896	0.13652462288252792	5.1089078999547005e-15	-6.769132832537585e-15	0.13652462288252792	1.5414893106219567	17.41077032541125	314.58922967458875	40.897393827926535	NaN	0.17022762611158052	0.08443068567479717	-33.44753303345102	-0.0867029564512186	-1.458094031942358	0.061371917485974974	1	0.17619282119100688	1	1	2	NaN	NaN	NaN	0.032312905553271806	1.0603762221709285	11.4893173050056	1.0463368747612831	-7.622207416461804	1.1213115797902562	-2.741919861561218	1.1213115797902562	-0.17051921136128392	1.1213115797902562	0.0027470698140566662	1.194045327872571	NaN	NaN	800000009	800000009	800000009	800000009	800000009	800010009	899999999	899999999	89999	89999	89	89	0	0	1	10	12	0	0	NaN	0	0	0	0	0	0	0	0	0	NaN	NaN	NaN	NaN	0	0	0	0	0	0	0	0	15807	0	0	0	18000	18000	18000	18000	100	NaN	0.04220835401117038	0.09892933623476051	0.027723681103663435	0.029398113063579114	5.305730298664837	0.09311118466830036	2.7014820094805082e-8	NaN	0.009631664729908443	-0.06744091599926655	-0.004194131262147674	0.0000027470698140566664	NaN	432.185628580182	6.54707927847977	96144.17842252603	11.39514466020796	0.3396189608878485	97.272360859553	97.0455109869639	97.49920971955194	-0.4536985932870042	0.0002746392034573041	-1	0	2.124857894811366	78.50472873030768	1.0000867048766877	-329.9979962836374	9.000663543568717	-273.1499938964844	107
DATA	2025-11-25T053000_AIU-0547.ghg	2025-11-25	06:00:00	329.249	0	18000	18000	0.07507479172225275	1	NaN	-25.092496333393058	1	NaN	34.97772642778389	1	NaN	7.757079947354211	1	NaN	0.7829207318911983	1	NaN	-0.016252146190539805	1	NaN	NaN	NaN	NaN	NaN	NaN	NaN	NaN	NaN	NaN	3.2119178066073194e-10	4.759881775993612e-12	1.7238032486097691e-12	NaN	17.41444411244939	430.7398585200149	433.5070740912613	0.1	1	258.07228005458455	6.383322756721297	6.424331337142395	0.1	1	0.09346153027957474	2.1414220607053482	2.1551792655559856	0.2	0	NaN	NaN	NaN	NaN	9	282.01486006164555	281.9652355126276	95729.18787890625	1.179931657872669	1008.7481942596183	0.02448844516488935	0.050733263426549643	0.00469721443204994	611.2342166100657	1130.4637371421275	0.003980920759867292	54.06933424996881	519.2295205320618	273.1552768902617	-0.37474465911930066	0.16481679096255056	0.08526763162271662	0.4181730540389539	3.59675149900166e-14	1.8443986990725447e-14	0.4181730540389539	2.843803972222552	175.74041724980657	156.25958275019343	11.765414005366859	NaN	0.2522427202172964	0.20828436033180153	54.0400433725811	0.05366390955695282	-0.7173850017153005	-0.08357677411304817	0	81.46839714357887	-12.363143573625846	27.965464425830728	69.63796055214964	106.20228373332088	148.95021299106907	223.15456134312367	0.07407616078263682	1.0134811379135351	-22.875675471595905	1.017035802439473	31.492604877304384	1.1106647596811248	6.9841776105161495	1.1106647596811248	0.704911833266392	1.1106647596811248	-0.009040376085875417	1.2029969384188894	NaN	NaN	800000009	800000009	800000009	800000009	800000009	801100009	899999999	899999999	89999	89999	89	89	11	22	9	0	0	0	0	NaN	0	0	0	0	0	0	0	0	0	NaN	NaN	NaN	NaN	0	0	0	0	0	0	0	0	16112	0	0	0	18000	18000	18000	18000	100	NaN	0.20739021291677637	0.1528080695627257	0.056370438184101035	0.2364247744972173	14.962098524531603	0.16602042994062827	6.503612441190547e-8	NaN	-0.019219155601878563	0.17213071105429342	0.017373122772254706	-0.000009040376085875417	NaN	430.7384618918855	6.383158866760061	96123.83754448785	11.40999984741211	-0.02310145703028173	97.24664598549737	97.02041416761611	97.47287377166748	-0.45244952676528033	0.0002753043996441799	-1	0	2.1356226036548613	77.30311517122057	1.0001512551605702	-273.1499938964844	9.000932197332382	-273.1499938964844	082
DATA	2025-11-25T060000_AIU-0547.ghg	2025-11-25	06:30:00	329.27	0	18000	18000	0.08733435397073296	1	NaN	1.0500809967745324	2	NaN	1.6705981744869745	1	NaN	-0.3047307416483292	2	NaN	0.03740852400557758	1	NaN	-0.002451534960283098	1	NaN	NaN	NaN	NaN	NaN	NaN	NaN	NaN	NaN	NaN	-8.600953672326819e-11	-1.2551604479041284e-12	-4.66592657693251e-13	NaN	17.262788438269673	427.57620544494415	430.2609196892907	0.1	1	251.9205438574469	6.239735289659296	6.278914051245591	0.1	1	0.09364880504500536	2.1496609624835172	2.163158498906269	0	1	NaN	NaN	NaN	NaN	9	282.4236206461589	282.38030500793457	95729.23752322048	1.1782620174681264	1008.6773910863808	0.02452448088564894	0.002424072355561427	0.004584807824086849	597.4853277611209	1162.5875283018872	0.0038911615210501125	51.392717814015015	565.1022005407664	272.84243786350277	-0.5548281272244576	0.4900038107569711	0.11205496977432758	0.7486616736329574	1.1514593270636855e-14	-4.982366379037274e-15	0.7486616736329574	3.4947519389571204	193.44975911153216	138.55024088846784	8.60801802050949	NaN	0.2722523373957342	0.2865474027625519	-1623.6372247764975	-0.0017861132744102985	0.6285658710820767	0.0032453161999233416	0	81.3975468785159	-12.35239177256047	27.941143822545907	69.57739881119788	106.1099232571532	148.82067611000087	222.96049149057328	0.08595845100109886	1.0160066049772873	1.1249580930325627	1.016929220556902	1.5373472817580132	1.0866758567241774	-0.28042469128462166	1.0866758567241774	0.03442473095734996	1.0866758567241774	-0.002715544905531558	1.1503941640578539	NaN	NaN	800000009	800000009	800000009	800000009	800000009	811000009	899999999	899999999	89999	89999	89	89	26	16	3	0	0	6	0	NaN	0	0	0	0	0	0	0	0	0	NaN	NaN	NaN	NaN	0	0	0	0	0	0	0	0	16203	0	0	0	18000	18000	18000	18000	100	NaN	0.16407707708908523	0.34320619645096906	0.06581153198504952	0.13205923117316104	6.575697791038519	0.013390945841675158	1.775463721143621e-8	NaN	0.000946546992574254	-0.006920463424199269	0.0008495510519665332	-0.000002715544905531558	NaN	427.57603160841865	6.239722243811896	96124.4140874566	11.404094712257383	-0.3144580347732993	97.21324074088201	96.98702486313712	97.43945485835606	-0.45243172650287555	0.00027538262715097526	-1	0	2.1439654422601064	76.79044854058162	1.0001520331998666	-273.1499938964844	9.000949733522203	-273.1499938964844	117
DATA	2025-11-25T063000_AIU-0547.ghg	2025-11-25	07:00:00	329.291	0	18000	18000	0.03311191115342645	0	NaN	0.8863675223038493	2	NaN	4.452495554723935	0	NaN	-0.009180503110301549	2	NaN	0.0997410117714671	0	NaN	0.0008793800595625109	2	NaN	NaN	NaN	NaN	NaN	NaN	NaN	NaN	NaN	NaN	-7.261800070836656e-11	-1.1170775796583907e-12	-3.952231091714562e-13	NaN	17.154941737150352	425.59063356244957	428.39526482482535	0.1	1	263.8932579798874	6.546830678725196	6.589974123488859	0.1	1	0.09336568543439111	2.1475188902982993	2.1616709842150685	0	1	NaN	NaN	NaN	NaN	9	282.86935146840415	282.79364695146353	95716.69181054688	1.1762487073614718	1008.8531749152494	0.024563598430753522	0.0064632175627910675	0.004802793498865894	626.809064219219	1195.3742551854498	0.004083144549964596	52.436219158992685	568.5651909662308	273.50222140990894	-0.4675641398368734	0.5443782420365199	0.12789717896848785	0.7289180911818983	2.3737644312459707e-14	-4.2330660063453714e-15	0.7289180911818983	3.440805415559368	201.34085972718086	130.65914027281914	10.10552503333047	NaN	0.16778090957197858	0.29178415050238976	-450.18936490282164	-0.006441733692722832	0.19907207349448014	0.004451887343482238	1	6.392918178463682	3	6	10	18	34	113	0.032579992800779306	1.0163265337687375	1.1144499936874226	1.0171300026331729	4.096830945665443	1.086814568083361	-0.008447166039089554	1.086814568083361	0.091773716235111	1.086814568083361	0.00025084403764647563	1.1506399216636616	NaN	NaN	800000009	800000009	800000009	800000009	800000019	810101019	899999999	899999999	89999	89999	89	89	30	18	2	6	5	0	0	NaN	0	0	0	0	0	0	0	0	0	NaN	NaN	NaN	NaN	0	0	0	0	0	0	0	0	17603	0	0	0	18000	18000	18000	18000	100	NaN	0.1689758298344581	0.3344034560141686	0.08018901515615282	0.05942317726063073	2.303624236512227	0.030286214581509655	2.4286516198498815e-8	NaN	0.0009391467541370682	-0.00020886053580925743	0.002269152453896594	2.5084403764647563e-7	NaN	425.590410879489	6.54679985945539	96113.53935134549	11.399999618530273	0.3434001215858588	97.17694844267103	96.9518994931115	97.40200051985846	-0.4501064130225114	0.00027572773249832813	-1	0	2.141552584793833	76.65050524902345	1.000139980417159	-273.1499938964844	9.000872551494174	-273.1499938964844	074
DATA	2025-11-25T070000_AIU-0547.ghg	2025-11-25	07:30:00	329.312	1	18000	18000	0.10421223017614209	1	NaN	3.7076325789058955	1	NaN	8.819811466620568	0	NaN	-0.9501016993074627	1	NaN	0.19757807384632253	0	NaN	0.0014841382482421981	1	NaN	NaN	NaN	NaN	NaN	NaN	NaN	NaN	NaN	NaN	1.1654568975370954e-10	1.882764707812804e-12	6.324471096256413e-13	NaN	17.1742848355104	426.3622766978358	429.31932928005955	0.1	1	277.44601656702974	6.887769500577796	6.935539900776404	0.1	1	0.09319801381809843	2.1442034390189364	2.159074647525634	0	0	NaN	NaN	NaN	NaN	9	282.91318172370063	282.81571892462836	95707.27290690104	1.1758891797155953	1009.040324537427	0.024567933195908834	0.012803059185241699	0.005052016689287219	659.3864613179934	1197.147709666239	0.004296337423998678	55.07979140701261	537.7612483482457	274.2038983260573	-0.5917717627615641	0.5143213130779356	0.10160471439754588	0.7905970846619458	2.1934319581340845e-14	6.786057810846011e-15	0.7905970846619458	4.702259237448735	192.9945933025269	139.0054066974731	7.383870852833047	NaN	0.2976981583444735	0.3697760918663029	-601.183562042671	-0.004823817853812448	0.42037549135123703	0.010496526949921921	0	78.9824735118156	-11.985895071751017	27.11212728742003	67.51303042127579	102.96163120870324	144.40515174752824	216.34523138170363	0.10263390808678456	1.0153781739269145	4.133486540983085	1.0165377302041052	8.118151913662144	1.0864309464051285	-0.8745164176805132	1.0864309464051285	0.18185976246358318	1.0864309464051285	-0.00035494008044069527	1.1499263049539536	NaN	NaN	800000009	800000009	800000009	800000009	800000109	811001109	899999999	899999999	89999	89999	89	89	19	23	3	1	7	6	0	NaN	0	0	0	0	0	0	0	0	0	NaN	NaN	NaN	NaN	0	0	0	0	0	0	0	0	16407	0	0	0	18000	18000	18000	18000	100	NaN	0.24636474385992263	0.4083451214830739	0.08484231838960916	0.06757606761626547	5.117429635301572	0.024932986830724486	4.891802218462897e-9	NaN	0.0034837069211956662	-0.021634111673419495	0.004498914291939622	-3.5494008044069525e-7	NaN	426.36206493995485	6.887742929521162	96102.47300217014	11.38152118783527	1.045791249851381	97.158398519516	96.93339939859177	97.38339607408312	-0.4499857042605677	0.0002759237835885466	-1	0	2.13793880567948	76.77283485349021	1.0001326817307208	-273.1499938964844	9.000837616099252	-273.1499938964844	204
DATA	2025-11-25T073000_AIU-0547.ghg	2025-11-25	08:00:00	329.333	1	18000	18000	0.1569511413050018	1	NaN	-8.640811608971271	1	NaN	4.490266980711995	1	NaN	3.429629799058817	1	NaN	0.10060182717291918	1	NaN	0.0012820381083368272	1	NaN	NaN	NaN	NaN	NaN	NaN	NaN	NaN	NaN	NaN	9.256543355336713e-12	1.5605493243322325e-13	5.030821797300832e-14	NaN	17.14762058839041	425.9427864238575	429.023569214403	0.1	0	289.0896384954568	7.180917347237555	7.232855887550536	0.1	1	0.09319528912289202	2.1457461066729047	2.1612659790337423	0.6	0	NaN	NaN	NaN	NaN	9	283.06005416531036	282.94629967414005	95666.7837452257	1.1747187001738595	1009.2035354739468	0.024589679336932856	0.006518998400805163	0.005262375773237075	687.1595407936435	1207.6871999383047	0.0044796901355688284	56.89880134762937	520.5276591446612	274.7782656434599	-0.6631032648987966	0.5034858780583137	0.11220188712304338	0.8401150116487469	6.7085060312045825e-15	5.398150319236561e-16	0.8401150116487469	5.257910550959568	189.20894050316778	142.79105949683222	7.675093325189046	NaN	0.3655234952434217	0.4739211968138244	477.37257115753033	0.006074919622985661	-1.9243425048194236	-0.019940066073909583	0	83.25683299283885	-12.634545613580716	28.579376579180398	71.16668861711113	108.53369048933219	152.22004411587517	228.0533642093267	0.15551693776815484	1.0092221693497145	-8.307377598652689	1.012990478840452	4.107609283657508	1.0931582510967937	3.137358928240977	1.0931582510967937	0.09202860342679826	1.0931582510967937	0.003564333648729245	1.1692585886212854	NaN	NaN	800000009	800000009	800000009	800000009	800000019	810100019	899999999	899999999	89999	89999	89	89	12	6	4	0	0	0	0	NaN	0	0	0	0	0	0	0	0	0	NaN	NaN	NaN	NaN	0	0	0	0	0	0	0	0	17801	0	0	0	18000	18000	18000	18000	100	NaN	0.3399593513121708	0.4957669540463521	0.11211608826912585	0.052616229676795766	2.1957552602821333	0.017696194721645058	1.023530462931413e-8	NaN	-0.007007309590556945	0.07770479136998364	0.002279325889358699	0.000003564333648729245	NaN	425.94274445232855	7.180897523896028	96063.3632406684	11.387718379073672	1.6216738289594406	97.14026416990492	96.91425011401705	97.366273516549	-0.45202097834563915	0.0002761548357456276	-1	0	2.1392123308247992	77.0664666442871	1.0001375477843815	-273.1499938964844	9.000843726687961	-273.1499938964844	021
DATA	2025-11-25T080000_AIU-0547.ghg	2025-11-25	08:30:00	329.354	1	18000	18000	0.11323725006869427	1	NaN	-1.3082791300330696	1	NaN	3.9533616472272475	0	NaN	1.0243684477118222	0	NaN	0.08860981960762225	0	NaN	0.000545670102609437	2	NaN	NaN	NaN	NaN	NaN	NaN	NaN	NaN	NaN	NaN	-8.827347605607121e-11	-1.5155009380616553e-12	-4.804523061365294e-13	NaN	17.059760796704467	424.2862567246411	427.3995425791613	0.1	0	292.88620597755306	7.2842517231838135	7.337701387157423	0.1	1	0.09285236951253478	2.142290369703187	2.1580098567206525	0	1	NaN	NaN	NaN	NaN	9	283.4436256010267	283.38322876909046	95621.82643576388	1.1723103571610052	1009.2685183710636	0.024639229889307192	0.005741916310573921	0.005327366922200948	696.7202917143164	1243.5495317473706	0.004544331532737015	56.02674231522741	546.8292400330541	274.9712404337009	-0.6618653449650412	0.6623298810057306	0.11728837849712297	0.9436647550211984	6.025744718354237e-15	-5.174367748059136e-15	0.9436647550211984	4.215651873887731	197.02009972015406	134.97990027984594	7.139773542997521	NaN	0.3107945224907846	0.5181746809605555	1937.541224386819	0.001496742347207489	-0.3309282698562758	-0.003557768853306918	0	71.12538716823413	-10.793551906279413	24.41504380061884	60.796911189362255	92.71912561837436	130.03989202229846	194.82345462025714	0.11226200078556636	1.0086872608389614	-1.0811691169908981	1.0125475016281957	3.621495059889164	1.0916380063620024	0.9383774124223075	1.0916380063620024	0.08117143145549112	1.0916380063620024	0.000655536253352366	1.1657749403594813	NaN	NaN	800000009	800000009	800000009	800000009	800000009	801100009	899999999	899999999	89999	89999	89	89	33	32	7	5	3	7	1	NaN	0	0	0	0	0	0	0	0	0	NaN	NaN	NaN	NaN	0	0	0	0	0	0	0	0	18000	0	0	0	18000	18000	18000	18000	100	NaN	0.3270270032142586	0.5891589716528153	0.1201633870540372	0.02207623699783696	1.1037260858508329	0.007118507988412607	2.01714677478065e-8	NaN	-0.0009137855858616089	0.02329059686600419	0.002014680939715033	6.555362533523659e-7	NaN	424.2861198494385	7.28424011384707	96016.52230533854	11.40999984741211	1.815367722537791	97.1236361614863	96.8974798895518	97.3498017853631	-0.45232356293168335	0.0002766623397150802	-1	0	2.13568258490165	77.08865829743279	1.0001303529441357	-273.1499938964844	9.000802582263946	-273.1499938964844	188
DATA	2025-11-25T083000_AIU-0547.ghg	2025-11-25	09:00:00	329.374	1	18000	18000	0.1477662219164666	0	NaN	11.69398724624328	0	NaN	18.711906109559006	0	NaN	0.7228641795794243	0	NaN	0.4194728010736365	0	NaN	0.0003905286083274523	0	NaN	NaN	NaN	NaN	NaN	NaN	NaN	NaN	NaN	NaN	8.290069200077244e-11	1.4287906435331112e-12	4.52033614945489e-13	NaN	17.037014324909563	424.0186553372862	427.1401732084486	0	0	293.632369931768	7.3079472897977835	7.3617465455132445	0.1	1	0.09289793591946365	2.145052255212439	2.160843586242194	0	0	NaN	NaN	NaN	NaN	9	283.4267734934489	283.55272444491925	95605.23314496528	1.1713957656033056	1009.2847635295308	0.024658245929492888	0.027181837509571642	0.005340575026911824	698.865417430814	1257.7118584568768	0.004559155141013558	55.566417119440395	558.8464410260628	275.01421572308016	-0.6009445448097409	0.8371279950247582	0.14014006127864248	1.039979260738349	1.4347492056561078e-14	4.865916669422797e-15	1.039979260738349	5.518909797729547	206.32677259922815	125.67322740077184	7.744322641972872	NaN	0.3551695784513062	0.7382443589454931	-323.4634651271927	-0.008965463839508608	0.6249490125578061	0.027848992561677815	0	64.77160652658677	-9.829341180866827	22.233996514388707	55.36579506097867	84.43633083975266	118.42315457496673	177.41946507743597	0.14591683295674268	1.012674267404585	12.56677890275543	1.0149148309039002	17.22984778791923	1.0860169132009934	0.6656104253927406	1.0860169132009934	0.3862488659014125	1.0860169132009934	-0.0045295331719106624	1.148292622109377	NaN	NaN	800000009	800000009	800000009	800000009	800000009	810000009	899999999	899999999	89999	89999	89	89	28	25	3	4	17	4	0	NaN	0	0	0	0	0	0	0	0	0	NaN	NaN	NaN	NaN	0	0	0	0	0	0	0	0	17901	0	0	0	18000	18000	18000	18000	100	NaN	0.5041342370719178	0.7740662650070861	0.19828821581198233	0.018782556575220634	0.16193330284197602	0.00850406484581399	1.0466800551783045e-8	NaN	0.010629347547691528	0.016533644979149737	0.009594353361645555	-0.000004529533171910663	NaN	424.01857663896345	7.307937496867112	96005.59550694445	11.404094712257383	1.8590854177872338	97.09094823392232	96.86386996205648	97.31802803209092	-0.4541559902727603	0.00027670495107789364	-1	0	2.138418926172786	77.2161098675198	1.0001290208266842	-273.1499938964844	9.00079473818673	-273.1499938964844	154
DATA	2025-11-25T090000_AIU-0547.ghg	2025-11-25	09:30:00	329.395	1	18000	18000	0.20329893155782996	0	NaN	22.861176273603988	0	NaN	8.232479054097318	0	NaN	0.039718435886424146	2	NaN	0.18464112216625306	0	NaN	-0.0013384286801974932	0	NaN	NaN	NaN	NaN	NaN	NaN	NaN	NaN	NaN	NaN	1.1614172388143146e-10	1.9961362006647372e-12	6.321092759483184e-13	NaN	17.055129393624735	424.95395935075766	428.0805373383374	0.1	0	293.1277412791917	7.303714406218468	7.357451128015201	0.1	1	0.09282370824127756	2.1483224068848363	2.1641285840007116	-0.1	0	NaN	NaN	NaN	NaN	9	283.58254489559596	284.06252199808756	95616.34676757813	1.1694313019916962	1009.2923294128424	0.02469970760996394	0.011964744716373198	0.00532852201869793	698.5418155554208	1301.1680060066267	0.004556507089918623	53.68575098148112	602.6261904512058	275.00774018939325	-0.8664653100134506	0.7896966561514441	0.09561393233914521	1.1762333808607148	-1.3513610219523036e-14	6.809782629080823e-15	1.1762333808607148	5.785056438779898	194.34604842898685	137.65395157101315	4.662617205299928	NaN	0.4169463640188596	0.8492483505014325	-267.70875106276304	-0.010832667921715076	2.776949218258374	0.046454382807934076	0	75.27138151759615	-11.42272254414367	25.838229496569618	64.34084480133052	98.12384798540077	137.62009199000968	206.1799754651732	0.20095073039076036	1.0116854572387142	23.038001709892995	1.0143672166771511	7.578346098620387	1.0863160572193995	0.03656250464352876	1.0863160572193995	0.16996998335721158	1.0863160572193995	-0.008992711496899461	1.1479689550972805	NaN	NaN	800000009	800000009	800000009	800000009	800000009	800000009	899999999	899999999	89999	89999	89	89	28	31	1	1	8	5	0	NaN	0	0	0	0	0	0	0	0	0	NaN	NaN	NaN	NaN	0	0	0	0	0	0	0	0	15113	0	0	0	18000	18000	18000	18000	100	NaN	0.5596932522517919	0.9510997969418767	0.1877036518091963	0.029569668745105845	0.11018066814767566	0.003021738561742753	8.908574202978028e-9	NaN	0.019518800229276698	0.000909729359905696	0.004229105354523503	-0.00000899271149689946	NaN	424.9538644090932	7.303710678284868	96016.83369487847	11.399999618530273	1.8533665151066256	97.04664219644334	96.8193029982249	97.27398706203039	-0.45468610802623965	0.0002769987117870996	-1	0	2.141689723412196	77.29368983205163	1.0001342634624906	-273.1499938964844	9.000837482823266	-273.1499938964844	214
DATA	2025-11-25T093000_AIU-0547.ghg	2025-11-25	10:00:00	329.416	1	18000	18000	0.209818923898124	0	NaN	16.04601943474018	0	NaN	10.370123377108754	0	NaN	0.03647569093855302	2	NaN	0.23258330555695006	0	NaN	-0.0008113355735713062	0	NaN	NaN	NaN	NaN	NaN	NaN	NaN	NaN	NaN	NaN	-8.947830843967234e-11	-1.5468997501529103e-12	-4.868996405017647e-13	NaN	17.048101687215617	425.3028841696852	428.4531417382083	0.2	0	294.7273445420066	7.352630338390508	7.407091947361929	0.1	1	0.09276789791281406	2.147003404343111	2.1629064559703797	-0.1	0	NaN	NaN	NaN	NaN	9	283.6702725245158	284.05487441168896	95614.15232161459	1.1694142562573941	1009.3190192227734	0.024699609508799777	0.015071398200090362	0.005364230593229933	703.2040936098365	1300.5064702366476	0.004587108943239391	54.07155671296871	597.3023766268111	275.10078084891956	-1.0560958112640801	0.6852072707999152	0.09707496767750058	1.262644413869598	2.3411273375667714e-14	-5.2485789961454875e-15	1.262644413869598	5.073194692686354	184.9759771180415	147.0240228819585	4.4093807283963065	NaN	0.42358262330056795	0.8498564346202263	-399.91157364353586	-0.007251603082097685	1.547331584324303	0.032094627331144036	0	72.41858233442491	-10.989799261927747	24.858955853436427	61.90231496710827	94.4049361262245	132.40426522953933	198.36571652991222	0.2075003769106019	1.011173700125475	16.424506796738843	1.014101882585691	9.543279660353708	1.086641463541099	0.03356736528319806	1.086641463541099	0.21403868098224219	1.086641463541099	-0.006485755963231414	1.1479077839578224	NaN	NaN	800000009	800000009	800000009	800000009	800000009	800001009	899999999	899999999	89999	89999	89	89	20	27	2	4	20	6	0	NaN	0	0	0	0	0	0	0	0	0	NaN	NaN	NaN	NaN	0	0	0	0	0	0	0	0	11563	0	0	0	18000	18000	18000	18000	100	NaN	0.5809776360589645	0.9053628135584781	0.21337241962301	0.05166276053613357	0.07657847700809076	0.005354255742087359	1.552152096512204e-8	NaN	0.01391539364025234	0.0008352437002265987	0.005325841286230259	-0.000006485755963231414	NaN	425.302882824138	7.352623695638144	96011.7263576389	11.390760843753814	1.9460693234205177	97.0157331116994	96.78780858823987	97.2436518965827	-0.4558516177684069	0.00027754566189186236	-1	0	2.140331948955853	77.09670551660325	1.000155159673757	-273.1499938964844	9.000949234618082	-273.1499938964844	045
DATA	2025-11-25T100000_AIU-0547.ghg	2025-11-25	10:30:00	329.437	1	18000	18000	0.284657220547984	1	NaN	25.353116449725217	1	NaN	9.46124261876251	1	NaN	0.8063739969463161	1	NaN	0.2120607109807329	1	NaN	0.0005236829240966221	1	NaN	NaN	NaN	NaN	NaN	NaN	NaN	NaN	NaN	NaN	-1.8100321524904231e-10	-3.047417863061906e-12	-9.836017985036872e-13	NaN	17.102302350926653	426.4727388127317	429.5570475441282	0.2	0	287.93887231224346	7.180207492881703	7.23213572802561	0.1	1	0.09293677644223117	2.1440715760047455	2.159577792653014	-0.2	0	NaN	NaN	NaN	NaN	9	283.31614320712623	283.37535333591035	95618.06867317707	1.172343114647305	1009.2112766162641	0.024639513434302013	0.013741534071551492	0.005251213323819331	686.7417349432092	1242.8949224946339	0.00447924609972153	55.253402561564826	556.1531875514247	274.76977855884803	-1.3821854349503027	0.5503229712070967	0.06302640797073084	1.4890481111531075	1.470068875273098e-14	-1.0583558373310774e-14	1.4890481111531075	5.471256164358845	173.710183315213	158.28981668478704	2.4258627192920117	NaN	0.49275805656598254	0.7769859712866474	-398.457000555707	-0.007278075164837166	2.679681461655752	0.04348713392212689	0	86.23166974964525	-13.085988568419745	29.600541772212303	73.70953433376944	112.41169065116016	157.65899448283838	236.20190296555842	0.28180047422949606	1.010137478747326	25.58294206573161	1.0136269916710838	8.697027860212978	1.0878707957284637	0.74124059595363	1.0878707957284637	0.19493189063755692	1.0878707957284637	-0.00811620717698114	1.148151180176679	NaN	NaN	800000009	800000009	800000009	800000009	800000009	800000009	899999999	899999999	89999	89999	89	89	15	26	1	0	11	9	0	NaN	0	0	0	0	0	0	0	0	0	NaN	NaN	NaN	NaN	0	0	0	0	0	0	0	0	13671	0	0	0	18000	18000	18000	18000	100	NaN	1.0295783967686158	0.3377609330157124	0.18663261278896648	0.05941973879226759	0.17089492283686197	0.008722240148567038	2.445453105494333e-8	NaN	0.021622885853704067	0.018395929644753298	0.004837772465866898	-0.00000811620717698114	NaN	426.4726863029813	7.180196419988285	96008.8268485243	11.397718607955508	1.6135539628565398	97.01434155400594	96.78505900488959	97.24361876466538	-0.45856116653896073	0.0002774305566547103	-1	0	2.137548923724227	76.97874711608884	1.0001543075839678	-273.1499938964844	9.000942856974072	-273.1499938964844	220
DATA	2025-11-25T103000_AIU-0547.ghg	2025-11-25	11:00:00	329.458	1	18000	18000	0.3060096167570958	1	NaN	25.433807092780853	0	NaN	14.02536477117449	0	NaN	0.9638578404194033	0	NaN	0.31457445307163673	0	NaN	-0.0012277553796373	0	NaN	NaN	NaN	NaN	NaN	NaN	NaN	NaN	NaN	NaN	1.715977502480828e-11	3.066356634860604e-13	9.289357845135449e-14	NaN	17.07753374278623	426.31671464752463	429.5893448652565	0.2	0	305.16605738444673	7.618043270506208	7.6765233576115435	0.1	1	0.09244836941030292	2.1402335338643947	2.156663086577848	0	0	NaN	NaN	NaN	NaN	9	284.021435901218	284.0901387023926	95587.67382421876	1.1688276465835084	1009.4654170742012	0.02470951869291392	0.020384424559042057	0.005555638043487107	728.3863648566207	1303.5593882762719	0.004753171316341016	55.876730389689705	575.1730234196511	275.59408026937615	-0.9660067147562783	0.9480726440309801	0.16152564048020057	1.3631218741721667	2.4653522274750876e-14	1.004815758719071e-15	1.3631218741721667	6.03016777587199	196.46317978406992	135.53682021593008	6.805359130658968	NaN	0.5116727632245208	1.0055955967544767	-444.6474440680757	-0.006522021072398223	1.8134150168452992	0.04212861217069265	0	71.89333144725076	-10.910090413368179	24.678654220963935	61.45333840879264	93.72021854607453	131.4439390876066	196.9269729749622	0.3027800117023663	1.0106665068033098	25.91146350829524	1.0138564419653049	12.901323204094206	1.0871260683341049	0.8866109170727587	1.0871260683341049	0.28936336109912786	1.0871260683341049	-0.01004526328409312	1.1479513589610046	NaN	NaN	800000009	800000009	800000009	800000009	800000009	800000009	899999999	899999999	89999	89999	89	89	29	19	0	0	2	0	0	NaN	0	0	0	0	0	0	0	0	0	NaN	NaN	NaN	NaN	0	0	0	0	0	0	0	0	16306	0	0	0	18000	18000	18000	18000	100	NaN	0.6369182228527586	1.0572066336067079	0.31706633704948706	0.10917406880728486	0.2368673585328702	0.020392824118500467	5.053084122250934e-8	NaN	0.021960894337958753	0.02207594967995862	0.007204931583674398	-0.00001004526328409312	NaN	426.31664107749043	7.618021784136596	95989.52177929688	11.420000076293945	2.4384689878689088	96.98493079800078	96.75557205221386	97.21428926001656	-0.4587174753571552	0.00027770919151306664	-1	0	2.133339059054852	77.06377643394472	1.0001530311471887	-273.1499938964844	9.000947632100846	-273.1499938964844	039
DATA	2025-11-25T110000_AIU-0547.ghg	2025-11-25	11:30:00	329.479	1	18000	18000	0.38798632983233183	0	NaN	24.278434006292628	0	NaN	7.836096666617113	0	NaN	-0.6650841050584815	2	NaN	0.17572666156884587	0	NaN	-0.006388617785560912	1	NaN	NaN	NaN	NaN	NaN	NaN	NaN	NaN	NaN	NaN	1.1601793554722917e-10	2.1120954273529133e-12	6.282417644074528e-13	NaN	17.11209756435572	427.5633356735622	430.9174895355175	0.1	1	311.5241005420202	7.783749658364411	7.844811708822894	0.1	1	0.09266269319338932	2.1437431219469145	2.160560383090672	0	0	NaN	NaN	NaN	NaN	9	283.9627355541653	283.918463897705	95534.18859201387	1.1688065382545458	1009.5531215764408	0.02470841217824342	0.01138708766966121	0.005676737551370535	743.8136744546524	1288.756244506681	0.004856866697415958	57.71562136945256	544.9425700520286	275.8888858271576	-1.6729888410158766	0.7758509987471399	0.10117755462435406	1.8469091293240352	-2.0179611441041974e-14	6.779878101495461e-15	1.8469091293240352	6.810117148994915	176.8795809309124	155.12041906908757	3.140355016529337	NaN	0.5761517639567661	1.045227386609049	-664.7788218287395	-0.004362353168866589	3.098281585744368	0.035711818565544055	0	84.60206617921573	-12.838689939556254	29.04115160037994	72.31657371183388	110.2873378121743	154.6795594206915	231.7381663183099	0.3844915696501664	1.0090893024919771	24.444417360908016	1.013317382767349	7.185135947435262	1.0905982467059947	-0.6098341961095927	1.0905982467059947	0.16112868519604226	1.0905982467059947	-0.014090208229020667	1.1493889529184083	NaN	NaN	800000009	800000009	800000009	800000009	800000009	801000009	899999999	899999999	89999	89999	89	89	15	57	4	4	16	8	1	NaN	0	0	0	0	0	0	0	0	0	NaN	NaN	NaN	NaN	0	0	0	0	0	0	0	0	17106	0	0	0	18000	18000	18000	18000	100	NaN	1.265776533666837	0.5570644885072618	0.2676137510439992	0.030816378194768006	0.47259322509261636	0.010437643059683019	2.504727720204178e-8	NaN	0.020716094423873614	-0.01518627252901984	0.004012474441807138	-0.000014090208229020666	NaN	427.56326333196495	7.783737002786618	95927.52750998264	11.408189805984497	2.733302676386305	96.96939031600952	96.73987700843811	97.19890602260166	-0.4590304844826459	0.0002777759439292519	-1	0	2.136684583365917	76.01398386383053	1.0001578100555473	-273.1499938964844	9.000971384525299	-273.1499938964844	033
DATA	2025-11-25T113000_AIU-0547.ghg	2025-11-25	12:00:00	329.499	1	18000	18000	0.16151135473806189	1	NaN	4.6920049442021385	1	NaN	0.9954141354695242	1	NaN	0.5256854948751597	1	NaN	0.0223247288732584	1	NaN	-0.002353073251481824	1	NaN	NaN	NaN	NaN	NaN	NaN	NaN	NaN	NaN	NaN	2.9629380711547344e-11	5.67359565587111e-13	1.6071604752342378e-13	NaN	17.065703325749592	426.5049920070109	430.01691891784355	0.2	0	326.78340865768837	8.166950546203127	8.23419884092456	0.1	1	0.09256799571423066	2.1430248307293334	2.1606709233065975	0	0	NaN	NaN	NaN	NaN	9	284.22687575107153	284.0254846225315	95483.5854375	1.1675775591074498	1009.7659745729987	0.024730825390898242	0.0014466424309871443	0.005950810336411417	780.0188959447142	1297.966932519483	0.005096715237453254	60.09543667115001	517.9480365747687	276.560055243671	-1.09022616577554	0.4460992546292872	0.07473409576153933	1.1803316578791483	-1.3517165392825563e-15	1.7361945268813529e-15	1.1803316578791483	4.523945316633493	174.2534193073917	157.7465806926083	3.630178373655469	NaN	0.3719278163986402	0.42930492233568635	-925.0577024752166	-0.0031349395742993605	4.713620971425104	0.010700235325032567	0	83.65510848069995	-12.694985455420301	28.71609166598676	71.50712851386862	109.05288281235414	152.9482187311371	229.14430247377695	0.15964995899236484	1.0116592309665802	4.692012514723867	1.014353349660495	0.9163098626023131	1.08632917323683	0.4839099490523903	1.08632917323683	0.020550611567154698	1.08632917323683	-0.0037344253379182762	1.1479637300167205	NaN	NaN	800000009	800000009	800000009	800000009	800000009	801000019	899999999	899999999	89999	89999	89	89	5	58	8	5	11	17	0	NaN	0	0	0	0	0	0	0	0	0	NaN	NaN	NaN	NaN	0	0	0	0	0	0	0	0	18000	0	0	0	18000	18000	18000	18000	100	NaN	0.5361270710705913	0.20778018695854966	0.11470258664223168	0.012478134909239004	0.3380008557681851	0.005461934232804154	2.8498461033064166e-8	NaN	0.0039797215806374065	0.012066061818187548	0.0005124196145510595	-0.000003734425337918276	NaN	426.5048298357275	8.166943412534707	95883.34600043404	11.399999618530273	3.4055384439428567	96.96913123151991	96.7389895995458	97.19927830929227	-0.46030890958011145	0.0002776354461659341	-1	0	2.135627328064706	73.25653214306176	1.000155902746651	-273.1499938964844	9.0009528520902	-273.1499938964844	187
DATA	2025-11-25T120000_AIU-0547.ghg	2025-11-25	12:30:00	329.52	1	18000	18000	0.1580970906489854	1	NaN	2.794294593580233	1	NaN	2.29473652707069	2	NaN	1.0106429121727736	0	NaN	0.051472834672321346	2	NaN	-0.0015944104447626372	2	NaN	NaN	NaN	NaN	NaN	NaN	NaN	NaN	NaN	NaN	1.5052184647092996e-10	2.976478381063567e-12	8.157621827640813e-13	NaN	17.065668552231806	427.00568190591736	430.64192709350755	0.3	0	337.4632632740419	8.443778830667815	8.515683377701118	0.1	1	0.09248841516959201	2.1430191127312423	2.1612683849676237	-0.2	0	NaN	NaN	NaN	NaN	9	284.4102137849596	284.17660640886095	95414.84544487848	1.1659941026827771	1009.9213247090402	0.02476181033116255	0.003335439686766423	0.006144821202518455	805.8779623621002	1311.071826184292	0.00527002768571483	61.46711005967581	505.1938638221917	277.02276511973724	-0.8769077786043538	0.45727357634545374	0.103321041530241	0.9943548729822106	2.0931296510512056e-14	8.820155273157762e-15	0.9943548729822106	4.761481392310429	179.54030313291912	152.45969686708088	5.964233141717699	NaN	0.36822541648623763	0.4947930917843628	-1506.6705159274009	-0.001924773843613023	1.2176973524482333	0.006444281929636066	0	81.41268323140318	-12.354688772507538	27.94633964268043	69.59033713798748	106.1296550218667	148.84835019057098	223.00195230614506	0.15605777316268357	1.0130677084836774	2.8854857612600537	1.015141890663813	2.113043809795576	1.0859862518859424	0.9306221974888481	1.0859862518859424	0.04739731703134615	1.0859862518859424	-0.002513418346304126	1.1484758668943	NaN	NaN	800000009	800000009	800000009	800000009	800000009	811100009	899999999	899999999	89999	89999	89	89	22	23	7	8	1	0	0	NaN	0	0	0	0	0	0	0	0	0	NaN	NaN	NaN	NaN	0	0	0	0	0	0	0	0	18000	0	0	0	18000	18000	18000	18000	100	NaN	0.4390648170269193	0.43018845902847147	0.12033290751333485	0.024733034981859154	0.3578850389312886	0.011821642501724992	4.572946264000697e-8	NaN	0.0024503890280242963	0.02324017790433873	0.0011836404536332032	-0.000002513418346304126	NaN	427.0055651649633	8.443765389481488	95817.46707465278	11.399999618530273	3.8682172494464826	96.93357262886894	96.69961474715339	97.16753226937189	-0.4679217473566531	0.0002783886748592421	-1	0	2.1353736976385114	76.68421582141823	1.000154011103842	-273.1499938964844	9.000910745329326	-273.1499938964844	053
DATA	2025-11-25T123000_AIU-0547.ghg	2025-11-25	13:00:00	329.541	1	18000	18000	0.21993594844761016	1	NaN	7.767086966105196	1	NaN	0.8765153850485942	2	NaN	0.6636475925133303	1	NaN	0.019665194246842335	2	NaN	-0.0004823713608733291	1	NaN	NaN	NaN	NaN	NaN	NaN	NaN	NaN	NaN	NaN	-2.2991766091500704e-10	-4.655505783745239e-12	-1.244368397047604e-12	NaN	17.019109507628286	426.5414384799557	430.2575114061716	0.1	1	344.6127732494927	8.636857760067938	8.712102954073337	0.1	1	0.09211141907456108	2.136786807209637	2.155402713864953	0.2	0	NaN	NaN	NaN	NaN	9	284.6473294245402	284.40117677137584	95330.01569965278	1.163952324106013	1010.0320360073925	0.02480343012978053	0.0012743045871953832	0.006274784523298875	823.5726412636072	1330.7611043883037	0.00539092915864771	61.88733939907041	507.18846312469645	277.3318803485636	-1.195602460642662	0.529366059004253	0.08797895282295572	1.3105090478361061	1.693624144425585e-14	-1.3509382545071093e-14	1.3105090478361061	4.897129327828739	175.8818911047121	156.1181088952879	3.8493567072256925	NaN	0.43469086568748405	0.5753081567513053	-891.1946211463916	-0.0032540591372393767	8.861324169084137	0.015198730450921977	0	84.21782840037031	-12.780380374217625	28.90925520481905	71.98813303760869	109.78644506061957	153.9770502146079	230.6856795136587	0.2175598573383486	1.0109215511461118	7.729078149831024	1.013977252431567	0.8064668285632676	1.0868585712447953	0.6106108099724924	1.0868585712447953	0.018093609202823414	1.0868585712447953	-0.002953846967477012	1.147914404436505	NaN	NaN	800000009	800000009	800000009	800000009	800000019	800001019	899999999	899999999	89999	89999	89	89	26	46	3	2	17	1	0	NaN	0	0	0	0	0	0	0	0	0	NaN	NaN	NaN	NaN	0	0	0	0	0	0	0	0	18000	0	0	0	18000	18000	18000	18000	100	NaN	0.6691884054149462	0.32735084571743284	0.15407706237023164	0.005051381941035068	0.11900078085439109	0.0049263990101544	1.3039600663934933e-8	NaN	0.006574418679251567	0.015277225175899392	0.0004526944782531959	-0.0000029538469674770123	NaN	426.54148944952874	8.636851015975266	95733.1648266059	11.399999618530273	4.17809197409947	96.91265747642517	96.67898672591315	97.14632918930053	-0.46734061766498625	0.00027879474840624937	-1	0	2.1289956059985693	76.11490443332093	1.000155772621433	-273.1499938964844	9.000933235751258	-273.1499938964844	058
DATA	2025-11-25T130000_AIU-0547.ghg	2025-11-25	13:30:00	329.562	1	18000	18000	0.215663944637239	1	NaN	11.839247626174783	1	NaN	8.94942146321614	1	NaN	0.5897162651175655	1	NaN	0.2007765747607014	1	NaN	-0.009021316917965027	1	NaN	NaN	NaN	NaN	NaN	NaN	NaN	NaN	NaN	NaN	-2.936701420756461e-11	-6.054864326610076e-13	-1.5995190731862926e-13	NaN	17.04767066994854	427.54140137906023	431.34370032310005	0.1	1	351.487326092142	8.815009796576902	8.8934052509893	0.1	1	0.09285272992770671	2.1537276398554455	2.172881612556937	0.2	0	NaN	NaN	NaN	NaN	9	284.57726706102164	284.35162966410314	95283.98717925345	1.163514403233202	1010.129324307069	0.02481108861009227	0.01301032204449345	0.006402237392814562	840.1545825801236	1326.3948155978567	0.005502499474887349	63.34121429760217	486.2402330177331	277.6162746889086	-1.0594767014141528	0.5087129581876101	0.10845213019939808	1.1802718412349789	-2.342098769932047e-14	-1.7226408684285817e-15	1.1802718412349789	4.775707740993543	177.64821983979232	154.35178016020765	5.272198101563026	NaN	0.43052947575575695	0.5408763150936098	-567.8537123885773	-0.0051069490904649675	1.3229064777914852	0.023397662441619893	0	85.18247783022684	-12.926769646839674	29.240388138077904	72.81270086143138	111.04396301905265	155.74073703154156	233.32800375124185	0.21317836814474095	1.0116596093408992	12.194200290290553	1.014353551145731	8.238223312897135	1.0863290691823815	0.542852328863308	1.0863290691823815	0.18482113795575275	1.0863290691823815	-0.0127496776493433	1.1479638040275382	NaN	NaN	800000009	800000009	800000009	800000009	800000009	801000009	899999999	899999999	89999	89999	89	89	16	32	2	0	7	0	0	NaN	0	0	0	0	0	0	0	0	0	NaN	NaN	NaN	NaN	0	0	0	0	0	0	0	0	18000	0	0	0	18000	18000	18000	18000	100	NaN	0.6382415532207762	0.2966126429032833	0.14689843406316008	0.01522356551923807	0.4078393749312239	0.010096981707238405	2.0731117561700818e-7	NaN	0.010375393604997618	0.013588572766308584	0.00462640638776019	-0.0000127496776493433	NaN	427.54125160002394	8.81499785800478	95686.77099197048	11.399999618530273	4.462216959423503	96.91281407377456	96.67898838954501	97.14663747829862	-0.4676449399077229	0.00027864020675123254	-1	0	2.14570650661654	76.42961906348337	1.0001588130195935	-273.1499938964844	9.000994134108225	-273.1499938964844	177
DATA	2025-11-25T133000_AIU-0547.ghg	2025-11-25	14:00:00	329.583	1	18000	18000	0.30305328795684006	0	NaN	18.726553527825036	1	NaN	5.890332040001386	0	NaN	0.21109571511165712	2	NaN	0.13205200875463738	0	NaN	NaN	NaN	NaN	NaN	NaN	NaN	NaN	NaN	NaN	NaN	NaN	NaN	-1.883000388566837e-10	-3.979749106453742e-12	NaN	NaN	17.119677465130355	429.3467357683509	433.27843715638704	0.1	0	361.8269093745885	9.074306614102303	9.157403703093287	0.1	1	NaN	NaN	NaN	NaN	0	NaN	NaN	NaN	NaN	9	284.4165037519666	283.59952297733093	95112.65403558833	1.1644090332205475	1010.2436848694581	0.02486145335939288	0.008556970167300502	0.0065772103353746786	860.825880335859	1261.448228337713	0.0056485394287807	68.24107886458579	400.6223480018541	277.96394002302367	-1.1994357947625636	0.6273318897193725	0.10193437602189936	1.357417453339852	7.357738788865491e-14	-1.0999041263494384e-14	1.357417453339852	6.0475994988747495	179.61057875681763	152.38942124318237	4.306643224189636	NaN	0.5101603678680463	0.9080267034282525	-596.5824637607196	-0.0048610211934810525	3.1792016817816995	0.03120465812968144	0	80.19894493918305	-12.170499304030832	27.529702563476203	68.55285190103973	104.54742457413634	146.62924949041863	219.67733508422535	0.2998470046888338	1.010693064188964	18.845443035251268	1.0138687879878336	5.418414665508483	1.0870951013581418	0.19418330084270333	1.0870951013581418	0.12147236114822033	1.0870951013581418	NaN	1	NaN	NaN	800000009	800000009	800000009	800000019	800000009	801100009	899999999	899999999	89999	89999	89	89	9	58	3	4	9	0	0	NaN	0	0	0	0	0	0	0	0	0	NaN	NaN	NaN	NaN	0	6654	0	0	0	0	0	0	18000	0	0	0	18000	18000	18000	18000	100	NaN	0.9112658406015504	0.6649711798080615	0.23981638644689326	0.028672312022602696	0.213636316083139	0.004245805825622623	NaN	NaN	0.016020447439130017	0.004871771495999171	0.0030475616802548237	NaN	NaN	429.3466519268296	9.074300311805079	95620.110484592	11.411809888839722	4.867548024495445	96.92981763585408	96.69620151986017	97.16343188985189	-0.4672332455615206	0.00027869192897924224	-1	0	2.208769298930954	47.23538829611802	1.0001575557904112	-273.1499938964844	9.000986527469424	-273.1499938964844	186
DATA	2025-11-25T140000_AIU-0547.ghg	2025-11-25	14:30:00	329.604	1	18000	18000	0.4529323275468392	0	NaN	1.9736492878179235	2	NaN	-2.8231047789701917	2	NaN	0.9185593045215584	1	NaN	-0.0632759572264067	2	NaN	NaN	NaN	NaN	NaN	NaN	NaN	NaN	NaN	NaN	NaN	NaN	NaN	-8.895321086209821e-11	-1.977469843643919e-12	NaN	NaN	17.16126409733752	429.9642219719057	434.11360914229385	0.1	0	381.5026113436638	9.55829783495247	9.650540576046616	0.1	1	NaN	NaN	NaN	NaN	0	NaN	NaN	NaN	NaN	9	284.23451214599606	283.37461458932313	95179.9526375816	1.1659459317178282	1010.5057651404751	0.024827977620244537	-0.004100282028271155	0.0069373564199020415	907.2409443940805	1242.61593038472	0.00594998123942248	73.01056764282704	335.3749859906395	278.7184719397234	-1.5412227282117614	0.4725852197335752	0.09368609356109348	1.6147697581989648	8.286776343999384e-15	-5.1833717118716705e-15	1.6147697581989648	9.061632440664184	169.0471139104746	162.9528860895254	3.3260678514259476	NaN	0.623271765850277	1.3148601382183305	-10328.176620647158	-0.0002807852834548338	-0.6991059285223797	0.0026876661487396114	0	83.54365818997326	-12.678072443824552	28.677834387706532	71.41186248162458	108.90759610225652	152.74445205444158	228.83902286093706	0.44857952714823474	1.009703519967299	1.799470515676083	1.0134681447935774	-2.5930117065341634	1.0887358402031946	0.8436934567618574	1.0887358402031946	-0.0581187418378707	1.0887358402031946	NaN	1	NaN	NaN	800000009	800000019	800000009	800000019	800000009	800000009	899999999	899999999	89999	89999	89	89	40	35	7	9	9	0	0	NaN	0	0	0	0	0	0	0	0	0	NaN	NaN	NaN	NaN	0	12366	0	0	0	0	101	0	17901	0	0	21	18000	18000	18000	18000	100	NaN	1.4690285477066054	0.837501482703088	0.32319024602696733	0.06364892719714794	0.5355647992189406	0.07192722607623185	NaN	NaN	0.001527311170533901	0.021148789331049776	-0.0014568573662196078	NaN	NaN	429.9642871606814	9.558225484415997	95498.04983919271	11.420000076293945	5.5913735811445155	96.95546010610792	96.71613732274372	97.19478559663561	-0.47864650688899846	0.0002786405619311457	-1	0	2.6166041635666533	13.18261840067376	1.000129268993934	-273.1499938964844	9.00082686302397	-273.1499938964844	087
DATA	2025-11-25T143000_AIU-0547.ghg	2025-11-25	15:00:00	329.624	1	18000	18000	0.21414161658127862	1	NaN	-4.147273619224915	1	NaN	-10.527873828464227	1	NaN	1.2808211599469486	1	NaN	-0.2361233119791793	1	NaN	0.00570159981448733	1	NaN	NaN	NaN	NaN	NaN	NaN	NaN	NaN	NaN	NaN	1.2465540819687558e-10	2.74411303498542e-12	6.760903649283788e-13	NaN	17.170820330687498	430.2974962972427	434.41242131042486	0	0	377.9913970231837	9.472392618906445	9.562976890619927	0.1	1	0.09312894122619474	2.1579984766277978	2.1786353661897824	0	1	NaN	NaN	NaN	NaN	9	284.4217649290297	284.06347923666806	95208.22935542293	1.1634783868684917	1010.4870760904412	0.024805668400334966	-0.015300790616250818	0.0068811900232855615	902.0916406484017	1301.2508304444625	0.005914325612705468	69.32496176315816	399.1591897960608	278.6364678453325	-0.9658609511090928	0.18830902981830847	0.08469460177361998	0.9876845868788111	-5.186246662098114e-14	7.259723519096686e-15	0.9876845868788111	6.22676186918881	163.03227421161714	168.96772578838286	4.919191930858674	NaN	0.42901391470793176	0.8485902138162923	1603.253378237513	0.001808822011145877	0.39393268639028767	-0.008222468669232796	0	88.20731235179626	-13.385799955374102	30.278715945827603	75.39828391541728	114.98714031686916	161.27109925846077	241.6134941311095	0.21233690608907563	1.0084992784600804	-4.681200422795743	1.012505609070815	-9.639234102491566	1.0921898686684002	1.1727092483548927	1.0921898686684002	-0.21619254925616666	1.0921898686684002	0.007207857855051341	1.1664273214532672	NaN	NaN	800000009	800000009	800000009	800000019	800000019	800100019	899999999	899999999	89999	89999	89	89	8	10	5	6	17	0	0	NaN	0	0	0	0	0	0	0	0	0	NaN	NaN	NaN	NaN	0	10	0	0	0	0	101	0	18000	0	0	16	18000	18000	18000	18000	100	NaN	0.8378800051095373	0.7256198364389053	0.133680586084142	0.013015980731742883	0.36666961972277395	0.012267730014611367	3.930963024800639e-8	NaN	-0.003981696488424529	0.02936809751532293	-0.005414098914584439	0.000007207857855051341	NaN	430.29742361365425	9.472378249088644	95609.76170225693	11.401520764456855	5.482486741410345	96.92562629508973	96.69079239018758	97.16046146265666	-0.4696711245477201	0.00027911364241541985	-1	0	2.149351859877106	74.2510787657401	1.0001457518339156	-273.1499938964844	9.000888790210087	-273.1499938964844	041
DATA	2025-11-25T150000_AIU-0547.ghg	2025-11-25	15:30:00	329.645	1	18000	18000	0.2824790914795229	1	NaN	3.593644723004037	2	NaN	14.39328827874918	2	NaN	3.8087263123692936	1	NaN	0.3229094787619536	2	NaN	0.00042317857202696504	2	NaN	NaN	NaN	NaN	NaN	NaN	NaN	NaN	NaN	NaN	-2.1413688591891207e-10	-4.917218056853258e-12	-1.1567584224404323e-12	NaN	17.182115032064768	430.94180342574765	435.2488968187152	0.2	0	394.55232538775266	9.89570203267276	9.9946056723403	0.1	1	0.0928170604209105	2.1540810393842724	2.175610229959183	0	1	NaN	NaN	NaN	NaN	9	284.7676537721421	284.35809439086916	95197.06715256076	1.1619499889615916	1010.7270251938202	0.02483430705881879	0.02092453422377459	0.007180411889960868	942.2945036695296	1326.963796989545	0.006179622150844753	71.01131966126682	384.6692933200154	279.26603445309445	-1.2589765795976944	0.52591917463858	0.11408672801878976	1.3691708395004107	2.1317069629037227e-14	-1.246277804096271e-14	1.3691708395004107	6.980842530422164	174.67202425349842	157.32797574650158	4.779736560401495	NaN	0.49305961902276996	0.7603796897234941	-2808.7356896364913	-0.0010324930219316293	0.24967503279357198	0.006206037411366567	0	89.7760647527532	-13.623864184504816	30.817217880321053	76.73922987292026	117.0321675106672	164.13927897532665	245.9105499977488	0.27950554248690007	1.0106386047523983	4.343930550080794	1.0138435365256284	13.239362931466609	1.087158676233581	3.503376641912548	1.087158676233581	0.29702147977207977	1.087158676233581	-0.0016827657449306685	1.1479577922862017	NaN	NaN	800000009	800000009	800000009	800000009	800000009	801100009	899999999	899999999	89999	89999	89	89	21	21	3	5	7	0	0	NaN	0	0	0	0	0	0	0	0	0	NaN	NaN	NaN	NaN	0	0	0	0	0	0	0	0	18000	0	0	0	18000	18000	18000	18000	100	NaN	0.8265046913182341	0.5252944480652347	0.16896024006351934	0.06925509268390044	0.7840784172849995	0.0622756549347065	1.305726318697473e-7	NaN	0.0036988060462901018	0.0878737368377623	0.007450066040974077	-0.0000016827657449306684	NaN	430.94170442715347	9.895639047125186	95601.66124479167	11.40514529185825	6.109213047795803	96.88631887414721	96.6485725065867	97.12406828096178	-0.4754918320377663	0.0002788651653908245	-1	0	2.145081807076929	74.86230728488496	1.0001616889072789	-273.1499938964844	9.001001433955299	-273.1499938964844	094
DATA	2025-11-25T153000_AIU-0547.ghg	2025-11-25	16:00:00	329.666	1	18000	18000	0.25148498801569397	1	NaN	-0.7539721859813151	2	NaN	-9.177766773966553	1	NaN	3.48566901612217	1	NaN	-0.20603488875320466	1	NaN	0.003356490301788734	1	NaN	NaN	NaN	NaN	NaN	NaN	NaN	NaN	NaN	NaN	1.8676823568301698e-11	4.576634184625584e-13	1.0051673930902119e-13	NaN	17.07425587789822	429.08944816048654	433.64907650397015	0.2	0	418.39353914793605	10.51455794681461	10.626288674845856	0.1	1	0.09189188518582116	2.139811200713363	2.162549452241812	0	1	NaN	NaN	NaN	NaN	9	285.49664544338646	285.0379347025554	95203.50008072917	1.1589846743521721	1011.0831504893802	0.024891998583114437	-0.013351060791207662	0.007611776805118407	1001.291232085894	1388.0111646112678	0.006567625071809597	72.13855749973884	386.7199325253738	280.14826340150756	-1.0078066549339382	0.6043441706521907	0.13189836284492246	1.182498756215674	-9.774249249821174e-15	1.093858713484429e-15	1.182498756215674	5.289577343846002	182.94954885788454	149.05045114211546	6.40421696901983	NaN	0.46581898661293636	0.7030313726231733	11290.569921033833	0.00025685151593609354	0.08215203159444143	-0.00138125407601792	0	86.8796315287898	-13.184319268257475	29.822966082979452	74.26340231690708	113.25637427241489	158.8436752719247	237.97677066471394	0.24953033574878622	1.0078333251988871	-1.249297510679727	1.0121905510645985	-8.399350645669832	1.0926757509162952	3.1900305403493765	1.0926757509162952	-0.18855995347240762	1.0926757509162952	0.003894574537304929	1.165614274507086	NaN	NaN	800000009	800000009	800000009	800000009	800000009	811100109	899999999	899999999	89999	89999	89	89	17	19	11	4	3	4	0	NaN	0	0	0	0	0	0	0	0	0	NaN	NaN	NaN	NaN	0	0	0	0	0	0	0	0	18000	0	0	0	18000	18000	18000	18000	100	NaN	0.6960364471938059	0.5463346563094581	0.1636916417430825	0.05386851966454602	0.8285981512549521	0.036753456832306575	4.31381776246778e-8	NaN	-0.001066108260558278	0.08025025801798692	-0.004743523526380736	0.000003894574537304929	NaN	429.08944651873634	10.514519060099863	95609.08399631076	11.420000076293945	6.993397492925286	96.81291702037386	96.57245256402757	97.05337956131828	-0.4809246128739577	0.00027936393439530443	-1	0	2.130333665529887	74.34093975745304	1.0001559615482887	-273.1499938964844	9.001001723368963	-273.1499938964844	203
DATA	2025-11-25T160000_AIU-0547.ghg	2025-11-25	16:30:00	329.687	1	18000	18000	0.24788195828151496	1	NaN	-1.19300686258044	2	NaN	2.6028662556012168	2	NaN	2.538039856278328	1	NaN	0.05846573715850797	2	NaN	0.002015702538561344	1	NaN	NaN	NaN	NaN	NaN	NaN	NaN	NaN	NaN	NaN	1.0633284814571678e-10	2.7852191466933027e-12	5.726309710620045e-13	NaN	16.984258094157287	427.72794709416127	432.57435903014573	0.1	1	444.87551740739366	11.203650504968305	11.330594526051696	0.1	1	0.09146479544963415	2.136273978280285	2.160479232524734	0.6	0	NaN	NaN	NaN	NaN	9	286.18016905466715	285.6281552920872	95190.39365863716	1.1561279998652394	1011.4773713794037	0.024946976179281107	0.0037885797678713163	0.008092755775601854	1066.7659739258108	1443.000523268094	0.006999878712863249	73.92692911225072	376.2345493422831	281.075196457296	-1.573603479155186	0.3827709028877121	0.07452925335733822	1.6212020488861405	-1.1151067735987997e-14	6.2606707667905785e-15	1.6212020488861405	6.795792851799868	165.67139269683867	166.3286073031614	2.6349073548336257	NaN	0.4630410556467848	0.7006992278114472	7008.872587779142	0.000413761266691667	-0.45834351266153556	-0.002203237687227377	0	88.48306065086284	-13.427645823601203	30.37337141369497	75.63398941406454	115.34660607442957	161.77525509456376	242.3688114428134	0.24615228433961991	1.0070268449733686	-1.0406019349246338	1.012096938640799	2.3740587402374222	1.0963782030687717	2.3149309692351907	1.0963782030687717	0.05332624909439268	1.0963782030687717	0.002049197988969971	1.1676007265816777	NaN	NaN	800000009	800000009	800000009	800000009	800000009	800001009	899999999	899999999	89999	89999	89	89	6	36	7	6	5	0	0	NaN	0	0	0	0	0	0	0	0	0	NaN	NaN	NaN	NaN	0	0	0	0	0	0	0	0	18000	0	0	0	18000	18000	18000	18000	100	NaN	0.9168637481236611	0.33001790392993	0.15451680356930309	0.03732807815988429	0.7092227455504627	0.03815174375971999	2.2099173205170508e-8	NaN	-0.0008898617482486368	0.05840505307092886	0.0013454061696969546	0.000002049197988969971	NaN	427.72788108352205	11.203610239442774	95594.61332421875	11.414094941139219	7.920163851738015	96.71894515652127	96.47476270272998	96.96314008543226	-0.48839168598834026	0.0002799616000912566	-1	0	2.1262137962778405	72.93591739760504	1.0001626193059816	-273.1499938964844	9.000983853287167	-273.1499938964844	095
DATA	2025-11-25T163000_AIU-0547.ghg	2025-11-25	17:00:00	329.708	1	18000	18000	0.27794383927642946	1	NaN	-19.50403065132638	1	NaN	-10.952722107434788	1	NaN	5.238894027101909	1	NaN	-0.24609144036872244	1	NaN	0.006354271943010186	1	NaN	NaN	NaN	NaN	NaN	NaN	NaN	NaN	NaN	NaN	5.5007169116260746e-11	1.498786563830865e-12	2.952150652120601e-13	NaN	16.963395767469038	427.6044596264981	432.6452033166203	0.1	1	462.2035647661095	11.650987117111963	11.788332831058858	0.1	1	0.09103995112213434	2.1296869451577414	2.1547924036932216	0.3	0	NaN	NaN	NaN	NaN	9	286.58543810272215	285.9278181847466	95180.19916644966	1.154596482802167	1011.7321505490297	0.02497582376593651	-0.015946725335893214	0.008406160830377376	1109.2407365866552	1471.6455967809932	0.007280604917465108	75.37417561761848	362.40486019433797	281.6500273834663	-1.5342132119818992	0.41583781099490275	0.09001763260820278	1.5921163396727924	-1.2631383282099732e-14	3.2426979757053615e-15	1.5921163396727924	6.771825312316453	167.16526159295594	164.83473840704406	3.241209316825165	NaN	0.4906405189123559	0.7234514075497936	510.0360333550593	0.005685872782210229	1.7807473302081591	-0.03403025304639469	0	92.61500335706822	-14.054684070404855	31.7917336352606	79.16591189280638	120.73301070542871	169.32976417704293	253.68684266015958	0.27597388548390905	1.0071381891408535	-19.936664749711884	1.0123697198456052	-9.970020833494182	1.0985656189041482	4.768849431432108	1.0985656189041482	-0.22401159851899058	1.0985656189041482	0.012480116222551404	1.1716716892803305	NaN	NaN	800000009	800000009	800000009	800000009	800000009	800001009	899999999	899999999	89999	89999	89	89	5	17	4	7	12	0	1	NaN	0	0	0	0	0	0	0	0	0	NaN	NaN	NaN	NaN	0	0	0	0	0	0	0	0	18000	0	0	0	18000	18000	18000	18000	96	NaN	0.9905928877866659	0.3015314703219974	0.1547784569909241	0.04809331602385552	1.4694471787487255	0.015022569229372042	2.1894124631402116e-8	NaN	-0.01706698177151144	0.12051038452891573	-0.005660846345562581	0.000012480116222551403	NaN	427.6043867484961	11.65096926550062	95583.66945681424	11.40999984741211	8.496377694712773	96.670789990743	96.42606873936123	96.91551021152074	-0.48943264807595155	0.0002798612947986435	-1	0	2.119271450976531	71.88907729032306	1.000159744332234	-273.1499938964844	9.000985705137253	-273.1499938964844	107
DATA	2025-11-25T170000_AIU-0547.ghg	2025-11-25	17:30:00	329.729	0	18000	18000	0.08496225738818304	1	NaN	-17.68976105653431	1	NaN	-1.9312977045577298	2	NaN	1.6299658586842956	1	NaN	-0.043372754744654234	2	NaN	0.002569052743256679	1	NaN	NaN	NaN	NaN	NaN	NaN	NaN	NaN	NaN	NaN	-1.2870868896467786e-10	-3.491349366946813e-12	-6.897697762372669e-13	NaN	17.05885065116506	429.4032097536446	434.4638371548393	0.1	1	462.73804745327067	11.647983027391012	11.785257506803692	0.1	1	0.0914210197553039	2.1337644258000523	2.158911389016963	0	1	NaN	NaN	NaN	NaN	9	286.07826070997453	285.43180654737694	95168.90675238715	1.1564669902731315	1011.7211201073004	0.024935455503436968	-0.002810554507453594	0.008417598696803185	1108.8231609011434	1424.4983013477274	0.007278719382050963	77.83955655489925	315.675140446584	281.6444713152374	-0.6055472527727269	0.5405327522503927	0.17857108574405664	0.8311141704120937	-2.1209212192235064e-14	-7.544980115989672e-15	0.8311141704120937	3.297284144526261	193.7532210819123	138.2467789180877	12.407165365607668	NaN	0.27104812098236847	0.3207074513994087	94.8006253794349	0.03059051549916354	9.159520572508159	-0.05578038515733543	0	70.14835761734236	-10.645283902527456	24.07966117242873	59.961761024281984	91.44546892181783	128.25357039567533	192.14721931315677	0.08417356367597541	1.0093698505535977	-17.613174861414297	1.0141343078257505	-1.7506747755291763	1.1031733201125014	1.4775247270465823	1.1031733201125014	-0.03931635578372317	1.1031733201125014	0.007817817053042988	1.1874755540341566	NaN	NaN	800000009	800000009	800000009	800000009	800000009	811000009	899999999	899999999	89999	89999	89	89	23	19	4	6	0	0	0	NaN	0	0	0	0	0	0	0	0	0	NaN	NaN	NaN	NaN	0	0	0	0	0	0	0	0	17901	0	0	0	18000	18000	18000	18000	100	NaN	0.18876570000570625	0.35803941001229855	0.09460979278081266	0.1516099582945292	1.7373307242086162	0.00786226170085748	3.494317444504969e-8	NaN	-0.015053711533364223	0.03727707125000485	-0.000991928303474127	0.000007817817053042988	NaN	429.4031488314834	11.647972166700509	95566.65768858507	11.40999984741211	8.489929703924389	96.70166614807977	96.45220854059855	96.9511291296217	-0.49891463805652253	0.00027999374287901446	-1	0	2.123315255184968	75.84813085515414	1.000155232210954	-273.1499938964844	9.000946193933487	-273.1499938964844	129
DATA	2025-11-25T173000_AIU-0547.ghg	2025-11-25	18:00:00	329.749	0	18000	18000	0.05725332862854278	1	NaN	9.367398955322086	1	NaN	8.200588326254435	0	NaN	-2.469326232350996	1	NaN	0.18416417535784607	0	NaN	0.0022215674690523675	1	NaN	NaN	NaN	NaN	NaN	NaN	NaN	NaN	NaN	NaN	2.1293187113965513e-11	5.870794295048487e-13	1.1384568442416703e-13	NaN	17.081903973381426	429.60832569174977	434.75796042098506	0.1	1	470.96915956616226	11.844831372952456	11.986813153454209	-0.6	0	0.09132973089979753	2.13160201174505	2.1571531267773647	0	1	NaN	NaN	NaN	NaN	9	286.0689754808214	285.41346448262533	95187.17046484374	1.1566767768489605	1011.8305841972649	0.024929069034413203	0.011933838563188425	0.008562047170837863	1127.7784165216865	1422.780605408748	0.0074022815554080235	79.26579911438202	295.0021888870615	281.8948421939959	-0.5080795156446893	0.41148434230350656	0.14873645664578658	0.6705122606740593	-1.476476472702426e-14	1.246534762585394e-15	0.6705122606740593	3.297075141966448	191.00338226637862	140.99661773362138	12.81625319208897	NaN	0.22248173488512485	0.18850943968546643	-99.02208229812567	-0.029286396859126568	1.142283770706069	0.0359753341121537	0	76.88050109314058	-11.666912647755593	26.390588175819055	65.71629601252802	100.22149786823366	140.56207577647152	210.58760327692954	0.05627532690971888	1.0173788722790165	9.690757859639483	1.017795312524364	7.541974591508837	1.0873264324553813	-2.2710072694313217	1.0873264324553813	0.1693734005361847	1.0873264324553813	-0.0014014947221996556	1.1514803343901518	NaN	NaN	800000009	800000009	800000009	800000009	800000009	810100109	899999999	899999999	89999	89999	89	89	24	3	10	0	1	0	0	NaN	0	0	0	0	0	0	0	0	0	NaN	NaN	NaN	NaN	0	0	0	0	0	0	0	0	18000	0	0	0	18000	18000	18000	18000	100	NaN	0.1060600078299464	0.22026735673147385	0.050691514809512624	0.10299561116254857	2.5408210449759876	0.01404686734442569	2.7300478535666382e-8	NaN	0.008280144644258794	-0.05729290381578705	0.004272947108752468	-0.0000014014947221996556	NaN	429.608259473074	11.844814037871227	95592.6880499132	11.40999984741211	8.741661410437684	96.68130840057798	96.4262592171563	96.9363585158454	-0.5100962797221211	0.0002795923172541532	-1	0	2.120987990591262	76.61591778511469	1.0001458733081818	-273.1499938964844	9.000915052943759	-273.1499938964844	079
DATA	2025-11-25T180000_AIU-0547.ghg	2025-11-25	18:30:00	329.77	0	18000	18000	0.033364872249827975	1	NaN	-38.07482888028474	1	NaN	-21.367893897033532	1	NaN	8.325683610643942	1	NaN	-0.4798873045604657	1	NaN	0.0049095460831700645	1	NaN	NaN	NaN	NaN	NaN	NaN	NaN	NaN	NaN	NaN	2.860068410453031e-10	7.947869687845289e-12	1.518666795509595e-12	NaN	17.15842861121897	431.61241196051236	436.85206628419303	0.1	1	476.8171074221379	11.994115921777476	12.139721144441967	0.1	1	0.09110948430374266	2.1270328166805563	2.152854401940135	0	1	NaN	NaN	NaN	NaN	9	286.05427522532153	285.4552377841938	95167.80766232639	1.1562066910281594	1011.9146431424291	0.024937790469636758	-0.031096697335518175	0.008666925519195219	1141.759899999703	1426.695240372739	0.007496000141192866	80.02829670206276	284.93534037303584	282.07715040407055	-0.19120487945835	0.18457661810467585	0.11498653188119914	0.289568189540357	4.8220896243090086e-14	1.6668591718142454e-14	0.289568189540357	1.9445534646798734	195.98948717269533	136.01051282730467	23.396795431966414	NaN	0.16987403161207082	0.14558970050359105	10.843247587589417	0.2674475498760334	1.7818709257804113	-0.19157181210947397	1	0.618953382368512	1	1	1	3	6	105	0.03279202168766753	1.0174692053944292	-38.26620587120708	1.0277766283543728	-17.978265230113184	1.1885403637967693	7.004964967321518	1.1885403637967693	-0.40376189078465535	1.1885403637967693	0.01524410963019528	1.347279017241681	NaN	NaN	800000009	800000009	800000009	800000009	800000009	800100009	899999999	899999999	89999	89999	89	89	25	1	2	3	9	6	0	NaN	0	0	0	0	0	0	0	0	0	NaN	NaN	NaN	NaN	0	0	0	0	0	0	0	0	14810	0	0	0	18000	18000	18000	18000	98	NaN	0.09484652134571751	0.16615131780224784	0.030181561859216725	0.309217635921211	16.790785521380435	0.03350411422310046	5.2888112435094626e-8	NaN	-0.03270664859321074	0.17680959219563772	-0.010191196613660077	0.00001524410963019528	NaN	431.6129190523473	11.99407765109706	95574.42319075522	11.40999984741211	8.92314267365636	96.66802970466031	96.41526738238306	96.9207913930681	-0.5055277736485003	0.0002797256212862623	-1	0	2.116303699705336	77.09983229015492	1.0001766300168302	-273.1499938964844	9.001129387908511	-273.1499938964844	117
DATA	2025-11-25T183000_AIU-0547.ghg	2025-11-25	19:00:00	329.791	0	18000	18000	0.07418960274202482	1	NaN	20.672824644165328	1	NaN	2.8004152433816554	2	NaN	-2.662307142361588	2	NaN	0.06285713661193407	2	NaN	NaN	NaN	NaN	NaN	NaN	NaN	NaN	NaN	NaN	NaN	NaN	NaN	-2.514907138613757e-10	-7.1439642558041355e-12	NaN	NaN	17.24622121196072	431.2375170290085	436.5856639184488	0.1	1	489.904322884268	12.249937025965512	12.401859017940183	0.1	1	NaN	NaN	NaN	NaN	0	NaN	NaN	NaN	NaN	9	285.9740072360569	284.86598684745456	95185.75647017456	1.1587428204585821	1012.0201695563368	0.024978399965813882	0.0040731424524533275	0.008837390276887546	1161.7956235931772	1371.9493948801833	0.007626705530214268	84.68210474298438	210.15377128700607	282.3350004005149	-0.033685506509373256	-0.018400069345938238	0.11978856442931503	0.12578782162340624	2.7257608231673028e-14	-1.4582366233767203e-14	0.12578782162340624	1.8378855364952955	123.35526304234281	208.6447369576572	72.23323120227789	NaN	0.2530334836244321	0.17761792531341752	-66.01255443177799	-0.043931037436175324	7.382056890678025	0.06966996650785015	0	52.596484178823346	-7.981719392671089	18.05467099879704	44.9586835981509	68.56482920966346	96.16314786714334	144.069918724809	0.06970994254808978	1.064261424270214	19.934011842179338	1.0489654313455754	2.49001690240035	1.1246571220790047	-2.367216718852172	1.1246571220790047	0.05589004451040012	1.1246571220790047	NaN	1	NaN	NaN	800000009	800000019	800000009	800000019	800100019	800110019	899999999	899999999	89999	89999	89	89	0	0	7	2	0	4	0	NaN	0	0	4079	0	0	0	0	0	0	NaN	NaN	NaN	NaN	0	17261	0	0	0	0	0	0	15557	0	0	0	18000	18000	18000	18000	93	NaN	0.019656093195803984	0.166203996020411	0.16937576141062002	0.2019009092017772	20.14965504481784	0.007814389938644079	NaN	NaN	0.016998808742221455	-0.059859909832085285	0.0014132939321778713	NaN	NaN	431.23758009003444	12.249925688615317	95567.66452951389	11.421810117721558	9.235775413142305	96.6290551217397	96.3734600215488	96.88464838896857	-0.5111981417106262	0.00027804267811815326	-1	0	-2.096408057174315	3.2877825808636834	1.0001737102915844	-273.1499938964844	9.00115095369021	-273.1499938964844	193
DATA	2025-11-25T190000_AIU-0547.ghg	2025-11-25	19:30:00	329.812	0	18000	18000	0.03991914560244144	1	NaN	23.35079366924515	1	NaN	22.616732171139297	1	NaN	-16.947162624438672	1	NaN	0.5074802958102033	1	NaN	0.027916285364036716	1	NaN	NaN	NaN	NaN	NaN	NaN	NaN	NaN	NaN	NaN	-1.1384434996274808e-10	-3.1380537810621176e-12	-5.900701653763694e-13	NaN	17.61065415657377	435.9910321134037	441.29443854974096	0.1	1	485.4275146820788	12.017841089876919	12.164026426483462	0.1	1	0.09127832530956367	2.1219488315618675	2.1477602732246317	0.5	0	NaN	NaN	NaN	NaN	9	285.1178715515138	284.52284420990225	95144.9029152579	1.15970599374087	1011.9109482912731	0.0248623189922009	0.03288472316850117	0.008710430439656445	1143.7430384369134	1341.5366328964258	0.007510895422346798	85.25619132498313	197.7935944595124	282.1028495069719	0.10482275399809053	-0.08367782031993577	0.12278330140954086	0.18183928748832848	5.28179686116106e-15	-6.464515681846597e-15	0.18183928748832848	1.1858007333173626	10.599637828100185	321.4003621718998	42.471996193657276	NaN	0.18553107793730464	0.10594052663578389	-23.029503244823875	-0.12592542571024867	1.0324565676664188	0.10724937797413012	1	0.2871641311850576	1	1	1	4	NaN	NaN	0.03807728895737006	1.0483715278977308	23.792544735139803	1.0382562456584505	20.354801174510452	1.1111251825668222	-15.252253202729912	1.1111251825668222	0.45672648210336436	1.1111251825668222	0.016745913658622345	1.181526059348043	NaN	NaN	800000009	800000009	800000009	800000019	800000019	800000019	899999999	899999999	89999	89999	89	89	0	0	1	1	0	0	0	NaN	0	0	17297	0	0	0	0	0	0	NaN	NaN	NaN	NaN	0	11	0	0	0	0	101	0	16762	0	0	16	18000	18000	18000	18000	96	NaN	0.04675311270844231	0.13311279926052833	0.032015141302597146	0.18684934682803192	23.862389756568867	0.029103556596765955	8.483534076410397e-8	NaN	0.020274525461590247	-0.3838203133142404	0.011493442911664226	0.000016745913658622344	NaN	435.9912016494681	12.017808481457301	95540.32144921875	11.430000305175781	8.947090867678346	96.65213210381401	96.38828343963623	96.91598113335503	-0.5276974817978007	0.0002753145780055396	-1	0	2.1108781733759994	76.39262693340461	1.0001713814553288	-273.1499938964844	9.001116358412636	-273.1499938964844	004
DATA	2025-11-25T193000_AIU-0547.ghg	2025-11-25	20:00:00	329.833	0	18000	18000	0.009264234889621968	1	NaN	2.148068647121165	2	NaN	3.0697423167992004	1	NaN	-5.648936371695799	2	NaN	0.0688222618726333	1	NaN	-0.008228450070920898	2	NaN	NaN	NaN	NaN	NaN	NaN	NaN	NaN	NaN	NaN	-8.501292797329594e-12	-2.2198426217319521e-13	-4.3336444515155224e-14	NaN	18.006201647209917	444.8083469437947	450.0353988850062	0.1	1	470.1747701776867	11.614757315006607	11.75124517587352	0.1	1	0.09178895224713621	2.1249578999197305	2.1499288011900966	0	1	NaN	NaN	NaN	NaN	9	284.17769587368434	283.65191492546927	95145.293859375	1.1634496657824969	1011.6704667668952	0.024786113164734124	0.004459682569346637	0.008444161011105606	1105.385926401091	1266.0654920524114	0.007257865346006481	87.30874771803126	160.67956565132044	281.59866684373594	0.4541114474348887	0.107150303479195	0.1399980393600572	0.48713226669124937	-7.205567470512464e-14	-4.721313780603407e-16	0.48713226669124937	1.170236539295439	318.7235537898167	13.276446210183241	16.7018982144168	NaN	0.08923412702657034	0.06976891898193686	-27.851304241463023	-0.10412438767167995	0.6997553623200992	0.020451751432440917	1	9.552417831011045	4	8	14	22	39	105	0.009062906852785962	1.022214510212484	2.279273632860063	1.0209133244297732	2.815399931231012	1.090339700142345	-5.1808957987665	1.090339700142345	0.06312001834258486	1.090339700142345	-0.00848932755624281	1.1557196588485843	NaN	NaN	800000009	800000009	800000009	800000009	800000009	800100019	899999999	899999999	89999	89999	89	89	4	0	0	0	0	0	0	NaN	0	0	18000	0	0	0	0	0	0	NaN	NaN	NaN	NaN	0	0	0	0	0	0	0	0	16605	0	0	0	18000	18000	18000	18000	100	NaN	0.05247282375143535	0.08079873656630408	0.006266277646134293	0.04161569574884368	47.44492351641182	0.0048624789929704315	4.15852248011802e-7	NaN	0.001936465639546156	-0.12992370666727462	0.0015828897292100498	-0.00000848932755624281	NaN	444.8083746538294	11.614749336475809	95545.03817404514	11.383805684513515	8.444859629260167	96.68391948191325	96.41472767512003	96.95311027272543	-0.5383828436152799	0.0002746232289549274	-1	0	2.114527171525689	77.99494563251072	1.0001452526731625	-273.1499938964844	9.000944577243594	-273.1499938964844	069
DATA	2025-11-25T200000_AIU-0547.ghg	2025-11-25	20:30:00	329.854	0	18000	18000	0.027568534861082256	1	NaN	4.026914124190151	1	NaN	3.6543842838926475	1	NaN	0.2415717780326865	2	NaN	0.08193718837160331	1	NaN	-0.0017819219678022044	1	NaN	NaN	NaN	NaN	NaN	NaN	NaN	NaN	NaN	NaN	1.0024340210998269e-10	2.6026378064355074e-12	5.01580820053796e-13	NaN	18.180704902658526	449.1799487317713	454.4801605672226	0.1	1	472.0289707984117	11.662141266708378	11.799751637213637	0.1	1	0.09096950704273248	2.106965122419286	2.131826787572105	0	1	NaN	NaN	NaN	NaN	9	284.3273911768596	283.74767608049183	95137.77920399305	1.1629442283278988	1011.6985846367045	0.02479643942365848	0.0053095298064798945	0.008475079249736462	1109.807835249497	1274.1766214493864	0.007287605925799277	87.09999984045237	164.36878619988943	281.65756998287446	0.6829082429662844	0.3821674901186341	0.1711747466785212	0.8010720646204974	2.621430997787847e-14	5.513724723364511e-15	0.8010720646204974	1.9820746956041697	302.7678545045726	29.232145495427403	12.33821944387389	NaN	0.15396691187273528	0.12732907556984455	-76.3115628452799	-0.03800210468601842	1.1019405216740603	0.022229768446101094	1	8.94543374235442	4	8	14	23	42	124	0.027154927907629054	1.0152313773345354	4.176665530504257	1.0164466789556754	3.3638188945518666	1.0863796174673341	0.2223640559419371	1.0863796174673341	0.07542224380334257	1.0863796174673341	-0.0031449484765993362	1.1498205446854963	NaN	NaN	800000009	800000009	800000009	800000009	800010009	800110009	899999999	899999999	89999	89999	89	89	0	5	0	18	14	0	0	NaN	0	0	18000	0	0	0	0	0	0	NaN	NaN	NaN	NaN	0	0	0	0	0	0	0	0	16108	0	0	0	18000	18000	18000	18000	98	NaN	0.14331020038846032	0.10045193884283811	0.01089601190839066	0.06034958532803436	20.242951520356804	0.007404429881451177	5.109103803197492e-7	NaN	0.0035499290082080526	0.005578916406635189	0.0018922770211098245	-0.000003144948476599336	NaN	449.1810702062115	11.662130136954545	95537.23416341146	11.385145542409683	8.503451809724169	96.67097294086881	96.3994618856642	96.94247652456495	-0.5430187041444915	0.00027438779058381143	-1	0	2.096584162970383	64.74834144574417	1.0001516427364614	-286.7159944661473	9.00095127942827	-273.1499938964844	205
DATA	2025-11-25T203000_AIU-0547.ghg	2025-11-25	21:00:00	329.874	0	18000	18000	0.03822544124497547	1	NaN	8.27439405301847	1	NaN	8.207476213852944	1	NaN	-3.0106987692541636	1	NaN	0.18410939843654583	1	NaN	0.012639829150929515	1	NaN	NaN	NaN	NaN	NaN	NaN	NaN	NaN	NaN	NaN	-1.2103904020562885e-10	-3.2181619270688498e-12	-6.086395314369446e-13	NaN	18.039276911859435	446.2401367438508	451.5981427797828	0.1	1	479.6247066316247	11.864544001335153	12.007001600144164	0.1	1	0.09070971670332881	2.1057566395152403	2.1310404628554145	0	1	NaN	NaN	NaN	NaN	9	284.8170558895535	284.2272468956841	95132.4000329861	1.160827129773537	1011.8200429145869	0.024839753121663612	0.01193028901868817	0.008607134117641461	1129.005308653686	1315.4892146401312	0.007414656236816765	85.82398822346406	186.48390598644528	281.91091947096885	0.25045327771506454	0.021721032502493676	0.13355805493873096	0.28466893334225485	-4.141783054383368e-15	-6.709750107891244e-15	0.28466893334225485	2.094915582662028	327.04331803098876	4.956681969011263	27.980417303482096	NaN	0.18146483530896254	0.2095506535671048	-60.80271488170774	-0.047695238701791154	1.0081532784770768	0.03882155196704578	1	0.8741289837443356	1	1	1	2	5	15	0.03696990457031005	1.033961047215516	8.519757225814438	1.0286454360861617	7.466216916806773	1.0992817788855778	-2.73878711271493	1.0992817788855778	0.16748153382765152	1.0992817788855778	0.008541266200078298	1.1669886311383397	NaN	NaN	800000009	800000009	800000009	800000009	800000009	800100019	899999999	899999999	89999	89999	89	89	0	0	4	2	0	0	0	NaN	0	0	18000	0	0	0	0	0	0	NaN	NaN	NaN	NaN	0	0	0	0	0	0	0	0	16508	0	0	0	18000	18000	18000	18000	94	NaN	0.07473635152850225	0.3264428029345338	0.017922152671173534	0.04207066670014804	13.22503538983166	0.006844888254837148	7.770060516194867e-8	NaN	0.007253646587735452	-0.06884786334768342	0.004210165040099179	0.000008541266200078299	NaN	446.2400810173454	11.864533710018765	95538.77011241319	11.399999618530273	8.75781403795878	96.6420081676907	96.37140271716648	96.91261429553562	-0.5412102263106233	0.0002751802896818845	-1	0	2.0952294578552237	67.18207945169115	1.0001617237064573	-273.1499938964844	9.00104525203175	-273.1499938964844	143
DATA	2025-11-25T210000_AIU-0547.ghg	2025-11-25	21:30:00	329.895	0	18000	18000	0.03933753333229153	1	NaN	2.3563009732574733	1	NaN	3.4463427976317638	1	NaN	0.07610811815462559	2	NaN	0.0772922524955133	1	NaN	-0.0012114238965093887	2	NaN	NaN	NaN	NaN	NaN	NaN	NaN	NaN	NaN	NaN	1.6589378424273648e-10	4.328782939405577e-12	8.29039818119513e-13	NaN	18.269382272166435	452.14701375945685	457.54521889026614	0.1	1	476.71581339971385	11.798189354709422	11.939048509742424	0.1	1	0.0912996555308604	2.117366803245729	2.1426461482225982	0	1	NaN	NaN	NaN	NaN	9	284.60582856241865	284.0137078323364	95101.25732552083	1.1613488848564517	1011.7791753760331	0.024829219227203454	0.005008537961709262	0.008562628323876007	1122.3236124935174	1296.9505393532138	0.007373002579611887	86.5355754470959	174.62692685969637	281.8231748707863	0.45293072385114796	0.27088001639367415	0.14727749476243834	0.5479168589788515	1.2772215605740452e-14	9.080426572247991e-15	0.5479168589788515	1.448437195982729	301.11801922698874	30.881980773011282	15.59259474366992	NaN	0.18404423083498744	0.11627583745659492	-222.69449098335664	-0.01302232483252913	0.6837105626511273	0.010895824781126879	1	3.2504065525331844	2	3	5	9	17	56	0.03855579988313568	1.0202753788411942	2.5081356010492546	1.0196544082383614	3.164576306236829	1.0890376670139448	0.06988566186448632	1.0890376670139448	0.07097298361354439	1.0890376670139448	-0.002077659064387614	1.1539663471401835	NaN	NaN	800000009	800000009	800000009	800000009	800000009	800000009	899999999	899999999	89999	89999	89	89	0	0	0	12	8	6	2	NaN	0	0	18000	0	0	0	0	0	0	NaN	NaN	NaN	NaN	0	0	0	0	0	0	0	0	16705	0	0	0	18000	18000	18000	18000	95	NaN	0.1365851676842998	0.08408421101188435	0.011882296217005716	0.021925721730038074	14.483160857377978	0.0018048154103805373	1.4419334562196222e-7	NaN	0.0021345315038871697	0.0017559287562885337	0.0017832485165307876	-0.000002077659064387614	NaN	452.14707716611156	11.798183647882503	95501.68332118055	11.417715023994445	8.669224639283284	96.65778792995877	96.38970114029777	96.92587357860141	-0.5361797207958166	0.0002751661071427709	-1	0	2.106824687110053	73.32455117711682	1.000168471622798	-273.1499938964844	9.001039291938145	-273.1499938964844	235
DATA	2025-11-25T213000_AIU-0547.ghg	2025-11-25	22:00:00	329.916	0	18000	18000	0.03330750234701502	1	NaN	0.23315621535135486	2	NaN	2.8506609796786724	1	NaN	-0.6555664655656239	2	NaN	0.06393378821751099	1	NaN	-0.011422784717181122	1	NaN	NaN	NaN	NaN	NaN	NaN	NaN	NaN	NaN	NaN	5.957835640414227e-11	1.5600589033076338e-12	2.972892293816292e-13	NaN	18.384054381578956	454.7786166586177	460.25956025402536	0.1	1	481.3863531636455	11.908375335827126	12.05189381083407	0.1	1	0.09173434263503087	2.127736497272127	2.1533797515946866	0	1	NaN	NaN	NaN	NaN	9	284.6274084048801	284.0314404292442	95090.04497174249	1.1610908711091843	1011.8410317793678	0.024833697327942945	0.004142909476494712	0.00864103819880595	1132.6716919386652	1298.4812139433975	0.007442172196695689	87.23050281943007	165.80952200473234	281.95887238662044	0.3675377235613781	0.2392355667257698	0.13085836573915335	0.4576478411521279	-3.3556383020351804e-15	3.240762628718097e-15	0.4576478411521279	1.275975301377151	298.93932071389344	33.06067928610657	16.61485460666532	NaN	0.16937056189872024	0.10155508696440141	-1753.9298210734096	-0.001653429895059993	0.08179022935853857	0.0011717381538067441	1	2.648564185737679	1	2	4	8	15	49	0.03254825857102068	1.0233267096099061	0.38476361471604853	1.0216386607638643	2.612594133901272	1.0911227820227498	-0.6008182363769538	1.0911227820227498	0.05859449483676712	1.0911227820227498	-0.010827132841200926	1.1567465033543536	NaN	NaN	800000009	800000009	800000009	800000019	800000019	800000119	899999999	899999999	89999	89999	89	89	5	0	0	12	9	0	0	NaN	0	0	18000	0	0	0	0	0	0	NaN	NaN	NaN	NaN	0	8	0	0	0	0	101	0	17802	0	0	16	18000	18000	18000	18000	93	NaN	0.1286006584873369	0.06250476215553319	0.012004753285932736	0.028465679679597896	22.01572808205468	0.004702392212722936	3.4656757804780613e-7	NaN	0.00032750316309142295	-0.015100407790149413	0.001472659637677614	-0.000010827132841200926	NaN	454.77877378227936	11.908367333580923	95490.36709114583	11.430000305175781	8.805018618583677	96.63064844618904	96.35713837708366	96.90415541140239	-0.5470163944446383	0.0002748819383284879	-1	0	2.1168334452907245	74.45900088328756	1.0001686627997293	-273.1499938964844	9.001026673396428	-273.1499938964844	009
DATA	2025-11-25T220000_AIU-0547.ghg	2025-11-25	22:30:00	329.937	0	18000	18000	0.0934533645591552	1	NaN	11.115729267904086	2	NaN	16.49109590807911	1	NaN	-0.8526389501792268	2	NaN	0.3701075454967448	1	NaN	-0.023210383244745083	0	NaN	NaN	NaN	NaN	NaN	NaN	NaN	NaN	NaN	NaN	6.139232123835884e-10	1.749218306426869e-11	3.1840923932658784e-12	NaN	17.574610878691683	435.41529625301496	440.8849382793135	0.1	1	500.74391157127866	12.40605326107413	12.561896822109334	0.1	1	0.09115013683256173	2.1215056923457127	2.148155827960477	0	1	NaN	NaN	NaN	NaN	9	285.4020884865655	284.7368967437744	95073.43854817709	1.1577930067630295	1012.1317164716451	0.0248997258927176	0.023982968948189062	0.00897829496429653	1179.8025270139394	1360.6807524795029	0.007754663322244574	86.70678444330474	180.87822546556345	282.56341787236454	-0.2176088725902842	-0.047517861407045794	0.12836228534332617	0.2570767295600007	-1.175186955601927e-14	3.4932392905947005e-14	0.2570767295600007	2.1544341244787484	139.6820413477144	192.31795865228554	29.954695765137398	NaN	0.28410704943547344	0.167548257392608	-173.6368813235291	-0.016701520885972213	0.6740443042635152	0.03338781469995479	0	79.49589709591896	-12.063809081439569	27.288368989479302	67.95189717881519	103.63093070477933	145.34385380732274	217.75157812118692	0.0901344259994525	1.0368220968059736	11.72455925889179	1.0305447490133073	14.970301564121344	1.1015874220999387	-0.7740093369565301	1.1015874220999387	0.33597655353690825	1.1015874220999387	-0.025684866801457856	1.1698268119660589	NaN	NaN	800000009	800000009	800000009	800000009	800000009	800000009	899999999	899999999	89999	89999	89	89	15	18	3	1	4	0	0	NaN	0	0	18000	0	0	0	0	0	0	NaN	NaN	NaN	NaN	0	0	0	0	0	0	0	0	16450	0	0	0	18000	18000	18000	18000	93	NaN	0.12454092307327672	0.13452483885597516	0.0760307528559641	0.19675403612866652	88.09583615205217	0.02895191604886726	4.32893944856278e-8	NaN	0.010005264397438601	-0.019514786753625862	0.00847084199561685	-0.000025684866801457854	NaN	435.4163180099627	12.406020557213466	95480.32856228299	11.402281337420144	9.409496554639587	96.53166420745849	96.25151349597508	96.81181480026245	-0.5603023779226672	0.0002755245030453402	-1	0	2.1104270119468374	60.533207786204514	1.0001477508544923	-273.1499938964844	9.000951350477006	-273.1499938964844	117
DATA	2025-11-25T223000_AIU-0547.ghg	2025-11-25	23:00:00	329.958	0	18000	18000	0.04473108571105044	1	NaN	-3.89719494047919	1	NaN	3.7197148733772116	1	NaN	3.785933674417896	1	NaN	0.0834394515702984	1	NaN	0.010168726589912547	1	NaN	NaN	NaN	NaN	NaN	NaN	NaN	NaN	NaN	NaN	-3.766086344015944e-11	-9.98512943085776e-13	-1.8480217451781302e-13	NaN	18.468206623999283	457.6983137573072	463.3207493415479	0.2	0	489.6526968625358	12.135082644649819	12.284151842477712	0.1	1	0.09062364565757543	2.1040166878296405	2.1298627483020467	0.9	0	NaN	NaN	NaN	NaN	9	284.81914107428656	284.21634314021446	95050.76101711339	1.159756259633969	1011.9709460303549	0.02486013422283176	0.005406876461755336	0.00879617909715424	1153.7582408207024	1314.5369709880317	0.00758450667895546	87.76917395891233	160.7787301673293	282.2320375795941	0.29197489731789195	0.22049283195539346	0.1355820676026758	0.39019088490496157	9.52986089510338e-15	-2.0392268836335986e-15	0.39019088490496157	1.2969172263063315	294.9407235392108	37.059276460789164	20.33302909834501	NaN	0.19639089852470082	0.12662181841728684	163.5488868571038	0.01773170124070482	-1.0477133525400673	-0.016908146563347378	1	1.3308711110081937	1	1	2	4	7	24	0.04409051504881781	1.0145285366143575	-3.648438573952838	1.0160771441461642	3.3862087779043777	1.098489525409367	3.4464904642645697	1.098489525409367	0.07595834975231426	1.098489525409367	0.010177750977706797	1.1802208632007511	NaN	NaN	800000009	800000009	800000009	800000019	800000019	800000119	899999999	899999999	89999	89999	89	89	0	0	0	0	5	0	0	NaN	0	0	18000	0	0	0	0	0	0	NaN	NaN	NaN	NaN	0	0	0	0	0	0	101	0	13366	0	0	21	18000	18000	18000	18000	93	NaN	0.14182401170878833	0.09449420873535158	0.016925416390433764	0.043483215238334476	43.45674365615193	0.006124517010654653	6.519101206551028e-8	NaN	-0.0031086531606564095	0.08673301011030288	0.0019115376599294315	0.000010177750977706796	NaN	457.6984475046039	12.13507273425141	95452.69154361979	11.402572455194262	9.078358456611637	96.61605480427212	96.34725298860339	96.88485669093662	-0.5376041164216067	0.00027552272332185466	-1	0	2.0932587961024707	76.41535120446159	1.000165476616886	-273.1499938964844	9.00104027665986	-273.1499938964844	033
DATA	2025-11-25T230000_AIU-0547.ghg	2025-11-25	23:30:00	329.979	0	18000	18000	0.029911870420740883	1	NaN	-2.860494433943246	1	NaN	-2.2061570042854317	1	NaN	-2.2867063172362485	1	NaN	-0.04946222247572738	1	NaN	NaN	NaN	NaN	NaN	NaN	NaN	NaN	NaN	NaN	NaN	NaN	NaN	2.2665127750945916e-10	6.007785990067449e-12	NaN	NaN	18.66663791665137	462.27967548819265	468.01450344890844	0.1	1	494.7916772833527	12.253526158814536	12.405537740026105	0.1	1	NaN	NaN	NaN	NaN	0	NaN	NaN	NaN	NaN	9	284.78013541666667	283.67641848192903	95161.38275126112	1.1633023704468768	1012.00131170158	0.02488049224802578	-0.003205152016427134	0.008874765939675495	1161.8371080076263	1267.7717580534566	0.007628941679424498	91.64402824302672	105.93465004583027	282.33553020559015	0.23517577441981494	0.03652691184840948	0.0846815130628987	0.25261199262458456	-4.8174553865538077e-14	1.2142051424658393e-14	0.25261199262458456	1.2869964512417373	323.1715036088126	8.828496391187368	19.58613828107302	NaN	0.16035240533402786	0.1129569348259293	121.39187410080727	0.023889572687474592	1.2965960393511304	-0.015152766806608885	1	0.7881426953238245	1	1	1	3	5	24	0.029339838106169615	1.0194967781519892	-2.9375561147242286	1.0188760595351456	-1.9976996558112516	1.1043486931920838	-2.070637952788805	1.1043486931920838	-0.04478859148441462	1.1043486931920838	NaN	1	NaN	NaN	800000009	800000019	800000009	800000019	800000019	800100019	899999999	899999999	89999	89999	89	89	1	0	0	1	6	0	0	NaN	0	0	18000	0	0	0	0	0	0	NaN	NaN	NaN	NaN	0	17027	0	0	0	0	0	0	17901	0	0	0	18000	18000	18000	18000	93	NaN	0.10928079732669814	0.1040964358352681	0.012536636489892374	0.07385694772017057	26.879069235069444	0.01356821295026757	NaN	NaN	-0.0024952409149249523	-0.052155261581044575	-0.0011281357523511243	NaN	NaN	462.2796272936115	12.253508650148502	95464.79257595487	11.40999984741211	9.224080761750535	96.5434293085734	96.26513531261018	96.8217273067898	-0.5565961263245972	0.0002749270215119598	-1	0	-0.37385221482935493	5.155518954628013	1.0001419202337662	-282.2242755275289	9.00093298043145	-273.1499938964844	239
