DATAH	filename	date	time	DOY	daytime	file_records	used_records	Tau	qc_Tau	rand_err_Tau	H	qc_H	rand_err_H	LE	qc_LE	rand_err_LE	co2_flux	qc_co2_flux	rand_err_co2_flux	h2o_flux	qc_h2o_flux	rand_err_h2o_flux	ch4_flux	qc_ch4_flux	rand_err_ch4_flux	none_flux	qc_none_flux	rand_err_none_flux	H_strg	LE_strg	co2_strg	h2o_strg	ch4_strg	none_strg	co2_v-adv	h2o_v-adv	ch4_v-adv	none_v-adv	co2_molar_density	co2_mole_fraction	co2_mixing_ratio	co2_time_lag	co2_def_timelag	h2o_molar_density	h2o_mole_fraction	h2o_mixing_ratio	h2o_time_lag	h2o_def_timelag	ch4_molar_density	ch4_mole_fraction	ch4_mixing_ratio	ch4_time_lag	ch4_def_timelag	none_molar_density	none_mole_fraction	none_mixing_ratio	none_time_lag	none_def_timelag	sonic_temperature	air_temperature	air_pressure	air_density	air_heat_capacity	air_molar_volume	ET	water_vapor_density	e	es	specific_humidity	RH	VPD	Tdew	u_unrot	v_unrot	w_unrot	u_rot	v_rot	w_rot	wind_speed	max_wind_speed	wind_dir	yaw	pitch	roll	u*	TKE	L	(z-d)/L	bowen_ratio	T*	model	x_peak	x_offset	x_10%	x_30%	x_50%	x_70%	x_90%	un_Tau	Tau_scf	un_H	H_scf	un_LE	LE_scf	un_co2_flux	co2_scf	un_h2o_flux	h2o_scf	un_ch4_flux	ch4_scf	un_none_flux	un_none_scf	spikes_hf	amplitude_resolution_hf	drop_out_hf	absolute_limits_hf	skewness_kurtosis_hf	skewness_kurtosis_sf	discontinuities_hf	discontinuities_sf	timelag_hf	timelag_sf	attack_angle_hf	non_steady_wind_hf	u_spikes	v_spikes	w_spikes	ts_spikes	co2_spikes	h2o_spikes	ch4_spikes	none_spikes	head_detect_LI-7200	t_out_LI-7200	t_in_LI-7200	aux_in_LI-7200	delta_p_LI-7200	chopper_LI-7200	detector_LI-7200	pll_LI-7200	sync_LI-7200	chopper_LI-7500	detector_LI-7500	pll_LI-7500	sync_LI-7500	not_ready_LI-7700	no_signal_LI-7700	re_unlocked_LI-7700	bad_temp_LI-7700	laser_temp_unregulated_LI-7700	block_temp_unregulated_LI-7700	motor_spinning_LI-7700	pump_on_LI-7700	top_heater_on_LI-7700	bottom_heater_on_LI-7700	calibrating_LI-7700	motor_failure_LI-7700	bad_aux_tc1_LI-7700	bad_aux_tc2_LI-7700	bad_aux_tc3_LI-7700	box_connected_LI-7700	mean_value_RSSI_LI-7200	mean_value_LI-7500	u_var	v_var	w_var	ts_var	co2_var	h2o_var	ch4_var	none_var	w/ts_cov	w/co2_cov	w/h2o_cov	w/ch4_cov	w/none_cov	co2_mean	h2o_mean	air_p_mean	vin_sf_mean	dew_point_mean	avg_signal_strength_7200_mean	co2_signal_strength_7200_mean	h2o_signal_strength_7200_mean	delta_signal_strength_7200_mean	flowrate_mean	hit_power_mean	hit_vin_mean	ch4_mean	rssi_77_mean	ch4_aux-1_mean	ch4_aux-2_mean	ch4_aux-3_mean	ch4_aux-4_mean	CHK
DATAU		[yyyy-mm-dd]	[HH:MM]	[ddd.ddd]	[1=daytime]	[#]	[#]	[kg+1m-1s-2]	[#]	[kg+1m-1s-2]	[W+1m-2]	[#]	[W+1m-2]	[W+1m-2]	[#]	[W+1m-2]	[µmol+1s-1m-2]	[#]	[µmol+1s-1m-2]	[mmol+1s-1m-2]	[#]	[mmol+1s-1m-2]	[µmol+1s-1m-2]	[#]	[µmol+1s-1m-2]	[µmol+1s-1m-2]	[#]	[µmol+1s-1m-2]	[W+1m-2]	[W+1m-2]	[µmol+1s-1m-2]	[mmol+1s-1m-2]	[µmol+1s-1m-2]	[µmol+1s-1m-2]	[µmol+1s-1m-2]	[mmol+1s-1m-2]	[µmol+1s-1m-2]	[µmol+1s-1m-2]	[mmol+1m-3]	[µmol+1mol_a-1]	[µmol+1mol_d-1]	[s]	[1=default]	[mmol+1m-3]	[mmol+1mol_a-1]	[mmol+1mol_d-1]	[s]	[1=default]	[mmol+1m-3]	[µmol+1mol_a-1]	[µmol+1mol_d-1]	[s]	[1=default]	[mmol+1m-3]	[µmol+1mol_a-1]	[µmol+1mol_d-1]	[s]	[1=default]	[K]	[K]	[Pa]	[kg+1m-3]	[J+1kg-1K-1]	[m+3mol-1]	[mm]	[kg+1m-3]	[Pa]	[Pa]	[kg+1kg-1]	[%]	[Pa]	[K]	[m+1s-1]	[m+1s-1]	[m+1s-1]	[m+1s-1]	[m+1s-1]	[m+1s-1]	[m+1s-1]	[m+1s-1]	[deg_from_north]	[deg]	[deg]	[deg]	[m+1s-1]	[m+2s-2]	[m]	[#]	[#]	[K]	[0=KJ/1=KM/2=HS]	[m]	[m]	[m]	[m]	[m]	[m]	[m]	[kg+1m-1s-2]	[#]	[W+1m-2]	[#]	[W+1m-2]	[#]	[µmol+1s-1m-2]	[#]	[mmol+1s-1m-2]	[#]	[µmol+1s-1m-2]	[#]	[µmol+1s-1m-2]	[#]	8u/v/w/ts/co2/h2o/ch4/none	8u/v/w/ts/co2/h2o/ch4/none	8u/v/w/ts/co2/h2o/ch4/none	8u/v/w/ts/co2/h2o/ch4/none	8u/v/w/ts/co2/h2o/ch4/none	8u/v/w/ts/co2/h2o/ch4/none	8u/v/w/ts/co2/h2o/ch4/none	8u/v/w/ts/co2/h2o/ch4/none	8co2/h2o/ch4/none	8co2/h2o/ch4/none	8aa	8U	[#]	[#]	[#]	[#]	[#]	[#]	[#]	[#]	[#_flagged_recs]	[#_flagged_recs]	[#_flagged_recs]	[#_flagged_recs]	[#_flagged_recs]	[#_flagged_recs]	[#_flagged_recs]	[#_flagged_recs]	[#_flagged_recs]	[#_flagged_recs]	[#_flagged_recs]	[#_flagged_recs]	[#_flagged_recs]	[#_flagged_recs]	[#_flagged_recs]	[#_flagged_recs]	[#_flagged_recs]	[#_flagged_recs]	[#_flagged_recs]	[#_flagged_recs]	[#_flagged_recs]	[#_flagged_recs]	[#_flagged_recs]	[#_flagged_recs]	[#_flagged_recs]	[#_flagged_recs]	[#_flagged_recs]	[#_flagged_recs]	[#_flagged_recs]	[#]	[#]	[m+2s-2]	[m+2s-2]	[m+2s-2]	[K+2]	--	--	--	--	[m+1s-1K+1]	--	--	--	--	--	--	--	--	--	--	--	--	--	--	--	--	--	--	--	--	--	--	207
DATA	2025-05-24T233000_AIU-0547.ghg	2025-05-25	00:00:00	145	0	18000	18000	0.07002517206783844	0	NaN	14.244285371085684	1	NaN	87.96564904668813	0	NaN	3.1907644817981633	2	NaN	1.9800244942713374	0	NaN	0.015133362359473141	2	NaN	NaN	NaN	NaN	NaN	NaN	NaN	NaN	NaN	NaN	-1.0149916844562709e-10	-2.5035751428500315e-12	-5.515843371529724e-13	NaN	16.080993192563287	404.9865879734449	409.07297576017555	0.1	0	396.65324796044223	9.989385828132338	10.090180534567645	0.6	0	0.08739011468486205	2.0595447655671673	2.0803259440707635	0	1	NaN	NaN	NaN	NaN	9	288.2923351152208	287.8050379312747	95801.3384241089	1.1552798657348173	1010.8480908222361	0.02497680225267557	0.12830558722878266	0.007207036909134565	957.2532365590706	1662.7369774474616	0.006238347194383518	57.57093572481866	705.483740888391	279.494242123046	1.9961804404116978	0.4978378580473088	0.35265195326640925	2.0873289831099098	-1.3393403932897507e-13	-6.311747491601809e-15	2.0873289831099098	4.695534671440649	317.99637425277297	14.003625747227048	9.726712004600737	NaN	0.2461974158049971	0.6549289715552186	-88.62498220388842	-0.03272215043528395	0.1619300889091999	0.04954320247972901	0	65.73810808792786	-9.976011521587225	22.565765224451326	56.19194605893735	85.69626323863544	120.19022767896118	180.06686259009854	0.06942529301471964	1.0086406412860456	18.970141913966327	1.0133083031930183	80.49543467184506	1.092802957152748	2.9197985427414705	1.092802957152748	1.8118769548631237	1.092802957152748	0.004269928792005853	1.1506327276815143	NaN	NaN	800000009	800000009	800000009	800000019	800000019	800000019	899999999	899999999	89999	89999	89	89	8	1	3	25	26	5	0	NaN	0	0	0	0	0	0	0	0	0	NaN	NaN	NaN	NaN	0	0	0	0	0	0	101	0	16411	0	0	21	18000	18000	18000	18000	73	NaN	0.5984623066590897	0.6195811868439784	0.091814449607369	0.2109564257616256	30.659705297943574	0.300441573518557	5.27805944010533e-7	NaN	0.016244168289601082	0.07366327912042205	0.0457116461646787	0.000004269928792005854	NaN	404.984585522797	9.98907903855383	96188.20187586805	11.460000038146973	6.318798707167253	75.72237253104312	75.28374644809297	76.16099989403618	-0.8772525268130842	0.0002797878620040138	-1	0	2.0508191416925854	37.44967294640019	1.0001379503160714	-273.1499938964844	9.000962311903635	-273.1499938964844	157
DATA	2025-05-25T000000_AIU-0547.ghg	2025-05-25	00:30:00	145.02	0	18000	18000	0.021041511108871175	1	NaN	14.510818249492264	1	NaN	62.832947020425976	1	NaN	1.5787331953781663	1	NaN	1.4132225455034184	1	NaN	-0.016537988177701406	1	NaN	NaN	NaN	NaN	NaN	NaN	NaN	NaN	NaN	NaN	3.011581241712748e-11	7.492237409074376e-13	1.64365655138623e-13	NaN	16.2348843767486	407.68012747241244	411.8573082038887	0.2	0	403.8928333551989	10.142300860686388	10.246221117949753	0.1	1	0.08860652237183121	2.0806835480328614	2.1020026917424866	-0.1	0	NaN	NaN	NaN	NaN	9	287.4542748463949	287.0039326602623	95828.43413912789	1.1587649658089705	1010.9160917942675	0.024900236736343864	0.0915768209486215	0.007339860523264267	972.1815175161735	1578.6764398977027	0.006334209904370105	61.58206285634884	606.4949223815292	279.7188682327996	1.5169176395039317	-0.37528652857065536	0.27567633873017866	1.586781820950983	2.4231206135387295e-15	1.8550062765004336e-15	1.586781820950983	3.755048952887888	345.8959910939571	346.1040089060429	10.00493396840837	NaN	0.13475372670876856	0.2811263644689395	-14.26817755763378	-0.20324950318889448	0.23094282438757857	0.09192648448207287	1	27.81594887590682	12	22	38	59	98	237	0.020837448418711917	1.0097930747593842	17.84239424093199	1.0134981658034685	57.72270106352824	1.0885309568461379	1.4503337598705681	1.0885309568461379	1.2982842027736425	1.0885309568461379	-0.023581257638434838	1.1484006968528881	NaN	NaN	800000009	800000009	800000009	800000019	800000019	800000019	899999999	899999999	89999	89999	89	89	4	3	0	6	5	0	0	NaN	0	0	0	0	0	0	0	0	0	NaN	NaN	NaN	NaN	0	0	0	0	0	0	101	0	17207	0	0	16	18000	18000	18000	18000	73	NaN	0.18895995509278168	0.297293865838628	0.07599890800646937	0.10085620919030278	11.492099889054641	0.17161151884942782	7.567803137133638e-7	NaN	0.015231499664444283	0.0364837827249174	0.03265890933505767	-0.000023581257638434838	NaN	407.67935783198874	10.142131874671119	96212.485296875	11.466967975404527	6.55147597903674	75.49535260984631	75.04422342469957	75.94648087183634	-0.9022545421653301	0.0002789871109465214	-1	0	2.071754975418249	37.54258639764787	1.0001573248522149	-273.1499938964844	9.001102209700479	-273.1499938964844	118
DATA	2025-05-25T003000_AIU-0547.ghg	2025-05-25	01:00:00	145.041	0	18000	18000	0.030132286540095365	0	NaN	23.92371689975002	0	NaN	61.76162655427412	0	NaN	-0.6573737658392013	2	NaN	1.3896142970696392	0	NaN	0.002800574028650023	0	NaN	NaN	NaN	NaN	NaN	NaN	NaN	NaN	NaN	NaN	-2.3819045873702886e-10	-5.8858836871663425e-12	-1.29296858260784e-12	NaN	16.071815429531195	403.563191387732	407.62821525634337	0.1	1	397.1478822510872	9.97238099932579	10.072831108885456	0.1	1	0.08724258950606434	2.0519154819368794	2.072584080036137	-0.1	0	NaN	NaN	NaN	NaN	9	287.83824931165907	287.3692399149694	95836.88292903933	1.157468614176953	1010.8295936344846	0.02492973255841476	0.09004700645011261	0.007208352847980607	955.978272641467	1616.5335985263594	0.00622768752404253	59.137544280733906	660.5553258848923	279.47491469412415	1.6100718088271915	0.08555614870818923	0.3348484997138491	1.6467466720544603	-1.620434508112463e-14	-1.4820382910779652e-14	1.6467466720544603	4.943347969212533	328.9582722056622	3.0417277943376893	11.732307041480398	NaN	0.1613471997926636	0.596180318565391	-14.856341827068016	-0.19520283214783377	0.38735568077577476	0.12673017960583055	1	23.029454967048807	10	18	32	49	82	201	0.029845592419063288	1.009605911553257	27.1047474462616	1.0134372738578497	56.71541438827792	1.0889742624720937	-0.6036632714779586	1.0889742624720937	1.2760763453812571	1.0889742624720937	-0.008354652700798068	1.14858953947804	NaN	NaN	800000009	800000009	800000009	800000019	800000019	800100019	899999999	899999999	89999	89999	89	89	6	10	5	6	1	1	0	NaN	0	0	0	0	0	0	0	0	0	NaN	NaN	NaN	NaN	0	0	0	0	0	0	101	0	16908	0	0	16	18000	18000	18000	18000	73	NaN	0.3775136529131618	0.7334166718429951	0.08143031237462521	0.14414675041822964	13.15635578615587	0.30024252264806517	6.725341334888303e-8	NaN	0.02316638093514108	-0.015200792671194204	0.03213276817598128	-0.000008354652700798067	NaN	403.5619896567063	9.972087374713178	96227.44415993923	11.470000267028809	6.3000174406634875	75.38280180782745	74.91803248723345	75.84757092963326	-0.929537483221958	0.0002790015791203284	-1	0	2.0433436096774202	36.86220492552121	1.000175713835491	-273.1499938964844	9.001141213840908	-273.1499938964844	106
DATA	2025-05-25T010000_AIU-0547.ghg	2025-05-25	01:30:00	145.062	0	18000	18000	0.18906355564727728	1	NaN	-2.0278901063445467	2	NaN	77.05028999884803	1	NaN	6.126328686264149	1	NaN	1.7336324450322849	1	NaN	-0.042141200622127506	1	NaN	NaN	NaN	NaN	NaN	NaN	NaN	NaN	NaN	NaN	-6.720021864658437e-10	-1.6186961828239903e-11	-3.66331118423182e-12	NaN	15.96609944350739	401.12063366276135	405.03409676880864	0.2	0	384.58601391927544	9.66205842240744	9.756324600687252	0.1	1	0.08703660767468487	2.0469475740606558	2.066918259033781	-0.1	0	NaN	NaN	NaN	NaN	9	287.80686573367655	287.3864928379038	95848.15055444255	1.1576715450629211	1010.658396376863	0.02492829843489961	0.11233938243809205	0.006984443651846215	926.3388442911928	1618.341087722767	0.006033182452857645	57.24002506756357	692.0022434315742	279.01906533696723	1.4560083922789957	0.12767068691390976	0.28484954545822144	1.4890935182962977	1.4836942625113322e-14	-4.208931485386139e-14	1.4890935182962977	4.508430092837981	326.9888133092236	5.011186690776432	11.028109873949719	NaN	0.40412082533232485	0.9842604848122549	2753.9722763202003	0.0010530243985879622	-0.026319045734608727	-0.004288875485759533	0	94.65859097573593	-14.364806375749172	32.49323113434849	80.91273985264503	123.39703356240419	173.06609411280942	259.2845457523945	0.18716619454233394	1.0101373066305208	2.266365374988301	1.013626922414227	70.82691819890115	1.0878673244326396	5.6315035378594915	1.0878673244326396	1.5936065052201418	1.0878673244326396	-0.043011653688264304	1.1481512798489906	NaN	NaN	800000009	800000009	800000009	800000019	800000019	800100019	899999999	899999999	89999	89999	89	89	8	4	1	15	2	1	0	NaN	0	0	0	0	0	0	0	0	0	NaN	NaN	NaN	NaN	0	39	0	0	0	0	101	0	16707	17997	0	16	18000	18000	18000	18000	73	NaN	1.4349028222060491	0.43418998079296006	0.09942816662550047	0.1557772725324408	12.109890535243807	0.26694251956379994	1.52141712310816e-7	NaN	0.0019370470935078498	0.14175380173258434	0.04011358228971229	-0.000043011653688264304	NaN	401.11941588853574	9.661796607178543	96237.0712419705	11.470000267028809	5.8451274432871205	75.59082801776461	75.14264153925578	76.03901409022014	-0.8963742348104704	0.00027924725189869704	-1	0	2.0385239516413876	35.72830885404856	1.0001585133390294	-273.1499938964844	9.001055984073215	-273.1499938964844	237
DATA	2025-05-25T013000_AIU-0547.ghg	2025-05-25	02:00:00	145.083	0	18000	18000	0.3585264984134453	1	NaN	-84.98222008482608	1	NaN	110.14467223777271	1	NaN	40.99998182277527	1	NaN	2.4776590468354427	1	NaN	0.05099606586842131	2	NaN	NaN	NaN	NaN	NaN	NaN	NaN	NaN	NaN	NaN	1.3235040702090463e-9	3.172729612868882e-11	7.12366709755757e-12	NaN	16.150820295310176	405.7560941178748	409.7415947800997	0.1	0	387.17059491143596	9.726863742900752	9.82240493735399	0.8	0	0.08693064851556792	2.042144828867009	2.0622036023168646	0	1	NaN	NaN	NaN	NaN	9	287.5142090174357	287.1355740126102	95865.46582276767	1.1588640153025191	1010.6890011839986	0.024902034761446704	0.1605523062349367	0.007038705444328833	932.720449001095	1592.2278165534722	0.006073797573644906	58.5795851136464	659.5073675523772	279.1182900912895	0.6860005376788011	0.1593864783966571	0.23617615532914574	0.7428189305187032	9.968583647957584e-14	8.194655416934836e-14	0.7428189305187032	4.040059074119447	318.91987646888253	13.080123531117438	18.53874066428112	NaN	0.5562171699453922	1.0855559701484405	171.3696342620661	0.01692248461921317	-0.7715508917342124	-0.1304468704527924	0	107.16794849088622	-16.263149640083395	36.787288767069526	91.60555050948797	139.70424448990246	195.93718930545523	293.5496140101869	0.35503238052101127	1.0098416879252152	-78.04197480273758	1.013714030560948	100.41618295569839	1.0968816877491383	37.37867290583499	1.0968816877491383	2.2588206864130767	1.0968816877491383	0.06406766724654545	1.176638887887186	NaN	NaN	800000009	800000009	800000009	800000019	800000019	800000019	899999999	899999999	89999	89999	89	89	3	3	0	15	6	0	0	NaN	0	0	0	0	0	0	0	0	0	NaN	NaN	NaN	NaN	0	0	0	0	0	0	101	0	13906	18000	0	11	18000	18000	18000	18000	73	NaN	1.3892571986072728	0.6437484236213518	0.13810631806825677	0.2097962022648485	31.32922369003718	0.23750510200893252	1.8074522508729174e-7	NaN	-0.06663129183909312	0.9399502323234546	0.056801883638826524	0.00006406766724654545	NaN	405.7537654476352	9.726630716919653	96272.52832074653	11.462728989495169	5.948598570479298	75.6025363460117	75.16345170720417	76.04161916732787	-0.8781673116584627	0.000279523597393159	-1	0	2.0337365097681683	37.75378947493551	1.0001430055813656	-283.930119349165	9.001034425497055	-273.1499938964844	062
DATA	2025-05-25T020000_AIU-0547.ghg	2025-05-25	02:30:00	145.104	0	18000	18000	0.039834000302962476	1	NaN	45.2805575235771	1	NaN	53.57287543302114	0	NaN	-2.094276140759147	2	NaN	1.204478957060702	0	NaN	0.00230766427246888	1	NaN	NaN	NaN	NaN	NaN	NaN	NaN	NaN	NaN	NaN	-3.6770981357707164e-11	-8.872401001719577e-13	-1.9974034041756935e-13	NaN	16.262753671668698	408.1021273605572	412.1606816511648	0.1	1	392.40092768693296	9.847019551570309	9.944947645474642	0.1	1	0.08833944144450567	2.0717713682764733	2.092375026067376	0	0	NaN	NaN	NaN	NaN	9	286.9963072035049	286.59905851898964	94891.68899427836	1.1491875293540277	1010.7436198870848	0.02511057182964204	0.07805023641753349	0.007066477679736457	934.6509598017313	1537.6309543068978	0.006149107520953182	60.785129044376866	602.9799945051665	279.14818866540185	1.5655799027574235	0.015290402925063359	0.2540648706111543	1.5861346685631441	2.1708806128928612e-14	-2.2610550525502822e-15	1.5861346685631441	3.753579820134872	331.4404324561006	0.5595675438991771	9.2172644155448	NaN	0.18617934964655647	0.2550532788906912	-11.97427729366487	-0.24218580619761318	0.8452142461568745	0.20938633895678058	1	17.26416312415398	8	14	24	36	61	148	0.03944760368935347	1.0097951859548135	47.77715360884284	1.0134988954768043	49.215854438552505	1.0885288093475753	-1.9239510454614241	1.0885288093475753	1.106520054147784	1.0885288093475753	-0.015066070599457467	1.1483987865077994	NaN	NaN	800000009	800000009	800000009	800000019	800000019	800010019	899999999	899999999	89999	89999	89	89	2	8	1	48	0	1	0	NaN	0	0	0	0	0	0	0	0	0	NaN	NaN	NaN	NaN	0	0	0	0	0	0	101	0	17604	604	0	16	18000	18000	18000	18000	73	NaN	0.24821008831620062	0.22067157460840883	0.041224894856772915	0.3389097401481635	13.432132009879448	0.19765431842813172	1.811691848575271e-7	NaN	0.04113280809380239	-0.04879209652969537	0.028061750022893153	-0.000015066070599457467	NaN	408.10133700580406	9.846825053502588	96264.5626592882	11.449999809265137	6.128320418251905	75.52528983730743	75.08685133743285	75.96372730085581	-0.8768749807046513	0.00027899802258374003	-1	0	2.0678033260636886	41.37923220495825	1.000154706488053	-273.1499938964844	9.001111936542722	-273.1499938964844	141
DATA	2025-05-25T023000_AIU-0547.ghg	2025-05-25	03:00:00	145.124	0	18000	18000	0.060688021774674646	1	NaN	-10.742633124755097	2	NaN	100.21283683225982	1	NaN	5.801898077704066	1	NaN	2.2505926290207117	1	NaN	-0.005041770442075208	1	NaN	NaN	NaN	NaN	NaN	NaN	NaN	NaN	NaN	NaN	-5.77706575645041e-10	-1.3771145573217635e-11	-3.104164910205626e-12	NaN	16.387183275163622	409.50280399691394	413.5395994215015	0.2	0	390.63132727077294	9.761569219089635	9.857796784751708	0.1	1	0.08805251912369862	2.0526414081015067	2.0728759299745376	-0.1	0	NaN	NaN	NaN	NaN	9	285.7466738832261	285.44561947624857	95860.52581018842	1.1656495388338544	1010.674161099361	0.02475674799682038	0.1458384023605421	0.007105274099994552	936.0001628804173	1425.793056775276	0.006095549188054284	65.64768697901883	489.7928938948587	279.16905194883174	1.0399638188921776	-0.3817956578163085	0.20791405396598592	1.127173865367941	-1.0101069255173284e-13	-3.525356163683187e-14	1.127173865367941	2.7815585115733445	352.15939696682767	339.84060303317233	10.629421368421346	NaN	0.22817470225562445	0.31708733139151946	93.5820222588141	0.030988858009283516	-0.1071981740496633	-0.03996355302142011	0	80.40243261548262	-12.201379343969771	27.599553297898066	68.72679010618232	104.8126913118201	147.00128986175997	220.23471935512654	0.0601996162310428	1.008113100617741	-5.183869447564355	1.0129374184008337	91.2267413817933	1.0985028656549156	5.281641276597887	1.0985028656549156	2.048781755047068	1.0985028656549156	-0.007414386773765469	1.1764695270061292	NaN	NaN	800000009	800000009	800000009	800000019	800000019	800000019	899999999	899999999	89999	89999	89	89	6	2	0	33	6	1	0	NaN	0	0	0	0	0	0	0	0	0	NaN	NaN	NaN	NaN	0	0	0	0	0	0	101	0	17802	0	0	16	18000	18000	18000	18000	73	NaN	0.2952602497439784	0.2912439828691751	0.04767043016988536	0.10989504679632583	5.212773141269254	0.1921090468699033	2.410192842751789e-7	NaN	-0.004400225127144494	0.13204557991587468	0.05122130807424207	-0.000007414386773765469	NaN	409.50224186184795	9.761379963014125	96244.88580425347	11.463936794916787	5.999541593366125	75.25038086742825	74.79166972859701	75.70909139548407	-0.9174211861193124	0.0002780939502554247	-1	0	2.0442490285966146	37.093810887212676	1.000165489004718	-273.1499938964844	9.001070761442184	-273.1499938964844	070
DATA	2025-05-25T030000_AIU-0547.ghg	2025-05-25	03:30:00	145.145	0	18000	18000	0.04402987980811052	1	NaN	25.770969897012762	0	NaN	44.239242365862374	1	NaN	-0.5979741859346146	2	NaN	0.9930425294027619	1	NaN	-0.002450813562556265	0	NaN	NaN	NaN	NaN	NaN	NaN	NaN	NaN	NaN	NaN	2.1529807710967235e-10	5.2262285094764e-12	1.1581060137380346e-12	NaN	16.397595060398935	409.0694299870316	413.1721922648046	0.1	1	398.041542878491	9.929909017554525	10.029501050477231	0.1	1	0.08820400862482185	2.051524217200146	2.0720999814916343	-0.1	0	NaN	NaN	NaN	NaN	9	285.239731660631	284.9332598929126	95852.48970045464	1.1675730848388863	1010.7574784118611	0.024714382799578334	0.06434915590529897	0.007240195517456553	952.0618138500129	1378.4537597321835	0.006201064080246102	69.06737401441646	426.3919458821706	279.4154016920463	1.5079182889991243	-0.11261596047113581	0.2545783191327403	1.5333982005412978	1.503914953956313e-14	1.3129856928204593e-14	1.5333982005412978	3.9916806819668964	336.2710954711567	355.72890452884343	9.556627968558535	NaN	0.19419216896750666	0.2712180854744026	-24.046236988814837	-0.12060099055619146	0.582536420580728	0.11245221464743292	1	16.79350170291008	7	14	24	38	65	169	0.043595027412621244	1.009974816425127	27.93243997800501	1.013563706896002	40.65509848057853	1.0881597639468523	-0.5495279330727217	1.0881597639468523	0.9125889067988584	1.0881597639468523	-0.012715390949990616	1.148254958640031	NaN	NaN	800000009	800000009	800000009	800000019	800000019	800100019	899999999	899999999	89999	89999	89	89	9	0	2	32	0	0	0	NaN	0	0	0	0	0	0	0	0	0	NaN	NaN	NaN	NaN	0	0	0	0	0	0	101	0	17107	0	0	16	18000	18000	18000	18000	73	NaN	0.19870166376293644	0.29215151931788236	0.051582987867986374	0.08200969240455999	6.825846532027415	0.1225829213176482	3.893886780207994e-8	NaN	0.02366888698389004	-0.013717493699222346	0.022780338952009056	-0.000012715390949990616	NaN	409.0689677462008	9.929787394033342	96238.36315060765	11.469697482320997	6.250796867926891	74.85415617328219	74.34833110300698	75.35998115963405	-1.011650816225344	0.0002771232914189264	-1	0	2.04287320901288	39.38267089346021	1.0001540923979548	-273.1499938964844	9.00098970911238	-273.1499938964844	006
DATA	2025-05-25T033000_AIU-0547.ghg	2025-05-25	04:00:00	145.166	0	18000	18000	0.13053754751100763	1	NaN	17.31274292135179	1	NaN	92.98900734996279	1	NaN	13.986573368461476	1	NaN	2.0876404933608406	1	NaN	-0.013032916264624852	1	NaN	NaN	NaN	NaN	NaN	NaN	NaN	NaN	NaN	NaN	-3.713475140291706e-10	-9.277201100363758e-12	-1.9942101307737735e-12	NaN	16.404967933308185	409.449402056494	413.68097901547	0.1	0	409.83763405607084	10.229082731932333	10.334798238127972	0.8	0	0.088097946025437	2.050782763094433	2.0719771891812444	-0.1	0	NaN	NaN	NaN	NaN	9	285.4302414923774	285.0868073779982	95830.84166233099	1.1665481998745393	1010.9262646511263	0.024733287065268002	0.13527910396978246	0.007452631488133892	980.5245524340174	1392.4934443167106	0.006388618566241337	70.41502108580165	411.96889188269313	279.8430831751946	1.5847292944498228	0.4429087883806852	0.2990911319396111	1.6724205920511104	3.886847591562707e-14	-2.2636284053637012e-14	1.6724205920511104	4.207119342344341	316.3850951385144	15.614904861485654	10.302041364453196	NaN	0.3345156037701892	0.7057769235559264	-182.94442074201731	-0.015851808916815736	0.18618053267517454	0.04388613469743049	0	96.17916941020776	-14.595560019609417	33.01519650505493	82.21250742815754	125.37926112546695	175.84619645464196	263.4496456614347	0.12930517360786065	1.0095307393259016	22.23884051591942	1.0134149869523223	85.37599177511036	1.0891704496377148	12.841491773040444	1.0891704496377148	1.9167252417243248	1.0891704496377148	-0.022952527538471587	1.1486786078372075	NaN	NaN	800000009	800000009	800000009	800000019	800000019	800000019	899999999	899999999	89999	89999	89	89	0	13	0	28	9	0	0	NaN	0	0	0	0	0	0	0	0	0	NaN	NaN	NaN	NaN	0	0	0	0	0	0	101	0	17007	0	0	16	18000	18000	18000	18000	73	NaN	1.1990422602679673	0.14704536717259611	0.06546621967128913	0.09400495121352137	13.392140001194695	0.19377465415516668	9.397850845000031e-8	NaN	0.018857754280047875	0.3208956510188122	0.0478969893169732	-0.00002295252753847159	NaN	409.4485986492247	10.228891950970256	96221.63114952257	11.460000038146973	6.674954989221374	74.58455514356828	74.06307878579031	75.10602989790173	-1.042951257172556	0.00027762023293568454	-1	0	2.04193228853411	37.08616163525089	1.0001475558115376	-284.37424436781276	9.000950948185391	-273.1499938964844	223
DATA	2025-05-25T040000_AIU-0547.ghg	2025-05-25	04:30:00	145.187	0	18000	18000	0.08534996769537805	1	NaN	22.346997325940855	1	NaN	68.23170491016035	1	NaN	13.143605167248248	1	NaN	1.5321258491229621	1	NaN	0.0022885305607679746	1	NaN	NaN	NaN	NaN	NaN	NaN	NaN	NaN	NaN	NaN	3.028125840518878e-10	7.57933787112801e-12	1.6302022465900983e-12	NaN	16.415591279990537	409.9205722789915	414.1700519405141	0.1	0	410.8789370658103	10.260229202021032	10.366592820402387	0.1	1	0.08837391572590614	2.059137458789378	2.080483698385885	0	0	NaN	NaN	NaN	NaN	9	285.6300302361382	285.28879551083236	95827.88208227415	1.1656724852565052	1010.94740942955	0.024751575369688805	0.09928175502316794	0.00746980063397114	983.4797714013296	1411.153806439924	0.006408146995360723	69.69330819313484	427.6740350385944	279.88685817958515	1.101913407462412	0.14588658316451145	0.24052663897223678	1.1372550798954164	6.635020815109958e-14	1.844664495399537e-14	1.1372550798954164	2.8619507337190866	324.45825005532924	7.541749944670742	12.210125701312359	NaN	0.27059103749912	0.35292887203834356	-75.01555494759121	-0.03865864888990094	0.32751632624986887	0.07008105967747717	0	98.93168537218745	-15.013264936114378	33.960046163513454	84.56531667321595	128.96744367752422	180.87867350308116	270.9892133173811	0.08434264996218303	1.0119431596427984	25.855145402850493	1.014506142331562	62.81674680452124	1.086202460030123	12.100511323536999	1.086202460030123	1.4105343207199812	1.086202460030123	-0.00881769257129956	1.1480308463430158	NaN	NaN	800000009	800000009	800000009	800000019	800000019	801000019	899999999	899999999	89999	89999	89	89	5	4	1	26	3	0	1	NaN	0	0	0	0	0	0	0	0	0	NaN	NaN	NaN	NaN	0	0	0	0	0	0	101	0	17505	0	0	16	18000	18000	18000	18000	73	NaN	0.4920180289622466	0.17392111026736568	0.039918604847074816	0.08508339222470136	27.92894801012606	0.27310744282334437	5.7938541562603905e-8	NaN	0.021940265330956863	0.30261242371223346	0.03527497294201902	-0.00000881769257129956	NaN	409.9184452287688	10.259961656334905	96220.35162912327	11.463635676913793	6.714371705346617	74.62138215594823	74.09927664989897	75.14348898781672	-1.0442121395601172	0.0002773168239542024	-1	0	2.050153956853274	36.09139634244556	1.0001598773698013	-273.1499938964844	9.000988510290782	-273.1903688981798	253
DATA	2025-05-25T043000_AIU-0547.ghg	2025-05-25	05:00:00	145.208	0	18000	18000	0.044865601465667475	1	NaN	33.35410535737057	1	NaN	76.42037841066822	1	NaN	1.385551907633623	1	NaN	1.7159344481145167	1	NaN	-0.0013063508415732676	1	NaN	NaN	NaN	NaN	NaN	NaN	NaN	NaN	NaN	NaN	2.5817275077271515e-11	6.460908193735201e-13	1.3945874507092502e-13	NaN	16.387781911840005	409.540050145977	413.7808712922676	-0.1	0	410.1128183142962	10.248954073314653	10.355082841785482	0.1	1	0.08852287830845487	2.062201548875066	2.083555816750126	-0.1	0	NaN	NaN	NaN	NaN	9	285.5820089035034	285.2486788679737	95841.89830153744	1.1660119335374368	1010.940397847787	0.024744475622205934	0.11119255223782068	0.007463732850324642	982.5426999926239	1407.4302872374628	0.006401077583898507	69.81110957340428	424.887587244839	279.8729901318463	1.1186402403867595	0.0025221155077796826	0.21641373793733976	1.139384594615621	-9.366680882391299e-14	1.5753977698848187e-15	1.139384594615621	2.8269352754886397	331.87081965768334	0.12918034231972936	10.94923290623885	NaN	0.19615764980131173	0.2315732722747824	-19.148772092980863	-0.15144574210390327	0.4364556424744733	0.14424989308120834	1	10.275241215450135	5	8	15	23	40	102	0.0443367256615035	1.0119286166552255	37.19034677755095	1.0144982035830652	70.35518869739518	1.0862081365364542	1.2755860143449795	1.0862081365364542	1.579747371057304	1.0862081365364542	-0.015983114291267548	1.148026974383864	NaN	NaN	800000009	800000009	800000009	800000019	800000019	800010019	899999999	899999999	89999	89999	89	89	4	14	1	50	11	0	1	NaN	0	0	0	0	0	0	0	0	0	NaN	NaN	NaN	NaN	0	0	0	0	0	0	101	0	16211	0	0	16	18000	18000	18000	18000	73	NaN	0.29318647777688317	0.13007332225959017	0.03988674451309145	0.08925243908341456	5.039722656038598	0.19037967636615993	3.5555124709610484e-8	NaN	0.03155016836010947	0.03189064041789931	0.03949491041368952	-0.000015983114291267547	NaN	409.5408237393058	10.248766552270045	96229.95178280526	11.470000267028809	6.7051925369898795	74.75978580050996	74.242063428243	75.27750888654923	-1.0354456436898976	0.00027771572952527395	-1	0	2.053229587190681	37.99180326119529	1.0001403141419092	-273.1499938964844	9.000909283585019	-273.1499938964844	237
DATA	2025-05-25T050000_AIU-0547.ghg	2025-05-25	05:30:00	145.229	1	18000	18000	0.1176386065812758	1	NaN	23.282615845498253	1	NaN	177.46934407698893	1	NaN	31.99661611502599	1	NaN	3.984880144103241	1	NaN	-0.005454577880181492	1	NaN	NaN	NaN	NaN	NaN	NaN	NaN	NaN	NaN	NaN	-1.8676263466759921e-10	-4.65179038987336e-12	-1.0022957197455856e-12	NaN	16.487093873096	411.6171676658115	415.8809264580587	-0.1	0	410.652296549088	10.252354751059304	10.358554324704292	0.1	1	0.08848099433518349	2.0612073277917604	2.0825584558711703	0	0	NaN	NaN	NaN	NaN	9	285.5581942782932	285.2496635376232	95865.00122932439	1.166287472056373	1010.9423251945303	0.02473859773890406	0.25822023333789	0.007467983340421491	983.1056377762503	1407.5215780799917	0.006403209774048335	69.84657664128392	424.4159403037414	279.88132264422194	0.5630110420630868	0.06534732377676772	0.20538357118581715	0.6028549722136676	-4.0624866074026704e-14	-1.1327808048231141e-14	0.6028549722136676	2.883110276228779	325.3794420344851	6.620557965514842	19.918605873570392	NaN	0.3175938840417431	0.33351652587019137	-116.44855465889242	-0.024903701110716582	0.13119232488625132	0.0621766976356475	0	100.32880414528208	-15.225283100050213	34.43963182761803	85.7595527870794	130.78872910293705	183.4330522084767	274.81613808680686	0.11546333814794067	1.0188394729290435	32.67699099403252	1.0187289205447916	163.0934217892461	1.0881453226624909	29.404726968578217	1.0881453226624909	3.6620845222704026	1.0881453226624909	-0.022916413516619653	1.1527088703082322	NaN	NaN	800000009	800000009	800000009	800000019	800000019	810000019	899999999	899999999	89999	89999	89	89	6	0	0	18	0	0	0	NaN	0	0	0	0	0	0	0	0	0	NaN	NaN	NaN	NaN	0	0	0	0	0	0	301	151	17378	0	0	16	18000	18000	18000	18000	73	NaN	0.3547766743192632	0.2591597141826889	0.053096663238430625	0.10350997429244724	33.174909517317786	0.3269772415624873	8.371430378320408e-8	NaN	0.02771469274947959	0.7349688951696318	0.09153352174386906	-0.000022916413516619654	NaN	411.61504137959093	10.252034551852628	96253.38315451388	11.463031774202983	6.704841830862908	74.66699929046632	74.14564588250056	75.1883523957994	-1.0427059864799189	0.0002775786397671456	-1	0	2.0522109047505586	37.50031575651486	1.0001437532007693	-273.1499938964844	9.00093288230896	-273.1499938964844	187
DATA	2025-05-25T053000_AIU-0547.ghg	2025-05-25	06:00:00	145.249	1	18000	18000	0.048663172199815835	1	NaN	8.630929130993966	2	NaN	66.11225454449927	1	NaN	4.499640203478022	1	NaN	1.4832580248074627	1	NaN	-0.012693684521967777	1	NaN	NaN	NaN	NaN	NaN	NaN	NaN	NaN	NaN	NaN	4.2288926304936285e-10	1.0579981774677835e-11	2.298425279649293e-12	NaN	16.53122056652303	411.62628673028354	415.90940536481213	-0.1	0	413.5834782037901	10.298200952612891	10.405357414248584	0.1	1	0.08984804906035102	2.084875908698904	2.1065697876932723	-0.1	0	NaN	NaN	NaN	NaN	9	284.6949098756579	284.39166497270435	95891.03303300813	1.1701034086377138	1010.9515844734525	0.02465749119387593	0.09611512000752358	0.007526052950259803	987.7700155244704	1329.921907049771	0.006431955410694827	74.27278325805517	342.1518915253007	279.9502024701499	0.52085449686756	-0.10324148257436479	0.19269956235971308	0.5648728458378061	5.406464039439228e-14	2.5581248604579482e-14	0.5648728458378061	2.6304913864820563	343.2115920621904	348.7884079378096	19.946219051885468	NaN	0.20393327122324875	0.1814043663958761	-83.18342549164853	-0.034862714331127836	0.13054961127039774	0.03577790142631433	0	80.61771970097239	-12.234049989775736	27.67345438766658	68.91081426883157	105.09333977108717	147.3949033163295	220.82442403583406	0.04771815899596104	1.0198040583236831	12.110350859711211	1.019350015814234	60.723796715063706	1.0887371692965775	4.132898490445767	1.0887371692965775	1.3623655613464372	1.0887371692965775	-0.018421284120731414	1.1535491700601963	NaN	NaN	800000009	800000009	800000009	800000019	800000019	800011019	899999999	899999999	89999	89999	89	89	0	0	0	41	20	1	1	NaN	0	0	0	0	0	0	0	0	0	NaN	NaN	NaN	NaN	0	0	0	0	0	0	101	0	16930	0	0	16	18000	18000	18000	18000	73	NaN	0.13823649848665454	0.18674653597989832	0.03782569832519933	0.12408657522529934	4.557097778715263	0.10321622944391944	9.731802079036856e-7	NaN	0.01023769351305642	0.10296757333102977	0.0339421537126789	-0.000018421284120731413	NaN	411.6250526762664	10.298098216832292	96274.26318055556	11.460000038146973	6.7867699662314065	74.34405018149482	73.80967482672793	74.87842474619555	-1.068750037577418	0.00027709888755149826	-1	0	2.0756152300967097	39.16186315882974	1.000160712223914	-273.1499938964844	9.001035534090466	-273.1499938964844	092
DATA	2025-05-25T060000_AIU-0547.ghg	2025-05-25	06:30:00	145.27	1	18000	18000	0.016485929918456415	1	NaN	38.288713809437944	0	NaN	26.946798424970297	0	NaN	-0.22836830047988715	2	NaN	0.6039231889563682	0	NaN	-0.010791732467592916	1	NaN	NaN	NaN	NaN	NaN	NaN	NaN	NaN	NaN	NaN	-1.615389451076326e-10	-3.980101405047091e-12	-8.979142184740392e-13	NaN	16.600639851117787	411.76614750517047	415.98648080360056	0.1	1	409.0173422396131	10.145361672036332	10.249344983798437	0.1	1	0.092274655799898	2.130211581987642	2.1520448553799163	0	0	NaN	NaN	NaN	NaN	9	283.575280175103	283.2851400151054	95921.11256651908	1.1751105388620129	1010.8465630686248	0.024553850461776983	0.039134222644372656	0.007445651782684402	973.4154173319183	1235.4179722025517	0.006336128846138028	78.79239571013161	262.0025548706334	279.7372982422535	0.9184098141807538	0.12580078729129818	0.19943526475240408	0.9481966302900489	-2.3053561238493168e-14	-9.730886674031155e-15	0.9481966302900489	2.1041931955321798	324.2003495481269	7.799650451873095	12.141757763699339	NaN	0.11844517230634626	0.161049990314404	-3.6744195301155314	-0.789240307545616	1.4209002941869948	0.2721381660543819	1	11.900409149027562	5	9	16	24	38	86	0.016266259540442654	1.013504664515379	39.30003530857129	1.0153986679353788	24.812964736830182	1.0859967243242339	-0.21028452053756452	1.0859967243242339	0.5561003780487109	1.0859967243242339	-0.0236479446040101	1.1487066404384008	NaN	NaN	800000009	800000009	800000009	800000019	800000019	800010019	899999999	899999999	89999	89999	89	89	2	7	0	48	1	0	0	NaN	0	0	0	0	0	0	0	0	0	NaN	NaN	NaN	NaN	0	0	0	0	0	0	101	0	16607	0	0	16	18000	18000	18000	18000	73	NaN	0.12581481944197492	0.16547298788379664	0.030812173303036466	0.1459504172410604	0.8590980627431732	0.051688084448954806	3.6376203791949577e-7	NaN	0.03308483556854412	-0.005216229400915418	0.013794392161736342	-0.0000236479446040101	NaN	411.7660565577889	10.145308811841154	96300.96070247395	11.460000038146973	6.576549312194198	73.7682321836684	73.208075908237	74.32838858752781	-1.1203122236993575	0.0002755444935367753	-1	0	2.120852928055658	38.945906156645904	1.0001510091490216	-273.1903688981798	9.00092932597796	-273.1499938964844	085
DATA	2025-05-25T063000_AIU-0547.ghg	2025-05-25	07:00:00	145.291	1	18000	18000	0.04886261948023668	1	NaN	22.785405494799534	1	NaN	12.112650045731495	1	NaN	-1.3638648827261584	1	NaN	0.2713236603583551	1	NaN	0.01154815904047341	2	NaN	NaN	NaN	NaN	NaN	NaN	NaN	NaN	NaN	NaN	-2.01389397622427e-10	-4.943199879524397e-12	-1.129797408209252e-12	NaN	16.578124728140157	410.08601557536997	414.2558147736248	0.1	1	406.91806582849074	10.065759005781267	10.16810873788136	0.1	1	0.09300351742417978	2.1416015160903044	2.163377553179122	0	1	NaN	NaN	NaN	NaN	9	282.97564516025125	282.74123158149325	95951.06725672523	1.1777743568850139	1010.7927387829603	0.02449905630626295	0.01758177319122141	0.007403753766043343	966.0793904303241	1191.1720187781036	0.006286224286309684	81.10326428094928	225.0926283477795	279.6274198319209	0.6683004453754378	0.024444627268352524	0.17561045837108546	0.6914203194732339	1.6965952153971368e-13	-1.214789977304147e-14	0.6914203194732339	2.305606961725914	329.905208838328	2.0947911616719512	14.713455836682067	NaN	0.20368419243623148	0.25102534555117795	-31.40577089741867	-0.09233971710079433	1.8811247257018808	0.09396697116560335	0	81.78869662546826	-12.411750255725874	28.075412873086954	69.91174773180137	106.6198264572228	149.53582259824316	224.03191124671255	0.04804667049316283	1.016982425185736	23.1227436648139	1.0175439635535113	11.141914320368413	1.0871246805038242	-1.2545616038208975	1.0871246805038242	0.249579156120907	1.0871246805038242	0.0027696700310438373	1.1511585623300105	NaN	NaN	800000009	800000009	800000009	800000019	800000019	800010019	899999999	899999999	89999	89999	89	89	4	11	0	40	8	0	0	NaN	0	0	0	0	0	0	0	0	0	NaN	NaN	NaN	NaN	0	0	0	0	0	0	101	0	17010	0	0	16	18000	18000	18000	18000	73	NaN	0.23552722670247905	0.23012622121804355	0.03639724318183329	0.11662844053209195	1.1290393667374152	0.0540840585218804	5.248776150403495e-7	NaN	0.019422948420709425	-0.031048182727715593	0.006176643076490352	0.0000027696700310438375	NaN	410.0859240833882	10.065704118080186	96336.01544704862	11.460000038146973	6.467015856875312	73.133377497779	72.53748559612697	73.72926983049179	-1.1917835726274382	0.0002751035184968108	-1	0	2.1322319299446204	35.817553178361685	1.0001248211595748	-273.1499938964844	9.00078648490376	-273.1499938964844	189
DATA	2025-05-25T070000_AIU-0547.ghg	2025-05-25	07:30:00	145.312	1	18000	18000	0.019682743394150742	1	NaN	32.30430366800807	0	NaN	22.47340562077909	1	NaN	-5.494195322290616	1	NaN	0.503475813730843	1	NaN	-0.009223233427483317	1	NaN	NaN	NaN	NaN	NaN	NaN	NaN	NaN	NaN	NaN	-1.863434478942845e-12	-4.623568588209236e-14	-1.0608755910817006e-14	NaN	16.407871671615734	405.6821386952074	409.80718313052193	0.1	1	407.11342908761077	10.0658177921706	10.168168725845003	0.1	1	0.09341198069863517	2.1524381471919423	2.1743245014445356	-0.2	0	NaN	NaN	NaN	NaN	9	283.0857450095283	282.888584775694	95964.11624776524	1.177320931931159	1010.7953782236694	0.024508491150512637	0.032625232729758626	0.007400946823238533	966.2164165592532	1203.0188535072414	0.006286261139601726	80.31598289107255	236.8024369479882	279.6294789373797	0.31864206428744446	-0.41462326928880866	0.15946599226655891	0.5466942685438366	6.147851377414627e-14	-1.1356954248773368e-16	0.5466942685438366	1.6126273766622865	24.457367581564426	307.5426324184356	16.959242176268297	NaN	0.12929906444636835	0.08567654909136858	-5.667131617080665	-0.5117227189958736	1.4374458510257675	0.20994565382760835	1	5.024183339012184	2	4	7	11	18	43	0.019290937123583502	1.0203103803644795	33.002441590918465	1.0196770068862033	20.63559012252066	1.0890604769404064	-5.044894602846981	1.0890604769404064	0.4623028972140299	1.0890604769404064	-0.02007107625470192	1.1539978628961087	NaN	NaN	800000009	800000009	800000009	800000019	800000019	800010019	899999999	899999999	89999	89999	89	89	22	6	0	35	1	0	16	NaN	0	0	0	0	0	0	0	0	0	NaN	NaN	NaN	NaN	0	0	0	0	0	0	101	0	17901	0	0	16	18000	18000	18000	18000	73	NaN	0.039243711665697616	0.10212098378135259	0.029988402735686957	0.1525293812231583	9.402559827947446	0.032848693987748694	2.023784358180847e-7	NaN	0.027732432083874135	-0.1249003157870221	0.011445586557685898	-0.00002007107625470192	NaN	405.68245257840636	10.06578344503732	96354.83797178819	11.460000038146973	6.47137171204881	73.03909499020044	72.43600839784415	73.64218033176	-1.2061720541914331	0.0002749526152458403	-1	0	2.1431273791392638	39.839997839385376	1.0001384725073974	-273.14999448786676	9.000855996052424	-273.1499938964844	218
DATA	2025-05-25T073000_AIU-0547.ghg	2025-05-25	08:00:00	145.333	1	18000	18000	0.006060595152372253	1	NaN	25.26028206159669	1	NaN	23.27037644246981	1	NaN	4.519122574464396	1	NaN	0.5218286799655139	1	NaN	-0.002311246703102332	0	NaN	NaN	NaN	NaN	NaN	NaN	NaN	NaN	NaN	NaN	-6.717878506695351e-11	-1.751561921919306e-12	-3.843908531146793e-13	NaN	16.230568514665304	402.3269263567017	406.59204708641704	0.1	1	423.1818981700342	10.489926599102589	10.60113169242353	0.1	1	0.09286982596768442	2.1501160943737903	2.1729097582442463	-0.6	0	NaN	NaN	NaN	NaN	9	284.05785978274866	283.8863958366758	95957.11685177425	1.1729084393084197	1011.0488899964319	0.02459673208639638	0.0338144984617653	0.007685105480299164	1006.8531177009751	1286.007548862196	0.0065521785185811456	78.29293992805837	279.15443116122094	280.22905035733885	-0.03993825954358287	-0.596529366339866	0.09642234795166285	0.6055903059542153	2.882847787053698e-14	-4.1390284638676336e-15	0.6055903059542153	1.2388309342265045	65.83029564093204	266.16970435906796	9.161650006577371	NaN	0.07188289864113737	0.04660446329664821	-1.2453529595590782	-2.328657090939709	1.0855123948702086	0.2963304948935237	1	8.766143797532791	4	7	11	17	26	58	0.005948907278612978	1.0187745191727573	26.150068730945343	1.0186871443184036	21.386120005654117	1.0881065119019968	4.153198721846656	1.0881065119019968	0.47957499955897126	1.0881065119019968	-0.011533538102778353	1.1526529768878087	NaN	NaN	800000009	800000009	800000009	800000019	800000019	800010019	899999999	899999999	89999	89999	89	89	2	1	0	10	2	0	2	NaN	0	0	0	0	0	0	0	0	0	NaN	NaN	NaN	NaN	0	4	0	0	0	0	101	0	18000	0	0	16	18000	18000	18000	18000	73	NaN	0.030107744866746985	0.0492551864680277	0.013845995258521747	0.19598585411177388	17.530442798168934	0.06741414845714863	2.8505997742030226e-7	NaN	0.022051420291817937	0.10323836967628049	0.011921062392592914	-0.000011533538102778352	NaN	402.3261333325483	10.489858950844859	96353.3597671441	11.45303210088942	7.069927396747816	72.96163148625692	72.35613915167914	73.5671239759657	-1.2109859056737697	0.0002755763279209431	-1	0	2.1404081665893404	36.11959762048075	1.0001462875770197	-273.1499938964844	9.000901471879747	-273.1499938964844	229
DATA	2025-05-25T080000_AIU-0547.ghg	2025-05-25	08:30:00	145.354	1	18000	18000	0.021690340713849177	1	NaN	52.403681071427485	1	NaN	-17.589053752539726	1	NaN	-2.0739225516221245	2	NaN	-0.3954952002952129	1	NaN	-0.02423403309217326	2	NaN	NaN	NaN	NaN	NaN	NaN	NaN	NaN	NaN	NaN	-6.49350241162472e-11	-1.7237456134814246e-12	-3.6276957125720345e-13	NaN	16.061796963170906	401.6855162773321	406.01486203341875	0.1	1	426.3716297437668	10.663022861784516	10.777948371674817	0.1	1	0.0897317168546623	2.1045239473279542	2.1272063977792084	-0.5	0	NaN	NaN	NaN	NaN	9	285.6197629140218	286.7057211280341	95954.92509480151	1.1612717822443985	1011.1988098395934	0.02484157392758586	-0.025628088979129795	0.007734923552819361	1023.4440143900155	1548.352201219529	0.006660734955489934	66.09891558160476	524.9081868295135	280.46771718890346	0.07960903231680444	-0.47631636888631046	0.10884752825950272	0.4950380447032757	-3.681347166980926e-14	-4.042824365489164e-15	0.4950380447032757	1.7390286697729131	52.51158365318611	279.4884163468139	12.70181442526479	NaN	0.13666781476859022	0.07483329601246169	-4.125908904714831	-0.7028754310804247	-2.9793348640975523	0.3265315286409473	1	3.595173604290397	2	3	5	8	13	31	0.021224731272884236	1.0219371183068773	50.54802734687511	1.0207328635354245	-16.13455630423835	1.09014796693971	-1.9024229870776994	1.09014796693971	-0.362790384690123	1.09014796693971	-0.037077030559988546	1.1554656600455564	NaN	NaN	800000009	800000009	800000009	800000019	801000019	801000119	899999999	899999999	89999	89999	89	89	6	5	2	8	0	0	0	NaN	0	0	0	0	0	0	0	0	0	NaN	NaN	NaN	NaN	0	11	0	0	0	0	101	0	12787	0	0	16	18000	18000	18000	18000	73	NaN	0.06942064750239249	0.05934805594430897	0.02089788857822193	0.44284649928430475	28.654284744336724	0.19754633328088284	0.000002589311933488015	NaN	0.0430460978685012	-0.047768676393513135	-0.009109444430947064	-0.000037077030559988545	NaN	401.6843100831308	10.662828350538677	96371.94677756076	11.450302593972948	7.304190387619852	74.47736705271419	73.95172982830479	75.00300455856313	-1.0512752272685282	0.00027842476200506385	-1	0	2.0951802721100496	37.99430665246199	1.0001531685441731	-273.1499938964844	9.001017512374455	-273.1499938964844	170
DATA	2025-05-25T083000_AIU-0547.ghg	2025-05-25	09:00:00	145.374	1	18000	18000	0.05318986648827839	1	NaN	78.97041885809978	1	NaN	-112.00350947473373	1	NaN	-7.637388041575376	1	NaN	-2.5220156770712334	1	NaN	-0.0032322530979579356	1	NaN	NaN	NaN	NaN	NaN	NaN	NaN	NaN	NaN	NaN	-3.4206317928336004e-11	-8.880820992935663e-13	-1.8767460017217883e-13	NaN	15.757550361514465	397.9550861472058	402.10964908596657	0.1	1	409.1056638746096	10.331915556377302	10.439778465914417	0.1	1	0.0864545540968741	2.0410573508253127	2.062365537404155	0	0	NaN	NaN	NaN	NaN	9	287.07144417826333	288.1850973924543	95986.55344834209	1.155836571664495	1011.0458113709715	0.024961526522674086	-0.16342661587421592	0.007458723381632909	991.9909844994966	1703.973433656294	0.006453095155910982	58.21634098901038	711.9824491567974	280.01228742261276	0.14283362220960527	-0.26956401800734514	0.12813715857137165	0.33088568244111094	-9.092751777683298e-15	-2.1707890594390853e-15	0.33088568244111094	1.924077999760608	34.082269425883226	297.9177305741168	22.783809388621787	NaN	0.21451923235762377	0.20018610937087036	-10.590293787834895	-0.27383565159743156	-0.7050709324060447	0.31501478763588747	0	80.38510036247906	-12.198749107708222	27.593603696312847	68.71197475700079	104.7900969695259	146.9696009754309	220.18724362893445	0.05163374708278609	1.030137642402697	71.05789980226395	1.0261153925482722	-102.16926405297464	1.0962544412247117	-6.96680237212362	1.0962544412247117	-2.3005751057698722	1.0962544412247117	-0.0193202216355284	1.163240721508687	NaN	NaN	800000009	800000009	800000009	800000019	800000019	800111119	899999999	899999999	89999	89999	89	89	0	2	0	2	7	0	3	NaN	0	0	0	0	0	0	0	0	0	NaN	NaN	NaN	NaN	0	0	0	0	0	0	101	0	3611	0	0	11	18000	18000	18000	18000	73	NaN	0.12340989274654982	0.23480426475305397	0.04215806124213694	0.384069597916862	15.986361227890772	0.7128690282415306	2.0556609187990268e-7	NaN	0.06080581322645748	-0.17571801285013544	-0.05802554233717238	-0.0000193202216355284	NaN	397.9537456772498	10.33122151718848	96395.71367708333	11.460000038146973	6.815543289767326	75.58061666191946	75.11307445526126	76.04815760125055	-0.9350832310285817	0.0002809045209384446	-1	0	2.0321572451177565	35.92085268968977	1.0001503771228923	-273.1499938964844	9.001093804915746	-273.1499938964844	004
DATA	2025-05-25T090000_AIU-0547.ghg	2025-05-25	09:30:00	145.395	1	18000	18000	0.1500690356527087	1	NaN	-141.0383210334312	2	NaN	274.7057153730429	1	NaN	-4.467023051676764	1	NaN	6.190479965290775	1	NaN	-0.23037731947154763	1	NaN	NaN	NaN	NaN	NaN	NaN	NaN	NaN	NaN	NaN	-4.785031812033701e-11	-1.2260714001011223e-12	-2.665065930125422e-13	NaN	15.580403174184532	395.3712780575724	399.4176264754983	0.1	1	399.21754931433793	10.130620557813833	10.234300371552727	0.7	0	0.08677643808493185	2.0560920666175355	2.0771347304188663	-0.1	0	NaN	NaN	NaN	NaN	9	288.1991771884493	289.00001363554986	95998.18381156414	1.1528051054095232	1010.9519906163491	0.02502907886343285	0.4011431017508422	0.0072936677604369966	972.7820429442819	1795.4302276822607	0.006326887108854353	54.18099951453174	822.6481847379788	279.72784049233695	0.26654279085010596	0.001946691352868532	0.15932811522244517	0.31053872103449826	1.4545042729637626e-13	-3.071186129484834e-15	0.31053872103449826	2.2941416677592623	331.58154855707426	0.4184514429251232	30.868541066265376	NaN	0.3608008901149608	0.29992765334679455	28.214338394538128	0.10278461821246875	-0.5134160417518252	-0.33541548305811997	0	99.1752958320165	-15.050233763248606	34.043669751149565	84.77355123025245	129.28501451581593	181.32407111921984	271.65650010842893	0.14773329089974907	1.0158105511542734	-123.96406903854698	1.0200435578313842	243.667575476017	1.1273790320127381	-3.9623080834683218	1.1273790320127381	5.491036988898716	1.1273790320127381	-0.1737681185141664	1.2337057456225091	NaN	NaN	800000009	800000009	800000009	800000019	800000019	800001019	899999999	899999999	89999	89999	89	89	2	0	0	8	3	0	0	NaN	0	0	0	0	0	0	0	0	0	NaN	NaN	NaN	NaN	0	1	0	0	0	0	101	0	905	0	0	16	18000	18000	18000	18000	73	NaN	0.25032286578850427	0.27899600740279085	0.07053643350229401	0.44920591286412387	2.3437191659634173	0.9526250575606487	8.298964383689353e-7	NaN	-0.10636760981335366	-0.10018816201054949	0.13884253618364623	-0.0001737681185141664	NaN	395.3710174730099	10.129693962459365	96401.45745507813	11.460000038146973	6.5146952528422934	75.78935452185735	75.34922514894275	76.22948441611393	-0.8802564244154389	0.00028231369027667427	-1	0	2.0472767333222794	35.25239737349127	1.0001240371068318	-304.11762019686944	9.001033443715837	-273.1499938964844	239
DATA	2025-05-25T093000_AIU-0547.ghg	2025-05-25	10:00:00	145.416	1	18000	18000	0.5435123339303434	1	NaN	-27.88882481002393	2	NaN	-76.15858834979252	2	NaN	2.719914120672528	1	NaN	-1.7173737049028848	2	NaN	0.33977598211540155	1	NaN	NaN	NaN	NaN	NaN	NaN	NaN	NaN	NaN	NaN	8.391201286061265e-10	1.975788817164568e-11	4.635766262068129e-12	NaN	15.508326462636784	394.45518469757366	398.15316183438955	0.1	1	365.15841955446314	9.287825619111958	9.374898037279163	0.1	1	0.08567662024274443	2.035759068056744	2.0548441017482424	-0.9	0	NaN	NaN	NaN	NaN	9	289.3325427330865	289.6919309501209	95976.16972130266	1.1501557803315894	1010.5021950099961	0.025094757593610444	-0.11128581607770693	0.006669385822903793	891.6490392385784	1876.4354338122055	0.0057986804369935105	47.51823714110352	984.786394573627	278.4688893336031	-0.46601075097815037	0.10489965349389989	0.14890877583409165	0.5003436627467577	1.7410434113748662e-13	5.4107716305029096e-14	0.5003436627467577	3.8245196699945674	164.68591099598584	167.31408900401416	17.31429031756696	NaN	0.6874266563832578	0.9393954312052271	986.5693475801696	0.002939479122388143	0.3661940880775255	-0.034906790360314216	0	99.90692220143664	-15.161260887440712	34.29481340837606	85.3989344467996	130.2387633803603	182.66171746278243	273.6605380821634	0.5367727230750817	1.0125557998116066	-31.8095930933027	1.0144754223618238	-69.72430124298934	1.0922818442364832	2.490121148698372	1.0922818442364832	-1.5722807386799946	1.0922818442364832	0.3196176512362811	1.1689127762378864	NaN	NaN	800000009	800000009	800000009	800000019	800000019	801000119	899999999	899999999	89999	89999	89	89	9	6	1	23	14	13	0	NaN	0	0	0	0	0	0	0	0	0	NaN	NaN	NaN	NaN	0	1	0	0	0	0	101	0	4012	0	0	16	18000	18000	18000	18000	73	NaN	1.1017535317079197	0.5256456824951891	0.25139164820734555	0.22099842134200556	0.2055025951447038	0.14987343332995195	0.0000013740504286702496	NaN	-0.027369331261113964	0.06307497309890314	-0.03982600017192049	0.0003196176512362811	NaN	394.4552549621491	9.287628886235899	96371.78138237847	11.460000038146973	5.302594545721974	75.9582236887614	75.53008845435247	76.3863548359341	-0.8562631264477969	0.0002824653724496278	-1	0	2.028253587151011	34.51497664880818	1.0001171290344661	-298.0613699425589	9.000996661398146	-273.1499938964844	162
DATA	2025-05-25T100000_AIU-0547.ghg	2025-05-25	10:30:00	145.437	1	18000	18000	0.11992244468908249	0	NaN	66.86192519132507	0	NaN	46.84298465599594	0	NaN	-0.9174301545478973	0	NaN	1.056791611446254	0	NaN	0.0009118235700032415	0	NaN	NaN	NaN	NaN	NaN	NaN	NaN	NaN	NaN	NaN	3.196409371325484e-11	7.69179961206429e-13	1.7693241225429408e-13	NaN	15.483677455459445	394.214159042462	397.9896160223012	0.1	1	372.5972815423338	9.486320315522235	9.577172441014692	0.1	1	0.08570755759065458	2.0410690125222057	2.0606166824191425	-0.1	0	NaN	NaN	NaN	NaN	9	289.8208343454997	290.1673178265855	95983.45350267913	1.148272105603517	1010.6223986948569	0.02513403083941853	0.06848009642171726	0.006801276568282685	910.7740248925027	1933.931772569997	0.005923053024707956	47.09442379563253	1023.1577476774944	278.77449980149	-0.998960824023939	-0.214818942388912	0.1029858269686405	1.0269741897925395	-4.683259098427052e-15	2.0643735188364122e-15	1.0269741897925395	3.970224221064264	139.86379733429317	192.13620266570683	5.755342299501176	NaN	0.32316761208259054	0.48856315544319295	-42.75883002398404	-0.06782224860627263	1.4273626175262657	0.1782860297767062	0	74.38076979253923	-11.287568778864257	25.53251131151177	63.57956329400575	96.96284565275364	135.99176971056457	203.7404519713961	0.1184088395812917	1.012782872572209	68.70223929525052	1.0149770424200544	43.13336124267686	1.0860035783543045	-0.8447763643082484	1.0860035783543045	0.9731014082363177	1.0860035783543045	-0.021779810726033688	1.1483404773041455	NaN	NaN	800000009	800000009	800000009	800000019	800001019	800001119	899999999	899999999	89999	89999	89	89	14	9	1	8	11	7	0	NaN	0	0	0	0	0	0	0	0	0	NaN	NaN	NaN	NaN	0	6	0	0	0	0	101	0	4815	0	0	16	18000	18000	18000	18000	73	NaN	0.5771016538466933	0.28385544477226327	0.11616921226742932	0.19076974547654024	0.40204537751795133	0.06544318337994692	8.875904071035817e-8	NaN	0.05920210631976141	-0.0214360388702059	0.024692262346481156	-0.00002177981072603369	NaN	394.21427527511975	9.486266861638	96382.93540538194	11.460000038146973	5.615360736038948	75.89522899013096	75.47028368737962	76.32016971651713	-0.8498912785748627	0.00028318459364204	-1	0	2.033088062781426	37.09578482174	1.0001186744156811	-273.1499938964844	9.000950654877556	-273.1499938964844	008
DATA	2025-05-25T103000_AIU-0547.ghg	2025-05-25	11:00:00	145.458	1	18000	18000	0.07287440827019703	0	NaN	65.30884759385904	0	NaN	74.66240803269906	0	NaN	-0.8615690392381623	1	NaN	1.6843819221657421	0	NaN	0.013839830814161564	0	NaN	NaN	NaN	NaN	NaN	NaN	NaN	NaN	NaN	NaN	-1.7884865208325891e-10	-4.21544553709009e-12	-9.865075144531336e-13	NaN	15.485891684719473	394.851004981594	398.56024585770075	0.2	0	365.0009783681325	9.306600230849602	9.39402668173444	0.8	0	0.08541830389569402	2.033929762057057	2.053036552510595	0	0	NaN	NaN	NaN	NaN	9	289.8303113106622	290.1524539625018	95956.93400561197	1.1480919509069583	1010.5230084476212	0.025139689249587285	0.10914794855634008	0.0066709233104818525	893.2723707698023	1932.110915489141	0.005810443410226875	46.232975736988564	1038.8385447193386	278.49505328646717	-0.4601845687522936	-0.09744900613346352	0.0504224501481297	0.47308410414331215	2.653754008576692e-14	-1.1549134898039857e-14	0.47308410414331215	3.6758314656411475	140.0436354590064	191.95636454099363	6.118344391619482	NaN	0.2519411947881475	0.5214343261182697	-20.737096843346734	-0.13984599782251741	0.874721955997675	0.22343435852351656	0	62.380987558363074	-9.466555529371874	21.41337438291665	53.322329923067784	81.31991756953575	114.0523406522397	170.8711893546141	0.07125491013830267	1.022728232043953	68.30916239515415	1.0212482786025243	68.45375007261455	1.0906985804794984	-0.7899240492816952	1.0906985804794984	1.5443147651528488	1.0906985804794984	-0.010975153868475451	1.1561921147766527	NaN	NaN	800000009	800000009	800000009	800000019	800000119	800010119	899999999	899999999	89999	89999	89	89	23	16	0	16	13	11	0	NaN	0	0	0	0	0	0	0	0	0	NaN	NaN	NaN	NaN	0	2	0	0	0	0	101	0	302	0	0	16	18000	18000	18000	18000	73	NaN	0.5043461712613426	0.4289113112371778	0.1096111697380188	0.2555073604241099	0.21340136822894032	0.0890557587568632	7.213709039429596e-8	NaN	0.058878411095114	-0.020045046403598187	0.03918840191965279	-0.00001097515386847545	NaN	394.8509106426998	9.30645500245946	96355.64266927083	11.460302822854784	5.333861208491851	75.90108228174844	75.48435715251499	76.3178099984063	-0.8334549744957029	0.00028364959800092034	-1	0	2.026047545109082	37.07790255122689	1.0001247099356518	-294.1853697798022	9.001033316373825	-273.1499938964844	082
DATA	2025-05-25T110000_AIU-0547.ghg	2025-05-25	11:30:00	145.479	1	18000	18000	0.12264024367293663	1	NaN	53.41921048637724	0	NaN	53.04267063158577	0	NaN	0.11424334484319093	2	NaN	1.1967968670190867	0	NaN	-0.006610870783255367	0	NaN	NaN	NaN	NaN	NaN	NaN	NaN	NaN	NaN	NaN	-1.5527631477695574e-10	-3.697489133691096e-12	-8.622567910469979e-13	NaN	15.42197029894345	393.72959690601755	397.4559911566841	0	0	367.2328756794584	9.375614743715115	9.464348832165632	0.4	0	0.08563893753332802	2.0405081058644967	2.0598201863732597	0	0	NaN	NaN	NaN	NaN	9	290.3058745354546	290.28743126648243	95951.20122828963	1.147459503308624	1010.5641227291429	0.02515288680761163	0.07755243698283681	0.006716866412540785	899.8428054916105	1948.7012292413167	0.0058536849389221515	46.17654014832967	1048.8584237497062	278.6005247647331	0.13031982757064597	0.25502164979874925	0.15466136119558965	0.32548338816438876	9.668874245557005e-14	-1.006851341087031e-14	0.32548338816438876	3.7678024887218227	269.06770306902604	62.93229693097399	28.37070330286316	NaN	0.3269247639208707	0.6467022852303549	-55.39316542821277	-0.052353029071037276	1.0070988102655458	0.14091213768168687	0	67.40955817411714	-10.229660520662152	23.1395199509927	57.620676453151454	87.87516723728308	123.24617151817856	184.64522332712323	0.11900648551383798	1.0305341187365467	55.15362793827415	1.0263771334921599	48.37166993872832	1.0965648012312608	0.10418293995477017	1.0965648012312608	1.0914055108054552	1.0965648012312608	-0.024767033334130883	1.1636266609588688	NaN	NaN	800000009	800000009	800000009	800000019	800000019	800010119	899999999	899999999	89999	89999	89	89	1	1	0	26	2	20	1	NaN	0	0	0	0	0	0	0	0	0	NaN	NaN	NaN	NaN	0	0	0	0	0	0	101	0	301	0	0	21	18000	18000	18000	18000	73	NaN	0.30714440198528004	0.8342127699829469	0.15204739849248283	0.1876064999751694	0.1990631328616101	0.1218381537546735	4.371090628198608e-8	NaN	0.04756339454675526	0.0026453097538104335	0.02771188492424511	-0.000024767033334130885	NaN	393.72964254324484	9.375351785527112	96343.77944574654	11.470000267028809	5.436182370728916	75.88850886853535	75.47770697551303	76.2993097712199	-0.8215968177931172	0.00028362814946740407	-1	0	2.032484926607874	40.123003792467465	1.0001181487788757	-273.1499938964844	9.001067539930343	-273.1499938964844	074
DATA	2025-05-25T113000_AIU-0547.ghg	2025-05-25	12:00:00	145.499	1	18000	18000	0.18662408851254453	1	NaN	37.410193375779606	1	NaN	26.645435502674665	1	NaN	-0.0796611407020916	2	NaN	0.6014584307538151	1	NaN	-0.060219953501745915	1	NaN	NaN	NaN	NaN	NaN	NaN	NaN	NaN	NaN	NaN	3.6379052381683614e-11	8.391427572796623e-13	2.0391596729988794e-13	NaN	15.398028351523369	393.6263450878003	397.23307840731	0.1	0	355.18088354806525	9.079639928202166	9.162835172288009	0.2	0	0.08631076513122392	2.0604813178125805	2.079361168503276	-0.1	0	NaN	NaN	NaN	NaN	9	290.711529844496	290.7359318107964	95944.38705854726	1.1457366932097743	1010.4115524526954	0.025193537748070125	0.03897450631284722	0.0064943286625989555	871.3741618376938	2004.7276860131199	0.00566825580527157	43.46596138304597	1133.3535241754262	278.13851570153264	0.44890296467527213	-0.10674407940310432	0.18611579562132818	0.49754121393266393	-1.3857048622411147e-15	2.3625786075452014e-15	0.49754121393266393	3.535697053865636	345.3758787687725	346.6241212312275	21.96691357913239	NaN	0.4035909682425262	0.6573152881403123	-148.80096087507542	-0.01948912146094722	1.4040000724335835	0.08006918155037329	0	90.2636911402563	-13.697863370083056	30.984604239583547	77.15604557480872	117.6678377555376	165.03081553214201	247.2462342190894	0.18263334149587984	1.0218511416588998	38.252381219737394	1.0206768246931446	24.44336232620633	1.0900887998582518	-0.07307766184961283	1.0900887998582518	0.5517517754810662	1.0900887998582518	-0.0677254092759835	1.1553872241304222	NaN	NaN	800000009	800000009	800000009	800000019	800000019	800010119	899999999	899999999	89999	89999	89	89	1	8	3	7	7	25	0	NaN	0	0	0	0	0	0	0	0	0	NaN	NaN	NaN	NaN	0	0	0	0	0	0	101	0	0	0	0	16	18000	18000	18000	18000	73	NaN	0.6550426178314928	0.5479049220911502	0.11168303635798142	0.14376184233399836	0.15544326848702406	0.13201451213396526	6.418696047785766e-7	NaN	0.03304268652434594	-0.0018579589557597717	0.01402798237744703	-0.0000677254092759835	NaN	393.6265125370036	9.079407430169358	96337.18728472223	11.470000267028809	4.973163374940555	75.89709984440273	75.48882438956366	76.3053723595937	-0.8165619224177467	0.0002841569643448263	-1	0	2.0525378616253533	37.6222944810406	1.0000928716444306	-303.4716201697366	9.000908575322892	-273.1499938964844	094
DATA	2025-05-25T120000_AIU-0547.ghg	2025-05-25	12:30:00	145.52	1	18000	18000	0.5831309954606793	1	NaN	-117.36816798081631	1	NaN	74.21678500004728	1	NaN	2.5940944011903886	1	NaN	1.676391171565692	1	NaN	0.1862559956960706	1	NaN	NaN	NaN	NaN	NaN	NaN	NaN	NaN	NaN	NaN	-8.698172064148186e-10	-2.1217541566617302e-11	-4.9010133601436244e-12	NaN	15.317650187398694	392.3970911729025	396.1893294812494	0.1	0	373.64503387282986	9.571783049564353	9.664287512967087	0.8	0	0.08630779853605865	2.067416996477534	2.0873971087406873	0	1	NaN	NaN	NaN	NaN	9	291.61731466759574	291.42940843099325	95909.43301781874	1.1423805539781804	1010.6988209003379	0.02526283417028569	0.10863014791745684	0.006827560690373118	918.2705355497184	2094.1363351666378	0.005976607940845188	43.849606166002005	1175.8657996169195	278.8927472073276	-0.22232547977189313	-0.10806039169899251	0.20246007174912278	0.319524252385584	-2.522450618793652e-14	-5.6785289895860616e-14	0.319524252385584	5.067600283908593	126.07811995023184	205.92188004976816	39.31842942136267	NaN	0.7144595772397008	0.8657112088325816	263.0773109416116	0.011023375560667934	-1.5814235011762034	-0.14227877016988333	0	73.1950254232936	-11.107627496200179	25.125483640182637	62.566006841373756	95.41710811092038	133.8238508298134	200.49251444148803	0.5734280274831811	1.0169209866146327	-111.615676999711	1.0169321510508675	67.64089658928857	1.0972176411363541	2.364247806391233	1.0972176411363541	1.5278565607362145	1.0972176411363541	0.19666195184077834	1.1772848774465225	NaN	NaN	800000009	800000009	800000009	800000019	800000019	800000119	899999999	899999999	89999	89999	89	89	8	10	4	15	2	8	0	NaN	0	0	0	0	0	0	0	0	0	NaN	NaN	NaN	NaN	0	0	0	0	0	0	101	0	604	0	0	11	18000	18000	18000	18000	73	NaN	0.5702364950410763	0.5701165346370654	0.5910693879870215	0.23470981874297459	0.22782681788894227	0.12999026145547435	2.7838389045316883e-7	NaN	-0.09667020442357716	0.060304981302980724	0.03897110999945116	0.00019666195184077834	NaN	392.39719197707575	9.571616321523875	96300.52206944444	11.470000267028809	5.727557138548966	75.83839566718208	75.43199105029636	76.24480317539638	-0.812810578417447	0.0002847290450509818	-1	0	2.059230681717396	36.97147741805183	1.000092741832137	-273.1499938964844	9.000969409916136	-273.1499938964844	177
DATA	2025-05-25T123000_AIU-0547.ghg	2025-05-25	13:00:00	145.541	1	18000	18000	0.6885965644422403	1	NaN	-120.23806217051902	2	NaN	15.121013915334967	2	NaN	5.877084407932713	2	NaN	0.34166018145377086	2	NaN	0.16465478134194497	2	NaN	NaN	NaN	NaN	NaN	NaN	NaN	NaN	NaN	NaN	1.2490067520198185e-9	3.150896050216415e-11	7.059727963243085e-12	NaN	15.253230831713884	391.5283610863777	395.43413111048073	0.1	1	384.79651693607434	9.877169715053702	9.97570141091602	0.3	0	0.08621543483116689	2.0686780445202797	2.0893145590077316	0	1	NaN	NaN	NaN	NaN	9	292.0618699620565	291.7640645125641	95875.39825873275	1.1405331110817905	1010.8750635964316	0.025300822488489767	0.02213957975820435	0.007034814832436241	947.2315968111477	2138.5187807870316	0.006168005789646695	44.293817071952084	1191.2871839758839	279.34170521979075	-0.2804077980502134	-0.15333727847096335	0.16193786276683117	0.3582802333003686	-7.584964382230574e-15	8.188473417860664e-14	0.3582802333003686	4.758961298210058	123.32854220972229	208.67145779027769	26.871213445408127	NaN	0.7770133433609397	1.0019546580157555	330.26269930041434	0.008780888686924027	-7.951719563499618	-0.13421718011244904	0	90.91554642439368	-13.796784924324685	31.20836506462109	77.71324166745391	118.51759695378249	166.22261489012496	249.03176683162516	0.6779907376488589	1.0156430260834541	-117.84310227548845	1.0162245866872612	13.799215466231972	1.0957879418824616	5.3633410108861295	1.0957879418824616	0.31179406926748116	1.0957879418824616	0.18205016924154002	1.1749554274582135	NaN	NaN	800000009	800000009	800000009	800000019	800000019	800010119	899999999	899999999	89999	89999	89	89	10	22	2	11	12	20	0	NaN	0	0	0	0	0	0	0	0	0	NaN	NaN	NaN	NaN	0	3	0	0	0	0	101	0	730	0	0	16	18000	18000	18000	18000	73	NaN	1.0078414501680886	0.5894854160953961	0.4065824497680262	0.31838450418677666	0.5330766222247415	0.1100047876161753	2.7620624662877304e-7	NaN	-0.1022112702626721	0.13705097773759004	0.007967362500194641	0.00018205016924154003	NaN	391.52841740617805	9.87684429625162	96262.55468272569	11.463032329771256	6.177893018563589	75.76998087522719	75.36461422962614	76.1753504922655	-0.8107342508766386	0.0002852640265822023	-1	0	2.0601955466965856	39.15788119238805	1.0000899854583873	-273.1499938964844	9.000944068113963	-273.1499938964844	202
DATA	2025-05-25T130000_AIU-0547.ghg	2025-05-25	13:30:00	145.562	1	18000	18000	0.07279001665639057	0	NaN	42.71274713853907	0	NaN	45.127489556820144	0	NaN	-0.6752688106100696	0	NaN	1.019994356682747	0	NaN	-0.002720395085653141	0	NaN	NaN	NaN	NaN	NaN	NaN	NaN	NaN	NaN	NaN	2.5567986559954128e-11	6.554577229696317e-13	1.437389468212813e-13	NaN	15.221136491451158	391.2085905694041	395.1717581595041	0.1	1	390.2071616903433	10.028974764184193	10.130574035533256	0.3	0	0.08557068518374908	2.0565761124841044	2.077410409051334	-0.3	0	NaN	NaN	NaN	NaN	9	292.30661571417915	292.10556382833096	95850.23115254918	1.1388350609417162	1010.9669248047182	0.02533708712505442	0.066095634313042	0.007132711327671122	961.5374024332754	2184.6559463719577	0.006263164502305539	44.01321883338626	1223.1185439386823	279.5590206009567	-1.1879373931948582	-0.42273578558738467	0.060963822467536975	1.2623855917336477	3.071861215689193e-14	1.6797685622433123e-15	1.2623855917336477	5.774602595559421	132.41154473767983	199.58845526232017	2.768036074196971	NaN	0.2528165466588292	0.7300776967417323	-32.01902300634848	-0.09057115825879541	0.9464906547650814	0.14674193225340076	0	66.33880142316073	-10.067169052698533	22.771963808028254	56.70540968716074	86.47932766928436	121.28848667707999	181.71225469827255	0.07198556941675174	1.0111751180987618	44.811151412520765	1.0141025972204525	41.52939285628686	1.0866397616980474	-0.621428401952506	1.0866397616980474	0.9386683541644414	1.0866397616980474	-0.017980845801560036	1.1479078226370023	NaN	NaN	800000009	800000009	800000009	800000019	800000119	800000119	899999999	899999999	89999	89999	89	89	4	5	1	21	1	20	2	NaN	0	0	0	0	0	0	0	0	0	NaN	NaN	NaN	NaN	0	310	0	0	0	0	101	0	1579	0	0	16	18000	18000	18000	18000	73	NaN	0.8555023601204713	0.5100121041178286	0.09464092924516465	0.157127780199306	0.3461434869668616	0.05933559393173682	8.407506448561344e-8	NaN	0.038921388645323275	-0.01590473655013278	0.024024123831522543	-0.000017980845801560036	NaN	391.2085505987516	10.028703210088496	96240.47908268229	11.460302822854784	6.399319892975957	75.72976440557359	75.32529060960078	76.1342376992529	-0.8089308064579965	0.0002857489774178248	-1	0	2.0277620152061013	40.351775875803966	1.00009754057063	-273.1499938964844	9.000934406571918	-273.1499938964844	073
DATA	2025-05-25T133000_AIU-0547.ghg	2025-05-25	14:00:00	145.583	1	18000	18000	0.29050402364041655	1	NaN	12.197186709232943	2	NaN	79.88028269623685	1	NaN	0.5659282502820678	2	NaN	1.8069138891474112	1	NaN	-0.01915889771125104	1	NaN	NaN	NaN	NaN	NaN	NaN	NaN	NaN	NaN	NaN	1.78759897695027e-10	4.833992126058788e-12	1.006305345653471e-12	NaN	15.11470358700561	389.8369117746762	393.990317412384	0.2	0	408.7290218298791	10.541897742528661	10.65421337040657	0.7	0	0.08508623697872351	2.0530412480505214	2.0749147875654974	-0.2	0	NaN	NaN	NaN	NaN	9	293.18307049899636	292.91929595348824	95809.70009475914	1.134970130174611	1011.2696435120449	0.02541841822016637	0.11708802001675224	0.007473517782648072	1010.2869872577917	2298.121830133996	0.006584770456909117	43.96141988690326	1287.8348428762042	280.27873127389273	-0.5589023912889541	-0.14372161030825398	0.14370156690724503	0.5947082684726018	-2.8409770841055066e-14	1.18268874189971e-14	0.5947082684726018	4.548247720317698	137.57885642475765	194.42114357524238	13.98298348620612	NaN	0.5059223435071099	0.7279435541754843	-898.3701573791266	-0.0032280680476523818	0.15269333429396528	0.02100508334761705	0	91.27560101236902	-13.851424597149432	31.331960153323227	78.02101091385086	118.98696447361044	166.88090951046493	250.01801212988002	0.2850770848256479	1.0190367416521315	16.55116491411568	1.018855544464013	73.40164580373376	1.0882628287358311	0.5200290181182355	1.0882628287358311	1.6603653468954678	1.0882628287358311	-0.025974411514391265	1.1528791193845527	NaN	NaN	800000009	800000009	800000009	800000019	800000019	800010119	899999999	899999999	89999	89999	89	89	0	7	1	15	8	10	0	NaN	0	0	0	0	0	0	0	0	0	NaN	NaN	NaN	NaN	0	0	0	0	0	0	101	0	2209	0	0	16	18000	18000	18000	18000	73	NaN	0.8689806421814168	0.416232207734954	0.17067425843459777	0.44236789107923324	0.5574655531532656	0.13524300464601485	1.7632822736341326e-7	NaN	0.014420395218766098	0.013359183997239916	0.042653631622484686	-0.000025974411514391264	NaN	389.837205854732	10.541751578512338	96206.67813151042	11.470000267028809	7.11593553010619	75.63478495131599	75.22899088054234	76.04058121469286	-0.8115914918051826	0.0002868395054505931	-1	0	2.0440756070282715	39.97614082992544	1.0000722274813387	-273.1499938964844	9.000800285551284	-273.1499938964844	123
DATA	2025-05-25T140000_AIU-0547.ghg	2025-05-25	14:30:00	145.604	1	18000	18000	0.11829219194513438	1	NaN	65.50799940237367	1	NaN	44.258862654624274	1	NaN	-0.4361612382649151	1	NaN	1.0015035083842156	1	NaN	0.002752177489889772	1	NaN	NaN	NaN	NaN	NaN	NaN	NaN	NaN	NaN	NaN	8.268899242416514e-11	2.2342328891571262e-12	4.638206654757478e-13	NaN	15.076491493621495	389.9211662441989	394.07294469579364	-0.1	0	407.36248151819075	10.535558219556917	10.647738084047997	0.4	0	0.08456734218915686	2.04401587416418	2.0657800198319167	-0.3	0	NaN	NaN	NaN	NaN	9	293.5976897260877	293.2871533977871	95764.13851507069	1.1330102633734953	1011.2751241949362	0.025462447959738767	0.06489742734329718	0.007456108017166418	1009.1992911030043	2351.085904980659	0.006580794771413754	42.92481567623988	1341.8866138776548	280.263010727582	-1.1646774969955176	-0.393066431656634	0.12352451042200582	1.235408109240843	5.6685321703357445e-14	5.484630987199435e-15	1.235408109240843	4.518135150311081	133.35100108970698	198.64899891029302	5.738410684281962	NaN	0.3231179744537627	0.5679295157083729	-43.562052102078006	-0.0665717031237301	1.4801103208089157	0.17694164086195402	0	81.63506589650981	-12.388436199895283	28.02267641531879	69.7804264953721	106.41955328579601	149.2549366276992	223.6110928787124	0.11696733583817766	1.011326718672892	67.33321265594577	1.0141796110217074	40.734236506750015	1.0865273649425147	-0.4014268322528547	1.0865273649425147	0.9217471558456355	1.0865273649425147	-0.019545009358116597	1.1479164791315288	NaN	NaN	800000009	800000009	800000009	800000019	800000019	800000119	899999999	899999999	89999	89999	89	89	4	1	2	21	9	21	0	NaN	0	0	0	0	0	0	0	0	0	NaN	NaN	NaN	NaN	0	0	0	0	0	0	101	0	1909	0	0	11	18000	18000	18000	18000	73	NaN	0.5370172704594014	0.5068143033752857	0.09202745758205873	0.3926910294284479	0.43104098502954796	0.06269451133258123	7.129965669291794e-8	NaN	0.058766005039782514	-0.010330173160235007	0.023719908498398154	-0.000019545009358116597	NaN	389.921266566913	10.535428436127315	96153.40296657986	11.466364072693716	7.1032337512704995	75.64404313151041	75.24041379653083	76.04767759005229	-0.8072811583909723	0.0002874081369793405	-1	0	2.0350718903938927	38.86131254906124	1.000071593657136	-273.1499938964844	9.000671686172485	-273.1499938964844	167
DATA	2025-05-25T143000_AIU-0547.ghg	2025-05-25	15:00:00	145.624	1	18000	18000	0.7875372842498716	1	NaN	18.545916010692743	1	NaN	101.25606740713171	1	NaN	2.8149407587892457	1	NaN	2.292658059972345	1	NaN	-0.10907302741612869	1	NaN	NaN	NaN	NaN	NaN	NaN	NaN	NaN	NaN	NaN	-1.0111621654807992e-9	-2.8626479377411205e-11	-5.741060512810543e-12	NaN	14.972388898766875	388.2929656562718	392.6088192355495	0.1	1	423.87541452100464	10.992757594394163	11.114941451445791	0.3	0	0.08500851161522782	2.0610968230589313	2.0840057935729925	-0.2	0	NaN	NaN	NaN	NaN	9	294.13823687320286	293.920755334457	95716.78451637487	1.1298126572209164	1011.543311915623	0.025530079935276388	0.14856424228620796	0.0077590628680839985	1052.4736491107142	2444.8189521563704	0.006867565891118213	43.049144730427386	1392.3453030456562	280.8772279106543	-0.3907652968875567	-0.1674191629937423	0.17817893849001684	0.46094948477077863	7.657524457325725e-14	-6.753512564478461e-14	0.46094948477077863	5.342848406642204	128.80781133898267	203.1921886610173	22.739853707131413	NaN	0.8348959300105561	1.2718932653085746	-2653.7160805169947	-0.0010928071850983487	0.1831585650677414	0.019436811637657203	0	89.01193952968725	-13.50790523389058	30.554918418299355	76.08606712507599	116.03605310811162	162.7422143623218	243.81749262896346	0.7696842179115856	1.023195312990472	23.984609079344064	1.021553164909897	92.80786076046158	1.0910289988094337	2.580078771380963	1.0910289988094337	2.101372248101717	1.0910289988094337	-0.11095096887555869	1.1566243019351103	NaN	NaN	800000009	800000009	800000009	800000019	800000019	800100119	899999999	899999999	89999	89999	89	89	5	6	0	17	2	11	0	NaN	0	0	0	0	0	0	0	0	0	NaN	NaN	NaN	NaN	0	0	0	0	0	0	101	0	1406	0	0	11	18000	18000	18000	18000	73	NaN	1.3515508140417236	0.6973201827522425	0.4949155338231831	0.22704421742712716	0.46845151938166457	0.09986350455237987	2.5196222425052006e-7	NaN	0.020986582630406883	0.06660195278349716	0.05424465981467379	-0.0001109509688755587	NaN	388.29291444603916	10.992520248478572	96106.1990277778	11.460000038146973	7.715740796645489	75.61343446159363	75.21124963463677	76.0156224009196	-0.8043840599788556	0.00028792216948608643	-1	0	2.051721320496664	36.59490939304562	1.0000679454853136	-273.1499938964844	9.00072917954127	-273.1499938964844	230
DATA	2025-05-25T150000_AIU-0547.ghg	2025-05-25	15:30:00	145.645	1	18000	18000	0.21586974149807447	1	NaN	8.275789814989286	2	NaN	42.378471418040185	1	NaN	2.626978013410439	2	NaN	0.9601257657473412	1	NaN	-0.01881837047129387	1	NaN	NaN	NaN	NaN	NaN	NaN	NaN	NaN	NaN	NaN	-1.3787045462172123e-10	-4.055438909919179e-12	-7.916981921008476e-13	NaN	14.871035457906006	386.4033516942346	390.84570281895947	0.1	1	437.4292954371552	11.365997099839115	11.496668197226604	0.1	1	0.08539445176266877	2.0768016271116814	2.100677926330045	-0.1	0	NaN	NaN	NaN	NaN	9	294.7941419592964	294.5506422338129	95676.47569325627	1.1267621042893774	1011.7654088920186	0.025595571134781357	0.06221614962042771	0.008001980896220602	1087.7502444954475	2541.225929107226	0.007101748333351399	42.80415338267825	1453.4756846117784	281.3616602724177	-0.7727505755494076	-0.06682887655483641	0.19174658829066837	0.7989845460800326	-4.2327622189146325e-15	-9.271072953324448e-15	0.7989845460800326	3.770605131759104	147.05725463879924	184.94274536120076	13.885823622676313	NaN	0.4377032483056896	0.4883259138395332	-856.7196886596638	-0.0033850044984223998	0.19528287684926615	0.01658508199560945	0	88.07447098138002	-13.36564076490815	30.233115802104304	75.28473310998733	114.81396817396318	161.0282228657578	241.24962103696706	0.21262501088552174	1.0152603430755365	10.602656497121409	1.0164645796011784	39.00857181222095	1.0863886948243382	2.4180829807283697	1.0863886948243382	0.8837773904694278	1.0863886948243382	-0.022320280045360005	1.1498416159590263	NaN	NaN	800000009	800000009	800000009	800000019	800000019	800000019	899999999	899999999	89999	89999	89	89	5	11	4	1	1	8	1	NaN	0	0	0	0	0	0	0	0	0	NaN	NaN	NaN	NaN	0	0	0	0	0	0	101	0	3838	0	0	16	18000	18000	18000	18000	73	NaN	0.47879747505078374	0.3581784492573383	0.13967590337094438	0.3293187250400242	1.3006704532425184	0.15030031265828117	4.776086337117073e-7	NaN	0.009300421510755667	0.06260396226405503	0.02288092130986643	-0.000022320280045360006	NaN	386.4035401445236	11.365800943697312	96071.19851475695	11.466967975404527	8.198890642007186	75.57527719285753	75.17539931551616	75.97515749274359	-0.799753291346961	0.00028913830312861437	-1	0	2.066892429676323	39.849704555371126	1.000065597643455	-273.1499938964844	9.000736436155107	-273.1499938964844	178
DATA	2025-05-25T153000_AIU-0547.ghg	2025-05-25	16:00:00	145.666	1	18000	18000	0.22351473706677458	0	NaN	62.59517118786811	0	NaN	43.38422848481244	0	NaN	0.36580441805991987	2	NaN	0.9826819272308011	0	NaN	0.0023401053188717336	0	NaN	NaN	NaN	NaN	NaN	NaN	NaN	NaN	NaN	NaN	-8.209065956361617e-11	-2.560858234857083e-12	-4.772118493862089e-13	NaN	14.78957057036827	383.87477980672094	388.5274588025752	0.1	1	461.3678801761495	11.97516131856849	12.120303913158642	0.1	1	0.0859751689294673	2.0891399273259923	2.1144609381622974	-0.2	0	NaN	NaN	NaN	NaN	9	294.7316920852661	294.3084835344683	95679.73368165645	1.127466725399207	1012.0965806613746	0.025573657429344213	0.0636777888845559	0.008438073875594787	1146.0875891773503	2503.7762639034677	0.007484100138393957	45.77436114002307	1357.6886747261174	282.1331814617054	-1.290182581645786	0.14211082228988028	0.14769693159494357	1.3063617276223873	1.296736383566346e-14	-5.550577629893419e-15	1.3063617276223873	4.678857140725307	158.28566759388707	173.71433240611293	6.491727074892297	NaN	0.4452472181007645	0.5662648453518653	-119.2405340855802	-0.024320588818552584	1.4428093658454908	0.12320091283804231	0	82.89964874268475	-12.580341525594173	28.45676678456829	70.86137289231242	108.06806474474946	151.5669973885197	227.0749812110539	0.22109537958028685	1.0109425963178447	64.45641520392526	1.013987447797375	39.917867764644676	1.0868373215875502	0.33657697503945394	1.0868373215875502	0.9041665276965194	1.0868373215875502	-0.01947079263977588	1.1479130827952584	NaN	NaN	800000009	800000009	800000009	800000019	800000019	800000019	899999999	899999999	89999	89999	89	89	7	24	1	1	1	5	0	NaN	0	0	0	0	0	0	0	0	0	NaN	NaN	NaN	NaN	0	0	0	0	0	0	101	0	3290	0	0	11	18000	18000	18000	18000	73	NaN	0.6569709962892487	0.30740447815036	0.16815421626412197	0.15678204110276725	0.81070745569402	0.09369818771301844	2.6619119819416622e-8	NaN	0.0564859525752424	0.00871185814930646	0.023403177034672977	-0.00001947079263977588	NaN	383.874871023854	11.975041585959673	96060.21219227431	11.470000267028809	8.971120795355846	75.53892657322353	75.13707507748074	75.94077715958488	-0.8037000953902802	0.000288837409696296	-1	0	2.078811424858041	39.74289627122878	1.0000515042907663	-273.1499938964844	9.000661533991495	-273.1499938964844	254
DATA	2025-05-25T160000_AIU-0547.ghg	2025-05-25	16:30:00	145.687	1	18000	18000	0.176445684414109	1	NaN	44.966971726284484	1	NaN	56.75032965988445	1	NaN	-1.770569524883892	1	NaN	1.2850885586990053	1	NaN	-0.00007118329373507592	1	NaN	NaN	NaN	NaN	NaN	NaN	NaN	NaN	NaN	NaN	-2.670651815222294e-10	-8.594756724823825e-12	-1.5492491710492115e-12	NaN	14.800573450973522	383.0340792537947	387.8146298790687	0.1	0	476.31565999709113	12.326896039906401	12.480744884599451	0.1	1	0.08585835120579025	2.084021621338717	2.1100317635286348	-0.2	0	NaN	NaN	NaN	NaN	9	294.5229117296007	294.0313275515144	95651.53611333254	1.1280461627125538	1012.2847571595526	0.025557106101953646	0.08327373860369554	0.008691542366296616	1179.402819209564	2461.507313210124	0.00770495273473252	47.91384583259557	1282.1044940005597	282.55838102700534	-0.9923762775285229	0.17301894823420555	0.151534090537631	1.018679936606445	9.497609407443176e-15	-1.804424554270652e-14	1.018679936606445	4.741452294259101	161.8900019360895	170.1099980639105	8.554804165482869	NaN	0.39549598963445765	0.37648881144893515	-116.31213405598342	-0.024932910255125836	0.7923649430017433	0.099568505222409	0	89.49993317421288	-13.581960152138874	30.72243084501326	76.50319675274356	116.67220210960272	163.63442238210496	245.1541828241864	0.17420651988647387	1.0128535058796555	47.731510981110304	1.0150177198510655	52.256465606512464	1.0859963260280645	-1.6303641941033018	1.0859963260280645	1.183326801296928	1.0859963260280645	-0.017148917048997205	1.1483730045656546	NaN	NaN	800000009	800000009	800000009	800000019	800000019	800000019	899999999	899999999	89999	89999	89	89	13	19	0	1	0	3	0	NaN	0	0	0	0	0	0	0	0	0	NaN	NaN	NaN	NaN	0	2	0	0	0	0	101	0	14144	0	0	16	18000	18000	18000	18000	73	NaN	0.5024974340574696	0.14092966758332184	0.10955052125707887	0.0695811782930797	1.3608337434248885	0.1531889192440553	1.992426030306391e-8	NaN	0.04179993559971874	-0.04218757200349901	0.030619958910985026	-0.000017148917048997205	NaN	383.034303495812	12.326732304316222	96036.0298454861	11.470000267028809	9.39483373117448	75.49505266189574	75.09235561010571	75.89775460010105	-0.8053953300995957	0.00028793157089320533	-1	0	2.0733849879503246	39.55468897187947	1.0000681629611385	-273.1499938964844	9.000662921667098	-273.1499938964844	141
DATA	2025-05-25T163000_AIU-0547.ghg	2025-05-25	17:00:00	145.708	1	18000	18000	0.14101352595587813	1	NaN	26.279485955893545	1	NaN	38.955827720421745	1	NaN	-0.4090018064387469	1	NaN	0.8822462790863551	1	NaN	-0.0007874184753114404	1	NaN	NaN	NaN	NaN	NaN	NaN	NaN	NaN	NaN	NaN	8.171595013622014e-12	2.703607251713924e-13	4.7543464229626163e-14	NaN	14.756795397127666	382.11225229213187	387.0049028450121	0.1	1	488.2349037271866	12.642347724570369	12.804223166180218	0.1	1	0.08585706620772385	2.0854864404482076	2.1121894742417493	-0.1	0	NaN	NaN	NaN	NaN	9	294.59634289381245	294.1568679012488	95634.12016470892	1.127224328222706	1012.462925319149	0.025572674224627518	0.05716955888479581	0.008908536819380189	1209.3641135835992	2480.5754661335686	0.007903073590885209	48.753369131261096	1271.2113525499694	282.9318287733708	-0.7621073924898248	0.2934152833728281	0.1822637846768391	0.8367319125078773	-1.9041719692794547e-14	5.537513256579116e-16	0.8367319125078773	3.3231162273047112	173.0569633849809	158.9430366150191	12.581503158333755	NaN	0.3536919776182398	0.2924640103380305	-142.33742117511673	-0.02037412211109368	0.6745970370465803	0.06510317576405583	0	84.10913028446679	-12.76388501576925	28.871942659095367	71.89521952300937	109.6447460883651	153.7783153912503	230.38793853404266	0.13896271234200416	1.0147580137096537	28.20173742208453	1.0161550691436352	35.8633131851447	1.0862305866530488	-0.37653313344727746	1.0862305866530488	0.812209018901575	1.0862305866530488	-0.011062232115467592	1.1494899334748694	NaN	NaN	800000009	800000009	800000009	800000019	800000019	800000019	899999999	899999999	89999	89999	89	89	16	25	0	2	0	5	1	NaN	0	0	0	0	0	0	0	0	0	NaN	NaN	NaN	NaN	0	0	0	0	0	0	101	0	12817	0	0	11	18000	18000	18000	18000	73	NaN	0.3021987005319897	0.18039304135788997	0.10233627878618133	0.09182455583931434	1.127469529857465	0.09094034798386015	2.8754228570789133e-8	NaN	0.024710775909857447	-0.009752283993490804	0.02103637717585295	-0.000011062232115467592	NaN	382.1123819911247	12.642231026572167	96023.49067556424	11.466364628261989	9.77173543479708	75.41845636961196	75.01291742112902	75.8239960094028	-0.8110783532294962	0.00028758571856370613	-1	0	2.0745621141725117	39.935003010748176	1.0000485587865113	-273.1499938964844	9.000612446890937	-273.1499938964844	091
DATA	2025-05-25T170000_AIU-0547.ghg	2025-05-25	17:30:00	145.729	1	18000	18000	0.1737908558218974	1	NaN	42.35672101163085	0	NaN	26.339601948299837	0	NaN	0.7778733448869883	0	NaN	0.596520827066455	0	NaN	-0.0019961713253699347	0	NaN	NaN	NaN	NaN	NaN	NaN	NaN	NaN	NaN	NaN	-9.747098882550649e-11	-3.3821177381157076e-12	-5.671501988034609e-13	NaN	14.675194892131707	380.15001189406644	385.2314909532259	0.1	1	509.2103563639594	13.190715656671067	13.367036433436894	0.1	1	0.08538991756256846	2.0746043759974264	2.1023356882763515	-0.1	0	NaN	NaN	NaN	NaN	9	294.5959833662245	294.1544991206627	95625.76961549005	1.126900139455423	1012.7676598012681	0.02557470141702302	0.03865454959390628	0.009294212132918889	1261.710686224793	2480.214483071719	0.008247591607726961	50.87103130944458	1218.5037968469258	283.5651592958157	-0.8446427620705352	0.281545317981176	0.18121281917395393	0.90858530002869	-3.548832752583106e-14	-6.64188718050803e-15	0.90858530002869	3.72360231399415	170.43481027538127	161.56518972461873	11.504507572917353	NaN	0.3927089007074637	0.4037971313219057	-120.88247860106844	-0.02399024270151231	1.6081002702611034	0.09450533596773078	0	80.43922799640883	-12.206963184982813	27.61218396147321	68.75824224437679	104.86065780707732	147.06856355337794	220.3355076040419	0.17140572007062513	1.0139151467657528	43.3928937576636	1.0156435019830246	24.252804214504145	1.0860435649147615	0.7162450660513237	1.0860435649147615	0.5492604959298046	1.0860435649147615	-0.01616878671723907	1.148945557377081	NaN	NaN	800000009	800000009	800000009	800000019	800000019	800000019	899999999	899999999	89999	89999	89	89	17	20	2	1	30	7	0	NaN	0	0	0	0	0	0	0	0	0	NaN	NaN	NaN	NaN	0	0	0	0	0	0	101	0	12321	0	0	11	18000	18000	18000	18000	73	NaN	0.3952442235299108	0.2713046762743208	0.14104536283957977	0.07453143385955753	1.6087076712847415	0.1048314730514477	2.3713293329049205e-8	NaN	0.038020984281616745	0.01856267434453546	0.014234993299810622	-0.000016168786717239072	NaN	380.1501931534309	13.19061209894668	96013.83699348959	11.460000038146973	10.404936125728794	75.34310091951158	74.93464227252537	75.75155990494622	-0.8169146139389935	0.0002881056201003957	-1	0	2.063322008292038	40.203240561803185	1.0000509571714533	-273.1499938964844	9.000661123434703	-273.1499938964844	147
DATA	2025-05-25T173000_AIU-0547.ghg	2025-05-25	18:00:00	145.749	1	18000	18000	0.16980633709858575	1	NaN	36.91698762960231	0	NaN	37.7054735617795	0	NaN	1.7756881415395165	0	NaN	0.8537678452032371	0	NaN	0.0025038894907497165	0	NaN	NaN	NaN	NaN	NaN	NaN	NaN	NaN	NaN	NaN	-8.95397586957587e-11	-3.134815321718358e-12	-5.20907886389028e-13	NaN	14.688036209814213	380.408234242153	385.5429776658668	0.1	1	514.2328014634313	13.318212809374186	13.497981803530667	0.8	0	0.0854493468455399	2.0742919309495584	2.102290685688726	0	0	NaN	NaN	NaN	NaN	9	294.50037992011175	293.9616262281505	95650.75766933558	1.1278795302155464	1012.8339819081282	0.02555125563050671	0.055324156369169764	0.009392657738917903	1274.238855442201	2450.9759188049284	0.008327713631900824	51.98904018867338	1176.7370633627274	283.71329678950195	-1.022529627283565	0.2814401637602371	0.17911318310195193	1.0755728412390098	2.0796599625521957e-14	-6.096101440431517e-15	1.0755728412390098	4.010822297757593	167.38898824522963	164.61101175477037	9.586020817365805	NaN	0.3880123863131367	0.39912233263770475	-133.80501224967966	-0.021673328608861158	0.9790882899034467	0.08328747341190935	0	78.86377673070352	-11.967882377282148	27.071382523486598	67.41157019804123	102.80689796651512	144.18813617525868	216.02010250902896	0.167728016364356	1.0123910171912784	38.69951595503543	1.0147541949353145	34.717474524001744	1.086066140430578	1.6349723791550423	1.086066140430578	0.7861103605207277	1.086066140430578	-0.011119809815561545	1.1481775531781522	NaN	NaN	800000009	800000009	800000009	800000019	800001019	800001119	899999999	899999999	89999	89999	89	89	20	14	3	0	15	5	2	NaN	0	0	0	0	0	0	0	0	0	NaN	NaN	NaN	NaN	0	0	0	0	0	0	101	0	10121	0	0	11	18000	18000	18000	18000	73	NaN	0.36677653364174445	0.2867961904744676	0.14467194115919746	0.06566391123911884	1.021718886188424	0.09064731301650948	3.092812242601223e-8	NaN	0.03387696958145939	0.04233963675829201	0.020357302386709828	-0.000011119809815561544	NaN	380.4076710460489	13.318112429935402	96035.62650195313	11.466968530972798	10.55316191471943	75.31630836168924	74.90699287732441	75.72561863284639	-0.8186274171372254	0.0002880780055921706	-1	0	2.0628989770809816	40.800870949870465	1.0000555198721963	-273.3518689049614	9.000633487462997	-273.1499938964844	169
DATA	2025-05-25T180000_AIU-0547.ghg	2025-05-25	18:30:00	145.77	1	18000	18000	0.12614719396595428	1	NaN	26.469017814879553	0	NaN	24.967716582418436	0	NaN	-0.022335447588206964	2	NaN	0.5650735823979564	0	NaN	0.0036131019198171756	1	NaN	NaN	NaN	NaN	NaN	NaN	NaN	NaN	NaN	NaN	2.709851226357889e-11	9.5797771000114e-13	1.5597880474752055e-13	NaN	14.778211151906579	381.5290459346215	386.7453471264896	0.1	1	522.4344694466647	13.487689588575869	13.672094555972484	0.1	1	0.08506325695521541	2.060371573657374	2.0885411686328554	0	0	NaN	NaN	NaN	NaN	9	294.1963987876044	293.4633419233578	95656.40498989119	1.129788537966501	1012.9165002906715	0.025506438643691832	0.03661676813938757	0.009528894799690078	1290.5299758355811	2376.829604805879	0.008434228600726535	54.296276570527716	1086.299628970298	283.9040219770097	-0.7277967508898917	0.3642420634731234	0.21571671771212955	0.8419584869276727	-2.5056650227238288e-14	1.8336801379430036e-15	0.8419584869276727	3.9313217434948333	178.5866925527311	153.41330744726892	14.84519194006373	NaN	0.33414903791791045	0.3283669097796396	-119.19839402995433	-0.024329186845178766	1.060129696983115	0.06921923592436065	0	73.78837313183912	-11.197670300122072	25.329160707821938	63.073191538386766	96.19059677529671	134.90867967958027	202.11778574013738	0.12432067837617754	1.0146919692977379	27.592641323925708	1.0161146523698497	22.986040186195005	1.0862121696547626	-0.020562693194006446	1.0862121696547626	0.5202239472032035	1.0862121696547626	-0.006112574647895327	1.1494445114042615	NaN	NaN	800000009	800000009	800000009	800000019	800000019	801001119	899999999	899999999	89999	89999	89	89	12	32	2	3	4	1	0	NaN	0	0	0	0	0	0	0	0	0	NaN	NaN	NaN	NaN	0	0	0	0	0	0	101	0	15608	0	0	11	18000	18000	18000	18000	73	NaN	0.24064367622269442	0.2893840065083063	0.1267061368282785	0.07148509097085058	0.7702206059673437	0.07329312867902982	1.4204117660441695e-7	NaN	0.02411140208277227	-0.000531653776899524	0.013450525364293144	-0.000006112574647895327	NaN	381.5286559914475	13.487614483030328	96036.89303602431	11.469697482320997	10.743759554015277	75.23880772103205	74.82540142991806	75.65221437327065	-0.8268013011746949	0.0002866817816522802	-1	0	2.0489286923342274	39.1489488115797	1.000059554323554	-273.1499938964844	9.000663948191537	-273.1499938964844	179
DATA	2025-05-25T183000_AIU-0547.ghg	2025-05-25	19:00:00	145.791	1	18000	18000	0.04652292789275278	1	NaN	4.364572441952887	1	NaN	65.09703763176067	1	NaN	-0.0508650762395496	2	NaN	1.4731360826491728	1	NaN	-0.0016353810735669522	0	NaN	NaN	NaN	NaN	NaN	NaN	NaN	NaN	NaN	NaN	1.01178097112017e-10	3.666527068245387e-12	5.767853796756997e-13	NaN	14.80216941855612	381.39672347343037	386.74195641145093	0.1	1	536.4061629050356	13.821187097512075	14.01488950754684	0.1	1	0.08438263964041182	2.0431552531441795	2.071789848263759	-0.1	0	NaN	NaN	NaN	NaN	9	294.1044680379232	293.35723896734305	95671.42427668019	1.130231344278904	1013.0999397553322	0.025493213916425273	0.0954592181556664	0.009769572270525675	1322.6473458204912	2361.2970513811056	0.008643869522799984	56.013594098501265	1038.6497055606144	284.2739006597324	-0.49593277766992894	0.15229696938848683	0.21078806747794915	0.5599779426400621	-4.845105569374465e-14	6.835355970536273e-15	0.5599779426400621	2.3920289224387132	169.07130125945892	162.92869874054108	22.11223397824415	NaN	0.20288495634785447	0.13319718578673836	-161.83322659092656	-0.017919682262348177	0.06704717450650048	0.018787639727360278	0	66.00393049451507	-10.016351097336244	22.657013454631947	56.419167053983735	86.04278959286451	120.67623581791086	180.7949913445234	0.045613507173699386	1.0199375311262573	8.02152618926078	1.0194359526407766	59.7867208319003	1.088821007842045	-0.046715737364729996	1.088821007842045	1.3529644193482353	1.088821007842045	-0.006722703952337568	1.153667317295917	NaN	NaN	800000009	800000009	800000009	800000019	800001019	801101119	899999999	899999999	89999	89999	89	89	18	26	2	1	16	1	8	NaN	0	0	0	0	0	0	0	0	0	NaN	NaN	NaN	NaN	0	3	0	0	0	0	101	0	18000	0	0	16	18000	18000	18000	18000	73	NaN	0.08300704183030772	0.12166216555538568	0.06172516418778334	0.02831402009612919	0.407116073075139	0.30408036239518427	1.3778600298565926e-8	NaN	0.007005471473840862	-0.0012076296382276257	0.034974936165856715	-0.000006722703952337568	NaN	381.3962740591401	13.820884188119965	96060.1189359809	11.460000038146973	11.107384943538188	75.12377133772107	74.70095157919988	75.5465963221656	-0.8456433126793949	0.0002865671776752505	-1	0	2.031486238943206	40.56617847089609	1.0000714423176316	-273.1499938964844	9.00063895116912	-273.1499938964844	134
DATA	2025-05-25T190000_AIU-0547.ghg	2025-05-25	19:30:00	145.812	0	18000	18000	0.04632724460224975	1	NaN	51.969798443505624	1	NaN	-62.951745606466275	1	NaN	3.024942911435718	1	NaN	-1.4238289990840773	1	NaN	-0.004306216232407875	1	NaN	NaN	NaN	NaN	NaN	NaN	NaN	NaN	NaN	NaN	-2.1569169771106182e-10	-8.344881512564331e-12	-1.2288408389282979e-12	NaN	14.789114086498492	380.58582091756506	386.27348910893954	0.1	1	572.1750351881842	14.724459098901278	14.944508909086284	0.1	1	0.08425668467501278	2.0357317624510425	2.066154773911502	0.6	0	NaN	NaN	NaN	NaN	9	293.6096769638062	292.8053433922862	95680.64479798425	1.132081968021649	1013.5919726479069	0.02544280120711262	-0.09226411914064821	0.010428677068554578	1409.2236488405547	2281.9282178221274	0.009211945215220625	61.75582727950654	872.7045689815727	285.2329420980071	-0.2534288712418152	-0.3056646795156637	0.19216448395194854	0.4411170796679937	-4.2972830361358375e-14	-1.4584490757832105e-14	0.4411170796679937	1.5027497535495677	101.66238110477184	230.3376188952282	25.82548240356736	NaN	0.20229227511232903	0.09392118822287861	-13.475296886067357	-0.2152086165165255	-0.8255497594679471	0.22388793894557962	0	71.52542491688689	-10.854259177992981	24.552363814528306	61.138857440139176	93.24061522632117	130.7712886123318	195.91921999003566	0.04524101390923246	1.0240098662509334	47.50262732596226	1.0220855529217194	-57.66850820215728	1.091613907989237	2.7710739935584834	1.091613907989237	-1.3043338754329208	1.091613907989237	-0.015339959807358599	1.1573829542599896	NaN	NaN	800000009	800000019	800000009	800000019	800000019	800100019	899999999	899999999	89999	89999	89	89	6	3	0	2	18	0	16	NaN	0	0	0	0	0	0	0	0	0	NaN	NaN	NaN	NaN	0	545	0	0	0	0	101	0	11909	0	0	11	18000	18000	18000	18000	73	NaN	0.07048702912295099	0.06715640820526408	0.05019893911754215	0.16745997861006706	2.6544331870545275	0.5104206322207565	2.1507416279540247e-7	NaN	0.04139773644998153	0.07155781753632945	-0.03368198961184202	-0.000015339959807358598	NaN	380.5855598519647	14.723965195048015	96066.71668532985	11.463635676913793	12.060653685410845	74.8530089603	74.40932470703127	75.29669216325546	-0.8873683009180802	0.0002863784331210708	-1	0	1.927240952453245	32.59847785950908	1.0000715687672297	-273.1499938964844	9.000756274912092	-273.1499938964844	231
DATA	2025-05-25T193000_AIU-0547.ghg	2025-05-25	20:00:00	145.833	0	18000	18000	0.037474398509980515	1	NaN	21.01619436134363	1	NaN	-38.480075861151136	1	NaN	-0.617582204950873	1	NaN	-0.8699848985207478	1	NaN	0.024936016535922045	2	NaN	NaN	NaN	NaN	NaN	NaN	NaN	NaN	NaN	NaN	3.2980550773099475e-10	1.2488539583753713e-11	1.8913381351059014e-12	NaN	14.931569537519858	383.50987824391785	389.16132946937404	0.1	1	565.4044363897787	14.52212950644919	14.736129487287382	0.1	1	0.08562818455515706	2.064820101650861	2.095247558036742	0	1	NaN	NaN	NaN	NaN	9	293.19336399332684	292.3898609019146	95656.75249923741	1.1334947493010923	1013.4694190555251	0.02541304445347857	-0.05637502142414445	0.010297419448071344	1389.5123699924204	2223.727472624412	0.009084664445442456	62.48573114728567	834.2151026319914	285.01924665417613	-0.23332381843798	-0.40959413775003894	0.19188632419188864	0.5089476626742108	-3.966712115481775e-14	2.2087799069097437e-14	0.5089476626742108	2.007130328835528	91.66784549118216	240.33215450881784	22.14956592974871	NaN	0.18182666749384052	0.07427138302705799	-24.192101499390002	-0.11987383568447424	-0.5461578204049551	0.10061583503443214	1	2.8827539406500247	1	2	4	7	12	35	0.03668677473302679	1.0214688748925285	18.501249349682638	1.020428280299031	-35.308391425845755	1.0898280637328528	-0.5666785665580545	1.0898280637328528	-0.798277203048797	1.0898280637328528	0.018849774123858472	1.1550393376683326	NaN	NaN	800000009	800000009	800000009	800000019	800000019	810001019	899999999	899999999	89999	89999	89	89	3	4	1	1	13	0	36	NaN	0	0	0	0	0	0	0	0	0	NaN	NaN	NaN	NaN	0	278	0	0	0	0	101	0	16180	0	0	11	18000	18000	18000	18000	73	NaN	0.06491131097193281	0.0569241496511636	0.026707305431019568	0.06068497713116357	5.780134254959268	0.43231839146400886	1.2116199173271585e-7	NaN	0.016105376988900223	-0.01461330077389007	-0.020585682179487714	0.000018849774123858473	NaN	383.5086757190043	14.521710326720758	96043.48271375868	11.470000267028809	11.849041261725976	74.74903079350788	74.2917956199646	75.20626525497437	-0.9144690419667295	0.0002857846828701441	-1	0	2.0505855258133656	36.96606571834743	1.0000762081113126	-273.1499938964844	9.000825246493022	-273.1499938964844	036
DATA	2025-05-25T200000_AIU-0547.ghg	2025-05-25	20:30:00	145.854	0	18000	18000	0.027319905784636028	1	NaN	28.520458562339208	1	NaN	9.899534126096382	2	NaN	-0.4256619323557444	2	NaN	0.22355628000026662	2	NaN	NaN	NaN	NaN	NaN	NaN	NaN	NaN	NaN	NaN	NaN	NaN	NaN	2.6694967425835033e-11	1.0042677209270372e-12	NaN	NaN	15.090097121422302	386.7896527142095	392.5009620310872	0.1	1	567.691175754427	14.551070874637293	14.765930982899468	0.1	1	NaN	NaN	NaN	NaN	0	NaN	NaN	NaN	NaN	9	292.53358514573836	291.18803653984264	95126.57397907675	1.1319054878683268	1013.4208300569021	0.0255672429392508	0.014486446944017276	0.010255712838363663	1378.1667265866827	2061.8176481272485	0.009060573473919493	66.84231885581508	683.6509215405658	284.8950326016002	-0.32993529878517486	-0.44360772905228435	0.17237604073586477	0.5791015611092266	-1.954532000942098e-14	1.7690388081027093e-15	0.5791015611092266	1.4239602839450671	98.6401966424769	233.3598033575231	17.317180819513286	NaN	0.15535831986789497	0.06570800614052098	-11.075755729180633	-0.26183314898860965	2.8809899737762197	0.16003758749632116	1	4.561999919760217	2	4	6	10	17	44	0.026799228205025435	1.0194288274135057	28.67778697531961	1.0191079803183265	9.09463794024987	1.088502279159933	-0.39105286273195033	1.088502279159933	0.20537970776946768	1.088502279159933	NaN	1	NaN	NaN	800000009	800000019	800000009	800000019	800000009	800101019	899999999	899999999	89999	89999	89	89	1	18	4	2	26	2	5	NaN	0	0	0	0	0	0	0	0	0	NaN	NaN	NaN	NaN	0	2522	0	0	0	0	101	0	13037	0	0	16	18000	18000	18000	18000	73	NaN	0.05757878717558712	0.05721727249625222	0.016619952609202633	0.19982214063223272	12.388788468067292	0.23971776025421307	NaN	NaN	0.025000324295951056	-0.01014512320073968	0.005328186127309803	NaN	NaN	386.78802532198335	14.550836252221735	96038.4352625868	11.463032329771256	11.884465200212263	74.57005574544272	74.0971630596585	75.04294867112901	-0.9457803127616631	0.00028489064953141183	-1	0	1.9938857695901897	30.394374911172285	1.0000925312936306	-273.1499938964844	9.000917228804694	-273.1499938964844	254
DATA	2025-05-25T203000_AIU-0547.ghg	2025-05-25	21:00:00	145.874	0	18000	18000	0.02337820678238135	1	NaN	15.458194351111308	1	NaN	16.581992026359465	1	NaN	-0.47898670760596523	2	NaN	0.3742629240601579	1	NaN	NaN	NaN	NaN	NaN	NaN	NaN	NaN	NaN	NaN	NaN	NaN	NaN	-3.462475266144505e-11	-1.2907749492303519e-12	NaN	NaN	15.561703029350882	397.8442169350712	403.83356161947836	0.1	1	580.1241855516517	14.83122071476261	15.054497286772529	0.1	1	NaN	NaN	NaN	NaN	0	NaN	NaN	NaN	NaN	9	292.0028283377753	290.63396168997315	95189.2389396024	1.1346916639665874	1013.5647735573419	0.025504054259123218	0.02425223747909823	0.01047906341257839	1405.4999899486188	1991.051837948024	0.009235163829393357	70.59082858420831	585.5518479994053	285.192775267557	-0.11310481984553826	-0.39146696196419506	0.19816606197029174	0.4531102191504546	-2.3468783936110552e-15	-2.2249976494307474e-15	0.4531102191504546	1.549978347056582	78.11535863689414	253.88464136310586	25.934684597621	NaN	0.14353792564462817	0.07735734355835257	-16.12456390319465	-0.1798498252362312	0.9322278244096536	0.09364028460743361	1	3.5210120957406144	2	3	5	8	14	38	0.02284121999817769	1.0235095491504613	16.137876747441513	1.0217583319905448	15.195361414340633	1.0912535460137327	-0.43893255545942345	1.0912535460137327	0.3429660553473684	1.0912535460137327	NaN	1	NaN	NaN	800000009	800000019	800000009	800000019	800000009	800010019	899999999	899999999	89999	89999	89	89	0	3	3	28	6	0	0	NaN	0	0	0	0	0	0	0	0	0	NaN	NaN	NaN	NaN	0	4337	0	0	0	0	101	0	17801	0	0	16	18000	18000	18000	18000	73	NaN	0.03279070011117581	0.10546694321657646	0.016457043788952887	0.035190106288780734	27.47643535612064	0.1923242599983377	NaN	NaN	0.014031917469661495	-0.011362328171641761	0.008878113104441383	NaN	NaN	397.84263254442544	14.831031240008341	96055.64834244792	11.460302822854784	12.17825067122782	74.23155521986217	73.72903807195026	74.73407216389975	-1.0050338315135905	0.00028414978960548373	-1	0	1.9647664275099508	25.79972091430762	1.0000848356766834	-343.7254968600645	9.000783664915296	-273.1499938964844	091
DATA	2025-05-25T210000_AIU-0547.ghg	2025-05-25	21:30:00	145.895	0	18000	18000	0.017520342104389016	1	NaN	4.716461748259974	1	NaN	20.39251482846629	1	NaN	-2.735733662946954	1	NaN	0.46022758932259883	1	NaN	NaN	NaN	NaN	NaN	NaN	NaN	NaN	NaN	NaN	NaN	NaN	NaN	9.963172830305033e-11	3.6159888202724495e-12	NaN	NaN	15.840928802973151	404.66125310498376	410.69293274183514	0.1	1	574.923495054226	14.686592234697411	14.905503283474749	0.1	1	NaN	NaN	NaN	NaN	0	NaN	NaN	NaN	NaN	9	291.8976889945136	290.5426083246263	95182.27412815181	1.135026727286897	1013.4825267860333	0.025496736745677387	0.0298227477881044	0.0103798536747504	1391.7565297485867	1979.6119072551874	0.00914503017877104	70.30451396295722	587.8553775066007	285.0437103020547	0.02468201067578202	-0.40230328703681406	0.1921950515921922	0.4465378755135517	4.283287291727603e-14	6.289513041959425e-15	0.4465378755135517	1.2464774120118889	58.489204170696155	273.51079582930385	25.493679899663558	NaN	0.12424194649566483	0.07160546385602762	-34.26894281482926	-0.08462472903439197	0.23128396806048548	0.03300089481487113	1	4.681865788116987	2	4	7	11	20	57	0.01711337111505145	1.0237808779229727	5.7886358591644855	1.0219355241556922	18.683899754525807	1.0914485250075592	-2.506516432305414	1.0914485250075592	0.4216667838910784	1.0914485250075592	NaN	1	NaN	NaN	800000009	800000019	800000009	800000019	800000009	800000019	899999999	899999999	89999	89999	89	89	0	4	0	25	16	3	0	NaN	0	0	0	0	0	0	0	0	0	NaN	NaN	NaN	NaN	0	7352	0	0	0	0	101	0	17503	0	0	16	18000	18000	18000	18000	73	NaN	0.03520858216853954	0.09212233826167622	0.015880007281839463	0.030195767515895797	48.89601043799392	0.12336799944019025	NaN	NaN	0.0050321534597225805	-0.06485631962648003	0.010910662846425494	NaN	NaN	404.65410364645794	14.686468229538088	96061.83118836806	11.470000267028809	12.032352026806924	74.19915826119316	73.69322225570679	74.70509499020048	-1.0118728604548508	0.00028398798643967086	-1	0	1.6911780418075757	15.98111338998112	1.0000885236213604	-317.8854957750119	9.000820021920735	-273.1499938964844	056
DATA	2025-05-25T213000_AIU-0547.ghg	2025-05-25	22:00:00	145.916	0	18000	18000	0.013924789256179914	1	NaN	5.9995144128056435	1	NaN	27.617331054894937	1	NaN	5.966724512231348	1	NaN	0.6232476795794575	1	NaN	NaN	NaN	NaN	NaN	NaN	NaN	NaN	NaN	NaN	NaN	NaN	NaN	1.1217460860009643e-10	4.011464130476178e-12	NaN	NaN	16.035284717933077	409.49775560553195	415.58356349436394	0	0	573.4360945914285	14.644005257716406	14.861639180006708	0.1	1	NaN	NaN	NaN	NaN	0	NaN	NaN	NaN	NaN	9	291.8387960832384	290.4879024704265	95182.27412815181	1.1352585472953383	1013.4577378436658	0.025491592556080876	0.040386449636748846	0.01035184360039005	1387.7397012248202	1972.7840348961538	0.009118489902632735	70.34422808971433	585.0443336713336	284.999898148428	0.12964936878301794	-0.40451123723297755	0.17506829670017104	0.4594422797077809	5.254450324774531e-15	6.995485928269539e-15	0.4594422797077809	1.1092715504086428	44.22889352837808	287.7711064716219	22.398442663548543	NaN	0.11075081360895099	0.06340007405511931	-19.082411063294707	-0.1519724101100721	0.21723729932050334	0.04708350143684215	1	5.856623982399817	3	5	8	13	23	62	0.013608323694564084	1.023255293504096	7.460079929619293	1.0215920905628926	25.31212031556982	1.0910714199595184	5.468683720496252	1.0910714199595184	0.571225373681387	1.0910714199595184	NaN	1	NaN	NaN	800000009	800000019	800000009	800000019	800000009	800001019	899999999	899999999	89999	89999	89	89	0	2	0	17	3	1	0	NaN	0	0	0	0	0	0	0	0	0	NaN	NaN	NaN	NaN	0	5459	0	0	0	0	101	0	18000	0	0	16	18000	18000	18000	18000	73	NaN	0.038941760923924686	0.07331457620845774	0.01454381097785621	0.014538923461727651	88.56338849755562	0.11737835061928806	NaN	NaN	0.006484000764603359	0.14146803462736446	0.01477688874950234	NaN	NaN	409.4951297429406	14.64388683985536	96060.7212376302	11.470000267028809	11.988201110839844	74.18778277248808	73.67964569642808	74.69592051145766	-1.0162711423105666	0.00028444184277517096	-1	0	1.9163989388337674	24.765167436262107	1.000081162351701	-356.24174738566813	9.000725132889217	-273.1499938964844	167
DATA	2025-05-25T220000_AIU-0547.ghg	2025-05-25	22:30:00	145.937	0	18000	18000	0.03448376229393583	1	NaN	28.571011681319806	1	NaN	51.816409398679546	1	NaN	-21.84706850594343	1	NaN	1.1698669515369464	1	NaN	0.04492276419681736	1	NaN	NaN	NaN	NaN	NaN	NaN	NaN	NaN	NaN	NaN	1.4653373052059168e-10	5.224633102555342e-12	7.796513540067198e-13	NaN	16.276426988880672	415.40098060125194	421.6459985675064	0.1	1	580.3329986571323	14.811045254718783	15.033710217090439	0.1	1	0.08660080034261515	2.074686076029333	2.1058763052877905	0	1	NaN	NaN	NaN	NaN	9	291.80032067447235	290.94219167482976	95719.14965936689	1.139752633074774	1013.6000482308445	0.02527073621310453	0.07580737845959412	0.010561427170632673	1418.0809405418215	2030.9640188200526	0.00926642050577284	69.82304597231105	612.8830782782311	285.3281110289675	0.08198235985799678	-0.3294724442861608	0.20758324118476315	0.3979497466924131	2.7681929077515445e-15	9.002819268669775e-15	0.3979497466924131	1.1356401356528851	48.02691060720076	283.97308939279924	31.441772946597478	NaN	0.1739410227202013	0.06988156049170911	-15.586400873014226	-0.18605963131751366	0.551389260909458	0.14218257417806243	1	1.8744166409383947	1	2	3	4	8	20	0.03360860872676063	1.0260395654664027	30.972716289944714	1.023415878789964	47.40270485882492	1.0931108162076313	-19.986142467913957	1.0931108162076313	1.0702180732193356	1.0931108162076313	0.029167914616687794	1.1592972968958264	NaN	NaN	800000009	800000009	800000009	800000019	800000019	800000019	899999999	899999999	89999	89999	89	89	0	1	1	12	0	0	3	NaN	0	0	0	0	0	0	0	0	0	NaN	NaN	NaN	NaN	0	1353	0	0	0	0	101	0	17603	0	0	16	18000	18000	18000	18000	73	NaN	0.032148043069064436	0.0815176161224319	0.026097461791921885	0.05455652433837734	125.03158570012116	0.16717920328323224	2.4440918602509257e-7	NaN	0.0268103243248579	-0.5126595954409563	0.027451899001072727	0.000029167914616687793	NaN	415.3989172239848	14.810879991494179	96107.29523155381	11.470000267028809	12.166383278316907	74.07897172398037	73.5663000823127	74.5916417327457	-1.0253392480843595	0.00028370913498414055	-1	0	2.038471333791204	31.226160130293877	1.000089883327484	-285.2221194034143	9.000873481141197	-273.1499938964844	003
DATA	2025-05-25T223000_AIU-0547.ghg	2025-05-25	23:00:00	145.958	0	18000	18000	0.017869660502353148	1	NaN	34.12273802429959	1	NaN	39.568706625996064	0	NaN	-7.1738713604440125	0	NaN	0.8925762690515496	0	NaN	NaN	NaN	NaN	NaN	NaN	NaN	NaN	NaN	NaN	NaN	NaN	NaN	-5.6730035162697555e-11	-2.0395322240816073e-12	NaN	NaN	16.32476428266306	416.1209944849076	422.4407895004106	0.1	1	586.900443645778	14.960191280242773	15.187397654198696	0.1	1	NaN	NaN	NaN	NaN	0	NaN	NaN	NaN	NaN	9	291.42265172237813	290.0446710447379	95279.82787918566	1.1380242528191786	1013.6245140697067	0.025429180345414366	0.05783894223454041	0.010601311085419174	1419.0128096562473	1918.1509000446376	0.009315540560016187	73.97816353360025	499.1380903883903	285.338093247929	0.18212561427074797	-0.32074573493023034	0.22142041674302826	0.43020293676367966	9.864731736465006e-15	-3.4750906157306656e-15	0.43020293676367966	1.4554656292748094	32.4112540504309	299.5887459495691	30.976622578260116	NaN	0.12530903688107534	0.04854566340418101	-4.863508484470211	-0.5962773601115453	0.8623667775352922	0.23606568247567564	1	3.4000019557426038	2	3	5	7	12	30	0.0174425286882045	1.024487952508715	35.76413615138895	1.022398237467665	36.23635286408018	1.0919616213699896	-6.569710162014282	1.0919616213699896	0.8174062637217152	1.0919616213699896	NaN	1	NaN	NaN	800000009	800000009	800000009	800000019	800000009	800000009	899999999	899999999	89999	89999	89	89	8	6	1	4	4	0	0	NaN	0	0	0	0	0	0	0	0	0	NaN	NaN	NaN	NaN	0	4238	0	0	0	0	101	0	18000	0	0	11	18000	18000	18000	18000	73	NaN	0.027594213919160324	0.043179454101205564	0.026317658787996134	0.12292075860103506	56.42784438971879	0.12096501919679445	NaN	NaN	0.031004099127178688	-0.16958803756211635	0.021100219147726546	NaN	NaN	416.1198321281587	14.960069642384093	96128.0434798177	11.463031774202983	12.323598514503887	73.925882780287	73.40708860524492	74.44467684555056	-1.0375889648728909	0.00028310580719133024	-1	0	1.9517107493129529	24.892490662946688	1.0000954326623015	-273.1499938964844	9.000944478299882	-273.1499938964844	009
DATA	2025-05-25T230000_AIU-0547.ghg	2025-05-25	23:30:00	145.979	0	18000	18000	0.03379407066041692	1	NaN	-15.718699406975093	2	NaN	71.34585239035766	1	NaN	6.31912831734029	2	NaN	1.6077214534175541	1	NaN	NaN	NaN	NaN	NaN	NaN	NaN	NaN	NaN	NaN	NaN	NaN	NaN	6.381811481255458e-10	2.4479146504413074e-11	NaN	NaN	16.16255473578385	410.4062159563539	416.97025730453737	0.1	1	619.9580580293404	15.742229171490672	15.994010550955046	0.1	1	NaN	NaN	NaN	NaN	0	NaN	NaN	NaN	NaN	9	290.4098811950683	288.96519912641685	95268.20909645763	1.1418026661611889	1014.0389674221478	0.025343897771933396	0.1041803501814575	0.011193028676309526	1492.6361094195854	1790.6042285158546	0.009802944946644047	83.3593535438459	297.9681190962692	286.1090898526577	0.2970285775618217	-0.07234792507332768	0.21434617255296798	0.37336909330970675	2.659963497269814e-14	3.9485165467846156e-14	0.37336909330970675	1.4296529018365836	345.68910456136575	346.3108954386342	35.035687408143076	NaN	0.17203813564764295	0.14436093297566713	27.322272657493347	0.10614051167535847	-0.22031693336527383	-0.07891256939450896	1	1.3238544855234846	1	1	2	4	8	30	0.03331851315383334	1.0142730710817707	-11.610035550558717	1.0187042502165182	63.58957465134569	1.1219740465561965	5.6321519528337705	1.1219740465561965	1.43293996715193	1.1219740465561965	NaN	1	NaN	NaN	800000009	800000019	800000009	800000019	800000009	800000019	899999999	899999999	89999	89999	89	89	8	3	0	13	2	0	0	NaN	0	0	0	0	0	0	0	0	0	NaN	NaN	NaN	NaN	0	14313	0	0	0	0	101	0	17801	0	0	16	18000	18000	18000	18000	73	NaN	0.060566430132723045	0.1896975478382841	0.03845788798032712	0.05809352975126289	14.25542991580912	0.11577754637689035	NaN	NaN	-0.010027388752217101	0.14501270248491366	0.036894334328248145	NaN	NaN	410.4055234149363	15.742112752152593	96135.21434809027	11.460302267286513	13.102549298816225	72.63947938113739	72.06363534927368	73.21532351599794	-1.1516888912121572	0.0002820184690305419	-1	0	0.9239656295118491	5.723422304958617	1.000108845656117	-317.6028707631416	9.000937472661336	-273.1499938964844	250
