DATAH	filename	date	time	DOY	daytime	file_records	used_records	Tau	qc_Tau	rand_err_Tau	H	qc_H	rand_err_H	LE	qc_LE	rand_err_LE	co2_flux	qc_co2_flux	rand_err_co2_flux	h2o_flux	qc_h2o_flux	rand_err_h2o_flux	ch4_flux	qc_ch4_flux	rand_err_ch4_flux	none_flux	qc_none_flux	rand_err_none_flux	H_strg	LE_strg	co2_strg	h2o_strg	ch4_strg	none_strg	co2_v-adv	h2o_v-adv	ch4_v-adv	none_v-adv	co2_molar_density	co2_mole_fraction	co2_mixing_ratio	co2_time_lag	co2_def_timelag	h2o_molar_density	h2o_mole_fraction	h2o_mixing_ratio	h2o_time_lag	h2o_def_timelag	ch4_molar_density	ch4_mole_fraction	ch4_mixing_ratio	ch4_time_lag	ch4_def_timelag	none_molar_density	none_mole_fraction	none_mixing_ratio	none_time_lag	none_def_timelag	sonic_temperature	air_temperature	air_pressure	air_density	air_heat_capacity	air_molar_volume	ET	water_vapor_density	e	es	specific_humidity	RH	VPD	Tdew	u_unrot	v_unrot	w_unrot	u_rot	v_rot	w_rot	wind_speed	max_wind_speed	wind_dir	yaw	pitch	roll	u*	TKE	L	(z-d)/L	bowen_ratio	T*	model	x_peak	x_offset	x_10%	x_30%	x_50%	x_70%	x_90%	un_Tau	Tau_scf	un_H	H_scf	un_LE	LE_scf	un_co2_flux	co2_scf	un_h2o_flux	h2o_scf	un_ch4_flux	ch4_scf	un_none_flux	un_none_scf	spikes_hf	amplitude_resolution_hf	drop_out_hf	absolute_limits_hf	skewness_kurtosis_hf	skewness_kurtosis_sf	discontinuities_hf	discontinuities_sf	timelag_hf	timelag_sf	attack_angle_hf	non_steady_wind_hf	u_spikes	v_spikes	w_spikes	ts_spikes	co2_spikes	h2o_spikes	ch4_spikes	none_spikes	head_detect_LI-7200	t_out_LI-7200	t_in_LI-7200	aux_in_LI-7200	delta_p_LI-7200	chopper_LI-7200	detector_LI-7200	pll_LI-7200	sync_LI-7200	chopper_LI-7500	detector_LI-7500	pll_LI-7500	sync_LI-7500	not_ready_LI-7700	no_signal_LI-7700	re_unlocked_LI-7700	bad_temp_LI-7700	laser_temp_unregulated_LI-7700	block_temp_unregulated_LI-7700	motor_spinning_LI-7700	pump_on_LI-7700	top_heater_on_LI-7700	bottom_heater_on_LI-7700	calibrating_LI-7700	motor_failure_LI-7700	bad_aux_tc1_LI-7700	bad_aux_tc2_LI-7700	bad_aux_tc3_LI-7700	box_connected_LI-7700	mean_value_RSSI_LI-7200	mean_value_LI-7500	u_var	v_var	w_var	ts_var	co2_var	h2o_var	ch4_var	none_var	w/ts_cov	w/co2_cov	w/h2o_cov	w/ch4_cov	w/none_cov	co2_mean	h2o_mean	air_p_mean	vin_sf_mean	dew_point_mean	avg_signal_strength_7200_mean	co2_signal_strength_7200_mean	h2o_signal_strength_7200_mean	delta_signal_strength_7200_mean	flowrate_mean	hit_power_mean	hit_vin_mean	ch4_mean	rssi_77_mean	ch4_aux-1_mean	ch4_aux-2_mean	ch4_aux-3_mean	ch4_aux-4_mean	CHK
DATAU		[yyyy-mm-dd]	[HH:MM]	[ddd.ddd]	[1=daytime]	[#]	[#]	[kg+1m-1s-2]	[#]	[kg+1m-1s-2]	[W+1m-2]	[#]	[W+1m-2]	[W+1m-2]	[#]	[W+1m-2]	[µmol+1s-1m-2]	[#]	[µmol+1s-1m-2]	[mmol+1s-1m-2]	[#]	[mmol+1s-1m-2]	[µmol+1s-1m-2]	[#]	[µmol+1s-1m-2]	[µmol+1s-1m-2]	[#]	[µmol+1s-1m-2]	[W+1m-2]	[W+1m-2]	[µmol+1s-1m-2]	[mmol+1s-1m-2]	[µmol+1s-1m-2]	[µmol+1s-1m-2]	[µmol+1s-1m-2]	[mmol+1s-1m-2]	[µmol+1s-1m-2]	[µmol+1s-1m-2]	[mmol+1m-3]	[µmol+1mol_a-1]	[µmol+1mol_d-1]	[s]	[1=default]	[mmol+1m-3]	[mmol+1mol_a-1]	[mmol+1mol_d-1]	[s]	[1=default]	[mmol+1m-3]	[µmol+1mol_a-1]	[µmol+1mol_d-1]	[s]	[1=default]	[mmol+1m-3]	[µmol+1mol_a-1]	[µmol+1mol_d-1]	[s]	[1=default]	[K]	[K]	[Pa]	[kg+1m-3]	[J+1kg-1K-1]	[m+3mol-1]	[mm]	[kg+1m-3]	[Pa]	[Pa]	[kg+1kg-1]	[%]	[Pa]	[K]	[m+1s-1]	[m+1s-1]	[m+1s-1]	[m+1s-1]	[m+1s-1]	[m+1s-1]	[m+1s-1]	[m+1s-1]	[deg_from_north]	[deg]	[deg]	[deg]	[m+1s-1]	[m+2s-2]	[m]	[#]	[#]	[K]	[0=KJ/1=KM/2=HS]	[m]	[m]	[m]	[m]	[m]	[m]	[m]	[kg+1m-1s-2]	[#]	[W+1m-2]	[#]	[W+1m-2]	[#]	[µmol+1s-1m-2]	[#]	[mmol+1s-1m-2]	[#]	[µmol+1s-1m-2]	[#]	[µmol+1s-1m-2]	[#]	8u/v/w/ts/co2/h2o/ch4/none	8u/v/w/ts/co2/h2o/ch4/none	8u/v/w/ts/co2/h2o/ch4/none	8u/v/w/ts/co2/h2o/ch4/none	8u/v/w/ts/co2/h2o/ch4/none	8u/v/w/ts/co2/h2o/ch4/none	8u/v/w/ts/co2/h2o/ch4/none	8u/v/w/ts/co2/h2o/ch4/none	8co2/h2o/ch4/none	8co2/h2o/ch4/none	8aa	8U	[#]	[#]	[#]	[#]	[#]	[#]	[#]	[#]	[#_flagged_recs]	[#_flagged_recs]	[#_flagged_recs]	[#_flagged_recs]	[#_flagged_recs]	[#_flagged_recs]	[#_flagged_recs]	[#_flagged_recs]	[#_flagged_recs]	[#_flagged_recs]	[#_flagged_recs]	[#_flagged_recs]	[#_flagged_recs]	[#_flagged_recs]	[#_flagged_recs]	[#_flagged_recs]	[#_flagged_recs]	[#_flagged_recs]	[#_flagged_recs]	[#_flagged_recs]	[#_flagged_recs]	[#_flagged_recs]	[#_flagged_recs]	[#_flagged_recs]	[#_flagged_recs]	[#_flagged_recs]	[#_flagged_recs]	[#_flagged_recs]	[#_flagged_recs]	[#]	[#]	[m+2s-2]	[m+2s-2]	[m+2s-2]	[K+2]	--	--	--	--	[m+1s-1K+1]	--	--	--	--	--	--	--	--	--	--	--	--	--	--	--	--	--	--	--	--	--	--	207
DATA	2025-04-07T233000_AIU-0547.ghg	2025-04-08	00:00:00	98	0	18000	18000	0.43965941608977605	0	NaN	49.701625660953944	0	NaN	94.78156739834293	0	NaN	1.943063124621447	0	NaN	2.1213999090822546	0	NaN	-0.0014981842037374861	0	NaN	NaN	NaN	NaN	NaN	NaN	NaN	NaN	NaN	NaN	2.8929763480010476e-11	4.0459387417080416e-13	1.608947644726563e-13	NaN	16.642619734751435	418.2258337140943	420.6864494606048	0.2	0	232.75344091517354	5.84904921388727	5.883461871924183	0.1	1	0.09255901398160495	2.1218690806486205	2.1343530164818314	-0.1	0	NaN	NaN	NaN	NaN	9	281.83783589454936	281.8988558858236	94210.34292925347	1.1617194426782846	1008.454426814622	0.02487738622918214	0.1374667141085301	0.0042367742201355725	551.1887431472286	1125.399599827142	0.0036469857217573177	48.97715826732918	574.2108566799135	271.73991080616025	1.0694805623273964	-1.1508358001962542	0.12274498168384065	1.5758420107161981	1.1749871921451218e-14	1.7382938468276284e-15	1.5758420107161981	7.220695374594052	19.09845203224529	312.9015479677547	4.46738967516261	NaN	0.6151875822013931	2.243169510725053	-391.2531759454458	-0.007412080408017851	0.524380710566545	0.06896130939378384	0	69.693530841535	-10.576262184565756	23.923533858467465	59.57298193714817	90.85255628345236	127.42200198993936	190.901378309761	0.435379982465834	1.0098291924210776	54.23081160913545	1.0135107015654243	87.07889028245498	1.088456307733172	1.7851549123437818	1.088456307733172	1.9489986819041907	1.088456307733172	-0.023379664487697807	1.1483689659204461	NaN	NaN	800000009	800000009	800000009	800000009	800010009	800011119	899999999	899999999	89999	89999	89	89	1	8	2	83	41	10	0	NaN	0	0	0	0	0	0	0	0	0	NaN	NaN	NaN	NaN	0	0	0	0	0	0	0	0	18000	0	0	0	18000	18000	18000	18000	93	NaN	1.9314390657030982	2.0595398697310086	0.4953600860159987	0.03787258424321149	0.19874417101617214	0.07319256196747774	3.805454294093938e-8	NaN	0.04629014801899824	0.04467134320505932	0.04877133543062712	-0.000023379664487697807	NaN	418.22517316699344	5.848967936298733	94598.30748068576	11.463071775118511	-1.4272454489618682	96.5462824306488	96.27336963017781	96.81920016267564	-0.5458305006590156	0.00027909091879781855	-1	0	2.116656160322603	85.80523068322074	1.0000739594846964	-389.22812377082465	9.000657683504953	-273.1499938964844	239
DATA	2025-04-08T000000_AIU-0547.ghg	2025-04-08	00:30:00	98.02	0	18000	18000	0.15925596958122398	1	NaN	49.39230437559534	1	NaN	98.37311019902458	1	NaN	0.9587597722570664	1	NaN	2.2015145039847415	1	NaN	0.0015319974469611992	1	NaN	NaN	NaN	NaN	NaN	NaN	NaN	NaN	NaN	NaN	-7.411799772092266e-11	-1.0440530446808865e-12	-4.103069751242021e-13	NaN	16.655478298144708	418.35119900671174	420.83117690533874	0.3	0	234.61511862840894	5.893046985881523	5.92798085559495	0.1	1	0.09220242221720769	2.112502228565879	2.125025101334219	-0.1	0	NaN	NaN	NaN	NaN	9	281.6881327633328	281.7699468197293	94195.11073871527	1.1620436346034293	1008.47604559346	0.024870031145856272	0.14265813985821124	0.004269906534587062	555.2451121066367	1115.622149501256	0.0036744803787374584	49.76999715852375	560.3770373946193	271.83972733947235	0.525582030512033	-0.822035342704697	0.05102226858123411	0.97702704534922	-3.28187842772943e-14	-4.45006720276408e-15	0.97702704534922	10.559964849140826	29.406505666940177	302.5934943330598	2.993459628810995	NaN	0.37020019417567324	2.3620617644991637	-85.78440745080515	-0.03380567735066615	0.5020915194779019	0.11385041639202492	0	45.79625000034263	-6.949757620615272	15.720370660587802	39.145945701370714	59.7000371553502	83.73015096542775	125.44302377737371	0.1571770002079604	1.0132269312336595	54.0448447080364	1.015234875604079	90.584292123329	1.0859842020412458	0.8828487287890148	1.0859842020412458	2.027206749275647	1.0859842020412458	-0.020554879992321123	1.1485571690393157	NaN	NaN	800000009	800000009	800000009	800000009	800010009	810110119	899999999	899999999	89999	89999	89	89	28	22	6	84	57	4	0	NaN	0	0	0	0	0	0	0	0	0	NaN	NaN	NaN	NaN	0	0	0	0	0	0	0	0	18000	0	0	0	18000	18000	18000	18000	93	NaN	1.8820630415721964	2.3295703070361164	0.5124901803900146	0.0327988560549531	0.18051249935714123	0.062365044066288185	1.451654521180301e-8	NaN	0.046117552450821914	0.022086668068194544	0.05071564484016508	-0.000020554879992321122	NaN	418.3513116319444	5.892969659304802	94585.33529904514	11.470000267028809	-1.3249953399498524	96.56006246927049	96.2868539206187	96.83327642377218	-0.5464249261054726	0.00027955385771605913	-1	0	2.1072716481371057	85.57341997973124	1.0000696164568266	-273.1499938964844	9.000601079119576	-273.1499938964844	023
DATA	2025-04-08T003000_AIU-0547.ghg	2025-04-08	01:00:00	98.041	0	18000	18000	0.20587846971249313	0	NaN	54.74040345645319	0	NaN	92.1909538229381	0	NaN	1.4003226654858723	0	NaN	2.0630896144534097	0	NaN	0.0024964195967260108	0	NaN	NaN	NaN	NaN	NaN	NaN	NaN	NaN	NaN	NaN	3.765467749888727e-12	5.635361923322946e-14	2.0788997487571045e-14	NaN	16.623844509338838	417.4478127827042	420.07220667871854	0.1	0	248.79081853758456	6.247482823879224	6.2867592442757	0.1	1	0.09177958349228445	2.102747141953585	2.115966606986636	-0.1	0	NaN	NaN	NaN	NaN	9	281.7083367529975	281.7329315677219	94208.87552235243	1.1622100098221195	1008.6689990377366	0.024863130783238024	0.13368820701658093	0.004527975313998856	588.7262089073387	1112.8285029401884	0.0038960044017276006	52.903588230520114	524.1022940328497	272.6397926790254	1.3664122859387702	-0.7627363808040102	0.21889075960026133	1.5801147067237882	3.6862754641631405e-14	2.2651004391754183e-16	1.5801147067237882	7.146084366592213	1.1704160424756083	330.8295839575244	7.962699949497101	NaN	0.4208847207301641	1.64069228073862	-113.76515434049801	-0.025491109442178823	0.5937719612011779	0.11094597452298334	0	59.50920632033196	-9.030751647097729	20.42758481460848	50.86757451385109	77.57626068472067	108.80180864146963	163.00493563027953	0.20387742883797333	1.009814921082363	59.077919729037546	1.0135057545504325	84.69661070713256	1.0884845692553125	1.2864883022125928	1.0884845692553125	1.8953779159817337	1.0884845692553125	-0.020841044849470438	1.1483812158679725	NaN	NaN	800000009	800000009	800000009	800000009	800000009	800111019	899999999	899999999	89999	89999	89	89	15	20	6	69	19	0	0	NaN	0	0	0	0	0	0	0	0	0	NaN	NaN	NaN	NaN	0	0	0	0	0	0	0	0	18000	0	0	0	18000	18000	18000	18000	93	NaN	0.9050050609587089	2.0322253729917747	0.34415412752675617	0.057138789491668854	0.44829155197565246	0.11099424771533485	2.3276230170129774e-8	NaN	0.05039551754318219	0.03218727026726756	0.047421372689817866	-0.000020841044849470437	NaN	417.447540488349	6.247372912290301	94596.93250694445	11.476404802799227	-0.5317881104089403	96.54990053007337	96.2748196504381	96.82498325432671	-0.5501659114509821	0.000278730052778782	-1	0	2.0972247470087475	85.3316632862091	1.0000652937524848	-273.1499938964844	9.000587857908673	-273.1499938964844	231
DATA	2025-04-08T010000_AIU-0547.ghg	2025-04-08	01:30:00	98.062	0	18000	18000	0.12814637658798755	0	NaN	32.2809274702744	0	NaN	35.707734970169106	0	NaN	0.12358294879051071	1	NaN	0.7990820685116489	0	NaN	-0.0014007995611945152	0	NaN	NaN	NaN	NaN	NaN	NaN	NaN	NaN	NaN	NaN	1.8416230618033854e-10	2.778003380854113e-12	1.0154461186362963e-12	NaN	16.62516701800298	417.23004165813967	419.8726033460259	0.1	0	250.78297041985743	6.293722588297812	6.333584411573825	0.1	1	0.09166892873061576	2.100166767202606	2.113468350701066	-0.1	0	NaN	NaN	NaN	NaN	9	281.69265128015587	281.73124005126954	94252.40054535591	1.1627335599793558	1008.6942685346849	0.024851499974890216	0.05178051803955484	0.0045636232460381865	593.3575815215933	1112.7009868480352	0.003924908855403824	53.32587896793425	519.3434053264419	272.7472712868682	0.9482946258772775	-0.3007352479304033	0.1764337018645745	1.0103629238887184	-6.342278339530495e-14	1.107732066576617e-14	1.0103629238887184	5.258793852071725	349.59552441024744	342.4044755897525	10.056782970698288	NaN	0.3319808721516107	1.4673449663794396	-94.70381014209804	-0.030621788032062322	0.9040317874332403	0.08290737821896618	0	61.87339899226241	-9.389527006176877	21.23913565371679	52.88845085115546	80.65822460874499	113.12430686633768	169.48082563343578	0.12651115980065064	1.0129254746372858	33.79107932556415	1.0150593813214388	32.8802873952434	1.085992179476349	0.11379727324565152	1.085992179476349	0.7358083083958815	1.085992179476349	-0.013791783056367926	1.148406568155844	NaN	NaN	800000009	800000009	800000009	800000009	800001019	800111019	899999999	899999999	89999	89999	89	89	6	21	8	65	37	4	8	NaN	0	0	0	0	0	0	0	0	0	NaN	NaN	NaN	NaN	0	0	0	0	0	0	0	0	18000	17995	0	0	18000	18000	18000	18000	93	NaN	1.1270843067747323	1.6133591070140356	0.19424651897011164	0.049390882308463994	0.9302523564962474	0.12162657058687747	2.9664431823168676e-8	NaN	0.02881126340781429	0.002845949353539718	0.01840178696626575	-0.000013791783056367926	NaN	417.2295890497402	6.293602225184287	94643.65604036459	11.479999542236328	-0.42499713039558673	96.55351955625746	96.27877670500014	96.82825846523708	-0.549483535018232	0.0002793974986448625	-1	0	2.0945480097598503	85.8794245376587	1.000090408479174	-300.2819950358103	9.000664104938506	-273.1499938964844	074
DATA	2025-04-08T013000_AIU-0547.ghg	2025-04-08	02:00:00	98.083	0	18000	18000	0.008694821634726442	1	NaN	24.489532921211605	1	NaN	51.36187404736269	1	NaN	0.7366279907676032	1	NaN	1.1492811503131621	1	NaN	-0.005880814883248897	1	NaN	NaN	NaN	NaN	NaN	NaN	NaN	NaN	NaN	NaN	-2.0053574683601268e-10	-2.978855277739398e-12	-1.1049618433705842e-12	NaN	16.622481868258635	416.9263444784271	419.5245549443564	0	0	246.9184104262527	6.193226201679483	6.231821280518171	0.1	1	0.09159069391037244	2.097291628411124	2.1103615750125093	-0.2	0	NaN	NaN	NaN	NaN	9	281.5863050647311	281.62604603746206	94237.55266883681	1.1630289306854449	1008.6373869283749	0.0248461349053024	0.07447341854029291	0.004491722293700447	583.7910341418711	1104.7961302125855	0.003862089906098206	52.8415169258004	521.0050960707143	272.52443626607436	0.42793712018282376	-0.048848475586845144	0.06281002302832644	0.4352716983567236	-5.479340133299033e-14	-1.2064127873644703e-14	0.4352716983567236	4.925473083758026	338.51205377829484	353.48794622170516	8.296788011337169	NaN	0.08646395154639164	0.801414034966441	-2.205170666963875	-1.3150909557457429	0.4768037260211514	0.24144590408130107	1	5.159046598059714	2	4	7	10	17	38	0.008488854819671786	1.0242632038631825	26.75678870860669	1.0222511436652217	47.04338319458682	1.0917980502149085	0.6746925318492794	1.0917980502149085	1.0526499384084251	1.0917980502149085	-0.016417639376357113	1.1576201356510012	NaN	NaN	800000009	800000009	800000009	800000009	800000009	801111009	899999999	899999999	89999	89999	89	89	2	2	2	63	51	1	0	NaN	0	0	0	0	0	0	0	0	0	NaN	NaN	NaN	NaN	0	0	0	0	0	0	0	0	18000	18000	0	0	18000	18000	18000	18000	93	NaN	0.434321435953012	1.0523114413083763	0.11619519267149396	0.05441054782167392	1.1629300224322272	0.09215644915883506	4.364426445818792e-8	NaN	0.022809113645545342	0.016867997009227625	0.02631731518380512	-0.000016417639376357115	NaN	416.9255791530655	6.193134679192404	94629.26622851563	11.431314174016318	-0.6438227587192069	96.58181526141696	96.3081708202362	96.85546102820503	-0.5472926857206556	0.00027919191879724773	-1	0	2.0918227575752466	85.50519702487523	1.0001322578506338	-273.1499938964844	9.000808678282631	-273.1499938964844	063
DATA	2025-04-08T020000_AIU-0547.ghg	2025-04-08	02:30:00	98.104	0	18000	18000	0.04800543163490737	0	NaN	23.630694417121216	0	NaN	65.15849455633926	0	NaN	2.9354963859646515	0	NaN	1.457490243062686	0	NaN	-0.005153571250666032	1	NaN	NaN	NaN	NaN	NaN	NaN	NaN	NaN	NaN	NaN	1.8304381527947854e-10	2.762381038653775e-12	1.016046799839671e-12	NaN	16.67437211922235	417.504190426644	420.1514420428007	0.1	0	251.6390368244307	6.300708152483294	6.340658793032669	0.1	1	0.0925567597310189	2.115987597254314	2.129404352618793	-0.3	0	NaN	NaN	NaN	NaN	9	281.29865931193035	281.2626113654243	94218.45306901043	1.1642482914127457	1008.6895349277924	0.024819101510607067	0.09444536775046204	0.004574652422634314	593.8022138101932	1077.8652905637452	0.003929275616186	55.09057755256435	484.0630767535521	272.757550569727	0.26301295554587434	-0.4444575743167336	0.09725008134952569	0.5255244318535275	3.6477924127811093e-14	1.0977553695617969e-14	0.5255244318535275	3.3825086715031194	31.384579985336018	300.615420014664	10.664245577284303	NaN	0.20305906627809447	0.5056056674155742	-29.597160529610775	-0.09798237223123704	0.3626648310096997	0.09909482497013021	0	60.59668697933433	-9.195781032628572	20.800881734020212	51.79713662490339	78.99390155592039	110.79007012029311	165.98371363423504	0.047020767015729686	1.0209410582104772	26.707426073918597	1.0200855887904243	59.807312737546475	1.0894737043658103	2.694416922777795	1.0894737043658103	1.3377929519750094	1.0894737043658103	-0.01649394286460351	1.1545619608976072	NaN	NaN	800000009	800000009	800000009	800000009	800000009	800011009	899999999	899999999	89999	89999	89	89	5	2	0	18	22	0	1	NaN	0	0	0	0	0	0	0	0	0	NaN	NaN	NaN	NaN	0	0	0	0	0	0	0	0	18000	606	0	0	18000	18000	18000	18000	93	NaN	0.24275528653482106	0.6918946906223716	0.07656135767395571	0.08806640151451094	2.569993218408662	0.12147140607565221	1.3170977147145803e-7	NaN	0.02274201337440332	0.06729714049888001	0.03341340365197011	-0.00001649394286460351	NaN	417.50197885386143	6.300587926932774	94607.01101302083	11.445361181894933	-0.4149666862220632	96.63240930048624	96.35811481560602	96.90670020929973	-0.5485799330257708	0.0002778869783958524	-1	0	2.110363636904292	86.68498775213136	1.0001405461397437	-273.1499938964844	9.000847695827485	-273.1499938964844	163
DATA	2025-04-08T023000_AIU-0547.ghg	2025-04-08	03:00:00	98.124	0	18000	18000	0.2595740101390498	1	NaN	27.278727562912433	1	NaN	62.55184791684651	1	NaN	1.767055871015897	1	NaN	1.3989841469564992	1	NaN	0.04018296547801711	1	NaN	NaN	NaN	NaN	NaN	NaN	NaN	NaN	NaN	NaN	1.0545751913432974e-10	1.581166008348986e-12	5.863127982066089e-13	NaN	16.678960193262526	417.2374873060194	419.8640753140258	0.1	1	250.0742017133946	6.255805539070939	6.295187004805086	0.1	1	0.09273011447985972	2.118442698806423	2.131778691754373	0	1	NaN	NaN	NaN	NaN	9	281.1504883236355	281.1132429046631	94222.78521592882	1.1649402971400489	1008.6622836066315	0.02480478045892299	0.09065417272278115	0.0045446730694606524	589.59753254563	1066.9658971742695	0.003901206852074663	55.25926687133187	477.3683646286395	272.66007024598525	-0.060924605949726374	-0.23512372515404317	0.07540412190212445	0.2543241147439724	8.066061097508386e-15	6.3227873867658336e-15	0.2543241147439724	8.53420966516141	76.52682911509305	255.47317088490692	17.246803235160442	NaN	0.47203996451296865	0.7610300844617712	-322.0931522720643	-0.009003606501855835	0.43609786875002465	0.04918083400203347	0	86.04101785300504	-13.05705640756487	29.53509714558227	73.54656796002301	112.16315664863652	157.31042201047634	235.6796778837393	0.25027929629027884	1.0371373660807754	29.833217374513676	1.030754441583597	56.77018096148996	1.101843377234935	1.6037269066773412	1.101843377234935	1.269676050027397	1.101843377234935	0.024800506377148434	1.1701415852831116	NaN	NaN	800000009	800000009	800000009	800000009	801100009	801111009	899999999	899999999	89999	89999	89	89	4	15	5	32	20	0	0	NaN	0	0	0	0	0	0	0	0	0	NaN	NaN	NaN	NaN	0	0	0	0	0	0	0	0	18000	0	0	0	18000	18000	18000	18000	96	NaN	0.8984832429162348	0.45135805120420747	0.17221887480310008	0.08545851264434161	2.3873160170969223	0.08380562646795747	9.561657255441252e-8	NaN	0.025389295033526105	0.04003058456230327	0.03169235003524121	0.000024800506377148434	NaN	417.2367362778972	6.255722264354976	94612.70616471354	11.479999542236328	-0.5071434751729543	96.66252743869357	96.38653607432047	96.93851758829753	-0.5519801796856854	0.00027801700796246427	-1	0	2.1128564651542243	84.43925769186203	1.0000893516374958	-331.4514963446637	9.000684543397691	-273.1499938964844	220
DATA	2025-04-08T030000_AIU-0547.ghg	2025-04-08	03:30:00	98.145	0	18000	18000	0.11085011279168763	0	NaN	36.483279426945444	0	NaN	38.76388245755319	0	NaN	1.226016523015618	1	NaN	0.8668805065423663	0	NaN	-0.005249502610150508	1	NaN	NaN	NaN	NaN	NaN	NaN	NaN	NaN	NaN	NaN	3.0438225821599344e-10	4.625547122173774e-12	1.7068289391033809e-12	NaN	16.67635619503112	417.1026495034858	419.7633207134557	0.1	0	253.42236389984794	6.3385033390902485	6.378936247796752	0.1	1	0.09351296464946018	2.1354181717500227	2.1490398681300027	-0.2	0	NaN	NaN	NaN	NaN	9	280.98330981953933	281.01517217508956	94234.25918489584	1.1654522246895802	1008.7057660199504	0.024793107747359187	0.05617385682394533	0.004606918716738859	597.4643870198375	1059.8626580306825	0.00395290224613533	56.37186879760238	462.39827101084495	272.84195653950553	0.547450413659933	-0.1463638509464434	0.11595645744362333	0.57842046324717	1.0477319785973242e-13	1.8252324108229775e-14	0.57842046324717	5.0552335517155225	346.96825511904837	345.03174488095163	11.564495971481852	NaN	0.3084045893015112	0.9760944899920005	-67.17084115398015	-0.04317349537654499	0.941166805644274	0.10062689193404457	0	60.23176058674316	-9.140402044657828	20.675614312444836	51.48520303319525	78.51818314673847	110.122868287333	164.98412370836857	0.10873559998392227	1.019446370904083	37.94975057524758	1.0191193036317419	35.611761089964055	1.0885134930459097	1.1263218424467512	1.0885134930459097	0.7963893071427496	1.0885134930459097	-0.019124039707270748	1.1532352744996976	NaN	NaN	800000009	800000009	800000009	800000009	800000009	800011119	899999999	899999999	89999	89999	89	89	0	13	1	43	55	6	0	NaN	0	0	0	0	0	0	0	0	0	NaN	NaN	NaN	NaN	0	0	0	0	0	0	0	0	18000	0	0	0	18000	18000	18000	18000	95	NaN	0.7646289831366935	1.0082663803959977	0.1792936164513099	0.07107239432696263	2.1376953357134907	0.10152876817646962	2.4326133315418617e-8	NaN	0.032281220569073434	0.02810319879949833	0.019870951780361603	-0.000019124039707270748	NaN	417.10198832864324	6.338403219871786	94624.06677408854	11.479999542236328	-0.32733738122980677	96.65130377769471	96.37324585956998	96.92936536322699	-0.5561183494577804	0.0002783624470854799	-1	0	2.1297164601352483	86.12449443943811	1.000082555183106	-297.01161989847066	9.000589236365425	-273.1499938964844	222
DATA	2025-04-08T033000_AIU-0547.ghg	2025-04-08	04:00:00	98.166	0	18000	18000	0.07566247657867652	0	NaN	38.54224346649075	0	NaN	55.67582718728492	0	NaN	2.171613576219245	1	NaN	1.2450257518596022	0	NaN	-0.0003151625158480731	0	NaN	NaN	NaN	NaN	NaN	NaN	NaN	NaN	NaN	NaN	-2.492554833731473e-10	-3.892864278918396e-12	-1.4000842643293631e-12	NaN	16.682557042956738	417.3396970078689	420.07776312304014	0.2	0	260.547649803644	6.517998226840955	6.560761257081338	0.1	1	0.09370700812087733	2.1395129736752208	2.153549807501932	-0.4	0	NaN	NaN	NaN	NaN	9	280.87975492858885	280.9661985185411	94243.9257641059	1.1656956275215178	1008.8031440039065	0.0247862443711235	0.08067766872050222	0.004738690069438523	614.4465155952951	1056.3311466877738	0.004065117821119262	58.16798240986742	441.8846310924787	273.22746970906053	0.11308661881237794	-0.4916427140409131	0.07836161146682408	0.510530786315189	2.476036314183712e-14	-1.4941083835728966e-14	0.510530786315189	5.521454023395678	49.04626206844557	282.95373793155443	8.82925907938394	NaN	0.25476965121176465	0.5893553825240905	-35.847793536191055	-0.08089758710176209	0.6922617123736765	0.1286464195096275	0	67.97920328401965	-10.316106363794757	23.335060683532845	58.107600525343564	88.61775717043894	124.28766445806987	186.2055695359423	0.07407598202189633	1.0214171248693162	40.83154696431553	1.020394595130322	51.08843114778848	1.0897932454849915	1.9926840115923186	1.0897932454849915	1.1424421623255037	1.0897932454849915	-0.016233686592056425	1.1549925137154475	NaN	NaN	800000009	800000009	800000009	800000009	800001019	801101019	899999999	899999999	89999	89999	89	89	0	1	9	25	43	0	1	NaN	0	0	0	0	0	0	0	0	0	NaN	NaN	NaN	NaN	0	0	0	0	0	0	0	0	18000	0	0	0	18000	18000	18000	18000	93	NaN	0.5652161296396354	0.5230792647613307	0.09041537064721485	0.08721373678367056	2.2466983530012796	0.08181368821403615	2.1311616522154657e-8	NaN	0.03472196057303674	0.04971528391960099	0.028502680872292418	-0.000016233686592056425	NaN	417.3385166601017	6.517916872353152	94638.1097374132	11.479999542236328	0.06226994995507074	96.62297226481968	96.34380145941842	96.90214062330458	-0.5583380622929995	0.0002779192720416985	-1	0	2.133634802288479	84.53039788033549	1.000102346032858	-273.1499938964844	9.00064682202869	-273.1499938964844	065
DATA	2025-04-08T040000_AIU-0547.ghg	2025-04-08	04:30:00	98.187	0	18000	18000	0.06315289959622904	0	NaN	20.797536555554544	0	NaN	45.44696486546146	0	NaN	2.251245799922113	0	NaN	1.0164139864694701	0	NaN	-0.0013268645374499505	0	NaN	NaN	NaN	NaN	NaN	NaN	NaN	NaN	NaN	NaN	2.2774096347769572e-11	3.494785981783345e-13	1.2836874609436483e-13	NaN	16.63594615442436	416.5061793933817	419.18539101985164	0.1	1	255.2859640460719	6.39147184960727	6.432585538999979	0.1	1	0.09377037469791744	2.1421494791860174	2.155929038948206	-0.3	0	NaN	NaN	NaN	NaN	9	281.00902464972603	281.0966067979601	94233.15165212673	1.1650775039143444	1008.7362093197772	0.024800583955269802	0.06586362632322167	0.004644016645375403	602.4500936083972	1065.7579993687332	0.003986015204802055	56.52785097228816	463.307905760336	272.9561336739999	-0.6077946983354706	-0.16857443630095775	0.01976932132529973	0.6310487793858958	-1.9694085933725983e-14	1.3689691067984587e-15	0.6310487793858958	4.767539904258125	136.49842010058967	195.5015798994103	1.7952400374677693	NaN	0.23281943952465142	0.5837467922716878	-50.6942526741428	-0.05720569585354947	0.4576221232181809	0.07600816183929285	0	56.24460731906566	-8.535336153752013	19.306953619746302	48.07704438880016	73.32052617214684	102.83308047670577	154.0626931947881	0.062024389718103666	1.0181946147838676	22.90422910485244	1.0183155947074916	41.77991275346816	1.0877706981733442	2.069595920999299	1.0877706981733442	0.9344009616882485	1.0877706981733442	-0.010879574684681703	1.1521590647946343	NaN	NaN	800000009	800000009	800000009	800000009	800001019	800111119	899999999	899999999	89999	89999	89	89	15	9	3	48	32	7	1	NaN	0	0	0	0	0	0	0	0	0	NaN	NaN	NaN	NaN	0	0	0	0	0	0	0	0	18000	0	0	0	18000	18000	18000	18000	93	NaN	0.5818728844595187	0.46435909456285246	0.1212616055210046	0.0342010259484998	0.6153453431419249	0.047342758421820355	1.5396167969390478e-8	NaN	0.01948871712930015	0.05165744304912583	0.023322796481040922	-0.000010879574684681704	NaN	416.50571070333683	6.3914239370688675	94625.43651671006	11.450788135581547	-0.20484192962673076	96.60217375031225	96.3223773206075	96.88196777081666	-0.5595993555933237	0.00027841544045238855	-1	0	2.136383486992783	84.72680221133763	1.0000650435189407	-273.1499938964844	9.00060003344218	-273.1499938964844	226
DATA	2025-04-08T043000_AIU-0547.ghg	2025-04-08	05:00:00	98.208	0	18000	18000	0.5718122102162576	1	NaN	11.518313067544248	1	NaN	8.724855660103529	1	NaN	2.040518069359094	1	NaN	0.1951668955122013	1	NaN	-0.002759706073385336	1	NaN	NaN	NaN	NaN	NaN	NaN	NaN	NaN	NaN	NaN	-2.8968093631807555e-10	-4.435954107248718e-12	-1.6378757719022444e-12	NaN	16.64748343381216	417.14757569733445	419.82939614131124	0.1	1	254.92693254929281	6.387881526700146	6.428948890554216	0.1	1	0.09412600679198901	2.1522223666460554	2.1660588942423304	0	0	NaN	NaN	NaN	NaN	9	281.1939198040432	281.29464075046116	94241.90019487847	1.1643669523390452	1008.7378144230563	0.0248157522117368	0.012646814829190643	0.004638570940798088	602.1675750577514	1080.2152122549928	0.0039837706931477816	55.745148580226186	478.04763719724144	272.9496861594594	0.10938731550252864	0.22166378811559304	0.11615246652143288	0.27311502198456256	-1.7731372473518677e-14	-1.7400884492229864e-14	0.27311502198456256	5.802000513045298	268.26555680196213	63.73444319803784	25.16887686051558	NaN	0.7007801265111129	1.1338973743856318	-2496.31522294398	-0.0011617122602729402	1.3201723347945418	0.013993905257216763	0	90.38205221319805	-13.71582511954191	31.02523376576561	77.25721883974852	117.82213336822024	165.24721732280761	247.5704435350757	0.5524240904153991	1.0350964415514166	11.675514333217023	1.0293985120298044	7.930294826612979	1.1001931013742532	1.8546908418261117	1.1001931013742532	0.17739330965483965	1.1001931013742532	-0.0067917543208044365	1.168111985656109	NaN	NaN	800000009	800000009	800000009	800000009	800000009	810111119	899999999	899999999	89999	89999	89	89	22	15	4	50	13	0	0	NaN	0	0	0	0	0	0	0	0	0	NaN	NaN	NaN	NaN	0	0	0	0	0	0	0	0	18000	0	0	0	18000	18000	18000	18000	93	NaN	1.2417348660395136	0.6904419819767293	0.3356179007550206	0.04417169179010926	0.3373320653875405	0.06326626032994205	1.5893172485013958e-8	NaN	0.009940491293894007	0.046321524139553184	0.00443045724390453	-0.000006791754320804437	NaN	417.1474858624212	6.387818381629903	94635.39451150174	11.453070990668405	-0.21339726570024825	96.56955446836682	96.29004607857598	96.84905853992038	-0.5590115208658907	0.0002784354668272297	-1	0	2.146440475942912	84.29369112134863	1.000068965130382	-311.82924552069795	9.000629836771223	-273.1499938964844	163
DATA	2025-04-08T050000_AIU-0547.ghg	2025-04-08	05:30:00	98.229	0	18000	18000	0.24792859080080148	0	NaN	61.50043005600654	0	NaN	88.38559462565074	0	NaN	1.2936143268749496	1	NaN	1.9769350522493536	0	NaN	-0.005092951764173682	0	NaN	NaN	NaN	NaN	NaN	NaN	NaN	NaN	NaN	NaN	-2.755641471216639e-10	-4.235797698607403e-12	-1.5507358039391642e-12	NaN	16.720519438310486	419.01213286008357	421.7283966318768	0	0	257.01724442783257	6.440789364640059	6.482542052547942	0.1	1	0.09409463612841083	2.1506200431657527	2.164561528034627	-0.2	0	NaN	NaN	NaN	NaN	9	281.0875687459309	281.20548306783047	94271.34379969619	1.165076649237774	1008.7651732665732	0.024800138536197225	0.1281053913857581	0.004679934596737038	607.344738644096	1073.6851082298272	0.004016846960068064	56.56637444151745	466.3403695857312	273.06741408752265	0.5707927642828139	-0.5699475636049879	0.10599810639144225	0.8135602027971408	-1.5038018237172544e-13	-1.6480597276797767e-14	0.8135602027971408	8.623776041248227	16.95754825034618	315.0424517496538	7.486304279278356	NaN	0.4613027641287047	1.5928407639081443	-133.389892685404	-0.021740777667761994	0.6958196108368802	0.1134351154749781	0	68.577860167274	-10.406954855461642	23.540560219045037	58.61932342504499	89.39816688025849	125.38220017247889	187.8453834866479	0.24424995981893077	1.015060927684892	65.38785049563273	1.016341425925977	81.36218640359311	1.0863227567068854	1.190819504505691	1.0863227567068854	1.8198413317256645	1.0863227567068854	-0.03044081799138772	1.1496996088688085	NaN	NaN	800000009	800000009	800000009	800000009	800001009	801111119	899999999	899999999	89999	89999	89	89	7	5	0	62	69	5	0	NaN	0	0	0	0	0	0	0	0	0	NaN	NaN	NaN	NaN	0	0	0	0	0	0	0	0	18000	0	0	0	18000	18000	18000	18000	93	NaN	1.235838287947577	1.6598423387710852	0.2900009010976263	0.09028184066473917	1.3899432799597324	0.10900555302831429	4.360991961532046e-8	NaN	0.055635562418511024	0.029723985969398112	0.04542496827275129	-0.00003044081799138772	NaN	419.01203759087457	6.440676253559509	94659.36551692708	11.460000038146973	-0.10258106230693416	96.55073262447782	96.27061363008288	96.8308500374688	-0.5602371757891444	0.000278404820678083	-1	0	2.1447896389100287	83.49101793437532	1.0000608414196306	-283.0822443135596	9.000623467471865	-273.1499938964844	196
DATA	2025-04-08T053000_AIU-0547.ghg	2025-04-08	06:00:00	98.249	1	18000	18000	0.2400252422243289	0	NaN	65.82896503461222	0	NaN	64.18539975239861	0	NaN	1.3016564979058578	0	NaN	1.4345333594743224	0	NaN	0.0125872738335433	1	NaN	NaN	NaN	NaN	NaN	NaN	NaN	NaN	NaN	NaN	8.2684214206134e-12	1.219519124817589e-13	4.644268993337049e-14	NaN	16.803685906065397	419.8225183229241	422.4382608147365	0.3	0	247.83952446819382	6.192011317269154	6.230591208545747	0.1	1	0.09438420401838295	2.148871141835398	2.162259879480015	-0.2	0	NaN	NaN	NaN	NaN	9	280.22188328382697	280.3940166405571	94325.46593142362	1.1692294725738652	1008.6146502585723	0.02471438472452831	0.09295776169393609	0.0045147814559286376	584.2210216338043	1015.833252943455	0.003861330527351567	57.511507911458786	431.6122313096507	272.53452122709854	1.0937149007702913	-0.7734561934707339	0.11495733191805214	1.3444931965416307	-6.028574651898255e-14	4.920599841507905e-16	1.3444931965416307	8.674424002533637	7.267287260955243	324.73271273904476	4.904912744099639	NaN	0.4530838490795609	2.4805932584396215	-118.11790578473139	-0.024551739050345328	1.0256065287207656	0.12320076932311265	0	57.56373661244798	-8.735519113256165	19.759768019201587	49.204616268407015	75.04014443405794	105.24486953971842	157.67599269668946	0.23747139718795465	1.0107543269068018	68.48938100727294	1.0138974003675272	59.04668191422024	1.087028054271426	1.1974451742906354	1.087028054271426	1.3196838424154653	1.087028054271426	-0.013578528189223277	1.147934673797126	NaN	NaN	800000009	800000009	800000009	800000009	800000019	800111119	899999999	899999999	89999	89999	89	89	28	15	9	62	52	2	1	NaN	0	0	0	0	0	0	0	0	0	NaN	NaN	NaN	NaN	0	0	0	0	0	0	0	0	18000	0	0	0	18000	18000	18000	18000	93	NaN	1.8281409598777234	2.6996626513489974	0.43338290565252224	0.10716601428278344	0.18076754192429464	0.06023844179333928	8.267508575215619e-8	NaN	0.05807620306512998	0.029778559360968404	0.032818440862948106	-0.000013578528189223276	NaN	419.8220072319301	6.191951378073073	94707.63256662326	11.466405740314059	-0.6300810002916636	96.61479491594102	96.33277411058214	96.8968129442003	-0.5640527770262628	0.0002779420650201953	-1	0	2.143254175689486	86.42766998882946	1.0000835051801469	-273.1499938964844	9.000456046130923	-273.1499938964844	102
DATA	2025-04-08T060000_AIU-0547.ghg	2025-04-08	06:30:00	98.27	1	18000	18000	0.2924343711366003	0	NaN	57.62613239523555	0	NaN	61.354664468256246	0	NaN	3.2743472964487457	0	NaN	1.3705788214427113	0	NaN	0.007040327444636415	0	NaN	NaN	NaN	NaN	NaN	NaN	NaN	NaN	NaN	NaN	-3.447422696150911e-11	-4.923748670857135e-13	-1.9261137312292078e-13	NaN	16.862860352542874	420.0602082574203	422.5955576124943	0.1	1	240.84219884142658	5.999469964610648	6.035680850589737	0.1	1	0.09421469235292065	2.1395283095228192	2.152441819569901	-0.2	0	NaN	NaN	NaN	NaN	9	279.6845282329984	279.86806644694013	94399.2120360243	1.1724281863722685	1008.5002349686523	0.024648755580204487	0.08881350762948768	0.004386040920518378	566.4971534076865	979.8222838361393	0.003740988976126274	57.81631656607891	413.3251304284528	272.1132653376905	1.553500024128892	-0.8426600022635149	0.1119469463671122	1.7708671105377096	-1.4640040059530373e-14	-2.0443878583333275e-15	1.7708671105377096	8.023828003194225	0.47658938561244213	331.52341061438756	3.6244206397531475	NaN	0.49942592488619336	2.4222179890473865	-180.8071327404075	-0.01603919024678995	0.9392298514654942	0.09758568963578812	0	59.41772866320271	-9.016869559705304	20.396183495128756	50.789380788407556	77.45701031969166	108.63455830893501	162.7543641551418	0.2897490486128789	1.0092677526865985	60.24154597807766	1.013349132603684	56.29099865620136	1.08995516037975	3.004111926318083	1.08995516037975	1.2574634914019671	1.08995516037975	-0.015864109079104054	1.1490569351882471	NaN	NaN	800000009	800000009	800000009	800000009	800010009	800111109	899999999	899999999	89999	89999	89	89	10	3	8	124	44	2	0	NaN	0	0	0	0	0	0	0	0	0	NaN	NaN	NaN	NaN	0	0	0	0	0	0	0	0	18000	0	0	0	18000	18000	18000	18000	98	NaN	1.5385555983481498	2.8194293719785826	0.48645100776804057	0.05664903329288219	0.47415924134052895	0.0579849510205171	6.521919007548567e-8	NaN	0.0509487876374687	0.07449466902055096	0.03118203612081313	-0.000015864109079104055	NaN	420.0594093903044	5.99941201919756	94781.72063628472	11.470000267028809	-1.051793987934018	96.67472909185622	96.39291414981417	96.95654367023045	-0.5636423028988973	0.00027727640481963226	-1	0	2.134104526009825	83.54851018474623	1.0000767757031652	-273.1499938964844	9.000423618661033	-273.1499938964844	120
DATA	2025-04-08T063000_AIU-0547.ghg	2025-04-08	07:00:00	98.291	1	18000	18000	0.23686426870109692	0	NaN	46.676847231624194	0	NaN	47.92330864309519	0	NaN	1.7677372104152387	0	NaN	1.070360388853263	0	NaN	0.0013325815421887828	0	NaN	NaN	NaN	NaN	NaN	NaN	NaN	NaN	NaN	NaN	2.111979924674846e-10	2.8835416728583953e-12	1.1769881443728977e-12	NaN	16.8688862582656	419.6294414228931	422.0474827082543	0.1	1	230.31533553949845	5.729311000375602	5.762325153263938	0.1	1	0.09400884403676439	2.1327976424889195	2.1450875159910554	-0.3	0	NaN	NaN	NaN	NaN	9	279.40873094622293	279.69138726298013	94448.27500455729	1.17389872331692	1008.3496017204795	0.02462039876950865	0.06935935319769143	0.00419335961867385	541.2686916117063	967.9807412704215	0.003572164732256685	55.917299645995115	426.71204965871516	271.4930334977297	0.3139894148603555	-1.0271081908708313	0.05556948557232772	1.0754666689977592	-3.311415391002471e-14	1.2519972524208557e-14	1.0754666689977592	6.822062144575138	45.0014831374354	286.9985168625646	2.9617983690377603	NaN	0.4491945317156501	1.8776487466152103	-162.4667024115313	-0.017849811419537797	0.9739904975936884	0.08778600632916413	0	69.29581711987501	-10.515907592914497	23.78701160781922	59.23302222969014	90.3340962794102	126.69485446245923	189.81197880996777	0.23396501323639785	1.0123918333967723	48.63858569234133	1.0147546538990446	44.12553153016156	1.0860675663552677	1.6276493886541379	1.0860675663552677	0.9855375687585289	1.0860675663552677	-0.016810568501160663	1.1481778636431432	NaN	NaN	800000009	800000009	800000009	800000009	800010009	800011119	899999999	899999999	89999	89999	89	89	12	8	4	79	73	5	0	NaN	0	0	0	0	0	0	0	0	0	NaN	NaN	NaN	NaN	0	0	0	0	0	0	0	0	18000	0	0	0	18000	18000	18000	18000	100	NaN	1.4265868105929045	2.060800988421104	0.26790969421641175	0.04243444639223567	0.22093365670961615	0.03224627216167537	1.674804409540501e-8	NaN	0.041090287192323334	0.040304355131652904	0.024404184613539045	-0.000016810568501160664	NaN	419.6288453437029	5.729276545929029	94838.04073980034	11.440787931760152	-1.6673101349684225	96.7055656943851	96.42473491605124	96.98639877001445	-0.5616742543600223	0.00027641396899707614	-1	0	2.127636615349187	85.930876476974	1.0000774670094252	-273.1499938964844	9.000475134213765	-273.1499938964844	051
DATA	2025-04-08T070000_AIU-0547.ghg	2025-04-08	07:30:00	98.312	1	18000	18000	0.13086108713442235	1	NaN	64.05000072022837	0	NaN	50.718648464845344	0	NaN	2.403876046148399	0	NaN	1.1325107611585687	0	NaN	0.007381029386931696	1	NaN	NaN	NaN	NaN	NaN	NaN	NaN	NaN	NaN	NaN	-3.768332010712366e-10	-5.197501679821358e-12	-2.0951218247991432e-12	NaN	16.913016064473254	420.2663285753578	422.7166294098112	0.1	1	233.27410948943347	5.796556520320644	5.830352488051024	0.1	1	0.09403319287983283	2.130747615894797	2.143170625558538	-0.1	0	NaN	NaN	NaN	NaN	9	279.1649123153687	279.42927354092063	94505.77434331598	1.175685248300548	1008.3818563121265	0.0245823601400238	0.07338669732307525	0.004249142461948149	547.9550061914342	950.6458270475672	0.003614183701029064	57.6402894328401	402.690820856133	271.6598695413849	1.6363349777778187	-0.21307442594786374	0.15984508809582768	1.657873132262999	1.8302247523699972e-13	-2.228066239839954e-14	1.657873132262999	9.175619914655748	339.41899353324845	352.58100646675155	5.532810635405726	NaN	0.3336258762512566	2.8151050857927746	-48.53042405771677	-0.05975632927812577	1.2628491227368448	0.1619359672366311	0	50.95635367049678	-7.732823260368534	17.491667269835848	43.556724708031446	66.42675344394057	93.16446620512603	139.5773471637649	0.12962024539133515	1.0095729007404746	66.01335878065244	1.0134273586842486	46.571093527377194	1.0890585688100705	2.2072973070446773	1.0890585688100705	1.0398988572267285	1.0890585688100705	-0.01680800612509977	1.1486274070458486	NaN	NaN	800000009	800000009	800000009	800000009	800000009	800110009	899999999	899999999	89999	89999	89	89	14	4	1	73	24	1	0	NaN	0	0	0	0	0	0	0	0	0	NaN	NaN	NaN	NaN	0	0	0	0	0	0	0	0	18000	0	0	0	18000	18000	18000	18000	100	NaN	2.581995046307112	2.7294941434408937	0.3187209818375433	0.09634657861242085	0.4734511584233263	0.049427433048731	1.1947513468103449e-7	NaN	0.05568211699480223	0.05457702098462067	0.02571225071113515	-0.000016808006125099772	NaN	420.2658511427311	5.796507055742605	94889.65795876736	11.44921479129791	-1.5040558263053003	96.7185222492218	96.43842072635226	96.99862336709764	-0.5602106257908877	0.000276156646836575	-1	0	2.125524591955874	80.71422552234604	1.0000622301747402	-273.1499938964844	9.000354429192013	-273.1499938964844	025
DATA	2025-04-08T073000_AIU-0547.ghg	2025-04-08	08:00:00	98.333	1	18000	18000	0.2515842324760522	1	NaN	77.10846009232581	0	NaN	70.71736037247997	0	NaN	2.244461218988744	0	NaN	1.577968874543964	0	NaN	0.00031942235676654304	0	NaN	NaN	NaN	NaN	NaN	NaN	NaN	NaN	NaN	NaN	-1.7960526744803832e-10	-2.3287423765349602e-12	-1.0096054598045851e-12	NaN	16.924142188617502	419.1768434290725	421.467519986801	0.1	1	219.4365881420432	5.435001391804129	5.464702055079281	0.1	1	0.09513477304378455	2.1480182138012376	2.159756493348545	-0.2	0	NaN	NaN	NaN	NaN	9	278.3903887348881	278.6991598849826	94587.18104210068	1.1799422428280113	1008.1721802233818	0.0244970279244542	0.10225238307044886	0.0039979840436321174	514.2193575204557	903.7959298616115	0.003388287916576324	56.89551596002347	389.57657234115584	270.79889061820245	2.3988673670353937	0.22692837307540467	0.21785657979912207	2.419405427061714	1.294028092402996e-13	-1.0612370508730044e-14	2.419405427061714	8.094628913144577	326.59600772961744	5.403992270382573	5.1662248771092525	NaN	0.4617547108317271	3.1603108212639204	-106.93557174266671	-0.02711913306994473	1.0903752584398352	0.14037676717010134	0	55.90178165441536	-8.48331103651145	19.189272662894492	47.78400216692967	72.87361829394115	102.20628582308723	153.1236405867274	0.2495287054860282	1.0082376373733046	79.93458081044122	1.0134722397601599	64.51182795621493	1.0961921652642803	2.0475070796073678	1.0961921652642803	1.439500230476043	1.0961921652642803	-0.029074906604577417	1.1527378173644998	NaN	NaN	800000009	800000009	800000009	800000009	800000009	800010009	899999999	899999999	89999	89999	89	89	12	17	6	93	30	0	0	NaN	0	0	0	0	0	0	0	0	0	NaN	NaN	NaN	NaN	0	0	0	0	0	0	0	0	18000	0	0	0	18000	18000	18000	18000	100	NaN	2.632398554599707	3.203888367335282	0.4843347205928528	0.14440221991878652	0.6268079455066373	0.07995872945904207	2.704834151936268e-7	NaN	0.06719535351208922	0.050432009671312825	0.03545623371380288	-0.000029074906604577418	NaN	419.1765530434335	5.434919104959474	94968.91210112847	11.470000267028809	-2.3726753923794246	96.7902779329088	96.5118324300978	97.06872320980497	-0.5568927901817693	0.0002754411089311664	-1	0	2.1430596739517314	84.4058168881312	1.0000635689430766	-273.1499938964844	9.000353513505724	-273.1499938964844	048
DATA	2025-04-08T080000_AIU-0547.ghg	2025-04-08	08:30:00	98.354	1	18000	18000	0.3518098272394753	0	NaN	104.31883521034865	0	NaN	90.36810728866293	0	NaN	0.48166138637187056	1	NaN	2.0156927864284366	0	NaN	-0.0033533898728650034	0	NaN	NaN	NaN	NaN	NaN	NaN	NaN	NaN	NaN	NaN	3.3043454151750484e-10	3.936233584934325e-12	1.8503826403865965e-12	NaN	16.923428233671967	418.1882153444017	420.2818836725263	0.1	0	201.59686175567836	4.981581194577324	5.0065215883722045	0.1	1	0.09476859675626889	2.1353640644459855	2.1460548107336685	-0.1	0	NaN	NaN	NaN	NaN	9	277.80322013600664	278.30466936747234	94647.68656814237	1.1825737761434802	1007.9185037702499	0.024446715023037656	0.1306168925605627	0.0036719900640950244	471.6216090970232	879.3407916876785	0.0031050832837422114	53.633541575145344	407.71918259065524	269.6371219817212	2.0210287246394247	-0.3090665503314351	0.2537904520489703	2.0602157246032364	-5.207966991131415e-15	1.9525272123059e-14	2.0602157246032364	9.297385651771423	340.6946175109249	351.30538248907504	7.07603172740773	NaN	0.5454310545493957	3.2805462248251156	-130.31988400888048	-0.022252935705516612	1.1543766749161062	0.16046089329055085	0	59.46813339554054	-9.024518672300273	20.41348580864553	50.83246599549709	77.52271797901642	108.72671423541343	162.89243052601495	0.3487811365998997	1.0086836423239538	107.86767397516546	1.0133032199308751	82.71327521892239	1.0925465960509968	0.44086118442255257	1.0925465960509968	1.844949033491245	1.0925465960509968	-0.042390046881471896	1.1504788586031327	NaN	NaN	800000009	800000009	800000009	800000009	800000009	800110009	899999999	899999999	89999	89999	89	89	12	5	6	63	10	0	0	NaN	0	0	0	0	0	0	0	0	0	NaN	NaN	NaN	NaN	0	0	0	0	0	0	0	0	17901	0	0	0	18000	18000	18000	18000	100	NaN	2.297636536555463	3.6844859770310503	0.578969936063718	0.15559107077205309	0.20092658221348764	0.10055072519806064	8.576419971629333e-8	NaN	0.09049772285576804	0.010831580612352176	0.04532881298705547	-0.000042390046881471896	NaN	418.18819663294005	4.981480309894168	95034.46887044271	11.463594564861722	-3.5411671748723674	96.84115131547716	96.56430629645453	97.1179924498664	-0.5536888839056091	0.00027469864319492536	-1	0	2.1308457046548526	84.34214335929022	1.000060264044338	-273.1499938964844	9.00031621893247	-273.1499938964844	107
DATA	2025-04-08T083000_AIU-0547.ghg	2025-04-08	09:00:00	98.374	1	18000	17988	0.2674635604603555	0	NaN	107.62688372514987	0	NaN	120.57292458813876	0	NaN	0.017444530684260308	2	NaN	2.689549685990671	0	NaN	0.008831914658051382	0	NaN	NaN	NaN	NaN	NaN	NaN	NaN	NaN	NaN	NaN	-2.610554901460903e-11	-2.7805167334745704e-13	-1.466228376664071e-13	NaN	16.926292598999993	417.6901051004677	419.55664584210024	0.1	1	180.28289610330995	4.448840842185199	4.468721472785678	0.7	0	0.09506718478314492	2.1419973070414176	2.1515692964020428	-0.2	0	NaN	NaN	NaN	NaN	9	277.3484228829278	278.3545128292508	94718.08418489584	1.183480250942026	1007.6296242572547	0.02443292048796981	0.17428281965219547	0.0032811514853183	421.49871366360617	882.3980527022867	0.0027724598553347814	47.76741203958846	460.8993390386805	268.1443492908248	2.24543692447628	-0.5584385960924423	0.16637066262869485	2.3198675002269855	6.341124313582245e-14	-1.5423075586056778e-15	2.3198675002269855	9.251599736935267	345.96608132571157	345.976864920937	4.112530897787469	NaN	0.4753919279596963	4.069173228577449	-83.672390742713	-0.034658983378607	0.8926289554042844	0.18984843441734833	0	51.94899447297715	-7.8834603317776555	17.832408735516942	44.40521913616848	67.72076098363108	94.97933017860645	142.29634410755406	0.26525216837564214	1.0083369425337994	112.67006907290074	1.0134052568606324	110.09808226662261	1.095141006145315	0.015929027026082867	1.095141006145315	2.4558935067707552	1.095141006145315	-0.03395392644980005	1.1520664432455716	NaN	NaN	800000009	800000009	800000009	800100009	800100009	800110109	899999999	899999999	89999	89999	89	89	3	4	0	42	15	3	0	NaN	0	0	0	0	0	0	0	0	0	NaN	NaN	NaN	NaN	0	0	0	0	0	0	0	0	16908	0	0	0	18000	18000	18000	18000	100	NaN	2.1552479384764203	5.366435648559462	0.6166628701190146	0.13324806161273686	0.2984041053864351	0.08197392072134767	5.2649314957625915e-8	NaN	0.09448146488864051	0.00039093231294016264	0.06027286709756529	-0.000033953926449800046	NaN	417.6908532246541	4.4487471645830485	95107.20385568576	11.460000038146973	-5.033851512140744	96.88425992965698	96.61107316589354	97.15744762166341	-0.5463770910617385	0.0002746725980315305	-1	0	2.1379584950009987	84.3407583310869	1.0000486282209555	-273.1499938964844	9.00025057641665	-273.1499938964844	083
DATA	2025-04-08T090000_AIU-0547.ghg	2025-04-08	09:30:00	98.395	1	18000	18000	0.257308926324199	0	NaN	115.438871565323	0	NaN	134.6266980031999	0	NaN	1.25178180270065	0	NaN	3.005680338162051	0	NaN	0.00033023139511054357	0	NaN	NaN	NaN	NaN	NaN	NaN	NaN	NaN	NaN	NaN	-3.591640156524096e-11	-3.5311810558082884e-13	-2.0265995242294072e-13	NaN	16.876942168171546	417.11255450824456	418.8301399722629	0	0	165.92847798509572	4.100911801934949	4.117798530526776	0.6	0	0.09522892460798282	2.1543802552446496	2.163251559093892	-0.2	0	NaN	NaN	NaN	NaN	9	277.2263356738621	279.2769789004856	94769.53239409722	1.180367398437198	1007.4565180654231	0.02450058308743179	0.1947680859129009	0.0030161907442497094	388.74574282542886	940.700190437708	0.002555298247175527	41.325147669476436	551.9544476122792	267.0812290835811	2.1242234431580225	-0.7837344052466949	0.1914453474498196	2.2722711492008782	-1.302317071741298e-15	-2.1281344219438157e-15	2.2722711492008782	10.543173100584719	352.25159073276063	339.74840926723937	4.833062896327107	NaN	0.4668945703048339	3.7005663006368956	-73.92697383649909	-0.03922790085272255	0.8574738389749348	0.20791687187639069	0	51.04203542247606	-7.745825796793705	17.521079042632806	43.62996418092615	66.53844826123806	93.32111977453737	139.8120427567609	0.25516795109552826	1.0083904550688234	121.12051472439056	1.013378266197831	122.98584264733266	1.0946519949393516	1.143543161194352	1.0946519949393516	2.7457861969443345	1.0946519949393516	-0.045562175188313826	1.1517569417890754	NaN	NaN	800000009	800000009	800000009	800000009	800000009	800010109	899999999	899999999	89999	89999	89	89	14	6	1	65	13	10	0	NaN	0	0	0	0	0	0	0	0	0	NaN	NaN	NaN	NaN	0	0	0	0	0	0	0	0	11353	0	0	0	18000	18000	18000	18000	100	NaN	2.1573995275449604	4.622142037340456	0.6215910363883745	0.1775761423150412	0.10706023683622408	0.0960296636152496	1.0807577273947326e-7	NaN	0.1018530857380443	0.028132875623472973	0.06755045562653254	-0.00004556217518831383	NaN	417.1130010169429	4.100795990045119	95167.35663107639	11.430788631492192	-6.103334695670422	96.85949300511678	96.59218859990438	97.12679702165391	-0.5346120337280958	0.00027487867295147026	-1	0	2.150647119707532	84.21828710577223	1.000069872405794	-273.1499938964844	9.000376438008415	-273.1499938964844	052
DATA	2025-04-08T093000_AIU-0547.ghg	2025-04-08	10:00:00	98.416	1	18000	18000	0.12581986446749674	1	NaN	111.78169444803565	1	NaN	119.10322883105181	1	NaN	-0.15413454376669744	1	NaN	2.6580383569163093	1	NaN	-0.0006952588336937742	1	NaN	NaN	NaN	NaN	NaN	NaN	NaN	NaN	NaN	NaN	5.492465767102527e-11	5.152328073040886e-13	3.0838578856473014e-13	NaN	16.87066834381483	416.81863271835135	418.45481560075143	0.1	1	158.2590075288798	3.9100586763496725	3.925407249021917	0.5	0	0.09472383773392117	2.138583657021446	2.146978468811358	-0.2	0	NaN	NaN	NaN	NaN	9	277.18044265153674	278.85697139316136	94808.88251866319	1.18272156820172	1007.3458747299909	0.024453582813892587	0.17224088552817685	0.0028813470439607897	370.80773226262755	913.7459078124441	0.002436200642169535	40.58105531223235	542.9381755498166	266.4647684285873	2.207711622270482	-0.16570846043910933	0.2195790027570754	2.224784223114907	6.47770422226197e-14	3.2556302187732767e-15	2.224784223114907	11.680745175118652	336.29251056675156	355.7074894332483	5.664129281765898	NaN	0.32616198997174756	3.329591460600932	-26.03396430728292	-0.11139294675873601	0.9385278261985511	0.28765783763470676	0	43.066744947274536	-6.535544698314299	14.783419902526676	36.81280583515413	56.14185164708998	78.73974519743192	117.96648656592252	0.1247658387062249	1.0084480317064486	116.6872143315494	1.0133548184265064	108.85324871532461	1.0941632908222443	-0.1408697815578039	1.0941632908222443	2.4292885524598806	1.0941632908222443	-0.04403076625845645	1.151456017985596	NaN	NaN	800000009	800000009	800000009	800000009	800000009	800000009	899999999	899999999	89999	89999	89	89	16	10	3	49	2	8	1	NaN	0	0	0	0	0	0	0	0	0	NaN	NaN	NaN	NaN	0	0	0	0	0	0	0	0	9182	0	0	0	18000	18000	18000	18000	100	NaN	2.086376152707255	4.10893426153719	0.46387250695741944	0.1765234111601094	0.10559964005400274	0.07381022324281215	7.28540145631211e-8	NaN	0.0979404608240635	-0.003458296639250065	0.059638059659326906	-0.00004403076625845645	NaN	416.81898672495015	3.909956519886614	95197.63006640624	11.436144597265457	-6.716897508872801	96.86605849647522	96.60004521475898	97.13207669703165	-0.5320268094456859	0.0002747452674052006	-1	0	2.135028964175118	84.23559725676643	1.0000723239812586	-273.1499938964844	9.000387105782826	-273.1499938964844	116
DATA	2025-04-08T100000_AIU-0547.ghg	2025-04-08	10:30:00	98.437	1	18000	18000	0.27083853528758495	0	NaN	120.61757923276305	0	NaN	140.92953889048044	0	NaN	-0.23174112396765553	1	NaN	3.146687799746937	0	NaN	-0.003716633226847408	0	NaN	NaN	NaN	NaN	NaN	NaN	NaN	NaN	NaN	NaN	-1.8277134193349136e-10	-1.6267378951898421e-12	-1.031867410171471e-12	NaN	16.858219291305513	416.3154556706341	417.86379720544915	0.1	1	150.0448805402239	3.705373725050871	3.7191545827210883	0.6	0	0.09517601006919445	2.153642200548349	2.16165192880806	-0.2	0	NaN	NaN	NaN	NaN	9	277.21220785861544	279.37364070807564	94864.9617421875	1.1813241040052975	1007.2439779269438	0.024484408217644436	0.20390536942360152	0.002727075740443698	351.60442554057806	947.0020028834688	0.0023084907276483277	37.128160708213834	595.3975773428907	265.7747197773227	1.2930082617362986	-1.0040629300814392	0.10272535974827707	1.6402942516565435	-1.5699134330832486e-14	-1.0841675432929868e-14	1.6402942516565435	9.241517708520698	9.830500580712169	322.1694994192878	3.590565354596045	NaN	0.47881825047389504	2.6431581813962137	-76.36344589236883	-0.037976285199170186	0.8558715240422217	0.21170746286808556	0	62.84752489413795	-9.537354369988272	21.573521553161576	53.72111902072902	81.92809610554927	114.90531969648778	172.1491073960302	0.2682565009079103	1.0096252443871288	126.58190352383721	1.013443206559072	129.420646037614	1.0889262509902908	-0.21281617901754651	1.0889262509902908	2.8897161739697963	1.0889262509902908	-0.05149797749947039	1.1485681056529218	NaN	NaN	800000009	800000009	800000009	800000009	800000009	800000109	899999999	899999999	89999	89999	89	89	4	14	6	37	20	3	0	NaN	0	0	0	0	0	0	0	0	0	NaN	NaN	NaN	NaN	0	0	0	0	0	0	0	0	9712	0	0	0	18000	18000	18000	18000	100	NaN	2.2321918727539516	2.6655198319149513	0.38860465812352446	0.22003161138686575	0.07648696574877883	0.07799955784640586	6.37910616754941e-8	NaN	0.10638193297164407	-0.005230062737735694	0.07101620259268682	-0.00005149797749947039	NaN	416.3161015837211	3.705268371286727	95265.2750345052	11.449999809265137	-7.4097008861303015	96.91581431791518	96.6605348432329	97.17109342829386	-0.5105638916293782	0.00027466986148243043	-1	0	2.1502620118194153	84.30172273763021	1.000072204530239	-273.1499938964844	9.000448800060484	-273.1499938964844	106
DATA	2025-04-08T103000_AIU-0547.ghg	2025-04-08	11:00:00	98.458	1	18000	18000	0.25261512616344445	1	NaN	96.1010691249377	0	NaN	105.30089656384314	0	NaN	-0.8507905946080201	1	NaN	2.351120777712383	0	NaN	0.001826606996716557	0	NaN	NaN	NaN	NaN	NaN	NaN	NaN	NaN	NaN	NaN	1.9708934063540504e-10	1.6898535049380608e-12	1.1136642512442292e-12	NaN	16.851027623326377	416.2750376842166	417.7661127166434	0.1	1	144.48152294427427	3.5691622346547676	3.5819467838422003	0.5	0	0.09521766626406994	2.1541823580062447	2.1618985245753146	-0.2	0	NaN	NaN	NaN	NaN	9	277.4313937462701	279.3525005425347	94916.0326156684	1.1821104869482133	1007.1699309477127	0.024469382310942034	0.15235262639576239	0.0026284400543165583	338.8615907343129	945.62060643605	0.002223514708089809	35.834835707678636	606.7590157017371	265.2980788015471	1.5802101027095177	-0.5961761086596309	0.08058906993071455	1.6908531927504837	-1.855602146016714e-13	1.169598347596203e-14	1.6908531927504837	10.318266943653688	352.6703116097192	339.32968839028075	2.7318537048051654	NaN	0.4622752486140756	3.716509788440396	-86.28098708447524	-0.0336111129229513	0.9126329619299333	0.17460905295335377	0	56.155386906004104	-8.521796611855365	19.276327139110705	48.00078012163559	73.20421835273476	102.66995710623797	153.8183046608574	0.2502432078469159	1.009478452330181	100.48675509651305	1.013400400777345	96.66726133738081	1.0893129184277794	-0.7810341548468718	1.0893129184277794	2.158352056547524	1.0893129184277794	-0.03604486986725949	1.1487443362716672	NaN	NaN	800000009	800000009	800000009	800000009	800000009	800000109	899999999	899999999	89999	89999	89	89	3	1	3	17	13	10	0	NaN	0	0	0	0	0	0	0	0	0	NaN	NaN	NaN	NaN	0	0	0	0	0	0	0	0	9152	0	0	0	18000	18000	18000	18000	100	NaN	2.551311671625518	4.40174267211274	0.4799652331425336	0.2516994392828967	0.1578389249710062	0.06516988683609586	5.684505455827062e-8	NaN	0.08440107937631976	-0.019179897862609527	0.05300276785494861	-0.000036044869867259484	NaN	416.2754706016043	3.569021801592141	95307.87830338543	11.462811213599313	-7.883724993771997	96.90824318313598	96.65508203400506	97.16140714136759	-0.5063286029332212	0.0002744995848107566	-1	0	2.150911987152365	84.37362525770398	1.0000707731909222	-273.1499938964844	9.00044288081593	-273.1499938964844	205
DATA	2025-04-08T110000_AIU-0547.ghg	2025-04-08	11:30:00	98.479	1	18000	18000	0.18357781523432318	1	NaN	125.45461772975901	0	NaN	124.96221680969025	0	NaN	-1.2471441223656863	0	NaN	2.790123745022419	0	NaN	0.0014826371091639222	0	NaN	NaN	NaN	NaN	NaN	NaN	NaN	NaN	NaN	NaN	-3.2273174306104925e-10	-2.6776852680437707e-12	-1.8230594144975985e-12	NaN	16.836335492013216	416.2039465758631	417.6461699925712	0.1	1	139.69003199749795	3.4532183468455684	3.4651843851395348	0.4	0	0.09510573590695297	2.151546940616498	2.1590024474790175	-0.2	0	NaN	NaN	NaN	NaN	9	277.73923193868006	279.3570248074002	94947.44997157119	1.1825345286730549	1007.1073281979199	0.02446168175073835	0.18080001867745277	0.0025438559911959923	327.962225031795	945.9160931667851	0.0021511896097025623	34.67138654273517	617.9538681349901	264.87756917422996	1.7585447702442611	-0.3954228912208342	0.12664970381913787	1.8068976504862362	-2.2631644798950153e-14	-1.916876408254908e-14	1.8068976504862362	8.17506813423072	344.67264026366377	347.3273597363363	4.019291552881066	NaN	0.39400631558174676	3.264963396255724	-40.931625530710605	-0.07084986150438022	1.0039403984071333	0.26735842957705114	0	53.4903548782139	-8.117367719878834	18.361507884283366	45.722750827719416	69.73007994450083	97.79742859106686	146.51836905418548	0.18190777560809593	1.0091806940118118	130.5258189823362	1.0133321386216423	114.61699294835965	1.0902590758596467	-1.1438970332646294	1.0902590758596467	2.559138288138041	1.0902590758596467	-0.04699106268211164	1.1492101786785587	NaN	NaN	800000009	800000009	800000009	800000009	800000009	800000109	899999999	899999999	89999	89999	89	89	7	0	1	30	18	21	0	NaN	0	0	0	0	0	0	0	0	0	NaN	NaN	NaN	NaN	0	0	0	0	0	0	0	0	5611	0	0	0	18000	18000	18000	18000	100	NaN	2.8210792273117415	3.3151119266096862	0.3937356385900204	0.40125139815651517	0.09542839849166986	0.09786711650723065	8.809883472329669e-8	NaN	0.1095990627515563	-0.028078632842354893	0.06281780815565524	-0.000046991062682111635	NaN	416.2044965005515	3.4530651718146244	95334.94332443576	11.470000267028809	-8.320576256632792	96.89488852882386	96.64412145000034	97.14565377468531	-0.5015392052249776	0.0002747347846775987	-1	0	2.148382937861814	84.47887942208185	1.000058548576302	-273.1499938964844	9.000306923203999	-273.1499938964844	251
DATA	2025-04-08T113000_AIU-0547.ghg	2025-04-08	12:00:00	98.499	1	18000	18000	0.18485198551559773	1	NaN	93.74411181181358	0	NaN	116.34595184994596	0	NaN	-0.16976029759346967	2	NaN	2.5985989619013523	0	NaN	0.003930682901056218	0	NaN	NaN	NaN	NaN	NaN	NaN	NaN	NaN	NaN	NaN	-2.9700906207444003e-10	-2.2132927945919894e-12	-1.6781680523321687e-12	NaN	16.794447647895637	415.70826867513443	417.0000647339226	0.1	1	125.15116444131775	3.097831794372601	3.1074581771133456	0.3	0	0.09489240935079549	2.149795760204051	2.1564761606182206	-0.2	0	NaN	NaN	NaN	NaN	9	278.24260250713206	279.7028516167535	94960.63491341146	1.1813953887419315	1006.9214774249896	0.024488563186862825	0.16838921273120763	0.0022795510485892076	294.2509825933711	968.7452646420065	0.0019295411767407545	30.374443451045885	674.4942820486355	263.4932611454789	1.124059685480114	0.18612875676328627	0.179590908696833	1.153432696390448	-3.883316611519031e-14	-1.768495566519305e-14	1.153432696390448	10.939780274399608	322.5979221155665	9.40207788443342	8.957468510277508	NaN	0.3955618725975104	3.359318208801943	-55.43150974006608	-0.0523168142740278	0.8057359136372662	0.19922264361585362	0	58.72915990710569	-8.912376594452319	20.15982012321372	50.20080257212057	76.55939140280005	107.37563501504853	160.86826765503994	0.18269005793118998	1.0118338546108625	98.66581141596153	1.01444692047011	107.10817672367916	1.086247151327192	-0.15628146631828138	1.086247151327192	2.3922722915556993	1.086247151327192	-0.033933178061293034	1.1480022763055353	NaN	NaN	800000009	800000009	800000009	800000009	800000009	801010119	899999999	899999999	89999	89999	89	89	5	0	2	30	9	10	0	NaN	0	0	0	0	0	0	0	0	0	NaN	NaN	NaN	NaN	0	0	0	0	0	0	0	0	6214	0	0	0	18000	18000	18000	18000	100	NaN	2.7693974105463224	3.63505690944657	0.3141820976109938	0.2610214836490897	0.09922292264507018	0.15176669092997291	5.657341813695049e-8	NaN	0.08294225069800361	-0.00383900434264348	0.058765405344764716	-0.000033933178061293034	NaN	415.70862003252023	3.097564934763447	95353.19875434026	11.450553155263265	-9.745252643306976	96.85509852578903	96.60396099895902	97.10623391532899	-0.5022767159259983	0.0002751377113454509	-1	0	2.146962995098697	84.48276707755194	1.0000659697817431	-273.1499938964844	9.000351626343198	-273.1499938964844	075
DATA	2025-04-08T120000_AIU-0547.ghg	2025-04-08	12:30:00	98.52	1	18000	18000	0.1265164283924778	2	NaN	83.99333043973952	1	NaN	110.70850688470608	1	NaN	0.45625362681045234	1	NaN	2.47286374858614	1	NaN	0.0015028566243583872	1	NaN	NaN	NaN	NaN	NaN	NaN	NaN	NaN	NaN	NaN	2.3553480701754466e-10	1.6795841726108623e-12	1.3246883384475519e-12	NaN	16.767937258574953	415.3274711970766	416.561189877828	0	0	119.57112574336679	2.961674564817684	2.9704721365901228	0.3	0	0.09430576833851946	2.1371159978653913	2.1434642413897116	-0.2	0	NaN	NaN	NaN	NaN	9	278.74931088256835	279.778189722697	94964.64046440972	1.1811879659342064	1006.8493658261981	0.024494126002891102	0.16024157090838187	0.0021788642944899714	281.32980372530545	973.7826098580192	0.0018446380739806291	28.890411563862727	692.4528061327137	262.9249568885682	2.054293090166275	0.06266034107683675	0.18507655654694485	2.0635648161452242	1.6979722087073219e-13	1.4046737137992005e-14	2.0635648161452242	11.376513602016269	330.2528976436745	1.7471023563257468	5.145645822848896	NaN	0.3272758464103107	3.1392465043522324	-35.039577182386004	-0.08276355576167731	0.758689036671877	0.21579795890964115	0	44.75956975836203	-6.792437394356745	15.364511880440496	38.25980702272447	58.34861975842367	81.83476885088207	122.60339598594246	0.1254279498913096	1.00867811761343	88.81194157000081	1.0133037751789393	101.32766717347187	1.0925792527639493	0.4175931637510469	1.0925792527639493	2.263326657842367	1.0925792527639493	-0.03244762098066714	1.1504976317997613	NaN	NaN	800000009	800000009	800000009	800000009	800000009	800000109	899999999	899999999	89999	89999	89	89	7	12	0	21	11	30	1	NaN	0	0	0	0	0	0	0	0	0	NaN	NaN	NaN	NaN	0	0	0	0	0	0	0	0	7214	0	0	0	18000	18000	18000	18000	100	NaN	3.232854965701179	2.6215068550189686	0.4241311879843172	0.3295357327744483	0.17129292955239714	0.1011431206297427	1.1722100568802425e-7	NaN	0.07467716976412549	0.010258971455801146	0.05560293030036567	-0.00003244762098066714	NaN	415.3277781493028	2.961475582164396	95355.43255902777	11.453071546236675	-10.289567798071461	96.8366909421285	96.58413770167033	97.08924024603103	-0.5051079542678264	0.0002753618579299656	-1	0	2.134416025592221	84.61710309240556	1.0000748854461643	-273.1499938964844	9.000410885122088	-273.1499938964844	039
DATA	2025-04-08T123000_AIU-0547.ghg	2025-04-08	13:00:00	98.541	1	18000	18000	0.07119459004081029	2	NaN	85.22617971965451	1	NaN	123.3058337188913	1	NaN	0.8867106765794761	1	NaN	2.7551016005396027	1	NaN	0.0021045361746268626	1	NaN	NaN	NaN	NaN	NaN	NaN	NaN	NaN	NaN	NaN	-8.911841209696564e-11	-6.264954339648176e-13	-4.989872410751019e-13	NaN	16.727622996599074	415.20846508210957	416.4239578442065	0.2	0	117.59387518094054	2.9188828817377344	2.9274277003397806	0.2	0	0.09366044852477348	2.1256581942985417	2.131880904977985	-0.2	0	NaN	NaN	NaN	NaN	9	279.1854116304186	280.10351502312557	94942.9467951389	1.17956566996275	1006.832096924697	0.024528210915205136	0.17853058371496625	0.0021443989784643933	277.20167861796295	995.8013477935582	0.0018179564165614556	27.83704593613688	718.5996691755952	262.7384882613656	2.1080344419321877	0.33974887825310807	0.23951579400557851	2.1486289405630226	-9.419759305084052e-14	-5.327619597541413e-15	2.1486289405630226	9.508629451062689	322.8444526032731	9.155547396726913	6.4002796123215475	NaN	0.2456758314915481	3.0239483268023903	-14.60510955980618	-0.1985606467465955	0.6911771904803015	0.2920999015155333	0	36.737018886652436	-5.574984348375462	12.61062977555739	31.40225120083778	47.89041444427314	67.1669871960295	100.6283862472078	0.0705910530066299	1.008549766698107	90.69881357300048	1.0133249567750722	112.7721307713022	1.093406969217874	0.8109612445709486	1.093406969217874	2.5197402962506787	1.093406969217874	-0.03288091311125431	1.1509905192127974	NaN	NaN	800000009	800000009	800000009	800000009	800000009	800000109	899999999	899999999	89999	89999	89	89	2	2	1	25	6	27	0	NaN	0	0	0	0	0	0	0	0	0	NaN	NaN	NaN	NaN	0	0	0	0	0	0	0	0	3806	0	0	0	18000	18000	18000	18000	100	NaN	2.948624509079352	2.707663609873417	0.3916085346520113	0.2671527298105357	0.07163885804395503	0.11890599705513988	5.641451224442961e-8	NaN	0.07636993653836859	0.01994967483505187	0.06198569896588999	-0.00003288091311125431	NaN	415.20866006744257	2.918657065775802	95330.77811848957	11.460000038146973	-10.488628914872848	96.78653944354588	96.53158514637418	97.04149336793688	-0.5099128651320931	0.0002759268220494657	-1	0	2.12302358924018	84.68125850084091	1.0000837866167227	-273.1499938964844	9.000447705454297	-273.1499938964844	247
DATA	2025-04-08T130000_AIU-0547.ghg	2025-04-08	13:30:00	98.562	1	18000	18000	0.10241665733984075	2	NaN	106.42496950359524	1	NaN	133.9437147418166	1	NaN	0.7605944579589227	1	NaN	2.9939681166106116	1	NaN	-0.005348075616785495	1	NaN	NaN	NaN	NaN	NaN	NaN	NaN	NaN	NaN	NaN	3.8635108072637513e-10	2.56435165348889e-12	2.169296307787636e-12	NaN	16.69855256367417	415.18484811339835	416.33214784464616	0.1	0	110.83432404801796	2.755731780952785	2.7633468236164194	0.2	0	0.09375956281440063	2.131799815732409	2.1376907179817994	-0.2	0	NaN	NaN	NaN	NaN	9	279.46511232164164	280.5156641608345	94943.10020876736	1.1779072335589378	1006.7516229049497	0.024564262455143784	0.19400913395636762	0.0020215663968859996	261.70790017584414	1024.3266644274142	0.001716235658709747	25.549261701796624	762.6187642515702	262.01581945613725	1.5594058085793192	0.19988539194043844	0.1973401145245028	1.5845011096692392	-4.484929513778776e-14	2.3136800585150033e-14	1.5845011096692392	9.172283116106268	324.6956296233967	7.304370376603328	7.154423430946684	NaN	0.29486943269601856	3.382084166695991	-20.222222011613688	-0.14340659490013116	0.7945499324752553	0.30435493844488665	0	41.74211628229236	-6.334527187953156	14.328717746760567	35.68053317541706	54.415064398878904	76.3179015292001	114.3381234332139	0.10142266210672156	1.0098005239901242	112.21742981223304	1.013500743947433	123.05147650427676	1.0885177370233448	0.698743283723461	1.0885177370233448	2.750500074346884	1.0885177370233448	-0.04747288561328573	1.1483939828431793	NaN	NaN	800000009	800000009	800000009	800000009	800000009	800100109	899999999	899999999	89999	89999	89	89	9	0	8	7	5	21	0	NaN	0	0	0	0	0	0	0	0	0	NaN	NaN	NaN	NaN	0	0	0	0	0	0	0	0	5610	0	0	0	18000	18000	18000	18000	100	NaN	2.9394613829350718	3.414776285176661	0.40993066528024946	0.3611268141046446	0.06483525787554685	0.12436628269501476	1.8341362287480002e-7	NaN	0.0946295751713255	0.017211556566293168	0.06775075870918952	-0.000047472885613285725	NaN	415.18472493766535	2.7554568853666175	95333.2750828993	11.466405740314059	-11.222558961166328	96.73009380764431	96.47321494632297	96.98697408125136	-0.5137652612510648	0.0002765049649881096	-1	0	2.1292980255881946	84.60838658820259	1.0000875852670934	-273.1499938964844	9.00047275633282	-273.1499938964844	228
DATA	2025-04-08T133000_AIU-0547.ghg	2025-04-08	14:00:00	98.583	1	18000	18000	0.15667635709351177	1	NaN	80.10496610756113	0	NaN	129.66084287484983	0	NaN	0.46571091162785566	1	NaN	2.899929918977571	0	NaN	0.0067352634247916845	0	NaN	NaN	NaN	NaN	NaN	NaN	NaN	NaN	NaN	NaN	3.2102457356047446e-12	2.2150538744463116e-14	1.8114884901782758e-14	NaN	16.665821657347625	415.1923787819	416.38524219258625	0	0	114.99335525473394	2.864807130062835	2.8730378293212144	0.2	0	0.09404247088256591	2.144381425225545	2.150542314180712	-0.2	0	NaN	NaN	NaN	NaN	9	279.99106827545165	281.1277388576931	94926.16993706598	1.1750845739523443	1006.8216473827988	0.024622251402457693	0.1879154587497466	0.0020966330220758976	272.0181148779275	1068.019388969519	0.0017842401036922528	25.469398560299993	796.0012740915915	262.50081036625033	1.9780272120335278	-0.13850215861818316	0.19364280986250856	1.992303199138696	-2.400415485997255e-14	1.9262451030666178e-16	1.992303199138696	9.515089234853564	336.00533324936583	355.99466675063417	5.577694845308171	NaN	0.3651465234094838	3.6073373803130746	-51.013155710440856	-0.05684808084528002	0.6178038360037453	0.18542598781160008	0	51.8355896125504	-7.8662507066891445	17.793480516708474	44.30828236714255	67.57292629452392	94.7719899251212	141.98571062549217	0.15530975895057236	1.008799177541537	86.01263188144677	1.0132968323163283	118.74726034286105	1.0919059732450063	0.42651191864426	1.0919059732450063	2.6558421604374476	1.0919059732450063	-0.02760927667343174	1.1501087711189906	NaN	NaN	800000009	800000009	800000009	800000009	800000009	800010119	899999999	899999999	89999	89999	89	89	12	3	5	19	5	32	0	NaN	0	0	0	0	0	0	0	0	0	NaN	NaN	NaN	NaN	0	0	0	0	0	0	0	0	9916	0	0	0	18000	18000	18000	18000	96	NaN	2.1179951455095516	4.730873222430112	0.365806392686485	0.28662180115231045	0.06062987358570835	0.10737900639988228	1.3986661934202522e-7	NaN	0.072701030545069	0.010531863538014729	0.06558073992666805	-0.00002760927667343174	NaN	415.1924660012579	2.8645086991070268	95318.68420507813	11.470000267028809	-10.718972858667366	96.65354503610399	96.3938502960205	96.91323895835876	-0.5193892021543449	0.0002771063886304748	-1	0	2.141778882589605	84.50539639854432	1.0000940885378256	-273.1499938964844	9.00050394264857	-273.1499938964844	126
DATA	2025-04-08T140000_AIU-0547.ghg	2025-04-08	14:30:00	98.604	1	18000	18000	0.058053865456599824	2	NaN	69.70108154658666	1	NaN	121.85887615611054	1	NaN	0.746728087304996	1	NaN	2.7270830543986944	1	NaN	0.002785947521409802	1	NaN	NaN	NaN	NaN	NaN	NaN	NaN	NaN	NaN	NaN	3.147005437793739e-10	2.1811948679263128e-12	1.7643519730483667e-12	NaN	16.63015070334475	415.31732558754175	416.5162975345826	0.1	1	115.26385983116366	2.8785715088166985	2.886881603951159	0.2	0	0.0932360613463328	2.1322117111721384	2.13836715393685	-0.1	0	NaN	NaN	NaN	NaN	9	280.47175522104897	281.7604248369005	94921.28252951389	1.172379477378142	1006.840933789763	0.02467893510989613	0.17671498192503537	0.0021018678174992015	273.3109925902229	1114.9029083559383	0.0017928220836820911	24.514331296637625	841.5919157657154	262.5604668642829	2.187283529744951	0.36813349885993424	0.2340543048120299	2.230361614195605	4.9599611962184935e-15	1.8923493201783162e-14	2.230361614195605	10.559012454000158	322.4462996492908	9.553700350709223	6.023713771678944	NaN	0.2225263617139239	3.3243510860102257	-13.268905361157879	-0.21855608439933424	0.5719819823161199	0.2653560406665027	0	34.45294195585382	-5.228366862101575	11.82658007783796	29.449856594071345	44.912889480256744	62.99096609755552	94.37194567101697	0.05756793106324356	1.0084410605762855	75.31916164723842	1.0133573755216454	111.365699183651	1.0942227009696714	0.6824278884392228	1.0942227009696714	2.4922559657938232	1.0942227009696714	-0.02727141585346501	1.151491108876934	NaN	NaN	800000009	800000009	800000009	800000009	800000009	800000109	899999999	899999999	89999	89999	89	89	8	22	1	39	3	30	0	NaN	0	0	0	0	0	0	0	0	0	NaN	NaN	NaN	NaN	0	0	0	0	0	0	0	0	10879	0	0	0	18000	18000	18000	18000	93	NaN	2.992100878803634	3.27939041275967	0.3772108804571472	0.2368428406133942	0.14778548076819847	0.09597078342462731	1.93542762906489e-7	NaN	0.06380818715950096	0.016890226342027005	0.06168383220797074	-0.00002727141585346501	NaN	415.31738164513774	2.8782783114574935	95310.6048624132	11.440789598464965	-10.652879139158463	96.5658445716434	96.30252005428738	96.82917050573562	-0.5266494209518037	0.0002774981405721823	-1	0	2.1296237171226076	84.52218851237828	1.0001041481528017	-273.1499938964844	9.000647995789846	-273.1499938964844	172
DATA	2025-04-08T143000_AIU-0547.ghg	2025-04-08	15:00:00	98.624	1	18000	18000	0.12859147898105555	1	NaN	102.34457280269002	1	NaN	146.93649229008574	1	NaN	3.010264199621983	1	NaN	3.2901614281914333	1	NaN	0.0003119125515942581	1	NaN	NaN	NaN	NaN	NaN	NaN	NaN	NaN	NaN	NaN	-1.616488485125459e-10	-1.1172700134568807e-12	-9.034522337090186e-13	NaN	16.596269225274458	415.27821794610867	416.4736149756801	0.1	1	114.70860517275683	2.870282742020201	2.878544979998419	0.3	0	0.09275622214931363	2.127028832350798	2.133151580518473	-0.1	0	NaN	NaN	NaN	NaN	9	280.8136283662584	282.3537426045735	94919.28419032118	1.1698949647314603	1006.847816810156	0.02473142350407437	0.21320246054680486	0.002091367522329991	272.51826383273965	1160.507933609809	0.001787654093211733	23.482671332117487	887.9896697770694	262.523918339574	1.7759550326997213	-0.016293684269756862	0.20932173701772464	1.7883224966169378	-3.4849366583589994e-14	-9.740071477411976e-15	1.7883224966169378	8.462832755704195	332.5256513435876	359.47434865641185	6.721834551688788	NaN	0.33153750113998615	2.834275895845685	-29.885544777855216	-0.09703687925236888	0.6965224989898274	0.26207250101984714	0	48.22615744220369	-7.318505449560597	16.55447925368638	41.22299403562817	62.867666918968006	88.17279674837987	132.09891671629148	0.12741605586504107	1.0092250784882204	108.93908820912421	1.0133404085890962	134.7914032679578	1.0901028457874584	2.761449721239335	1.0901028457874584	3.01821194294261	1.0901028457874584	-0.04148875234353578	1.1491307760022664	NaN	NaN	800000009	800000009	800000009	800000009	800000009	800000109	899999999	899999999	89999	89999	89	89	5	7	5	37	0	40	0	NaN	0	0	0	0	0	0	0	0	0	NaN	NaN	NaN	NaN	0	0	0	0	0	0	0	0	10048	0	0	0	18000	18000	18000	18000	93	NaN	1.9388806124981501	3.368472853673856	0.3611983255193637	0.34582962244856036	0.16738067422682076	0.1353560271458532	1.1550372871422536e-7	NaN	0.09248536855380844	0.06849122445367367	0.07485960365052914	-0.00004148875234353578	NaN	415.27774212062207	2.869801372138967	95310.73590212673	11.452286235332489	-10.711421916378859	96.49995932685005	96.23342145580716	96.76649498028226	-0.5330696201225122	0.0002781548536440823	-1	0	2.1244569856723152	84.61819657537673	1.0000644334761633	-314.5747456359904	9.00061616452535	-273.1499938964844	250
DATA	2025-04-08T150000_AIU-0547.ghg	2025-04-08	15:30:00	98.645	1	18000	18000	0.20597332313597627	1	NaN	77.6822871188204	0	NaN	146.8786694166973	0	NaN	1.2263274825159665	0	NaN	3.290664156243604	0	NaN	-0.008607022989196831	0	NaN	NaN	NaN	NaN	NaN	NaN	NaN	NaN	NaN	NaN	1.0827468703760366e-10	7.029596937177478e-13	6.044368742426476e-13	NaN	16.56417720030123	415.3358948686666	416.458882784258	0.2	0	107.54082279052284	2.696515699421655	2.703806556248779	0.2	0	0.09246851471271629	2.125876190786077	2.131624148768498	-0.1	0	NaN	NaN	NaN	NaN	9	281.0946265555488	282.92494534810385	94902.68614952257	1.1674056647105941	1006.7653460945088	0.024785789434011385	0.2132350373245855	0.0019604464834779684	255.97522735140166	1205.9580703900076	0.0016793189743206987	21.225881200713648	949.982843038606	261.7387416206417	1.5390650468660734	0.03439139834812907	0.1702983471697577	1.5488400543032126	6.220961825031682e-14	6.5366776585579275e-15	1.5488400543032126	9.505634827153424	330.7199019904882	1.280098009512097	6.312559214654407	NaN	0.42004381065766105	2.7517655634272757	-80.06238891000118	-0.03622175205463723	0.528887464921366	0.1573538448774652	0	57.12291487092151	-8.66862271327836	19.6084481803067	48.82780847393367	74.46548877234285	104.43890680332456	156.46851365193197	0.20395000791960685	1.0099206429899574	84.58087678103375	1.0135436002871239	134.9656810183282	1.0882667972219644	1.1268629031469413	1.0882667972219644	3.0237660145873546	1.0882667972219644	-0.04204867324200665	1.1482947628837783	NaN	NaN	800000009	800000009	800000009	800000009	800000009	800100119	899999999	899999999	89999	89999	89	89	2	11	1	18	17	31	0	NaN	0	0	0	0	0	0	0	0	0	NaN	NaN	NaN	NaN	0	0	0	0	0	0	0	0	11882	0	0	0	18000	18000	18000	18000	93	NaN	2.50813835820058	2.6156842539455494	0.37970851470842154	0.2870591610481085	0.10894461314143111	0.14299106833574762	2.0481518301037817e-7	NaN	0.07196513231069535	0.02800572477179062	0.07514912288117552	-0.00004204867324200665	NaN	415.3358966024778	2.69607320070558	95292.06020182293	11.479999542236328	-11.51533083221647	96.45377478302849	96.18595056025188	96.72159990734524	-0.535650815245178	0.00027891922687154464	-1	0	2.123452462474506	84.58459792221916	1.000088714187344	-299.43412000020095	9.000663192457623	-273.1499938964844	008
DATA	2025-04-08T153000_AIU-0547.ghg	2025-04-08	16:00:00	98.666	1	18000	18000	0.031057059810210536	1	NaN	83.57621059828257	1	NaN	132.5230011385787	1	NaN	0.7536969673830107	1	NaN	2.971241481753296	1	NaN	0.005197093724339332	1	NaN	NaN	NaN	NaN	NaN	NaN	NaN	NaN	NaN	NaN	8.45648995411365e-11	5.561906887274113e-13	4.699723771578146e-13	NaN	16.5377273383049	415.4995418890613	416.6381207849863	0.2	0	108.77006900248868	2.7327765730601263	2.7402651053439846	0.2	0	0.09190899619280121	2.1205889468463046	2.1263999227401253	-0.1	0	NaN	NaN	NaN	NaN	9	281.50181938001845	283.6992085486518	94898.57466623264	1.1641532006497588	1006.8002749787292	0.02485469595480414	0.19253644801761358	0.0019813010297869056	259.4061659627708	1270.0656411107134	0.0017019246510519964	20.424626693775586	1010.6594751479427	261.90522561550284	0.9896940355814384	0.09907223478537126	0.12029184377836057	1.001888077307306	7.948646226198488e-14	5.1134534879690615e-15	1.001888077307306	7.565859289316751	326.2835127169617	5.716487283038302	6.895862670410836	NaN	0.1633334370015084	1.9083152230532334	-4.375272206590185	-0.6628159033469782	0.6306543760723266	0.43657022549467706	1	8.506162103818447	4	7	11	17	28	66	0.03065849008780424	1.0130003050138743	89.53675263979325	1.0151026572942063	122.02984075996528	1.0859884788283354	0.6940193032214933	1.0859884788283354	2.735978824525786	1.0859884788283354	-0.029914859942891548	1.1484426447300378	NaN	NaN	800000009	800000009	800000009	800000009	800000009	800000109	899999999	899999999	89999	89999	89	89	9	5	2	19	16	43	0	NaN	0	0	0	0	0	0	0	0	0	NaN	NaN	NaN	NaN	0	0	0	0	0	0	0	0	11108	0	0	0	18000	18000	18000	18000	93	NaN	1.6623145095018443	1.871897602611606	0.28241833399301647	0.2635700178456296	0.10323547141346849	0.13717820275571396	6.534003870905184e-8	NaN	0.07639199943730608	0.017296920065582942	0.06818831523746083	-0.00002991485994289155	NaN	415.4996100128528	2.7324735722696496	95287.23895876737	11.479999542236328	-11.339400626884595	96.39564328320822	96.12748861206902	96.66379646152919	-0.5363031766331859	0.00027931332562649105	-1	0	2.118151571075122	84.56466528002423	1.0001386997964647	-273.1499938964844	9.000833547141816	-273.1499938964844	098
DATA	2025-04-08T160000_AIU-0547.ghg	2025-04-08	16:30:00	98.687	1	18000	18000	0.21511178530393846	1	NaN	79.14032386232287	0	NaN	138.5679075692609	0	NaN	0.4021512901109148	1	NaN	3.107774441442704	0	NaN	-0.007121647121736717	0	NaN	NaN	NaN	NaN	NaN	NaN	NaN	NaN	NaN	NaN	6.240212263183016e-10	4.0210251812423855e-12	3.476868990913937e-12	NaN	16.526069449154022	415.7924089903089	416.90941546321903	0.3	0	106.48955291804928	2.679254608987697	2.6864522986907895	0.2	0	0.09207856397523412	2.1277365086217395	2.1334525712563344	-0.1	0	NaN	NaN	NaN	NaN	9	281.77249174923367	284.03616343519417	94904.2036124132	1.1628646827744686	1006.7782746333993	0.024882740415213073	0.20138378380548722	0.0019403075415144243	254.34073085398438	1298.8891710430757	0.0016685583200317525	19.581403596562094	1044.5484401890913	261.6587283656031	1.3649157483283312	0.5080131807446762	0.20343327580361795	1.470529662927535	-1.188032587731942e-13	3.775980902405355e-14	1.470529662927535	8.049559277126598	311.58504540483136	20.414954595168673	7.951808529572489	NaN	0.4300980880296486	2.4977705595518525	-84.36938124185309	-0.034372659338188886	0.5711302512291013	0.15716914663711468	0	63.87967601156325	-9.693987284122057	21.92782563141131	54.603386271825734	83.27360933119036	116.79242112685618	174.97632921362566	0.21293793117527499	1.0102088628205659	85.59562922144174	1.013655968619733	127.38932086553314	1.0877513643041352	0.3697088354085239	1.0877513643041352	2.857063243888307	1.0877513643041352	-0.04056472397440371	1.1481124918125352	NaN	NaN	800000009	800000009	800000009	800000009	800000009	800000109	899999999	899999999	89999	89999	89	89	3	3	1	28	21	39	0	NaN	0	0	0	0	0	0	0	0	0	NaN	NaN	NaN	NaN	0	0	0	0	0	0	0	0	12611	0	0	0	18000	18000	18000	18000	93	NaN	2.883322138969938	1.811185139314678	0.30103384081908807	0.21541341279813536	0.07023518607687074	0.16829462812474819	1.6217359515049202e-7	NaN	0.07311198457820872	0.00922408929361873	0.0712825985076096	-0.00004056472397440371	NaN	415.7925595975968	2.678773376283033	95285.87296050348	11.479999542236328	-11.612527963572049	96.35480101860894	96.08536834716797	96.62423454666137	-0.5388629743390615	0.00027954929789929234	-1	0	2.1253462346990903	84.47888667064244	1.0001367492162518	-273.1499938964844	9.000843280818728	-273.1499938964844	116
DATA	2025-04-08T163000_AIU-0547.ghg	2025-04-08	17:00:00	98.708	1	18000	18000	0.175853467143504	1	NaN	63.38401438782099	0	NaN	131.72442171054243	0	NaN	0.7611819925734934	0	NaN	2.9538208261070844	0	NaN	0.0058847455132106504	0	NaN	NaN	NaN	NaN	NaN	NaN	NaN	NaN	NaN	NaN	3.615035345653928e-11	2.2937720838324557e-13	2.0131537339481043e-13	NaN	16.550815235450973	415.97080771800296	417.07161476702436	0.2	0	105.01639492235454	2.6393717770419127	2.6463564956886247	0.2	0	0.09216876822847807	2.128127902682977	2.133759687781898	-0.2	0	NaN	NaN	NaN	NaN	9	281.7285879219903	283.8703157162137	94927.19051150173	1.1638434652630805	1006.753442528368	0.024862189559677773	0.19140758953173906	0.0019130044891276729	250.61535439823786	1284.6311942087175	0.001643695691237351	19.508739592191446	1034.0158398104795	261.4746341682696	1.8557577420078863	-0.11858310294776332	0.2730348354911614	1.8794804523374808	-1.0905575113744019e-13	2.1842037955391545e-15	1.8794804523374808	7.715867792972227	335.65623496808746	356.34376503191265	8.352998104723282	NaN	0.3887122089133288	2.8384060282451617	-77.77784318225054	-0.03728568293163728	0.481186507139155	0.1391662306032227	0	56.61837140811972	-8.59205629625705	19.43525473652994	48.39653231052133	73.80776541124821	103.51644043743876	155.08649094045472	0.17428163888946768	1.0090188975961674	69.66800778298375	1.013308411453114	120.75026435924869	1.0908830917226326	0.6977667894471602	1.0908830917226326	2.70773362289689	1.0908830917226326	-0.02292271791432332	1.1495409364237912	NaN	NaN	800000009	800000009	800000009	800000009	800000009	800000109	899999999	899999999	89999	89999	89	89	4	4	2	12	23	38	0	NaN	0	0	0	0	0	0	0	0	0	NaN	NaN	NaN	NaN	0	0	0	0	0	0	0	0	13416	0	0	0	18000	18000	18000	18000	93	NaN	1.9920796967618326	3.3522642546080847	0.3324681051204059	0.2555479763683726	0.0869266792578067	0.1682829417303446	6.781014974811506e-8	NaN	0.059458739198124236	0.0173939315543366	0.0674983877369116	-0.00002292271791432332	NaN	415.9708621872154	2.63844741002124	95312.05990342882	11.450788135581547	-11.797615631779001	96.38737305323284	96.11808494292366	96.6566654671563	-0.538575179093414	0.00027922842896401163	-1	0	2.12576809489727	84.50462457550897	1.000132279968924	-273.1499938964844	9.000782587660684	-273.1499938964844	098
DATA	2025-04-08T170000_AIU-0547.ghg	2025-04-08	17:30:00	98.729	1	18000	18000	0.1854130755097772	0	NaN	74.99120948573444	0	NaN	149.92406281247253	0	NaN	1.6236320971105387	0	NaN	3.3623393915938875	0	NaN	0.00037537864574488063	0	NaN	NaN	NaN	NaN	NaN	NaN	NaN	NaN	NaN	NaN	-7.542756879472237e-11	-4.262337360186441e-13	-4.19255277570379e-13	NaN	16.553642496018714	415.85635383938154	416.8359028516878	0.3	0	93.54299758749131	2.3499631524177276	2.355498487067913	0.2	0	0.09201147657770921	2.1254186693030928	2.1304250897630217	-0.1	0	NaN	NaN	NaN	NaN	9	281.75356239827477	283.99619507683644	94957.16944574653	1.163822464845317	1006.6003073058463	0.02486536171676695	0.2178795925752839	0.0017030251646638578	223.20570576726067	1295.4404005381114	0.0014633032237354225	17.230102262870876	1072.2346947708506	260.03975572456045	1.8153300285187872	-0.5271463262006097	0.17959873520472114	1.8988317638369565	-2.9266170449005747e-15	-4.556554173068756e-15	1.8988317638369565	8.25202065164964	348.1925545032927	343.8074454967073	5.427365791071425	NaN	0.3991414318023636	2.319074928854575	-71.18698296229202	-0.040737784905649665	0.5001946190554792	0.16037613856832575	0	53.422747821704	-8.107108088223764	18.33830056954474	45.66496133265932	69.64194731823613	97.67382132960202	146.33318285231906	0.18376315628752177	1.0089785093790722	82.10028699559729	1.013304323916512	137.41194750262076	1.0910555125464119	1.4881296858316104	1.0910555125464119	3.0817308128956076	1.0910555125464119	-0.0328486607984661	1.1496338676907387	NaN	NaN	800000009	800000009	800000009	800000009	800000109	800010109	899999999	899999999	89999	89999	89	89	2	5	4	29	33	39	0	NaN	0	0	0	0	0	0	0	0	0	NaN	NaN	NaN	NaN	0	0	0	0	0	0	0	0	15114	0	0	0	18000	18000	18000	18000	93	NaN	1.6703966778876582	2.5624078966827164	0.40534528313877477	0.24861080885119105	0.09010036653233716	0.16718778949460406	5.6677609449267444e-8	NaN	0.07008109527418482	0.037090066589292384	0.07680889787283368	-0.0000328486607984661	NaN	415.85632397041127	2.349705229515319	95343.02926019965	11.462288686434428	-13.257431781411164	96.40561315663656	96.13666247155932	96.67456583150228	-0.537890094073862	0.0002791596526771577	-1	0	2.1233209325538747	84.49182427448699	1.0001370155165592	-273.1499938964844	9.000831349213918	-273.1499938964844	217
DATA	2025-04-08T173000_AIU-0547.ghg	2025-04-08	18:00:00	98.749	1	18000	18000	0.17186803594139108	0	NaN	72.28927337686837	0	NaN	168.42513516309313	0	NaN	2.668711211258818	0	NaN	3.7768594657501153	0	NaN	0.01518613851578493	1	NaN	NaN	NaN	NaN	NaN	NaN	NaN	NaN	NaN	NaN	-1.80785482402839e-10	-1.012404562859782e-12	-1.0034029801973935e-12	NaN	16.580968462929324	416.24946588231876	417.2220147814948	0.1	1	92.85396097845178	2.33101050452815	2.336456809895392	0.2	0	0.09202836947487664	2.124648269850037	2.1296124187687604	-0.2	0	NaN	NaN	NaN	NaN	9	281.67444587114124	283.884917690701	94994.8690952691	1.1647492542014326	1006.5878628351703	0.02484575459874002	0.24474049338060747	0.0016906232348214414	221.49343507389983	1285.8809749382851	0.001451491150325359	17.225033995431048	1064.3875398643854	259.9449919789763	1.021134472109501	-0.41690224854993774	0.11506631473369056	1.1089469562439809	3.150343888227683e-14	-1.0903191982243239e-14	1.1089469562439809	6.980029869175768	354.2088973297712	337.7911026702288	5.955832343743613	NaN	0.38413275097451727	1.94119575797463	-65.84480165732515	-0.044042960522417775	0.4292071566804303	0.16051232755609524	0	54.56762650356389	-8.280847845166226	18.731300372806096	46.643586410354736	71.13441230925379	99.76702470036953	149.46918293332314	0.16980621124063197	1.0121422219228324	80.36835872669455	1.0146154703570014	155.06864297214491	1.086132772783389	2.4570764073528677	1.086132772783389	3.4773460118244186	1.086132772783389	-0.019317302165929716	1.1480903052247733	NaN	NaN	800000009	800000009	800000009	800000009	800000009	800000109	899999999	899999999	89999	89999	89	89	3	17	2	33	8	47	0	NaN	0	0	0	0	0	0	0	0	0	NaN	NaN	NaN	NaN	0	0	0	0	0	0	0	0	11910	0	0	0	18000	18000	18000	18000	93	NaN	1.4953419797805432	2.0309986500661	0.35605088610261676	0.16260124443784787	0.22555260242203834	0.14539291148457467	1.3554469753936268e-7	NaN	0.06854897555747574	0.061190591619860735	0.08659920346544656	-0.000019317302165929717	NaN	416.2491344733996	2.3303917047977256	95380.22840277778	11.489999771118164	-13.33870887426534	96.40412712457444	96.13481516647339	96.67344152556525	-0.538616393549575	0.0002793031515870503	-1	0	2.1225480388932754	84.36850344000922	1.0001411711623271	-273.1499938964844	9.000863697475857	-273.1499938964844	112
DATA	2025-04-08T180000_AIU-0547.ghg	2025-04-08	18:30:00	98.77	1	18000	18000	0.11703256280632748	0	NaN	47.772619604697546	0	NaN	151.89001782816842	0	NaN	1.8333633555678908	0	NaN	3.401331788011228	0	NaN	-0.007998108766693657	0	NaN	NaN	NaN	NaN	NaN	NaN	NaN	NaN	NaN	NaN	1.99454854200906e-10	1.0987981968286631e-12	1.1047733599501573e-12	NaN	16.69292429433069	416.55424982505474	417.51235730645783	0.1	1	91.96143752877703	2.2948002966528334	2.3000785175171563	0.2	0	0.09246151533351628	2.1203389466335127	2.1252158926945195	-0.2	0	NaN	NaN	NaN	NaN	9	281.60584308454725	282.43133477952756	95037.16509157987	1.1712811618312813	1006.5395981650307	0.02470753536360517	0.22040629986312757	0.0016736716732629422	218.14981533166903	1166.5919111388407	0.0014289239234806616	18.69975380839977	948.4420958071717	259.7580436811038	0.7779559393763881	-0.22965641563230205	0.10915358490565245	0.8184570959737141	2.6947949265744272e-14	1.1948466948277335e-14	0.8184570959737141	6.773383380284727	348.4468593571711	343.5531406428289	7.664090212617431	NaN	0.31609875004236665	1.6363356318735638	-55.5346173414504	-0.05221968096348929	0.31452112711410835	0.12819298326181391	0	54.1417953144848	-8.216226319356231	18.58512630547281	46.279592314647864	70.57929834665339	98.98846947484095	148.30276533414425	0.11530352157723357	1.0149955630621026	55.20294437713394	1.0163010509785813	139.8229705312319	1.0863023239392642	1.6877100556312492	1.0863023239392642	3.131109740865655	1.0863023239392642	-0.032207441724110074	1.1496540608308898	NaN	NaN	800000009	800000009	800000009	800000009	800000009	800010109	899999999	899999999	89999	89999	89	89	17	5	0	18	17	21	0	NaN	0	0	0	0	0	0	0	0	0	NaN	NaN	NaN	NaN	0	0	0	0	0	0	0	0	17702	0	0	0	18000	18000	18000	18000	93	NaN	1.2260393040142268	1.800764540201818	0.24586741953108265	0.12669980464427996	0.19672816989605374	0.16396096539625987	6.377058501945456e-8	NaN	0.04682418413286128	0.04179509300205644	0.07753999117471504	-0.000032207441724110074	NaN	416.5538540483084	2.2945426460278897	95419.9557703993	11.477190088748932	-13.548965113215944	96.53975234180025	96.27169591013589	96.80780626254611	-0.5361128706170452	0.00027774891282832765	-1	0	2.118276822586854	83.95288766437108	1.0001056761956877	-273.1499938964844	9.00068059621917	-273.1499938964844	250
DATA	2025-04-08T183000_AIU-0547.ghg	2025-04-08	19:00:00	98.791	0	18000	18000	0.11990467854786489	1	NaN	51.815302789551545	0	NaN	143.39016156562604	0	NaN	2.167975086336668	0	NaN	3.208631579178893	0	NaN	0.0067482738490350375	0	NaN	NaN	NaN	NaN	NaN	NaN	NaN	NaN	NaN	NaN	3.0844692913388604e-10	1.632068332678632e-12	1.6959662807891378e-12	NaN	16.75479808191201	416.52093468436976	417.44093877865583	0.1	1	88.65374489769607	2.2039143955976663	2.20878236284388	0.2	0	0.09212467333730232	2.105024652205671	2.109674193530814	-0.1	0	NaN	NaN	NaN	NaN	9	281.12734938769864	281.66237377421055	95076.07769444445	1.1750001542626434	1006.4760300983859	0.024630180717852862	0.20791932633079224	0.0016124338893033982	209.59574307020455	1107.5203815506966	0.0013722839809457395	18.92477525124537	897.924638480492	259.2678711748903	0.8473214575454413	-0.4279329161007953	0.11090747951809982	0.9557095281059796	-1.5226370177732645e-14	1.8409468596752375e-14	0.9557095281059796	9.051511409700858	358.7956926245479	333.20430737545206	6.664033525807104	NaN	0.3194472124419543	1.5994360725112349	-52.86012908649096	-0.05486176538189972	0.3613588423626749	0.13715687377311625	0	52.863247618075	-8.022201773757462	18.14624225503959	45.186708973765235	68.91258229501202	96.65087651393057	144.8006251134921	0.11831561321592975	1.0134307323331457	58.755728733041565	1.0153548300822663	132.0360467651228	1.0859925382399622	1.9963075343503232	1.0859925382399622	2.954561349361601	1.0859925382399622	-0.018956808677360115	1.148666119604829	NaN	NaN	800000009	800000009	800000009	800000009	800001009	801011109	899999999	899999999	89999	89999	89	89	5	11	0	59	41	33	0	NaN	0	0	0	0	0	0	0	0	0	NaN	NaN	NaN	NaN	0	0	0	0	0	0	0	0	18000	0	0	0	18000	18000	18000	18000	96	NaN	1.366540482591063	1.5657681742707847	0.2665634881606224	0.10287877979341103	0.16091399668694822	0.15073349382000692	5.001818199057877e-8	NaN	0.049683119574727506	0.04927804907323393	0.07293215932839905	-0.000018956808677360115	NaN	416.51976690499527	2.2034637738643883	95460.11776280381	11.470000267028809	-14.036117847575111	96.64551956763798	96.37932611529033	96.91171125072904	-0.5324027959042122	0.00027651731423167	-1	0	2.1030572669638525	83.8797853802575	1.0000817059874534	-326.0008711157979	9.000639572223028	-273.1499938964844	030
DATA	2025-04-08T190000_AIU-0547.ghg	2025-04-08	19:30:00	98.812	0	18000	18000	0.24132057191159229	0	NaN	43.695164309945405	0	NaN	122.32416382858892	0	NaN	2.418072630183752	0	NaN	2.7355070455270596	0	NaN	0.004052556656356829	0	NaN	NaN	NaN	NaN	NaN	NaN	NaN	NaN	NaN	NaN	-9.140920309849785e-11	-4.706234297721681e-13	-5.040933477194376e-13	NaN	16.81156519087574	416.63114884365297	417.52676036899777	0.1	1	86.5549222811062	2.145039816258291	2.1496509030363593	0.2	0	0.09271055747352186	2.111850468365014	2.1163902096314127	-0.2	0	NaN	NaN	NaN	NaN	9	280.5220365168253	280.99977316453726	95123.08975998264	1.1783794422387954	1006.4319966655409	0.024560094925268006	0.17726085655015344	0.001573838304325612	204.09754730582193	1058.7511081893188	0.001335595520349105	19.277197986113144	854.6535608834968	258.94329746779556	0.7898474811744883	-0.5011906850297564	0.1064402880161936	0.9414779239001128	4.922714715284694e-16	-5.437280946815649e-15	0.9414779239001128	6.126058081086539	4.396805630813844	327.60319436918616	6.491545064507105	NaN	0.4525375218769724	1.1996182197328642	-178.26386683543967	-0.016268019153186385	0.3572079541959903	0.08141589280739364	0	71.62645839077912	-10.869591397445765	24.58704533667697	61.22521933402735	93.37232256360872	130.95601002558058	196.19596632773099	0.23808922893230308	1.0135719830492962	49.60018388005457	1.0154385286334011	112.63705759739632	1.086002834571706	2.226580404034933	1.086002834571706	2.5188765244852043	1.086002834571706	-0.017683255495030213	1.1487443273045523	NaN	NaN	800000009	800000009	800000009	800000009	800000009	800111109	899999999	899999999	89999	89999	89	89	7	3	5	58	15	30	0	NaN	0	0	0	0	0	0	0	0	0	NaN	NaN	NaN	NaN	0	0	0	0	0	0	0	0	18000	0	0	0	18000	18000	18000	18000	100	NaN	0.806337645192543	1.3425689944906798	0.25032979978250525	0.08456945724959634	0.2752209710197832	0.13240069316729608	7.794536344497253e-8	NaN	0.04182285668824277	0.05480261139788093	0.06199686796868165	-0.000017683255495030213	NaN	416.6306492235205	2.1448335680038064	95506.99516579861	11.450525376849704	-14.349492213951233	96.71890805392795	96.45258342912462	96.98522831916809	-0.5326428272707595	0.0002755839884501054	-1	0	2.109920435898834	83.88219301435683	1.0001046394705773	-273.1499938964844	9.00060075516171	-273.1499938964844	088
DATA	2025-04-08T193000_AIU-0547.ghg	2025-04-08	20:00:00	98.833	0	18000	18000	0.09281230571789573	0	NaN	37.23109410790194	0	NaN	119.31400197491763	0	NaN	3.272412240096159	0	NaN	2.6665608448038074	0	NaN	-0.011659371236169426	0	NaN	NaN	NaN	NaN	NaN	NaN	NaN	NaN	NaN	NaN	6.274631725679931e-11	3.162243411843746e-13	3.475244173766235e-13	NaN	16.870432480269827	416.87310385479964	417.75076765891964	0.1	1	85.02238266407113	2.1009268493711404	2.105350035788653	0.2	0	0.09343794942741637	2.122066681301395	2.1265343744648186	-0.1	0	NaN	NaN	NaN	NaN	9	279.91376679823134	280.3594791564941	95166.90106119792	1.1816343604097626	1006.3965664634202	0.024492850809633704	0.17279314274328672	0.0015457042044057438	199.99232905002663	1013.4332036498406	0.0013081070220992308	19.734140181095505	813.4408745998139	258.6958267165045	0.551429800669306	-0.6290750912012917	0.062579196794202	0.8388840511700858	-4.446132407373331e-14	3.719306978655223e-15	0.8388840511700858	6.00356094622653	20.763092269607114	311.23690773039283	4.278133212716682	NaN	0.28026006948262594	0.9986001166231363	-49.710203358153244	-0.0583381238476538	0.31204295800696313	0.11171006796001205	0	51.89358998894417	-7.875052487573783	17.81339016903496	44.35786021652875	67.6485356430122	94.87803311144029	142.14458264219672	0.0914649606000849	1.0147307243011001	43.02400392836507	1.0161383887489501	109.84296051781283	1.086223472241254	3.0126510094134153	1.086223472241254	2.4548915696894045	1.086223472241254	-0.030290938501460214	1.1494708901526929	NaN	NaN	800000009	800000009	800000009	800000009	800000009	800110109	899999999	899999999	89999	89999	89	89	10	27	10	44	8	14	0	NaN	0	0	0	0	0	0	0	0	0	NaN	NaN	NaN	NaN	0	0	0	0	0	0	0	0	18000	0	0	0	18000	18000	18000	18000	100	NaN	0.708662291852529	1.0736434820608276	0.21489445933291607	0.07557005657766643	0.4105725148925659	0.12727095675372513	7.934159606768581e-8	NaN	0.03617916729922485	0.07394380390916583	0.06025391599630442	-0.000030290938501460214	NaN	416.872872720156	2.100650652738029	95551.74862521702	11.456143283208212	-14.600624119162545	96.78215749359131	96.51665061865913	97.04766692627801	-0.5310131973110966	0.0002746929488979125	-1	0	2.1201634450157485	83.92095873514812	1.0000942847894299	-273.1499938964844	9.000513342539469	-273.1499938964844	091
DATA	2025-04-08T200000_AIU-0547.ghg	2025-04-08	20:30:00	98.854	0	18000	18000	0.24721718825537436	0	NaN	46.43118079119508	0	NaN	146.6633236683346	0	NaN	5.930184426242611	0	NaN	3.276421256109155	0	NaN	0.007674034964722406	0	NaN	NaN	NaN	NaN	NaN	NaN	NaN	NaN	NaN	NaN	1.4249499842529423e-10	6.344123639927475e-13	7.891974818424491e-13	NaN	16.895411649812132	416.5427723092702	417.316694642724	0.1	1	75.22129312494701	1.8545204239105992	1.8579660599156456	0.3	0	0.09357392523298862	2.1205783276874226	2.124518290247658	-0.1	0	NaN	NaN	NaN	NaN	9	279.45019862959117	279.9206341807047	95221.06454340278	1.1842708574149041	1006.2563865527603	0.02444060212661862	0.21231209739587323	0.0013673336867204048	176.63677722185685	983.3701132459333	0.0011545785139939193	17.962390237670494	806.7333360240765	257.195025114497	1.1453963086135615	-0.7413071120823994	0.10272771402375386	1.3682185210844031	7.075416524139331e-14	8.433946528132015e-15	1.3682185210844031	7.434043465889124	4.911177614852363	327.08882238514764	4.305897350591994	NaN	0.45689226972396996	2.1133201107315958	-172.76501264113418	-0.01678580608229892	0.3165834486077436	0.08527784677833133	0	63.14764397796397	-9.582898598825707	21.676542722799393	53.97765629963965	82.31933164241767	115.45403309979419	172.97118006285663	0.244613768818153	1.0106429799508005	53.61702917083947	1.013845555674975	134.9055854964048	1.0871553103503129	5.454772073303615	1.0871553103503129	3.0137563832102305	1.0871553103503129	-0.016798179618888572	1.14795674718709	NaN	NaN	800000009	800000009	800000009	800000009	800011009	800011109	899999999	899999999	89999	89999	89	89	6	16	2	55	20	23	0	NaN	0	0	0	0	0	0	0	0	0	NaN	NaN	NaN	NaN	0	0	0	0	0	0	0	0	18000	0	0	0	18000	18000	18000	18000	100	NaN	1.4900360997336175	2.3869635685150237	0.34964055321455073	0.06097382899153735	0.984949867249453	0.12757783971327266	5.3093182545386717e-8	NaN	0.04499280348412733	0.13356568066070168	0.07379491154892912	-0.000016798179618888574	NaN	416.542330494496	1.8543007416401052	95606.06455034722	11.470000267028809	-16.129380802260556	96.80355454762777	96.53584062533909	97.07126822874281	-0.535427981244193	0.0002737653882423829	-1	0	2.118906012826496	83.8802899055481	1.000085978994767	-273.1499938964844	9.000471604188283	-273.1499938964844	009
DATA	2025-04-08T203000_AIU-0547.ghg	2025-04-08	21:00:00	98.874	0	18000	18000	0.13740902253857762	1	NaN	39.91622264257978	0	NaN	153.10897554191817	0	NaN	6.004231831558318	0	NaN	3.419398284305224	0	NaN	0.0077783763946622664	0	NaN	NaN	NaN	NaN	NaN	NaN	NaN	NaN	NaN	NaN	9.806632628240069e-11	4.751099521996102e-13	5.421214792757475e-13	NaN	16.95621854132943	417.2848493585871	418.13016389416254	0.1	1	82.14917888795166	2.0216540411788584	2.025749405651209	0.2	0	0.0937358482470048	2.1212766376453165	2.1255738125332484	-0.1	0	NaN	NaN	NaN	NaN	9	279.13912336519036	279.60883744812014	95284.67996223958	1.186308500364182	1006.3405530557361	0.024397079105108133	0.2215770088229785	0.0014932199993812091	192.68432997950268	962.4914471540419	0.0012587113713867929	20.019329059935483	769.8071171745393	258.2438432578	1.753382573698247	-0.4440825453606273	0.15936279759275593	1.815752256806753	3.8820660448934676e-14	5.7835021436750085e-15	1.815752256806753	6.637218058114421	346.21254612028974	345.7874538797102	5.03514671018265	NaN	0.34033671604897275	2.009235713406989	-83.1030610174442	-0.03489642817598812	0.2607046549772748	0.09824218567605743	0	54.51639816824969	-8.273073747642112	18.713715343039286	46.5997971998284	71.06763100026797	99.6733629649756	149.32886058630024	0.1361617742492855	1.009160047275887	47.51791311840954	1.0133284993697076	140.4242752836075	1.0903312495841053	5.506796062066978	1.0903312495841053	3.1361095865219997	1.0903312495841053	-0.015042955294360835	1.1492490905942312	NaN	NaN	800000009	800000009	800000009	800000009	800001009	800011109	899999999	899999999	89999	89999	89	89	5	6	3	76	55	34	0	NaN	0	0	0	0	0	0	0	0	0	NaN	NaN	NaN	NaN	0	0	0	0	0	0	0	0	17801	0	0	0	18000	18000	18000	18000	100	NaN	1.4743861565509941	2.2639377525051327	0.28014751775785157	0.08885130189889912	1.7245163477934473	0.18748541662625318	4.5669456769145306e-8	NaN	0.03980290250187096	0.13462197119783426	0.07666694928803076	-0.000015042955294360834	NaN	417.2829314552837	2.021406770812249	95670.33011631944	11.463594564861722	-15.13006727520632	96.82564257134331	96.5587127732171	97.09257311164008	-0.5338614274577962	0.00027347213298586817	-1	0	2.119450993365711	83.86096373621623	1.000077408661445	-273.1499938964844	9.000493635574976	-273.1499938964844	063
DATA	2025-04-08T210000_AIU-0547.ghg	2025-04-08	21:30:00	98.895	0	18000	18000	0.06998674570836991	0	NaN	46.014025691459715	0	NaN	143.1118408462109	0	NaN	2.867166056953958	0	NaN	3.1944051677380685	0	NaN	-0.015367140900165563	0	NaN	NaN	NaN	NaN	NaN	NaN	NaN	NaN	NaN	NaN	-5.3339023806350264e-11	-3.203813500517481e-13	-2.9444824489063043e-13	NaN	17.058134939643132	418.81158919866374	419.8678068752494	0.3	0	102.4598485560794	2.515595764405634	2.521939945851504	0.2	0	0.09416628831305084	2.125851271527261	2.1312125407678653	-0.1	0	NaN	NaN	NaN	NaN	9	278.59291994306784	279.04230857001414	95344.00315538194	1.1892347694806604	1006.5961700702225	0.02433249786743553	0.20699745486942683	0.0018629832702852906	239.91130691000373	925.5547929023585	0.0015665395244867054	25.92081082068506	685.6434859923547	260.93176890943886	2.1233532285022676	-0.1746533814608277	0.21995107293339866	2.14184761622562	2.600219226490935e-14	-3.1268965801407918e-15	2.14184761622562	6.202275783729368	336.7021969505949	355.29780304940516	5.894221324813185	NaN	0.24259067386366653	0.8537939458356424	-26.12126640807987	-0.11102065093991643	0.3215249375550046	0.15845037012546756	0	48.89212478400498	-7.41956856299739	16.78308429145441	41.79225290291193	63.73582260965205	89.39039744858236	133.92310444109228	0.06939278505478187	1.0085594007088652	52.98120615297448	1.0133227386795858	130.89411584455445	1.0933405212512823	2.622390738498018	1.0933405212512823	2.921692835533257	1.0933405212512823	-0.038026104786122346	1.150950802674184	NaN	NaN	800000009	800000009	800000009	800000009	800000009	800111109	899999999	899999999	89999	89999	89	89	28	16	11	53	16	8	0	NaN	0	0	0	0	0	0	0	0	0	NaN	NaN	NaN	NaN	0	0	0	0	0	0	0	0	17901	0	0	0	18000	18000	18000	18000	100	NaN	0.6105667229304195	0.9101518592669884	0.18686930947387698	0.13459287573867695	2.4907018574912985	0.24896473221484175	1.0801575713441204e-7	NaN	0.04425873219932372	0.0639702835925306	0.07127142287208339	-0.00003802610478612234	NaN	418.8103575369726	2.5152857049211614	95727.72314409722	11.460000038146973	-12.426305816094063	96.86961677127414	96.60280718655056	97.13642848502265	-0.533623052732812	0.0002728385553346015	-1	0	2.1235727438198184	83.75447012074788	1.0000518467608426	-273.1499938964844	9.00027115170161	-273.1499938964844	132
DATA	2025-04-08T213000_AIU-0547.ghg	2025-04-08	22:00:00	98.916	0	18000	18000	0.10362116385642138	1	NaN	64.2584693074045	0	NaN	137.92258076780908	0	NaN	2.525614159518996	0	NaN	3.0775164708701612	0	NaN	0.005864330073475246	0	NaN	NaN	NaN	NaN	NaN	NaN	NaN	NaN	NaN	NaN	-1.4065566451579756e-10	-8.084521971118743e-13	-7.704360182002768e-13	NaN	17.085993356959857	418.62346298434227	419.6331586287193	0.3	0	98.20584842298814	2.4061388467882274	2.4119423148882926	0.3	0	0.09358787457474971	2.109125894018059	2.114212984009267	-0.1	0	NaN	NaN	NaN	NaN	9	278.21500492943653	278.6813282385932	95401.08373719618	1.1915374591395929	1006.5310588912641	0.024286480532634658	0.19942306731238643	0.0017852987263330135	229.6098274948261	902.6776885469872	0.0014983152335153397	25.43652406701467	673.0678610521611	260.38853129877947	1.7596127410491247	-0.008682774507581828	0.21032235609586536	1.7721591019176524	1.1949233196881681e-14	-8.232220484769325e-15	1.7721591019176524	6.767046925971453	332.28272260391213	359.7172773960881	6.8160096119871465	NaN	0.29489701930265977	1.4767668248284203	-33.61386216405258	-0.08627393025670597	0.4659024573763075	0.18168752649799297	0	50.560888001182775	-7.672809819333817	17.3559167028111	43.218686601906896	65.91122400317774	92.44142883431384	138.49410542762882	0.10266997198523428	1.0092645576188908	70.73245815895572	1.0133484590341597	126.53804266635574	1.0899692919343718	2.317142490351064	1.0899692919343718	2.8234891511562528	1.0899692919343718	-0.023358749171542768	1.1490623185508722	NaN	NaN	800000009	800000009	800000009	800000009	800000009	800011109	899999999	899999999	89999	89999	89	89	10	8	3	63	37	21	0	NaN	0	0	0	0	0	0	0	0	0	NaN	NaN	NaN	NaN	0	0	0	0	0	0	0	0	17802	0	0	0	18000	18000	18000	18000	100	NaN	1.436597180403411	1.2630198708153224	0.25391659843810716	0.13944796124782743	2.3609587263227727	0.2205019494837492	1.3964422284439996e-7	NaN	0.05897716204157955	0.05641100510287893	0.06873805196574995	-0.000023358749171542767	NaN	418.62165241312465	2.40577295816511	95786.14634830729	11.42105118640264	-12.955711118684755	96.89288060675727	96.62515684827169	97.16060372204251	-0.5354561914304892	0.00027245058371530226	-1	0	2.1069584642847383	83.79187623903486	1.0000495274381505	-273.1499938964844	9.000254617797005	-273.1499938964844	031
DATA	2025-04-08T220000_AIU-0547.ghg	2025-04-08	22:30:00	98.937	0	18000	18000	0.20028588379512566	0	NaN	48.59490647328483	0	NaN	152.6859160288151	0	NaN	5.271853256687393	0	NaN	3.4060412446657735	0	NaN	0.012726596344937027	1	NaN	NaN	NaN	NaN	NaN	NaN	NaN	NaN	NaN	NaN	-2.7564698489838313e-11	-1.473168440145062e-13	-1.5197334632002186e-13	NaN	17.0987318841632	418.33015418763205	419.26752095244194	0.2	0	91.38250573478008	2.2357247293578215	2.240734394655876	0.2	0	0.09427099314084955	2.121627510158773	2.126381513893434	-0.2	0	NaN	NaN	NaN	NaN	9	277.8953210923936	278.4056249762641	95441.33344552951	1.1932975977423972	1006.4347238619997	0.024252221574143137	0.2207114726543421	0.0016611987561694535	213.4377864606104	885.5428792836427	0.0013921076848828655	24.10247899382018	672.1050928230324	259.49019787059694	1.6634539624181017	-0.15513164101355711	0.11686661108487502	1.6747545240764408	-3.1815198235349454e-14	-1.6120902226304083e-15	1.6747545240764408	6.42279365376411	337.3279225756347	354.67207742436534	4.0014280823016	NaN	0.40968568317778115	1.3904199971646298	-119.21104452960238	-0.024326605067870828	0.3182671181283933	0.09876557228199848	0	65.03124834726856	-9.868742828859844	22.32312314943147	55.587732984152254	84.77480017603389	118.89786263168452	178.13066424953288	0.19839634567481598	1.009524057078182	56.02931747516286	1.013413063668179	140.18290568177912	1.0891906918766423	4.840156361971981	1.0891906918766423	3.1271303271948354	1.0891906918766423	-0.013107260008068264	1.1486869967813145	NaN	NaN	800000009	800000009	800000009	800000009	800010009	800011109	899999999	899999999	89999	89999	89	89	2	8	1	58	36	11	0	NaN	0	0	0	0	0	0	0	0	0	NaN	NaN	NaN	NaN	0	0	0	0	0	0	0	0	17801	0	0	0	18000	18000	18000	18000	100	NaN	0.929938927099082	1.5896949127219988	0.26120615450817863	0.13093644253019807	2.1504542490436345	0.19545982529681757	1.0475811667128101e-7	NaN	0.04665314796005589	0.11764764284290563	0.0760098402496953	-0.000013107260008068265	NaN	418.32939467995493	2.2355127463487547	95826.6063374566	11.432286731243133	-13.853977499617457	96.91525943925646	96.64760548973084	97.18291352420383	-0.5353184028665223	0.00027188699196429103	-1	0	2.1195940451754463	83.8052551750607	1.000061536318726	-273.14999389862817	9.000361430486043	-273.1499938964844	173
DATA	2025-04-08T223000_AIU-0547.ghg	2025-04-08	23:00:00	98.958	0	18000	18000	0.09638208496624917	1	NaN	77.33992797682146	1	NaN	197.61878082759154	1	NaN	5.5589791529178	1	NaN	4.407673273889005	1	NaN	0.002886873611225248	1	NaN	NaN	NaN	NaN	NaN	NaN	NaN	NaN	NaN	NaN	2.187812662316728e-10	1.267931046355326e-12	1.204118844698255e-12	NaN	17.120513965911677	418.5590025795488	419.57678194000465	0.2	0	99.2207036774009	2.425728506115115	2.43162697297971	0.2	0	0.09422714226109305	2.1191334507699575	2.124286392828193	-0.2	0	NaN	NaN	NaN	NaN	9	277.76131568174003	278.2370432942709	95472.39477235243	1.1943233146980572	1006.5340566824931	0.024229650711751698	0.2856172281480075	0.001804055244095712	231.652231141674	875.2077567802129	0.0015105250160437538	26.468256176555784	643.5555256385389	260.4979390099296	2.982976408691265	0.40357655719383756	0.36781668804256834	3.032542070331052	3.740149223526216e-14	1.277889592960141e-14	3.032542070331052	8.491537754409014	324.29505191831413	7.704948081685873	6.966551518493128	NaN	0.28407773934507524	1.6718548653248815	-24.979012248295835	-0.11609746499074836	0.39135920003623087	0.226472865742689	0	47.39301033377355	-7.192072161554208	16.26848681196417	40.51083241829888	61.78157551784281	86.64953811552799	129.81679771021413	0.095625119787167	1.0079159658128214	86.59519790723745	1.0141326007563862	179.14692344591342	1.1031101010632482	5.039369277427248	1.1031101010632482	3.9956784636824616	1.1031101010632482	-0.03394572952916732	1.157453453514911	NaN	NaN	800000009	800000009	800000009	800000009	800001019	800001019	899999999	899999999	89999	89999	89	89	8	3	1	61	14	7	0	NaN	0	0	0	0	0	0	0	0	0	NaN	NaN	NaN	NaN	0	0	0	0	0	0	0	0	17901	0	0	0	18000	18000	18000	18000	100	NaN	1.6041526776833162	1.4625596316774994	0.2769974212889476	0.2289646327834253	3.636042003738411	0.2888075969370467	8.8857215226237e-8	NaN	0.07203497746647698	0.12239914413483141	0.0970493721076133	-0.00003394572952916732	NaN	418.55865012138247	2.425464975759697	95855.31656032985	11.460000038146973	-12.904319059530854	96.91905885950725	96.65119409010146	97.18692594867282	-0.5357365103794469	0.00027158153412811865	-1	0	2.1169410394999715	83.72459043587578	1.0000512145145073	-273.1499938964844	9.000274326297973	-273.1499938964844	081
DATA	2025-04-08T230000_AIU-0547.ghg	2025-04-08	23:30:00	98.979	0	18000	18000	0.06523756262976468	0	NaN	83.4702314742028	0	NaN	132.00277054975896	0	NaN	1.9999401358952194	1	NaN	2.9419558307994866	0	NaN	0.003100058500440547	0	NaN	NaN	NaN	NaN	NaN	NaN	NaN	NaN	NaN	NaN	1.040232507952044e-10	7.259857233406924e-13	5.627204205815479e-13	NaN	17.301810835053146	421.9053126476715	423.15128474442724	0.2	0	120.75057795414484	2.944507417738972	2.9532031463093698	0.3	0	0.09359525101836497	2.09769867583118	2.103893606160654	-0.1	0	NaN	NaN	NaN	NaN	9	276.9682737248738	277.44368175760917	95508.35914496527	1.1979544586523099	1006.8003764355648	0.024151464759557213	0.19063873783580673	0.0021969692151190172	281.30050760696884	827.9868265108073	0.0018339338355070625	33.97403178410317	546.6863189038385	262.9236421837463	2.049510788816683	-0.15356640624809267	0.26698698551144073	2.072524828569437	1.0449481269227655e-13	6.012275350072331e-15	2.072524828569437	5.168842996084174	336.2850694853156	355.71493051468445	7.401530866819729	NaN	0.23336123218712898	0.8894944923251624	-12.834185928949866	-0.22595901415597516	0.6323369663119183	0.2965645465175311	0	51.93063807345866	-7.880674677331283	17.826107577574486	44.38952836194968	67.69683156291903	94.9457688258133	142.24606308539072	0.06467720988209434	1.0086638361285507	89.3577397760272	1.0133053619164518	120.80766455107569	1.0926688388545922	1.830325954926736	1.0926688388545922	2.6924496482241036	1.0926688388545922	-0.03135738575023378	1.1505481826779123	NaN	NaN	800000009	800000009	800000009	800000009	800000019	800100019	899999999	899999999	89999	89999	89	89	2	17	6	36	7	1	0	NaN	0	0	0	0	0	0	0	0	0	NaN	NaN	NaN	NaN	0	0	0	0	0	0	0	0	16405	0	0	0	18000	18000	18000	18000	100	NaN	0.5976755765561349	1.0325879451983904	0.14872546289579958	0.3795751774979065	10.886420832902926	0.3400958333626255	2.4388626274320914e-7	NaN	0.07408810686805836	0.04433563442108371	0.06521869122793347	-0.000031357385750233776	NaN	421.90362009060874	2.9441701261614703	95889.00307899306	11.460000038146973	-10.45061045135374	96.97300366550022	96.70470540364583	97.24130270173814	-0.5365980761067733	0.0002710288497716344	-1	0	2.095053854677412	83.72663030645582	1.0000593047440052	-273.1499938964844	9.000377837790383	-273.1499938964844	041
