DATAH	filename	date	time	DOY	daytime	file_records	used_records	Tau	qc_Tau	rand_err_Tau	H	qc_H	rand_err_H	LE	qc_LE	rand_err_LE	co2_flux	qc_co2_flux	rand_err_co2_flux	h2o_flux	qc_h2o_flux	rand_err_h2o_flux	ch4_flux	qc_ch4_flux	rand_err_ch4_flux	none_flux	qc_none_flux	rand_err_none_flux	H_strg	LE_strg	co2_strg	h2o_strg	ch4_strg	none_strg	co2_v-adv	h2o_v-adv	ch4_v-adv	none_v-adv	co2_molar_density	co2_mole_fraction	co2_mixing_ratio	co2_time_lag	co2_def_timelag	h2o_molar_density	h2o_mole_fraction	h2o_mixing_ratio	h2o_time_lag	h2o_def_timelag	ch4_molar_density	ch4_mole_fraction	ch4_mixing_ratio	ch4_time_lag	ch4_def_timelag	none_molar_density	none_mole_fraction	none_mixing_ratio	none_time_lag	none_def_timelag	sonic_temperature	air_temperature	air_pressure	air_density	air_heat_capacity	air_molar_volume	ET	water_vapor_density	e	es	specific_humidity	RH	VPD	Tdew	u_unrot	v_unrot	w_unrot	u_rot	v_rot	w_rot	wind_speed	max_wind_speed	wind_dir	yaw	pitch	roll	u*	TKE	L	(z-d)/L	bowen_ratio	T*	model	x_peak	x_offset	x_10%	x_30%	x_50%	x_70%	x_90%	un_Tau	Tau_scf	un_H	H_scf	un_LE	LE_scf	un_co2_flux	co2_scf	un_h2o_flux	h2o_scf	un_ch4_flux	ch4_scf	un_none_flux	un_none_scf	spikes_hf	amplitude_resolution_hf	drop_out_hf	absolute_limits_hf	skewness_kurtosis_hf	skewness_kurtosis_sf	discontinuities_hf	discontinuities_sf	timelag_hf	timelag_sf	attack_angle_hf	non_steady_wind_hf	u_spikes	v_spikes	w_spikes	ts_spikes	co2_spikes	h2o_spikes	ch4_spikes	none_spikes	head_detect_LI-7200	t_out_LI-7200	t_in_LI-7200	aux_in_LI-7200	delta_p_LI-7200	chopper_LI-7200	detector_LI-7200	pll_LI-7200	sync_LI-7200	chopper_LI-7500	detector_LI-7500	pll_LI-7500	sync_LI-7500	not_ready_LI-7700	no_signal_LI-7700	re_unlocked_LI-7700	bad_temp_LI-7700	laser_temp_unregulated_LI-7700	block_temp_unregulated_LI-7700	motor_spinning_LI-7700	pump_on_LI-7700	top_heater_on_LI-7700	bottom_heater_on_LI-7700	calibrating_LI-7700	motor_failure_LI-7700	bad_aux_tc1_LI-7700	bad_aux_tc2_LI-7700	bad_aux_tc3_LI-7700	box_connected_LI-7700	mean_value_RSSI_LI-7200	mean_value_LI-7500	u_var	v_var	w_var	ts_var	co2_var	h2o_var	ch4_var	none_var	w/ts_cov	w/co2_cov	w/h2o_cov	w/ch4_cov	w/none_cov	co2_mean	h2o_mean	air_p_mean	vin_sf_mean	dew_point_mean	avg_signal_strength_7200_mean	co2_signal_strength_7200_mean	h2o_signal_strength_7200_mean	delta_signal_strength_7200_mean	flowrate_mean	hit_power_mean	hit_vin_mean	ch4_mean	rssi_77_mean	ch4_aux-1_mean	ch4_aux-2_mean	ch4_aux-3_mean	ch4_aux-4_mean	CHK
DATAU		[yyyy-mm-dd]	[HH:MM]	[ddd.ddd]	[1=daytime]	[#]	[#]	[kg+1m-1s-2]	[#]	[kg+1m-1s-2]	[W+1m-2]	[#]	[W+1m-2]	[W+1m-2]	[#]	[W+1m-2]	[µmol+1s-1m-2]	[#]	[µmol+1s-1m-2]	[mmol+1s-1m-2]	[#]	[mmol+1s-1m-2]	[µmol+1s-1m-2]	[#]	[µmol+1s-1m-2]	[µmol+1s-1m-2]	[#]	[µmol+1s-1m-2]	[W+1m-2]	[W+1m-2]	[µmol+1s-1m-2]	[mmol+1s-1m-2]	[µmol+1s-1m-2]	[µmol+1s-1m-2]	[µmol+1s-1m-2]	[mmol+1s-1m-2]	[µmol+1s-1m-2]	[µmol+1s-1m-2]	[mmol+1m-3]	[µmol+1mol_a-1]	[µmol+1mol_d-1]	[s]	[1=default]	[mmol+1m-3]	[mmol+1mol_a-1]	[mmol+1mol_d-1]	[s]	[1=default]	[mmol+1m-3]	[µmol+1mol_a-1]	[µmol+1mol_d-1]	[s]	[1=default]	[mmol+1m-3]	[µmol+1mol_a-1]	[µmol+1mol_d-1]	[s]	[1=default]	[K]	[K]	[Pa]	[kg+1m-3]	[J+1kg-1K-1]	[m+3mol-1]	[mm]	[kg+1m-3]	[Pa]	[Pa]	[kg+1kg-1]	[%]	[Pa]	[K]	[m+1s-1]	[m+1s-1]	[m+1s-1]	[m+1s-1]	[m+1s-1]	[m+1s-1]	[m+1s-1]	[m+1s-1]	[deg_from_north]	[deg]	[deg]	[deg]	[m+1s-1]	[m+2s-2]	[m]	[#]	[#]	[K]	[0=KJ/1=KM/2=HS]	[m]	[m]	[m]	[m]	[m]	[m]	[m]	[kg+1m-1s-2]	[#]	[W+1m-2]	[#]	[W+1m-2]	[#]	[µmol+1s-1m-2]	[#]	[mmol+1s-1m-2]	[#]	[µmol+1s-1m-2]	[#]	[µmol+1s-1m-2]	[#]	8u/v/w/ts/co2/h2o/ch4/none	8u/v/w/ts/co2/h2o/ch4/none	8u/v/w/ts/co2/h2o/ch4/none	8u/v/w/ts/co2/h2o/ch4/none	8u/v/w/ts/co2/h2o/ch4/none	8u/v/w/ts/co2/h2o/ch4/none	8u/v/w/ts/co2/h2o/ch4/none	8u/v/w/ts/co2/h2o/ch4/none	8co2/h2o/ch4/none	8co2/h2o/ch4/none	8aa	8U	[#]	[#]	[#]	[#]	[#]	[#]	[#]	[#]	[#_flagged_recs]	[#_flagged_recs]	[#_flagged_recs]	[#_flagged_recs]	[#_flagged_recs]	[#_flagged_recs]	[#_flagged_recs]	[#_flagged_recs]	[#_flagged_recs]	[#_flagged_recs]	[#_flagged_recs]	[#_flagged_recs]	[#_flagged_recs]	[#_flagged_recs]	[#_flagged_recs]	[#_flagged_recs]	[#_flagged_recs]	[#_flagged_recs]	[#_flagged_recs]	[#_flagged_recs]	[#_flagged_recs]	[#_flagged_recs]	[#_flagged_recs]	[#_flagged_recs]	[#_flagged_recs]	[#_flagged_recs]	[#_flagged_recs]	[#_flagged_recs]	[#_flagged_recs]	[#]	[#]	[m+2s-2]	[m+2s-2]	[m+2s-2]	[K+2]	--	--	--	--	[m+1s-1K+1]	--	--	--	--	--	--	--	--	--	--	--	--	--	--	--	--	--	--	--	--	--	--	207
DATA	2025-04-04T233000_AIU-0547.ghg	2025-04-05	00:00:00	95	0	18000	18000	0.0907747987737278	1	NaN	201.31717552810883	1	NaN	-216.195535171566	1	NaN	-37.2897953222322	2	NaN	-4.890968913745647	1	NaN	NaN	NaN	NaN	NaN	NaN	NaN	NaN	NaN	NaN	NaN	NaN	NaN	-5.001655068947642e-10	-2.0615733819997765e-11	NaN	NaN	16.328962469634064	418.49385867930005	425.83933433330566	0.1	1	673.0443007169176	17.249406200358926	17.552170722855507	0	0	NaN	NaN	NaN	NaN	0	NaN	NaN	NaN	NaN	9	294.6446768773397	293.0392236514866	95148.61805610415	1.1238829502830225	1014.961199099978	0.02574578479020848	-0.3169347856107179	0.012073211501964883	1632.7028373274902	2314.0030745799813	0.01074241005162018	70.55750509855503	681.3002372524911	287.48783760416524	0.04174835628726827	-0.0622650490930821	0.20264755729905987	0.21606918815631257	-5.75627048302429e-14	-3.063057483443239e-14	0.21606918815631257	2.0514500316048045	28.158375166045403	303.8416248339546	69.6989732368025	NaN	0.2841987124213672	0.20996041218231185	-9.611823613162624	-0.30171173720132377	-0.9311810041236505	0.620995137846336	0	55.86371138988486	-8.477533726992927	19.17620437303317	47.751460277405165	72.82398985914644	102.13668123763736	153.01936023410738	0.08709542243331446	1.0422453469725173	183.5196595221735	1.0341578607488555	-195.47032561316976	1.1060273956846567	-33.715073846926686	1.1060273956846567	-4.422104671935385	1.1060273956846567	NaN	1	NaN	NaN	800000009	800000019	800000009	800000019	800000009	800100009	899999999	899999999	89999	89999	89	89	4	0	1	2	10	0	0	NaN	0	0	0	0	0	0	0	0	0	NaN	NaN	NaN	NaN	0	10013	0	0	0	0	0	0	18000	0	0	0	18000	18000	18000	18000	100	NaN	0.06138849641839642	0.17474870588244468	0.1837836220637826	0.5260403803620384	34.62495823136383	0.24604560700065345	NaN	NaN	0.16088370978865443	-0.8831758933586754	-0.11583828236277503	NaN	NaN	418.4911469631674	17.24916450224992	96295.36320594618	11.479999542236328	14.533673145294067	96.95412553405762	96.88633209080166	97.02191976420085	-0.13558723134506093	0.00028511168853017607	-1	0	-1.1295266066147966	20.120938815069163	1.0000745331015852	-273.1499938964844	9.000827914476394	-273.1499938964844	081
DATA	2025-04-05T000000_AIU-0547.ghg	2025-04-05	00:30:00	95.02	0	18000	18000	0.03666453316111587	1	NaN	-4.648254150521457	1	NaN	-5.196097715237009	1	NaN	1.922808599953685	2	NaN	-0.11742149314557863	1	NaN	-0.0006382805013176403	1	NaN	NaN	NaN	NaN	NaN	NaN	NaN	NaN	NaN	NaN	3.7690534916117497e-10	1.5820346312660532e-11	1.8347311456956506e-12	NaN	16.923666839229583	432.2615136673081	440.24934663830356	0.1	1	710.3594334030236	18.14388376039555	18.479167629860605	0.1	1	0.08238243027968593	1.9846918786459962	2.0213673325651187	0	1	NaN	NaN	NaN	NaN	9	293.35186952887636	291.89967259042186	95925.7603779549	1.1370233200828714	1015.4986159441572	0.025299292581625374	-0.007608912755833495	0.01292339656966345	1740.9327074639948	2156.7364912868175	0.011365990777323313	80.72069603761685	415.80378382282265	288.483693230542	0.5072489142397955	-0.2451476509621243	0.23504729265754504	0.6104474273476174	4.345245014968782e-14	2.2270903388826868e-14	0.6104474273476174	1.8511420209617901	357.7939518461608	334.20604815383916	22.646286102717124	NaN	0.1795719065986925	0.17657749541232762	105.63827129053043	0.027452172063894425	0.8945663467588266	-0.022418304518166482	1	3.7627055493996933	2	3	6	12	23	84	0.03626804606229942	1.0109321328790468	-4.900340165591452	1.0148454667170965	-4.714525471084324	1.1021464932380407	1.7446034730869469	1.1021464932380407	-0.10653891643805107	1.1021464932380407	0.001023319116007365	1.1869382588961823	NaN	NaN	800000009	800000009	800000009	800000019	800000019	800000119	899999999	899999999	89999	89999	89	89	0	2	0	0	0	0	4	NaN	0	0	0	0	0	0	0	0	0	NaN	NaN	NaN	NaN	0	22	0	0	0	0	101	0	17501	0	0	16	18000	18000	18000	18000	100	NaN	0.13778932744507993	0.19708726183060965	0.018278401548965675	0.13699041349113186	44.82722687502576	0.016994344115810946	1.4533891602535438e-7	NaN	-0.004244020963936196	0.04495307587014508	-0.0027451808205382795	0.0000010233191160073648	NaN	432.26077765937373	18.14385873502184	96303.24571267361	11.486404688835144	15.324965443134301	96.9917877529992	96.91902923923068	97.06454504267374	-0.14551621507232432	0.00028377085003820766	-1	0	1.9662191290004978	62.47729555888537	1.0000892193184958	-273.1499938964844	9.000903699292078	-273.1499938964844	037
DATA	2025-04-05T003000_AIU-0547.ghg	2025-04-05	01:00:00	95.041	0	18000	18000	0.10687175665017024	1	NaN	140.6967507038497	1	NaN	-82.9794689305085	1	NaN	-35.73340393973112	1	NaN	-1.8773835859255221	1	NaN	0.020289101970557347	1	NaN	NaN	NaN	NaN	NaN	NaN	NaN	NaN	NaN	NaN	-6.078787920154808e-10	-2.4857773900796552e-11	-3.0452305249689373e-12	NaN	16.361051113620302	418.58728131822187	425.87708004872445	0.1	1	669.0467157330794	17.11714264986644	17.41524182852726	0.1	1	0.08196234664904171	1.9847285345694963	2.0192930619630025	0.8	0	NaN	NaN	NaN	NaN	9	294.7140875176324	293.12068775600864	95920.20044249132	1.132663951522118	1014.9433625606894	0.025406592008370078	-0.12165445636797383	0.012140586023262335	1642.3201708411846	2326.987349018511	0.010718612530174853	70.57709924954645	684.6671781773264	287.5786413236213	-0.02902068658631927	-0.08127116298316306	0.22903238752144017	0.24475096877509772	-3.183327945448456e-14	-3.715401827144418e-14	0.24475096877509772	3.9841326491740214	81.65086736886207	250.34913263113793	69.35407938219728	NaN	0.307171511385031	0.4494911910171726	-17.46501436418572	-0.16604624190557934	-1.695560992583319	0.3984375369377009	0	45.98681508999286	-6.978676608174515	15.785785489187244	39.308837873807725	59.94845799619516	84.07856472692644	125.96501108139863	0.10293119005881422	1.0382835036601092	132.44207527427403	1.0315166176054826	-75.24600977854708	1.1027756710916818	-32.40314859717316	1.1027756710916818	-1.7024165794907544	1.1027756710916818	-0.016536963926267762	1.171287220921423	NaN	NaN	800000009	800000009	800000009	800000009	800000019	800100019	899999999	899999999	89999	89999	89	89	2	14	7	8	8	0	3	NaN	0	0	0	0	0	0	0	0	0	NaN	NaN	NaN	NaN	0	0	0	0	0	0	0	0	18000	0	0	0	18000	18000	18000	18000	100	NaN	0.09065350502052928	0.4591358238124342	0.3491930532013818	0.4251957413233964	38.66190490857202	0.20780563141262634	7.279630926371269e-8	NaN	0.11520812025961742	-0.8375946490956987	-0.04400606358474856	-0.000016536963926267763	NaN	418.5847634108269	17.116937780176336	96310.08433116319	11.489999771118164	14.417701502508619	96.95842973327636	96.88622662989299	97.03064183998109	-0.14441315473864533	0.0002846439541479208	-1	0	1.9706169381539027	57.91189267946192	1.000088077235553	-273.1499938964844	9.000892204284668	-273.1499938964844	123
DATA	2025-04-05T010000_AIU-0547.ghg	2025-04-05	01:30:00	95.062	0	18000	18000	0.2843262720632094	1	NaN	11.303256030421027	2	NaN	-3.035229291128728	2	NaN	1.1977810542570322	0	NaN	-0.06864186029798773	2	NaN	0.005114801670279027	1	NaN	NaN	NaN	NaN	NaN	NaN	NaN	NaN	NaN	NaN	3.290986366153743e-10	1.3093524963065852e-11	1.6492200580855816e-12	NaN	16.42014947569745	420.4716183434422	427.62531618052276	0.1	1	653.2923966761681	16.7288922484201	17.013509414177353	0.1	1	0.08228669723640714	1.9883141175625407	2.022142318520033	0	1	NaN	NaN	NaN	NaN	9	294.15009393310555	292.68014955817335	95895.46471484375	1.1342438701875575	1014.715131189732	0.02537495147098436	-0.004447992547309604	0.011880008670216224	1604.6552126731158	2264.252347150716	0.010473945667655896	70.86909790299556	659.5971344776003	287.2203100420649	0.33011985774636843	-0.252711558550588	0.21157690775581317	0.46648369767774245	6.966958440541492e-14	2.004236545486111e-14	0.46648369767774245	4.571307032250148	9.43458216360159	322.56541783639835	26.972122109609987	NaN	0.5006742719628018	0.7670302416791868	-941.1503197180541	-0.0030813356158331537	-3.7240204762974005	0.019615424561532535	0	75.27066285636445	-11.42261348452915	25.837982803424623	64.3402305005187	98.1229111379027	137.6187780480729	206.17800694072034	0.2779393020867306	1.0229797294895908	10.952201427261882	1.0214121882363019	-2.7823780263455005	1.090875956605844	1.0979993160577242	1.090875956605844	-0.06292361645916214	1.090875956605844	0.0015984760875224252	1.1564246551798067	NaN	NaN	800000009	800000009	800000009	800000009	800001119	800111119	899999999	899999999	89999	89999	89	89	9	3	6	57	59	10	1	NaN	0	0	0	0	0	0	0	0	0	NaN	NaN	NaN	NaN	0	0	0	0	0	0	0	0	18000	17995	0	0	18000	18000	18000	18000	100	NaN	0.6574958662522795	0.6058988966313529	0.270665720474741	0.08160311993277566	1.4029708404538308	0.009841144308536803	1.7313916416689115e-8	NaN	0.009515921376897532	0.028335833620295424	-0.0016238563182131938	0.0000015984760875224251	NaN	420.4710721860987	16.728872219452153	96280.9449110243	11.451053141593935	14.063109527985247	96.95535091929966	96.88404622734917	97.02665107705857	-0.1426107067358165	0.00028458734368258667	-1	0	1.9744705539643763	59.4187978633245	1.0000848308404287	-273.1499938964844	9.000874918540319	-273.1499938964844	158
DATA	2025-04-05T013000_AIU-0547.ghg	2025-04-05	02:00:00	95.083	0	18000	18000	0.3230647180895196	0	NaN	-10.426767573967249	1	NaN	-4.462860251369719	1	NaN	-2.4695642755061282	2	NaN	-0.10087651420047905	1	NaN	-0.0027875489847291298	2	NaN	NaN	NaN	NaN	NaN	NaN	NaN	NaN	NaN	NaN	3.872823142581786e-10	1.5611336952453537e-11	1.955857100908443e-12	NaN	16.37757703437599	418.73442081029737	425.92365878202816	0.1	1	660.1795747842078	16.879170300821393	17.168968239627457	0.1	1	0.08271020689316919	1.9939228906561979	2.0281564894381403	0	1	NaN	NaN	NaN	NaN	9	293.60674557749434	292.1537101609972	95873.0590655382	1.1359572391433905	1014.788767878914	0.02533522941641098	-0.006536798120191042	0.012005521995994153	1618.691771722934	2191.2302031557565	0.010568639014129924	73.8713700364176	572.5384314328226	287.3547047385073	0.6338410762835475	-0.27892748530516404	0.2660182113531556	0.7418360606054167	4.0612434036459946e-14	2.3647106861123956e-14	0.7418360606054167	6.025139816489551	355.7523277233407	336.2476722766593	21.01389460335435	NaN	0.5332904098941952	1.3368120156035697	1232.7431066786269	0.0023524771578836523	2.3363419391783817	-0.016960876178862543	0	70.18223232615456	-10.650424520279172	24.09128926377995	59.99071661588179	91.48962802599559	128.31550416716829	192.24000738866403	0.31990709253563687	1.009870445599861	-10.601789517140247	1.013135794302031	-4.088753196217326	1.0914966096507108	-2.262548736909418	1.0914966096507108	-0.09242036421236387	1.0914966096507108	0.0007101656664036053	1.1668114942185326	NaN	NaN	800000009	800000009	800000009	800000009	800000009	800000019	899999999	899999999	89999	89999	89	89	5	7	4	35	3	8	0	NaN	0	0	0	0	0	0	0	0	0	NaN	NaN	NaN	NaN	0	0	0	0	0	0	0	0	18000	18000	0	0	18000	18000	18000	18000	100	NaN	1.3982462309920352	0.9095753074130402	0.365802492802064	0.02946323320525123	0.7302254154042672	0.0017211605112911837	3.4286431709042984e-8	NaN	-0.009196901656611915	-0.05830662272250053	-0.00238170308559507	7.101656664036052e-7	NaN	418.73410927970536	16.879154966237696	96255.11932421874	11.459216393894618	14.197133264780044	96.95304377386304	96.87703920088873	97.0290436706543	-0.15200599618421737	0.0002840669883557389	-1	0	1.979908386776844	59.847856449445075	1.0000779565903875	-273.1499938964844	9.000754264354706	-273.1499938964844	148
DATA	2025-04-05T020000_AIU-0547.ghg	2025-04-05	02:30:00	95.104	0	18000	18000	0.2858210718259957	1	NaN	11.201998693699354	1	NaN	-2.6645559702741792	2	NaN	-2.4731514402920816	1	NaN	-0.06021531721401236	2	NaN	-0.010199770243643573	2	NaN	NaN	NaN	NaN	NaN	NaN	NaN	NaN	NaN	NaN	3.781670711309375e-11	1.522282732598328e-12	1.9270607617994068e-13	NaN	16.31890386427993	416.9429540763309	424.0602632002589	0.1	1	656.9050418174593	16.78372095092262	17.070222807086843	0.1	1	0.08315774088522396	2.002616000664146	2.03680110199252	-0.2	0	NaN	NaN	NaN	NaN	9	293.4049534929064	291.92792611863877	95847.15896072048	1.1365699828160765	1014.730229502931	0.025322490557545037	-0.003901952555468001	0.011943637851511365	1609.1034791621976	2160.549157878994	0.010508493125886226	74.4765965307566	551.4456787167962	287.26301197292116	0.001972235345287247	-0.08363943541363669	0.22990280336075886	0.24465229175650796	7.834439425289139e-14	2.317355836372679e-15	0.24465229175650796	4.762302747834069	60.64920388186704	271.35079611813296	70.00332131765714	NaN	0.5014747040564268	1.0058271157721634	-953.8706127952479	-0.003040244621334714	-4.204077084012869	0.019368665837323603	0	46.70954333338547	-7.088353407412752	16.03387470769143	39.9266151060589	60.89060725477937	85.39994245819896	127.9446757093933	0.27527906208098313	1.0382957194975884	10.767956980424255	1.031524762555128	-2.4162048185434366	1.1027856371383518	-2.2426402348780394	1.1027856371383518	-0.05460292117175801	1.1027856371383518	-0.012184322472272453	1.1712994331952404	NaN	NaN	800000009	800000009	800000009	800000009	800000009	800001009	899999999	899999999	89999	89999	89	89	35	9	7	33	30	7	0	NaN	0	0	0	0	0	0	0	0	0	NaN	NaN	NaN	NaN	0	0	0	0	0	0	0	0	18000	606	0	0	18000	18000	18000	18000	100	NaN	0.32702552343067554	0.7895297203873648	0.8950989877262866	0.012254749514718838	0.1552102801660527	0.0008501961384224608	2.1730392009326e-8	NaN	0.009336552235589112	-0.05775890555879625	-0.0014062910841183046	-0.000012184322472272452	NaN	416.9426751259698	16.783711733463846	96230.66575716146	11.479999542236328	14.105673234886599	96.93794447771708	96.86154594039917	97.01434518347847	-0.15280322430738152	0.0002839530150199102	-1	0	1.9886158074537914	58.32978505145175	1.0000804820093843	-273.1499938964844	9.000811852693557	-273.1499938964844	060
DATA	2025-04-05T023000_AIU-0547.ghg	2025-04-05	03:00:00	95.124	0	18000	18000	0.4480870626233303	1	NaN	21.69267997683255	2	NaN	-4.941369839739082	1	NaN	-4.517857694017577	2	NaN	-0.11163791946223348	1	NaN	0.005038402919648518	2	NaN	NaN	NaN	NaN	NaN	NaN	NaN	NaN	NaN	NaN	8.694080098377247e-10	3.5031466695923606e-11	4.460129601708924e-12	NaN	16.328451242997165	416.9291680866035	424.0530573765803	0.1	1	657.9299815995868	16.799523470126683	17.086569698805725	0.1	1	0.08376620403180518	2.014763439992949	2.0491888359369943	0	1	NaN	NaN	NaN	NaN	9	293.1205269495646	291.6469450463189	95810.01035937501	1.1372172102355533	1014.7333233646933	0.025307926510184674	-0.007234137181152729	0.011961762967690918	1609.9942658121556	2122.8934605552904	0.010518450529968028	75.8396168120008	512.8991947431348	287.2715507661274	-0.08193477065930102	0.17590424716328548	0.22585485036908967	0.2977684070687976	1.9954152329870606e-14	5.3244976936229055e-14	0.2977684070687976	5.298973169472484	217.02427837170364	114.97572162829636	49.331404913401414	NaN	0.6277106407140696	0.8619579117670528	-965.7876838032096	-0.0030027303605487977	-4.390013433598402	0.0299473482183757	0	64.93321866717623	-9.853866446704908	22.289472732491685	55.50393868802564	84.64700858733843	118.71863311151286	177.86214576842104	0.43386938450022616	1.032769489231146	20.939270697556765	1.0278558422775919	-4.4989817437089155	1.0983307159778486	-4.113385547990715	1.0983307159778486	-0.1016432644905517	1.0983307159778486	-0.0013977816640624542	1.1658146238740545	NaN	NaN	800000009	800000009	800000009	800000009	800000009	810111009	899999999	899999999	89999	89999	89	89	13	11	6	22	19	6	0	NaN	0	0	0	0	0	0	0	0	0	NaN	NaN	NaN	NaN	0	0	0	0	0	0	0	0	18000	0	0	0	18000	18000	18000	18000	100	NaN	0.4678943342837571	0.6405063887613147	0.6155151004890337	0.027249169589870587	0.7638016932245244	0.0005166188449717546	4.102803454523437e-8	NaN	0.01814538574962725	-0.10588047785800592	-0.0026163454141964106	-0.0000013977816640624542	NaN	416.92883380555236	16.799515037392506	96193.42346614585	11.486404133266873	14.114360447830627	96.94138302485148	96.86102398618063	97.02174062410991	-0.16071209665305133	0.00028414703649145347	-1	0	2.000667330533266	55.99868741861984	1.0001026015828054	-307.1053703223358	9.000954682535596	-273.1499938964844	067
DATA	2025-04-05T030000_AIU-0547.ghg	2025-04-05	03:30:00	95.145	0	18000	18000	0.08026155579008772	1	NaN	-9.64411887106402	1	NaN	1.2851318951073127	1	NaN	1.2449147688190632	1	NaN	0.02902634038706703	1	NaN	0.002462017718809677	1	NaN	NaN	NaN	NaN	NaN	NaN	NaN	NaN	NaN	NaN	-6.069058335038534e-11	-2.4350693866587816e-12	-3.0914017957476896e-13	NaN	16.42407969659912	418.94616363681007	426.10873033460064	0.1	1	658.9782378979002	16.80924653237263	17.09662796673778	-0.3	0	0.08365948498869935	2.0095927391187436	2.043949998544114	0	1	NaN	NaN	NaN	NaN	9	292.79597355906174	291.36102962917755	95805.46291102431	1.1382749319189274	1014.7330258402443	0.025284316016370295	0.0018809068570819433	0.011979862437533625	1610.8496227051482	2085.167815958907	0.010524577236659095	77.25275684654505	474.31819325375864	287.27974603361196	0.7076121555986041	0.6260415523121444	0.2967081705441244	0.9902922429464968	2.3107469237100054e-15	-3.695219730512653e-15	0.9902922429464968	3.5280815119831983	290.50003630145727	41.4999636985427	17.43458734903078	NaN	0.26554015299795913	0.4013400444433789	164.44777294720643	0.01763477819143834	-7.504380606987195	-0.03144368136918325	0	94.67263296392453	-14.366937301631127	32.49805129449555	80.92474273295	123.41533871220548	173.0917673456806	259.32300893351106	0.07957889809041149	1.0085783758767386	-9.497143173962783	1.0132177423199697	1.1697635282312624	1.0986253752076651	1.1331567583570024	1.0986253752076651	0.026420598906684082	1.0986253752076651	0.004863732970147454	1.1779561612921419	NaN	NaN	800000009	800000009	800000009	800000009	800000009	800100019	899999999	899999999	89999	89999	89	89	4	0	16	4	19	0	1	NaN	0	0	0	0	0	0	0	0	0	NaN	NaN	NaN	NaN	0	0	0	0	0	0	0	0	18000	0	0	0	18000	18000	18000	18000	100	NaN	0.300574000817424	0.45919334057120353	0.04291274749813028	0.12408420902417508	4.987961149482984	0.0015907665268070584	3.508880803206208e-8	NaN	-0.008222313251731797	0.02914106430267966	0.0006794508932473958	0.000004863732970147454	NaN	418.9455530741087	16.80923730237965	96188.11322569444	11.489999771118164	14.122459976779094	96.94774854765998	96.86463765186734	97.03085444238451	-0.16621663101348605	0.00028423808219829675	-1	0	1.995511950151788	56.756495030452015	1.000126316719585	-273.1499938964844	9.001107279353672	-273.1499938964844	087
DATA	2025-04-05T033000_AIU-0547.ghg	2025-04-05	04:00:00	95.166	0	18000	18000	0.1681635364504432	1	NaN	55.8539191260317	2	NaN	30.183597756141005	1	NaN	-25.67645141379463	1	NaN	0.6815605812965293	1	NaN	-0.025962175523879923	1	NaN	NaN	NaN	NaN	NaN	NaN	NaN	NaN	NaN	NaN	5.822719303927758e-11	2.3238531653895316e-12	2.9620830429688954e-13	NaN	16.508224851508324	420.81144856089406	427.9995414241762	0.1	1	658.8449240591405	16.794627488066194	17.081505001501956	0.1	1	0.08397920344397423	2.014883354066897	2.049300594156834	0	1	NaN	NaN	NaN	NaN	9	292.51743582746724	291.0957391781277	95767.0692076823	1.138862060476849	1014.7193952987669	0.025271421539261336	0.044165125668015094	0.011975550803509512	1608.8036817977174	2050.690218540624	0.01051536548552269	78.4518142843937	441.8865367429064	287.2601372776231	-0.026383509645374097	-0.051224467015133876	0.2380157795132761	0.24489088774289744	4.35499583706641e-14	3.5271625848952182e-15	0.24489088774289744	3.6735269112962636	89.25103918934917	242.74896081065083	76.39143301023643	NaN	0.3842645787229785	0.5476921702835826	-86.02202209580476	-0.033712297494822914	1.850472550598046	0.12577844223666462	0	44.478260187773664	-6.7497475817206904	15.267947408022192	38.019347832824735	57.981904321763345	81.32044523676066	121.83284548995522	0.1619657242131327	1.0382661965512823	56.134970427883324	1.0315052341366366	27.370918995250896	1.1027615755750888	-23.283774101763015	1.1027615755750888	0.618048902312448	1.1027615755750888	-0.0411374188679366	1.1712694857588026	NaN	NaN	800000009	800000009	800000009	800000009	800100009	800110009	899999999	899999999	89999	89999	89	89	2	2	9	18	13	11	0	NaN	0	0	0	0	0	0	0	0	0	NaN	NaN	NaN	NaN	0	0	0	0	0	0	0	0	17901	0	0	0	18000	18000	18000	18000	100	NaN	0.08089336951752311	0.4205021291351801	0.593988841914462	0.2975847202372096	20.5790589433324	0.014684848806519213	8.926800190289513e-8	NaN	0.04857540288703365	-0.5984678103755832	0.015885842718425813	-0.0000411374188679366	NaN	420.81019986322895	16.794607737361208	96151.42512782119	11.470525809552935	14.1025919816494	96.97451166407268	96.8907617433336	97.05826258468628	-0.1674999097308352	0.00028322651830644147	-1	0	2.000779463258054	54.86683619562783	1.000099775330888	-345.5423719363733	9.000851119836172	-273.1499938964844	123
DATA	2025-04-05T040000_AIU-0547.ghg	2025-04-05	04:30:00	95.187	0	18000	18000	0.07784849859660246	1	NaN	3.009040469442975	2	NaN	2.936608785466209	2	NaN	-2.3030375895331745	2	NaN	0.0662568402180142	2	NaN	0.013484067423538894	1	NaN	NaN	NaN	NaN	NaN	NaN	NaN	NaN	NaN	NaN	-3.94534915392561e-10	-1.5268564144331553e-11	-1.9690788166113854e-12	NaN	16.857984119034473	429.04075760955834	436.2848068704424	0.1	1	652.4066738415056	16.60394574096462	16.884291602608965	0.1	1	0.08413627824683986	2.0108785771972153	2.0448308374720523	0	1	NaN	NaN	NaN	NaN	9	291.5473566207886	290.26249676005045	95744.17003602431	1.1419410945688568	1014.5953688691278	0.02520511063133205	0.00429344324612732	0.011870731763690436	1590.1574328050533	1945.6271112294644	0.010395222503287059	81.72981470227428	355.4696784244111	287.08041001845174	0.39621004448444913	-0.08697571223677208	0.239877110655246	0.47126234953126367	2.816329856739452e-15	-2.340344566745016e-14	0.47126234953126367	2.326977490035687	344.38113986099364	347.6188601390063	30.597889340379396	NaN	0.261097834295554	0.33542414057482417	-500.79304775807617	-0.00579081521395428	1.0246650777370288	0.009946909841681286	0	90.06317831296256	-13.667434774957792	30.91577467455941	76.98465022585306	117.40644903398352	164.66421413356278	246.6969985204964	0.07611335448167571	1.0227968419831568	3.1280208515775754	1.021293103298929	2.692291940518898	1.0907467876237162	-2.1114319250488336	1.0907467876237162	0.06074447430861593	1.0907467876237162	0.011249967818990972	1.1562555217818622	NaN	NaN	800000009	800000009	800000009	800000009	800000009	801000009	899999999	899999999	89999	89999	89	89	0	1	0	8	0	0	0	NaN	0	0	0	0	0	0	0	0	0	NaN	NaN	NaN	NaN	0	0	0	0	0	0	0	0	17901	0	0	0	18000	18000	18000	18000	100	NaN	0.1562590327072578	0.46758626508420525	0.0470029833581853	0.18344121435532462	21.317002865529798	0.010613270517617884	4.070859487384659e-8	NaN	0.002699809130624001	-0.05411768337080443	0.001556929299098104	0.000011249967818990972	NaN	429.04088536873985	16.60392855808427	96124.6071169705	11.476143448034925	13.922446939468381	97.01949042362637	96.93445107396444	97.10453731515672	-0.17009218470876414	0.0002828350874737629	-1	0	1.996939271219023	50.472469866405504	1.0001244065546326	-273.1499938964844	9.001021435287264	-273.1499938964844	164
DATA	2025-04-05T043000_AIU-0547.ghg	2025-04-05	05:00:00	95.208	0	18000	18000	0.1379577308109925	1	NaN	23.081728375911297	1	NaN	22.153748465830194	1	NaN	-17.524207413812455	1	NaN	0.49975016982038006	1	NaN	0.013431546241909427	2	NaN	NaN	NaN	NaN	NaN	NaN	NaN	NaN	NaN	NaN	-5.747180073134824e-10	-2.2195537916564205e-11	-2.8569358678295976e-12	NaN	16.892922810682357	429.33700239916294	436.5758409214535	0.1	1	652.4025765588652	16.58094160000246	16.860504642831827	0.1	1	0.08397509122067667	2.0052842959997856	2.039094401182688	0	1	NaN	NaN	NaN	NaN	9	291.39155544874404	290.0739464515001	95743.1355369888	1.1426810209933247	1014.5787482750547	0.02518900991983974	0.03238381100436063	0.011861862522675333	1587.9371720514132	1922.5184813373262	0.0103807294465816	82.59671818326686	334.581309285913	287.0588861184911	0.1377939333785215	-0.2179705715256139	0.200111771352453	0.3264093429436916	-1.087404481746889e-13	-3.4021229703959545e-14	0.3264093429436916	2.7153083020352886	29.700252016603827	302.2997479833962	37.811815517367656	NaN	0.3474645593478751	0.3097651031718176	-153.86259902037958	-0.018847985270389757	1.0418881667593372	0.05729899920418874	0	88.02062205866173	-13.357468983135178	30.214631209483763	75.23870386076297	114.74377066462489	160.92976986079574	241.10212049504747	0.13387904986092855	1.0304654160176727	23.854134557989884	1.0263316599536425	20.203857200040172	1.0965108417904548	-15.98179128370293	1.0965108417904548	0.45576400230056563	1.0965108417904548	0.004225862442261515	1.1635598207288371	NaN	NaN	800000009	800000009	800000009	800000019	800000019	800100119	899999999	899999999	89999	89999	89	89	9	13	2	0	16	0	0	NaN	0	0	0	0	0	0	0	0	0	NaN	NaN	NaN	NaN	0	0	0	0	0	0	101	0	18000	0	0	16	18000	18000	18000	18000	100	NaN	0.187184226327114	0.34419096936579036	0.08815501065073081	0.1519918142854022	21.184574604553823	0.014276162685478	2.6564149146287272e-8	NaN	0.020575618048154453	-0.4093548080192986	0.011673859478699668	0.000004225862442261515	NaN	429.3368693424387	16.580920822124053	96127.80514952257	11.489999771118164	13.901574803299372	97.03051702626546	96.94170365312365	97.11932689730327	-0.17763505120906548	0.00028249117516679687	-1	0	1.9913555697898073	50.798717977638496	1.0001405297749573	-273.1499938964844	9.001128825770484	-273.1499938964844	108
DATA	2025-04-05T050000_AIU-0547.ghg	2025-04-05	05:30:00	95.229	0	18000	18000	0.13205440299003368	1	NaN	-1.9877313111848323	2	NaN	15.927400625282623	1	NaN	26.675540403483875	1	NaN	0.3592701279137881	1	NaN	-0.0002692672385571537	2	NaN	NaN	NaN	NaN	NaN	NaN	NaN	NaN	NaN	NaN	-3.9734741205004707e-10	-1.5384118883623655e-11	-1.975667852142602e-12	NaN	16.90237460012515	429.820064006005	437.093902793918	0.3	0	654.4100512000185	16.64136411287928	16.922985679448015	0.1	1	0.08404101073680308	2.0063077356311845	2.040260452709837	0	1	NaN	NaN	NaN	NaN	9	291.31365091790093	290.00337677162753	95714.58051536573	1.142591928139237	1014.6114675936968	0.025190394833232776	0.02328070428881347	0.011904433750936002	1593.2484426892518	1913.9315945660628	0.010418797348168663	83.24479554090237	320.68315187681105	287.1103312799499	-0.32675134501987557	-0.16753190688685463	0.16743630443531662	0.4035694454990815	-3.1716117961014634e-14	-2.35083780504489e-14	0.4035694454990815	2.6551279110533987	124.85488422311312	207.1451157768869	24.512292271154035	NaN	0.3399623849039157	0.26274178044535124	1673.0784106425297	0.0017333317921939372	-0.12479947971105682	-0.005043544922135841	0	89.19171778486907	-13.53518727770337	30.616630475687263	76.23973887364889	116.27041222079002	163.07090635012784	244.30993312221912	0.13015286577793397	1.0146100295274643	-1.0697992137328807	1.0153433950959765	14.58381439433625	1.0921285882154512	24.425274359928594	1.0921285882154512	0.3289632116496822	1.0921285882154512	-0.0006120242583454776	1.168372328656826	NaN	NaN	800000009	800000009	800000009	800000019	800010019	800110119	899999999	899999999	89999	89999	89	89	2	2	3	9	1	0	0	NaN	0	0	0	0	0	0	0	0	0	NaN	NaN	NaN	NaN	0	0	0	0	0	0	101	0	18000	0	0	16	18000	18000	18000	18000	100	NaN	0.2233368043159755	0.22050027550054596	0.08164648107418102	0.11045631841897251	34.96433632577976	0.011554852283926057	3.592447299734772e-8	NaN	-0.0009228080111869136	0.6256975589724508	0.008426987369223786	-6.120242583454776e-7	NaN	429.8199250317215	16.641345234087844	96100.4503532986	11.489999771118164	13.953276753531565	97.01631374210781	96.92678384780884	97.1058408003913	-0.17906527206632836	0.0002826944031629763	-1	0	1.9923663559854028	57.03203836952734	1.0001373371134201	-273.1903688981798	9.001089959859849	-273.1499938964844	007
DATA	2025-04-05T053000_AIU-0547.ghg	2025-04-05	06:00:00	95.249	1	18000	18000	0.152006025577831	1	NaN	75.48253078179741	1	NaN	59.29423898727795	1	NaN	-34.74306067606196	1	NaN	1.3374188280499795	1	NaN	0.016733608204253538	1	NaN	NaN	NaN	NaN	NaN	NaN	NaN	NaN	NaN	NaN	-6.215246854257926e-10	-2.3743468878484447e-11	-3.058552931167772e-12	NaN	17.069566791783622	433.5595294977786	440.86144225775803	0.1	1	652.091119457742	16.56282917958204	16.841776649305153	0.1	1	0.08400016084478965	2.004807867322704	2.0385723936489226	0	1	NaN	NaN	NaN	NaN	9	291.2435206103854	289.9525330607097	95710.88168619791	1.1427822716347447	1014.566127390972	0.025186951759262426	0.08666474005763866	0.01184987329084463	1585.6682086449634	1907.765816057523	0.010369318447593208	83.1165017896071	322.09760741255946	287.03686272828725	0.4979654542581209	-0.10621277422641	0.27730906720162024	0.5797853618327922	-1.4851600176486236e-13	-3.64112746976661e-14	0.5797853618327922	3.2222710915332415	344.0403899468831	347.95961005311693	28.574175487234832	NaN	0.36471082577213493	0.4621883534198365	-54.39543710772805	-0.05331329527248145	1.2730162671957521	0.1785064630456136	0	94.23358633122703	-14.300310281266533	32.34734079301921	80.54945227480512	122.8429970841295	172.28905007436805	258.1203921868465	0.14911158306494585	1.0194112519858667	77.81619763844472	1.0190966370577026	54.473769698109365	1.0884915678845684	-31.918539105988156	1.0884915678845684	1.2286901134651778	1.0884915678845684	-0.010144860495883293	1.153204602353001	NaN	NaN	800000009	800000009	800000009	800000009	800000019	800100019	899999999	899999999	89999	89999	89	89	0	1	1	14	5	0	3	NaN	0	0	0	0	0	0	0	0	0	NaN	NaN	NaN	NaN	0	0	0	0	0	0	0	0	17303	0	0	0	18000	18000	18000	18000	100	NaN	0.28970255816533547	0.5527767574484904	0.08189739122584708	0.2813596698793014	56.18889354471338	0.059498069105180136	6.983367828544041e-8	NaN	0.06711601350288889	-0.817474019102304	0.031468302541992205	-0.000010144860495883293	NaN	433.56040211445537	16.562765088609332	96092.68711523438	11.489999771118164	13.878021452161994	97.01399412367078	96.92145479944017	97.10653291723463	-0.18507356756718585	0.0002823469466141736	-1	0	1.9909301574958693	55.36626096256046	1.0001539277020428	-273.1499938964844	9.001201426188151	-273.1499938964844	110
DATA	2025-04-05T060000_AIU-0547.ghg	2025-04-05	06:30:00	95.27	1	18000	18000	0.39881041201965717	1	NaN	-138.2636275072165	1	NaN	-99.29284597652139	1	NaN	48.91355897306242	0	NaN	-2.239800262262177	1	NaN	-0.014211660144759105	1	NaN	NaN	NaN	NaN	NaN	NaN	NaN	NaN	NaN	NaN	2.5369220262718354e-10	9.871185907989411e-12	1.2787062054831452e-12	NaN	16.72010494266611	425.1327027474917	432.2835154083814	0.1	0	650.5807532945623	16.541950840143095	16.820189589453726	0.1	1	0.08427575512809887	2.012184797918789	2.046030127708799	0	1	NaN	NaN	NaN	NaN	9	291.35451392279737	290.03953488498263	95697.74942534723	1.1422917999465176	1014.5559718732661	0.025197966592880473	-0.14513905699458907	0.011829762459124869	1583.452096866593	1918.3270868954312	0.010356165088183896	82.54338416443929	334.8749900288383	287.0153255745541	0.1096815934171228	0.3928510307127932	0.2639536399436607	0.48583279871383384	5.768294588689479e-14	1.5172883393800694e-14	0.48583279871383384	4.438224622062402	257.5994066858398	74.40059331416019	32.908663546492136	NaN	0.590873774435174	1.0016978458671564	126.26870026125503	0.02296689515295384	1.3924832765888298	-0.2019110845943684	0	85.4379659435633	-12.96554095371793	29.32808893980279	73.03108825804004	111.37701757829763	156.20785078647506	234.0278252754029	0.39388409346464776	1.0125070258909847	-142.44748225565908	1.0154058047163732	-90.2301331152708	1.100439981061236	44.44909292180701	1.100439981061236	-2.035367944467241	1.100439981061236	0.032376381401991984	1.1840603205780063	NaN	NaN	800000009	800000009	800000009	800000009	800000009	800101009	899999999	899999999	89999	89999	89	89	0	14	3	0	14	0	0	NaN	0	0	0	0	0	0	0	0	0	NaN	NaN	NaN	NaN	0	0	0	0	0	0	0	0	17401	0	0	0	18000	18000	18000	18000	100	NaN	0.7661299878569064	0.9626349077423146	0.27463079613509184	0.2660824813154274	42.17532716501783	0.07143681897617538	5.6671205749874557e-8	NaN	-0.1229141003643581	1.1388709593522721	-0.0521500280698199	0.00003237638140199198	NaN	425.1333377816295	16.541875274626847	96083.50419184027	11.441313474284279	13.856811230818442	97.00121938769021	96.90828573248122	97.09415195465087	-0.18586599576100707	0.00028271958896463424	-1	0	1.9982872163189782	57.56290827708774	1.0001507104602125	-273.1499938964844	9.001216951608658	-273.1499938964844	029
DATA	2025-04-05T063000_AIU-0547.ghg	2025-04-05	07:00:00	95.291	1	18000	18000	0.22161726153043174	1	NaN	55.95231378812748	1	NaN	49.01745447403754	2	NaN	-2.9808233811802887	2	NaN	1.1059803101418906	2	NaN	-0.007075668626508631	1	NaN	NaN	NaN	NaN	NaN	NaN	NaN	NaN	NaN	NaN	1.0477571234443993e-10	4.1536848311155346e-12	5.347170570294428e-13	NaN	16.543691325414258	421.1425486420168	428.29316006006684	0.1	1	655.8512289864422	16.69560031509068	16.97907618479143	0.1	1	0.08442981431467664	2.0183157929469666	2.0525849305603807	0	1	NaN	NaN	NaN	NaN	9	291.56721390109595	290.2912058291965	95692.08038411458	1.1411671463831266	1014.647573908554	0.025221325271391957	0.0716675240971945	0.011928585020628893	1598.0652765524594	1949.1669573054753	0.010452969188988625	81.98709046256468	351.1016807530159	287.1568571079065	-0.5409963712994601	0.04402221115704914	0.18925157191677527	0.5748314416481317	4.708262175916138e-14	6.333272924615348e-15	0.5748314416481317	4.050717599918085	156.65204936879553	175.34795063120453	19.222026916490094	NaN	0.4406838774692272	0.6764784313144034	-129.4429485769337	-0.022403692374763858	1.1414773449274696	0.1096544869330514	0	85.5669133199114	-12.985109215560914	29.372352401371963	73.14131053590819	111.5451135066544	156.44360771609576	234.38103211651202	0.21736989353057679	1.0195398172712336	57.97071129509218	1.019179384948573	45.0291683944885	1.0885711689056463	-2.7382898484964895	1.0885711689056463	1.015992653244478	1.0885711689056463	-0.025769627234092648	1.1533168484377327	NaN	NaN	800000009	800000009	800000009	800000009	800000009	800100009	899999999	899999999	89999	89999	89	89	10	11	8	0	0	0	0	NaN	0	0	0	0	0	0	0	0	0	NaN	NaN	NaN	NaN	0	0	0	0	0	0	0	0	17603	0	0	0	18000	18000	18000	18000	100	NaN	0.4487750932612553	0.7519950632976654	0.15218670606988594	0.19603210348771255	2.952138740074584	0.07889592927679867	6.775411187401564e-8	NaN	0.05006614442446198	-0.07023624985884358	0.026059883283433234	-0.000025769627234092648	NaN	421.1427315894719	16.6955178264671	96080.27504296874	11.455357972304025	13.998591952800735	96.97287581804065	96.88073793707954	97.06501248953077	-0.1842727992948557	0.0002832118167554857	-1	0	2.0042544247508047	52.80220432660311	1.0001529885298677	-273.1499938964844	9.00121298596594	-273.1499938964844	137
DATA	2025-04-05T070000_AIU-0547.ghg	2025-04-05	07:30:00	95.312	1	18000	18000	0.10646082385645028	1	NaN	-17.269620163244262	1	NaN	-12.367646583821085	2	NaN	1.7715735456835022	1	NaN	-0.27902902810001634	2	NaN	0.010376425230226355	1	NaN	NaN	NaN	NaN	NaN	NaN	NaN	NaN	NaN	NaN	-1.3784581006062652e-10	-5.459904592027786e-12	-7.01436487381852e-13	NaN	16.586941902233143	422.4299901587742	429.61833721529445	0.1	0	656.9885600430648	16.73193724251571	17.016658911500226	0.1	1	0.08440362648086416	2.016950278618827	2.0512720335515393	0	0	NaN	NaN	NaN	NaN	9	291.4567707477146	290.2091905619303	95702.05782465277	1.1415928819186782	1014.6665453574578	0.02521157083949718	-0.01808108102088106	0.01195917208791289	1601.7103521321897	1939.0693693232818	0.010475864274673013	82.60201401103936	337.3590171910921	287.19198304263165	-0.47389515340721783	0.21134077767701556	0.17322615249271817	0.547036416191267	3.173877217268308e-14	-8.31050177140055e-15	0.547036416191267	5.2544209885417965	176.0352114413844	155.9647885586156	18.461232378844194	NaN	0.305379082006613	0.32411926730133617	139.567556975211	0.020778467882153137	1.3963545971499352	-0.04882125134458566	0	76.41162959000434	-11.595759588236833	26.229639761452518	65.31551170371336	99.61027650932088	139.70482912984235	209.30329158948763	0.10523355517827919	1.0116623321913998	-17.80139061570048	1.0148793342288553	-11.250551498090196	1.099292473433015	1.6115579688733788	1.099292473433015	-0.25382601522652826	1.099292473433015	0.01490905154136391	1.1818695748923786	NaN	NaN	800000009	800000009	800000009	800000009	800100009	811110019	899999999	899999999	89999	89999	89	89	4	19	9	6	12	0	0	NaN	0	0	0	0	0	0	0	0	0	NaN	NaN	NaN	NaN	0	0	0	0	0	0	0	0	18000	0	0	0	18000	18000	18000	18000	100	NaN	0.1977698058974508	0.3534921241847225	0.09697660452049908	0.1008710572070727	1.2316184329752045	0.07107565551422838	4.3468198417192406e-8	NaN	-0.015368070224251611	0.041321481791948125	-0.006508277870909043	0.00001490905154136391	NaN	422.42977618985697	16.73186261884783	96088.44359418403	11.489999771118164	14.03358789343304	96.94897154278226	96.8572474123637	97.04069616868762	-0.183453838815292	0.00028294362939777795	-1	0	2.0028692184918455	56.48768879062952	1.00013143738442	-273.1499938964844	9.001046703153186	-273.1499938964844	225
DATA	2025-04-05T073000_AIU-0547.ghg	2025-04-05	08:00:00	95.333	1	18000	18000	0.1756713953157058	1	NaN	-20.570227234887714	1	NaN	-25.769183232907874	1	NaN	16.508296379097526	1	NaN	-0.5814534698949652	1	NaN	0.0001698465106053032	1	NaN	NaN	NaN	NaN	NaN	NaN	NaN	NaN	NaN	NaN	-3.463879823707429e-10	-1.386926302410205e-11	-1.7594092650612162e-12	NaN	16.61672973239327	423.3502673761596	430.6501351659632	0.1	1	665.3284957568573	16.95080807762983	17.24309242804241	0.1	1	0.08440139304515389	2.018220929655599	2.0530212996858603	0	0	NaN	NaN	NaN	NaN	9	291.58142005242246	290.3334327714708	95704.95358463541	1.141043844658152	1014.7926213435671	0.025221601073421637	-0.03767818484919374	0.01211079209060885	1622.7114587359729	1954.3838253636386	0.010613783289140089	83.02931275201514	331.6723666276657	287.39300300862516	-0.4076382716457921	0.18049215335562765	0.19197604076849395	0.48538765761236163	-2.391521862436745e-14	-2.0845737274975428e-14	0.48538765761236163	3.3610315498807783	175.88257887830315	156.11742112169685	23.297832583907017	NaN	0.3923732205469101	0.45231056990245766	248.56247412056123	0.011667086957757757	0.7982490965650411	-0.045275170746957784	0	83.37585027050879	-12.652606944638725	28.62023135921089	71.26842279598293	108.68884153115265	152.43764565806964	228.3793709717266	0.17347641111014098	1.012652926075184	-21.82799360339854	1.0149541428977573	-23.512357831227074	1.0959846484933757	15.062525193022632	1.0959846484933757	-0.5305306700183032	1.0959846484933757	0.007565666017579952	1.1757884689374667	NaN	NaN	800000009	800000009	800000009	800000009	800000009	800111109	899999999	899999999	89999	89999	89	89	17	12	5	0	5	0	0	NaN	0	0	0	0	0	0	0	0	0	NaN	NaN	NaN	NaN	0	0	0	0	0	0	0	0	18000	0	0	0	18000	18000	18000	18000	100	NaN	0.2599528617828175	0.5159367019633638	0.12873157605873403	0.06324930555410417	8.870010288399977	0.06243081474264739	2.8424875492894376e-8	NaN	-0.01885099093382576	0.38645345711476525	-0.013611622812684777	0.000007565666017579952	NaN	423.3505644061529	16.95074052639527	96091.27948676216	11.489999771118164	14.23481283299127	96.92789170413548	96.83489455180697	97.02089065149096	-0.18599641234800215	0.0002830670695337984	-1	0	2.0039457220368915	56.73591853875154	1.0001201581954957	-299.03036998325024	9.000983581728406	-273.1499938964844	139
DATA	2025-04-05T080000_AIU-0547.ghg	2025-04-05	08:30:00	95.354	1	18000	18000	0.14029061418199237	1	NaN	21.765518372773055	0	NaN	28.96670038904693	0	NaN	-1.3864266744324265	1	NaN	0.6535560469600895	0	NaN	-0.0018354775058794987	0	NaN	NaN	NaN	NaN	NaN	NaN	NaN	NaN	NaN	NaN	3.8896329081557904e-10	1.5615397326161366e-11	1.986818760475429e-12	NaN	16.592264977464616	422.735921493343	430.0341340103204	0.1	1	666.1163566895768	16.971240047661368	17.264235533133544	0.1	1	0.08475304511868796	2.0259724418966303	2.060949307317171	0.9	0	NaN	NaN	NaN	NaN	9	291.4756723514133	290.26054469977487	95705.51575	1.1413282044439526	1014.8027820380701	0.025215121090175287	0.0423504318430138	0.012128506137451082	1624.676967208289	1945.3866257546397	0.010626659439613174	83.51434854642616	320.70965854635074	287.41169938676086	-0.6313598106332298	0.3723731008416806	0.1837112565856506	0.7556631276630962	2.295942200007895e-14	2.3442446907873252e-14	0.7556631276630962	3.8498681544603426	182.53190758382564	149.46809241617436	14.070323906043452	NaN	0.3505976763787145	0.5347773200567041	-167.58589119125915	-0.01730455934796053	0.7513979183146164	0.05360036938502065	0	78.96286104911977	-11.982918804871561	27.10539496363494	67.49626598314482	102.93606438278104	144.36929391064612	216.29150980790084	0.13809533434316867	1.0158968429256878	23.16513763905797	1.016860739434167	26.65737566733669	1.0866298599880504	-1.2758959839808497	1.0866298599880504	0.6014523169529656	1.0866298599880504	-0.00983523926564936	1.15031049351445	NaN	NaN	800000009	800000009	800000009	800000009	800000009	800110119	899999999	899999999	89999	89999	89	89	3	10	2	0	18	0	0	NaN	0	0	0	0	0	0	0	0	0	NaN	NaN	NaN	NaN	0	0	0	0	0	0	0	0	17901	0	0	0	18000	18000	18000	18000	100	NaN	0.29807656744715433	0.6537315919522673	0.11774648071398663	0.12068423373193284	0.932723120172147	0.14227282625203244	6.803079877655596e-8	NaN	0.020000584427412968	-0.032727446064827234	0.015427588542310983	-0.00000983523926564936	NaN	422.7361179065478	16.971097844648014	96088.77008094618	11.489999771118164	14.251210586018033	96.92414807913039	96.83043824344212	97.01785744222005	-0.18741580534519406	0.000283482842461025	-1	0	2.011617909577158	49.718449641865256	1.0001289693928428	-273.1499938964844	9.001039408710268	-273.1499938964844	072
DATA	2025-04-05T083000_AIU-0547.ghg	2025-04-05	09:00:00	95.374	1	18000	18000	0.1800511250154741	1	NaN	0.9702013008000351	2	NaN	-4.445135118915472	1	NaN	0.8381722752209309	1	NaN	-0.10029881215253633	1	NaN	0.007436324612914615	1	NaN	NaN	NaN	NaN	NaN	NaN	NaN	NaN	NaN	NaN	-1.6255787728588674e-10	-6.644747126605356e-12	-8.279044904195447e-13	NaN	16.604282483698785	423.11932505278236	430.56618556858683	0.3	0	678.7198514462891	17.295507091367323	17.599906397268686	0.8	0	0.08456532687291868	2.0224006452543484	2.0579947073086005	0.9	0	NaN	NaN	NaN	NaN	9	291.59558338165283	290.3250933474046	95675.82870507779	1.1405797258465697	1014.9873661438762	0.025228554157924077	-0.0064993630274843535	0.012353662487969855	1655.2058462235057	1953.3525740586103	0.010831038118620446	84.73666598674374	298.1467278351047	287.6995738878801	-0.9060320023790023	0.4516521377004597	0.18311089538742464	1.0287921280967536	1.0646941676375038e-14	-9.790117546209995e-15	1.0287921280967536	4.149897711050146	178.49601108634604	153.50398891365396	10.25248888530289	NaN	0.3973151229509779	0.43774716589946916	-5470.814519004365	-0.0005300856005858103	-0.21826137447915098	0.002109310296375046	0	83.85742657979682	-12.725688007506475	28.785540922402397	71.6800669820094	109.31662488803049	153.31812074233437	229.69848309152212	0.17778129511925567	1.0127675405598537	0.7086011998586639	1.014968234852958	-4.0931068628527285	1.086005146666851	0.7717940175453453	1.086005146666851	-0.09235574293581551	1.086005146666851	0.00681477074696111	1.1483335318150902	NaN	NaN	800000009	800000009	800000009	800000019	800000019	800001019	899999999	899999999	89999	89999	89	89	26	22	7	5	22	0	0	NaN	0	0	0	0	0	0	0	0	0	NaN	NaN	NaN	NaN	0	0	0	0	0	0	101	0	18000	0	0	16	18000	18000	18000	18000	100	NaN	0.3867592054489757	0.35862729952132455	0.13010782682863808	0.020121301664199474	0.4619663214276658	0.04592368187942299	1.3378940502897474e-8	NaN	0.0006120904439655356	0.019814032839864524	-0.0023710208706985993	0.00000681477074696111	NaN	423.11923638647085	17.29545569419861	96061.32884809028	11.470525809552935	14.541635044892645	96.91085632133483	96.81497963968913	97.00673688528273	-0.1917703869512511	0.0002834564236173819	-1	0	2.0078144225875536	47.16410912492548	1.000118409746223	-273.1499938964844	9.000942304637697	-273.1499938964844	238
DATA	2025-04-05T090000_AIU-0547.ghg	2025-04-05	09:30:00	95.395	1	18000	18000	0.08066862419356366	1	NaN	6.919289533798254	1	NaN	0.660355513595116	2	NaN	0.7434565506748352	0	NaN	0.014903323044161662	2	NaN	0.0027899289804274403	2	NaN	NaN	NaN	NaN	NaN	NaN	NaN	NaN	NaN	NaN	3.247548575597966e-11	1.3371284013680603e-12	1.649982944482952e-13	NaN	16.63661020789638	424.30006497040984	431.8443448706732	0	0	684.9869522697454	17.46990551079853	17.780529684315468	0.1	1	0.0845256736213273	2.023700045812122	2.0596825045488347	0	0	NaN	NaN	NaN	NaN	9	291.76769836001927	290.55083582325216	95664.15375858986	1.1394788411519192	1015.0903240176059	0.025251251948879685	0.0009657353332616756	0.012467013648898536	1671.692020371248	1981.4367872962407	0.010940978628699602	84.3676685064653	309.74476692499275	287.8530965575443	-0.5728882930724694	0.41850077323007095	0.1819698008623362	0.7324321824984712	1.229520433956272e-14	1.9520494469820264e-15	0.7324321824984712	3.723731808983331	188.14851151337686	143.8514884866231	14.385569865326048	NaN	0.26607201122163715	0.3680980342132647	-230.36792517842133	-0.012588558054485808	10.478127904358924	0.022482849746727946	0	72.61005805109191	-11.018856440650007	24.924683270822882	62.06598552982293	94.65454406135635	132.7543439076543	198.89019818241584	0.07937728168659709	1.0162684143312584	6.878711008974915	1.017093403711497	0.6076209724642851	1.0867885466773128	0.6840857432182536	1.0867885466773128	0.013713176394549111	1.0867885466773128	0.0004851268624835752	1.1505951537032277	NaN	NaN	800000009	800000009	800000009	800000019	800000019	801000019	899999999	899999999	89999	89999	89	89	17	17	1	4	14	0	3	NaN	0	0	0	0	0	0	0	0	0	NaN	NaN	NaN	NaN	0	0	0	0	0	0	101	0	18000	0	0	16	18000	18000	18000	18000	100	NaN	0.2238269807339352	0.42873304362922643	0.08363604406336783	0.03662157703357308	0.2746660402805919	0.040269474283600934	2.1231419062904536e-8	NaN	0.005946974972774483	0.017581246560598684	0.00035243350371158045	4.851268624835752e-7	NaN	424.29986182488324	17.469859465777024	96053.23750911458	11.476143448034925	14.69608659161461	96.90517197036743	96.81073365486992	96.99961027230157	-0.1888802952811954	0.0002834372046862781	-1	0	2.0089649388591453	54.72360952284934	1.0001186251789331	-302.7751513904939	9.000950939125484	-273.1499938964844	092
DATA	2025-04-05T093000_AIU-0547.ghg	2025-04-05	10:00:00	95.416	1	18000	18000	0.14114247186955967	1	NaN	9.65748765231718	1	NaN	7.982211060157249	1	NaN	1.5451928898243121	1	NaN	0.1801907595577086	1	NaN	0.0023405094524228502	1	NaN	NaN	NaN	NaN	NaN	NaN	NaN	NaN	NaN	NaN	-1.8799233818351944e-10	-7.747286285487673e-12	-9.546143911540785e-13	NaN	16.626137233280602	424.5186060846288	432.07766981549344	0.3	0	685.17390768494	17.494687318816013	17.80620124187859	0.1	1	0.0844265783677758	2.0236370488190016	2.059670337350794	-0.2	0	NaN	NaN	NaN	NaN	9	291.95632225290933	290.7992618543837	95664.84850564235	1.138502927759125	1015.1090845186664	0.0252726586705957	0.011676361219339517	0.012474123715894528	1674.0755446299934	2012.7515066814192	0.010956602228899758	83.17348361547982	338.6759620514258	287.8751822387108	-0.7571205969956154	0.4374206020416872	0.1591352577003249	0.8887589165397909	-2.490626413442776e-15	-1.130703635762217e-14	0.8887589165397909	3.7882972211323187	182.01684381809687	149.98315618190313	10.314624744809342	NaN	0.3520965613321476	0.399777189766407	-382.48403152361345	-0.007582015877755572	1.2098762585371836	0.02373315697213132	0	84.08065108903573	-12.759563187989148	28.86216667288933	71.8708759350965	109.60762058080988	153.7262463390288	230.3099296055913	0.13917533224805562	1.0141342548979726	10.015349454117093	1.0157754527186895	7.349548498601218	1.0860818268872494	1.4227223507209323	1.0860818268872494	0.16590900896863542	1.0860818268872494	-0.0011741850487334215	1.1490806125792643	NaN	NaN	800000009	800000009	800000009	800000009	800000009	800000009	899999999	899999999	89999	89999	89	89	10	16	2	2	7	0	0	NaN	0	0	0	0	0	0	0	0	0	NaN	NaN	NaN	NaN	0	0	0	0	0	0	0	0	18000	0	0	0	18000	18000	18000	18000	100	NaN	0.3368922011766697	0.3611611458655791	0.10150103249056529	0.018146297093167247	0.23504910009846777	0.008513841261307305	7.451876460211575e-9	NaN	0.008666011101156964	0.03659639049983826	0.004267642858482309	-0.0000011741850487334216	NaN	424.5183363190265	17.49467046470521	96053.31996484374	11.489999771118164	14.718662503984236	96.90544582345751	96.81432660357157	96.99656545066833	-0.18223998071253336	0.00028391986628735645	-1	0	2.0088866742120848	53.5560541415231	1.0001177152627043	-273.1499938964844	9.001086706399917	-273.1499938964844	011
DATA	2025-04-05T100000_AIU-0547.ghg	2025-04-05	10:30:00	95.437	1	18000	18000	0.15942378252437078	1	NaN	4.99174270316331	2	NaN	-22.232363406317646	1	NaN	-2.537834812403858	1	NaN	-0.5020488002351438	1	NaN	0.0025870851180034233	2	NaN	NaN	NaN	NaN	NaN	NaN	NaN	NaN	NaN	NaN	2.7149765594384957e-10	1.1181852270355632e-11	1.3809481589477611e-12	NaN	16.616705627009388	424.83146412080583	432.3971297364082	0.1	1	684.372566294399	17.49703014960912	17.808628255111994	0.1	1	0.08451936339421404	2.0291977805886052	2.065335009519206	0	1	NaN	NaN	NaN	NaN	9	292.1604766438802	291.1598247816297	95661.06012630208	1.1370469989824354	1015.117357947849	0.025304996411689307	-0.03253276225523731	0.012459851152263092	1674.2334281345773	2058.972803806884	0.010958079273252245	81.31401371786198	384.73937567230655	287.87664420764304	-0.6747133840809961	0.5340000746924175	0.19196470541542185	0.8816148130304795	6.179522107667646e-15	1.633883767565501e-14	0.8816148130304795	4.17749437345333	190.35975758237404	141.64024241762596	12.576453162555513	NaN	0.3744444056138991	0.41668057944310594	-890.0058039924864	-0.0032584057171210113	-0.22452595848378562	0.01154968594055228	0	83.05888988099095	-12.604506982688383	28.511429114312946	70.99748982226875	108.27565165139508	151.85814097669962	227.51116735945538	0.15718926233925173	1.0142154759928603	3.6746055306692766	1.0158246588897577	-20.469955853948182	1.08609728154492	-2.3366551555988733	1.08609728154492	-0.46225030553525004	1.08609728154492	0.0022493238795493254	1.1491318162152437	NaN	NaN	800000009	800000009	800000009	800000009	800000009	800000009	899999999	899999999	89999	89999	89	89	15	9	5	0	10	0	0	NaN	0	0	0	0	0	0	0	0	0	NaN	NaN	NaN	NaN	0	0	0	0	0	0	0	0	18000	0	0	0	18000	18000	18000	18000	100	NaN	0.315855882564688	0.3991475959905964	0.11835768033092756	0.06124231954208482	0.438748469809098	0.027364618586768617	1.3249994283400119e-8	NaN	0.0031835820989424388	-0.06018234509376885	-0.011905611035828073	0.0000022493238795493256	NaN	424.8312033714669	17.49699604183418	96051.31130338542	11.489999771118164	14.720016711129059	96.87742418501111	96.78763439411588	96.96721688652039	-0.179585219082733	0.00028379925345264683	-1	0	2.014423450052738	54.230091041869684	1.00010301945938	-305.4499952528157	9.000973615911272	-273.1499938964844	189
DATA	2025-04-05T103000_AIU-0547.ghg	2025-04-05	11:00:00	95.458	1	18000	18000	0.10138069667423194	1	NaN	4.377459748449513	2	NaN	-10.826037294714357	1	NaN	0.5066480141126981	1	NaN	-0.24462359893628566	1	NaN	0.003664512731608992	2	NaN	NaN	NaN	NaN	NaN	NaN	NaN	NaN	NaN	NaN	-3.918310066291278e-11	-1.6409600935754578e-12	-1.9895495064505838e-13	NaN	16.586270485701686	425.09760326955666	432.80269534414185	0.3	0	694.621086841309	17.802782093255068	18.125465811434786	0.1	1	0.08421795544607773	2.0281312100150677	2.0648920329232996	0	1	NaN	NaN	NaN	NaN	9	292.6658639204237	291.8007588602702	95664.1452921007	1.1344540426063274	1015.3029269725557	0.025359882762310236	-0.01585160921107131	0.012650142819030806	1703.54476808206	2143.4349819986123	0.01115086406670825	79.4773241264177	439.8902139165523	288.14598496002617	-0.7067009192203908	0.09443793614643647	0.15972534094036941	0.7306551153239269	3.730171757724784e-15	-2.3623816274243723e-15	0.7306551153239269	3.078444843110621	159.6114624295911	172.38853757040883	12.627149672771479	NaN	0.2989401045873459	0.24751038035244183	-516.4784593406238	-0.005614948595731105	-0.40434552637156895	0.012713216239412904	0	82.12721157557516	-12.46312120540363	28.191614101130533	70.2011052197155	107.0611148836523	150.15473589084448	224.95915613979741	0.0997549169555616	1.0162977401845223	3.7102454719981015	1.017111868293042	-9.961369415917794	1.0868021094986062	0.46618239851083754	1.0868021094986062	-0.22508568652773614	1.0868021094986062	0.002722163971028661	1.1506177059229656	NaN	NaN	800000009	800000009	800000009	800000009	800000009	800000009	899999999	899999999	89999	89999	89	89	11	6	3	0	4	0	0	NaN	0	0	0	0	0	0	0	0	0	NaN	NaN	NaN	NaN	0	0	0	0	0	0	0	0	18000	0	0	0	18000	18000	18000	18000	100	NaN	0.23821237910011941	0.17921266864541563	0.07759571295934864	0.08390704419442757	0.1597936740746267	0.009419559867132285	1.848538189180003e-8	NaN	0.0032212178609224876	0.012036674749816755	-0.0058116376942330805	0.000002722163971028661	NaN	425.0974352998178	17.802764860045425	96059.19307248262	11.489999771118164	14.990478028191461	96.81160403272843	96.7235947763655	96.89961210865447	-0.17601994649610608	0.0002844691578648053	-1	0	2.0131287257406445	52.54992615392473	1.000093533164925	-327.8177461920776	9.000848762247298	-273.1499938964844	169
DATA	2025-04-05T110000_AIU-0547.ghg	2025-04-05	11:30:00	95.479	1	18000	18000	0.15841280415822698	1	NaN	3.95555967649727	2	NaN	-5.124067777348029	2	NaN	0.9678974539712997	1	NaN	-0.1158937517795294	2	NaN	-0.0010743744214973443	2	NaN	NaN	NaN	NaN	NaN	NaN	NaN	NaN	NaN	NaN	-5.5198961785539845e-11	-2.314733562097211e-12	-2.811346459498915e-13	NaN	16.52119653108563	424.73295402016765	432.43501422389073	0.2	0	692.8059307544078	17.810907882994314	18.133888907893255	0.1	1	0.08414434958905467	2.03558282298681	2.072495855761669	-0.2	0	NaN	NaN	NaN	NaN	9	293.2511012819079	292.79366294860836	95645.05574392361	1.1303778443272594	1015.3275320805129	0.025451253018997606	-0.007509915115313505	0.012610481900877064	1703.9822299412228	2280.2739862414105	0.01115598820709561	74.72708280770712	576.2917563001877	288.149973844974	-0.912768904918531	0.0426980281625279	0.1407687321539393	0.9245463922094543	3.8573494595992323e-14	-3.3410995191346865e-15	0.9245463922094543	3.844595825824906	154.6782624696169	177.32173753038305	8.757750257571526	NaN	0.37435472801988173	0.44878780527170625	-1122.3056593613012	-0.0025839662981387585	-0.7719569389740737	0.00920650554193246	0	88.94346214050452	-13.497513525894643	30.53141234651807	76.02753368273738	115.94678591530698	162.61701585515263	243.62992245106906	0.15626486983338078	1.0137454715646355	3.6236333809087578	1.015541952578479	-4.718208719179304	1.086019733827994	0.891233762907477	1.086019733827994	-0.10671422274347446	1.086019733827994	-0.001839600739088435	1.1488443845086707	NaN	NaN	800000009	800000009	800000009	800000009	800000009	801000009	899999999	899999999	89999	89999	89	89	4	9	0	6	2	0	0	NaN	0	0	0	0	0	0	0	0	0	NaN	NaN	NaN	NaN	0	0	0	0	0	0	0	0	17302	0	0	0	18000	18000	18000	18000	99	NaN	0.5062426533905443	0.2916390477415963	0.09969390941127193	0.17296436310784216	0.26554574330697583	0.006226558533847962	2.3130588521391036e-8	NaN	0.00315728984102638	0.023094459627668998	-0.002765275970702985	-0.000001839600739088435	NaN	424.73275689435457	17.810893599275314	96044.83949110244	11.470525809552935	14.995218314541706	96.71701856104532	96.62921883392335	96.80481800672743	-0.17559464824365234	0.00028545117574524023	-1	0	2.020557015677293	53.27283925406147	1.0000914927671354	-273.1499938964844	9.000936704397201	-273.1499938964844	145
DATA	2025-04-05T113000_AIU-0547.ghg	2025-04-05	12:00:00	95.499	1	18000	18000	0.1935524120762058	1	NaN	51.759562286938156	1	NaN	4.660095805483115	1	NaN	-0.34502076588266894	1	NaN	0.1055294436789318	1	NaN	0.003398249686341384	1	NaN	NaN	NaN	NaN	NaN	NaN	NaN	NaN	NaN	NaN	-2.5482812451863827e-11	-1.0795413105562302e-12	-1.297808868019062e-13	NaN	16.449538064079505	424.6078613921963	432.38556019428927	0.1	1	696.860125360384	17.987878222848337	18.317368822592123	0.1	1	0.08377551110069117	2.0386301584502657	2.0759724989554584	-0.2	0	NaN	NaN	NaN	NaN	9	294.3984888797337	294.06498154534233	95613.46785546876	1.1250434226432258	1015.4542564696895	0.02557020795714334	0.00683830795039478	0.0126765324581167	1720.344756768342	2466.60635387323	0.011267593946137569	69.74541170977452	746.2615971048881	288.29852902839895	-1.275628808249947	0.11468070472217744	0.14807418893505953	1.2893046520902425	4.3921208773511774e-14	-1.5491506419569365e-15	1.2893046520902425	4.618803674070665	157.13715559032684	174.86284440967307	6.594863739688672	NaN	0.41477698601850294	0.4833572575148892	-116.63932579228593	-0.024862969502793496	11.106973857927414	0.10923109672724257	0	91.90014399422279	-13.946201404147988	31.546345548811647	78.55486086129497	119.8011193273704	168.0227732690614	251.72873211507726	0.1914406965531768	1.011030651063487	51.606731820581025	1.0140306564454054	4.288070160813362	1.086758292359467	-0.3174770032199087	1.086758292359467	0.09710479728644741	1.086758292359467	-0.012455404714632247	1.1479080758483988	NaN	NaN	800000009	800000009	800000009	800000009	800000009	800000009	899999999	899999999	89999	89999	89	89	14	26	1	0	3	6	0	NaN	0	0	0	0	0	0	0	0	0	NaN	NaN	NaN	NaN	0	0	0	0	0	0	0	0	17901	0	0	0	18000	18000	18000	18000	94	NaN	0.5796622504928008	0.2742738769526951	0.11277838758428245	0.18493275958357613	0.13689680678170907	0.00488383820586052	2.7482003543644372e-8	NaN	0.045172768438417804	-0.008266693150921387	0.0025284841248594276	-0.000012455404714632247	NaN	424.60767226020755	17.987864223253233	96018.18921918402	11.473071711063387	15.144584026707541	96.63323638004726	96.5479549914466	96.7185193417867	-0.17056789190446342	0.00028683764886550816	-1	0	2.023482357872857	55.94491910571782	1.0000790337489711	-273.1499938964844	9.00084523153305	-273.1499938964844	179
DATA	2025-04-05T120000_AIU-0547.ghg	2025-04-05	12:30:00	95.52	1	18000	18000	0.2715342523046093	1	NaN	21.109152102016456	2	NaN	-7.476166620351691	2	NaN	0.13259112931267328	1	NaN	-0.16948253308067224	2	NaN	0.004834900929228333	2	NaN	NaN	NaN	NaN	NaN	NaN	NaN	NaN	NaN	NaN	6.794819304280947e-10	2.8926674972683996e-11	3.4718299830149077e-12	NaN	16.317209754574343	423.22173308990773	430.9869334979587	0	0	694.6507359427565	18.01725250700146	18.34782999293979	0.1	1	0.08337319291093276	2.039256009160842	2.076671931729006	0	1	NaN	NaN	NaN	NaN	9	295.7837221620348	295.17665219624854	95558.91534331597	1.1201543680649468	1015.4952154271946	0.02568152513601408	-0.01098246814362756	0.012642196832918349	1722.170937277873	2640.3161790048957	0.011286120193199434	65.22593585465734	918.1452417270227	288.3150318093061	-0.9514693320888528	0.1914300921050307	0.15989150970177185	0.9836181499664506	-2.1212670995694754e-14	4.164204178582737e-14	0.9836181499664506	5.588434736680928	163.37570722110553	168.62429277889447	9.355196988978191	NaN	0.4923493535629585	0.6003196973630115	-478.16375947670645	-0.006064867825143642	-2.8235261697556235	0.037691347042101725	0	96.332114284022	-14.618769994275828	33.067697530946326	82.34324240592515	125.57864021544403	176.12582846324	263.8685853659381	0.2680057536645433	1.0131657570474495	20.48019540178732	1.0151990779647861	-6.884232439282327	1.0859840492444313	0.12209307255011985	1.0859840492444313	-0.15606355654909385	1.0859840492444313	-0.00135127748265593	1.1485251565950363	NaN	NaN	800000009	800000009	800000009	800000009	800000009	810100009	899999999	899999999	89999	89999	89	89	22	27	4	2	1	6	0	NaN	0	0	0	0	0	0	0	0	0	NaN	NaN	NaN	NaN	0	0	0	0	0	0	0	0	17102	0	0	0	18000	18000	18000	18000	93	NaN	0.8717753333442364	0.1876083322119467	0.14125572916984	0.598295001217708	0.11423827504584998	0.014570626696773106	1.438773017206115e-7	NaN	0.018004386925884613	0.00319308231392113	-0.004081507425902293	-0.0000013512774826559302	NaN	423.22152319144686	18.017232823950756	95962.23913802081	11.479999542236328	15.160752172496583	96.51537982601592	96.43022607654996	96.60053176837496	-0.170303356349882	0.00028841895391491974	-1	0	2.024116437945102	54.25272101259825	1.0000677454007996	-273.1499938964844	9.000755472183227	-273.1499938964844	163
DATA	2025-04-05T123000_AIU-0547.ghg	2025-04-05	13:00:00	95.541	1	18000	18000	0.2949834438991098	1	NaN	-14.219544222722739	2	NaN	-15.778712019804468	2	NaN	0.426110060305847	2	NaN	-0.3581039470533225	2	NaN	-0.00006534832439122426	2	NaN	NaN	NaN	NaN	NaN	NaN	NaN	NaN	NaN	NaN	3.605759996829159e-10	1.5654349859867358e-11	1.8300411054143636e-12	NaN	16.21852226304901	422.7468225434401	430.6507654577425	0.3	0	704.1245727366313	18.35348627768312	18.69663470620226	0.1	1	0.0823143038820061	2.0244897930081693	2.062340939134478	0	1	NaN	NaN	NaN	NaN	9	297.049944770813	296.34512379625124	95497.1357612847	1.1148735958783371	1015.7114342039911	0.02579986655726362	-0.023205135769055297	0.012819051899220535	1753.1755154145737	2834.335100490871	0.011498211049765896	61.85491317208561	1081.1595850762972	288.59289269860574	-0.8693262862905298	0.28010572902523795	0.1837893354781538	0.9316468919628542	5.4529850849769926e-14	2.2232358400766484e-14	0.9316468919628542	6.738228348989535	169.8594660041792	162.1405339958208	11.377571626562904	NaN	0.5143822879604848	0.711985142123944	809.1629615196066	0.0035839504993577624	0.901185356883074	-0.02441201897999283	0	88.02488950766842	-13.358116584985865	30.216096086633307	75.24235161198928	114.74933371540429	160.93757211861302	241.1138096990153	0.2924249777058966	1.0087491370035646	-15.038324260656244	1.0126887408546201	-14.440675733401038	1.092657456694258	0.38997588649145976	1.092657456694258	-0.3277366981384408	1.092657456694258	0.004968362880721007	1.167705741930571	NaN	NaN	800000009	800000009	800000009	800000009	800000019	810000019	899999999	899999999	89999	89999	89	89	19	7	4	4	2	1	0	NaN	0	0	0	0	0	0	0	0	0	NaN	NaN	NaN	NaN	0	0	0	0	0	0	0	0	15906	0	0	0	18000	18000	18000	18000	93	NaN	0.8633895509695791	0.3674082121022139	0.19317252117609499	0.49403395638651376	0.14098825251575173	0.017496478693162943	1.1951562272769313e-7	NaN	-0.013280165078124677	0.010249490168751882	-0.00861369685118394	0.000004968362880721007	NaN	422.7466495007537	18.353459915880883	95893.54243315972	11.479999542236328	15.43747633229362	96.41384008661905	96.32635191535948	96.50132575501337	-0.17497293206511227	0.0002899544237233285	-1	0	2.0092323132587806	55.68258895874023	1.0000779034859604	-410.22312465244346	9.000564098742274	-334.35849646673967	154
DATA	2025-04-05T130000_AIU-0547.ghg	2025-04-05	13:30:00	95.562	1	18000	18000	0.269124444421798	1	NaN	20.20381880496167	2	NaN	-1.564038446210076	2	NaN	4.763174179044093	1	NaN	-0.03554305744771322	2	NaN	-0.03040311153759982	1	NaN	NaN	NaN	NaN	NaN	NaN	NaN	NaN	NaN	NaN	2.4014086805176865e-11	1.061772489763047e-12	1.234996186099212e-13	NaN	16.029323556523206	419.7922649757309	427.7313584560172	0.3	0	708.7296269020776	18.560933921104304	18.911957514856283	0.1	1	0.0824355871562388	2.040266111793347	2.0788515378185837	-0.1	0	NaN	NaN	NaN	NaN	9	298.4791379665797	297.69786085171177	95446.78012044271	1.1091347984791737	1015.8604239083987	0.025931309699477493	-0.002303190122611816	0.012898231476359467	1772.0565867488413	3074.4002231085838	0.011629092779385605	57.639098951049434	1302.3436363597425	288.75999601158696	-1.1374962132333815	0.21767846465028845	0.1560308034688867	1.1686005137445379	-2.2054278108141885e-14	1.4981347603657438e-15	1.1686005137445379	5.255113984450963	162.83350490330716	169.16649509669284	7.673010897563137	NaN	0.49258865760853465	0.6568552654693821	-499.9761101176425	-0.005800277135876834	-12.917725170962944	0.036402455937563895	0	91.09660111245627	-13.824260671751638	31.270515280111653	77.8680044916551	118.75362002563675	166.55364060433442	249.52770367229377	0.26600303681262283	1.0117344811043414	19.94425377515862	1.0143933727549581	-1.4397977983795527	1.0862903443597096	4.38480761959791	1.0862903443597096	-0.03271966618525299	1.0862903443597096	-0.033603738877831274	1.1479797035561246	NaN	NaN	800000009	800000009	800000009	800000009	800000009	800000019	899999999	899999999	89999	89999	89	89	15	18	1	5	4	3	0	NaN	0	0	0	0	0	0	0	0	0	NaN	NaN	NaN	NaN	0	0	0	0	0	0	0	0	17302	0	0	0	18000	18000	18000	18000	93	NaN	0.860663113065098	0.29045494386244214	0.16259247401122418	0.5616461836780158	4.344580791328974	0.011094741378952513	5.918819769770946e-7	NaN	0.017701065903321496	0.11585475359702196	-0.000864514294019793	-0.00003360373887783127	NaN	419.7923812929797	18.56091129870552	95846.22913758682	11.479999542236328	15.605126419544229	96.27884105936687	96.18639130444001	96.37129443740847	-0.18490436451137146	0.0002909910828877603	-1	0	2.02477627193928	52.04304260857894	1.0000543495019276	-273.1499938964844	9.00057872136434	-273.1499938964844	102
DATA	2025-04-05T133000_AIU-0547.ghg	2025-04-05	14:00:00	95.583	1	18000	18000	0.33826368129220624	0	NaN	25.489692504649437	1	NaN	-1.604757632880411	2	NaN	-1.373231006007901	1	NaN	-0.036510457494893275	2	NaN	-0.0027383718437420323	0	NaN	NaN	NaN	NaN	NaN	NaN	NaN	NaN	NaN	NaN	-2.3955200905416824e-11	-1.068918395015142e-12	-1.2279743135765624e-13	NaN	15.8083447387674	416.01581325511086	423.88449727411336	0.1	1	705.3929771963767	18.563273886173842	18.914386829274708	0.1	1	0.08103560206410125	2.0165895182260622	2.0547320724496507	-0.2	0	NaN	NaN	NaN	NaN	9	299.5533136198256	298.88452923183996	95389.29656531964	1.1040648575033345	1015.8910452569661	0.026050364826119846	-0.002365877645669084	0.012840902743323552	1771.212619578072	3299.4105062268864	0.011630569215255336	53.68269926507512	1528.1978866488143	288.7525601079684	-1.1248615736120717	0.27564347881744744	0.15415371814718354	1.1683562196616863	1.5021662579809098e-14	-1.5153516260731955e-15	1.1683562196616863	6.285380020432104	165.76881823703965	166.23118176296035	7.58175141303748	NaN	0.5535162715697413	0.9783437143363884	-562.0590847933735	-0.005159599904102805	-15.883826929613967	0.041057498482076606	0	86.40582053796435	-13.11241662242521	29.660322102330802	73.85839580830806	112.63871379242622	157.97739766643085	236.67892895523656	0.3343398484731912	1.0117360608881465	25.183374260613338	1.0143942207210266	-1.4772828044052357	1.0862900644988536	-1.264147625838246	1.0862900644988536	-0.033610228693140926	1.0862900644988536	-0.009812976388319607	1.1479800325281688	NaN	NaN	800000009	800000009	800000009	800000019	800000019	800000019	899999999	899999999	89999	89999	89	89	15	10	2	1	0	0	0	NaN	0	0	0	0	0	0	0	0	0	NaN	NaN	NaN	NaN	0	0	0	0	0	0	101	0	17503	0	0	11	18000	18000	18000	18000	93	NaN	0.9845556745229682	0.737822012377304	0.23430974177250458	0.26275602143927934	0.5570780859924473	0.02367769335538072	3.1456920243742826e-8	NaN	0.022452887540371412	-0.03355455634839926	-0.0008921239019206823	-0.000009812976388319607	NaN	416.01553291317833	18.563242196626113	95783.59665277778	11.441050690491995	15.596650853792829	96.17955095566643	96.08331423738267	96.27578779008653	-0.19247556295163165	0.0002928001614184016	-1	0	2.001298727353414	53.39099637514132	1.0000322474340597	-273.1499938964844	9.00045695707533	-273.1499938964844	027
DATA	2025-04-05T140000_AIU-0547.ghg	2025-04-05	14:30:00	95.604	1	18000	18000	0.5544545282420408	1	NaN	-71.3425331057479	0	NaN	17.35509444702749	2	NaN	1.9730992474585305	1	NaN	0.39519134473725676	2	NaN	0.016626493331538806	1	NaN	NaN	NaN	NaN	NaN	NaN	NaN	NaN	NaN	NaN	-5.450709311944094e-11	-2.4367930776306136e-12	-2.7937140673802576e-13	NaN	15.702513592107541	414.72673728819353	422.56134823991425	-0.1	0	701.9962766827646	18.540765700303876	18.89101966984225	0.1	1	0.08048187970577007	2.0109458544303975	2.04893467212143	0	1	NaN	NaN	NaN	NaN	9	300.2645043233236	299.7671665106879	95341.78486197916	1.1002751732763127	1015.9009404729135	0.02614031430162302	0.025608399138974235	0.012781200707415797	1768.183863987559	3475.955600368514	0.011616367448660087	50.8690002772216	1707.7717363809547	288.7258491380586	-0.6681973584101096	0.13452896697406486	0.20450307796156997	0.7116229771705692	-3.4090189167441994e-14	-3.471233621274336e-15	0.7116229771705692	5.732843866459723	163.38325151764704	168.61674848235293	16.700901903864647	NaN	0.7098757010008181	1.0900366083922342	423.4549982871106	0.00684842548022953	-4.110754529369165	-0.0899111471858316	0	88.0903587995735	-13.368051802614605	30.238569575961062	75.29831377801824	114.83467954959897	161.0572708645752	241.29314023243396	0.5489171596143422	1.0100878038347154	-69.79680629779749	1.0134358471356952	15.875047635249997	1.0932310154768354	1.8048328482502138	1.0932310154768354	0.36148932763756786	1.0932310154768354	0.03412774642433175	1.1701352579837625	NaN	NaN	800000009	800000009	800000009	800000009	800000009	800000009	899999999	899999999	89999	89999	89	89	6	7	2	1	4	0	0	NaN	0	0	0	0	0	0	0	0	0	NaN	NaN	NaN	NaN	0	0	0	0	0	0	0	0	16038	0	0	0	18000	18000	18000	18000	93	NaN	1.2380245515254358	0.5748249402415332	0.3672237250174994	0.36822790301310393	0.8412437799573891	0.03290724742868022	1.1364061663493383e-7	NaN	-0.06244287275040497	0.048070398991575	0.009628003073847539	0.000034127746424331754	NaN	414.72641663652263	18.540725061592646	95737.07231488716	11.452286235332489	15.569913804743031	96.10537943861219	96.00472046449451	96.20603725285	-0.20131850005355156	0.0002933891678565286	-1	0	1.9957780763241981	53.97392443879444	1.0000290672083696	-273.1499938964844	9.000415259175831	-273.1499938964844	038
DATA	2025-04-05T143000_AIU-0547.ghg	2025-04-05	15:00:00	95.624	1	18000	18000	0.5581012802397786	0	NaN	-32.77522853227982	2	NaN	160.12979306390798	1	NaN	8.299222464089107	1	NaN	3.65169764835918	1	NaN	0.02667560443014339	2	NaN	NaN	NaN	NaN	NaN	NaN	NaN	NaN	NaN	NaN	-2.094969378623703e-11	-8.752255124171157e-13	-1.0744157273590135e-13	NaN	15.497267048623499	410.9786824271588	418.1583167252736	0.3	0	647.4368376022296	17.169655632681682	17.469602694994506	0.1	1	0.07947852421147221	1.9987023265047386	2.0336188620543374	0	1	NaN	NaN	NaN	NaN	9	301.69207329474557	301.28666152368737	95257.89286067983	1.0943339117871742	1015.1729137353798	0.02629595541832417	0.23663000761367486	0.011765961528307466	1635.9839344034733	3799.2123135631105	0.010751710608229516	43.06113476635786	2163.2283791596374	287.5188693591063	-1.6973062897016484	0.3810817854250868	0.17360142338437054	1.7482017682305604	-1.7426473612387387e-14	-1.3518315016774412e-15	1.7482017682305604	8.287184123940957	164.65428685270533	167.34571314729467	5.699027084088468	NaN	0.7141370753019484	1.6624859301900057	937.6705064008332	0.0030927708402937806	-0.20467914124637124	-0.04131181433564595	0	88.38102543710369	-13.412161586258877	30.338346026666244	75.5467712480048	115.21359286805286	161.5887021813497	242.08932118442712	0.5542620739960753	1.006926698440728	-23.14903086167121	1.0122453200398118	145.77013734858397	1.098508898849326	7.554988833301612	1.098508898849326	3.3242312849575337	1.098508898849326	0.02376419429815166	1.1698413876169136	NaN	NaN	800000009	800000009	800000009	800000019	800000019	801000019	899999999	899999999	89999	89999	89	89	11	40	5	3	0	0	0	NaN	0	0	0	0	0	0	0	0	0	NaN	NaN	NaN	NaN	0	14	0	0	0	0	0	0	16766	0	0	0	18000	18000	18000	18000	93	NaN	1.881585035012394	1.0747891188362908	0.3685977065313267	0.3665945772578073	5.755059792278594	1.0708992811832565	1.5666756513677628e-7	NaN	-0.020837371503171383	0.20213720673538146	0.08894133946588957	0.00002376419429815166	NaN	410.97660588966465	17.16863058492779	95648.85060004338	11.479999542236328	14.338443981753334	96.02388112301296	95.91850652270847	96.12925490230984	-0.21074850269489848	0.0002951678414182322	-1	0	1.9916681314640592	56.098562088232185	1.000025741694702	-273.1499938964844	9.000382125245201	-273.1499938964844	203
DATA	2025-04-05T150000_AIU-0547.ghg	2025-04-05	15:30:00	95.645	1	18000	18000	0.5654920002824636	0	NaN	73.85796073390087	0	NaN	31.289311722506753	0	NaN	0.8179536546399909	0	NaN	0.7144308437593295	0	NaN	0.0014721377281085996	0	NaN	NaN	NaN	NaN	NaN	NaN	NaN	NaN	NaN	NaN	-1.6603807549540197e-10	-6.152734573947248e-12	-8.563271463956726e-13	NaN	15.305063101168221	407.6762667349703	413.9294659071461	0.3	0	567.1469668510448	15.106919625718346	15.338639215515023	0.3	0	0.07893455143782385	1.9951690878124628	2.0257722666243665	-0.2	0	NaN	NaN	NaN	NaN	9	302.46962235344773	302.5661335856119	95161.28597786458	1.089455762686887	1014.0593619811077	0.02643443506234158	0.04629511867560455	0.010298184760814143	1437.979518092755	4091.3912468194962	0.009452595611056373	35.146468067814084	2653.4117287267413	285.5400221654043	-2.4017711704439395	0.393106110790733	0.09922659625284051	2.435751031390659	-6.183026103115351e-15	-1.0848571769869307e-14	2.435751031390659	10.650136721968583	161.29537660642646	170.7046233935735	2.334737327469738	NaN	0.720457609197206	1.9136684589076558	-426.8042837445119	-0.0067946834426243965	2.3604853116910847	0.09279314630417615	0	83.7181881102902	-12.704558032573392	28.7377448615712	71.56104803249262	109.13511348037294	153.06354841224407	229.31708735189468	0.560879933916201	1.008222912048324	75.07406541477621	1.0134845107687818	28.539403434311424	1.0963547922269903	0.7460665657131921	1.0963547922269903	0.6516420129911861	1.0963547922269903	-0.02161115091211445	1.1528513106538396	NaN	NaN	800000009	800000009	800000009	800000009	800000009	800000009	899999999	899999999	89999	89999	89	89	15	29	4	4	7	1	0	NaN	0	0	0	0	0	0	0	0	0	NaN	NaN	NaN	NaN	0	0	0	0	0	0	0	0	18000	0	0	0	18000	18000	18000	18000	93	NaN	2.548796709777366	0.8489500017706595	0.42959020626728595	0.18195804008050978	0.04242936265842792	0.02636837485512669	2.648222571922279e-8	NaN	0.06795430187414125	0.02002443688657563	0.017490080592620198	-0.00002161115091211445	NaN	407.67599731953936	15.106886152731796	95554.42873155381	11.467189859867096	12.383890906731303	95.98350444221497	95.87376376914978	96.09324589220682	-0.21948185573518308	0.000296219235829388	-1	0	1.9829989284740557	56.45714372168116	1.0000209182567066	-273.1499938964844	9.000313585307863	-273.1499938964844	009
DATA	2025-04-05T153000_AIU-0547.ghg	2025-04-05	16:00:00	95.666	1	18000	18000	0.5812359211361723	0	NaN	56.529019427584416	0	NaN	23.602346537961942	0	NaN	0.4124479958950972	1	NaN	0.5390902513861808	0	NaN	0.0017002568428281844	0	NaN	NaN	NaN	NaN	NaN	NaN	NaN	NaN	NaN	NaN	4.1259211599035803e-11	1.5077049641837124e-12	2.1337733564696911e-13	NaN	15.273103375373859	407.63068790470714	413.7944659231874	0.3	0	558.1137613904457	14.895747831543899	15.120986229381007	0.3	0	0.07898682449313121	1.9995129467256703	2.029747554458578	-0.2	0	NaN	NaN	NaN	NaN	9	302.5682202801175	302.90164072842066	95098.55868229168	1.0876190331631541	1013.9519487262664	0.026481203037255145	0.03493304828982451	0.010136298571703279	1416.9441276121754	4171.167067144246	0.009319714222197443	33.9699682319911	2754.222939532071	285.31592562477334	-2.6082419350899566	0.29785756894346743	0.10671855215991292	2.6273625506795906	8.906942940916588e-15	2.7014294727790287e-15	2.6273625506795906	9.680995091666825	158.5148745896423	173.4851254103577	2.3278877920276444	NaN	0.7310344165155024	2.186549738765743	-582.2737457405807	-0.004980475285403013	2.395059293645372	0.07011960406004081	0	84.83415970408349	-12.873911027377487	29.120821796931327	72.51496376608603	110.5898951625691	155.10390040658297	232.37390644022696	0.5765779921125064	1.0080785758169504	57.424283309311264	1.0136530344885395	21.487030382258844	1.0984461844224715	0.37548311582687993	1.0984461844224715	0.49077529607844883	1.0984461844224715	-0.01602374348154353	1.1542352245659548	NaN	NaN	800000009	800000009	800000009	800000009	800000009	800000109	899999999	899999999	89999	89999	89	89	6	32	7	3	15	7	0	NaN	0	0	0	0	0	0	0	0	0	NaN	NaN	NaN	NaN	0	0	0	0	0	0	0	0	17901	0	0	0	18000	18000	18000	18000	93	NaN	2.8931747348481216	1.0520311345402114	0.4278936081431537	0.1317382575943605	0.035955556401982953	0.03755348070802555	2.3400800583625442e-8	NaN	0.0520716585018596	0.01009363723259881	0.013192890951776087	-0.00001602374348154353	NaN	407.6304587489095	14.895692426244125	95483.06553645834	11.460000038146973	12.158204669157673	95.99275032721626	95.88304990429349	96.10245124138726	-0.21940282056894592	0.0002967859142485799	-1	0	1.9874936062461803	57.162172822330625	1.000010709769196	-273.1499938964844	9.000237715509202	-273.1499938964844	096
DATA	2025-04-05T160000_AIU-0547.ghg	2025-04-05	16:30:00	95.687	1	18000	18000	0.6490458746102258	0	NaN	59.56459235255489	0	NaN	30.506913485531495	0	NaN	1.104877810207992	0	NaN	0.6969578011461822	0	NaN	0.006613463083962277	0	NaN	NaN	NaN	NaN	NaN	NaN	NaN	NaN	NaN	NaN	-3.365152843255071e-12	-1.2069835739918474e-13	-1.739630103599601e-14	NaN	15.246570408344258	407.1482170904661	413.18201149997043	0.3	0	546.850645416192	14.60323596276577	14.819650820584561	0.4	0	0.0788177954893448	1.997275270299875	2.026874192398308	-0.2	0	NaN	NaN	NaN	NaN	9	302.6147154447767	303.14218957010905	95058.01404730903	1.0864134891082913	1013.7967300179236	0.026513536910539256	0.04516286551427261	0.009925130601991274	1388.526967063873	4229.193259637634	0.009135684250512798	32.831958291327766	2840.666292573761	285.0084937612988	-2.597229878538041	0.40074291113613475	0.09552143730071216	2.6297000338024343	-1.2435211602547496e-14	-2.2071539717636203e-16	2.6297000338024343	10.582907643650655	160.77135463281672	171.22864536718328	2.081674486767852	NaN	0.7729299257022766	2.0697278330172475	-652.9305189686349	-0.00444151393716566	1.9524948789330843	0.06996841183621982	0	86.26413333166742	-13.090915042236913	29.611685469400506	73.7372837154132	112.45401020904767	157.71834826450336	236.29082574616768	0.6438454569840154	1.0080771209454065	60.8345014740797	1.0136553520583254	27.772108716443753	1.0984730686823387	1.0058305858452552	1.0984730686823387	0.6344787332676352	1.0984730686823387	-0.012827136316512989	1.1542526866392082	NaN	NaN	800000009	800000009	800000009	800000009	800000009	800001009	899999999	899999999	89999	89999	89	89	18	31	5	9	14	2	0	NaN	0	0	0	0	0	0	0	0	0	NaN	NaN	NaN	NaN	0	0	0	0	0	0	0	0	18000	0	0	0	18000	18000	18000	18000	93	NaN	2.8218136067836403	0.8588756158780732	0.4587664433727815	0.11284572951608986	0.10648906625661982	0.0354785593924705	1.7766349458330197e-8	NaN	0.05523367219401962	0.027063446267307407	0.01707164342304029	-0.000012827136316512988	NaN	407.14803862726717	14.603200728852478	95441.4773953993	11.42105118640264	11.850698583284977	95.98663259039985	95.87540568394131	96.09785554356046	-0.2224497551143994	0.0002969437327863286	-1	0	1.9855112393829557	57.512624396933965	1.000011651083827	-273.1499938964844	9.00025411939621	-273.1499938964844	089
DATA	2025-04-05T163000_AIU-0547.ghg	2025-04-05	17:00:00	95.708	1	18000	18000	0.5941575219643016	0	NaN	51.66366701621398	0	NaN	22.03201406231048	0	NaN	1.2232478293318405	1	NaN	0.5034884735930396	0	NaN	0.0034767549038613984	0	NaN	NaN	NaN	NaN	NaN	NaN	NaN	NaN	NaN	NaN	-4.2323476014786964e-11	-1.510324519886353e-12	-2.1943994202803942e-13	NaN	15.202481761521751	406.470408966413	412.4530423500629	0.2	0	542.5046127952577	14.50500485961319	14.71849672615223	0.4	0	0.07882225257833543	2.000111559521315	2.0295501949620687	-0.2	0	NaN	NaN	NaN	NaN	9	302.6805809504191	303.4421422051324	95027.55252408855	1.0850322947479425	1013.7513067024207	0.02654827892840828	0.03262605308882897	0.009845466546194342	1378.744845691321	4302.531206293741	0.009073892633289301	32.04497026481745	2923.7863606024202	284.9013836715647	-2.476293794135683	0.4497428021707798	0.09228312397432868	2.5184947325634766	-2.751492633871707e-15	-2.783984659788234e-15	2.5184947325634766	9.697934089213698	162.2938169065176	169.7061830934824	2.099912048894173	NaN	0.7399961623662803	1.8928118191291288	-660.4429788375661	-0.00439099224751278	2.344936185593377	0.0634719249197904	0	84.53105655545056	-12.82791395519301	29.0167762944095	72.25587575346032	110.19476959584358	154.5497311810909	231.54365995758542	0.589351754191682	1.0081543284438186	52.50985817911077	1.013551940280951	20.079325330253766	1.0972487222523644	1.114831855826483	1.0972487222523644	0.4588644884083434	1.0972487222523644	-0.012943576606729717	1.1534362554125595	NaN	NaN	800000009	800000009	800000009	800000009	800000009	800000009	899999999	899999999	89999	89999	89	89	14	29	2	7	31	7	0	NaN	0	0	0	0	0	0	0	0	0	NaN	NaN	NaN	NaN	0	0	0	0	0	0	0	0	18000	0	0	0	18000	18000	18000	18000	93	NaN	2.5061491739138217	0.8370845171071885	0.4423899472372474	0.08768703716451538	0.11545468690325592	0.014423887017875047	1.6555615281709413e-8	NaN	0.047738278487487545	0.030032607028946282	0.012361412878437849	-0.000012943576606729717	NaN	406.4702828936423	14.50497731441231	95417.56128255208	11.432286731243133	11.745235749509598	95.97423980797662	95.85838097466363	96.09008907445272	-0.231707018838988	0.00029676123203373406	-1	0	1.988414507942067	56.77974574134438	1.0000238909456465	-273.1499938964844	9.00033946802881	-273.1499938964844	072
DATA	2025-04-05T170000_AIU-0547.ghg	2025-04-05	17:30:00	95.729	1	18000	18000	0.5960022943164155	0	NaN	44.35090988050899	0	NaN	12.665814099412037	1	NaN	0.6783424175708698	0	NaN	0.2893845045883266	1	NaN	0.003015899357171295	0	NaN	NaN	NaN	NaN	NaN	NaN	NaN	NaN	NaN	NaN	5.3826667572887015e-11	1.893776571688365e-12	2.8050894689586695e-13	NaN	15.192380651794904	405.91668566169415	411.79769764278217	0.1	1	534.5115319944682	14.281313408870883	14.488224280559566	0.5	0	0.07917262742869	2.006839020970851	2.0359145548016553	-0.2	0	NaN	NaN	NaN	NaN	9	302.4965625161065	303.22230714755585	95014.19964236111	1.0857587011824945	1013.6205162810897	0.026532773744492207	0.018752115897323562	0.009699297725729108	1357.2915448402057	4248.674710749155	0.008933198246687455	31.946233525627548	2891.383165908949	284.66411710434966	-2.6561422833386077	0.34110094830773646	0.11613302603824074	2.6804717058779914	1.1689706918498958e-16	3.543004141785222e-15	2.6804717058779914	9.597092458233622	159.31785346497526	172.68214653502474	2.483150891061046	NaN	0.7408960963322636	1.9792016117089801	-772.0383343669456	-0.0037562901619100767	3.5016233092010896	0.05439218642418393	0	88.63469682088228	-13.45065719741774	30.425423203923202	75.76360573151194	115.54427913683507	162.05249437523526	242.7841664048707	0.591244477185302	1.008047123169359	44.69681047235335	1.0137070376526844	11.524448504950795	1.0990386302625175	0.6172143534289056	1.0990386302625175	0.2633069453793484	1.0990386302625175	-0.010754132258238085	1.1546368485243288	NaN	NaN	800000009	800000009	800000009	800000009	800000009	800001009	899999999	899999999	89999	89999	89	89	18	28	3	4	46	5	1	NaN	0	0	0	0	0	0	0	0	0	NaN	NaN	NaN	NaN	0	0	0	0	0	0	0	0	17702	0	0	0	18000	18000	18000	18000	93	NaN	2.8109550001943093	0.7535425260841726	0.39390569713947815	0.06374081351144953	0.0885617486837939	0.02507606639533908	1.3325320316663818e-8	NaN	0.040613257299613875	0.016613738441046112	0.007087509705406084	-0.000010754132258238086	NaN	405.91617227819876	14.281280452233267	95400.0575078125	11.460000038146973	11.507021081633019	95.95762730662028	95.83832093874614	96.07693912039863	-0.238615887886534	0.0002968275706613591	-1	0	1.9952789858537807	54.73057972200006	1.0000425491962168	-273.1903688981798	9.000449204736286	-273.1499938964844	090
DATA	2025-04-05T173000_AIU-0547.ghg	2025-04-05	18:00:00	95.749	1	18000	18000	0.5352653597664337	0	NaN	0.5037579117628512	1	NaN	41.232165884224	0	NaN	3.031459061251241	0	NaN	0.9414504865546598	0	NaN	0.006144714815105983	0	NaN	NaN	NaN	NaN	NaN	NaN	NaN	NaN	NaN	NaN	8.479746138808297e-11	2.9061548441177798e-12	4.399658064344861e-13	NaN	15.229044516638039	406.2275841226493	411.962981350277	0.2	0	521.9255478741578	13.922117974845536	14.118679902091536	0.7	0	0.079014851887193	1.996498454994623	2.0246863776057125	0	1	NaN	NaN	NaN	NaN	9	302.23600917646615	302.55940365600577	95019.64983007812	1.0883486055616152	1013.4013276411291	0.026473249338367554	0.06100599152874195	0.009476606630286405	1323.2296220174353	4089.804697305561	0.008707326477802797	32.35434745549594	2766.575075288126	284.2805331227763	-1.9123775049253098	0.49223431922224	0.16881844632279494	1.9819137252119297	9.102627285330877e-15	5.5681406207355975e-15	1.9819137252119297	10.381814356131922	166.43426432932284	165.56573567067718	4.886347656246061	NaN	0.7012946998581743	1.6364005596880349	-57641.12330929454	-0.00005031130265173683	0.012217595194425524	0.0006512861298020281	0	81.82729073809341	-12.417607061213777	28.088660983047465	69.94473739879824	106.67013778091592	149.60638494508282	224.13762650042145	0.5305867136731905	1.008817872692012	2.9373899547461253	1.0132967201452807	37.76515557996296	1.0918044756076823	2.7765585587693944	1.0918044756076823	0.8622885393748383	1.0918044756076823	0.0030133842947487285	1.1500537111036835	NaN	NaN	800000009	800000009	800000009	800000009	800000009	800011119	899999999	899999999	89999	89999	89	89	33	33	11	38	15	16	1	NaN	0	0	0	0	0	0	0	0	0	NaN	NaN	NaN	NaN	0	0	0	0	0	0	0	0	18000	0	0	0	18000	18000	18000	18000	93	NaN	1.9689992990629714	0.8728360863719223	0.4309657339411757	0.04770529959984685	0.3840673194491034	0.04474935650031856	1.3095688824166815e-8	NaN	0.0026632510766546645	0.07454259622406455	0.02314996246567385	0.0000030133842947487286	NaN	406.2272592047106	13.922060523788126	95403.82448741319	11.460000038146973	11.122633183770711	95.91862086719937	95.79690519968668	96.04033945189582	-0.24343818118340474	0.00029645671768553764	-1	0	1.9852613717483147	55.17281876488612	1.0000490766863028	-273.1499938964844	9.000465835306379	-273.1499938964844	161
DATA	2025-04-05T180000_AIU-0547.ghg	2025-04-05	18:30:00	95.77	1	18000	18000	0.43134168755260627	0	NaN	-3.984906582804479	2	NaN	41.899513530305896	0	NaN	1.9275778290768149	0	NaN	0.9551780507935371	0	NaN	0.007467324239092208	0	NaN	NaN	NaN	NaN	NaN	NaN	NaN	NaN	NaN	NaN	-1.1988323753385903e-12	-4.024751256389094e-14	-6.189278861834933e-15	NaN	15.292056738408853	406.1070471991162	411.72041513591574	0.2	0	513.3889093819433	13.633931499234633	13.822384948782384	0.4	0	0.07894915542156838	1.9798988718046235	2.0072657961703673	0.4	0	NaN	NaN	NaN	NaN	9	302.0406098929511	300.93831361088525	95028.14326421134	1.0944289929081137	1013.1937145084913	0.0263290542508493	0.061895537691421205	0.009331267560352552	1295.9547286788465	3722.8806508761136	0.008526151646949276	34.81053652294405	2426.925922197267	283.96706079876753	-2.057974662257257	0.047768360895262325	0.13659700147963846	2.063056050525237	3.7527850073035445e-14	-7.839575773528875e-17	2.063056050525237	7.484113091678563	153.32967337317746	178.67032662682269	3.7963880646621155	NaN	0.627793654587041	1.264375523176723	5227.229572773261	0.0005547871888208327	-0.09510627324878601	-0.005724283659595221	0	87.17813830827346	-13.229618823690647	29.92543380071063	74.51856142231573	113.64550800773526	159.38944086867517	238.7944269801589	0.428470589341018	1.0067008058032734	-1.5029807658832024	1.0123753927559713	38.05283852676949	1.101087728339381	1.7506123985088047	1.101087728339381	0.867485874385414	1.101087728339381	0.005396121425647228	1.170611323388617	NaN	NaN	800000009	800000009	800000009	800000019	800000019	800101019	899999999	899999999	89999	89999	89	89	24	30	6	35	48	6	0	NaN	0	0	0	0	0	0	0	0	0	NaN	NaN	NaN	NaN	0	17	0	0	0	0	0	0	18000	0	0	0	18000	18000	18000	18000	93	NaN	1.5722699640147126	0.6616984278493329	0.29478265448940033	0.047807261033001376	0.19687211345342356	0.02670650504647409	1.3766076195974855e-8	NaN	-0.0013554183043987885	0.04672924300693075	0.023155872918394584	0.000005396121425647228	NaN	406.1067862376622	13.633900404930356	95409.61589930556	11.460000038146973	10.809162592093166	95.91789078860813	95.79749917093913	96.03828283352323	-0.24078491087671744	0.0002953039831093823	-1	0	1.972776055031352	57.98144772665396	1.0000295356429285	-273.1499938964844	9.000423572646246	-273.1499938964844	121
DATA	2025-04-05T183000_AIU-0547.ghg	2025-04-05	19:00:00	95.791	0	18000	18000	0.4257577132622437	0	NaN	-69.86938104304735	0	NaN	55.52247603635289	1	NaN	8.480079730293792	0	NaN	1.2645388932991763	1	NaN	0.004964294643048662	0	NaN	NaN	NaN	NaN	NaN	NaN	NaN	NaN	NaN	NaN	1.3959784296917764e-10	4.758408345144252e-12	7.202649135865893e-13	NaN	15.38986355296997	407.3617826817795	413.0978764982724	0.1	1	524.5872973642772	13.885556287813161	14.081079915574062	0.1	1	0.079405086112518	1.9826946030642165	2.0106130842181416	0.8	0	NaN	NaN	NaN	NaN	9	301.34058850097654	299.96348754374185	95030.95818576388	1.0979131957177943	1013.3054048903896	0.02624298947468961	0.08194212028578662	0.009534650342900644	1319.911676362691	3516.324106288262	0.008684338962395908	37.53668992008687	2196.412429925571	284.24270534650867	-1.5466733860063124	0.3295087626616498	0.18900611734069478	1.5926386595973046	8.321702567264059e-14	9.07076547421616e-15	1.5926386595973046	6.467934171113657	164.0266926589476	167.9733073410524	6.815629254259953	NaN	0.6227263744710818	1.149606648613483	290.97746565690636	0.009966407513561242	-1.2583981484777613	-0.10085124689347727	0	87.18998933080506	-13.231417262081356	29.92950187324719	74.52869149813033	113.6609570125219	159.41110831755273	238.8268887669036	0.4227179562079735	1.0071909816217381	-66.07021813373493	1.012555631949276	50.46600508511046	1.1001955859734633	7.7077929037413275	1.1001955859734633	1.1493764467163359	1.1001955859734633	0.02083275120507928	1.1744678300709033	NaN	NaN	800000009	800000009	800000009	800000009	800000009	800001019	899999999	899999999	89999	89999	89	89	38	43	9	17	9	8	1	NaN	0	0	0	0	0	0	0	0	0	NaN	NaN	NaN	NaN	0	0	0	0	0	0	0	0	18000	0	0	0	18000	18000	18000	18000	93	NaN	1.3964159568535028	0.6128527460291695	0.28994459434429337	0.11319518230074302	2.086548826528732	0.046702843786205275	1.814473576405148e-8	NaN	-0.05938781905619779	0.20512456069745796	0.030587918182681605	0.00002083275120507928	NaN	407.36120857676644	13.885498841515279	95414.03872981771	11.460000038146973	11.084482688638897	95.9372304594252	95.81502506171333	96.05943623118931	-0.24441461091861175	0.00029417658466587046	-1	0	1.971495946274863	55.4040913367018	1.0000383280187854	-273.1499938964844	9.000493646939596	-273.1499938964844	185
DATA	2025-04-05T190000_AIU-0547.ghg	2025-04-05	19:30:00	95.812	0	18000	18000	0.3710761077759867	1	NaN	-66.96737628019473	0	NaN	26.602921445427896	0	NaN	9.377892358774057	0	NaN	0.605441881454101	0	NaN	0.008169850311964228	0	NaN	NaN	NaN	NaN	NaN	NaN	NaN	NaN	NaN	NaN	6.598336807729308e-11	2.3305264994370896e-12	3.3837502016600045e-13	NaN	15.507131113497165	409.3451369099926	415.35028488351634	0.1	1	547.7104464857916	14.458032634328934	14.670133909137217	0.1	1	0.07952346108037107	1.9792281852717004	2.008263727786375	0.1	0	NaN	NaN	NaN	NaN	9	300.7335887688531	299.2051153598362	95042.37666753473	1.1005886920335495	1013.6023863505186	0.026173496668790774	0.03923263391822575	0.009954105705914896	1374.4943781985078	3362.608286024632	0.009044346700966707	40.87583986249772	1988.1139078261242	284.8546342683732	-1.0069470552881734	0.5322734843200037	0.23638273248192876	1.1632429799828314	-2.0502585511112588e-14	4.255033867603157e-15	1.1632429799828314	5.816194277245825	179.86098673720804	152.13901326279196	11.724740546776605	NaN	0.5806560736874193	0.8988993448196283	246.1603562855729	0.01178093842468965	-2.5172940655246743	-0.10338359742411495	0	86.4840968116755	-13.124295348952675	29.68719181407925	73.92530518976135	112.74075482087076	158.1205116597119	236.8933397959556	0.36813825500104025	1.0079802974427043	-64.8787207906812	1.0127360073132672	24.244889607220507	1.097258922453709	8.546654000136135	1.097258922453709	0.5517766764659353	1.097258922453709	0.024559853828572824	1.1739176950201968	NaN	NaN	800000009	800000009	800000009	800000009	800000009	810100019	899999999	899999999	89999	89999	89	89	41	25	5	11	3	8	0	NaN	0	0	0	0	0	0	0	0	0	NaN	NaN	NaN	NaN	0	0	0	0	0	0	0	0	18000	0	0	0	18000	18000	18000	18000	93	NaN	0.7745562539510447	0.7659752661428514	0.2572671695453605	0.16298314090767524	3.45875660934087	0.051127413266928184	4.383230765386265e-8	NaN	-0.058158019352197055	0.226978360820604	0.014653847641578078	0.000024559853828572823	NaN	409.34241484705547	14.457973095077755	95424.44888780382	11.463071775118511	11.696206418169904	95.89538371361627	95.7680494656033	96.02271366416083	-0.2546657815956407	0.00029353329440669364	-1	0	1.9675729788839817	56.696505144769766	1.0000410227825245	-273.1499938964844	9.000532435099284	-273.1499938964844	228
DATA	2025-04-05T193000_AIU-0547.ghg	2025-04-05	20:00:00	95.833	0	18000	18000	0.37097060427933926	1	NaN	-96.0059258073914	0	NaN	21.552064777974124	0	NaN	11.360996891970915	0	NaN	0.49014624641590043	0	NaN	0.00732431259097807	0	NaN	NaN	NaN	NaN	NaN	NaN	NaN	NaN	NaN	NaN	-3.1123348404221257e-12	-1.1252795015269836e-13	-1.5984748084551556e-14	NaN	15.59959171588757	410.69305995660955	416.8832777917593	0.1	1	564.0106765536061	14.848803405930598	15.072613683327873	0.1	1	0.08011848229238089	1.9877469410175612	2.017707482759736	0.7	0	NaN	NaN	NaN	NaN	9	300.0711098480225	298.479155017429	95049.60878797743	1.1031855636004329	1013.8002337829978	0.02610800535066263	0.031761476767750346	0.010248789149749304	1411.7515405577783	3220.9825353309957	0.009290177000051239	43.829841517992065	1809.2309947732174	285.26015708564887	-1.0730075811100779	0.39259426844788275	0.2608236900796757	1.1719660942384655	2.0114748849749444e-15	-1.9951386530535507e-16	1.1719660942384655	6.948986020925581	172.09666844975857	159.90333155024143	12.858983228200099	NaN	0.5798897919527978	0.7932632660429517	171.04353171885083	0.016954748132579568	-4.454604549328748	-0.1480306408280114	0	86.43028866734116	-13.11612975545679	29.66872121935833	73.87931079728624	112.67061047027445	158.0221332106413	236.74595095234727	0.3680225968559029	1.0080103978631254	-93.97478399029839	1.0129789808615786	19.601267595726785	1.0995240319392725	10.332649912101594	1.0995240319392725	0.44578038512847307	1.0995240319392725	0.032269287917468754	1.177843788677277	NaN	NaN	800000009	800000009	800000009	800000009	800000009	811100009	899999999	899999999	89999	89999	89	89	29	39	2	0	0	2	0	NaN	0	0	0	0	0	0	0	0	0	NaN	NaN	NaN	NaN	0	0	0	0	0	0	0	0	18000	0	0	0	18000	18000	18000	18000	93	NaN	0.8822138541704748	0.4473245406059238	0.256988137309505	0.23616270144772458	4.168771804043369	0.014065207943291863	5.12032011564553e-8	NaN	-0.08402535946920289	0.2738320481229403	0.011813906104550761	0.000032269287917468755	NaN	410.69275267218626	14.848779149767866	95431.70487391493	11.470000267028809	12.10271922140653	95.8903406469557	95.76041833941142	96.02026617156135	-0.25984777317444485	0.00029282009354857205	-1	0	1.975714748624298	53.3258544031261	1.000043970985545	-273.1499938964844	9.000550462563833	-273.1499938964844	234
DATA	2025-04-05T200000_AIU-0547.ghg	2025-04-05	20:30:00	95.854	0	18000	18000	0.32435334142975364	1	NaN	-121.15076102918682	0	NaN	29.74741809889575	0	NaN	14.304809010487272	0	NaN	0.6761408750032133	0	NaN	0.017924658387768945	0	NaN	NaN	NaN	NaN	NaN	NaN	NaN	NaN	NaN	NaN	-5.816532298263492e-11	-2.116734894549196e-12	-2.985948731871961e-13	NaN	15.64609871178921	411.04658115114273	417.2886701849104	0.1	1	569.3881063239847	14.958683232405166	15.185843454254249	0.1	1	0.0803201051959398	1.987504507777726	2.0176864400974632	0.4	0	NaN	NaN	NaN	NaN	9	299.5037966376411	297.88895873921706	95036.74486039155	1.1051754841143249	1013.845803489918	0.026059907739854032	0.04381392870020822	0.010343684987580665	1422.0058975450781	3109.7044740999	0.009359314548919783	45.72800757720478	1687.6985765548218	285.3701163529544	-0.9594378529059447	0.4287596513039238	0.2456997286085694	1.0792238826181093	4.795702788108741e-14	-3.717560783302985e-15	1.0792238826181093	5.910425168478546	176.07921438980094	155.9207856101991	13.159542544651012	NaN	0.5417433224759596	0.7110740937887883	110.50508493859792	0.026243136246729127	-4.072647939610062	-0.1995857035636522	0	86.17201898013225	-13.076936334012007	29.58006559333463	73.65854575316769	112.33392984855635	157.54993385153145	236.03851026641163	0.32166423328517074	1.0083599849355924	-118.39148828339731	1.013495038941169	26.978564461343403	1.102631614870381	12.973334718113323	1.102631614870381	0.6132065015047627	1.102631614870381	0.048113317358418985	1.1842828015813596	NaN	NaN	800000009	800000009	800000009	800000019	800000019	810100019	899999999	899999999	89999	89999	89	89	38	16	4	0	0	4	0	NaN	0	0	0	0	0	0	0	0	0	NaN	NaN	NaN	NaN	0	1	0	0	0	0	0	0	18000	0	0	0	18000	18000	18000	18000	93	NaN	0.6788350029620115	0.5173391599670308	0.2259740246485341	0.29594604675018327	4.275514375233133	0.011900329798838634	7.488888539273051e-8	NaN	-0.10566163574312544	0.3432193931848563	0.016222842308201896	0.00004811331735841898	NaN	411.04624551624386	14.958661519710843	95420.33076193577	11.476405358314514	12.213003504408729	95.9434065806071	95.81300278345745	96.0738131222195	-0.26081051644682895	0.00029242193088026	-1	0	1.9753666292760106	53.09513832775756	1.000064714613888	-283.445619328815	9.000596807824241	-273.1499938964844	240
DATA	2025-04-05T203000_AIU-0547.ghg	2025-04-05	21:00:00	95.874	0	18000	18000	0.24459143422667487	1	NaN	-76.69141015398952	0	NaN	22.615574644968756	0	NaN	8.42348818766416	0	NaN	0.5138287486285147	0	NaN	0.017497019856015962	0	NaN	NaN	NaN	NaN	NaN	NaN	NaN	NaN	NaN	NaN	-7.148304137150823e-12	-2.5733560182307373e-13	-3.6785840447845075e-14	NaN	15.703182760601322	411.890324618055	418.08969966003167	0.1	1	565.3072265399885	14.82785882316076	15.051033421883117	0.1	1	0.08081004451848543	1.9956965619420193	2.0257338575957458	0.4	0	NaN	NaN	NaN	NaN	9	299.0006878136529	297.46868300543895	95033.28859570312	1.1067517292383595	1013.7618812571548	0.026024087633425765	0.03329610291112775	0.010267334799022707	1409.5181737359128	3032.5224879617986	0.009276999102669978	46.480056762357925	1623.0043142258858	285.2361151287407	-0.836564270752251	0.41392713411878695	0.2621002552067905	0.9694699558204513	-1.2319812977392544e-14	-4.552137134317536e-16	0.9694699558204513	6.253701714441213	178.32593753376034	153.6740624662397	15.685343721632455	NaN	0.4701057002252924	0.6080254564085438	114.06224479000346	0.02542471442096464	-3.3910882813252288	-0.14540021201239703	0	81.71393583008472	-12.400405016597425	28.04974991128766	69.84784332834795	106.52236820983076	149.3991360205493	223.82712984577157	0.24247778316571703	1.008716885453845	-74.71673616127977	1.0135968534233204	20.53055667493591	1.1015568161665228	7.64689398135482	1.1015568161665228	0.4664568736605584	1.1015568161665228	0.035842758621550896	1.1834014559269561	NaN	NaN	800000009	800000009	800000009	800000009	800000009	810100009	899999999	899999999	89999	89999	89	89	27	31	8	0	2	1	0	NaN	0	0	0	0	0	0	0	0	0	NaN	NaN	NaN	NaN	0	0	0	0	0	0	0	0	18000	0	0	0	18000	18000	18000	18000	93	NaN	0.48394232375496893	0.537779520428075	0.19432906863404378	0.30759360592966056	5.322416105449194	0.021600465626570524	9.676249591311274e-8	NaN	-0.0665934823723814	0.20199946203563804	0.012321870523117211	0.00003584275862155089	NaN	411.8897618623805	14.827832654818112	95418.25635264757	11.479999542236328	12.078973870171426	95.95806507237752	95.8261158703698	96.09001136059231	-0.26389950785371963	0.00029176273587897103	-1	0	1.9836019933488638	52.616943888968024	1.0000655984315607	-512.6948789554108	9.00048570532269	-413.0493747711134	150
DATA	2025-04-05T210000_AIU-0547.ghg	2025-04-05	21:30:00	95.895	0	18000	18000	0.2946488610594146	1	NaN	-87.73458928625237	1	NaN	21.508556853010607	1	NaN	10.122463324707624	1	NaN	0.48878505230910496	1	NaN	0.002738466496840766	1	NaN	NaN	NaN	NaN	NaN	NaN	NaN	NaN	NaN	NaN	1.6090435434223928e-10	5.829117633271495e-12	8.314897694878284e-13	NaN	15.623432414941806	409.76755557837413	415.9421079711608	0.3	0	565.9935416567877	14.844739867536491	15.068426742745581	0.8	0	0.08073569090416102	1.9959265367845347	2.0260020095879745	-0.1	0	NaN	NaN	NaN	NaN	9	299.21523957061765	297.69616518995497	95042.77048654514	1.106009254975406	1013.7772390653571	0.02604139067831223	0.03167327138963	0.010272193996887138	1411.2636591833063	3074.0885310524964	0.009287620289502512	45.90836096383088	1662.82487186919	285.2549079529988	-1.524148326813572	0.17325136359786564	0.20473186661028017	1.5475656025910556	1.064097167410472e-14	1.0298911920811648e-14	1.5475656025910556	5.925291568475581	158.48502915978358	173.51497084021648	7.602107600522651	NaN	0.5161465190956513	0.7545780455837343	131.97296551791237	0.021974197432173256	-4.079055135397052	-0.1515990734821747	0	87.04184321824769	-13.208935517949413	29.878648106807585	74.40205842930926	113.46783359250324	159.1402499750186	238.4210936129353	0.29247624187931953	1.0074283612444377	-85.7684183761217	1.0131578244033868	19.463186320668655	1.105089192419121	9.159860936246071	1.105089192419121	0.4423037123719568	1.105089192419121	0.02586064268609984	1.1833912535979942	NaN	NaN	800000009	800000009	800000009	800000009	800000009	800000019	899999999	899999999	89999	89999	89	89	12	21	2	2	5	1	0	NaN	0	0	0	0	0	0	0	0	0	NaN	NaN	NaN	NaN	0	0	0	0	0	0	0	0	18000	0	0	0	18000	18000	18000	18000	93	NaN	0.9300274313419783	0.37909049322736027	0.20003816659813003	0.2972450507998099	5.003653249182106	0.015921149283163072	4.8390656884757163e-8	NaN	-0.07649377674688539	0.2421308508460775	0.011691812239770843	0.00002586064268609984	NaN	409.7672809470048	14.844718501906014	95432.0248485243	11.479999542236328	12.098568903949536	95.9144073147244	95.77854542753431	96.05026429918078	-0.2717138025156325	0.0002916623404501782	-1	0	1.9838263739877275	52.51828799242442	1.0000750957247284	-472.6025022718611	9.000506720551739	-362.1768726348872	112
DATA	2025-04-05T213000_AIU-0547.ghg	2025-04-05	22:00:00	95.916	0	18000	18000	0.23280434927423954	1	NaN	-100.87322541051293	1	NaN	23.0503357211995	1	NaN	12.764847386969224	1	NaN	0.5235010380103345	1	NaN	0.01578035878991805	1	NaN	NaN	NaN	NaN	NaN	NaN	NaN	NaN	NaN	NaN	-9.881264144819636e-13	-3.6191329592730024e-14	-5.097375936487189e-15	NaN	15.710998323146399	411.6475143574953	417.9489685658873	0.3	0	575.4343879592734	15.077089985445497	15.307888396283419	0.1	1	0.08104718547837061	1.9980494445720256	2.0286353624797906	0	0	NaN	NaN	NaN	NaN	9	298.5726942104763	297.0640508319436	95039.21727790656	1.1082233397971026	1013.8904593627606	0.025987067121931388	0.03392286726306968	0.01045478371676358	1433.299195280081	2959.798180355094	0.00943382379825864	48.4255718782868	1526.4989850750128	285.4904119274866	-1.1470664978104756	0.24766104427875618	0.2250878446678641	1.1948899870153955	6.779327302377212e-15	-6.289392909082014e-17	1.1948899870153955	4.5166725271998125	164.18360692922298	167.81639307077702	10.857987872921875	NaN	0.4583338136721265	0.5169197828307265	80.3720667834043	0.03608218770602536	-4.376215020492711	-0.1958734984307515	0	86.6636299794272	-13.15154019980239	29.74881974088341	74.07876744128522	112.97479443733093	158.44875554952907	237.38510895676976	0.2309140476042544	1.0081861700905472	-98.65322605686603	1.0138667669848547	20.812116117538267	1.1075440666879186	11.525362981847001	1.1075440666879186	0.472668360344208	1.1075440666879186	0.04085281214529549	1.1917673299292224	NaN	NaN	800000009	800000009	800000009	800000019	800000019	801011019	899999999	899999999	89999	89999	89	89	22	22	6	0	0	0	0	NaN	0	0	0	0	0	0	0	0	0	NaN	NaN	NaN	NaN	0	17	0	0	0	0	0	0	17801	0	0	0	18000	18000	18000	18000	93	NaN	0.5819524685080032	0.2924245616161034	0.15946253553734632	0.39114150524550145	7.006632056003312	0.013187154124226634	1.083953592455265e-7	NaN	-0.08779968602959934	0.3040965015807666	0.012471346456938766	0.000040852812145295494	NaN	411.6470823648829	15.077068604060727	95424.54449262153	11.476927542686465	12.333455289310878	95.89653604740566	95.75745877965291	96.03560983276367	-0.27815061002804176	0.00029134423984538045	-1	0	1.9856911890274946	51.71763279119594	1.0000750839644008	-316.270495707206	9.00066539282269	-282.8803693050778	093
DATA	2025-04-05T220000_AIU-0547.ghg	2025-04-05	22:30:00	95.937	0	18000	18000	0.27849607693758005	1	NaN	-99.08211812887558	1	NaN	27.47075351398395	1	NaN	11.956852926831532	1	NaN	0.6239258689383375	1	NaN	0.013527518875361041	1	NaN	NaN	NaN	NaN	NaN	NaN	NaN	NaN	NaN	NaN	-5.038693759982022e-12	-1.8536085857533056e-13	-2.6124350722425122e-14	NaN	15.652974184721261	409.98737478676566	416.2656614052547	0.1	1	575.833514070871	15.082403379837848	15.313365739016687	0.1	1	0.08115670587056747	2.001276897870228	2.0319231829523594	-0.2	0	NaN	NaN	NaN	NaN	9	298.6154216003418	297.11658124840494	95017.43679770867	1.1077712360632819	1013.894739245588	0.025997620434219163	0.04043039630720426	0.0104542226950766	1433.4757214746528	2969.1526142567727	0.009437167489768075	48.27895051913575	1535.67689278212	285.49228564534894	-1.6491513682242762	0.029823722619656923	0.2013317352031092	1.6616630697427142	-3.285162063061521e-14	-3.2190008751820785e-16	1.6616630697427142	6.890529161780053	153.036040247781	178.9639597522193	6.95921529077498	NaN	0.5014001953055002	0.7914831490291087	107.10837893933099	0.027075379430797252	-3.6068219999294144	-0.17594131332311772	0	87.52262685900317	-13.281896290309215	30.043685572542586	74.81302505419623	114.09458362589181	160.01927580839717	239.73803449081527	0.27644930321718947	1.0074037941010203	-96.66522252973213	1.01346124096729	24.781283197075144	1.1085282911106973	10.786240660444745	1.1085282911106973	0.5628416287988381	1.1085282911106973	0.03827952618664106	1.1878971317810383	NaN	NaN	800000009	800000009	800000009	800000019	800100019	800100019	899999999	899999999	89999	89999	89	89	15	16	12	0	5	2	0	NaN	0	0	0	0	0	0	0	0	0	NaN	NaN	NaN	NaN	0	0	0	0	0	0	101	0	17401	0	0	11	18000	18000	18000	18000	93	NaN	0.9880646772964831	0.40871211645848604	0.18618950430324824	0.3845267749083046	6.680712754596222	0.01664831176214913	9.112750218733894e-8	NaN	-0.08606514428275445	0.284711881909831	0.014856677539207093	0.000038279526186641056	NaN	409.9868755305605	15.082381584186138	95406.12402387153	11.470000267028809	12.335857407066559	95.86912455410427	95.72715291807387	96.01109564463297	-0.28394216507673214	0.0002910819116417163	-1	0	1.9889152286615637	54.62487169747259	1.0000746768216293	-273.1499938964844	9.000780765374502	-273.1499938964844	246
DATA	2025-04-05T223000_AIU-0547.ghg	2025-04-05	23:00:00	95.958	0	18000	18000	0.2754725134201756	1	NaN	-83.90747446698842	1	NaN	18.81496105669062	1	NaN	10.080506271366396	1	NaN	0.4272019348039726	1	NaN	0.009822108186126714	1	NaN	NaN	NaN	NaN	NaN	NaN	NaN	NaN	NaN	NaN	3.437674512815818e-11	1.2830780436376485e-12	1.7769374003405502e-13	NaN	15.658728609220717	409.884764729898	416.2528268453983	0.2	0	584.4465726720255	15.298543829146183	15.536225455212245	0.1	1	0.08094012508681515	1.9932888451016142	2.024257029996473	-0.2	0	NaN	NaN	NaN	NaN	9	298.3381122639974	296.8019216105143	94997.5591267361	1.1086225330885648	1014.0073626266907	0.025975521886596888	0.027682685375297424	0.01061305970013712	1453.7141608269424	2913.502540046415	0.009573195008556867	49.89575745500407	1459.7883792194727	285.7057702142426	-1.5338686675529132	0.05132855811499946	0.18373516005189036	1.5456863586180638	-9.262762659770321e-15	2.1953726886814595e-15	1.5456863586180638	7.0687421219496205	153.91660003280427	178.08339996719573	6.8268700099628985	NaN	0.4984794797898536	0.8057237940412334	124.2665096119748	0.023336939365685257	-4.4596145702438665	-0.14973680236943257	0	91.82533505415795	-13.934848858878409	31.520666060501224	78.4909153044921	119.70359831852382	167.88599866753515	251.52381883839536	0.27343478405147337	1.0074523414267536	-82.13898919775737	1.0132265306517445	17.01685784445058	1.1056659947844851	9.117135119391344	1.1056659947844851	0.38637521350852627	1.1056659947844851	0.031247612113527713	1.1844093751636222	NaN	NaN	800000009	800000009	800000009	800000009	800000009	801100019	899999999	899999999	89999	89999	89	89	18	39	16	0	0	1	0	NaN	0	0	0	0	0	0	0	0	0	NaN	NaN	NaN	NaN	0	0	0	0	0	0	0	0	16902	0	0	0	18000	18000	18000	18000	93	NaN	1.016483130707091	0.4317437244616963	0.16322073291367942	0.3584640303288306	6.494890647607566	0.014881922369910575	9.655321239150009e-8	NaN	-0.07306754979751517	0.2405026704255214	0.010192266476054503	0.00003124761211352771	NaN	409.88442710505973	15.2985232257467	95386.10126475696	11.476405358314514	12.549382365783076	95.85362080701192	95.70699361186557	96.00024350251091	-0.2932523424186635	0.00029060765467066725	-1	0	1.9808069732288522	53.7677501059638	1.000074926773707	-273.1499938964844	9.000808626439836	-273.1499938964844	095
DATA	2025-04-05T230000_AIU-0547.ghg	2025-04-05	23:30:00	95.979	0	18000	18000	0.291825186791261	1	NaN	-43.99338010226192	1	NaN	7.634616685279158	1	NaN	4.328363484479026	1	NaN	0.17335437775191873	1	NaN	0.009056403877551309	1	NaN	NaN	NaN	NaN	NaN	NaN	NaN	NaN	NaN	NaN	6.738949261914492e-11	2.5643232115134724e-12	3.494612214990595e-13	NaN	15.60498930104696	408.4406586253016	414.88890112649943	0.3	0	593.8052762356866	15.54209448285947	15.787464751674815	0.1	1	0.08092268409622017	1.9934596128238504	2.0249312861951942	-0.1	0	NaN	NaN	NaN	NaN	9	298.39960569593643	296.8439246281753	94987.67882923636	1.1082477116254827	1014.1444796761381	0.025981900176710423	0.011233363678324332	0.010779371234396026	1476.7034829247634	2920.878044926252	0.00972649988023505	50.55683463025407	1444.1745620014888	285.9451232484969	-1.8815998140504748	0.08853352654476168	0.15278944872243969	1.889867895171021	-1.584531753594808e-14	4.318458110998107e-15	1.889867895171021	6.9847517916469375	154.6939091456155	177.3060908543845	4.637231648779926	NaN	0.5131483827154144	0.9209123606535767	258.54771070985015	0.011216498463815313	-5.7623561097819955	-0.07627947447284773	0	90.63377932744363	-13.754025680298097	31.111643538208355	77.47239139090165	118.15028508530096	165.70745477189385	248.25996310005058	0.2898026489891514	1.0069790176493014	-43.2146148478557	1.0128117319316485	6.914221715426381	1.1041903195330716	3.919943335773274	1.1041903195330716	0.15699682806966195	1.1041903195330716	0.02010474654018238	1.1777916025162307	NaN	NaN	800000009	800000009	800000009	800000019	800000019	800101119	899999999	899999999	89999	89999	89	89	35	34	8	7	21	10	0	NaN	0	0	0	0	0	0	0	0	0	NaN	NaN	NaN	NaN	0	4	0	0	0	0	0	0	18000	0	0	0	18000	18000	18000	18000	93	NaN	1.244275531780581	0.41883963927207285	0.17870955025449983	0.12344204466673962	2.4134794208424166	0.008049658156039273	3.106437059266979e-8	NaN	-0.038449790027254176	0.10345592958891575	0.004143491729135928	0.00002010474654018238	NaN	408.4404423688197	15.542077588348873	95377.84303059896	11.479999542236328	12.789207452429679	95.83285705184936	95.6822693593767	95.98344302113851	-0.30118053423778807	0.00029125006563198347	-1	0	1.9807892749408877	51.64372013197272	1.0000615521040228	-273.1499938964844	9.000771684063805	-273.1499938964844	061
